Id,IndicatorCode,SpatialDimension,SpatialDimensionValueCode,ParentLocationCode,ParentLocation,TimeDimension,TimeDim,DisaggregatingDimension1,DisaggregatingDimension1ValueCode,DisaggregatingDimension2,DisaggregatingDimension2ValueCode,DisaggregatingDimension3,DisaggregatingDimension3ValueCode,DataSourceDimension,DataSourceDimensionValueCode,Value,NumericValue,Low,High,Comments,Date,TimeDimensionValue,TimeDimensionBegin,TimeDimensionEnd
1673,TB_1,COUNTRY,CUB,AMR,Americas,YEAR,2019,,,,,,,,,83 [69-100],83,69,100,,2025-11-11T16:20:50Z,2019,2019-01-01,2019-12-31
4135,TB_1,COUNTRY,TJK,EUR,Europe,YEAR,2008,,,,,,,,,45 [38-56],45,38,56,,2025-11-11T16:20:50Z,2008,2008-01-01,2008-12-31
8466,TB_1,COUNTRY,MDV,SEAR,South-East Asia,YEAR,2012,,,,,,,,,58 [48-71],58,48,71,,2025-11-11T16:20:50Z,2012,2012-01-01,2012-12-31
10366,TB_1,COUNTRY,IND,SEAR,South-East Asia,YEAR,2002,,,,,,,,,30 [15-88],30,15,88,,2025-11-11T16:20:50Z,2002,2002-01-01,2002-12-31
10390,TB_1,COUNTRY,NOR,EUR,Europe,YEAR,2021,,,,,,,,,88 [73-110],88,73,110,,2025-11-11T16:20:50Z,2021,2021-01-01,2021-12-31
11063,TB_1,COUNTRY,SLV,AMR,Americas,YEAR,2014,,,,,,,,,74 [62-91],74,62,91,,2025-11-11T16:20:50Z,2014,2014-01-01,2014-12-31
16013,TB_1,COUNTRY,ATG,AMR,Americas,YEAR,2016,,,,,,,,,100 [83-120],100,83,120,,2025-11-11T16:20:50Z,2016,2016-01-01,2016-12-31
17698,TB_1,COUNTRY,ROU,EUR,Europe,YEAR,2024,,,,,,,,,74 [61-91],74,61,91,,2025-11-11T16:20:50Z,2024,2024-01-01,2024-12-31
17825,TB_1,COUNTRY,BDI,AFR,Africa,YEAR,2022,,,,,,,,,64 [34-100],64,34,100,,2025-11-11T16:20:50Z,2022,2022-01-01,2022-12-31
19937,TB_1,COUNTRY,GIN,AFR,Africa,YEAR,2007,,,,,,,,,53 [23-96],53,23,96,,2025-11-11T16:20:50Z,2007,2007-01-01,2007-12-31
24635,TB_1,COUNTRY,PNG,WPR,Western Pacific,YEAR,2019,,,,,,,,,52 [25-88],52,25,88,,2025-11-11T16:20:50Z,2019,2019-01-01,2019-12-31
30202,TB_1,COUNTRY,TLS,SEAR,South-East Asia,YEAR,2019,,,,,,,,,83 [46-130],83,46,130,,2025-11-11T16:20:50Z,2019,2019-01-01,2019-12-31
34968,TB_1,COUNTRY,ISL,EUR,Europe,YEAR,2024,,,,,,,,,67 [56-83],67,56,83,,2025-11-11T16:20:50Z,2024,2024-01-01,2024-12-31
35764,TB_1,COUNTRY,NAM,AFR,Africa,YEAR,2017,,,,,,,,,61 [44-90],61,44,90,,2025-11-11T16:20:50Z,2017,2017-01-01,2017-12-31
37581,TB_1,COUNTRY,JPN,WPR,Western Pacific,YEAR,2006,,,,,,,,,74 [62-91],74,62,91,,2025-11-11T16:20:50Z,2006,2006-01-01,2006-12-31
41104,TB_1,COUNTRY,KAZ,EUR,Europe,YEAR,2009,,,,,,,,,99 [82-120],99,82,120,,2025-11-11T16:20:50Z,2009,2009-01-01,2009-12-31
45536,TB_1,COUNTRY,GBR,EUR,Europe,YEAR,2013,,,,,,,,,89 [83-96],89,83,96,,2025-11-11T16:20:50Z,2013,2013-01-01,2013-12-31
49072,TB_1,WORLDBANKINCOMEGROUP,WB_LI,,,YEAR,2011,,,,,,,,,46 [37-58],46,37,58,,2025-11-11T16:20:50Z,2011,2011-01-01,2011-12-31
49219,TB_1,COUNTRY,AZE,EUR,Europe,YEAR,2000,,,,,,,,,35 [29-43],35,29,43,,2025-11-11T16:20:50Z,2000,2000-01-01,2000-12-31
49479,TB_1,COUNTRY,AUS,WPR,Western Pacific,YEAR,2020,,,,,,,,,87 [72-110],87,72,110,,2025-11-11T16:20:50Z,2020,2020-01-01,2020-12-31
51478,TB_1,REGION,SEAR,,,YEAR,2018,,,,,,,,,68 [62-75],68,62,75,,2025-11-11T16:20:50Z,2018,2018-01-01,2018-12-31
51879,TB_1,COUNTRY,URY,AMR,Americas,YEAR,2005,,,,,,,,,67 [55-82],67,55,82,,2025-11-11T16:20:50Z,2005,2005-01-01,2005-12-31
53018,TB_1,COUNTRY,BFA,AFR,Africa,YEAR,2001,,,,,,,,,22 [11-35],22,11,35,,2025-11-11T16:20:50Z,2001,2001-01-01,2001-12-31
53219,TB_1,COUNTRY,FSM,WPR,Western Pacific,YEAR,2012,,,,,,,,,44 [36-54],44,36,54,,2025-11-11T16:20:50Z,2012,2012-01-01,2012-12-31
54878,TB_1,COUNTRY,FRA,EUR,Europe,YEAR,2001,,,,,,,,,83 [79-86],83,79,86,,2025-11-11T16:20:50Z,2001,2001-01-01,2001-12-31
55956,TB_1,COUNTRY,MDG,AFR,Africa,YEAR,2015,,,,,,,,,53 [25-91],53,25,91,,2025-11-11T16:20:50Z,2015,2015-01-01,2015-12-31
56348,TB_1,COUNTRY,NLD,EUR,Europe,YEAR,2016,,,,,,,,,87 [75-100],87,75,100,,2025-11-11T16:20:50Z,2016,2016-01-01,2016-12-31
57063,TB_1,COUNTRY,BIH,EUR,Europe,YEAR,2023,,,,,,,,,70 [58-86],70,58,86,,2025-11-11T16:20:50Z,2023,2023-01-01,2023-12-31
60171,TB_1,COUNTRY,ZAF,AFR,Africa,YEAR,2000,,,,,,,,,42 [26-77],42,26,77,,2025-11-11T16:20:50Z,2000,2000-01-01,2000-12-31
62460,TB_1,COUNTRY,CAF,AFR,Africa,YEAR,2018,,,,,,,,,47 [25-76],47,25,76,,2025-11-11T16:20:50Z,2018,2018-01-01,2018-12-31
64855,TB_1,COUNTRY,GBR,EUR,Europe,YEAR,2023,,,,,,,,,89 [83-96],89,83,96,,2025-11-11T16:20:50Z,2023,2023-01-01,2023-12-31
66830,TB_1,COUNTRY,DMA,AMR,Americas,YEAR,2017,,,,,,,,,100 [83-120],100,83,120,,2025-11-11T16:20:50Z,2017,2017-01-01,2017-12-31
67192,TB_1,COUNTRY,CIV,AFR,Africa,YEAR,2009,,,,,,,,,48 [22-83],48,22,83,,2025-11-11T16:20:50Z,2009,2009-01-01,2009-12-31
68468,TB_1,WORLDBANKINCOMEGROUP,WB_LMI,,,YEAR,2023,,,,,,,,,77 [70-86],77,70,86,,2025-11-11T16:20:50Z,2023,2023-01-01,2023-12-31
68571,TB_1,COUNTRY,BRB,AMR,Americas,YEAR,2012,,,,,,,,,100 [83-120],100,83,120,,2025-11-11T16:20:50Z,2012,2012-01-01,2012-12-31
72446,TB_1,COUNTRY,NLD,EUR,Europe,YEAR,2000,,,,,,,,,87 [75-100],87,75,100,,2025-11-11T16:20:50Z,2000,2000-01-01,2000-12-31
74168,TB_1,COUNTRY,MAC,,,YEAR,2007,,,,,,,,,51 [42-62],51,42,62,,2025-11-11T16:20:50Z,2007,2007-01-01,2007-12-31
77004,TB_1,COUNTRY,PER,AMR,Americas,YEAR,2002,,,,,,,,,45 [37-55],45,37,55,,2025-11-11T16:20:50Z,2002,2002-01-01,2002-12-31
85728,TB_1,COUNTRY,FJI,WPR,Western Pacific,YEAR,2008,,,,,,,,,48 [40-59],48,40,59,,2025-11-11T16:20:50Z,2008,2008-01-01,2008-12-31
90738,TB_1,COUNTRY,NER,AFR,Africa,YEAR,2015,,,,,,,,,53 [25-90],53,25,90,,2025-11-11T16:20:50Z,2015,2015-01-01,2015-12-31
94117,TB_1,COUNTRY,CHE,EUR,Europe,YEAR,2004,,,,,,,,,77 [64-95],77,64,95,,2025-11-11T16:20:50Z,2004,2004-01-01,2004-12-31
95127,TB_1,COUNTRY,QAT,EMR,Eastern Mediterranean,YEAR,2018,,,,,,,,,72 [60-89],72,60,89,,2025-11-11T16:20:50Z,2018,2018-01-01,2018-12-31
100837,TB_1,COUNTRY,GEO,EUR,Europe,YEAR,2022,,,,,,,,,70 [58-86],70,58,86,,2025-11-11T16:20:50Z,2022,2022-01-01,2022-12-31
105959,TB_1,COUNTRY,SYR,EMR,Eastern Mediterranean,YEAR,2023,,,,,,,,,62 [52-77],62,52,77,,2025-11-11T16:20:50Z,2023,2023-01-01,2023-12-31
106176,TB_1,COUNTRY,SWZ,AFR,Africa,YEAR,2013,,,,,,,,,57 [23-300],57,23,300,,2025-11-11T16:20:50Z,2013,2013-01-01,2013-12-31
106929,TB_1,COUNTRY,MUS,AFR,Africa,YEAR,2023,,,,,,,,,65 [54-80],65,54,80,,2025-11-11T16:20:50Z,2023,2023-01-01,2023-12-31
111061,TB_1,COUNTRY,KAZ,EUR,Europe,YEAR,2019,,,,,,,,,99 [82-120],99,82,120,,2025-11-11T16:20:50Z,2019,2019-01-01,2019-12-31
111104,TB_1,COUNTRY,ITA,EUR,Europe,YEAR,2011,,,,,,,,,80 [66-98],80,66,98,,2025-11-11T16:20:50Z,2011,2011-01-01,2011-12-31
111209,TB_1,COUNTRY,ZMB,AFR,Africa,YEAR,2003,,,,,,,,,79 [52-130],79,52,130,,2025-11-11T16:20:50Z,2003,2003-01-01,2003-12-31
111469,TB_1,COUNTRY,SUR,AMR,Americas,YEAR,2024,,,,,,,,,61 [51-75],61,51,75,,2025-11-11T16:20:50Z,2024,2024-01-01,2024-12-31
112368,TB_1,COUNTRY,IND,SEAR,South-East Asia,YEAR,2016,,,,,,,,,58 [50-69],58,50,69,,2025-11-11T16:20:50Z,2016,2016-01-01,2016-12-31
113811,TB_1,COUNTRY,COK,WPR,Western Pacific,YEAR,2002,,,,,,,,,100 [83-120],100,83,120,,2025-11-11T16:20:50Z,2002,2002-01-01,2002-12-31
113861,TB_1,COUNTRY,JPN,WPR,Western Pacific,YEAR,2013,,,,,,,,,81 [68-100],81,68,100,,2025-11-11T16:20:50Z,2013,2013-01-01,2013-12-31
114681,TB_1,COUNTRY,TON,WPR,Western Pacific,YEAR,2010,,,,,,,,,100 [83-120],100,83,120,,2025-11-11T16:20:50Z,2010,2010-01-01,2010-12-31
114727,TB_1,COUNTRY,ISR,EUR,Europe,YEAR,2014,,,,,,,,,81 [67-100],81,67,100,,2025-11-11T16:20:50Z,2014,2014-01-01,2014-12-31
117617,TB_1,COUNTRY,TLS,SEAR,South-East Asia,YEAR,2007,,,,,,,,,39 [13-76],39,13,76,,2025-11-11T16:20:50Z,2007,2007-01-01,2007-12-31
118076,TB_1,COUNTRY,GHA,AFR,Africa,YEAR,2019,,,,,,,,,33 [19-67],33,19,67,,2025-11-11T16:20:50Z,2019,2019-01-01,2019-12-31
118270,TB_1,COUNTRY,EST,EUR,Europe,YEAR,2003,,,,,,,,,55 [45-67],55,45,67,,2025-11-11T16:20:50Z,2003,2003-01-01,2003-12-31
121520,TB_1,COUNTRY,GUY,AMR,Americas,YEAR,2012,,,,,,,,,68 [56-83],68,56,83,,2025-11-11T16:20:50Z,2012,2012-01-01,2012-12-31
123095,TB_1,COUNTRY,SDN,EMR,Eastern Mediterranean,YEAR,2005,,,,,,,,,50 [20-240],50,20,240,,2025-11-11T16:20:50Z,2005,2005-01-01,2005-12-31
124617,TB_1,COUNTRY,BRN,WPR,Western Pacific,YEAR,2008,,,,,,,,,64 [53-79],64,53,79,,2025-11-11T16:20:50Z,2008,2008-01-01,2008-12-31
126977,TB_1,COUNTRY,SEN,AFR,Africa,YEAR,2018,,,,,,,,,57 [29-93],57,29,93,,2025-11-11T16:20:50Z,2018,2018-01-01,2018-12-31
133670,TB_1,COUNTRY,VEN,AMR,Americas,YEAR,2009,,,,,,,,,63 [53-78],63,53,78,,2025-11-11T16:20:50Z,2009,2009-01-01,2009-12-31
136218,TB_1,COUNTRY,ARM,EUR,Europe,YEAR,2013,,,,,,,,,61 [50-75],61,50,75,,2025-11-11T16:20:50Z,2013,2013-01-01,2013-12-31
140335,TB_1,COUNTRY,UGA,AFR,Africa,YEAR,2012,,,,,,,,,63 [45-97],63,45,97,,2025-11-11T16:20:50Z,2012,2012-01-01,2012-12-31
143242,TB_1,COUNTRY,SGP,WPR,Western Pacific,YEAR,2002,,,,,,,,,59 [49-72],59,49,72,,2025-11-11T16:20:50Z,2002,2002-01-01,2002-12-31
147996,TB_1,COUNTRY,KWT,EMR,Eastern Mediterranean,YEAR,2019,,,,,,,,,77 [64-94],77,64,94,,2025-11-11T16:20:50Z,2019,2019-01-01,2019-12-31
149167,TB_1,COUNTRY,RUS,EUR,Europe,YEAR,2015,,,,,,,,,100 [65-190],100,65,190,,2025-11-11T16:20:50Z,2015,2015-01-01,2015-12-31
150345,TB_1,COUNTRY,CZE,EUR,Europe,YEAR,2004,,,,,,,,,75 [62-92],75,62,92,,2025-11-11T16:20:50Z,2004,2004-01-01,2004-12-31
153688,TB_1,COUNTRY,NLD,EUR,Europe,YEAR,2015,,,,,,,,,87 [75-100],87,75,100,,2025-11-11T16:20:50Z,2015,2015-01-01,2015-12-31
155186,TB_1,COUNTRY,PRT,EUR,Europe,YEAR,2023,,,,,,,,,88 [73-110],88,73,110,,2025-11-11T16:20:50Z,2023,2023-01-01,2023-12-31
155418,TB_1,COUNTRY,STP,AFR,Africa,YEAR,2012,,,,,,,,,46 [38-57],46,38,57,,2025-11-11T16:20:50Z,2012,2012-01-01,2012-12-31
156360,TB_1,COUNTRY,BOL,AMR,Americas,YEAR,2018,,,,,,,,,67 [56-82],67,56,82,,2025-11-11T16:20:50Z,2018,2018-01-01,2018-12-31
164615,TB_1,COUNTRY,IND,SEAR,South-East Asia,YEAR,2013,,,,,,,,,39 [25-68],39,25,68,,2025-11-11T16:20:50Z,2013,2013-01-01,2013-12-31
168867,TB_1,COUNTRY,LSO,AFR,Africa,YEAR,2013,,,,,,,,,49 [29-100],49,29,100,,2025-11-11T16:20:50Z,2013,2013-01-01,2013-12-31
172156,TB_1,COUNTRY,NAM,AFR,Africa,YEAR,2002,,,,,,,,,59 [32-150],59,32,150,,2025-11-11T16:20:50Z,2002,2002-01-01,2002-12-31
177195,TB_1,COUNTRY,GAB,AFR,Africa,YEAR,2014,,,,,,,,,58 [29-96],58,29,96,,2025-11-11T16:20:50Z,2014,2014-01-01,2014-12-31
177281,TB_1,COUNTRY,MUS,AFR,Africa,YEAR,2007,,,,,,,,,49 [40-60],49,40,60,,2025-11-11T16:20:50Z,2007,2007-01-01,2007-12-31
181422,TB_1,COUNTRY,MDA,EUR,Europe,YEAR,2024,,,,,,,,,99 [82-120],99,82,120,,2025-11-11T16:20:50Z,2024,2024-01-01,2024-12-31
183974,TB_1,COUNTRY,HUN,EUR,Europe,YEAR,2009,,,,,,,,,70 [58-86],70,58,86,,2025-11-11T16:20:50Z,2009,2009-01-01,2009-12-31
184614,TB_1,REGION,EUR,,,YEAR,2005,,,,,,,,,68 [58-81],68,58,81,,2025-11-11T16:20:50Z,2005,2005-01-01,2005-12-31
185846,TB_1,COUNTRY,FRA,EUR,Europe,YEAR,2023,,,,,,,,,83 [79-86],83,79,86,,2025-11-11T16:20:50Z,2023,2023-01-01,2023-12-31
187957,TB_1,COUNTRY,MDG,AFR,Africa,YEAR,2023,,,,,,,,,68 [36-110],68,36,110,,2025-11-11T16:20:50Z,2023,2023-01-01,2023-12-31
190440,TB_1,COUNTRY,GNQ,AFR,Africa,YEAR,2004,,,,,,,,,20 [10-33],20,10,33,,2025-11-11T16:20:50Z,2004,2004-01-01,2004-12-31
193326,TB_1,COUNTRY,GNB,AFR,Africa,YEAR,2002,,,,,,,,,50 [20-93],50,20,93,,2025-11-11T16:20:50Z,2002,2002-01-01,2002-12-31
194035,TB_1,COUNTRY,MAR,EMR,Eastern Mediterranean,YEAR,2014,,,,,,,,,89 [74-110],89,74,110,,2025-11-11T16:20:50Z,2014,2014-01-01,2014-12-31
194208,TB_1,COUNTRY,CIV,AFR,Africa,YEAR,2011,,,,,,,,,49 [23-84],49,23,84,,2025-11-11T16:20:50Z,2011,2011-01-01,2011-12-31
194789,TB_1,COUNTRY,LKA,SEAR,South-East Asia,YEAR,2019,,,,,,,,,65 [36-100],65,36,100,,2025-11-11T16:20:50Z,2019,2019-01-01,2019-12-31
197069,TB_1,COUNTRY,NOR,EUR,Europe,YEAR,2004,,,,,,,,,79 [65-97],79,65,97,,2025-11-11T16:20:50Z,2004,2004-01-01,2004-12-31
198110,TB_1,COUNTRY,KGZ,EUR,Europe,YEAR,2003,,,,,,,,,45 [37-55],45,37,55,,2025-11-11T16:20:50Z,2003,2003-01-01,2003-12-31
199638,TB_1,COUNTRY,ITA,EUR,Europe,YEAR,2006,,,,,,,,,76 [63-93],76,63,93,,2025-11-11T16:20:50Z,2006,2006-01-01,2006-12-31
204052,TB_1,COUNTRY,MLI,AFR,Africa,YEAR,2016,,,,,,,,,58 [29-97],58,29,97,,2025-11-11T16:20:50Z,2016,2016-01-01,2016-12-31
204254,TB_1,COUNTRY,CPV,AFR,Africa,YEAR,2007,,,,,,,,,53 [44-65],53,44,65,,2025-11-11T16:20:50Z,2007,2007-01-01,2007-12-31
210009,TB_1,COUNTRY,YEM,EMR,Eastern Mediterranean,YEAR,2019,,,,,,,,,74 [64-88],74,64,88,,2025-11-11T16:20:50Z,2019,2019-01-01,2019-12-31
210385,TB_1,COUNTRY,LVA,EUR,Europe,YEAR,2014,,,,,,,,,65 [54-80],65,54,80,,2025-11-11T16:20:50Z,2014,2014-01-01,2014-12-31
212618,TB_1,COUNTRY,ZWE,AFR,Africa,YEAR,2004,,,,,,,,,75 [37-220],75,37,220,,2025-11-11T16:20:50Z,2004,2004-01-01,2004-12-31
216573,TB_1,REGION,AMR,,,YEAR,2024,,,,,,,,,75 [68-82],75,68,82,,2025-11-11T16:20:50Z,2024,2024-01-01,2024-12-31
220152,TB_1,COUNTRY,MMR,SEAR,South-East Asia,YEAR,2007,,,,,,,,,50 [26-140],50,26,140,,2025-11-11T16:20:50Z,2007,2007-01-01,2007-12-31
220537,TB_1,COUNTRY,KEN,AFR,Africa,YEAR,2008,,,,,,,,,45 [21-150],45,21,150,,2025-11-11T16:20:50Z,2008,2008-01-01,2008-12-31
221325,TB_1,COUNTRY,CZE,EUR,Europe,YEAR,2022,,,,,,,,,84 [70-100],84,70,100,,2025-11-11T16:20:50Z,2022,2022-01-01,2022-12-31
228827,TB_1,COUNTRY,KIR,WPR,Western Pacific,YEAR,2006,,,,,,,,,29 [24-35],29,24,35,,2025-11-11T16:20:50Z,2006,2006-01-01,2006-12-31
232626,TB_1,COUNTRY,HND,AMR,Americas,YEAR,2012,,,,,,,,,59 [49-72],59,49,72,,2025-11-11T16:20:50Z,2012,2012-01-01,2012-12-31
233961,TB_1,COUNTRY,NPL,SEAR,South-East Asia,YEAR,2020,,,,,,,,,41 [27-69],41,27,69,,2025-11-11T16:20:50Z,2020,2020-01-01,2020-12-31
234175,TB_1,COUNTRY,GUY,AMR,Americas,YEAR,2010,,,,,,,,,63 [53-78],63,53,78,,2025-11-11T16:20:50Z,2010,2010-01-01,2010-12-31
238627,TB_1,COUNTRY,NPL,SEAR,South-East Asia,YEAR,2024,,,,,,,,,60 [39-110],60,39,110,,2025-11-11T16:20:50Z,2024,2024-01-01,2024-12-31
238977,TB_1,COUNTRY,ISR,EUR,Europe,YEAR,2012,,,,,,,,,80 [66-98],80,66,98,,2025-11-11T16:20:50Z,2012,2012-01-01,2012-12-31
240129,TB_1,COUNTRY,ALB,EUR,Europe,YEAR,2007,,,,,,,,,89 [74-110],89,74,110,,2025-11-11T16:20:50Z,2007,2007-01-01,2007-12-31
240785,TB_1,COUNTRY,KEN,AFR,Africa,YEAR,2000,,,,,,,,,46 [25-120],46,25,120,,2025-11-11T16:20:50Z,2000,2000-01-01,2000-12-31
240820,TB_1,COUNTRY,ESP,EUR,Europe,YEAR,2023,,,,,,,,,86 [71-110],86,71,110,,2025-11-11T16:20:50Z,2023,2023-01-01,2023-12-31
243282,TB_1,COUNTRY,IND,SEAR,South-East Asia,YEAR,2010,,,,,,,,,39 [21-95],39,21,95,,2025-11-11T16:20:50Z,2010,2010-01-01,2010-12-31
246124,TB_1,COUNTRY,CMR,AFR,Africa,YEAR,2014,,,,,,,,,52 [25-89],52,25,89,,2025-11-11T16:20:50Z,2014,2014-01-01,2014-12-31
246190,TB_1,WORLDBANKINCOMEGROUP,WB_HI,,,YEAR,2019,,,,,,,,,90 [79-100],90,79,100,,2025-11-11T16:20:50Z,2019,2019-01-01,2019-12-31
246802,TB_1,COUNTRY,IRQ,EMR,Eastern Mediterranean,YEAR,2013,,,,,,,,,66 [54-82],66,54,82,,2025-11-11T16:20:50Z,2013,2013-01-01,2013-12-31
246900,TB_1,COUNTRY,SOM,EMR,Eastern Mediterranean,YEAR,2004,,,,,,,,,34 [3.6-83],34,3.6,83,,2025-11-11T16:20:50Z,2004,2004-01-01,2004-12-31
247421,TB_1,COUNTRY,OMN,EMR,Eastern Mediterranean,YEAR,2014,,,,,,,,,67 [55-82],67,55,82,,2025-11-11T16:20:50Z,2014,2014-01-01,2014-12-31
249225,TB_1,COUNTRY,LBN,EMR,Eastern Mediterranean,YEAR,2000,,,,,,,,,46 [39-57],46,39,57,,2025-11-11T16:20:50Z,2000,2000-01-01,2000-12-31
249259,TB_1,COUNTRY,SDN,EMR,Eastern Mediterranean,YEAR,2008,,,,,,,,,49 [23-160],49,23,160,,2025-11-11T16:20:50Z,2008,2008-01-01,2008-12-31
250449,TB_1,REGION,SEAR,,,YEAR,2004,,,,,,,,,32 [19-71],32,19,71,,2025-11-11T16:20:50Z,2004,2004-01-01,2004-12-31
251958,TB_1,COUNTRY,PER,AMR,Americas,YEAR,2014,,,,,,,,,73 [61-90],73,61,90,,2025-11-11T16:20:50Z,2014,2014-01-01,2014-12-31
252468,TB_1,COUNTRY,GRD,AMR,Americas,YEAR,2017,,,,,,,,,100 [83-120],100,83,120,,2025-11-11T16:20:50Z,2017,2017-01-01,2017-12-31
252728,TB_1,COUNTRY,FJI,WPR,Western Pacific,YEAR,2007,,,,,,,,,48 [40-59],48,40,59,,2025-11-11T16:20:50Z,2007,2007-01-01,2007-12-31
253107,TB_1,COUNTRY,DNK,EUR,Europe,YEAR,2005,,,,,,,,,73 [61-90],73,61,90,,2025-11-11T16:20:50Z,2005,2005-01-01,2005-12-31
254928,TB_1,COUNTRY,TKM,EUR,Europe,YEAR,2014,,,,,,,,,69 [57-85],69,57,85,,2025-11-11T16:20:50Z,2014,2014-01-01,2014-12-31
255168,TB_1,COUNTRY,MDA,EUR,Europe,YEAR,2018,,,,,,,,,99 [82-120],99,82,120,,2025-11-11T16:20:50Z,2018,2018-01-01,2018-12-31
255380,TB_1,COUNTRY,MAR,EMR,Eastern Mediterranean,YEAR,2018,,,,,,,,,89 [74-110],89,74,110,,2025-11-11T16:20:50Z,2018,2018-01-01,2018-12-31
256249,TB_1,COUNTRY,NRU,WPR,Western Pacific,YEAR,2002,,,,,,,,,100 [83-120],100,83,120,,2025-11-11T16:20:50Z,2002,2002-01-01,2002-12-31
256808,TB_1,COUNTRY,ISR,EUR,Europe,YEAR,2017,,,,,,,,,83 [69-100],83,69,100,,2025-11-11T16:20:50Z,2017,2017-01-01,2017-12-31
258578,TB_1,COUNTRY,JOR,EMR,Eastern Mediterranean,YEAR,2003,,,,,,,,,63 [52-77],63,52,77,,2025-11-11T16:20:50Z,2003,2003-01-01,2003-12-31
260164,TB_1,COUNTRY,ALB,EUR,Europe,YEAR,2020,,,,,,,,,54 [44-66],54,44,66,,2025-11-11T16:20:50Z,2020,2020-01-01,2020-12-31
260630,TB_1,COUNTRY,BDI,AFR,Africa,YEAR,2021,,,,,,,,,56 [30-92],56,30,92,,2025-11-11T16:20:50Z,2021,2021-01-01,2021-12-31
261610,TB_1,COUNTRY,NPL,SEAR,South-East Asia,YEAR,2019,,,,,,,,,47 [31-78],47,31,78,,2025-11-11T16:20:50Z,2019,2019-01-01,2019-12-31
268414,TB_1,COUNTRY,JAM,AMR,Americas,YEAR,2003,,,,,,,,,48 [40-59],48,40,59,,2025-11-11T16:20:50Z,2003,2003-01-01,2003-12-31
268603,TB_1,COUNTRY,ZMB,AFR,Africa,YEAR,2017,,,,,,,,,57 [39-92],57,39,92,,2025-11-11T16:20:50Z,2017,2017-01-01,2017-12-31
271685,TB_1,COUNTRY,THA,SEAR,South-East Asia,YEAR,2007,,,,,,,,,40 [21-100],40,21,100,,2025-11-11T16:20:50Z,2007,2007-01-01,2007-12-31
275106,TB_1,COUNTRY,GUY,AMR,Americas,YEAR,2017,,,,,,,,,76 [63-93],76,63,93,,2025-11-11T16:20:50Z,2017,2017-01-01,2017-12-31
277777,TB_1,COUNTRY,UGA,AFR,Africa,YEAR,2022,,,,,,,,,100 [67-170],100,67,170,,2025-11-11T16:20:50Z,2022,2022-01-01,2022-12-31
279257,TB_1,COUNTRY,UZB,EUR,Europe,YEAR,2020,,,,,,,,,57 [47-70],57,47,70,,2025-11-11T16:20:50Z,2020,2020-01-01,2020-12-31
279777,TB_1,COUNTRY,LTU,EUR,Europe,YEAR,2021,,,,,,,,,73 [61-90],73,61,90,,2025-11-11T16:20:50Z,2021,2021-01-01,2021-12-31
282037,TB_1,COUNTRY,TZA,AFR,Africa,YEAR,2024,,,,,,,,,64 [34-170],64,34,170,,2025-11-11T16:20:50Z,2024,2024-01-01,2024-12-31
283354,TB_1,COUNTRY,KWT,EMR,Eastern Mediterranean,YEAR,2003,,,,,,,,,75 [62-92],75,62,92,,2025-11-11T16:20:50Z,2003,2003-01-01,2003-12-31
285182,TB_1,COUNTRY,BRB,AMR,Americas,YEAR,2001,,,,,,,,,100 [83-120],100,83,120,,2025-11-11T16:20:50Z,2001,2001-01-01,2001-12-31
288570,TB_1,COUNTRY,THA,SEAR,South-East Asia,YEAR,2013,,,,,,,,,53 [34-94],53,34,94,,2025-11-11T16:20:50Z,2013,2013-01-01,2013-12-31
296744,TB_1,COUNTRY,NZL,WPR,Western Pacific,YEAR,2001,,,,,,,,,74 [61-91],74,61,91,,2025-11-11T16:20:50Z,2001,2001-01-01,2001-12-31
299116,TB_1,COUNTRY,LBN,EMR,Eastern Mediterranean,YEAR,2011,,,,,,,,,65 [54-80],65,54,80,,2025-11-11T16:20:50Z,2011,2011-01-01,2011-12-31
301783,TB_1,COUNTRY,KIR,WPR,Western Pacific,YEAR,2016,,,,,,,,,43 [36-53],43,36,53,,2025-11-11T16:20:50Z,2016,2016-01-01,2016-12-31
303354,TB_1,COUNTRY,SEN,AFR,Africa,YEAR,2007,,,,,,,,,47 [22-82],47,22,82,,2025-11-11T16:20:50Z,2007,2007-01-01,2007-12-31
305049,TB_1,COUNTRY,LBY,EMR,Eastern Mediterranean,YEAR,2007,,,,,,,,,58 [30-94],58,30,94,,2025-11-11T16:20:50Z,2007,2007-01-01,2007-12-31
307331,TB_1,COUNTRY,SLE,AFR,Africa,YEAR,2016,,,,,,,,,45 [23-73],45,23,73,,2025-11-11T16:20:50Z,2016,2016-01-01,2016-12-31
307665,TB_1,COUNTRY,BWA,AFR,Africa,YEAR,2020,,,,,,,,,38 [20-63],38,20,63,,2025-11-11T16:20:50Z,2020,2020-01-01,2020-12-31
310940,TB_1,COUNTRY,VCT,AMR,Americas,YEAR,2008,,,,,,,,,100 [83-120],100,83,120,,2025-11-11T16:20:50Z,2008,2008-01-01,2008-12-31
312586,TB_1,COUNTRY,GHA,AFR,Africa,YEAR,2009,,,,,,,,,32 [17-84],32,17,84,,2025-11-11T16:20:50Z,2009,2009-01-01,2009-12-31
312754,TB_1,COUNTRY,JAM,AMR,Americas,YEAR,2022,,,,,,,,,74 [62-91],74,62,91,,2025-11-11T16:20:50Z,2022,2022-01-01,2022-12-31
315016,TB_1,COUNTRY,MNG,WPR,Western Pacific,YEAR,2003,,,,,,,,,36 [22-71],36,22,71,,2025-11-11T16:20:50Z,2003,2003-01-01,2003-12-31
315717,TB_1,COUNTRY,MDA,EUR,Europe,YEAR,2005,,,,,,,,,99 [82-120],99,82,120,,2025-11-11T16:20:50Z,2005,2005-01-01,2005-12-31
321240,TB_1,COUNTRY,UGA,AFR,Africa,YEAR,2002,,,,,,,,,62 [41-110],62,41,110,,2025-11-11T16:20:50Z,2002,2002-01-01,2002-12-31
322365,TB_1,COUNTRY,SYR,EMR,Eastern Mediterranean,YEAR,2018,,,,,,,,,60 [50-74],60,50,74,,2025-11-11T16:20:50Z,2018,2018-01-01,2018-12-31
324405,TB_1,COUNTRY,JOR,EMR,Eastern Mediterranean,YEAR,2018,,,,,,,,,67 [56-83],67,56,83,,2025-11-11T16:20:50Z,2018,2018-01-01,2018-12-31
325532,TB_1,COUNTRY,GUY,AMR,Americas,YEAR,2011,,,,,,,,,66 [54-81],66,54,81,,2025-11-11T16:20:50Z,2011,2011-01-01,2011-12-31
325988,TB_1,COUNTRY,ERI,AFR,Africa,YEAR,2012,,,,,,,,,40 [33-49],40,33,49,,2025-11-11T16:20:50Z,2012,2012-01-01,2012-12-31
326936,TB_1,COUNTRY,CUB,AMR,Americas,YEAR,2011,,,,,,,,,76 [63-94],76,63,94,,2025-11-11T16:20:50Z,2011,2011-01-01,2011-12-31
331738,TB_1,REGION,AMR,,,YEAR,2015,,,,,,,,,76 [71-82],76,71,82,,2025-11-11T16:20:50Z,2015,2015-01-01,2015-12-31
333361,TB_1,COUNTRY,GBR,EUR,Europe,YEAR,2010,,,,,,,,,89 [83-96],89,83,96,,2025-11-11T16:20:50Z,2010,2010-01-01,2010-12-31
334594,TB_1,COUNTRY,BDI,AFR,Africa,YEAR,2003,,,,,,,,,49 [20-89],49,20,89,,2025-11-11T16:20:50Z,2003,2003-01-01,2003-12-31
334744,TB_1,COUNTRY,SAU,EMR,Eastern Mediterranean,YEAR,2003,,,,,,,,,91 [82-100],91,82,100,,2025-11-11T16:20:50Z,2003,2003-01-01,2003-12-31
335045,TB_1,COUNTRY,BOL,AMR,Americas,YEAR,2004,,,,,,,,,33 [27-41],33,27,41,,2025-11-11T16:20:50Z,2004,2004-01-01,2004-12-31
335683,TB_1,COUNTRY,LSO,AFR,Africa,YEAR,2020,,,,,,,,,34 [23-55],34,23,55,,2025-11-11T16:20:50Z,2020,2020-01-01,2020-12-31
343699,TB_1,COUNTRY,MNE,EUR,Europe,YEAR,2018,,,,,,,,,71 [59-87],71,59,87,,2025-11-11T16:20:50Z,2018,2018-01-01,2018-12-31
344435,TB_1,COUNTRY,CRI,AMR,Americas,YEAR,2011,,,,,,,,,74 [61-91],74,61,91,,2025-11-11T16:20:50Z,2011,2011-01-01,2011-12-31
346895,TB_1,COUNTRY,RUS,EUR,Europe,YEAR,2011,,,,,,,,,97 [56-210],97,56,210,,2025-11-11T16:20:50Z,2011,2011-01-01,2011-12-31
349925,TB_1,COUNTRY,PSE,EMR,Eastern Mediterranean,YEAR,2023,,,,,,,,,70 [58-86],70,58,86,,2025-11-11T16:20:50Z,2023,2023-01-01,2023-12-31
350394,TB_1,COUNTRY,KAZ,EUR,Europe,YEAR,2023,,,,,,,,,95 [79-120],95,79,120,,2025-11-11T16:20:50Z,2023,2023-01-01,2023-12-31
355969,TB_1,COUNTRY,DEU,EUR,Europe,YEAR,2018,,,,,,,,,91 [82-100],91,82,100,,2025-11-11T16:20:50Z,2018,2018-01-01,2018-12-31
357361,TB_1,COUNTRY,BRN,WPR,Western Pacific,YEAR,2021,,,,,,,,,79 [65-97],79,65,97,,2025-11-11T16:20:50Z,2021,2021-01-01,2021-12-31
357936,TB_1,COUNTRY,SWE,EUR,Europe,YEAR,2023,,,,,,,,,86 [71-110],86,71,110,,2025-11-11T16:20:50Z,2023,2023-01-01,2023-12-31
368040,TB_1,REGION,SEAR,,,YEAR,2012,,,,,,,,,43 [29-68],43,29,68,,2025-11-11T16:20:50Z,2012,2012-01-01,2012-12-31
369672,TB_1,COUNTRY,NIC,AMR,Americas,YEAR,2000,,,,,,,,,38 [32-47],38,32,47,,2025-11-11T16:20:50Z,2000,2000-01-01,2000-12-31
372483,TB_1,COUNTRY,SLE,AFR,Africa,YEAR,2011,,,,,,,,,41 [21-67],41,21,67,,2025-11-11T16:20:50Z,2011,2011-01-01,2011-12-31
373668,TB_1,COUNTRY,MDV,SEAR,South-East Asia,YEAR,2002,,,,,,,,,35 [29-43],35,29,43,,2025-11-11T16:20:50Z,2002,2002-01-01,2002-12-31
377196,TB_1,COUNTRY,LKA,SEAR,South-East Asia,YEAR,2022,,,,,,,,,64 [34-100],64,34,100,,2025-11-11T16:20:50Z,2022,2022-01-01,2022-12-31
379799,TB_1,COUNTRY,LUX,EUR,Europe,YEAR,2017,,,,,,,,,85 [70-100],85,70,100,,2025-11-11T16:20:50Z,2017,2017-01-01,2017-12-31
383683,TB_1,COUNTRY,FJI,WPR,Western Pacific,YEAR,2011,,,,,,,,,51 [43-63],51,43,63,,2025-11-11T16:20:50Z,2011,2011-01-01,2011-12-31
385707,TB_1,COUNTRY,YEM,EMR,Eastern Mediterranean,YEAR,2009,,,,,,,,,74 [64-88],74,64,88,,2025-11-11T16:20:50Z,2009,2009-01-01,2009-12-31
387105,TB_1,COUNTRY,KIR,WPR,Western Pacific,YEAR,2023,,,,,,,,,47 [39-58],47,39,58,,2025-11-11T16:20:50Z,2023,2023-01-01,2023-12-31
390998,TB_1,COUNTRY,BDI,AFR,Africa,YEAR,2016,,,,,,,,,57 [29-95],57,29,95,,2025-11-11T16:20:50Z,2016,2016-01-01,2016-12-31
395884,TB_1,COUNTRY,PLW,WPR,Western Pacific,YEAR,2022,,,,,,,,,100 [83-120],100,83,120,,2025-11-11T16:20:50Z,2022,2022-01-01,2022-12-31
398255,TB_1,COUNTRY,ISR,EUR,Europe,YEAR,2001,,,,,,,,,71 [59-87],71,59,87,,2025-11-11T16:20:50Z,2001,2001-01-01,2001-12-31
398878,TB_1,COUNTRY,GEO,EUR,Europe,YEAR,2019,,,,,,,,,73 [61-90],73,61,90,,2025-11-11T16:20:50Z,2019,2019-01-01,2019-12-31
413135,TB_1,COUNTRY,MUS,AFR,Africa,YEAR,2006,,,,,,,,,47 [39-58],47,39,58,,2025-11-11T16:20:50Z,2006,2006-01-01,2006-12-31
413276,TB_1,COUNTRY,IRQ,EMR,Eastern Mediterranean,YEAR,2023,,,,,,,,,66 [54-82],66,54,82,,2025-11-11T16:20:50Z,2023,2023-01-01,2023-12-31
416582,TB_1,REGION,EUR,,,YEAR,2001,,,,,,,,,65 [55-78],65,55,78,,2025-11-11T16:20:50Z,2001,2001-01-01,2001-12-31
417546,TB_1,COUNTRY,SVK,EUR,Europe,YEAR,2007,,,,,,,,,71 [59-87],71,59,87,,2025-11-11T16:20:50Z,2007,2007-01-01,2007-12-31
418781,TB_1,COUNTRY,AZE,EUR,Europe,YEAR,2021,,,,,,,,,53 [43-66],53,43,66,,2025-11-11T16:20:50Z,2021,2021-01-01,2021-12-31
420358,TB_1,COUNTRY,TLS,SEAR,South-East Asia,YEAR,2016,,,,,,,,,73 [39-120],73,39,120,,2025-11-11T16:20:50Z,2016,2016-01-01,2016-12-31
423502,TB_1,COUNTRY,HUN,EUR,Europe,YEAR,2014,,,,,,,,,75 [62-92],75,62,92,,2025-11-11T16:20:50Z,2014,2014-01-01,2014-12-31
423701,TB_1,COUNTRY,MYS,WPR,Western Pacific,YEAR,2023,,,,,,,,,77 [64-95],77,64,95,,2025-11-11T16:20:50Z,2023,2023-01-01,2023-12-31
426391,TB_1,COUNTRY,SVK,EUR,Europe,YEAR,2020,,,,,,,,,82 [68-100],82,68,100,,2025-11-11T16:20:50Z,2020,2020-01-01,2020-12-31
426798,TB_1,COUNTRY,SDN,EMR,Eastern Mediterranean,YEAR,2010,,,,,,,,,49 [23-170],49,23,170,,2025-11-11T16:20:50Z,2010,2010-01-01,2010-12-31
430472,TB_1,COUNTRY,ALB,EUR,Europe,YEAR,2013,,,,,,,,,89 [74-110],89,74,110,,2025-11-11T16:20:50Z,2013,2013-01-01,2013-12-31
432663,TB_1,COUNTRY,KWT,EMR,Eastern Mediterranean,YEAR,2007,,,,,,,,,75 [62-92],75,62,92,,2025-11-11T16:20:50Z,2007,2007-01-01,2007-12-31
437239,TB_1,COUNTRY,EGY,EMR,Eastern Mediterranean,YEAR,2019,,,,,,,,,65 [52-83],65,52,83,,2025-11-11T16:20:50Z,2019,2019-01-01,2019-12-31
437912,TB_1,COUNTRY,PRI,AMR,Americas,YEAR,2011,,,,,,,,,69 [57-85],69,57,85,,2025-11-11T16:20:50Z,2011,2011-01-01,2011-12-31
441940,TB_1,COUNTRY,ZWE,AFR,Africa,YEAR,2020,,,,,,,,,54 [41-74],54,41,74,,2025-11-11T16:20:50Z,2020,2020-01-01,2020-12-31
442100,TB_1,COUNTRY,NLD,EUR,Europe,YEAR,2020,,,,,,,,,87 [75-100],87,75,100,,2025-11-11T16:20:50Z,2020,2020-01-01,2020-12-31
447781,TB_1,COUNTRY,BHS,AMR,Americas,YEAR,2021,,,,,,,,,77 [64-94],77,64,94,,2025-11-11T16:20:50Z,2021,2021-01-01,2021-12-31
450202,TB_1,COUNTRY,PLW,WPR,Western Pacific,YEAR,2012,,,,,,,,,100 [83-120],100,83,120,,2025-11-11T16:20:50Z,2012,2012-01-01,2012-12-31
451075,TB_1,COUNTRY,NOR,EUR,Europe,YEAR,2020,,,,,,,,,87 [72-110],87,72,110,,2025-11-11T16:20:50Z,2020,2020-01-01,2020-12-31
456051,TB_1,COUNTRY,NLD,EUR,Europe,YEAR,2005,,,,,,,,,87 [75-100],87,75,100,,2025-11-11T16:20:50Z,2005,2005-01-01,2005-12-31
463560,TB_1,COUNTRY,SOM,EMR,Eastern Mediterranean,YEAR,2001,,,,,,,,,21 [0.71-69],21,0.71,69,,2025-11-11T16:20:50Z,2001,2001-01-01,2001-12-31
465152,TB_1,COUNTRY,DNK,EUR,Europe,YEAR,2010,,,,,,,,,76 [63-94],76,63,94,,2025-11-11T16:20:50Z,2010,2010-01-01,2010-12-31
468918,TB_1,COUNTRY,LUX,EUR,Europe,YEAR,2015,,,,,,,,,84 [69-100],84,69,100,,2025-11-11T16:20:50Z,2015,2015-01-01,2015-12-31
471054,TB_1,COUNTRY,ISL,EUR,Europe,YEAR,2016,,,,,,,,,100 [83-120],100,83,120,,2025-11-11T16:20:50Z,2016,2016-01-01,2016-12-31
473583,TB_1,COUNTRY,MAC,,,YEAR,2023,,,,,,,,,65 [54-80],65,54,80,,2025-11-11T16:20:50Z,2023,2023-01-01,2023-12-31
474887,TB_1,GLOBAL,GLOBAL,,,YEAR,2023,,,,,,,,,76 [71-82],76,71,82,,2025-11-11T16:20:50Z,2023,2023-01-01,2023-12-31
478157,TB_1,COUNTRY,URY,AMR,Americas,YEAR,2017,,,,,,,,,81 [67-100],81,67,100,,2025-11-11T16:20:50Z,2017,2017-01-01,2017-12-31
479571,TB_1,COUNTRY,GRD,AMR,Americas,YEAR,2008,,,,,,,,,100 [83-120],100,83,120,,2025-11-11T16:20:50Z,2008,2008-01-01,2008-12-31
482505,TB_1,COUNTRY,FSM,WPR,Western Pacific,YEAR,2022,,,,,,,,,47 [39-58],47,39,58,,2025-11-11T16:20:50Z,2022,2022-01-01,2022-12-31
484329,TB_1,COUNTRY,COL,AMR,Americas,YEAR,2008,,,,,,,,,61 [50-74],61,50,74,,2025-11-11T16:20:50Z,2008,2008-01-01,2008-12-31
490898,TB_1,COUNTRY,CAN,AMR,Americas,YEAR,2003,,,,,,,,,74 [61-90],74,61,90,,2025-11-11T16:20:50Z,2003,2003-01-01,2003-12-31
494022,TB_1,COUNTRY,ARE,EMR,Eastern Mediterranean,YEAR,2000,,,,,,,,,40 [34-50],40,34,50,,2025-11-11T16:20:50Z,2000,2000-01-01,2000-12-31
495425,TB_1,COUNTRY,UGA,AFR,Africa,YEAR,2008,,,,,,,,,64 [44-99],64,44,99,,2025-11-11T16:20:50Z,2008,2008-01-01,2008-12-31
495656,TB_1,COUNTRY,CMR,AFR,Africa,YEAR,2004,,,,,,,,,45 [21-80],45,21,80,,2025-11-11T16:20:50Z,2004,2004-01-01,2004-12-31
498558,TB_1,COUNTRY,SYR,EMR,Eastern Mediterranean,YEAR,2014,,,,,,,,,56 [47-69],56,47,69,,2025-11-11T16:20:50Z,2014,2014-01-01,2014-12-31
499000,TB_1,COUNTRY,COL,AMR,Americas,YEAR,2007,,,,,,,,,59 [49-73],59,49,73,,2025-11-11T16:20:50Z,2007,2007-01-01,2007-12-31
500510,TB_1,COUNTRY,POL,EUR,Europe,YEAR,2000,,,,,,,,,62 [51-76],62,51,76,,2025-11-11T16:20:50Z,2000,2000-01-01,2000-12-31
502476,TB_1,COUNTRY,COK,WPR,Western Pacific,YEAR,2001,,,,,,,,,100 [83-120],100,83,120,,2025-11-11T16:20:50Z,2001,2001-01-01,2001-12-31
505136,TB_1,COUNTRY,NRU,WPR,Western Pacific,YEAR,2020,,,,,,,,,100 [83-120],100,83,120,,2025-11-11T16:20:50Z,2020,2020-01-01,2020-12-31
506554,TB_1,COUNTRY,TUV,WPR,Western Pacific,YEAR,2023,,,,,,,,,100 [83-120],100,83,120,,2025-11-11T16:20:50Z,2023,2023-01-01,2023-12-31
508877,TB_1,COUNTRY,LBY,EMR,Eastern Mediterranean,YEAR,2013,,,,,,,,,61 [33-97],61,33,97,,2025-11-11T16:20:50Z,2013,2013-01-01,2013-12-31
514885,TB_1,COUNTRY,ITA,EUR,Europe,YEAR,2005,,,,,,,,,75 [62-92],75,62,92,,2025-11-11T16:20:50Z,2005,2005-01-01,2005-12-31
515419,TB_1,COUNTRY,SOM,EMR,Eastern Mediterranean,YEAR,2002,,,,,,,,,22 [1-64],22,1,64,,2025-11-11T16:20:50Z,2002,2002-01-01,2002-12-31
515538,TB_1,COUNTRY,HTI,AMR,Americas,YEAR,2024,,,,,,,,,54 [45-66],54,45,66,,2025-11-11T16:20:50Z,2024,2024-01-01,2024-12-31
516140,TB_1,COUNTRY,IND,SEAR,South-East Asia,YEAR,2000,,,,,,,,,33 [16-96],33,16,96,,2025-11-11T16:20:50Z,2000,2000-01-01,2000-12-31
520254,TB_1,COUNTRY,PNG,WPR,Western Pacific,YEAR,2010,,,,,,,,,36 [17-67],36,17,67,,2025-11-11T16:20:50Z,2010,2010-01-01,2010-12-31
524544,TB_1,COUNTRY,STP,AFR,Africa,YEAR,2004,,,,,,,,,30 [25-37],30,25,37,,2025-11-11T16:20:50Z,2004,2004-01-01,2004-12-31
524793,TB_1,COUNTRY,CAF,AFR,Africa,YEAR,2013,,,,,,,,,35 [19-57],35,19,57,,2025-11-11T16:20:50Z,2013,2013-01-01,2013-12-31
527004,TB_1,COUNTRY,CHN,WPR,Western Pacific,YEAR,2022,,,,,,,,,67 [56-82],67,56,82,,2025-11-11T16:20:50Z,2022,2022-01-01,2022-12-31
528869,TB_1,COUNTRY,JOR,EMR,Eastern Mediterranean,YEAR,2012,,,,,,,,,69 [57-84],69,57,84,,2025-11-11T16:20:50Z,2012,2012-01-01,2012-12-31
529475,TB_1,COUNTRY,MNG,WPR,Western Pacific,YEAR,2007,,,,,,,,,42 [25-81],42,25,81,,2025-11-11T16:20:50Z,2007,2007-01-01,2007-12-31
529813,TB_1,COUNTRY,TJK,EUR,Europe,YEAR,2018,,,,,,,,,71 [59-88],71,59,88,,2025-11-11T16:20:50Z,2018,2018-01-01,2018-12-31
529913,TB_1,COUNTRY,HRV,EUR,Europe,YEAR,2005,,,,,,,,,71 [59-88],71,59,88,,2025-11-11T16:20:50Z,2005,2005-01-01,2005-12-31
532349,TB_1,COUNTRY,NPL,SEAR,South-East Asia,YEAR,2021,,,,,,,,,42 [28-71],42,28,71,,2025-11-11T16:20:50Z,2021,2021-01-01,2021-12-31
533224,TB_1,COUNTRY,WSM,WPR,Western Pacific,YEAR,2020,,,,,,,,,100 [83-120],100,83,120,,2025-11-11T16:20:50Z,2020,2020-01-01,2020-12-31
536774,TB_1,COUNTRY,DOM,AMR,Americas,YEAR,2010,,,,,,,,,66 [55-81],66,55,81,,2025-11-11T16:20:50Z,2010,2010-01-01,2010-12-31
542610,TB_1,COUNTRY,SWZ,AFR,Africa,YEAR,2003,,,,,,,,,57 [20-560],57,20,560,,2025-11-11T16:20:50Z,2003,2003-01-01,2003-12-31
546220,TB_1,COUNTRY,YEM,EMR,Eastern Mediterranean,YEAR,2023,,,,,,,,,74 [64-88],74,64,88,,2025-11-11T16:20:50Z,2023,2023-01-01,2023-12-31
547123,TB_1,COUNTRY,CZE,EUR,Europe,YEAR,2014,,,,,,,,,80 [66-98],80,66,98,,2025-11-11T16:20:50Z,2014,2014-01-01,2014-12-31
547614,TB_1,COUNTRY,COK,WPR,Western Pacific,YEAR,2012,,,,,,,,,100 [83-120],100,83,120,,2025-11-11T16:20:50Z,2012,2012-01-01,2012-12-31
548881,TB_1,COUNTRY,HRV,EUR,Europe,YEAR,2012,,,,,,,,,76 [63-93],76,63,93,,2025-11-11T16:20:50Z,2012,2012-01-01,2012-12-31
549172,TB_1,COUNTRY,SAU,EMR,Eastern Mediterranean,YEAR,2016,,,,,,,,,91 [82-100],91,82,100,,2025-11-11T16:20:50Z,2016,2016-01-01,2016-12-31
549324,TB_1,COUNTRY,GIN,AFR,Africa,YEAR,2024,,,,,,,,,70 [36-110],70,36,110,,2025-11-11T16:20:50Z,2024,2024-01-01,2024-12-31
549930,TB_1,COUNTRY,JAM,AMR,Americas,YEAR,2019,,,,,,,,,75 [62-92],75,62,92,,2025-11-11T16:20:50Z,2019,2019-01-01,2019-12-31
551366,TB_1,COUNTRY,ARE,EMR,Eastern Mediterranean,YEAR,2021,,,,,,,,,82 [68-100],82,68,100,,2025-11-11T16:20:50Z,2021,2021-01-01,2021-12-31
552106,TB_1,COUNTRY,CZE,EUR,Europe,YEAR,2003,,,,,,,,,75 [62-92],75,62,92,,2025-11-11T16:20:50Z,2003,2003-01-01,2003-12-31
552224,TB_1,COUNTRY,SSD,AFR,Africa,YEAR,2015,,,,,,,,,23 [12-37],23,12,37,,2025-11-11T16:20:50Z,2015,2015-01-01,2015-12-31
552855,TB_1,COUNTRY,BHR,EMR,Eastern Mediterranean,YEAR,2016,,,,,,,,,71 [59-87],71,59,87,,2025-11-11T16:20:50Z,2016,2016-01-01,2016-12-31
553070,TB_1,COUNTRY,SLB,WPR,Western Pacific,YEAR,2021,,,,,,,,,45 [37-55],45,37,55,,2025-11-11T16:20:50Z,2021,2021-01-01,2021-12-31
557035,TB_1,COUNTRY,TUN,EMR,Eastern Mediterranean,YEAR,2005,,,,,,,,,53 [44-66],53,44,66,,2025-11-11T16:20:50Z,2005,2005-01-01,2005-12-31
557228,TB_1,COUNTRY,BRA,AMR,Americas,YEAR,2015,,,,,,,,,92 [76-110],92,76,110,,2025-11-11T16:20:50Z,2015,2015-01-01,2015-12-31
558484,TB_1,COUNTRY,MKD,EUR,Europe,YEAR,2002,,,,,,,,,53 [44-65],53,44,65,,2025-11-11T16:20:50Z,2002,2002-01-01,2002-12-31
561124,TB_1,WORLDBANKINCOMEGROUP,WB_UMI,,,YEAR,2013,,,,,,,,,63 [55-73],63,55,73,,2025-11-11T16:20:50Z,2013,2013-01-01,2013-12-31
567857,TB_1,COUNTRY,BHR,EMR,Eastern Mediterranean,YEAR,2018,,,,,,,,,74 [61-91],74,61,91,,2025-11-11T16:20:50Z,2018,2018-01-01,2018-12-31
569351,TB_1,COUNTRY,SDN,EMR,Eastern Mediterranean,YEAR,2002,,,,,,,,,49 [21-230],49,21,230,,2025-11-11T16:20:50Z,2002,2002-01-01,2002-12-31
570680,TB_1,COUNTRY,EGY,EMR,Eastern Mediterranean,YEAR,2018,,,,,,,,,66 [53-85],66,53,85,,2025-11-11T16:20:50Z,2018,2018-01-01,2018-12-31
571477,TB_1,COUNTRY,UKR,EUR,Europe,YEAR,2014,,,,,,,,,60 [50-74],60,50,74,,2025-11-11T16:20:50Z,2014,2014-01-01,2014-12-31
572139,TB_1,COUNTRY,IRQ,EMR,Eastern Mediterranean,YEAR,2002,,,,,,,,,66 [54-82],66,54,82,,2025-11-11T16:20:50Z,2002,2002-01-01,2002-12-31
575431,TB_1,COUNTRY,DEU,EUR,Europe,YEAR,2008,,,,,,,,,91 [82-100],91,82,100,,2025-11-11T16:20:50Z,2008,2008-01-01,2008-12-31
577443,TB_1,COUNTRY,CYP,EUR,Europe,YEAR,2015,,,,,,,,,77 [64-95],77,64,95,,2025-11-11T16:20:50Z,2015,2015-01-01,2015-12-31
579811,TB_1,COUNTRY,SEN,AFR,Africa,YEAR,2000,,,,,,,,,49 [18-95],49,18,95,,2025-11-11T16:20:50Z,2000,2000-01-01,2000-12-31
582051,TB_1,COUNTRY,TUR,EUR,Europe,YEAR,2015,,,,,,,,,76 [63-93],76,63,93,,2025-11-11T16:20:50Z,2015,2015-01-01,2015-12-31
583619,TB_1,COUNTRY,IRQ,EMR,Eastern Mediterranean,YEAR,2014,,,,,,,,,66 [54-82],66,54,82,,2025-11-11T16:20:50Z,2014,2014-01-01,2014-12-31
586732,TB_1,COUNTRY,ROU,EUR,Europe,YEAR,2002,,,,,,,,,67 [56-83],67,56,83,,2025-11-11T16:20:50Z,2002,2002-01-01,2002-12-31
589832,TB_1,COUNTRY,CAN,AMR,Americas,YEAR,2007,,,,,,,,,78 [65-96],78,65,96,,2025-11-11T16:20:50Z,2007,2007-01-01,2007-12-31
596612,TB_1,COUNTRY,KGZ,EUR,Europe,YEAR,2004,,,,,,,,,46 [38-56],46,38,56,,2025-11-11T16:20:50Z,2004,2004-01-01,2004-12-31
597199,TB_1,COUNTRY,PRY,AMR,Americas,YEAR,2016,,,,,,,,,70 [58-87],70,58,87,,2025-11-11T16:20:50Z,2016,2016-01-01,2016-12-31
597605,TB_1,COUNTRY,MUS,AFR,Africa,YEAR,2000,,,,,,,,,41 [34-51],41,34,51,,2025-11-11T16:20:50Z,2000,2000-01-01,2000-12-31
601099,TB_1,WORLDBANKINCOMEGROUP,WB_UMI,,,YEAR,2007,,,,,,,,,60 [50-73],60,50,73,,2025-11-11T16:20:50Z,2007,2007-01-01,2007-12-31
602881,TB_1,COUNTRY,ZAF,AFR,Africa,YEAR,2002,,,,,,,,,46 [26-100],46,26,100,,2025-11-11T16:20:50Z,2002,2002-01-01,2002-12-31
604476,TB_1,COUNTRY,ZMB,AFR,Africa,YEAR,2009,,,,,,,,,65 [38-130],65,38,130,,2025-11-11T16:20:50Z,2009,2009-01-01,2009-12-31
604697,TB_1,COUNTRY,ESP,EUR,Europe,YEAR,2019,,,,,,,,,86 [71-110],86,71,110,,2025-11-11T16:20:50Z,2019,2019-01-01,2019-12-31
605306,TB_1,COUNTRY,CMR,AFR,Africa,YEAR,2015,,,,,,,,,54 [26-90],54,26,90,,2025-11-11T16:20:50Z,2015,2015-01-01,2015-12-31
605316,TB_1,COUNTRY,KOR,WPR,Western Pacific,YEAR,2023,,,,,,,,,94 [87-100],94,87,100,,2025-11-11T16:20:50Z,2023,2023-01-01,2023-12-31
605963,TB_1,GLOBAL,GLOBAL,,,YEAR,2015,,,,,,,,,55 [50-61],55,50,61,,2025-11-11T16:20:50Z,2015,2015-01-01,2015-12-31
607655,TB_1,REGION,AFR,,,YEAR,2001,,,,,,,,,35 [29-43],35,29,43,,2025-11-11T16:20:50Z,2001,2001-01-01,2001-12-31
608830,TB_1,COUNTRY,VEN,AMR,Americas,YEAR,2003,,,,,,,,,50 [42-62],50,42,62,,2025-11-11T16:20:50Z,2003,2003-01-01,2003-12-31
610378,TB_1,COUNTRY,AFG,EMR,Eastern Mediterranean,YEAR,2024,,,,,,,,,59 [30-100],59,30,100,,2025-11-11T16:20:50Z,2024,2024-01-01,2024-12-31
610758,TB_1,COUNTRY,RUS,EUR,Europe,YEAR,2000,,,,,,,,,100 [54-250],100,54,250,,2025-11-11T16:20:50Z,2000,2000-01-01,2000-12-31
611472,TB_1,COUNTRY,MDA,EUR,Europe,YEAR,2021,,,,,,,,,85 [71-100],85,71,100,,2025-11-11T16:20:50Z,2021,2021-01-01,2021-12-31
613063,TB_1,COUNTRY,SUR,AMR,Americas,YEAR,2004,,,,,,,,,50 [42-62],50,42,62,,2025-11-11T16:20:50Z,2004,2004-01-01,2004-12-31
614367,TB_1,COUNTRY,BWA,AFR,Africa,YEAR,2004,,,,,,,,,68 [31-120],68,31,120,,2025-11-11T16:20:50Z,2004,2004-01-01,2004-12-31
616316,TB_1,COUNTRY,RUS,EUR,Europe,YEAR,2024,,,,,,,,,100 [60-190],100,60,190,,2025-11-11T16:20:50Z,2024,2024-01-01,2024-12-31
617272,TB_1,COUNTRY,PSE,EMR,Eastern Mediterranean,YEAR,2000,,,,,,,,,46 [39-57],46,39,57,,2025-11-11T16:20:50Z,2000,2000-01-01,2000-12-31
617314,TB_1,COUNTRY,CZE,EUR,Europe,YEAR,2009,,,,,,,,,77 [64-95],77,64,95,,2025-11-11T16:20:50Z,2009,2009-01-01,2009-12-31
617755,TB_1,COUNTRY,BHR,EMR,Eastern Mediterranean,YEAR,2017,,,,,,,,,71 [59-88],71,59,88,,2025-11-11T16:20:50Z,2017,2017-01-01,2017-12-31
618918,TB_1,COUNTRY,TTO,AMR,Americas,YEAR,2014,,,,,,,,,75 [62-92],75,62,92,,2025-11-11T16:20:50Z,2014,2014-01-01,2014-12-31
621887,TB_1,COUNTRY,DJI,EMR,Eastern Mediterranean,YEAR,2012,,,,,,,,,35 [29-43],35,29,43,,2025-11-11T16:20:50Z,2012,2012-01-01,2012-12-31
623067,TB_1,COUNTRY,LTU,EUR,Europe,YEAR,2016,,,,,,,,,67 [56-83],67,56,83,,2025-11-11T16:20:50Z,2016,2016-01-01,2016-12-31
623237,TB_1,COUNTRY,NER,AFR,Africa,YEAR,2008,,,,,,,,,46 [21-82],46,21,82,,2025-11-11T16:20:50Z,2008,2008-01-01,2008-12-31
623627,TB_1,COUNTRY,ALB,EUR,Europe,YEAR,2011,,,,,,,,,89 [74-110],89,74,110,,2025-11-11T16:20:50Z,2011,2011-01-01,2011-12-31
623909,TB_1,COUNTRY,BLZ,AMR,Americas,YEAR,2008,,,,,,,,,57 [48-71],57,48,71,,2025-11-11T16:20:50Z,2008,2008-01-01,2008-12-31
626636,TB_1,COUNTRY,BFA,AFR,Africa,YEAR,2013,,,,,,,,,42 [22-69],42,22,69,,2025-11-11T16:20:50Z,2013,2013-01-01,2013-12-31
627462,TB_1,COUNTRY,UKR,EUR,Europe,YEAR,2019,,,,,,,,,74 [62-91],74,62,91,,2025-11-11T16:20:50Z,2019,2019-01-01,2019-12-31
629816,TB_1,COUNTRY,BLZ,AMR,Americas,YEAR,2001,,,,,,,,,42 [35-51],42,35,51,,2025-11-11T16:20:50Z,2001,2001-01-01,2001-12-31
630023,TB_1,COUNTRY,NIC,AMR,Americas,YEAR,2018,,,,,,,,,71 [59-87],71,59,87,,2025-11-11T16:20:50Z,2018,2018-01-01,2018-12-31
630954,TB_1,COUNTRY,GMB,AFR,Africa,YEAR,2012,,,,,,,,,64 [49-87],64,49,87,,2025-11-11T16:20:50Z,2012,2012-01-01,2012-12-31
631048,TB_1,COUNTRY,AUS,WPR,Western Pacific,YEAR,2022,,,,,,,,,87 [72-110],87,72,110,,2025-11-11T16:20:50Z,2022,2022-01-01,2022-12-31
635385,TB_1,COUNTRY,LBY,EMR,Eastern Mediterranean,YEAR,2008,,,,,,,,,57 [30-91],57,30,91,,2025-11-11T16:20:50Z,2008,2008-01-01,2008-12-31
638164,TB_1,COUNTRY,ATG,AMR,Americas,YEAR,2023,,,,,,,,,100 [83-120],100,83,120,,2025-11-11T16:20:50Z,2023,2023-01-01,2023-12-31
638259,TB_1,COUNTRY,POL,EUR,Europe,YEAR,2006,,,,,,,,,69 [58-85],69,58,85,,2025-11-11T16:20:50Z,2006,2006-01-01,2006-12-31
638636,TB_1,COUNTRY,MAC,,,YEAR,2000,,,,,,,,,42 [34-51],42,34,51,,2025-11-11T16:20:50Z,2000,2000-01-01,2000-12-31
641709,TB_1,COUNTRY,LBR,AFR,Africa,YEAR,2006,,,,,,,,,44 [20-79],44,20,79,,2025-11-11T16:20:50Z,2006,2006-01-01,2006-12-31
647891,TB_1,COUNTRY,KOR,WPR,Western Pacific,YEAR,2010,,,,,,,,,94 [87-100],94,87,100,,2025-11-11T16:20:50Z,2010,2010-01-01,2010-12-31
650031,TB_1,COUNTRY,GHA,AFR,Africa,YEAR,2014,,,,,,,,,32 [17-75],32,17,75,,2025-11-11T16:20:50Z,2014,2014-01-01,2014-12-31
650776,TB_1,COUNTRY,FJI,WPR,Western Pacific,YEAR,2013,,,,,,,,,54 [45-67],54,45,67,,2025-11-11T16:20:50Z,2013,2013-01-01,2013-12-31
653741,TB_1,COUNTRY,NRU,WPR,Western Pacific,YEAR,2010,,,,,,,,,100 [83-120],100,83,120,,2025-11-11T16:20:50Z,2010,2010-01-01,2010-12-31
654130,TB_1,COUNTRY,KOR,WPR,Western Pacific,YEAR,2001,,,,,,,,,94 [87-100],94,87,100,,2025-11-11T16:20:50Z,2001,2001-01-01,2001-12-31
656975,TB_1,COUNTRY,NER,AFR,Africa,YEAR,2024,,,,,,,,,71 [37-110],71,37,110,,2025-11-11T16:20:50Z,2024,2024-01-01,2024-12-31
665326,TB_1,COUNTRY,UZB,EUR,Europe,YEAR,2017,,,,,,,,,73 [60-89],73,60,89,,2025-11-11T16:20:50Z,2017,2017-01-01,2017-12-31
669935,TB_1,COUNTRY,ETH,AFR,Africa,YEAR,2016,,,,,,,,,62 [37-130],62,37,130,,2025-11-11T16:20:50Z,2016,2016-01-01,2016-12-31
672831,TB_1,COUNTRY,TUR,EUR,Europe,YEAR,2006,,,,,,,,,60 [50-74],60,50,74,,2025-11-11T16:20:50Z,2006,2006-01-01,2006-12-31
672887,TB_1,COUNTRY,TZA,AFR,Africa,YEAR,2007,,,,,,,,,29 [13-120],29,13,120,,2025-11-11T16:20:50Z,2007,2007-01-01,2007-12-31
675381,TB_1,COUNTRY,LBY,EMR,Eastern Mediterranean,YEAR,2011,,,,,,,,,56 [30-90],56,30,90,,2025-11-11T16:20:50Z,2011,2011-01-01,2011-12-31
677298,TB_1,COUNTRY,CHL,AMR,Americas,YEAR,2008,,,,,,,,,73 [61-90],73,61,90,,2025-11-11T16:20:50Z,2008,2008-01-01,2008-12-31
679744,TB_1,COUNTRY,AFG,EMR,Eastern Mediterranean,YEAR,2014,,,,,,,,,49 [24-83],49,24,83,,2025-11-11T16:20:50Z,2014,2014-01-01,2014-12-31
680184,TB_1,COUNTRY,MOZ,AFR,Africa,YEAR,2018,,,,,,,,,88 [60-140],88,60,140,,2025-11-11T16:20:50Z,2018,2018-01-01,2018-12-31
683205,TB_1,COUNTRY,LSO,AFR,Africa,YEAR,2015,,,,,,,,,46 [30-83],46,30,83,,2025-11-11T16:20:50Z,2015,2015-01-01,2015-12-31
683607,TB_1,COUNTRY,ARM,EUR,Europe,YEAR,2022,,,,,,,,,65 [54-79],65,54,79,,2025-11-11T16:20:50Z,2022,2022-01-01,2022-12-31
683848,TB_1,REGION,EMR,,,YEAR,2012,,,,,,,,,50 [38-69],50,38,69,,2025-11-11T16:20:50Z,2012,2012-01-01,2012-12-31
683946,TB_1,COUNTRY,SVN,EUR,Europe,YEAR,2005,,,,,,,,,70 [58-86],70,58,86,,2025-11-11T16:20:50Z,2005,2005-01-01,2005-12-31
684997,TB_1,COUNTRY,SLV,AMR,Americas,YEAR,2009,,,,,,,,,69 [57-85],69,57,85,,2025-11-11T16:20:50Z,2009,2009-01-01,2009-12-31
687385,TB_1,COUNTRY,TGO,AFR,Africa,YEAR,2016,,,,,,,,,61 [30-100],61,30,100,,2025-11-11T16:20:50Z,2016,2016-01-01,2016-12-31
687527,TB_1,COUNTRY,GTM,AMR,Americas,YEAR,2012,,,,,,,,,89 [74-110],89,74,110,,2025-11-11T16:20:50Z,2012,2012-01-01,2012-12-31
687969,TB_1,COUNTRY,IDN,WPR,Western Pacific,YEAR,2022,,,,,,,,,68 [59-80],68,59,80,,2025-11-11T16:20:50Z,2022,2022-01-01,2022-12-31
690152,TB_1,COUNTRY,CZE,EUR,Europe,YEAR,2015,,,,,,,,,80 [67-99],80,67,99,,2025-11-11T16:20:50Z,2015,2015-01-01,2015-12-31
690712,TB_1,COUNTRY,MMR,SEAR,South-East Asia,YEAR,2014,,,,,,,,,66 [41-120],66,41,120,,2025-11-11T16:20:50Z,2014,2014-01-01,2014-12-31
691687,TB_1,REGION,SEAR,,,YEAR,2003,,,,,,,,,31 [17-67],31,17,67,,2025-11-11T16:20:50Z,2003,2003-01-01,2003-12-31
693770,TB_1,COUNTRY,NGA,AFR,Africa,YEAR,2007,,,,,,,,,25 [17-38],25,17,38,,2025-11-11T16:20:50Z,2007,2007-01-01,2007-12-31
695068,TB_1,COUNTRY,PRI,AMR,Americas,YEAR,2022,,,,,,,,,76 [63-93],76,63,93,,2025-11-11T16:20:50Z,2022,2022-01-01,2022-12-31
695705,TB_1,GLOBAL,GLOBAL,,,YEAR,2022,,,,,,,,,70 [65-75],70,65,75,,2025-11-11T16:20:50Z,2022,2022-01-01,2022-12-31
696866,TB_1,COUNTRY,BGD,SEAR,South-East Asia,YEAR,2018,,,,,,,,,74 [56-100],74,56,100,,2025-11-11T16:20:50Z,2018,2018-01-01,2018-12-31
698043,TB_1,COUNTRY,CHL,AMR,Americas,YEAR,2018,,,,,,,,,82 [68-100],82,68,100,,2025-11-11T16:20:50Z,2018,2018-01-01,2018-12-31
698683,TB_1,COUNTRY,MUS,AFR,Africa,YEAR,2010,,,,,,,,,53 [44-65],53,44,65,,2025-11-11T16:20:50Z,2010,2010-01-01,2010-12-31
700291,TB_1,COUNTRY,BFA,AFR,Africa,YEAR,2022,,,,,,,,,56 [29-91],56,29,91,,2025-11-11T16:20:50Z,2022,2022-01-01,2022-12-31
705620,TB_1,COUNTRY,BGR,EUR,Europe,YEAR,2005,,,,,,,,,56 [47-69],56,47,69,,2025-11-11T16:20:50Z,2005,2005-01-01,2005-12-31
706307,TB_1,COUNTRY,SDN,EMR,Eastern Mediterranean,YEAR,2017,,,,,,,,,63 [44-97],63,44,97,,2025-11-11T16:20:50Z,2017,2017-01-01,2017-12-31
706582,TB_1,COUNTRY,MOZ,AFR,Africa,YEAR,2015,,,,,,,,,61 [41-99],61,41,99,,2025-11-11T16:20:50Z,2015,2015-01-01,2015-12-31
710207,TB_1,COUNTRY,SVK,EUR,Europe,YEAR,2000,,,,,,,,,59 [49-72],59,49,72,,2025-11-11T16:20:50Z,2000,2000-01-01,2000-12-31
713403,TB_1,COUNTRY,SEN,AFR,Africa,YEAR,2020,,,,,,,,,55 [29-90],55,29,90,,2025-11-11T16:20:50Z,2020,2020-01-01,2020-12-31
713686,TB_1,COUNTRY,SLV,AMR,Americas,YEAR,2015,,,,,,,,,75 [62-92],75,62,92,,2025-11-11T16:20:50Z,2015,2015-01-01,2015-12-31
717033,TB_1,COUNTRY,AFG,EMR,Eastern Mediterranean,YEAR,2010,,,,,,,,,45 [21-81],45,21,81,,2025-11-11T16:20:50Z,2010,2010-01-01,2010-12-31
718447,TB_1,COUNTRY,GHA,AFR,Africa,YEAR,2010,,,,,,,,,31 [17-81],31,17,81,,2025-11-11T16:20:50Z,2010,2010-01-01,2010-12-31
720553,TB_1,COUNTRY,VUT,WPR,Western Pacific,YEAR,2021,,,,,,,,,47 [23-78],47,23,78,,2025-11-11T16:20:50Z,2021,2021-01-01,2021-12-31
720812,TB_1,COUNTRY,GIN,AFR,Africa,YEAR,2012,,,,,,,,,56 [26-99],56,26,99,,2025-11-11T16:20:50Z,2012,2012-01-01,2012-12-31
723073,TB_1,COUNTRY,SEN,AFR,Africa,YEAR,2012,,,,,,,,,52 [25-89],52,25,89,,2025-11-11T16:20:50Z,2012,2012-01-01,2012-12-31
724065,TB_1,COUNTRY,PHL,WPR,Western Pacific,YEAR,2023,,,,,,,,,79 [49-140],79,49,140,,2025-11-11T16:20:50Z,2023,2023-01-01,2023-12-31
730257,TB_1,COUNTRY,CZE,EUR,Europe,YEAR,2005,,,,,,,,,75 [62-92],75,62,92,,2025-11-11T16:20:50Z,2005,2005-01-01,2005-12-31
731261,TB_1,COUNTRY,QAT,EMR,Eastern Mediterranean,YEAR,2016,,,,,,,,,71 [59-87],71,59,87,,2025-11-11T16:20:50Z,2016,2016-01-01,2016-12-31
734612,TB_1,COUNTRY,BLZ,AMR,Americas,YEAR,2022,,,,,,,,,53 [43-66],53,43,66,,2025-11-11T16:20:50Z,2022,2022-01-01,2022-12-31
736878,TB_1,COUNTRY,TZA,AFR,Africa,YEAR,2011,,,,,,,,,32 [15-110],32,15,110,,2025-11-11T16:20:50Z,2011,2011-01-01,2011-12-31
743871,TB_1,COUNTRY,GMB,AFR,Africa,YEAR,2023,,,,,,,,,72 [54-100],72,54,100,,2025-11-11T16:20:50Z,2023,2023-01-01,2023-12-31
747498,TB_1,COUNTRY,BLR,EUR,Europe,YEAR,2006,,,,,,,,,55 [46-68],55,46,68,,2025-11-11T16:20:50Z,2006,2006-01-01,2006-12-31
749693,TB_1,COUNTRY,JPN,WPR,Western Pacific,YEAR,2019,,,,,,,,,83 [69-100],83,69,100,,2025-11-11T16:20:50Z,2019,2019-01-01,2019-12-31
750721,TB_1,COUNTRY,BGR,EUR,Europe,YEAR,2017,,,,,,,,,71 [59-87],71,59,87,,2025-11-11T16:20:50Z,2017,2017-01-01,2017-12-31
751824,TB_1,COUNTRY,ATG,AMR,Americas,YEAR,2012,,,,,,,,,100 [83-120],100,83,120,,2025-11-11T16:20:50Z,2012,2012-01-01,2012-12-31
756111,TB_1,COUNTRY,TUR,EUR,Europe,YEAR,2009,,,,,,,,,61 [51-75],61,51,75,,2025-11-11T16:20:50Z,2009,2009-01-01,2009-12-31
756662,TB_1,COUNTRY,MNE,EUR,Europe,YEAR,2023,,,,,,,,,59 [47-73],59,47,73,,2025-11-11T16:20:50Z,2023,2023-01-01,2023-12-31
756770,TB_1,COUNTRY,COL,AMR,Americas,YEAR,2005,,,,,,,,,56 [47-69],56,47,69,,2025-11-11T16:20:50Z,2005,2005-01-01,2005-12-31
757473,TB_1,COUNTRY,COL,AMR,Americas,YEAR,2019,,,,,,,,,79 [66-97],79,66,97,,2025-11-11T16:20:50Z,2019,2019-01-01,2019-12-31
759428,TB_1,COUNTRY,AGO,AFR,Africa,YEAR,2024,,,,,,,,,61 [42-93],61,42,93,,2025-11-11T16:20:50Z,2024,2024-01-01,2024-12-31
762590,TB_1,COUNTRY,SUR,AMR,Americas,YEAR,2011,,,,,,,,,63 [53-78],63,53,78,,2025-11-11T16:20:50Z,2011,2011-01-01,2011-12-31
765762,TB_1,COUNTRY,LVA,EUR,Europe,YEAR,2012,,,,,,,,,62 [52-77],62,52,77,,2025-11-11T16:20:50Z,2012,2012-01-01,2012-12-31
766447,TB_1,COUNTRY,PRI,AMR,Americas,YEAR,2008,,,,,,,,,64 [53-79],64,53,79,,2025-11-11T16:20:50Z,2008,2008-01-01,2008-12-31
766860,TB_1,COUNTRY,SYC,AFR,Africa,YEAR,2023,,,,,,,,,100 [83-120],100,83,120,,2025-11-11T16:20:50Z,2023,2023-01-01,2023-12-31
767654,TB_1,COUNTRY,CUB,AMR,Americas,YEAR,2015,,,,,,,,,82 [68-100],82,68,100,,2025-11-11T16:20:50Z,2015,2015-01-01,2015-12-31
768942,TB_1,COUNTRY,LUX,EUR,Europe,YEAR,2001,,,,,,,,,72 [60-89],72,60,89,,2025-11-11T16:20:50Z,2001,2001-01-01,2001-12-31
768962,TB_1,COUNTRY,MUS,AFR,Africa,YEAR,2013,,,,,,,,,59 [49-73],59,49,73,,2025-11-11T16:20:50Z,2013,2013-01-01,2013-12-31
769880,TB_1,COUNTRY,LVA,EUR,Europe,YEAR,2001,,,,,,,,,44 [37-54],44,37,54,,2025-11-11T16:20:50Z,2001,2001-01-01,2001-12-31
772660,TB_1,COUNTRY,PER,AMR,Americas,YEAR,2013,,,,,,,,,72 [59-88],72,59,88,,2025-11-11T16:20:50Z,2013,2013-01-01,2013-12-31
772877,TB_1,COUNTRY,CUB,AMR,Americas,YEAR,2012,,,,,,,,,78 [65-96],78,65,96,,2025-11-11T16:20:50Z,2012,2012-01-01,2012-12-31
773920,TB_1,COUNTRY,EGY,EMR,Eastern Mediterranean,YEAR,2009,,,,,,,,,70 [57-89],70,57,89,,2025-11-11T16:20:50Z,2009,2009-01-01,2009-12-31
776402,TB_1,COUNTRY,ERI,AFR,Africa,YEAR,2022,,,,,,,,,43 [36-53],43,36,53,,2025-11-11T16:20:50Z,2022,2022-01-01,2022-12-31
777626,TB_1,COUNTRY,BLZ,AMR,Americas,YEAR,2016,,,,,,,,,67 [55-82],67,55,82,,2025-11-11T16:20:50Z,2016,2016-01-01,2016-12-31
779124,TB_1,COUNTRY,CZE,EUR,Europe,YEAR,2023,,,,,,,,,84 [70-100],84,70,100,,2025-11-11T16:20:50Z,2023,2023-01-01,2023-12-31
779417,TB_1,COUNTRY,BRB,AMR,Americas,YEAR,2010,,,,,,,,,100 [83-120],100,83,120,,2025-11-11T16:20:50Z,2010,2010-01-01,2010-12-31
780425,TB_1,COUNTRY,ARE,EMR,Eastern Mediterranean,YEAR,2009,,,,,,,,,58 [48-71],58,48,71,,2025-11-11T16:20:50Z,2009,2009-01-01,2009-12-31
783736,TB_1,COUNTRY,BDI,AFR,Africa,YEAR,2024,,,,,,,,,69 [36-110],69,36,110,,2025-11-11T16:20:50Z,2024,2024-01-01,2024-12-31
784765,TB_1,COUNTRY,GAB,AFR,Africa,YEAR,2016,,,,,,,,,56 [28-92],56,28,92,,2025-11-11T16:20:50Z,2016,2016-01-01,2016-12-31
784843,TB_1,COUNTRY,POL,EUR,Europe,YEAR,2021,,,,,,,,,82 [68-100],82,68,100,,2025-11-11T16:20:50Z,2021,2021-01-01,2021-12-31
786023,TB_1,COUNTRY,POL,EUR,Europe,YEAR,2013,,,,,,,,,77 [64-95],77,64,95,,2025-11-11T16:20:50Z,2013,2013-01-01,2013-12-31
786852,TB_1,COUNTRY,TJK,EUR,Europe,YEAR,2013,,,,,,,,,50 [42-62],50,42,62,,2025-11-11T16:20:50Z,2013,2013-01-01,2013-12-31
789030,TB_1,COUNTRY,ECU,AMR,Americas,YEAR,2019,,,,,,,,,79 [66-98],79,66,98,,2025-11-11T16:20:50Z,2019,2019-01-01,2019-12-31
789289,TB_1,COUNTRY,BIH,EUR,Europe,YEAR,2018,,,,,,,,,69 [58-85],69,58,85,,2025-11-11T16:20:50Z,2018,2018-01-01,2018-12-31
794606,TB_1,REGION,WPR,,,YEAR,2022,,,,,,,,,65 [56-76],65,56,76,,2025-11-11T16:20:50Z,2022,2022-01-01,2022-12-31
795112,TB_1,COUNTRY,PRY,AMR,Americas,YEAR,2014,,,,,,,,,68 [57-84],68,57,84,,2025-11-11T16:20:50Z,2014,2014-01-01,2014-12-31
799253,TB_1,COUNTRY,ECU,AMR,Americas,YEAR,2022,,,,,,,,,78 [65-96],78,65,96,,2025-11-11T16:20:50Z,2022,2022-01-01,2022-12-31
801108,TB_1,COUNTRY,MEX,AMR,Americas,YEAR,2003,,,,,,,,,55 [45-67],55,45,67,,2025-11-11T16:20:50Z,2003,2003-01-01,2003-12-31
802860,TB_1,COUNTRY,UGA,AFR,Africa,YEAR,2006,,,,,,,,,62 [43-100],62,43,100,,2025-11-11T16:20:50Z,2006,2006-01-01,2006-12-31
802936,TB_1,COUNTRY,ERI,AFR,Africa,YEAR,2018,,,,,,,,,44 [37-54],44,37,54,,2025-11-11T16:20:50Z,2018,2018-01-01,2018-12-31
805368,TB_1,COUNTRY,UGA,AFR,Africa,YEAR,2011,,,,,,,,,67 [48-99],67,48,99,,2025-11-11T16:20:50Z,2011,2011-01-01,2011-12-31
805812,TB_1,COUNTRY,GEO,EUR,Europe,YEAR,2014,,,,,,,,,66 [55-81],66,55,81,,2025-11-11T16:20:50Z,2014,2014-01-01,2014-12-31
808554,TB_1,COUNTRY,GIN,AFR,Africa,YEAR,2022,,,,,,,,,80 [42-130],80,42,130,,2025-11-11T16:20:50Z,2022,2022-01-01,2022-12-31
808633,TB_1,COUNTRY,COK,WPR,Western Pacific,YEAR,2000,,,,,,,,,100 [83-120],100,83,120,,2025-11-11T16:20:50Z,2000,2000-01-01,2000-12-31
809585,TB_1,COUNTRY,HUN,EUR,Europe,YEAR,2021,,,,,,,,,78 [65-96],78,65,96,,2025-11-11T16:20:50Z,2021,2021-01-01,2021-12-31
810617,TB_1,COUNTRY,LTU,EUR,Europe,YEAR,2015,,,,,,,,,66 [55-81],66,55,81,,2025-11-11T16:20:50Z,2015,2015-01-01,2015-12-31
811354,TB_1,COUNTRY,MAC,,,YEAR,2020,,,,,,,,,65 [54-80],65,54,80,,2025-11-11T16:20:50Z,2020,2020-01-01,2020-12-31
816137,TB_1,COUNTRY,IND,SEAR,South-East Asia,YEAR,2014,,,,,,,,,50 [37-72],50,37,72,,2025-11-11T16:20:50Z,2014,2014-01-01,2014-12-31
818181,TB_1,COUNTRY,VEN,AMR,Americas,YEAR,2001,,,,,,,,,45 [37-55],45,37,55,,2025-11-11T16:20:50Z,2001,2001-01-01,2001-12-31
820899,TB_1,COUNTRY,ARM,EUR,Europe,YEAR,2017,,,,,,,,,67 [56-82],67,56,82,,2025-11-11T16:20:50Z,2017,2017-01-01,2017-12-31
821695,TB_1,COUNTRY,CPV,AFR,Africa,YEAR,2019,,,,,,,,,70 [58-86],70,58,86,,2025-11-11T16:20:50Z,2019,2019-01-01,2019-12-31
825997,TB_1,COUNTRY,AZE,EUR,Europe,YEAR,2006,,,,,,,,,33 [27-40],33,27,40,,2025-11-11T16:20:50Z,2006,2006-01-01,2006-12-31
828027,TB_1,COUNTRY,CHE,EUR,Europe,YEAR,2008,,,,,,,,,80 [66-98],80,66,98,,2025-11-11T16:20:50Z,2008,2008-01-01,2008-12-31
828126,TB_1,COUNTRY,NZL,WPR,Western Pacific,YEAR,2008,,,,,,,,,80 [66-98],80,66,98,,2025-11-11T16:20:50Z,2008,2008-01-01,2008-12-31
828331,TB_1,COUNTRY,BIH,EUR,Europe,YEAR,2016,,,,,,,,,69 [57-84],69,57,84,,2025-11-11T16:20:50Z,2016,2016-01-01,2016-12-31
831176,TB_1,COUNTRY,NZL,WPR,Western Pacific,YEAR,2010,,,,,,,,,81 [67-100],81,67,100,,2025-11-11T16:20:50Z,2010,2010-01-01,2010-12-31
836186,TB_1,COUNTRY,BFA,AFR,Africa,YEAR,2000,,,,,,,,,21 [11-34],21,11,34,,2025-11-11T16:20:50Z,2000,2000-01-01,2000-12-31
838380,TB_1,COUNTRY,WSM,WPR,Western Pacific,YEAR,2008,,,,,,,,,100 [83-120],100,83,120,,2025-11-11T16:20:50Z,2008,2008-01-01,2008-12-31
838873,TB_1,COUNTRY,COD,AFR,Africa,YEAR,2024,,,,,,,,,70 [36-110],70,36,110,,2025-11-11T16:20:50Z,2024,2024-01-01,2024-12-31
840218,TB_1,COUNTRY,MDG,AFR,Africa,YEAR,2001,,,,,,,,,45 [16-87],45,16,87,,2025-11-11T16:20:50Z,2001,2001-01-01,2001-12-31
841430,TB_1,COUNTRY,COM,AFR,Africa,YEAR,2024,,,,,,,,,68 [35-110],68,35,110,,2025-11-11T16:20:50Z,2024,2024-01-01,2024-12-31
841546,TB_1,COUNTRY,SWZ,AFR,Africa,YEAR,2006,,,,,,,,,57 [18-990],57,18,990,,2025-11-11T16:20:50Z,2006,2006-01-01,2006-12-31
843014,TB_1,COUNTRY,BLZ,AMR,Americas,YEAR,2005,,,,,,,,,52 [43-64],52,43,64,,2025-11-11T16:20:50Z,2005,2005-01-01,2005-12-31
843042,TB_1,COUNTRY,GUY,AMR,Americas,YEAR,2013,,,,,,,,,70 [58-86],70,58,86,,2025-11-11T16:20:50Z,2013,2013-01-01,2013-12-31
846039,TB_1,COUNTRY,UZB,EUR,Europe,YEAR,2003,,,,,,,,,56 [47-69],56,47,69,,2025-11-11T16:20:50Z,2003,2003-01-01,2003-12-31
847231,TB_1,COUNTRY,CMR,AFR,Africa,YEAR,2002,,,,,,,,,41 [18-74],41,18,74,,2025-11-11T16:20:50Z,2002,2002-01-01,2002-12-31
847371,TB_1,COUNTRY,PAK,EMR,Eastern Mediterranean,YEAR,2014,,,,,,,,,53 [37-83],53,37,83,,2025-11-11T16:20:50Z,2014,2014-01-01,2014-12-31
847419,TB_1,COUNTRY,LTU,EUR,Europe,YEAR,2005,,,,,,,,,50 [41-61],50,41,61,,2025-11-11T16:20:50Z,2005,2005-01-01,2005-12-31
848765,TB_1,COUNTRY,MDA,EUR,Europe,YEAR,2008,,,,,,,,,99 [82-120],99,82,120,,2025-11-11T16:20:50Z,2008,2008-01-01,2008-12-31
850264,TB_1,COUNTRY,LKA,SEAR,South-East Asia,YEAR,2006,,,,,,,,,41 [17-75],41,17,75,,2025-11-11T16:20:50Z,2006,2006-01-01,2006-12-31
850385,TB_1,COUNTRY,SYR,EMR,Eastern Mediterranean,YEAR,2010,,,,,,,,,54 [45-66],54,45,66,,2025-11-11T16:20:50Z,2010,2010-01-01,2010-12-31
850473,TB_1,COUNTRY,CMR,AFR,Africa,YEAR,2018,,,,,,,,,53 [27-87],53,27,87,,2025-11-11T16:20:50Z,2018,2018-01-01,2018-12-31
853124,TB_1,COUNTRY,HRV,EUR,Europe,YEAR,2006,,,,,,,,,72 [60-89],72,60,89,,2025-11-11T16:20:50Z,2006,2006-01-01,2006-12-31
853153,TB_1,COUNTRY,CMR,AFR,Africa,YEAR,2011,,,,,,,,,47 [22-81],47,22,81,,2025-11-11T16:20:50Z,2011,2011-01-01,2011-12-31
854241,TB_1,COUNTRY,PER,AMR,Americas,YEAR,2007,,,,,,,,,58 [49-72],58,49,72,,2025-11-11T16:20:50Z,2007,2007-01-01,2007-12-31
857645,TB_1,COUNTRY,TUV,WPR,Western Pacific,YEAR,2007,,,,,,,,,100 [83-120],100,83,120,,2025-11-11T16:20:50Z,2007,2007-01-01,2007-12-31
864348,TB_1,COUNTRY,BTN,SEAR,South-East Asia,YEAR,2016,,,,,,,,,51 [42-63],51,42,63,,2025-11-11T16:20:50Z,2016,2016-01-01,2016-12-31
865387,TB_1,COUNTRY,MRT,AFR,Africa,YEAR,2018,,,,,,,,,59 [30-98],59,30,98,,2025-11-11T16:20:50Z,2018,2018-01-01,2018-12-31
867032,TB_1,COUNTRY,ZWE,AFR,Africa,YEAR,2015,,,,,,,,,78 [57-110],78,57,110,,2025-11-11T16:20:50Z,2015,2015-01-01,2015-12-31
868259,TB_1,COUNTRY,BGD,SEAR,South-East Asia,YEAR,2019,,,,,,,,,80 [61-110],80,61,110,,2025-11-11T16:20:50Z,2019,2019-01-01,2019-12-31
869337,TB_1,COUNTRY,NAM,AFR,Africa,YEAR,2019,,,,,,,,,61 [45-85],61,45,85,,2025-11-11T16:20:50Z,2019,2019-01-01,2019-12-31
869643,TB_1,COUNTRY,AGO,AFR,Africa,YEAR,2016,,,,,,,,,47 [23-79],47,23,79,,2025-11-11T16:20:50Z,2016,2016-01-01,2016-12-31
870073,TB_1,COUNTRY,HUN,EUR,Europe,YEAR,2017,,,,,,,,,77 [64-95],77,64,95,,2025-11-11T16:20:50Z,2017,2017-01-01,2017-12-31
876968,TB_1,COUNTRY,JAM,AMR,Americas,YEAR,2017,,,,,,,,,73 [61-90],73,61,90,,2025-11-11T16:20:50Z,2017,2017-01-01,2017-12-31
877786,TB_1,COUNTRY,NLD,EUR,Europe,YEAR,2013,,,,,,,,,87 [75-100],87,75,100,,2025-11-11T16:20:50Z,2013,2013-01-01,2013-12-31
881232,TB_1,COUNTRY,DZA,AFR,Africa,YEAR,2010,,,,,,,,,65 [54-80],65,54,80,,2025-11-11T16:20:50Z,2010,2010-01-01,2010-12-31
885792,TB_1,COUNTRY,SLE,AFR,Africa,YEAR,2012,,,,,,,,,42 [22-69],42,22,69,,2025-11-11T16:20:50Z,2012,2012-01-01,2012-12-31
887586,TB_1,COUNTRY,IND,SEAR,South-East Asia,YEAR,2007,,,,,,,,,36 [19-97],36,19,97,,2025-11-11T16:20:50Z,2007,2007-01-01,2007-12-31
888073,TB_1,COUNTRY,SLV,AMR,Americas,YEAR,2022,,,,,,,,,79 [66-97],79,66,97,,2025-11-11T16:20:50Z,2022,2022-01-01,2022-12-31
888854,TB_1,COUNTRY,DOM,AMR,Americas,YEAR,2020,,,,,,,,,52 [43-64],52,43,64,,2025-11-11T16:20:50Z,2020,2020-01-01,2020-12-31
889253,TB_1,COUNTRY,MDG,AFR,Africa,YEAR,2014,,,,,,,,,52 [24-90],52,24,90,,2025-11-11T16:20:50Z,2014,2014-01-01,2014-12-31
892197,TB_1,COUNTRY,SRB,EUR,Europe,YEAR,2019,,,,,,,,,76 [63-93],76,63,93,,2025-11-11T16:20:50Z,2019,2019-01-01,2019-12-31
896621,TB_1,COUNTRY,BDI,AFR,Africa,YEAR,2013,,,,,,,,,53 [25-90],53,25,90,,2025-11-11T16:20:50Z,2013,2013-01-01,2013-12-31
898947,TB_1,COUNTRY,ARE,EMR,Eastern Mediterranean,YEAR,2001,,,,,,,,,43 [36-53],43,36,53,,2025-11-11T16:20:50Z,2001,2001-01-01,2001-12-31
898969,TB_1,COUNTRY,MYS,WPR,Western Pacific,YEAR,2005,,,,,,,,,59 [49-72],59,49,72,,2025-11-11T16:20:50Z,2005,2005-01-01,2005-12-31
904478,TB_1,COUNTRY,IRL,EUR,Europe,YEAR,2003,,,,,,,,,73 [61-90],73,61,90,,2025-11-11T16:20:50Z,2003,2003-01-01,2003-12-31
910408,TB_1,COUNTRY,MLT,EUR,Europe,YEAR,2006,,,,,,,,,100 [83-120],100,83,120,,2025-11-11T16:20:50Z,2006,2006-01-01,2006-12-31
917547,TB_1,COUNTRY,ROU,EUR,Europe,YEAR,2015,,,,,,,,,76 [63-94],76,63,94,,2025-11-11T16:20:50Z,2015,2015-01-01,2015-12-31
917691,TB_1,COUNTRY,ARG,AMR,Americas,YEAR,2011,,,,,,,,,76 [63-93],76,63,93,,2025-11-11T16:20:50Z,2011,2011-01-01,2011-12-31
922541,TB_1,COUNTRY,MLT,EUR,Europe,YEAR,2016,,,,,,,,,100 [83-120],100,83,120,,2025-11-11T16:20:50Z,2016,2016-01-01,2016-12-31
924301,TB_1,COUNTRY,HND,AMR,Americas,YEAR,2016,,,,,,,,,64 [53-79],64,53,79,,2025-11-11T16:20:50Z,2016,2016-01-01,2016-12-31
926168,TB_1,COUNTRY,IRL,EUR,Europe,YEAR,2011,,,,,,,,,77 [64-95],77,64,95,,2025-11-11T16:20:50Z,2011,2011-01-01,2011-12-31
926881,TB_1,COUNTRY,URY,AMR,Americas,YEAR,2010,,,,,,,,,75 [62-92],75,62,92,,2025-11-11T16:20:50Z,2010,2010-01-01,2010-12-31
931393,TB_1,COUNTRY,ATG,AMR,Americas,YEAR,2008,,,,,,,,,100 [83-120],100,83,120,,2025-11-11T16:20:50Z,2008,2008-01-01,2008-12-31
931923,TB_1,COUNTRY,LUX,EUR,Europe,YEAR,2000,,,,,,,,,72 [60-89],72,60,89,,2025-11-11T16:20:50Z,2000,2000-01-01,2000-12-31
938471,TB_1,COUNTRY,ARG,AMR,Americas,YEAR,2010,,,,,,,,,75 [62-92],75,62,92,,2025-11-11T16:20:50Z,2010,2010-01-01,2010-12-31
940482,TB_1,COUNTRY,URY,AMR,Americas,YEAR,2011,,,,,,,,,76 [63-93],76,63,93,,2025-11-11T16:20:50Z,2011,2011-01-01,2011-12-31
943686,TB_1,COUNTRY,AUS,WPR,Western Pacific,YEAR,2013,,,,,,,,,86 [71-110],86,71,110,,2025-11-11T16:20:50Z,2013,2013-01-01,2013-12-31
945661,TB_1,COUNTRY,SUR,AMR,Americas,YEAR,2020,,,,,,,,,66 [55-82],66,55,82,,2025-11-11T16:20:50Z,2020,2020-01-01,2020-12-31
947041,TB_1,COUNTRY,AGO,AFR,Africa,YEAR,2008,,,,,,,,,41 [19-73],41,19,73,,2025-11-11T16:20:50Z,2008,2008-01-01,2008-12-31
947057,TB_1,COUNTRY,MMR,SEAR,South-East Asia,YEAR,2009,,,,,,,,,50 [26-130],50,26,130,,2025-11-11T16:20:50Z,2009,2009-01-01,2009-12-31
948127,TB_1,COUNTRY,LSO,AFR,Africa,YEAR,2000,,,,,,,,,59 [37-110],59,37,110,,2025-11-11T16:20:50Z,2000,2000-01-01,2000-12-31
949307,TB_1,COUNTRY,STP,AFR,Africa,YEAR,2014,,,,,,,,,49 [41-60],49,41,60,,2025-11-11T16:20:50Z,2014,2014-01-01,2014-12-31
952083,TB_1,COUNTRY,OMN,EMR,Eastern Mediterranean,YEAR,2013,,,,,,,,,66 [55-81],66,55,81,,2025-11-11T16:20:50Z,2013,2013-01-01,2013-12-31
952509,TB_1,COUNTRY,MLT,EUR,Europe,YEAR,2008,,,,,,,,,100 [83-120],100,83,120,,2025-11-11T16:20:50Z,2008,2008-01-01,2008-12-31
953239,TB_1,COUNTRY,BHS,AMR,Americas,YEAR,2002,,,,,,,,,54 [45-66],54,45,66,,2025-11-11T16:20:50Z,2002,2002-01-01,2002-12-31
956150,TB_1,COUNTRY,OMN,EMR,Eastern Mediterranean,YEAR,2012,,,,,,,,,66 [55-81],66,55,81,,2025-11-11T16:20:50Z,2012,2012-01-01,2012-12-31
959714,TB_1,COUNTRY,VUT,WPR,Western Pacific,YEAR,2012,,,,,,,,,48 [21-87],48,21,87,,2025-11-11T16:20:50Z,2012,2012-01-01,2012-12-31
960864,TB_1,COUNTRY,VUT,WPR,Western Pacific,YEAR,2013,,,,,,,,,50 [23-89],50,23,89,,2025-11-11T16:20:50Z,2013,2013-01-01,2013-12-31
961644,TB_1,COUNTRY,GBR,EUR,Europe,YEAR,2019,,,,,,,,,89 [83-96],89,83,96,,2025-11-11T16:20:50Z,2019,2019-01-01,2019-12-31
968514,TB_1,COUNTRY,MHL,WPR,Western Pacific,YEAR,2013,,,,,,,,,55 [46-68],55,46,68,,2025-11-11T16:20:50Z,2013,2013-01-01,2013-12-31
969363,TB_1,COUNTRY,VUT,WPR,Western Pacific,YEAR,2015,,,,,,,,,62 [29-110],62,29,110,,2025-11-11T16:20:50Z,2015,2015-01-01,2015-12-31
969437,TB_1,COUNTRY,MMR,SEAR,South-East Asia,YEAR,2017,,,,,,,,,71 [48-110],71,48,110,,2025-11-11T16:20:50Z,2017,2017-01-01,2017-12-31
970079,TB_1,COUNTRY,BLZ,AMR,Americas,YEAR,2012,,,,,,,,,63 [53-78],63,53,78,,2025-11-11T16:20:50Z,2012,2012-01-01,2012-12-31
974422,TB_1,COUNTRY,KWT,EMR,Eastern Mediterranean,YEAR,2022,,,,,,,,,77 [64-95],77,64,95,,2025-11-11T16:20:50Z,2022,2022-01-01,2022-12-31
974593,TB_1,COUNTRY,PAN,AMR,Americas,YEAR,2024,,,,,,,,,77 [64-94],77,64,94,,2025-11-11T16:20:50Z,2024,2024-01-01,2024-12-31
974846,TB_1,COUNTRY,KHM,WPR,Western Pacific,YEAR,2018,,,,,,,,,58 [43-77],58,43,77,,2025-11-11T16:20:50Z,2018,2018-01-01,2018-12-31
975568,TB_1,COUNTRY,TUV,WPR,Western Pacific,YEAR,2019,,,,,,,,,100 [83-120],100,83,120,,2025-11-11T16:20:50Z,2019,2019-01-01,2019-12-31
975947,TB_1,COUNTRY,DNK,EUR,Europe,YEAR,2022,,,,,,,,,82 [68-100],82,68,100,,2025-11-11T16:20:50Z,2022,2022-01-01,2022-12-31
978561,TB_1,COUNTRY,GRD,AMR,Americas,YEAR,2022,,,,,,,,,100 [83-120],100,83,120,,2025-11-11T16:20:50Z,2022,2022-01-01,2022-12-31
981560,TB_1,COUNTRY,UZB,EUR,Europe,YEAR,2016,,,,,,,,,68 [56-84],68,56,84,,2025-11-11T16:20:50Z,2016,2016-01-01,2016-12-31
985120,TB_1,WORLDBANKINCOMEGROUP,WB_HI,,,YEAR,2005,,,,,,,,,84 [67-110],84,67,110,,2025-11-11T16:20:50Z,2005,2005-01-01,2005-12-31
987703,TB_1,COUNTRY,NOR,EUR,Europe,YEAR,2017,,,,,,,,,87 [72-110],87,72,110,,2025-11-11T16:20:50Z,2017,2017-01-01,2017-12-31
989252,TB_1,COUNTRY,GEO,EUR,Europe,YEAR,2008,,,,,,,,,60 [50-74],60,50,74,,2025-11-11T16:20:50Z,2008,2008-01-01,2008-12-31
990858,TB_1,COUNTRY,ISL,EUR,Europe,YEAR,2007,,,,,,,,,100 [83-120],100,83,120,,2025-11-11T16:20:50Z,2007,2007-01-01,2007-12-31
992536,TB_1,COUNTRY,BRA,AMR,Americas,YEAR,2005,,,,,,,,,92 [76-110],92,76,110,,2025-11-11T16:20:50Z,2005,2005-01-01,2005-12-31
994939,TB_1,COUNTRY,SDN,EMR,Eastern Mediterranean,YEAR,2014,,,,,,,,,53 [29-130],53,29,130,,2025-11-11T16:20:50Z,2014,2014-01-01,2014-12-31
997315,TB_1,COUNTRY,FIN,EUR,Europe,YEAR,2016,,,,,,,,,85 [71-100],85,71,100,,2025-11-11T16:20:50Z,2016,2016-01-01,2016-12-31
1002307,TB_1,COUNTRY,IDN,WPR,Western Pacific,YEAR,2001,,,,,,,,,11 [10-13],11,10,13,,2025-11-11T16:20:50Z,2001,2001-01-01,2001-12-31
1003895,TB_1,COUNTRY,SGP,WPR,Western Pacific,YEAR,2023,,,,,,,,,89 [74-110],89,74,110,,2025-11-11T16:20:50Z,2023,2023-01-01,2023-12-31
1012395,TB_1,COUNTRY,LKA,SEAR,South-East Asia,YEAR,2000,,,,,,,,,29 [4.4-79],29,4.4,79,,2025-11-11T16:20:50Z,2000,2000-01-01,2000-12-31
1015153,TB_1,COUNTRY,SYR,EMR,Eastern Mediterranean,YEAR,2020,,,,,,,,,62 [51-76],62,51,76,,2025-11-11T16:20:50Z,2020,2020-01-01,2020-12-31
1015622,TB_1,COUNTRY,GBR,EUR,Europe,YEAR,2014,,,,,,,,,89 [83-96],89,83,96,,2025-11-11T16:20:50Z,2014,2014-01-01,2014-12-31
1016115,TB_1,COUNTRY,POL,EUR,Europe,YEAR,2001,,,,,,,,,63 [52-77],63,52,77,,2025-11-11T16:20:50Z,2001,2001-01-01,2001-12-31
1017302,TB_1,COUNTRY,SLB,WPR,Western Pacific,YEAR,2017,,,,,,,,,44 [36-54],44,36,54,,2025-11-11T16:20:50Z,2017,2017-01-01,2017-12-31
1018071,TB_1,COUNTRY,BIH,EUR,Europe,YEAR,2009,,,,,,,,,60 [50-74],60,50,74,,2025-11-11T16:20:50Z,2009,2009-01-01,2009-12-31
1022796,TB_1,COUNTRY,KNA,AMR,Americas,YEAR,2010,,,,,,,,,100 [83-120],100,83,120,,2025-11-11T16:20:50Z,2010,2010-01-01,2010-12-31
1025322,TB_1,COUNTRY,MLI,AFR,Africa,YEAR,2005,,,,,,,,,44 [19-78],44,19,78,,2025-11-11T16:20:50Z,2005,2005-01-01,2005-12-31
1025954,TB_1,COUNTRY,SAU,EMR,Eastern Mediterranean,YEAR,2014,,,,,,,,,91 [82-100],91,82,100,,2025-11-11T16:20:50Z,2014,2014-01-01,2014-12-31
1030227,TB_1,COUNTRY,CUB,AMR,Americas,YEAR,2021,,,,,,,,,84 [70-100],84,70,100,,2025-11-11T16:20:50Z,2021,2021-01-01,2021-12-31
1031064,TB_1,COUNTRY,BFA,AFR,Africa,YEAR,2015,,,,,,,,,44 [23-71],44,23,71,,2025-11-11T16:20:50Z,2015,2015-01-01,2015-12-31
1031289,TB_1,COUNTRY,SGP,WPR,Western Pacific,YEAR,2014,,,,,,,,,84 [70-100],84,70,100,,2025-11-11T16:20:50Z,2014,2014-01-01,2014-12-31
1032352,TB_1,COUNTRY,TON,WPR,Western Pacific,YEAR,2012,,,,,,,,,100 [83-120],100,83,120,,2025-11-11T16:20:50Z,2012,2012-01-01,2012-12-31
1035809,TB_1,COUNTRY,MNG,WPR,Western Pacific,YEAR,2009,,,,,,,,,39 [24-76],39,24,76,,2025-11-11T16:20:50Z,2009,2009-01-01,2009-12-31
1037954,TB_1,COUNTRY,HTI,AMR,Americas,YEAR,2022,,,,,,,,,49 [41-61],49,41,61,,2025-11-11T16:20:50Z,2022,2022-01-01,2022-12-31
1043364,TB_1,COUNTRY,MMR,SEAR,South-East Asia,YEAR,2008,,,,,,,,,48 [25-130],48,25,130,,2025-11-11T16:20:50Z,2008,2008-01-01,2008-12-31
1044239,TB_1,REGION,AFR,,,YEAR,2017,,,,,,,,,48 [42-56],48,42,56,,2025-11-11T16:20:50Z,2017,2017-01-01,2017-12-31
1045833,TB_1,COUNTRY,KNA,AMR,Americas,YEAR,2002,,,,,,,,,100 [83-120],100,83,120,,2025-11-11T16:20:50Z,2002,2002-01-01,2002-12-31
1046953,TB_1,COUNTRY,ZWE,AFR,Africa,YEAR,2008,,,,,,,,,58 [27-210],58,27,210,,2025-11-11T16:20:50Z,2008,2008-01-01,2008-12-31
1048080,TB_1,COUNTRY,GNB,AFR,Africa,YEAR,2020,,,,,,,,,68 [36-110],68,36,110,,2025-11-11T16:20:50Z,2020,2020-01-01,2020-12-31
1049645,TB_1,COUNTRY,JPN,WPR,Western Pacific,YEAR,2008,,,,,,,,,77 [64-95],77,64,95,,2025-11-11T16:20:50Z,2008,2008-01-01,2008-12-31
1056630,TB_1,COUNTRY,AND,EUR,Europe,YEAR,2017,,,,,,,,,100 [83-120],100,83,120,,2025-11-11T16:20:50Z,2017,2017-01-01,2017-12-31
1057077,TB_1,COUNTRY,MWI,AFR,Africa,YEAR,2018,,,,,,,,,55 [34-110],55,34,110,,2025-11-11T16:20:50Z,2018,2018-01-01,2018-12-31
1063477,TB_1,COUNTRY,VEN,AMR,Americas,YEAR,2016,,,,,,,,,75 [62-92],75,62,92,,2025-11-11T16:20:50Z,2016,2016-01-01,2016-12-31
1063748,TB_1,COUNTRY,ARM,EUR,Europe,YEAR,2000,,,,,,,,,37 [31-46],37,31,46,,2025-11-11T16:20:50Z,2000,2000-01-01,2000-12-31
1063971,TB_1,COUNTRY,TON,WPR,Western Pacific,YEAR,2016,,,,,,,,,100 [83-120],100,83,120,,2025-11-11T16:20:50Z,2016,2016-01-01,2016-12-31
1068755,TB_1,COUNTRY,HKG,,,YEAR,2020,,,,,,,,,65 [54-80],65,54,80,,2025-11-11T16:20:50Z,2020,2020-01-01,2020-12-31
1069393,TB_1,COUNTRY,COK,WPR,Western Pacific,YEAR,2016,,,,,,,,,100 [83-120],100,83,120,,2025-11-11T16:20:50Z,2016,2016-01-01,2016-12-31
1070178,TB_1,WORLDBANKINCOMEGROUP,WB_LI,,,YEAR,2002,,,,,,,,,34 [27-44],34,27,44,,2025-11-11T16:20:50Z,2002,2002-01-01,2002-12-31
1071222,TB_1,COUNTRY,FSM,WPR,Western Pacific,YEAR,2020,,,,,,,,,47 [39-57],47,39,57,,2025-11-11T16:20:50Z,2020,2020-01-01,2020-12-31
1071683,TB_1,COUNTRY,SYC,AFR,Africa,YEAR,2015,,,,,,,,,100 [83-120],100,83,120,,2025-11-11T16:20:50Z,2015,2015-01-01,2015-12-31
1074720,TB_1,COUNTRY,DNK,EUR,Europe,YEAR,2021,,,,,,,,,82 [68-100],82,68,100,,2025-11-11T16:20:50Z,2021,2021-01-01,2021-12-31
1078814,TB_1,COUNTRY,VUT,WPR,Western Pacific,YEAR,2004,,,,,,,,,30 [5.2-71],30,5.2,71,,2025-11-11T16:20:50Z,2004,2004-01-01,2004-12-31
1083759,TB_1,COUNTRY,BOL,AMR,Americas,YEAR,2014,,,,,,,,,55 [46-68],55,46,68,,2025-11-11T16:20:50Z,2014,2014-01-01,2014-12-31
1084199,TB_1,COUNTRY,GMB,AFR,Africa,YEAR,2013,,,,,,,,,63 [47-87],63,47,87,,2025-11-11T16:20:50Z,2013,2013-01-01,2013-12-31
1086510,TB_1,COUNTRY,BHS,AMR,Americas,YEAR,2008,,,,,,,,,69 [57-85],69,57,85,,2025-11-11T16:20:50Z,2008,2008-01-01,2008-12-31
1087003,TB_1,COUNTRY,GTM,AMR,Americas,YEAR,2005,,,,,,,,,89 [74-110],89,74,110,,2025-11-11T16:20:50Z,2005,2005-01-01,2005-12-31
1087544,TB_1,COUNTRY,JOR,EMR,Eastern Mediterranean,YEAR,2002,,,,,,,,,62 [51-76],62,51,76,,2025-11-11T16:20:50Z,2002,2002-01-01,2002-12-31
1092741,TB_1,COUNTRY,COD,AFR,Africa,YEAR,2019,,,,,,,,,46 [24-75],46,24,75,,2025-11-11T16:20:50Z,2019,2019-01-01,2019-12-31
1093012,TB_1,COUNTRY,PNG,WPR,Western Pacific,YEAR,2012,,,,,,,,,45 [20-82],45,20,82,,2025-11-11T16:20:50Z,2012,2012-01-01,2012-12-31
1093407,TB_1,COUNTRY,ECU,AMR,Americas,YEAR,2016,,,,,,,,,76 [63-93],76,63,93,,2025-11-11T16:20:50Z,2016,2016-01-01,2016-12-31
1095217,TB_1,COUNTRY,YEM,EMR,Eastern Mediterranean,YEAR,2007,,,,,,,,,74 [64-88],74,64,88,,2025-11-11T16:20:50Z,2007,2007-01-01,2007-12-31
1096135,TB_1,COUNTRY,VCT,AMR,Americas,YEAR,2003,,,,,,,,,100 [83-120],100,83,120,,2025-11-11T16:20:50Z,2003,2003-01-01,2003-12-31
1097318,TB_1,COUNTRY,VCT,AMR,Americas,YEAR,2016,,,,,,,,,100 [83-120],100,83,120,,2025-11-11T16:20:50Z,2016,2016-01-01,2016-12-31
1097734,TB_1,COUNTRY,HRV,EUR,Europe,YEAR,2021,,,,,,,,,79 [66-98],79,66,98,,2025-11-11T16:20:50Z,2021,2021-01-01,2021-12-31
1097853,TB_1,COUNTRY,PRI,AMR,Americas,YEAR,2005,,,,,,,,,59 [49-73],59,49,73,,2025-11-11T16:20:50Z,2005,2005-01-01,2005-12-31
1103351,TB_1,COUNTRY,BTN,SEAR,South-East Asia,YEAR,2015,,,,,,,,,49 [41-61],49,41,61,,2025-11-11T16:20:50Z,2015,2015-01-01,2015-12-31
1104115,TB_1,COUNTRY,ISL,EUR,Europe,YEAR,2010,,,,,,,,,100 [83-120],100,83,120,,2025-11-11T16:20:50Z,2010,2010-01-01,2010-12-31
1105433,TB_1,COUNTRY,JAM,AMR,Americas,YEAR,2013,,,,,,,,,68 [56-83],68,56,83,,2025-11-11T16:20:50Z,2013,2013-01-01,2013-12-31
1105896,TB_1,COUNTRY,IRN,EMR,Eastern Mediterranean,YEAR,2017,,,,,,,,,68 [57-84],68,57,84,,2025-11-11T16:20:50Z,2017,2017-01-01,2017-12-31
1106691,TB_1,REGION,AMR,,,YEAR,2005,,,,,,,,,61 [57-65],61,57,65,,2025-11-11T16:20:50Z,2005,2005-01-01,2005-12-31
1110542,TB_1,COUNTRY,IRL,EUR,Europe,YEAR,2015,,,,,,,,,81 [67-100],81,67,100,,2025-11-11T16:20:50Z,2015,2015-01-01,2015-12-31
1111377,TB_1,COUNTRY,BHS,AMR,Americas,YEAR,2004,,,,,,,,,63 [52-77],63,52,77,,2025-11-11T16:20:50Z,2004,2004-01-01,2004-12-31
1112077,TB_1,COUNTRY,HRV,EUR,Europe,YEAR,2003,,,,,,,,,70 [58-86],70,58,86,,2025-11-11T16:20:50Z,2003,2003-01-01,2003-12-31
1113118,TB_1,COUNTRY,STP,AFR,Africa,YEAR,2000,,,,,,,,,26 [22-33],26,22,33,,2025-11-11T16:20:50Z,2000,2000-01-01,2000-12-31
1117050,TB_1,COUNTRY,PER,AMR,Americas,YEAR,2003,,,,,,,,,47 [39-58],47,39,58,,2025-11-11T16:20:50Z,2003,2003-01-01,2003-12-31
1121714,TB_1,COUNTRY,LSO,AFR,Africa,YEAR,2009,,,,,,,,,50 [26-140],50,26,140,,2025-11-11T16:20:50Z,2009,2009-01-01,2009-12-31
1121822,TB_1,COUNTRY,MDV,SEAR,South-East Asia,YEAR,2019,,,,,,,,,66 [55-81],66,55,81,,2025-11-11T16:20:50Z,2019,2019-01-01,2019-12-31
1123983,TB_1,COUNTRY,DZA,AFR,Africa,YEAR,2007,,,,,,,,,60 [50-74],60,50,74,,2025-11-11T16:20:50Z,2007,2007-01-01,2007-12-31
1124398,TB_1,WORLDBANKINCOMEGROUP,WB_HI,,,YEAR,2013,,,,,,,,,88 [72-110],88,72,110,,2025-11-11T16:20:50Z,2013,2013-01-01,2013-12-31
1125874,TB_1,COUNTRY,HKG,,,YEAR,2012,,,,,,,,,59 [49-72],59,49,72,,2025-11-11T16:20:50Z,2012,2012-01-01,2012-12-31
1127198,TB_1,COUNTRY,BEN,AFR,Africa,YEAR,2005,,,,,,,,,47 [20-84],47,20,84,,2025-11-11T16:20:50Z,2005,2005-01-01,2005-12-31
1129959,TB_1,COUNTRY,LKA,SEAR,South-East Asia,YEAR,2004,,,,,,,,,37 [11-75],37,11,75,,2025-11-11T16:20:50Z,2004,2004-01-01,2004-12-31
1130235,TB_1,COUNTRY,BEN,AFR,Africa,YEAR,2020,,,,,,,,,62 [32-100],62,32,100,,2025-11-11T16:20:50Z,2020,2020-01-01,2020-12-31
1130830,TB_1,COUNTRY,EST,EUR,Europe,YEAR,2019,,,,,,,,,78 [65-96],78,65,96,,2025-11-11T16:20:50Z,2019,2019-01-01,2019-12-31
1132245,TB_1,COUNTRY,SOM,EMR,Eastern Mediterranean,YEAR,2006,,,,,,,,,35 [16-76],35,16,76,,2025-11-11T16:20:50Z,2006,2006-01-01,2006-12-31
1132504,TB_1,COUNTRY,MAR,EMR,Eastern Mediterranean,YEAR,2016,,,,,,,,,89 [74-110],89,74,110,,2025-11-11T16:20:50Z,2016,2016-01-01,2016-12-31
1133673,TB_1,REGION,EMR,,,YEAR,2014,,,,,,,,,55 [42-75],55,42,75,,2025-11-11T16:20:50Z,2014,2014-01-01,2014-12-31
1134256,TB_1,COUNTRY,CHN,WPR,Western Pacific,YEAR,2000,,,,,,,,,33 [28-41],33,28,41,,2025-11-11T16:20:50Z,2000,2000-01-01,2000-12-31
1136280,TB_1,COUNTRY,URY,AMR,Americas,YEAR,2006,,,,,,,,,68 [57-84],68,57,84,,2025-11-11T16:20:50Z,2006,2006-01-01,2006-12-31
1140225,TB_1,COUNTRY,LBR,AFR,Africa,YEAR,2011,,,,,,,,,57 [27-99],57,27,99,,2025-11-11T16:20:50Z,2011,2011-01-01,2011-12-31
1140552,TB_1,COUNTRY,ISL,EUR,Europe,YEAR,2003,,,,,,,,,100 [83-120],100,83,120,,2025-11-11T16:20:50Z,2003,2003-01-01,2003-12-31
1141126,TB_1,COUNTRY,MKD,EUR,Europe,YEAR,2004,,,,,,,,,53 [44-65],53,44,65,,2025-11-11T16:20:50Z,2004,2004-01-01,2004-12-31
1141433,TB_1,COUNTRY,IND,SEAR,South-East Asia,YEAR,2012,,,,,,,,,39 [25-72],39,25,72,,2025-11-11T16:20:50Z,2012,2012-01-01,2012-12-31
1148732,TB_1,COUNTRY,MNG,WPR,Western Pacific,YEAR,2017,,,,,,,,,32 [19-62],32,19,62,,2025-11-11T16:20:50Z,2017,2017-01-01,2017-12-31
1150276,TB_1,COUNTRY,HRV,EUR,Europe,YEAR,2000,,,,,,,,,68 [56-83],68,56,83,,2025-11-11T16:20:50Z,2000,2000-01-01,2000-12-31
1150349,TB_1,COUNTRY,THA,SEAR,South-East Asia,YEAR,2019,,,,,,,,,82 [64-110],82,64,110,,2025-11-11T16:20:50Z,2019,2019-01-01,2019-12-31
1150852,TB_1,COUNTRY,MOZ,AFR,Africa,YEAR,2009,,,,,,,,,55 [37-87],55,37,87,,2025-11-11T16:20:50Z,2009,2009-01-01,2009-12-31
1152529,TB_1,COUNTRY,SVK,EUR,Europe,YEAR,2022,,,,,,,,,82 [68-100],82,68,100,,2025-11-11T16:20:50Z,2022,2022-01-01,2022-12-31
1156658,TB_1,COUNTRY,EST,EUR,Europe,YEAR,2024,,,,,,,,,79 [66-97],79,66,97,,2025-11-11T16:20:50Z,2024,2024-01-01,2024-12-31
1158827,TB_1,WORLDBANKINCOMEGROUP,WB_HI,,,YEAR,2003,,,,,,,,,81 [66-100],81,66,100,,2025-11-11T16:20:50Z,2003,2003-01-01,2003-12-31
1159912,TB_1,COUNTRY,GHA,AFR,Africa,YEAR,2020,,,,,,,,,28 [17-60],28,17,60,,2025-11-11T16:20:50Z,2020,2020-01-01,2020-12-31
1160352,TB_1,COUNTRY,AUT,EUR,Europe,YEAR,2009,,,,,,,,,80 [66-98],80,66,98,,2025-11-11T16:20:50Z,2009,2009-01-01,2009-12-31
1160619,TB_1,COUNTRY,SLE,AFR,Africa,YEAR,2002,,,,,,,,,17 [8.6-27],17,8.6,27,,2025-11-11T16:20:50Z,2002,2002-01-01,2002-12-31
1161499,TB_1,COUNTRY,MUS,AFR,Africa,YEAR,2021,,,,,,,,,65 [54-80],65,54,80,,2025-11-11T16:20:50Z,2021,2021-01-01,2021-12-31
1161747,TB_1,COUNTRY,KOR,WPR,Western Pacific,YEAR,2013,,,,,,,,,94 [87-100],94,87,100,,2025-11-11T16:20:50Z,2013,2013-01-01,2013-12-31
1163454,TB_1,COUNTRY,SAU,EMR,Eastern Mediterranean,YEAR,2023,,,,,,,,,91 [82-100],91,82,100,,2025-11-11T16:20:50Z,2023,2023-01-01,2023-12-31
1172244,TB_1,COUNTRY,SLB,WPR,Western Pacific,YEAR,2023,,,,,,,,,45 [37-55],45,37,55,,2025-11-11T16:20:50Z,2023,2023-01-01,2023-12-31
1173083,TB_1,GLOBAL,GLOBAL,,,YEAR,2016,,,,,,,,,58 [54-63],58,54,63,,2025-11-11T16:20:50Z,2016,2016-01-01,2016-12-31
1173114,TB_1,COUNTRY,SAU,EMR,Eastern Mediterranean,YEAR,2000,,,,,,,,,91 [82-100],91,82,100,,2025-11-11T16:20:50Z,2000,2000-01-01,2000-12-31
1173505,TB_1,COUNTRY,FRA,EUR,Europe,YEAR,2007,,,,,,,,,83 [79-86],83,79,86,,2025-11-11T16:20:50Z,2007,2007-01-01,2007-12-31
1173558,TB_1,COUNTRY,OMN,EMR,Eastern Mediterranean,YEAR,2023,,,,,,,,,69 [58-85],69,58,85,,2025-11-11T16:20:50Z,2023,2023-01-01,2023-12-31
1181163,TB_1,COUNTRY,FSM,WPR,Western Pacific,YEAR,2003,,,,,,,,,31 [26-38],31,26,38,,2025-11-11T16:20:50Z,2003,2003-01-01,2003-12-31
1181815,TB_1,COUNTRY,MMR,SEAR,South-East Asia,YEAR,2022,,,,,,,,,51 [33-79],51,33,79,,2025-11-11T16:20:50Z,2022,2022-01-01,2022-12-31
1185760,TB_1,COUNTRY,COD,AFR,Africa,YEAR,2015,,,,,,,,,33 [17-53],33,17,53,,2025-11-11T16:20:50Z,2015,2015-01-01,2015-12-31
1190138,TB_1,COUNTRY,ARM,EUR,Europe,YEAR,2012,,,,,,,,,59 [49-73],59,49,73,,2025-11-11T16:20:50Z,2012,2012-01-01,2012-12-31
1194139,TB_1,COUNTRY,AUS,WPR,Western Pacific,YEAR,2003,,,,,,,,,81 [67-99],81,67,99,,2025-11-11T16:20:50Z,2003,2003-01-01,2003-12-31
1195996,TB_1,COUNTRY,TCD,AFR,Africa,YEAR,2019,,,,,,,,,61 [31-100],61,31,100,,2025-11-11T16:20:50Z,2019,2019-01-01,2019-12-31
1196467,TB_1,COUNTRY,ETH,AFR,Africa,YEAR,2021,,,,,,,,,57 [33-120],57,33,120,,2025-11-11T16:20:50Z,2021,2021-01-01,2021-12-31
1197644,TB_1,COUNTRY,LKA,SEAR,South-East Asia,YEAR,2018,,,,,,,,,66 [37-100],66,37,100,,2025-11-11T16:20:50Z,2018,2018-01-01,2018-12-31
1198314,TB_1,COUNTRY,BGR,EUR,Europe,YEAR,2006,,,,,,,,,57 [48-70],57,48,70,,2025-11-11T16:20:50Z,2006,2006-01-01,2006-12-31
1199981,TB_1,COUNTRY,PRT,EUR,Europe,YEAR,2014,,,,,,,,,86 [71-110],86,71,110,,2025-11-11T16:20:50Z,2014,2014-01-01,2014-12-31
1201477,TB_1,COUNTRY,OMN,EMR,Eastern Mediterranean,YEAR,2011,,,,,,,,,65 [54-80],65,54,80,,2025-11-11T16:20:50Z,2011,2011-01-01,2011-12-31
1206407,TB_1,COUNTRY,CMR,AFR,Africa,YEAR,2013,,,,,,,,,50 [24-86],50,24,86,,2025-11-11T16:20:50Z,2013,2013-01-01,2013-12-31
1210965,TB_1,COUNTRY,IRN,EMR,Eastern Mediterranean,YEAR,2011,,,,,,,,,50 [41-61],50,41,61,,2025-11-11T16:20:50Z,2011,2011-01-01,2011-12-31
1211274,TB_1,COUNTRY,KIR,WPR,Western Pacific,YEAR,2007,,,,,,,,,31 [26-38],31,26,38,,2025-11-11T16:20:50Z,2007,2007-01-01,2007-12-31
1213395,TB_1,COUNTRY,MNG,WPR,Western Pacific,YEAR,2013,,,,,,,,,35 [22-69],35,22,69,,2025-11-11T16:20:50Z,2013,2013-01-01,2013-12-31
1216005,TB_1,COUNTRY,VCT,AMR,Americas,YEAR,2019,,,,,,,,,100 [83-120],100,83,120,,2025-11-11T16:20:50Z,2019,2019-01-01,2019-12-31
1216423,TB_1,COUNTRY,GTM,AMR,Americas,YEAR,2014,,,,,,,,,89 [74-110],89,74,110,,2025-11-11T16:20:50Z,2014,2014-01-01,2014-12-31
1218144,TB_1,COUNTRY,CPV,AFR,Africa,YEAR,2003,,,,,,,,,43 [35-52],43,35,52,,2025-11-11T16:20:50Z,2003,2003-01-01,2003-12-31
1218822,TB_1,COUNTRY,DEU,EUR,Europe,YEAR,2019,,,,,,,,,91 [82-100],91,82,100,,2025-11-11T16:20:50Z,2019,2019-01-01,2019-12-31
1220053,TB_1,COUNTRY,PLW,WPR,Western Pacific,YEAR,2011,,,,,,,,,100 [83-120],100,83,120,,2025-11-11T16:20:50Z,2011,2011-01-01,2011-12-31
1233731,TB_1,COUNTRY,NLD,EUR,Europe,YEAR,2019,,,,,,,,,87 [75-100],87,75,100,,2025-11-11T16:20:50Z,2019,2019-01-01,2019-12-31
1241344,TB_1,COUNTRY,TKM,EUR,Europe,YEAR,2001,,,,,,,,,48 [40-59],48,40,59,,2025-11-11T16:20:50Z,2001,2001-01-01,2001-12-31
1241934,TB_1,COUNTRY,PRI,AMR,Americas,YEAR,2021,,,,,,,,,76 [63-93],76,63,93,,2025-11-11T16:20:50Z,2021,2021-01-01,2021-12-31
1242116,TB_1,COUNTRY,ZWE,AFR,Africa,YEAR,2024,,,,,,,,,60 [45-95],60,45,95,,2025-11-11T16:20:50Z,2024,2024-01-01,2024-12-31
1242643,TB_1,COUNTRY,CUB,AMR,Americas,YEAR,2013,,,,,,,,,79 [66-98],79,66,98,,2025-11-11T16:20:50Z,2013,2013-01-01,2013-12-31
1247913,TB_1,COUNTRY,PRY,AMR,Americas,YEAR,2000,,,,,,,,,39 [32-48],39,32,48,,2025-11-11T16:20:50Z,2000,2000-01-01,2000-12-31
1248704,TB_1,COUNTRY,CAF,AFR,Africa,YEAR,2001,,,,,,,,,9.8 [5.2-16],9.8,5.2,16,,2025-11-11T16:20:50Z,2001,2001-01-01,2001-12-31
1251239,TB_1,COUNTRY,MHL,WPR,Western Pacific,YEAR,2009,,,,,,,,,50 [42-62],50,42,62,,2025-11-11T16:20:50Z,2009,2009-01-01,2009-12-31
1252749,TB_1,COUNTRY,FIN,EUR,Europe,YEAR,2002,,,,,,,,,76 [63-93],76,63,93,,2025-11-11T16:20:50Z,2002,2002-01-01,2002-12-31
1253050,TB_1,COUNTRY,NER,AFR,Africa,YEAR,2020,,,,,,,,,59 [31-97],59,31,97,,2025-11-11T16:20:50Z,2020,2020-01-01,2020-12-31
1253436,TB_1,COUNTRY,ARE,EMR,Eastern Mediterranean,YEAR,2018,,,,,,,,,71 [59-87],71,59,87,,2025-11-11T16:20:50Z,2018,2018-01-01,2018-12-31
1258844,TB_1,COUNTRY,FRA,EUR,Europe,YEAR,2000,,,,,,,,,83 [79-86],83,79,86,,2025-11-11T16:20:50Z,2000,2000-01-01,2000-12-31
1262566,TB_1,COUNTRY,NIC,AMR,Americas,YEAR,2011,,,,,,,,,63 [52-77],63,52,77,,2025-11-11T16:20:50Z,2011,2011-01-01,2011-12-31
1263505,TB_1,COUNTRY,GHA,AFR,Africa,YEAR,2023,,,,,,,,,44 [24-99],44,24,99,,2025-11-11T16:20:50Z,2023,2023-01-01,2023-12-31
1265501,TB_1,COUNTRY,EST,EUR,Europe,YEAR,2010,,,,,,,,,70 [58-86],70,58,86,,2025-11-11T16:20:50Z,2010,2010-01-01,2010-12-31
1268115,TB_1,COUNTRY,BWA,AFR,Africa,YEAR,2015,,,,,,,,,52 [27-85],52,27,85,,2025-11-11T16:20:50Z,2015,2015-01-01,2015-12-31
1268568,TB_1,COUNTRY,BWA,AFR,Africa,YEAR,2018,,,,,,,,,60 [31-98],60,31,98,,2025-11-11T16:20:50Z,2018,2018-01-01,2018-12-31
1269066,TB_1,COUNTRY,ALB,EUR,Europe,YEAR,2021,,,,,,,,,62 [51-77],62,51,77,,2025-11-11T16:20:50Z,2021,2021-01-01,2021-12-31
1269131,TB_1,COUNTRY,SVN,EUR,Europe,YEAR,2012,,,,,,,,,77 [64-95],77,64,95,,2025-11-11T16:20:50Z,2012,2012-01-01,2012-12-31
1269146,TB_1,COUNTRY,ZAF,AFR,Africa,YEAR,2022,,,,,,,,,73 [52-110],73,52,110,,2025-11-11T16:20:50Z,2022,2022-01-01,2022-12-31
1272878,TB_1,COUNTRY,PSE,EMR,Eastern Mediterranean,YEAR,2018,,,,,,,,,68 [56-83],68,56,83,,2025-11-11T16:20:50Z,2018,2018-01-01,2018-12-31
1274239,TB_1,COUNTRY,SOM,EMR,Eastern Mediterranean,YEAR,2022,,,,,,,,,64 [33-110],64,33,110,,2025-11-11T16:20:50Z,2022,2022-01-01,2022-12-31
1275602,TB_1,COUNTRY,CHN,WPR,Western Pacific,YEAR,2019,,,,,,,,,88 [73-110],88,73,110,,2025-11-11T16:20:50Z,2019,2019-01-01,2019-12-31
1280963,TB_1,COUNTRY,BRA,AMR,Americas,YEAR,2022,,,,,,,,,86 [70-110],86,70,110,,2025-11-11T16:20:50Z,2022,2022-01-01,2022-12-31
1281482,TB_1,COUNTRY,URY,AMR,Americas,YEAR,2015,,,,,,,,,80 [66-98],80,66,98,,2025-11-11T16:20:50Z,2015,2015-01-01,2015-12-31
1282457,TB_1,COUNTRY,CAF,AFR,Africa,YEAR,2008,,,,,,,,,26 [14-42],26,14,42,,2025-11-11T16:20:50Z,2008,2008-01-01,2008-12-31
1282936,TB_1,COUNTRY,ATG,AMR,Americas,YEAR,2000,,,,,,,,,100 [83-120],100,83,120,,2025-11-11T16:20:50Z,2000,2000-01-01,2000-12-31
1283483,TB_1,COUNTRY,STP,AFR,Africa,YEAR,2002,,,,,,,,,28 [24-35],28,24,35,,2025-11-11T16:20:50Z,2002,2002-01-01,2002-12-31
1284011,TB_1,COUNTRY,AGO,AFR,Africa,YEAR,2013,,,,,,,,,49 [23-85],49,23,85,,2025-11-11T16:20:50Z,2013,2013-01-01,2013-12-31
1285361,TB_1,COUNTRY,CPV,AFR,Africa,YEAR,2024,,,,,,,,,71 [59-88],71,59,88,,2025-11-11T16:20:50Z,2024,2024-01-01,2024-12-31
1285557,TB_1,COUNTRY,TON,WPR,Western Pacific,YEAR,2011,,,,,,,,,100 [83-120],100,83,120,,2025-11-11T16:20:50Z,2011,2011-01-01,2011-12-31
1286121,TB_1,COUNTRY,MDV,SEAR,South-East Asia,YEAR,2020,,,,,,,,,64 [53-78],64,53,78,,2025-11-11T16:20:50Z,2020,2020-01-01,2020-12-31
1286828,TB_1,COUNTRY,GAB,AFR,Africa,YEAR,2019,,,,,,,,,56 [29-91],56,29,91,,2025-11-11T16:20:50Z,2019,2019-01-01,2019-12-31
1288099,TB_1,COUNTRY,LBY,EMR,Eastern Mediterranean,YEAR,2020,,,,,,,,,57 [29-95],57,29,95,,2025-11-11T16:20:50Z,2020,2020-01-01,2020-12-31
1291974,TB_1,COUNTRY,PHL,WPR,Western Pacific,YEAR,2024,,,,,,,,,75 [46-140],75,46,140,,2025-11-11T16:20:50Z,2024,2024-01-01,2024-12-31
1294693,TB_1,COUNTRY,NGA,AFR,Africa,YEAR,2004,,,,,,,,,19 [13-29],19,13,29,,2025-11-11T16:20:50Z,2004,2004-01-01,2004-12-31
1299333,TB_1,COUNTRY,BIH,EUR,Europe,YEAR,2021,,,,,,,,,48 [40-59],48,40,59,,2025-11-11T16:20:50Z,2021,2021-01-01,2021-12-31
1301493,TB_1,COUNTRY,CHN,WPR,Western Pacific,YEAR,2013,,,,,,,,,88 [73-110],88,73,110,,2025-11-11T16:20:50Z,2013,2013-01-01,2013-12-31
1303182,TB_1,COUNTRY,BOL,AMR,Americas,YEAR,2015,,,,,,,,,58 [48-71],58,48,71,,2025-11-11T16:20:50Z,2015,2015-01-01,2015-12-31
1304615,TB_1,COUNTRY,ALB,EUR,Europe,YEAR,2006,,,,,,,,,89 [74-110],89,74,110,,2025-11-11T16:20:50Z,2006,2006-01-01,2006-12-31
1304699,TB_1,COUNTRY,HKG,,,YEAR,2021,,,,,,,,,65 [54-80],65,54,80,,2025-11-11T16:20:50Z,2021,2021-01-01,2021-12-31
1305520,TB_1,COUNTRY,AGO,AFR,Africa,YEAR,2018,,,,,,,,,52 [27-86],52,27,86,,2025-11-11T16:20:50Z,2018,2018-01-01,2018-12-31
1305527,TB_1,COUNTRY,OMN,EMR,Eastern Mediterranean,YEAR,2007,,,,,,,,,61 [50-75],61,50,75,,2025-11-11T16:20:50Z,2007,2007-01-01,2007-12-31
1308891,TB_1,COUNTRY,MYS,WPR,Western Pacific,YEAR,2021,,,,,,,,,63 [52-77],63,52,77,,2025-11-11T16:20:50Z,2021,2021-01-01,2021-12-31
1308905,TB_1,COUNTRY,GEO,EUR,Europe,YEAR,2020,,,,,,,,,62 [52-77],62,52,77,,2025-11-11T16:20:50Z,2020,2020-01-01,2020-12-31
1309440,TB_1,COUNTRY,COL,AMR,Americas,YEAR,2011,,,,,,,,,66 [55-81],66,55,81,,2025-11-11T16:20:50Z,2011,2011-01-01,2011-12-31
1309808,TB_1,COUNTRY,NLD,EUR,Europe,YEAR,2012,,,,,,,,,87 [75-100],87,75,100,,2025-11-11T16:20:50Z,2012,2012-01-01,2012-12-31
1315346,TB_1,COUNTRY,KGZ,EUR,Europe,YEAR,2005,,,,,,,,,47 [39-58],47,39,58,,2025-11-11T16:20:50Z,2005,2005-01-01,2005-12-31
1315642,TB_1,COUNTRY,DNK,EUR,Europe,YEAR,2006,,,,,,,,,74 [61-91],74,61,91,,2025-11-11T16:20:50Z,2006,2006-01-01,2006-12-31
1318314,TB_1,COUNTRY,MDA,EUR,Europe,YEAR,2006,,,,,,,,,99 [82-120],99,82,120,,2025-11-11T16:20:50Z,2006,2006-01-01,2006-12-31
1321828,TB_1,COUNTRY,KOR,WPR,Western Pacific,YEAR,2024,,,,,,,,,94 [87-100],94,87,100,,2025-11-11T16:20:50Z,2024,2024-01-01,2024-12-31
1327349,TB_1,COUNTRY,WSM,WPR,Western Pacific,YEAR,2017,,,,,,,,,100 [83-120],100,83,120,,2025-11-11T16:20:50Z,2017,2017-01-01,2017-12-31
1329054,TB_1,COUNTRY,BRN,WPR,Western Pacific,YEAR,2001,,,,,,,,,44 [37-55],44,37,55,,2025-11-11T16:20:50Z,2001,2001-01-01,2001-12-31
1329955,TB_1,COUNTRY,VEN,AMR,Americas,YEAR,2022,,,,,,,,,73 [60-90],73,60,90,,2025-11-11T16:20:50Z,2022,2022-01-01,2022-12-31
1330770,TB_1,COUNTRY,DJI,EMR,Eastern Mediterranean,YEAR,2010,,,,,,,,,33 [28-41],33,28,41,,2025-11-11T16:20:50Z,2010,2010-01-01,2010-12-31
1335353,TB_1,COUNTRY,IRQ,EMR,Eastern Mediterranean,YEAR,2007,,,,,,,,,66 [54-82],66,54,82,,2025-11-11T16:20:50Z,2007,2007-01-01,2007-12-31
1337044,TB_1,COUNTRY,PRI,AMR,Americas,YEAR,2013,,,,,,,,,72 [59-88],72,59,88,,2025-11-11T16:20:50Z,2013,2013-01-01,2013-12-31
1338100,TB_1,COUNTRY,AUT,EUR,Europe,YEAR,2017,,,,,,,,,84 [70-100],84,70,100,,2025-11-11T16:20:50Z,2017,2017-01-01,2017-12-31
1338185,TB_1,COUNTRY,LBN,EMR,Eastern Mediterranean,YEAR,2015,,,,,,,,,69 [57-85],69,57,85,,2025-11-11T16:20:50Z,2015,2015-01-01,2015-12-31
1340656,TB_1,COUNTRY,SWZ,AFR,Africa,YEAR,2022,,,,,,,,,58 [38-100],58,38,100,,2025-11-11T16:20:50Z,2022,2022-01-01,2022-12-31
1345371,TB_1,WORLDBANKINCOMEGROUP,WB_LMI,,,YEAR,2021,,,,,,,,,61 [56-68],61,56,68,,2025-11-11T16:20:50Z,2021,2021-01-01,2021-12-31
1345968,TB_1,COUNTRY,CAF,AFR,Africa,YEAR,2014,,,,,,,,,43 [23-69],43,23,69,,2025-11-11T16:20:50Z,2014,2014-01-01,2014-12-31
1346666,TB_1,COUNTRY,VEN,AMR,Americas,YEAR,2007,,,,,,,,,59 [49-73],59,49,73,,2025-11-11T16:20:50Z,2007,2007-01-01,2007-12-31
1349734,TB_1,COUNTRY,SLE,AFR,Africa,YEAR,2000,,,,,,,,,14 [7.3-23],14,7.3,23,,2025-11-11T16:20:50Z,2000,2000-01-01,2000-12-31
1350486,TB_1,COUNTRY,STP,AFR,Africa,YEAR,2010,,,,,,,,,43 [36-53],43,36,53,,2025-11-11T16:20:50Z,2010,2010-01-01,2010-12-31
1350742,TB_1,COUNTRY,HUN,EUR,Europe,YEAR,2016,,,,,,,,,77 [64-94],77,64,94,,2025-11-11T16:20:50Z,2016,2016-01-01,2016-12-31
1354791,TB_1,COUNTRY,COG,AFR,Africa,YEAR,2018,,,,,,,,,63 [32-100],63,32,100,,2025-11-11T16:20:50Z,2018,2018-01-01,2018-12-31
1355703,TB_1,COUNTRY,DZA,AFR,Africa,YEAR,2021,,,,,,,,,74 [62-92],74,62,92,,2025-11-11T16:20:50Z,2021,2021-01-01,2021-12-31
1356640,TB_1,COUNTRY,CHN,WPR,Western Pacific,YEAR,2015,,,,,,,,,88 [73-110],88,73,110,,2025-11-11T16:20:50Z,2015,2015-01-01,2015-12-31
1356756,TB_1,COUNTRY,GHA,AFR,Africa,YEAR,2006,,,,,,,,,27 [14-77],27,14,77,,2025-11-11T16:20:50Z,2006,2006-01-01,2006-12-31
1357604,TB_1,COUNTRY,SLB,WPR,Western Pacific,YEAR,2007,,,,,,,,,30 [25-37],30,25,37,,2025-11-11T16:20:50Z,2007,2007-01-01,2007-12-31
1358072,TB_1,COUNTRY,COM,AFR,Africa,YEAR,2017,,,,,,,,,42 [21-69],42,21,69,,2025-11-11T16:20:50Z,2017,2017-01-01,2017-12-31
1361755,TB_1,COUNTRY,VCT,AMR,Americas,YEAR,2009,,,,,,,,,100 [83-120],100,83,120,,2025-11-11T16:20:50Z,2009,2009-01-01,2009-12-31
1364109,TB_1,COUNTRY,NPL,SEAR,South-East Asia,YEAR,2001,,,,,,,,,29 [19-52],29,19,52,,2025-11-11T16:20:50Z,2001,2001-01-01,2001-12-31
1367102,TB_1,COUNTRY,BGD,SEAR,South-East Asia,YEAR,2012,,,,,,,,,49 [37-68],49,37,68,,2025-11-11T16:20:50Z,2012,2012-01-01,2012-12-31
1367406,TB_1,REGION,WPR,,,YEAR,2024,,,,,,,,,75 [64-88],75,64,88,,2025-11-11T16:20:50Z,2024,2024-01-01,2024-12-31
1369686,TB_1,REGION,EUR,,,YEAR,2020,,,,,,,,,69 [61-79],69,61,79,,2025-11-11T16:20:50Z,2020,2020-01-01,2020-12-31
1370964,TB_1,COUNTRY,RWA,AFR,Africa,YEAR,2006,,,,,,,,,71 [58-89],71,58,89,,2025-11-11T16:20:50Z,2006,2006-01-01,2006-12-31
1374214,TB_1,COUNTRY,LAO,WPR,Western Pacific,YEAR,2015,,,,,,,,,37 [24-62],37,24,62,,2025-11-11T16:20:50Z,2015,2015-01-01,2015-12-31
1376901,TB_1,REGION,SEAR,,,YEAR,2024,,,,,,,,,85 [76-97],85,76,97,,2025-11-11T16:20:50Z,2024,2024-01-01,2024-12-31
1378848,TB_1,COUNTRY,CUB,AMR,Americas,YEAR,2001,,,,,,,,,50 [42-62],50,42,62,,2025-11-11T16:20:50Z,2001,2001-01-01,2001-12-31
1382384,TB_1,COUNTRY,PER,AMR,Americas,YEAR,2019,,,,,,,,,75 [62-92],75,62,92,,2025-11-11T16:20:50Z,2019,2019-01-01,2019-12-31
1384966,TB_1,COUNTRY,ECU,AMR,Americas,YEAR,2015,,,,,,,,,75 [62-92],75,62,92,,2025-11-11T16:20:50Z,2015,2015-01-01,2015-12-31
1385235,TB_1,COUNTRY,NER,AFR,Africa,YEAR,2004,,,,,,,,,44 [18-80],44,18,80,,2025-11-11T16:20:50Z,2004,2004-01-01,2004-12-31
1389146,TB_1,COUNTRY,CAN,AMR,Americas,YEAR,2020,,,,,,,,,91 [75-110],91,75,110,,2025-11-11T16:20:50Z,2020,2020-01-01,2020-12-31
1391592,TB_1,COUNTRY,ALB,EUR,Europe,YEAR,2001,,,,,,,,,89 [74-110],89,74,110,,2025-11-11T16:20:50Z,2001,2001-01-01,2001-12-31
1392190,TB_1,COUNTRY,MUS,AFR,Africa,YEAR,2004,,,,,,,,,45 [37-55],45,37,55,,2025-11-11T16:20:50Z,2004,2004-01-01,2004-12-31
1393216,TB_1,COUNTRY,MAC,,,YEAR,2010,,,,,,,,,57 [47-70],57,47,70,,2025-11-11T16:20:50Z,2010,2010-01-01,2010-12-31
1401532,TB_1,COUNTRY,PRT,EUR,Europe,YEAR,2003,,,,,,,,,74 [61-91],74,61,91,,2025-11-11T16:20:50Z,2003,2003-01-01,2003-12-31
1401695,TB_1,COUNTRY,ZWE,AFR,Africa,YEAR,2021,,,,,,,,,52 [40-74],52,40,74,,2025-11-11T16:20:50Z,2021,2021-01-01,2021-12-31
1401971,TB_1,COUNTRY,MDA,EUR,Europe,YEAR,2020,,,,,,,,,67 [56-82],67,56,82,,2025-11-11T16:20:50Z,2020,2020-01-01,2020-12-31
1406562,TB_1,COUNTRY,IND,SEAR,South-East Asia,YEAR,2004,,,,,,,,,32 [16-90],32,16,90,,2025-11-11T16:20:50Z,2004,2004-01-01,2004-12-31
1407822,TB_1,COUNTRY,VUT,WPR,Western Pacific,YEAR,2023,,,,,,,,,70 [33-120],70,33,120,,2025-11-11T16:20:50Z,2023,2023-01-01,2023-12-31
1409711,TB_1,COUNTRY,COL,AMR,Americas,YEAR,2015,,,,,,,,,76 [63-93],76,63,93,,2025-11-11T16:20:50Z,2015,2015-01-01,2015-12-31
1415238,TB_1,COUNTRY,ISL,EUR,Europe,YEAR,2005,,,,,,,,,100 [83-120],100,83,120,,2025-11-11T16:20:50Z,2005,2005-01-01,2005-12-31
1415442,TB_1,COUNTRY,MAC,,,YEAR,2011,,,,,,,,,58 [48-71],58,48,71,,2025-11-11T16:20:50Z,2011,2011-01-01,2011-12-31
1417422,TB_1,COUNTRY,PSE,EMR,Eastern Mediterranean,YEAR,2006,,,,,,,,,54 [45-67],54,45,67,,2025-11-11T16:20:50Z,2006,2006-01-01,2006-12-31
1421392,TB_1,COUNTRY,NLD,EUR,Europe,YEAR,2014,,,,,,,,,87 [75-100],87,75,100,,2025-11-11T16:20:50Z,2014,2014-01-01,2014-12-31
1422268,TB_1,COUNTRY,CHL,AMR,Americas,YEAR,2020,,,,,,,,,82 [68-100],82,68,100,,2025-11-11T16:20:50Z,2020,2020-01-01,2020-12-31
1427498,TB_1,COUNTRY,BTN,SEAR,South-East Asia,YEAR,2012,,,,,,,,,43 [36-53],43,36,53,,2025-11-11T16:20:50Z,2012,2012-01-01,2012-12-31
1428855,TB_1,COUNTRY,MAC,,,YEAR,2019,,,,,,,,,64 [53-79],64,53,79,,2025-11-11T16:20:50Z,2019,2019-01-01,2019-12-31
1429060,TB_1,COUNTRY,PRT,EUR,Europe,YEAR,2007,,,,,,,,,79 [66-97],79,66,97,,2025-11-11T16:20:50Z,2007,2007-01-01,2007-12-31
1430161,TB_1,COUNTRY,TLS,SEAR,South-East Asia,YEAR,2014,,,,,,,,,64 [33-110],64,33,110,,2025-11-11T16:20:50Z,2014,2014-01-01,2014-12-31
1430830,TB_1,COUNTRY,BRN,WPR,Western Pacific,YEAR,2005,,,,,,,,,59 [49-73],59,49,73,,2025-11-11T16:20:50Z,2005,2005-01-01,2005-12-31
1432078,TB_1,COUNTRY,VNM,WPR,Western Pacific,YEAR,2024,,,,,,,,,58 [40-94],58,40,94,,2025-11-11T16:20:50Z,2024,2024-01-01,2024-12-31
1432866,TB_1,COUNTRY,FRA,EUR,Europe,YEAR,2004,,,,,,,,,83 [79-86],83,79,86,,2025-11-11T16:20:50Z,2004,2004-01-01,2004-12-31
1433164,TB_1,COUNTRY,ETH,AFR,Africa,YEAR,2023,,,,,,,,,73 [44-140],73,44,140,,2025-11-11T16:20:50Z,2023,2023-01-01,2023-12-31
1434464,TB_1,COUNTRY,ZAF,AFR,Africa,YEAR,2023,,,,,,,,,79 [54-130],79,54,130,,2025-11-11T16:20:50Z,2023,2023-01-01,2023-12-31
1436520,TB_1,COUNTRY,COK,WPR,Western Pacific,YEAR,2011,,,,,,,,,100 [83-120],100,83,120,,2025-11-11T16:20:50Z,2011,2011-01-01,2011-12-31
1442866,TB_1,COUNTRY,AND,EUR,Europe,YEAR,2016,,,,,,,,,100 [83-120],100,83,120,,2025-11-11T16:20:50Z,2016,2016-01-01,2016-12-31
1444471,TB_1,COUNTRY,GRD,AMR,Americas,YEAR,2006,,,,,,,,,100 [83-120],100,83,120,,2025-11-11T16:20:50Z,2006,2006-01-01,2006-12-31
1444676,TB_1,COUNTRY,GUY,AMR,Americas,YEAR,2021,,,,,,,,,77 [64-95],77,64,95,,2025-11-11T16:20:50Z,2021,2021-01-01,2021-12-31
1444913,TB_1,COUNTRY,AND,EUR,Europe,YEAR,2019,,,,,,,,,100 [83-120],100,83,120,,2025-11-11T16:20:50Z,2019,2019-01-01,2019-12-31
1446080,TB_1,COUNTRY,ZWE,AFR,Africa,YEAR,2012,,,,,,,,,73 [45-140],73,45,140,,2025-11-11T16:20:50Z,2012,2012-01-01,2012-12-31
1446280,TB_1,GLOBAL,GLOBAL,,,YEAR,2004,,,,,,,,,40 [31-52],40,31,52,,2025-11-11T16:20:50Z,2004,2004-01-01,2004-12-31
1446941,TB_1,COUNTRY,FRA,EUR,Europe,YEAR,2024,,,,,,,,,82 [79-86],82,79,86,,2025-11-11T16:20:50Z,2024,2024-01-01,2024-12-31
1447950,TB_1,COUNTRY,PHL,WPR,Western Pacific,YEAR,2005,,,,,,,,,29 [18-52],29,18,52,,2025-11-11T16:20:50Z,2005,2005-01-01,2005-12-31
1449689,TB_1,COUNTRY,MYS,WPR,Western Pacific,YEAR,2018,,,,,,,,,76 [63-94],76,63,94,,2025-11-11T16:20:50Z,2018,2018-01-01,2018-12-31
1449898,TB_1,COUNTRY,LSO,AFR,Africa,YEAR,2006,,,,,,,,,52 [27-140],52,27,140,,2025-11-11T16:20:50Z,2006,2006-01-01,2006-12-31
1453372,TB_1,COUNTRY,SAU,EMR,Eastern Mediterranean,YEAR,2010,,,,,,,,,91 [82-100],91,82,100,,2025-11-11T16:20:50Z,2010,2010-01-01,2010-12-31
1453871,TB_1,COUNTRY,GIN,AFR,Africa,YEAR,2023,,,,,,,,,78 [41-130],78,41,130,,2025-11-11T16:20:50Z,2023,2023-01-01,2023-12-31
1454225,TB_1,COUNTRY,URY,AMR,Americas,YEAR,2000,,,,,,,,,60 [50-74],60,50,74,,2025-11-11T16:20:50Z,2000,2000-01-01,2000-12-31
1455207,TB_1,COUNTRY,ITA,EUR,Europe,YEAR,2000,,,,,,,,,67 [56-82],67,56,82,,2025-11-11T16:20:50Z,2000,2000-01-01,2000-12-31
1456136,TB_1,COUNTRY,ITA,EUR,Europe,YEAR,2017,,,,,,,,,84 [70-100],84,70,100,,2025-11-11T16:20:50Z,2017,2017-01-01,2017-12-31
1458122,TB_1,COUNTRY,NER,AFR,Africa,YEAR,2016,,,,,,,,,52 [25-87],52,25,87,,2025-11-11T16:20:50Z,2016,2016-01-01,2016-12-31
1463277,TB_1,COUNTRY,SUR,AMR,Americas,YEAR,2015,,,,,,,,,70 [58-86],70,58,86,,2025-11-11T16:20:50Z,2015,2015-01-01,2015-12-31
1465738,TB_1,COUNTRY,SOM,EMR,Eastern Mediterranean,YEAR,2024,,,,,,,,,64 [31-110],64,31,110,,2025-11-11T16:20:50Z,2024,2024-01-01,2024-12-31
1466518,TB_1,COUNTRY,FJI,WPR,Western Pacific,YEAR,2017,,,,,,,,,57 [47-70],57,47,70,,2025-11-11T16:20:50Z,2017,2017-01-01,2017-12-31
1468205,TB_1,COUNTRY,CHL,AMR,Americas,YEAR,2013,,,,,,,,,77 [64-94],77,64,94,,2025-11-11T16:20:50Z,2013,2013-01-01,2013-12-31
1468865,TB_1,COUNTRY,COL,AMR,Americas,YEAR,2002,,,,,,,,,48 [40-59],48,40,59,,2025-11-11T16:20:50Z,2002,2002-01-01,2002-12-31
1478386,TB_1,COUNTRY,ECU,AMR,Americas,YEAR,2018,,,,,,,,,78 [65-96],78,65,96,,2025-11-11T16:20:50Z,2018,2018-01-01,2018-12-31
1478479,TB_1,COUNTRY,ERI,AFR,Africa,YEAR,2020,,,,,,,,,44 [36-54],44,36,54,,2025-11-11T16:20:50Z,2020,2020-01-01,2020-12-31
1482321,TB_1,COUNTRY,COK,WPR,Western Pacific,YEAR,2019,,,,,,,,,100 [83-120],100,83,120,,2025-11-11T16:20:50Z,2019,2019-01-01,2019-12-31
1483486,TB_1,COUNTRY,BEL,EUR,Europe,YEAR,2010,,,,,,,,,83 [69-100],83,69,100,,2025-11-11T16:20:50Z,2010,2010-01-01,2010-12-31
1486461,TB_1,COUNTRY,CUB,AMR,Americas,YEAR,2007,,,,,,,,,69 [57-85],69,57,85,,2025-11-11T16:20:50Z,2007,2007-01-01,2007-12-31
1487089,TB_1,COUNTRY,BEL,EUR,Europe,YEAR,2015,,,,,,,,,86 [72-110],86,72,110,,2025-11-11T16:20:50Z,2015,2015-01-01,2015-12-31
1491025,TB_1,COUNTRY,DOM,AMR,Americas,YEAR,2018,,,,,,,,,73 [61-90],73,61,90,,2025-11-11T16:20:50Z,2018,2018-01-01,2018-12-31
1493076,TB_1,COUNTRY,ETH,AFR,Africa,YEAR,2019,,,,,,,,,59 [34-120],59,34,120,,2025-11-11T16:20:50Z,2019,2019-01-01,2019-12-31
1496514,TB_1,COUNTRY,KOR,WPR,Western Pacific,YEAR,2000,,,,,,,,,94 [87-100],94,87,100,,2025-11-11T16:20:50Z,2000,2000-01-01,2000-12-31
1496892,TB_1,COUNTRY,TJK,EUR,Europe,YEAR,2009,,,,,,,,,53 [44-66],53,44,66,,2025-11-11T16:20:50Z,2009,2009-01-01,2009-12-31
1497925,TB_1,COUNTRY,HUN,EUR,Europe,YEAR,2022,,,,,,,,,78 [65-96],78,65,96,,2025-11-11T16:20:50Z,2022,2022-01-01,2022-12-31
1501367,TB_1,COUNTRY,MDA,EUR,Europe,YEAR,2004,,,,,,,,,99 [82-120],99,82,120,,2025-11-11T16:20:50Z,2004,2004-01-01,2004-12-31
1503205,TB_1,COUNTRY,TGO,AFR,Africa,YEAR,2020,,,,,,,,,56 [30-92],56,30,92,,2025-11-11T16:20:50Z,2020,2020-01-01,2020-12-31
1508460,TB_1,COUNTRY,BRN,WPR,Western Pacific,YEAR,2004,,,,,,,,,56 [46-68],56,46,68,,2025-11-11T16:20:50Z,2004,2004-01-01,2004-12-31
1513030,TB_1,COUNTRY,SWE,EUR,Europe,YEAR,2014,,,,,,,,,84 [69-100],84,69,100,,2025-11-11T16:20:50Z,2014,2014-01-01,2014-12-31
1517659,TB_1,COUNTRY,TKM,EUR,Europe,YEAR,2020,,,,,,,,,75 [62-92],75,62,92,,2025-11-11T16:20:50Z,2020,2020-01-01,2020-12-31
1520900,TB_1,COUNTRY,GRD,AMR,Americas,YEAR,2023,,,,,,,,,100 [83-120],100,83,120,,2025-11-11T16:20:50Z,2023,2023-01-01,2023-12-31
1522805,TB_1,COUNTRY,SUR,AMR,Americas,YEAR,2009,,,,,,,,,60 [50-74],60,50,74,,2025-11-11T16:20:50Z,2009,2009-01-01,2009-12-31
1524031,TB_1,COUNTRY,KAZ,EUR,Europe,YEAR,2003,,,,,,,,,99 [82-120],99,82,120,,2025-11-11T16:20:50Z,2003,2003-01-01,2003-12-31
1525700,TB_1,COUNTRY,CZE,EUR,Europe,YEAR,2021,,,,,,,,,84 [70-100],84,70,100,,2025-11-11T16:20:50Z,2021,2021-01-01,2021-12-31
1526017,TB_1,COUNTRY,BOL,AMR,Americas,YEAR,2016,,,,,,,,,61 [50-75],61,50,75,,2025-11-11T16:20:50Z,2016,2016-01-01,2016-12-31
1529279,TB_1,WORLDBANKINCOMEGROUP,WB_UMI,,,YEAR,2009,,,,,,,,,63 [55-73],63,55,73,,2025-11-11T16:20:50Z,2009,2009-01-01,2009-12-31
1534208,TB_1,COUNTRY,DMA,AMR,Americas,YEAR,2018,,,,,,,,,100 [83-120],100,83,120,,2025-11-11T16:20:50Z,2018,2018-01-01,2018-12-31
1534665,TB_1,COUNTRY,NLD,EUR,Europe,YEAR,2024,,,,,,,,,87 [75-100],87,75,100,,2025-11-11T16:20:50Z,2024,2024-01-01,2024-12-31
1535797,TB_1,WORLDBANKINCOMEGROUP,WB_UMI,,,YEAR,2003,,,,,,,,,44 [38-51],44,38,51,,2025-11-11T16:20:50Z,2003,2003-01-01,2003-12-31
1538612,TB_1,COUNTRY,SWZ,AFR,Africa,YEAR,2020,,,,,,,,,53 [36-89],53,36,89,,2025-11-11T16:20:50Z,2020,2020-01-01,2020-12-31
1544738,TB_1,COUNTRY,UGA,AFR,Africa,YEAR,2016,,,,,,,,,56 [36-95],56,36,95,,2025-11-11T16:20:50Z,2016,2016-01-01,2016-12-31
1545568,TB_1,COUNTRY,LCA,AMR,Americas,YEAR,2024,,,,,,,,,100 [83-120],100,83,120,,2025-11-11T16:20:50Z,2024,2024-01-01,2024-12-31
1545832,TB_1,COUNTRY,PRT,EUR,Europe,YEAR,2017,,,,,,,,,88 [73-110],88,73,110,,2025-11-11T16:20:50Z,2017,2017-01-01,2017-12-31
1545968,TB_1,COUNTRY,TLS,SEAR,South-East Asia,YEAR,2012,,,,,,,,,59 [29-100],59,29,100,,2025-11-11T16:20:50Z,2012,2012-01-01,2012-12-31
1548352,TB_1,WORLDBANKINCOMEGROUP,WB_UMI,,,YEAR,2018,,,,,,,,,76 [69-83],76,69,83,,2025-11-11T16:20:50Z,2018,2018-01-01,2018-12-31
1549628,TB_1,COUNTRY,LAO,WPR,Western Pacific,YEAR,2008,,,,,,,,,28 [17-57],28,17,57,,2025-11-11T16:20:50Z,2008,2008-01-01,2008-12-31
1549937,TB_1,COUNTRY,DZA,AFR,Africa,YEAR,2015,,,,,,,,,74 [61-90],74,61,90,,2025-11-11T16:20:50Z,2015,2015-01-01,2015-12-31
1551867,TB_1,COUNTRY,MDV,SEAR,South-East Asia,YEAR,2008,,,,,,,,,47 [39-58],47,39,58,,2025-11-11T16:20:50Z,2008,2008-01-01,2008-12-31
1553256,TB_1,COUNTRY,KHM,WPR,Western Pacific,YEAR,2004,,,,,,,,,34 [25-48],34,25,48,,2025-11-11T16:20:50Z,2004,2004-01-01,2004-12-31
1553535,TB_1,COUNTRY,KHM,WPR,Western Pacific,YEAR,2005,,,,,,,,,41 [31-58],41,31,58,,2025-11-11T16:20:50Z,2005,2005-01-01,2005-12-31
1554721,TB_1,COUNTRY,PLW,WPR,Western Pacific,YEAR,2018,,,,,,,,,100 [83-120],100,83,120,,2025-11-11T16:20:50Z,2018,2018-01-01,2018-12-31
1558035,TB_1,COUNTRY,LTU,EUR,Europe,YEAR,2018,,,,,,,,,70 [58-87],70,58,87,,2025-11-11T16:20:50Z,2018,2018-01-01,2018-12-31
1562053,TB_1,COUNTRY,ERI,AFR,Africa,YEAR,2007,,,,,,,,,32 [26-39],32,26,39,,2025-11-11T16:20:50Z,2007,2007-01-01,2007-12-31
1563327,TB_1,COUNTRY,PRY,AMR,Americas,YEAR,2003,,,,,,,,,47 [39-57],47,39,57,,2025-11-11T16:20:50Z,2003,2003-01-01,2003-12-31
1563424,TB_1,COUNTRY,NAM,AFR,Africa,YEAR,2009,,,,,,,,,59 [35-120],59,35,120,,2025-11-11T16:20:50Z,2009,2009-01-01,2009-12-31
1564062,TB_1,COUNTRY,POL,EUR,Europe,YEAR,2011,,,,,,,,,75 [62-92],75,62,92,,2025-11-11T16:20:50Z,2011,2011-01-01,2011-12-31
1567837,TB_1,COUNTRY,SYC,AFR,Africa,YEAR,2014,,,,,,,,,100 [83-120],100,83,120,,2025-11-11T16:20:50Z,2014,2014-01-01,2014-12-31
1571188,TB_1,COUNTRY,ROU,EUR,Europe,YEAR,2013,,,,,,,,,74 [62-91],74,62,91,,2025-11-11T16:20:50Z,2013,2013-01-01,2013-12-31
1573038,TB_1,COUNTRY,OMN,EMR,Eastern Mediterranean,YEAR,2018,,,,,,,,,69 [57-85],69,57,85,,2025-11-11T16:20:50Z,2018,2018-01-01,2018-12-31
1574133,TB_1,COUNTRY,BTN,SEAR,South-East Asia,YEAR,2010,,,,,,,,,39 [33-48],39,33,48,,2025-11-11T16:20:50Z,2010,2010-01-01,2010-12-31
1574284,TB_1,COUNTRY,WSM,WPR,Western Pacific,YEAR,2006,,,,,,,,,100 [83-120],100,83,120,,2025-11-11T16:20:50Z,2006,2006-01-01,2006-12-31
1574893,TB_1,COUNTRY,SYC,AFR,Africa,YEAR,2013,,,,,,,,,100 [83-120],100,83,120,,2025-11-11T16:20:50Z,2013,2013-01-01,2013-12-31
1582227,TB_1,COUNTRY,AZE,EUR,Europe,YEAR,2007,,,,,,,,,36 [30-44],36,30,44,,2025-11-11T16:20:50Z,2007,2007-01-01,2007-12-31
1582352,TB_1,COUNTRY,YEM,EMR,Eastern Mediterranean,YEAR,2011,,,,,,,,,74 [64-88],74,64,88,,2025-11-11T16:20:50Z,2011,2011-01-01,2011-12-31
1585560,TB_1,COUNTRY,GEO,EUR,Europe,YEAR,2016,,,,,,,,,75 [62-93],75,62,93,,2025-11-11T16:20:50Z,2016,2016-01-01,2016-12-31
1586859,TB_1,COUNTRY,JPN,WPR,Western Pacific,YEAR,2009,,,,,,,,,78 [65-96],78,65,96,,2025-11-11T16:20:50Z,2009,2009-01-01,2009-12-31
1588266,TB_1,COUNTRY,ISR,EUR,Europe,YEAR,2011,,,,,,,,,79 [66-97],79,66,97,,2025-11-11T16:20:50Z,2011,2011-01-01,2011-12-31
1589685,TB_1,COUNTRY,TTO,AMR,Americas,YEAR,2004,,,,,,,,,58 [48-71],58,48,71,,2025-11-11T16:20:50Z,2004,2004-01-01,2004-12-31
1591145,TB_1,COUNTRY,KOR,WPR,Western Pacific,YEAR,2002,,,,,,,,,94 [87-100],94,87,100,,2025-11-11T16:20:50Z,2002,2002-01-01,2002-12-31
1592423,TB_1,COUNTRY,GTM,AMR,Americas,YEAR,2013,,,,,,,,,89 [74-110],89,74,110,,2025-11-11T16:20:50Z,2013,2013-01-01,2013-12-31
1592466,TB_1,REGION,SEAR,,,YEAR,2011,,,,,,,,,42 [28-70],42,28,70,,2025-11-11T16:20:50Z,2011,2011-01-01,2011-12-31
1594570,TB_1,COUNTRY,LKA,SEAR,South-East Asia,YEAR,2014,,,,,,,,,59 [31-95],59,31,95,,2025-11-11T16:20:50Z,2014,2014-01-01,2014-12-31
1594574,TB_1,COUNTRY,KIR,WPR,Western Pacific,YEAR,2008,,,,,,,,,33 [27-41],33,27,41,,2025-11-11T16:20:50Z,2008,2008-01-01,2008-12-31
1598478,TB_1,REGION,SEAR,,,YEAR,2017,,,,,,,,,59 [54-65],59,54,65,,2025-11-11T16:20:50Z,2017,2017-01-01,2017-12-31
1598706,TB_1,COUNTRY,EST,EUR,Europe,YEAR,2008,,,,,,,,,64 [53-79],64,53,79,,2025-11-11T16:20:50Z,2008,2008-01-01,2008-12-31
1605505,TB_1,COUNTRY,KIR,WPR,Western Pacific,YEAR,2020,,,,,,,,,47 [39-57],47,39,57,,2025-11-11T16:20:50Z,2020,2020-01-01,2020-12-31
1610021,TB_1,COUNTRY,CIV,AFR,Africa,YEAR,2020,,,,,,,,,58 [30-94],58,30,94,,2025-11-11T16:20:50Z,2020,2020-01-01,2020-12-31
1611002,TB_1,COUNTRY,PSE,EMR,Eastern Mediterranean,YEAR,2021,,,,,,,,,70 [58-86],70,58,86,,2025-11-11T16:20:50Z,2021,2021-01-01,2021-12-31
1611538,TB_1,COUNTRY,SDN,EMR,Eastern Mediterranean,YEAR,2018,,,,,,,,,64 [46-95],64,46,95,,2025-11-11T16:20:50Z,2018,2018-01-01,2018-12-31
1614173,TB_1,COUNTRY,FJI,WPR,Western Pacific,YEAR,2006,,,,,,,,,47 [39-58],47,39,58,,2025-11-11T16:20:50Z,2006,2006-01-01,2006-12-31
1617712,TB_1,COUNTRY,SLE,AFR,Africa,YEAR,2003,,,,,,,,,18 [9.3-29],18,9.3,29,,2025-11-11T16:20:50Z,2003,2003-01-01,2003-12-31
1620975,TB_1,COUNTRY,TUV,WPR,Western Pacific,YEAR,2009,,,,,,,,,100 [83-120],100,83,120,,2025-11-11T16:20:50Z,2009,2009-01-01,2009-12-31
1622200,TB_1,COUNTRY,KWT,EMR,Eastern Mediterranean,YEAR,2014,,,,,,,,,75 [63-93],75,63,93,,2025-11-11T16:20:50Z,2014,2014-01-01,2014-12-31
1622794,TB_1,COUNTRY,PNG,WPR,Western Pacific,YEAR,2020,,,,,,,,,47 [23-79],47,23,79,,2025-11-11T16:20:50Z,2020,2020-01-01,2020-12-31
1625300,TB_1,COUNTRY,MWI,AFR,Africa,YEAR,2016,,,,,,,,,50 [29-110],50,29,110,,2025-11-11T16:20:50Z,2016,2016-01-01,2016-12-31
1628122,TB_1,COUNTRY,KOR,WPR,Western Pacific,YEAR,2015,,,,,,,,,94 [87-100],94,87,100,,2025-11-11T16:20:50Z,2015,2015-01-01,2015-12-31
1631608,TB_1,COUNTRY,ARE,EMR,Eastern Mediterranean,YEAR,2011,,,,,,,,,60 [50-74],60,50,74,,2025-11-11T16:20:50Z,2011,2011-01-01,2011-12-31
1632485,TB_1,COUNTRY,FIN,EUR,Europe,YEAR,2020,,,,,,,,,85 [71-110],85,71,110,,2025-11-11T16:20:50Z,2020,2020-01-01,2020-12-31
1636189,TB_1,COUNTRY,CHN,WPR,Western Pacific,YEAR,2009,,,,,,,,,89 [74-110],89,74,110,,2025-11-11T16:20:50Z,2009,2009-01-01,2009-12-31
1636908,TB_1,COUNTRY,SLV,AMR,Americas,YEAR,2007,,,,,,,,,65 [54-79],65,54,79,,2025-11-11T16:20:50Z,2007,2007-01-01,2007-12-31
1642557,TB_1,COUNTRY,WSM,WPR,Western Pacific,YEAR,2001,,,,,,,,,100 [83-120],100,83,120,,2025-11-11T16:20:50Z,2001,2001-01-01,2001-12-31
1644291,TB_1,COUNTRY,LAO,WPR,Western Pacific,YEAR,2012,,,,,,,,,31 [20-56],31,20,56,,2025-11-11T16:20:50Z,2012,2012-01-01,2012-12-31
1644350,TB_1,COUNTRY,GTM,AMR,Americas,YEAR,2006,,,,,,,,,89 [74-110],89,74,110,,2025-11-11T16:20:50Z,2006,2006-01-01,2006-12-31
1647023,TB_1,COUNTRY,PNG,WPR,Western Pacific,YEAR,2021,,,,,,,,,46 [23-78],46,23,78,,2025-11-11T16:20:50Z,2021,2021-01-01,2021-12-31
1647279,TB_1,COUNTRY,ZWE,AFR,Africa,YEAR,2014,,,,,,,,,75 [52-120],75,52,120,,2025-11-11T16:20:50Z,2014,2014-01-01,2014-12-31
1650515,TB_1,COUNTRY,HKG,,,YEAR,2024,,,,,,,,,65 [54-80],65,54,80,,2025-11-11T16:20:50Z,2024,2024-01-01,2024-12-31
1650590,TB_1,COUNTRY,WSM,WPR,Western Pacific,YEAR,2014,,,,,,,,,100 [83-120],100,83,120,,2025-11-11T16:20:50Z,2014,2014-01-01,2014-12-31
1650715,TB_1,COUNTRY,QAT,EMR,Eastern Mediterranean,YEAR,2006,,,,,,,,,48 [40-60],48,40,60,,2025-11-11T16:20:50Z,2006,2006-01-01,2006-12-31
1654571,TB_1,COUNTRY,DNK,EUR,Europe,YEAR,2012,,,,,,,,,78 [65-96],78,65,96,,2025-11-11T16:20:50Z,2012,2012-01-01,2012-12-31
1662979,TB_1,COUNTRY,SDN,EMR,Eastern Mediterranean,YEAR,2022,,,,,,,,,72 [50-110],72,50,110,,2025-11-11T16:20:50Z,2022,2022-01-01,2022-12-31
1663159,TB_1,COUNTRY,GAB,AFR,Africa,YEAR,2003,,,,,,,,,46 [21-79],46,21,79,,2025-11-11T16:20:50Z,2003,2003-01-01,2003-12-31
1664293,TB_1,COUNTRY,ZWE,AFR,Africa,YEAR,2000,,,,,,,,,71 [32-260],71,32,260,,2025-11-11T16:20:50Z,2000,2000-01-01,2000-12-31
1665167,TB_1,COUNTRY,ATG,AMR,Americas,YEAR,2006,,,,,,,,,100 [83-120],100,83,120,,2025-11-11T16:20:50Z,2006,2006-01-01,2006-12-31
1665850,TB_1,COUNTRY,DNK,EUR,Europe,YEAR,2018,,,,,,,,,82 [68-100],82,68,100,,2025-11-11T16:20:50Z,2018,2018-01-01,2018-12-31
1666004,TB_1,COUNTRY,ZMB,AFR,Africa,YEAR,2004,,,,,,,,,76 [49-130],76,49,130,,2025-11-11T16:20:50Z,2004,2004-01-01,2004-12-31
1666282,TB_1,COUNTRY,EGY,EMR,Eastern Mediterranean,YEAR,2005,,,,,,,,,79 [64-99],79,64,99,,2025-11-11T16:20:50Z,2005,2005-01-01,2005-12-31
1667391,TB_1,COUNTRY,PRI,AMR,Americas,YEAR,2023,,,,,,,,,76 [63-93],76,63,93,,2025-11-11T16:20:50Z,2023,2023-01-01,2023-12-31
1671331,TB_1,COUNTRY,TLS,SEAR,South-East Asia,YEAR,2015,,,,,,,,,63 [33-100],63,33,100,,2025-11-11T16:20:50Z,2015,2015-01-01,2015-12-31
1671519,TB_1,COUNTRY,HKG,,,YEAR,2019,,,,,,,,,64 [53-79],64,53,79,,2025-11-11T16:20:50Z,2019,2019-01-01,2019-12-31
1674991,TB_1,COUNTRY,MRT,AFR,Africa,YEAR,2008,,,,,,,,,51 [24-89],51,24,89,,2025-11-11T16:20:50Z,2008,2008-01-01,2008-12-31
1675455,TB_1,REGION,EMR,,,YEAR,2024,,,,,,,,,72 [58-93],72,58,93,,2025-11-11T16:20:50Z,2024,2024-01-01,2024-12-31
1675749,TB_1,COUNTRY,CHN,WPR,Western Pacific,YEAR,2001,,,,,,,,,35 [29-44],35,29,44,,2025-11-11T16:20:50Z,2001,2001-01-01,2001-12-31
1677621,TB_1,COUNTRY,CRI,AMR,Americas,YEAR,2018,,,,,,,,,81 [67-100],81,67,100,,2025-11-11T16:20:50Z,2018,2018-01-01,2018-12-31
1679957,TB_1,COUNTRY,FSM,WPR,Western Pacific,YEAR,2016,,,,,,,,,47 [39-57],47,39,57,,2025-11-11T16:20:50Z,2016,2016-01-01,2016-12-31
1683815,TB_1,COUNTRY,MNG,WPR,Western Pacific,YEAR,2023,,,,,,,,,19 [12-36],19,12,36,,2025-11-11T16:20:50Z,2023,2023-01-01,2023-12-31
1686993,TB_1,COUNTRY,BGR,EUR,Europe,YEAR,2000,,,,,,,,,51 [42-62],51,42,62,,2025-11-11T16:20:50Z,2000,2000-01-01,2000-12-31
1689791,TB_1,COUNTRY,TKM,EUR,Europe,YEAR,2021,,,,,,,,,76 [63-93],76,63,93,,2025-11-11T16:20:50Z,2021,2021-01-01,2021-12-31
1693064,TB_1,COUNTRY,LAO,WPR,Western Pacific,YEAR,2019,,,,,,,,,61 [42-94],61,42,94,,2025-11-11T16:20:50Z,2019,2019-01-01,2019-12-31
1693956,TB_1,COUNTRY,MLT,EUR,Europe,YEAR,2023,,,,,,,,,100 [83-120],100,83,120,,2025-11-11T16:20:50Z,2023,2023-01-01,2023-12-31
1694847,TB_1,COUNTRY,URY,AMR,Americas,YEAR,2018,,,,,,,,,82 [68-100],82,68,100,,2025-11-11T16:20:50Z,2018,2018-01-01,2018-12-31
1695343,TB_1,COUNTRY,THA,SEAR,South-East Asia,YEAR,2017,,,,,,,,,72 [56-96],72,56,96,,2025-11-11T16:20:50Z,2017,2017-01-01,2017-12-31
1696861,TB_1,COUNTRY,BFA,AFR,Africa,YEAR,2007,,,,,,,,,33 [17-54],33,17,54,,2025-11-11T16:20:50Z,2007,2007-01-01,2007-12-31
1697096,TB_1,COUNTRY,DMA,AMR,Americas,YEAR,2023,,,,,,,,,100 [83-120],100,83,120,,2025-11-11T16:20:50Z,2023,2023-01-01,2023-12-31
1699127,TB_1,COUNTRY,SVK,EUR,Europe,YEAR,2011,,,,,,,,,75 [62-92],75,62,92,,2025-11-11T16:20:50Z,2011,2011-01-01,2011-12-31
1699257,TB_1,COUNTRY,LKA,SEAR,South-East Asia,YEAR,2003,,,,,,,,,37 [9-81],37,9,81,,2025-11-11T16:20:50Z,2003,2003-01-01,2003-12-31
1701806,TB_1,COUNTRY,UZB,EUR,Europe,YEAR,2006,,,,,,,,,58 [48-72],58,48,72,,2025-11-11T16:20:50Z,2006,2006-01-01,2006-12-31
1702950,TB_1,COUNTRY,NPL,SEAR,South-East Asia,YEAR,2004,,,,,,,,,33 [21-59],33,21,59,,2025-11-11T16:20:50Z,2004,2004-01-01,2004-12-31
1705046,TB_1,COUNTRY,GHA,AFR,Africa,YEAR,2007,,,,,,,,,28 [14-76],28,14,76,,2025-11-11T16:20:50Z,2007,2007-01-01,2007-12-31
1707296,TB_1,COUNTRY,MRT,AFR,Africa,YEAR,2020,,,,,,,,,61 [32-99],61,32,99,,2025-11-11T16:20:50Z,2020,2020-01-01,2020-12-31
1710656,TB_1,COUNTRY,LCA,AMR,Americas,YEAR,2018,,,,,,,,,100 [83-120],100,83,120,,2025-11-11T16:20:50Z,2018,2018-01-01,2018-12-31
1710746,TB_1,COUNTRY,UKR,EUR,Europe,YEAR,2009,,,,,,,,,54 [44-66],54,44,66,,2025-11-11T16:20:50Z,2009,2009-01-01,2009-12-31
1713194,TB_1,COUNTRY,CMR,AFR,Africa,YEAR,2023,,,,,,,,,65 [34-110],65,34,110,,2025-11-11T16:20:50Z,2023,2023-01-01,2023-12-31
1719660,TB_1,COUNTRY,SLV,AMR,Americas,YEAR,2006,,,,,,,,,62 [52-77],62,52,77,,2025-11-11T16:20:50Z,2006,2006-01-01,2006-12-31
1719676,TB_1,COUNTRY,SGP,WPR,Western Pacific,YEAR,2012,,,,,,,,,82 [68-100],82,68,100,,2025-11-11T16:20:50Z,2012,2012-01-01,2012-12-31
1725353,TB_1,COUNTRY,PRT,EUR,Europe,YEAR,2021,,,,,,,,,88 [73-110],88,73,110,,2025-11-11T16:20:50Z,2021,2021-01-01,2021-12-31
1726711,TB_1,COUNTRY,MDG,AFR,Africa,YEAR,2019,,,,,,,,,62 [32-100],62,32,100,,2025-11-11T16:20:50Z,2019,2019-01-01,2019-12-31
1732295,TB_1,COUNTRY,KGZ,EUR,Europe,YEAR,2015,,,,,,,,,66 [55-81],66,55,81,,2025-11-11T16:20:50Z,2015,2015-01-01,2015-12-31
1732421,TB_1,COUNTRY,LVA,EUR,Europe,YEAR,2008,,,,,,,,,56 [46-69],56,46,69,,2025-11-11T16:20:50Z,2008,2008-01-01,2008-12-31
1732616,TB_1,COUNTRY,MAC,,,YEAR,2018,,,,,,,,,64 [53-79],64,53,79,,2025-11-11T16:20:50Z,2018,2018-01-01,2018-12-31
1737158,TB_1,COUNTRY,NIC,AMR,Americas,YEAR,2008,,,,,,,,,55 [46-68],55,46,68,,2025-11-11T16:20:50Z,2008,2008-01-01,2008-12-31
1738442,TB_1,COUNTRY,IND,SEAR,South-East Asia,YEAR,2006,,,,,,,,,34 [18-94],34,18,94,,2025-11-11T16:20:50Z,2006,2006-01-01,2006-12-31
1738740,TB_1,COUNTRY,PRT,EUR,Europe,YEAR,2013,,,,,,,,,85 [70-100],85,70,100,,2025-11-11T16:20:50Z,2013,2013-01-01,2013-12-31
1738979,TB_1,COUNTRY,CUB,AMR,Americas,YEAR,2009,,,,,,,,,73 [61-90],73,61,90,,2025-11-11T16:20:50Z,2009,2009-01-01,2009-12-31
1742720,TB_1,COUNTRY,CHE,EUR,Europe,YEAR,2002,,,,,,,,,75 [62-92],75,62,92,,2025-11-11T16:20:50Z,2002,2002-01-01,2002-12-31
1748612,TB_1,COUNTRY,LBY,EMR,Eastern Mediterranean,YEAR,2021,,,,,,,,,58 [28-96],58,28,96,,2025-11-11T16:20:50Z,2021,2021-01-01,2021-12-31
1749936,TB_1,COUNTRY,UZB,EUR,Europe,YEAR,2000,,,,,,,,,41 [34-50],41,34,50,,2025-11-11T16:20:50Z,2000,2000-01-01,2000-12-31
1750524,TB_1,COUNTRY,AND,EUR,Europe,YEAR,2012,,,,,,,,,100 [83-120],100,83,120,,2025-11-11T16:20:50Z,2012,2012-01-01,2012-12-31
1751862,TB_1,COUNTRY,HKG,,,YEAR,2000,,,,,,,,,42 [34-51],42,34,51,,2025-11-11T16:20:50Z,2000,2000-01-01,2000-12-31
1754832,TB_1,REGION,WPR,,,YEAR,2020,,,,,,,,,56 [49-65],56,49,65,,2025-11-11T16:20:50Z,2020,2020-01-01,2020-12-31
1755036,TB_1,COUNTRY,MDG,AFR,Africa,YEAR,2016,,,,,,,,,52 [25-88],52,25,88,,2025-11-11T16:20:50Z,2016,2016-01-01,2016-12-31
1755948,TB_1,COUNTRY,NOR,EUR,Europe,YEAR,2015,,,,,,,,,86 [72-110],86,72,110,,2025-11-11T16:20:50Z,2015,2015-01-01,2015-12-31
1760312,TB_1,COUNTRY,PRI,AMR,Americas,YEAR,2020,,,,,,,,,76 [63-93],76,63,93,,2025-11-11T16:20:50Z,2020,2020-01-01,2020-12-31
1763632,TB_1,COUNTRY,IND,SEAR,South-East Asia,YEAR,2015,,,,,,,,,53 [42-69],53,42,69,,2025-11-11T16:20:50Z,2015,2015-01-01,2015-12-31
1768018,TB_1,COUNTRY,GBR,EUR,Europe,YEAR,2018,,,,,,,,,89 [83-96],89,83,96,,2025-11-11T16:20:50Z,2018,2018-01-01,2018-12-31
1769609,TB_1,COUNTRY,BOL,AMR,Americas,YEAR,2024,,,,,,,,,66 [55-81],66,55,81,,2025-11-11T16:20:50Z,2024,2024-01-01,2024-12-31
1772562,TB_1,COUNTRY,SWZ,AFR,Africa,YEAR,2019,,,,,,,,,67 [46-110],67,46,110,,2025-11-11T16:20:50Z,2019,2019-01-01,2019-12-31
1776984,TB_1,COUNTRY,LVA,EUR,Europe,YEAR,2004,,,,,,,,,49 [40-60],49,40,60,,2025-11-11T16:20:50Z,2004,2004-01-01,2004-12-31
1777011,TB_1,COUNTRY,TKM,EUR,Europe,YEAR,2012,,,,,,,,,66 [55-82],66,55,82,,2025-11-11T16:20:50Z,2012,2012-01-01,2012-12-31
1777432,TB_1,COUNTRY,HND,AMR,Americas,YEAR,2006,,,,,,,,,50 [41-61],50,41,61,,2025-11-11T16:20:50Z,2006,2006-01-01,2006-12-31
1778693,TB_1,COUNTRY,BRN,WPR,Western Pacific,YEAR,2002,,,,,,,,,48 [40-59],48,40,59,,2025-11-11T16:20:50Z,2002,2002-01-01,2002-12-31
1778975,TB_1,COUNTRY,TUV,WPR,Western Pacific,YEAR,2013,,,,,,,,,100 [83-120],100,83,120,,2025-11-11T16:20:50Z,2013,2013-01-01,2013-12-31
1779645,TB_1,COUNTRY,BDI,AFR,Africa,YEAR,2012,,,,,,,,,48 [23-83],48,23,83,,2025-11-11T16:20:50Z,2012,2012-01-01,2012-12-31
1781520,TB_1,COUNTRY,AZE,EUR,Europe,YEAR,2004,,,,,,,,,31 [25-38],31,25,38,,2025-11-11T16:20:50Z,2004,2004-01-01,2004-12-31
1782299,TB_1,COUNTRY,ISL,EUR,Europe,YEAR,2019,,,,,,,,,100 [83-120],100,83,120,,2025-11-11T16:20:50Z,2019,2019-01-01,2019-12-31
1786676,TB_1,COUNTRY,KHM,WPR,Western Pacific,YEAR,2020,,,,,,,,,61 [45-81],61,45,81,,2025-11-11T16:20:50Z,2020,2020-01-01,2020-12-31
1787867,TB_1,COUNTRY,TTO,AMR,Americas,YEAR,2016,,,,,,,,,76 [63-93],76,63,93,,2025-11-11T16:20:50Z,2016,2016-01-01,2016-12-31
1789693,TB_1,COUNTRY,ETH,AFR,Africa,YEAR,2008,,,,,,,,,54 [34-100],54,34,100,,2025-11-11T16:20:50Z,2008,2008-01-01,2008-12-31
1791808,TB_1,COUNTRY,NRU,WPR,Western Pacific,YEAR,2014,,,,,,,,,100 [83-120],100,83,120,,2025-11-11T16:20:50Z,2014,2014-01-01,2014-12-31
1792593,TB_1,COUNTRY,MRT,AFR,Africa,YEAR,2011,,,,,,,,,38 [18-67],38,18,67,,2025-11-11T16:20:50Z,2011,2011-01-01,2011-12-31
1795402,TB_1,COUNTRY,NOR,EUR,Europe,YEAR,2023,,,,,,,,,88 [73-110],88,73,110,,2025-11-11T16:20:50Z,2023,2023-01-01,2023-12-31
1798996,TB_1,COUNTRY,GTM,AMR,Americas,YEAR,2000,,,,,,,,,89 [74-110],89,74,110,,2025-11-11T16:20:50Z,2000,2000-01-01,2000-12-31
1799948,TB_1,COUNTRY,PHL,WPR,Western Pacific,YEAR,2015,,,,,,,,,48 [31-85],48,31,85,,2025-11-11T16:20:50Z,2015,2015-01-01,2015-12-31
1800114,TB_1,COUNTRY,GNB,AFR,Africa,YEAR,2012,,,,,,,,,49 [23-85],49,23,85,,2025-11-11T16:20:50Z,2012,2012-01-01,2012-12-31
1801419,TB_1,COUNTRY,SGP,WPR,Western Pacific,YEAR,2009,,,,,,,,,76 [63-93],76,63,93,,2025-11-11T16:20:50Z,2009,2009-01-01,2009-12-31
1801651,TB_1,COUNTRY,HND,AMR,Americas,YEAR,2018,,,,,,,,,64 [53-79],64,53,79,,2025-11-11T16:20:50Z,2018,2018-01-01,2018-12-31
1803943,TB_1,COUNTRY,CIV,AFR,Africa,YEAR,2008,,,,,,,,,51 [23-88],51,23,88,,2025-11-11T16:20:50Z,2008,2008-01-01,2008-12-31
1807793,TB_1,REGION,AFR,,,YEAR,2014,,,,,,,,,44 [37-53],44,37,53,,2025-11-11T16:20:50Z,2014,2014-01-01,2014-12-31
1809923,TB_1,COUNTRY,PRY,AMR,Americas,YEAR,2019,,,,,,,,,72 [60-89],72,60,89,,2025-11-11T16:20:50Z,2019,2019-01-01,2019-12-31
1813453,TB_1,COUNTRY,VCT,AMR,Americas,YEAR,2023,,,,,,,,,100 [83-120],100,83,120,,2025-11-11T16:20:50Z,2023,2023-01-01,2023-12-31
1815074,TB_1,COUNTRY,ATG,AMR,Americas,YEAR,2005,,,,,,,,,100 [83-120],100,83,120,,2025-11-11T16:20:50Z,2005,2005-01-01,2005-12-31
1820141,TB_1,COUNTRY,GNB,AFR,Africa,YEAR,2010,,,,,,,,,52 [24-92],52,24,92,,2025-11-11T16:20:50Z,2010,2010-01-01,2010-12-31
1824879,TB_1,COUNTRY,SYR,EMR,Eastern Mediterranean,YEAR,2016,,,,,,,,,58 [48-72],58,48,72,,2025-11-11T16:20:50Z,2016,2016-01-01,2016-12-31
1829519,TB_1,COUNTRY,BGD,SEAR,South-East Asia,YEAR,2016,,,,,,,,,62 [48-86],62,48,86,,2025-11-11T16:20:50Z,2016,2016-01-01,2016-12-31
1829592,TB_1,COUNTRY,WSM,WPR,Western Pacific,YEAR,2024,,,,,,,,,100 [83-120],100,83,120,,2025-11-11T16:20:50Z,2024,2024-01-01,2024-12-31
1831862,TB_1,WORLDBANKINCOMEGROUP,WB_LMI,,,YEAR,2007,,,,,,,,,39 [27-61],39,27,61,,2025-11-11T16:20:50Z,2007,2007-01-01,2007-12-31
1834975,TB_1,WORLDBANKINCOMEGROUP,WB_LI,,,YEAR,2024,,,,,,,,,70 [56-90],70,56,90,,2025-11-11T16:20:50Z,2024,2024-01-01,2024-12-31
1836088,TB_1,COUNTRY,NZL,WPR,Western Pacific,YEAR,2004,,,,,,,,,77 [64-95],77,64,95,,2025-11-11T16:20:50Z,2004,2004-01-01,2004-12-31
1839994,TB_1,COUNTRY,SAU,EMR,Eastern Mediterranean,YEAR,2017,,,,,,,,,91 [82-100],91,82,100,,2025-11-11T16:20:50Z,2017,2017-01-01,2017-12-31
1843139,TB_1,COUNTRY,CZE,EUR,Europe,YEAR,2019,,,,,,,,,83 [69-100],83,69,100,,2025-11-11T16:20:50Z,2019,2019-01-01,2019-12-31
1851047,TB_1,COUNTRY,TJK,EUR,Europe,YEAR,2019,,,,,,,,,76 [63-93],76,63,93,,2025-11-11T16:20:50Z,2019,2019-01-01,2019-12-31
1853794,TB_1,WORLDBANKINCOMEGROUP,WB_LI,,,YEAR,2001,,,,,,,,,31 [25-40],31,25,40,,2025-11-11T16:20:50Z,2001,2001-01-01,2001-12-31
1855631,TB_1,REGION,AFR,,,YEAR,2007,,,,,,,,,42 [34-54],42,34,54,,2025-11-11T16:20:50Z,2007,2007-01-01,2007-12-31
1863008,TB_1,COUNTRY,PRT,EUR,Europe,YEAR,2018,,,,,,,,,88 [73-110],88,73,110,,2025-11-11T16:20:50Z,2018,2018-01-01,2018-12-31
1866237,TB_1,COUNTRY,SVN,EUR,Europe,YEAR,2023,,,,,,,,,85 [70-100],85,70,100,,2025-11-11T16:20:50Z,2023,2023-01-01,2023-12-31
1866871,TB_1,COUNTRY,ARE,EMR,Eastern Mediterranean,YEAR,2003,,,,,,,,,49 [40-60],49,40,60,,2025-11-11T16:20:50Z,2003,2003-01-01,2003-12-31
1869475,TB_1,COUNTRY,SYR,EMR,Eastern Mediterranean,YEAR,2009,,,,,,,,,52 [43-64],52,43,64,,2025-11-11T16:20:50Z,2009,2009-01-01,2009-12-31
1873214,TB_1,COUNTRY,LBR,AFR,Africa,YEAR,2013,,,,,,,,,53 [25-92],53,25,92,,2025-11-11T16:20:50Z,2013,2013-01-01,2013-12-31
1873366,TB_1,COUNTRY,BRB,AMR,Americas,YEAR,2021,,,,,,,,,100 [83-120],100,83,120,,2025-11-11T16:20:50Z,2021,2021-01-01,2021-12-31
1874355,TB_1,WORLDBANKINCOMEGROUP,WB_LMI,,,YEAR,2006,,,,,,,,,37 [26-59],37,26,59,,2025-11-11T16:20:50Z,2006,2006-01-01,2006-12-31
1874593,TB_1,COUNTRY,THA,SEAR,South-East Asia,YEAR,2022,,,,,,,,,68 [55-92],68,55,92,,2025-11-11T16:20:50Z,2022,2022-01-01,2022-12-31
1876898,TB_1,COUNTRY,BHS,AMR,Americas,YEAR,2011,,,,,,,,,71 [59-88],71,59,88,,2025-11-11T16:20:50Z,2011,2011-01-01,2011-12-31
1879770,TB_1,COUNTRY,PHL,WPR,Western Pacific,YEAR,2003,,,,,,,,,28 [18-52],28,18,52,,2025-11-11T16:20:50Z,2003,2003-01-01,2003-12-31
1881233,TB_1,COUNTRY,FRA,EUR,Europe,YEAR,2015,,,,,,,,,83 [79-86],83,79,86,,2025-11-11T16:20:50Z,2015,2015-01-01,2015-12-31
1882303,TB_1,COUNTRY,GEO,EUR,Europe,YEAR,2015,,,,,,,,,73 [60-89],73,60,89,,2025-11-11T16:20:50Z,2015,2015-01-01,2015-12-31
1885598,TB_1,COUNTRY,GTM,AMR,Americas,YEAR,2023,,,,,,,,,89 [74-110],89,74,110,,2025-11-11T16:20:50Z,2023,2023-01-01,2023-12-31
1885888,TB_1,COUNTRY,BLR,EUR,Europe,YEAR,2020,,,,,,,,,61 [51-75],61,51,75,,2025-11-11T16:20:50Z,2020,2020-01-01,2020-12-31
1888251,TB_1,COUNTRY,GAB,AFR,Africa,YEAR,2017,,,,,,,,,53 [27-87],53,27,87,,2025-11-11T16:20:50Z,2017,2017-01-01,2017-12-31
1888754,TB_1,REGION,EMR,,,YEAR,2001,,,,,,,,,21 [17-28],21,17,28,,2025-11-11T16:20:50Z,2001,2001-01-01,2001-12-31
1889263,TB_1,COUNTRY,BEN,AFR,Africa,YEAR,2008,,,,,,,,,51 [23-89],51,23,89,,2025-11-11T16:20:50Z,2008,2008-01-01,2008-12-31
1892501,TB_1,COUNTRY,MNE,EUR,Europe,YEAR,2019,,,,,,,,,71 [59-88],71,59,88,,2025-11-11T16:20:50Z,2019,2019-01-01,2019-12-31
1893973,TB_1,COUNTRY,VNM,WPR,Western Pacific,YEAR,2000,,,,,,,,,39 [19-130],39,19,130,,2025-11-11T16:20:50Z,2000,2000-01-01,2000-12-31
1895177,TB_1,COUNTRY,NER,AFR,Africa,YEAR,2012,,,,,,,,,53 [24-92],53,24,92,,2025-11-11T16:20:50Z,2012,2012-01-01,2012-12-31
1895472,TB_1,COUNTRY,FRA,EUR,Europe,YEAR,2022,,,,,,,,,83 [79-86],83,79,86,,2025-11-11T16:20:50Z,2022,2022-01-01,2022-12-31
1898264,TB_1,COUNTRY,KWT,EMR,Eastern Mediterranean,YEAR,2013,,,,,,,,,75 [62-92],75,62,92,,2025-11-11T16:20:50Z,2013,2013-01-01,2013-12-31
1908530,TB_1,COUNTRY,CZE,EUR,Europe,YEAR,2016,,,,,,,,,82 [68-100],82,68,100,,2025-11-11T16:20:50Z,2016,2016-01-01,2016-12-31
1909836,TB_1,COUNTRY,TCD,AFR,Africa,YEAR,2005,,,,,,,,,46 [18-86],46,18,86,,2025-11-11T16:20:50Z,2005,2005-01-01,2005-12-31
1910984,TB_1,COUNTRY,GRC,EUR,Europe,YEAR,2015,,,,,,,,,77 [64-95],77,64,95,,2025-11-11T16:20:50Z,2015,2015-01-01,2015-12-31
1912580,TB_1,COUNTRY,SLB,WPR,Western Pacific,YEAR,2001,,,,,,,,,25 [20-30],25,20,30,,2025-11-11T16:20:50Z,2001,2001-01-01,2001-12-31
1913346,TB_1,COUNTRY,MKD,EUR,Europe,YEAR,2013,,,,,,,,,67 [56-83],67,56,83,,2025-11-11T16:20:50Z,2013,2013-01-01,2013-12-31
1914730,TB_1,COUNTRY,JPN,WPR,Western Pacific,YEAR,2020,,,,,,,,,83 [69-100],83,69,100,,2025-11-11T16:20:50Z,2020,2020-01-01,2020-12-31
1914885,TB_1,COUNTRY,CHL,AMR,Americas,YEAR,2019,,,,,,,,,82 [68-100],82,68,100,,2025-11-11T16:20:50Z,2019,2019-01-01,2019-12-31
1914996,TB_1,COUNTRY,ZAF,AFR,Africa,YEAR,2017,,,,,,,,,57 [40-89],57,40,89,,2025-11-11T16:20:50Z,2017,2017-01-01,2017-12-31
1915020,TB_1,COUNTRY,BRA,AMR,Americas,YEAR,2008,,,,,,,,,92 [76-110],92,76,110,,2025-11-11T16:20:50Z,2008,2008-01-01,2008-12-31
1915952,TB_1,COUNTRY,AUT,EUR,Europe,YEAR,2022,,,,,,,,,85 [71-100],85,71,100,,2025-11-11T16:20:50Z,2022,2022-01-01,2022-12-31
1919163,TB_1,COUNTRY,EGY,EMR,Eastern Mediterranean,YEAR,2022,,,,,,,,,67 [54-85],67,54,85,,2025-11-11T16:20:50Z,2022,2022-01-01,2022-12-31
1920340,TB_1,COUNTRY,COG,AFR,Africa,YEAR,2022,,,,,,,,,77 [40-120],77,40,120,,2025-11-11T16:20:50Z,2022,2022-01-01,2022-12-31
1921468,TB_1,COUNTRY,IRL,EUR,Europe,YEAR,2001,,,,,,,,,72 [59-88],72,59,88,,2025-11-11T16:20:50Z,2001,2001-01-01,2001-12-31
1921470,TB_1,COUNTRY,GRD,AMR,Americas,YEAR,2011,,,,,,,,,100 [83-120],100,83,120,,2025-11-11T16:20:50Z,2011,2011-01-01,2011-12-31
1922079,TB_1,COUNTRY,STP,AFR,Africa,YEAR,2008,,,,,,,,,39 [32-47],39,32,47,,2025-11-11T16:20:50Z,2008,2008-01-01,2008-12-31
1922241,TB_1,COUNTRY,UGA,AFR,Africa,YEAR,2014,,,,,,,,,60 [41-96],60,41,96,,2025-11-11T16:20:50Z,2014,2014-01-01,2014-12-31
1923994,TB_1,COUNTRY,ETH,AFR,Africa,YEAR,2001,,,,,,,,,30 [19-52],30,19,52,,2025-11-11T16:20:50Z,2001,2001-01-01,2001-12-31
1924645,TB_1,COUNTRY,KEN,AFR,Africa,YEAR,2009,,,,,,,,,45 [21-150],45,21,150,,2025-11-11T16:20:50Z,2009,2009-01-01,2009-12-31
1925069,TB_1,COUNTRY,RWA,AFR,Africa,YEAR,2023,,,,,,,,,110 [80-150],110,80,150,,2025-11-11T16:20:50Z,2023,2023-01-01,2023-12-31
1926245,TB_1,COUNTRY,TUR,EUR,Europe,YEAR,2024,,,,,,,,,78 [64-95],78,64,95,,2025-11-11T16:20:50Z,2024,2024-01-01,2024-12-31
1926668,TB_1,COUNTRY,NOR,EUR,Europe,YEAR,2010,,,,,,,,,85 [70-100],85,70,100,,2025-11-11T16:20:50Z,2010,2010-01-01,2010-12-31
1926971,TB_1,COUNTRY,UKR,EUR,Europe,YEAR,2018,,,,,,,,,72 [59-88],72,59,88,,2025-11-11T16:20:50Z,2018,2018-01-01,2018-12-31
1928428,TB_1,COUNTRY,VUT,WPR,Western Pacific,YEAR,2003,,,,,,,,,24 [3.3-62],24,3.3,62,,2025-11-11T16:20:50Z,2003,2003-01-01,2003-12-31
1930192,TB_1,COUNTRY,AZE,EUR,Europe,YEAR,2014,,,,,,,,,56 [47-69],56,47,69,,2025-11-11T16:20:50Z,2014,2014-01-01,2014-12-31
1936401,TB_1,COUNTRY,KAZ,EUR,Europe,YEAR,2010,,,,,,,,,99 [82-120],99,82,120,,2025-11-11T16:20:50Z,2010,2010-01-01,2010-12-31
1942858,TB_1,COUNTRY,ISR,EUR,Europe,YEAR,2006,,,,,,,,,76 [63-93],76,63,93,,2025-11-11T16:20:50Z,2006,2006-01-01,2006-12-31
1942928,TB_1,COUNTRY,SLE,AFR,Africa,YEAR,2015,,,,,,,,,38 [20-62],38,20,62,,2025-11-11T16:20:50Z,2015,2015-01-01,2015-12-31
1943246,TB_1,COUNTRY,CPV,AFR,Africa,YEAR,2012,,,,,,,,,63 [52-77],63,52,77,,2025-11-11T16:20:50Z,2012,2012-01-01,2012-12-31
1944447,TB_1,COUNTRY,LKA,SEAR,South-East Asia,YEAR,2011,,,,,,,,,57 [29-95],57,29,95,,2025-11-11T16:20:50Z,2011,2011-01-01,2011-12-31
1945435,TB_1,COUNTRY,KWT,EMR,Eastern Mediterranean,YEAR,2021,,,,,,,,,77 [64-95],77,64,95,,2025-11-11T16:20:50Z,2021,2021-01-01,2021-12-31
1949711,TB_1,COUNTRY,BDI,AFR,Africa,YEAR,2019,,,,,,,,,54 [28-89],54,28,89,,2025-11-11T16:20:50Z,2019,2019-01-01,2019-12-31
1952601,TB_1,COUNTRY,PNG,WPR,Western Pacific,YEAR,2008,,,,,,,,,35 [17-71],35,17,71,,2025-11-11T16:20:50Z,2008,2008-01-01,2008-12-31
1955205,TB_1,COUNTRY,GEO,EUR,Europe,YEAR,2023,,,,,,,,,68 [56-83],68,56,83,,2025-11-11T16:20:50Z,2023,2023-01-01,2023-12-31
1956306,TB_1,COUNTRY,IND,SEAR,South-East Asia,YEAR,2020,,,,,,,,,59 [51-68],59,51,68,,2025-11-11T16:20:50Z,2020,2020-01-01,2020-12-31
1957169,TB_1,COUNTRY,POL,EUR,Europe,YEAR,2016,,,,,,,,,80 [67-99],80,67,99,,2025-11-11T16:20:50Z,2016,2016-01-01,2016-12-31
1957394,TB_1,COUNTRY,CYP,EUR,Europe,YEAR,2020,,,,,,,,,81 [67-99],81,67,99,,2025-11-11T16:20:50Z,2020,2020-01-01,2020-12-31
1957510,TB_1,COUNTRY,IRN,EMR,Eastern Mediterranean,YEAR,2004,,,,,,,,,42 [35-52],42,35,52,,2025-11-11T16:20:50Z,2004,2004-01-01,2004-12-31
1957715,TB_1,COUNTRY,BWA,AFR,Africa,YEAR,2008,,,,,,,,,67 [33-110],67,33,110,,2025-11-11T16:20:50Z,2008,2008-01-01,2008-12-31
1963180,TB_1,COUNTRY,MOZ,AFR,Africa,YEAR,2005,,,,,,,,,48 [33-75],48,33,75,,2025-11-11T16:20:50Z,2005,2005-01-01,2005-12-31
1964379,TB_1,COUNTRY,GRC,EUR,Europe,YEAR,2001,,,,,,,,,68 [57-84],68,57,84,,2025-11-11T16:20:50Z,2001,2001-01-01,2001-12-31
1965056,TB_1,COUNTRY,AGO,AFR,Africa,YEAR,2002,,,,,,,,,44 [18-82],44,18,82,,2025-11-11T16:20:50Z,2002,2002-01-01,2002-12-31
1965547,TB_1,COUNTRY,CZE,EUR,Europe,YEAR,2024,,,,,,,,,84 [70-100],84,70,100,,2025-11-11T16:20:50Z,2024,2024-01-01,2024-12-31
1965617,TB_1,COUNTRY,NER,AFR,Africa,YEAR,2003,,,,,,,,,50 [20-93],50,20,93,,2025-11-11T16:20:50Z,2003,2003-01-01,2003-12-31
1965677,TB_1,WORLDBANKINCOMEGROUP,WB_UMI,,,YEAR,2015,,,,,,,,,63 [56-71],63,56,71,,2025-11-11T16:20:50Z,2015,2015-01-01,2015-12-31
1966438,TB_1,COUNTRY,BFA,AFR,Africa,YEAR,2020,,,,,,,,,43 [22-70],43,22,70,,2025-11-11T16:20:50Z,2020,2020-01-01,2020-12-31
1971068,TB_1,COUNTRY,TLS,SEAR,South-East Asia,YEAR,2013,,,,,,,,,61 [30-100],61,30,100,,2025-11-11T16:20:50Z,2013,2013-01-01,2013-12-31
1971870,TB_1,COUNTRY,GNQ,AFR,Africa,YEAR,2011,,,,,,,,,27 [14-45],27,14,45,,2025-11-11T16:20:50Z,2011,2011-01-01,2011-12-31
1978053,TB_1,COUNTRY,LBY,EMR,Eastern Mediterranean,YEAR,2005,,,,,,,,,56 [27-94],56,27,94,,2025-11-11T16:20:50Z,2005,2005-01-01,2005-12-31
1978488,TB_1,COUNTRY,HTI,AMR,Americas,YEAR,2003,,,,,,,,,28 [24-35],28,24,35,,2025-11-11T16:20:50Z,2003,2003-01-01,2003-12-31
1979525,TB_1,COUNTRY,ARE,EMR,Eastern Mediterranean,YEAR,2006,,,,,,,,,55 [46-68],55,46,68,,2025-11-11T16:20:50Z,2006,2006-01-01,2006-12-31
1979604,TB_1,COUNTRY,PAK,EMR,Eastern Mediterranean,YEAR,2013,,,,,,,,,50 [34-79],50,34,79,,2025-11-11T16:20:50Z,2013,2013-01-01,2013-12-31
1980579,TB_1,COUNTRY,SYR,EMR,Eastern Mediterranean,YEAR,2011,,,,,,,,,54 [45-67],54,45,67,,2025-11-11T16:20:50Z,2011,2011-01-01,2011-12-31
1980583,TB_1,COUNTRY,ROU,EUR,Europe,YEAR,2009,,,,,,,,,71 [59-87],71,59,87,,2025-11-11T16:20:50Z,2009,2009-01-01,2009-12-31
1984539,TB_1,COUNTRY,UKR,EUR,Europe,YEAR,2003,,,,,,,,,76 [63-93],76,63,93,,2025-11-11T16:20:50Z,2003,2003-01-01,2003-12-31
1984694,TB_1,COUNTRY,COL,AMR,Americas,YEAR,2004,,,,,,,,,54 [44-66],54,44,66,,2025-11-11T16:20:50Z,2004,2004-01-01,2004-12-31
1984965,TB_1,COUNTRY,COM,AFR,Africa,YEAR,2016,,,,,,,,,54 [27-89],54,27,89,,2025-11-11T16:20:50Z,2016,2016-01-01,2016-12-31
1986611,TB_1,COUNTRY,CHE,EUR,Europe,YEAR,2005,,,,,,,,,78 [65-96],78,65,96,,2025-11-11T16:20:50Z,2005,2005-01-01,2005-12-31
1989204,TB_1,COUNTRY,GRD,AMR,Americas,YEAR,2009,,,,,,,,,100 [83-120],100,83,120,,2025-11-11T16:20:50Z,2009,2009-01-01,2009-12-31
1990352,TB_1,COUNTRY,LTU,EUR,Europe,YEAR,2022,,,,,,,,,73 [61-90],73,61,90,,2025-11-11T16:20:50Z,2022,2022-01-01,2022-12-31
1993654,TB_1,COUNTRY,BTN,SEAR,South-East Asia,YEAR,2013,,,,,,,,,45 [38-56],45,38,56,,2025-11-11T16:20:50Z,2013,2013-01-01,2013-12-31
1994763,TB_1,COUNTRY,ZMB,AFR,Africa,YEAR,2016,,,,,,,,,60 [41-99],60,41,99,,2025-11-11T16:20:50Z,2016,2016-01-01,2016-12-31
1995140,TB_1,COUNTRY,KWT,EMR,Eastern Mediterranean,YEAR,2017,,,,,,,,,77 [64-94],77,64,94,,2025-11-11T16:20:50Z,2017,2017-01-01,2017-12-31
1995355,TB_1,COUNTRY,CMR,AFR,Africa,YEAR,2012,,,,,,,,,48 [23-83],48,23,83,,2025-11-11T16:20:50Z,2012,2012-01-01,2012-12-31
1996080,TB_1,COUNTRY,ARG,AMR,Americas,YEAR,2014,,,,,,,,,78 [65-96],78,65,96,,2025-11-11T16:20:50Z,2014,2014-01-01,2014-12-31
1996974,TB_1,COUNTRY,QAT,EMR,Eastern Mediterranean,YEAR,2019,,,,,,,,,74 [61-91],74,61,91,,2025-11-11T16:20:50Z,2019,2019-01-01,2019-12-31
2002129,TB_1,COUNTRY,TZA,AFR,Africa,YEAR,2014,,,,,,,,,37 [18-110],37,18,110,,2025-11-11T16:20:50Z,2014,2014-01-01,2014-12-31
2003571,TB_1,COUNTRY,WSM,WPR,Western Pacific,YEAR,2013,,,,,,,,,100 [83-120],100,83,120,,2025-11-11T16:20:50Z,2013,2013-01-01,2013-12-31
2004310,TB_1,COUNTRY,NLD,EUR,Europe,YEAR,2007,,,,,,,,,87 [75-100],87,75,100,,2025-11-11T16:20:50Z,2007,2007-01-01,2007-12-31
2008837,TB_1,COUNTRY,MNE,EUR,Europe,YEAR,2014,,,,,,,,,66 [55-82],66,55,82,,2025-11-11T16:20:50Z,2014,2014-01-01,2014-12-31
2011375,TB_1,COUNTRY,LAO,WPR,Western Pacific,YEAR,2017,,,,,,,,,49 [33-78],49,33,78,,2025-11-11T16:20:50Z,2017,2017-01-01,2017-12-31
2013088,TB_1,COUNTRY,BRN,WPR,Western Pacific,YEAR,2024,,,,,,,,,79 [65-97],79,65,97,,2025-11-11T16:20:50Z,2024,2024-01-01,2024-12-31
2013537,TB_1,COUNTRY,CAN,AMR,Americas,YEAR,2001,,,,,,,,,71 [59-87],71,59,87,,2025-11-11T16:20:50Z,2001,2001-01-01,2001-12-31
2013866,TB_1,COUNTRY,BRN,WPR,Western Pacific,YEAR,2011,,,,,,,,,68 [57-84],68,57,84,,2025-11-11T16:20:50Z,2011,2011-01-01,2011-12-31
2014067,TB_1,REGION,AMR,,,YEAR,2011,,,,,,,,,70 [66-75],70,66,75,,2025-11-11T16:20:50Z,2011,2011-01-01,2011-12-31
2015084,TB_1,COUNTRY,NER,AFR,Africa,YEAR,2019,,,,,,,,,61 [31-100],61,31,100,,2025-11-11T16:20:50Z,2019,2019-01-01,2019-12-31
2017586,TB_1,COUNTRY,JPN,WPR,Western Pacific,YEAR,2018,,,,,,,,,83 [69-100],83,69,100,,2025-11-11T16:20:50Z,2018,2018-01-01,2018-12-31
2023320,TB_1,COUNTRY,BEN,AFR,Africa,YEAR,2007,,,,,,,,,48 [21-84],48,21,84,,2025-11-11T16:20:50Z,2007,2007-01-01,2007-12-31
2023339,TB_1,COUNTRY,KAZ,EUR,Europe,YEAR,2001,,,,,,,,,99 [82-120],99,82,120,,2025-11-11T16:20:50Z,2001,2001-01-01,2001-12-31
2024255,TB_1,COUNTRY,UGA,AFR,Africa,YEAR,2021,,,,,,,,,82 [55-140],82,55,140,,2025-11-11T16:20:50Z,2021,2021-01-01,2021-12-31
2027527,TB_1,COUNTRY,USA,AMR,Americas,YEAR,2004,,,,,,,,,79 [65-97],79,65,97,,2025-11-11T16:20:50Z,2004,2004-01-01,2004-12-31
2028654,TB_1,COUNTRY,IRQ,EMR,Eastern Mediterranean,YEAR,2022,,,,,,,,,66 [54-82],66,54,82,,2025-11-11T16:20:50Z,2022,2022-01-01,2022-12-31
2030044,TB_1,COUNTRY,BWA,AFR,Africa,YEAR,2016,,,,,,,,,60 [31-99],60,31,99,,2025-11-11T16:20:50Z,2016,2016-01-01,2016-12-31
2037332,TB_1,COUNTRY,MAC,,,YEAR,2009,,,,,,,,,55 [45-67],55,45,67,,2025-11-11T16:20:50Z,2009,2009-01-01,2009-12-31
2039624,TB_1,COUNTRY,LUX,EUR,Europe,YEAR,2021,,,,,,,,,83 [69-100],83,69,100,,2025-11-11T16:20:50Z,2021,2021-01-01,2021-12-31
2044365,TB_1,COUNTRY,BWA,AFR,Africa,YEAR,2011,,,,,,,,,56 [29-92],56,29,92,,2025-11-11T16:20:50Z,2011,2011-01-01,2011-12-31
2045043,TB_1,COUNTRY,PAK,EMR,Eastern Mediterranean,YEAR,2010,,,,,,,,,48 [33-76],48,33,76,,2025-11-11T16:20:50Z,2010,2010-01-01,2010-12-31
2045635,TB_1,WORLDBANKINCOMEGROUP,WB_LI,,,YEAR,2010,,,,,,,,,46 [37-59],46,37,59,,2025-11-11T16:20:50Z,2010,2010-01-01,2010-12-31
2051806,TB_1,COUNTRY,ISL,EUR,Europe,YEAR,2009,,,,,,,,,100 [83-120],100,83,120,,2025-11-11T16:20:50Z,2009,2009-01-01,2009-12-31
2051828,TB_1,COUNTRY,TKM,EUR,Europe,YEAR,2004,,,,,,,,,54 [45-66],54,45,66,,2025-11-11T16:20:50Z,2004,2004-01-01,2004-12-31
2052102,TB_1,COUNTRY,GIN,AFR,Africa,YEAR,2011,,,,,,,,,57 [26-100],57,26,100,,2025-11-11T16:20:50Z,2011,2011-01-01,2011-12-31
2052160,TB_1,REGION,SEAR,,,YEAR,2020,,,,,,,,,60 [54-68],60,54,68,,2025-11-11T16:20:50Z,2020,2020-01-01,2020-12-31
2055121,TB_1,COUNTRY,MKD,EUR,Europe,YEAR,2016,,,,,,,,,73 [60-89],73,60,89,,2025-11-11T16:20:50Z,2016,2016-01-01,2016-12-31
2056147,TB_1,COUNTRY,MKD,EUR,Europe,YEAR,2009,,,,,,,,,60 [50-74],60,50,74,,2025-11-11T16:20:50Z,2009,2009-01-01,2009-12-31
2059747,TB_1,COUNTRY,PRT,EUR,Europe,YEAR,2016,,,,,,,,,87 [72-110],87,72,110,,2025-11-11T16:20:50Z,2016,2016-01-01,2016-12-31
2061604,TB_1,COUNTRY,TJK,EUR,Europe,YEAR,2023,,,,,,,,,56 [46-74],56,46,74,,2025-11-11T16:20:50Z,2023,2023-01-01,2023-12-31
2063618,TB_1,COUNTRY,BLZ,AMR,Americas,YEAR,2021,,,,,,,,,52 [43-65],52,43,65,,2025-11-11T16:20:50Z,2021,2021-01-01,2021-12-31
2065327,TB_1,COUNTRY,KEN,AFR,Africa,YEAR,2016,,,,,,,,,46 [28-89],46,28,89,,2025-11-11T16:20:50Z,2016,2016-01-01,2016-12-31
2066621,TB_1,COUNTRY,IRL,EUR,Europe,YEAR,2022,,,,,,,,,83 [69-100],83,69,100,,2025-11-11T16:20:50Z,2022,2022-01-01,2022-12-31
2067718,TB_1,COUNTRY,BEN,AFR,Africa,YEAR,2024,,,,,,,,,70 [37-110],70,37,110,,2025-11-11T16:20:50Z,2024,2024-01-01,2024-12-31
2068160,TB_1,COUNTRY,UKR,EUR,Europe,YEAR,2015,,,,,,,,,61 [51-75],61,51,75,,2025-11-11T16:20:50Z,2015,2015-01-01,2015-12-31
2073436,TB_1,COUNTRY,MYS,WPR,Western Pacific,YEAR,2006,,,,,,,,,60 [50-74],60,50,74,,2025-11-11T16:20:50Z,2006,2006-01-01,2006-12-31
2075081,TB_1,COUNTRY,KEN,AFR,Africa,YEAR,2020,,,,,,,,,55 [36-90],55,36,90,,2025-11-11T16:20:50Z,2020,2020-01-01,2020-12-31
2076348,TB_1,COUNTRY,SVN,EUR,Europe,YEAR,2017,,,,,,,,,83 [69-100],83,69,100,,2025-11-11T16:20:50Z,2017,2017-01-01,2017-12-31
2084685,TB_1,COUNTRY,BOL,AMR,Americas,YEAR,2000,,,,,,,,,29 [24-36],29,24,36,,2025-11-11T16:20:50Z,2000,2000-01-01,2000-12-31
2085134,TB_1,COUNTRY,PER,AMR,Americas,YEAR,2008,,,,,,,,,61 [51-76],61,51,76,,2025-11-11T16:20:50Z,2008,2008-01-01,2008-12-31
2091057,TB_1,COUNTRY,COD,AFR,Africa,YEAR,2012,,,,,,,,,31 [16-51],31,16,51,,2025-11-11T16:20:50Z,2012,2012-01-01,2012-12-31
2095874,TB_1,WORLDBANKINCOMEGROUP,WB_UMI,,,YEAR,2022,,,,,,,,,69 [63-76],69,63,76,,2025-11-11T16:20:50Z,2022,2022-01-01,2022-12-31
2096961,TB_1,COUNTRY,BDI,AFR,Africa,YEAR,2006,,,,,,,,,43 [19-75],43,19,75,,2025-11-11T16:20:50Z,2006,2006-01-01,2006-12-31
2100799,TB_1,REGION,WPR,,,YEAR,2008,,,,,,,,,58 [51-65],58,51,65,,2025-11-11T16:20:50Z,2008,2008-01-01,2008-12-31
2100989,TB_1,COUNTRY,MWI,AFR,Africa,YEAR,2003,,,,,,,,,57 [20-610],57,20,610,,2025-11-11T16:20:50Z,2003,2003-01-01,2003-12-31
2101116,TB_1,COUNTRY,USA,AMR,Americas,YEAR,2003,,,,,,,,,78 [65-96],78,65,96,,2025-11-11T16:20:50Z,2003,2003-01-01,2003-12-31
2101449,TB_1,COUNTRY,BHR,EMR,Eastern Mediterranean,YEAR,2009,,,,,,,,,63 [52-77],63,52,77,,2025-11-11T16:20:50Z,2009,2009-01-01,2009-12-31
2102185,TB_1,COUNTRY,STP,AFR,Africa,YEAR,2022,,,,,,,,,63 [52-77],63,52,77,,2025-11-11T16:20:50Z,2022,2022-01-01,2022-12-31
2102386,TB_1,COUNTRY,VCT,AMR,Americas,YEAR,2002,,,,,,,,,100 [83-120],100,83,120,,2025-11-11T16:20:50Z,2002,2002-01-01,2002-12-31
2102444,TB_1,COUNTRY,MEX,AMR,Americas,YEAR,2023,,,,,,,,,75 [63-93],75,63,93,,2025-11-11T16:20:50Z,2023,2023-01-01,2023-12-31
2104966,TB_1,COUNTRY,LTU,EUR,Europe,YEAR,2013,,,,,,,,,62 [52-77],62,52,77,,2025-11-11T16:20:50Z,2013,2013-01-01,2013-12-31
2105284,TB_1,COUNTRY,YEM,EMR,Eastern Mediterranean,YEAR,2002,,,,,,,,,74 [64-88],74,64,88,,2025-11-11T16:20:50Z,2002,2002-01-01,2002-12-31
2105390,TB_1,COUNTRY,SRB,EUR,Europe,YEAR,2012,,,,,,,,,65 [54-80],65,54,80,,2025-11-11T16:20:50Z,2012,2012-01-01,2012-12-31
2110702,TB_1,COUNTRY,ROU,EUR,Europe,YEAR,2023,,,,,,,,,78 [64-95],78,64,95,,2025-11-11T16:20:50Z,2023,2023-01-01,2023-12-31
2111701,TB_1,COUNTRY,AND,EUR,Europe,YEAR,2006,,,,,,,,,100 [83-120],100,83,120,,2025-11-11T16:20:50Z,2006,2006-01-01,2006-12-31
2112765,TB_1,REGION,EMR,,,YEAR,2010,,,,,,,,,50 [39-68],50,39,68,,2025-11-11T16:20:50Z,2010,2010-01-01,2010-12-31
2113211,TB_1,COUNTRY,HND,AMR,Americas,YEAR,2017,,,,,,,,,64 [53-79],64,53,79,,2025-11-11T16:20:50Z,2017,2017-01-01,2017-12-31
2114427,TB_1,COUNTRY,PRI,AMR,Americas,YEAR,2012,,,,,,,,,70 [58-86],70,58,86,,2025-11-11T16:20:50Z,2012,2012-01-01,2012-12-31
2114646,TB_1,COUNTRY,LAO,WPR,Western Pacific,YEAR,2006,,,,,,,,,26 [15-57],26,15,57,,2025-11-11T16:20:50Z,2006,2006-01-01,2006-12-31
2116072,TB_1,COUNTRY,TGO,AFR,Africa,YEAR,2008,,,,,,,,,51 [23-90],51,23,90,,2025-11-11T16:20:50Z,2008,2008-01-01,2008-12-31
2117112,TB_1,COUNTRY,SLB,WPR,Western Pacific,YEAR,2011,,,,,,,,,37 [31-45],37,31,45,,2025-11-11T16:20:50Z,2011,2011-01-01,2011-12-31
2118787,TB_1,COUNTRY,DOM,AMR,Americas,YEAR,2021,,,,,,,,,64 [53-79],64,53,79,,2025-11-11T16:20:50Z,2021,2021-01-01,2021-12-31
2120751,TB_1,COUNTRY,SWE,EUR,Europe,YEAR,2007,,,,,,,,,77 [63-94],77,63,94,,2025-11-11T16:20:50Z,2007,2007-01-01,2007-12-31
2120772,TB_1,COUNTRY,HTI,AMR,Americas,YEAR,2012,,,,,,,,,44 [37-54],44,37,54,,2025-11-11T16:20:50Z,2012,2012-01-01,2012-12-31
2121839,TB_1,COUNTRY,PLW,WPR,Western Pacific,YEAR,2006,,,,,,,,,100 [83-120],100,83,120,,2025-11-11T16:20:50Z,2006,2006-01-01,2006-12-31
2121887,TB_1,COUNTRY,ECU,AMR,Americas,YEAR,2009,,,,,,,,,62 [52-76],62,52,76,,2025-11-11T16:20:50Z,2009,2009-01-01,2009-12-31
2128302,TB_1,COUNTRY,SRB,EUR,Europe,YEAR,2020,,,,,,,,,30 [25-37],30,25,37,,2025-11-11T16:20:50Z,2020,2020-01-01,2020-12-31
2133224,TB_1,COUNTRY,GRC,EUR,Europe,YEAR,2005,,,,,,,,,71 [59-88],71,59,88,,2025-11-11T16:20:50Z,2005,2005-01-01,2005-12-31
2134364,TB_1,COUNTRY,BGD,SEAR,South-East Asia,YEAR,2015,,,,,,,,,59 [45-81],59,45,81,,2025-11-11T16:20:50Z,2015,2015-01-01,2015-12-31
2136209,TB_1,COUNTRY,WSM,WPR,Western Pacific,YEAR,2021,,,,,,,,,100 [83-120],100,83,120,,2025-11-11T16:20:50Z,2021,2021-01-01,2021-12-31
2138361,TB_1,COUNTRY,SMR,EUR,Europe,YEAR,2000,,,,,,,,,100 [83-120],100,83,120,,2025-11-11T16:20:50Z,2000,2000-01-01,2000-12-31
2141530,TB_1,COUNTRY,SVK,EUR,Europe,YEAR,2012,,,,,,,,,76 [63-94],76,63,94,,2025-11-11T16:20:50Z,2012,2012-01-01,2012-12-31
2142879,TB_1,COUNTRY,LCA,AMR,Americas,YEAR,2016,,,,,,,,,100 [83-120],100,83,120,,2025-11-11T16:20:50Z,2016,2016-01-01,2016-12-31
2143408,TB_1,COUNTRY,UGA,AFR,Africa,YEAR,2015,,,,,,,,,55 [37-94],55,37,94,,2025-11-11T16:20:50Z,2015,2015-01-01,2015-12-31
2147899,TB_1,COUNTRY,CHL,AMR,Americas,YEAR,2011,,,,,,,,,75 [62-92],75,62,92,,2025-11-11T16:20:50Z,2011,2011-01-01,2011-12-31
2148460,TB_1,COUNTRY,ERI,AFR,Africa,YEAR,2019,,,,,,,,,44 [37-55],44,37,55,,2025-11-11T16:20:50Z,2019,2019-01-01,2019-12-31
2153841,TB_1,COUNTRY,SWE,EUR,Europe,YEAR,2015,,,,,,,,,85 [70-100],85,70,100,,2025-11-11T16:20:50Z,2015,2015-01-01,2015-12-31
2154016,TB_1,COUNTRY,ERI,AFR,Africa,YEAR,2016,,,,,,,,,43 [36-53],43,36,53,,2025-11-11T16:20:50Z,2016,2016-01-01,2016-12-31
2154334,TB_1,COUNTRY,LVA,EUR,Europe,YEAR,2007,,,,,,,,,54 [45-66],54,45,66,,2025-11-11T16:20:50Z,2007,2007-01-01,2007-12-31
2161977,TB_1,COUNTRY,CHL,AMR,Americas,YEAR,2006,,,,,,,,,71 [59-88],71,59,88,,2025-11-11T16:20:50Z,2006,2006-01-01,2006-12-31
2162547,TB_1,COUNTRY,EGY,EMR,Eastern Mediterranean,YEAR,2021,,,,,,,,,56 [45-72],56,45,72,,2025-11-11T16:20:50Z,2021,2021-01-01,2021-12-31
2163668,TB_1,COUNTRY,GIN,AFR,Africa,YEAR,2015,,,,,,,,,58 [28-99],58,28,99,,2025-11-11T16:20:50Z,2015,2015-01-01,2015-12-31
2164959,TB_1,COUNTRY,SGP,WPR,Western Pacific,YEAR,2020,,,,,,,,,88 [73-110],88,73,110,,2025-11-11T16:20:50Z,2020,2020-01-01,2020-12-31
2165149,TB_1,WORLDBANKINCOMEGROUP,WB_UMI,,,YEAR,2016,,,,,,,,,65 [59-72],65,59,72,,2025-11-11T16:20:50Z,2016,2016-01-01,2016-12-31
2166506,TB_1,COUNTRY,DZA,AFR,Africa,YEAR,2014,,,,,,,,,72 [60-88],72,60,88,,2025-11-11T16:20:50Z,2014,2014-01-01,2014-12-31
2166739,TB_1,COUNTRY,SOM,EMR,Eastern Mediterranean,YEAR,2000,,,,,,,,,18 [0.46-70],18,0.46,70,,2025-11-11T16:20:50Z,2000,2000-01-01,2000-12-31
2168546,TB_1,COUNTRY,FSM,WPR,Western Pacific,YEAR,2008,,,,,,,,,39 [32-48],39,32,48,,2025-11-11T16:20:50Z,2008,2008-01-01,2008-12-31
2175379,TB_1,COUNTRY,SDN,EMR,Eastern Mediterranean,YEAR,2003,,,,,,,,,49 [21-220],49,21,220,,2025-11-11T16:20:50Z,2003,2003-01-01,2003-12-31
2181444,TB_1,COUNTRY,POL,EUR,Europe,YEAR,2005,,,,,,,,,68 [57-84],68,57,84,,2025-11-11T16:20:50Z,2005,2005-01-01,2005-12-31
2185854,TB_1,COUNTRY,COM,AFR,Africa,YEAR,2002,,,,,,,,,43 [18-77],43,18,77,,2025-11-11T16:20:50Z,2002,2002-01-01,2002-12-31
2186107,TB_1,COUNTRY,IDN,WPR,Western Pacific,YEAR,2002,,,,,,,,,19 [17-21],19,17,21,,2025-11-11T16:20:50Z,2002,2002-01-01,2002-12-31
2190270,TB_1,COUNTRY,FIN,EUR,Europe,YEAR,2005,,,,,,,,,81 [67-100],81,67,100,,2025-11-11T16:20:50Z,2005,2005-01-01,2005-12-31
2194859,TB_1,COUNTRY,VEN,AMR,Americas,YEAR,2024,,,,,,,,,82 [67-100],82,67,100,,2025-11-11T16:20:50Z,2024,2024-01-01,2024-12-31
2197860,TB_1,COUNTRY,COG,AFR,Africa,YEAR,2006,,,,,,,,,47 [21-84],47,21,84,,2025-11-11T16:20:50Z,2006,2006-01-01,2006-12-31
2198651,TB_1,COUNTRY,BGD,SEAR,South-East Asia,YEAR,2023,,,,,,,,,80 [61-110],80,61,110,,2025-11-11T16:20:50Z,2023,2023-01-01,2023-12-31
2203696,TB_1,COUNTRY,RWA,AFR,Africa,YEAR,2015,,,,,,,,,72 [53-100],72,53,100,,2025-11-11T16:20:50Z,2015,2015-01-01,2015-12-31
2204211,TB_1,COUNTRY,POL,EUR,Europe,YEAR,2012,,,,,,,,,76 [63-93],76,63,93,,2025-11-11T16:20:50Z,2012,2012-01-01,2012-12-31
2206180,TB_1,COUNTRY,ZMB,AFR,Africa,YEAR,2020,,,,,,,,,66 [46-100],66,46,100,,2025-11-11T16:20:50Z,2020,2020-01-01,2020-12-31
2208082,TB_1,COUNTRY,NOR,EUR,Europe,YEAR,2006,,,,,,,,,82 [68-100],82,68,100,,2025-11-11T16:20:50Z,2006,2006-01-01,2006-12-31
2208314,TB_1,COUNTRY,TON,WPR,Western Pacific,YEAR,2021,,,,,,,,,100 [83-120],100,83,120,,2025-11-11T16:20:50Z,2021,2021-01-01,2021-12-31
2208531,TB_1,COUNTRY,NER,AFR,Africa,YEAR,2002,,,,,,,,,41 [15-78],41,15,78,,2025-11-11T16:20:50Z,2002,2002-01-01,2002-12-31
2209008,TB_1,COUNTRY,VEN,AMR,Americas,YEAR,2023,,,,,,,,,77 [63-95],77,63,95,,2025-11-11T16:20:50Z,2023,2023-01-01,2023-12-31
2210682,TB_1,WORLDBANKINCOMEGROUP,WB_LI,,,YEAR,2015,,,,,,,,,49 [40-62],49,40,62,,2025-11-11T16:20:50Z,2015,2015-01-01,2015-12-31
2211845,TB_1,COUNTRY,YEM,EMR,Eastern Mediterranean,YEAR,2010,,,,,,,,,74 [64-88],74,64,88,,2025-11-11T16:20:50Z,2010,2010-01-01,2010-12-31
2218304,TB_1,COUNTRY,PAK,EMR,Eastern Mediterranean,YEAR,2000,,,,,,,,,2.6 [1.8-4.1],2.6,1.8,4.1,,2025-11-11T16:20:50Z,2000,2000-01-01,2000-12-31
2220741,TB_1,COUNTRY,BHS,AMR,Americas,YEAR,2020,,,,,,,,,77 [64-95],77,64,95,,2025-11-11T16:20:50Z,2020,2020-01-01,2020-12-31
2221267,TB_1,COUNTRY,KAZ,EUR,Europe,YEAR,2017,,,,,,,,,99 [82-120],99,82,120,,2025-11-11T16:20:50Z,2017,2017-01-01,2017-12-31
2222483,TB_1,COUNTRY,NER,AFR,Africa,YEAR,2007,,,,,,,,,49 [21-87],49,21,87,,2025-11-11T16:20:50Z,2007,2007-01-01,2007-12-31
2224135,TB_1,COUNTRY,LUX,EUR,Europe,YEAR,2009,,,,,,,,,76 [63-93],76,63,93,,2025-11-11T16:20:50Z,2009,2009-01-01,2009-12-31
2226442,TB_1,COUNTRY,KIR,WPR,Western Pacific,YEAR,2002,,,,,,,,,24 [20-29],24,20,29,,2025-11-11T16:20:50Z,2002,2002-01-01,2002-12-31
2226482,TB_1,COUNTRY,MYS,WPR,Western Pacific,YEAR,2009,,,,,,,,,64 [53-78],64,53,78,,2025-11-11T16:20:50Z,2009,2009-01-01,2009-12-31
2227003,TB_1,COUNTRY,OMN,EMR,Eastern Mediterranean,YEAR,2017,,,,,,,,,69 [57-84],69,57,84,,2025-11-11T16:20:50Z,2017,2017-01-01,2017-12-31
2231682,TB_1,COUNTRY,ARM,EUR,Europe,YEAR,2018,,,,,,,,,68 [56-83],68,56,83,,2025-11-11T16:20:50Z,2018,2018-01-01,2018-12-31
2233194,TB_1,COUNTRY,OMN,EMR,Eastern Mediterranean,YEAR,2006,,,,,,,,,59 [49-73],59,49,73,,2025-11-11T16:20:50Z,2006,2006-01-01,2006-12-31
2234110,TB_1,COUNTRY,STP,AFR,Africa,YEAR,2006,,,,,,,,,34 [28-42],34,28,42,,2025-11-11T16:20:50Z,2006,2006-01-01,2006-12-31
2235181,TB_1,COUNTRY,BEL,EUR,Europe,YEAR,2012,,,,,,,,,84 [70-100],84,70,100,,2025-11-11T16:20:50Z,2012,2012-01-01,2012-12-31
2239862,TB_1,COUNTRY,GMB,AFR,Africa,YEAR,2022,,,,,,,,,66 [50-92],66,50,92,,2025-11-11T16:20:50Z,2022,2022-01-01,2022-12-31
2241138,TB_1,COUNTRY,AUS,WPR,Western Pacific,YEAR,2009,,,,,,,,,83 [69-100],83,69,100,,2025-11-11T16:20:50Z,2009,2009-01-01,2009-12-31
2241305,TB_1,COUNTRY,USA,AMR,Americas,YEAR,2012,,,,,,,,,83 [69-100],83,69,100,,2025-11-11T16:20:50Z,2012,2012-01-01,2012-12-31
2243068,TB_1,COUNTRY,MYS,WPR,Western Pacific,YEAR,2016,,,,,,,,,74 [62-91],74,62,91,,2025-11-11T16:20:50Z,2016,2016-01-01,2016-12-31
2245322,TB_1,COUNTRY,FRA,EUR,Europe,YEAR,2014,,,,,,,,,83 [79-86],83,79,86,,2025-11-11T16:20:50Z,2014,2014-01-01,2014-12-31
2246048,TB_1,COUNTRY,PAK,EMR,Eastern Mediterranean,YEAR,2023,,,,,,,,,72 [54-100],72,54,100,,2025-11-11T16:20:50Z,2023,2023-01-01,2023-12-31
2247346,TB_1,COUNTRY,UZB,EUR,Europe,YEAR,2007,,,,,,,,,51 [43-63],51,43,63,,2025-11-11T16:20:50Z,2007,2007-01-01,2007-12-31
2250417,TB_1,COUNTRY,AGO,AFR,Africa,YEAR,2014,,,,,,,,,44 [21-75],44,21,75,,2025-11-11T16:20:50Z,2014,2014-01-01,2014-12-31
2251718,TB_1,COUNTRY,TZA,AFR,Africa,YEAR,2020,,,,,,,,,63 [36-130],63,36,130,,2025-11-11T16:20:50Z,2020,2020-01-01,2020-12-31
2261518,TB_1,COUNTRY,OMN,EMR,Eastern Mediterranean,YEAR,2008,,,,,,,,,62 [51-76],62,51,76,,2025-11-11T16:20:50Z,2008,2008-01-01,2008-12-31
2261547,TB_1,COUNTRY,CUB,AMR,Americas,YEAR,2014,,,,,,,,,81 [67-99],81,67,99,,2025-11-11T16:20:50Z,2014,2014-01-01,2014-12-31
2265066,TB_1,COUNTRY,PRY,AMR,Americas,YEAR,2021,,,,,,,,,72 [60-88],72,60,88,,2025-11-11T16:20:50Z,2021,2021-01-01,2021-12-31
2266321,TB_1,COUNTRY,CHN,WPR,Western Pacific,YEAR,2012,,,,,,,,,88 [73-110],88,73,110,,2025-11-11T16:20:50Z,2012,2012-01-01,2012-12-31
2267429,TB_1,COUNTRY,SUR,AMR,Americas,YEAR,2001,,,,,,,,,41 [34-50],41,34,50,,2025-11-11T16:20:50Z,2001,2001-01-01,2001-12-31
2271032,TB_1,COUNTRY,ATG,AMR,Americas,YEAR,2018,,,,,,,,,100 [83-120],100,83,120,,2025-11-11T16:20:50Z,2018,2018-01-01,2018-12-31
2271627,TB_1,COUNTRY,BEL,EUR,Europe,YEAR,2005,,,,,,,,,79 [66-97],79,66,97,,2025-11-11T16:20:50Z,2005,2005-01-01,2005-12-31
2272025,TB_1,WORLDBANKINCOMEGROUP,WB_LI,,,YEAR,2017,,,,,,,,,55 [44-70],55,44,70,,2025-11-11T16:20:50Z,2017,2017-01-01,2017-12-31
2272214,TB_1,COUNTRY,BRA,AMR,Americas,YEAR,2004,,,,,,,,,92 [76-110],92,76,110,,2025-11-11T16:20:50Z,2004,2004-01-01,2004-12-31
2273557,TB_1,REGION,AFR,,,YEAR,2005,,,,,,,,,41 [33-52],41,33,52,,2025-11-11T16:20:50Z,2005,2005-01-01,2005-12-31
2275716,TB_1,COUNTRY,CMR,AFR,Africa,YEAR,2001,,,,,,,,,56 [23-100],56,23,100,,2025-11-11T16:20:50Z,2001,2001-01-01,2001-12-31
2276128,TB_1,COUNTRY,SUR,AMR,Americas,YEAR,2005,,,,,,,,,53 [44-65],53,44,65,,2025-11-11T16:20:50Z,2005,2005-01-01,2005-12-31
2278868,TB_1,COUNTRY,VEN,AMR,Americas,YEAR,2014,,,,,,,,,74 [61-91],74,61,91,,2025-11-11T16:20:50Z,2014,2014-01-01,2014-12-31
2279403,TB_1,COUNTRY,UZB,EUR,Europe,YEAR,2013,,,,,,,,,85 [70-100],85,70,100,,2025-11-11T16:20:50Z,2013,2013-01-01,2013-12-31
2280006,TB_1,COUNTRY,MWI,AFR,Africa,YEAR,2001,,,,,,,,,57 [20-560],57,20,560,,2025-11-11T16:20:50Z,2001,2001-01-01,2001-12-31
2283459,TB_1,COUNTRY,UKR,EUR,Europe,YEAR,2016,,,,,,,,,64 [53-79],64,53,79,,2025-11-11T16:20:50Z,2016,2016-01-01,2016-12-31
2284112,TB_1,COUNTRY,TZA,AFR,Africa,YEAR,2017,,,,,,,,,46 [25-110],46,25,110,,2025-11-11T16:20:50Z,2017,2017-01-01,2017-12-31
2286565,TB_1,COUNTRY,SYR,EMR,Eastern Mediterranean,YEAR,2006,,,,,,,,,48 [40-59],48,40,59,,2025-11-11T16:20:50Z,2006,2006-01-01,2006-12-31
2286819,TB_1,COUNTRY,NZL,WPR,Western Pacific,YEAR,2013,,,,,,,,,83 [69-100],83,69,100,,2025-11-11T16:20:50Z,2013,2013-01-01,2013-12-31
2287211,TB_1,COUNTRY,ROU,EUR,Europe,YEAR,2004,,,,,,,,,69 [57-84],69,57,84,,2025-11-11T16:20:50Z,2004,2004-01-01,2004-12-31
2289912,TB_1,COUNTRY,USA,AMR,Americas,YEAR,2008,,,,,,,,,81 [67-100],81,67,100,,2025-11-11T16:20:50Z,2008,2008-01-01,2008-12-31
2294352,TB_1,REGION,EUR,,,YEAR,2014,,,,,,,,,80 [68-95],80,68,95,,2025-11-11T16:20:50Z,2014,2014-01-01,2014-12-31
2295429,TB_1,REGION,EUR,,,YEAR,2015,,,,,,,,,82 [70-97],82,70,97,,2025-11-11T16:20:50Z,2015,2015-01-01,2015-12-31
2298705,TB_1,COUNTRY,TKM,EUR,Europe,YEAR,2013,,,,,,,,,68 [56-83],68,56,83,,2025-11-11T16:20:50Z,2013,2013-01-01,2013-12-31
2302234,TB_1,COUNTRY,IRN,EMR,Eastern Mediterranean,YEAR,2020,,,,,,,,,53 [44-66],53,44,66,,2025-11-11T16:20:50Z,2020,2020-01-01,2020-12-31
2305352,TB_1,COUNTRY,THA,SEAR,South-East Asia,YEAR,2021,,,,,,,,,70 [56-93],70,56,93,,2025-11-11T16:20:50Z,2021,2021-01-01,2021-12-31
2306313,TB_1,COUNTRY,BIH,EUR,Europe,YEAR,2008,,,,,,,,,60 [50-74],60,50,74,,2025-11-11T16:20:50Z,2008,2008-01-01,2008-12-31
2310246,TB_1,COUNTRY,VEN,AMR,Americas,YEAR,2015,,,,,,,,,76 [63-94],76,63,94,,2025-11-11T16:20:50Z,2015,2015-01-01,2015-12-31
2316326,TB_1,COUNTRY,SLV,AMR,Americas,YEAR,2023,,,,,,,,,79 [66-97],79,66,97,,2025-11-11T16:20:50Z,2023,2023-01-01,2023-12-31
2320143,TB_1,REGION,EUR,,,YEAR,2007,,,,,,,,,70 [59-85],70,59,85,,2025-11-11T16:20:50Z,2007,2007-01-01,2007-12-31
2321868,TB_1,COUNTRY,HND,AMR,Americas,YEAR,2007,,,,,,,,,51 [42-63],51,42,63,,2025-11-11T16:20:50Z,2007,2007-01-01,2007-12-31
2322466,TB_1,COUNTRY,TUR,EUR,Europe,YEAR,2023,,,,,,,,,78 [64-95],78,64,95,,2025-11-11T16:20:50Z,2023,2023-01-01,2023-12-31
2322977,TB_1,COUNTRY,ZWE,AFR,Africa,YEAR,2013,,,,,,,,,77 [53-120],77,53,120,,2025-11-11T16:20:50Z,2013,2013-01-01,2013-12-31
2323428,TB_1,REGION,EMR,,,YEAR,2022,,,,,,,,,65 [51-84],65,51,84,,2025-11-11T16:20:50Z,2022,2022-01-01,2022-12-31
2323647,TB_1,COUNTRY,SLB,WPR,Western Pacific,YEAR,2009,,,,,,,,,34 [28-42],34,28,42,,2025-11-11T16:20:50Z,2009,2009-01-01,2009-12-31
2324384,TB_1,COUNTRY,BHR,EMR,Eastern Mediterranean,YEAR,2007,,,,,,,,,61 [51-75],61,51,75,,2025-11-11T16:20:50Z,2007,2007-01-01,2007-12-31
2324407,TB_1,COUNTRY,GEO,EUR,Europe,YEAR,2009,,,,,,,,,80 [66-98],80,66,98,,2025-11-11T16:20:50Z,2009,2009-01-01,2009-12-31
2331526,TB_1,COUNTRY,IND,SEAR,South-East Asia,YEAR,2024,,,,,,,,,92 [79-110],92,79,110,,2025-11-11T16:20:50Z,2024,2024-01-01,2024-12-31
2332842,TB_1,COUNTRY,JAM,AMR,Americas,YEAR,2007,,,,,,,,,57 [47-69],57,47,69,,2025-11-11T16:20:50Z,2007,2007-01-01,2007-12-31
2336459,TB_1,COUNTRY,GAB,AFR,Africa,YEAR,2005,,,,,,,,,46 [23-77],46,23,77,,2025-11-11T16:20:50Z,2005,2005-01-01,2005-12-31
2337339,TB_1,COUNTRY,TUR,EUR,Europe,YEAR,2011,,,,,,,,,64 [53-79],64,53,79,,2025-11-11T16:20:50Z,2011,2011-01-01,2011-12-31
2337553,TB_1,COUNTRY,ZMB,AFR,Africa,YEAR,2010,,,,,,,,,64 [38-130],64,38,130,,2025-11-11T16:20:50Z,2010,2010-01-01,2010-12-31
2341339,TB_1,COUNTRY,ATG,AMR,Americas,YEAR,2011,,,,,,,,,100 [83-120],100,83,120,,2025-11-11T16:20:50Z,2011,2011-01-01,2011-12-31
2342797,TB_1,COUNTRY,BGR,EUR,Europe,YEAR,2007,,,,,,,,,58 [48-72],58,48,72,,2025-11-11T16:20:50Z,2007,2007-01-01,2007-12-31
2351886,TB_1,COUNTRY,ROU,EUR,Europe,YEAR,2018,,,,,,,,,77 [64-95],77,64,95,,2025-11-11T16:20:50Z,2018,2018-01-01,2018-12-31
2352209,TB_1,COUNTRY,BDI,AFR,Africa,YEAR,2000,,,,,,,,,46 [17-90],46,17,90,,2025-11-11T16:20:50Z,2000,2000-01-01,2000-12-31
2369594,TB_1,COUNTRY,BEL,EUR,Europe,YEAR,2017,,,,,,,,,87 [72-110],87,72,110,,2025-11-11T16:20:50Z,2017,2017-01-01,2017-12-31
2369706,TB_1,COUNTRY,KEN,AFR,Africa,YEAR,2013,,,,,,,,,45 [24-110],45,24,110,,2025-11-11T16:20:50Z,2013,2013-01-01,2013-12-31
2370749,TB_1,COUNTRY,BDI,AFR,Africa,YEAR,2007,,,,,,,,,44 [20-77],44,20,77,,2025-11-11T16:20:50Z,2007,2007-01-01,2007-12-31
2371665,TB_1,COUNTRY,DMA,AMR,Americas,YEAR,2014,,,,,,,,,100 [83-120],100,83,120,,2025-11-11T16:20:50Z,2014,2014-01-01,2014-12-31
2373674,TB_1,COUNTRY,HND,AMR,Americas,YEAR,2008,,,,,,,,,53 [44-65],53,44,65,,2025-11-11T16:20:50Z,2008,2008-01-01,2008-12-31
2375902,TB_1,COUNTRY,MDA,EUR,Europe,YEAR,2010,,,,,,,,,99 [82-120],99,82,120,,2025-11-11T16:20:50Z,2010,2010-01-01,2010-12-31
2378341,TB_1,COUNTRY,COM,AFR,Africa,YEAR,2008,,,,,,,,,49 [24-82],49,24,82,,2025-11-11T16:20:50Z,2008,2008-01-01,2008-12-31
2378613,TB_1,COUNTRY,NGA,AFR,Africa,YEAR,2015,,,,,,,,,21 [15-32],21,15,32,,2025-11-11T16:20:50Z,2015,2015-01-01,2015-12-31
2382034,TB_1,COUNTRY,GAB,AFR,Africa,YEAR,2023,,,,,,,,,70 [36-120],70,36,120,,2025-11-11T16:20:50Z,2023,2023-01-01,2023-12-31
2384537,TB_1,COUNTRY,ESP,EUR,Europe,YEAR,2006,,,,,,,,,73 [61-90],73,61,90,,2025-11-11T16:20:50Z,2006,2006-01-01,2006-12-31
2389844,TB_1,COUNTRY,GEO,EUR,Europe,YEAR,2002,,,,,,,,,50 [42-62],50,42,62,,2025-11-11T16:20:50Z,2002,2002-01-01,2002-12-31
2391486,TB_1,COUNTRY,GRD,AMR,Americas,YEAR,2007,,,,,,,,,100 [83-120],100,83,120,,2025-11-11T16:20:50Z,2007,2007-01-01,2007-12-31
2394558,TB_1,COUNTRY,QAT,EMR,Eastern Mediterranean,YEAR,2004,,,,,,,,,45 [37-55],45,37,55,,2025-11-11T16:20:50Z,2004,2004-01-01,2004-12-31
2394556,TB_1,COUNTRY,SOM,EMR,Eastern Mediterranean,YEAR,2008,,,,,,,,,41 [26-81],41,26,81,,2025-11-11T16:20:50Z,2008,2008-01-01,2008-12-31
2397196,TB_1,COUNTRY,MYS,WPR,Western Pacific,YEAR,2019,,,,,,,,,77 [64-94],77,64,94,,2025-11-11T16:20:50Z,2019,2019-01-01,2019-12-31
2397450,TB_1,COUNTRY,CHN,WPR,Western Pacific,YEAR,2004,,,,,,,,,65 [54-80],65,54,80,,2025-11-11T16:20:50Z,2004,2004-01-01,2004-12-31
2402895,TB_1,COUNTRY,RWA,AFR,Africa,YEAR,2022,,,,,,,,,82 [61-120],82,61,120,,2025-11-11T16:20:50Z,2022,2022-01-01,2022-12-31
2405077,TB_1,COUNTRY,FRA,EUR,Europe,YEAR,2002,,,,,,,,,83 [79-86],83,79,86,,2025-11-11T16:20:50Z,2002,2002-01-01,2002-12-31
2406281,TB_1,COUNTRY,COK,WPR,Western Pacific,YEAR,2013,,,,,,,,,100 [83-120],100,83,120,,2025-11-11T16:20:50Z,2013,2013-01-01,2013-12-31
2406811,TB_1,COUNTRY,MKD,EUR,Europe,YEAR,2019,,,,,,,,,73 [61-90],73,61,90,,2025-11-11T16:20:50Z,2019,2019-01-01,2019-12-31
2407075,TB_1,COUNTRY,COD,AFR,Africa,YEAR,2023,,,,,,,,,63 [33-100],63,33,100,,2025-11-11T16:20:50Z,2023,2023-01-01,2023-12-31
2408599,TB_1,COUNTRY,BHS,AMR,Americas,YEAR,2015,,,,,,,,,75 [63-93],75,63,93,,2025-11-11T16:20:50Z,2015,2015-01-01,2015-12-31
2408988,TB_1,COUNTRY,MLI,AFR,Africa,YEAR,2013,,,,,,,,,50 [24-86],50,24,86,,2025-11-11T16:20:50Z,2013,2013-01-01,2013-12-31
2408999,TB_1,COUNTRY,DMA,AMR,Americas,YEAR,2006,,,,,,,,,100 [83-120],100,83,120,,2025-11-11T16:20:50Z,2006,2006-01-01,2006-12-31
2409342,TB_1,WORLDBANKINCOMEGROUP,WB_LMI,,,YEAR,2022,,,,,,,,,70 [63-78],70,63,78,,2025-11-11T16:20:50Z,2022,2022-01-01,2022-12-31
2410073,TB_1,COUNTRY,LBR,AFR,Africa,YEAR,2012,,,,,,,,,57 [27-99],57,27,99,,2025-11-11T16:20:50Z,2012,2012-01-01,2012-12-31
2411539,TB_1,COUNTRY,GIN,AFR,Africa,YEAR,2013,,,,,,,,,55 [25-97],55,25,97,,2025-11-11T16:20:50Z,2013,2013-01-01,2013-12-31
2411757,TB_1,COUNTRY,BTN,SEAR,South-East Asia,YEAR,2002,,,,,,,,,29 [24-36],29,24,36,,2025-11-11T16:20:50Z,2002,2002-01-01,2002-12-31
2412927,TB_1,COUNTRY,PRY,AMR,Americas,YEAR,2002,,,,,,,,,44 [37-54],44,37,54,,2025-11-11T16:20:50Z,2002,2002-01-01,2002-12-31
2413218,TB_1,COUNTRY,SSD,AFR,Africa,YEAR,2013,,,,,,,,,14 [7.6-23],14,7.6,23,,2025-11-11T16:20:50Z,2013,2013-01-01,2013-12-31
2415127,TB_1,COUNTRY,TTO,AMR,Americas,YEAR,2013,,,,,,,,,74 [61-90],74,61,90,,2025-11-11T16:20:50Z,2013,2013-01-01,2013-12-31
2416212,TB_1,COUNTRY,AFG,EMR,Eastern Mediterranean,YEAR,2008,,,,,,,,,45 [19-84],45,19,84,,2025-11-11T16:20:50Z,2008,2008-01-01,2008-12-31
2417652,TB_1,COUNTRY,COD,AFR,Africa,YEAR,2022,,,,,,,,,61 [32-100],61,32,100,,2025-11-11T16:20:50Z,2022,2022-01-01,2022-12-31
2418476,TB_1,WORLDBANKINCOMEGROUP,WB_LMI,,,YEAR,2019,,,,,,,,,67 [61-73],67,61,73,,2025-11-11T16:20:50Z,2019,2019-01-01,2019-12-31
2421119,TB_1,COUNTRY,SLE,AFR,Africa,YEAR,2021,,,,,,,,,55 [28-90],55,28,90,,2025-11-11T16:20:50Z,2021,2021-01-01,2021-12-31
2424809,TB_1,COUNTRY,GEO,EUR,Europe,YEAR,2004,,,,,,,,,48 [40-59],48,40,59,,2025-11-11T16:20:50Z,2004,2004-01-01,2004-12-31
2428180,TB_1,WORLDBANKINCOMEGROUP,WB_LMI,,,YEAR,2003,,,,,,,,,32 [21-51],32,21,51,,2025-11-11T16:20:50Z,2003,2003-01-01,2003-12-31
2428863,TB_1,COUNTRY,LBR,AFR,Africa,YEAR,2016,,,,,,,,,54 [27-90],54,27,90,,2025-11-11T16:20:50Z,2016,2016-01-01,2016-12-31
2431063,TB_1,COUNTRY,MLI,AFR,Africa,YEAR,2019,,,,,,,,,57 [30-94],57,30,94,,2025-11-11T16:20:50Z,2019,2019-01-01,2019-12-31
2431184,TB_1,COUNTRY,ETH,AFR,Africa,YEAR,2000,,,,,,,,,28 [18-48],28,18,48,,2025-11-11T16:20:50Z,2000,2000-01-01,2000-12-31
2431575,TB_1,COUNTRY,BHS,AMR,Americas,YEAR,2024,,,,,,,,,77 [64-94],77,64,94,,2025-11-11T16:20:50Z,2024,2024-01-01,2024-12-31
2437532,TB_1,COUNTRY,CHL,AMR,Americas,YEAR,2022,,,,,,,,,82 [68-100],82,68,100,,2025-11-11T16:20:50Z,2022,2022-01-01,2022-12-31
2438550,TB_1,COUNTRY,QAT,EMR,Eastern Mediterranean,YEAR,2008,,,,,,,,,56 [46-68],56,46,68,,2025-11-11T16:20:50Z,2008,2008-01-01,2008-12-31
2442548,TB_1,COUNTRY,BWA,AFR,Africa,YEAR,2009,,,,,,,,,66 [33-110],66,33,110,,2025-11-11T16:20:50Z,2009,2009-01-01,2009-12-31
2443354,TB_1,COUNTRY,SLB,WPR,Western Pacific,YEAR,2010,,,,,,,,,36 [30-44],36,30,44,,2025-11-11T16:20:50Z,2010,2010-01-01,2010-12-31
2447036,TB_1,COUNTRY,TGO,AFR,Africa,YEAR,2004,,,,,,,,,47 [20-86],47,20,86,,2025-11-11T16:20:50Z,2004,2004-01-01,2004-12-31
2447793,TB_1,COUNTRY,DZA,AFR,Africa,YEAR,2009,,,,,,,,,64 [53-78],64,53,78,,2025-11-11T16:20:50Z,2009,2009-01-01,2009-12-31
2452739,TB_1,COUNTRY,UZB,EUR,Europe,YEAR,2002,,,,,,,,,49 [40-60],49,40,60,,2025-11-11T16:20:50Z,2002,2002-01-01,2002-12-31
2453378,TB_1,COUNTRY,ARG,AMR,Americas,YEAR,2021,,,,,,,,,78 [65-96],78,65,96,,2025-11-11T16:20:50Z,2021,2021-01-01,2021-12-31
2456234,TB_1,COUNTRY,TLS,SEAR,South-East Asia,YEAR,2003,,,,,,,,,32 [5.1-82],32,5.1,82,,2025-11-11T16:20:50Z,2003,2003-01-01,2003-12-31
2456770,TB_1,COUNTRY,MLT,EUR,Europe,YEAR,2013,,,,,,,,,100 [83-120],100,83,120,,2025-11-11T16:20:50Z,2013,2013-01-01,2013-12-31
2457507,TB_1,COUNTRY,SSD,AFR,Africa,YEAR,2021,,,,,,,,,47 [25-77],47,25,77,,2025-11-11T16:20:50Z,2021,2021-01-01,2021-12-31
2457887,TB_1,COUNTRY,ETH,AFR,Africa,YEAR,2007,,,,,,,,,48 [30-89],48,30,89,,2025-11-11T16:20:50Z,2007,2007-01-01,2007-12-31
2460854,TB_1,WORLDBANKINCOMEGROUP,WB_LMI,,,YEAR,2024,,,,,,,,,80 [72-89],80,72,89,,2025-11-11T16:20:50Z,2024,2024-01-01,2024-12-31
2460892,TB_1,GLOBAL,GLOBAL,,,YEAR,2003,,,,,,,,,37 [29-49],37,29,49,,2025-11-11T16:20:50Z,2003,2003-01-01,2003-12-31
2465723,TB_1,COUNTRY,SOM,EMR,Eastern Mediterranean,YEAR,2012,,,,,,,,,50 [23-89],50,23,89,,2025-11-11T16:20:50Z,2012,2012-01-01,2012-12-31
2472321,TB_1,WORLDBANKINCOMEGROUP,WB_HI,,,YEAR,2006,,,,,,,,,84 [67-110],84,67,110,,2025-11-11T16:20:50Z,2006,2006-01-01,2006-12-31
2483539,TB_1,COUNTRY,BHS,AMR,Americas,YEAR,2016,,,,,,,,,77 [64-94],77,64,94,,2025-11-11T16:20:50Z,2016,2016-01-01,2016-12-31
2484386,TB_1,REGION,WPR,,,YEAR,2014,,,,,,,,,60 [53-68],60,53,68,,2025-11-11T16:20:50Z,2014,2014-01-01,2014-12-31
2490894,TB_1,COUNTRY,HKG,,,YEAR,2004,,,,,,,,,46 [38-56],46,38,56,,2025-11-11T16:20:50Z,2004,2004-01-01,2004-12-31
2491593,TB_1,COUNTRY,PHL,WPR,Western Pacific,YEAR,2020,,,,,,,,,42 [27-75],42,27,75,,2025-11-11T16:20:50Z,2020,2020-01-01,2020-12-31
2491828,TB_1,COUNTRY,MLT,EUR,Europe,YEAR,2009,,,,,,,,,100 [83-120],100,83,120,,2025-11-11T16:20:50Z,2009,2009-01-01,2009-12-31
2491952,TB_1,COUNTRY,BLZ,AMR,Americas,YEAR,2003,,,,,,,,,47 [39-58],47,39,58,,2025-11-11T16:20:50Z,2003,2003-01-01,2003-12-31
2497245,TB_1,COUNTRY,DOM,AMR,Americas,YEAR,2006,,,,,,,,,53 [44-66],53,44,66,,2025-11-11T16:20:50Z,2006,2006-01-01,2006-12-31
2497494,TB_1,COUNTRY,HKG,,,YEAR,2010,,,,,,,,,57 [47-70],57,47,70,,2025-11-11T16:20:50Z,2010,2010-01-01,2010-12-31
2497878,TB_1,COUNTRY,BWA,AFR,Africa,YEAR,2010,,,,,,,,,57 [30-94],57,30,94,,2025-11-11T16:20:50Z,2010,2010-01-01,2010-12-31
2498235,TB_1,COUNTRY,FIN,EUR,Europe,YEAR,2008,,,,,,,,,83 [69-100],83,69,100,,2025-11-11T16:20:50Z,2008,2008-01-01,2008-12-31
2498602,TB_1,COUNTRY,CZE,EUR,Europe,YEAR,2006,,,,,,,,,75 [62-93],75,62,93,,2025-11-11T16:20:50Z,2006,2006-01-01,2006-12-31
2498967,TB_1,COUNTRY,TUR,EUR,Europe,YEAR,2016,,,,,,,,,76 [63-93],76,63,93,,2025-11-11T16:20:50Z,2016,2016-01-01,2016-12-31
2500795,TB_1,COUNTRY,QAT,EMR,Eastern Mediterranean,YEAR,2007,,,,,,,,,52 [43-64],52,43,64,,2025-11-11T16:20:50Z,2007,2007-01-01,2007-12-31
2503625,TB_1,COUNTRY,SYC,AFR,Africa,YEAR,2001,,,,,,,,,100 [83-120],100,83,120,,2025-11-11T16:20:50Z,2001,2001-01-01,2001-12-31
2510957,TB_1,COUNTRY,NIC,AMR,Americas,YEAR,2006,,,,,,,,,49 [41-60],49,41,60,,2025-11-11T16:20:50Z,2006,2006-01-01,2006-12-31
2517434,TB_1,COUNTRY,CAN,AMR,Americas,YEAR,2002,,,,,,,,,72 [60-89],72,60,89,,2025-11-11T16:20:50Z,2002,2002-01-01,2002-12-31
2520583,TB_1,COUNTRY,ARG,AMR,Americas,YEAR,2007,,,,,,,,,73 [60-89],73,60,89,,2025-11-11T16:20:50Z,2007,2007-01-01,2007-12-31
2524643,TB_1,COUNTRY,PAN,AMR,Americas,YEAR,2008,,,,,,,,,66 [55-81],66,55,81,,2025-11-11T16:20:50Z,2008,2008-01-01,2008-12-31
2525573,TB_1,COUNTRY,CUB,AMR,Americas,YEAR,2023,,,,,,,,,84 [70-100],84,70,100,,2025-11-11T16:20:50Z,2023,2023-01-01,2023-12-31
2527389,TB_1,COUNTRY,GUY,AMR,Americas,YEAR,2002,,,,,,,,,45 [37-55],45,37,55,,2025-11-11T16:20:50Z,2002,2002-01-01,2002-12-31
2527982,TB_1,COUNTRY,GNB,AFR,Africa,YEAR,2003,,,,,,,,,48 [20-88],48,20,88,,2025-11-11T16:20:50Z,2003,2003-01-01,2003-12-31
2537979,TB_1,COUNTRY,PLW,WPR,Western Pacific,YEAR,2004,,,,,,,,,100 [83-120],100,83,120,,2025-11-11T16:20:50Z,2004,2004-01-01,2004-12-31
2541211,TB_1,COUNTRY,KHM,WPR,Western Pacific,YEAR,2007,,,,,,,,,47 [35-64],47,35,64,,2025-11-11T16:20:50Z,2007,2007-01-01,2007-12-31
2543077,TB_1,COUNTRY,KHM,WPR,Western Pacific,YEAR,2001,,,,,,,,,19 [14-26],19,14,26,,2025-11-11T16:20:50Z,2001,2001-01-01,2001-12-31
2545469,TB_1,COUNTRY,CHN,WPR,Western Pacific,YEAR,2007,,,,,,,,,87 [72-110],87,72,110,,2025-11-11T16:20:50Z,2007,2007-01-01,2007-12-31
2547922,TB_1,COUNTRY,YEM,EMR,Eastern Mediterranean,YEAR,2000,,,,,,,,,74 [64-88],74,64,88,,2025-11-11T16:20:50Z,2000,2000-01-01,2000-12-31
2549241,TB_1,COUNTRY,AGO,AFR,Africa,YEAR,2015,,,,,,,,,48 [23-81],48,23,81,,2025-11-11T16:20:50Z,2015,2015-01-01,2015-12-31
2551658,TB_1,COUNTRY,ERI,AFR,Africa,YEAR,2003,,,,,,,,,25 [21-31],25,21,31,,2025-11-11T16:20:50Z,2003,2003-01-01,2003-12-31
2552955,TB_1,COUNTRY,TON,WPR,Western Pacific,YEAR,2017,,,,,,,,,100 [83-120],100,83,120,,2025-11-11T16:20:50Z,2017,2017-01-01,2017-12-31
2554183,TB_1,COUNTRY,MDV,SEAR,South-East Asia,YEAR,2001,,,,,,,,,34 [29-42],34,29,42,,2025-11-11T16:20:50Z,2001,2001-01-01,2001-12-31
2557367,TB_1,COUNTRY,GMB,AFR,Africa,YEAR,2014,,,,,,,,,67 [51-94],67,51,94,,2025-11-11T16:20:50Z,2014,2014-01-01,2014-12-31
2557579,TB_1,COUNTRY,CRI,AMR,Americas,YEAR,2023,,,,,,,,,97 [79-120],97,79,120,,2025-11-11T16:20:50Z,2023,2023-01-01,2023-12-31
2557901,TB_1,COUNTRY,KNA,AMR,Americas,YEAR,2008,,,,,,,,,100 [83-120],100,83,120,,2025-11-11T16:20:50Z,2008,2008-01-01,2008-12-31
2559569,TB_1,COUNTRY,AND,EUR,Europe,YEAR,2011,,,,,,,,,100 [83-120],100,83,120,,2025-11-11T16:20:50Z,2011,2011-01-01,2011-12-31
2559961,TB_1,COUNTRY,ITA,EUR,Europe,YEAR,2007,,,,,,,,,77 [64-94],77,64,94,,2025-11-11T16:20:50Z,2007,2007-01-01,2007-12-31
2560375,TB_1,COUNTRY,CRI,AMR,Americas,YEAR,2020,,,,,,,,,70 [58-87],70,58,87,,2025-11-11T16:20:50Z,2020,2020-01-01,2020-12-31
2564448,TB_1,COUNTRY,NZL,WPR,Western Pacific,YEAR,2022,,,,,,,,,85 [71-100],85,71,100,,2025-11-11T16:20:50Z,2022,2022-01-01,2022-12-31
2565102,TB_1,COUNTRY,JOR,EMR,Eastern Mediterranean,YEAR,2015,,,,,,,,,68 [57-84],68,57,84,,2025-11-11T16:20:50Z,2015,2015-01-01,2015-12-31
2573013,TB_1,COUNTRY,ATG,AMR,Americas,YEAR,2002,,,,,,,,,100 [83-120],100,83,120,,2025-11-11T16:20:50Z,2002,2002-01-01,2002-12-31
2574313,TB_1,COUNTRY,GUY,AMR,Americas,YEAR,2004,,,,,,,,,52 [43-64],52,43,64,,2025-11-11T16:20:50Z,2004,2004-01-01,2004-12-31
2575693,TB_1,COUNTRY,NAM,AFR,Africa,YEAR,2022,,,,,,,,,68 [49-110],68,49,110,,2025-11-11T16:20:50Z,2022,2022-01-01,2022-12-31
2577862,TB_1,COUNTRY,SLV,AMR,Americas,YEAR,2012,,,,,,,,,73 [60-89],73,60,89,,2025-11-11T16:20:50Z,2012,2012-01-01,2012-12-31
2582554,TB_1,COUNTRY,COG,AFR,Africa,YEAR,2004,,,,,,,,,55 [23-100],55,23,100,,2025-11-11T16:20:50Z,2004,2004-01-01,2004-12-31
2583663,TB_1,COUNTRY,YEM,EMR,Eastern Mediterranean,YEAR,2006,,,,,,,,,74 [64-88],74,64,88,,2025-11-11T16:20:50Z,2006,2006-01-01,2006-12-31
2586705,TB_1,COUNTRY,TJK,EUR,Europe,YEAR,2002,,,,,,,,,34 [29-42],34,29,42,,2025-11-11T16:20:50Z,2002,2002-01-01,2002-12-31
2587968,TB_1,COUNTRY,PSE,EMR,Eastern Mediterranean,YEAR,2017,,,,,,,,,67 [55-82],67,55,82,,2025-11-11T16:20:50Z,2017,2017-01-01,2017-12-31
2588551,TB_1,COUNTRY,LBN,EMR,Eastern Mediterranean,YEAR,2016,,,,,,,,,70 [58-87],70,58,87,,2025-11-11T16:20:50Z,2016,2016-01-01,2016-12-31
2589802,TB_1,COUNTRY,KEN,AFR,Africa,YEAR,2007,,,,,,,,,45 [20-180],45,20,180,,2025-11-11T16:20:50Z,2007,2007-01-01,2007-12-31
2595102,TB_1,COUNTRY,IRL,EUR,Europe,YEAR,2013,,,,,,,,,79 [66-97],79,66,97,,2025-11-11T16:20:50Z,2013,2013-01-01,2013-12-31
2595795,TB_1,COUNTRY,ZWE,AFR,Africa,YEAR,2007,,,,,,,,,60 [26-240],60,26,240,,2025-11-11T16:20:50Z,2007,2007-01-01,2007-12-31
2596005,TB_1,COUNTRY,MWI,AFR,Africa,YEAR,2011,,,,,,,,,40 [16-210],40,16,210,,2025-11-11T16:20:50Z,2011,2011-01-01,2011-12-31
2596123,TB_1,COUNTRY,SVN,EUR,Europe,YEAR,2020,,,,,,,,,85 [70-100],85,70,100,,2025-11-11T16:20:50Z,2020,2020-01-01,2020-12-31
2599391,TB_1,COUNTRY,KAZ,EUR,Europe,YEAR,2002,,,,,,,,,99 [82-120],99,82,120,,2025-11-11T16:20:50Z,2002,2002-01-01,2002-12-31
2599445,TB_1,COUNTRY,AGO,AFR,Africa,YEAR,2019,,,,,,,,,59 [30-96],59,30,96,,2025-11-11T16:20:50Z,2019,2019-01-01,2019-12-31
2602178,TB_1,COUNTRY,LVA,EUR,Europe,YEAR,2021,,,,,,,,,72 [60-89],72,60,89,,2025-11-11T16:20:50Z,2021,2021-01-01,2021-12-31
2604256,TB_1,COUNTRY,TON,WPR,Western Pacific,YEAR,2006,,,,,,,,,100 [83-120],100,83,120,,2025-11-11T16:20:50Z,2006,2006-01-01,2006-12-31
2605715,TB_1,COUNTRY,GMB,AFR,Africa,YEAR,2000,,,,,,,,,57 [41-85],57,41,85,,2025-11-11T16:20:50Z,2000,2000-01-01,2000-12-31
2607807,TB_1,COUNTRY,GNB,AFR,Africa,YEAR,2000,,,,,,,,,51 [18-100],51,18,100,,2025-11-11T16:20:50Z,2000,2000-01-01,2000-12-31
2610970,TB_1,COUNTRY,SAU,EMR,Eastern Mediterranean,YEAR,2020,,,,,,,,,91 [82-100],91,82,100,,2025-11-11T16:20:50Z,2020,2020-01-01,2020-12-31
2614003,TB_1,COUNTRY,DJI,EMR,Eastern Mediterranean,YEAR,2002,,,,,,,,,21 [18-26],21,18,26,,2025-11-11T16:20:50Z,2002,2002-01-01,2002-12-31
2614186,TB_1,COUNTRY,THA,SEAR,South-East Asia,YEAR,2009,,,,,,,,,50 [30-100],50,30,100,,2025-11-11T16:20:50Z,2009,2009-01-01,2009-12-31
2616096,TB_1,COUNTRY,PER,AMR,Americas,YEAR,2005,,,,,,,,,53 [44-65],53,44,65,,2025-11-11T16:20:50Z,2005,2005-01-01,2005-12-31
2616959,TB_1,COUNTRY,SLB,WPR,Western Pacific,YEAR,2013,,,,,,,,,39 [33-49],39,33,49,,2025-11-11T16:20:50Z,2013,2013-01-01,2013-12-31
2620819,TB_1,COUNTRY,MAC,,,YEAR,2021,,,,,,,,,65 [54-80],65,54,80,,2025-11-11T16:20:50Z,2021,2021-01-01,2021-12-31
2621855,TB_1,COUNTRY,SWZ,AFR,Africa,YEAR,2017,,,,,,,,,58 [35-110],58,35,110,,2025-11-11T16:20:50Z,2017,2017-01-01,2017-12-31
2621973,TB_1,COUNTRY,TGO,AFR,Africa,YEAR,2000,,,,,,,,,54 [19-110],54,19,110,,2025-11-11T16:20:50Z,2000,2000-01-01,2000-12-31
2622881,TB_1,COUNTRY,URY,AMR,Americas,YEAR,2022,,,,,,,,,81 [67-100],81,67,100,,2025-11-11T16:20:50Z,2022,2022-01-01,2022-12-31
2624313,TB_1,COUNTRY,ATG,AMR,Americas,YEAR,2024,,,,,,,,,100 [83-120],100,83,120,,2025-11-11T16:20:50Z,2024,2024-01-01,2024-12-31
2625593,TB_1,COUNTRY,NGA,AFR,Africa,YEAR,2006,,,,,,,,,22 [15-33],22,15,33,,2025-11-11T16:20:50Z,2006,2006-01-01,2006-12-31
2625917,TB_1,COUNTRY,LVA,EUR,Europe,YEAR,2011,,,,,,,,,61 [51-75],61,51,75,,2025-11-11T16:20:50Z,2011,2011-01-01,2011-12-31
2633160,TB_1,REGION,AMR,,,YEAR,2020,,,,,,,,,68 [63-73],68,63,73,,2025-11-11T16:20:50Z,2020,2020-01-01,2020-12-31
2634261,TB_1,COUNTRY,TUR,EUR,Europe,YEAR,2013,,,,,,,,,70 [58-86],70,58,86,,2025-11-11T16:20:50Z,2013,2013-01-01,2013-12-31
2640803,TB_1,COUNTRY,GRC,EUR,Europe,YEAR,2014,,,,,,,,,76 [63-94],76,63,94,,2025-11-11T16:20:50Z,2014,2014-01-01,2014-12-31
2641606,TB_1,REGION,AMR,,,YEAR,2017,,,,,,,,,78 [72-84],78,72,84,,2025-11-11T16:20:50Z,2017,2017-01-01,2017-12-31
2642033,TB_1,COUNTRY,GMB,AFR,Africa,YEAR,2021,,,,,,,,,59 [45-80],59,45,80,,2025-11-11T16:20:50Z,2021,2021-01-01,2021-12-31
2644355,TB_1,COUNTRY,SVK,EUR,Europe,YEAR,2023,,,,,,,,,82 [68-100],82,68,100,,2025-11-11T16:20:50Z,2023,2023-01-01,2023-12-31
2647053,TB_1,GLOBAL,GLOBAL,,,YEAR,2009,,,,,,,,,49 [40-62],49,40,62,,2025-11-11T16:20:50Z,2009,2009-01-01,2009-12-31
2652426,TB_1,COUNTRY,KWT,EMR,Eastern Mediterranean,YEAR,2000,,,,,,,,,74 [61-90],74,61,90,,2025-11-11T16:20:50Z,2000,2000-01-01,2000-12-31
2653492,TB_1,COUNTRY,SLB,WPR,Western Pacific,YEAR,2005,,,,,,,,,26 [21-32],26,21,32,,2025-11-11T16:20:50Z,2005,2005-01-01,2005-12-31
2666051,TB_1,COUNTRY,MYS,WPR,Western Pacific,YEAR,2012,,,,,,,,,68 [56-83],68,56,83,,2025-11-11T16:20:50Z,2012,2012-01-01,2012-12-31
2671128,TB_1,COUNTRY,KWT,EMR,Eastern Mediterranean,YEAR,2004,,,,,,,,,76 [63-93],76,63,93,,2025-11-11T16:20:50Z,2004,2004-01-01,2004-12-31
2671920,TB_1,WORLDBANKINCOMEGROUP,WB_LI,,,YEAR,2004,,,,,,,,,39 [31-50],39,31,50,,2025-11-11T16:20:50Z,2004,2004-01-01,2004-12-31
2678416,TB_1,COUNTRY,CYP,EUR,Europe,YEAR,2012,,,,,,,,,71 [59-88],71,59,88,,2025-11-11T16:20:50Z,2012,2012-01-01,2012-12-31
2680520,TB_1,COUNTRY,CHN,WPR,Western Pacific,YEAR,2016,,,,,,,,,88 [73-110],88,73,110,,2025-11-11T16:20:50Z,2016,2016-01-01,2016-12-31
2682271,TB_1,COUNTRY,MLT,EUR,Europe,YEAR,2005,,,,,,,,,100 [83-120],100,83,120,,2025-11-11T16:20:50Z,2005,2005-01-01,2005-12-31
2683150,TB_1,COUNTRY,IRN,EMR,Eastern Mediterranean,YEAR,2009,,,,,,,,,46 [38-56],46,38,56,,2025-11-11T16:20:50Z,2009,2009-01-01,2009-12-31
2685221,TB_1,COUNTRY,AUT,EUR,Europe,YEAR,2023,,,,,,,,,85 [71-100],85,71,100,,2025-11-11T16:20:50Z,2023,2023-01-01,2023-12-31
2686620,TB_1,COUNTRY,SDN,EMR,Eastern Mediterranean,YEAR,2000,,,,,,,,,49 [20-260],49,20,260,,2025-11-11T16:20:50Z,2000,2000-01-01,2000-12-31
2686849,TB_1,COUNTRY,PAK,EMR,Eastern Mediterranean,YEAR,2022,,,,,,,,,63 [47-90],63,47,90,,2025-11-11T16:20:50Z,2022,2022-01-01,2022-12-31
2690735,TB_1,COUNTRY,MKD,EUR,Europe,YEAR,2010,,,,,,,,,61 [51-75],61,51,75,,2025-11-11T16:20:50Z,2010,2010-01-01,2010-12-31
2693169,TB_1,COUNTRY,DJI,EMR,Eastern Mediterranean,YEAR,2021,,,,,,,,,41 [34-50],41,34,50,,2025-11-11T16:20:50Z,2021,2021-01-01,2021-12-31
2693972,TB_1,COUNTRY,TGO,AFR,Africa,YEAR,2011,,,,,,,,,52 [24-90],52,24,90,,2025-11-11T16:20:50Z,2011,2011-01-01,2011-12-31
2701298,TB_1,COUNTRY,TJK,EUR,Europe,YEAR,2024,,,,,,,,,56 [46-75],56,46,75,,2025-11-11T16:20:50Z,2024,2024-01-01,2024-12-31
2702460,TB_1,COUNTRY,BOL,AMR,Americas,YEAR,2003,,,,,,,,,32 [26-39],32,26,39,,2025-11-11T16:20:50Z,2003,2003-01-01,2003-12-31
2702747,TB_1,COUNTRY,QAT,EMR,Eastern Mediterranean,YEAR,2023,,,,,,,,,76 [63-93],76,63,93,,2025-11-11T16:20:50Z,2023,2023-01-01,2023-12-31
2703364,TB_1,COUNTRY,BEN,AFR,Africa,YEAR,2019,,,,,,,,,66 [34-110],66,34,110,,2025-11-11T16:20:50Z,2019,2019-01-01,2019-12-31
2703991,TB_1,REGION,AFR,,,YEAR,2002,,,,,,,,,38 [32-47],38,32,47,,2025-11-11T16:20:50Z,2002,2002-01-01,2002-12-31
2707676,TB_1,COUNTRY,SLV,AMR,Americas,YEAR,2020,,,,,,,,,78 [65-96],78,65,96,,2025-11-11T16:20:50Z,2020,2020-01-01,2020-12-31
2720667,TB_1,COUNTRY,ZMB,AFR,Africa,YEAR,2021,,,,,,,,,83 [58-130],83,58,130,,2025-11-11T16:20:50Z,2021,2021-01-01,2021-12-31
2724184,TB_1,COUNTRY,QAT,EMR,Eastern Mediterranean,YEAR,2011,,,,,,,,,64 [53-79],64,53,79,,2025-11-11T16:20:50Z,2011,2011-01-01,2011-12-31
2725051,TB_1,COUNTRY,ARG,AMR,Americas,YEAR,2016,,,,,,,,,78 [65-96],78,65,96,,2025-11-11T16:20:50Z,2016,2016-01-01,2016-12-31
2726688,TB_1,COUNTRY,DOM,AMR,Americas,YEAR,2003,,,,,,,,,47 [39-58],47,39,58,,2025-11-11T16:20:50Z,2003,2003-01-01,2003-12-31
2729438,TB_1,COUNTRY,BLZ,AMR,Americas,YEAR,2014,,,,,,,,,66 [55-81],66,55,81,,2025-11-11T16:20:50Z,2014,2014-01-01,2014-12-31
2730275,TB_1,COUNTRY,GTM,AMR,Americas,YEAR,2009,,,,,,,,,89 [74-110],89,74,110,,2025-11-11T16:20:50Z,2009,2009-01-01,2009-12-31
2731791,TB_1,COUNTRY,GAB,AFR,Africa,YEAR,2007,,,,,,,,,60 [30-99],60,30,99,,2025-11-11T16:20:50Z,2007,2007-01-01,2007-12-31
2732513,TB_1,COUNTRY,UGA,AFR,Africa,YEAR,2007,,,,,,,,,62 [43-99],62,43,99,,2025-11-11T16:20:50Z,2007,2007-01-01,2007-12-31
2732864,TB_1,COUNTRY,HUN,EUR,Europe,YEAR,2024,,,,,,,,,78 [65-96],78,65,96,,2025-11-11T16:20:50Z,2024,2024-01-01,2024-12-31
2734107,TB_1,COUNTRY,PAK,EMR,Eastern Mediterranean,YEAR,2008,,,,,,,,,47 [32-74],47,32,74,,2025-11-11T16:20:50Z,2008,2008-01-01,2008-12-31
2735610,TB_1,COUNTRY,AUS,WPR,Western Pacific,YEAR,2023,,,,,,,,,87 [72-110],87,72,110,,2025-11-11T16:20:50Z,2023,2023-01-01,2023-12-31
2736108,TB_1,COUNTRY,CMR,AFR,Africa,YEAR,2016,,,,,,,,,54 [27-90],54,27,90,,2025-11-11T16:20:50Z,2016,2016-01-01,2016-12-31
2736215,TB_1,COUNTRY,MDA,EUR,Europe,YEAR,2007,,,,,,,,,99 [82-120],99,82,120,,2025-11-11T16:20:50Z,2007,2007-01-01,2007-12-31
2736446,TB_1,COUNTRY,NZL,WPR,Western Pacific,YEAR,2021,,,,,,,,,85 [71-100],85,71,100,,2025-11-11T16:20:50Z,2021,2021-01-01,2021-12-31
2737157,TB_1,COUNTRY,CAF,AFR,Africa,YEAR,2017,,,,,,,,,42 [22-67],42,22,67,,2025-11-11T16:20:50Z,2017,2017-01-01,2017-12-31
2737233,TB_1,COUNTRY,ISL,EUR,Europe,YEAR,2021,,,,,,,,,100 [83-120],100,83,120,,2025-11-11T16:20:50Z,2021,2021-01-01,2021-12-31
2737309,TB_1,REGION,EUR,,,YEAR,2019,,,,,,,,,85 [76-96],85,76,96,,2025-11-11T16:20:50Z,2019,2019-01-01,2019-12-31
2753476,TB_1,COUNTRY,AUT,EUR,Europe,YEAR,2003,,,,,,,,,73 [60-89],73,60,89,,2025-11-11T16:20:50Z,2003,2003-01-01,2003-12-31
2754291,TB_1,REGION,SEAR,,,YEAR,2021,,,,,,,,,69 [62-78],69,62,78,,2025-11-11T16:20:50Z,2021,2021-01-01,2021-12-31
2755098,TB_1,COUNTRY,BLR,EUR,Europe,YEAR,2018,,,,,,,,,79 [66-97],79,66,97,,2025-11-11T16:20:50Z,2018,2018-01-01,2018-12-31
2760899,TB_1,COUNTRY,PSE,EMR,Eastern Mediterranean,YEAR,2004,,,,,,,,,52 [43-64],52,43,64,,2025-11-11T16:20:50Z,2004,2004-01-01,2004-12-31
2761856,TB_1,REGION,EMR,,,YEAR,2004,,,,,,,,,31 [24-42],31,24,42,,2025-11-11T16:20:50Z,2004,2004-01-01,2004-12-31
2763942,TB_1,COUNTRY,MYS,WPR,Western Pacific,YEAR,2013,,,,,,,,,69 [58-85],69,58,85,,2025-11-11T16:20:50Z,2013,2013-01-01,2013-12-31
2771680,TB_1,COUNTRY,KIR,WPR,Western Pacific,YEAR,2018,,,,,,,,,45 [38-56],45,38,56,,2025-11-11T16:20:50Z,2018,2018-01-01,2018-12-31
2771908,TB_1,COUNTRY,SVN,EUR,Europe,YEAR,2016,,,,,,,,,82 [68-100],82,68,100,,2025-11-11T16:20:50Z,2016,2016-01-01,2016-12-31
2773140,TB_1,COUNTRY,BGD,SEAR,South-East Asia,YEAR,2014,,,,,,,,,55 [42-75],55,42,75,,2025-11-11T16:20:50Z,2014,2014-01-01,2014-12-31
2773256,TB_1,COUNTRY,NPL,SEAR,South-East Asia,YEAR,2006,,,,,,,,,35 [22-63],35,22,63,,2025-11-11T16:20:50Z,2006,2006-01-01,2006-12-31
2774610,TB_1,COUNTRY,CAN,AMR,Americas,YEAR,2004,,,,,,,,,75 [62-92],75,62,92,,2025-11-11T16:20:50Z,2004,2004-01-01,2004-12-31
2775363,TB_1,COUNTRY,CHE,EUR,Europe,YEAR,2019,,,,,,,,,87 [72-110],87,72,110,,2025-11-11T16:20:50Z,2019,2019-01-01,2019-12-31
2776690,TB_1,COUNTRY,CYP,EUR,Europe,YEAR,2008,,,,,,,,,66 [54-81],66,54,81,,2025-11-11T16:20:50Z,2008,2008-01-01,2008-12-31
2777979,TB_1,COUNTRY,TON,WPR,Western Pacific,YEAR,2020,,,,,,,,,100 [83-120],100,83,120,,2025-11-11T16:20:50Z,2020,2020-01-01,2020-12-31
2779177,TB_1,COUNTRY,GUY,AMR,Americas,YEAR,2023,,,,,,,,,77 [64-95],77,64,95,,2025-11-11T16:20:50Z,2023,2023-01-01,2023-12-31
2783249,TB_1,COUNTRY,CHE,EUR,Europe,YEAR,2003,,,,,,,,,76 [63-93],76,63,93,,2025-11-11T16:20:50Z,2003,2003-01-01,2003-12-31
2783486,TB_1,COUNTRY,BIH,EUR,Europe,YEAR,2020,,,,,,,,,43 [36-53],43,36,53,,2025-11-11T16:20:50Z,2020,2020-01-01,2020-12-31
2784219,TB_1,COUNTRY,GBR,EUR,Europe,YEAR,2016,,,,,,,,,89 [83-96],89,83,96,,2025-11-11T16:20:50Z,2016,2016-01-01,2016-12-31
2784891,TB_1,COUNTRY,ARM,EUR,Europe,YEAR,2005,,,,,,,,,46 [38-56],46,38,56,,2025-11-11T16:20:50Z,2005,2005-01-01,2005-12-31
2785186,TB_1,COUNTRY,CIV,AFR,Africa,YEAR,2024,,,,,,,,,69 [36-110],69,36,110,,2025-11-11T16:20:50Z,2024,2024-01-01,2024-12-31
2787075,TB_1,COUNTRY,CHL,AMR,Americas,YEAR,2009,,,,,,,,,74 [61-91],74,61,91,,2025-11-11T16:20:50Z,2009,2009-01-01,2009-12-31
2787640,TB_1,REGION,AFR,,,YEAR,2019,,,,,,,,,53 [46-61],53,46,61,,2025-11-11T16:20:50Z,2019,2019-01-01,2019-12-31
2789564,TB_1,COUNTRY,TJK,EUR,Europe,YEAR,2012,,,,,,,,,55 [46-68],55,46,68,,2025-11-11T16:20:50Z,2012,2012-01-01,2012-12-31
2794931,TB_1,COUNTRY,NIC,AMR,Americas,YEAR,2022,,,,,,,,,69 [57-85],69,57,85,,2025-11-11T16:20:50Z,2022,2022-01-01,2022-12-31
2795425,TB_1,COUNTRY,CHE,EUR,Europe,YEAR,2017,,,,,,,,,86 [71-110],86,71,110,,2025-11-11T16:20:50Z,2017,2017-01-01,2017-12-31
2798143,TB_1,COUNTRY,SYR,EMR,Eastern Mediterranean,YEAR,2013,,,,,,,,,56 [46-68],56,46,68,,2025-11-11T16:20:50Z,2013,2013-01-01,2013-12-31
2802011,TB_1,COUNTRY,SSD,AFR,Africa,YEAR,2023,,,,,,,,,64 [34-100],64,34,100,,2025-11-11T16:20:50Z,2023,2023-01-01,2023-12-31
2802465,TB_1,COUNTRY,UKR,EUR,Europe,YEAR,2000,,,,,,,,,34 [29-42],34,29,42,,2025-11-11T16:20:50Z,2000,2000-01-01,2000-12-31
2802503,TB_1,COUNTRY,EGY,EMR,Eastern Mediterranean,YEAR,2000,,,,,,,,,69 [56-88],69,56,88,,2025-11-11T16:20:50Z,2000,2000-01-01,2000-12-31
2807245,TB_1,COUNTRY,PRY,AMR,Americas,YEAR,2001,,,,,,,,,42 [34-51],42,34,51,,2025-11-11T16:20:50Z,2001,2001-01-01,2001-12-31
2807655,TB_1,COUNTRY,ALB,EUR,Europe,YEAR,2012,,,,,,,,,89 [74-110],89,74,110,,2025-11-11T16:20:50Z,2012,2012-01-01,2012-12-31
2807848,TB_1,COUNTRY,FIN,EUR,Europe,YEAR,2013,,,,,,,,,85 [71-100],85,71,100,,2025-11-11T16:20:50Z,2013,2013-01-01,2013-12-31
2810006,TB_1,COUNTRY,EGY,EMR,Eastern Mediterranean,YEAR,2012,,,,,,,,,64 [51-81],64,51,81,,2025-11-11T16:20:50Z,2012,2012-01-01,2012-12-31
2815018,TB_1,COUNTRY,PSE,EMR,Eastern Mediterranean,YEAR,2005,,,,,,,,,53 [44-65],53,44,65,,2025-11-11T16:20:50Z,2005,2005-01-01,2005-12-31
2816928,TB_1,COUNTRY,MAR,EMR,Eastern Mediterranean,YEAR,2001,,,,,,,,,89 [74-110],89,74,110,,2025-11-11T16:20:50Z,2001,2001-01-01,2001-12-31
2819725,TB_1,COUNTRY,MKD,EUR,Europe,YEAR,2015,,,,,,,,,71 [59-88],71,59,88,,2025-11-11T16:20:50Z,2015,2015-01-01,2015-12-31
2824213,TB_1,COUNTRY,CYP,EUR,Europe,YEAR,2010,,,,,,,,,67 [56-83],67,56,83,,2025-11-11T16:20:50Z,2010,2010-01-01,2010-12-31
2824696,TB_1,COUNTRY,VCT,AMR,Americas,YEAR,2021,,,,,,,,,100 [83-120],100,83,120,,2025-11-11T16:20:50Z,2021,2021-01-01,2021-12-31
2824710,TB_1,COUNTRY,MMR,SEAR,South-East Asia,YEAR,2002,,,,,,,,,22 [11-63],22,11,63,,2025-11-11T16:20:50Z,2002,2002-01-01,2002-12-31
2824856,TB_1,COUNTRY,GEO,EUR,Europe,YEAR,2013,,,,,,,,,63 [52-78],63,52,78,,2025-11-11T16:20:50Z,2013,2013-01-01,2013-12-31
2829613,TB_1,COUNTRY,MOZ,AFR,Africa,YEAR,2017,,,,,,,,,84 [57-140],84,57,140,,2025-11-11T16:20:50Z,2017,2017-01-01,2017-12-31
2831377,TB_1,COUNTRY,EST,EUR,Europe,YEAR,2014,,,,,,,,,75 [62-92],75,62,92,,2025-11-11T16:20:50Z,2014,2014-01-01,2014-12-31
2832407,TB_1,COUNTRY,TZA,AFR,Africa,YEAR,2019,,,,,,,,,58 [34-120],58,34,120,,2025-11-11T16:20:50Z,2019,2019-01-01,2019-12-31
2833159,TB_1,COUNTRY,WSM,WPR,Western Pacific,YEAR,2003,,,,,,,,,100 [83-120],100,83,120,,2025-11-11T16:20:50Z,2003,2003-01-01,2003-12-31
2836210,TB_1,COUNTRY,ETH,AFR,Africa,YEAR,2006,,,,,,,,,44 [28-81],44,28,81,,2025-11-11T16:20:50Z,2006,2006-01-01,2006-12-31
2836248,TB_1,COUNTRY,PLW,WPR,Western Pacific,YEAR,2020,,,,,,,,,100 [83-120],100,83,120,,2025-11-11T16:20:50Z,2020,2020-01-01,2020-12-31
2841271,TB_1,COUNTRY,BFA,AFR,Africa,YEAR,2016,,,,,,,,,44 [23-71],44,23,71,,2025-11-11T16:20:50Z,2016,2016-01-01,2016-12-31
2842891,TB_1,COUNTRY,HUN,EUR,Europe,YEAR,2013,,,,,,,,,74 [61-91],74,61,91,,2025-11-11T16:20:50Z,2013,2013-01-01,2013-12-31
2843162,TB_1,COUNTRY,BRB,AMR,Americas,YEAR,2013,,,,,,,,,100 [83-120],100,83,120,,2025-11-11T16:20:50Z,2013,2013-01-01,2013-12-31
2844401,TB_1,COUNTRY,ALB,EUR,Europe,YEAR,2004,,,,,,,,,89 [74-110],89,74,110,,2025-11-11T16:20:50Z,2004,2004-01-01,2004-12-31
2844757,TB_1,COUNTRY,RWA,AFR,Africa,YEAR,2010,,,,,,,,,79 [60-110],79,60,110,,2025-11-11T16:20:50Z,2010,2010-01-01,2010-12-31
2847480,TB_1,COUNTRY,MLT,EUR,Europe,YEAR,2003,,,,,,,,,100 [83-120],100,83,120,,2025-11-11T16:20:50Z,2003,2003-01-01,2003-12-31
2848681,TB_1,COUNTRY,NAM,AFR,Africa,YEAR,2004,,,,,,,,,62 [32-170],62,32,170,,2025-11-11T16:20:50Z,2004,2004-01-01,2004-12-31
2848853,TB_1,COUNTRY,BEL,EUR,Europe,YEAR,2021,,,,,,,,,86 [71-110],86,71,110,,2025-11-11T16:20:50Z,2021,2021-01-01,2021-12-31
2853001,TB_1,COUNTRY,AND,EUR,Europe,YEAR,2023,,,,,,,,,100 [83-120],100,83,120,,2025-11-11T16:20:50Z,2023,2023-01-01,2023-12-31
2860175,TB_1,COUNTRY,UGA,AFR,Africa,YEAR,2001,,,,,,,,,56 [34-110],56,34,110,,2025-11-11T16:20:50Z,2001,2001-01-01,2001-12-31
2863537,TB_1,COUNTRY,KIR,WPR,Western Pacific,YEAR,2010,,,,,,,,,37 [31-46],37,31,46,,2025-11-11T16:20:50Z,2010,2010-01-01,2010-12-31
2864239,TB_1,COUNTRY,BEN,AFR,Africa,YEAR,2000,,,,,,,,,53 [19-100],53,19,100,,2025-11-11T16:20:50Z,2000,2000-01-01,2000-12-31
2866004,TB_1,COUNTRY,IND,SEAR,South-East Asia,YEAR,2005,,,,,,,,,32 [16-90],32,16,90,,2025-11-11T16:20:50Z,2005,2005-01-01,2005-12-31
2868662,TB_1,COUNTRY,SLB,WPR,Western Pacific,YEAR,2014,,,,,,,,,41 [34-50],41,34,50,,2025-11-11T16:20:50Z,2014,2014-01-01,2014-12-31
2872395,TB_1,COUNTRY,DEU,EUR,Europe,YEAR,2001,,,,,,,,,91 [82-100],91,82,100,,2025-11-11T16:20:50Z,2001,2001-01-01,2001-12-31
2875770,TB_1,COUNTRY,MDG,AFR,Africa,YEAR,2013,,,,,,,,,49 [22-86],49,22,86,,2025-11-11T16:20:50Z,2013,2013-01-01,2013-12-31
2878325,TB_1,COUNTRY,TUN,EMR,Eastern Mediterranean,YEAR,2009,,,,,,,,,56 [46-69],56,46,69,,2025-11-11T16:20:50Z,2009,2009-01-01,2009-12-31
2878961,TB_1,COUNTRY,PAK,EMR,Eastern Mediterranean,YEAR,2001,,,,,,,,,4.7 [3.3-7.5],4.7,3.3,7.5,,2025-11-11T16:20:50Z,2001,2001-01-01,2001-12-31
2879536,TB_1,COUNTRY,TUN,EMR,Eastern Mediterranean,YEAR,2012,,,,,,,,,58 [48-71],58,48,71,,2025-11-11T16:20:50Z,2012,2012-01-01,2012-12-31
2880688,TB_1,COUNTRY,ZAF,AFR,Africa,YEAR,2021,,,,,,,,,55 [40-80],55,40,80,,2025-11-11T16:20:50Z,2021,2021-01-01,2021-12-31
2883245,TB_1,COUNTRY,SGP,WPR,Western Pacific,YEAR,2007,,,,,,,,,70 [58-86],70,58,86,,2025-11-11T16:20:50Z,2007,2007-01-01,2007-12-31
2884909,TB_1,COUNTRY,AFG,EMR,Eastern Mediterranean,YEAR,2000,,,,,,,,,24 [2.3-77],24,2.3,77,,2025-11-11T16:20:50Z,2000,2000-01-01,2000-12-31
2885167,TB_1,COUNTRY,MOZ,AFR,Africa,YEAR,2007,,,,,,,,,51 [35-81],51,35,81,,2025-11-11T16:20:50Z,2007,2007-01-01,2007-12-31
2886455,TB_1,COUNTRY,TZA,AFR,Africa,YEAR,2015,,,,,,,,,38 [20-110],38,20,110,,2025-11-11T16:20:50Z,2015,2015-01-01,2015-12-31
2887257,TB_1,COUNTRY,MMR,SEAR,South-East Asia,YEAR,2005,,,,,,,,,41 [21-110],41,21,110,,2025-11-11T16:20:50Z,2005,2005-01-01,2005-12-31
2890042,TB_1,COUNTRY,BTN,SEAR,South-East Asia,YEAR,2004,,,,,,,,,30 [25-36],30,25,36,,2025-11-11T16:20:50Z,2004,2004-01-01,2004-12-31
2891305,TB_1,REGION,AMR,,,YEAR,2003,,,,,,,,,58 [54-62],58,54,62,,2025-11-11T16:20:50Z,2003,2003-01-01,2003-12-31
2891477,TB_1,COUNTRY,ZMB,AFR,Africa,YEAR,2005,,,,,,,,,70 [43-140],70,43,140,,2025-11-11T16:20:50Z,2005,2005-01-01,2005-12-31
2891867,TB_1,COUNTRY,LCA,AMR,Americas,YEAR,2003,,,,,,,,,100 [83-120],100,83,120,,2025-11-11T16:20:50Z,2003,2003-01-01,2003-12-31
2892853,TB_1,COUNTRY,LKA,SEAR,South-East Asia,YEAR,2021,,,,,,,,,52 [28-84],52,28,84,,2025-11-11T16:20:50Z,2021,2021-01-01,2021-12-31
2898555,TB_1,COUNTRY,RUS,EUR,Europe,YEAR,2013,,,,,,,,,100 [60-200],100,60,200,,2025-11-11T16:20:50Z,2013,2013-01-01,2013-12-31
2901906,TB_1,COUNTRY,CHN,WPR,Western Pacific,YEAR,2008,,,,,,,,,89 [74-110],89,74,110,,2025-11-11T16:20:50Z,2008,2008-01-01,2008-12-31
2903943,TB_1,COUNTRY,SLV,AMR,Americas,YEAR,2013,,,,,,,,,74 [61-90],74,61,90,,2025-11-11T16:20:50Z,2013,2013-01-01,2013-12-31
2904753,TB_1,COUNTRY,OMN,EMR,Eastern Mediterranean,YEAR,2015,,,,,,,,,67 [56-83],67,56,83,,2025-11-11T16:20:50Z,2015,2015-01-01,2015-12-31
2908897,TB_1,COUNTRY,UZB,EUR,Europe,YEAR,2004,,,,,,,,,47 [39-58],47,39,58,,2025-11-11T16:20:50Z,2004,2004-01-01,2004-12-31
2909607,TB_1,COUNTRY,BOL,AMR,Americas,YEAR,2009,,,,,,,,,41 [34-51],41,34,51,,2025-11-11T16:20:50Z,2009,2009-01-01,2009-12-31
2910471,TB_1,COUNTRY,KWT,EMR,Eastern Mediterranean,YEAR,2015,,,,,,,,,76 [63-93],76,63,93,,2025-11-11T16:20:50Z,2015,2015-01-01,2015-12-31
2913442,TB_1,COUNTRY,CHL,AMR,Americas,YEAR,2016,,,,,,,,,80 [66-98],80,66,98,,2025-11-11T16:20:50Z,2016,2016-01-01,2016-12-31
2915911,TB_1,COUNTRY,HTI,AMR,Americas,YEAR,2019,,,,,,,,,49 [41-60],49,41,60,,2025-11-11T16:20:50Z,2019,2019-01-01,2019-12-31
2917897,TB_1,COUNTRY,GHA,AFR,Africa,YEAR,2000,,,,,,,,,26 [12-87],26,12,87,,2025-11-11T16:20:50Z,2000,2000-01-01,2000-12-31
2918267,TB_1,COUNTRY,USA,AMR,Americas,YEAR,2016,,,,,,,,,85 [71-100],85,71,100,,2025-11-11T16:20:50Z,2016,2016-01-01,2016-12-31
2920777,TB_1,COUNTRY,TON,WPR,Western Pacific,YEAR,2002,,,,,,,,,100 [83-120],100,83,120,,2025-11-11T16:20:50Z,2002,2002-01-01,2002-12-31
2921408,TB_1,COUNTRY,GBR,EUR,Europe,YEAR,2021,,,,,,,,,89 [83-96],89,83,96,,2025-11-11T16:20:50Z,2021,2021-01-01,2021-12-31
2922579,TB_1,COUNTRY,VNM,WPR,Western Pacific,YEAR,2015,,,,,,,,,54 [36-93],54,36,93,,2025-11-11T16:20:50Z,2015,2015-01-01,2015-12-31
2922721,TB_1,COUNTRY,ESP,EUR,Europe,YEAR,2021,,,,,,,,,86 [71-110],86,71,110,,2025-11-11T16:20:50Z,2021,2021-01-01,2021-12-31
2923099,TB_1,COUNTRY,SVK,EUR,Europe,YEAR,2006,,,,,,,,,70 [58-87],70,58,87,,2025-11-11T16:20:50Z,2006,2006-01-01,2006-12-31
2925887,TB_1,COUNTRY,GRC,EUR,Europe,YEAR,2008,,,,,,,,,73 [60-89],73,60,89,,2025-11-11T16:20:50Z,2008,2008-01-01,2008-12-31
2929957,TB_1,COUNTRY,MLT,EUR,Europe,YEAR,2020,,,,,,,,,100 [83-120],100,83,120,,2025-11-11T16:20:50Z,2020,2020-01-01,2020-12-31
2932496,TB_1,COUNTRY,MDG,AFR,Africa,YEAR,2008,,,,,,,,,45 [20-80],45,20,80,,2025-11-11T16:20:50Z,2008,2008-01-01,2008-12-31
2932712,TB_1,COUNTRY,PRY,AMR,Americas,YEAR,2010,,,,,,,,,64 [53-79],64,53,79,,2025-11-11T16:20:50Z,2010,2010-01-01,2010-12-31
2938274,TB_1,COUNTRY,NIU,WPR,Western Pacific,YEAR,2024,,,,,,,,,100 [83-120],100,83,120,,2025-11-11T16:20:50Z,2024,2024-01-01,2024-12-31
2939647,TB_1,COUNTRY,LAO,WPR,Western Pacific,YEAR,2005,,,,,,,,,24 [13-54],24,13,54,,2025-11-11T16:20:50Z,2005,2005-01-01,2005-12-31
2941875,TB_1,COUNTRY,LBY,EMR,Eastern Mediterranean,YEAR,2002,,,,,,,,,52 [21-95],52,21,95,,2025-11-11T16:20:50Z,2002,2002-01-01,2002-12-31
2943346,TB_1,COUNTRY,CHL,AMR,Americas,YEAR,2015,,,,,,,,,78 [65-96],78,65,96,,2025-11-11T16:20:50Z,2015,2015-01-01,2015-12-31
2943818,TB_1,COUNTRY,DMA,AMR,Americas,YEAR,2024,,,,,,,,,100 [83-120],100,83,120,,2025-11-11T16:20:50Z,2024,2024-01-01,2024-12-31
2944233,TB_1,COUNTRY,MWI,AFR,Africa,YEAR,2024,,,,,,,,,74 [42-160],74,42,160,,2025-11-11T16:20:50Z,2024,2024-01-01,2024-12-31
2945316,TB_1,COUNTRY,MLT,EUR,Europe,YEAR,2019,,,,,,,,,100 [83-120],100,83,120,,2025-11-11T16:20:50Z,2019,2019-01-01,2019-12-31
2946080,TB_1,COUNTRY,COL,AMR,Americas,YEAR,2023,,,,,,,,,82 [68-100],82,68,100,,2025-11-11T16:20:50Z,2023,2023-01-01,2023-12-31
2946269,TB_1,COUNTRY,BFA,AFR,Africa,YEAR,2011,,,,,,,,,43 [22-70],43,22,70,,2025-11-11T16:20:50Z,2011,2011-01-01,2011-12-31
2947185,TB_1,COUNTRY,BOL,AMR,Americas,YEAR,2008,,,,,,,,,39 [33-48],39,33,48,,2025-11-11T16:20:50Z,2008,2008-01-01,2008-12-31
2949721,TB_1,COUNTRY,BRB,AMR,Americas,YEAR,2009,,,,,,,,,100 [83-120],100,83,120,,2025-11-11T16:20:50Z,2009,2009-01-01,2009-12-31
2958909,TB_1,COUNTRY,HUN,EUR,Europe,YEAR,2023,,,,,,,,,78 [65-96],78,65,96,,2025-11-11T16:20:50Z,2023,2023-01-01,2023-12-31
2972371,TB_1,COUNTRY,CHE,EUR,Europe,YEAR,2023,,,,,,,,,87 [72-110],87,72,110,,2025-11-11T16:20:50Z,2023,2023-01-01,2023-12-31
2974549,TB_1,COUNTRY,DZA,AFR,Africa,YEAR,2022,,,,,,,,,74 [62-92],74,62,92,,2025-11-11T16:20:50Z,2022,2022-01-01,2022-12-31
2977509,TB_1,COUNTRY,THA,SEAR,South-East Asia,YEAR,2011,,,,,,,,,54 [35-97],54,35,97,,2025-11-11T16:20:50Z,2011,2011-01-01,2011-12-31
2981396,TB_1,COUNTRY,KOR,WPR,Western Pacific,YEAR,2008,,,,,,,,,94 [87-100],94,87,100,,2025-11-11T16:20:50Z,2008,2008-01-01,2008-12-31
2981654,TB_1,COUNTRY,HND,AMR,Americas,YEAR,2001,,,,,,,,,37 [31-46],37,31,46,,2025-11-11T16:20:50Z,2001,2001-01-01,2001-12-31
2983688,TB_1,WORLDBANKINCOMEGROUP,WB_HI,,,YEAR,2002,,,,,,,,,80 [64-100],80,64,100,,2025-11-11T16:20:50Z,2002,2002-01-01,2002-12-31
2985034,TB_1,COUNTRY,ERI,AFR,Africa,YEAR,2006,,,,,,,,,30 [25-37],30,25,37,,2025-11-11T16:20:50Z,2006,2006-01-01,2006-12-31
2985836,TB_1,COUNTRY,POL,EUR,Europe,YEAR,2004,,,,,,,,,67 [56-82],67,56,82,,2025-11-11T16:20:50Z,2004,2004-01-01,2004-12-31
2987885,TB_1,COUNTRY,ECU,AMR,Americas,YEAR,2021,,,,,,,,,78 [65-96],78,65,96,,2025-11-11T16:20:50Z,2021,2021-01-01,2021-12-31
2989832,TB_1,COUNTRY,CYP,EUR,Europe,YEAR,2009,,,,,,,,,67 [55-82],67,55,82,,2025-11-11T16:20:50Z,2009,2009-01-01,2009-12-31
2992670,TB_1,REGION,EUR,,,YEAR,2017,,,,,,,,,83 [72-96],83,72,96,,2025-11-11T16:20:50Z,2017,2017-01-01,2017-12-31
2993329,TB_1,COUNTRY,ZWE,AFR,Africa,YEAR,2019,,,,,,,,,69 [53-93],69,53,93,,2025-11-11T16:20:50Z,2019,2019-01-01,2019-12-31
2996909,TB_1,COUNTRY,GMB,AFR,Africa,YEAR,2009,,,,,,,,,63 [47-89],63,47,89,,2025-11-11T16:20:50Z,2009,2009-01-01,2009-12-31
2998990,TB_1,COUNTRY,SYC,AFR,Africa,YEAR,2016,,,,,,,,,100 [83-120],100,83,120,,2025-11-11T16:20:50Z,2016,2016-01-01,2016-12-31
3001211,TB_1,COUNTRY,PRY,AMR,Americas,YEAR,2023,,,,,,,,,72 [60-88],72,60,88,,2025-11-11T16:20:50Z,2023,2023-01-01,2023-12-31
3003123,TB_1,WORLDBANKINCOMEGROUP,WB_LI,,,YEAR,2016,,,,,,,,,52 [42-66],52,42,66,,2025-11-11T16:20:50Z,2016,2016-01-01,2016-12-31
3003172,TB_1,COUNTRY,NLD,EUR,Europe,YEAR,2006,,,,,,,,,87 [75-100],87,75,100,,2025-11-11T16:20:50Z,2006,2006-01-01,2006-12-31
3003831,TB_1,COUNTRY,ALB,EUR,Europe,YEAR,2023,,,,,,,,,72 [58-90],72,58,90,,2025-11-11T16:20:50Z,2023,2023-01-01,2023-12-31
3003908,TB_1,COUNTRY,JOR,EMR,Eastern Mediterranean,YEAR,2013,,,,,,,,,69 [57-84],69,57,84,,2025-11-11T16:20:50Z,2013,2013-01-01,2013-12-31
3007348,TB_1,COUNTRY,LBY,EMR,Eastern Mediterranean,YEAR,2015,,,,,,,,,47 [25-74],47,25,74,,2025-11-11T16:20:50Z,2015,2015-01-01,2015-12-31
3007413,TB_1,COUNTRY,MRT,AFR,Africa,YEAR,2016,,,,,,,,,57 [28-95],57,28,95,,2025-11-11T16:20:50Z,2016,2016-01-01,2016-12-31
3007831,TB_1,COUNTRY,ARM,EUR,Europe,YEAR,2023,,,,,,,,,65 [54-80],65,54,80,,2025-11-11T16:20:50Z,2023,2023-01-01,2023-12-31
3008206,TB_1,COUNTRY,DOM,AMR,Americas,YEAR,2001,,,,,,,,,44 [36-54],44,36,54,,2025-11-11T16:20:50Z,2001,2001-01-01,2001-12-31
3008579,TB_1,COUNTRY,HTI,AMR,Americas,YEAR,2021,,,,,,,,,44 [36-54],44,36,54,,2025-11-11T16:20:50Z,2021,2021-01-01,2021-12-31
3009481,TB_1,COUNTRY,NGA,AFR,Africa,YEAR,2011,,,,,,,,,23 [16-35],23,16,35,,2025-11-11T16:20:50Z,2011,2011-01-01,2011-12-31
3011037,TB_1,COUNTRY,AGO,AFR,Africa,YEAR,2001,,,,,,,,,39 [15-73],39,15,73,,2025-11-11T16:20:50Z,2001,2001-01-01,2001-12-31
3011371,TB_1,COUNTRY,ERI,AFR,Africa,YEAR,2011,,,,,,,,,39 [32-48],39,32,48,,2025-11-11T16:20:50Z,2011,2011-01-01,2011-12-31
3011824,TB_1,COUNTRY,GTM,AMR,Americas,YEAR,2019,,,,,,,,,89 [74-110],89,74,110,,2025-11-11T16:20:50Z,2019,2019-01-01,2019-12-31
3012140,TB_1,COUNTRY,CIV,AFR,Africa,YEAR,2007,,,,,,,,,50 [23-88],50,23,88,,2025-11-11T16:20:50Z,2007,2007-01-01,2007-12-31
3014336,TB_1,COUNTRY,SEN,AFR,Africa,YEAR,2003,,,,,,,,,48 [20-88],48,20,88,,2025-11-11T16:20:50Z,2003,2003-01-01,2003-12-31
3016273,TB_1,COUNTRY,COG,AFR,Africa,YEAR,2014,,,,,,,,,55 [26-94],55,26,94,,2025-11-11T16:20:50Z,2014,2014-01-01,2014-12-31
3018429,TB_1,COUNTRY,KGZ,EUR,Europe,YEAR,2020,,,,,,,,,48 [40-60],48,40,60,,2025-11-11T16:20:50Z,2020,2020-01-01,2020-12-31
3023092,TB_1,COUNTRY,MAC,,,YEAR,2017,,,,,,,,,64 [53-79],64,53,79,,2025-11-11T16:20:50Z,2017,2017-01-01,2017-12-31
3025464,TB_1,COUNTRY,MLT,EUR,Europe,YEAR,2002,,,,,,,,,100 [83-120],100,83,120,,2025-11-11T16:20:50Z,2002,2002-01-01,2002-12-31
3028248,TB_1,COUNTRY,SLE,AFR,Africa,YEAR,2009,,,,,,,,,38 [20-62],38,20,62,,2025-11-11T16:20:50Z,2009,2009-01-01,2009-12-31
3029831,TB_1,COUNTRY,GBR,EUR,Europe,YEAR,2002,,,,,,,,,89 [83-96],89,83,96,,2025-11-11T16:20:50Z,2002,2002-01-01,2002-12-31
3030806,TB_1,COUNTRY,HKG,,,YEAR,2009,,,,,,,,,55 [45-67],55,45,67,,2025-11-11T16:20:50Z,2009,2009-01-01,2009-12-31
3030931,TB_1,COUNTRY,HND,AMR,Americas,YEAR,2010,,,,,,,,,56 [46-68],56,46,68,,2025-11-11T16:20:50Z,2010,2010-01-01,2010-12-31
3031635,TB_1,COUNTRY,GAB,AFR,Africa,YEAR,2004,,,,,,,,,50 [24-86],50,24,86,,2025-11-11T16:20:50Z,2004,2004-01-01,2004-12-31
3032122,TB_1,COUNTRY,VUT,WPR,Western Pacific,YEAR,2010,,,,,,,,,42 [19-77],42,19,77,,2025-11-11T16:20:50Z,2010,2010-01-01,2010-12-31
3034468,TB_1,COUNTRY,USA,AMR,Americas,YEAR,2007,,,,,,,,,81 [67-99],81,67,99,,2025-11-11T16:20:50Z,2007,2007-01-01,2007-12-31
3034989,TB_1,COUNTRY,RWA,AFR,Africa,YEAR,2001,,,,,,,,,31 [27-35],31,27,35,,2025-11-11T16:20:50Z,2001,2001-01-01,2001-12-31
3039523,TB_1,COUNTRY,NOR,EUR,Europe,YEAR,2000,,,,,,,,,70 [58-86],70,58,86,,2025-11-11T16:20:50Z,2000,2000-01-01,2000-12-31
3041045,TB_1,COUNTRY,AND,EUR,Europe,YEAR,2002,,,,,,,,,100 [83-120],100,83,120,,2025-11-11T16:20:50Z,2002,2002-01-01,2002-12-31
3041096,TB_1,COUNTRY,MLT,EUR,Europe,YEAR,2021,,,,,,,,,100 [83-120],100,83,120,,2025-11-11T16:20:50Z,2021,2021-01-01,2021-12-31
3042938,TB_1,COUNTRY,NPL,SEAR,South-East Asia,YEAR,2009,,,,,,,,,40 [26-72],40,26,72,,2025-11-11T16:20:50Z,2009,2009-01-01,2009-12-31
3046781,TB_1,COUNTRY,PHL,WPR,Western Pacific,YEAR,2017,,,,,,,,,53 [34-94],53,34,94,,2025-11-11T16:20:50Z,2017,2017-01-01,2017-12-31
3049164,TB_1,COUNTRY,IRQ,EMR,Eastern Mediterranean,YEAR,2017,,,,,,,,,66 [54-82],66,54,82,,2025-11-11T16:20:50Z,2017,2017-01-01,2017-12-31
3049975,TB_1,COUNTRY,HND,AMR,Americas,YEAR,2023,,,,,,,,,65 [54-80],65,54,80,,2025-11-11T16:20:50Z,2023,2023-01-01,2023-12-31
3050284,TB_1,COUNTRY,GIN,AFR,Africa,YEAR,2020,,,,,,,,,65 [34-110],65,34,110,,2025-11-11T16:20:50Z,2020,2020-01-01,2020-12-31
3051554,TB_1,COUNTRY,JAM,AMR,Americas,YEAR,2002,,,,,,,,,45 [37-55],45,37,55,,2025-11-11T16:20:50Z,2002,2002-01-01,2002-12-31
3052767,TB_1,COUNTRY,KHM,WPR,Western Pacific,YEAR,2021,,,,,,,,,46 [34-61],46,34,61,,2025-11-11T16:20:50Z,2021,2021-01-01,2021-12-31
3054345,TB_1,COUNTRY,SUR,AMR,Americas,YEAR,2008,,,,,,,,,58 [48-72],58,48,72,,2025-11-11T16:20:50Z,2008,2008-01-01,2008-12-31
3054530,TB_1,COUNTRY,CRI,AMR,Americas,YEAR,2003,,,,,,,,,64 [53-79],64,53,79,,2025-11-11T16:20:50Z,2003,2003-01-01,2003-12-31
3055125,TB_1,COUNTRY,MAR,EMR,Eastern Mediterranean,YEAR,2009,,,,,,,,,89 [74-110],89,74,110,,2025-11-11T16:20:50Z,2009,2009-01-01,2009-12-31
3056832,TB_1,WORLDBANKINCOMEGROUP,WB_HI,,,YEAR,2014,,,,,,,,,88 [73-110],88,73,110,,2025-11-11T16:20:50Z,2014,2014-01-01,2014-12-31
3061149,TB_1,COUNTRY,GHA,AFR,Africa,YEAR,2017,,,,,,,,,31 [18-67],31,18,67,,2025-11-11T16:20:50Z,2017,2017-01-01,2017-12-31
3061379,TB_1,COUNTRY,TUN,EMR,Eastern Mediterranean,YEAR,2021,,,,,,,,,54 [45-67],54,45,67,,2025-11-11T16:20:50Z,2021,2021-01-01,2021-12-31
3063085,TB_1,COUNTRY,KEN,AFR,Africa,YEAR,2019,,,,,,,,,62 [42-100],62,42,100,,2025-11-11T16:20:50Z,2019,2019-01-01,2019-12-31
3063381,TB_1,COUNTRY,GTM,AMR,Americas,YEAR,2022,,,,,,,,,89 [74-110],89,74,110,,2025-11-11T16:20:50Z,2022,2022-01-01,2022-12-31
3066255,TB_1,COUNTRY,TKM,EUR,Europe,YEAR,2009,,,,,,,,,62 [52-77],62,52,77,,2025-11-11T16:20:50Z,2009,2009-01-01,2009-12-31
3067506,TB_1,COUNTRY,UKR,EUR,Europe,YEAR,2008,,,,,,,,,50 [41-61],50,41,61,,2025-11-11T16:20:50Z,2008,2008-01-01,2008-12-31
3070797,TB_1,COUNTRY,COD,AFR,Africa,YEAR,2018,,,,,,,,,44 [23-72],44,23,72,,2025-11-11T16:20:50Z,2018,2018-01-01,2018-12-31
3070954,TB_1,COUNTRY,NER,AFR,Africa,YEAR,2011,,,,,,,,,50 [23-88],50,23,88,,2025-11-11T16:20:50Z,2011,2011-01-01,2011-12-31
3072086,TB_1,COUNTRY,LBY,EMR,Eastern Mediterranean,YEAR,2014,,,,,,,,,55 [30-87],55,30,87,,2025-11-11T16:20:50Z,2014,2014-01-01,2014-12-31
3074970,TB_1,COUNTRY,ZMB,AFR,Africa,YEAR,2013,,,,,,,,,60 [38-110],60,38,110,,2025-11-11T16:20:50Z,2013,2013-01-01,2013-12-31
3075449,TB_1,COUNTRY,HTI,AMR,Americas,YEAR,2023,,,,,,,,,54 [45-67],54,45,67,,2025-11-11T16:20:50Z,2023,2023-01-01,2023-12-31
3077694,TB_1,COUNTRY,SWZ,AFR,Africa,YEAR,2021,,,,,,,,,48 [32-82],48,32,82,,2025-11-11T16:20:50Z,2021,2021-01-01,2021-12-31
3079744,TB_1,COUNTRY,JAM,AMR,Americas,YEAR,2009,,,,,,,,,60 [50-74],60,50,74,,2025-11-11T16:20:50Z,2009,2009-01-01,2009-12-31
3081032,TB_1,COUNTRY,TCD,AFR,Africa,YEAR,2020,,,,,,,,,57 [30-93],57,30,93,,2025-11-11T16:20:50Z,2020,2020-01-01,2020-12-31
3084774,TB_1,COUNTRY,SOM,EMR,Eastern Mediterranean,YEAR,2003,,,,,,,,,27 [1.8-71],27,1.8,71,,2025-11-11T16:20:50Z,2003,2003-01-01,2003-12-31
3085080,TB_1,COUNTRY,ARE,EMR,Eastern Mediterranean,YEAR,2010,,,,,,,,,58 [49-72],58,49,72,,2025-11-11T16:20:50Z,2010,2010-01-01,2010-12-31
3085618,TB_1,COUNTRY,LAO,WPR,Western Pacific,YEAR,2020,,,,,,,,,73 [51-110],73,51,110,,2025-11-11T16:20:50Z,2020,2020-01-01,2020-12-31
3087881,TB_1,COUNTRY,CYP,EUR,Europe,YEAR,2016,,,,,,,,,79 [65-97],79,65,97,,2025-11-11T16:20:50Z,2016,2016-01-01,2016-12-31
3088123,TB_1,COUNTRY,CIV,AFR,Africa,YEAR,2014,,,,,,,,,55 [27-93],55,27,93,,2025-11-11T16:20:50Z,2014,2014-01-01,2014-12-31
3088856,TB_1,COUNTRY,TUV,WPR,Western Pacific,YEAR,2021,,,,,,,,,100 [83-120],100,83,120,,2025-11-11T16:20:50Z,2021,2021-01-01,2021-12-31
3093583,TB_1,COUNTRY,KNA,AMR,Americas,YEAR,2007,,,,,,,,,100 [83-120],100,83,120,,2025-11-11T16:20:50Z,2007,2007-01-01,2007-12-31
3094376,TB_1,COUNTRY,CYP,EUR,Europe,YEAR,2018,,,,,,,,,81 [67-99],81,67,99,,2025-11-11T16:20:50Z,2018,2018-01-01,2018-12-31
3097243,TB_1,COUNTRY,MDG,AFR,Africa,YEAR,2017,,,,,,,,,55 [27-91],55,27,91,,2025-11-11T16:20:50Z,2017,2017-01-01,2017-12-31
3097592,TB_1,COUNTRY,LBY,EMR,Eastern Mediterranean,YEAR,2004,,,,,,,,,45 [21-77],45,21,77,,2025-11-11T16:20:50Z,2004,2004-01-01,2004-12-31
3102563,TB_1,COUNTRY,LAO,WPR,Western Pacific,YEAR,2003,,,,,,,,,16 [8.8-41],16,8.8,41,,2025-11-11T16:20:50Z,2003,2003-01-01,2003-12-31
3107967,TB_1,COUNTRY,MDV,SEAR,South-East Asia,YEAR,2014,,,,,,,,,61 [51-75],61,51,75,,2025-11-11T16:20:50Z,2014,2014-01-01,2014-12-31
3111236,TB_1,REGION,EUR,,,YEAR,2023,,,,,,,,,79 [69-92],79,69,92,,2025-11-11T16:20:50Z,2023,2023-01-01,2023-12-31
3111243,TB_1,COUNTRY,LAO,WPR,Western Pacific,YEAR,2001,,,,,,,,,14 [7.1-38],14,7.1,38,,2025-11-11T16:20:50Z,2001,2001-01-01,2001-12-31
3111912,TB_1,COUNTRY,EGY,EMR,Eastern Mediterranean,YEAR,2020,,,,,,,,,57 [46-73],57,46,73,,2025-11-11T16:20:50Z,2020,2020-01-01,2020-12-31
3113613,TB_1,COUNTRY,TCD,AFR,Africa,YEAR,2002,,,,,,,,,45 [16-87],45,16,87,,2025-11-11T16:20:50Z,2002,2002-01-01,2002-12-31
3114654,TB_1,COUNTRY,PER,AMR,Americas,YEAR,2006,,,,,,,,,56 [46-68],56,46,68,,2025-11-11T16:20:50Z,2006,2006-01-01,2006-12-31
3115731,TB_1,COUNTRY,AND,EUR,Europe,YEAR,2008,,,,,,,,,100 [83-120],100,83,120,,2025-11-11T16:20:50Z,2008,2008-01-01,2008-12-31
3116890,TB_1,COUNTRY,CYP,EUR,Europe,YEAR,2024,,,,,,,,,81 [67-100],81,67,100,,2025-11-11T16:20:50Z,2024,2024-01-01,2024-12-31
3123793,TB_1,COUNTRY,ESP,EUR,Europe,YEAR,2007,,,,,,,,,74 [62-91],74,62,91,,2025-11-11T16:20:50Z,2007,2007-01-01,2007-12-31
3125005,TB_1,COUNTRY,BHR,EMR,Eastern Mediterranean,YEAR,2012,,,,,,,,,67 [55-82],67,55,82,,2025-11-11T16:20:50Z,2012,2012-01-01,2012-12-31
3130074,TB_1,COUNTRY,QAT,EMR,Eastern Mediterranean,YEAR,2005,,,,,,,,,45 [37-55],45,37,55,,2025-11-11T16:20:50Z,2005,2005-01-01,2005-12-31
3130971,TB_1,COUNTRY,CHL,AMR,Americas,YEAR,2007,,,,,,,,,72 [60-89],72,60,89,,2025-11-11T16:20:50Z,2007,2007-01-01,2007-12-31
3131433,TB_1,COUNTRY,BFA,AFR,Africa,YEAR,2008,,,,,,,,,35 [18-57],35,18,57,,2025-11-11T16:20:50Z,2008,2008-01-01,2008-12-31
3133097,TB_1,COUNTRY,AND,EUR,Europe,YEAR,2022,,,,,,,,,100 [83-120],100,83,120,,2025-11-11T16:20:50Z,2022,2022-01-01,2022-12-31
3134726,TB_1,COUNTRY,SRB,EUR,Europe,YEAR,2023,,,,,,,,,76 [63-93],76,63,93,,2025-11-11T16:20:50Z,2023,2023-01-01,2023-12-31
3136109,TB_1,COUNTRY,BRA,AMR,Americas,YEAR,2016,,,,,,,,,92 [76-110],92,76,110,,2025-11-11T16:20:50Z,2016,2016-01-01,2016-12-31
3136175,TB_1,COUNTRY,ISL,EUR,Europe,YEAR,2017,,,,,,,,,100 [83-120],100,83,120,,2025-11-11T16:20:50Z,2017,2017-01-01,2017-12-31
3140850,TB_1,COUNTRY,LSO,AFR,Africa,YEAR,2002,,,,,,,,,50 [29-110],50,29,110,,2025-11-11T16:20:50Z,2002,2002-01-01,2002-12-31
3144503,TB_1,COUNTRY,SYC,AFR,Africa,YEAR,2011,,,,,,,,,100 [83-120],100,83,120,,2025-11-11T16:20:50Z,2011,2011-01-01,2011-12-31
3147102,TB_1,COUNTRY,ZAF,AFR,Africa,YEAR,2013,,,,,,,,,52 [31-100],52,31,100,,2025-11-11T16:20:50Z,2013,2013-01-01,2013-12-31
3148545,TB_1,COUNTRY,PNG,WPR,Western Pacific,YEAR,2017,,,,,,,,,47 [22-80],47,22,80,,2025-11-11T16:20:50Z,2017,2017-01-01,2017-12-31
3151597,TB_1,COUNTRY,BIH,EUR,Europe,YEAR,2024,,,,,,,,,70 [58-86],70,58,86,,2025-11-11T16:20:50Z,2024,2024-01-01,2024-12-31
3154462,TB_1,COUNTRY,BRA,AMR,Americas,YEAR,2014,,,,,,,,,92 [76-110],92,76,110,,2025-11-11T16:20:50Z,2014,2014-01-01,2014-12-31
3157144,TB_1,COUNTRY,EST,EUR,Europe,YEAR,2022,,,,,,,,,79 [66-97],79,66,97,,2025-11-11T16:20:50Z,2022,2022-01-01,2022-12-31
3157809,TB_1,WORLDBANKINCOMEGROUP,WB_LMI,,,YEAR,2011,,,,,,,,,42 [32-57],42,32,57,,2025-11-11T16:20:50Z,2011,2011-01-01,2011-12-31
3160698,TB_1,COUNTRY,COM,AFR,Africa,YEAR,2006,,,,,,,,,43 [21-74],43,21,74,,2025-11-11T16:20:50Z,2006,2006-01-01,2006-12-31
3164323,TB_1,COUNTRY,CIV,AFR,Africa,YEAR,2001,,,,,,,,,51 [20-95],51,20,95,,2025-11-11T16:20:50Z,2001,2001-01-01,2001-12-31
3170571,TB_1,COUNTRY,GMB,AFR,Africa,YEAR,2011,,,,,,,,,65 [50-88],65,50,88,,2025-11-11T16:20:50Z,2011,2011-01-01,2011-12-31
3175464,TB_1,COUNTRY,MLT,EUR,Europe,YEAR,2004,,,,,,,,,100 [83-120],100,83,120,,2025-11-11T16:20:50Z,2004,2004-01-01,2004-12-31
3175749,TB_1,COUNTRY,JAM,AMR,Americas,YEAR,2016,,,,,,,,,72 [60-89],72,60,89,,2025-11-11T16:20:50Z,2016,2016-01-01,2016-12-31
3176241,TB_1,COUNTRY,MWI,AFR,Africa,YEAR,2012,,,,,,,,,45 [19-190],45,19,190,,2025-11-11T16:20:50Z,2012,2012-01-01,2012-12-31
3176496,TB_1,COUNTRY,NGA,AFR,Africa,YEAR,2016,,,,,,,,,23 [16-35],23,16,35,,2025-11-11T16:20:50Z,2016,2016-01-01,2016-12-31
3177347,TB_1,REGION,AMR,,,YEAR,2021,,,,,,,,,70 [64-75],70,64,75,,2025-11-11T16:20:50Z,2021,2021-01-01,2021-12-31
3178407,TB_1,COUNTRY,DOM,AMR,Americas,YEAR,2008,,,,,,,,,60 [50-73],60,50,73,,2025-11-11T16:20:50Z,2008,2008-01-01,2008-12-31
3180865,TB_1,COUNTRY,NRU,WPR,Western Pacific,YEAR,2021,,,,,,,,,100 [83-120],100,83,120,,2025-11-11T16:20:50Z,2021,2021-01-01,2021-12-31
3181205,TB_1,COUNTRY,BEN,AFR,Africa,YEAR,2011,,,,,,,,,55 [26-96],55,26,96,,2025-11-11T16:20:50Z,2011,2011-01-01,2011-12-31
3185572,TB_1,COUNTRY,SWE,EUR,Europe,YEAR,2017,,,,,,,,,85 [71-100],85,71,100,,2025-11-11T16:20:50Z,2017,2017-01-01,2017-12-31
3188031,TB_1,REGION,AMR,,,YEAR,2006,,,,,,,,,62 [58-66],62,58,66,,2025-11-11T16:20:50Z,2006,2006-01-01,2006-12-31
3190131,TB_1,COUNTRY,VNM,WPR,Western Pacific,YEAR,2019,,,,,,,,,60 [41-94],60,41,94,,2025-11-11T16:20:50Z,2019,2019-01-01,2019-12-31
3192676,TB_1,COUNTRY,SEN,AFR,Africa,YEAR,2023,,,,,,,,,70 [36-110],70,36,110,,2025-11-11T16:20:50Z,2023,2023-01-01,2023-12-31
3195671,TB_1,COUNTRY,OMN,EMR,Eastern Mediterranean,YEAR,2005,,,,,,,,,58 [48-72],58,48,72,,2025-11-11T16:20:50Z,2005,2005-01-01,2005-12-31
3197760,TB_1,COUNTRY,TGO,AFR,Africa,YEAR,2007,,,,,,,,,43 [20-76],43,20,76,,2025-11-11T16:20:50Z,2007,2007-01-01,2007-12-31
3198042,TB_1,COUNTRY,TCD,AFR,Africa,YEAR,2014,,,,,,,,,52 [24-91],52,24,91,,2025-11-11T16:20:50Z,2014,2014-01-01,2014-12-31
3198680,TB_1,COUNTRY,MHL,WPR,Western Pacific,YEAR,2016,,,,,,,,,58 [48-71],58,48,71,,2025-11-11T16:20:50Z,2016,2016-01-01,2016-12-31
3200473,TB_1,COUNTRY,AFG,EMR,Eastern Mediterranean,YEAR,2013,,,,,,,,,50 [24-85],50,24,85,,2025-11-11T16:20:50Z,2013,2013-01-01,2013-12-31
3201979,TB_1,COUNTRY,TTO,AMR,Americas,YEAR,2020,,,,,,,,,75 [62-92],75,62,92,,2025-11-11T16:20:50Z,2020,2020-01-01,2020-12-31
3202009,TB_1,COUNTRY,ALB,EUR,Europe,YEAR,2000,,,,,,,,,89 [74-110],89,74,110,,2025-11-11T16:20:50Z,2000,2000-01-01,2000-12-31
3202212,TB_1,COUNTRY,SEN,AFR,Africa,YEAR,2015,,,,,,,,,55 [28-92],55,28,92,,2025-11-11T16:20:50Z,2015,2015-01-01,2015-12-31
3206364,TB_1,COUNTRY,JAM,AMR,Americas,YEAR,2014,,,,,,,,,69 [58-85],69,58,85,,2025-11-11T16:20:50Z,2014,2014-01-01,2014-12-31
3209827,TB_1,COUNTRY,NZL,WPR,Western Pacific,YEAR,2007,,,,,,,,,79 [66-98],79,66,98,,2025-11-11T16:20:50Z,2007,2007-01-01,2007-12-31
3210905,TB_1,COUNTRY,AUS,WPR,Western Pacific,YEAR,2002,,,,,,,,,81 [67-99],81,67,99,,2025-11-11T16:20:50Z,2002,2002-01-01,2002-12-31
3216546,TB_1,COUNTRY,TON,WPR,Western Pacific,YEAR,2019,,,,,,,,,100 [83-120],100,83,120,,2025-11-11T16:20:50Z,2019,2019-01-01,2019-12-31
3216737,TB_1,COUNTRY,KOR,WPR,Western Pacific,YEAR,2006,,,,,,,,,94 [87-100],94,87,100,,2025-11-11T16:20:50Z,2006,2006-01-01,2006-12-31
3216760,TB_1,COUNTRY,MKD,EUR,Europe,YEAR,2012,,,,,,,,,65 [54-80],65,54,80,,2025-11-11T16:20:50Z,2012,2012-01-01,2012-12-31
3218735,TB_1,WORLDBANKINCOMEGROUP,WB_UMI,,,YEAR,2012,,,,,,,,,63 [55-74],63,55,74,,2025-11-11T16:20:50Z,2012,2012-01-01,2012-12-31
3220703,TB_1,COUNTRY,TUN,EMR,Eastern Mediterranean,YEAR,2017,,,,,,,,,62 [51-76],62,51,76,,2025-11-11T16:20:50Z,2017,2017-01-01,2017-12-31
3220806,TB_1,COUNTRY,MEX,AMR,Americas,YEAR,2006,,,,,,,,,58 [48-72],58,48,72,,2025-11-11T16:20:50Z,2006,2006-01-01,2006-12-31
3221072,TB_1,COUNTRY,AUT,EUR,Europe,YEAR,2000,,,,,,,,,67 [56-82],67,56,82,,2025-11-11T16:20:50Z,2000,2000-01-01,2000-12-31
3221473,TB_1,COUNTRY,BGD,SEAR,South-East Asia,YEAR,2024,,,,,,,,,82 [62-110],82,62,110,,2025-11-11T16:20:50Z,2024,2024-01-01,2024-12-31
3222328,TB_1,COUNTRY,PHL,WPR,Western Pacific,YEAR,2000,,,,,,,,,26 [16-49],26,16,49,,2025-11-11T16:20:50Z,2000,2000-01-01,2000-12-31
3223917,TB_1,COUNTRY,MAR,EMR,Eastern Mediterranean,YEAR,2010,,,,,,,,,89 [74-110],89,74,110,,2025-11-11T16:20:50Z,2010,2010-01-01,2010-12-31
3224500,TB_1,COUNTRY,TLS,SEAR,South-East Asia,YEAR,2021,,,,,,,,,59 [32-95],59,32,95,,2025-11-11T16:20:50Z,2021,2021-01-01,2021-12-31
3229008,TB_1,COUNTRY,ETH,AFR,Africa,YEAR,2024,,,,,,,,,81 [50-150],81,50,150,,2025-11-11T16:20:50Z,2024,2024-01-01,2024-12-31
3235454,TB_1,COUNTRY,JPN,WPR,Western Pacific,YEAR,2015,,,,,,,,,83 [69-100],83,69,100,,2025-11-11T16:20:50Z,2015,2015-01-01,2015-12-31
3236928,TB_1,COUNTRY,GEO,EUR,Europe,YEAR,2006,,,,,,,,,58 [48-72],58,48,72,,2025-11-11T16:20:50Z,2006,2006-01-01,2006-12-31
3237173,TB_1,COUNTRY,CHN,WPR,Western Pacific,YEAR,2011,,,,,,,,,89 [74-110],89,74,110,,2025-11-11T16:20:50Z,2011,2011-01-01,2011-12-31
3238199,TB_1,COUNTRY,ARM,EUR,Europe,YEAR,2024,,,,,,,,,69 [57-85],69,57,85,,2025-11-11T16:20:50Z,2024,2024-01-01,2024-12-31
3239498,TB_1,COUNTRY,ITA,EUR,Europe,YEAR,2012,,,,,,,,,81 [67-99],81,67,99,,2025-11-11T16:20:50Z,2012,2012-01-01,2012-12-31
3242129,TB_1,COUNTRY,SUR,AMR,Americas,YEAR,2022,,,,,,,,,61 [51-75],61,51,75,,2025-11-11T16:20:50Z,2022,2022-01-01,2022-12-31
3244618,TB_1,COUNTRY,TUR,EUR,Europe,YEAR,2018,,,,,,,,,76 [63-93],76,63,93,,2025-11-11T16:20:50Z,2018,2018-01-01,2018-12-31
3248566,TB_1,COUNTRY,TZA,AFR,Africa,YEAR,2016,,,,,,,,,42 [22-110],42,22,110,,2025-11-11T16:20:50Z,2016,2016-01-01,2016-12-31
3253724,TB_1,COUNTRY,DNK,EUR,Europe,YEAR,2015,,,,,,,,,80 [67-99],80,67,99,,2025-11-11T16:20:50Z,2015,2015-01-01,2015-12-31
3260374,TB_1,COUNTRY,NIC,AMR,Americas,YEAR,2014,,,,,,,,,67 [55-82],67,55,82,,2025-11-11T16:20:50Z,2014,2014-01-01,2014-12-31
3263139,TB_1,COUNTRY,SOM,EMR,Eastern Mediterranean,YEAR,2007,,,,,,,,,34 [18-70],34,18,70,,2025-11-11T16:20:50Z,2007,2007-01-01,2007-12-31
3264007,TB_1,COUNTRY,MDG,AFR,Africa,YEAR,2021,,,,,,,,,63 [33-100],63,33,100,,2025-11-11T16:20:50Z,2021,2021-01-01,2021-12-31
3264497,TB_1,COUNTRY,BOL,AMR,Americas,YEAR,2010,,,,,,,,,42 [35-52],42,35,52,,2025-11-11T16:20:50Z,2010,2010-01-01,2010-12-31
3264667,TB_1,COUNTRY,VNM,WPR,Western Pacific,YEAR,2020,,,,,,,,,59 [41-93],59,41,93,,2025-11-11T16:20:50Z,2020,2020-01-01,2020-12-31
3265095,TB_1,COUNTRY,URY,AMR,Americas,YEAR,2023,,,,,,,,,81 [67-100],81,67,100,,2025-11-11T16:20:50Z,2023,2023-01-01,2023-12-31
3266504,TB_1,COUNTRY,USA,AMR,Americas,YEAR,2015,,,,,,,,,85 [70-100],85,70,100,,2025-11-11T16:20:50Z,2015,2015-01-01,2015-12-31
3268271,TB_1,COUNTRY,LCA,AMR,Americas,YEAR,2006,,,,,,,,,100 [83-120],100,83,120,,2025-11-11T16:20:50Z,2006,2006-01-01,2006-12-31
3270165,TB_1,COUNTRY,LAO,WPR,Western Pacific,YEAR,2002,,,,,,,,,15 [8.1-40],15,8.1,40,,2025-11-11T16:20:50Z,2002,2002-01-01,2002-12-31
3271493,TB_1,COUNTRY,HUN,EUR,Europe,YEAR,2004,,,,,,,,,68 [57-84],68,57,84,,2025-11-11T16:20:50Z,2004,2004-01-01,2004-12-31
3273321,TB_1,COUNTRY,ISR,EUR,Europe,YEAR,2022,,,,,,,,,86 [71-110],86,71,110,,2025-11-11T16:20:50Z,2022,2022-01-01,2022-12-31
3273590,TB_1,COUNTRY,SYR,EMR,Eastern Mediterranean,YEAR,2000,,,,,,,,,39 [32-47],39,32,47,,2025-11-11T16:20:50Z,2000,2000-01-01,2000-12-31
3274480,TB_1,COUNTRY,BGR,EUR,Europe,YEAR,2009,,,,,,,,,61 [50-74],61,50,74,,2025-11-11T16:20:50Z,2009,2009-01-01,2009-12-31
3275081,TB_1,COUNTRY,MAC,,,YEAR,2014,,,,,,,,,61 [51-75],61,51,75,,2025-11-11T16:20:50Z,2014,2014-01-01,2014-12-31
3279377,TB_1,COUNTRY,KEN,AFR,Africa,YEAR,2012,,,,,,,,,45 [24-120],45,24,120,,2025-11-11T16:20:50Z,2012,2012-01-01,2012-12-31
3280236,TB_1,COUNTRY,NOR,EUR,Europe,YEAR,2005,,,,,,,,,81 [67-100],81,67,100,,2025-11-11T16:20:50Z,2005,2005-01-01,2005-12-31
3281690,TB_1,COUNTRY,CHN,WPR,Western Pacific,YEAR,2002,,,,,,,,,36 [30-44],36,30,44,,2025-11-11T16:20:50Z,2002,2002-01-01,2002-12-31
3283863,TB_1,COUNTRY,KGZ,EUR,Europe,YEAR,2007,,,,,,,,,50 [41-61],50,41,61,,2025-11-11T16:20:50Z,2007,2007-01-01,2007-12-31
3285038,TB_1,COUNTRY,LTU,EUR,Europe,YEAR,2009,,,,,,,,,55 [46-68],55,46,68,,2025-11-11T16:20:50Z,2009,2009-01-01,2009-12-31
3288411,TB_1,COUNTRY,ATG,AMR,Americas,YEAR,2001,,,,,,,,,100 [83-120],100,83,120,,2025-11-11T16:20:50Z,2001,2001-01-01,2001-12-31
3288573,TB_1,COUNTRY,IDN,WPR,Western Pacific,YEAR,2017,,,,,,,,,52 [47-57],52,47,57,,2025-11-11T16:20:50Z,2017,2017-01-01,2017-12-31
3291007,TB_1,COUNTRY,BOL,AMR,Americas,YEAR,2013,,,,,,,,,53 [44-65],53,44,65,,2025-11-11T16:20:50Z,2013,2013-01-01,2013-12-31
3291155,TB_1,COUNTRY,NIC,AMR,Americas,YEAR,2003,,,,,,,,,43 [36-53],43,36,53,,2025-11-11T16:20:50Z,2003,2003-01-01,2003-12-31
3291674,TB_1,COUNTRY,NRU,WPR,Western Pacific,YEAR,2017,,,,,,,,,100 [83-120],100,83,120,,2025-11-11T16:20:50Z,2017,2017-01-01,2017-12-31
3291875,TB_1,COUNTRY,ROU,EUR,Europe,YEAR,2016,,,,,,,,,77 [64-94],77,64,94,,2025-11-11T16:20:50Z,2016,2016-01-01,2016-12-31
3293615,TB_1,COUNTRY,MDV,SEAR,South-East Asia,YEAR,2021,,,,,,,,,62 [51-76],62,51,76,,2025-11-11T16:20:50Z,2021,2021-01-01,2021-12-31
3294049,TB_1,COUNTRY,VUT,WPR,Western Pacific,YEAR,2011,,,,,,,,,41 [18-74],41,18,74,,2025-11-11T16:20:50Z,2011,2011-01-01,2011-12-31
3296979,TB_1,COUNTRY,GIN,AFR,Africa,YEAR,2014,,,,,,,,,57 [27-98],57,27,98,,2025-11-11T16:20:50Z,2014,2014-01-01,2014-12-31
3297421,TB_1,REGION,EMR,,,YEAR,2013,,,,,,,,,53 [40-72],53,40,72,,2025-11-11T16:20:50Z,2013,2013-01-01,2013-12-31
3297519,TB_1,COUNTRY,SYR,EMR,Eastern Mediterranean,YEAR,2012,,,,,,,,,55 [46-68],55,46,68,,2025-11-11T16:20:50Z,2012,2012-01-01,2012-12-31
3298056,TB_1,COUNTRY,AUS,WPR,Western Pacific,YEAR,2018,,,,,,,,,87 [73-110],87,73,110,,2025-11-11T16:20:50Z,2018,2018-01-01,2018-12-31
3299137,TB_1,COUNTRY,SVN,EUR,Europe,YEAR,2022,,,,,,,,,85 [70-100],85,70,100,,2025-11-11T16:20:50Z,2022,2022-01-01,2022-12-31
3305512,TB_1,COUNTRY,SYC,AFR,Africa,YEAR,2005,,,,,,,,,100 [83-120],100,83,120,,2025-11-11T16:20:50Z,2005,2005-01-01,2005-12-31
3307747,TB_1,COUNTRY,PAN,AMR,Americas,YEAR,2004,,,,,,,,,61 [51-75],61,51,75,,2025-11-11T16:20:50Z,2004,2004-01-01,2004-12-31
3313400,TB_1,COUNTRY,TKM,EUR,Europe,YEAR,2005,,,,,,,,,56 [47-69],56,47,69,,2025-11-11T16:20:50Z,2005,2005-01-01,2005-12-31
3316146,TB_1,COUNTRY,GRC,EUR,Europe,YEAR,2003,,,,,,,,,70 [58-86],70,58,86,,2025-11-11T16:20:50Z,2003,2003-01-01,2003-12-31
3324135,TB_1,COUNTRY,UZB,EUR,Europe,YEAR,2009,,,,,,,,,63 [52-78],63,52,78,,2025-11-11T16:20:50Z,2009,2009-01-01,2009-12-31
3327255,TB_1,COUNTRY,LTU,EUR,Europe,YEAR,2002,,,,,,,,,45 [37-55],45,37,55,,2025-11-11T16:20:50Z,2002,2002-01-01,2002-12-31
3329359,TB_1,COUNTRY,FJI,WPR,Western Pacific,YEAR,2022,,,,,,,,,59 [49-72],59,49,72,,2025-11-11T16:20:50Z,2022,2022-01-01,2022-12-31
3329845,TB_1,COUNTRY,FJI,WPR,Western Pacific,YEAR,2014,,,,,,,,,56 [46-69],56,46,69,,2025-11-11T16:20:50Z,2014,2014-01-01,2014-12-31
3333252,TB_1,COUNTRY,PSE,EMR,Eastern Mediterranean,YEAR,2019,,,,,,,,,68 [57-84],68,57,84,,2025-11-11T16:20:50Z,2019,2019-01-01,2019-12-31
3333373,TB_1,COUNTRY,ATG,AMR,Americas,YEAR,2021,,,,,,,,,100 [83-120],100,83,120,,2025-11-11T16:20:50Z,2021,2021-01-01,2021-12-31
3333381,TB_1,COUNTRY,UZB,EUR,Europe,YEAR,2005,,,,,,,,,51 [42-63],51,42,63,,2025-11-11T16:20:50Z,2005,2005-01-01,2005-12-31
3334567,TB_1,COUNTRY,COK,WPR,Western Pacific,YEAR,2005,,,,,,,,,100 [83-120],100,83,120,,2025-11-11T16:20:50Z,2005,2005-01-01,2005-12-31
3336937,TB_1,COUNTRY,PRT,EUR,Europe,YEAR,2008,,,,,,,,,80 [67-99],80,67,99,,2025-11-11T16:20:50Z,2008,2008-01-01,2008-12-31
3337788,TB_1,COUNTRY,NRU,WPR,Western Pacific,YEAR,2007,,,,,,,,,100 [83-120],100,83,120,,2025-11-11T16:20:50Z,2007,2007-01-01,2007-12-31
3341404,TB_1,COUNTRY,PER,AMR,Americas,YEAR,2018,,,,,,,,,74 [62-92],74,62,92,,2025-11-11T16:20:50Z,2018,2018-01-01,2018-12-31
3342964,TB_1,COUNTRY,TKM,EUR,Europe,YEAR,2016,,,,,,,,,71 [59-87],71,59,87,,2025-11-11T16:20:50Z,2016,2016-01-01,2016-12-31
3343492,TB_1,COUNTRY,ZWE,AFR,Africa,YEAR,2006,,,,,,,,,63 [26-290],63,26,290,,2025-11-11T16:20:50Z,2006,2006-01-01,2006-12-31
3344313,TB_1,COUNTRY,MUS,AFR,Africa,YEAR,2017,,,,,,,,,65 [54-80],65,54,80,,2025-11-11T16:20:50Z,2017,2017-01-01,2017-12-31
3346870,TB_1,COUNTRY,MNG,WPR,Western Pacific,YEAR,2021,,,,,,,,,19 [12-37],19,12,37,,2025-11-11T16:20:50Z,2021,2021-01-01,2021-12-31
3349999,TB_1,COUNTRY,BWA,AFR,Africa,YEAR,2014,,,,,,,,,59 [30-97],59,30,97,,2025-11-11T16:20:50Z,2014,2014-01-01,2014-12-31
3351676,TB_1,COUNTRY,RUS,EUR,Europe,YEAR,2002,,,,,,,,,99 [54-230],99,54,230,,2025-11-11T16:20:50Z,2002,2002-01-01,2002-12-31
3352805,TB_1,COUNTRY,BDI,AFR,Africa,YEAR,2020,,,,,,,,,58 [30-95],58,30,95,,2025-11-11T16:20:50Z,2020,2020-01-01,2020-12-31
3355346,TB_1,COUNTRY,PLW,WPR,Western Pacific,YEAR,2002,,,,,,,,,100 [83-120],100,83,120,,2025-11-11T16:20:50Z,2002,2002-01-01,2002-12-31
3357249,TB_1,COUNTRY,NER,AFR,Africa,YEAR,2010,,,,,,,,,48 [22-85],48,22,85,,2025-11-11T16:20:50Z,2010,2010-01-01,2010-12-31
3357312,TB_1,WORLDBANKINCOMEGROUP,WB_HI,,,YEAR,2012,,,,,,,,,87 [70-110],87,70,110,,2025-11-11T16:20:50Z,2012,2012-01-01,2012-12-31
3362541,TB_1,COUNTRY,TLS,SEAR,South-East Asia,YEAR,2023,,,,,,,,,96 [50-160],96,50,160,,2025-11-11T16:20:50Z,2023,2023-01-01,2023-12-31
3368925,TB_1,COUNTRY,MKD,EUR,Europe,YEAR,2018,,,,,,,,,74 [61-90],74,61,90,,2025-11-11T16:20:50Z,2018,2018-01-01,2018-12-31
3369215,TB_1,COUNTRY,LUX,EUR,Europe,YEAR,2010,,,,,,,,,76 [63-94],76,63,94,,2025-11-11T16:20:50Z,2010,2010-01-01,2010-12-31
3369263,TB_1,REGION,WPR,,,YEAR,2019,,,,,,,,,72 [64-83],72,64,83,,2025-11-11T16:20:50Z,2019,2019-01-01,2019-12-31
3374010,TB_1,COUNTRY,PNG,WPR,Western Pacific,YEAR,2016,,,,,,,,,49 [23-85],49,23,85,,2025-11-11T16:20:50Z,2016,2016-01-01,2016-12-31
3375080,TB_1,COUNTRY,IRQ,EMR,Eastern Mediterranean,YEAR,2004,,,,,,,,,66 [54-82],66,54,82,,2025-11-11T16:20:50Z,2004,2004-01-01,2004-12-31
3377157,TB_1,COUNTRY,IRQ,EMR,Eastern Mediterranean,YEAR,2015,,,,,,,,,66 [54-82],66,54,82,,2025-11-11T16:20:50Z,2015,2015-01-01,2015-12-31
3378177,TB_1,COUNTRY,TGO,AFR,Africa,YEAR,2009,,,,,,,,,51 [23-89],51,23,89,,2025-11-11T16:20:50Z,2009,2009-01-01,2009-12-31
3378241,TB_1,COUNTRY,SOM,EMR,Eastern Mediterranean,YEAR,2018,,,,,,,,,60 [31-99],60,31,99,,2025-11-11T16:20:50Z,2018,2018-01-01,2018-12-31
3378519,TB_1,COUNTRY,GRC,EUR,Europe,YEAR,2004,,,,,,,,,71 [59-87],71,59,87,,2025-11-11T16:20:50Z,2004,2004-01-01,2004-12-31
3378978,TB_1,COUNTRY,AUS,WPR,Western Pacific,YEAR,2017,,,,,,,,,88 [73-110],88,73,110,,2025-11-11T16:20:50Z,2017,2017-01-01,2017-12-31
3379859,TB_1,REGION,EUR,,,YEAR,2010,,,,,,,,,76 [64-94],76,64,94,,2025-11-11T16:20:50Z,2010,2010-01-01,2010-12-31
3380888,TB_1,COUNTRY,EST,EUR,Europe,YEAR,2018,,,,,,,,,78 [64-95],78,64,95,,2025-11-11T16:20:50Z,2018,2018-01-01,2018-12-31
3381508,TB_1,COUNTRY,URY,AMR,Americas,YEAR,2001,,,,,,,,,62 [51-76],62,51,76,,2025-11-11T16:20:50Z,2001,2001-01-01,2001-12-31
3382412,TB_1,COUNTRY,ZMB,AFR,Africa,YEAR,2006,,,,,,,,,68 [42-130],68,42,130,,2025-11-11T16:20:50Z,2006,2006-01-01,2006-12-31
3383476,TB_1,COUNTRY,BRB,AMR,Americas,YEAR,2018,,,,,,,,,100 [83-120],100,83,120,,2025-11-11T16:20:50Z,2018,2018-01-01,2018-12-31
3383895,TB_1,COUNTRY,BGR,EUR,Europe,YEAR,2013,,,,,,,,,66 [54-81],66,54,81,,2025-11-11T16:20:50Z,2013,2013-01-01,2013-12-31
3384730,TB_1,COUNTRY,ARM,EUR,Europe,YEAR,2016,,,,,,,,,66 [54-81],66,54,81,,2025-11-11T16:20:50Z,2016,2016-01-01,2016-12-31
3385178,TB_1,REGION,EUR,,,YEAR,2018,,,,,,,,,83 [74-96],83,74,96,,2025-11-11T16:20:50Z,2018,2018-01-01,2018-12-31
3385527,TB_1,WORLDBANKINCOMEGROUP,WB_LMI,,,YEAR,2001,,,,,,,,,30 [20-49],30,20,49,,2025-11-11T16:20:50Z,2001,2001-01-01,2001-12-31
3385575,TB_1,COUNTRY,TUN,EMR,Eastern Mediterranean,YEAR,2004,,,,,,,,,50 [41-61],50,41,61,,2025-11-11T16:20:50Z,2004,2004-01-01,2004-12-31
3386384,TB_1,COUNTRY,LAO,WPR,Western Pacific,YEAR,2022,,,,,,,,,84 [57-130],84,57,130,,2025-11-11T16:20:50Z,2022,2022-01-01,2022-12-31
3387645,TB_1,COUNTRY,RWA,AFR,Africa,YEAR,2000,,,,,,,,,31 [28-35],31,28,35,,2025-11-11T16:20:50Z,2000,2000-01-01,2000-12-31
3388009,TB_1,COUNTRY,POL,EUR,Europe,YEAR,2022,,,,,,,,,82 [68-100],82,68,100,,2025-11-11T16:20:50Z,2022,2022-01-01,2022-12-31
3389475,TB_1,COUNTRY,HTI,AMR,Americas,YEAR,2004,,,,,,,,,30 [25-37],30,25,37,,2025-11-11T16:20:50Z,2004,2004-01-01,2004-12-31
3391677,TB_1,COUNTRY,ZMB,AFR,Africa,YEAR,2011,,,,,,,,,63 [39-120],63,39,120,,2025-11-11T16:20:50Z,2011,2011-01-01,2011-12-31
3395270,TB_1,COUNTRY,BDI,AFR,Africa,YEAR,2015,,,,,,,,,50 [25-85],50,25,85,,2025-11-11T16:20:50Z,2015,2015-01-01,2015-12-31
3398518,TB_1,COUNTRY,CHL,AMR,Americas,YEAR,2010,,,,,,,,,74 [62-91],74,62,91,,2025-11-11T16:20:50Z,2010,2010-01-01,2010-12-31
3400197,TB_1,COUNTRY,LUX,EUR,Europe,YEAR,2008,,,,,,,,,75 [63-93],75,63,93,,2025-11-11T16:20:50Z,2008,2008-01-01,2008-12-31
3400506,TB_1,COUNTRY,SGP,WPR,Western Pacific,YEAR,2004,,,,,,,,,62 [51-76],62,51,76,,2025-11-11T16:20:50Z,2004,2004-01-01,2004-12-31
3403046,TB_1,COUNTRY,BEN,AFR,Africa,YEAR,2013,,,,,,,,,52 [25-90],52,25,90,,2025-11-11T16:20:50Z,2013,2013-01-01,2013-12-31
3404841,TB_1,COUNTRY,LSO,AFR,Africa,YEAR,2004,,,,,,,,,50 [27-130],50,27,130,,2025-11-11T16:20:50Z,2004,2004-01-01,2004-12-31
3405631,TB_1,COUNTRY,MNG,WPR,Western Pacific,YEAR,2005,,,,,,,,,42 [26-81],42,26,81,,2025-11-11T16:20:50Z,2005,2005-01-01,2005-12-31
3406160,TB_1,COUNTRY,SWZ,AFR,Africa,YEAR,2023,,,,,,,,,57 [37-110],57,37,110,,2025-11-11T16:20:50Z,2023,2023-01-01,2023-12-31
3406862,TB_1,COUNTRY,TLS,SEAR,South-East Asia,YEAR,2006,,,,,,,,,41 [11-85],41,11,85,,2025-11-11T16:20:50Z,2006,2006-01-01,2006-12-31
3408775,TB_1,REGION,SEAR,,,YEAR,2013,,,,,,,,,43 [30-66],43,30,66,,2025-11-11T16:20:50Z,2013,2013-01-01,2013-12-31
3417260,TB_1,COUNTRY,BTN,SEAR,South-East Asia,YEAR,2007,,,,,,,,,34 [28-41],34,28,41,,2025-11-11T16:20:50Z,2007,2007-01-01,2007-12-31
3417477,TB_1,COUNTRY,BEL,EUR,Europe,YEAR,2008,,,,,,,,,82 [68-100],82,68,100,,2025-11-11T16:20:50Z,2008,2008-01-01,2008-12-31
3417911,TB_1,COUNTRY,SWZ,AFR,Africa,YEAR,2024,,,,,,,,,61 [40-120],61,40,120,,2025-11-11T16:20:50Z,2024,2024-01-01,2024-12-31
3418499,TB_1,COUNTRY,GHA,AFR,Africa,YEAR,2022,,,,,,,,,38 [21-83],38,21,83,,2025-11-11T16:20:50Z,2022,2022-01-01,2022-12-31
3419338,TB_1,COUNTRY,JOR,EMR,Eastern Mediterranean,YEAR,2000,,,,,,,,,60 [50-74],60,50,74,,2025-11-11T16:20:50Z,2000,2000-01-01,2000-12-31
3421302,TB_1,COUNTRY,FJI,WPR,Western Pacific,YEAR,2023,,,,,,,,,59 [49-72],59,49,72,,2025-11-11T16:20:50Z,2023,2023-01-01,2023-12-31
3423064,TB_1,COUNTRY,TUN,EMR,Eastern Mediterranean,YEAR,2010,,,,,,,,,57 [47-70],57,47,70,,2025-11-11T16:20:50Z,2010,2010-01-01,2010-12-31
3425132,TB_1,COUNTRY,COG,AFR,Africa,YEAR,2009,,,,,,,,,52 [24-91],52,24,91,,2025-11-11T16:20:50Z,2009,2009-01-01,2009-12-31
3426602,TB_1,COUNTRY,ESP,EUR,Europe,YEAR,2020,,,,,,,,,86 [71-110],86,71,110,,2025-11-11T16:20:50Z,2020,2020-01-01,2020-12-31
3428677,TB_1,COUNTRY,BLZ,AMR,Americas,YEAR,2024,,,,,,,,,52 [42-65],52,42,65,,2025-11-11T16:20:50Z,2024,2024-01-01,2024-12-31
3429198,TB_1,COUNTRY,VEN,AMR,Americas,YEAR,2005,,,,,,,,,55 [46-68],55,46,68,,2025-11-11T16:20:50Z,2005,2005-01-01,2005-12-31
3430169,TB_1,COUNTRY,HTI,AMR,Americas,YEAR,2013,,,,,,,,,47 [39-58],47,39,58,,2025-11-11T16:20:50Z,2013,2013-01-01,2013-12-31
3431641,TB_1,COUNTRY,SGP,WPR,Western Pacific,YEAR,2015,,,,,,,,,86 [71-110],86,71,110,,2025-11-11T16:20:50Z,2015,2015-01-01,2015-12-31
3434164,TB_1,COUNTRY,KNA,AMR,Americas,YEAR,2017,,,,,,,,,100 [83-120],100,83,120,,2025-11-11T16:20:50Z,2017,2017-01-01,2017-12-31
3435746,TB_1,COUNTRY,LVA,EUR,Europe,YEAR,2024,,,,,,,,,72 [60-89],72,60,89,,2025-11-11T16:20:50Z,2024,2024-01-01,2024-12-31
3436818,TB_1,COUNTRY,CHE,EUR,Europe,YEAR,2009,,,,,,,,,81 [67-99],81,67,99,,2025-11-11T16:20:50Z,2009,2009-01-01,2009-12-31
3438836,TB_1,COUNTRY,BLR,EUR,Europe,YEAR,2000,,,,,,,,,44 [37-55],44,37,55,,2025-11-11T16:20:50Z,2000,2000-01-01,2000-12-31
3439873,TB_1,COUNTRY,TGO,AFR,Africa,YEAR,2015,,,,,,,,,55 [27-94],55,27,94,,2025-11-11T16:20:50Z,2015,2015-01-01,2015-12-31
3440127,TB_1,COUNTRY,MDA,EUR,Europe,YEAR,2014,,,,,,,,,99 [82-120],99,82,120,,2025-11-11T16:20:50Z,2014,2014-01-01,2014-12-31
3443679,TB_1,COUNTRY,SLE,AFR,Africa,YEAR,2008,,,,,,,,,36 [18-58],36,18,58,,2025-11-11T16:20:50Z,2008,2008-01-01,2008-12-31
3449382,TB_1,COUNTRY,ZAF,AFR,Africa,YEAR,2008,,,,,,,,,54 [31-120],54,31,120,,2025-11-11T16:20:50Z,2008,2008-01-01,2008-12-31
3455553,TB_1,COUNTRY,ESP,EUR,Europe,YEAR,2013,,,,,,,,,82 [68-100],82,68,100,,2025-11-11T16:20:50Z,2013,2013-01-01,2013-12-31
3455779,TB_1,COUNTRY,TUV,WPR,Western Pacific,YEAR,2002,,,,,,,,,100 [83-120],100,83,120,,2025-11-11T16:20:50Z,2002,2002-01-01,2002-12-31
3459416,TB_1,COUNTRY,HRV,EUR,Europe,YEAR,2015,,,,,,,,,77 [64-95],77,64,95,,2025-11-11T16:20:50Z,2015,2015-01-01,2015-12-31
3459506,TB_1,COUNTRY,JOR,EMR,Eastern Mediterranean,YEAR,2011,,,,,,,,,69 [57-85],69,57,85,,2025-11-11T16:20:50Z,2011,2011-01-01,2011-12-31
3459621,TB_1,WORLDBANKINCOMEGROUP,WB_LI,,,YEAR,2003,,,,,,,,,37 [30-47],37,30,47,,2025-11-11T16:20:50Z,2003,2003-01-01,2003-12-31
3460080,TB_1,COUNTRY,IND,SEAR,South-East Asia,YEAR,2017,,,,,,,,,56 [50-63],56,50,63,,2025-11-11T16:20:50Z,2017,2017-01-01,2017-12-31
3461314,TB_1,COUNTRY,BFA,AFR,Africa,YEAR,2010,,,,,,,,,39 [20-64],39,20,64,,2025-11-11T16:20:50Z,2010,2010-01-01,2010-12-31
3462020,TB_1,COUNTRY,BRB,AMR,Americas,YEAR,2002,,,,,,,,,100 [83-120],100,83,120,,2025-11-11T16:20:50Z,2002,2002-01-01,2002-12-31
3467870,TB_1,COUNTRY,CMR,AFR,Africa,YEAR,2006,,,,,,,,,49 [23-86],49,23,86,,2025-11-11T16:20:50Z,2006,2006-01-01,2006-12-31
3468292,TB_1,COUNTRY,MNG,WPR,Western Pacific,YEAR,2020,,,,,,,,,28 [17-55],28,17,55,,2025-11-11T16:20:50Z,2020,2020-01-01,2020-12-31
3469193,TB_1,COUNTRY,DOM,AMR,Americas,YEAR,2004,,,,,,,,,49 [40-60],49,40,60,,2025-11-11T16:20:50Z,2004,2004-01-01,2004-12-31
3469888,TB_1,COUNTRY,LVA,EUR,Europe,YEAR,2016,,,,,,,,,69 [58-85],69,58,85,,2025-11-11T16:20:50Z,2016,2016-01-01,2016-12-31
3470775,TB_1,COUNTRY,HUN,EUR,Europe,YEAR,2018,,,,,,,,,77 [64-95],77,64,95,,2025-11-11T16:20:50Z,2018,2018-01-01,2018-12-31
3471119,TB_1,COUNTRY,GAB,AFR,Africa,YEAR,2006,,,,,,,,,52 [26-87],52,26,87,,2025-11-11T16:20:50Z,2006,2006-01-01,2006-12-31
3471745,TB_1,COUNTRY,SYC,AFR,Africa,YEAR,2021,,,,,,,,,100 [83-120],100,83,120,,2025-11-11T16:20:50Z,2021,2021-01-01,2021-12-31
3472415,TB_1,COUNTRY,CIV,AFR,Africa,YEAR,2010,,,,,,,,,48 [23-83],48,23,83,,2025-11-11T16:20:50Z,2010,2010-01-01,2010-12-31
3476040,TB_1,COUNTRY,TLS,SEAR,South-East Asia,YEAR,2008,,,,,,,,,41 [17-76],41,17,76,,2025-11-11T16:20:50Z,2008,2008-01-01,2008-12-31
3479845,TB_1,COUNTRY,GNB,AFR,Africa,YEAR,2015,,,,,,,,,57 [28-97],57,28,97,,2025-11-11T16:20:50Z,2015,2015-01-01,2015-12-31
3480506,TB_1,COUNTRY,NLD,EUR,Europe,YEAR,2023,,,,,,,,,87 [75-100],87,75,100,,2025-11-11T16:20:50Z,2023,2023-01-01,2023-12-31
3482150,TB_1,COUNTRY,SVN,EUR,Europe,YEAR,2019,,,,,,,,,85 [70-100],85,70,100,,2025-11-11T16:20:50Z,2019,2019-01-01,2019-12-31
3484283,TB_1,COUNTRY,MNG,WPR,Western Pacific,YEAR,2015,,,,,,,,,37 [22-71],37,22,71,,2025-11-11T16:20:50Z,2015,2015-01-01,2015-12-31
3486036,TB_1,COUNTRY,ISR,EUR,Europe,YEAR,2005,,,,,,,,,75 [62-92],75,62,92,,2025-11-11T16:20:50Z,2005,2005-01-01,2005-12-31
3486451,TB_1,COUNTRY,HND,AMR,Americas,YEAR,2013,,,,,,,,,61 [50-74],61,50,74,,2025-11-11T16:20:50Z,2013,2013-01-01,2013-12-31
3487021,TB_1,COUNTRY,SVK,EUR,Europe,YEAR,2003,,,,,,,,,65 [54-80],65,54,80,,2025-11-11T16:20:50Z,2003,2003-01-01,2003-12-31
3488859,TB_1,COUNTRY,RWA,AFR,Africa,YEAR,2007,,,,,,,,,75 [60-96],75,60,96,,2025-11-11T16:20:50Z,2007,2007-01-01,2007-12-31
3490620,TB_1,COUNTRY,CYP,EUR,Europe,YEAR,2013,,,,,,,,,73 [61-90],73,61,90,,2025-11-11T16:20:50Z,2013,2013-01-01,2013-12-31
3493919,TB_1,COUNTRY,IRL,EUR,Europe,YEAR,2009,,,,,,,,,76 [63-93],76,63,93,,2025-11-11T16:20:50Z,2009,2009-01-01,2009-12-31
3493942,TB_1,COUNTRY,ALB,EUR,Europe,YEAR,2024,,,,,,,,,57 [46-72],57,46,72,,2025-11-11T16:20:50Z,2024,2024-01-01,2024-12-31
3496704,TB_1,COUNTRY,SSD,AFR,Africa,YEAR,2012,,,,,,,,,19 [10-31],19,10,31,,2025-11-11T16:20:50Z,2012,2012-01-01,2012-12-31
3498541,TB_1,COUNTRY,BGR,EUR,Europe,YEAR,2018,,,,,,,,,73 [60-89],73,60,89,,2025-11-11T16:20:50Z,2018,2018-01-01,2018-12-31
3499019,TB_1,COUNTRY,PNG,WPR,Western Pacific,YEAR,2013,,,,,,,,,47 [21-84],47,21,84,,2025-11-11T16:20:50Z,2013,2013-01-01,2013-12-31
3499422,TB_1,WORLDBANKINCOMEGROUP,WB_LMI,,,YEAR,2009,,,,,,,,,41 [29-62],41,29,62,,2025-11-11T16:20:50Z,2009,2009-01-01,2009-12-31
3499478,TB_1,COUNTRY,MMR,SEAR,South-East Asia,YEAR,2010,,,,,,,,,54 [29-130],54,29,130,,2025-11-11T16:20:50Z,2010,2010-01-01,2010-12-31
3500205,TB_1,COUNTRY,SLB,WPR,Western Pacific,YEAR,2016,,,,,,,,,43 [36-53],43,36,53,,2025-11-11T16:20:50Z,2016,2016-01-01,2016-12-31
3501701,TB_1,COUNTRY,BRB,AMR,Americas,YEAR,2016,,,,,,,,,100 [83-120],100,83,120,,2025-11-11T16:20:50Z,2016,2016-01-01,2016-12-31
3501733,TB_1,COUNTRY,TJK,EUR,Europe,YEAR,2017,,,,,,,,,69 [57-85],69,57,85,,2025-11-11T16:20:50Z,2017,2017-01-01,2017-12-31
3502065,TB_1,COUNTRY,USA,AMR,Americas,YEAR,2020,,,,,,,,,86 [71-110],86,71,110,,2025-11-11T16:20:50Z,2020,2020-01-01,2020-12-31
3502446,TB_1,COUNTRY,KNA,AMR,Americas,YEAR,2012,,,,,,,,,100 [83-120],100,83,120,,2025-11-11T16:20:50Z,2012,2012-01-01,2012-12-31
3503496,TB_1,COUNTRY,COM,AFR,Africa,YEAR,2020,,,,,,,,,56 [29-91],56,29,91,,2025-11-11T16:20:50Z,2020,2020-01-01,2020-12-31
3503600,TB_1,COUNTRY,COK,WPR,Western Pacific,YEAR,2023,,,,,,,,,100 [83-120],100,83,120,,2025-11-11T16:20:50Z,2023,2023-01-01,2023-12-31
3504406,TB_1,COUNTRY,GNQ,AFR,Africa,YEAR,2020,,,,,,,,,40 [21-66],40,21,66,,2025-11-11T16:20:50Z,2020,2020-01-01,2020-12-31
3506974,TB_1,COUNTRY,MOZ,AFR,Africa,YEAR,2002,,,,,,,,,40 [28-62],40,28,62,,2025-11-11T16:20:50Z,2002,2002-01-01,2002-12-31
3511263,TB_1,COUNTRY,MAR,EMR,Eastern Mediterranean,YEAR,2008,,,,,,,,,89 [74-110],89,74,110,,2025-11-11T16:20:50Z,2008,2008-01-01,2008-12-31
3511462,TB_1,COUNTRY,SLB,WPR,Western Pacific,YEAR,2002,,,,,,,,,25 [21-31],25,21,31,,2025-11-11T16:20:50Z,2002,2002-01-01,2002-12-31
3515612,TB_1,COUNTRY,VUT,WPR,Western Pacific,YEAR,2018,,,,,,,,,52 [26-87],52,26,87,,2025-11-11T16:20:50Z,2018,2018-01-01,2018-12-31
3523921,TB_1,COUNTRY,NLD,EUR,Europe,YEAR,2001,,,,,,,,,87 [75-100],87,75,100,,2025-11-11T16:20:50Z,2001,2001-01-01,2001-12-31
3526967,TB_1,COUNTRY,CAN,AMR,Americas,YEAR,2024,,,,,,,,,100 [85-130],100,85,130,,2025-11-11T16:20:50Z,2024,2024-01-01,2024-12-31
3527012,TB_1,COUNTRY,DZA,AFR,Africa,YEAR,2004,,,,,,,,,56 [46-69],56,46,69,,2025-11-11T16:20:50Z,2004,2004-01-01,2004-12-31
3528266,TB_1,COUNTRY,ERI,AFR,Africa,YEAR,2002,,,,,,,,,24 [20-29],24,20,29,,2025-11-11T16:20:50Z,2002,2002-01-01,2002-12-31
3531591,TB_1,COUNTRY,SYR,EMR,Eastern Mediterranean,YEAR,2008,,,,,,,,,51 [42-63],51,42,63,,2025-11-11T16:20:50Z,2008,2008-01-01,2008-12-31
3532978,TB_1,REGION,WPR,,,YEAR,2015,,,,,,,,,60 [53-69],60,53,69,,2025-11-11T16:20:50Z,2015,2015-01-01,2015-12-31
3533189,TB_1,COUNTRY,ROU,EUR,Europe,YEAR,2021,,,,,,,,,59 [49-73],59,49,73,,2025-11-11T16:20:50Z,2021,2021-01-01,2021-12-31
3534133,TB_1,COUNTRY,KGZ,EUR,Europe,YEAR,2001,,,,,,,,,43 [36-53],43,36,53,,2025-11-11T16:20:50Z,2001,2001-01-01,2001-12-31
3534900,TB_1,COUNTRY,CAN,AMR,Americas,YEAR,2021,,,,,,,,,91 [76-110],91,76,110,,2025-11-11T16:20:50Z,2021,2021-01-01,2021-12-31
3540255,TB_1,COUNTRY,MNG,WPR,Western Pacific,YEAR,2018,,,,,,,,,29 [17-56],29,17,56,,2025-11-11T16:20:50Z,2018,2018-01-01,2018-12-31
3540851,TB_1,COUNTRY,CPV,AFR,Africa,YEAR,2021,,,,,,,,,71 [59-88],71,59,88,,2025-11-11T16:20:50Z,2021,2021-01-01,2021-12-31
3542006,TB_1,COUNTRY,CMR,AFR,Africa,YEAR,2021,,,,,,,,,55 [29-90],55,29,90,,2025-11-11T16:20:50Z,2021,2021-01-01,2021-12-31
3544863,TB_1,COUNTRY,IRL,EUR,Europe,YEAR,2008,,,,,,,,,76 [63-93],76,63,93,,2025-11-11T16:20:50Z,2008,2008-01-01,2008-12-31
3550130,TB_1,COUNTRY,BFA,AFR,Africa,YEAR,2004,,,,,,,,,25 [13-41],25,13,41,,2025-11-11T16:20:50Z,2004,2004-01-01,2004-12-31
3551787,TB_1,COUNTRY,WSM,WPR,Western Pacific,YEAR,2018,,,,,,,,,100 [83-120],100,83,120,,2025-11-11T16:20:50Z,2018,2018-01-01,2018-12-31
3553008,TB_1,COUNTRY,POL,EUR,Europe,YEAR,2017,,,,,,,,,81 [67-100],81,67,100,,2025-11-11T16:20:50Z,2017,2017-01-01,2017-12-31
3554449,TB_1,COUNTRY,BOL,AMR,Americas,YEAR,2021,,,,,,,,,62 [51-76],62,51,76,,2025-11-11T16:20:50Z,2021,2021-01-01,2021-12-31
3555817,TB_1,COUNTRY,SLV,AMR,Americas,YEAR,2010,,,,,,,,,71 [59-87],71,59,87,,2025-11-11T16:20:50Z,2010,2010-01-01,2010-12-31
3563723,TB_1,COUNTRY,MRT,AFR,Africa,YEAR,2012,,,,,,,,,58 [27-100],58,27,100,,2025-11-11T16:20:50Z,2012,2012-01-01,2012-12-31
3563804,TB_1,COUNTRY,JAM,AMR,Americas,YEAR,2012,,,,,,,,,66 [55-81],66,55,81,,2025-11-11T16:20:50Z,2012,2012-01-01,2012-12-31
3565385,TB_1,COUNTRY,POL,EUR,Europe,YEAR,2002,,,,,,,,,64 [53-79],64,53,79,,2025-11-11T16:20:50Z,2002,2002-01-01,2002-12-31
3566019,TB_1,COUNTRY,LBY,EMR,Eastern Mediterranean,YEAR,2019,,,,,,,,,80 [42-130],80,42,130,,2025-11-11T16:20:50Z,2019,2019-01-01,2019-12-31
3566908,TB_1,COUNTRY,MOZ,AFR,Africa,YEAR,2023,,,,,,,,,96 [64-160],96,64,160,,2025-11-11T16:20:50Z,2023,2023-01-01,2023-12-31
3567441,TB_1,COUNTRY,MWI,AFR,Africa,YEAR,2009,,,,,,,,,44 [17-310],44,17,310,,2025-11-11T16:20:50Z,2009,2009-01-01,2009-12-31
3568891,TB_1,COUNTRY,BLR,EUR,Europe,YEAR,2008,,,,,,,,,61 [50-75],61,50,75,,2025-11-11T16:20:50Z,2008,2008-01-01,2008-12-31
3572404,TB_1,COUNTRY,AZE,EUR,Europe,YEAR,2020,,,,,,,,,53 [43-65],53,43,65,,2025-11-11T16:20:50Z,2020,2020-01-01,2020-12-31
3575076,TB_1,COUNTRY,HND,AMR,Americas,YEAR,2005,,,,,,,,,48 [40-59],48,40,59,,2025-11-11T16:20:50Z,2005,2005-01-01,2005-12-31
3576818,TB_1,COUNTRY,BHS,AMR,Americas,YEAR,2013,,,,,,,,,73 [61-90],73,61,90,,2025-11-11T16:20:50Z,2013,2013-01-01,2013-12-31
3578892,TB_1,COUNTRY,LUX,EUR,Europe,YEAR,2005,,,,,,,,,74 [61-91],74,61,91,,2025-11-11T16:20:50Z,2005,2005-01-01,2005-12-31
3581465,TB_1,COUNTRY,MNG,WPR,Western Pacific,YEAR,2019,,,,,,,,,31 [19-60],31,19,60,,2025-11-11T16:20:50Z,2019,2019-01-01,2019-12-31
3581940,TB_1,COUNTRY,MDG,AFR,Africa,YEAR,2006,,,,,,,,,47 [20-86],47,20,86,,2025-11-11T16:20:50Z,2006,2006-01-01,2006-12-31
3585433,TB_1,COUNTRY,LBR,AFR,Africa,YEAR,2023,,,,,,,,,62 [33-100],62,33,100,,2025-11-11T16:20:50Z,2023,2023-01-01,2023-12-31
3592443,TB_1,COUNTRY,GMB,AFR,Africa,YEAR,2001,,,,,,,,,60 [44-88],60,44,88,,2025-11-11T16:20:50Z,2001,2001-01-01,2001-12-31
3594168,TB_1,COUNTRY,SEN,AFR,Africa,YEAR,2006,,,,,,,,,48 [22-84],48,22,84,,2025-11-11T16:20:50Z,2006,2006-01-01,2006-12-31
3594880,TB_1,COUNTRY,CRI,AMR,Americas,YEAR,2010,,,,,,,,,73 [61-90],73,61,90,,2025-11-11T16:20:50Z,2010,2010-01-01,2010-12-31
3594971,TB_1,COUNTRY,PSE,EMR,Eastern Mediterranean,YEAR,2024,,,,,,,,,70 [58-86],70,58,86,,2025-11-11T16:20:50Z,2024,2024-01-01,2024-12-31
3596386,TB_1,COUNTRY,VUT,WPR,Western Pacific,YEAR,2024,,,,,,,,,61 [28-110],61,28,110,,2025-11-11T16:20:50Z,2024,2024-01-01,2024-12-31
3600688,TB_1,COUNTRY,ARE,EMR,Eastern Mediterranean,YEAR,2013,,,,,,,,,64 [53-79],64,53,79,,2025-11-11T16:20:50Z,2013,2013-01-01,2013-12-31
3601997,TB_1,COUNTRY,GNQ,AFR,Africa,YEAR,2008,,,,,,,,,24 [12-40],24,12,40,,2025-11-11T16:20:50Z,2008,2008-01-01,2008-12-31
3610886,TB_1,COUNTRY,NRU,WPR,Western Pacific,YEAR,2023,,,,,,,,,100 [83-120],100,83,120,,2025-11-11T16:20:50Z,2023,2023-01-01,2023-12-31
3613987,TB_1,COUNTRY,RUS,EUR,Europe,YEAR,2020,,,,,,,,,83 [57-130],83,57,130,,2025-11-11T16:20:50Z,2020,2020-01-01,2020-12-31
3616668,TB_1,COUNTRY,KIR,WPR,Western Pacific,YEAR,2019,,,,,,,,,46 [38-57],46,38,57,,2025-11-11T16:20:50Z,2019,2019-01-01,2019-12-31
3622687,TB_1,COUNTRY,TGO,AFR,Africa,YEAR,2021,,,,,,,,,59 [31-95],59,31,95,,2025-11-11T16:20:50Z,2021,2021-01-01,2021-12-31
3624049,TB_1,COUNTRY,GEO,EUR,Europe,YEAR,2003,,,,,,,,,63 [52-77],63,52,77,,2025-11-11T16:20:50Z,2003,2003-01-01,2003-12-31
3625945,TB_1,COUNTRY,KHM,WPR,Western Pacific,YEAR,2008,,,,,,,,,54 [40-74],54,40,74,,2025-11-11T16:20:50Z,2008,2008-01-01,2008-12-31
3628072,TB_1,COUNTRY,GBR,EUR,Europe,YEAR,2011,,,,,,,,,89 [83-96],89,83,96,,2025-11-11T16:20:50Z,2011,2011-01-01,2011-12-31
3631661,TB_1,REGION,EMR,,,YEAR,2002,,,,,,,,,26 [20-34],26,20,34,,2025-11-11T16:20:50Z,2002,2002-01-01,2002-12-31
3632439,TB_1,COUNTRY,TZA,AFR,Africa,YEAR,2010,,,,,,,,,32 [15-110],32,15,110,,2025-11-11T16:20:50Z,2010,2010-01-01,2010-12-31
3633862,TB_1,COUNTRY,BRA,AMR,Americas,YEAR,2009,,,,,,,,,92 [76-110],92,76,110,,2025-11-11T16:20:50Z,2009,2009-01-01,2009-12-31
3640701,TB_1,COUNTRY,GBR,EUR,Europe,YEAR,2009,,,,,,,,,89 [83-96],89,83,96,,2025-11-11T16:20:50Z,2009,2009-01-01,2009-12-31
3641653,TB_1,COUNTRY,MLI,AFR,Africa,YEAR,2021,,,,,,,,,60 [31-97],60,31,97,,2025-11-11T16:20:50Z,2021,2021-01-01,2021-12-31
3641884,TB_1,COUNTRY,CUB,AMR,Americas,YEAR,2020,,,,,,,,,84 [69-100],84,69,100,,2025-11-11T16:20:50Z,2020,2020-01-01,2020-12-31
3642665,TB_1,COUNTRY,LVA,EUR,Europe,YEAR,2013,,,,,,,,,64 [53-78],64,53,78,,2025-11-11T16:20:50Z,2013,2013-01-01,2013-12-31
3644542,TB_1,COUNTRY,FRA,EUR,Europe,YEAR,2011,,,,,,,,,83 [79-86],83,79,86,,2025-11-11T16:20:50Z,2011,2011-01-01,2011-12-31
3646939,TB_1,COUNTRY,LBR,AFR,Africa,YEAR,2020,,,,,,,,,56 [29-92],56,29,92,,2025-11-11T16:20:50Z,2020,2020-01-01,2020-12-31
3648245,TB_1,COUNTRY,CAF,AFR,Africa,YEAR,2012,,,,,,,,,33 [17-53],33,17,53,,2025-11-11T16:20:50Z,2012,2012-01-01,2012-12-31
3650226,TB_1,COUNTRY,VCT,AMR,Americas,YEAR,2012,,,,,,,,,100 [83-120],100,83,120,,2025-11-11T16:20:50Z,2012,2012-01-01,2012-12-31
3650425,TB_1,COUNTRY,SEN,AFR,Africa,YEAR,2005,,,,,,,,,47 [21-84],47,21,84,,2025-11-11T16:20:50Z,2005,2005-01-01,2005-12-31
3650887,TB_1,COUNTRY,FJI,WPR,Western Pacific,YEAR,2004,,,,,,,,,44 [37-54],44,37,54,,2025-11-11T16:20:50Z,2004,2004-01-01,2004-12-31
3658828,TB_1,COUNTRY,TGO,AFR,Africa,YEAR,2003,,,,,,,,,43 [18-78],43,18,78,,2025-11-11T16:20:50Z,2003,2003-01-01,2003-12-31
3659558,TB_1,COUNTRY,ARM,EUR,Europe,YEAR,2002,,,,,,,,,41 [34-50],41,34,50,,2025-11-11T16:20:50Z,2002,2002-01-01,2002-12-31
3659837,TB_1,COUNTRY,LBR,AFR,Africa,YEAR,2004,,,,,,,,,56 [24-100],56,24,100,,2025-11-11T16:20:50Z,2004,2004-01-01,2004-12-31
3660381,TB_1,COUNTRY,BRN,WPR,Western Pacific,YEAR,2014,,,,,,,,,72 [60-88],72,60,88,,2025-11-11T16:20:50Z,2014,2014-01-01,2014-12-31
3661243,TB_1,COUNTRY,GMB,AFR,Africa,YEAR,2019,,,,,,,,,68 [52-91],68,52,91,,2025-11-11T16:20:50Z,2019,2019-01-01,2019-12-31
3661495,TB_1,COUNTRY,LBR,AFR,Africa,YEAR,2003,,,,,,,,,37 [16-68],37,16,68,,2025-11-11T16:20:50Z,2003,2003-01-01,2003-12-31
3669209,TB_1,COUNTRY,ATG,AMR,Americas,YEAR,2013,,,,,,,,,100 [83-120],100,83,120,,2025-11-11T16:20:50Z,2013,2013-01-01,2013-12-31
3670880,TB_1,COUNTRY,MDA,EUR,Europe,YEAR,2012,,,,,,,,,99 [82-120],99,82,120,,2025-11-11T16:20:50Z,2012,2012-01-01,2012-12-31
3678188,TB_1,COUNTRY,SAU,EMR,Eastern Mediterranean,YEAR,2018,,,,,,,,,91 [82-100],91,82,100,,2025-11-11T16:20:50Z,2018,2018-01-01,2018-12-31
3679050,TB_1,REGION,EUR,,,YEAR,2021,,,,,,,,,71 [63-81],71,63,81,,2025-11-11T16:20:50Z,2021,2021-01-01,2021-12-31
3679656,TB_1,COUNTRY,ROU,EUR,Europe,YEAR,2008,,,,,,,,,71 [59-87],71,59,87,,2025-11-11T16:20:50Z,2008,2008-01-01,2008-12-31
3681841,TB_1,COUNTRY,LCA,AMR,Americas,YEAR,2017,,,,,,,,,100 [83-120],100,83,120,,2025-11-11T16:20:50Z,2017,2017-01-01,2017-12-31
3683389,TB_1,COUNTRY,NPL,SEAR,South-East Asia,YEAR,2013,,,,,,,,,43 [28-76],43,28,76,,2025-11-11T16:20:50Z,2013,2013-01-01,2013-12-31
3686048,TB_1,COUNTRY,TKM,EUR,Europe,YEAR,2024,,,,,,,,,76 [63-93],76,63,93,,2025-11-11T16:20:50Z,2024,2024-01-01,2024-12-31
3687264,TB_1,COUNTRY,STP,AFR,Africa,YEAR,2017,,,,,,,,,55 [45-67],55,45,67,,2025-11-11T16:20:50Z,2017,2017-01-01,2017-12-31
3688502,TB_1,COUNTRY,MDV,SEAR,South-East Asia,YEAR,2024,,,,,,,,,62 [51-76],62,51,76,,2025-11-11T16:20:50Z,2024,2024-01-01,2024-12-31
3694127,TB_1,REGION,AFR,,,YEAR,2006,,,,,,,,,42 [33-54],42,33,54,,2025-11-11T16:20:50Z,2006,2006-01-01,2006-12-31
3696421,TB_1,COUNTRY,DEU,EUR,Europe,YEAR,2012,,,,,,,,,91 [82-100],91,82,100,,2025-11-11T16:20:50Z,2012,2012-01-01,2012-12-31
3698274,TB_1,COUNTRY,CPV,AFR,Africa,YEAR,2002,,,,,,,,,40 [33-49],40,33,49,,2025-11-11T16:20:50Z,2002,2002-01-01,2002-12-31
3698639,TB_1,COUNTRY,THA,SEAR,South-East Asia,YEAR,2010,,,,,,,,,54 [34-99],54,34,99,,2025-11-11T16:20:50Z,2010,2010-01-01,2010-12-31
3700780,TB_1,COUNTRY,ISR,EUR,Europe,YEAR,2024,,,,,,,,,86 [71-110],86,71,110,,2025-11-11T16:20:50Z,2024,2024-01-01,2024-12-31
3703101,TB_1,COUNTRY,LBN,EMR,Eastern Mediterranean,YEAR,2012,,,,,,,,,66 [55-82],66,55,82,,2025-11-11T16:20:50Z,2012,2012-01-01,2012-12-31
3704613,TB_1,COUNTRY,GIN,AFR,Africa,YEAR,2010,,,,,,,,,56 [25-99],56,25,99,,2025-11-11T16:20:50Z,2010,2010-01-01,2010-12-31
3712136,TB_1,COUNTRY,SWE,EUR,Europe,YEAR,2024,,,,,,,,,86 [71-110],86,71,110,,2025-11-11T16:20:50Z,2024,2024-01-01,2024-12-31
3717662,TB_1,COUNTRY,MDV,SEAR,South-East Asia,YEAR,2010,,,,,,,,,54 [45-67],54,45,67,,2025-11-11T16:20:50Z,2010,2010-01-01,2010-12-31
3718217,TB_1,COUNTRY,TON,WPR,Western Pacific,YEAR,2001,,,,,,,,,100 [83-120],100,83,120,,2025-11-11T16:20:50Z,2001,2001-01-01,2001-12-31
3722362,TB_1,COUNTRY,MDG,AFR,Africa,YEAR,2022,,,,,,,,,68 [36-110],68,36,110,,2025-11-11T16:20:50Z,2022,2022-01-01,2022-12-31
3727834,TB_1,COUNTRY,LBY,EMR,Eastern Mediterranean,YEAR,2006,,,,,,,,,54 [27-89],54,27,89,,2025-11-11T16:20:50Z,2006,2006-01-01,2006-12-31
3728424,TB_1,COUNTRY,SOM,EMR,Eastern Mediterranean,YEAR,2014,,,,,,,,,51 [25-88],51,25,88,,2025-11-11T16:20:50Z,2014,2014-01-01,2014-12-31
3732896,TB_1,REGION,EMR,,,YEAR,2009,,,,,,,,,51 [39-69],51,39,69,,2025-11-11T16:20:50Z,2009,2009-01-01,2009-12-31
3733725,TB_1,COUNTRY,TZA,AFR,Africa,YEAR,2009,,,,,,,,,31 [14-110],31,14,110,,2025-11-11T16:20:50Z,2009,2009-01-01,2009-12-31
3735349,TB_1,COUNTRY,SYR,EMR,Eastern Mediterranean,YEAR,2024,,,,,,,,,62 [52-77],62,52,77,,2025-11-11T16:20:50Z,2024,2024-01-01,2024-12-31
3736387,TB_1,COUNTRY,JOR,EMR,Eastern Mediterranean,YEAR,2014,,,,,,,,,68 [57-84],68,57,84,,2025-11-11T16:20:50Z,2014,2014-01-01,2014-12-31
3737609,TB_1,COUNTRY,TTO,AMR,Americas,YEAR,2015,,,,,,,,,76 [63-94],76,63,94,,2025-11-11T16:20:50Z,2015,2015-01-01,2015-12-31
3738238,TB_1,COUNTRY,NER,AFR,Africa,YEAR,2006,,,,,,,,,47 [20-84],47,20,84,,2025-11-11T16:20:50Z,2006,2006-01-01,2006-12-31
3738285,TB_1,COUNTRY,SRB,EUR,Europe,YEAR,2016,,,,,,,,,71 [59-87],71,59,87,,2025-11-11T16:20:50Z,2016,2016-01-01,2016-12-31
3742613,TB_1,COUNTRY,GRC,EUR,Europe,YEAR,2002,,,,,,,,,69 [57-85],69,57,85,,2025-11-11T16:20:50Z,2002,2002-01-01,2002-12-31
3745986,TB_1,COUNTRY,SOM,EMR,Eastern Mediterranean,YEAR,2017,,,,,,,,,61 [31-100],61,31,100,,2025-11-11T16:20:50Z,2017,2017-01-01,2017-12-31
3747417,TB_1,REGION,AMR,,,YEAR,2008,,,,,,,,,65 [61-70],65,61,70,,2025-11-11T16:20:50Z,2008,2008-01-01,2008-12-31
3750426,TB_1,COUNTRY,DOM,AMR,Americas,YEAR,2011,,,,,,,,,68 [56-83],68,56,83,,2025-11-11T16:20:50Z,2011,2011-01-01,2011-12-31
3751143,TB_1,COUNTRY,DJI,EMR,Eastern Mediterranean,YEAR,2013,,,,,,,,,36 [30-44],36,30,44,,2025-11-11T16:20:50Z,2013,2013-01-01,2013-12-31
3751614,TB_1,COUNTRY,GNB,AFR,Africa,YEAR,2008,,,,,,,,,50 [23-89],50,23,89,,2025-11-11T16:20:50Z,2008,2008-01-01,2008-12-31
3753026,TB_1,COUNTRY,DNK,EUR,Europe,YEAR,2024,,,,,,,,,88 [73-110],88,73,110,,2025-11-11T16:20:50Z,2024,2024-01-01,2024-12-31
3754709,TB_1,COUNTRY,THA,SEAR,South-East Asia,YEAR,2020,,,,,,,,,83 [66-110],83,66,110,,2025-11-11T16:20:50Z,2020,2020-01-01,2020-12-31
3756802,TB_1,COUNTRY,VNM,WPR,Western Pacific,YEAR,2010,,,,,,,,,48 [29-93],48,29,93,,2025-11-11T16:20:50Z,2010,2010-01-01,2010-12-31
3759815,TB_1,COUNTRY,SLE,AFR,Africa,YEAR,2007,,,,,,,,,31 [16-51],31,16,51,,2025-11-11T16:20:50Z,2007,2007-01-01,2007-12-31
3761374,TB_1,COUNTRY,GMB,AFR,Africa,YEAR,2004,,,,,,,,,69 [55-89],69,55,89,,2025-11-11T16:20:50Z,2004,2004-01-01,2004-12-31
3761561,TB_1,COUNTRY,NZL,WPR,Western Pacific,YEAR,2005,,,,,,,,,78 [65-96],78,65,96,,2025-11-11T16:20:50Z,2005,2005-01-01,2005-12-31
3762426,TB_1,COUNTRY,VCT,AMR,Americas,YEAR,2020,,,,,,,,,100 [83-120],100,83,120,,2025-11-11T16:20:50Z,2020,2020-01-01,2020-12-31
3762730,TB_1,COUNTRY,MHL,WPR,Western Pacific,YEAR,2014,,,,,,,,,56 [46-69],56,46,69,,2025-11-11T16:20:50Z,2014,2014-01-01,2014-12-31
3767789,TB_1,COUNTRY,SLV,AMR,Americas,YEAR,2005,,,,,,,,,60 [50-74],60,50,74,,2025-11-11T16:20:50Z,2005,2005-01-01,2005-12-31
3768451,TB_1,COUNTRY,MUS,AFR,Africa,YEAR,2012,,,,,,,,,57 [48-70],57,48,70,,2025-11-11T16:20:50Z,2012,2012-01-01,2012-12-31
3771519,TB_1,COUNTRY,GRD,AMR,Americas,YEAR,2010,,,,,,,,,100 [83-120],100,83,120,,2025-11-11T16:20:50Z,2010,2010-01-01,2010-12-31
3772052,TB_1,COUNTRY,THA,SEAR,South-East Asia,YEAR,2023,,,,,,,,,75 [61-100],75,61,100,,2025-11-11T16:20:50Z,2023,2023-01-01,2023-12-31
3772131,TB_1,COUNTRY,LBN,EMR,Eastern Mediterranean,YEAR,2008,,,,,,,,,62 [52-77],62,52,77,,2025-11-11T16:20:50Z,2008,2008-01-01,2008-12-31
3774005,TB_1,COUNTRY,MMR,SEAR,South-East Asia,YEAR,2016,,,,,,,,,72 [47-120],72,47,120,,2025-11-11T16:20:50Z,2016,2016-01-01,2016-12-31
3774059,TB_1,COUNTRY,AZE,EUR,Europe,YEAR,2019,,,,,,,,,66 [55-81],66,55,81,,2025-11-11T16:20:50Z,2019,2019-01-01,2019-12-31
3774344,TB_1,COUNTRY,JOR,EMR,Eastern Mediterranean,YEAR,2021,,,,,,,,,41 [34-51],41,34,51,,2025-11-11T16:20:50Z,2021,2021-01-01,2021-12-31
3774353,TB_1,COUNTRY,SYC,AFR,Africa,YEAR,2017,,,,,,,,,100 [83-120],100,83,120,,2025-11-11T16:20:50Z,2017,2017-01-01,2017-12-31
3774795,TB_1,COUNTRY,BEL,EUR,Europe,YEAR,2006,,,,,,,,,80 [66-98],80,66,98,,2025-11-11T16:20:50Z,2006,2006-01-01,2006-12-31
3779518,TB_1,COUNTRY,UGA,AFR,Africa,YEAR,2017,,,,,,,,,57 [37-97],57,37,97,,2025-11-11T16:20:50Z,2017,2017-01-01,2017-12-31
3787290,TB_1,COUNTRY,MRT,AFR,Africa,YEAR,2023,,,,,,,,,70 [37-110],70,37,110,,2025-11-11T16:20:50Z,2023,2023-01-01,2023-12-31
3788713,TB_1,COUNTRY,BWA,AFR,Africa,YEAR,2019,,,,,,,,,43 [22-71],43,22,71,,2025-11-11T16:20:50Z,2019,2019-01-01,2019-12-31
3789407,TB_1,COUNTRY,MOZ,AFR,Africa,YEAR,2020,,,,,,,,,87 [58-140],87,58,140,,2025-11-11T16:20:50Z,2020,2020-01-01,2020-12-31
3793624,TB_1,COUNTRY,NIC,AMR,Americas,YEAR,2010,,,,,,,,,61 [51-75],61,51,75,,2025-11-11T16:20:50Z,2010,2010-01-01,2010-12-31
3794515,TB_1,COUNTRY,MLI,AFR,Africa,YEAR,2001,,,,,,,,,48 [18-92],48,18,92,,2025-11-11T16:20:50Z,2001,2001-01-01,2001-12-31
3794728,TB_1,COUNTRY,SLV,AMR,Americas,YEAR,2004,,,,,,,,,57 [47-70],57,47,70,,2025-11-11T16:20:50Z,2004,2004-01-01,2004-12-31
3796162,TB_1,COUNTRY,ESP,EUR,Europe,YEAR,2012,,,,,,,,,80 [67-99],80,67,99,,2025-11-11T16:20:50Z,2012,2012-01-01,2012-12-31
3799796,TB_1,COUNTRY,ARE,EMR,Eastern Mediterranean,YEAR,2007,,,,,,,,,56 [46-69],56,46,69,,2025-11-11T16:20:50Z,2007,2007-01-01,2007-12-31
3800270,TB_1,COUNTRY,GHA,AFR,Africa,YEAR,2008,,,,,,,,,30 [16-82],30,16,82,,2025-11-11T16:20:50Z,2008,2008-01-01,2008-12-31
3800485,TB_1,COUNTRY,RUS,EUR,Europe,YEAR,2003,,,,,,,,,100 [56-230],100,56,230,,2025-11-11T16:20:50Z,2003,2003-01-01,2003-12-31
3800934,TB_1,COUNTRY,NPL,SEAR,South-East Asia,YEAR,2017,,,,,,,,,44 [29-75],44,29,75,,2025-11-11T16:20:50Z,2017,2017-01-01,2017-12-31
3802135,TB_1,COUNTRY,JPN,WPR,Western Pacific,YEAR,2007,,,,,,,,,76 [63-93],76,63,93,,2025-11-11T16:20:50Z,2007,2007-01-01,2007-12-31
3803596,TB_1,COUNTRY,SEN,AFR,Africa,YEAR,2024,,,,,,,,,68 [35-110],68,35,110,,2025-11-11T16:20:50Z,2024,2024-01-01,2024-12-31
3804162,TB_1,COUNTRY,MYS,WPR,Western Pacific,YEAR,2024,,,,,,,,,77 [64-94],77,64,94,,2025-11-11T16:20:50Z,2024,2024-01-01,2024-12-31
3804318,TB_1,COUNTRY,CHN,WPR,Western Pacific,YEAR,2023,,,,,,,,,76 [63-94],76,63,94,,2025-11-11T16:20:50Z,2023,2023-01-01,2023-12-31
3805568,TB_1,COUNTRY,BIH,EUR,Europe,YEAR,2019,,,,,,,,,68 [57-84],68,57,84,,2025-11-11T16:20:50Z,2019,2019-01-01,2019-12-31
3806981,TB_1,COUNTRY,MHL,WPR,Western Pacific,YEAR,2024,,,,,,,,,60 [49-73],60,49,73,,2025-11-11T16:20:50Z,2024,2024-01-01,2024-12-31
3808114,TB_1,COUNTRY,LBR,AFR,Africa,YEAR,2015,,,,,,,,,43 [21-73],43,21,73,,2025-11-11T16:20:50Z,2015,2015-01-01,2015-12-31
3811240,TB_1,COUNTRY,IDN,WPR,Western Pacific,YEAR,2012,,,,,,,,,39 [35-43],39,35,43,,2025-11-11T16:20:50Z,2012,2012-01-01,2012-12-31
3816215,TB_1,COUNTRY,EGY,EMR,Eastern Mediterranean,YEAR,2016,,,,,,,,,63 [50-80],63,50,80,,2025-11-11T16:20:50Z,2016,2016-01-01,2016-12-31
3819473,TB_1,COUNTRY,RUS,EUR,Europe,YEAR,2023,,,,,,,,,100 [63-180],100,63,180,,2025-11-11T16:20:50Z,2023,2023-01-01,2023-12-31
3823039,TB_1,COUNTRY,RUS,EUR,Europe,YEAR,2007,,,,,,,,,99 [54-230],99,54,230,,2025-11-11T16:20:50Z,2007,2007-01-01,2007-12-31
3830621,TB_1,COUNTRY,CAN,AMR,Americas,YEAR,2009,,,,,,,,,80 [67-99],80,67,99,,2025-11-11T16:20:50Z,2009,2009-01-01,2009-12-31
3832700,TB_1,COUNTRY,PRT,EUR,Europe,YEAR,2002,,,,,,,,,72 [60-89],72,60,89,,2025-11-11T16:20:50Z,2002,2002-01-01,2002-12-31
3832820,TB_1,WORLDBANKINCOMEGROUP,WB_LI,,,YEAR,2009,,,,,,,,,45 [36-58],45,36,58,,2025-11-11T16:20:50Z,2009,2009-01-01,2009-12-31
3833801,TB_1,COUNTRY,NGA,AFR,Africa,YEAR,2003,,,,,,,,,15 [10-23],15,10,23,,2025-11-11T16:20:50Z,2003,2003-01-01,2003-12-31
3834840,TB_1,COUNTRY,RWA,AFR,Africa,YEAR,2013,,,,,,,,,74 [55-110],74,55,110,,2025-11-11T16:20:50Z,2013,2013-01-01,2013-12-31
3838561,TB_1,COUNTRY,SVN,EUR,Europe,YEAR,2008,,,,,,,,,73 [61-90],73,61,90,,2025-11-11T16:20:50Z,2008,2008-01-01,2008-12-31
3841006,TB_1,COUNTRY,TKM,EUR,Europe,YEAR,2017,,,,,,,,,72 [60-89],72,60,89,,2025-11-11T16:20:50Z,2017,2017-01-01,2017-12-31
3841342,TB_1,COUNTRY,EGY,EMR,Eastern Mediterranean,YEAR,2013,,,,,,,,,60 [48-76],60,48,76,,2025-11-11T16:20:50Z,2013,2013-01-01,2013-12-31
3842467,TB_1,COUNTRY,IRN,EMR,Eastern Mediterranean,YEAR,2019,,,,,,,,,72 [60-89],72,60,89,,2025-11-11T16:20:50Z,2019,2019-01-01,2019-12-31
3842914,TB_1,COUNTRY,CMR,AFR,Africa,YEAR,2005,,,,,,,,,49 [23-86],49,23,86,,2025-11-11T16:20:50Z,2005,2005-01-01,2005-12-31
3844592,TB_1,COUNTRY,IDN,WPR,Western Pacific,YEAR,2011,,,,,,,,,38 [34-42],38,34,42,,2025-11-11T16:20:50Z,2011,2011-01-01,2011-12-31
3847104,TB_1,COUNTRY,MAC,,,YEAR,2006,,,,,,,,,49 [40-60],49,40,60,,2025-11-11T16:20:50Z,2006,2006-01-01,2006-12-31
3850073,TB_1,COUNTRY,NIC,AMR,Americas,YEAR,2021,,,,,,,,,60 [49-73],60,49,73,,2025-11-11T16:20:50Z,2021,2021-01-01,2021-12-31
3856542,TB_1,COUNTRY,LAO,WPR,Western Pacific,YEAR,2024,,,,,,,,,91 [61-150],91,61,150,,2025-11-11T16:20:50Z,2024,2024-01-01,2024-12-31
3857167,TB_1,COUNTRY,HRV,EUR,Europe,YEAR,2016,,,,,,,,,78 [64-95],78,64,95,,2025-11-11T16:20:50Z,2016,2016-01-01,2016-12-31
3858632,TB_1,COUNTRY,CPV,AFR,Africa,YEAR,2010,,,,,,,,,60 [50-74],60,50,74,,2025-11-11T16:20:50Z,2010,2010-01-01,2010-12-31
3860050,TB_1,COUNTRY,HND,AMR,Americas,YEAR,2020,,,,,,,,,48 [40-59],48,40,59,,2025-11-11T16:20:50Z,2020,2020-01-01,2020-12-31
3861314,TB_1,COUNTRY,GNB,AFR,Africa,YEAR,2023,,,,,,,,,69 [36-110],69,36,110,,2025-11-11T16:20:50Z,2023,2023-01-01,2023-12-31
3865024,TB_1,COUNTRY,MEX,AMR,Americas,YEAR,2000,,,,,,,,,51 [42-62],51,42,62,,2025-11-11T16:20:50Z,2000,2000-01-01,2000-12-31
3868181,TB_1,COUNTRY,UKR,EUR,Europe,YEAR,2001,,,,,,,,,37 [30-45],37,30,45,,2025-11-11T16:20:50Z,2001,2001-01-01,2001-12-31
3869350,TB_1,COUNTRY,NAM,AFR,Africa,YEAR,2018,,,,,,,,,58 [43-83],58,43,83,,2025-11-11T16:20:50Z,2018,2018-01-01,2018-12-31
3870663,TB_1,COUNTRY,ARM,EUR,Europe,YEAR,2011,,,,,,,,,58 [48-71],58,48,71,,2025-11-11T16:20:50Z,2011,2011-01-01,2011-12-31
3879033,TB_1,COUNTRY,GRC,EUR,Europe,YEAR,2013,,,,,,,,,76 [63-93],76,63,93,,2025-11-11T16:20:50Z,2013,2013-01-01,2013-12-31
3882201,TB_1,COUNTRY,UGA,AFR,Africa,YEAR,2013,,,,,,,,,63 [45-97],63,45,97,,2025-11-11T16:20:50Z,2013,2013-01-01,2013-12-31
3886968,TB_1,COUNTRY,FRA,EUR,Europe,YEAR,2003,,,,,,,,,83 [79-86],83,79,86,,2025-11-11T16:20:50Z,2003,2003-01-01,2003-12-31
3887209,TB_1,COUNTRY,FSM,WPR,Western Pacific,YEAR,2001,,,,,,,,,30 [25-36],30,25,36,,2025-11-11T16:20:50Z,2001,2001-01-01,2001-12-31
3893656,TB_1,COUNTRY,IRL,EUR,Europe,YEAR,2010,,,,,,,,,76 [63-94],76,63,94,,2025-11-11T16:20:50Z,2010,2010-01-01,2010-12-31
3896222,TB_1,COUNTRY,AZE,EUR,Europe,YEAR,2011,,,,,,,,,48 [40-59],48,40,59,,2025-11-11T16:20:50Z,2011,2011-01-01,2011-12-31
3898064,TB_1,COUNTRY,GTM,AMR,Americas,YEAR,2017,,,,,,,,,89 [74-110],89,74,110,,2025-11-11T16:20:50Z,2017,2017-01-01,2017-12-31
3898106,TB_1,COUNTRY,AUT,EUR,Europe,YEAR,2015,,,,,,,,,84 [70-100],84,70,100,,2025-11-11T16:20:50Z,2015,2015-01-01,2015-12-31
3898361,TB_1,COUNTRY,GTM,AMR,Americas,YEAR,2003,,,,,,,,,89 [74-110],89,74,110,,2025-11-11T16:20:50Z,2003,2003-01-01,2003-12-31
3902291,TB_1,COUNTRY,NGA,AFR,Africa,YEAR,2024,,,,,,,,,79 [56-120],79,56,120,,2025-11-11T16:20:50Z,2024,2024-01-01,2024-12-31
3903339,TB_1,COUNTRY,SEN,AFR,Africa,YEAR,2011,,,,,,,,,47 [23-81],47,23,81,,2025-11-11T16:20:50Z,2011,2011-01-01,2011-12-31
3903621,TB_1,COUNTRY,CMR,AFR,Africa,YEAR,2008,,,,,,,,,47 [22-82],47,22,82,,2025-11-11T16:20:50Z,2008,2008-01-01,2008-12-31
3905976,TB_1,COUNTRY,SYR,EMR,Eastern Mediterranean,YEAR,2001,,,,,,,,,40 [33-49],40,33,49,,2025-11-11T16:20:50Z,2001,2001-01-01,2001-12-31
3906231,TB_1,COUNTRY,KIR,WPR,Western Pacific,YEAR,2000,,,,,,,,,22 [18-27],22,18,27,,2025-11-11T16:20:50Z,2000,2000-01-01,2000-12-31
3909657,TB_1,COUNTRY,IDN,WPR,Western Pacific,YEAR,2015,,,,,,,,,39 [36-43],39,36,43,,2025-11-11T16:20:50Z,2015,2015-01-01,2015-12-31
3910506,TB_1,COUNTRY,BTN,SEAR,South-East Asia,YEAR,2001,,,,,,,,,29 [24-36],29,24,36,,2025-11-11T16:20:50Z,2001,2001-01-01,2001-12-31
3910630,TB_1,COUNTRY,TON,WPR,Western Pacific,YEAR,2005,,,,,,,,,100 [83-120],100,83,120,,2025-11-11T16:20:50Z,2005,2005-01-01,2005-12-31
3910818,TB_1,COUNTRY,SVK,EUR,Europe,YEAR,2009,,,,,,,,,72 [60-89],72,60,89,,2025-11-11T16:20:50Z,2009,2009-01-01,2009-12-31
3911079,TB_1,COUNTRY,SWE,EUR,Europe,YEAR,2020,,,,,,,,,86 [71-110],86,71,110,,2025-11-11T16:20:50Z,2020,2020-01-01,2020-12-31
3913566,TB_1,REGION,EUR,,,YEAR,2002,,,,,,,,,66 [56-79],66,56,79,,2025-11-11T16:20:50Z,2002,2002-01-01,2002-12-31
3913746,TB_1,REGION,AMR,,,YEAR,2023,,,,,,,,,78 [71-86],78,71,86,,2025-11-11T16:20:50Z,2023,2023-01-01,2023-12-31
3916986,TB_1,COUNTRY,MAR,EMR,Eastern Mediterranean,YEAR,2006,,,,,,,,,89 [74-110],89,74,110,,2025-11-11T16:20:50Z,2006,2006-01-01,2006-12-31
3921220,TB_1,COUNTRY,FIN,EUR,Europe,YEAR,2023,,,,,,,,,86 [71-110],86,71,110,,2025-11-11T16:20:50Z,2023,2023-01-01,2023-12-31
3922365,TB_1,COUNTRY,GNQ,AFR,Africa,YEAR,2016,,,,,,,,,40 [21-66],40,21,66,,2025-11-11T16:20:50Z,2016,2016-01-01,2016-12-31
3923453,TB_1,COUNTRY,ARG,AMR,Americas,YEAR,2003,,,,,,,,,68 [57-84],68,57,84,,2025-11-11T16:20:50Z,2003,2003-01-01,2003-12-31
3923989,TB_1,COUNTRY,PAK,EMR,Eastern Mediterranean,YEAR,2012,,,,,,,,,47 [32-74],47,32,74,,2025-11-11T16:20:50Z,2012,2012-01-01,2012-12-31
3925703,TB_1,COUNTRY,TUR,EUR,Europe,YEAR,2021,,,,,,,,,67 [56-83],67,56,83,,2025-11-11T16:20:50Z,2021,2021-01-01,2021-12-31
3929585,TB_1,COUNTRY,NOR,EUR,Europe,YEAR,2019,,,,,,,,,87 [72-110],87,72,110,,2025-11-11T16:20:50Z,2019,2019-01-01,2019-12-31
3929894,TB_1,COUNTRY,GUY,AMR,Americas,YEAR,2008,,,,,,,,,60 [50-74],60,50,74,,2025-11-11T16:20:50Z,2008,2008-01-01,2008-12-31
3930530,TB_1,COUNTRY,SYR,EMR,Eastern Mediterranean,YEAR,2017,,,,,,,,,60 [49-73],60,49,73,,2025-11-11T16:20:50Z,2017,2017-01-01,2017-12-31
3931098,TB_1,COUNTRY,PLW,WPR,Western Pacific,YEAR,2021,,,,,,,,,100 [83-120],100,83,120,,2025-11-11T16:20:50Z,2021,2021-01-01,2021-12-31
3932122,TB_1,COUNTRY,NAM,AFR,Africa,YEAR,2016,,,,,,,,,60 [42-92],60,42,92,,2025-11-11T16:20:50Z,2016,2016-01-01,2016-12-31
3936107,TB_1,COUNTRY,BLZ,AMR,Americas,YEAR,2006,,,,,,,,,54 [45-66],54,45,66,,2025-11-11T16:20:50Z,2006,2006-01-01,2006-12-31
3940431,TB_1,COUNTRY,MYS,WPR,Western Pacific,YEAR,2011,,,,,,,,,66 [55-82],66,55,82,,2025-11-11T16:20:50Z,2011,2011-01-01,2011-12-31
3941407,TB_1,COUNTRY,BDI,AFR,Africa,YEAR,2023,,,,,,,,,68 [35-110],68,35,110,,2025-11-11T16:20:50Z,2023,2023-01-01,2023-12-31
3941430,TB_1,COUNTRY,DMA,AMR,Americas,YEAR,2016,,,,,,,,,100 [83-120],100,83,120,,2025-11-11T16:20:50Z,2016,2016-01-01,2016-12-31
3942527,TB_1,COUNTRY,TGO,AFR,Africa,YEAR,2002,,,,,,,,,44 [18-82],44,18,82,,2025-11-11T16:20:50Z,2002,2002-01-01,2002-12-31
3943183,TB_1,COUNTRY,CIV,AFR,Africa,YEAR,2015,,,,,,,,,55 [27-92],55,27,92,,2025-11-11T16:20:50Z,2015,2015-01-01,2015-12-31
3945496,TB_1,COUNTRY,MHL,WPR,Western Pacific,YEAR,2010,,,,,,,,,53 [44-65],53,44,65,,2025-11-11T16:20:50Z,2010,2010-01-01,2010-12-31
3947132,TB_1,COUNTRY,NOR,EUR,Europe,YEAR,2002,,,,,,,,,75 [62-92],75,62,92,,2025-11-11T16:20:50Z,2002,2002-01-01,2002-12-31
3951465,TB_1,COUNTRY,PRI,AMR,Americas,YEAR,2014,,,,,,,,,73 [60-90],73,60,90,,2025-11-11T16:20:50Z,2014,2014-01-01,2014-12-31
3953155,TB_1,COUNTRY,MNE,EUR,Europe,YEAR,2024,,,,,,,,,56 [45-70],56,45,70,,2025-11-11T16:20:50Z,2024,2024-01-01,2024-12-31
3955335,TB_1,COUNTRY,AUS,WPR,Western Pacific,YEAR,2007,,,,,,,,,82 [68-100],82,68,100,,2025-11-11T16:20:50Z,2007,2007-01-01,2007-12-31
3957690,TB_1,COUNTRY,VNM,WPR,Western Pacific,YEAR,2004,,,,,,,,,45 [24-110],45,24,110,,2025-11-11T16:20:50Z,2004,2004-01-01,2004-12-31
3960496,TB_1,COUNTRY,MDV,SEAR,South-East Asia,YEAR,2022,,,,,,,,,62 [51-76],62,51,76,,2025-11-11T16:20:50Z,2022,2022-01-01,2022-12-31
3962529,TB_1,COUNTRY,VEN,AMR,Americas,YEAR,2021,,,,,,,,,68 [56-84],68,56,84,,2025-11-11T16:20:50Z,2021,2021-01-01,2021-12-31
3964949,TB_1,COUNTRY,BFA,AFR,Africa,YEAR,2019,,,,,,,,,37 [19-61],37,19,61,,2025-11-11T16:20:50Z,2019,2019-01-01,2019-12-31
3965061,TB_1,COUNTRY,NER,AFR,Africa,YEAR,2009,,,,,,,,,49 [22-86],49,22,86,,2025-11-11T16:20:50Z,2009,2009-01-01,2009-12-31
3967891,TB_1,COUNTRY,AGO,AFR,Africa,YEAR,2000,,,,,,,,,37 [13-72],37,13,72,,2025-11-11T16:20:50Z,2000,2000-01-01,2000-12-31
3969006,TB_1,COUNTRY,RUS,EUR,Europe,YEAR,2016,,,,,,,,,100 [65-180],100,65,180,,2025-11-11T16:20:50Z,2016,2016-01-01,2016-12-31
3970461,TB_1,COUNTRY,AUS,WPR,Western Pacific,YEAR,2019,,,,,,,,,87 [72-110],87,72,110,,2025-11-11T16:20:50Z,2019,2019-01-01,2019-12-31
3970888,TB_1,COUNTRY,SYC,AFR,Africa,YEAR,2003,,,,,,,,,100 [83-120],100,83,120,,2025-11-11T16:20:50Z,2003,2003-01-01,2003-12-31
3972812,TB_1,COUNTRY,QAT,EMR,Eastern Mediterranean,YEAR,2012,,,,,,,,,66 [55-81],66,55,81,,2025-11-11T16:20:50Z,2012,2012-01-01,2012-12-31
3977016,TB_1,COUNTRY,BOL,AMR,Americas,YEAR,2023,,,,,,,,,72 [60-89],72,60,89,,2025-11-11T16:20:50Z,2023,2023-01-01,2023-12-31
3978671,TB_1,COUNTRY,ECU,AMR,Americas,YEAR,2001,,,,,,,,,45 [38-56],45,38,56,,2025-11-11T16:20:50Z,2001,2001-01-01,2001-12-31
3981136,TB_1,COUNTRY,SYC,AFR,Africa,YEAR,2012,,,,,,,,,100 [83-120],100,83,120,,2025-11-11T16:20:50Z,2012,2012-01-01,2012-12-31
3982970,TB_1,COUNTRY,BDI,AFR,Africa,YEAR,2009,,,,,,,,,51 [24-87],51,24,87,,2025-11-11T16:20:50Z,2009,2009-01-01,2009-12-31
3985681,TB_1,COUNTRY,CAN,AMR,Americas,YEAR,2018,,,,,,,,,90 [75-110],90,75,110,,2025-11-11T16:20:50Z,2018,2018-01-01,2018-12-31
3986125,TB_1,COUNTRY,AUT,EUR,Europe,YEAR,2006,,,,,,,,,77 [64-95],77,64,95,,2025-11-11T16:20:50Z,2006,2006-01-01,2006-12-31
3988766,TB_1,COUNTRY,TTO,AMR,Americas,YEAR,2017,,,,,,,,,76 [63-93],76,63,93,,2025-11-11T16:20:50Z,2017,2017-01-01,2017-12-31
3988864,TB_1,COUNTRY,NOR,EUR,Europe,YEAR,2003,,,,,,,,,77 [64-94],77,64,94,,2025-11-11T16:20:50Z,2003,2003-01-01,2003-12-31
3989130,TB_1,COUNTRY,JPN,WPR,Western Pacific,YEAR,2001,,,,,,,,,67 [56-83],67,56,83,,2025-11-11T16:20:50Z,2001,2001-01-01,2001-12-31
3990326,TB_1,COUNTRY,NIC,AMR,Americas,YEAR,2001,,,,,,,,,40 [33-49],40,33,49,,2025-11-11T16:20:50Z,2001,2001-01-01,2001-12-31
3991380,TB_1,COUNTRY,PAN,AMR,Americas,YEAR,2000,,,,,,,,,55 [46-68],55,46,68,,2025-11-11T16:20:50Z,2000,2000-01-01,2000-12-31
3992366,TB_1,COUNTRY,TLS,SEAR,South-East Asia,YEAR,2004,,,,,,,,,40 [7.5-93],40,7.5,93,,2025-11-11T16:20:50Z,2004,2004-01-01,2004-12-31
3998097,TB_1,COUNTRY,GMB,AFR,Africa,YEAR,2008,,,,,,,,,64 [48-89],64,48,89,,2025-11-11T16:20:50Z,2008,2008-01-01,2008-12-31
3999981,TB_1,COUNTRY,CPV,AFR,Africa,YEAR,2001,,,,,,,,,38 [31-46],38,31,46,,2025-11-11T16:20:50Z,2001,2001-01-01,2001-12-31
4000803,TB_1,COUNTRY,MRT,AFR,Africa,YEAR,2017,,,,,,,,,60 [30-99],60,30,99,,2025-11-11T16:20:50Z,2017,2017-01-01,2017-12-31
4000864,TB_1,COUNTRY,PRY,AMR,Americas,YEAR,2022,,,,,,,,,72 [60-88],72,60,88,,2025-11-11T16:20:50Z,2022,2022-01-01,2022-12-31
4002539,TB_1,COUNTRY,NER,AFR,Africa,YEAR,2018,,,,,,,,,57 [29-94],57,29,94,,2025-11-11T16:20:50Z,2018,2018-01-01,2018-12-31
4004043,TB_1,COUNTRY,GEO,EUR,Europe,YEAR,2010,,,,,,,,,69 [57-85],69,57,85,,2025-11-11T16:20:50Z,2010,2010-01-01,2010-12-31
4008503,TB_1,COUNTRY,NAM,AFR,Africa,YEAR,2005,,,,,,,,,61 [32-160],61,32,160,,2025-11-11T16:20:50Z,2005,2005-01-01,2005-12-31
4011869,TB_1,COUNTRY,PRT,EUR,Europe,YEAR,2001,,,,,,,,,71 [59-87],71,59,87,,2025-11-11T16:20:50Z,2001,2001-01-01,2001-12-31
4011875,TB_1,COUNTRY,BIH,EUR,Europe,YEAR,2022,,,,,,,,,64 [53-78],64,53,78,,2025-11-11T16:20:50Z,2022,2022-01-01,2022-12-31
4012586,TB_1,COUNTRY,AFG,EMR,Eastern Mediterranean,YEAR,2015,,,,,,,,,53 [27-88],53,27,88,,2025-11-11T16:20:50Z,2015,2015-01-01,2015-12-31
4014052,TB_1,COUNTRY,EGY,EMR,Eastern Mediterranean,YEAR,2002,,,,,,,,,74 [60-93],74,60,93,,2025-11-11T16:20:50Z,2002,2002-01-01,2002-12-31
4014809,TB_1,COUNTRY,ARG,AMR,Americas,YEAR,2017,,,,,,,,,78 [65-96],78,65,96,,2025-11-11T16:20:50Z,2017,2017-01-01,2017-12-31
4016484,TB_1,COUNTRY,SLE,AFR,Africa,YEAR,2023,,,,,,,,,68 [35-110],68,35,110,,2025-11-11T16:20:50Z,2023,2023-01-01,2023-12-31
4017576,TB_1,COUNTRY,MDG,AFR,Africa,YEAR,2003,,,,,,,,,47 [19-88],47,19,88,,2025-11-11T16:20:50Z,2003,2003-01-01,2003-12-31
4018146,TB_1,COUNTRY,TTO,AMR,Americas,YEAR,2003,,,,,,,,,54 [45-67],54,45,67,,2025-11-11T16:20:50Z,2003,2003-01-01,2003-12-31
4018780,TB_1,COUNTRY,AZE,EUR,Europe,YEAR,2010,,,,,,,,,45 [38-56],45,38,56,,2025-11-11T16:20:50Z,2010,2010-01-01,2010-12-31
4022275,TB_1,COUNTRY,MNE,EUR,Europe,YEAR,2021,,,,,,,,,77 [63-96],77,63,96,,2025-11-11T16:20:50Z,2021,2021-01-01,2021-12-31
4026887,TB_1,WORLDBANKINCOMEGROUP,WB_UMI,,,YEAR,2019,,,,,,,,,74 [68-81],74,68,81,,2025-11-11T16:20:50Z,2019,2019-01-01,2019-12-31
4027441,TB_1,COUNTRY,AND,EUR,Europe,YEAR,2015,,,,,,,,,100 [83-120],100,83,120,,2025-11-11T16:20:50Z,2015,2015-01-01,2015-12-31
4029947,TB_1,COUNTRY,TJK,EUR,Europe,YEAR,2011,,,,,,,,,57 [47-70],57,47,70,,2025-11-11T16:20:50Z,2011,2011-01-01,2011-12-31
4032411,TB_1,COUNTRY,COK,WPR,Western Pacific,YEAR,2008,,,,,,,,,100 [83-120],100,83,120,,2025-11-11T16:20:50Z,2008,2008-01-01,2008-12-31
4033569,TB_1,COUNTRY,CRI,AMR,Americas,YEAR,2017,,,,,,,,,81 [67-99],81,67,99,,2025-11-11T16:20:50Z,2017,2017-01-01,2017-12-31
4033841,TB_1,COUNTRY,VNM,WPR,Western Pacific,YEAR,2009,,,,,,,,,47 [28-94],47,28,94,,2025-11-11T16:20:50Z,2009,2009-01-01,2009-12-31
4037085,TB_1,COUNTRY,GBR,EUR,Europe,YEAR,2017,,,,,,,,,89 [83-96],89,83,96,,2025-11-11T16:20:50Z,2017,2017-01-01,2017-12-31
4039458,TB_1,COUNTRY,UKR,EUR,Europe,YEAR,2007,,,,,,,,,44 [36-54],44,36,54,,2025-11-11T16:20:50Z,2007,2007-01-01,2007-12-31
4041123,TB_1,COUNTRY,DNK,EUR,Europe,YEAR,2020,,,,,,,,,82 [68-100],82,68,100,,2025-11-11T16:20:50Z,2020,2020-01-01,2020-12-31
4043985,TB_1,COUNTRY,JAM,AMR,Americas,YEAR,2000,,,,,,,,,40 [33-49],40,33,49,,2025-11-11T16:20:50Z,2000,2000-01-01,2000-12-31
4047182,TB_1,COUNTRY,OMN,EMR,Eastern Mediterranean,YEAR,2002,,,,,,,,,57 [47-70],57,47,70,,2025-11-11T16:20:50Z,2002,2002-01-01,2002-12-31
4049915,TB_1,COUNTRY,DZA,AFR,Africa,YEAR,2019,,,,,,,,,74 [62-92],74,62,92,,2025-11-11T16:20:50Z,2019,2019-01-01,2019-12-31
4050872,TB_1,COUNTRY,MRT,AFR,Africa,YEAR,2010,,,,,,,,,50 [23-87],50,23,87,,2025-11-11T16:20:50Z,2010,2010-01-01,2010-12-31
4051681,TB_1,COUNTRY,RWA,AFR,Africa,YEAR,2004,,,,,,,,,48 [40-57],48,40,57,,2025-11-11T16:20:50Z,2004,2004-01-01,2004-12-31
4057099,TB_1,COUNTRY,AGO,AFR,Africa,YEAR,2012,,,,,,,,,45 [21-78],45,21,78,,2025-11-11T16:20:50Z,2012,2012-01-01,2012-12-31
4058664,TB_1,COUNTRY,GRC,EUR,Europe,YEAR,2023,,,,,,,,,81 [67-100],81,67,100,,2025-11-11T16:20:50Z,2023,2023-01-01,2023-12-31
4058855,TB_1,COUNTRY,MKD,EUR,Europe,YEAR,2023,,,,,,,,,75 [63-93],75,63,93,,2025-11-11T16:20:50Z,2023,2023-01-01,2023-12-31
4060385,TB_1,COUNTRY,PAN,AMR,Americas,YEAR,2016,,,,,,,,,74 [61-91],74,61,91,,2025-11-11T16:20:50Z,2016,2016-01-01,2016-12-31
4067486,TB_1,COUNTRY,GTM,AMR,Americas,YEAR,2020,,,,,,,,,89 [74-110],89,74,110,,2025-11-11T16:20:50Z,2020,2020-01-01,2020-12-31
4068054,TB_1,COUNTRY,MDA,EUR,Europe,YEAR,2016,,,,,,,,,99 [82-120],99,82,120,,2025-11-11T16:20:50Z,2016,2016-01-01,2016-12-31
4070434,TB_1,COUNTRY,PNG,WPR,Western Pacific,YEAR,2015,,,,,,,,,48 [22-84],48,22,84,,2025-11-11T16:20:50Z,2015,2015-01-01,2015-12-31
4071003,TB_1,COUNTRY,LBR,AFR,Africa,YEAR,2019,,,,,,,,,66 [34-110],66,34,110,,2025-11-11T16:20:50Z,2019,2019-01-01,2019-12-31
4071387,TB_1,COUNTRY,HUN,EUR,Europe,YEAR,2012,,,,,,,,,73 [60-89],73,60,89,,2025-11-11T16:20:50Z,2012,2012-01-01,2012-12-31
4072805,TB_1,COUNTRY,NGA,AFR,Africa,YEAR,2012,,,,,,,,,24 [17-37],24,17,37,,2025-11-11T16:20:50Z,2012,2012-01-01,2012-12-31
4073957,TB_1,COUNTRY,BWA,AFR,Africa,YEAR,2023,,,,,,,,,40 [21-66],40,21,66,,2025-11-11T16:20:50Z,2023,2023-01-01,2023-12-31
4074818,TB_1,COUNTRY,LBY,EMR,Eastern Mediterranean,YEAR,2000,,,,,,,,,43 [15-86],43,15,86,,2025-11-11T16:20:50Z,2000,2000-01-01,2000-12-31
4074973,TB_1,COUNTRY,TUN,EMR,Eastern Mediterranean,YEAR,2000,,,,,,,,,37 [30-45],37,30,45,,2025-11-11T16:20:50Z,2000,2000-01-01,2000-12-31
4074986,TB_1,COUNTRY,AGO,AFR,Africa,YEAR,2022,,,,,,,,,49 [34-75],49,34,75,,2025-11-11T16:20:50Z,2022,2022-01-01,2022-12-31
4075042,TB_1,COUNTRY,ARM,EUR,Europe,YEAR,2007,,,,,,,,,50 [41-61],50,41,61,,2025-11-11T16:20:50Z,2007,2007-01-01,2007-12-31
4075416,TB_1,COUNTRY,KOR,WPR,Western Pacific,YEAR,2020,,,,,,,,,94 [87-100],94,87,100,,2025-11-11T16:20:50Z,2020,2020-01-01,2020-12-31
4078445,TB_1,COUNTRY,USA,AMR,Americas,YEAR,2021,,,,,,,,,86 [71-110],86,71,110,,2025-11-11T16:20:50Z,2021,2021-01-01,2021-12-31
4079193,TB_1,COUNTRY,TCD,AFR,Africa,YEAR,2004,,,,,,,,,39 [15-73],39,15,73,,2025-11-11T16:20:50Z,2004,2004-01-01,2004-12-31
4081358,TB_1,COUNTRY,AUT,EUR,Europe,YEAR,2013,,,,,,,,,83 [69-100],83,69,100,,2025-11-11T16:20:50Z,2013,2013-01-01,2013-12-31
4082557,TB_1,COUNTRY,BGR,EUR,Europe,YEAR,2015,,,,,,,,,68 [56-84],68,56,84,,2025-11-11T16:20:50Z,2015,2015-01-01,2015-12-31
4083867,TB_1,COUNTRY,ESP,EUR,Europe,YEAR,2005,,,,,,,,,72 [60-89],72,60,89,,2025-11-11T16:20:50Z,2005,2005-01-01,2005-12-31
4084250,TB_1,REGION,AFR,,,YEAR,2016,,,,,,,,,46 [40-53],46,40,53,,2025-11-11T16:20:50Z,2016,2016-01-01,2016-12-31
4085441,TB_1,COUNTRY,ECU,AMR,Americas,YEAR,2004,,,,,,,,,50 [41-61],50,41,61,,2025-11-11T16:20:50Z,2004,2004-01-01,2004-12-31
4087386,TB_1,COUNTRY,CAF,AFR,Africa,YEAR,2005,,,,,,,,,12 [6.5-20],12,6.5,20,,2025-11-11T16:20:50Z,2005,2005-01-01,2005-12-31
4087872,TB_1,COUNTRY,CHE,EUR,Europe,YEAR,2011,,,,,,,,,82 [68-100],82,68,100,,2025-11-11T16:20:50Z,2011,2011-01-01,2011-12-31
4090314,TB_1,COUNTRY,GMB,AFR,Africa,YEAR,2010,,,,,,,,,58 [39-95],58,39,95,,2025-11-11T16:20:50Z,2010,2010-01-01,2010-12-31
4090533,TB_1,COUNTRY,ATG,AMR,Americas,YEAR,2020,,,,,,,,,100 [83-120],100,83,120,,2025-11-11T16:20:50Z,2020,2020-01-01,2020-12-31
4090681,TB_1,COUNTRY,PRI,AMR,Americas,YEAR,2007,,,,,,,,,63 [52-77],63,52,77,,2025-11-11T16:20:50Z,2007,2007-01-01,2007-12-31
4091724,TB_1,COUNTRY,SRB,EUR,Europe,YEAR,2007,,,,,,,,,61 [51-75],61,51,75,,2025-11-11T16:20:50Z,2007,2007-01-01,2007-12-31
4091898,TB_1,COUNTRY,LCA,AMR,Americas,YEAR,2021,,,,,,,,,100 [83-120],100,83,120,,2025-11-11T16:20:50Z,2021,2021-01-01,2021-12-31
4093529,TB_1,COUNTRY,BLR,EUR,Europe,YEAR,2014,,,,,,,,,72 [60-89],72,60,89,,2025-11-11T16:20:50Z,2014,2014-01-01,2014-12-31
4097891,TB_1,COUNTRY,GNB,AFR,Africa,YEAR,2024,,,,,,,,,70 [37-110],70,37,110,,2025-11-11T16:20:50Z,2024,2024-01-01,2024-12-31
4098189,TB_1,COUNTRY,SGP,WPR,Western Pacific,YEAR,2016,,,,,,,,,87 [72-110],87,72,110,,2025-11-11T16:20:50Z,2016,2016-01-01,2016-12-31
4099329,TB_1,COUNTRY,TZA,AFR,Africa,YEAR,2022,,,,,,,,,79 [43-190],79,43,190,,2025-11-11T16:20:50Z,2022,2022-01-01,2022-12-31
4099856,TB_1,COUNTRY,QAT,EMR,Eastern Mediterranean,YEAR,2002,,,,,,,,,44 [37-54],44,37,54,,2025-11-11T16:20:50Z,2002,2002-01-01,2002-12-31
4101050,TB_1,COUNTRY,CPV,AFR,Africa,YEAR,2020,,,,,,,,,70 [58-87],70,58,87,,2025-11-11T16:20:50Z,2020,2020-01-01,2020-12-31
4104474,TB_1,COUNTRY,MYS,WPR,Western Pacific,YEAR,2008,,,,,,,,,62 [52-77],62,52,77,,2025-11-11T16:20:50Z,2008,2008-01-01,2008-12-31
4105919,TB_1,COUNTRY,LAO,WPR,Western Pacific,YEAR,2018,,,,,,,,,57 [39-90],57,39,90,,2025-11-11T16:20:50Z,2018,2018-01-01,2018-12-31
4108350,TB_1,COUNTRY,ZAF,AFR,Africa,YEAR,2016,,,,,,,,,51 [35-84],51,35,84,,2025-11-11T16:20:50Z,2016,2016-01-01,2016-12-31
4109127,TB_1,COUNTRY,FIN,EUR,Europe,YEAR,2018,,,,,,,,,85 [70-100],85,70,100,,2025-11-11T16:20:50Z,2018,2018-01-01,2018-12-31
4111162,TB_1,COUNTRY,FIN,EUR,Europe,YEAR,2006,,,,,,,,,82 [68-100],82,68,100,,2025-11-11T16:20:50Z,2006,2006-01-01,2006-12-31
4112494,TB_1,COUNTRY,YEM,EMR,Eastern Mediterranean,YEAR,2005,,,,,,,,,74 [64-88],74,64,88,,2025-11-11T16:20:50Z,2005,2005-01-01,2005-12-31
4116707,TB_1,WORLDBANKINCOMEGROUP,WB_UMI,,,YEAR,2017,,,,,,,,,69 [63-76],69,63,76,,2025-11-11T16:20:50Z,2017,2017-01-01,2017-12-31
4116791,TB_1,COUNTRY,SYR,EMR,Eastern Mediterranean,YEAR,2015,,,,,,,,,57 [47-70],57,47,70,,2025-11-11T16:20:50Z,2015,2015-01-01,2015-12-31
4119324,TB_1,COUNTRY,LAO,WPR,Western Pacific,YEAR,2014,,,,,,,,,35 [23-60],35,23,60,,2025-11-11T16:20:50Z,2014,2014-01-01,2014-12-31
4130505,TB_1,COUNTRY,OMN,EMR,Eastern Mediterranean,YEAR,2010,,,,,,,,,65 [54-79],65,54,79,,2025-11-11T16:20:50Z,2010,2010-01-01,2010-12-31
4132734,TB_1,COUNTRY,ATG,AMR,Americas,YEAR,2010,,,,,,,,,100 [83-120],100,83,120,,2025-11-11T16:20:50Z,2010,2010-01-01,2010-12-31
4138227,TB_1,COUNTRY,MKD,EUR,Europe,YEAR,2003,,,,,,,,,53 [44-65],53,44,65,,2025-11-11T16:20:50Z,2003,2003-01-01,2003-12-31
4139020,TB_1,WORLDBANKINCOMEGROUP,WB_UMI,,,YEAR,2006,,,,,,,,,58 [49-70],58,49,70,,2025-11-11T16:20:50Z,2006,2006-01-01,2006-12-31
4141729,TB_1,WORLDBANKINCOMEGROUP,WB_UMI,,,YEAR,2024,,,,,,,,,76 [70-84],76,70,84,,2025-11-11T16:20:50Z,2024,2024-01-01,2024-12-31
4144442,TB_1,COUNTRY,NAM,AFR,Africa,YEAR,2001,,,,,,,,,64 [35-150],64,35,150,,2025-11-11T16:20:50Z,2001,2001-01-01,2001-12-31
4145407,TB_1,COUNTRY,MNE,EUR,Europe,YEAR,2008,,,,,,,,,62 [52-77],62,52,77,,2025-11-11T16:20:50Z,2008,2008-01-01,2008-12-31
4148162,TB_1,COUNTRY,KHM,WPR,Western Pacific,YEAR,2002,,,,,,,,,25 [18-35],25,18,35,,2025-11-11T16:20:50Z,2002,2002-01-01,2002-12-31
4151227,TB_1,COUNTRY,KWT,EMR,Eastern Mediterranean,YEAR,2018,,,,,,,,,77 [64-94],77,64,94,,2025-11-11T16:20:50Z,2018,2018-01-01,2018-12-31
4154240,TB_1,COUNTRY,UZB,EUR,Europe,YEAR,2010,,,,,,,,,58 [48-71],58,48,71,,2025-11-11T16:20:50Z,2010,2010-01-01,2010-12-31
4154769,TB_1,COUNTRY,TCD,AFR,Africa,YEAR,2017,,,,,,,,,52 [26-87],52,26,87,,2025-11-11T16:20:50Z,2017,2017-01-01,2017-12-31
4158286,TB_1,COUNTRY,ITA,EUR,Europe,YEAR,2022,,,,,,,,,85 [70-100],85,70,100,,2025-11-11T16:20:50Z,2022,2022-01-01,2022-12-31
4158538,TB_1,COUNTRY,GUY,AMR,Americas,YEAR,2015,,,,,,,,,74 [61-91],74,61,91,,2025-11-11T16:20:50Z,2015,2015-01-01,2015-12-31
4159350,TB_1,COUNTRY,USA,AMR,Americas,YEAR,2014,,,,,,,,,84 [70-100],84,70,100,,2025-11-11T16:20:50Z,2014,2014-01-01,2014-12-31
4160206,TB_1,COUNTRY,LBN,EMR,Eastern Mediterranean,YEAR,2014,,,,,,,,,68 [57-84],68,57,84,,2025-11-11T16:20:50Z,2014,2014-01-01,2014-12-31
4160994,TB_1,COUNTRY,TKM,EUR,Europe,YEAR,2018,,,,,,,,,73 [61-90],73,61,90,,2025-11-11T16:20:50Z,2018,2018-01-01,2018-12-31
4164770,TB_1,COUNTRY,GBR,EUR,Europe,YEAR,2015,,,,,,,,,89 [83-96],89,83,96,,2025-11-11T16:20:50Z,2015,2015-01-01,2015-12-31
4165937,TB_1,COUNTRY,TUR,EUR,Europe,YEAR,2008,,,,,,,,,61 [50-75],61,50,75,,2025-11-11T16:20:50Z,2008,2008-01-01,2008-12-31
4167315,TB_1,COUNTRY,TUN,EMR,Eastern Mediterranean,YEAR,2007,,,,,,,,,55 [45-67],55,45,67,,2025-11-11T16:20:50Z,2007,2007-01-01,2007-12-31
4167959,TB_1,COUNTRY,HKG,,,YEAR,2005,,,,,,,,,47 [39-58],47,39,58,,2025-11-11T16:20:50Z,2005,2005-01-01,2005-12-31
4177133,TB_1,COUNTRY,DZA,AFR,Africa,YEAR,2020,,,,,,,,,74 [62-92],74,62,92,,2025-11-11T16:20:50Z,2020,2020-01-01,2020-12-31
4177556,TB_1,COUNTRY,FJI,WPR,Western Pacific,YEAR,2002,,,,,,,,,40 [33-49],40,33,49,,2025-11-11T16:20:50Z,2002,2002-01-01,2002-12-31
4178738,TB_1,COUNTRY,BLR,EUR,Europe,YEAR,2015,,,,,,,,,74 [61-91],74,61,91,,2025-11-11T16:20:50Z,2015,2015-01-01,2015-12-31
4179075,TB_1,COUNTRY,SUR,AMR,Americas,YEAR,2019,,,,,,,,,71 [59-88],71,59,88,,2025-11-11T16:20:50Z,2019,2019-01-01,2019-12-31
4180250,TB_1,COUNTRY,SEN,AFR,Africa,YEAR,2014,,,,,,,,,56 [27-93],56,27,93,,2025-11-11T16:20:50Z,2014,2014-01-01,2014-12-31
4182635,TB_1,COUNTRY,ITA,EUR,Europe,YEAR,2002,,,,,,,,,70 [58-86],70,58,86,,2025-11-11T16:20:50Z,2002,2002-01-01,2002-12-31
4185485,TB_1,COUNTRY,MYS,WPR,Western Pacific,YEAR,2015,,,,,,,,,72 [60-89],72,60,89,,2025-11-11T16:20:50Z,2015,2015-01-01,2015-12-31
4187589,TB_1,COUNTRY,CAN,AMR,Americas,YEAR,2006,,,,,,,,,77 [64-95],77,64,95,,2025-11-11T16:20:50Z,2006,2006-01-01,2006-12-31
4187658,TB_1,COUNTRY,LTU,EUR,Europe,YEAR,2010,,,,,,,,,56 [47-69],56,47,69,,2025-11-11T16:20:50Z,2010,2010-01-01,2010-12-31
4195377,TB_1,COUNTRY,BIH,EUR,Europe,YEAR,2002,,,,,,,,,46 [38-57],46,38,57,,2025-11-11T16:20:50Z,2002,2002-01-01,2002-12-31
4195464,TB_1,COUNTRY,DMA,AMR,Americas,YEAR,2012,,,,,,,,,100 [83-120],100,83,120,,2025-11-11T16:20:50Z,2012,2012-01-01,2012-12-31
4197142,TB_1,COUNTRY,ISL,EUR,Europe,YEAR,2004,,,,,,,,,100 [83-120],100,83,120,,2025-11-11T16:20:50Z,2004,2004-01-01,2004-12-31
4197199,TB_1,WORLDBANKINCOMEGROUP,WB_LI,,,YEAR,2021,,,,,,,,,62 [50-80],62,50,80,,2025-11-11T16:20:50Z,2021,2021-01-01,2021-12-31
4197414,TB_1,COUNTRY,MAR,EMR,Eastern Mediterranean,YEAR,2005,,,,,,,,,89 [74-110],89,74,110,,2025-11-11T16:20:50Z,2005,2005-01-01,2005-12-31
4198746,TB_1,COUNTRY,SVK,EUR,Europe,YEAR,2024,,,,,,,,,69 [57-85],69,57,85,,2025-11-11T16:20:50Z,2024,2024-01-01,2024-12-31
4199441,TB_1,COUNTRY,ITA,EUR,Europe,YEAR,2004,,,,,,,,,73 [61-90],73,61,90,,2025-11-11T16:20:50Z,2004,2004-01-01,2004-12-31
4199582,TB_1,COUNTRY,TKM,EUR,Europe,YEAR,2011,,,,,,,,,65 [54-80],65,54,80,,2025-11-11T16:20:50Z,2011,2011-01-01,2011-12-31
4200722,TB_1,COUNTRY,DEU,EUR,Europe,YEAR,2016,,,,,,,,,91 [82-100],91,82,100,,2025-11-11T16:20:50Z,2016,2016-01-01,2016-12-31
4201004,TB_1,COUNTRY,PAN,AMR,Americas,YEAR,2002,,,,,,,,,58 [48-71],58,48,71,,2025-11-11T16:20:50Z,2002,2002-01-01,2002-12-31
4202173,TB_1,COUNTRY,CAF,AFR,Africa,YEAR,2020,,,,,,,,,55 [29-89],55,29,89,,2025-11-11T16:20:50Z,2020,2020-01-01,2020-12-31
4203147,TB_1,COUNTRY,CMR,AFR,Africa,YEAR,2017,,,,,,,,,54 [27-89],54,27,89,,2025-11-11T16:20:50Z,2017,2017-01-01,2017-12-31
4204437,TB_1,COUNTRY,EST,EUR,Europe,YEAR,2004,,,,,,,,,55 [46-68],55,46,68,,2025-11-11T16:20:50Z,2004,2004-01-01,2004-12-31
4205284,TB_1,COUNTRY,COL,AMR,Americas,YEAR,2018,,,,,,,,,79 [66-97],79,66,97,,2025-11-11T16:20:50Z,2018,2018-01-01,2018-12-31
4209956,TB_1,COUNTRY,KHM,WPR,Western Pacific,YEAR,2009,,,,,,,,,58 [43-79],58,43,79,,2025-11-11T16:20:50Z,2009,2009-01-01,2009-12-31
4213250,TB_1,COUNTRY,PRT,EUR,Europe,YEAR,2009,,,,,,,,,81 [67-100],81,67,100,,2025-11-11T16:20:50Z,2009,2009-01-01,2009-12-31
4214849,TB_1,COUNTRY,ROU,EUR,Europe,YEAR,2020,,,,,,,,,53 [44-65],53,44,65,,2025-11-11T16:20:50Z,2020,2020-01-01,2020-12-31
4218593,TB_1,COUNTRY,LAO,WPR,Western Pacific,YEAR,2016,,,,,,,,,41 [28-68],41,28,68,,2025-11-11T16:20:50Z,2016,2016-01-01,2016-12-31
4218666,TB_1,COUNTRY,HTI,AMR,Americas,YEAR,2020,,,,,,,,,45 [37-55],45,37,55,,2025-11-11T16:20:50Z,2020,2020-01-01,2020-12-31
4219585,TB_1,COUNTRY,PHL,WPR,Western Pacific,YEAR,2001,,,,,,,,,23 [14-43],23,14,43,,2025-11-11T16:20:50Z,2001,2001-01-01,2001-12-31
4220933,TB_1,COUNTRY,KOR,WPR,Western Pacific,YEAR,2009,,,,,,,,,94 [87-100],94,87,100,,2025-11-11T16:20:50Z,2009,2009-01-01,2009-12-31
4222766,TB_1,COUNTRY,SUR,AMR,Americas,YEAR,2000,,,,,,,,,38 [31-46],38,31,46,,2025-11-11T16:20:50Z,2000,2000-01-01,2000-12-31
4223327,TB_1,COUNTRY,LBY,EMR,Eastern Mediterranean,YEAR,2022,,,,,,,,,58 [28-98],58,28,98,,2025-11-11T16:20:50Z,2022,2022-01-01,2022-12-31
4223901,TB_1,COUNTRY,CRI,AMR,Americas,YEAR,2022,,,,,,,,,79 [64-99],79,64,99,,2025-11-11T16:20:50Z,2022,2022-01-01,2022-12-31
4225083,TB_1,COUNTRY,IRQ,EMR,Eastern Mediterranean,YEAR,2005,,,,,,,,,66 [54-82],66,54,82,,2025-11-11T16:20:50Z,2005,2005-01-01,2005-12-31
4225260,TB_1,REGION,EUR,,,YEAR,2006,,,,,,,,,69 [59-83],69,59,83,,2025-11-11T16:20:50Z,2006,2006-01-01,2006-12-31
4227034,TB_1,COUNTRY,FRA,EUR,Europe,YEAR,2016,,,,,,,,,83 [79-86],83,79,86,,2025-11-11T16:20:50Z,2016,2016-01-01,2016-12-31
4228018,TB_1,COUNTRY,TZA,AFR,Africa,YEAR,2021,,,,,,,,,66 [37-150],66,37,150,,2025-11-11T16:20:50Z,2021,2021-01-01,2021-12-31
4230418,TB_1,COUNTRY,NAM,AFR,Africa,YEAR,2015,,,,,,,,,63 [44-100],63,44,100,,2025-11-11T16:20:50Z,2015,2015-01-01,2015-12-31
4242283,TB_1,COUNTRY,TLS,SEAR,South-East Asia,YEAR,2017,,,,,,,,,72 [40-110],72,40,110,,2025-11-11T16:20:50Z,2017,2017-01-01,2017-12-31
4243217,TB_1,COUNTRY,CYP,EUR,Europe,YEAR,2019,,,,,,,,,81 [67-99],81,67,99,,2025-11-11T16:20:50Z,2019,2019-01-01,2019-12-31
4246457,TB_1,COUNTRY,TCD,AFR,Africa,YEAR,2023,,,,,,,,,68 [36-110],68,36,110,,2025-11-11T16:20:50Z,2023,2023-01-01,2023-12-31
4254966,TB_1,COUNTRY,MMR,SEAR,South-East Asia,YEAR,2001,,,,,,,,,17 [8.5-48],17,8.5,48,,2025-11-11T16:20:50Z,2001,2001-01-01,2001-12-31
4255315,TB_1,COUNTRY,GEO,EUR,Europe,YEAR,2011,,,,,,,,,71 [59-88],71,59,88,,2025-11-11T16:20:50Z,2011,2011-01-01,2011-12-31
4258231,TB_1,COUNTRY,DJI,EMR,Eastern Mediterranean,YEAR,2011,,,,,,,,,34 [28-42],34,28,42,,2025-11-11T16:20:50Z,2011,2011-01-01,2011-12-31
4259513,TB_1,COUNTRY,WSM,WPR,Western Pacific,YEAR,2016,,,,,,,,,100 [83-120],100,83,120,,2025-11-11T16:20:50Z,2016,2016-01-01,2016-12-31
4264723,TB_1,WORLDBANKINCOMEGROUP,WB_UMI,,,YEAR,2005,,,,,,,,,55 [47-65],55,47,65,,2025-11-11T16:20:50Z,2005,2005-01-01,2005-12-31
4265241,TB_1,COUNTRY,SAU,EMR,Eastern Mediterranean,YEAR,2008,,,,,,,,,91 [82-100],91,82,100,,2025-11-11T16:20:50Z,2008,2008-01-01,2008-12-31
4266546,TB_1,COUNTRY,SOM,EMR,Eastern Mediterranean,YEAR,2023,,,,,,,,,65 [32-110],65,32,110,,2025-11-11T16:20:50Z,2023,2023-01-01,2023-12-31
4269423,TB_1,COUNTRY,DMA,AMR,Americas,YEAR,2008,,,,,,,,,100 [83-120],100,83,120,,2025-11-11T16:20:50Z,2008,2008-01-01,2008-12-31
4272716,TB_1,COUNTRY,ARE,EMR,Eastern Mediterranean,YEAR,2024,,,,,,,,,82 [68-100],82,68,100,,2025-11-11T16:20:50Z,2024,2024-01-01,2024-12-31
4272973,TB_1,COUNTRY,PAN,AMR,Americas,YEAR,2022,,,,,,,,,77 [64-94],77,64,94,,2025-11-11T16:20:50Z,2022,2022-01-01,2022-12-31
4273309,TB_1,COUNTRY,CAN,AMR,Americas,YEAR,2019,,,,,,,,,90 [75-110],90,75,110,,2025-11-11T16:20:50Z,2019,2019-01-01,2019-12-31
4274293,TB_1,COUNTRY,DEU,EUR,Europe,YEAR,2005,,,,,,,,,91 [82-100],91,82,100,,2025-11-11T16:20:50Z,2005,2005-01-01,2005-12-31
4282192,TB_1,COUNTRY,TCD,AFR,Africa,YEAR,2011,,,,,,,,,50 [22-89],50,22,89,,2025-11-11T16:20:50Z,2011,2011-01-01,2011-12-31
4282823,TB_1,WORLDBANKINCOMEGROUP,WB_LI,,,YEAR,2005,,,,,,,,,39 [31-50],39,31,50,,2025-11-11T16:20:50Z,2005,2005-01-01,2005-12-31
4283038,TB_1,COUNTRY,FSM,WPR,Western Pacific,YEAR,2005,,,,,,,,,32 [27-40],32,27,40,,2025-11-11T16:20:50Z,2005,2005-01-01,2005-12-31
4285665,TB_1,COUNTRY,SLV,AMR,Americas,YEAR,2017,,,,,,,,,76 [63-94],76,63,94,,2025-11-11T16:20:50Z,2017,2017-01-01,2017-12-31
4293885,TB_1,COUNTRY,HTI,AMR,Americas,YEAR,2002,,,,,,,,,25 [20-30],25,20,30,,2025-11-11T16:20:50Z,2002,2002-01-01,2002-12-31
4295458,TB_1,COUNTRY,LBN,EMR,Eastern Mediterranean,YEAR,2002,,,,,,,,,51 [43-63],51,43,63,,2025-11-11T16:20:50Z,2002,2002-01-01,2002-12-31
4295669,TB_1,COUNTRY,TUR,EUR,Europe,YEAR,2012,,,,,,,,,67 [56-82],67,56,82,,2025-11-11T16:20:50Z,2012,2012-01-01,2012-12-31
4297431,TB_1,REGION,WPR,,,YEAR,2002,,,,,,,,,31 [27-36],31,27,36,,2025-11-11T16:20:50Z,2002,2002-01-01,2002-12-31
4297771,TB_1,COUNTRY,DEU,EUR,Europe,YEAR,2011,,,,,,,,,91 [82-100],91,82,100,,2025-11-11T16:20:50Z,2011,2011-01-01,2011-12-31
4297835,TB_1,COUNTRY,AND,EUR,Europe,YEAR,2003,,,,,,,,,100 [83-120],100,83,120,,2025-11-11T16:20:50Z,2003,2003-01-01,2003-12-31
4298677,TB_1,COUNTRY,QAT,EMR,Eastern Mediterranean,YEAR,2024,,,,,,,,,76 [63-93],76,63,93,,2025-11-11T16:20:50Z,2024,2024-01-01,2024-12-31
4299054,TB_1,COUNTRY,MDG,AFR,Africa,YEAR,2002,,,,,,,,,44 [17-84],44,17,84,,2025-11-11T16:20:50Z,2002,2002-01-01,2002-12-31
4303953,TB_1,COUNTRY,ISL,EUR,Europe,YEAR,2015,,,,,,,,,100 [83-120],100,83,120,,2025-11-11T16:20:50Z,2015,2015-01-01,2015-12-31
4304896,TB_1,COUNTRY,ATG,AMR,Americas,YEAR,2007,,,,,,,,,100 [83-120],100,83,120,,2025-11-11T16:20:50Z,2007,2007-01-01,2007-12-31
4308028,TB_1,COUNTRY,NRU,WPR,Western Pacific,YEAR,2000,,,,,,,,,100 [83-120],100,83,120,,2025-11-11T16:20:50Z,2000,2000-01-01,2000-12-31
4309391,TB_1,COUNTRY,UKR,EUR,Europe,YEAR,2020,,,,,,,,,53 [44-65],53,44,65,,2025-11-11T16:20:50Z,2020,2020-01-01,2020-12-31
4312704,TB_1,COUNTRY,UKR,EUR,Europe,YEAR,2006,,,,,,,,,44 [37-54],44,37,54,,2025-11-11T16:20:50Z,2006,2006-01-01,2006-12-31
4312842,TB_1,COUNTRY,COG,AFR,Africa,YEAR,2001,,,,,,,,,54 [21-100],54,21,100,,2025-11-11T16:20:50Z,2001,2001-01-01,2001-12-31
4313160,TB_1,COUNTRY,POL,EUR,Europe,YEAR,2003,,,,,,,,,66 [55-81],66,55,81,,2025-11-11T16:20:50Z,2003,2003-01-01,2003-12-31
4315880,TB_1,COUNTRY,IRL,EUR,Europe,YEAR,2019,,,,,,,,,81 [68-100],81,68,100,,2025-11-11T16:20:50Z,2019,2019-01-01,2019-12-31
4316529,TB_1,COUNTRY,LVA,EUR,Europe,YEAR,2009,,,,,,,,,58 [48-71],58,48,71,,2025-11-11T16:20:50Z,2009,2009-01-01,2009-12-31
4317002,TB_1,REGION,SEAR,,,YEAR,2008,,,,,,,,,40 [24-81],40,24,81,,2025-11-11T16:20:50Z,2008,2008-01-01,2008-12-31
4318237,TB_1,COUNTRY,MUS,AFR,Africa,YEAR,2024,,,,,,,,,65 [54-80],65,54,80,,2025-11-11T16:20:50Z,2024,2024-01-01,2024-12-31
4319380,TB_1,COUNTRY,HKG,,,YEAR,2007,,,,,,,,,51 [42-62],51,42,62,,2025-11-11T16:20:50Z,2007,2007-01-01,2007-12-31
4320040,TB_1,COUNTRY,DEU,EUR,Europe,YEAR,2006,,,,,,,,,91 [82-100],91,82,100,,2025-11-11T16:20:50Z,2006,2006-01-01,2006-12-31
4320723,TB_1,COUNTRY,BGR,EUR,Europe,YEAR,2002,,,,,,,,,53 [44-65],53,44,65,,2025-11-11T16:20:50Z,2002,2002-01-01,2002-12-31
4321604,TB_1,COUNTRY,MRT,AFR,Africa,YEAR,2007,,,,,,,,,54 [25-96],54,25,96,,2025-11-11T16:20:50Z,2007,2007-01-01,2007-12-31
4323202,TB_1,COUNTRY,TJK,EUR,Europe,YEAR,2001,,,,,,,,,34 [28-41],34,28,41,,2025-11-11T16:20:50Z,2001,2001-01-01,2001-12-31
4323695,TB_1,COUNTRY,CAF,AFR,Africa,YEAR,2009,,,,,,,,,34 [18-55],34,18,55,,2025-11-11T16:20:50Z,2009,2009-01-01,2009-12-31
4329402,TB_1,COUNTRY,BLR,EUR,Europe,YEAR,2023,,,,,,,,,89 [74-110],89,74,110,,2025-11-11T16:20:50Z,2023,2023-01-01,2023-12-31
4336199,TB_1,COUNTRY,THA,SEAR,South-East Asia,YEAR,2006,,,,,,,,,40 [21-110],40,21,110,,2025-11-11T16:20:50Z,2006,2006-01-01,2006-12-31
4338938,TB_1,COUNTRY,PHL,WPR,Western Pacific,YEAR,2002,,,,,,,,,25 [16-47],25,16,47,,2025-11-11T16:20:50Z,2002,2002-01-01,2002-12-31
4340892,TB_1,COUNTRY,BGR,EUR,Europe,YEAR,2019,,,,,,,,,74 [62-91],74,62,91,,2025-11-11T16:20:50Z,2019,2019-01-01,2019-12-31
4341252,TB_1,COUNTRY,HKG,,,YEAR,2008,,,,,,,,,53 [44-65],53,44,65,,2025-11-11T16:20:50Z,2008,2008-01-01,2008-12-31
4342730,TB_1,COUNTRY,EST,EUR,Europe,YEAR,2015,,,,,,,,,76 [63-93],76,63,93,,2025-11-11T16:20:50Z,2015,2015-01-01,2015-12-31
4344477,TB_1,COUNTRY,NZL,WPR,Western Pacific,YEAR,2011,,,,,,,,,82 [68-100],82,68,100,,2025-11-11T16:20:50Z,2011,2011-01-01,2011-12-31
4345258,TB_1,COUNTRY,BGD,SEAR,South-East Asia,YEAR,2006,,,,,,,,,45 [34-62],45,34,62,,2025-11-11T16:20:50Z,2006,2006-01-01,2006-12-31
4346259,TB_1,COUNTRY,ISL,EUR,Europe,YEAR,2022,,,,,,,,,100 [83-120],100,83,120,,2025-11-11T16:20:50Z,2022,2022-01-01,2022-12-31
4348236,TB_1,COUNTRY,KWT,EMR,Eastern Mediterranean,YEAR,2024,,,,,,,,,77 [64-95],77,64,95,,2025-11-11T16:20:50Z,2024,2024-01-01,2024-12-31
4351169,TB_1,COUNTRY,COM,AFR,Africa,YEAR,2001,,,,,,,,,52 [21-96],52,21,96,,2025-11-11T16:20:50Z,2001,2001-01-01,2001-12-31
4351314,TB_1,COUNTRY,ATG,AMR,Americas,YEAR,2022,,,,,,,,,100 [83-120],100,83,120,,2025-11-11T16:20:50Z,2022,2022-01-01,2022-12-31
4356476,TB_1,COUNTRY,PRY,AMR,Americas,YEAR,2017,,,,,,,,,72 [59-88],72,59,88,,2025-11-11T16:20:50Z,2017,2017-01-01,2017-12-31
4358707,TB_1,COUNTRY,CAF,AFR,Africa,YEAR,2015,,,,,,,,,45 [24-72],45,24,72,,2025-11-11T16:20:50Z,2015,2015-01-01,2015-12-31
4363207,TB_1,COUNTRY,COK,WPR,Western Pacific,YEAR,2014,,,,,,,,,100 [83-120],100,83,120,,2025-11-11T16:20:50Z,2014,2014-01-01,2014-12-31
4364617,TB_1,COUNTRY,ALB,EUR,Europe,YEAR,2016,,,,,,,,,89 [74-110],89,74,110,,2025-11-11T16:20:50Z,2016,2016-01-01,2016-12-31
4365247,TB_1,COUNTRY,MUS,AFR,Africa,YEAR,2008,,,,,,,,,50 [42-62],50,42,62,,2025-11-11T16:20:50Z,2008,2008-01-01,2008-12-31
4367274,TB_1,WORLDBANKINCOMEGROUP,WB_HI,,,YEAR,2007,,,,,,,,,85 [67-110],85,67,110,,2025-11-11T16:20:50Z,2007,2007-01-01,2007-12-31
4368659,TB_1,COUNTRY,TZA,AFR,Africa,YEAR,2006,,,,,,,,,29 [13-120],29,13,120,,2025-11-11T16:20:50Z,2006,2006-01-01,2006-12-31
4368677,TB_1,COUNTRY,CHL,AMR,Americas,YEAR,2001,,,,,,,,,62 [51-76],62,51,76,,2025-11-11T16:20:50Z,2001,2001-01-01,2001-12-31
4370203,TB_1,COUNTRY,COK,WPR,Western Pacific,YEAR,2009,,,,,,,,,100 [83-120],100,83,120,,2025-11-11T16:20:50Z,2009,2009-01-01,2009-12-31
4371897,TB_1,COUNTRY,SVN,EUR,Europe,YEAR,2018,,,,,,,,,84 [70-100],84,70,100,,2025-11-11T16:20:50Z,2018,2018-01-01,2018-12-31
4373472,TB_1,COUNTRY,MWI,AFR,Africa,YEAR,2017,,,,,,,,,57 [34-110],57,34,110,,2025-11-11T16:20:50Z,2017,2017-01-01,2017-12-31
4375137,TB_1,COUNTRY,BWA,AFR,Africa,YEAR,2012,,,,,,,,,61 [31-99],61,31,99,,2025-11-11T16:20:50Z,2012,2012-01-01,2012-12-31
4376579,TB_1,COUNTRY,VEN,AMR,Americas,YEAR,2010,,,,,,,,,65 [54-80],65,54,80,,2025-11-11T16:20:50Z,2010,2010-01-01,2010-12-31
4376822,TB_1,COUNTRY,VEN,AMR,Americas,YEAR,2002,,,,,,,,,47 [39-58],47,39,58,,2025-11-11T16:20:50Z,2002,2002-01-01,2002-12-31
4379141,TB_1,COUNTRY,SEN,AFR,Africa,YEAR,2009,,,,,,,,,50 [24-85],50,24,85,,2025-11-11T16:20:50Z,2009,2009-01-01,2009-12-31
4380740,TB_1,COUNTRY,CRI,AMR,Americas,YEAR,2019,,,,,,,,,82 [68-100],82,68,100,,2025-11-11T16:20:50Z,2019,2019-01-01,2019-12-31
4381214,TB_1,COUNTRY,NPL,SEAR,South-East Asia,YEAR,2023,,,,,,,,,54 [35-94],54,35,94,,2025-11-11T16:20:50Z,2023,2023-01-01,2023-12-31
4384312,TB_1,COUNTRY,ROU,EUR,Europe,YEAR,2017,,,,,,,,,77 [64-95],77,64,95,,2025-11-11T16:20:50Z,2017,2017-01-01,2017-12-31
4387132,TB_1,REGION,AFR,,,YEAR,2013,,,,,,,,,45 [38-54],45,38,54,,2025-11-11T16:20:50Z,2013,2013-01-01,2013-12-31
4389065,TB_1,COUNTRY,TZA,AFR,Africa,YEAR,2002,,,,,,,,,33 [14-160],33,14,160,,2025-11-11T16:20:50Z,2002,2002-01-01,2002-12-31
4391104,TB_1,COUNTRY,DEU,EUR,Europe,YEAR,2002,,,,,,,,,91 [82-100],91,82,100,,2025-11-11T16:20:50Z,2002,2002-01-01,2002-12-31
4391948,TB_1,COUNTRY,MHL,WPR,Western Pacific,YEAR,2020,,,,,,,,,59 [49-73],59,49,73,,2025-11-11T16:20:50Z,2020,2020-01-01,2020-12-31
4392870,TB_1,WORLDBANKINCOMEGROUP,WB_HI,,,YEAR,2000,,,,,,,,,78 [62-100],78,62,100,,2025-11-11T16:20:50Z,2000,2000-01-01,2000-12-31
4393090,TB_1,COUNTRY,VNM,WPR,Western Pacific,YEAR,2001,,,,,,,,,40 [20-120],40,20,120,,2025-11-11T16:20:50Z,2001,2001-01-01,2001-12-31
4393806,TB_1,COUNTRY,GNB,AFR,Africa,YEAR,2018,,,,,,,,,55 [28-90],55,28,90,,2025-11-11T16:20:50Z,2018,2018-01-01,2018-12-31
4394801,TB_1,COUNTRY,CAN,AMR,Americas,YEAR,2005,,,,,,,,,76 [63-94],76,63,94,,2025-11-11T16:20:50Z,2005,2005-01-01,2005-12-31
4395500,TB_1,COUNTRY,ECU,AMR,Americas,YEAR,2014,,,,,,,,,73 [60-89],73,60,89,,2025-11-11T16:20:50Z,2014,2014-01-01,2014-12-31
4398714,TB_1,COUNTRY,WSM,WPR,Western Pacific,YEAR,2005,,,,,,,,,100 [83-120],100,83,120,,2025-11-11T16:20:50Z,2005,2005-01-01,2005-12-31
4402417,TB_1,COUNTRY,LAO,WPR,Western Pacific,YEAR,2011,,,,,,,,,32 [20-59],32,20,59,,2025-11-11T16:20:50Z,2011,2011-01-01,2011-12-31
4405037,TB_1,COUNTRY,JPN,WPR,Western Pacific,YEAR,2017,,,,,,,,,83 [69-100],83,69,100,,2025-11-11T16:20:50Z,2017,2017-01-01,2017-12-31
4408765,TB_1,REGION,AMR,,,YEAR,2019,,,,,,,,,78 [73-85],78,73,85,,2025-11-11T16:20:50Z,2019,2019-01-01,2019-12-31
4409827,TB_1,COUNTRY,MYS,WPR,Western Pacific,YEAR,2020,,,,,,,,,68 [57-84],68,57,84,,2025-11-11T16:20:50Z,2020,2020-01-01,2020-12-31
4411106,TB_1,COUNTRY,PRT,EUR,Europe,YEAR,2022,,,,,,,,,88 [73-110],88,73,110,,2025-11-11T16:20:50Z,2022,2022-01-01,2022-12-31
4414526,TB_1,COUNTRY,GAB,AFR,Africa,YEAR,2020,,,,,,,,,51 [26-83],51,26,83,,2025-11-11T16:20:50Z,2020,2020-01-01,2020-12-31
4415195,TB_1,COUNTRY,JAM,AMR,Americas,YEAR,2015,,,,,,,,,71 [59-88],71,59,88,,2025-11-11T16:20:50Z,2015,2015-01-01,2015-12-31
4416638,TB_1,COUNTRY,COL,AMR,Americas,YEAR,2013,,,,,,,,,71 [59-87],71,59,87,,2025-11-11T16:20:50Z,2013,2013-01-01,2013-12-31
4417465,TB_1,COUNTRY,MAC,,,YEAR,2024,,,,,,,,,65 [54-80],65,54,80,,2025-11-11T16:20:50Z,2024,2024-01-01,2024-12-31
4420455,TB_1,COUNTRY,GMB,AFR,Africa,YEAR,2016,,,,,,,,,64 [49-89],64,49,89,,2025-11-11T16:20:50Z,2016,2016-01-01,2016-12-31
4421474,TB_1,COUNTRY,SVN,EUR,Europe,YEAR,2000,,,,,,,,,70 [58-86],70,58,86,,2025-11-11T16:20:50Z,2000,2000-01-01,2000-12-31
4423683,TB_1,COUNTRY,SLV,AMR,Americas,YEAR,2008,,,,,,,,,67 [55-82],67,55,82,,2025-11-11T16:20:50Z,2008,2008-01-01,2008-12-31
4424818,TB_1,COUNTRY,FRA,EUR,Europe,YEAR,2010,,,,,,,,,83 [79-86],83,79,86,,2025-11-11T16:20:50Z,2010,2010-01-01,2010-12-31
4425151,TB_1,COUNTRY,PRY,AMR,Americas,YEAR,2006,,,,,,,,,54 [45-67],54,45,67,,2025-11-11T16:20:50Z,2006,2006-01-01,2006-12-31
4425761,TB_1,COUNTRY,VNM,WPR,Western Pacific,YEAR,2006,,,,,,,,,46 [26-100],46,26,100,,2025-11-11T16:20:50Z,2006,2006-01-01,2006-12-31
4427613,TB_1,COUNTRY,AFG,EMR,Eastern Mediterranean,YEAR,2020,,,,,,,,,57 [30-95],57,30,95,,2025-11-11T16:20:50Z,2020,2020-01-01,2020-12-31
4427825,TB_1,COUNTRY,DNK,EUR,Europe,YEAR,2002,,,,,,,,,71 [59-88],71,59,88,,2025-11-11T16:20:50Z,2002,2002-01-01,2002-12-31
4432440,TB_1,COUNTRY,VUT,WPR,Western Pacific,YEAR,2005,,,,,,,,,22 [5.2-49],22,5.2,49,,2025-11-11T16:20:50Z,2005,2005-01-01,2005-12-31
4432653,TB_1,COUNTRY,LBR,AFR,Africa,YEAR,2017,,,,,,,,,59 [30-98],59,30,98,,2025-11-11T16:20:50Z,2017,2017-01-01,2017-12-31
4435407,TB_1,COUNTRY,PNG,WPR,Western Pacific,YEAR,2007,,,,,,,,,37 [20-77],37,20,77,,2025-11-11T16:20:50Z,2007,2007-01-01,2007-12-31
4438684,TB_1,COUNTRY,SVN,EUR,Europe,YEAR,2013,,,,,,,,,78 [65-96],78,65,96,,2025-11-11T16:20:50Z,2013,2013-01-01,2013-12-31
4444428,TB_1,COUNTRY,ZWE,AFR,Africa,YEAR,2018,,,,,,,,,80 [61-110],80,61,110,,2025-11-11T16:20:50Z,2018,2018-01-01,2018-12-31
4446654,TB_1,COUNTRY,NIC,AMR,Americas,YEAR,2023,,,,,,,,,70 [58-86],70,58,86,,2025-11-11T16:20:50Z,2023,2023-01-01,2023-12-31
4456897,TB_1,COUNTRY,MNG,WPR,Western Pacific,YEAR,2016,,,,,,,,,34 [21-66],34,21,66,,2025-11-11T16:20:50Z,2016,2016-01-01,2016-12-31
4458547,TB_1,COUNTRY,ARM,EUR,Europe,YEAR,2010,,,,,,,,,56 [46-69],56,46,69,,2025-11-11T16:20:50Z,2010,2010-01-01,2010-12-31
4459954,TB_1,COUNTRY,IDN,WPR,Western Pacific,YEAR,2019,,,,,,,,,66 [60-72],66,60,72,,2025-11-11T16:20:50Z,2019,2019-01-01,2019-12-31
4460962,TB_1,COUNTRY,VCT,AMR,Americas,YEAR,2017,,,,,,,,,100 [83-120],100,83,120,,2025-11-11T16:20:50Z,2017,2017-01-01,2017-12-31
4460978,TB_1,COUNTRY,GRC,EUR,Europe,YEAR,2007,,,,,,,,,72 [60-89],72,60,89,,2025-11-11T16:20:50Z,2007,2007-01-01,2007-12-31
4462577,TB_1,COUNTRY,DZA,AFR,Africa,YEAR,2006,,,,,,,,,59 [49-72],59,49,72,,2025-11-11T16:20:50Z,2006,2006-01-01,2006-12-31
4466172,TB_1,COUNTRY,UKR,EUR,Europe,YEAR,2017,,,,,,,,,67 [55-82],67,55,82,,2025-11-11T16:20:50Z,2017,2017-01-01,2017-12-31
4471901,TB_1,COUNTRY,OMN,EMR,Eastern Mediterranean,YEAR,2001,,,,,,,,,56 [47-69],56,47,69,,2025-11-11T16:20:50Z,2001,2001-01-01,2001-12-31
4472487,TB_1,COUNTRY,GRC,EUR,Europe,YEAR,2011,,,,,,,,,74 [62-91],74,62,91,,2025-11-11T16:20:50Z,2011,2011-01-01,2011-12-31
4473403,TB_1,COUNTRY,KOR,WPR,Western Pacific,YEAR,2017,,,,,,,,,94 [87-100],94,87,100,,2025-11-11T16:20:50Z,2017,2017-01-01,2017-12-31
4473939,TB_1,COUNTRY,LVA,EUR,Europe,YEAR,2010,,,,,,,,,60 [50-74],60,50,74,,2025-11-11T16:20:50Z,2010,2010-01-01,2010-12-31
4476193,TB_1,COUNTRY,FRA,EUR,Europe,YEAR,2005,,,,,,,,,83 [79-86],83,79,86,,2025-11-11T16:20:50Z,2005,2005-01-01,2005-12-31
4477348,TB_1,COUNTRY,POL,EUR,Europe,YEAR,2023,,,,,,,,,82 [68-100],82,68,100,,2025-11-11T16:20:50Z,2023,2023-01-01,2023-12-31
4477762,TB_1,COUNTRY,KHM,WPR,Western Pacific,YEAR,2011,,,,,,,,,63 [47-85],63,47,85,,2025-11-11T16:20:50Z,2011,2011-01-01,2011-12-31
4480341,TB_1,COUNTRY,USA,AMR,Americas,YEAR,2005,,,,,,,,,80 [66-98],80,66,98,,2025-11-11T16:20:50Z,2005,2005-01-01,2005-12-31
4485960,TB_1,COUNTRY,IRN,EMR,Eastern Mediterranean,YEAR,2010,,,,,,,,,47 [39-57],47,39,57,,2025-11-11T16:20:50Z,2010,2010-01-01,2010-12-31
4490276,TB_1,COUNTRY,MKD,EUR,Europe,YEAR,2014,,,,,,,,,69 [58-85],69,58,85,,2025-11-11T16:20:50Z,2014,2014-01-01,2014-12-31
4493317,TB_1,COUNTRY,ISR,EUR,Europe,YEAR,2003,,,,,,,,,73 [61-90],73,61,90,,2025-11-11T16:20:50Z,2003,2003-01-01,2003-12-31
4495846,TB_1,COUNTRY,ECU,AMR,Americas,YEAR,2003,,,,,,,,,48 [40-59],48,40,59,,2025-11-11T16:20:50Z,2003,2003-01-01,2003-12-31
4496067,TB_1,COUNTRY,MAC,,,YEAR,2001,,,,,,,,,43 [35-52],43,35,52,,2025-11-11T16:20:50Z,2001,2001-01-01,2001-12-31
4506612,TB_1,COUNTRY,CAN,AMR,Americas,YEAR,2017,,,,,,,,,90 [75-110],90,75,110,,2025-11-11T16:20:50Z,2017,2017-01-01,2017-12-31
4508859,TB_1,COUNTRY,EGY,EMR,Eastern Mediterranean,YEAR,2015,,,,,,,,,61 [49-78],61,49,78,,2025-11-11T16:20:50Z,2015,2015-01-01,2015-12-31
4509020,TB_1,COUNTRY,MLI,AFR,Africa,YEAR,2000,,,,,,,,,48 [17-94],48,17,94,,2025-11-11T16:20:50Z,2000,2000-01-01,2000-12-31
4510833,TB_1,COUNTRY,BHR,EMR,Eastern Mediterranean,YEAR,2000,,,,,,,,,54 [45-67],54,45,67,,2025-11-11T16:20:50Z,2000,2000-01-01,2000-12-31
4512143,TB_1,COUNTRY,STP,AFR,Africa,YEAR,2001,,,,,,,,,27 [23-34],27,23,34,,2025-11-11T16:20:50Z,2001,2001-01-01,2001-12-31
4513866,TB_1,COUNTRY,ROU,EUR,Europe,YEAR,2007,,,,,,,,,70 [58-86],70,58,86,,2025-11-11T16:20:50Z,2007,2007-01-01,2007-12-31
4514657,TB_1,COUNTRY,BTN,SEAR,South-East Asia,YEAR,2024,,,,,,,,,60 [49-73],60,49,73,,2025-11-11T16:20:50Z,2024,2024-01-01,2024-12-31
4515286,TB_1,COUNTRY,DNK,EUR,Europe,YEAR,2014,,,,,,,,,80 [66-98],80,66,98,,2025-11-11T16:20:50Z,2014,2014-01-01,2014-12-31
4516336,TB_1,COUNTRY,UKR,EUR,Europe,YEAR,2011,,,,,,,,,56 [47-69],56,47,69,,2025-11-11T16:20:50Z,2011,2011-01-01,2011-12-31
4521175,TB_1,COUNTRY,SEN,AFR,Africa,YEAR,2021,,,,,,,,,57 [30-93],57,30,93,,2025-11-11T16:20:50Z,2021,2021-01-01,2021-12-31
4523047,TB_1,COUNTRY,MEX,AMR,Americas,YEAR,2015,,,,,,,,,72 [60-88],72,60,88,,2025-11-11T16:20:50Z,2015,2015-01-01,2015-12-31
4526506,TB_1,COUNTRY,MKD,EUR,Europe,YEAR,2008,,,,,,,,,58 [48-72],58,48,72,,2025-11-11T16:20:50Z,2008,2008-01-01,2008-12-31
4527498,TB_1,COUNTRY,BRA,AMR,Americas,YEAR,2023,,,,,,,,,89 [72-110],89,72,110,,2025-11-11T16:20:50Z,2023,2023-01-01,2023-12-31
4527822,TB_1,COUNTRY,GMB,AFR,Africa,YEAR,2006,,,,,,,,,56 [37-95],56,37,95,,2025-11-11T16:20:50Z,2006,2006-01-01,2006-12-31
4529165,TB_1,COUNTRY,IRQ,EMR,Eastern Mediterranean,YEAR,2009,,,,,,,,,66 [54-82],66,54,82,,2025-11-11T16:20:50Z,2009,2009-01-01,2009-12-31
4531342,TB_1,COUNTRY,CIV,AFR,Africa,YEAR,2017,,,,,,,,,55 [28-91],55,28,91,,2025-11-11T16:20:50Z,2017,2017-01-01,2017-12-31
4533703,TB_1,COUNTRY,GUY,AMR,Americas,YEAR,2024,,,,,,,,,77 [64-95],77,64,95,,2025-11-11T16:20:50Z,2024,2024-01-01,2024-12-31
4536949,TB_1,REGION,SEAR,,,YEAR,2015,,,,,,,,,55 [46-68],55,46,68,,2025-11-11T16:20:50Z,2015,2015-01-01,2015-12-31
4537163,TB_1,COUNTRY,DOM,AMR,Americas,YEAR,2013,,,,,,,,,70 [58-86],70,58,86,,2025-11-11T16:20:50Z,2013,2013-01-01,2013-12-31
4540466,TB_1,COUNTRY,BIH,EUR,Europe,YEAR,2001,,,,,,,,,42 [35-52],42,35,52,,2025-11-11T16:20:50Z,2001,2001-01-01,2001-12-31
4547350,TB_1,COUNTRY,FSM,WPR,Western Pacific,YEAR,2017,,,,,,,,,48 [40-60],48,40,60,,2025-11-11T16:20:50Z,2017,2017-01-01,2017-12-31
4550998,TB_1,COUNTRY,CRI,AMR,Americas,YEAR,2021,,,,,,,,,70 [57-89],70,57,89,,2025-11-11T16:20:50Z,2021,2021-01-01,2021-12-31
4551902,TB_1,COUNTRY,SLE,AFR,Africa,YEAR,2010,,,,,,,,,42 [22-68],42,22,68,,2025-11-11T16:20:50Z,2010,2010-01-01,2010-12-31
4552361,TB_1,COUNTRY,MNG,WPR,Western Pacific,YEAR,2002,,,,,,,,,36 [22-69],36,22,69,,2025-11-11T16:20:50Z,2002,2002-01-01,2002-12-31
4552540,TB_1,COUNTRY,PRY,AMR,Americas,YEAR,2004,,,,,,,,,49 [41-61],49,41,61,,2025-11-11T16:20:50Z,2004,2004-01-01,2004-12-31
4558544,TB_1,COUNTRY,MOZ,AFR,Africa,YEAR,2001,,,,,,,,,35 [25-55],35,25,55,,2025-11-11T16:20:50Z,2001,2001-01-01,2001-12-31
4558960,TB_1,COUNTRY,YEM,EMR,Eastern Mediterranean,YEAR,2001,,,,,,,,,74 [64-88],74,64,88,,2025-11-11T16:20:50Z,2001,2001-01-01,2001-12-31
4559924,TB_1,COUNTRY,MKD,EUR,Europe,YEAR,2022,,,,,,,,,75 [63-93],75,63,93,,2025-11-11T16:20:50Z,2022,2022-01-01,2022-12-31
4560478,TB_1,COUNTRY,MMR,SEAR,South-East Asia,YEAR,2004,,,,,,,,,37 [19-100],37,19,100,,2025-11-11T16:20:50Z,2004,2004-01-01,2004-12-31
4560702,TB_1,COUNTRY,GRD,AMR,Americas,YEAR,2016,,,,,,,,,100 [83-120],100,83,120,,2025-11-11T16:20:50Z,2016,2016-01-01,2016-12-31
4561521,TB_1,COUNTRY,TCD,AFR,Africa,YEAR,2009,,,,,,,,,45 [19-82],45,19,82,,2025-11-11T16:20:50Z,2009,2009-01-01,2009-12-31
4561719,TB_1,COUNTRY,COD,AFR,Africa,YEAR,2007,,,,,,,,,30 [16-49],30,16,49,,2025-11-11T16:20:50Z,2007,2007-01-01,2007-12-31
4562327,TB_1,COUNTRY,BGD,SEAR,South-East Asia,YEAR,2017,,,,,,,,,68 [51-93],68,51,93,,2025-11-11T16:20:50Z,2017,2017-01-01,2017-12-31
4564295,TB_1,COUNTRY,TUV,WPR,Western Pacific,YEAR,2018,,,,,,,,,100 [83-120],100,83,120,,2025-11-11T16:20:50Z,2018,2018-01-01,2018-12-31
4569489,TB_1,COUNTRY,ALB,EUR,Europe,YEAR,2017,,,,,,,,,89 [74-110],89,74,110,,2025-11-11T16:20:50Z,2017,2017-01-01,2017-12-31
4570574,TB_1,COUNTRY,MLI,AFR,Africa,YEAR,2003,,,,,,,,,45 [19-83],45,19,83,,2025-11-11T16:20:50Z,2003,2003-01-01,2003-12-31
4573183,TB_1,COUNTRY,LTU,EUR,Europe,YEAR,2017,,,,,,,,,68 [57-84],68,57,84,,2025-11-11T16:20:50Z,2017,2017-01-01,2017-12-31
4573848,TB_1,COUNTRY,PSE,EMR,Eastern Mediterranean,YEAR,2020,,,,,,,,,69 [57-85],69,57,85,,2025-11-11T16:20:50Z,2020,2020-01-01,2020-12-31
4574007,TB_1,COUNTRY,ESP,EUR,Europe,YEAR,2015,,,,,,,,,85 [70-100],85,70,100,,2025-11-11T16:20:50Z,2015,2015-01-01,2015-12-31
4575587,TB_1,COUNTRY,KHM,WPR,Western Pacific,YEAR,2023,,,,,,,,,67 [50-89],67,50,89,,2025-11-11T16:20:50Z,2023,2023-01-01,2023-12-31
4576171,TB_1,COUNTRY,QAT,EMR,Eastern Mediterranean,YEAR,2017,,,,,,,,,71 [59-87],71,59,87,,2025-11-11T16:20:50Z,2017,2017-01-01,2017-12-31
4578035,TB_1,COUNTRY,NGA,AFR,Africa,YEAR,2023,,,,,,,,,74 [52-110],74,52,110,,2025-11-11T16:20:50Z,2023,2023-01-01,2023-12-31
4580433,TB_1,COUNTRY,NAM,AFR,Africa,YEAR,2003,,,,,,,,,61 [32-160],61,32,160,,2025-11-11T16:20:50Z,2003,2003-01-01,2003-12-31
4580716,TB_1,COUNTRY,MEX,AMR,Americas,YEAR,2012,,,,,,,,,67 [55-82],67,55,82,,2025-11-11T16:20:50Z,2012,2012-01-01,2012-12-31
4583701,TB_1,COUNTRY,ECU,AMR,Americas,YEAR,2012,,,,,,,,,69 [57-85],69,57,85,,2025-11-11T16:20:50Z,2012,2012-01-01,2012-12-31
4591421,TB_1,COUNTRY,GRD,AMR,Americas,YEAR,2019,,,,,,,,,100 [83-120],100,83,120,,2025-11-11T16:20:50Z,2019,2019-01-01,2019-12-31
4592037,TB_1,COUNTRY,BDI,AFR,Africa,YEAR,2010,,,,,,,,,53 [25-91],53,25,91,,2025-11-11T16:20:50Z,2010,2010-01-01,2010-12-31
4597096,TB_1,REGION,AMR,,,YEAR,2012,,,,,,,,,72 [67-77],72,67,77,,2025-11-11T16:20:50Z,2012,2012-01-01,2012-12-31
4599164,TB_1,COUNTRY,GHA,AFR,Africa,YEAR,2016,,,,,,,,,31 [18-69],31,18,69,,2025-11-11T16:20:50Z,2016,2016-01-01,2016-12-31
4599343,TB_1,COUNTRY,TTO,AMR,Americas,YEAR,2000,,,,,,,,,44 [36-54],44,36,54,,2025-11-11T16:20:50Z,2000,2000-01-01,2000-12-31
4599394,TB_1,COUNTRY,VNM,WPR,Western Pacific,YEAR,2022,,,,,,,,,58 [40-92],58,40,92,,2025-11-11T16:20:50Z,2022,2022-01-01,2022-12-31
4600683,TB_1,COUNTRY,SLB,WPR,Western Pacific,YEAR,2022,,,,,,,,,45 [37-55],45,37,55,,2025-11-11T16:20:50Z,2022,2022-01-01,2022-12-31
4604480,TB_1,COUNTRY,TCD,AFR,Africa,YEAR,2022,,,,,,,,,65 [34-100],65,34,100,,2025-11-11T16:20:50Z,2022,2022-01-01,2022-12-31
4604584,TB_1,COUNTRY,LTU,EUR,Europe,YEAR,2023,,,,,,,,,73 [61-90],73,61,90,,2025-11-11T16:20:50Z,2023,2023-01-01,2023-12-31
4606759,TB_1,COUNTRY,SAU,EMR,Eastern Mediterranean,YEAR,2001,,,,,,,,,91 [82-100],91,82,100,,2025-11-11T16:20:50Z,2001,2001-01-01,2001-12-31
4609011,TB_1,COUNTRY,UGA,AFR,Africa,YEAR,2009,,,,,,,,,62 [43-98],62,43,98,,2025-11-11T16:20:50Z,2009,2009-01-01,2009-12-31
4613942,TB_1,COUNTRY,MUS,AFR,Africa,YEAR,2022,,,,,,,,,65 [54-80],65,54,80,,2025-11-11T16:20:50Z,2022,2022-01-01,2022-12-31
4617001,TB_1,COUNTRY,HKG,,,YEAR,2017,,,,,,,,,64 [53-79],64,53,79,,2025-11-11T16:20:50Z,2017,2017-01-01,2017-12-31
4620203,TB_1,COUNTRY,EST,EUR,Europe,YEAR,2012,,,,,,,,,72 [60-89],72,60,89,,2025-11-11T16:20:50Z,2012,2012-01-01,2012-12-31
4624077,TB_1,COUNTRY,MLI,AFR,Africa,YEAR,2011,,,,,,,,,47 [22-81],47,22,81,,2025-11-11T16:20:50Z,2011,2011-01-01,2011-12-31
4624682,TB_1,COUNTRY,MDG,AFR,Africa,YEAR,2005,,,,,,,,,42 [18-78],42,18,78,,2025-11-11T16:20:50Z,2005,2005-01-01,2005-12-31
4626698,TB_1,COUNTRY,TTO,AMR,Americas,YEAR,2022,,,,,,,,,74 [62-91],74,62,91,,2025-11-11T16:20:50Z,2022,2022-01-01,2022-12-31
4628279,TB_1,COUNTRY,GNQ,AFR,Africa,YEAR,2010,,,,,,,,,26 [13-43],26,13,43,,2025-11-11T16:20:50Z,2010,2010-01-01,2010-12-31
4629557,TB_1,COUNTRY,DJI,EMR,Eastern Mediterranean,YEAR,2022,,,,,,,,,41 [34-50],41,34,50,,2025-11-11T16:20:50Z,2022,2022-01-01,2022-12-31
4630834,TB_1,COUNTRY,SDN,EMR,Eastern Mediterranean,YEAR,2011,,,,,,,,,51 [26-140],51,26,140,,2025-11-11T16:20:50Z,2011,2011-01-01,2011-12-31
4632276,TB_1,COUNTRY,MWI,AFR,Africa,YEAR,2013,,,,,,,,,42 [19-150],42,19,150,,2025-11-11T16:20:50Z,2013,2013-01-01,2013-12-31
4636270,TB_1,COUNTRY,PAN,AMR,Americas,YEAR,2023,,,,,,,,,77 [64-94],77,64,94,,2025-11-11T16:20:50Z,2023,2023-01-01,2023-12-31
4637415,TB_1,REGION,EMR,,,YEAR,2017,,,,,,,,,62 [50-79],62,50,79,,2025-11-11T16:20:50Z,2017,2017-01-01,2017-12-31
4639007,TB_1,COUNTRY,ARG,AMR,Americas,YEAR,2020,,,,,,,,,78 [65-96],78,65,96,,2025-11-11T16:20:50Z,2020,2020-01-01,2020-12-31
4639510,TB_1,COUNTRY,CIV,AFR,Africa,YEAR,2023,,,,,,,,,68 [36-110],68,36,110,,2025-11-11T16:20:50Z,2023,2023-01-01,2023-12-31
4640759,TB_1,COUNTRY,ERI,AFR,Africa,YEAR,2017,,,,,,,,,44 [37-54],44,37,54,,2025-11-11T16:20:50Z,2017,2017-01-01,2017-12-31
4641525,TB_1,COUNTRY,GNB,AFR,Africa,YEAR,2011,,,,,,,,,51 [23-89],51,23,89,,2025-11-11T16:20:50Z,2011,2011-01-01,2011-12-31
4642729,TB_1,COUNTRY,VCT,AMR,Americas,YEAR,2014,,,,,,,,,100 [83-120],100,83,120,,2025-11-11T16:20:50Z,2014,2014-01-01,2014-12-31
4643896,TB_1,REGION,AMR,,,YEAR,2013,,,,,,,,,74 [69-79],74,69,79,,2025-11-11T16:20:50Z,2013,2013-01-01,2013-12-31
4647274,TB_1,COUNTRY,MKD,EUR,Europe,YEAR,2005,,,,,,,,,53 [44-66],53,44,66,,2025-11-11T16:20:50Z,2005,2005-01-01,2005-12-31
4647312,TB_1,COUNTRY,MOZ,AFR,Africa,YEAR,2006,,,,,,,,,49 [34-78],49,34,78,,2025-11-11T16:20:50Z,2006,2006-01-01,2006-12-31
4647931,TB_1,COUNTRY,MEX,AMR,Americas,YEAR,2019,,,,,,,,,73 [61-90],73,61,90,,2025-11-11T16:20:50Z,2019,2019-01-01,2019-12-31
4648739,TB_1,COUNTRY,IRN,EMR,Eastern Mediterranean,YEAR,2016,,,,,,,,,66 [54-81],66,54,81,,2025-11-11T16:20:50Z,2016,2016-01-01,2016-12-31
4652546,TB_1,REGION,WPR,,,YEAR,2021,,,,,,,,,56 [49-65],56,49,65,,2025-11-11T16:20:50Z,2021,2021-01-01,2021-12-31
4653632,TB_1,COUNTRY,GAB,AFR,Africa,YEAR,2024,,,,,,,,,68 [35-110],68,35,110,,2025-11-11T16:20:50Z,2024,2024-01-01,2024-12-31
4654097,TB_1,COUNTRY,BTN,SEAR,South-East Asia,YEAR,2020,,,,,,,,,59 [49-72],59,49,72,,2025-11-11T16:20:50Z,2020,2020-01-01,2020-12-31
4656520,TB_1,COUNTRY,NRU,WPR,Western Pacific,YEAR,2011,,,,,,,,,100 [83-120],100,83,120,,2025-11-11T16:20:50Z,2011,2011-01-01,2011-12-31
4658325,TB_1,COUNTRY,MWI,AFR,Africa,YEAR,2014,,,,,,,,,43 [21-120],43,21,120,,2025-11-11T16:20:50Z,2014,2014-01-01,2014-12-31
4658816,TB_1,COUNTRY,MAC,,,YEAR,2003,,,,,,,,,45 [37-55],45,37,55,,2025-11-11T16:20:50Z,2003,2003-01-01,2003-12-31
4659277,TB_1,COUNTRY,NIU,WPR,Western Pacific,YEAR,2011,,,,,,,,,100 [83-120],100,83,120,,2025-11-11T16:20:50Z,2011,2011-01-01,2011-12-31
4664020,TB_1,COUNTRY,EST,EUR,Europe,YEAR,2000,,,,,,,,,54 [45-66],54,45,66,,2025-11-11T16:20:50Z,2000,2000-01-01,2000-12-31
4664326,TB_1,COUNTRY,BLR,EUR,Europe,YEAR,2001,,,,,,,,,46 [38-56],46,38,56,,2025-11-11T16:20:50Z,2001,2001-01-01,2001-12-31
4665333,TB_1,COUNTRY,MEX,AMR,Americas,YEAR,2017,,,,,,,,,73 [60-89],73,60,89,,2025-11-11T16:20:50Z,2017,2017-01-01,2017-12-31
4666867,TB_1,COUNTRY,UKR,EUR,Europe,YEAR,2002,,,,,,,,,39 [33-48],39,33,48,,2025-11-11T16:20:50Z,2002,2002-01-01,2002-12-31
4666977,TB_1,COUNTRY,ZMB,AFR,Africa,YEAR,2002,,,,,,,,,73 [43-150],73,43,150,,2025-11-11T16:20:50Z,2002,2002-01-01,2002-12-31
4668829,TB_1,COUNTRY,COD,AFR,Africa,YEAR,2002,,,,,,,,,22 [12-36],22,12,36,,2025-11-11T16:20:50Z,2002,2002-01-01,2002-12-31
4669000,TB_1,COUNTRY,BWA,AFR,Africa,YEAR,2013,,,,,,,,,63 [33-100],63,33,100,,2025-11-11T16:20:50Z,2013,2013-01-01,2013-12-31
4673353,TB_1,COUNTRY,MWI,AFR,Africa,YEAR,2008,,,,,,,,,46 [17-370],46,17,370,,2025-11-11T16:20:50Z,2008,2008-01-01,2008-12-31
4675824,TB_1,COUNTRY,SLV,AMR,Americas,YEAR,2024,,,,,,,,,79 [66-97],79,66,97,,2025-11-11T16:20:50Z,2024,2024-01-01,2024-12-31
4680675,TB_1,COUNTRY,CPV,AFR,Africa,YEAR,2009,,,,,,,,,57 [48-71],57,48,71,,2025-11-11T16:20:50Z,2009,2009-01-01,2009-12-31
4681189,TB_1,COUNTRY,KOR,WPR,Western Pacific,YEAR,2022,,,,,,,,,94 [87-100],94,87,100,,2025-11-11T16:20:50Z,2022,2022-01-01,2022-12-31
4681871,TB_1,COUNTRY,VCT,AMR,Americas,YEAR,2007,,,,,,,,,100 [83-120],100,83,120,,2025-11-11T16:20:50Z,2007,2007-01-01,2007-12-31
4684858,TB_1,COUNTRY,ARM,EUR,Europe,YEAR,2004,,,,,,,,,44 [36-54],44,36,54,,2025-11-11T16:20:50Z,2004,2004-01-01,2004-12-31
4704071,TB_1,COUNTRY,BLZ,AMR,Americas,YEAR,2018,,,,,,,,,67 [55-82],67,55,82,,2025-11-11T16:20:50Z,2018,2018-01-01,2018-12-31
4704845,TB_1,COUNTRY,PLW,WPR,Western Pacific,YEAR,2014,,,,,,,,,100 [83-120],100,83,120,,2025-11-11T16:20:50Z,2014,2014-01-01,2014-12-31
4707217,TB_1,REGION,WPR,,,YEAR,2017,,,,,,,,,65 [57-75],65,57,75,,2025-11-11T16:20:50Z,2017,2017-01-01,2017-12-31
4710263,TB_1,COUNTRY,AUT,EUR,Europe,YEAR,2020,,,,,,,,,84 [70-100],84,70,100,,2025-11-11T16:20:50Z,2020,2020-01-01,2020-12-31
4711501,TB_1,COUNTRY,ZAF,AFR,Africa,YEAR,2006,,,,,,,,,48 [24-150],48,24,150,,2025-11-11T16:20:50Z,2006,2006-01-01,2006-12-31
4711773,TB_1,COUNTRY,SLE,AFR,Africa,YEAR,2020,,,,,,,,,49 [26-80],49,26,80,,2025-11-11T16:20:50Z,2020,2020-01-01,2020-12-31
4712423,TB_1,COUNTRY,USA,AMR,Americas,YEAR,2019,,,,,,,,,86 [71-110],86,71,110,,2025-11-11T16:20:50Z,2019,2019-01-01,2019-12-31
4712561,TB_1,COUNTRY,NRU,WPR,Western Pacific,YEAR,2018,,,,,,,,,100 [83-120],100,83,120,,2025-11-11T16:20:50Z,2018,2018-01-01,2018-12-31
4714486,TB_1,COUNTRY,OMN,EMR,Eastern Mediterranean,YEAR,2009,,,,,,,,,63 [53-78],63,53,78,,2025-11-11T16:20:50Z,2009,2009-01-01,2009-12-31
4715316,TB_1,COUNTRY,NGA,AFR,Africa,YEAR,2008,,,,,,,,,25 [17-38],25,17,38,,2025-11-11T16:20:50Z,2008,2008-01-01,2008-12-31
4716653,TB_1,COUNTRY,NRU,WPR,Western Pacific,YEAR,2001,,,,,,,,,100 [83-120],100,83,120,,2025-11-11T16:20:50Z,2001,2001-01-01,2001-12-31
4719346,TB_1,COUNTRY,JOR,EMR,Eastern Mediterranean,YEAR,2006,,,,,,,,,66 [54-81],66,54,81,,2025-11-11T16:20:50Z,2006,2006-01-01,2006-12-31
4720379,TB_1,COUNTRY,POL,EUR,Europe,YEAR,2014,,,,,,,,,78 [65-96],78,65,96,,2025-11-11T16:20:50Z,2014,2014-01-01,2014-12-31
4720851,TB_1,COUNTRY,AND,EUR,Europe,YEAR,2009,,,,,,,,,100 [83-120],100,83,120,,2025-11-11T16:20:50Z,2009,2009-01-01,2009-12-31
4721068,TB_1,COUNTRY,DOM,AMR,Americas,YEAR,2007,,,,,,,,,57 [47-70],57,47,70,,2025-11-11T16:20:50Z,2007,2007-01-01,2007-12-31
4721540,TB_1,COUNTRY,SYR,EMR,Eastern Mediterranean,YEAR,2019,,,,,,,,,61 [51-75],61,51,75,,2025-11-11T16:20:50Z,2019,2019-01-01,2019-12-31
4723166,TB_1,COUNTRY,GTM,AMR,Americas,YEAR,2018,,,,,,,,,89 [74-110],89,74,110,,2025-11-11T16:20:50Z,2018,2018-01-01,2018-12-31
4727012,TB_1,COUNTRY,MDG,AFR,Africa,YEAR,2011,,,,,,,,,50 [22-88],50,22,88,,2025-11-11T16:20:50Z,2011,2011-01-01,2011-12-31
4729576,TB_1,COUNTRY,KIR,WPR,Western Pacific,YEAR,2005,,,,,,,,,26 [22-33],26,22,33,,2025-11-11T16:20:50Z,2005,2005-01-01,2005-12-31
4732909,TB_1,COUNTRY,TCD,AFR,Africa,YEAR,2018,,,,,,,,,58 [29-96],58,29,96,,2025-11-11T16:20:50Z,2018,2018-01-01,2018-12-31
4733744,TB_1,COUNTRY,GAB,AFR,Africa,YEAR,2022,,,,,,,,,66 [35-110],66,35,110,,2025-11-11T16:20:50Z,2022,2022-01-01,2022-12-31
4735019,TB_1,WORLDBANKINCOMEGROUP,WB_LI,,,YEAR,2013,,,,,,,,,47 [38-59],47,38,59,,2025-11-11T16:20:50Z,2013,2013-01-01,2013-12-31
4736729,TB_1,COUNTRY,ATG,AMR,Americas,YEAR,2009,,,,,,,,,100 [83-120],100,83,120,,2025-11-11T16:20:50Z,2009,2009-01-01,2009-12-31
4741672,TB_1,COUNTRY,MHL,WPR,Western Pacific,YEAR,2017,,,,,,,,,59 [49-72],59,49,72,,2025-11-11T16:20:50Z,2017,2017-01-01,2017-12-31
4741923,TB_1,COUNTRY,CHN,WPR,Western Pacific,YEAR,2014,,,,,,,,,88 [73-110],88,73,110,,2025-11-11T16:20:50Z,2014,2014-01-01,2014-12-31
4743126,TB_1,COUNTRY,MKD,EUR,Europe,YEAR,2006,,,,,,,,,55 [46-68],55,46,68,,2025-11-11T16:20:50Z,2006,2006-01-01,2006-12-31
4746124,TB_1,COUNTRY,LVA,EUR,Europe,YEAR,2002,,,,,,,,,46 [38-56],46,38,56,,2025-11-11T16:20:50Z,2002,2002-01-01,2002-12-31
4746348,TB_1,COUNTRY,MLI,AFR,Africa,YEAR,2022,,,,,,,,,64 [34-100],64,34,100,,2025-11-11T16:20:50Z,2022,2022-01-01,2022-12-31
4751568,TB_1,COUNTRY,CAF,AFR,Africa,YEAR,2011,,,,,,,,,23 [12-36],23,12,36,,2025-11-11T16:20:50Z,2011,2011-01-01,2011-12-31
4756639,TB_1,COUNTRY,TTO,AMR,Americas,YEAR,2007,,,,,,,,,65 [54-79],65,54,79,,2025-11-11T16:20:50Z,2007,2007-01-01,2007-12-31
4756662,TB_1,COUNTRY,ARM,EUR,Europe,YEAR,2020,,,,,,,,,47 [39-58],47,39,58,,2025-11-11T16:20:50Z,2020,2020-01-01,2020-12-31
4756817,TB_1,COUNTRY,PSE,EMR,Eastern Mediterranean,YEAR,2011,,,,,,,,,60 [50-74],60,50,74,,2025-11-11T16:20:50Z,2011,2011-01-01,2011-12-31
4756846,TB_1,COUNTRY,EGY,EMR,Eastern Mediterranean,YEAR,2004,,,,,,,,,79 [64-99],79,64,99,,2025-11-11T16:20:50Z,2004,2004-01-01,2004-12-31
4759047,TB_1,COUNTRY,MUS,AFR,Africa,YEAR,2018,,,,,,,,,65 [54-80],65,54,80,,2025-11-11T16:20:50Z,2018,2018-01-01,2018-12-31
4759214,TB_1,COUNTRY,CHE,EUR,Europe,YEAR,2022,,,,,,,,,87 [72-110],87,72,110,,2025-11-11T16:20:50Z,2022,2022-01-01,2022-12-31
4762153,TB_1,COUNTRY,BTN,SEAR,South-East Asia,YEAR,2018,,,,,,,,,56 [46-68],56,46,68,,2025-11-11T16:20:50Z,2018,2018-01-01,2018-12-31
4762517,TB_1,COUNTRY,BEN,AFR,Africa,YEAR,2009,,,,,,,,,50 [23-87],50,23,87,,2025-11-11T16:20:50Z,2009,2009-01-01,2009-12-31
4763401,TB_1,COUNTRY,SSD,AFR,Africa,YEAR,2017,,,,,,,,,27 [14-44],27,14,44,,2025-11-11T16:20:50Z,2017,2017-01-01,2017-12-31
4764034,TB_1,COUNTRY,MRT,AFR,Africa,YEAR,2006,,,,,,,,,48 [22-85],48,22,85,,2025-11-11T16:20:50Z,2006,2006-01-01,2006-12-31
4766027,TB_1,COUNTRY,MHL,WPR,Western Pacific,YEAR,2004,,,,,,,,,38 [32-47],38,32,47,,2025-11-11T16:20:50Z,2004,2004-01-01,2004-12-31
4769041,TB_1,COUNTRY,KNA,AMR,Americas,YEAR,2006,,,,,,,,,100 [83-120],100,83,120,,2025-11-11T16:20:50Z,2006,2006-01-01,2006-12-31
4770368,TB_1,COUNTRY,FRA,EUR,Europe,YEAR,2021,,,,,,,,,83 [79-86],83,79,86,,2025-11-11T16:20:50Z,2021,2021-01-01,2021-12-31
4771679,TB_1,COUNTRY,GRC,EUR,Europe,YEAR,2000,,,,,,,,,68 [56-83],68,56,83,,2025-11-11T16:20:50Z,2000,2000-01-01,2000-12-31
4776827,TB_1,COUNTRY,FIN,EUR,Europe,YEAR,2004,,,,,,,,,79 [66-98],79,66,98,,2025-11-11T16:20:50Z,2004,2004-01-01,2004-12-31
4777208,TB_1,COUNTRY,KGZ,EUR,Europe,YEAR,2014,,,,,,,,,63 [53-78],63,53,78,,2025-11-11T16:20:50Z,2014,2014-01-01,2014-12-31
4788532,TB_1,COUNTRY,LKA,SEAR,South-East Asia,YEAR,2023,,,,,,,,,71 [36-120],71,36,120,,2025-11-11T16:20:50Z,2023,2023-01-01,2023-12-31
4788991,TB_1,COUNTRY,PAN,AMR,Americas,YEAR,2010,,,,,,,,,68 [57-84],68,57,84,,2025-11-11T16:20:50Z,2010,2010-01-01,2010-12-31
4789024,TB_1,COUNTRY,URY,AMR,Americas,YEAR,2008,,,,,,,,,72 [59-88],72,59,88,,2025-11-11T16:20:50Z,2008,2008-01-01,2008-12-31
4790226,TB_1,COUNTRY,HTI,AMR,Americas,YEAR,2010,,,,,,,,,36 [30-44],36,30,44,,2025-11-11T16:20:50Z,2010,2010-01-01,2010-12-31
4794110,TB_1,COUNTRY,ESP,EUR,Europe,YEAR,2010,,,,,,,,,77 [64-95],77,64,95,,2025-11-11T16:20:50Z,2010,2010-01-01,2010-12-31
4796603,TB_1,WORLDBANKINCOMEGROUP,WB_HI,,,YEAR,2010,,,,,,,,,88 [70-110],88,70,110,,2025-11-11T16:20:50Z,2010,2010-01-01,2010-12-31
4796846,TB_1,COUNTRY,NPL,SEAR,South-East Asia,YEAR,2018,,,,,,,,,46 [31-78],46,31,78,,2025-11-11T16:20:50Z,2018,2018-01-01,2018-12-31
4797036,TB_1,COUNTRY,DNK,EUR,Europe,YEAR,2003,,,,,,,,,72 [60-88],72,60,88,,2025-11-11T16:20:50Z,2003,2003-01-01,2003-12-31
4797779,TB_1,COUNTRY,VUT,WPR,Western Pacific,YEAR,2000,,,,,,,,,25 [2.1-75],25,2.1,75,,2025-11-11T16:20:50Z,2000,2000-01-01,2000-12-31
4797812,TB_1,COUNTRY,LBN,EMR,Eastern Mediterranean,YEAR,2021,,,,,,,,,72 [60-89],72,60,89,,2025-11-11T16:20:50Z,2021,2021-01-01,2021-12-31
4800492,TB_1,COUNTRY,GTM,AMR,Americas,YEAR,2008,,,,,,,,,89 [74-110],89,74,110,,2025-11-11T16:20:50Z,2008,2008-01-01,2008-12-31
4802380,TB_1,COUNTRY,PLW,WPR,Western Pacific,YEAR,2007,,,,,,,,,100 [83-120],100,83,120,,2025-11-11T16:20:50Z,2007,2007-01-01,2007-12-31
4802605,TB_1,WORLDBANKINCOMEGROUP,WB_HI,,,YEAR,2016,,,,,,,,,90 [76-110],90,76,110,,2025-11-11T16:20:50Z,2016,2016-01-01,2016-12-31
4802893,TB_1,COUNTRY,RUS,EUR,Europe,YEAR,2009,,,,,,,,,100 [58-240],100,58,240,,2025-11-11T16:20:50Z,2009,2009-01-01,2009-12-31
4803758,TB_1,COUNTRY,HKG,,,YEAR,2022,,,,,,,,,65 [54-80],65,54,80,,2025-11-11T16:20:50Z,2022,2022-01-01,2022-12-31
4803775,TB_1,GLOBAL,GLOBAL,,,YEAR,2005,,,,,,,,,42 [33-55],42,33,55,,2025-11-11T16:20:50Z,2005,2005-01-01,2005-12-31
4808043,TB_1,COUNTRY,SYC,AFR,Africa,YEAR,2000,,,,,,,,,100 [83-120],100,83,120,,2025-11-11T16:20:50Z,2000,2000-01-01,2000-12-31
4808312,TB_1,COUNTRY,BFA,AFR,Africa,YEAR,2003,,,,,,,,,23 [12-37],23,12,37,,2025-11-11T16:20:50Z,2003,2003-01-01,2003-12-31
4812121,TB_1,WORLDBANKINCOMEGROUP,WB_LI,,,YEAR,2000,,,,,,,,,28 [22-36],28,22,36,,2025-11-11T16:20:50Z,2000,2000-01-01,2000-12-31
4812628,TB_1,GLOBAL,GLOBAL,,,YEAR,2000,,,,,,,,,32 [25-42],32,25,42,,2025-11-11T16:20:50Z,2000,2000-01-01,2000-12-31
4816135,TB_1,COUNTRY,UKR,EUR,Europe,YEAR,2022,,,,,,,,,52 [43-66],52,43,66,,2025-11-11T16:20:50Z,2022,2022-01-01,2022-12-31
4816456,TB_1,COUNTRY,COD,AFR,Africa,YEAR,2003,,,,,,,,,25 [13-41],25,13,41,,2025-11-11T16:20:50Z,2003,2003-01-01,2003-12-31
4819586,TB_1,COUNTRY,MOZ,AFR,Africa,YEAR,2014,,,,,,,,,62 [42-100],62,42,100,,2025-11-11T16:20:50Z,2014,2014-01-01,2014-12-31
4820774,TB_1,COUNTRY,FJI,WPR,Western Pacific,YEAR,2016,,,,,,,,,57 [47-70],57,47,70,,2025-11-11T16:20:50Z,2016,2016-01-01,2016-12-31
4828592,TB_1,COUNTRY,AUS,WPR,Western Pacific,YEAR,2001,,,,,,,,,80 [67-99],80,67,99,,2025-11-11T16:20:50Z,2001,2001-01-01,2001-12-31
4828781,TB_1,COUNTRY,JAM,AMR,Americas,YEAR,2024,,,,,,,,,74 [62-91],74,62,91,,2025-11-11T16:20:50Z,2024,2024-01-01,2024-12-31
4828825,TB_1,COUNTRY,GRD,AMR,Americas,YEAR,2012,,,,,,,,,100 [83-120],100,83,120,,2025-11-11T16:20:50Z,2012,2012-01-01,2012-12-31
4829607,TB_1,COUNTRY,KHM,WPR,Western Pacific,YEAR,2013,,,,,,,,,67 [50-90],67,50,90,,2025-11-11T16:20:50Z,2013,2013-01-01,2013-12-31
4830846,TB_1,COUNTRY,FIN,EUR,Europe,YEAR,2015,,,,,,,,,86 [71-110],86,71,110,,2025-11-11T16:20:50Z,2015,2015-01-01,2015-12-31
4832448,TB_1,COUNTRY,LUX,EUR,Europe,YEAR,2014,,,,,,,,,82 [68-100],82,68,100,,2025-11-11T16:20:50Z,2014,2014-01-01,2014-12-31
4833902,TB_1,COUNTRY,BFA,AFR,Africa,YEAR,2006,,,,,,,,,33 [17-54],33,17,54,,2025-11-11T16:20:50Z,2006,2006-01-01,2006-12-31
4837546,TB_1,COUNTRY,TON,WPR,Western Pacific,YEAR,2003,,,,,,,,,100 [83-120],100,83,120,,2025-11-11T16:20:50Z,2003,2003-01-01,2003-12-31
4838438,TB_1,COUNTRY,GTM,AMR,Americas,YEAR,2007,,,,,,,,,89 [74-110],89,74,110,,2025-11-11T16:20:50Z,2007,2007-01-01,2007-12-31
4840527,TB_1,COUNTRY,CRI,AMR,Americas,YEAR,2004,,,,,,,,,66 [54-81],66,54,81,,2025-11-11T16:20:50Z,2004,2004-01-01,2004-12-31
4842589,TB_1,COUNTRY,SAU,EMR,Eastern Mediterranean,YEAR,2005,,,,,,,,,91 [82-100],91,82,100,,2025-11-11T16:20:50Z,2005,2005-01-01,2005-12-31
4842730,TB_1,COUNTRY,PNG,WPR,Western Pacific,YEAR,2006,,,,,,,,,30 [9.5-66],30,9.5,66,,2025-11-11T16:20:50Z,2006,2006-01-01,2006-12-31
4844505,TB_1,REGION,AFR,,,YEAR,2021,,,,,,,,,56 [49-66],56,49,66,,2025-11-11T16:20:50Z,2021,2021-01-01,2021-12-31
4848308,TB_1,COUNTRY,ITA,EUR,Europe,YEAR,2024,,,,,,,,,100 [83-120],100,83,120,,2025-11-11T16:20:50Z,2024,2024-01-01,2024-12-31
4848895,TB_1,GLOBAL,GLOBAL,,,YEAR,2012,,,,,,,,,50 [43-59],50,43,59,,2025-11-11T16:20:50Z,2012,2012-01-01,2012-12-31
4853053,TB_1,COUNTRY,KGZ,EUR,Europe,YEAR,2023,,,,,,,,,45 [36-58],45,36,58,,2025-11-11T16:20:50Z,2023,2023-01-01,2023-12-31
4853854,TB_1,COUNTRY,FJI,WPR,Western Pacific,YEAR,2000,,,,,,,,,35 [29-43],35,29,43,,2025-11-11T16:20:50Z,2000,2000-01-01,2000-12-31
4854347,TB_1,COUNTRY,SYR,EMR,Eastern Mediterranean,YEAR,2003,,,,,,,,,43 [36-53],43,36,53,,2025-11-11T16:20:50Z,2003,2003-01-01,2003-12-31
4855006,TB_1,COUNTRY,BRN,WPR,Western Pacific,YEAR,2007,,,,,,,,,62 [52-77],62,52,77,,2025-11-11T16:20:50Z,2007,2007-01-01,2007-12-31
4855488,TB_1,COUNTRY,PNG,WPR,Western Pacific,YEAR,2005,,,,,,,,,28 [5-67],28,5,67,,2025-11-11T16:20:50Z,2005,2005-01-01,2005-12-31
4860364,TB_1,COUNTRY,AGO,AFR,Africa,YEAR,2021,,,,,,,,,48 [33-74],48,33,74,,2025-11-11T16:20:50Z,2021,2021-01-01,2021-12-31
4860963,TB_1,COUNTRY,CIV,AFR,Africa,YEAR,2013,,,,,,,,,56 [27-96],56,27,96,,2025-11-11T16:20:50Z,2013,2013-01-01,2013-12-31
4861790,TB_1,COUNTRY,TCD,AFR,Africa,YEAR,2010,,,,,,,,,48 [21-85],48,21,85,,2025-11-11T16:20:50Z,2010,2010-01-01,2010-12-31
4865044,TB_1,COUNTRY,CUB,AMR,Americas,YEAR,2004,,,,,,,,,62 [51-76],62,51,76,,2025-11-11T16:20:50Z,2004,2004-01-01,2004-12-31
4865356,TB_1,COUNTRY,GBR,EUR,Europe,YEAR,2007,,,,,,,,,89 [83-96],89,83,96,,2025-11-11T16:20:50Z,2007,2007-01-01,2007-12-31
4868656,TB_1,COUNTRY,ARE,EMR,Eastern Mediterranean,YEAR,2005,,,,,,,,,54 [45-67],54,45,67,,2025-11-11T16:20:50Z,2005,2005-01-01,2005-12-31
4870095,TB_1,COUNTRY,BTN,SEAR,South-East Asia,YEAR,2023,,,,,,,,,60 [49-73],60,49,73,,2025-11-11T16:20:50Z,2023,2023-01-01,2023-12-31
4876361,TB_1,COUNTRY,AUS,WPR,Western Pacific,YEAR,2016,,,,,,,,,87 [73-110],87,73,110,,2025-11-11T16:20:50Z,2016,2016-01-01,2016-12-31
4882703,TB_1,COUNTRY,LKA,SEAR,South-East Asia,YEAR,2013,,,,,,,,,56 [29-92],56,29,92,,2025-11-11T16:20:50Z,2013,2013-01-01,2013-12-31
4886026,TB_1,COUNTRY,NIC,AMR,Americas,YEAR,2020,,,,,,,,,60 [50-74],60,50,74,,2025-11-11T16:20:50Z,2020,2020-01-01,2020-12-31
4887193,TB_1,COUNTRY,ARG,AMR,Americas,YEAR,2024,,,,,,,,,78 [65-96],78,65,96,,2025-11-11T16:20:50Z,2024,2024-01-01,2024-12-31
4888402,TB_1,COUNTRY,BRN,WPR,Western Pacific,YEAR,2012,,,,,,,,,69 [58-85],69,58,85,,2025-11-11T16:20:50Z,2012,2012-01-01,2012-12-31
4891717,TB_1,COUNTRY,KEN,AFR,Africa,YEAR,2002,,,,,,,,,46 [23-140],46,23,140,,2025-11-11T16:20:50Z,2002,2002-01-01,2002-12-31
4892206,TB_1,COUNTRY,PER,AMR,Americas,YEAR,2024,,,,,,,,,64 [40-83],64,40,83,,2025-11-11T16:20:50Z,2024,2024-01-01,2024-12-31
4897539,TB_1,COUNTRY,GEO,EUR,Europe,YEAR,2007,,,,,,,,,57 [47-70],57,47,70,,2025-11-11T16:20:50Z,2007,2007-01-01,2007-12-31
4901784,TB_1,REGION,EUR,,,YEAR,2004,,,,,,,,,59 [50-70],59,50,70,,2025-11-11T16:20:50Z,2004,2004-01-01,2004-12-31
4902907,TB_1,COUNTRY,SLV,AMR,Americas,YEAR,2018,,,,,,,,,77 [64-94],77,64,94,,2025-11-11T16:20:50Z,2018,2018-01-01,2018-12-31
4903923,TB_1,COUNTRY,SAU,EMR,Eastern Mediterranean,YEAR,2009,,,,,,,,,91 [82-100],91,82,100,,2025-11-11T16:20:50Z,2009,2009-01-01,2009-12-31
4905887,TB_1,COUNTRY,HUN,EUR,Europe,YEAR,2003,,,,,,,,,68 [56-84],68,56,84,,2025-11-11T16:20:50Z,2003,2003-01-01,2003-12-31
4908365,TB_1,COUNTRY,IDN,WPR,Western Pacific,YEAR,2000,,,,,,,,,11 [9.5-12],11,9.5,12,,2025-11-11T16:20:50Z,2000,2000-01-01,2000-12-31
4908963,TB_1,COUNTRY,SWE,EUR,Europe,YEAR,2010,,,,,,,,,80 [66-98],80,66,98,,2025-11-11T16:20:50Z,2010,2010-01-01,2010-12-31
4910093,TB_1,COUNTRY,USA,AMR,Americas,YEAR,2013,,,,,,,,,84 [69-100],84,69,100,,2025-11-11T16:20:50Z,2013,2013-01-01,2013-12-31
4911931,TB_1,COUNTRY,COD,AFR,Africa,YEAR,2000,,,,,,,,,20 [10-32],20,10,32,,2025-11-11T16:20:50Z,2000,2000-01-01,2000-12-31
4914235,TB_1,COUNTRY,LAO,WPR,Western Pacific,YEAR,2023,,,,,,,,,90 [60-150],90,60,150,,2025-11-11T16:20:50Z,2023,2023-01-01,2023-12-31
4915067,TB_1,COUNTRY,BDI,AFR,Africa,YEAR,2014,,,,,,,,,52 [25-87],52,25,87,,2025-11-11T16:20:50Z,2014,2014-01-01,2014-12-31
4915521,TB_1,COUNTRY,CHE,EUR,Europe,YEAR,2007,,,,,,,,,79 [66-98],79,66,98,,2025-11-11T16:20:50Z,2007,2007-01-01,2007-12-31
4919518,TB_1,COUNTRY,SAU,EMR,Eastern Mediterranean,YEAR,2007,,,,,,,,,91 [82-100],91,82,100,,2025-11-11T16:20:50Z,2007,2007-01-01,2007-12-31
4922496,TB_1,COUNTRY,AUS,WPR,Western Pacific,YEAR,2015,,,,,,,,,87 [72-110],87,72,110,,2025-11-11T16:20:50Z,2015,2015-01-01,2015-12-31
4926281,TB_1,COUNTRY,ETH,AFR,Africa,YEAR,2013,,,,,,,,,60 [36-120],60,36,120,,2025-11-11T16:20:50Z,2013,2013-01-01,2013-12-31
4926518,TB_1,COUNTRY,MDA,EUR,Europe,YEAR,2003,,,,,,,,,190 [160-230],190,160,230,,2025-11-11T16:20:50Z,2003,2003-01-01,2003-12-31
4926940,TB_1,COUNTRY,GIN,AFR,Africa,YEAR,2005,,,,,,,,,43 [18-80],43,18,80,,2025-11-11T16:20:50Z,2005,2005-01-01,2005-12-31
4926953,TB_1,COUNTRY,MNG,WPR,Western Pacific,YEAR,2004,,,,,,,,,42 [25-81],42,25,81,,2025-11-11T16:20:50Z,2004,2004-01-01,2004-12-31
4929154,TB_1,WORLDBANKINCOMEGROUP,WB_LI,,,YEAR,2022,,,,,,,,,69 [55-88],69,55,88,,2025-11-11T16:20:50Z,2022,2022-01-01,2022-12-31
4930230,TB_1,COUNTRY,PRT,EUR,Europe,YEAR,2012,,,,,,,,,84 [70-100],84,70,100,,2025-11-11T16:20:50Z,2012,2012-01-01,2012-12-31
4930581,TB_1,COUNTRY,LSO,AFR,Africa,YEAR,2001,,,,,,,,,38 [23-77],38,23,77,,2025-11-11T16:20:50Z,2001,2001-01-01,2001-12-31
4932388,TB_1,COUNTRY,YEM,EMR,Eastern Mediterranean,YEAR,2013,,,,,,,,,74 [64-88],74,64,88,,2025-11-11T16:20:50Z,2013,2013-01-01,2013-12-31
4939070,TB_1,COUNTRY,MMR,SEAR,South-East Asia,YEAR,2012,,,,,,,,,63 [36-130],63,36,130,,2025-11-11T16:20:50Z,2012,2012-01-01,2012-12-31
4939204,TB_1,REGION,SEAR,,,YEAR,2016,,,,,,,,,60 [53-69],60,53,69,,2025-11-11T16:20:50Z,2016,2016-01-01,2016-12-31
4942154,TB_1,COUNTRY,NRU,WPR,Western Pacific,YEAR,2016,,,,,,,,,100 [83-120],100,83,120,,2025-11-11T16:20:50Z,2016,2016-01-01,2016-12-31
4942169,TB_1,COUNTRY,BGR,EUR,Europe,YEAR,2016,,,,,,,,,69 [58-85],69,58,85,,2025-11-11T16:20:50Z,2016,2016-01-01,2016-12-31
4947365,TB_1,COUNTRY,PAN,AMR,Americas,YEAR,2014,,,,,,,,,71 [59-88],71,59,88,,2025-11-11T16:20:50Z,2014,2014-01-01,2014-12-31
4948337,TB_1,COUNTRY,GUY,AMR,Americas,YEAR,2003,,,,,,,,,48 [40-60],48,40,60,,2025-11-11T16:20:50Z,2003,2003-01-01,2003-12-31
4948758,TB_1,COUNTRY,KGZ,EUR,Europe,YEAR,2002,,,,,,,,,44 [37-54],44,37,54,,2025-11-11T16:20:50Z,2002,2002-01-01,2002-12-31
4949897,TB_1,COUNTRY,TJK,EUR,Europe,YEAR,2022,,,,,,,,,55 [45-71],55,45,71,,2025-11-11T16:20:50Z,2022,2022-01-01,2022-12-31
4950093,TB_1,COUNTRY,FSM,WPR,Western Pacific,YEAR,2014,,,,,,,,,44 [37-55],44,37,55,,2025-11-11T16:20:50Z,2014,2014-01-01,2014-12-31
4952359,TB_1,COUNTRY,BDI,AFR,Africa,YEAR,2017,,,,,,,,,60 [31-100],60,31,100,,2025-11-11T16:20:50Z,2017,2017-01-01,2017-12-31
4956411,TB_1,COUNTRY,GMB,AFR,Africa,YEAR,2024,,,,,,,,,73 [55-100],73,55,100,,2025-11-11T16:20:50Z,2024,2024-01-01,2024-12-31
4958519,TB_1,COUNTRY,UKR,EUR,Europe,YEAR,2013,,,,,,,,,66 [55-81],66,55,81,,2025-11-11T16:20:50Z,2013,2013-01-01,2013-12-31
4960631,TB_1,COUNTRY,LBY,EMR,Eastern Mediterranean,YEAR,2024,,,,,,,,,58 [27-100],58,27,100,,2025-11-11T16:20:50Z,2024,2024-01-01,2024-12-31
4960792,TB_1,COUNTRY,GRD,AMR,Americas,YEAR,2002,,,,,,,,,100 [83-120],100,83,120,,2025-11-11T16:20:50Z,2002,2002-01-01,2002-12-31
4960807,TB_1,COUNTRY,SWZ,AFR,Africa,YEAR,2011,,,,,,,,,57 [19-620],57,19,620,,2025-11-11T16:20:50Z,2011,2011-01-01,2011-12-31
4966499,TB_1,COUNTRY,LAO,WPR,Western Pacific,YEAR,2000,,,,,,,,,12 [6.2-36],12,6.2,36,,2025-11-11T16:20:50Z,2000,2000-01-01,2000-12-31
4972013,TB_1,COUNTRY,ERI,AFR,Africa,YEAR,2009,,,,,,,,,36 [30-44],36,30,44,,2025-11-11T16:20:50Z,2009,2009-01-01,2009-12-31
4974218,TB_1,COUNTRY,TON,WPR,Western Pacific,YEAR,2004,,,,,,,,,100 [83-120],100,83,120,,2025-11-11T16:20:50Z,2004,2004-01-01,2004-12-31
4975030,TB_1,COUNTRY,NAM,AFR,Africa,YEAR,2020,,,,,,,,,53 [39-76],53,39,76,,2025-11-11T16:20:50Z,2020,2020-01-01,2020-12-31
4976120,TB_1,WORLDBANKINCOMEGROUP,WB_LI,,,YEAR,2018,,,,,,,,,58 [46-73],58,46,73,,2025-11-11T16:20:50Z,2018,2018-01-01,2018-12-31
4976254,TB_1,COUNTRY,COM,AFR,Africa,YEAR,2019,,,,,,,,,65 [34-110],65,34,110,,2025-11-11T16:20:50Z,2019,2019-01-01,2019-12-31
4977640,TB_1,COUNTRY,NPL,SEAR,South-East Asia,YEAR,2011,,,,,,,,,43 [27-76],43,27,76,,2025-11-11T16:20:50Z,2011,2011-01-01,2011-12-31
4979796,TB_1,COUNTRY,BRA,AMR,Americas,YEAR,2003,,,,,,,,,92 [76-110],92,76,110,,2025-11-11T16:20:50Z,2003,2003-01-01,2003-12-31
4984552,TB_1,COUNTRY,IRQ,EMR,Eastern Mediterranean,YEAR,2000,,,,,,,,,66 [54-82],66,54,82,,2025-11-11T16:20:50Z,2000,2000-01-01,2000-12-31
4985444,TB_1,COUNTRY,ARE,EMR,Eastern Mediterranean,YEAR,2017,,,,,,,,,70 [58-86],70,58,86,,2025-11-11T16:20:50Z,2017,2017-01-01,2017-12-31
4987368,TB_1,COUNTRY,SWE,EUR,Europe,YEAR,2009,,,,,,,,,79 [65-97],79,65,97,,2025-11-11T16:20:50Z,2009,2009-01-01,2009-12-31
4987965,TB_1,COUNTRY,NPL,SEAR,South-East Asia,YEAR,2007,,,,,,,,,36 [23-65],36,23,65,,2025-11-11T16:20:50Z,2007,2007-01-01,2007-12-31
4990135,TB_1,COUNTRY,BEN,AFR,Africa,YEAR,2001,,,,,,,,,48 [18-91],48,18,91,,2025-11-11T16:20:50Z,2001,2001-01-01,2001-12-31
4993282,TB_1,COUNTRY,SVK,EUR,Europe,YEAR,2018,,,,,,,,,83 [69-100],83,69,100,,2025-11-11T16:20:50Z,2018,2018-01-01,2018-12-31
4994814,TB_1,COUNTRY,SVN,EUR,Europe,YEAR,2009,,,,,,,,,74 [62-91],74,62,91,,2025-11-11T16:20:50Z,2009,2009-01-01,2009-12-31
4995516,TB_1,COUNTRY,KIR,WPR,Western Pacific,YEAR,2009,,,,,,,,,35 [29-43],35,29,43,,2025-11-11T16:20:50Z,2009,2009-01-01,2009-12-31
4997305,TB_1,COUNTRY,URY,AMR,Americas,YEAR,2021,,,,,,,,,81 [67-100],81,67,100,,2025-11-11T16:20:50Z,2021,2021-01-01,2021-12-31
4999295,TB_1,COUNTRY,PAN,AMR,Americas,YEAR,2003,,,,,,,,,60 [49-73],60,49,73,,2025-11-11T16:20:50Z,2003,2003-01-01,2003-12-31
5001545,TB_1,COUNTRY,TKM,EUR,Europe,YEAR,2015,,,,,,,,,70 [58-86],70,58,86,,2025-11-11T16:20:50Z,2015,2015-01-01,2015-12-31
5004854,TB_1,COUNTRY,AUT,EUR,Europe,YEAR,2019,,,,,,,,,84 [70-100],84,70,100,,2025-11-11T16:20:50Z,2019,2019-01-01,2019-12-31
5005950,TB_1,COUNTRY,BGR,EUR,Europe,YEAR,2008,,,,,,,,,60 [49-73],60,49,73,,2025-11-11T16:20:50Z,2008,2008-01-01,2008-12-31
5010328,TB_1,COUNTRY,GBR,EUR,Europe,YEAR,2020,,,,,,,,,89 [83-96],89,83,96,,2025-11-11T16:20:50Z,2020,2020-01-01,2020-12-31
5010583,TB_1,COUNTRY,MOZ,AFR,Africa,YEAR,2016,,,,,,,,,73 [49-120],73,49,120,,2025-11-11T16:20:50Z,2016,2016-01-01,2016-12-31
5013811,TB_1,COUNTRY,CUB,AMR,Americas,YEAR,2017,,,,,,,,,83 [69-100],83,69,100,,2025-11-11T16:20:50Z,2017,2017-01-01,2017-12-31
5015651,TB_1,COUNTRY,DNK,EUR,Europe,YEAR,2001,,,,,,,,,71 [59-87],71,59,87,,2025-11-11T16:20:50Z,2001,2001-01-01,2001-12-31
5016675,TB_1,COUNTRY,BRN,WPR,Western Pacific,YEAR,2000,,,,,,,,,41 [34-50],41,34,50,,2025-11-11T16:20:50Z,2000,2000-01-01,2000-12-31
5016775,TB_1,COUNTRY,LBN,EMR,Eastern Mediterranean,YEAR,2003,,,,,,,,,54 [45-66],54,45,66,,2025-11-11T16:20:50Z,2003,2003-01-01,2003-12-31
5018586,TB_1,COUNTRY,IRQ,EMR,Eastern Mediterranean,YEAR,2020,,,,,,,,,66 [54-82],66,54,82,,2025-11-11T16:20:50Z,2020,2020-01-01,2020-12-31
5019061,TB_1,COUNTRY,ZMB,AFR,Africa,YEAR,2019,,,,,,,,,59 [41-90],59,41,90,,2025-11-11T16:20:50Z,2019,2019-01-01,2019-12-31
5020117,TB_1,COUNTRY,NER,AFR,Africa,YEAR,2000,,,,,,,,,49 [17-100],49,17,100,,2025-11-11T16:20:50Z,2000,2000-01-01,2000-12-31
5021741,TB_1,COUNTRY,BGR,EUR,Europe,YEAR,2004,,,,,,,,,55 [46-68],55,46,68,,2025-11-11T16:20:50Z,2004,2004-01-01,2004-12-31
5023016,TB_1,COUNTRY,BRA,AMR,Americas,YEAR,2002,,,,,,,,,92 [76-110],92,76,110,,2025-11-11T16:20:50Z,2002,2002-01-01,2002-12-31
5023031,TB_1,COUNTRY,COG,AFR,Africa,YEAR,2016,,,,,,,,,60 [30-100],60,30,100,,2025-11-11T16:20:50Z,2016,2016-01-01,2016-12-31
5030554,TB_1,COUNTRY,NZL,WPR,Western Pacific,YEAR,2018,,,,,,,,,85 [71-100],85,71,100,,2025-11-11T16:20:50Z,2018,2018-01-01,2018-12-31
5030563,TB_1,COUNTRY,COL,AMR,Americas,YEAR,2003,,,,,,,,,51 [42-62],51,42,62,,2025-11-11T16:20:50Z,2003,2003-01-01,2003-12-31
5032662,TB_1,COUNTRY,RWA,AFR,Africa,YEAR,2003,,,,,,,,,46 [39-54],46,39,54,,2025-11-11T16:20:50Z,2003,2003-01-01,2003-12-31
5036419,TB_1,COUNTRY,TUR,EUR,Europe,YEAR,2000,,,,,,,,,51 [43-63],51,43,63,,2025-11-11T16:20:50Z,2000,2000-01-01,2000-12-31
5041308,TB_1,COUNTRY,COG,AFR,Africa,YEAR,2020,,,,,,,,,65 [34-110],65,34,110,,2025-11-11T16:20:50Z,2020,2020-01-01,2020-12-31
5042148,TB_1,COUNTRY,PHL,WPR,Western Pacific,YEAR,2011,,,,,,,,,37 [24-66],37,24,66,,2025-11-11T16:20:50Z,2011,2011-01-01,2011-12-31
5043689,TB_1,COUNTRY,BDI,AFR,Africa,YEAR,2001,,,,,,,,,47 [18-89],47,18,89,,2025-11-11T16:20:50Z,2001,2001-01-01,2001-12-31
5043741,TB_1,COUNTRY,BEN,AFR,Africa,YEAR,2022,,,,,,,,,69 [36-110],69,36,110,,2025-11-11T16:20:50Z,2022,2022-01-01,2022-12-31
5051838,TB_1,COUNTRY,GMB,AFR,Africa,YEAR,2017,,,,,,,,,64 [49-87],64,49,87,,2025-11-11T16:20:50Z,2017,2017-01-01,2017-12-31
5056786,TB_1,COUNTRY,MWI,AFR,Africa,YEAR,2015,,,,,,,,,47 [25-110],47,25,110,,2025-11-11T16:20:50Z,2015,2015-01-01,2015-12-31
5061765,TB_1,COUNTRY,GMB,AFR,Africa,YEAR,2005,,,,,,,,,64 [48-90],64,48,90,,2025-11-11T16:20:50Z,2005,2005-01-01,2005-12-31
5063971,TB_1,COUNTRY,ITA,EUR,Europe,YEAR,2008,,,,,,,,,78 [64-95],78,64,95,,2025-11-11T16:20:50Z,2008,2008-01-01,2008-12-31
5065527,TB_1,COUNTRY,SYC,AFR,Africa,YEAR,2010,,,,,,,,,100 [83-120],100,83,120,,2025-11-11T16:20:50Z,2010,2010-01-01,2010-12-31
5071600,TB_1,COUNTRY,SVK,EUR,Europe,YEAR,2004,,,,,,,,,67 [56-83],67,56,83,,2025-11-11T16:20:50Z,2004,2004-01-01,2004-12-31
5071855,TB_1,COUNTRY,GNB,AFR,Africa,YEAR,2013,,,,,,,,,54 [25-93],54,25,93,,2025-11-11T16:20:50Z,2013,2013-01-01,2013-12-31
5072399,TB_1,COUNTRY,IND,SEAR,South-East Asia,YEAR,2021,,,,,,,,,71 [61-82],71,61,82,,2025-11-11T16:20:50Z,2021,2021-01-01,2021-12-31
5073825,TB_1,COUNTRY,TUR,EUR,Europe,YEAR,2020,,,,,,,,,63 [52-77],63,52,77,,2025-11-11T16:20:50Z,2020,2020-01-01,2020-12-31
5074645,TB_1,COUNTRY,ZMB,AFR,Africa,YEAR,2000,,,,,,,,,66 [32-210],66,32,210,,2025-11-11T16:20:50Z,2000,2000-01-01,2000-12-31
5075100,TB_1,COUNTRY,BDI,AFR,Africa,YEAR,2008,,,,,,,,,48 [22-83],48,22,83,,2025-11-11T16:20:50Z,2008,2008-01-01,2008-12-31
5076040,TB_1,COUNTRY,TGO,AFR,Africa,YEAR,2024,,,,,,,,,69 [36-110],69,36,110,,2025-11-11T16:20:50Z,2024,2024-01-01,2024-12-31
5078496,TB_1,COUNTRY,LSO,AFR,Africa,YEAR,2018,,,,,,,,,49 [34-80],49,34,80,,2025-11-11T16:20:50Z,2018,2018-01-01,2018-12-31
5078618,TB_1,REGION,AFR,,,YEAR,2022,,,,,,,,,66 [58-78],66,58,78,,2025-11-11T16:20:50Z,2022,2022-01-01,2022-12-31
5079726,TB_1,COUNTRY,WSM,WPR,Western Pacific,YEAR,2010,,,,,,,,,100 [83-120],100,83,120,,2025-11-11T16:20:50Z,2010,2010-01-01,2010-12-31
5080591,TB_1,COUNTRY,SRB,EUR,Europe,YEAR,2014,,,,,,,,,68 [57-84],68,57,84,,2025-11-11T16:20:50Z,2014,2014-01-01,2014-12-31
5080642,TB_1,COUNTRY,ALB,EUR,Europe,YEAR,2014,,,,,,,,,89 [74-110],89,74,110,,2025-11-11T16:20:50Z,2014,2014-01-01,2014-12-31
5084069,TB_1,COUNTRY,DEU,EUR,Europe,YEAR,2010,,,,,,,,,91 [82-100],91,82,100,,2025-11-11T16:20:50Z,2010,2010-01-01,2010-12-31
5086257,TB_1,COUNTRY,TZA,AFR,Africa,YEAR,2004,,,,,,,,,32 [14-140],32,14,140,,2025-11-11T16:20:50Z,2004,2004-01-01,2004-12-31
5087676,TB_1,REGION,AFR,,,YEAR,2011,,,,,,,,,46 [39-55],46,39,55,,2025-11-11T16:20:50Z,2011,2011-01-01,2011-12-31
5088155,TB_1,COUNTRY,BEN,AFR,Africa,YEAR,2015,,,,,,,,,56 [27-96],56,27,96,,2025-11-11T16:20:50Z,2015,2015-01-01,2015-12-31
5091027,TB_1,COUNTRY,AUT,EUR,Europe,YEAR,2024,,,,,,,,,85 [71-100],85,71,100,,2025-11-11T16:20:50Z,2024,2024-01-01,2024-12-31
5093004,TB_1,COUNTRY,GTM,AMR,Americas,YEAR,2002,,,,,,,,,89 [74-110],89,74,110,,2025-11-11T16:20:50Z,2002,2002-01-01,2002-12-31
5093076,TB_1,COUNTRY,JAM,AMR,Americas,YEAR,2001,,,,,,,,,43 [35-52],43,35,52,,2025-11-11T16:20:50Z,2001,2001-01-01,2001-12-31
5094115,TB_1,COUNTRY,CZE,EUR,Europe,YEAR,2011,,,,,,,,,78 [65-96],78,65,96,,2025-11-11T16:20:50Z,2011,2011-01-01,2011-12-31
5101831,TB_1,COUNTRY,EGY,EMR,Eastern Mediterranean,YEAR,2023,,,,,,,,,79 [64-100],79,64,100,,2025-11-11T16:20:50Z,2023,2023-01-01,2023-12-31
5103677,TB_1,COUNTRY,BOL,AMR,Americas,YEAR,2001,,,,,,,,,31 [26-39],31,26,39,,2025-11-11T16:20:50Z,2001,2001-01-01,2001-12-31
5104768,TB_1,COUNTRY,MLT,EUR,Europe,YEAR,2007,,,,,,,,,100 [83-120],100,83,120,,2025-11-11T16:20:50Z,2007,2007-01-01,2007-12-31
5106436,TB_1,COUNTRY,IRQ,EMR,Eastern Mediterranean,YEAR,2006,,,,,,,,,66 [54-82],66,54,82,,2025-11-11T16:20:50Z,2006,2006-01-01,2006-12-31
5109720,TB_1,COUNTRY,KOR,WPR,Western Pacific,YEAR,2016,,,,,,,,,94 [87-100],94,87,100,,2025-11-11T16:20:50Z,2016,2016-01-01,2016-12-31
5109912,TB_1,COUNTRY,HND,AMR,Americas,YEAR,2015,,,,,,,,,64 [53-78],64,53,78,,2025-11-11T16:20:50Z,2015,2015-01-01,2015-12-31
5111220,TB_1,COUNTRY,KGZ,EUR,Europe,YEAR,2008,,,,,,,,,51 [42-63],51,42,63,,2025-11-11T16:20:50Z,2008,2008-01-01,2008-12-31
5111468,TB_1,COUNTRY,ETH,AFR,Africa,YEAR,2020,,,,,,,,,58 [34-120],58,34,120,,2025-11-11T16:20:50Z,2020,2020-01-01,2020-12-31
5113874,TB_1,COUNTRY,HUN,EUR,Europe,YEAR,2011,,,,,,,,,71 [59-88],71,59,88,,2025-11-11T16:20:50Z,2011,2011-01-01,2011-12-31
5116369,TB_1,COUNTRY,GBR,EUR,Europe,YEAR,2004,,,,,,,,,89 [83-96],89,83,96,,2025-11-11T16:20:50Z,2004,2004-01-01,2004-12-31
5123825,TB_1,COUNTRY,ARG,AMR,Americas,YEAR,2000,,,,,,,,,64 [53-79],64,53,79,,2025-11-11T16:20:50Z,2000,2000-01-01,2000-12-31
5125239,TB_1,COUNTRY,NIC,AMR,Americas,YEAR,2007,,,,,,,,,52 [43-64],52,43,64,,2025-11-11T16:20:50Z,2007,2007-01-01,2007-12-31
5127653,TB_1,COUNTRY,KAZ,EUR,Europe,YEAR,2004,,,,,,,,,99 [82-120],99,82,120,,2025-11-11T16:20:50Z,2004,2004-01-01,2004-12-31
5127679,TB_1,COUNTRY,LUX,EUR,Europe,YEAR,2020,,,,,,,,,84 [70-100],84,70,100,,2025-11-11T16:20:50Z,2020,2020-01-01,2020-12-31
5133761,TB_1,COUNTRY,PLW,WPR,Western Pacific,YEAR,2016,,,,,,,,,100 [83-120],100,83,120,,2025-11-11T16:20:50Z,2016,2016-01-01,2016-12-31
5133943,TB_1,COUNTRY,BHR,EMR,Eastern Mediterranean,YEAR,2003,,,,,,,,,57 [47-70],57,47,70,,2025-11-11T16:20:50Z,2003,2003-01-01,2003-12-31
5137897,TB_1,COUNTRY,AFG,EMR,Eastern Mediterranean,YEAR,2011,,,,,,,,,47 [21-83],47,21,83,,2025-11-11T16:20:50Z,2011,2011-01-01,2011-12-31
5138902,TB_1,COUNTRY,EST,EUR,Europe,YEAR,2009,,,,,,,,,67 [55-82],67,55,82,,2025-11-11T16:20:50Z,2009,2009-01-01,2009-12-31
5139766,TB_1,COUNTRY,VNM,WPR,Western Pacific,YEAR,2023,,,,,,,,,56 [39-90],56,39,90,,2025-11-11T16:20:50Z,2023,2023-01-01,2023-12-31
5141570,TB_1,COUNTRY,GHA,AFR,Africa,YEAR,2012,,,,,,,,,32 [17-78],32,17,78,,2025-11-11T16:20:50Z,2012,2012-01-01,2012-12-31
5145719,TB_1,COUNTRY,SVK,EUR,Europe,YEAR,2021,,,,,,,,,82 [68-100],82,68,100,,2025-11-11T16:20:50Z,2021,2021-01-01,2021-12-31
5146573,TB_1,COUNTRY,DJI,EMR,Eastern Mediterranean,YEAR,2014,,,,,,,,,37 [31-46],37,31,46,,2025-11-11T16:20:50Z,2014,2014-01-01,2014-12-31
5151134,TB_1,COUNTRY,ISR,EUR,Europe,YEAR,2019,,,,,,,,,85 [70-100],85,70,100,,2025-11-11T16:20:50Z,2019,2019-01-01,2019-12-31
5153825,TB_1,COUNTRY,JOR,EMR,Eastern Mediterranean,YEAR,2023,,,,,,,,,67 [56-83],67,56,83,,2025-11-11T16:20:50Z,2023,2023-01-01,2023-12-31
5154979,TB_1,COUNTRY,VNM,WPR,Western Pacific,YEAR,2016,,,,,,,,,56 [37-93],56,37,93,,2025-11-11T16:20:50Z,2016,2016-01-01,2016-12-31
5155102,TB_1,COUNTRY,UZB,EUR,Europe,YEAR,2012,,,,,,,,,59 [49-72],59,49,72,,2025-11-11T16:20:50Z,2012,2012-01-01,2012-12-31
5155967,TB_1,COUNTRY,EGY,EMR,Eastern Mediterranean,YEAR,2003,,,,,,,,,77 [62-97],77,62,97,,2025-11-11T16:20:50Z,2003,2003-01-01,2003-12-31
5158466,TB_1,COUNTRY,CZE,EUR,Europe,YEAR,2018,,,,,,,,,83 [69-100],83,69,100,,2025-11-11T16:20:50Z,2018,2018-01-01,2018-12-31
5160554,TB_1,COUNTRY,SSD,AFR,Africa,YEAR,2011,,,,,,,,,17 [8.9-27],17,8.9,27,,2025-11-11T16:20:50Z,2011,2011-01-01,2011-12-31
5165368,TB_1,COUNTRY,SLV,AMR,Americas,YEAR,2000,,,,,,,,,43 [36-53],43,36,53,,2025-11-11T16:20:50Z,2000,2000-01-01,2000-12-31
5168285,TB_1,COUNTRY,ISR,EUR,Europe,YEAR,2016,,,,,,,,,83 [69-100],83,69,100,,2025-11-11T16:20:50Z,2016,2016-01-01,2016-12-31
5169393,TB_1,COUNTRY,DEU,EUR,Europe,YEAR,2017,,,,,,,,,91 [82-100],91,82,100,,2025-11-11T16:20:50Z,2017,2017-01-01,2017-12-31
5169475,TB_1,COUNTRY,GHA,AFR,Africa,YEAR,2005,,,,,,,,,27 [13-78],27,13,78,,2025-11-11T16:20:50Z,2005,2005-01-01,2005-12-31
5172599,TB_1,COUNTRY,GUY,AMR,Americas,YEAR,2001,,,,,,,,,41 [34-50],41,34,50,,2025-11-11T16:20:50Z,2001,2001-01-01,2001-12-31
5172720,TB_1,COUNTRY,EGY,EMR,Eastern Mediterranean,YEAR,2017,,,,,,,,,64 [51-82],64,51,82,,2025-11-11T16:20:50Z,2017,2017-01-01,2017-12-31
5172977,TB_1,COUNTRY,AUT,EUR,Europe,YEAR,2004,,,,,,,,,74 [62-91],74,62,91,,2025-11-11T16:20:50Z,2004,2004-01-01,2004-12-31
5174744,TB_1,COUNTRY,AZE,EUR,Europe,YEAR,2002,,,,,,,,,33 [27-40],33,27,40,,2025-11-11T16:20:50Z,2002,2002-01-01,2002-12-31
5181417,TB_1,COUNTRY,BLZ,AMR,Americas,YEAR,2009,,,,,,,,,59 [49-73],59,49,73,,2025-11-11T16:20:50Z,2009,2009-01-01,2009-12-31
5181737,TB_1,COUNTRY,BGR,EUR,Europe,YEAR,2021,,,,,,,,,75 [62-92],75,62,92,,2025-11-11T16:20:50Z,2021,2021-01-01,2021-12-31
5181975,TB_1,COUNTRY,MEX,AMR,Americas,YEAR,2007,,,,,,,,,60 [49-73],60,49,73,,2025-11-11T16:20:50Z,2007,2007-01-01,2007-12-31
5182236,TB_1,COUNTRY,URY,AMR,Americas,YEAR,2004,,,,,,,,,65 [54-80],65,54,80,,2025-11-11T16:20:50Z,2004,2004-01-01,2004-12-31
5183848,TB_1,COUNTRY,DJI,EMR,Eastern Mediterranean,YEAR,2015,,,,,,,,,38 [32-47],38,32,47,,2025-11-11T16:20:50Z,2015,2015-01-01,2015-12-31
5184622,TB_1,COUNTRY,JAM,AMR,Americas,YEAR,2008,,,,,,,,,58 [48-72],58,48,72,,2025-11-11T16:20:50Z,2008,2008-01-01,2008-12-31
5186369,TB_1,COUNTRY,FRA,EUR,Europe,YEAR,2006,,,,,,,,,83 [79-86],83,79,86,,2025-11-11T16:20:50Z,2006,2006-01-01,2006-12-31
5187605,TB_1,COUNTRY,ZAF,AFR,Africa,YEAR,2011,,,,,,,,,57 [36-100],57,36,100,,2025-11-11T16:20:50Z,2011,2011-01-01,2011-12-31
5188302,TB_1,COUNTRY,MHL,WPR,Western Pacific,YEAR,2012,,,,,,,,,54 [45-67],54,45,67,,2025-11-11T16:20:50Z,2012,2012-01-01,2012-12-31
5190529,TB_1,COUNTRY,USA,AMR,Americas,YEAR,2017,,,,,,,,,86 [71-110],86,71,110,,2025-11-11T16:20:50Z,2017,2017-01-01,2017-12-31
5192256,TB_1,COUNTRY,GIN,AFR,Africa,YEAR,2016,,,,,,,,,59 [29-100],59,29,100,,2025-11-11T16:20:50Z,2016,2016-01-01,2016-12-31
5197185,TB_1,COUNTRY,HTI,AMR,Americas,YEAR,2016,,,,,,,,,48 [40-59],48,40,59,,2025-11-11T16:20:50Z,2016,2016-01-01,2016-12-31
5198449,TB_1,COUNTRY,NAM,AFR,Africa,YEAR,2008,,,,,,,,,62 [35-140],62,35,140,,2025-11-11T16:20:50Z,2008,2008-01-01,2008-12-31
5198739,TB_1,COUNTRY,POL,EUR,Europe,YEAR,2020,,,,,,,,,82 [68-100],82,68,100,,2025-11-11T16:20:50Z,2020,2020-01-01,2020-12-31
5199409,TB_1,COUNTRY,BLZ,AMR,Americas,YEAR,2004,,,,,,,,,50 [41-61],50,41,61,,2025-11-11T16:20:50Z,2004,2004-01-01,2004-12-31
5208154,TB_1,COUNTRY,DZA,AFR,Africa,YEAR,2005,,,,,,,,,57 [47-70],57,47,70,,2025-11-11T16:20:50Z,2005,2005-01-01,2005-12-31
5212821,TB_1,COUNTRY,ARG,AMR,Americas,YEAR,2015,,,,,,,,,79 [65-97],79,65,97,,2025-11-11T16:20:50Z,2015,2015-01-01,2015-12-31
5216875,TB_1,COUNTRY,LUX,EUR,Europe,YEAR,2011,,,,,,,,,78 [64-96],78,64,96,,2025-11-11T16:20:50Z,2011,2011-01-01,2011-12-31
5217116,TB_1,COUNTRY,TCD,AFR,Africa,YEAR,2015,,,,,,,,,50 [24-86],50,24,86,,2025-11-11T16:20:50Z,2015,2015-01-01,2015-12-31
5219323,TB_1,COUNTRY,BHS,AMR,Americas,YEAR,2005,,,,,,,,,68 [56-83],68,56,83,,2025-11-11T16:20:50Z,2005,2005-01-01,2005-12-31
5219325,TB_1,COUNTRY,BIH,EUR,Europe,YEAR,2010,,,,,,,,,60 [50-74],60,50,74,,2025-11-11T16:20:50Z,2010,2010-01-01,2010-12-31
5220202,TB_1,COUNTRY,EST,EUR,Europe,YEAR,2013,,,,,,,,,73 [61-90],73,61,90,,2025-11-11T16:20:50Z,2013,2013-01-01,2013-12-31
5223406,TB_1,COUNTRY,MLT,EUR,Europe,YEAR,2022,,,,,,,,,100 [83-120],100,83,120,,2025-11-11T16:20:50Z,2022,2022-01-01,2022-12-31
5225024,TB_1,COUNTRY,NIU,WPR,Western Pacific,YEAR,2018,,,,,,,,,100 [83-120],100,83,120,,2025-11-11T16:20:50Z,2018,2018-01-01,2018-12-31
5225619,TB_1,COUNTRY,PRI,AMR,Americas,YEAR,2003,,,,,,,,,54 [45-67],54,45,67,,2025-11-11T16:20:50Z,2003,2003-01-01,2003-12-31
5228209,TB_1,COUNTRY,SEN,AFR,Africa,YEAR,2017,,,,,,,,,56 [29-93],56,29,93,,2025-11-11T16:20:50Z,2017,2017-01-01,2017-12-31
5228389,TB_1,COUNTRY,DJI,EMR,Eastern Mediterranean,YEAR,2004,,,,,,,,,23 [19-29],23,19,29,,2025-11-11T16:20:50Z,2004,2004-01-01,2004-12-31
5232784,TB_1,COUNTRY,MLT,EUR,Europe,YEAR,2014,,,,,,,,,100 [83-120],100,83,120,,2025-11-11T16:20:50Z,2014,2014-01-01,2014-12-31
5239620,TB_1,COUNTRY,CHE,EUR,Europe,YEAR,2024,,,,,,,,,87 [72-110],87,72,110,,2025-11-11T16:20:50Z,2024,2024-01-01,2024-12-31
5241975,TB_1,COUNTRY,BOL,AMR,Americas,YEAR,2007,,,,,,,,,34 [29-42],34,29,42,,2025-11-11T16:20:50Z,2007,2007-01-01,2007-12-31
5242944,TB_1,COUNTRY,SWE,EUR,Europe,YEAR,2006,,,,,,,,,75 [62-93],75,62,93,,2025-11-11T16:20:50Z,2006,2006-01-01,2006-12-31
5245577,TB_1,COUNTRY,BFA,AFR,Africa,YEAR,2017,,,,,,,,,43 [22-70],43,22,70,,2025-11-11T16:20:50Z,2017,2017-01-01,2017-12-31
5247191,TB_1,COUNTRY,EGY,EMR,Eastern Mediterranean,YEAR,2006,,,,,,,,,70 [57-88],70,57,88,,2025-11-11T16:20:50Z,2006,2006-01-01,2006-12-31
5248863,TB_1,COUNTRY,MDA,EUR,Europe,YEAR,2017,,,,,,,,,99 [82-120],99,82,120,,2025-11-11T16:20:50Z,2017,2017-01-01,2017-12-31
5252070,TB_1,COUNTRY,PRY,AMR,Americas,YEAR,2024,,,,,,,,,72 [60-88],72,60,88,,2025-11-11T16:20:50Z,2024,2024-01-01,2024-12-31
5254984,TB_1,COUNTRY,DZA,AFR,Africa,YEAR,2000,,,,,,,,,51 [42-63],51,42,63,,2025-11-11T16:20:50Z,2000,2000-01-01,2000-12-31
5258182,TB_1,COUNTRY,URY,AMR,Americas,YEAR,2020,,,,,,,,,82 [68-100],82,68,100,,2025-11-11T16:20:50Z,2020,2020-01-01,2020-12-31
5258619,TB_1,COUNTRY,JPN,WPR,Western Pacific,YEAR,2003,,,,,,,,,70 [58-86],70,58,86,,2025-11-11T16:20:50Z,2003,2003-01-01,2003-12-31
5259226,TB_1,COUNTRY,MWI,AFR,Africa,YEAR,2022,,,,,,,,,70 [41-140],70,41,140,,2025-11-11T16:20:50Z,2022,2022-01-01,2022-12-31
5261111,TB_1,COUNTRY,CYP,EUR,Europe,YEAR,2022,,,,,,,,,81 [67-100],81,67,100,,2025-11-11T16:20:50Z,2022,2022-01-01,2022-12-31
5261473,TB_1,COUNTRY,JPN,WPR,Western Pacific,YEAR,2011,,,,,,,,,80 [66-98],80,66,98,,2025-11-11T16:20:50Z,2011,2011-01-01,2011-12-31
5263648,TB_1,COUNTRY,IDN,WPR,Western Pacific,YEAR,2006,,,,,,,,,33 [30-37],33,30,37,,2025-11-11T16:20:50Z,2006,2006-01-01,2006-12-31
5265841,TB_1,COUNTRY,PRI,AMR,Americas,YEAR,2015,,,,,,,,,74 [61-91],74,61,91,,2025-11-11T16:20:50Z,2015,2015-01-01,2015-12-31
5271371,TB_1,COUNTRY,DNK,EUR,Europe,YEAR,2016,,,,,,,,,81 [67-99],81,67,99,,2025-11-11T16:20:50Z,2016,2016-01-01,2016-12-31
5272314,TB_1,COUNTRY,JAM,AMR,Americas,YEAR,2018,,,,,,,,,74 [61-91],74,61,91,,2025-11-11T16:20:50Z,2018,2018-01-01,2018-12-31
5277065,TB_1,WORLDBANKINCOMEGROUP,WB_UMI,,,YEAR,2023,,,,,,,,,75 [68-83],75,68,83,,2025-11-11T16:20:50Z,2023,2023-01-01,2023-12-31
5281544,TB_1,COUNTRY,CZE,EUR,Europe,YEAR,2000,,,,,,,,,75 [62-92],75,62,92,,2025-11-11T16:20:50Z,2000,2000-01-01,2000-12-31
5284121,TB_1,COUNTRY,PSE,EMR,Eastern Mediterranean,YEAR,2010,,,,,,,,,59 [49-73],59,49,73,,2025-11-11T16:20:50Z,2010,2010-01-01,2010-12-31
5285349,TB_1,COUNTRY,MAR,EMR,Eastern Mediterranean,YEAR,2011,,,,,,,,,89 [74-110],89,74,110,,2025-11-11T16:20:50Z,2011,2011-01-01,2011-12-31
5285728,TB_1,COUNTRY,BRB,AMR,Americas,YEAR,2023,,,,,,,,,100 [83-120],100,83,120,,2025-11-11T16:20:50Z,2023,2023-01-01,2023-12-31
5286081,TB_1,COUNTRY,ITA,EUR,Europe,YEAR,2023,,,,,,,,,85 [70-100],85,70,100,,2025-11-11T16:20:50Z,2023,2023-01-01,2023-12-31
5287355,TB_1,COUNTRY,CPV,AFR,Africa,YEAR,2011,,,,,,,,,61 [51-75],61,51,75,,2025-11-11T16:20:50Z,2011,2011-01-01,2011-12-31
5290001,TB_1,COUNTRY,SRB,EUR,Europe,YEAR,2008,,,,,,,,,61 [51-76],61,51,76,,2025-11-11T16:20:50Z,2008,2008-01-01,2008-12-31
5296862,TB_1,COUNTRY,BEN,AFR,Africa,YEAR,2017,,,,,,,,,53 [26-88],53,26,88,,2025-11-11T16:20:50Z,2017,2017-01-01,2017-12-31
5301562,TB_1,COUNTRY,PSE,EMR,Eastern Mediterranean,YEAR,2003,,,,,,,,,51 [42-62],51,42,62,,2025-11-11T16:20:50Z,2003,2003-01-01,2003-12-31
5304015,TB_1,COUNTRY,ZMB,AFR,Africa,YEAR,2018,,,,,,,,,56 [39-88],56,39,88,,2025-11-11T16:20:50Z,2018,2018-01-01,2018-12-31
5304075,TB_1,COUNTRY,TLS,SEAR,South-East Asia,YEAR,2009,,,,,,,,,62 [28-110],62,28,110,,2025-11-11T16:20:50Z,2009,2009-01-01,2009-12-31
5304343,TB_1,COUNTRY,PSE,EMR,Eastern Mediterranean,YEAR,2014,,,,,,,,,63 [53-78],63,53,78,,2025-11-11T16:20:50Z,2014,2014-01-01,2014-12-31
5308518,TB_1,COUNTRY,BLR,EUR,Europe,YEAR,2017,,,,,,,,,77 [64-95],77,64,95,,2025-11-11T16:20:50Z,2017,2017-01-01,2017-12-31
5309151,TB_1,COUNTRY,MYS,WPR,Western Pacific,YEAR,2007,,,,,,,,,61 [51-75],61,51,75,,2025-11-11T16:20:50Z,2007,2007-01-01,2007-12-31
5310353,TB_1,COUNTRY,MWI,AFR,Africa,YEAR,2023,,,,,,,,,75 [43-160],75,43,160,,2025-11-11T16:20:50Z,2023,2023-01-01,2023-12-31
5310965,TB_1,COUNTRY,KOR,WPR,Western Pacific,YEAR,2005,,,,,,,,,94 [87-100],94,87,100,,2025-11-11T16:20:50Z,2005,2005-01-01,2005-12-31
5312254,TB_1,COUNTRY,COG,AFR,Africa,YEAR,2003,,,,,,,,,44 [18-81],44,18,81,,2025-11-11T16:20:50Z,2003,2003-01-01,2003-12-31
5312447,TB_1,COUNTRY,IND,SEAR,South-East Asia,YEAR,2011,,,,,,,,,39 [24-76],39,24,76,,2025-11-11T16:20:50Z,2011,2011-01-01,2011-12-31
5312970,TB_1,COUNTRY,KWT,EMR,Eastern Mediterranean,YEAR,2006,,,,,,,,,75 [63-93],75,63,93,,2025-11-11T16:20:50Z,2006,2006-01-01,2006-12-31
5314998,TB_1,COUNTRY,ZMB,AFR,Africa,YEAR,2001,,,,,,,,,62 [30-180],62,30,180,,2025-11-11T16:20:50Z,2001,2001-01-01,2001-12-31
5315603,TB_1,COUNTRY,AFG,EMR,Eastern Mediterranean,YEAR,2006,,,,,,,,,41 [15-81],41,15,81,,2025-11-11T16:20:50Z,2006,2006-01-01,2006-12-31
5316529,TB_1,COUNTRY,NLD,EUR,Europe,YEAR,2017,,,,,,,,,87 [75-100],87,75,100,,2025-11-11T16:20:50Z,2017,2017-01-01,2017-12-31
5317067,TB_1,COUNTRY,CPV,AFR,Africa,YEAR,2017,,,,,,,,,70 [58-86],70,58,86,,2025-11-11T16:20:50Z,2017,2017-01-01,2017-12-31
5317215,TB_1,COUNTRY,MOZ,AFR,Africa,YEAR,2011,,,,,,,,,53 [36-85],53,36,85,,2025-11-11T16:20:50Z,2011,2011-01-01,2011-12-31
5318740,TB_1,COUNTRY,MLI,AFR,Africa,YEAR,2007,,,,,,,,,46 [21-81],46,21,81,,2025-11-11T16:20:50Z,2007,2007-01-01,2007-12-31
5320209,TB_1,COUNTRY,NGA,AFR,Africa,YEAR,2018,,,,,,,,,23 [16-35],23,16,35,,2025-11-11T16:20:50Z,2018,2018-01-01,2018-12-31
5320423,TB_1,WORLDBANKINCOMEGROUP,WB_UMI,,,YEAR,2008,,,,,,,,,62 [54-73],62,54,73,,2025-11-11T16:20:50Z,2008,2008-01-01,2008-12-31
5321692,TB_1,COUNTRY,LAO,WPR,Western Pacific,YEAR,2009,,,,,,,,,27 [16-54],27,16,54,,2025-11-11T16:20:50Z,2009,2009-01-01,2009-12-31
5321818,TB_1,COUNTRY,ERI,AFR,Africa,YEAR,2010,,,,,,,,,38 [31-46],38,31,46,,2025-11-11T16:20:50Z,2010,2010-01-01,2010-12-31
5323060,TB_1,COUNTRY,COD,AFR,Africa,YEAR,2009,,,,,,,,,33 [17-54],33,17,54,,2025-11-11T16:20:50Z,2009,2009-01-01,2009-12-31
5324750,TB_1,COUNTRY,GRD,AMR,Americas,YEAR,2003,,,,,,,,,100 [83-120],100,83,120,,2025-11-11T16:20:50Z,2003,2003-01-01,2003-12-31
5329099,TB_1,COUNTRY,NAM,AFR,Africa,YEAR,2014,,,,,,,,,58 [40-94],58,40,94,,2025-11-11T16:20:50Z,2014,2014-01-01,2014-12-31
5330951,TB_1,COUNTRY,CUB,AMR,Americas,YEAR,2003,,,,,,,,,58 [48-71],58,48,71,,2025-11-11T16:20:50Z,2003,2003-01-01,2003-12-31
5331986,TB_1,GLOBAL,GLOBAL,,,YEAR,2019,,,,,,,,,68 [64-73],68,64,73,,2025-11-11T16:20:50Z,2019,2019-01-01,2019-12-31
5332507,TB_1,COUNTRY,EGY,EMR,Eastern Mediterranean,YEAR,2007,,,,,,,,,69 [56-88],69,56,88,,2025-11-11T16:20:50Z,2007,2007-01-01,2007-12-31
5333655,TB_1,COUNTRY,BEL,EUR,Europe,YEAR,2000,,,,,,,,,74 [62-91],74,62,91,,2025-11-11T16:20:50Z,2000,2000-01-01,2000-12-31
5335055,TB_1,COUNTRY,ERI,AFR,Africa,YEAR,2014,,,,,,,,,42 [35-51],42,35,51,,2025-11-11T16:20:50Z,2014,2014-01-01,2014-12-31
5336312,TB_1,COUNTRY,KGZ,EUR,Europe,YEAR,2024,,,,,,,,,43 [35-56],43,35,56,,2025-11-11T16:20:50Z,2024,2024-01-01,2024-12-31
5336359,TB_1,COUNTRY,VCT,AMR,Americas,YEAR,2010,,,,,,,,,100 [83-120],100,83,120,,2025-11-11T16:20:50Z,2010,2010-01-01,2010-12-31
5336473,TB_1,COUNTRY,MHL,WPR,Western Pacific,YEAR,2007,,,,,,,,,44 [37-55],44,37,55,,2025-11-11T16:20:50Z,2007,2007-01-01,2007-12-31
5340521,TB_1,COUNTRY,MNE,EUR,Europe,YEAR,2015,,,,,,,,,67 [56-82],67,56,82,,2025-11-11T16:20:50Z,2015,2015-01-01,2015-12-31
5340868,TB_1,COUNTRY,KNA,AMR,Americas,YEAR,2014,,,,,,,,,100 [83-120],100,83,120,,2025-11-11T16:20:50Z,2014,2014-01-01,2014-12-31
5342064,TB_1,COUNTRY,BEN,AFR,Africa,YEAR,2012,,,,,,,,,53 [25-91],53,25,91,,2025-11-11T16:20:50Z,2012,2012-01-01,2012-12-31
5342862,TB_1,REGION,SEAR,,,YEAR,2007,,,,,,,,,38 [22-80],38,22,80,,2025-11-11T16:20:50Z,2007,2007-01-01,2007-12-31
5345738,TB_1,COUNTRY,ROU,EUR,Europe,YEAR,2003,,,,,,,,,68 [56-84],68,56,84,,2025-11-11T16:20:50Z,2003,2003-01-01,2003-12-31
5347768,TB_1,COUNTRY,VCT,AMR,Americas,YEAR,2000,,,,,,,,,100 [83-120],100,83,120,,2025-11-11T16:20:50Z,2000,2000-01-01,2000-12-31
5352511,TB_1,COUNTRY,MMR,SEAR,South-East Asia,YEAR,2006,,,,,,,,,47 [24-130],47,24,130,,2025-11-11T16:20:50Z,2006,2006-01-01,2006-12-31
5353393,TB_1,COUNTRY,TUN,EMR,Eastern Mediterranean,YEAR,2011,,,,,,,,,57 [48-70],57,48,70,,2025-11-11T16:20:50Z,2011,2011-01-01,2011-12-31
5355215,TB_1,COUNTRY,QAT,EMR,Eastern Mediterranean,YEAR,2003,,,,,,,,,44 [37-55],44,37,55,,2025-11-11T16:20:50Z,2003,2003-01-01,2003-12-31
5363063,TB_1,COUNTRY,SLV,AMR,Americas,YEAR,2002,,,,,,,,,50 [41-61],50,41,61,,2025-11-11T16:20:50Z,2002,2002-01-01,2002-12-31
5363835,TB_1,COUNTRY,MUS,AFR,Africa,YEAR,2020,,,,,,,,,65 [54-80],65,54,80,,2025-11-11T16:20:50Z,2020,2020-01-01,2020-12-31
5374986,TB_1,COUNTRY,TGO,AFR,Africa,YEAR,2012,,,,,,,,,53 [24-91],53,24,91,,2025-11-11T16:20:50Z,2012,2012-01-01,2012-12-31
5376782,TB_1,COUNTRY,MAC,,,YEAR,2022,,,,,,,,,65 [54-80],65,54,80,,2025-11-11T16:20:50Z,2022,2022-01-01,2022-12-31
5381102,TB_1,REGION,SEAR,,,YEAR,2009,,,,,,,,,41 [25-82],41,25,82,,2025-11-11T16:20:50Z,2009,2009-01-01,2009-12-31
5382231,TB_1,COUNTRY,TTO,AMR,Americas,YEAR,2010,,,,,,,,,70 [58-86],70,58,86,,2025-11-11T16:20:50Z,2010,2010-01-01,2010-12-31
5384017,TB_1,COUNTRY,GIN,AFR,Africa,YEAR,2002,,,,,,,,,50 [19-95],50,19,95,,2025-11-11T16:20:50Z,2002,2002-01-01,2002-12-31
5385442,TB_1,COUNTRY,FRA,EUR,Europe,YEAR,2020,,,,,,,,,83 [79-86],83,79,86,,2025-11-11T16:20:50Z,2020,2020-01-01,2020-12-31
5387309,TB_1,COUNTRY,PRI,AMR,Americas,YEAR,2017,,,,,,,,,75 [62-92],75,62,92,,2025-11-11T16:20:50Z,2017,2017-01-01,2017-12-31
5388209,TB_1,COUNTRY,MMR,SEAR,South-East Asia,YEAR,2003,,,,,,,,,29 [15-82],29,15,82,,2025-11-11T16:20:50Z,2003,2003-01-01,2003-12-31
5390530,TB_1,COUNTRY,RWA,AFR,Africa,YEAR,2017,,,,,,,,,71 [52-100],71,52,100,,2025-11-11T16:20:50Z,2017,2017-01-01,2017-12-31
5390632,TB_1,REGION,WPR,,,YEAR,2018,,,,,,,,,73 [64-84],73,64,84,,2025-11-11T16:20:50Z,2018,2018-01-01,2018-12-31
5391817,TB_1,COUNTRY,CYP,EUR,Europe,YEAR,2014,,,,,,,,,75 [62-92],75,62,92,,2025-11-11T16:20:50Z,2014,2014-01-01,2014-12-31
5394262,TB_1,COUNTRY,CHN,WPR,Western Pacific,YEAR,2021,,,,,,,,,75 [62-92],75,62,92,,2025-11-11T16:20:50Z,2021,2021-01-01,2021-12-31
5397393,TB_1,COUNTRY,HUN,EUR,Europe,YEAR,2010,,,,,,,,,70 [58-86],70,58,86,,2025-11-11T16:20:50Z,2010,2010-01-01,2010-12-31
5399345,TB_1,REGION,AMR,,,YEAR,2022,,,,,,,,,74 [68-81],74,68,81,,2025-11-11T16:20:50Z,2022,2022-01-01,2022-12-31
5399511,TB_1,COUNTRY,JPN,WPR,Western Pacific,YEAR,2023,,,,,,,,,83 [69-100],83,69,100,,2025-11-11T16:20:50Z,2023,2023-01-01,2023-12-31
5399635,TB_1,COUNTRY,UZB,EUR,Europe,YEAR,2001,,,,,,,,,43 [35-52],43,35,52,,2025-11-11T16:20:50Z,2001,2001-01-01,2001-12-31
5407239,TB_1,COUNTRY,KIR,WPR,Western Pacific,YEAR,2021,,,,,,,,,47 [39-58],47,39,58,,2025-11-11T16:20:50Z,2021,2021-01-01,2021-12-31
5409942,TB_1,COUNTRY,TTO,AMR,Americas,YEAR,2023,,,,,,,,,74 [62-91],74,62,91,,2025-11-11T16:20:50Z,2023,2023-01-01,2023-12-31
5411392,TB_1,COUNTRY,LCA,AMR,Americas,YEAR,2001,,,,,,,,,100 [83-120],100,83,120,,2025-11-11T16:20:50Z,2001,2001-01-01,2001-12-31
5413282,TB_1,COUNTRY,GNB,AFR,Africa,YEAR,2019,,,,,,,,,65 [34-110],65,34,110,,2025-11-11T16:20:50Z,2019,2019-01-01,2019-12-31
5417839,TB_1,COUNTRY,BIH,EUR,Europe,YEAR,2011,,,,,,,,,62 [51-76],62,51,76,,2025-11-11T16:20:50Z,2011,2011-01-01,2011-12-31
5417877,TB_1,COUNTRY,CAN,AMR,Americas,YEAR,2008,,,,,,,,,79 [66-98],79,66,98,,2025-11-11T16:20:50Z,2008,2008-01-01,2008-12-31
5421650,TB_1,COUNTRY,AGO,AFR,Africa,YEAR,2020,,,,,,,,,51 [35-78],51,35,78,,2025-11-11T16:20:50Z,2020,2020-01-01,2020-12-31
5421802,TB_1,COUNTRY,MDG,AFR,Africa,YEAR,2018,,,,,,,,,58 [29-95],58,29,95,,2025-11-11T16:20:50Z,2018,2018-01-01,2018-12-31
5422835,TB_1,COUNTRY,TZA,AFR,Africa,YEAR,2012,,,,,,,,,35 [17-120],35,17,120,,2025-11-11T16:20:50Z,2012,2012-01-01,2012-12-31
5423949,TB_1,COUNTRY,LVA,EUR,Europe,YEAR,2003,,,,,,,,,47 [39-58],47,39,58,,2025-11-11T16:20:50Z,2003,2003-01-01,2003-12-31
5424793,TB_1,COUNTRY,CYP,EUR,Europe,YEAR,2000,,,,,,,,,42 [35-52],42,35,52,,2025-11-11T16:20:50Z,2000,2000-01-01,2000-12-31
5425915,TB_1,COUNTRY,HRV,EUR,Europe,YEAR,2013,,,,,,,,,76 [63-94],76,63,94,,2025-11-11T16:20:50Z,2013,2013-01-01,2013-12-31
5426886,TB_1,COUNTRY,SVK,EUR,Europe,YEAR,2019,,,,,,,,,82 [68-100],82,68,100,,2025-11-11T16:20:50Z,2019,2019-01-01,2019-12-31
5427770,TB_1,COUNTRY,AUS,WPR,Western Pacific,YEAR,2008,,,,,,,,,82 [68-100],82,68,100,,2025-11-11T16:20:50Z,2008,2008-01-01,2008-12-31
5427849,TB_1,COUNTRY,AFG,EMR,Eastern Mediterranean,YEAR,2003,,,,,,,,,28 [6.1-63],28,6.1,63,,2025-11-11T16:20:50Z,2003,2003-01-01,2003-12-31
5428721,TB_1,COUNTRY,TUV,WPR,Western Pacific,YEAR,2005,,,,,,,,,100 [83-120],100,83,120,,2025-11-11T16:20:50Z,2005,2005-01-01,2005-12-31
5429198,TB_1,COUNTRY,HUN,EUR,Europe,YEAR,2000,,,,,,,,,67 [55-82],67,55,82,,2025-11-11T16:20:50Z,2000,2000-01-01,2000-12-31
5432617,TB_1,COUNTRY,SLB,WPR,Western Pacific,YEAR,2019,,,,,,,,,44 [37-54],44,37,54,,2025-11-11T16:20:50Z,2019,2019-01-01,2019-12-31
5434162,TB_1,COUNTRY,ARG,AMR,Americas,YEAR,2009,,,,,,,,,74 [61-91],74,61,91,,2025-11-11T16:20:50Z,2009,2009-01-01,2009-12-31
5434771,TB_1,COUNTRY,BDI,AFR,Africa,YEAR,2011,,,,,,,,,47 [22-81],47,22,81,,2025-11-11T16:20:50Z,2011,2011-01-01,2011-12-31
5435988,TB_1,COUNTRY,ITA,EUR,Europe,YEAR,2013,,,,,,,,,81 [68-100],81,68,100,,2025-11-11T16:20:50Z,2013,2013-01-01,2013-12-31
5438520,TB_1,COUNTRY,GTM,AMR,Americas,YEAR,2011,,,,,,,,,89 [74-110],89,74,110,,2025-11-11T16:20:50Z,2011,2011-01-01,2011-12-31
5439252,TB_1,COUNTRY,SAU,EMR,Eastern Mediterranean,YEAR,2002,,,,,,,,,91 [82-100],91,82,100,,2025-11-11T16:20:50Z,2002,2002-01-01,2002-12-31
5439367,TB_1,COUNTRY,UGA,AFR,Africa,YEAR,2024,,,,,,,,,90 [60-150],90,60,150,,2025-11-11T16:20:50Z,2024,2024-01-01,2024-12-31
5441420,TB_1,COUNTRY,GRC,EUR,Europe,YEAR,2012,,,,,,,,,75 [62-92],75,62,92,,2025-11-11T16:20:50Z,2012,2012-01-01,2012-12-31
5441605,TB_1,COUNTRY,LTU,EUR,Europe,YEAR,2007,,,,,,,,,52 [43-64],52,43,64,,2025-11-11T16:20:50Z,2007,2007-01-01,2007-12-31
5442550,TB_1,COUNTRY,NIU,WPR,Western Pacific,YEAR,2002,,,,,,,,,100 [83-120],100,83,120,,2025-11-11T16:20:50Z,2002,2002-01-01,2002-12-31
5452807,TB_1,COUNTRY,NAM,AFR,Africa,YEAR,2023,,,,,,,,,72 [51-120],72,51,120,,2025-11-11T16:20:50Z,2023,2023-01-01,2023-12-31
5453298,TB_1,COUNTRY,HND,AMR,Americas,YEAR,2019,,,,,,,,,65 [54-79],65,54,79,,2025-11-11T16:20:50Z,2019,2019-01-01,2019-12-31
5454634,TB_1,COUNTRY,NZL,WPR,Western Pacific,YEAR,2012,,,,,,,,,82 [68-100],82,68,100,,2025-11-11T16:20:50Z,2012,2012-01-01,2012-12-31
5455616,TB_1,COUNTRY,SSD,AFR,Africa,YEAR,2016,,,,,,,,,26 [14-43],26,14,43,,2025-11-11T16:20:50Z,2016,2016-01-01,2016-12-31
5457125,TB_1,COUNTRY,NGA,AFR,Africa,YEAR,2005,,,,,,,,,20 [14-31],20,14,31,,2025-11-11T16:20:50Z,2005,2005-01-01,2005-12-31
5458611,TB_1,COUNTRY,FIN,EUR,Europe,YEAR,2000,,,,,,,,,72 [60-89],72,60,89,,2025-11-11T16:20:50Z,2000,2000-01-01,2000-12-31
5459923,TB_1,COUNTRY,GRC,EUR,Europe,YEAR,2024,,,,,,,,,100 [86-130],100,86,130,,2025-11-11T16:20:50Z,2024,2024-01-01,2024-12-31
5460333,TB_1,COUNTRY,GIN,AFR,Africa,YEAR,2021,,,,,,,,,77 [40-120],77,40,120,,2025-11-11T16:20:50Z,2021,2021-01-01,2021-12-31
5464370,TB_1,COUNTRY,JPN,WPR,Western Pacific,YEAR,2005,,,,,,,,,73 [61-90],73,61,90,,2025-11-11T16:20:50Z,2005,2005-01-01,2005-12-31
5464630,TB_1,COUNTRY,POL,EUR,Europe,YEAR,2024,,,,,,,,,91 [76-110],91,76,110,,2025-11-11T16:20:50Z,2024,2024-01-01,2024-12-31
5465727,TB_1,REGION,SEAR,,,YEAR,2014,,,,,,,,,53 [41-69],53,41,69,,2025-11-11T16:20:50Z,2014,2014-01-01,2014-12-31
5469870,TB_1,COUNTRY,CIV,AFR,Africa,YEAR,2016,,,,,,,,,54 [27-90],54,27,90,,2025-11-11T16:20:50Z,2016,2016-01-01,2016-12-31
5470254,TB_1,COUNTRY,NAM,AFR,Africa,YEAR,2011,,,,,,,,,62 [39-110],62,39,110,,2025-11-11T16:20:50Z,2011,2011-01-01,2011-12-31
5471688,TB_1,REGION,AFR,,,YEAR,2009,,,,,,,,,46 [38-56],46,38,56,,2025-11-11T16:20:50Z,2009,2009-01-01,2009-12-31
5474246,TB_1,COUNTRY,WSM,WPR,Western Pacific,YEAR,2015,,,,,,,,,100 [83-120],100,83,120,,2025-11-11T16:20:50Z,2015,2015-01-01,2015-12-31
5476566,TB_1,COUNTRY,SEN,AFR,Africa,YEAR,2002,,,,,,,,,44 [18-83],44,18,83,,2025-11-11T16:20:50Z,2002,2002-01-01,2002-12-31
5477049,TB_1,COUNTRY,LUX,EUR,Europe,YEAR,2024,,,,,,,,,95 [79-120],95,79,120,,2025-11-11T16:20:50Z,2024,2024-01-01,2024-12-31
5485908,TB_1,COUNTRY,MMR,SEAR,South-East Asia,YEAR,2011,,,,,,,,,58 [33-130],58,33,130,,2025-11-11T16:20:50Z,2011,2011-01-01,2011-12-31
5486146,TB_1,COUNTRY,BLR,EUR,Europe,YEAR,2022,,,,,,,,,84 [70-100],84,70,100,,2025-11-11T16:20:50Z,2022,2022-01-01,2022-12-31
5489426,TB_1,COUNTRY,LAO,WPR,Western Pacific,YEAR,2021,,,,,,,,,58 [40-91],58,40,91,,2025-11-11T16:20:50Z,2021,2021-01-01,2021-12-31
5491351,TB_1,COUNTRY,ESP,EUR,Europe,YEAR,2022,,,,,,,,,86 [71-110],86,71,110,,2025-11-11T16:20:50Z,2022,2022-01-01,2022-12-31
5497059,TB_1,COUNTRY,STP,AFR,Africa,YEAR,2018,,,,,,,,,58 [48-71],58,48,71,,2025-11-11T16:20:50Z,2018,2018-01-01,2018-12-31
5504642,TB_1,COUNTRY,EST,EUR,Europe,YEAR,2001,,,,,,,,,54 [45-66],54,45,66,,2025-11-11T16:20:50Z,2001,2001-01-01,2001-12-31
5506220,TB_1,COUNTRY,JPN,WPR,Western Pacific,YEAR,2000,,,,,,,,,66 [55-81],66,55,81,,2025-11-11T16:20:50Z,2000,2000-01-01,2000-12-31
5509765,TB_1,COUNTRY,GUY,AMR,Americas,YEAR,2019,,,,,,,,,77 [64-95],77,64,95,,2025-11-11T16:20:50Z,2019,2019-01-01,2019-12-31
5510297,TB_1,COUNTRY,KHM,WPR,Western Pacific,YEAR,2016,,,,,,,,,65 [48-87],65,48,87,,2025-11-11T16:20:50Z,2016,2016-01-01,2016-12-31
5512069,TB_1,COUNTRY,MYS,WPR,Western Pacific,YEAR,2001,,,,,,,,,46 [38-57],46,38,57,,2025-11-11T16:20:50Z,2001,2001-01-01,2001-12-31
5514171,TB_1,COUNTRY,KIR,WPR,Western Pacific,YEAR,2015,,,,,,,,,42 [35-52],42,35,52,,2025-11-11T16:20:50Z,2015,2015-01-01,2015-12-31
5516238,TB_1,COUNTRY,ITA,EUR,Europe,YEAR,2018,,,,,,,,,85 [70-100],85,70,100,,2025-11-11T16:20:50Z,2018,2018-01-01,2018-12-31
5520234,TB_1,COUNTRY,PRY,AMR,Americas,YEAR,2020,,,,,,,,,72 [60-89],72,60,89,,2025-11-11T16:20:50Z,2020,2020-01-01,2020-12-31
5527014,TB_1,COUNTRY,THA,SEAR,South-East Asia,YEAR,2003,,,,,,,,,35 [17-110],35,17,110,,2025-11-11T16:20:50Z,2003,2003-01-01,2003-12-31
5527150,TB_1,COUNTRY,TON,WPR,Western Pacific,YEAR,2024,,,,,,,,,100 [83-120],100,83,120,,2025-11-11T16:20:50Z,2024,2024-01-01,2024-12-31
5532814,TB_1,REGION,EMR,,,YEAR,2023,,,,,,,,,70 [56-91],70,56,91,,2025-11-11T16:20:50Z,2023,2023-01-01,2023-12-31
5532823,TB_1,COUNTRY,IRQ,EMR,Eastern Mediterranean,YEAR,2024,,,,,,,,,66 [54-82],66,54,82,,2025-11-11T16:20:50Z,2024,2024-01-01,2024-12-31
5539777,TB_1,COUNTRY,PLW,WPR,Western Pacific,YEAR,2019,,,,,,,,,100 [83-120],100,83,120,,2025-11-11T16:20:50Z,2019,2019-01-01,2019-12-31
5545715,TB_1,COUNTRY,DEU,EUR,Europe,YEAR,2000,,,,,,,,,91 [82-100],91,82,100,,2025-11-11T16:20:50Z,2000,2000-01-01,2000-12-31
5549006,TB_1,COUNTRY,HRV,EUR,Europe,YEAR,2024,,,,,,,,,110 [88-130],110,88,130,,2025-11-11T16:20:50Z,2024,2024-01-01,2024-12-31
5550416,TB_1,COUNTRY,BEN,AFR,Africa,YEAR,2006,,,,,,,,,50 [22-88],50,22,88,,2025-11-11T16:20:50Z,2006,2006-01-01,2006-12-31
5550797,TB_1,COUNTRY,AUS,WPR,Western Pacific,YEAR,2012,,,,,,,,,85 [70-100],85,70,100,,2025-11-11T16:20:50Z,2012,2012-01-01,2012-12-31
5553072,TB_1,COUNTRY,MOZ,AFR,Africa,YEAR,2021,,,,,,,,,86 [58-140],86,58,140,,2025-11-11T16:20:50Z,2021,2021-01-01,2021-12-31
5553107,TB_1,REGION,SEAR,,,YEAR,2002,,,,,,,,,30 [17-65],30,17,65,,2025-11-11T16:20:50Z,2002,2002-01-01,2002-12-31
5556154,TB_1,COUNTRY,TJK,EUR,Europe,YEAR,2014,,,,,,,,,56 [47-69],56,47,69,,2025-11-11T16:20:50Z,2014,2014-01-01,2014-12-31
5557225,TB_1,COUNTRY,GUY,AMR,Americas,YEAR,2009,,,,,,,,,62 [51-76],62,51,76,,2025-11-11T16:20:50Z,2009,2009-01-01,2009-12-31
5560134,TB_1,COUNTRY,SUR,AMR,Americas,YEAR,2023,,,,,,,,,61 [51-75],61,51,75,,2025-11-11T16:20:50Z,2023,2023-01-01,2023-12-31
5560320,TB_1,COUNTRY,COM,AFR,Africa,YEAR,2005,,,,,,,,,43 [20-74],43,20,74,,2025-11-11T16:20:50Z,2005,2005-01-01,2005-12-31
5561927,TB_1,COUNTRY,PER,AMR,Americas,YEAR,2020,,,,,,,,,56 [47-70],56,47,70,,2025-11-11T16:20:50Z,2020,2020-01-01,2020-12-31
5562637,TB_1,COUNTRY,DZA,AFR,Africa,YEAR,2012,,,,,,,,,69 [57-84],69,57,84,,2025-11-11T16:20:50Z,2012,2012-01-01,2012-12-31
5562931,TB_1,COUNTRY,NGA,AFR,Africa,YEAR,2022,,,,,,,,,58 [41-88],58,41,88,,2025-11-11T16:20:50Z,2022,2022-01-01,2022-12-31
5564331,TB_1,COUNTRY,MHL,WPR,Western Pacific,YEAR,2000,,,,,,,,,35 [29-43],35,29,43,,2025-11-11T16:20:50Z,2000,2000-01-01,2000-12-31
5564334,TB_1,COUNTRY,SVN,EUR,Europe,YEAR,2003,,,,,,,,,70 [58-86],70,58,86,,2025-11-11T16:20:50Z,2003,2003-01-01,2003-12-31
5570801,TB_1,COUNTRY,BWA,AFR,Africa,YEAR,2005,,,,,,,,,69 [32-120],69,32,120,,2025-11-11T16:20:50Z,2005,2005-01-01,2005-12-31
5570871,TB_1,COUNTRY,MEX,AMR,Americas,YEAR,2021,,,,,,,,,64 [53-78],64,53,78,,2025-11-11T16:20:50Z,2021,2021-01-01,2021-12-31
5573065,TB_1,COUNTRY,ZWE,AFR,Africa,YEAR,2001,,,,,,,,,76 [38-220],76,38,220,,2025-11-11T16:20:50Z,2001,2001-01-01,2001-12-31
5576937,TB_1,COUNTRY,HRV,EUR,Europe,YEAR,2014,,,,,,,,,77 [64-94],77,64,94,,2025-11-11T16:20:50Z,2014,2014-01-01,2014-12-31
5580860,TB_1,COUNTRY,LSO,AFR,Africa,YEAR,2005,,,,,,,,,46 [24-120],46,24,120,,2025-11-11T16:20:50Z,2005,2005-01-01,2005-12-31
5583493,TB_1,COUNTRY,MOZ,AFR,Africa,YEAR,2012,,,,,,,,,54 [37-88],54,37,88,,2025-11-11T16:20:50Z,2012,2012-01-01,2012-12-31
5584359,TB_1,COUNTRY,IRL,EUR,Europe,YEAR,2012,,,,,,,,,78 [65-96],78,65,96,,2025-11-11T16:20:50Z,2012,2012-01-01,2012-12-31
5584578,TB_1,COUNTRY,NLD,EUR,Europe,YEAR,2008,,,,,,,,,87 [75-100],87,75,100,,2025-11-11T16:20:50Z,2008,2008-01-01,2008-12-31
5585096,TB_1,COUNTRY,LKA,SEAR,South-East Asia,YEAR,2012,,,,,,,,,53 [27-87],53,27,87,,2025-11-11T16:20:50Z,2012,2012-01-01,2012-12-31
5587120,TB_1,COUNTRY,ESP,EUR,Europe,YEAR,2008,,,,,,,,,75 [62-92],75,62,92,,2025-11-11T16:20:50Z,2008,2008-01-01,2008-12-31
5590923,TB_1,COUNTRY,BLR,EUR,Europe,YEAR,2004,,,,,,,,,51 [42-62],51,42,62,,2025-11-11T16:20:50Z,2004,2004-01-01,2004-12-31
5593192,TB_1,COUNTRY,TZA,AFR,Africa,YEAR,2000,,,,,,,,,32 [13-170],32,13,170,,2025-11-11T16:20:50Z,2000,2000-01-01,2000-12-31
5594429,TB_1,COUNTRY,FSM,WPR,Western Pacific,YEAR,2011,,,,,,,,,43 [36-53],43,36,53,,2025-11-11T16:20:50Z,2011,2011-01-01,2011-12-31
5594615,TB_1,COUNTRY,KGZ,EUR,Europe,YEAR,2016,,,,,,,,,67 [56-83],67,56,83,,2025-11-11T16:20:50Z,2016,2016-01-01,2016-12-31
5595589,TB_1,COUNTRY,RWA,AFR,Africa,YEAR,2008,,,,,,,,,79 [62-100],79,62,100,,2025-11-11T16:20:50Z,2008,2008-01-01,2008-12-31
5599708,TB_1,COUNTRY,HTI,AMR,Americas,YEAR,2011,,,,,,,,,39 [33-48],39,33,48,,2025-11-11T16:20:50Z,2011,2011-01-01,2011-12-31
5603452,TB_1,COUNTRY,FRA,EUR,Europe,YEAR,2018,,,,,,,,,83 [79-86],83,79,86,,2025-11-11T16:20:50Z,2018,2018-01-01,2018-12-31
5604790,TB_1,COUNTRY,KEN,AFR,Africa,YEAR,2021,,,,,,,,,58 [38-98],58,38,98,,2025-11-11T16:20:50Z,2021,2021-01-01,2021-12-31
5605443,TB_1,COUNTRY,ISR,EUR,Europe,YEAR,2007,,,,,,,,,76 [63-94],76,63,94,,2025-11-11T16:20:50Z,2007,2007-01-01,2007-12-31
5606988,TB_1,COUNTRY,TUN,EMR,Eastern Mediterranean,YEAR,2001,,,,,,,,,40 [33-49],40,33,49,,2025-11-11T16:20:50Z,2001,2001-01-01,2001-12-31
5607742,TB_1,COUNTRY,PSE,EMR,Eastern Mediterranean,YEAR,2001,,,,,,,,,48 [40-59],48,40,59,,2025-11-11T16:20:50Z,2001,2001-01-01,2001-12-31
5607813,TB_1,COUNTRY,NAM,AFR,Africa,YEAR,2010,,,,,,,,,60 [37-120],60,37,120,,2025-11-11T16:20:50Z,2010,2010-01-01,2010-12-31
5611717,TB_1,COUNTRY,KHM,WPR,Western Pacific,YEAR,2012,,,,,,,,,68 [51-93],68,51,93,,2025-11-11T16:20:50Z,2012,2012-01-01,2012-12-31
5612653,TB_1,COUNTRY,GEO,EUR,Europe,YEAR,2017,,,,,,,,,72 [60-88],72,60,88,,2025-11-11T16:20:50Z,2017,2017-01-01,2017-12-31
5613833,TB_1,COUNTRY,FSM,WPR,Western Pacific,YEAR,2010,,,,,,,,,43 [36-53],43,36,53,,2025-11-11T16:20:50Z,2010,2010-01-01,2010-12-31
5621373,TB_1,COUNTRY,DMA,AMR,Americas,YEAR,2011,,,,,,,,,100 [83-120],100,83,120,,2025-11-11T16:20:50Z,2011,2011-01-01,2011-12-31
5623698,TB_1,COUNTRY,LCA,AMR,Americas,YEAR,2011,,,,,,,,,100 [83-120],100,83,120,,2025-11-11T16:20:50Z,2011,2011-01-01,2011-12-31
5624548,TB_1,COUNTRY,LVA,EUR,Europe,YEAR,2005,,,,,,,,,50 [42-62],50,42,62,,2025-11-11T16:20:50Z,2005,2005-01-01,2005-12-31
5627627,TB_1,COUNTRY,FIN,EUR,Europe,YEAR,2012,,,,,,,,,85 [70-100],85,70,100,,2025-11-11T16:20:50Z,2012,2012-01-01,2012-12-31
5627871,TB_1,WORLDBANKINCOMEGROUP,WB_LMI,,,YEAR,2000,,,,,,,,,30 [20-49],30,20,49,,2025-11-11T16:20:50Z,2000,2000-01-01,2000-12-31
5633529,TB_1,COUNTRY,DEU,EUR,Europe,YEAR,2014,,,,,,,,,91 [82-100],91,82,100,,2025-11-11T16:20:50Z,2014,2014-01-01,2014-12-31
5635404,TB_1,COUNTRY,PAK,EMR,Eastern Mediterranean,YEAR,2004,,,,,,,,,20 [14-32],20,14,32,,2025-11-11T16:20:50Z,2004,2004-01-01,2004-12-31
5635868,TB_1,COUNTRY,SDN,EMR,Eastern Mediterranean,YEAR,2001,,,,,,,,,49 [21-230],49,21,230,,2025-11-11T16:20:50Z,2001,2001-01-01,2001-12-31
5641147,TB_1,COUNTRY,SSD,AFR,Africa,YEAR,2024,,,,,,,,,71 [37-110],71,37,110,,2025-11-11T16:20:50Z,2024,2024-01-01,2024-12-31
5645344,TB_1,COUNTRY,TON,WPR,Western Pacific,YEAR,2013,,,,,,,,,100 [83-120],100,83,120,,2025-11-11T16:20:50Z,2013,2013-01-01,2013-12-31
5645577,TB_1,COUNTRY,GTM,AMR,Americas,YEAR,2024,,,,,,,,,89 [74-110],89,74,110,,2025-11-11T16:20:50Z,2024,2024-01-01,2024-12-31
5646139,TB_1,COUNTRY,NZL,WPR,Western Pacific,YEAR,2002,,,,,,,,,75 [62-92],75,62,92,,2025-11-11T16:20:50Z,2002,2002-01-01,2002-12-31
5646342,TB_1,COUNTRY,BOL,AMR,Americas,YEAR,2022,,,,,,,,,67 [56-83],67,56,83,,2025-11-11T16:20:50Z,2022,2022-01-01,2022-12-31
5652798,TB_1,COUNTRY,STP,AFR,Africa,YEAR,2023,,,,,,,,,63 [52-77],63,52,77,,2025-11-11T16:20:50Z,2023,2023-01-01,2023-12-31
5655516,TB_1,COUNTRY,ESP,EUR,Europe,YEAR,2001,,,,,,,,,67 [56-82],67,56,82,,2025-11-11T16:20:50Z,2001,2001-01-01,2001-12-31
5655829,TB_1,COUNTRY,SSD,AFR,Africa,YEAR,2018,,,,,,,,,40 [21-65],40,21,65,,2025-11-11T16:20:50Z,2018,2018-01-01,2018-12-31
5659126,TB_1,COUNTRY,IND,SEAR,South-East Asia,YEAR,2022,,,,,,,,,81 [70-93],81,70,93,,2025-11-11T16:20:50Z,2022,2022-01-01,2022-12-31
5660873,TB_1,COUNTRY,OMN,EMR,Eastern Mediterranean,YEAR,2003,,,,,,,,,57 [48-70],57,48,70,,2025-11-11T16:20:50Z,2003,2003-01-01,2003-12-31
5662005,TB_1,COUNTRY,ARG,AMR,Americas,YEAR,2019,,,,,,,,,77 [64-95],77,64,95,,2025-11-11T16:20:50Z,2019,2019-01-01,2019-12-31
5662482,TB_1,COUNTRY,ARM,EUR,Europe,YEAR,2008,,,,,,,,,52 [43-64],52,43,64,,2025-11-11T16:20:50Z,2008,2008-01-01,2008-12-31
5663471,TB_1,COUNTRY,MUS,AFR,Africa,YEAR,2015,,,,,,,,,63 [53-78],63,53,78,,2025-11-11T16:20:50Z,2015,2015-01-01,2015-12-31
5665656,TB_1,COUNTRY,BLR,EUR,Europe,YEAR,2002,,,,,,,,,48 [39-58],48,39,58,,2025-11-11T16:20:50Z,2002,2002-01-01,2002-12-31
5667603,TB_1,COUNTRY,COM,AFR,Africa,YEAR,2013,,,,,,,,,41 [20-70],41,20,70,,2025-11-11T16:20:50Z,2013,2013-01-01,2013-12-31
5668725,TB_1,COUNTRY,MLT,EUR,Europe,YEAR,2010,,,,,,,,,100 [83-120],100,83,120,,2025-11-11T16:20:50Z,2010,2010-01-01,2010-12-31
5669882,TB_1,REGION,AFR,,,YEAR,2008,,,,,,,,,44 [37-55],44,37,55,,2025-11-11T16:20:50Z,2008,2008-01-01,2008-12-31
5670556,TB_1,COUNTRY,UKR,EUR,Europe,YEAR,2021,,,,,,,,,51 [43-64],51,43,64,,2025-11-11T16:20:50Z,2021,2021-01-01,2021-12-31
5672208,TB_1,COUNTRY,BHR,EMR,Eastern Mediterranean,YEAR,2023,,,,,,,,,75 [63-93],75,63,93,,2025-11-11T16:20:50Z,2023,2023-01-01,2023-12-31
5673489,TB_1,COUNTRY,MLT,EUR,Europe,YEAR,2015,,,,,,,,,100 [83-120],100,83,120,,2025-11-11T16:20:50Z,2015,2015-01-01,2015-12-31
5675700,TB_1,COUNTRY,BFA,AFR,Africa,YEAR,2024,,,,,,,,,70 [36-110],70,36,110,,2025-11-11T16:20:50Z,2024,2024-01-01,2024-12-31
5675767,TB_1,COUNTRY,GRC,EUR,Europe,YEAR,2010,,,,,,,,,74 [61-91],74,61,91,,2025-11-11T16:20:50Z,2010,2010-01-01,2010-12-31
5678080,TB_1,COUNTRY,OMN,EMR,Eastern Mediterranean,YEAR,2024,,,,,,,,,69 [58-85],69,58,85,,2025-11-11T16:20:50Z,2024,2024-01-01,2024-12-31
5680483,TB_1,COUNTRY,QAT,EMR,Eastern Mediterranean,YEAR,2020,,,,,,,,,75 [62-92],75,62,92,,2025-11-11T16:20:50Z,2020,2020-01-01,2020-12-31
5681490,TB_1,COUNTRY,CYP,EUR,Europe,YEAR,2001,,,,,,,,,46 [39-57],46,39,57,,2025-11-11T16:20:50Z,2001,2001-01-01,2001-12-31
5682602,TB_1,COUNTRY,RWA,AFR,Africa,YEAR,2009,,,,,,,,,82 [63-110],82,63,110,,2025-11-11T16:20:50Z,2009,2009-01-01,2009-12-31
5686739,TB_1,COUNTRY,PAN,AMR,Americas,YEAR,2015,,,,,,,,,72 [60-89],72,60,89,,2025-11-11T16:20:50Z,2015,2015-01-01,2015-12-31
5688764,TB_1,COUNTRY,BFA,AFR,Africa,YEAR,2021,,,,,,,,,52 [27-84],52,27,84,,2025-11-11T16:20:50Z,2021,2021-01-01,2021-12-31
5689082,TB_1,COUNTRY,IRN,EMR,Eastern Mediterranean,YEAR,2024,,,,,,,,,73 [61-90],73,61,90,,2025-11-11T16:20:50Z,2024,2024-01-01,2024-12-31
5692943,TB_1,REGION,WPR,,,YEAR,2011,,,,,,,,,59 [52-67],59,52,67,,2025-11-11T16:20:50Z,2011,2011-01-01,2011-12-31
5697680,TB_1,COUNTRY,MMR,SEAR,South-East Asia,YEAR,2018,,,,,,,,,78 [54-120],78,54,120,,2025-11-11T16:20:50Z,2018,2018-01-01,2018-12-31
5699149,TB_1,COUNTRY,KNA,AMR,Americas,YEAR,2019,,,,,,,,,100 [83-120],100,83,120,,2025-11-11T16:20:50Z,2019,2019-01-01,2019-12-31
5700493,TB_1,COUNTRY,SGP,WPR,Western Pacific,YEAR,2000,,,,,,,,,56 [46-69],56,46,69,,2025-11-11T16:20:50Z,2000,2000-01-01,2000-12-31
5702561,TB_1,COUNTRY,AUS,WPR,Western Pacific,YEAR,2000,,,,,,,,,80 [66-98],80,66,98,,2025-11-11T16:20:50Z,2000,2000-01-01,2000-12-31
5712934,TB_1,COUNTRY,COG,AFR,Africa,YEAR,2013,,,,,,,,,57 [27-99],57,27,99,,2025-11-11T16:20:50Z,2013,2013-01-01,2013-12-31
5715394,TB_1,COUNTRY,MAC,,,YEAR,2012,,,,,,,,,59 [49-72],59,49,72,,2025-11-11T16:20:50Z,2012,2012-01-01,2012-12-31
5715876,TB_1,COUNTRY,CAF,AFR,Africa,YEAR,2021,,,,,,,,,58 [31-94],58,31,94,,2025-11-11T16:20:50Z,2021,2021-01-01,2021-12-31
5719406,TB_1,COUNTRY,BLZ,AMR,Americas,YEAR,2013,,,,,,,,,65 [54-79],65,54,79,,2025-11-11T16:20:50Z,2013,2013-01-01,2013-12-31
5723094,TB_1,COUNTRY,BHS,AMR,Americas,YEAR,2014,,,,,,,,,74 [62-91],74,62,91,,2025-11-11T16:20:50Z,2014,2014-01-01,2014-12-31
5724193,TB_1,COUNTRY,NGA,AFR,Africa,YEAR,2001,,,,,,,,,16 [11-25],16,11,25,,2025-11-11T16:20:50Z,2001,2001-01-01,2001-12-31
5725735,TB_1,COUNTRY,NOR,EUR,Europe,YEAR,2011,,,,,,,,,85 [71-100],85,71,100,,2025-11-11T16:20:50Z,2011,2011-01-01,2011-12-31
5726113,TB_1,COUNTRY,ETH,AFR,Africa,YEAR,2002,,,,,,,,,35 [23-62],35,23,62,,2025-11-11T16:20:50Z,2002,2002-01-01,2002-12-31
5729656,TB_1,COUNTRY,GAB,AFR,Africa,YEAR,2018,,,,,,,,,58 [30-96],58,30,96,,2025-11-11T16:20:50Z,2018,2018-01-01,2018-12-31
5731241,TB_1,COUNTRY,MNG,WPR,Western Pacific,YEAR,2012,,,,,,,,,34 [21-67],34,21,67,,2025-11-11T16:20:50Z,2012,2012-01-01,2012-12-31
5732246,TB_1,COUNTRY,BOL,AMR,Americas,YEAR,2020,,,,,,,,,54 [45-66],54,45,66,,2025-11-11T16:20:50Z,2020,2020-01-01,2020-12-31
5733150,TB_1,COUNTRY,TUR,EUR,Europe,YEAR,2017,,,,,,,,,76 [63-93],76,63,93,,2025-11-11T16:20:50Z,2017,2017-01-01,2017-12-31
5734043,TB_1,COUNTRY,CMR,AFR,Africa,YEAR,2007,,,,,,,,,48 [22-83],48,22,83,,2025-11-11T16:20:50Z,2007,2007-01-01,2007-12-31
5734189,TB_1,COUNTRY,STP,AFR,Africa,YEAR,2020,,,,,,,,,62 [51-76],62,51,76,,2025-11-11T16:20:50Z,2020,2020-01-01,2020-12-31
5738005,TB_1,COUNTRY,STP,AFR,Africa,YEAR,2011,,,,,,,,,45 [37-55],45,37,55,,2025-11-11T16:20:50Z,2011,2011-01-01,2011-12-31
5739990,TB_1,COUNTRY,PRI,AMR,Americas,YEAR,2002,,,,,,,,,52 [43-64],52,43,64,,2025-11-11T16:20:50Z,2002,2002-01-01,2002-12-31
5740118,TB_1,COUNTRY,BTN,SEAR,South-East Asia,YEAR,2019,,,,,,,,,58 [48-71],58,48,71,,2025-11-11T16:20:50Z,2019,2019-01-01,2019-12-31
5743477,TB_1,COUNTRY,ZAF,AFR,Africa,YEAR,2009,,,,,,,,,55 [33-110],55,33,110,,2025-11-11T16:20:50Z,2009,2009-01-01,2009-12-31
5743945,TB_1,COUNTRY,SYC,AFR,Africa,YEAR,2020,,,,,,,,,100 [83-120],100,83,120,,2025-11-11T16:20:50Z,2020,2020-01-01,2020-12-31
5747714,TB_1,COUNTRY,NPL,SEAR,South-East Asia,YEAR,2012,,,,,,,,,44 [28-77],44,28,77,,2025-11-11T16:20:50Z,2012,2012-01-01,2012-12-31
5748866,TB_1,COUNTRY,RWA,AFR,Africa,YEAR,2020,,,,,,,,,67 [49-96],67,49,96,,2025-11-11T16:20:50Z,2020,2020-01-01,2020-12-31
5753407,TB_1,COUNTRY,PNG,WPR,Western Pacific,YEAR,2011,,,,,,,,,35 [15-64],35,15,64,,2025-11-11T16:20:50Z,2011,2011-01-01,2011-12-31
5753658,TB_1,COUNTRY,PER,AMR,Americas,YEAR,2004,,,,,,,,,50 [41-61],50,41,61,,2025-11-11T16:20:50Z,2004,2004-01-01,2004-12-31
5754693,TB_1,REGION,EUR,,,YEAR,2011,,,,,,,,,76 [64-92],76,64,92,,2025-11-11T16:20:50Z,2011,2011-01-01,2011-12-31
5759975,TB_1,REGION,SEAR,,,YEAR,2006,,,,,,,,,36 [21-77],36,21,77,,2025-11-11T16:20:50Z,2006,2006-01-01,2006-12-31
5763435,TB_1,COUNTRY,IRN,EMR,Eastern Mediterranean,YEAR,2008,,,,,,,,,45 [37-55],45,37,55,,2025-11-11T16:20:50Z,2008,2008-01-01,2008-12-31
5766965,TB_1,COUNTRY,ESP,EUR,Europe,YEAR,2002,,,,,,,,,68 [57-84],68,57,84,,2025-11-11T16:20:50Z,2002,2002-01-01,2002-12-31
5768038,TB_1,COUNTRY,PSE,EMR,Eastern Mediterranean,YEAR,2015,,,,,,,,,65 [54-79],65,54,79,,2025-11-11T16:20:50Z,2015,2015-01-01,2015-12-31
5769418,TB_1,COUNTRY,CHE,EUR,Europe,YEAR,2016,,,,,,,,,85 [71-100],85,71,100,,2025-11-11T16:20:50Z,2016,2016-01-01,2016-12-31
5770935,TB_1,REGION,EMR,,,YEAR,2015,,,,,,,,,57 [44-76],57,44,76,,2025-11-11T16:20:50Z,2015,2015-01-01,2015-12-31
5773064,TB_1,REGION,SEAR,,,YEAR,2005,,,,,,,,,34 [19-72],34,19,72,,2025-11-11T16:20:50Z,2005,2005-01-01,2005-12-31
5778682,TB_1,REGION,WPR,,,YEAR,2016,,,,,,,,,63 [56-72],63,56,72,,2025-11-11T16:20:50Z,2016,2016-01-01,2016-12-31
5781098,TB_1,COUNTRY,TUR,EUR,Europe,YEAR,2004,,,,,,,,,58 [48-71],58,48,71,,2025-11-11T16:20:50Z,2004,2004-01-01,2004-12-31
5783227,TB_1,GLOBAL,GLOBAL,,,YEAR,2024,,,,,,,,,78 [73-84],78,73,84,,2025-11-11T16:20:50Z,2024,2024-01-01,2024-12-31
5783517,TB_1,COUNTRY,KWT,EMR,Eastern Mediterranean,YEAR,2016,,,,,,,,,76 [63-94],76,63,94,,2025-11-11T16:20:50Z,2016,2016-01-01,2016-12-31
5783679,TB_1,COUNTRY,CHN,WPR,Western Pacific,YEAR,2003,,,,,,,,,49 [41-60],49,41,60,,2025-11-11T16:20:50Z,2003,2003-01-01,2003-12-31
5787271,TB_1,COUNTRY,PLW,WPR,Western Pacific,YEAR,2009,,,,,,,,,100 [83-120],100,83,120,,2025-11-11T16:20:50Z,2009,2009-01-01,2009-12-31
5787326,TB_1,COUNTRY,BHR,EMR,Eastern Mediterranean,YEAR,2024,,,,,,,,,75 [63-93],75,63,93,,2025-11-11T16:20:50Z,2024,2024-01-01,2024-12-31
5788230,TB_1,COUNTRY,PAK,EMR,Eastern Mediterranean,YEAR,2003,,,,,,,,,15 [10-24],15,10,24,,2025-11-11T16:20:50Z,2003,2003-01-01,2003-12-31
5789730,TB_1,COUNTRY,CUB,AMR,Americas,YEAR,2022,,,,,,,,,84 [70-100],84,70,100,,2025-11-11T16:20:50Z,2022,2022-01-01,2022-12-31
5795882,TB_1,COUNTRY,IRL,EUR,Europe,YEAR,2017,,,,,,,,,81 [67-100],81,67,100,,2025-11-11T16:20:50Z,2017,2017-01-01,2017-12-31
5797508,TB_1,COUNTRY,KHM,WPR,Western Pacific,YEAR,2006,,,,,,,,,43 [32-60],43,32,60,,2025-11-11T16:20:50Z,2006,2006-01-01,2006-12-31
5799005,TB_1,COUNTRY,GMB,AFR,Africa,YEAR,2002,,,,,,,,,64 [48-89],64,48,89,,2025-11-11T16:20:50Z,2002,2002-01-01,2002-12-31
5801579,TB_1,COUNTRY,HRV,EUR,Europe,YEAR,2007,,,,,,,,,73 [61-90],73,61,90,,2025-11-11T16:20:50Z,2007,2007-01-01,2007-12-31
5805152,TB_1,COUNTRY,ISR,EUR,Europe,YEAR,2000,,,,,,,,,70 [58-86],70,58,86,,2025-11-11T16:20:50Z,2000,2000-01-01,2000-12-31
5809440,TB_1,COUNTRY,MLI,AFR,Africa,YEAR,2010,,,,,,,,,46 [22-78],46,22,78,,2025-11-11T16:20:50Z,2010,2010-01-01,2010-12-31
5811826,TB_1,COUNTRY,MEX,AMR,Americas,YEAR,2008,,,,,,,,,61 [50-75],61,50,75,,2025-11-11T16:20:50Z,2008,2008-01-01,2008-12-31
5814875,TB_1,COUNTRY,VNM,WPR,Western Pacific,YEAR,2014,,,,,,,,,53 [35-93],53,35,93,,2025-11-11T16:20:50Z,2014,2014-01-01,2014-12-31
5815567,TB_1,COUNTRY,IDN,WPR,Western Pacific,YEAR,2004,,,,,,,,,25 [23-28],25,23,28,,2025-11-11T16:20:50Z,2004,2004-01-01,2004-12-31
5815601,TB_1,COUNTRY,KAZ,EUR,Europe,YEAR,2015,,,,,,,,,99 [82-120],99,82,120,,2025-11-11T16:20:50Z,2015,2015-01-01,2015-12-31
5815882,TB_1,COUNTRY,CZE,EUR,Europe,YEAR,2020,,,,,,,,,84 [69-100],84,69,100,,2025-11-11T16:20:50Z,2020,2020-01-01,2020-12-31
5816658,TB_1,COUNTRY,ISR,EUR,Europe,YEAR,2004,,,,,,,,,74 [61-91],74,61,91,,2025-11-11T16:20:50Z,2004,2004-01-01,2004-12-31
5817096,TB_1,COUNTRY,MHL,WPR,Western Pacific,YEAR,2022,,,,,,,,,60 [49-73],60,49,73,,2025-11-11T16:20:50Z,2022,2022-01-01,2022-12-31
5820146,TB_1,COUNTRY,AUS,WPR,Western Pacific,YEAR,2021,,,,,,,,,87 [72-110],87,72,110,,2025-11-11T16:20:50Z,2021,2021-01-01,2021-12-31
5822823,TB_1,COUNTRY,ISR,EUR,Europe,YEAR,2020,,,,,,,,,85 [71-100],85,71,100,,2025-11-11T16:20:50Z,2020,2020-01-01,2020-12-31
5823173,TB_1,COUNTRY,HRV,EUR,Europe,YEAR,2020,,,,,,,,,80 [66-98],80,66,98,,2025-11-11T16:20:50Z,2020,2020-01-01,2020-12-31
5825642,TB_1,COUNTRY,SUR,AMR,Americas,YEAR,2010,,,,,,,,,62 [51-76],62,51,76,,2025-11-11T16:20:50Z,2010,2010-01-01,2010-12-31
5827729,TB_1,COUNTRY,GTM,AMR,Americas,YEAR,2001,,,,,,,,,89 [74-110],89,74,110,,2025-11-11T16:20:50Z,2001,2001-01-01,2001-12-31
5830935,TB_1,COUNTRY,NGA,AFR,Africa,YEAR,2000,,,,,,,,,9.3 [6.6-14],9.3,6.6,14,,2025-11-11T16:20:50Z,2000,2000-01-01,2000-12-31
5834534,TB_1,COUNTRY,NAM,AFR,Africa,YEAR,2006,,,,,,,,,61 [32-160],61,32,160,,2025-11-11T16:20:50Z,2006,2006-01-01,2006-12-31
5838609,TB_1,REGION,EMR,,,YEAR,2011,,,,,,,,,50 [39-69],50,39,69,,2025-11-11T16:20:50Z,2011,2011-01-01,2011-12-31
5839826,TB_1,COUNTRY,CHE,EUR,Europe,YEAR,2020,,,,,,,,,87 [72-110],87,72,110,,2025-11-11T16:20:50Z,2020,2020-01-01,2020-12-31
5842804,TB_1,COUNTRY,MOZ,AFR,Africa,YEAR,2004,,,,,,,,,46 [32-72],46,32,72,,2025-11-11T16:20:50Z,2004,2004-01-01,2004-12-31
5843987,TB_1,COUNTRY,CZE,EUR,Europe,YEAR,2012,,,,,,,,,79 [65-97],79,65,97,,2025-11-11T16:20:50Z,2012,2012-01-01,2012-12-31
5849496,TB_1,COUNTRY,MAC,,,YEAR,2002,,,,,,,,,44 [36-54],44,36,54,,2025-11-11T16:20:50Z,2002,2002-01-01,2002-12-31
5849598,TB_1,COUNTRY,EGY,EMR,Eastern Mediterranean,YEAR,2008,,,,,,,,,68 [55-86],68,55,86,,2025-11-11T16:20:50Z,2008,2008-01-01,2008-12-31
5850379,TB_1,COUNTRY,NOR,EUR,Europe,YEAR,2001,,,,,,,,,72 [60-89],72,60,89,,2025-11-11T16:20:50Z,2001,2001-01-01,2001-12-31
5852634,TB_1,COUNTRY,SWZ,AFR,Africa,YEAR,2012,,,,,,,,,57 [22-370],57,22,370,,2025-11-11T16:20:50Z,2012,2012-01-01,2012-12-31
5852881,TB_1,COUNTRY,MNG,WPR,Western Pacific,YEAR,2010,,,,,,,,,39 [23-75],39,23,75,,2025-11-11T16:20:50Z,2010,2010-01-01,2010-12-31
5854015,TB_1,COUNTRY,CPV,AFR,Africa,YEAR,2008,,,,,,,,,55 [46-68],55,46,68,,2025-11-11T16:20:50Z,2008,2008-01-01,2008-12-31
5855527,TB_1,COUNTRY,BIH,EUR,Europe,YEAR,2006,,,,,,,,,60 [49-73],60,49,73,,2025-11-11T16:20:50Z,2006,2006-01-01,2006-12-31
5856388,TB_1,COUNTRY,MNE,EUR,Europe,YEAR,2010,,,,,,,,,64 [53-78],64,53,78,,2025-11-11T16:20:50Z,2010,2010-01-01,2010-12-31
5861344,TB_1,COUNTRY,ROU,EUR,Europe,YEAR,2019,,,,,,,,,78 [64-95],78,64,95,,2025-11-11T16:20:50Z,2019,2019-01-01,2019-12-31
5866038,TB_1,COUNTRY,STP,AFR,Africa,YEAR,2005,,,,,,,,,31 [26-39],31,26,39,,2025-11-11T16:20:50Z,2005,2005-01-01,2005-12-31
5867484,TB_1,COUNTRY,PAN,AMR,Americas,YEAR,2018,,,,,,,,,76 [63-94],76,63,94,,2025-11-11T16:20:50Z,2018,2018-01-01,2018-12-31
5870319,TB_1,COUNTRY,URY,AMR,Americas,YEAR,2024,,,,,,,,,81 [67-100],81,67,100,,2025-11-11T16:20:50Z,2024,2024-01-01,2024-12-31
5872453,TB_1,COUNTRY,JOR,EMR,Eastern Mediterranean,YEAR,2001,,,,,,,,,61 [50-75],61,50,75,,2025-11-11T16:20:50Z,2001,2001-01-01,2001-12-31
5879185,TB_1,COUNTRY,BEL,EUR,Europe,YEAR,2014,,,,,,,,,86 [71-110],86,71,110,,2025-11-11T16:20:50Z,2014,2014-01-01,2014-12-31
5881566,TB_1,COUNTRY,CZE,EUR,Europe,YEAR,2001,,,,,,,,,75 [62-92],75,62,92,,2025-11-11T16:20:50Z,2001,2001-01-01,2001-12-31
5881800,TB_1,COUNTRY,PLW,WPR,Western Pacific,YEAR,2003,,,,,,,,,100 [83-120],100,83,120,,2025-11-11T16:20:50Z,2003,2003-01-01,2003-12-31
5883396,TB_1,COUNTRY,YEM,EMR,Eastern Mediterranean,YEAR,2003,,,,,,,,,74 [64-88],74,64,88,,2025-11-11T16:20:50Z,2003,2003-01-01,2003-12-31
5886500,TB_1,COUNTRY,LTU,EUR,Europe,YEAR,2004,,,,,,,,,48 [40-59],48,40,59,,2025-11-11T16:20:50Z,2004,2004-01-01,2004-12-31
5886731,TB_1,COUNTRY,BEL,EUR,Europe,YEAR,2009,,,,,,,,,82 [68-100],82,68,100,,2025-11-11T16:20:50Z,2009,2009-01-01,2009-12-31
5890302,TB_1,COUNTRY,COL,AMR,Americas,YEAR,2012,,,,,,,,,68 [57-84],68,57,84,,2025-11-11T16:20:50Z,2012,2012-01-01,2012-12-31
5890433,TB_1,COUNTRY,GIN,AFR,Africa,YEAR,2000,,,,,,,,,54 [18-110],54,18,110,,2025-11-11T16:20:50Z,2000,2000-01-01,2000-12-31
5891111,TB_1,COUNTRY,BRA,AMR,Americas,YEAR,2021,,,,,,,,,82 [67-100],82,67,100,,2025-11-11T16:20:50Z,2021,2021-01-01,2021-12-31
5891263,TB_1,COUNTRY,CHL,AMR,Americas,YEAR,2000,,,,,,,,,60 [49-73],60,49,73,,2025-11-11T16:20:50Z,2000,2000-01-01,2000-12-31
5898953,TB_1,COUNTRY,JPN,WPR,Western Pacific,YEAR,2002,,,,,,,,,69 [57-85],69,57,85,,2025-11-11T16:20:50Z,2002,2002-01-01,2002-12-31
5900132,TB_1,COUNTRY,ITA,EUR,Europe,YEAR,2021,,,,,,,,,85 [70-100],85,70,100,,2025-11-11T16:20:50Z,2021,2021-01-01,2021-12-31
5902761,TB_1,COUNTRY,KNA,AMR,Americas,YEAR,2023,,,,,,,,,100 [83-120],100,83,120,,2025-11-11T16:20:50Z,2023,2023-01-01,2023-12-31
5904391,TB_1,COUNTRY,NER,AFR,Africa,YEAR,2017,,,,,,,,,55 [28-92],55,28,92,,2025-11-11T16:20:50Z,2017,2017-01-01,2017-12-31
5906248,TB_1,COUNTRY,NZL,WPR,Western Pacific,YEAR,2017,,,,,,,,,86 [71-110],86,71,110,,2025-11-11T16:20:50Z,2017,2017-01-01,2017-12-31
5906799,TB_1,COUNTRY,IRQ,EMR,Eastern Mediterranean,YEAR,2012,,,,,,,,,66 [54-82],66,54,82,,2025-11-11T16:20:50Z,2012,2012-01-01,2012-12-31
5907955,TB_1,COUNTRY,IRL,EUR,Europe,YEAR,2004,,,,,,,,,74 [61-91],74,61,91,,2025-11-11T16:20:50Z,2004,2004-01-01,2004-12-31
5913934,TB_1,REGION,EMR,,,YEAR,2018,,,,,,,,,62 [50-79],62,50,79,,2025-11-11T16:20:50Z,2018,2018-01-01,2018-12-31
5914040,TB_1,COUNTRY,PAN,AMR,Americas,YEAR,2013,,,,,,,,,71 [59-87],71,59,87,,2025-11-11T16:20:50Z,2013,2013-01-01,2013-12-31
5914477,TB_1,COUNTRY,DZA,AFR,Africa,YEAR,2011,,,,,,,,,67 [55-82],67,55,82,,2025-11-11T16:20:50Z,2011,2011-01-01,2011-12-31
5916258,TB_1,COUNTRY,TKM,EUR,Europe,YEAR,2010,,,,,,,,,64 [53-79],64,53,79,,2025-11-11T16:20:50Z,2010,2010-01-01,2010-12-31
5918122,TB_1,COUNTRY,DNK,EUR,Europe,YEAR,2017,,,,,,,,,81 [68-100],81,68,100,,2025-11-11T16:20:50Z,2017,2017-01-01,2017-12-31
5924054,TB_1,COUNTRY,GAB,AFR,Africa,YEAR,2008,,,,,,,,,66 [34-110],66,34,110,,2025-11-11T16:20:50Z,2008,2008-01-01,2008-12-31
5927387,TB_1,COUNTRY,ISL,EUR,Europe,YEAR,2006,,,,,,,,,100 [83-120],100,83,120,,2025-11-11T16:20:50Z,2006,2006-01-01,2006-12-31
5928859,TB_1,COUNTRY,SVK,EUR,Europe,YEAR,2015,,,,,,,,,81 [67-99],81,67,99,,2025-11-11T16:20:50Z,2015,2015-01-01,2015-12-31
5936090,TB_1,COUNTRY,NZL,WPR,Western Pacific,YEAR,2020,,,,,,,,,85 [70-100],85,70,100,,2025-11-11T16:20:50Z,2020,2020-01-01,2020-12-31
5939711,TB_1,COUNTRY,POL,EUR,Europe,YEAR,2010,,,,,,,,,73 [61-90],73,61,90,,2025-11-11T16:20:50Z,2010,2010-01-01,2010-12-31
5942366,TB_1,COUNTRY,MLT,EUR,Europe,YEAR,2000,,,,,,,,,100 [83-120],100,83,120,,2025-11-11T16:20:50Z,2000,2000-01-01,2000-12-31
5943038,TB_1,COUNTRY,TCD,AFR,Africa,YEAR,2003,,,,,,,,,39 [15-75],39,15,75,,2025-11-11T16:20:50Z,2003,2003-01-01,2003-12-31
5943427,TB_1,COUNTRY,BWA,AFR,Africa,YEAR,2003,,,,,,,,,64 [29-110],64,29,110,,2025-11-11T16:20:50Z,2003,2003-01-01,2003-12-31
5944435,TB_1,COUNTRY,LBN,EMR,Eastern Mediterranean,YEAR,2006,,,,,,,,,60 [50-74],60,50,74,,2025-11-11T16:20:50Z,2006,2006-01-01,2006-12-31
5944685,TB_1,COUNTRY,HRV,EUR,Europe,YEAR,2017,,,,,,,,,78 [65-96],78,65,96,,2025-11-11T16:20:50Z,2017,2017-01-01,2017-12-31
5950875,TB_1,COUNTRY,RUS,EUR,Europe,YEAR,2004,,,,,,,,,96 [53-220],96,53,220,,2025-11-11T16:20:50Z,2004,2004-01-01,2004-12-31
5951186,TB_1,COUNTRY,SGP,WPR,Western Pacific,YEAR,2008,,,,,,,,,73 [60-89],73,60,89,,2025-11-11T16:20:50Z,2008,2008-01-01,2008-12-31
5957973,TB_1,COUNTRY,SEN,AFR,Africa,YEAR,2010,,,,,,,,,48 [23-83],48,23,83,,2025-11-11T16:20:50Z,2010,2010-01-01,2010-12-31
5959944,TB_1,COUNTRY,LSO,AFR,Africa,YEAR,2023,,,,,,,,,48 [32-83],48,32,83,,2025-11-11T16:20:50Z,2023,2023-01-01,2023-12-31
5962519,TB_1,COUNTRY,MLI,AFR,Africa,YEAR,2006,,,,,,,,,46 [21-80],46,21,80,,2025-11-11T16:20:50Z,2006,2006-01-01,2006-12-31
5964207,TB_1,COUNTRY,MDG,AFR,Africa,YEAR,2007,,,,,,,,,46 [20-82],46,20,82,,2025-11-11T16:20:50Z,2007,2007-01-01,2007-12-31
5964354,TB_1,COUNTRY,SLE,AFR,Africa,YEAR,2014,,,,,,,,,40 [21-65],40,21,65,,2025-11-11T16:20:50Z,2014,2014-01-01,2014-12-31
5971296,TB_1,COUNTRY,HUN,EUR,Europe,YEAR,2005,,,,,,,,,69 [57-85],69,57,85,,2025-11-11T16:20:50Z,2005,2005-01-01,2005-12-31
5974413,TB_1,COUNTRY,LCA,AMR,Americas,YEAR,2014,,,,,,,,,100 [83-120],100,83,120,,2025-11-11T16:20:50Z,2014,2014-01-01,2014-12-31
5976502,TB_1,COUNTRY,GAB,AFR,Africa,YEAR,2001,,,,,,,,,57 [25-100],57,25,100,,2025-11-11T16:20:50Z,2001,2001-01-01,2001-12-31
5978279,TB_1,COUNTRY,YEM,EMR,Eastern Mediterranean,YEAR,2015,,,,,,,,,74 [64-88],74,64,88,,2025-11-11T16:20:50Z,2015,2015-01-01,2015-12-31
5978350,TB_1,COUNTRY,GNB,AFR,Africa,YEAR,2022,,,,,,,,,79 [42-130],79,42,130,,2025-11-11T16:20:50Z,2022,2022-01-01,2022-12-31
5979800,TB_1,COUNTRY,GMB,AFR,Africa,YEAR,2015,,,,,,,,,66 [50-91],66,50,91,,2025-11-11T16:20:50Z,2015,2015-01-01,2015-12-31
5981257,TB_1,COUNTRY,LKA,SEAR,South-East Asia,YEAR,2010,,,,,,,,,54 [28-90],54,28,90,,2025-11-11T16:20:50Z,2010,2010-01-01,2010-12-31
5983310,TB_1,COUNTRY,AZE,EUR,Europe,YEAR,2013,,,,,,,,,53 [44-66],53,44,66,,2025-11-11T16:20:50Z,2013,2013-01-01,2013-12-31
5985463,TB_1,COUNTRY,CZE,EUR,Europe,YEAR,2010,,,,,,,,,78 [64-95],78,64,95,,2025-11-11T16:20:50Z,2010,2010-01-01,2010-12-31
5985616,TB_1,COUNTRY,SWE,EUR,Europe,YEAR,2012,,,,,,,,,82 [68-100],82,68,100,,2025-11-11T16:20:50Z,2012,2012-01-01,2012-12-31
5987785,TB_1,COUNTRY,SSD,AFR,Africa,YEAR,2014,,,,,,,,,19 [10-31],19,10,31,,2025-11-11T16:20:50Z,2014,2014-01-01,2014-12-31
5989809,TB_1,COUNTRY,UGA,AFR,Africa,YEAR,2018,,,,,,,,,67 [44-110],67,44,110,,2025-11-11T16:20:50Z,2018,2018-01-01,2018-12-31
5990376,TB_1,COUNTRY,GAB,AFR,Africa,YEAR,2002,,,,,,,,,45 [20-80],45,20,80,,2025-11-11T16:20:50Z,2002,2002-01-01,2002-12-31
5996548,TB_1,COUNTRY,BDI,AFR,Africa,YEAR,2004,,,,,,,,,48 [21-88],48,21,88,,2025-11-11T16:20:50Z,2004,2004-01-01,2004-12-31
5999559,TB_1,COUNTRY,SWE,EUR,Europe,YEAR,2018,,,,,,,,,86 [71-110],86,71,110,,2025-11-11T16:20:50Z,2018,2018-01-01,2018-12-31
6001484,TB_1,COUNTRY,MNE,EUR,Europe,YEAR,2012,,,,,,,,,65 [54-80],65,54,80,,2025-11-11T16:20:50Z,2012,2012-01-01,2012-12-31
6004861,TB_1,COUNTRY,SOM,EMR,Eastern Mediterranean,YEAR,2021,,,,,,,,,60 [31-99],60,31,99,,2025-11-11T16:20:50Z,2021,2021-01-01,2021-12-31
6006339,TB_1,COUNTRY,CHE,EUR,Europe,YEAR,2015,,,,,,,,,84 [70-100],84,70,100,,2025-11-11T16:20:50Z,2015,2015-01-01,2015-12-31
6008465,TB_1,COUNTRY,ECU,AMR,Americas,YEAR,2023,,,,,,,,,78 [65-96],78,65,96,,2025-11-11T16:20:50Z,2023,2023-01-01,2023-12-31
6011649,TB_1,COUNTRY,TJK,EUR,Europe,YEAR,2003,,,,,,,,,68 [56-83],68,56,83,,2025-11-11T16:20:50Z,2003,2003-01-01,2003-12-31
6012787,TB_1,COUNTRY,VCT,AMR,Americas,YEAR,2015,,,,,,,,,100 [83-120],100,83,120,,2025-11-11T16:20:50Z,2015,2015-01-01,2015-12-31
6015854,TB_1,COUNTRY,GEO,EUR,Europe,YEAR,2005,,,,,,,,,56 [46-68],56,46,68,,2025-11-11T16:20:50Z,2005,2005-01-01,2005-12-31
6016044,TB_1,COUNTRY,GRD,AMR,Americas,YEAR,2015,,,,,,,,,100 [83-120],100,83,120,,2025-11-11T16:20:50Z,2015,2015-01-01,2015-12-31
6016093,TB_1,COUNTRY,JAM,AMR,Americas,YEAR,2006,,,,,,,,,55 [45-67],55,45,67,,2025-11-11T16:20:50Z,2006,2006-01-01,2006-12-31
6018786,TB_1,COUNTRY,UKR,EUR,Europe,YEAR,2012,,,,,,,,,70 [58-86],70,58,86,,2025-11-11T16:20:50Z,2012,2012-01-01,2012-12-31
6019320,TB_1,COUNTRY,JPN,WPR,Western Pacific,YEAR,2024,,,,,,,,,83 [69-100],83,69,100,,2025-11-11T16:20:50Z,2024,2024-01-01,2024-12-31
6021158,TB_1,COUNTRY,FJI,WPR,Western Pacific,YEAR,2021,,,,,,,,,59 [49-72],59,49,72,,2025-11-11T16:20:50Z,2021,2021-01-01,2021-12-31
6029517,TB_1,COUNTRY,TON,WPR,Western Pacific,YEAR,2014,,,,,,,,,100 [83-120],100,83,120,,2025-11-11T16:20:50Z,2014,2014-01-01,2014-12-31
6031351,TB_1,COUNTRY,HKG,,,YEAR,2011,,,,,,,,,58 [48-71],58,48,71,,2025-11-11T16:20:50Z,2011,2011-01-01,2011-12-31
6031540,TB_1,COUNTRY,BDI,AFR,Africa,YEAR,2005,,,,,,,,,46 [20-82],46,20,82,,2025-11-11T16:20:50Z,2005,2005-01-01,2005-12-31
6033113,TB_1,COUNTRY,TUV,WPR,Western Pacific,YEAR,2014,,,,,,,,,100 [83-120],100,83,120,,2025-11-11T16:20:50Z,2014,2014-01-01,2014-12-31
6038112,TB_1,COUNTRY,KEN,AFR,Africa,YEAR,2010,,,,,,,,,45 [22-140],45,22,140,,2025-11-11T16:20:50Z,2010,2010-01-01,2010-12-31
6039102,TB_1,COUNTRY,BLZ,AMR,Americas,YEAR,2000,,,,,,,,,39 [32-48],39,32,48,,2025-11-11T16:20:50Z,2000,2000-01-01,2000-12-31
6039191,TB_1,COUNTRY,RWA,AFR,Africa,YEAR,2005,,,,,,,,,58 [48-71],58,48,71,,2025-11-11T16:20:50Z,2005,2005-01-01,2005-12-31
6040025,TB_1,COUNTRY,POL,EUR,Europe,YEAR,2018,,,,,,,,,81 [68-100],81,68,100,,2025-11-11T16:20:50Z,2018,2018-01-01,2018-12-31
6040873,TB_1,REGION,AFR,,,YEAR,2023,,,,,,,,,72 [62-84],72,62,84,,2025-11-11T16:20:50Z,2023,2023-01-01,2023-12-31
6041652,TB_1,COUNTRY,LBR,AFR,Africa,YEAR,2001,,,,,,,,,38 [15-73],38,15,73,,2025-11-11T16:20:50Z,2001,2001-01-01,2001-12-31
6045261,TB_1,COUNTRY,SAU,EMR,Eastern Mediterranean,YEAR,2013,,,,,,,,,91 [82-100],91,82,100,,2025-11-11T16:20:50Z,2013,2013-01-01,2013-12-31
6046751,TB_1,COUNTRY,ARG,AMR,Americas,YEAR,2023,,,,,,,,,78 [65-96],78,65,96,,2025-11-11T16:20:50Z,2023,2023-01-01,2023-12-31
6050964,TB_1,COUNTRY,TKM,EUR,Europe,YEAR,2002,,,,,,,,,50 [41-61],50,41,61,,2025-11-11T16:20:50Z,2002,2002-01-01,2002-12-31
6054299,TB_1,COUNTRY,GEO,EUR,Europe,YEAR,2000,,,,,,,,,44 [37-55],44,37,55,,2025-11-11T16:20:50Z,2000,2000-01-01,2000-12-31
6054474,TB_1,COUNTRY,SVN,EUR,Europe,YEAR,2011,,,,,,,,,76 [63-94],76,63,94,,2025-11-11T16:20:50Z,2011,2011-01-01,2011-12-31
6055690,TB_1,COUNTRY,PER,AMR,Americas,YEAR,2021,,,,,,,,,56 [44-71],56,44,71,,2025-11-11T16:20:50Z,2021,2021-01-01,2021-12-31
6055962,TB_1,COUNTRY,SAU,EMR,Eastern Mediterranean,YEAR,2006,,,,,,,,,91 [82-100],91,82,100,,2025-11-11T16:20:50Z,2006,2006-01-01,2006-12-31
6059068,TB_1,COUNTRY,GIN,AFR,Africa,YEAR,2001,,,,,,,,,52 [19-100],52,19,100,,2025-11-11T16:20:50Z,2001,2001-01-01,2001-12-31
6063566,TB_1,COUNTRY,KGZ,EUR,Europe,YEAR,2019,,,,,,,,,70 [58-85],70,58,85,,2025-11-11T16:20:50Z,2019,2019-01-01,2019-12-31
6066120,TB_1,COUNTRY,BWA,AFR,Africa,YEAR,2001,,,,,,,,,60 [26-110],60,26,110,,2025-11-11T16:20:50Z,2001,2001-01-01,2001-12-31
6066177,TB_1,COUNTRY,JAM,AMR,Americas,YEAR,2011,,,,,,,,,64 [53-79],64,53,79,,2025-11-11T16:20:50Z,2011,2011-01-01,2011-12-31
6068218,TB_1,COUNTRY,MMR,SEAR,South-East Asia,YEAR,2021,,,,,,,,,34 [23-52],34,23,52,,2025-11-11T16:20:50Z,2021,2021-01-01,2021-12-31
6075045,TB_1,COUNTRY,BRN,WPR,Western Pacific,YEAR,2020,,,,,,,,,78 [64-96],78,64,96,,2025-11-11T16:20:50Z,2020,2020-01-01,2020-12-31
6078240,TB_1,REGION,SEAR,,,YEAR,2023,,,,,,,,,81 [72-92],81,72,92,,2025-11-11T16:20:50Z,2023,2023-01-01,2023-12-31
6079517,TB_1,COUNTRY,PRI,AMR,Americas,YEAR,2009,,,,,,,,,66 [55-81],66,55,81,,2025-11-11T16:20:50Z,2009,2009-01-01,2009-12-31
6079528,TB_1,COUNTRY,ATG,AMR,Americas,YEAR,2017,,,,,,,,,100 [83-120],100,83,120,,2025-11-11T16:20:50Z,2017,2017-01-01,2017-12-31
6079875,TB_1,COUNTRY,SOM,EMR,Eastern Mediterranean,YEAR,2009,,,,,,,,,39 [18-74],39,18,74,,2025-11-11T16:20:50Z,2009,2009-01-01,2009-12-31
6085803,TB_1,COUNTRY,DJI,EMR,Eastern Mediterranean,YEAR,2019,,,,,,,,,43 [36-53],43,36,53,,2025-11-11T16:20:50Z,2019,2019-01-01,2019-12-31
6085959,TB_1,COUNTRY,MRT,AFR,Africa,YEAR,2004,,,,,,,,,57 [24-100],57,24,100,,2025-11-11T16:20:50Z,2004,2004-01-01,2004-12-31
6088020,TB_1,COUNTRY,HTI,AMR,Americas,YEAR,2006,,,,,,,,,29 [24-36],29,24,36,,2025-11-11T16:20:50Z,2006,2006-01-01,2006-12-31
6090045,TB_1,COUNTRY,BHR,EMR,Eastern Mediterranean,YEAR,2010,,,,,,,,,64 [53-79],64,53,79,,2025-11-11T16:20:50Z,2010,2010-01-01,2010-12-31
6091247,TB_1,COUNTRY,JPN,WPR,Western Pacific,YEAR,2012,,,,,,,,,81 [67-99],81,67,99,,2025-11-11T16:20:50Z,2012,2012-01-01,2012-12-31
6096031,TB_1,COUNTRY,GTM,AMR,Americas,YEAR,2004,,,,,,,,,89 [74-110],89,74,110,,2025-11-11T16:20:50Z,2004,2004-01-01,2004-12-31
6097105,TB_1,COUNTRY,URY,AMR,Americas,YEAR,2009,,,,,,,,,73 [61-90],73,61,90,,2025-11-11T16:20:50Z,2009,2009-01-01,2009-12-31
6097205,TB_1,COUNTRY,SUR,AMR,Americas,YEAR,2014,,,,,,,,,68 [57-84],68,57,84,,2025-11-11T16:20:50Z,2014,2014-01-01,2014-12-31
6104346,TB_1,COUNTRY,KOR,WPR,Western Pacific,YEAR,2014,,,,,,,,,94 [87-100],94,87,100,,2025-11-11T16:20:50Z,2014,2014-01-01,2014-12-31
6108675,TB_1,COUNTRY,GNB,AFR,Africa,YEAR,2021,,,,,,,,,66 [35-110],66,35,110,,2025-11-11T16:20:50Z,2021,2021-01-01,2021-12-31
6112310,TB_1,COUNTRY,SWZ,AFR,Africa,YEAR,2018,,,,,,,,,58 [37-100],58,37,100,,2025-11-11T16:20:50Z,2018,2018-01-01,2018-12-31
6115060,TB_1,COUNTRY,SUR,AMR,Americas,YEAR,2016,,,,,,,,,71 [59-87],71,59,87,,2025-11-11T16:20:50Z,2016,2016-01-01,2016-12-31
6115978,TB_1,COUNTRY,LKA,SEAR,South-East Asia,YEAR,2017,,,,,,,,,61 [34-97],61,34,97,,2025-11-11T16:20:50Z,2017,2017-01-01,2017-12-31
6117479,TB_1,COUNTRY,SEN,AFR,Africa,YEAR,2008,,,,,,,,,50 [23-86],50,23,86,,2025-11-11T16:20:50Z,2008,2008-01-01,2008-12-31
6118947,TB_1,COUNTRY,NPL,SEAR,South-East Asia,YEAR,2005,,,,,,,,,35 [23-63],35,23,63,,2025-11-11T16:20:50Z,2005,2005-01-01,2005-12-31
6122287,TB_1,COUNTRY,MAR,EMR,Eastern Mediterranean,YEAR,2004,,,,,,,,,89 [74-110],89,74,110,,2025-11-11T16:20:50Z,2004,2004-01-01,2004-12-31
6123760,TB_1,COUNTRY,CAN,AMR,Americas,YEAR,2012,,,,,,,,,85 [70-100],85,70,100,,2025-11-11T16:20:50Z,2012,2012-01-01,2012-12-31
6125751,TB_1,COUNTRY,TJK,EUR,Europe,YEAR,2006,,,,,,,,,36 [30-45],36,30,45,,2025-11-11T16:20:50Z,2006,2006-01-01,2006-12-31
6125950,TB_1,COUNTRY,GHA,AFR,Africa,YEAR,2004,,,,,,,,,26 [13-79],26,13,79,,2025-11-11T16:20:50Z,2004,2004-01-01,2004-12-31
6127648,TB_1,COUNTRY,PLW,WPR,Western Pacific,YEAR,2010,,,,,,,,,100 [83-120],100,83,120,,2025-11-11T16:20:50Z,2010,2010-01-01,2010-12-31
6128564,TB_1,COUNTRY,MAR,EMR,Eastern Mediterranean,YEAR,2020,,,,,,,,,89 [74-110],89,74,110,,2025-11-11T16:20:50Z,2020,2020-01-01,2020-12-31
6128604,TB_1,COUNTRY,POL,EUR,Europe,YEAR,2015,,,,,,,,,79 [66-98],79,66,98,,2025-11-11T16:20:50Z,2015,2015-01-01,2015-12-31
6133771,TB_1,COUNTRY,MHL,WPR,Western Pacific,YEAR,2001,,,,,,,,,36 [30-44],36,30,44,,2025-11-11T16:20:50Z,2001,2001-01-01,2001-12-31
6134863,TB_1,COUNTRY,JOR,EMR,Eastern Mediterranean,YEAR,2009,,,,,,,,,68 [57-84],68,57,84,,2025-11-11T16:20:50Z,2009,2009-01-01,2009-12-31
6135672,TB_1,COUNTRY,PRY,AMR,Americas,YEAR,2008,,,,,,,,,59 [49-73],59,49,73,,2025-11-11T16:20:50Z,2008,2008-01-01,2008-12-31
6137456,TB_1,COUNTRY,HKG,,,YEAR,2015,,,,,,,,,62 [52-76],62,52,76,,2025-11-11T16:20:50Z,2015,2015-01-01,2015-12-31
6142365,TB_1,COUNTRY,GBR,EUR,Europe,YEAR,2024,,,,,,,,,89 [83-96],89,83,96,,2025-11-11T16:20:50Z,2024,2024-01-01,2024-12-31
6145768,TB_1,COUNTRY,KHM,WPR,Western Pacific,YEAR,2003,,,,,,,,,30 [22-42],30,22,42,,2025-11-11T16:20:50Z,2003,2003-01-01,2003-12-31
6148653,TB_1,COUNTRY,MYS,WPR,Western Pacific,YEAR,2000,,,,,,,,,43 [36-53],43,36,53,,2025-11-11T16:20:50Z,2000,2000-01-01,2000-12-31
6149008,TB_1,COUNTRY,USA,AMR,Americas,YEAR,2011,,,,,,,,,83 [68-100],83,68,100,,2025-11-11T16:20:50Z,2011,2011-01-01,2011-12-31
6149424,TB_1,COUNTRY,OMN,EMR,Eastern Mediterranean,YEAR,2022,,,,,,,,,69 [58-85],69,58,85,,2025-11-11T16:20:50Z,2022,2022-01-01,2022-12-31
6152785,TB_1,COUNTRY,LCA,AMR,Americas,YEAR,2022,,,,,,,,,100 [83-120],100,83,120,,2025-11-11T16:20:50Z,2022,2022-01-01,2022-12-31
6153441,TB_1,COUNTRY,ARE,EMR,Eastern Mediterranean,YEAR,2016,,,,,,,,,69 [57-85],69,57,85,,2025-11-11T16:20:50Z,2016,2016-01-01,2016-12-31
6154473,TB_1,GLOBAL,GLOBAL,,,YEAR,2001,,,,,,,,,33 [26-43],33,26,43,,2025-11-11T16:20:50Z,2001,2001-01-01,2001-12-31
6154905,TB_1,COUNTRY,CHE,EUR,Europe,YEAR,2000,,,,,,,,,72 [60-89],72,60,89,,2025-11-11T16:20:50Z,2000,2000-01-01,2000-12-31
6155584,TB_1,COUNTRY,CIV,AFR,Africa,YEAR,2002,,,,,,,,,45 [19-84],45,19,84,,2025-11-11T16:20:50Z,2002,2002-01-01,2002-12-31
6155683,TB_1,COUNTRY,ZAF,AFR,Africa,YEAR,2024,,,,,,,,,74 [50-120],74,50,120,,2025-11-11T16:20:50Z,2024,2024-01-01,2024-12-31
6155690,TB_1,COUNTRY,SWE,EUR,Europe,YEAR,2019,,,,,,,,,86 [71-110],86,71,110,,2025-11-11T16:20:50Z,2019,2019-01-01,2019-12-31
6158414,TB_1,COUNTRY,KOR,WPR,Western Pacific,YEAR,2012,,,,,,,,,94 [87-100],94,87,100,,2025-11-11T16:20:50Z,2012,2012-01-01,2012-12-31
6158453,TB_1,COUNTRY,SRB,EUR,Europe,YEAR,2015,,,,,,,,,70 [58-86],70,58,86,,2025-11-11T16:20:50Z,2015,2015-01-01,2015-12-31
6161004,TB_1,COUNTRY,BIH,EUR,Europe,YEAR,2000,,,,,,,,,38 [31-46],38,31,46,,2025-11-11T16:20:50Z,2000,2000-01-01,2000-12-31
6161391,TB_1,WORLDBANKINCOMEGROUP,WB_LI,,,YEAR,2012,,,,,,,,,46 [37-58],46,37,58,,2025-11-11T16:20:50Z,2012,2012-01-01,2012-12-31
6161473,TB_1,COUNTRY,GBR,EUR,Europe,YEAR,2012,,,,,,,,,89 [83-96],89,83,96,,2025-11-11T16:20:50Z,2012,2012-01-01,2012-12-31
6163556,TB_1,COUNTRY,STP,AFR,Africa,YEAR,2013,,,,,,,,,48 [40-59],48,40,59,,2025-11-11T16:20:50Z,2013,2013-01-01,2013-12-31
6163890,TB_1,COUNTRY,BTN,SEAR,South-East Asia,YEAR,2009,,,,,,,,,38 [31-46],38,31,46,,2025-11-11T16:20:50Z,2009,2009-01-01,2009-12-31
6168631,TB_1,COUNTRY,KHM,WPR,Western Pacific,YEAR,2015,,,,,,,,,66 [49-89],66,49,89,,2025-11-11T16:20:50Z,2015,2015-01-01,2015-12-31
6174224,TB_1,COUNTRY,ETH,AFR,Africa,YEAR,2003,,,,,,,,,39 [25-69],39,25,69,,2025-11-11T16:20:50Z,2003,2003-01-01,2003-12-31
6175079,TB_1,COUNTRY,PAK,EMR,Eastern Mediterranean,YEAR,2016,,,,,,,,,60 [45-85],60,45,85,,2025-11-11T16:20:50Z,2016,2016-01-01,2016-12-31
6177395,TB_1,COUNTRY,LBY,EMR,Eastern Mediterranean,YEAR,2016,,,,,,,,,53 [28-84],53,28,84,,2025-11-11T16:20:50Z,2016,2016-01-01,2016-12-31
6182458,TB_1,COUNTRY,BEL,EUR,Europe,YEAR,2022,,,,,,,,,86 [71-110],86,71,110,,2025-11-11T16:20:50Z,2022,2022-01-01,2022-12-31
6183251,TB_1,COUNTRY,COG,AFR,Africa,YEAR,2008,,,,,,,,,48 [22-85],48,22,85,,2025-11-11T16:20:50Z,2008,2008-01-01,2008-12-31
6184850,TB_1,COUNTRY,ROU,EUR,Europe,YEAR,2011,,,,,,,,,72 [60-89],72,60,89,,2025-11-11T16:20:50Z,2011,2011-01-01,2011-12-31
6186207,TB_1,COUNTRY,LBR,AFR,Africa,YEAR,2010,,,,,,,,,49 [23-85],49,23,85,,2025-11-11T16:20:50Z,2010,2010-01-01,2010-12-31
6187448,TB_1,COUNTRY,WSM,WPR,Western Pacific,YEAR,2011,,,,,,,,,100 [83-120],100,83,120,,2025-11-11T16:20:50Z,2011,2011-01-01,2011-12-31
6187859,TB_1,COUNTRY,MNE,EUR,Europe,YEAR,2009,,,,,,,,,63 [52-78],63,52,78,,2025-11-11T16:20:50Z,2009,2009-01-01,2009-12-31
6189068,TB_1,COUNTRY,BGD,SEAR,South-East Asia,YEAR,2008,,,,,,,,,46 [35-63],46,35,63,,2025-11-11T16:20:50Z,2008,2008-01-01,2008-12-31
6189125,TB_1,COUNTRY,AGO,AFR,Africa,YEAR,2017,,,,,,,,,43 [22-72],43,22,72,,2025-11-11T16:20:50Z,2017,2017-01-01,2017-12-31
6193760,TB_1,COUNTRY,THA,SEAR,South-East Asia,YEAR,2005,,,,,,,,,39 [20-110],39,20,110,,2025-11-11T16:20:50Z,2005,2005-01-01,2005-12-31
6194092,TB_1,COUNTRY,BHS,AMR,Americas,YEAR,2010,,,,,,,,,70 [58-86],70,58,86,,2025-11-11T16:20:50Z,2010,2010-01-01,2010-12-31
6197603,TB_1,COUNTRY,PNG,WPR,Western Pacific,YEAR,2023,,,,,,,,,61 [30-100],61,30,100,,2025-11-11T16:20:50Z,2023,2023-01-01,2023-12-31
6198451,TB_1,COUNTRY,BLR,EUR,Europe,YEAR,2019,,,,,,,,,81 [67-100],81,67,100,,2025-11-11T16:20:50Z,2019,2019-01-01,2019-12-31
6198626,TB_1,COUNTRY,BHS,AMR,Americas,YEAR,2022,,,,,,,,,77 [64-94],77,64,94,,2025-11-11T16:20:50Z,2022,2022-01-01,2022-12-31
6200698,TB_1,COUNTRY,LTU,EUR,Europe,YEAR,2001,,,,,,,,,44 [36-54],44,36,54,,2025-11-11T16:20:50Z,2001,2001-01-01,2001-12-31
6202796,TB_1,COUNTRY,OMN,EMR,Eastern Mediterranean,YEAR,2000,,,,,,,,,56 [46-69],56,46,69,,2025-11-11T16:20:50Z,2000,2000-01-01,2000-12-31
6203749,TB_1,COUNTRY,ZAF,AFR,Africa,YEAR,2019,,,,,,,,,57 [42-82],57,42,82,,2025-11-11T16:20:50Z,2019,2019-01-01,2019-12-31
6207258,TB_1,COUNTRY,VEN,AMR,Americas,YEAR,2017,,,,,,,,,74 [61-91],74,61,91,,2025-11-11T16:20:50Z,2017,2017-01-01,2017-12-31
6211565,TB_1,COUNTRY,SUR,AMR,Americas,YEAR,2018,,,,,,,,,71 [59-88],71,59,88,,2025-11-11T16:20:50Z,2018,2018-01-01,2018-12-31
6214513,TB_1,COUNTRY,SVN,EUR,Europe,YEAR,2021,,,,,,,,,85 [70-100],85,70,100,,2025-11-11T16:20:50Z,2021,2021-01-01,2021-12-31
6218440,TB_1,COUNTRY,ISR,EUR,Europe,YEAR,2013,,,,,,,,,81 [67-99],81,67,99,,2025-11-11T16:20:50Z,2013,2013-01-01,2013-12-31
6219185,TB_1,COUNTRY,MHL,WPR,Western Pacific,YEAR,2006,,,,,,,,,42 [34-51],42,34,51,,2025-11-11T16:20:50Z,2006,2006-01-01,2006-12-31
6223489,TB_1,COUNTRY,HKG,,,YEAR,2006,,,,,,,,,49 [40-60],49,40,60,,2025-11-11T16:20:50Z,2006,2006-01-01,2006-12-31
6225867,TB_1,COUNTRY,ZMB,AFR,Africa,YEAR,2015,,,,,,,,,57 [38-97],57,38,97,,2025-11-11T16:20:50Z,2015,2015-01-01,2015-12-31
6229305,TB_1,COUNTRY,BRB,AMR,Americas,YEAR,2014,,,,,,,,,100 [83-120],100,83,120,,2025-11-11T16:20:50Z,2014,2014-01-01,2014-12-31
6231681,TB_1,COUNTRY,GEO,EUR,Europe,YEAR,2012,,,,,,,,,66 [55-81],66,55,81,,2025-11-11T16:20:50Z,2012,2012-01-01,2012-12-31
6233613,TB_1,COUNTRY,NIC,AMR,Americas,YEAR,2009,,,,,,,,,58 [48-71],58,48,71,,2025-11-11T16:20:50Z,2009,2009-01-01,2009-12-31
6236523,TB_1,COUNTRY,BGR,EUR,Europe,YEAR,2014,,,,,,,,,67 [55-82],67,55,82,,2025-11-11T16:20:50Z,2014,2014-01-01,2014-12-31
6236540,TB_1,COUNTRY,SYR,EMR,Eastern Mediterranean,YEAR,2007,,,,,,,,,49 [41-61],49,41,61,,2025-11-11T16:20:50Z,2007,2007-01-01,2007-12-31
6237164,TB_1,COUNTRY,ATG,AMR,Americas,YEAR,2003,,,,,,,,,100 [83-120],100,83,120,,2025-11-11T16:20:50Z,2003,2003-01-01,2003-12-31
6237642,TB_1,COUNTRY,CYP,EUR,Europe,YEAR,2002,,,,,,,,,51 [42-62],51,42,62,,2025-11-11T16:20:50Z,2002,2002-01-01,2002-12-31
6238288,TB_1,COUNTRY,VCT,AMR,Americas,YEAR,2013,,,,,,,,,100 [83-120],100,83,120,,2025-11-11T16:20:50Z,2013,2013-01-01,2013-12-31
6244438,TB_1,COUNTRY,MCO,EUR,Europe,YEAR,2018,,,,,,,,,100 [83-120],100,83,120,,2025-11-11T16:20:50Z,2018,2018-01-01,2018-12-31
6247438,TB_1,COUNTRY,GEO,EUR,Europe,YEAR,2021,,,,,,,,,62 [52-77],62,52,77,,2025-11-11T16:20:50Z,2021,2021-01-01,2021-12-31
6251171,TB_1,REGION,EMR,,,YEAR,2000,,,,,,,,,20 [16-27],20,16,27,,2025-11-11T16:20:50Z,2000,2000-01-01,2000-12-31
6252810,TB_1,COUNTRY,TZA,AFR,Africa,YEAR,2023,,,,,,,,,76 [40-200],76,40,200,,2025-11-11T16:20:50Z,2023,2023-01-01,2023-12-31
6256162,TB_1,COUNTRY,TTO,AMR,Americas,YEAR,2001,,,,,,,,,47 [39-58],47,39,58,,2025-11-11T16:20:50Z,2001,2001-01-01,2001-12-31
6256888,TB_1,COUNTRY,ETH,AFR,Africa,YEAR,2018,,,,,,,,,59 [34-120],59,34,120,,2025-11-11T16:20:50Z,2018,2018-01-01,2018-12-31
6258107,TB_1,COUNTRY,PHL,WPR,Western Pacific,YEAR,2018,,,,,,,,,61 [39-110],61,39,110,,2025-11-11T16:20:50Z,2018,2018-01-01,2018-12-31
6261798,TB_1,COUNTRY,BRA,AMR,Americas,YEAR,2013,,,,,,,,,92 [76-110],92,76,110,,2025-11-11T16:20:50Z,2013,2013-01-01,2013-12-31
6262059,TB_1,COUNTRY,IRQ,EMR,Eastern Mediterranean,YEAR,2003,,,,,,,,,66 [54-82],66,54,82,,2025-11-11T16:20:50Z,2003,2003-01-01,2003-12-31
6263491,TB_1,COUNTRY,NGA,AFR,Africa,YEAR,2021,,,,,,,,,43 [30-66],43,30,66,,2025-11-11T16:20:50Z,2021,2021-01-01,2021-12-31
6263918,TB_1,COUNTRY,BRB,AMR,Americas,YEAR,2006,,,,,,,,,100 [83-120],100,83,120,,2025-11-11T16:20:50Z,2006,2006-01-01,2006-12-31
6264702,TB_1,COUNTRY,VEN,AMR,Americas,YEAR,2006,,,,,,,,,57 [48-70],57,48,70,,2025-11-11T16:20:50Z,2006,2006-01-01,2006-12-31
6267866,TB_1,COUNTRY,RUS,EUR,Europe,YEAR,2022,,,,,,,,,99 [64-180],99,64,180,,2025-11-11T16:20:50Z,2022,2022-01-01,2022-12-31
6270443,TB_1,COUNTRY,LUX,EUR,Europe,YEAR,2018,,,,,,,,,85 [71-100],85,71,100,,2025-11-11T16:20:50Z,2018,2018-01-01,2018-12-31
6271116,TB_1,COUNTRY,TON,WPR,Western Pacific,YEAR,2023,,,,,,,,,100 [83-120],100,83,120,,2025-11-11T16:20:50Z,2023,2023-01-01,2023-12-31
6271592,TB_1,COUNTRY,BHS,AMR,Americas,YEAR,2007,,,,,,,,,69 [57-84],69,57,84,,2025-11-11T16:20:50Z,2007,2007-01-01,2007-12-31
6272176,TB_1,COUNTRY,AND,EUR,Europe,YEAR,2024,,,,,,,,,100 [83-120],100,83,120,,2025-11-11T16:20:50Z,2024,2024-01-01,2024-12-31
6273065,TB_1,COUNTRY,BGR,EUR,Europe,YEAR,2020,,,,,,,,,75 [62-92],75,62,92,,2025-11-11T16:20:50Z,2020,2020-01-01,2020-12-31
6273615,TB_1,COUNTRY,VUT,WPR,Western Pacific,YEAR,2002,,,,,,,,,21 [2.3-56],21,2.3,56,,2025-11-11T16:20:50Z,2002,2002-01-01,2002-12-31
6275455,TB_1,COUNTRY,TGO,AFR,Africa,YEAR,2017,,,,,,,,,58 [30-97],58,30,97,,2025-11-11T16:20:50Z,2017,2017-01-01,2017-12-31
6278167,TB_1,COUNTRY,CIV,AFR,Africa,YEAR,2012,,,,,,,,,52 [25-90],52,25,90,,2025-11-11T16:20:50Z,2012,2012-01-01,2012-12-31
6278759,TB_1,COUNTRY,LSO,AFR,Africa,YEAR,2017,,,,,,,,,48 [33-80],48,33,80,,2025-11-11T16:20:50Z,2017,2017-01-01,2017-12-31
6279995,TB_1,COUNTRY,LCA,AMR,Americas,YEAR,2005,,,,,,,,,100 [83-120],100,83,120,,2025-11-11T16:20:50Z,2005,2005-01-01,2005-12-31
6283752,TB_1,COUNTRY,SGP,WPR,Western Pacific,YEAR,2019,,,,,,,,,88 [73-110],88,73,110,,2025-11-11T16:20:50Z,2019,2019-01-01,2019-12-31
6290820,TB_1,WORLDBANKINCOMEGROUP,WB_LI,,,YEAR,2020,,,,,,,,,60 [48-76],60,48,76,,2025-11-11T16:20:50Z,2020,2020-01-01,2020-12-31
6295072,TB_1,COUNTRY,TUN,EMR,Eastern Mediterranean,YEAR,2008,,,,,,,,,55 [46-68],55,46,68,,2025-11-11T16:20:50Z,2008,2008-01-01,2008-12-31
6295189,TB_1,COUNTRY,VEN,AMR,Americas,YEAR,2004,,,,,,,,,53 [44-65],53,44,65,,2025-11-11T16:20:50Z,2004,2004-01-01,2004-12-31
6300847,TB_1,COUNTRY,CAN,AMR,Americas,YEAR,2000,,,,,,,,,69 [58-85],69,58,85,,2025-11-11T16:20:50Z,2000,2000-01-01,2000-12-31
6307454,TB_1,COUNTRY,HRV,EUR,Europe,YEAR,2008,,,,,,,,,74 [61-91],74,61,91,,2025-11-11T16:20:50Z,2008,2008-01-01,2008-12-31
6309228,TB_1,COUNTRY,JOR,EMR,Eastern Mediterranean,YEAR,2005,,,,,,,,,65 [54-80],65,54,80,,2025-11-11T16:20:50Z,2005,2005-01-01,2005-12-31
6312596,TB_1,GLOBAL,GLOBAL,,,YEAR,2021,,,,,,,,,62 [57-66],62,57,66,,2025-11-11T16:20:50Z,2021,2021-01-01,2021-12-31
6312885,TB_1,COUNTRY,DJI,EMR,Eastern Mediterranean,YEAR,2024,,,,,,,,,41 [34-50],41,34,50,,2025-11-11T16:20:50Z,2024,2024-01-01,2024-12-31
6313460,TB_1,COUNTRY,SAU,EMR,Eastern Mediterranean,YEAR,2012,,,,,,,,,91 [82-100],91,82,100,,2025-11-11T16:20:50Z,2012,2012-01-01,2012-12-31
6315534,TB_1,COUNTRY,IRN,EMR,Eastern Mediterranean,YEAR,2003,,,,,,,,,42 [35-51],42,35,51,,2025-11-11T16:20:50Z,2003,2003-01-01,2003-12-31
6317163,TB_1,COUNTRY,AFG,EMR,Eastern Mediterranean,YEAR,2007,,,,,,,,,46 [19-87],46,19,87,,2025-11-11T16:20:50Z,2007,2007-01-01,2007-12-31
6318378,TB_1,COUNTRY,NRU,WPR,Western Pacific,YEAR,2006,,,,,,,,,100 [83-120],100,83,120,,2025-11-11T16:20:50Z,2006,2006-01-01,2006-12-31
6318966,TB_1,COUNTRY,JOR,EMR,Eastern Mediterranean,YEAR,2020,,,,,,,,,43 [36-53],43,36,53,,2025-11-11T16:20:50Z,2020,2020-01-01,2020-12-31
6318999,TB_1,COUNTRY,GIN,AFR,Africa,YEAR,2008,,,,,,,,,54 [24-97],54,24,97,,2025-11-11T16:20:50Z,2008,2008-01-01,2008-12-31
6319017,TB_1,COUNTRY,OMN,EMR,Eastern Mediterranean,YEAR,2004,,,,,,,,,58 [48-71],58,48,71,,2025-11-11T16:20:50Z,2004,2004-01-01,2004-12-31
6320600,TB_1,COUNTRY,ETH,AFR,Africa,YEAR,2010,,,,,,,,,63 [39-120],63,39,120,,2025-11-11T16:20:50Z,2010,2010-01-01,2010-12-31
6328130,TB_1,COUNTRY,COD,AFR,Africa,YEAR,2011,,,,,,,,,32 [17-52],32,17,52,,2025-11-11T16:20:50Z,2011,2011-01-01,2011-12-31
6328638,TB_1,COUNTRY,ISR,EUR,Europe,YEAR,2008,,,,,,,,,77 [64-95],77,64,95,,2025-11-11T16:20:50Z,2008,2008-01-01,2008-12-31
6332558,TB_1,COUNTRY,BGD,SEAR,South-East Asia,YEAR,2004,,,,,,,,,31 [24-43],31,24,43,,2025-11-11T16:20:50Z,2004,2004-01-01,2004-12-31
6335199,TB_1,COUNTRY,VEN,AMR,Americas,YEAR,2012,,,,,,,,,70 [58-86],70,58,86,,2025-11-11T16:20:50Z,2012,2012-01-01,2012-12-31
6335249,TB_1,COUNTRY,BEL,EUR,Europe,YEAR,2023,,,,,,,,,86 [71-110],86,71,110,,2025-11-11T16:20:50Z,2023,2023-01-01,2023-12-31
6335481,TB_1,COUNTRY,KAZ,EUR,Europe,YEAR,2021,,,,,,,,,86 [71-110],86,71,110,,2025-11-11T16:20:50Z,2021,2021-01-01,2021-12-31
6335588,TB_1,COUNTRY,IND,SEAR,South-East Asia,YEAR,2018,,,,,,,,,67 [60-75],67,60,75,,2025-11-11T16:20:50Z,2018,2018-01-01,2018-12-31
6336399,TB_1,COUNTRY,ROU,EUR,Europe,YEAR,2001,,,,,,,,,67 [55-82],67,55,82,,2025-11-11T16:20:50Z,2001,2001-01-01,2001-12-31
6338067,TB_1,COUNTRY,PHL,WPR,Western Pacific,YEAR,2009,,,,,,,,,29 [19-52],29,19,52,,2025-11-11T16:20:50Z,2009,2009-01-01,2009-12-31
6338147,TB_1,COUNTRY,AGO,AFR,Africa,YEAR,2011,,,,,,,,,42 [19-72],42,19,72,,2025-11-11T16:20:50Z,2011,2011-01-01,2011-12-31
6343049,TB_1,COUNTRY,SAU,EMR,Eastern Mediterranean,YEAR,2022,,,,,,,,,91 [82-100],91,82,100,,2025-11-11T16:20:50Z,2022,2022-01-01,2022-12-31
6344320,TB_1,COUNTRY,SGP,WPR,Western Pacific,YEAR,2013,,,,,,,,,83 [69-100],83,69,100,,2025-11-11T16:20:50Z,2013,2013-01-01,2013-12-31
6347811,TB_1,COUNTRY,RUS,EUR,Europe,YEAR,2010,,,,,,,,,100 [58-230],100,58,230,,2025-11-11T16:20:50Z,2010,2010-01-01,2010-12-31
6354442,TB_1,COUNTRY,MWI,AFR,Africa,YEAR,2007,,,,,,,,,47 [17-410],47,17,410,,2025-11-11T16:20:50Z,2007,2007-01-01,2007-12-31
6359302,TB_1,COUNTRY,AGO,AFR,Africa,YEAR,2023,,,,,,,,,46 [32-70],46,32,70,,2025-11-11T16:20:50Z,2023,2023-01-01,2023-12-31
6361149,TB_1,COUNTRY,DJI,EMR,Eastern Mediterranean,YEAR,2008,,,,,,,,,30 [25-36],30,25,36,,2025-11-11T16:20:50Z,2008,2008-01-01,2008-12-31
6362611,TB_1,COUNTRY,URY,AMR,Americas,YEAR,2013,,,,,,,,,78 [65-96],78,65,96,,2025-11-11T16:20:50Z,2013,2013-01-01,2013-12-31
6363596,TB_1,COUNTRY,SEN,AFR,Africa,YEAR,2004,,,,,,,,,45 [19-81],45,19,81,,2025-11-11T16:20:50Z,2004,2004-01-01,2004-12-31
6363696,TB_1,COUNTRY,CHN,WPR,Western Pacific,YEAR,2020,,,,,,,,,75 [62-92],75,62,92,,2025-11-11T16:20:50Z,2020,2020-01-01,2020-12-31
6364110,TB_1,COUNTRY,SYC,AFR,Africa,YEAR,2008,,,,,,,,,100 [83-120],100,83,120,,2025-11-11T16:20:50Z,2008,2008-01-01,2008-12-31
6370764,TB_1,COUNTRY,GHA,AFR,Africa,YEAR,2003,,,,,,,,,27 [13-82],27,13,82,,2025-11-11T16:20:50Z,2003,2003-01-01,2003-12-31
6372705,TB_1,COUNTRY,CIV,AFR,Africa,YEAR,2000,,,,,,,,,51 [19-99],51,19,99,,2025-11-11T16:20:50Z,2000,2000-01-01,2000-12-31
6374626,TB_1,COUNTRY,NRU,WPR,Western Pacific,YEAR,2009,,,,,,,,,100 [83-120],100,83,120,,2025-11-11T16:20:50Z,2009,2009-01-01,2009-12-31
6394489,TB_1,COUNTRY,GNQ,AFR,Africa,YEAR,2017,,,,,,,,,40 [21-66],40,21,66,,2025-11-11T16:20:50Z,2017,2017-01-01,2017-12-31
6396697,TB_1,WORLDBANKINCOMEGROUP,WB_LMI,,,YEAR,2014,,,,,,,,,49 [42-59],49,42,59,,2025-11-11T16:20:50Z,2014,2014-01-01,2014-12-31
6397148,TB_1,COUNTRY,GBR,EUR,Europe,YEAR,2001,,,,,,,,,89 [83-96],89,83,96,,2025-11-11T16:20:50Z,2001,2001-01-01,2001-12-31
6398124,TB_1,COUNTRY,NZL,WPR,Western Pacific,YEAR,2014,,,,,,,,,84 [69-100],84,69,100,,2025-11-11T16:20:50Z,2014,2014-01-01,2014-12-31
6400593,TB_1,COUNTRY,HTI,AMR,Americas,YEAR,2001,,,,,,,,,21 [17-26],21,17,26,,2025-11-11T16:20:50Z,2001,2001-01-01,2001-12-31
6400843,TB_1,COUNTRY,BLR,EUR,Europe,YEAR,2012,,,,,,,,,69 [58-85],69,58,85,,2025-11-11T16:20:50Z,2012,2012-01-01,2012-12-31
6403089,TB_1,COUNTRY,BGD,SEAR,South-East Asia,YEAR,2009,,,,,,,,,48 [37-66],48,37,66,,2025-11-11T16:20:50Z,2009,2009-01-01,2009-12-31
6405151,TB_1,COUNTRY,PSE,EMR,Eastern Mediterranean,YEAR,2016,,,,,,,,,66 [55-81],66,55,81,,2025-11-11T16:20:50Z,2016,2016-01-01,2016-12-31
6408000,TB_1,COUNTRY,ATG,AMR,Americas,YEAR,2014,,,,,,,,,100 [83-120],100,83,120,,2025-11-11T16:20:50Z,2014,2014-01-01,2014-12-31
6412947,TB_1,COUNTRY,COM,AFR,Africa,YEAR,2009,,,,,,,,,45 [22-76],45,22,76,,2025-11-11T16:20:50Z,2009,2009-01-01,2009-12-31
6414225,TB_1,COUNTRY,USA,AMR,Americas,YEAR,2009,,,,,,,,,82 [68-100],82,68,100,,2025-11-11T16:20:50Z,2009,2009-01-01,2009-12-31
6415069,TB_1,COUNTRY,MNE,EUR,Europe,YEAR,2013,,,,,,,,,66 [55-81],66,55,81,,2025-11-11T16:20:50Z,2013,2013-01-01,2013-12-31
6415979,TB_1,COUNTRY,ETH,AFR,Africa,YEAR,2004,,,,,,,,,42 [26-75],42,26,75,,2025-11-11T16:20:50Z,2004,2004-01-01,2004-12-31
6417408,TB_1,COUNTRY,CAN,AMR,Americas,YEAR,2023,,,,,,,,,91 [76-110],91,76,110,,2025-11-11T16:20:50Z,2023,2023-01-01,2023-12-31
6417861,TB_1,WORLDBANKINCOMEGROUP,WB_HI,,,YEAR,2017,,,,,,,,,89 [76-110],89,76,110,,2025-11-11T16:20:50Z,2017,2017-01-01,2017-12-31
6418812,TB_1,COUNTRY,FIN,EUR,Europe,YEAR,2007,,,,,,,,,82 [68-100],82,68,100,,2025-11-11T16:20:50Z,2007,2007-01-01,2007-12-31
6420174,TB_1,COUNTRY,TUV,WPR,Western Pacific,YEAR,2016,,,,,,,,,100 [83-120],100,83,120,,2025-11-11T16:20:50Z,2016,2016-01-01,2016-12-31
6421326,TB_1,COUNTRY,GUY,AMR,Americas,YEAR,2005,,,,,,,,,56 [46-69],56,46,69,,2025-11-11T16:20:50Z,2005,2005-01-01,2005-12-31
6423059,TB_1,COUNTRY,IDN,WPR,Western Pacific,YEAR,2005,,,,,,,,,31 [28-34],31,28,34,,2025-11-11T16:20:50Z,2005,2005-01-01,2005-12-31
6425458,TB_1,COUNTRY,TJK,EUR,Europe,YEAR,2015,,,,,,,,,61 [51-75],61,51,75,,2025-11-11T16:20:50Z,2015,2015-01-01,2015-12-31
6427946,TB_1,COUNTRY,AZE,EUR,Europe,YEAR,2012,,,,,,,,,51 [42-62],51,42,62,,2025-11-11T16:20:50Z,2012,2012-01-01,2012-12-31
6430286,TB_1,COUNTRY,LSO,AFR,Africa,YEAR,2003,,,,,,,,,60 [33-140],60,33,140,,2025-11-11T16:20:50Z,2003,2003-01-01,2003-12-31
6431298,TB_1,COUNTRY,COD,AFR,Africa,YEAR,2006,,,,,,,,,29 [15-48],29,15,48,,2025-11-11T16:20:50Z,2006,2006-01-01,2006-12-31
6431483,TB_1,COUNTRY,SWE,EUR,Europe,YEAR,2022,,,,,,,,,86 [71-110],86,71,110,,2025-11-11T16:20:50Z,2022,2022-01-01,2022-12-31
6435524,TB_1,COUNTRY,MUS,AFR,Africa,YEAR,2011,,,,,,,,,55 [46-68],55,46,68,,2025-11-11T16:20:50Z,2011,2011-01-01,2011-12-31
6435601,TB_1,COUNTRY,PAN,AMR,Americas,YEAR,2021,,,,,,,,,77 [64-94],77,64,94,,2025-11-11T16:20:50Z,2021,2021-01-01,2021-12-31
6435628,TB_1,COUNTRY,ISL,EUR,Europe,YEAR,2020,,,,,,,,,100 [83-120],100,83,120,,2025-11-11T16:20:50Z,2020,2020-01-01,2020-12-31
6436303,TB_1,COUNTRY,IND,SEAR,South-East Asia,YEAR,2019,,,,,,,,,77 [69-87],77,69,87,,2025-11-11T16:20:50Z,2019,2019-01-01,2019-12-31
6436683,TB_1,COUNTRY,VUT,WPR,Western Pacific,YEAR,2006,,,,,,,,,42 [15-87],42,15,87,,2025-11-11T16:20:50Z,2006,2006-01-01,2006-12-31
6439221,TB_1,COUNTRY,ERI,AFR,Africa,YEAR,2023,,,,,,,,,43 [36-53],43,36,53,,2025-11-11T16:20:50Z,2023,2023-01-01,2023-12-31
6439827,TB_1,COUNTRY,ARE,EMR,Eastern Mediterranean,YEAR,2008,,,,,,,,,57 [47-70],57,47,70,,2025-11-11T16:20:50Z,2008,2008-01-01,2008-12-31
6440877,TB_1,COUNTRY,FIN,EUR,Europe,YEAR,2022,,,,,,,,,86 [71-110],86,71,110,,2025-11-11T16:20:50Z,2022,2022-01-01,2022-12-31
6444423,TB_1,COUNTRY,LBR,AFR,Africa,YEAR,2022,,,,,,,,,59 [31-96],59,31,96,,2025-11-11T16:20:50Z,2022,2022-01-01,2022-12-31
6445302,TB_1,COUNTRY,NRU,WPR,Western Pacific,YEAR,2022,,,,,,,,,100 [83-120],100,83,120,,2025-11-11T16:20:50Z,2022,2022-01-01,2022-12-31
6445741,TB_1,COUNTRY,SYR,EMR,Eastern Mediterranean,YEAR,2021,,,,,,,,,62 [52-77],62,52,77,,2025-11-11T16:20:50Z,2021,2021-01-01,2021-12-31
6446010,TB_1,COUNTRY,MDV,SEAR,South-East Asia,YEAR,2018,,,,,,,,,69 [57-84],69,57,84,,2025-11-11T16:20:50Z,2018,2018-01-01,2018-12-31
6447418,TB_1,COUNTRY,HND,AMR,Americas,YEAR,2002,,,,,,,,,40 [33-49],40,33,49,,2025-11-11T16:20:50Z,2002,2002-01-01,2002-12-31
6449857,TB_1,COUNTRY,MHL,WPR,Western Pacific,YEAR,2015,,,,,,,,,57 [47-70],57,47,70,,2025-11-11T16:20:50Z,2015,2015-01-01,2015-12-31
6449916,TB_1,COUNTRY,ISL,EUR,Europe,YEAR,2001,,,,,,,,,100 [83-120],100,83,120,,2025-11-11T16:20:50Z,2001,2001-01-01,2001-12-31
6450317,TB_1,COUNTRY,DZA,AFR,Africa,YEAR,2024,,,,,,,,,74 [62-92],74,62,92,,2025-11-11T16:20:50Z,2024,2024-01-01,2024-12-31
6450346,TB_1,COUNTRY,SOM,EMR,Eastern Mediterranean,YEAR,2005,,,,,,,,,38 [7-86],38,7,86,,2025-11-11T16:20:50Z,2005,2005-01-01,2005-12-31
6451756,TB_1,COUNTRY,MYS,WPR,Western Pacific,YEAR,2022,,,,,,,,,73 [61-90],73,61,90,,2025-11-11T16:20:50Z,2022,2022-01-01,2022-12-31
6452832,TB_1,COUNTRY,COG,AFR,Africa,YEAR,2000,,,,,,,,,52 [19-100],52,19,100,,2025-11-11T16:20:50Z,2000,2000-01-01,2000-12-31
6454044,TB_1,COUNTRY,TUV,WPR,Western Pacific,YEAR,2000,,,,,,,,,100 [83-120],100,83,120,,2025-11-11T16:20:50Z,2000,2000-01-01,2000-12-31
6455227,TB_1,COUNTRY,HND,AMR,Americas,YEAR,2009,,,,,,,,,54 [45-67],54,45,67,,2025-11-11T16:20:50Z,2009,2009-01-01,2009-12-31
6456009,TB_1,COUNTRY,AGO,AFR,Africa,YEAR,2007,,,,,,,,,39 [18-69],39,18,69,,2025-11-11T16:20:50Z,2007,2007-01-01,2007-12-31
6456469,TB_1,COUNTRY,STP,AFR,Africa,YEAR,2024,,,,,,,,,63 [52-77],63,52,77,,2025-11-11T16:20:50Z,2024,2024-01-01,2024-12-31
6457067,TB_1,COUNTRY,NLD,EUR,Europe,YEAR,2022,,,,,,,,,87 [75-100],87,75,100,,2025-11-11T16:20:50Z,2022,2022-01-01,2022-12-31
6457632,TB_1,COUNTRY,SOM,EMR,Eastern Mediterranean,YEAR,2010,,,,,,,,,38 [19-69],38,19,69,,2025-11-11T16:20:50Z,2010,2010-01-01,2010-12-31
6458654,TB_1,WORLDBANKINCOMEGROUP,WB_HI,,,YEAR,2022,,,,,,,,,89 [76-110],89,76,110,,2025-11-11T16:20:50Z,2022,2022-01-01,2022-12-31
6458949,TB_1,COUNTRY,MUS,AFR,Africa,YEAR,2003,,,,,,,,,44 [37-54],44,37,54,,2025-11-11T16:20:50Z,2003,2003-01-01,2003-12-31
6460609,TB_1,COUNTRY,HUN,EUR,Europe,YEAR,2019,,,,,,,,,77 [64-95],77,64,95,,2025-11-11T16:20:50Z,2019,2019-01-01,2019-12-31
6463888,TB_1,COUNTRY,KNA,AMR,Americas,YEAR,2009,,,,,,,,,100 [83-120],100,83,120,,2025-11-11T16:20:50Z,2009,2009-01-01,2009-12-31
6465425,TB_1,COUNTRY,ZWE,AFR,Africa,YEAR,2017,,,,,,,,,79 [59-110],79,59,110,,2025-11-11T16:20:50Z,2017,2017-01-01,2017-12-31
6466720,TB_1,COUNTRY,PNG,WPR,Western Pacific,YEAR,2009,,,,,,,,,32 [14-61],32,14,61,,2025-11-11T16:20:50Z,2009,2009-01-01,2009-12-31
6467744,TB_1,COUNTRY,MDV,SEAR,South-East Asia,YEAR,2013,,,,,,,,,59 [49-73],59,49,73,,2025-11-11T16:20:50Z,2013,2013-01-01,2013-12-31
6469472,TB_1,COUNTRY,SLB,WPR,Western Pacific,YEAR,2004,,,,,,,,,26 [21-31],26,21,31,,2025-11-11T16:20:50Z,2004,2004-01-01,2004-12-31
6471972,TB_1,COUNTRY,PAK,EMR,Eastern Mediterranean,YEAR,2019,,,,,,,,,54 [40-76],54,40,76,,2025-11-11T16:20:50Z,2019,2019-01-01,2019-12-31
6472502,TB_1,COUNTRY,CAN,AMR,Americas,YEAR,2014,,,,,,,,,88 [73-110],88,73,110,,2025-11-11T16:20:50Z,2014,2014-01-01,2014-12-31
6474409,TB_1,COUNTRY,EST,EUR,Europe,YEAR,2016,,,,,,,,,76 [63-94],76,63,94,,2025-11-11T16:20:50Z,2016,2016-01-01,2016-12-31
6475032,TB_1,COUNTRY,ARE,EMR,Eastern Mediterranean,YEAR,2015,,,,,,,,,68 [57-84],68,57,84,,2025-11-11T16:20:50Z,2015,2015-01-01,2015-12-31
6475934,TB_1,COUNTRY,BEL,EUR,Europe,YEAR,2020,,,,,,,,,87 [72-110],87,72,110,,2025-11-11T16:20:50Z,2020,2020-01-01,2020-12-31
6477288,TB_1,COUNTRY,SSD,AFR,Africa,YEAR,2019,,,,,,,,,44 [23-72],44,23,72,,2025-11-11T16:20:50Z,2019,2019-01-01,2019-12-31
6478629,TB_1,COUNTRY,RUS,EUR,Europe,YEAR,2008,,,,,,,,,100 [55-240],100,55,240,,2025-11-11T16:20:50Z,2008,2008-01-01,2008-12-31
6486392,TB_1,COUNTRY,UKR,EUR,Europe,YEAR,2005,,,,,,,,,41 [34-50],41,34,50,,2025-11-11T16:20:50Z,2005,2005-01-01,2005-12-31
6486998,TB_1,WORLDBANKINCOMEGROUP,WB_LMI,,,YEAR,2010,,,,,,,,,41 [29-61],41,29,61,,2025-11-11T16:20:50Z,2010,2010-01-01,2010-12-31
6487277,TB_1,COUNTRY,AND,EUR,Europe,YEAR,2013,,,,,,,,,100 [83-120],100,83,120,,2025-11-11T16:20:50Z,2013,2013-01-01,2013-12-31
6489193,TB_1,COUNTRY,RWA,AFR,Africa,YEAR,2021,,,,,,,,,62 [46-89],62,46,89,,2025-11-11T16:20:50Z,2021,2021-01-01,2021-12-31
6491079,TB_1,COUNTRY,PHL,WPR,Western Pacific,YEAR,2016,,,,,,,,,56 [36-100],56,36,100,,2025-11-11T16:20:50Z,2016,2016-01-01,2016-12-31
6491624,TB_1,COUNTRY,AZE,EUR,Europe,YEAR,2009,,,,,,,,,42 [35-52],42,35,52,,2025-11-11T16:20:50Z,2009,2009-01-01,2009-12-31
6493387,TB_1,COUNTRY,IRN,EMR,Eastern Mediterranean,YEAR,2013,,,,,,,,,56 [47-69],56,47,69,,2025-11-11T16:20:50Z,2013,2013-01-01,2013-12-31
6498815,TB_1,COUNTRY,TUN,EMR,Eastern Mediterranean,YEAR,2020,,,,,,,,,54 [45-67],54,45,67,,2025-11-11T16:20:50Z,2020,2020-01-01,2020-12-31
6499027,TB_1,COUNTRY,HND,AMR,Americas,YEAR,2024,,,,,,,,,65 [54-80],65,54,80,,2025-11-11T16:20:50Z,2024,2024-01-01,2024-12-31
6499619,TB_1,COUNTRY,LBN,EMR,Eastern Mediterranean,YEAR,2020,,,,,,,,,73 [60-89],73,60,89,,2025-11-11T16:20:50Z,2020,2020-01-01,2020-12-31
6502145,TB_1,COUNTRY,SSD,AFR,Africa,YEAR,2022,,,,,,,,,54 [28-87],54,28,87,,2025-11-11T16:20:50Z,2022,2022-01-01,2022-12-31
6503592,TB_1,COUNTRY,PRI,AMR,Americas,YEAR,2018,,,,,,,,,76 [63-93],76,63,93,,2025-11-11T16:20:50Z,2018,2018-01-01,2018-12-31
6507199,TB_1,COUNTRY,NOR,EUR,Europe,YEAR,2022,,,,,,,,,88 [73-110],88,73,110,,2025-11-11T16:20:50Z,2022,2022-01-01,2022-12-31
6510680,TB_1,COUNTRY,DZA,AFR,Africa,YEAR,2018,,,,,,,,,74 [62-91],74,62,91,,2025-11-11T16:20:50Z,2018,2018-01-01,2018-12-31
6511554,TB_1,COUNTRY,POL,EUR,Europe,YEAR,2019,,,,,,,,,82 [68-100],82,68,100,,2025-11-11T16:20:50Z,2019,2019-01-01,2019-12-31
6512116,TB_1,COUNTRY,RUS,EUR,Europe,YEAR,2012,,,,,,,,,96 [57-200],96,57,200,,2025-11-11T16:20:50Z,2012,2012-01-01,2012-12-31
6514231,TB_1,COUNTRY,GIN,AFR,Africa,YEAR,2004,,,,,,,,,50 [20-93],50,20,93,,2025-11-11T16:20:50Z,2004,2004-01-01,2004-12-31
6522524,TB_1,COUNTRY,TKM,EUR,Europe,YEAR,2000,,,,,,,,,46 [38-56],46,38,56,,2025-11-11T16:20:50Z,2000,2000-01-01,2000-12-31
6522557,TB_1,WORLDBANKINCOMEGROUP,WB_UMI,,,YEAR,2021,,,,,,,,,61 [56-66],61,56,66,,2025-11-11T16:20:50Z,2021,2021-01-01,2021-12-31
6527359,TB_1,COUNTRY,NER,AFR,Africa,YEAR,2001,,,,,,,,,46 [16-90],46,16,90,,2025-11-11T16:20:50Z,2001,2001-01-01,2001-12-31
6531046,TB_1,COUNTRY,COD,AFR,Africa,YEAR,2004,,,,,,,,,29 [15-48],29,15,48,,2025-11-11T16:20:50Z,2004,2004-01-01,2004-12-31
6531628,TB_1,COUNTRY,MLI,AFR,Africa,YEAR,2017,,,,,,,,,54 [27-89],54,27,89,,2025-11-11T16:20:50Z,2017,2017-01-01,2017-12-31
6531652,TB_1,COUNTRY,PLW,WPR,Western Pacific,YEAR,2023,,,,,,,,,100 [83-120],100,83,120,,2025-11-11T16:20:50Z,2023,2023-01-01,2023-12-31
6532835,TB_1,COUNTRY,ZWE,AFR,Africa,YEAR,2010,,,,,,,,,80 [52-140],80,52,140,,2025-11-11T16:20:50Z,2010,2010-01-01,2010-12-31
6532843,TB_1,COUNTRY,ITA,EUR,Europe,YEAR,2019,,,,,,,,,86 [71-110],86,71,110,,2025-11-11T16:20:50Z,2019,2019-01-01,2019-12-31
6536433,TB_1,WORLDBANKINCOMEGROUP,WB_HI,,,YEAR,2011,,,,,,,,,87 [70-110],87,70,110,,2025-11-11T16:20:50Z,2011,2011-01-01,2011-12-31
6544121,TB_1,COUNTRY,ETH,AFR,Africa,YEAR,2014,,,,,,,,,56 [33-110],56,33,110,,2025-11-11T16:20:50Z,2014,2014-01-01,2014-12-31
6545493,TB_1,COUNTRY,USA,AMR,Americas,YEAR,2002,,,,,,,,,77 [64-95],77,64,95,,2025-11-11T16:20:50Z,2002,2002-01-01,2002-12-31
6545836,TB_1,COUNTRY,GRD,AMR,Americas,YEAR,2018,,,,,,,,,100 [83-120],100,83,120,,2025-11-11T16:20:50Z,2018,2018-01-01,2018-12-31
6546721,TB_1,COUNTRY,CMR,AFR,Africa,YEAR,2022,,,,,,,,,63 [33-100],63,33,100,,2025-11-11T16:20:50Z,2022,2022-01-01,2022-12-31
6547183,TB_1,COUNTRY,BHS,AMR,Americas,YEAR,2003,,,,,,,,,58 [48-72],58,48,72,,2025-11-11T16:20:50Z,2003,2003-01-01,2003-12-31
6547907,TB_1,COUNTRY,DOM,AMR,Americas,YEAR,2009,,,,,,,,,63 [52-77],63,52,77,,2025-11-11T16:20:50Z,2009,2009-01-01,2009-12-31
6555140,TB_1,COUNTRY,COL,AMR,Americas,YEAR,2017,,,,,,,,,79 [66-97],79,66,97,,2025-11-11T16:20:50Z,2017,2017-01-01,2017-12-31
6555817,TB_1,COUNTRY,ARE,EMR,Eastern Mediterranean,YEAR,2019,,,,,,,,,72 [60-89],72,60,89,,2025-11-11T16:20:50Z,2019,2019-01-01,2019-12-31
6559895,TB_1,COUNTRY,BRN,WPR,Western Pacific,YEAR,2006,,,,,,,,,61 [51-75],61,51,75,,2025-11-11T16:20:50Z,2006,2006-01-01,2006-12-31
6565178,TB_1,REGION,AMR,,,YEAR,2014,,,,,,,,,75 [69-80],75,69,80,,2025-11-11T16:20:50Z,2014,2014-01-01,2014-12-31
6565648,TB_1,COUNTRY,MWI,AFR,Africa,YEAR,2020,,,,,,,,,56 [34-110],56,34,110,,2025-11-11T16:20:50Z,2020,2020-01-01,2020-12-31
6566845,TB_1,COUNTRY,KNA,AMR,Americas,YEAR,2003,,,,,,,,,100 [83-120],100,83,120,,2025-11-11T16:20:50Z,2003,2003-01-01,2003-12-31
6568660,TB_1,REGION,SEAR,,,YEAR,2010,,,,,,,,,42 [25-81],42,25,81,,2025-11-11T16:20:50Z,2010,2010-01-01,2010-12-31
6569172,TB_1,COUNTRY,CAF,AFR,Africa,YEAR,2004,,,,,,,,,15 [7.9-24],15,7.9,24,,2025-11-11T16:20:50Z,2004,2004-01-01,2004-12-31
6569822,TB_1,COUNTRY,GNQ,AFR,Africa,YEAR,2021,,,,,,,,,49 [25-80],49,25,80,,2025-11-11T16:20:50Z,2021,2021-01-01,2021-12-31
6576459,TB_1,COUNTRY,TUV,WPR,Western Pacific,YEAR,2022,,,,,,,,,100 [83-120],100,83,120,,2025-11-11T16:20:50Z,2022,2022-01-01,2022-12-31
6579103,TB_1,COUNTRY,ETH,AFR,Africa,YEAR,2022,,,,,,,,,62 [37-130],62,37,130,,2025-11-11T16:20:50Z,2022,2022-01-01,2022-12-31
6581883,TB_1,COUNTRY,LBR,AFR,Africa,YEAR,2009,,,,,,,,,46 [21-79],46,21,79,,2025-11-11T16:20:50Z,2009,2009-01-01,2009-12-31
6582373,TB_1,COUNTRY,YEM,EMR,Eastern Mediterranean,YEAR,2017,,,,,,,,,74 [64-88],74,64,88,,2025-11-11T16:20:50Z,2017,2017-01-01,2017-12-31
6582391,TB_1,COUNTRY,NPL,SEAR,South-East Asia,YEAR,2016,,,,,,,,,43 [28-74],43,28,74,,2025-11-11T16:20:50Z,2016,2016-01-01,2016-12-31
6584134,TB_1,COUNTRY,MOZ,AFR,Africa,YEAR,2024,,,,,,,,,85 [57-140],85,57,140,,2025-11-11T16:20:50Z,2024,2024-01-01,2024-12-31
6586352,TB_1,COUNTRY,BRN,WPR,Western Pacific,YEAR,2023,,,,,,,,,79 [65-97],79,65,97,,2025-11-11T16:20:50Z,2023,2023-01-01,2023-12-31
6591109,TB_1,COUNTRY,MAR,EMR,Eastern Mediterranean,YEAR,2015,,,,,,,,,89 [74-110],89,74,110,,2025-11-11T16:20:50Z,2015,2015-01-01,2015-12-31
6592332,TB_1,COUNTRY,ECU,AMR,Americas,YEAR,2006,,,,,,,,,54 [45-66],54,45,66,,2025-11-11T16:20:50Z,2006,2006-01-01,2006-12-31
6593928,TB_1,COUNTRY,GTM,AMR,Americas,YEAR,2015,,,,,,,,,89 [74-110],89,74,110,,2025-11-11T16:20:50Z,2015,2015-01-01,2015-12-31
6595041,TB_1,COUNTRY,VCT,AMR,Americas,YEAR,2022,,,,,,,,,100 [83-120],100,83,120,,2025-11-11T16:20:50Z,2022,2022-01-01,2022-12-31
6595072,TB_1,COUNTRY,SWE,EUR,Europe,YEAR,2002,,,,,,,,,72 [60-88],72,60,88,,2025-11-11T16:20:50Z,2002,2002-01-01,2002-12-31
6598466,TB_1,COUNTRY,THA,SEAR,South-East Asia,YEAR,2014,,,,,,,,,58 [38-100],58,38,100,,2025-11-11T16:20:50Z,2014,2014-01-01,2014-12-31
6604784,TB_1,GLOBAL,GLOBAL,,,YEAR,2013,,,,,,,,,50 [43-59],50,43,59,,2025-11-11T16:20:50Z,2013,2013-01-01,2013-12-31
6605595,TB_1,COUNTRY,KIR,WPR,Western Pacific,YEAR,2012,,,,,,,,,39 [33-48],39,33,48,,2025-11-11T16:20:50Z,2012,2012-01-01,2012-12-31
6606265,TB_1,COUNTRY,IRN,EMR,Eastern Mediterranean,YEAR,2021,,,,,,,,,57 [48-71],57,48,71,,2025-11-11T16:20:50Z,2021,2021-01-01,2021-12-31
6607246,TB_1,COUNTRY,PAK,EMR,Eastern Mediterranean,YEAR,2024,,,,,,,,,74 [56-110],74,56,110,,2025-11-11T16:20:50Z,2024,2024-01-01,2024-12-31
6607313,TB_1,COUNTRY,COM,AFR,Africa,YEAR,2004,,,,,,,,,35 [16-61],35,16,61,,2025-11-11T16:20:50Z,2004,2004-01-01,2004-12-31
6607566,TB_1,COUNTRY,GBR,EUR,Europe,YEAR,2005,,,,,,,,,89 [83-96],89,83,96,,2025-11-11T16:20:50Z,2005,2005-01-01,2005-12-31
6608295,TB_1,COUNTRY,PAN,AMR,Americas,YEAR,2005,,,,,,,,,63 [52-77],63,52,77,,2025-11-11T16:20:50Z,2005,2005-01-01,2005-12-31
6608402,TB_1,COUNTRY,NRU,WPR,Western Pacific,YEAR,2005,,,,,,,,,100 [83-120],100,83,120,,2025-11-11T16:20:50Z,2005,2005-01-01,2005-12-31
6610371,TB_1,COUNTRY,SLE,AFR,Africa,YEAR,2006,,,,,,,,,27 [14-44],27,14,44,,2025-11-11T16:20:50Z,2006,2006-01-01,2006-12-31
6612664,TB_1,COUNTRY,ISR,EUR,Europe,YEAR,2002,,,,,,,,,72 [60-88],72,60,88,,2025-11-11T16:20:50Z,2002,2002-01-01,2002-12-31
6615823,TB_1,COUNTRY,CRI,AMR,Americas,YEAR,2024,,,,,,,,,95 [77-120],95,77,120,,2025-11-11T16:20:50Z,2024,2024-01-01,2024-12-31
6620833,TB_1,COUNTRY,MUS,AFR,Africa,YEAR,2002,,,,,,,,,43 [36-53],43,36,53,,2025-11-11T16:20:50Z,2002,2002-01-01,2002-12-31
6621294,TB_1,COUNTRY,SWE,EUR,Europe,YEAR,2008,,,,,,,,,78 [64-96],78,64,96,,2025-11-11T16:20:50Z,2008,2008-01-01,2008-12-31
6627116,TB_1,COUNTRY,SDN,EMR,Eastern Mediterranean,YEAR,2007,,,,,,,,,49 [20-250],49,20,250,,2025-11-11T16:20:50Z,2007,2007-01-01,2007-12-31
6629313,TB_1,COUNTRY,TUV,WPR,Western Pacific,YEAR,2017,,,,,,,,,100 [83-120],100,83,120,,2025-11-11T16:20:50Z,2017,2017-01-01,2017-12-31
6629717,TB_1,COUNTRY,GHA,AFR,Africa,YEAR,2013,,,,,,,,,33 [18-79],33,18,79,,2025-11-11T16:20:50Z,2013,2013-01-01,2013-12-31
6631242,TB_1,COUNTRY,ALB,EUR,Europe,YEAR,2010,,,,,,,,,89 [74-110],89,74,110,,2025-11-11T16:20:50Z,2010,2010-01-01,2010-12-31
6632121,TB_1,COUNTRY,TTO,AMR,Americas,YEAR,2009,,,,,,,,,68 [56-84],68,56,84,,2025-11-11T16:20:50Z,2009,2009-01-01,2009-12-31
6638934,TB_1,COUNTRY,COG,AFR,Africa,YEAR,2021,,,,,,,,,68 [36-110],68,36,110,,2025-11-11T16:20:50Z,2021,2021-01-01,2021-12-31
6639371,TB_1,COUNTRY,VUT,WPR,Western Pacific,YEAR,2019,,,,,,,,,57 [29-95],57,29,95,,2025-11-11T16:20:50Z,2019,2019-01-01,2019-12-31
6642814,TB_1,COUNTRY,LBR,AFR,Africa,YEAR,2024,,,,,,,,,69 [36-110],69,36,110,,2025-11-11T16:20:50Z,2024,2024-01-01,2024-12-31
6643503,TB_1,WORLDBANKINCOMEGROUP,WB_LMI,,,YEAR,2002,,,,,,,,,30 [20-49],30,20,49,,2025-11-11T16:20:50Z,2002,2002-01-01,2002-12-31
6644736,TB_1,COUNTRY,IND,SEAR,South-East Asia,YEAR,2009,,,,,,,,,39 [21-97],39,21,97,,2025-11-11T16:20:50Z,2009,2009-01-01,2009-12-31
6645736,TB_1,COUNTRY,BLR,EUR,Europe,YEAR,2005,,,,,,,,,52 [43-64],52,43,64,,2025-11-11T16:20:50Z,2005,2005-01-01,2005-12-31
6651702,TB_1,COUNTRY,CZE,EUR,Europe,YEAR,2002,,,,,,,,,75 [62-92],75,62,92,,2025-11-11T16:20:50Z,2002,2002-01-01,2002-12-31
6651860,TB_1,COUNTRY,RWA,AFR,Africa,YEAR,2012,,,,,,,,,78 [58-110],78,58,110,,2025-11-11T16:20:50Z,2012,2012-01-01,2012-12-31
6657481,TB_1,COUNTRY,ARE,EMR,Eastern Mediterranean,YEAR,2012,,,,,,,,,62 [52-77],62,52,77,,2025-11-11T16:20:50Z,2012,2012-01-01,2012-12-31
6658061,TB_1,COUNTRY,BRN,WPR,Western Pacific,YEAR,2015,,,,,,,,,73 [61-90],73,61,90,,2025-11-11T16:20:50Z,2015,2015-01-01,2015-12-31
6658848,TB_1,COUNTRY,LSO,AFR,Africa,YEAR,2011,,,,,,,,,51 [28-130],51,28,130,,2025-11-11T16:20:50Z,2011,2011-01-01,2011-12-31
6660583,TB_1,COUNTRY,KEN,AFR,Africa,YEAR,2006,,,,,,,,,45 [20-190],45,20,190,,2025-11-11T16:20:50Z,2006,2006-01-01,2006-12-31
6662665,TB_1,COUNTRY,MNE,EUR,Europe,YEAR,2020,,,,,,,,,37 [31-46],37,31,46,,2025-11-11T16:20:50Z,2020,2020-01-01,2020-12-31
6662722,TB_1,COUNTRY,KGZ,EUR,Europe,YEAR,2018,,,,,,,,,69 [57-85],69,57,85,,2025-11-11T16:20:50Z,2018,2018-01-01,2018-12-31
6664561,TB_1,COUNTRY,DOM,AMR,Americas,YEAR,2000,,,,,,,,,42 [35-52],42,35,52,,2025-11-11T16:20:50Z,2000,2000-01-01,2000-12-31
6665354,TB_1,COUNTRY,LCA,AMR,Americas,YEAR,2000,,,,,,,,,100 [83-120],100,83,120,,2025-11-11T16:20:50Z,2000,2000-01-01,2000-12-31
6666060,TB_1,COUNTRY,MLI,AFR,Africa,YEAR,2020,,,,,,,,,57 [30-93],57,30,93,,2025-11-11T16:20:50Z,2020,2020-01-01,2020-12-31
6666923,TB_1,COUNTRY,BIH,EUR,Europe,YEAR,2005,,,,,,,,,59 [49-73],59,49,73,,2025-11-11T16:20:50Z,2005,2005-01-01,2005-12-31
6667730,TB_1,COUNTRY,WSM,WPR,Western Pacific,YEAR,2012,,,,,,,,,100 [83-120],100,83,120,,2025-11-11T16:20:50Z,2012,2012-01-01,2012-12-31
6669864,TB_1,COUNTRY,SYC,AFR,Africa,YEAR,2018,,,,,,,,,100 [83-120],100,83,120,,2025-11-11T16:20:50Z,2018,2018-01-01,2018-12-31
6680978,TB_1,COUNTRY,SLE,AFR,Africa,YEAR,2018,,,,,,,,,54 [28-88],54,28,88,,2025-11-11T16:20:50Z,2018,2018-01-01,2018-12-31
6685853,TB_1,COUNTRY,CYP,EUR,Europe,YEAR,2005,,,,,,,,,63 [52-78],63,52,78,,2025-11-11T16:20:50Z,2005,2005-01-01,2005-12-31
6688169,TB_1,COUNTRY,FJI,WPR,Western Pacific,YEAR,2009,,,,,,,,,49 [41-60],49,41,60,,2025-11-11T16:20:50Z,2009,2009-01-01,2009-12-31
6697396,TB_1,COUNTRY,JPN,WPR,Western Pacific,YEAR,2016,,,,,,,,,83 [69-100],83,69,100,,2025-11-11T16:20:50Z,2016,2016-01-01,2016-12-31
6701316,TB_1,COUNTRY,UGA,AFR,Africa,YEAR,2023,,,,,,,,,90 [60-150],90,60,150,,2025-11-11T16:20:50Z,2023,2023-01-01,2023-12-31
6702269,TB_1,COUNTRY,HRV,EUR,Europe,YEAR,2023,,,,,,,,,79 [66-98],79,66,98,,2025-11-11T16:20:50Z,2023,2023-01-01,2023-12-31
6702789,TB_1,COUNTRY,CUB,AMR,Americas,YEAR,2002,,,,,,,,,54 [45-67],54,45,67,,2025-11-11T16:20:50Z,2002,2002-01-01,2002-12-31
6703503,TB_1,COUNTRY,ZAF,AFR,Africa,YEAR,2001,,,,,,,,,36 [21-73],36,21,73,,2025-11-11T16:20:50Z,2001,2001-01-01,2001-12-31
6705082,TB_1,REGION,WPR,,,YEAR,2013,,,,,,,,,59 [53-68],59,53,68,,2025-11-11T16:20:50Z,2013,2013-01-01,2013-12-31
6706018,TB_1,COUNTRY,NIC,AMR,Americas,YEAR,2012,,,,,,,,,64 [53-79],64,53,79,,2025-11-11T16:20:50Z,2012,2012-01-01,2012-12-31
6717920,TB_1,COUNTRY,ZMB,AFR,Africa,YEAR,2007,,,,,,,,,66 [38-150],66,38,150,,2025-11-11T16:20:50Z,2007,2007-01-01,2007-12-31
6719174,TB_1,COUNTRY,AUT,EUR,Europe,YEAR,2002,,,,,,,,,71 [59-87],71,59,87,,2025-11-11T16:20:50Z,2002,2002-01-01,2002-12-31
6719709,TB_1,COUNTRY,VNM,WPR,Western Pacific,YEAR,2002,,,,,,,,,43 [22-120],43,22,120,,2025-11-11T16:20:50Z,2002,2002-01-01,2002-12-31
6723099,TB_1,COUNTRY,PAN,AMR,Americas,YEAR,2007,,,,,,,,,65 [54-80],65,54,80,,2025-11-11T16:20:50Z,2007,2007-01-01,2007-12-31
6725090,TB_1,COUNTRY,LCA,AMR,Americas,YEAR,2012,,,,,,,,,100 [83-120],100,83,120,,2025-11-11T16:20:50Z,2012,2012-01-01,2012-12-31
6727770,TB_1,COUNTRY,IRL,EUR,Europe,YEAR,2006,,,,,,,,,75 [62-92],75,62,92,,2025-11-11T16:20:50Z,2006,2006-01-01,2006-12-31
6728616,TB_1,COUNTRY,CHE,EUR,Europe,YEAR,2010,,,,,,,,,81 [68-100],81,68,100,,2025-11-11T16:20:50Z,2010,2010-01-01,2010-12-31
6730711,TB_1,COUNTRY,UGA,AFR,Africa,YEAR,2019,,,,,,,,,77 [51-130],77,51,130,,2025-11-11T16:20:50Z,2019,2019-01-01,2019-12-31
6732750,TB_1,COUNTRY,NZL,WPR,Western Pacific,YEAR,2015,,,,,,,,,84 [70-100],84,70,100,,2025-11-11T16:20:50Z,2015,2015-01-01,2015-12-31
6732813,TB_1,COUNTRY,BLR,EUR,Europe,YEAR,2021,,,,,,,,,67 [56-82],67,56,82,,2025-11-11T16:20:50Z,2021,2021-01-01,2021-12-31
6735195,TB_1,COUNTRY,ROU,EUR,Europe,YEAR,2010,,,,,,,,,72 [59-88],72,59,88,,2025-11-11T16:20:50Z,2010,2010-01-01,2010-12-31
6735538,TB_1,COUNTRY,SGP,WPR,Western Pacific,YEAR,2017,,,,,,,,,87 [72-110],87,72,110,,2025-11-11T16:20:50Z,2017,2017-01-01,2017-12-31
6737908,TB_1,COUNTRY,ESP,EUR,Europe,YEAR,2024,,,,,,,,,86 [71-110],86,71,110,,2025-11-11T16:20:50Z,2024,2024-01-01,2024-12-31
6739327,TB_1,COUNTRY,JOR,EMR,Eastern Mediterranean,YEAR,2019,,,,,,,,,66 [55-81],66,55,81,,2025-11-11T16:20:50Z,2019,2019-01-01,2019-12-31
6743762,TB_1,COUNTRY,URY,AMR,Americas,YEAR,2007,,,,,,,,,70 [58-86],70,58,86,,2025-11-11T16:20:50Z,2007,2007-01-01,2007-12-31
6745340,TB_1,COUNTRY,CAN,AMR,Americas,YEAR,2022,,,,,,,,,91 [76-110],91,76,110,,2025-11-11T16:20:50Z,2022,2022-01-01,2022-12-31
6747592,TB_1,COUNTRY,AZE,EUR,Europe,YEAR,2017,,,,,,,,,63 [52-77],63,52,77,,2025-11-11T16:20:50Z,2017,2017-01-01,2017-12-31
6747768,TB_1,COUNTRY,TLS,SEAR,South-East Asia,YEAR,2018,,,,,,,,,79 [44-130],79,44,130,,2025-11-11T16:20:50Z,2018,2018-01-01,2018-12-31
6747779,TB_1,COUNTRY,NGA,AFR,Africa,YEAR,2014,,,,,,,,,21 [15-33],21,15,33,,2025-11-11T16:20:50Z,2014,2014-01-01,2014-12-31
6749032,TB_1,REGION,AMR,,,YEAR,2018,,,,,,,,,78 [72-84],78,72,84,,2025-11-11T16:20:50Z,2018,2018-01-01,2018-12-31
6750828,TB_1,COUNTRY,MMR,SEAR,South-East Asia,YEAR,2013,,,,,,,,,62 [38-120],62,38,120,,2025-11-11T16:20:50Z,2013,2013-01-01,2013-12-31
6751555,TB_1,COUNTRY,IDN,WPR,Western Pacific,YEAR,2023,,,,,,,,,74 [64-88],74,64,88,,2025-11-11T16:20:50Z,2023,2023-01-01,2023-12-31
6755071,TB_1,COUNTRY,BEL,EUR,Europe,YEAR,2004,,,,,,,,,78 [65-96],78,65,96,,2025-11-11T16:20:50Z,2004,2004-01-01,2004-12-31
6755896,TB_1,COUNTRY,BLR,EUR,Europe,YEAR,2003,,,,,,,,,49 [41-60],49,41,60,,2025-11-11T16:20:50Z,2003,2003-01-01,2003-12-31
6757050,TB_1,COUNTRY,MUS,AFR,Africa,YEAR,2014,,,,,,,,,61 [51-75],61,51,75,,2025-11-11T16:20:50Z,2014,2014-01-01,2014-12-31
6757354,TB_1,COUNTRY,FJI,WPR,Western Pacific,YEAR,2024,,,,,,,,,59 [49-72],59,49,72,,2025-11-11T16:20:50Z,2024,2024-01-01,2024-12-31
6758715,TB_1,COUNTRY,SUR,AMR,Americas,YEAR,2021,,,,,,,,,61 [51-75],61,51,75,,2025-11-11T16:20:50Z,2021,2021-01-01,2021-12-31
6759880,TB_1,REGION,WPR,,,YEAR,2012,,,,,,,,,60 [53-68],60,53,68,,2025-11-11T16:20:50Z,2012,2012-01-01,2012-12-31
6760434,TB_1,COUNTRY,UZB,EUR,Europe,YEAR,2024,,,,,,,,,75 [63-93],75,63,93,,2025-11-11T16:20:50Z,2024,2024-01-01,2024-12-31
6760885,TB_1,COUNTRY,AZE,EUR,Europe,YEAR,2001,,,,,,,,,34 [28-41],34,28,41,,2025-11-11T16:20:50Z,2001,2001-01-01,2001-12-31
6762861,TB_1,COUNTRY,PLW,WPR,Western Pacific,YEAR,2005,,,,,,,,,100 [83-120],100,83,120,,2025-11-11T16:20:50Z,2005,2005-01-01,2005-12-31
6764162,TB_1,COUNTRY,BGR,EUR,Europe,YEAR,2001,,,,,,,,,52 [43-64],52,43,64,,2025-11-11T16:20:50Z,2001,2001-01-01,2001-12-31
6765253,TB_1,COUNTRY,FSM,WPR,Western Pacific,YEAR,2007,,,,,,,,,37 [30-45],37,30,45,,2025-11-11T16:20:50Z,2007,2007-01-01,2007-12-31
6768111,TB_1,COUNTRY,PER,AMR,Americas,YEAR,2012,,,,,,,,,70 [58-86],70,58,86,,2025-11-11T16:20:50Z,2012,2012-01-01,2012-12-31
6769923,TB_1,COUNTRY,COL,AMR,Americas,YEAR,2014,,,,,,,,,73 [61-90],73,61,90,,2025-11-11T16:20:50Z,2014,2014-01-01,2014-12-31
6774208,TB_1,COUNTRY,IRQ,EMR,Eastern Mediterranean,YEAR,2016,,,,,,,,,66 [54-82],66,54,82,,2025-11-11T16:20:50Z,2016,2016-01-01,2016-12-31
6777787,TB_1,COUNTRY,HRV,EUR,Europe,YEAR,2001,,,,,,,,,68 [57-84],68,57,84,,2025-11-11T16:20:50Z,2001,2001-01-01,2001-12-31
6782877,TB_1,COUNTRY,ARG,AMR,Americas,YEAR,2006,,,,,,,,,72 [60-88],72,60,88,,2025-11-11T16:20:50Z,2006,2006-01-01,2006-12-31
6787291,TB_1,COUNTRY,LKA,SEAR,South-East Asia,YEAR,2005,,,,,,,,,42 [15-81],42,15,81,,2025-11-11T16:20:50Z,2005,2005-01-01,2005-12-31
6788687,TB_1,COUNTRY,RWA,AFR,Africa,YEAR,2018,,,,,,,,,73 [54-100],73,54,100,,2025-11-11T16:20:50Z,2018,2018-01-01,2018-12-31
6791926,TB_1,COUNTRY,CHE,EUR,Europe,YEAR,2018,,,,,,,,,86 [72-110],86,72,110,,2025-11-11T16:20:50Z,2018,2018-01-01,2018-12-31
6792674,TB_1,COUNTRY,BHR,EMR,Eastern Mediterranean,YEAR,2006,,,,,,,,,60 [50-74],60,50,74,,2025-11-11T16:20:50Z,2006,2006-01-01,2006-12-31
6795031,TB_1,COUNTRY,QAT,EMR,Eastern Mediterranean,YEAR,2001,,,,,,,,,44 [36-54],44,36,54,,2025-11-11T16:20:50Z,2001,2001-01-01,2001-12-31
6796106,TB_1,COUNTRY,MNE,EUR,Europe,YEAR,2007,,,,,,,,,62 [51-76],62,51,76,,2025-11-11T16:20:50Z,2007,2007-01-01,2007-12-31
6796739,TB_1,COUNTRY,KGZ,EUR,Europe,YEAR,2010,,,,,,,,,54 [44-66],54,44,66,,2025-11-11T16:20:50Z,2010,2010-01-01,2010-12-31
6801191,TB_1,COUNTRY,PRI,AMR,Americas,YEAR,2016,,,,,,,,,75 [62-92],75,62,92,,2025-11-11T16:20:50Z,2016,2016-01-01,2016-12-31
6801444,TB_1,COUNTRY,SSD,AFR,Africa,YEAR,2020,,,,,,,,,43 [23-70],43,23,70,,2025-11-11T16:20:50Z,2020,2020-01-01,2020-12-31
6801832,TB_1,COUNTRY,AFG,EMR,Eastern Mediterranean,YEAR,2023,,,,,,,,,59 [30-100],59,30,100,,2025-11-11T16:20:50Z,2023,2023-01-01,2023-12-31
6802292,TB_1,COUNTRY,DEU,EUR,Europe,YEAR,2023,,,,,,,,,91 [82-100],91,82,100,,2025-11-11T16:20:50Z,2023,2023-01-01,2023-12-31
6803269,TB_1,COUNTRY,LBR,AFR,Africa,YEAR,2021,,,,,,,,,60 [31-98],60,31,98,,2025-11-11T16:20:50Z,2021,2021-01-01,2021-12-31
6803918,TB_1,COUNTRY,ARE,EMR,Eastern Mediterranean,YEAR,2023,,,,,,,,,82 [68-100],82,68,100,,2025-11-11T16:20:50Z,2023,2023-01-01,2023-12-31
6804131,TB_1,WORLDBANKINCOMEGROUP,WB_HI,,,YEAR,2009,,,,,,,,,88 [69-120],88,69,120,,2025-11-11T16:20:50Z,2009,2009-01-01,2009-12-31
6804312,TB_1,COUNTRY,SLB,WPR,Western Pacific,YEAR,2015,,,,,,,,,42 [35-52],42,35,52,,2025-11-11T16:20:50Z,2015,2015-01-01,2015-12-31
6807902,TB_1,COUNTRY,MUS,AFR,Africa,YEAR,2001,,,,,,,,,42 [35-52],42,35,52,,2025-11-11T16:20:50Z,2001,2001-01-01,2001-12-31
6807904,TB_1,COUNTRY,BHR,EMR,Eastern Mediterranean,YEAR,2005,,,,,,,,,59 [49-73],59,49,73,,2025-11-11T16:20:50Z,2005,2005-01-01,2005-12-31
6808014,TB_1,COUNTRY,CZE,EUR,Europe,YEAR,2017,,,,,,,,,84 [70-100],84,70,100,,2025-11-11T16:20:50Z,2017,2017-01-01,2017-12-31
6809286,TB_1,COUNTRY,LKA,SEAR,South-East Asia,YEAR,2016,,,,,,,,,60 [33-96],60,33,96,,2025-11-11T16:20:50Z,2016,2016-01-01,2016-12-31
6810624,TB_1,COUNTRY,ITA,EUR,Europe,YEAR,2020,,,,,,,,,85 [71-100],85,71,100,,2025-11-11T16:20:50Z,2020,2020-01-01,2020-12-31
6812472,TB_1,COUNTRY,TUN,EMR,Eastern Mediterranean,YEAR,2015,,,,,,,,,60 [50-74],60,50,74,,2025-11-11T16:20:50Z,2015,2015-01-01,2015-12-31
6813765,TB_1,COUNTRY,BWA,AFR,Africa,YEAR,2024,,,,,,,,,67 [34-110],67,34,110,,2025-11-11T16:20:50Z,2024,2024-01-01,2024-12-31
6813840,TB_1,COUNTRY,SRB,EUR,Europe,YEAR,2011,,,,,,,,,63 [53-78],63,53,78,,2025-11-11T16:20:50Z,2011,2011-01-01,2011-12-31
6815010,TB_1,COUNTRY,DNK,EUR,Europe,YEAR,2011,,,,,,,,,77 [64-95],77,64,95,,2025-11-11T16:20:50Z,2011,2011-01-01,2011-12-31
6815216,TB_1,COUNTRY,ETH,AFR,Africa,YEAR,2012,,,,,,,,,64 [39-120],64,39,120,,2025-11-11T16:20:50Z,2012,2012-01-01,2012-12-31
6816406,TB_1,COUNTRY,KAZ,EUR,Europe,YEAR,2008,,,,,,,,,99 [82-120],99,82,120,,2025-11-11T16:20:50Z,2008,2008-01-01,2008-12-31
6816743,TB_1,COUNTRY,AUS,WPR,Western Pacific,YEAR,2024,,,,,,,,,87 [72-110],87,72,110,,2025-11-11T16:20:50Z,2024,2024-01-01,2024-12-31
6817601,TB_1,COUNTRY,SUR,AMR,Americas,YEAR,2017,,,,,,,,,71 [59-87],71,59,87,,2025-11-11T16:20:50Z,2017,2017-01-01,2017-12-31
6821371,TB_1,COUNTRY,TLS,SEAR,South-East Asia,YEAR,2022,,,,,,,,,91 [48-150],91,48,150,,2025-11-11T16:20:50Z,2022,2022-01-01,2022-12-31
6822681,TB_1,COUNTRY,IRL,EUR,Europe,YEAR,2000,,,,,,,,,71 [59-87],71,59,87,,2025-11-11T16:20:50Z,2000,2000-01-01,2000-12-31
6824396,TB_1,COUNTRY,FJI,WPR,Western Pacific,YEAR,2003,,,,,,,,,42 [35-51],42,35,51,,2025-11-11T16:20:50Z,2003,2003-01-01,2003-12-31
6825357,TB_1,COUNTRY,BRB,AMR,Americas,YEAR,2004,,,,,,,,,100 [83-120],100,83,120,,2025-11-11T16:20:50Z,2004,2004-01-01,2004-12-31
6825371,TB_1,COUNTRY,YEM,EMR,Eastern Mediterranean,YEAR,2008,,,,,,,,,74 [64-88],74,64,88,,2025-11-11T16:20:50Z,2008,2008-01-01,2008-12-31
6825456,TB_1,COUNTRY,CAF,AFR,Africa,YEAR,2010,,,,,,,,,27 [14-43],27,14,43,,2025-11-11T16:20:50Z,2010,2010-01-01,2010-12-31
6825654,TB_1,COUNTRY,KEN,AFR,Africa,YEAR,2014,,,,,,,,,45 [25-100],45,25,100,,2025-11-11T16:20:50Z,2014,2014-01-01,2014-12-31
6832170,TB_1,COUNTRY,AUT,EUR,Europe,YEAR,2010,,,,,,,,,80 [67-99],80,67,99,,2025-11-11T16:20:50Z,2010,2010-01-01,2010-12-31
6836750,TB_1,COUNTRY,MMR,SEAR,South-East Asia,YEAR,2019,,,,,,,,,79 [56-120],79,56,120,,2025-11-11T16:20:50Z,2019,2019-01-01,2019-12-31
6841736,TB_1,COUNTRY,SLE,AFR,Africa,YEAR,2022,,,,,,,,,60 [31-98],60,31,98,,2025-11-11T16:20:50Z,2022,2022-01-01,2022-12-31
6842648,TB_1,COUNTRY,LSO,AFR,Africa,YEAR,2021,,,,,,,,,33 [22-54],33,22,54,,2025-11-11T16:20:50Z,2021,2021-01-01,2021-12-31
6845163,TB_1,COUNTRY,MLT,EUR,Europe,YEAR,2018,,,,,,,,,100 [83-120],100,83,120,,2025-11-11T16:20:50Z,2018,2018-01-01,2018-12-31
6854355,TB_1,COUNTRY,LUX,EUR,Europe,YEAR,2012,,,,,,,,,79 [66-97],79,66,97,,2025-11-11T16:20:50Z,2012,2012-01-01,2012-12-31
6859877,TB_1,COUNTRY,GRD,AMR,Americas,YEAR,2004,,,,,,,,,100 [83-120],100,83,120,,2025-11-11T16:20:50Z,2004,2004-01-01,2004-12-31
6861778,TB_1,COUNTRY,CHL,AMR,Americas,YEAR,2003,,,,,,,,,66 [55-81],66,55,81,,2025-11-11T16:20:50Z,2003,2003-01-01,2003-12-31
6868066,TB_1,COUNTRY,ZWE,AFR,Africa,YEAR,2016,,,,,,,,,78 [58-110],78,58,110,,2025-11-11T16:20:50Z,2016,2016-01-01,2016-12-31
6875053,TB_1,COUNTRY,MKD,EUR,Europe,YEAR,2000,,,,,,,,,53 [44-65],53,44,65,,2025-11-11T16:20:50Z,2000,2000-01-01,2000-12-31
6875221,TB_1,COUNTRY,SWE,EUR,Europe,YEAR,2013,,,,,,,,,83 [69-100],83,69,100,,2025-11-11T16:20:50Z,2013,2013-01-01,2013-12-31
6880222,TB_1,COUNTRY,VUT,WPR,Western Pacific,YEAR,2016,,,,,,,,,49 [24-84],49,24,84,,2025-11-11T16:20:50Z,2016,2016-01-01,2016-12-31
6885125,TB_1,COUNTRY,MMR,SEAR,South-East Asia,YEAR,2024,,,,,,,,,44 [28-68],44,28,68,,2025-11-11T16:20:50Z,2024,2024-01-01,2024-12-31
6888956,TB_1,COUNTRY,GIN,AFR,Africa,YEAR,2018,,,,,,,,,63 [32-100],63,32,100,,2025-11-11T16:20:50Z,2018,2018-01-01,2018-12-31
6890097,TB_1,COUNTRY,BEN,AFR,Africa,YEAR,2018,,,,,,,,,61 [31-100],61,31,100,,2025-11-11T16:20:50Z,2018,2018-01-01,2018-12-31
6890333,TB_1,COUNTRY,STP,AFR,Africa,YEAR,2015,,,,,,,,,51 [42-62],51,42,62,,2025-11-11T16:20:50Z,2015,2015-01-01,2015-12-31
6890603,TB_1,COUNTRY,PHL,WPR,Western Pacific,YEAR,2019,,,,,,,,,67 [43-120],67,43,120,,2025-11-11T16:20:50Z,2019,2019-01-01,2019-12-31
6892841,TB_1,COUNTRY,TON,WPR,Western Pacific,YEAR,2007,,,,,,,,,100 [83-120],100,83,120,,2025-11-11T16:20:50Z,2007,2007-01-01,2007-12-31
6894118,TB_1,COUNTRY,BWA,AFR,Africa,YEAR,2007,,,,,,,,,58 [28-99],58,28,99,,2025-11-11T16:20:50Z,2007,2007-01-01,2007-12-31
6895814,TB_1,COUNTRY,CPV,AFR,Africa,YEAR,2014,,,,,,,,,66 [55-81],66,55,81,,2025-11-11T16:20:50Z,2014,2014-01-01,2014-12-31
6902945,TB_1,COUNTRY,IRQ,EMR,Eastern Mediterranean,YEAR,2010,,,,,,,,,66 [54-82],66,54,82,,2025-11-11T16:20:50Z,2010,2010-01-01,2010-12-31
6907693,TB_1,COUNTRY,RUS,EUR,Europe,YEAR,2018,,,,,,,,,98 [67-160],98,67,160,,2025-11-11T16:20:50Z,2018,2018-01-01,2018-12-31
6908845,TB_1,COUNTRY,MRT,AFR,Africa,YEAR,2009,,,,,,,,,52 [24-90],52,24,90,,2025-11-11T16:20:50Z,2009,2009-01-01,2009-12-31
6911088,TB_1,COUNTRY,LKA,SEAR,South-East Asia,YEAR,2020,,,,,,,,,56 [31-89],56,31,89,,2025-11-11T16:20:50Z,2020,2020-01-01,2020-12-31
6911837,TB_1,COUNTRY,SRB,EUR,Europe,YEAR,2022,,,,,,,,,91 [75-110],91,75,110,,2025-11-11T16:20:50Z,2022,2022-01-01,2022-12-31
6913120,TB_1,COUNTRY,GRD,AMR,Americas,YEAR,2021,,,,,,,,,100 [83-120],100,83,120,,2025-11-11T16:20:50Z,2021,2021-01-01,2021-12-31
6916092,TB_1,COUNTRY,GNQ,AFR,Africa,YEAR,2022,,,,,,,,,81 [42-130],81,42,130,,2025-11-11T16:20:50Z,2022,2022-01-01,2022-12-31
6917517,TB_1,COUNTRY,CZE,EUR,Europe,YEAR,2007,,,,,,,,,76 [63-93],76,63,93,,2025-11-11T16:20:50Z,2007,2007-01-01,2007-12-31
6919650,TB_1,COUNTRY,KOR,WPR,Western Pacific,YEAR,2021,,,,,,,,,94 [87-100],94,87,100,,2025-11-11T16:20:50Z,2021,2021-01-01,2021-12-31
6920348,TB_1,COUNTRY,PHL,WPR,Western Pacific,YEAR,2012,,,,,,,,,40 [26-72],40,26,72,,2025-11-11T16:20:50Z,2012,2012-01-01,2012-12-31
6921443,TB_1,COUNTRY,VNM,WPR,Western Pacific,YEAR,2018,,,,,,,,,57 [39-91],57,39,91,,2025-11-11T16:20:50Z,2018,2018-01-01,2018-12-31
6924002,TB_1,COUNTRY,BLZ,AMR,Americas,YEAR,2023,,,,,,,,,58 [47-72],58,47,72,,2025-11-11T16:20:50Z,2023,2023-01-01,2023-12-31
6926032,TB_1,COUNTRY,BLR,EUR,Europe,YEAR,2024,,,,,,,,,82 [68-100],82,68,100,,2025-11-11T16:20:50Z,2024,2024-01-01,2024-12-31
6926141,TB_1,COUNTRY,ZWE,AFR,Africa,YEAR,2003,,,,,,,,,76 [38-220],76,38,220,,2025-11-11T16:20:50Z,2003,2003-01-01,2003-12-31
6927049,TB_1,COUNTRY,ECU,AMR,Americas,YEAR,2000,,,,,,,,,44 [36-54],44,36,54,,2025-11-11T16:20:50Z,2000,2000-01-01,2000-12-31
6927526,TB_1,COUNTRY,HUN,EUR,Europe,YEAR,2007,,,,,,,,,69 [58-85],69,58,85,,2025-11-11T16:20:50Z,2007,2007-01-01,2007-12-31
6927694,TB_1,COUNTRY,KHM,WPR,Western Pacific,YEAR,2017,,,,,,,,,68 [51-91],68,51,91,,2025-11-11T16:20:50Z,2017,2017-01-01,2017-12-31
6931422,TB_1,COUNTRY,FSM,WPR,Western Pacific,YEAR,2021,,,,,,,,,47 [39-58],47,39,58,,2025-11-11T16:20:50Z,2021,2021-01-01,2021-12-31
6931713,TB_1,COUNTRY,URY,AMR,Americas,YEAR,2012,,,,,,,,,77 [64-95],77,64,95,,2025-11-11T16:20:50Z,2012,2012-01-01,2012-12-31
6932667,TB_1,REGION,AFR,,,YEAR,2004,,,,,,,,,41 [34-52],41,34,52,,2025-11-11T16:20:50Z,2004,2004-01-01,2004-12-31
6932887,TB_1,COUNTRY,HND,AMR,Americas,YEAR,2003,,,,,,,,,43 [36-53],43,36,53,,2025-11-11T16:20:50Z,2003,2003-01-01,2003-12-31
6937137,TB_1,COUNTRY,BGR,EUR,Europe,YEAR,2010,,,,,,,,,62 [51-76],62,51,76,,2025-11-11T16:20:50Z,2010,2010-01-01,2010-12-31
6939411,TB_1,COUNTRY,YEM,EMR,Eastern Mediterranean,YEAR,2004,,,,,,,,,74 [64-88],74,64,88,,2025-11-11T16:20:50Z,2004,2004-01-01,2004-12-31
6939476,TB_1,COUNTRY,LBY,EMR,Eastern Mediterranean,YEAR,2009,,,,,,,,,62 [33-99],62,33,99,,2025-11-11T16:20:50Z,2009,2009-01-01,2009-12-31
6939610,TB_1,COUNTRY,SVK,EUR,Europe,YEAR,2001,,,,,,,,,61 [51-75],61,51,75,,2025-11-11T16:20:50Z,2001,2001-01-01,2001-12-31
6941623,TB_1,COUNTRY,PSE,EMR,Eastern Mediterranean,YEAR,2012,,,,,,,,,61 [51-75],61,51,75,,2025-11-11T16:20:50Z,2012,2012-01-01,2012-12-31
6945452,TB_1,COUNTRY,HUN,EUR,Europe,YEAR,2015,,,,,,,,,76 [63-94],76,63,94,,2025-11-11T16:20:50Z,2015,2015-01-01,2015-12-31
6948719,TB_1,COUNTRY,NZL,WPR,Western Pacific,YEAR,2016,,,,,,,,,85 [70-100],85,70,100,,2025-11-11T16:20:50Z,2016,2016-01-01,2016-12-31
6949704,TB_1,COUNTRY,BFA,AFR,Africa,YEAR,2014,,,,,,,,,44 [23-71],44,23,71,,2025-11-11T16:20:50Z,2014,2014-01-01,2014-12-31
6949885,TB_1,COUNTRY,AUT,EUR,Europe,YEAR,2007,,,,,,,,,78 [65-96],78,65,96,,2025-11-11T16:20:50Z,2007,2007-01-01,2007-12-31
6956827,TB_1,COUNTRY,FIN,EUR,Europe,YEAR,2019,,,,,,,,,85 [70-100],85,70,100,,2025-11-11T16:20:50Z,2019,2019-01-01,2019-12-31
6958510,TB_1,COUNTRY,SLV,AMR,Americas,YEAR,2016,,,,,,,,,76 [63-93],76,63,93,,2025-11-11T16:20:50Z,2016,2016-01-01,2016-12-31
6959970,TB_1,COUNTRY,JOR,EMR,Eastern Mediterranean,YEAR,2022,,,,,,,,,48 [40-59],48,40,59,,2025-11-11T16:20:50Z,2022,2022-01-01,2022-12-31
6961988,TB_1,COUNTRY,SWE,EUR,Europe,YEAR,2016,,,,,,,,,85 [71-100],85,71,100,,2025-11-11T16:20:50Z,2016,2016-01-01,2016-12-31
6962345,TB_1,COUNTRY,EST,EUR,Europe,YEAR,2017,,,,,,,,,77 [64-95],77,64,95,,2025-11-11T16:20:50Z,2017,2017-01-01,2017-12-31
6963556,TB_1,COUNTRY,PSE,EMR,Eastern Mediterranean,YEAR,2007,,,,,,,,,56 [46-68],56,46,68,,2025-11-11T16:20:50Z,2007,2007-01-01,2007-12-31
6964237,TB_1,COUNTRY,KWT,EMR,Eastern Mediterranean,YEAR,2002,,,,,,,,,75 [62-92],75,62,92,,2025-11-11T16:20:50Z,2002,2002-01-01,2002-12-31
6968313,TB_1,COUNTRY,PRI,AMR,Americas,YEAR,2001,,,,,,,,,49 [41-61],49,41,61,,2025-11-11T16:20:50Z,2001,2001-01-01,2001-12-31
6971889,TB_1,COUNTRY,BEL,EUR,Europe,YEAR,2024,,,,,,,,,140 [120-180],140,120,180,,2025-11-11T16:20:50Z,2024,2024-01-01,2024-12-31
6972085,TB_1,COUNTRY,THA,SEAR,South-East Asia,YEAR,2024,,,,,,,,,78 [63-110],78,63,110,,2025-11-11T16:20:50Z,2024,2024-01-01,2024-12-31
6973610,TB_1,COUNTRY,MCO,EUR,Europe,YEAR,2016,,,,,,,,,100 [83-120],100,83,120,,2025-11-11T16:20:50Z,2016,2016-01-01,2016-12-31
6975344,TB_1,COUNTRY,OMN,EMR,Eastern Mediterranean,YEAR,2020,,,,,,,,,70 [58-86],70,58,86,,2025-11-11T16:20:50Z,2020,2020-01-01,2020-12-31
6977683,TB_1,COUNTRY,IRQ,EMR,Eastern Mediterranean,YEAR,2019,,,,,,,,,66 [54-82],66,54,82,,2025-11-11T16:20:50Z,2019,2019-01-01,2019-12-31
6978180,TB_1,WORLDBANKINCOMEGROUP,WB_UMI,,,YEAR,2010,,,,,,,,,63 [55-72],63,55,72,,2025-11-11T16:20:50Z,2010,2010-01-01,2010-12-31
6980684,TB_1,COUNTRY,FSM,WPR,Western Pacific,YEAR,2019,,,,,,,,,46 [38-56],46,38,56,,2025-11-11T16:20:50Z,2019,2019-01-01,2019-12-31
6981518,TB_1,COUNTRY,LCA,AMR,Americas,YEAR,2007,,,,,,,,,100 [83-120],100,83,120,,2025-11-11T16:20:50Z,2007,2007-01-01,2007-12-31
6982241,TB_1,COUNTRY,USA,AMR,Americas,YEAR,2006,,,,,,,,,80 [66-98],80,66,98,,2025-11-11T16:20:50Z,2006,2006-01-01,2006-12-31
6983320,TB_1,COUNTRY,COL,AMR,Americas,YEAR,2016,,,,,,,,,78 [64-95],78,64,95,,2025-11-11T16:20:50Z,2016,2016-01-01,2016-12-31
6984071,TB_1,COUNTRY,MRT,AFR,Africa,YEAR,2013,,,,,,,,,50 [24-87],50,24,87,,2025-11-11T16:20:50Z,2013,2013-01-01,2013-12-31
6984633,TB_1,COUNTRY,ETH,AFR,Africa,YEAR,2011,,,,,,,,,66 [41-130],66,41,130,,2025-11-11T16:20:50Z,2011,2011-01-01,2011-12-31
6986045,TB_1,COUNTRY,IRN,EMR,Eastern Mediterranean,YEAR,2007,,,,,,,,,44 [36-54],44,36,54,,2025-11-11T16:20:50Z,2007,2007-01-01,2007-12-31
6987404,TB_1,COUNTRY,ECU,AMR,Americas,YEAR,2008,,,,,,,,,59 [49-73],59,49,73,,2025-11-11T16:20:50Z,2008,2008-01-01,2008-12-31
6989295,TB_1,COUNTRY,BOL,AMR,Americas,YEAR,2011,,,,,,,,,47 [39-57],47,39,57,,2025-11-11T16:20:50Z,2011,2011-01-01,2011-12-31
6989637,TB_1,COUNTRY,AGO,AFR,Africa,YEAR,2010,,,,,,,,,40 [18-70],40,18,70,,2025-11-11T16:20:50Z,2010,2010-01-01,2010-12-31
6998334,TB_1,COUNTRY,CPV,AFR,Africa,YEAR,2004,,,,,,,,,45 [38-56],45,38,56,,2025-11-11T16:20:50Z,2004,2004-01-01,2004-12-31
6998622,TB_1,COUNTRY,COG,AFR,Africa,YEAR,2019,,,,,,,,,69 [36-110],69,36,110,,2025-11-11T16:20:50Z,2019,2019-01-01,2019-12-31
6998963,TB_1,COUNTRY,ARM,EUR,Europe,YEAR,2015,,,,,,,,,64 [53-79],64,53,79,,2025-11-11T16:20:50Z,2015,2015-01-01,2015-12-31
7001322,TB_1,COUNTRY,TCD,AFR,Africa,YEAR,2012,,,,,,,,,48 [21-85],48,21,85,,2025-11-11T16:20:50Z,2012,2012-01-01,2012-12-31
7001715,TB_1,COUNTRY,KGZ,EUR,Europe,YEAR,2017,,,,,,,,,69 [57-85],69,57,85,,2025-11-11T16:20:50Z,2017,2017-01-01,2017-12-31
7003943,TB_1,COUNTRY,MLI,AFR,Africa,YEAR,2002,,,,,,,,,46 [18-87],46,18,87,,2025-11-11T16:20:50Z,2002,2002-01-01,2002-12-31
7004493,TB_1,COUNTRY,FIN,EUR,Europe,YEAR,2010,,,,,,,,,84 [70-100],84,70,100,,2025-11-11T16:20:50Z,2010,2010-01-01,2010-12-31
7012040,TB_1,COUNTRY,COG,AFR,Africa,YEAR,2002,,,,,,,,,56 [22-100],56,22,100,,2025-11-11T16:20:50Z,2002,2002-01-01,2002-12-31
7012938,TB_1,COUNTRY,RUS,EUR,Europe,YEAR,2019,,,,,,,,,100 [70-160],100,70,160,,2025-11-11T16:20:50Z,2019,2019-01-01,2019-12-31
7015467,TB_1,COUNTRY,MNE,EUR,Europe,YEAR,2011,,,,,,,,,64 [54-79],64,54,79,,2025-11-11T16:20:50Z,2011,2011-01-01,2011-12-31
7016183,TB_1,COUNTRY,THA,SEAR,South-East Asia,YEAR,2015,,,,,,,,,54 [35-93],54,35,93,,2025-11-11T16:20:50Z,2015,2015-01-01,2015-12-31
7018060,TB_1,COUNTRY,BRN,WPR,Western Pacific,YEAR,2013,,,,,,,,,71 [59-87],71,59,87,,2025-11-11T16:20:50Z,2013,2013-01-01,2013-12-31
7018825,TB_1,COUNTRY,GHA,AFR,Africa,YEAR,2002,,,,,,,,,27 [13-85],27,13,85,,2025-11-11T16:20:50Z,2002,2002-01-01,2002-12-31
7019813,TB_1,COUNTRY,KAZ,EUR,Europe,YEAR,2007,,,,,,,,,99 [82-120],99,82,120,,2025-11-11T16:20:50Z,2007,2007-01-01,2007-12-31
7024657,TB_1,COUNTRY,BEL,EUR,Europe,YEAR,2018,,,,,,,,,87 [72-110],87,72,110,,2025-11-11T16:20:50Z,2018,2018-01-01,2018-12-31
7025894,TB_1,COUNTRY,KIR,WPR,Western Pacific,YEAR,2014,,,,,,,,,41 [34-51],41,34,51,,2025-11-11T16:20:50Z,2014,2014-01-01,2014-12-31
7030917,TB_1,COUNTRY,BLR,EUR,Europe,YEAR,2009,,,,,,,,,64 [53-78],64,53,78,,2025-11-11T16:20:50Z,2009,2009-01-01,2009-12-31
7032016,TB_1,COUNTRY,AND,EUR,Europe,YEAR,2018,,,,,,,,,100 [83-120],100,83,120,,2025-11-11T16:20:50Z,2018,2018-01-01,2018-12-31
7033656,TB_1,COUNTRY,ZWE,AFR,Africa,YEAR,2011,,,,,,,,,74 [45-140],74,45,140,,2025-11-11T16:20:50Z,2011,2011-01-01,2011-12-31
7036140,TB_1,COUNTRY,NZL,WPR,Western Pacific,YEAR,2009,,,,,,,,,80 [67-99],80,67,99,,2025-11-11T16:20:50Z,2009,2009-01-01,2009-12-31
7043779,TB_1,COUNTRY,BGR,EUR,Europe,YEAR,2023,,,,,,,,,75 [62-92],75,62,92,,2025-11-11T16:20:50Z,2023,2023-01-01,2023-12-31
7045098,TB_1,COUNTRY,DZA,AFR,Africa,YEAR,2001,,,,,,,,,52 [43-64],52,43,64,,2025-11-11T16:20:50Z,2001,2001-01-01,2001-12-31
7052680,TB_1,COUNTRY,SLE,AFR,Africa,YEAR,2017,,,,,,,,,50 [26-82],50,26,82,,2025-11-11T16:20:50Z,2017,2017-01-01,2017-12-31
7055675,TB_1,COUNTRY,VNM,WPR,Western Pacific,YEAR,2007,,,,,,,,,46 [27-98],46,27,98,,2025-11-11T16:20:50Z,2007,2007-01-01,2007-12-31
7055881,TB_1,COUNTRY,BGD,SEAR,South-East Asia,YEAR,2013,,,,,,,,,53 [41-73],53,41,73,,2025-11-11T16:20:50Z,2013,2013-01-01,2013-12-31
7058255,TB_1,COUNTRY,AND,EUR,Europe,YEAR,2001,,,,,,,,,100 [83-120],100,83,120,,2025-11-11T16:20:50Z,2001,2001-01-01,2001-12-31
7058579,TB_1,COUNTRY,HTI,AMR,Americas,YEAR,2008,,,,,,,,,34 [28-41],34,28,41,,2025-11-11T16:20:50Z,2008,2008-01-01,2008-12-31
7066813,TB_1,COUNTRY,ITA,EUR,Europe,YEAR,2010,,,,,,,,,79 [66-97],79,66,97,,2025-11-11T16:20:50Z,2010,2010-01-01,2010-12-31
7067135,TB_1,WORLDBANKINCOMEGROUP,WB_LMI,,,YEAR,2020,,,,,,,,,53 [48-59],53,48,59,,2025-11-11T16:20:50Z,2020,2020-01-01,2020-12-31
7067875,TB_1,COUNTRY,LSO,AFR,Africa,YEAR,2014,,,,,,,,,50 [31-95],50,31,95,,2025-11-11T16:20:50Z,2014,2014-01-01,2014-12-31
7071900,TB_1,REGION,EMR,,,YEAR,2005,,,,,,,,,38 [29-51],38,29,51,,2025-11-11T16:20:50Z,2005,2005-01-01,2005-12-31
7078167,TB_1,COUNTRY,SVK,EUR,Europe,YEAR,2013,,,,,,,,,78 [65-96],78,65,96,,2025-11-11T16:20:50Z,2013,2013-01-01,2013-12-31
7078904,TB_1,COUNTRY,WSM,WPR,Western Pacific,YEAR,2023,,,,,,,,,100 [83-120],100,83,120,,2025-11-11T16:20:50Z,2023,2023-01-01,2023-12-31
7081219,TB_1,COUNTRY,SLE,AFR,Africa,YEAR,2024,,,,,,,,,70 [36-110],70,36,110,,2025-11-11T16:20:50Z,2024,2024-01-01,2024-12-31
7082205,TB_1,COUNTRY,HUN,EUR,Europe,YEAR,2008,,,,,,,,,70 [58-86],70,58,86,,2025-11-11T16:20:50Z,2008,2008-01-01,2008-12-31
7084736,TB_1,COUNTRY,LBY,EMR,Eastern Mediterranean,YEAR,2023,,,,,,,,,55 [26-96],55,26,96,,2025-11-11T16:20:50Z,2023,2023-01-01,2023-12-31
7093920,TB_1,COUNTRY,FRA,EUR,Europe,YEAR,2008,,,,,,,,,83 [79-86],83,79,86,,2025-11-11T16:20:50Z,2008,2008-01-01,2008-12-31
7094575,TB_1,COUNTRY,LBN,EMR,Eastern Mediterranean,YEAR,2023,,,,,,,,,72 [60-89],72,60,89,,2025-11-11T16:20:50Z,2023,2023-01-01,2023-12-31
7099507,TB_1,COUNTRY,BLZ,AMR,Americas,YEAR,2002,,,,,,,,,44 [37-55],44,37,55,,2025-11-11T16:20:50Z,2002,2002-01-01,2002-12-31
7102104,TB_1,COUNTRY,BRB,AMR,Americas,YEAR,2022,,,,,,,,,100 [83-120],100,83,120,,2025-11-11T16:20:50Z,2022,2022-01-01,2022-12-31
7107730,TB_1,COUNTRY,LSO,AFR,Africa,YEAR,2007,,,,,,,,,55 [28-150],55,28,150,,2025-11-11T16:20:50Z,2007,2007-01-01,2007-12-31
7110676,TB_1,COUNTRY,EGY,EMR,Eastern Mediterranean,YEAR,2011,,,,,,,,,67 [54-85],67,54,85,,2025-11-11T16:20:50Z,2011,2011-01-01,2011-12-31
7111098,TB_1,COUNTRY,CPV,AFR,Africa,YEAR,2022,,,,,,,,,71 [59-88],71,59,88,,2025-11-11T16:20:50Z,2022,2022-01-01,2022-12-31
7113236,TB_1,COUNTRY,PAN,AMR,Americas,YEAR,2009,,,,,,,,,67 [56-83],67,56,83,,2025-11-11T16:20:50Z,2009,2009-01-01,2009-12-31
7114047,TB_1,COUNTRY,GNQ,AFR,Africa,YEAR,2024,,,,,,,,,69 [35-110],69,35,110,,2025-11-11T16:20:50Z,2024,2024-01-01,2024-12-31
7115261,TB_1,COUNTRY,JAM,AMR,Americas,YEAR,2005,,,,,,,,,53 [44-65],53,44,65,,2025-11-11T16:20:50Z,2005,2005-01-01,2005-12-31
7115340,TB_1,COUNTRY,SWZ,AFR,Africa,YEAR,2001,,,,,,,,,57 [24-300],57,24,300,,2025-11-11T16:20:50Z,2001,2001-01-01,2001-12-31
7118186,TB_1,COUNTRY,NAM,AFR,Africa,YEAR,2021,,,,,,,,,54 [39-80],54,39,80,,2025-11-11T16:20:50Z,2021,2021-01-01,2021-12-31
7118412,TB_1,COUNTRY,MCO,EUR,Europe,YEAR,2010,,,,,,,,,100 [83-120],100,83,120,,2025-11-11T16:20:50Z,2010,2010-01-01,2010-12-31
7119123,TB_1,COUNTRY,DEU,EUR,Europe,YEAR,2013,,,,,,,,,91 [82-100],91,82,100,,2025-11-11T16:20:50Z,2013,2013-01-01,2013-12-31
7124735,TB_1,COUNTRY,MDA,EUR,Europe,YEAR,2001,,,,,,,,,99 [82-120],99,82,120,,2025-11-11T16:20:50Z,2001,2001-01-01,2001-12-31
7125010,TB_1,COUNTRY,BHS,AMR,Americas,YEAR,2000,,,,,,,,,45 [37-55],45,37,55,,2025-11-11T16:20:50Z,2000,2000-01-01,2000-12-31
7128497,TB_1,COUNTRY,BHR,EMR,Eastern Mediterranean,YEAR,2002,,,,,,,,,56 [47-69],56,47,69,,2025-11-11T16:20:50Z,2002,2002-01-01,2002-12-31
7128866,TB_1,COUNTRY,PAK,EMR,Eastern Mediterranean,YEAR,2018,,,,,,,,,60 [45-85],60,45,85,,2025-11-11T16:20:50Z,2018,2018-01-01,2018-12-31
7132482,TB_1,COUNTRY,NIC,AMR,Americas,YEAR,2005,,,,,,,,,46 [38-57],46,38,57,,2025-11-11T16:20:50Z,2005,2005-01-01,2005-12-31
7133404,TB_1,COUNTRY,PHL,WPR,Western Pacific,YEAR,2022,,,,,,,,,61 [38-110],61,38,110,,2025-11-11T16:20:50Z,2022,2022-01-01,2022-12-31
7140266,TB_1,COUNTRY,KWT,EMR,Eastern Mediterranean,YEAR,2009,,,,,,,,,73 [61-90],73,61,90,,2025-11-11T16:20:50Z,2009,2009-01-01,2009-12-31
7146205,TB_1,COUNTRY,BIH,EUR,Europe,YEAR,2014,,,,,,,,,66 [55-81],66,55,81,,2025-11-11T16:20:50Z,2014,2014-01-01,2014-12-31
7153717,TB_1,COUNTRY,AGO,AFR,Africa,YEAR,2004,,,,,,,,,41 [17-74],41,17,74,,2025-11-11T16:20:50Z,2004,2004-01-01,2004-12-31
7155458,TB_1,COUNTRY,MEX,AMR,Americas,YEAR,2020,,,,,,,,,53 [44-65],53,44,65,,2025-11-11T16:20:50Z,2020,2020-01-01,2020-12-31
7157216,TB_1,COUNTRY,LVA,EUR,Europe,YEAR,2015,,,,,,,,,66 [55-81],66,55,81,,2025-11-11T16:20:50Z,2015,2015-01-01,2015-12-31
7157950,TB_1,COUNTRY,LCA,AMR,Americas,YEAR,2008,,,,,,,,,100 [83-120],100,83,120,,2025-11-11T16:20:50Z,2008,2008-01-01,2008-12-31
7158220,TB_1,COUNTRY,NER,AFR,Africa,YEAR,2005,,,,,,,,,46 [20-85],46,20,85,,2025-11-11T16:20:50Z,2005,2005-01-01,2005-12-31
7160298,TB_1,COUNTRY,QAT,EMR,Eastern Mediterranean,YEAR,2021,,,,,,,,,76 [63-93],76,63,93,,2025-11-11T16:20:50Z,2021,2021-01-01,2021-12-31
7160704,TB_1,COUNTRY,NLD,EUR,Europe,YEAR,2009,,,,,,,,,87 [75-100],87,75,100,,2025-11-11T16:20:50Z,2009,2009-01-01,2009-12-31
7161475,TB_1,COUNTRY,MDA,EUR,Europe,YEAR,2015,,,,,,,,,99 [82-120],99,82,120,,2025-11-11T16:20:50Z,2015,2015-01-01,2015-12-31
7167040,TB_1,COUNTRY,MEX,AMR,Americas,YEAR,2013,,,,,,,,,68 [57-84],68,57,84,,2025-11-11T16:20:50Z,2013,2013-01-01,2013-12-31
7169463,TB_1,COUNTRY,STP,AFR,Africa,YEAR,2003,,,,,,,,,130 [100-150],130,100,150,,2025-11-11T16:20:50Z,2003,2003-01-01,2003-12-31
7170230,TB_1,WORLDBANKINCOMEGROUP,WB_LMI,,,YEAR,2015,,,,,,,,,51 [45-59],51,45,59,,2025-11-11T16:20:50Z,2015,2015-01-01,2015-12-31
7170367,TB_1,COUNTRY,PRT,EUR,Europe,YEAR,2000,,,,,,,,,69 [57-85],69,57,85,,2025-11-11T16:20:50Z,2000,2000-01-01,2000-12-31
7171616,TB_1,COUNTRY,AND,EUR,Europe,YEAR,2021,,,,,,,,,100 [83-120],100,83,120,,2025-11-11T16:20:50Z,2021,2021-01-01,2021-12-31
7172972,TB_1,COUNTRY,GRC,EUR,Europe,YEAR,2018,,,,,,,,,79 [65-97],79,65,97,,2025-11-11T16:20:50Z,2018,2018-01-01,2018-12-31
7178634,TB_1,COUNTRY,RWA,AFR,Africa,YEAR,2024,,,,,,,,,96 [72-140],96,72,140,,2025-11-11T16:20:50Z,2024,2024-01-01,2024-12-31
7184873,TB_1,COUNTRY,SVK,EUR,Europe,YEAR,2010,,,,,,,,,73 [61-90],73,61,90,,2025-11-11T16:20:50Z,2010,2010-01-01,2010-12-31
7186972,TB_1,COUNTRY,IRL,EUR,Europe,YEAR,2002,,,,,,,,,72 [60-89],72,60,89,,2025-11-11T16:20:50Z,2002,2002-01-01,2002-12-31
7188477,TB_1,COUNTRY,VNM,WPR,Western Pacific,YEAR,2011,,,,,,,,,50 [31-94],50,31,94,,2025-11-11T16:20:50Z,2011,2011-01-01,2011-12-31
7189672,TB_1,COUNTRY,LBN,EMR,Eastern Mediterranean,YEAR,2010,,,,,,,,,64 [53-79],64,53,79,,2025-11-11T16:20:50Z,2010,2010-01-01,2010-12-31
7190514,TB_1,COUNTRY,MAC,,,YEAR,2008,,,,,,,,,53 [44-65],53,44,65,,2025-11-11T16:20:50Z,2008,2008-01-01,2008-12-31
7195443,TB_1,COUNTRY,TUR,EUR,Europe,YEAR,2005,,,,,,,,,60 [50-73],60,50,73,,2025-11-11T16:20:50Z,2005,2005-01-01,2005-12-31
7195933,TB_1,COUNTRY,NPL,SEAR,South-East Asia,YEAR,2022,,,,,,,,,54 [36-92],54,36,92,,2025-11-11T16:20:50Z,2022,2022-01-01,2022-12-31
7198028,TB_1,WORLDBANKINCOMEGROUP,WB_LMI,,,YEAR,2013,,,,,,,,,43 [34-56],43,34,56,,2025-11-11T16:20:50Z,2013,2013-01-01,2013-12-31
7200226,TB_1,COUNTRY,USA,AMR,Americas,YEAR,2010,,,,,,,,,82 [68-100],82,68,100,,2025-11-11T16:20:50Z,2010,2010-01-01,2010-12-31
7200307,TB_1,COUNTRY,MDA,EUR,Europe,YEAR,2023,,,,,,,,,100 [84-120],100,84,120,,2025-11-11T16:20:50Z,2023,2023-01-01,2023-12-31
7200538,TB_1,COUNTRY,BWA,AFR,Africa,YEAR,2002,,,,,,,,,65 [29-110],65,29,110,,2025-11-11T16:20:50Z,2002,2002-01-01,2002-12-31
7201403,TB_1,COUNTRY,SGP,WPR,Western Pacific,YEAR,2024,,,,,,,,,89 [74-110],89,74,110,,2025-11-11T16:20:50Z,2024,2024-01-01,2024-12-31
7201417,TB_1,COUNTRY,LVA,EUR,Europe,YEAR,2000,,,,,,,,,43 [36-53],43,36,53,,2025-11-11T16:20:50Z,2000,2000-01-01,2000-12-31
7201753,TB_1,COUNTRY,RUS,EUR,Europe,YEAR,2006,,,,,,,,,98 [54-230],98,54,230,,2025-11-11T16:20:50Z,2006,2006-01-01,2006-12-31
7202357,TB_1,COUNTRY,ETH,AFR,Africa,YEAR,2015,,,,,,,,,66 [39-130],66,39,130,,2025-11-11T16:20:50Z,2015,2015-01-01,2015-12-31
7206472,TB_1,COUNTRY,ZMB,AFR,Africa,YEAR,2014,,,,,,,,,59 [38-100],59,38,100,,2025-11-11T16:20:50Z,2014,2014-01-01,2014-12-31
7208894,TB_1,COUNTRY,AND,EUR,Europe,YEAR,2004,,,,,,,,,100 [83-120],100,83,120,,2025-11-11T16:20:50Z,2004,2004-01-01,2004-12-31
7209120,TB_1,COUNTRY,SVK,EUR,Europe,YEAR,2016,,,,,,,,,82 [68-100],82,68,100,,2025-11-11T16:20:50Z,2016,2016-01-01,2016-12-31
7209868,TB_1,COUNTRY,MAR,EMR,Eastern Mediterranean,YEAR,2021,,,,,,,,,89 [74-110],89,74,110,,2025-11-11T16:20:50Z,2021,2021-01-01,2021-12-31
7210443,TB_1,COUNTRY,AUT,EUR,Europe,YEAR,2016,,,,,,,,,84 [70-100],84,70,100,,2025-11-11T16:20:50Z,2016,2016-01-01,2016-12-31
7216718,TB_1,COUNTRY,DNK,EUR,Europe,YEAR,2008,,,,,,,,,75 [62-92],75,62,92,,2025-11-11T16:20:50Z,2008,2008-01-01,2008-12-31
7216847,TB_1,COUNTRY,ARM,EUR,Europe,YEAR,2003,,,,,,,,,42 [35-52],42,35,52,,2025-11-11T16:20:50Z,2003,2003-01-01,2003-12-31
7216934,TB_1,COUNTRY,TCD,AFR,Africa,YEAR,2024,,,,,,,,,71 [38-120],71,38,120,,2025-11-11T16:20:50Z,2024,2024-01-01,2024-12-31
7217611,TB_1,COUNTRY,BLZ,AMR,Americas,YEAR,2015,,,,,,,,,67 [56-83],67,56,83,,2025-11-11T16:20:50Z,2015,2015-01-01,2015-12-31
7217853,TB_1,COUNTRY,IDN,WPR,Western Pacific,YEAR,2007,,,,,,,,,33 [30-37],33,30,37,,2025-11-11T16:20:50Z,2007,2007-01-01,2007-12-31
7218119,TB_1,COUNTRY,AZE,EUR,Europe,YEAR,2003,,,,,,,,,32 [26-39],32,26,39,,2025-11-11T16:20:50Z,2003,2003-01-01,2003-12-31
7218782,TB_1,COUNTRY,IDN,WPR,Western Pacific,YEAR,2020,,,,,,,,,46 [42-51],46,42,51,,2025-11-11T16:20:50Z,2020,2020-01-01,2020-12-31
7219396,TB_1,COUNTRY,PHL,WPR,Western Pacific,YEAR,2021,,,,,,,,,49 [30-87],49,30,87,,2025-11-11T16:20:50Z,2021,2021-01-01,2021-12-31
7219571,TB_1,COUNTRY,TUR,EUR,Europe,YEAR,2002,,,,,,,,,55 [45-67],55,45,67,,2025-11-11T16:20:50Z,2002,2002-01-01,2002-12-31
7219679,TB_1,COUNTRY,ZAF,AFR,Africa,YEAR,2018,,,,,,,,,57 [41-86],57,41,86,,2025-11-11T16:20:50Z,2018,2018-01-01,2018-12-31
7219720,TB_1,COUNTRY,PRY,AMR,Americas,YEAR,2018,,,,,,,,,72 [60-89],72,60,89,,2025-11-11T16:20:50Z,2018,2018-01-01,2018-12-31
7221611,TB_1,COUNTRY,CHN,WPR,Western Pacific,YEAR,2024,,,,,,,,,76 [63-94],76,63,94,,2025-11-11T16:20:50Z,2024,2024-01-01,2024-12-31
7227612,TB_1,COUNTRY,DMA,AMR,Americas,YEAR,2013,,,,,,,,,100 [83-120],100,83,120,,2025-11-11T16:20:50Z,2013,2013-01-01,2013-12-31
7232828,TB_1,COUNTRY,CIV,AFR,Africa,YEAR,2005,,,,,,,,,46 [20-82],46,20,82,,2025-11-11T16:20:50Z,2005,2005-01-01,2005-12-31
7233455,TB_1,COUNTRY,TKM,EUR,Europe,YEAR,2019,,,,,,,,,74 [62-91],74,62,91,,2025-11-11T16:20:50Z,2019,2019-01-01,2019-12-31
7233520,TB_1,COUNTRY,GBR,EUR,Europe,YEAR,2006,,,,,,,,,89 [83-96],89,83,96,,2025-11-11T16:20:50Z,2006,2006-01-01,2006-12-31
7239075,TB_1,COUNTRY,ISR,EUR,Europe,YEAR,2023,,,,,,,,,86 [71-110],86,71,110,,2025-11-11T16:20:50Z,2023,2023-01-01,2023-12-31
7239331,TB_1,COUNTRY,SWZ,AFR,Africa,YEAR,2005,,,,,,,,,57 [18-860],57,18,860,,2025-11-11T16:20:50Z,2005,2005-01-01,2005-12-31
7243039,TB_1,COUNTRY,CYP,EUR,Europe,YEAR,2004,,,,,,,,,59 [49-72],59,49,72,,2025-11-11T16:20:50Z,2004,2004-01-01,2004-12-31
7246379,TB_1,COUNTRY,MKD,EUR,Europe,YEAR,2007,,,,,,,,,57 [47-70],57,47,70,,2025-11-11T16:20:50Z,2007,2007-01-01,2007-12-31
7247992,TB_1,COUNTRY,BRA,AMR,Americas,YEAR,2001,,,,,,,,,92 [76-110],92,76,110,,2025-11-11T16:20:50Z,2001,2001-01-01,2001-12-31
7248928,TB_1,COUNTRY,PRY,AMR,Americas,YEAR,2011,,,,,,,,,65 [54-80],65,54,80,,2025-11-11T16:20:50Z,2011,2011-01-01,2011-12-31
7249416,TB_1,COUNTRY,MDV,SEAR,South-East Asia,YEAR,2016,,,,,,,,,67 [56-82],67,56,82,,2025-11-11T16:20:50Z,2016,2016-01-01,2016-12-31
7251285,TB_1,COUNTRY,CRI,AMR,Americas,YEAR,2012,,,,,,,,,75 [62-92],75,62,92,,2025-11-11T16:20:50Z,2012,2012-01-01,2012-12-31
7253537,TB_1,COUNTRY,ALB,EUR,Europe,YEAR,2015,,,,,,,,,89 [74-110],89,74,110,,2025-11-11T16:20:50Z,2015,2015-01-01,2015-12-31
7255279,TB_1,COUNTRY,TTO,AMR,Americas,YEAR,2021,,,,,,,,,74 [62-91],74,62,91,,2025-11-11T16:20:50Z,2021,2021-01-01,2021-12-31
7257975,TB_1,COUNTRY,ARM,EUR,Europe,YEAR,2009,,,,,,,,,54 [45-66],54,45,66,,2025-11-11T16:20:50Z,2009,2009-01-01,2009-12-31
7258432,TB_1,WORLDBANKINCOMEGROUP,WB_LMI,,,YEAR,2004,,,,,,,,,33 [23-54],33,23,54,,2025-11-11T16:20:50Z,2004,2004-01-01,2004-12-31
7260467,TB_1,COUNTRY,KAZ,EUR,Europe,YEAR,2018,,,,,,,,,99 [82-120],99,82,120,,2025-11-11T16:20:50Z,2018,2018-01-01,2018-12-31
7261166,TB_1,COUNTRY,PAK,EMR,Eastern Mediterranean,YEAR,2015,,,,,,,,,55 [39-84],55,39,84,,2025-11-11T16:20:50Z,2015,2015-01-01,2015-12-31
7262352,TB_1,COUNTRY,MKD,EUR,Europe,YEAR,2001,,,,,,,,,53 [44-65],53,44,65,,2025-11-11T16:20:50Z,2001,2001-01-01,2001-12-31
7263974,TB_1,COUNTRY,STP,AFR,Africa,YEAR,2021,,,,,,,,,63 [52-77],63,52,77,,2025-11-11T16:20:50Z,2021,2021-01-01,2021-12-31
7266593,TB_1,COUNTRY,GMB,AFR,Africa,YEAR,2020,,,,,,,,,62 [48-85],62,48,85,,2025-11-11T16:20:50Z,2020,2020-01-01,2020-12-31
7269603,TB_1,COUNTRY,VNM,WPR,Western Pacific,YEAR,2021,,,,,,,,,46 [32-72],46,32,72,,2025-11-11T16:20:50Z,2021,2021-01-01,2021-12-31
7272821,TB_1,COUNTRY,RUS,EUR,Europe,YEAR,2017,,,,,,,,,98 [65-170],98,65,170,,2025-11-11T16:20:50Z,2017,2017-01-01,2017-12-31
7273499,TB_1,COUNTRY,TLS,SEAR,South-East Asia,YEAR,2020,,,,,,,,,64 [35-100],64,35,100,,2025-11-11T16:20:50Z,2020,2020-01-01,2020-12-31
7275919,TB_1,COUNTRY,MDA,EUR,Europe,YEAR,2022,,,,,,,,,93 [77-110],93,77,110,,2025-11-11T16:20:50Z,2022,2022-01-01,2022-12-31
7276233,TB_1,COUNTRY,MDV,SEAR,South-East Asia,YEAR,2003,,,,,,,,,36 [30-44],36,30,44,,2025-11-11T16:20:50Z,2003,2003-01-01,2003-12-31
7281921,TB_1,COUNTRY,TUN,EMR,Eastern Mediterranean,YEAR,2016,,,,,,,,,61 [50-75],61,50,75,,2025-11-11T16:20:50Z,2016,2016-01-01,2016-12-31
7282155,TB_1,COUNTRY,PAK,EMR,Eastern Mediterranean,YEAR,2007,,,,,,,,,45 [31-72],45,31,72,,2025-11-11T16:20:50Z,2007,2007-01-01,2007-12-31
7287680,TB_1,COUNTRY,GUY,AMR,Americas,YEAR,2020,,,,,,,,,77 [64-95],77,64,95,,2025-11-11T16:20:50Z,2020,2020-01-01,2020-12-31
7287932,TB_1,COUNTRY,LBR,AFR,Africa,YEAR,2000,,,,,,,,,45 [16-89],45,16,89,,2025-11-11T16:20:50Z,2000,2000-01-01,2000-12-31
7289129,TB_1,COUNTRY,BTN,SEAR,South-East Asia,YEAR,2022,,,,,,,,,60 [49-73],60,49,73,,2025-11-11T16:20:50Z,2022,2022-01-01,2022-12-31
7292759,TB_1,COUNTRY,COM,AFR,Africa,YEAR,2011,,,,,,,,,40 [20-69],40,20,69,,2025-11-11T16:20:50Z,2011,2011-01-01,2011-12-31
7297617,TB_1,COUNTRY,SDN,EMR,Eastern Mediterranean,YEAR,2006,,,,,,,,,49 [20-250],49,20,250,,2025-11-11T16:20:50Z,2006,2006-01-01,2006-12-31
7300101,TB_1,COUNTRY,PER,AMR,Americas,YEAR,2015,,,,,,,,,75 [62-92],75,62,92,,2025-11-11T16:20:50Z,2015,2015-01-01,2015-12-31
7303600,TB_1,WORLDBANKINCOMEGROUP,WB_LMI,,,YEAR,2012,,,,,,,,,43 [33-56],43,33,56,,2025-11-11T16:20:50Z,2012,2012-01-01,2012-12-31
7303942,TB_1,COUNTRY,FIN,EUR,Europe,YEAR,2014,,,,,,,,,86 [71-110],86,71,110,,2025-11-11T16:20:50Z,2014,2014-01-01,2014-12-31
7306725,TB_1,COUNTRY,GEO,EUR,Europe,YEAR,2024,,,,,,,,,70 [58-86],70,58,86,,2025-11-11T16:20:50Z,2024,2024-01-01,2024-12-31
7309401,TB_1,COUNTRY,ECU,AMR,Americas,YEAR,2002,,,,,,,,,47 [39-58],47,39,58,,2025-11-11T16:20:50Z,2002,2002-01-01,2002-12-31
7314420,TB_1,COUNTRY,KGZ,EUR,Europe,YEAR,2006,,,,,,,,,48 [40-59],48,40,59,,2025-11-11T16:20:50Z,2006,2006-01-01,2006-12-31
7317760,TB_1,COUNTRY,BEL,EUR,Europe,YEAR,2002,,,,,,,,,76 [63-94],76,63,94,,2025-11-11T16:20:50Z,2002,2002-01-01,2002-12-31
7317937,TB_1,COUNTRY,HKG,,,YEAR,2016,,,,,,,,,63 [52-78],63,52,78,,2025-11-11T16:20:50Z,2016,2016-01-01,2016-12-31
7318573,TB_1,COUNTRY,IRN,EMR,Eastern Mediterranean,YEAR,2023,,,,,,,,,73 [61-90],73,61,90,,2025-11-11T16:20:50Z,2023,2023-01-01,2023-12-31
7320433,TB_1,COUNTRY,NGA,AFR,Africa,YEAR,2017,,,,,,,,,23 [16-36],23,16,36,,2025-11-11T16:20:50Z,2017,2017-01-01,2017-12-31
7322497,TB_1,COUNTRY,PRY,AMR,Americas,YEAR,2005,,,,,,,,,52 [43-64],52,43,64,,2025-11-11T16:20:50Z,2005,2005-01-01,2005-12-31
7322616,TB_1,COUNTRY,FSM,WPR,Western Pacific,YEAR,2002,,,,,,,,,30 [25-37],30,25,37,,2025-11-11T16:20:50Z,2002,2002-01-01,2002-12-31
7323539,TB_1,COUNTRY,PRY,AMR,Americas,YEAR,2007,,,,,,,,,57 [47-70],57,47,70,,2025-11-11T16:20:50Z,2007,2007-01-01,2007-12-31
7325228,TB_1,COUNTRY,ARM,EUR,Europe,YEAR,2021,,,,,,,,,53 [44-65],53,44,65,,2025-11-11T16:20:50Z,2021,2021-01-01,2021-12-31
7326605,TB_1,COUNTRY,SGP,WPR,Western Pacific,YEAR,2003,,,,,,,,,60 [50-74],60,50,74,,2025-11-11T16:20:50Z,2003,2003-01-01,2003-12-31
7327451,TB_1,COUNTRY,TJK,EUR,Europe,YEAR,2010,,,,,,,,,54 [45-66],54,45,66,,2025-11-11T16:20:50Z,2010,2010-01-01,2010-12-31
7328550,TB_1,COUNTRY,AUS,WPR,Western Pacific,YEAR,2011,,,,,,,,,84 [70-100],84,70,100,,2025-11-11T16:20:50Z,2011,2011-01-01,2011-12-31
7329064,TB_1,COUNTRY,PHL,WPR,Western Pacific,YEAR,2014,,,,,,,,,43 [27-76],43,27,76,,2025-11-11T16:20:50Z,2014,2014-01-01,2014-12-31
7330936,TB_1,COUNTRY,MKD,EUR,Europe,YEAR,2020,,,,,,,,,74 [62-92],74,62,92,,2025-11-11T16:20:50Z,2020,2020-01-01,2020-12-31
7332405,TB_1,COUNTRY,HRV,EUR,Europe,YEAR,2019,,,,,,,,,80 [66-98],80,66,98,,2025-11-11T16:20:50Z,2019,2019-01-01,2019-12-31
7333727,TB_1,COUNTRY,CRI,AMR,Americas,YEAR,2015,,,,,,,,,76 [63-94],76,63,94,,2025-11-11T16:20:50Z,2015,2015-01-01,2015-12-31
7335070,TB_1,COUNTRY,GNQ,AFR,Africa,YEAR,2023,,,,,,,,,96 [50-160],96,50,160,,2025-11-11T16:20:50Z,2023,2023-01-01,2023-12-31
7336196,TB_1,COUNTRY,DEU,EUR,Europe,YEAR,2004,,,,,,,,,91 [82-100],91,82,100,,2025-11-11T16:20:50Z,2004,2004-01-01,2004-12-31
7337014,TB_1,COUNTRY,KGZ,EUR,Europe,YEAR,2009,,,,,,,,,52 [43-64],52,43,64,,2025-11-11T16:20:50Z,2009,2009-01-01,2009-12-31
7339124,TB_1,COUNTRY,DNK,EUR,Europe,YEAR,2019,,,,,,,,,82 [68-100],82,68,100,,2025-11-11T16:20:50Z,2019,2019-01-01,2019-12-31
7339351,TB_1,COUNTRY,BGD,SEAR,South-East Asia,YEAR,2003,,,,,,,,,28 [22-39],28,22,39,,2025-11-11T16:20:50Z,2003,2003-01-01,2003-12-31
7339789,TB_1,COUNTRY,ERI,AFR,Africa,YEAR,2004,,,,,,,,,26 [22-33],26,22,33,,2025-11-11T16:20:50Z,2004,2004-01-01,2004-12-31
7340396,TB_1,COUNTRY,IRN,EMR,Eastern Mediterranean,YEAR,2014,,,,,,,,,60 [49-73],60,49,73,,2025-11-11T16:20:50Z,2014,2014-01-01,2014-12-31
7340876,TB_1,COUNTRY,ARE,EMR,Eastern Mediterranean,YEAR,2004,,,,,,,,,52 [43-63],52,43,63,,2025-11-11T16:20:50Z,2004,2004-01-01,2004-12-31
7342115,TB_1,COUNTRY,LVA,EUR,Europe,YEAR,2022,,,,,,,,,72 [60-89],72,60,89,,2025-11-11T16:20:50Z,2022,2022-01-01,2022-12-31
7344845,TB_1,REGION,EMR,,,YEAR,2003,,,,,,,,,28 [22-37],28,22,37,,2025-11-11T16:20:50Z,2003,2003-01-01,2003-12-31
7345799,TB_1,COUNTRY,IRL,EUR,Europe,YEAR,2023,,,,,,,,,83 [69-100],83,69,100,,2025-11-11T16:20:50Z,2023,2023-01-01,2023-12-31
7349459,TB_1,COUNTRY,COM,AFR,Africa,YEAR,2014,,,,,,,,,50 [24-83],50,24,83,,2025-11-11T16:20:50Z,2014,2014-01-01,2014-12-31
7352883,TB_1,COUNTRY,FSM,WPR,Western Pacific,YEAR,2024,,,,,,,,,47 [39-58],47,39,58,,2025-11-11T16:20:50Z,2024,2024-01-01,2024-12-31
7352940,TB_1,COUNTRY,PHL,WPR,Western Pacific,YEAR,2013,,,,,,,,,42 [27-74],42,27,74,,2025-11-11T16:20:50Z,2013,2013-01-01,2013-12-31
7357527,TB_1,COUNTRY,CYP,EUR,Europe,YEAR,2007,,,,,,,,,65 [54-80],65,54,80,,2025-11-11T16:20:50Z,2007,2007-01-01,2007-12-31
7358136,TB_1,COUNTRY,BRN,WPR,Western Pacific,YEAR,2016,,,,,,,,,75 [62-93],75,62,93,,2025-11-11T16:20:50Z,2016,2016-01-01,2016-12-31
7358151,TB_1,COUNTRY,BLZ,AMR,Americas,YEAR,2020,,,,,,,,,59 [48-72],59,48,72,,2025-11-11T16:20:50Z,2020,2020-01-01,2020-12-31
7361608,TB_1,COUNTRY,DJI,EMR,Eastern Mediterranean,YEAR,2005,,,,,,,,,24 [20-30],24,20,30,,2025-11-11T16:20:50Z,2005,2005-01-01,2005-12-31
7363677,TB_1,COUNTRY,COG,AFR,Africa,YEAR,2024,,,,,,,,,70 [36-110],70,36,110,,2025-11-11T16:20:50Z,2024,2024-01-01,2024-12-31
7372004,TB_1,COUNTRY,FJI,WPR,Western Pacific,YEAR,2012,,,,,,,,,53 [44-65],53,44,65,,2025-11-11T16:20:50Z,2012,2012-01-01,2012-12-31
7383452,TB_1,GLOBAL,GLOBAL,,,YEAR,2017,,,,,,,,,59 [56-63],59,56,63,,2025-11-11T16:20:50Z,2017,2017-01-01,2017-12-31
7384308,TB_1,COUNTRY,BHR,EMR,Eastern Mediterranean,YEAR,2021,,,,,,,,,75 [63-93],75,63,93,,2025-11-11T16:20:50Z,2021,2021-01-01,2021-12-31
7384755,TB_1,COUNTRY,CAF,AFR,Africa,YEAR,2019,,,,,,,,,53 [28-85],53,28,85,,2025-11-11T16:20:50Z,2019,2019-01-01,2019-12-31
7384797,TB_1,COUNTRY,SVK,EUR,Europe,YEAR,2008,,,,,,,,,72 [60-88],72,60,88,,2025-11-11T16:20:50Z,2008,2008-01-01,2008-12-31
7385166,TB_1,COUNTRY,PER,AMR,Americas,YEAR,2001,,,,,,,,,42 [35-52],42,35,52,,2025-11-11T16:20:50Z,2001,2001-01-01,2001-12-31
7385506,TB_1,COUNTRY,MRT,AFR,Africa,YEAR,2022,,,,,,,,,68 [36-110],68,36,110,,2025-11-11T16:20:50Z,2022,2022-01-01,2022-12-31
7387456,TB_1,COUNTRY,TLS,SEAR,South-East Asia,YEAR,2024,,,,,,,,,68 [35-110],68,35,110,,2025-11-11T16:20:50Z,2024,2024-01-01,2024-12-31
7391515,TB_1,COUNTRY,LCA,AMR,Americas,YEAR,2020,,,,,,,,,100 [83-120],100,83,120,,2025-11-11T16:20:50Z,2020,2020-01-01,2020-12-31
7397862,TB_1,COUNTRY,IDN,WPR,Western Pacific,YEAR,2024,,,,,,,,,77 [68-93],77,68,93,,2025-11-11T16:20:50Z,2024,2024-01-01,2024-12-31
7398401,TB_1,COUNTRY,GNB,AFR,Africa,YEAR,2006,,,,,,,,,53 [23-94],53,23,94,,2025-11-11T16:20:50Z,2006,2006-01-01,2006-12-31
7400240,TB_1,COUNTRY,CHE,EUR,Europe,YEAR,2014,,,,,,,,,84 [69-100],84,69,100,,2025-11-11T16:20:50Z,2014,2014-01-01,2014-12-31
7401089,TB_1,COUNTRY,BTN,SEAR,South-East Asia,YEAR,2021,,,,,,,,,60 [49-73],60,49,73,,2025-11-11T16:20:50Z,2021,2021-01-01,2021-12-31
7402685,TB_1,COUNTRY,SVN,EUR,Europe,YEAR,2024,,,,,,,,,85 [70-100],85,70,100,,2025-11-11T16:20:50Z,2024,2024-01-01,2024-12-31
7407725,TB_1,COUNTRY,DZA,AFR,Africa,YEAR,2008,,,,,,,,,62 [51-76],62,51,76,,2025-11-11T16:20:50Z,2008,2008-01-01,2008-12-31
7410508,TB_1,COUNTRY,SUR,AMR,Americas,YEAR,2012,,,,,,,,,65 [54-80],65,54,80,,2025-11-11T16:20:50Z,2012,2012-01-01,2012-12-31
7413634,TB_1,COUNTRY,ARE,EMR,Eastern Mediterranean,YEAR,2022,,,,,,,,,82 [68-100],82,68,100,,2025-11-11T16:20:50Z,2022,2022-01-01,2022-12-31
7420998,TB_1,COUNTRY,SYR,EMR,Eastern Mediterranean,YEAR,2022,,,,,,,,,62 [52-77],62,52,77,,2025-11-11T16:20:50Z,2022,2022-01-01,2022-12-31
7423339,TB_1,COUNTRY,MDV,SEAR,South-East Asia,YEAR,2023,,,,,,,,,62 [51-76],62,51,76,,2025-11-11T16:20:50Z,2023,2023-01-01,2023-12-31
7424549,TB_1,COUNTRY,TUR,EUR,Europe,YEAR,2001,,,,,,,,,53 [44-65],53,44,65,,2025-11-11T16:20:50Z,2001,2001-01-01,2001-12-31
7425884,TB_1,COUNTRY,BLZ,AMR,Americas,YEAR,2010,,,,,,,,,61 [50-75],61,50,75,,2025-11-11T16:20:50Z,2010,2010-01-01,2010-12-31
7427175,TB_1,COUNTRY,DNK,EUR,Europe,YEAR,2009,,,,,,,,,76 [63-93],76,63,93,,2025-11-11T16:20:50Z,2009,2009-01-01,2009-12-31
7436303,TB_1,COUNTRY,DEU,EUR,Europe,YEAR,2024,,,,,,,,,92 [84-100],92,84,100,,2025-11-11T16:20:50Z,2024,2024-01-01,2024-12-31
7437420,TB_1,COUNTRY,SWZ,AFR,Africa,YEAR,2002,,,,,,,,,57 [22-370],57,22,370,,2025-11-11T16:20:50Z,2002,2002-01-01,2002-12-31
7438877,TB_1,COUNTRY,CAF,AFR,Africa,YEAR,2024,,,,,,,,,71 [38-110],71,38,110,,2025-11-11T16:20:50Z,2024,2024-01-01,2024-12-31
7438938,TB_1,COUNTRY,ALB,EUR,Europe,YEAR,2005,,,,,,,,,89 [74-110],89,74,110,,2025-11-11T16:20:50Z,2005,2005-01-01,2005-12-31
7441264,TB_1,COUNTRY,CRI,AMR,Americas,YEAR,2014,,,,,,,,,76 [63-93],76,63,93,,2025-11-11T16:20:50Z,2014,2014-01-01,2014-12-31
7441392,TB_1,COUNTRY,KEN,AFR,Africa,YEAR,2011,,,,,,,,,45 [23-130],45,23,130,,2025-11-11T16:20:50Z,2011,2011-01-01,2011-12-31
7444528,TB_1,COUNTRY,EST,EUR,Europe,YEAR,2002,,,,,,,,,54 [45-67],54,45,67,,2025-11-11T16:20:50Z,2002,2002-01-01,2002-12-31
7445352,TB_1,COUNTRY,AFG,EMR,Eastern Mediterranean,YEAR,2009,,,,,,,,,42 [18-75],42,18,75,,2025-11-11T16:20:50Z,2009,2009-01-01,2009-12-31
7446440,TB_1,COUNTRY,WSM,WPR,Western Pacific,YEAR,2004,,,,,,,,,100 [83-120],100,83,120,,2025-11-11T16:20:50Z,2004,2004-01-01,2004-12-31
7447960,TB_1,COUNTRY,DOM,AMR,Americas,YEAR,2017,,,,,,,,,73 [60-89],73,60,89,,2025-11-11T16:20:50Z,2017,2017-01-01,2017-12-31
7448115,TB_1,COUNTRY,CPV,AFR,Africa,YEAR,2018,,,,,,,,,70 [58-86],70,58,86,,2025-11-11T16:20:50Z,2018,2018-01-01,2018-12-31
7451940,TB_1,COUNTRY,CUB,AMR,Americas,YEAR,2016,,,,,,,,,83 [69-100],83,69,100,,2025-11-11T16:20:50Z,2016,2016-01-01,2016-12-31
7452916,TB_1,COUNTRY,SMR,EUR,Europe,YEAR,2002,,,,,,,,,100 [83-120],100,83,120,,2025-11-11T16:20:50Z,2002,2002-01-01,2002-12-31
7454225,TB_1,COUNTRY,LSO,AFR,Africa,YEAR,2010,,,,,,,,,49 [26-130],49,26,130,,2025-11-11T16:20:50Z,2010,2010-01-01,2010-12-31
7456505,TB_1,COUNTRY,MAR,EMR,Eastern Mediterranean,YEAR,2003,,,,,,,,,89 [74-110],89,74,110,,2025-11-11T16:20:50Z,2003,2003-01-01,2003-12-31
7456599,TB_1,COUNTRY,PRI,AMR,Americas,YEAR,2006,,,,,,,,,61 [51-75],61,51,75,,2025-11-11T16:20:50Z,2006,2006-01-01,2006-12-31
7457984,TB_1,COUNTRY,VCT,AMR,Americas,YEAR,2004,,,,,,,,,100 [83-120],100,83,120,,2025-11-11T16:20:50Z,2004,2004-01-01,2004-12-31
7459472,TB_1,COUNTRY,KGZ,EUR,Europe,YEAR,2021,,,,,,,,,51 [42-65],51,42,65,,2025-11-11T16:20:50Z,2021,2021-01-01,2021-12-31
7460151,TB_1,COUNTRY,VEN,AMR,Americas,YEAR,2011,,,,,,,,,68 [56-83],68,56,83,,2025-11-11T16:20:50Z,2011,2011-01-01,2011-12-31
7461825,TB_1,COUNTRY,BEL,EUR,Europe,YEAR,2013,,,,,,,,,85 [71-100],85,71,100,,2025-11-11T16:20:50Z,2013,2013-01-01,2013-12-31
7462542,TB_1,COUNTRY,MAR,EMR,Eastern Mediterranean,YEAR,2019,,,,,,,,,89 [74-110],89,74,110,,2025-11-11T16:20:50Z,2019,2019-01-01,2019-12-31
7462544,TB_1,COUNTRY,SOM,EMR,Eastern Mediterranean,YEAR,2011,,,,,,,,,46 [22-83],46,22,83,,2025-11-11T16:20:50Z,2011,2011-01-01,2011-12-31
7462552,TB_1,COUNTRY,DEU,EUR,Europe,YEAR,2021,,,,,,,,,91 [82-100],91,82,100,,2025-11-11T16:20:50Z,2021,2021-01-01,2021-12-31
7463133,TB_1,COUNTRY,MDV,SEAR,South-East Asia,YEAR,2011,,,,,,,,,56 [46-69],56,46,69,,2025-11-11T16:20:50Z,2011,2011-01-01,2011-12-31
7464541,TB_1,COUNTRY,KAZ,EUR,Europe,YEAR,2011,,,,,,,,,99 [82-120],99,82,120,,2025-11-11T16:20:50Z,2011,2011-01-01,2011-12-31
7465605,TB_1,COUNTRY,SOM,EMR,Eastern Mediterranean,YEAR,2019,,,,,,,,,60 [31-99],60,31,99,,2025-11-11T16:20:50Z,2019,2019-01-01,2019-12-31
7466008,TB_1,COUNTRY,BGR,EUR,Europe,YEAR,2003,,,,,,,,,54 [45-66],54,45,66,,2025-11-11T16:20:50Z,2003,2003-01-01,2003-12-31
7468624,TB_1,COUNTRY,MNE,EUR,Europe,YEAR,2005,,,,,,,,,60 [50-74],60,50,74,,2025-11-11T16:20:50Z,2005,2005-01-01,2005-12-31
7468966,TB_1,COUNTRY,IRL,EUR,Europe,YEAR,2014,,,,,,,,,80 [67-99],80,67,99,,2025-11-11T16:20:50Z,2014,2014-01-01,2014-12-31
7469720,TB_1,COUNTRY,TUN,EMR,Eastern Mediterranean,YEAR,2003,,,,,,,,,47 [39-57],47,39,57,,2025-11-11T16:20:50Z,2003,2003-01-01,2003-12-31
7471192,TB_1,COUNTRY,CIV,AFR,Africa,YEAR,2018,,,,,,,,,57 [30-94],57,30,94,,2025-11-11T16:20:50Z,2018,2018-01-01,2018-12-31
7474901,TB_1,COUNTRY,HRV,EUR,Europe,YEAR,2022,,,,,,,,,79 [66-98],79,66,98,,2025-11-11T16:20:50Z,2022,2022-01-01,2022-12-31
7479958,TB_1,COUNTRY,HUN,EUR,Europe,YEAR,2020,,,,,,,,,78 [65-96],78,65,96,,2025-11-11T16:20:50Z,2020,2020-01-01,2020-12-31
7480342,TB_1,COUNTRY,GRD,AMR,Americas,YEAR,2024,,,,,,,,,100 [83-120],100,83,120,,2025-11-11T16:20:50Z,2024,2024-01-01,2024-12-31
7481030,TB_1,COUNTRY,SVN,EUR,Europe,YEAR,2007,,,,,,,,,72 [60-89],72,60,89,,2025-11-11T16:20:50Z,2007,2007-01-01,2007-12-31
7481280,TB_1,COUNTRY,MAR,EMR,Eastern Mediterranean,YEAR,2002,,,,,,,,,89 [74-110],89,74,110,,2025-11-11T16:20:50Z,2002,2002-01-01,2002-12-31
7485005,TB_1,COUNTRY,BHS,AMR,Americas,YEAR,2023,,,,,,,,,77 [64-94],77,64,94,,2025-11-11T16:20:50Z,2023,2023-01-01,2023-12-31
7485317,TB_1,COUNTRY,COL,AMR,Americas,YEAR,2024,,,,,,,,,81 [67-100],81,67,100,,2025-11-11T16:20:50Z,2024,2024-01-01,2024-12-31
7486272,TB_1,WORLDBANKINCOMEGROUP,WB_UMI,,,YEAR,2002,,,,,,,,,37 [33-42],37,33,42,,2025-11-11T16:20:50Z,2002,2002-01-01,2002-12-31
7486524,TB_1,COUNTRY,MLT,EUR,Europe,YEAR,2024,,,,,,,,,73 [61-90],73,61,90,,2025-11-11T16:20:50Z,2024,2024-01-01,2024-12-31
7489319,TB_1,COUNTRY,PHL,WPR,Western Pacific,YEAR,2007,,,,,,,,,30 [19-53],30,19,53,,2025-11-11T16:20:50Z,2007,2007-01-01,2007-12-31
7491078,TB_1,COUNTRY,GAB,AFR,Africa,YEAR,2009,,,,,,,,,42 [21-69],42,21,69,,2025-11-11T16:20:50Z,2009,2009-01-01,2009-12-31
7491817,TB_1,COUNTRY,LUX,EUR,Europe,YEAR,2022,,,,,,,,,83 [69-100],83,69,100,,2025-11-11T16:20:50Z,2022,2022-01-01,2022-12-31
7493107,TB_1,COUNTRY,BEN,AFR,Africa,YEAR,2004,,,,,,,,,47 [20-85],47,20,85,,2025-11-11T16:20:50Z,2004,2004-01-01,2004-12-31
7493416,TB_1,COUNTRY,PNG,WPR,Western Pacific,YEAR,2003,,,,,,,,,26 [2.2-70],26,2.2,70,,2025-11-11T16:20:50Z,2003,2003-01-01,2003-12-31
7494451,TB_1,COUNTRY,WSM,WPR,Western Pacific,YEAR,2009,,,,,,,,,100 [83-120],100,83,120,,2025-11-11T16:20:50Z,2009,2009-01-01,2009-12-31
7494501,TB_1,COUNTRY,MUS,AFR,Africa,YEAR,2019,,,,,,,,,65 [54-80],65,54,80,,2025-11-11T16:20:50Z,2019,2019-01-01,2019-12-31
7495126,TB_1,COUNTRY,BLR,EUR,Europe,YEAR,2016,,,,,,,,,75 [63-93],75,63,93,,2025-11-11T16:20:50Z,2016,2016-01-01,2016-12-31
7497150,TB_1,COUNTRY,BRN,WPR,Western Pacific,YEAR,2019,,,,,,,,,77 [64-94],77,64,94,,2025-11-11T16:20:50Z,2019,2019-01-01,2019-12-31
7500490,TB_1,COUNTRY,QAT,EMR,Eastern Mediterranean,YEAR,2009,,,,,,,,,59 [49-73],59,49,73,,2025-11-11T16:20:50Z,2009,2009-01-01,2009-12-31
7500957,TB_1,COUNTRY,PAK,EMR,Eastern Mediterranean,YEAR,2011,,,,,,,,,47 [33-75],47,33,75,,2025-11-11T16:20:50Z,2011,2011-01-01,2011-12-31
7506975,TB_1,COUNTRY,EST,EUR,Europe,YEAR,2023,,,,,,,,,79 [66-97],79,66,97,,2025-11-11T16:20:50Z,2023,2023-01-01,2023-12-31
7508304,TB_1,COUNTRY,NIC,AMR,Americas,YEAR,2004,,,,,,,,,45 [37-55],45,37,55,,2025-11-11T16:20:50Z,2004,2004-01-01,2004-12-31
7510282,TB_1,COUNTRY,SVN,EUR,Europe,YEAR,2010,,,,,,,,,75 [62-93],75,62,93,,2025-11-11T16:20:50Z,2010,2010-01-01,2010-12-31
7513347,TB_1,WORLDBANKINCOMEGROUP,WB_HI,,,YEAR,2008,,,,,,,,,85 [67-110],85,67,110,,2025-11-11T16:20:50Z,2008,2008-01-01,2008-12-31
7514817,TB_1,COUNTRY,NER,AFR,Africa,YEAR,2021,,,,,,,,,65 [34-110],65,34,110,,2025-11-11T16:20:50Z,2021,2021-01-01,2021-12-31
7515379,TB_1,COUNTRY,MAR,EMR,Eastern Mediterranean,YEAR,2024,,,,,,,,,89 [74-110],89,74,110,,2025-11-11T16:20:50Z,2024,2024-01-01,2024-12-31
7517216,TB_1,COUNTRY,LTU,EUR,Europe,YEAR,2011,,,,,,,,,58 [48-72],58,48,72,,2025-11-11T16:20:50Z,2011,2011-01-01,2011-12-31
7517931,TB_1,COUNTRY,BTN,SEAR,South-East Asia,YEAR,2017,,,,,,,,,53 [44-65],53,44,65,,2025-11-11T16:20:50Z,2017,2017-01-01,2017-12-31
7519826,TB_1,COUNTRY,BDI,AFR,Africa,YEAR,2018,,,,,,,,,57 [29-94],57,29,94,,2025-11-11T16:20:50Z,2018,2018-01-01,2018-12-31
7525585,TB_1,COUNTRY,QAT,EMR,Eastern Mediterranean,YEAR,2022,,,,,,,,,76 [63-93],76,63,93,,2025-11-11T16:20:50Z,2022,2022-01-01,2022-12-31
7527811,TB_1,COUNTRY,NOR,EUR,Europe,YEAR,2013,,,,,,,,,86 [71-110],86,71,110,,2025-11-11T16:20:50Z,2013,2013-01-01,2013-12-31
7531991,TB_1,COUNTRY,SVN,EUR,Europe,YEAR,2001,,,,,,,,,70 [58-86],70,58,86,,2025-11-11T16:20:50Z,2001,2001-01-01,2001-12-31
7534610,TB_1,COUNTRY,USA,AMR,Americas,YEAR,2001,,,,,,,,,76 [63-94],76,63,94,,2025-11-11T16:20:50Z,2001,2001-01-01,2001-12-31
7538680,TB_1,COUNTRY,KHM,WPR,Western Pacific,YEAR,2022,,,,,,,,,69 [51-91],69,51,91,,2025-11-11T16:20:50Z,2022,2022-01-01,2022-12-31
7540024,TB_1,COUNTRY,ETH,AFR,Africa,YEAR,2005,,,,,,,,,43 [27-79],43,27,79,,2025-11-11T16:20:50Z,2005,2005-01-01,2005-12-31
7541567,TB_1,COUNTRY,KEN,AFR,Africa,YEAR,2024,,,,,,,,,81 [50-150],81,50,150,,2025-11-11T16:20:50Z,2024,2024-01-01,2024-12-31
7544201,TB_1,COUNTRY,PAK,EMR,Eastern Mediterranean,YEAR,2009,,,,,,,,,49 [34-78],49,34,78,,2025-11-11T16:20:50Z,2009,2009-01-01,2009-12-31
7544589,TB_1,COUNTRY,IDN,WPR,Western Pacific,YEAR,2003,,,,,,,,,21 [19-24],21,19,24,,2025-11-11T16:20:50Z,2003,2003-01-01,2003-12-31
7544642,TB_1,COUNTRY,CAN,AMR,Americas,YEAR,2015,,,,,,,,,90 [75-110],90,75,110,,2025-11-11T16:20:50Z,2015,2015-01-01,2015-12-31
7553947,TB_1,COUNTRY,PAN,AMR,Americas,YEAR,2011,,,,,,,,,69 [57-85],69,57,85,,2025-11-11T16:20:50Z,2011,2011-01-01,2011-12-31
7556948,TB_1,COUNTRY,ERI,AFR,Africa,YEAR,2024,,,,,,,,,43 [36-53],43,36,53,,2025-11-11T16:20:50Z,2024,2024-01-01,2024-12-31
7557856,TB_1,COUNTRY,UKR,EUR,Europe,YEAR,2010,,,,,,,,,54 [44-66],54,44,66,,2025-11-11T16:20:50Z,2010,2010-01-01,2010-12-31
7561348,TB_1,COUNTRY,SLE,AFR,Africa,YEAR,2001,,,,,,,,,17 [8.7-27],17,8.7,27,,2025-11-11T16:20:50Z,2001,2001-01-01,2001-12-31
7564387,TB_1,COUNTRY,NRU,WPR,Western Pacific,YEAR,2015,,,,,,,,,100 [83-120],100,83,120,,2025-11-11T16:20:50Z,2015,2015-01-01,2015-12-31
7565033,TB_1,COUNTRY,DOM,AMR,Americas,YEAR,2023,,,,,,,,,78 [64-95],78,64,95,,2025-11-11T16:20:50Z,2023,2023-01-01,2023-12-31
7565393,TB_1,COUNTRY,TCD,AFR,Africa,YEAR,2008,,,,,,,,,40 [17-73],40,17,73,,2025-11-11T16:20:50Z,2008,2008-01-01,2008-12-31
7570567,TB_1,COUNTRY,SDN,EMR,Eastern Mediterranean,YEAR,2020,,,,,,,,,60 [43-88],60,43,88,,2025-11-11T16:20:50Z,2020,2020-01-01,2020-12-31
7573404,TB_1,COUNTRY,ROU,EUR,Europe,YEAR,2005,,,,,,,,,69 [58-85],69,58,85,,2025-11-11T16:20:50Z,2005,2005-01-01,2005-12-31
7573858,TB_1,COUNTRY,ISL,EUR,Europe,YEAR,2011,,,,,,,,,100 [83-120],100,83,120,,2025-11-11T16:20:50Z,2011,2011-01-01,2011-12-31
7575651,TB_1,COUNTRY,CHE,EUR,Europe,YEAR,2021,,,,,,,,,87 [72-110],87,72,110,,2025-11-11T16:20:50Z,2021,2021-01-01,2021-12-31
7575687,TB_1,COUNTRY,TUR,EUR,Europe,YEAR,2003,,,,,,,,,56 [47-69],56,47,69,,2025-11-11T16:20:50Z,2003,2003-01-01,2003-12-31
7580328,TB_1,COUNTRY,BIH,EUR,Europe,YEAR,2003,,,,,,,,,51 [42-62],51,42,62,,2025-11-11T16:20:50Z,2003,2003-01-01,2003-12-31
7582515,TB_1,COUNTRY,EST,EUR,Europe,YEAR,2021,,,,,,,,,79 [66-97],79,66,97,,2025-11-11T16:20:50Z,2021,2021-01-01,2021-12-31
7596444,TB_1,COUNTRY,ARG,AMR,Americas,YEAR,2005,,,,,,,,,71 [59-87],71,59,87,,2025-11-11T16:20:50Z,2005,2005-01-01,2005-12-31
7596492,TB_1,COUNTRY,FIN,EUR,Europe,YEAR,2024,,,,,,,,,86 [71-110],86,71,110,,2025-11-11T16:20:50Z,2024,2024-01-01,2024-12-31
7596887,TB_1,COUNTRY,TGO,AFR,Africa,YEAR,2019,,,,,,,,,62 [32-100],62,32,100,,2025-11-11T16:20:50Z,2019,2019-01-01,2019-12-31
7599789,TB_1,COUNTRY,BTN,SEAR,South-East Asia,YEAR,2000,,,,,,,,,29 [24-35],29,24,35,,2025-11-11T16:20:50Z,2000,2000-01-01,2000-12-31
7600803,TB_1,COUNTRY,MNG,WPR,Western Pacific,YEAR,2006,,,,,,,,,46 [28-89],46,28,89,,2025-11-11T16:20:50Z,2006,2006-01-01,2006-12-31
7601099,TB_1,COUNTRY,TTO,AMR,Americas,YEAR,2005,,,,,,,,,61 [51-75],61,51,75,,2025-11-11T16:20:50Z,2005,2005-01-01,2005-12-31
7603168,TB_1,COUNTRY,GUY,AMR,Americas,YEAR,2014,,,,,,,,,72 [60-88],72,60,88,,2025-11-11T16:20:50Z,2014,2014-01-01,2014-12-31
7606991,TB_1,COUNTRY,BHR,EMR,Eastern Mediterranean,YEAR,2019,,,,,,,,,76 [63-93],76,63,93,,2025-11-11T16:20:50Z,2019,2019-01-01,2019-12-31
7611253,TB_1,COUNTRY,LBN,EMR,Eastern Mediterranean,YEAR,2024,,,,,,,,,72 [60-89],72,60,89,,2025-11-11T16:20:50Z,2024,2024-01-01,2024-12-31
7612463,TB_1,COUNTRY,MMR,SEAR,South-East Asia,YEAR,2023,,,,,,,,,50 [32-78],50,32,78,,2025-11-11T16:20:50Z,2023,2023-01-01,2023-12-31
7612723,TB_1,COUNTRY,SGP,WPR,Western Pacific,YEAR,2022,,,,,,,,,89 [74-110],89,74,110,,2025-11-11T16:20:50Z,2022,2022-01-01,2022-12-31
7614811,TB_1,COUNTRY,MYS,WPR,Western Pacific,YEAR,2004,,,,,,,,,56 [46-68],56,46,68,,2025-11-11T16:20:50Z,2004,2004-01-01,2004-12-31
7614987,TB_1,REGION,EUR,,,YEAR,2009,,,,,,,,,76 [63-94],76,63,94,,2025-11-11T16:20:50Z,2009,2009-01-01,2009-12-31
7615124,TB_1,COUNTRY,PAK,EMR,Eastern Mediterranean,YEAR,2006,,,,,,,,,36 [25-57],36,25,57,,2025-11-11T16:20:50Z,2006,2006-01-01,2006-12-31
7615587,TB_1,COUNTRY,MAR,EMR,Eastern Mediterranean,YEAR,2000,,,,,,,,,89 [74-110],89,74,110,,2025-11-11T16:20:50Z,2000,2000-01-01,2000-12-31
7618039,TB_1,COUNTRY,ECU,AMR,Americas,YEAR,2024,,,,,,,,,78 [65-96],78,65,96,,2025-11-11T16:20:50Z,2024,2024-01-01,2024-12-31
7622839,TB_1,COUNTRY,FSM,WPR,Western Pacific,YEAR,2009,,,,,,,,,41 [34-50],41,34,50,,2025-11-11T16:20:50Z,2009,2009-01-01,2009-12-31
7625828,TB_1,COUNTRY,GEO,EUR,Europe,YEAR,2001,,,,,,,,,43 [36-53],43,36,53,,2025-11-11T16:20:50Z,2001,2001-01-01,2001-12-31
7625878,TB_1,COUNTRY,MAC,,,YEAR,2005,,,,,,,,,47 [39-58],47,39,58,,2025-11-11T16:20:50Z,2005,2005-01-01,2005-12-31
7625964,TB_1,COUNTRY,LBN,EMR,Eastern Mediterranean,YEAR,2013,,,,,,,,,67 [56-83],67,56,83,,2025-11-11T16:20:50Z,2013,2013-01-01,2013-12-31
7639346,TB_1,COUNTRY,BGD,SEAR,South-East Asia,YEAR,2001,,,,,,,,,25 [19-35],25,19,35,,2025-11-11T16:20:50Z,2001,2001-01-01,2001-12-31
7644517,TB_1,COUNTRY,BGD,SEAR,South-East Asia,YEAR,2000,,,,,,,,,25 [19-35],25,19,35,,2025-11-11T16:20:50Z,2000,2000-01-01,2000-12-31
7650132,TB_1,COUNTRY,AZE,EUR,Europe,YEAR,2008,,,,,,,,,39 [32-48],39,32,48,,2025-11-11T16:20:50Z,2008,2008-01-01,2008-12-31
7651601,TB_1,COUNTRY,KEN,AFR,Africa,YEAR,2017,,,,,,,,,53 [34-97],53,34,97,,2025-11-11T16:20:50Z,2017,2017-01-01,2017-12-31
7656576,TB_1,COUNTRY,LUX,EUR,Europe,YEAR,2013,,,,,,,,,81 [67-99],81,67,99,,2025-11-11T16:20:50Z,2013,2013-01-01,2013-12-31
7660260,TB_1,COUNTRY,GRC,EUR,Europe,YEAR,2022,,,,,,,,,81 [67-100],81,67,100,,2025-11-11T16:20:50Z,2022,2022-01-01,2022-12-31
7660426,TB_1,COUNTRY,LTU,EUR,Europe,YEAR,2003,,,,,,,,,47 [39-57],47,39,57,,2025-11-11T16:20:50Z,2003,2003-01-01,2003-12-31
7660755,TB_1,COUNTRY,MWI,AFR,Africa,YEAR,2021,,,,,,,,,55 [33-110],55,33,110,,2025-11-11T16:20:50Z,2021,2021-01-01,2021-12-31
7661458,TB_1,COUNTRY,AFG,EMR,Eastern Mediterranean,YEAR,2012,,,,,,,,,48 [22-84],48,22,84,,2025-11-11T16:20:50Z,2012,2012-01-01,2012-12-31
7663546,TB_1,COUNTRY,MHL,WPR,Western Pacific,YEAR,2019,,,,,,,,,59 [49-72],59,49,72,,2025-11-11T16:20:50Z,2019,2019-01-01,2019-12-31
7669346,TB_1,COUNTRY,GTM,AMR,Americas,YEAR,2016,,,,,,,,,89 [74-110],89,74,110,,2025-11-11T16:20:50Z,2016,2016-01-01,2016-12-31
7670653,TB_1,COUNTRY,BIH,EUR,Europe,YEAR,2013,,,,,,,,,64 [53-79],64,53,79,,2025-11-11T16:20:50Z,2013,2013-01-01,2013-12-31
7671490,TB_1,COUNTRY,ITA,EUR,Europe,YEAR,2015,,,,,,,,,83 [69-100],83,69,100,,2025-11-11T16:20:50Z,2015,2015-01-01,2015-12-31
7674374,TB_1,COUNTRY,GNB,AFR,Africa,YEAR,2004,,,,,,,,,50 [21-91],50,21,91,,2025-11-11T16:20:50Z,2004,2004-01-01,2004-12-31
7676961,TB_1,COUNTRY,ARE,EMR,Eastern Mediterranean,YEAR,2020,,,,,,,,,77 [64-95],77,64,95,,2025-11-11T16:20:50Z,2020,2020-01-01,2020-12-31
7677230,TB_1,COUNTRY,CPV,AFR,Africa,YEAR,2015,,,,,,,,,67 [56-83],67,56,83,,2025-11-11T16:20:50Z,2015,2015-01-01,2015-12-31
7677672,TB_1,COUNTRY,PAK,EMR,Eastern Mediterranean,YEAR,2021,,,,,,,,,53 [39-74],53,39,74,,2025-11-11T16:20:50Z,2021,2021-01-01,2021-12-31
7678665,TB_1,COUNTRY,ITA,EUR,Europe,YEAR,2003,,,,,,,,,72 [60-88],72,60,88,,2025-11-11T16:20:50Z,2003,2003-01-01,2003-12-31
7680149,TB_1,COUNTRY,NIU,WPR,Western Pacific,YEAR,2020,,,,,,,,,100 [83-120],100,83,120,,2025-11-11T16:20:50Z,2020,2020-01-01,2020-12-31
7680186,TB_1,COUNTRY,DEU,EUR,Europe,YEAR,2009,,,,,,,,,91 [82-100],91,82,100,,2025-11-11T16:20:50Z,2009,2009-01-01,2009-12-31
7681447,TB_1,COUNTRY,CPV,AFR,Africa,YEAR,2016,,,,,,,,,68 [57-84],68,57,84,,2025-11-11T16:20:50Z,2016,2016-01-01,2016-12-31
7682732,TB_1,COUNTRY,LCA,AMR,Americas,YEAR,2019,,,,,,,,,100 [83-120],100,83,120,,2025-11-11T16:20:50Z,2019,2019-01-01,2019-12-31
7688616,TB_1,COUNTRY,PRT,EUR,Europe,YEAR,2024,,,,,,,,,88 [73-110],88,73,110,,2025-11-11T16:20:50Z,2024,2024-01-01,2024-12-31
7691779,TB_1,REGION,AMR,,,YEAR,2010,,,,,,,,,68 [64-73],68,64,73,,2025-11-11T16:20:50Z,2010,2010-01-01,2010-12-31
7692006,TB_1,REGION,EMR,,,YEAR,2006,,,,,,,,,42 [32-56],42,32,56,,2025-11-11T16:20:50Z,2006,2006-01-01,2006-12-31
7692913,TB_1,COUNTRY,KEN,AFR,Africa,YEAR,2005,,,,,,,,,46 [20-180],46,20,180,,2025-11-11T16:20:50Z,2005,2005-01-01,2005-12-31
7697927,TB_1,COUNTRY,HRV,EUR,Europe,YEAR,2010,,,,,,,,,75 [62-93],75,62,93,,2025-11-11T16:20:50Z,2010,2010-01-01,2010-12-31
7698090,TB_1,COUNTRY,KEN,AFR,Africa,YEAR,2003,,,,,,,,,46 [21-170],46,21,170,,2025-11-11T16:20:50Z,2003,2003-01-01,2003-12-31
7700962,TB_1,COUNTRY,DOM,AMR,Americas,YEAR,2014,,,,,,,,,72 [59-88],72,59,88,,2025-11-11T16:20:50Z,2014,2014-01-01,2014-12-31
7701661,TB_1,COUNTRY,FSM,WPR,Western Pacific,YEAR,2023,,,,,,,,,47 [39-58],47,39,58,,2025-11-11T16:20:50Z,2023,2023-01-01,2023-12-31
7702269,TB_1,COUNTRY,BRA,AMR,Americas,YEAR,2011,,,,,,,,,92 [76-110],92,76,110,,2025-11-11T16:20:50Z,2011,2011-01-01,2011-12-31
7707509,TB_1,COUNTRY,ALB,EUR,Europe,YEAR,2008,,,,,,,,,89 [74-110],89,74,110,,2025-11-11T16:20:50Z,2008,2008-01-01,2008-12-31
7708819,TB_1,COUNTRY,BRN,WPR,Western Pacific,YEAR,2009,,,,,,,,,66 [54-81],66,54,81,,2025-11-11T16:20:50Z,2009,2009-01-01,2009-12-31
7710359,TB_1,COUNTRY,KHM,WPR,Western Pacific,YEAR,2010,,,,,,,,,63 [47-86],63,47,86,,2025-11-11T16:20:50Z,2010,2010-01-01,2010-12-31
7713214,TB_1,COUNTRY,EST,EUR,Europe,YEAR,2005,,,,,,,,,56 [46-68],56,46,68,,2025-11-11T16:20:50Z,2005,2005-01-01,2005-12-31
7714374,TB_1,COUNTRY,SGP,WPR,Western Pacific,YEAR,2005,,,,,,,,,64 [53-78],64,53,78,,2025-11-11T16:20:50Z,2005,2005-01-01,2005-12-31
7714776,TB_1,COUNTRY,CHL,AMR,Americas,YEAR,2012,,,,,,,,,76 [63-93],76,63,93,,2025-11-11T16:20:50Z,2012,2012-01-01,2012-12-31
7715276,TB_1,COUNTRY,CMR,AFR,Africa,YEAR,2010,,,,,,,,,45 [21-78],45,21,78,,2025-11-11T16:20:50Z,2010,2010-01-01,2010-12-31
7717257,TB_1,COUNTRY,PAN,AMR,Americas,YEAR,2017,,,,,,,,,76 [63-93],76,63,93,,2025-11-11T16:20:50Z,2017,2017-01-01,2017-12-31
7718208,TB_1,COUNTRY,SVN,EUR,Europe,YEAR,2006,,,,,,,,,71 [59-87],71,59,87,,2025-11-11T16:20:50Z,2006,2006-01-01,2006-12-31
7718925,TB_1,COUNTRY,LKA,SEAR,South-East Asia,YEAR,2015,,,,,,,,,61 [33-98],61,33,98,,2025-11-11T16:20:50Z,2015,2015-01-01,2015-12-31
7719024,TB_1,COUNTRY,BEL,EUR,Europe,YEAR,2016,,,,,,,,,87 [72-110],87,72,110,,2025-11-11T16:20:50Z,2016,2016-01-01,2016-12-31
7719811,TB_1,COUNTRY,BLZ,AMR,Americas,YEAR,2019,,,,,,,,,68 [56-83],68,56,83,,2025-11-11T16:20:50Z,2019,2019-01-01,2019-12-31
7721632,TB_1,COUNTRY,MWI,AFR,Africa,YEAR,2006,,,,,,,,,48 [17-460],48,17,460,,2025-11-11T16:20:50Z,2006,2006-01-01,2006-12-31
7722432,TB_1,COUNTRY,BEL,EUR,Europe,YEAR,2019,,,,,,,,,88 [73-110],88,73,110,,2025-11-11T16:20:50Z,2019,2019-01-01,2019-12-31
7722708,TB_1,COUNTRY,BRA,AMR,Americas,YEAR,2024,,,,,,,,,89 [72-110],89,72,110,,2025-11-11T16:20:50Z,2024,2024-01-01,2024-12-31
7723807,TB_1,COUNTRY,DJI,EMR,Eastern Mediterranean,YEAR,2007,,,,,,,,,28 [23-34],28,23,34,,2025-11-11T16:20:50Z,2007,2007-01-01,2007-12-31
7726030,TB_1,COUNTRY,NOR,EUR,Europe,YEAR,2008,,,,,,,,,83 [69-100],83,69,100,,2025-11-11T16:20:50Z,2008,2008-01-01,2008-12-31
7726477,TB_1,COUNTRY,ESP,EUR,Europe,YEAR,2018,,,,,,,,,86 [71-110],86,71,110,,2025-11-11T16:20:50Z,2018,2018-01-01,2018-12-31
7728692,TB_1,COUNTRY,DEU,EUR,Europe,YEAR,2022,,,,,,,,,91 [82-100],91,82,100,,2025-11-11T16:20:50Z,2022,2022-01-01,2022-12-31
7731799,TB_1,COUNTRY,KAZ,EUR,Europe,YEAR,2014,,,,,,,,,99 [82-120],99,82,120,,2025-11-11T16:20:50Z,2014,2014-01-01,2014-12-31
7732181,TB_1,COUNTRY,ARM,EUR,Europe,YEAR,2019,,,,,,,,,68 [57-84],68,57,84,,2025-11-11T16:20:50Z,2019,2019-01-01,2019-12-31
7734279,TB_1,COUNTRY,GIN,AFR,Africa,YEAR,2003,,,,,,,,,50 [20-93],50,20,93,,2025-11-11T16:20:50Z,2003,2003-01-01,2003-12-31
7735866,TB_1,COUNTRY,ALB,EUR,Europe,YEAR,2009,,,,,,,,,89 [74-110],89,74,110,,2025-11-11T16:20:50Z,2009,2009-01-01,2009-12-31
7736137,TB_1,COUNTRY,JOR,EMR,Eastern Mediterranean,YEAR,2008,,,,,,,,,67 [56-83],67,56,83,,2025-11-11T16:20:50Z,2008,2008-01-01,2008-12-31
7736267,TB_1,COUNTRY,FSM,WPR,Western Pacific,YEAR,2015,,,,,,,,,45 [37-55],45,37,55,,2025-11-11T16:20:50Z,2015,2015-01-01,2015-12-31
7737218,TB_1,COUNTRY,ZMB,AFR,Africa,YEAR,2024,,,,,,,,,81 [55-130],81,55,130,,2025-11-11T16:20:50Z,2024,2024-01-01,2024-12-31
7741290,TB_1,COUNTRY,EGY,EMR,Eastern Mediterranean,YEAR,2024,,,,,,,,,91 [74-110],91,74,110,,2025-11-11T16:20:50Z,2024,2024-01-01,2024-12-31
7741951,TB_1,COUNTRY,LVA,EUR,Europe,YEAR,2017,,,,,,,,,73 [60-90],73,60,90,,2025-11-11T16:20:50Z,2017,2017-01-01,2017-12-31
7744001,TB_1,COUNTRY,DJI,EMR,Eastern Mediterranean,YEAR,2001,,,,,,,,,21 [17-25],21,17,25,,2025-11-11T16:20:50Z,2001,2001-01-01,2001-12-31
7751199,TB_1,COUNTRY,MNE,EUR,Europe,YEAR,2017,,,,,,,,,70 [58-86],70,58,86,,2025-11-11T16:20:50Z,2017,2017-01-01,2017-12-31
7756232,TB_1,COUNTRY,CHE,EUR,Europe,YEAR,2013,,,,,,,,,83 [69-100],83,69,100,,2025-11-11T16:20:50Z,2013,2013-01-01,2013-12-31
7756661,TB_1,COUNTRY,NZL,WPR,Western Pacific,YEAR,2023,,,,,,,,,85 [71-100],85,71,100,,2025-11-11T16:20:50Z,2023,2023-01-01,2023-12-31
7759446,TB_1,REGION,EMR,,,YEAR,2021,,,,,,,,,56 [45-73],56,45,73,,2025-11-11T16:20:50Z,2021,2021-01-01,2021-12-31
7759875,TB_1,COUNTRY,BTN,SEAR,South-East Asia,YEAR,2005,,,,,,,,,30 [25-37],30,25,37,,2025-11-11T16:20:50Z,2005,2005-01-01,2005-12-31
7762247,TB_1,COUNTRY,PNG,WPR,Western Pacific,YEAR,2004,,,,,,,,,27 [3.2-69],27,3.2,69,,2025-11-11T16:20:50Z,2004,2004-01-01,2004-12-31
7766607,TB_1,COUNTRY,THA,SEAR,South-East Asia,YEAR,2008,,,,,,,,,42 [23-100],42,23,100,,2025-11-11T16:20:50Z,2008,2008-01-01,2008-12-31
7768442,TB_1,COUNTRY,DMA,AMR,Americas,YEAR,2009,,,,,,,,,100 [83-120],100,83,120,,2025-11-11T16:20:50Z,2009,2009-01-01,2009-12-31
7770157,TB_1,COUNTRY,BRA,AMR,Americas,YEAR,2007,,,,,,,,,92 [76-110],92,76,110,,2025-11-11T16:20:50Z,2007,2007-01-01,2007-12-31
7771815,TB_1,COUNTRY,LSO,AFR,Africa,YEAR,2022,,,,,,,,,40 [27-68],40,27,68,,2025-11-11T16:20:50Z,2022,2022-01-01,2022-12-31
7771904,TB_1,COUNTRY,ARG,AMR,Americas,YEAR,2004,,,,,,,,,70 [58-86],70,58,86,,2025-11-11T16:20:50Z,2004,2004-01-01,2004-12-31
7771911,TB_1,COUNTRY,AFG,EMR,Eastern Mediterranean,YEAR,2016,,,,,,,,,59 [30-98],59,30,98,,2025-11-11T16:20:50Z,2016,2016-01-01,2016-12-31
7773352,TB_1,WORLDBANKINCOMEGROUP,WB_UMI,,,YEAR,2001,,,,,,,,,33 [30-37],33,30,37,,2025-11-11T16:20:50Z,2001,2001-01-01,2001-12-31
7775352,TB_1,COUNTRY,AGO,AFR,Africa,YEAR,2005,,,,,,,,,39 [17-70],39,17,70,,2025-11-11T16:20:50Z,2005,2005-01-01,2005-12-31
7782008,TB_1,COUNTRY,SGP,WPR,Western Pacific,YEAR,2011,,,,,,,,,80 [67-99],80,67,99,,2025-11-11T16:20:50Z,2011,2011-01-01,2011-12-31
7788191,TB_1,COUNTRY,TCD,AFR,Africa,YEAR,2016,,,,,,,,,47 [23-80],47,23,80,,2025-11-11T16:20:50Z,2016,2016-01-01,2016-12-31
7788252,TB_1,COUNTRY,CHE,EUR,Europe,YEAR,2001,,,,,,,,,73 [61-90],73,61,90,,2025-11-11T16:20:50Z,2001,2001-01-01,2001-12-31
7790452,TB_1,COUNTRY,CHL,AMR,Americas,YEAR,2023,,,,,,,,,82 [68-100],82,68,100,,2025-11-11T16:20:50Z,2023,2023-01-01,2023-12-31
7794945,TB_1,COUNTRY,ISR,EUR,Europe,YEAR,2009,,,,,,,,,78 [65-96],78,65,96,,2025-11-11T16:20:50Z,2009,2009-01-01,2009-12-31
7795689,TB_1,COUNTRY,ECU,AMR,Americas,YEAR,2011,,,,,,,,,67 [55-82],67,55,82,,2025-11-11T16:20:50Z,2011,2011-01-01,2011-12-31
7796404,TB_1,COUNTRY,MAR,EMR,Eastern Mediterranean,YEAR,2022,,,,,,,,,89 [74-110],89,74,110,,2025-11-11T16:20:50Z,2022,2022-01-01,2022-12-31
7800486,TB_1,COUNTRY,KIR,WPR,Western Pacific,YEAR,2001,,,,,,,,,23 [19-28],23,19,28,,2025-11-11T16:20:50Z,2001,2001-01-01,2001-12-31
7800684,TB_1,COUNTRY,MDA,EUR,Europe,YEAR,2019,,,,,,,,,99 [82-120],99,82,120,,2025-11-11T16:20:50Z,2019,2019-01-01,2019-12-31
7805055,TB_1,COUNTRY,TUV,WPR,Western Pacific,YEAR,2008,,,,,,,,,100 [83-120],100,83,120,,2025-11-11T16:20:50Z,2008,2008-01-01,2008-12-31
7806696,TB_1,COUNTRY,KWT,EMR,Eastern Mediterranean,YEAR,2001,,,,,,,,,74 [61-91],74,61,91,,2025-11-11T16:20:50Z,2001,2001-01-01,2001-12-31
7809256,TB_1,COUNTRY,PAK,EMR,Eastern Mediterranean,YEAR,2017,,,,,,,,,60 [45-86],60,45,86,,2025-11-11T16:20:50Z,2017,2017-01-01,2017-12-31
7809429,TB_1,COUNTRY,MHL,WPR,Western Pacific,YEAR,2002,,,,,,,,,37 [30-45],37,30,45,,2025-11-11T16:20:50Z,2002,2002-01-01,2002-12-31
7809573,TB_1,COUNTRY,ESP,EUR,Europe,YEAR,2009,,,,,,,,,76 [63-94],76,63,94,,2025-11-11T16:20:50Z,2009,2009-01-01,2009-12-31
7811065,TB_1,COUNTRY,TTO,AMR,Americas,YEAR,2019,,,,,,,,,76 [63-93],76,63,93,,2025-11-11T16:20:50Z,2019,2019-01-01,2019-12-31
7816885,TB_1,COUNTRY,COM,AFR,Africa,YEAR,2021,,,,,,,,,51 [27-83],51,27,83,,2025-11-11T16:20:50Z,2021,2021-01-01,2021-12-31
7817536,TB_1,COUNTRY,ESP,EUR,Europe,YEAR,2011,,,,,,,,,79 [65-97],79,65,97,,2025-11-11T16:20:50Z,2011,2011-01-01,2011-12-31
7819412,TB_1,COUNTRY,AUT,EUR,Europe,YEAR,2012,,,,,,,,,82 [68-100],82,68,100,,2025-11-11T16:20:50Z,2012,2012-01-01,2012-12-31
7819901,TB_1,REGION,AMR,,,YEAR,2016,,,,,,,,,77 [71-82],77,71,82,,2025-11-11T16:20:50Z,2016,2016-01-01,2016-12-31
7823255,TB_1,COUNTRY,HTI,AMR,Americas,YEAR,2000,,,,,,,,,22 [18-27],22,18,27,,2025-11-11T16:20:50Z,2000,2000-01-01,2000-12-31
7825944,TB_1,REGION,AMR,,,YEAR,2009,,,,,,,,,67 [63-72],67,63,72,,2025-11-11T16:20:50Z,2009,2009-01-01,2009-12-31
7826605,TB_1,COUNTRY,COD,AFR,Africa,YEAR,2021,,,,,,,,,54 [28-88],54,28,88,,2025-11-11T16:20:50Z,2021,2021-01-01,2021-12-31
7826613,TB_1,COUNTRY,FJI,WPR,Western Pacific,YEAR,2019,,,,,,,,,58 [48-71],58,48,71,,2025-11-11T16:20:50Z,2019,2019-01-01,2019-12-31
7828324,TB_1,REGION,WPR,,,YEAR,2005,,,,,,,,,51 [45-59],51,45,59,,2025-11-11T16:20:50Z,2005,2005-01-01,2005-12-31
7830507,TB_1,COUNTRY,DZA,AFR,Africa,YEAR,2002,,,,,,,,,53 [44-66],53,44,66,,2025-11-11T16:20:50Z,2002,2002-01-01,2002-12-31
7831137,TB_1,COUNTRY,FSM,WPR,Western Pacific,YEAR,2004,,,,,,,,,32 [26-39],32,26,39,,2025-11-11T16:20:50Z,2004,2004-01-01,2004-12-31
7831938,TB_1,COUNTRY,GAB,AFR,Africa,YEAR,2012,,,,,,,,,55 [27-92],55,27,92,,2025-11-11T16:20:50Z,2012,2012-01-01,2012-12-31
7836290,TB_1,COUNTRY,JAM,AMR,Americas,YEAR,2020,,,,,,,,,75 [62-92],75,62,92,,2025-11-11T16:20:50Z,2020,2020-01-01,2020-12-31
7838473,TB_1,COUNTRY,FJI,WPR,Western Pacific,YEAR,2018,,,,,,,,,57 [48-71],57,48,71,,2025-11-11T16:20:50Z,2018,2018-01-01,2018-12-31
7840268,TB_1,COUNTRY,ERI,AFR,Africa,YEAR,2015,,,,,,,,,43 [35-52],43,35,52,,2025-11-11T16:20:50Z,2015,2015-01-01,2015-12-31
7846532,TB_1,COUNTRY,PNG,WPR,Western Pacific,YEAR,2000,,,,,,,,,18 [0.81-61],18,0.81,61,,2025-11-11T16:20:50Z,2000,2000-01-01,2000-12-31
7849946,TB_1,COUNTRY,JAM,AMR,Americas,YEAR,2023,,,,,,,,,74 [62-91],74,62,91,,2025-11-11T16:20:50Z,2023,2023-01-01,2023-12-31
7855729,TB_1,COUNTRY,DMA,AMR,Americas,YEAR,2010,,,,,,,,,100 [83-120],100,83,120,,2025-11-11T16:20:50Z,2010,2010-01-01,2010-12-31
7856801,TB_1,COUNTRY,BRB,AMR,Americas,YEAR,2020,,,,,,,,,100 [83-120],100,83,120,,2025-11-11T16:20:50Z,2020,2020-01-01,2020-12-31
7860758,TB_1,COUNTRY,HRV,EUR,Europe,YEAR,2009,,,,,,,,,75 [62-92],75,62,92,,2025-11-11T16:20:50Z,2009,2009-01-01,2009-12-31
7863124,TB_1,COUNTRY,MMR,SEAR,South-East Asia,YEAR,2020,,,,,,,,,62 [44-93],62,44,93,,2025-11-11T16:20:50Z,2020,2020-01-01,2020-12-31
7865465,TB_1,COUNTRY,SLB,WPR,Western Pacific,YEAR,2008,,,,,,,,,32 [26-39],32,26,39,,2025-11-11T16:20:50Z,2008,2008-01-01,2008-12-31
7870787,TB_1,COUNTRY,TCD,AFR,Africa,YEAR,2013,,,,,,,,,49 [22-87],49,22,87,,2025-11-11T16:20:50Z,2013,2013-01-01,2013-12-31
7873335,TB_1,COUNTRY,LBN,EMR,Eastern Mediterranean,YEAR,2004,,,,,,,,,57 [47-69],57,47,69,,2025-11-11T16:20:50Z,2004,2004-01-01,2004-12-31
7873892,TB_1,COUNTRY,LUX,EUR,Europe,YEAR,2007,,,,,,,,,75 [62-92],75,62,92,,2025-11-11T16:20:50Z,2007,2007-01-01,2007-12-31
7874743,TB_1,COUNTRY,AND,EUR,Europe,YEAR,2007,,,,,,,,,100 [83-120],100,83,120,,2025-11-11T16:20:50Z,2007,2007-01-01,2007-12-31
7875610,TB_1,COUNTRY,TUV,WPR,Western Pacific,YEAR,2015,,,,,,,,,100 [83-120],100,83,120,,2025-11-11T16:20:50Z,2015,2015-01-01,2015-12-31
7875627,TB_1,REGION,AMR,,,YEAR,2007,,,,,,,,,63 [59-68],63,59,68,,2025-11-11T16:20:50Z,2007,2007-01-01,2007-12-31
7877307,TB_1,COUNTRY,ARM,EUR,Europe,YEAR,2006,,,,,,,,,48 [40-59],48,40,59,,2025-11-11T16:20:50Z,2006,2006-01-01,2006-12-31
7878095,TB_1,COUNTRY,BOL,AMR,Americas,YEAR,2006,,,,,,,,,34 [28-42],34,28,42,,2025-11-11T16:20:50Z,2006,2006-01-01,2006-12-31
7879245,TB_1,COUNTRY,BWA,AFR,Africa,YEAR,2017,,,,,,,,,63 [32-100],63,32,100,,2025-11-11T16:20:50Z,2017,2017-01-01,2017-12-31
7880179,TB_1,COUNTRY,MDA,EUR,Europe,YEAR,2002,,,,,,,,,99 [82-120],99,82,120,,2025-11-11T16:20:50Z,2002,2002-01-01,2002-12-31
7886436,TB_1,COUNTRY,IRL,EUR,Europe,YEAR,2005,,,,,,,,,75 [62-92],75,62,92,,2025-11-11T16:20:50Z,2005,2005-01-01,2005-12-31
7888999,TB_1,COUNTRY,IND,SEAR,South-East Asia,YEAR,2008,,,,,,,,,38 [20-98],38,20,98,,2025-11-11T16:20:50Z,2008,2008-01-01,2008-12-31
7889068,TB_1,COUNTRY,IRN,EMR,Eastern Mediterranean,YEAR,2018,,,,,,,,,70 [58-87],70,58,87,,2025-11-11T16:20:50Z,2018,2018-01-01,2018-12-31
7892838,TB_1,COUNTRY,NPL,SEAR,South-East Asia,YEAR,2000,,,,,,,,,29 [18-51],29,18,51,,2025-11-11T16:20:50Z,2000,2000-01-01,2000-12-31
7893262,TB_1,COUNTRY,COG,AFR,Africa,YEAR,2005,,,,,,,,,55 [24-99],55,24,99,,2025-11-11T16:20:50Z,2005,2005-01-01,2005-12-31
7893645,TB_1,COUNTRY,MHL,WPR,Western Pacific,YEAR,2005,,,,,,,,,39 [32-48],39,32,48,,2025-11-11T16:20:50Z,2005,2005-01-01,2005-12-31
7894516,TB_1,COUNTRY,GAB,AFR,Africa,YEAR,2013,,,,,,,,,55 [28-93],55,28,93,,2025-11-11T16:20:50Z,2013,2013-01-01,2013-12-31
7894943,TB_1,REGION,SEAR,,,YEAR,2001,,,,,,,,,30 [17-66],30,17,66,,2025-11-11T16:20:50Z,2001,2001-01-01,2001-12-31
7896933,TB_1,COUNTRY,JAM,AMR,Americas,YEAR,2021,,,,,,,,,74 [62-91],74,62,91,,2025-11-11T16:20:50Z,2021,2021-01-01,2021-12-31
7898497,TB_1,COUNTRY,BOL,AMR,Americas,YEAR,2002,,,,,,,,,32 [26-39],32,26,39,,2025-11-11T16:20:50Z,2002,2002-01-01,2002-12-31
7902309,TB_1,COUNTRY,AFG,EMR,Eastern Mediterranean,YEAR,2022,,,,,,,,,62 [32-110],62,32,110,,2025-11-11T16:20:50Z,2022,2022-01-01,2022-12-31
7902520,TB_1,COUNTRY,PER,AMR,Americas,YEAR,2023,,,,,,,,,63 [39-82],63,39,82,,2025-11-11T16:20:50Z,2023,2023-01-01,2023-12-31
7905178,TB_1,COUNTRY,FIN,EUR,Europe,YEAR,2001,,,,,,,,,74 [61-91],74,61,91,,2025-11-11T16:20:50Z,2001,2001-01-01,2001-12-31
7906642,TB_1,COUNTRY,ARG,AMR,Americas,YEAR,2008,,,,,,,,,73 [61-90],73,61,90,,2025-11-11T16:20:50Z,2008,2008-01-01,2008-12-31
7909215,TB_1,COUNTRY,SLE,AFR,Africa,YEAR,2019,,,,,,,,,56 [29-91],56,29,91,,2025-11-11T16:20:50Z,2019,2019-01-01,2019-12-31
7911379,TB_1,COUNTRY,LCA,AMR,Americas,YEAR,2023,,,,,,,,,100 [83-120],100,83,120,,2025-11-11T16:20:50Z,2023,2023-01-01,2023-12-31
7911653,TB_1,COUNTRY,ROU,EUR,Europe,YEAR,2014,,,,,,,,,75 [62-93],75,62,93,,2025-11-11T16:20:50Z,2014,2014-01-01,2014-12-31
7913636,TB_1,COUNTRY,MOZ,AFR,Africa,YEAR,2013,,,,,,,,,59 [40-95],59,40,95,,2025-11-11T16:20:50Z,2013,2013-01-01,2013-12-31
7914216,TB_1,COUNTRY,BWA,AFR,Africa,YEAR,2021,,,,,,,,,41 [21-67],41,21,67,,2025-11-11T16:20:50Z,2021,2021-01-01,2021-12-31
7914244,TB_1,COUNTRY,SRB,EUR,Europe,YEAR,2013,,,,,,,,,67 [55-82],67,55,82,,2025-11-11T16:20:50Z,2013,2013-01-01,2013-12-31
7926989,TB_1,WORLDBANKINCOMEGROUP,WB_HI,,,YEAR,2023,,,,,,,,,89 [76-110],89,76,110,,2025-11-11T16:20:50Z,2023,2023-01-01,2023-12-31
7930324,TB_1,COUNTRY,SLV,AMR,Americas,YEAR,2019,,,,,,,,,77 [64-94],77,64,94,,2025-11-11T16:20:50Z,2019,2019-01-01,2019-12-31
7934281,TB_1,COUNTRY,BFA,AFR,Africa,YEAR,2009,,,,,,,,,39 [20-63],39,20,63,,2025-11-11T16:20:50Z,2009,2009-01-01,2009-12-31
7936285,TB_1,COUNTRY,FRA,EUR,Europe,YEAR,2012,,,,,,,,,83 [79-86],83,79,86,,2025-11-11T16:20:50Z,2012,2012-01-01,2012-12-31
7936963,TB_1,COUNTRY,BEN,AFR,Africa,YEAR,2003,,,,,,,,,46 [19-86],46,19,86,,2025-11-11T16:20:50Z,2003,2003-01-01,2003-12-31
7937357,TB_1,COUNTRY,DOM,AMR,Americas,YEAR,2022,,,,,,,,,75 [62-92],75,62,92,,2025-11-11T16:20:50Z,2022,2022-01-01,2022-12-31
7941539,TB_1,COUNTRY,QAT,EMR,Eastern Mediterranean,YEAR,2010,,,,,,,,,63 [52-77],63,52,77,,2025-11-11T16:20:50Z,2010,2010-01-01,2010-12-31
7943370,TB_1,COUNTRY,MLI,AFR,Africa,YEAR,2012,,,,,,,,,47 [22-81],47,22,81,,2025-11-11T16:20:50Z,2012,2012-01-01,2012-12-31
7948507,TB_1,COUNTRY,BRN,WPR,Western Pacific,YEAR,2017,,,,,,,,,78 [64-95],78,64,95,,2025-11-11T16:20:50Z,2017,2017-01-01,2017-12-31
7952812,TB_1,COUNTRY,ISL,EUR,Europe,YEAR,2018,,,,,,,,,100 [83-120],100,83,120,,2025-11-11T16:20:50Z,2018,2018-01-01,2018-12-31
7954053,TB_1,COUNTRY,COM,AFR,Africa,YEAR,2018,,,,,,,,,40 [21-66],40,21,66,,2025-11-11T16:20:50Z,2018,2018-01-01,2018-12-31
7954987,TB_1,COUNTRY,EGY,EMR,Eastern Mediterranean,YEAR,2014,,,,,,,,,55 [44-70],55,44,70,,2025-11-11T16:20:50Z,2014,2014-01-01,2014-12-31
7956993,TB_1,COUNTRY,MRT,AFR,Africa,YEAR,2014,,,,,,,,,56 [27-96],56,27,96,,2025-11-11T16:20:50Z,2014,2014-01-01,2014-12-31
7957461,TB_1,COUNTRY,SYC,AFR,Africa,YEAR,2024,,,,,,,,,100 [83-120],100,83,120,,2025-11-11T16:20:50Z,2024,2024-01-01,2024-12-31
7958128,TB_1,COUNTRY,LBY,EMR,Eastern Mediterranean,YEAR,2017,,,,,,,,,59 [32-94],59,32,94,,2025-11-11T16:20:50Z,2017,2017-01-01,2017-12-31
7958665,TB_1,COUNTRY,MLT,EUR,Europe,YEAR,2012,,,,,,,,,100 [83-120],100,83,120,,2025-11-11T16:20:50Z,2012,2012-01-01,2012-12-31
7959423,TB_1,COUNTRY,RWA,AFR,Africa,YEAR,2011,,,,,,,,,82 [62-110],82,62,110,,2025-11-11T16:20:50Z,2011,2011-01-01,2011-12-31
7959965,TB_1,COUNTRY,ALB,EUR,Europe,YEAR,2002,,,,,,,,,89 [74-110],89,74,110,,2025-11-11T16:20:50Z,2002,2002-01-01,2002-12-31
7964489,TB_1,COUNTRY,GNQ,AFR,Africa,YEAR,2014,,,,,,,,,34 [18-56],34,18,56,,2025-11-11T16:20:50Z,2014,2014-01-01,2014-12-31
7967008,TB_1,COUNTRY,IRQ,EMR,Eastern Mediterranean,YEAR,2008,,,,,,,,,66 [54-82],66,54,82,,2025-11-11T16:20:50Z,2008,2008-01-01,2008-12-31
7970914,TB_1,REGION,AFR,,,YEAR,2010,,,,,,,,,46 [38-56],46,38,56,,2025-11-11T16:20:50Z,2010,2010-01-01,2010-12-31
7973714,TB_1,COUNTRY,LBY,EMR,Eastern Mediterranean,YEAR,2012,,,,,,,,,66 [35-110],66,35,110,,2025-11-11T16:20:50Z,2012,2012-01-01,2012-12-31
7979554,TB_1,COUNTRY,SWE,EUR,Europe,YEAR,2005,,,,,,,,,74 [61-91],74,61,91,,2025-11-11T16:20:50Z,2005,2005-01-01,2005-12-31
7979802,TB_1,COUNTRY,SVK,EUR,Europe,YEAR,2002,,,,,,,,,63 [52-78],63,52,78,,2025-11-11T16:20:50Z,2002,2002-01-01,2002-12-31
7981387,TB_1,COUNTRY,COM,AFR,Africa,YEAR,2000,,,,,,,,,44 [18-83],44,18,83,,2025-11-11T16:20:50Z,2000,2000-01-01,2000-12-31
7982454,TB_1,COUNTRY,PLW,WPR,Western Pacific,YEAR,2017,,,,,,,,,100 [83-120],100,83,120,,2025-11-11T16:20:50Z,2017,2017-01-01,2017-12-31
7983634,TB_1,COUNTRY,JOR,EMR,Eastern Mediterranean,YEAR,2007,,,,,,,,,66 [55-82],66,55,82,,2025-11-11T16:20:50Z,2007,2007-01-01,2007-12-31
7985696,TB_1,COUNTRY,COM,AFR,Africa,YEAR,2022,,,,,,,,,43 [22-70],43,22,70,,2025-11-11T16:20:50Z,2022,2022-01-01,2022-12-31
7985814,TB_1,COUNTRY,USA,AMR,Americas,YEAR,2023,,,,,,,,,86 [71-110],86,71,110,,2025-11-11T16:20:50Z,2023,2023-01-01,2023-12-31
7987741,TB_1,COUNTRY,MUS,AFR,Africa,YEAR,2016,,,,,,,,,64 [53-79],64,53,79,,2025-11-11T16:20:50Z,2016,2016-01-01,2016-12-31
7988144,TB_1,COUNTRY,FSM,WPR,Western Pacific,YEAR,2018,,,,,,,,,47 [39-58],47,39,58,,2025-11-11T16:20:50Z,2018,2018-01-01,2018-12-31
7988752,TB_1,COUNTRY,JAM,AMR,Americas,YEAR,2010,,,,,,,,,62 [52-77],62,52,77,,2025-11-11T16:20:50Z,2010,2010-01-01,2010-12-31
7990573,TB_1,COUNTRY,VEN,AMR,Americas,YEAR,2008,,,,,,,,,61 [51-75],61,51,75,,2025-11-11T16:20:50Z,2008,2008-01-01,2008-12-31
7991603,TB_1,COUNTRY,ZAF,AFR,Africa,YEAR,2012,,,,,,,,,52 [30-110],52,30,110,,2025-11-11T16:20:50Z,2012,2012-01-01,2012-12-31
7992124,TB_1,GLOBAL,GLOBAL,,,YEAR,2011,,,,,,,,,50 [42-60],50,42,60,,2025-11-11T16:20:50Z,2011,2011-01-01,2011-12-31
7995011,TB_1,COUNTRY,AGO,AFR,Africa,YEAR,2006,,,,,,,,,50 [22-88],50,22,88,,2025-11-11T16:20:50Z,2006,2006-01-01,2006-12-31
7996625,TB_1,COUNTRY,MYS,WPR,Western Pacific,YEAR,2002,,,,,,,,,49 [41-61],49,41,61,,2025-11-11T16:20:50Z,2002,2002-01-01,2002-12-31
7998041,TB_1,COUNTRY,PER,AMR,Americas,YEAR,2009,,,,,,,,,64 [53-79],64,53,79,,2025-11-11T16:20:50Z,2009,2009-01-01,2009-12-31
7999134,TB_1,COUNTRY,KNA,AMR,Americas,YEAR,2020,,,,,,,,,100 [83-120],100,83,120,,2025-11-11T16:20:50Z,2020,2020-01-01,2020-12-31
8003943,TB_1,COUNTRY,PHL,WPR,Western Pacific,YEAR,2006,,,,,,,,,31 [20-55],31,20,55,,2025-11-11T16:20:50Z,2006,2006-01-01,2006-12-31
8005077,TB_1,COUNTRY,COM,AFR,Africa,YEAR,2012,,,,,,,,,41 [20-70],41,20,70,,2025-11-11T16:20:50Z,2012,2012-01-01,2012-12-31
8008149,TB_1,COUNTRY,GHA,AFR,Africa,YEAR,2011,,,,,,,,,33 [18-83],33,18,83,,2025-11-11T16:20:50Z,2011,2011-01-01,2011-12-31
8011317,TB_1,COUNTRY,HTI,AMR,Americas,YEAR,2007,,,,,,,,,31 [26-38],31,26,38,,2025-11-11T16:20:50Z,2007,2007-01-01,2007-12-31
8011652,TB_1,COUNTRY,NIC,AMR,Americas,YEAR,2017,,,,,,,,,71 [59-87],71,59,87,,2025-11-11T16:20:50Z,2017,2017-01-01,2017-12-31
8016110,TB_1,COUNTRY,SWE,EUR,Europe,YEAR,2011,,,,,,,,,81 [67-100],81,67,100,,2025-11-11T16:20:50Z,2011,2011-01-01,2011-12-31
8016406,TB_1,COUNTRY,CYP,EUR,Europe,YEAR,2023,,,,,,,,,81 [67-100],81,67,100,,2025-11-11T16:20:50Z,2023,2023-01-01,2023-12-31
8019519,TB_1,COUNTRY,LAO,WPR,Western Pacific,YEAR,2013,,,,,,,,,32 [20-56],32,20,56,,2025-11-11T16:20:50Z,2013,2013-01-01,2013-12-31
8027969,TB_1,COUNTRY,MLT,EUR,Europe,YEAR,2017,,,,,,,,,100 [83-120],100,83,120,,2025-11-11T16:20:50Z,2017,2017-01-01,2017-12-31
8029989,TB_1,COUNTRY,MDA,EUR,Europe,YEAR,2000,,,,,,,,,99 [82-120],99,82,120,,2025-11-11T16:20:50Z,2000,2000-01-01,2000-12-31
8033512,TB_1,COUNTRY,CRI,AMR,Americas,YEAR,2002,,,,,,,,,63 [52-77],63,52,77,,2025-11-11T16:20:50Z,2002,2002-01-01,2002-12-31
8033734,TB_1,COUNTRY,AGO,AFR,Africa,YEAR,2003,,,,,,,,,46 [19-84],46,19,84,,2025-11-11T16:20:50Z,2003,2003-01-01,2003-12-31
8034971,TB_1,COUNTRY,MDG,AFR,Africa,YEAR,2009,,,,,,,,,45 [20-80],45,20,80,,2025-11-11T16:20:50Z,2009,2009-01-01,2009-12-31
8036916,TB_1,COUNTRY,LCA,AMR,Americas,YEAR,2015,,,,,,,,,100 [83-120],100,83,120,,2025-11-11T16:20:50Z,2015,2015-01-01,2015-12-31
8037072,TB_1,COUNTRY,VNM,WPR,Western Pacific,YEAR,2013,,,,,,,,,52 [33-94],52,33,94,,2025-11-11T16:20:50Z,2013,2013-01-01,2013-12-31
8038091,TB_1,COUNTRY,CHN,WPR,Western Pacific,YEAR,2017,,,,,,,,,88 [73-110],88,73,110,,2025-11-11T16:20:50Z,2017,2017-01-01,2017-12-31
8040757,TB_1,COUNTRY,VCT,AMR,Americas,YEAR,2006,,,,,,,,,100 [83-120],100,83,120,,2025-11-11T16:20:50Z,2006,2006-01-01,2006-12-31
8042475,TB_1,COUNTRY,AUT,EUR,Europe,YEAR,2021,,,,,,,,,85 [71-100],85,71,100,,2025-11-11T16:20:50Z,2021,2021-01-01,2021-12-31
8044926,TB_1,COUNTRY,SDN,EMR,Eastern Mediterranean,YEAR,2024,,,,,,,,,61 [41-99],61,41,99,,2025-11-11T16:20:50Z,2024,2024-01-01,2024-12-31
8045081,TB_1,COUNTRY,KNA,AMR,Americas,YEAR,2001,,,,,,,,,100 [83-120],100,83,120,,2025-11-11T16:20:50Z,2001,2001-01-01,2001-12-31
8045127,TB_1,COUNTRY,BRA,AMR,Americas,YEAR,2020,,,,,,,,,82 [69-100],82,69,100,,2025-11-11T16:20:50Z,2020,2020-01-01,2020-12-31
8051045,TB_1,COUNTRY,DJI,EMR,Eastern Mediterranean,YEAR,2003,,,,,,,,,22 [19-27],22,19,27,,2025-11-11T16:20:50Z,2003,2003-01-01,2003-12-31
8057058,TB_1,COUNTRY,GHA,AFR,Africa,YEAR,2021,,,,,,,,,30 [17-65],30,17,65,,2025-11-11T16:20:50Z,2021,2021-01-01,2021-12-31
8062599,TB_1,COUNTRY,PRI,AMR,Americas,YEAR,2004,,,,,,,,,57 [47-70],57,47,70,,2025-11-11T16:20:50Z,2004,2004-01-01,2004-12-31
8066429,TB_1,COUNTRY,HTI,AMR,Americas,YEAR,2009,,,,,,,,,36 [30-44],36,30,44,,2025-11-11T16:20:50Z,2009,2009-01-01,2009-12-31
8070729,TB_1,COUNTRY,SAU,EMR,Eastern Mediterranean,YEAR,2024,,,,,,,,,91 [82-100],91,82,100,,2025-11-11T16:20:50Z,2024,2024-01-01,2024-12-31
8071584,TB_1,COUNTRY,ALB,EUR,Europe,YEAR,2003,,,,,,,,,89 [74-110],89,74,110,,2025-11-11T16:20:50Z,2003,2003-01-01,2003-12-31
8076972,TB_1,COUNTRY,VUT,WPR,Western Pacific,YEAR,2014,,,,,,,,,48 [22-84],48,22,84,,2025-11-11T16:20:50Z,2014,2014-01-01,2014-12-31
8080880,TB_1,COUNTRY,MHL,WPR,Western Pacific,YEAR,2023,,,,,,,,,60 [49-73],60,49,73,,2025-11-11T16:20:50Z,2023,2023-01-01,2023-12-31
8084779,TB_1,COUNTRY,ARG,AMR,Americas,YEAR,2018,,,,,,,,,78 [64-95],78,64,95,,2025-11-11T16:20:50Z,2018,2018-01-01,2018-12-31
8085280,TB_1,COUNTRY,HTI,AMR,Americas,YEAR,2014,,,,,,,,,45 [38-56],45,38,56,,2025-11-11T16:20:50Z,2014,2014-01-01,2014-12-31
8085644,TB_1,COUNTRY,TUR,EUR,Europe,YEAR,2022,,,,,,,,,76 [63-93],76,63,93,,2025-11-11T16:20:50Z,2022,2022-01-01,2022-12-31
8085797,TB_1,COUNTRY,PER,AMR,Americas,YEAR,2011,,,,,,,,,69 [57-85],69,57,85,,2025-11-11T16:20:50Z,2011,2011-01-01,2011-12-31
8099832,TB_1,COUNTRY,MNG,WPR,Western Pacific,YEAR,2008,,,,,,,,,40 [24-77],40,24,77,,2025-11-11T16:20:50Z,2008,2008-01-01,2008-12-31
8100550,TB_1,COUNTRY,AUT,EUR,Europe,YEAR,2018,,,,,,,,,84 [70-100],84,70,100,,2025-11-11T16:20:50Z,2018,2018-01-01,2018-12-31
8101251,TB_1,COUNTRY,NOR,EUR,Europe,YEAR,2007,,,,,,,,,83 [69-100],83,69,100,,2025-11-11T16:20:50Z,2007,2007-01-01,2007-12-31
8101612,TB_1,COUNTRY,BHR,EMR,Eastern Mediterranean,YEAR,2011,,,,,,,,,65 [54-80],65,54,80,,2025-11-11T16:20:50Z,2011,2011-01-01,2011-12-31
8101768,TB_1,COUNTRY,VCT,AMR,Americas,YEAR,2005,,,,,,,,,100 [83-120],100,83,120,,2025-11-11T16:20:50Z,2005,2005-01-01,2005-12-31
8104572,TB_1,COUNTRY,MEX,AMR,Americas,YEAR,2022,,,,,,,,,73 [60-90],73,60,90,,2025-11-11T16:20:50Z,2022,2022-01-01,2022-12-31
8104979,TB_1,COUNTRY,CUB,AMR,Americas,YEAR,2006,,,,,,,,,67 [56-83],67,56,83,,2025-11-11T16:20:50Z,2006,2006-01-01,2006-12-31
8109115,TB_1,COUNTRY,MEX,AMR,Americas,YEAR,2009,,,,,,,,,62 [51-76],62,51,76,,2025-11-11T16:20:50Z,2009,2009-01-01,2009-12-31
8110366,TB_1,COUNTRY,SWE,EUR,Europe,YEAR,2003,,,,,,,,,73 [60-89],73,60,89,,2025-11-11T16:20:50Z,2003,2003-01-01,2003-12-31
8111030,TB_1,COUNTRY,NLD,EUR,Europe,YEAR,2011,,,,,,,,,87 [75-100],87,75,100,,2025-11-11T16:20:50Z,2011,2011-01-01,2011-12-31
8116663,TB_1,COUNTRY,PAK,EMR,Eastern Mediterranean,YEAR,2005,,,,,,,,,29 [20-46],29,20,46,,2025-11-11T16:20:50Z,2005,2005-01-01,2005-12-31
8120777,TB_1,COUNTRY,BRA,AMR,Americas,YEAR,2012,,,,,,,,,92 [76-110],92,76,110,,2025-11-11T16:20:50Z,2012,2012-01-01,2012-12-31
8121956,TB_1,COUNTRY,PRT,EUR,Europe,YEAR,2006,,,,,,,,,78 [65-96],78,65,96,,2025-11-11T16:20:50Z,2006,2006-01-01,2006-12-31
8125436,TB_1,COUNTRY,MRT,AFR,Africa,YEAR,2015,,,,,,,,,51 [25-87],51,25,87,,2025-11-11T16:20:50Z,2015,2015-01-01,2015-12-31
8127717,TB_1,COUNTRY,MDV,SEAR,South-East Asia,YEAR,2007,,,,,,,,,44 [36-54],44,36,54,,2025-11-11T16:20:50Z,2007,2007-01-01,2007-12-31
8129119,TB_1,COUNTRY,CIV,AFR,Africa,YEAR,2022,,,,,,,,,67 [35-110],67,35,110,,2025-11-11T16:20:50Z,2022,2022-01-01,2022-12-31
8135737,TB_1,COUNTRY,BHS,AMR,Americas,YEAR,2012,,,,,,,,,72 [60-89],72,60,89,,2025-11-11T16:20:50Z,2012,2012-01-01,2012-12-31
8139855,TB_1,COUNTRY,DMA,AMR,Americas,YEAR,2002,,,,,,,,,100 [83-120],100,83,120,,2025-11-11T16:20:50Z,2002,2002-01-01,2002-12-31
8140678,TB_1,COUNTRY,BLZ,AMR,Americas,YEAR,2017,,,,,,,,,66 [55-81],66,55,81,,2025-11-11T16:20:50Z,2017,2017-01-01,2017-12-31
8141356,TB_1,COUNTRY,CRI,AMR,Americas,YEAR,2016,,,,,,,,,79 [65-97],79,65,97,,2025-11-11T16:20:50Z,2016,2016-01-01,2016-12-31
8143240,TB_1,COUNTRY,GUY,AMR,Americas,YEAR,2016,,,,,,,,,75 [62-92],75,62,92,,2025-11-11T16:20:50Z,2016,2016-01-01,2016-12-31
8143278,TB_1,COUNTRY,MWI,AFR,Africa,YEAR,2004,,,,,,,,,54 [18-560],54,18,560,,2025-11-11T16:20:50Z,2004,2004-01-01,2004-12-31
8145054,TB_1,COUNTRY,BHS,AMR,Americas,YEAR,2019,,,,,,,,,78 [65-96],78,65,96,,2025-11-11T16:20:50Z,2019,2019-01-01,2019-12-31
8146278,TB_1,COUNTRY,KAZ,EUR,Europe,YEAR,2012,,,,,,,,,99 [82-120],99,82,120,,2025-11-11T16:20:50Z,2012,2012-01-01,2012-12-31
8148528,TB_1,COUNTRY,JAM,AMR,Americas,YEAR,2004,,,,,,,,,50 [42-62],50,42,62,,2025-11-11T16:20:50Z,2004,2004-01-01,2004-12-31
8149011,TB_1,COUNTRY,SWZ,AFR,Africa,YEAR,2007,,,,,,,,,57 [18-900],57,18,900,,2025-11-11T16:20:50Z,2007,2007-01-01,2007-12-31
8153340,TB_1,COUNTRY,VUT,WPR,Western Pacific,YEAR,2008,,,,,,,,,36 [16-68],36,16,68,,2025-11-11T16:20:50Z,2008,2008-01-01,2008-12-31
8156044,TB_1,COUNTRY,CAF,AFR,Africa,YEAR,2023,,,,,,,,,67 [36-110],67,36,110,,2025-11-11T16:20:50Z,2023,2023-01-01,2023-12-31
8156422,TB_1,COUNTRY,SEN,AFR,Africa,YEAR,2013,,,,,,,,,55 [27-94],55,27,94,,2025-11-11T16:20:50Z,2013,2013-01-01,2013-12-31
8156869,TB_1,COUNTRY,VEN,AMR,Americas,YEAR,2020,,,,,,,,,68 [57-84],68,57,84,,2025-11-11T16:20:50Z,2020,2020-01-01,2020-12-31
8159345,TB_1,COUNTRY,THA,SEAR,South-East Asia,YEAR,2012,,,,,,,,,50 [31-94],50,31,94,,2025-11-11T16:20:50Z,2012,2012-01-01,2012-12-31
8160237,TB_1,COUNTRY,BEN,AFR,Africa,YEAR,2010,,,,,,,,,49 [23-84],49,23,84,,2025-11-11T16:20:50Z,2010,2010-01-01,2010-12-31
8163156,TB_1,COUNTRY,GTM,AMR,Americas,YEAR,2010,,,,,,,,,89 [74-110],89,74,110,,2025-11-11T16:20:50Z,2010,2010-01-01,2010-12-31
8169857,TB_1,COUNTRY,CAN,AMR,Americas,YEAR,2010,,,,,,,,,82 [68-100],82,68,100,,2025-11-11T16:20:50Z,2010,2010-01-01,2010-12-31
8174792,TB_1,COUNTRY,UKR,EUR,Europe,YEAR,2024,,,,,,,,,56 [46-71],56,46,71,,2025-11-11T16:20:50Z,2024,2024-01-01,2024-12-31
8175138,TB_1,COUNTRY,SLV,AMR,Americas,YEAR,2021,,,,,,,,,79 [66-97],79,66,97,,2025-11-11T16:20:50Z,2021,2021-01-01,2021-12-31
8181117,TB_1,COUNTRY,RWA,AFR,Africa,YEAR,2016,,,,,,,,,74 [55-110],74,55,110,,2025-11-11T16:20:50Z,2016,2016-01-01,2016-12-31
8182413,TB_1,COUNTRY,KWT,EMR,Eastern Mediterranean,YEAR,2012,,,,,,,,,74 [61-91],74,61,91,,2025-11-11T16:20:50Z,2012,2012-01-01,2012-12-31
8185151,TB_1,COUNTRY,ISL,EUR,Europe,YEAR,2008,,,,,,,,,100 [83-120],100,83,120,,2025-11-11T16:20:50Z,2008,2008-01-01,2008-12-31
8187069,TB_1,COUNTRY,LBN,EMR,Eastern Mediterranean,YEAR,2009,,,,,,,,,63 [53-78],63,53,78,,2025-11-11T16:20:50Z,2009,2009-01-01,2009-12-31
8189616,TB_1,WORLDBANKINCOMEGROUP,WB_HI,,,YEAR,2020,,,,,,,,,82 [71-96],82,71,96,,2025-11-11T16:20:50Z,2020,2020-01-01,2020-12-31
8192953,TB_1,COUNTRY,VEN,AMR,Americas,YEAR,2018,,,,,,,,,74 [61-90],74,61,90,,2025-11-11T16:20:50Z,2018,2018-01-01,2018-12-31
8193112,TB_1,COUNTRY,GNB,AFR,Africa,YEAR,2016,,,,,,,,,60 [30-100],60,30,100,,2025-11-11T16:20:50Z,2016,2016-01-01,2016-12-31
8196008,TB_1,COUNTRY,HND,AMR,Americas,YEAR,2022,,,,,,,,,58 [48-72],58,48,72,,2025-11-11T16:20:50Z,2022,2022-01-01,2022-12-31
8196787,TB_1,COUNTRY,LUX,EUR,Europe,YEAR,2006,,,,,,,,,75 [62-92],75,62,92,,2025-11-11T16:20:50Z,2006,2006-01-01,2006-12-31
8197735,TB_1,COUNTRY,AFG,EMR,Eastern Mediterranean,YEAR,2004,,,,,,,,,34 [9.1-72],34,9.1,72,,2025-11-11T16:20:50Z,2004,2004-01-01,2004-12-31
8201546,TB_1,COUNTRY,SYR,EMR,Eastern Mediterranean,YEAR,2002,,,,,,,,,42 [35-51],42,35,51,,2025-11-11T16:20:50Z,2002,2002-01-01,2002-12-31
8208565,TB_1,REGION,EUR,,,YEAR,2024,,,,,,,,,79 [69-92],79,69,92,,2025-11-11T16:20:50Z,2024,2024-01-01,2024-12-31
8213895,TB_1,COUNTRY,SAU,EMR,Eastern Mediterranean,YEAR,2011,,,,,,,,,91 [82-100],91,82,100,,2025-11-11T16:20:50Z,2011,2011-01-01,2011-12-31
8215944,TB_1,COUNTRY,GEO,EUR,Europe,YEAR,2018,,,,,,,,,71 [59-87],71,59,87,,2025-11-11T16:20:50Z,2018,2018-01-01,2018-12-31
8216090,TB_1,COUNTRY,ZMB,AFR,Africa,YEAR,2022,,,,,,,,,91 [62-150],91,62,150,,2025-11-11T16:20:50Z,2022,2022-01-01,2022-12-31
8216251,TB_1,COUNTRY,GBR,EUR,Europe,YEAR,2003,,,,,,,,,89 [83-96],89,83,96,,2025-11-11T16:20:50Z,2003,2003-01-01,2003-12-31
8219574,TB_1,COUNTRY,MDV,SEAR,South-East Asia,YEAR,2004,,,,,,,,,36 [30-45],36,30,45,,2025-11-11T16:20:50Z,2004,2004-01-01,2004-12-31
8219912,TB_1,COUNTRY,BGD,SEAR,South-East Asia,YEAR,2022,,,,,,,,,70 [53-96],70,53,96,,2025-11-11T16:20:50Z,2022,2022-01-01,2022-12-31
8220179,TB_1,COUNTRY,KAZ,EUR,Europe,YEAR,2016,,,,,,,,,99 [82-120],99,82,120,,2025-11-11T16:20:50Z,2016,2016-01-01,2016-12-31
8225352,TB_1,COUNTRY,VUT,WPR,Western Pacific,YEAR,2007,,,,,,,,,42 [21-82],42,21,82,,2025-11-11T16:20:50Z,2007,2007-01-01,2007-12-31
8226558,TB_1,COUNTRY,SUR,AMR,Americas,YEAR,2006,,,,,,,,,55 [46-67],55,46,67,,2025-11-11T16:20:50Z,2006,2006-01-01,2006-12-31
8226836,TB_1,REGION,EUR,,,YEAR,2008,,,,,,,,,72 [60-88],72,60,88,,2025-11-11T16:20:50Z,2008,2008-01-01,2008-12-31
8229778,TB_1,COUNTRY,PAK,EMR,Eastern Mediterranean,YEAR,2002,,,,,,,,,11 [7.4-17],11,7.4,17,,2025-11-11T16:20:50Z,2002,2002-01-01,2002-12-31
8229922,TB_1,WORLDBANKINCOMEGROUP,WB_LI,,,YEAR,2006,,,,,,,,,39 [31-50],39,31,50,,2025-11-11T16:20:50Z,2006,2006-01-01,2006-12-31
8230397,TB_1,COUNTRY,KAZ,EUR,Europe,YEAR,2000,,,,,,,,,99 [82-120],99,82,120,,2025-11-11T16:20:50Z,2000,2000-01-01,2000-12-31
8233211,TB_1,COUNTRY,MWI,AFR,Africa,YEAR,2005,,,,,,,,,50 [17-500],50,17,500,,2025-11-11T16:20:50Z,2005,2005-01-01,2005-12-31
8234650,TB_1,COUNTRY,COG,AFR,Africa,YEAR,2011,,,,,,,,,57 [26-100],57,26,100,,2025-11-11T16:20:50Z,2011,2011-01-01,2011-12-31
8236847,TB_1,COUNTRY,BDI,AFR,Africa,YEAR,2002,,,,,,,,,46 [18-85],46,18,85,,2025-11-11T16:20:50Z,2002,2002-01-01,2002-12-31
8238886,TB_1,COUNTRY,BLR,EUR,Europe,YEAR,2013,,,,,,,,,71 [59-87],71,59,87,,2025-11-11T16:20:50Z,2013,2013-01-01,2013-12-31
8242308,TB_1,COUNTRY,RUS,EUR,Europe,YEAR,2005,,,,,,,,,100 [56-230],100,56,230,,2025-11-11T16:20:50Z,2005,2005-01-01,2005-12-31
8243003,TB_1,COUNTRY,DJI,EMR,Eastern Mediterranean,YEAR,2020,,,,,,,,,42 [35-52],42,35,52,,2025-11-11T16:20:50Z,2020,2020-01-01,2020-12-31
8244991,TB_1,COUNTRY,NRU,WPR,Western Pacific,YEAR,2019,,,,,,,,,100 [83-120],100,83,120,,2025-11-11T16:20:50Z,2019,2019-01-01,2019-12-31
8246789,TB_1,COUNTRY,PAN,AMR,Americas,YEAR,2019,,,,,,,,,77 [64-95],77,64,95,,2025-11-11T16:20:50Z,2019,2019-01-01,2019-12-31
8247205,TB_1,COUNTRY,GRC,EUR,Europe,YEAR,2021,,,,,,,,,81 [67-100],81,67,100,,2025-11-11T16:20:50Z,2021,2021-01-01,2021-12-31
8251544,TB_1,COUNTRY,STP,AFR,Africa,YEAR,2007,,,,,,,,,36 [30-44],36,30,44,,2025-11-11T16:20:50Z,2007,2007-01-01,2007-12-31
8251949,TB_1,COUNTRY,BEL,EUR,Europe,YEAR,2011,,,,,,,,,84 [69-100],84,69,100,,2025-11-11T16:20:50Z,2011,2011-01-01,2011-12-31
8252525,TB_1,COUNTRY,LSO,AFR,Africa,YEAR,2019,,,,,,,,,49 [33-79],49,33,79,,2025-11-11T16:20:50Z,2019,2019-01-01,2019-12-31
8253763,TB_1,COUNTRY,SRB,EUR,Europe,YEAR,2017,,,,,,,,,72 [59-88],72,59,88,,2025-11-11T16:20:50Z,2017,2017-01-01,2017-12-31
8254246,TB_1,COUNTRY,SDN,EMR,Eastern Mediterranean,YEAR,2019,,,,,,,,,65 [48-95],65,48,95,,2025-11-11T16:20:50Z,2019,2019-01-01,2019-12-31
8255295,TB_1,COUNTRY,ERI,AFR,Africa,YEAR,2013,,,,,,,,,41 [34-50],41,34,50,,2025-11-11T16:20:50Z,2013,2013-01-01,2013-12-31
8255418,TB_1,WORLDBANKINCOMEGROUP,WB_LI,,,YEAR,2008,,,,,,,,,44 [35-56],44,35,56,,2025-11-11T16:20:50Z,2008,2008-01-01,2008-12-31
8261388,TB_1,COUNTRY,LTU,EUR,Europe,YEAR,2008,,,,,,,,,54 [45-66],54,45,66,,2025-11-11T16:20:50Z,2008,2008-01-01,2008-12-31
8262966,TB_1,COUNTRY,IDN,WPR,Western Pacific,YEAR,2009,,,,,,,,,35 [32-39],35,32,39,,2025-11-11T16:20:50Z,2009,2009-01-01,2009-12-31
8264454,TB_1,COUNTRY,DOM,AMR,Americas,YEAR,2024,,,,,,,,,77 [64-95],77,64,95,,2025-11-11T16:20:50Z,2024,2024-01-01,2024-12-31
8273740,TB_1,COUNTRY,PRT,EUR,Europe,YEAR,2015,,,,,,,,,86 [72-110],86,72,110,,2025-11-11T16:20:50Z,2015,2015-01-01,2015-12-31
8274206,TB_1,COUNTRY,VUT,WPR,Western Pacific,YEAR,2020,,,,,,,,,54 [27-89],54,27,89,,2025-11-11T16:20:50Z,2020,2020-01-01,2020-12-31
8276212,TB_1,COUNTRY,TTO,AMR,Americas,YEAR,2006,,,,,,,,,63 [52-77],63,52,77,,2025-11-11T16:20:50Z,2006,2006-01-01,2006-12-31
8278880,TB_1,COUNTRY,MOZ,AFR,Africa,YEAR,2000,,,,,,,,,35 [24-54],35,24,54,,2025-11-11T16:20:50Z,2000,2000-01-01,2000-12-31
8280835,TB_1,COUNTRY,KWT,EMR,Eastern Mediterranean,YEAR,2023,,,,,,,,,77 [64-95],77,64,95,,2025-11-11T16:20:50Z,2023,2023-01-01,2023-12-31
8280972,TB_1,COUNTRY,LBN,EMR,Eastern Mediterranean,YEAR,2017,,,,,,,,,72 [60-88],72,60,88,,2025-11-11T16:20:50Z,2017,2017-01-01,2017-12-31
8282952,TB_1,COUNTRY,BGD,SEAR,South-East Asia,YEAR,2010,,,,,,,,,46 [35-63],46,35,63,,2025-11-11T16:20:50Z,2010,2010-01-01,2010-12-31
8289782,TB_1,REGION,AMR,,,YEAR,2002,,,,,,,,,56 [52-59],56,52,59,,2025-11-11T16:20:50Z,2002,2002-01-01,2002-12-31
8291685,TB_1,COUNTRY,FJI,WPR,Western Pacific,YEAR,2001,,,,,,,,,37 [31-46],37,31,46,,2025-11-11T16:20:50Z,2001,2001-01-01,2001-12-31
8293098,TB_1,COUNTRY,TCD,AFR,Africa,YEAR,2021,,,,,,,,,60 [32-98],60,32,98,,2025-11-11T16:20:50Z,2021,2021-01-01,2021-12-31
8293266,TB_1,COUNTRY,ETH,AFR,Africa,YEAR,2009,,,,,,,,,59 [36-110],59,36,110,,2025-11-11T16:20:50Z,2009,2009-01-01,2009-12-31
8294726,TB_1,COUNTRY,CIV,AFR,Africa,YEAR,2006,,,,,,,,,47 [21-82],47,21,82,,2025-11-11T16:20:50Z,2006,2006-01-01,2006-12-31
8301099,TB_1,COUNTRY,BFA,AFR,Africa,YEAR,2002,,,,,,,,,21 [11-34],21,11,34,,2025-11-11T16:20:50Z,2002,2002-01-01,2002-12-31
8308943,TB_1,COUNTRY,KHM,WPR,Western Pacific,YEAR,2014,,,,,,,,,79 [59-110],79,59,110,,2025-11-11T16:20:50Z,2014,2014-01-01,2014-12-31
8311061,TB_1,GLOBAL,GLOBAL,,,YEAR,2014,,,,,,,,,54 [48-60],54,48,60,,2025-11-11T16:20:50Z,2014,2014-01-01,2014-12-31
8311549,TB_1,COUNTRY,PHL,WPR,Western Pacific,YEAR,2008,,,,,,,,,29 [18-51],29,18,51,,2025-11-11T16:20:50Z,2008,2008-01-01,2008-12-31
8315801,TB_1,COUNTRY,THA,SEAR,South-East Asia,YEAR,2004,,,,,,,,,36 [18-110],36,18,110,,2025-11-11T16:20:50Z,2004,2004-01-01,2004-12-31
8320405,TB_1,COUNTRY,BFA,AFR,Africa,YEAR,2012,,,,,,,,,42 [22-68],42,22,68,,2025-11-11T16:20:50Z,2012,2012-01-01,2012-12-31
8322418,TB_1,COUNTRY,SOM,EMR,Eastern Mediterranean,YEAR,2015,,,,,,,,,54 [26-92],54,26,92,,2025-11-11T16:20:50Z,2015,2015-01-01,2015-12-31
8326060,TB_1,COUNTRY,IDN,WPR,Western Pacific,YEAR,2018,,,,,,,,,67 [61-73],67,61,73,,2025-11-11T16:20:50Z,2018,2018-01-01,2018-12-31
8327519,TB_1,COUNTRY,TTO,AMR,Americas,YEAR,2018,,,,,,,,,76 [63-93],76,63,93,,2025-11-11T16:20:50Z,2018,2018-01-01,2018-12-31
8330770,TB_1,COUNTRY,GIN,AFR,Africa,YEAR,2017,,,,,,,,,63 [31-100],63,31,100,,2025-11-11T16:20:50Z,2017,2017-01-01,2017-12-31
8331510,TB_1,COUNTRY,BRA,AMR,Americas,YEAR,2010,,,,,,,,,92 [76-110],92,76,110,,2025-11-11T16:20:50Z,2010,2010-01-01,2010-12-31
8334382,TB_1,COUNTRY,LBR,AFR,Africa,YEAR,2005,,,,,,,,,39 [17-69],39,17,69,,2025-11-11T16:20:50Z,2005,2005-01-01,2005-12-31
8338746,TB_1,COUNTRY,SYC,AFR,Africa,YEAR,2019,,,,,,,,,100 [83-120],100,83,120,,2025-11-11T16:20:50Z,2019,2019-01-01,2019-12-31
8340192,TB_1,COUNTRY,BRA,AMR,Americas,YEAR,2000,,,,,,,,,92 [76-110],92,76,110,,2025-11-11T16:20:50Z,2000,2000-01-01,2000-12-31
8341810,TB_1,COUNTRY,PAN,AMR,Americas,YEAR,2006,,,,,,,,,64 [53-78],64,53,78,,2025-11-11T16:20:50Z,2006,2006-01-01,2006-12-31
8344054,TB_1,COUNTRY,DEU,EUR,Europe,YEAR,2003,,,,,,,,,91 [82-100],91,82,100,,2025-11-11T16:20:50Z,2003,2003-01-01,2003-12-31
8346361,TB_1,COUNTRY,PHL,WPR,Western Pacific,YEAR,2010,,,,,,,,,32 [21-58],32,21,58,,2025-11-11T16:20:50Z,2010,2010-01-01,2010-12-31
8347958,TB_1,COUNTRY,SLV,AMR,Americas,YEAR,2001,,,,,,,,,46 [39-57],46,39,57,,2025-11-11T16:20:50Z,2001,2001-01-01,2001-12-31
8348688,TB_1,COUNTRY,MLT,EUR,Europe,YEAR,2001,,,,,,,,,100 [83-120],100,83,120,,2025-11-11T16:20:50Z,2001,2001-01-01,2001-12-31
8349561,TB_1,COUNTRY,KWT,EMR,Eastern Mediterranean,YEAR,2005,,,,,,,,,76 [63-93],76,63,93,,2025-11-11T16:20:50Z,2005,2005-01-01,2005-12-31
8351831,TB_1,COUNTRY,LAO,WPR,Western Pacific,YEAR,2010,,,,,,,,,29 [18-56],29,18,56,,2025-11-11T16:20:50Z,2010,2010-01-01,2010-12-31
8361232,TB_1,COUNTRY,MKD,EUR,Europe,YEAR,2021,,,,,,,,,75 [63-93],75,63,93,,2025-11-11T16:20:50Z,2021,2021-01-01,2021-12-31
8362083,TB_1,COUNTRY,IRN,EMR,Eastern Mediterranean,YEAR,2001,,,,,,,,,42 [34-51],42,34,51,,2025-11-11T16:20:50Z,2001,2001-01-01,2001-12-31
8364965,TB_1,COUNTRY,LBR,AFR,Africa,YEAR,2018,,,,,,,,,61 [32-100],61,32,100,,2025-11-11T16:20:50Z,2018,2018-01-01,2018-12-31
8365466,TB_1,COUNTRY,CAF,AFR,Africa,YEAR,2006,,,,,,,,,23 [12-37],23,12,37,,2025-11-11T16:20:50Z,2006,2006-01-01,2006-12-31
8366456,TB_1,COUNTRY,BHR,EMR,Eastern Mediterranean,YEAR,2020,,,,,,,,,76 [63-93],76,63,93,,2025-11-11T16:20:50Z,2020,2020-01-01,2020-12-31
8366841,TB_1,COUNTRY,LBR,AFR,Africa,YEAR,2014,,,,,,,,,37 [18-62],37,18,62,,2025-11-11T16:20:50Z,2014,2014-01-01,2014-12-31
8376459,TB_1,COUNTRY,FJI,WPR,Western Pacific,YEAR,2005,,,,,,,,,46 [38-57],46,38,57,,2025-11-11T16:20:50Z,2005,2005-01-01,2005-12-31
8377121,TB_1,COUNTRY,COK,WPR,Western Pacific,YEAR,2024,,,,,,,,,100 [83-120],100,83,120,,2025-11-11T16:20:50Z,2024,2024-01-01,2024-12-31
8381979,TB_1,COUNTRY,TGO,AFR,Africa,YEAR,2018,,,,,,,,,57 [29-94],57,29,94,,2025-11-11T16:20:50Z,2018,2018-01-01,2018-12-31
8384324,TB_1,WORLDBANKINCOMEGROUP,WB_LMI,,,YEAR,2008,,,,,,,,,40 [28-61],40,28,61,,2025-11-11T16:20:50Z,2008,2008-01-01,2008-12-31
8386365,TB_1,COUNTRY,TUN,EMR,Eastern Mediterranean,YEAR,2022,,,,,,,,,68 [57-84],68,57,84,,2025-11-11T16:20:50Z,2022,2022-01-01,2022-12-31
8394332,TB_1,COUNTRY,LUX,EUR,Europe,YEAR,2019,,,,,,,,,86 [71-110],86,71,110,,2025-11-11T16:20:50Z,2019,2019-01-01,2019-12-31
8394505,TB_1,COUNTRY,BFA,AFR,Africa,YEAR,2018,,,,,,,,,46 [24-74],46,24,74,,2025-11-11T16:20:50Z,2018,2018-01-01,2018-12-31
8395026,TB_1,COUNTRY,NGA,AFR,Africa,YEAR,2013,,,,,,,,,24 [17-37],24,17,37,,2025-11-11T16:20:50Z,2013,2013-01-01,2013-12-31
8396265,TB_1,COUNTRY,TUN,EMR,Eastern Mediterranean,YEAR,2019,,,,,,,,,66 [55-81],66,55,81,,2025-11-11T16:20:50Z,2019,2019-01-01,2019-12-31
8396271,TB_1,COUNTRY,PNG,WPR,Western Pacific,YEAR,2002,,,,,,,,,21 [1.4-62],21,1.4,62,,2025-11-11T16:20:50Z,2002,2002-01-01,2002-12-31
8396666,TB_1,COUNTRY,DOM,AMR,Americas,YEAR,2002,,,,,,,,,45 [38-56],45,38,56,,2025-11-11T16:20:50Z,2002,2002-01-01,2002-12-31
8399040,TB_1,COUNTRY,NIC,AMR,Americas,YEAR,2019,,,,,,,,,71 [59-88],71,59,88,,2025-11-11T16:20:50Z,2019,2019-01-01,2019-12-31
8399455,TB_1,COUNTRY,BLR,EUR,Europe,YEAR,2011,,,,,,,,,68 [56-84],68,56,84,,2025-11-11T16:20:50Z,2011,2011-01-01,2011-12-31
8400313,TB_1,COUNTRY,MWI,AFR,Africa,YEAR,2002,,,,,,,,,52 [18-530],52,18,530,,2025-11-11T16:20:50Z,2002,2002-01-01,2002-12-31
8400578,TB_1,COUNTRY,NPL,SEAR,South-East Asia,YEAR,2010,,,,,,,,,41 [26-74],41,26,74,,2025-11-11T16:20:50Z,2010,2010-01-01,2010-12-31
8404296,TB_1,COUNTRY,SLB,WPR,Western Pacific,YEAR,2012,,,,,,,,,38 [32-47],38,32,47,,2025-11-11T16:20:50Z,2012,2012-01-01,2012-12-31
8406020,TB_1,COUNTRY,ECU,AMR,Americas,YEAR,2010,,,,,,,,,65 [54-80],65,54,80,,2025-11-11T16:20:50Z,2010,2010-01-01,2010-12-31
8406439,TB_1,COUNTRY,VUT,WPR,Western Pacific,YEAR,2022,,,,,,,,,58 [29-98],58,29,98,,2025-11-11T16:20:50Z,2022,2022-01-01,2022-12-31
8411421,TB_1,COUNTRY,KAZ,EUR,Europe,YEAR,2013,,,,,,,,,99 [82-120],99,82,120,,2025-11-11T16:20:50Z,2013,2013-01-01,2013-12-31
8412234,TB_1,COUNTRY,BGR,EUR,Europe,YEAR,2024,,,,,,,,,110 [87-130],110,87,130,,2025-11-11T16:20:50Z,2024,2024-01-01,2024-12-31
8414860,TB_1,COUNTRY,BIH,EUR,Europe,YEAR,2007,,,,,,,,,60 [50-74],60,50,74,,2025-11-11T16:20:50Z,2007,2007-01-01,2007-12-31
8416926,TB_1,COUNTRY,COL,AMR,Americas,YEAR,2020,,,,,,,,,62 [51-76],62,51,76,,2025-11-11T16:20:50Z,2020,2020-01-01,2020-12-31
8419240,TB_1,WORLDBANKINCOMEGROUP,WB_LI,,,YEAR,2019,,,,,,,,,60 [49-77],60,49,77,,2025-11-11T16:20:50Z,2019,2019-01-01,2019-12-31
8419708,TB_1,COUNTRY,VUT,WPR,Western Pacific,YEAR,2017,,,,,,,,,49 [24-82],49,24,82,,2025-11-11T16:20:50Z,2017,2017-01-01,2017-12-31
8424515,TB_1,COUNTRY,LCA,AMR,Americas,YEAR,2004,,,,,,,,,100 [83-120],100,83,120,,2025-11-11T16:20:50Z,2004,2004-01-01,2004-12-31
8426199,TB_1,COUNTRY,ISR,EUR,Europe,YEAR,2015,,,,,,,,,82 [68-100],82,68,100,,2025-11-11T16:20:50Z,2015,2015-01-01,2015-12-31
8426269,TB_1,COUNTRY,ISL,EUR,Europe,YEAR,2013,,,,,,,,,100 [83-120],100,83,120,,2025-11-11T16:20:50Z,2013,2013-01-01,2013-12-31
8427044,TB_1,COUNTRY,MDA,EUR,Europe,YEAR,2009,,,,,,,,,99 [82-120],99,82,120,,2025-11-11T16:20:50Z,2009,2009-01-01,2009-12-31
8435315,TB_1,COUNTRY,SGP,WPR,Western Pacific,YEAR,2006,,,,,,,,,67 [55-82],67,55,82,,2025-11-11T16:20:50Z,2006,2006-01-01,2006-12-31
8438018,TB_1,COUNTRY,URY,AMR,Americas,YEAR,2016,,,,,,,,,80 [67-99],80,67,99,,2025-11-11T16:20:50Z,2016,2016-01-01,2016-12-31
8440169,TB_1,COUNTRY,TJK,EUR,Europe,YEAR,2007,,,,,,,,,43 [36-53],43,36,53,,2025-11-11T16:20:50Z,2007,2007-01-01,2007-12-31
8442019,TB_1,COUNTRY,ZMB,AFR,Africa,YEAR,2023,,,,,,,,,93 [62-150],93,62,150,,2025-11-11T16:20:50Z,2023,2023-01-01,2023-12-31
8442581,TB_1,COUNTRY,NOR,EUR,Europe,YEAR,2012,,,,,,,,,85 [71-100],85,71,100,,2025-11-11T16:20:50Z,2012,2012-01-01,2012-12-31
8443039,TB_1,COUNTRY,ISL,EUR,Europe,YEAR,2012,,,,,,,,,100 [83-120],100,83,120,,2025-11-11T16:20:50Z,2012,2012-01-01,2012-12-31
8445317,TB_1,COUNTRY,GAB,AFR,Africa,YEAR,2015,,,,,,,,,57 [29-95],57,29,95,,2025-11-11T16:20:50Z,2015,2015-01-01,2015-12-31
8446319,TB_1,COUNTRY,ERI,AFR,Africa,YEAR,2008,,,,,,,,,34 [28-42],34,28,42,,2025-11-11T16:20:50Z,2008,2008-01-01,2008-12-31
8449049,TB_1,COUNTRY,MNE,EUR,Europe,YEAR,2016,,,,,,,,,68 [57-84],68,57,84,,2025-11-11T16:20:50Z,2016,2016-01-01,2016-12-31
8449542,TB_1,COUNTRY,KWT,EMR,Eastern Mediterranean,YEAR,2008,,,,,,,,,74 [61-91],74,61,91,,2025-11-11T16:20:50Z,2008,2008-01-01,2008-12-31
8454772,TB_1,COUNTRY,ARG,AMR,Americas,YEAR,2012,,,,,,,,,76 [63-94],76,63,94,,2025-11-11T16:20:50Z,2012,2012-01-01,2012-12-31
8456307,TB_1,COUNTRY,LBN,EMR,Eastern Mediterranean,YEAR,2005,,,,,,,,,59 [49-73],59,49,73,,2025-11-11T16:20:50Z,2005,2005-01-01,2005-12-31
8458876,TB_1,COUNTRY,ARE,EMR,Eastern Mediterranean,YEAR,2014,,,,,,,,,66 [55-81],66,55,81,,2025-11-11T16:20:50Z,2014,2014-01-01,2014-12-31
8460598,TB_1,COUNTRY,TUR,EUR,Europe,YEAR,2010,,,,,,,,,61 [51-76],61,51,76,,2025-11-11T16:20:50Z,2010,2010-01-01,2010-12-31
8462176,TB_1,REGION,WPR,,,YEAR,2001,,,,,,,,,28 [25-33],28,25,33,,2025-11-11T16:20:50Z,2001,2001-01-01,2001-12-31
8466078,TB_1,COUNTRY,JOR,EMR,Eastern Mediterranean,YEAR,2004,,,,,,,,,64 [53-78],64,53,78,,2025-11-11T16:20:50Z,2004,2004-01-01,2004-12-31
8467378,TB_1,WORLDBANKINCOMEGROUP,WB_HI,,,YEAR,2015,,,,,,,,,90 [75-110],90,75,110,,2025-11-11T16:20:50Z,2015,2015-01-01,2015-12-31
8468004,TB_1,COUNTRY,CHN,WPR,Western Pacific,YEAR,2010,,,,,,,,,89 [74-110],89,74,110,,2025-11-11T16:20:50Z,2010,2010-01-01,2010-12-31
8468217,TB_1,COUNTRY,COK,WPR,Western Pacific,YEAR,2006,,,,,,,,,100 [83-120],100,83,120,,2025-11-11T16:20:50Z,2006,2006-01-01,2006-12-31
8470906,TB_1,COUNTRY,CRI,AMR,Americas,YEAR,2000,,,,,,,,,60 [50-74],60,50,74,,2025-11-11T16:20:50Z,2000,2000-01-01,2000-12-31
8475712,TB_1,COUNTRY,KWT,EMR,Eastern Mediterranean,YEAR,2011,,,,,,,,,73 [61-90],73,61,90,,2025-11-11T16:20:50Z,2011,2011-01-01,2011-12-31
8480230,TB_1,COUNTRY,MDG,AFR,Africa,YEAR,2020,,,,,,,,,58 [30-95],58,30,95,,2025-11-11T16:20:50Z,2020,2020-01-01,2020-12-31
8481165,TB_1,COUNTRY,PER,AMR,Americas,YEAR,2017,,,,,,,,,74 [62-91],74,62,91,,2025-11-11T16:20:50Z,2017,2017-01-01,2017-12-31
8482798,TB_1,WORLDBANKINCOMEGROUP,WB_UMI,,,YEAR,2014,,,,,,,,,63 [55-72],63,55,72,,2025-11-11T16:20:50Z,2014,2014-01-01,2014-12-31
8482960,TB_1,COUNTRY,NGA,AFR,Africa,YEAR,2019,,,,,,,,,26 [18-39],26,18,39,,2025-11-11T16:20:50Z,2019,2019-01-01,2019-12-31
8486685,TB_1,COUNTRY,CPV,AFR,Africa,YEAR,2023,,,,,,,,,71 [59-88],71,59,88,,2025-11-11T16:20:50Z,2023,2023-01-01,2023-12-31
8489371,TB_1,COUNTRY,GMB,AFR,Africa,YEAR,2007,,,,,,,,,58 [38-98],58,38,98,,2025-11-11T16:20:50Z,2007,2007-01-01,2007-12-31
8490028,TB_1,COUNTRY,BGR,EUR,Europe,YEAR,2022,,,,,,,,,75 [62-92],75,62,92,,2025-11-11T16:20:50Z,2022,2022-01-01,2022-12-31
8491112,TB_1,COUNTRY,BHS,AMR,Americas,YEAR,2009,,,,,,,,,70 [58-86],70,58,86,,2025-11-11T16:20:50Z,2009,2009-01-01,2009-12-31
8492133,TB_1,COUNTRY,ARE,EMR,Eastern Mediterranean,YEAR,2002,,,,,,,,,46 [38-57],46,38,57,,2025-11-11T16:20:50Z,2002,2002-01-01,2002-12-31
8497240,TB_1,COUNTRY,LCA,AMR,Americas,YEAR,2002,,,,,,,,,100 [83-120],100,83,120,,2025-11-11T16:20:50Z,2002,2002-01-01,2002-12-31
8497666,TB_1,COUNTRY,PRT,EUR,Europe,YEAR,2010,,,,,,,,,82 [68-100],82,68,100,,2025-11-11T16:20:50Z,2010,2010-01-01,2010-12-31
8498581,TB_1,COUNTRY,GIN,AFR,Africa,YEAR,2006,,,,,,,,,53 [22-95],53,22,95,,2025-11-11T16:20:50Z,2006,2006-01-01,2006-12-31
8500898,TB_1,COUNTRY,ISL,EUR,Europe,YEAR,2023,,,,,,,,,100 [83-120],100,83,120,,2025-11-11T16:20:50Z,2023,2023-01-01,2023-12-31
8502045,TB_1,COUNTRY,HUN,EUR,Europe,YEAR,2002,,,,,,,,,68 [56-83],68,56,83,,2025-11-11T16:20:50Z,2002,2002-01-01,2002-12-31
8503191,TB_1,COUNTRY,MEX,AMR,Americas,YEAR,2011,,,,,,,,,65 [54-80],65,54,80,,2025-11-11T16:20:50Z,2011,2011-01-01,2011-12-31
8505185,TB_1,COUNTRY,PLW,WPR,Western Pacific,YEAR,2013,,,,,,,,,100 [83-120],100,83,120,,2025-11-11T16:20:50Z,2013,2013-01-01,2013-12-31
8505566,TB_1,COUNTRY,DZA,AFR,Africa,YEAR,2003,,,,,,,,,55 [45-67],55,45,67,,2025-11-11T16:20:50Z,2003,2003-01-01,2003-12-31
8510607,TB_1,COUNTRY,HND,AMR,Americas,YEAR,2011,,,,,,,,,57 [48-70],57,48,70,,2025-11-11T16:20:50Z,2011,2011-01-01,2011-12-31
8512437,TB_1,COUNTRY,NLD,EUR,Europe,YEAR,2021,,,,,,,,,87 [75-100],87,75,100,,2025-11-11T16:20:50Z,2021,2021-01-01,2021-12-31
8517427,TB_1,REGION,EUR,,,YEAR,2012,,,,,,,,,78 [66-95],78,66,95,,2025-11-11T16:20:50Z,2012,2012-01-01,2012-12-31
8518346,TB_1,COUNTRY,CHL,AMR,Americas,YEAR,2002,,,,,,,,,64 [53-79],64,53,79,,2025-11-11T16:20:50Z,2002,2002-01-01,2002-12-31
8520934,TB_1,COUNTRY,PLW,WPR,Western Pacific,YEAR,2024,,,,,,,,,100 [83-120],100,83,120,,2025-11-11T16:20:50Z,2024,2024-01-01,2024-12-31
8528726,TB_1,COUNTRY,TUR,EUR,Europe,YEAR,2014,,,,,,,,,73 [60-89],73,60,89,,2025-11-11T16:20:50Z,2014,2014-01-01,2014-12-31
8529228,TB_1,COUNTRY,CZE,EUR,Europe,YEAR,2008,,,,,,,,,76 [63-94],76,63,94,,2025-11-11T16:20:50Z,2008,2008-01-01,2008-12-31
8529949,TB_1,COUNTRY,LTU,EUR,Europe,YEAR,2020,,,,,,,,,73 [60-89],73,60,89,,2025-11-11T16:20:50Z,2020,2020-01-01,2020-12-31
8530776,TB_1,COUNTRY,MDV,SEAR,South-East Asia,YEAR,2015,,,,,,,,,63 [52-77],63,52,77,,2025-11-11T16:20:50Z,2015,2015-01-01,2015-12-31
8531975,TB_1,COUNTRY,LBR,AFR,Africa,YEAR,2008,,,,,,,,,41 [19-71],41,19,71,,2025-11-11T16:20:50Z,2008,2008-01-01,2008-12-31
8532300,TB_1,COUNTRY,NRU,WPR,Western Pacific,YEAR,2003,,,,,,,,,100 [83-120],100,83,120,,2025-11-11T16:20:50Z,2003,2003-01-01,2003-12-31
8534486,TB_1,COUNTRY,BRB,AMR,Americas,YEAR,2000,,,,,,,,,100 [83-120],100,83,120,,2025-11-11T16:20:50Z,2000,2000-01-01,2000-12-31
8541530,TB_1,COUNTRY,AZE,EUR,Europe,YEAR,2024,,,,,,,,,56 [45-72],56,45,72,,2025-11-11T16:20:50Z,2024,2024-01-01,2024-12-31
8543868,TB_1,COUNTRY,PAN,AMR,Americas,YEAR,2001,,,,,,,,,57 [47-69],57,47,69,,2025-11-11T16:20:50Z,2001,2001-01-01,2001-12-31
8544261,TB_1,COUNTRY,AFG,EMR,Eastern Mediterranean,YEAR,2017,,,,,,,,,62 [32-100],62,32,100,,2025-11-11T16:20:50Z,2017,2017-01-01,2017-12-31
8544707,TB_1,COUNTRY,BRA,AMR,Americas,YEAR,2019,,,,,,,,,92 [76-110],92,76,110,,2025-11-11T16:20:50Z,2019,2019-01-01,2019-12-31
8546909,TB_1,COUNTRY,AZE,EUR,Europe,YEAR,2023,,,,,,,,,58 [47-74],58,47,74,,2025-11-11T16:20:50Z,2023,2023-01-01,2023-12-31
8548475,TB_1,COUNTRY,LBN,EMR,Eastern Mediterranean,YEAR,2019,,,,,,,,,73 [61-90],73,61,90,,2025-11-11T16:20:50Z,2019,2019-01-01,2019-12-31
8550825,TB_1,COUNTRY,BEN,AFR,Africa,YEAR,2021,,,,,,,,,60 [32-98],60,32,98,,2025-11-11T16:20:50Z,2021,2021-01-01,2021-12-31
8550976,TB_1,COUNTRY,BHS,AMR,Americas,YEAR,2017,,,,,,,,,78 [65-96],78,65,96,,2025-11-11T16:20:50Z,2017,2017-01-01,2017-12-31
8551526,TB_1,COUNTRY,LKA,SEAR,South-East Asia,YEAR,2007,,,,,,,,,43 [21-77],43,21,77,,2025-11-11T16:20:50Z,2007,2007-01-01,2007-12-31
8552791,TB_1,COUNTRY,GAB,AFR,Africa,YEAR,2021,,,,,,,,,53 [28-87],53,28,87,,2025-11-11T16:20:50Z,2021,2021-01-01,2021-12-31
8554953,TB_1,COUNTRY,BTN,SEAR,South-East Asia,YEAR,2014,,,,,,,,,47 [39-58],47,39,58,,2025-11-11T16:20:50Z,2014,2014-01-01,2014-12-31
8556448,TB_1,COUNTRY,TTO,AMR,Americas,YEAR,2002,,,,,,,,,51 [42-62],51,42,62,,2025-11-11T16:20:50Z,2002,2002-01-01,2002-12-31
8559218,TB_1,COUNTRY,TGO,AFR,Africa,YEAR,2010,,,,,,,,,48 [22-84],48,22,84,,2025-11-11T16:20:50Z,2010,2010-01-01,2010-12-31
8562113,TB_1,REGION,EMR,,,YEAR,2019,,,,,,,,,58 [47-74],58,47,74,,2025-11-11T16:20:50Z,2019,2019-01-01,2019-12-31
8564280,TB_1,COUNTRY,ZAF,AFR,Africa,YEAR,2007,,,,,,,,,49 [24-150],49,24,150,,2025-11-11T16:20:50Z,2007,2007-01-01,2007-12-31
8565965,TB_1,COUNTRY,LTU,EUR,Europe,YEAR,2014,,,,,,,,,64 [53-79],64,53,79,,2025-11-11T16:20:50Z,2014,2014-01-01,2014-12-31
8570415,TB_1,COUNTRY,CRI,AMR,Americas,YEAR,2005,,,,,,,,,67 [56-82],67,56,82,,2025-11-11T16:20:50Z,2005,2005-01-01,2005-12-31
8570718,TB_1,COUNTRY,ECU,AMR,Americas,YEAR,2005,,,,,,,,,51 [43-63],51,43,63,,2025-11-11T16:20:50Z,2005,2005-01-01,2005-12-31
8571350,TB_1,COUNTRY,COK,WPR,Western Pacific,YEAR,2004,,,,,,,,,100 [83-120],100,83,120,,2025-11-11T16:20:50Z,2004,2004-01-01,2004-12-31
8573855,TB_1,COUNTRY,GHA,AFR,Africa,YEAR,2018,,,,,,,,,31 [18-65],31,18,65,,2025-11-11T16:20:50Z,2018,2018-01-01,2018-12-31
8581749,TB_1,COUNTRY,TON,WPR,Western Pacific,YEAR,2015,,,,,,,,,100 [83-120],100,83,120,,2025-11-11T16:20:50Z,2015,2015-01-01,2015-12-31
8581775,TB_1,COUNTRY,TUN,EMR,Eastern Mediterranean,YEAR,2014,,,,,,,,,59 [49-73],59,49,73,,2025-11-11T16:20:50Z,2014,2014-01-01,2014-12-31
8587463,TB_1,COUNTRY,IRL,EUR,Europe,YEAR,2016,,,,,,,,,81 [67-100],81,67,100,,2025-11-11T16:20:50Z,2016,2016-01-01,2016-12-31
8587511,TB_1,COUNTRY,GMB,AFR,Africa,YEAR,2018,,,,,,,,,62 [47-83],62,47,83,,2025-11-11T16:20:50Z,2018,2018-01-01,2018-12-31
8588286,TB_1,COUNTRY,BOL,AMR,Americas,YEAR,2019,,,,,,,,,67 [56-82],67,56,82,,2025-11-11T16:20:50Z,2019,2019-01-01,2019-12-31
8593535,TB_1,COUNTRY,MMR,SEAR,South-East Asia,YEAR,2000,,,,,,,,,12 [6.2-35],12,6.2,35,,2025-11-11T16:20:50Z,2000,2000-01-01,2000-12-31
8600348,TB_1,COUNTRY,TJK,EUR,Europe,YEAR,2000,,,,,,,,,32 [26-39],32,26,39,,2025-11-11T16:20:50Z,2000,2000-01-01,2000-12-31
8600510,TB_1,COUNTRY,NER,AFR,Africa,YEAR,2014,,,,,,,,,54 [26-93],54,26,93,,2025-11-11T16:20:50Z,2014,2014-01-01,2014-12-31
8601737,TB_1,COUNTRY,GBR,EUR,Europe,YEAR,2008,,,,,,,,,89 [83-96],89,83,96,,2025-11-11T16:20:50Z,2008,2008-01-01,2008-12-31
8602994,TB_1,COUNTRY,COD,AFR,Africa,YEAR,2010,,,,,,,,,33 [17-54],33,17,54,,2025-11-11T16:20:50Z,2010,2010-01-01,2010-12-31
8604156,TB_1,COUNTRY,ZAF,AFR,Africa,YEAR,2005,,,,,,,,,45 [23-130],45,23,130,,2025-11-11T16:20:50Z,2005,2005-01-01,2005-12-31
8605200,TB_1,COUNTRY,SUR,AMR,Americas,YEAR,2013,,,,,,,,,67 [55-82],67,55,82,,2025-11-11T16:20:50Z,2013,2013-01-01,2013-12-31
8608898,TB_1,COUNTRY,AZE,EUR,Europe,YEAR,2016,,,,,,,,,61 [50-75],61,50,75,,2025-11-11T16:20:50Z,2016,2016-01-01,2016-12-31
8610365,TB_1,COUNTRY,MNG,WPR,Western Pacific,YEAR,2000,,,,,,,,,30 [18-57],30,18,57,,2025-11-11T16:20:50Z,2000,2000-01-01,2000-12-31
8613346,TB_1,COUNTRY,IRN,EMR,Eastern Mediterranean,YEAR,2015,,,,,,,,,63 [52-77],63,52,77,,2025-11-11T16:20:50Z,2015,2015-01-01,2015-12-31
8614850,TB_1,COUNTRY,ZWE,AFR,Africa,YEAR,2002,,,,,,,,,79 [42-200],79,42,200,,2025-11-11T16:20:50Z,2002,2002-01-01,2002-12-31
8614968,TB_1,COUNTRY,FJI,WPR,Western Pacific,YEAR,2020,,,,,,,,,58 [49-72],58,49,72,,2025-11-11T16:20:50Z,2020,2020-01-01,2020-12-31
8617503,TB_1,COUNTRY,ITA,EUR,Europe,YEAR,2016,,,,,,,,,84 [69-100],84,69,100,,2025-11-11T16:20:50Z,2016,2016-01-01,2016-12-31
8617862,TB_1,COUNTRY,MAC,,,YEAR,2004,,,,,,,,,46 [38-56],46,38,56,,2025-11-11T16:20:50Z,2004,2004-01-01,2004-12-31
8620077,TB_1,COUNTRY,UZB,EUR,Europe,YEAR,2011,,,,,,,,,57 [47-70],57,47,70,,2025-11-11T16:20:50Z,2011,2011-01-01,2011-12-31
8622891,TB_1,COUNTRY,BLR,EUR,Europe,YEAR,2007,,,,,,,,,58 [48-71],58,48,71,,2025-11-11T16:20:50Z,2007,2007-01-01,2007-12-31
8624782,TB_1,COUNTRY,FRA,EUR,Europe,YEAR,2013,,,,,,,,,83 [79-86],83,79,86,,2025-11-11T16:20:50Z,2013,2013-01-01,2013-12-31
8627455,TB_1,COUNTRY,KIR,WPR,Western Pacific,YEAR,2003,,,,,,,,,25 [21-30],25,21,30,,2025-11-11T16:20:50Z,2003,2003-01-01,2003-12-31
8627707,TB_1,COUNTRY,SOM,EMR,Eastern Mediterranean,YEAR,2013,,,,,,,,,54 [26-94],54,26,94,,2025-11-11T16:20:50Z,2013,2013-01-01,2013-12-31
8631148,TB_1,COUNTRY,COD,AFR,Africa,YEAR,2014,,,,,,,,,32 [17-52],32,17,52,,2025-11-11T16:20:50Z,2014,2014-01-01,2014-12-31
8632283,TB_1,COUNTRY,MDG,AFR,Africa,YEAR,2010,,,,,,,,,47 [21-84],47,21,84,,2025-11-11T16:20:50Z,2010,2010-01-01,2010-12-31
8632883,TB_1,COUNTRY,DNK,EUR,Europe,YEAR,2007,,,,,,,,,74 [62-92],74,62,92,,2025-11-11T16:20:50Z,2007,2007-01-01,2007-12-31
8633323,TB_1,COUNTRY,LBN,EMR,Eastern Mediterranean,YEAR,2001,,,,,,,,,49 [41-60],49,41,60,,2025-11-11T16:20:50Z,2001,2001-01-01,2001-12-31
8634762,TB_1,COUNTRY,NGA,AFR,Africa,YEAR,2020,,,,,,,,,29 [20-44],29,20,44,,2025-11-11T16:20:50Z,2020,2020-01-01,2020-12-31
8637248,TB_1,COUNTRY,SRB,EUR,Europe,YEAR,2005,,,,,,,,,61 [51-75],61,51,75,,2025-11-11T16:20:50Z,2005,2005-01-01,2005-12-31
8638651,TB_1,COUNTRY,ALB,EUR,Europe,YEAR,2022,,,,,,,,,68 [55-85],68,55,85,,2025-11-11T16:20:50Z,2022,2022-01-01,2022-12-31
8639226,TB_1,COUNTRY,NLD,EUR,Europe,YEAR,2004,,,,,,,,,87 [75-100],87,75,100,,2025-11-11T16:20:50Z,2004,2004-01-01,2004-12-31
8641180,TB_1,COUNTRY,OMN,EMR,Eastern Mediterranean,YEAR,2016,,,,,,,,,68 [56-84],68,56,84,,2025-11-11T16:20:50Z,2016,2016-01-01,2016-12-31
8642206,TB_1,COUNTRY,SLB,WPR,Western Pacific,YEAR,2006,,,,,,,,,28 [23-34],28,23,34,,2025-11-11T16:20:50Z,2006,2006-01-01,2006-12-31
8642659,TB_1,COUNTRY,TTO,AMR,Americas,YEAR,2011,,,,,,,,,71 [59-87],71,59,87,,2025-11-11T16:20:50Z,2011,2011-01-01,2011-12-31
8644811,TB_1,COUNTRY,STP,AFR,Africa,YEAR,2009,,,,,,,,,41 [34-50],41,34,50,,2025-11-11T16:20:50Z,2009,2009-01-01,2009-12-31
8646438,TB_1,COUNTRY,MLI,AFR,Africa,YEAR,2024,,,,,,,,,70 [36-110],70,36,110,,2025-11-11T16:20:50Z,2024,2024-01-01,2024-12-31
8650002,TB_1,REGION,EUR,,,YEAR,2016,,,,,,,,,82 [71-96],82,71,96,,2025-11-11T16:20:50Z,2016,2016-01-01,2016-12-31
8651250,TB_1,COUNTRY,KAZ,EUR,Europe,YEAR,2024,,,,,,,,,99 [82-120],99,82,120,,2025-11-11T16:20:50Z,2024,2024-01-01,2024-12-31
8652517,TB_1,COUNTRY,KOR,WPR,Western Pacific,YEAR,2004,,,,,,,,,94 [87-100],94,87,100,,2025-11-11T16:20:50Z,2004,2004-01-01,2004-12-31
8653908,TB_1,COUNTRY,TJK,EUR,Europe,YEAR,2021,,,,,,,,,55 [45-70],55,45,70,,2025-11-11T16:20:50Z,2021,2021-01-01,2021-12-31
8654662,TB_1,COUNTRY,JPN,WPR,Western Pacific,YEAR,2021,,,,,,,,,83 [69-100],83,69,100,,2025-11-11T16:20:50Z,2021,2021-01-01,2021-12-31
8655639,TB_1,COUNTRY,NIC,AMR,Americas,YEAR,2015,,,,,,,,,68 [57-84],68,57,84,,2025-11-11T16:20:50Z,2015,2015-01-01,2015-12-31
8656266,TB_1,COUNTRY,RUS,EUR,Europe,YEAR,2021,,,,,,,,,83 [57-130],83,57,130,,2025-11-11T16:20:50Z,2021,2021-01-01,2021-12-31
8659133,TB_1,COUNTRY,PRY,AMR,Americas,YEAR,2012,,,,,,,,,66 [55-81],66,55,81,,2025-11-11T16:20:50Z,2012,2012-01-01,2012-12-31
8659320,TB_1,COUNTRY,NIC,AMR,Americas,YEAR,2013,,,,,,,,,65 [54-80],65,54,80,,2025-11-11T16:20:50Z,2013,2013-01-01,2013-12-31
8660987,TB_1,COUNTRY,KGZ,EUR,Europe,YEAR,2013,,,,,,,,,61 [51-75],61,51,75,,2025-11-11T16:20:50Z,2013,2013-01-01,2013-12-31
8664283,TB_1,COUNTRY,UGA,AFR,Africa,YEAR,2010,,,,,,,,,63 [44-98],63,44,98,,2025-11-11T16:20:50Z,2010,2010-01-01,2010-12-31
8665261,TB_1,COUNTRY,AUT,EUR,Europe,YEAR,2001,,,,,,,,,69 [57-85],69,57,85,,2025-11-11T16:20:50Z,2001,2001-01-01,2001-12-31
8666304,TB_1,COUNTRY,EST,EUR,Europe,YEAR,2007,,,,,,,,,61 [51-75],61,51,75,,2025-11-11T16:20:50Z,2007,2007-01-01,2007-12-31
8669293,TB_1,COUNTRY,DZA,AFR,Africa,YEAR,2017,,,,,,,,,74 [61-91],74,61,91,,2025-11-11T16:20:50Z,2017,2017-01-01,2017-12-31
8669508,TB_1,GLOBAL,GLOBAL,,,YEAR,2007,,,,,,,,,46 [37-60],46,37,60,,2025-11-11T16:20:50Z,2007,2007-01-01,2007-12-31
8671545,TB_1,COUNTRY,SEN,AFR,Africa,YEAR,2016,,,,,,,,,54 [27-89],54,27,89,,2025-11-11T16:20:50Z,2016,2016-01-01,2016-12-31
8672752,TB_1,COUNTRY,CAN,AMR,Americas,YEAR,2011,,,,,,,,,83 [69-100],83,69,100,,2025-11-11T16:20:50Z,2011,2011-01-01,2011-12-31
8674351,TB_1,COUNTRY,YEM,EMR,Eastern Mediterranean,YEAR,2024,,,,,,,,,74 [64-88],74,64,88,,2025-11-11T16:20:50Z,2024,2024-01-01,2024-12-31
8682594,TB_1,COUNTRY,BGD,SEAR,South-East Asia,YEAR,2020,,,,,,,,,63 [48-86],63,48,86,,2025-11-11T16:20:50Z,2020,2020-01-01,2020-12-31
8686878,TB_1,COUNTRY,AZE,EUR,Europe,YEAR,2022,,,,,,,,,58 [47-73],58,47,73,,2025-11-11T16:20:50Z,2022,2022-01-01,2022-12-31
8688251,TB_1,COUNTRY,NPL,SEAR,South-East Asia,YEAR,2008,,,,,,,,,37 [24-66],37,24,66,,2025-11-11T16:20:50Z,2008,2008-01-01,2008-12-31
8692274,TB_1,COUNTRY,SVN,EUR,Europe,YEAR,2002,,,,,,,,,70 [58-86],70,58,86,,2025-11-11T16:20:50Z,2002,2002-01-01,2002-12-31
8692632,TB_1,COUNTRY,PRT,EUR,Europe,YEAR,2004,,,,,,,,,76 [63-93],76,63,93,,2025-11-11T16:20:50Z,2004,2004-01-01,2004-12-31
8692710,TB_1,COUNTRY,ISR,EUR,Europe,YEAR,2018,,,,,,,,,84 [70-100],84,70,100,,2025-11-11T16:20:50Z,2018,2018-01-01,2018-12-31
8693021,TB_1,COUNTRY,MYS,WPR,Western Pacific,YEAR,2010,,,,,,,,,65 [54-80],65,54,80,,2025-11-11T16:20:50Z,2010,2010-01-01,2010-12-31
8693864,TB_1,COUNTRY,TUV,WPR,Western Pacific,YEAR,2012,,,,,,,,,100 [83-120],100,83,120,,2025-11-11T16:20:50Z,2012,2012-01-01,2012-12-31
8696860,TB_1,GLOBAL,GLOBAL,,,YEAR,2008,,,,,,,,,48 [38-61],48,38,61,,2025-11-11T16:20:50Z,2008,2008-01-01,2008-12-31
8698492,TB_1,COUNTRY,WSM,WPR,Western Pacific,YEAR,2000,,,,,,,,,100 [83-120],100,83,120,,2025-11-11T16:20:50Z,2000,2000-01-01,2000-12-31
8699044,TB_1,COUNTRY,TTO,AMR,Americas,YEAR,2012,,,,,,,,,72 [60-89],72,60,89,,2025-11-11T16:20:50Z,2012,2012-01-01,2012-12-31
8700421,TB_1,COUNTRY,ISR,EUR,Europe,YEAR,2010,,,,,,,,,79 [65-97],79,65,97,,2025-11-11T16:20:50Z,2010,2010-01-01,2010-12-31
8700452,TB_1,COUNTRY,LKA,SEAR,South-East Asia,YEAR,2008,,,,,,,,,47 [23-82],47,23,82,,2025-11-11T16:20:50Z,2008,2008-01-01,2008-12-31
8700616,TB_1,COUNTRY,NAM,AFR,Africa,YEAR,2012,,,,,,,,,60 [39-100],60,39,100,,2025-11-11T16:20:50Z,2012,2012-01-01,2012-12-31
8706184,TB_1,COUNTRY,AND,EUR,Europe,YEAR,2014,,,,,,,,,100 [83-120],100,83,120,,2025-11-11T16:20:50Z,2014,2014-01-01,2014-12-31
8706701,TB_1,COUNTRY,SLB,WPR,Western Pacific,YEAR,2000,,,,,,,,,24 [20-30],24,20,30,,2025-11-11T16:20:50Z,2000,2000-01-01,2000-12-31
8707288,TB_1,COUNTRY,CMR,AFR,Africa,YEAR,2024,,,,,,,,,69 [36-110],69,36,110,,2025-11-11T16:20:50Z,2024,2024-01-01,2024-12-31
8707548,TB_1,COUNTRY,KOR,WPR,Western Pacific,YEAR,2018,,,,,,,,,94 [87-100],94,87,100,,2025-11-11T16:20:50Z,2018,2018-01-01,2018-12-31
8708527,TB_1,COUNTRY,JOR,EMR,Eastern Mediterranean,YEAR,2010,,,,,,,,,69 [57-85],69,57,85,,2025-11-11T16:20:50Z,2010,2010-01-01,2010-12-31
8711575,TB_1,COUNTRY,GBR,EUR,Europe,YEAR,2022,,,,,,,,,89 [83-96],89,83,96,,2025-11-11T16:20:50Z,2022,2022-01-01,2022-12-31
8713665,TB_1,COUNTRY,SLE,AFR,Africa,YEAR,2004,,,,,,,,,19 [9.9-31],19,9.9,31,,2025-11-11T16:20:50Z,2004,2004-01-01,2004-12-31
8713840,TB_1,COUNTRY,MDV,SEAR,South-East Asia,YEAR,2009,,,,,,,,,51 [42-62],51,42,62,,2025-11-11T16:20:50Z,2009,2009-01-01,2009-12-31
8715377,TB_1,COUNTRY,NOR,EUR,Europe,YEAR,2024,,,,,,,,,88 [73-110],88,73,110,,2025-11-11T16:20:50Z,2024,2024-01-01,2024-12-31
8718449,TB_1,COUNTRY,IDN,WPR,Western Pacific,YEAR,2016,,,,,,,,,43 [39-47],43,39,47,,2025-11-11T16:20:50Z,2016,2016-01-01,2016-12-31
8725949,TB_1,COUNTRY,ARG,AMR,Americas,YEAR,2001,,,,,,,,,66 [54-81],66,54,81,,2025-11-11T16:20:50Z,2001,2001-01-01,2001-12-31
8727605,TB_1,COUNTRY,NAM,AFR,Africa,YEAR,2013,,,,,,,,,60 [40-100],60,40,100,,2025-11-11T16:20:50Z,2013,2013-01-01,2013-12-31
8732572,TB_1,COUNTRY,FIN,EUR,Europe,YEAR,2011,,,,,,,,,85 [70-100],85,70,100,,2025-11-11T16:20:50Z,2011,2011-01-01,2011-12-31
8733780,TB_1,COUNTRY,TUV,WPR,Western Pacific,YEAR,2001,,,,,,,,,100 [83-120],100,83,120,,2025-11-11T16:20:50Z,2001,2001-01-01,2001-12-31
8737237,TB_1,COUNTRY,AUT,EUR,Europe,YEAR,2011,,,,,,,,,81 [67-100],81,67,100,,2025-11-11T16:20:50Z,2011,2011-01-01,2011-12-31
8739979,TB_1,COUNTRY,PLW,WPR,Western Pacific,YEAR,2015,,,,,,,,,100 [83-120],100,83,120,,2025-11-11T16:20:50Z,2015,2015-01-01,2015-12-31
8741087,TB_1,COUNTRY,AND,EUR,Europe,YEAR,2010,,,,,,,,,100 [83-120],100,83,120,,2025-11-11T16:20:50Z,2010,2010-01-01,2010-12-31
8741891,TB_1,COUNTRY,MAC,,,YEAR,2016,,,,,,,,,63 [52-78],63,52,78,,2025-11-11T16:20:50Z,2016,2016-01-01,2016-12-31
8743376,TB_1,COUNTRY,BEN,AFR,Africa,YEAR,2014,,,,,,,,,54 [26-92],54,26,92,,2025-11-11T16:20:50Z,2014,2014-01-01,2014-12-31
8745472,TB_1,COUNTRY,PRY,AMR,Americas,YEAR,2015,,,,,,,,,69 [57-85],69,57,85,,2025-11-11T16:20:50Z,2015,2015-01-01,2015-12-31
8746446,TB_1,COUNTRY,ETH,AFR,Africa,YEAR,2017,,,,,,,,,59 [35-120],59,35,120,,2025-11-11T16:20:50Z,2017,2017-01-01,2017-12-31
8757622,TB_1,COUNTRY,TKM,EUR,Europe,YEAR,2008,,,,,,,,,61 [51-75],61,51,75,,2025-11-11T16:20:50Z,2008,2008-01-01,2008-12-31
8763640,TB_1,COUNTRY,SWE,EUR,Europe,YEAR,2001,,,,,,,,,71 [59-87],71,59,87,,2025-11-11T16:20:50Z,2001,2001-01-01,2001-12-31
8763876,TB_1,COUNTRY,GIN,AFR,Africa,YEAR,2019,,,,,,,,,71 [37-120],71,37,120,,2025-11-11T16:20:50Z,2019,2019-01-01,2019-12-31
8764009,TB_1,COUNTRY,USA,AMR,Americas,YEAR,2022,,,,,,,,,86 [71-110],86,71,110,,2025-11-11T16:20:50Z,2022,2022-01-01,2022-12-31
8767920,TB_1,COUNTRY,KHM,WPR,Western Pacific,YEAR,2024,,,,,,,,,70 [53-93],70,53,93,,2025-11-11T16:20:50Z,2024,2024-01-01,2024-12-31
8768677,TB_1,COUNTRY,BHR,EMR,Eastern Mediterranean,YEAR,2001,,,,,,,,,55 [46-68],55,46,68,,2025-11-11T16:20:50Z,2001,2001-01-01,2001-12-31
8769414,TB_1,COUNTRY,SYR,EMR,Eastern Mediterranean,YEAR,2004,,,,,,,,,45 [37-55],45,37,55,,2025-11-11T16:20:50Z,2004,2004-01-01,2004-12-31
8771272,TB_1,COUNTRY,UGA,AFR,Africa,YEAR,2000,,,,,,,,,46 [24-120],46,24,120,,2025-11-11T16:20:50Z,2000,2000-01-01,2000-12-31
8771590,TB_1,WORLDBANKINCOMEGROUP,WB_LMI,,,YEAR,2005,,,,,,,,,35 [24-55],35,24,55,,2025-11-11T16:20:50Z,2005,2005-01-01,2005-12-31
8775445,TB_1,REGION,AFR,,,YEAR,2020,,,,,,,,,52 [45-60],52,45,60,,2025-11-11T16:20:50Z,2020,2020-01-01,2020-12-31
8776571,TB_1,COUNTRY,BEL,EUR,Europe,YEAR,2003,,,,,,,,,77 [64-95],77,64,95,,2025-11-11T16:20:50Z,2003,2003-01-01,2003-12-31
8777668,TB_1,COUNTRY,AZE,EUR,Europe,YEAR,2018,,,,,,,,,64 [53-79],64,53,79,,2025-11-11T16:20:50Z,2018,2018-01-01,2018-12-31
8786366,TB_1,COUNTRY,CYP,EUR,Europe,YEAR,2017,,,,,,,,,80 [67-99],80,67,99,,2025-11-11T16:20:50Z,2017,2017-01-01,2017-12-31
8787118,TB_1,COUNTRY,KOR,WPR,Western Pacific,YEAR,2011,,,,,,,,,94 [87-100],94,87,100,,2025-11-11T16:20:50Z,2011,2011-01-01,2011-12-31
8787123,TB_1,COUNTRY,SUR,AMR,Americas,YEAR,2002,,,,,,,,,44 [36-54],44,36,54,,2025-11-11T16:20:50Z,2002,2002-01-01,2002-12-31
8788334,TB_1,COUNTRY,MHL,WPR,Western Pacific,YEAR,2008,,,,,,,,,47 [39-58],47,39,58,,2025-11-11T16:20:50Z,2008,2008-01-01,2008-12-31
8789785,TB_1,COUNTRY,SLE,AFR,Africa,YEAR,2005,,,,,,,,,22 [12-37],22,12,37,,2025-11-11T16:20:50Z,2005,2005-01-01,2005-12-31
8795913,TB_1,COUNTRY,DJI,EMR,Eastern Mediterranean,YEAR,2018,,,,,,,,,43 [36-53],43,36,53,,2025-11-11T16:20:50Z,2018,2018-01-01,2018-12-31
8796515,TB_1,COUNTRY,AUT,EUR,Europe,YEAR,2005,,,,,,,,,76 [63-94],76,63,94,,2025-11-11T16:20:50Z,2005,2005-01-01,2005-12-31
8798824,TB_1,COUNTRY,POL,EUR,Europe,YEAR,2007,,,,,,,,,70 [58-87],70,58,87,,2025-11-11T16:20:50Z,2007,2007-01-01,2007-12-31
8799440,TB_1,COUNTRY,COL,AMR,Americas,YEAR,2022,,,,,,,,,74 [61-91],74,61,91,,2025-11-11T16:20:50Z,2022,2022-01-01,2022-12-31
8806850,TB_1,COUNTRY,GUY,AMR,Americas,YEAR,2000,,,,,,,,,37 [31-46],37,31,46,,2025-11-11T16:20:50Z,2000,2000-01-01,2000-12-31
8808745,TB_1,COUNTRY,LCA,AMR,Americas,YEAR,2013,,,,,,,,,100 [83-120],100,83,120,,2025-11-11T16:20:50Z,2013,2013-01-01,2013-12-31
8809167,TB_1,WORLDBANKINCOMEGROUP,WB_UMI,,,YEAR,2004,,,,,,,,,49 [42-58],49,42,58,,2025-11-11T16:20:50Z,2004,2004-01-01,2004-12-31
8810027,TB_1,COUNTRY,COM,AFR,Africa,YEAR,2023,,,,,,,,,49 [26-81],49,26,81,,2025-11-11T16:20:50Z,2023,2023-01-01,2023-12-31
8810376,TB_1,COUNTRY,FRA,EUR,Europe,YEAR,2009,,,,,,,,,83 [79-86],83,79,86,,2025-11-11T16:20:50Z,2009,2009-01-01,2009-12-31
8811797,TB_1,COUNTRY,CMR,AFR,Africa,YEAR,2019,,,,,,,,,57 [30-93],57,30,93,,2025-11-11T16:20:50Z,2019,2019-01-01,2019-12-31
8812540,TB_1,COUNTRY,BGD,SEAR,South-East Asia,YEAR,2011,,,,,,,,,45 [35-62],45,35,62,,2025-11-11T16:20:50Z,2011,2011-01-01,2011-12-31
8813924,TB_1,COUNTRY,NLD,EUR,Europe,YEAR,2002,,,,,,,,,87 [75-100],87,75,100,,2025-11-11T16:20:50Z,2002,2002-01-01,2002-12-31
8814425,TB_1,COUNTRY,CUB,AMR,Americas,YEAR,2018,,,,,,,,,83 [69-100],83,69,100,,2025-11-11T16:20:50Z,2018,2018-01-01,2018-12-31
8826899,TB_1,GLOBAL,GLOBAL,,,YEAR,2006,,,,,,,,,45 [35-58],45,35,58,,2025-11-11T16:20:50Z,2006,2006-01-01,2006-12-31
8828227,TB_1,GLOBAL,GLOBAL,,,YEAR,2018,,,,,,,,,65 [61-69],65,61,69,,2025-11-11T16:20:50Z,2018,2018-01-01,2018-12-31
8829658,TB_1,COUNTRY,TLS,SEAR,South-East Asia,YEAR,2011,,,,,,,,,64 [32-110],64,32,110,,2025-11-11T16:20:50Z,2011,2011-01-01,2011-12-31
8829727,TB_1,COUNTRY,LTU,EUR,Europe,YEAR,2024,,,,,,,,,73 [61-90],73,61,90,,2025-11-11T16:20:50Z,2024,2024-01-01,2024-12-31
8831439,TB_1,COUNTRY,KGZ,EUR,Europe,YEAR,2000,,,,,,,,,42 [35-52],42,35,52,,2025-11-11T16:20:50Z,2000,2000-01-01,2000-12-31
8839601,TB_1,COUNTRY,TZA,AFR,Africa,YEAR,2018,,,,,,,,,51 [29-120],51,29,120,,2025-11-11T16:20:50Z,2018,2018-01-01,2018-12-31
8840244,TB_1,COUNTRY,ZAF,AFR,Africa,YEAR,2015,,,,,,,,,51 [32-95],51,32,95,,2025-11-11T16:20:50Z,2015,2015-01-01,2015-12-31
8842690,TB_1,COUNTRY,CHN,WPR,Western Pacific,YEAR,2006,,,,,,,,,82 [68-100],82,68,100,,2025-11-11T16:20:50Z,2006,2006-01-01,2006-12-31
8844603,TB_1,COUNTRY,MEX,AMR,Americas,YEAR,2010,,,,,,,,,63 [52-78],63,52,78,,2025-11-11T16:20:50Z,2010,2010-01-01,2010-12-31
8846262,TB_1,COUNTRY,MAR,EMR,Eastern Mediterranean,YEAR,2007,,,,,,,,,89 [74-110],89,74,110,,2025-11-11T16:20:50Z,2007,2007-01-01,2007-12-31
8850085,TB_1,COUNTRY,BEL,EUR,Europe,YEAR,2007,,,,,,,,,81 [67-99],81,67,99,,2025-11-11T16:20:50Z,2007,2007-01-01,2007-12-31
8850123,TB_1,COUNTRY,JPN,WPR,Western Pacific,YEAR,2014,,,,,,,,,82 [68-100],82,68,100,,2025-11-11T16:20:50Z,2014,2014-01-01,2014-12-31
8854987,TB_1,COUNTRY,HKG,,,YEAR,2023,,,,,,,,,65 [54-80],65,54,80,,2025-11-11T16:20:50Z,2023,2023-01-01,2023-12-31
8856491,TB_1,COUNTRY,CUB,AMR,Americas,YEAR,2000,,,,,,,,,47 [39-57],47,39,57,,2025-11-11T16:20:50Z,2000,2000-01-01,2000-12-31
8857501,TB_1,COUNTRY,PSE,EMR,Eastern Mediterranean,YEAR,2022,,,,,,,,,70 [58-86],70,58,86,,2025-11-11T16:20:50Z,2022,2022-01-01,2022-12-31
8862980,TB_1,COUNTRY,ESP,EUR,Europe,YEAR,2000,,,,,,,,,66 [55-81],66,55,81,,2025-11-11T16:20:50Z,2000,2000-01-01,2000-12-31
8866329,TB_1,COUNTRY,COL,AMR,Americas,YEAR,2010,,,,,,,,,63 [53-78],63,53,78,,2025-11-11T16:20:50Z,2010,2010-01-01,2010-12-31
8869470,TB_1,REGION,WPR,,,YEAR,2004,,,,,,,,,45 [40-52],45,40,52,,2025-11-11T16:20:50Z,2004,2004-01-01,2004-12-31
8871190,TB_1,COUNTRY,MRT,AFR,Africa,YEAR,2005,,,,,,,,,38 [17-68],38,17,68,,2025-11-11T16:20:50Z,2005,2005-01-01,2005-12-31
8871573,TB_1,COUNTRY,NPL,SEAR,South-East Asia,YEAR,2002,,,,,,,,,30 [20-54],30,20,54,,2025-11-11T16:20:50Z,2002,2002-01-01,2002-12-31
8871947,TB_1,COUNTRY,NAM,AFR,Africa,YEAR,2000,,,,,,,,,60 [35-130],60,35,130,,2025-11-11T16:20:50Z,2000,2000-01-01,2000-12-31
8877246,TB_1,COUNTRY,ISL,EUR,Europe,YEAR,2014,,,,,,,,,100 [83-120],100,83,120,,2025-11-11T16:20:50Z,2014,2014-01-01,2014-12-31
8879192,TB_1,COUNTRY,TZA,AFR,Africa,YEAR,2003,,,,,,,,,34 [14-160],34,14,160,,2025-11-11T16:20:50Z,2003,2003-01-01,2003-12-31
8883618,TB_1,COUNTRY,MMR,SEAR,South-East Asia,YEAR,2015,,,,,,,,,69 [45-120],69,45,120,,2025-11-11T16:20:50Z,2015,2015-01-01,2015-12-31
8883841,TB_1,COUNTRY,DJI,EMR,Eastern Mediterranean,YEAR,2006,,,,,,,,,26 [22-32],26,22,32,,2025-11-11T16:20:50Z,2006,2006-01-01,2006-12-31
8884644,TB_1,COUNTRY,ROU,EUR,Europe,YEAR,2012,,,,,,,,,73 [61-90],73,61,90,,2025-11-11T16:20:50Z,2012,2012-01-01,2012-12-31
8887686,TB_1,COUNTRY,AZE,EUR,Europe,YEAR,2005,,,,,,,,,30 [25-36],30,25,36,,2025-11-11T16:20:50Z,2005,2005-01-01,2005-12-31
8888256,TB_1,COUNTRY,BTN,SEAR,South-East Asia,YEAR,2011,,,,,,,,,41 [34-51],41,34,51,,2025-11-11T16:20:50Z,2011,2011-01-01,2011-12-31
8891196,TB_1,COUNTRY,LBN,EMR,Eastern Mediterranean,YEAR,2022,,,,,,,,,72 [60-89],72,60,89,,2025-11-11T16:20:50Z,2022,2022-01-01,2022-12-31
8894769,TB_1,COUNTRY,SLB,WPR,Western Pacific,YEAR,2003,,,,,,,,,25 [21-31],25,21,31,,2025-11-11T16:20:50Z,2003,2003-01-01,2003-12-31
8896058,TB_1,COUNTRY,JOR,EMR,Eastern Mediterranean,YEAR,2024,,,,,,,,,67 [56-83],67,56,83,,2025-11-11T16:20:50Z,2024,2024-01-01,2024-12-31
8903044,TB_1,COUNTRY,CZE,EUR,Europe,YEAR,2013,,,,,,,,,79 [66-97],79,66,97,,2025-11-11T16:20:50Z,2013,2013-01-01,2013-12-31
8911987,TB_1,COUNTRY,TGO,AFR,Africa,YEAR,2005,,,,,,,,,50 [22-90],50,22,90,,2025-11-11T16:20:50Z,2005,2005-01-01,2005-12-31
8914739,TB_1,REGION,EMR,,,YEAR,2008,,,,,,,,,50 [38-67],50,38,67,,2025-11-11T16:20:50Z,2008,2008-01-01,2008-12-31
8916519,TB_1,COUNTRY,LUX,EUR,Europe,YEAR,2002,,,,,,,,,73 [60-90],73,60,90,,2025-11-11T16:20:50Z,2002,2002-01-01,2002-12-31
8919709,TB_1,COUNTRY,HTI,AMR,Americas,YEAR,2018,,,,,,,,,48 [40-59],48,40,59,,2025-11-11T16:20:50Z,2018,2018-01-01,2018-12-31
8922775,TB_1,COUNTRY,AFG,EMR,Eastern Mediterranean,YEAR,2018,,,,,,,,,62 [32-100],62,32,100,,2025-11-11T16:20:50Z,2018,2018-01-01,2018-12-31
8929484,TB_1,COUNTRY,PRY,AMR,Americas,YEAR,2013,,,,,,,,,67 [56-83],67,56,83,,2025-11-11T16:20:50Z,2013,2013-01-01,2013-12-31
8938934,TB_1,COUNTRY,KEN,AFR,Africa,YEAR,2018,,,,,,,,,65 [42-110],65,42,110,,2025-11-11T16:20:50Z,2018,2018-01-01,2018-12-31
8942039,TB_1,COUNTRY,BTN,SEAR,South-East Asia,YEAR,2006,,,,,,,,,32 [26-39],32,26,39,,2025-11-11T16:20:50Z,2006,2006-01-01,2006-12-31
8945040,TB_1,COUNTRY,KHM,WPR,Western Pacific,YEAR,2000,,,,,,,,,18 [13-25],18,13,25,,2025-11-11T16:20:50Z,2000,2000-01-01,2000-12-31
8946086,TB_1,COUNTRY,UZB,EUR,Europe,YEAR,2023,,,,,,,,,73 [60-89],73,60,89,,2025-11-11T16:20:50Z,2023,2023-01-01,2023-12-31
8949316,TB_1,COUNTRY,GUY,AMR,Americas,YEAR,2022,,,,,,,,,77 [64-95],77,64,95,,2025-11-11T16:20:50Z,2022,2022-01-01,2022-12-31
8949657,TB_1,COUNTRY,BGD,SEAR,South-East Asia,YEAR,2007,,,,,,,,,45 [34-62],45,34,62,,2025-11-11T16:20:50Z,2007,2007-01-01,2007-12-31
8953151,TB_1,COUNTRY,MAR,EMR,Eastern Mediterranean,YEAR,2023,,,,,,,,,89 [74-110],89,74,110,,2025-11-11T16:20:50Z,2023,2023-01-01,2023-12-31
8953386,TB_1,COUNTRY,LUX,EUR,Europe,YEAR,2004,,,,,,,,,74 [61-91],74,61,91,,2025-11-11T16:20:50Z,2004,2004-01-01,2004-12-31
8957323,TB_1,COUNTRY,MAR,EMR,Eastern Mediterranean,YEAR,2013,,,,,,,,,89 [74-110],89,74,110,,2025-11-11T16:20:50Z,2013,2013-01-01,2013-12-31
8957848,TB_1,COUNTRY,IRL,EUR,Europe,YEAR,2024,,,,,,,,,83 [69-100],83,69,100,,2025-11-11T16:20:50Z,2024,2024-01-01,2024-12-31
8959261,TB_1,COUNTRY,OMN,EMR,Eastern Mediterranean,YEAR,2019,,,,,,,,,70 [58-86],70,58,86,,2025-11-11T16:20:50Z,2019,2019-01-01,2019-12-31
8959902,TB_1,COUNTRY,ZWE,AFR,Africa,YEAR,2005,,,,,,,,,69 [28-350],69,28,350,,2025-11-11T16:20:50Z,2005,2005-01-01,2005-12-31
8960567,TB_1,COUNTRY,URY,AMR,Americas,YEAR,2002,,,,,,,,,63 [52-77],63,52,77,,2025-11-11T16:20:50Z,2002,2002-01-01,2002-12-31
8961254,TB_1,REGION,AFR,,,YEAR,2000,,,,,,,,,33 [28-40],33,28,40,,2025-11-11T16:20:50Z,2000,2000-01-01,2000-12-31
8962503,TB_1,COUNTRY,LSO,AFR,Africa,YEAR,2012,,,,,,,,,51 [28-120],51,28,120,,2025-11-11T16:20:50Z,2012,2012-01-01,2012-12-31
8964807,TB_1,COUNTRY,BRA,AMR,Americas,YEAR,2017,,,,,,,,,92 [76-110],92,76,110,,2025-11-11T16:20:50Z,2017,2017-01-01,2017-12-31
8964858,TB_1,COUNTRY,ERI,AFR,Africa,YEAR,2021,,,,,,,,,43 [36-53],43,36,53,,2025-11-11T16:20:50Z,2021,2021-01-01,2021-12-31
8966897,TB_1,COUNTRY,SWZ,AFR,Africa,YEAR,2010,,,,,,,,,57 [17-1600],57,17,1600,,2025-11-11T16:20:50Z,2010,2010-01-01,2010-12-31
8969386,TB_1,COUNTRY,UGA,AFR,Africa,YEAR,2005,,,,,,,,,63 [43-100],63,43,100,,2025-11-11T16:20:50Z,2005,2005-01-01,2005-12-31
8973704,TB_1,COUNTRY,HTI,AMR,Americas,YEAR,2015,,,,,,,,,49 [40-60],49,40,60,,2025-11-11T16:20:50Z,2015,2015-01-01,2015-12-31
8975278,TB_1,COUNTRY,LCA,AMR,Americas,YEAR,2009,,,,,,,,,100 [83-120],100,83,120,,2025-11-11T16:20:50Z,2009,2009-01-01,2009-12-31
8976131,TB_1,COUNTRY,IDN,WPR,Western Pacific,YEAR,2021,,,,,,,,,47 [42-54],47,42,54,,2025-11-11T16:20:50Z,2021,2021-01-01,2021-12-31
8976971,TB_1,COUNTRY,NAM,AFR,Africa,YEAR,2007,,,,,,,,,60 [33-150],60,33,150,,2025-11-11T16:20:50Z,2007,2007-01-01,2007-12-31
8981094,TB_1,COUNTRY,ZAF,AFR,Africa,YEAR,2014,,,,,,,,,52 [31-100],52,31,100,,2025-11-11T16:20:50Z,2014,2014-01-01,2014-12-31
8985311,TB_1,COUNTRY,MKD,EUR,Europe,YEAR,2024,,,,,,,,,75 [63-93],75,63,93,,2025-11-11T16:20:50Z,2024,2024-01-01,2024-12-31
8985420,TB_1,COUNTRY,SGP,WPR,Western Pacific,YEAR,2001,,,,,,,,,57 [48-71],57,48,71,,2025-11-11T16:20:50Z,2001,2001-01-01,2001-12-31
8992160,TB_1,WORLDBANKINCOMEGROUP,WB_LI,,,YEAR,2014,,,,,,,,,48 [39-61],48,39,61,,2025-11-11T16:20:50Z,2014,2014-01-01,2014-12-31
8999443,TB_1,COUNTRY,SWZ,AFR,Africa,YEAR,2015,,,,,,,,,58 [31-140],58,31,140,,2025-11-11T16:20:50Z,2015,2015-01-01,2015-12-31
9001375,TB_1,COUNTRY,UKR,EUR,Europe,YEAR,2023,,,,,,,,,60 [49-75],60,49,75,,2025-11-11T16:20:50Z,2023,2023-01-01,2023-12-31
9003733,TB_1,COUNTRY,MNG,WPR,Western Pacific,YEAR,2001,,,,,,,,,33 [20-65],33,20,65,,2025-11-11T16:20:50Z,2001,2001-01-01,2001-12-31
9004023,TB_1,COUNTRY,MWI,AFR,Africa,YEAR,2010,,,,,,,,,42 [16-260],42,16,260,,2025-11-11T16:20:50Z,2010,2010-01-01,2010-12-31
9004721,TB_1,COUNTRY,GRC,EUR,Europe,YEAR,2020,,,,,,,,,80 [66-98],80,66,98,,2025-11-11T16:20:50Z,2020,2020-01-01,2020-12-31
9008568,TB_1,COUNTRY,IND,SEAR,South-East Asia,YEAR,2001,,,,,,,,,31 [16-91],31,16,91,,2025-11-11T16:20:50Z,2001,2001-01-01,2001-12-31
9008950,TB_1,COUNTRY,DZA,AFR,Africa,YEAR,2016,,,,,,,,,74 [61-91],74,61,91,,2025-11-11T16:20:50Z,2016,2016-01-01,2016-12-31
9009091,TB_1,COUNTRY,HKG,,,YEAR,2001,,,,,,,,,43 [35-52],43,35,52,,2025-11-11T16:20:50Z,2001,2001-01-01,2001-12-31
9010327,TB_1,COUNTRY,CAN,AMR,Americas,YEAR,2013,,,,,,,,,87 [72-110],87,72,110,,2025-11-11T16:20:50Z,2013,2013-01-01,2013-12-31
9011928,TB_1,COUNTRY,LBR,AFR,Africa,YEAR,2002,,,,,,,,,59 [24-110],59,24,110,,2025-11-11T16:20:50Z,2002,2002-01-01,2002-12-31
9015204,TB_1,COUNTRY,PNG,WPR,Western Pacific,YEAR,2024,,,,,,,,,64 [31-110],64,31,110,,2025-11-11T16:20:50Z,2024,2024-01-01,2024-12-31
9015916,TB_1,COUNTRY,CAF,AFR,Africa,YEAR,2002,,,,,,,,,18 [9.8-30],18,9.8,30,,2025-11-11T16:20:50Z,2002,2002-01-01,2002-12-31
9018990,TB_1,COUNTRY,CHL,AMR,Americas,YEAR,2021,,,,,,,,,82 [68-100],82,68,100,,2025-11-11T16:20:50Z,2021,2021-01-01,2021-12-31
9026367,TB_1,COUNTRY,MLI,AFR,Africa,YEAR,2023,,,,,,,,,67 [35-110],67,35,110,,2025-11-11T16:20:50Z,2023,2023-01-01,2023-12-31
9026720,TB_1,COUNTRY,ARM,EUR,Europe,YEAR,2001,,,,,,,,,39 [32-48],39,32,48,,2025-11-11T16:20:50Z,2001,2001-01-01,2001-12-31
9029460,TB_1,COUNTRY,HKG,,,YEAR,2002,,,,,,,,,44 [36-54],44,36,54,,2025-11-11T16:20:50Z,2002,2002-01-01,2002-12-31
9031862,TB_1,COUNTRY,GRC,EUR,Europe,YEAR,2019,,,,,,,,,79 [66-97],79,66,97,,2025-11-11T16:20:50Z,2019,2019-01-01,2019-12-31
9031937,TB_1,COUNTRY,COD,AFR,Africa,YEAR,2017,,,,,,,,,40 [21-65],40,21,65,,2025-11-11T16:20:50Z,2017,2017-01-01,2017-12-31
9033531,TB_1,COUNTRY,MHL,WPR,Western Pacific,YEAR,2021,,,,,,,,,60 [49-73],60,49,73,,2025-11-11T16:20:50Z,2021,2021-01-01,2021-12-31
9040320,TB_1,COUNTRY,NOR,EUR,Europe,YEAR,2009,,,,,,,,,84 [70-100],84,70,100,,2025-11-11T16:20:50Z,2009,2009-01-01,2009-12-31
9041306,TB_1,COUNTRY,CMR,AFR,Africa,YEAR,2020,,,,,,,,,53 [28-87],53,28,87,,2025-11-11T16:20:50Z,2020,2020-01-01,2020-12-31
9043149,TB_1,COUNTRY,THA,SEAR,South-East Asia,YEAR,2002,,,,,,,,,32 [15-100],32,15,100,,2025-11-11T16:20:50Z,2002,2002-01-01,2002-12-31
9043339,TB_1,COUNTRY,MNE,EUR,Europe,YEAR,2006,,,,,,,,,61 [51-75],61,51,75,,2025-11-11T16:20:50Z,2006,2006-01-01,2006-12-31
9047581,TB_1,COUNTRY,UZB,EUR,Europe,YEAR,2018,,,,,,,,,73 [60-89],73,60,89,,2025-11-11T16:20:50Z,2018,2018-01-01,2018-12-31
9047958,TB_1,COUNTRY,COK,WPR,Western Pacific,YEAR,2020,,,,,,,,,100 [83-120],100,83,120,,2025-11-11T16:20:50Z,2020,2020-01-01,2020-12-31
9052799,TB_1,COUNTRY,ROU,EUR,Europe,YEAR,2000,,,,,,,,,66 [55-81],66,55,81,,2025-11-11T16:20:50Z,2000,2000-01-01,2000-12-31
9053198,TB_1,COUNTRY,NPL,SEAR,South-East Asia,YEAR,2014,,,,,,,,,46 [30-80],46,30,80,,2025-11-11T16:20:50Z,2014,2014-01-01,2014-12-31
9054931,TB_1,COUNTRY,UZB,EUR,Europe,YEAR,2021,,,,,,,,,66 [55-81],66,55,81,,2025-11-11T16:20:50Z,2021,2021-01-01,2021-12-31
9056515,TB_1,COUNTRY,ZAF,AFR,Africa,YEAR,2020,,,,,,,,,56 [42-80],56,42,80,,2025-11-11T16:20:50Z,2020,2020-01-01,2020-12-31
9056663,TB_1,COUNTRY,GNQ,AFR,Africa,YEAR,2018,,,,,,,,,37 [19-60],37,19,60,,2025-11-11T16:20:50Z,2018,2018-01-01,2018-12-31
9059027,TB_1,COUNTRY,BWA,AFR,Africa,YEAR,2000,,,,,,,,,57 [25-100],57,25,100,,2025-11-11T16:20:50Z,2000,2000-01-01,2000-12-31
9060929,TB_1,COUNTRY,ERI,AFR,Africa,YEAR,2001,,,,,,,,,22 [18-27],22,18,27,,2025-11-11T16:20:50Z,2001,2001-01-01,2001-12-31
9066250,TB_1,COUNTRY,AUT,EUR,Europe,YEAR,2014,,,,,,,,,83 [69-100],83,69,100,,2025-11-11T16:20:50Z,2014,2014-01-01,2014-12-31
9067147,TB_1,COUNTRY,MHL,WPR,Western Pacific,YEAR,2011,,,,,,,,,54 [45-66],54,45,66,,2025-11-11T16:20:50Z,2011,2011-01-01,2011-12-31
9068024,TB_1,COUNTRY,CYP,EUR,Europe,YEAR,2021,,,,,,,,,81 [67-100],81,67,100,,2025-11-11T16:20:50Z,2021,2021-01-01,2021-12-31
9068598,TB_1,COUNTRY,KOR,WPR,Western Pacific,YEAR,2003,,,,,,,,,94 [87-100],94,87,100,,2025-11-11T16:20:50Z,2003,2003-01-01,2003-12-31
9071222,TB_1,COUNTRY,COL,AMR,Americas,YEAR,2001,,,,,,,,,45 [38-56],45,38,56,,2025-11-11T16:20:50Z,2001,2001-01-01,2001-12-31
9071273,TB_1,COUNTRY,ALB,EUR,Europe,YEAR,2018,,,,,,,,,89 [74-110],89,74,110,,2025-11-11T16:20:50Z,2018,2018-01-01,2018-12-31
9072819,TB_1,COUNTRY,BGD,SEAR,South-East Asia,YEAR,2002,,,,,,,,,27 [21-37],27,21,37,,2025-11-11T16:20:50Z,2002,2002-01-01,2002-12-31
9073423,TB_1,COUNTRY,BRA,AMR,Americas,YEAR,2006,,,,,,,,,92 [76-110],92,76,110,,2025-11-11T16:20:50Z,2006,2006-01-01,2006-12-31
9075139,TB_1,COUNTRY,VUT,WPR,Western Pacific,YEAR,2001,,,,,,,,,32 [3.1-92],32,3.1,92,,2025-11-11T16:20:50Z,2001,2001-01-01,2001-12-31
9075272,TB_1,COUNTRY,SGP,WPR,Western Pacific,YEAR,2018,,,,,,,,,88 [73-110],88,73,110,,2025-11-11T16:20:50Z,2018,2018-01-01,2018-12-31
9080404,TB_1,COUNTRY,COD,AFR,Africa,YEAR,2016,,,,,,,,,35 [18-57],35,18,57,,2025-11-11T16:20:50Z,2016,2016-01-01,2016-12-31
9081969,TB_1,COUNTRY,TON,WPR,Western Pacific,YEAR,2000,,,,,,,,,100 [83-120],100,83,120,,2025-11-11T16:20:50Z,2000,2000-01-01,2000-12-31
9082602,TB_1,COUNTRY,BTN,SEAR,South-East Asia,YEAR,2008,,,,,,,,,36 [30-44],36,30,44,,2025-11-11T16:20:50Z,2008,2008-01-01,2008-12-31
9085376,TB_1,COUNTRY,AFG,EMR,Eastern Mediterranean,YEAR,2021,,,,,,,,,61 [32-100],61,32,100,,2025-11-11T16:20:50Z,2021,2021-01-01,2021-12-31
9087686,TB_1,COUNTRY,ARM,EUR,Europe,YEAR,2014,,,,,,,,,62 [52-77],62,52,77,,2025-11-11T16:20:50Z,2014,2014-01-01,2014-12-31
9090792,TB_1,COUNTRY,TGO,AFR,Africa,YEAR,2013,,,,,,,,,50 [23-86],50,23,86,,2025-11-11T16:20:50Z,2013,2013-01-01,2013-12-31
9091754,TB_1,COUNTRY,GUY,AMR,Americas,YEAR,2018,,,,,,,,,77 [64-94],77,64,94,,2025-11-11T16:20:50Z,2018,2018-01-01,2018-12-31
9092198,TB_1,COUNTRY,GTM,AMR,Americas,YEAR,2021,,,,,,,,,89 [74-110],89,74,110,,2025-11-11T16:20:50Z,2021,2021-01-01,2021-12-31
9094347,TB_1,COUNTRY,LTU,EUR,Europe,YEAR,2000,,,,,,,,,42 [35-52],42,35,52,,2025-11-11T16:20:50Z,2000,2000-01-01,2000-12-31
9094591,TB_1,COUNTRY,KGZ,EUR,Europe,YEAR,2012,,,,,,,,,59 [49-72],59,49,72,,2025-11-11T16:20:50Z,2012,2012-01-01,2012-12-31
9100266,TB_1,COUNTRY,THA,SEAR,South-East Asia,YEAR,2000,,,,,,,,,22 [11-70],22,11,70,,2025-11-11T16:20:50Z,2000,2000-01-01,2000-12-31
9103691,TB_1,COUNTRY,PRI,AMR,Americas,YEAR,2000,,,,,,,,,47 [39-58],47,39,58,,2025-11-11T16:20:50Z,2000,2000-01-01,2000-12-31
9104226,TB_1,COUNTRY,COD,AFR,Africa,YEAR,2001,,,,,,,,,21 [11-35],21,11,35,,2025-11-11T16:20:50Z,2001,2001-01-01,2001-12-31
9112997,TB_1,COUNTRY,ROU,EUR,Europe,YEAR,2022,,,,,,,,,72 [60-89],72,60,89,,2025-11-11T16:20:50Z,2022,2022-01-01,2022-12-31
9113167,TB_1,WORLDBANKINCOMEGROUP,WB_LI,,,YEAR,2007,,,,,,,,,40 [32-52],40,32,52,,2025-11-11T16:20:50Z,2007,2007-01-01,2007-12-31
9113477,TB_1,COUNTRY,DOM,AMR,Americas,YEAR,2015,,,,,,,,,73 [60-90],73,60,90,,2025-11-11T16:20:50Z,2015,2015-01-01,2015-12-31
9118574,TB_1,COUNTRY,MDG,AFR,Africa,YEAR,2004,,,,,,,,,47 [19-86],47,19,86,,2025-11-11T16:20:50Z,2004,2004-01-01,2004-12-31
9125830,TB_1,COUNTRY,AFG,EMR,Eastern Mediterranean,YEAR,2001,,,,,,,,,29 [3.8-76],29,3.8,76,,2025-11-11T16:20:50Z,2001,2001-01-01,2001-12-31
9128014,TB_1,COUNTRY,SWZ,AFR,Africa,YEAR,2014,,,,,,,,,57 [26-210],57,26,210,,2025-11-11T16:20:50Z,2014,2014-01-01,2014-12-31
9129251,TB_1,COUNTRY,KIR,WPR,Western Pacific,YEAR,2004,,,,,,,,,26 [21-32],26,21,32,,2025-11-11T16:20:50Z,2004,2004-01-01,2004-12-31
9129300,TB_1,COUNTRY,IDN,WPR,Western Pacific,YEAR,2013,,,,,,,,,38 [35-42],38,35,42,,2025-11-11T16:20:50Z,2013,2013-01-01,2013-12-31
9129391,TB_1,COUNTRY,CHL,AMR,Americas,YEAR,2024,,,,,,,,,82 [68-100],82,68,100,,2025-11-11T16:20:50Z,2024,2024-01-01,2024-12-31
9130391,TB_1,COUNTRY,MAC,,,YEAR,2015,,,,,,,,,62 [52-76],62,52,76,,2025-11-11T16:20:50Z,2015,2015-01-01,2015-12-31
9130863,TB_1,COUNTRY,KIR,WPR,Western Pacific,YEAR,2011,,,,,,,,,38 [32-47],38,32,47,,2025-11-11T16:20:50Z,2011,2011-01-01,2011-12-31
9131807,TB_1,COUNTRY,MNG,WPR,Western Pacific,YEAR,2022,,,,,,,,,19 [12-35],19,12,35,,2025-11-11T16:20:50Z,2022,2022-01-01,2022-12-31
9133124,TB_1,COUNTRY,EST,EUR,Europe,YEAR,2006,,,,,,,,,58 [48-72],58,48,72,,2025-11-11T16:20:50Z,2006,2006-01-01,2006-12-31
9140559,TB_1,COUNTRY,FRA,EUR,Europe,YEAR,2017,,,,,,,,,83 [79-86],83,79,86,,2025-11-11T16:20:50Z,2017,2017-01-01,2017-12-31
9147744,TB_1,COUNTRY,KWT,EMR,Eastern Mediterranean,YEAR,2010,,,,,,,,,73 [60-89],73,60,89,,2025-11-11T16:20:50Z,2010,2010-01-01,2010-12-31
9147975,TB_1,COUNTRY,GNB,AFR,Africa,YEAR,2017,,,,,,,,,60 [30-99],60,30,99,,2025-11-11T16:20:50Z,2017,2017-01-01,2017-12-31
9153796,TB_1,COUNTRY,VNM,WPR,Western Pacific,YEAR,2003,,,,,,,,,42 [22-110],42,22,110,,2025-11-11T16:20:50Z,2003,2003-01-01,2003-12-31
9155777,TB_1,COUNTRY,MWI,AFR,Africa,YEAR,2019,,,,,,,,,61 [38-110],61,38,110,,2025-11-11T16:20:50Z,2019,2019-01-01,2019-12-31
9155818,TB_1,COUNTRY,JPN,WPR,Western Pacific,YEAR,2022,,,,,,,,,83 [69-100],83,69,100,,2025-11-11T16:20:50Z,2022,2022-01-01,2022-12-31
9156622,TB_1,COUNTRY,BHS,AMR,Americas,YEAR,2018,,,,,,,,,78 [65-96],78,65,96,,2025-11-11T16:20:50Z,2018,2018-01-01,2018-12-31
9157031,TB_1,COUNTRY,HRV,EUR,Europe,YEAR,2011,,,,,,,,,76 [63-93],76,63,93,,2025-11-11T16:20:50Z,2011,2011-01-01,2011-12-31
9157314,TB_1,COUNTRY,AZE,EUR,Europe,YEAR,2015,,,,,,,,,59 [49-72],59,49,72,,2025-11-11T16:20:50Z,2015,2015-01-01,2015-12-31
9157732,TB_1,COUNTRY,EST,EUR,Europe,YEAR,2020,,,,,,,,,79 [65-97],79,65,97,,2025-11-11T16:20:50Z,2020,2020-01-01,2020-12-31
9159111,TB_1,COUNTRY,ZWE,AFR,Africa,YEAR,2009,,,,,,,,,73 [41-160],73,41,160,,2025-11-11T16:20:50Z,2009,2009-01-01,2009-12-31
9160382,TB_1,COUNTRY,MYS,WPR,Western Pacific,YEAR,2003,,,,,,,,,53 [44-65],53,44,65,,2025-11-11T16:20:50Z,2003,2003-01-01,2003-12-31
9160713,TB_1,REGION,AFR,,,YEAR,2012,,,,,,,,,45 [38-54],45,38,54,,2025-11-11T16:20:50Z,2012,2012-01-01,2012-12-31
9161918,TB_1,COUNTRY,MEX,AMR,Americas,YEAR,2004,,,,,,,,,56 [46-69],56,46,69,,2025-11-11T16:20:50Z,2004,2004-01-01,2004-12-31
9161953,TB_1,COUNTRY,GHA,AFR,Africa,YEAR,2001,,,,,,,,,28 [13-91],28,13,91,,2025-11-11T16:20:50Z,2001,2001-01-01,2001-12-31
9163141,TB_1,COUNTRY,COG,AFR,Africa,YEAR,2007,,,,,,,,,49 [22-87],49,22,87,,2025-11-11T16:20:50Z,2007,2007-01-01,2007-12-31
9163216,TB_1,REGION,EMR,,,YEAR,2007,,,,,,,,,48 [37-65],48,37,65,,2025-11-11T16:20:50Z,2007,2007-01-01,2007-12-31
9163459,TB_1,COUNTRY,CIV,AFR,Africa,YEAR,2004,,,,,,,,,49 [21-89],49,21,89,,2025-11-11T16:20:50Z,2004,2004-01-01,2004-12-31
9164362,TB_1,COUNTRY,BLZ,AMR,Americas,YEAR,2011,,,,,,,,,62 [51-76],62,51,76,,2025-11-11T16:20:50Z,2011,2011-01-01,2011-12-31
9165892,TB_1,COUNTRY,GAB,AFR,Africa,YEAR,2010,,,,,,,,,48 [24-79],48,24,79,,2025-11-11T16:20:50Z,2010,2010-01-01,2010-12-31
9166126,TB_1,COUNTRY,RWA,AFR,Africa,YEAR,2014,,,,,,,,,75 [55-110],75,55,110,,2025-11-11T16:20:50Z,2014,2014-01-01,2014-12-31
9166497,TB_1,COUNTRY,TGO,AFR,Africa,YEAR,2006,,,,,,,,,52 [23-93],52,23,93,,2025-11-11T16:20:50Z,2006,2006-01-01,2006-12-31
9169682,TB_1,REGION,EUR,,,YEAR,2022,,,,,,,,,78 [68-89],78,68,89,,2025-11-11T16:20:50Z,2022,2022-01-01,2022-12-31
9173592,TB_1,COUNTRY,CMR,AFR,Africa,YEAR,2009,,,,,,,,,46 [22-80],46,22,80,,2025-11-11T16:20:50Z,2009,2009-01-01,2009-12-31
9180324,TB_1,COUNTRY,LTU,EUR,Europe,YEAR,2006,,,,,,,,,51 [42-63],51,42,63,,2025-11-11T16:20:50Z,2006,2006-01-01,2006-12-31
9181061,TB_1,COUNTRY,FIN,EUR,Europe,YEAR,2003,,,,,,,,,78 [64-95],78,64,95,,2025-11-11T16:20:50Z,2003,2003-01-01,2003-12-31
9186483,TB_1,COUNTRY,CRI,AMR,Americas,YEAR,2008,,,,,,,,,71 [59-87],71,59,87,,2025-11-11T16:20:50Z,2008,2008-01-01,2008-12-31
9188296,TB_1,COUNTRY,MUS,AFR,Africa,YEAR,2005,,,,,,,,,46 [38-56],46,38,56,,2025-11-11T16:20:50Z,2005,2005-01-01,2005-12-31
9191181,TB_1,COUNTRY,TUV,WPR,Western Pacific,YEAR,2020,,,,,,,,,100 [83-120],100,83,120,,2025-11-11T16:20:50Z,2020,2020-01-01,2020-12-31
9195840,TB_1,COUNTRY,MOZ,AFR,Africa,YEAR,2008,,,,,,,,,51 [35-82],51,35,82,,2025-11-11T16:20:50Z,2008,2008-01-01,2008-12-31
9196389,TB_1,COUNTRY,SEN,AFR,Africa,YEAR,2001,,,,,,,,,47 [18-90],47,18,90,,2025-11-11T16:20:50Z,2001,2001-01-01,2001-12-31
9197033,TB_1,COUNTRY,VNM,WPR,Western Pacific,YEAR,2017,,,,,,,,,57 [39-94],57,39,94,,2025-11-11T16:20:50Z,2017,2017-01-01,2017-12-31
9197373,TB_1,COUNTRY,PAK,EMR,Eastern Mediterranean,YEAR,2020,,,,,,,,,45 [33-63],45,33,63,,2025-11-11T16:20:50Z,2020,2020-01-01,2020-12-31
9199105,TB_1,COUNTRY,IRN,EMR,Eastern Mediterranean,YEAR,2002,,,,,,,,,42 [35-51],42,35,51,,2025-11-11T16:20:50Z,2002,2002-01-01,2002-12-31
9200578,TB_1,COUNTRY,NOR,EUR,Europe,YEAR,2014,,,,,,,,,86 [71-110],86,71,110,,2025-11-11T16:20:50Z,2014,2014-01-01,2014-12-31
9208333,TB_1,COUNTRY,TGO,AFR,Africa,YEAR,2023,,,,,,,,,71 [37-120],71,37,120,,2025-11-11T16:20:50Z,2023,2023-01-01,2023-12-31
9208651,TB_1,COUNTRY,CUB,AMR,Americas,YEAR,2008,,,,,,,,,71 [59-87],71,59,87,,2025-11-11T16:20:50Z,2008,2008-01-01,2008-12-31
9212440,TB_1,COUNTRY,NIC,AMR,Americas,YEAR,2002,,,,,,,,,41 [34-51],41,34,51,,2025-11-11T16:20:50Z,2002,2002-01-01,2002-12-31
9215385,TB_1,COUNTRY,HUN,EUR,Europe,YEAR,2006,,,,,,,,,69 [57-85],69,57,85,,2025-11-11T16:20:50Z,2006,2006-01-01,2006-12-31
9224594,TB_1,COUNTRY,ZAF,AFR,Africa,YEAR,2010,,,,,,,,,55 [33-110],55,33,110,,2025-11-11T16:20:50Z,2010,2010-01-01,2010-12-31
9227414,TB_1,COUNTRY,SRB,EUR,Europe,YEAR,2006,,,,,,,,,61 [51-75],61,51,75,,2025-11-11T16:20:50Z,2006,2006-01-01,2006-12-31
9228707,TB_1,COUNTRY,MOZ,AFR,Africa,YEAR,2003,,,,,,,,,43 [30-68],43,30,68,,2025-11-11T16:20:50Z,2003,2003-01-01,2003-12-31
9229997,TB_1,COUNTRY,BRN,WPR,Western Pacific,YEAR,2018,,,,,,,,,77 [64-95],77,64,95,,2025-11-11T16:20:50Z,2018,2018-01-01,2018-12-31
9230948,TB_1,COUNTRY,BOL,AMR,Americas,YEAR,2017,,,,,,,,,64 [53-79],64,53,79,,2025-11-11T16:20:50Z,2017,2017-01-01,2017-12-31
9231475,TB_1,COUNTRY,DZA,AFR,Africa,YEAR,2013,,,,,,,,,70 [58-86],70,58,86,,2025-11-11T16:20:50Z,2013,2013-01-01,2013-12-31
9232042,TB_1,COUNTRY,GNQ,AFR,Africa,YEAR,2015,,,,,,,,,37 [19-61],37,19,61,,2025-11-11T16:20:50Z,2015,2015-01-01,2015-12-31
9236985,TB_1,COUNTRY,COL,AMR,Americas,YEAR,2009,,,,,,,,,62 [51-76],62,51,76,,2025-11-11T16:20:50Z,2009,2009-01-01,2009-12-31
9238702,TB_1,COUNTRY,TON,WPR,Western Pacific,YEAR,2018,,,,,,,,,100 [83-120],100,83,120,,2025-11-11T16:20:50Z,2018,2018-01-01,2018-12-31
9240501,TB_1,COUNTRY,SDN,EMR,Eastern Mediterranean,YEAR,2016,,,,,,,,,61 [40-100],61,40,100,,2025-11-11T16:20:50Z,2016,2016-01-01,2016-12-31
9242222,TB_1,COUNTRY,VCT,AMR,Americas,YEAR,2018,,,,,,,,,100 [83-120],100,83,120,,2025-11-11T16:20:50Z,2018,2018-01-01,2018-12-31
9248620,TB_1,COUNTRY,NGA,AFR,Africa,YEAR,2009,,,,,,,,,25 [18-38],25,18,38,,2025-11-11T16:20:50Z,2009,2009-01-01,2009-12-31
9252614,TB_1,COUNTRY,MYS,WPR,Western Pacific,YEAR,2017,,,,,,,,,76 [63-94],76,63,94,,2025-11-11T16:20:50Z,2017,2017-01-01,2017-12-31
9253045,TB_1,GLOBAL,GLOBAL,,,YEAR,2002,,,,,,,,,34 [27-45],34,27,45,,2025-11-11T16:20:50Z,2002,2002-01-01,2002-12-31
9253692,TB_1,COUNTRY,KEN,AFR,Africa,YEAR,2015,,,,,,,,,45 [27-95],45,27,95,,2025-11-11T16:20:50Z,2015,2015-01-01,2015-12-31
9255914,TB_1,COUNTRY,JPN,WPR,Western Pacific,YEAR,2004,,,,,,,,,72 [60-88],72,60,88,,2025-11-11T16:20:50Z,2004,2004-01-01,2004-12-31
9259298,TB_1,COUNTRY,SWZ,AFR,Africa,YEAR,2008,,,,,,,,,57 [18-790],57,18,790,,2025-11-11T16:20:50Z,2008,2008-01-01,2008-12-31
9261124,TB_1,COUNTRY,URY,AMR,Americas,YEAR,2014,,,,,,,,,79 [65-97],79,65,97,,2025-11-11T16:20:50Z,2014,2014-01-01,2014-12-31
9267310,TB_1,COUNTRY,COD,AFR,Africa,YEAR,2013,,,,,,,,,32 [16-51],32,16,51,,2025-11-11T16:20:50Z,2013,2013-01-01,2013-12-31
9271779,TB_1,REGION,AFR,,,YEAR,2015,,,,,,,,,45 [38-53],45,38,53,,2025-11-11T16:20:50Z,2015,2015-01-01,2015-12-31
9274696,TB_1,COUNTRY,SGP,WPR,Western Pacific,YEAR,2021,,,,,,,,,89 [74-110],89,74,110,,2025-11-11T16:20:50Z,2021,2021-01-01,2021-12-31
9279492,TB_1,COUNTRY,SRB,EUR,Europe,YEAR,2010,,,,,,,,,62 [51-76],62,51,76,,2025-11-11T16:20:50Z,2010,2010-01-01,2010-12-31
9281106,TB_1,COUNTRY,STP,AFR,Africa,YEAR,2016,,,,,,,,,53 [44-65],53,44,65,,2025-11-11T16:20:50Z,2016,2016-01-01,2016-12-31
9281222,TB_1,COUNTRY,COG,AFR,Africa,YEAR,2023,,,,,,,,,78 [41-130],78,41,130,,2025-11-11T16:20:50Z,2023,2023-01-01,2023-12-31
9282271,TB_1,COUNTRY,BHR,EMR,Eastern Mediterranean,YEAR,2008,,,,,,,,,62 [51-76],62,51,76,,2025-11-11T16:20:50Z,2008,2008-01-01,2008-12-31
9285308,TB_1,COUNTRY,MDV,SEAR,South-East Asia,YEAR,2017,,,,,,,,,71 [59-88],71,59,88,,2025-11-11T16:20:50Z,2017,2017-01-01,2017-12-31
9287202,TB_1,COUNTRY,CRI,AMR,Americas,YEAR,2001,,,,,,,,,62 [51-76],62,51,76,,2025-11-11T16:20:50Z,2001,2001-01-01,2001-12-31
9289475,TB_1,COUNTRY,KIR,WPR,Western Pacific,YEAR,2022,,,,,,,,,47 [39-58],47,39,58,,2025-11-11T16:20:50Z,2022,2022-01-01,2022-12-31
9290292,TB_1,COUNTRY,VEN,AMR,Americas,YEAR,2000,,,,,,,,,42 [35-52],42,35,52,,2025-11-11T16:20:50Z,2000,2000-01-01,2000-12-31
9291510,TB_1,COUNTRY,MAR,EMR,Eastern Mediterranean,YEAR,2012,,,,,,,,,89 [74-110],89,74,110,,2025-11-11T16:20:50Z,2012,2012-01-01,2012-12-31
9300987,TB_1,COUNTRY,HND,AMR,Americas,YEAR,2000,,,,,,,,,35 [29-43],35,29,43,,2025-11-11T16:20:50Z,2000,2000-01-01,2000-12-31
9301710,TB_1,COUNTRY,YEM,EMR,Eastern Mediterranean,YEAR,2016,,,,,,,,,74 [64-88],74,64,88,,2025-11-11T16:20:50Z,2016,2016-01-01,2016-12-31
9302323,TB_1,COUNTRY,IRN,EMR,Eastern Mediterranean,YEAR,2000,,,,,,,,,41 [34-51],41,34,51,,2025-11-11T16:20:50Z,2000,2000-01-01,2000-12-31
9304326,TB_1,COUNTRY,CRI,AMR,Americas,YEAR,2006,,,,,,,,,68 [57-84],68,57,84,,2025-11-11T16:20:50Z,2006,2006-01-01,2006-12-31
9307620,TB_1,COUNTRY,TUN,EMR,Eastern Mediterranean,YEAR,2013,,,,,,,,,59 [49-72],59,49,72,,2025-11-11T16:20:50Z,2013,2013-01-01,2013-12-31
9309093,TB_1,COUNTRY,DJI,EMR,Eastern Mediterranean,YEAR,2000,,,,,,,,,20 [16-24],20,16,24,,2025-11-11T16:20:50Z,2000,2000-01-01,2000-12-31
9309401,TB_1,COUNTRY,CHE,EUR,Europe,YEAR,2012,,,,,,,,,83 [69-100],83,69,100,,2025-11-11T16:20:50Z,2012,2012-01-01,2012-12-31
9311872,TB_1,COUNTRY,TUV,WPR,Western Pacific,YEAR,2003,,,,,,,,,100 [83-120],100,83,120,,2025-11-11T16:20:50Z,2003,2003-01-01,2003-12-31
9312791,TB_1,COUNTRY,LAO,WPR,Western Pacific,YEAR,2007,,,,,,,,,26 [15-56],26,15,56,,2025-11-11T16:20:50Z,2007,2007-01-01,2007-12-31
9315418,TB_1,REGION,WPR,,,YEAR,2000,,,,,,,,,27 [24-31],27,24,31,,2025-11-11T16:20:50Z,2000,2000-01-01,2000-12-31
9317980,TB_1,COUNTRY,IND,SEAR,South-East Asia,YEAR,2003,,,,,,,,,30 [15-87],30,15,87,,2025-11-11T16:20:50Z,2003,2003-01-01,2003-12-31
9319078,TB_1,COUNTRY,TZA,AFR,Africa,YEAR,2008,,,,,,,,,30 [14-110],30,14,110,,2025-11-11T16:20:50Z,2008,2008-01-01,2008-12-31
9320825,TB_1,COUNTRY,BRB,AMR,Americas,YEAR,2007,,,,,,,,,100 [83-120],100,83,120,,2025-11-11T16:20:50Z,2007,2007-01-01,2007-12-31
9321864,TB_1,COUNTRY,UGA,AFR,Africa,YEAR,2004,,,,,,,,,67 [47-100],67,47,100,,2025-11-11T16:20:50Z,2004,2004-01-01,2004-12-31
9326924,TB_1,COUNTRY,GRC,EUR,Europe,YEAR,2017,,,,,,,,,78 [65-96],78,65,96,,2025-11-11T16:20:50Z,2017,2017-01-01,2017-12-31
9328007,TB_1,COUNTRY,EGY,EMR,Eastern Mediterranean,YEAR,2010,,,,,,,,,68 [55-87],68,55,87,,2025-11-11T16:20:50Z,2010,2010-01-01,2010-12-31
9333609,TB_1,COUNTRY,UZB,EUR,Europe,YEAR,2022,,,,,,,,,72 [60-88],72,60,88,,2025-11-11T16:20:50Z,2022,2022-01-01,2022-12-31
9335784,TB_1,COUNTRY,NOR,EUR,Europe,YEAR,2016,,,,,,,,,87 [72-110],87,72,110,,2025-11-11T16:20:50Z,2016,2016-01-01,2016-12-31
9337367,TB_1,COUNTRY,VNM,WPR,Western Pacific,YEAR,2012,,,,,,,,,52 [33-96],52,33,96,,2025-11-11T16:20:50Z,2012,2012-01-01,2012-12-31
9340532,TB_1,COUNTRY,MLI,AFR,Africa,YEAR,2008,,,,,,,,,53 [25-91],53,25,91,,2025-11-11T16:20:50Z,2008,2008-01-01,2008-12-31
9341512,TB_1,COUNTRY,PNG,WPR,Western Pacific,YEAR,2022,,,,,,,,,55 [27-92],55,27,92,,2025-11-11T16:20:50Z,2022,2022-01-01,2022-12-31
9343601,TB_1,REGION,WPR,,,YEAR,2009,,,,,,,,,57 [51-65],57,51,65,,2025-11-11T16:20:50Z,2009,2009-01-01,2009-12-31
9343817,TB_1,COUNTRY,PRI,AMR,Americas,YEAR,2010,,,,,,,,,68 [56-83],68,56,83,,2025-11-11T16:20:50Z,2010,2010-01-01,2010-12-31
9346574,TB_1,COUNTRY,CHL,AMR,Americas,YEAR,2004,,,,,,,,,68 [57-84],68,57,84,,2025-11-11T16:20:50Z,2004,2004-01-01,2004-12-31
9347576,TB_1,COUNTRY,NER,AFR,Africa,YEAR,2013,,,,,,,,,55 [25-95],55,25,95,,2025-11-11T16:20:50Z,2013,2013-01-01,2013-12-31
9348129,TB_1,COUNTRY,SDN,EMR,Eastern Mediterranean,YEAR,2012,,,,,,,,,49 [25-140],49,25,140,,2025-11-11T16:20:50Z,2012,2012-01-01,2012-12-31
9349424,TB_1,COUNTRY,OMN,EMR,Eastern Mediterranean,YEAR,2021,,,,,,,,,69 [58-85],69,58,85,,2025-11-11T16:20:50Z,2021,2021-01-01,2021-12-31
9351814,TB_1,WORLDBANKINCOMEGROUP,WB_UMI,,,YEAR,2020,,,,,,,,,61 [56-67],61,56,67,,2025-11-11T16:20:50Z,2020,2020-01-01,2020-12-31
9353588,TB_1,COUNTRY,ARG,AMR,Americas,YEAR,2013,,,,,,,,,77 [64-95],77,64,95,,2025-11-11T16:20:50Z,2013,2013-01-01,2013-12-31
9354517,TB_1,COUNTRY,GNB,AFR,Africa,YEAR,2005,,,,,,,,,46 [20-82],46,20,82,,2025-11-11T16:20:50Z,2005,2005-01-01,2005-12-31
9356099,TB_1,COUNTRY,GRD,AMR,Americas,YEAR,2020,,,,,,,,,100 [83-120],100,83,120,,2025-11-11T16:20:50Z,2020,2020-01-01,2020-12-31
9357604,TB_1,COUNTRY,AUS,WPR,Western Pacific,YEAR,2010,,,,,,,,,83 [69-100],83,69,100,,2025-11-11T16:20:50Z,2010,2010-01-01,2010-12-31
9358426,TB_1,COUNTRY,KAZ,EUR,Europe,YEAR,2005,,,,,,,,,99 [82-120],99,82,120,,2025-11-11T16:20:50Z,2005,2005-01-01,2005-12-31
9359705,TB_1,COUNTRY,LBY,EMR,Eastern Mediterranean,YEAR,2018,,,,,,,,,72 [38-120],72,38,120,,2025-11-11T16:20:50Z,2018,2018-01-01,2018-12-31
9360583,TB_1,COUNTRY,VEN,AMR,Americas,YEAR,2013,,,,,,,,,72 [60-88],72,60,88,,2025-11-11T16:20:50Z,2013,2013-01-01,2013-12-31
9363173,TB_1,REGION,AFR,,,YEAR,2003,,,,,,,,,40 [33-49],40,33,49,,2025-11-11T16:20:50Z,2003,2003-01-01,2003-12-31
9365493,TB_1,COUNTRY,KNA,AMR,Americas,YEAR,2011,,,,,,,,,100 [83-120],100,83,120,,2025-11-11T16:20:50Z,2011,2011-01-01,2011-12-31
9366999,TB_1,COUNTRY,LAO,WPR,Western Pacific,YEAR,2004,,,,,,,,,20 [11-47],20,11,47,,2025-11-11T16:20:50Z,2004,2004-01-01,2004-12-31
9367731,TB_1,COUNTRY,TLS,SEAR,South-East Asia,YEAR,2002,,,,,,,,,28 [3.8-76],28,3.8,76,,2025-11-11T16:20:50Z,2002,2002-01-01,2002-12-31
9368688,TB_1,COUNTRY,DMA,AMR,Americas,YEAR,2007,,,,,,,,,100 [83-120],100,83,120,,2025-11-11T16:20:50Z,2007,2007-01-01,2007-12-31
9370671,TB_1,COUNTRY,NPL,SEAR,South-East Asia,YEAR,2015,,,,,,,,,45 [29-77],45,29,77,,2025-11-11T16:20:50Z,2015,2015-01-01,2015-12-31
9371227,TB_1,COUNTRY,SLV,AMR,Americas,YEAR,2011,,,,,,,,,72 [60-88],72,60,88,,2025-11-11T16:20:50Z,2011,2011-01-01,2011-12-31
9372295,TB_1,COUNTRY,MRT,AFR,Africa,YEAR,2019,,,,,,,,,63 [32-100],63,32,100,,2025-11-11T16:20:50Z,2019,2019-01-01,2019-12-31
9373036,TB_1,COUNTRY,YEM,EMR,Eastern Mediterranean,YEAR,2012,,,,,,,,,74 [64-88],74,64,88,,2025-11-11T16:20:50Z,2012,2012-01-01,2012-12-31
9377087,TB_1,COUNTRY,LBN,EMR,Eastern Mediterranean,YEAR,2018,,,,,,,,,72 [60-89],72,60,89,,2025-11-11T16:20:50Z,2018,2018-01-01,2018-12-31
9378459,TB_1,COUNTRY,HRV,EUR,Europe,YEAR,2002,,,,,,,,,69 [57-85],69,57,85,,2025-11-11T16:20:50Z,2002,2002-01-01,2002-12-31
9379909,TB_1,COUNTRY,CAN,AMR,Americas,YEAR,2016,,,,,,,,,90 [75-110],90,75,110,,2025-11-11T16:20:50Z,2016,2016-01-01,2016-12-31
9384105,TB_1,COUNTRY,SWE,EUR,Europe,YEAR,2021,,,,,,,,,86 [71-110],86,71,110,,2025-11-11T16:20:50Z,2021,2021-01-01,2021-12-31
9385410,TB_1,COUNTRY,NZL,WPR,Western Pacific,YEAR,2000,,,,,,,,,73 [61-90],73,61,90,,2025-11-11T16:20:50Z,2000,2000-01-01,2000-12-31
9387673,TB_1,COUNTRY,DOM,AMR,Americas,YEAR,2019,,,,,,,,,74 [61-90],74,61,90,,2025-11-11T16:20:50Z,2019,2019-01-01,2019-12-31
9387676,TB_1,COUNTRY,URY,AMR,Americas,YEAR,2019,,,,,,,,,82 [68-100],82,68,100,,2025-11-11T16:20:50Z,2019,2019-01-01,2019-12-31
9399067,TB_1,COUNTRY,MDV,SEAR,South-East Asia,YEAR,2005,,,,,,,,,37 [31-46],37,31,46,,2025-11-11T16:20:50Z,2005,2005-01-01,2005-12-31
9400246,TB_1,COUNTRY,UGA,AFR,Africa,YEAR,2020,,,,,,,,,69 [46-110],69,46,110,,2025-11-11T16:20:50Z,2020,2020-01-01,2020-12-31
9401917,TB_1,COUNTRY,ESP,EUR,Europe,YEAR,2016,,,,,,,,,86 [71-110],86,71,110,,2025-11-11T16:20:50Z,2016,2016-01-01,2016-12-31
9402214,TB_1,COUNTRY,KEN,AFR,Africa,YEAR,2023,,,,,,,,,80 [50-150],80,50,150,,2025-11-11T16:20:50Z,2023,2023-01-01,2023-12-31
9402440,TB_1,COUNTRY,ITA,EUR,Europe,YEAR,2001,,,,,,,,,69 [57-84],69,57,84,,2025-11-11T16:20:50Z,2001,2001-01-01,2001-12-31
9403816,TB_1,COUNTRY,MLI,AFR,Africa,YEAR,2018,,,,,,,,,57 [29-95],57,29,95,,2025-11-11T16:20:50Z,2018,2018-01-01,2018-12-31
9407118,TB_1,COUNTRY,AUS,WPR,Western Pacific,YEAR,2005,,,,,,,,,81 [68-100],81,68,100,,2025-11-11T16:20:50Z,2005,2005-01-01,2005-12-31
9412718,TB_1,COUNTRY,UZB,EUR,Europe,YEAR,2019,,,,,,,,,74 [62-91],74,62,91,,2025-11-11T16:20:50Z,2019,2019-01-01,2019-12-31
9412960,TB_1,COUNTRY,HUN,EUR,Europe,YEAR,2001,,,,,,,,,67 [56-83],67,56,83,,2025-11-11T16:20:50Z,2001,2001-01-01,2001-12-31
9413943,TB_1,COUNTRY,USA,AMR,Americas,YEAR,2018,,,,,,,,,86 [71-110],86,71,110,,2025-11-11T16:20:50Z,2018,2018-01-01,2018-12-31
9417666,TB_1,COUNTRY,HKG,,,YEAR,2003,,,,,,,,,45 [37-55],45,37,55,,2025-11-11T16:20:50Z,2003,2003-01-01,2003-12-31
9417760,TB_1,WORLDBANKINCOMEGROUP,WB_HI,,,YEAR,2004,,,,,,,,,81 [65-100],81,65,100,,2025-11-11T16:20:50Z,2004,2004-01-01,2004-12-31
9418230,TB_1,COUNTRY,MRT,AFR,Africa,YEAR,2000,,,,,,,,,51 [19-99],51,19,99,,2025-11-11T16:20:50Z,2000,2000-01-01,2000-12-31
9426461,TB_1,COUNTRY,NZL,WPR,Western Pacific,YEAR,2024,,,,,,,,,85 [71-100],85,71,100,,2025-11-11T16:20:50Z,2024,2024-01-01,2024-12-31
9426580,TB_1,COUNTRY,COD,AFR,Africa,YEAR,2008,,,,,,,,,31 [16-51],31,16,51,,2025-11-11T16:20:50Z,2008,2008-01-01,2008-12-31
9427211,TB_1,COUNTRY,MOZ,AFR,Africa,YEAR,2010,,,,,,,,,53 [36-85],53,36,85,,2025-11-11T16:20:50Z,2010,2010-01-01,2010-12-31
9428201,TB_1,COUNTRY,VNM,WPR,Western Pacific,YEAR,2008,,,,,,,,,47 [28-96],47,28,96,,2025-11-11T16:20:50Z,2008,2008-01-01,2008-12-31
9428577,TB_1,COUNTRY,HRV,EUR,Europe,YEAR,2004,,,,,,,,,71 [59-87],71,59,87,,2025-11-11T16:20:50Z,2004,2004-01-01,2004-12-31
9429474,TB_1,COUNTRY,THA,SEAR,South-East Asia,YEAR,2018,,,,,,,,,78 [61-100],78,61,100,,2025-11-11T16:20:50Z,2018,2018-01-01,2018-12-31
9429614,TB_1,COUNTRY,TJK,EUR,Europe,YEAR,2016,,,,,,,,,66 [55-81],66,55,81,,2025-11-11T16:20:50Z,2016,2016-01-01,2016-12-31
9429951,TB_1,COUNTRY,ECU,AMR,Americas,YEAR,2017,,,,,,,,,77 [64-94],77,64,94,,2025-11-11T16:20:50Z,2017,2017-01-01,2017-12-31
9432152,TB_1,COUNTRY,COD,AFR,Africa,YEAR,2020,,,,,,,,,51 [27-84],51,27,84,,2025-11-11T16:20:50Z,2020,2020-01-01,2020-12-31
9435380,TB_1,COUNTRY,HTI,AMR,Americas,YEAR,2005,,,,,,,,,30 [25-36],30,25,36,,2025-11-11T16:20:50Z,2005,2005-01-01,2005-12-31
9435780,TB_1,COUNTRY,ZAF,AFR,Africa,YEAR,2004,,,,,,,,,47 [25-130],47,25,130,,2025-11-11T16:20:50Z,2004,2004-01-01,2004-12-31
9438164,TB_1,COUNTRY,MUS,AFR,Africa,YEAR,2009,,,,,,,,,52 [43-64],52,43,64,,2025-11-11T16:20:50Z,2009,2009-01-01,2009-12-31
9442776,TB_1,COUNTRY,COL,AMR,Americas,YEAR,2021,,,,,,,,,65 [54-79],65,54,79,,2025-11-11T16:20:50Z,2021,2021-01-01,2021-12-31
9443511,TB_1,COUNTRY,PRY,AMR,Americas,YEAR,2009,,,,,,,,,62 [51-76],62,51,76,,2025-11-11T16:20:50Z,2009,2009-01-01,2009-12-31
9443706,TB_1,COUNTRY,CHN,WPR,Western Pacific,YEAR,2018,,,,,,,,,92 [77-110],92,77,110,,2025-11-11T16:20:50Z,2018,2018-01-01,2018-12-31
9444240,TB_1,COUNTRY,ESP,EUR,Europe,YEAR,2017,,,,,,,,,86 [72-110],86,72,110,,2025-11-11T16:20:50Z,2017,2017-01-01,2017-12-31
9447849,TB_1,COUNTRY,SYC,AFR,Africa,YEAR,2022,,,,,,,,,100 [83-120],100,83,120,,2025-11-11T16:20:50Z,2022,2022-01-01,2022-12-31
9454925,TB_1,COUNTRY,COD,AFR,Africa,YEAR,2005,,,,,,,,,30 [16-49],30,16,49,,2025-11-11T16:20:50Z,2005,2005-01-01,2005-12-31
9458159,TB_1,COUNTRY,NZL,WPR,Western Pacific,YEAR,2019,,,,,,,,,85 [70-100],85,70,100,,2025-11-11T16:20:50Z,2019,2019-01-01,2019-12-31
9459229,TB_1,COUNTRY,WSM,WPR,Western Pacific,YEAR,2022,,,,,,,,,100 [83-120],100,83,120,,2025-11-11T16:20:50Z,2022,2022-01-01,2022-12-31
9462476,TB_1,COUNTRY,LKA,SEAR,South-East Asia,YEAR,2009,,,,,,,,,50 [25-85],50,25,85,,2025-11-11T16:20:50Z,2009,2009-01-01,2009-12-31
9462712,TB_1,COUNTRY,DMA,AMR,Americas,YEAR,2015,,,,,,,,,100 [83-120],100,83,120,,2025-11-11T16:20:50Z,2015,2015-01-01,2015-12-31
9463015,TB_1,COUNTRY,TON,WPR,Western Pacific,YEAR,2009,,,,,,,,,100 [83-120],100,83,120,,2025-11-11T16:20:50Z,2009,2009-01-01,2009-12-31
9463781,TB_1,COUNTRY,HRV,EUR,Europe,YEAR,2018,,,,,,,,,79 [66-97],79,66,97,,2025-11-11T16:20:50Z,2018,2018-01-01,2018-12-31
9465451,TB_1,COUNTRY,FIN,EUR,Europe,YEAR,2021,,,,,,,,,86 [71-110],86,71,110,,2025-11-11T16:20:50Z,2021,2021-01-01,2021-12-31
9465849,TB_1,COUNTRY,CAF,AFR,Africa,YEAR,2022,,,,,,,,,65 [34-100],65,34,100,,2025-11-11T16:20:50Z,2022,2022-01-01,2022-12-31
9465983,TB_1,COUNTRY,AFG,EMR,Eastern Mediterranean,YEAR,2005,,,,,,,,,38 [12-76],38,12,76,,2025-11-11T16:20:50Z,2005,2005-01-01,2005-12-31
9466920,TB_1,WORLDBANKINCOMEGROUP,WB_HI,,,YEAR,2018,,,,,,,,,89 [77-100],89,77,100,,2025-11-11T16:20:50Z,2018,2018-01-01,2018-12-31
9469747,TB_1,REGION,EUR,,,YEAR,2003,,,,,,,,,76 [65-91],76,65,91,,2025-11-11T16:20:50Z,2003,2003-01-01,2003-12-31
9470070,TB_1,COUNTRY,LBN,EMR,Eastern Mediterranean,YEAR,2007,,,,,,,,,61 [51-75],61,51,75,,2025-11-11T16:20:50Z,2007,2007-01-01,2007-12-31
9473540,TB_1,WORLDBANKINCOMEGROUP,WB_HI,,,YEAR,2024,,,,,,,,,84 [71-100],84,71,100,,2025-11-11T16:20:50Z,2024,2024-01-01,2024-12-31
9474261,TB_1,COUNTRY,SRB,EUR,Europe,YEAR,2024,,,,,,,,,76 [63-93],76,63,93,,2025-11-11T16:20:50Z,2024,2024-01-01,2024-12-31
9474299,TB_1,COUNTRY,URY,AMR,Americas,YEAR,2003,,,,,,,,,64 [53-79],64,53,79,,2025-11-11T16:20:50Z,2003,2003-01-01,2003-12-31
9474465,TB_1,COUNTRY,ZWE,AFR,Africa,YEAR,2022,,,,,,,,,54 [41-79],54,41,79,,2025-11-11T16:20:50Z,2022,2022-01-01,2022-12-31
9474500,TB_1,COUNTRY,RWA,AFR,Africa,YEAR,2002,,,,,,,,,37 [32-43],37,32,43,,2025-11-11T16:20:50Z,2002,2002-01-01,2002-12-31
9477237,TB_1,COUNTRY,SYC,AFR,Africa,YEAR,2002,,,,,,,,,100 [83-120],100,83,120,,2025-11-11T16:20:50Z,2002,2002-01-01,2002-12-31
9478493,TB_1,COUNTRY,KEN,AFR,Africa,YEAR,2001,,,,,,,,,46 [24-130],46,24,130,,2025-11-11T16:20:50Z,2001,2001-01-01,2001-12-31
9485124,TB_1,COUNTRY,ECU,AMR,Americas,YEAR,2013,,,,,,,,,71 [59-87],71,59,87,,2025-11-11T16:20:50Z,2013,2013-01-01,2013-12-31
9485511,TB_1,COUNTRY,GHA,AFR,Africa,YEAR,2015,,,,,,,,,31 [18-72],31,18,72,,2025-11-11T16:20:50Z,2015,2015-01-01,2015-12-31
9485841,TB_1,COUNTRY,KAZ,EUR,Europe,YEAR,2022,,,,,,,,,94 [78-120],94,78,120,,2025-11-11T16:20:50Z,2022,2022-01-01,2022-12-31
9488676,TB_1,COUNTRY,KOR,WPR,Western Pacific,YEAR,2019,,,,,,,,,94 [87-100],94,87,100,,2025-11-11T16:20:50Z,2019,2019-01-01,2019-12-31
9488866,TB_1,COUNTRY,CUB,AMR,Americas,YEAR,2010,,,,,,,,,75 [62-92],75,62,92,,2025-11-11T16:20:50Z,2010,2010-01-01,2010-12-31
9490041,TB_1,COUNTRY,MLI,AFR,Africa,YEAR,2004,,,,,,,,,44 [19-79],44,19,79,,2025-11-11T16:20:50Z,2004,2004-01-01,2004-12-31
9490840,TB_1,COUNTRY,KGZ,EUR,Europe,YEAR,2011,,,,,,,,,56 [47-69],56,47,69,,2025-11-11T16:20:50Z,2011,2011-01-01,2011-12-31
9493334,TB_1,COUNTRY,IRQ,EMR,Eastern Mediterranean,YEAR,2018,,,,,,,,,66 [54-82],66,54,82,,2025-11-11T16:20:50Z,2018,2018-01-01,2018-12-31
9494441,TB_1,COUNTRY,QAT,EMR,Eastern Mediterranean,YEAR,2000,,,,,,,,,44 [36-54],44,36,54,,2025-11-11T16:20:50Z,2000,2000-01-01,2000-12-31
9495072,TB_1,COUNTRY,HND,AMR,Americas,YEAR,2014,,,,,,,,,62 [52-76],62,52,76,,2025-11-11T16:20:50Z,2014,2014-01-01,2014-12-31
9496849,TB_1,COUNTRY,GUY,AMR,Americas,YEAR,2007,,,,,,,,,59 [49-72],59,49,72,,2025-11-11T16:20:50Z,2007,2007-01-01,2007-12-31
9499122,TB_1,COUNTRY,TLS,SEAR,South-East Asia,YEAR,2005,,,,,,,,,42 [9.5-92],42,9.5,92,,2025-11-11T16:20:50Z,2005,2005-01-01,2005-12-31
9499281,TB_1,COUNTRY,BHR,EMR,Eastern Mediterranean,YEAR,2022,,,,,,,,,75 [63-93],75,63,93,,2025-11-11T16:20:50Z,2022,2022-01-01,2022-12-31
9500614,TB_1,COUNTRY,MNG,WPR,Western Pacific,YEAR,2014,,,,,,,,,36 [22-70],36,22,70,,2025-11-11T16:20:50Z,2014,2014-01-01,2014-12-31
9501340,TB_1,COUNTRY,KIR,WPR,Western Pacific,YEAR,2017,,,,,,,,,45 [37-55],45,37,55,,2025-11-11T16:20:50Z,2017,2017-01-01,2017-12-31
9502629,TB_1,COUNTRY,SLE,AFR,Africa,YEAR,2013,,,,,,,,,39 [20-63],39,20,63,,2025-11-11T16:20:50Z,2013,2013-01-01,2013-12-31
9503194,TB_1,REGION,EMR,,,YEAR,2016,,,,,,,,,62 [50-78],62,50,78,,2025-11-11T16:20:50Z,2016,2016-01-01,2016-12-31
9503276,TB_1,COUNTRY,MWI,AFR,Africa,YEAR,2000,,,,,,,,,54 [19-490],54,19,490,,2025-11-11T16:20:50Z,2000,2000-01-01,2000-12-31
9506866,TB_1,COUNTRY,KWT,EMR,Eastern Mediterranean,YEAR,2020,,,,,,,,,77 [64-94],77,64,94,,2025-11-11T16:20:50Z,2020,2020-01-01,2020-12-31
9508485,TB_1,COUNTRY,TUN,EMR,Eastern Mediterranean,YEAR,2006,,,,,,,,,54 [45-66],54,45,66,,2025-11-11T16:20:50Z,2006,2006-01-01,2006-12-31
9509991,TB_1,COUNTRY,SRB,EUR,Europe,YEAR,2021,,,,,,,,,34 [28-41],34,28,41,,2025-11-11T16:20:50Z,2021,2021-01-01,2021-12-31
9511663,TB_1,COUNTRY,BIH,EUR,Europe,YEAR,2017,,,,,,,,,70 [58-86],70,58,86,,2025-11-11T16:20:50Z,2017,2017-01-01,2017-12-31
9512750,TB_1,COUNTRY,TJK,EUR,Europe,YEAR,2004,,,,,,,,,33 [27-40],33,27,40,,2025-11-11T16:20:50Z,2004,2004-01-01,2004-12-31
9516134,TB_1,COUNTRY,CMR,AFR,Africa,YEAR,2003,,,,,,,,,49 [22-88],49,22,88,,2025-11-11T16:20:50Z,2003,2003-01-01,2003-12-31
9521887,TB_1,COUNTRY,GNQ,AFR,Africa,YEAR,2019,,,,,,,,,40 [21-66],40,21,66,,2025-11-11T16:20:50Z,2019,2019-01-01,2019-12-31
9525034,TB_1,COUNTRY,FRA,EUR,Europe,YEAR,2019,,,,,,,,,83 [79-86],83,79,86,,2025-11-11T16:20:50Z,2019,2019-01-01,2019-12-31
9525814,TB_1,COUNTRY,MKD,EUR,Europe,YEAR,2017,,,,,,,,,74 [61-90],74,61,90,,2025-11-11T16:20:50Z,2017,2017-01-01,2017-12-31
9530302,TB_1,COUNTRY,PAN,AMR,Americas,YEAR,2012,,,,,,,,,70 [58-86],70,58,86,,2025-11-11T16:20:50Z,2012,2012-01-01,2012-12-31
9532772,TB_1,COUNTRY,SWZ,AFR,Africa,YEAR,2016,,,,,,,,,58 [34-120],58,34,120,,2025-11-11T16:20:50Z,2016,2016-01-01,2016-12-31
9533909,TB_1,COUNTRY,MLI,AFR,Africa,YEAR,2015,,,,,,,,,58 [28-98],58,28,98,,2025-11-11T16:20:50Z,2015,2015-01-01,2015-12-31
9534306,TB_1,GLOBAL,GLOBAL,,,YEAR,2010,,,,,,,,,49 [40-62],49,40,62,,2025-11-11T16:20:50Z,2010,2010-01-01,2010-12-31
9542139,TB_1,COUNTRY,NZL,WPR,Western Pacific,YEAR,2006,,,,,,,,,79 [65-97],79,65,97,,2025-11-11T16:20:50Z,2006,2006-01-01,2006-12-31
9543155,TB_1,COUNTRY,JPN,WPR,Western Pacific,YEAR,2010,,,,,,,,,79 [66-98],79,66,98,,2025-11-11T16:20:50Z,2010,2010-01-01,2010-12-31
9544128,TB_1,COUNTRY,QAT,EMR,Eastern Mediterranean,YEAR,2015,,,,,,,,,71 [59-87],71,59,87,,2025-11-11T16:20:50Z,2015,2015-01-01,2015-12-31
9545925,TB_1,COUNTRY,SYC,AFR,Africa,YEAR,2004,,,,,,,,,100 [83-120],100,83,120,,2025-11-11T16:20:50Z,2004,2004-01-01,2004-12-31
9547528,TB_1,WORLDBANKINCOMEGROUP,WB_LMI,,,YEAR,2017,,,,,,,,,55 [50-60],55,50,60,,2025-11-11T16:20:50Z,2017,2017-01-01,2017-12-31
9551552,TB_1,COUNTRY,LVA,EUR,Europe,YEAR,2006,,,,,,,,,52 [43-64],52,43,64,,2025-11-11T16:20:50Z,2006,2006-01-01,2006-12-31
9555081,TB_1,COUNTRY,ZAF,AFR,Africa,YEAR,2003,,,,,,,,,44 [24-110],44,24,110,,2025-11-11T16:20:50Z,2003,2003-01-01,2003-12-31
9557561,TB_1,COUNTRY,ERI,AFR,Africa,YEAR,2000,,,,,,,,,21 [17-25],21,17,25,,2025-11-11T16:20:50Z,2000,2000-01-01,2000-12-31
9557682,TB_1,COUNTRY,CYP,EUR,Europe,YEAR,2011,,,,,,,,,69 [58-85],69,58,85,,2025-11-11T16:20:50Z,2011,2011-01-01,2011-12-31
9559693,TB_1,COUNTRY,LCA,AMR,Americas,YEAR,2010,,,,,,,,,100 [83-120],100,83,120,,2025-11-11T16:20:50Z,2010,2010-01-01,2010-12-31
9561611,TB_1,COUNTRY,RUS,EUR,Europe,YEAR,2001,,,,,,,,,99 [53-240],99,53,240,,2025-11-11T16:20:50Z,2001,2001-01-01,2001-12-31
9564124,TB_1,COUNTRY,HND,AMR,Americas,YEAR,2021,,,,,,,,,53 [44-65],53,44,65,,2025-11-11T16:20:50Z,2021,2021-01-01,2021-12-31
9565646,TB_1,COUNTRY,TTO,AMR,Americas,YEAR,2024,,,,,,,,,74 [62-91],74,62,91,,2025-11-11T16:20:50Z,2024,2024-01-01,2024-12-31
9567210,TB_1,COUNTRY,SAU,EMR,Eastern Mediterranean,YEAR,2004,,,,,,,,,91 [82-100],91,82,100,,2025-11-11T16:20:50Z,2004,2004-01-01,2004-12-31
9567887,TB_1,COUNTRY,CYP,EUR,Europe,YEAR,2003,,,,,,,,,55 [45-67],55,45,67,,2025-11-11T16:20:50Z,2003,2003-01-01,2003-12-31
9568651,TB_1,COUNTRY,DJI,EMR,Eastern Mediterranean,YEAR,2009,,,,,,,,,31 [26-39],31,26,39,,2025-11-11T16:20:50Z,2009,2009-01-01,2009-12-31
9569918,TB_1,COUNTRY,COG,AFR,Africa,YEAR,2012,,,,,,,,,59 [27-100],59,27,100,,2025-11-11T16:20:50Z,2012,2012-01-01,2012-12-31
9570207,TB_1,COUNTRY,BFA,AFR,Africa,YEAR,2023,,,,,,,,,65 [34-110],65,34,110,,2025-11-11T16:20:50Z,2023,2023-01-01,2023-12-31
9571145,TB_1,COUNTRY,BGD,SEAR,South-East Asia,YEAR,2021,,,,,,,,,83 [63-110],83,63,110,,2025-11-11T16:20:50Z,2021,2021-01-01,2021-12-31
9571605,TB_1,COUNTRY,MEX,AMR,Americas,YEAR,2014,,,,,,,,,70 [58-86],70,58,86,,2025-11-11T16:20:50Z,2014,2014-01-01,2014-12-31
9577561,TB_1,COUNTRY,KHM,WPR,Western Pacific,YEAR,2019,,,,,,,,,62 [46-82],62,46,82,,2025-11-11T16:20:50Z,2019,2019-01-01,2019-12-31
9577977,TB_1,COUNTRY,LKA,SEAR,South-East Asia,YEAR,2024,,,,,,,,,66 [32-110],66,32,110,,2025-11-11T16:20:50Z,2024,2024-01-01,2024-12-31
9580828,TB_1,REGION,EUR,,,YEAR,2013,,,,,,,,,81 [69-97],81,69,97,,2025-11-11T16:20:50Z,2013,2013-01-01,2013-12-31
9584660,TB_1,COUNTRY,JOR,EMR,Eastern Mediterranean,YEAR,2016,,,,,,,,,68 [57-84],68,57,84,,2025-11-11T16:20:50Z,2016,2016-01-01,2016-12-31
9584843,TB_1,REGION,AMR,,,YEAR,2001,,,,,,,,,53 [49-56],53,49,56,,2025-11-11T16:20:50Z,2001,2001-01-01,2001-12-31
9584989,TB_1,COUNTRY,MRT,AFR,Africa,YEAR,2021,,,,,,,,,65 [34-110],65,34,110,,2025-11-11T16:20:50Z,2021,2021-01-01,2021-12-31
9588131,TB_1,COUNTRY,BHR,EMR,Eastern Mediterranean,YEAR,2013,,,,,,,,,68 [56-83],68,56,83,,2025-11-11T16:20:50Z,2013,2013-01-01,2013-12-31
9588783,TB_1,COUNTRY,GBR,EUR,Europe,YEAR,2000,,,,,,,,,89 [83-96],89,83,96,,2025-11-11T16:20:50Z,2000,2000-01-01,2000-12-31
9588882,TB_1,COUNTRY,SMR,EUR,Europe,YEAR,2003,,,,,,,,,100 [83-120],100,83,120,,2025-11-11T16:20:50Z,2003,2003-01-01,2003-12-31
9589330,TB_1,COUNTRY,SAU,EMR,Eastern Mediterranean,YEAR,2021,,,,,,,,,91 [82-100],91,82,100,,2025-11-11T16:20:50Z,2021,2021-01-01,2021-12-31
9590423,TB_1,COUNTRY,SEN,AFR,Africa,YEAR,2019,,,,,,,,,57 [30-94],57,30,94,,2025-11-11T16:20:50Z,2019,2019-01-01,2019-12-31
9590435,TB_1,REGION,WPR,,,YEAR,2023,,,,,,,,,74 [64-87],74,64,87,,2025-11-11T16:20:50Z,2023,2023-01-01,2023-12-31
9591189,TB_1,COUNTRY,ALB,EUR,Europe,YEAR,2019,,,,,,,,,89 [74-110],89,74,110,,2025-11-11T16:20:50Z,2019,2019-01-01,2019-12-31
9591449,TB_1,COUNTRY,MLI,AFR,Africa,YEAR,2009,,,,,,,,,57 [27-99],57,27,99,,2025-11-11T16:20:50Z,2009,2009-01-01,2009-12-31
9593765,TB_1,COUNTRY,BLZ,AMR,Americas,YEAR,2007,,,,,,,,,56 [46-68],56,46,68,,2025-11-11T16:20:50Z,2007,2007-01-01,2007-12-31
9595052,TB_1,COUNTRY,KIR,WPR,Western Pacific,YEAR,2024,,,,,,,,,47 [39-58],47,39,58,,2025-11-11T16:20:50Z,2024,2024-01-01,2024-12-31
9598022,TB_1,COUNTRY,POL,EUR,Europe,YEAR,2008,,,,,,,,,71 [59-88],71,59,88,,2025-11-11T16:20:50Z,2008,2008-01-01,2008-12-31
9609970,TB_1,COUNTRY,CIV,AFR,Africa,YEAR,2019,,,,,,,,,60 [31-98],60,31,98,,2025-11-11T16:20:50Z,2019,2019-01-01,2019-12-31
9610511,TB_1,COUNTRY,UZB,EUR,Europe,YEAR,2015,,,,,,,,,67 [56-83],67,56,83,,2025-11-11T16:20:50Z,2015,2015-01-01,2015-12-31
9611191,TB_1,COUNTRY,LSO,AFR,Africa,YEAR,2008,,,,,,,,,49 [25-140],49,25,140,,2025-11-11T16:20:50Z,2008,2008-01-01,2008-12-31
9611467,TB_1,COUNTRY,BIH,EUR,Europe,YEAR,2012,,,,,,,,,63 [52-78],63,52,78,,2025-11-11T16:20:50Z,2012,2012-01-01,2012-12-31
9617047,TB_1,COUNTRY,BRB,AMR,Americas,YEAR,2008,,,,,,,,,100 [83-120],100,83,120,,2025-11-11T16:20:50Z,2008,2008-01-01,2008-12-31
9620944,TB_1,COUNTRY,TGO,AFR,Africa,YEAR,2014,,,,,,,,,51 [24-87],51,24,87,,2025-11-11T16:20:50Z,2014,2014-01-01,2014-12-31
9624337,TB_1,REGION,WPR,,,YEAR,2003,,,,,,,,,38 [33-43],38,33,43,,2025-11-11T16:20:50Z,2003,2003-01-01,2003-12-31
9627071,TB_1,COUNTRY,NER,AFR,Africa,YEAR,2023,,,,,,,,,71 [38-120],71,38,120,,2025-11-11T16:20:50Z,2023,2023-01-01,2023-12-31
9627575,TB_1,COUNTRY,EGY,EMR,Eastern Mediterranean,YEAR,2001,,,,,,,,,69 [56-87],69,56,87,,2025-11-11T16:20:50Z,2001,2001-01-01,2001-12-31
9628806,TB_1,COUNTRY,UZB,EUR,Europe,YEAR,2008,,,,,,,,,49 [41-61],49,41,61,,2025-11-11T16:20:50Z,2008,2008-01-01,2008-12-31
9630395,TB_1,COUNTRY,TUV,WPR,Western Pacific,YEAR,2010,,,,,,,,,100 [83-120],100,83,120,,2025-11-11T16:20:50Z,2010,2010-01-01,2010-12-31
9632552,TB_1,COUNTRY,CRI,AMR,Americas,YEAR,2013,,,,,,,,,75 [62-92],75,62,92,,2025-11-11T16:20:50Z,2013,2013-01-01,2013-12-31
9639518,TB_1,COUNTRY,NIC,AMR,Americas,YEAR,2016,,,,,,,,,69 [58-85],69,58,85,,2025-11-11T16:20:50Z,2016,2016-01-01,2016-12-31
9639794,TB_1,COUNTRY,YEM,EMR,Eastern Mediterranean,YEAR,2018,,,,,,,,,74 [64-88],74,64,88,,2025-11-11T16:20:50Z,2018,2018-01-01,2018-12-31
9641638,TB_1,COUNTRY,SLB,WPR,Western Pacific,YEAR,2018,,,,,,,,,44 [36-54],44,36,54,,2025-11-11T16:20:50Z,2018,2018-01-01,2018-12-31
9642941,TB_1,COUNTRY,BLR,EUR,Europe,YEAR,2010,,,,,,,,,67 [55-82],67,55,82,,2025-11-11T16:20:50Z,2010,2010-01-01,2010-12-31
9644869,TB_1,COUNTRY,UGA,AFR,Africa,YEAR,2003,,,,,,,,,66 [45-100],66,45,100,,2025-11-11T16:20:50Z,2003,2003-01-01,2003-12-31
9649385,TB_1,COUNTRY,PNG,WPR,Western Pacific,YEAR,2001,,,,,,,,,23 [1.2-72],23,1.2,72,,2025-11-11T16:20:50Z,2001,2001-01-01,2001-12-31
9653733,TB_1,COUNTRY,YEM,EMR,Eastern Mediterranean,YEAR,2021,,,,,,,,,74 [64-88],74,64,88,,2025-11-11T16:20:50Z,2021,2021-01-01,2021-12-31
9655454,TB_1,COUNTRY,MHL,WPR,Western Pacific,YEAR,2018,,,,,,,,,59 [49-72],59,49,72,,2025-11-11T16:20:50Z,2018,2018-01-01,2018-12-31
9658011,TB_1,COUNTRY,GNQ,AFR,Africa,YEAR,2009,,,,,,,,,23 [12-38],23,12,38,,2025-11-11T16:20:50Z,2009,2009-01-01,2009-12-31
9660778,TB_1,COUNTRY,IRN,EMR,Eastern Mediterranean,YEAR,2005,,,,,,,,,42 [35-52],42,35,52,,2025-11-11T16:20:50Z,2005,2005-01-01,2005-12-31
9666082,TB_1,COUNTRY,CHL,AMR,Americas,YEAR,2017,,,,,,,,,81 [67-100],81,67,100,,2025-11-11T16:20:50Z,2017,2017-01-01,2017-12-31
9669391,TB_1,COUNTRY,TON,WPR,Western Pacific,YEAR,2022,,,,,,,,,100 [83-120],100,83,120,,2025-11-11T16:20:50Z,2022,2022-01-01,2022-12-31
9670612,TB_1,COUNTRY,GMB,AFR,Africa,YEAR,2003,,,,,,,,,65 [49-90],65,49,90,,2025-11-11T16:20:50Z,2003,2003-01-01,2003-12-31
9670880,TB_1,COUNTRY,SUR,AMR,Americas,YEAR,2003,,,,,,,,,47 [39-58],47,39,58,,2025-11-11T16:20:50Z,2003,2003-01-01,2003-12-31
9671091,TB_1,COUNTRY,LBY,EMR,Eastern Mediterranean,YEAR,2003,,,,,,,,,53 [23-94],53,23,94,,2025-11-11T16:20:50Z,2003,2003-01-01,2003-12-31
9671759,TB_1,COUNTRY,ITA,EUR,Europe,YEAR,2009,,,,,,,,,78 [65-96],78,65,96,,2025-11-11T16:20:50Z,2009,2009-01-01,2009-12-31
9672125,TB_1,COUNTRY,SOM,EMR,Eastern Mediterranean,YEAR,2016,,,,,,,,,54 [27-90],54,27,90,,2025-11-11T16:20:50Z,2016,2016-01-01,2016-12-31
9672445,TB_1,COUNTRY,SDN,EMR,Eastern Mediterranean,YEAR,2013,,,,,,,,,51 [27-130],51,27,130,,2025-11-11T16:20:50Z,2013,2013-01-01,2013-12-31
9678210,TB_1,COUNTRY,TUN,EMR,Eastern Mediterranean,YEAR,2023,,,,,,,,,67 [55-82],67,55,82,,2025-11-11T16:20:50Z,2023,2023-01-01,2023-12-31
9681309,TB_1,COUNTRY,IRN,EMR,Eastern Mediterranean,YEAR,2012,,,,,,,,,53 [44-65],53,44,65,,2025-11-11T16:20:50Z,2012,2012-01-01,2012-12-31
9683002,TB_1,COUNTRY,SWE,EUR,Europe,YEAR,2004,,,,,,,,,73 [61-90],73,61,90,,2025-11-11T16:20:50Z,2004,2004-01-01,2004-12-31
9686411,TB_1,COUNTRY,NPL,SEAR,South-East Asia,YEAR,2003,,,,,,,,,34 [22-60],34,22,60,,2025-11-11T16:20:50Z,2003,2003-01-01,2003-12-31
9686413,TB_1,COUNTRY,SDN,EMR,Eastern Mediterranean,YEAR,2015,,,,,,,,,53 [32-110],53,32,110,,2025-11-11T16:20:50Z,2015,2015-01-01,2015-12-31
9687519,TB_1,COUNTRY,NLD,EUR,Europe,YEAR,2018,,,,,,,,,87 [75-100],87,75,100,,2025-11-11T16:20:50Z,2018,2018-01-01,2018-12-31
9692392,TB_1,COUNTRY,DNK,EUR,Europe,YEAR,2004,,,,,,,,,73 [60-89],73,60,89,,2025-11-11T16:20:50Z,2004,2004-01-01,2004-12-31
9692896,TB_1,COUNTRY,HKG,,,YEAR,2013,,,,,,,,,60 [50-74],60,50,74,,2025-11-11T16:20:50Z,2013,2013-01-01,2013-12-31
9697393,TB_1,COUNTRY,SYC,AFR,Africa,YEAR,2009,,,,,,,,,100 [83-120],100,83,120,,2025-11-11T16:20:50Z,2009,2009-01-01,2009-12-31
9698366,TB_1,COUNTRY,BWA,AFR,Africa,YEAR,2006,,,,,,,,,61 [29-100],61,29,100,,2025-11-11T16:20:50Z,2006,2006-01-01,2006-12-31
9698432,TB_1,GLOBAL,GLOBAL,,,YEAR,2020,,,,,,,,,57 [53-61],57,53,61,,2025-11-11T16:20:50Z,2020,2020-01-01,2020-12-31
9704122,TB_1,COUNTRY,USA,AMR,Americas,YEAR,2000,,,,,,,,,75 [63-93],75,63,93,,2025-11-11T16:20:50Z,2000,2000-01-01,2000-12-31
9705000,TB_1,COUNTRY,TKM,EUR,Europe,YEAR,2003,,,,,,,,,52 [43-64],52,43,64,,2025-11-11T16:20:50Z,2003,2003-01-01,2003-12-31
9706280,TB_1,COUNTRY,TON,WPR,Western Pacific,YEAR,2008,,,,,,,,,100 [83-120],100,83,120,,2025-11-11T16:20:50Z,2008,2008-01-01,2008-12-31
9707577,TB_1,COUNTRY,PER,AMR,Americas,YEAR,2000,,,,,,,,,40 [33-49],40,33,49,,2025-11-11T16:20:50Z,2000,2000-01-01,2000-12-31
9708622,TB_1,COUNTRY,CIV,AFR,Africa,YEAR,2003,,,,,,,,,46 [19-83],46,19,83,,2025-11-11T16:20:50Z,2003,2003-01-01,2003-12-31
9709870,TB_1,COUNTRY,GRC,EUR,Europe,YEAR,2009,,,,,,,,,73 [61-90],73,61,90,,2025-11-11T16:20:50Z,2009,2009-01-01,2009-12-31
9710225,TB_1,REGION,EUR,,,YEAR,2000,,,,,,,,,65 [54-79],65,54,79,,2025-11-11T16:20:50Z,2000,2000-01-01,2000-12-31
9710879,TB_1,COUNTRY,MEX,AMR,Americas,YEAR,2002,,,,,,,,,53 [44-66],53,44,66,,2025-11-11T16:20:50Z,2002,2002-01-01,2002-12-31
9711305,TB_1,COUNTRY,CPV,AFR,Africa,YEAR,2013,,,,,,,,,64 [53-79],64,53,79,,2025-11-11T16:20:50Z,2013,2013-01-01,2013-12-31
9712795,TB_1,COUNTRY,DNK,EUR,Europe,YEAR,2013,,,,,,,,,79 [65-97],79,65,97,,2025-11-11T16:20:50Z,2013,2013-01-01,2013-12-31
9713170,TB_1,COUNTRY,PRI,AMR,Americas,YEAR,2019,,,,,,,,,76 [63-93],76,63,93,,2025-11-11T16:20:50Z,2019,2019-01-01,2019-12-31
9713409,TB_1,COUNTRY,TZA,AFR,Africa,YEAR,2001,,,,,,,,,35 [14-170],35,14,170,,2025-11-11T16:20:50Z,2001,2001-01-01,2001-12-31
9714201,TB_1,REGION,WPR,,,YEAR,2006,,,,,,,,,55 [48-62],55,48,62,,2025-11-11T16:20:50Z,2006,2006-01-01,2006-12-31
9715223,TB_1,COUNTRY,BEN,AFR,Africa,YEAR,2002,,,,,,,,,48 [19-89],48,19,89,,2025-11-11T16:20:50Z,2002,2002-01-01,2002-12-31
9716794,TB_1,COUNTRY,LTU,EUR,Europe,YEAR,2019,,,,,,,,,72 [60-89],72,60,89,,2025-11-11T16:20:50Z,2019,2019-01-01,2019-12-31
9720244,TB_1,COUNTRY,LSO,AFR,Africa,YEAR,2024,,,,,,,,,51 [34-92],51,34,92,,2025-11-11T16:20:50Z,2024,2024-01-01,2024-12-31
9721535,TB_1,COUNTRY,LKA,SEAR,South-East Asia,YEAR,2002,,,,,,,,,34 [6.9-79],34,6.9,79,,2025-11-11T16:20:50Z,2002,2002-01-01,2002-12-31
9728211,TB_1,COUNTRY,THA,SEAR,South-East Asia,YEAR,2016,,,,,,,,,62 [44-95],62,44,95,,2025-11-11T16:20:50Z,2016,2016-01-01,2016-12-31
9728428,TB_1,WORLDBANKINCOMEGROUP,WB_LMI,,,YEAR,2016,,,,,,,,,55 [50-61],55,50,61,,2025-11-11T16:20:50Z,2016,2016-01-01,2016-12-31
9731287,TB_1,COUNTRY,LUX,EUR,Europe,YEAR,2023,,,,,,,,,83 [69-100],83,69,100,,2025-11-11T16:20:50Z,2023,2023-01-01,2023-12-31
9731645,TB_1,COUNTRY,CAF,AFR,Africa,YEAR,2016,,,,,,,,,45 [24-72],45,24,72,,2025-11-11T16:20:50Z,2016,2016-01-01,2016-12-31
9733490,TB_1,COUNTRY,DMA,AMR,Americas,YEAR,2019,,,,,,,,,100 [83-120],100,83,120,,2025-11-11T16:20:50Z,2019,2019-01-01,2019-12-31
9736830,TB_1,COUNTRY,NOR,EUR,Europe,YEAR,2018,,,,,,,,,87 [72-110],87,72,110,,2025-11-11T16:20:50Z,2018,2018-01-01,2018-12-31
9738153,TB_1,COUNTRY,PER,AMR,Americas,YEAR,2010,,,,,,,,,67 [56-83],67,56,83,,2025-11-11T16:20:50Z,2010,2010-01-01,2010-12-31
9738328,TB_1,COUNTRY,BWA,AFR,Africa,YEAR,2022,,,,,,,,,52 [26-85],52,26,85,,2025-11-11T16:20:50Z,2022,2022-01-01,2022-12-31
9740020,TB_1,COUNTRY,SVK,EUR,Europe,YEAR,2014,,,,,,,,,79 [66-97],79,66,97,,2025-11-11T16:20:50Z,2014,2014-01-01,2014-12-31
9740299,TB_1,COUNTRY,MNG,WPR,Western Pacific,YEAR,2024,,,,,,,,,18 [11-34],18,11,34,,2025-11-11T16:20:50Z,2024,2024-01-01,2024-12-31
9743340,TB_1,COUNTRY,SGP,WPR,Western Pacific,YEAR,2010,,,,,,,,,79 [65-97],79,65,97,,2025-11-11T16:20:50Z,2010,2010-01-01,2010-12-31
9750090,TB_1,COUNTRY,BFA,AFR,Africa,YEAR,2005,,,,,,,,,30 [16-49],30,16,49,,2025-11-11T16:20:50Z,2005,2005-01-01,2005-12-31
9750184,TB_1,COUNTRY,PSE,EMR,Eastern Mediterranean,YEAR,2009,,,,,,,,,58 [48-71],58,48,71,,2025-11-11T16:20:50Z,2009,2009-01-01,2009-12-31
9750869,TB_1,COUNTRY,BRN,WPR,Western Pacific,YEAR,2010,,,,,,,,,67 [56-83],67,56,83,,2025-11-11T16:20:50Z,2010,2010-01-01,2010-12-31
9751406,TB_1,COUNTRY,BOL,AMR,Americas,YEAR,2012,,,,,,,,,49 [40-60],49,40,60,,2025-11-11T16:20:50Z,2012,2012-01-01,2012-12-31
9752154,TB_1,COUNTRY,COG,AFR,Africa,YEAR,2015,,,,,,,,,56 [27-95],56,27,95,,2025-11-11T16:20:50Z,2015,2015-01-01,2015-12-31
9754082,TB_1,COUNTRY,ISL,EUR,Europe,YEAR,2002,,,,,,,,,100 [83-120],100,83,120,,2025-11-11T16:20:50Z,2002,2002-01-01,2002-12-31
9754574,TB_1,COUNTRY,SDN,EMR,Eastern Mediterranean,YEAR,2021,,,,,,,,,66 [46-99],66,46,99,,2025-11-11T16:20:50Z,2021,2021-01-01,2021-12-31
9756115,TB_1,COUNTRY,CRI,AMR,Americas,YEAR,2007,,,,,,,,,69 [58-85],69,58,85,,2025-11-11T16:20:50Z,2007,2007-01-01,2007-12-31
9757738,TB_1,COUNTRY,SWE,EUR,Europe,YEAR,2000,,,,,,,,,70 [58-86],70,58,86,,2025-11-11T16:20:50Z,2000,2000-01-01,2000-12-31
9757914,TB_1,COUNTRY,DEU,EUR,Europe,YEAR,2015,,,,,,,,,91 [82-100],91,82,100,,2025-11-11T16:20:50Z,2015,2015-01-01,2015-12-31
9763297,TB_1,COUNTRY,ISL,EUR,Europe,YEAR,2000,,,,,,,,,100 [83-120],100,83,120,,2025-11-11T16:20:50Z,2000,2000-01-01,2000-12-31
9765003,TB_1,COUNTRY,ZMB,AFR,Africa,YEAR,2008,,,,,,,,,63 [37-130],63,37,130,,2025-11-11T16:20:50Z,2008,2008-01-01,2008-12-31
9766027,TB_1,COUNTRY,MHL,WPR,Western Pacific,YEAR,2003,,,,,,,,,37 [31-46],37,31,46,,2025-11-11T16:20:50Z,2003,2003-01-01,2003-12-31
9768683,TB_1,COUNTRY,MOZ,AFR,Africa,YEAR,2022,,,,,,,,,93 [63-150],93,63,150,,2025-11-11T16:20:50Z,2022,2022-01-01,2022-12-31
9769232,TB_1,COUNTRY,DNK,EUR,Europe,YEAR,2023,,,,,,,,,82 [68-100],82,68,100,,2025-11-11T16:20:50Z,2023,2023-01-01,2023-12-31
9770470,TB_1,COUNTRY,BEN,AFR,Africa,YEAR,2016,,,,,,,,,56 [28-95],56,28,95,,2025-11-11T16:20:50Z,2016,2016-01-01,2016-12-31
9771803,TB_1,COUNTRY,BRA,AMR,Americas,YEAR,2018,,,,,,,,,92 [76-110],92,76,110,,2025-11-11T16:20:50Z,2018,2018-01-01,2018-12-31
9775891,TB_1,COUNTRY,GNB,AFR,Africa,YEAR,2014,,,,,,,,,60 [29-100],60,29,100,,2025-11-11T16:20:50Z,2014,2014-01-01,2014-12-31
9777897,TB_1,COUNTRY,SAU,EMR,Eastern Mediterranean,YEAR,2015,,,,,,,,,91 [82-100],91,82,100,,2025-11-11T16:20:50Z,2015,2015-01-01,2015-12-31
9783651,TB_1,COUNTRY,TCD,AFR,Africa,YEAR,2007,,,,,,,,,37 [16-68],37,16,68,,2025-11-11T16:20:50Z,2007,2007-01-01,2007-12-31
9784443,TB_1,COUNTRY,DNK,EUR,Europe,YEAR,2000,,,,,,,,,70 [58-86],70,58,86,,2025-11-11T16:20:50Z,2000,2000-01-01,2000-12-31
9784908,TB_1,COUNTRY,BRN,WPR,Western Pacific,YEAR,2022,,,,,,,,,79 [65-97],79,65,97,,2025-11-11T16:20:50Z,2022,2022-01-01,2022-12-31
9785048,TB_1,COUNTRY,LSO,AFR,Africa,YEAR,2016,,,,,,,,,48 [31-82],48,31,82,,2025-11-11T16:20:50Z,2016,2016-01-01,2016-12-31
9790018,TB_1,COUNTRY,AUS,WPR,Western Pacific,YEAR,2014,,,,,,,,,87 [72-110],87,72,110,,2025-11-11T16:20:50Z,2014,2014-01-01,2014-12-31
9791956,TB_1,COUNTRY,NLD,EUR,Europe,YEAR,2003,,,,,,,,,87 [75-100],87,75,100,,2025-11-11T16:20:50Z,2003,2003-01-01,2003-12-31
9792790,TB_1,COUNTRY,SLV,AMR,Americas,YEAR,2003,,,,,,,,,53 [44-66],53,44,66,,2025-11-11T16:20:50Z,2003,2003-01-01,2003-12-31
9796801,TB_1,COUNTRY,KEN,AFR,Africa,YEAR,2022,,,,,,,,,69 [44-120],69,44,120,,2025-11-11T16:20:50Z,2022,2022-01-01,2022-12-31
9799905,TB_1,COUNTRY,ESP,EUR,Europe,YEAR,2003,,,,,,,,,70 [58-86],70,58,86,,2025-11-11T16:20:50Z,2003,2003-01-01,2003-12-31
9801064,TB_1,COUNTRY,CAF,AFR,Africa,YEAR,2003,,,,,,,,,15 [7.9-24],15,7.9,24,,2025-11-11T16:20:50Z,2003,2003-01-01,2003-12-31
9805119,TB_1,COUNTRY,TUN,EMR,Eastern Mediterranean,YEAR,2018,,,,,,,,,64 [53-78],64,53,78,,2025-11-11T16:20:50Z,2018,2018-01-01,2018-12-31
9808644,TB_1,COUNTRY,BGR,EUR,Europe,YEAR,2011,,,,,,,,,63 [52-77],63,52,77,,2025-11-11T16:20:50Z,2011,2011-01-01,2011-12-31
9809173,TB_1,COUNTRY,NRU,WPR,Western Pacific,YEAR,2008,,,,,,,,,100 [83-120],100,83,120,,2025-11-11T16:20:50Z,2008,2008-01-01,2008-12-31
9810288,TB_1,WORLDBANKINCOMEGROUP,WB_HI,,,YEAR,2001,,,,,,,,,79 [64-100],79,64,100,,2025-11-11T16:20:50Z,2001,2001-01-01,2001-12-31
9810816,TB_1,COUNTRY,IDN,WPR,Western Pacific,YEAR,2008,,,,,,,,,35 [32-39],35,32,39,,2025-11-11T16:20:50Z,2008,2008-01-01,2008-12-31
9815288,TB_1,COUNTRY,HND,AMR,Americas,YEAR,2004,,,,,,,,,46 [38-56],46,38,56,,2025-11-11T16:20:50Z,2004,2004-01-01,2004-12-31
9815748,TB_1,COUNTRY,ESP,EUR,Europe,YEAR,2004,,,,,,,,,71 [59-87],71,59,87,,2025-11-11T16:20:50Z,2004,2004-01-01,2004-12-31
9820851,TB_1,COUNTRY,SOM,EMR,Eastern Mediterranean,YEAR,2020,,,,,,,,,60 [31-99],60,31,99,,2025-11-11T16:20:50Z,2020,2020-01-01,2020-12-31
9827153,TB_1,COUNTRY,IRN,EMR,Eastern Mediterranean,YEAR,2022,,,,,,,,,69 [58-85],69,58,85,,2025-11-11T16:20:50Z,2022,2022-01-01,2022-12-31
9832490,TB_1,COUNTRY,DEU,EUR,Europe,YEAR,2020,,,,,,,,,91 [82-100],91,82,100,,2025-11-11T16:20:50Z,2020,2020-01-01,2020-12-31
9838347,TB_1,COUNTRY,BEN,AFR,Africa,YEAR,2023,,,,,,,,,73 [39-120],73,39,120,,2025-11-11T16:20:50Z,2023,2023-01-01,2023-12-31
9838777,TB_1,COUNTRY,IRL,EUR,Europe,YEAR,2018,,,,,,,,,81 [67-100],81,67,100,,2025-11-11T16:20:50Z,2018,2018-01-01,2018-12-31
9840024,TB_1,COUNTRY,CHE,EUR,Europe,YEAR,2006,,,,,,,,,79 [65-97],79,65,97,,2025-11-11T16:20:50Z,2006,2006-01-01,2006-12-31
9842807,TB_1,COUNTRY,VCT,AMR,Americas,YEAR,2011,,,,,,,,,100 [83-120],100,83,120,,2025-11-11T16:20:50Z,2011,2011-01-01,2011-12-31
9846720,TB_1,COUNTRY,AND,EUR,Europe,YEAR,2020,,,,,,,,,100 [83-120],100,83,120,,2025-11-11T16:20:50Z,2020,2020-01-01,2020-12-31
9848358,TB_1,COUNTRY,POL,EUR,Europe,YEAR,2009,,,,,,,,,72 [60-89],72,60,89,,2025-11-11T16:20:50Z,2009,2009-01-01,2009-12-31
9853662,TB_1,COUNTRY,DOM,AMR,Americas,YEAR,2012,,,,,,,,,69 [57-85],69,57,85,,2025-11-11T16:20:50Z,2012,2012-01-01,2012-12-31
9857312,TB_1,COUNTRY,KAZ,EUR,Europe,YEAR,2020,,,,,,,,,80 [66-98],80,66,98,,2025-11-11T16:20:50Z,2020,2020-01-01,2020-12-31
9858888,TB_1,COUNTRY,COG,AFR,Africa,YEAR,2010,,,,,,,,,53 [25-93],53,25,93,,2025-11-11T16:20:50Z,2010,2010-01-01,2010-12-31
9859271,TB_1,COUNTRY,KGZ,EUR,Europe,YEAR,2022,,,,,,,,,49 [40-63],49,40,63,,2025-11-11T16:20:50Z,2022,2022-01-01,2022-12-31
9860690,TB_1,COUNTRY,KIR,WPR,Western Pacific,YEAR,2013,,,,,,,,,40 [33-49],40,33,49,,2025-11-11T16:20:50Z,2013,2013-01-01,2013-12-31
9861532,TB_1,COUNTRY,PNG,WPR,Western Pacific,YEAR,2018,,,,,,,,,49 [24-83],49,24,83,,2025-11-11T16:20:50Z,2018,2018-01-01,2018-12-31
9863690,TB_1,COUNTRY,HKG,,,YEAR,2014,,,,,,,,,61 [51-75],61,51,75,,2025-11-11T16:20:50Z,2014,2014-01-01,2014-12-31
9864823,TB_1,COUNTRY,MDV,SEAR,South-East Asia,YEAR,2000,,,,,,,,,34 [28-41],34,28,41,,2025-11-11T16:20:50Z,2000,2000-01-01,2000-12-31
9866922,TB_1,COUNTRY,IRL,EUR,Europe,YEAR,2021,,,,,,,,,83 [69-100],83,69,100,,2025-11-11T16:20:50Z,2021,2021-01-01,2021-12-31
9868573,TB_1,COUNTRY,CHL,AMR,Americas,YEAR,2014,,,,,,,,,77 [64-95],77,64,95,,2025-11-11T16:20:50Z,2014,2014-01-01,2014-12-31
9868710,TB_1,COUNTRY,CYP,EUR,Europe,YEAR,2006,,,,,,,,,64 [53-79],64,53,79,,2025-11-11T16:20:50Z,2006,2006-01-01,2006-12-31
9870215,TB_1,COUNTRY,COL,AMR,Americas,YEAR,2000,,,,,,,,,43 [35-53],43,35,53,,2025-11-11T16:20:50Z,2000,2000-01-01,2000-12-31
9870480,TB_1,COUNTRY,THA,SEAR,South-East Asia,YEAR,2001,,,,,,,,,32 [15-100],32,15,100,,2025-11-11T16:20:50Z,2001,2001-01-01,2001-12-31
9872501,TB_1,COUNTRY,SDN,EMR,Eastern Mediterranean,YEAR,2009,,,,,,,,,49 [23-170],49,23,170,,2025-11-11T16:20:50Z,2009,2009-01-01,2009-12-31
9874847,TB_1,COUNTRY,LKA,SEAR,South-East Asia,YEAR,2001,,,,,,,,,27 [4.7-68],27,4.7,68,,2025-11-11T16:20:50Z,2001,2001-01-01,2001-12-31
9875205,TB_1,COUNTRY,TUN,EMR,Eastern Mediterranean,YEAR,2002,,,,,,,,,43 [36-53],43,36,53,,2025-11-11T16:20:50Z,2002,2002-01-01,2002-12-31
9876751,TB_1,COUNTRY,PER,AMR,Americas,YEAR,2022,,,,,,,,,57 [39-74],57,39,74,,2025-11-11T16:20:50Z,2022,2022-01-01,2022-12-31
9879420,TB_1,COUNTRY,GRC,EUR,Europe,YEAR,2016,,,,,,,,,78 [64-95],78,64,95,,2025-11-11T16:20:50Z,2016,2016-01-01,2016-12-31
9879970,TB_1,COUNTRY,PER,AMR,Americas,YEAR,2016,,,,,,,,,75 [62-92],75,62,92,,2025-11-11T16:20:50Z,2016,2016-01-01,2016-12-31
9880315,TB_1,COUNTRY,ERI,AFR,Africa,YEAR,2005,,,,,,,,,28 [23-34],28,23,34,,2025-11-11T16:20:50Z,2005,2005-01-01,2005-12-31
9883709,TB_1,COUNTRY,COM,AFR,Africa,YEAR,2003,,,,,,,,,28 [13-50],28,13,50,,2025-11-11T16:20:50Z,2003,2003-01-01,2003-12-31
9886169,TB_1,COUNTRY,COG,AFR,Africa,YEAR,2017,,,,,,,,,58 [29-97],58,29,97,,2025-11-11T16:20:50Z,2017,2017-01-01,2017-12-31
9889818,TB_1,COUNTRY,HKG,,,YEAR,2018,,,,,,,,,64 [53-79],64,53,79,,2025-11-11T16:20:50Z,2018,2018-01-01,2018-12-31
9891135,TB_1,COUNTRY,IRQ,EMR,Eastern Mediterranean,YEAR,2011,,,,,,,,,66 [54-82],66,54,82,,2025-11-11T16:20:50Z,2011,2011-01-01,2011-12-31
9892146,TB_1,COUNTRY,SWZ,AFR,Africa,YEAR,2000,,,,,,,,,58 [24-280],58,24,280,,2025-11-11T16:20:50Z,2000,2000-01-01,2000-12-31
9892949,TB_1,COUNTRY,AND,EUR,Europe,YEAR,2000,,,,,,,,,100 [83-120],100,83,120,,2025-11-11T16:20:50Z,2000,2000-01-01,2000-12-31
9895288,TB_1,COUNTRY,SYR,EMR,Eastern Mediterranean,YEAR,2005,,,,,,,,,47 [39-57],47,39,57,,2025-11-11T16:20:50Z,2005,2005-01-01,2005-12-31
9900638,TB_1,COUNTRY,EST,EUR,Europe,YEAR,2011,,,,,,,,,71 [59-87],71,59,87,,2025-11-11T16:20:50Z,2011,2011-01-01,2011-12-31
9904081,TB_1,COUNTRY,FJI,WPR,Western Pacific,YEAR,2010,,,,,,,,,50 [41-61],50,41,61,,2025-11-11T16:20:50Z,2010,2010-01-01,2010-12-31
9906462,TB_1,COUNTRY,CIV,AFR,Africa,YEAR,2021,,,,,,,,,62 [33-100],62,33,100,,2025-11-11T16:20:50Z,2021,2021-01-01,2021-12-31
9909927,TB_1,COUNTRY,MDA,EUR,Europe,YEAR,2011,,,,,,,,,99 [82-120],99,82,120,,2025-11-11T16:20:50Z,2011,2011-01-01,2011-12-31
9910586,TB_1,WORLDBANKINCOMEGROUP,WB_HI,,,YEAR,2021,,,,,,,,,82 [71-97],82,71,97,,2025-11-11T16:20:50Z,2021,2021-01-01,2021-12-31
9912393,TB_1,REGION,SEAR,,,YEAR,2019,,,,,,,,,77 [70-85],77,70,85,,2025-11-11T16:20:50Z,2019,2019-01-01,2019-12-31
9913080,TB_1,COUNTRY,TZA,AFR,Africa,YEAR,2005,,,,,,,,,31 [13-130],31,13,130,,2025-11-11T16:20:50Z,2005,2005-01-01,2005-12-31
9913185,TB_1,COUNTRY,FJI,WPR,Western Pacific,YEAR,2015,,,,,,,,,58 [48-71],58,48,71,,2025-11-11T16:20:50Z,2015,2015-01-01,2015-12-31
9913705,TB_1,COUNTRY,CHL,AMR,Americas,YEAR,2005,,,,,,,,,71 [59-87],71,59,87,,2025-11-11T16:20:50Z,2005,2005-01-01,2005-12-31
9916435,TB_1,COUNTRY,JOR,EMR,Eastern Mediterranean,YEAR,2017,,,,,,,,,69 [57-84],69,57,84,,2025-11-11T16:20:50Z,2017,2017-01-01,2017-12-31
9918477,TB_1,COUNTRY,CUB,AMR,Americas,YEAR,2024,,,,,,,,,84 [70-100],84,70,100,,2025-11-11T16:20:50Z,2024,2024-01-01,2024-12-31
9925435,TB_1,COUNTRY,SVN,EUR,Europe,YEAR,2015,,,,,,,,,80 [67-99],80,67,99,,2025-11-11T16:20:50Z,2015,2015-01-01,2015-12-31
9926857,TB_1,COUNTRY,FIN,EUR,Europe,YEAR,2009,,,,,,,,,84 [69-100],84,69,100,,2025-11-11T16:20:50Z,2009,2009-01-01,2009-12-31
9935690,TB_1,COUNTRY,IRQ,EMR,Eastern Mediterranean,YEAR,2021,,,,,,,,,66 [54-82],66,54,82,,2025-11-11T16:20:50Z,2021,2021-01-01,2021-12-31
9936397,TB_1,COUNTRY,ROU,EUR,Europe,YEAR,2006,,,,,,,,,70 [58-86],70,58,86,,2025-11-11T16:20:50Z,2006,2006-01-01,2006-12-31
9938281,TB_1,COUNTRY,SAU,EMR,Eastern Mediterranean,YEAR,2019,,,,,,,,,91 [82-100],91,82,100,,2025-11-11T16:20:50Z,2019,2019-01-01,2019-12-31
9939761,TB_1,COUNTRY,FSM,WPR,Western Pacific,YEAR,2000,,,,,,,,,29 [24-36],29,24,36,,2025-11-11T16:20:50Z,2000,2000-01-01,2000-12-31
9942779,TB_1,COUNTRY,PRT,EUR,Europe,YEAR,2011,,,,,,,,,83 [69-100],83,69,100,,2025-11-11T16:20:50Z,2011,2011-01-01,2011-12-31
9946948,TB_1,COUNTRY,LTU,EUR,Europe,YEAR,2012,,,,,,,,,60 [50-74],60,50,74,,2025-11-11T16:20:50Z,2012,2012-01-01,2012-12-31
9947098,TB_1,COUNTRY,MYS,WPR,Western Pacific,YEAR,2014,,,,,,,,,71 [59-87],71,59,87,,2025-11-11T16:20:50Z,2014,2014-01-01,2014-12-31
9951893,TB_1,COUNTRY,PAN,AMR,Americas,YEAR,2020,,,,,,,,,77 [64-95],77,64,95,,2025-11-11T16:20:50Z,2020,2020-01-01,2020-12-31
9955012,TB_1,COUNTRY,BRN,WPR,Western Pacific,YEAR,2003,,,,,,,,,52 [43-64],52,43,64,,2025-11-11T16:20:50Z,2003,2003-01-01,2003-12-31
9958351,TB_1,COUNTRY,SLB,WPR,Western Pacific,YEAR,2024,,,,,,,,,45 [37-55],45,37,55,,2025-11-11T16:20:50Z,2024,2024-01-01,2024-12-31
9961614,TB_1,COUNTRY,NGA,AFR,Africa,YEAR,2002,,,,,,,,,13 [9.3-20],13,9.3,20,,2025-11-11T16:20:50Z,2002,2002-01-01,2002-12-31
9962624,TB_1,COUNTRY,IDN,WPR,Western Pacific,YEAR,2014,,,,,,,,,38 [35-42],38,35,42,,2025-11-11T16:20:50Z,2014,2014-01-01,2014-12-31
9964509,TB_1,COUNTRY,VNM,WPR,Western Pacific,YEAR,2005,,,,,,,,,44 [24-100],44,24,100,,2025-11-11T16:20:50Z,2005,2005-01-01,2005-12-31
9964792,TB_1,REGION,EMR,,,YEAR,2020,,,,,,,,,50 [40-64],50,40,64,,2025-11-11T16:20:50Z,2020,2020-01-01,2020-12-31
9965398,TB_1,COUNTRY,ARG,AMR,Americas,YEAR,2002,,,,,,,,,67 [56-82],67,56,82,,2025-11-11T16:20:50Z,2002,2002-01-01,2002-12-31
9966809,TB_1,COUNTRY,WSM,WPR,Western Pacific,YEAR,2019,,,,,,,,,100 [83-120],100,83,120,,2025-11-11T16:20:50Z,2019,2019-01-01,2019-12-31
9969407,TB_1,COUNTRY,YEM,EMR,Eastern Mediterranean,YEAR,2014,,,,,,,,,74 [64-88],74,64,88,,2025-11-11T16:20:50Z,2014,2014-01-01,2014-12-31
9969626,TB_1,COUNTRY,GUY,AMR,Americas,YEAR,2006,,,,,,,,,57 [48-70],57,48,70,,2025-11-11T16:20:50Z,2006,2006-01-01,2006-12-31
9971423,TB_1,COUNTRY,AUS,WPR,Western Pacific,YEAR,2004,,,,,,,,,81 [67-100],81,67,100,,2025-11-11T16:20:50Z,2004,2004-01-01,2004-12-31
9976357,TB_1,COUNTRY,TJK,EUR,Europe,YEAR,2020,,,,,,,,,55 [46-70],55,46,70,,2025-11-11T16:20:50Z,2020,2020-01-01,2020-12-31
9976940,TB_1,COUNTRY,SRB,EUR,Europe,YEAR,2018,,,,,,,,,74 [61-90],74,61,90,,2025-11-11T16:20:50Z,2018,2018-01-01,2018-12-31
9977538,TB_1,COUNTRY,TKM,EUR,Europe,YEAR,2007,,,,,,,,,59 [49-73],59,49,73,,2025-11-11T16:20:50Z,2007,2007-01-01,2007-12-31
9977712,TB_1,COUNTRY,TKM,EUR,Europe,YEAR,2006,,,,,,,,,58 [48-71],58,48,71,,2025-11-11T16:20:50Z,2006,2006-01-01,2006-12-31
9981037,TB_1,COUNTRY,TUR,EUR,Europe,YEAR,2019,,,,,,,,,76 [63-93],76,63,93,,2025-11-11T16:20:50Z,2019,2019-01-01,2019-12-31
9982814,TB_1,COUNTRY,GNB,AFR,Africa,YEAR,2009,,,,,,,,,52 [23-91],52,23,91,,2025-11-11T16:20:50Z,2009,2009-01-01,2009-12-31
9983243,TB_1,COUNTRY,BIH,EUR,Europe,YEAR,2015,,,,,,,,,67 [56-82],67,56,82,,2025-11-11T16:20:50Z,2015,2015-01-01,2015-12-31
9984193,TB_1,COUNTRY,FIN,EUR,Europe,YEAR,2017,,,,,,,,,85 [70-100],85,70,100,,2025-11-11T16:20:50Z,2017,2017-01-01,2017-12-31
9984336,TB_1,COUNTRY,MAR,EMR,Eastern Mediterranean,YEAR,2017,,,,,,,,,89 [74-110],89,74,110,,2025-11-11T16:20:50Z,2017,2017-01-01,2017-12-31
9985085,TB_1,COUNTRY,AUS,WPR,Western Pacific,YEAR,2006,,,,,,,,,82 [68-100],82,68,100,,2025-11-11T16:20:50Z,2006,2006-01-01,2006-12-31
9985657,TB_1,COUNTRY,SDN,EMR,Eastern Mediterranean,YEAR,2023,,,,,,,,,53 [36-86],53,36,86,,2025-11-11T16:20:50Z,2023,2023-01-01,2023-12-31
9986652,TB_1,COUNTRY,ECU,AMR,Americas,YEAR,2020,,,,,,,,,79 [65-97],79,65,97,,2025-11-11T16:20:50Z,2020,2020-01-01,2020-12-31
9987504,TB_1,COUNTRY,RWA,AFR,Africa,YEAR,2019,,,,,,,,,71 [52-100],71,52,100,,2025-11-11T16:20:50Z,2019,2019-01-01,2019-12-31
9987551,TB_1,COUNTRY,NLD,EUR,Europe,YEAR,2010,,,,,,,,,87 [75-100],87,75,100,,2025-11-11T16:20:50Z,2010,2010-01-01,2010-12-31
9990410,TB_1,COUNTRY,IDN,WPR,Western Pacific,YEAR,2010,,,,,,,,,36 [32-40],36,32,40,,2025-11-11T16:20:50Z,2010,2010-01-01,2010-12-31
9992051,TB_1,COUNTRY,PHL,WPR,Western Pacific,YEAR,2004,,,,,,,,,28 [17-50],28,17,50,,2025-11-11T16:20:50Z,2004,2004-01-01,2004-12-31
9996381,TB_1,COUNTRY,MNE,EUR,Europe,YEAR,2022,,,,,,,,,68 [55-85],68,55,85,,2025-11-11T16:20:50Z,2022,2022-01-01,2022-12-31
9996573,TB_1,COUNTRY,MDV,SEAR,South-East Asia,YEAR,2006,,,,,,,,,41 [34-50],41,34,50,,2025-11-11T16:20:50Z,2006,2006-01-01,2006-12-31
9996867,TB_1,COUNTRY,PRT,EUR,Europe,YEAR,2020,,,,,,,,,88 [73-110],88,73,110,,2025-11-11T16:20:50Z,2020,2020-01-01,2020-12-31
9998706,TB_1,COUNTRY,BTN,SEAR,South-East Asia,YEAR,2003,,,,,,,,,29 [24-36],29,24,36,,2025-11-11T16:20:50Z,2003,2003-01-01,2003-12-31
10001976,TB_1,REGION,AFR,,,YEAR,2018,,,,,,,,,51 [44-59],51,44,59,,2025-11-11T16:20:50Z,2018,2018-01-01,2018-12-31
10002184,TB_1,COUNTRY,BHR,EMR,Eastern Mediterranean,YEAR,2004,,,,,,,,,58 [48-71],58,48,71,,2025-11-11T16:20:50Z,2004,2004-01-01,2004-12-31
10007759,TB_1,REGION,WPR,,,YEAR,2007,,,,,,,,,56 [50-64],56,50,64,,2025-11-11T16:20:50Z,2007,2007-01-01,2007-12-31
10010736,TB_1,COUNTRY,COL,AMR,Americas,YEAR,2006,,,,,,,,,58 [48-71],58,48,71,,2025-11-11T16:20:50Z,2006,2006-01-01,2006-12-31
10012879,TB_1,COUNTRY,MLI,AFR,Africa,YEAR,2014,,,,,,,,,50 [24-85],50,24,85,,2025-11-11T16:20:50Z,2014,2014-01-01,2014-12-31
10013097,TB_1,COUNTRY,TUR,EUR,Europe,YEAR,2007,,,,,,,,,60 [50-74],60,50,74,,2025-11-11T16:20:50Z,2007,2007-01-01,2007-12-31
10018491,TB_1,COUNTRY,SDN,EMR,Eastern Mediterranean,YEAR,2004,,,,,,,,,50 [21-240],50,21,240,,2025-11-11T16:20:50Z,2004,2004-01-01,2004-12-31
10020094,TB_1,COUNTRY,CMR,AFR,Africa,YEAR,2000,,,,,,,,,42 [16-82],42,16,82,,2025-11-11T16:20:50Z,2000,2000-01-01,2000-12-31
10020597,TB_1,COUNTRY,VCT,AMR,Americas,YEAR,2001,,,,,,,,,100 [83-120],100,83,120,,2025-11-11T16:20:50Z,2001,2001-01-01,2001-12-31
10024131,TB_1,COUNTRY,MAC,,,YEAR,2013,,,,,,,,,60 [50-74],60,50,74,,2025-11-11T16:20:50Z,2013,2013-01-01,2013-12-31
10030602,TB_1,COUNTRY,CPV,AFR,Africa,YEAR,2006,,,,,,,,,50 [42-62],50,42,62,,2025-11-11T16:20:50Z,2006,2006-01-01,2006-12-31
10030807,TB_1,COUNTRY,CUB,AMR,Americas,YEAR,2005,,,,,,,,,65 [54-80],65,54,80,,2025-11-11T16:20:50Z,2005,2005-01-01,2005-12-31
10030946,TB_1,COUNTRY,SWZ,AFR,Africa,YEAR,2004,,,,,,,,,57 [19-640],57,19,640,,2025-11-11T16:20:50Z,2004,2004-01-01,2004-12-31
10032369,TB_1,COUNTRY,CPV,AFR,Africa,YEAR,2005,,,,,,,,,48 [40-59],48,40,59,,2025-11-11T16:20:50Z,2005,2005-01-01,2005-12-31
10035414,TB_1,COUNTRY,MLT,EUR,Europe,YEAR,2011,,,,,,,,,100 [83-120],100,83,120,,2025-11-11T16:20:50Z,2011,2011-01-01,2011-12-31
10036377,TB_1,COUNTRY,LUX,EUR,Europe,YEAR,2016,,,,,,,,,84 [70-100],84,70,100,,2025-11-11T16:20:50Z,2016,2016-01-01,2016-12-31
10039501,TB_1,COUNTRY,NZL,WPR,Western Pacific,YEAR,2003,,,,,,,,,76 [63-94],76,63,94,,2025-11-11T16:20:50Z,2003,2003-01-01,2003-12-31
10040033,TB_1,COUNTRY,QAT,EMR,Eastern Mediterranean,YEAR,2014,,,,,,,,,69 [58-85],69,58,85,,2025-11-11T16:20:50Z,2014,2014-01-01,2014-12-31
10040144,TB_1,COUNTRY,SWZ,AFR,Africa,YEAR,2009,,,,,,,,,57 [16-1600],57,16,1600,,2025-11-11T16:20:50Z,2009,2009-01-01,2009-12-31
10040986,TB_1,COUNTRY,PRT,EUR,Europe,YEAR,2005,,,,,,,,,77 [64-95],77,64,95,,2025-11-11T16:20:50Z,2005,2005-01-01,2005-12-31
10041503,TB_1,COUNTRY,PNG,WPR,Western Pacific,YEAR,2014,,,,,,,,,50 [23-89],50,23,89,,2025-11-11T16:20:50Z,2014,2014-01-01,2014-12-31
10042690,TB_1,COUNTRY,YEM,EMR,Eastern Mediterranean,YEAR,2020,,,,,,,,,74 [64-88],74,64,88,,2025-11-11T16:20:50Z,2020,2020-01-01,2020-12-31
10048257,TB_1,COUNTRY,SLB,WPR,Western Pacific,YEAR,2020,,,,,,,,,44 [37-55],44,37,55,,2025-11-11T16:20:50Z,2020,2020-01-01,2020-12-31
10048643,TB_1,COUNTRY,BGD,SEAR,South-East Asia,YEAR,2005,,,,,,,,,38 [29-53],38,29,53,,2025-11-11T16:20:50Z,2005,2005-01-01,2005-12-31
10049779,TB_1,COUNTRY,FSM,WPR,Western Pacific,YEAR,2006,,,,,,,,,35 [29-43],35,29,43,,2025-11-11T16:20:50Z,2006,2006-01-01,2006-12-31
10050272,TB_1,COUNTRY,SEN,AFR,Africa,YEAR,2022,,,,,,,,,62 [32-100],62,32,100,,2025-11-11T16:20:50Z,2022,2022-01-01,2022-12-31
10050944,TB_1,COUNTRY,ISR,EUR,Europe,YEAR,2021,,,,,,,,,86 [71-110],86,71,110,,2025-11-11T16:20:50Z,2021,2021-01-01,2021-12-31
10051257,TB_1,COUNTRY,MDG,AFR,Africa,YEAR,2024,,,,,,,,,71 [37-110],71,37,110,,2025-11-11T16:20:50Z,2024,2024-01-01,2024-12-31
10052431,TB_1,WORLDBANKINCOMEGROUP,WB_UMI,,,YEAR,2000,,,,,,,,,32 [29-36],32,29,36,,2025-11-11T16:20:50Z,2000,2000-01-01,2000-12-31
10054051,TB_1,COUNTRY,VUT,WPR,Western Pacific,YEAR,2009,,,,,,,,,47 [20-88],47,20,88,,2025-11-11T16:20:50Z,2009,2009-01-01,2009-12-31
10055913,TB_1,COUNTRY,ARG,AMR,Americas,YEAR,2022,,,,,,,,,78 [65-96],78,65,96,,2025-11-11T16:20:50Z,2022,2022-01-01,2022-12-31
10056017,TB_1,COUNTRY,NGA,AFR,Africa,YEAR,2010,,,,,,,,,23 [16-35],23,16,35,,2025-11-11T16:20:50Z,2010,2010-01-01,2010-12-31
10066434,TB_1,REGION,WPR,,,YEAR,2010,,,,,,,,,58 [51-66],58,51,66,,2025-11-11T16:20:50Z,2010,2010-01-01,2010-12-31
10068676,TB_1,COUNTRY,IRN,EMR,Eastern Mediterranean,YEAR,2006,,,,,,,,,43 [36-53],43,36,53,,2025-11-11T16:20:50Z,2006,2006-01-01,2006-12-31
10069930,TB_1,COUNTRY,MEX,AMR,Americas,YEAR,2016,,,,,,,,,72 [60-89],72,60,89,,2025-11-11T16:20:50Z,2016,2016-01-01,2016-12-31
10072553,TB_1,COUNTRY,SVN,EUR,Europe,YEAR,2014,,,,,,,,,79 [66-97],79,66,97,,2025-11-11T16:20:50Z,2014,2014-01-01,2014-12-31
10073419,TB_1,WORLDBANKINCOMEGROUP,WB_LMI,,,YEAR,2018,,,,,,,,,61 [56-67],61,56,67,,2025-11-11T16:20:50Z,2018,2018-01-01,2018-12-31
10074990,TB_1,COUNTRY,WSM,WPR,Western Pacific,YEAR,2002,,,,,,,,,100 [83-120],100,83,120,,2025-11-11T16:20:50Z,2002,2002-01-01,2002-12-31
10075532,TB_1,COUNTRY,DJI,EMR,Eastern Mediterranean,YEAR,2016,,,,,,,,,41 [34-50],41,34,50,,2025-11-11T16:20:50Z,2016,2016-01-01,2016-12-31
10076166,TB_1,COUNTRY,MNG,WPR,Western Pacific,YEAR,2011,,,,,,,,,36 [22-70],36,22,70,,2025-11-11T16:20:50Z,2011,2011-01-01,2011-12-31
10080194,TB_1,COUNTRY,ZMB,AFR,Africa,YEAR,2012,,,,,,,,,60 [37-110],60,37,110,,2025-11-11T16:20:50Z,2012,2012-01-01,2012-12-31
10086970,TB_1,COUNTRY,BEL,EUR,Europe,YEAR,2001,,,,,,,,,75 [62-93],75,62,93,,2025-11-11T16:20:50Z,2001,2001-01-01,2001-12-31
10087420,TB_1,COUNTRY,KAZ,EUR,Europe,YEAR,2006,,,,,,,,,99 [82-120],99,82,120,,2025-11-11T16:20:50Z,2006,2006-01-01,2006-12-31
10092443,TB_1,COUNTRY,SRB,EUR,Europe,YEAR,2009,,,,,,,,,62 [51-76],62,51,76,,2025-11-11T16:20:50Z,2009,2009-01-01,2009-12-31
10092984,TB_1,COUNTRY,PRT,EUR,Europe,YEAR,2019,,,,,,,,,88 [73-110],88,73,110,,2025-11-11T16:20:50Z,2019,2019-01-01,2019-12-31
10094522,TB_1,COUNTRY,MEX,AMR,Americas,YEAR,2018,,,,,,,,,73 [61-90],73,61,90,,2025-11-11T16:20:50Z,2018,2018-01-01,2018-12-31
10094537,TB_1,COUNTRY,AND,EUR,Europe,YEAR,2005,,,,,,,,,100 [83-120],100,83,120,,2025-11-11T16:20:50Z,2005,2005-01-01,2005-12-31
10094652,TB_1,COUNTRY,VEN,AMR,Americas,YEAR,2019,,,,,,,,,73 [61-90],73,61,90,,2025-11-11T16:20:50Z,2019,2019-01-01,2019-12-31
10095137,TB_1,COUNTRY,TKM,EUR,Europe,YEAR,2022,,,,,,,,,76 [63-93],76,63,93,,2025-11-11T16:20:50Z,2022,2022-01-01,2022-12-31
10097459,TB_1,COUNTRY,NAM,AFR,Africa,YEAR,2024,,,,,,,,,66 [47-120],66,47,120,,2025-11-11T16:20:50Z,2024,2024-01-01,2024-12-31
10100316,TB_1,COUNTRY,BHS,AMR,Americas,YEAR,2006,,,,,,,,,68 [57-84],68,57,84,,2025-11-11T16:20:50Z,2006,2006-01-01,2006-12-31
10103582,TB_1,COUNTRY,TJK,EUR,Europe,YEAR,2005,,,,,,,,,38 [31-47],38,31,47,,2025-11-11T16:20:50Z,2005,2005-01-01,2005-12-31
10105271,TB_1,COUNTRY,BIH,EUR,Europe,YEAR,2004,,,,,,,,,55 [46-68],55,46,68,,2025-11-11T16:20:50Z,2004,2004-01-01,2004-12-31
10107182,TB_1,COUNTRY,MDG,AFR,Africa,YEAR,2012,,,,,,,,,48 [22-86],48,22,86,,2025-11-11T16:20:50Z,2012,2012-01-01,2012-12-31
10107964,TB_1,REGION,SEAR,,,YEAR,2000,,,,,,,,,30 [17-67],30,17,67,,2025-11-11T16:20:50Z,2000,2000-01-01,2000-12-31
10108257,TB_1,COUNTRY,KEN,AFR,Africa,YEAR,2004,,,,,,,,,46 [20-190],46,20,190,,2025-11-11T16:20:50Z,2004,2004-01-01,2004-12-31
10109110,TB_1,COUNTRY,SVN,EUR,Europe,YEAR,2004,,,,,,,,,70 [58-86],70,58,86,,2025-11-11T16:20:50Z,2004,2004-01-01,2004-12-31
10113128,TB_1,COUNTRY,SVK,EUR,Europe,YEAR,2017,,,,,,,,,84 [69-100],84,69,100,,2025-11-11T16:20:50Z,2017,2017-01-01,2017-12-31
10114146,TB_1,COUNTRY,GHA,AFR,Africa,YEAR,2024,,,,,,,,,46 [26-100],46,26,100,,2025-11-11T16:20:50Z,2024,2024-01-01,2024-12-31
10118747,TB_1,COUNTRY,TUV,WPR,Western Pacific,YEAR,2011,,,,,,,,,100 [83-120],100,83,120,,2025-11-11T16:20:50Z,2011,2011-01-01,2011-12-31
10127835,TB_1,COUNTRY,MEX,AMR,Americas,YEAR,2005,,,,,,,,,57 [47-70],57,47,70,,2025-11-11T16:20:50Z,2005,2005-01-01,2005-12-31
10127964,TB_1,COUNTRY,TTO,AMR,Americas,YEAR,2008,,,,,,,,,66 [55-81],66,55,81,,2025-11-11T16:20:50Z,2008,2008-01-01,2008-12-31
10128097,TB_1,COUNTRY,CRI,AMR,Americas,YEAR,2009,,,,,,,,,72 [60-89],72,60,89,,2025-11-11T16:20:50Z,2009,2009-01-01,2009-12-31
10131608,TB_1,COUNTRY,TZA,AFR,Africa,YEAR,2013,,,,,,,,,39 [19-120],39,19,120,,2025-11-11T16:20:50Z,2013,2013-01-01,2013-12-31
10133884,TB_1,COUNTRY,DOM,AMR,Americas,YEAR,2016,,,,,,,,,73 [60-89],73,60,89,,2025-11-11T16:20:50Z,2016,2016-01-01,2016-12-31
10134674,TB_1,COUNTRY,NER,AFR,Africa,YEAR,2022,,,,,,,,,69 [36-110],69,36,110,,2025-11-11T16:20:50Z,2022,2022-01-01,2022-12-31
10135118,TB_1,COUNTRY,MDA,EUR,Europe,YEAR,2013,,,,,,,,,99 [82-120],99,82,120,,2025-11-11T16:20:50Z,2013,2013-01-01,2013-12-31
10138684,TB_1,COUNTRY,ESP,EUR,Europe,YEAR,2014,,,,,,,,,83 [69-100],83,69,100,,2025-11-11T16:20:50Z,2014,2014-01-01,2014-12-31
10139361,TB_1,COUNTRY,KOR,WPR,Western Pacific,YEAR,2007,,,,,,,,,94 [87-100],94,87,100,,2025-11-11T16:20:50Z,2007,2007-01-01,2007-12-31
10140937,TB_1,COUNTRY,SVK,EUR,Europe,YEAR,2005,,,,,,,,,70 [58-86],70,58,86,,2025-11-11T16:20:50Z,2005,2005-01-01,2005-12-31
10145930,TB_1,COUNTRY,DEU,EUR,Europe,YEAR,2007,,,,,,,,,91 [82-100],91,82,100,,2025-11-11T16:20:50Z,2007,2007-01-01,2007-12-31
10146033,TB_1,REGION,SEAR,,,YEAR,2022,,,,,,,,,76 [68-86],76,68,86,,2025-11-11T16:20:50Z,2022,2022-01-01,2022-12-31
10148011,TB_1,COUNTRY,YEM,EMR,Eastern Mediterranean,YEAR,2022,,,,,,,,,74 [64-88],74,64,88,,2025-11-11T16:20:50Z,2022,2022-01-01,2022-12-31
10148171,TB_1,COUNTRY,STP,AFR,Africa,YEAR,2019,,,,,,,,,61 [50-75],61,50,75,,2025-11-11T16:20:50Z,2019,2019-01-01,2019-12-31
10154820,TB_1,COUNTRY,IRQ,EMR,Eastern Mediterranean,YEAR,2001,,,,,,,,,66 [54-82],66,54,82,,2025-11-11T16:20:50Z,2001,2001-01-01,2001-12-31
10157135,TB_1,REGION,AMR,,,YEAR,2004,,,,,,,,,60 [56-64],60,56,64,,2025-11-11T16:20:50Z,2004,2004-01-01,2004-12-31
10157421,TB_1,WORLDBANKINCOMEGROUP,WB_UMI,,,YEAR,2011,,,,,,,,,64 [57-73],64,57,73,,2025-11-11T16:20:50Z,2011,2011-01-01,2011-12-31
10166131,TB_1,COUNTRY,TKM,EUR,Europe,YEAR,2023,,,,,,,,,76 [63-93],76,63,93,,2025-11-11T16:20:50Z,2023,2023-01-01,2023-12-31
10166348,TB_1,COUNTRY,AFG,EMR,Eastern Mediterranean,YEAR,2002,,,,,,,,,33 [5.6-78],33,5.6,78,,2025-11-11T16:20:50Z,2002,2002-01-01,2002-12-31
10167577,TB_1,COUNTRY,HTI,AMR,Americas,YEAR,2017,,,,,,,,,50 [42-62],50,42,62,,2025-11-11T16:20:50Z,2017,2017-01-01,2017-12-31
10168162,TB_1,COUNTRY,PSE,EMR,Eastern Mediterranean,YEAR,2008,,,,,,,,,57 [47-70],57,47,70,,2025-11-11T16:20:50Z,2008,2008-01-01,2008-12-31
10168258,TB_1,COUNTRY,GAB,AFR,Africa,YEAR,2011,,,,,,,,,52 [26-87],52,26,87,,2025-11-11T16:20:50Z,2011,2011-01-01,2011-12-31
10170520,TB_1,COUNTRY,RUS,EUR,Europe,YEAR,2014,,,,,,,,,100 [62-190],100,62,190,,2025-11-11T16:20:50Z,2014,2014-01-01,2014-12-31
10170673,TB_1,REGION,AFR,,,YEAR,2024,,,,,,,,,74 [64-86],74,64,86,,2025-11-11T16:20:50Z,2024,2024-01-01,2024-12-31
10176868,TB_1,COUNTRY,GIN,AFR,Africa,YEAR,2009,,,,,,,,,44 [19-78],44,19,78,,2025-11-11T16:20:50Z,2009,2009-01-01,2009-12-31
10179104,TB_1,COUNTRY,DJI,EMR,Eastern Mediterranean,YEAR,2017,,,,,,,,,43 [36-53],43,36,53,,2025-11-11T16:20:50Z,2017,2017-01-01,2017-12-31
10182801,TB_1,COUNTRY,KNA,AMR,Americas,YEAR,2004,,,,,,,,,100 [83-120],100,83,120,,2025-11-11T16:20:50Z,2004,2004-01-01,2004-12-31
10184786,TB_1,COUNTRY,BGR,EUR,Europe,YEAR,2012,,,,,,,,,64 [53-79],64,53,79,,2025-11-11T16:20:50Z,2012,2012-01-01,2012-12-31
10187814,TB_1,COUNTRY,UZB,EUR,Europe,YEAR,2014,,,,,,,,,75 [62-92],75,62,92,,2025-11-11T16:20:50Z,2014,2014-01-01,2014-12-31
10193640,TB_1,COUNTRY,MKD,EUR,Europe,YEAR,2011,,,,,,,,,63 [53-78],63,53,78,,2025-11-11T16:20:50Z,2011,2011-01-01,2011-12-31
10194015,TB_1,COUNTRY,DOM,AMR,Americas,YEAR,2005,,,,,,,,,50 [42-62],50,42,62,,2025-11-11T16:20:50Z,2005,2005-01-01,2005-12-31
10195333,TB_1,COUNTRY,MEX,AMR,Americas,YEAR,2001,,,,,,,,,52 [43-64],52,43,64,,2025-11-11T16:20:50Z,2001,2001-01-01,2001-12-31
10197474,TB_1,COUNTRY,ZWE,AFR,Africa,YEAR,2023,,,,,,,,,56 [42-85],56,42,85,,2025-11-11T16:20:50Z,2023,2023-01-01,2023-12-31
10199732,TB_1,COUNTRY,DZA,AFR,Africa,YEAR,2023,,,,,,,,,74 [62-92],74,62,92,,2025-11-11T16:20:50Z,2023,2023-01-01,2023-12-31
10201918,TB_1,COUNTRY,IRL,EUR,Europe,YEAR,2020,,,,,,,,,82 [68-100],82,68,100,,2025-11-11T16:20:50Z,2020,2020-01-01,2020-12-31
10204102,TB_1,COUNTRY,ECU,AMR,Americas,YEAR,2007,,,,,,,,,57 [47-70],57,47,70,,2025-11-11T16:20:50Z,2007,2007-01-01,2007-12-31
10207221,TB_1,COUNTRY,IND,SEAR,South-East Asia,YEAR,2023,,,,,,,,,86 [74-100],86,74,100,,2025-11-11T16:20:50Z,2023,2023-01-01,2023-12-31
10209864,TB_1,REGION,AMR,,,YEAR,2000,,,,,,,,,51 [48-55],51,48,55,,2025-11-11T16:20:50Z,2000,2000-01-01,2000-12-31
10210797,TB_1,COUNTRY,TGO,AFR,Africa,YEAR,2022,,,,,,,,,72 [38-120],72,38,120,,2025-11-11T16:20:50Z,2022,2022-01-01,2022-12-31
10212119,TB_1,COUNTRY,BOL,AMR,Americas,YEAR,2005,,,,,,,,,35 [29-43],35,29,43,,2025-11-11T16:20:50Z,2005,2005-01-01,2005-12-31
10213115,TB_1,COUNTRY,TUV,WPR,Western Pacific,YEAR,2006,,,,,,,,,100 [83-120],100,83,120,,2025-11-11T16:20:50Z,2006,2006-01-01,2006-12-31
10218496,TB_1,COUNTRY,CHN,WPR,Western Pacific,YEAR,2005,,,,,,,,,76 [63-93],76,63,93,,2025-11-11T16:20:50Z,2005,2005-01-01,2005-12-31
10219485,TB_1,COUNTRY,LUX,EUR,Europe,YEAR,2003,,,,,,,,,73 [61-90],73,61,90,,2025-11-11T16:20:50Z,2003,2003-01-01,2003-12-31
10219659,TB_1,COUNTRY,AGO,AFR,Africa,YEAR,2009,,,,,,,,,38 [17-66],38,17,66,,2025-11-11T16:20:50Z,2009,2009-01-01,2009-12-31
10220274,TB_1,COUNTRY,IRL,EUR,Europe,YEAR,2007,,,,,,,,,75 [62-93],75,62,93,,2025-11-11T16:20:50Z,2007,2007-01-01,2007-12-31
10222883,TB_1,COUNTRY,GRC,EUR,Europe,YEAR,2006,,,,,,,,,72 [60-88],72,60,88,,2025-11-11T16:20:50Z,2006,2006-01-01,2006-12-31
10224815,TB_1,WORLDBANKINCOMEGROUP,WB_LI,,,YEAR,2023,,,,,,,,,69 [55-88],69,55,88,,2025-11-11T16:20:50Z,2023,2023-01-01,2023-12-31
10225317,TB_1,COUNTRY,AFG,EMR,Eastern Mediterranean,YEAR,2019,,,,,,,,,65 [34-110],65,34,110,,2025-11-11T16:20:50Z,2019,2019-01-01,2019-12-31
10225736,TB_1,COUNTRY,MOZ,AFR,Africa,YEAR,2019,,,,,,,,,89 [60-140],89,60,140,,2025-11-11T16:20:50Z,2019,2019-01-01,2019-12-31
10227641,TB_1,COUNTRY,MEX,AMR,Americas,YEAR,2024,,,,,,,,,75 [62-92],75,62,92,,2025-11-11T16:20:50Z,2024,2024-01-01,2024-12-31
