Id,IndicatorCode,SpatialDimension,SpatialDimensionValueCode,ParentLocationCode,ParentLocation,TimeDimension,TimeDim,DisaggregatingDimension1,DisaggregatingDimension1ValueCode,DisaggregatingDimension2,DisaggregatingDimension2ValueCode,DisaggregatingDimension3,DisaggregatingDimension3ValueCode,DataSourceDimension,DataSourceDimensionValueCode,Value,NumericValue,Low,High,Comments,Date,TimeDimensionValue,TimeDimensionBegin,TimeDimensionEnd
3037309,TB_e_inc_tbhiv_num,COUNTRY,LBN,EMR,Eastern Mediterranean,YEAR,2005,,,,,,,,,4 [1-8],4,1,8,,2025-11-11T16:20:50Z,2005,2005-01-01,2005-12-31
3061,TB_e_inc_tbhiv_num,COUNTRY,HTI,AMR,Americas,YEAR,2017,,,,,,,,,4800 [3600-6200],4800,3600,6200,,2025-11-11T16:20:50Z,2017,2017-01-01,2017-12-31
3685,TB_e_inc_tbhiv_num,COUNTRY,KHM,WPR,Western Pacific,YEAR,2010,,,,,,,,,4000 [2700-5600],4000,2700,5600,,2025-11-11T16:20:50Z,2010,2010-01-01,2010-12-31
5068,TB_e_inc_tbhiv_num,COUNTRY,MOZ,AFR,Africa,YEAR,2020,,,,,,,,,30 000 [18 000-47 000],30000,18000,47000,,2025-11-11T16:20:50Z,2020,2020-01-01,2020-12-31
6023,TB_e_inc_tbhiv_num,COUNTRY,AGO,AFR,Africa,YEAR,2010,,,,,,,,,27 000 [13 000-47 000],27000,13000,47000,,2025-11-11T16:20:50Z,2010,2010-01-01,2010-12-31
7148,TB_e_inc_tbhiv_num,COUNTRY,GAB,AFR,Africa,YEAR,2001,,,,,,,,,2300 [1400-3400],2300,1400,3400,,2025-11-11T16:20:50Z,2001,2001-01-01,2001-12-31
7974,TB_e_inc_tbhiv_num,COUNTRY,BOL,AMR,Americas,YEAR,2001,,,,,,,,,1300 [450-2600],1300,450,2600,,2025-11-11T16:20:50Z,2001,2001-01-01,2001-12-31
10169,TB_e_inc_tbhiv_num,COUNTRY,SLV,AMR,Americas,YEAR,2006,,,,,,,,,280 [210-370],280,210,370,,2025-11-11T16:20:50Z,2006,2006-01-01,2006-12-31
17626,TB_e_inc_tbhiv_num,COUNTRY,SEN,AFR,Africa,YEAR,2010,,,,,,,,,2200 [1700-2800],2200,1700,2800,,2025-11-11T16:20:50Z,2010,2010-01-01,2010-12-31
18312,TB_e_inc_tbhiv_num,COUNTRY,PAK,EMR,Eastern Mediterranean,YEAR,2015,,,,,,,,,2900 [59-11 000],2900,59,11000,,2025-11-11T16:20:50Z,2015,2015-01-01,2015-12-31
19546,TB_e_inc_tbhiv_num,COUNTRY,BLZ,AMR,Americas,YEAR,2018,,,,,,,,,48 [33-67],48,33,67,,2025-11-11T16:20:50Z,2018,2018-01-01,2018-12-31
21102,TB_e_inc_tbhiv_num,COUNTRY,STP,AFR,Africa,YEAR,2023,,,,,,,,,24 [13-39],24,13,39,,2025-11-11T16:20:50Z,2023,2023-01-01,2023-12-31
21786,TB_e_inc_tbhiv_num,REGION,EUR,,,YEAR,2014,,,,,,,,,29 000 [19 000-40 000],29000,19000,40000,,2025-11-11T16:20:50Z,2014,2014-01-01,2014-12-31
24748,TB_e_inc_tbhiv_num,COUNTRY,HTI,AMR,Americas,YEAR,2014,,,,,,,,,6500 [4800-8400],6500,4800,8400,,2025-11-11T16:20:50Z,2014,2014-01-01,2014-12-31
25519,TB_e_inc_tbhiv_num,COUNTRY,ETH,AFR,Africa,YEAR,2017,,,,,,,,,14 000 [6400-25 000],14000,6400,25000,,2025-11-11T16:20:50Z,2017,2017-01-01,2017-12-31
26686,TB_e_inc_tbhiv_num,COUNTRY,BTN,SEAR,South-East Asia,YEAR,2010,,,,,,,,,160 [27-420],160,27,420,,2025-11-11T16:20:50Z,2010,2010-01-01,2010-12-31
30494,TB_e_inc_tbhiv_num,COUNTRY,VNM,WPR,Western Pacific,YEAR,2008,,,,,,,,,7800 [3600-14 000],7800,3600,14000,,2025-11-11T16:20:50Z,2008,2008-01-01,2008-12-31
33312,TB_e_inc_tbhiv_num,COUNTRY,KHM,WPR,Western Pacific,YEAR,2014,,,,,,,,,1500 [980-2000],1500,980,2000,,2025-11-11T16:20:50Z,2014,2014-01-01,2014-12-31
34964,TB_e_inc_tbhiv_num,COUNTRY,ESP,EUR,Europe,YEAR,2024,,,,,,,,,260 [97-500],260,97,500,,2025-11-11T16:20:50Z,2024,2024-01-01,2024-12-31
38646,TB_e_inc_tbhiv_num,COUNTRY,VNM,WPR,Western Pacific,YEAR,2000,,,,,,,,,15 000 [2500-39 000],15000,2500,39000,,2025-11-11T16:20:50Z,2000,2000-01-01,2000-12-31
39950,TB_e_inc_tbhiv_num,COUNTRY,ARM,EUR,Europe,YEAR,2022,,,,,,,,,65 [44-90],65,44,90,,2025-11-11T16:20:50Z,2022,2022-01-01,2022-12-31
40099,TB_e_inc_tbhiv_num,COUNTRY,MNG,WPR,Western Pacific,YEAR,2006,,,,,,,,,33 [9-74],33,9,74,,2025-11-11T16:20:50Z,2006,2006-01-01,2006-12-31
46765,TB_e_inc_tbhiv_num,COUNTRY,CHN,WPR,Western Pacific,YEAR,2006,,,,,,,,,20 000 [6200-43 000],20000,6200,43000,,2025-11-11T16:20:50Z,2006,2006-01-01,2006-12-31
49969,TB_e_inc_tbhiv_num,COUNTRY,GTM,AMR,Americas,YEAR,2014,,,,,,,,,310 [230-410],310,230,410,,2025-11-11T16:20:50Z,2014,2014-01-01,2014-12-31
52211,TB_e_inc_tbhiv_num,COUNTRY,BRA,AMR,Americas,YEAR,2004,,,,,,,,,6300 [1900-13 000],6300,1900,13000,,2025-11-11T16:20:50Z,2004,2004-01-01,2004-12-31
52521,TB_e_inc_tbhiv_num,COUNTRY,LAO,WPR,Western Pacific,YEAR,2001,,,,,,,,,300 [58-740],300,58,740,,2025-11-11T16:20:50Z,2001,2001-01-01,2001-12-31
54766,TB_e_inc_tbhiv_num,COUNTRY,SAU,EMR,Eastern Mediterranean,YEAR,2003,,,,,,,,,37 [13-73],37,13,73,,2025-11-11T16:20:50Z,2003,2003-01-01,2003-12-31
55955,TB_e_inc_tbhiv_num,COUNTRY,SOM,EMR,Eastern Mediterranean,YEAR,2016,,,,,,,,,400 [300-520],400,300,520,,2025-11-11T16:20:50Z,2016,2016-01-01,2016-12-31
58021,TB_e_inc_tbhiv_num,COUNTRY,MAC,,,YEAR,2019,,,,,,,,,2 [0-8],2,0,8,,2025-11-11T16:20:50Z,2019,2019-01-01,2019-12-31
61967,TB_e_inc_tbhiv_num,COUNTRY,MHL,WPR,Western Pacific,YEAR,2014,,,,,,,,,0 [0-0],0,0,0,,2025-11-11T16:20:50Z,2014,2014-01-01,2014-12-31
63249,TB_e_inc_tbhiv_num,COUNTRY,LSO,AFR,Africa,YEAR,2008,,,,,,,,,18 000 [6400-37 000],18000,6400,37000,,2025-11-11T16:20:50Z,2008,2008-01-01,2008-12-31
65608,TB_e_inc_tbhiv_num,COUNTRY,NLD,EUR,Europe,YEAR,2006,,,,,,,,,53 [20-100],53,20,100,,2025-11-11T16:20:50Z,2006,2006-01-01,2006-12-31
71163,TB_e_inc_tbhiv_num,COUNTRY,GUY,AMR,Americas,YEAR,2001,,,,,,,,,130 [51-250],130,51,250,,2025-11-11T16:20:50Z,2001,2001-01-01,2001-12-31
72552,TB_e_inc_tbhiv_num,COUNTRY,BWA,AFR,Africa,YEAR,2008,,,,,,,,,8900 [7200-11 000],8900,7200,11000,,2025-11-11T16:20:50Z,2008,2008-01-01,2008-12-31
73291,TB_e_inc_tbhiv_num,COUNTRY,NZL,WPR,Western Pacific,YEAR,2024,,,,,,,,,4 [0-10],4,0,10,,2025-11-11T16:20:50Z,2024,2024-01-01,2024-12-31
75556,TB_e_inc_tbhiv_num,COUNTRY,LVA,EUR,Europe,YEAR,2023,,,,,,,,,37 [23-54],37,23,54,,2025-11-11T16:20:50Z,2023,2023-01-01,2023-12-31
76016,TB_e_inc_tbhiv_num,COUNTRY,ISR,EUR,Europe,YEAR,2017,,,,,,,,,14 [7-25],14,7,25,,2025-11-11T16:20:50Z,2017,2017-01-01,2017-12-31
76233,TB_e_inc_tbhiv_num,COUNTRY,LUX,EUR,Europe,YEAR,2019,,,,,,,,,0 [0-0],0,0,0,,2025-11-11T16:20:50Z,2019,2019-01-01,2019-12-31
77193,TB_e_inc_tbhiv_num,COUNTRY,SAU,EMR,Eastern Mediterranean,YEAR,2013,,,,,,,,,20 [7-39],20,7,39,,2025-11-11T16:20:50Z,2013,2013-01-01,2013-12-31
77994,TB_e_inc_tbhiv_num,COUNTRY,PER,AMR,Americas,YEAR,2016,,,,,,,,,2300 [1700-3000],2300,1700,3000,,2025-11-11T16:20:50Z,2016,2016-01-01,2016-12-31
79886,TB_e_inc_tbhiv_num,COUNTRY,MAC,,,YEAR,2020,,,,,,,,,3 [0-11],3,0,11,,2025-11-11T16:20:50Z,2020,2020-01-01,2020-12-31
83828,TB_e_inc_tbhiv_num,COUNTRY,BLZ,AMR,Americas,YEAR,2015,,,,,,,,,23 [13-37],23,13,37,,2025-11-11T16:20:50Z,2015,2015-01-01,2015-12-31
84548,TB_e_inc_tbhiv_num,COUNTRY,IRQ,EMR,Eastern Mediterranean,YEAR,2006,,,,,,,,,1 [0-3],1,0,3,,2025-11-11T16:20:50Z,2006,2006-01-01,2006-12-31
84691,TB_e_inc_tbhiv_num,COUNTRY,USA,AMR,Americas,YEAR,2021,,,,,,,,,380 [280-490],380,280,490,,2025-11-11T16:20:50Z,2021,2021-01-01,2021-12-31
87346,TB_e_inc_tbhiv_num,COUNTRY,CZE,EUR,Europe,YEAR,2024,,,,,,,,,18 [9-30],18,9,30,,2025-11-11T16:20:50Z,2024,2024-01-01,2024-12-31
95301,TB_e_inc_tbhiv_num,COUNTRY,LVA,EUR,Europe,YEAR,2020,,,,,,,,,34 [12-69],34,12,69,,2025-11-11T16:20:50Z,2020,2020-01-01,2020-12-31
101946,TB_e_inc_tbhiv_num,COUNTRY,JAM,AMR,Americas,YEAR,2024,,,,,,,,,10 [4-19],10,4,19,,2025-11-11T16:20:50Z,2024,2024-01-01,2024-12-31
102942,TB_e_inc_tbhiv_num,COUNTRY,SAU,EMR,Eastern Mediterranean,YEAR,2005,,,,,,,,,32 [12-63],32,12,63,,2025-11-11T16:20:50Z,2005,2005-01-01,2005-12-31
103830,TB_e_inc_tbhiv_num,COUNTRY,ARG,AMR,Americas,YEAR,2016,,,,,,,,,900 [500-1400],900,500,1400,,2025-11-11T16:20:50Z,2016,2016-01-01,2016-12-31
108305,TB_e_inc_tbhiv_num,COUNTRY,BTN,SEAR,South-East Asia,YEAR,2005,,,,,,,,,140 [24-340],140,24,340,,2025-11-11T16:20:50Z,2005,2005-01-01,2005-12-31
111379,TB_e_inc_tbhiv_num,COUNTRY,SSD,AFR,Africa,YEAR,2011,,,,,,,,,6300 [2100-13 000],6300,2100,13000,,2025-11-11T16:20:50Z,2011,2011-01-01,2011-12-31
111835,TB_e_inc_tbhiv_num,COUNTRY,CRI,AMR,Americas,YEAR,2007,,,,,,,,,68 [46-93],68,46,93,,2025-11-11T16:20:50Z,2007,2007-01-01,2007-12-31
113174,TB_e_inc_tbhiv_num,COUNTRY,TUR,EUR,Europe,YEAR,2005,,,,,,,,,45 [16-89],45,16,89,,2025-11-11T16:20:50Z,2005,2005-01-01,2005-12-31
114709,TB_e_inc_tbhiv_num,COUNTRY,SDN,EMR,Eastern Mediterranean,YEAR,2019,,,,,,,,,660 [220-1400],660,220,1400,,2025-11-11T16:20:50Z,2019,2019-01-01,2019-12-31
115954,TB_e_inc_tbhiv_num,COUNTRY,VNM,WPR,Western Pacific,YEAR,2010,,,,,,,,,14 000 [3900-31 000],14000,3900,31000,,2025-11-11T16:20:50Z,2010,2010-01-01,2010-12-31
116189,TB_e_inc_tbhiv_num,COUNTRY,KGZ,EUR,Europe,YEAR,2003,,,,,,,,,51 [14-110],51,14,110,,2025-11-11T16:20:50Z,2003,2003-01-01,2003-12-31
118257,TB_e_inc_tbhiv_num,COUNTRY,LBN,EMR,Eastern Mediterranean,YEAR,2011,,,,,,,,,7 [2-14],7,2,14,,2025-11-11T16:20:50Z,2011,2011-01-01,2011-12-31
121097,TB_e_inc_tbhiv_num,COUNTRY,NLD,EUR,Europe,YEAR,2012,,,,,,,,,38 [14-73],38,14,73,,2025-11-11T16:20:50Z,2012,2012-01-01,2012-12-31
122988,TB_e_inc_tbhiv_num,COUNTRY,SVN,EUR,Europe,YEAR,2002,,,,,,,,,6 [2-13],6,2,13,,2025-11-11T16:20:50Z,2002,2002-01-01,2002-12-31
127573,TB_e_inc_tbhiv_num,COUNTRY,TJK,EUR,Europe,YEAR,2020,,,,,,,,,220 [160-280],220,160,280,,2025-11-11T16:20:50Z,2020,2020-01-01,2020-12-31
128748,TB_e_inc_tbhiv_num,COUNTRY,GUY,AMR,Americas,YEAR,2017,,,,,,,,,200 [150-250],200,150,250,,2025-11-11T16:20:50Z,2017,2017-01-01,2017-12-31
128943,TB_e_inc_tbhiv_num,COUNTRY,HRV,EUR,Europe,YEAR,2011,,,,,,,,,7 [4-12],7,4,12,,2025-11-11T16:20:50Z,2011,2011-01-01,2011-12-31
129958,TB_e_inc_tbhiv_num,COUNTRY,TUN,EMR,Eastern Mediterranean,YEAR,2020,,,,,,,,,36 [13-71],36,13,71,,2025-11-11T16:20:50Z,2020,2020-01-01,2020-12-31
130570,TB_e_inc_tbhiv_num,COUNTRY,AUS,WPR,Western Pacific,YEAR,2023,,,,,,,,,30 [18-45],30,18,45,,2025-11-11T16:20:50Z,2023,2023-01-01,2023-12-31
131927,TB_e_inc_tbhiv_num,COUNTRY,AZE,EUR,Europe,YEAR,2020,,,,,,,,,130 [92-170],130,92,170,,2025-11-11T16:20:50Z,2020,2020-01-01,2020-12-31
135454,TB_e_inc_tbhiv_num,COUNTRY,BEN,AFR,Africa,YEAR,2018,,,,,,,,,960 [440-1700],960,440,1700,,2025-11-11T16:20:50Z,2018,2018-01-01,2018-12-31
135821,TB_e_inc_tbhiv_num,COUNTRY,GTM,AMR,Americas,YEAR,2015,,,,,,,,,240 [180-310],240,180,310,,2025-11-11T16:20:50Z,2015,2015-01-01,2015-12-31
136145,TB_e_inc_tbhiv_num,COUNTRY,DNK,EUR,Europe,YEAR,2004,,,,,,,,,9 [3-18],9,3,18,,2025-11-11T16:20:50Z,2004,2004-01-01,2004-12-31
136791,TB_e_inc_tbhiv_num,COUNTRY,SWE,EUR,Europe,YEAR,2012,,,,,,,,,15 [8-24],15,8,24,,2025-11-11T16:20:50Z,2012,2012-01-01,2012-12-31
137302,TB_e_inc_tbhiv_num,WORLDBANKINCOMEGROUP,WB_LMI,,,YEAR,2000,,,,,,,,,1 070 000 [570 000-1 730 000],1070000,570000,1730000,,2025-11-11T16:20:50Z,2000,2000-01-01,2000-12-31
144875,TB_e_inc_tbhiv_num,COUNTRY,YEM,EMR,Eastern Mediterranean,YEAR,2006,,,,,,,,,65 [36-100],65,36,100,,2025-11-11T16:20:50Z,2006,2006-01-01,2006-12-31
151188,TB_e_inc_tbhiv_num,COUNTRY,BHR,EMR,Eastern Mediterranean,YEAR,2018,,,,,,,,,1 [0-2],1,0,2,,2025-11-11T16:20:50Z,2018,2018-01-01,2018-12-31
152242,TB_e_inc_tbhiv_num,COUNTRY,CUB,AMR,Americas,YEAR,2001,,,,,,,,,26 [9-51],26,9,51,,2025-11-11T16:20:50Z,2001,2001-01-01,2001-12-31
152449,TB_e_inc_tbhiv_num,COUNTRY,TTO,AMR,Americas,YEAR,2014,,,,,,,,,82 [60-110],82,60,110,,2025-11-11T16:20:50Z,2014,2014-01-01,2014-12-31
162213,TB_e_inc_tbhiv_num,GLOBAL,GLOBAL,,,YEAR,2006,,,,,,,,,1 770 000 [1 250 000-2 380 000],1770000,1250000,2380000,,2025-11-11T16:20:50Z,2006,2006-01-01,2006-12-31
164484,TB_e_inc_tbhiv_num,COUNTRY,TUN,EMR,Eastern Mediterranean,YEAR,2014,,,,,,,,,27 [14-45],27,14,45,,2025-11-11T16:20:50Z,2014,2014-01-01,2014-12-31
167830,TB_e_inc_tbhiv_num,COUNTRY,LBY,EMR,Eastern Mediterranean,YEAR,2001,,,,,,,,,31 [8-69],31,8,69,,2025-11-11T16:20:50Z,2001,2001-01-01,2001-12-31
172572,TB_e_inc_tbhiv_num,COUNTRY,SLV,AMR,Americas,YEAR,2012,,,,,,,,,300 [220-380],300,220,380,,2025-11-11T16:20:50Z,2012,2012-01-01,2012-12-31
174685,TB_e_inc_tbhiv_num,REGION,EUR,,,YEAR,2008,,,,,,,,,23 000 [17 000-29 000],23000,17000,29000,,2025-11-11T16:20:50Z,2008,2008-01-01,2008-12-31
178205,TB_e_inc_tbhiv_num,COUNTRY,LTU,EUR,Europe,YEAR,2016,,,,,,,,,65 [44-91],65,44,91,,2025-11-11T16:20:50Z,2016,2016-01-01,2016-12-31
178323,TB_e_inc_tbhiv_num,COUNTRY,TLS,SEAR,South-East Asia,YEAR,2022,,,,,,,,,41 [28-56],41,28,56,,2025-11-11T16:20:50Z,2022,2022-01-01,2022-12-31
179997,TB_e_inc_tbhiv_num,GLOBAL,GLOBAL,,,YEAR,2010,,,,,,,,,1 610 000 [1 230 000-2 050 000],1610000,1230000,2050000,,2025-11-11T16:20:50Z,2010,2010-01-01,2010-12-31
181910,TB_e_inc_tbhiv_num,COUNTRY,MMR,SEAR,South-East Asia,YEAR,2020,,,,,,,,,14 000 [8800-21 000],14000,8800,21000,,2025-11-11T16:20:50Z,2020,2020-01-01,2020-12-31
186063,TB_e_inc_tbhiv_num,COUNTRY,THA,SEAR,South-East Asia,YEAR,2007,,,,,,,,,23 000 [8900-45 000],23000,8900,45000,,2025-11-11T16:20:50Z,2007,2007-01-01,2007-12-31
188171,TB_e_inc_tbhiv_num,COUNTRY,AUS,WPR,Western Pacific,YEAR,2014,,,,,,,,,24 [14-38],24,14,38,,2025-11-11T16:20:50Z,2014,2014-01-01,2014-12-31
191245,TB_e_inc_tbhiv_num,COUNTRY,PSE,EMR,Eastern Mediterranean,YEAR,2001,,,,,,,,,0 [0-0],0,0,0,,2025-11-11T16:20:50Z,2001,2001-01-01,2001-12-31
194049,TB_e_inc_tbhiv_num,COUNTRY,STP,AFR,Africa,YEAR,2004,,,,,,,,,52 [20-99],52,20,99,,2025-11-11T16:20:50Z,2004,2004-01-01,2004-12-31
194612,TB_e_inc_tbhiv_num,WORLDBANKINCOMEGROUP,WB_LMI,,,YEAR,2002,,,,,,,,,908 000 [517 000-1 410 000],908000,517000,1410000,,2025-11-11T16:20:50Z,2002,2002-01-01,2002-12-31
195646,TB_e_inc_tbhiv_num,COUNTRY,PAN,AMR,Americas,YEAR,2017,,,,,,,,,500 [370-650],500,370,650,,2025-11-11T16:20:50Z,2017,2017-01-01,2017-12-31
197504,TB_e_inc_tbhiv_num,COUNTRY,VUT,WPR,Western Pacific,YEAR,2021,,,,,,,,,0 [0-0],0,0,0,,2025-11-11T16:20:50Z,2021,2021-01-01,2021-12-31
198405,TB_e_inc_tbhiv_num,COUNTRY,PSE,EMR,Eastern Mediterranean,YEAR,2004,,,,,,,,,0 [0-0],0,0,0,,2025-11-11T16:20:50Z,2004,2004-01-01,2004-12-31
198895,TB_e_inc_tbhiv_num,COUNTRY,LBN,EMR,Eastern Mediterranean,YEAR,2007,,,,,,,,,6 [2-11],6,2,11,,2025-11-11T16:20:50Z,2007,2007-01-01,2007-12-31
200447,TB_e_inc_tbhiv_num,REGION,EUR,,,YEAR,2003,,,,,,,,,26 000 [17 000-38 000],26000,17000,38000,,2025-11-11T16:20:50Z,2003,2003-01-01,2003-12-31
202738,TB_e_inc_tbhiv_num,COUNTRY,AUS,WPR,Western Pacific,YEAR,2006,,,,,,,,,58 [21-110],58,21,110,,2025-11-11T16:20:50Z,2006,2006-01-01,2006-12-31
206890,TB_e_inc_tbhiv_num,COUNTRY,BDI,AFR,Africa,YEAR,2004,,,,,,,,,4300 [2100-7300],4300,2100,7300,,2025-11-11T16:20:50Z,2004,2004-01-01,2004-12-31
207459,TB_e_inc_tbhiv_num,WORLDBANKINCOMEGROUP,WB_HI,,,YEAR,2006,,,,,,,,,16 000 [9600-24 000],16000,9600,24000,,2025-11-11T16:20:50Z,2006,2006-01-01,2006-12-31
208935,TB_e_inc_tbhiv_num,COUNTRY,MWI,AFR,Africa,YEAR,2002,,,,,,,,,34 000 [3000-100 000],34000,3000,100000,,2025-11-11T16:20:50Z,2002,2002-01-01,2002-12-31
214094,TB_e_inc_tbhiv_num,COUNTRY,USA,AMR,Americas,YEAR,2016,,,,,,,,,590 [430-760],590,430,760,,2025-11-11T16:20:50Z,2016,2016-01-01,2016-12-31
214620,TB_e_inc_tbhiv_num,COUNTRY,HTI,AMR,Americas,YEAR,2016,,,,,,,,,4800 [3600-6200],4800,3600,6200,,2025-11-11T16:20:50Z,2016,2016-01-01,2016-12-31
217596,TB_e_inc_tbhiv_num,COUNTRY,PAN,AMR,Americas,YEAR,2000,,,,,,,,,300 [120-550],300,120,550,,2025-11-11T16:20:50Z,2000,2000-01-01,2000-12-31
218913,TB_e_inc_tbhiv_num,COUNTRY,MAC,,,YEAR,2018,,,,,,,,,5 [1-13],5,1,13,,2025-11-11T16:20:50Z,2018,2018-01-01,2018-12-31
220697,TB_e_inc_tbhiv_num,COUNTRY,DNK,EUR,Europe,YEAR,2016,,,,,,,,,9 [3-18],9,3,18,,2025-11-11T16:20:50Z,2016,2016-01-01,2016-12-31
225092,TB_e_inc_tbhiv_num,COUNTRY,CRI,AMR,Americas,YEAR,2018,,,,,,,,,53 [36-74],53,36,74,,2025-11-11T16:20:50Z,2018,2018-01-01,2018-12-31
228360,TB_e_inc_tbhiv_num,COUNTRY,ITA,EUR,Europe,YEAR,2019,,,,,,,,,190 [110-310],190,110,310,,2025-11-11T16:20:50Z,2019,2019-01-01,2019-12-31
234262,TB_e_inc_tbhiv_num,COUNTRY,SUR,AMR,Americas,YEAR,2006,,,,,,,,,47 [20-84],47,20,84,,2025-11-11T16:20:50Z,2006,2006-01-01,2006-12-31
235964,TB_e_inc_tbhiv_num,COUNTRY,USA,AMR,Americas,YEAR,2004,,,,,,,,,3100 [1300-5700],3100,1300,5700,,2025-11-11T16:20:50Z,2004,2004-01-01,2004-12-31
239012,TB_e_inc_tbhiv_num,COUNTRY,OMN,EMR,Eastern Mediterranean,YEAR,2000,,,,,,,,,36 [14-70],36,14,70,,2025-11-11T16:20:50Z,2000,2000-01-01,2000-12-31
239361,TB_e_inc_tbhiv_num,COUNTRY,ALB,EUR,Europe,YEAR,2011,,,,,,,,,4 [1-7],4,1,7,,2025-11-11T16:20:50Z,2011,2011-01-01,2011-12-31
239565,TB_e_inc_tbhiv_num,COUNTRY,SDN,EMR,Eastern Mediterranean,YEAR,2016,,,,,,,,,880 [260-1900],880,260,1900,,2025-11-11T16:20:50Z,2016,2016-01-01,2016-12-31
240197,TB_e_inc_tbhiv_num,COUNTRY,ZWE,AFR,Africa,YEAR,2010,,,,,,,,,43 000 [23 000-69 000],43000,23000,69000,,2025-11-11T16:20:50Z,2010,2010-01-01,2010-12-31
241460,TB_e_inc_tbhiv_num,COUNTRY,DJI,EMR,Eastern Mediterranean,YEAR,2011,,,,,,,,,2900 [1300-5100],2900,1300,5100,,2025-11-11T16:20:50Z,2011,2011-01-01,2011-12-31
247333,TB_e_inc_tbhiv_num,COUNTRY,RUS,EUR,Europe,YEAR,2009,,,,,,,,,10 000 [4200-19 000],10000,4200,19000,,2025-11-11T16:20:50Z,2009,2009-01-01,2009-12-31
253766,TB_e_inc_tbhiv_num,COUNTRY,LVA,EUR,Europe,YEAR,2003,,,,,,,,,320 [110-640],320,110,640,,2025-11-11T16:20:50Z,2003,2003-01-01,2003-12-31
254407,TB_e_inc_tbhiv_num,COUNTRY,GTM,AMR,Americas,YEAR,2006,,,,,,,,,270 [99-520],270,99,520,,2025-11-11T16:20:50Z,2006,2006-01-01,2006-12-31
256618,TB_e_inc_tbhiv_num,COUNTRY,SYR,EMR,Eastern Mediterranean,YEAR,2004,,,,,,,,,4 [2-7],4,2,7,,2025-11-11T16:20:50Z,2004,2004-01-01,2004-12-31
261428,TB_e_inc_tbhiv_num,COUNTRY,ETH,AFR,Africa,YEAR,2023,,,,,,,,,15 000 [7400-26 000],15000,7400,26000,,2025-11-11T16:20:50Z,2023,2023-01-01,2023-12-31
264899,TB_e_inc_tbhiv_num,COUNTRY,ROU,EUR,Europe,YEAR,2004,,,,,,,,,600 [190-1200],600,190,1200,,2025-11-11T16:20:50Z,2004,2004-01-01,2004-12-31
273771,TB_e_inc_tbhiv_num,COUNTRY,LSO,AFR,Africa,YEAR,2012,,,,,,,,,16 000 [6600-29 000],16000,6600,29000,,2025-11-11T16:20:50Z,2012,2012-01-01,2012-12-31
274462,TB_e_inc_tbhiv_num,COUNTRY,LTU,EUR,Europe,YEAR,2023,,,,,,,,,41 [25-60],41,25,60,,2025-11-11T16:20:50Z,2023,2023-01-01,2023-12-31
275933,TB_e_inc_tbhiv_num,COUNTRY,DZA,AFR,Africa,YEAR,2024,,,,,,,,,210 [120-330],210,120,330,,2025-11-11T16:20:50Z,2024,2024-01-01,2024-12-31
278450,TB_e_inc_tbhiv_num,COUNTRY,SUR,AMR,Americas,YEAR,2004,,,,,,,,,49 [31-71],49,31,71,,2025-11-11T16:20:50Z,2004,2004-01-01,2004-12-31
279533,TB_e_inc_tbhiv_num,COUNTRY,SYR,EMR,Eastern Mediterranean,YEAR,2012,,,,,,,,,5 [3-8],5,3,8,,2025-11-11T16:20:50Z,2012,2012-01-01,2012-12-31
279627,TB_e_inc_tbhiv_num,COUNTRY,SEN,AFR,Africa,YEAR,2011,,,,,,,,,2300 [1700-3000],2300,1700,3000,,2025-11-11T16:20:50Z,2011,2011-01-01,2011-12-31
282646,TB_e_inc_tbhiv_num,COUNTRY,BGR,EUR,Europe,YEAR,2007,,,,,,,,,21 [7-43],21,7,43,,2025-11-11T16:20:50Z,2007,2007-01-01,2007-12-31
283904,TB_e_inc_tbhiv_num,COUNTRY,MWI,AFR,Africa,YEAR,2000,,,,,,,,,35 000 [3700-100 000],35000,3700,100000,,2025-11-11T16:20:50Z,2000,2000-01-01,2000-12-31
284038,TB_e_inc_tbhiv_num,GLOBAL,GLOBAL,,,YEAR,2019,,,,,,,,,840 000 [739 000-947 000],840000,739000,947000,,2025-11-11T16:20:50Z,2019,2019-01-01,2019-12-31
286476,TB_e_inc_tbhiv_num,COUNTRY,ESP,EUR,Europe,YEAR,2014,,,,,,,,,420 [310-550],420,310,550,,2025-11-11T16:20:50Z,2014,2014-01-01,2014-12-31
286632,TB_e_inc_tbhiv_num,COUNTRY,BWA,AFR,Africa,YEAR,2018,,,,,,,,,4200 [3300-5200],4200,3300,5200,,2025-11-11T16:20:50Z,2018,2018-01-01,2018-12-31
289830,TB_e_inc_tbhiv_num,COUNTRY,ETH,AFR,Africa,YEAR,2012,,,,,,,,,23 000 [11 000-39 000],23000,11000,39000,,2025-11-11T16:20:50Z,2012,2012-01-01,2012-12-31
294514,TB_e_inc_tbhiv_num,COUNTRY,SRB,EUR,Europe,YEAR,2005,,,,,,,,,9 [5-14],9,5,14,,2025-11-11T16:20:50Z,2005,2005-01-01,2005-12-31
295298,TB_e_inc_tbhiv_num,COUNTRY,GNB,AFR,Africa,YEAR,2020,,,,,,,,,1200 [890-1500],1200,890,1500,,2025-11-11T16:20:50Z,2020,2020-01-01,2020-12-31
295655,TB_e_inc_tbhiv_num,COUNTRY,TCD,AFR,Africa,YEAR,2018,,,,,,,,,3800 [2700-5100],3800,2700,5100,,2025-11-11T16:20:50Z,2018,2018-01-01,2018-12-31
298892,TB_e_inc_tbhiv_num,COUNTRY,GEO,EUR,Europe,YEAR,2017,,,,,,,,,64 [43-89],64,43,89,,2025-11-11T16:20:50Z,2017,2017-01-01,2017-12-31
300781,TB_e_inc_tbhiv_num,COUNTRY,LVA,EUR,Europe,YEAR,2016,,,,,,,,,100 [73-130],100,73,130,,2025-11-11T16:20:50Z,2016,2016-01-01,2016-12-31
307495,TB_e_inc_tbhiv_num,COUNTRY,CUB,AMR,Americas,YEAR,2010,,,,,,,,,11 [8-14],11,8,14,,2025-11-11T16:20:50Z,2010,2010-01-01,2010-12-31
307638,TB_e_inc_tbhiv_num,COUNTRY,SYR,EMR,Eastern Mediterranean,YEAR,2023,,,,,,,,,5 [3-9],5,3,9,,2025-11-11T16:20:50Z,2023,2023-01-01,2023-12-31
310703,TB_e_inc_tbhiv_num,COUNTRY,DEU,EUR,Europe,YEAR,2019,,,,,,,,,130 [72-210],130,72,210,,2025-11-11T16:20:50Z,2019,2019-01-01,2019-12-31
311618,TB_e_inc_tbhiv_num,COUNTRY,COD,AFR,Africa,YEAR,2008,,,,,,,,,27 000 [12 000-48 000],27000,12000,48000,,2025-11-11T16:20:50Z,2008,2008-01-01,2008-12-31
312856,TB_e_inc_tbhiv_num,COUNTRY,CHL,AMR,Americas,YEAR,2016,,,,,,,,,410 [300-530],410,300,530,,2025-11-11T16:20:50Z,2016,2016-01-01,2016-12-31
313223,TB_e_inc_tbhiv_num,COUNTRY,MDV,SEAR,South-East Asia,YEAR,2009,,,,,,,,,0 [0-0],0,0,0,,2025-11-11T16:20:50Z,2009,2009-01-01,2009-12-31
313683,TB_e_inc_tbhiv_num,WORLDBANKINCOMEGROUP,WB_HI,,,YEAR,2014,,,,,,,,,16 000 [7700-28 000],16000,7700,28000,,2025-11-11T16:20:50Z,2014,2014-01-01,2014-12-31
314571,TB_e_inc_tbhiv_num,COUNTRY,HKG,,,YEAR,2001,,,,,,,,,130 [90-180],130,90,180,,2025-11-11T16:20:50Z,2001,2001-01-01,2001-12-31
319944,TB_e_inc_tbhiv_num,COUNTRY,ERI,AFR,Africa,YEAR,2015,,,,,,,,,260 [190-340],260,190,340,,2025-11-11T16:20:50Z,2015,2015-01-01,2015-12-31
320636,TB_e_inc_tbhiv_num,COUNTRY,COL,AMR,Americas,YEAR,2023,,,,,,,,,3700 [2100-5600],3700,2100,5600,,2025-11-11T16:20:50Z,2023,2023-01-01,2023-12-31
322383,TB_e_inc_tbhiv_num,COUNTRY,EST,EUR,Europe,YEAR,2001,,,,,,,,,130 [53-250],130,53,250,,2025-11-11T16:20:50Z,2001,2001-01-01,2001-12-31
325266,TB_e_inc_tbhiv_num,COUNTRY,ALB,EUR,Europe,YEAR,2023,,,,,,,,,4 [1-12],4,1,12,,2025-11-11T16:20:50Z,2023,2023-01-01,2023-12-31
328701,TB_e_inc_tbhiv_num,COUNTRY,VUT,WPR,Western Pacific,YEAR,2019,,,,,,,,,0 [0-0],0,0,0,,2025-11-11T16:20:50Z,2019,2019-01-01,2019-12-31
330021,TB_e_inc_tbhiv_num,COUNTRY,MOZ,AFR,Africa,YEAR,2019,,,,,,,,,37 000 [21 000-56 000],37000,21000,56000,,2025-11-11T16:20:50Z,2019,2019-01-01,2019-12-31
331442,TB_e_inc_tbhiv_num,REGION,AFR,,,YEAR,2003,,,,,,,,,1 170 000 [842 000-1 560 000],1170000,842000,1560000,,2025-11-11T16:20:50Z,2003,2003-01-01,2003-12-31
334999,TB_e_inc_tbhiv_num,REGION,SEAR,,,YEAR,2013,,,,,,,,,202 000 [125 000-297 000],202000,125000,297000,,2025-11-11T16:20:50Z,2013,2013-01-01,2013-12-31
337532,TB_e_inc_tbhiv_num,COUNTRY,TGO,AFR,Africa,YEAR,2015,,,,,,,,,1000 [510-1700],1000,510,1700,,2025-11-11T16:20:50Z,2015,2015-01-01,2015-12-31
338336,TB_e_inc_tbhiv_num,COUNTRY,SWE,EUR,Europe,YEAR,2023,,,,,,,,,9 [5-14],9,5,14,,2025-11-11T16:20:50Z,2023,2023-01-01,2023-12-31
340009,TB_e_inc_tbhiv_num,COUNTRY,SOM,EMR,Eastern Mediterranean,YEAR,2013,,,,,,,,,630 [230-1200],630,230,1200,,2025-11-11T16:20:50Z,2013,2013-01-01,2013-12-31
350062,TB_e_inc_tbhiv_num,COUNTRY,TJK,EUR,Europe,YEAR,2004,,,,,,,,,26 [8-55],26,8,55,,2025-11-11T16:20:50Z,2004,2004-01-01,2004-12-31
350374,TB_e_inc_tbhiv_num,COUNTRY,MDV,SEAR,South-East Asia,YEAR,2017,,,,,,,,,0 [0-0],0,0,0,,2025-11-11T16:20:50Z,2017,2017-01-01,2017-12-31
350401,TB_e_inc_tbhiv_num,COUNTRY,HND,AMR,Americas,YEAR,2012,,,,,,,,,570 [420-740],570,420,740,,2025-11-11T16:20:50Z,2012,2012-01-01,2012-12-31
351207,TB_e_inc_tbhiv_num,COUNTRY,TTO,AMR,Americas,YEAR,2012,,,,,,,,,99 [73-130],99,73,130,,2025-11-11T16:20:50Z,2012,2012-01-01,2012-12-31
356369,TB_e_inc_tbhiv_num,WORLDBANKINCOMEGROUP,WB_UMI,,,YEAR,2023,,,,,,,,,235 000 [169 000-311 000],235000,169000,311000,,2025-11-11T16:20:50Z,2023,2023-01-01,2023-12-31
358111,TB_e_inc_tbhiv_num,COUNTRY,VNM,WPR,Western Pacific,YEAR,2020,,,,,,,,,5500 [3300-8300],5500,3300,8300,,2025-11-11T16:20:50Z,2020,2020-01-01,2020-12-31
364680,TB_e_inc_tbhiv_num,COUNTRY,CHE,EUR,Europe,YEAR,2017,,,,,,,,,29 [16-47],29,16,47,,2025-11-11T16:20:50Z,2017,2017-01-01,2017-12-31
366966,TB_e_inc_tbhiv_num,COUNTRY,BHS,AMR,Americas,YEAR,2024,,,,,,,,,16 [8-26],16,8,26,,2025-11-11T16:20:50Z,2024,2024-01-01,2024-12-31
372349,TB_e_inc_tbhiv_num,COUNTRY,MDV,SEAR,South-East Asia,YEAR,2007,,,,,,,,,0 [0-1],0,0,1,,2025-11-11T16:20:50Z,2007,2007-01-01,2007-12-31
373382,TB_e_inc_tbhiv_num,COUNTRY,URY,AMR,Americas,YEAR,2011,,,,,,,,,150 [110-200],150,110,200,,2025-11-11T16:20:50Z,2011,2011-01-01,2011-12-31
374299,TB_e_inc_tbhiv_num,COUNTRY,TCD,AFR,Africa,YEAR,2019,,,,,,,,,4000 [2900-5400],4000,2900,5400,,2025-11-11T16:20:50Z,2019,2019-01-01,2019-12-31
374674,TB_e_inc_tbhiv_num,COUNTRY,GIN,AFR,Africa,YEAR,2015,,,,,,,,,5100 [3800-6500],5100,3800,6500,,2025-11-11T16:20:50Z,2015,2015-01-01,2015-12-31
377253,TB_e_inc_tbhiv_num,COUNTRY,GNQ,AFR,Africa,YEAR,2022,,,,,,,,,2100 [880-3700],2100,880,3700,,2025-11-11T16:20:50Z,2022,2022-01-01,2022-12-31
384802,TB_e_inc_tbhiv_num,COUNTRY,MHL,WPR,Western Pacific,YEAR,2015,,,,,,,,,0 [0-0],0,0,0,,2025-11-11T16:20:50Z,2015,2015-01-01,2015-12-31
385117,TB_e_inc_tbhiv_num,COUNTRY,KEN,AFR,Africa,YEAR,2024,,,,,,,,,25 000 [12 000-39 000],25000,12000,39000,,2025-11-11T16:20:50Z,2024,2024-01-01,2024-12-31
386047,TB_e_inc_tbhiv_num,COUNTRY,PRT,EUR,Europe,YEAR,2014,,,,,,,,,390 [290-510],390,290,510,,2025-11-11T16:20:50Z,2014,2014-01-01,2014-12-31
386656,TB_e_inc_tbhiv_num,COUNTRY,TUN,EMR,Eastern Mediterranean,YEAR,2007,,,,,,,,,30 [11-59],30,11,59,,2025-11-11T16:20:50Z,2007,2007-01-01,2007-12-31
388300,TB_e_inc_tbhiv_num,COUNTRY,BEL,EUR,Europe,YEAR,2020,,,,,,,,,33 [12-65],33,12,65,,2025-11-11T16:20:50Z,2020,2020-01-01,2020-12-31
389215,TB_e_inc_tbhiv_num,COUNTRY,LUX,EUR,Europe,YEAR,2008,,,,,,,,,2 [1-3],2,1,3,,2025-11-11T16:20:50Z,2008,2008-01-01,2008-12-31
389795,TB_e_inc_tbhiv_num,COUNTRY,IND,SEAR,South-East Asia,YEAR,2011,,,,,,,,,208 000 [52 000-470 000],208000,52000,470000,,2025-11-11T16:20:50Z,2011,2011-01-01,2011-12-31
390193,TB_e_inc_tbhiv_num,COUNTRY,BIH,EUR,Europe,YEAR,2021,,,,,,,,,2 [1-3],2,1,3,,2025-11-11T16:20:50Z,2021,2021-01-01,2021-12-31
390712,TB_e_inc_tbhiv_num,COUNTRY,GTM,AMR,Americas,YEAR,2004,,,,,,,,,220 [81-430],220,81,430,,2025-11-11T16:20:50Z,2004,2004-01-01,2004-12-31
393698,TB_e_inc_tbhiv_num,COUNTRY,PER,AMR,Americas,YEAR,2009,,,,,,,,,740 [550-960],740,550,960,,2025-11-11T16:20:50Z,2009,2009-01-01,2009-12-31
395040,TB_e_inc_tbhiv_num,REGION,EUR,,,YEAR,2016,,,,,,,,,35 000 [25 000-46 000],35000,25000,46000,,2025-11-11T16:20:50Z,2016,2016-01-01,2016-12-31
395169,TB_e_inc_tbhiv_num,COUNTRY,NZL,WPR,Western Pacific,YEAR,2019,,,,,,,,,3 [0-8],3,0,8,,2025-11-11T16:20:50Z,2019,2019-01-01,2019-12-31
397852,TB_e_inc_tbhiv_num,COUNTRY,PRT,EUR,Europe,YEAR,2022,,,,,,,,,160 [120-210],160,120,210,,2025-11-11T16:20:50Z,2022,2022-01-01,2022-12-31
399112,TB_e_inc_tbhiv_num,COUNTRY,COM,AFR,Africa,YEAR,2012,,,,,,,,,9 [1-27],9,1,27,,2025-11-11T16:20:50Z,2012,2012-01-01,2012-12-31
402238,TB_e_inc_tbhiv_num,COUNTRY,COG,AFR,Africa,YEAR,2008,,,,,,,,,7800 [5600-10 000],7800,5600,10000,,2025-11-11T16:20:50Z,2008,2008-01-01,2008-12-31
402785,TB_e_inc_tbhiv_num,COUNTRY,IRN,EMR,Eastern Mediterranean,YEAR,2017,,,,,,,,,520 [390-680],520,390,680,,2025-11-11T16:20:50Z,2017,2017-01-01,2017-12-31
409597,TB_e_inc_tbhiv_num,COUNTRY,CRI,AMR,Americas,YEAR,2008,,,,,,,,,63 [43-88],63,43,88,,2025-11-11T16:20:50Z,2008,2008-01-01,2008-12-31
410262,TB_e_inc_tbhiv_num,COUNTRY,IRL,EUR,Europe,YEAR,2002,,,,,,,,,31 [17-49],31,17,49,,2025-11-11T16:20:50Z,2002,2002-01-01,2002-12-31
412855,TB_e_inc_tbhiv_num,COUNTRY,MYS,WPR,Western Pacific,YEAR,2011,,,,,,,,,2600 [2000-3400],2600,2000,3400,,2025-11-11T16:20:50Z,2011,2011-01-01,2011-12-31
415022,TB_e_inc_tbhiv_num,COUNTRY,PSE,EMR,Eastern Mediterranean,YEAR,2021,,,,,,,,,0 [0-0],0,0,0,,2025-11-11T16:20:50Z,2021,2021-01-01,2021-12-31
422989,TB_e_inc_tbhiv_num,COUNTRY,CHN,WPR,Western Pacific,YEAR,2024,,,,,,,,,13 000 [9300-16 000],13000,9300,16000,,2025-11-11T16:20:50Z,2024,2024-01-01,2024-12-31
424874,TB_e_inc_tbhiv_num,COUNTRY,TJK,EUR,Europe,YEAR,2022,,,,,,,,,200 [140-260],200,140,260,,2025-11-11T16:20:50Z,2022,2022-01-01,2022-12-31
430054,TB_e_inc_tbhiv_num,COUNTRY,JOR,EMR,Eastern Mediterranean,YEAR,2023,,,,,,,,,0 [0-0],0,0,0,,2025-11-11T16:20:50Z,2023,2023-01-01,2023-12-31
431192,TB_e_inc_tbhiv_num,COUNTRY,MMR,SEAR,South-East Asia,YEAR,2013,,,,,,,,,20 000 [9600-34 000],20000,9600,34000,,2025-11-11T16:20:50Z,2013,2013-01-01,2013-12-31
434124,TB_e_inc_tbhiv_num,REGION,EUR,,,YEAR,2024,,,,,,,,,23 000 [16 000-31 000],23000,16000,31000,,2025-11-11T16:20:50Z,2024,2024-01-01,2024-12-31
437950,TB_e_inc_tbhiv_num,COUNTRY,GRC,EUR,Europe,YEAR,2011,,,,,,,,,21 [12-34],21,12,34,,2025-11-11T16:20:50Z,2011,2011-01-01,2011-12-31
440041,TB_e_inc_tbhiv_num,COUNTRY,TGO,AFR,Africa,YEAR,2008,,,,,,,,,1900 [1200-2700],1900,1200,2700,,2025-11-11T16:20:50Z,2008,2008-01-01,2008-12-31
440052,TB_e_inc_tbhiv_num,COUNTRY,NOR,EUR,Europe,YEAR,2019,,,,,,,,,8 [3-16],8,3,16,,2025-11-11T16:20:50Z,2019,2019-01-01,2019-12-31
442174,TB_e_inc_tbhiv_num,REGION,SEAR,,,YEAR,2011,,,,,,,,,255 000 [88 000-509 000],255000,88000,509000,,2025-11-11T16:20:50Z,2011,2011-01-01,2011-12-31
442241,TB_e_inc_tbhiv_num,COUNTRY,MWI,AFR,Africa,YEAR,2010,,,,,,,,,39 000 [5800-102 000],39000,5800,102000,,2025-11-11T16:20:50Z,2010,2010-01-01,2010-12-31
442644,TB_e_inc_tbhiv_num,COUNTRY,KIR,WPR,Western Pacific,YEAR,2021,,,,,,,,,3 [0-14],3,0,14,,2025-11-11T16:20:50Z,2021,2021-01-01,2021-12-31
449252,TB_e_inc_tbhiv_num,COUNTRY,BRN,WPR,Western Pacific,YEAR,2007,,,,,,,,,0 [0-0],0,0,0,,2025-11-11T16:20:50Z,2007,2007-01-01,2007-12-31
451369,TB_e_inc_tbhiv_num,COUNTRY,BLR,EUR,Europe,YEAR,2014,,,,,,,,,340 [250-440],340,250,440,,2025-11-11T16:20:50Z,2014,2014-01-01,2014-12-31
451439,TB_e_inc_tbhiv_num,COUNTRY,FJI,WPR,Western Pacific,YEAR,2011,,,,,,,,,8 [2-19],8,2,19,,2025-11-11T16:20:50Z,2011,2011-01-01,2011-12-31
453983,TB_e_inc_tbhiv_num,COUNTRY,TUN,EMR,Eastern Mediterranean,YEAR,2024,,,,,,,,,34 [12-68],34,12,68,,2025-11-11T16:20:50Z,2024,2024-01-01,2024-12-31
453993,TB_e_inc_tbhiv_num,COUNTRY,AGO,AFR,Africa,YEAR,2006,,,,,,,,,22 000 [10 000-38 000],22000,10000,38000,,2025-11-11T16:20:50Z,2006,2006-01-01,2006-12-31
454312,TB_e_inc_tbhiv_num,COUNTRY,ARE,EMR,Eastern Mediterranean,YEAR,2017,,,,,,,,,8 [2-17],8,2,17,,2025-11-11T16:20:50Z,2017,2017-01-01,2017-12-31
460058,TB_e_inc_tbhiv_num,COUNTRY,TJK,EUR,Europe,YEAR,2019,,,,,,,,,220 [160-290],220,160,290,,2025-11-11T16:20:50Z,2019,2019-01-01,2019-12-31
471779,TB_e_inc_tbhiv_num,COUNTRY,BEL,EUR,Europe,YEAR,2012,,,,,,,,,41 [15-81],41,15,81,,2025-11-11T16:20:50Z,2012,2012-01-01,2012-12-31
471817,TB_e_inc_tbhiv_num,COUNTRY,MNG,WPR,Western Pacific,YEAR,2009,,,,,,,,,0 [0-0],0,0,0,,2025-11-11T16:20:50Z,2009,2009-01-01,2009-12-31
473611,TB_e_inc_tbhiv_num,COUNTRY,CPV,AFR,Africa,YEAR,2012,,,,,,,,,80 [55-110],80,55,110,,2025-11-11T16:20:50Z,2012,2012-01-01,2012-12-31
475206,TB_e_inc_tbhiv_num,COUNTRY,CPV,AFR,Africa,YEAR,2008,,,,,,,,,64 [24-120],64,24,120,,2025-11-11T16:20:50Z,2008,2008-01-01,2008-12-31
481506,TB_e_inc_tbhiv_num,COUNTRY,PNG,WPR,Western Pacific,YEAR,2005,,,,,,,,,4400 [1600-8500],4400,1600,8500,,2025-11-11T16:20:50Z,2005,2005-01-01,2005-12-31
487873,TB_e_inc_tbhiv_num,COUNTRY,BLR,EUR,Europe,YEAR,2013,,,,,,,,,320 [240-420],320,240,420,,2025-11-11T16:20:50Z,2013,2013-01-01,2013-12-31
493124,TB_e_inc_tbhiv_num,COUNTRY,LBN,EMR,Eastern Mediterranean,YEAR,2013,,,,,,,,,9 [3-19],9,3,19,,2025-11-11T16:20:50Z,2013,2013-01-01,2013-12-31
494156,TB_e_inc_tbhiv_num,COUNTRY,MAC,,,YEAR,2014,,,,,,,,,11 [3-23],11,3,23,,2025-11-11T16:20:50Z,2014,2014-01-01,2014-12-31
496432,TB_e_inc_tbhiv_num,COUNTRY,BGR,EUR,Europe,YEAR,2002,,,,,,,,,6 [2-13],6,2,13,,2025-11-11T16:20:50Z,2002,2002-01-01,2002-12-31
497343,TB_e_inc_tbhiv_num,COUNTRY,SVN,EUR,Europe,YEAR,2013,,,,,,,,,2 [0-7],2,0,7,,2025-11-11T16:20:50Z,2013,2013-01-01,2013-12-31
497665,TB_e_inc_tbhiv_num,COUNTRY,GNB,AFR,Africa,YEAR,2001,,,,,,,,,1200 [660-1900],1200,660,1900,,2025-11-11T16:20:50Z,2001,2001-01-01,2001-12-31
498583,TB_e_inc_tbhiv_num,COUNTRY,HRV,EUR,Europe,YEAR,2020,,,,,,,,,2 [1-3],2,1,3,,2025-11-11T16:20:50Z,2020,2020-01-01,2020-12-31
498860,TB_e_inc_tbhiv_num,COUNTRY,KEN,AFR,Africa,YEAR,2015,,,,,,,,,60 000 [27 000-104 000],60000,27000,104000,,2025-11-11T16:20:50Z,2015,2015-01-01,2015-12-31
499964,TB_e_inc_tbhiv_num,COUNTRY,MMR,SEAR,South-East Asia,YEAR,2001,,,,,,,,,31 000 [6400-75 000],31000,6400,75000,,2025-11-11T16:20:50Z,2001,2001-01-01,2001-12-31
501685,TB_e_inc_tbhiv_num,COUNTRY,NER,AFR,Africa,YEAR,2015,,,,,,,,,1100 [680-1500],1100,680,1500,,2025-11-11T16:20:50Z,2015,2015-01-01,2015-12-31
502408,TB_e_inc_tbhiv_num,COUNTRY,JAM,AMR,Americas,YEAR,2020,,,,,,,,,11 [5-20],11,5,20,,2025-11-11T16:20:50Z,2020,2020-01-01,2020-12-31
502427,TB_e_inc_tbhiv_num,COUNTRY,AUT,EUR,Europe,YEAR,2012,,,,,,,,,19 [10-30],19,10,30,,2025-11-11T16:20:50Z,2012,2012-01-01,2012-12-31
504874,TB_e_inc_tbhiv_num,COUNTRY,PRI,AMR,Americas,YEAR,2008,,,,,,,,,37 [24-54],37,24,54,,2025-11-11T16:20:50Z,2008,2008-01-01,2008-12-31
506083,TB_e_inc_tbhiv_num,COUNTRY,BGR,EUR,Europe,YEAR,2005,,,,,,,,,16 [5-32],16,5,32,,2025-11-11T16:20:50Z,2005,2005-01-01,2005-12-31
510914,TB_e_inc_tbhiv_num,COUNTRY,SYR,EMR,Eastern Mediterranean,YEAR,2013,,,,,,,,,5 [3-8],5,3,8,,2025-11-11T16:20:50Z,2013,2013-01-01,2013-12-31
513187,TB_e_inc_tbhiv_num,COUNTRY,ECU,AMR,Americas,YEAR,2013,,,,,,,,,1000 [770-1300],1000,770,1300,,2025-11-11T16:20:50Z,2013,2013-01-01,2013-12-31
515523,TB_e_inc_tbhiv_num,COUNTRY,BRA,AMR,Americas,YEAR,2017,,,,,,,,,11 000 [7900-14 000],11000,7900,14000,,2025-11-11T16:20:50Z,2017,2017-01-01,2017-12-31
515701,TB_e_inc_tbhiv_num,COUNTRY,EST,EUR,Europe,YEAR,2009,,,,,,,,,56 [37-79],56,37,79,,2025-11-11T16:20:50Z,2009,2009-01-01,2009-12-31
519030,TB_e_inc_tbhiv_num,COUNTRY,MMR,SEAR,South-East Asia,YEAR,2016,,,,,,,,,18 000 [10 000-28 000],18000,10000,28000,,2025-11-11T16:20:50Z,2016,2016-01-01,2016-12-31
519275,TB_e_inc_tbhiv_num,COUNTRY,YEM,EMR,Eastern Mediterranean,YEAR,2021,,,,,,,,,91 [50-140],91,50,140,,2025-11-11T16:20:50Z,2021,2021-01-01,2021-12-31
526041,TB_e_inc_tbhiv_num,COUNTRY,FIN,EUR,Europe,YEAR,2004,,,,,,,,,8 [4-13],8,4,13,,2025-11-11T16:20:50Z,2004,2004-01-01,2004-12-31
527852,TB_e_inc_tbhiv_num,COUNTRY,AUT,EUR,Europe,YEAR,2013,,,,,,,,,17 [9-27],17,9,27,,2025-11-11T16:20:50Z,2013,2013-01-01,2013-12-31
530205,TB_e_inc_tbhiv_num,COUNTRY,DZA,AFR,Africa,YEAR,2003,,,,,,,,,100 [55-160],100,55,160,,2025-11-11T16:20:50Z,2003,2003-01-01,2003-12-31
532577,TB_e_inc_tbhiv_num,GLOBAL,GLOBAL,,,YEAR,2022,,,,,,,,,666 000 [584 000-753 000],666000,584000,753000,,2025-11-11T16:20:50Z,2022,2022-01-01,2022-12-31
535645,TB_e_inc_tbhiv_num,COUNTRY,LVA,EUR,Europe,YEAR,2005,,,,,,,,,120 [85-160],120,85,160,,2025-11-11T16:20:50Z,2005,2005-01-01,2005-12-31
536168,TB_e_inc_tbhiv_num,COUNTRY,BWA,AFR,Africa,YEAR,2012,,,,,,,,,6700 [5400-8200],6700,5400,8200,,2025-11-11T16:20:50Z,2012,2012-01-01,2012-12-31
537529,TB_e_inc_tbhiv_num,COUNTRY,ZWE,AFR,Africa,YEAR,2009,,,,,,,,,46 000 [20 000-84 000],46000,20000,84000,,2025-11-11T16:20:50Z,2009,2009-01-01,2009-12-31
537664,TB_e_inc_tbhiv_num,COUNTRY,ITA,EUR,Europe,YEAR,2017,,,,,,,,,240 [130-370],240,130,370,,2025-11-11T16:20:50Z,2017,2017-01-01,2017-12-31
541252,TB_e_inc_tbhiv_num,COUNTRY,HND,AMR,Americas,YEAR,2016,,,,,,,,,370 [270-480],370,270,480,,2025-11-11T16:20:50Z,2016,2016-01-01,2016-12-31
542488,TB_e_inc_tbhiv_num,COUNTRY,CPV,AFR,Africa,YEAR,2016,,,,,,,,,29 [17-45],29,17,45,,2025-11-11T16:20:50Z,2016,2016-01-01,2016-12-31
543714,TB_e_inc_tbhiv_num,REGION,AMR,,,YEAR,2005,,,,,,,,,38 000 [27 000-50 000],38000,27000,50000,,2025-11-11T16:20:50Z,2005,2005-01-01,2005-12-31
543806,TB_e_inc_tbhiv_num,COUNTRY,ETH,AFR,Africa,YEAR,2000,,,,,,,,,119 000 [48 000-221 000],119000,48000,221000,,2025-11-11T16:20:50Z,2000,2000-01-01,2000-12-31
543828,TB_e_inc_tbhiv_num,COUNTRY,GRC,EUR,Europe,YEAR,2024,,,,,,,,,10 [5-17],10,5,17,,2025-11-11T16:20:50Z,2024,2024-01-01,2024-12-31
546950,TB_e_inc_tbhiv_num,COUNTRY,FJI,WPR,Western Pacific,YEAR,2020,,,,,,,,,37 [21-57],37,21,57,,2025-11-11T16:20:50Z,2020,2020-01-01,2020-12-31
547789,TB_e_inc_tbhiv_num,COUNTRY,CPV,AFR,Africa,YEAR,2006,,,,,,,,,52 [19-100],52,19,100,,2025-11-11T16:20:50Z,2006,2006-01-01,2006-12-31
548146,TB_e_inc_tbhiv_num,COUNTRY,KIR,WPR,Western Pacific,YEAR,2019,,,,,,,,,0 [0-0],0,0,0,,2025-11-11T16:20:50Z,2019,2019-01-01,2019-12-31
548357,TB_e_inc_tbhiv_num,COUNTRY,OMN,EMR,Eastern Mediterranean,YEAR,2013,,,,,,,,,8 [2-17],8,2,17,,2025-11-11T16:20:50Z,2013,2013-01-01,2013-12-31
554208,TB_e_inc_tbhiv_num,COUNTRY,KIR,WPR,Western Pacific,YEAR,2007,,,,,,,,,11 [8-14],11,8,14,,2025-11-11T16:20:50Z,2007,2007-01-01,2007-12-31
554276,TB_e_inc_tbhiv_num,COUNTRY,SSD,AFR,Africa,YEAR,2024,,,,,,,,,3600 [1600-6300],3600,1600,6300,,2025-11-11T16:20:50Z,2024,2024-01-01,2024-12-31
554406,TB_e_inc_tbhiv_num,COUNTRY,KEN,AFR,Africa,YEAR,2012,,,,,,,,,79 000 [29 000-153 000],79000,29000,153000,,2025-11-11T16:20:50Z,2012,2012-01-01,2012-12-31
556799,TB_e_inc_tbhiv_num,COUNTRY,MDV,SEAR,South-East Asia,YEAR,2012,,,,,,,,,0 [0-1],0,0,1,,2025-11-11T16:20:50Z,2012,2012-01-01,2012-12-31
559780,TB_e_inc_tbhiv_num,COUNTRY,TLS,SEAR,South-East Asia,YEAR,2024,,,,,,,,,95 [72-120],95,72,120,,2025-11-11T16:20:50Z,2024,2024-01-01,2024-12-31
560193,TB_e_inc_tbhiv_num,REGION,SEAR,,,YEAR,2019,,,,,,,,,100 000 [83 000-119 000],100000,83000,119000,,2025-11-11T16:20:50Z,2019,2019-01-01,2019-12-31
560399,TB_e_inc_tbhiv_num,COUNTRY,PAN,AMR,Americas,YEAR,2004,,,,,,,,,290 [110-540],290,110,540,,2025-11-11T16:20:50Z,2004,2004-01-01,2004-12-31
562529,TB_e_inc_tbhiv_num,COUNTRY,FIN,EUR,Europe,YEAR,2021,,,,,,,,,3 [2-5],3,2,5,,2025-11-11T16:20:50Z,2021,2021-01-01,2021-12-31
568501,TB_e_inc_tbhiv_num,COUNTRY,MKD,EUR,Europe,YEAR,2014,,,,,,,,,2 [0-9],2,0,9,,2025-11-11T16:20:50Z,2014,2014-01-01,2014-12-31
568740,TB_e_inc_tbhiv_num,COUNTRY,KWT,EMR,Eastern Mediterranean,YEAR,2010,,,,,,,,,36 [26-46],36,26,46,,2025-11-11T16:20:50Z,2010,2010-01-01,2010-12-31
569158,TB_e_inc_tbhiv_num,COUNTRY,NLD,EUR,Europe,YEAR,2017,,,,,,,,,38 [25-54],38,25,54,,2025-11-11T16:20:50Z,2017,2017-01-01,2017-12-31
569766,TB_e_inc_tbhiv_num,WORLDBANKINCOMEGROUP,WB_HI,,,YEAR,2013,,,,,,,,,17 000 [7800-29 000],17000,7800,29000,,2025-11-11T16:20:50Z,2013,2013-01-01,2013-12-31
569909,TB_e_inc_tbhiv_num,COUNTRY,GEO,EUR,Europe,YEAR,2019,,,,,,,,,53 [35-76],53,35,76,,2025-11-11T16:20:50Z,2019,2019-01-01,2019-12-31
574202,TB_e_inc_tbhiv_num,COUNTRY,IRN,EMR,Eastern Mediterranean,YEAR,2004,,,,,,,,,470 [140-1000],470,140,1000,,2025-11-11T16:20:50Z,2004,2004-01-01,2004-12-31
574502,TB_e_inc_tbhiv_num,COUNTRY,COG,AFR,Africa,YEAR,2017,,,,,,,,,5600 [3600-8000],5600,3600,8000,,2025-11-11T16:20:50Z,2017,2017-01-01,2017-12-31
577442,TB_e_inc_tbhiv_num,COUNTRY,LAO,WPR,Western Pacific,YEAR,2006,,,,,,,,,470 [110-1100],470,110,1100,,2025-11-11T16:20:50Z,2006,2006-01-01,2006-12-31
580182,TB_e_inc_tbhiv_num,REGION,AFR,,,YEAR,2014,,,,,,,,,972 000 [741 000-1 230 000],972000,741000,1230000,,2025-11-11T16:20:50Z,2014,2014-01-01,2014-12-31
584570,TB_e_inc_tbhiv_num,COUNTRY,MDG,AFR,Africa,YEAR,2010,,,,,,,,,120 [88-160],120,88,160,,2025-11-11T16:20:50Z,2010,2010-01-01,2010-12-31
584583,TB_e_inc_tbhiv_num,COUNTRY,CHL,AMR,Americas,YEAR,2002,,,,,,,,,490 [200-910],490,200,910,,2025-11-11T16:20:50Z,2002,2002-01-01,2002-12-31
584758,TB_e_inc_tbhiv_num,COUNTRY,VUT,WPR,Western Pacific,YEAR,2007,,,,,,,,,120 [84-150],120,84,150,,2025-11-11T16:20:50Z,2007,2007-01-01,2007-12-31
589744,TB_e_inc_tbhiv_num,COUNTRY,MAR,EMR,Eastern Mediterranean,YEAR,2003,,,,,,,,,380 [130-760],380,130,760,,2025-11-11T16:20:50Z,2003,2003-01-01,2003-12-31
589896,TB_e_inc_tbhiv_num,COUNTRY,MLI,AFR,Africa,YEAR,2008,,,,,,,,,2400 [900-4500],2400,900,4500,,2025-11-11T16:20:50Z,2008,2008-01-01,2008-12-31
592556,TB_e_inc_tbhiv_num,COUNTRY,KIR,WPR,Western Pacific,YEAR,2009,,,,,,,,,8 [6-10],8,6,10,,2025-11-11T16:20:50Z,2009,2009-01-01,2009-12-31
595396,TB_e_inc_tbhiv_num,COUNTRY,TZA,AFR,Africa,YEAR,2007,,,,,,,,,96 000 [23 000-219 000],96000,23000,219000,,2025-11-11T16:20:50Z,2007,2007-01-01,2007-12-31
596076,TB_e_inc_tbhiv_num,COUNTRY,SLV,AMR,Americas,YEAR,2018,,,,,,,,,280 [200-360],280,200,360,,2025-11-11T16:20:50Z,2018,2018-01-01,2018-12-31
596448,TB_e_inc_tbhiv_num,COUNTRY,PAN,AMR,Americas,YEAR,2023,,,,,,,,,460 [340-600],460,340,600,,2025-11-11T16:20:50Z,2023,2023-01-01,2023-12-31
596782,TB_e_inc_tbhiv_num,COUNTRY,BHR,EMR,Eastern Mediterranean,YEAR,2012,,,,,,,,,2 [1-5],2,1,5,,2025-11-11T16:20:50Z,2012,2012-01-01,2012-12-31
596792,TB_e_inc_tbhiv_num,COUNTRY,DOM,AMR,Americas,YEAR,2016,,,,,,,,,1400 [1000-1800],1400,1000,1800,,2025-11-11T16:20:50Z,2016,2016-01-01,2016-12-31
604162,TB_e_inc_tbhiv_num,COUNTRY,LKA,SEAR,South-East Asia,YEAR,2023,,,,,,,,,63 [25-120],63,25,120,,2025-11-11T16:20:50Z,2023,2023-01-01,2023-12-31
607443,TB_e_inc_tbhiv_num,COUNTRY,AZE,EUR,Europe,YEAR,2014,,,,,,,,,220 [160-280],220,160,280,,2025-11-11T16:20:50Z,2014,2014-01-01,2014-12-31
609838,TB_e_inc_tbhiv_num,COUNTRY,ZAF,AFR,Africa,YEAR,2019,,,,,,,,,213 000 [139 000-303 000],213000,139000,303000,,2025-11-11T16:20:50Z,2019,2019-01-01,2019-12-31
611093,TB_e_inc_tbhiv_num,COUNTRY,DEU,EUR,Europe,YEAR,2016,,,,,,,,,160 [85-250],160,85,250,,2025-11-11T16:20:50Z,2016,2016-01-01,2016-12-31
611926,TB_e_inc_tbhiv_num,COUNTRY,MNG,WPR,Western Pacific,YEAR,2012,,,,,,,,,14 [2-35],14,2,35,,2025-11-11T16:20:50Z,2012,2012-01-01,2012-12-31
612231,TB_e_inc_tbhiv_num,COUNTRY,NGA,AFR,Africa,YEAR,2014,,,,,,,,,78 000 [48 000-115 000],78000,48000,115000,,2025-11-11T16:20:50Z,2014,2014-01-01,2014-12-31
616115,TB_e_inc_tbhiv_num,COUNTRY,CRI,AMR,Americas,YEAR,2016,,,,,,,,,44 [29-62],44,29,62,,2025-11-11T16:20:50Z,2016,2016-01-01,2016-12-31
617129,TB_e_inc_tbhiv_num,COUNTRY,MDV,SEAR,South-East Asia,YEAR,2016,,,,,,,,,2 [0-7],2,0,7,,2025-11-11T16:20:50Z,2016,2016-01-01,2016-12-31
617160,TB_e_inc_tbhiv_num,COUNTRY,LUX,EUR,Europe,YEAR,2004,,,,,,,,,3 [2-5],3,2,5,,2025-11-11T16:20:50Z,2004,2004-01-01,2004-12-31
617349,TB_e_inc_tbhiv_num,COUNTRY,ITA,EUR,Europe,YEAR,2002,,,,,,,,,720 [410-1100],720,410,1100,,2025-11-11T16:20:50Z,2002,2002-01-01,2002-12-31
618260,TB_e_inc_tbhiv_num,COUNTRY,CAN,AMR,Americas,YEAR,2021,,,,,,,,,60 [41-81],60,41,81,,2025-11-11T16:20:50Z,2021,2021-01-01,2021-12-31
623265,TB_e_inc_tbhiv_num,COUNTRY,PNG,WPR,Western Pacific,YEAR,2021,,,,,,,,,4300 [3400-5200],4300,3400,5200,,2025-11-11T16:20:50Z,2021,2021-01-01,2021-12-31
626551,TB_e_inc_tbhiv_num,COUNTRY,GTM,AMR,Americas,YEAR,2005,,,,,,,,,260 [97-510],260,97,510,,2025-11-11T16:20:50Z,2005,2005-01-01,2005-12-31
628074,TB_e_inc_tbhiv_num,COUNTRY,NPL,SEAR,South-East Asia,YEAR,2017,,,,,,,,,780 [430-1200],780,430,1200,,2025-11-11T16:20:50Z,2017,2017-01-01,2017-12-31
631578,TB_e_inc_tbhiv_num,COUNTRY,EGY,EMR,Eastern Mediterranean,YEAR,2008,,,,,,,,,43 [18-80],43,18,80,,2025-11-11T16:20:50Z,2008,2008-01-01,2008-12-31
633962,TB_e_inc_tbhiv_num,COUNTRY,HKG,,,YEAR,2017,,,,,,,,,64 [42-90],64,42,90,,2025-11-11T16:20:50Z,2017,2017-01-01,2017-12-31
636503,TB_e_inc_tbhiv_num,COUNTRY,UGA,AFR,Africa,YEAR,2001,,,,,,,,,39 000 [18 000-69 000],39000,18000,69000,,2025-11-11T16:20:50Z,2001,2001-01-01,2001-12-31
637553,TB_e_inc_tbhiv_num,COUNTRY,AUS,WPR,Western Pacific,YEAR,2003,,,,,,,,,78 [29-150],78,29,150,,2025-11-11T16:20:50Z,2003,2003-01-01,2003-12-31
638941,TB_e_inc_tbhiv_num,COUNTRY,PHL,WPR,Western Pacific,YEAR,2007,,,,,,,,,3700 [1700-6400],3700,1700,6400,,2025-11-11T16:20:50Z,2007,2007-01-01,2007-12-31
639794,TB_e_inc_tbhiv_num,COUNTRY,GHA,AFR,Africa,YEAR,2008,,,,,,,,,13 000 [3400-30 000],13000,3400,30000,,2025-11-11T16:20:50Z,2008,2008-01-01,2008-12-31
641437,TB_e_inc_tbhiv_num,COUNTRY,BGD,SEAR,South-East Asia,YEAR,2016,,,,,,,,,680 [340-1100],680,340,1100,,2025-11-11T16:20:50Z,2016,2016-01-01,2016-12-31
641603,TB_e_inc_tbhiv_num,COUNTRY,ERI,AFR,Africa,YEAR,2004,,,,,,,,,2700 [1100-5000],2700,1100,5000,,2025-11-11T16:20:50Z,2004,2004-01-01,2004-12-31
644995,TB_e_inc_tbhiv_num,COUNTRY,FIN,EUR,Europe,YEAR,2002,,,,,,,,,13 [7-22],13,7,22,,2025-11-11T16:20:50Z,2002,2002-01-01,2002-12-31
648291,TB_e_inc_tbhiv_num,COUNTRY,HKG,,,YEAR,2016,,,,,,,,,55 [35-79],55,35,79,,2025-11-11T16:20:50Z,2016,2016-01-01,2016-12-31
649308,TB_e_inc_tbhiv_num,COUNTRY,ESP,EUR,Europe,YEAR,2023,,,,,,,,,320 [120-610],320,120,610,,2025-11-11T16:20:50Z,2023,2023-01-01,2023-12-31
655015,TB_e_inc_tbhiv_num,COUNTRY,IND,SEAR,South-East Asia,YEAR,2021,,,,,,,,,51 000 [39 000-64 000],51000,39000,64000,,2025-11-11T16:20:50Z,2021,2021-01-01,2021-12-31
655773,TB_e_inc_tbhiv_num,COUNTRY,AGO,AFR,Africa,YEAR,2023,,,,,,,,,11 000 [6700-17 000],11000,6700,17000,,2025-11-11T16:20:50Z,2023,2023-01-01,2023-12-31
655829,TB_e_inc_tbhiv_num,COUNTRY,NIC,AMR,Americas,YEAR,2002,,,,,,,,,150 [48-310],150,48,310,,2025-11-11T16:20:50Z,2002,2002-01-01,2002-12-31
658867,TB_e_inc_tbhiv_num,COUNTRY,ESP,EUR,Europe,YEAR,2010,,,,,,,,,830 [610-1100],830,610,1100,,2025-11-11T16:20:50Z,2010,2010-01-01,2010-12-31
661849,TB_e_inc_tbhiv_num,COUNTRY,ECU,AMR,Americas,YEAR,2011,,,,,,,,,820 [610-1100],820,610,1100,,2025-11-11T16:20:50Z,2011,2011-01-01,2011-12-31
663094,TB_e_inc_tbhiv_num,COUNTRY,FRA,EUR,Europe,YEAR,2016,,,,,,,,,380 [310-460],380,310,460,,2025-11-11T16:20:50Z,2016,2016-01-01,2016-12-31
667349,TB_e_inc_tbhiv_num,COUNTRY,MEX,AMR,Americas,YEAR,2012,,,,,,,,,2500 [1900-3200],2500,1900,3200,,2025-11-11T16:20:50Z,2012,2012-01-01,2012-12-31
670253,TB_e_inc_tbhiv_num,COUNTRY,MOZ,AFR,Africa,YEAR,2022,,,,,,,,,30 000 [17 000-46 000],30000,17000,46000,,2025-11-11T16:20:50Z,2022,2022-01-01,2022-12-31
680387,TB_e_inc_tbhiv_num,COUNTRY,CZE,EUR,Europe,YEAR,2019,,,,,,,,,4 [2-7],4,2,7,,2025-11-11T16:20:50Z,2019,2019-01-01,2019-12-31
684668,TB_e_inc_tbhiv_num,COUNTRY,SVN,EUR,Europe,YEAR,2024,,,,,,,,,1 [0-6],1,0,6,,2025-11-11T16:20:50Z,2024,2024-01-01,2024-12-31
685795,TB_e_inc_tbhiv_num,COUNTRY,POL,EUR,Europe,YEAR,2009,,,,,,,,,130 [69-200],130,69,200,,2025-11-11T16:20:50Z,2009,2009-01-01,2009-12-31
685822,TB_e_inc_tbhiv_num,COUNTRY,CAF,AFR,Africa,YEAR,2001,,,,,,,,,15 000 [6400-28 000],15000,6400,28000,,2025-11-11T16:20:50Z,2001,2001-01-01,2001-12-31
686212,TB_e_inc_tbhiv_num,COUNTRY,MHL,WPR,Western Pacific,YEAR,2010,,,,,,,,,0 [0-0],0,0,0,,2025-11-11T16:20:50Z,2010,2010-01-01,2010-12-31
687519,TB_e_inc_tbhiv_num,COUNTRY,LBY,EMR,Eastern Mediterranean,YEAR,2013,,,,,,,,,86 [24-190],86,24,190,,2025-11-11T16:20:50Z,2013,2013-01-01,2013-12-31
690449,TB_e_inc_tbhiv_num,COUNTRY,ECU,AMR,Americas,YEAR,2005,,,,,,,,,430 [140-890],430,140,890,,2025-11-11T16:20:50Z,2005,2005-01-01,2005-12-31
693501,TB_e_inc_tbhiv_num,COUNTRY,VEN,AMR,Americas,YEAR,2022,,,,,,,,,1100 [400-2000],1100,400,2000,,2025-11-11T16:20:50Z,2022,2022-01-01,2022-12-31
701374,TB_e_inc_tbhiv_num,COUNTRY,STP,AFR,Africa,YEAR,2021,,,,,,,,,20 [10-33],20,10,33,,2025-11-11T16:20:50Z,2021,2021-01-01,2021-12-31
702114,TB_e_inc_tbhiv_num,COUNTRY,GBR,EUR,Europe,YEAR,2015,,,,,,,,,220 [82-420],220,82,420,,2025-11-11T16:20:50Z,2015,2015-01-01,2015-12-31
703164,TB_e_inc_tbhiv_num,COUNTRY,KGZ,EUR,Europe,YEAR,2001,,,,,,,,,13 [1-45],13,1,45,,2025-11-11T16:20:50Z,2001,2001-01-01,2001-12-31
703716,TB_e_inc_tbhiv_num,COUNTRY,MDA,EUR,Europe,YEAR,2014,,,,,,,,,310 [230-410],310,230,410,,2025-11-11T16:20:50Z,2014,2014-01-01,2014-12-31
704530,TB_e_inc_tbhiv_num,COUNTRY,SYR,EMR,Eastern Mediterranean,YEAR,2008,,,,,,,,,5 [3-8],5,3,8,,2025-11-11T16:20:50Z,2008,2008-01-01,2008-12-31
705681,TB_e_inc_tbhiv_num,COUNTRY,SWZ,AFR,Africa,YEAR,2015,,,,,,,,,5300 [2100-10 000],5300,2100,10000,,2025-11-11T16:20:50Z,2015,2015-01-01,2015-12-31
705732,TB_e_inc_tbhiv_num,COUNTRY,CIV,AFR,Africa,YEAR,2010,,,,,,,,,11 000 [8700-14 000],11000,8700,14000,,2025-11-11T16:20:50Z,2010,2010-01-01,2010-12-31
708081,TB_e_inc_tbhiv_num,COUNTRY,STP,AFR,Africa,YEAR,2006,,,,,,,,,58 [22-110],58,22,110,,2025-11-11T16:20:50Z,2006,2006-01-01,2006-12-31
709995,TB_e_inc_tbhiv_num,COUNTRY,ZMB,AFR,Africa,YEAR,2014,,,,,,,,,39 000 [22 000-62 000],39000,22000,62000,,2025-11-11T16:20:50Z,2014,2014-01-01,2014-12-31
711751,TB_e_inc_tbhiv_num,COUNTRY,BRA,AMR,Americas,YEAR,2010,,,,,,,,,14 000 [10 000-18 000],14000,10000,18000,,2025-11-11T16:20:50Z,2010,2010-01-01,2010-12-31
714635,TB_e_inc_tbhiv_num,WORLDBANKINCOMEGROUP,WB_LI,,,YEAR,2021,,,,,,,,,132 000 [102 000-165 000],132000,102000,165000,,2025-11-11T16:20:50Z,2021,2021-01-01,2021-12-31
716697,TB_e_inc_tbhiv_num,COUNTRY,SWZ,AFR,Africa,YEAR,2000,,,,,,,,,7300 [1400-18 000],7300,1400,18000,,2025-11-11T16:20:50Z,2000,2000-01-01,2000-12-31
717374,TB_e_inc_tbhiv_num,COUNTRY,PAK,EMR,Eastern Mediterranean,YEAR,2012,,,,,,,,,8400 [160-32 000],8400,160,32000,,2025-11-11T16:20:50Z,2012,2012-01-01,2012-12-31
721812,TB_e_inc_tbhiv_num,COUNTRY,MLI,AFR,Africa,YEAR,2022,,,,,,,,,1100 [460-2000],1100,460,2000,,2025-11-11T16:20:50Z,2022,2022-01-01,2022-12-31
722606,TB_e_inc_tbhiv_num,COUNTRY,JOR,EMR,Eastern Mediterranean,YEAR,2007,,,,,,,,,1 [0-2],1,0,2,,2025-11-11T16:20:50Z,2007,2007-01-01,2007-12-31
724720,TB_e_inc_tbhiv_num,COUNTRY,ERI,AFR,Africa,YEAR,2013,,,,,,,,,470 [340-600],470,340,600,,2025-11-11T16:20:50Z,2013,2013-01-01,2013-12-31
736304,TB_e_inc_tbhiv_num,COUNTRY,GAB,AFR,Africa,YEAR,2010,,,,,,,,,3600 [2100-5500],3600,2100,5500,,2025-11-11T16:20:50Z,2010,2010-01-01,2010-12-31
738458,TB_e_inc_tbhiv_num,COUNTRY,LBN,EMR,Eastern Mediterranean,YEAR,2010,,,,,,,,,7 [2-14],7,2,14,,2025-11-11T16:20:50Z,2010,2010-01-01,2010-12-31
738527,TB_e_inc_tbhiv_num,COUNTRY,VNM,WPR,Western Pacific,YEAR,2009,,,,,,,,,14 000 [3900-31 000],14000,3900,31000,,2025-11-11T16:20:50Z,2009,2009-01-01,2009-12-31
738541,TB_e_inc_tbhiv_num,COUNTRY,IND,SEAR,South-East Asia,YEAR,2022,,,,,,,,,48 000 [37 000-61 000],48000,37000,61000,,2025-11-11T16:20:50Z,2022,2022-01-01,2022-12-31
741714,TB_e_inc_tbhiv_num,COUNTRY,BWA,AFR,Africa,YEAR,2014,,,,,,,,,6100 [4900-7400],6100,4900,7400,,2025-11-11T16:20:50Z,2014,2014-01-01,2014-12-31
741930,TB_e_inc_tbhiv_num,COUNTRY,UGA,AFR,Africa,YEAR,2006,,,,,,,,,34 000 [17 000-57 000],34000,17000,57000,,2025-11-11T16:20:50Z,2006,2006-01-01,2006-12-31
742044,TB_e_inc_tbhiv_num,COUNTRY,COL,AMR,Americas,YEAR,2005,,,,,,,,,1300 [470-2500],1300,470,2500,,2025-11-11T16:20:50Z,2005,2005-01-01,2005-12-31
743534,TB_e_inc_tbhiv_num,COUNTRY,CHE,EUR,Europe,YEAR,2015,,,,,,,,,30 [16-47],30,16,47,,2025-11-11T16:20:50Z,2015,2015-01-01,2015-12-31
744770,TB_e_inc_tbhiv_num,COUNTRY,NLD,EUR,Europe,YEAR,2024,,,,,,,,,24 [14-37],24,14,37,,2025-11-11T16:20:50Z,2024,2024-01-01,2024-12-31
745959,TB_e_inc_tbhiv_num,COUNTRY,SLV,AMR,Americas,YEAR,2001,,,,,,,,,220 [83-420],220,83,420,,2025-11-11T16:20:50Z,2001,2001-01-01,2001-12-31
748478,TB_e_inc_tbhiv_num,COUNTRY,JAM,AMR,Americas,YEAR,2007,,,,,,,,,41 [25-60],41,25,60,,2025-11-11T16:20:50Z,2007,2007-01-01,2007-12-31
749725,TB_e_inc_tbhiv_num,COUNTRY,ERI,AFR,Africa,YEAR,2008,,,,,,,,,2900 [2100-3800],2900,2100,3800,,2025-11-11T16:20:50Z,2008,2008-01-01,2008-12-31
750574,TB_e_inc_tbhiv_num,COUNTRY,LKA,SEAR,South-East Asia,YEAR,2011,,,,,,,,,110 [33-220],110,33,220,,2025-11-11T16:20:50Z,2011,2011-01-01,2011-12-31
750894,TB_e_inc_tbhiv_num,COUNTRY,PAK,EMR,Eastern Mediterranean,YEAR,2014,,,,,,,,,9200 [180-35 000],9200,180,35000,,2025-11-11T16:20:50Z,2014,2014-01-01,2014-12-31
752148,TB_e_inc_tbhiv_num,COUNTRY,ECU,AMR,Americas,YEAR,2024,,,,,,,,,2000 [1500-2600],2000,1500,2600,,2025-11-11T16:20:50Z,2024,2024-01-01,2024-12-31
752696,TB_e_inc_tbhiv_num,COUNTRY,CUB,AMR,Americas,YEAR,2021,,,,,,,,,32 [20-47],32,20,47,,2025-11-11T16:20:50Z,2021,2021-01-01,2021-12-31
754467,TB_e_inc_tbhiv_num,COUNTRY,MLI,AFR,Africa,YEAR,2005,,,,,,,,,2200 [820-4200],2200,820,4200,,2025-11-11T16:20:50Z,2005,2005-01-01,2005-12-31
762179,TB_e_inc_tbhiv_num,COUNTRY,ARM,EUR,Europe,YEAR,2024,,,,,,,,,42 [26-61],42,26,61,,2025-11-11T16:20:50Z,2024,2024-01-01,2024-12-31
771938,TB_e_inc_tbhiv_num,COUNTRY,LAO,WPR,Western Pacific,YEAR,2012,,,,,,,,,640 [180-1400],640,180,1400,,2025-11-11T16:20:50Z,2012,2012-01-01,2012-12-31
772204,TB_e_inc_tbhiv_num,COUNTRY,BFA,AFR,Africa,YEAR,2001,,,,,,,,,3600 [1200-7400],3600,1200,7400,,2025-11-11T16:20:50Z,2001,2001-01-01,2001-12-31
772991,TB_e_inc_tbhiv_num,COUNTRY,BHR,EMR,Eastern Mediterranean,YEAR,2011,,,,,,,,,16 [7-29],16,7,29,,2025-11-11T16:20:50Z,2011,2011-01-01,2011-12-31
775303,TB_e_inc_tbhiv_num,COUNTRY,CUB,AMR,Americas,YEAR,2020,,,,,,,,,66 [46-89],66,46,89,,2025-11-11T16:20:50Z,2020,2020-01-01,2020-12-31
775585,TB_e_inc_tbhiv_num,COUNTRY,VUT,WPR,Western Pacific,YEAR,2006,,,,,,,,,120 [90-160],120,90,160,,2025-11-11T16:20:50Z,2006,2006-01-01,2006-12-31
783942,TB_e_inc_tbhiv_num,COUNTRY,NOR,EUR,Europe,YEAR,2017,,,,,,,,,6 [2-12],6,2,12,,2025-11-11T16:20:50Z,2017,2017-01-01,2017-12-31
785364,TB_e_inc_tbhiv_num,COUNTRY,UKR,EUR,Europe,YEAR,2023,,,,,,,,,7000 [5200-9000],7000,5200,9000,,2025-11-11T16:20:50Z,2023,2023-01-01,2023-12-31
786992,TB_e_inc_tbhiv_num,COUNTRY,CPV,AFR,Africa,YEAR,2001,,,,,,,,,93 [33-180],93,33,180,,2025-11-11T16:20:50Z,2001,2001-01-01,2001-12-31
787398,TB_e_inc_tbhiv_num,COUNTRY,URY,AMR,Americas,YEAR,2006,,,,,,,,,120 [90-160],120,90,160,,2025-11-11T16:20:50Z,2006,2006-01-01,2006-12-31
788826,TB_e_inc_tbhiv_num,COUNTRY,ZWE,AFR,Africa,YEAR,2004,,,,,,,,,53 000 [17 000-108 000],53000,17000,108000,,2025-11-11T16:20:50Z,2004,2004-01-01,2004-12-31
791048,TB_e_inc_tbhiv_num,COUNTRY,STP,AFR,Africa,YEAR,2002,,,,,,,,,56 [23-100],56,23,100,,2025-11-11T16:20:50Z,2002,2002-01-01,2002-12-31
791765,TB_e_inc_tbhiv_num,COUNTRY,EST,EUR,Europe,YEAR,2018,,,,,,,,,17 [8-28],17,8,28,,2025-11-11T16:20:50Z,2018,2018-01-01,2018-12-31
795244,TB_e_inc_tbhiv_num,COUNTRY,IRN,EMR,Eastern Mediterranean,YEAR,2006,,,,,,,,,570 [180-1200],570,180,1200,,2025-11-11T16:20:50Z,2006,2006-01-01,2006-12-31
798980,TB_e_inc_tbhiv_num,COUNTRY,COG,AFR,Africa,YEAR,2004,,,,,,,,,7300 [5300-9700],7300,5300,9700,,2025-11-11T16:20:50Z,2004,2004-01-01,2004-12-31
800407,TB_e_inc_tbhiv_num,COUNTRY,TCD,AFR,Africa,YEAR,2010,,,,,,,,,4300 [1800-7700],4300,1800,7700,,2025-11-11T16:20:50Z,2010,2010-01-01,2010-12-31
801504,TB_e_inc_tbhiv_num,COUNTRY,JOR,EMR,Eastern Mediterranean,YEAR,2012,,,,,,,,,0 [0-0],0,0,0,,2025-11-11T16:20:50Z,2012,2012-01-01,2012-12-31
804183,TB_e_inc_tbhiv_num,COUNTRY,IRL,EUR,Europe,YEAR,2022,,,,,,,,,9 [4-14],9,4,14,,2025-11-11T16:20:50Z,2022,2022-01-01,2022-12-31
807069,TB_e_inc_tbhiv_num,COUNTRY,DNK,EUR,Europe,YEAR,2012,,,,,,,,,13 [10-17],13,10,17,,2025-11-11T16:20:50Z,2012,2012-01-01,2012-12-31
808800,TB_e_inc_tbhiv_num,COUNTRY,FSM,WPR,Western Pacific,YEAR,2014,,,,,,,,,0 [0-0],0,0,0,,2025-11-11T16:20:50Z,2014,2014-01-01,2014-12-31
809380,TB_e_inc_tbhiv_num,COUNTRY,SUR,AMR,Americas,YEAR,2010,,,,,,,,,110 [78-140],110,78,140,,2025-11-11T16:20:50Z,2010,2010-01-01,2010-12-31
812219,TB_e_inc_tbhiv_num,COUNTRY,GMB,AFR,Africa,YEAR,2016,,,,,,,,,720 [480-990],720,480,990,,2025-11-11T16:20:50Z,2016,2016-01-01,2016-12-31
813096,TB_e_inc_tbhiv_num,COUNTRY,IRL,EUR,Europe,YEAR,2006,,,,,,,,,23 [13-37],23,13,37,,2025-11-11T16:20:50Z,2006,2006-01-01,2006-12-31
817736,TB_e_inc_tbhiv_num,COUNTRY,THA,SEAR,South-East Asia,YEAR,2005,,,,,,,,,34 000 [7800-78 000],34000,7800,78000,,2025-11-11T16:20:50Z,2005,2005-01-01,2005-12-31
827984,TB_e_inc_tbhiv_num,COUNTRY,BHS,AMR,Americas,YEAR,2002,,,,,,,,,45 [28-66],45,28,66,,2025-11-11T16:20:50Z,2002,2002-01-01,2002-12-31
828381,TB_e_inc_tbhiv_num,COUNTRY,BLR,EUR,Europe,YEAR,2022,,,,,,,,,150 [110-200],150,110,200,,2025-11-11T16:20:50Z,2022,2022-01-01,2022-12-31
829194,TB_e_inc_tbhiv_num,COUNTRY,MWI,AFR,Africa,YEAR,2011,,,,,,,,,29 000 [5300-72 000],29000,5300,72000,,2025-11-11T16:20:50Z,2011,2011-01-01,2011-12-31
829366,TB_e_inc_tbhiv_num,COUNTRY,MKD,EUR,Europe,YEAR,2002,,,,,,,,,1 [0-2],1,0,2,,2025-11-11T16:20:50Z,2002,2002-01-01,2002-12-31
829417,TB_e_inc_tbhiv_num,COUNTRY,USA,AMR,Americas,YEAR,2023,,,,,,,,,530 [390-680],530,390,680,,2025-11-11T16:20:50Z,2023,2023-01-01,2023-12-31
833501,TB_e_inc_tbhiv_num,COUNTRY,MEX,AMR,Americas,YEAR,2002,,,,,,,,,1700 [620-3300],1700,620,3300,,2025-11-11T16:20:50Z,2002,2002-01-01,2002-12-31
842248,TB_e_inc_tbhiv_num,COUNTRY,MUS,AFR,Africa,YEAR,2015,,,,,,,,,22 [16-29],22,16,29,,2025-11-11T16:20:50Z,2015,2015-01-01,2015-12-31
843076,TB_e_inc_tbhiv_num,COUNTRY,HKG,,,YEAR,2013,,,,,,,,,52 [38-67],52,38,67,,2025-11-11T16:20:50Z,2013,2013-01-01,2013-12-31
844159,TB_e_inc_tbhiv_num,COUNTRY,NOR,EUR,Europe,YEAR,2009,,,,,,,,,11 [4-21],11,4,21,,2025-11-11T16:20:50Z,2009,2009-01-01,2009-12-31
844198,TB_e_inc_tbhiv_num,COUNTRY,MAC,,,YEAR,2016,,,,,,,,,7 [2-16],7,2,16,,2025-11-11T16:20:50Z,2016,2016-01-01,2016-12-31
846030,TB_e_inc_tbhiv_num,WORLDBANKINCOMEGROUP,WB_LMI,,,YEAR,2010,,,,,,,,,760 000 [506 000-1 060 000],760000,506000,1060000,,2025-11-11T16:20:50Z,2010,2010-01-01,2010-12-31
847840,TB_e_inc_tbhiv_num,COUNTRY,BWA,AFR,Africa,YEAR,2000,,,,,,,,,13 000 [11 000-16 000],13000,11000,16000,,2025-11-11T16:20:50Z,2000,2000-01-01,2000-12-31
848975,TB_e_inc_tbhiv_num,COUNTRY,JPN,WPR,Western Pacific,YEAR,2014,,,,,,,,,120 [41-230],120,41,230,,2025-11-11T16:20:50Z,2014,2014-01-01,2014-12-31
853397,TB_e_inc_tbhiv_num,COUNTRY,AUS,WPR,Western Pacific,YEAR,2022,,,,,,,,,17 [9-28],17,9,28,,2025-11-11T16:20:50Z,2022,2022-01-01,2022-12-31
863913,TB_e_inc_tbhiv_num,COUNTRY,URY,AMR,Americas,YEAR,2023,,,,,,,,,200 [150-260],200,150,260,,2025-11-11T16:20:50Z,2023,2023-01-01,2023-12-31
864364,TB_e_inc_tbhiv_num,COUNTRY,NZL,WPR,Western Pacific,YEAR,2005,,,,,,,,,11 [4-21],11,4,21,,2025-11-11T16:20:50Z,2005,2005-01-01,2005-12-31
867838,TB_e_inc_tbhiv_num,GLOBAL,GLOBAL,,,YEAR,2011,,,,,,,,,1 560 000 [1 230 000-1 920 000],1560000,1230000,1920000,,2025-11-11T16:20:50Z,2011,2011-01-01,2011-12-31
869035,TB_e_inc_tbhiv_num,COUNTRY,GRC,EUR,Europe,YEAR,2019,,,,,,,,,20 [11-31],20,11,31,,2025-11-11T16:20:50Z,2019,2019-01-01,2019-12-31
871758,TB_e_inc_tbhiv_num,COUNTRY,ALB,EUR,Europe,YEAR,2020,,,,,,,,,4 [0-13],4,0,13,,2025-11-11T16:20:50Z,2020,2020-01-01,2020-12-31
877095,TB_e_inc_tbhiv_num,COUNTRY,NER,AFR,Africa,YEAR,2021,,,,,,,,,630 [360-980],630,360,980,,2025-11-11T16:20:50Z,2021,2021-01-01,2021-12-31
879557,TB_e_inc_tbhiv_num,COUNTRY,MHL,WPR,Western Pacific,YEAR,2004,,,,,,,,,0 [0-0],0,0,0,,2025-11-11T16:20:50Z,2004,2004-01-01,2004-12-31
881027,TB_e_inc_tbhiv_num,COUNTRY,MDV,SEAR,South-East Asia,YEAR,2003,,,,,,,,,0 [0-0],0,0,0,,2025-11-11T16:20:50Z,2003,2003-01-01,2003-12-31
881405,TB_e_inc_tbhiv_num,COUNTRY,GBR,EUR,Europe,YEAR,2007,,,,,,,,,430 [160-820],430,160,820,,2025-11-11T16:20:50Z,2007,2007-01-01,2007-12-31
883860,TB_e_inc_tbhiv_num,REGION,EMR,,,YEAR,2001,,,,,,,,,13 000 [7900-19 000],13000,7900,19000,,2025-11-11T16:20:50Z,2001,2001-01-01,2001-12-31
884625,TB_e_inc_tbhiv_num,COUNTRY,ZMB,AFR,Africa,YEAR,2006,,,,,,,,,49 000 [24 000-84 000],49000,24000,84000,,2025-11-11T16:20:50Z,2006,2006-01-01,2006-12-31
885425,TB_e_inc_tbhiv_num,COUNTRY,DOM,AMR,Americas,YEAR,2010,,,,,,,,,1100 [460-2100],1100,460,2100,,2025-11-11T16:20:50Z,2010,2010-01-01,2010-12-31
885705,TB_e_inc_tbhiv_num,WORLDBANKINCOMEGROUP,WB_HI,,,YEAR,2017,,,,,,,,,22 000 [14 000-31 000],22000,14000,31000,,2025-11-11T16:20:50Z,2017,2017-01-01,2017-12-31
886957,TB_e_inc_tbhiv_num,COUNTRY,NER,AFR,Africa,YEAR,2002,,,,,,,,,1300 [460-2500],1300,460,2500,,2025-11-11T16:20:50Z,2002,2002-01-01,2002-12-31
893780,TB_e_inc_tbhiv_num,COUNTRY,RUS,EUR,Europe,YEAR,2024,,,,,,,,,12 000 [6000-21 000],12000,6000,21000,,2025-11-11T16:20:50Z,2024,2024-01-01,2024-12-31
893804,TB_e_inc_tbhiv_num,COUNTRY,NER,AFR,Africa,YEAR,2008,,,,,,,,,2200 [1600-2900],2200,1600,2900,,2025-11-11T16:20:50Z,2008,2008-01-01,2008-12-31
900774,TB_e_inc_tbhiv_num,COUNTRY,JAM,AMR,Americas,YEAR,2023,,,,,,,,,21 [11-33],21,11,33,,2025-11-11T16:20:50Z,2023,2023-01-01,2023-12-31
901078,TB_e_inc_tbhiv_num,COUNTRY,FSM,WPR,Western Pacific,YEAR,2005,,,,,,,,,0 [0-0],0,0,0,,2025-11-11T16:20:50Z,2005,2005-01-01,2005-12-31
901869,TB_e_inc_tbhiv_num,COUNTRY,LBN,EMR,Eastern Mediterranean,YEAR,2016,,,,,,,,,8 [2-16],8,2,16,,2025-11-11T16:20:50Z,2016,2016-01-01,2016-12-31
901981,TB_e_inc_tbhiv_num,COUNTRY,MNG,WPR,Western Pacific,YEAR,2011,,,,,,,,,10 [1-28],10,1,28,,2025-11-11T16:20:50Z,2011,2011-01-01,2011-12-31
902116,TB_e_inc_tbhiv_num,COUNTRY,NGA,AFR,Africa,YEAR,2019,,,,,,,,,48 000 [30 000-72 000],48000,30000,72000,,2025-11-11T16:20:50Z,2019,2019-01-01,2019-12-31
903702,TB_e_inc_tbhiv_num,COUNTRY,URY,AMR,Americas,YEAR,2003,,,,,,,,,130 [93-170],130,93,170,,2025-11-11T16:20:50Z,2003,2003-01-01,2003-12-31
906887,TB_e_inc_tbhiv_num,COUNTRY,SYR,EMR,Eastern Mediterranean,YEAR,2007,,,,,,,,,5 [3-9],5,3,9,,2025-11-11T16:20:50Z,2007,2007-01-01,2007-12-31
907439,TB_e_inc_tbhiv_num,COUNTRY,SWZ,AFR,Africa,YEAR,2018,,,,,,,,,3100 [1600-5000],3100,1600,5000,,2025-11-11T16:20:50Z,2018,2018-01-01,2018-12-31
911299,TB_e_inc_tbhiv_num,COUNTRY,URY,AMR,Americas,YEAR,2017,,,,,,,,,180 [130-230],180,130,230,,2025-11-11T16:20:50Z,2017,2017-01-01,2017-12-31
912891,TB_e_inc_tbhiv_num,COUNTRY,POL,EUR,Europe,YEAR,2008,,,,,,,,,130 [68-200],130,68,200,,2025-11-11T16:20:50Z,2008,2008-01-01,2008-12-31
914159,TB_e_inc_tbhiv_num,COUNTRY,HRV,EUR,Europe,YEAR,2014,,,,,,,,,5 [3-8],5,3,8,,2025-11-11T16:20:50Z,2014,2014-01-01,2014-12-31
914598,TB_e_inc_tbhiv_num,COUNTRY,BRN,WPR,Western Pacific,YEAR,2015,,,,,,,,,1 [0-7],1,0,7,,2025-11-11T16:20:50Z,2015,2015-01-01,2015-12-31
916909,TB_e_inc_tbhiv_num,COUNTRY,CMR,AFR,Africa,YEAR,2019,,,,,,,,,11 000 [8500-15 000],11000,8500,15000,,2025-11-11T16:20:50Z,2019,2019-01-01,2019-12-31
919240,TB_e_inc_tbhiv_num,COUNTRY,LAO,WPR,Western Pacific,YEAR,2002,,,,,,,,,310 [62-750],310,62,750,,2025-11-11T16:20:50Z,2002,2002-01-01,2002-12-31
921167,TB_e_inc_tbhiv_num,COUNTRY,DZA,AFR,Africa,YEAR,2002,,,,,,,,,64 [47-83],64,47,83,,2025-11-11T16:20:50Z,2002,2002-01-01,2002-12-31
926308,TB_e_inc_tbhiv_num,COUNTRY,KAZ,EUR,Europe,YEAR,2005,,,,,,,,,170 [130-220],170,130,220,,2025-11-11T16:20:50Z,2005,2005-01-01,2005-12-31
938044,TB_e_inc_tbhiv_num,COUNTRY,BIH,EUR,Europe,YEAR,2006,,,,,,,,,3 [1-5],3,1,5,,2025-11-11T16:20:50Z,2006,2006-01-01,2006-12-31
939093,TB_e_inc_tbhiv_num,COUNTRY,NER,AFR,Africa,YEAR,2023,,,,,,,,,560 [320-880],560,320,880,,2025-11-11T16:20:50Z,2023,2023-01-01,2023-12-31
940632,TB_e_inc_tbhiv_num,COUNTRY,IRN,EMR,Eastern Mediterranean,YEAR,2022,,,,,,,,,200 [150-260],200,150,260,,2025-11-11T16:20:50Z,2022,2022-01-01,2022-12-31
941298,TB_e_inc_tbhiv_num,COUNTRY,AZE,EUR,Europe,YEAR,2002,,,,,,,,,340 [79-800],340,79,800,,2025-11-11T16:20:50Z,2002,2002-01-01,2002-12-31
943599,TB_e_inc_tbhiv_num,COUNTRY,KHM,WPR,Western Pacific,YEAR,2023,,,,,,,,,610 [420-850],610,420,850,,2025-11-11T16:20:50Z,2023,2023-01-01,2023-12-31
948934,TB_e_inc_tbhiv_num,COUNTRY,CMR,AFR,Africa,YEAR,2004,,,,,,,,,16 000 [9300-25 000],16000,9300,25000,,2025-11-11T16:20:50Z,2004,2004-01-01,2004-12-31
949452,TB_e_inc_tbhiv_num,COUNTRY,THA,SEAR,South-East Asia,YEAR,2008,,,,,,,,,23 000 [9000-42 000],23000,9000,42000,,2025-11-11T16:20:50Z,2008,2008-01-01,2008-12-31
951406,TB_e_inc_tbhiv_num,COUNTRY,MNE,EUR,Europe,YEAR,2015,,,,,,,,,2 [0-7],2,0,7,,2025-11-11T16:20:50Z,2015,2015-01-01,2015-12-31
955355,TB_e_inc_tbhiv_num,REGION,WPR,,,YEAR,2019,,,,,,,,,54 000 [37 000-74 000],54000,37000,74000,,2025-11-11T16:20:50Z,2019,2019-01-01,2019-12-31
962839,TB_e_inc_tbhiv_num,COUNTRY,CHL,AMR,Americas,YEAR,2010,,,,,,,,,220 [82-420],220,82,420,,2025-11-11T16:20:50Z,2010,2010-01-01,2010-12-31
963886,TB_e_inc_tbhiv_num,COUNTRY,KGZ,EUR,Europe,YEAR,2000,,,,,,,,,6 [0-33],6,0,33,,2025-11-11T16:20:50Z,2000,2000-01-01,2000-12-31
968203,TB_e_inc_tbhiv_num,COUNTRY,YEM,EMR,Eastern Mediterranean,YEAR,2002,,,,,,,,,81 [45-130],81,45,130,,2025-11-11T16:20:50Z,2002,2002-01-01,2002-12-31
968910,TB_e_inc_tbhiv_num,COUNTRY,SVK,EUR,Europe,YEAR,2000,,,,,,,,,7 [3-15],7,3,15,,2025-11-11T16:20:50Z,2000,2000-01-01,2000-12-31
974206,TB_e_inc_tbhiv_num,COUNTRY,HKG,,,YEAR,2015,,,,,,,,,46 [28-68],46,28,68,,2025-11-11T16:20:50Z,2015,2015-01-01,2015-12-31
975498,TB_e_inc_tbhiv_num,COUNTRY,SEN,AFR,Africa,YEAR,2024,,,,,,,,,1100 [740-1500],1100,740,1500,,2025-11-11T16:20:50Z,2024,2024-01-01,2024-12-31
976895,TB_e_inc_tbhiv_num,COUNTRY,ROU,EUR,Europe,YEAR,2007,,,,,,,,,630 [200-1300],630,200,1300,,2025-11-11T16:20:50Z,2007,2007-01-01,2007-12-31
977869,TB_e_inc_tbhiv_num,COUNTRY,ARM,EUR,Europe,YEAR,2020,,,,,,,,,88 [59-120],88,59,120,,2025-11-11T16:20:50Z,2020,2020-01-01,2020-12-31
980640,TB_e_inc_tbhiv_num,COUNTRY,CIV,AFR,Africa,YEAR,2014,,,,,,,,,10 000 [7600-13 000],10000,7600,13000,,2025-11-11T16:20:50Z,2014,2014-01-01,2014-12-31
986164,TB_e_inc_tbhiv_num,COUNTRY,OMN,EMR,Eastern Mediterranean,YEAR,2010,,,,,,,,,6 [2-13],6,2,13,,2025-11-11T16:20:50Z,2010,2010-01-01,2010-12-31
986499,TB_e_inc_tbhiv_num,COUNTRY,HUN,EUR,Europe,YEAR,2019,,,,,,,,,7 [4-12],7,4,12,,2025-11-11T16:20:50Z,2019,2019-01-01,2019-12-31
987019,TB_e_inc_tbhiv_num,COUNTRY,QAT,EMR,Eastern Mediterranean,YEAR,2004,,,,,,,,,2 [0-11],2,0,11,,2025-11-11T16:20:50Z,2004,2004-01-01,2004-12-31
988964,TB_e_inc_tbhiv_num,COUNTRY,LBY,EMR,Eastern Mediterranean,YEAR,2024,,,,,,,,,56 [23-100],56,23,100,,2025-11-11T16:20:50Z,2024,2024-01-01,2024-12-31
991321,TB_e_inc_tbhiv_num,COUNTRY,BLZ,AMR,Americas,YEAR,2024,,,,,,,,,31 [17-48],31,17,48,,2025-11-11T16:20:50Z,2024,2024-01-01,2024-12-31
992296,TB_e_inc_tbhiv_num,COUNTRY,AGO,AFR,Africa,YEAR,2009,,,,,,,,,9900 [7900-12 000],9900,7900,12000,,2025-11-11T16:20:50Z,2009,2009-01-01,2009-12-31
993331,TB_e_inc_tbhiv_num,COUNTRY,BGR,EUR,Europe,YEAR,2006,,,,,,,,,19 [6-40],19,6,40,,2025-11-11T16:20:50Z,2006,2006-01-01,2006-12-31
999433,TB_e_inc_tbhiv_num,COUNTRY,CZE,EUR,Europe,YEAR,2015,,,,,,,,,4 [2-6],4,2,6,,2025-11-11T16:20:50Z,2015,2015-01-01,2015-12-31
1002870,TB_e_inc_tbhiv_num,COUNTRY,GHA,AFR,Africa,YEAR,2022,,,,,,,,,6100 [2600-11 000],6100,2600,11000,,2025-11-11T16:20:50Z,2022,2022-01-01,2022-12-31
1003844,TB_e_inc_tbhiv_num,COUNTRY,LBR,AFR,Africa,YEAR,2008,,,,,,,,,3200 [1500-5400],3200,1500,5400,,2025-11-11T16:20:50Z,2008,2008-01-01,2008-12-31
1005054,TB_e_inc_tbhiv_num,COUNTRY,PRT,EUR,Europe,YEAR,2018,,,,,,,,,180 [69-340],180,69,340,,2025-11-11T16:20:50Z,2018,2018-01-01,2018-12-31
1008798,TB_e_inc_tbhiv_num,COUNTRY,MAC,,,YEAR,2000,,,,,,,,,3 [0-15],3,0,15,,2025-11-11T16:20:50Z,2000,2000-01-01,2000-12-31
1018020,TB_e_inc_tbhiv_num,COUNTRY,VEN,AMR,Americas,YEAR,2023,,,,,,,,,1000 [390-2000],1000,390,2000,,2025-11-11T16:20:50Z,2023,2023-01-01,2023-12-31
1018583,TB_e_inc_tbhiv_num,COUNTRY,ARE,EMR,Eastern Mediterranean,YEAR,2001,,,,,,,,,6 [2-13],6,2,13,,2025-11-11T16:20:50Z,2001,2001-01-01,2001-12-31
1018882,TB_e_inc_tbhiv_num,COUNTRY,LVA,EUR,Europe,YEAR,2024,,,,,,,,,1 [0-7],1,0,7,,2025-11-11T16:20:50Z,2024,2024-01-01,2024-12-31
1020977,TB_e_inc_tbhiv_num,COUNTRY,LBN,EMR,Eastern Mediterranean,YEAR,2002,,,,,,,,,5 [2-9],5,2,9,,2025-11-11T16:20:50Z,2002,2002-01-01,2002-12-31
1022808,TB_e_inc_tbhiv_num,COUNTRY,CZE,EUR,Europe,YEAR,2008,,,,,,,,,6 [3-11],6,3,11,,2025-11-11T16:20:50Z,2008,2008-01-01,2008-12-31
1023214,TB_e_inc_tbhiv_num,COUNTRY,ARG,AMR,Americas,YEAR,2024,,,,,,,,,1200 [690-2000],1200,690,2000,,2025-11-11T16:20:50Z,2024,2024-01-01,2024-12-31
1024347,TB_e_inc_tbhiv_num,COUNTRY,BFA,AFR,Africa,YEAR,2000,,,,,,,,,4300 [1400-8600],4300,1400,8600,,2025-11-11T16:20:50Z,2000,2000-01-01,2000-12-31
1028236,TB_e_inc_tbhiv_num,COUNTRY,IND,SEAR,South-East Asia,YEAR,2017,,,,,,,,,84 000 [66 000-105 000],84000,66000,105000,,2025-11-11T16:20:50Z,2017,2017-01-01,2017-12-31
1029770,TB_e_inc_tbhiv_num,COUNTRY,MLI,AFR,Africa,YEAR,2023,,,,,,,,,810 [310-1500],810,310,1500,,2025-11-11T16:20:50Z,2023,2023-01-01,2023-12-31
1031441,TB_e_inc_tbhiv_num,COUNTRY,ITA,EUR,Europe,YEAR,2013,,,,,,,,,200 [110-310],200,110,310,,2025-11-11T16:20:50Z,2013,2013-01-01,2013-12-31
1040385,TB_e_inc_tbhiv_num,COUNTRY,FRA,EUR,Europe,YEAR,2013,,,,,,,,,420 [340-500],420,340,500,,2025-11-11T16:20:50Z,2013,2013-01-01,2013-12-31
1048354,TB_e_inc_tbhiv_num,COUNTRY,MDG,AFR,Africa,YEAR,2009,,,,,,,,,750 [260-1500],750,260,1500,,2025-11-11T16:20:50Z,2009,2009-01-01,2009-12-31
1049952,TB_e_inc_tbhiv_num,COUNTRY,CHE,EUR,Europe,YEAR,2007,,,,,,,,,39 [21-61],39,21,61,,2025-11-11T16:20:50Z,2007,2007-01-01,2007-12-31
1053421,TB_e_inc_tbhiv_num,COUNTRY,NZL,WPR,Western Pacific,YEAR,2017,,,,,,,,,1 [0-6],1,0,6,,2025-11-11T16:20:50Z,2017,2017-01-01,2017-12-31
1056878,TB_e_inc_tbhiv_num,COUNTRY,UGA,AFR,Africa,YEAR,2012,,,,,,,,,35 000 [22 000-52 000],35000,22000,52000,,2025-11-11T16:20:50Z,2012,2012-01-01,2012-12-31
1057381,TB_e_inc_tbhiv_num,COUNTRY,MDA,EUR,Europe,YEAR,2011,,,,,,,,,240 [180-310],240,180,310,,2025-11-11T16:20:50Z,2011,2011-01-01,2011-12-31
1057769,TB_e_inc_tbhiv_num,COUNTRY,MMR,SEAR,South-East Asia,YEAR,2000,,,,,,,,,35 000 [7200-84 000],35000,7200,84000,,2025-11-11T16:20:50Z,2000,2000-01-01,2000-12-31
1059373,TB_e_inc_tbhiv_num,COUNTRY,NZL,WPR,Western Pacific,YEAR,2001,,,,,,,,,19 [7-38],19,7,38,,2025-11-11T16:20:50Z,2001,2001-01-01,2001-12-31
1059933,TB_e_inc_tbhiv_num,COUNTRY,SOM,EMR,Eastern Mediterranean,YEAR,2020,,,,,,,,,220 [160-280],220,160,280,,2025-11-11T16:20:50Z,2020,2020-01-01,2020-12-31
1061748,TB_e_inc_tbhiv_num,COUNTRY,BEL,EUR,Europe,YEAR,2024,,,,,,,,,12 [4-23],12,4,23,,2025-11-11T16:20:50Z,2024,2024-01-01,2024-12-31
1065604,TB_e_inc_tbhiv_num,COUNTRY,LSO,AFR,Africa,YEAR,2007,,,,,,,,,18 000 [6200-36 000],18000,6200,36000,,2025-11-11T16:20:50Z,2007,2007-01-01,2007-12-31
1071710,TB_e_inc_tbhiv_num,COUNTRY,ROU,EUR,Europe,YEAR,2010,,,,,,,,,830 [610-1100],830,610,1100,,2025-11-11T16:20:50Z,2010,2010-01-01,2010-12-31
1074044,TB_e_inc_tbhiv_num,COUNTRY,SEN,AFR,Africa,YEAR,2023,,,,,,,,,940 [640-1300],940,640,1300,,2025-11-11T16:20:50Z,2023,2023-01-01,2023-12-31
1075045,TB_e_inc_tbhiv_num,COUNTRY,STP,AFR,Africa,YEAR,2009,,,,,,,,,24 [11-43],24,11,43,,2025-11-11T16:20:50Z,2009,2009-01-01,2009-12-31
1076315,TB_e_inc_tbhiv_num,COUNTRY,IRQ,EMR,Eastern Mediterranean,YEAR,2021,,,,,,,,,3 [0-10],3,0,10,,2025-11-11T16:20:50Z,2021,2021-01-01,2021-12-31
1082168,TB_e_inc_tbhiv_num,COUNTRY,DEU,EUR,Europe,YEAR,2017,,,,,,,,,150 [82-240],150,82,240,,2025-11-11T16:20:50Z,2017,2017-01-01,2017-12-31
1084875,TB_e_inc_tbhiv_num,COUNTRY,TUR,EUR,Europe,YEAR,2021,,,,,,,,,160 [120-200],160,120,200,,2025-11-11T16:20:50Z,2021,2021-01-01,2021-12-31
1090054,TB_e_inc_tbhiv_num,COUNTRY,MMR,SEAR,South-East Asia,YEAR,2007,,,,,,,,,28 000 [9900-55 000],28000,9900,55000,,2025-11-11T16:20:50Z,2007,2007-01-01,2007-12-31
1093259,TB_e_inc_tbhiv_num,COUNTRY,CIV,AFR,Africa,YEAR,2003,,,,,,,,,19 000 [12 000-29 000],19000,12000,29000,,2025-11-11T16:20:50Z,2003,2003-01-01,2003-12-31
1094712,TB_e_inc_tbhiv_num,COUNTRY,FJI,WPR,Western Pacific,YEAR,2018,,,,,,,,,35 [20-55],35,20,55,,2025-11-11T16:20:50Z,2018,2018-01-01,2018-12-31
1095995,TB_e_inc_tbhiv_num,COUNTRY,GNQ,AFR,Africa,YEAR,2007,,,,,,,,,1400 [510-2800],1400,510,2800,,2025-11-11T16:20:50Z,2007,2007-01-01,2007-12-31
1096640,TB_e_inc_tbhiv_num,COUNTRY,JAM,AMR,Americas,YEAR,2006,,,,,,,,,54 [36-75],54,36,75,,2025-11-11T16:20:50Z,2006,2006-01-01,2006-12-31
1101098,TB_e_inc_tbhiv_num,COUNTRY,NAM,AFR,Africa,YEAR,2019,,,,,,,,,4200 [2800-5800],4200,2800,5800,,2025-11-11T16:20:50Z,2019,2019-01-01,2019-12-31
1103152,TB_e_inc_tbhiv_num,COUNTRY,KEN,AFR,Africa,YEAR,2020,,,,,,,,,32 000 [20 000-47 000],32000,20000,47000,,2025-11-11T16:20:50Z,2020,2020-01-01,2020-12-31
1104191,TB_e_inc_tbhiv_num,COUNTRY,LKA,SEAR,South-East Asia,YEAR,2013,,,,,,,,,92 [28-190],92,28,190,,2025-11-11T16:20:50Z,2013,2013-01-01,2013-12-31
1110323,TB_e_inc_tbhiv_num,COUNTRY,SWE,EUR,Europe,YEAR,2014,,,,,,,,,14 [8-23],14,8,23,,2025-11-11T16:20:50Z,2014,2014-01-01,2014-12-31
1115408,TB_e_inc_tbhiv_num,COUNTRY,HND,AMR,Americas,YEAR,2022,,,,,,,,,250 [180-320],250,180,320,,2025-11-11T16:20:50Z,2022,2022-01-01,2022-12-31
1115970,TB_e_inc_tbhiv_num,COUNTRY,AFG,EMR,Eastern Mediterranean,YEAR,2014,,,,,,,,,18 [1-56],18,1,56,,2025-11-11T16:20:50Z,2014,2014-01-01,2014-12-31
1116734,TB_e_inc_tbhiv_num,COUNTRY,BTN,SEAR,South-East Asia,YEAR,2001,,,,,,,,,120 [23-310],120,23,310,,2025-11-11T16:20:50Z,2001,2001-01-01,2001-12-31
1120771,TB_e_inc_tbhiv_num,WORLDBANKINCOMEGROUP,WB_LMI,,,YEAR,2005,,,,,,,,,862 000 [522 000-1 290 000],862000,522000,1290000,,2025-11-11T16:20:50Z,2005,2005-01-01,2005-12-31
1121243,TB_e_inc_tbhiv_num,COUNTRY,TTO,AMR,Americas,YEAR,2000,,,,,,,,,190 [110-310],190,110,310,,2025-11-11T16:20:50Z,2000,2000-01-01,2000-12-31
1121338,TB_e_inc_tbhiv_num,COUNTRY,TCD,AFR,Africa,YEAR,2013,,,,,,,,,4500 [1900-8100],4500,1900,8100,,2025-11-11T16:20:50Z,2013,2013-01-01,2013-12-31
1131707,TB_e_inc_tbhiv_num,COUNTRY,BOL,AMR,Americas,YEAR,2006,,,,,,,,,870 [310-1700],870,310,1700,,2025-11-11T16:20:50Z,2006,2006-01-01,2006-12-31
1133837,TB_e_inc_tbhiv_num,COUNTRY,MNG,WPR,Western Pacific,YEAR,2013,,,,,,,,,17 [4-40],17,4,40,,2025-11-11T16:20:50Z,2013,2013-01-01,2013-12-31
1139699,TB_e_inc_tbhiv_num,COUNTRY,SVN,EUR,Europe,YEAR,2007,,,,,,,,,3 [1-6],3,1,6,,2025-11-11T16:20:50Z,2007,2007-01-01,2007-12-31
1140187,TB_e_inc_tbhiv_num,COUNTRY,URY,AMR,Americas,YEAR,2021,,,,,,,,,160 [120-200],160,120,200,,2025-11-11T16:20:50Z,2021,2021-01-01,2021-12-31
1141307,TB_e_inc_tbhiv_num,COUNTRY,HTI,AMR,Americas,YEAR,2021,,,,,,,,,3400 [2600-4500],3400,2600,4500,,2025-11-11T16:20:50Z,2021,2021-01-01,2021-12-31
1143214,TB_e_inc_tbhiv_num,COUNTRY,MEX,AMR,Americas,YEAR,2013,,,,,,,,,2300 [1700-2900],2300,1700,2900,,2025-11-11T16:20:50Z,2013,2013-01-01,2013-12-31
1146146,TB_e_inc_tbhiv_num,COUNTRY,DZA,AFR,Africa,YEAR,2022,,,,,,,,,210 [120-330],210,120,330,,2025-11-11T16:20:50Z,2022,2022-01-01,2022-12-31
1147137,TB_e_inc_tbhiv_num,COUNTRY,BLZ,AMR,Americas,YEAR,2019,,,,,,,,,26 [15-40],26,15,40,,2025-11-11T16:20:50Z,2019,2019-01-01,2019-12-31
1147440,TB_e_inc_tbhiv_num,COUNTRY,USA,AMR,Americas,YEAR,2019,,,,,,,,,470 [350-600],470,350,600,,2025-11-11T16:20:50Z,2019,2019-01-01,2019-12-31
1148248,TB_e_inc_tbhiv_num,COUNTRY,ESP,EUR,Europe,YEAR,2016,,,,,,,,,370 [140-710],370,140,710,,2025-11-11T16:20:50Z,2016,2016-01-01,2016-12-31
1151136,TB_e_inc_tbhiv_num,COUNTRY,UKR,EUR,Europe,YEAR,2013,,,,,,,,,11 000 [8000-14 000],11000,8000,14000,,2025-11-11T16:20:50Z,2013,2013-01-01,2013-12-31
1151901,TB_e_inc_tbhiv_num,COUNTRY,VNM,WPR,Western Pacific,YEAR,2015,,,,,,,,,7900 [4400-12 000],7900,4400,12000,,2025-11-11T16:20:50Z,2015,2015-01-01,2015-12-31
1152933,TB_e_inc_tbhiv_num,WORLDBANKINCOMEGROUP,WB_LMI,,,YEAR,2009,,,,,,,,,813 000 [530 000-1 160 000],813000,530000,1160000,,2025-11-11T16:20:50Z,2009,2009-01-01,2009-12-31
1156793,TB_e_inc_tbhiv_num,COUNTRY,ARE,EMR,Eastern Mediterranean,YEAR,2024,,,,,,,,,1 [0-6],1,0,6,,2025-11-11T16:20:50Z,2024,2024-01-01,2024-12-31
1159682,TB_e_inc_tbhiv_num,COUNTRY,NZL,WPR,Western Pacific,YEAR,2009,,,,,,,,,7 [2-13],7,2,13,,2025-11-11T16:20:50Z,2009,2009-01-01,2009-12-31
1160115,TB_e_inc_tbhiv_num,COUNTRY,KAZ,EUR,Europe,YEAR,2003,,,,,,,,,490 [150-1000],490,150,1000,,2025-11-11T16:20:50Z,2003,2003-01-01,2003-12-31
1160372,TB_e_inc_tbhiv_num,COUNTRY,CZE,EUR,Europe,YEAR,2004,,,,,,,,,11 [6-18],11,6,18,,2025-11-11T16:20:50Z,2004,2004-01-01,2004-12-31
1163420,TB_e_inc_tbhiv_num,COUNTRY,ARG,AMR,Americas,YEAR,2021,,,,,,,,,930 [520-1500],930,520,1500,,2025-11-11T16:20:50Z,2021,2021-01-01,2021-12-31
1164347,TB_e_inc_tbhiv_num,COUNTRY,QAT,EMR,Eastern Mediterranean,YEAR,2010,,,,,,,,,1 [0-3],1,0,3,,2025-11-11T16:20:50Z,2010,2010-01-01,2010-12-31
1166661,TB_e_inc_tbhiv_num,COUNTRY,PSE,EMR,Eastern Mediterranean,YEAR,2012,,,,,,,,,0 [0-0],0,0,0,,2025-11-11T16:20:50Z,2012,2012-01-01,2012-12-31
1168435,TB_e_inc_tbhiv_num,COUNTRY,BEL,EUR,Europe,YEAR,2021,,,,,,,,,35 [13-69],35,13,69,,2025-11-11T16:20:50Z,2021,2021-01-01,2021-12-31
1173557,TB_e_inc_tbhiv_num,COUNTRY,CUB,AMR,Americas,YEAR,2015,,,,,,,,,83 [60-110],83,60,110,,2025-11-11T16:20:50Z,2015,2015-01-01,2015-12-31
1176628,TB_e_inc_tbhiv_num,COUNTRY,GHA,AFR,Africa,YEAR,2018,,,,,,,,,8800 [4000-16 000],8800,4000,16000,,2025-11-11T16:20:50Z,2018,2018-01-01,2018-12-31
1176911,TB_e_inc_tbhiv_num,COUNTRY,KWT,EMR,Eastern Mediterranean,YEAR,2021,,,,,,,,,4 [1-7],4,1,7,,2025-11-11T16:20:50Z,2021,2021-01-01,2021-12-31
1180187,TB_e_inc_tbhiv_num,COUNTRY,TZA,AFR,Africa,YEAR,2019,,,,,,,,,33 000 [15 000-59 000],33000,15000,59000,,2025-11-11T16:20:50Z,2019,2019-01-01,2019-12-31
1182538,TB_e_inc_tbhiv_num,COUNTRY,CUB,AMR,Americas,YEAR,2006,,,,,,,,,34 [12-66],34,12,66,,2025-11-11T16:20:50Z,2006,2006-01-01,2006-12-31
1184686,TB_e_inc_tbhiv_num,COUNTRY,FRA,EUR,Europe,YEAR,2021,,,,,,,,,260 [210-310],260,210,310,,2025-11-11T16:20:50Z,2021,2021-01-01,2021-12-31
1188378,TB_e_inc_tbhiv_num,COUNTRY,LAO,WPR,Western Pacific,YEAR,2004,,,,,,,,,370 [81-870],370,81,870,,2025-11-11T16:20:50Z,2004,2004-01-01,2004-12-31
1191369,TB_e_inc_tbhiv_num,COUNTRY,DEU,EUR,Europe,YEAR,2020,,,,,,,,,110 [62-180],110,62,180,,2025-11-11T16:20:50Z,2020,2020-01-01,2020-12-31
1191412,TB_e_inc_tbhiv_num,COUNTRY,ZAF,AFR,Africa,YEAR,2008,,,,,,,,,466 000 [201 000-838 000],466000,201000,838000,,2025-11-11T16:20:50Z,2008,2008-01-01,2008-12-31
1193344,TB_e_inc_tbhiv_num,COUNTRY,ETH,AFR,Africa,YEAR,2013,,,,,,,,,25 000 [12 000-42 000],25000,12000,42000,,2025-11-11T16:20:50Z,2013,2013-01-01,2013-12-31
1194005,TB_e_inc_tbhiv_num,COUNTRY,ETH,AFR,Africa,YEAR,2002,,,,,,,,,82 000 [30 000-159 000],82000,30000,159000,,2025-11-11T16:20:50Z,2002,2002-01-01,2002-12-31
1194412,TB_e_inc_tbhiv_num,COUNTRY,PAN,AMR,Americas,YEAR,2019,,,,,,,,,360 [270-460],360,270,460,,2025-11-11T16:20:50Z,2019,2019-01-01,2019-12-31
1196373,TB_e_inc_tbhiv_num,COUNTRY,BIH,EUR,Europe,YEAR,2010,,,,,,,,,3 [2-5],3,2,5,,2025-11-11T16:20:50Z,2010,2010-01-01,2010-12-31
1196753,TB_e_inc_tbhiv_num,COUNTRY,SYR,EMR,Eastern Mediterranean,YEAR,2000,,,,,,,,,7 [3-11],7,3,11,,2025-11-11T16:20:50Z,2000,2000-01-01,2000-12-31
1201214,TB_e_inc_tbhiv_num,COUNTRY,TUR,EUR,Europe,YEAR,2000,,,,,,,,,29 [10-57],29,10,57,,2025-11-11T16:20:50Z,2000,2000-01-01,2000-12-31
1203264,TB_e_inc_tbhiv_num,COUNTRY,VUT,WPR,Western Pacific,YEAR,2017,,,,,,,,,0 [0-0],0,0,0,,2025-11-11T16:20:50Z,2017,2017-01-01,2017-12-31
1207025,TB_e_inc_tbhiv_num,COUNTRY,BIH,EUR,Europe,YEAR,2001,,,,,,,,,4 [2-7],4,2,7,,2025-11-11T16:20:50Z,2001,2001-01-01,2001-12-31
1207720,TB_e_inc_tbhiv_num,COUNTRY,SLV,AMR,Americas,YEAR,2019,,,,,,,,,250 [190-330],250,190,330,,2025-11-11T16:20:50Z,2019,2019-01-01,2019-12-31
1208094,TB_e_inc_tbhiv_num,COUNTRY,NOR,EUR,Europe,YEAR,2005,,,,,,,,,12 [4-24],12,4,24,,2025-11-11T16:20:50Z,2005,2005-01-01,2005-12-31
1208675,TB_e_inc_tbhiv_num,COUNTRY,GHA,AFR,Africa,YEAR,2009,,,,,,,,,10 000 [3800-20 000],10000,3800,20000,,2025-11-11T16:20:50Z,2009,2009-01-01,2009-12-31
1209057,TB_e_inc_tbhiv_num,COUNTRY,YEM,EMR,Eastern Mediterranean,YEAR,2003,,,,,,,,,68 [38-110],68,38,110,,2025-11-11T16:20:50Z,2003,2003-01-01,2003-12-31
1209277,TB_e_inc_tbhiv_num,COUNTRY,MAR,EMR,Eastern Mediterranean,YEAR,2005,,,,,,,,,410 [140-810],410,140,810,,2025-11-11T16:20:50Z,2005,2005-01-01,2005-12-31
1213286,TB_e_inc_tbhiv_num,COUNTRY,BGD,SEAR,South-East Asia,YEAR,2005,,,,,,,,,290 [150-480],290,150,480,,2025-11-11T16:20:50Z,2005,2005-01-01,2005-12-31
1214820,TB_e_inc_tbhiv_num,COUNTRY,ALB,EUR,Europe,YEAR,2007,,,,,,,,,2 [1-4],2,1,4,,2025-11-11T16:20:50Z,2007,2007-01-01,2007-12-31
1229735,TB_e_inc_tbhiv_num,COUNTRY,NGA,AFR,Africa,YEAR,2003,,,,,,,,,62 000 [23 000-119 000],62000,23000,119000,,2025-11-11T16:20:50Z,2003,2003-01-01,2003-12-31
1232641,TB_e_inc_tbhiv_num,COUNTRY,AGO,AFR,Africa,YEAR,2011,,,,,,,,,16 000 [3500-38 000],16000,3500,38000,,2025-11-11T16:20:50Z,2011,2011-01-01,2011-12-31
1235694,TB_e_inc_tbhiv_num,COUNTRY,COD,AFR,Africa,YEAR,2000,,,,,,,,,111 000 [37 000-226 000],111000,37000,226000,,2025-11-11T16:20:50Z,2000,2000-01-01,2000-12-31
1236161,TB_e_inc_tbhiv_num,COUNTRY,HRV,EUR,Europe,YEAR,2002,,,,,,,,,30 [15-48],30,15,48,,2025-11-11T16:20:50Z,2002,2002-01-01,2002-12-31
1239047,TB_e_inc_tbhiv_num,COUNTRY,HRV,EUR,Europe,YEAR,2018,,,,,,,,,4 [2-7],4,2,7,,2025-11-11T16:20:50Z,2018,2018-01-01,2018-12-31
1242554,TB_e_inc_tbhiv_num,COUNTRY,BHR,EMR,Eastern Mediterranean,YEAR,2020,,,,,,,,,10 [4-20],10,4,20,,2025-11-11T16:20:50Z,2020,2020-01-01,2020-12-31
1244989,TB_e_inc_tbhiv_num,COUNTRY,PRY,AMR,Americas,YEAR,2021,,,,,,,,,390 [290-500],390,290,500,,2025-11-11T16:20:50Z,2021,2021-01-01,2021-12-31
1247279,TB_e_inc_tbhiv_num,COUNTRY,JPN,WPR,Western Pacific,YEAR,2018,,,,,,,,,99 [34-200],99,34,200,,2025-11-11T16:20:50Z,2018,2018-01-01,2018-12-31
1249094,TB_e_inc_tbhiv_num,COUNTRY,NLD,EUR,Europe,YEAR,2021,,,,,,,,,23 [13-35],23,13,35,,2025-11-11T16:20:50Z,2021,2021-01-01,2021-12-31
1249589,TB_e_inc_tbhiv_num,COUNTRY,UKR,EUR,Europe,YEAR,2014,,,,,,,,,10 000 [7700-13 000],10000,7700,13000,,2025-11-11T16:20:50Z,2014,2014-01-01,2014-12-31
1250680,TB_e_inc_tbhiv_num,COUNTRY,PER,AMR,Americas,YEAR,2015,,,,,,,,,2400 [1800-3100],2400,1800,3100,,2025-11-11T16:20:50Z,2015,2015-01-01,2015-12-31
1253049,TB_e_inc_tbhiv_num,COUNTRY,ROU,EUR,Europe,YEAR,2020,,,,,,,,,300 [220-390],300,220,390,,2025-11-11T16:20:50Z,2020,2020-01-01,2020-12-31
1258408,TB_e_inc_tbhiv_num,COUNTRY,GNQ,AFR,Africa,YEAR,2008,,,,,,,,,1500 [540-2900],1500,540,2900,,2025-11-11T16:20:50Z,2008,2008-01-01,2008-12-31
1260306,TB_e_inc_tbhiv_num,COUNTRY,EGY,EMR,Eastern Mediterranean,YEAR,2002,,,,,,,,,19 [8-36],19,8,36,,2025-11-11T16:20:50Z,2002,2002-01-01,2002-12-31
1260570,TB_e_inc_tbhiv_num,WORLDBANKINCOMEGROUP,WB_LI,,,YEAR,2020,,,,,,,,,134 000 [105 000-167 000],134000,105000,167000,,2025-11-11T16:20:50Z,2020,2020-01-01,2020-12-31
1262799,TB_e_inc_tbhiv_num,COUNTRY,ETH,AFR,Africa,YEAR,2004,,,,,,,,,62 000 [21 000-126 000],62000,21000,126000,,2025-11-11T16:20:50Z,2004,2004-01-01,2004-12-31
1264279,TB_e_inc_tbhiv_num,COUNTRY,PAN,AMR,Americas,YEAR,2001,,,,,,,,,370 [150-680],370,150,680,,2025-11-11T16:20:50Z,2001,2001-01-01,2001-12-31
1264658,TB_e_inc_tbhiv_num,COUNTRY,PRY,AMR,Americas,YEAR,2013,,,,,,,,,330 [250-430],330,250,430,,2025-11-11T16:20:50Z,2013,2013-01-01,2013-12-31
1266487,TB_e_inc_tbhiv_num,COUNTRY,GMB,AFR,Africa,YEAR,2002,,,,,,,,,690 [290-1300],690,290,1300,,2025-11-11T16:20:50Z,2002,2002-01-01,2002-12-31
1272006,TB_e_inc_tbhiv_num,COUNTRY,YEM,EMR,Eastern Mediterranean,YEAR,2005,,,,,,,,,63 [35-100],63,35,100,,2025-11-11T16:20:50Z,2005,2005-01-01,2005-12-31
1276077,TB_e_inc_tbhiv_num,COUNTRY,LVA,EUR,Europe,YEAR,2001,,,,,,,,,460 [160-930],460,160,930,,2025-11-11T16:20:50Z,2001,2001-01-01,2001-12-31
1277309,TB_e_inc_tbhiv_num,COUNTRY,NZL,WPR,Western Pacific,YEAR,2023,,,,,,,,,1 [0-6],1,0,6,,2025-11-11T16:20:50Z,2023,2023-01-01,2023-12-31
1279885,TB_e_inc_tbhiv_num,COUNTRY,GIN,AFR,Africa,YEAR,2002,,,,,,,,,2700 [1200-4900],2700,1200,4900,,2025-11-11T16:20:50Z,2002,2002-01-01,2002-12-31
1281032,TB_e_inc_tbhiv_num,COUNTRY,NLD,EUR,Europe,YEAR,2023,,,,,,,,,34 [21-49],34,21,49,,2025-11-11T16:20:50Z,2023,2023-01-01,2023-12-31
1285600,TB_e_inc_tbhiv_num,COUNTRY,THA,SEAR,South-East Asia,YEAR,2016,,,,,,,,,13 000 [7700-19 000],13000,7700,19000,,2025-11-11T16:20:50Z,2016,2016-01-01,2016-12-31
1287533,TB_e_inc_tbhiv_num,COUNTRY,SWE,EUR,Europe,YEAR,2011,,,,,,,,,14 [7-23],14,7,23,,2025-11-11T16:20:50Z,2011,2011-01-01,2011-12-31
1288107,TB_e_inc_tbhiv_num,COUNTRY,AUS,WPR,Western Pacific,YEAR,2024,,,,,,,,,22 [12-35],22,12,35,,2025-11-11T16:20:50Z,2024,2024-01-01,2024-12-31
1291457,TB_e_inc_tbhiv_num,COUNTRY,MOZ,AFR,Africa,YEAR,2023,,,,,,,,,28 000 [16 000-43 000],28000,16000,43000,,2025-11-11T16:20:50Z,2023,2023-01-01,2023-12-31
1292460,TB_e_inc_tbhiv_num,COUNTRY,USA,AMR,Americas,YEAR,2017,,,,,,,,,540 [400-700],540,400,700,,2025-11-11T16:20:50Z,2017,2017-01-01,2017-12-31
1295142,TB_e_inc_tbhiv_num,COUNTRY,UZB,EUR,Europe,YEAR,2001,,,,,,,,,96 [10-280],96,10,280,,2025-11-11T16:20:50Z,2001,2001-01-01,2001-12-31
1296886,TB_e_inc_tbhiv_num,COUNTRY,ZMB,AFR,Africa,YEAR,2000,,,,,,,,,61 000 [18 000-129 000],61000,18000,129000,,2025-11-11T16:20:50Z,2000,2000-01-01,2000-12-31
1299802,TB_e_inc_tbhiv_num,COUNTRY,MHL,WPR,Western Pacific,YEAR,2002,,,,,,,,,0 [0-0],0,0,0,,2025-11-11T16:20:50Z,2002,2002-01-01,2002-12-31
1310267,TB_e_inc_tbhiv_num,COUNTRY,FSM,WPR,Western Pacific,YEAR,2015,,,,,,,,,0 [0-0],0,0,0,,2025-11-11T16:20:50Z,2015,2015-01-01,2015-12-31
1311737,TB_e_inc_tbhiv_num,COUNTRY,MUS,AFR,Africa,YEAR,2009,,,,,,,,,13 [10-17],13,10,17,,2025-11-11T16:20:50Z,2009,2009-01-01,2009-12-31
1317003,TB_e_inc_tbhiv_num,COUNTRY,GBR,EUR,Europe,YEAR,2010,,,,,,,,,390 [150-740],390,150,740,,2025-11-11T16:20:50Z,2010,2010-01-01,2010-12-31
1317723,TB_e_inc_tbhiv_num,COUNTRY,UKR,EUR,Europe,YEAR,2021,,,,,,,,,7900 [5800-10 000],7900,5800,10000,,2025-11-11T16:20:50Z,2021,2021-01-01,2021-12-31
1319759,TB_e_inc_tbhiv_num,COUNTRY,LTU,EUR,Europe,YEAR,2007,,,,,,,,,97 [34-190],97,34,190,,2025-11-11T16:20:50Z,2007,2007-01-01,2007-12-31
1327264,TB_e_inc_tbhiv_num,COUNTRY,MDG,AFR,Africa,YEAR,2022,,,,,,,,,1100 [820-1400],1100,820,1400,,2025-11-11T16:20:50Z,2022,2022-01-01,2022-12-31
1335737,TB_e_inc_tbhiv_num,COUNTRY,TTO,AMR,Americas,YEAR,2024,,,,,,,,,75 [53-100],75,53,100,,2025-11-11T16:20:50Z,2024,2024-01-01,2024-12-31
1336817,TB_e_inc_tbhiv_num,COUNTRY,SVN,EUR,Europe,YEAR,2004,,,,,,,,,5 [1-10],5,1,10,,2025-11-11T16:20:50Z,2004,2004-01-01,2004-12-31
1342358,TB_e_inc_tbhiv_num,COUNTRY,AUT,EUR,Europe,YEAR,2024,,,,,,,,,10 [5-16],10,5,16,,2025-11-11T16:20:50Z,2024,2024-01-01,2024-12-31
1344389,TB_e_inc_tbhiv_num,COUNTRY,CMR,AFR,Africa,YEAR,2020,,,,,,,,,10 000 [7400-13 000],10000,7400,13000,,2025-11-11T16:20:50Z,2020,2020-01-01,2020-12-31
1345782,TB_e_inc_tbhiv_num,COUNTRY,CAN,AMR,Americas,YEAR,2002,,,,,,,,,260 [100-490],260,100,490,,2025-11-11T16:20:50Z,2002,2002-01-01,2002-12-31
1347304,TB_e_inc_tbhiv_num,COUNTRY,LBY,EMR,Eastern Mediterranean,YEAR,2009,,,,,,,,,91 [24-200],91,24,200,,2025-11-11T16:20:50Z,2009,2009-01-01,2009-12-31
1347802,TB_e_inc_tbhiv_num,COUNTRY,ROU,EUR,Europe,YEAR,2009,,,,,,,,,630 [200-1300],630,200,1300,,2025-11-11T16:20:50Z,2009,2009-01-01,2009-12-31
1350295,TB_e_inc_tbhiv_num,COUNTRY,JOR,EMR,Eastern Mediterranean,YEAR,2001,,,,,,,,,1 [0-2],1,0,2,,2025-11-11T16:20:50Z,2001,2001-01-01,2001-12-31
1351214,TB_e_inc_tbhiv_num,COUNTRY,ALB,EUR,Europe,YEAR,2003,,,,,,,,,1 [0-2],1,0,2,,2025-11-11T16:20:50Z,2003,2003-01-01,2003-12-31
1352028,TB_e_inc_tbhiv_num,COUNTRY,FSM,WPR,Western Pacific,YEAR,2018,,,,,,,,,0 [0-0],0,0,0,,2025-11-11T16:20:50Z,2018,2018-01-01,2018-12-31
1352209,TB_e_inc_tbhiv_num,COUNTRY,LBY,EMR,Eastern Mediterranean,YEAR,2002,,,,,,,,,36 [10-79],36,10,79,,2025-11-11T16:20:50Z,2002,2002-01-01,2002-12-31
1353822,TB_e_inc_tbhiv_num,COUNTRY,LBR,AFR,Africa,YEAR,2006,,,,,,,,,2600 [1300-4500],2600,1300,4500,,2025-11-11T16:20:50Z,2006,2006-01-01,2006-12-31
1354106,TB_e_inc_tbhiv_num,COUNTRY,ETH,AFR,Africa,YEAR,2010,,,,,,,,,45 000 [14 000-93 000],45000,14000,93000,,2025-11-11T16:20:50Z,2010,2010-01-01,2010-12-31
1355547,TB_e_inc_tbhiv_num,COUNTRY,GNQ,AFR,Africa,YEAR,2004,,,,,,,,,1100 [360-2200],1100,360,2200,,2025-11-11T16:20:50Z,2004,2004-01-01,2004-12-31
1356144,TB_e_inc_tbhiv_num,COUNTRY,BLR,EUR,Europe,YEAR,2004,,,,,,,,,130 [91-170],130,91,170,,2025-11-11T16:20:50Z,2004,2004-01-01,2004-12-31
1359748,TB_e_inc_tbhiv_num,COUNTRY,IDN,WPR,Western Pacific,YEAR,2004,,,,,,,,,10 000 [4500-19 000],10000,4500,19000,,2025-11-11T16:20:50Z,2004,2004-01-01,2004-12-31
1360757,TB_e_inc_tbhiv_num,COUNTRY,SEN,AFR,Africa,YEAR,2015,,,,,,,,,1700 [1200-2200],1700,1200,2200,,2025-11-11T16:20:50Z,2015,2015-01-01,2015-12-31
1361018,TB_e_inc_tbhiv_num,COUNTRY,BEN,AFR,Africa,YEAR,2012,,,,,,,,,1200 [680-1900],1200,680,1900,,2025-11-11T16:20:50Z,2012,2012-01-01,2012-12-31
1367508,TB_e_inc_tbhiv_num,COUNTRY,VEN,AMR,Americas,YEAR,2020,,,,,,,,,1000 [400-2000],1000,400,2000,,2025-11-11T16:20:50Z,2020,2020-01-01,2020-12-31
1369009,TB_e_inc_tbhiv_num,COUNTRY,EGY,EMR,Eastern Mediterranean,YEAR,2019,,,,,,,,,100 [45-180],100,45,180,,2025-11-11T16:20:50Z,2019,2019-01-01,2019-12-31
1370660,TB_e_inc_tbhiv_num,COUNTRY,SUR,AMR,Americas,YEAR,2003,,,,,,,,,57 [36-81],57,36,81,,2025-11-11T16:20:50Z,2003,2003-01-01,2003-12-31
1371276,TB_e_inc_tbhiv_num,COUNTRY,BDI,AFR,Africa,YEAR,2003,,,,,,,,,4600 [2400-7700],4600,2400,7700,,2025-11-11T16:20:50Z,2003,2003-01-01,2003-12-31
1377594,TB_e_inc_tbhiv_num,COUNTRY,LUX,EUR,Europe,YEAR,2000,,,,,,,,,6 [3-9],6,3,9,,2025-11-11T16:20:50Z,2000,2000-01-01,2000-12-31
1378196,TB_e_inc_tbhiv_num,COUNTRY,BHR,EMR,Eastern Mediterranean,YEAR,2013,,,,,,,,,2 [1-4],2,1,4,,2025-11-11T16:20:50Z,2013,2013-01-01,2013-12-31
1378988,TB_e_inc_tbhiv_num,COUNTRY,CUB,AMR,Americas,YEAR,2011,,,,,,,,,84 [60-110],84,60,110,,2025-11-11T16:20:50Z,2011,2011-01-01,2011-12-31
1382142,TB_e_inc_tbhiv_num,COUNTRY,BGR,EUR,Europe,YEAR,2015,,,,,,,,,21 [7-42],21,7,42,,2025-11-11T16:20:50Z,2015,2015-01-01,2015-12-31
1382596,TB_e_inc_tbhiv_num,COUNTRY,CAN,AMR,Americas,YEAR,2016,,,,,,,,,69 [25-140],69,25,140,,2025-11-11T16:20:50Z,2016,2016-01-01,2016-12-31
1382663,TB_e_inc_tbhiv_num,COUNTRY,IRL,EUR,Europe,YEAR,2013,,,,,,,,,14 [8-23],14,8,23,,2025-11-11T16:20:50Z,2013,2013-01-01,2013-12-31
1383240,TB_e_inc_tbhiv_num,COUNTRY,TJK,EUR,Europe,YEAR,2008,,,,,,,,,180 [63-350],180,63,350,,2025-11-11T16:20:50Z,2008,2008-01-01,2008-12-31
1385190,TB_e_inc_tbhiv_num,COUNTRY,MYS,WPR,Western Pacific,YEAR,2015,,,,,,,,,1600 [1200-2100],1600,1200,2100,,2025-11-11T16:20:50Z,2015,2015-01-01,2015-12-31
1385351,TB_e_inc_tbhiv_num,COUNTRY,CYP,EUR,Europe,YEAR,2008,,,,,,,,,3 [2-4],3,2,4,,2025-11-11T16:20:50Z,2008,2008-01-01,2008-12-31
1387976,TB_e_inc_tbhiv_num,COUNTRY,POL,EUR,Europe,YEAR,2019,,,,,,,,,70 [38-110],70,38,110,,2025-11-11T16:20:50Z,2019,2019-01-01,2019-12-31
1390324,TB_e_inc_tbhiv_num,COUNTRY,CAN,AMR,Americas,YEAR,2019,,,,,,,,,60 [42-82],60,42,82,,2025-11-11T16:20:50Z,2019,2019-01-01,2019-12-31
1394513,TB_e_inc_tbhiv_num,COUNTRY,BWA,AFR,Africa,YEAR,2020,,,,,,,,,3200 [2000-4600],3200,2000,4600,,2025-11-11T16:20:50Z,2020,2020-01-01,2020-12-31
1394740,TB_e_inc_tbhiv_num,COUNTRY,BLZ,AMR,Americas,YEAR,2002,,,,,,,,,38 [19-63],38,19,63,,2025-11-11T16:20:50Z,2002,2002-01-01,2002-12-31
1396760,TB_e_inc_tbhiv_num,COUNTRY,COD,AFR,Africa,YEAR,2006,,,,,,,,,75 000 [22 000-160 000],75000,22000,160000,,2025-11-11T16:20:50Z,2006,2006-01-01,2006-12-31
1396795,TB_e_inc_tbhiv_num,COUNTRY,JPN,WPR,Western Pacific,YEAR,2019,,,,,,,,,92 [32-180],92,32,180,,2025-11-11T16:20:50Z,2019,2019-01-01,2019-12-31
1401089,TB_e_inc_tbhiv_num,COUNTRY,BIH,EUR,Europe,YEAR,2024,,,,,,,,,1 [1-2],1,1,2,,2025-11-11T16:20:50Z,2024,2024-01-01,2024-12-31
1402325,TB_e_inc_tbhiv_num,COUNTRY,TKM,EUR,Europe,YEAR,2006,,,,,,,,,630 [320-1000],630,320,1000,,2025-11-11T16:20:50Z,2006,2006-01-01,2006-12-31
1403354,TB_e_inc_tbhiv_num,COUNTRY,LUX,EUR,Europe,YEAR,2018,,,,,,,,,2 [1-4],2,1,4,,2025-11-11T16:20:50Z,2018,2018-01-01,2018-12-31
1406710,TB_e_inc_tbhiv_num,COUNTRY,SWZ,AFR,Africa,YEAR,2004,,,,,,,,,11 000 [900-32 000],11000,900,32000,,2025-11-11T16:20:50Z,2004,2004-01-01,2004-12-31
1408580,TB_e_inc_tbhiv_num,COUNTRY,UZB,EUR,Europe,YEAR,2023,,,,,,,,,640 [480-820],640,480,820,,2025-11-11T16:20:50Z,2023,2023-01-01,2023-12-31
1410550,TB_e_inc_tbhiv_num,COUNTRY,MDA,EUR,Europe,YEAR,2023,,,,,,,,,270 [200-350],270,200,350,,2025-11-11T16:20:50Z,2023,2023-01-01,2023-12-31
1420156,TB_e_inc_tbhiv_num,REGION,EMR,,,YEAR,2010,,,,,,,,,9400 [5300-15 000],9400,5300,15000,,2025-11-11T16:20:50Z,2010,2010-01-01,2010-12-31
1420191,TB_e_inc_tbhiv_num,COUNTRY,POL,EUR,Europe,YEAR,2003,,,,,,,,,330 [180-530],330,180,530,,2025-11-11T16:20:50Z,2003,2003-01-01,2003-12-31
1420683,TB_e_inc_tbhiv_num,COUNTRY,SOM,EMR,Eastern Mediterranean,YEAR,2001,,,,,,,,,1500 [570-2900],1500,570,2900,,2025-11-11T16:20:50Z,2001,2001-01-01,2001-12-31
1420823,TB_e_inc_tbhiv_num,REGION,SEAR,,,YEAR,2017,,,,,,,,,115 000 [95 000-137 000],115000,95000,137000,,2025-11-11T16:20:50Z,2017,2017-01-01,2017-12-31
1423302,TB_e_inc_tbhiv_num,COUNTRY,LSO,AFR,Africa,YEAR,2001,,,,,,,,,13 000 [5900-23 000],13000,5900,23000,,2025-11-11T16:20:50Z,2001,2001-01-01,2001-12-31
1424674,TB_e_inc_tbhiv_num,COUNTRY,BLR,EUR,Europe,YEAR,2006,,,,,,,,,220 [75-450],220,75,450,,2025-11-11T16:20:50Z,2006,2006-01-01,2006-12-31
1424854,TB_e_inc_tbhiv_num,COUNTRY,AZE,EUR,Europe,YEAR,2010,,,,,,,,,130 [89-170],130,89,170,,2025-11-11T16:20:50Z,2010,2010-01-01,2010-12-31
1425118,TB_e_inc_tbhiv_num,COUNTRY,EGY,EMR,Eastern Mediterranean,YEAR,2017,,,,,,,,,93 [41-170],93,41,170,,2025-11-11T16:20:50Z,2017,2017-01-01,2017-12-31
1426571,TB_e_inc_tbhiv_num,COUNTRY,ZAF,AFR,Africa,YEAR,2017,,,,,,,,,257 000 [156 000-384 000],257000,156000,384000,,2025-11-11T16:20:50Z,2017,2017-01-01,2017-12-31
1433925,TB_e_inc_tbhiv_num,COUNTRY,TUN,EMR,Eastern Mediterranean,YEAR,2009,,,,,,,,,30 [10-58],30,10,58,,2025-11-11T16:20:50Z,2009,2009-01-01,2009-12-31
1438779,TB_e_inc_tbhiv_num,COUNTRY,FJI,WPR,Western Pacific,YEAR,2024,,,,,,,,,270 [200-350],270,200,350,,2025-11-11T16:20:50Z,2024,2024-01-01,2024-12-31
1439122,TB_e_inc_tbhiv_num,COUNTRY,STP,AFR,Africa,YEAR,2019,,,,,,,,,38 [23-56],38,23,56,,2025-11-11T16:20:50Z,2019,2019-01-01,2019-12-31
1439419,TB_e_inc_tbhiv_num,COUNTRY,FSM,WPR,Western Pacific,YEAR,2019,,,,,,,,,0 [0-0],0,0,0,,2025-11-11T16:20:50Z,2019,2019-01-01,2019-12-31
1442008,TB_e_inc_tbhiv_num,COUNTRY,LUX,EUR,Europe,YEAR,2003,,,,,,,,,6 [3-9],6,3,9,,2025-11-11T16:20:50Z,2003,2003-01-01,2003-12-31
1445034,TB_e_inc_tbhiv_num,COUNTRY,CPV,AFR,Africa,YEAR,2005,,,,,,,,,29 [14-48],29,14,48,,2025-11-11T16:20:50Z,2005,2005-01-01,2005-12-31
1445426,TB_e_inc_tbhiv_num,COUNTRY,SEN,AFR,Africa,YEAR,2017,,,,,,,,,1400 [1100-1900],1400,1100,1900,,2025-11-11T16:20:50Z,2017,2017-01-01,2017-12-31
1457775,TB_e_inc_tbhiv_num,COUNTRY,GHA,AFR,Africa,YEAR,2011,,,,,,,,,11 000 [4100-21 000],11000,4100,21000,,2025-11-11T16:20:50Z,2011,2011-01-01,2011-12-31
1458562,TB_e_inc_tbhiv_num,COUNTRY,CUB,AMR,Americas,YEAR,2023,,,,,,,,,69 [48-93],69,48,93,,2025-11-11T16:20:50Z,2023,2023-01-01,2023-12-31
1458700,TB_e_inc_tbhiv_num,COUNTRY,DNK,EUR,Europe,YEAR,2000,,,,,,,,,69 [26-130],69,26,130,,2025-11-11T16:20:50Z,2000,2000-01-01,2000-12-31
1459628,TB_e_inc_tbhiv_num,COUNTRY,KWT,EMR,Eastern Mediterranean,YEAR,2007,,,,,,,,,3 [0-9],3,0,9,,2025-11-11T16:20:50Z,2007,2007-01-01,2007-12-31
1460845,TB_e_inc_tbhiv_num,COUNTRY,ARM,EUR,Europe,YEAR,2006,,,,,,,,,130 [45-260],130,45,260,,2025-11-11T16:20:50Z,2006,2006-01-01,2006-12-31
1464317,TB_e_inc_tbhiv_num,COUNTRY,NPL,SEAR,South-East Asia,YEAR,2001,,,,,,,,,2900 [820-6200],2900,820,6200,,2025-11-11T16:20:50Z,2001,2001-01-01,2001-12-31
1465611,TB_e_inc_tbhiv_num,COUNTRY,QAT,EMR,Eastern Mediterranean,YEAR,2022,,,,,,,,,4 [0-11],4,0,11,,2025-11-11T16:20:50Z,2022,2022-01-01,2022-12-31
1465967,TB_e_inc_tbhiv_num,COUNTRY,MDA,EUR,Europe,YEAR,2016,,,,,,,,,310 [230-410],310,230,410,,2025-11-11T16:20:50Z,2016,2016-01-01,2016-12-31
1467487,TB_e_inc_tbhiv_num,COUNTRY,TUN,EMR,Eastern Mediterranean,YEAR,2010,,,,,,,,,33 [12-65],33,12,65,,2025-11-11T16:20:50Z,2010,2010-01-01,2010-12-31
1469184,TB_e_inc_tbhiv_num,COUNTRY,NOR,EUR,Europe,YEAR,2011,,,,,,,,,10 [4-19],10,4,19,,2025-11-11T16:20:50Z,2011,2011-01-01,2011-12-31
1470165,TB_e_inc_tbhiv_num,COUNTRY,CRI,AMR,Americas,YEAR,2009,,,,,,,,,27 [10-53],27,10,53,,2025-11-11T16:20:50Z,2009,2009-01-01,2009-12-31
1474182,TB_e_inc_tbhiv_num,COUNTRY,DNK,EUR,Europe,YEAR,2021,,,,,,,,,5 [1-11],5,1,11,,2025-11-11T16:20:50Z,2021,2021-01-01,2021-12-31
1477832,TB_e_inc_tbhiv_num,COUNTRY,MLI,AFR,Africa,YEAR,2016,,,,,,,,,1500 [460-3200],1500,460,3200,,2025-11-11T16:20:50Z,2016,2016-01-01,2016-12-31
1478078,TB_e_inc_tbhiv_num,COUNTRY,DNK,EUR,Europe,YEAR,2013,,,,,,,,,11 [4-22],11,4,22,,2025-11-11T16:20:50Z,2013,2013-01-01,2013-12-31
1479741,TB_e_inc_tbhiv_num,COUNTRY,BGD,SEAR,South-East Asia,YEAR,2001,,,,,,,,,120 [59-190],120,59,190,,2025-11-11T16:20:50Z,2001,2001-01-01,2001-12-31
1480826,TB_e_inc_tbhiv_num,COUNTRY,TUN,EMR,Eastern Mediterranean,YEAR,2015,,,,,,,,,32 [18-51],32,18,51,,2025-11-11T16:20:50Z,2015,2015-01-01,2015-12-31
1481734,TB_e_inc_tbhiv_num,COUNTRY,LBR,AFR,Africa,YEAR,2005,,,,,,,,,2300 [1100-4000],2300,1100,4000,,2025-11-11T16:20:50Z,2005,2005-01-01,2005-12-31
1484501,TB_e_inc_tbhiv_num,COUNTRY,HND,AMR,Americas,YEAR,2017,,,,,,,,,300 [220-390],300,220,390,,2025-11-11T16:20:50Z,2017,2017-01-01,2017-12-31
1486936,TB_e_inc_tbhiv_num,COUNTRY,BDI,AFR,Africa,YEAR,2018,,,,,,,,,1400 [900-1900],1400,900,1900,,2025-11-11T16:20:50Z,2018,2018-01-01,2018-12-31
1487201,TB_e_inc_tbhiv_num,COUNTRY,NPL,SEAR,South-East Asia,YEAR,2021,,,,,,,,,530 [300-840],530,300,840,,2025-11-11T16:20:50Z,2021,2021-01-01,2021-12-31
1487505,TB_e_inc_tbhiv_num,COUNTRY,ISR,EUR,Europe,YEAR,2008,,,,,,,,,18 [9-30],18,9,30,,2025-11-11T16:20:50Z,2008,2008-01-01,2008-12-31
1494946,TB_e_inc_tbhiv_num,REGION,WPR,,,YEAR,2022,,,,,,,,,54 000 [35 000-76 000],54000,35000,76000,,2025-11-11T16:20:50Z,2022,2022-01-01,2022-12-31
1499040,TB_e_inc_tbhiv_num,COUNTRY,COM,AFR,Africa,YEAR,2005,,,,,,,,,5 [0-17],5,0,17,,2025-11-11T16:20:50Z,2005,2005-01-01,2005-12-31
1499961,TB_e_inc_tbhiv_num,COUNTRY,HUN,EUR,Europe,YEAR,2014,,,,,,,,,9 [5-14],9,5,14,,2025-11-11T16:20:50Z,2014,2014-01-01,2014-12-31
1501163,TB_e_inc_tbhiv_num,COUNTRY,COD,AFR,Africa,YEAR,2001,,,,,,,,,96 000 [31 000-198 000],96000,31000,198000,,2025-11-11T16:20:50Z,2001,2001-01-01,2001-12-31
1504417,TB_e_inc_tbhiv_num,COUNTRY,COL,AMR,Americas,YEAR,2006,,,,,,,,,1100 [830-1400],1100,830,1400,,2025-11-11T16:20:50Z,2006,2006-01-01,2006-12-31
1506579,TB_e_inc_tbhiv_num,COUNTRY,BRN,WPR,Western Pacific,YEAR,2014,,,,,,,,,0 [0-0],0,0,0,,2025-11-11T16:20:50Z,2014,2014-01-01,2014-12-31
1510732,TB_e_inc_tbhiv_num,COUNTRY,NPL,SEAR,South-East Asia,YEAR,2019,,,,,,,,,490 [270-760],490,270,760,,2025-11-11T16:20:50Z,2019,2019-01-01,2019-12-31
1511794,TB_e_inc_tbhiv_num,COUNTRY,PRI,AMR,Americas,YEAR,2009,,,,,,,,,14 [6-25],14,6,25,,2025-11-11T16:20:50Z,2009,2009-01-01,2009-12-31
1514488,TB_e_inc_tbhiv_num,COUNTRY,THA,SEAR,South-East Asia,YEAR,2012,,,,,,,,,16 000 [8200-27 000],16000,8200,27000,,2025-11-11T16:20:50Z,2012,2012-01-01,2012-12-31
1515306,TB_e_inc_tbhiv_num,COUNTRY,PAK,EMR,Eastern Mediterranean,YEAR,2005,,,,,,,,,1100 [21-4200],1100,21,4200,,2025-11-11T16:20:50Z,2005,2005-01-01,2005-12-31
1516082,TB_e_inc_tbhiv_num,COUNTRY,KGZ,EUR,Europe,YEAR,2008,,,,,,,,,240 [180-310],240,180,310,,2025-11-11T16:20:50Z,2008,2008-01-01,2008-12-31
1517307,TB_e_inc_tbhiv_num,COUNTRY,DEU,EUR,Europe,YEAR,2012,,,,,,,,,130 [69-200],130,69,200,,2025-11-11T16:20:50Z,2012,2012-01-01,2012-12-31
1517889,TB_e_inc_tbhiv_num,COUNTRY,COD,AFR,Africa,YEAR,2012,,,,,,,,,66 000 [19 000-143 000],66000,19000,143000,,2025-11-11T16:20:50Z,2012,2012-01-01,2012-12-31
1520455,TB_e_inc_tbhiv_num,COUNTRY,DZA,AFR,Africa,YEAR,2008,,,,,,,,,150 [85-240],150,85,240,,2025-11-11T16:20:50Z,2008,2008-01-01,2008-12-31
1520830,TB_e_inc_tbhiv_num,COUNTRY,HKG,,,YEAR,2012,,,,,,,,,47 [34-60],47,34,60,,2025-11-11T16:20:50Z,2012,2012-01-01,2012-12-31
1521841,TB_e_inc_tbhiv_num,COUNTRY,BHS,AMR,Americas,YEAR,2006,,,,,,,,,48 [34-64],48,34,64,,2025-11-11T16:20:50Z,2006,2006-01-01,2006-12-31
1523647,TB_e_inc_tbhiv_num,COUNTRY,KWT,EMR,Eastern Mediterranean,YEAR,2014,,,,,,,,,3 [1-6],3,1,6,,2025-11-11T16:20:50Z,2014,2014-01-01,2014-12-31
1531734,TB_e_inc_tbhiv_num,COUNTRY,PER,AMR,Americas,YEAR,2005,,,,,,,,,3400 [1300-6600],3400,1300,6600,,2025-11-11T16:20:50Z,2005,2005-01-01,2005-12-31
1533373,TB_e_inc_tbhiv_num,COUNTRY,TGO,AFR,Africa,YEAR,2004,,,,,,,,,1600 [730-2900],1600,730,2900,,2025-11-11T16:20:50Z,2004,2004-01-01,2004-12-31
1534976,TB_e_inc_tbhiv_num,COUNTRY,DOM,AMR,Americas,YEAR,2004,,,,,,,,,2000 [810-3600],2000,810,3600,,2025-11-11T16:20:50Z,2004,2004-01-01,2004-12-31
1540354,TB_e_inc_tbhiv_num,COUNTRY,SAU,EMR,Eastern Mediterranean,YEAR,2000,,,,,,,,,42 [15-85],42,15,85,,2025-11-11T16:20:50Z,2000,2000-01-01,2000-12-31
1542254,TB_e_inc_tbhiv_num,COUNTRY,KAZ,EUR,Europe,YEAR,2008,,,,,,,,,200 [150-260],200,150,260,,2025-11-11T16:20:50Z,2008,2008-01-01,2008-12-31
1543716,TB_e_inc_tbhiv_num,COUNTRY,HTI,AMR,Americas,YEAR,2018,,,,,,,,,4200 [3200-5500],4200,3200,5500,,2025-11-11T16:20:50Z,2018,2018-01-01,2018-12-31
1544981,TB_e_inc_tbhiv_num,COUNTRY,PRT,EUR,Europe,YEAR,2017,,,,,,,,,230 [170-300],230,170,300,,2025-11-11T16:20:50Z,2017,2017-01-01,2017-12-31
1546294,TB_e_inc_tbhiv_num,COUNTRY,GAB,AFR,Africa,YEAR,2020,,,,,,,,,2800 [1400-4800],2800,1400,4800,,2025-11-11T16:20:50Z,2020,2020-01-01,2020-12-31
1547252,TB_e_inc_tbhiv_num,COUNTRY,CPV,AFR,Africa,YEAR,2022,,,,,,,,,24 [13-38],24,13,38,,2025-11-11T16:20:50Z,2022,2022-01-01,2022-12-31
1552140,TB_e_inc_tbhiv_num,COUNTRY,MAC,,,YEAR,2023,,,,,,,,,5 [1-13],5,1,13,,2025-11-11T16:20:50Z,2023,2023-01-01,2023-12-31
1553347,TB_e_inc_tbhiv_num,COUNTRY,IDN,WPR,Western Pacific,YEAR,2017,,,,,,,,,21 000 [9000-37 000],21000,9000,37000,,2025-11-11T16:20:50Z,2017,2017-01-01,2017-12-31
1553907,TB_e_inc_tbhiv_num,COUNTRY,GRC,EUR,Europe,YEAR,2006,,,,,,,,,28 [15-44],28,15,44,,2025-11-11T16:20:50Z,2006,2006-01-01,2006-12-31
1554301,TB_e_inc_tbhiv_num,COUNTRY,BGR,EUR,Europe,YEAR,2020,,,,,,,,,2 [0-7],2,0,7,,2025-11-11T16:20:50Z,2020,2020-01-01,2020-12-31
1554652,TB_e_inc_tbhiv_num,REGION,EMR,,,YEAR,2002,,,,,,,,,9600 [6000-14 000],9600,6000,14000,,2025-11-11T16:20:50Z,2002,2002-01-01,2002-12-31
1563286,TB_e_inc_tbhiv_num,COUNTRY,CPV,AFR,Africa,YEAR,2019,,,,,,,,,48 [31-67],48,31,67,,2025-11-11T16:20:50Z,2019,2019-01-01,2019-12-31
1563643,TB_e_inc_tbhiv_num,COUNTRY,ARE,EMR,Eastern Mediterranean,YEAR,2010,,,,,,,,,11 [4-22],11,4,22,,2025-11-11T16:20:50Z,2010,2010-01-01,2010-12-31
1565848,TB_e_inc_tbhiv_num,COUNTRY,GRC,EUR,Europe,YEAR,2010,,,,,,,,,21 [12-33],21,12,33,,2025-11-11T16:20:50Z,2010,2010-01-01,2010-12-31
1569208,TB_e_inc_tbhiv_num,COUNTRY,PAK,EMR,Eastern Mediterranean,YEAR,2024,,,,,,,,,2600 [56-9800],2600,56,9800,,2025-11-11T16:20:50Z,2024,2024-01-01,2024-12-31
1569445,TB_e_inc_tbhiv_num,COUNTRY,HKG,,,YEAR,2022,,,,,,,,,29 [16-46],29,16,46,,2025-11-11T16:20:50Z,2022,2022-01-01,2022-12-31
1571793,TB_e_inc_tbhiv_num,COUNTRY,ARG,AMR,Americas,YEAR,2002,,,,,,,,,1000 [570-1600],1000,570,1600,,2025-11-11T16:20:50Z,2002,2002-01-01,2002-12-31
1571930,TB_e_inc_tbhiv_num,REGION,EMR,,,YEAR,2016,,,,,,,,,6500 [1700-14 000],6500,1700,14000,,2025-11-11T16:20:50Z,2016,2016-01-01,2016-12-31
1573740,TB_e_inc_tbhiv_num,COUNTRY,AGO,AFR,Africa,YEAR,2019,,,,,,,,,9600 [7600-12 000],9600,7600,12000,,2025-11-11T16:20:50Z,2019,2019-01-01,2019-12-31
1576548,TB_e_inc_tbhiv_num,COUNTRY,STP,AFR,Africa,YEAR,2024,,,,,,,,,40 [25-58],40,25,58,,2025-11-11T16:20:50Z,2024,2024-01-01,2024-12-31
1576807,TB_e_inc_tbhiv_num,COUNTRY,MLI,AFR,Africa,YEAR,2007,,,,,,,,,1800 [710-3400],1800,710,3400,,2025-11-11T16:20:50Z,2007,2007-01-01,2007-12-31
1577848,TB_e_inc_tbhiv_num,COUNTRY,FSM,WPR,Western Pacific,YEAR,2017,,,,,,,,,0 [0-0],0,0,0,,2025-11-11T16:20:50Z,2017,2017-01-01,2017-12-31
1579538,TB_e_inc_tbhiv_num,COUNTRY,BEL,EUR,Europe,YEAR,2006,,,,,,,,,77 [55-100],77,55,100,,2025-11-11T16:20:50Z,2006,2006-01-01,2006-12-31
1580715,TB_e_inc_tbhiv_num,COUNTRY,GEO,EUR,Europe,YEAR,2008,,,,,,,,,96 [71-120],96,71,120,,2025-11-11T16:20:50Z,2008,2008-01-01,2008-12-31
1581155,TB_e_inc_tbhiv_num,COUNTRY,MMR,SEAR,South-East Asia,YEAR,2004,,,,,,,,,28 000 [5900-67 000],28000,5900,67000,,2025-11-11T16:20:50Z,2004,2004-01-01,2004-12-31
1581194,TB_e_inc_tbhiv_num,COUNTRY,PER,AMR,Americas,YEAR,2004,,,,,,,,,3500 [1300-6800],3500,1300,6800,,2025-11-11T16:20:50Z,2004,2004-01-01,2004-12-31
1584250,TB_e_inc_tbhiv_num,COUNTRY,SSD,AFR,Africa,YEAR,2018,,,,,,,,,4400 [2000-7800],4400,2000,7800,,2025-11-11T16:20:50Z,2018,2018-01-01,2018-12-31
1585508,TB_e_inc_tbhiv_num,COUNTRY,CMR,AFR,Africa,YEAR,2005,,,,,,,,,19 000 [11 000-29 000],19000,11000,29000,,2025-11-11T16:20:50Z,2005,2005-01-01,2005-12-31
1586456,TB_e_inc_tbhiv_num,COUNTRY,CMR,AFR,Africa,YEAR,2021,,,,,,,,,8200 [5900-11 000],8200,5900,11000,,2025-11-11T16:20:50Z,2021,2021-01-01,2021-12-31
1591467,TB_e_inc_tbhiv_num,COUNTRY,BIH,EUR,Europe,YEAR,2023,,,,,,,,,1 [1-2],1,1,2,,2025-11-11T16:20:50Z,2023,2023-01-01,2023-12-31
1595022,TB_e_inc_tbhiv_num,COUNTRY,PAK,EMR,Eastern Mediterranean,YEAR,2000,,,,,,,,,130 [2-480],130,2,480,,2025-11-11T16:20:50Z,2000,2000-01-01,2000-12-31
1602489,TB_e_inc_tbhiv_num,COUNTRY,TGO,AFR,Africa,YEAR,2024,,,,,,,,,560 [200-1100],560,200,1100,,2025-11-11T16:20:50Z,2024,2024-01-01,2024-12-31
1603278,TB_e_inc_tbhiv_num,REGION,AMR,,,YEAR,2002,,,,,,,,,47 000 [35 000-61 000],47000,35000,61000,,2025-11-11T16:20:50Z,2002,2002-01-01,2002-12-31
1608081,TB_e_inc_tbhiv_num,COUNTRY,STP,AFR,Africa,YEAR,2013,,,,,,,,,63 [41-89],63,41,89,,2025-11-11T16:20:50Z,2013,2013-01-01,2013-12-31
1608353,TB_e_inc_tbhiv_num,COUNTRY,SOM,EMR,Eastern Mediterranean,YEAR,2021,,,,,,,,,260 [190-350],260,190,350,,2025-11-11T16:20:50Z,2021,2021-01-01,2021-12-31
1613941,TB_e_inc_tbhiv_num,WORLDBANKINCOMEGROUP,WB_LI,,,YEAR,2003,,,,,,,,,237 000 [153 000-339 000],237000,153000,339000,,2025-11-11T16:20:50Z,2003,2003-01-01,2003-12-31
1614667,TB_e_inc_tbhiv_num,COUNTRY,MWI,AFR,Africa,YEAR,2007,,,,,,,,,35 000 [3800-101 000],35000,3800,101000,,2025-11-11T16:20:50Z,2007,2007-01-01,2007-12-31
1615434,TB_e_inc_tbhiv_num,COUNTRY,MUS,AFR,Africa,YEAR,2010,,,,,,,,,14 [10-18],14,10,18,,2025-11-11T16:20:50Z,2010,2010-01-01,2010-12-31
1616740,TB_e_inc_tbhiv_num,COUNTRY,PRI,AMR,Americas,YEAR,2017,,,,,,,,,14 [7-24],14,7,24,,2025-11-11T16:20:50Z,2017,2017-01-01,2017-12-31
1617737,TB_e_inc_tbhiv_num,COUNTRY,MHL,WPR,Western Pacific,YEAR,2013,,,,,,,,,2 [0-9],2,0,9,,2025-11-11T16:20:50Z,2013,2013-01-01,2013-12-31
1621173,TB_e_inc_tbhiv_num,COUNTRY,RUS,EUR,Europe,YEAR,2020,,,,,,,,,17 000 [10 000-26 000],17000,10000,26000,,2025-11-11T16:20:50Z,2020,2020-01-01,2020-12-31
1622726,TB_e_inc_tbhiv_num,COUNTRY,GNQ,AFR,Africa,YEAR,2019,,,,,,,,,1200 [510-2100],1200,510,2100,,2025-11-11T16:20:50Z,2019,2019-01-01,2019-12-31
1624623,TB_e_inc_tbhiv_num,COUNTRY,NLD,EUR,Europe,YEAR,2016,,,,,,,,,34 [22-49],34,22,49,,2025-11-11T16:20:50Z,2016,2016-01-01,2016-12-31
1629193,TB_e_inc_tbhiv_num,COUNTRY,FRA,EUR,Europe,YEAR,2003,,,,,,,,,940 [390-1700],940,390,1700,,2025-11-11T16:20:50Z,2003,2003-01-01,2003-12-31
1631002,TB_e_inc_tbhiv_num,COUNTRY,KEN,AFR,Africa,YEAR,2018,,,,,,,,,40 000 [22 000-62 000],40000,22000,62000,,2025-11-11T16:20:50Z,2018,2018-01-01,2018-12-31
1632391,TB_e_inc_tbhiv_num,COUNTRY,BWA,AFR,Africa,YEAR,2024,,,,,,,,,1600 [1100-2100],1600,1100,2100,,2025-11-11T16:20:50Z,2024,2024-01-01,2024-12-31
1633642,TB_e_inc_tbhiv_num,COUNTRY,FJI,WPR,Western Pacific,YEAR,2009,,,,,,,,,1 [0-1],1,0,1,,2025-11-11T16:20:50Z,2009,2009-01-01,2009-12-31
1635491,TB_e_inc_tbhiv_num,COUNTRY,LAO,WPR,Western Pacific,YEAR,2020,,,,,,,,,610 [370-910],610,370,910,,2025-11-11T16:20:50Z,2020,2020-01-01,2020-12-31
1637188,TB_e_inc_tbhiv_num,COUNTRY,PSE,EMR,Eastern Mediterranean,YEAR,2000,,,,,,,,,0 [0-0],0,0,0,,2025-11-11T16:20:50Z,2000,2000-01-01,2000-12-31
1645678,TB_e_inc_tbhiv_num,COUNTRY,BEN,AFR,Africa,YEAR,2002,,,,,,,,,1300 [470-2500],1300,470,2500,,2025-11-11T16:20:50Z,2002,2002-01-01,2002-12-31
1646211,TB_e_inc_tbhiv_num,COUNTRY,BGR,EUR,Europe,YEAR,2010,,,,,,,,,4 [0-13],4,0,13,,2025-11-11T16:20:50Z,2010,2010-01-01,2010-12-31
1647325,TB_e_inc_tbhiv_num,COUNTRY,AUS,WPR,Western Pacific,YEAR,2009,,,,,,,,,49 [18-97],49,18,97,,2025-11-11T16:20:50Z,2009,2009-01-01,2009-12-31
1647630,TB_e_inc_tbhiv_num,COUNTRY,JOR,EMR,Eastern Mediterranean,YEAR,2024,,,,,,,,,2 [0-8],2,0,8,,2025-11-11T16:20:50Z,2024,2024-01-01,2024-12-31
1651170,TB_e_inc_tbhiv_num,COUNTRY,NOR,EUR,Europe,YEAR,2015,,,,,,,,,7 [3-14],7,3,14,,2025-11-11T16:20:50Z,2015,2015-01-01,2015-12-31
1652552,TB_e_inc_tbhiv_num,COUNTRY,VNM,WPR,Western Pacific,YEAR,2023,,,,,,,,,4700 [2800-7100],4700,2800,7100,,2025-11-11T16:20:50Z,2023,2023-01-01,2023-12-31
1655700,TB_e_inc_tbhiv_num,COUNTRY,TCD,AFR,Africa,YEAR,2015,,,,,,,,,5100 [3700-6700],5100,3700,6700,,2025-11-11T16:20:50Z,2015,2015-01-01,2015-12-31
1658985,TB_e_inc_tbhiv_num,COUNTRY,QAT,EMR,Eastern Mediterranean,YEAR,2016,,,,,,,,,1 [0-1],1,0,1,,2025-11-11T16:20:50Z,2016,2016-01-01,2016-12-31
1659388,TB_e_inc_tbhiv_num,COUNTRY,DEU,EUR,Europe,YEAR,2002,,,,,,,,,500 [280-790],500,280,790,,2025-11-11T16:20:50Z,2002,2002-01-01,2002-12-31
1660056,TB_e_inc_tbhiv_num,COUNTRY,KGZ,EUR,Europe,YEAR,2019,,,,,,,,,200 [150-260],200,150,260,,2025-11-11T16:20:50Z,2019,2019-01-01,2019-12-31
1664286,TB_e_inc_tbhiv_num,COUNTRY,ERI,AFR,Africa,YEAR,2011,,,,,,,,,1400 [1000-1800],1400,1000,1800,,2025-11-11T16:20:50Z,2011,2011-01-01,2011-12-31
1671078,TB_e_inc_tbhiv_num,REGION,AMR,,,YEAR,2019,,,,,,,,,31 000 [28 000-35 000],31000,28000,35000,,2025-11-11T16:20:50Z,2019,2019-01-01,2019-12-31
1672093,TB_e_inc_tbhiv_num,COUNTRY,ARG,AMR,Americas,YEAR,2006,,,,,,,,,880 [490-1400],880,490,1400,,2025-11-11T16:20:50Z,2006,2006-01-01,2006-12-31
1673436,TB_e_inc_tbhiv_num,COUNTRY,SDN,EMR,Eastern Mediterranean,YEAR,2000,,,,,,,,,2000 [150-6400],2000,150,6400,,2025-11-11T16:20:50Z,2000,2000-01-01,2000-12-31
1676951,TB_e_inc_tbhiv_num,COUNTRY,SDN,EMR,Eastern Mediterranean,YEAR,2024,,,,,,,,,520 [160-1100],520,160,1100,,2025-11-11T16:20:50Z,2024,2024-01-01,2024-12-31
1678836,TB_e_inc_tbhiv_num,COUNTRY,LKA,SEAR,South-East Asia,YEAR,2018,,,,,,,,,54 [24-96],54,24,96,,2025-11-11T16:20:50Z,2018,2018-01-01,2018-12-31
1682192,TB_e_inc_tbhiv_num,COUNTRY,CPV,AFR,Africa,YEAR,2015,,,,,,,,,46 [30-66],46,30,66,,2025-11-11T16:20:50Z,2015,2015-01-01,2015-12-31
1684165,TB_e_inc_tbhiv_num,COUNTRY,NLD,EUR,Europe,YEAR,2003,,,,,,,,,100 [39-190],100,39,190,,2025-11-11T16:20:50Z,2003,2003-01-01,2003-12-31
1684236,TB_e_inc_tbhiv_num,COUNTRY,MAC,,,YEAR,2010,,,,,,,,,5 [1-15],5,1,15,,2025-11-11T16:20:50Z,2010,2010-01-01,2010-12-31
1692552,TB_e_inc_tbhiv_num,COUNTRY,ROU,EUR,Europe,YEAR,2017,,,,,,,,,340 [250-440],340,250,440,,2025-11-11T16:20:50Z,2017,2017-01-01,2017-12-31
1693595,TB_e_inc_tbhiv_num,COUNTRY,PER,AMR,Americas,YEAR,2013,,,,,,,,,2500 [1900-3200],2500,1900,3200,,2025-11-11T16:20:50Z,2013,2013-01-01,2013-12-31
1697148,TB_e_inc_tbhiv_num,COUNTRY,CIV,AFR,Africa,YEAR,2001,,,,,,,,,19 000 [13 000-28 000],19000,13000,28000,,2025-11-11T16:20:50Z,2001,2001-01-01,2001-12-31
1697837,TB_e_inc_tbhiv_num,COUNTRY,AUS,WPR,Western Pacific,YEAR,2013,,,,,,,,,38 [24-54],38,24,54,,2025-11-11T16:20:50Z,2013,2013-01-01,2013-12-31
1702694,TB_e_inc_tbhiv_num,WORLDBANKINCOMEGROUP,WB_LI,,,YEAR,2004,,,,,,,,,230 000 [148 000-330 000],230000,148000,330000,,2025-11-11T16:20:50Z,2004,2004-01-01,2004-12-31
1704239,TB_e_inc_tbhiv_num,COUNTRY,GMB,AFR,Africa,YEAR,2023,,,,,,,,,480 [320-680],480,320,680,,2025-11-11T16:20:50Z,2023,2023-01-01,2023-12-31
1710105,TB_e_inc_tbhiv_num,COUNTRY,FRA,EUR,Europe,YEAR,2002,,,,,,,,,970 [400-1800],970,400,1800,,2025-11-11T16:20:50Z,2002,2002-01-01,2002-12-31
1715020,TB_e_inc_tbhiv_num,COUNTRY,NLD,EUR,Europe,YEAR,2007,,,,,,,,,43 [16-83],43,16,83,,2025-11-11T16:20:50Z,2007,2007-01-01,2007-12-31
1716582,TB_e_inc_tbhiv_num,COUNTRY,CZE,EUR,Europe,YEAR,2022,,,,,,,,,9 [3-18],9,3,18,,2025-11-11T16:20:50Z,2022,2022-01-01,2022-12-31
1717157,TB_e_inc_tbhiv_num,COUNTRY,HND,AMR,Americas,YEAR,2014,,,,,,,,,460 [340-600],460,340,600,,2025-11-11T16:20:50Z,2014,2014-01-01,2014-12-31
1718100,TB_e_inc_tbhiv_num,COUNTRY,GUY,AMR,Americas,YEAR,2011,,,,,,,,,250 [190-330],250,190,330,,2025-11-11T16:20:50Z,2011,2011-01-01,2011-12-31
1720244,TB_e_inc_tbhiv_num,COUNTRY,PSE,EMR,Eastern Mediterranean,YEAR,2015,,,,,,,,,0 [0-0],0,0,0,,2025-11-11T16:20:50Z,2015,2015-01-01,2015-12-31
1720336,TB_e_inc_tbhiv_num,REGION,SEAR,,,YEAR,2006,,,,,,,,,330 000 [88 000-728 000],330000,88000,728000,,2025-11-11T16:20:50Z,2006,2006-01-01,2006-12-31
1722792,TB_e_inc_tbhiv_num,COUNTRY,SUR,AMR,Americas,YEAR,2000,,,,,,,,,52 [22-95],52,22,95,,2025-11-11T16:20:50Z,2000,2000-01-01,2000-12-31
1725965,TB_e_inc_tbhiv_num,COUNTRY,CZE,EUR,Europe,YEAR,2011,,,,,,,,,5 [3-8],5,3,8,,2025-11-11T16:20:50Z,2011,2011-01-01,2011-12-31
1726577,TB_e_inc_tbhiv_num,WORLDBANKINCOMEGROUP,WB_LI,,,YEAR,2022,,,,,,,,,128 000 [100 000-160 000],128000,100000,160000,,2025-11-11T16:20:50Z,2022,2022-01-01,2022-12-31
1729809,TB_e_inc_tbhiv_num,COUNTRY,YEM,EMR,Eastern Mediterranean,YEAR,2011,,,,,,,,,88 [48-140],88,48,140,,2025-11-11T16:20:50Z,2011,2011-01-01,2011-12-31
1734100,TB_e_inc_tbhiv_num,COUNTRY,KEN,AFR,Africa,YEAR,2016,,,,,,,,,53 000 [26 000-89 000],53000,26000,89000,,2025-11-11T16:20:50Z,2016,2016-01-01,2016-12-31
1735560,TB_e_inc_tbhiv_num,COUNTRY,MMR,SEAR,South-East Asia,YEAR,2024,,,,,,,,,16 000 [9200-25 000],16000,9200,25000,,2025-11-11T16:20:50Z,2024,2024-01-01,2024-12-31
1739521,TB_e_inc_tbhiv_num,COUNTRY,YEM,EMR,Eastern Mediterranean,YEAR,2008,,,,,,,,,73 [40-120],73,40,120,,2025-11-11T16:20:50Z,2008,2008-01-01,2008-12-31
1749860,TB_e_inc_tbhiv_num,COUNTRY,HKG,,,YEAR,2018,,,,,,,,,44 [24-70],44,24,70,,2025-11-11T16:20:50Z,2018,2018-01-01,2018-12-31
1754753,TB_e_inc_tbhiv_num,COUNTRY,VNM,WPR,Western Pacific,YEAR,2002,,,,,,,,,12 000 [2300-30 000],12000,2300,30000,,2025-11-11T16:20:50Z,2002,2002-01-01,2002-12-31
1757948,TB_e_inc_tbhiv_num,COUNTRY,MOZ,AFR,Africa,YEAR,2021,,,,,,,,,28 000 [16 000-44 000],28000,16000,44000,,2025-11-11T16:20:50Z,2021,2021-01-01,2021-12-31
1760095,TB_e_inc_tbhiv_num,COUNTRY,NPL,SEAR,South-East Asia,YEAR,2002,,,,,,,,,2800 [800-6000],2800,800,6000,,2025-11-11T16:20:50Z,2002,2002-01-01,2002-12-31
1763601,TB_e_inc_tbhiv_num,COUNTRY,UGA,AFR,Africa,YEAR,2008,,,,,,,,,39 000 [24 000-59 000],39000,24000,59000,,2025-11-11T16:20:50Z,2008,2008-01-01,2008-12-31
1764433,TB_e_inc_tbhiv_num,COUNTRY,LBR,AFR,Africa,YEAR,2015,,,,,,,,,1700 [1400-2200],1700,1400,2200,,2025-11-11T16:20:50Z,2015,2015-01-01,2015-12-31
1764805,TB_e_inc_tbhiv_num,COUNTRY,GIN,AFR,Africa,YEAR,2017,,,,,,,,,5500 [4200-7100],5500,4200,7100,,2025-11-11T16:20:50Z,2017,2017-01-01,2017-12-31
1765532,TB_e_inc_tbhiv_num,COUNTRY,GEO,EUR,Europe,YEAR,2024,,,,,,,,,49 [32-71],49,32,71,,2025-11-11T16:20:50Z,2024,2024-01-01,2024-12-31
1767211,TB_e_inc_tbhiv_num,COUNTRY,KGZ,EUR,Europe,YEAR,2007,,,,,,,,,160 [58-320],160,58,320,,2025-11-11T16:20:50Z,2007,2007-01-01,2007-12-31
1770337,TB_e_inc_tbhiv_num,COUNTRY,MDV,SEAR,South-East Asia,YEAR,2022,,,,,,,,,0 [0-0],0,0,0,,2025-11-11T16:20:50Z,2022,2022-01-01,2022-12-31
1775662,TB_e_inc_tbhiv_num,COUNTRY,MAR,EMR,Eastern Mediterranean,YEAR,2012,,,,,,,,,210 [150-270],210,150,270,,2025-11-11T16:20:50Z,2012,2012-01-01,2012-12-31
1777088,TB_e_inc_tbhiv_num,COUNTRY,UGA,AFR,Africa,YEAR,2002,,,,,,,,,36 000 [18 000-61 000],36000,18000,61000,,2025-11-11T16:20:50Z,2002,2002-01-01,2002-12-31
1778170,TB_e_inc_tbhiv_num,COUNTRY,SWZ,AFR,Africa,YEAR,2012,,,,,,,,,9300 [1400-25 000],9300,1400,25000,,2025-11-11T16:20:50Z,2012,2012-01-01,2012-12-31
1786792,TB_e_inc_tbhiv_num,COUNTRY,ITA,EUR,Europe,YEAR,2004,,,,,,,,,580 [330-890],580,330,890,,2025-11-11T16:20:50Z,2004,2004-01-01,2004-12-31
1789798,TB_e_inc_tbhiv_num,COUNTRY,ZMB,AFR,Africa,YEAR,2022,,,,,,,,,19 000 [11 000-29 000],19000,11000,29000,,2025-11-11T16:20:50Z,2022,2022-01-01,2022-12-31
1794766,TB_e_inc_tbhiv_num,COUNTRY,VNM,WPR,Western Pacific,YEAR,2004,,,,,,,,,12 000 [2500-28 000],12000,2500,28000,,2025-11-11T16:20:50Z,2004,2004-01-01,2004-12-31
1795270,TB_e_inc_tbhiv_num,COUNTRY,JOR,EMR,Eastern Mediterranean,YEAR,2009,,,,,,,,,0 [0-0],0,0,0,,2025-11-11T16:20:50Z,2009,2009-01-01,2009-12-31
1795309,TB_e_inc_tbhiv_num,COUNTRY,PRT,EUR,Europe,YEAR,2003,,,,,,,,,1100 [510-2000],1100,510,2000,,2025-11-11T16:20:50Z,2003,2003-01-01,2003-12-31
1799090,TB_e_inc_tbhiv_num,COUNTRY,AUS,WPR,Western Pacific,YEAR,2000,,,,,,,,,120 [44-220],120,44,220,,2025-11-11T16:20:50Z,2000,2000-01-01,2000-12-31
1799678,TB_e_inc_tbhiv_num,COUNTRY,JAM,AMR,Americas,YEAR,2014,,,,,,,,,30 [18-44],30,18,44,,2025-11-11T16:20:50Z,2014,2014-01-01,2014-12-31
1799906,TB_e_inc_tbhiv_num,COUNTRY,MNE,EUR,Europe,YEAR,2022,,,,,,,,,3 [0-10],3,0,10,,2025-11-11T16:20:50Z,2022,2022-01-01,2022-12-31
1803939,TB_e_inc_tbhiv_num,COUNTRY,HUN,EUR,Europe,YEAR,2010,,,,,,,,,18 [10-30],18,10,30,,2025-11-11T16:20:50Z,2010,2010-01-01,2010-12-31
1805465,TB_e_inc_tbhiv_num,COUNTRY,ZAF,AFR,Africa,YEAR,2012,,,,,,,,,400 000 [181 000-702 000],400000,181000,702000,,2025-11-11T16:20:50Z,2012,2012-01-01,2012-12-31
1808894,TB_e_inc_tbhiv_num,COUNTRY,DJI,EMR,Eastern Mediterranean,YEAR,2006,,,,,,,,,3800 [1800-6500],3800,1800,6500,,2025-11-11T16:20:50Z,2006,2006-01-01,2006-12-31
1810427,TB_e_inc_tbhiv_num,COUNTRY,BIH,EUR,Europe,YEAR,2019,,,,,,,,,2 [1-3],2,1,3,,2025-11-11T16:20:50Z,2019,2019-01-01,2019-12-31
1812190,TB_e_inc_tbhiv_num,COUNTRY,UKR,EUR,Europe,YEAR,2011,,,,,,,,,8000 [6000-10 000],8000,6000,10000,,2025-11-11T16:20:50Z,2011,2011-01-01,2011-12-31
1813101,TB_e_inc_tbhiv_num,COUNTRY,TUR,EUR,Europe,YEAR,2001,,,,,,,,,24 [8-48],24,8,48,,2025-11-11T16:20:50Z,2001,2001-01-01,2001-12-31
1819203,TB_e_inc_tbhiv_num,COUNTRY,COM,AFR,Africa,YEAR,2000,,,,,,,,,1 [0-4],1,0,4,,2025-11-11T16:20:50Z,2000,2000-01-01,2000-12-31
1820170,TB_e_inc_tbhiv_num,COUNTRY,MWI,AFR,Africa,YEAR,2021,,,,,,,,,12 000 [5800-20 000],12000,5800,20000,,2025-11-11T16:20:50Z,2021,2021-01-01,2021-12-31
1822159,TB_e_inc_tbhiv_num,COUNTRY,PRT,EUR,Europe,YEAR,2024,,,,,,,,,170 [130-220],170,130,220,,2025-11-11T16:20:50Z,2024,2024-01-01,2024-12-31
1825246,TB_e_inc_tbhiv_num,COUNTRY,HUN,EUR,Europe,YEAR,2022,,,,,,,,,6 [3-10],6,3,10,,2025-11-11T16:20:50Z,2022,2022-01-01,2022-12-31
1827724,TB_e_inc_tbhiv_num,COUNTRY,BEL,EUR,Europe,YEAR,2022,,,,,,,,,34 [12-66],34,12,66,,2025-11-11T16:20:50Z,2022,2022-01-01,2022-12-31
1828206,TB_e_inc_tbhiv_num,COUNTRY,CUB,AMR,Americas,YEAR,2005,,,,,,,,,0 [0-0],0,0,0,,2025-11-11T16:20:50Z,2005,2005-01-01,2005-12-31
1831724,TB_e_inc_tbhiv_num,COUNTRY,LTU,EUR,Europe,YEAR,2018,,,,,,,,,48 [31-69],48,31,69,,2025-11-11T16:20:50Z,2018,2018-01-01,2018-12-31
1833449,TB_e_inc_tbhiv_num,COUNTRY,USA,AMR,Americas,YEAR,2012,,,,,,,,,890 [660-1100],890,660,1100,,2025-11-11T16:20:50Z,2012,2012-01-01,2012-12-31
1836289,TB_e_inc_tbhiv_num,COUNTRY,CHE,EUR,Europe,YEAR,2011,,,,,,,,,40 [22-63],40,22,63,,2025-11-11T16:20:50Z,2011,2011-01-01,2011-12-31
1837135,TB_e_inc_tbhiv_num,COUNTRY,CPV,AFR,Africa,YEAR,2009,,,,,,,,,61 [23-120],61,23,120,,2025-11-11T16:20:50Z,2009,2009-01-01,2009-12-31
1838440,TB_e_inc_tbhiv_num,COUNTRY,SAU,EMR,Eastern Mediterranean,YEAR,2016,,,,,,,,,76 [57-97],76,57,97,,2025-11-11T16:20:50Z,2016,2016-01-01,2016-12-31
1840623,TB_e_inc_tbhiv_num,COUNTRY,GUY,AMR,Americas,YEAR,2007,,,,,,,,,340 [250-430],340,250,430,,2025-11-11T16:20:50Z,2007,2007-01-01,2007-12-31
1844183,TB_e_inc_tbhiv_num,COUNTRY,ERI,AFR,Africa,YEAR,2010,,,,,,,,,1000 [400-2000],1000,400,2000,,2025-11-11T16:20:50Z,2010,2010-01-01,2010-12-31
1844257,TB_e_inc_tbhiv_num,COUNTRY,SGP,WPR,Western Pacific,YEAR,2012,,,,,,,,,67 [46-91],67,46,91,,2025-11-11T16:20:50Z,2012,2012-01-01,2012-12-31
1844532,TB_e_inc_tbhiv_num,COUNTRY,AGO,AFR,Africa,YEAR,2000,,,,,,,,,9000 [3900-16 000],9000,3900,16000,,2025-11-11T16:20:50Z,2000,2000-01-01,2000-12-31
1844985,TB_e_inc_tbhiv_num,COUNTRY,BFA,AFR,Africa,YEAR,2016,,,,,,,,,1300 [550-2200],1300,550,2200,,2025-11-11T16:20:50Z,2016,2016-01-01,2016-12-31
1852907,TB_e_inc_tbhiv_num,COUNTRY,FRA,EUR,Europe,YEAR,2014,,,,,,,,,320 [260-390],320,260,390,,2025-11-11T16:20:50Z,2014,2014-01-01,2014-12-31
1857559,TB_e_inc_tbhiv_num,WORLDBANKINCOMEGROUP,WB_LI,,,YEAR,2007,,,,,,,,,188 000 [131 000-254 000],188000,131000,254000,,2025-11-11T16:20:50Z,2007,2007-01-01,2007-12-31
1857603,TB_e_inc_tbhiv_num,COUNTRY,JAM,AMR,Americas,YEAR,2018,,,,,,,,,17 [9-28],17,9,28,,2025-11-11T16:20:50Z,2018,2018-01-01,2018-12-31
1860977,TB_e_inc_tbhiv_num,COUNTRY,CHE,EUR,Europe,YEAR,2001,,,,,,,,,120 [73-190],120,73,190,,2025-11-11T16:20:50Z,2001,2001-01-01,2001-12-31
1865861,TB_e_inc_tbhiv_num,COUNTRY,SLE,AFR,Africa,YEAR,2007,,,,,,,,,3300 [1400-5900],3300,1400,5900,,2025-11-11T16:20:50Z,2007,2007-01-01,2007-12-31
1866554,TB_e_inc_tbhiv_num,COUNTRY,BLR,EUR,Europe,YEAR,2020,,,,,,,,,220 [160-280],220,160,280,,2025-11-11T16:20:50Z,2020,2020-01-01,2020-12-31
1870363,TB_e_inc_tbhiv_num,COUNTRY,CHN,WPR,Western Pacific,YEAR,2012,,,,,,,,,20 000 [6200-41 000],20000,6200,41000,,2025-11-11T16:20:50Z,2012,2012-01-01,2012-12-31
1872812,TB_e_inc_tbhiv_num,COUNTRY,SRB,EUR,Europe,YEAR,2023,,,,,,,,,4 [2-7],4,2,7,,2025-11-11T16:20:50Z,2023,2023-01-01,2023-12-31
1876437,TB_e_inc_tbhiv_num,COUNTRY,CRI,AMR,Americas,YEAR,2015,,,,,,,,,41 [26-60],41,26,60,,2025-11-11T16:20:50Z,2015,2015-01-01,2015-12-31
1877917,TB_e_inc_tbhiv_num,COUNTRY,FSM,WPR,Western Pacific,YEAR,2004,,,,,,,,,0 [0-0],0,0,0,,2025-11-11T16:20:50Z,2004,2004-01-01,2004-12-31
1882861,TB_e_inc_tbhiv_num,COUNTRY,VEN,AMR,Americas,YEAR,2009,,,,,,,,,1000 [760-1300],1000,760,1300,,2025-11-11T16:20:50Z,2009,2009-01-01,2009-12-31
1883179,TB_e_inc_tbhiv_num,WORLDBANKINCOMEGROUP,WB_LMI,,,YEAR,2016,,,,,,,,,472 000 [403 000-546 000],472000,403000,546000,,2025-11-11T16:20:50Z,2016,2016-01-01,2016-12-31
1885209,TB_e_inc_tbhiv_num,COUNTRY,ZAF,AFR,Africa,YEAR,2001,,,,,,,,,301 000 [139 000-524 000],301000,139000,524000,,2025-11-11T16:20:50Z,2001,2001-01-01,2001-12-31
1886106,TB_e_inc_tbhiv_num,COUNTRY,LUX,EUR,Europe,YEAR,2023,,,,,,,,,4 [1-9],4,1,9,,2025-11-11T16:20:50Z,2023,2023-01-01,2023-12-31
1889355,TB_e_inc_tbhiv_num,COUNTRY,TTO,AMR,Americas,YEAR,2022,,,,,,,,,40 [26-58],40,26,58,,2025-11-11T16:20:50Z,2022,2022-01-01,2022-12-31
1892127,TB_e_inc_tbhiv_num,REGION,SEAR,,,YEAR,2001,,,,,,,,,479 000 [126 000-1 060 000],479000,126000,1060000,,2025-11-11T16:20:50Z,2001,2001-01-01,2001-12-31
1894290,TB_e_inc_tbhiv_num,COUNTRY,TGO,AFR,Africa,YEAR,2011,,,,,,,,,1500 [900-2200],1500,900,2200,,2025-11-11T16:20:50Z,2011,2011-01-01,2011-12-31
1896345,TB_e_inc_tbhiv_num,COUNTRY,CAN,AMR,Americas,YEAR,2018,,,,,,,,,69 [49-93],69,49,93,,2025-11-11T16:20:50Z,2018,2018-01-01,2018-12-31
1896613,TB_e_inc_tbhiv_num,COUNTRY,YEM,EMR,Eastern Mediterranean,YEAR,2023,,,,,,,,,110 [59-170],110,59,170,,2025-11-11T16:20:50Z,2023,2023-01-01,2023-12-31
1897762,TB_e_inc_tbhiv_num,COUNTRY,TZA,AFR,Africa,YEAR,2004,,,,,,,,,92 000 [17 000-228 000],92000,17000,228000,,2025-11-11T16:20:50Z,2004,2004-01-01,2004-12-31
1903284,TB_e_inc_tbhiv_num,COUNTRY,PER,AMR,Americas,YEAR,2008,,,,,,,,,3100 [1200-6100],3100,1200,6100,,2025-11-11T16:20:50Z,2008,2008-01-01,2008-12-31
1905803,TB_e_inc_tbhiv_num,COUNTRY,KWT,EMR,Eastern Mediterranean,YEAR,2022,,,,,,,,,5 [1-13],5,1,13,,2025-11-11T16:20:50Z,2022,2022-01-01,2022-12-31
1907744,TB_e_inc_tbhiv_num,COUNTRY,LBY,EMR,Eastern Mediterranean,YEAR,2005,,,,,,,,,66 [19-140],66,19,140,,2025-11-11T16:20:50Z,2005,2005-01-01,2005-12-31
1909696,TB_e_inc_tbhiv_num,COUNTRY,BLZ,AMR,Americas,YEAR,2006,,,,,,,,,19 [9-33],19,9,33,,2025-11-11T16:20:50Z,2006,2006-01-01,2006-12-31
1913364,TB_e_inc_tbhiv_num,COUNTRY,CUB,AMR,Americas,YEAR,2018,,,,,,,,,94 [68-120],94,68,120,,2025-11-11T16:20:50Z,2018,2018-01-01,2018-12-31
1915220,TB_e_inc_tbhiv_num,COUNTRY,ZWE,AFR,Africa,YEAR,2021,,,,,,,,,19 000 [13 000-25 000],19000,13000,25000,,2025-11-11T16:20:50Z,2021,2021-01-01,2021-12-31
1916651,TB_e_inc_tbhiv_num,COUNTRY,CAF,AFR,Africa,YEAR,2015,,,,,,,,,8200 [2800-16 000],8200,2800,16000,,2025-11-11T16:20:50Z,2015,2015-01-01,2015-12-31
1917476,TB_e_inc_tbhiv_num,COUNTRY,PRI,AMR,Americas,YEAR,2004,,,,,,,,,73 [52-99],73,52,99,,2025-11-11T16:20:50Z,2004,2004-01-01,2004-12-31
1920481,TB_e_inc_tbhiv_num,COUNTRY,GIN,AFR,Africa,YEAR,2009,,,,,,,,,4500 [3400-5700],4500,3400,5700,,2025-11-11T16:20:50Z,2009,2009-01-01,2009-12-31
1920948,TB_e_inc_tbhiv_num,COUNTRY,THA,SEAR,South-East Asia,YEAR,2001,,,,,,,,,49 000 [11 000-114 000],49000,11000,114000,,2025-11-11T16:20:50Z,2001,2001-01-01,2001-12-31
1921585,TB_e_inc_tbhiv_num,COUNTRY,VEN,AMR,Americas,YEAR,2019,,,,,,,,,1100 [420-2100],1100,420,2100,,2025-11-11T16:20:50Z,2019,2019-01-01,2019-12-31
1922851,TB_e_inc_tbhiv_num,COUNTRY,IRN,EMR,Eastern Mediterranean,YEAR,2011,,,,,,,,,620 [200-1300],620,200,1300,,2025-11-11T16:20:50Z,2011,2011-01-01,2011-12-31
1931818,TB_e_inc_tbhiv_num,COUNTRY,SDN,EMR,Eastern Mediterranean,YEAR,2008,,,,,,,,,1500 [230-3900],1500,230,3900,,2025-11-11T16:20:50Z,2008,2008-01-01,2008-12-31
1936121,TB_e_inc_tbhiv_num,COUNTRY,BDI,AFR,Africa,YEAR,2012,,,,,,,,,2700 [1900-3600],2700,1900,3600,,2025-11-11T16:20:50Z,2012,2012-01-01,2012-12-31
1949614,TB_e_inc_tbhiv_num,COUNTRY,KWT,EMR,Eastern Mediterranean,YEAR,2003,,,,,,,,,5 [1-13],5,1,13,,2025-11-11T16:20:50Z,2003,2003-01-01,2003-12-31
1949722,TB_e_inc_tbhiv_num,COUNTRY,ITA,EUR,Europe,YEAR,2018,,,,,,,,,230 [130-370],230,130,370,,2025-11-11T16:20:50Z,2018,2018-01-01,2018-12-31
1950558,TB_e_inc_tbhiv_num,COUNTRY,TJK,EUR,Europe,YEAR,2021,,,,,,,,,220 [160-290],220,160,290,,2025-11-11T16:20:50Z,2021,2021-01-01,2021-12-31
1951151,TB_e_inc_tbhiv_num,COUNTRY,MRT,AFR,Africa,YEAR,2022,,,,,,,,,63 [32-100],63,32,100,,2025-11-11T16:20:50Z,2022,2022-01-01,2022-12-31
1952918,TB_e_inc_tbhiv_num,COUNTRY,ARM,EUR,Europe,YEAR,2009,,,,,,,,,120 [42-230],120,42,230,,2025-11-11T16:20:50Z,2009,2009-01-01,2009-12-31
1952926,TB_e_inc_tbhiv_num,COUNTRY,RUS,EUR,Europe,YEAR,2003,,,,,,,,,3400 [770-8000],3400,770,8000,,2025-11-11T16:20:50Z,2003,2003-01-01,2003-12-31
1953368,TB_e_inc_tbhiv_num,COUNTRY,MUS,AFR,Africa,YEAR,2005,,,,,,,,,5 [0-15],5,0,15,,2025-11-11T16:20:50Z,2005,2005-01-01,2005-12-31
1953587,TB_e_inc_tbhiv_num,COUNTRY,BTN,SEAR,South-East Asia,YEAR,2011,,,,,,,,,150 [24-380],150,24,380,,2025-11-11T16:20:50Z,2011,2011-01-01,2011-12-31
1953828,TB_e_inc_tbhiv_num,COUNTRY,SLV,AMR,Americas,YEAR,2008,,,,,,,,,300 [220-390],300,220,390,,2025-11-11T16:20:50Z,2008,2008-01-01,2008-12-31
1953872,TB_e_inc_tbhiv_num,COUNTRY,IRN,EMR,Eastern Mediterranean,YEAR,2012,,,,,,,,,560 [180-1200],560,180,1200,,2025-11-11T16:20:50Z,2012,2012-01-01,2012-12-31
1957424,TB_e_inc_tbhiv_num,COUNTRY,FRA,EUR,Europe,YEAR,2006,,,,,,,,,530 [210-1000],530,210,1000,,2025-11-11T16:20:50Z,2006,2006-01-01,2006-12-31
1964859,TB_e_inc_tbhiv_num,COUNTRY,OMN,EMR,Eastern Mediterranean,YEAR,2020,,,,,,,,,12 [5-23],12,5,23,,2025-11-11T16:20:50Z,2020,2020-01-01,2020-12-31
1970401,TB_e_inc_tbhiv_num,COUNTRY,BDI,AFR,Africa,YEAR,2005,,,,,,,,,4200 [2000-7200],4200,2000,7200,,2025-11-11T16:20:50Z,2005,2005-01-01,2005-12-31
1970402,TB_e_inc_tbhiv_num,COUNTRY,SOM,EMR,Eastern Mediterranean,YEAR,2015,,,,,,,,,440 [330-560],440,330,560,,2025-11-11T16:20:50Z,2015,2015-01-01,2015-12-31
1971689,TB_e_inc_tbhiv_num,COUNTRY,JPN,WPR,Western Pacific,YEAR,2000,,,,,,,,,680 [230-1300],680,230,1300,,2025-11-11T16:20:50Z,2000,2000-01-01,2000-12-31
1973115,TB_e_inc_tbhiv_num,COUNTRY,AUT,EUR,Europe,YEAR,2018,,,,,,,,,12 [7-20],12,7,20,,2025-11-11T16:20:50Z,2018,2018-01-01,2018-12-31
1974275,TB_e_inc_tbhiv_num,COUNTRY,AUS,WPR,Western Pacific,YEAR,2007,,,,,,,,,46 [17-91],46,17,91,,2025-11-11T16:20:50Z,2007,2007-01-01,2007-12-31
1975109,TB_e_inc_tbhiv_num,COUNTRY,NIC,AMR,Americas,YEAR,2017,,,,,,,,,160 [110-200],160,110,200,,2025-11-11T16:20:50Z,2017,2017-01-01,2017-12-31
1975652,TB_e_inc_tbhiv_num,COUNTRY,CZE,EUR,Europe,YEAR,2010,,,,,,,,,5 [3-9],5,3,9,,2025-11-11T16:20:50Z,2010,2010-01-01,2010-12-31
1977294,TB_e_inc_tbhiv_num,COUNTRY,MAR,EMR,Eastern Mediterranean,YEAR,2010,,,,,,,,,540 [310-840],540,310,840,,2025-11-11T16:20:50Z,2010,2010-01-01,2010-12-31
1978852,TB_e_inc_tbhiv_num,COUNTRY,GIN,AFR,Africa,YEAR,2006,,,,,,,,,3500 [1600-6200],3500,1600,6200,,2025-11-11T16:20:50Z,2006,2006-01-01,2006-12-31
1978912,TB_e_inc_tbhiv_num,COUNTRY,COM,AFR,Africa,YEAR,2014,,,,,,,,,1 [0-4],1,0,4,,2025-11-11T16:20:50Z,2014,2014-01-01,2014-12-31
1978972,TB_e_inc_tbhiv_num,COUNTRY,MEX,AMR,Americas,YEAR,2021,,,,,,,,,4400 [3200-5700],4400,3200,5700,,2025-11-11T16:20:50Z,2021,2021-01-01,2021-12-31
1983491,TB_e_inc_tbhiv_num,COUNTRY,MDA,EUR,Europe,YEAR,2015,,,,,,,,,320 [240-410],320,240,410,,2025-11-11T16:20:50Z,2015,2015-01-01,2015-12-31
1984300,TB_e_inc_tbhiv_num,COUNTRY,SAU,EMR,Eastern Mediterranean,YEAR,2018,,,,,,,,,46 [33-63],46,33,63,,2025-11-11T16:20:50Z,2018,2018-01-01,2018-12-31
1988622,TB_e_inc_tbhiv_num,WORLDBANKINCOMEGROUP,WB_LI,,,YEAR,2015,,,,,,,,,191 000 [134 000-256 000],191000,134000,256000,,2025-11-11T16:20:50Z,2015,2015-01-01,2015-12-31
1993482,TB_e_inc_tbhiv_num,COUNTRY,SGP,WPR,Western Pacific,YEAR,2004,,,,,,,,,160 [60-300],160,60,300,,2025-11-11T16:20:50Z,2004,2004-01-01,2004-12-31
1997632,TB_e_inc_tbhiv_num,COUNTRY,BHR,EMR,Eastern Mediterranean,YEAR,2001,,,,,,,,,10 [3-19],10,3,19,,2025-11-11T16:20:50Z,2001,2001-01-01,2001-12-31
2000447,TB_e_inc_tbhiv_num,COUNTRY,LKA,SEAR,South-East Asia,YEAR,2016,,,,,,,,,22 [8-42],22,8,42,,2025-11-11T16:20:50Z,2016,2016-01-01,2016-12-31
2002263,TB_e_inc_tbhiv_num,COUNTRY,AZE,EUR,Europe,YEAR,2021,,,,,,,,,140 [100-190],140,100,190,,2025-11-11T16:20:50Z,2021,2021-01-01,2021-12-31
2003661,TB_e_inc_tbhiv_num,COUNTRY,KEN,AFR,Africa,YEAR,2006,,,,,,,,,124 000 [28 000-290 000],124000,28000,290000,,2025-11-11T16:20:50Z,2006,2006-01-01,2006-12-31
2005171,TB_e_inc_tbhiv_num,COUNTRY,DJI,EMR,Eastern Mediterranean,YEAR,2013,,,,,,,,,2000 [880-3700],2000,880,3700,,2025-11-11T16:20:50Z,2013,2013-01-01,2013-12-31
2006876,TB_e_inc_tbhiv_num,COUNTRY,PAN,AMR,Americas,YEAR,2013,,,,,,,,,310 [230-400],310,230,400,,2025-11-11T16:20:50Z,2013,2013-01-01,2013-12-31
2012792,TB_e_inc_tbhiv_num,COUNTRY,PRY,AMR,Americas,YEAR,2003,,,,,,,,,320 [100-650],320,100,650,,2025-11-11T16:20:50Z,2003,2003-01-01,2003-12-31
2013588,TB_e_inc_tbhiv_num,REGION,EUR,,,YEAR,2001,,,,,,,,,26 000 [17 000-38 000],26000,17000,38000,,2025-11-11T16:20:50Z,2001,2001-01-01,2001-12-31
2014296,TB_e_inc_tbhiv_num,COUNTRY,SYR,EMR,Eastern Mediterranean,YEAR,2022,,,,,,,,,5 [3-8],5,3,8,,2025-11-11T16:20:50Z,2022,2022-01-01,2022-12-31
2015429,TB_e_inc_tbhiv_num,COUNTRY,NIC,AMR,Americas,YEAR,2007,,,,,,,,,160 [53-320],160,53,320,,2025-11-11T16:20:50Z,2007,2007-01-01,2007-12-31
2016821,TB_e_inc_tbhiv_num,COUNTRY,FIN,EUR,Europe,YEAR,2017,,,,,,,,,4 [2-6],4,2,6,,2025-11-11T16:20:50Z,2017,2017-01-01,2017-12-31
2021729,TB_e_inc_tbhiv_num,COUNTRY,ARM,EUR,Europe,YEAR,2015,,,,,,,,,170 [120-220],170,120,220,,2025-11-11T16:20:50Z,2015,2015-01-01,2015-12-31
2030253,TB_e_inc_tbhiv_num,COUNTRY,BRA,AMR,Americas,YEAR,2018,,,,,,,,,10 000 [7700-14 000],10000,7700,14000,,2025-11-11T16:20:50Z,2018,2018-01-01,2018-12-31
2031120,TB_e_inc_tbhiv_num,COUNTRY,GMB,AFR,Africa,YEAR,2011,,,,,,,,,920 [400-1700],920,400,1700,,2025-11-11T16:20:50Z,2011,2011-01-01,2011-12-31
2036164,TB_e_inc_tbhiv_num,COUNTRY,BRN,WPR,Western Pacific,YEAR,2004,,,,,,,,,2 [0-9],2,0,9,,2025-11-11T16:20:50Z,2004,2004-01-01,2004-12-31
2041304,TB_e_inc_tbhiv_num,COUNTRY,NZL,WPR,Western Pacific,YEAR,2013,,,,,,,,,0 [0-0],0,0,0,,2025-11-11T16:20:50Z,2013,2013-01-01,2013-12-31
2041840,TB_e_inc_tbhiv_num,COUNTRY,TUR,EUR,Europe,YEAR,2019,,,,,,,,,170 [130-230],170,130,230,,2025-11-11T16:20:50Z,2019,2019-01-01,2019-12-31
2042769,TB_e_inc_tbhiv_num,COUNTRY,RWA,AFR,Africa,YEAR,2022,,,,,,,,,1100 [740-1600],1100,740,1600,,2025-11-11T16:20:50Z,2022,2022-01-01,2022-12-31
2043012,TB_e_inc_tbhiv_num,COUNTRY,DNK,EUR,Europe,YEAR,2002,,,,,,,,,41 [15-78],41,15,78,,2025-11-11T16:20:50Z,2002,2002-01-01,2002-12-31
2054116,TB_e_inc_tbhiv_num,COUNTRY,ALB,EUR,Europe,YEAR,2022,,,,,,,,,2 [0-7],2,0,7,,2025-11-11T16:20:50Z,2022,2022-01-01,2022-12-31
2057436,TB_e_inc_tbhiv_num,COUNTRY,KIR,WPR,Western Pacific,YEAR,2018,,,,,,,,,0 [0-0],0,0,0,,2025-11-11T16:20:50Z,2018,2018-01-01,2018-12-31
2058497,TB_e_inc_tbhiv_num,COUNTRY,GHA,AFR,Africa,YEAR,2019,,,,,,,,,9500 [4400-17 000],9500,4400,17000,,2025-11-11T16:20:50Z,2019,2019-01-01,2019-12-31
2058501,TB_e_inc_tbhiv_num,COUNTRY,BHR,EMR,Eastern Mediterranean,YEAR,2023,,,,,,,,,11 [4-21],11,4,21,,2025-11-11T16:20:50Z,2023,2023-01-01,2023-12-31
2059189,TB_e_inc_tbhiv_num,COUNTRY,LBR,AFR,Africa,YEAR,2001,,,,,,,,,1600 [800-2700],1600,800,2700,,2025-11-11T16:20:50Z,2001,2001-01-01,2001-12-31
2059227,TB_e_inc_tbhiv_num,COUNTRY,QAT,EMR,Eastern Mediterranean,YEAR,2018,,,,,,,,,1 [0-2],1,0,2,,2025-11-11T16:20:50Z,2018,2018-01-01,2018-12-31
2059233,TB_e_inc_tbhiv_num,COUNTRY,TCD,AFR,Africa,YEAR,2011,,,,,,,,,4500 [1900-8100],4500,1900,8100,,2025-11-11T16:20:50Z,2011,2011-01-01,2011-12-31
2059910,TB_e_inc_tbhiv_num,COUNTRY,ZAF,AFR,Africa,YEAR,2004,,,,,,,,,398 000 [137 000-794 000],398000,137000,794000,,2025-11-11T16:20:50Z,2004,2004-01-01,2004-12-31
2061813,TB_e_inc_tbhiv_num,COUNTRY,DNK,EUR,Europe,YEAR,2006,,,,,,,,,19 [7-38],19,7,38,,2025-11-11T16:20:50Z,2006,2006-01-01,2006-12-31
2062704,TB_e_inc_tbhiv_num,COUNTRY,MRT,AFR,Africa,YEAR,2017,,,,,,,,,180 [60-360],180,60,360,,2025-11-11T16:20:50Z,2017,2017-01-01,2017-12-31
2062896,TB_e_inc_tbhiv_num,COUNTRY,TCD,AFR,Africa,YEAR,2012,,,,,,,,,4600 [2000-8300],4600,2000,8300,,2025-11-11T16:20:50Z,2012,2012-01-01,2012-12-31
2070662,TB_e_inc_tbhiv_num,COUNTRY,ZMB,AFR,Africa,YEAR,2018,,,,,,,,,37 000 [22 000-55 000],37000,22000,55000,,2025-11-11T16:20:50Z,2018,2018-01-01,2018-12-31
2073122,TB_e_inc_tbhiv_num,COUNTRY,PER,AMR,Americas,YEAR,2022,,,,,,,,,3200 [2100-4600],3200,2100,4600,,2025-11-11T16:20:50Z,2022,2022-01-01,2022-12-31
2074917,TB_e_inc_tbhiv_num,COUNTRY,TCD,AFR,Africa,YEAR,2021,,,,,,,,,3200 [2200-4400],3200,2200,4400,,2025-11-11T16:20:50Z,2021,2021-01-01,2021-12-31
2078047,TB_e_inc_tbhiv_num,COUNTRY,LKA,SEAR,South-East Asia,YEAR,2017,,,,,,,,,49 [23-86],49,23,86,,2025-11-11T16:20:50Z,2017,2017-01-01,2017-12-31
2081364,TB_e_inc_tbhiv_num,COUNTRY,LVA,EUR,Europe,YEAR,2014,,,,,,,,,220 [160-290],220,160,290,,2025-11-11T16:20:50Z,2014,2014-01-01,2014-12-31
2083376,TB_e_inc_tbhiv_num,COUNTRY,SGP,WPR,Western Pacific,YEAR,2007,,,,,,,,,83 [31-160],83,31,160,,2025-11-11T16:20:50Z,2007,2007-01-01,2007-12-31
2085344,TB_e_inc_tbhiv_num,COUNTRY,CYP,EUR,Europe,YEAR,2023,,,,,,,,,4 [2-7],4,2,7,,2025-11-11T16:20:50Z,2023,2023-01-01,2023-12-31
2091179,TB_e_inc_tbhiv_num,COUNTRY,TZA,AFR,Africa,YEAR,2006,,,,,,,,,98 000 [20 000-239 000],98000,20000,239000,,2025-11-11T16:20:50Z,2006,2006-01-01,2006-12-31
2091903,TB_e_inc_tbhiv_num,REGION,AMR,,,YEAR,2008,,,,,,,,,34 000 [27 000-43 000],34000,27000,43000,,2025-11-11T16:20:50Z,2008,2008-01-01,2008-12-31
2092279,TB_e_inc_tbhiv_num,COUNTRY,STP,AFR,Africa,YEAR,2008,,,,,,,,,15 [11-19],15,11,19,,2025-11-11T16:20:50Z,2008,2008-01-01,2008-12-31
2093188,TB_e_inc_tbhiv_num,COUNTRY,AUS,WPR,Western Pacific,YEAR,2015,,,,,,,,,31 [19-46],31,19,46,,2025-11-11T16:20:50Z,2015,2015-01-01,2015-12-31
2095850,TB_e_inc_tbhiv_num,COUNTRY,AFG,EMR,Eastern Mediterranean,YEAR,2003,,,,,,,,,7 [1-21],7,1,21,,2025-11-11T16:20:50Z,2003,2003-01-01,2003-12-31
2096223,TB_e_inc_tbhiv_num,COUNTRY,TZA,AFR,Africa,YEAR,2017,,,,,,,,,47 000 [19 000-88 000],47000,19000,88000,,2025-11-11T16:20:50Z,2017,2017-01-01,2017-12-31
2097483,TB_e_inc_tbhiv_num,COUNTRY,BFA,AFR,Africa,YEAR,2017,,,,,,,,,1200 [530-2200],1200,530,2200,,2025-11-11T16:20:50Z,2017,2017-01-01,2017-12-31
2099047,TB_e_inc_tbhiv_num,COUNTRY,MAC,,,YEAR,2011,,,,,,,,,4 [0-12],4,0,12,,2025-11-11T16:20:50Z,2011,2011-01-01,2011-12-31
2099723,TB_e_inc_tbhiv_num,COUNTRY,MWI,AFR,Africa,YEAR,2020,,,,,,,,,12 000 [6000-20 000],12000,6000,20000,,2025-11-11T16:20:50Z,2020,2020-01-01,2020-12-31
2100732,TB_e_inc_tbhiv_num,COUNTRY,CPV,AFR,Africa,YEAR,2011,,,,,,,,,83 [58-110],83,58,110,,2025-11-11T16:20:50Z,2011,2011-01-01,2011-12-31
2104222,TB_e_inc_tbhiv_num,COUNTRY,ESP,EUR,Europe,YEAR,2002,,,,,,,,,2200 [940-3900],2200,940,3900,,2025-11-11T16:20:50Z,2002,2002-01-01,2002-12-31
2112821,TB_e_inc_tbhiv_num,COUNTRY,ARM,EUR,Europe,YEAR,2010,,,,,,,,,35 [19-54],35,19,54,,2025-11-11T16:20:50Z,2010,2010-01-01,2010-12-31
2114507,TB_e_inc_tbhiv_num,COUNTRY,CYP,EUR,Europe,YEAR,2001,,,,,,,,,8 [5-13],8,5,13,,2025-11-11T16:20:50Z,2001,2001-01-01,2001-12-31
2119042,TB_e_inc_tbhiv_num,COUNTRY,FJI,WPR,Western Pacific,YEAR,2013,,,,,,,,,10 [3-21],10,3,21,,2025-11-11T16:20:50Z,2013,2013-01-01,2013-12-31
2121634,TB_e_inc_tbhiv_num,COUNTRY,NGA,AFR,Africa,YEAR,2011,,,,,,,,,97 000 [59 000-143 000],97000,59000,143000,,2025-11-11T16:20:50Z,2011,2011-01-01,2011-12-31
2122072,TB_e_inc_tbhiv_num,COUNTRY,THA,SEAR,South-East Asia,YEAR,2000,,,,,,,,,56 000 [13 000-128 000],56000,13000,128000,,2025-11-11T16:20:50Z,2000,2000-01-01,2000-12-31
2125804,TB_e_inc_tbhiv_num,COUNTRY,SYR,EMR,Eastern Mediterranean,YEAR,2014,,,,,,,,,6 [3-10],6,3,10,,2025-11-11T16:20:50Z,2014,2014-01-01,2014-12-31
2129517,TB_e_inc_tbhiv_num,COUNTRY,GUY,AMR,Americas,YEAR,2015,,,,,,,,,190 [140-240],190,140,240,,2025-11-11T16:20:50Z,2015,2015-01-01,2015-12-31
2131618,TB_e_inc_tbhiv_num,COUNTRY,TUR,EUR,Europe,YEAR,2009,,,,,,,,,86 [30-170],86,30,170,,2025-11-11T16:20:50Z,2009,2009-01-01,2009-12-31
2132588,TB_e_inc_tbhiv_num,REGION,WPR,,,YEAR,2017,,,,,,,,,57 000 [39 000-79 000],57000,39000,79000,,2025-11-11T16:20:50Z,2017,2017-01-01,2017-12-31
2146283,TB_e_inc_tbhiv_num,COUNTRY,LBY,EMR,Eastern Mediterranean,YEAR,2022,,,,,,,,,44 [16-85],44,16,85,,2025-11-11T16:20:50Z,2022,2022-01-01,2022-12-31
2150296,TB_e_inc_tbhiv_num,COUNTRY,ETH,AFR,Africa,YEAR,2009,,,,,,,,,49 000 [15 000-101 000],49000,15000,101000,,2025-11-11T16:20:50Z,2009,2009-01-01,2009-12-31
2150501,TB_e_inc_tbhiv_num,COUNTRY,MDG,AFR,Africa,YEAR,2011,,,,,,,,,880 [680-1100],880,680,1100,,2025-11-11T16:20:50Z,2011,2011-01-01,2011-12-31
2154566,TB_e_inc_tbhiv_num,COUNTRY,CYP,EUR,Europe,YEAR,2009,,,,,,,,,3 [2-5],3,2,5,,2025-11-11T16:20:50Z,2009,2009-01-01,2009-12-31
2160297,TB_e_inc_tbhiv_num,COUNTRY,DEU,EUR,Europe,YEAR,2024,,,,,,,,,120 [65-190],120,65,190,,2025-11-11T16:20:50Z,2024,2024-01-01,2024-12-31
2160784,TB_e_inc_tbhiv_num,COUNTRY,ALB,EUR,Europe,YEAR,2004,,,,,,,,,1 [0-3],1,0,3,,2025-11-11T16:20:50Z,2004,2004-01-01,2004-12-31
2163688,TB_e_inc_tbhiv_num,COUNTRY,SVK,EUR,Europe,YEAR,2005,,,,,,,,,1 [0-7],1,0,7,,2025-11-11T16:20:50Z,2005,2005-01-01,2005-12-31
2166320,TB_e_inc_tbhiv_num,COUNTRY,ERI,AFR,Africa,YEAR,2021,,,,,,,,,97 [64-140],97,64,140,,2025-11-11T16:20:50Z,2021,2021-01-01,2021-12-31
2167581,TB_e_inc_tbhiv_num,COUNTRY,GUY,AMR,Americas,YEAR,2000,,,,,,,,,150 [57-290],150,57,290,,2025-11-11T16:20:50Z,2000,2000-01-01,2000-12-31
2173474,TB_e_inc_tbhiv_num,COUNTRY,EST,EUR,Europe,YEAR,2012,,,,,,,,,59 [41-82],59,41,82,,2025-11-11T16:20:50Z,2012,2012-01-01,2012-12-31
2176279,TB_e_inc_tbhiv_num,COUNTRY,KAZ,EUR,Europe,YEAR,2011,,,,,,,,,400 [290-510],400,290,510,,2025-11-11T16:20:50Z,2011,2011-01-01,2011-12-31
2177307,TB_e_inc_tbhiv_num,COUNTRY,MMR,SEAR,South-East Asia,YEAR,2021,,,,,,,,,13 000 [8100-20 000],13000,8100,20000,,2025-11-11T16:20:50Z,2021,2021-01-01,2021-12-31
2182398,TB_e_inc_tbhiv_num,REGION,EUR,,,YEAR,2004,,,,,,,,,25 000 [15 000-36 000],25000,15000,36000,,2025-11-11T16:20:50Z,2004,2004-01-01,2004-12-31
2182680,TB_e_inc_tbhiv_num,COUNTRY,NER,AFR,Africa,YEAR,2004,,,,,,,,,1300 [470-2500],1300,470,2500,,2025-11-11T16:20:50Z,2004,2004-01-01,2004-12-31
2186002,TB_e_inc_tbhiv_num,COUNTRY,GEO,EUR,Europe,YEAR,2023,,,,,,,,,44 [27-64],44,27,64,,2025-11-11T16:20:50Z,2023,2023-01-01,2023-12-31
2189137,TB_e_inc_tbhiv_num,COUNTRY,DJI,EMR,Eastern Mediterranean,YEAR,2018,,,,,,,,,170 [120-220],170,120,220,,2025-11-11T16:20:50Z,2018,2018-01-01,2018-12-31
2191871,TB_e_inc_tbhiv_num,COUNTRY,KWT,EMR,Eastern Mediterranean,YEAR,2024,,,,,,,,,0 [0-0],0,0,0,,2025-11-11T16:20:50Z,2024,2024-01-01,2024-12-31
2192671,TB_e_inc_tbhiv_num,COUNTRY,DZA,AFR,Africa,YEAR,2021,,,,,,,,,210 [120-340],210,120,340,,2025-11-11T16:20:50Z,2021,2021-01-01,2021-12-31
2193820,TB_e_inc_tbhiv_num,COUNTRY,GIN,AFR,Africa,YEAR,2012,,,,,,,,,5000 [3700-6400],5000,3700,6400,,2025-11-11T16:20:50Z,2012,2012-01-01,2012-12-31
2194668,TB_e_inc_tbhiv_num,COUNTRY,IRQ,EMR,Eastern Mediterranean,YEAR,2002,,,,,,,,,2 [0-3],2,0,3,,2025-11-11T16:20:50Z,2002,2002-01-01,2002-12-31
2196994,TB_e_inc_tbhiv_num,COUNTRY,TZA,AFR,Africa,YEAR,2024,,,,,,,,,19 000 [7200-38 000],19000,7200,38000,,2025-11-11T16:20:50Z,2024,2024-01-01,2024-12-31
2201061,TB_e_inc_tbhiv_num,COUNTRY,VEN,AMR,Americas,YEAR,2010,,,,,,,,,910 [670-1200],910,670,1200,,2025-11-11T16:20:50Z,2010,2010-01-01,2010-12-31
2201922,TB_e_inc_tbhiv_num,COUNTRY,PRI,AMR,Americas,YEAR,2002,,,,,,,,,85 [59-110],85,59,110,,2025-11-11T16:20:50Z,2002,2002-01-01,2002-12-31
2207581,TB_e_inc_tbhiv_num,COUNTRY,UGA,AFR,Africa,YEAR,2010,,,,,,,,,37 000 [22 000-55 000],37000,22000,55000,,2025-11-11T16:20:50Z,2010,2010-01-01,2010-12-31
2209212,TB_e_inc_tbhiv_num,COUNTRY,MWI,AFR,Africa,YEAR,2009,,,,,,,,,33 000 [4500-89 000],33000,4500,89000,,2025-11-11T16:20:50Z,2009,2009-01-01,2009-12-31
2210989,TB_e_inc_tbhiv_num,COUNTRY,BTN,SEAR,South-East Asia,YEAR,2020,,,,,,,,,10 [3-22],10,3,22,,2025-11-11T16:20:50Z,2020,2020-01-01,2020-12-31
2211906,TB_e_inc_tbhiv_num,COUNTRY,ERI,AFR,Africa,YEAR,2019,,,,,,,,,160 [120-220],160,120,220,,2025-11-11T16:20:50Z,2019,2019-01-01,2019-12-31
2211976,TB_e_inc_tbhiv_num,COUNTRY,PAN,AMR,Americas,YEAR,2022,,,,,,,,,450 [330-580],450,330,580,,2025-11-11T16:20:50Z,2022,2022-01-01,2022-12-31
2212709,TB_e_inc_tbhiv_num,COUNTRY,CHE,EUR,Europe,YEAR,2009,,,,,,,,,42 [23-66],42,23,66,,2025-11-11T16:20:50Z,2009,2009-01-01,2009-12-31
2214956,TB_e_inc_tbhiv_num,COUNTRY,LBN,EMR,Eastern Mediterranean,YEAR,2015,,,,,,,,,11 [8-15],11,8,15,,2025-11-11T16:20:50Z,2015,2015-01-01,2015-12-31
2216380,TB_e_inc_tbhiv_num,COUNTRY,BRA,AMR,Americas,YEAR,2006,,,,,,,,,6500 [2000-13 000],6500,2000,13000,,2025-11-11T16:20:50Z,2006,2006-01-01,2006-12-31
2218216,TB_e_inc_tbhiv_num,COUNTRY,PSE,EMR,Eastern Mediterranean,YEAR,2017,,,,,,,,,0 [0-0],0,0,0,,2025-11-11T16:20:50Z,2017,2017-01-01,2017-12-31
2219892,TB_e_inc_tbhiv_num,COUNTRY,BHS,AMR,Americas,YEAR,2007,,,,,,,,,17 [9-28],17,9,28,,2025-11-11T16:20:50Z,2007,2007-01-01,2007-12-31
2220603,TB_e_inc_tbhiv_num,COUNTRY,EST,EUR,Europe,YEAR,2011,,,,,,,,,61 [41-84],61,41,84,,2025-11-11T16:20:50Z,2011,2011-01-01,2011-12-31
2221420,TB_e_inc_tbhiv_num,COUNTRY,ZMB,AFR,Africa,YEAR,2001,,,,,,,,,57 000 [18 000-117 000],57000,18000,117000,,2025-11-11T16:20:50Z,2001,2001-01-01,2001-12-31
2222041,TB_e_inc_tbhiv_num,COUNTRY,FRA,EUR,Europe,YEAR,2023,,,,,,,,,290 [230-350],290,230,350,,2025-11-11T16:20:50Z,2023,2023-01-01,2023-12-31
2224998,TB_e_inc_tbhiv_num,COUNTRY,GAB,AFR,Africa,YEAR,2015,,,,,,,,,3700 [2000-5900],3700,2000,5900,,2025-11-11T16:20:50Z,2015,2015-01-01,2015-12-31
2226115,TB_e_inc_tbhiv_num,COUNTRY,TLS,SEAR,South-East Asia,YEAR,2006,,,,,,,,,86 [24-190],86,24,190,,2025-11-11T16:20:50Z,2006,2006-01-01,2006-12-31
2229869,TB_e_inc_tbhiv_num,COUNTRY,MUS,AFR,Africa,YEAR,2000,,,,,,,,,56 [18-110],56,18,110,,2025-11-11T16:20:50Z,2000,2000-01-01,2000-12-31
2233864,TB_e_inc_tbhiv_num,COUNTRY,COD,AFR,Africa,YEAR,2021,,,,,,,,,32 000 [14 000-57 000],32000,14000,57000,,2025-11-11T16:20:50Z,2021,2021-01-01,2021-12-31
2235828,TB_e_inc_tbhiv_num,COUNTRY,MKD,EUR,Europe,YEAR,2006,,,,,,,,,1 [0-3],1,0,3,,2025-11-11T16:20:50Z,2006,2006-01-01,2006-12-31
2237951,TB_e_inc_tbhiv_num,COUNTRY,MUS,AFR,Africa,YEAR,2012,,,,,,,,,17 [13-22],17,13,22,,2025-11-11T16:20:50Z,2012,2012-01-01,2012-12-31
2238369,TB_e_inc_tbhiv_num,COUNTRY,GIN,AFR,Africa,YEAR,2021,,,,,,,,,4900 [3600-6400],4900,3600,6400,,2025-11-11T16:20:50Z,2021,2021-01-01,2021-12-31
2240922,TB_e_inc_tbhiv_num,WORLDBANKINCOMEGROUP,WB_UMI,,,YEAR,2001,,,,,,,,,434 000 [255 000-659 000],434000,255000,659000,,2025-11-11T16:20:50Z,2001,2001-01-01,2001-12-31
2249153,TB_e_inc_tbhiv_num,COUNTRY,TJK,EUR,Europe,YEAR,2000,,,,,,,,,3 [1-8],3,1,8,,2025-11-11T16:20:50Z,2000,2000-01-01,2000-12-31
2249205,TB_e_inc_tbhiv_num,COUNTRY,CAN,AMR,Americas,YEAR,2000,,,,,,,,,330 [130-620],330,130,620,,2025-11-11T16:20:50Z,2000,2000-01-01,2000-12-31
2254472,TB_e_inc_tbhiv_num,COUNTRY,DJI,EMR,Eastern Mediterranean,YEAR,2021,,,,,,,,,120 [82-170],120,82,170,,2025-11-11T16:20:50Z,2021,2021-01-01,2021-12-31
2255123,TB_e_inc_tbhiv_num,COUNTRY,EGY,EMR,Eastern Mediterranean,YEAR,2003,,,,,,,,,20 [8-38],20,8,38,,2025-11-11T16:20:50Z,2003,2003-01-01,2003-12-31
2255261,TB_e_inc_tbhiv_num,COUNTRY,MWI,AFR,Africa,YEAR,2019,,,,,,,,,13 000 [6600-21 000],13000,6600,21000,,2025-11-11T16:20:50Z,2019,2019-01-01,2019-12-31
2256439,TB_e_inc_tbhiv_num,COUNTRY,BGD,SEAR,South-East Asia,YEAR,2021,,,,,,,,,720 [370-1200],720,370,1200,,2025-11-11T16:20:50Z,2021,2021-01-01,2021-12-31
2257627,TB_e_inc_tbhiv_num,COUNTRY,HND,AMR,Americas,YEAR,2010,,,,,,,,,440 [170-840],440,170,840,,2025-11-11T16:20:50Z,2010,2010-01-01,2010-12-31
2258205,TB_e_inc_tbhiv_num,COUNTRY,FIN,EUR,Europe,YEAR,2015,,,,,,,,,4 [2-7],4,2,7,,2025-11-11T16:20:50Z,2015,2015-01-01,2015-12-31
2260848,TB_e_inc_tbhiv_num,COUNTRY,MMR,SEAR,South-East Asia,YEAR,2015,,,,,,,,,18 000 [9500-28 000],18000,9500,28000,,2025-11-11T16:20:50Z,2015,2015-01-01,2015-12-31
2261916,TB_e_inc_tbhiv_num,REGION,WPR,,,YEAR,2000,,,,,,,,,72 000 [44 000-107 000],72000,44000,107000,,2025-11-11T16:20:50Z,2000,2000-01-01,2000-12-31
2267366,TB_e_inc_tbhiv_num,COUNTRY,PRI,AMR,Americas,YEAR,2014,,,,,,,,,9 [3-18],9,3,18,,2025-11-11T16:20:50Z,2014,2014-01-01,2014-12-31
2273579,TB_e_inc_tbhiv_num,COUNTRY,UGA,AFR,Africa,YEAR,2015,,,,,,,,,32 000 [18 000-50 000],32000,18000,50000,,2025-11-11T16:20:50Z,2015,2015-01-01,2015-12-31
2274037,TB_e_inc_tbhiv_num,COUNTRY,LVA,EUR,Europe,YEAR,2000,,,,,,,,,500 [170-990],500,170,990,,2025-11-11T16:20:50Z,2000,2000-01-01,2000-12-31
2275052,TB_e_inc_tbhiv_num,COUNTRY,HND,AMR,Americas,YEAR,2024,,,,,,,,,270 [200-350],270,200,350,,2025-11-11T16:20:50Z,2024,2024-01-01,2024-12-31
2276589,TB_e_inc_tbhiv_num,COUNTRY,HND,AMR,Americas,YEAR,2018,,,,,,,,,280 [210-370],280,210,370,,2025-11-11T16:20:50Z,2018,2018-01-01,2018-12-31
2280983,TB_e_inc_tbhiv_num,COUNTRY,FJI,WPR,Western Pacific,YEAR,2006,,,,,,,,,3 [0-8],3,0,8,,2025-11-11T16:20:50Z,2006,2006-01-01,2006-12-31
2281920,TB_e_inc_tbhiv_num,COUNTRY,AUS,WPR,Western Pacific,YEAR,2017,,,,,,,,,34 [21-49],34,21,49,,2025-11-11T16:20:50Z,2017,2017-01-01,2017-12-31
2287590,TB_e_inc_tbhiv_num,COUNTRY,SEN,AFR,Africa,YEAR,2020,,,,,,,,,1200 [830-1500],1200,830,1500,,2025-11-11T16:20:50Z,2020,2020-01-01,2020-12-31
2288024,TB_e_inc_tbhiv_num,COUNTRY,USA,AMR,Americas,YEAR,2024,,,,,,,,,550 [410-720],550,410,720,,2025-11-11T16:20:50Z,2024,2024-01-01,2024-12-31
2291745,TB_e_inc_tbhiv_num,COUNTRY,ROU,EUR,Europe,YEAR,2019,,,,,,,,,270 [200-350],270,200,350,,2025-11-11T16:20:50Z,2019,2019-01-01,2019-12-31
2292085,TB_e_inc_tbhiv_num,COUNTRY,PRT,EUR,Europe,YEAR,2001,,,,,,,,,1500 [710-2700],1500,710,2700,,2025-11-11T16:20:50Z,2001,2001-01-01,2001-12-31
2292339,TB_e_inc_tbhiv_num,COUNTRY,COD,AFR,Africa,YEAR,2011,,,,,,,,,68 000 [19 000-147 000],68000,19000,147000,,2025-11-11T16:20:50Z,2011,2011-01-01,2011-12-31
2295573,TB_e_inc_tbhiv_num,COUNTRY,TGO,AFR,Africa,YEAR,2003,,,,,,,,,1600 [670-2800],1600,670,2800,,2025-11-11T16:20:50Z,2003,2003-01-01,2003-12-31
2295677,TB_e_inc_tbhiv_num,COUNTRY,IRQ,EMR,Eastern Mediterranean,YEAR,2010,,,,,,,,,2 [0-8],2,0,8,,2025-11-11T16:20:50Z,2010,2010-01-01,2010-12-31
2300022,TB_e_inc_tbhiv_num,COUNTRY,KHM,WPR,Western Pacific,YEAR,2017,,,,,,,,,1300 [850-1800],1300,850,1800,,2025-11-11T16:20:50Z,2017,2017-01-01,2017-12-31
2301064,TB_e_inc_tbhiv_num,COUNTRY,HND,AMR,Americas,YEAR,2015,,,,,,,,,480 [350-620],480,350,620,,2025-11-11T16:20:50Z,2015,2015-01-01,2015-12-31
2301259,TB_e_inc_tbhiv_num,COUNTRY,SWZ,AFR,Africa,YEAR,2013,,,,,,,,,8600 [1600-21 000],8600,1600,21000,,2025-11-11T16:20:50Z,2013,2013-01-01,2013-12-31
2302796,TB_e_inc_tbhiv_num,COUNTRY,BRA,AMR,Americas,YEAR,2005,,,,,,,,,6300 [1900-13 000],6300,1900,13000,,2025-11-11T16:20:50Z,2005,2005-01-01,2005-12-31
2303801,TB_e_inc_tbhiv_num,COUNTRY,TZA,AFR,Africa,YEAR,2003,,,,,,,,,92 000 [16 000-231 000],92000,16000,231000,,2025-11-11T16:20:50Z,2003,2003-01-01,2003-12-31
2304293,TB_e_inc_tbhiv_num,COUNTRY,BEN,AFR,Africa,YEAR,2024,,,,,,,,,670 [180-1500],670,180,1500,,2025-11-11T16:20:50Z,2024,2024-01-01,2024-12-31
2304920,TB_e_inc_tbhiv_num,COUNTRY,GNB,AFR,Africa,YEAR,2008,,,,,,,,,1800 [1000-2800],1800,1000,2800,,2025-11-11T16:20:50Z,2008,2008-01-01,2008-12-31
2306306,TB_e_inc_tbhiv_num,COUNTRY,PHL,WPR,Western Pacific,YEAR,2017,,,,,,,,,4600 [2100-8000],4600,2100,8000,,2025-11-11T16:20:50Z,2017,2017-01-01,2017-12-31
2307208,TB_e_inc_tbhiv_num,COUNTRY,SAU,EMR,Eastern Mediterranean,YEAR,2022,,,,,,,,,46 [32-62],46,32,62,,2025-11-11T16:20:50Z,2022,2022-01-01,2022-12-31
2307513,TB_e_inc_tbhiv_num,REGION,EUR,,,YEAR,2002,,,,,,,,,26 000 [17 000-37 000],26000,17000,37000,,2025-11-11T16:20:50Z,2002,2002-01-01,2002-12-31
2313121,TB_e_inc_tbhiv_num,COUNTRY,BEN,AFR,Africa,YEAR,2006,,,,,,,,,1100 [680-1600],1100,680,1600,,2025-11-11T16:20:50Z,2006,2006-01-01,2006-12-31
2313369,TB_e_inc_tbhiv_num,COUNTRY,GBR,EUR,Europe,YEAR,2000,,,,,,,,,780 [320-1500],780,320,1500,,2025-11-11T16:20:50Z,2000,2000-01-01,2000-12-31
2315840,TB_e_inc_tbhiv_num,COUNTRY,UKR,EUR,Europe,YEAR,2005,,,,,,,,,12 000 [4800-23 000],12000,4800,23000,,2025-11-11T16:20:50Z,2005,2005-01-01,2005-12-31
2319688,TB_e_inc_tbhiv_num,COUNTRY,GEO,EUR,Europe,YEAR,2018,,,,,,,,,68 [46-94],68,46,94,,2025-11-11T16:20:50Z,2018,2018-01-01,2018-12-31
2320320,TB_e_inc_tbhiv_num,GLOBAL,GLOBAL,,,YEAR,2020,,,,,,,,,750 000 [662 000-844 000],750000,662000,844000,,2025-11-11T16:20:50Z,2020,2020-01-01,2020-12-31
2322379,TB_e_inc_tbhiv_num,COUNTRY,TUR,EUR,Europe,YEAR,2013,,,,,,,,,69 [46-95],69,46,95,,2025-11-11T16:20:50Z,2013,2013-01-01,2013-12-31
2326045,TB_e_inc_tbhiv_num,COUNTRY,COG,AFR,Africa,YEAR,2016,,,,,,,,,5900 [3900-8300],5900,3900,8300,,2025-11-11T16:20:50Z,2016,2016-01-01,2016-12-31
2327070,TB_e_inc_tbhiv_num,COUNTRY,LTU,EUR,Europe,YEAR,2020,,,,,,,,,28 [16-43],28,16,43,,2025-11-11T16:20:50Z,2020,2020-01-01,2020-12-31
2331870,TB_e_inc_tbhiv_num,COUNTRY,BEN,AFR,Africa,YEAR,2021,,,,,,,,,840 [300-1600],840,300,1600,,2025-11-11T16:20:50Z,2021,2021-01-01,2021-12-31
2341592,TB_e_inc_tbhiv_num,COUNTRY,LBR,AFR,Africa,YEAR,2004,,,,,,,,,2000 [950-3500],2000,950,3500,,2025-11-11T16:20:50Z,2004,2004-01-01,2004-12-31
2344465,TB_e_inc_tbhiv_num,COUNTRY,CRI,AMR,Americas,YEAR,2019,,,,,,,,,48 [32-67],48,32,67,,2025-11-11T16:20:50Z,2019,2019-01-01,2019-12-31
2344753,TB_e_inc_tbhiv_num,COUNTRY,DOM,AMR,Americas,YEAR,2003,,,,,,,,,2300 [970-4200],2300,970,4200,,2025-11-11T16:20:50Z,2003,2003-01-01,2003-12-31
2344891,TB_e_inc_tbhiv_num,COUNTRY,CHL,AMR,Americas,YEAR,2020,,,,,,,,,310 [230-400],310,230,400,,2025-11-11T16:20:50Z,2020,2020-01-01,2020-12-31
2346748,TB_e_inc_tbhiv_num,GLOBAL,GLOBAL,,,YEAR,2009,,,,,,,,,1 690 000 [1 270 000-2 160 000],1690000,1270000,2160000,,2025-11-11T16:20:50Z,2009,2009-01-01,2009-12-31
2348019,TB_e_inc_tbhiv_num,COUNTRY,MKD,EUR,Europe,YEAR,2022,,,,,,,,,1 [0-5],1,0,5,,2025-11-11T16:20:50Z,2022,2022-01-01,2022-12-31
2348726,TB_e_inc_tbhiv_num,COUNTRY,NOR,EUR,Europe,YEAR,2018,,,,,,,,,8 [3-16],8,3,16,,2025-11-11T16:20:50Z,2018,2018-01-01,2018-12-31
2349442,TB_e_inc_tbhiv_num,COUNTRY,MLI,AFR,Africa,YEAR,2017,,,,,,,,,1300 [660-2100],1300,660,2100,,2025-11-11T16:20:50Z,2017,2017-01-01,2017-12-31
2350027,TB_e_inc_tbhiv_num,WORLDBANKINCOMEGROUP,WB_HI,,,YEAR,2022,,,,,,,,,18 000 [11 000-27 000],18000,11000,27000,,2025-11-11T16:20:50Z,2022,2022-01-01,2022-12-31
2351190,TB_e_inc_tbhiv_num,COUNTRY,HND,AMR,Americas,YEAR,2007,,,,,,,,,540 [210-1000],540,210,1000,,2025-11-11T16:20:50Z,2007,2007-01-01,2007-12-31
2351390,TB_e_inc_tbhiv_num,COUNTRY,BLZ,AMR,Americas,YEAR,2012,,,,,,,,,30 [18-45],30,18,45,,2025-11-11T16:20:50Z,2012,2012-01-01,2012-12-31
2353622,TB_e_inc_tbhiv_num,COUNTRY,KIR,WPR,Western Pacific,YEAR,2024,,,,,,,,,6 [0-25],6,0,25,,2025-11-11T16:20:50Z,2024,2024-01-01,2024-12-31
2355927,TB_e_inc_tbhiv_num,COUNTRY,LVA,EUR,Europe,YEAR,2013,,,,,,,,,75 [25-150],75,25,150,,2025-11-11T16:20:50Z,2013,2013-01-01,2013-12-31
2367687,TB_e_inc_tbhiv_num,COUNTRY,NAM,AFR,Africa,YEAR,2000,,,,,,,,,14 000 [6400-25 000],14000,6400,25000,,2025-11-11T16:20:50Z,2000,2000-01-01,2000-12-31
2371974,TB_e_inc_tbhiv_num,COUNTRY,SOM,EMR,Eastern Mediterranean,YEAR,2017,,,,,,,,,290 [220-380],290,220,380,,2025-11-11T16:20:50Z,2017,2017-01-01,2017-12-31
2376274,TB_e_inc_tbhiv_num,COUNTRY,TKM,EUR,Europe,YEAR,2009,,,,,,,,,860 [460-1400],860,460,1400,,2025-11-11T16:20:50Z,2009,2009-01-01,2009-12-31
2377763,TB_e_inc_tbhiv_num,COUNTRY,COL,AMR,Americas,YEAR,2020,,,,,,,,,2500 [1600-3600],2500,1600,3600,,2025-11-11T16:20:50Z,2020,2020-01-01,2020-12-31
2381120,TB_e_inc_tbhiv_num,COUNTRY,LBN,EMR,Eastern Mediterranean,YEAR,2014,,,,,,,,,20 [15-26],20,15,26,,2025-11-11T16:20:50Z,2014,2014-01-01,2014-12-31
2383265,TB_e_inc_tbhiv_num,COUNTRY,GIN,AFR,Africa,YEAR,2024,,,,,,,,,4500 [3300-5900],4500,3300,5900,,2025-11-11T16:20:50Z,2024,2024-01-01,2024-12-31
2389569,TB_e_inc_tbhiv_num,COUNTRY,MYS,WPR,Western Pacific,YEAR,2008,,,,,,,,,3300 [2400-4200],3300,2400,4200,,2025-11-11T16:20:50Z,2008,2008-01-01,2008-12-31
2392975,TB_e_inc_tbhiv_num,COUNTRY,GMB,AFR,Africa,YEAR,2008,,,,,,,,,890 [380-1600],890,380,1600,,2025-11-11T16:20:50Z,2008,2008-01-01,2008-12-31
2394804,TB_e_inc_tbhiv_num,COUNTRY,ECU,AMR,Americas,YEAR,2014,,,,,,,,,950 [710-1200],950,710,1200,,2025-11-11T16:20:50Z,2014,2014-01-01,2014-12-31
2396013,TB_e_inc_tbhiv_num,COUNTRY,MNG,WPR,Western Pacific,YEAR,2014,,,,,,,,,29 [9-59],29,9,59,,2025-11-11T16:20:50Z,2014,2014-01-01,2014-12-31
2401325,TB_e_inc_tbhiv_num,COUNTRY,JOR,EMR,Eastern Mediterranean,YEAR,2002,,,,,,,,,1 [0-1],1,0,1,,2025-11-11T16:20:50Z,2002,2002-01-01,2002-12-31
2408262,TB_e_inc_tbhiv_num,COUNTRY,SDN,EMR,Eastern Mediterranean,YEAR,2017,,,,,,,,,800 [250-1700],800,250,1700,,2025-11-11T16:20:50Z,2017,2017-01-01,2017-12-31
2408340,TB_e_inc_tbhiv_num,COUNTRY,ARG,AMR,Americas,YEAR,2015,,,,,,,,,860 [480-1300],860,480,1300,,2025-11-11T16:20:50Z,2015,2015-01-01,2015-12-31
2408787,TB_e_inc_tbhiv_num,COUNTRY,JAM,AMR,Americas,YEAR,2004,,,,,,,,,62 [41-87],62,41,87,,2025-11-11T16:20:50Z,2004,2004-01-01,2004-12-31
2410655,TB_e_inc_tbhiv_num,COUNTRY,CUB,AMR,Americas,YEAR,2000,,,,,,,,,37 [13-73],37,13,73,,2025-11-11T16:20:50Z,2000,2000-01-01,2000-12-31
2411309,TB_e_inc_tbhiv_num,COUNTRY,FJI,WPR,Western Pacific,YEAR,2012,,,,,,,,,8 [2-17],8,2,17,,2025-11-11T16:20:50Z,2012,2012-01-01,2012-12-31
2413224,TB_e_inc_tbhiv_num,COUNTRY,MUS,AFR,Africa,YEAR,2014,,,,,,,,,23 [17-29],23,17,29,,2025-11-11T16:20:50Z,2014,2014-01-01,2014-12-31
2418885,TB_e_inc_tbhiv_num,COUNTRY,TUR,EUR,Europe,YEAR,2023,,,,,,,,,160 [120-210],160,120,210,,2025-11-11T16:20:50Z,2023,2023-01-01,2023-12-31
2421999,TB_e_inc_tbhiv_num,COUNTRY,CMR,AFR,Africa,YEAR,2024,,,,,,,,,5900 [4000-8200],5900,4000,8200,,2025-11-11T16:20:50Z,2024,2024-01-01,2024-12-31
2423965,TB_e_inc_tbhiv_num,COUNTRY,MEX,AMR,Americas,YEAR,2011,,,,,,,,,1900 [690-3600],1900,690,3600,,2025-11-11T16:20:50Z,2011,2011-01-01,2011-12-31
2427546,TB_e_inc_tbhiv_num,COUNTRY,HUN,EUR,Europe,YEAR,2009,,,,,,,,,14 [8-23],14,8,23,,2025-11-11T16:20:50Z,2009,2009-01-01,2009-12-31
2429017,TB_e_inc_tbhiv_num,COUNTRY,MDA,EUR,Europe,YEAR,2008,,,,,,,,,230 [170-290],230,170,290,,2025-11-11T16:20:50Z,2008,2008-01-01,2008-12-31
2430017,TB_e_inc_tbhiv_num,COUNTRY,MRT,AFR,Africa,YEAR,2005,,,,,,,,,460 [180-870],460,180,870,,2025-11-11T16:20:50Z,2005,2005-01-01,2005-12-31
2430369,TB_e_inc_tbhiv_num,COUNTRY,IRN,EMR,Eastern Mediterranean,YEAR,2001,,,,,,,,,350 [60-880],350,60,880,,2025-11-11T16:20:50Z,2001,2001-01-01,2001-12-31
2434940,TB_e_inc_tbhiv_num,COUNTRY,BLZ,AMR,Americas,YEAR,2004,,,,,,,,,27 [14-44],27,14,44,,2025-11-11T16:20:50Z,2004,2004-01-01,2004-12-31
2435613,TB_e_inc_tbhiv_num,COUNTRY,COL,AMR,Americas,YEAR,2002,,,,,,,,,1800 [660-3500],1800,660,3500,,2025-11-11T16:20:50Z,2002,2002-01-01,2002-12-31
2440991,TB_e_inc_tbhiv_num,COUNTRY,MNG,WPR,Western Pacific,YEAR,2001,,,,,,,,,10 [2-22],10,2,22,,2025-11-11T16:20:50Z,2001,2001-01-01,2001-12-31
2441923,TB_e_inc_tbhiv_num,COUNTRY,DNK,EUR,Europe,YEAR,2005,,,,,,,,,27 [10-52],27,10,52,,2025-11-11T16:20:50Z,2005,2005-01-01,2005-12-31
2444111,TB_e_inc_tbhiv_num,COUNTRY,BEL,EUR,Europe,YEAR,2009,,,,,,,,,52 [35-72],52,35,72,,2025-11-11T16:20:50Z,2009,2009-01-01,2009-12-31
2444852,TB_e_inc_tbhiv_num,COUNTRY,YEM,EMR,Eastern Mediterranean,YEAR,2004,,,,,,,,,65 [36-100],65,36,100,,2025-11-11T16:20:50Z,2004,2004-01-01,2004-12-31
2445969,TB_e_inc_tbhiv_num,COUNTRY,GBR,EUR,Europe,YEAR,2024,,,,,,,,,110 [85-130],110,85,130,,2025-11-11T16:20:50Z,2024,2024-01-01,2024-12-31
2453761,TB_e_inc_tbhiv_num,COUNTRY,MHL,WPR,Western Pacific,YEAR,2007,,,,,,,,,0 [0-0],0,0,0,,2025-11-11T16:20:50Z,2007,2007-01-01,2007-12-31
2460870,TB_e_inc_tbhiv_num,COUNTRY,BGR,EUR,Europe,YEAR,2008,,,,,,,,,25 [9-51],25,9,51,,2025-11-11T16:20:50Z,2008,2008-01-01,2008-12-31
2465301,TB_e_inc_tbhiv_num,COUNTRY,SWZ,AFR,Africa,YEAR,2011,,,,,,,,,11 000 [990-33 000],11000,990,33000,,2025-11-11T16:20:50Z,2011,2011-01-01,2011-12-31
2469867,TB_e_inc_tbhiv_num,COUNTRY,AUT,EUR,Europe,YEAR,2014,,,,,,,,,14 [8-23],14,8,23,,2025-11-11T16:20:50Z,2014,2014-01-01,2014-12-31
2470132,TB_e_inc_tbhiv_num,COUNTRY,SAU,EMR,Eastern Mediterranean,YEAR,2019,,,,,,,,,71 [53-91],71,53,91,,2025-11-11T16:20:50Z,2019,2019-01-01,2019-12-31
2471382,TB_e_inc_tbhiv_num,COUNTRY,SVN,EUR,Europe,YEAR,2009,,,,,,,,,0 [0-0],0,0,0,,2025-11-11T16:20:50Z,2009,2009-01-01,2009-12-31
2472967,TB_e_inc_tbhiv_num,COUNTRY,DJI,EMR,Eastern Mediterranean,YEAR,2015,,,,,,,,,420 [310-540],420,310,540,,2025-11-11T16:20:50Z,2015,2015-01-01,2015-12-31
2475969,TB_e_inc_tbhiv_num,COUNTRY,MAR,EMR,Eastern Mediterranean,YEAR,2007,,,,,,,,,140 [100-180],140,100,180,,2025-11-11T16:20:50Z,2007,2007-01-01,2007-12-31
2477448,TB_e_inc_tbhiv_num,COUNTRY,FSM,WPR,Western Pacific,YEAR,2010,,,,,,,,,0 [0-0],0,0,0,,2025-11-11T16:20:50Z,2010,2010-01-01,2010-12-31
2479648,TB_e_inc_tbhiv_num,COUNTRY,AFG,EMR,Eastern Mediterranean,YEAR,2017,,,,,,,,,20 [1-71],20,1,71,,2025-11-11T16:20:50Z,2017,2017-01-01,2017-12-31
2479810,TB_e_inc_tbhiv_num,COUNTRY,KGZ,EUR,Europe,YEAR,2004,,,,,,,,,74 [23-150],74,23,150,,2025-11-11T16:20:50Z,2004,2004-01-01,2004-12-31
2479901,TB_e_inc_tbhiv_num,REGION,AFR,,,YEAR,2015,,,,,,,,,886 000 [692 000-1 100 000],886000,692000,1100000,,2025-11-11T16:20:50Z,2015,2015-01-01,2015-12-31
2481177,TB_e_inc_tbhiv_num,COUNTRY,SYR,EMR,Eastern Mediterranean,YEAR,2017,,,,,,,,,5 [2-7],5,2,7,,2025-11-11T16:20:50Z,2017,2017-01-01,2017-12-31
2483746,TB_e_inc_tbhiv_num,COUNTRY,NLD,EUR,Europe,YEAR,2010,,,,,,,,,46 [17-89],46,17,89,,2025-11-11T16:20:50Z,2010,2010-01-01,2010-12-31
2488085,TB_e_inc_tbhiv_num,COUNTRY,GTM,AMR,Americas,YEAR,2016,,,,,,,,,300 [220-390],300,220,390,,2025-11-11T16:20:50Z,2016,2016-01-01,2016-12-31
2488776,TB_e_inc_tbhiv_num,COUNTRY,LUX,EUR,Europe,YEAR,2015,,,,,,,,,1 [1-2],1,1,2,,2025-11-11T16:20:50Z,2015,2015-01-01,2015-12-31
2489998,TB_e_inc_tbhiv_num,COUNTRY,SDN,EMR,Eastern Mediterranean,YEAR,2013,,,,,,,,,1300 [250-3100],1300,250,3100,,2025-11-11T16:20:50Z,2013,2013-01-01,2013-12-31
2496996,TB_e_inc_tbhiv_num,COUNTRY,MDG,AFR,Africa,YEAR,2006,,,,,,,,,430 [140-880],430,140,880,,2025-11-11T16:20:50Z,2006,2006-01-01,2006-12-31
2500048,TB_e_inc_tbhiv_num,COUNTRY,NGA,AFR,Africa,YEAR,2009,,,,,,,,,91 000 [56 000-134 000],91000,56000,134000,,2025-11-11T16:20:50Z,2009,2009-01-01,2009-12-31
2501047,TB_e_inc_tbhiv_num,COUNTRY,BGR,EUR,Europe,YEAR,2016,,,,,,,,,0 [0-0],0,0,0,,2025-11-11T16:20:50Z,2016,2016-01-01,2016-12-31
2503776,TB_e_inc_tbhiv_num,COUNTRY,ITA,EUR,Europe,YEAR,2007,,,,,,,,,240 [130-380],240,130,380,,2025-11-11T16:20:50Z,2007,2007-01-01,2007-12-31
2504449,TB_e_inc_tbhiv_num,COUNTRY,BGR,EUR,Europe,YEAR,2001,,,,,,,,,5 [2-11],5,2,11,,2025-11-11T16:20:50Z,2001,2001-01-01,2001-12-31
2505455,TB_e_inc_tbhiv_num,COUNTRY,CAN,AMR,Americas,YEAR,2007,,,,,,,,,100 [38-200],100,38,200,,2025-11-11T16:20:50Z,2007,2007-01-01,2007-12-31
2507608,TB_e_inc_tbhiv_num,COUNTRY,MLI,AFR,Africa,YEAR,2010,,,,,,,,,1900 [1100-2900],1900,1100,2900,,2025-11-11T16:20:50Z,2010,2010-01-01,2010-12-31
2507678,TB_e_inc_tbhiv_num,COUNTRY,GTM,AMR,Americas,YEAR,2020,,,,,,,,,230 [170-300],230,170,300,,2025-11-11T16:20:50Z,2020,2020-01-01,2020-12-31
2508663,TB_e_inc_tbhiv_num,COUNTRY,ARG,AMR,Americas,YEAR,2017,,,,,,,,,850 [480-1300],850,480,1300,,2025-11-11T16:20:50Z,2017,2017-01-01,2017-12-31
2509533,TB_e_inc_tbhiv_num,COUNTRY,CAN,AMR,Americas,YEAR,2013,,,,,,,,,72 [26-140],72,26,140,,2025-11-11T16:20:50Z,2013,2013-01-01,2013-12-31
2514615,TB_e_inc_tbhiv_num,COUNTRY,MYS,WPR,Western Pacific,YEAR,2016,,,,,,,,,2100 [1600-2800],2100,1600,2800,,2025-11-11T16:20:50Z,2016,2016-01-01,2016-12-31
2514768,TB_e_inc_tbhiv_num,COUNTRY,BEN,AFR,Africa,YEAR,2016,,,,,,,,,1000 [510-1700],1000,510,1700,,2025-11-11T16:20:50Z,2016,2016-01-01,2016-12-31
2515126,TB_e_inc_tbhiv_num,COUNTRY,ARM,EUR,Europe,YEAR,2001,,,,,,,,,63 [13-150],63,13,150,,2025-11-11T16:20:50Z,2001,2001-01-01,2001-12-31
2516454,TB_e_inc_tbhiv_num,COUNTRY,KAZ,EUR,Europe,YEAR,2007,,,,,,,,,230 [170-300],230,170,300,,2025-11-11T16:20:50Z,2007,2007-01-01,2007-12-31
2517941,TB_e_inc_tbhiv_num,COUNTRY,NIC,AMR,Americas,YEAR,2023,,,,,,,,,200 [150-260],200,150,260,,2025-11-11T16:20:50Z,2023,2023-01-01,2023-12-31
2520924,TB_e_inc_tbhiv_num,REGION,EUR,,,YEAR,2022,,,,,,,,,27 000 [20 000-36 000],27000,20000,36000,,2025-11-11T16:20:50Z,2022,2022-01-01,2022-12-31
2523882,TB_e_inc_tbhiv_num,COUNTRY,BEL,EUR,Europe,YEAR,2017,,,,,,,,,38 [14-75],38,14,75,,2025-11-11T16:20:50Z,2017,2017-01-01,2017-12-31
2524673,TB_e_inc_tbhiv_num,COUNTRY,JAM,AMR,Americas,YEAR,2017,,,,,,,,,33 [21-49],33,21,49,,2025-11-11T16:20:50Z,2017,2017-01-01,2017-12-31
2526558,TB_e_inc_tbhiv_num,COUNTRY,JOR,EMR,Eastern Mediterranean,YEAR,2018,,,,,,,,,5 [1-13],5,1,13,,2025-11-11T16:20:50Z,2018,2018-01-01,2018-12-31
2526807,TB_e_inc_tbhiv_num,COUNTRY,SGP,WPR,Western Pacific,YEAR,2001,,,,,,,,,240 [90-450],240,90,450,,2025-11-11T16:20:50Z,2001,2001-01-01,2001-12-31
2527405,TB_e_inc_tbhiv_num,COUNTRY,HKG,,,YEAR,2021,,,,,,,,,58 [38-83],58,38,83,,2025-11-11T16:20:50Z,2021,2021-01-01,2021-12-31
2532788,TB_e_inc_tbhiv_num,COUNTRY,MRT,AFR,Africa,YEAR,2015,,,,,,,,,230 [77-450],230,77,450,,2025-11-11T16:20:50Z,2015,2015-01-01,2015-12-31
2532941,TB_e_inc_tbhiv_num,COUNTRY,DEU,EUR,Europe,YEAR,2007,,,,,,,,,170 [92-270],170,92,270,,2025-11-11T16:20:50Z,2007,2007-01-01,2007-12-31
2533090,TB_e_inc_tbhiv_num,COUNTRY,LBN,EMR,Eastern Mediterranean,YEAR,2017,,,,,,,,,6 [1-14],6,1,14,,2025-11-11T16:20:50Z,2017,2017-01-01,2017-12-31
2533885,TB_e_inc_tbhiv_num,WORLDBANKINCOMEGROUP,WB_LMI,,,YEAR,2012,,,,,,,,,705 000 [499 000-945 000],705000,499000,945000,,2025-11-11T16:20:50Z,2012,2012-01-01,2012-12-31
2535372,TB_e_inc_tbhiv_num,COUNTRY,GIN,AFR,Africa,YEAR,2014,,,,,,,,,5100 [3800-6500],5100,3800,6500,,2025-11-11T16:20:50Z,2014,2014-01-01,2014-12-31
2536932,TB_e_inc_tbhiv_num,COUNTRY,BHR,EMR,Eastern Mediterranean,YEAR,2000,,,,,,,,,12 [4-23],12,4,23,,2025-11-11T16:20:50Z,2000,2000-01-01,2000-12-31
2539361,TB_e_inc_tbhiv_num,COUNTRY,IDN,WPR,Western Pacific,YEAR,2005,,,,,,,,,13 000 [5700-24 000],13000,5700,24000,,2025-11-11T16:20:50Z,2005,2005-01-01,2005-12-31
2540239,TB_e_inc_tbhiv_num,COUNTRY,MOZ,AFR,Africa,YEAR,2013,,,,,,,,,49 000 [28 000-74 000],49000,28000,74000,,2025-11-11T16:20:50Z,2013,2013-01-01,2013-12-31
2540389,TB_e_inc_tbhiv_num,COUNTRY,BHR,EMR,Eastern Mediterranean,YEAR,2003,,,,,,,,,10 [4-20],10,4,20,,2025-11-11T16:20:50Z,2003,2003-01-01,2003-12-31
2546519,TB_e_inc_tbhiv_num,COUNTRY,SVN,EUR,Europe,YEAR,2023,,,,,,,,,3 [0-8],3,0,8,,2025-11-11T16:20:50Z,2023,2023-01-01,2023-12-31
2548936,TB_e_inc_tbhiv_num,COUNTRY,MDA,EUR,Europe,YEAR,2004,,,,,,,,,310 [110-600],310,110,600,,2025-11-11T16:20:50Z,2004,2004-01-01,2004-12-31
2549770,TB_e_inc_tbhiv_num,COUNTRY,SDN,EMR,Eastern Mediterranean,YEAR,2005,,,,,,,,,1600 [160-4600],1600,160,4600,,2025-11-11T16:20:50Z,2005,2005-01-01,2005-12-31
2551027,TB_e_inc_tbhiv_num,COUNTRY,TLS,SEAR,South-East Asia,YEAR,2007,,,,,,,,,90 [26-190],90,26,190,,2025-11-11T16:20:50Z,2007,2007-01-01,2007-12-31
2551405,TB_e_inc_tbhiv_num,COUNTRY,ZAF,AFR,Africa,YEAR,2002,,,,,,,,,334 000 [139 000-612 000],334000,139000,612000,,2025-11-11T16:20:50Z,2002,2002-01-01,2002-12-31
2552100,TB_e_inc_tbhiv_num,COUNTRY,CRI,AMR,Americas,YEAR,2020,,,,,,,,,64 [44-88],64,44,88,,2025-11-11T16:20:50Z,2020,2020-01-01,2020-12-31
2553321,TB_e_inc_tbhiv_num,COUNTRY,LBN,EMR,Eastern Mediterranean,YEAR,2024,,,,,,,,,2 [0-7],2,0,7,,2025-11-11T16:20:50Z,2024,2024-01-01,2024-12-31
2555775,TB_e_inc_tbhiv_num,COUNTRY,BWA,AFR,Africa,YEAR,2005,,,,,,,,,11 000 [9300-14 000],11000,9300,14000,,2025-11-11T16:20:50Z,2005,2005-01-01,2005-12-31
2562302,TB_e_inc_tbhiv_num,COUNTRY,CHN,WPR,Western Pacific,YEAR,2017,,,,,,,,,15 000 [4600-30 000],15000,4600,30000,,2025-11-11T16:20:50Z,2017,2017-01-01,2017-12-31
2564298,TB_e_inc_tbhiv_num,COUNTRY,BWA,AFR,Africa,YEAR,2016,,,,,,,,,5400 [4300-6600],5400,4300,6600,,2025-11-11T16:20:50Z,2016,2016-01-01,2016-12-31
2565124,TB_e_inc_tbhiv_num,COUNTRY,KEN,AFR,Africa,YEAR,2009,,,,,,,,,101 000 [29 000-216 000],101000,29000,216000,,2025-11-11T16:20:50Z,2009,2009-01-01,2009-12-31
2566934,TB_e_inc_tbhiv_num,COUNTRY,CYP,EUR,Europe,YEAR,2014,,,,,,,,,2 [1-3],2,1,3,,2025-11-11T16:20:50Z,2014,2014-01-01,2014-12-31
2570264,TB_e_inc_tbhiv_num,COUNTRY,SVK,EUR,Europe,YEAR,2008,,,,,,,,,0 [0-0],0,0,0,,2025-11-11T16:20:50Z,2008,2008-01-01,2008-12-31
2570274,TB_e_inc_tbhiv_num,COUNTRY,OMN,EMR,Eastern Mediterranean,YEAR,2001,,,,,,,,,31 [11-59],31,11,59,,2025-11-11T16:20:50Z,2001,2001-01-01,2001-12-31
2571225,TB_e_inc_tbhiv_num,COUNTRY,OMN,EMR,Eastern Mediterranean,YEAR,2023,,,,,,,,,10 [4-20],10,4,20,,2025-11-11T16:20:50Z,2023,2023-01-01,2023-12-31
2573908,TB_e_inc_tbhiv_num,WORLDBANKINCOMEGROUP,WB_UMI,,,YEAR,2020,,,,,,,,,279 000 [208 000-361 000],279000,208000,361000,,2025-11-11T16:20:50Z,2020,2020-01-01,2020-12-31
2574418,TB_e_inc_tbhiv_num,COUNTRY,SLE,AFR,Africa,YEAR,2024,,,,,,,,,4500 [2000-8100],4500,2000,8100,,2025-11-11T16:20:50Z,2024,2024-01-01,2024-12-31
2578151,TB_e_inc_tbhiv_num,COUNTRY,LTU,EUR,Europe,YEAR,2000,,,,,,,,,240 [87-480],240,87,480,,2025-11-11T16:20:50Z,2000,2000-01-01,2000-12-31
2579553,TB_e_inc_tbhiv_num,COUNTRY,BFA,AFR,Africa,YEAR,2018,,,,,,,,,1300 [560-2300],1300,560,2300,,2025-11-11T16:20:50Z,2018,2018-01-01,2018-12-31
2583637,TB_e_inc_tbhiv_num,COUNTRY,LUX,EUR,Europe,YEAR,2012,,,,,,,,,3 [1-4],3,1,4,,2025-11-11T16:20:50Z,2012,2012-01-01,2012-12-31
2588346,TB_e_inc_tbhiv_num,COUNTRY,CZE,EUR,Europe,YEAR,2005,,,,,,,,,10 [5-15],10,5,15,,2025-11-11T16:20:50Z,2005,2005-01-01,2005-12-31
2589511,TB_e_inc_tbhiv_num,COUNTRY,BHS,AMR,Americas,YEAR,2012,,,,,,,,,11 [5-20],11,5,20,,2025-11-11T16:20:50Z,2012,2012-01-01,2012-12-31
2590683,TB_e_inc_tbhiv_num,COUNTRY,CHN,WPR,Western Pacific,YEAR,2021,,,,,,,,,10 000 [2300-24 000],10000,2300,24000,,2025-11-11T16:20:50Z,2021,2021-01-01,2021-12-31
2592286,TB_e_inc_tbhiv_num,WORLDBANKINCOMEGROUP,WB_LMI,,,YEAR,2003,,,,,,,,,872 000 [510 000-1 330 000],872000,510000,1330000,,2025-11-11T16:20:50Z,2003,2003-01-01,2003-12-31
2592999,TB_e_inc_tbhiv_num,COUNTRY,PAK,EMR,Eastern Mediterranean,YEAR,2002,,,,,,,,,0 [0-0],0,0,0,,2025-11-11T16:20:50Z,2002,2002-01-01,2002-12-31
2598644,TB_e_inc_tbhiv_num,COUNTRY,SLV,AMR,Americas,YEAR,2004,,,,,,,,,180 [140-240],180,140,240,,2025-11-11T16:20:50Z,2004,2004-01-01,2004-12-31
2599010,TB_e_inc_tbhiv_num,COUNTRY,NIC,AMR,Americas,YEAR,2014,,,,,,,,,150 [53-300],150,53,300,,2025-11-11T16:20:50Z,2014,2014-01-01,2014-12-31
2600592,TB_e_inc_tbhiv_num,COUNTRY,TLS,SEAR,South-East Asia,YEAR,2018,,,,,,,,,59 [42-78],59,42,78,,2025-11-11T16:20:50Z,2018,2018-01-01,2018-12-31
2603413,TB_e_inc_tbhiv_num,COUNTRY,SYR,EMR,Eastern Mediterranean,YEAR,2019,,,,,,,,,4 [2-7],4,2,7,,2025-11-11T16:20:50Z,2019,2019-01-01,2019-12-31
2606076,TB_e_inc_tbhiv_num,COUNTRY,QAT,EMR,Eastern Mediterranean,YEAR,2008,,,,,,,,,0 [0-0],0,0,0,,2025-11-11T16:20:50Z,2008,2008-01-01,2008-12-31
2606651,TB_e_inc_tbhiv_num,COUNTRY,MEX,AMR,Americas,YEAR,2009,,,,,,,,,1500 [1100-2100],1500,1100,2100,,2025-11-11T16:20:50Z,2009,2009-01-01,2009-12-31
2607450,TB_e_inc_tbhiv_num,COUNTRY,HRV,EUR,Europe,YEAR,2010,,,,,,,,,8 [4-13],8,4,13,,2025-11-11T16:20:50Z,2010,2010-01-01,2010-12-31
2608876,TB_e_inc_tbhiv_num,COUNTRY,SRB,EUR,Europe,YEAR,2019,,,,,,,,,5 [2-7],5,2,7,,2025-11-11T16:20:50Z,2019,2019-01-01,2019-12-31
2612059,TB_e_inc_tbhiv_num,COUNTRY,MDV,SEAR,South-East Asia,YEAR,2001,,,,,,,,,0 [0-1],0,0,1,,2025-11-11T16:20:50Z,2001,2001-01-01,2001-12-31
2614602,TB_e_inc_tbhiv_num,COUNTRY,FJI,WPR,Western Pacific,YEAR,2001,,,,,,,,,3 [0-14],3,0,14,,2025-11-11T16:20:50Z,2001,2001-01-01,2001-12-31
2614903,TB_e_inc_tbhiv_num,COUNTRY,EGY,EMR,Eastern Mediterranean,YEAR,2005,,,,,,,,,28 [11-51],28,11,51,,2025-11-11T16:20:50Z,2005,2005-01-01,2005-12-31
2620879,TB_e_inc_tbhiv_num,REGION,EMR,,,YEAR,2007,,,,,,,,,13 000 [5400-24 000],13000,5400,24000,,2025-11-11T16:20:50Z,2007,2007-01-01,2007-12-31
2624844,TB_e_inc_tbhiv_num,COUNTRY,AUS,WPR,Western Pacific,YEAR,2011,,,,,,,,,44 [16-87],44,16,87,,2025-11-11T16:20:50Z,2011,2011-01-01,2011-12-31
2626252,TB_e_inc_tbhiv_num,COUNTRY,BHS,AMR,Americas,YEAR,2013,,,,,,,,,14 [7-23],14,7,23,,2025-11-11T16:20:50Z,2013,2013-01-01,2013-12-31
2626793,TB_e_inc_tbhiv_num,COUNTRY,BGD,SEAR,South-East Asia,YEAR,2022,,,,,,,,,730 [370-1200],730,370,1200,,2025-11-11T16:20:50Z,2022,2022-01-01,2022-12-31
2626815,TB_e_inc_tbhiv_num,COUNTRY,LAO,WPR,Western Pacific,YEAR,2015,,,,,,,,,940 [530-1500],940,530,1500,,2025-11-11T16:20:50Z,2015,2015-01-01,2015-12-31
2627172,TB_e_inc_tbhiv_num,COUNTRY,ZMB,AFR,Africa,YEAR,2004,,,,,,,,,50 000 [26 000-81 000],50000,26000,81000,,2025-11-11T16:20:50Z,2004,2004-01-01,2004-12-31
2627900,TB_e_inc_tbhiv_num,COUNTRY,BHS,AMR,Americas,YEAR,2010,,,,,,,,,21 [13-32],21,13,32,,2025-11-11T16:20:50Z,2010,2010-01-01,2010-12-31
2631786,TB_e_inc_tbhiv_num,COUNTRY,IND,SEAR,South-East Asia,YEAR,2019,,,,,,,,,73 000 [58 000-91 000],73000,58000,91000,,2025-11-11T16:20:50Z,2019,2019-01-01,2019-12-31
2632528,TB_e_inc_tbhiv_num,COUNTRY,PRI,AMR,Americas,YEAR,2011,,,,,,,,,16 [8-26],16,8,26,,2025-11-11T16:20:50Z,2011,2011-01-01,2011-12-31
2634278,TB_e_inc_tbhiv_num,COUNTRY,STP,AFR,Africa,YEAR,2010,,,,,,,,,32 [17-53],32,17,53,,2025-11-11T16:20:50Z,2010,2010-01-01,2010-12-31
2636044,TB_e_inc_tbhiv_num,COUNTRY,CZE,EUR,Europe,YEAR,2006,,,,,,,,,8 [4-13],8,4,13,,2025-11-11T16:20:50Z,2006,2006-01-01,2006-12-31
2637439,TB_e_inc_tbhiv_num,COUNTRY,NAM,AFR,Africa,YEAR,2022,,,,,,,,,3900 [2800-5300],3900,2800,5300,,2025-11-11T16:20:50Z,2022,2022-01-01,2022-12-31
2637509,TB_e_inc_tbhiv_num,COUNTRY,SWZ,AFR,Africa,YEAR,2001,,,,,,,,,7700 [1400-19 000],7700,1400,19000,,2025-11-11T16:20:50Z,2001,2001-01-01,2001-12-31
2639394,TB_e_inc_tbhiv_num,COUNTRY,JPN,WPR,Western Pacific,YEAR,2009,,,,,,,,,180 [61-350],180,61,350,,2025-11-11T16:20:50Z,2009,2009-01-01,2009-12-31
2641215,TB_e_inc_tbhiv_num,COUNTRY,HRV,EUR,Europe,YEAR,2022,,,,,,,,,2 [1-4],2,1,4,,2025-11-11T16:20:50Z,2022,2022-01-01,2022-12-31
2642076,TB_e_inc_tbhiv_num,COUNTRY,SVK,EUR,Europe,YEAR,2007,,,,,,,,,0 [0-0],0,0,0,,2025-11-11T16:20:50Z,2007,2007-01-01,2007-12-31
2647754,TB_e_inc_tbhiv_num,COUNTRY,COL,AMR,Americas,YEAR,2021,,,,,,,,,3000 [1800-4400],3000,1800,4400,,2025-11-11T16:20:50Z,2021,2021-01-01,2021-12-31
2649771,TB_e_inc_tbhiv_num,COUNTRY,LBR,AFR,Africa,YEAR,2011,,,,,,,,,3200 [1500-5500],3200,1500,5500,,2025-11-11T16:20:50Z,2011,2011-01-01,2011-12-31
2654053,TB_e_inc_tbhiv_num,COUNTRY,TUR,EUR,Europe,YEAR,2017,,,,,,,,,120 [88-160],120,88,160,,2025-11-11T16:20:50Z,2017,2017-01-01,2017-12-31
2657840,TB_e_inc_tbhiv_num,COUNTRY,ALB,EUR,Europe,YEAR,2002,,,,,,,,,1 [0-2],1,0,2,,2025-11-11T16:20:50Z,2002,2002-01-01,2002-12-31
2667429,TB_e_inc_tbhiv_num,COUNTRY,AGO,AFR,Africa,YEAR,2016,,,,,,,,,26 000 [12 000-45 000],26000,12000,45000,,2025-11-11T16:20:50Z,2016,2016-01-01,2016-12-31
2668376,TB_e_inc_tbhiv_num,COUNTRY,FIN,EUR,Europe,YEAR,2022,,,,,,,,,3 [2-5],3,2,5,,2025-11-11T16:20:50Z,2022,2022-01-01,2022-12-31
2668413,TB_e_inc_tbhiv_num,COUNTRY,KHM,WPR,Western Pacific,YEAR,2005,,,,,,,,,7500 [5000-11 000],7500,5000,11000,,2025-11-11T16:20:50Z,2005,2005-01-01,2005-12-31
2671019,TB_e_inc_tbhiv_num,COUNTRY,BWA,AFR,Africa,YEAR,2010,,,,,,,,,8000 [6400-9700],8000,6400,9700,,2025-11-11T16:20:50Z,2010,2010-01-01,2010-12-31
2671936,TB_e_inc_tbhiv_num,COUNTRY,DNK,EUR,Europe,YEAR,2001,,,,,,,,,54 [20-100],54,20,100,,2025-11-11T16:20:50Z,2001,2001-01-01,2001-12-31
2672266,TB_e_inc_tbhiv_num,COUNTRY,GAB,AFR,Africa,YEAR,2017,,,,,,,,,3300 [1700-5400],3300,1700,5400,,2025-11-11T16:20:50Z,2017,2017-01-01,2017-12-31
2675554,TB_e_inc_tbhiv_num,COUNTRY,PAK,EMR,Eastern Mediterranean,YEAR,2001,,,,,,,,,0 [0-0],0,0,0,,2025-11-11T16:20:50Z,2001,2001-01-01,2001-12-31
2677285,TB_e_inc_tbhiv_num,COUNTRY,USA,AMR,Americas,YEAR,2000,,,,,,,,,5300 [2400-9400],5300,2400,9400,,2025-11-11T16:20:50Z,2000,2000-01-01,2000-12-31
2679835,TB_e_inc_tbhiv_num,COUNTRY,COM,AFR,Africa,YEAR,2002,,,,,,,,,1 [0-3],1,0,3,,2025-11-11T16:20:50Z,2002,2002-01-01,2002-12-31
2681059,TB_e_inc_tbhiv_num,COUNTRY,LBY,EMR,Eastern Mediterranean,YEAR,2000,,,,,,,,,28 [7-65],28,7,65,,2025-11-11T16:20:50Z,2000,2000-01-01,2000-12-31
2682814,TB_e_inc_tbhiv_num,COUNTRY,LSO,AFR,Africa,YEAR,2011,,,,,,,,,17 000 [6600-32 000],17000,6600,32000,,2025-11-11T16:20:50Z,2011,2011-01-01,2011-12-31
2687885,TB_e_inc_tbhiv_num,COUNTRY,KGZ,EUR,Europe,YEAR,2018,,,,,,,,,300 [220-380],300,220,380,,2025-11-11T16:20:50Z,2018,2018-01-01,2018-12-31
2688725,TB_e_inc_tbhiv_num,GLOBAL,GLOBAL,,,YEAR,2004,,,,,,,,,1 670 000 [1 190 000-2 230 000],1670000,1190000,2230000,,2025-11-11T16:20:50Z,2004,2004-01-01,2004-12-31
2692659,TB_e_inc_tbhiv_num,COUNTRY,NPL,SEAR,South-East Asia,YEAR,2015,,,,,,,,,2000 [570-4200],2000,570,4200,,2025-11-11T16:20:50Z,2015,2015-01-01,2015-12-31
2692827,TB_e_inc_tbhiv_num,COUNTRY,MYS,WPR,Western Pacific,YEAR,2024,,,,,,,,,1600 [1200-2000],1600,1200,2000,,2025-11-11T16:20:50Z,2024,2024-01-01,2024-12-31
2693876,TB_e_inc_tbhiv_num,COUNTRY,TGO,AFR,Africa,YEAR,2013,,,,,,,,,1000 [590-1600],1000,590,1600,,2025-11-11T16:20:50Z,2013,2013-01-01,2013-12-31
2693952,TB_e_inc_tbhiv_num,COUNTRY,COM,AFR,Africa,YEAR,2008,,,,,,,,,0 [0-0],0,0,0,,2025-11-11T16:20:50Z,2008,2008-01-01,2008-12-31
2695836,TB_e_inc_tbhiv_num,COUNTRY,TJK,EUR,Europe,YEAR,2001,,,,,,,,,0 [0-0],0,0,0,,2025-11-11T16:20:50Z,2001,2001-01-01,2001-12-31
2696682,TB_e_inc_tbhiv_num,COUNTRY,TJK,EUR,Europe,YEAR,2013,,,,,,,,,240 [180-300],240,180,300,,2025-11-11T16:20:50Z,2013,2013-01-01,2013-12-31
2699609,TB_e_inc_tbhiv_num,COUNTRY,PRI,AMR,Americas,YEAR,2005,,,,,,,,,57 [39-79],57,39,79,,2025-11-11T16:20:50Z,2005,2005-01-01,2005-12-31
2700664,TB_e_inc_tbhiv_num,COUNTRY,ARM,EUR,Europe,YEAR,2002,,,,,,,,,71 [18-160],71,18,160,,2025-11-11T16:20:50Z,2002,2002-01-01,2002-12-31
2705276,TB_e_inc_tbhiv_num,COUNTRY,PHL,WPR,Western Pacific,YEAR,2015,,,,,,,,,4400 [2100-7700],4400,2100,7700,,2025-11-11T16:20:50Z,2015,2015-01-01,2015-12-31
2705850,TB_e_inc_tbhiv_num,COUNTRY,BEL,EUR,Europe,YEAR,2023,,,,,,,,,11 [4-21],11,4,21,,2025-11-11T16:20:50Z,2023,2023-01-01,2023-12-31
2708578,TB_e_inc_tbhiv_num,COUNTRY,SRB,EUR,Europe,YEAR,2009,,,,,,,,,9 [5-15],9,5,15,,2025-11-11T16:20:50Z,2009,2009-01-01,2009-12-31
2710004,TB_e_inc_tbhiv_num,COUNTRY,GHA,AFR,Africa,YEAR,2006,,,,,,,,,13 000 [3200-30 000],13000,3200,30000,,2025-11-11T16:20:50Z,2006,2006-01-01,2006-12-31
2712628,TB_e_inc_tbhiv_num,COUNTRY,CHN,WPR,Western Pacific,YEAR,2011,,,,,,,,,20 000 [6200-41 000],20000,6200,41000,,2025-11-11T16:20:50Z,2011,2011-01-01,2011-12-31
2718843,TB_e_inc_tbhiv_num,COUNTRY,GNQ,AFR,Africa,YEAR,2018,,,,,,,,,1300 [560-2400],1300,560,2400,,2025-11-11T16:20:50Z,2018,2018-01-01,2018-12-31
2722497,TB_e_inc_tbhiv_num,COUNTRY,SVK,EUR,Europe,YEAR,2021,,,,,,,,,5 [1-12],5,1,12,,2025-11-11T16:20:50Z,2021,2021-01-01,2021-12-31
2726939,TB_e_inc_tbhiv_num,COUNTRY,MMR,SEAR,South-East Asia,YEAR,2008,,,,,,,,,28 000 [10 000-56 000],28000,10000,56000,,2025-11-11T16:20:50Z,2008,2008-01-01,2008-12-31
2726960,TB_e_inc_tbhiv_num,COUNTRY,IRL,EUR,Europe,YEAR,2016,,,,,,,,,12 [6-19],12,6,19,,2025-11-11T16:20:50Z,2016,2016-01-01,2016-12-31
2732306,TB_e_inc_tbhiv_num,COUNTRY,NPL,SEAR,South-East Asia,YEAR,2006,,,,,,,,,3200 [930-7000],3200,930,7000,,2025-11-11T16:20:50Z,2006,2006-01-01,2006-12-31
2733506,TB_e_inc_tbhiv_num,COUNTRY,BEN,AFR,Africa,YEAR,2023,,,,,,,,,710 [200-1500],710,200,1500,,2025-11-11T16:20:50Z,2023,2023-01-01,2023-12-31
2733744,TB_e_inc_tbhiv_num,COUNTRY,MWI,AFR,Africa,YEAR,2018,,,,,,,,,14 000 [6800-23 000],14000,6800,23000,,2025-11-11T16:20:50Z,2018,2018-01-01,2018-12-31
2734218,TB_e_inc_tbhiv_num,COUNTRY,HUN,EUR,Europe,YEAR,2013,,,,,,,,,12 [6-19],12,6,19,,2025-11-11T16:20:50Z,2013,2013-01-01,2013-12-31
2737781,TB_e_inc_tbhiv_num,COUNTRY,JAM,AMR,Americas,YEAR,2002,,,,,,,,,52 [23-94],52,23,94,,2025-11-11T16:20:50Z,2002,2002-01-01,2002-12-31
2738785,TB_e_inc_tbhiv_num,COUNTRY,UZB,EUR,Europe,YEAR,2009,,,,,,,,,530 [390-680],530,390,680,,2025-11-11T16:20:50Z,2009,2009-01-01,2009-12-31
2739165,TB_e_inc_tbhiv_num,COUNTRY,IRQ,EMR,Eastern Mediterranean,YEAR,2015,,,,,,,,,4 [1-8],4,1,8,,2025-11-11T16:20:50Z,2015,2015-01-01,2015-12-31
2739484,TB_e_inc_tbhiv_num,COUNTRY,BEL,EUR,Europe,YEAR,2011,,,,,,,,,60 [41-82],60,41,82,,2025-11-11T16:20:50Z,2011,2011-01-01,2011-12-31
2743087,TB_e_inc_tbhiv_num,COUNTRY,KAZ,EUR,Europe,YEAR,2000,,,,,,,,,380 [120-790],380,120,790,,2025-11-11T16:20:50Z,2000,2000-01-01,2000-12-31
2744869,TB_e_inc_tbhiv_num,COUNTRY,GRC,EUR,Europe,YEAR,2020,,,,,,,,,17 [9-27],17,9,27,,2025-11-11T16:20:50Z,2020,2020-01-01,2020-12-31
2751192,TB_e_inc_tbhiv_num,WORLDBANKINCOMEGROUP,WB_LMI,,,YEAR,2021,,,,,,,,,276 000 [244 000-310 000],276000,244000,310000,,2025-11-11T16:20:50Z,2021,2021-01-01,2021-12-31
2755640,TB_e_inc_tbhiv_num,COUNTRY,BHS,AMR,Americas,YEAR,2022,,,,,,,,,19 [11-30],19,11,30,,2025-11-11T16:20:50Z,2022,2022-01-01,2022-12-31
2757346,TB_e_inc_tbhiv_num,COUNTRY,SSD,AFR,Africa,YEAR,2021,,,,,,,,,4800 [2100-8500],4800,2100,8500,,2025-11-11T16:20:50Z,2021,2021-01-01,2021-12-31
2758825,TB_e_inc_tbhiv_num,COUNTRY,MHL,WPR,Western Pacific,YEAR,2008,,,,,,,,,0 [0-0],0,0,0,,2025-11-11T16:20:50Z,2008,2008-01-01,2008-12-31
2759522,TB_e_inc_tbhiv_num,WORLDBANKINCOMEGROUP,WB_LMI,,,YEAR,2015,,,,,,,,,531 000 [448 000-621 000],531000,448000,621000,,2025-11-11T16:20:50Z,2015,2015-01-01,2015-12-31
2761115,TB_e_inc_tbhiv_num,COUNTRY,CHN,WPR,Western Pacific,YEAR,2010,,,,,,,,,20 000 [6100-41 000],20000,6100,41000,,2025-11-11T16:20:50Z,2010,2010-01-01,2010-12-31
2767448,TB_e_inc_tbhiv_num,COUNTRY,SGP,WPR,Western Pacific,YEAR,2018,,,,,,,,,35 [22-51],35,22,51,,2025-11-11T16:20:50Z,2018,2018-01-01,2018-12-31
2772290,TB_e_inc_tbhiv_num,COUNTRY,HTI,AMR,Americas,YEAR,2004,,,,,,,,,14 000 [6800-25 000],14000,6800,25000,,2025-11-11T16:20:50Z,2004,2004-01-01,2004-12-31
2772384,TB_e_inc_tbhiv_num,COUNTRY,DEU,EUR,Europe,YEAR,2023,,,,,,,,,120 [66-190],120,66,190,,2025-11-11T16:20:50Z,2023,2023-01-01,2023-12-31
2774546,TB_e_inc_tbhiv_num,COUNTRY,QAT,EMR,Eastern Mediterranean,YEAR,2021,,,,,,,,,4 [0-11],4,0,11,,2025-11-11T16:20:50Z,2021,2021-01-01,2021-12-31
2775977,TB_e_inc_tbhiv_num,COUNTRY,MDG,AFR,Africa,YEAR,2021,,,,,,,,,1000 [790-1300],1000,790,1300,,2025-11-11T16:20:50Z,2021,2021-01-01,2021-12-31
2781421,TB_e_inc_tbhiv_num,COUNTRY,KAZ,EUR,Europe,YEAR,2018,,,,,,,,,760 [560-980],760,560,980,,2025-11-11T16:20:50Z,2018,2018-01-01,2018-12-31
2783726,TB_e_inc_tbhiv_num,COUNTRY,PAK,EMR,Eastern Mediterranean,YEAR,2003,,,,,,,,,170 [3-640],170,3,640,,2025-11-11T16:20:50Z,2003,2003-01-01,2003-12-31
2786124,TB_e_inc_tbhiv_num,COUNTRY,BIH,EUR,Europe,YEAR,2003,,,,,,,,,2 [1-4],2,1,4,,2025-11-11T16:20:50Z,2003,2003-01-01,2003-12-31
2798324,TB_e_inc_tbhiv_num,COUNTRY,ZMB,AFR,Africa,YEAR,2020,,,,,,,,,24 000 [15 000-35 000],24000,15000,35000,,2025-11-11T16:20:50Z,2020,2020-01-01,2020-12-31
2798503,TB_e_inc_tbhiv_num,COUNTRY,HTI,AMR,Americas,YEAR,2001,,,,,,,,,18 000 [9900-30 000],18000,9900,30000,,2025-11-11T16:20:50Z,2001,2001-01-01,2001-12-31
2799606,TB_e_inc_tbhiv_num,COUNTRY,NIC,AMR,Americas,YEAR,2000,,,,,,,,,230 [73-460],230,73,460,,2025-11-11T16:20:50Z,2000,2000-01-01,2000-12-31
2799610,TB_e_inc_tbhiv_num,COUNTRY,TTO,AMR,Americas,YEAR,2007,,,,,,,,,100 [74-130],100,74,130,,2025-11-11T16:20:50Z,2007,2007-01-01,2007-12-31
2806516,TB_e_inc_tbhiv_num,COUNTRY,IRN,EMR,Eastern Mediterranean,YEAR,2015,,,,,,,,,320 [89-690],320,89,690,,2025-11-11T16:20:50Z,2015,2015-01-01,2015-12-31
2806733,TB_e_inc_tbhiv_num,COUNTRY,ZAF,AFR,Africa,YEAR,2006,,,,,,,,,452 000 [140 000-941 000],452000,140000,941000,,2025-11-11T16:20:50Z,2006,2006-01-01,2006-12-31
2807148,TB_e_inc_tbhiv_num,COUNTRY,BHS,AMR,Americas,YEAR,2005,,,,,,,,,30 [16-47],30,16,47,,2025-11-11T16:20:50Z,2005,2005-01-01,2005-12-31
2807789,TB_e_inc_tbhiv_num,COUNTRY,SWE,EUR,Europe,YEAR,2022,,,,,,,,,9 [5-15],9,5,15,,2025-11-11T16:20:50Z,2022,2022-01-01,2022-12-31
2808982,TB_e_inc_tbhiv_num,COUNTRY,BEL,EUR,Europe,YEAR,2019,,,,,,,,,38 [13-74],38,13,74,,2025-11-11T16:20:50Z,2019,2019-01-01,2019-12-31
2809364,TB_e_inc_tbhiv_num,COUNTRY,HRV,EUR,Europe,YEAR,2003,,,,,,,,,27 [14-44],27,14,44,,2025-11-11T16:20:50Z,2003,2003-01-01,2003-12-31
2815586,TB_e_inc_tbhiv_num,COUNTRY,RUS,EUR,Europe,YEAR,2000,,,,,,,,,2200 [440-5200],2200,440,5200,,2025-11-11T16:20:50Z,2000,2000-01-01,2000-12-31
2816017,TB_e_inc_tbhiv_num,REGION,AFR,,,YEAR,2024,,,,,,,,,428 000 [357 000-506 000],428000,357000,506000,,2025-11-11T16:20:50Z,2024,2024-01-01,2024-12-31
2816600,TB_e_inc_tbhiv_num,COUNTRY,IRL,EUR,Europe,YEAR,2019,,,,,,,,,11 [6-18],11,6,18,,2025-11-11T16:20:50Z,2019,2019-01-01,2019-12-31
2820336,TB_e_inc_tbhiv_num,COUNTRY,URY,AMR,Americas,YEAR,2019,,,,,,,,,180 [130-230],180,130,230,,2025-11-11T16:20:50Z,2019,2019-01-01,2019-12-31
2820951,TB_e_inc_tbhiv_num,COUNTRY,IRL,EUR,Europe,YEAR,2005,,,,,,,,,26 [14-41],26,14,41,,2025-11-11T16:20:50Z,2005,2005-01-01,2005-12-31
2821841,TB_e_inc_tbhiv_num,COUNTRY,CIV,AFR,Africa,YEAR,2011,,,,,,,,,12 000 [9300-15 000],12000,9300,15000,,2025-11-11T16:20:50Z,2011,2011-01-01,2011-12-31
2824412,TB_e_inc_tbhiv_num,COUNTRY,VUT,WPR,Western Pacific,YEAR,2012,,,,,,,,,100 [69-150],100,69,150,,2025-11-11T16:20:50Z,2012,2012-01-01,2012-12-31
2825323,TB_e_inc_tbhiv_num,COUNTRY,BTN,SEAR,South-East Asia,YEAR,2004,,,,,,,,,120 [23-310],120,23,310,,2025-11-11T16:20:50Z,2004,2004-01-01,2004-12-31
2831426,TB_e_inc_tbhiv_num,COUNTRY,CYP,EUR,Europe,YEAR,2015,,,,,,,,,3 [2-5],3,2,5,,2025-11-11T16:20:50Z,2015,2015-01-01,2015-12-31
2832589,TB_e_inc_tbhiv_num,COUNTRY,TGO,AFR,Africa,YEAR,2006,,,,,,,,,2000 [920-3400],2000,920,3400,,2025-11-11T16:20:50Z,2006,2006-01-01,2006-12-31
2834503,TB_e_inc_tbhiv_num,COUNTRY,ROU,EUR,Europe,YEAR,2012,,,,,,,,,520 [170-1100],520,170,1100,,2025-11-11T16:20:50Z,2012,2012-01-01,2012-12-31
2834993,TB_e_inc_tbhiv_num,COUNTRY,HUN,EUR,Europe,YEAR,2018,,,,,,,,,8 [4-13],8,4,13,,2025-11-11T16:20:50Z,2018,2018-01-01,2018-12-31
2837292,TB_e_inc_tbhiv_num,COUNTRY,FSM,WPR,Western Pacific,YEAR,2012,,,,,,,,,0 [0-0],0,0,0,,2025-11-11T16:20:50Z,2012,2012-01-01,2012-12-31
2838088,TB_e_inc_tbhiv_num,COUNTRY,TKM,EUR,Europe,YEAR,2011,,,,,,,,,850 [460-1400],850,460,1400,,2025-11-11T16:20:50Z,2011,2011-01-01,2011-12-31
2838985,TB_e_inc_tbhiv_num,COUNTRY,TCD,AFR,Africa,YEAR,2022,,,,,,,,,2700 [1800-3700],2700,1800,3700,,2025-11-11T16:20:50Z,2022,2022-01-01,2022-12-31
2841097,TB_e_inc_tbhiv_num,COUNTRY,MDG,AFR,Africa,YEAR,2003,,,,,,,,,220 [66-450],220,66,450,,2025-11-11T16:20:50Z,2003,2003-01-01,2003-12-31
2841714,TB_e_inc_tbhiv_num,COUNTRY,BRN,WPR,Western Pacific,YEAR,2021,,,,,,,,,5 [1-12],5,1,12,,2025-11-11T16:20:50Z,2021,2021-01-01,2021-12-31
2845895,TB_e_inc_tbhiv_num,COUNTRY,DOM,AMR,Americas,YEAR,2012,,,,,,,,,1300 [940-1600],1300,940,1600,,2025-11-11T16:20:50Z,2012,2012-01-01,2012-12-31
2846501,TB_e_inc_tbhiv_num,WORLDBANKINCOMEGROUP,WB_UMI,,,YEAR,2010,,,,,,,,,550 000 [301 000-872 000],550000,301000,872000,,2025-11-11T16:20:50Z,2010,2010-01-01,2010-12-31
2847476,TB_e_inc_tbhiv_num,COUNTRY,GBR,EUR,Europe,YEAR,2004,,,,,,,,,620 [250-1200],620,250,1200,,2025-11-11T16:20:50Z,2004,2004-01-01,2004-12-31
2853198,TB_e_inc_tbhiv_num,COUNTRY,COD,AFR,Africa,YEAR,2020,,,,,,,,,31 000 [13 000-55 000],31000,13000,55000,,2025-11-11T16:20:50Z,2020,2020-01-01,2020-12-31
2856554,TB_e_inc_tbhiv_num,COUNTRY,GTM,AMR,Americas,YEAR,2012,,,,,,,,,360 [270-460],360,270,460,,2025-11-11T16:20:50Z,2012,2012-01-01,2012-12-31
2856729,TB_e_inc_tbhiv_num,COUNTRY,JPN,WPR,Western Pacific,YEAR,2006,,,,,,,,,230 [81-470],230,81,470,,2025-11-11T16:20:50Z,2006,2006-01-01,2006-12-31
2856942,TB_e_inc_tbhiv_num,COUNTRY,SAU,EMR,Eastern Mediterranean,YEAR,2002,,,,,,,,,40 [14-79],40,14,79,,2025-11-11T16:20:50Z,2002,2002-01-01,2002-12-31
2857485,TB_e_inc_tbhiv_num,COUNTRY,CZE,EUR,Europe,YEAR,2014,,,,,,,,,4 [2-6],4,2,6,,2025-11-11T16:20:50Z,2014,2014-01-01,2014-12-31
2859811,TB_e_inc_tbhiv_num,COUNTRY,SWZ,AFR,Africa,YEAR,2020,,,,,,,,,2400 [1400-3600],2400,1400,3600,,2025-11-11T16:20:50Z,2020,2020-01-01,2020-12-31
2860364,TB_e_inc_tbhiv_num,COUNTRY,LTU,EUR,Europe,YEAR,2019,,,,,,,,,36 [22-54],36,22,54,,2025-11-11T16:20:50Z,2019,2019-01-01,2019-12-31
2863298,TB_e_inc_tbhiv_num,COUNTRY,ALB,EUR,Europe,YEAR,2024,,,,,,,,,6 [1-15],6,1,15,,2025-11-11T16:20:50Z,2024,2024-01-01,2024-12-31
2864024,TB_e_inc_tbhiv_num,COUNTRY,DOM,AMR,Americas,YEAR,2017,,,,,,,,,1300 [990-1700],1300,990,1700,,2025-11-11T16:20:50Z,2017,2017-01-01,2017-12-31
2865351,TB_e_inc_tbhiv_num,COUNTRY,AFG,EMR,Eastern Mediterranean,YEAR,2022,,,,,,,,,26 [8-53],26,8,53,,2025-11-11T16:20:50Z,2022,2022-01-01,2022-12-31
2865390,TB_e_inc_tbhiv_num,COUNTRY,SVN,EUR,Europe,YEAR,2022,,,,,,,,,0 [0-0],0,0,0,,2025-11-11T16:20:50Z,2022,2022-01-01,2022-12-31
2867057,TB_e_inc_tbhiv_num,COUNTRY,NER,AFR,Africa,YEAR,2022,,,,,,,,,620 [360-950],620,360,950,,2025-11-11T16:20:50Z,2022,2022-01-01,2022-12-31
2869579,TB_e_inc_tbhiv_num,COUNTRY,PHL,WPR,Western Pacific,YEAR,2001,,,,,,,,,3700 [1600-6600],3700,1600,6600,,2025-11-11T16:20:50Z,2001,2001-01-01,2001-12-31
2884442,TB_e_inc_tbhiv_num,COUNTRY,COM,AFR,Africa,YEAR,2006,,,,,,,,,1 [0-3],1,0,3,,2025-11-11T16:20:50Z,2006,2006-01-01,2006-12-31
2892161,TB_e_inc_tbhiv_num,COUNTRY,MYS,WPR,Western Pacific,YEAR,2014,,,,,,,,,2300 [1700-3000],2300,1700,3000,,2025-11-11T16:20:50Z,2014,2014-01-01,2014-12-31
2892242,TB_e_inc_tbhiv_num,REGION,EMR,,,YEAR,2024,,,,,,,,,4700 [1000-11 000],4700,1000,11000,,2025-11-11T16:20:50Z,2024,2024-01-01,2024-12-31
2895039,TB_e_inc_tbhiv_num,REGION,AFR,,,YEAR,2001,,,,,,,,,1 170 000 [892 000-1 480 000],1170000,892000,1480000,,2025-11-11T16:20:50Z,2001,2001-01-01,2001-12-31
2896877,TB_e_inc_tbhiv_num,COUNTRY,LSO,AFR,Africa,YEAR,2003,,,,,,,,,15 000 [6100-29 000],15000,6100,29000,,2025-11-11T16:20:50Z,2003,2003-01-01,2003-12-31
2898959,TB_e_inc_tbhiv_num,COUNTRY,SOM,EMR,Eastern Mediterranean,YEAR,2012,,,,,,,,,740 [560-950],740,560,950,,2025-11-11T16:20:50Z,2012,2012-01-01,2012-12-31
2901094,TB_e_inc_tbhiv_num,REGION,EUR,,,YEAR,2013,,,,,,,,,29 000 [19 000-42 000],29000,19000,42000,,2025-11-11T16:20:50Z,2013,2013-01-01,2013-12-31
2908662,TB_e_inc_tbhiv_num,COUNTRY,TTO,AMR,Americas,YEAR,2002,,,,,,,,,100 [56-170],100,56,170,,2025-11-11T16:20:50Z,2002,2002-01-01,2002-12-31
2908915,TB_e_inc_tbhiv_num,COUNTRY,POL,EUR,Europe,YEAR,2012,,,,,,,,,100 [56-170],100,56,170,,2025-11-11T16:20:50Z,2012,2012-01-01,2012-12-31
2910556,TB_e_inc_tbhiv_num,COUNTRY,CYP,EUR,Europe,YEAR,2018,,,,,,,,,3 [1-5],3,1,5,,2025-11-11T16:20:50Z,2018,2018-01-01,2018-12-31
2911778,TB_e_inc_tbhiv_num,COUNTRY,NAM,AFR,Africa,YEAR,2015,,,,,,,,,6100 [3700-9100],6100,3700,9100,,2025-11-11T16:20:50Z,2015,2015-01-01,2015-12-31
2913371,TB_e_inc_tbhiv_num,COUNTRY,KHM,WPR,Western Pacific,YEAR,2004,,,,,,,,,8400 [5500-12 000],8400,5500,12000,,2025-11-11T16:20:50Z,2004,2004-01-01,2004-12-31
2914977,TB_e_inc_tbhiv_num,REGION,EMR,,,YEAR,2018,,,,,,,,,6600 [1000-17 000],6600,1000,17000,,2025-11-11T16:20:50Z,2018,2018-01-01,2018-12-31
2915975,TB_e_inc_tbhiv_num,COUNTRY,COL,AMR,Americas,YEAR,2009,,,,,,,,,1700 [1300-2300],1700,1300,2300,,2025-11-11T16:20:50Z,2009,2009-01-01,2009-12-31
2917405,TB_e_inc_tbhiv_num,COUNTRY,KAZ,EUR,Europe,YEAR,2004,,,,,,,,,430 [140-890],430,140,890,,2025-11-11T16:20:50Z,2004,2004-01-01,2004-12-31
2917685,TB_e_inc_tbhiv_num,COUNTRY,PSE,EMR,Eastern Mediterranean,YEAR,2011,,,,,,,,,0 [0-0],0,0,0,,2025-11-11T16:20:50Z,2011,2011-01-01,2011-12-31
2920715,TB_e_inc_tbhiv_num,COUNTRY,RUS,EUR,Europe,YEAR,2006,,,,,,,,,6300 [1500-15 000],6300,1500,15000,,2025-11-11T16:20:50Z,2006,2006-01-01,2006-12-31
2923178,TB_e_inc_tbhiv_num,COUNTRY,USA,AMR,Americas,YEAR,2013,,,,,,,,,720 [530-930],720,530,930,,2025-11-11T16:20:50Z,2013,2013-01-01,2013-12-31
2926386,TB_e_inc_tbhiv_num,COUNTRY,AZE,EUR,Europe,YEAR,2000,,,,,,,,,360 [57-930],360,57,930,,2025-11-11T16:20:50Z,2000,2000-01-01,2000-12-31
2927309,TB_e_inc_tbhiv_num,COUNTRY,ECU,AMR,Americas,YEAR,2000,,,,,,,,,1000 [300-2200],1000,300,2200,,2025-11-11T16:20:50Z,2000,2000-01-01,2000-12-31
2927337,TB_e_inc_tbhiv_num,WORLDBANKINCOMEGROUP,WB_UMI,,,YEAR,2000,,,,,,,,,421 000 [270 000-604 000],421000,270000,604000,,2025-11-11T16:20:50Z,2000,2000-01-01,2000-12-31
2935897,TB_e_inc_tbhiv_num,COUNTRY,MYS,WPR,Western Pacific,YEAR,2010,,,,,,,,,2600 [2000-3400],2600,2000,3400,,2025-11-11T16:20:50Z,2010,2010-01-01,2010-12-31
2936381,TB_e_inc_tbhiv_num,COUNTRY,AZE,EUR,Europe,YEAR,2016,,,,,,,,,180 [130-230],180,130,230,,2025-11-11T16:20:50Z,2016,2016-01-01,2016-12-31
2938090,TB_e_inc_tbhiv_num,COUNTRY,BWA,AFR,Africa,YEAR,2006,,,,,,,,,11 000 [9000-13 000],11000,9000,13000,,2025-11-11T16:20:50Z,2006,2006-01-01,2006-12-31
2938408,TB_e_inc_tbhiv_num,COUNTRY,BRA,AMR,Americas,YEAR,2021,,,,,,,,,12 000 [8400-15 000],12000,8400,15000,,2025-11-11T16:20:50Z,2021,2021-01-01,2021-12-31
2943748,TB_e_inc_tbhiv_num,COUNTRY,LBR,AFR,Africa,YEAR,2020,,,,,,,,,1400 [1100-1700],1400,1100,1700,,2025-11-11T16:20:50Z,2020,2020-01-01,2020-12-31
2943915,TB_e_inc_tbhiv_num,WORLDBANKINCOMEGROUP,WB_LI,,,YEAR,2010,,,,,,,,,238 000 [158 000-334 000],238000,158000,334000,,2025-11-11T16:20:50Z,2010,2010-01-01,2010-12-31
2946359,TB_e_inc_tbhiv_num,COUNTRY,YEM,EMR,Eastern Mediterranean,YEAR,2007,,,,,,,,,71 [39-110],71,39,110,,2025-11-11T16:20:50Z,2007,2007-01-01,2007-12-31
2953830,TB_e_inc_tbhiv_num,COUNTRY,TUN,EMR,Eastern Mediterranean,YEAR,2001,,,,,,,,,21 [7-42],21,7,42,,2025-11-11T16:20:50Z,2001,2001-01-01,2001-12-31
2954679,TB_e_inc_tbhiv_num,COUNTRY,KAZ,EUR,Europe,YEAR,2013,,,,,,,,,490 [370-640],490,370,640,,2025-11-11T16:20:50Z,2013,2013-01-01,2013-12-31
2954915,TB_e_inc_tbhiv_num,COUNTRY,PAK,EMR,Eastern Mediterranean,YEAR,2022,,,,,,,,,2400 [52-9200],2400,52,9200,,2025-11-11T16:20:50Z,2022,2022-01-01,2022-12-31
2960228,TB_e_inc_tbhiv_num,COUNTRY,GTM,AMR,Americas,YEAR,2009,,,,,,,,,440 [330-570],440,330,570,,2025-11-11T16:20:50Z,2009,2009-01-01,2009-12-31
2960238,TB_e_inc_tbhiv_num,COUNTRY,SVN,EUR,Europe,YEAR,2016,,,,,,,,,2 [0-6],2,0,6,,2025-11-11T16:20:50Z,2016,2016-01-01,2016-12-31
2961677,TB_e_inc_tbhiv_num,COUNTRY,PSE,EMR,Eastern Mediterranean,YEAR,2009,,,,,,,,,0 [0-0],0,0,0,,2025-11-11T16:20:50Z,2009,2009-01-01,2009-12-31
2963673,TB_e_inc_tbhiv_num,COUNTRY,GMB,AFR,Africa,YEAR,2010,,,,,,,,,900 [340-1700],900,340,1700,,2025-11-11T16:20:50Z,2010,2010-01-01,2010-12-31
2964903,TB_e_inc_tbhiv_num,COUNTRY,GNQ,AFR,Africa,YEAR,2001,,,,,,,,,1000 [330-2000],1000,330,2000,,2025-11-11T16:20:50Z,2001,2001-01-01,2001-12-31
2972266,TB_e_inc_tbhiv_num,COUNTRY,SGP,WPR,Western Pacific,YEAR,2006,,,,,,,,,100 [37-190],100,37,190,,2025-11-11T16:20:50Z,2006,2006-01-01,2006-12-31
2977952,TB_e_inc_tbhiv_num,COUNTRY,PER,AMR,Americas,YEAR,2018,,,,,,,,,2500 [1900-3300],2500,1900,3300,,2025-11-11T16:20:50Z,2018,2018-01-01,2018-12-31
2980475,TB_e_inc_tbhiv_num,COUNTRY,CHE,EUR,Europe,YEAR,2024,,,,,,,,,22 [12-36],22,12,36,,2025-11-11T16:20:50Z,2024,2024-01-01,2024-12-31
2980745,TB_e_inc_tbhiv_num,COUNTRY,GNQ,AFR,Africa,YEAR,2013,,,,,,,,,1800 [680-3500],1800,680,3500,,2025-11-11T16:20:50Z,2013,2013-01-01,2013-12-31
2983835,TB_e_inc_tbhiv_num,COUNTRY,BEN,AFR,Africa,YEAR,2015,,,,,,,,,1100 [550-1800],1100,550,1800,,2025-11-11T16:20:50Z,2015,2015-01-01,2015-12-31
2984073,TB_e_inc_tbhiv_num,COUNTRY,NZL,WPR,Western Pacific,YEAR,2007,,,,,,,,,6 [2-13],6,2,13,,2025-11-11T16:20:50Z,2007,2007-01-01,2007-12-31
2985135,TB_e_inc_tbhiv_num,COUNTRY,GMB,AFR,Africa,YEAR,2012,,,,,,,,,590 [400-810],590,400,810,,2025-11-11T16:20:50Z,2012,2012-01-01,2012-12-31
2985632,TB_e_inc_tbhiv_num,COUNTRY,COM,AFR,Africa,YEAR,2007,,,,,,,,,1 [0-4],1,0,4,,2025-11-11T16:20:50Z,2007,2007-01-01,2007-12-31
2986117,TB_e_inc_tbhiv_num,COUNTRY,MEX,AMR,Americas,YEAR,2001,,,,,,,,,2000 [750-4000],2000,750,4000,,2025-11-11T16:20:50Z,2001,2001-01-01,2001-12-31
2987912,TB_e_inc_tbhiv_num,GLOBAL,GLOBAL,,,YEAR,2021,,,,,,,,,705 000 [619 000-797 000],705000,619000,797000,,2025-11-11T16:20:50Z,2021,2021-01-01,2021-12-31
2990849,TB_e_inc_tbhiv_num,COUNTRY,CAF,AFR,Africa,YEAR,2019,,,,,,,,,5800 [2600-10 000],5800,2600,10000,,2025-11-11T16:20:50Z,2019,2019-01-01,2019-12-31
2991218,TB_e_inc_tbhiv_num,COUNTRY,NLD,EUR,Europe,YEAR,2015,,,,,,,,,30 [11-57],30,11,57,,2025-11-11T16:20:50Z,2015,2015-01-01,2015-12-31
2993342,TB_e_inc_tbhiv_num,COUNTRY,ECU,AMR,Americas,YEAR,2015,,,,,,,,,780 [580-1000],780,580,1000,,2025-11-11T16:20:50Z,2015,2015-01-01,2015-12-31
2993628,TB_e_inc_tbhiv_num,COUNTRY,LKA,SEAR,South-East Asia,YEAR,2003,,,,,,,,,120 [39-230],120,39,230,,2025-11-11T16:20:50Z,2003,2003-01-01,2003-12-31
2994024,TB_e_inc_tbhiv_num,COUNTRY,ISR,EUR,Europe,YEAR,2022,,,,,,,,,9 [3-17],9,3,17,,2025-11-11T16:20:50Z,2022,2022-01-01,2022-12-31
2996246,TB_e_inc_tbhiv_num,COUNTRY,BTN,SEAR,South-East Asia,YEAR,2019,,,,,,,,,5 [1-14],5,1,14,,2025-11-11T16:20:50Z,2019,2019-01-01,2019-12-31
2999228,TB_e_inc_tbhiv_num,COUNTRY,SUR,AMR,Americas,YEAR,2013,,,,,,,,,48 [32-68],48,32,68,,2025-11-11T16:20:50Z,2013,2013-01-01,2013-12-31
2999995,TB_e_inc_tbhiv_num,COUNTRY,QAT,EMR,Eastern Mediterranean,YEAR,2015,,,,,,,,,1 [0-1],1,0,1,,2025-11-11T16:20:50Z,2015,2015-01-01,2015-12-31
3003672,TB_e_inc_tbhiv_num,COUNTRY,ETH,AFR,Africa,YEAR,2008,,,,,,,,,52 000 [17 000-108 000],52000,17000,108000,,2025-11-11T16:20:50Z,2008,2008-01-01,2008-12-31
3003977,TB_e_inc_tbhiv_num,COUNTRY,MAC,,,YEAR,2021,,,,,,,,,7 [2-16],7,2,16,,2025-11-11T16:20:50Z,2021,2021-01-01,2021-12-31
3006649,TB_e_inc_tbhiv_num,COUNTRY,PRT,EUR,Europe,YEAR,2012,,,,,,,,,390 [290-500],390,290,500,,2025-11-11T16:20:50Z,2012,2012-01-01,2012-12-31
3008917,TB_e_inc_tbhiv_num,COUNTRY,MOZ,AFR,Africa,YEAR,2017,,,,,,,,,41 000 [24 000-62 000],41000,24000,62000,,2025-11-11T16:20:50Z,2017,2017-01-01,2017-12-31
3009289,TB_e_inc_tbhiv_num,COUNTRY,KHM,WPR,Western Pacific,YEAR,2008,,,,,,,,,5900 [3800-8500],5900,3800,8500,,2025-11-11T16:20:50Z,2008,2008-01-01,2008-12-31
3009321,TB_e_inc_tbhiv_num,COUNTRY,NOR,EUR,Europe,YEAR,2007,,,,,,,,,9 [3-19],9,3,19,,2025-11-11T16:20:50Z,2007,2007-01-01,2007-12-31
3011526,TB_e_inc_tbhiv_num,COUNTRY,UZB,EUR,Europe,YEAR,2002,,,,,,,,,110 [19-290],110,19,290,,2025-11-11T16:20:50Z,2002,2002-01-01,2002-12-31
3019816,TB_e_inc_tbhiv_num,COUNTRY,IRQ,EMR,Eastern Mediterranean,YEAR,2007,,,,,,,,,1 [0-3],1,0,3,,2025-11-11T16:20:50Z,2007,2007-01-01,2007-12-31
3022943,TB_e_inc_tbhiv_num,COUNTRY,ARM,EUR,Europe,YEAR,2004,,,,,,,,,100 [32-210],100,32,210,,2025-11-11T16:20:50Z,2004,2004-01-01,2004-12-31
3026753,TB_e_inc_tbhiv_num,COUNTRY,AUT,EUR,Europe,YEAR,2003,,,,,,,,,61 [33-97],61,33,97,,2025-11-11T16:20:50Z,2003,2003-01-01,2003-12-31
3030300,TB_e_inc_tbhiv_num,COUNTRY,UKR,EUR,Europe,YEAR,2004,,,,,,,,,12 000 [4600-23 000],12000,4600,23000,,2025-11-11T16:20:50Z,2004,2004-01-01,2004-12-31
3031133,TB_e_inc_tbhiv_num,COUNTRY,HKG,,,YEAR,2003,,,,,,,,,110 [74-150],110,74,150,,2025-11-11T16:20:50Z,2003,2003-01-01,2003-12-31
3032912,TB_e_inc_tbhiv_num,COUNTRY,AZE,EUR,Europe,YEAR,2017,,,,,,,,,130 [98-180],130,98,180,,2025-11-11T16:20:50Z,2017,2017-01-01,2017-12-31
3033723,TB_e_inc_tbhiv_num,COUNTRY,MOZ,AFR,Africa,YEAR,2011,,,,,,,,,52 000 [31 000-80 000],52000,31000,80000,,2025-11-11T16:20:50Z,2011,2011-01-01,2011-12-31
3035220,TB_e_inc_tbhiv_num,COUNTRY,CZE,EUR,Europe,YEAR,2013,,,,,,,,,4 [2-6],4,2,6,,2025-11-11T16:20:50Z,2013,2013-01-01,2013-12-31
3045233,TB_e_inc_tbhiv_num,COUNTRY,NGA,AFR,Africa,YEAR,2020,,,,,,,,,35 000 [22 000-52 000],35000,22000,52000,,2025-11-11T16:20:50Z,2020,2020-01-01,2020-12-31
3045378,TB_e_inc_tbhiv_num,COUNTRY,SWE,EUR,Europe,YEAR,2007,,,,,,,,,12 [6-20],12,6,20,,2025-11-11T16:20:50Z,2007,2007-01-01,2007-12-31
3046387,TB_e_inc_tbhiv_num,COUNTRY,IDN,WPR,Western Pacific,YEAR,2001,,,,,,,,,4700 [2000-8500],4700,2000,8500,,2025-11-11T16:20:50Z,2001,2001-01-01,2001-12-31
3046802,TB_e_inc_tbhiv_num,COUNTRY,LBR,AFR,Africa,YEAR,2022,,,,,,,,,1300 [1000-1700],1300,1000,1700,,2025-11-11T16:20:50Z,2022,2022-01-01,2022-12-31
3048745,TB_e_inc_tbhiv_num,COUNTRY,ARE,EMR,Eastern Mediterranean,YEAR,2009,,,,,,,,,0 [0-0],0,0,0,,2025-11-11T16:20:50Z,2009,2009-01-01,2009-12-31
3049607,TB_e_inc_tbhiv_num,COUNTRY,TTO,AMR,Americas,YEAR,2001,,,,,,,,,180 [98-290],180,98,290,,2025-11-11T16:20:50Z,2001,2001-01-01,2001-12-31
3052997,TB_e_inc_tbhiv_num,COUNTRY,MDG,AFR,Africa,YEAR,2007,,,,,,,,,530 [180-1100],530,180,1100,,2025-11-11T16:20:50Z,2007,2007-01-01,2007-12-31
3054291,TB_e_inc_tbhiv_num,COUNTRY,SGP,WPR,Western Pacific,YEAR,2023,,,,,,,,,31 [19-46],31,19,46,,2025-11-11T16:20:50Z,2023,2023-01-01,2023-12-31
3056156,TB_e_inc_tbhiv_num,REGION,AFR,,,YEAR,2002,,,,,,,,,1 150 000 [859 000-1 490 000],1150000,859000,1490000,,2025-11-11T16:20:50Z,2002,2002-01-01,2002-12-31
3061113,TB_e_inc_tbhiv_num,COUNTRY,GEO,EUR,Europe,YEAR,2012,,,,,,,,,180 [66-350],180,66,350,,2025-11-11T16:20:50Z,2012,2012-01-01,2012-12-31
3061834,TB_e_inc_tbhiv_num,COUNTRY,BGD,SEAR,South-East Asia,YEAR,2024,,,,,,,,,750 [380-1200],750,380,1200,,2025-11-11T16:20:50Z,2024,2024-01-01,2024-12-31
3063805,TB_e_inc_tbhiv_num,COUNTRY,PRT,EUR,Europe,YEAR,2023,,,,,,,,,180 [140-240],180,140,240,,2025-11-11T16:20:50Z,2023,2023-01-01,2023-12-31
3065453,TB_e_inc_tbhiv_num,COUNTRY,BWA,AFR,Africa,YEAR,2019,,,,,,,,,3500 [2700-4300],3500,2700,4300,,2025-11-11T16:20:50Z,2019,2019-01-01,2019-12-31
3067186,TB_e_inc_tbhiv_num,COUNTRY,BRN,WPR,Western Pacific,YEAR,2016,,,,,,,,,4 [1-11],4,1,11,,2025-11-11T16:20:50Z,2016,2016-01-01,2016-12-31
3071800,TB_e_inc_tbhiv_num,COUNTRY,CIV,AFR,Africa,YEAR,2021,,,,,,,,,4400 [2900-6200],4400,2900,6200,,2025-11-11T16:20:50Z,2021,2021-01-01,2021-12-31
3072076,TB_e_inc_tbhiv_num,COUNTRY,CAN,AMR,Americas,YEAR,2003,,,,,,,,,220 [87-430],220,87,430,,2025-11-11T16:20:50Z,2003,2003-01-01,2003-12-31
3072812,TB_e_inc_tbhiv_num,COUNTRY,IRL,EUR,Europe,YEAR,2009,,,,,,,,,20 [11-31],20,11,31,,2025-11-11T16:20:50Z,2009,2009-01-01,2009-12-31
3075819,TB_e_inc_tbhiv_num,COUNTRY,NLD,EUR,Europe,YEAR,2008,,,,,,,,,43 [16-83],43,16,83,,2025-11-11T16:20:50Z,2008,2008-01-01,2008-12-31
3076108,TB_e_inc_tbhiv_num,COUNTRY,MKD,EUR,Europe,YEAR,2019,,,,,,,,,2 [0-7],2,0,7,,2025-11-11T16:20:50Z,2019,2019-01-01,2019-12-31
3081033,TB_e_inc_tbhiv_num,COUNTRY,NLD,EUR,Europe,YEAR,2002,,,,,,,,,110 [44-220],110,44,220,,2025-11-11T16:20:50Z,2002,2002-01-01,2002-12-31
3081331,TB_e_inc_tbhiv_num,COUNTRY,NPL,SEAR,South-East Asia,YEAR,2000,,,,,,,,,3100 [890-6700],3100,890,6700,,2025-11-11T16:20:50Z,2000,2000-01-01,2000-12-31
3085003,TB_e_inc_tbhiv_num,COUNTRY,EST,EUR,Europe,YEAR,2006,,,,,,,,,72 [48-100],72,48,100,,2025-11-11T16:20:50Z,2006,2006-01-01,2006-12-31
3085919,TB_e_inc_tbhiv_num,WORLDBANKINCOMEGROUP,WB_LMI,,,YEAR,2018,,,,,,,,,410 000 [358 000-465 000],410000,358000,465000,,2025-11-11T16:20:50Z,2018,2018-01-01,2018-12-31
3087942,TB_e_inc_tbhiv_num,COUNTRY,GNB,AFR,Africa,YEAR,2000,,,,,,,,,1100 [640-1800],1100,640,1800,,2025-11-11T16:20:50Z,2000,2000-01-01,2000-12-31
3088192,TB_e_inc_tbhiv_num,COUNTRY,DZA,AFR,Africa,YEAR,2011,,,,,,,,,190 [100-300],190,100,300,,2025-11-11T16:20:50Z,2011,2011-01-01,2011-12-31
3090187,TB_e_inc_tbhiv_num,COUNTRY,TKM,EUR,Europe,YEAR,2023,,,,,,,,,670 [370-1100],670,370,1100,,2025-11-11T16:20:50Z,2023,2023-01-01,2023-12-31
3093526,TB_e_inc_tbhiv_num,COUNTRY,SWZ,AFR,Africa,YEAR,2021,,,,,,,,,2400 [1400-3700],2400,1400,3700,,2025-11-11T16:20:50Z,2021,2021-01-01,2021-12-31
3094551,TB_e_inc_tbhiv_num,COUNTRY,COD,AFR,Africa,YEAR,2004,,,,,,,,,73 000 [21 000-156 000],73000,21000,156000,,2025-11-11T16:20:50Z,2004,2004-01-01,2004-12-31
3096832,TB_e_inc_tbhiv_num,COUNTRY,IND,SEAR,South-East Asia,YEAR,2014,,,,,,,,,136 000 [89 000-193 000],136000,89000,193000,,2025-11-11T16:20:50Z,2014,2014-01-01,2014-12-31
3100434,TB_e_inc_tbhiv_num,COUNTRY,SSD,AFR,Africa,YEAR,2020,,,,,,,,,4300 [1900-7600],4300,1900,7600,,2025-11-11T16:20:50Z,2020,2020-01-01,2020-12-31
3103525,TB_e_inc_tbhiv_num,COUNTRY,FRA,EUR,Europe,YEAR,2009,,,,,,,,,430 [160-820],430,160,820,,2025-11-11T16:20:50Z,2009,2009-01-01,2009-12-31
3104391,TB_e_inc_tbhiv_num,COUNTRY,HND,AMR,Americas,YEAR,2013,,,,,,,,,500 [370-650],500,370,650,,2025-11-11T16:20:50Z,2013,2013-01-01,2013-12-31
3109097,TB_e_inc_tbhiv_num,COUNTRY,ETH,AFR,Africa,YEAR,2024,,,,,,,,,12 000 [6100-21 000],12000,6100,21000,,2025-11-11T16:20:50Z,2024,2024-01-01,2024-12-31
3113022,TB_e_inc_tbhiv_num,COUNTRY,TTO,AMR,Americas,YEAR,2020,,,,,,,,,48 [32-67],48,32,67,,2025-11-11T16:20:50Z,2020,2020-01-01,2020-12-31
3113881,TB_e_inc_tbhiv_num,COUNTRY,AUT,EUR,Europe,YEAR,2010,,,,,,,,,22 [12-35],22,12,35,,2025-11-11T16:20:50Z,2010,2010-01-01,2010-12-31
3117058,TB_e_inc_tbhiv_num,COUNTRY,RWA,AFR,Africa,YEAR,2000,,,,,,,,,10 000 [6600-15 000],10000,6600,15000,,2025-11-11T16:20:50Z,2000,2000-01-01,2000-12-31
3119953,TB_e_inc_tbhiv_num,COUNTRY,BLR,EUR,Europe,YEAR,2012,,,,,,,,,300 [220-390],300,220,390,,2025-11-11T16:20:50Z,2012,2012-01-01,2012-12-31
3121570,TB_e_inc_tbhiv_num,COUNTRY,TLS,SEAR,South-East Asia,YEAR,2021,,,,,,,,,56 [37-78],56,37,78,,2025-11-11T16:20:50Z,2021,2021-01-01,2021-12-31
3122616,TB_e_inc_tbhiv_num,COUNTRY,GBR,EUR,Europe,YEAR,2022,,,,,,,,,180 [68-350],180,68,350,,2025-11-11T16:20:50Z,2022,2022-01-01,2022-12-31
3124608,TB_e_inc_tbhiv_num,COUNTRY,ZMB,AFR,Africa,YEAR,2021,,,,,,,,,20 000 [12 000-30 000],20000,12000,30000,,2025-11-11T16:20:50Z,2021,2021-01-01,2021-12-31
3125502,TB_e_inc_tbhiv_num,COUNTRY,ERI,AFR,Africa,YEAR,2003,,,,,,,,,3400 [1400-6300],3400,1400,6300,,2025-11-11T16:20:50Z,2003,2003-01-01,2003-12-31
3128419,TB_e_inc_tbhiv_num,COUNTRY,ARE,EMR,Eastern Mediterranean,YEAR,2007,,,,,,,,,2 [1-4],2,1,4,,2025-11-11T16:20:50Z,2007,2007-01-01,2007-12-31
3128549,TB_e_inc_tbhiv_num,COUNTRY,RWA,AFR,Africa,YEAR,2004,,,,,,,,,5300 [2800-8500],5300,2800,8500,,2025-11-11T16:20:50Z,2004,2004-01-01,2004-12-31
3129944,TB_e_inc_tbhiv_num,COUNTRY,OMN,EMR,Eastern Mediterranean,YEAR,2016,,,,,,,,,18 [9-31],18,9,31,,2025-11-11T16:20:50Z,2016,2016-01-01,2016-12-31
3130838,TB_e_inc_tbhiv_num,COUNTRY,BOL,AMR,Americas,YEAR,2023,,,,,,,,,720 [520-940],720,520,940,,2025-11-11T16:20:50Z,2023,2023-01-01,2023-12-31
3136720,TB_e_inc_tbhiv_num,REGION,SEAR,,,YEAR,2020,,,,,,,,,82 000 [68 000-98 000],82000,68000,98000,,2025-11-11T16:20:50Z,2020,2020-01-01,2020-12-31
3140279,TB_e_inc_tbhiv_num,COUNTRY,GNB,AFR,Africa,YEAR,2010,,,,,,,,,1700 [970-2700],1700,970,2700,,2025-11-11T16:20:50Z,2010,2010-01-01,2010-12-31
3140869,TB_e_inc_tbhiv_num,COUNTRY,URY,AMR,Americas,YEAR,2001,,,,,,,,,160 [60-310],160,60,310,,2025-11-11T16:20:50Z,2001,2001-01-01,2001-12-31
3141306,TB_e_inc_tbhiv_num,COUNTRY,AZE,EUR,Europe,YEAR,2022,,,,,,,,,88 [59-120],88,59,120,,2025-11-11T16:20:50Z,2022,2022-01-01,2022-12-31
3141827,TB_e_inc_tbhiv_num,COUNTRY,FIN,EUR,Europe,YEAR,2024,,,,,,,,,3 [2-5],3,2,5,,2025-11-11T16:20:50Z,2024,2024-01-01,2024-12-31
3142597,TB_e_inc_tbhiv_num,COUNTRY,FRA,EUR,Europe,YEAR,2004,,,,,,,,,730 [300-1400],730,300,1400,,2025-11-11T16:20:50Z,2004,2004-01-01,2004-12-31
3144168,TB_e_inc_tbhiv_num,COUNTRY,RWA,AFR,Africa,YEAR,2011,,,,,,,,,2300 [1500-3200],2300,1500,3200,,2025-11-11T16:20:50Z,2011,2011-01-01,2011-12-31
3153851,TB_e_inc_tbhiv_num,COUNTRY,ARG,AMR,Americas,YEAR,2018,,,,,,,,,840 [470-1300],840,470,1300,,2025-11-11T16:20:50Z,2018,2018-01-01,2018-12-31
3157827,TB_e_inc_tbhiv_num,COUNTRY,EST,EUR,Europe,YEAR,2017,,,,,,,,,18 [9-30],18,9,30,,2025-11-11T16:20:50Z,2017,2017-01-01,2017-12-31
3158680,TB_e_inc_tbhiv_num,COUNTRY,GBR,EUR,Europe,YEAR,2002,,,,,,,,,750 [300-1400],750,300,1400,,2025-11-11T16:20:50Z,2002,2002-01-01,2002-12-31
3160456,TB_e_inc_tbhiv_num,COUNTRY,ZAF,AFR,Africa,YEAR,2003,,,,,,,,,367 000 [138 000-705 000],367000,138000,705000,,2025-11-11T16:20:50Z,2003,2003-01-01,2003-12-31
3162027,TB_e_inc_tbhiv_num,WORLDBANKINCOMEGROUP,WB_UMI,,,YEAR,2019,,,,,,,,,301 000 [222 000-391 000],301000,222000,391000,,2025-11-11T16:20:50Z,2019,2019-01-01,2019-12-31
3163123,TB_e_inc_tbhiv_num,COUNTRY,BRA,AMR,Americas,YEAR,2001,,,,,,,,,6100 [1900-13 000],6100,1900,13000,,2025-11-11T16:20:50Z,2001,2001-01-01,2001-12-31
3163691,TB_e_inc_tbhiv_num,COUNTRY,URY,AMR,Americas,YEAR,2010,,,,,,,,,150 [110-200],150,110,200,,2025-11-11T16:20:50Z,2010,2010-01-01,2010-12-31
3164208,TB_e_inc_tbhiv_num,COUNTRY,NER,AFR,Africa,YEAR,2020,,,,,,,,,700 [420-1100],700,420,1100,,2025-11-11T16:20:50Z,2020,2020-01-01,2020-12-31
3164968,TB_e_inc_tbhiv_num,COUNTRY,FIN,EUR,Europe,YEAR,2020,,,,,,,,,3 [2-5],3,2,5,,2025-11-11T16:20:50Z,2020,2020-01-01,2020-12-31
3164983,TB_e_inc_tbhiv_num,COUNTRY,MDV,SEAR,South-East Asia,YEAR,2010,,,,,,,,,0 [0-0],0,0,0,,2025-11-11T16:20:50Z,2010,2010-01-01,2010-12-31
3167309,TB_e_inc_tbhiv_num,REGION,AMR,,,YEAR,2003,,,,,,,,,43 000 [31 000-55 000],43000,31000,55000,,2025-11-11T16:20:50Z,2003,2003-01-01,2003-12-31
3171090,TB_e_inc_tbhiv_num,COUNTRY,ARE,EMR,Eastern Mediterranean,YEAR,2005,,,,,,,,,4 [1-7],4,1,7,,2025-11-11T16:20:50Z,2005,2005-01-01,2005-12-31
3171977,TB_e_inc_tbhiv_num,COUNTRY,BHR,EMR,Eastern Mediterranean,YEAR,2010,,,,,,,,,14 [6-26],14,6,26,,2025-11-11T16:20:50Z,2010,2010-01-01,2010-12-31
3176139,TB_e_inc_tbhiv_num,COUNTRY,MWI,AFR,Africa,YEAR,2006,,,,,,,,,36 000 [3600-105 000],36000,3600,105000,,2025-11-11T16:20:50Z,2006,2006-01-01,2006-12-31
3177732,TB_e_inc_tbhiv_num,COUNTRY,CIV,AFR,Africa,YEAR,2000,,,,,,,,,19 000 [13 000-27 000],19000,13000,27000,,2025-11-11T16:20:50Z,2000,2000-01-01,2000-12-31
3179090,TB_e_inc_tbhiv_num,COUNTRY,LSO,AFR,Africa,YEAR,2024,,,,,,,,,7500 [3800-11 000],7500,3800,11000,,2025-11-11T16:20:50Z,2024,2024-01-01,2024-12-31
3184402,TB_e_inc_tbhiv_num,COUNTRY,COM,AFR,Africa,YEAR,2010,,,,,,,,,1 [0-4],1,0,4,,2025-11-11T16:20:50Z,2010,2010-01-01,2010-12-31
3188502,TB_e_inc_tbhiv_num,COUNTRY,ZAF,AFR,Africa,YEAR,2021,,,,,,,,,180 000 [114 000-260 000],180000,114000,260000,,2025-11-11T16:20:50Z,2021,2021-01-01,2021-12-31
3192315,TB_e_inc_tbhiv_num,COUNTRY,COG,AFR,Africa,YEAR,2006,,,,,,,,,7600 [5500-10 000],7600,5500,10000,,2025-11-11T16:20:50Z,2006,2006-01-01,2006-12-31
3192794,TB_e_inc_tbhiv_num,COUNTRY,GEO,EUR,Europe,YEAR,2003,,,,,,,,,32 [10-64],32,10,64,,2025-11-11T16:20:50Z,2003,2003-01-01,2003-12-31
3195381,TB_e_inc_tbhiv_num,COUNTRY,CMR,AFR,Africa,YEAR,2009,,,,,,,,,21 000 [17 000-27 000],21000,17000,27000,,2025-11-11T16:20:50Z,2009,2009-01-01,2009-12-31
3202607,TB_e_inc_tbhiv_num,COUNTRY,PAK,EMR,Eastern Mediterranean,YEAR,2019,,,,,,,,,5500 [120-21 000],5500,120,21000,,2025-11-11T16:20:50Z,2019,2019-01-01,2019-12-31
3203538,TB_e_inc_tbhiv_num,COUNTRY,NPL,SEAR,South-East Asia,YEAR,2010,,,,,,,,,1400 [770-2300],1400,770,2300,,2025-11-11T16:20:50Z,2010,2010-01-01,2010-12-31
3207774,TB_e_inc_tbhiv_num,COUNTRY,VUT,WPR,Western Pacific,YEAR,2009,,,,,,,,,110 [80-150],110,80,150,,2025-11-11T16:20:50Z,2009,2009-01-01,2009-12-31
3208484,TB_e_inc_tbhiv_num,COUNTRY,COM,AFR,Africa,YEAR,2020,,,,,,,,,1 [0-3],1,0,3,,2025-11-11T16:20:50Z,2020,2020-01-01,2020-12-31
3210662,TB_e_inc_tbhiv_num,COUNTRY,SLV,AMR,Americas,YEAR,2014,,,,,,,,,280 [210-360],280,210,360,,2025-11-11T16:20:50Z,2014,2014-01-01,2014-12-31
3211913,TB_e_inc_tbhiv_num,COUNTRY,NPL,SEAR,South-East Asia,YEAR,2018,,,,,,,,,620 [350-970],620,350,970,,2025-11-11T16:20:50Z,2018,2018-01-01,2018-12-31
3213823,TB_e_inc_tbhiv_num,COUNTRY,BDI,AFR,Africa,YEAR,2006,,,,,,,,,4200 [2000-7200],4200,2000,7200,,2025-11-11T16:20:50Z,2006,2006-01-01,2006-12-31
3214371,TB_e_inc_tbhiv_num,COUNTRY,KWT,EMR,Eastern Mediterranean,YEAR,2011,,,,,,,,,25 [18-32],25,18,32,,2025-11-11T16:20:50Z,2011,2011-01-01,2011-12-31
3217926,TB_e_inc_tbhiv_num,COUNTRY,LUX,EUR,Europe,YEAR,2020,,,,,,,,,0 [0-0],0,0,0,,2025-11-11T16:20:50Z,2020,2020-01-01,2020-12-31
3220280,TB_e_inc_tbhiv_num,COUNTRY,IRQ,EMR,Eastern Mediterranean,YEAR,2020,,,,,,,,,4 [1-7],4,1,7,,2025-11-11T16:20:50Z,2020,2020-01-01,2020-12-31
3223033,TB_e_inc_tbhiv_num,COUNTRY,GAB,AFR,Africa,YEAR,2008,,,,,,,,,2900 [2300-3500],2900,2300,3500,,2025-11-11T16:20:50Z,2008,2008-01-01,2008-12-31
3223587,TB_e_inc_tbhiv_num,COUNTRY,SLV,AMR,Americas,YEAR,2000,,,,,,,,,270 [100-520],270,100,520,,2025-11-11T16:20:50Z,2000,2000-01-01,2000-12-31
3224103,TB_e_inc_tbhiv_num,COUNTRY,PAN,AMR,Americas,YEAR,2010,,,,,,,,,350 [260-450],350,260,450,,2025-11-11T16:20:50Z,2010,2010-01-01,2010-12-31
3226904,TB_e_inc_tbhiv_num,COUNTRY,KHM,WPR,Western Pacific,YEAR,2019,,,,,,,,,1300 [870-1800],1300,870,1800,,2025-11-11T16:20:50Z,2019,2019-01-01,2019-12-31
3228446,TB_e_inc_tbhiv_num,COUNTRY,COG,AFR,Africa,YEAR,2003,,,,,,,,,7600 [5600-10 000],7600,5600,10000,,2025-11-11T16:20:50Z,2003,2003-01-01,2003-12-31
3229317,TB_e_inc_tbhiv_num,COUNTRY,KHM,WPR,Western Pacific,YEAR,2009,,,,,,,,,5100 [3400-7200],5100,3400,7200,,2025-11-11T16:20:50Z,2009,2009-01-01,2009-12-31
3229614,TB_e_inc_tbhiv_num,COUNTRY,BFA,AFR,Africa,YEAR,2008,,,,,,,,,2600 [1200-4700],2600,1200,4700,,2025-11-11T16:20:50Z,2008,2008-01-01,2008-12-31
3239551,TB_e_inc_tbhiv_num,COUNTRY,TTO,AMR,Americas,YEAR,2011,,,,,,,,,110 [78-140],110,78,140,,2025-11-11T16:20:50Z,2011,2011-01-01,2011-12-31
3240933,TB_e_inc_tbhiv_num,COUNTRY,CAN,AMR,Americas,YEAR,2008,,,,,,,,,100 [36-190],100,36,190,,2025-11-11T16:20:50Z,2008,2008-01-01,2008-12-31
3242512,TB_e_inc_tbhiv_num,COUNTRY,PNG,WPR,Western Pacific,YEAR,2004,,,,,,,,,4200 [1500-8200],4200,1500,8200,,2025-11-11T16:20:50Z,2004,2004-01-01,2004-12-31
3243776,TB_e_inc_tbhiv_num,COUNTRY,SGP,WPR,Western Pacific,YEAR,2020,,,,,,,,,26 [15-40],26,15,40,,2025-11-11T16:20:50Z,2020,2020-01-01,2020-12-31
3245236,TB_e_inc_tbhiv_num,COUNTRY,IRL,EUR,Europe,YEAR,2001,,,,,,,,,34 [19-54],34,19,54,,2025-11-11T16:20:50Z,2001,2001-01-01,2001-12-31
3246032,TB_e_inc_tbhiv_num,COUNTRY,PHL,WPR,Western Pacific,YEAR,2023,,,,,,,,,5300 [2300-9300],5300,2300,9300,,2025-11-11T16:20:50Z,2023,2023-01-01,2023-12-31
3251998,TB_e_inc_tbhiv_num,COUNTRY,BRN,WPR,Western Pacific,YEAR,2005,,,,,,,,,3 [0-11],3,0,11,,2025-11-11T16:20:50Z,2005,2005-01-01,2005-12-31
3252135,TB_e_inc_tbhiv_num,COUNTRY,ARG,AMR,Americas,YEAR,2011,,,,,,,,,1000 [560-1600],1000,560,1600,,2025-11-11T16:20:50Z,2011,2011-01-01,2011-12-31
3252763,TB_e_inc_tbhiv_num,COUNTRY,GBR,EUR,Europe,YEAR,2013,,,,,,,,,320 [250-390],320,250,390,,2025-11-11T16:20:50Z,2013,2013-01-01,2013-12-31
3253227,TB_e_inc_tbhiv_num,COUNTRY,BHS,AMR,Americas,YEAR,2019,,,,,,,,,18 [10-28],18,10,28,,2025-11-11T16:20:50Z,2019,2019-01-01,2019-12-31
3254601,TB_e_inc_tbhiv_num,COUNTRY,TTO,AMR,Americas,YEAR,2008,,,,,,,,,97 [72-130],97,72,130,,2025-11-11T16:20:50Z,2008,2008-01-01,2008-12-31
3263385,TB_e_inc_tbhiv_num,COUNTRY,TUR,EUR,Europe,YEAR,2011,,,,,,,,,100 [37-210],100,37,210,,2025-11-11T16:20:50Z,2011,2011-01-01,2011-12-31
3263709,TB_e_inc_tbhiv_num,REGION,WPR,,,YEAR,2002,,,,,,,,,61 000 [39 000-88 000],61000,39000,88000,,2025-11-11T16:20:50Z,2002,2002-01-01,2002-12-31
3266436,TB_e_inc_tbhiv_num,COUNTRY,KWT,EMR,Eastern Mediterranean,YEAR,2016,,,,,,,,,4 [1-7],4,1,7,,2025-11-11T16:20:50Z,2016,2016-01-01,2016-12-31
3270002,TB_e_inc_tbhiv_num,COUNTRY,BLZ,AMR,Americas,YEAR,2003,,,,,,,,,26 [13-44],26,13,44,,2025-11-11T16:20:50Z,2003,2003-01-01,2003-12-31
3273206,TB_e_inc_tbhiv_num,COUNTRY,FSM,WPR,Western Pacific,YEAR,2022,,,,,,,,,0 [0-0],0,0,0,,2025-11-11T16:20:50Z,2022,2022-01-01,2022-12-31
3274832,TB_e_inc_tbhiv_num,COUNTRY,SGP,WPR,Western Pacific,YEAR,2002,,,,,,,,,210 [81-400],210,81,400,,2025-11-11T16:20:50Z,2002,2002-01-01,2002-12-31
3276007,TB_e_inc_tbhiv_num,COUNTRY,ITA,EUR,Europe,YEAR,2006,,,,,,,,,430 [240-670],430,240,670,,2025-11-11T16:20:50Z,2006,2006-01-01,2006-12-31
3278562,TB_e_inc_tbhiv_num,COUNTRY,TUN,EMR,Eastern Mediterranean,YEAR,2019,,,,,,,,,36 [13-72],36,13,72,,2025-11-11T16:20:50Z,2019,2019-01-01,2019-12-31
3279981,TB_e_inc_tbhiv_num,COUNTRY,TLS,SEAR,South-East Asia,YEAR,2011,,,,,,,,,110 [35-220],110,35,220,,2025-11-11T16:20:50Z,2011,2011-01-01,2011-12-31
3282689,TB_e_inc_tbhiv_num,COUNTRY,OMN,EMR,Eastern Mediterranean,YEAR,2011,,,,,,,,,12 [5-24],12,5,24,,2025-11-11T16:20:50Z,2011,2011-01-01,2011-12-31
3286638,TB_e_inc_tbhiv_num,COUNTRY,NIC,AMR,Americas,YEAR,2018,,,,,,,,,160 [120-210],160,120,210,,2025-11-11T16:20:50Z,2018,2018-01-01,2018-12-31
3288432,TB_e_inc_tbhiv_num,COUNTRY,KAZ,EUR,Europe,YEAR,2016,,,,,,,,,680 [500-880],680,500,880,,2025-11-11T16:20:50Z,2016,2016-01-01,2016-12-31
3288885,TB_e_inc_tbhiv_num,COUNTRY,PHL,WPR,Western Pacific,YEAR,2019,,,,,,,,,4700 [2200-8100],4700,2200,8100,,2025-11-11T16:20:50Z,2019,2019-01-01,2019-12-31
3293341,TB_e_inc_tbhiv_num,COUNTRY,ZAF,AFR,Africa,YEAR,2013,,,,,,,,,372 000 [176 000-640 000],372000,176000,640000,,2025-11-11T16:20:50Z,2013,2013-01-01,2013-12-31
3295231,TB_e_inc_tbhiv_num,COUNTRY,CHN,WPR,Western Pacific,YEAR,2013,,,,,,,,,18 000 [5800-38 000],18000,5800,38000,,2025-11-11T16:20:50Z,2013,2013-01-01,2013-12-31
3296187,TB_e_inc_tbhiv_num,COUNTRY,AZE,EUR,Europe,YEAR,2011,,,,,,,,,92 [62-130],92,62,130,,2025-11-11T16:20:50Z,2011,2011-01-01,2011-12-31
3296920,TB_e_inc_tbhiv_num,COUNTRY,EST,EUR,Europe,YEAR,2007,,,,,,,,,86 [60-120],86,60,120,,2025-11-11T16:20:50Z,2007,2007-01-01,2007-12-31
3296989,TB_e_inc_tbhiv_num,COUNTRY,GNB,AFR,Africa,YEAR,2022,,,,,,,,,1100 [820-1400],1100,820,1400,,2025-11-11T16:20:50Z,2022,2022-01-01,2022-12-31
3300603,TB_e_inc_tbhiv_num,COUNTRY,BWA,AFR,Africa,YEAR,2011,,,,,,,,,7400 [6000-9000],7400,6000,9000,,2025-11-11T16:20:50Z,2011,2011-01-01,2011-12-31
3300790,TB_e_inc_tbhiv_num,COUNTRY,HTI,AMR,Americas,YEAR,2023,,,,,,,,,3000 [2200-3800],3000,2200,3800,,2025-11-11T16:20:50Z,2023,2023-01-01,2023-12-31
3300819,TB_e_inc_tbhiv_num,WORLDBANKINCOMEGROUP,WB_HI,,,YEAR,2001,,,,,,,,,21 000 [16 000-26 000],21000,16000,26000,,2025-11-11T16:20:50Z,2001,2001-01-01,2001-12-31
3301264,TB_e_inc_tbhiv_num,COUNTRY,HND,AMR,Americas,YEAR,2008,,,,,,,,,520 [200-980],520,200,980,,2025-11-11T16:20:50Z,2008,2008-01-01,2008-12-31
3302574,TB_e_inc_tbhiv_num,COUNTRY,BHS,AMR,Americas,YEAR,2020,,,,,,,,,8 [3-15],8,3,15,,2025-11-11T16:20:50Z,2020,2020-01-01,2020-12-31
3303344,TB_e_inc_tbhiv_num,COUNTRY,VEN,AMR,Americas,YEAR,2001,,,,,,,,,3000 [1300-5400],3000,1300,5400,,2025-11-11T16:20:50Z,2001,2001-01-01,2001-12-31
3306882,TB_e_inc_tbhiv_num,COUNTRY,SVN,EUR,Europe,YEAR,2012,,,,,,,,,0 [0-0],0,0,0,,2025-11-11T16:20:50Z,2012,2012-01-01,2012-12-31
3308431,TB_e_inc_tbhiv_num,COUNTRY,LUX,EUR,Europe,YEAR,2007,,,,,,,,,2 [1-4],2,1,4,,2025-11-11T16:20:50Z,2007,2007-01-01,2007-12-31
3311661,TB_e_inc_tbhiv_num,COUNTRY,LVA,EUR,Europe,YEAR,2004,,,,,,,,,89 [60-120],89,60,120,,2025-11-11T16:20:50Z,2004,2004-01-01,2004-12-31
3312710,TB_e_inc_tbhiv_num,COUNTRY,SDN,EMR,Eastern Mediterranean,YEAR,2015,,,,,,,,,990 [250-2200],990,250,2200,,2025-11-11T16:20:50Z,2015,2015-01-01,2015-12-31
3313098,TB_e_inc_tbhiv_num,COUNTRY,NZL,WPR,Western Pacific,YEAR,2022,,,,,,,,,2 [0-8],2,0,8,,2025-11-11T16:20:50Z,2022,2022-01-01,2022-12-31
3314819,TB_e_inc_tbhiv_num,COUNTRY,TUN,EMR,Eastern Mediterranean,YEAR,2011,,,,,,,,,43 [15-85],43,15,85,,2025-11-11T16:20:50Z,2011,2011-01-01,2011-12-31
3315205,TB_e_inc_tbhiv_num,COUNTRY,ZMB,AFR,Africa,YEAR,2012,,,,,,,,,42 000 [21 000-69 000],42000,21000,69000,,2025-11-11T16:20:50Z,2012,2012-01-01,2012-12-31
3321727,TB_e_inc_tbhiv_num,COUNTRY,MHL,WPR,Western Pacific,YEAR,2001,,,,,,,,,0 [0-0],0,0,0,,2025-11-11T16:20:50Z,2001,2001-01-01,2001-12-31
3328515,TB_e_inc_tbhiv_num,COUNTRY,AGO,AFR,Africa,YEAR,2002,,,,,,,,,12 000 [5200-22 000],12000,5200,22000,,2025-11-11T16:20:50Z,2002,2002-01-01,2002-12-31
3329419,TB_e_inc_tbhiv_num,COUNTRY,STP,AFR,Africa,YEAR,2012,,,,,,,,,35 [20-56],35,20,56,,2025-11-11T16:20:50Z,2012,2012-01-01,2012-12-31
3329510,TB_e_inc_tbhiv_num,COUNTRY,MWI,AFR,Africa,YEAR,2013,,,,,,,,,24 000 [6400-52 000],24000,6400,52000,,2025-11-11T16:20:50Z,2013,2013-01-01,2013-12-31
3331877,TB_e_inc_tbhiv_num,COUNTRY,COM,AFR,Africa,YEAR,2024,,,,,,,,,0 [0-0],0,0,0,,2025-11-11T16:20:50Z,2024,2024-01-01,2024-12-31
3334352,TB_e_inc_tbhiv_num,COUNTRY,AUT,EUR,Europe,YEAR,2019,,,,,,,,,12 [6-19],12,6,19,,2025-11-11T16:20:50Z,2019,2019-01-01,2019-12-31
3338132,TB_e_inc_tbhiv_num,COUNTRY,AZE,EUR,Europe,YEAR,2004,,,,,,,,,410 [120-880],410,120,880,,2025-11-11T16:20:50Z,2004,2004-01-01,2004-12-31
3339547,TB_e_inc_tbhiv_num,COUNTRY,SSD,AFR,Africa,YEAR,2022,,,,,,,,,4300 [1900-7500],4300,1900,7500,,2025-11-11T16:20:50Z,2022,2022-01-01,2022-12-31
3340237,TB_e_inc_tbhiv_num,COUNTRY,BRA,AMR,Americas,YEAR,2024,,,,,,,,,13 000 [9200-17 000],13000,9200,17000,,2025-11-11T16:20:50Z,2024,2024-01-01,2024-12-31
3340449,TB_e_inc_tbhiv_num,COUNTRY,ZMB,AFR,Africa,YEAR,2019,,,,,,,,,29 000 [17 000-42 000],29000,17000,42000,,2025-11-11T16:20:50Z,2019,2019-01-01,2019-12-31
3344376,TB_e_inc_tbhiv_num,COUNTRY,IRL,EUR,Europe,YEAR,2023,,,,,,,,,9 [5-15],9,5,15,,2025-11-11T16:20:50Z,2023,2023-01-01,2023-12-31
3344778,TB_e_inc_tbhiv_num,COUNTRY,THA,SEAR,South-East Asia,YEAR,2017,,,,,,,,,12 000 [8400-16 000],12000,8400,16000,,2025-11-11T16:20:50Z,2017,2017-01-01,2017-12-31
3350304,TB_e_inc_tbhiv_num,COUNTRY,MDV,SEAR,South-East Asia,YEAR,2004,,,,,,,,,0 [0-1],0,0,1,,2025-11-11T16:20:50Z,2004,2004-01-01,2004-12-31
3351495,TB_e_inc_tbhiv_num,COUNTRY,LBN,EMR,Eastern Mediterranean,YEAR,2008,,,,,,,,,7 [2-13],7,2,13,,2025-11-11T16:20:50Z,2008,2008-01-01,2008-12-31
3352551,TB_e_inc_tbhiv_num,COUNTRY,BEN,AFR,Africa,YEAR,2000,,,,,,,,,1500 [510-2900],1500,510,2900,,2025-11-11T16:20:50Z,2000,2000-01-01,2000-12-31
3352768,TB_e_inc_tbhiv_num,COUNTRY,BGD,SEAR,South-East Asia,YEAR,2012,,,,,,,,,650 [330-1100],650,330,1100,,2025-11-11T16:20:50Z,2012,2012-01-01,2012-12-31
3352843,TB_e_inc_tbhiv_num,COUNTRY,ISR,EUR,Europe,YEAR,2018,,,,,,,,,14 [7-25],14,7,25,,2025-11-11T16:20:50Z,2018,2018-01-01,2018-12-31
3355376,TB_e_inc_tbhiv_num,COUNTRY,IND,SEAR,South-East Asia,YEAR,2007,,,,,,,,,249 000 [90 000-488 000],249000,90000,488000,,2025-11-11T16:20:50Z,2007,2007-01-01,2007-12-31
3356772,TB_e_inc_tbhiv_num,WORLDBANKINCOMEGROUP,WB_LMI,,,YEAR,2019,,,,,,,,,349 000 [305 000-394 000],349000,305000,394000,,2025-11-11T16:20:50Z,2019,2019-01-01,2019-12-31
3359870,TB_e_inc_tbhiv_num,COUNTRY,CYP,EUR,Europe,YEAR,2007,,,,,,,,,0 [0-0],0,0,0,,2025-11-11T16:20:50Z,2007,2007-01-01,2007-12-31
3360474,TB_e_inc_tbhiv_num,COUNTRY,UZB,EUR,Europe,YEAR,2020,,,,,,,,,670 [490-860],670,490,860,,2025-11-11T16:20:50Z,2020,2020-01-01,2020-12-31
3361855,TB_e_inc_tbhiv_num,COUNTRY,JAM,AMR,Americas,YEAR,2001,,,,,,,,,71 [32-130],71,32,130,,2025-11-11T16:20:50Z,2001,2001-01-01,2001-12-31
3364181,TB_e_inc_tbhiv_num,COUNTRY,BIH,EUR,Europe,YEAR,2011,,,,,,,,,4 [2-6],4,2,6,,2025-11-11T16:20:50Z,2011,2011-01-01,2011-12-31
3366974,TB_e_inc_tbhiv_num,COUNTRY,SUR,AMR,Americas,YEAR,2021,,,,,,,,,28 [16-43],28,16,43,,2025-11-11T16:20:50Z,2021,2021-01-01,2021-12-31
3370674,TB_e_inc_tbhiv_num,WORLDBANKINCOMEGROUP,WB_HI,,,YEAR,2008,,,,,,,,,16 000 [11 000-22 000],16000,11000,22000,,2025-11-11T16:20:50Z,2008,2008-01-01,2008-12-31
3378612,TB_e_inc_tbhiv_num,COUNTRY,SAU,EMR,Eastern Mediterranean,YEAR,2004,,,,,,,,,34 [12-67],34,12,67,,2025-11-11T16:20:50Z,2004,2004-01-01,2004-12-31
3378888,TB_e_inc_tbhiv_num,COUNTRY,TCD,AFR,Africa,YEAR,2003,,,,,,,,,2800 [1200-5100],2800,1200,5100,,2025-11-11T16:20:50Z,2003,2003-01-01,2003-12-31
3381567,TB_e_inc_tbhiv_num,REGION,AMR,,,YEAR,2007,,,,,,,,,35 000 [27 000-43 000],35000,27000,43000,,2025-11-11T16:20:50Z,2007,2007-01-01,2007-12-31
3382742,TB_e_inc_tbhiv_num,COUNTRY,MKD,EUR,Europe,YEAR,2004,,,,,,,,,1 [0-2],1,0,2,,2025-11-11T16:20:50Z,2004,2004-01-01,2004-12-31
3382892,TB_e_inc_tbhiv_num,COUNTRY,MNG,WPR,Western Pacific,YEAR,2016,,,,,,,,,31 [10-63],31,10,63,,2025-11-11T16:20:50Z,2016,2016-01-01,2016-12-31
3383576,TB_e_inc_tbhiv_num,WORLDBANKINCOMEGROUP,WB_HI,,,YEAR,2012,,,,,,,,,18 000 [8500-30 000],18000,8500,30000,,2025-11-11T16:20:50Z,2012,2012-01-01,2012-12-31
3383615,TB_e_inc_tbhiv_num,COUNTRY,KEN,AFR,Africa,YEAR,2023,,,,,,,,,25 000 [14 000-38 000],25000,14000,38000,,2025-11-11T16:20:50Z,2023,2023-01-01,2023-12-31
3383992,TB_e_inc_tbhiv_num,COUNTRY,ETH,AFR,Africa,YEAR,2016,,,,,,,,,15 000 [7000-27 000],15000,7000,27000,,2025-11-11T16:20:50Z,2016,2016-01-01,2016-12-31
3384251,TB_e_inc_tbhiv_num,COUNTRY,SVN,EUR,Europe,YEAR,2021,,,,,,,,,0 [0-0],0,0,0,,2025-11-11T16:20:50Z,2021,2021-01-01,2021-12-31
3388141,TB_e_inc_tbhiv_num,COUNTRY,TZA,AFR,Africa,YEAR,2018,,,,,,,,,41 000 [17 000-74 000],41000,17000,74000,,2025-11-11T16:20:50Z,2018,2018-01-01,2018-12-31
3391861,TB_e_inc_tbhiv_num,COUNTRY,KWT,EMR,Eastern Mediterranean,YEAR,2001,,,,,,,,,3 [0-9],3,0,9,,2025-11-11T16:20:50Z,2001,2001-01-01,2001-12-31
3395002,TB_e_inc_tbhiv_num,COUNTRY,HUN,EUR,Europe,YEAR,2002,,,,,,,,,46 [24-74],46,24,74,,2025-11-11T16:20:50Z,2002,2002-01-01,2002-12-31
3395553,TB_e_inc_tbhiv_num,COUNTRY,AZE,EUR,Europe,YEAR,2005,,,,,,,,,520 [160-1100],520,160,1100,,2025-11-11T16:20:50Z,2005,2005-01-01,2005-12-31
3400214,TB_e_inc_tbhiv_num,COUNTRY,TUR,EUR,Europe,YEAR,2012,,,,,,,,,110 [38-220],110,38,220,,2025-11-11T16:20:50Z,2012,2012-01-01,2012-12-31
3401833,TB_e_inc_tbhiv_num,COUNTRY,CRI,AMR,Americas,YEAR,2010,,,,,,,,,73 [51-99],73,51,99,,2025-11-11T16:20:50Z,2010,2010-01-01,2010-12-31
3402915,TB_e_inc_tbhiv_num,COUNTRY,BOL,AMR,Americas,YEAR,2015,,,,,,,,,590 [440-770],590,440,770,,2025-11-11T16:20:50Z,2015,2015-01-01,2015-12-31
3404289,TB_e_inc_tbhiv_num,COUNTRY,DJI,EMR,Eastern Mediterranean,YEAR,2009,,,,,,,,,1400 [1100-1800],1400,1100,1800,,2025-11-11T16:20:50Z,2009,2009-01-01,2009-12-31
3405234,TB_e_inc_tbhiv_num,WORLDBANKINCOMEGROUP,WB_LI,,,YEAR,2014,,,,,,,,,201 000 [141 000-272 000],201000,141000,272000,,2025-11-11T16:20:50Z,2014,2014-01-01,2014-12-31
3406470,TB_e_inc_tbhiv_num,COUNTRY,DOM,AMR,Americas,YEAR,2018,,,,,,,,,1300 [980-1700],1300,980,1700,,2025-11-11T16:20:50Z,2018,2018-01-01,2018-12-31
3411922,TB_e_inc_tbhiv_num,COUNTRY,ARE,EMR,Eastern Mediterranean,YEAR,2022,,,,,,,,,2 [0-6],2,0,6,,2025-11-11T16:20:50Z,2022,2022-01-01,2022-12-31
3412747,TB_e_inc_tbhiv_num,COUNTRY,BLR,EUR,Europe,YEAR,2010,,,,,,,,,280 [210-370],280,210,370,,2025-11-11T16:20:50Z,2010,2010-01-01,2010-12-31
3413372,TB_e_inc_tbhiv_num,COUNTRY,DJI,EMR,Eastern Mediterranean,YEAR,2001,,,,,,,,,8400 [4500-14 000],8400,4500,14000,,2025-11-11T16:20:50Z,2001,2001-01-01,2001-12-31
3413990,TB_e_inc_tbhiv_num,COUNTRY,TKM,EUR,Europe,YEAR,2004,,,,,,,,,460 [230-770],460,230,770,,2025-11-11T16:20:50Z,2004,2004-01-01,2004-12-31
3415534,TB_e_inc_tbhiv_num,COUNTRY,CRI,AMR,Americas,YEAR,2001,,,,,,,,,35 [13-69],35,13,69,,2025-11-11T16:20:50Z,2001,2001-01-01,2001-12-31
3416690,TB_e_inc_tbhiv_num,COUNTRY,COG,AFR,Africa,YEAR,2005,,,,,,,,,7400 [5300-9800],7400,5300,9800,,2025-11-11T16:20:50Z,2005,2005-01-01,2005-12-31
3417941,TB_e_inc_tbhiv_num,COUNTRY,ZAF,AFR,Africa,YEAR,2007,,,,,,,,,466 000 [142 000-979 000],466000,142000,979000,,2025-11-11T16:20:50Z,2007,2007-01-01,2007-12-31
3418335,TB_e_inc_tbhiv_num,COUNTRY,LUX,EUR,Europe,YEAR,2016,,,,,,,,,1 [1-2],1,1,2,,2025-11-11T16:20:50Z,2016,2016-01-01,2016-12-31
3418549,TB_e_inc_tbhiv_num,COUNTRY,BRA,AMR,Americas,YEAR,2015,,,,,,,,,11 000 [8100-14 000],11000,8100,14000,,2025-11-11T16:20:50Z,2015,2015-01-01,2015-12-31
3418816,TB_e_inc_tbhiv_num,COUNTRY,PNG,WPR,Western Pacific,YEAR,2013,,,,,,,,,6000 [2300-11 000],6000,2300,11000,,2025-11-11T16:20:50Z,2013,2013-01-01,2013-12-31
3424105,TB_e_inc_tbhiv_num,WORLDBANKINCOMEGROUP,WB_UMI,,,YEAR,2017,,,,,,,,,350 000 [243 000-476 000],350000,243000,476000,,2025-11-11T16:20:50Z,2017,2017-01-01,2017-12-31
3425520,TB_e_inc_tbhiv_num,COUNTRY,FRA,EUR,Europe,YEAR,2020,,,,,,,,,270 [220-330],270,220,330,,2025-11-11T16:20:50Z,2020,2020-01-01,2020-12-31
3428069,TB_e_inc_tbhiv_num,COUNTRY,RUS,EUR,Europe,YEAR,2022,,,,,,,,,14 000 [7700-23 000],14000,7700,23000,,2025-11-11T16:20:50Z,2022,2022-01-01,2022-12-31
3430231,TB_e_inc_tbhiv_num,COUNTRY,ZWE,AFR,Africa,YEAR,2017,,,,,,,,,21 000 [14 000-29 000],21000,14000,29000,,2025-11-11T16:20:50Z,2017,2017-01-01,2017-12-31
3433794,TB_e_inc_tbhiv_num,COUNTRY,IRN,EMR,Eastern Mediterranean,YEAR,2009,,,,,,,,,650 [210-1300],650,210,1300,,2025-11-11T16:20:50Z,2009,2009-01-01,2009-12-31
3435057,TB_e_inc_tbhiv_num,COUNTRY,FJI,WPR,Western Pacific,YEAR,2007,,,,,,,,,2 [0-7],2,0,7,,2025-11-11T16:20:50Z,2007,2007-01-01,2007-12-31
3435935,TB_e_inc_tbhiv_num,COUNTRY,SGP,WPR,Western Pacific,YEAR,2003,,,,,,,,,200 [76-380],200,76,380,,2025-11-11T16:20:50Z,2003,2003-01-01,2003-12-31
3436481,TB_e_inc_tbhiv_num,COUNTRY,JPN,WPR,Western Pacific,YEAR,2007,,,,,,,,,120 [85-150],120,85,150,,2025-11-11T16:20:50Z,2007,2007-01-01,2007-12-31
3438269,TB_e_inc_tbhiv_num,COUNTRY,KHM,WPR,Western Pacific,YEAR,2022,,,,,,,,,540 [360-740],540,360,740,,2025-11-11T16:20:50Z,2022,2022-01-01,2022-12-31
3440163,TB_e_inc_tbhiv_num,COUNTRY,GHA,AFR,Africa,YEAR,2007,,,,,,,,,14 000 [3400-31 000],14000,3400,31000,,2025-11-11T16:20:50Z,2007,2007-01-01,2007-12-31
3440678,TB_e_inc_tbhiv_num,COUNTRY,BFA,AFR,Africa,YEAR,2009,,,,,,,,,2400 [1000-4300],2400,1000,4300,,2025-11-11T16:20:50Z,2009,2009-01-01,2009-12-31
3441897,TB_e_inc_tbhiv_num,COUNTRY,QAT,EMR,Eastern Mediterranean,YEAR,2001,,,,,,,,,4 [1-8],4,1,8,,2025-11-11T16:20:50Z,2001,2001-01-01,2001-12-31
3445229,TB_e_inc_tbhiv_num,COUNTRY,BGR,EUR,Europe,YEAR,2023,,,,,,,,,5 [1-13],5,1,13,,2025-11-11T16:20:50Z,2023,2023-01-01,2023-12-31
3447232,TB_e_inc_tbhiv_num,COUNTRY,COM,AFR,Africa,YEAR,2018,,,,,,,,,5 [0-19],5,0,19,,2025-11-11T16:20:50Z,2018,2018-01-01,2018-12-31
3451780,TB_e_inc_tbhiv_num,COUNTRY,NLD,EUR,Europe,YEAR,2005,,,,,,,,,70 [26-130],70,26,130,,2025-11-11T16:20:50Z,2005,2005-01-01,2005-12-31
3452451,TB_e_inc_tbhiv_num,COUNTRY,SOM,EMR,Eastern Mediterranean,YEAR,2009,,,,,,,,,1100 [400-2100],1100,400,2100,,2025-11-11T16:20:50Z,2009,2009-01-01,2009-12-31
3453937,TB_e_inc_tbhiv_num,COUNTRY,HKG,,,YEAR,2006,,,,,,,,,83 [55-120],83,55,120,,2025-11-11T16:20:50Z,2006,2006-01-01,2006-12-31
3454444,TB_e_inc_tbhiv_num,COUNTRY,ERI,AFR,Africa,YEAR,2000,,,,,,,,,8900 [4000-16 000],8900,4000,16000,,2025-11-11T16:20:50Z,2000,2000-01-01,2000-12-31
3454927,TB_e_inc_tbhiv_num,COUNTRY,PRT,EUR,Europe,YEAR,2015,,,,,,,,,340 [250-440],340,250,440,,2025-11-11T16:20:50Z,2015,2015-01-01,2015-12-31
3456239,TB_e_inc_tbhiv_num,WORLDBANKINCOMEGROUP,WB_HI,,,YEAR,2000,,,,,,,,,22 000 [18 000-28 000],22000,18000,28000,,2025-11-11T16:20:50Z,2000,2000-01-01,2000-12-31
3457117,TB_e_inc_tbhiv_num,COUNTRY,LSO,AFR,Africa,YEAR,2019,,,,,,,,,8900 [5200-14 000],8900,5200,14000,,2025-11-11T16:20:50Z,2019,2019-01-01,2019-12-31
3458700,TB_e_inc_tbhiv_num,COUNTRY,NER,AFR,Africa,YEAR,2006,,,,,,,,,1500 [550-2900],1500,550,2900,,2025-11-11T16:20:50Z,2006,2006-01-01,2006-12-31
3462066,TB_e_inc_tbhiv_num,COUNTRY,JAM,AMR,Americas,YEAR,2008,,,,,,,,,33 [20-51],33,20,51,,2025-11-11T16:20:50Z,2008,2008-01-01,2008-12-31
3462510,TB_e_inc_tbhiv_num,COUNTRY,YEM,EMR,Eastern Mediterranean,YEAR,2000,,,,,,,,,130 [69-200],130,69,200,,2025-11-11T16:20:50Z,2000,2000-01-01,2000-12-31
3463308,TB_e_inc_tbhiv_num,COUNTRY,GNB,AFR,Africa,YEAR,2013,,,,,,,,,1600 [1200-2000],1600,1200,2000,,2025-11-11T16:20:50Z,2013,2013-01-01,2013-12-31
3463840,TB_e_inc_tbhiv_num,COUNTRY,QAT,EMR,Eastern Mediterranean,YEAR,2024,,,,,,,,,3 [0-9],3,0,9,,2025-11-11T16:20:50Z,2024,2024-01-01,2024-12-31
3466543,TB_e_inc_tbhiv_num,COUNTRY,ZWE,AFR,Africa,YEAR,2016,,,,,,,,,22 000 [14 000-31 000],22000,14000,31000,,2025-11-11T16:20:50Z,2016,2016-01-01,2016-12-31
3471185,TB_e_inc_tbhiv_num,COUNTRY,MDA,EUR,Europe,YEAR,2010,,,,,,,,,250 [180-320],250,180,320,,2025-11-11T16:20:50Z,2010,2010-01-01,2010-12-31
3472565,TB_e_inc_tbhiv_num,COUNTRY,BLR,EUR,Europe,YEAR,2011,,,,,,,,,290 [220-380],290,220,380,,2025-11-11T16:20:50Z,2011,2011-01-01,2011-12-31
3474503,TB_e_inc_tbhiv_num,COUNTRY,NPL,SEAR,South-East Asia,YEAR,2003,,,,,,,,,2800 [800-6000],2800,800,6000,,2025-11-11T16:20:50Z,2003,2003-01-01,2003-12-31
3474655,TB_e_inc_tbhiv_num,COUNTRY,TCD,AFR,Africa,YEAR,2017,,,,,,,,,4500 [3300-5900],4500,3300,5900,,2025-11-11T16:20:50Z,2017,2017-01-01,2017-12-31
3479030,TB_e_inc_tbhiv_num,COUNTRY,TTO,AMR,Americas,YEAR,2013,,,,,,,,,73 [52-98],73,52,98,,2025-11-11T16:20:50Z,2013,2013-01-01,2013-12-31
3479190,TB_e_inc_tbhiv_num,COUNTRY,MKD,EUR,Europe,YEAR,2001,,,,,,,,,1 [0-2],1,0,2,,2025-11-11T16:20:50Z,2001,2001-01-01,2001-12-31
3480489,TB_e_inc_tbhiv_num,COUNTRY,BHR,EMR,Eastern Mediterranean,YEAR,2006,,,,,,,,,6 [2-11],6,2,11,,2025-11-11T16:20:50Z,2006,2006-01-01,2006-12-31
3481274,TB_e_inc_tbhiv_num,COUNTRY,TUR,EUR,Europe,YEAR,2020,,,,,,,,,170 [120-220],170,120,220,,2025-11-11T16:20:50Z,2020,2020-01-01,2020-12-31
3483140,TB_e_inc_tbhiv_num,COUNTRY,KIR,WPR,Western Pacific,YEAR,2011,,,,,,,,,0 [0-0],0,0,0,,2025-11-11T16:20:50Z,2011,2011-01-01,2011-12-31
3489766,TB_e_inc_tbhiv_num,COUNTRY,AFG,EMR,Eastern Mediterranean,YEAR,2000,,,,,,,,,5 [0-15],5,0,15,,2025-11-11T16:20:50Z,2000,2000-01-01,2000-12-31
3490178,TB_e_inc_tbhiv_num,COUNTRY,GHA,AFR,Africa,YEAR,2001,,,,,,,,,15 000 [3400-35 000],15000,3400,35000,,2025-11-11T16:20:50Z,2001,2001-01-01,2001-12-31
3490695,TB_e_inc_tbhiv_num,COUNTRY,GMB,AFR,Africa,YEAR,2005,,,,,,,,,750 [310-1400],750,310,1400,,2025-11-11T16:20:50Z,2005,2005-01-01,2005-12-31
3491361,TB_e_inc_tbhiv_num,WORLDBANKINCOMEGROUP,WB_LMI,,,YEAR,2014,,,,,,,,,584 000 [484 000-693 000],584000,484000,693000,,2025-11-11T16:20:50Z,2014,2014-01-01,2014-12-31
3493142,TB_e_inc_tbhiv_num,REGION,EUR,,,YEAR,2019,,,,,,,,,30 000 [23 000-39 000],30000,23000,39000,,2025-11-11T16:20:50Z,2019,2019-01-01,2019-12-31
3493148,TB_e_inc_tbhiv_num,COUNTRY,VNM,WPR,Western Pacific,YEAR,2014,,,,,,,,,9800 [5400-16 000],9800,5400,16000,,2025-11-11T16:20:50Z,2014,2014-01-01,2014-12-31
3495241,TB_e_inc_tbhiv_num,COUNTRY,JPN,WPR,Western Pacific,YEAR,2004,,,,,,,,,380 [130-760],380,130,760,,2025-11-11T16:20:50Z,2004,2004-01-01,2004-12-31
3495373,TB_e_inc_tbhiv_num,COUNTRY,MWI,AFR,Africa,YEAR,2022,,,,,,,,,12 000 [5800-22 000],12000,5800,22000,,2025-11-11T16:20:50Z,2022,2022-01-01,2022-12-31
3495835,TB_e_inc_tbhiv_num,COUNTRY,GIN,AFR,Africa,YEAR,2018,,,,,,,,,5500 [4100-7200],5500,4100,7200,,2025-11-11T16:20:50Z,2018,2018-01-01,2018-12-31
3496425,TB_e_inc_tbhiv_num,COUNTRY,YEM,EMR,Eastern Mediterranean,YEAR,2012,,,,,,,,,100 [58-170],100,58,170,,2025-11-11T16:20:50Z,2012,2012-01-01,2012-12-31
3503552,TB_e_inc_tbhiv_num,COUNTRY,ROU,EUR,Europe,YEAR,2018,,,,,,,,,360 [270-470],360,270,470,,2025-11-11T16:20:50Z,2018,2018-01-01,2018-12-31
3504650,TB_e_inc_tbhiv_num,COUNTRY,BOL,AMR,Americas,YEAR,2004,,,,,,,,,880 [310-1800],880,310,1800,,2025-11-11T16:20:50Z,2004,2004-01-01,2004-12-31
3505015,TB_e_inc_tbhiv_num,COUNTRY,MDA,EUR,Europe,YEAR,2024,,,,,,,,,240 [180-310],240,180,310,,2025-11-11T16:20:50Z,2024,2024-01-01,2024-12-31
3505769,TB_e_inc_tbhiv_num,COUNTRY,IRL,EUR,Europe,YEAR,2012,,,,,,,,,15 [8-24],15,8,24,,2025-11-11T16:20:50Z,2012,2012-01-01,2012-12-31
3509653,TB_e_inc_tbhiv_num,COUNTRY,COD,AFR,Africa,YEAR,2024,,,,,,,,,23 000 [10 000-41 000],23000,10000,41000,,2025-11-11T16:20:50Z,2024,2024-01-01,2024-12-31
3512733,TB_e_inc_tbhiv_num,COUNTRY,AUT,EUR,Europe,YEAR,2002,,,,,,,,,76 [41-120],76,41,120,,2025-11-11T16:20:50Z,2002,2002-01-01,2002-12-31
3514663,TB_e_inc_tbhiv_num,COUNTRY,BEN,AFR,Africa,YEAR,2010,,,,,,,,,1200 [730-1800],1200,730,1800,,2025-11-11T16:20:50Z,2010,2010-01-01,2010-12-31
3518868,TB_e_inc_tbhiv_num,COUNTRY,PSE,EMR,Eastern Mediterranean,YEAR,2006,,,,,,,,,0 [0-0],0,0,0,,2025-11-11T16:20:50Z,2006,2006-01-01,2006-12-31
3522741,TB_e_inc_tbhiv_num,COUNTRY,KHM,WPR,Western Pacific,YEAR,2015,,,,,,,,,1300 [890-1800],1300,890,1800,,2025-11-11T16:20:50Z,2015,2015-01-01,2015-12-31
3527312,TB_e_inc_tbhiv_num,COUNTRY,SWE,EUR,Europe,YEAR,2002,,,,,,,,,19 [10-30],19,10,30,,2025-11-11T16:20:50Z,2002,2002-01-01,2002-12-31
3527866,TB_e_inc_tbhiv_num,COUNTRY,COD,AFR,Africa,YEAR,2002,,,,,,,,,85 000 [26 000-178 000],85000,26000,178000,,2025-11-11T16:20:50Z,2002,2002-01-01,2002-12-31
3528928,TB_e_inc_tbhiv_num,COUNTRY,EST,EUR,Europe,YEAR,2023,,,,,,,,,16 [8-27],16,8,27,,2025-11-11T16:20:50Z,2023,2023-01-01,2023-12-31
3531745,TB_e_inc_tbhiv_num,COUNTRY,BHR,EMR,Eastern Mediterranean,YEAR,2024,,,,,,,,,0 [0-0],0,0,0,,2025-11-11T16:20:50Z,2024,2024-01-01,2024-12-31
3534941,TB_e_inc_tbhiv_num,COUNTRY,MKD,EUR,Europe,YEAR,2017,,,,,,,,,0 [0-0],0,0,0,,2025-11-11T16:20:50Z,2017,2017-01-01,2017-12-31
3536049,TB_e_inc_tbhiv_num,COUNTRY,PRT,EUR,Europe,YEAR,2006,,,,,,,,,780 [580-1000],780,580,1000,,2025-11-11T16:20:50Z,2006,2006-01-01,2006-12-31
3540552,TB_e_inc_tbhiv_num,COUNTRY,FIN,EUR,Europe,YEAR,2006,,,,,,,,,5 [3-9],5,3,9,,2025-11-11T16:20:50Z,2006,2006-01-01,2006-12-31
3544283,TB_e_inc_tbhiv_num,COUNTRY,GHA,AFR,Africa,YEAR,2012,,,,,,,,,11 000 [4300-21 000],11000,4300,21000,,2025-11-11T16:20:50Z,2012,2012-01-01,2012-12-31
3544507,TB_e_inc_tbhiv_num,COUNTRY,BHS,AMR,Americas,YEAR,2003,,,,,,,,,23 [13-36],23,13,36,,2025-11-11T16:20:50Z,2003,2003-01-01,2003-12-31
3546037,TB_e_inc_tbhiv_num,COUNTRY,IND,SEAR,South-East Asia,YEAR,2002,,,,,,,,,341 000 [60 000-861 000],341000,60000,861000,,2025-11-11T16:20:50Z,2002,2002-01-01,2002-12-31
3547676,TB_e_inc_tbhiv_num,COUNTRY,MAC,,,YEAR,2009,,,,,,,,,2 [0-9],2,0,9,,2025-11-11T16:20:50Z,2009,2009-01-01,2009-12-31
3547994,TB_e_inc_tbhiv_num,COUNTRY,BEL,EUR,Europe,YEAR,2005,,,,,,,,,75 [53-100],75,53,100,,2025-11-11T16:20:50Z,2005,2005-01-01,2005-12-31
3551422,TB_e_inc_tbhiv_num,GLOBAL,GLOBAL,,,YEAR,2007,,,,,,,,,1 660 000 [1 190 000-2 210 000],1660000,1190000,2210000,,2025-11-11T16:20:50Z,2007,2007-01-01,2007-12-31
3552150,TB_e_inc_tbhiv_num,COUNTRY,DNK,EUR,Europe,YEAR,2020,,,,,,,,,6 [2-12],6,2,12,,2025-11-11T16:20:50Z,2020,2020-01-01,2020-12-31
3565747,TB_e_inc_tbhiv_num,COUNTRY,UKR,EUR,Europe,YEAR,2019,,,,,,,,,7900 [5900-10 000],7900,5900,10000,,2025-11-11T16:20:50Z,2019,2019-01-01,2019-12-31
3569206,TB_e_inc_tbhiv_num,COUNTRY,TJK,EUR,Europe,YEAR,2017,,,,,,,,,310 [230-410],310,230,410,,2025-11-11T16:20:50Z,2017,2017-01-01,2017-12-31
3571324,TB_e_inc_tbhiv_num,COUNTRY,VUT,WPR,Western Pacific,YEAR,2024,,,,,,,,,2 [0-8],2,0,8,,2025-11-11T16:20:50Z,2024,2024-01-01,2024-12-31
3572310,TB_e_inc_tbhiv_num,COUNTRY,MEX,AMR,Americas,YEAR,2010,,,,,,,,,1600 [1100-2100],1600,1100,2100,,2025-11-11T16:20:50Z,2010,2010-01-01,2010-12-31
3572461,TB_e_inc_tbhiv_num,COUNTRY,SLV,AMR,Americas,YEAR,2023,,,,,,,,,330 [240-420],330,240,420,,2025-11-11T16:20:50Z,2023,2023-01-01,2023-12-31
3574759,TB_e_inc_tbhiv_num,COUNTRY,NER,AFR,Africa,YEAR,2001,,,,,,,,,1300 [460-2600],1300,460,2600,,2025-11-11T16:20:50Z,2001,2001-01-01,2001-12-31
3578976,TB_e_inc_tbhiv_num,COUNTRY,USA,AMR,Americas,YEAR,2001,,,,,,,,,4800 [2100-8500],4800,2100,8500,,2025-11-11T16:20:50Z,2001,2001-01-01,2001-12-31
3579788,TB_e_inc_tbhiv_num,COUNTRY,NER,AFR,Africa,YEAR,2013,,,,,,,,,1100 [380-2100],1100,380,2100,,2025-11-11T16:20:50Z,2013,2013-01-01,2013-12-31
3586674,TB_e_inc_tbhiv_num,COUNTRY,YEM,EMR,Eastern Mediterranean,YEAR,2015,,,,,,,,,77 [43-120],77,43,120,,2025-11-11T16:20:50Z,2015,2015-01-01,2015-12-31
3588833,TB_e_inc_tbhiv_num,COUNTRY,CYP,EUR,Europe,YEAR,2003,,,,,,,,,5 [3-8],5,3,8,,2025-11-11T16:20:50Z,2003,2003-01-01,2003-12-31
3591175,TB_e_inc_tbhiv_num,COUNTRY,BOL,AMR,Americas,YEAR,2002,,,,,,,,,1100 [380-2200],1100,380,2200,,2025-11-11T16:20:50Z,2002,2002-01-01,2002-12-31
3596844,TB_e_inc_tbhiv_num,COUNTRY,NPL,SEAR,South-East Asia,YEAR,2023,,,,,,,,,430 [240-680],430,240,680,,2025-11-11T16:20:50Z,2023,2023-01-01,2023-12-31
3597028,TB_e_inc_tbhiv_num,COUNTRY,CHN,WPR,Western Pacific,YEAR,2020,,,,,,,,,12 000 [3100-27 000],12000,3100,27000,,2025-11-11T16:20:50Z,2020,2020-01-01,2020-12-31
3597189,TB_e_inc_tbhiv_num,WORLDBANKINCOMEGROUP,WB_LI,,,YEAR,2023,,,,,,,,,130 000 [101 000-162 000],130000,101000,162000,,2025-11-11T16:20:50Z,2023,2023-01-01,2023-12-31
3597381,TB_e_inc_tbhiv_num,COUNTRY,NZL,WPR,Western Pacific,YEAR,2008,,,,,,,,,7 [2-13],7,2,13,,2025-11-11T16:20:50Z,2008,2008-01-01,2008-12-31
3600687,TB_e_inc_tbhiv_num,COUNTRY,HUN,EUR,Europe,YEAR,2003,,,,,,,,,42 [22-67],42,22,67,,2025-11-11T16:20:50Z,2003,2003-01-01,2003-12-31
3601932,TB_e_inc_tbhiv_num,COUNTRY,LBY,EMR,Eastern Mediterranean,YEAR,2006,,,,,,,,,78 [23-170],78,23,170,,2025-11-11T16:20:50Z,2006,2006-01-01,2006-12-31
3603541,TB_e_inc_tbhiv_num,COUNTRY,BLZ,AMR,Americas,YEAR,2009,,,,,,,,,28 [16-44],28,16,44,,2025-11-11T16:20:50Z,2009,2009-01-01,2009-12-31
3606032,TB_e_inc_tbhiv_num,COUNTRY,SVK,EUR,Europe,YEAR,2024,,,,,,,,,6 [1-13],6,1,13,,2025-11-11T16:20:50Z,2024,2024-01-01,2024-12-31
3609161,TB_e_inc_tbhiv_num,COUNTRY,DZA,AFR,Africa,YEAR,2000,,,,,,,,,120 [64-190],120,64,190,,2025-11-11T16:20:50Z,2000,2000-01-01,2000-12-31
3609768,TB_e_inc_tbhiv_num,REGION,SEAR,,,YEAR,2014,,,,,,,,,179 000 [127 000-240 000],179000,127000,240000,,2025-11-11T16:20:50Z,2014,2014-01-01,2014-12-31
3613787,TB_e_inc_tbhiv_num,COUNTRY,MDV,SEAR,South-East Asia,YEAR,2000,,,,,,,,,0 [0-1],0,0,1,,2025-11-11T16:20:50Z,2000,2000-01-01,2000-12-31
3614274,TB_e_inc_tbhiv_num,COUNTRY,ALB,EUR,Europe,YEAR,2001,,,,,,,,,1 [0-2],1,0,2,,2025-11-11T16:20:50Z,2001,2001-01-01,2001-12-31
3617395,TB_e_inc_tbhiv_num,COUNTRY,GMB,AFR,Africa,YEAR,2001,,,,,,,,,720 [300-1300],720,300,1300,,2025-11-11T16:20:50Z,2001,2001-01-01,2001-12-31
3619142,TB_e_inc_tbhiv_num,COUNTRY,GNB,AFR,Africa,YEAR,2017,,,,,,,,,1200 [880-1500],1200,880,1500,,2025-11-11T16:20:50Z,2017,2017-01-01,2017-12-31
3621283,TB_e_inc_tbhiv_num,COUNTRY,MMR,SEAR,South-East Asia,YEAR,2023,,,,,,,,,17 000 [9700-27 000],17000,9700,27000,,2025-11-11T16:20:50Z,2023,2023-01-01,2023-12-31
3628174,TB_e_inc_tbhiv_num,COUNTRY,EST,EUR,Europe,YEAR,2020,,,,,,,,,15 [7-26],15,7,26,,2025-11-11T16:20:50Z,2020,2020-01-01,2020-12-31
3629657,TB_e_inc_tbhiv_num,COUNTRY,MMR,SEAR,South-East Asia,YEAR,2017,,,,,,,,,16 000 [9300-24 000],16000,9300,24000,,2025-11-11T16:20:50Z,2017,2017-01-01,2017-12-31
3631372,TB_e_inc_tbhiv_num,COUNTRY,TCD,AFR,Africa,YEAR,2024,,,,,,,,,2300 [1500-3300],2300,1500,3300,,2025-11-11T16:20:50Z,2024,2024-01-01,2024-12-31
3634387,TB_e_inc_tbhiv_num,COUNTRY,BLR,EUR,Europe,YEAR,2007,,,,,,,,,270 [92-540],270,92,540,,2025-11-11T16:20:50Z,2007,2007-01-01,2007-12-31
3635752,TB_e_inc_tbhiv_num,COUNTRY,USA,AMR,Americas,YEAR,2007,,,,,,,,,1800 [1300-2300],1800,1300,2300,,2025-11-11T16:20:50Z,2007,2007-01-01,2007-12-31
3640604,TB_e_inc_tbhiv_num,COUNTRY,MNG,WPR,Western Pacific,YEAR,2000,,,,,,,,,8 [2-17],8,2,17,,2025-11-11T16:20:50Z,2000,2000-01-01,2000-12-31
3641908,TB_e_inc_tbhiv_num,COUNTRY,NLD,EUR,Europe,YEAR,2000,,,,,,,,,120 [45-220],120,45,220,,2025-11-11T16:20:50Z,2000,2000-01-01,2000-12-31
3645008,TB_e_inc_tbhiv_num,COUNTRY,RWA,AFR,Africa,YEAR,2017,,,,,,,,,1700 [1100-2400],1700,1100,2400,,2025-11-11T16:20:50Z,2017,2017-01-01,2017-12-31
3649068,TB_e_inc_tbhiv_num,COUNTRY,CHE,EUR,Europe,YEAR,2004,,,,,,,,,87 [50-130],87,50,130,,2025-11-11T16:20:50Z,2004,2004-01-01,2004-12-31
3650174,TB_e_inc_tbhiv_num,COUNTRY,PER,AMR,Americas,YEAR,2017,,,,,,,,,1900 [1400-2500],1900,1400,2500,,2025-11-11T16:20:50Z,2017,2017-01-01,2017-12-31
3654685,TB_e_inc_tbhiv_num,COUNTRY,GUY,AMR,Americas,YEAR,2004,,,,,,,,,170 [71-320],170,71,320,,2025-11-11T16:20:50Z,2004,2004-01-01,2004-12-31
3654735,TB_e_inc_tbhiv_num,COUNTRY,GTM,AMR,Americas,YEAR,2013,,,,,,,,,370 [280-480],370,280,480,,2025-11-11T16:20:50Z,2013,2013-01-01,2013-12-31
3655362,TB_e_inc_tbhiv_num,COUNTRY,PNG,WPR,Western Pacific,YEAR,2016,,,,,,,,,6300 [2400-12 000],6300,2400,12000,,2025-11-11T16:20:50Z,2016,2016-01-01,2016-12-31
3658702,TB_e_inc_tbhiv_num,COUNTRY,GAB,AFR,Africa,YEAR,2018,,,,,,,,,3000 [1500-5100],3000,1500,5100,,2025-11-11T16:20:50Z,2018,2018-01-01,2018-12-31
3662985,TB_e_inc_tbhiv_num,COUNTRY,BDI,AFR,Africa,YEAR,2023,,,,,,,,,690 [390-1100],690,390,1100,,2025-11-11T16:20:50Z,2023,2023-01-01,2023-12-31
3663740,TB_e_inc_tbhiv_num,COUNTRY,RUS,EUR,Europe,YEAR,2017,,,,,,,,,17 000 [9300-26 000],17000,9300,26000,,2025-11-11T16:20:50Z,2017,2017-01-01,2017-12-31
3667685,TB_e_inc_tbhiv_num,COUNTRY,EST,EUR,Europe,YEAR,2024,,,,,,,,,8 [3-16],8,3,16,,2025-11-11T16:20:50Z,2024,2024-01-01,2024-12-31
3670518,TB_e_inc_tbhiv_num,COUNTRY,BRA,AMR,Americas,YEAR,2009,,,,,,,,,7500 [2400-16 000],7500,2400,16000,,2025-11-11T16:20:50Z,2009,2009-01-01,2009-12-31
3672899,TB_e_inc_tbhiv_num,COUNTRY,ETH,AFR,Africa,YEAR,2020,,,,,,,,,12 000 [5500-21 000],12000,5500,21000,,2025-11-11T16:20:50Z,2020,2020-01-01,2020-12-31
3672927,TB_e_inc_tbhiv_num,COUNTRY,MUS,AFR,Africa,YEAR,2013,,,,,,,,,38 [28-49],38,28,49,,2025-11-11T16:20:50Z,2013,2013-01-01,2013-12-31
3677588,TB_e_inc_tbhiv_num,GLOBAL,GLOBAL,,,YEAR,2015,,,,,,,,,1 180 000 [976 000-1 400 000],1180000,976000,1400000,,2025-11-11T16:20:50Z,2015,2015-01-01,2015-12-31
3679751,TB_e_inc_tbhiv_num,COUNTRY,NLD,EUR,Europe,YEAR,2001,,,,,,,,,130 [48-240],130,48,240,,2025-11-11T16:20:50Z,2001,2001-01-01,2001-12-31
3682967,TB_e_inc_tbhiv_num,COUNTRY,BOL,AMR,Americas,YEAR,2008,,,,,,,,,810 [290-1600],810,290,1600,,2025-11-11T16:20:50Z,2008,2008-01-01,2008-12-31
3689628,TB_e_inc_tbhiv_num,COUNTRY,MUS,AFR,Africa,YEAR,2001,,,,,,,,,41 [14-81],41,14,81,,2025-11-11T16:20:50Z,2001,2001-01-01,2001-12-31
3690211,TB_e_inc_tbhiv_num,COUNTRY,GRC,EUR,Europe,YEAR,2021,,,,,,,,,9 [5-14],9,5,14,,2025-11-11T16:20:50Z,2021,2021-01-01,2021-12-31
3691849,TB_e_inc_tbhiv_num,COUNTRY,BGD,SEAR,South-East Asia,YEAR,2008,,,,,,,,,470 [240-780],470,240,780,,2025-11-11T16:20:50Z,2008,2008-01-01,2008-12-31
3693254,TB_e_inc_tbhiv_num,COUNTRY,UGA,AFR,Africa,YEAR,2023,,,,,,,,,36 000 [20 000-56 000],36000,20000,56000,,2025-11-11T16:20:50Z,2023,2023-01-01,2023-12-31
3695672,TB_e_inc_tbhiv_num,COUNTRY,LTU,EUR,Europe,YEAR,2010,,,,,,,,,74 [26-150],74,26,150,,2025-11-11T16:20:50Z,2010,2010-01-01,2010-12-31
3701136,TB_e_inc_tbhiv_num,COUNTRY,IRN,EMR,Eastern Mediterranean,YEAR,2007,,,,,,,,,610 [200-1300],610,200,1300,,2025-11-11T16:20:50Z,2007,2007-01-01,2007-12-31
3702632,TB_e_inc_tbhiv_num,COUNTRY,GEO,EUR,Europe,YEAR,2013,,,,,,,,,110 [79-140],110,79,140,,2025-11-11T16:20:50Z,2013,2013-01-01,2013-12-31
3706299,TB_e_inc_tbhiv_num,COUNTRY,NOR,EUR,Europe,YEAR,2016,,,,,,,,,13 [6-22],13,6,22,,2025-11-11T16:20:50Z,2016,2016-01-01,2016-12-31
3709589,TB_e_inc_tbhiv_num,COUNTRY,IRL,EUR,Europe,YEAR,2020,,,,,,,,,10 [5-16],10,5,16,,2025-11-11T16:20:50Z,2020,2020-01-01,2020-12-31
3713477,TB_e_inc_tbhiv_num,COUNTRY,NER,AFR,Africa,YEAR,2011,,,,,,,,,1300 [460-2500],1300,460,2500,,2025-11-11T16:20:50Z,2011,2011-01-01,2011-12-31
3714972,TB_e_inc_tbhiv_num,COUNTRY,OMN,EMR,Eastern Mediterranean,YEAR,2019,,,,,,,,,15 [7-26],15,7,26,,2025-11-11T16:20:50Z,2019,2019-01-01,2019-12-31
3719537,TB_e_inc_tbhiv_num,COUNTRY,FIN,EUR,Europe,YEAR,2011,,,,,,,,,5 [3-9],5,3,9,,2025-11-11T16:20:50Z,2011,2011-01-01,2011-12-31
3723675,TB_e_inc_tbhiv_num,COUNTRY,TZA,AFR,Africa,YEAR,2020,,,,,,,,,29 000 [13 000-50 000],29000,13000,50000,,2025-11-11T16:20:50Z,2020,2020-01-01,2020-12-31
3725293,TB_e_inc_tbhiv_num,COUNTRY,JAM,AMR,Americas,YEAR,2000,,,,,,,,,91 [42-160],91,42,160,,2025-11-11T16:20:50Z,2000,2000-01-01,2000-12-31
3727253,TB_e_inc_tbhiv_num,COUNTRY,MDV,SEAR,South-East Asia,YEAR,2021,,,,,,,,,0 [0-0],0,0,0,,2025-11-11T16:20:50Z,2021,2021-01-01,2021-12-31
3727592,TB_e_inc_tbhiv_num,COUNTRY,KEN,AFR,Africa,YEAR,2004,,,,,,,,,114 000 [23 000-275 000],114000,23000,275000,,2025-11-11T16:20:50Z,2004,2004-01-01,2004-12-31
3736005,TB_e_inc_tbhiv_num,COUNTRY,RUS,EUR,Europe,YEAR,2010,,,,,,,,,10 000 [2600-23 000],10000,2600,23000,,2025-11-11T16:20:50Z,2010,2010-01-01,2010-12-31
3737957,TB_e_inc_tbhiv_num,COUNTRY,DJI,EMR,Eastern Mediterranean,YEAR,2010,,,,,,,,,3600 [1600-6200],3600,1600,6200,,2025-11-11T16:20:50Z,2010,2010-01-01,2010-12-31
3739202,TB_e_inc_tbhiv_num,COUNTRY,ARE,EMR,Eastern Mediterranean,YEAR,2004,,,,,,,,,4 [2-8],4,2,8,,2025-11-11T16:20:50Z,2004,2004-01-01,2004-12-31
3739901,TB_e_inc_tbhiv_num,COUNTRY,LVA,EUR,Europe,YEAR,2010,,,,,,,,,140 [110-190],140,110,190,,2025-11-11T16:20:50Z,2010,2010-01-01,2010-12-31
3749965,TB_e_inc_tbhiv_num,COUNTRY,ESP,EUR,Europe,YEAR,2017,,,,,,,,,340 [130-660],340,130,660,,2025-11-11T16:20:50Z,2017,2017-01-01,2017-12-31
3750329,TB_e_inc_tbhiv_num,COUNTRY,IRN,EMR,Eastern Mediterranean,YEAR,2024,,,,,,,,,140 [100-180],140,100,180,,2025-11-11T16:20:50Z,2024,2024-01-01,2024-12-31
3751044,TB_e_inc_tbhiv_num,COUNTRY,NAM,AFR,Africa,YEAR,2020,,,,,,,,,3900 [2900-5000],3900,2900,5000,,2025-11-11T16:20:50Z,2020,2020-01-01,2020-12-31
3751507,TB_e_inc_tbhiv_num,COUNTRY,MNE,EUR,Europe,YEAR,2012,,,,,,,,,0 [0-0],0,0,0,,2025-11-11T16:20:50Z,2012,2012-01-01,2012-12-31
3752155,TB_e_inc_tbhiv_num,COUNTRY,GNQ,AFR,Africa,YEAR,2002,,,,,,,,,990 [330-2000],990,330,2000,,2025-11-11T16:20:50Z,2002,2002-01-01,2002-12-31
3752876,TB_e_inc_tbhiv_num,COUNTRY,SAU,EMR,Eastern Mediterranean,YEAR,2009,,,,,,,,,27 [10-52],27,10,52,,2025-11-11T16:20:50Z,2009,2009-01-01,2009-12-31
3753240,TB_e_inc_tbhiv_num,COUNTRY,BGD,SEAR,South-East Asia,YEAR,2003,,,,,,,,,180 [92-300],180,92,300,,2025-11-11T16:20:50Z,2003,2003-01-01,2003-12-31
3753936,TB_e_inc_tbhiv_num,COUNTRY,GIN,AFR,Africa,YEAR,2003,,,,,,,,,2800 [1200-5000],2800,1200,5000,,2025-11-11T16:20:50Z,2003,2003-01-01,2003-12-31
3755843,TB_e_inc_tbhiv_num,COUNTRY,TUN,EMR,Eastern Mediterranean,YEAR,2018,,,,,,,,,48 [30-70],48,30,70,,2025-11-11T16:20:50Z,2018,2018-01-01,2018-12-31
3762877,TB_e_inc_tbhiv_num,COUNTRY,TCD,AFR,Africa,YEAR,2008,,,,,,,,,3900 [1700-7000],3900,1700,7000,,2025-11-11T16:20:50Z,2008,2008-01-01,2008-12-31
3763887,TB_e_inc_tbhiv_num,COUNTRY,SLV,AMR,Americas,YEAR,2003,,,,,,,,,240 [180-320],240,180,320,,2025-11-11T16:20:50Z,2003,2003-01-01,2003-12-31
3764489,TB_e_inc_tbhiv_num,COUNTRY,KGZ,EUR,Europe,YEAR,2023,,,,,,,,,320 [230-430],320,230,430,,2025-11-11T16:20:50Z,2023,2023-01-01,2023-12-31
3765114,TB_e_inc_tbhiv_num,WORLDBANKINCOMEGROUP,WB_HI,,,YEAR,2009,,,,,,,,,20 000 [14 000-29 000],20000,14000,29000,,2025-11-11T16:20:50Z,2009,2009-01-01,2009-12-31
3766016,TB_e_inc_tbhiv_num,COUNTRY,SYR,EMR,Eastern Mediterranean,YEAR,2003,,,,,,,,,5 [2-7],5,2,7,,2025-11-11T16:20:50Z,2003,2003-01-01,2003-12-31
3766119,TB_e_inc_tbhiv_num,COUNTRY,TUR,EUR,Europe,YEAR,2010,,,,,,,,,97 [34-190],97,34,190,,2025-11-11T16:20:50Z,2010,2010-01-01,2010-12-31
3767956,TB_e_inc_tbhiv_num,COUNTRY,CUB,AMR,Americas,YEAR,2007,,,,,,,,,38 [14-74],38,14,74,,2025-11-11T16:20:50Z,2007,2007-01-01,2007-12-31
3768151,TB_e_inc_tbhiv_num,COUNTRY,HND,AMR,Americas,YEAR,2000,,,,,,,,,3600 [1500-6500],3600,1500,6500,,2025-11-11T16:20:50Z,2000,2000-01-01,2000-12-31
3768781,TB_e_inc_tbhiv_num,COUNTRY,COL,AMR,Americas,YEAR,2001,,,,,,,,,2200 [810-4200],2200,810,4200,,2025-11-11T16:20:50Z,2001,2001-01-01,2001-12-31
3769104,TB_e_inc_tbhiv_num,COUNTRY,MNE,EUR,Europe,YEAR,2007,,,,,,,,,2 [0-4],2,0,4,,2025-11-11T16:20:50Z,2007,2007-01-01,2007-12-31
3769309,TB_e_inc_tbhiv_num,REGION,SEAR,,,YEAR,2015,,,,,,,,,161 000 [122 000-206 000],161000,122000,206000,,2025-11-11T16:20:50Z,2015,2015-01-01,2015-12-31
3769814,TB_e_inc_tbhiv_num,COUNTRY,RUS,EUR,Europe,YEAR,2002,,,,,,,,,2800 [610-6600],2800,610,6600,,2025-11-11T16:20:50Z,2002,2002-01-01,2002-12-31
3770689,TB_e_inc_tbhiv_num,COUNTRY,ETH,AFR,Africa,YEAR,2006,,,,,,,,,57 000 [19 000-117 000],57000,19000,117000,,2025-11-11T16:20:50Z,2006,2006-01-01,2006-12-31
3771441,TB_e_inc_tbhiv_num,COUNTRY,MDV,SEAR,South-East Asia,YEAR,2023,,,,,,,,,0 [0-0],0,0,0,,2025-11-11T16:20:50Z,2023,2023-01-01,2023-12-31
3778011,TB_e_inc_tbhiv_num,COUNTRY,ZAF,AFR,Africa,YEAR,2020,,,,,,,,,196 000 [129 000-277 000],196000,129000,277000,,2025-11-11T16:20:50Z,2020,2020-01-01,2020-12-31
3780508,TB_e_inc_tbhiv_num,COUNTRY,BTN,SEAR,South-East Asia,YEAR,2018,,,,,,,,,4 [0-12],4,0,12,,2025-11-11T16:20:50Z,2018,2018-01-01,2018-12-31
3787481,TB_e_inc_tbhiv_num,COUNTRY,TKM,EUR,Europe,YEAR,2019,,,,,,,,,640 [350-1000],640,350,1000,,2025-11-11T16:20:50Z,2019,2019-01-01,2019-12-31
3787570,TB_e_inc_tbhiv_num,COUNTRY,DOM,AMR,Americas,YEAR,2022,,,,,,,,,1200 [870-1500],1200,870,1500,,2025-11-11T16:20:50Z,2022,2022-01-01,2022-12-31
3788337,TB_e_inc_tbhiv_num,COUNTRY,USA,AMR,Americas,YEAR,2002,,,,,,,,,4100 [1800-7400],4100,1800,7400,,2025-11-11T16:20:50Z,2002,2002-01-01,2002-12-31
3788453,TB_e_inc_tbhiv_num,COUNTRY,POL,EUR,Europe,YEAR,2011,,,,,,,,,120 [67-200],120,67,200,,2025-11-11T16:20:50Z,2011,2011-01-01,2011-12-31
3788630,TB_e_inc_tbhiv_num,COUNTRY,JAM,AMR,Americas,YEAR,2013,,,,,,,,,24 [13-38],24,13,38,,2025-11-11T16:20:50Z,2013,2013-01-01,2013-12-31
3788649,TB_e_inc_tbhiv_num,COUNTRY,IRL,EUR,Europe,YEAR,2007,,,,,,,,,20 [11-32],20,11,32,,2025-11-11T16:20:50Z,2007,2007-01-01,2007-12-31
3791178,TB_e_inc_tbhiv_num,COUNTRY,LAO,WPR,Western Pacific,YEAR,2022,,,,,,,,,470 [270-710],470,270,710,,2025-11-11T16:20:50Z,2022,2022-01-01,2022-12-31
3794075,TB_e_inc_tbhiv_num,COUNTRY,NIC,AMR,Americas,YEAR,2015,,,,,,,,,180 [130-240],180,130,240,,2025-11-11T16:20:50Z,2015,2015-01-01,2015-12-31
3794360,TB_e_inc_tbhiv_num,COUNTRY,MYS,WPR,Western Pacific,YEAR,2007,,,,,,,,,2000 [770-3900],2000,770,3900,,2025-11-11T16:20:50Z,2007,2007-01-01,2007-12-31
3794379,TB_e_inc_tbhiv_num,COUNTRY,QAT,EMR,Eastern Mediterranean,YEAR,2011,,,,,,,,,2 [1-3],2,1,3,,2025-11-11T16:20:50Z,2011,2011-01-01,2011-12-31
3794754,TB_e_inc_tbhiv_num,COUNTRY,CUB,AMR,Americas,YEAR,2004,,,,,,,,,2 [0-8],2,0,8,,2025-11-11T16:20:50Z,2004,2004-01-01,2004-12-31
3802758,TB_e_inc_tbhiv_num,COUNTRY,GNB,AFR,Africa,YEAR,2005,,,,,,,,,1500 [850-2400],1500,850,2400,,2025-11-11T16:20:50Z,2005,2005-01-01,2005-12-31
3803421,TB_e_inc_tbhiv_num,COUNTRY,CPV,AFR,Africa,YEAR,2007,,,,,,,,,55 [20-110],55,20,110,,2025-11-11T16:20:50Z,2007,2007-01-01,2007-12-31
3808541,TB_e_inc_tbhiv_num,COUNTRY,AUS,WPR,Western Pacific,YEAR,2010,,,,,,,,,47 [17-93],47,17,93,,2025-11-11T16:20:50Z,2010,2010-01-01,2010-12-31
3809457,TB_e_inc_tbhiv_num,COUNTRY,AUT,EUR,Europe,YEAR,2007,,,,,,,,,28 [15-45],28,15,45,,2025-11-11T16:20:50Z,2007,2007-01-01,2007-12-31
3809508,TB_e_inc_tbhiv_num,COUNTRY,EGY,EMR,Eastern Mediterranean,YEAR,2012,,,,,,,,,71 [30-130],71,30,130,,2025-11-11T16:20:50Z,2012,2012-01-01,2012-12-31
3810331,TB_e_inc_tbhiv_num,COUNTRY,HND,AMR,Americas,YEAR,2021,,,,,,,,,220 [160-290],220,160,290,,2025-11-11T16:20:50Z,2021,2021-01-01,2021-12-31
3812596,TB_e_inc_tbhiv_num,COUNTRY,ISR,EUR,Europe,YEAR,2014,,,,,,,,,30 [18-45],30,18,45,,2025-11-11T16:20:50Z,2014,2014-01-01,2014-12-31
3814620,TB_e_inc_tbhiv_num,COUNTRY,VNM,WPR,Western Pacific,YEAR,2007,,,,,,,,,9300 [4200-17 000],9300,4200,17000,,2025-11-11T16:20:50Z,2007,2007-01-01,2007-12-31
3816239,TB_e_inc_tbhiv_num,COUNTRY,AGO,AFR,Africa,YEAR,2008,,,,,,,,,26 000 [12 000-45 000],26000,12000,45000,,2025-11-11T16:20:50Z,2008,2008-01-01,2008-12-31
3816953,TB_e_inc_tbhiv_num,COUNTRY,DJI,EMR,Eastern Mediterranean,YEAR,2014,,,,,,,,,560 [410-720],560,410,720,,2025-11-11T16:20:50Z,2014,2014-01-01,2014-12-31
3819617,TB_e_inc_tbhiv_num,COUNTRY,CZE,EUR,Europe,YEAR,2002,,,,,,,,,13 [7-21],13,7,21,,2025-11-11T16:20:50Z,2002,2002-01-01,2002-12-31
3821547,TB_e_inc_tbhiv_num,COUNTRY,NAM,AFR,Africa,YEAR,2018,,,,,,,,,4700 [3100-6700],4700,3100,6700,,2025-11-11T16:20:50Z,2018,2018-01-01,2018-12-31
3824131,TB_e_inc_tbhiv_num,REGION,SEAR,,,YEAR,2000,,,,,,,,,560 000 [148 000-1 240 000],560000,148000,1240000,,2025-11-11T16:20:50Z,2000,2000-01-01,2000-12-31
3825263,TB_e_inc_tbhiv_num,COUNTRY,TTO,AMR,Americas,YEAR,2018,,,,,,,,,50 [34-70],50,34,70,,2025-11-11T16:20:50Z,2018,2018-01-01,2018-12-31
3825622,TB_e_inc_tbhiv_num,COUNTRY,GBR,EUR,Europe,YEAR,2011,,,,,,,,,400 [150-760],400,150,760,,2025-11-11T16:20:50Z,2011,2011-01-01,2011-12-31
3826666,TB_e_inc_tbhiv_num,COUNTRY,LUX,EUR,Europe,YEAR,2006,,,,,,,,,2 [1-4],2,1,4,,2025-11-11T16:20:50Z,2006,2006-01-01,2006-12-31
3828817,TB_e_inc_tbhiv_num,WORLDBANKINCOMEGROUP,WB_LI,,,YEAR,2019,,,,,,,,,156 000 [120 000-197 000],156000,120000,197000,,2025-11-11T16:20:50Z,2019,2019-01-01,2019-12-31
3829409,TB_e_inc_tbhiv_num,COUNTRY,MLI,AFR,Africa,YEAR,2015,,,,,,,,,1600 [500-3400],1600,500,3400,,2025-11-11T16:20:50Z,2015,2015-01-01,2015-12-31
3835346,TB_e_inc_tbhiv_num,COUNTRY,SVK,EUR,Europe,YEAR,2017,,,,,,,,,0 [0-0],0,0,0,,2025-11-11T16:20:50Z,2017,2017-01-01,2017-12-31
3840015,TB_e_inc_tbhiv_num,COUNTRY,POL,EUR,Europe,YEAR,2000,,,,,,,,,460 [250-730],460,250,730,,2025-11-11T16:20:50Z,2000,2000-01-01,2000-12-31
3840625,TB_e_inc_tbhiv_num,COUNTRY,JAM,AMR,Americas,YEAR,2019,,,,,,,,,14 [6-24],14,6,24,,2025-11-11T16:20:50Z,2019,2019-01-01,2019-12-31
3840834,TB_e_inc_tbhiv_num,COUNTRY,IRN,EMR,Eastern Mediterranean,YEAR,2020,,,,,,,,,280 [200-360],280,200,360,,2025-11-11T16:20:50Z,2020,2020-01-01,2020-12-31
3846263,TB_e_inc_tbhiv_num,COUNTRY,USA,AMR,Americas,YEAR,2011,,,,,,,,,970 [720-1300],970,720,1300,,2025-11-11T16:20:50Z,2011,2011-01-01,2011-12-31
3854261,TB_e_inc_tbhiv_num,COUNTRY,EST,EUR,Europe,YEAR,2016,,,,,,,,,29 [17-44],29,17,44,,2025-11-11T16:20:50Z,2016,2016-01-01,2016-12-31
3854494,TB_e_inc_tbhiv_num,COUNTRY,FRA,EUR,Europe,YEAR,2019,,,,,,,,,360 [140-690],360,140,690,,2025-11-11T16:20:50Z,2019,2019-01-01,2019-12-31
3854995,TB_e_inc_tbhiv_num,COUNTRY,DJI,EMR,Eastern Mediterranean,YEAR,2016,,,,,,,,,330 [240-420],330,240,420,,2025-11-11T16:20:50Z,2016,2016-01-01,2016-12-31
3855478,TB_e_inc_tbhiv_num,COUNTRY,PRY,AMR,Americas,YEAR,2002,,,,,,,,,320 [100-670],320,100,670,,2025-11-11T16:20:50Z,2002,2002-01-01,2002-12-31
3855608,TB_e_inc_tbhiv_num,COUNTRY,CAF,AFR,Africa,YEAR,2009,,,,,,,,,12 000 [4600-23 000],12000,4600,23000,,2025-11-11T16:20:50Z,2009,2009-01-01,2009-12-31
3859230,TB_e_inc_tbhiv_num,COUNTRY,AUT,EUR,Europe,YEAR,2004,,,,,,,,,51 [28-81],51,28,81,,2025-11-11T16:20:50Z,2004,2004-01-01,2004-12-31
3864960,TB_e_inc_tbhiv_num,COUNTRY,BGR,EUR,Europe,YEAR,2013,,,,,,,,,8 [2-19],8,2,19,,2025-11-11T16:20:50Z,2013,2013-01-01,2013-12-31
3865990,TB_e_inc_tbhiv_num,COUNTRY,LKA,SEAR,South-East Asia,YEAR,2014,,,,,,,,,45 [22-76],45,22,76,,2025-11-11T16:20:50Z,2014,2014-01-01,2014-12-31
3866597,TB_e_inc_tbhiv_num,REGION,AFR,,,YEAR,2020,,,,,,,,,552 000 [469 000-642 000],552000,469000,642000,,2025-11-11T16:20:50Z,2020,2020-01-01,2020-12-31
3869819,TB_e_inc_tbhiv_num,COUNTRY,HKG,,,YEAR,2024,,,,,,,,,30 [17-48],30,17,48,,2025-11-11T16:20:50Z,2024,2024-01-01,2024-12-31
3872390,TB_e_inc_tbhiv_num,COUNTRY,BOL,AMR,Americas,YEAR,2005,,,,,,,,,870 [300-1700],870,300,1700,,2025-11-11T16:20:50Z,2005,2005-01-01,2005-12-31
3873287,TB_e_inc_tbhiv_num,COUNTRY,DJI,EMR,Eastern Mediterranean,YEAR,2005,,,,,,,,,4200 [2000-7200],4200,2000,7200,,2025-11-11T16:20:50Z,2005,2005-01-01,2005-12-31
3874461,TB_e_inc_tbhiv_num,COUNTRY,SVN,EUR,Europe,YEAR,2000,,,,,,,,,6 [2-13],6,2,13,,2025-11-11T16:20:50Z,2000,2000-01-01,2000-12-31
3874677,TB_e_inc_tbhiv_num,COUNTRY,UGA,AFR,Africa,YEAR,2013,,,,,,,,,34 000 [21 000-51 000],34000,21000,51000,,2025-11-11T16:20:50Z,2013,2013-01-01,2013-12-31
3876607,TB_e_inc_tbhiv_num,COUNTRY,MUS,AFR,Africa,YEAR,2002,,,,,,,,,45 [17-89],45,17,89,,2025-11-11T16:20:50Z,2002,2002-01-01,2002-12-31
3877781,TB_e_inc_tbhiv_num,COUNTRY,ARE,EMR,Eastern Mediterranean,YEAR,2008,,,,,,,,,2 [1-4],2,1,4,,2025-11-11T16:20:50Z,2008,2008-01-01,2008-12-31
3878359,TB_e_inc_tbhiv_num,COUNTRY,CAN,AMR,Americas,YEAR,2024,,,,,,,,,70 [49-95],70,49,95,,2025-11-11T16:20:50Z,2024,2024-01-01,2024-12-31
3878675,TB_e_inc_tbhiv_num,COUNTRY,JOR,EMR,Eastern Mediterranean,YEAR,2004,,,,,,,,,1 [0-1],1,0,1,,2025-11-11T16:20:50Z,2004,2004-01-01,2004-12-31
3881255,TB_e_inc_tbhiv_num,COUNTRY,LBN,EMR,Eastern Mediterranean,YEAR,2020,,,,,,,,,3 [0-10],3,0,10,,2025-11-11T16:20:50Z,2020,2020-01-01,2020-12-31
3882003,TB_e_inc_tbhiv_num,COUNTRY,EGY,EMR,Eastern Mediterranean,YEAR,2021,,,,,,,,,100 [44-180],100,44,180,,2025-11-11T16:20:50Z,2021,2021-01-01,2021-12-31
3882011,TB_e_inc_tbhiv_num,COUNTRY,MKD,EUR,Europe,YEAR,2013,,,,,,,,,0 [0-0],0,0,0,,2025-11-11T16:20:50Z,2013,2013-01-01,2013-12-31
3882108,TB_e_inc_tbhiv_num,COUNTRY,ITA,EUR,Europe,YEAR,2000,,,,,,,,,760 [440-1200],760,440,1200,,2025-11-11T16:20:50Z,2000,2000-01-01,2000-12-31
3883218,TB_e_inc_tbhiv_num,COUNTRY,MYS,WPR,Western Pacific,YEAR,2006,,,,,,,,,3000 [2200-3800],3000,2200,3800,,2025-11-11T16:20:50Z,2006,2006-01-01,2006-12-31
3883960,TB_e_inc_tbhiv_num,COUNTRY,ZWE,AFR,Africa,YEAR,2012,,,,,,,,,36 000 [18 000-59 000],36000,18000,59000,,2025-11-11T16:20:50Z,2012,2012-01-01,2012-12-31
3884655,TB_e_inc_tbhiv_num,COUNTRY,URY,AMR,Americas,YEAR,2013,,,,,,,,,160 [120-210],160,120,210,,2025-11-11T16:20:50Z,2013,2013-01-01,2013-12-31
3887275,TB_e_inc_tbhiv_num,COUNTRY,YEM,EMR,Eastern Mediterranean,YEAR,2014,,,,,,,,,100 [55-160],100,55,160,,2025-11-11T16:20:50Z,2014,2014-01-01,2014-12-31
3893988,TB_e_inc_tbhiv_num,COUNTRY,COG,AFR,Africa,YEAR,2023,,,,,,,,,5600 [3400-8300],5600,3400,8300,,2025-11-11T16:20:50Z,2023,2023-01-01,2023-12-31
3900697,TB_e_inc_tbhiv_num,COUNTRY,FSM,WPR,Western Pacific,YEAR,2024,,,,,,,,,2 [0-11],2,0,11,,2025-11-11T16:20:50Z,2024,2024-01-01,2024-12-31
3902799,TB_e_inc_tbhiv_num,COUNTRY,TLS,SEAR,South-East Asia,YEAR,2023,,,,,,,,,57 [42-75],57,42,75,,2025-11-11T16:20:50Z,2023,2023-01-01,2023-12-31
3903622,TB_e_inc_tbhiv_num,COUNTRY,BWA,AFR,Africa,YEAR,2015,,,,,,,,,5700 [4600-7000],5700,4600,7000,,2025-11-11T16:20:50Z,2015,2015-01-01,2015-12-31
3910218,TB_e_inc_tbhiv_num,COUNTRY,BWA,AFR,Africa,YEAR,2004,,,,,,,,,12 000 [9500-14 000],12000,9500,14000,,2025-11-11T16:20:50Z,2004,2004-01-01,2004-12-31
3910849,TB_e_inc_tbhiv_num,COUNTRY,BEN,AFR,Africa,YEAR,2014,,,,,,,,,1200 [390-2400],1200,390,2400,,2025-11-11T16:20:50Z,2014,2014-01-01,2014-12-31
3913965,TB_e_inc_tbhiv_num,COUNTRY,ZWE,AFR,Africa,YEAR,2008,,,,,,,,,46 000 [12 000-100 000],46000,12000,100000,,2025-11-11T16:20:50Z,2008,2008-01-01,2008-12-31
3914206,TB_e_inc_tbhiv_num,COUNTRY,TJK,EUR,Europe,YEAR,2003,,,,,,,,,8 [2-21],8,2,21,,2025-11-11T16:20:50Z,2003,2003-01-01,2003-12-31
3916210,TB_e_inc_tbhiv_num,COUNTRY,SVN,EUR,Europe,YEAR,2005,,,,,,,,,5 [1-10],5,1,10,,2025-11-11T16:20:50Z,2005,2005-01-01,2005-12-31
3917220,TB_e_inc_tbhiv_num,GLOBAL,GLOBAL,,,YEAR,2017,,,,,,,,,979 000 [846 000-1 120 000],979000,846000,1120000,,2025-11-11T16:20:50Z,2017,2017-01-01,2017-12-31
3919043,TB_e_inc_tbhiv_num,COUNTRY,FJI,WPR,Western Pacific,YEAR,2019,,,,,,,,,51 [32-74],51,32,74,,2025-11-11T16:20:50Z,2019,2019-01-01,2019-12-31
3919646,TB_e_inc_tbhiv_num,COUNTRY,TJK,EUR,Europe,YEAR,2016,,,,,,,,,310 [230-400],310,230,400,,2025-11-11T16:20:50Z,2016,2016-01-01,2016-12-31
3919775,TB_e_inc_tbhiv_num,COUNTRY,ALB,EUR,Europe,YEAR,2017,,,,,,,,,6 [2-11],6,2,11,,2025-11-11T16:20:50Z,2017,2017-01-01,2017-12-31
3926312,TB_e_inc_tbhiv_num,COUNTRY,PNG,WPR,Western Pacific,YEAR,2023,,,,,,,,,3800 [3000-4600],3800,3000,4600,,2025-11-11T16:20:50Z,2023,2023-01-01,2023-12-31
3928875,TB_e_inc_tbhiv_num,COUNTRY,LBN,EMR,Eastern Mediterranean,YEAR,2000,,,,,,,,,9 [3-17],9,3,17,,2025-11-11T16:20:50Z,2000,2000-01-01,2000-12-31
3930085,TB_e_inc_tbhiv_num,COUNTRY,ZMB,AFR,Africa,YEAR,2007,,,,,,,,,50 000 [21 000-90 000],50000,21000,90000,,2025-11-11T16:20:50Z,2007,2007-01-01,2007-12-31
3931007,TB_e_inc_tbhiv_num,COUNTRY,SWE,EUR,Europe,YEAR,2008,,,,,,,,,13 [7-22],13,7,22,,2025-11-11T16:20:50Z,2008,2008-01-01,2008-12-31
3932025,TB_e_inc_tbhiv_num,COUNTRY,IDN,WPR,Western Pacific,YEAR,2021,,,,,,,,,21 000 [9000-37 000],21000,9000,37000,,2025-11-11T16:20:50Z,2021,2021-01-01,2021-12-31
3934478,TB_e_inc_tbhiv_num,COUNTRY,BIH,EUR,Europe,YEAR,2016,,,,,,,,,2 [1-4],2,1,4,,2025-11-11T16:20:50Z,2016,2016-01-01,2016-12-31
3935824,TB_e_inc_tbhiv_num,REGION,WPR,,,YEAR,2018,,,,,,,,,56 000 [38 000-77 000],56000,38000,77000,,2025-11-11T16:20:50Z,2018,2018-01-01,2018-12-31
3938604,TB_e_inc_tbhiv_num,COUNTRY,HRV,EUR,Europe,YEAR,2017,,,,,,,,,4 [2-7],4,2,7,,2025-11-11T16:20:50Z,2017,2017-01-01,2017-12-31
3938981,TB_e_inc_tbhiv_num,COUNTRY,ECU,AMR,Americas,YEAR,2009,,,,,,,,,660 [490-860],660,490,860,,2025-11-11T16:20:50Z,2009,2009-01-01,2009-12-31
3941162,TB_e_inc_tbhiv_num,COUNTRY,MDG,AFR,Africa,YEAR,2018,,,,,,,,,920 [700-1200],920,700,1200,,2025-11-11T16:20:50Z,2018,2018-01-01,2018-12-31
3942555,TB_e_inc_tbhiv_num,COUNTRY,QAT,EMR,Eastern Mediterranean,YEAR,2013,,,,,,,,,1 [0-2],1,0,2,,2025-11-11T16:20:50Z,2013,2013-01-01,2013-12-31
3943209,TB_e_inc_tbhiv_num,COUNTRY,ROU,EUR,Europe,YEAR,2015,,,,,,,,,480 [360-620],480,360,620,,2025-11-11T16:20:50Z,2015,2015-01-01,2015-12-31
3943491,TB_e_inc_tbhiv_num,COUNTRY,MDG,AFR,Africa,YEAR,2016,,,,,,,,,1400 [510-2900],1400,510,2900,,2025-11-11T16:20:50Z,2016,2016-01-01,2016-12-31
3952941,TB_e_inc_tbhiv_num,COUNTRY,LKA,SEAR,South-East Asia,YEAR,2005,,,,,,,,,120 [39-240],120,39,240,,2025-11-11T16:20:50Z,2005,2005-01-01,2005-12-31
3953892,TB_e_inc_tbhiv_num,COUNTRY,CHL,AMR,Americas,YEAR,2001,,,,,,,,,660 [270-1200],660,270,1200,,2025-11-11T16:20:50Z,2001,2001-01-01,2001-12-31
3956665,TB_e_inc_tbhiv_num,REGION,WPR,,,YEAR,2006,,,,,,,,,69 000 [45 000-98 000],69000,45000,98000,,2025-11-11T16:20:50Z,2006,2006-01-01,2006-12-31
3958747,TB_e_inc_tbhiv_num,COUNTRY,LBR,AFR,Africa,YEAR,2003,,,,,,,,,1900 [910-3200],1900,910,3200,,2025-11-11T16:20:50Z,2003,2003-01-01,2003-12-31
3963056,TB_e_inc_tbhiv_num,COUNTRY,BDI,AFR,Africa,YEAR,2001,,,,,,,,,5800 [3300-9100],5800,3300,9100,,2025-11-11T16:20:50Z,2001,2001-01-01,2001-12-31
3963126,TB_e_inc_tbhiv_num,COUNTRY,NPL,SEAR,South-East Asia,YEAR,2012,,,,,,,,,2700 [780-5700],2700,780,5700,,2025-11-11T16:20:50Z,2012,2012-01-01,2012-12-31
3965369,TB_e_inc_tbhiv_num,COUNTRY,GNQ,AFR,Africa,YEAR,2024,,,,,,,,,2000 [860-3600],2000,860,3600,,2025-11-11T16:20:50Z,2024,2024-01-01,2024-12-31
3969707,TB_e_inc_tbhiv_num,COUNTRY,BFA,AFR,Africa,YEAR,2024,,,,,,,,,720 [310-1300],720,310,1300,,2025-11-11T16:20:50Z,2024,2024-01-01,2024-12-31
3971890,TB_e_inc_tbhiv_num,COUNTRY,AZE,EUR,Europe,YEAR,2008,,,,,,,,,580 [180-1200],580,180,1200,,2025-11-11T16:20:50Z,2008,2008-01-01,2008-12-31
3973984,TB_e_inc_tbhiv_num,COUNTRY,TGO,AFR,Africa,YEAR,2002,,,,,,,,,1500 [610-2700],1500,610,2700,,2025-11-11T16:20:50Z,2002,2002-01-01,2002-12-31
3976008,TB_e_inc_tbhiv_num,COUNTRY,CZE,EUR,Europe,YEAR,2009,,,,,,,,,5 [3-9],5,3,9,,2025-11-11T16:20:50Z,2009,2009-01-01,2009-12-31
3983335,TB_e_inc_tbhiv_num,COUNTRY,BDI,AFR,Africa,YEAR,2010,,,,,,,,,3300 [2400-4300],3300,2400,4300,,2025-11-11T16:20:50Z,2010,2010-01-01,2010-12-31
3984878,TB_e_inc_tbhiv_num,COUNTRY,ISR,EUR,Europe,YEAR,2010,,,,,,,,,16 [12-21],16,12,21,,2025-11-11T16:20:50Z,2010,2010-01-01,2010-12-31
3984967,TB_e_inc_tbhiv_num,COUNTRY,MYS,WPR,Western Pacific,YEAR,2022,,,,,,,,,1500 [1100-2000],1500,1100,2000,,2025-11-11T16:20:50Z,2022,2022-01-01,2022-12-31
3986145,TB_e_inc_tbhiv_num,COUNTRY,PNG,WPR,Western Pacific,YEAR,2001,,,,,,,,,4300 [1500-8400],4300,1500,8400,,2025-11-11T16:20:50Z,2001,2001-01-01,2001-12-31
3986201,TB_e_inc_tbhiv_num,COUNTRY,IRL,EUR,Europe,YEAR,2011,,,,,,,,,18 [10-28],18,10,28,,2025-11-11T16:20:50Z,2011,2011-01-01,2011-12-31
3989558,TB_e_inc_tbhiv_num,COUNTRY,CHE,EUR,Europe,YEAR,2021,,,,,,,,,19 [10-30],19,10,30,,2025-11-11T16:20:50Z,2021,2021-01-01,2021-12-31
3989763,TB_e_inc_tbhiv_num,COUNTRY,PER,AMR,Americas,YEAR,2011,,,,,,,,,2700 [1000-5300],2700,1000,5300,,2025-11-11T16:20:50Z,2011,2011-01-01,2011-12-31
3993851,TB_e_inc_tbhiv_num,COUNTRY,HRV,EUR,Europe,YEAR,2015,,,,,,,,,5 [3-8],5,3,8,,2025-11-11T16:20:50Z,2015,2015-01-01,2015-12-31
4001031,TB_e_inc_tbhiv_num,COUNTRY,IRN,EMR,Eastern Mediterranean,YEAR,2021,,,,,,,,,230 [170-300],230,170,300,,2025-11-11T16:20:50Z,2021,2021-01-01,2021-12-31
4004040,TB_e_inc_tbhiv_num,COUNTRY,PAK,EMR,Eastern Mediterranean,YEAR,2016,,,,,,,,,3200 [68-12 000],3200,68,12000,,2025-11-11T16:20:50Z,2016,2016-01-01,2016-12-31
4004789,TB_e_inc_tbhiv_num,COUNTRY,SUR,AMR,Americas,YEAR,2014,,,,,,,,,61 [43-83],61,43,83,,2025-11-11T16:20:50Z,2014,2014-01-01,2014-12-31
4007422,TB_e_inc_tbhiv_num,COUNTRY,CRI,AMR,Americas,YEAR,2000,,,,,,,,,39 [14-75],39,14,75,,2025-11-11T16:20:50Z,2000,2000-01-01,2000-12-31
4012415,TB_e_inc_tbhiv_num,COUNTRY,SVN,EUR,Europe,YEAR,2017,,,,,,,,,1 [0-2],1,0,2,,2025-11-11T16:20:50Z,2017,2017-01-01,2017-12-31
4014953,TB_e_inc_tbhiv_num,COUNTRY,ERI,AFR,Africa,YEAR,2002,,,,,,,,,2400 [1000-4400],2400,1000,4400,,2025-11-11T16:20:50Z,2002,2002-01-01,2002-12-31
4015010,TB_e_inc_tbhiv_num,COUNTRY,GRC,EUR,Europe,YEAR,2005,,,,,,,,,35 [19-56],35,19,56,,2025-11-11T16:20:50Z,2005,2005-01-01,2005-12-31
4016380,TB_e_inc_tbhiv_num,COUNTRY,BLZ,AMR,Americas,YEAR,2008,,,,,,,,,31 [18-48],31,18,48,,2025-11-11T16:20:50Z,2008,2008-01-01,2008-12-31
4021403,TB_e_inc_tbhiv_num,COUNTRY,KAZ,EUR,Europe,YEAR,2002,,,,,,,,,370 [120-760],370,120,760,,2025-11-11T16:20:50Z,2002,2002-01-01,2002-12-31
4022412,TB_e_inc_tbhiv_num,COUNTRY,ZAF,AFR,Africa,YEAR,2011,,,,,,,,,416 000 [220 000-674 000],416000,220000,674000,,2025-11-11T16:20:50Z,2011,2011-01-01,2011-12-31
4022758,TB_e_inc_tbhiv_num,COUNTRY,GNB,AFR,Africa,YEAR,2015,,,,,,,,,970 [740-1200],970,740,1200,,2025-11-11T16:20:50Z,2015,2015-01-01,2015-12-31
4027108,TB_e_inc_tbhiv_num,COUNTRY,BGD,SEAR,South-East Asia,YEAR,2009,,,,,,,,,520 [270-870],520,270,870,,2025-11-11T16:20:50Z,2009,2009-01-01,2009-12-31
4038379,TB_e_inc_tbhiv_num,COUNTRY,ZMB,AFR,Africa,YEAR,2008,,,,,,,,,47 000 [21 000-83 000],47000,21000,83000,,2025-11-11T16:20:50Z,2008,2008-01-01,2008-12-31
4038562,TB_e_inc_tbhiv_num,COUNTRY,IND,SEAR,South-East Asia,YEAR,2010,,,,,,,,,219 000 [45 000-529 000],219000,45000,529000,,2025-11-11T16:20:50Z,2010,2010-01-01,2010-12-31
4042550,TB_e_inc_tbhiv_num,COUNTRY,JPN,WPR,Western Pacific,YEAR,2013,,,,,,,,,130 [44-250],130,44,250,,2025-11-11T16:20:50Z,2013,2013-01-01,2013-12-31
4043869,TB_e_inc_tbhiv_num,COUNTRY,RWA,AFR,Africa,YEAR,2003,,,,,,,,,6000 [3300-9500],6000,3300,9500,,2025-11-11T16:20:50Z,2003,2003-01-01,2003-12-31
4046198,TB_e_inc_tbhiv_num,COUNTRY,CHL,AMR,Americas,YEAR,2021,,,,,,,,,300 [230-390],300,230,390,,2025-11-11T16:20:50Z,2021,2021-01-01,2021-12-31
4050663,TB_e_inc_tbhiv_num,COUNTRY,EST,EUR,Europe,YEAR,2015,,,,,,,,,32 [19-47],32,19,47,,2025-11-11T16:20:50Z,2015,2015-01-01,2015-12-31
4053213,TB_e_inc_tbhiv_num,WORLDBANKINCOMEGROUP,WB_UMI,,,YEAR,2022,,,,,,,,,252 000 [185 000-330 000],252000,185000,330000,,2025-11-11T16:20:50Z,2022,2022-01-01,2022-12-31
4053363,TB_e_inc_tbhiv_num,WORLDBANKINCOMEGROUP,WB_LI,,,YEAR,2000,,,,,,,,,303 000 [198 000-431 000],303000,198000,431000,,2025-11-11T16:20:50Z,2000,2000-01-01,2000-12-31
4055611,TB_e_inc_tbhiv_num,COUNTRY,ERI,AFR,Africa,YEAR,2014,,,,,,,,,350 [260-450],350,260,450,,2025-11-11T16:20:50Z,2014,2014-01-01,2014-12-31
4056524,TB_e_inc_tbhiv_num,REGION,AMR,,,YEAR,2018,,,,,,,,,31 000 [27 000-34 000],31000,27000,34000,,2025-11-11T16:20:50Z,2018,2018-01-01,2018-12-31
4060040,TB_e_inc_tbhiv_num,COUNTRY,EGY,EMR,Eastern Mediterranean,YEAR,2011,,,,,,,,,64 [27-120],64,27,120,,2025-11-11T16:20:50Z,2011,2011-01-01,2011-12-31
4061735,TB_e_inc_tbhiv_num,COUNTRY,RWA,AFR,Africa,YEAR,2023,,,,,,,,,1100 [700-1500],1100,700,1500,,2025-11-11T16:20:50Z,2023,2023-01-01,2023-12-31
4061882,TB_e_inc_tbhiv_num,REGION,EUR,,,YEAR,2020,,,,,,,,,29 000 [22 000-38 000],29000,22000,38000,,2025-11-11T16:20:50Z,2020,2020-01-01,2020-12-31
4068060,TB_e_inc_tbhiv_num,REGION,EUR,,,YEAR,2009,,,,,,,,,28 000 [21 000-36 000],28000,21000,36000,,2025-11-11T16:20:50Z,2009,2009-01-01,2009-12-31
4071115,TB_e_inc_tbhiv_num,COUNTRY,MAR,EMR,Eastern Mediterranean,YEAR,2023,,,,,,,,,430 [150-850],430,150,850,,2025-11-11T16:20:50Z,2023,2023-01-01,2023-12-31
4073508,TB_e_inc_tbhiv_num,COUNTRY,ETH,AFR,Africa,YEAR,2015,,,,,,,,,17 000 [8000-30 000],17000,8000,30000,,2025-11-11T16:20:50Z,2015,2015-01-01,2015-12-31
4078359,TB_e_inc_tbhiv_num,COUNTRY,BLZ,AMR,Americas,YEAR,2013,,,,,,,,,39 [24-56],39,24,56,,2025-11-11T16:20:50Z,2013,2013-01-01,2013-12-31
4079864,TB_e_inc_tbhiv_num,COUNTRY,TKM,EUR,Europe,YEAR,2010,,,,,,,,,950 [510-1500],950,510,1500,,2025-11-11T16:20:50Z,2010,2010-01-01,2010-12-31
4084322,TB_e_inc_tbhiv_num,COUNTRY,URY,AMR,Americas,YEAR,2015,,,,,,,,,180 [130-230],180,130,230,,2025-11-11T16:20:50Z,2015,2015-01-01,2015-12-31
4084737,TB_e_inc_tbhiv_num,COUNTRY,FJI,WPR,Western Pacific,YEAR,2016,,,,,,,,,17 [7-31],17,7,31,,2025-11-11T16:20:50Z,2016,2016-01-01,2016-12-31
4087379,TB_e_inc_tbhiv_num,COUNTRY,ETH,AFR,Africa,YEAR,2011,,,,,,,,,41 000 [20 000-68 000],41000,20000,68000,,2025-11-11T16:20:50Z,2011,2011-01-01,2011-12-31
4089185,TB_e_inc_tbhiv_num,COUNTRY,OMN,EMR,Eastern Mediterranean,YEAR,2003,,,,,,,,,29 [16-47],29,16,47,,2025-11-11T16:20:50Z,2003,2003-01-01,2003-12-31
4089227,TB_e_inc_tbhiv_num,WORLDBANKINCOMEGROUP,WB_HI,,,YEAR,2010,,,,,,,,,18 000 [8800-30 000],18000,8800,30000,,2025-11-11T16:20:50Z,2010,2010-01-01,2010-12-31
4094848,TB_e_inc_tbhiv_num,COUNTRY,SUR,AMR,Americas,YEAR,2018,,,,,,,,,36 [23-53],36,23,53,,2025-11-11T16:20:50Z,2018,2018-01-01,2018-12-31
4096454,TB_e_inc_tbhiv_num,COUNTRY,CAF,AFR,Africa,YEAR,2013,,,,,,,,,9900 [3500-20 000],9900,3500,20000,,2025-11-11T16:20:50Z,2013,2013-01-01,2013-12-31
4100050,TB_e_inc_tbhiv_num,COUNTRY,TKM,EUR,Europe,YEAR,2002,,,,,,,,,360 [170-610],360,170,610,,2025-11-11T16:20:50Z,2002,2002-01-01,2002-12-31
4101997,TB_e_inc_tbhiv_num,COUNTRY,TLS,SEAR,South-East Asia,YEAR,2004,,,,,,,,,70 [19-150],70,19,150,,2025-11-11T16:20:50Z,2004,2004-01-01,2004-12-31
4104443,TB_e_inc_tbhiv_num,COUNTRY,SWZ,AFR,Africa,YEAR,2006,,,,,,,,,12 000 [670-40 000],12000,670,40000,,2025-11-11T16:20:50Z,2006,2006-01-01,2006-12-31
4108739,TB_e_inc_tbhiv_num,COUNTRY,BOL,AMR,Americas,YEAR,2024,,,,,,,,,750 [560-980],750,560,980,,2025-11-11T16:20:50Z,2024,2024-01-01,2024-12-31
4110232,TB_e_inc_tbhiv_num,COUNTRY,MAR,EMR,Eastern Mediterranean,YEAR,2018,,,,,,,,,430 [150-860],430,150,860,,2025-11-11T16:20:50Z,2018,2018-01-01,2018-12-31
4110513,TB_e_inc_tbhiv_num,COUNTRY,JPN,WPR,Western Pacific,YEAR,2002,,,,,,,,,510 [180-1000],510,180,1000,,2025-11-11T16:20:50Z,2002,2002-01-01,2002-12-31
4110684,TB_e_inc_tbhiv_num,COUNTRY,KAZ,EUR,Europe,YEAR,2017,,,,,,,,,500 [370-650],500,370,650,,2025-11-11T16:20:50Z,2017,2017-01-01,2017-12-31
4123773,TB_e_inc_tbhiv_num,COUNTRY,CAN,AMR,Americas,YEAR,2015,,,,,,,,,64 [23-130],64,23,130,,2025-11-11T16:20:50Z,2015,2015-01-01,2015-12-31
4125282,TB_e_inc_tbhiv_num,COUNTRY,MMR,SEAR,South-East Asia,YEAR,2011,,,,,,,,,23 000 [9900-42 000],23000,9900,42000,,2025-11-11T16:20:50Z,2011,2011-01-01,2011-12-31
4125669,TB_e_inc_tbhiv_num,COUNTRY,MYS,WPR,Western Pacific,YEAR,2004,,,,,,,,,1800 [680-3500],1800,680,3500,,2025-11-11T16:20:50Z,2004,2004-01-01,2004-12-31
4125883,TB_e_inc_tbhiv_num,COUNTRY,MUS,AFR,Africa,YEAR,2006,,,,,,,,,12 [4-26],12,4,26,,2025-11-11T16:20:50Z,2006,2006-01-01,2006-12-31
4127138,TB_e_inc_tbhiv_num,COUNTRY,SEN,AFR,Africa,YEAR,2018,,,,,,,,,1100 [820-1500],1100,820,1500,,2025-11-11T16:20:50Z,2018,2018-01-01,2018-12-31
4127521,TB_e_inc_tbhiv_num,COUNTRY,ZWE,AFR,Africa,YEAR,2005,,,,,,,,,51 000 [9300-128 000],51000,9300,128000,,2025-11-11T16:20:50Z,2005,2005-01-01,2005-12-31
4128340,TB_e_inc_tbhiv_num,COUNTRY,MDG,AFR,Africa,YEAR,2017,,,,,,,,,1500 [540-3000],1500,540,3000,,2025-11-11T16:20:50Z,2017,2017-01-01,2017-12-31
4128730,TB_e_inc_tbhiv_num,COUNTRY,MDA,EUR,Europe,YEAR,2007,,,,,,,,,190 [140-240],190,140,240,,2025-11-11T16:20:50Z,2007,2007-01-01,2007-12-31
4129292,TB_e_inc_tbhiv_num,COUNTRY,CIV,AFR,Africa,YEAR,2019,,,,,,,,,6300 [4400-8500],6300,4400,8500,,2025-11-11T16:20:50Z,2019,2019-01-01,2019-12-31
4131936,TB_e_inc_tbhiv_num,COUNTRY,COL,AMR,Americas,YEAR,2011,,,,,,,,,1400 [530-2800],1400,530,2800,,2025-11-11T16:20:50Z,2011,2011-01-01,2011-12-31
4133201,TB_e_inc_tbhiv_num,COUNTRY,CRI,AMR,Americas,YEAR,2024,,,,,,,,,53 [36-73],53,36,73,,2025-11-11T16:20:50Z,2024,2024-01-01,2024-12-31
4135693,TB_e_inc_tbhiv_num,REGION,AMR,,,YEAR,2023,,,,,,,,,36 000 [31 000-40 000],36000,31000,40000,,2025-11-11T16:20:50Z,2023,2023-01-01,2023-12-31
4136385,TB_e_inc_tbhiv_num,COUNTRY,ECU,AMR,Americas,YEAR,2001,,,,,,,,,740 [230-1600],740,230,1600,,2025-11-11T16:20:50Z,2001,2001-01-01,2001-12-31
4139584,TB_e_inc_tbhiv_num,COUNTRY,ESP,EUR,Europe,YEAR,2006,,,,,,,,,1200 [480-2300],1200,480,2300,,2025-11-11T16:20:50Z,2006,2006-01-01,2006-12-31
4141470,TB_e_inc_tbhiv_num,COUNTRY,GHA,AFR,Africa,YEAR,2023,,,,,,,,,4800 [2000-8800],4800,2000,8800,,2025-11-11T16:20:50Z,2023,2023-01-01,2023-12-31
4150980,TB_e_inc_tbhiv_num,COUNTRY,LVA,EUR,Europe,YEAR,2017,,,,,,,,,80 [57-110],80,57,110,,2025-11-11T16:20:50Z,2017,2017-01-01,2017-12-31
4158684,TB_e_inc_tbhiv_num,COUNTRY,OMN,EMR,Eastern Mediterranean,YEAR,2006,,,,,,,,,17 [7-31],17,7,31,,2025-11-11T16:20:50Z,2006,2006-01-01,2006-12-31
4161353,TB_e_inc_tbhiv_num,COUNTRY,NAM,AFR,Africa,YEAR,2013,,,,,,,,,7100 [4100-11 000],7100,4100,11000,,2025-11-11T16:20:50Z,2013,2013-01-01,2013-12-31
4170157,TB_e_inc_tbhiv_num,COUNTRY,OMN,EMR,Eastern Mediterranean,YEAR,2009,,,,,,,,,5 [1-13],5,1,13,,2025-11-11T16:20:50Z,2009,2009-01-01,2009-12-31
4172393,TB_e_inc_tbhiv_num,COUNTRY,LBR,AFR,Africa,YEAR,2010,,,,,,,,,3200 [1500-5500],3200,1500,5500,,2025-11-11T16:20:50Z,2010,2010-01-01,2010-12-31
4173507,TB_e_inc_tbhiv_num,COUNTRY,BFA,AFR,Africa,YEAR,2007,,,,,,,,,3600 [1600-6400],3600,1600,6400,,2025-11-11T16:20:50Z,2007,2007-01-01,2007-12-31
4177127,TB_e_inc_tbhiv_num,COUNTRY,PHL,WPR,Western Pacific,YEAR,2010,,,,,,,,,4000 [1800-6900],4000,1800,6900,,2025-11-11T16:20:50Z,2010,2010-01-01,2010-12-31
4177852,TB_e_inc_tbhiv_num,COUNTRY,SDN,EMR,Eastern Mediterranean,YEAR,2014,,,,,,,,,1100 [240-2700],1100,240,2700,,2025-11-11T16:20:50Z,2014,2014-01-01,2014-12-31
4179201,TB_e_inc_tbhiv_num,COUNTRY,ARM,EUR,Europe,YEAR,2023,,,,,,,,,71 [49-97],71,49,97,,2025-11-11T16:20:50Z,2023,2023-01-01,2023-12-31
4179329,TB_e_inc_tbhiv_num,COUNTRY,MOZ,AFR,Africa,YEAR,2008,,,,,,,,,46 000 [27 000-70 000],46000,27000,70000,,2025-11-11T16:20:50Z,2008,2008-01-01,2008-12-31
4184136,TB_e_inc_tbhiv_num,COUNTRY,UZB,EUR,Europe,YEAR,2014,,,,,,,,,850 [630-1100],850,630,1100,,2025-11-11T16:20:50Z,2014,2014-01-01,2014-12-31
4186841,TB_e_inc_tbhiv_num,COUNTRY,DEU,EUR,Europe,YEAR,2010,,,,,,,,,140 [76-220],140,76,220,,2025-11-11T16:20:50Z,2010,2010-01-01,2010-12-31
4186961,TB_e_inc_tbhiv_num,COUNTRY,MOZ,AFR,Africa,YEAR,2012,,,,,,,,,51 000 [30 000-78 000],51000,30000,78000,,2025-11-11T16:20:50Z,2012,2012-01-01,2012-12-31
4188918,TB_e_inc_tbhiv_num,COUNTRY,SVN,EUR,Europe,YEAR,2008,,,,,,,,,0 [0-0],0,0,0,,2025-11-11T16:20:50Z,2008,2008-01-01,2008-12-31
4189040,TB_e_inc_tbhiv_num,COUNTRY,NGA,AFR,Africa,YEAR,2012,,,,,,,,,90 000 [55 000-134 000],90000,55000,134000,,2025-11-11T16:20:50Z,2012,2012-01-01,2012-12-31
4191242,TB_e_inc_tbhiv_num,COUNTRY,FJI,WPR,Western Pacific,YEAR,2002,,,,,,,,,2 [0-10],2,0,10,,2025-11-11T16:20:50Z,2002,2002-01-01,2002-12-31
4192079,TB_e_inc_tbhiv_num,COUNTRY,SWZ,AFR,Africa,YEAR,2007,,,,,,,,,13 000 [760-40 000],13000,760,40000,,2025-11-11T16:20:50Z,2007,2007-01-01,2007-12-31
4192553,TB_e_inc_tbhiv_num,COUNTRY,YEM,EMR,Eastern Mediterranean,YEAR,2020,,,,,,,,,86 [48-140],86,48,140,,2025-11-11T16:20:50Z,2020,2020-01-01,2020-12-31
4197269,TB_e_inc_tbhiv_num,COUNTRY,CHL,AMR,Americas,YEAR,2012,,,,,,,,,210 [78-400],210,78,400,,2025-11-11T16:20:50Z,2012,2012-01-01,2012-12-31
4198423,TB_e_inc_tbhiv_num,COUNTRY,KIR,WPR,Western Pacific,YEAR,2004,,,,,,,,,12 [9-16],12,9,16,,2025-11-11T16:20:50Z,2004,2004-01-01,2004-12-31
4199963,TB_e_inc_tbhiv_num,COUNTRY,MHL,WPR,Western Pacific,YEAR,2018,,,,,,,,,0 [0-0],0,0,0,,2025-11-11T16:20:50Z,2018,2018-01-01,2018-12-31
4203398,TB_e_inc_tbhiv_num,REGION,AMR,,,YEAR,2011,,,,,,,,,37 000 [32 000-43 000],37000,32000,43000,,2025-11-11T16:20:50Z,2011,2011-01-01,2011-12-31
4203920,TB_e_inc_tbhiv_num,COUNTRY,NER,AFR,Africa,YEAR,2014,,,,,,,,,1400 [920-1900],1400,920,1900,,2025-11-11T16:20:50Z,2014,2014-01-01,2014-12-31
4206786,TB_e_inc_tbhiv_num,COUNTRY,BLZ,AMR,Americas,YEAR,2000,,,,,,,,,34 [17-57],34,17,57,,2025-11-11T16:20:50Z,2000,2000-01-01,2000-12-31
4207878,TB_e_inc_tbhiv_num,COUNTRY,AZE,EUR,Europe,YEAR,2013,,,,,,,,,170 [130-230],170,130,230,,2025-11-11T16:20:50Z,2013,2013-01-01,2013-12-31
4209047,TB_e_inc_tbhiv_num,COUNTRY,EST,EUR,Europe,YEAR,2003,,,,,,,,,170 [70-310],170,70,310,,2025-11-11T16:20:50Z,2003,2003-01-01,2003-12-31
4209572,TB_e_inc_tbhiv_num,COUNTRY,RWA,AFR,Africa,YEAR,2008,,,,,,,,,3300 [2300-4500],3300,2300,4500,,2025-11-11T16:20:50Z,2008,2008-01-01,2008-12-31
4209669,TB_e_inc_tbhiv_num,COUNTRY,FRA,EUR,Europe,YEAR,2010,,,,,,,,,480 [380-580],480,380,580,,2025-11-11T16:20:50Z,2010,2010-01-01,2010-12-31
4210295,TB_e_inc_tbhiv_num,REGION,EUR,,,YEAR,2006,,,,,,,,,26 000 [16 000-39 000],26000,16000,39000,,2025-11-11T16:20:50Z,2006,2006-01-01,2006-12-31
4211721,TB_e_inc_tbhiv_num,COUNTRY,IRN,EMR,Eastern Mediterranean,YEAR,2023,,,,,,,,,170 [120-220],170,120,220,,2025-11-11T16:20:50Z,2023,2023-01-01,2023-12-31
4215512,TB_e_inc_tbhiv_num,COUNTRY,PAK,EMR,Eastern Mediterranean,YEAR,2013,,,,,,,,,9000 [170-35 000],9000,170,35000,,2025-11-11T16:20:50Z,2013,2013-01-01,2013-12-31
4217952,TB_e_inc_tbhiv_num,COUNTRY,LBY,EMR,Eastern Mediterranean,YEAR,2011,,,,,,,,,230 [86-450],230,86,450,,2025-11-11T16:20:50Z,2011,2011-01-01,2011-12-31
4229943,TB_e_inc_tbhiv_num,COUNTRY,SAU,EMR,Eastern Mediterranean,YEAR,2006,,,,,,,,,30 [11-58],30,11,58,,2025-11-11T16:20:50Z,2006,2006-01-01,2006-12-31
4243280,TB_e_inc_tbhiv_num,COUNTRY,MLI,AFR,Africa,YEAR,2021,,,,,,,,,1000 [450-1900],1000,450,1900,,2025-11-11T16:20:50Z,2021,2021-01-01,2021-12-31
4248549,TB_e_inc_tbhiv_num,COUNTRY,MAR,EMR,Eastern Mediterranean,YEAR,2014,,,,,,,,,530 [190-1100],530,190,1100,,2025-11-11T16:20:50Z,2014,2014-01-01,2014-12-31
4249517,TB_e_inc_tbhiv_num,REGION,WPR,,,YEAR,2024,,,,,,,,,63 000 [53 000-73 000],63000,53000,73000,,2025-11-11T16:20:50Z,2024,2024-01-01,2024-12-31
4251734,TB_e_inc_tbhiv_num,COUNTRY,CHN,WPR,Western Pacific,YEAR,2001,,,,,,,,,23 000 [6900-48 000],23000,6900,48000,,2025-11-11T16:20:50Z,2001,2001-01-01,2001-12-31
4254153,TB_e_inc_tbhiv_num,COUNTRY,CZE,EUR,Europe,YEAR,2017,,,,,,,,,4 [2-7],4,2,7,,2025-11-11T16:20:50Z,2017,2017-01-01,2017-12-31
4254704,TB_e_inc_tbhiv_num,WORLDBANKINCOMEGROUP,WB_UMI,,,YEAR,2016,,,,,,,,,373 000 [253 000-517 000],373000,253000,517000,,2025-11-11T16:20:50Z,2016,2016-01-01,2016-12-31
4255562,TB_e_inc_tbhiv_num,COUNTRY,UKR,EUR,Europe,YEAR,2003,,,,,,,,,12 000 [4400-24 000],12000,4400,24000,,2025-11-11T16:20:50Z,2003,2003-01-01,2003-12-31
4258152,TB_e_inc_tbhiv_num,COUNTRY,FIN,EUR,Europe,YEAR,2008,,,,,,,,,6 [3-9],6,3,9,,2025-11-11T16:20:50Z,2008,2008-01-01,2008-12-31
4258531,TB_e_inc_tbhiv_num,COUNTRY,PNG,WPR,Western Pacific,YEAR,2009,,,,,,,,,4700 [1800-9000],4700,1800,9000,,2025-11-11T16:20:50Z,2009,2009-01-01,2009-12-31
4259890,TB_e_inc_tbhiv_num,COUNTRY,JAM,AMR,Americas,YEAR,2005,,,,,,,,,61 [41-84],61,41,84,,2025-11-11T16:20:50Z,2005,2005-01-01,2005-12-31
4261346,TB_e_inc_tbhiv_num,COUNTRY,ESP,EUR,Europe,YEAR,2022,,,,,,,,,210 [77-400],210,77,400,,2025-11-11T16:20:50Z,2022,2022-01-01,2022-12-31
4262420,TB_e_inc_tbhiv_num,COUNTRY,ZMB,AFR,Africa,YEAR,2013,,,,,,,,,42 000 [22 000-68 000],42000,22000,68000,,2025-11-11T16:20:50Z,2013,2013-01-01,2013-12-31
4263933,TB_e_inc_tbhiv_num,COUNTRY,BTN,SEAR,South-East Asia,YEAR,2024,,,,,,,,,5 [1-14],5,1,14,,2025-11-11T16:20:50Z,2024,2024-01-01,2024-12-31
4264260,TB_e_inc_tbhiv_num,COUNTRY,SVK,EUR,Europe,YEAR,2020,,,,,,,,,5 [1-11],5,1,11,,2025-11-11T16:20:50Z,2020,2020-01-01,2020-12-31
4264328,TB_e_inc_tbhiv_num,COUNTRY,BHS,AMR,Americas,YEAR,2000,,,,,,,,,110 [75-160],110,75,160,,2025-11-11T16:20:50Z,2000,2000-01-01,2000-12-31
4264510,TB_e_inc_tbhiv_num,COUNTRY,CRI,AMR,Americas,YEAR,2002,,,,,,,,,27 [10-53],27,10,53,,2025-11-11T16:20:50Z,2002,2002-01-01,2002-12-31
4264809,TB_e_inc_tbhiv_num,COUNTRY,KAZ,EUR,Europe,YEAR,2015,,,,,,,,,380 [290-500],380,290,500,,2025-11-11T16:20:50Z,2015,2015-01-01,2015-12-31
4265385,TB_e_inc_tbhiv_num,COUNTRY,MAC,,,YEAR,2013,,,,,,,,,9 [3-21],9,3,21,,2025-11-11T16:20:50Z,2013,2013-01-01,2013-12-31
4269781,TB_e_inc_tbhiv_num,REGION,SEAR,,,YEAR,2016,,,,,,,,,128 000 [103 000-156 000],128000,103000,156000,,2025-11-11T16:20:50Z,2016,2016-01-01,2016-12-31
4271525,TB_e_inc_tbhiv_num,COUNTRY,ZMB,AFR,Africa,YEAR,2003,,,,,,,,,51 000 [28 000-82 000],51000,28000,82000,,2025-11-11T16:20:50Z,2003,2003-01-01,2003-12-31
4273376,TB_e_inc_tbhiv_num,COUNTRY,NAM,AFR,Africa,YEAR,2002,,,,,,,,,16 000 [5900-31 000],16000,5900,31000,,2025-11-11T16:20:50Z,2002,2002-01-01,2002-12-31
4282465,TB_e_inc_tbhiv_num,COUNTRY,HTI,AMR,Americas,YEAR,2020,,,,,,,,,3400 [2500-4300],3400,2500,4300,,2025-11-11T16:20:50Z,2020,2020-01-01,2020-12-31
4282995,TB_e_inc_tbhiv_num,COUNTRY,ARG,AMR,Americas,YEAR,2003,,,,,,,,,890 [500-1400],890,500,1400,,2025-11-11T16:20:50Z,2003,2003-01-01,2003-12-31
4288398,TB_e_inc_tbhiv_num,COUNTRY,CHL,AMR,Americas,YEAR,2008,,,,,,,,,220 [83-420],220,83,420,,2025-11-11T16:20:50Z,2008,2008-01-01,2008-12-31
4288860,TB_e_inc_tbhiv_num,COUNTRY,CHE,EUR,Europe,YEAR,2010,,,,,,,,,41 [23-65],41,23,65,,2025-11-11T16:20:50Z,2010,2010-01-01,2010-12-31
4291688,TB_e_inc_tbhiv_num,COUNTRY,MNG,WPR,Western Pacific,YEAR,2019,,,,,,,,,17 [3-41],17,3,41,,2025-11-11T16:20:50Z,2019,2019-01-01,2019-12-31
4292444,TB_e_inc_tbhiv_num,COUNTRY,LUX,EUR,Europe,YEAR,2024,,,,,,,,,4 [1-9],4,1,9,,2025-11-11T16:20:50Z,2024,2024-01-01,2024-12-31
4294267,TB_e_inc_tbhiv_num,COUNTRY,BEL,EUR,Europe,YEAR,2003,,,,,,,,,88 [33-170],88,33,170,,2025-11-11T16:20:50Z,2003,2003-01-01,2003-12-31
4296807,TB_e_inc_tbhiv_num,COUNTRY,COD,AFR,Africa,YEAR,2014,,,,,,,,,57 000 [16 000-126 000],57000,16000,126000,,2025-11-11T16:20:50Z,2014,2014-01-01,2014-12-31
4303672,TB_e_inc_tbhiv_num,COUNTRY,LKA,SEAR,South-East Asia,YEAR,2020,,,,,,,,,62 [27-110],62,27,110,,2025-11-11T16:20:50Z,2020,2020-01-01,2020-12-31
4304487,TB_e_inc_tbhiv_num,COUNTRY,MRT,AFR,Africa,YEAR,2008,,,,,,,,,270 [200-350],270,200,350,,2025-11-11T16:20:50Z,2008,2008-01-01,2008-12-31
4309313,TB_e_inc_tbhiv_num,COUNTRY,COG,AFR,Africa,YEAR,2009,,,,,,,,,7800 [5600-10 000],7800,5600,10000,,2025-11-11T16:20:50Z,2009,2009-01-01,2009-12-31
4310222,TB_e_inc_tbhiv_num,COUNTRY,PRT,EUR,Europe,YEAR,2007,,,,,,,,,650 [480-850],650,480,850,,2025-11-11T16:20:50Z,2007,2007-01-01,2007-12-31
4313406,TB_e_inc_tbhiv_num,COUNTRY,MHL,WPR,Western Pacific,YEAR,2003,,,,,,,,,0 [0-0],0,0,0,,2025-11-11T16:20:50Z,2003,2003-01-01,2003-12-31
4316184,TB_e_inc_tbhiv_num,COUNTRY,BLR,EUR,Europe,YEAR,2002,,,,,,,,,100 [33-210],100,33,210,,2025-11-11T16:20:50Z,2002,2002-01-01,2002-12-31
4319089,TB_e_inc_tbhiv_num,COUNTRY,HRV,EUR,Europe,YEAR,2007,,,,,,,,,11 [6-18],11,6,18,,2025-11-11T16:20:50Z,2007,2007-01-01,2007-12-31
4320922,TB_e_inc_tbhiv_num,COUNTRY,GRC,EUR,Europe,YEAR,2012,,,,,,,,,24 [13-38],24,13,38,,2025-11-11T16:20:50Z,2012,2012-01-01,2012-12-31
4324642,TB_e_inc_tbhiv_num,COUNTRY,QAT,EMR,Eastern Mediterranean,YEAR,2007,,,,,,,,,0 [0-0],0,0,0,,2025-11-11T16:20:50Z,2007,2007-01-01,2007-12-31
4327043,TB_e_inc_tbhiv_num,COUNTRY,FJI,WPR,Western Pacific,YEAR,2010,,,,,,,,,7 [1-19],7,1,19,,2025-11-11T16:20:50Z,2010,2010-01-01,2010-12-31
4327345,TB_e_inc_tbhiv_num,COUNTRY,USA,AMR,Americas,YEAR,2003,,,,,,,,,3600 [1600-6600],3600,1600,6600,,2025-11-11T16:20:50Z,2003,2003-01-01,2003-12-31
4330913,TB_e_inc_tbhiv_num,WORLDBANKINCOMEGROUP,WB_LI,,,YEAR,2002,,,,,,,,,249 000 [161 000-356 000],249000,161000,356000,,2025-11-11T16:20:50Z,2002,2002-01-01,2002-12-31
4336872,TB_e_inc_tbhiv_num,COUNTRY,VEN,AMR,Americas,YEAR,2011,,,,,,,,,1200 [870-1500],1200,870,1500,,2025-11-11T16:20:50Z,2011,2011-01-01,2011-12-31
4337158,TB_e_inc_tbhiv_num,COUNTRY,TLS,SEAR,South-East Asia,YEAR,2008,,,,,,,,,93 [28-200],93,28,200,,2025-11-11T16:20:50Z,2008,2008-01-01,2008-12-31
4343122,TB_e_inc_tbhiv_num,COUNTRY,CIV,AFR,Africa,YEAR,2004,,,,,,,,,20 000 [12 000-30 000],20000,12000,30000,,2025-11-11T16:20:50Z,2004,2004-01-01,2004-12-31
4343616,TB_e_inc_tbhiv_num,COUNTRY,CUB,AMR,Americas,YEAR,2002,,,,,,,,,25 [9-49],25,9,49,,2025-11-11T16:20:50Z,2002,2002-01-01,2002-12-31
4345018,TB_e_inc_tbhiv_num,REGION,AFR,,,YEAR,2006,,,,,,,,,1 290 000 [869 000-1 800 000],1290000,869000,1800000,,2025-11-11T16:20:50Z,2006,2006-01-01,2006-12-31
4347138,TB_e_inc_tbhiv_num,REGION,AMR,,,YEAR,2020,,,,,,,,,30 000 [27 000-34 000],30000,27000,34000,,2025-11-11T16:20:50Z,2020,2020-01-01,2020-12-31
4347927,TB_e_inc_tbhiv_num,COUNTRY,LTU,EUR,Europe,YEAR,2011,,,,,,,,,70 [25-140],70,25,140,,2025-11-11T16:20:50Z,2011,2011-01-01,2011-12-31
4349109,TB_e_inc_tbhiv_num,COUNTRY,TZA,AFR,Africa,YEAR,2010,,,,,,,,,73 000 [20 000-160 000],73000,20000,160000,,2025-11-11T16:20:50Z,2010,2010-01-01,2010-12-31
4349596,TB_e_inc_tbhiv_num,COUNTRY,IRL,EUR,Europe,YEAR,2014,,,,,,,,,12 [6-19],12,6,19,,2025-11-11T16:20:50Z,2014,2014-01-01,2014-12-31
4350161,TB_e_inc_tbhiv_num,COUNTRY,IDN,WPR,Western Pacific,YEAR,2010,,,,,,,,,24 000 [11 000-43 000],24000,11000,43000,,2025-11-11T16:20:50Z,2010,2010-01-01,2010-12-31
4354159,TB_e_inc_tbhiv_num,COUNTRY,JPN,WPR,Western Pacific,YEAR,2008,,,,,,,,,150 [110-200],150,110,200,,2025-11-11T16:20:50Z,2008,2008-01-01,2008-12-31
4360534,TB_e_inc_tbhiv_num,COUNTRY,TCD,AFR,Africa,YEAR,2000,,,,,,,,,3600 [1600-6300],3600,1600,6300,,2025-11-11T16:20:50Z,2000,2000-01-01,2000-12-31
4361927,TB_e_inc_tbhiv_num,COUNTRY,UZB,EUR,Europe,YEAR,2022,,,,,,,,,660 [490-860],660,490,860,,2025-11-11T16:20:50Z,2022,2022-01-01,2022-12-31
4363719,TB_e_inc_tbhiv_num,COUNTRY,GHA,AFR,Africa,YEAR,2017,,,,,,,,,9800 [4300-17 000],9800,4300,17000,,2025-11-11T16:20:50Z,2017,2017-01-01,2017-12-31
4365119,TB_e_inc_tbhiv_num,COUNTRY,DZA,AFR,Africa,YEAR,2004,,,,,,,,,110 [58-170],110,58,170,,2025-11-11T16:20:50Z,2004,2004-01-01,2004-12-31
4367807,TB_e_inc_tbhiv_num,COUNTRY,SYR,EMR,Eastern Mediterranean,YEAR,2018,,,,,,,,,4 [2-7],4,2,7,,2025-11-11T16:20:50Z,2018,2018-01-01,2018-12-31
4367996,TB_e_inc_tbhiv_num,COUNTRY,NOR,EUR,Europe,YEAR,2014,,,,,,,,,8 [3-15],8,3,15,,2025-11-11T16:20:50Z,2014,2014-01-01,2014-12-31
4376901,TB_e_inc_tbhiv_num,COUNTRY,ECU,AMR,Americas,YEAR,2003,,,,,,,,,680 [220-1400],680,220,1400,,2025-11-11T16:20:50Z,2003,2003-01-01,2003-12-31
4376931,TB_e_inc_tbhiv_num,COUNTRY,DZA,AFR,Africa,YEAR,2012,,,,,,,,,200 [110-320],200,110,320,,2025-11-11T16:20:50Z,2012,2012-01-01,2012-12-31
4380633,TB_e_inc_tbhiv_num,COUNTRY,GAB,AFR,Africa,YEAR,2009,,,,,,,,,3400 [2000-5200],3400,2000,5200,,2025-11-11T16:20:50Z,2009,2009-01-01,2009-12-31
4387714,TB_e_inc_tbhiv_num,COUNTRY,CUB,AMR,Americas,YEAR,2009,,,,,,,,,0 [0-0],0,0,0,,2025-11-11T16:20:50Z,2009,2009-01-01,2009-12-31
4388551,TB_e_inc_tbhiv_num,COUNTRY,FIN,EUR,Europe,YEAR,2018,,,,,,,,,4 [2-6],4,2,6,,2025-11-11T16:20:50Z,2018,2018-01-01,2018-12-31
4388692,TB_e_inc_tbhiv_num,REGION,AFR,,,YEAR,2019,,,,,,,,,617 000 [521 000-720 000],617000,521000,720000,,2025-11-11T16:20:50Z,2019,2019-01-01,2019-12-31
4388899,TB_e_inc_tbhiv_num,COUNTRY,ZWE,AFR,Africa,YEAR,2018,,,,,,,,,20 000 [13 000-27 000],20000,13000,27000,,2025-11-11T16:20:50Z,2018,2018-01-01,2018-12-31
4394358,TB_e_inc_tbhiv_num,COUNTRY,MNE,EUR,Europe,YEAR,2018,,,,,,,,,1 [0-3],1,0,3,,2025-11-11T16:20:50Z,2018,2018-01-01,2018-12-31
4394656,TB_e_inc_tbhiv_num,COUNTRY,CMR,AFR,Africa,YEAR,2018,,,,,,,,,13 000 [9400-16 000],13000,9400,16000,,2025-11-11T16:20:50Z,2018,2018-01-01,2018-12-31
4400257,TB_e_inc_tbhiv_num,COUNTRY,CMR,AFR,Africa,YEAR,2002,,,,,,,,,12 000 [6900-19 000],12000,6900,19000,,2025-11-11T16:20:50Z,2002,2002-01-01,2002-12-31
4400354,TB_e_inc_tbhiv_num,COUNTRY,COG,AFR,Africa,YEAR,2002,,,,,,,,,8200 [6100-11 000],8200,6100,11000,,2025-11-11T16:20:50Z,2002,2002-01-01,2002-12-31
4403769,TB_e_inc_tbhiv_num,COUNTRY,FSM,WPR,Western Pacific,YEAR,2021,,,,,,,,,0 [0-0],0,0,0,,2025-11-11T16:20:50Z,2021,2021-01-01,2021-12-31
4403826,TB_e_inc_tbhiv_num,COUNTRY,ECU,AMR,Americas,YEAR,2004,,,,,,,,,600 [200-1200],600,200,1200,,2025-11-11T16:20:50Z,2004,2004-01-01,2004-12-31
4403877,TB_e_inc_tbhiv_num,COUNTRY,GHA,AFR,Africa,YEAR,2020,,,,,,,,,8200 [3700-14 000],8200,3700,14000,,2025-11-11T16:20:50Z,2020,2020-01-01,2020-12-31
4406206,TB_e_inc_tbhiv_num,COUNTRY,TLS,SEAR,South-East Asia,YEAR,2012,,,,,,,,,110 [36-210],110,36,210,,2025-11-11T16:20:50Z,2012,2012-01-01,2012-12-31
4406459,TB_e_inc_tbhiv_num,COUNTRY,ALB,EUR,Europe,YEAR,2008,,,,,,,,,2 [1-5],2,1,5,,2025-11-11T16:20:50Z,2008,2008-01-01,2008-12-31
4409739,TB_e_inc_tbhiv_num,COUNTRY,BTN,SEAR,South-East Asia,YEAR,2007,,,,,,,,,140 [24-360],140,24,360,,2025-11-11T16:20:50Z,2007,2007-01-01,2007-12-31
4412144,TB_e_inc_tbhiv_num,COUNTRY,SEN,AFR,Africa,YEAR,2022,,,,,,,,,820 [570-1100],820,570,1100,,2025-11-11T16:20:50Z,2022,2022-01-01,2022-12-31
4412278,TB_e_inc_tbhiv_num,REGION,EUR,,,YEAR,2023,,,,,,,,,26 000 [19 000-35 000],26000,19000,35000,,2025-11-11T16:20:50Z,2023,2023-01-01,2023-12-31
4414280,TB_e_inc_tbhiv_num,COUNTRY,COD,AFR,Africa,YEAR,2013,,,,,,,,,62 000 [17 000-136 000],62000,17000,136000,,2025-11-11T16:20:50Z,2013,2013-01-01,2013-12-31
4417042,TB_e_inc_tbhiv_num,COUNTRY,MNE,EUR,Europe,YEAR,2014,,,,,,,,,0 [0-0],0,0,0,,2025-11-11T16:20:50Z,2014,2014-01-01,2014-12-31
4421201,TB_e_inc_tbhiv_num,COUNTRY,MYS,WPR,Western Pacific,YEAR,2002,,,,,,,,,2200 [850-4300],2200,850,4300,,2025-11-11T16:20:50Z,2002,2002-01-01,2002-12-31
4424013,TB_e_inc_tbhiv_num,COUNTRY,RUS,EUR,Europe,YEAR,2005,,,,,,,,,5200 [1200-12 000],5200,1200,12000,,2025-11-11T16:20:50Z,2005,2005-01-01,2005-12-31
4425157,TB_e_inc_tbhiv_num,COUNTRY,BFA,AFR,Africa,YEAR,2021,,,,,,,,,770 [340-1400],770,340,1400,,2025-11-11T16:20:50Z,2021,2021-01-01,2021-12-31
4425274,TB_e_inc_tbhiv_num,COUNTRY,MNG,WPR,Western Pacific,YEAR,2002,,,,,,,,,13 [3-29],13,3,29,,2025-11-11T16:20:50Z,2002,2002-01-01,2002-12-31
4426262,TB_e_inc_tbhiv_num,COUNTRY,QAT,EMR,Eastern Mediterranean,YEAR,2000,,,,,,,,,4 [1-8],4,1,8,,2025-11-11T16:20:50Z,2000,2000-01-01,2000-12-31
4426456,TB_e_inc_tbhiv_num,COUNTRY,FJI,WPR,Western Pacific,YEAR,2003,,,,,,,,,14 [5-30],14,5,30,,2025-11-11T16:20:50Z,2003,2003-01-01,2003-12-31
4427216,TB_e_inc_tbhiv_num,COUNTRY,SWE,EUR,Europe,YEAR,2010,,,,,,,,,17 [9-27],17,9,27,,2025-11-11T16:20:50Z,2010,2010-01-01,2010-12-31
4428361,TB_e_inc_tbhiv_num,COUNTRY,MNE,EUR,Europe,YEAR,2023,,,,,,,,,3 [0-11],3,0,11,,2025-11-11T16:20:50Z,2023,2023-01-01,2023-12-31
4429594,TB_e_inc_tbhiv_num,COUNTRY,SOM,EMR,Eastern Mediterranean,YEAR,2019,,,,,,,,,260 [190-330],260,190,330,,2025-11-11T16:20:50Z,2019,2019-01-01,2019-12-31
4430448,TB_e_inc_tbhiv_num,REGION,AMR,,,YEAR,2015,,,,,,,,,33 000 [29 000-36 000],33000,29000,36000,,2025-11-11T16:20:50Z,2015,2015-01-01,2015-12-31
4439409,TB_e_inc_tbhiv_num,COUNTRY,LTU,EUR,Europe,YEAR,2001,,,,,,,,,230 [84-460],230,84,460,,2025-11-11T16:20:50Z,2001,2001-01-01,2001-12-31
4440417,TB_e_inc_tbhiv_num,COUNTRY,POL,EUR,Europe,YEAR,2017,,,,,,,,,73 [40-120],73,40,120,,2025-11-11T16:20:50Z,2017,2017-01-01,2017-12-31
4449441,TB_e_inc_tbhiv_num,COUNTRY,CMR,AFR,Africa,YEAR,2000,,,,,,,,,6700 [3300-11 000],6700,3300,11000,,2025-11-11T16:20:50Z,2000,2000-01-01,2000-12-31
4453971,TB_e_inc_tbhiv_num,COUNTRY,ESP,EUR,Europe,YEAR,2011,,,,,,,,,740 [550-960],740,550,960,,2025-11-11T16:20:50Z,2011,2011-01-01,2011-12-31
4456019,TB_e_inc_tbhiv_num,COUNTRY,SWZ,AFR,Africa,YEAR,2024,,,,,,,,,2200 [1200-3500],2200,1200,3500,,2025-11-11T16:20:50Z,2024,2024-01-01,2024-12-31
4459015,TB_e_inc_tbhiv_num,COUNTRY,TCD,AFR,Africa,YEAR,2006,,,,,,,,,3300 [1400-5900],3300,1400,5900,,2025-11-11T16:20:50Z,2006,2006-01-01,2006-12-31
4460769,TB_e_inc_tbhiv_num,COUNTRY,AGO,AFR,Africa,YEAR,2015,,,,,,,,,27 000 [12 000-47 000],27000,12000,47000,,2025-11-11T16:20:50Z,2015,2015-01-01,2015-12-31
4461417,TB_e_inc_tbhiv_num,COUNTRY,CHN,WPR,Western Pacific,YEAR,2009,,,,,,,,,21 000 [6500-44 000],21000,6500,44000,,2025-11-11T16:20:50Z,2009,2009-01-01,2009-12-31
4461916,TB_e_inc_tbhiv_num,REGION,SEAR,,,YEAR,2002,,,,,,,,,417 000 [110 000-926 000],417000,110000,926000,,2025-11-11T16:20:50Z,2002,2002-01-01,2002-12-31
4468289,TB_e_inc_tbhiv_num,COUNTRY,NOR,EUR,Europe,YEAR,2004,,,,,,,,,15 [5-28],15,5,28,,2025-11-11T16:20:50Z,2004,2004-01-01,2004-12-31
4468350,TB_e_inc_tbhiv_num,COUNTRY,SSD,AFR,Africa,YEAR,2012,,,,,,,,,14 000 [4300-28 000],14000,4300,28000,,2025-11-11T16:20:50Z,2012,2012-01-01,2012-12-31
4469807,TB_e_inc_tbhiv_num,COUNTRY,MUS,AFR,Africa,YEAR,2024,,,,,,,,,15 [7-27],15,7,27,,2025-11-11T16:20:50Z,2024,2024-01-01,2024-12-31
4471257,TB_e_inc_tbhiv_num,COUNTRY,DJI,EMR,Eastern Mediterranean,YEAR,2008,,,,,,,,,1700 [1300-2200],1700,1300,2200,,2025-11-11T16:20:50Z,2008,2008-01-01,2008-12-31
4481426,TB_e_inc_tbhiv_num,COUNTRY,PAK,EMR,Eastern Mediterranean,YEAR,2010,,,,,,,,,1600 [32-6300],1600,32,6300,,2025-11-11T16:20:50Z,2010,2010-01-01,2010-12-31
4483258,TB_e_inc_tbhiv_num,COUNTRY,DNK,EUR,Europe,YEAR,2010,,,,,,,,,13 [10-17],13,10,17,,2025-11-11T16:20:50Z,2010,2010-01-01,2010-12-31
4487074,TB_e_inc_tbhiv_num,COUNTRY,MNG,WPR,Western Pacific,YEAR,2007,,,,,,,,,17 [8-28],17,8,28,,2025-11-11T16:20:50Z,2007,2007-01-01,2007-12-31
4491555,TB_e_inc_tbhiv_num,COUNTRY,SLE,AFR,Africa,YEAR,2018,,,,,,,,,4100 [1800-7400],4100,1800,7400,,2025-11-11T16:20:50Z,2018,2018-01-01,2018-12-31
4491960,TB_e_inc_tbhiv_num,COUNTRY,ERI,AFR,Africa,YEAR,2012,,,,,,,,,1400 [1000-1800],1400,1000,1800,,2025-11-11T16:20:50Z,2012,2012-01-01,2012-12-31
4496221,TB_e_inc_tbhiv_num,COUNTRY,CUB,AMR,Americas,YEAR,2022,,,,,,,,,66 [47-90],66,47,90,,2025-11-11T16:20:50Z,2022,2022-01-01,2022-12-31
4499125,TB_e_inc_tbhiv_num,COUNTRY,UKR,EUR,Europe,YEAR,2007,,,,,,,,,5900 [4500-7500],5900,4500,7500,,2025-11-11T16:20:50Z,2007,2007-01-01,2007-12-31
4501649,TB_e_inc_tbhiv_num,COUNTRY,ZAF,AFR,Africa,YEAR,2015,,,,,,,,,318 000 [163 000-523 000],318000,163000,523000,,2025-11-11T16:20:50Z,2015,2015-01-01,2015-12-31
4501848,TB_e_inc_tbhiv_num,COUNTRY,POL,EUR,Europe,YEAR,2004,,,,,,,,,250 [140-400],250,140,400,,2025-11-11T16:20:50Z,2004,2004-01-01,2004-12-31
4502015,TB_e_inc_tbhiv_num,COUNTRY,ERI,AFR,Africa,YEAR,2007,,,,,,,,,1900 [750-3500],1900,750,3500,,2025-11-11T16:20:50Z,2007,2007-01-01,2007-12-31
4502483,TB_e_inc_tbhiv_num,REGION,AMR,,,YEAR,2006,,,,,,,,,38 000 [27 000-50 000],38000,27000,50000,,2025-11-11T16:20:50Z,2006,2006-01-01,2006-12-31
4508295,TB_e_inc_tbhiv_num,COUNTRY,MHL,WPR,Western Pacific,YEAR,2009,,,,,,,,,6 [1-16],6,1,16,,2025-11-11T16:20:50Z,2009,2009-01-01,2009-12-31
4509743,TB_e_inc_tbhiv_num,COUNTRY,VEN,AMR,Americas,YEAR,2014,,,,,,,,,900 [670-1200],900,670,1200,,2025-11-11T16:20:50Z,2014,2014-01-01,2014-12-31
4509823,TB_e_inc_tbhiv_num,COUNTRY,ZWE,AFR,Africa,YEAR,2006,,,,,,,,,50 000 [10 000-120 000],50000,10000,120000,,2025-11-11T16:20:50Z,2006,2006-01-01,2006-12-31
4511558,TB_e_inc_tbhiv_num,COUNTRY,RUS,EUR,Europe,YEAR,2015,,,,,,,,,11 000 [3400-23 000],11000,3400,23000,,2025-11-11T16:20:50Z,2015,2015-01-01,2015-12-31
4512899,TB_e_inc_tbhiv_num,COUNTRY,BHS,AMR,Americas,YEAR,2001,,,,,,,,,75 [48-110],75,48,110,,2025-11-11T16:20:50Z,2001,2001-01-01,2001-12-31
4513392,TB_e_inc_tbhiv_num,COUNTRY,TUR,EUR,Europe,YEAR,2007,,,,,,,,,65 [23-130],65,23,130,,2025-11-11T16:20:50Z,2007,2007-01-01,2007-12-31
4514761,TB_e_inc_tbhiv_num,COUNTRY,UKR,EUR,Europe,YEAR,2009,,,,,,,,,7600 [5700-9800],7600,5700,9800,,2025-11-11T16:20:50Z,2009,2009-01-01,2009-12-31
4515603,TB_e_inc_tbhiv_num,COUNTRY,MAC,,,YEAR,2022,,,,,,,,,3 [0-11],3,0,11,,2025-11-11T16:20:50Z,2022,2022-01-01,2022-12-31
4516827,TB_e_inc_tbhiv_num,COUNTRY,PAK,EMR,Eastern Mediterranean,YEAR,2020,,,,,,,,,4400 [94-17 000],4400,94,17000,,2025-11-11T16:20:50Z,2020,2020-01-01,2020-12-31
4517629,TB_e_inc_tbhiv_num,COUNTRY,IND,SEAR,South-East Asia,YEAR,2016,,,,,,,,,95 000 [72 000-120 000],95000,72000,120000,,2025-11-11T16:20:50Z,2016,2016-01-01,2016-12-31
4518207,TB_e_inc_tbhiv_num,COUNTRY,JPN,WPR,Western Pacific,YEAR,2001,,,,,,,,,580 [200-1200],580,200,1200,,2025-11-11T16:20:50Z,2001,2001-01-01,2001-12-31
4519117,TB_e_inc_tbhiv_num,WORLDBANKINCOMEGROUP,WB_LMI,,,YEAR,2022,,,,,,,,,259 000 [228 000-292 000],259000,228000,292000,,2025-11-11T16:20:50Z,2022,2022-01-01,2022-12-31
4520077,TB_e_inc_tbhiv_num,COUNTRY,TLS,SEAR,South-East Asia,YEAR,2017,,,,,,,,,44 [29-62],44,29,62,,2025-11-11T16:20:50Z,2017,2017-01-01,2017-12-31
4520610,TB_e_inc_tbhiv_num,COUNTRY,CAF,AFR,Africa,YEAR,2017,,,,,,,,,6500 [2900-11 000],6500,2900,11000,,2025-11-11T16:20:50Z,2017,2017-01-01,2017-12-31
4522118,TB_e_inc_tbhiv_num,COUNTRY,GBR,EUR,Europe,YEAR,2003,,,,,,,,,710 [280-1300],710,280,1300,,2025-11-11T16:20:50Z,2003,2003-01-01,2003-12-31
4522831,TB_e_inc_tbhiv_num,COUNTRY,NGA,AFR,Africa,YEAR,2018,,,,,,,,,55 000 [34 000-81 000],55000,34000,81000,,2025-11-11T16:20:50Z,2018,2018-01-01,2018-12-31
4524896,TB_e_inc_tbhiv_num,COUNTRY,GAB,AFR,Africa,YEAR,2011,,,,,,,,,3800 [2200-5800],3800,2200,5800,,2025-11-11T16:20:50Z,2011,2011-01-01,2011-12-31
4526035,TB_e_inc_tbhiv_num,REGION,WPR,,,YEAR,2013,,,,,,,,,73 000 [50 000-101 000],73000,50000,101000,,2025-11-11T16:20:50Z,2013,2013-01-01,2013-12-31
4534683,TB_e_inc_tbhiv_num,COUNTRY,COL,AMR,Americas,YEAR,2003,,,,,,,,,1600 [580-3100],1600,580,3100,,2025-11-11T16:20:50Z,2003,2003-01-01,2003-12-31
4538712,TB_e_inc_tbhiv_num,COUNTRY,SEN,AFR,Africa,YEAR,2000,,,,,,,,,2500 [970-4600],2500,970,4600,,2025-11-11T16:20:50Z,2000,2000-01-01,2000-12-31
4540016,TB_e_inc_tbhiv_num,REGION,EMR,,,YEAR,2008,,,,,,,,,9500 [3000-20 000],9500,3000,20000,,2025-11-11T16:20:50Z,2008,2008-01-01,2008-12-31
4541344,TB_e_inc_tbhiv_num,COUNTRY,LTU,EUR,Europe,YEAR,2021,,,,,,,,,22 [11-35],22,11,35,,2025-11-11T16:20:50Z,2021,2021-01-01,2021-12-31
4542176,TB_e_inc_tbhiv_num,COUNTRY,NLD,EUR,Europe,YEAR,2009,,,,,,,,,52 [38-68],52,38,68,,2025-11-11T16:20:50Z,2009,2009-01-01,2009-12-31
4544089,TB_e_inc_tbhiv_num,COUNTRY,TCD,AFR,Africa,YEAR,2020,,,,,,,,,3400 [2400-4600],3400,2400,4600,,2025-11-11T16:20:50Z,2020,2020-01-01,2020-12-31
4544167,TB_e_inc_tbhiv_num,COUNTRY,UZB,EUR,Europe,YEAR,2003,,,,,,,,,160 [41-370],160,41,370,,2025-11-11T16:20:50Z,2003,2003-01-01,2003-12-31
4545227,TB_e_inc_tbhiv_num,COUNTRY,SLV,AMR,Americas,YEAR,2020,,,,,,,,,160 [120-210],160,120,210,,2025-11-11T16:20:50Z,2020,2020-01-01,2020-12-31
4545724,TB_e_inc_tbhiv_num,COUNTRY,MUS,AFR,Africa,YEAR,2017,,,,,,,,,34 [20-50],34,20,50,,2025-11-11T16:20:50Z,2017,2017-01-01,2017-12-31
4546609,TB_e_inc_tbhiv_num,COUNTRY,ARM,EUR,Europe,YEAR,2016,,,,,,,,,87 [61-120],87,61,120,,2025-11-11T16:20:50Z,2016,2016-01-01,2016-12-31
4550497,TB_e_inc_tbhiv_num,WORLDBANKINCOMEGROUP,WB_UMI,,,YEAR,2024,,,,,,,,,233 000 [174 000-301 000],233000,174000,301000,,2025-11-11T16:20:50Z,2024,2024-01-01,2024-12-31
4551904,TB_e_inc_tbhiv_num,COUNTRY,IND,SEAR,South-East Asia,YEAR,2013,,,,,,,,,160 000 [86 000-255 000],160000,86000,255000,,2025-11-11T16:20:50Z,2013,2013-01-01,2013-12-31
4552834,TB_e_inc_tbhiv_num,COUNTRY,MHL,WPR,Western Pacific,YEAR,2019,,,,,,,,,2 [0-9],2,0,9,,2025-11-11T16:20:50Z,2019,2019-01-01,2019-12-31
4556998,TB_e_inc_tbhiv_num,COUNTRY,CMR,AFR,Africa,YEAR,2003,,,,,,,,,14 000 [8100-22 000],14000,8100,22000,,2025-11-11T16:20:50Z,2003,2003-01-01,2003-12-31
4558941,TB_e_inc_tbhiv_num,COUNTRY,PER,AMR,Americas,YEAR,2023,,,,,,,,,3000 [1800-4600],3000,1800,4600,,2025-11-11T16:20:50Z,2023,2023-01-01,2023-12-31
4558966,TB_e_inc_tbhiv_num,COUNTRY,TUR,EUR,Europe,YEAR,2016,,,,,,,,,110 [76-140],110,76,140,,2025-11-11T16:20:50Z,2016,2016-01-01,2016-12-31
4559614,TB_e_inc_tbhiv_num,COUNTRY,TLS,SEAR,South-East Asia,YEAR,2010,,,,,,,,,100 [32-210],100,32,210,,2025-11-11T16:20:50Z,2010,2010-01-01,2010-12-31
4562679,TB_e_inc_tbhiv_num,REGION,WPR,,,YEAR,2012,,,,,,,,,76 000 [51 000-105 000],76000,51000,105000,,2025-11-11T16:20:50Z,2012,2012-01-01,2012-12-31
4564136,TB_e_inc_tbhiv_num,COUNTRY,LBR,AFR,Africa,YEAR,2012,,,,,,,,,3100 [1400-5500],3100,1400,5500,,2025-11-11T16:20:50Z,2012,2012-01-01,2012-12-31
4564632,TB_e_inc_tbhiv_num,COUNTRY,DEU,EUR,Europe,YEAR,2013,,,,,,,,,120 [64-190],120,64,190,,2025-11-11T16:20:50Z,2013,2013-01-01,2013-12-31
4570147,TB_e_inc_tbhiv_num,COUNTRY,BLZ,AMR,Americas,YEAR,2011,,,,,,,,,45 [30-63],45,30,63,,2025-11-11T16:20:50Z,2011,2011-01-01,2011-12-31
4570281,TB_e_inc_tbhiv_num,COUNTRY,MYS,WPR,Western Pacific,YEAR,2021,,,,,,,,,1500 [1100-2000],1500,1100,2000,,2025-11-11T16:20:50Z,2021,2021-01-01,2021-12-31
4572382,TB_e_inc_tbhiv_num,COUNTRY,RUS,EUR,Europe,YEAR,2023,,,,,,,,,14 000 [7300-23 000],14000,7300,23000,,2025-11-11T16:20:50Z,2023,2023-01-01,2023-12-31
4573610,TB_e_inc_tbhiv_num,COUNTRY,EGY,EMR,Eastern Mediterranean,YEAR,2016,,,,,,,,,88 [38-160],88,38,160,,2025-11-11T16:20:50Z,2016,2016-01-01,2016-12-31
4575185,TB_e_inc_tbhiv_num,COUNTRY,RUS,EUR,Europe,YEAR,2004,,,,,,,,,4200 [970-9700],4200,970,9700,,2025-11-11T16:20:50Z,2004,2004-01-01,2004-12-31
4576819,TB_e_inc_tbhiv_num,COUNTRY,RWA,AFR,Africa,YEAR,2014,,,,,,,,,1900 [1300-2800],1900,1300,2800,,2025-11-11T16:20:50Z,2014,2014-01-01,2014-12-31
4577415,TB_e_inc_tbhiv_num,COUNTRY,NIC,AMR,Americas,YEAR,2024,,,,,,,,,200 [150-250],200,150,250,,2025-11-11T16:20:50Z,2024,2024-01-01,2024-12-31
4577676,TB_e_inc_tbhiv_num,COUNTRY,AUS,WPR,Western Pacific,YEAR,2002,,,,,,,,,94 [35-180],94,35,180,,2025-11-11T16:20:50Z,2002,2002-01-01,2002-12-31
4581910,TB_e_inc_tbhiv_num,COUNTRY,ETH,AFR,Africa,YEAR,2007,,,,,,,,,56 000 [18 000-115 000],56000,18000,115000,,2025-11-11T16:20:50Z,2007,2007-01-01,2007-12-31
4587620,TB_e_inc_tbhiv_num,COUNTRY,DOM,AMR,Americas,YEAR,2020,,,,,,,,,1300 [940-1700],1300,940,1700,,2025-11-11T16:20:50Z,2020,2020-01-01,2020-12-31
4588685,TB_e_inc_tbhiv_num,COUNTRY,HKG,,,YEAR,2000,,,,,,,,,120 [81-170],120,81,170,,2025-11-11T16:20:50Z,2000,2000-01-01,2000-12-31
4594177,TB_e_inc_tbhiv_num,COUNTRY,IRL,EUR,Europe,YEAR,2003,,,,,,,,,31 [17-50],31,17,50,,2025-11-11T16:20:50Z,2003,2003-01-01,2003-12-31
4596083,TB_e_inc_tbhiv_num,COUNTRY,ERI,AFR,Africa,YEAR,2009,,,,,,,,,1200 [470-2200],1200,470,2200,,2025-11-11T16:20:50Z,2009,2009-01-01,2009-12-31
4596367,TB_e_inc_tbhiv_num,REGION,WPR,,,YEAR,2005,,,,,,,,,65 000 [43 000-92 000],65000,43000,92000,,2025-11-11T16:20:50Z,2005,2005-01-01,2005-12-31
4597606,TB_e_inc_tbhiv_num,COUNTRY,LAO,WPR,Western Pacific,YEAR,2005,,,,,,,,,420 [97-980],420,97,980,,2025-11-11T16:20:50Z,2005,2005-01-01,2005-12-31
4598381,TB_e_inc_tbhiv_num,COUNTRY,RUS,EUR,Europe,YEAR,2016,,,,,,,,,19 000 [10 000-30 000],19000,10000,30000,,2025-11-11T16:20:50Z,2016,2016-01-01,2016-12-31
4598880,TB_e_inc_tbhiv_num,COUNTRY,IRQ,EMR,Eastern Mediterranean,YEAR,2005,,,,,,,,,1 [0-3],1,0,3,,2025-11-11T16:20:50Z,2005,2005-01-01,2005-12-31
4599140,TB_e_inc_tbhiv_num,COUNTRY,KAZ,EUR,Europe,YEAR,2001,,,,,,,,,360 [110-740],360,110,740,,2025-11-11T16:20:50Z,2001,2001-01-01,2001-12-31
4599903,TB_e_inc_tbhiv_num,COUNTRY,BEL,EUR,Europe,YEAR,2013,,,,,,,,,37 [13-73],37,13,73,,2025-11-11T16:20:50Z,2013,2013-01-01,2013-12-31
4600428,TB_e_inc_tbhiv_num,COUNTRY,SOM,EMR,Eastern Mediterranean,YEAR,2007,,,,,,,,,1400 [510-2600],1400,510,2600,,2025-11-11T16:20:50Z,2007,2007-01-01,2007-12-31
4601472,TB_e_inc_tbhiv_num,COUNTRY,DNK,EUR,Europe,YEAR,2024,,,,,,,,,5 [1-11],5,1,11,,2025-11-11T16:20:50Z,2024,2024-01-01,2024-12-31
4605308,TB_e_inc_tbhiv_num,REGION,AFR,,,YEAR,2013,,,,,,,,,1 030 000 [783 000-1 310 000],1030000,783000,1310000,,2025-11-11T16:20:50Z,2013,2013-01-01,2013-12-31
4608773,TB_e_inc_tbhiv_num,COUNTRY,EGY,EMR,Eastern Mediterranean,YEAR,2018,,,,,,,,,98 [43-180],98,43,180,,2025-11-11T16:20:50Z,2018,2018-01-01,2018-12-31
4608958,TB_e_inc_tbhiv_num,COUNTRY,DEU,EUR,Europe,YEAR,2001,,,,,,,,,550 [310-860],550,310,860,,2025-11-11T16:20:50Z,2001,2001-01-01,2001-12-31
4609188,TB_e_inc_tbhiv_num,COUNTRY,MRT,AFR,Africa,YEAR,2024,,,,,,,,,85 [39-150],85,39,150,,2025-11-11T16:20:50Z,2024,2024-01-01,2024-12-31
4613827,TB_e_inc_tbhiv_num,COUNTRY,MNG,WPR,Western Pacific,YEAR,2023,,,,,,,,,17 [2-47],17,2,47,,2025-11-11T16:20:50Z,2023,2023-01-01,2023-12-31
4615742,TB_e_inc_tbhiv_num,COUNTRY,LBY,EMR,Eastern Mediterranean,YEAR,2019,,,,,,,,,32 [9-68],32,9,68,,2025-11-11T16:20:50Z,2019,2019-01-01,2019-12-31
4617970,TB_e_inc_tbhiv_num,COUNTRY,CHE,EUR,Europe,YEAR,2003,,,,,,,,,100 [60-160],100,60,160,,2025-11-11T16:20:50Z,2003,2003-01-01,2003-12-31
4618062,TB_e_inc_tbhiv_num,COUNTRY,MNG,WPR,Western Pacific,YEAR,2021,,,,,,,,,13 [1-44],13,1,44,,2025-11-11T16:20:50Z,2021,2021-01-01,2021-12-31
4618678,TB_e_inc_tbhiv_num,COUNTRY,BRN,WPR,Western Pacific,YEAR,2003,,,,,,,,,1 [0-3],1,0,3,,2025-11-11T16:20:50Z,2003,2003-01-01,2003-12-31
4619211,TB_e_inc_tbhiv_num,COUNTRY,BDI,AFR,Africa,YEAR,2014,,,,,,,,,1900 [1300-2500],1900,1300,2500,,2025-11-11T16:20:50Z,2014,2014-01-01,2014-12-31
4619633,TB_e_inc_tbhiv_num,COUNTRY,MOZ,AFR,Africa,YEAR,2018,,,,,,,,,37 000 [22 000-57 000],37000,22000,57000,,2025-11-11T16:20:50Z,2018,2018-01-01,2018-12-31
4627244,TB_e_inc_tbhiv_num,COUNTRY,SWZ,AFR,Africa,YEAR,2010,,,,,,,,,14 000 [510-50 000],14000,510,50000,,2025-11-11T16:20:50Z,2010,2010-01-01,2010-12-31
4628118,TB_e_inc_tbhiv_num,COUNTRY,BIH,EUR,Europe,YEAR,2012,,,,,,,,,4 [2-6],4,2,6,,2025-11-11T16:20:50Z,2012,2012-01-01,2012-12-31
4629671,TB_e_inc_tbhiv_num,GLOBAL,GLOBAL,,,YEAR,2001,,,,,,,,,1 800 000 [1 290 000-2 410 000],1800000,1290000,2410000,,2025-11-11T16:20:50Z,2001,2001-01-01,2001-12-31
4630290,TB_e_inc_tbhiv_num,COUNTRY,MEX,AMR,Americas,YEAR,2019,,,,,,,,,3800 [2800-5000],3800,2800,5000,,2025-11-11T16:20:50Z,2019,2019-01-01,2019-12-31
4632470,TB_e_inc_tbhiv_num,COUNTRY,NER,AFR,Africa,YEAR,2024,,,,,,,,,530 [310-820],530,310,820,,2025-11-11T16:20:50Z,2024,2024-01-01,2024-12-31
4633835,TB_e_inc_tbhiv_num,COUNTRY,SYR,EMR,Eastern Mediterranean,YEAR,2010,,,,,,,,,5 [3-9],5,3,9,,2025-11-11T16:20:50Z,2010,2010-01-01,2010-12-31
4637755,TB_e_inc_tbhiv_num,COUNTRY,TJK,EUR,Europe,YEAR,2010,,,,,,,,,280 [100-550],280,100,550,,2025-11-11T16:20:50Z,2010,2010-01-01,2010-12-31
4642810,TB_e_inc_tbhiv_num,COUNTRY,QAT,EMR,Eastern Mediterranean,YEAR,2002,,,,,,,,,3 [1-7],3,1,7,,2025-11-11T16:20:50Z,2002,2002-01-01,2002-12-31
4646895,TB_e_inc_tbhiv_num,WORLDBANKINCOMEGROUP,WB_LI,,,YEAR,2018,,,,,,,,,160 000 [114 000-215 000],160000,114000,215000,,2025-11-11T16:20:50Z,2018,2018-01-01,2018-12-31
4648740,TB_e_inc_tbhiv_num,COUNTRY,ZAF,AFR,Africa,YEAR,2023,,,,,,,,,145 000 [85 000-221 000],145000,85000,221000,,2025-11-11T16:20:50Z,2023,2023-01-01,2023-12-31
4649358,TB_e_inc_tbhiv_num,COUNTRY,GBR,EUR,Europe,YEAR,2019,,,,,,,,,190 [70-360],190,70,360,,2025-11-11T16:20:50Z,2019,2019-01-01,2019-12-31
4653167,TB_e_inc_tbhiv_num,COUNTRY,FJI,WPR,Western Pacific,YEAR,2022,,,,,,,,,90 [63-120],90,63,120,,2025-11-11T16:20:50Z,2022,2022-01-01,2022-12-31
4653596,TB_e_inc_tbhiv_num,COUNTRY,ARM,EUR,Europe,YEAR,2005,,,,,,,,,150 [51-310],150,51,310,,2025-11-11T16:20:50Z,2005,2005-01-01,2005-12-31
4654265,TB_e_inc_tbhiv_num,COUNTRY,BRA,AMR,Americas,YEAR,2007,,,,,,,,,7000 [2200-15 000],7000,2200,15000,,2025-11-11T16:20:50Z,2007,2007-01-01,2007-12-31
4656868,TB_e_inc_tbhiv_num,COUNTRY,LSO,AFR,Africa,YEAR,2013,,,,,,,,,14 000 [6600-25 000],14000,6600,25000,,2025-11-11T16:20:50Z,2013,2013-01-01,2013-12-31
4661080,TB_e_inc_tbhiv_num,COUNTRY,PRT,EUR,Europe,YEAR,2005,,,,,,,,,980 [730-1300],980,730,1300,,2025-11-11T16:20:50Z,2005,2005-01-01,2005-12-31
4662317,TB_e_inc_tbhiv_num,COUNTRY,DJI,EMR,Eastern Mediterranean,YEAR,2012,,,,,,,,,2500 [1100-4500],2500,1100,4500,,2025-11-11T16:20:50Z,2012,2012-01-01,2012-12-31
4666302,TB_e_inc_tbhiv_num,COUNTRY,GAB,AFR,Africa,YEAR,2013,,,,,,,,,3900 [2100-6100],3900,2100,6100,,2025-11-11T16:20:50Z,2013,2013-01-01,2013-12-31
4666870,TB_e_inc_tbhiv_num,COUNTRY,EGY,EMR,Eastern Mediterranean,YEAR,2007,,,,,,,,,38 [16-70],38,16,70,,2025-11-11T16:20:50Z,2007,2007-01-01,2007-12-31
4666954,TB_e_inc_tbhiv_num,COUNTRY,MLI,AFR,Africa,YEAR,2000,,,,,,,,,2900 [1100-5600],2900,1100,5600,,2025-11-11T16:20:50Z,2000,2000-01-01,2000-12-31
4667620,TB_e_inc_tbhiv_num,COUNTRY,SGP,WPR,Western Pacific,YEAR,2010,,,,,,,,,84 [59-110],84,59,110,,2025-11-11T16:20:50Z,2010,2010-01-01,2010-12-31
4672003,TB_e_inc_tbhiv_num,COUNTRY,MLI,AFR,Africa,YEAR,2011,,,,,,,,,2200 [750-4300],2200,750,4300,,2025-11-11T16:20:50Z,2011,2011-01-01,2011-12-31
4672235,TB_e_inc_tbhiv_num,COUNTRY,JAM,AMR,Americas,YEAR,2011,,,,,,,,,30 [18-46],30,18,46,,2025-11-11T16:20:50Z,2011,2011-01-01,2011-12-31
4673605,TB_e_inc_tbhiv_num,COUNTRY,COG,AFR,Africa,YEAR,2001,,,,,,,,,9200 [7000-12 000],9200,7000,12000,,2025-11-11T16:20:50Z,2001,2001-01-01,2001-12-31
4675137,TB_e_inc_tbhiv_num,COUNTRY,HRV,EUR,Europe,YEAR,2024,,,,,,,,,2 [1-4],2,1,4,,2025-11-11T16:20:50Z,2024,2024-01-01,2024-12-31
4676320,TB_e_inc_tbhiv_num,COUNTRY,PSE,EMR,Eastern Mediterranean,YEAR,2019,,,,,,,,,0 [0-0],0,0,0,,2025-11-11T16:20:50Z,2019,2019-01-01,2019-12-31
4680615,TB_e_inc_tbhiv_num,COUNTRY,RWA,AFR,Africa,YEAR,2020,,,,,,,,,1600 [1000-2300],1600,1000,2300,,2025-11-11T16:20:50Z,2020,2020-01-01,2020-12-31
4681054,TB_e_inc_tbhiv_num,COUNTRY,PHL,WPR,Western Pacific,YEAR,2012,,,,,,,,,4200 [1900-7200],4200,1900,7200,,2025-11-11T16:20:50Z,2012,2012-01-01,2012-12-31
4683696,TB_e_inc_tbhiv_num,COUNTRY,PNG,WPR,Western Pacific,YEAR,2006,,,,,,,,,4600 [1700-8800],4600,1700,8800,,2025-11-11T16:20:50Z,2006,2006-01-01,2006-12-31
4683820,TB_e_inc_tbhiv_num,REGION,AMR,,,YEAR,2000,,,,,,,,,66 000 [51 000-83 000],66000,51000,83000,,2025-11-11T16:20:50Z,2000,2000-01-01,2000-12-31
4688363,TB_e_inc_tbhiv_num,COUNTRY,NAM,AFR,Africa,YEAR,2021,,,,,,,,,3900 [2800-5200],3900,2800,5200,,2025-11-11T16:20:50Z,2021,2021-01-01,2021-12-31
4689559,TB_e_inc_tbhiv_num,COUNTRY,STP,AFR,Africa,YEAR,2022,,,,,,,,,20 [0-150],20,0,150,,2025-11-11T16:20:50Z,2022,2022-01-01,2022-12-31
4689608,TB_e_inc_tbhiv_num,COUNTRY,CHE,EUR,Europe,YEAR,2000,,,,,,,,,140 [84-220],140,84,220,,2025-11-11T16:20:50Z,2000,2000-01-01,2000-12-31
4690585,TB_e_inc_tbhiv_num,COUNTRY,KHM,WPR,Western Pacific,YEAR,2000,,,,,,,,,12 000 [7800-17 000],12000,7800,17000,,2025-11-11T16:20:50Z,2000,2000-01-01,2000-12-31
4690911,TB_e_inc_tbhiv_num,COUNTRY,VEN,AMR,Americas,YEAR,2005,,,,,,,,,2100 [890-3800],2100,890,3800,,2025-11-11T16:20:50Z,2005,2005-01-01,2005-12-31
4691234,TB_e_inc_tbhiv_num,COUNTRY,FRA,EUR,Europe,YEAR,2011,,,,,,,,,420 [340-510],420,340,510,,2025-11-11T16:20:50Z,2011,2011-01-01,2011-12-31
4691303,TB_e_inc_tbhiv_num,COUNTRY,JAM,AMR,Americas,YEAR,2009,,,,,,,,,70 [49-94],70,49,94,,2025-11-11T16:20:50Z,2009,2009-01-01,2009-12-31
4694282,TB_e_inc_tbhiv_num,COUNTRY,THA,SEAR,South-East Asia,YEAR,2021,,,,,,,,,9100 [6500-12 000],9100,6500,12000,,2025-11-11T16:20:50Z,2021,2021-01-01,2021-12-31
4698619,TB_e_inc_tbhiv_num,COUNTRY,MDG,AFR,Africa,YEAR,2019,,,,,,,,,750 [580-950],750,580,950,,2025-11-11T16:20:50Z,2019,2019-01-01,2019-12-31
4699418,TB_e_inc_tbhiv_num,COUNTRY,USA,AMR,Americas,YEAR,2022,,,,,,,,,420 [310-540],420,310,540,,2025-11-11T16:20:50Z,2022,2022-01-01,2022-12-31
4703461,TB_e_inc_tbhiv_num,REGION,WPR,,,YEAR,2014,,,,,,,,,68 000 [46 000-95 000],68000,46000,95000,,2025-11-11T16:20:50Z,2014,2014-01-01,2014-12-31
4706882,TB_e_inc_tbhiv_num,COUNTRY,VEN,AMR,Americas,YEAR,2017,,,,,,,,,1200 [450-2300],1200,450,2300,,2025-11-11T16:20:50Z,2017,2017-01-01,2017-12-31
4707856,TB_e_inc_tbhiv_num,COUNTRY,SLV,AMR,Americas,YEAR,2010,,,,,,,,,260 [190-330],260,190,330,,2025-11-11T16:20:50Z,2010,2010-01-01,2010-12-31
4708712,TB_e_inc_tbhiv_num,COUNTRY,GNB,AFR,Africa,YEAR,2011,,,,,,,,,1700 [930-2600],1700,930,2600,,2025-11-11T16:20:50Z,2011,2011-01-01,2011-12-31
4709097,TB_e_inc_tbhiv_num,COUNTRY,BHS,AMR,Americas,YEAR,2017,,,,,,,,,24 [15-35],24,15,35,,2025-11-11T16:20:50Z,2017,2017-01-01,2017-12-31
4714330,TB_e_inc_tbhiv_num,COUNTRY,LBR,AFR,Africa,YEAR,2002,,,,,,,,,1800 [880-3000],1800,880,3000,,2025-11-11T16:20:50Z,2002,2002-01-01,2002-12-31
4717430,TB_e_inc_tbhiv_num,COUNTRY,BOL,AMR,Americas,YEAR,2017,,,,,,,,,540 [400-700],540,400,700,,2025-11-11T16:20:50Z,2017,2017-01-01,2017-12-31
4717581,TB_e_inc_tbhiv_num,COUNTRY,SYR,EMR,Eastern Mediterranean,YEAR,2009,,,,,,,,,6 [3-9],6,3,9,,2025-11-11T16:20:50Z,2009,2009-01-01,2009-12-31
4721222,TB_e_inc_tbhiv_num,COUNTRY,SRB,EUR,Europe,YEAR,2017,,,,,,,,,6 [3-10],6,3,10,,2025-11-11T16:20:50Z,2017,2017-01-01,2017-12-31
4722092,TB_e_inc_tbhiv_num,COUNTRY,PSE,EMR,Eastern Mediterranean,YEAR,2023,,,,,,,,,0 [0-0],0,0,0,,2025-11-11T16:20:50Z,2023,2023-01-01,2023-12-31
4722900,TB_e_inc_tbhiv_num,COUNTRY,SYR,EMR,Eastern Mediterranean,YEAR,2015,,,,,,,,,5 [3-8],5,3,8,,2025-11-11T16:20:50Z,2015,2015-01-01,2015-12-31
4725042,TB_e_inc_tbhiv_num,COUNTRY,TZA,AFR,Africa,YEAR,2023,,,,,,,,,21 000 [7700-40 000],21000,7700,40000,,2025-11-11T16:20:50Z,2023,2023-01-01,2023-12-31
4728626,TB_e_inc_tbhiv_num,COUNTRY,BIH,EUR,Europe,YEAR,2018,,,,,,,,,2 [1-3],2,1,3,,2025-11-11T16:20:50Z,2018,2018-01-01,2018-12-31
4729673,TB_e_inc_tbhiv_num,COUNTRY,KHM,WPR,Western Pacific,YEAR,2003,,,,,,,,,9400 [6100-13 000],9400,6100,13000,,2025-11-11T16:20:50Z,2003,2003-01-01,2003-12-31
4730971,TB_e_inc_tbhiv_num,COUNTRY,OMN,EMR,Eastern Mediterranean,YEAR,2007,,,,,,,,,23 [12-38],23,12,38,,2025-11-11T16:20:50Z,2007,2007-01-01,2007-12-31
4732250,TB_e_inc_tbhiv_num,COUNTRY,ZMB,AFR,Africa,YEAR,2015,,,,,,,,,38 000 [22 000-60 000],38000,22000,60000,,2025-11-11T16:20:50Z,2015,2015-01-01,2015-12-31
4735182,TB_e_inc_tbhiv_num,COUNTRY,UZB,EUR,Europe,YEAR,2004,,,,,,,,,190 [140-250],190,140,250,,2025-11-11T16:20:50Z,2004,2004-01-01,2004-12-31
4735888,TB_e_inc_tbhiv_num,COUNTRY,PNG,WPR,Western Pacific,YEAR,2015,,,,,,,,,6300 [2400-12 000],6300,2400,12000,,2025-11-11T16:20:50Z,2015,2015-01-01,2015-12-31
4743166,TB_e_inc_tbhiv_num,COUNTRY,PRT,EUR,Europe,YEAR,2021,,,,,,,,,150 [110-190],150,110,190,,2025-11-11T16:20:50Z,2021,2021-01-01,2021-12-31
4747162,TB_e_inc_tbhiv_num,COUNTRY,IRQ,EMR,Eastern Mediterranean,YEAR,2001,,,,,,,,,2 [1-3],2,1,3,,2025-11-11T16:20:50Z,2001,2001-01-01,2001-12-31
4747872,TB_e_inc_tbhiv_num,COUNTRY,CHL,AMR,Americas,YEAR,2024,,,,,,,,,360 [260-460],360,260,460,,2025-11-11T16:20:50Z,2024,2024-01-01,2024-12-31
4748420,TB_e_inc_tbhiv_num,COUNTRY,RWA,AFR,Africa,YEAR,2013,,,,,,,,,1900 [1200-2700],1900,1200,2700,,2025-11-11T16:20:50Z,2013,2013-01-01,2013-12-31
4752009,TB_e_inc_tbhiv_num,COUNTRY,MRT,AFR,Africa,YEAR,2010,,,,,,,,,390 [140-740],390,140,740,,2025-11-11T16:20:50Z,2010,2010-01-01,2010-12-31
4752450,TB_e_inc_tbhiv_num,COUNTRY,CIV,AFR,Africa,YEAR,2013,,,,,,,,,11 000 [8100-14 000],11000,8100,14000,,2025-11-11T16:20:50Z,2013,2013-01-01,2013-12-31
4753589,TB_e_inc_tbhiv_num,WORLDBANKINCOMEGROUP,WB_LMI,,,YEAR,2004,,,,,,,,,850 000 [508 000-1 280 000],850000,508000,1280000,,2025-11-11T16:20:50Z,2004,2004-01-01,2004-12-31
4754215,TB_e_inc_tbhiv_num,COUNTRY,PSE,EMR,Eastern Mediterranean,YEAR,2005,,,,,,,,,0 [0-0],0,0,0,,2025-11-11T16:20:50Z,2005,2005-01-01,2005-12-31
4754475,TB_e_inc_tbhiv_num,COUNTRY,SLV,AMR,Americas,YEAR,2017,,,,,,,,,230 [170-290],230,170,290,,2025-11-11T16:20:50Z,2017,2017-01-01,2017-12-31
4755372,TB_e_inc_tbhiv_num,COUNTRY,MWI,AFR,Africa,YEAR,2016,,,,,,,,,16 000 [7100-29 000],16000,7100,29000,,2025-11-11T16:20:50Z,2016,2016-01-01,2016-12-31
4755493,TB_e_inc_tbhiv_num,COUNTRY,QAT,EMR,Eastern Mediterranean,YEAR,2020,,,,,,,,,3 [0-9],3,0,9,,2025-11-11T16:20:50Z,2020,2020-01-01,2020-12-31
4756391,TB_e_inc_tbhiv_num,COUNTRY,SLV,AMR,Americas,YEAR,2024,,,,,,,,,250 [190-330],250,190,330,,2025-11-11T16:20:50Z,2024,2024-01-01,2024-12-31
4756587,TB_e_inc_tbhiv_num,COUNTRY,OMN,EMR,Eastern Mediterranean,YEAR,2018,,,,,,,,,9 [3-18],9,3,18,,2025-11-11T16:20:50Z,2018,2018-01-01,2018-12-31
4758817,TB_e_inc_tbhiv_num,COUNTRY,LBY,EMR,Eastern Mediterranean,YEAR,2003,,,,,,,,,44 [12-96],44,12,96,,2025-11-11T16:20:50Z,2003,2003-01-01,2003-12-31
4758991,TB_e_inc_tbhiv_num,COUNTRY,TGO,AFR,Africa,YEAR,2001,,,,,,,,,1400 [530-2600],1400,530,2600,,2025-11-11T16:20:50Z,2001,2001-01-01,2001-12-31
4758998,TB_e_inc_tbhiv_num,COUNTRY,AGO,AFR,Africa,YEAR,2018,,,,,,,,,12 000 [9700-15 000],12000,9700,15000,,2025-11-11T16:20:50Z,2018,2018-01-01,2018-12-31
4762522,TB_e_inc_tbhiv_num,COUNTRY,MMR,SEAR,South-East Asia,YEAR,2006,,,,,,,,,28 000 [9900-56 000],28000,9900,56000,,2025-11-11T16:20:50Z,2006,2006-01-01,2006-12-31
4762955,TB_e_inc_tbhiv_num,COUNTRY,MKD,EUR,Europe,YEAR,2011,,,,,,,,,1 [1-3],1,1,3,,2025-11-11T16:20:50Z,2011,2011-01-01,2011-12-31
4763837,TB_e_inc_tbhiv_num,COUNTRY,MAR,EMR,Eastern Mediterranean,YEAR,2008,,,,,,,,,120 [87-150],120,87,150,,2025-11-11T16:20:50Z,2008,2008-01-01,2008-12-31
4764275,TB_e_inc_tbhiv_num,COUNTRY,QAT,EMR,Eastern Mediterranean,YEAR,2017,,,,,,,,,1 [0-2],1,0,2,,2025-11-11T16:20:50Z,2017,2017-01-01,2017-12-31
4764346,TB_e_inc_tbhiv_num,COUNTRY,ERI,AFR,Africa,YEAR,2006,,,,,,,,,1700 [660-3100],1700,660,3100,,2025-11-11T16:20:50Z,2006,2006-01-01,2006-12-31
4776447,TB_e_inc_tbhiv_num,COUNTRY,NIC,AMR,Americas,YEAR,2008,,,,,,,,,160 [53-320],160,53,320,,2025-11-11T16:20:50Z,2008,2008-01-01,2008-12-31
4776512,TB_e_inc_tbhiv_num,COUNTRY,BHR,EMR,Eastern Mediterranean,YEAR,2004,,,,,,,,,14 [5-27],14,5,27,,2025-11-11T16:20:50Z,2004,2004-01-01,2004-12-31
4777104,TB_e_inc_tbhiv_num,COUNTRY,UZB,EUR,Europe,YEAR,2011,,,,,,,,,930 [710-1200],930,710,1200,,2025-11-11T16:20:50Z,2011,2011-01-01,2011-12-31
4778174,TB_e_inc_tbhiv_num,COUNTRY,ETH,AFR,Africa,YEAR,2001,,,,,,,,,98 000 [38 000-186 000],98000,38000,186000,,2025-11-11T16:20:50Z,2001,2001-01-01,2001-12-31
4779773,TB_e_inc_tbhiv_num,COUNTRY,NOR,EUR,Europe,YEAR,2023,,,,,,,,,4 [1-9],4,1,9,,2025-11-11T16:20:50Z,2023,2023-01-01,2023-12-31
4783554,TB_e_inc_tbhiv_num,COUNTRY,AGO,AFR,Africa,YEAR,2017,,,,,,,,,24 000 [11 000-43 000],24000,11000,43000,,2025-11-11T16:20:50Z,2017,2017-01-01,2017-12-31
4784976,TB_e_inc_tbhiv_num,COUNTRY,SAU,EMR,Eastern Mediterranean,YEAR,2024,,,,,,,,,70 [52-90],70,52,90,,2025-11-11T16:20:50Z,2024,2024-01-01,2024-12-31
4785160,TB_e_inc_tbhiv_num,COUNTRY,GIN,AFR,Africa,YEAR,2001,,,,,,,,,1900 [1300-2600],1900,1300,2600,,2025-11-11T16:20:50Z,2001,2001-01-01,2001-12-31
4785568,TB_e_inc_tbhiv_num,REGION,EMR,,,YEAR,2004,,,,,,,,,8600 [5300-13 000],8600,5300,13000,,2025-11-11T16:20:50Z,2004,2004-01-01,2004-12-31
4786538,TB_e_inc_tbhiv_num,COUNTRY,LBN,EMR,Eastern Mediterranean,YEAR,2018,,,,,,,,,9 [3-19],9,3,19,,2025-11-11T16:20:50Z,2018,2018-01-01,2018-12-31
4788760,TB_e_inc_tbhiv_num,GLOBAL,GLOBAL,,,YEAR,2018,,,,,,,,,924 000 [805 000-1 050 000],924000,805000,1050000,,2025-11-11T16:20:50Z,2018,2018-01-01,2018-12-31
4790124,TB_e_inc_tbhiv_num,COUNTRY,TTO,AMR,Americas,YEAR,2010,,,,,,,,,72 [53-93],72,53,93,,2025-11-11T16:20:50Z,2010,2010-01-01,2010-12-31
4791489,TB_e_inc_tbhiv_num,COUNTRY,ITA,EUR,Europe,YEAR,2012,,,,,,,,,220 [120-350],220,120,350,,2025-11-11T16:20:50Z,2012,2012-01-01,2012-12-31
4797249,TB_e_inc_tbhiv_num,COUNTRY,MLI,AFR,Africa,YEAR,2009,,,,,,,,,1800 [690-3600],1800,690,3600,,2025-11-11T16:20:50Z,2009,2009-01-01,2009-12-31
4804207,TB_e_inc_tbhiv_num,COUNTRY,IDN,WPR,Western Pacific,YEAR,2009,,,,,,,,,23 000 [9900-41 000],23000,9900,41000,,2025-11-11T16:20:50Z,2009,2009-01-01,2009-12-31
4804459,TB_e_inc_tbhiv_num,COUNTRY,GNQ,AFR,Africa,YEAR,2011,,,,,,,,,1700 [640-3300],1700,640,3300,,2025-11-11T16:20:50Z,2011,2011-01-01,2011-12-31
4806748,TB_e_inc_tbhiv_num,COUNTRY,GUY,AMR,Americas,YEAR,2018,,,,,,,,,130 [93-160],130,93,160,,2025-11-11T16:20:50Z,2018,2018-01-01,2018-12-31
4810425,TB_e_inc_tbhiv_num,COUNTRY,CYP,EUR,Europe,YEAR,2000,,,,,,,,,8 [4-12],8,4,12,,2025-11-11T16:20:50Z,2000,2000-01-01,2000-12-31
4816894,TB_e_inc_tbhiv_num,COUNTRY,UKR,EUR,Europe,YEAR,2006,,,,,,,,,12 000 [4900-23 000],12000,4900,23000,,2025-11-11T16:20:50Z,2006,2006-01-01,2006-12-31
4817812,TB_e_inc_tbhiv_num,COUNTRY,MLI,AFR,Africa,YEAR,2013,,,,,,,,,2000 [650-4000],2000,650,4000,,2025-11-11T16:20:50Z,2013,2013-01-01,2013-12-31
4818277,TB_e_inc_tbhiv_num,COUNTRY,JAM,AMR,Americas,YEAR,2010,,,,,,,,,49 [32-69],49,32,69,,2025-11-11T16:20:50Z,2010,2010-01-01,2010-12-31
4818322,TB_e_inc_tbhiv_num,COUNTRY,CHE,EUR,Europe,YEAR,2008,,,,,,,,,40 [22-63],40,22,63,,2025-11-11T16:20:50Z,2008,2008-01-01,2008-12-31
4820222,TB_e_inc_tbhiv_num,COUNTRY,LSO,AFR,Africa,YEAR,2015,,,,,,,,,12 000 [6300-19 000],12000,6300,19000,,2025-11-11T16:20:50Z,2015,2015-01-01,2015-12-31
4822276,TB_e_inc_tbhiv_num,COUNTRY,NGA,AFR,Africa,YEAR,2000,,,,,,,,,79 000 [32 000-148 000],79000,32000,148000,,2025-11-11T16:20:50Z,2000,2000-01-01,2000-12-31
4822995,TB_e_inc_tbhiv_num,COUNTRY,EGY,EMR,Eastern Mediterranean,YEAR,2014,,,,,,,,,80 [35-140],80,35,140,,2025-11-11T16:20:50Z,2014,2014-01-01,2014-12-31
4823112,TB_e_inc_tbhiv_num,COUNTRY,TLS,SEAR,South-East Asia,YEAR,2016,,,,,,,,,87 [31-170],87,31,170,,2025-11-11T16:20:50Z,2016,2016-01-01,2016-12-31
4823859,TB_e_inc_tbhiv_num,COUNTRY,JOR,EMR,Eastern Mediterranean,YEAR,2016,,,,,,,,,1 [0-7],1,0,7,,2025-11-11T16:20:50Z,2016,2016-01-01,2016-12-31
4824191,TB_e_inc_tbhiv_num,COUNTRY,SLE,AFR,Africa,YEAR,2013,,,,,,,,,4000 [1700-7100],4000,1700,7100,,2025-11-11T16:20:50Z,2013,2013-01-01,2013-12-31
4826429,TB_e_inc_tbhiv_num,COUNTRY,BDI,AFR,Africa,YEAR,2013,,,,,,,,,2100 [1500-2800],2100,1500,2800,,2025-11-11T16:20:50Z,2013,2013-01-01,2013-12-31
4830645,TB_e_inc_tbhiv_num,COUNTRY,BRA,AMR,Americas,YEAR,2022,,,,,,,,,13 000 [9000-16 000],13000,9000,16000,,2025-11-11T16:20:50Z,2022,2022-01-01,2022-12-31
4830905,TB_e_inc_tbhiv_num,COUNTRY,CZE,EUR,Europe,YEAR,2012,,,,,,,,,5 [2-8],5,2,8,,2025-11-11T16:20:50Z,2012,2012-01-01,2012-12-31
4833021,TB_e_inc_tbhiv_num,COUNTRY,TCD,AFR,Africa,YEAR,2014,,,,,,,,,4200 [1700-7600],4200,1700,7600,,2025-11-11T16:20:50Z,2014,2014-01-01,2014-12-31
4834754,TB_e_inc_tbhiv_num,COUNTRY,BDI,AFR,Africa,YEAR,2002,,,,,,,,,5100 [2700-8300],5100,2700,8300,,2025-11-11T16:20:50Z,2002,2002-01-01,2002-12-31
4837020,TB_e_inc_tbhiv_num,REGION,SEAR,,,YEAR,2003,,,,,,,,,373 000 [99 000-826 000],373000,99000,826000,,2025-11-11T16:20:50Z,2003,2003-01-01,2003-12-31
4838956,TB_e_inc_tbhiv_num,COUNTRY,DZA,AFR,Africa,YEAR,2013,,,,,,,,,200 [110-320],200,110,320,,2025-11-11T16:20:50Z,2013,2013-01-01,2013-12-31
4841192,TB_e_inc_tbhiv_num,COUNTRY,SLE,AFR,Africa,YEAR,2021,,,,,,,,,4700 [2100-8500],4700,2100,8500,,2025-11-11T16:20:50Z,2021,2021-01-01,2021-12-31
4843463,TB_e_inc_tbhiv_num,COUNTRY,ARM,EUR,Europe,YEAR,2007,,,,,,,,,130 [46-260],130,46,260,,2025-11-11T16:20:50Z,2007,2007-01-01,2007-12-31
4844434,TB_e_inc_tbhiv_num,COUNTRY,NPL,SEAR,South-East Asia,YEAR,2014,,,,,,,,,2200 [640-4700],2200,640,4700,,2025-11-11T16:20:50Z,2014,2014-01-01,2014-12-31
4844659,TB_e_inc_tbhiv_num,COUNTRY,NIC,AMR,Americas,YEAR,2001,,,,,,,,,200 [63-400],200,63,400,,2025-11-11T16:20:50Z,2001,2001-01-01,2001-12-31
4846143,TB_e_inc_tbhiv_num,COUNTRY,BIH,EUR,Europe,YEAR,2009,,,,,,,,,4 [2-6],4,2,6,,2025-11-11T16:20:50Z,2009,2009-01-01,2009-12-31
4847296,TB_e_inc_tbhiv_num,COUNTRY,THA,SEAR,South-East Asia,YEAR,2013,,,,,,,,,18 000 [9600-28 000],18000,9600,28000,,2025-11-11T16:20:50Z,2013,2013-01-01,2013-12-31
4847616,TB_e_inc_tbhiv_num,COUNTRY,BLZ,AMR,Americas,YEAR,2017,,,,,,,,,42 [27-60],42,27,60,,2025-11-11T16:20:50Z,2017,2017-01-01,2017-12-31
4848245,TB_e_inc_tbhiv_num,COUNTRY,HTI,AMR,Americas,YEAR,2008,,,,,,,,,10 000 [7400-13 000],10000,7400,13000,,2025-11-11T16:20:50Z,2008,2008-01-01,2008-12-31
4848348,TB_e_inc_tbhiv_num,COUNTRY,LBY,EMR,Eastern Mediterranean,YEAR,2015,,,,,,,,,45 [8-110],45,8,110,,2025-11-11T16:20:50Z,2015,2015-01-01,2015-12-31
4854110,TB_e_inc_tbhiv_num,COUNTRY,ARE,EMR,Eastern Mediterranean,YEAR,2006,,,,,,,,,3 [1-5],3,1,5,,2025-11-11T16:20:50Z,2006,2006-01-01,2006-12-31
4854749,TB_e_inc_tbhiv_num,WORLDBANKINCOMEGROUP,WB_UMI,,,YEAR,2012,,,,,,,,,514 000 [284 000-810 000],514000,284000,810000,,2025-11-11T16:20:50Z,2012,2012-01-01,2012-12-31
4855748,TB_e_inc_tbhiv_num,REGION,AMR,,,YEAR,2017,,,,,,,,,32 000 [28 000-35 000],32000,28000,35000,,2025-11-11T16:20:50Z,2017,2017-01-01,2017-12-31
4857625,TB_e_inc_tbhiv_num,COUNTRY,CAF,AFR,Africa,YEAR,2010,,,,,,,,,11 000 [4300-22 000],11000,4300,22000,,2025-11-11T16:20:50Z,2010,2010-01-01,2010-12-31
4859630,TB_e_inc_tbhiv_num,COUNTRY,TUR,EUR,Europe,YEAR,2003,,,,,,,,,28 [10-55],28,10,55,,2025-11-11T16:20:50Z,2003,2003-01-01,2003-12-31
4861212,TB_e_inc_tbhiv_num,COUNTRY,LUX,EUR,Europe,YEAR,2021,,,,,,,,,0 [0-0],0,0,0,,2025-11-11T16:20:50Z,2021,2021-01-01,2021-12-31
4868158,TB_e_inc_tbhiv_num,COUNTRY,UGA,AFR,Africa,YEAR,2007,,,,,,,,,35 000 [18 000-58 000],35000,18000,58000,,2025-11-11T16:20:50Z,2007,2007-01-01,2007-12-31
4874443,TB_e_inc_tbhiv_num,COUNTRY,SRB,EUR,Europe,YEAR,2024,,,,,,,,,2 [1-3],2,1,3,,2025-11-11T16:20:50Z,2024,2024-01-01,2024-12-31
4876040,TB_e_inc_tbhiv_num,COUNTRY,BRN,WPR,Western Pacific,YEAR,2008,,,,,,,,,0 [0-0],0,0,0,,2025-11-11T16:20:50Z,2008,2008-01-01,2008-12-31
4877028,TB_e_inc_tbhiv_num,COUNTRY,PHL,WPR,Western Pacific,YEAR,2024,,,,,,,,,5500 [2400-9800],5500,2400,9800,,2025-11-11T16:20:50Z,2024,2024-01-01,2024-12-31
4880123,TB_e_inc_tbhiv_num,COUNTRY,COL,AMR,Americas,YEAR,2013,,,,,,,,,2700 [2000-3600],2700,2000,3600,,2025-11-11T16:20:50Z,2013,2013-01-01,2013-12-31
4880754,TB_e_inc_tbhiv_num,COUNTRY,COD,AFR,Africa,YEAR,2022,,,,,,,,,27 000 [12 000-49 000],27000,12000,49000,,2025-11-11T16:20:50Z,2022,2022-01-01,2022-12-31
4881658,TB_e_inc_tbhiv_num,COUNTRY,SEN,AFR,Africa,YEAR,2008,,,,,,,,,2500 [990-4700],2500,990,4700,,2025-11-11T16:20:50Z,2008,2008-01-01,2008-12-31
4882241,TB_e_inc_tbhiv_num,COUNTRY,MNE,EUR,Europe,YEAR,2011,,,,,,,,,0 [0-0],0,0,0,,2025-11-11T16:20:50Z,2011,2011-01-01,2011-12-31
4888323,TB_e_inc_tbhiv_num,COUNTRY,JPN,WPR,Western Pacific,YEAR,2021,,,,,,,,,73 [25-150],73,25,150,,2025-11-11T16:20:50Z,2021,2021-01-01,2021-12-31
4891492,TB_e_inc_tbhiv_num,COUNTRY,JOR,EMR,Eastern Mediterranean,YEAR,2003,,,,,,,,,1 [0-1],1,0,1,,2025-11-11T16:20:50Z,2003,2003-01-01,2003-12-31
4894741,TB_e_inc_tbhiv_num,COUNTRY,KHM,WPR,Western Pacific,YEAR,2018,,,,,,,,,1100 [720-1500],1100,720,1500,,2025-11-11T16:20:50Z,2018,2018-01-01,2018-12-31
4897089,TB_e_inc_tbhiv_num,COUNTRY,YEM,EMR,Eastern Mediterranean,YEAR,2018,,,,,,,,,95 [53-150],95,53,150,,2025-11-11T16:20:50Z,2018,2018-01-01,2018-12-31
4899024,TB_e_inc_tbhiv_num,COUNTRY,ZWE,AFR,Africa,YEAR,2015,,,,,,,,,24 000 [16 000-35 000],24000,16000,35000,,2025-11-11T16:20:50Z,2015,2015-01-01,2015-12-31
4899511,TB_e_inc_tbhiv_num,COUNTRY,LTU,EUR,Europe,YEAR,2015,,,,,,,,,79 [55-110],79,55,110,,2025-11-11T16:20:50Z,2015,2015-01-01,2015-12-31
4899517,TB_e_inc_tbhiv_num,COUNTRY,IND,SEAR,South-East Asia,YEAR,2020,,,,,,,,,56 000 [43 000-71 000],56000,43000,71000,,2025-11-11T16:20:50Z,2020,2020-01-01,2020-12-31
4900914,TB_e_inc_tbhiv_num,COUNTRY,SWE,EUR,Europe,YEAR,2020,,,,,,,,,8 [4-13],8,4,13,,2025-11-11T16:20:50Z,2020,2020-01-01,2020-12-31
4901826,TB_e_inc_tbhiv_num,COUNTRY,IND,SEAR,South-East Asia,YEAR,2009,,,,,,,,,239 000 [48 000-582 000],239000,48000,582000,,2025-11-11T16:20:50Z,2009,2009-01-01,2009-12-31
4902362,TB_e_inc_tbhiv_num,COUNTRY,TLS,SEAR,South-East Asia,YEAR,2013,,,,,,,,,2 [2-3],2,2,3,,2025-11-11T16:20:50Z,2013,2013-01-01,2013-12-31
4907933,TB_e_inc_tbhiv_num,COUNTRY,LUX,EUR,Europe,YEAR,2010,,,,,,,,,2 [1-3],2,1,3,,2025-11-11T16:20:50Z,2010,2010-01-01,2010-12-31
4912898,TB_e_inc_tbhiv_num,COUNTRY,BFA,AFR,Africa,YEAR,2012,,,,,,,,,1800 [780-3200],1800,780,3200,,2025-11-11T16:20:50Z,2012,2012-01-01,2012-12-31
4923008,TB_e_inc_tbhiv_num,COUNTRY,TZA,AFR,Africa,YEAR,2011,,,,,,,,,71 000 [20 000-154 000],71000,20000,154000,,2025-11-11T16:20:50Z,2011,2011-01-01,2011-12-31
4924118,TB_e_inc_tbhiv_num,COUNTRY,BRN,WPR,Western Pacific,YEAR,2006,,,,,,,,,1 [0-3],1,0,3,,2025-11-11T16:20:50Z,2006,2006-01-01,2006-12-31
4926933,TB_e_inc_tbhiv_num,COUNTRY,LUX,EUR,Europe,YEAR,2022,,,,,,,,,2 [0-6],2,0,6,,2025-11-11T16:20:50Z,2022,2022-01-01,2022-12-31
4927471,TB_e_inc_tbhiv_num,COUNTRY,UGA,AFR,Africa,YEAR,2024,,,,,,,,,33 000 [19 000-51 000],33000,19000,51000,,2025-11-11T16:20:50Z,2024,2024-01-01,2024-12-31
4931390,TB_e_inc_tbhiv_num,COUNTRY,PRY,AMR,Americas,YEAR,2019,,,,,,,,,330 [240-420],330,240,420,,2025-11-11T16:20:50Z,2019,2019-01-01,2019-12-31
4936259,TB_e_inc_tbhiv_num,COUNTRY,NGA,AFR,Africa,YEAR,2017,,,,,,,,,61 000 [37 000-90 000],61000,37000,90000,,2025-11-11T16:20:50Z,2017,2017-01-01,2017-12-31
4936757,TB_e_inc_tbhiv_num,COUNTRY,GRC,EUR,Europe,YEAR,2007,,,,,,,,,25 [13-39],25,13,39,,2025-11-11T16:20:50Z,2007,2007-01-01,2007-12-31
4938169,TB_e_inc_tbhiv_num,COUNTRY,MAC,,,YEAR,2017,,,,,,,,,0 [0-0],0,0,0,,2025-11-11T16:20:50Z,2017,2017-01-01,2017-12-31
4938444,TB_e_inc_tbhiv_num,COUNTRY,BGR,EUR,Europe,YEAR,2021,,,,,,,,,0 [0-0],0,0,0,,2025-11-11T16:20:50Z,2021,2021-01-01,2021-12-31
4944911,TB_e_inc_tbhiv_num,COUNTRY,IRQ,EMR,Eastern Mediterranean,YEAR,2008,,,,,,,,,2 [1-4],2,1,4,,2025-11-11T16:20:50Z,2008,2008-01-01,2008-12-31
4945812,TB_e_inc_tbhiv_num,COUNTRY,SYR,EMR,Eastern Mediterranean,YEAR,2001,,,,,,,,,5 [3-9],5,3,9,,2025-11-11T16:20:50Z,2001,2001-01-01,2001-12-31
4948511,TB_e_inc_tbhiv_num,COUNTRY,GHA,AFR,Africa,YEAR,2010,,,,,,,,,12 000 [4600-24 000],12000,4600,24000,,2025-11-11T16:20:50Z,2010,2010-01-01,2010-12-31
4955167,TB_e_inc_tbhiv_num,COUNTRY,MKD,EUR,Europe,YEAR,2003,,,,,,,,,1 [0-2],1,0,2,,2025-11-11T16:20:50Z,2003,2003-01-01,2003-12-31
4959919,TB_e_inc_tbhiv_num,COUNTRY,ZMB,AFR,Africa,YEAR,2011,,,,,,,,,44 000 [22 000-74 000],44000,22000,74000,,2025-11-11T16:20:50Z,2011,2011-01-01,2011-12-31
4959940,TB_e_inc_tbhiv_num,COUNTRY,CHN,WPR,Western Pacific,YEAR,2014,,,,,,,,,17 000 [5400-35 000],17000,5400,35000,,2025-11-11T16:20:50Z,2014,2014-01-01,2014-12-31
4961290,TB_e_inc_tbhiv_num,COUNTRY,MEX,AMR,Americas,YEAR,2017,,,,,,,,,3800 [2800-5000],3800,2800,5000,,2025-11-11T16:20:50Z,2017,2017-01-01,2017-12-31
4970170,TB_e_inc_tbhiv_num,COUNTRY,NLD,EUR,Europe,YEAR,2013,,,,,,,,,31 [11-60],31,11,60,,2025-11-11T16:20:50Z,2013,2013-01-01,2013-12-31
4970499,TB_e_inc_tbhiv_num,COUNTRY,ITA,EUR,Europe,YEAR,2021,,,,,,,,,150 [80-230],150,80,230,,2025-11-11T16:20:50Z,2021,2021-01-01,2021-12-31
4972216,TB_e_inc_tbhiv_num,WORLDBANKINCOMEGROUP,WB_LMI,,,YEAR,2017,,,,,,,,,432 000 [373 000-496 000],432000,373000,496000,,2025-11-11T16:20:50Z,2017,2017-01-01,2017-12-31
4973801,TB_e_inc_tbhiv_num,COUNTRY,AUS,WPR,Western Pacific,YEAR,2020,,,,,,,,,24 [14-38],24,14,38,,2025-11-11T16:20:50Z,2020,2020-01-01,2020-12-31
4975713,TB_e_inc_tbhiv_num,COUNTRY,GEO,EUR,Europe,YEAR,2021,,,,,,,,,72 [48-100],72,48,100,,2025-11-11T16:20:50Z,2021,2021-01-01,2021-12-31
4976230,TB_e_inc_tbhiv_num,COUNTRY,STP,AFR,Africa,YEAR,2015,,,,,,,,,47 [29-70],47,29,70,,2025-11-11T16:20:50Z,2015,2015-01-01,2015-12-31
4978371,TB_e_inc_tbhiv_num,COUNTRY,CAN,AMR,Americas,YEAR,2014,,,,,,,,,64 [23-130],64,23,130,,2025-11-11T16:20:50Z,2014,2014-01-01,2014-12-31
4981895,TB_e_inc_tbhiv_num,COUNTRY,UZB,EUR,Europe,YEAR,2019,,,,,,,,,870 [650-1100],870,650,1100,,2025-11-11T16:20:50Z,2019,2019-01-01,2019-12-31
4983792,TB_e_inc_tbhiv_num,COUNTRY,MYS,WPR,Western Pacific,YEAR,2020,,,,,,,,,1900 [1400-2400],1900,1400,2400,,2025-11-11T16:20:50Z,2020,2020-01-01,2020-12-31
4984275,TB_e_inc_tbhiv_num,COUNTRY,BDI,AFR,Africa,YEAR,2008,,,,,,,,,4000 [1900-6900],4000,1900,6900,,2025-11-11T16:20:50Z,2008,2008-01-01,2008-12-31
4985044,TB_e_inc_tbhiv_num,COUNTRY,STP,AFR,Africa,YEAR,2020,,,,,,,,,10 [3-20],10,3,20,,2025-11-11T16:20:50Z,2020,2020-01-01,2020-12-31
4987929,TB_e_inc_tbhiv_num,COUNTRY,IRQ,EMR,Eastern Mediterranean,YEAR,2023,,,,,,,,,0 [0-0],0,0,0,,2025-11-11T16:20:50Z,2023,2023-01-01,2023-12-31
4988078,TB_e_inc_tbhiv_num,WORLDBANKINCOMEGROUP,WB_UMI,,,YEAR,2009,,,,,,,,,562 000 [306 000-893 000],562000,306000,893000,,2025-11-11T16:20:50Z,2009,2009-01-01,2009-12-31
4993981,TB_e_inc_tbhiv_num,COUNTRY,LTU,EUR,Europe,YEAR,2008,,,,,,,,,88 [31-170],88,31,170,,2025-11-11T16:20:50Z,2008,2008-01-01,2008-12-31
4995618,TB_e_inc_tbhiv_num,COUNTRY,SDN,EMR,Eastern Mediterranean,YEAR,2023,,,,,,,,,550 [170-1200],550,170,1200,,2025-11-11T16:20:50Z,2023,2023-01-01,2023-12-31
4999204,TB_e_inc_tbhiv_num,COUNTRY,DOM,AMR,Americas,YEAR,2023,,,,,,,,,1300 [960-1700],1300,960,1700,,2025-11-11T16:20:50Z,2023,2023-01-01,2023-12-31
5014517,TB_e_inc_tbhiv_num,COUNTRY,SEN,AFR,Africa,YEAR,2002,,,,,,,,,2100 [840-4000],2100,840,4000,,2025-11-11T16:20:50Z,2002,2002-01-01,2002-12-31
5016424,TB_e_inc_tbhiv_num,COUNTRY,MWI,AFR,Africa,YEAR,2001,,,,,,,,,35 000 [3300-104 000],35000,3300,104000,,2025-11-11T16:20:50Z,2001,2001-01-01,2001-12-31
5020482,TB_e_inc_tbhiv_num,COUNTRY,TUN,EMR,Eastern Mediterranean,YEAR,2008,,,,,,,,,31 [11-60],31,11,60,,2025-11-11T16:20:50Z,2008,2008-01-01,2008-12-31
5024340,TB_e_inc_tbhiv_num,COUNTRY,BEL,EUR,Europe,YEAR,2018,,,,,,,,,39 [14-76],39,14,76,,2025-11-11T16:20:50Z,2018,2018-01-01,2018-12-31
5028097,TB_e_inc_tbhiv_num,COUNTRY,BRN,WPR,Western Pacific,YEAR,2013,,,,,,,,,0 [0-0],0,0,0,,2025-11-11T16:20:50Z,2013,2013-01-01,2013-12-31
5030716,TB_e_inc_tbhiv_num,COUNTRY,BLZ,AMR,Americas,YEAR,2020,,,,,,,,,32 [19-48],32,19,48,,2025-11-11T16:20:50Z,2020,2020-01-01,2020-12-31
5039081,TB_e_inc_tbhiv_num,COUNTRY,COD,AFR,Africa,YEAR,2017,,,,,,,,,38 000 [16 000-68 000],38000,16000,68000,,2025-11-11T16:20:50Z,2017,2017-01-01,2017-12-31
5041879,TB_e_inc_tbhiv_num,COUNTRY,MUS,AFR,Africa,YEAR,2008,,,,,,,,,19 [14-25],19,14,25,,2025-11-11T16:20:50Z,2008,2008-01-01,2008-12-31
5042367,TB_e_inc_tbhiv_num,COUNTRY,GNB,AFR,Africa,YEAR,2002,,,,,,,,,1200 [680-2000],1200,680,2000,,2025-11-11T16:20:50Z,2002,2002-01-01,2002-12-31
5042680,TB_e_inc_tbhiv_num,COUNTRY,IRN,EMR,Eastern Mediterranean,YEAR,2002,,,,,,,,,390 [87-910],390,87,910,,2025-11-11T16:20:50Z,2002,2002-01-01,2002-12-31
5046343,TB_e_inc_tbhiv_num,COUNTRY,EGY,EMR,Eastern Mediterranean,YEAR,2023,,,,,,,,,130 [90-170],130,90,170,,2025-11-11T16:20:50Z,2023,2023-01-01,2023-12-31
5046923,TB_e_inc_tbhiv_num,COUNTRY,TZA,AFR,Africa,YEAR,2021,,,,,,,,,23 000 [9900-42 000],23000,9900,42000,,2025-11-11T16:20:50Z,2021,2021-01-01,2021-12-31
5049508,TB_e_inc_tbhiv_num,REGION,EUR,,,YEAR,2005,,,,,,,,,25 000 [16 000-37 000],25000,16000,37000,,2025-11-11T16:20:50Z,2005,2005-01-01,2005-12-31
5050342,TB_e_inc_tbhiv_num,COUNTRY,CPV,AFR,Africa,YEAR,2014,,,,,,,,,39 [24-58],39,24,58,,2025-11-11T16:20:50Z,2014,2014-01-01,2014-12-31
5052559,TB_e_inc_tbhiv_num,COUNTRY,MAR,EMR,Eastern Mediterranean,YEAR,2021,,,,,,,,,390 [140-770],390,140,770,,2025-11-11T16:20:50Z,2021,2021-01-01,2021-12-31
5052756,TB_e_inc_tbhiv_num,COUNTRY,VNM,WPR,Western Pacific,YEAR,2012,,,,,,,,,14 000 [7100-22 000],14000,7100,22000,,2025-11-11T16:20:50Z,2012,2012-01-01,2012-12-31
5054857,TB_e_inc_tbhiv_num,COUNTRY,KIR,WPR,Western Pacific,YEAR,2001,,,,,,,,,8 [6-11],8,6,11,,2025-11-11T16:20:50Z,2001,2001-01-01,2001-12-31
5058565,TB_e_inc_tbhiv_num,COUNTRY,JAM,AMR,Americas,YEAR,2016,,,,,,,,,28 [12-52],28,12,52,,2025-11-11T16:20:50Z,2016,2016-01-01,2016-12-31
5058928,TB_e_inc_tbhiv_num,COUNTRY,MYS,WPR,Western Pacific,YEAR,2005,,,,,,,,,3300 [2400-4300],3300,2400,4300,,2025-11-11T16:20:50Z,2005,2005-01-01,2005-12-31
5059466,TB_e_inc_tbhiv_num,COUNTRY,LAO,WPR,Western Pacific,YEAR,2023,,,,,,,,,470 [270-730],470,270,730,,2025-11-11T16:20:50Z,2023,2023-01-01,2023-12-31
5062596,TB_e_inc_tbhiv_num,COUNTRY,COG,AFR,Africa,YEAR,2022,,,,,,,,,5400 [3300-8100],5400,3300,8100,,2025-11-11T16:20:50Z,2022,2022-01-01,2022-12-31
5062844,TB_e_inc_tbhiv_num,COUNTRY,TCD,AFR,Africa,YEAR,2005,,,,,,,,,3000 [1300-5500],3000,1300,5500,,2025-11-11T16:20:50Z,2005,2005-01-01,2005-12-31
5066067,TB_e_inc_tbhiv_num,COUNTRY,KEN,AFR,Africa,YEAR,2013,,,,,,,,,75 000 [29 000-141 000],75000,29000,141000,,2025-11-11T16:20:50Z,2013,2013-01-01,2013-12-31
5068553,TB_e_inc_tbhiv_num,COUNTRY,URY,AMR,Americas,YEAR,2009,,,,,,,,,160 [120-200],160,120,200,,2025-11-11T16:20:50Z,2009,2009-01-01,2009-12-31
5068626,TB_e_inc_tbhiv_num,COUNTRY,HKG,,,YEAR,2005,,,,,,,,,100 [68-140],100,68,140,,2025-11-11T16:20:50Z,2005,2005-01-01,2005-12-31
5069825,TB_e_inc_tbhiv_num,COUNTRY,KEN,AFR,Africa,YEAR,2002,,,,,,,,,100 000 [29 000-215 000],100000,29000,215000,,2025-11-11T16:20:50Z,2002,2002-01-01,2002-12-31
5070174,TB_e_inc_tbhiv_num,COUNTRY,AFG,EMR,Eastern Mediterranean,YEAR,2009,,,,,,,,,14 [1-42],14,1,42,,2025-11-11T16:20:50Z,2009,2009-01-01,2009-12-31
5070856,TB_e_inc_tbhiv_num,COUNTRY,PHL,WPR,Western Pacific,YEAR,2020,,,,,,,,,4600 [2100-8100],4600,2100,8100,,2025-11-11T16:20:50Z,2020,2020-01-01,2020-12-31
5083830,TB_e_inc_tbhiv_num,COUNTRY,CAF,AFR,Africa,YEAR,2020,,,,,,,,,6900 [3100-12 000],6900,3100,12000,,2025-11-11T16:20:50Z,2020,2020-01-01,2020-12-31
5084277,TB_e_inc_tbhiv_num,COUNTRY,IRL,EUR,Europe,YEAR,2018,,,,,,,,,13 [7-21],13,7,21,,2025-11-11T16:20:50Z,2018,2018-01-01,2018-12-31
5088140,TB_e_inc_tbhiv_num,REGION,WPR,,,YEAR,2003,,,,,,,,,60 000 [39 000-86 000],60000,39000,86000,,2025-11-11T16:20:50Z,2003,2003-01-01,2003-12-31
5093749,TB_e_inc_tbhiv_num,COUNTRY,DJI,EMR,Eastern Mediterranean,YEAR,2000,,,,,,,,,9400 [5200-15 000],9400,5200,15000,,2025-11-11T16:20:50Z,2000,2000-01-01,2000-12-31
5095759,TB_e_inc_tbhiv_num,COUNTRY,PHL,WPR,Western Pacific,YEAR,2002,,,,,,,,,3700 [1600-6600],3700,1600,6600,,2025-11-11T16:20:50Z,2002,2002-01-01,2002-12-31
5098477,TB_e_inc_tbhiv_num,COUNTRY,OMN,EMR,Eastern Mediterranean,YEAR,2005,,,,,,,,,17 [8-31],17,8,31,,2025-11-11T16:20:50Z,2005,2005-01-01,2005-12-31
5101935,TB_e_inc_tbhiv_num,COUNTRY,GUY,AMR,Americas,YEAR,2013,,,,,,,,,250 [180-320],250,180,320,,2025-11-11T16:20:50Z,2013,2013-01-01,2013-12-31
5103486,TB_e_inc_tbhiv_num,COUNTRY,ETH,AFR,Africa,YEAR,2019,,,,,,,,,12 000 [5500-22 000],12000,5500,22000,,2025-11-11T16:20:50Z,2019,2019-01-01,2019-12-31
5104011,TB_e_inc_tbhiv_num,COUNTRY,MRT,AFR,Africa,YEAR,2007,,,,,,,,,480 [190-910],480,190,910,,2025-11-11T16:20:50Z,2007,2007-01-01,2007-12-31
5106114,TB_e_inc_tbhiv_num,COUNTRY,ETH,AFR,Africa,YEAR,2018,,,,,,,,,8800 [4000-16 000],8800,4000,16000,,2025-11-11T16:20:50Z,2018,2018-01-01,2018-12-31
5111599,TB_e_inc_tbhiv_num,COUNTRY,IRQ,EMR,Eastern Mediterranean,YEAR,2016,,,,,,,,,4 [1-8],4,1,8,,2025-11-11T16:20:50Z,2016,2016-01-01,2016-12-31
5113651,TB_e_inc_tbhiv_num,COUNTRY,PSE,EMR,Eastern Mediterranean,YEAR,2018,,,,,,,,,0 [0-0],0,0,0,,2025-11-11T16:20:50Z,2018,2018-01-01,2018-12-31
5114168,TB_e_inc_tbhiv_num,COUNTRY,MEX,AMR,Americas,YEAR,2005,,,,,,,,,1600 [580-3100],1600,580,3100,,2025-11-11T16:20:50Z,2005,2005-01-01,2005-12-31
5117911,TB_e_inc_tbhiv_num,COUNTRY,BEL,EUR,Europe,YEAR,2007,,,,,,,,,71 [49-95],71,49,95,,2025-11-11T16:20:50Z,2007,2007-01-01,2007-12-31
5119706,TB_e_inc_tbhiv_num,COUNTRY,LBY,EMR,Eastern Mediterranean,YEAR,2016,,,,,,,,,48 [10-110],48,10,110,,2025-11-11T16:20:50Z,2016,2016-01-01,2016-12-31
5120806,TB_e_inc_tbhiv_num,COUNTRY,PAK,EMR,Eastern Mediterranean,YEAR,2017,,,,,,,,,2700 [59-10 000],2700,59,10000,,2025-11-11T16:20:50Z,2017,2017-01-01,2017-12-31
5121864,TB_e_inc_tbhiv_num,COUNTRY,FSM,WPR,Western Pacific,YEAR,2023,,,,,,,,,2 [0-11],2,0,11,,2025-11-11T16:20:50Z,2023,2023-01-01,2023-12-31
5122333,TB_e_inc_tbhiv_num,COUNTRY,ARE,EMR,Eastern Mediterranean,YEAR,2013,,,,,,,,,5 [1-13],5,1,13,,2025-11-11T16:20:50Z,2013,2013-01-01,2013-12-31
5123184,TB_e_inc_tbhiv_num,COUNTRY,AFG,EMR,Eastern Mediterranean,YEAR,2020,,,,,,,,,13 [3-31],13,3,31,,2025-11-11T16:20:50Z,2020,2020-01-01,2020-12-31
5124129,TB_e_inc_tbhiv_num,COUNTRY,ROU,EUR,Europe,YEAR,2024,,,,,,,,,260 [190-340],260,190,340,,2025-11-11T16:20:50Z,2024,2024-01-01,2024-12-31
5124605,TB_e_inc_tbhiv_num,COUNTRY,JOR,EMR,Eastern Mediterranean,YEAR,2010,,,,,,,,,0 [0-0],0,0,0,,2025-11-11T16:20:50Z,2010,2010-01-01,2010-12-31
5125687,TB_e_inc_tbhiv_num,COUNTRY,TZA,AFR,Africa,YEAR,2012,,,,,,,,,69 000 [20 000-148 000],69000,20000,148000,,2025-11-11T16:20:50Z,2012,2012-01-01,2012-12-31
5126423,TB_e_inc_tbhiv_num,COUNTRY,IND,SEAR,South-East Asia,YEAR,2024,,,,,,,,,37 000 [29 000-47 000],37000,29000,47000,,2025-11-11T16:20:50Z,2024,2024-01-01,2024-12-31
5129174,TB_e_inc_tbhiv_num,COUNTRY,NZL,WPR,Western Pacific,YEAR,2010,,,,,,,,,6 [2-14],6,2,14,,2025-11-11T16:20:50Z,2010,2010-01-01,2010-12-31
5129980,TB_e_inc_tbhiv_num,REGION,EMR,,,YEAR,2006,,,,,,,,,14 000 [7100-24 000],14000,7100,24000,,2025-11-11T16:20:50Z,2006,2006-01-01,2006-12-31
5134094,TB_e_inc_tbhiv_num,COUNTRY,VEN,AMR,Americas,YEAR,2015,,,,,,,,,1000 [750-1300],1000,750,1300,,2025-11-11T16:20:50Z,2015,2015-01-01,2015-12-31
5138328,TB_e_inc_tbhiv_num,COUNTRY,FJI,WPR,Western Pacific,YEAR,2017,,,,,,,,,17 [7-31],17,7,31,,2025-11-11T16:20:50Z,2017,2017-01-01,2017-12-31
5139259,TB_e_inc_tbhiv_num,COUNTRY,SDN,EMR,Eastern Mediterranean,YEAR,2006,,,,,,,,,5900 [1100-15 000],5900,1100,15000,,2025-11-11T16:20:50Z,2006,2006-01-01,2006-12-31
5141624,TB_e_inc_tbhiv_num,COUNTRY,BRN,WPR,Western Pacific,YEAR,2017,,,,,,,,,3 [0-9],3,0,9,,2025-11-11T16:20:50Z,2017,2017-01-01,2017-12-31
5143987,TB_e_inc_tbhiv_num,COUNTRY,LTU,EUR,Europe,YEAR,2002,,,,,,,,,210 [74-400],210,74,400,,2025-11-11T16:20:50Z,2002,2002-01-01,2002-12-31
5147849,TB_e_inc_tbhiv_num,COUNTRY,MLI,AFR,Africa,YEAR,2020,,,,,,,,,1100 [540-1900],1100,540,1900,,2025-11-11T16:20:50Z,2020,2020-01-01,2020-12-31
5151708,TB_e_inc_tbhiv_num,COUNTRY,NER,AFR,Africa,YEAR,2017,,,,,,,,,810 [510-1200],810,510,1200,,2025-11-11T16:20:50Z,2017,2017-01-01,2017-12-31
5152166,TB_e_inc_tbhiv_num,COUNTRY,SUR,AMR,Americas,YEAR,2012,,,,,,,,,56 [38-78],56,38,78,,2025-11-11T16:20:50Z,2012,2012-01-01,2012-12-31
5154780,TB_e_inc_tbhiv_num,COUNTRY,MNE,EUR,Europe,YEAR,2019,,,,,,,,,0 [0-0],0,0,0,,2025-11-11T16:20:50Z,2019,2019-01-01,2019-12-31
5154790,TB_e_inc_tbhiv_num,COUNTRY,UZB,EUR,Europe,YEAR,2012,,,,,,,,,1200 [940-1600],1200,940,1600,,2025-11-11T16:20:50Z,2012,2012-01-01,2012-12-31
5155994,TB_e_inc_tbhiv_num,COUNTRY,IDN,WPR,Western Pacific,YEAR,2013,,,,,,,,,27 000 [12 000-48 000],27000,12000,48000,,2025-11-11T16:20:50Z,2013,2013-01-01,2013-12-31
5158474,TB_e_inc_tbhiv_num,COUNTRY,DNK,EUR,Europe,YEAR,2023,,,,,,,,,6 [2-13],6,2,13,,2025-11-11T16:20:50Z,2023,2023-01-01,2023-12-31
5159043,TB_e_inc_tbhiv_num,COUNTRY,PAK,EMR,Eastern Mediterranean,YEAR,2018,,,,,,,,,4100 [88-15 000],4100,88,15000,,2025-11-11T16:20:50Z,2018,2018-01-01,2018-12-31
5160673,TB_e_inc_tbhiv_num,COUNTRY,PNG,WPR,Western Pacific,YEAR,2022,,,,,,,,,3600 [2900-4300],3600,2900,4300,,2025-11-11T16:20:50Z,2022,2022-01-01,2022-12-31
5163713,TB_e_inc_tbhiv_num,COUNTRY,NPL,SEAR,South-East Asia,YEAR,2020,,,,,,,,,480 [270-750],480,270,750,,2025-11-11T16:20:50Z,2020,2020-01-01,2020-12-31
5167650,TB_e_inc_tbhiv_num,COUNTRY,BDI,AFR,Africa,YEAR,2015,,,,,,,,,1900 [1300-2600],1900,1300,2600,,2025-11-11T16:20:50Z,2015,2015-01-01,2015-12-31
5170829,TB_e_inc_tbhiv_num,COUNTRY,ALB,EUR,Europe,YEAR,2016,,,,,,,,,5 [2-9],5,2,9,,2025-11-11T16:20:50Z,2016,2016-01-01,2016-12-31
5172774,TB_e_inc_tbhiv_num,COUNTRY,BGR,EUR,Europe,YEAR,2024,,,,,,,,,4 [1-10],4,1,10,,2025-11-11T16:20:50Z,2024,2024-01-01,2024-12-31
5174604,TB_e_inc_tbhiv_num,COUNTRY,KEN,AFR,Africa,YEAR,2017,,,,,,,,,45 000 [23 000-73 000],45000,23000,73000,,2025-11-11T16:20:50Z,2017,2017-01-01,2017-12-31
5175776,TB_e_inc_tbhiv_num,COUNTRY,SVK,EUR,Europe,YEAR,2006,,,,,,,,,0 [0-0],0,0,0,,2025-11-11T16:20:50Z,2006,2006-01-01,2006-12-31
5177310,TB_e_inc_tbhiv_num,COUNTRY,JOR,EMR,Eastern Mediterranean,YEAR,2008,,,,,,,,,0 [0-0],0,0,0,,2025-11-11T16:20:50Z,2008,2008-01-01,2008-12-31
5184097,TB_e_inc_tbhiv_num,COUNTRY,MRT,AFR,Africa,YEAR,2021,,,,,,,,,140 [41-290],140,41,290,,2025-11-11T16:20:50Z,2021,2021-01-01,2021-12-31
5186616,TB_e_inc_tbhiv_num,COUNTRY,AGO,AFR,Africa,YEAR,2001,,,,,,,,,11 000 [4600-19 000],11000,4600,19000,,2025-11-11T16:20:50Z,2001,2001-01-01,2001-12-31
5187453,TB_e_inc_tbhiv_num,COUNTRY,KWT,EMR,Eastern Mediterranean,YEAR,2013,,,,,,,,,3 [1-6],3,1,6,,2025-11-11T16:20:50Z,2013,2013-01-01,2013-12-31
5188728,TB_e_inc_tbhiv_num,COUNTRY,NIC,AMR,Americas,YEAR,2020,,,,,,,,,180 [130-230],180,130,230,,2025-11-11T16:20:50Z,2020,2020-01-01,2020-12-31
5190609,TB_e_inc_tbhiv_num,COUNTRY,IND,SEAR,South-East Asia,YEAR,2000,,,,,,,,,465 000 [85 000-1 160 000],465000,85000,1160000,,2025-11-11T16:20:50Z,2000,2000-01-01,2000-12-31
5191177,TB_e_inc_tbhiv_num,COUNTRY,GAB,AFR,Africa,YEAR,2023,,,,,,,,,2800 [1400-4700],2800,1400,4700,,2025-11-11T16:20:50Z,2023,2023-01-01,2023-12-31
5192395,TB_e_inc_tbhiv_num,COUNTRY,BOL,AMR,Americas,YEAR,2016,,,,,,,,,510 [380-660],510,380,660,,2025-11-11T16:20:50Z,2016,2016-01-01,2016-12-31
5192527,TB_e_inc_tbhiv_num,COUNTRY,HRV,EUR,Europe,YEAR,2016,,,,,,,,,5 [3-8],5,3,8,,2025-11-11T16:20:50Z,2016,2016-01-01,2016-12-31
5192621,TB_e_inc_tbhiv_num,COUNTRY,UZB,EUR,Europe,YEAR,2000,,,,,,,,,110 [10-330],110,10,330,,2025-11-11T16:20:50Z,2000,2000-01-01,2000-12-31
5194015,TB_e_inc_tbhiv_num,COUNTRY,ISR,EUR,Europe,YEAR,2003,,,,,,,,,60 [40-83],60,40,83,,2025-11-11T16:20:50Z,2003,2003-01-01,2003-12-31
5196664,TB_e_inc_tbhiv_num,COUNTRY,CHE,EUR,Europe,YEAR,2016,,,,,,,,,32 [17-50],32,17,50,,2025-11-11T16:20:50Z,2016,2016-01-01,2016-12-31
5199865,TB_e_inc_tbhiv_num,COUNTRY,BGR,EUR,Europe,YEAR,2004,,,,,,,,,11 [4-23],11,4,23,,2025-11-11T16:20:50Z,2004,2004-01-01,2004-12-31
5200501,TB_e_inc_tbhiv_num,COUNTRY,LBY,EMR,Eastern Mediterranean,YEAR,2018,,,,,,,,,31 [8-70],31,8,70,,2025-11-11T16:20:50Z,2018,2018-01-01,2018-12-31
5200758,TB_e_inc_tbhiv_num,COUNTRY,TKM,EUR,Europe,YEAR,2014,,,,,,,,,820 [450-1300],820,450,1300,,2025-11-11T16:20:50Z,2014,2014-01-01,2014-12-31
5201144,TB_e_inc_tbhiv_num,COUNTRY,HRV,EUR,Europe,YEAR,2006,,,,,,,,,14 [7-23],14,7,23,,2025-11-11T16:20:50Z,2006,2006-01-01,2006-12-31
5201280,TB_e_inc_tbhiv_num,COUNTRY,TTO,AMR,Americas,YEAR,2021,,,,,,,,,24 [14-38],24,14,38,,2025-11-11T16:20:50Z,2021,2021-01-01,2021-12-31
5202617,TB_e_inc_tbhiv_num,COUNTRY,PAK,EMR,Eastern Mediterranean,YEAR,2007,,,,,,,,,2900 [56-11 000],2900,56,11000,,2025-11-11T16:20:50Z,2007,2007-01-01,2007-12-31
5203824,TB_e_inc_tbhiv_num,COUNTRY,SOM,EMR,Eastern Mediterranean,YEAR,2004,,,,,,,,,1300 [490-2500],1300,490,2500,,2025-11-11T16:20:50Z,2004,2004-01-01,2004-12-31
5204969,TB_e_inc_tbhiv_num,COUNTRY,MNE,EUR,Europe,YEAR,2009,,,,,,,,,0 [0-0],0,0,0,,2025-11-11T16:20:50Z,2009,2009-01-01,2009-12-31
5205381,TB_e_inc_tbhiv_num,COUNTRY,SSD,AFR,Africa,YEAR,2023,,,,,,,,,4100 [1800-7300],4100,1800,7300,,2025-11-11T16:20:50Z,2023,2023-01-01,2023-12-31
5207006,TB_e_inc_tbhiv_num,COUNTRY,RUS,EUR,Europe,YEAR,2007,,,,,,,,,7500 [1700-17 000],7500,1700,17000,,2025-11-11T16:20:50Z,2007,2007-01-01,2007-12-31
5207242,TB_e_inc_tbhiv_num,REGION,EMR,,,YEAR,2013,,,,,,,,,14 000 [2100-38 000],14000,2100,38000,,2025-11-11T16:20:50Z,2013,2013-01-01,2013-12-31
5208751,TB_e_inc_tbhiv_num,COUNTRY,CHL,AMR,Americas,YEAR,2013,,,,,,,,,200 [73-380],200,73,380,,2025-11-11T16:20:50Z,2013,2013-01-01,2013-12-31
5211990,TB_e_inc_tbhiv_num,COUNTRY,MEX,AMR,Americas,YEAR,2023,,,,,,,,,4100 [3000-5300],4100,3000,5300,,2025-11-11T16:20:50Z,2023,2023-01-01,2023-12-31
5212152,TB_e_inc_tbhiv_num,COUNTRY,DEU,EUR,Europe,YEAR,2006,,,,,,,,,220 [120-340],220,120,340,,2025-11-11T16:20:50Z,2006,2006-01-01,2006-12-31
5212976,TB_e_inc_tbhiv_num,COUNTRY,ITA,EUR,Europe,YEAR,2009,,,,,,,,,330 [180-530],330,180,530,,2025-11-11T16:20:50Z,2009,2009-01-01,2009-12-31
5213646,TB_e_inc_tbhiv_num,COUNTRY,HND,AMR,Americas,YEAR,2004,,,,,,,,,800 [310-1500],800,310,1500,,2025-11-11T16:20:50Z,2004,2004-01-01,2004-12-31
5214209,TB_e_inc_tbhiv_num,COUNTRY,AUT,EUR,Europe,YEAR,2022,,,,,,,,,9 [5-15],9,5,15,,2025-11-11T16:20:50Z,2022,2022-01-01,2022-12-31
5221889,TB_e_inc_tbhiv_num,COUNTRY,RWA,AFR,Africa,YEAR,2001,,,,,,,,,8400 [5100-13 000],8400,5100,13000,,2025-11-11T16:20:50Z,2001,2001-01-01,2001-12-31
5223593,TB_e_inc_tbhiv_num,COUNTRY,MYS,WPR,Western Pacific,YEAR,2018,,,,,,,,,2100 [1600-2700],2100,1600,2700,,2025-11-11T16:20:50Z,2018,2018-01-01,2018-12-31
5223714,TB_e_inc_tbhiv_num,COUNTRY,THA,SEAR,South-East Asia,YEAR,2003,,,,,,,,,38 000 [8300-90 000],38000,8300,90000,,2025-11-11T16:20:50Z,2003,2003-01-01,2003-12-31
5228922,TB_e_inc_tbhiv_num,COUNTRY,VUT,WPR,Western Pacific,YEAR,2010,,,,,,,,,110 [76-150],110,76,150,,2025-11-11T16:20:50Z,2010,2010-01-01,2010-12-31
5230684,TB_e_inc_tbhiv_num,COUNTRY,NER,AFR,Africa,YEAR,2005,,,,,,,,,1400 [510-2700],1400,510,2700,,2025-11-11T16:20:50Z,2005,2005-01-01,2005-12-31
5239121,TB_e_inc_tbhiv_num,COUNTRY,LTU,EUR,Europe,YEAR,2006,,,,,,,,,120 [42-240],120,42,240,,2025-11-11T16:20:50Z,2006,2006-01-01,2006-12-31
5241289,TB_e_inc_tbhiv_num,COUNTRY,CAF,AFR,Africa,YEAR,2023,,,,,,,,,5100 [2300-8900],5100,2300,8900,,2025-11-11T16:20:50Z,2023,2023-01-01,2023-12-31
5242554,TB_e_inc_tbhiv_num,COUNTRY,CPV,AFR,Africa,YEAR,2017,,,,,,,,,40 [25-58],40,25,58,,2025-11-11T16:20:50Z,2017,2017-01-01,2017-12-31
5247353,TB_e_inc_tbhiv_num,COUNTRY,TZA,AFR,Africa,YEAR,2009,,,,,,,,,93 000 [24 000-206 000],93000,24000,206000,,2025-11-11T16:20:50Z,2009,2009-01-01,2009-12-31
5248955,TB_e_inc_tbhiv_num,COUNTRY,HRV,EUR,Europe,YEAR,2019,,,,,,,,,4 [2-6],4,2,6,,2025-11-11T16:20:50Z,2019,2019-01-01,2019-12-31
5249891,TB_e_inc_tbhiv_num,COUNTRY,ALB,EUR,Europe,YEAR,2012,,,,,,,,,4 [1-8],4,1,8,,2025-11-11T16:20:50Z,2012,2012-01-01,2012-12-31
5251235,TB_e_inc_tbhiv_num,COUNTRY,CHL,AMR,Americas,YEAR,2022,,,,,,,,,360 [260-460],360,260,460,,2025-11-11T16:20:50Z,2022,2022-01-01,2022-12-31
5253217,TB_e_inc_tbhiv_num,COUNTRY,CMR,AFR,Africa,YEAR,2012,,,,,,,,,19 000 [15 000-24 000],19000,15000,24000,,2025-11-11T16:20:50Z,2012,2012-01-01,2012-12-31
5256099,TB_e_inc_tbhiv_num,COUNTRY,KIR,WPR,Western Pacific,YEAR,2014,,,,,,,,,0 [0-0],0,0,0,,2025-11-11T16:20:50Z,2014,2014-01-01,2014-12-31
5256135,TB_e_inc_tbhiv_num,COUNTRY,BDI,AFR,Africa,YEAR,2009,,,,,,,,,3800 [1800-6600],3800,1800,6600,,2025-11-11T16:20:50Z,2009,2009-01-01,2009-12-31
5257196,TB_e_inc_tbhiv_num,COUNTRY,UKR,EUR,Europe,YEAR,2017,,,,,,,,,9100 [6800-12 000],9100,6800,12000,,2025-11-11T16:20:50Z,2017,2017-01-01,2017-12-31
5258597,TB_e_inc_tbhiv_num,COUNTRY,CRI,AMR,Americas,YEAR,2012,,,,,,,,,75 [53-100],75,53,100,,2025-11-11T16:20:50Z,2012,2012-01-01,2012-12-31
5259875,TB_e_inc_tbhiv_num,COUNTRY,TKM,EUR,Europe,YEAR,2021,,,,,,,,,550 [300-870],550,300,870,,2025-11-11T16:20:50Z,2021,2021-01-01,2021-12-31
5261395,TB_e_inc_tbhiv_num,COUNTRY,GNB,AFR,Africa,YEAR,2004,,,,,,,,,1400 [770-2200],1400,770,2200,,2025-11-11T16:20:50Z,2004,2004-01-01,2004-12-31
5261938,TB_e_inc_tbhiv_num,COUNTRY,PAK,EMR,Eastern Mediterranean,YEAR,2011,,,,,,,,,7500 [140-29 000],7500,140,29000,,2025-11-11T16:20:50Z,2011,2011-01-01,2011-12-31
5263196,TB_e_inc_tbhiv_num,COUNTRY,LBR,AFR,Africa,YEAR,2023,,,,,,,,,1300 [950-1600],1300,950,1600,,2025-11-11T16:20:50Z,2023,2023-01-01,2023-12-31
5263770,TB_e_inc_tbhiv_num,COUNTRY,IRN,EMR,Eastern Mediterranean,YEAR,2008,,,,,,,,,630 [200-1300],630,200,1300,,2025-11-11T16:20:50Z,2008,2008-01-01,2008-12-31
5270217,TB_e_inc_tbhiv_num,COUNTRY,MKD,EUR,Europe,YEAR,2007,,,,,,,,,1 [1-3],1,1,3,,2025-11-11T16:20:50Z,2007,2007-01-01,2007-12-31
5271057,TB_e_inc_tbhiv_num,COUNTRY,HRV,EUR,Europe,YEAR,2004,,,,,,,,,21 [11-34],21,11,34,,2025-11-11T16:20:50Z,2004,2004-01-01,2004-12-31
5271088,TB_e_inc_tbhiv_num,COUNTRY,NZL,WPR,Western Pacific,YEAR,2003,,,,,,,,,18 [6-35],18,6,35,,2025-11-11T16:20:50Z,2003,2003-01-01,2003-12-31
5279003,TB_e_inc_tbhiv_num,COUNTRY,HUN,EUR,Europe,YEAR,2015,,,,,,,,,10 [5-16],10,5,16,,2025-11-11T16:20:50Z,2015,2015-01-01,2015-12-31
5281373,TB_e_inc_tbhiv_num,COUNTRY,ISR,EUR,Europe,YEAR,2004,,,,,,,,,19 [10-32],19,10,32,,2025-11-11T16:20:50Z,2004,2004-01-01,2004-12-31
5283041,TB_e_inc_tbhiv_num,COUNTRY,TLS,SEAR,South-East Asia,YEAR,2005,,,,,,,,,78 [22-170],78,22,170,,2025-11-11T16:20:50Z,2005,2005-01-01,2005-12-31
5283844,TB_e_inc_tbhiv_num,COUNTRY,BLR,EUR,Europe,YEAR,2016,,,,,,,,,370 [280-480],370,280,480,,2025-11-11T16:20:50Z,2016,2016-01-01,2016-12-31
5284946,TB_e_inc_tbhiv_num,COUNTRY,MAR,EMR,Eastern Mediterranean,YEAR,2006,,,,,,,,,440 [160-880],440,160,880,,2025-11-11T16:20:50Z,2006,2006-01-01,2006-12-31
5289929,TB_e_inc_tbhiv_num,COUNTRY,BWA,AFR,Africa,YEAR,2022,,,,,,,,,2300 [1300-3700],2300,1300,3700,,2025-11-11T16:20:50Z,2022,2022-01-01,2022-12-31
5290352,TB_e_inc_tbhiv_num,COUNTRY,BEN,AFR,Africa,YEAR,2009,,,,,,,,,1300 [780-1900],1300,780,1900,,2025-11-11T16:20:50Z,2009,2009-01-01,2009-12-31
5294178,TB_e_inc_tbhiv_num,COUNTRY,TCD,AFR,Africa,YEAR,2002,,,,,,,,,2900 [1300-5300],2900,1300,5300,,2025-11-11T16:20:50Z,2002,2002-01-01,2002-12-31
5294966,TB_e_inc_tbhiv_num,COUNTRY,BLZ,AMR,Americas,YEAR,2016,,,,,,,,,57 [40-78],57,40,78,,2025-11-11T16:20:50Z,2016,2016-01-01,2016-12-31
5299470,TB_e_inc_tbhiv_num,COUNTRY,ZWE,AFR,Africa,YEAR,2002,,,,,,,,,53 000 [20 000-103 000],53000,20000,103000,,2025-11-11T16:20:50Z,2002,2002-01-01,2002-12-31
5301358,TB_e_inc_tbhiv_num,COUNTRY,NOR,EUR,Europe,YEAR,2006,,,,,,,,,11 [4-21],11,4,21,,2025-11-11T16:20:50Z,2006,2006-01-01,2006-12-31
5303885,TB_e_inc_tbhiv_num,COUNTRY,IDN,WPR,Western Pacific,YEAR,2023,,,,,,,,,25 000 [11 000-45 000],25000,11000,45000,,2025-11-11T16:20:50Z,2023,2023-01-01,2023-12-31
5304083,TB_e_inc_tbhiv_num,COUNTRY,ETH,AFR,Africa,YEAR,2022,,,,,,,,,7200 [3400-12 000],7200,3400,12000,,2025-11-11T16:20:50Z,2022,2022-01-01,2022-12-31
5306720,TB_e_inc_tbhiv_num,COUNTRY,SAU,EMR,Eastern Mediterranean,YEAR,2001,,,,,,,,,41 [14-81],41,14,81,,2025-11-11T16:20:50Z,2001,2001-01-01,2001-12-31
5307984,TB_e_inc_tbhiv_num,COUNTRY,SLV,AMR,Americas,YEAR,2007,,,,,,,,,350 [260-450],350,260,450,,2025-11-11T16:20:50Z,2007,2007-01-01,2007-12-31
5309379,TB_e_inc_tbhiv_num,COUNTRY,TKM,EUR,Europe,YEAR,2022,,,,,,,,,730 [400-1200],730,400,1200,,2025-11-11T16:20:50Z,2022,2022-01-01,2022-12-31
5314268,TB_e_inc_tbhiv_num,COUNTRY,AFG,EMR,Eastern Mediterranean,YEAR,2016,,,,,,,,,19 [1-65],19,1,65,,2025-11-11T16:20:50Z,2016,2016-01-01,2016-12-31
5314598,TB_e_inc_tbhiv_num,COUNTRY,LBN,EMR,Eastern Mediterranean,YEAR,2001,,,,,,,,,6 [2-13],6,2,13,,2025-11-11T16:20:50Z,2001,2001-01-01,2001-12-31
5315371,TB_e_inc_tbhiv_num,COUNTRY,NAM,AFR,Africa,YEAR,2005,,,,,,,,,17 000 [6000-34 000],17000,6000,34000,,2025-11-11T16:20:50Z,2005,2005-01-01,2005-12-31
5319522,TB_e_inc_tbhiv_num,COUNTRY,FJI,WPR,Western Pacific,YEAR,2004,,,,,,,,,0 [0-0],0,0,0,,2025-11-11T16:20:50Z,2004,2004-01-01,2004-12-31
5320887,TB_e_inc_tbhiv_num,COUNTRY,JAM,AMR,Americas,YEAR,2012,,,,,,,,,32 [19-47],32,19,47,,2025-11-11T16:20:50Z,2012,2012-01-01,2012-12-31
5323119,TB_e_inc_tbhiv_num,COUNTRY,IND,SEAR,South-East Asia,YEAR,2005,,,,,,,,,271 000 [48 000-684 000],271000,48000,684000,,2025-11-11T16:20:50Z,2005,2005-01-01,2005-12-31
5327362,TB_e_inc_tbhiv_num,COUNTRY,KGZ,EUR,Europe,YEAR,2024,,,,,,,,,330 [230-430],330,230,430,,2025-11-11T16:20:50Z,2024,2024-01-01,2024-12-31
5329163,TB_e_inc_tbhiv_num,COUNTRY,BHS,AMR,Americas,YEAR,2011,,,,,,,,,16 [9-27],16,9,27,,2025-11-11T16:20:50Z,2011,2011-01-01,2011-12-31
5329313,TB_e_inc_tbhiv_num,COUNTRY,THA,SEAR,South-East Asia,YEAR,2023,,,,,,,,,8400 [5800-11 000],8400,5800,11000,,2025-11-11T16:20:50Z,2023,2023-01-01,2023-12-31
5330965,TB_e_inc_tbhiv_num,COUNTRY,CRI,AMR,Americas,YEAR,2003,,,,,,,,,39 [23-58],39,23,58,,2025-11-11T16:20:50Z,2003,2003-01-01,2003-12-31
5333138,TB_e_inc_tbhiv_num,COUNTRY,FRA,EUR,Europe,YEAR,2000,,,,,,,,,1100 [480-2100],1100,480,2100,,2025-11-11T16:20:50Z,2000,2000-01-01,2000-12-31
5333212,TB_e_inc_tbhiv_num,COUNTRY,VEN,AMR,Americas,YEAR,2006,,,,,,,,,1700 [710-3100],1700,710,3100,,2025-11-11T16:20:50Z,2006,2006-01-01,2006-12-31
5336324,TB_e_inc_tbhiv_num,COUNTRY,SGP,WPR,Western Pacific,YEAR,2000,,,,,,,,,280 [110-540],280,110,540,,2025-11-11T16:20:50Z,2000,2000-01-01,2000-12-31
5336849,TB_e_inc_tbhiv_num,COUNTRY,GRC,EUR,Europe,YEAR,2004,,,,,,,,,43 [24-69],43,24,69,,2025-11-11T16:20:50Z,2004,2004-01-01,2004-12-31
5337337,TB_e_inc_tbhiv_num,COUNTRY,BEL,EUR,Europe,YEAR,2016,,,,,,,,,40 [14-78],40,14,78,,2025-11-11T16:20:50Z,2016,2016-01-01,2016-12-31
5337522,TB_e_inc_tbhiv_num,COUNTRY,CRI,AMR,Americas,YEAR,2004,,,,,,,,,34 [12-66],34,12,66,,2025-11-11T16:20:50Z,2004,2004-01-01,2004-12-31
5338749,TB_e_inc_tbhiv_num,COUNTRY,CHL,AMR,Americas,YEAR,2000,,,,,,,,,720 [290-1300],720,290,1300,,2025-11-11T16:20:50Z,2000,2000-01-01,2000-12-31
5339274,TB_e_inc_tbhiv_num,COUNTRY,SLE,AFR,Africa,YEAR,2016,,,,,,,,,4400 [1900-7900],4400,1900,7900,,2025-11-11T16:20:50Z,2016,2016-01-01,2016-12-31
5341607,TB_e_inc_tbhiv_num,COUNTRY,LBY,EMR,Eastern Mediterranean,YEAR,2012,,,,,,,,,170 [54-350],170,54,350,,2025-11-11T16:20:50Z,2012,2012-01-01,2012-12-31
5342616,TB_e_inc_tbhiv_num,COUNTRY,BEN,AFR,Africa,YEAR,2013,,,,,,,,,1200 [660-1900],1200,660,1900,,2025-11-11T16:20:50Z,2013,2013-01-01,2013-12-31
5343324,TB_e_inc_tbhiv_num,COUNTRY,ALB,EUR,Europe,YEAR,2019,,,,,,,,,10 [4-19],10,4,19,,2025-11-11T16:20:50Z,2019,2019-01-01,2019-12-31
5346534,TB_e_inc_tbhiv_num,COUNTRY,UZB,EUR,Europe,YEAR,2024,,,,,,,,,610 [460-800],610,460,800,,2025-11-11T16:20:50Z,2024,2024-01-01,2024-12-31
5347027,TB_e_inc_tbhiv_num,COUNTRY,JPN,WPR,Western Pacific,YEAR,2010,,,,,,,,,170 [59-340],170,59,340,,2025-11-11T16:20:50Z,2010,2010-01-01,2010-12-31
5349553,TB_e_inc_tbhiv_num,COUNTRY,MDA,EUR,Europe,YEAR,2020,,,,,,,,,340 [250-440],340,250,440,,2025-11-11T16:20:50Z,2020,2020-01-01,2020-12-31
5360809,TB_e_inc_tbhiv_num,COUNTRY,PRI,AMR,Americas,YEAR,2016,,,,,,,,,9 [3-18],9,3,18,,2025-11-11T16:20:50Z,2016,2016-01-01,2016-12-31
5364433,TB_e_inc_tbhiv_num,REGION,EUR,,,YEAR,2017,,,,,,,,,32 000 [24 000-41 000],32000,24000,41000,,2025-11-11T16:20:50Z,2017,2017-01-01,2017-12-31
5364751,TB_e_inc_tbhiv_num,COUNTRY,CHE,EUR,Europe,YEAR,2020,,,,,,,,,19 [10-30],19,10,30,,2025-11-11T16:20:50Z,2020,2020-01-01,2020-12-31
5364794,TB_e_inc_tbhiv_num,WORLDBANKINCOMEGROUP,WB_UMI,,,YEAR,2004,,,,,,,,,509 000 [230 000-897 000],509000,230000,897000,,2025-11-11T16:20:50Z,2004,2004-01-01,2004-12-31
5365602,TB_e_inc_tbhiv_num,COUNTRY,ESP,EUR,Europe,YEAR,2004,,,,,,,,,1400 [570-2500],1400,570,2500,,2025-11-11T16:20:50Z,2004,2004-01-01,2004-12-31
5368391,TB_e_inc_tbhiv_num,COUNTRY,LAO,WPR,Western Pacific,YEAR,2017,,,,,,,,,690 [410-1100],690,410,1100,,2025-11-11T16:20:50Z,2017,2017-01-01,2017-12-31
5368443,TB_e_inc_tbhiv_num,COUNTRY,PER,AMR,Americas,YEAR,2006,,,,,,,,,3500 [1300-6700],3500,1300,6700,,2025-11-11T16:20:50Z,2006,2006-01-01,2006-12-31
5370273,TB_e_inc_tbhiv_num,COUNTRY,ZMB,AFR,Africa,YEAR,2005,,,,,,,,,49 000 [24 000-84 000],49000,24000,84000,,2025-11-11T16:20:50Z,2005,2005-01-01,2005-12-31
5370318,TB_e_inc_tbhiv_num,REGION,EMR,,,YEAR,2005,,,,,,,,,9400 [5600-14 000],9400,5600,14000,,2025-11-11T16:20:50Z,2005,2005-01-01,2005-12-31
5373623,TB_e_inc_tbhiv_num,COUNTRY,DJI,EMR,Eastern Mediterranean,YEAR,2007,,,,,,,,,1600 [1200-2000],1600,1200,2000,,2025-11-11T16:20:50Z,2007,2007-01-01,2007-12-31
5374012,TB_e_inc_tbhiv_num,COUNTRY,TTO,AMR,Americas,YEAR,2009,,,,,,,,,120 [92-160],120,92,160,,2025-11-11T16:20:50Z,2009,2009-01-01,2009-12-31
5374350,TB_e_inc_tbhiv_num,COUNTRY,MWI,AFR,Africa,YEAR,2008,,,,,,,,,33 000 [3900-91 000],33000,3900,91000,,2025-11-11T16:20:50Z,2008,2008-01-01,2008-12-31
5374479,TB_e_inc_tbhiv_num,COUNTRY,SVN,EUR,Europe,YEAR,2019,,,,,,,,,2 [0-6],2,0,6,,2025-11-11T16:20:50Z,2019,2019-01-01,2019-12-31
5376146,TB_e_inc_tbhiv_num,COUNTRY,LBY,EMR,Eastern Mediterranean,YEAR,2008,,,,,,,,,92 [25-200],92,25,200,,2025-11-11T16:20:50Z,2008,2008-01-01,2008-12-31
5376576,TB_e_inc_tbhiv_num,COUNTRY,NLD,EUR,Europe,YEAR,2019,,,,,,,,,29 [18-43],29,18,43,,2025-11-11T16:20:50Z,2019,2019-01-01,2019-12-31
5379092,TB_e_inc_tbhiv_num,WORLDBANKINCOMEGROUP,WB_LMI,,,YEAR,2006,,,,,,,,,885 000 [545 000-1 310 000],885000,545000,1310000,,2025-11-11T16:20:50Z,2006,2006-01-01,2006-12-31
5385006,TB_e_inc_tbhiv_num,COUNTRY,TGO,AFR,Africa,YEAR,2020,,,,,,,,,700 [290-1300],700,290,1300,,2025-11-11T16:20:50Z,2020,2020-01-01,2020-12-31
5385971,TB_e_inc_tbhiv_num,COUNTRY,MUS,AFR,Africa,YEAR,2021,,,,,,,,,19 [9-31],19,9,31,,2025-11-11T16:20:50Z,2021,2021-01-01,2021-12-31
5387509,TB_e_inc_tbhiv_num,COUNTRY,COL,AMR,Americas,YEAR,2008,,,,,,,,,1900 [1400-2400],1900,1400,2400,,2025-11-11T16:20:50Z,2008,2008-01-01,2008-12-31
5394128,TB_e_inc_tbhiv_num,COUNTRY,ISR,EUR,Europe,YEAR,2021,,,,,,,,,19 [10-30],19,10,30,,2025-11-11T16:20:50Z,2021,2021-01-01,2021-12-31
5394709,TB_e_inc_tbhiv_num,COUNTRY,GHA,AFR,Africa,YEAR,2021,,,,,,,,,6400 [2800-11 000],6400,2800,11000,,2025-11-11T16:20:50Z,2021,2021-01-01,2021-12-31
5397580,TB_e_inc_tbhiv_num,COUNTRY,SEN,AFR,Africa,YEAR,2016,,,,,,,,,1500 [1100-2000],1500,1100,2000,,2025-11-11T16:20:50Z,2016,2016-01-01,2016-12-31
5405159,TB_e_inc_tbhiv_num,COUNTRY,ITA,EUR,Europe,YEAR,2016,,,,,,,,,230 [130-360],230,130,360,,2025-11-11T16:20:50Z,2016,2016-01-01,2016-12-31
5407406,TB_e_inc_tbhiv_num,COUNTRY,SWZ,AFR,Africa,YEAR,2019,,,,,,,,,2600 [1500-3900],2600,1500,3900,,2025-11-11T16:20:50Z,2019,2019-01-01,2019-12-31
5409131,TB_e_inc_tbhiv_num,COUNTRY,ZWE,AFR,Africa,YEAR,2019,,,,,,,,,18 000 [12 000-25 000],18000,12000,25000,,2025-11-11T16:20:50Z,2019,2019-01-01,2019-12-31
5413256,TB_e_inc_tbhiv_num,COUNTRY,PNG,WPR,Western Pacific,YEAR,2014,,,,,,,,,6200 [2400-12 000],6200,2400,12000,,2025-11-11T16:20:50Z,2014,2014-01-01,2014-12-31
5418260,TB_e_inc_tbhiv_num,COUNTRY,JOR,EMR,Eastern Mediterranean,YEAR,2021,,,,,,,,,0 [0-0],0,0,0,,2025-11-11T16:20:50Z,2021,2021-01-01,2021-12-31
5420039,TB_e_inc_tbhiv_num,COUNTRY,FIN,EUR,Europe,YEAR,2003,,,,,,,,,11 [6-18],11,6,18,,2025-11-11T16:20:50Z,2003,2003-01-01,2003-12-31
5420194,TB_e_inc_tbhiv_num,COUNTRY,SVN,EUR,Europe,YEAR,2010,,,,,,,,,2 [0-7],2,0,7,,2025-11-11T16:20:50Z,2010,2010-01-01,2010-12-31
5420351,TB_e_inc_tbhiv_num,COUNTRY,BLZ,AMR,Americas,YEAR,2023,,,,,,,,,22 [11-36],22,11,36,,2025-11-11T16:20:50Z,2023,2023-01-01,2023-12-31
5422060,TB_e_inc_tbhiv_num,COUNTRY,MRT,AFR,Africa,YEAR,2019,,,,,,,,,150 [46-300],150,46,300,,2025-11-11T16:20:50Z,2019,2019-01-01,2019-12-31
5423148,TB_e_inc_tbhiv_num,COUNTRY,MOZ,AFR,Africa,YEAR,2004,,,,,,,,,40 000 [22 000-64 000],40000,22000,64000,,2025-11-11T16:20:50Z,2004,2004-01-01,2004-12-31
5426211,TB_e_inc_tbhiv_num,COUNTRY,BWA,AFR,Africa,YEAR,2017,,,,,,,,,4100 [3200-5000],4100,3200,5000,,2025-11-11T16:20:50Z,2017,2017-01-01,2017-12-31
5426430,TB_e_inc_tbhiv_num,COUNTRY,LUX,EUR,Europe,YEAR,2013,,,,,,,,,2 [1-3],2,1,3,,2025-11-11T16:20:50Z,2013,2013-01-01,2013-12-31
5426543,TB_e_inc_tbhiv_num,COUNTRY,GBR,EUR,Europe,YEAR,2005,,,,,,,,,620 [240-1200],620,240,1200,,2025-11-11T16:20:50Z,2005,2005-01-01,2005-12-31
5430563,TB_e_inc_tbhiv_num,COUNTRY,HUN,EUR,Europe,YEAR,2024,,,,,,,,,6 [3-10],6,3,10,,2025-11-11T16:20:50Z,2024,2024-01-01,2024-12-31
5431118,TB_e_inc_tbhiv_num,COUNTRY,KHM,WPR,Western Pacific,YEAR,2006,,,,,,,,,6800 [4500-9600],6800,4500,9600,,2025-11-11T16:20:50Z,2006,2006-01-01,2006-12-31
5432007,TB_e_inc_tbhiv_num,COUNTRY,LKA,SEAR,South-East Asia,YEAR,2012,,,,,,,,,100 [31-210],100,31,210,,2025-11-11T16:20:50Z,2012,2012-01-01,2012-12-31
5432969,TB_e_inc_tbhiv_num,COUNTRY,BFA,AFR,Africa,YEAR,2010,,,,,,,,,2200 [950-3900],2200,950,3900,,2025-11-11T16:20:50Z,2010,2010-01-01,2010-12-31
5434443,TB_e_inc_tbhiv_num,COUNTRY,PAK,EMR,Eastern Mediterranean,YEAR,2021,,,,,,,,,3500 [75-13 000],3500,75,13000,,2025-11-11T16:20:50Z,2021,2021-01-01,2021-12-31
5437244,TB_e_inc_tbhiv_num,COUNTRY,SDN,EMR,Eastern Mediterranean,YEAR,2020,,,,,,,,,630 [200-1300],630,200,1300,,2025-11-11T16:20:50Z,2020,2020-01-01,2020-12-31
5437546,TB_e_inc_tbhiv_num,COUNTRY,MMR,SEAR,South-East Asia,YEAR,2005,,,,,,,,,30 000 [6300-71 000],30000,6300,71000,,2025-11-11T16:20:50Z,2005,2005-01-01,2005-12-31
5439574,TB_e_inc_tbhiv_num,COUNTRY,JAM,AMR,Americas,YEAR,2021,,,,,,,,,12 [5-21],12,5,21,,2025-11-11T16:20:50Z,2021,2021-01-01,2021-12-31
5441087,TB_e_inc_tbhiv_num,COUNTRY,AFG,EMR,Eastern Mediterranean,YEAR,2006,,,,,,,,,11 [1-33],11,1,33,,2025-11-11T16:20:50Z,2006,2006-01-01,2006-12-31
5441663,TB_e_inc_tbhiv_num,COUNTRY,PRY,AMR,Americas,YEAR,2016,,,,,,,,,340 [250-440],340,250,440,,2025-11-11T16:20:50Z,2016,2016-01-01,2016-12-31
5444118,TB_e_inc_tbhiv_num,COUNTRY,AUS,WPR,Western Pacific,YEAR,2001,,,,,,,,,100 [38-190],100,38,190,,2025-11-11T16:20:50Z,2001,2001-01-01,2001-12-31
5445668,TB_e_inc_tbhiv_num,COUNTRY,ERI,AFR,Africa,YEAR,2016,,,,,,,,,300 [230-400],300,230,400,,2025-11-11T16:20:50Z,2016,2016-01-01,2016-12-31
5447984,TB_e_inc_tbhiv_num,COUNTRY,MEX,AMR,Americas,YEAR,2007,,,,,,,,,1800 [650-3400],1800,650,3400,,2025-11-11T16:20:50Z,2007,2007-01-01,2007-12-31
5450002,TB_e_inc_tbhiv_num,COUNTRY,ARG,AMR,Americas,YEAR,2001,,,,,,,,,1100 [640-1800],1100,640,1800,,2025-11-11T16:20:50Z,2001,2001-01-01,2001-12-31
5451757,TB_e_inc_tbhiv_num,COUNTRY,POL,EUR,Europe,YEAR,2005,,,,,,,,,200 [110-320],200,110,320,,2025-11-11T16:20:50Z,2005,2005-01-01,2005-12-31
5456698,TB_e_inc_tbhiv_num,COUNTRY,ARG,AMR,Americas,YEAR,2022,,,,,,,,,970 [540-1500],970,540,1500,,2025-11-11T16:20:50Z,2022,2022-01-01,2022-12-31
5464752,TB_e_inc_tbhiv_num,COUNTRY,GNB,AFR,Africa,YEAR,2018,,,,,,,,,1300 [990-1700],1300,990,1700,,2025-11-11T16:20:50Z,2018,2018-01-01,2018-12-31
5464873,TB_e_inc_tbhiv_num,COUNTRY,GNB,AFR,Africa,YEAR,2023,,,,,,,,,1200 [850-1500],1200,850,1500,,2025-11-11T16:20:50Z,2023,2023-01-01,2023-12-31
5465286,TB_e_inc_tbhiv_num,COUNTRY,LTU,EUR,Europe,YEAR,2014,,,,,,,,,73 [50-100],73,50,100,,2025-11-11T16:20:50Z,2014,2014-01-01,2014-12-31
5466538,TB_e_inc_tbhiv_num,COUNTRY,SGP,WPR,Western Pacific,YEAR,2017,,,,,,,,,40 [25-57],40,25,57,,2025-11-11T16:20:50Z,2017,2017-01-01,2017-12-31
5472896,TB_e_inc_tbhiv_num,COUNTRY,BLR,EUR,Europe,YEAR,2023,,,,,,,,,140 [110-180],140,110,180,,2025-11-11T16:20:50Z,2023,2023-01-01,2023-12-31
5475642,TB_e_inc_tbhiv_num,COUNTRY,GNB,AFR,Africa,YEAR,2014,,,,,,,,,1400 [1100-1800],1400,1100,1800,,2025-11-11T16:20:50Z,2014,2014-01-01,2014-12-31
5479356,TB_e_inc_tbhiv_num,REGION,AMR,,,YEAR,2022,,,,,,,,,35 000 [31 000-40 000],35000,31000,40000,,2025-11-11T16:20:50Z,2022,2022-01-01,2022-12-31
5481967,TB_e_inc_tbhiv_num,COUNTRY,TUN,EMR,Eastern Mediterranean,YEAR,2017,,,,,,,,,23 [12-39],23,12,39,,2025-11-11T16:20:50Z,2017,2017-01-01,2017-12-31
5483093,TB_e_inc_tbhiv_num,COUNTRY,BLR,EUR,Europe,YEAR,2015,,,,,,,,,280 [210-360],280,210,360,,2025-11-11T16:20:50Z,2015,2015-01-01,2015-12-31
5483965,TB_e_inc_tbhiv_num,COUNTRY,KEN,AFR,Africa,YEAR,2011,,,,,,,,,85 000 [29 000-172 000],85000,29000,172000,,2025-11-11T16:20:50Z,2011,2011-01-01,2011-12-31
5486398,TB_e_inc_tbhiv_num,COUNTRY,SLE,AFR,Africa,YEAR,2000,,,,,,,,,8400 [2600-17 000],8400,2600,17000,,2025-11-11T16:20:50Z,2000,2000-01-01,2000-12-31
5486874,TB_e_inc_tbhiv_num,COUNTRY,SOM,EMR,Eastern Mediterranean,YEAR,2000,,,,,,,,,1600 [620-3200],1600,620,3200,,2025-11-11T16:20:50Z,2000,2000-01-01,2000-12-31
5487770,TB_e_inc_tbhiv_num,COUNTRY,TUN,EMR,Eastern Mediterranean,YEAR,2000,,,,,,,,,26 [9-51],26,9,51,,2025-11-11T16:20:50Z,2000,2000-01-01,2000-12-31
5489518,TB_e_inc_tbhiv_num,COUNTRY,TJK,EUR,Europe,YEAR,2015,,,,,,,,,260 [190-330],260,190,330,,2025-11-11T16:20:50Z,2015,2015-01-01,2015-12-31
5490041,TB_e_inc_tbhiv_num,COUNTRY,SVK,EUR,Europe,YEAR,2009,,,,,,,,,1 [0-7],1,0,7,,2025-11-11T16:20:50Z,2009,2009-01-01,2009-12-31
5490719,TB_e_inc_tbhiv_num,COUNTRY,CAN,AMR,Americas,YEAR,2001,,,,,,,,,310 [120-580],310,120,580,,2025-11-11T16:20:50Z,2001,2001-01-01,2001-12-31
5493569,TB_e_inc_tbhiv_num,COUNTRY,BGD,SEAR,South-East Asia,YEAR,2002,,,,,,,,,140 [73-240],140,73,240,,2025-11-11T16:20:50Z,2002,2002-01-01,2002-12-31
5496334,TB_e_inc_tbhiv_num,COUNTRY,SLV,AMR,Americas,YEAR,2015,,,,,,,,,250 [190-320],250,190,320,,2025-11-11T16:20:50Z,2015,2015-01-01,2015-12-31
5496915,TB_e_inc_tbhiv_num,COUNTRY,ZAF,AFR,Africa,YEAR,2024,,,,,,,,,134 000 [79 000-204 000],134000,79000,204000,,2025-11-11T16:20:50Z,2024,2024-01-01,2024-12-31
5499440,TB_e_inc_tbhiv_num,COUNTRY,MDV,SEAR,South-East Asia,YEAR,2020,,,,,,,,,0 [0-0],0,0,0,,2025-11-11T16:20:50Z,2020,2020-01-01,2020-12-31
5500563,TB_e_inc_tbhiv_num,COUNTRY,ERI,AFR,Africa,YEAR,2024,,,,,,,,,96 [64-130],96,64,130,,2025-11-11T16:20:50Z,2024,2024-01-01,2024-12-31
5508603,TB_e_inc_tbhiv_num,COUNTRY,YEM,EMR,Eastern Mediterranean,YEAR,2009,,,,,,,,,79 [44-130],79,44,130,,2025-11-11T16:20:50Z,2009,2009-01-01,2009-12-31
5511233,TB_e_inc_tbhiv_num,COUNTRY,ZWE,AFR,Africa,YEAR,2007,,,,,,,,,48 000 [11 000-111 000],48000,11000,111000,,2025-11-11T16:20:50Z,2007,2007-01-01,2007-12-31
5512847,TB_e_inc_tbhiv_num,COUNTRY,ISR,EUR,Europe,YEAR,2024,,,,,,,,,11 [4-19],11,4,19,,2025-11-11T16:20:50Z,2024,2024-01-01,2024-12-31
5514250,TB_e_inc_tbhiv_num,COUNTRY,VNM,WPR,Western Pacific,YEAR,2022,,,,,,,,,4400 [2700-6700],4400,2700,6700,,2025-11-11T16:20:50Z,2022,2022-01-01,2022-12-31
5515521,TB_e_inc_tbhiv_num,COUNTRY,SOM,EMR,Eastern Mediterranean,YEAR,2014,,,,,,,,,570 [210-1100],570,210,1100,,2025-11-11T16:20:50Z,2014,2014-01-01,2014-12-31
5516241,TB_e_inc_tbhiv_num,COUNTRY,HTI,AMR,Americas,YEAR,2015,,,,,,,,,5500 [4100-7100],5500,4100,7100,,2025-11-11T16:20:50Z,2015,2015-01-01,2015-12-31
5516905,TB_e_inc_tbhiv_num,COUNTRY,AUT,EUR,Europe,YEAR,2009,,,,,,,,,22 [12-35],22,12,35,,2025-11-11T16:20:50Z,2009,2009-01-01,2009-12-31
5517026,TB_e_inc_tbhiv_num,COUNTRY,PRY,AMR,Americas,YEAR,2001,,,,,,,,,370 [120-770],370,120,770,,2025-11-11T16:20:50Z,2001,2001-01-01,2001-12-31
5518221,TB_e_inc_tbhiv_num,COUNTRY,HTI,AMR,Americas,YEAR,2019,,,,,,,,,4200 [3100-5400],4200,3100,5400,,2025-11-11T16:20:50Z,2019,2019-01-01,2019-12-31
5524763,TB_e_inc_tbhiv_num,COUNTRY,LBY,EMR,Eastern Mediterranean,YEAR,2020,,,,,,,,,20 [5-44],20,5,44,,2025-11-11T16:20:50Z,2020,2020-01-01,2020-12-31
5525503,TB_e_inc_tbhiv_num,COUNTRY,GUY,AMR,Americas,YEAR,2021,,,,,,,,,110 [80-140],110,80,140,,2025-11-11T16:20:50Z,2021,2021-01-01,2021-12-31
5528160,TB_e_inc_tbhiv_num,COUNTRY,LBN,EMR,Eastern Mediterranean,YEAR,2003,,,,,,,,,4 [1-7],4,1,7,,2025-11-11T16:20:50Z,2003,2003-01-01,2003-12-31
5534088,TB_e_inc_tbhiv_num,COUNTRY,BIH,EUR,Europe,YEAR,2004,,,,,,,,,3 [2-5],3,2,5,,2025-11-11T16:20:50Z,2004,2004-01-01,2004-12-31
5536351,TB_e_inc_tbhiv_num,COUNTRY,CPV,AFR,Africa,YEAR,2002,,,,,,,,,51 [18-100],51,18,100,,2025-11-11T16:20:50Z,2002,2002-01-01,2002-12-31
5536409,TB_e_inc_tbhiv_num,COUNTRY,GUY,AMR,Americas,YEAR,2009,,,,,,,,,340 [250-430],340,250,430,,2025-11-11T16:20:50Z,2009,2009-01-01,2009-12-31
5537649,TB_e_inc_tbhiv_num,COUNTRY,MNE,EUR,Europe,YEAR,2008,,,,,,,,,2 [0-4],2,0,4,,2025-11-11T16:20:50Z,2008,2008-01-01,2008-12-31
5541249,TB_e_inc_tbhiv_num,COUNTRY,CHN,WPR,Western Pacific,YEAR,2019,,,,,,,,,13 000 [4200-28 000],13000,4200,28000,,2025-11-11T16:20:50Z,2019,2019-01-01,2019-12-31
5544587,TB_e_inc_tbhiv_num,REGION,EMR,,,YEAR,2003,,,,,,,,,9100 [5600-13 000],9100,5600,13000,,2025-11-11T16:20:50Z,2003,2003-01-01,2003-12-31
5547371,TB_e_inc_tbhiv_num,COUNTRY,VUT,WPR,Western Pacific,YEAR,2014,,,,,,,,,93 [59-140],93,59,140,,2025-11-11T16:20:50Z,2014,2014-01-01,2014-12-31
5547650,TB_e_inc_tbhiv_num,COUNTRY,GIN,AFR,Africa,YEAR,2022,,,,,,,,,4600 [3400-6000],4600,3400,6000,,2025-11-11T16:20:50Z,2022,2022-01-01,2022-12-31
5550638,TB_e_inc_tbhiv_num,COUNTRY,AUT,EUR,Europe,YEAR,2015,,,,,,,,,14 [8-23],14,8,23,,2025-11-11T16:20:50Z,2015,2015-01-01,2015-12-31
5555568,TB_e_inc_tbhiv_num,COUNTRY,POL,EUR,Europe,YEAR,2014,,,,,,,,,82 [44-130],82,44,130,,2025-11-11T16:20:50Z,2014,2014-01-01,2014-12-31
5560899,TB_e_inc_tbhiv_num,COUNTRY,RWA,AFR,Africa,YEAR,2005,,,,,,,,,5700 [4200-7400],5700,4200,7400,,2025-11-11T16:20:50Z,2005,2005-01-01,2005-12-31
5562566,TB_e_inc_tbhiv_num,COUNTRY,ETH,AFR,Africa,YEAR,2021,,,,,,,,,9500 [4400-17 000],9500,4400,17000,,2025-11-11T16:20:50Z,2021,2021-01-01,2021-12-31
5566585,TB_e_inc_tbhiv_num,COUNTRY,BGD,SEAR,South-East Asia,YEAR,2004,,,,,,,,,230 [120-380],230,120,380,,2025-11-11T16:20:50Z,2004,2004-01-01,2004-12-31
5567490,TB_e_inc_tbhiv_num,COUNTRY,DOM,AMR,Americas,YEAR,2011,,,,,,,,,1200 [480-2200],1200,480,2200,,2025-11-11T16:20:50Z,2011,2011-01-01,2011-12-31
5568964,TB_e_inc_tbhiv_num,COUNTRY,DZA,AFR,Africa,YEAR,2015,,,,,,,,,240 [130-370],240,130,370,,2025-11-11T16:20:50Z,2015,2015-01-01,2015-12-31
5571254,TB_e_inc_tbhiv_num,COUNTRY,ZWE,AFR,Africa,YEAR,2003,,,,,,,,,53 000 [17 000-109 000],53000,17000,109000,,2025-11-11T16:20:50Z,2003,2003-01-01,2003-12-31
5573158,TB_e_inc_tbhiv_num,COUNTRY,BHR,EMR,Eastern Mediterranean,YEAR,2005,,,,,,,,,7 [3-14],7,3,14,,2025-11-11T16:20:50Z,2005,2005-01-01,2005-12-31
5573375,TB_e_inc_tbhiv_num,COUNTRY,DNK,EUR,Europe,YEAR,2008,,,,,,,,,0 [0-1],0,0,1,,2025-11-11T16:20:50Z,2008,2008-01-01,2008-12-31
5574724,TB_e_inc_tbhiv_num,COUNTRY,BRN,WPR,Western Pacific,YEAR,2024,,,,,,,,,10 [4-20],10,4,20,,2025-11-11T16:20:50Z,2024,2024-01-01,2024-12-31
5578862,TB_e_inc_tbhiv_num,COUNTRY,LBR,AFR,Africa,YEAR,2024,,,,,,,,,1200 [930-1600],1200,930,1600,,2025-11-11T16:20:50Z,2024,2024-01-01,2024-12-31
5579625,TB_e_inc_tbhiv_num,COUNTRY,SVK,EUR,Europe,YEAR,2018,,,,,,,,,2 [0-6],2,0,6,,2025-11-11T16:20:50Z,2018,2018-01-01,2018-12-31
5579860,TB_e_inc_tbhiv_num,COUNTRY,CMR,AFR,Africa,YEAR,2022,,,,,,,,,7100 [5000-9500],7100,5000,9500,,2025-11-11T16:20:50Z,2022,2022-01-01,2022-12-31
5579900,TB_e_inc_tbhiv_num,COUNTRY,DOM,AMR,Americas,YEAR,2005,,,,,,,,,860 [630-1100],860,630,1100,,2025-11-11T16:20:50Z,2005,2005-01-01,2005-12-31
5580840,TB_e_inc_tbhiv_num,COUNTRY,MDA,EUR,Europe,YEAR,2001,,,,,,,,,240 [90-470],240,90,470,,2025-11-11T16:20:50Z,2001,2001-01-01,2001-12-31
5581426,TB_e_inc_tbhiv_num,COUNTRY,SUR,AMR,Americas,YEAR,2017,,,,,,,,,33 [20-49],33,20,49,,2025-11-11T16:20:50Z,2017,2017-01-01,2017-12-31
5582890,TB_e_inc_tbhiv_num,REGION,AMR,,,YEAR,2021,,,,,,,,,33 000 [29 000-37 000],33000,29000,37000,,2025-11-11T16:20:50Z,2021,2021-01-01,2021-12-31
5583018,TB_e_inc_tbhiv_num,COUNTRY,GNQ,AFR,Africa,YEAR,2000,,,,,,,,,1000 [350-2100],1000,350,2100,,2025-11-11T16:20:50Z,2000,2000-01-01,2000-12-31
5589217,TB_e_inc_tbhiv_num,COUNTRY,GUY,AMR,Americas,YEAR,2024,,,,,,,,,93 [68-120],93,68,120,,2025-11-11T16:20:50Z,2024,2024-01-01,2024-12-31
5591379,TB_e_inc_tbhiv_num,COUNTRY,GAB,AFR,Africa,YEAR,2019,,,,,,,,,2900 [1400-4800],2900,1400,4800,,2025-11-11T16:20:50Z,2019,2019-01-01,2019-12-31
5591748,TB_e_inc_tbhiv_num,COUNTRY,NAM,AFR,Africa,YEAR,2014,,,,,,,,,6800 [4000-10 000],6800,4000,10000,,2025-11-11T16:20:50Z,2014,2014-01-01,2014-12-31
5595143,TB_e_inc_tbhiv_num,COUNTRY,SEN,AFR,Africa,YEAR,2013,,,,,,,,,1900 [1500-2500],1900,1500,2500,,2025-11-11T16:20:50Z,2013,2013-01-01,2013-12-31
5597552,TB_e_inc_tbhiv_num,COUNTRY,GBR,EUR,Europe,YEAR,2018,,,,,,,,,150 [120-190],150,120,190,,2025-11-11T16:20:50Z,2018,2018-01-01,2018-12-31
5597725,TB_e_inc_tbhiv_num,COUNTRY,HRV,EUR,Europe,YEAR,2005,,,,,,,,,16 [9-27],16,9,27,,2025-11-11T16:20:50Z,2005,2005-01-01,2005-12-31
5600112,TB_e_inc_tbhiv_num,COUNTRY,PER,AMR,Americas,YEAR,2002,,,,,,,,,5100 [1900-9800],5100,1900,9800,,2025-11-11T16:20:50Z,2002,2002-01-01,2002-12-31
5602206,TB_e_inc_tbhiv_num,COUNTRY,DJI,EMR,Eastern Mediterranean,YEAR,2017,,,,,,,,,230 [170-300],230,170,300,,2025-11-11T16:20:50Z,2017,2017-01-01,2017-12-31
5605986,TB_e_inc_tbhiv_num,COUNTRY,TTO,AMR,Americas,YEAR,2005,,,,,,,,,92 [67-120],92,67,120,,2025-11-11T16:20:50Z,2005,2005-01-01,2005-12-31
5609843,TB_e_inc_tbhiv_num,COUNTRY,LBN,EMR,Eastern Mediterranean,YEAR,2022,,,,,,,,,2 [0-9],2,0,9,,2025-11-11T16:20:50Z,2022,2022-01-01,2022-12-31
5610214,TB_e_inc_tbhiv_num,COUNTRY,DEU,EUR,Europe,YEAR,2008,,,,,,,,,140 [78-230],140,78,230,,2025-11-11T16:20:50Z,2008,2008-01-01,2008-12-31
5611499,TB_e_inc_tbhiv_num,COUNTRY,SLV,AMR,Americas,YEAR,2013,,,,,,,,,280 [210-360],280,210,360,,2025-11-11T16:20:50Z,2013,2013-01-01,2013-12-31
5611688,TB_e_inc_tbhiv_num,COUNTRY,DEU,EUR,Europe,YEAR,2014,,,,,,,,,120 [64-190],120,64,190,,2025-11-11T16:20:50Z,2014,2014-01-01,2014-12-31
5612891,TB_e_inc_tbhiv_num,COUNTRY,KWT,EMR,Eastern Mediterranean,YEAR,2006,,,,,,,,,3 [0-9],3,0,9,,2025-11-11T16:20:50Z,2006,2006-01-01,2006-12-31
5615636,TB_e_inc_tbhiv_num,COUNTRY,ROU,EUR,Europe,YEAR,2003,,,,,,,,,620 [200-1300],620,200,1300,,2025-11-11T16:20:50Z,2003,2003-01-01,2003-12-31
5616659,TB_e_inc_tbhiv_num,COUNTRY,UKR,EUR,Europe,YEAR,2002,,,,,,,,,12 000 [4900-23 000],12000,4900,23000,,2025-11-11T16:20:50Z,2002,2002-01-01,2002-12-31
5616824,TB_e_inc_tbhiv_num,COUNTRY,GRC,EUR,Europe,YEAR,2014,,,,,,,,,20 [11-32],20,11,32,,2025-11-11T16:20:50Z,2014,2014-01-01,2014-12-31
5616937,TB_e_inc_tbhiv_num,REGION,SEAR,,,YEAR,2009,,,,,,,,,294 000 [86 000-628 000],294000,86000,628000,,2025-11-11T16:20:50Z,2009,2009-01-01,2009-12-31
5617566,TB_e_inc_tbhiv_num,COUNTRY,QAT,EMR,Eastern Mediterranean,YEAR,2003,,,,,,,,,0 [0-0],0,0,0,,2025-11-11T16:20:50Z,2003,2003-01-01,2003-12-31
5618487,TB_e_inc_tbhiv_num,COUNTRY,EGY,EMR,Eastern Mediterranean,YEAR,2000,,,,,,,,,22 [9-42],22,9,42,,2025-11-11T16:20:50Z,2000,2000-01-01,2000-12-31
5619150,TB_e_inc_tbhiv_num,COUNTRY,VUT,WPR,Western Pacific,YEAR,2015,,,,,,,,,88 [52-130],88,52,130,,2025-11-11T16:20:50Z,2015,2015-01-01,2015-12-31
5619187,TB_e_inc_tbhiv_num,REGION,WPR,,,YEAR,2023,,,,,,,,,51 000 [32 000-74 000],51000,32000,74000,,2025-11-11T16:20:50Z,2023,2023-01-01,2023-12-31
5619393,TB_e_inc_tbhiv_num,COUNTRY,MNG,WPR,Western Pacific,YEAR,2022,,,,,,,,,0 [0-0],0,0,0,,2025-11-11T16:20:50Z,2022,2022-01-01,2022-12-31
5623695,TB_e_inc_tbhiv_num,COUNTRY,ITA,EUR,Europe,YEAR,2014,,,,,,,,,210 [110-330],210,110,330,,2025-11-11T16:20:50Z,2014,2014-01-01,2014-12-31
5627312,TB_e_inc_tbhiv_num,COUNTRY,CPV,AFR,Africa,YEAR,2024,,,,,,,,,20 [10-32],20,10,32,,2025-11-11T16:20:50Z,2024,2024-01-01,2024-12-31
5628148,TB_e_inc_tbhiv_num,COUNTRY,MHL,WPR,Western Pacific,YEAR,2006,,,,,,,,,0 [0-0],0,0,0,,2025-11-11T16:20:50Z,2006,2006-01-01,2006-12-31
5629336,TB_e_inc_tbhiv_num,COUNTRY,CYP,EUR,Europe,YEAR,2022,,,,,,,,,5 [3-9],5,3,9,,2025-11-11T16:20:50Z,2022,2022-01-01,2022-12-31
5635330,TB_e_inc_tbhiv_num,COUNTRY,ITA,EUR,Europe,YEAR,2024,,,,,,,,,150 [84-250],150,84,250,,2025-11-11T16:20:50Z,2024,2024-01-01,2024-12-31
5638409,TB_e_inc_tbhiv_num,COUNTRY,UGA,AFR,Africa,YEAR,2017,,,,,,,,,32 000 [18 000-50 000],32000,18000,50000,,2025-11-11T16:20:50Z,2017,2017-01-01,2017-12-31
5639561,TB_e_inc_tbhiv_num,COUNTRY,SDN,EMR,Eastern Mediterranean,YEAR,2002,,,,,,,,,1600 [150-4600],1600,150,4600,,2025-11-11T16:20:50Z,2002,2002-01-01,2002-12-31
5641179,TB_e_inc_tbhiv_num,COUNTRY,SGP,WPR,Western Pacific,YEAR,2009,,,,,,,,,93 [67-120],93,67,120,,2025-11-11T16:20:50Z,2009,2009-01-01,2009-12-31
5641858,TB_e_inc_tbhiv_num,COUNTRY,KAZ,EUR,Europe,YEAR,2023,,,,,,,,,610 [450-790],610,450,790,,2025-11-11T16:20:50Z,2023,2023-01-01,2023-12-31
5645105,TB_e_inc_tbhiv_num,COUNTRY,CRI,AMR,Americas,YEAR,2005,,,,,,,,,110 [77-140],110,77,140,,2025-11-11T16:20:50Z,2005,2005-01-01,2005-12-31
5646631,TB_e_inc_tbhiv_num,COUNTRY,NLD,EUR,Europe,YEAR,2018,,,,,,,,,36 [23-51],36,23,51,,2025-11-11T16:20:50Z,2018,2018-01-01,2018-12-31
5649215,TB_e_inc_tbhiv_num,WORLDBANKINCOMEGROUP,WB_UMI,,,YEAR,2005,,,,,,,,,543 000 [233 000-982 000],543000,233000,982000,,2025-11-11T16:20:50Z,2005,2005-01-01,2005-12-31
5649274,TB_e_inc_tbhiv_num,COUNTRY,IRN,EMR,Eastern Mediterranean,YEAR,2016,,,,,,,,,810 [600-1100],810,600,1100,,2025-11-11T16:20:50Z,2016,2016-01-01,2016-12-31
5651430,TB_e_inc_tbhiv_num,COUNTRY,BDI,AFR,Africa,YEAR,2016,,,,,,,,,1600 [1100-2200],1600,1100,2200,,2025-11-11T16:20:50Z,2016,2016-01-01,2016-12-31
5651439,TB_e_inc_tbhiv_num,COUNTRY,PSE,EMR,Eastern Mediterranean,YEAR,2020,,,,,,,,,0 [0-0],0,0,0,,2025-11-11T16:20:50Z,2020,2020-01-01,2020-12-31
5652061,TB_e_inc_tbhiv_num,COUNTRY,TUR,EUR,Europe,YEAR,2022,,,,,,,,,200 [150-260],200,150,260,,2025-11-11T16:20:50Z,2022,2022-01-01,2022-12-31
5653710,TB_e_inc_tbhiv_num,COUNTRY,GUY,AMR,Americas,YEAR,2006,,,,,,,,,160 [120-210],160,120,210,,2025-11-11T16:20:50Z,2006,2006-01-01,2006-12-31
5655657,TB_e_inc_tbhiv_num,COUNTRY,SUR,AMR,Americas,YEAR,2019,,,,,,,,,51 [35-70],51,35,70,,2025-11-11T16:20:50Z,2019,2019-01-01,2019-12-31
5655906,TB_e_inc_tbhiv_num,COUNTRY,BOL,AMR,Americas,YEAR,2000,,,,,,,,,1600 [550-3200],1600,550,3200,,2025-11-11T16:20:50Z,2000,2000-01-01,2000-12-31
5658148,TB_e_inc_tbhiv_num,COUNTRY,BFA,AFR,Africa,YEAR,2011,,,,,,,,,2100 [910-3700],2100,910,3700,,2025-11-11T16:20:50Z,2011,2011-01-01,2011-12-31
5660869,TB_e_inc_tbhiv_num,COUNTRY,GRC,EUR,Europe,YEAR,2002,,,,,,,,,41 [23-65],41,23,65,,2025-11-11T16:20:50Z,2002,2002-01-01,2002-12-31
5661451,TB_e_inc_tbhiv_num,COUNTRY,BRN,WPR,Western Pacific,YEAR,2023,,,,,,,,,6 [2-14],6,2,14,,2025-11-11T16:20:50Z,2023,2023-01-01,2023-12-31
5662271,TB_e_inc_tbhiv_num,COUNTRY,ESP,EUR,Europe,YEAR,2019,,,,,,,,,320 [120-620],320,120,620,,2025-11-11T16:20:50Z,2019,2019-01-01,2019-12-31
5664450,TB_e_inc_tbhiv_num,COUNTRY,HTI,AMR,Americas,YEAR,2000,,,,,,,,,21 000 [12 000-33 000],21000,12000,33000,,2025-11-11T16:20:50Z,2000,2000-01-01,2000-12-31
5664895,TB_e_inc_tbhiv_num,COUNTRY,HTI,AMR,Americas,YEAR,2006,,,,,,,,,14 000 [6900-24 000],14000,6900,24000,,2025-11-11T16:20:50Z,2006,2006-01-01,2006-12-31
5666400,TB_e_inc_tbhiv_num,COUNTRY,IND,SEAR,South-East Asia,YEAR,2004,,,,,,,,,277 000 [48 000-701 000],277000,48000,701000,,2025-11-11T16:20:50Z,2004,2004-01-01,2004-12-31
5666978,TB_e_inc_tbhiv_num,COUNTRY,TUR,EUR,Europe,YEAR,2014,,,,,,,,,87 [61-120],87,61,120,,2025-11-11T16:20:50Z,2014,2014-01-01,2014-12-31
5670155,TB_e_inc_tbhiv_num,COUNTRY,MNE,EUR,Europe,YEAR,2006,,,,,,,,,2 [0-4],2,0,4,,2025-11-11T16:20:50Z,2006,2006-01-01,2006-12-31
5670913,TB_e_inc_tbhiv_num,COUNTRY,CPV,AFR,Africa,YEAR,2003,,,,,,,,,71 [25-140],71,25,140,,2025-11-11T16:20:50Z,2003,2003-01-01,2003-12-31
5672651,TB_e_inc_tbhiv_num,COUNTRY,PNG,WPR,Western Pacific,YEAR,2008,,,,,,,,,4600 [1700-8900],4600,1700,8900,,2025-11-11T16:20:50Z,2008,2008-01-01,2008-12-31
5673022,TB_e_inc_tbhiv_num,COUNTRY,HND,AMR,Americas,YEAR,2006,,,,,,,,,630 [250-1200],630,250,1200,,2025-11-11T16:20:50Z,2006,2006-01-01,2006-12-31
5673458,TB_e_inc_tbhiv_num,COUNTRY,BOL,AMR,Americas,YEAR,2009,,,,,,,,,750 [270-1500],750,270,1500,,2025-11-11T16:20:50Z,2009,2009-01-01,2009-12-31
5674395,TB_e_inc_tbhiv_num,COUNTRY,NIC,AMR,Americas,YEAR,2010,,,,,,,,,150 [53-310],150,53,310,,2025-11-11T16:20:50Z,2010,2010-01-01,2010-12-31
5674774,TB_e_inc_tbhiv_num,COUNTRY,FSM,WPR,Western Pacific,YEAR,2002,,,,,,,,,0 [0-0],0,0,0,,2025-11-11T16:20:50Z,2002,2002-01-01,2002-12-31
5675874,TB_e_inc_tbhiv_num,COUNTRY,PRY,AMR,Americas,YEAR,2017,,,,,,,,,300 [220-390],300,220,390,,2025-11-11T16:20:50Z,2017,2017-01-01,2017-12-31
5677581,TB_e_inc_tbhiv_num,COUNTRY,MDA,EUR,Europe,YEAR,2000,,,,,,,,,220 [83-430],220,83,430,,2025-11-11T16:20:50Z,2000,2000-01-01,2000-12-31
5678481,TB_e_inc_tbhiv_num,COUNTRY,LAO,WPR,Western Pacific,YEAR,2019,,,,,,,,,610 [370-910],610,370,910,,2025-11-11T16:20:50Z,2019,2019-01-01,2019-12-31
5686884,TB_e_inc_tbhiv_num,COUNTRY,MOZ,AFR,Africa,YEAR,2001,,,,,,,,,39 000 [22 000-62 000],39000,22000,62000,,2025-11-11T16:20:50Z,2001,2001-01-01,2001-12-31
5689530,TB_e_inc_tbhiv_num,COUNTRY,MDA,EUR,Europe,YEAR,2012,,,,,,,,,280 [210-370],280,210,370,,2025-11-11T16:20:50Z,2012,2012-01-01,2012-12-31
5690854,TB_e_inc_tbhiv_num,COUNTRY,TKM,EUR,Europe,YEAR,2013,,,,,,,,,1000 [550-1600],1000,550,1600,,2025-11-11T16:20:50Z,2013,2013-01-01,2013-12-31
5691175,TB_e_inc_tbhiv_num,COUNTRY,GNQ,AFR,Africa,YEAR,2014,,,,,,,,,1400 [590-2500],1400,590,2500,,2025-11-11T16:20:50Z,2014,2014-01-01,2014-12-31
5692227,TB_e_inc_tbhiv_num,COUNTRY,COM,AFR,Africa,YEAR,2019,,,,,,,,,1 [0-3],1,0,3,,2025-11-11T16:20:50Z,2019,2019-01-01,2019-12-31
5694579,TB_e_inc_tbhiv_num,COUNTRY,YEM,EMR,Eastern Mediterranean,YEAR,2013,,,,,,,,,110 [61-170],110,61,170,,2025-11-11T16:20:50Z,2013,2013-01-01,2013-12-31
5695441,TB_e_inc_tbhiv_num,COUNTRY,BRA,AMR,Americas,YEAR,2012,,,,,,,,,14 000 [10 000-18 000],14000,10000,18000,,2025-11-11T16:20:50Z,2012,2012-01-01,2012-12-31
5697820,TB_e_inc_tbhiv_num,COUNTRY,KIR,WPR,Western Pacific,YEAR,2020,,,,,,,,,0 [0-0],0,0,0,,2025-11-11T16:20:50Z,2020,2020-01-01,2020-12-31
5698336,TB_e_inc_tbhiv_num,COUNTRY,SWE,EUR,Europe,YEAR,2009,,,,,,,,,15 [8-25],15,8,25,,2025-11-11T16:20:50Z,2009,2009-01-01,2009-12-31
5701608,TB_e_inc_tbhiv_num,COUNTRY,TUR,EUR,Europe,YEAR,2015,,,,,,,,,110 [81-150],110,81,150,,2025-11-11T16:20:50Z,2015,2015-01-01,2015-12-31
5701799,TB_e_inc_tbhiv_num,COUNTRY,SVK,EUR,Europe,YEAR,2002,,,,,,,,,6 [2-12],6,2,12,,2025-11-11T16:20:50Z,2002,2002-01-01,2002-12-31
5702831,TB_e_inc_tbhiv_num,COUNTRY,SRB,EUR,Europe,YEAR,2006,,,,,,,,,9 [5-15],9,5,15,,2025-11-11T16:20:50Z,2006,2006-01-01,2006-12-31
5708900,TB_e_inc_tbhiv_num,COUNTRY,MEX,AMR,Americas,YEAR,2006,,,,,,,,,1600 [600-3200],1600,600,3200,,2025-11-11T16:20:50Z,2006,2006-01-01,2006-12-31
5708975,TB_e_inc_tbhiv_num,COUNTRY,LBN,EMR,Eastern Mediterranean,YEAR,2009,,,,,,,,,7 [2-13],7,2,13,,2025-11-11T16:20:50Z,2009,2009-01-01,2009-12-31
5708985,TB_e_inc_tbhiv_num,REGION,EMR,,,YEAR,2009,,,,,,,,,10 000 [2500-24 000],10000,2500,24000,,2025-11-11T16:20:50Z,2009,2009-01-01,2009-12-31
5713516,TB_e_inc_tbhiv_num,COUNTRY,VUT,WPR,Western Pacific,YEAR,2023,,,,,,,,,2 [0-8],2,0,8,,2025-11-11T16:20:50Z,2023,2023-01-01,2023-12-31
5716447,TB_e_inc_tbhiv_num,COUNTRY,CUB,AMR,Americas,YEAR,2017,,,,,,,,,120 [87-150],120,87,150,,2025-11-11T16:20:50Z,2017,2017-01-01,2017-12-31
5718581,TB_e_inc_tbhiv_num,COUNTRY,ZMB,AFR,Africa,YEAR,2017,,,,,,,,,37 000 [22 000-56 000],37000,22000,56000,,2025-11-11T16:20:50Z,2017,2017-01-01,2017-12-31
5724059,TB_e_inc_tbhiv_num,COUNTRY,TLS,SEAR,South-East Asia,YEAR,2009,,,,,,,,,94 [29-190],94,29,190,,2025-11-11T16:20:50Z,2009,2009-01-01,2009-12-31
5725614,TB_e_inc_tbhiv_num,COUNTRY,TGO,AFR,Africa,YEAR,2022,,,,,,,,,530 [190-1000],530,190,1000,,2025-11-11T16:20:50Z,2022,2022-01-01,2022-12-31
5725656,TB_e_inc_tbhiv_num,COUNTRY,SLV,AMR,Americas,YEAR,2016,,,,,,,,,270 [200-350],270,200,350,,2025-11-11T16:20:50Z,2016,2016-01-01,2016-12-31
5730006,TB_e_inc_tbhiv_num,COUNTRY,COL,AMR,Americas,YEAR,2010,,,,,,,,,1400 [520-2700],1400,520,2700,,2025-11-11T16:20:50Z,2010,2010-01-01,2010-12-31
5731263,TB_e_inc_tbhiv_num,COUNTRY,RWA,AFR,Africa,YEAR,2024,,,,,,,,,1100 [750-1600],1100,750,1600,,2025-11-11T16:20:50Z,2024,2024-01-01,2024-12-31
5732915,TB_e_inc_tbhiv_num,COUNTRY,JPN,WPR,Western Pacific,YEAR,2012,,,,,,,,,140 [50-290],140,50,290,,2025-11-11T16:20:50Z,2012,2012-01-01,2012-12-31
5733566,TB_e_inc_tbhiv_num,COUNTRY,VUT,WPR,Western Pacific,YEAR,2005,,,,,,,,,140 [100-180],140,100,180,,2025-11-11T16:20:50Z,2005,2005-01-01,2005-12-31
5734693,TB_e_inc_tbhiv_num,COUNTRY,BTN,SEAR,South-East Asia,YEAR,2012,,,,,,,,,130 [21-330],130,21,330,,2025-11-11T16:20:50Z,2012,2012-01-01,2012-12-31
5735570,TB_e_inc_tbhiv_num,COUNTRY,BEN,AFR,Africa,YEAR,2019,,,,,,,,,1000 [460-1900],1000,460,1900,,2025-11-11T16:20:50Z,2019,2019-01-01,2019-12-31
5736440,TB_e_inc_tbhiv_num,COUNTRY,VUT,WPR,Western Pacific,YEAR,2016,,,,,,,,,81 [47-130],81,47,130,,2025-11-11T16:20:50Z,2016,2016-01-01,2016-12-31
5742832,TB_e_inc_tbhiv_num,COUNTRY,TTO,AMR,Americas,YEAR,2016,,,,,,,,,59 [41-81],59,41,81,,2025-11-11T16:20:50Z,2016,2016-01-01,2016-12-31
5746715,TB_e_inc_tbhiv_num,COUNTRY,AFG,EMR,Eastern Mediterranean,YEAR,2012,,,,,,,,,16 [1-49],16,1,49,,2025-11-11T16:20:50Z,2012,2012-01-01,2012-12-31
5747233,TB_e_inc_tbhiv_num,COUNTRY,PRT,EUR,Europe,YEAR,2019,,,,,,,,,200 [150-260],200,150,260,,2025-11-11T16:20:50Z,2019,2019-01-01,2019-12-31
5748593,TB_e_inc_tbhiv_num,COUNTRY,BRN,WPR,Western Pacific,YEAR,2000,,,,,,,,,0 [0-1],0,0,1,,2025-11-11T16:20:50Z,2000,2000-01-01,2000-12-31
5756495,TB_e_inc_tbhiv_num,COUNTRY,ARM,EUR,Europe,YEAR,2013,,,,,,,,,110 [77-150],110,77,150,,2025-11-11T16:20:50Z,2013,2013-01-01,2013-12-31
5758744,TB_e_inc_tbhiv_num,COUNTRY,IND,SEAR,South-East Asia,YEAR,2001,,,,,,,,,395 000 [71 000-992 000],395000,71000,992000,,2025-11-11T16:20:50Z,2001,2001-01-01,2001-12-31
5759166,TB_e_inc_tbhiv_num,COUNTRY,CAF,AFR,Africa,YEAR,2022,,,,,,,,,5300 [2400-9400],5300,2400,9400,,2025-11-11T16:20:50Z,2022,2022-01-01,2022-12-31
5759255,TB_e_inc_tbhiv_num,COUNTRY,LKA,SEAR,South-East Asia,YEAR,2009,,,,,,,,,120 [38-240],120,38,240,,2025-11-11T16:20:50Z,2009,2009-01-01,2009-12-31
5761782,TB_e_inc_tbhiv_num,COUNTRY,GNB,AFR,Africa,YEAR,2003,,,,,,,,,1300 [720-2100],1300,720,2100,,2025-11-11T16:20:50Z,2003,2003-01-01,2003-12-31
5762162,TB_e_inc_tbhiv_num,COUNTRY,UKR,EUR,Europe,YEAR,2018,,,,,,,,,8500 [6300-11 000],8500,6300,11000,,2025-11-11T16:20:50Z,2018,2018-01-01,2018-12-31
5762249,TB_e_inc_tbhiv_num,COUNTRY,MDG,AFR,Africa,YEAR,2024,,,,,,,,,2700 [2000-3400],2700,2000,3400,,2025-11-11T16:20:50Z,2024,2024-01-01,2024-12-31
5765120,TB_e_inc_tbhiv_num,REGION,AMR,,,YEAR,2024,,,,,,,,,36 000 [32 000-40 000],36000,32000,40000,,2025-11-11T16:20:50Z,2024,2024-01-01,2024-12-31
5769259,TB_e_inc_tbhiv_num,COUNTRY,ARG,AMR,Americas,YEAR,2005,,,,,,,,,890 [500-1400],890,500,1400,,2025-11-11T16:20:50Z,2005,2005-01-01,2005-12-31
5770347,TB_e_inc_tbhiv_num,COUNTRY,PRT,EUR,Europe,YEAR,2020,,,,,,,,,160 [120-200],160,120,200,,2025-11-11T16:20:50Z,2020,2020-01-01,2020-12-31
5771434,TB_e_inc_tbhiv_num,COUNTRY,BIH,EUR,Europe,YEAR,2002,,,,,,,,,3 [1-4],3,1,4,,2025-11-11T16:20:50Z,2002,2002-01-01,2002-12-31
5773560,TB_e_inc_tbhiv_num,COUNTRY,BFA,AFR,Africa,YEAR,2015,,,,,,,,,1200 [520-2100],1200,520,2100,,2025-11-11T16:20:50Z,2015,2015-01-01,2015-12-31
5775595,TB_e_inc_tbhiv_num,COUNTRY,GHA,AFR,Africa,YEAR,2016,,,,,,,,,11 000 [4600-19 000],11000,4600,19000,,2025-11-11T16:20:50Z,2016,2016-01-01,2016-12-31
5778511,TB_e_inc_tbhiv_num,COUNTRY,CAF,AFR,Africa,YEAR,2002,,,,,,,,,14 000 [5700-27 000],14000,5700,27000,,2025-11-11T16:20:50Z,2002,2002-01-01,2002-12-31
5779977,TB_e_inc_tbhiv_num,COUNTRY,SVK,EUR,Europe,YEAR,2019,,,,,,,,,7 [2-15],7,2,15,,2025-11-11T16:20:50Z,2019,2019-01-01,2019-12-31
5788886,TB_e_inc_tbhiv_num,COUNTRY,UGA,AFR,Africa,YEAR,2016,,,,,,,,,34 000 [19 000-53 000],34000,19000,53000,,2025-11-11T16:20:50Z,2016,2016-01-01,2016-12-31
5790231,TB_e_inc_tbhiv_num,COUNTRY,NAM,AFR,Africa,YEAR,2003,,,,,,,,,17 000 [5800-33 000],17000,5800,33000,,2025-11-11T16:20:50Z,2003,2003-01-01,2003-12-31
5793380,TB_e_inc_tbhiv_num,COUNTRY,KHM,WPR,Western Pacific,YEAR,2016,,,,,,,,,1300 [870-1800],1300,870,1800,,2025-11-11T16:20:50Z,2016,2016-01-01,2016-12-31
5793966,TB_e_inc_tbhiv_num,COUNTRY,ZWE,AFR,Africa,YEAR,2024,,,,,,,,,20 000 [13 000-27 000],20000,13000,27000,,2025-11-11T16:20:50Z,2024,2024-01-01,2024-12-31
5795147,TB_e_inc_tbhiv_num,COUNTRY,BFA,AFR,Africa,YEAR,2002,,,,,,,,,3100 [990-6500],3100,990,6500,,2025-11-11T16:20:50Z,2002,2002-01-01,2002-12-31
5795395,TB_e_inc_tbhiv_num,COUNTRY,ISR,EUR,Europe,YEAR,2002,,,,,,,,,41 [26-60],41,26,60,,2025-11-11T16:20:50Z,2002,2002-01-01,2002-12-31
5796109,TB_e_inc_tbhiv_num,COUNTRY,MDG,AFR,Africa,YEAR,2020,,,,,,,,,1000 [770-1300],1000,770,1300,,2025-11-11T16:20:50Z,2020,2020-01-01,2020-12-31
5798129,TB_e_inc_tbhiv_num,COUNTRY,AGO,AFR,Africa,YEAR,2012,,,,,,,,,29 000 [13 000-49 000],29000,13000,49000,,2025-11-11T16:20:50Z,2012,2012-01-01,2012-12-31
5799731,TB_e_inc_tbhiv_num,COUNTRY,NOR,EUR,Europe,YEAR,2001,,,,,,,,,18 [7-35],18,7,35,,2025-11-11T16:20:50Z,2001,2001-01-01,2001-12-31
5802155,TB_e_inc_tbhiv_num,COUNTRY,CIV,AFR,Africa,YEAR,2018,,,,,,,,,7200 [5100-9700],7200,5100,9700,,2025-11-11T16:20:50Z,2018,2018-01-01,2018-12-31
5802952,TB_e_inc_tbhiv_num,COUNTRY,MNG,WPR,Western Pacific,YEAR,2008,,,,,,,,,17 [8-29],17,8,29,,2025-11-11T16:20:50Z,2008,2008-01-01,2008-12-31
5805802,TB_e_inc_tbhiv_num,COUNTRY,GTM,AMR,Americas,YEAR,2001,,,,,,,,,200 [73-390],200,73,390,,2025-11-11T16:20:50Z,2001,2001-01-01,2001-12-31
5805818,TB_e_inc_tbhiv_num,COUNTRY,SGP,WPR,Western Pacific,YEAR,2011,,,,,,,,,94 [68-120],94,68,120,,2025-11-11T16:20:50Z,2011,2011-01-01,2011-12-31
5805957,TB_e_inc_tbhiv_num,COUNTRY,KIR,WPR,Western Pacific,YEAR,2002,,,,,,,,,8 [6-11],8,6,11,,2025-11-11T16:20:50Z,2002,2002-01-01,2002-12-31
5808201,TB_e_inc_tbhiv_num,COUNTRY,GHA,AFR,Africa,YEAR,2002,,,,,,,,,14 000 [3100-32 000],14000,3100,32000,,2025-11-11T16:20:50Z,2002,2002-01-01,2002-12-31
5809092,TB_e_inc_tbhiv_num,COUNTRY,GIN,AFR,Africa,YEAR,2019,,,,,,,,,5400 [4100-7000],5400,4100,7000,,2025-11-11T16:20:50Z,2019,2019-01-01,2019-12-31
5809515,TB_e_inc_tbhiv_num,COUNTRY,TKM,EUR,Europe,YEAR,2005,,,,,,,,,520 [260-870],520,260,870,,2025-11-11T16:20:50Z,2005,2005-01-01,2005-12-31
5810261,TB_e_inc_tbhiv_num,COUNTRY,NAM,AFR,Africa,YEAR,2010,,,,,,,,,10 000 [5100-17 000],10000,5100,17000,,2025-11-11T16:20:50Z,2010,2010-01-01,2010-12-31
5814216,TB_e_inc_tbhiv_num,COUNTRY,PRI,AMR,Americas,YEAR,2000,,,,,,,,,130 [89-170],130,89,170,,2025-11-11T16:20:50Z,2000,2000-01-01,2000-12-31
5814916,TB_e_inc_tbhiv_num,COUNTRY,OMN,EMR,Eastern Mediterranean,YEAR,2022,,,,,,,,,10 [4-20],10,4,20,,2025-11-11T16:20:50Z,2022,2022-01-01,2022-12-31
5816864,TB_e_inc_tbhiv_num,COUNTRY,BEN,AFR,Africa,YEAR,2001,,,,,,,,,1400 [490-2600],1400,490,2600,,2025-11-11T16:20:50Z,2001,2001-01-01,2001-12-31
5818988,TB_e_inc_tbhiv_num,COUNTRY,MKD,EUR,Europe,YEAR,2010,,,,,,,,,2 [1-3],2,1,3,,2025-11-11T16:20:50Z,2010,2010-01-01,2010-12-31
5819395,TB_e_inc_tbhiv_num,COUNTRY,BEN,AFR,Africa,YEAR,2017,,,,,,,,,1000 [510-1700],1000,510,1700,,2025-11-11T16:20:50Z,2017,2017-01-01,2017-12-31
5823768,TB_e_inc_tbhiv_num,COUNTRY,PAN,AMR,Americas,YEAR,2003,,,,,,,,,280 [110-530],280,110,530,,2025-11-11T16:20:50Z,2003,2003-01-01,2003-12-31
5825364,TB_e_inc_tbhiv_num,COUNTRY,THA,SEAR,South-East Asia,YEAR,2018,,,,,,,,,11 000 [7700-15 000],11000,7700,15000,,2025-11-11T16:20:50Z,2018,2018-01-01,2018-12-31
5826985,TB_e_inc_tbhiv_num,REGION,AFR,,,YEAR,2005,,,,,,,,,1 240 000 [838 000-1 710 000],1240000,838000,1710000,,2025-11-11T16:20:50Z,2005,2005-01-01,2005-12-31
5830985,TB_e_inc_tbhiv_num,COUNTRY,ITA,EUR,Europe,YEAR,2010,,,,,,,,,370 [200-580],370,200,580,,2025-11-11T16:20:50Z,2010,2010-01-01,2010-12-31
5831536,TB_e_inc_tbhiv_num,COUNTRY,TCD,AFR,Africa,YEAR,2001,,,,,,,,,3200 [1400-5600],3200,1400,5600,,2025-11-11T16:20:50Z,2001,2001-01-01,2001-12-31
5832796,TB_e_inc_tbhiv_num,COUNTRY,CAN,AMR,Americas,YEAR,2004,,,,,,,,,190 [71-350],190,71,350,,2025-11-11T16:20:50Z,2004,2004-01-01,2004-12-31
5832906,TB_e_inc_tbhiv_num,COUNTRY,MAR,EMR,Eastern Mediterranean,YEAR,2016,,,,,,,,,490 [180-970],490,180,970,,2025-11-11T16:20:50Z,2016,2016-01-01,2016-12-31
5833865,TB_e_inc_tbhiv_num,WORLDBANKINCOMEGROUP,WB_LMI,,,YEAR,2011,,,,,,,,,732 000 [507 000-996 000],732000,507000,996000,,2025-11-11T16:20:50Z,2011,2011-01-01,2011-12-31
5835334,TB_e_inc_tbhiv_num,COUNTRY,COL,AMR,Americas,YEAR,2004,,,,,,,,,1400 [510-2700],1400,510,2700,,2025-11-11T16:20:50Z,2004,2004-01-01,2004-12-31
5845254,TB_e_inc_tbhiv_num,COUNTRY,IDN,WPR,Western Pacific,YEAR,2020,,,,,,,,,19 000 [8300-34 000],19000,8300,34000,,2025-11-11T16:20:50Z,2020,2020-01-01,2020-12-31
5847002,TB_e_inc_tbhiv_num,COUNTRY,PAN,AMR,Americas,YEAR,2024,,,,,,,,,490 [370-640],490,370,640,,2025-11-11T16:20:50Z,2024,2024-01-01,2024-12-31
5848154,TB_e_inc_tbhiv_num,COUNTRY,BEL,EUR,Europe,YEAR,2008,,,,,,,,,71 [49-95],71,49,95,,2025-11-11T16:20:50Z,2008,2008-01-01,2008-12-31
5850489,TB_e_inc_tbhiv_num,WORLDBANKINCOMEGROUP,WB_HI,,,YEAR,2020,,,,,,,,,21 000 [14 000-29 000],21000,14000,29000,,2025-11-11T16:20:50Z,2020,2020-01-01,2020-12-31
5850931,TB_e_inc_tbhiv_num,COUNTRY,NGA,AFR,Africa,YEAR,2021,,,,,,,,,28 000 [17 000-42 000],28000,17000,42000,,2025-11-11T16:20:50Z,2021,2021-01-01,2021-12-31
5851149,TB_e_inc_tbhiv_num,COUNTRY,TZA,AFR,Africa,YEAR,2016,,,,,,,,,53 000 [20 000-102 000],53000,20000,102000,,2025-11-11T16:20:50Z,2016,2016-01-01,2016-12-31
5852437,TB_e_inc_tbhiv_num,COUNTRY,HUN,EUR,Europe,YEAR,2000,,,,,,,,,61 [32-98],61,32,98,,2025-11-11T16:20:50Z,2000,2000-01-01,2000-12-31
5853855,TB_e_inc_tbhiv_num,COUNTRY,IDN,WPR,Western Pacific,YEAR,2008,,,,,,,,,21 000 [9000-37 000],21000,9000,37000,,2025-11-11T16:20:50Z,2008,2008-01-01,2008-12-31
5855731,TB_e_inc_tbhiv_num,COUNTRY,EST,EUR,Europe,YEAR,2002,,,,,,,,,160 [64-290],160,64,290,,2025-11-11T16:20:50Z,2002,2002-01-01,2002-12-31
5858448,TB_e_inc_tbhiv_num,COUNTRY,LKA,SEAR,South-East Asia,YEAR,2010,,,,,,,,,180 [120-270],180,120,270,,2025-11-11T16:20:50Z,2010,2010-01-01,2010-12-31
5860968,TB_e_inc_tbhiv_num,COUNTRY,IRN,EMR,Eastern Mediterranean,YEAR,2000,,,,,,,,,320 [39-880],320,39,880,,2025-11-11T16:20:50Z,2000,2000-01-01,2000-12-31
5861665,TB_e_inc_tbhiv_num,COUNTRY,BEL,EUR,Europe,YEAR,2004,,,,,,,,,100 [74-130],100,74,130,,2025-11-11T16:20:50Z,2004,2004-01-01,2004-12-31
5863148,TB_e_inc_tbhiv_num,COUNTRY,BTN,SEAR,South-East Asia,YEAR,2006,,,,,,,,,130 [22-330],130,22,330,,2025-11-11T16:20:50Z,2006,2006-01-01,2006-12-31
5867100,TB_e_inc_tbhiv_num,COUNTRY,COM,AFR,Africa,YEAR,2016,,,,,,,,,1 [0-3],1,0,3,,2025-11-11T16:20:50Z,2016,2016-01-01,2016-12-31
5869755,TB_e_inc_tbhiv_num,COUNTRY,SDN,EMR,Eastern Mediterranean,YEAR,2009,,,,,,,,,1600 [240-4400],1600,240,4400,,2025-11-11T16:20:50Z,2009,2009-01-01,2009-12-31
5870077,TB_e_inc_tbhiv_num,COUNTRY,THA,SEAR,South-East Asia,YEAR,2006,,,,,,,,,24 000 [8700-48 000],24000,8700,48000,,2025-11-11T16:20:50Z,2006,2006-01-01,2006-12-31
5871959,TB_e_inc_tbhiv_num,REGION,EMR,,,YEAR,2000,,,,,,,,,14 000 [9000-21 000],14000,9000,21000,,2025-11-11T16:20:50Z,2000,2000-01-01,2000-12-31
5873320,TB_e_inc_tbhiv_num,COUNTRY,CIV,AFR,Africa,YEAR,2008,,,,,,,,,14 000 [11 000-17 000],14000,11000,17000,,2025-11-11T16:20:50Z,2008,2008-01-01,2008-12-31
5879837,TB_e_inc_tbhiv_num,COUNTRY,GNQ,AFR,Africa,YEAR,2006,,,,,,,,,1300 [450-2500],1300,450,2500,,2025-11-11T16:20:50Z,2006,2006-01-01,2006-12-31
5880990,TB_e_inc_tbhiv_num,COUNTRY,KIR,WPR,Western Pacific,YEAR,2016,,,,,,,,,0 [0-0],0,0,0,,2025-11-11T16:20:50Z,2016,2016-01-01,2016-12-31
5891965,TB_e_inc_tbhiv_num,COUNTRY,BDI,AFR,Africa,YEAR,2017,,,,,,,,,1500 [1000-2000],1500,1000,2000,,2025-11-11T16:20:50Z,2017,2017-01-01,2017-12-31
5898232,TB_e_inc_tbhiv_num,COUNTRY,SRB,EUR,Europe,YEAR,2012,,,,,,,,,9 [5-15],9,5,15,,2025-11-11T16:20:50Z,2012,2012-01-01,2012-12-31
5898506,TB_e_inc_tbhiv_num,COUNTRY,BGR,EUR,Europe,YEAR,2000,,,,,,,,,4 [1-8],4,1,8,,2025-11-11T16:20:50Z,2000,2000-01-01,2000-12-31
5903844,TB_e_inc_tbhiv_num,COUNTRY,SLV,AMR,Americas,YEAR,2005,,,,,,,,,360 [270-470],360,270,470,,2025-11-11T16:20:50Z,2005,2005-01-01,2005-12-31
5907855,TB_e_inc_tbhiv_num,COUNTRY,CHN,WPR,Western Pacific,YEAR,2004,,,,,,,,,18 000 [5600-39 000],18000,5600,39000,,2025-11-11T16:20:50Z,2004,2004-01-01,2004-12-31
5913718,TB_e_inc_tbhiv_num,COUNTRY,COM,AFR,Africa,YEAR,2022,,,,,,,,,5 [0-20],5,0,20,,2025-11-11T16:20:50Z,2022,2022-01-01,2022-12-31
5913760,TB_e_inc_tbhiv_num,COUNTRY,COG,AFR,Africa,YEAR,2000,,,,,,,,,10 000 [8100-13 000],10000,8100,13000,,2025-11-11T16:20:50Z,2000,2000-01-01,2000-12-31
5914067,TB_e_inc_tbhiv_num,REGION,AFR,,,YEAR,2008,,,,,,,,,1 240 000 [899 000-1 630 000],1240000,899000,1630000,,2025-11-11T16:20:50Z,2008,2008-01-01,2008-12-31
5918309,TB_e_inc_tbhiv_num,WORLDBANKINCOMEGROUP,WB_LI,,,YEAR,2006,,,,,,,,,247 000 [162 000-350 000],247000,162000,350000,,2025-11-11T16:20:50Z,2006,2006-01-01,2006-12-31
5926935,TB_e_inc_tbhiv_num,COUNTRY,BRN,WPR,Western Pacific,YEAR,2011,,,,,,,,,4 [1-12],4,1,12,,2025-11-11T16:20:50Z,2011,2011-01-01,2011-12-31
5930245,TB_e_inc_tbhiv_num,COUNTRY,OMN,EMR,Eastern Mediterranean,YEAR,2017,,,,,,,,,4 [1-12],4,1,12,,2025-11-11T16:20:50Z,2017,2017-01-01,2017-12-31
5937662,TB_e_inc_tbhiv_num,COUNTRY,COG,AFR,Africa,YEAR,2011,,,,,,,,,7700 [5500-10 000],7700,5500,10000,,2025-11-11T16:20:50Z,2011,2011-01-01,2011-12-31
5943442,TB_e_inc_tbhiv_num,COUNTRY,UZB,EUR,Europe,YEAR,2005,,,,,,,,,170 [120-230],170,120,230,,2025-11-11T16:20:50Z,2005,2005-01-01,2005-12-31
5945227,TB_e_inc_tbhiv_num,COUNTRY,DJI,EMR,Eastern Mediterranean,YEAR,2004,,,,,,,,,4200 [2000-7100],4200,2000,7100,,2025-11-11T16:20:50Z,2004,2004-01-01,2004-12-31
5947819,TB_e_inc_tbhiv_num,COUNTRY,SVK,EUR,Europe,YEAR,2015,,,,,,,,,1 [0-2],1,0,2,,2025-11-11T16:20:50Z,2015,2015-01-01,2015-12-31
5954485,TB_e_inc_tbhiv_num,COUNTRY,GHA,AFR,Africa,YEAR,2000,,,,,,,,,17 000 [3800-40 000],17000,3800,40000,,2025-11-11T16:20:50Z,2000,2000-01-01,2000-12-31
5956343,TB_e_inc_tbhiv_num,COUNTRY,AGO,AFR,Africa,YEAR,2020,,,,,,,,,15 000 [8800-22 000],15000,8800,22000,,2025-11-11T16:20:50Z,2020,2020-01-01,2020-12-31
5963319,TB_e_inc_tbhiv_num,COUNTRY,MAR,EMR,Eastern Mediterranean,YEAR,2000,,,,,,,,,550 [190-1100],550,190,1100,,2025-11-11T16:20:50Z,2000,2000-01-01,2000-12-31
5967843,TB_e_inc_tbhiv_num,COUNTRY,SVK,EUR,Europe,YEAR,2012,,,,,,,,,0 [0-0],0,0,0,,2025-11-11T16:20:50Z,2012,2012-01-01,2012-12-31
5970147,TB_e_inc_tbhiv_num,COUNTRY,DNK,EUR,Europe,YEAR,2022,,,,,,,,,7 [2-15],7,2,15,,2025-11-11T16:20:50Z,2022,2022-01-01,2022-12-31
5970319,TB_e_inc_tbhiv_num,COUNTRY,MEX,AMR,Americas,YEAR,2004,,,,,,,,,1300 [460-2400],1300,460,2400,,2025-11-11T16:20:50Z,2004,2004-01-01,2004-12-31
5971478,TB_e_inc_tbhiv_num,COUNTRY,BDI,AFR,Africa,YEAR,2021,,,,,,,,,710 [430-1000],710,430,1000,,2025-11-11T16:20:50Z,2021,2021-01-01,2021-12-31
5971946,TB_e_inc_tbhiv_num,COUNTRY,LBR,AFR,Africa,YEAR,2014,,,,,,,,,2600 [1100-4600],2600,1100,4600,,2025-11-11T16:20:50Z,2014,2014-01-01,2014-12-31
5975471,TB_e_inc_tbhiv_num,COUNTRY,COM,AFR,Africa,YEAR,2015,,,,,,,,,1 [0-4],1,0,4,,2025-11-11T16:20:50Z,2015,2015-01-01,2015-12-31
5987204,TB_e_inc_tbhiv_num,REGION,WPR,,,YEAR,2010,,,,,,,,,75 000 [49 000-106 000],75000,49000,106000,,2025-11-11T16:20:50Z,2010,2010-01-01,2010-12-31
5990110,TB_e_inc_tbhiv_num,COUNTRY,ARE,EMR,Eastern Mediterranean,YEAR,2014,,,,,,,,,4 [1-12],4,1,12,,2025-11-11T16:20:50Z,2014,2014-01-01,2014-12-31
5990672,TB_e_inc_tbhiv_num,COUNTRY,GRC,EUR,Europe,YEAR,2018,,,,,,,,,18 [10-29],18,10,29,,2025-11-11T16:20:50Z,2018,2018-01-01,2018-12-31
5993772,TB_e_inc_tbhiv_num,COUNTRY,GAB,AFR,Africa,YEAR,2024,,,,,,,,,2800 [1400-4700],2800,1400,4700,,2025-11-11T16:20:50Z,2024,2024-01-01,2024-12-31
5993815,TB_e_inc_tbhiv_num,COUNTRY,BTN,SEAR,South-East Asia,YEAR,2023,,,,,,,,,10 [3-21],10,3,21,,2025-11-11T16:20:50Z,2023,2023-01-01,2023-12-31
5997192,TB_e_inc_tbhiv_num,COUNTRY,LBY,EMR,Eastern Mediterranean,YEAR,2014,,,,,,,,,100 [25-230],100,25,230,,2025-11-11T16:20:50Z,2014,2014-01-01,2014-12-31
6001175,TB_e_inc_tbhiv_num,COUNTRY,KGZ,EUR,Europe,YEAR,2017,,,,,,,,,350 [260-460],350,260,460,,2025-11-11T16:20:50Z,2017,2017-01-01,2017-12-31
6002105,TB_e_inc_tbhiv_num,COUNTRY,DNK,EUR,Europe,YEAR,2007,,,,,,,,,17 [6-33],17,6,33,,2025-11-11T16:20:50Z,2007,2007-01-01,2007-12-31
6014843,TB_e_inc_tbhiv_num,COUNTRY,BRA,AMR,Americas,YEAR,2002,,,,,,,,,6100 [1900-13 000],6100,1900,13000,,2025-11-11T16:20:50Z,2002,2002-01-01,2002-12-31
6016586,TB_e_inc_tbhiv_num,COUNTRY,COM,AFR,Africa,YEAR,2013,,,,,,,,,1 [0-4],1,0,4,,2025-11-11T16:20:50Z,2013,2013-01-01,2013-12-31
6017108,TB_e_inc_tbhiv_num,COUNTRY,ZAF,AFR,Africa,YEAR,2016,,,,,,,,,274 000 [159 000-419 000],274000,159000,419000,,2025-11-11T16:20:50Z,2016,2016-01-01,2016-12-31
6018558,TB_e_inc_tbhiv_num,COUNTRY,SLE,AFR,Africa,YEAR,2002,,,,,,,,,7100 [2100-15 000],7100,2100,15000,,2025-11-11T16:20:50Z,2002,2002-01-01,2002-12-31
6019069,TB_e_inc_tbhiv_num,COUNTRY,BFA,AFR,Africa,YEAR,2019,,,,,,,,,1100 [480-2000],1100,480,2000,,2025-11-11T16:20:50Z,2019,2019-01-01,2019-12-31
6020101,TB_e_inc_tbhiv_num,COUNTRY,MNE,EUR,Europe,YEAR,2010,,,,,,,,,2 [0-8],2,0,8,,2025-11-11T16:20:50Z,2010,2010-01-01,2010-12-31
6026086,TB_e_inc_tbhiv_num,COUNTRY,ARM,EUR,Europe,YEAR,2000,,,,,,,,,58 [9-150],58,9,150,,2025-11-11T16:20:50Z,2000,2000-01-01,2000-12-31
6028560,TB_e_inc_tbhiv_num,COUNTRY,BIH,EUR,Europe,YEAR,2013,,,,,,,,,3 [2-6],3,2,6,,2025-11-11T16:20:50Z,2013,2013-01-01,2013-12-31
6030623,TB_e_inc_tbhiv_num,COUNTRY,STP,AFR,Africa,YEAR,2011,,,,,,,,,31 [16-51],31,16,51,,2025-11-11T16:20:50Z,2011,2011-01-01,2011-12-31
6030919,TB_e_inc_tbhiv_num,COUNTRY,USA,AMR,Americas,YEAR,2006,,,,,,,,,2100 [850-4000],2100,850,4000,,2025-11-11T16:20:50Z,2006,2006-01-01,2006-12-31
6038696,TB_e_inc_tbhiv_num,COUNTRY,PNG,WPR,Western Pacific,YEAR,2000,,,,,,,,,4500 [1600-9000],4500,1600,9000,,2025-11-11T16:20:50Z,2000,2000-01-01,2000-12-31
6039703,TB_e_inc_tbhiv_num,COUNTRY,PSE,EMR,Eastern Mediterranean,YEAR,2016,,,,,,,,,0 [0-0],0,0,0,,2025-11-11T16:20:50Z,2016,2016-01-01,2016-12-31
6040440,TB_e_inc_tbhiv_num,COUNTRY,STP,AFR,Africa,YEAR,2017,,,,,,,,,38 [23-58],38,23,58,,2025-11-11T16:20:50Z,2017,2017-01-01,2017-12-31
6044184,TB_e_inc_tbhiv_num,COUNTRY,IRL,EUR,Europe,YEAR,2010,,,,,,,,,18 [10-29],18,10,29,,2025-11-11T16:20:50Z,2010,2010-01-01,2010-12-31
6047004,TB_e_inc_tbhiv_num,COUNTRY,SWE,EUR,Europe,YEAR,2000,,,,,,,,,24 [13-38],24,13,38,,2025-11-11T16:20:50Z,2000,2000-01-01,2000-12-31
6048128,TB_e_inc_tbhiv_num,COUNTRY,CYP,EUR,Europe,YEAR,2017,,,,,,,,,0 [0-0],0,0,0,,2025-11-11T16:20:50Z,2017,2017-01-01,2017-12-31
6055125,TB_e_inc_tbhiv_num,COUNTRY,HKG,,,YEAR,2014,,,,,,,,,53 [40-69],53,40,69,,2025-11-11T16:20:50Z,2014,2014-01-01,2014-12-31
6058756,TB_e_inc_tbhiv_num,COUNTRY,AUT,EUR,Europe,YEAR,2001,,,,,,,,,81 [44-130],81,44,130,,2025-11-11T16:20:50Z,2001,2001-01-01,2001-12-31
6062885,TB_e_inc_tbhiv_num,COUNTRY,NIC,AMR,Americas,YEAR,2005,,,,,,,,,130 [41-260],130,41,260,,2025-11-11T16:20:50Z,2005,2005-01-01,2005-12-31
6064505,TB_e_inc_tbhiv_num,COUNTRY,BFA,AFR,Africa,YEAR,2023,,,,,,,,,870 [380-1600],870,380,1600,,2025-11-11T16:20:50Z,2023,2023-01-01,2023-12-31
6065000,TB_e_inc_tbhiv_num,COUNTRY,PHL,WPR,Western Pacific,YEAR,2000,,,,,,,,,3700 [1600-6600],3700,1600,6600,,2025-11-11T16:20:50Z,2000,2000-01-01,2000-12-31
6068189,TB_e_inc_tbhiv_num,COUNTRY,JOR,EMR,Eastern Mediterranean,YEAR,2014,,,,,,,,,0 [0-0],0,0,0,,2025-11-11T16:20:50Z,2014,2014-01-01,2014-12-31
6069832,TB_e_inc_tbhiv_num,COUNTRY,GMB,AFR,Africa,YEAR,2004,,,,,,,,,710 [300-1300],710,300,1300,,2025-11-11T16:20:50Z,2004,2004-01-01,2004-12-31
6071150,TB_e_inc_tbhiv_num,COUNTRY,QAT,EMR,Eastern Mediterranean,YEAR,2006,,,,,,,,,0 [0-0],0,0,0,,2025-11-11T16:20:50Z,2006,2006-01-01,2006-12-31
6072971,TB_e_inc_tbhiv_num,COUNTRY,MLI,AFR,Africa,YEAR,2004,,,,,,,,,2100 [790-4100],2100,790,4100,,2025-11-11T16:20:50Z,2004,2004-01-01,2004-12-31
6073536,TB_e_inc_tbhiv_num,COUNTRY,CHE,EUR,Europe,YEAR,2023,,,,,,,,,22 [12-35],22,12,35,,2025-11-11T16:20:50Z,2023,2023-01-01,2023-12-31
6076446,TB_e_inc_tbhiv_num,COUNTRY,GUY,AMR,Americas,YEAR,2012,,,,,,,,,340 [250-440],340,250,440,,2025-11-11T16:20:50Z,2012,2012-01-01,2012-12-31
6078641,TB_e_inc_tbhiv_num,COUNTRY,GNQ,AFR,Africa,YEAR,2016,,,,,,,,,1800 [660-3500],1800,660,3500,,2025-11-11T16:20:50Z,2016,2016-01-01,2016-12-31
6079242,TB_e_inc_tbhiv_num,COUNTRY,NIC,AMR,Americas,YEAR,2019,,,,,,,,,150 [110-200],150,110,200,,2025-11-11T16:20:50Z,2019,2019-01-01,2019-12-31
6080878,TB_e_inc_tbhiv_num,COUNTRY,VUT,WPR,Western Pacific,YEAR,2000,,,,,,,,,250 [190-310],250,190,310,,2025-11-11T16:20:50Z,2000,2000-01-01,2000-12-31
6081275,TB_e_inc_tbhiv_num,COUNTRY,SAU,EMR,Eastern Mediterranean,YEAR,2014,,,,,,,,,19 [7-37],19,7,37,,2025-11-11T16:20:50Z,2014,2014-01-01,2014-12-31
6082404,TB_e_inc_tbhiv_num,REGION,WPR,,,YEAR,2021,,,,,,,,,49 000 [32 000-70 000],49000,32000,70000,,2025-11-11T16:20:50Z,2021,2021-01-01,2021-12-31
6083375,TB_e_inc_tbhiv_num,COUNTRY,POL,EUR,Europe,YEAR,2007,,,,,,,,,140 [77-230],140,77,230,,2025-11-11T16:20:50Z,2007,2007-01-01,2007-12-31
6083473,TB_e_inc_tbhiv_num,GLOBAL,GLOBAL,,,YEAR,2000,,,,,,,,,1 940 000 [1 370 000-2 620 000],1940000,1370000,2620000,,2025-11-11T16:20:50Z,2000,2000-01-01,2000-12-31
6084277,TB_e_inc_tbhiv_num,COUNTRY,MHL,WPR,Western Pacific,YEAR,2024,,,,,,,,,0 [0-0],0,0,0,,2025-11-11T16:20:50Z,2024,2024-01-01,2024-12-31
6084329,TB_e_inc_tbhiv_num,COUNTRY,ZWE,AFR,Africa,YEAR,2011,,,,,,,,,39 000 [19 000-65 000],39000,19000,65000,,2025-11-11T16:20:50Z,2011,2011-01-01,2011-12-31
6085738,TB_e_inc_tbhiv_num,COUNTRY,NPL,SEAR,South-East Asia,YEAR,2013,,,,,,,,,2500 [720-5200],2500,720,5200,,2025-11-11T16:20:50Z,2013,2013-01-01,2013-12-31
6085933,TB_e_inc_tbhiv_num,COUNTRY,AGO,AFR,Africa,YEAR,2021,,,,,,,,,16 000 [9600-24 000],16000,9600,24000,,2025-11-11T16:20:50Z,2021,2021-01-01,2021-12-31
6086134,TB_e_inc_tbhiv_num,COUNTRY,HKG,,,YEAR,2002,,,,,,,,,120 [81-170],120,81,170,,2025-11-11T16:20:50Z,2002,2002-01-01,2002-12-31
6088373,TB_e_inc_tbhiv_num,COUNTRY,BDI,AFR,Africa,YEAR,2019,,,,,,,,,1000 [690-1500],1000,690,1500,,2025-11-11T16:20:50Z,2019,2019-01-01,2019-12-31
6088595,TB_e_inc_tbhiv_num,COUNTRY,EST,EUR,Europe,YEAR,2005,,,,,,,,,58 [37-84],58,37,84,,2025-11-11T16:20:50Z,2005,2005-01-01,2005-12-31
6096352,TB_e_inc_tbhiv_num,COUNTRY,PRY,AMR,Americas,YEAR,2005,,,,,,,,,280 [94-560],280,94,560,,2025-11-11T16:20:50Z,2005,2005-01-01,2005-12-31
6097401,TB_e_inc_tbhiv_num,COUNTRY,COG,AFR,Africa,YEAR,2019,,,,,,,,,5200 [3200-7700],5200,3200,7700,,2025-11-11T16:20:50Z,2019,2019-01-01,2019-12-31
6100459,TB_e_inc_tbhiv_num,COUNTRY,PAN,AMR,Americas,YEAR,2009,,,,,,,,,320 [230-410],320,230,410,,2025-11-11T16:20:50Z,2009,2009-01-01,2009-12-31
6103243,TB_e_inc_tbhiv_num,COUNTRY,IRL,EUR,Europe,YEAR,2015,,,,,,,,,11 [6-18],11,6,18,,2025-11-11T16:20:50Z,2015,2015-01-01,2015-12-31
6108301,TB_e_inc_tbhiv_num,COUNTRY,JPN,WPR,Western Pacific,YEAR,2024,,,,,,,,,64 [22-130],64,22,130,,2025-11-11T16:20:50Z,2024,2024-01-01,2024-12-31
6112044,TB_e_inc_tbhiv_num,COUNTRY,BRN,WPR,Western Pacific,YEAR,2012,,,,,,,,,3 [0-10],3,0,10,,2025-11-11T16:20:50Z,2012,2012-01-01,2012-12-31
6113158,TB_e_inc_tbhiv_num,COUNTRY,AFG,EMR,Eastern Mediterranean,YEAR,2010,,,,,,,,,15 [1-44],15,1,44,,2025-11-11T16:20:50Z,2010,2010-01-01,2010-12-31
6113251,TB_e_inc_tbhiv_num,COUNTRY,STP,AFR,Africa,YEAR,2005,,,,,,,,,14 [4-32],14,4,32,,2025-11-11T16:20:50Z,2005,2005-01-01,2005-12-31
6118043,TB_e_inc_tbhiv_num,COUNTRY,TUN,EMR,Eastern Mediterranean,YEAR,2022,,,,,,,,,35 [12-69],35,12,69,,2025-11-11T16:20:50Z,2022,2022-01-01,2022-12-31
6125765,TB_e_inc_tbhiv_num,COUNTRY,SAU,EMR,Eastern Mediterranean,YEAR,2008,,,,,,,,,26 [10-51],26,10,51,,2025-11-11T16:20:50Z,2008,2008-01-01,2008-12-31
6127198,TB_e_inc_tbhiv_num,COUNTRY,BLR,EUR,Europe,YEAR,2024,,,,,,,,,100 [74-130],100,74,130,,2025-11-11T16:20:50Z,2024,2024-01-01,2024-12-31
6128339,TB_e_inc_tbhiv_num,COUNTRY,TCD,AFR,Africa,YEAR,2009,,,,,,,,,4100 [1800-7400],4100,1800,7400,,2025-11-11T16:20:50Z,2009,2009-01-01,2009-12-31
6133585,TB_e_inc_tbhiv_num,COUNTRY,GEO,EUR,Europe,YEAR,2007,,,,,,,,,150 [110-190],150,110,190,,2025-11-11T16:20:50Z,2007,2007-01-01,2007-12-31
6136050,TB_e_inc_tbhiv_num,COUNTRY,AGO,AFR,Africa,YEAR,2024,,,,,,,,,9200 [5500-14 000],9200,5500,14000,,2025-11-11T16:20:50Z,2024,2024-01-01,2024-12-31
6137463,TB_e_inc_tbhiv_num,COUNTRY,PRY,AMR,Americas,YEAR,2007,,,,,,,,,80 [59-100],80,59,100,,2025-11-11T16:20:50Z,2007,2007-01-01,2007-12-31
6139161,TB_e_inc_tbhiv_num,COUNTRY,NAM,AFR,Africa,YEAR,2009,,,,,,,,,12 000 [5400-20 000],12000,5400,20000,,2025-11-11T16:20:50Z,2009,2009-01-01,2009-12-31
6141404,TB_e_inc_tbhiv_num,COUNTRY,LUX,EUR,Europe,YEAR,2002,,,,,,,,,4 [2-6],4,2,6,,2025-11-11T16:20:50Z,2002,2002-01-01,2002-12-31
6142982,TB_e_inc_tbhiv_num,REGION,WPR,,,YEAR,2015,,,,,,,,,63 000 [42 000-88 000],63000,42000,88000,,2025-11-11T16:20:50Z,2015,2015-01-01,2015-12-31
6150225,TB_e_inc_tbhiv_num,COUNTRY,IDN,WPR,Western Pacific,YEAR,2002,,,,,,,,,6200 [2700-11 000],6200,2700,11000,,2025-11-11T16:20:50Z,2002,2002-01-01,2002-12-31
6150450,TB_e_inc_tbhiv_num,COUNTRY,GIN,AFR,Africa,YEAR,2010,,,,,,,,,3300 [2500-4300],3300,2500,4300,,2025-11-11T16:20:50Z,2010,2010-01-01,2010-12-31
6151590,TB_e_inc_tbhiv_num,COUNTRY,MOZ,AFR,Africa,YEAR,2002,,,,,,,,,39 000 [21 000-62 000],39000,21000,62000,,2025-11-11T16:20:50Z,2002,2002-01-01,2002-12-31
6154149,TB_e_inc_tbhiv_num,COUNTRY,SWZ,AFR,Africa,YEAR,2002,,,,,,,,,8700 [1300-23 000],8700,1300,23000,,2025-11-11T16:20:50Z,2002,2002-01-01,2002-12-31
6157622,TB_e_inc_tbhiv_num,COUNTRY,SRB,EUR,Europe,YEAR,2015,,,,,,,,,7 [4-12],7,4,12,,2025-11-11T16:20:50Z,2015,2015-01-01,2015-12-31
6158605,TB_e_inc_tbhiv_num,COUNTRY,GEO,EUR,Europe,YEAR,2014,,,,,,,,,110 [77-140],110,77,140,,2025-11-11T16:20:50Z,2014,2014-01-01,2014-12-31
6159887,TB_e_inc_tbhiv_num,COUNTRY,BHS,AMR,Americas,YEAR,2004,,,,,,,,,39 [22-60],39,22,60,,2025-11-11T16:20:50Z,2004,2004-01-01,2004-12-31
6162182,TB_e_inc_tbhiv_num,COUNTRY,TTO,AMR,Americas,YEAR,2006,,,,,,,,,19 [9-33],19,9,33,,2025-11-11T16:20:50Z,2006,2006-01-01,2006-12-31
6166000,TB_e_inc_tbhiv_num,REGION,WPR,,,YEAR,2001,,,,,,,,,65 000 [41 000-95 000],65000,41000,95000,,2025-11-11T16:20:50Z,2001,2001-01-01,2001-12-31
6166458,TB_e_inc_tbhiv_num,COUNTRY,SVK,EUR,Europe,YEAR,2003,,,,,,,,,5 [2-10],5,2,10,,2025-11-11T16:20:50Z,2003,2003-01-01,2003-12-31
6168528,TB_e_inc_tbhiv_num,COUNTRY,MRT,AFR,Africa,YEAR,2000,,,,,,,,,670 [260-1300],670,260,1300,,2025-11-11T16:20:50Z,2000,2000-01-01,2000-12-31
6169061,TB_e_inc_tbhiv_num,COUNTRY,KGZ,EUR,Europe,YEAR,2009,,,,,,,,,160 [110-210],160,110,210,,2025-11-11T16:20:50Z,2009,2009-01-01,2009-12-31
6169079,TB_e_inc_tbhiv_num,COUNTRY,JPN,WPR,Western Pacific,YEAR,2022,,,,,,,,,65 [23-130],65,23,130,,2025-11-11T16:20:50Z,2022,2022-01-01,2022-12-31
6170316,TB_e_inc_tbhiv_num,COUNTRY,MOZ,AFR,Africa,YEAR,2024,,,,,,,,,29 000 [17 000-45 000],29000,17000,45000,,2025-11-11T16:20:50Z,2024,2024-01-01,2024-12-31
6171188,TB_e_inc_tbhiv_num,COUNTRY,CHN,WPR,Western Pacific,YEAR,2022,,,,,,,,,13 000 [4700-26 000],13000,4700,26000,,2025-11-11T16:20:50Z,2022,2022-01-01,2022-12-31
6171330,TB_e_inc_tbhiv_num,COUNTRY,PER,AMR,Americas,YEAR,2003,,,,,,,,,3800 [1400-7300],3800,1400,7300,,2025-11-11T16:20:50Z,2003,2003-01-01,2003-12-31
6171884,TB_e_inc_tbhiv_num,COUNTRY,CUB,AMR,Americas,YEAR,2014,,,,,,,,,110 [79-140],110,79,140,,2025-11-11T16:20:50Z,2014,2014-01-01,2014-12-31
6175262,TB_e_inc_tbhiv_num,COUNTRY,SLE,AFR,Africa,YEAR,2006,,,,,,,,,7200 [2100-15 000],7200,2100,15000,,2025-11-11T16:20:50Z,2006,2006-01-01,2006-12-31
6176092,TB_e_inc_tbhiv_num,COUNTRY,BHR,EMR,Eastern Mediterranean,YEAR,2017,,,,,,,,,1 [0-3],1,0,3,,2025-11-11T16:20:50Z,2017,2017-01-01,2017-12-31
6176394,TB_e_inc_tbhiv_num,REGION,AFR,,,YEAR,2022,,,,,,,,,471 000 [394 000-555 000],471000,394000,555000,,2025-11-11T16:20:50Z,2022,2022-01-01,2022-12-31
6182985,TB_e_inc_tbhiv_num,COUNTRY,MAC,,,YEAR,2024,,,,,,,,,5 [1-13],5,1,13,,2025-11-11T16:20:50Z,2024,2024-01-01,2024-12-31
6183032,TB_e_inc_tbhiv_num,COUNTRY,MRT,AFR,Africa,YEAR,2001,,,,,,,,,580 [230-1100],580,230,1100,,2025-11-11T16:20:50Z,2001,2001-01-01,2001-12-31
6183715,TB_e_inc_tbhiv_num,COUNTRY,JPN,WPR,Western Pacific,YEAR,2017,,,,,,,,,110 [36-210],110,36,210,,2025-11-11T16:20:50Z,2017,2017-01-01,2017-12-31
6185411,TB_e_inc_tbhiv_num,COUNTRY,BEN,AFR,Africa,YEAR,2004,,,,,,,,,1200 [460-2400],1200,460,2400,,2025-11-11T16:20:50Z,2004,2004-01-01,2004-12-31
6188727,TB_e_inc_tbhiv_num,COUNTRY,ZAF,AFR,Africa,YEAR,2010,,,,,,,,,436 000 [198 000-764 000],436000,198000,764000,,2025-11-11T16:20:50Z,2010,2010-01-01,2010-12-31
6193451,TB_e_inc_tbhiv_num,COUNTRY,JOR,EMR,Eastern Mediterranean,YEAR,2013,,,,,,,,,0 [0-0],0,0,0,,2025-11-11T16:20:50Z,2013,2013-01-01,2013-12-31
6197831,TB_e_inc_tbhiv_num,COUNTRY,GIN,AFR,Africa,YEAR,2008,,,,,,,,,4100 [1900-7200],4100,1900,7200,,2025-11-11T16:20:50Z,2008,2008-01-01,2008-12-31
6199991,TB_e_inc_tbhiv_num,COUNTRY,AUS,WPR,Western Pacific,YEAR,2019,,,,,,,,,25 [14-38],25,14,38,,2025-11-11T16:20:50Z,2019,2019-01-01,2019-12-31
6202163,TB_e_inc_tbhiv_num,COUNTRY,SOM,EMR,Eastern Mediterranean,YEAR,2003,,,,,,,,,1300 [500-2600],1300,500,2600,,2025-11-11T16:20:50Z,2003,2003-01-01,2003-12-31
6203921,TB_e_inc_tbhiv_num,COUNTRY,LBN,EMR,Eastern Mediterranean,YEAR,2012,,,,,,,,,7 [2-15],7,2,15,,2025-11-11T16:20:50Z,2012,2012-01-01,2012-12-31
6206054,TB_e_inc_tbhiv_num,COUNTRY,IDN,WPR,Western Pacific,YEAR,2018,,,,,,,,,21 000 [9000-37 000],21000,9000,37000,,2025-11-11T16:20:50Z,2018,2018-01-01,2018-12-31
6206716,TB_e_inc_tbhiv_num,COUNTRY,PER,AMR,Americas,YEAR,2014,,,,,,,,,2400 [1800-3200],2400,1800,3200,,2025-11-11T16:20:50Z,2014,2014-01-01,2014-12-31
6208654,TB_e_inc_tbhiv_num,COUNTRY,MRT,AFR,Africa,YEAR,2009,,,,,,,,,420 [160-810],420,160,810,,2025-11-11T16:20:50Z,2009,2009-01-01,2009-12-31
6208709,TB_e_inc_tbhiv_num,COUNTRY,ESP,EUR,Europe,YEAR,2020,,,,,,,,,230 [88-450],230,88,450,,2025-11-11T16:20:50Z,2020,2020-01-01,2020-12-31
6208734,TB_e_inc_tbhiv_num,COUNTRY,USA,AMR,Americas,YEAR,2009,,,,,,,,,1400 [1000-1800],1400,1000,1800,,2025-11-11T16:20:50Z,2009,2009-01-01,2009-12-31
6209652,TB_e_inc_tbhiv_num,COUNTRY,JAM,AMR,Americas,YEAR,2015,,,,,,,,,33 [20-48],33,20,48,,2025-11-11T16:20:50Z,2015,2015-01-01,2015-12-31
6210718,TB_e_inc_tbhiv_num,COUNTRY,CPV,AFR,Africa,YEAR,2023,,,,,,,,,31 [18-47],31,18,47,,2025-11-11T16:20:50Z,2023,2023-01-01,2023-12-31
6212609,TB_e_inc_tbhiv_num,COUNTRY,AFG,EMR,Eastern Mediterranean,YEAR,2004,,,,,,,,,8 [1-24],8,1,24,,2025-11-11T16:20:50Z,2004,2004-01-01,2004-12-31
6217146,TB_e_inc_tbhiv_num,COUNTRY,NLD,EUR,Europe,YEAR,2004,,,,,,,,,52 [36-71],52,36,71,,2025-11-11T16:20:50Z,2004,2004-01-01,2004-12-31
6218492,TB_e_inc_tbhiv_num,COUNTRY,HUN,EUR,Europe,YEAR,2020,,,,,,,,,5 [3-9],5,3,9,,2025-11-11T16:20:50Z,2020,2020-01-01,2020-12-31
6221010,TB_e_inc_tbhiv_num,COUNTRY,SWZ,AFR,Africa,YEAR,2008,,,,,,,,,13 000 [880-40 000],13000,880,40000,,2025-11-11T16:20:50Z,2008,2008-01-01,2008-12-31
6222523,TB_e_inc_tbhiv_num,COUNTRY,ISR,EUR,Europe,YEAR,2015,,,,,,,,,17 [9-29],17,9,29,,2025-11-11T16:20:50Z,2015,2015-01-01,2015-12-31
6225645,TB_e_inc_tbhiv_num,COUNTRY,LTU,EUR,Europe,YEAR,2024,,,,,,,,,21 [11-34],21,11,34,,2025-11-11T16:20:50Z,2024,2024-01-01,2024-12-31
6232413,TB_e_inc_tbhiv_num,COUNTRY,PNG,WPR,Western Pacific,YEAR,2002,,,,,,,,,4100 [1500-8200],4100,1500,8200,,2025-11-11T16:20:50Z,2002,2002-01-01,2002-12-31
6232693,TB_e_inc_tbhiv_num,COUNTRY,SVN,EUR,Europe,YEAR,2011,,,,,,,,,0 [0-0],0,0,0,,2025-11-11T16:20:50Z,2011,2011-01-01,2011-12-31
6232916,TB_e_inc_tbhiv_num,COUNTRY,LKA,SEAR,South-East Asia,YEAR,2024,,,,,,,,,110 [45-190],110,45,190,,2025-11-11T16:20:50Z,2024,2024-01-01,2024-12-31
6234730,TB_e_inc_tbhiv_num,COUNTRY,FRA,EUR,Europe,YEAR,2017,,,,,,,,,330 [270-400],330,270,400,,2025-11-11T16:20:50Z,2017,2017-01-01,2017-12-31
6237258,TB_e_inc_tbhiv_num,COUNTRY,CYP,EUR,Europe,YEAR,2024,,,,,,,,,3 [2-6],3,2,6,,2025-11-11T16:20:50Z,2024,2024-01-01,2024-12-31
6237463,TB_e_inc_tbhiv_num,REGION,SEAR,,,YEAR,2008,,,,,,,,,314 000 [89 000-679 000],314000,89000,679000,,2025-11-11T16:20:50Z,2008,2008-01-01,2008-12-31
6238657,TB_e_inc_tbhiv_num,COUNTRY,VEN,AMR,Americas,YEAR,2013,,,,,,,,,1000 [760-1300],1000,760,1300,,2025-11-11T16:20:50Z,2013,2013-01-01,2013-12-31
6242828,TB_e_inc_tbhiv_num,COUNTRY,OMN,EMR,Eastern Mediterranean,YEAR,2015,,,,,,,,,6 [1-14],6,1,14,,2025-11-11T16:20:50Z,2015,2015-01-01,2015-12-31
6243135,TB_e_inc_tbhiv_num,COUNTRY,BHS,AMR,Americas,YEAR,2014,,,,,,,,,16 [7-28],16,7,28,,2025-11-11T16:20:50Z,2014,2014-01-01,2014-12-31
6248780,TB_e_inc_tbhiv_num,COUNTRY,LSO,AFR,Africa,YEAR,2014,,,,,,,,,13 000 [6400-21 000],13000,6400,21000,,2025-11-11T16:20:50Z,2014,2014-01-01,2014-12-31
6248845,TB_e_inc_tbhiv_num,COUNTRY,BLR,EUR,Europe,YEAR,2003,,,,,,,,,140 [46-290],140,46,290,,2025-11-11T16:20:50Z,2003,2003-01-01,2003-12-31
6250063,TB_e_inc_tbhiv_num,COUNTRY,KAZ,EUR,Europe,YEAR,2014,,,,,,,,,620 [460-810],620,460,810,,2025-11-11T16:20:50Z,2014,2014-01-01,2014-12-31
6250169,TB_e_inc_tbhiv_num,COUNTRY,MOZ,AFR,Africa,YEAR,2016,,,,,,,,,44 000 [25 000-67 000],44000,25000,67000,,2025-11-11T16:20:50Z,2016,2016-01-01,2016-12-31
6250915,TB_e_inc_tbhiv_num,COUNTRY,ZWE,AFR,Africa,YEAR,2014,,,,,,,,,27 000 [16 000-40 000],27000,16000,40000,,2025-11-11T16:20:50Z,2014,2014-01-01,2014-12-31
6251692,TB_e_inc_tbhiv_num,REGION,SEAR,,,YEAR,2018,,,,,,,,,129 000 [106 000-154 000],129000,106000,154000,,2025-11-11T16:20:50Z,2018,2018-01-01,2018-12-31
6252824,TB_e_inc_tbhiv_num,COUNTRY,MDV,SEAR,South-East Asia,YEAR,2008,,,,,,,,,0 [0-1],0,0,1,,2025-11-11T16:20:50Z,2008,2008-01-01,2008-12-31
6253703,TB_e_inc_tbhiv_num,COUNTRY,PER,AMR,Americas,YEAR,2010,,,,,,,,,920 [680-1200],920,680,1200,,2025-11-11T16:20:50Z,2010,2010-01-01,2010-12-31
6272502,TB_e_inc_tbhiv_num,COUNTRY,EGY,EMR,Eastern Mediterranean,YEAR,2020,,,,,,,,,100 [45-180],100,45,180,,2025-11-11T16:20:50Z,2020,2020-01-01,2020-12-31
6272976,TB_e_inc_tbhiv_num,COUNTRY,MKD,EUR,Europe,YEAR,2024,,,,,,,,,1 [0-5],1,0,5,,2025-11-11T16:20:50Z,2024,2024-01-01,2024-12-31
6273405,TB_e_inc_tbhiv_num,COUNTRY,GIN,AFR,Africa,YEAR,2000,,,,,,,,,2900 [1300-5100],2900,1300,5100,,2025-11-11T16:20:50Z,2000,2000-01-01,2000-12-31
6275762,TB_e_inc_tbhiv_num,COUNTRY,MKD,EUR,Europe,YEAR,2016,,,,,,,,,0 [0-0],0,0,0,,2025-11-11T16:20:50Z,2016,2016-01-01,2016-12-31
6277491,TB_e_inc_tbhiv_num,COUNTRY,SDN,EMR,Eastern Mediterranean,YEAR,2011,,,,,,,,,1300 [230-3100],1300,230,3100,,2025-11-11T16:20:50Z,2011,2011-01-01,2011-12-31
6278254,TB_e_inc_tbhiv_num,COUNTRY,SVK,EUR,Europe,YEAR,2001,,,,,,,,,7 [2-13],7,2,13,,2025-11-11T16:20:50Z,2001,2001-01-01,2001-12-31
6280191,TB_e_inc_tbhiv_num,COUNTRY,PAN,AMR,Americas,YEAR,2007,,,,,,,,,390 [290-510],390,290,510,,2025-11-11T16:20:50Z,2007,2007-01-01,2007-12-31
6281009,TB_e_inc_tbhiv_num,COUNTRY,ESP,EUR,Europe,YEAR,2009,,,,,,,,,820 [310-1600],820,310,1600,,2025-11-11T16:20:50Z,2009,2009-01-01,2009-12-31
6282879,TB_e_inc_tbhiv_num,COUNTRY,RWA,AFR,Africa,YEAR,2016,,,,,,,,,1700 [1100-2400],1700,1100,2400,,2025-11-11T16:20:50Z,2016,2016-01-01,2016-12-31
6283208,TB_e_inc_tbhiv_num,COUNTRY,MAC,,,YEAR,2002,,,,,,,,,2 [0-12],2,0,12,,2025-11-11T16:20:50Z,2002,2002-01-01,2002-12-31
6285480,TB_e_inc_tbhiv_num,COUNTRY,LTU,EUR,Europe,YEAR,2009,,,,,,,,,2800 [2000-3600],2800,2000,3600,,2025-11-11T16:20:50Z,2009,2009-01-01,2009-12-31
6288333,TB_e_inc_tbhiv_num,COUNTRY,SDN,EMR,Eastern Mediterranean,YEAR,2001,,,,,,,,,1700 [150-5100],1700,150,5100,,2025-11-11T16:20:50Z,2001,2001-01-01,2001-12-31
6288820,TB_e_inc_tbhiv_num,COUNTRY,CAF,AFR,Africa,YEAR,2003,,,,,,,,,13 000 [5200-25 000],13000,5200,25000,,2025-11-11T16:20:50Z,2003,2003-01-01,2003-12-31
6297443,TB_e_inc_tbhiv_num,COUNTRY,BEN,AFR,Africa,YEAR,2008,,,,,,,,,1300 [820-1900],1300,820,1900,,2025-11-11T16:20:50Z,2008,2008-01-01,2008-12-31
6301955,TB_e_inc_tbhiv_num,COUNTRY,NZL,WPR,Western Pacific,YEAR,2016,,,,,,,,,3 [0-9],3,0,9,,2025-11-11T16:20:50Z,2016,2016-01-01,2016-12-31
6303122,TB_e_inc_tbhiv_num,REGION,EMR,,,YEAR,2014,,,,,,,,,13 000 [1300-37 000],13000,1300,37000,,2025-11-11T16:20:50Z,2014,2014-01-01,2014-12-31
6306422,TB_e_inc_tbhiv_num,COUNTRY,GIN,AFR,Africa,YEAR,2016,,,,,,,,,5200 [3900-6700],5200,3900,6700,,2025-11-11T16:20:50Z,2016,2016-01-01,2016-12-31
6306917,TB_e_inc_tbhiv_num,COUNTRY,NIC,AMR,Americas,YEAR,2006,,,,,,,,,140 [45-280],140,45,280,,2025-11-11T16:20:50Z,2006,2006-01-01,2006-12-31
6308902,TB_e_inc_tbhiv_num,WORLDBANKINCOMEGROUP,WB_HI,,,YEAR,2023,,,,,,,,,18 000 [11 000-27 000],18000,11000,27000,,2025-11-11T16:20:50Z,2023,2023-01-01,2023-12-31
6310487,TB_e_inc_tbhiv_num,COUNTRY,BTN,SEAR,South-East Asia,YEAR,2016,,,,,,,,,12 [4-25],12,4,25,,2025-11-11T16:20:50Z,2016,2016-01-01,2016-12-31
6310547,TB_e_inc_tbhiv_num,COUNTRY,TGO,AFR,Africa,YEAR,2000,,,,,,,,,1300 [410-2600],1300,410,2600,,2025-11-11T16:20:50Z,2000,2000-01-01,2000-12-31
6311685,TB_e_inc_tbhiv_num,COUNTRY,CAN,AMR,Americas,YEAR,2022,,,,,,,,,62 [43-84],62,43,84,,2025-11-11T16:20:50Z,2022,2022-01-01,2022-12-31
6314832,TB_e_inc_tbhiv_num,COUNTRY,IRQ,EMR,Eastern Mediterranean,YEAR,2011,,,,,,,,,3 [0-11],3,0,11,,2025-11-11T16:20:50Z,2011,2011-01-01,2011-12-31
6317292,TB_e_inc_tbhiv_num,COUNTRY,KIR,WPR,Western Pacific,YEAR,2013,,,,,,,,,0 [0-0],0,0,0,,2025-11-11T16:20:50Z,2013,2013-01-01,2013-12-31
6327192,TB_e_inc_tbhiv_num,COUNTRY,THA,SEAR,South-East Asia,YEAR,2010,,,,,,,,,20 000 [10 000-33 000],20000,10000,33000,,2025-11-11T16:20:50Z,2010,2010-01-01,2010-12-31
6330659,TB_e_inc_tbhiv_num,COUNTRY,ESP,EUR,Europe,YEAR,2021,,,,,,,,,270 [100-520],270,100,520,,2025-11-11T16:20:50Z,2021,2021-01-01,2021-12-31
6333262,TB_e_inc_tbhiv_num,COUNTRY,BEN,AFR,Africa,YEAR,2003,,,,,,,,,1200 [460-2400],1200,460,2400,,2025-11-11T16:20:50Z,2003,2003-01-01,2003-12-31
6334447,TB_e_inc_tbhiv_num,WORLDBANKINCOMEGROUP,WB_UMI,,,YEAR,2018,,,,,,,,,324 000 [232 000-430 000],324000,232000,430000,,2025-11-11T16:20:50Z,2018,2018-01-01,2018-12-31
6337795,TB_e_inc_tbhiv_num,COUNTRY,SLE,AFR,Africa,YEAR,2004,,,,,,,,,6700 [1900-14 000],6700,1900,14000,,2025-11-11T16:20:50Z,2004,2004-01-01,2004-12-31
6338442,TB_e_inc_tbhiv_num,COUNTRY,TKM,EUR,Europe,YEAR,2003,,,,,,,,,490 [240-830],490,240,830,,2025-11-11T16:20:50Z,2003,2003-01-01,2003-12-31
6339250,TB_e_inc_tbhiv_num,COUNTRY,COL,AMR,Americas,YEAR,2018,,,,,,,,,2100 [1600-2800],2100,1600,2800,,2025-11-11T16:20:50Z,2018,2018-01-01,2018-12-31
6342582,TB_e_inc_tbhiv_num,COUNTRY,UKR,EUR,Europe,YEAR,2008,,,,,,,,,7100 [5400-9200],7100,5400,9200,,2025-11-11T16:20:50Z,2008,2008-01-01,2008-12-31
6342845,TB_e_inc_tbhiv_num,REGION,SEAR,,,YEAR,2023,,,,,,,,,70 000 [57 000-84 000],70000,57000,84000,,2025-11-11T16:20:50Z,2023,2023-01-01,2023-12-31
6346841,TB_e_inc_tbhiv_num,COUNTRY,KHM,WPR,Western Pacific,YEAR,2020,,,,,,,,,1200 [800-1600],1200,800,1600,,2025-11-11T16:20:50Z,2020,2020-01-01,2020-12-31
6348711,TB_e_inc_tbhiv_num,COUNTRY,AFG,EMR,Eastern Mediterranean,YEAR,2018,,,,,,,,,22 [1-78],22,1,78,,2025-11-11T16:20:50Z,2018,2018-01-01,2018-12-31
6348892,TB_e_inc_tbhiv_num,COUNTRY,SLE,AFR,Africa,YEAR,2008,,,,,,,,,3300 [1400-5900],3300,1400,5900,,2025-11-11T16:20:50Z,2008,2008-01-01,2008-12-31
6352005,TB_e_inc_tbhiv_num,COUNTRY,KHM,WPR,Western Pacific,YEAR,2011,,,,,,,,,3100 [2100-4300],3100,2100,4300,,2025-11-11T16:20:50Z,2011,2011-01-01,2011-12-31
6352446,TB_e_inc_tbhiv_num,COUNTRY,PRT,EUR,Europe,YEAR,2000,,,,,,,,,1600 [760-2900],1600,760,2900,,2025-11-11T16:20:50Z,2000,2000-01-01,2000-12-31
6358767,TB_e_inc_tbhiv_num,COUNTRY,MUS,AFR,Africa,YEAR,2011,,,,,,,,,14 [11-19],14,11,19,,2025-11-11T16:20:50Z,2011,2011-01-01,2011-12-31
6361085,TB_e_inc_tbhiv_num,COUNTRY,NPL,SEAR,South-East Asia,YEAR,2016,,,,,,,,,800 [440-1300],800,440,1300,,2025-11-11T16:20:50Z,2016,2016-01-01,2016-12-31
6365033,TB_e_inc_tbhiv_num,COUNTRY,ARE,EMR,Eastern Mediterranean,YEAR,2018,,,,,,,,,3 [0-10],3,0,10,,2025-11-11T16:20:50Z,2018,2018-01-01,2018-12-31
6366589,TB_e_inc_tbhiv_num,COUNTRY,MMR,SEAR,South-East Asia,YEAR,2019,,,,,,,,,13 000 [8200-19 000],13000,8200,19000,,2025-11-11T16:20:50Z,2019,2019-01-01,2019-12-31
6370699,TB_e_inc_tbhiv_num,COUNTRY,TKM,EUR,Europe,YEAR,2001,,,,,,,,,350 [160-590],350,160,590,,2025-11-11T16:20:50Z,2001,2001-01-01,2001-12-31
6372863,TB_e_inc_tbhiv_num,COUNTRY,IRL,EUR,Europe,YEAR,2017,,,,,,,,,13 [7-21],13,7,21,,2025-11-11T16:20:50Z,2017,2017-01-01,2017-12-31
6374296,TB_e_inc_tbhiv_num,COUNTRY,MAR,EMR,Eastern Mediterranean,YEAR,2017,,,,,,,,,460 [160-900],460,160,900,,2025-11-11T16:20:50Z,2017,2017-01-01,2017-12-31
6374594,TB_e_inc_tbhiv_num,COUNTRY,USA,AMR,Americas,YEAR,2005,,,,,,,,,2600 [1100-4800],2600,1100,4800,,2025-11-11T16:20:50Z,2005,2005-01-01,2005-12-31
6375619,TB_e_inc_tbhiv_num,COUNTRY,CUB,AMR,Americas,YEAR,2024,,,,,,,,,130 [98-170],130,98,170,,2025-11-11T16:20:50Z,2024,2024-01-01,2024-12-31
6376414,TB_e_inc_tbhiv_num,COUNTRY,ISR,EUR,Europe,YEAR,2019,,,,,,,,,9 [4-18],9,4,18,,2025-11-11T16:20:50Z,2019,2019-01-01,2019-12-31
6377386,TB_e_inc_tbhiv_num,COUNTRY,IND,SEAR,South-East Asia,YEAR,2008,,,,,,,,,258 000 [50 000-633 000],258000,50000,633000,,2025-11-11T16:20:50Z,2008,2008-01-01,2008-12-31
6380007,TB_e_inc_tbhiv_num,COUNTRY,HKG,,,YEAR,2019,,,,,,,,,75 [51-100],75,51,100,,2025-11-11T16:20:50Z,2019,2019-01-01,2019-12-31
6380471,TB_e_inc_tbhiv_num,COUNTRY,SAU,EMR,Eastern Mediterranean,YEAR,2007,,,,,,,,,27 [10-52],27,10,52,,2025-11-11T16:20:50Z,2007,2007-01-01,2007-12-31
6380764,TB_e_inc_tbhiv_num,COUNTRY,OMN,EMR,Eastern Mediterranean,YEAR,2012,,,,,,,,,21 [11-36],21,11,36,,2025-11-11T16:20:50Z,2012,2012-01-01,2012-12-31
6386564,TB_e_inc_tbhiv_num,COUNTRY,UGA,AFR,Africa,YEAR,2021,,,,,,,,,29 000 [17 000-45 000],29000,17000,45000,,2025-11-11T16:20:50Z,2021,2021-01-01,2021-12-31
6387252,TB_e_inc_tbhiv_num,REGION,AFR,,,YEAR,2004,,,,,,,,,1 190 000 [829 000-1 620 000],1190000,829000,1620000,,2025-11-11T16:20:50Z,2004,2004-01-01,2004-12-31
6387681,TB_e_inc_tbhiv_num,COUNTRY,GMB,AFR,Africa,YEAR,2020,,,,,,,,,630 [430-870],630,430,870,,2025-11-11T16:20:50Z,2020,2020-01-01,2020-12-31
6390224,TB_e_inc_tbhiv_num,COUNTRY,KEN,AFR,Africa,YEAR,2008,,,,,,,,,100 000 [29 000-214 000],100000,29000,214000,,2025-11-11T16:20:50Z,2008,2008-01-01,2008-12-31
6390746,TB_e_inc_tbhiv_num,COUNTRY,BGR,EUR,Europe,YEAR,2009,,,,,,,,,26 [9-52],26,9,52,,2025-11-11T16:20:50Z,2009,2009-01-01,2009-12-31
6391252,TB_e_inc_tbhiv_num,COUNTRY,MRT,AFR,Africa,YEAR,2003,,,,,,,,,310 [230-390],310,230,390,,2025-11-11T16:20:50Z,2003,2003-01-01,2003-12-31
6393934,TB_e_inc_tbhiv_num,COUNTRY,VEN,AMR,Americas,YEAR,2012,,,,,,,,,1100 [810-1400],1100,810,1400,,2025-11-11T16:20:50Z,2012,2012-01-01,2012-12-31
6395185,TB_e_inc_tbhiv_num,COUNTRY,KHM,WPR,Western Pacific,YEAR,2001,,,,,,,,,11 000 [7400-16 000],11000,7400,16000,,2025-11-11T16:20:50Z,2001,2001-01-01,2001-12-31
6395268,TB_e_inc_tbhiv_num,COUNTRY,ITA,EUR,Europe,YEAR,2022,,,,,,,,,140 [77-220],140,77,220,,2025-11-11T16:20:50Z,2022,2022-01-01,2022-12-31
6396323,TB_e_inc_tbhiv_num,COUNTRY,GEO,EUR,Europe,YEAR,2022,,,,,,,,,62 [41-87],62,41,87,,2025-11-11T16:20:50Z,2022,2022-01-01,2022-12-31
6396587,TB_e_inc_tbhiv_num,COUNTRY,BOL,AMR,Americas,YEAR,2022,,,,,,,,,560 [420-730],560,420,730,,2025-11-11T16:20:50Z,2022,2022-01-01,2022-12-31
6398005,TB_e_inc_tbhiv_num,COUNTRY,COL,AMR,Americas,YEAR,2016,,,,,,,,,2200 [1700-2900],2200,1700,2900,,2025-11-11T16:20:50Z,2016,2016-01-01,2016-12-31
6400470,TB_e_inc_tbhiv_num,COUNTRY,CRI,AMR,Americas,YEAR,2006,,,,,,,,,79 [55-110],79,55,110,,2025-11-11T16:20:50Z,2006,2006-01-01,2006-12-31
6401265,TB_e_inc_tbhiv_num,COUNTRY,RUS,EUR,Europe,YEAR,2008,,,,,,,,,7700 [3100-14 000],7700,3100,14000,,2025-11-11T16:20:50Z,2008,2008-01-01,2008-12-31
6405147,TB_e_inc_tbhiv_num,COUNTRY,AFG,EMR,Eastern Mediterranean,YEAR,2021,,,,,,,,,5 [0-16],5,0,16,,2025-11-11T16:20:50Z,2021,2021-01-01,2021-12-31
6405494,TB_e_inc_tbhiv_num,COUNTRY,PRI,AMR,Americas,YEAR,2022,,,,,,,,,4 [1-10],4,1,10,,2025-11-11T16:20:50Z,2022,2022-01-01,2022-12-31
6407452,TB_e_inc_tbhiv_num,COUNTRY,BGR,EUR,Europe,YEAR,2019,,,,,,,,,2 [0-7],2,0,7,,2025-11-11T16:20:50Z,2019,2019-01-01,2019-12-31
6407804,TB_e_inc_tbhiv_num,COUNTRY,ZMB,AFR,Africa,YEAR,2016,,,,,,,,,37 000 [21 000-56 000],37000,21000,56000,,2025-11-11T16:20:50Z,2016,2016-01-01,2016-12-31
6409877,TB_e_inc_tbhiv_num,COUNTRY,TGO,AFR,Africa,YEAR,2021,,,,,,,,,550 [200-1100],550,200,1100,,2025-11-11T16:20:50Z,2021,2021-01-01,2021-12-31
6414255,TB_e_inc_tbhiv_num,COUNTRY,SDN,EMR,Eastern Mediterranean,YEAR,2018,,,,,,,,,730 [230-1500],730,230,1500,,2025-11-11T16:20:50Z,2018,2018-01-01,2018-12-31
6416282,TB_e_inc_tbhiv_num,COUNTRY,CMR,AFR,Africa,YEAR,2016,,,,,,,,,16 000 [12 000-21 000],16000,12000,21000,,2025-11-11T16:20:50Z,2016,2016-01-01,2016-12-31
6417813,TB_e_inc_tbhiv_num,COUNTRY,SSD,AFR,Africa,YEAR,2017,,,,,,,,,4700 [2100-8300],4700,2100,8300,,2025-11-11T16:20:50Z,2017,2017-01-01,2017-12-31
6421098,TB_e_inc_tbhiv_num,COUNTRY,MNE,EUR,Europe,YEAR,2016,,,,,,,,,0 [0-0],0,0,0,,2025-11-11T16:20:50Z,2016,2016-01-01,2016-12-31
6422694,TB_e_inc_tbhiv_num,COUNTRY,VUT,WPR,Western Pacific,YEAR,2001,,,,,,,,,220 [170-270],220,170,270,,2025-11-11T16:20:50Z,2001,2001-01-01,2001-12-31
6423195,TB_e_inc_tbhiv_num,COUNTRY,VNM,WPR,Western Pacific,YEAR,2016,,,,,,,,,6000 [3400-9400],6000,3400,9400,,2025-11-11T16:20:50Z,2016,2016-01-01,2016-12-31
6425679,TB_e_inc_tbhiv_num,COUNTRY,ARE,EMR,Eastern Mediterranean,YEAR,2003,,,,,,,,,7 [2-13],7,2,13,,2025-11-11T16:20:50Z,2003,2003-01-01,2003-12-31
6430812,TB_e_inc_tbhiv_num,COUNTRY,PRI,AMR,Americas,YEAR,2006,,,,,,,,,36 [22-54],36,22,54,,2025-11-11T16:20:50Z,2006,2006-01-01,2006-12-31
6435008,TB_e_inc_tbhiv_num,COUNTRY,SAU,EMR,Eastern Mediterranean,YEAR,2012,,,,,,,,,94 [73-120],94,73,120,,2025-11-11T16:20:50Z,2012,2012-01-01,2012-12-31
6438757,TB_e_inc_tbhiv_num,COUNTRY,COD,AFR,Africa,YEAR,2015,,,,,,,,,52 000 [14 000-115 000],52000,14000,115000,,2025-11-11T16:20:50Z,2015,2015-01-01,2015-12-31
6439081,TB_e_inc_tbhiv_num,COUNTRY,TLS,SEAR,South-East Asia,YEAR,2002,,,,,,,,,46 [12-100],46,12,100,,2025-11-11T16:20:50Z,2002,2002-01-01,2002-12-31
6441988,TB_e_inc_tbhiv_num,COUNTRY,HTI,AMR,Americas,YEAR,2002,,,,,,,,,17 000 [8400-27 000],17000,8400,27000,,2025-11-11T16:20:50Z,2002,2002-01-01,2002-12-31
6444565,TB_e_inc_tbhiv_num,COUNTRY,PRI,AMR,Americas,YEAR,2003,,,,,,,,,72 [51-97],72,51,97,,2025-11-11T16:20:50Z,2003,2003-01-01,2003-12-31
6446789,TB_e_inc_tbhiv_num,COUNTRY,BLR,EUR,Europe,YEAR,2009,,,,,,,,,300 [220-390],300,220,390,,2025-11-11T16:20:50Z,2009,2009-01-01,2009-12-31
6448272,TB_e_inc_tbhiv_num,COUNTRY,GMB,AFR,Africa,YEAR,2022,,,,,,,,,530 [360-740],530,360,740,,2025-11-11T16:20:50Z,2022,2022-01-01,2022-12-31
6448602,TB_e_inc_tbhiv_num,COUNTRY,NZL,WPR,Western Pacific,YEAR,2018,,,,,,,,,1 [0-6],1,0,6,,2025-11-11T16:20:50Z,2018,2018-01-01,2018-12-31
6448898,TB_e_inc_tbhiv_num,COUNTRY,RUS,EUR,Europe,YEAR,2014,,,,,,,,,11 000 [3300-24 000],11000,3300,24000,,2025-11-11T16:20:50Z,2014,2014-01-01,2014-12-31
6450311,TB_e_inc_tbhiv_num,COUNTRY,QAT,EMR,Eastern Mediterranean,YEAR,2009,,,,,,,,,0 [0-0],0,0,0,,2025-11-11T16:20:50Z,2009,2009-01-01,2009-12-31
6452534,TB_e_inc_tbhiv_num,COUNTRY,BRA,AMR,Americas,YEAR,2003,,,,,,,,,6100 [1900-13 000],6100,1900,13000,,2025-11-11T16:20:50Z,2003,2003-01-01,2003-12-31
6453816,TB_e_inc_tbhiv_num,REGION,EUR,,,YEAR,2010,,,,,,,,,28 000 [18 000-40 000],28000,18000,40000,,2025-11-11T16:20:50Z,2010,2010-01-01,2010-12-31
6460689,TB_e_inc_tbhiv_num,COUNTRY,NZL,WPR,Western Pacific,YEAR,2020,,,,,,,,,3 [0-8],3,0,8,,2025-11-11T16:20:50Z,2020,2020-01-01,2020-12-31
6471720,TB_e_inc_tbhiv_num,COUNTRY,LVA,EUR,Europe,YEAR,2002,,,,,,,,,380 [130-760],380,130,760,,2025-11-11T16:20:50Z,2002,2002-01-01,2002-12-31
6474856,TB_e_inc_tbhiv_num,COUNTRY,VNM,WPR,Western Pacific,YEAR,2006,,,,,,,,,13 000 [3200-30 000],13000,3200,30000,,2025-11-11T16:20:50Z,2006,2006-01-01,2006-12-31
6475746,TB_e_inc_tbhiv_num,COUNTRY,ROU,EUR,Europe,YEAR,2013,,,,,,,,,560 [410-720],560,410,720,,2025-11-11T16:20:50Z,2013,2013-01-01,2013-12-31
6476530,TB_e_inc_tbhiv_num,COUNTRY,SLV,AMR,Americas,YEAR,2002,,,,,,,,,200 [76-390],200,76,390,,2025-11-11T16:20:50Z,2002,2002-01-01,2002-12-31
6477513,TB_e_inc_tbhiv_num,COUNTRY,DZA,AFR,Africa,YEAR,2009,,,,,,,,,170 [94-270],170,94,270,,2025-11-11T16:20:50Z,2009,2009-01-01,2009-12-31
6478223,TB_e_inc_tbhiv_num,COUNTRY,NAM,AFR,Africa,YEAR,2024,,,,,,,,,3800 [2700-5200],3800,2700,5200,,2025-11-11T16:20:50Z,2024,2024-01-01,2024-12-31
6480091,TB_e_inc_tbhiv_num,COUNTRY,BFA,AFR,Africa,YEAR,2006,,,,,,,,,3300 [1500-5900],3300,1500,5900,,2025-11-11T16:20:50Z,2006,2006-01-01,2006-12-31
6484311,TB_e_inc_tbhiv_num,COUNTRY,IRQ,EMR,Eastern Mediterranean,YEAR,2014,,,,,,,,,4 [1-8],4,1,8,,2025-11-11T16:20:50Z,2014,2014-01-01,2014-12-31
6485613,TB_e_inc_tbhiv_num,COUNTRY,BEL,EUR,Europe,YEAR,2015,,,,,,,,,36 [13-72],36,13,72,,2025-11-11T16:20:50Z,2015,2015-01-01,2015-12-31
6490043,TB_e_inc_tbhiv_num,COUNTRY,SVK,EUR,Europe,YEAR,2016,,,,,,,,,1 [0-2],1,0,2,,2025-11-11T16:20:50Z,2016,2016-01-01,2016-12-31
6494797,TB_e_inc_tbhiv_num,COUNTRY,SSD,AFR,Africa,YEAR,2016,,,,,,,,,5000 [2200-8800],5000,2200,8800,,2025-11-11T16:20:50Z,2016,2016-01-01,2016-12-31
6497040,TB_e_inc_tbhiv_num,COUNTRY,KHM,WPR,Western Pacific,YEAR,2012,,,,,,,,,2600 [1700-3600],2600,1700,3600,,2025-11-11T16:20:50Z,2012,2012-01-01,2012-12-31
6497049,TB_e_inc_tbhiv_num,COUNTRY,GAB,AFR,Africa,YEAR,2007,,,,,,,,,2100 [1700-2500],2100,1700,2500,,2025-11-11T16:20:50Z,2007,2007-01-01,2007-12-31
6498153,TB_e_inc_tbhiv_num,COUNTRY,IDN,WPR,Western Pacific,YEAR,2014,,,,,,,,,25 000 [11 000-46 000],25000,11000,46000,,2025-11-11T16:20:50Z,2014,2014-01-01,2014-12-31
6502423,TB_e_inc_tbhiv_num,COUNTRY,MEX,AMR,Americas,YEAR,2016,,,,,,,,,3900 [2900-5000],3900,2900,5000,,2025-11-11T16:20:50Z,2016,2016-01-01,2016-12-31
6507740,TB_e_inc_tbhiv_num,COUNTRY,CHL,AMR,Americas,YEAR,2014,,,,,,,,,190 [73-370],190,73,370,,2025-11-11T16:20:50Z,2014,2014-01-01,2014-12-31
6507921,TB_e_inc_tbhiv_num,COUNTRY,VEN,AMR,Americas,YEAR,2024,,,,,,,,,1000 [760-1300],1000,760,1300,,2025-11-11T16:20:50Z,2024,2024-01-01,2024-12-31
6509209,TB_e_inc_tbhiv_num,COUNTRY,ROU,EUR,Europe,YEAR,2005,,,,,,,,,600 [190-1200],600,190,1200,,2025-11-11T16:20:50Z,2005,2005-01-01,2005-12-31
6512193,TB_e_inc_tbhiv_num,COUNTRY,ERI,AFR,Africa,YEAR,2020,,,,,,,,,140 [97-190],140,97,190,,2025-11-11T16:20:50Z,2020,2020-01-01,2020-12-31
6514425,TB_e_inc_tbhiv_num,COUNTRY,ARG,AMR,Americas,YEAR,2013,,,,,,,,,900 [500-1400],900,500,1400,,2025-11-11T16:20:50Z,2013,2013-01-01,2013-12-31
6518710,TB_e_inc_tbhiv_num,COUNTRY,DOM,AMR,Americas,YEAR,2019,,,,,,,,,1200 [890-1600],1200,890,1600,,2025-11-11T16:20:50Z,2019,2019-01-01,2019-12-31
6520230,TB_e_inc_tbhiv_num,COUNTRY,MNE,EUR,Europe,YEAR,2020,,,,,,,,,0 [0-0],0,0,0,,2025-11-11T16:20:50Z,2020,2020-01-01,2020-12-31
6521382,TB_e_inc_tbhiv_num,WORLDBANKINCOMEGROUP,WB_HI,,,YEAR,2019,,,,,,,,,21 000 [15 000-29 000],21000,15000,29000,,2025-11-11T16:20:50Z,2019,2019-01-01,2019-12-31
6523065,TB_e_inc_tbhiv_num,COUNTRY,HND,AMR,Americas,YEAR,2001,,,,,,,,,2200 [900-4000],2200,900,4000,,2025-11-11T16:20:50Z,2001,2001-01-01,2001-12-31
6524751,TB_e_inc_tbhiv_num,COUNTRY,BTN,SEAR,South-East Asia,YEAR,2021,,,,,,,,,5 [1-14],5,1,14,,2025-11-11T16:20:50Z,2021,2021-01-01,2021-12-31
6529400,TB_e_inc_tbhiv_num,COUNTRY,ISR,EUR,Europe,YEAR,2000,,,,,,,,,47 [30-68],47,30,68,,2025-11-11T16:20:50Z,2000,2000-01-01,2000-12-31
6533532,TB_e_inc_tbhiv_num,COUNTRY,GEO,EUR,Europe,YEAR,2011,,,,,,,,,170 [62-340],170,62,340,,2025-11-11T16:20:50Z,2011,2011-01-01,2011-12-31
6535840,TB_e_inc_tbhiv_num,WORLDBANKINCOMEGROUP,WB_LMI,,,YEAR,2013,,,,,,,,,640 000 [516 000-776 000],640000,516000,776000,,2025-11-11T16:20:50Z,2013,2013-01-01,2013-12-31
6536885,TB_e_inc_tbhiv_num,COUNTRY,NPL,SEAR,South-East Asia,YEAR,2004,,,,,,,,,2900 [820-6200],2900,820,6200,,2025-11-11T16:20:50Z,2004,2004-01-01,2004-12-31
6538438,TB_e_inc_tbhiv_num,COUNTRY,MOZ,AFR,Africa,YEAR,2007,,,,,,,,,35 000 [21 000-53 000],35000,21000,53000,,2025-11-11T16:20:50Z,2007,2007-01-01,2007-12-31
6539759,TB_e_inc_tbhiv_num,COUNTRY,ERI,AFR,Africa,YEAR,2018,,,,,,,,,190 [140-250],190,140,250,,2025-11-11T16:20:50Z,2018,2018-01-01,2018-12-31
6540477,TB_e_inc_tbhiv_num,COUNTRY,SUR,AMR,Americas,YEAR,2002,,,,,,,,,40 [17-74],40,17,74,,2025-11-11T16:20:50Z,2002,2002-01-01,2002-12-31
6541067,TB_e_inc_tbhiv_num,REGION,SEAR,,,YEAR,2004,,,,,,,,,345 000 [93 000-759 000],345000,93000,759000,,2025-11-11T16:20:50Z,2004,2004-01-01,2004-12-31
6547709,TB_e_inc_tbhiv_num,COUNTRY,GMB,AFR,Africa,YEAR,2013,,,,,,,,,520 [350-720],520,350,720,,2025-11-11T16:20:50Z,2013,2013-01-01,2013-12-31
6548647,TB_e_inc_tbhiv_num,COUNTRY,FIN,EUR,Europe,YEAR,2000,,,,,,,,,17 [9-28],17,9,28,,2025-11-11T16:20:50Z,2000,2000-01-01,2000-12-31
6549366,TB_e_inc_tbhiv_num,COUNTRY,SWZ,AFR,Africa,YEAR,2005,,,,,,,,,12 000 [730-37 000],12000,730,37000,,2025-11-11T16:20:50Z,2005,2005-01-01,2005-12-31
6551765,TB_e_inc_tbhiv_num,COUNTRY,HTI,AMR,Americas,YEAR,2022,,,,,,,,,3300 [2400-4300],3300,2400,4300,,2025-11-11T16:20:50Z,2022,2022-01-01,2022-12-31
6556490,TB_e_inc_tbhiv_num,COUNTRY,NGA,AFR,Africa,YEAR,2001,,,,,,,,,71 000 [28 000-134 000],71000,28000,134000,,2025-11-11T16:20:50Z,2001,2001-01-01,2001-12-31
6564443,TB_e_inc_tbhiv_num,COUNTRY,ZWE,AFR,Africa,YEAR,2022,,,,,,,,,20 000 [14 000-27 000],20000,14000,27000,,2025-11-11T16:20:50Z,2022,2022-01-01,2022-12-31
6567084,TB_e_inc_tbhiv_num,COUNTRY,TUR,EUR,Europe,YEAR,2006,,,,,,,,,55 [19-110],55,19,110,,2025-11-11T16:20:50Z,2006,2006-01-01,2006-12-31
6570140,TB_e_inc_tbhiv_num,COUNTRY,IRQ,EMR,Eastern Mediterranean,YEAR,2018,,,,,,,,,0 [0-0],0,0,0,,2025-11-11T16:20:50Z,2018,2018-01-01,2018-12-31
6572072,TB_e_inc_tbhiv_num,REGION,WPR,,,YEAR,2011,,,,,,,,,76 000 [50 000-107 000],76000,50000,107000,,2025-11-11T16:20:50Z,2011,2011-01-01,2011-12-31
6572702,TB_e_inc_tbhiv_num,COUNTRY,EGY,EMR,Eastern Mediterranean,YEAR,2022,,,,,,,,,99 [44-180],99,44,180,,2025-11-11T16:20:50Z,2022,2022-01-01,2022-12-31
6575109,TB_e_inc_tbhiv_num,COUNTRY,TUN,EMR,Eastern Mediterranean,YEAR,2021,,,,,,,,,35 [12-70],35,12,70,,2025-11-11T16:20:50Z,2021,2021-01-01,2021-12-31
6575875,TB_e_inc_tbhiv_num,COUNTRY,GIN,AFR,Africa,YEAR,2011,,,,,,,,,4300 [1900-7700],4300,1900,7700,,2025-11-11T16:20:50Z,2011,2011-01-01,2011-12-31
6578845,TB_e_inc_tbhiv_num,COUNTRY,UZB,EUR,Europe,YEAR,2017,,,,,,,,,1300 [950-1700],1300,950,1700,,2025-11-11T16:20:50Z,2017,2017-01-01,2017-12-31
6582452,TB_e_inc_tbhiv_num,GLOBAL,GLOBAL,,,YEAR,2023,,,,,,,,,646 000 [564 000-733 000],646000,564000,733000,,2025-11-11T16:20:50Z,2023,2023-01-01,2023-12-31
6584137,TB_e_inc_tbhiv_num,COUNTRY,BWA,AFR,Africa,YEAR,2002,,,,,,,,,12 000 [10 000-15 000],12000,10000,15000,,2025-11-11T16:20:50Z,2002,2002-01-01,2002-12-31
6585447,TB_e_inc_tbhiv_num,COUNTRY,GEO,EUR,Europe,YEAR,2000,,,,,,,,,11 [3-24],11,3,24,,2025-11-11T16:20:50Z,2000,2000-01-01,2000-12-31
6586223,TB_e_inc_tbhiv_num,COUNTRY,ESP,EUR,Europe,YEAR,2000,,,,,,,,,2900 [1300-5200],2900,1300,5200,,2025-11-11T16:20:50Z,2000,2000-01-01,2000-12-31
6589393,TB_e_inc_tbhiv_num,COUNTRY,ARM,EUR,Europe,YEAR,2012,,,,,,,,,110 [76-140],110,76,140,,2025-11-11T16:20:50Z,2012,2012-01-01,2012-12-31
6591565,TB_e_inc_tbhiv_num,COUNTRY,NZL,WPR,Western Pacific,YEAR,2000,,,,,,,,,19 [7-37],19,7,37,,2025-11-11T16:20:50Z,2000,2000-01-01,2000-12-31
6591880,TB_e_inc_tbhiv_num,COUNTRY,GMB,AFR,Africa,YEAR,2009,,,,,,,,,540 [360-760],540,360,760,,2025-11-11T16:20:50Z,2009,2009-01-01,2009-12-31
6592322,TB_e_inc_tbhiv_num,COUNTRY,ERI,AFR,Africa,YEAR,2022,,,,,,,,,140 [96-180],140,96,180,,2025-11-11T16:20:50Z,2022,2022-01-01,2022-12-31
6592398,TB_e_inc_tbhiv_num,COUNTRY,ARG,AMR,Americas,YEAR,2007,,,,,,,,,1000 [560-1600],1000,560,1600,,2025-11-11T16:20:50Z,2007,2007-01-01,2007-12-31
6593834,TB_e_inc_tbhiv_num,COUNTRY,ECU,AMR,Americas,YEAR,2020,,,,,,,,,900 [660-1200],900,660,1200,,2025-11-11T16:20:50Z,2020,2020-01-01,2020-12-31
6603143,TB_e_inc_tbhiv_num,COUNTRY,NIC,AMR,Americas,YEAR,2013,,,,,,,,,170 [58-340],170,58,340,,2025-11-11T16:20:50Z,2013,2013-01-01,2013-12-31
6604140,TB_e_inc_tbhiv_num,COUNTRY,BLZ,AMR,Americas,YEAR,2014,,,,,,,,,43 [29-60],43,29,60,,2025-11-11T16:20:50Z,2014,2014-01-01,2014-12-31
6604715,TB_e_inc_tbhiv_num,COUNTRY,PHL,WPR,Western Pacific,YEAR,2004,,,,,,,,,3700 [1700-6500],3700,1700,6500,,2025-11-11T16:20:50Z,2004,2004-01-01,2004-12-31
6604726,TB_e_inc_tbhiv_num,COUNTRY,NZL,WPR,Western Pacific,YEAR,2002,,,,,,,,,15 [6-30],15,6,30,,2025-11-11T16:20:50Z,2002,2002-01-01,2002-12-31
6605084,TB_e_inc_tbhiv_num,COUNTRY,CIV,AFR,Africa,YEAR,2009,,,,,,,,,14 000 [11 000-18 000],14000,11000,18000,,2025-11-11T16:20:50Z,2009,2009-01-01,2009-12-31
6607882,TB_e_inc_tbhiv_num,REGION,AFR,,,YEAR,2000,,,,,,,,,1 200 000 [939 000-1 500 000],1200000,939000,1500000,,2025-11-11T16:20:50Z,2000,2000-01-01,2000-12-31
6609409,TB_e_inc_tbhiv_num,COUNTRY,MKD,EUR,Europe,YEAR,2015,,,,,,,,,0 [0-0],0,0,0,,2025-11-11T16:20:50Z,2015,2015-01-01,2015-12-31
6610442,TB_e_inc_tbhiv_num,COUNTRY,VNM,WPR,Western Pacific,YEAR,2021,,,,,,,,,5200 [3100-7700],5200,3100,7700,,2025-11-11T16:20:50Z,2021,2021-01-01,2021-12-31
6610908,TB_e_inc_tbhiv_num,COUNTRY,MMR,SEAR,South-East Asia,YEAR,2014,,,,,,,,,23 000 [6800-48 000],23000,6800,48000,,2025-11-11T16:20:50Z,2014,2014-01-01,2014-12-31
6616651,TB_e_inc_tbhiv_num,COUNTRY,AUS,WPR,Western Pacific,YEAR,2012,,,,,,,,,18 [9-30],18,9,30,,2025-11-11T16:20:50Z,2012,2012-01-01,2012-12-31
6619377,TB_e_inc_tbhiv_num,COUNTRY,KAZ,EUR,Europe,YEAR,2009,,,,,,,,,250 [190-330],250,190,330,,2025-11-11T16:20:50Z,2009,2009-01-01,2009-12-31
6625659,TB_e_inc_tbhiv_num,COUNTRY,MRT,AFR,Africa,YEAR,2020,,,,,,,,,140 [44-290],140,44,290,,2025-11-11T16:20:50Z,2020,2020-01-01,2020-12-31
6625672,TB_e_inc_tbhiv_num,COUNTRY,DNK,EUR,Europe,YEAR,2003,,,,,,,,,35 [13-68],35,13,68,,2025-11-11T16:20:50Z,2003,2003-01-01,2003-12-31
6630470,TB_e_inc_tbhiv_num,COUNTRY,VEN,AMR,Americas,YEAR,2003,,,,,,,,,2700 [1200-4900],2700,1200,4900,,2025-11-11T16:20:50Z,2003,2003-01-01,2003-12-31
6631346,TB_e_inc_tbhiv_num,REGION,AMR,,,YEAR,2016,,,,,,,,,32 000 [29 000-36 000],32000,29000,36000,,2025-11-11T16:20:50Z,2016,2016-01-01,2016-12-31
6631716,TB_e_inc_tbhiv_num,COUNTRY,LVA,EUR,Europe,YEAR,2011,,,,,,,,,130 [98-180],130,98,180,,2025-11-11T16:20:50Z,2011,2011-01-01,2011-12-31
6632113,TB_e_inc_tbhiv_num,COUNTRY,MDG,AFR,Africa,YEAR,2013,,,,,,,,,1300 [970-1600],1300,970,1600,,2025-11-11T16:20:50Z,2013,2013-01-01,2013-12-31
6632246,TB_e_inc_tbhiv_num,COUNTRY,MYS,WPR,Western Pacific,YEAR,2001,,,,,,,,,2800 [1100-5400],2800,1100,5400,,2025-11-11T16:20:50Z,2001,2001-01-01,2001-12-31
6634894,TB_e_inc_tbhiv_num,COUNTRY,NGA,AFR,Africa,YEAR,2016,,,,,,,,,67 000 [41 000-99 000],67000,41000,99000,,2025-11-11T16:20:50Z,2016,2016-01-01,2016-12-31
6639585,TB_e_inc_tbhiv_num,COUNTRY,COG,AFR,Africa,YEAR,2013,,,,,,,,,7200 [5000-9800],7200,5000,9800,,2025-11-11T16:20:50Z,2013,2013-01-01,2013-12-31
6644644,TB_e_inc_tbhiv_num,COUNTRY,HTI,AMR,Americas,YEAR,2003,,,,,,,,,15 000 [7400-26 000],15000,7400,26000,,2025-11-11T16:20:50Z,2003,2003-01-01,2003-12-31
6645411,TB_e_inc_tbhiv_num,COUNTRY,NZL,WPR,Western Pacific,YEAR,2006,,,,,,,,,9 [3-19],9,3,19,,2025-11-11T16:20:50Z,2006,2006-01-01,2006-12-31
6646565,TB_e_inc_tbhiv_num,COUNTRY,GTM,AMR,Americas,YEAR,2002,,,,,,,,,210 [78-410],210,78,410,,2025-11-11T16:20:50Z,2002,2002-01-01,2002-12-31
6648890,TB_e_inc_tbhiv_num,COUNTRY,NER,AFR,Africa,YEAR,2016,,,,,,,,,960 [610-1400],960,610,1400,,2025-11-11T16:20:50Z,2016,2016-01-01,2016-12-31
6651028,TB_e_inc_tbhiv_num,COUNTRY,HTI,AMR,Americas,YEAR,2011,,,,,,,,,8000 [6000-10 000],8000,6000,10000,,2025-11-11T16:20:50Z,2011,2011-01-01,2011-12-31
6651166,TB_e_inc_tbhiv_num,COUNTRY,ISR,EUR,Europe,YEAR,2005,,,,,,,,,27 [15-41],27,15,41,,2025-11-11T16:20:50Z,2005,2005-01-01,2005-12-31
6652585,TB_e_inc_tbhiv_num,COUNTRY,DOM,AMR,Americas,YEAR,2021,,,,,,,,,1300 [950-1700],1300,950,1700,,2025-11-11T16:20:50Z,2021,2021-01-01,2021-12-31
6652841,TB_e_inc_tbhiv_num,GLOBAL,GLOBAL,,,YEAR,2012,,,,,,,,,1 490 000 [1 160 000-1 870 000],1490000,1160000,1870000,,2025-11-11T16:20:50Z,2012,2012-01-01,2012-12-31
6656314,TB_e_inc_tbhiv_num,COUNTRY,LTU,EUR,Europe,YEAR,2005,,,,,,,,,130 [45-250],130,45,250,,2025-11-11T16:20:50Z,2005,2005-01-01,2005-12-31
6656534,TB_e_inc_tbhiv_num,COUNTRY,NAM,AFR,Africa,YEAR,2017,,,,,,,,,5100 [3200-7400],5100,3200,7400,,2025-11-11T16:20:50Z,2017,2017-01-01,2017-12-31
6657318,TB_e_inc_tbhiv_num,COUNTRY,LBN,EMR,Eastern Mediterranean,YEAR,2019,,,,,,,,,8 [3-18],8,3,18,,2025-11-11T16:20:50Z,2019,2019-01-01,2019-12-31
6659231,TB_e_inc_tbhiv_num,COUNTRY,NGA,AFR,Africa,YEAR,2023,,,,,,,,,25 000 [15 000-36 000],25000,15000,36000,,2025-11-11T16:20:50Z,2023,2023-01-01,2023-12-31
6659422,TB_e_inc_tbhiv_num,COUNTRY,UKR,EUR,Europe,YEAR,2016,,,,,,,,,9400 [7000-12 000],9400,7000,12000,,2025-11-11T16:20:50Z,2016,2016-01-01,2016-12-31
6661489,TB_e_inc_tbhiv_num,COUNTRY,COM,AFR,Africa,YEAR,2021,,,,,,,,,6 [0-22],6,0,22,,2025-11-11T16:20:50Z,2021,2021-01-01,2021-12-31
6663574,TB_e_inc_tbhiv_num,COUNTRY,GBR,EUR,Europe,YEAR,2001,,,,,,,,,710 [290-1300],710,290,1300,,2025-11-11T16:20:50Z,2001,2001-01-01,2001-12-31
6666557,TB_e_inc_tbhiv_num,COUNTRY,NIC,AMR,Americas,YEAR,2003,,,,,,,,,150 [49-310],150,49,310,,2025-11-11T16:20:50Z,2003,2003-01-01,2003-12-31
6671576,TB_e_inc_tbhiv_num,COUNTRY,SUR,AMR,Americas,YEAR,2005,,,,,,,,,41 [17-74],41,17,74,,2025-11-11T16:20:50Z,2005,2005-01-01,2005-12-31
6673296,TB_e_inc_tbhiv_num,COUNTRY,SAU,EMR,Eastern Mediterranean,YEAR,2023,,,,,,,,,65 [48-85],65,48,85,,2025-11-11T16:20:50Z,2023,2023-01-01,2023-12-31
6674147,TB_e_inc_tbhiv_num,COUNTRY,KAZ,EUR,Europe,YEAR,2022,,,,,,,,,700 [520-910],700,520,910,,2025-11-11T16:20:50Z,2022,2022-01-01,2022-12-31
6674884,TB_e_inc_tbhiv_num,COUNTRY,GMB,AFR,Africa,YEAR,2019,,,,,,,,,700 [480-950],700,480,950,,2025-11-11T16:20:50Z,2019,2019-01-01,2019-12-31
6676376,TB_e_inc_tbhiv_num,COUNTRY,BWA,AFR,Africa,YEAR,2001,,,,,,,,,13 000 [10 000-15 000],13000,10000,15000,,2025-11-11T16:20:50Z,2001,2001-01-01,2001-12-31
6680119,TB_e_inc_tbhiv_num,COUNTRY,MKD,EUR,Europe,YEAR,2023,,,,,,,,,1 [0-5],1,0,5,,2025-11-11T16:20:50Z,2023,2023-01-01,2023-12-31
6680298,TB_e_inc_tbhiv_num,COUNTRY,COG,AFR,Africa,YEAR,2015,,,,,,,,,6200 [4200-8700],6200,4200,8700,,2025-11-11T16:20:50Z,2015,2015-01-01,2015-12-31
6681195,TB_e_inc_tbhiv_num,COUNTRY,SLV,AMR,Americas,YEAR,2011,,,,,,,,,270 [200-350],270,200,350,,2025-11-11T16:20:50Z,2011,2011-01-01,2011-12-31
6681825,TB_e_inc_tbhiv_num,COUNTRY,PAN,AMR,Americas,YEAR,2021,,,,,,,,,420 [310-550],420,310,550,,2025-11-11T16:20:50Z,2021,2021-01-01,2021-12-31
6683530,TB_e_inc_tbhiv_num,COUNTRY,LVA,EUR,Europe,YEAR,2008,,,,,,,,,150 [110-190],150,110,190,,2025-11-11T16:20:50Z,2008,2008-01-01,2008-12-31
6685300,TB_e_inc_tbhiv_num,COUNTRY,KIR,WPR,Western Pacific,YEAR,2000,,,,,,,,,11 [8-15],11,8,15,,2025-11-11T16:20:50Z,2000,2000-01-01,2000-12-31
6688127,TB_e_inc_tbhiv_num,COUNTRY,CHL,AMR,Americas,YEAR,2007,,,,,,,,,230 [86-440],230,86,440,,2025-11-11T16:20:50Z,2007,2007-01-01,2007-12-31
6692313,TB_e_inc_tbhiv_num,COUNTRY,THA,SEAR,South-East Asia,YEAR,2011,,,,,,,,,18 000 [9500-29 000],18000,9500,29000,,2025-11-11T16:20:50Z,2011,2011-01-01,2011-12-31
6692630,TB_e_inc_tbhiv_num,COUNTRY,ITA,EUR,Europe,YEAR,2023,,,,,,,,,170 [91-260],170,91,260,,2025-11-11T16:20:50Z,2023,2023-01-01,2023-12-31
6694834,TB_e_inc_tbhiv_num,GLOBAL,GLOBAL,,,YEAR,2016,,,,,,,,,1 070 000 [910 000-1 230 000],1070000,910000,1230000,,2025-11-11T16:20:50Z,2016,2016-01-01,2016-12-31
6695572,TB_e_inc_tbhiv_num,COUNTRY,GEO,EUR,Europe,YEAR,2009,,,,,,,,,140 [49-280],140,49,280,,2025-11-11T16:20:50Z,2009,2009-01-01,2009-12-31
6696165,TB_e_inc_tbhiv_num,COUNTRY,PRY,AMR,Americas,YEAR,2024,,,,,,,,,470 [350-610],470,350,610,,2025-11-11T16:20:50Z,2024,2024-01-01,2024-12-31
6699003,TB_e_inc_tbhiv_num,COUNTRY,LAO,WPR,Western Pacific,YEAR,2018,,,,,,,,,730 [440-1100],730,440,1100,,2025-11-11T16:20:50Z,2018,2018-01-01,2018-12-31
6702323,TB_e_inc_tbhiv_num,COUNTRY,LKA,SEAR,South-East Asia,YEAR,2007,,,,,,,,,41 [28-58],41,28,58,,2025-11-11T16:20:50Z,2007,2007-01-01,2007-12-31
6702492,TB_e_inc_tbhiv_num,COUNTRY,DZA,AFR,Africa,YEAR,2018,,,,,,,,,260 [140-410],260,140,410,,2025-11-11T16:20:50Z,2018,2018-01-01,2018-12-31
6702772,TB_e_inc_tbhiv_num,COUNTRY,GUY,AMR,Americas,YEAR,2014,,,,,,,,,190 [140-250],190,140,250,,2025-11-11T16:20:50Z,2014,2014-01-01,2014-12-31
6704024,TB_e_inc_tbhiv_num,COUNTRY,SWZ,AFR,Africa,YEAR,2009,,,,,,,,,15 000 [510-51 000],15000,510,51000,,2025-11-11T16:20:50Z,2009,2009-01-01,2009-12-31
6706955,TB_e_inc_tbhiv_num,COUNTRY,CHE,EUR,Europe,YEAR,2013,,,,,,,,,29 [16-46],29,16,46,,2025-11-11T16:20:50Z,2013,2013-01-01,2013-12-31
6712343,TB_e_inc_tbhiv_num,REGION,EMR,,,YEAR,2012,,,,,,,,,14 000 [2500-36 000],14000,2500,36000,,2025-11-11T16:20:50Z,2012,2012-01-01,2012-12-31
6713180,TB_e_inc_tbhiv_num,COUNTRY,BOL,AMR,Americas,YEAR,2019,,,,,,,,,530 [390-700],530,390,700,,2025-11-11T16:20:50Z,2019,2019-01-01,2019-12-31
6713908,TB_e_inc_tbhiv_num,COUNTRY,DOM,AMR,Americas,YEAR,2009,,,,,,,,,580 [430-750],580,430,750,,2025-11-11T16:20:50Z,2009,2009-01-01,2009-12-31
6714658,TB_e_inc_tbhiv_num,COUNTRY,HTI,AMR,Americas,YEAR,2009,,,,,,,,,9400 [7000-12 000],9400,7000,12000,,2025-11-11T16:20:50Z,2009,2009-01-01,2009-12-31
6719379,TB_e_inc_tbhiv_num,COUNTRY,SUR,AMR,Americas,YEAR,2020,,,,,,,,,34 [21-50],34,21,50,,2025-11-11T16:20:50Z,2020,2020-01-01,2020-12-31
6719848,TB_e_inc_tbhiv_num,COUNTRY,VNM,WPR,Western Pacific,YEAR,2013,,,,,,,,,12 000 [6300-19 000],12000,6300,19000,,2025-11-11T16:20:50Z,2013,2013-01-01,2013-12-31
6725704,TB_e_inc_tbhiv_num,COUNTRY,COD,AFR,Africa,YEAR,2003,,,,,,,,,78 000 [23 000-164 000],78000,23000,164000,,2025-11-11T16:20:50Z,2003,2003-01-01,2003-12-31
6726907,TB_e_inc_tbhiv_num,COUNTRY,MAR,EMR,Eastern Mediterranean,YEAR,2024,,,,,,,,,530 [390-690],530,390,690,,2025-11-11T16:20:50Z,2024,2024-01-01,2024-12-31
6728251,TB_e_inc_tbhiv_num,COUNTRY,MWI,AFR,Africa,YEAR,2014,,,,,,,,,20 000 [6700-41 000],20000,6700,41000,,2025-11-11T16:20:50Z,2014,2014-01-01,2014-12-31
6731414,TB_e_inc_tbhiv_num,COUNTRY,MYS,WPR,Western Pacific,YEAR,2019,,,,,,,,,2000 [1500-2600],2000,1500,2600,,2025-11-11T16:20:50Z,2019,2019-01-01,2019-12-31
6732505,TB_e_inc_tbhiv_num,COUNTRY,MDG,AFR,Africa,YEAR,2008,,,,,,,,,630 [210-1300],630,210,1300,,2025-11-11T16:20:50Z,2008,2008-01-01,2008-12-31
6732543,TB_e_inc_tbhiv_num,COUNTRY,UGA,AFR,Africa,YEAR,2004,,,,,,,,,33 000 [17 000-54 000],33000,17000,54000,,2025-11-11T16:20:50Z,2004,2004-01-01,2004-12-31
6735132,TB_e_inc_tbhiv_num,COUNTRY,LTU,EUR,Europe,YEAR,2022,,,,,,,,,27 [15-42],27,15,42,,2025-11-11T16:20:50Z,2022,2022-01-01,2022-12-31
6735468,TB_e_inc_tbhiv_num,COUNTRY,PAK,EMR,Eastern Mediterranean,YEAR,2006,,,,,,,,,1900 [37-7300],1900,37,7300,,2025-11-11T16:20:50Z,2006,2006-01-01,2006-12-31
6738830,TB_e_inc_tbhiv_num,COUNTRY,NOR,EUR,Europe,YEAR,2002,,,,,,,,,15 [6-29],15,6,29,,2025-11-11T16:20:50Z,2002,2002-01-01,2002-12-31
6740160,TB_e_inc_tbhiv_num,COUNTRY,COL,AMR,Americas,YEAR,2000,,,,,,,,,2700 [1000-5300],2700,1000,5300,,2025-11-11T16:20:50Z,2000,2000-01-01,2000-12-31
6741496,TB_e_inc_tbhiv_num,COUNTRY,AFG,EMR,Eastern Mediterranean,YEAR,2008,,,,,,,,,13 [1-39],13,1,39,,2025-11-11T16:20:50Z,2008,2008-01-01,2008-12-31
6743012,TB_e_inc_tbhiv_num,COUNTRY,GRC,EUR,Europe,YEAR,2013,,,,,,,,,21 [12-34],21,12,34,,2025-11-11T16:20:50Z,2013,2013-01-01,2013-12-31
6745855,TB_e_inc_tbhiv_num,COUNTRY,ITA,EUR,Europe,YEAR,2001,,,,,,,,,860 [500-1300],860,500,1300,,2025-11-11T16:20:50Z,2001,2001-01-01,2001-12-31
6747016,TB_e_inc_tbhiv_num,COUNTRY,CAN,AMR,Americas,YEAR,2011,,,,,,,,,78 [28-150],78,28,150,,2025-11-11T16:20:50Z,2011,2011-01-01,2011-12-31
6747167,TB_e_inc_tbhiv_num,COUNTRY,NGA,AFR,Africa,YEAR,2024,,,,,,,,,25 000 [15 000-36 000],25000,15000,36000,,2025-11-11T16:20:50Z,2024,2024-01-01,2024-12-31
6753367,TB_e_inc_tbhiv_num,COUNTRY,MHL,WPR,Western Pacific,YEAR,2005,,,,,,,,,0 [0-0],0,0,0,,2025-11-11T16:20:50Z,2005,2005-01-01,2005-12-31
6753741,TB_e_inc_tbhiv_num,COUNTRY,LBY,EMR,Eastern Mediterranean,YEAR,2017,,,,,,,,,60 [16-130],60,16,130,,2025-11-11T16:20:50Z,2017,2017-01-01,2017-12-31
6755136,TB_e_inc_tbhiv_num,COUNTRY,ECU,AMR,Americas,YEAR,2018,,,,,,,,,1000 [760-1300],1000,760,1300,,2025-11-11T16:20:50Z,2018,2018-01-01,2018-12-31
6755607,TB_e_inc_tbhiv_num,COUNTRY,LSO,AFR,Africa,YEAR,2005,,,,,,,,,17 000 [6100-33 000],17000,6100,33000,,2025-11-11T16:20:50Z,2005,2005-01-01,2005-12-31
6755953,TB_e_inc_tbhiv_num,COUNTRY,IRN,EMR,Eastern Mediterranean,YEAR,2003,,,,,,,,,430 [110-960],430,110,960,,2025-11-11T16:20:50Z,2003,2003-01-01,2003-12-31
6761951,TB_e_inc_tbhiv_num,COUNTRY,CMR,AFR,Africa,YEAR,2001,,,,,,,,,9700 [5400-15 000],9700,5400,15000,,2025-11-11T16:20:50Z,2001,2001-01-01,2001-12-31
6762649,TB_e_inc_tbhiv_num,COUNTRY,BTN,SEAR,South-East Asia,YEAR,2014,,,,,,,,,22 [10-40],22,10,40,,2025-11-11T16:20:50Z,2014,2014-01-01,2014-12-31
6766826,TB_e_inc_tbhiv_num,COUNTRY,ARG,AMR,Americas,YEAR,2009,,,,,,,,,780 [440-1200],780,440,1200,,2025-11-11T16:20:50Z,2009,2009-01-01,2009-12-31
6767097,TB_e_inc_tbhiv_num,COUNTRY,KGZ,EUR,Europe,YEAR,2013,,,,,,,,,310 [110-610],310,110,610,,2025-11-11T16:20:50Z,2013,2013-01-01,2013-12-31
6770186,TB_e_inc_tbhiv_num,COUNTRY,LUX,EUR,Europe,YEAR,2009,,,,,,,,,2 [1-3],2,1,3,,2025-11-11T16:20:50Z,2009,2009-01-01,2009-12-31
6773440,TB_e_inc_tbhiv_num,COUNTRY,TUR,EUR,Europe,YEAR,2018,,,,,,,,,120 [91-160],120,91,160,,2025-11-11T16:20:50Z,2018,2018-01-01,2018-12-31
6775013,TB_e_inc_tbhiv_num,COUNTRY,LBN,EMR,Eastern Mediterranean,YEAR,2004,,,,,,,,,4 [1-7],4,1,7,,2025-11-11T16:20:50Z,2004,2004-01-01,2004-12-31
6775848,TB_e_inc_tbhiv_num,COUNTRY,GUY,AMR,Americas,YEAR,2019,,,,,,,,,120 [91-160],120,91,160,,2025-11-11T16:20:50Z,2019,2019-01-01,2019-12-31
6782828,TB_e_inc_tbhiv_num,COUNTRY,NIC,AMR,Americas,YEAR,2022,,,,,,,,,190 [140-240],190,140,240,,2025-11-11T16:20:50Z,2022,2022-01-01,2022-12-31
6788053,TB_e_inc_tbhiv_num,COUNTRY,CHL,AMR,Americas,YEAR,2009,,,,,,,,,220 [82-420],220,82,420,,2025-11-11T16:20:50Z,2009,2009-01-01,2009-12-31
6791591,TB_e_inc_tbhiv_num,COUNTRY,BGD,SEAR,South-East Asia,YEAR,2020,,,,,,,,,720 [360-1200],720,360,1200,,2025-11-11T16:20:50Z,2020,2020-01-01,2020-12-31
6793628,TB_e_inc_tbhiv_num,COUNTRY,BDI,AFR,Africa,YEAR,2000,,,,,,,,,6700 [4000-10 000],6700,4000,10000,,2025-11-11T16:20:50Z,2000,2000-01-01,2000-12-31
6794495,TB_e_inc_tbhiv_num,COUNTRY,TKM,EUR,Europe,YEAR,2018,,,,,,,,,660 [360-1000],660,360,1000,,2025-11-11T16:20:50Z,2018,2018-01-01,2018-12-31
6799317,TB_e_inc_tbhiv_num,COUNTRY,GNQ,AFR,Africa,YEAR,2020,,,,,,,,,1500 [660-2800],1500,660,2800,,2025-11-11T16:20:50Z,2020,2020-01-01,2020-12-31
6800557,TB_e_inc_tbhiv_num,COUNTRY,NZL,WPR,Western Pacific,YEAR,2004,,,,,,,,,14 [5-27],14,5,27,,2025-11-11T16:20:50Z,2004,2004-01-01,2004-12-31
6801652,TB_e_inc_tbhiv_num,COUNTRY,RUS,EUR,Europe,YEAR,2021,,,,,,,,,18 000 [11 000-27 000],18000,11000,27000,,2025-11-11T16:20:50Z,2021,2021-01-01,2021-12-31
6802721,TB_e_inc_tbhiv_num,COUNTRY,CZE,EUR,Europe,YEAR,2007,,,,,,,,,6 [3-10],6,3,10,,2025-11-11T16:20:50Z,2007,2007-01-01,2007-12-31
6804526,TB_e_inc_tbhiv_num,COUNTRY,LKA,SEAR,South-East Asia,YEAR,2002,,,,,,,,,120 [41-240],120,41,240,,2025-11-11T16:20:50Z,2002,2002-01-01,2002-12-31
6806365,TB_e_inc_tbhiv_num,COUNTRY,SWE,EUR,Europe,YEAR,2017,,,,,,,,,12 [6-20],12,6,20,,2025-11-11T16:20:50Z,2017,2017-01-01,2017-12-31
6808643,TB_e_inc_tbhiv_num,COUNTRY,NER,AFR,Africa,YEAR,2010,,,,,,,,,2300 [1600-3100],2300,1600,3100,,2025-11-11T16:20:50Z,2010,2010-01-01,2010-12-31
6809634,TB_e_inc_tbhiv_num,COUNTRY,BHR,EMR,Eastern Mediterranean,YEAR,2007,,,,,,,,,17 [7-30],17,7,30,,2025-11-11T16:20:50Z,2007,2007-01-01,2007-12-31
6809687,TB_e_inc_tbhiv_num,COUNTRY,BIH,EUR,Europe,YEAR,2008,,,,,,,,,3 [2-6],3,2,6,,2025-11-11T16:20:50Z,2008,2008-01-01,2008-12-31
6815217,TB_e_inc_tbhiv_num,COUNTRY,MUS,AFR,Africa,YEAR,2003,,,,,,,,,8 [1-21],8,1,21,,2025-11-11T16:20:50Z,2003,2003-01-01,2003-12-31
6819201,TB_e_inc_tbhiv_num,COUNTRY,PRI,AMR,Americas,YEAR,2015,,,,,,,,,13 [6-22],13,6,22,,2025-11-11T16:20:50Z,2015,2015-01-01,2015-12-31
6820826,TB_e_inc_tbhiv_num,COUNTRY,MYS,WPR,Western Pacific,YEAR,2017,,,,,,,,,2100 [1500-2700],2100,1500,2700,,2025-11-11T16:20:50Z,2017,2017-01-01,2017-12-31
6821860,TB_e_inc_tbhiv_num,COUNTRY,ERI,AFR,Africa,YEAR,2005,,,,,,,,,2100 [840-3900],2100,840,3900,,2025-11-11T16:20:50Z,2005,2005-01-01,2005-12-31
6823335,TB_e_inc_tbhiv_num,COUNTRY,GBR,EUR,Europe,YEAR,2009,,,,,,,,,400 [150-770],400,150,770,,2025-11-11T16:20:50Z,2009,2009-01-01,2009-12-31
6824069,TB_e_inc_tbhiv_num,COUNTRY,RWA,AFR,Africa,YEAR,2010,,,,,,,,,2700 [1800-3700],2700,1800,3700,,2025-11-11T16:20:50Z,2010,2010-01-01,2010-12-31
6829233,TB_e_inc_tbhiv_num,COUNTRY,ALB,EUR,Europe,YEAR,2010,,,,,,,,,3 [1-7],3,1,7,,2025-11-11T16:20:50Z,2010,2010-01-01,2010-12-31
6831906,TB_e_inc_tbhiv_num,COUNTRY,PNG,WPR,Western Pacific,YEAR,2017,,,,,,,,,6200 [2400-12 000],6200,2400,12000,,2025-11-11T16:20:50Z,2017,2017-01-01,2017-12-31
6833368,TB_e_inc_tbhiv_num,COUNTRY,GUY,AMR,Americas,YEAR,2005,,,,,,,,,200 [150-260],200,150,260,,2025-11-11T16:20:50Z,2005,2005-01-01,2005-12-31
6835921,TB_e_inc_tbhiv_num,COUNTRY,ARE,EMR,Eastern Mediterranean,YEAR,2021,,,,,,,,,2 [0-6],2,0,6,,2025-11-11T16:20:50Z,2021,2021-01-01,2021-12-31
6837502,TB_e_inc_tbhiv_num,COUNTRY,MUS,AFR,Africa,YEAR,2016,,,,,,,,,26 [14-41],26,14,41,,2025-11-11T16:20:50Z,2016,2016-01-01,2016-12-31
6839558,TB_e_inc_tbhiv_num,COUNTRY,POL,EUR,Europe,YEAR,2006,,,,,,,,,170 [91-270],170,91,270,,2025-11-11T16:20:50Z,2006,2006-01-01,2006-12-31
6840632,TB_e_inc_tbhiv_num,COUNTRY,GTM,AMR,Americas,YEAR,2019,,,,,,,,,500 [370-640],500,370,640,,2025-11-11T16:20:50Z,2019,2019-01-01,2019-12-31
6840926,TB_e_inc_tbhiv_num,COUNTRY,MAC,,,YEAR,2007,,,,,,,,,8 [2-20],8,2,20,,2025-11-11T16:20:50Z,2007,2007-01-01,2007-12-31
6841637,TB_e_inc_tbhiv_num,COUNTRY,VNM,WPR,Western Pacific,YEAR,2017,,,,,,,,,6600 [3800-10 000],6600,3800,10000,,2025-11-11T16:20:50Z,2017,2017-01-01,2017-12-31
6845593,TB_e_inc_tbhiv_num,COUNTRY,AFG,EMR,Eastern Mediterranean,YEAR,2001,,,,,,,,,5 [0-16],5,0,16,,2025-11-11T16:20:50Z,2001,2001-01-01,2001-12-31
6846445,TB_e_inc_tbhiv_num,COUNTRY,TJK,EUR,Europe,YEAR,2006,,,,,,,,,88 [30-180],88,30,180,,2025-11-11T16:20:50Z,2006,2006-01-01,2006-12-31
6848645,TB_e_inc_tbhiv_num,COUNTRY,SRB,EUR,Europe,YEAR,2013,,,,,,,,,10 [5-16],10,5,16,,2025-11-11T16:20:50Z,2013,2013-01-01,2013-12-31
6849347,TB_e_inc_tbhiv_num,COUNTRY,KIR,WPR,Western Pacific,YEAR,2012,,,,,,,,,0 [0-0],0,0,0,,2025-11-11T16:20:50Z,2012,2012-01-01,2012-12-31
6850642,TB_e_inc_tbhiv_num,COUNTRY,GNQ,AFR,Africa,YEAR,2005,,,,,,,,,1200 [410-2400],1200,410,2400,,2025-11-11T16:20:50Z,2005,2005-01-01,2005-12-31
6851434,TB_e_inc_tbhiv_num,WORLDBANKINCOMEGROUP,WB_HI,,,YEAR,2015,,,,,,,,,16 000 [7700-27 000],16000,7700,27000,,2025-11-11T16:20:50Z,2015,2015-01-01,2015-12-31
6855153,TB_e_inc_tbhiv_num,COUNTRY,SRB,EUR,Europe,YEAR,2016,,,,,,,,,6 [3-10],6,3,10,,2025-11-11T16:20:50Z,2016,2016-01-01,2016-12-31
6855839,TB_e_inc_tbhiv_num,COUNTRY,NER,AFR,Africa,YEAR,2012,,,,,,,,,1200 [430-2400],1200,430,2400,,2025-11-11T16:20:50Z,2012,2012-01-01,2012-12-31
6864374,TB_e_inc_tbhiv_num,COUNTRY,AGO,AFR,Africa,YEAR,2014,,,,,,,,,28 000 [13 000-49 000],28000,13000,49000,,2025-11-11T16:20:50Z,2014,2014-01-01,2014-12-31
6864419,TB_e_inc_tbhiv_num,COUNTRY,KWT,EMR,Eastern Mediterranean,YEAR,2012,,,,,,,,,27 [20-35],27,20,35,,2025-11-11T16:20:50Z,2012,2012-01-01,2012-12-31
6865944,TB_e_inc_tbhiv_num,COUNTRY,SLE,AFR,Africa,YEAR,2023,,,,,,,,,4300 [1900-7700],4300,1900,7700,,2025-11-11T16:20:50Z,2023,2023-01-01,2023-12-31
6867003,TB_e_inc_tbhiv_num,COUNTRY,CHL,AMR,Americas,YEAR,2011,,,,,,,,,220 [83-420],220,83,420,,2025-11-11T16:20:50Z,2011,2011-01-01,2011-12-31
6873028,TB_e_inc_tbhiv_num,COUNTRY,KWT,EMR,Eastern Mediterranean,YEAR,2000,,,,,,,,,4 [1-11],4,1,11,,2025-11-11T16:20:50Z,2000,2000-01-01,2000-12-31
6873189,TB_e_inc_tbhiv_num,COUNTRY,SVK,EUR,Europe,YEAR,2013,,,,,,,,,0 [0-0],0,0,0,,2025-11-11T16:20:50Z,2013,2013-01-01,2013-12-31
6878387,TB_e_inc_tbhiv_num,COUNTRY,NZL,WPR,Western Pacific,YEAR,2014,,,,,,,,,3 [0-10],3,0,10,,2025-11-11T16:20:50Z,2014,2014-01-01,2014-12-31
6883332,TB_e_inc_tbhiv_num,COUNTRY,MNG,WPR,Western Pacific,YEAR,2010,,,,,,,,,5 [0-19],5,0,19,,2025-11-11T16:20:50Z,2010,2010-01-01,2010-12-31
6885598,TB_e_inc_tbhiv_num,COUNTRY,MUS,AFR,Africa,YEAR,2018,,,,,,,,,44 [28-63],44,28,63,,2025-11-11T16:20:50Z,2018,2018-01-01,2018-12-31
6885677,TB_e_inc_tbhiv_num,REGION,SEAR,,,YEAR,2012,,,,,,,,,238 000 [85 000-470 000],238000,85000,470000,,2025-11-11T16:20:50Z,2012,2012-01-01,2012-12-31
6886016,TB_e_inc_tbhiv_num,COUNTRY,ITA,EUR,Europe,YEAR,2003,,,,,,,,,720 [410-1100],720,410,1100,,2025-11-11T16:20:50Z,2003,2003-01-01,2003-12-31
6898728,TB_e_inc_tbhiv_num,COUNTRY,BRN,WPR,Western Pacific,YEAR,2020,,,,,,,,,6 [2-14],6,2,14,,2025-11-11T16:20:50Z,2020,2020-01-01,2020-12-31
6899547,TB_e_inc_tbhiv_num,COUNTRY,PSE,EMR,Eastern Mediterranean,YEAR,2003,,,,,,,,,0 [0-0],0,0,0,,2025-11-11T16:20:50Z,2003,2003-01-01,2003-12-31
6901623,TB_e_inc_tbhiv_num,COUNTRY,BOL,AMR,Americas,YEAR,2021,,,,,,,,,510 [380-650],510,380,650,,2025-11-11T16:20:50Z,2021,2021-01-01,2021-12-31
6904601,TB_e_inc_tbhiv_num,COUNTRY,SRB,EUR,Europe,YEAR,2008,,,,,,,,,9 [5-15],9,5,15,,2025-11-11T16:20:50Z,2008,2008-01-01,2008-12-31
6904643,TB_e_inc_tbhiv_num,COUNTRY,UKR,EUR,Europe,YEAR,2015,,,,,,,,,11 000 [8300-14 000],11000,8300,14000,,2025-11-11T16:20:50Z,2015,2015-01-01,2015-12-31
6904657,TB_e_inc_tbhiv_num,COUNTRY,FIN,EUR,Europe,YEAR,2014,,,,,,,,,4 [2-6],4,2,6,,2025-11-11T16:20:50Z,2014,2014-01-01,2014-12-31
6909137,TB_e_inc_tbhiv_num,COUNTRY,LVA,EUR,Europe,YEAR,2021,,,,,,,,,27 [9-55],27,9,55,,2025-11-11T16:20:50Z,2021,2021-01-01,2021-12-31
6917128,TB_e_inc_tbhiv_num,COUNTRY,MOZ,AFR,Africa,YEAR,2005,,,,,,,,,42 000 [23 000-67 000],42000,23000,67000,,2025-11-11T16:20:50Z,2005,2005-01-01,2005-12-31
6919537,TB_e_inc_tbhiv_num,COUNTRY,THA,SEAR,South-East Asia,YEAR,2022,,,,,,,,,9000 [6300-12 000],9000,6300,12000,,2025-11-11T16:20:50Z,2022,2022-01-01,2022-12-31
6921568,TB_e_inc_tbhiv_num,COUNTRY,AGO,AFR,Africa,YEAR,2007,,,,,,,,,9500 [7600-12 000],9500,7600,12000,,2025-11-11T16:20:50Z,2007,2007-01-01,2007-12-31
6926796,TB_e_inc_tbhiv_num,COUNTRY,MDV,SEAR,South-East Asia,YEAR,2024,,,,,,,,,0 [0-0],0,0,0,,2025-11-11T16:20:50Z,2024,2024-01-01,2024-12-31
6927605,TB_e_inc_tbhiv_num,COUNTRY,PER,AMR,Americas,YEAR,2024,,,,,,,,,2600 [1600-3900],2600,1600,3900,,2025-11-11T16:20:50Z,2024,2024-01-01,2024-12-31
6929206,TB_e_inc_tbhiv_num,COUNTRY,HND,AMR,Americas,YEAR,2005,,,,,,,,,680 [260-1300],680,260,1300,,2025-11-11T16:20:50Z,2005,2005-01-01,2005-12-31
6930671,TB_e_inc_tbhiv_num,COUNTRY,ERI,AFR,Africa,YEAR,2001,,,,,,,,,2900 [1300-5200],2900,1300,5200,,2025-11-11T16:20:50Z,2001,2001-01-01,2001-12-31
6932269,TB_e_inc_tbhiv_num,COUNTRY,VNM,WPR,Western Pacific,YEAR,2018,,,,,,,,,6000 [3500-9100],6000,3500,9100,,2025-11-11T16:20:50Z,2018,2018-01-01,2018-12-31
6932278,TB_e_inc_tbhiv_num,COUNTRY,HRV,EUR,Europe,YEAR,2008,,,,,,,,,11 [6-18],11,6,18,,2025-11-11T16:20:50Z,2008,2008-01-01,2008-12-31
6932756,TB_e_inc_tbhiv_num,COUNTRY,TUR,EUR,Europe,YEAR,2024,,,,,,,,,160 [120-200],160,120,200,,2025-11-11T16:20:50Z,2024,2024-01-01,2024-12-31
6934548,TB_e_inc_tbhiv_num,COUNTRY,TCD,AFR,Africa,YEAR,2016,,,,,,,,,5100 [3700-6600],5100,3700,6600,,2025-11-11T16:20:50Z,2016,2016-01-01,2016-12-31
6935647,TB_e_inc_tbhiv_num,COUNTRY,CIV,AFR,Africa,YEAR,2005,,,,,,,,,20 000 [12 000-31 000],20000,12000,31000,,2025-11-11T16:20:50Z,2005,2005-01-01,2005-12-31
6939866,TB_e_inc_tbhiv_num,COUNTRY,VEN,AMR,Americas,YEAR,2016,,,,,,,,,1200 [920-1600],1200,920,1600,,2025-11-11T16:20:50Z,2016,2016-01-01,2016-12-31
6950883,TB_e_inc_tbhiv_num,COUNTRY,OMN,EMR,Eastern Mediterranean,YEAR,2021,,,,,,,,,6 [1-14],6,1,14,,2025-11-11T16:20:50Z,2021,2021-01-01,2021-12-31
6954651,TB_e_inc_tbhiv_num,COUNTRY,KWT,EMR,Eastern Mediterranean,YEAR,2020,,,,,,,,,3 [1-7],3,1,7,,2025-11-11T16:20:50Z,2020,2020-01-01,2020-12-31
6956226,TB_e_inc_tbhiv_num,COUNTRY,BLR,EUR,Europe,YEAR,2005,,,,,,,,,190 [65-390],190,65,390,,2025-11-11T16:20:50Z,2005,2005-01-01,2005-12-31
6957777,TB_e_inc_tbhiv_num,COUNTRY,PHL,WPR,Western Pacific,YEAR,2014,,,,,,,,,4400 [2000-7600],4400,2000,7600,,2025-11-11T16:20:50Z,2014,2014-01-01,2014-12-31
6961774,TB_e_inc_tbhiv_num,COUNTRY,VUT,WPR,Western Pacific,YEAR,2013,,,,,,,,,98 [64-140],98,64,140,,2025-11-11T16:20:50Z,2013,2013-01-01,2013-12-31
6962425,TB_e_inc_tbhiv_num,COUNTRY,COM,AFR,Africa,YEAR,2009,,,,,,,,,1 [0-4],1,0,4,,2025-11-11T16:20:50Z,2009,2009-01-01,2009-12-31
6967428,TB_e_inc_tbhiv_num,COUNTRY,MDA,EUR,Europe,YEAR,2013,,,,,,,,,280 [210-360],280,210,360,,2025-11-11T16:20:50Z,2013,2013-01-01,2013-12-31
6968678,TB_e_inc_tbhiv_num,COUNTRY,LSO,AFR,Africa,YEAR,2002,,,,,,,,,14 000 [6100-26 000],14000,6100,26000,,2025-11-11T16:20:50Z,2002,2002-01-01,2002-12-31
6979004,TB_e_inc_tbhiv_num,COUNTRY,CHE,EUR,Europe,YEAR,2006,,,,,,,,,52 [29-82],52,29,82,,2025-11-11T16:20:50Z,2006,2006-01-01,2006-12-31
6979436,TB_e_inc_tbhiv_num,COUNTRY,YEM,EMR,Eastern Mediterranean,YEAR,2010,,,,,,,,,86 [47-140],86,47,140,,2025-11-11T16:20:50Z,2010,2010-01-01,2010-12-31
6979982,TB_e_inc_tbhiv_num,COUNTRY,LSO,AFR,Africa,YEAR,2018,,,,,,,,,9500 [5600-15 000],9500,5600,15000,,2025-11-11T16:20:50Z,2018,2018-01-01,2018-12-31
6983716,TB_e_inc_tbhiv_num,COUNTRY,MAC,,,YEAR,2004,,,,,,,,,0 [0-0],0,0,0,,2025-11-11T16:20:50Z,2004,2004-01-01,2004-12-31
6984117,TB_e_inc_tbhiv_num,COUNTRY,UGA,AFR,Africa,YEAR,2011,,,,,,,,,36 000 [23 000-52 000],36000,23000,52000,,2025-11-11T16:20:50Z,2011,2011-01-01,2011-12-31
6985515,TB_e_inc_tbhiv_num,COUNTRY,CZE,EUR,Europe,YEAR,2000,,,,,,,,,15 [8-24],15,8,24,,2025-11-11T16:20:50Z,2000,2000-01-01,2000-12-31
6986501,TB_e_inc_tbhiv_num,COUNTRY,PSE,EMR,Eastern Mediterranean,YEAR,2002,,,,,,,,,0 [0-0],0,0,0,,2025-11-11T16:20:50Z,2002,2002-01-01,2002-12-31
6987220,TB_e_inc_tbhiv_num,COUNTRY,MAC,,,YEAR,2001,,,,,,,,,3 [0-15],3,0,15,,2025-11-11T16:20:50Z,2001,2001-01-01,2001-12-31
6989267,TB_e_inc_tbhiv_num,COUNTRY,SEN,AFR,Africa,YEAR,2007,,,,,,,,,2500 [1000-4700],2500,1000,4700,,2025-11-11T16:20:50Z,2007,2007-01-01,2007-12-31
6996311,TB_e_inc_tbhiv_num,COUNTRY,MDG,AFR,Africa,YEAR,2015,,,,,,,,,1400 [480-2700],1400,480,2700,,2025-11-11T16:20:50Z,2015,2015-01-01,2015-12-31
7004219,TB_e_inc_tbhiv_num,COUNTRY,LAO,WPR,Western Pacific,YEAR,2014,,,,,,,,,970 [530-1500],970,530,1500,,2025-11-11T16:20:50Z,2014,2014-01-01,2014-12-31
7008006,TB_e_inc_tbhiv_num,COUNTRY,MLI,AFR,Africa,YEAR,2002,,,,,,,,,2400 [900-4500],2400,900,4500,,2025-11-11T16:20:50Z,2002,2002-01-01,2002-12-31
7012143,TB_e_inc_tbhiv_num,COUNTRY,BTN,SEAR,South-East Asia,YEAR,2002,,,,,,,,,130 [24-310],130,24,310,,2025-11-11T16:20:50Z,2002,2002-01-01,2002-12-31
7014686,TB_e_inc_tbhiv_num,COUNTRY,NER,AFR,Africa,YEAR,2009,,,,,,,,,2300 [1600-3000],2300,1600,3000,,2025-11-11T16:20:50Z,2009,2009-01-01,2009-12-31
7015523,TB_e_inc_tbhiv_num,COUNTRY,STP,AFR,Africa,YEAR,2016,,,,,,,,,70 [47-98],70,47,98,,2025-11-11T16:20:50Z,2016,2016-01-01,2016-12-31
7015640,TB_e_inc_tbhiv_num,COUNTRY,ESP,EUR,Europe,YEAR,2012,,,,,,,,,620 [460-810],620,460,810,,2025-11-11T16:20:50Z,2012,2012-01-01,2012-12-31
7015671,TB_e_inc_tbhiv_num,COUNTRY,BEN,AFR,Africa,YEAR,2022,,,,,,,,,820 [280-1700],820,280,1700,,2025-11-11T16:20:50Z,2022,2022-01-01,2022-12-31
7016555,TB_e_inc_tbhiv_num,COUNTRY,BRN,WPR,Western Pacific,YEAR,2019,,,,,,,,,3 [0-9],3,0,9,,2025-11-11T16:20:50Z,2019,2019-01-01,2019-12-31
7018612,TB_e_inc_tbhiv_num,COUNTRY,HUN,EUR,Europe,YEAR,2008,,,,,,,,,15 [8-24],15,8,24,,2025-11-11T16:20:50Z,2008,2008-01-01,2008-12-31
7019433,TB_e_inc_tbhiv_num,COUNTRY,KIR,WPR,Western Pacific,YEAR,2022,,,,,,,,,4 [0-15],4,0,15,,2025-11-11T16:20:50Z,2022,2022-01-01,2022-12-31
7022122,TB_e_inc_tbhiv_num,COUNTRY,BHS,AMR,Americas,YEAR,2021,,,,,,,,,19 [11-29],19,11,29,,2025-11-11T16:20:50Z,2021,2021-01-01,2021-12-31
7022259,TB_e_inc_tbhiv_num,COUNTRY,GNB,AFR,Africa,YEAR,2007,,,,,,,,,1800 [1000-2700],1800,1000,2700,,2025-11-11T16:20:50Z,2007,2007-01-01,2007-12-31
7023690,TB_e_inc_tbhiv_num,COUNTRY,UKR,EUR,Europe,YEAR,2001,,,,,,,,,13 000 [5100-24 000],13000,5100,24000,,2025-11-11T16:20:50Z,2001,2001-01-01,2001-12-31
7024192,TB_e_inc_tbhiv_num,COUNTRY,TGO,AFR,Africa,YEAR,2010,,,,,,,,,1500 [900-2100],1500,900,2100,,2025-11-11T16:20:50Z,2010,2010-01-01,2010-12-31
7027668,TB_e_inc_tbhiv_num,COUNTRY,KWT,EMR,Eastern Mediterranean,YEAR,2004,,,,,,,,,3 [0-9],3,0,9,,2025-11-11T16:20:50Z,2004,2004-01-01,2004-12-31
7029639,TB_e_inc_tbhiv_num,COUNTRY,VUT,WPR,Western Pacific,YEAR,2020,,,,,,,,,0 [0-0],0,0,0,,2025-11-11T16:20:50Z,2020,2020-01-01,2020-12-31
7034773,TB_e_inc_tbhiv_num,COUNTRY,CAF,AFR,Africa,YEAR,2018,,,,,,,,,6000 [2700-11 000],6000,2700,11000,,2025-11-11T16:20:50Z,2018,2018-01-01,2018-12-31
7036165,TB_e_inc_tbhiv_num,COUNTRY,HRV,EUR,Europe,YEAR,2009,,,,,,,,,10 [5-16],10,5,16,,2025-11-11T16:20:50Z,2009,2009-01-01,2009-12-31
7037712,TB_e_inc_tbhiv_num,COUNTRY,HND,AMR,Americas,YEAR,2003,,,,,,,,,430 [320-560],430,320,560,,2025-11-11T16:20:50Z,2003,2003-01-01,2003-12-31
7038609,TB_e_inc_tbhiv_num,COUNTRY,CMR,AFR,Africa,YEAR,2007,,,,,,,,,23 000 [13 000-35 000],23000,13000,35000,,2025-11-11T16:20:50Z,2007,2007-01-01,2007-12-31
7041473,TB_e_inc_tbhiv_num,COUNTRY,CYP,EUR,Europe,YEAR,2005,,,,,,,,,3 [2-5],3,2,5,,2025-11-11T16:20:50Z,2005,2005-01-01,2005-12-31
7041858,TB_e_inc_tbhiv_num,COUNTRY,BEN,AFR,Africa,YEAR,2020,,,,,,,,,890 [370-1600],890,370,1600,,2025-11-11T16:20:50Z,2020,2020-01-01,2020-12-31
7042099,TB_e_inc_tbhiv_num,COUNTRY,BGD,SEAR,South-East Asia,YEAR,2010,,,,,,,,,570 [290-940],570,290,940,,2025-11-11T16:20:50Z,2010,2010-01-01,2010-12-31
7042608,TB_e_inc_tbhiv_num,COUNTRY,BWA,AFR,Africa,YEAR,2007,,,,,,,,,9200 [7400-11 000],9200,7400,11000,,2025-11-11T16:20:50Z,2007,2007-01-01,2007-12-31
7043868,TB_e_inc_tbhiv_num,COUNTRY,GEO,EUR,Europe,YEAR,2001,,,,,,,,,14 [4-29],14,4,29,,2025-11-11T16:20:50Z,2001,2001-01-01,2001-12-31
7046110,TB_e_inc_tbhiv_num,COUNTRY,LAO,WPR,Western Pacific,YEAR,2000,,,,,,,,,310 [57-780],310,57,780,,2025-11-11T16:20:50Z,2000,2000-01-01,2000-12-31
7050735,TB_e_inc_tbhiv_num,COUNTRY,MRT,AFR,Africa,YEAR,2004,,,,,,,,,450 [180-860],450,180,860,,2025-11-11T16:20:50Z,2004,2004-01-01,2004-12-31
7051551,TB_e_inc_tbhiv_num,COUNTRY,MHL,WPR,Western Pacific,YEAR,2011,,,,,,,,,0 [0-0],0,0,0,,2025-11-11T16:20:50Z,2011,2011-01-01,2011-12-31
7051806,TB_e_inc_tbhiv_num,COUNTRY,CPV,AFR,Africa,YEAR,2000,,,,,,,,,110 [41-220],110,41,220,,2025-11-11T16:20:50Z,2000,2000-01-01,2000-12-31
7053400,TB_e_inc_tbhiv_num,COUNTRY,SGP,WPR,Western Pacific,YEAR,2015,,,,,,,,,46 [30-65],46,30,65,,2025-11-11T16:20:50Z,2015,2015-01-01,2015-12-31
7053516,TB_e_inc_tbhiv_num,COUNTRY,CUB,AMR,Americas,YEAR,2019,,,,,,,,,82 [59-110],82,59,110,,2025-11-11T16:20:50Z,2019,2019-01-01,2019-12-31
7053995,TB_e_inc_tbhiv_num,COUNTRY,MAR,EMR,Eastern Mediterranean,YEAR,2013,,,,,,,,,550 [200-1100],550,200,1100,,2025-11-11T16:20:50Z,2013,2013-01-01,2013-12-31
7056008,TB_e_inc_tbhiv_num,COUNTRY,PHL,WPR,Western Pacific,YEAR,2018,,,,,,,,,4600 [2100-8100],4600,2100,8100,,2025-11-11T16:20:50Z,2018,2018-01-01,2018-12-31
7061332,TB_e_inc_tbhiv_num,COUNTRY,LBY,EMR,Eastern Mediterranean,YEAR,2010,,,,,,,,,86 [20-200],86,20,200,,2025-11-11T16:20:50Z,2010,2010-01-01,2010-12-31
7061479,TB_e_inc_tbhiv_num,COUNTRY,AZE,EUR,Europe,YEAR,2018,,,,,,,,,110 [75-140],110,75,140,,2025-11-11T16:20:50Z,2018,2018-01-01,2018-12-31
7062503,TB_e_inc_tbhiv_num,COUNTRY,UKR,EUR,Europe,YEAR,2020,,,,,,,,,7100 [5200-9200],7100,5200,9200,,2025-11-11T16:20:50Z,2020,2020-01-01,2020-12-31
7064324,TB_e_inc_tbhiv_num,COUNTRY,KIR,WPR,Western Pacific,YEAR,2006,,,,,,,,,13 [10-17],13,10,17,,2025-11-11T16:20:50Z,2006,2006-01-01,2006-12-31
7065429,TB_e_inc_tbhiv_num,COUNTRY,CYP,EUR,Europe,YEAR,2016,,,,,,,,,3 [2-5],3,2,5,,2025-11-11T16:20:50Z,2016,2016-01-01,2016-12-31
7065727,TB_e_inc_tbhiv_num,COUNTRY,COD,AFR,Africa,YEAR,2018,,,,,,,,,43 000 [11 000-95 000],43000,11000,95000,,2025-11-11T16:20:50Z,2018,2018-01-01,2018-12-31
7070451,TB_e_inc_tbhiv_num,COUNTRY,CHN,WPR,Western Pacific,YEAR,2016,,,,,,,,,15 000 [4800-31 000],15000,4800,31000,,2025-11-11T16:20:50Z,2016,2016-01-01,2016-12-31
7072073,TB_e_inc_tbhiv_num,COUNTRY,NGA,AFR,Africa,YEAR,2008,,,,,,,,,94 000 [58 000-139 000],94000,58000,139000,,2025-11-11T16:20:50Z,2008,2008-01-01,2008-12-31
7072356,TB_e_inc_tbhiv_num,REGION,EUR,,,YEAR,2015,,,,,,,,,29 000 [20 000-40 000],29000,20000,40000,,2025-11-11T16:20:50Z,2015,2015-01-01,2015-12-31
7072792,TB_e_inc_tbhiv_num,COUNTRY,ZWE,AFR,Africa,YEAR,2020,,,,,,,,,17 000 [13 000-22 000],17000,13000,22000,,2025-11-11T16:20:50Z,2020,2020-01-01,2020-12-31
7074108,TB_e_inc_tbhiv_num,WORLDBANKINCOMEGROUP,WB_HI,,,YEAR,2005,,,,,,,,,16 000 [11 000-23 000],16000,11000,23000,,2025-11-11T16:20:50Z,2005,2005-01-01,2005-12-31
7076452,TB_e_inc_tbhiv_num,COUNTRY,HUN,EUR,Europe,YEAR,2021,,,,,,,,,4 [2-7],4,2,7,,2025-11-11T16:20:50Z,2021,2021-01-01,2021-12-31
7077352,TB_e_inc_tbhiv_num,COUNTRY,SVN,EUR,Europe,YEAR,2006,,,,,,,,,3 [1-7],3,1,7,,2025-11-11T16:20:50Z,2006,2006-01-01,2006-12-31
7079963,TB_e_inc_tbhiv_num,WORLDBANKINCOMEGROUP,WB_LMI,,,YEAR,2001,,,,,,,,,979 000 [539 000-1 550 000],979000,539000,1550000,,2025-11-11T16:20:50Z,2001,2001-01-01,2001-12-31
7082490,TB_e_inc_tbhiv_num,COUNTRY,IRQ,EMR,Eastern Mediterranean,YEAR,2019,,,,,,,,,5 [2-10],5,2,10,,2025-11-11T16:20:50Z,2019,2019-01-01,2019-12-31
7088175,TB_e_inc_tbhiv_num,COUNTRY,HUN,EUR,Europe,YEAR,2001,,,,,,,,,54 [28-86],54,28,86,,2025-11-11T16:20:50Z,2001,2001-01-01,2001-12-31
7089654,TB_e_inc_tbhiv_num,COUNTRY,OMN,EMR,Eastern Mediterranean,YEAR,2024,,,,,,,,,6 [1-14],6,1,14,,2025-11-11T16:20:50Z,2024,2024-01-01,2024-12-31
7090369,TB_e_inc_tbhiv_num,COUNTRY,LBY,EMR,Eastern Mediterranean,YEAR,2007,,,,,,,,,88 [25-190],88,25,190,,2025-11-11T16:20:50Z,2007,2007-01-01,2007-12-31
7091886,TB_e_inc_tbhiv_num,COUNTRY,SWE,EUR,Europe,YEAR,2003,,,,,,,,,18 [10-29],18,10,29,,2025-11-11T16:20:50Z,2003,2003-01-01,2003-12-31
7092158,TB_e_inc_tbhiv_num,COUNTRY,SRB,EUR,Europe,YEAR,2010,,,,,,,,,10 [5-16],10,5,16,,2025-11-11T16:20:50Z,2010,2010-01-01,2010-12-31
7094317,TB_e_inc_tbhiv_num,COUNTRY,NGA,AFR,Africa,YEAR,2005,,,,,,,,,64 000 [24 000-124 000],64000,24000,124000,,2025-11-11T16:20:50Z,2005,2005-01-01,2005-12-31
7095930,TB_e_inc_tbhiv_num,COUNTRY,BWA,AFR,Africa,YEAR,2009,,,,,,,,,8300 [6700-10 000],8300,6700,10000,,2025-11-11T16:20:50Z,2009,2009-01-01,2009-12-31
7097192,TB_e_inc_tbhiv_num,COUNTRY,CRI,AMR,Americas,YEAR,2022,,,,,,,,,53 [35-74],53,35,74,,2025-11-11T16:20:50Z,2022,2022-01-01,2022-12-31
7105961,TB_e_inc_tbhiv_num,COUNTRY,MWI,AFR,Africa,YEAR,2017,,,,,,,,,14 000 [6800-25 000],14000,6800,25000,,2025-11-11T16:20:50Z,2017,2017-01-01,2017-12-31
7108712,TB_e_inc_tbhiv_num,COUNTRY,GMB,AFR,Africa,YEAR,2017,,,,,,,,,740 [510-1000],740,510,1000,,2025-11-11T16:20:50Z,2017,2017-01-01,2017-12-31
7108874,TB_e_inc_tbhiv_num,COUNTRY,LVA,EUR,Europe,YEAR,2006,,,,,,,,,100 [71-140],100,71,140,,2025-11-11T16:20:50Z,2006,2006-01-01,2006-12-31
7114168,TB_e_inc_tbhiv_num,COUNTRY,IDN,WPR,Western Pacific,YEAR,2000,,,,,,,,,3700 [1600-6800],3700,1600,6800,,2025-11-11T16:20:50Z,2000,2000-01-01,2000-12-31
7114438,TB_e_inc_tbhiv_num,COUNTRY,BRN,WPR,Western Pacific,YEAR,2018,,,,,,,,,4 [0-11],4,0,11,,2025-11-11T16:20:50Z,2018,2018-01-01,2018-12-31
7114946,TB_e_inc_tbhiv_num,COUNTRY,PAK,EMR,Eastern Mediterranean,YEAR,2023,,,,,,,,,2600 [55-9700],2600,55,9700,,2025-11-11T16:20:50Z,2023,2023-01-01,2023-12-31
7115349,TB_e_inc_tbhiv_num,COUNTRY,TTO,AMR,Americas,YEAR,2004,,,,,,,,,110 [56-180],110,56,180,,2025-11-11T16:20:50Z,2004,2004-01-01,2004-12-31
7120853,TB_e_inc_tbhiv_num,COUNTRY,FRA,EUR,Europe,YEAR,2024,,,,,,,,,250 [200-310],250,200,310,,2025-11-11T16:20:50Z,2024,2024-01-01,2024-12-31
7123049,TB_e_inc_tbhiv_num,COUNTRY,GAB,AFR,Africa,YEAR,2005,,,,,,,,,2500 [1400-3800],2500,1400,3800,,2025-11-11T16:20:50Z,2005,2005-01-01,2005-12-31
7126163,TB_e_inc_tbhiv_num,COUNTRY,MRT,AFR,Africa,YEAR,2014,,,,,,,,,260 [92-520],260,92,520,,2025-11-11T16:20:50Z,2014,2014-01-01,2014-12-31
7126640,TB_e_inc_tbhiv_num,COUNTRY,GMB,AFR,Africa,YEAR,2024,,,,,,,,,460 [310-640],460,310,640,,2025-11-11T16:20:50Z,2024,2024-01-01,2024-12-31
7127583,TB_e_inc_tbhiv_num,COUNTRY,TUN,EMR,Eastern Mediterranean,YEAR,2023,,,,,,,,,34 [12-67],34,12,67,,2025-11-11T16:20:50Z,2023,2023-01-01,2023-12-31
7127865,TB_e_inc_tbhiv_num,COUNTRY,MAR,EMR,Eastern Mediterranean,YEAR,2019,,,,,,,,,410 [150-810],410,150,810,,2025-11-11T16:20:50Z,2019,2019-01-01,2019-12-31
7128639,TB_e_inc_tbhiv_num,COUNTRY,ISR,EUR,Europe,YEAR,2011,,,,,,,,,32 [20-48],32,20,48,,2025-11-11T16:20:50Z,2011,2011-01-01,2011-12-31
7128729,TB_e_inc_tbhiv_num,GLOBAL,GLOBAL,,,YEAR,2003,,,,,,,,,1 680 000 [1 210 000-2 240 000],1680000,1210000,2240000,,2025-11-11T16:20:50Z,2003,2003-01-01,2003-12-31
7130231,TB_e_inc_tbhiv_num,COUNTRY,TGO,AFR,Africa,YEAR,2023,,,,,,,,,570 [190-1100],570,190,1100,,2025-11-11T16:20:50Z,2023,2023-01-01,2023-12-31
7132202,TB_e_inc_tbhiv_num,COUNTRY,PRY,AMR,Americas,YEAR,2023,,,,,,,,,460 [340-600],460,340,600,,2025-11-11T16:20:50Z,2023,2023-01-01,2023-12-31
7133081,TB_e_inc_tbhiv_num,COUNTRY,ARG,AMR,Americas,YEAR,2010,,,,,,,,,740 [420-1200],740,420,1200,,2025-11-11T16:20:50Z,2010,2010-01-01,2010-12-31
7134455,TB_e_inc_tbhiv_num,COUNTRY,CHN,WPR,Western Pacific,YEAR,2018,,,,,,,,,14 000 [4300-29 000],14000,4300,29000,,2025-11-11T16:20:50Z,2018,2018-01-01,2018-12-31
7135407,TB_e_inc_tbhiv_num,COUNTRY,LUX,EUR,Europe,YEAR,2001,,,,,,,,,4 [2-6],4,2,6,,2025-11-11T16:20:50Z,2001,2001-01-01,2001-12-31
7135840,TB_e_inc_tbhiv_num,COUNTRY,VNM,WPR,Western Pacific,YEAR,2024,,,,,,,,,5200 [3100-7800],5200,3100,7800,,2025-11-11T16:20:50Z,2024,2024-01-01,2024-12-31
7140751,TB_e_inc_tbhiv_num,COUNTRY,KIR,WPR,Western Pacific,YEAR,2023,,,,,,,,,5 [0-23],5,0,23,,2025-11-11T16:20:50Z,2023,2023-01-01,2023-12-31
7147508,TB_e_inc_tbhiv_num,COUNTRY,MDA,EUR,Europe,YEAR,2019,,,,,,,,,300 [220-390],300,220,390,,2025-11-11T16:20:50Z,2019,2019-01-01,2019-12-31
7148044,TB_e_inc_tbhiv_num,REGION,WPR,,,YEAR,2020,,,,,,,,,50 000 [33 000-70 000],50000,33000,70000,,2025-11-11T16:20:50Z,2020,2020-01-01,2020-12-31
7149282,TB_e_inc_tbhiv_num,COUNTRY,MNG,WPR,Western Pacific,YEAR,2005,,,,,,,,,27 [7-62],27,7,62,,2025-11-11T16:20:50Z,2005,2005-01-01,2005-12-31
7153340,TB_e_inc_tbhiv_num,COUNTRY,AUT,EUR,Europe,YEAR,2011,,,,,,,,,21 [12-34],21,12,34,,2025-11-11T16:20:50Z,2011,2011-01-01,2011-12-31
7154089,TB_e_inc_tbhiv_num,COUNTRY,HTI,AMR,Americas,YEAR,2024,,,,,,,,,3000 [2200-3900],3000,2200,3900,,2025-11-11T16:20:50Z,2024,2024-01-01,2024-12-31
7155620,TB_e_inc_tbhiv_num,WORLDBANKINCOMEGROUP,WB_LI,,,YEAR,2013,,,,,,,,,213 000 [148 000-290 000],213000,148000,290000,,2025-11-11T16:20:50Z,2013,2013-01-01,2013-12-31
7156831,TB_e_inc_tbhiv_num,COUNTRY,CPV,AFR,Africa,YEAR,2020,,,,,,,,,38 [24-56],38,24,56,,2025-11-11T16:20:50Z,2020,2020-01-01,2020-12-31
7158885,TB_e_inc_tbhiv_num,COUNTRY,GEO,EUR,Europe,YEAR,2005,,,,,,,,,63 [22-130],63,22,130,,2025-11-11T16:20:50Z,2005,2005-01-01,2005-12-31
7162871,TB_e_inc_tbhiv_num,COUNTRY,QAT,EMR,Eastern Mediterranean,YEAR,2019,,,,,,,,,1 [0-7],1,0,7,,2025-11-11T16:20:50Z,2019,2019-01-01,2019-12-31
7165830,TB_e_inc_tbhiv_num,WORLDBANKINCOMEGROUP,WB_UMI,,,YEAR,2021,,,,,,,,,265 000 [195 000-346 000],265000,195000,346000,,2025-11-11T16:20:50Z,2021,2021-01-01,2021-12-31
7167238,TB_e_inc_tbhiv_num,COUNTRY,IRQ,EMR,Eastern Mediterranean,YEAR,2003,,,,,,,,,1 [0-3],1,0,3,,2025-11-11T16:20:50Z,2003,2003-01-01,2003-12-31
7167662,TB_e_inc_tbhiv_num,COUNTRY,RWA,AFR,Africa,YEAR,2015,,,,,,,,,2100 [1400-3000],2100,1400,3000,,2025-11-11T16:20:50Z,2015,2015-01-01,2015-12-31
7171552,TB_e_inc_tbhiv_num,COUNTRY,RUS,EUR,Europe,YEAR,2018,,,,,,,,,16 000 [9300-24 000],16000,9300,24000,,2025-11-11T16:20:50Z,2018,2018-01-01,2018-12-31
7171840,TB_e_inc_tbhiv_num,COUNTRY,FIN,EUR,Europe,YEAR,2005,,,,,,,,,7 [4-12],7,4,12,,2025-11-11T16:20:50Z,2005,2005-01-01,2005-12-31
7179546,TB_e_inc_tbhiv_num,COUNTRY,PRI,AMR,Americas,YEAR,2012,,,,,,,,,18 [9-30],18,9,30,,2025-11-11T16:20:50Z,2012,2012-01-01,2012-12-31
7179694,TB_e_inc_tbhiv_num,COUNTRY,ESP,EUR,Europe,YEAR,2008,,,,,,,,,930 [360-1800],930,360,1800,,2025-11-11T16:20:50Z,2008,2008-01-01,2008-12-31
7180600,TB_e_inc_tbhiv_num,COUNTRY,SRB,EUR,Europe,YEAR,2021,,,,,,,,,4 [2-7],4,2,7,,2025-11-11T16:20:50Z,2021,2021-01-01,2021-12-31
7181787,TB_e_inc_tbhiv_num,COUNTRY,TZA,AFR,Africa,YEAR,2015,,,,,,,,,57 000 [20 000-113 000],57000,20000,113000,,2025-11-11T16:20:50Z,2015,2015-01-01,2015-12-31
7183758,TB_e_inc_tbhiv_num,COUNTRY,IDN,WPR,Western Pacific,YEAR,2016,,,,,,,,,23 000 [10 000-41 000],23000,10000,41000,,2025-11-11T16:20:50Z,2016,2016-01-01,2016-12-31
7186912,TB_e_inc_tbhiv_num,COUNTRY,TJK,EUR,Europe,YEAR,2005,,,,,,,,,52 [17-110],52,17,110,,2025-11-11T16:20:50Z,2005,2005-01-01,2005-12-31
7188217,TB_e_inc_tbhiv_num,COUNTRY,LAO,WPR,Western Pacific,YEAR,2008,,,,,,,,,560 [140-1200],560,140,1200,,2025-11-11T16:20:50Z,2008,2008-01-01,2008-12-31
7189033,TB_e_inc_tbhiv_num,COUNTRY,BIH,EUR,Europe,YEAR,2005,,,,,,,,,3 [1-5],3,1,5,,2025-11-11T16:20:50Z,2005,2005-01-01,2005-12-31
7196989,TB_e_inc_tbhiv_num,COUNTRY,LKA,SEAR,South-East Asia,YEAR,2006,,,,,,,,,43 [29-60],43,29,60,,2025-11-11T16:20:50Z,2006,2006-01-01,2006-12-31
7197333,TB_e_inc_tbhiv_num,COUNTRY,GNQ,AFR,Africa,YEAR,2015,,,,,,,,,1700 [750-3100],1700,750,3100,,2025-11-11T16:20:50Z,2015,2015-01-01,2015-12-31
7200110,TB_e_inc_tbhiv_num,COUNTRY,VEN,AMR,Americas,YEAR,2018,,,,,,,,,1200 [460-2300],1200,460,2300,,2025-11-11T16:20:50Z,2018,2018-01-01,2018-12-31
7200874,TB_e_inc_tbhiv_num,COUNTRY,FJI,WPR,Western Pacific,YEAR,2021,,,,,,,,,47 [29-69],47,29,69,,2025-11-11T16:20:50Z,2021,2021-01-01,2021-12-31
7201064,TB_e_inc_tbhiv_num,COUNTRY,TKM,EUR,Europe,YEAR,2017,,,,,,,,,610 [330-960],610,330,960,,2025-11-11T16:20:50Z,2017,2017-01-01,2017-12-31
7201988,TB_e_inc_tbhiv_num,COUNTRY,GUY,AMR,Americas,YEAR,2010,,,,,,,,,320 [240-410],320,240,410,,2025-11-11T16:20:50Z,2010,2010-01-01,2010-12-31
7203007,TB_e_inc_tbhiv_num,COUNTRY,DZA,AFR,Africa,YEAR,2014,,,,,,,,,220 [120-350],220,120,350,,2025-11-11T16:20:50Z,2014,2014-01-01,2014-12-31
7206531,TB_e_inc_tbhiv_num,COUNTRY,TJK,EUR,Europe,YEAR,2009,,,,,,,,,230 [82-460],230,82,460,,2025-11-11T16:20:50Z,2009,2009-01-01,2009-12-31
7207856,TB_e_inc_tbhiv_num,COUNTRY,NPL,SEAR,South-East Asia,YEAR,2011,,,,,,,,,2800 [820-6000],2800,820,6000,,2025-11-11T16:20:50Z,2011,2011-01-01,2011-12-31
7208377,TB_e_inc_tbhiv_num,COUNTRY,SOM,EMR,Eastern Mediterranean,YEAR,2005,,,,,,,,,1300 [500-2600],1300,500,2600,,2025-11-11T16:20:50Z,2005,2005-01-01,2005-12-31
7211765,TB_e_inc_tbhiv_num,COUNTRY,COL,AMR,Americas,YEAR,2024,,,,,,,,,2800 [2100-3600],2800,2100,3600,,2025-11-11T16:20:50Z,2024,2024-01-01,2024-12-31
7215056,TB_e_inc_tbhiv_num,COUNTRY,NLD,EUR,Europe,YEAR,2022,,,,,,,,,30 [18-44],30,18,44,,2025-11-11T16:20:50Z,2022,2022-01-01,2022-12-31
7215084,TB_e_inc_tbhiv_num,COUNTRY,DJI,EMR,Eastern Mediterranean,YEAR,2022,,,,,,,,,180 [130-240],180,130,240,,2025-11-11T16:20:50Z,2022,2022-01-01,2022-12-31
7219099,TB_e_inc_tbhiv_num,COUNTRY,USA,AMR,Americas,YEAR,2020,,,,,,,,,380 [280-490],380,280,490,,2025-11-11T16:20:50Z,2020,2020-01-01,2020-12-31
7221634,TB_e_inc_tbhiv_num,COUNTRY,VEN,AMR,Americas,YEAR,2004,,,,,,,,,2500 [1100-4400],2500,1100,4400,,2025-11-11T16:20:50Z,2004,2004-01-01,2004-12-31
7226256,TB_e_inc_tbhiv_num,REGION,EUR,,,YEAR,2021,,,,,,,,,31 000 [23 000-40 000],31000,23000,40000,,2025-11-11T16:20:50Z,2021,2021-01-01,2021-12-31
7230413,TB_e_inc_tbhiv_num,GLOBAL,GLOBAL,,,YEAR,2005,,,,,,,,,1 710 000 [1 210 000-2 300 000],1710000,1210000,2300000,,2025-11-11T16:20:50Z,2005,2005-01-01,2005-12-31
7232197,TB_e_inc_tbhiv_num,COUNTRY,NIC,AMR,Americas,YEAR,2004,,,,,,,,,140 [47-290],140,47,290,,2025-11-11T16:20:50Z,2004,2004-01-01,2004-12-31
7239486,TB_e_inc_tbhiv_num,COUNTRY,DOM,AMR,Americas,YEAR,2013,,,,,,,,,1600 [1200-2000],1600,1200,2000,,2025-11-11T16:20:50Z,2013,2013-01-01,2013-12-31
7244194,TB_e_inc_tbhiv_num,COUNTRY,NAM,AFR,Africa,YEAR,2008,,,,,,,,,13 000 [5400-23 000],13000,5400,23000,,2025-11-11T16:20:50Z,2008,2008-01-01,2008-12-31
7244657,TB_e_inc_tbhiv_num,COUNTRY,BGR,EUR,Europe,YEAR,2011,,,,,,,,,10 [3-21],10,3,21,,2025-11-11T16:20:50Z,2011,2011-01-01,2011-12-31
7250577,TB_e_inc_tbhiv_num,COUNTRY,MDA,EUR,Europe,YEAR,2021,,,,,,,,,260 [190-340],260,190,340,,2025-11-11T16:20:50Z,2021,2021-01-01,2021-12-31
7251879,TB_e_inc_tbhiv_num,COUNTRY,NAM,AFR,Africa,YEAR,2001,,,,,,,,,15 000 [6200-28 000],15000,6200,28000,,2025-11-11T16:20:50Z,2001,2001-01-01,2001-12-31
7252120,TB_e_inc_tbhiv_num,COUNTRY,GUY,AMR,Americas,YEAR,2003,,,,,,,,,180 [72-340],180,72,340,,2025-11-11T16:20:50Z,2003,2003-01-01,2003-12-31
7254822,TB_e_inc_tbhiv_num,COUNTRY,DOM,AMR,Americas,YEAR,2001,,,,,,,,,3100 [1400-5400],3100,1400,5400,,2025-11-11T16:20:50Z,2001,2001-01-01,2001-12-31
7268226,TB_e_inc_tbhiv_num,COUNTRY,BLR,EUR,Europe,YEAR,2000,,,,,,,,,130 [42-270],130,42,270,,2025-11-11T16:20:50Z,2000,2000-01-01,2000-12-31
7269527,TB_e_inc_tbhiv_num,COUNTRY,ARE,EMR,Eastern Mediterranean,YEAR,2000,,,,,,,,,11 [3-24],11,3,24,,2025-11-11T16:20:50Z,2000,2000-01-01,2000-12-31
7273168,TB_e_inc_tbhiv_num,COUNTRY,GBR,EUR,Europe,YEAR,2023,,,,,,,,,200 [77-390],200,77,390,,2025-11-11T16:20:50Z,2023,2023-01-01,2023-12-31
7275445,TB_e_inc_tbhiv_num,COUNTRY,MMR,SEAR,South-East Asia,YEAR,2022,,,,,,,,,14 000 [8000-22 000],14000,8000,22000,,2025-11-11T16:20:50Z,2022,2022-01-01,2022-12-31
7275898,TB_e_inc_tbhiv_num,COUNTRY,ESP,EUR,Europe,YEAR,2018,,,,,,,,,360 [130-690],360,130,690,,2025-11-11T16:20:50Z,2018,2018-01-01,2018-12-31
7285894,TB_e_inc_tbhiv_num,WORLDBANKINCOMEGROUP,WB_LI,,,YEAR,2008,,,,,,,,,195 000 [142 000-256 000],195000,142000,256000,,2025-11-11T16:20:50Z,2008,2008-01-01,2008-12-31
7287285,TB_e_inc_tbhiv_num,COUNTRY,OMN,EMR,Eastern Mediterranean,YEAR,2014,,,,,,,,,4 [1-12],4,1,12,,2025-11-11T16:20:50Z,2014,2014-01-01,2014-12-31
7290626,TB_e_inc_tbhiv_num,COUNTRY,ROU,EUR,Europe,YEAR,2022,,,,,,,,,220 [160-280],220,160,280,,2025-11-11T16:20:50Z,2022,2022-01-01,2022-12-31
7291040,TB_e_inc_tbhiv_num,COUNTRY,MAC,,,YEAR,2006,,,,,,,,,8 [2-20],8,2,20,,2025-11-11T16:20:50Z,2006,2006-01-01,2006-12-31
7293548,TB_e_inc_tbhiv_num,COUNTRY,ZWE,AFR,Africa,YEAR,2023,,,,,,,,,20 000 [14 000-28 000],20000,14000,28000,,2025-11-11T16:20:50Z,2023,2023-01-01,2023-12-31
7295426,TB_e_inc_tbhiv_num,COUNTRY,SWE,EUR,Europe,YEAR,2019,,,,,,,,,12 [6-20],12,6,20,,2025-11-11T16:20:50Z,2019,2019-01-01,2019-12-31
7296048,TB_e_inc_tbhiv_num,COUNTRY,HND,AMR,Americas,YEAR,2019,,,,,,,,,210 [160-270],210,160,270,,2025-11-11T16:20:50Z,2019,2019-01-01,2019-12-31
7296673,TB_e_inc_tbhiv_num,COUNTRY,DEU,EUR,Europe,YEAR,2000,,,,,,,,,770 [440-1200],770,440,1200,,2025-11-11T16:20:50Z,2000,2000-01-01,2000-12-31
7297008,TB_e_inc_tbhiv_num,COUNTRY,NLD,EUR,Europe,YEAR,2014,,,,,,,,,29 [11-56],29,11,56,,2025-11-11T16:20:50Z,2014,2014-01-01,2014-12-31
7297429,TB_e_inc_tbhiv_num,COUNTRY,AFG,EMR,Eastern Mediterranean,YEAR,2002,,,,,,,,,6 [0-18],6,0,18,,2025-11-11T16:20:50Z,2002,2002-01-01,2002-12-31
7299420,TB_e_inc_tbhiv_num,COUNTRY,TKM,EUR,Europe,YEAR,2015,,,,,,,,,690 [380-1100],690,380,1100,,2025-11-11T16:20:50Z,2015,2015-01-01,2015-12-31
7302315,TB_e_inc_tbhiv_num,COUNTRY,LSO,AFR,Africa,YEAR,2022,,,,,,,,,8300 [4600-12 000],8300,4600,12000,,2025-11-11T16:20:50Z,2022,2022-01-01,2022-12-31
7303155,TB_e_inc_tbhiv_num,COUNTRY,BIH,EUR,Europe,YEAR,2014,,,,,,,,,3 [2-6],3,2,6,,2025-11-11T16:20:50Z,2014,2014-01-01,2014-12-31
7304839,TB_e_inc_tbhiv_num,COUNTRY,ARM,EUR,Europe,YEAR,2003,,,,,,,,,84 [25-180],84,25,180,,2025-11-11T16:20:50Z,2003,2003-01-01,2003-12-31
7304999,TB_e_inc_tbhiv_num,COUNTRY,MNG,WPR,Western Pacific,YEAR,2015,,,,,,,,,21 [5-46],21,5,46,,2025-11-11T16:20:50Z,2015,2015-01-01,2015-12-31
7310056,TB_e_inc_tbhiv_num,COUNTRY,FIN,EUR,Europe,YEAR,2019,,,,,,,,,4 [2-6],4,2,6,,2025-11-11T16:20:50Z,2019,2019-01-01,2019-12-31
7310146,TB_e_inc_tbhiv_num,COUNTRY,ROU,EUR,Europe,YEAR,2006,,,,,,,,,620 [200-1300],620,200,1300,,2025-11-11T16:20:50Z,2006,2006-01-01,2006-12-31
7313658,TB_e_inc_tbhiv_num,COUNTRY,SGP,WPR,Western Pacific,YEAR,2014,,,,,,,,,70 [49-95],70,49,95,,2025-11-11T16:20:50Z,2014,2014-01-01,2014-12-31
7314470,TB_e_inc_tbhiv_num,COUNTRY,KGZ,EUR,Europe,YEAR,2022,,,,,,,,,260 [190-340],260,190,340,,2025-11-11T16:20:50Z,2022,2022-01-01,2022-12-31
7315155,TB_e_inc_tbhiv_num,COUNTRY,NIC,AMR,Americas,YEAR,2021,,,,,,,,,160 [120-210],160,120,210,,2025-11-11T16:20:50Z,2021,2021-01-01,2021-12-31
7319348,TB_e_inc_tbhiv_num,COUNTRY,BIH,EUR,Europe,YEAR,2020,,,,,,,,,2 [1-3],2,1,3,,2025-11-11T16:20:50Z,2020,2020-01-01,2020-12-31
7324340,TB_e_inc_tbhiv_num,COUNTRY,SVK,EUR,Europe,YEAR,2014,,,,,,,,,0 [0-0],0,0,0,,2025-11-11T16:20:50Z,2014,2014-01-01,2014-12-31
7328998,TB_e_inc_tbhiv_num,COUNTRY,AGO,AFR,Africa,YEAR,2003,,,,,,,,,14 000 [6100-25 000],14000,6100,25000,,2025-11-11T16:20:50Z,2003,2003-01-01,2003-12-31
7329355,TB_e_inc_tbhiv_num,COUNTRY,FSM,WPR,Western Pacific,YEAR,2008,,,,,,,,,0 [0-0],0,0,0,,2025-11-11T16:20:50Z,2008,2008-01-01,2008-12-31
7332895,TB_e_inc_tbhiv_num,COUNTRY,SWZ,AFR,Africa,YEAR,2017,,,,,,,,,4000 [2000-6800],4000,2000,6800,,2025-11-11T16:20:50Z,2017,2017-01-01,2017-12-31
7333886,TB_e_inc_tbhiv_num,COUNTRY,SWE,EUR,Europe,YEAR,2015,,,,,,,,,18 [9-29],18,9,29,,2025-11-11T16:20:50Z,2015,2015-01-01,2015-12-31
7343694,TB_e_inc_tbhiv_num,COUNTRY,MKD,EUR,Europe,YEAR,2021,,,,,,,,,1 [0-5],1,0,5,,2025-11-11T16:20:50Z,2021,2021-01-01,2021-12-31
7344915,TB_e_inc_tbhiv_num,REGION,EMR,,,YEAR,2017,,,,,,,,,5500 [1400-12 000],5500,1400,12000,,2025-11-11T16:20:50Z,2017,2017-01-01,2017-12-31
7348679,TB_e_inc_tbhiv_num,COUNTRY,SGP,WPR,Western Pacific,YEAR,2005,,,,,,,,,130 [48-250],130,48,250,,2025-11-11T16:20:50Z,2005,2005-01-01,2005-12-31
7349367,TB_e_inc_tbhiv_num,COUNTRY,ARM,EUR,Europe,YEAR,2014,,,,,,,,,130 [97-170],130,97,170,,2025-11-11T16:20:50Z,2014,2014-01-01,2014-12-31
7351236,TB_e_inc_tbhiv_num,COUNTRY,BTN,SEAR,South-East Asia,YEAR,2008,,,,,,,,,130 [22-340],130,22,340,,2025-11-11T16:20:50Z,2008,2008-01-01,2008-12-31
7356223,TB_e_inc_tbhiv_num,COUNTRY,IRQ,EMR,Eastern Mediterranean,YEAR,2022,,,,,,,,,2 [0-8],2,0,8,,2025-11-11T16:20:50Z,2022,2022-01-01,2022-12-31
7359569,TB_e_inc_tbhiv_num,COUNTRY,AUT,EUR,Europe,YEAR,2020,,,,,,,,,10 [5-16],10,5,16,,2025-11-11T16:20:50Z,2020,2020-01-01,2020-12-31
7360314,TB_e_inc_tbhiv_num,COUNTRY,PRT,EUR,Europe,YEAR,2010,,,,,,,,,380 [280-490],380,280,490,,2025-11-11T16:20:50Z,2010,2010-01-01,2010-12-31
7365144,TB_e_inc_tbhiv_num,COUNTRY,FIN,EUR,Europe,YEAR,2012,,,,,,,,,4 [2-7],4,2,7,,2025-11-11T16:20:50Z,2012,2012-01-01,2012-12-31
7365852,TB_e_inc_tbhiv_num,COUNTRY,AUT,EUR,Europe,YEAR,2016,,,,,,,,,16 [8-25],16,8,25,,2025-11-11T16:20:50Z,2016,2016-01-01,2016-12-31
7369339,TB_e_inc_tbhiv_num,COUNTRY,FSM,WPR,Western Pacific,YEAR,2013,,,,,,,,,0 [0-0],0,0,0,,2025-11-11T16:20:50Z,2013,2013-01-01,2013-12-31
7373429,TB_e_inc_tbhiv_num,COUNTRY,SOM,EMR,Eastern Mediterranean,YEAR,2022,,,,,,,,,220 [160-290],220,160,290,,2025-11-11T16:20:50Z,2022,2022-01-01,2022-12-31
7375498,TB_e_inc_tbhiv_num,COUNTRY,CIV,AFR,Africa,YEAR,2006,,,,,,,,,21 000 [12 000-32 000],21000,12000,32000,,2025-11-11T16:20:50Z,2006,2006-01-01,2006-12-31
7375753,TB_e_inc_tbhiv_num,COUNTRY,GNB,AFR,Africa,YEAR,2016,,,,,,,,,1200 [910-1500],1200,910,1500,,2025-11-11T16:20:50Z,2016,2016-01-01,2016-12-31
7378492,TB_e_inc_tbhiv_num,COUNTRY,LBR,AFR,Africa,YEAR,2000,,,,,,,,,1400 [660-2300],1400,660,2300,,2025-11-11T16:20:50Z,2000,2000-01-01,2000-12-31
7381656,TB_e_inc_tbhiv_num,COUNTRY,UGA,AFR,Africa,YEAR,2003,,,,,,,,,34 000 [17 000-56 000],34000,17000,56000,,2025-11-11T16:20:50Z,2003,2003-01-01,2003-12-31
7382165,TB_e_inc_tbhiv_num,COUNTRY,NOR,EUR,Europe,YEAR,2022,,,,,,,,,6 [1-13],6,1,13,,2025-11-11T16:20:50Z,2022,2022-01-01,2022-12-31
7384341,TB_e_inc_tbhiv_num,COUNTRY,TUR,EUR,Europe,YEAR,2008,,,,,,,,,73 [26-150],73,26,150,,2025-11-11T16:20:50Z,2008,2008-01-01,2008-12-31
7384649,TB_e_inc_tbhiv_num,COUNTRY,LAO,WPR,Western Pacific,YEAR,2013,,,,,,,,,620 [180-1300],620,180,1300,,2025-11-11T16:20:50Z,2013,2013-01-01,2013-12-31
7385046,TB_e_inc_tbhiv_num,COUNTRY,ARG,AMR,Americas,YEAR,2004,,,,,,,,,920 [510-1400],920,510,1400,,2025-11-11T16:20:50Z,2004,2004-01-01,2004-12-31
7387325,TB_e_inc_tbhiv_num,COUNTRY,BHS,AMR,Americas,YEAR,2015,,,,,,,,,23 [14-36],23,14,36,,2025-11-11T16:20:50Z,2015,2015-01-01,2015-12-31
7387353,TB_e_inc_tbhiv_num,COUNTRY,BLR,EUR,Europe,YEAR,2021,,,,,,,,,190 [140-250],190,140,250,,2025-11-11T16:20:50Z,2021,2021-01-01,2021-12-31
7391810,TB_e_inc_tbhiv_num,COUNTRY,TLS,SEAR,South-East Asia,YEAR,2019,,,,,,,,,45 [31-61],45,31,61,,2025-11-11T16:20:50Z,2019,2019-01-01,2019-12-31
7396970,TB_e_inc_tbhiv_num,COUNTRY,GAB,AFR,Africa,YEAR,2014,,,,,,,,,3900 [2100-6100],3900,2100,6100,,2025-11-11T16:20:50Z,2014,2014-01-01,2014-12-31
7405145,TB_e_inc_tbhiv_num,COUNTRY,KIR,WPR,Western Pacific,YEAR,2008,,,,,,,,,10 [8-13],10,8,13,,2025-11-11T16:20:50Z,2008,2008-01-01,2008-12-31
7410972,TB_e_inc_tbhiv_num,COUNTRY,KWT,EMR,Eastern Mediterranean,YEAR,2019,,,,,,,,,4 [1-8],4,1,8,,2025-11-11T16:20:50Z,2019,2019-01-01,2019-12-31
7414797,TB_e_inc_tbhiv_num,COUNTRY,IRQ,EMR,Eastern Mediterranean,YEAR,2013,,,,,,,,,4 [1-7],4,1,7,,2025-11-11T16:20:50Z,2013,2013-01-01,2013-12-31
7415299,TB_e_inc_tbhiv_num,COUNTRY,MHL,WPR,Western Pacific,YEAR,2012,,,,,,,,,0 [0-0],0,0,0,,2025-11-11T16:20:50Z,2012,2012-01-01,2012-12-31
7415800,TB_e_inc_tbhiv_num,COUNTRY,EGY,EMR,Eastern Mediterranean,YEAR,2001,,,,,,,,,20 [8-37],20,8,37,,2025-11-11T16:20:50Z,2001,2001-01-01,2001-12-31
7416037,TB_e_inc_tbhiv_num,COUNTRY,BFA,AFR,Africa,YEAR,2003,,,,,,,,,2800 [850-5900],2800,850,5900,,2025-11-11T16:20:50Z,2003,2003-01-01,2003-12-31
7418122,TB_e_inc_tbhiv_num,COUNTRY,HRV,EUR,Europe,YEAR,2023,,,,,,,,,3 [2-5],3,2,5,,2025-11-11T16:20:50Z,2023,2023-01-01,2023-12-31
7418986,TB_e_inc_tbhiv_num,COUNTRY,NOR,EUR,Europe,YEAR,2010,,,,,,,,,10 [3-19],10,3,19,,2025-11-11T16:20:50Z,2010,2010-01-01,2010-12-31
7427023,TB_e_inc_tbhiv_num,COUNTRY,BRA,AMR,Americas,YEAR,2000,,,,,,,,,7300 [2300-15 000],7300,2300,15000,,2025-11-11T16:20:50Z,2000,2000-01-01,2000-12-31
7429340,TB_e_inc_tbhiv_num,COUNTRY,PSE,EMR,Eastern Mediterranean,YEAR,2008,,,,,,,,,0 [0-0],0,0,0,,2025-11-11T16:20:50Z,2008,2008-01-01,2008-12-31
7434421,TB_e_inc_tbhiv_num,COUNTRY,GRC,EUR,Europe,YEAR,2015,,,,,,,,,18 [10-29],18,10,29,,2025-11-11T16:20:50Z,2015,2015-01-01,2015-12-31
7437531,TB_e_inc_tbhiv_num,COUNTRY,PAN,AMR,Americas,YEAR,2014,,,,,,,,,170 [120-210],170,120,210,,2025-11-11T16:20:50Z,2014,2014-01-01,2014-12-31
7439664,TB_e_inc_tbhiv_num,COUNTRY,MWI,AFR,Africa,YEAR,2015,,,,,,,,,18 000 [7000-34 000],18000,7000,34000,,2025-11-11T16:20:50Z,2015,2015-01-01,2015-12-31
7441895,TB_e_inc_tbhiv_num,COUNTRY,CAF,AFR,Africa,YEAR,2016,,,,,,,,,7000 [3200-12 000],7000,3200,12000,,2025-11-11T16:20:50Z,2016,2016-01-01,2016-12-31
7442567,TB_e_inc_tbhiv_num,REGION,AFR,,,YEAR,2018,,,,,,,,,672 000 [558 000-797 000],672000,558000,797000,,2025-11-11T16:20:50Z,2018,2018-01-01,2018-12-31
7443323,TB_e_inc_tbhiv_num,REGION,AFR,,,YEAR,2017,,,,,,,,,737 000 [610 000-877 000],737000,610000,877000,,2025-11-11T16:20:50Z,2017,2017-01-01,2017-12-31
7444054,TB_e_inc_tbhiv_num,COUNTRY,VEN,AMR,Americas,YEAR,2008,,,,,,,,,1200 [880-1500],1200,880,1500,,2025-11-11T16:20:50Z,2008,2008-01-01,2008-12-31
7445472,TB_e_inc_tbhiv_num,COUNTRY,FIN,EUR,Europe,YEAR,2001,,,,,,,,,14 [8-23],14,8,23,,2025-11-11T16:20:50Z,2001,2001-01-01,2001-12-31
7448569,TB_e_inc_tbhiv_num,COUNTRY,KIR,WPR,Western Pacific,YEAR,2010,,,,,,,,,5 [4-7],5,4,7,,2025-11-11T16:20:50Z,2010,2010-01-01,2010-12-31
7449150,TB_e_inc_tbhiv_num,COUNTRY,SGP,WPR,Western Pacific,YEAR,2024,,,,,,,,,20 [11-31],20,11,31,,2025-11-11T16:20:50Z,2024,2024-01-01,2024-12-31
7449504,TB_e_inc_tbhiv_num,COUNTRY,SVN,EUR,Europe,YEAR,2003,,,,,,,,,5 [2-11],5,2,11,,2025-11-11T16:20:50Z,2003,2003-01-01,2003-12-31
7450018,TB_e_inc_tbhiv_num,COUNTRY,LAO,WPR,Western Pacific,YEAR,2007,,,,,,,,,520 [130-1200],520,130,1200,,2025-11-11T16:20:50Z,2007,2007-01-01,2007-12-31
7452137,TB_e_inc_tbhiv_num,COUNTRY,PRI,AMR,Americas,YEAR,2020,,,,,,,,,4 [1-10],4,1,10,,2025-11-11T16:20:50Z,2020,2020-01-01,2020-12-31
7456494,TB_e_inc_tbhiv_num,COUNTRY,COD,AFR,Africa,YEAR,2007,,,,,,,,,29 000 [12 000-51 000],29000,12000,51000,,2025-11-11T16:20:50Z,2007,2007-01-01,2007-12-31
7457429,TB_e_inc_tbhiv_num,COUNTRY,SSD,AFR,Africa,YEAR,2014,,,,,,,,,5600 [2500-9900],5600,2500,9900,,2025-11-11T16:20:50Z,2014,2014-01-01,2014-12-31
7459524,TB_e_inc_tbhiv_num,COUNTRY,KGZ,EUR,Europe,YEAR,2016,,,,,,,,,350 [260-450],350,260,450,,2025-11-11T16:20:50Z,2016,2016-01-01,2016-12-31
7463268,TB_e_inc_tbhiv_num,COUNTRY,GBR,EUR,Europe,YEAR,2014,,,,,,,,,250 [95-490],250,95,490,,2025-11-11T16:20:50Z,2014,2014-01-01,2014-12-31
7464400,TB_e_inc_tbhiv_num,COUNTRY,BIH,EUR,Europe,YEAR,2017,,,,,,,,,2 [1-4],2,1,4,,2025-11-11T16:20:50Z,2017,2017-01-01,2017-12-31
7470010,TB_e_inc_tbhiv_num,COUNTRY,CHL,AMR,Americas,YEAR,2005,,,,,,,,,330 [130-620],330,130,620,,2025-11-11T16:20:50Z,2005,2005-01-01,2005-12-31
7473333,TB_e_inc_tbhiv_num,COUNTRY,HTI,AMR,Americas,YEAR,2010,,,,,,,,,7900 [6000-10 000],7900,6000,10000,,2025-11-11T16:20:50Z,2010,2010-01-01,2010-12-31
7473456,TB_e_inc_tbhiv_num,COUNTRY,GAB,AFR,Africa,YEAR,2006,,,,,,,,,2700 [1600-4100],2700,1600,4100,,2025-11-11T16:20:50Z,2006,2006-01-01,2006-12-31
7474922,TB_e_inc_tbhiv_num,COUNTRY,PRY,AMR,Americas,YEAR,2011,,,,,,,,,410 [310-530],410,310,530,,2025-11-11T16:20:50Z,2011,2011-01-01,2011-12-31
7475533,TB_e_inc_tbhiv_num,COUNTRY,MDV,SEAR,South-East Asia,YEAR,2019,,,,,,,,,0 [0-0],0,0,0,,2025-11-11T16:20:50Z,2019,2019-01-01,2019-12-31
7477912,TB_e_inc_tbhiv_num,COUNTRY,RUS,EUR,Europe,YEAR,2013,,,,,,,,,11 000 [3300-25 000],11000,3300,25000,,2025-11-11T16:20:50Z,2013,2013-01-01,2013-12-31
7477952,TB_e_inc_tbhiv_num,REGION,AMR,,,YEAR,2004,,,,,,,,,40 000 [29 000-53 000],40000,29000,53000,,2025-11-11T16:20:50Z,2004,2004-01-01,2004-12-31
7480554,TB_e_inc_tbhiv_num,COUNTRY,CYP,EUR,Europe,YEAR,2006,,,,,,,,,3 [2-5],3,2,5,,2025-11-11T16:20:50Z,2006,2006-01-01,2006-12-31
7483275,TB_e_inc_tbhiv_num,COUNTRY,USA,AMR,Americas,YEAR,2008,,,,,,,,,1600 [1200-2100],1600,1200,2100,,2025-11-11T16:20:50Z,2008,2008-01-01,2008-12-31
7483844,TB_e_inc_tbhiv_num,COUNTRY,GTM,AMR,Americas,YEAR,2007,,,,,,,,,670 [500-870],670,500,870,,2025-11-11T16:20:50Z,2007,2007-01-01,2007-12-31
7485864,TB_e_inc_tbhiv_num,COUNTRY,CMR,AFR,Africa,YEAR,2008,,,,,,,,,21 000 [16 000-26 000],21000,16000,26000,,2025-11-11T16:20:50Z,2008,2008-01-01,2008-12-31
7487815,TB_e_inc_tbhiv_num,REGION,EMR,,,YEAR,2011,,,,,,,,,14 000 [3200-34 000],14000,3200,34000,,2025-11-11T16:20:50Z,2011,2011-01-01,2011-12-31
7488980,TB_e_inc_tbhiv_num,COUNTRY,MHL,WPR,Western Pacific,YEAR,2021,,,,,,,,,0 [0-0],0,0,0,,2025-11-11T16:20:50Z,2021,2021-01-01,2021-12-31
7489655,TB_e_inc_tbhiv_num,COUNTRY,KAZ,EUR,Europe,YEAR,2006,,,,,,,,,150 [110-190],150,110,190,,2025-11-11T16:20:50Z,2006,2006-01-01,2006-12-31
7490906,TB_e_inc_tbhiv_num,COUNTRY,ALB,EUR,Europe,YEAR,2014,,,,,,,,,4 [2-9],4,2,9,,2025-11-11T16:20:50Z,2014,2014-01-01,2014-12-31
7492488,TB_e_inc_tbhiv_num,COUNTRY,MDV,SEAR,South-East Asia,YEAR,2006,,,,,,,,,0 [0-0],0,0,0,,2025-11-11T16:20:50Z,2006,2006-01-01,2006-12-31
7495834,TB_e_inc_tbhiv_num,COUNTRY,BWA,AFR,Africa,YEAR,2013,,,,,,,,,6500 [5200-7900],6500,5200,7900,,2025-11-11T16:20:50Z,2013,2013-01-01,2013-12-31
7497467,TB_e_inc_tbhiv_num,COUNTRY,COL,AMR,Americas,YEAR,2015,,,,,,,,,2100 [1600-2700],2100,1600,2700,,2025-11-11T16:20:50Z,2015,2015-01-01,2015-12-31
7498273,TB_e_inc_tbhiv_num,COUNTRY,BIH,EUR,Europe,YEAR,2000,,,,,,,,,6 [3-10],6,3,10,,2025-11-11T16:20:50Z,2000,2000-01-01,2000-12-31
7501184,TB_e_inc_tbhiv_num,COUNTRY,KIR,WPR,Western Pacific,YEAR,2003,,,,,,,,,11 [8-15],11,8,15,,2025-11-11T16:20:50Z,2003,2003-01-01,2003-12-31
7503568,TB_e_inc_tbhiv_num,COUNTRY,MLI,AFR,Africa,YEAR,2006,,,,,,,,,2300 [870-4300],2300,870,4300,,2025-11-11T16:20:50Z,2006,2006-01-01,2006-12-31
7505261,TB_e_inc_tbhiv_num,COUNTRY,TTO,AMR,Americas,YEAR,2019,,,,,,,,,47 [31-66],47,31,66,,2025-11-11T16:20:50Z,2019,2019-01-01,2019-12-31
7505486,TB_e_inc_tbhiv_num,COUNTRY,KEN,AFR,Africa,YEAR,2014,,,,,,,,,69 000 [29 000-127 000],69000,29000,127000,,2025-11-11T16:20:50Z,2014,2014-01-01,2014-12-31
7509944,TB_e_inc_tbhiv_num,COUNTRY,MUS,AFR,Africa,YEAR,2004,,,,,,,,,5 [1-15],5,1,15,,2025-11-11T16:20:50Z,2004,2004-01-01,2004-12-31
7511171,TB_e_inc_tbhiv_num,COUNTRY,QAT,EMR,Eastern Mediterranean,YEAR,2012,,,,,,,,,1 [0-3],1,0,3,,2025-11-11T16:20:50Z,2012,2012-01-01,2012-12-31
7520201,TB_e_inc_tbhiv_num,COUNTRY,MLI,AFR,Africa,YEAR,2019,,,,,,,,,1200 [580-2000],1200,580,2000,,2025-11-11T16:20:50Z,2019,2019-01-01,2019-12-31
7525367,TB_e_inc_tbhiv_num,COUNTRY,GRC,EUR,Europe,YEAR,2008,,,,,,,,,24 [13-39],24,13,39,,2025-11-11T16:20:50Z,2008,2008-01-01,2008-12-31
7525668,TB_e_inc_tbhiv_num,COUNTRY,HRV,EUR,Europe,YEAR,2012,,,,,,,,,6 [3-10],6,3,10,,2025-11-11T16:20:50Z,2012,2012-01-01,2012-12-31
7528062,TB_e_inc_tbhiv_num,COUNTRY,MAC,,,YEAR,2015,,,,,,,,,2 [0-8],2,0,8,,2025-11-11T16:20:50Z,2015,2015-01-01,2015-12-31
7528243,TB_e_inc_tbhiv_num,COUNTRY,NPL,SEAR,South-East Asia,YEAR,2022,,,,,,,,,540 [300-840],540,300,840,,2025-11-11T16:20:50Z,2022,2022-01-01,2022-12-31
7530444,TB_e_inc_tbhiv_num,COUNTRY,ISR,EUR,Europe,YEAR,2006,,,,,,,,,19 [9-31],19,9,31,,2025-11-11T16:20:50Z,2006,2006-01-01,2006-12-31
7538842,TB_e_inc_tbhiv_num,REGION,WPR,,,YEAR,2009,,,,,,,,,76 000 [50 000-107 000],76000,50000,107000,,2025-11-11T16:20:50Z,2009,2009-01-01,2009-12-31
7539560,TB_e_inc_tbhiv_num,WORLDBANKINCOMEGROUP,WB_LI,,,YEAR,2005,,,,,,,,,231 000 [148 000-331 000],231000,148000,331000,,2025-11-11T16:20:50Z,2005,2005-01-01,2005-12-31
7540026,TB_e_inc_tbhiv_num,COUNTRY,SRB,EUR,Europe,YEAR,2007,,,,,,,,,9 [5-15],9,5,15,,2025-11-11T16:20:50Z,2007,2007-01-01,2007-12-31
7542263,TB_e_inc_tbhiv_num,COUNTRY,CIV,AFR,Africa,YEAR,2023,,,,,,,,,4100 [2600-6000],4100,2600,6000,,2025-11-11T16:20:50Z,2023,2023-01-01,2023-12-31
7544040,TB_e_inc_tbhiv_num,COUNTRY,TKM,EUR,Europe,YEAR,2007,,,,,,,,,780 [400-1300],780,400,1300,,2025-11-11T16:20:50Z,2007,2007-01-01,2007-12-31
7546675,TB_e_inc_tbhiv_num,WORLDBANKINCOMEGROUP,WB_UMI,,,YEAR,2015,,,,,,,,,422 000 [260 000-623 000],422000,260000,623000,,2025-11-11T16:20:50Z,2015,2015-01-01,2015-12-31
7547583,TB_e_inc_tbhiv_num,COUNTRY,PRT,EUR,Europe,YEAR,2008,,,,,,,,,510 [380-660],510,380,660,,2025-11-11T16:20:50Z,2008,2008-01-01,2008-12-31
7551834,TB_e_inc_tbhiv_num,COUNTRY,AUS,WPR,Western Pacific,YEAR,2016,,,,,,,,,29 [17-43],29,17,43,,2025-11-11T16:20:50Z,2016,2016-01-01,2016-12-31
7554546,TB_e_inc_tbhiv_num,COUNTRY,MHL,WPR,Western Pacific,YEAR,2022,,,,,,,,,0 [0-0],0,0,0,,2025-11-11T16:20:50Z,2022,2022-01-01,2022-12-31
7555767,TB_e_inc_tbhiv_num,REGION,SEAR,,,YEAR,2005,,,,,,,,,340 000 [93 000-743 000],340000,93000,743000,,2025-11-11T16:20:50Z,2005,2005-01-01,2005-12-31
7557936,TB_e_inc_tbhiv_num,COUNTRY,AUT,EUR,Europe,YEAR,2021,,,,,,,,,10 [5-16],10,5,16,,2025-11-11T16:20:50Z,2021,2021-01-01,2021-12-31
7559816,TB_e_inc_tbhiv_num,COUNTRY,FRA,EUR,Europe,YEAR,2022,,,,,,,,,210 [170-260],210,170,260,,2025-11-11T16:20:50Z,2022,2022-01-01,2022-12-31
7560560,TB_e_inc_tbhiv_num,COUNTRY,SLE,AFR,Africa,YEAR,2003,,,,,,,,,6800 [2000-15 000],6800,2000,15000,,2025-11-11T16:20:50Z,2003,2003-01-01,2003-12-31
7561469,TB_e_inc_tbhiv_num,COUNTRY,BLZ,AMR,Americas,YEAR,2005,,,,,,,,,46 [29-67],46,29,67,,2025-11-11T16:20:50Z,2005,2005-01-01,2005-12-31
7561556,TB_e_inc_tbhiv_num,COUNTRY,IRQ,EMR,Eastern Mediterranean,YEAR,2000,,,,,,,,,2 [1-4],2,1,4,,2025-11-11T16:20:50Z,2000,2000-01-01,2000-12-31
7561789,TB_e_inc_tbhiv_num,COUNTRY,LBR,AFR,Africa,YEAR,2013,,,,,,,,,2900 [1300-5100],2900,1300,5100,,2025-11-11T16:20:50Z,2013,2013-01-01,2013-12-31
7562045,TB_e_inc_tbhiv_num,COUNTRY,BHS,AMR,Americas,YEAR,2009,,,,,,,,,21 [16-27],21,16,27,,2025-11-11T16:20:50Z,2009,2009-01-01,2009-12-31
7565830,TB_e_inc_tbhiv_num,COUNTRY,LBY,EMR,Eastern Mediterranean,YEAR,2023,,,,,,,,,150 [64-280],150,64,280,,2025-11-11T16:20:50Z,2023,2023-01-01,2023-12-31
7566599,TB_e_inc_tbhiv_num,COUNTRY,FRA,EUR,Europe,YEAR,2008,,,,,,,,,480 [180-920],480,180,920,,2025-11-11T16:20:50Z,2008,2008-01-01,2008-12-31
7567282,TB_e_inc_tbhiv_num,COUNTRY,JAM,AMR,Americas,YEAR,2022,,,,,,,,,19 [10-31],19,10,31,,2025-11-11T16:20:50Z,2022,2022-01-01,2022-12-31
7571068,TB_e_inc_tbhiv_num,COUNTRY,UZB,EUR,Europe,YEAR,2010,,,,,,,,,620 [460-790],620,460,790,,2025-11-11T16:20:50Z,2010,2010-01-01,2010-12-31
7572400,TB_e_inc_tbhiv_num,COUNTRY,BRA,AMR,Americas,YEAR,2023,,,,,,,,,13 000 [9100-16 000],13000,9100,16000,,2025-11-11T16:20:50Z,2023,2023-01-01,2023-12-31
7572586,TB_e_inc_tbhiv_num,COUNTRY,VUT,WPR,Western Pacific,YEAR,2022,,,,,,,,,0 [0-0],0,0,0,,2025-11-11T16:20:50Z,2022,2022-01-01,2022-12-31
7574366,TB_e_inc_tbhiv_num,COUNTRY,NZL,WPR,Western Pacific,YEAR,2015,,,,,,,,,1 [0-6],1,0,6,,2025-11-11T16:20:50Z,2015,2015-01-01,2015-12-31
7578697,TB_e_inc_tbhiv_num,COUNTRY,OMN,EMR,Eastern Mediterranean,YEAR,2002,,,,,,,,,28 [10-54],28,10,54,,2025-11-11T16:20:50Z,2002,2002-01-01,2002-12-31
7583921,TB_e_inc_tbhiv_num,COUNTRY,MDA,EUR,Europe,YEAR,2002,,,,,,,,,240 [88-460],240,88,460,,2025-11-11T16:20:50Z,2002,2002-01-01,2002-12-31
7584546,TB_e_inc_tbhiv_num,COUNTRY,PSE,EMR,Eastern Mediterranean,YEAR,2014,,,,,,,,,0 [0-0],0,0,0,,2025-11-11T16:20:50Z,2014,2014-01-01,2014-12-31
7584712,TB_e_inc_tbhiv_num,COUNTRY,URY,AMR,Americas,YEAR,2008,,,,,,,,,140 [110-190],140,110,190,,2025-11-11T16:20:50Z,2008,2008-01-01,2008-12-31
7586637,TB_e_inc_tbhiv_num,COUNTRY,FRA,EUR,Europe,YEAR,2007,,,,,,,,,500 [190-960],500,190,960,,2025-11-11T16:20:50Z,2007,2007-01-01,2007-12-31
7589621,TB_e_inc_tbhiv_num,COUNTRY,PAN,AMR,Americas,YEAR,2011,,,,,,,,,350 [260-460],350,260,460,,2025-11-11T16:20:50Z,2011,2011-01-01,2011-12-31
7591963,TB_e_inc_tbhiv_num,COUNTRY,ECU,AMR,Americas,YEAR,2006,,,,,,,,,460 [150-940],460,150,940,,2025-11-11T16:20:50Z,2006,2006-01-01,2006-12-31
7593594,TB_e_inc_tbhiv_num,COUNTRY,POL,EUR,Europe,YEAR,2022,,,,,,,,,56 [30-90],56,30,90,,2025-11-11T16:20:50Z,2022,2022-01-01,2022-12-31
7596806,TB_e_inc_tbhiv_num,COUNTRY,UZB,EUR,Europe,YEAR,2013,,,,,,,,,1100 [780-1500],1100,780,1500,,2025-11-11T16:20:50Z,2013,2013-01-01,2013-12-31
7597841,TB_e_inc_tbhiv_num,COUNTRY,BRN,WPR,Western Pacific,YEAR,2010,,,,,,,,,1 [0-7],1,0,7,,2025-11-11T16:20:50Z,2010,2010-01-01,2010-12-31
7598058,TB_e_inc_tbhiv_num,COUNTRY,FSM,WPR,Western Pacific,YEAR,2003,,,,,,,,,0 [0-0],0,0,0,,2025-11-11T16:20:50Z,2003,2003-01-01,2003-12-31
7599403,TB_e_inc_tbhiv_num,COUNTRY,ZMB,AFR,Africa,YEAR,2024,,,,,,,,,19 000 [11 000-29 000],19000,11000,29000,,2025-11-11T16:20:50Z,2024,2024-01-01,2024-12-31
7600538,TB_e_inc_tbhiv_num,COUNTRY,IRL,EUR,Europe,YEAR,2008,,,,,,,,,19 [11-31],19,11,31,,2025-11-11T16:20:50Z,2008,2008-01-01,2008-12-31
7601055,TB_e_inc_tbhiv_num,REGION,SEAR,,,YEAR,2021,,,,,,,,,76 000 [63 000-91 000],76000,63000,91000,,2025-11-11T16:20:50Z,2021,2021-01-01,2021-12-31
7602675,TB_e_inc_tbhiv_num,COUNTRY,KAZ,EUR,Europe,YEAR,2019,,,,,,,,,680 [500-880],680,500,880,,2025-11-11T16:20:50Z,2019,2019-01-01,2019-12-31
7602836,TB_e_inc_tbhiv_num,COUNTRY,THA,SEAR,South-East Asia,YEAR,2014,,,,,,,,,16 000 [8600-25 000],16000,8600,25000,,2025-11-11T16:20:50Z,2014,2014-01-01,2014-12-31
7603338,TB_e_inc_tbhiv_num,COUNTRY,GBR,EUR,Europe,YEAR,2006,,,,,,,,,520 [200-1000],520,200,1000,,2025-11-11T16:20:50Z,2006,2006-01-01,2006-12-31
7604488,TB_e_inc_tbhiv_num,COUNTRY,GEO,EUR,Europe,YEAR,2020,,,,,,,,,52 [33-76],52,33,76,,2025-11-11T16:20:50Z,2020,2020-01-01,2020-12-31
7605545,TB_e_inc_tbhiv_num,COUNTRY,SEN,AFR,Africa,YEAR,2009,,,,,,,,,2400 [960-4600],2400,960,4600,,2025-11-11T16:20:50Z,2009,2009-01-01,2009-12-31
7606801,TB_e_inc_tbhiv_num,COUNTRY,PRY,AMR,Americas,YEAR,2014,,,,,,,,,330 [240-430],330,240,430,,2025-11-11T16:20:50Z,2014,2014-01-01,2014-12-31
7610041,TB_e_inc_tbhiv_num,COUNTRY,PRI,AMR,Americas,YEAR,2021,,,,,,,,,1 [0-6],1,0,6,,2025-11-11T16:20:50Z,2021,2021-01-01,2021-12-31
7610331,TB_e_inc_tbhiv_num,COUNTRY,SWE,EUR,Europe,YEAR,2001,,,,,,,,,21 [11-34],21,11,34,,2025-11-11T16:20:50Z,2001,2001-01-01,2001-12-31
7610393,TB_e_inc_tbhiv_num,COUNTRY,BGD,SEAR,South-East Asia,YEAR,2015,,,,,,,,,670 [340-1100],670,340,1100,,2025-11-11T16:20:50Z,2015,2015-01-01,2015-12-31
7614747,TB_e_inc_tbhiv_num,COUNTRY,CZE,EUR,Europe,YEAR,2003,,,,,,,,,12 [7-20],12,7,20,,2025-11-11T16:20:50Z,2003,2003-01-01,2003-12-31
7617882,TB_e_inc_tbhiv_num,COUNTRY,SWE,EUR,Europe,YEAR,2005,,,,,,,,,19 [10-31],19,10,31,,2025-11-11T16:20:50Z,2005,2005-01-01,2005-12-31
7618563,TB_e_inc_tbhiv_num,COUNTRY,KEN,AFR,Africa,YEAR,2000,,,,,,,,,95 000 [35 000-183 000],95000,35000,183000,,2025-11-11T16:20:50Z,2000,2000-01-01,2000-12-31
7620609,TB_e_inc_tbhiv_num,COUNTRY,PRI,AMR,Americas,YEAR,2019,,,,,,,,,4 [1-10],4,1,10,,2025-11-11T16:20:50Z,2019,2019-01-01,2019-12-31
7621149,TB_e_inc_tbhiv_num,COUNTRY,NGA,AFR,Africa,YEAR,2013,,,,,,,,,87 000 [54 000-129 000],87000,54000,129000,,2025-11-11T16:20:50Z,2013,2013-01-01,2013-12-31
7625418,TB_e_inc_tbhiv_num,COUNTRY,COG,AFR,Africa,YEAR,2024,,,,,,,,,2800 [2200-3500],2800,2200,3500,,2025-11-11T16:20:50Z,2024,2024-01-01,2024-12-31
7629948,TB_e_inc_tbhiv_num,COUNTRY,MOZ,AFR,Africa,YEAR,2009,,,,,,,,,52 000 [31 000-79 000],52000,31000,79000,,2025-11-11T16:20:50Z,2009,2009-01-01,2009-12-31
7630615,TB_e_inc_tbhiv_num,COUNTRY,IDN,WPR,Western Pacific,YEAR,2011,,,,,,,,,26 000 [11 000-46 000],26000,11000,46000,,2025-11-11T16:20:50Z,2011,2011-01-01,2011-12-31
7632412,TB_e_inc_tbhiv_num,COUNTRY,HKG,,,YEAR,2009,,,,,,,,,92 [69-120],92,69,120,,2025-11-11T16:20:50Z,2009,2009-01-01,2009-12-31
7635117,TB_e_inc_tbhiv_num,COUNTRY,ARG,AMR,Americas,YEAR,2012,,,,,,,,,900 [510-1400],900,510,1400,,2025-11-11T16:20:50Z,2012,2012-01-01,2012-12-31
7642603,TB_e_inc_tbhiv_num,COUNTRY,MYS,WPR,Western Pacific,YEAR,2012,,,,,,,,,2000 [1500-2500],2000,1500,2500,,2025-11-11T16:20:50Z,2012,2012-01-01,2012-12-31
7643554,TB_e_inc_tbhiv_num,COUNTRY,BGD,SEAR,South-East Asia,YEAR,2019,,,,,,,,,710 [360-1200],710,360,1200,,2025-11-11T16:20:50Z,2019,2019-01-01,2019-12-31
7646036,TB_e_inc_tbhiv_num,COUNTRY,PSE,EMR,Eastern Mediterranean,YEAR,2022,,,,,,,,,0 [0-0],0,0,0,,2025-11-11T16:20:50Z,2022,2022-01-01,2022-12-31
7646160,TB_e_inc_tbhiv_num,COUNTRY,SUR,AMR,Americas,YEAR,2022,,,,,,,,,29 [17-46],29,17,46,,2025-11-11T16:20:50Z,2022,2022-01-01,2022-12-31
7650864,TB_e_inc_tbhiv_num,COUNTRY,FJI,WPR,Western Pacific,YEAR,2014,,,,,,,,,26 [13-44],26,13,44,,2025-11-11T16:20:50Z,2014,2014-01-01,2014-12-31
7653080,TB_e_inc_tbhiv_num,COUNTRY,VUT,WPR,Western Pacific,YEAR,2003,,,,,,,,,170 [130-220],170,130,220,,2025-11-11T16:20:50Z,2003,2003-01-01,2003-12-31
7655264,TB_e_inc_tbhiv_num,COUNTRY,FJI,WPR,Western Pacific,YEAR,2023,,,,,,,,,120 [88-160],120,88,160,,2025-11-11T16:20:50Z,2023,2023-01-01,2023-12-31
7656936,TB_e_inc_tbhiv_num,COUNTRY,HRV,EUR,Europe,YEAR,2021,,,,,,,,,2 [1-3],2,1,3,,2025-11-11T16:20:50Z,2021,2021-01-01,2021-12-31
7657707,TB_e_inc_tbhiv_num,COUNTRY,BLR,EUR,Europe,YEAR,2019,,,,,,,,,190 [140-250],190,140,250,,2025-11-11T16:20:50Z,2019,2019-01-01,2019-12-31
7661352,TB_e_inc_tbhiv_num,COUNTRY,ESP,EUR,Europe,YEAR,2015,,,,,,,,,310 [120-590],310,120,590,,2025-11-11T16:20:50Z,2015,2015-01-01,2015-12-31
7661427,TB_e_inc_tbhiv_num,COUNTRY,SVN,EUR,Europe,YEAR,2020,,,,,,,,,0 [0-0],0,0,0,,2025-11-11T16:20:50Z,2020,2020-01-01,2020-12-31
7666080,TB_e_inc_tbhiv_num,REGION,EMR,,,YEAR,2019,,,,,,,,,7700 [860-22 000],7700,860,22000,,2025-11-11T16:20:50Z,2019,2019-01-01,2019-12-31
7667586,TB_e_inc_tbhiv_num,REGION,AFR,,,YEAR,2011,,,,,,,,,1 150 000 [893 000-1 430 000],1150000,893000,1430000,,2025-11-11T16:20:50Z,2011,2011-01-01,2011-12-31
7667788,TB_e_inc_tbhiv_num,REGION,SEAR,,,YEAR,2024,,,,,,,,,64 000 [52 000-77 000],64000,52000,77000,,2025-11-11T16:20:50Z,2024,2024-01-01,2024-12-31
7669159,TB_e_inc_tbhiv_num,COUNTRY,SWE,EUR,Europe,YEAR,2013,,,,,,,,,14 [7-23],14,7,23,,2025-11-11T16:20:50Z,2013,2013-01-01,2013-12-31
7671096,TB_e_inc_tbhiv_num,COUNTRY,AUT,EUR,Europe,YEAR,2017,,,,,,,,,15 [8-23],15,8,23,,2025-11-11T16:20:50Z,2017,2017-01-01,2017-12-31
7675004,TB_e_inc_tbhiv_num,COUNTRY,GTM,AMR,Americas,YEAR,2018,,,,,,,,,280 [210-360],280,210,360,,2025-11-11T16:20:50Z,2018,2018-01-01,2018-12-31
7675113,TB_e_inc_tbhiv_num,COUNTRY,BHR,EMR,Eastern Mediterranean,YEAR,2022,,,,,,,,,9 [3-18],9,3,18,,2025-11-11T16:20:50Z,2022,2022-01-01,2022-12-31
7677652,TB_e_inc_tbhiv_num,COUNTRY,GMB,AFR,Africa,YEAR,2021,,,,,,,,,500 [340-700],500,340,700,,2025-11-11T16:20:50Z,2021,2021-01-01,2021-12-31
7681195,TB_e_inc_tbhiv_num,COUNTRY,SUR,AMR,Americas,YEAR,2007,,,,,,,,,48 [21-85],48,21,85,,2025-11-11T16:20:50Z,2007,2007-01-01,2007-12-31
7681634,TB_e_inc_tbhiv_num,COUNTRY,KWT,EMR,Eastern Mediterranean,YEAR,2008,,,,,,,,,3 [2-4],3,2,4,,2025-11-11T16:20:50Z,2008,2008-01-01,2008-12-31
7682494,TB_e_inc_tbhiv_num,COUNTRY,COD,AFR,Africa,YEAR,2009,,,,,,,,,73 000 [21 000-156 000],73000,21000,156000,,2025-11-11T16:20:50Z,2009,2009-01-01,2009-12-31
7683713,TB_e_inc_tbhiv_num,COUNTRY,KEN,AFR,Africa,YEAR,2019,,,,,,,,,36 000 [21 000-55 000],36000,21000,55000,,2025-11-11T16:20:50Z,2019,2019-01-01,2019-12-31
7688060,TB_e_inc_tbhiv_num,COUNTRY,CUB,AMR,Americas,YEAR,2016,,,,,,,,,80 [57-110],80,57,110,,2025-11-11T16:20:50Z,2016,2016-01-01,2016-12-31
7689151,TB_e_inc_tbhiv_num,COUNTRY,MHL,WPR,Western Pacific,YEAR,2017,,,,,,,,,0 [0-0],0,0,0,,2025-11-11T16:20:50Z,2017,2017-01-01,2017-12-31
7694134,TB_e_inc_tbhiv_num,COUNTRY,BRA,AMR,Americas,YEAR,2019,,,,,,,,,10 000 [7600-13 000],10000,7600,13000,,2025-11-11T16:20:50Z,2019,2019-01-01,2019-12-31
7694961,TB_e_inc_tbhiv_num,COUNTRY,KHM,WPR,Western Pacific,YEAR,2013,,,,,,,,,2200 [1500-3000],2200,1500,3000,,2025-11-11T16:20:50Z,2013,2013-01-01,2013-12-31
7696071,TB_e_inc_tbhiv_num,COUNTRY,COL,AMR,Americas,YEAR,2007,,,,,,,,,1400 [530-2800],1400,530,2800,,2025-11-11T16:20:50Z,2007,2007-01-01,2007-12-31
7696380,TB_e_inc_tbhiv_num,COUNTRY,UKR,EUR,Europe,YEAR,2024,,,,,,,,,6400 [4800-8100],6400,4800,8100,,2025-11-11T16:20:50Z,2024,2024-01-01,2024-12-31
7701628,TB_e_inc_tbhiv_num,COUNTRY,PNG,WPR,Western Pacific,YEAR,2011,,,,,,,,,5300 [2000-10 000],5300,2000,10000,,2025-11-11T16:20:50Z,2011,2011-01-01,2011-12-31
7704241,TB_e_inc_tbhiv_num,COUNTRY,FSM,WPR,Western Pacific,YEAR,2007,,,,,,,,,0 [0-0],0,0,0,,2025-11-11T16:20:50Z,2007,2007-01-01,2007-12-31
7707573,TB_e_inc_tbhiv_num,COUNTRY,CAF,AFR,Africa,YEAR,2004,,,,,,,,,13 000 [5000-25 000],13000,5000,25000,,2025-11-11T16:20:50Z,2004,2004-01-01,2004-12-31
7710688,TB_e_inc_tbhiv_num,COUNTRY,FIN,EUR,Europe,YEAR,2023,,,,,,,,,3 [2-5],3,2,5,,2025-11-11T16:20:50Z,2023,2023-01-01,2023-12-31
7714517,TB_e_inc_tbhiv_num,COUNTRY,TGO,AFR,Africa,YEAR,2014,,,,,,,,,1000 [560-1600],1000,560,1600,,2025-11-11T16:20:50Z,2014,2014-01-01,2014-12-31
7721804,TB_e_inc_tbhiv_num,COUNTRY,SAU,EMR,Eastern Mediterranean,YEAR,2015,,,,,,,,,20 [7-39],20,7,39,,2025-11-11T16:20:50Z,2015,2015-01-01,2015-12-31
7721900,TB_e_inc_tbhiv_num,COUNTRY,BHR,EMR,Eastern Mediterranean,YEAR,2014,,,,,,,,,2 [1-3],2,1,3,,2025-11-11T16:20:50Z,2014,2014-01-01,2014-12-31
7721966,TB_e_inc_tbhiv_num,COUNTRY,BGD,SEAR,South-East Asia,YEAR,2017,,,,,,,,,690 [350-1100],690,350,1100,,2025-11-11T16:20:50Z,2017,2017-01-01,2017-12-31
7722588,TB_e_inc_tbhiv_num,COUNTRY,GUY,AMR,Americas,YEAR,2008,,,,,,,,,240 [180-310],240,180,310,,2025-11-11T16:20:50Z,2008,2008-01-01,2008-12-31
7723478,TB_e_inc_tbhiv_num,COUNTRY,USA,AMR,Americas,YEAR,2018,,,,,,,,,510 [380-660],510,380,660,,2025-11-11T16:20:50Z,2018,2018-01-01,2018-12-31
7725382,TB_e_inc_tbhiv_num,COUNTRY,GRC,EUR,Europe,YEAR,2022,,,,,,,,,16 [8-27],16,8,27,,2025-11-11T16:20:50Z,2022,2022-01-01,2022-12-31
7727823,TB_e_inc_tbhiv_num,COUNTRY,NIC,AMR,Americas,YEAR,2009,,,,,,,,,150 [50-300],150,50,300,,2025-11-11T16:20:50Z,2009,2009-01-01,2009-12-31
7729751,TB_e_inc_tbhiv_num,COUNTRY,AZE,EUR,Europe,YEAR,2009,,,,,,,,,660 [210-1400],660,210,1400,,2025-11-11T16:20:50Z,2009,2009-01-01,2009-12-31
7729906,TB_e_inc_tbhiv_num,COUNTRY,NOR,EUR,Europe,YEAR,2020,,,,,,,,,8 [3-15],8,3,15,,2025-11-11T16:20:50Z,2020,2020-01-01,2020-12-31
7730809,TB_e_inc_tbhiv_num,COUNTRY,SEN,AFR,Africa,YEAR,2021,,,,,,,,,930 [650-1300],930,650,1300,,2025-11-11T16:20:50Z,2021,2021-01-01,2021-12-31
7732001,TB_e_inc_tbhiv_num,COUNTRY,ALB,EUR,Europe,YEAR,2015,,,,,,,,,4 [2-9],4,2,9,,2025-11-11T16:20:50Z,2015,2015-01-01,2015-12-31
7733193,TB_e_inc_tbhiv_num,COUNTRY,AUT,EUR,Europe,YEAR,2000,,,,,,,,,100 [56-160],100,56,160,,2025-11-11T16:20:50Z,2000,2000-01-01,2000-12-31
7739578,TB_e_inc_tbhiv_num,COUNTRY,GMB,AFR,Africa,YEAR,2000,,,,,,,,,770 [320-1400],770,320,1400,,2025-11-11T16:20:50Z,2000,2000-01-01,2000-12-31
7742130,TB_e_inc_tbhiv_num,COUNTRY,DZA,AFR,Africa,YEAR,2007,,,,,,,,,150 [84-240],150,84,240,,2025-11-11T16:20:50Z,2007,2007-01-01,2007-12-31
7742862,TB_e_inc_tbhiv_num,COUNTRY,ISR,EUR,Europe,YEAR,2012,,,,,,,,,20 [11-33],20,11,33,,2025-11-11T16:20:50Z,2012,2012-01-01,2012-12-31
7745284,TB_e_inc_tbhiv_num,COUNTRY,GEO,EUR,Europe,YEAR,2006,,,,,,,,,81 [29-160],81,29,160,,2025-11-11T16:20:50Z,2006,2006-01-01,2006-12-31
7750973,TB_e_inc_tbhiv_num,COUNTRY,CHN,WPR,Western Pacific,YEAR,2005,,,,,,,,,19 000 [5900-40 000],19000,5900,40000,,2025-11-11T16:20:50Z,2005,2005-01-01,2005-12-31
7754588,TB_e_inc_tbhiv_num,COUNTRY,FSM,WPR,Western Pacific,YEAR,2009,,,,,,,,,0 [0-0],0,0,0,,2025-11-11T16:20:50Z,2009,2009-01-01,2009-12-31
7758856,TB_e_inc_tbhiv_num,COUNTRY,HUN,EUR,Europe,YEAR,2006,,,,,,,,,18 [10-30],18,10,30,,2025-11-11T16:20:50Z,2006,2006-01-01,2006-12-31
7761980,TB_e_inc_tbhiv_num,COUNTRY,DZA,AFR,Africa,YEAR,2001,,,,,,,,,100 [55-160],100,55,160,,2025-11-11T16:20:50Z,2001,2001-01-01,2001-12-31
7763269,TB_e_inc_tbhiv_num,COUNTRY,GMB,AFR,Africa,YEAR,2015,,,,,,,,,670 [450-930],670,450,930,,2025-11-11T16:20:50Z,2015,2015-01-01,2015-12-31
7763492,TB_e_inc_tbhiv_num,COUNTRY,AZE,EUR,Europe,YEAR,2007,,,,,,,,,450 [140-940],450,140,940,,2025-11-11T16:20:50Z,2007,2007-01-01,2007-12-31
7764876,TB_e_inc_tbhiv_num,COUNTRY,ALB,EUR,Europe,YEAR,2006,,,,,,,,,2 [1-4],2,1,4,,2025-11-11T16:20:50Z,2006,2006-01-01,2006-12-31
7764925,TB_e_inc_tbhiv_num,COUNTRY,SOM,EMR,Eastern Mediterranean,YEAR,2008,,,,,,,,,1200 [460-2300],1200,460,2300,,2025-11-11T16:20:50Z,2008,2008-01-01,2008-12-31
7767468,TB_e_inc_tbhiv_num,COUNTRY,SYR,EMR,Eastern Mediterranean,YEAR,2021,,,,,,,,,5 [3-8],5,3,8,,2025-11-11T16:20:50Z,2021,2021-01-01,2021-12-31
7768630,TB_e_inc_tbhiv_num,COUNTRY,RWA,AFR,Africa,YEAR,2012,,,,,,,,,2000 [1400-2900],2000,1400,2900,,2025-11-11T16:20:50Z,2012,2012-01-01,2012-12-31
7769274,TB_e_inc_tbhiv_num,COUNTRY,AZE,EUR,Europe,YEAR,2024,,,,,,,,,76 [50-110],76,50,110,,2025-11-11T16:20:50Z,2024,2024-01-01,2024-12-31
7769739,TB_e_inc_tbhiv_num,COUNTRY,CYP,EUR,Europe,YEAR,2020,,,,,,,,,2 [1-3],2,1,3,,2025-11-11T16:20:50Z,2020,2020-01-01,2020-12-31
7769854,TB_e_inc_tbhiv_num,COUNTRY,THA,SEAR,South-East Asia,YEAR,2004,,,,,,,,,35 000 [7700-82 000],35000,7700,82000,,2025-11-11T16:20:50Z,2004,2004-01-01,2004-12-31
7770028,TB_e_inc_tbhiv_num,COUNTRY,KAZ,EUR,Europe,YEAR,2021,,,,,,,,,740 [550-950],740,550,950,,2025-11-11T16:20:50Z,2021,2021-01-01,2021-12-31
7772405,TB_e_inc_tbhiv_num,COUNTRY,ETH,AFR,Africa,YEAR,2005,,,,,,,,,59 000 [19 000-120 000],59000,19000,120000,,2025-11-11T16:20:50Z,2005,2005-01-01,2005-12-31
7776814,TB_e_inc_tbhiv_num,COUNTRY,SVN,EUR,Europe,YEAR,2015,,,,,,,,,0 [0-0],0,0,0,,2025-11-11T16:20:50Z,2015,2015-01-01,2015-12-31
7777428,TB_e_inc_tbhiv_num,COUNTRY,PAN,AMR,Americas,YEAR,2006,,,,,,,,,370 [280-480],370,280,480,,2025-11-11T16:20:50Z,2006,2006-01-01,2006-12-31
7777993,TB_e_inc_tbhiv_num,COUNTRY,CHE,EUR,Europe,YEAR,2005,,,,,,,,,68 [39-110],68,39,110,,2025-11-11T16:20:50Z,2005,2005-01-01,2005-12-31
7778611,TB_e_inc_tbhiv_num,COUNTRY,SGP,WPR,Western Pacific,YEAR,2021,,,,,,,,,23 [13-36],23,13,36,,2025-11-11T16:20:50Z,2021,2021-01-01,2021-12-31
7778971,TB_e_inc_tbhiv_num,COUNTRY,BOL,AMR,Americas,YEAR,2010,,,,,,,,,690 [250-1400],690,250,1400,,2025-11-11T16:20:50Z,2010,2010-01-01,2010-12-31
7780439,TB_e_inc_tbhiv_num,COUNTRY,AGO,AFR,Africa,YEAR,2022,,,,,,,,,10 000 [6300-16 000],10000,6300,16000,,2025-11-11T16:20:50Z,2022,2022-01-01,2022-12-31
7782831,TB_e_inc_tbhiv_num,COUNTRY,VUT,WPR,Western Pacific,YEAR,2011,,,,,,,,,110 [72-150],110,72,150,,2025-11-11T16:20:50Z,2011,2011-01-01,2011-12-31
7784206,TB_e_inc_tbhiv_num,COUNTRY,ETH,AFR,Africa,YEAR,2003,,,,,,,,,70 000 [25 000-140 000],70000,25000,140000,,2025-11-11T16:20:50Z,2003,2003-01-01,2003-12-31
7785677,TB_e_inc_tbhiv_num,COUNTRY,AUS,WPR,Western Pacific,YEAR,2018,,,,,,,,,30 [18-45],30,18,45,,2025-11-11T16:20:50Z,2018,2018-01-01,2018-12-31
7785761,TB_e_inc_tbhiv_num,REGION,AMR,,,YEAR,2010,,,,,,,,,34 000 [30 000-39 000],34000,30000,39000,,2025-11-11T16:20:50Z,2010,2010-01-01,2010-12-31
7786358,TB_e_inc_tbhiv_num,COUNTRY,BFA,AFR,Africa,YEAR,2005,,,,,,,,,2600 [740-5500],2600,740,5500,,2025-11-11T16:20:50Z,2005,2005-01-01,2005-12-31
7788750,TB_e_inc_tbhiv_num,COUNTRY,GNB,AFR,Africa,YEAR,2012,,,,,,,,,1600 [1200-1900],1600,1200,1900,,2025-11-11T16:20:50Z,2012,2012-01-01,2012-12-31
7790866,TB_e_inc_tbhiv_num,COUNTRY,SYR,EMR,Eastern Mediterranean,YEAR,2006,,,,,,,,,5 [2-7],5,2,7,,2025-11-11T16:20:50Z,2006,2006-01-01,2006-12-31
7790873,TB_e_inc_tbhiv_num,COUNTRY,KAZ,EUR,Europe,YEAR,2010,,,,,,,,,330 [240-430],330,240,430,,2025-11-11T16:20:50Z,2010,2010-01-01,2010-12-31
7793134,TB_e_inc_tbhiv_num,COUNTRY,PNG,WPR,Western Pacific,YEAR,2018,,,,,,,,,6200 [2400-12 000],6200,2400,12000,,2025-11-11T16:20:50Z,2018,2018-01-01,2018-12-31
7797831,TB_e_inc_tbhiv_num,COUNTRY,ITA,EUR,Europe,YEAR,2020,,,,,,,,,130 [72-210],130,72,210,,2025-11-11T16:20:50Z,2020,2020-01-01,2020-12-31
7799799,TB_e_inc_tbhiv_num,COUNTRY,ITA,EUR,Europe,YEAR,2015,,,,,,,,,210 [110-330],210,110,330,,2025-11-11T16:20:50Z,2015,2015-01-01,2015-12-31
7801989,TB_e_inc_tbhiv_num,COUNTRY,POL,EUR,Europe,YEAR,2023,,,,,,,,,58 [31-93],58,31,93,,2025-11-11T16:20:50Z,2023,2023-01-01,2023-12-31
7802057,TB_e_inc_tbhiv_num,COUNTRY,URY,AMR,Americas,YEAR,2022,,,,,,,,,210 [160-280],210,160,280,,2025-11-11T16:20:50Z,2022,2022-01-01,2022-12-31
7803903,TB_e_inc_tbhiv_num,COUNTRY,BRA,AMR,Americas,YEAR,2014,,,,,,,,,13 000 [9500-17 000],13000,9500,17000,,2025-11-11T16:20:50Z,2014,2014-01-01,2014-12-31
7806551,TB_e_inc_tbhiv_num,GLOBAL,GLOBAL,,,YEAR,2024,,,,,,,,,619 000 [545 000-698 000],619000,545000,698000,,2025-11-11T16:20:50Z,2024,2024-01-01,2024-12-31
7808692,TB_e_inc_tbhiv_num,COUNTRY,CPV,AFR,Africa,YEAR,2004,,,,,,,,,59 [21-120],59,21,120,,2025-11-11T16:20:50Z,2004,2004-01-01,2004-12-31
7808851,TB_e_inc_tbhiv_num,COUNTRY,EST,EUR,Europe,YEAR,2004,,,,,,,,,53 [33-78],53,33,78,,2025-11-11T16:20:50Z,2004,2004-01-01,2004-12-31
7812600,TB_e_inc_tbhiv_num,COUNTRY,GUY,AMR,Americas,YEAR,2023,,,,,,,,,120 [90-160],120,90,160,,2025-11-11T16:20:50Z,2023,2023-01-01,2023-12-31
7813623,TB_e_inc_tbhiv_num,COUNTRY,PNG,WPR,Western Pacific,YEAR,2020,,,,,,,,,4200 [3400-5000],4200,3400,5000,,2025-11-11T16:20:50Z,2020,2020-01-01,2020-12-31
7814606,TB_e_inc_tbhiv_num,COUNTRY,PRY,AMR,Americas,YEAR,2015,,,,,,,,,300 [220-390],300,220,390,,2025-11-11T16:20:50Z,2015,2015-01-01,2015-12-31
7818074,TB_e_inc_tbhiv_num,COUNTRY,MWI,AFR,Africa,YEAR,2024,,,,,,,,,11 000 [4700-19 000],11000,4700,19000,,2025-11-11T16:20:50Z,2024,2024-01-01,2024-12-31
7818868,TB_e_inc_tbhiv_num,COUNTRY,BOL,AMR,Americas,YEAR,2020,,,,,,,,,600 [460-760],600,460,760,,2025-11-11T16:20:50Z,2020,2020-01-01,2020-12-31
7823679,TB_e_inc_tbhiv_num,COUNTRY,LAO,WPR,Western Pacific,YEAR,2024,,,,,,,,,410 [240-630],410,240,630,,2025-11-11T16:20:50Z,2024,2024-01-01,2024-12-31
7825051,TB_e_inc_tbhiv_num,COUNTRY,CIV,AFR,Africa,YEAR,2007,,,,,,,,,22 000 [13 000-33 000],22000,13000,33000,,2025-11-11T16:20:50Z,2007,2007-01-01,2007-12-31
7825660,TB_e_inc_tbhiv_num,COUNTRY,MDA,EUR,Europe,YEAR,2006,,,,,,,,,390 [140-740],390,140,740,,2025-11-11T16:20:50Z,2006,2006-01-01,2006-12-31
7826147,TB_e_inc_tbhiv_num,COUNTRY,MOZ,AFR,Africa,YEAR,2010,,,,,,,,,50 000 [29 000-76 000],50000,29000,76000,,2025-11-11T16:20:50Z,2010,2010-01-01,2010-12-31
7827310,TB_e_inc_tbhiv_num,COUNTRY,CMR,AFR,Africa,YEAR,2013,,,,,,,,,19 000 [15 000-24 000],19000,15000,24000,,2025-11-11T16:20:50Z,2013,2013-01-01,2013-12-31
7827721,TB_e_inc_tbhiv_num,COUNTRY,JPN,WPR,Western Pacific,YEAR,2005,,,,,,,,,300 [100-590],300,100,590,,2025-11-11T16:20:50Z,2005,2005-01-01,2005-12-31
7829914,TB_e_inc_tbhiv_num,COUNTRY,MDA,EUR,Europe,YEAR,2017,,,,,,,,,280 [210-360],280,210,360,,2025-11-11T16:20:50Z,2017,2017-01-01,2017-12-31
7831419,TB_e_inc_tbhiv_num,COUNTRY,CZE,EUR,Europe,YEAR,2023,,,,,,,,,32 [20-47],32,20,47,,2025-11-11T16:20:50Z,2023,2023-01-01,2023-12-31
7833837,TB_e_inc_tbhiv_num,COUNTRY,PER,AMR,Americas,YEAR,2020,,,,,,,,,2700 [2000-3400],2700,2000,3400,,2025-11-11T16:20:50Z,2020,2020-01-01,2020-12-31
7834559,TB_e_inc_tbhiv_num,COUNTRY,SUR,AMR,Americas,YEAR,2015,,,,,,,,,62 [43-84],62,43,84,,2025-11-11T16:20:50Z,2015,2015-01-01,2015-12-31
7834876,TB_e_inc_tbhiv_num,COUNTRY,GAB,AFR,Africa,YEAR,2012,,,,,,,,,3800 [2200-5900],3800,2200,5900,,2025-11-11T16:20:50Z,2012,2012-01-01,2012-12-31
7835701,TB_e_inc_tbhiv_num,COUNTRY,ARE,EMR,Eastern Mediterranean,YEAR,2020,,,,,,,,,5 [1-12],5,1,12,,2025-11-11T16:20:50Z,2020,2020-01-01,2020-12-31
7836649,TB_e_inc_tbhiv_num,COUNTRY,GIN,AFR,Africa,YEAR,2020,,,,,,,,,6900 [5200-8900],6900,5200,8900,,2025-11-11T16:20:50Z,2020,2020-01-01,2020-12-31
7840558,TB_e_inc_tbhiv_num,COUNTRY,GAB,AFR,Africa,YEAR,2016,,,,,,,,,3500 [1800-5700],3500,1800,5700,,2025-11-11T16:20:50Z,2016,2016-01-01,2016-12-31
7845460,TB_e_inc_tbhiv_num,COUNTRY,ISR,EUR,Europe,YEAR,2020,,,,,,,,,18 [9-28],18,9,28,,2025-11-11T16:20:50Z,2020,2020-01-01,2020-12-31
7846874,TB_e_inc_tbhiv_num,COUNTRY,ECU,AMR,Americas,YEAR,2010,,,,,,,,,610 [450-800],610,450,800,,2025-11-11T16:20:50Z,2010,2010-01-01,2010-12-31
7847504,TB_e_inc_tbhiv_num,COUNTRY,MDA,EUR,Europe,YEAR,2018,,,,,,,,,260 [190-340],260,190,340,,2025-11-11T16:20:50Z,2018,2018-01-01,2018-12-31
7854896,TB_e_inc_tbhiv_num,COUNTRY,LTU,EUR,Europe,YEAR,2017,,,,,,,,,64 [43-90],64,43,90,,2025-11-11T16:20:50Z,2017,2017-01-01,2017-12-31
7857572,TB_e_inc_tbhiv_num,COUNTRY,ECU,AMR,Americas,YEAR,2008,,,,,,,,,630 [460-820],630,460,820,,2025-11-11T16:20:50Z,2008,2008-01-01,2008-12-31
7861014,TB_e_inc_tbhiv_num,REGION,AMR,,,YEAR,2012,,,,,,,,,38 000 [33 000-43 000],38000,33000,43000,,2025-11-11T16:20:50Z,2012,2012-01-01,2012-12-31
7861261,TB_e_inc_tbhiv_num,COUNTRY,JAM,AMR,Americas,YEAR,2003,,,,,,,,,100 [73-130],100,73,130,,2025-11-11T16:20:50Z,2003,2003-01-01,2003-12-31
7867016,TB_e_inc_tbhiv_num,COUNTRY,NGA,AFR,Africa,YEAR,2015,,,,,,,,,71 000 [44 000-105 000],71000,44000,105000,,2025-11-11T16:20:50Z,2015,2015-01-01,2015-12-31
7868307,TB_e_inc_tbhiv_num,COUNTRY,PSE,EMR,Eastern Mediterranean,YEAR,2010,,,,,,,,,0 [0-0],0,0,0,,2025-11-11T16:20:50Z,2010,2010-01-01,2010-12-31
7869024,TB_e_inc_tbhiv_num,COUNTRY,PHL,WPR,Western Pacific,YEAR,2008,,,,,,,,,3800 [1700-6600],3800,1700,6600,,2025-11-11T16:20:50Z,2008,2008-01-01,2008-12-31
7870219,TB_e_inc_tbhiv_num,WORLDBANKINCOMEGROUP,WB_HI,,,YEAR,2007,,,,,,,,,16 000 [8700-25 000],16000,8700,25000,,2025-11-11T16:20:50Z,2007,2007-01-01,2007-12-31
7870498,TB_e_inc_tbhiv_num,COUNTRY,DOM,AMR,Americas,YEAR,2006,,,,,,,,,1800 [730-3300],1800,730,3300,,2025-11-11T16:20:50Z,2006,2006-01-01,2006-12-31
7872093,TB_e_inc_tbhiv_num,WORLDBANKINCOMEGROUP,WB_UMI,,,YEAR,2002,,,,,,,,,454 000 [243 000-731 000],454000,243000,731000,,2025-11-11T16:20:50Z,2002,2002-01-01,2002-12-31
7872446,TB_e_inc_tbhiv_num,COUNTRY,URY,AMR,Americas,YEAR,2024,,,,,,,,,180 [140-240],180,140,240,,2025-11-11T16:20:50Z,2024,2024-01-01,2024-12-31
7874245,TB_e_inc_tbhiv_num,COUNTRY,LVA,EUR,Europe,YEAR,2015,,,,,,,,,170 [130-230],170,130,230,,2025-11-11T16:20:50Z,2015,2015-01-01,2015-12-31
7877236,TB_e_inc_tbhiv_num,COUNTRY,NIC,AMR,Americas,YEAR,2012,,,,,,,,,180 [61-350],180,61,350,,2025-11-11T16:20:50Z,2012,2012-01-01,2012-12-31
7880779,TB_e_inc_tbhiv_num,COUNTRY,COG,AFR,Africa,YEAR,2018,,,,,,,,,5300 [3400-7800],5300,3400,7800,,2025-11-11T16:20:50Z,2018,2018-01-01,2018-12-31
7883769,TB_e_inc_tbhiv_num,COUNTRY,PAN,AMR,Americas,YEAR,2012,,,,,,,,,320 [240-420],320,240,420,,2025-11-11T16:20:50Z,2012,2012-01-01,2012-12-31
7884661,TB_e_inc_tbhiv_num,COUNTRY,FIN,EUR,Europe,YEAR,2013,,,,,,,,,4 [2-7],4,2,7,,2025-11-11T16:20:50Z,2013,2013-01-01,2013-12-31
7888050,TB_e_inc_tbhiv_num,COUNTRY,CRI,AMR,Americas,YEAR,2017,,,,,,,,,42 [27-60],42,27,60,,2025-11-11T16:20:50Z,2017,2017-01-01,2017-12-31
7890967,TB_e_inc_tbhiv_num,COUNTRY,TZA,AFR,Africa,YEAR,2002,,,,,,,,,94 000 [16 000-239 000],94000,16000,239000,,2025-11-11T16:20:50Z,2002,2002-01-01,2002-12-31
7891823,TB_e_inc_tbhiv_num,COUNTRY,MHL,WPR,Western Pacific,YEAR,2000,,,,,,,,,0 [0-0],0,0,0,,2025-11-11T16:20:50Z,2000,2000-01-01,2000-12-31
7892598,TB_e_inc_tbhiv_num,COUNTRY,GTM,AMR,Americas,YEAR,2017,,,,,,,,,290 [210-370],290,210,370,,2025-11-11T16:20:50Z,2017,2017-01-01,2017-12-31
7893130,TB_e_inc_tbhiv_num,COUNTRY,JPN,WPR,Western Pacific,YEAR,2020,,,,,,,,,81 [28-160],81,28,160,,2025-11-11T16:20:50Z,2020,2020-01-01,2020-12-31
7895922,TB_e_inc_tbhiv_num,COUNTRY,IRN,EMR,Eastern Mediterranean,YEAR,2013,,,,,,,,,490 [150-1000],490,150,1000,,2025-11-11T16:20:50Z,2013,2013-01-01,2013-12-31
7896052,TB_e_inc_tbhiv_num,COUNTRY,ZAF,AFR,Africa,YEAR,2018,,,,,,,,,233 000 [147 000-340 000],233000,147000,340000,,2025-11-11T16:20:50Z,2018,2018-01-01,2018-12-31
7899290,TB_e_inc_tbhiv_num,COUNTRY,FSM,WPR,Western Pacific,YEAR,2001,,,,,,,,,0 [0-0],0,0,0,,2025-11-11T16:20:50Z,2001,2001-01-01,2001-12-31
7900883,TB_e_inc_tbhiv_num,COUNTRY,DOM,AMR,Americas,YEAR,2008,,,,,,,,,1500 [610-2700],1500,610,2700,,2025-11-11T16:20:50Z,2008,2008-01-01,2008-12-31
7904255,TB_e_inc_tbhiv_num,COUNTRY,BFA,AFR,Africa,YEAR,2014,,,,,,,,,1500 [660-2700],1500,660,2700,,2025-11-11T16:20:50Z,2014,2014-01-01,2014-12-31
7905222,TB_e_inc_tbhiv_num,COUNTRY,BTN,SEAR,South-East Asia,YEAR,2013,,,,,,,,,110 [19-290],110,19,290,,2025-11-11T16:20:50Z,2013,2013-01-01,2013-12-31
7906287,TB_e_inc_tbhiv_num,COUNTRY,FRA,EUR,Europe,YEAR,2001,,,,,,,,,1000 [440-1900],1000,440,1900,,2025-11-11T16:20:50Z,2001,2001-01-01,2001-12-31
7912336,TB_e_inc_tbhiv_num,COUNTRY,NOR,EUR,Europe,YEAR,2012,,,,,,,,,10 [4-20],10,4,20,,2025-11-11T16:20:50Z,2012,2012-01-01,2012-12-31
7916224,TB_e_inc_tbhiv_num,COUNTRY,MNE,EUR,Europe,YEAR,2024,,,,,,,,,0 [0-0],0,0,0,,2025-11-11T16:20:50Z,2024,2024-01-01,2024-12-31
7916357,TB_e_inc_tbhiv_num,COUNTRY,SGP,WPR,Western Pacific,YEAR,2022,,,,,,,,,29 [17-44],29,17,44,,2025-11-11T16:20:50Z,2022,2022-01-01,2022-12-31
7917779,TB_e_inc_tbhiv_num,COUNTRY,SWE,EUR,Europe,YEAR,2016,,,,,,,,,17 [9-27],17,9,27,,2025-11-11T16:20:50Z,2016,2016-01-01,2016-12-31
7918407,TB_e_inc_tbhiv_num,COUNTRY,SDN,EMR,Eastern Mediterranean,YEAR,2022,,,,,,,,,580 [180-1200],580,180,1200,,2025-11-11T16:20:50Z,2022,2022-01-01,2022-12-31
7919108,TB_e_inc_tbhiv_num,COUNTRY,AGO,AFR,Africa,YEAR,2013,,,,,,,,,28 000 [13 000-49 000],28000,13000,49000,,2025-11-11T16:20:50Z,2013,2013-01-01,2013-12-31
7921914,TB_e_inc_tbhiv_num,COUNTRY,SWE,EUR,Europe,YEAR,2021,,,,,,,,,9 [5-14],9,5,14,,2025-11-11T16:20:50Z,2021,2021-01-01,2021-12-31
7922109,TB_e_inc_tbhiv_num,COUNTRY,CIV,AFR,Africa,YEAR,2016,,,,,,,,,8600 [6300-11 000],8600,6300,11000,,2025-11-11T16:20:50Z,2016,2016-01-01,2016-12-31
7927668,TB_e_inc_tbhiv_num,COUNTRY,PER,AMR,Americas,YEAR,2019,,,,,,,,,2700 [2000-3500],2700,2000,3500,,2025-11-11T16:20:50Z,2019,2019-01-01,2019-12-31
7929506,TB_e_inc_tbhiv_num,COUNTRY,ECU,AMR,Americas,YEAR,2002,,,,,,,,,630 [200-1300],630,200,1300,,2025-11-11T16:20:50Z,2002,2002-01-01,2002-12-31
7932952,TB_e_inc_tbhiv_num,COUNTRY,RWA,AFR,Africa,YEAR,2019,,,,,,,,,1700 [1100-2400],1700,1100,2400,,2025-11-11T16:20:50Z,2019,2019-01-01,2019-12-31
7933932,TB_e_inc_tbhiv_num,COUNTRY,RWA,AFR,Africa,YEAR,2006,,,,,,,,,4700 [3400-6100],4700,3400,6100,,2025-11-11T16:20:50Z,2006,2006-01-01,2006-12-31
7938940,TB_e_inc_tbhiv_num,COUNTRY,MHL,WPR,Western Pacific,YEAR,2016,,,,,,,,,0 [0-0],0,0,0,,2025-11-11T16:20:50Z,2016,2016-01-01,2016-12-31
7939004,TB_e_inc_tbhiv_num,COUNTRY,MKD,EUR,Europe,YEAR,2018,,,,,,,,,1 [0-3],1,0,3,,2025-11-11T16:20:50Z,2018,2018-01-01,2018-12-31
7941391,TB_e_inc_tbhiv_num,COUNTRY,MRT,AFR,Africa,YEAR,2002,,,,,,,,,520 [200-980],520,200,980,,2025-11-11T16:20:50Z,2002,2002-01-01,2002-12-31
7942939,TB_e_inc_tbhiv_num,COUNTRY,ERI,AFR,Africa,YEAR,2017,,,,,,,,,200 [150-260],200,150,260,,2025-11-11T16:20:50Z,2017,2017-01-01,2017-12-31
7943757,TB_e_inc_tbhiv_num,COUNTRY,KGZ,EUR,Europe,YEAR,2014,,,,,,,,,320 [230-410],320,230,410,,2025-11-11T16:20:50Z,2014,2014-01-01,2014-12-31
7944967,TB_e_inc_tbhiv_num,COUNTRY,UGA,AFR,Africa,YEAR,2018,,,,,,,,,34 000 [19 000-53 000],34000,19000,53000,,2025-11-11T16:20:50Z,2018,2018-01-01,2018-12-31
7946315,TB_e_inc_tbhiv_num,COUNTRY,ECU,AMR,Americas,YEAR,2022,,,,,,,,,1300 [980-1700],1300,980,1700,,2025-11-11T16:20:50Z,2022,2022-01-01,2022-12-31
7946519,TB_e_inc_tbhiv_num,COUNTRY,AFG,EMR,Eastern Mediterranean,YEAR,2024,,,,,,,,,34 [11-68],34,11,68,,2025-11-11T16:20:50Z,2024,2024-01-01,2024-12-31
7954908,TB_e_inc_tbhiv_num,COUNTRY,SLE,AFR,Africa,YEAR,2020,,,,,,,,,4500 [1900-8000],4500,1900,8000,,2025-11-11T16:20:50Z,2020,2020-01-01,2020-12-31
7956733,TB_e_inc_tbhiv_num,COUNTRY,SVN,EUR,Europe,YEAR,2001,,,,,,,,,7 [2-14],7,2,14,,2025-11-11T16:20:50Z,2001,2001-01-01,2001-12-31
7959253,TB_e_inc_tbhiv_num,COUNTRY,BEL,EUR,Europe,YEAR,2000,,,,,,,,,130 [47-240],130,47,240,,2025-11-11T16:20:50Z,2000,2000-01-01,2000-12-31
7964972,TB_e_inc_tbhiv_num,COUNTRY,CHN,WPR,Western Pacific,YEAR,2000,,,,,,,,,27 000 [8100-56 000],27000,8100,56000,,2025-11-11T16:20:50Z,2000,2000-01-01,2000-12-31
7965150,TB_e_inc_tbhiv_num,COUNTRY,KEN,AFR,Africa,YEAR,2010,,,,,,,,,91 000 [29 000-188 000],91000,29000,188000,,2025-11-11T16:20:50Z,2010,2010-01-01,2010-12-31
7966406,TB_e_inc_tbhiv_num,COUNTRY,ALB,EUR,Europe,YEAR,2000,,,,,,,,,1 [0-2],1,0,2,,2025-11-11T16:20:50Z,2000,2000-01-01,2000-12-31
7966541,TB_e_inc_tbhiv_num,COUNTRY,ZAF,AFR,Africa,YEAR,2000,,,,,,,,,270 000 [138 000-445 000],270000,138000,445000,,2025-11-11T16:20:50Z,2000,2000-01-01,2000-12-31
7967920,TB_e_inc_tbhiv_num,COUNTRY,RWA,AFR,Africa,YEAR,2021,,,,,,,,,1300 [870-1900],1300,870,1900,,2025-11-11T16:20:50Z,2021,2021-01-01,2021-12-31
7969834,TB_e_inc_tbhiv_num,COUNTRY,HKG,,,YEAR,2010,,,,,,,,,61 [45-79],61,45,79,,2025-11-11T16:20:50Z,2010,2010-01-01,2010-12-31
7974880,TB_e_inc_tbhiv_num,COUNTRY,TJK,EUR,Europe,YEAR,2007,,,,,,,,,130 [45-260],130,45,260,,2025-11-11T16:20:50Z,2007,2007-01-01,2007-12-31
7976889,TB_e_inc_tbhiv_num,COUNTRY,SLE,AFR,Africa,YEAR,2012,,,,,,,,,3600 [1600-6400],3600,1600,6400,,2025-11-11T16:20:50Z,2012,2012-01-01,2012-12-31
7990598,TB_e_inc_tbhiv_num,COUNTRY,ARG,AMR,Americas,YEAR,2008,,,,,,,,,920 [510-1400],920,510,1400,,2025-11-11T16:20:50Z,2008,2008-01-01,2008-12-31
7997191,TB_e_inc_tbhiv_num,COUNTRY,GHA,AFR,Africa,YEAR,2014,,,,,,,,,11 000 [4500-21 000],11000,4500,21000,,2025-11-11T16:20:50Z,2014,2014-01-01,2014-12-31
8002153,TB_e_inc_tbhiv_num,COUNTRY,FSM,WPR,Western Pacific,YEAR,2000,,,,,,,,,0 [0-0],0,0,0,,2025-11-11T16:20:50Z,2000,2000-01-01,2000-12-31
8007811,TB_e_inc_tbhiv_num,COUNTRY,ITA,EUR,Europe,YEAR,2005,,,,,,,,,470 [270-730],470,270,730,,2025-11-11T16:20:50Z,2005,2005-01-01,2005-12-31
8009734,TB_e_inc_tbhiv_num,COUNTRY,MEX,AMR,Americas,YEAR,2018,,,,,,,,,3100 [2300-4000],3100,2300,4000,,2025-11-11T16:20:50Z,2018,2018-01-01,2018-12-31
8013600,TB_e_inc_tbhiv_num,COUNTRY,MYS,WPR,Western Pacific,YEAR,2003,,,,,,,,,2500 [1800-3200],2500,1800,3200,,2025-11-11T16:20:50Z,2003,2003-01-01,2003-12-31
8013957,TB_e_inc_tbhiv_num,COUNTRY,LBN,EMR,Eastern Mediterranean,YEAR,2021,,,,,,,,,6 [1-14],6,1,14,,2025-11-11T16:20:50Z,2021,2021-01-01,2021-12-31
8014076,TB_e_inc_tbhiv_num,COUNTRY,BEN,AFR,Africa,YEAR,2005,,,,,,,,,1300 [490-2500],1300,490,2500,,2025-11-11T16:20:50Z,2005,2005-01-01,2005-12-31
8014195,TB_e_inc_tbhiv_num,COUNTRY,RWA,AFR,Africa,YEAR,2018,,,,,,,,,1600 [1100-2300],1600,1100,2300,,2025-11-11T16:20:50Z,2018,2018-01-01,2018-12-31
8014655,TB_e_inc_tbhiv_num,COUNTRY,MNG,WPR,Western Pacific,YEAR,2018,,,,,,,,,15 [2-39],15,2,39,,2025-11-11T16:20:50Z,2018,2018-01-01,2018-12-31
8016462,TB_e_inc_tbhiv_num,COUNTRY,MDG,AFR,Africa,YEAR,2005,,,,,,,,,350 [110-700],350,110,700,,2025-11-11T16:20:50Z,2005,2005-01-01,2005-12-31
8020931,TB_e_inc_tbhiv_num,COUNTRY,BEN,AFR,Africa,YEAR,2007,,,,,,,,,1100 [700-1600],1100,700,1600,,2025-11-11T16:20:50Z,2007,2007-01-01,2007-12-31
8022092,TB_e_inc_tbhiv_num,COUNTRY,DZA,AFR,Africa,YEAR,2010,,,,,,,,,180 [100-290],180,100,290,,2025-11-11T16:20:50Z,2010,2010-01-01,2010-12-31
8024010,TB_e_inc_tbhiv_num,COUNTRY,TGO,AFR,Africa,YEAR,2017,,,,,,,,,800 [380-1400],800,380,1400,,2025-11-11T16:20:50Z,2017,2017-01-01,2017-12-31
8024234,TB_e_inc_tbhiv_num,COUNTRY,AUT,EUR,Europe,YEAR,2023,,,,,,,,,11 [6-17],11,6,17,,2025-11-11T16:20:50Z,2023,2023-01-01,2023-12-31
8026485,TB_e_inc_tbhiv_num,COUNTRY,IRN,EMR,Eastern Mediterranean,YEAR,2018,,,,,,,,,440 [320-570],440,320,570,,2025-11-11T16:20:50Z,2018,2018-01-01,2018-12-31
8026799,TB_e_inc_tbhiv_num,COUNTRY,TKM,EUR,Europe,YEAR,2008,,,,,,,,,940 [490-1500],940,490,1500,,2025-11-11T16:20:50Z,2008,2008-01-01,2008-12-31
8028507,TB_e_inc_tbhiv_num,COUNTRY,AFG,EMR,Eastern Mediterranean,YEAR,2013,,,,,,,,,17 [1-52],17,1,52,,2025-11-11T16:20:50Z,2013,2013-01-01,2013-12-31
8031490,TB_e_inc_tbhiv_num,COUNTRY,BDI,AFR,Africa,YEAR,2022,,,,,,,,,690 [410-1000],690,410,1000,,2025-11-11T16:20:50Z,2022,2022-01-01,2022-12-31
8033584,TB_e_inc_tbhiv_num,COUNTRY,BRA,AMR,Americas,YEAR,2013,,,,,,,,,13 000 [9800-17 000],13000,9800,17000,,2025-11-11T16:20:50Z,2013,2013-01-01,2013-12-31
8034806,TB_e_inc_tbhiv_num,COUNTRY,URY,AMR,Americas,YEAR,2012,,,,,,,,,170 [130-220],170,130,220,,2025-11-11T16:20:50Z,2012,2012-01-01,2012-12-31
8038878,TB_e_inc_tbhiv_num,COUNTRY,KWT,EMR,Eastern Mediterranean,YEAR,2015,,,,,,,,,3 [1-6],3,1,6,,2025-11-11T16:20:50Z,2015,2015-01-01,2015-12-31
8040670,TB_e_inc_tbhiv_num,COUNTRY,YEM,EMR,Eastern Mediterranean,YEAR,2024,,,,,,,,,120 [64-180],120,64,180,,2025-11-11T16:20:50Z,2024,2024-01-01,2024-12-31
8041190,TB_e_inc_tbhiv_num,COUNTRY,STP,AFR,Africa,YEAR,2018,,,,,,,,,38 [23-57],38,23,57,,2025-11-11T16:20:50Z,2018,2018-01-01,2018-12-31
8048526,TB_e_inc_tbhiv_num,COUNTRY,FRA,EUR,Europe,YEAR,2005,,,,,,,,,620 [250-1200],620,250,1200,,2025-11-11T16:20:50Z,2005,2005-01-01,2005-12-31
8048993,TB_e_inc_tbhiv_num,COUNTRY,NAM,AFR,Africa,YEAR,2023,,,,,,,,,3900 [2700-5200],3900,2700,5200,,2025-11-11T16:20:50Z,2023,2023-01-01,2023-12-31
8050918,TB_e_inc_tbhiv_num,COUNTRY,BWA,AFR,Africa,YEAR,2023,,,,,,,,,2000 [990-3200],2000,990,3200,,2025-11-11T16:20:50Z,2023,2023-01-01,2023-12-31
8051285,TB_e_inc_tbhiv_num,COUNTRY,FSM,WPR,Western Pacific,YEAR,2020,,,,,,,,,0 [0-0],0,0,0,,2025-11-11T16:20:50Z,2020,2020-01-01,2020-12-31
8053744,TB_e_inc_tbhiv_num,COUNTRY,LVA,EUR,Europe,YEAR,2012,,,,,,,,,210 [150-270],210,150,270,,2025-11-11T16:20:50Z,2012,2012-01-01,2012-12-31
8055990,TB_e_inc_tbhiv_num,COUNTRY,PRY,AMR,Americas,YEAR,2010,,,,,,,,,71 [53-93],71,53,93,,2025-11-11T16:20:50Z,2010,2010-01-01,2010-12-31
8058383,TB_e_inc_tbhiv_num,COUNTRY,GRC,EUR,Europe,YEAR,2001,,,,,,,,,39 [22-62],39,22,62,,2025-11-11T16:20:50Z,2001,2001-01-01,2001-12-31
8058770,TB_e_inc_tbhiv_num,WORLDBANKINCOMEGROUP,WB_LMI,,,YEAR,2024,,,,,,,,,234 000 [204 000-265 000],234000,204000,265000,,2025-11-11T16:20:50Z,2024,2024-01-01,2024-12-31
8065569,TB_e_inc_tbhiv_num,COUNTRY,JPN,WPR,Western Pacific,YEAR,2023,,,,,,,,,64 [22-130],64,22,130,,2025-11-11T16:20:50Z,2023,2023-01-01,2023-12-31
8069386,TB_e_inc_tbhiv_num,COUNTRY,GMB,AFR,Africa,YEAR,2014,,,,,,,,,750 [500-1000],750,500,1000,,2025-11-11T16:20:50Z,2014,2014-01-01,2014-12-31
8069681,TB_e_inc_tbhiv_num,COUNTRY,ISR,EUR,Europe,YEAR,2007,,,,,,,,,21 [11-34],21,11,34,,2025-11-11T16:20:50Z,2007,2007-01-01,2007-12-31
8070905,TB_e_inc_tbhiv_num,COUNTRY,GNQ,AFR,Africa,YEAR,2023,,,,,,,,,2400 [1000-4300],2400,1000,4300,,2025-11-11T16:20:50Z,2023,2023-01-01,2023-12-31
8071796,TB_e_inc_tbhiv_num,COUNTRY,LBY,EMR,Eastern Mediterranean,YEAR,2021,,,,,,,,,22 [6-49],22,6,49,,2025-11-11T16:20:50Z,2021,2021-01-01,2021-12-31
8080719,TB_e_inc_tbhiv_num,COUNTRY,LBN,EMR,Eastern Mediterranean,YEAR,2023,,,,,,,,,6 [1-14],6,1,14,,2025-11-11T16:20:50Z,2023,2023-01-01,2023-12-31
8080782,TB_e_inc_tbhiv_num,COUNTRY,BEN,AFR,Africa,YEAR,2011,,,,,,,,,1300 [760-2000],1300,760,2000,,2025-11-11T16:20:50Z,2011,2011-01-01,2011-12-31
8081969,TB_e_inc_tbhiv_num,GLOBAL,GLOBAL,,,YEAR,2013,,,,,,,,,1 390 000 [1 120 000-1 680 000],1390000,1120000,1680000,,2025-11-11T16:20:50Z,2013,2013-01-01,2013-12-31
8082998,TB_e_inc_tbhiv_num,COUNTRY,UZB,EUR,Europe,YEAR,2008,,,,,,,,,420 [320-540],420,320,540,,2025-11-11T16:20:50Z,2008,2008-01-01,2008-12-31
8087574,TB_e_inc_tbhiv_num,COUNTRY,SDN,EMR,Eastern Mediterranean,YEAR,2021,,,,,,,,,610 [190-1300],610,190,1300,,2025-11-11T16:20:50Z,2021,2021-01-01,2021-12-31
8089108,TB_e_inc_tbhiv_num,COUNTRY,ROU,EUR,Europe,YEAR,2002,,,,,,,,,640 [210-1300],640,210,1300,,2025-11-11T16:20:50Z,2002,2002-01-01,2002-12-31
8089568,TB_e_inc_tbhiv_num,COUNTRY,KGZ,EUR,Europe,YEAR,2011,,,,,,,,,240 [180-320],240,180,320,,2025-11-11T16:20:50Z,2011,2011-01-01,2011-12-31
8092154,TB_e_inc_tbhiv_num,COUNTRY,NZL,WPR,Western Pacific,YEAR,2021,,,,,,,,,4 [0-10],4,0,10,,2025-11-11T16:20:50Z,2021,2021-01-01,2021-12-31
8092454,TB_e_inc_tbhiv_num,COUNTRY,EST,EUR,Europe,YEAR,2010,,,,,,,,,42 [29-58],42,29,58,,2025-11-11T16:20:50Z,2010,2010-01-01,2010-12-31
8092606,TB_e_inc_tbhiv_num,COUNTRY,PRI,AMR,Americas,YEAR,2010,,,,,,,,,22 [12-35],22,12,35,,2025-11-11T16:20:50Z,2010,2010-01-01,2010-12-31
8093071,TB_e_inc_tbhiv_num,COUNTRY,ARM,EUR,Europe,YEAR,2008,,,,,,,,,130 [45-260],130,45,260,,2025-11-11T16:20:50Z,2008,2008-01-01,2008-12-31
8094669,TB_e_inc_tbhiv_num,COUNTRY,GNB,AFR,Africa,YEAR,2019,,,,,,,,,1200 [870-1500],1200,870,1500,,2025-11-11T16:20:50Z,2019,2019-01-01,2019-12-31
8096973,TB_e_inc_tbhiv_num,COUNTRY,BGD,SEAR,South-East Asia,YEAR,2000,,,,,,,,,100 [52-170],100,52,170,,2025-11-11T16:20:50Z,2000,2000-01-01,2000-12-31
8099108,TB_e_inc_tbhiv_num,COUNTRY,DNK,EUR,Europe,YEAR,2018,,,,,,,,,9 [3-17],9,3,17,,2025-11-11T16:20:50Z,2018,2018-01-01,2018-12-31
8108520,TB_e_inc_tbhiv_num,COUNTRY,ZMB,AFR,Africa,YEAR,2009,,,,,,,,,47 000 [22 000-81 000],47000,22000,81000,,2025-11-11T16:20:50Z,2009,2009-01-01,2009-12-31
8117296,TB_e_inc_tbhiv_num,COUNTRY,CPV,AFR,Africa,YEAR,2021,,,,,,,,,21 [11-34],21,11,34,,2025-11-11T16:20:50Z,2021,2021-01-01,2021-12-31
8118201,TB_e_inc_tbhiv_num,COUNTRY,SRB,EUR,Europe,YEAR,2022,,,,,,,,,4 [2-6],4,2,6,,2025-11-11T16:20:50Z,2022,2022-01-01,2022-12-31
8123639,TB_e_inc_tbhiv_num,COUNTRY,AZE,EUR,Europe,YEAR,2015,,,,,,,,,150 [110-200],150,110,200,,2025-11-11T16:20:50Z,2015,2015-01-01,2015-12-31
8128635,TB_e_inc_tbhiv_num,COUNTRY,UGA,AFR,Africa,YEAR,2014,,,,,,,,,33 000 [19 000-50 000],33000,19000,50000,,2025-11-11T16:20:50Z,2014,2014-01-01,2014-12-31
8132018,TB_e_inc_tbhiv_num,COUNTRY,NOR,EUR,Europe,YEAR,2003,,,,,,,,,19 [7-37],19,7,37,,2025-11-11T16:20:50Z,2003,2003-01-01,2003-12-31
8132479,TB_e_inc_tbhiv_num,COUNTRY,TCD,AFR,Africa,YEAR,2004,,,,,,,,,2800 [1200-5200],2800,1200,5200,,2025-11-11T16:20:50Z,2004,2004-01-01,2004-12-31
8132540,TB_e_inc_tbhiv_num,COUNTRY,SWE,EUR,Europe,YEAR,2024,,,,,,,,,8 [4-13],8,4,13,,2025-11-11T16:20:50Z,2024,2024-01-01,2024-12-31
8137170,TB_e_inc_tbhiv_num,COUNTRY,DEU,EUR,Europe,YEAR,2022,,,,,,,,,110 [60-180],110,60,180,,2025-11-11T16:20:50Z,2022,2022-01-01,2022-12-31
8137489,TB_e_inc_tbhiv_num,COUNTRY,JOR,EMR,Eastern Mediterranean,YEAR,2006,,,,,,,,,1 [0-2],1,0,2,,2025-11-11T16:20:50Z,2006,2006-01-01,2006-12-31
8140326,TB_e_inc_tbhiv_num,COUNTRY,URY,AMR,Americas,YEAR,2005,,,,,,,,,120 [88-160],120,88,160,,2025-11-11T16:20:50Z,2005,2005-01-01,2005-12-31
8144117,TB_e_inc_tbhiv_num,COUNTRY,PAN,AMR,Americas,YEAR,2015,,,,,,,,,330 [240-420],330,240,420,,2025-11-11T16:20:50Z,2015,2015-01-01,2015-12-31
8144414,TB_e_inc_tbhiv_num,COUNTRY,MLI,AFR,Africa,YEAR,2018,,,,,,,,,1200 [590-2000],1200,590,2000,,2025-11-11T16:20:50Z,2018,2018-01-01,2018-12-31
8144439,TB_e_inc_tbhiv_num,COUNTRY,BGR,EUR,Europe,YEAR,2017,,,,,,,,,5 [1-13],5,1,13,,2025-11-11T16:20:50Z,2017,2017-01-01,2017-12-31
8144488,TB_e_inc_tbhiv_num,COUNTRY,BLR,EUR,Europe,YEAR,2008,,,,,,,,,250 [190-330],250,190,330,,2025-11-11T16:20:50Z,2008,2008-01-01,2008-12-31
8144496,TB_e_inc_tbhiv_num,COUNTRY,CZE,EUR,Europe,YEAR,2020,,,,,,,,,3 [2-5],3,2,5,,2025-11-11T16:20:50Z,2020,2020-01-01,2020-12-31
8149042,TB_e_inc_tbhiv_num,COUNTRY,CUB,AMR,Americas,YEAR,2012,,,,,,,,,90 [65-120],90,65,120,,2025-11-11T16:20:50Z,2012,2012-01-01,2012-12-31
8153527,TB_e_inc_tbhiv_num,REGION,WPR,,,YEAR,2016,,,,,,,,,59 000 [40 000-83 000],59000,40000,83000,,2025-11-11T16:20:50Z,2016,2016-01-01,2016-12-31
8154558,TB_e_inc_tbhiv_num,COUNTRY,TUN,EMR,Eastern Mediterranean,YEAR,2003,,,,,,,,,19 [7-38],19,7,38,,2025-11-11T16:20:50Z,2003,2003-01-01,2003-12-31
8155486,TB_e_inc_tbhiv_num,COUNTRY,ISR,EUR,Europe,YEAR,2009,,,,,,,,,34 [21-50],34,21,50,,2025-11-11T16:20:50Z,2009,2009-01-01,2009-12-31
8155844,TB_e_inc_tbhiv_num,COUNTRY,LSO,AFR,Africa,YEAR,2000,,,,,,,,,11 000 [5700-19 000],11000,5700,19000,,2025-11-11T16:20:50Z,2000,2000-01-01,2000-12-31
8160564,TB_e_inc_tbhiv_num,COUNTRY,ECU,AMR,Americas,YEAR,2023,,,,,,,,,1500 [1100-2000],1500,1100,2000,,2025-11-11T16:20:50Z,2023,2023-01-01,2023-12-31
8160668,TB_e_inc_tbhiv_num,COUNTRY,SUR,AMR,Americas,YEAR,2001,,,,,,,,,36 [15-66],36,15,66,,2025-11-11T16:20:50Z,2001,2001-01-01,2001-12-31
8163528,TB_e_inc_tbhiv_num,COUNTRY,TGO,AFR,Africa,YEAR,2019,,,,,,,,,670 [290-1200],670,290,1200,,2025-11-11T16:20:50Z,2019,2019-01-01,2019-12-31
8166620,TB_e_inc_tbhiv_num,COUNTRY,YEM,EMR,Eastern Mediterranean,YEAR,2017,,,,,,,,,96 [53-150],96,53,150,,2025-11-11T16:20:50Z,2017,2017-01-01,2017-12-31
8166834,TB_e_inc_tbhiv_num,COUNTRY,ZWE,AFR,Africa,YEAR,2013,,,,,,,,,30 000 [18 000-46 000],30000,18000,46000,,2025-11-11T16:20:50Z,2013,2013-01-01,2013-12-31
8167893,TB_e_inc_tbhiv_num,COUNTRY,MHL,WPR,Western Pacific,YEAR,2020,,,,,,,,,0 [0-0],0,0,0,,2025-11-11T16:20:50Z,2020,2020-01-01,2020-12-31
8170232,TB_e_inc_tbhiv_num,COUNTRY,PER,AMR,Americas,YEAR,2000,,,,,,,,,8800 [3300-17 000],8800,3300,17000,,2025-11-11T16:20:50Z,2000,2000-01-01,2000-12-31
8178572,TB_e_inc_tbhiv_num,COUNTRY,IRN,EMR,Eastern Mediterranean,YEAR,2010,,,,,,,,,640 [210-1300],640,210,1300,,2025-11-11T16:20:50Z,2010,2010-01-01,2010-12-31
8178668,TB_e_inc_tbhiv_num,COUNTRY,PAN,AMR,Americas,YEAR,2005,,,,,,,,,330 [250-430],330,250,430,,2025-11-11T16:20:50Z,2005,2005-01-01,2005-12-31
8181940,TB_e_inc_tbhiv_num,COUNTRY,LVA,EUR,Europe,YEAR,2009,,,,,,,,,140 [110-190],140,110,190,,2025-11-11T16:20:50Z,2009,2009-01-01,2009-12-31
8183977,TB_e_inc_tbhiv_num,COUNTRY,NZL,WPR,Western Pacific,YEAR,2012,,,,,,,,,6 [2-12],6,2,12,,2025-11-11T16:20:50Z,2012,2012-01-01,2012-12-31
8188872,TB_e_inc_tbhiv_num,COUNTRY,EGY,EMR,Eastern Mediterranean,YEAR,2009,,,,,,,,,47 [22-81],47,22,81,,2025-11-11T16:20:50Z,2009,2009-01-01,2009-12-31
8191127,TB_e_inc_tbhiv_num,COUNTRY,MUS,AFR,Africa,YEAR,2019,,,,,,,,,48 [32-67],48,32,67,,2025-11-11T16:20:50Z,2019,2019-01-01,2019-12-31
8191559,TB_e_inc_tbhiv_num,COUNTRY,AGO,AFR,Africa,YEAR,2004,,,,,,,,,16 000 [7000-29 000],16000,7000,29000,,2025-11-11T16:20:50Z,2004,2004-01-01,2004-12-31
8192234,TB_e_inc_tbhiv_num,COUNTRY,FRA,EUR,Europe,YEAR,2018,,,,,,,,,360 [290-440],360,290,440,,2025-11-11T16:20:50Z,2018,2018-01-01,2018-12-31
8194207,TB_e_inc_tbhiv_num,COUNTRY,FIN,EUR,Europe,YEAR,2010,,,,,,,,,5 [3-9],5,3,9,,2025-11-11T16:20:50Z,2010,2010-01-01,2010-12-31
8196110,TB_e_inc_tbhiv_num,COUNTRY,MAR,EMR,Eastern Mediterranean,YEAR,2001,,,,,,,,,460 [160-920],460,160,920,,2025-11-11T16:20:50Z,2001,2001-01-01,2001-12-31
8200202,TB_e_inc_tbhiv_num,COUNTRY,YEM,EMR,Eastern Mediterranean,YEAR,2016,,,,,,,,,94 [52-150],94,52,150,,2025-11-11T16:20:50Z,2016,2016-01-01,2016-12-31
8201298,TB_e_inc_tbhiv_num,COUNTRY,AFG,EMR,Eastern Mediterranean,YEAR,2007,,,,,,,,,13 [1-37],13,1,37,,2025-11-11T16:20:50Z,2007,2007-01-01,2007-12-31
8201545,TB_e_inc_tbhiv_num,COUNTRY,BDI,AFR,Africa,YEAR,2024,,,,,,,,,750 [420-1200],750,420,1200,,2025-11-11T16:20:50Z,2024,2024-01-01,2024-12-31
8211780,TB_e_inc_tbhiv_num,COUNTRY,KGZ,EUR,Europe,YEAR,2005,,,,,,,,,100 [35-200],100,35,200,,2025-11-11T16:20:50Z,2005,2005-01-01,2005-12-31
8217748,TB_e_inc_tbhiv_num,COUNTRY,IRQ,EMR,Eastern Mediterranean,YEAR,2004,,,,,,,,,1 [0-2],1,0,2,,2025-11-11T16:20:50Z,2004,2004-01-01,2004-12-31
8218077,TB_e_inc_tbhiv_num,COUNTRY,LVA,EUR,Europe,YEAR,2018,,,,,,,,,47 [16-94],47,16,94,,2025-11-11T16:20:50Z,2018,2018-01-01,2018-12-31
8220494,TB_e_inc_tbhiv_num,COUNTRY,BLZ,AMR,Americas,YEAR,2022,,,,,,,,,23 [12-38],23,12,38,,2025-11-11T16:20:50Z,2022,2022-01-01,2022-12-31
8220952,TB_e_inc_tbhiv_num,COUNTRY,SWZ,AFR,Africa,YEAR,2016,,,,,,,,,4300 [2000-7600],4300,2000,7600,,2025-11-11T16:20:50Z,2016,2016-01-01,2016-12-31
8227771,TB_e_inc_tbhiv_num,COUNTRY,SSD,AFR,Africa,YEAR,2019,,,,,,,,,4300 [1900-7600],4300,1900,7600,,2025-11-11T16:20:50Z,2019,2019-01-01,2019-12-31
8241384,TB_e_inc_tbhiv_num,COUNTRY,PHL,WPR,Western Pacific,YEAR,2005,,,,,,,,,3700 [1700-6500],3700,1700,6500,,2025-11-11T16:20:50Z,2005,2005-01-01,2005-12-31
8241938,TB_e_inc_tbhiv_num,WORLDBANKINCOMEGROUP,WB_UMI,,,YEAR,2007,,,,,,,,,571 000 [227 000-1 070 000],571000,227000,1070000,,2025-11-11T16:20:50Z,2007,2007-01-01,2007-12-31
8243269,TB_e_inc_tbhiv_num,COUNTRY,MUS,AFR,Africa,YEAR,2007,,,,,,,,,15 [5-28],15,5,28,,2025-11-11T16:20:50Z,2007,2007-01-01,2007-12-31
8243274,TB_e_inc_tbhiv_num,COUNTRY,HUN,EUR,Europe,YEAR,2012,,,,,,,,,14 [7-22],14,7,22,,2025-11-11T16:20:50Z,2012,2012-01-01,2012-12-31
8243925,TB_e_inc_tbhiv_num,REGION,EUR,,,YEAR,2012,,,,,,,,,27 000 [17 000-39 000],27000,17000,39000,,2025-11-11T16:20:50Z,2012,2012-01-01,2012-12-31
8248740,TB_e_inc_tbhiv_num,COUNTRY,SDN,EMR,Eastern Mediterranean,YEAR,2010,,,,,,,,,1700 [260-4500],1700,260,4500,,2025-11-11T16:20:50Z,2010,2010-01-01,2010-12-31
8249312,TB_e_inc_tbhiv_num,COUNTRY,VEN,AMR,Americas,YEAR,2000,,,,,,,,,3300 [1400-5800],3300,1400,5800,,2025-11-11T16:20:50Z,2000,2000-01-01,2000-12-31
8253387,TB_e_inc_tbhiv_num,COUNTRY,GTM,AMR,Americas,YEAR,2010,,,,,,,,,450 [330-580],450,330,580,,2025-11-11T16:20:50Z,2010,2010-01-01,2010-12-31
8256912,TB_e_inc_tbhiv_num,COUNTRY,MNE,EUR,Europe,YEAR,2005,,,,,,,,,1 [0-4],1,0,4,,2025-11-11T16:20:50Z,2005,2005-01-01,2005-12-31
8257679,TB_e_inc_tbhiv_num,COUNTRY,BHR,EMR,Eastern Mediterranean,YEAR,2021,,,,,,,,,9 [3-18],9,3,18,,2025-11-11T16:20:50Z,2021,2021-01-01,2021-12-31
8259237,TB_e_inc_tbhiv_num,COUNTRY,GUY,AMR,Americas,YEAR,2020,,,,,,,,,90 [67-120],90,67,120,,2025-11-11T16:20:50Z,2020,2020-01-01,2020-12-31
8260348,TB_e_inc_tbhiv_num,COUNTRY,SVN,EUR,Europe,YEAR,2018,,,,,,,,,1 [0-2],1,0,2,,2025-11-11T16:20:50Z,2018,2018-01-01,2018-12-31
8262088,TB_e_inc_tbhiv_num,COUNTRY,DZA,AFR,Africa,YEAR,2006,,,,,,,,,140 [75-220],140,75,220,,2025-11-11T16:20:50Z,2006,2006-01-01,2006-12-31
8267705,TB_e_inc_tbhiv_num,COUNTRY,LSO,AFR,Africa,YEAR,2009,,,,,,,,,19 000 [6500-37 000],19000,6500,37000,,2025-11-11T16:20:50Z,2009,2009-01-01,2009-12-31
8271569,TB_e_inc_tbhiv_num,COUNTRY,COL,AMR,Americas,YEAR,2012,,,,,,,,,2600 [2000-3400],2600,2000,3400,,2025-11-11T16:20:50Z,2012,2012-01-01,2012-12-31
8278021,TB_e_inc_tbhiv_num,COUNTRY,LKA,SEAR,South-East Asia,YEAR,2021,,,,,,,,,91 [38-170],91,38,170,,2025-11-11T16:20:50Z,2021,2021-01-01,2021-12-31
8281131,TB_e_inc_tbhiv_num,REGION,AFR,,,YEAR,2007,,,,,,,,,1 220 000 [801 000-1 740 000],1220000,801000,1740000,,2025-11-11T16:20:50Z,2007,2007-01-01,2007-12-31
8281403,TB_e_inc_tbhiv_num,COUNTRY,MDV,SEAR,South-East Asia,YEAR,2002,,,,,,,,,0 [0-1],0,0,1,,2025-11-11T16:20:50Z,2002,2002-01-01,2002-12-31
8287118,TB_e_inc_tbhiv_num,COUNTRY,DOM,AMR,Americas,YEAR,2002,,,,,,,,,2200 [970-4000],2200,970,4000,,2025-11-11T16:20:50Z,2002,2002-01-01,2002-12-31
8287897,TB_e_inc_tbhiv_num,COUNTRY,BTN,SEAR,South-East Asia,YEAR,2022,,,,,,,,,5 [1-14],5,1,14,,2025-11-11T16:20:50Z,2022,2022-01-01,2022-12-31
8291114,TB_e_inc_tbhiv_num,COUNTRY,ZWE,AFR,Africa,YEAR,2000,,,,,,,,,53 000 [14 000-119 000],53000,14000,119000,,2025-11-11T16:20:50Z,2000,2000-01-01,2000-12-31
8296574,TB_e_inc_tbhiv_num,COUNTRY,MRT,AFR,Africa,YEAR,2011,,,,,,,,,360 [130-690],360,130,690,,2025-11-11T16:20:50Z,2011,2011-01-01,2011-12-31
8300655,TB_e_inc_tbhiv_num,COUNTRY,SUR,AMR,Americas,YEAR,2024,,,,,,,,,40 [25-58],40,25,58,,2025-11-11T16:20:50Z,2024,2024-01-01,2024-12-31
8300954,TB_e_inc_tbhiv_num,COUNTRY,CIV,AFR,Africa,YEAR,2015,,,,,,,,,9700 [7100-13 000],9700,7100,13000,,2025-11-11T16:20:50Z,2015,2015-01-01,2015-12-31
8301483,TB_e_inc_tbhiv_num,COUNTRY,BTN,SEAR,South-East Asia,YEAR,2015,,,,,,,,,18 [7-34],18,7,34,,2025-11-11T16:20:50Z,2015,2015-01-01,2015-12-31
8303557,TB_e_inc_tbhiv_num,COUNTRY,POL,EUR,Europe,YEAR,2010,,,,,,,,,120 [63-180],120,63,180,,2025-11-11T16:20:50Z,2010,2010-01-01,2010-12-31
8306907,TB_e_inc_tbhiv_num,COUNTRY,GUY,AMR,Americas,YEAR,2022,,,,,,,,,76 [54-100],76,54,100,,2025-11-11T16:20:50Z,2022,2022-01-01,2022-12-31
8309381,TB_e_inc_tbhiv_num,COUNTRY,GAB,AFR,Africa,YEAR,2002,,,,,,,,,2200 [1300-3300],2200,1300,3300,,2025-11-11T16:20:50Z,2002,2002-01-01,2002-12-31
8310151,TB_e_inc_tbhiv_num,COUNTRY,BGD,SEAR,South-East Asia,YEAR,2011,,,,,,,,,610 [310-1000],610,310,1000,,2025-11-11T16:20:50Z,2011,2011-01-01,2011-12-31
8311540,TB_e_inc_tbhiv_num,COUNTRY,COM,AFR,Africa,YEAR,2017,,,,,,,,,0 [0-0],0,0,0,,2025-11-11T16:20:50Z,2017,2017-01-01,2017-12-31
8311654,TB_e_inc_tbhiv_num,COUNTRY,ZAF,AFR,Africa,YEAR,2009,,,,,,,,,454 000 [209 000-791 000],454000,209000,791000,,2025-11-11T16:20:50Z,2009,2009-01-01,2009-12-31
8314091,TB_e_inc_tbhiv_num,COUNTRY,GBR,EUR,Europe,YEAR,2017,,,,,,,,,170 [140-210],170,140,210,,2025-11-11T16:20:50Z,2017,2017-01-01,2017-12-31
8314814,TB_e_inc_tbhiv_num,COUNTRY,HTI,AMR,Americas,YEAR,2013,,,,,,,,,7000 [5200-9200],7000,5200,9200,,2025-11-11T16:20:50Z,2013,2013-01-01,2013-12-31
8316103,TB_e_inc_tbhiv_num,COUNTRY,MNG,WPR,Western Pacific,YEAR,2017,,,,,,,,,25 [6-54],25,6,54,,2025-11-11T16:20:50Z,2017,2017-01-01,2017-12-31
8316836,TB_e_inc_tbhiv_num,COUNTRY,NLD,EUR,Europe,YEAR,2020,,,,,,,,,22 [13-34],22,13,34,,2025-11-11T16:20:50Z,2020,2020-01-01,2020-12-31
8317873,TB_e_inc_tbhiv_num,COUNTRY,GAB,AFR,Africa,YEAR,2000,,,,,,,,,2400 [1600-3500],2400,1600,3500,,2025-11-11T16:20:50Z,2000,2000-01-01,2000-12-31
8323755,TB_e_inc_tbhiv_num,COUNTRY,SWZ,AFR,Africa,YEAR,2014,,,,,,,,,7100 [1900-16 000],7100,1900,16000,,2025-11-11T16:20:50Z,2014,2014-01-01,2014-12-31
8324580,TB_e_inc_tbhiv_num,COUNTRY,DJI,EMR,Eastern Mediterranean,YEAR,2020,,,,,,,,,160 [110-210],160,110,210,,2025-11-11T16:20:50Z,2020,2020-01-01,2020-12-31
8325337,TB_e_inc_tbhiv_num,COUNTRY,GTM,AMR,Americas,YEAR,2022,,,,,,,,,370 [270-480],370,270,480,,2025-11-11T16:20:50Z,2022,2022-01-01,2022-12-31
8327514,TB_e_inc_tbhiv_num,COUNTRY,BGD,SEAR,South-East Asia,YEAR,2023,,,,,,,,,740 [380-1200],740,380,1200,,2025-11-11T16:20:50Z,2023,2023-01-01,2023-12-31
8327973,TB_e_inc_tbhiv_num,COUNTRY,PAN,AMR,Americas,YEAR,2008,,,,,,,,,440 [330-570],440,330,570,,2025-11-11T16:20:50Z,2008,2008-01-01,2008-12-31
8333729,TB_e_inc_tbhiv_num,COUNTRY,GTM,AMR,Americas,YEAR,2008,,,,,,,,,690 [510-900],690,510,900,,2025-11-11T16:20:50Z,2008,2008-01-01,2008-12-31
8339660,TB_e_inc_tbhiv_num,COUNTRY,MMR,SEAR,South-East Asia,YEAR,2018,,,,,,,,,15 000 [9100-22 000],15000,9100,22000,,2025-11-11T16:20:50Z,2018,2018-01-01,2018-12-31
8340503,TB_e_inc_tbhiv_num,COUNTRY,AZE,EUR,Europe,YEAR,2003,,,,,,,,,270 [71-600],270,71,600,,2025-11-11T16:20:50Z,2003,2003-01-01,2003-12-31
8341515,TB_e_inc_tbhiv_num,COUNTRY,GNQ,AFR,Africa,YEAR,2003,,,,,,,,,1000 [340-2100],1000,340,2100,,2025-11-11T16:20:50Z,2003,2003-01-01,2003-12-31
8342663,TB_e_inc_tbhiv_num,COUNTRY,ROU,EUR,Europe,YEAR,2021,,,,,,,,,270 [200-350],270,200,350,,2025-11-11T16:20:50Z,2021,2021-01-01,2021-12-31
8342729,TB_e_inc_tbhiv_num,COUNTRY,ERI,AFR,Africa,YEAR,2023,,,,,,,,,130 [89-180],130,89,180,,2025-11-11T16:20:50Z,2023,2023-01-01,2023-12-31
8342938,TB_e_inc_tbhiv_num,COUNTRY,KEN,AFR,Africa,YEAR,2003,,,,,,,,,111 000 [25 000-259 000],111000,25000,259000,,2025-11-11T16:20:50Z,2003,2003-01-01,2003-12-31
8343589,TB_e_inc_tbhiv_num,COUNTRY,BEL,EUR,Europe,YEAR,2001,,,,,,,,,130 [47-240],130,47,240,,2025-11-11T16:20:50Z,2001,2001-01-01,2001-12-31
8348916,TB_e_inc_tbhiv_num,COUNTRY,TZA,AFR,Africa,YEAR,2022,,,,,,,,,21 000 [8300-39 000],21000,8300,39000,,2025-11-11T16:20:50Z,2022,2022-01-01,2022-12-31
8352183,TB_e_inc_tbhiv_num,COUNTRY,LUX,EUR,Europe,YEAR,2011,,,,,,,,,2 [1-2],2,1,2,,2025-11-11T16:20:50Z,2011,2011-01-01,2011-12-31
8353253,TB_e_inc_tbhiv_num,COUNTRY,CIV,AFR,Africa,YEAR,2024,,,,,,,,,3900 [2400-5800],3900,2400,5800,,2025-11-11T16:20:50Z,2024,2024-01-01,2024-12-31
8356222,TB_e_inc_tbhiv_num,COUNTRY,GMB,AFR,Africa,YEAR,2018,,,,,,,,,770 [530-1100],770,530,1100,,2025-11-11T16:20:50Z,2018,2018-01-01,2018-12-31
8366826,TB_e_inc_tbhiv_num,COUNTRY,PNG,WPR,Western Pacific,YEAR,2007,,,,,,,,,4700 [1700-9100],4700,1700,9100,,2025-11-11T16:20:50Z,2007,2007-01-01,2007-12-31
8367160,TB_e_inc_tbhiv_num,COUNTRY,JOR,EMR,Eastern Mediterranean,YEAR,2005,,,,,,,,,1 [0-2],1,0,2,,2025-11-11T16:20:50Z,2005,2005-01-01,2005-12-31
8374597,TB_e_inc_tbhiv_num,COUNTRY,UKR,EUR,Europe,YEAR,2012,,,,,,,,,8100 [5900-11 000],8100,5900,11000,,2025-11-11T16:20:50Z,2012,2012-01-01,2012-12-31
8374628,TB_e_inc_tbhiv_num,COUNTRY,GHA,AFR,Africa,YEAR,2003,,,,,,,,,13 000 [2900-30 000],13000,2900,30000,,2025-11-11T16:20:50Z,2003,2003-01-01,2003-12-31
8376417,TB_e_inc_tbhiv_num,COUNTRY,LVA,EUR,Europe,YEAR,2019,,,,,,,,,41 [14-83],41,14,83,,2025-11-11T16:20:50Z,2019,2019-01-01,2019-12-31
8377604,TB_e_inc_tbhiv_num,COUNTRY,RWA,AFR,Africa,YEAR,2009,,,,,,,,,3100 [2100-4200],3100,2100,4200,,2025-11-11T16:20:50Z,2009,2009-01-01,2009-12-31
8378604,TB_e_inc_tbhiv_num,COUNTRY,MAR,EMR,Eastern Mediterranean,YEAR,2020,,,,,,,,,390 [140-760],390,140,760,,2025-11-11T16:20:50Z,2020,2020-01-01,2020-12-31
8382970,TB_e_inc_tbhiv_num,COUNTRY,PRT,EUR,Europe,YEAR,2011,,,,,,,,,430 [320-560],430,320,560,,2025-11-11T16:20:50Z,2011,2011-01-01,2011-12-31
8383375,TB_e_inc_tbhiv_num,COUNTRY,HUN,EUR,Europe,YEAR,2023,,,,,,,,,7 [4-11],7,4,11,,2025-11-11T16:20:50Z,2023,2023-01-01,2023-12-31
8385133,TB_e_inc_tbhiv_num,COUNTRY,TUR,EUR,Europe,YEAR,2004,,,,,,,,,32 [11-64],32,11,64,,2025-11-11T16:20:50Z,2004,2004-01-01,2004-12-31
8386005,TB_e_inc_tbhiv_num,COUNTRY,SRB,EUR,Europe,YEAR,2020,,,,,,,,,5 [2-7],5,2,7,,2025-11-11T16:20:50Z,2020,2020-01-01,2020-12-31
8389310,TB_e_inc_tbhiv_num,COUNTRY,SEN,AFR,Africa,YEAR,2004,,,,,,,,,2100 [820-4000],2100,820,4000,,2025-11-11T16:20:50Z,2004,2004-01-01,2004-12-31
8391197,TB_e_inc_tbhiv_num,COUNTRY,CAN,AMR,Americas,YEAR,2010,,,,,,,,,65 [46-87],65,46,87,,2025-11-11T16:20:50Z,2010,2010-01-01,2010-12-31
8396522,TB_e_inc_tbhiv_num,COUNTRY,GEO,EUR,Europe,YEAR,2016,,,,,,,,,84 [59-110],84,59,110,,2025-11-11T16:20:50Z,2016,2016-01-01,2016-12-31
8398343,TB_e_inc_tbhiv_num,COUNTRY,GNQ,AFR,Africa,YEAR,2009,,,,,,,,,1600 [570-3000],1600,570,3000,,2025-11-11T16:20:50Z,2009,2009-01-01,2009-12-31
8401165,TB_e_inc_tbhiv_num,COUNTRY,MMR,SEAR,South-East Asia,YEAR,2003,,,,,,,,,28 000 [5800-68 000],28000,5800,68000,,2025-11-11T16:20:50Z,2003,2003-01-01,2003-12-31
8411168,TB_e_inc_tbhiv_num,COUNTRY,UZB,EUR,Europe,YEAR,2021,,,,,,,,,590 [440-760],590,440,760,,2025-11-11T16:20:50Z,2021,2021-01-01,2021-12-31
8413131,TB_e_inc_tbhiv_num,COUNTRY,ARE,EMR,Eastern Mediterranean,YEAR,2023,,,,,,,,,4 [1-10],4,1,10,,2025-11-11T16:20:50Z,2023,2023-01-01,2023-12-31
8419037,TB_e_inc_tbhiv_num,COUNTRY,TJK,EUR,Europe,YEAR,2018,,,,,,,,,330 [240-430],330,240,430,,2025-11-11T16:20:50Z,2018,2018-01-01,2018-12-31
8423914,TB_e_inc_tbhiv_num,COUNTRY,NZL,WPR,Western Pacific,YEAR,2011,,,,,,,,,7 [2-13],7,2,13,,2025-11-11T16:20:50Z,2011,2011-01-01,2011-12-31
8424081,TB_e_inc_tbhiv_num,COUNTRY,HTI,AMR,Americas,YEAR,2005,,,,,,,,,14 000 [6800-24 000],14000,6800,24000,,2025-11-11T16:20:50Z,2005,2005-01-01,2005-12-31
8424183,TB_e_inc_tbhiv_num,COUNTRY,SVK,EUR,Europe,YEAR,2023,,,,,,,,,8 [2-18],8,2,18,,2025-11-11T16:20:50Z,2023,2023-01-01,2023-12-31
8424274,TB_e_inc_tbhiv_num,COUNTRY,BLR,EUR,Europe,YEAR,2018,,,,,,,,,230 [170-300],230,170,300,,2025-11-11T16:20:50Z,2018,2018-01-01,2018-12-31
8426464,TB_e_inc_tbhiv_num,COUNTRY,JOR,EMR,Eastern Mediterranean,YEAR,2000,,,,,,,,,1 [0-2],1,0,2,,2025-11-11T16:20:50Z,2000,2000-01-01,2000-12-31
8429308,TB_e_inc_tbhiv_num,COUNTRY,PAN,AMR,Americas,YEAR,2020,,,,,,,,,370 [270-480],370,270,480,,2025-11-11T16:20:50Z,2020,2020-01-01,2020-12-31
8433776,TB_e_inc_tbhiv_num,COUNTRY,FSM,WPR,Western Pacific,YEAR,2011,,,,,,,,,0 [0-0],0,0,0,,2025-11-11T16:20:50Z,2011,2011-01-01,2011-12-31
8436532,TB_e_inc_tbhiv_num,COUNTRY,PHL,WPR,Western Pacific,YEAR,2013,,,,,,,,,4300 [2000-7400],4300,2000,7400,,2025-11-11T16:20:50Z,2013,2013-01-01,2013-12-31
8436743,TB_e_inc_tbhiv_num,COUNTRY,CIV,AFR,Africa,YEAR,2017,,,,,,,,,7700 [5600-10 000],7700,5600,10000,,2025-11-11T16:20:50Z,2017,2017-01-01,2017-12-31
8438092,TB_e_inc_tbhiv_num,COUNTRY,VNM,WPR,Western Pacific,YEAR,2011,,,,,,,,,14 000 [4000-30 000],14000,4000,30000,,2025-11-11T16:20:50Z,2011,2011-01-01,2011-12-31
8438335,TB_e_inc_tbhiv_num,COUNTRY,KGZ,EUR,Europe,YEAR,2010,,,,,,,,,230 [82-450],230,82,450,,2025-11-11T16:20:50Z,2010,2010-01-01,2010-12-31
8442335,TB_e_inc_tbhiv_num,COUNTRY,SOM,EMR,Eastern Mediterranean,YEAR,2002,,,,,,,,,1400 [530-2700],1400,530,2700,,2025-11-11T16:20:50Z,2002,2002-01-01,2002-12-31
8447125,TB_e_inc_tbhiv_num,COUNTRY,POL,EUR,Europe,YEAR,2020,,,,,,,,,44 [24-70],44,24,70,,2025-11-11T16:20:50Z,2020,2020-01-01,2020-12-31
8447310,TB_e_inc_tbhiv_num,COUNTRY,GNB,AFR,Africa,YEAR,2021,,,,,,,,,1100 [820-1400],1100,820,1400,,2025-11-11T16:20:50Z,2021,2021-01-01,2021-12-31
8453100,TB_e_inc_tbhiv_num,COUNTRY,EST,EUR,Europe,YEAR,2022,,,,,,,,,8 [3-16],8,3,16,,2025-11-11T16:20:50Z,2022,2022-01-01,2022-12-31
8455249,TB_e_inc_tbhiv_num,COUNTRY,VEN,AMR,Americas,YEAR,2007,,,,,,,,,1400 [560-2600],1400,560,2600,,2025-11-11T16:20:50Z,2007,2007-01-01,2007-12-31
8458026,TB_e_inc_tbhiv_num,COUNTRY,ALB,EUR,Europe,YEAR,2005,,,,,,,,,2 [1-3],2,1,3,,2025-11-11T16:20:50Z,2005,2005-01-01,2005-12-31
8458315,TB_e_inc_tbhiv_num,COUNTRY,GHA,AFR,Africa,YEAR,2024,,,,,,,,,5200 [2200-9600],5200,2200,9600,,2025-11-11T16:20:50Z,2024,2024-01-01,2024-12-31
8461911,TB_e_inc_tbhiv_num,COUNTRY,SWZ,AFR,Africa,YEAR,2003,,,,,,,,,10 000 [980-30 000],10000,980,30000,,2025-11-11T16:20:50Z,2003,2003-01-01,2003-12-31
8461973,TB_e_inc_tbhiv_num,COUNTRY,UGA,AFR,Africa,YEAR,2020,,,,,,,,,29 000 [17 000-45 000],29000,17000,45000,,2025-11-11T16:20:50Z,2020,2020-01-01,2020-12-31
8462601,TB_e_inc_tbhiv_num,COUNTRY,GNB,AFR,Africa,YEAR,2024,,,,,,,,,1000 [750-1400],1000,750,1400,,2025-11-11T16:20:50Z,2024,2024-01-01,2024-12-31
8464857,TB_e_inc_tbhiv_num,COUNTRY,GRC,EUR,Europe,YEAR,2003,,,,,,,,,39 [21-62],39,21,62,,2025-11-11T16:20:50Z,2003,2003-01-01,2003-12-31
8467463,TB_e_inc_tbhiv_num,COUNTRY,LKA,SEAR,South-East Asia,YEAR,2004,,,,,,,,,110 [38-230],110,38,230,,2025-11-11T16:20:50Z,2004,2004-01-01,2004-12-31
8469280,TB_e_inc_tbhiv_num,COUNTRY,SYR,EMR,Eastern Mediterranean,YEAR,2024,,,,,,,,,2 [0-8],2,0,8,,2025-11-11T16:20:50Z,2024,2024-01-01,2024-12-31
8473051,TB_e_inc_tbhiv_num,COUNTRY,MHL,WPR,Western Pacific,YEAR,2023,,,,,,,,,0 [0-0],0,0,0,,2025-11-11T16:20:50Z,2023,2023-01-01,2023-12-31
8474494,TB_e_inc_tbhiv_num,COUNTRY,FSM,WPR,Western Pacific,YEAR,2016,,,,,,,,,0 [0-0],0,0,0,,2025-11-11T16:20:50Z,2016,2016-01-01,2016-12-31
8476436,TB_e_inc_tbhiv_num,COUNTRY,BFA,AFR,Africa,YEAR,2013,,,,,,,,,1600 [710-2900],1600,710,2900,,2025-11-11T16:20:50Z,2013,2013-01-01,2013-12-31
8481197,TB_e_inc_tbhiv_num,COUNTRY,LAO,WPR,Western Pacific,YEAR,2010,,,,,,,,,610 [170-1300],610,170,1300,,2025-11-11T16:20:50Z,2010,2010-01-01,2010-12-31
8483670,TB_e_inc_tbhiv_num,COUNTRY,CYP,EUR,Europe,YEAR,2002,,,,,,,,,3 [2-5],3,2,5,,2025-11-11T16:20:50Z,2002,2002-01-01,2002-12-31
8484206,TB_e_inc_tbhiv_num,COUNTRY,GMB,AFR,Africa,YEAR,2007,,,,,,,,,870 [320-1700],870,320,1700,,2025-11-11T16:20:50Z,2007,2007-01-01,2007-12-31
8487816,TB_e_inc_tbhiv_num,COUNTRY,SWE,EUR,Europe,YEAR,2018,,,,,,,,,12 [6-20],12,6,20,,2025-11-11T16:20:50Z,2018,2018-01-01,2018-12-31
8489458,TB_e_inc_tbhiv_num,COUNTRY,ROU,EUR,Europe,YEAR,2016,,,,,,,,,430 [320-550],430,320,550,,2025-11-11T16:20:50Z,2016,2016-01-01,2016-12-31
8491533,TB_e_inc_tbhiv_num,COUNTRY,PNG,WPR,Western Pacific,YEAR,2010,,,,,,,,,4900 [1900-9300],4900,1900,9300,,2025-11-11T16:20:50Z,2010,2010-01-01,2010-12-31
8491678,TB_e_inc_tbhiv_num,REGION,WPR,,,YEAR,2007,,,,,,,,,67 000 [45 000-94 000],67000,45000,94000,,2025-11-11T16:20:50Z,2007,2007-01-01,2007-12-31
8497434,TB_e_inc_tbhiv_num,COUNTRY,SUR,AMR,Americas,YEAR,2011,,,,,,,,,64 [45-87],64,45,87,,2025-11-11T16:20:50Z,2011,2011-01-01,2011-12-31
8500340,TB_e_inc_tbhiv_num,COUNTRY,SEN,AFR,Africa,YEAR,2014,,,,,,,,,1800 [1300-2300],1800,1300,2300,,2025-11-11T16:20:50Z,2014,2014-01-01,2014-12-31
8503049,TB_e_inc_tbhiv_num,COUNTRY,FRA,EUR,Europe,YEAR,2012,,,,,,,,,420 [340-500],420,340,500,,2025-11-11T16:20:50Z,2012,2012-01-01,2012-12-31
8504321,TB_e_inc_tbhiv_num,COUNTRY,URY,AMR,Americas,YEAR,2014,,,,,,,,,180 [130-230],180,130,230,,2025-11-11T16:20:50Z,2014,2014-01-01,2014-12-31
8504755,TB_e_inc_tbhiv_num,COUNTRY,MDG,AFR,Africa,YEAR,2004,,,,,,,,,270 [86-550],270,86,550,,2025-11-11T16:20:50Z,2004,2004-01-01,2004-12-31
8505458,TB_e_inc_tbhiv_num,REGION,EMR,,,YEAR,2023,,,,,,,,,4600 [970-11 000],4600,970,11000,,2025-11-11T16:20:50Z,2023,2023-01-01,2023-12-31
8506312,TB_e_inc_tbhiv_num,COUNTRY,HKG,,,YEAR,2007,,,,,,,,,62 [46-81],62,46,81,,2025-11-11T16:20:50Z,2007,2007-01-01,2007-12-31
8506710,TB_e_inc_tbhiv_num,COUNTRY,DZA,AFR,Africa,YEAR,2019,,,,,,,,,230 [130-370],230,130,370,,2025-11-11T16:20:50Z,2019,2019-01-01,2019-12-31
8507729,TB_e_inc_tbhiv_num,COUNTRY,PRT,EUR,Europe,YEAR,2002,,,,,,,,,1400 [640-2500],1400,640,2500,,2025-11-11T16:20:50Z,2002,2002-01-01,2002-12-31
8507851,TB_e_inc_tbhiv_num,WORLDBANKINCOMEGROUP,WB_UMI,,,YEAR,2014,,,,,,,,,471 000 [276 000-718 000],471000,276000,718000,,2025-11-11T16:20:50Z,2014,2014-01-01,2014-12-31
8512963,TB_e_inc_tbhiv_num,COUNTRY,SDN,EMR,Eastern Mediterranean,YEAR,2004,,,,,,,,,1500 [150-4300],1500,150,4300,,2025-11-11T16:20:50Z,2004,2004-01-01,2004-12-31
8514702,TB_e_inc_tbhiv_num,COUNTRY,RUS,EUR,Europe,YEAR,2001,,,,,,,,,2400 [500-5700],2400,500,5700,,2025-11-11T16:20:50Z,2001,2001-01-01,2001-12-31
8516228,TB_e_inc_tbhiv_num,COUNTRY,NOR,EUR,Europe,YEAR,2024,,,,,,,,,3 [0-8],3,0,8,,2025-11-11T16:20:50Z,2024,2024-01-01,2024-12-31
8517113,TB_e_inc_tbhiv_num,COUNTRY,GIN,AFR,Africa,YEAR,2007,,,,,,,,,3900 [1800-6900],3900,1800,6900,,2025-11-11T16:20:50Z,2007,2007-01-01,2007-12-31
8518406,TB_e_inc_tbhiv_num,COUNTRY,EGY,EMR,Eastern Mediterranean,YEAR,2010,,,,,,,,,56 [24-100],56,24,100,,2025-11-11T16:20:50Z,2010,2010-01-01,2010-12-31
8519116,TB_e_inc_tbhiv_num,COUNTRY,MAR,EMR,Eastern Mediterranean,YEAR,2011,,,,,,,,,560 [200-1100],560,200,1100,,2025-11-11T16:20:50Z,2011,2011-01-01,2011-12-31
8522491,TB_e_inc_tbhiv_num,COUNTRY,MNG,WPR,Western Pacific,YEAR,2024,,,,,,,,,11 [0-39],11,0,39,,2025-11-11T16:20:50Z,2024,2024-01-01,2024-12-31
8524757,TB_e_inc_tbhiv_num,COUNTRY,LAO,WPR,Western Pacific,YEAR,2016,,,,,,,,,730 [420-1100],730,420,1100,,2025-11-11T16:20:50Z,2016,2016-01-01,2016-12-31
8526285,TB_e_inc_tbhiv_num,COUNTRY,LKA,SEAR,South-East Asia,YEAR,2019,,,,,,,,,59 [26-110],59,26,110,,2025-11-11T16:20:50Z,2019,2019-01-01,2019-12-31
8527129,TB_e_inc_tbhiv_num,COUNTRY,KAZ,EUR,Europe,YEAR,2024,,,,,,,,,530 [390-690],530,390,690,,2025-11-11T16:20:50Z,2024,2024-01-01,2024-12-31
8529461,TB_e_inc_tbhiv_num,COUNTRY,IRL,EUR,Europe,YEAR,2021,,,,,,,,,9 [5-15],9,5,15,,2025-11-11T16:20:50Z,2021,2021-01-01,2021-12-31
8533475,TB_e_inc_tbhiv_num,COUNTRY,GNB,AFR,Africa,YEAR,2009,,,,,,,,,1800 [1000-2800],1800,1000,2800,,2025-11-11T16:20:50Z,2009,2009-01-01,2009-12-31
8535733,TB_e_inc_tbhiv_num,WORLDBANKINCOMEGROUP,WB_UMI,,,YEAR,2003,,,,,,,,,482 000 [236 000-814 000],482000,236000,814000,,2025-11-11T16:20:50Z,2003,2003-01-01,2003-12-31
8536293,TB_e_inc_tbhiv_num,COUNTRY,PHL,WPR,Western Pacific,YEAR,2022,,,,,,,,,5600 [2500-10 000],5600,2500,10000,,2025-11-11T16:20:50Z,2022,2022-01-01,2022-12-31
8539505,TB_e_inc_tbhiv_num,COUNTRY,PER,AMR,Americas,YEAR,2001,,,,,,,,,6500 [2500-13 000],6500,2500,13000,,2025-11-11T16:20:50Z,2001,2001-01-01,2001-12-31
8540735,TB_e_inc_tbhiv_num,COUNTRY,CHE,EUR,Europe,YEAR,2014,,,,,,,,,25 [13-39],25,13,39,,2025-11-11T16:20:50Z,2014,2014-01-01,2014-12-31
8542166,TB_e_inc_tbhiv_num,COUNTRY,ITA,EUR,Europe,YEAR,2008,,,,,,,,,350 [190-540],350,190,540,,2025-11-11T16:20:50Z,2008,2008-01-01,2008-12-31
8546074,TB_e_inc_tbhiv_num,COUNTRY,DNK,EUR,Europe,YEAR,2019,,,,,,,,,7 [2-15],7,2,15,,2025-11-11T16:20:50Z,2019,2019-01-01,2019-12-31
8546307,TB_e_inc_tbhiv_num,COUNTRY,MDG,AFR,Africa,YEAR,2001,,,,,,,,,160 [43-350],160,43,350,,2025-11-11T16:20:50Z,2001,2001-01-01,2001-12-31
8547134,TB_e_inc_tbhiv_num,COUNTRY,KAZ,EUR,Europe,YEAR,2012,,,,,,,,,380 [280-490],380,280,490,,2025-11-11T16:20:50Z,2012,2012-01-01,2012-12-31
8547135,TB_e_inc_tbhiv_num,COUNTRY,GRC,EUR,Europe,YEAR,2023,,,,,,,,,16 [8-27],16,8,27,,2025-11-11T16:20:50Z,2023,2023-01-01,2023-12-31
8548434,TB_e_inc_tbhiv_num,COUNTRY,COG,AFR,Africa,YEAR,2014,,,,,,,,,6700 [4600-9200],6700,4600,9200,,2025-11-11T16:20:50Z,2014,2014-01-01,2014-12-31
8549784,TB_e_inc_tbhiv_num,COUNTRY,MEX,AMR,Americas,YEAR,2008,,,,,,,,,1800 [660-3500],1800,660,3500,,2025-11-11T16:20:50Z,2008,2008-01-01,2008-12-31
8551599,TB_e_inc_tbhiv_num,COUNTRY,COG,AFR,Africa,YEAR,2020,,,,,,,,,5200 [3200-7700],5200,3200,7700,,2025-11-11T16:20:50Z,2020,2020-01-01,2020-12-31
8553555,TB_e_inc_tbhiv_num,COUNTRY,SEN,AFR,Africa,YEAR,2005,,,,,,,,,2200 [880-4200],2200,880,4200,,2025-11-11T16:20:50Z,2005,2005-01-01,2005-12-31
8557388,TB_e_inc_tbhiv_num,COUNTRY,MAR,EMR,Eastern Mediterranean,YEAR,2004,,,,,,,,,370 [130-740],370,130,740,,2025-11-11T16:20:50Z,2004,2004-01-01,2004-12-31
8557534,TB_e_inc_tbhiv_num,COUNTRY,CIV,AFR,Africa,YEAR,2022,,,,,,,,,4500 [2900-6400],4500,2900,6400,,2025-11-11T16:20:50Z,2022,2022-01-01,2022-12-31
8557611,TB_e_inc_tbhiv_num,COUNTRY,HND,AMR,Americas,YEAR,2020,,,,,,,,,200 [140-260],200,140,260,,2025-11-11T16:20:50Z,2020,2020-01-01,2020-12-31
8558797,TB_e_inc_tbhiv_num,COUNTRY,CAF,AFR,Africa,YEAR,2006,,,,,,,,,13 000 [5000-25 000],13000,5000,25000,,2025-11-11T16:20:50Z,2006,2006-01-01,2006-12-31
8562950,TB_e_inc_tbhiv_num,COUNTRY,GTM,AMR,Americas,YEAR,2023,,,,,,,,,430 [320-560],430,320,560,,2025-11-11T16:20:50Z,2023,2023-01-01,2023-12-31
8564252,TB_e_inc_tbhiv_num,COUNTRY,DZA,AFR,Africa,YEAR,2016,,,,,,,,,240 [130-370],240,130,370,,2025-11-11T16:20:50Z,2016,2016-01-01,2016-12-31
8565191,TB_e_inc_tbhiv_num,COUNTRY,LBR,AFR,Africa,YEAR,2007,,,,,,,,,3000 [1400-5100],3000,1400,5100,,2025-11-11T16:20:50Z,2007,2007-01-01,2007-12-31
8567272,TB_e_inc_tbhiv_num,COUNTRY,POL,EUR,Europe,YEAR,2021,,,,,,,,,48 [26-77],48,26,77,,2025-11-11T16:20:50Z,2021,2021-01-01,2021-12-31
8568677,TB_e_inc_tbhiv_num,REGION,AFR,,,YEAR,2021,,,,,,,,,511 000 [430 000-599 000],511000,430000,599000,,2025-11-11T16:20:50Z,2021,2021-01-01,2021-12-31
8569354,TB_e_inc_tbhiv_num,COUNTRY,AUT,EUR,Europe,YEAR,2006,,,,,,,,,35 [19-55],35,19,55,,2025-11-11T16:20:50Z,2006,2006-01-01,2006-12-31
8572711,TB_e_inc_tbhiv_num,COUNTRY,LSO,AFR,Africa,YEAR,2010,,,,,,,,,18 000 [6700-35 000],18000,6700,35000,,2025-11-11T16:20:50Z,2010,2010-01-01,2010-12-31
8573428,TB_e_inc_tbhiv_num,COUNTRY,UZB,EUR,Europe,YEAR,2015,,,,,,,,,1600 [1200-2000],1600,1200,2000,,2025-11-11T16:20:50Z,2015,2015-01-01,2015-12-31
8573760,TB_e_inc_tbhiv_num,COUNTRY,UKR,EUR,Europe,YEAR,2022,,,,,,,,,7800 [5700-10 000],7800,5700,10000,,2025-11-11T16:20:50Z,2022,2022-01-01,2022-12-31
8575079,TB_e_inc_tbhiv_num,COUNTRY,ROU,EUR,Europe,YEAR,2023,,,,,,,,,270 [200-350],270,200,350,,2025-11-11T16:20:50Z,2023,2023-01-01,2023-12-31
8575165,TB_e_inc_tbhiv_num,REGION,EUR,,,YEAR,2007,,,,,,,,,21 000 [13 000-30 000],21000,13000,30000,,2025-11-11T16:20:50Z,2007,2007-01-01,2007-12-31
8576368,TB_e_inc_tbhiv_num,COUNTRY,MLI,AFR,Africa,YEAR,2001,,,,,,,,,2600 [1000-5000],2600,1000,5000,,2025-11-11T16:20:50Z,2001,2001-01-01,2001-12-31
8581357,TB_e_inc_tbhiv_num,COUNTRY,CRI,AMR,Americas,YEAR,2013,,,,,,,,,49 [32-69],49,32,69,,2025-11-11T16:20:50Z,2013,2013-01-01,2013-12-31
8582153,TB_e_inc_tbhiv_num,COUNTRY,BWA,AFR,Africa,YEAR,2021,,,,,,,,,2800 [1600-4200],2800,1600,4200,,2025-11-11T16:20:50Z,2021,2021-01-01,2021-12-31
8584366,TB_e_inc_tbhiv_num,COUNTRY,BLR,EUR,Europe,YEAR,2001,,,,,,,,,100 [32-210],100,32,210,,2025-11-11T16:20:50Z,2001,2001-01-01,2001-12-31
8586623,TB_e_inc_tbhiv_num,COUNTRY,ISR,EUR,Europe,YEAR,2023,,,,,,,,,11 [5-21],11,5,21,,2025-11-11T16:20:50Z,2023,2023-01-01,2023-12-31
8587759,TB_e_inc_tbhiv_num,COUNTRY,BOL,AMR,Americas,YEAR,2013,,,,,,,,,450 [330-590],450,330,590,,2025-11-11T16:20:50Z,2013,2013-01-01,2013-12-31
8590103,TB_e_inc_tbhiv_num,COUNTRY,LBR,AFR,Africa,YEAR,2021,,,,,,,,,1400 [1100-1800],1400,1100,1800,,2025-11-11T16:20:50Z,2021,2021-01-01,2021-12-31
8592647,TB_e_inc_tbhiv_num,COUNTRY,ARE,EMR,Eastern Mediterranean,YEAR,2012,,,,,,,,,10 [3-20],10,3,20,,2025-11-11T16:20:50Z,2012,2012-01-01,2012-12-31
8594575,TB_e_inc_tbhiv_num,COUNTRY,BHS,AMR,Americas,YEAR,2016,,,,,,,,,48 [34-65],48,34,65,,2025-11-11T16:20:50Z,2016,2016-01-01,2016-12-31
8594797,TB_e_inc_tbhiv_num,COUNTRY,TZA,AFR,Africa,YEAR,2013,,,,,,,,,61 000 [19 000-128 000],61000,19000,128000,,2025-11-11T16:20:50Z,2013,2013-01-01,2013-12-31
8595238,TB_e_inc_tbhiv_num,COUNTRY,STP,AFR,Africa,YEAR,2000,,,,,,,,,90 [39-160],90,39,160,,2025-11-11T16:20:50Z,2000,2000-01-01,2000-12-31
8597011,TB_e_inc_tbhiv_num,COUNTRY,MRT,AFR,Africa,YEAR,2018,,,,,,,,,160 [52-330],160,52,330,,2025-11-11T16:20:50Z,2018,2018-01-01,2018-12-31
8599119,TB_e_inc_tbhiv_num,COUNTRY,BLZ,AMR,Americas,YEAR,2010,,,,,,,,,49 [32-70],49,32,70,,2025-11-11T16:20:50Z,2010,2010-01-01,2010-12-31
8599409,TB_e_inc_tbhiv_num,COUNTRY,BRN,WPR,Western Pacific,YEAR,2022,,,,,,,,,8 [2-16],8,2,16,,2025-11-11T16:20:50Z,2022,2022-01-01,2022-12-31
8600284,TB_e_inc_tbhiv_num,COUNTRY,THA,SEAR,South-East Asia,YEAR,2019,,,,,,,,,11 000 [7500-15 000],11000,7500,15000,,2025-11-11T16:20:50Z,2019,2019-01-01,2019-12-31
8600621,TB_e_inc_tbhiv_num,COUNTRY,HKG,,,YEAR,2008,,,,,,,,,54 [10-130],54,10,130,,2025-11-11T16:20:50Z,2008,2008-01-01,2008-12-31
8601360,TB_e_inc_tbhiv_num,COUNTRY,HKG,,,YEAR,2011,,,,,,,,,70 [52-91],70,52,91,,2025-11-11T16:20:50Z,2011,2011-01-01,2011-12-31
8601570,TB_e_inc_tbhiv_num,COUNTRY,FIN,EUR,Europe,YEAR,2009,,,,,,,,,7 [4-11],7,4,11,,2025-11-11T16:20:50Z,2009,2009-01-01,2009-12-31
8605508,TB_e_inc_tbhiv_num,COUNTRY,EGY,EMR,Eastern Mediterranean,YEAR,2006,,,,,,,,,33 [13-60],33,13,60,,2025-11-11T16:20:50Z,2006,2006-01-01,2006-12-31
8606028,TB_e_inc_tbhiv_num,COUNTRY,UZB,EUR,Europe,YEAR,2016,,,,,,,,,970 [730-1200],970,730,1200,,2025-11-11T16:20:50Z,2016,2016-01-01,2016-12-31
8608732,TB_e_inc_tbhiv_num,COUNTRY,BOL,AMR,Americas,YEAR,2012,,,,,,,,,550 [410-710],550,410,710,,2025-11-11T16:20:50Z,2012,2012-01-01,2012-12-31
8609141,TB_e_inc_tbhiv_num,COUNTRY,GIN,AFR,Africa,YEAR,2013,,,,,,,,,4700 [3600-6100],4700,3600,6100,,2025-11-11T16:20:50Z,2013,2013-01-01,2013-12-31
8611228,TB_e_inc_tbhiv_num,COUNTRY,SEN,AFR,Africa,YEAR,2003,,,,,,,,,2100 [820-3900],2100,820,3900,,2025-11-11T16:20:50Z,2003,2003-01-01,2003-12-31
8611320,TB_e_inc_tbhiv_num,COUNTRY,TKM,EUR,Europe,YEAR,2012,,,,,,,,,960 [520-1500],960,520,1500,,2025-11-11T16:20:50Z,2012,2012-01-01,2012-12-31
8618821,TB_e_inc_tbhiv_num,COUNTRY,KHM,WPR,Western Pacific,YEAR,2002,,,,,,,,,10 000 [6800-15 000],10000,6800,15000,,2025-11-11T16:20:50Z,2002,2002-01-01,2002-12-31
8619943,TB_e_inc_tbhiv_num,COUNTRY,SGP,WPR,Western Pacific,YEAR,2016,,,,,,,,,44 [29-63],44,29,63,,2025-11-11T16:20:50Z,2016,2016-01-01,2016-12-31
8623056,TB_e_inc_tbhiv_num,COUNTRY,LBR,AFR,Africa,YEAR,2016,,,,,,,,,2100 [1600-2600],2100,1600,2600,,2025-11-11T16:20:50Z,2016,2016-01-01,2016-12-31
8623090,TB_e_inc_tbhiv_num,COUNTRY,UZB,EUR,Europe,YEAR,2006,,,,,,,,,260 [190-340],260,190,340,,2025-11-11T16:20:50Z,2006,2006-01-01,2006-12-31
8624512,TB_e_inc_tbhiv_num,COUNTRY,PRT,EUR,Europe,YEAR,2004,,,,,,,,,1200 [890-1500],1200,890,1500,,2025-11-11T16:20:50Z,2004,2004-01-01,2004-12-31
8625136,TB_e_inc_tbhiv_num,COUNTRY,KWT,EMR,Eastern Mediterranean,YEAR,2009,,,,,,,,,34 [25-44],34,25,44,,2025-11-11T16:20:50Z,2009,2009-01-01,2009-12-31
8640067,TB_e_inc_tbhiv_num,COUNTRY,QAT,EMR,Eastern Mediterranean,YEAR,2023,,,,,,,,,7 [2-15],7,2,15,,2025-11-11T16:20:50Z,2023,2023-01-01,2023-12-31
8640296,TB_e_inc_tbhiv_num,COUNTRY,BFA,AFR,Africa,YEAR,2022,,,,,,,,,740 [320-1300],740,320,1300,,2025-11-11T16:20:50Z,2022,2022-01-01,2022-12-31
8640494,TB_e_inc_tbhiv_num,COUNTRY,NER,AFR,Africa,YEAR,2019,,,,,,,,,680 [410-1000],680,410,1000,,2025-11-11T16:20:50Z,2019,2019-01-01,2019-12-31
8641353,TB_e_inc_tbhiv_num,COUNTRY,MDG,AFR,Africa,YEAR,2000,,,,,,,,,160 [40-350],160,40,350,,2025-11-11T16:20:50Z,2000,2000-01-01,2000-12-31
8642560,TB_e_inc_tbhiv_num,COUNTRY,DEU,EUR,Europe,YEAR,2009,,,,,,,,,140 [78-230],140,78,230,,2025-11-11T16:20:50Z,2009,2009-01-01,2009-12-31
8643369,TB_e_inc_tbhiv_num,COUNTRY,CHN,WPR,Western Pacific,YEAR,2023,,,,,,,,,9500 [2000-23 000],9500,2000,23000,,2025-11-11T16:20:50Z,2023,2023-01-01,2023-12-31
8649055,TB_e_inc_tbhiv_num,COUNTRY,CYP,EUR,Europe,YEAR,2019,,,,,,,,,4 [2-6],4,2,6,,2025-11-11T16:20:50Z,2019,2019-01-01,2019-12-31
8655904,TB_e_inc_tbhiv_num,COUNTRY,TGO,AFR,Africa,YEAR,2018,,,,,,,,,730 [320-1300],730,320,1300,,2025-11-11T16:20:50Z,2018,2018-01-01,2018-12-31
8660813,TB_e_inc_tbhiv_num,COUNTRY,POL,EUR,Europe,YEAR,2002,,,,,,,,,370 [200-580],370,200,580,,2025-11-11T16:20:50Z,2002,2002-01-01,2002-12-31
8661894,TB_e_inc_tbhiv_num,COUNTRY,MYS,WPR,Western Pacific,YEAR,2000,,,,,,,,,3600 [1400-6800],3600,1400,6800,,2025-11-11T16:20:50Z,2000,2000-01-01,2000-12-31
8662591,TB_e_inc_tbhiv_num,COUNTRY,CAF,AFR,Africa,YEAR,2007,,,,,,,,,13 000 [5100-25 000],13000,5100,25000,,2025-11-11T16:20:50Z,2007,2007-01-01,2007-12-31
8665666,TB_e_inc_tbhiv_num,COUNTRY,BGD,SEAR,South-East Asia,YEAR,2014,,,,,,,,,670 [340-1100],670,340,1100,,2025-11-11T16:20:50Z,2014,2014-01-01,2014-12-31
8667265,TB_e_inc_tbhiv_num,COUNTRY,VNM,WPR,Western Pacific,YEAR,2001,,,,,,,,,13 000 [2400-33 000],13000,2400,33000,,2025-11-11T16:20:50Z,2001,2001-01-01,2001-12-31
8667397,TB_e_inc_tbhiv_num,COUNTRY,PRY,AMR,Americas,YEAR,2009,,,,,,,,,280 [96-550],280,96,550,,2025-11-11T16:20:50Z,2009,2009-01-01,2009-12-31
8668737,TB_e_inc_tbhiv_num,COUNTRY,THA,SEAR,South-East Asia,YEAR,2024,,,,,,,,,7600 [5100-10 000],7600,5100,10000,,2025-11-11T16:20:50Z,2024,2024-01-01,2024-12-31
8669108,TB_e_inc_tbhiv_num,COUNTRY,LKA,SEAR,South-East Asia,YEAR,2008,,,,,,,,,120 [40-250],120,40,250,,2025-11-11T16:20:50Z,2008,2008-01-01,2008-12-31
8672632,TB_e_inc_tbhiv_num,COUNTRY,KEN,AFR,Africa,YEAR,2007,,,,,,,,,112 000 [28 000-255 000],112000,28000,255000,,2025-11-11T16:20:50Z,2007,2007-01-01,2007-12-31
8674556,TB_e_inc_tbhiv_num,COUNTRY,GTM,AMR,Americas,YEAR,2011,,,,,,,,,440 [330-570],440,330,570,,2025-11-11T16:20:50Z,2011,2011-01-01,2011-12-31
8680124,TB_e_inc_tbhiv_num,COUNTRY,MMR,SEAR,South-East Asia,YEAR,2002,,,,,,,,,29 000 [6000-70 000],29000,6000,70000,,2025-11-11T16:20:50Z,2002,2002-01-01,2002-12-31
8680847,TB_e_inc_tbhiv_num,COUNTRY,ESP,EUR,Europe,YEAR,2003,,,,,,,,,2600 [1100-4600],2600,1100,4600,,2025-11-11T16:20:50Z,2003,2003-01-01,2003-12-31
8681360,TB_e_inc_tbhiv_num,COUNTRY,LUX,EUR,Europe,YEAR,2017,,,,,,,,,2 [1-3],2,1,3,,2025-11-11T16:20:50Z,2017,2017-01-01,2017-12-31
8681848,TB_e_inc_tbhiv_num,COUNTRY,USA,AMR,Americas,YEAR,2014,,,,,,,,,650 [480-850],650,480,850,,2025-11-11T16:20:50Z,2014,2014-01-01,2014-12-31
8682222,TB_e_inc_tbhiv_num,REGION,AMR,,,YEAR,2014,,,,,,,,,34 000 [30 000-38 000],34000,30000,38000,,2025-11-11T16:20:50Z,2014,2014-01-01,2014-12-31
8682537,TB_e_inc_tbhiv_num,COUNTRY,ARM,EUR,Europe,YEAR,2018,,,,,,,,,110 [81-150],110,81,150,,2025-11-11T16:20:50Z,2018,2018-01-01,2018-12-31
8685221,TB_e_inc_tbhiv_num,COUNTRY,CYP,EUR,Europe,YEAR,2011,,,,,,,,,3 [2-5],3,2,5,,2025-11-11T16:20:50Z,2011,2011-01-01,2011-12-31
8685440,TB_e_inc_tbhiv_num,COUNTRY,PRY,AMR,Americas,YEAR,2006,,,,,,,,,320 [110-630],320,110,630,,2025-11-11T16:20:50Z,2006,2006-01-01,2006-12-31
8685496,TB_e_inc_tbhiv_num,COUNTRY,ESP,EUR,Europe,YEAR,2005,,,,,,,,,1400 [560-2500],1400,560,2500,,2025-11-11T16:20:50Z,2005,2005-01-01,2005-12-31
8685875,TB_e_inc_tbhiv_num,COUNTRY,MOZ,AFR,Africa,YEAR,2015,,,,,,,,,49 000 [29 000-75 000],49000,29000,75000,,2025-11-11T16:20:50Z,2015,2015-01-01,2015-12-31
8689450,TB_e_inc_tbhiv_num,COUNTRY,MRT,AFR,Africa,YEAR,2006,,,,,,,,,470 [180-890],470,180,890,,2025-11-11T16:20:50Z,2006,2006-01-01,2006-12-31
8690572,TB_e_inc_tbhiv_num,COUNTRY,DEU,EUR,Europe,YEAR,2015,,,,,,,,,150 [82-240],150,82,240,,2025-11-11T16:20:50Z,2015,2015-01-01,2015-12-31
8695868,TB_e_inc_tbhiv_num,COUNTRY,CHE,EUR,Europe,YEAR,2012,,,,,,,,,30 [16-47],30,16,47,,2025-11-11T16:20:50Z,2012,2012-01-01,2012-12-31
8707322,TB_e_inc_tbhiv_num,COUNTRY,ZWE,AFR,Africa,YEAR,2001,,,,,,,,,54 000 [17 000-110 000],54000,17000,110000,,2025-11-11T16:20:50Z,2001,2001-01-01,2001-12-31
8708340,TB_e_inc_tbhiv_num,COUNTRY,UGA,AFR,Africa,YEAR,2009,,,,,,,,,38 000 [22 000-57 000],38000,22000,57000,,2025-11-11T16:20:50Z,2009,2009-01-01,2009-12-31
8709478,TB_e_inc_tbhiv_num,COUNTRY,TKM,EUR,Europe,YEAR,2016,,,,,,,,,650 [360-1000],650,360,1000,,2025-11-11T16:20:50Z,2016,2016-01-01,2016-12-31
8712362,TB_e_inc_tbhiv_num,COUNTRY,BHR,EMR,Eastern Mediterranean,YEAR,2016,,,,,,,,,1 [0-3],1,0,3,,2025-11-11T16:20:50Z,2016,2016-01-01,2016-12-31
8713743,TB_e_inc_tbhiv_num,COUNTRY,COM,AFR,Africa,YEAR,2001,,,,,,,,,1 [0-3],1,0,3,,2025-11-11T16:20:50Z,2001,2001-01-01,2001-12-31
8716068,TB_e_inc_tbhiv_num,COUNTRY,LTU,EUR,Europe,YEAR,2003,,,,,,,,,210 [74-400],210,74,400,,2025-11-11T16:20:50Z,2003,2003-01-01,2003-12-31
8716661,TB_e_inc_tbhiv_num,COUNTRY,CHN,WPR,Western Pacific,YEAR,2015,,,,,,,,,16 000 [5000-33 000],16000,5000,33000,,2025-11-11T16:20:50Z,2015,2015-01-01,2015-12-31
8719193,TB_e_inc_tbhiv_num,COUNTRY,NGA,AFR,Africa,YEAR,2004,,,,,,,,,61 000 [22 000-119 000],61000,22000,119000,,2025-11-11T16:20:50Z,2004,2004-01-01,2004-12-31
8719433,TB_e_inc_tbhiv_num,COUNTRY,CYP,EUR,Europe,YEAR,2021,,,,,,,,,3 [1-4],3,1,4,,2025-11-11T16:20:50Z,2021,2021-01-01,2021-12-31
8722799,TB_e_inc_tbhiv_num,COUNTRY,CAN,AMR,Americas,YEAR,2006,,,,,,,,,130 [47-250],130,47,250,,2025-11-11T16:20:50Z,2006,2006-01-01,2006-12-31
8723058,TB_e_inc_tbhiv_num,COUNTRY,SAU,EMR,Eastern Mediterranean,YEAR,2011,,,,,,,,,96 [75-120],96,75,120,,2025-11-11T16:20:50Z,2011,2011-01-01,2011-12-31
8724610,TB_e_inc_tbhiv_num,COUNTRY,UZB,EUR,Europe,YEAR,2007,,,,,,,,,450 [340-580],450,340,580,,2025-11-11T16:20:50Z,2007,2007-01-01,2007-12-31
8725068,TB_e_inc_tbhiv_num,COUNTRY,CHL,AMR,Americas,YEAR,2017,,,,,,,,,390 [290-500],390,290,500,,2025-11-11T16:20:50Z,2017,2017-01-01,2017-12-31
8727728,TB_e_inc_tbhiv_num,COUNTRY,CAF,AFR,Africa,YEAR,2005,,,,,,,,,13 000 [4900-25 000],13000,4900,25000,,2025-11-11T16:20:50Z,2005,2005-01-01,2005-12-31
8729007,TB_e_inc_tbhiv_num,COUNTRY,OMN,EMR,Eastern Mediterranean,YEAR,2004,,,,,,,,,18 [8-32],18,8,32,,2025-11-11T16:20:50Z,2004,2004-01-01,2004-12-31
8729279,TB_e_inc_tbhiv_num,WORLDBANKINCOMEGROUP,WB_HI,,,YEAR,2002,,,,,,,,,19 000 [15 000-24 000],19000,15000,24000,,2025-11-11T16:20:50Z,2002,2002-01-01,2002-12-31
8732041,TB_e_inc_tbhiv_num,WORLDBANKINCOMEGROUP,WB_HI,,,YEAR,2018,,,,,,,,,21 000 [14 000-29 000],21000,14000,29000,,2025-11-11T16:20:50Z,2018,2018-01-01,2018-12-31
8732888,TB_e_inc_tbhiv_num,COUNTRY,KGZ,EUR,Europe,YEAR,2002,,,,,,,,,30 [5-76],30,5,76,,2025-11-11T16:20:50Z,2002,2002-01-01,2002-12-31
8735550,TB_e_inc_tbhiv_num,COUNTRY,NER,AFR,Africa,YEAR,2007,,,,,,,,,1600 [590-3000],1600,590,3000,,2025-11-11T16:20:50Z,2007,2007-01-01,2007-12-31
8737214,TB_e_inc_tbhiv_num,COUNTRY,ZMB,AFR,Africa,YEAR,2010,,,,,,,,,45 000 [22 000-77 000],45000,22000,77000,,2025-11-11T16:20:50Z,2010,2010-01-01,2010-12-31
8741021,TB_e_inc_tbhiv_num,COUNTRY,CAN,AMR,Americas,YEAR,2023,,,,,,,,,69 [48-94],69,48,94,,2025-11-11T16:20:50Z,2023,2023-01-01,2023-12-31
8742943,TB_e_inc_tbhiv_num,COUNTRY,NAM,AFR,Africa,YEAR,2007,,,,,,,,,17 000 [6500-32 000],17000,6500,32000,,2025-11-11T16:20:50Z,2007,2007-01-01,2007-12-31
8745116,TB_e_inc_tbhiv_num,COUNTRY,AZE,EUR,Europe,YEAR,2019,,,,,,,,,110 [83-150],110,83,150,,2025-11-11T16:20:50Z,2019,2019-01-01,2019-12-31
8746787,TB_e_inc_tbhiv_num,COUNTRY,BDI,AFR,Africa,YEAR,2007,,,,,,,,,4200 [2000-7100],4200,2000,7100,,2025-11-11T16:20:50Z,2007,2007-01-01,2007-12-31
8748477,TB_e_inc_tbhiv_num,WORLDBANKINCOMEGROUP,WB_HI,,,YEAR,2016,,,,,,,,,24 000 [15 000-35 000],24000,15000,35000,,2025-11-11T16:20:50Z,2016,2016-01-01,2016-12-31
8749649,TB_e_inc_tbhiv_num,WORLDBANKINCOMEGROUP,WB_LMI,,,YEAR,2023,,,,,,,,,246 000 [216 000-278 000],246000,216000,278000,,2025-11-11T16:20:50Z,2023,2023-01-01,2023-12-31
8753435,TB_e_inc_tbhiv_num,COUNTRY,CRI,AMR,Americas,YEAR,2014,,,,,,,,,57 [38-79],57,38,79,,2025-11-11T16:20:50Z,2014,2014-01-01,2014-12-31
8753860,TB_e_inc_tbhiv_num,COUNTRY,TLS,SEAR,South-East Asia,YEAR,2003,,,,,,,,,60 [16-130],60,16,130,,2025-11-11T16:20:50Z,2003,2003-01-01,2003-12-31
8755318,TB_e_inc_tbhiv_num,COUNTRY,CZE,EUR,Europe,YEAR,2016,,,,,,,,,4 [2-7],4,2,7,,2025-11-11T16:20:50Z,2016,2016-01-01,2016-12-31
8756319,TB_e_inc_tbhiv_num,COUNTRY,MKD,EUR,Europe,YEAR,2012,,,,,,,,,2 [1-3],2,1,3,,2025-11-11T16:20:50Z,2012,2012-01-01,2012-12-31
8756740,TB_e_inc_tbhiv_num,COUNTRY,SDN,EMR,Eastern Mediterranean,YEAR,2003,,,,,,,,,1500 [150-4300],1500,150,4300,,2025-11-11T16:20:50Z,2003,2003-01-01,2003-12-31
8760529,TB_e_inc_tbhiv_num,COUNTRY,IDN,WPR,Western Pacific,YEAR,2024,,,,,,,,,33 000 [25 000-42 000],33000,25000,42000,,2025-11-11T16:20:50Z,2024,2024-01-01,2024-12-31
8761279,TB_e_inc_tbhiv_num,COUNTRY,AUS,WPR,Western Pacific,YEAR,2004,,,,,,,,,77 [28-150],77,28,150,,2025-11-11T16:20:50Z,2004,2004-01-01,2004-12-31
8762351,TB_e_inc_tbhiv_num,COUNTRY,TGO,AFR,Africa,YEAR,2012,,,,,,,,,1300 [740-1900],1300,740,1900,,2025-11-11T16:20:50Z,2012,2012-01-01,2012-12-31
8762845,TB_e_inc_tbhiv_num,COUNTRY,DZA,AFR,Africa,YEAR,2023,,,,,,,,,210 [120-330],210,120,330,,2025-11-11T16:20:50Z,2023,2023-01-01,2023-12-31
8763721,TB_e_inc_tbhiv_num,COUNTRY,MDV,SEAR,South-East Asia,YEAR,2013,,,,,,,,,0 [0-0],0,0,0,,2025-11-11T16:20:50Z,2013,2013-01-01,2013-12-31
8764228,TB_e_inc_tbhiv_num,COUNTRY,UGA,AFR,Africa,YEAR,2022,,,,,,,,,31 000 [17 000-47 000],31000,17000,47000,,2025-11-11T16:20:50Z,2022,2022-01-01,2022-12-31
8773857,TB_e_inc_tbhiv_num,COUNTRY,AUT,EUR,Europe,YEAR,2005,,,,,,,,,45 [24-71],45,24,71,,2025-11-11T16:20:50Z,2005,2005-01-01,2005-12-31
8774812,TB_e_inc_tbhiv_num,COUNTRY,GIN,AFR,Africa,YEAR,2023,,,,,,,,,4400 [3200-5800],4400,3200,5800,,2025-11-11T16:20:50Z,2023,2023-01-01,2023-12-31
8777043,TB_e_inc_tbhiv_num,COUNTRY,PNG,WPR,Western Pacific,YEAR,2019,,,,,,,,,6300 [2400-12 000],6300,2400,12000,,2025-11-11T16:20:50Z,2019,2019-01-01,2019-12-31
8778015,TB_e_inc_tbhiv_num,COUNTRY,MMR,SEAR,South-East Asia,YEAR,2010,,,,,,,,,25 000 [10 000-48 000],25000,10000,48000,,2025-11-11T16:20:50Z,2010,2010-01-01,2010-12-31
8779633,TB_e_inc_tbhiv_num,COUNTRY,HRV,EUR,Europe,YEAR,2001,,,,,,,,,29 [15-48],29,15,48,,2025-11-11T16:20:50Z,2001,2001-01-01,2001-12-31
8782517,TB_e_inc_tbhiv_num,COUNTRY,MWI,AFR,Africa,YEAR,2012,,,,,,,,,27 000 [6000-64 000],27000,6000,64000,,2025-11-11T16:20:50Z,2012,2012-01-01,2012-12-31
8791937,TB_e_inc_tbhiv_num,COUNTRY,ESP,EUR,Europe,YEAR,2001,,,,,,,,,2300 [1000-4000],2300,1000,4000,,2025-11-11T16:20:50Z,2001,2001-01-01,2001-12-31
8792880,TB_e_inc_tbhiv_num,COUNTRY,COD,AFR,Africa,YEAR,2023,,,,,,,,,27 000 [12 000-48 000],27000,12000,48000,,2025-11-11T16:20:50Z,2023,2023-01-01,2023-12-31
8797178,TB_e_inc_tbhiv_num,COUNTRY,IND,SEAR,South-East Asia,YEAR,2023,,,,,,,,,42 000 [32 000-53 000],42000,32000,53000,,2025-11-11T16:20:50Z,2023,2023-01-01,2023-12-31
8802989,TB_e_inc_tbhiv_num,COUNTRY,EST,EUR,Europe,YEAR,2014,,,,,,,,,32 [19-48],32,19,48,,2025-11-11T16:20:50Z,2014,2014-01-01,2014-12-31
8807988,TB_e_inc_tbhiv_num,COUNTRY,PAK,EMR,Eastern Mediterranean,YEAR,2009,,,,,,,,,5200 [100-20 000],5200,100,20000,,2025-11-11T16:20:50Z,2009,2009-01-01,2009-12-31
8808436,TB_e_inc_tbhiv_num,COUNTRY,PAK,EMR,Eastern Mediterranean,YEAR,2004,,,,,,,,,540 [10-2100],540,10,2100,,2025-11-11T16:20:50Z,2004,2004-01-01,2004-12-31
8812343,TB_e_inc_tbhiv_num,COUNTRY,GIN,AFR,Africa,YEAR,2005,,,,,,,,,3200 [1400-5700],3200,1400,5700,,2025-11-11T16:20:50Z,2005,2005-01-01,2005-12-31
8813124,TB_e_inc_tbhiv_num,COUNTRY,FJI,WPR,Western Pacific,YEAR,2015,,,,,,,,,12 [4-24],12,4,24,,2025-11-11T16:20:50Z,2015,2015-01-01,2015-12-31
8816800,TB_e_inc_tbhiv_num,COUNTRY,IDN,WPR,Western Pacific,YEAR,2012,,,,,,,,,27 000 [12 000-48 000],27000,12000,48000,,2025-11-11T16:20:50Z,2012,2012-01-01,2012-12-31
8822975,TB_e_inc_tbhiv_num,COUNTRY,ECU,AMR,Americas,YEAR,2019,,,,,,,,,1100 [790-1400],1100,790,1400,,2025-11-11T16:20:50Z,2019,2019-01-01,2019-12-31
8824284,TB_e_inc_tbhiv_num,COUNTRY,MLI,AFR,Africa,YEAR,2014,,,,,,,,,1800 [580-3700],1800,580,3700,,2025-11-11T16:20:50Z,2014,2014-01-01,2014-12-31
8825285,TB_e_inc_tbhiv_num,COUNTRY,CMR,AFR,Africa,YEAR,2011,,,,,,,,,20 000 [16 000-25 000],20000,16000,25000,,2025-11-11T16:20:50Z,2011,2011-01-01,2011-12-31
8830628,TB_e_inc_tbhiv_num,COUNTRY,CHE,EUR,Europe,YEAR,2002,,,,,,,,,120 [70-190],120,70,190,,2025-11-11T16:20:50Z,2002,2002-01-01,2002-12-31
8830979,TB_e_inc_tbhiv_num,COUNTRY,RUS,EUR,Europe,YEAR,2011,,,,,,,,,11 000 [2900-24 000],11000,2900,24000,,2025-11-11T16:20:50Z,2011,2011-01-01,2011-12-31
8831747,TB_e_inc_tbhiv_num,COUNTRY,AZE,EUR,Europe,YEAR,2023,,,,,,,,,100 [70-140],100,70,140,,2025-11-11T16:20:50Z,2023,2023-01-01,2023-12-31
8833298,TB_e_inc_tbhiv_num,COUNTRY,GEO,EUR,Europe,YEAR,2010,,,,,,,,,86 [63-110],86,63,110,,2025-11-11T16:20:50Z,2010,2010-01-01,2010-12-31
8834265,TB_e_inc_tbhiv_num,COUNTRY,TUN,EMR,Eastern Mediterranean,YEAR,2016,,,,,,,,,62 [40-88],62,40,88,,2025-11-11T16:20:50Z,2016,2016-01-01,2016-12-31
8835958,TB_e_inc_tbhiv_num,COUNTRY,ALB,EUR,Europe,YEAR,2009,,,,,,,,,3 [1-6],3,1,6,,2025-11-11T16:20:50Z,2009,2009-01-01,2009-12-31
8836874,TB_e_inc_tbhiv_num,COUNTRY,GRC,EUR,Europe,YEAR,2009,,,,,,,,,24 [13-38],24,13,38,,2025-11-11T16:20:50Z,2009,2009-01-01,2009-12-31
8838260,TB_e_inc_tbhiv_num,COUNTRY,MUS,AFR,Africa,YEAR,2022,,,,,,,,,31 [18-47],31,18,47,,2025-11-11T16:20:50Z,2022,2022-01-01,2022-12-31
8839169,TB_e_inc_tbhiv_num,COUNTRY,BIH,EUR,Europe,YEAR,2007,,,,,,,,,4 [2-7],4,2,7,,2025-11-11T16:20:50Z,2007,2007-01-01,2007-12-31
8839886,TB_e_inc_tbhiv_num,COUNTRY,SLE,AFR,Africa,YEAR,2019,,,,,,,,,4200 [1800-7500],4200,1800,7500,,2025-11-11T16:20:50Z,2019,2019-01-01,2019-12-31
8845140,TB_e_inc_tbhiv_num,COUNTRY,SAU,EMR,Eastern Mediterranean,YEAR,2020,,,,,,,,,68 [51-88],68,51,88,,2025-11-11T16:20:50Z,2020,2020-01-01,2020-12-31
8845453,TB_e_inc_tbhiv_num,COUNTRY,LVA,EUR,Europe,YEAR,2007,,,,,,,,,120 [85-160],120,85,160,,2025-11-11T16:20:50Z,2007,2007-01-01,2007-12-31
8845885,TB_e_inc_tbhiv_num,COUNTRY,PRY,AMR,Americas,YEAR,2004,,,,,,,,,300 [100-610],300,100,610,,2025-11-11T16:20:50Z,2004,2004-01-01,2004-12-31
8847437,TB_e_inc_tbhiv_num,COUNTRY,BIH,EUR,Europe,YEAR,2015,,,,,,,,,3 [1-5],3,1,5,,2025-11-11T16:20:50Z,2015,2015-01-01,2015-12-31
8848359,TB_e_inc_tbhiv_num,COUNTRY,LSO,AFR,Africa,YEAR,2006,,,,,,,,,18 000 [6100-35 000],18000,6100,35000,,2025-11-11T16:20:50Z,2006,2006-01-01,2006-12-31
8848981,TB_e_inc_tbhiv_num,COUNTRY,LBR,AFR,Africa,YEAR,2018,,,,,,,,,2200 [1700-2700],2200,1700,2700,,2025-11-11T16:20:50Z,2018,2018-01-01,2018-12-31
8852731,TB_e_inc_tbhiv_num,COUNTRY,MDG,AFR,Africa,YEAR,2023,,,,,,,,,2000 [1500-2600],2000,1500,2600,,2025-11-11T16:20:50Z,2023,2023-01-01,2023-12-31
8855356,TB_e_inc_tbhiv_num,COUNTRY,COM,AFR,Africa,YEAR,2023,,,,,,,,,4 [0-20],4,0,20,,2025-11-11T16:20:50Z,2023,2023-01-01,2023-12-31
8855913,TB_e_inc_tbhiv_num,COUNTRY,BOL,AMR,Americas,YEAR,2018,,,,,,,,,560 [410-730],560,410,730,,2025-11-11T16:20:50Z,2018,2018-01-01,2018-12-31
8856175,TB_e_inc_tbhiv_num,COUNTRY,AUS,WPR,Western Pacific,YEAR,2008,,,,,,,,,47 [17-93],47,17,93,,2025-11-11T16:20:50Z,2008,2008-01-01,2008-12-31
8859751,TB_e_inc_tbhiv_num,COUNTRY,PHL,WPR,Western Pacific,YEAR,2016,,,,,,,,,4500 [2100-7900],4500,2100,7900,,2025-11-11T16:20:50Z,2016,2016-01-01,2016-12-31
8862097,TB_e_inc_tbhiv_num,COUNTRY,SWZ,AFR,Africa,YEAR,2022,,,,,,,,,2400 [1300-3700],2400,1300,3700,,2025-11-11T16:20:50Z,2022,2022-01-01,2022-12-31
8863023,TB_e_inc_tbhiv_num,COUNTRY,ALB,EUR,Europe,YEAR,2021,,,,,,,,,2 [0-8],2,0,8,,2025-11-11T16:20:50Z,2021,2021-01-01,2021-12-31
8863765,TB_e_inc_tbhiv_num,COUNTRY,TTO,AMR,Americas,YEAR,2023,,,,,,,,,76 [54-100],76,54,100,,2025-11-11T16:20:50Z,2023,2023-01-01,2023-12-31
8865946,TB_e_inc_tbhiv_num,COUNTRY,SOM,EMR,Eastern Mediterranean,YEAR,2023,,,,,,,,,170 [120-230],170,120,230,,2025-11-11T16:20:50Z,2023,2023-01-01,2023-12-31
8868137,TB_e_inc_tbhiv_num,COUNTRY,DEU,EUR,Europe,YEAR,2011,,,,,,,,,130 [73-210],130,73,210,,2025-11-11T16:20:50Z,2011,2011-01-01,2011-12-31
8868734,TB_e_inc_tbhiv_num,WORLDBANKINCOMEGROUP,WB_LI,,,YEAR,2001,,,,,,,,,270 000 [175 000-387 000],270000,175000,387000,,2025-11-11T16:20:50Z,2001,2001-01-01,2001-12-31
8869136,TB_e_inc_tbhiv_num,COUNTRY,DOM,AMR,Americas,YEAR,2014,,,,,,,,,1400 [1100-1800],1400,1100,1800,,2025-11-11T16:20:50Z,2014,2014-01-01,2014-12-31
8871621,TB_e_inc_tbhiv_num,COUNTRY,MNG,WPR,Western Pacific,YEAR,2004,,,,,,,,,22 [6-48],22,6,48,,2025-11-11T16:20:50Z,2004,2004-01-01,2004-12-31
8876201,TB_e_inc_tbhiv_num,COUNTRY,CHL,AMR,Americas,YEAR,2015,,,,,,,,,430 [320-560],430,320,560,,2025-11-11T16:20:50Z,2015,2015-01-01,2015-12-31
8879698,TB_e_inc_tbhiv_num,COUNTRY,PRY,AMR,Americas,YEAR,2022,,,,,,,,,370 [270-470],370,270,470,,2025-11-11T16:20:50Z,2022,2022-01-01,2022-12-31
8881776,TB_e_inc_tbhiv_num,COUNTRY,BIH,EUR,Europe,YEAR,2022,,,,,,,,,1 [1-2],1,1,2,,2025-11-11T16:20:50Z,2022,2022-01-01,2022-12-31
8883176,TB_e_inc_tbhiv_num,COUNTRY,MOZ,AFR,Africa,YEAR,2003,,,,,,,,,39 000 [21 000-62 000],39000,21000,62000,,2025-11-11T16:20:50Z,2003,2003-01-01,2003-12-31
8885189,TB_e_inc_tbhiv_num,COUNTRY,GBR,EUR,Europe,YEAR,2020,,,,,,,,,160 [61-310],160,61,310,,2025-11-11T16:20:50Z,2020,2020-01-01,2020-12-31
8887510,TB_e_inc_tbhiv_num,COUNTRY,DJI,EMR,Eastern Mediterranean,YEAR,2023,,,,,,,,,190 [130-250],190,130,250,,2025-11-11T16:20:50Z,2023,2023-01-01,2023-12-31
8891667,TB_e_inc_tbhiv_num,REGION,AFR,,,YEAR,2010,,,,,,,,,1 200 000 [891 000-1 540 000],1200000,891000,1540000,,2025-11-11T16:20:50Z,2010,2010-01-01,2010-12-31
8900851,TB_e_inc_tbhiv_num,COUNTRY,JPN,WPR,Western Pacific,YEAR,2016,,,,,,,,,110 [37-210],110,37,210,,2025-11-11T16:20:50Z,2016,2016-01-01,2016-12-31
8904598,TB_e_inc_tbhiv_num,COUNTRY,GTM,AMR,Americas,YEAR,2000,,,,,,,,,280 [100-540],280,100,540,,2025-11-11T16:20:50Z,2000,2000-01-01,2000-12-31
8904739,TB_e_inc_tbhiv_num,COUNTRY,GNQ,AFR,Africa,YEAR,2010,,,,,,,,,900 [390-1600],900,390,1600,,2025-11-11T16:20:50Z,2010,2010-01-01,2010-12-31
8916038,TB_e_inc_tbhiv_num,COUNTRY,SYR,EMR,Eastern Mediterranean,YEAR,2005,,,,,,,,,5 [2-7],5,2,7,,2025-11-11T16:20:50Z,2005,2005-01-01,2005-12-31
8917188,TB_e_inc_tbhiv_num,COUNTRY,ARG,AMR,Americas,YEAR,2014,,,,,,,,,870 [490-1400],870,490,1400,,2025-11-11T16:20:50Z,2014,2014-01-01,2014-12-31
8921266,TB_e_inc_tbhiv_num,COUNTRY,SAU,EMR,Eastern Mediterranean,YEAR,2010,,,,,,,,,120 [91-140],120,91,140,,2025-11-11T16:20:50Z,2010,2010-01-01,2010-12-31
8930966,TB_e_inc_tbhiv_num,COUNTRY,IRQ,EMR,Eastern Mediterranean,YEAR,2009,,,,,,,,,2 [0-10],2,0,10,,2025-11-11T16:20:50Z,2009,2009-01-01,2009-12-31
8932340,TB_e_inc_tbhiv_num,COUNTRY,SLV,AMR,Americas,YEAR,2021,,,,,,,,,160 [120-210],160,120,210,,2025-11-11T16:20:50Z,2021,2021-01-01,2021-12-31
8933465,TB_e_inc_tbhiv_num,COUNTRY,ALB,EUR,Europe,YEAR,2018,,,,,,,,,5 [2-10],5,2,10,,2025-11-11T16:20:50Z,2018,2018-01-01,2018-12-31
8935489,TB_e_inc_tbhiv_num,COUNTRY,HUN,EUR,Europe,YEAR,2007,,,,,,,,,15 [8-25],15,8,25,,2025-11-11T16:20:50Z,2007,2007-01-01,2007-12-31
8936434,TB_e_inc_tbhiv_num,GLOBAL,GLOBAL,,,YEAR,2002,,,,,,,,,1 710 000 [1 230 000-2 280 000],1710000,1230000,2280000,,2025-11-11T16:20:50Z,2002,2002-01-01,2002-12-31
8938555,TB_e_inc_tbhiv_num,COUNTRY,GNQ,AFR,Africa,YEAR,2012,,,,,,,,,1800 [670-3400],1800,670,3400,,2025-11-11T16:20:50Z,2012,2012-01-01,2012-12-31
8940593,TB_e_inc_tbhiv_num,COUNTRY,GUY,AMR,Americas,YEAR,2002,,,,,,,,,170 [68-330],170,68,330,,2025-11-11T16:20:50Z,2002,2002-01-01,2002-12-31
8941100,TB_e_inc_tbhiv_num,COUNTRY,CYP,EUR,Europe,YEAR,2004,,,,,,,,,4 [2-6],4,2,6,,2025-11-11T16:20:50Z,2004,2004-01-01,2004-12-31
8941388,TB_e_inc_tbhiv_num,COUNTRY,COG,AFR,Africa,YEAR,2021,,,,,,,,,5300 [3300-7900],5300,3300,7900,,2025-11-11T16:20:50Z,2021,2021-01-01,2021-12-31
8944736,TB_e_inc_tbhiv_num,COUNTRY,SYR,EMR,Eastern Mediterranean,YEAR,2011,,,,,,,,,6 [3-9],6,3,9,,2025-11-11T16:20:50Z,2011,2011-01-01,2011-12-31
8947265,TB_e_inc_tbhiv_num,COUNTRY,LSO,AFR,Africa,YEAR,2020,,,,,,,,,8100 [5000-12 000],8100,5000,12000,,2025-11-11T16:20:50Z,2020,2020-01-01,2020-12-31
8950667,TB_e_inc_tbhiv_num,COUNTRY,CPV,AFR,Africa,YEAR,2013,,,,,,,,,39 [24-58],39,24,58,,2025-11-11T16:20:50Z,2013,2013-01-01,2013-12-31
8951626,TB_e_inc_tbhiv_num,WORLDBANKINCOMEGROUP,WB_LI,,,YEAR,2024,,,,,,,,,123 000 [97 000-153 000],123000,97000,153000,,2025-11-11T16:20:50Z,2024,2024-01-01,2024-12-31
8951952,TB_e_inc_tbhiv_num,COUNTRY,CPV,AFR,Africa,YEAR,2010,,,,,,,,,63 [24-120],63,24,120,,2025-11-11T16:20:50Z,2010,2010-01-01,2010-12-31
8953982,TB_e_inc_tbhiv_num,COUNTRY,SGP,WPR,Western Pacific,YEAR,2013,,,,,,,,,74 [52-100],74,52,100,,2025-11-11T16:20:50Z,2013,2013-01-01,2013-12-31
8960153,TB_e_inc_tbhiv_num,COUNTRY,MWI,AFR,Africa,YEAR,2003,,,,,,,,,33 000 [2900-100 000],33000,2900,100000,,2025-11-11T16:20:50Z,2003,2003-01-01,2003-12-31
8964199,TB_e_inc_tbhiv_num,COUNTRY,SGP,WPR,Western Pacific,YEAR,2008,,,,,,,,,87 [32-170],87,32,170,,2025-11-11T16:20:50Z,2008,2008-01-01,2008-12-31
8967591,TB_e_inc_tbhiv_num,COUNTRY,PNG,WPR,Western Pacific,YEAR,2024,,,,,,,,,3600 [2900-4400],3600,2900,4400,,2025-11-11T16:20:50Z,2024,2024-01-01,2024-12-31
8967873,TB_e_inc_tbhiv_num,COUNTRY,TTO,AMR,Americas,YEAR,2003,,,,,,,,,110 [82-140],110,82,140,,2025-11-11T16:20:50Z,2003,2003-01-01,2003-12-31
8973300,TB_e_inc_tbhiv_num,REGION,EMR,,,YEAR,2021,,,,,,,,,5500 [800-14 000],5500,800,14000,,2025-11-11T16:20:50Z,2021,2021-01-01,2021-12-31
8973457,TB_e_inc_tbhiv_num,COUNTRY,POL,EUR,Europe,YEAR,2001,,,,,,,,,400 [220-640],400,220,640,,2025-11-11T16:20:50Z,2001,2001-01-01,2001-12-31
8979434,TB_e_inc_tbhiv_num,COUNTRY,CAN,AMR,Americas,YEAR,2012,,,,,,,,,83 [30-160],83,30,160,,2025-11-11T16:20:50Z,2012,2012-01-01,2012-12-31
8980948,TB_e_inc_tbhiv_num,COUNTRY,HUN,EUR,Europe,YEAR,2017,,,,,,,,,8 [4-14],8,4,14,,2025-11-11T16:20:50Z,2017,2017-01-01,2017-12-31
8983796,TB_e_inc_tbhiv_num,COUNTRY,LUX,EUR,Europe,YEAR,2005,,,,,,,,,3 [2-5],3,2,5,,2025-11-11T16:20:50Z,2005,2005-01-01,2005-12-31
8987816,TB_e_inc_tbhiv_num,COUNTRY,SSD,AFR,Africa,YEAR,2013,,,,,,,,,6500 [2900-12 000],6500,2900,12000,,2025-11-11T16:20:50Z,2013,2013-01-01,2013-12-31
8988582,TB_e_inc_tbhiv_num,COUNTRY,TUR,EUR,Europe,YEAR,2002,,,,,,,,,25 [9-50],25,9,50,,2025-11-11T16:20:50Z,2002,2002-01-01,2002-12-31
8988681,TB_e_inc_tbhiv_num,COUNTRY,URY,AMR,Americas,YEAR,2018,,,,,,,,,200 [150-260],200,150,260,,2025-11-11T16:20:50Z,2018,2018-01-01,2018-12-31
8991831,TB_e_inc_tbhiv_num,COUNTRY,AGO,AFR,Africa,YEAR,2005,,,,,,,,,19 000 [8400-33 000],19000,8400,33000,,2025-11-11T16:20:50Z,2005,2005-01-01,2005-12-31
8993101,TB_e_inc_tbhiv_num,COUNTRY,MKD,EUR,Europe,YEAR,2020,,,,,,,,,1 [0-5],1,0,5,,2025-11-11T16:20:50Z,2020,2020-01-01,2020-12-31
8993360,TB_e_inc_tbhiv_num,COUNTRY,ARG,AMR,Americas,YEAR,2019,,,,,,,,,910 [500-1400],910,500,1400,,2025-11-11T16:20:50Z,2019,2019-01-01,2019-12-31
8994714,TB_e_inc_tbhiv_num,COUNTRY,KHM,WPR,Western Pacific,YEAR,2021,,,,,,,,,810 [550-1100],810,550,1100,,2025-11-11T16:20:50Z,2021,2021-01-01,2021-12-31
8996516,TB_e_inc_tbhiv_num,COUNTRY,TJK,EUR,Europe,YEAR,2024,,,,,,,,,180 [130-240],180,130,240,,2025-11-11T16:20:50Z,2024,2024-01-01,2024-12-31
8998028,TB_e_inc_tbhiv_num,COUNTRY,SOM,EMR,Eastern Mediterranean,YEAR,2006,,,,,,,,,1400 [520-2600],1400,520,2600,,2025-11-11T16:20:50Z,2006,2006-01-01,2006-12-31
8999532,TB_e_inc_tbhiv_num,COUNTRY,NPL,SEAR,South-East Asia,YEAR,2005,,,,,,,,,3100 [880-6600],3100,880,6600,,2025-11-11T16:20:50Z,2005,2005-01-01,2005-12-31
9002590,TB_e_inc_tbhiv_num,COUNTRY,VUT,WPR,Western Pacific,YEAR,2018,,,,,,,,,0 [0-0],0,0,0,,2025-11-11T16:20:50Z,2018,2018-01-01,2018-12-31
9002670,TB_e_inc_tbhiv_num,COUNTRY,ARE,EMR,Eastern Mediterranean,YEAR,2002,,,,,,,,,6 [2-13],6,2,13,,2025-11-11T16:20:50Z,2002,2002-01-01,2002-12-31
9002920,TB_e_inc_tbhiv_num,COUNTRY,MNE,EUR,Europe,YEAR,2021,,,,,,,,,0 [0-0],0,0,0,,2025-11-11T16:20:50Z,2021,2021-01-01,2021-12-31
9003450,TB_e_inc_tbhiv_num,COUNTRY,BRA,AMR,Americas,YEAR,2008,,,,,,,,,7400 [2300-15 000],7400,2300,15000,,2025-11-11T16:20:50Z,2008,2008-01-01,2008-12-31
9008362,TB_e_inc_tbhiv_num,COUNTRY,DEU,EUR,Europe,YEAR,2021,,,,,,,,,110 [59-170],110,59,170,,2025-11-11T16:20:50Z,2021,2021-01-01,2021-12-31
9008955,TB_e_inc_tbhiv_num,COUNTRY,RWA,AFR,Africa,YEAR,2002,,,,,,,,,7000 [4000-11 000],7000,4000,11000,,2025-11-11T16:20:50Z,2002,2002-01-01,2002-12-31
9012480,TB_e_inc_tbhiv_num,COUNTRY,LAO,WPR,Western Pacific,YEAR,2009,,,,,,,,,580 [160-1300],580,160,1300,,2025-11-11T16:20:50Z,2009,2009-01-01,2009-12-31
9014748,TB_e_inc_tbhiv_num,COUNTRY,JOR,EMR,Eastern Mediterranean,YEAR,2022,,,,,,,,,6 [1-17],6,1,17,,2025-11-11T16:20:50Z,2022,2022-01-01,2022-12-31
9017823,TB_e_inc_tbhiv_num,COUNTRY,PER,AMR,Americas,YEAR,2012,,,,,,,,,2600 [960-5000],2600,960,5000,,2025-11-11T16:20:50Z,2012,2012-01-01,2012-12-31
9018649,TB_e_inc_tbhiv_num,COUNTRY,POL,EUR,Europe,YEAR,2013,,,,,,,,,92 [50-150],92,50,150,,2025-11-11T16:20:50Z,2013,2013-01-01,2013-12-31
9019300,TB_e_inc_tbhiv_num,COUNTRY,VUT,WPR,Western Pacific,YEAR,2004,,,,,,,,,150 [110-200],150,110,200,,2025-11-11T16:20:50Z,2004,2004-01-01,2004-12-31
9022944,TB_e_inc_tbhiv_num,COUNTRY,URY,AMR,Americas,YEAR,2007,,,,,,,,,130 [97-170],130,97,170,,2025-11-11T16:20:50Z,2007,2007-01-01,2007-12-31
9025982,TB_e_inc_tbhiv_num,WORLDBANKINCOMEGROUP,WB_HI,,,YEAR,2024,,,,,,,,,16 000 [9600-24 000],16000,9600,24000,,2025-11-11T16:20:50Z,2024,2024-01-01,2024-12-31
9028366,TB_e_inc_tbhiv_num,WORLDBANKINCOMEGROUP,WB_LI,,,YEAR,2011,,,,,,,,,234 000 [161 000-320 000],234000,161000,320000,,2025-11-11T16:20:50Z,2011,2011-01-01,2011-12-31
9031775,TB_e_inc_tbhiv_num,COUNTRY,NAM,AFR,Africa,YEAR,2004,,,,,,,,,17 000 [5800-34 000],17000,5800,34000,,2025-11-11T16:20:50Z,2004,2004-01-01,2004-12-31
9034706,TB_e_inc_tbhiv_num,COUNTRY,BFA,AFR,Africa,YEAR,2004,,,,,,,,,2600 [760-5500],2600,760,5500,,2025-11-11T16:20:50Z,2004,2004-01-01,2004-12-31
9035996,TB_e_inc_tbhiv_num,COUNTRY,EST,EUR,Europe,YEAR,2021,,,,,,,,,16 [8-27],16,8,27,,2025-11-11T16:20:50Z,2021,2021-01-01,2021-12-31
9042083,TB_e_inc_tbhiv_num,COUNTRY,KEN,AFR,Africa,YEAR,2001,,,,,,,,,98 000 [32 000-201 000],98000,32000,201000,,2025-11-11T16:20:50Z,2001,2001-01-01,2001-12-31
9042629,TB_e_inc_tbhiv_num,COUNTRY,COG,AFR,Africa,YEAR,2007,,,,,,,,,7800 [5700-10 000],7800,5700,10000,,2025-11-11T16:20:50Z,2007,2007-01-01,2007-12-31
9044668,TB_e_inc_tbhiv_num,COUNTRY,SGP,WPR,Western Pacific,YEAR,2019,,,,,,,,,46 [31-65],46,31,65,,2025-11-11T16:20:50Z,2019,2019-01-01,2019-12-31
9048783,TB_e_inc_tbhiv_num,REGION,WPR,,,YEAR,2008,,,,,,,,,69 000 [46 000-96 000],69000,46000,96000,,2025-11-11T16:20:50Z,2008,2008-01-01,2008-12-31
9048981,TB_e_inc_tbhiv_num,REGION,SEAR,,,YEAR,2010,,,,,,,,,269 000 [80 000-570 000],269000,80000,570000,,2025-11-11T16:20:50Z,2010,2010-01-01,2010-12-31
9052578,TB_e_inc_tbhiv_num,COUNTRY,ARE,EMR,Eastern Mediterranean,YEAR,2011,,,,,,,,,6 [1-16],6,1,16,,2025-11-11T16:20:50Z,2011,2011-01-01,2011-12-31
9053544,TB_e_inc_tbhiv_num,COUNTRY,GBR,EUR,Europe,YEAR,2016,,,,,,,,,220 [83-430],220,83,430,,2025-11-11T16:20:50Z,2016,2016-01-01,2016-12-31
9066877,TB_e_inc_tbhiv_num,COUNTRY,CAF,AFR,Africa,YEAR,2000,,,,,,,,,17 000 [7200-31 000],17000,7200,31000,,2025-11-11T16:20:50Z,2000,2000-01-01,2000-12-31
9067128,TB_e_inc_tbhiv_num,COUNTRY,BTN,SEAR,South-East Asia,YEAR,2003,,,,,,,,,120 [23-300],120,23,300,,2025-11-11T16:20:50Z,2003,2003-01-01,2003-12-31
9067635,TB_e_inc_tbhiv_num,COUNTRY,MDG,AFR,Africa,YEAR,2002,,,,,,,,,180 [52-380],180,52,380,,2025-11-11T16:20:50Z,2002,2002-01-01,2002-12-31
9068668,TB_e_inc_tbhiv_num,COUNTRY,SLE,AFR,Africa,YEAR,2009,,,,,,,,,3500 [1500-6300],3500,1500,6300,,2025-11-11T16:20:50Z,2009,2009-01-01,2009-12-31
9068981,TB_e_inc_tbhiv_num,COUNTRY,CHL,AMR,Americas,YEAR,2004,,,,,,,,,420 [160-780],420,160,780,,2025-11-11T16:20:50Z,2004,2004-01-01,2004-12-31
9071520,TB_e_inc_tbhiv_num,COUNTRY,IRQ,EMR,Eastern Mediterranean,YEAR,2024,,,,,,,,,0 [0-0],0,0,0,,2025-11-11T16:20:50Z,2024,2024-01-01,2024-12-31
9077119,TB_e_inc_tbhiv_num,COUNTRY,LTU,EUR,Europe,YEAR,2013,,,,,,,,,86 [60-120],86,60,120,,2025-11-11T16:20:50Z,2013,2013-01-01,2013-12-31
9080044,TB_e_inc_tbhiv_num,COUNTRY,HUN,EUR,Europe,YEAR,2005,,,,,,,,,22 [12-36],22,12,36,,2025-11-11T16:20:50Z,2005,2005-01-01,2005-12-31
9080677,TB_e_inc_tbhiv_num,COUNTRY,BLZ,AMR,Americas,YEAR,2021,,,,,,,,,34 [20-52],34,20,52,,2025-11-11T16:20:50Z,2021,2021-01-01,2021-12-31
9082599,TB_e_inc_tbhiv_num,COUNTRY,NER,AFR,Africa,YEAR,2003,,,,,,,,,1300 [470-2500],1300,470,2500,,2025-11-11T16:20:50Z,2003,2003-01-01,2003-12-31
9086208,TB_e_inc_tbhiv_num,COUNTRY,THA,SEAR,South-East Asia,YEAR,2002,,,,,,,,,43 000 [9400-101 000],43000,9400,101000,,2025-11-11T16:20:50Z,2002,2002-01-01,2002-12-31
9087835,TB_e_inc_tbhiv_num,COUNTRY,SLE,AFR,Africa,YEAR,2011,,,,,,,,,2700 [1200-4900],2700,1200,4900,,2025-11-11T16:20:50Z,2011,2011-01-01,2011-12-31
9088597,TB_e_inc_tbhiv_num,COUNTRY,POL,EUR,Europe,YEAR,2015,,,,,,,,,76 [41-120],76,41,120,,2025-11-11T16:20:50Z,2015,2015-01-01,2015-12-31
9089239,TB_e_inc_tbhiv_num,COUNTRY,TKM,EUR,Europe,YEAR,2024,,,,,,,,,660 [360-1000],660,360,1000,,2025-11-11T16:20:50Z,2024,2024-01-01,2024-12-31
9089272,TB_e_inc_tbhiv_num,COUNTRY,NOR,EUR,Europe,YEAR,2013,,,,,,,,,10 [3-19],10,3,19,,2025-11-11T16:20:50Z,2013,2013-01-01,2013-12-31
9091591,TB_e_inc_tbhiv_num,COUNTRY,NAM,AFR,Africa,YEAR,2016,,,,,,,,,5600 [3400-8300],5600,3400,8300,,2025-11-11T16:20:50Z,2016,2016-01-01,2016-12-31
9093943,TB_e_inc_tbhiv_num,COUNTRY,FIN,EUR,Europe,YEAR,2007,,,,,,,,,5 [3-8],5,3,8,,2025-11-11T16:20:50Z,2007,2007-01-01,2007-12-31
9094306,TB_e_inc_tbhiv_num,COUNTRY,SLE,AFR,Africa,YEAR,2010,,,,,,,,,3100 [1300-5500],3100,1300,5500,,2025-11-11T16:20:50Z,2010,2010-01-01,2010-12-31
9097235,TB_e_inc_tbhiv_num,COUNTRY,MEX,AMR,Americas,YEAR,2015,,,,,,,,,3400 [2600-4500],3400,2600,4500,,2025-11-11T16:20:50Z,2015,2015-01-01,2015-12-31
9098999,TB_e_inc_tbhiv_num,COUNTRY,TKM,EUR,Europe,YEAR,2000,,,,,,,,,360 [170-610],360,170,610,,2025-11-11T16:20:50Z,2000,2000-01-01,2000-12-31
9100760,TB_e_inc_tbhiv_num,COUNTRY,FJI,WPR,Western Pacific,YEAR,2000,,,,,,,,,3 [0-12],3,0,12,,2025-11-11T16:20:50Z,2000,2000-01-01,2000-12-31
9101447,TB_e_inc_tbhiv_num,COUNTRY,BLZ,AMR,Americas,YEAR,2001,,,,,,,,,41 [20-68],41,20,68,,2025-11-11T16:20:50Z,2001,2001-01-01,2001-12-31
9103022,TB_e_inc_tbhiv_num,COUNTRY,CHE,EUR,Europe,YEAR,2022,,,,,,,,,18 [10-29],18,10,29,,2025-11-11T16:20:50Z,2022,2022-01-01,2022-12-31
9107363,TB_e_inc_tbhiv_num,COUNTRY,MEX,AMR,Americas,YEAR,2022,,,,,,,,,4300 [3200-5600],4300,3200,5600,,2025-11-11T16:20:50Z,2022,2022-01-01,2022-12-31
9107674,TB_e_inc_tbhiv_num,COUNTRY,BOL,AMR,Americas,YEAR,2003,,,,,,,,,970 [330-1900],970,330,1900,,2025-11-11T16:20:50Z,2003,2003-01-01,2003-12-31
9109170,TB_e_inc_tbhiv_num,COUNTRY,PRI,AMR,Americas,YEAR,2023,,,,,,,,,1 [0-6],1,0,6,,2025-11-11T16:20:50Z,2023,2023-01-01,2023-12-31
9110167,TB_e_inc_tbhiv_num,COUNTRY,SLE,AFR,Africa,YEAR,2017,,,,,,,,,3900 [1700-7100],3900,1700,7100,,2025-11-11T16:20:50Z,2017,2017-01-01,2017-12-31
9115394,TB_e_inc_tbhiv_num,COUNTRY,CAF,AFR,Africa,YEAR,2008,,,,,,,,,13 000 [4900-25 000],13000,4900,25000,,2025-11-11T16:20:50Z,2008,2008-01-01,2008-12-31
9116994,TB_e_inc_tbhiv_num,COUNTRY,FIN,EUR,Europe,YEAR,2016,,,,,,,,,4 [2-6],4,2,6,,2025-11-11T16:20:50Z,2016,2016-01-01,2016-12-31
9119333,TB_e_inc_tbhiv_num,COUNTRY,MDV,SEAR,South-East Asia,YEAR,2018,,,,,,,,,1 [0-7],1,0,7,,2025-11-11T16:20:50Z,2018,2018-01-01,2018-12-31
9119362,TB_e_inc_tbhiv_num,COUNTRY,BWA,AFR,Africa,YEAR,2003,,,,,,,,,12 000 [9800-15 000],12000,9800,15000,,2025-11-11T16:20:50Z,2003,2003-01-01,2003-12-31
9122112,TB_e_inc_tbhiv_num,COUNTRY,BHR,EMR,Eastern Mediterranean,YEAR,2009,,,,,,,,,16 [7-29],16,7,29,,2025-11-11T16:20:50Z,2009,2009-01-01,2009-12-31
9123544,TB_e_inc_tbhiv_num,COUNTRY,ARM,EUR,Europe,YEAR,2019,,,,,,,,,95 [68-130],95,68,130,,2025-11-11T16:20:50Z,2019,2019-01-01,2019-12-31
9123809,TB_e_inc_tbhiv_num,COUNTRY,GBR,EUR,Europe,YEAR,2008,,,,,,,,,420 [160-800],420,160,800,,2025-11-11T16:20:50Z,2008,2008-01-01,2008-12-31
9125493,TB_e_inc_tbhiv_num,COUNTRY,GAB,AFR,Africa,YEAR,2021,,,,,,,,,2800 [1400-4800],2800,1400,4800,,2025-11-11T16:20:50Z,2021,2021-01-01,2021-12-31
9135231,TB_e_inc_tbhiv_num,COUNTRY,MWI,AFR,Africa,YEAR,2004,,,,,,,,,34 000 [2900-100 000],34000,2900,100000,,2025-11-11T16:20:50Z,2004,2004-01-01,2004-12-31
9138880,TB_e_inc_tbhiv_num,COUNTRY,DOM,AMR,Americas,YEAR,2024,,,,,,,,,1300 [980-1700],1300,980,1700,,2025-11-11T16:20:50Z,2024,2024-01-01,2024-12-31
9141390,TB_e_inc_tbhiv_num,COUNTRY,GHA,AFR,Africa,YEAR,2004,,,,,,,,,12 000 [2800-29 000],12000,2800,29000,,2025-11-11T16:20:50Z,2004,2004-01-01,2004-12-31
9142018,TB_e_inc_tbhiv_num,GLOBAL,GLOBAL,,,YEAR,2008,,,,,,,,,1 690 000 [1 250 000-2 190 000],1690000,1250000,2190000,,2025-11-11T16:20:50Z,2008,2008-01-01,2008-12-31
9142621,TB_e_inc_tbhiv_num,COUNTRY,POL,EUR,Europe,YEAR,2024,,,,,,,,,50 [27-80],50,27,80,,2025-11-11T16:20:50Z,2024,2024-01-01,2024-12-31
9143595,TB_e_inc_tbhiv_num,COUNTRY,AUS,WPR,Western Pacific,YEAR,2021,,,,,,,,,19 [10-31],19,10,31,,2025-11-11T16:20:50Z,2021,2021-01-01,2021-12-31
9144122,TB_e_inc_tbhiv_num,COUNTRY,PRT,EUR,Europe,YEAR,2013,,,,,,,,,340 [250-440],340,250,440,,2025-11-11T16:20:50Z,2013,2013-01-01,2013-12-31
9148553,TB_e_inc_tbhiv_num,COUNTRY,CAF,AFR,Africa,YEAR,2014,,,,,,,,,9000 [3100-18 000],9000,3100,18000,,2025-11-11T16:20:50Z,2014,2014-01-01,2014-12-31
9152598,TB_e_inc_tbhiv_num,COUNTRY,ZAF,AFR,Africa,YEAR,2005,,,,,,,,,428 000 [138 000-878 000],428000,138000,878000,,2025-11-11T16:20:50Z,2005,2005-01-01,2005-12-31
9155133,TB_e_inc_tbhiv_num,COUNTRY,TLS,SEAR,South-East Asia,YEAR,2014,,,,,,,,,2 [2-3],2,2,3,,2025-11-11T16:20:50Z,2014,2014-01-01,2014-12-31
9158937,TB_e_inc_tbhiv_num,COUNTRY,SEN,AFR,Africa,YEAR,2006,,,,,,,,,2400 [940-4400],2400,940,4400,,2025-11-11T16:20:50Z,2006,2006-01-01,2006-12-31
9161878,TB_e_inc_tbhiv_num,COUNTRY,MDV,SEAR,South-East Asia,YEAR,2014,,,,,,,,,0 [0-0],0,0,0,,2025-11-11T16:20:50Z,2014,2014-01-01,2014-12-31
9162446,TB_e_inc_tbhiv_num,COUNTRY,EGY,EMR,Eastern Mediterranean,YEAR,2015,,,,,,,,,83 [36-150],83,36,150,,2025-11-11T16:20:50Z,2015,2015-01-01,2015-12-31
9163455,TB_e_inc_tbhiv_num,COUNTRY,ARG,AMR,Americas,YEAR,2020,,,,,,,,,730 [410-1200],730,410,1200,,2025-11-11T16:20:50Z,2020,2020-01-01,2020-12-31
9166307,TB_e_inc_tbhiv_num,COUNTRY,STP,AFR,Africa,YEAR,2007,,,,,,,,,22 [16-29],22,16,29,,2025-11-11T16:20:50Z,2007,2007-01-01,2007-12-31
9168522,TB_e_inc_tbhiv_num,COUNTRY,IND,SEAR,South-East Asia,YEAR,2015,,,,,,,,,125 000 [88 000-168 000],125000,88000,168000,,2025-11-11T16:20:50Z,2015,2015-01-01,2015-12-31
9170179,TB_e_inc_tbhiv_num,COUNTRY,LKA,SEAR,South-East Asia,YEAR,2022,,,,,,,,,76 [32-140],76,32,140,,2025-11-11T16:20:50Z,2022,2022-01-01,2022-12-31
9174928,TB_e_inc_tbhiv_num,COUNTRY,MNE,EUR,Europe,YEAR,2013,,,,,,,,,4 [0-11],4,0,11,,2025-11-11T16:20:50Z,2013,2013-01-01,2013-12-31
9175180,TB_e_inc_tbhiv_num,COUNTRY,CMR,AFR,Africa,YEAR,2015,,,,,,,,,17 000 [13 000-22 000],17000,13000,22000,,2025-11-11T16:20:50Z,2015,2015-01-01,2015-12-31
9176390,TB_e_inc_tbhiv_num,COUNTRY,MDA,EUR,Europe,YEAR,2003,,,,,,,,,270 [99-520],270,99,520,,2025-11-11T16:20:50Z,2003,2003-01-01,2003-12-31
9176560,TB_e_inc_tbhiv_num,COUNTRY,IRL,EUR,Europe,YEAR,2004,,,,,,,,,29 [16-45],29,16,45,,2025-11-11T16:20:50Z,2004,2004-01-01,2004-12-31
9183754,TB_e_inc_tbhiv_num,COUNTRY,JPN,WPR,Western Pacific,YEAR,2015,,,,,,,,,110 [37-220],110,37,220,,2025-11-11T16:20:50Z,2015,2015-01-01,2015-12-31
9185577,TB_e_inc_tbhiv_num,COUNTRY,SOM,EMR,Eastern Mediterranean,YEAR,2011,,,,,,,,,800 [300-1600],800,300,1600,,2025-11-11T16:20:50Z,2011,2011-01-01,2011-12-31
9190101,TB_e_inc_tbhiv_num,COUNTRY,DZA,AFR,Africa,YEAR,2020,,,,,,,,,190 [110-310],190,110,310,,2025-11-11T16:20:50Z,2020,2020-01-01,2020-12-31
9190700,TB_e_inc_tbhiv_num,COUNTRY,SVK,EUR,Europe,YEAR,2004,,,,,,,,,0 [0-0],0,0,0,,2025-11-11T16:20:50Z,2004,2004-01-01,2004-12-31
9192856,TB_e_inc_tbhiv_num,COUNTRY,DJI,EMR,Eastern Mediterranean,YEAR,2003,,,,,,,,,5000 [2500-8400],5000,2500,8400,,2025-11-11T16:20:50Z,2003,2003-01-01,2003-12-31
9197014,TB_e_inc_tbhiv_num,COUNTRY,SWZ,AFR,Africa,YEAR,2023,,,,,,,,,2300 [1200-3600],2300,1200,3600,,2025-11-11T16:20:50Z,2023,2023-01-01,2023-12-31
9197608,TB_e_inc_tbhiv_num,COUNTRY,PSE,EMR,Eastern Mediterranean,YEAR,2024,,,,,,,,,0 [0-0],0,0,0,,2025-11-11T16:20:50Z,2024,2024-01-01,2024-12-31
9200121,TB_e_inc_tbhiv_num,COUNTRY,GTM,AMR,Americas,YEAR,2003,,,,,,,,,180 [66-350],180,66,350,,2025-11-11T16:20:50Z,2003,2003-01-01,2003-12-31
9200144,TB_e_inc_tbhiv_num,COUNTRY,KIR,WPR,Western Pacific,YEAR,2017,,,,,,,,,0 [0-0],0,0,0,,2025-11-11T16:20:50Z,2017,2017-01-01,2017-12-31
9204456,TB_e_inc_tbhiv_num,COUNTRY,YEM,EMR,Eastern Mediterranean,YEAR,2022,,,,,,,,,100 [55-160],100,55,160,,2025-11-11T16:20:50Z,2022,2022-01-01,2022-12-31
9214236,TB_e_inc_tbhiv_num,COUNTRY,PRI,AMR,Americas,YEAR,2001,,,,,,,,,83 [59-110],83,59,110,,2025-11-11T16:20:50Z,2001,2001-01-01,2001-12-31
9214577,TB_e_inc_tbhiv_num,COUNTRY,ESP,EUR,Europe,YEAR,2013,,,,,,,,,430 [320-560],430,320,560,,2025-11-11T16:20:50Z,2013,2013-01-01,2013-12-31
9215903,TB_e_inc_tbhiv_num,COUNTRY,TUN,EMR,Eastern Mediterranean,YEAR,2002,,,,,,,,,19 [7-37],19,7,37,,2025-11-11T16:20:50Z,2002,2002-01-01,2002-12-31
9216214,TB_e_inc_tbhiv_num,COUNTRY,VEN,AMR,Americas,YEAR,2002,,,,,,,,,2800 [1200-4900],2800,1200,4900,,2025-11-11T16:20:50Z,2002,2002-01-01,2002-12-31
9217923,TB_e_inc_tbhiv_num,COUNTRY,ARM,EUR,Europe,YEAR,2011,,,,,,,,,72 [48-100],72,48,100,,2025-11-11T16:20:50Z,2011,2011-01-01,2011-12-31
9218432,TB_e_inc_tbhiv_num,COUNTRY,CAN,AMR,Americas,YEAR,2005,,,,,,,,,160 [59-300],160,59,300,,2025-11-11T16:20:50Z,2005,2005-01-01,2005-12-31
9218860,TB_e_inc_tbhiv_num,COUNTRY,CMR,AFR,Africa,YEAR,2023,,,,,,,,,6400 [4400-8800],6400,4400,8800,,2025-11-11T16:20:50Z,2023,2023-01-01,2023-12-31
9220950,TB_e_inc_tbhiv_num,COUNTRY,JOR,EMR,Eastern Mediterranean,YEAR,2011,,,,,,,,,2 [0-7],2,0,7,,2025-11-11T16:20:50Z,2011,2011-01-01,2011-12-31
9221281,TB_e_inc_tbhiv_num,COUNTRY,PER,AMR,Americas,YEAR,2007,,,,,,,,,3300 [1200-6400],3300,1200,6400,,2025-11-11T16:20:50Z,2007,2007-01-01,2007-12-31
9221579,TB_e_inc_tbhiv_num,COUNTRY,MOZ,AFR,Africa,YEAR,2000,,,,,,,,,40 000 [23 000-62 000],40000,23000,62000,,2025-11-11T16:20:50Z,2000,2000-01-01,2000-12-31
9224227,TB_e_inc_tbhiv_num,COUNTRY,USA,AMR,Americas,YEAR,2015,,,,,,,,,590 [440-760],590,440,760,,2025-11-11T16:20:50Z,2015,2015-01-01,2015-12-31
9228225,TB_e_inc_tbhiv_num,COUNTRY,FSM,WPR,Western Pacific,YEAR,2006,,,,,,,,,0 [0-0],0,0,0,,2025-11-11T16:20:50Z,2006,2006-01-01,2006-12-31
9230128,TB_e_inc_tbhiv_num,COUNTRY,KEN,AFR,Africa,YEAR,2005,,,,,,,,,116 000 [24 000-279 000],116000,24000,279000,,2025-11-11T16:20:50Z,2005,2005-01-01,2005-12-31
9233099,TB_e_inc_tbhiv_num,COUNTRY,RUS,EUR,Europe,YEAR,2019,,,,,,,,,17 000 [10 000-25 000],17000,10000,25000,,2025-11-11T16:20:50Z,2019,2019-01-01,2019-12-31
9233360,TB_e_inc_tbhiv_num,COUNTRY,MNG,WPR,Western Pacific,YEAR,2020,,,,,,,,,16 [3-43],16,3,43,,2025-11-11T16:20:50Z,2020,2020-01-01,2020-12-31
9237318,TB_e_inc_tbhiv_num,COUNTRY,AZE,EUR,Europe,YEAR,2006,,,,,,,,,480 [150-1000],480,150,1000,,2025-11-11T16:20:50Z,2006,2006-01-01,2006-12-31
9237800,TB_e_inc_tbhiv_num,WORLDBANKINCOMEGROUP,WB_LMI,,,YEAR,2008,,,,,,,,,847 000 [542 000-1 220 000],847000,542000,1220000,,2025-11-11T16:20:50Z,2008,2008-01-01,2008-12-31
9239107,TB_e_inc_tbhiv_num,COUNTRY,COD,AFR,Africa,YEAR,2010,,,,,,,,,69 000 [20 000-150 000],69000,20000,150000,,2025-11-11T16:20:50Z,2010,2010-01-01,2010-12-31
9242191,TB_e_inc_tbhiv_num,COUNTRY,SUR,AMR,Americas,YEAR,2008,,,,,,,,,51 [34-72],51,34,72,,2025-11-11T16:20:50Z,2008,2008-01-01,2008-12-31
9246760,TB_e_inc_tbhiv_num,COUNTRY,MOZ,AFR,Africa,YEAR,2014,,,,,,,,,49 000 [28 000-75 000],49000,28000,75000,,2025-11-11T16:20:50Z,2014,2014-01-01,2014-12-31
9248416,TB_e_inc_tbhiv_num,COUNTRY,LBY,EMR,Eastern Mediterranean,YEAR,2004,,,,,,,,,53 [15-120],53,15,120,,2025-11-11T16:20:50Z,2004,2004-01-01,2004-12-31
9249346,TB_e_inc_tbhiv_num,COUNTRY,ARE,EMR,Eastern Mediterranean,YEAR,2019,,,,,,,,,0 [0-0],0,0,0,,2025-11-11T16:20:50Z,2019,2019-01-01,2019-12-31
9252079,TB_e_inc_tbhiv_num,COUNTRY,UKR,EUR,Europe,YEAR,2000,,,,,,,,,13 000 [5400-25 000],13000,5400,25000,,2025-11-11T16:20:50Z,2000,2000-01-01,2000-12-31
9253104,TB_e_inc_tbhiv_num,COUNTRY,BTN,SEAR,South-East Asia,YEAR,2009,,,,,,,,,150 [25-380],150,25,380,,2025-11-11T16:20:50Z,2009,2009-01-01,2009-12-31
9256331,TB_e_inc_tbhiv_num,COUNTRY,ROU,EUR,Europe,YEAR,2014,,,,,,,,,560 [420-730],560,420,730,,2025-11-11T16:20:50Z,2014,2014-01-01,2014-12-31
9259216,TB_e_inc_tbhiv_num,COUNTRY,GHA,AFR,Africa,YEAR,2015,,,,,,,,,10 000 [4200-19 000],10000,4200,19000,,2025-11-11T16:20:50Z,2015,2015-01-01,2015-12-31
9263001,TB_e_inc_tbhiv_num,COUNTRY,LAO,WPR,Western Pacific,YEAR,2011,,,,,,,,,630 [180-1400],630,180,1400,,2025-11-11T16:20:50Z,2011,2011-01-01,2011-12-31
9263647,TB_e_inc_tbhiv_num,COUNTRY,PSE,EMR,Eastern Mediterranean,YEAR,2013,,,,,,,,,0 [0-0],0,0,0,,2025-11-11T16:20:50Z,2013,2013-01-01,2013-12-31
9265890,TB_e_inc_tbhiv_num,COUNTRY,CHE,EUR,Europe,YEAR,2019,,,,,,,,,21 [11-34],21,11,34,,2025-11-11T16:20:50Z,2019,2019-01-01,2019-12-31
9266293,TB_e_inc_tbhiv_num,COUNTRY,GMB,AFR,Africa,YEAR,2006,,,,,,,,,810 [300-1600],810,300,1600,,2025-11-11T16:20:50Z,2006,2006-01-01,2006-12-31
9269645,TB_e_inc_tbhiv_num,REGION,AMR,,,YEAR,2001,,,,,,,,,55 000 [42 000-69 000],55000,42000,69000,,2025-11-11T16:20:50Z,2001,2001-01-01,2001-12-31
9271236,TB_e_inc_tbhiv_num,COUNTRY,CYP,EUR,Europe,YEAR,2010,,,,,,,,,4 [2-6],4,2,6,,2025-11-11T16:20:50Z,2010,2010-01-01,2010-12-31
9272336,TB_e_inc_tbhiv_num,COUNTRY,PRY,AMR,Americas,YEAR,2020,,,,,,,,,330 [240-430],330,240,430,,2025-11-11T16:20:50Z,2020,2020-01-01,2020-12-31
9274025,TB_e_inc_tbhiv_num,COUNTRY,CHE,EUR,Europe,YEAR,2018,,,,,,,,,26 [14-41],26,14,41,,2025-11-11T16:20:50Z,2018,2018-01-01,2018-12-31
9274537,TB_e_inc_tbhiv_num,COUNTRY,MRT,AFR,Africa,YEAR,2013,,,,,,,,,300 [110-580],300,110,580,,2025-11-11T16:20:50Z,2013,2013-01-01,2013-12-31
9275293,TB_e_inc_tbhiv_num,COUNTRY,CAN,AMR,Americas,YEAR,2009,,,,,,,,,97 [70-130],97,70,130,,2025-11-11T16:20:50Z,2009,2009-01-01,2009-12-31
9278336,TB_e_inc_tbhiv_num,COUNTRY,MLI,AFR,Africa,YEAR,2003,,,,,,,,,2200 [830-4200],2200,830,4200,,2025-11-11T16:20:50Z,2003,2003-01-01,2003-12-31
9281341,TB_e_inc_tbhiv_num,COUNTRY,PNG,WPR,Western Pacific,YEAR,2012,,,,,,,,,5700 [2200-11 000],5700,2200,11000,,2025-11-11T16:20:50Z,2012,2012-01-01,2012-12-31
9285069,TB_e_inc_tbhiv_num,REGION,EMR,,,YEAR,2015,,,,,,,,,5900 [1500-13 000],5900,1500,13000,,2025-11-11T16:20:50Z,2015,2015-01-01,2015-12-31
9289644,TB_e_inc_tbhiv_num,COUNTRY,SWE,EUR,Europe,YEAR,2004,,,,,,,,,18 [9-29],18,9,29,,2025-11-11T16:20:50Z,2004,2004-01-01,2004-12-31
9290256,TB_e_inc_tbhiv_num,COUNTRY,BHR,EMR,Eastern Mediterranean,YEAR,2019,,,,,,,,,16 [8-27],16,8,27,,2025-11-11T16:20:50Z,2019,2019-01-01,2019-12-31
9291475,TB_e_inc_tbhiv_num,COUNTRY,AZE,EUR,Europe,YEAR,2012,,,,,,,,,210 [150-270],210,150,270,,2025-11-11T16:20:50Z,2012,2012-01-01,2012-12-31
9294028,TB_e_inc_tbhiv_num,COUNTRY,CPV,AFR,Africa,YEAR,2018,,,,,,,,,40 [26-59],40,26,59,,2025-11-11T16:20:50Z,2018,2018-01-01,2018-12-31
9294663,TB_e_inc_tbhiv_num,COUNTRY,CYP,EUR,Europe,YEAR,2012,,,,,,,,,4 [2-6],4,2,6,,2025-11-11T16:20:50Z,2012,2012-01-01,2012-12-31
9296580,TB_e_inc_tbhiv_num,COUNTRY,ALB,EUR,Europe,YEAR,2013,,,,,,,,,5 [2-10],5,2,10,,2025-11-11T16:20:50Z,2013,2013-01-01,2013-12-31
9297469,TB_e_inc_tbhiv_num,COUNTRY,DOM,AMR,Americas,YEAR,2015,,,,,,,,,1500 [1100-1900],1500,1100,1900,,2025-11-11T16:20:50Z,2015,2015-01-01,2015-12-31
9298136,TB_e_inc_tbhiv_num,COUNTRY,KWT,EMR,Eastern Mediterranean,YEAR,2023,,,,,,,,,3 [0-9],3,0,9,,2025-11-11T16:20:50Z,2023,2023-01-01,2023-12-31
9299645,TB_e_inc_tbhiv_num,COUNTRY,ETH,AFR,Africa,YEAR,2014,,,,,,,,,21 000 [9800-36 000],21000,9800,36000,,2025-11-11T16:20:50Z,2014,2014-01-01,2014-12-31
9299699,TB_e_inc_tbhiv_num,COUNTRY,SLV,AMR,Americas,YEAR,2022,,,,,,,,,260 [190-340],260,190,340,,2025-11-11T16:20:50Z,2022,2022-01-01,2022-12-31
9299762,TB_e_inc_tbhiv_num,COUNTRY,KGZ,EUR,Europe,YEAR,2021,,,,,,,,,260 [190-340],260,190,340,,2025-11-11T16:20:50Z,2021,2021-01-01,2021-12-31
9300410,TB_e_inc_tbhiv_num,COUNTRY,CMR,AFR,Africa,YEAR,2014,,,,,,,,,19 000 [14 000-23 000],19000,14000,23000,,2025-11-11T16:20:50Z,2014,2014-01-01,2014-12-31
9306460,TB_e_inc_tbhiv_num,COUNTRY,EGY,EMR,Eastern Mediterranean,YEAR,2004,,,,,,,,,23 [9-43],23,9,43,,2025-11-11T16:20:50Z,2004,2004-01-01,2004-12-31
9307960,TB_e_inc_tbhiv_num,COUNTRY,PSE,EMR,Eastern Mediterranean,YEAR,2007,,,,,,,,,0 [0-0],0,0,0,,2025-11-11T16:20:50Z,2007,2007-01-01,2007-12-31
9308248,TB_e_inc_tbhiv_num,COUNTRY,COD,AFR,Africa,YEAR,2019,,,,,,,,,41 000 [18 000-74 000],41000,18000,74000,,2025-11-11T16:20:50Z,2019,2019-01-01,2019-12-31
9309561,TB_e_inc_tbhiv_num,COUNTRY,MRT,AFR,Africa,YEAR,2012,,,,,,,,,330 [120-650],330,120,650,,2025-11-11T16:20:50Z,2012,2012-01-01,2012-12-31
9310775,TB_e_inc_tbhiv_num,COUNTRY,BHS,AMR,Americas,YEAR,2008,,,,,,,,,27 [20-35],27,20,35,,2025-11-11T16:20:50Z,2008,2008-01-01,2008-12-31
9311036,TB_e_inc_tbhiv_num,COUNTRY,SAU,EMR,Eastern Mediterranean,YEAR,2017,,,,,,,,,120 [95-150],120,95,150,,2025-11-11T16:20:50Z,2017,2017-01-01,2017-12-31
9314436,TB_e_inc_tbhiv_num,COUNTRY,SLV,AMR,Americas,YEAR,2009,,,,,,,,,300 [220-390],300,220,390,,2025-11-11T16:20:50Z,2009,2009-01-01,2009-12-31
9314692,TB_e_inc_tbhiv_num,COUNTRY,CAF,AFR,Africa,YEAR,2012,,,,,,,,,11 000 [3900-21 000],11000,3900,21000,,2025-11-11T16:20:50Z,2012,2012-01-01,2012-12-31
9314958,TB_e_inc_tbhiv_num,REGION,EUR,,,YEAR,2011,,,,,,,,,26 000 [16 000-39 000],26000,16000,39000,,2025-11-11T16:20:50Z,2011,2011-01-01,2011-12-31
9315622,TB_e_inc_tbhiv_num,COUNTRY,FJI,WPR,Western Pacific,YEAR,2008,,,,,,,,,0 [0-0],0,0,0,,2025-11-11T16:20:50Z,2008,2008-01-01,2008-12-31
9316087,TB_e_inc_tbhiv_num,COUNTRY,URY,AMR,Americas,YEAR,2004,,,,,,,,,180 [130-230],180,130,230,,2025-11-11T16:20:50Z,2004,2004-01-01,2004-12-31
9317461,TB_e_inc_tbhiv_num,COUNTRY,TGO,AFR,Africa,YEAR,2007,,,,,,,,,2100 [1000-3600],2100,1000,3600,,2025-11-11T16:20:50Z,2007,2007-01-01,2007-12-31
9318343,TB_e_inc_tbhiv_num,COUNTRY,VNM,WPR,Western Pacific,YEAR,2019,,,,,,,,,5600 [3400-8400],5600,3400,8400,,2025-11-11T16:20:50Z,2019,2019-01-01,2019-12-31
9320605,TB_e_inc_tbhiv_num,COUNTRY,AZE,EUR,Europe,YEAR,2001,,,,,,,,,330 [63-800],330,63,800,,2025-11-11T16:20:50Z,2001,2001-01-01,2001-12-31
9322926,TB_e_inc_tbhiv_num,COUNTRY,KWT,EMR,Eastern Mediterranean,YEAR,2017,,,,,,,,,5 [2-9],5,2,9,,2025-11-11T16:20:50Z,2017,2017-01-01,2017-12-31
9332537,TB_e_inc_tbhiv_num,COUNTRY,UKR,EUR,Europe,YEAR,2010,,,,,,,,,11 000 [7900-13 000],11000,7900,13000,,2025-11-11T16:20:50Z,2010,2010-01-01,2010-12-31
9335561,TB_e_inc_tbhiv_num,COUNTRY,BOL,AMR,Americas,YEAR,2007,,,,,,,,,870 [310-1700],870,310,1700,,2025-11-11T16:20:50Z,2007,2007-01-01,2007-12-31
9336362,TB_e_inc_tbhiv_num,COUNTRY,PHL,WPR,Western Pacific,YEAR,2021,,,,,,,,,5000 [2200-8800],5000,2200,8800,,2025-11-11T16:20:50Z,2021,2021-01-01,2021-12-31
9337866,TB_e_inc_tbhiv_num,COUNTRY,SDN,EMR,Eastern Mediterranean,YEAR,2007,,,,,,,,,6000 [1200-15 000],6000,1200,15000,,2025-11-11T16:20:50Z,2007,2007-01-01,2007-12-31
9341528,TB_e_inc_tbhiv_num,COUNTRY,IRL,EUR,Europe,YEAR,2000,,,,,,,,,35 [19-55],35,19,55,,2025-11-11T16:20:50Z,2000,2000-01-01,2000-12-31
9342884,TB_e_inc_tbhiv_num,COUNTRY,GHA,AFR,Africa,YEAR,2013,,,,,,,,,11 000 [4400-21 000],11000,4400,21000,,2025-11-11T16:20:50Z,2013,2013-01-01,2013-12-31
9342974,TB_e_inc_tbhiv_num,COUNTRY,TLS,SEAR,South-East Asia,YEAR,2015,,,,,,,,,46 [29-65],46,29,65,,2025-11-11T16:20:50Z,2015,2015-01-01,2015-12-31
9342999,TB_e_inc_tbhiv_num,COUNTRY,CMR,AFR,Africa,YEAR,2010,,,,,,,,,19 000 [15 000-23 000],19000,15000,23000,,2025-11-11T16:20:50Z,2010,2010-01-01,2010-12-31
9346035,TB_e_inc_tbhiv_num,COUNTRY,NIC,AMR,Americas,YEAR,2011,,,,,,,,,170 [59-340],170,59,340,,2025-11-11T16:20:50Z,2011,2011-01-01,2011-12-31
9349290,TB_e_inc_tbhiv_num,COUNTRY,MNE,EUR,Europe,YEAR,2017,,,,,,,,,0 [0-0],0,0,0,,2025-11-11T16:20:50Z,2017,2017-01-01,2017-12-31
9350402,TB_e_inc_tbhiv_num,COUNTRY,PNG,WPR,Western Pacific,YEAR,2003,,,,,,,,,4100 [1500-8100],4100,1500,8100,,2025-11-11T16:20:50Z,2003,2003-01-01,2003-12-31
9357651,TB_e_inc_tbhiv_num,COUNTRY,POL,EUR,Europe,YEAR,2018,,,,,,,,,71 [38-110],71,38,110,,2025-11-11T16:20:50Z,2018,2018-01-01,2018-12-31
9358069,TB_e_inc_tbhiv_num,COUNTRY,BTN,SEAR,South-East Asia,YEAR,2000,,,,,,,,,150 [27-360],150,27,360,,2025-11-11T16:20:50Z,2000,2000-01-01,2000-12-31
9359873,TB_e_inc_tbhiv_num,COUNTRY,TCD,AFR,Africa,YEAR,2007,,,,,,,,,3700 [1600-6600],3700,1600,6600,,2025-11-11T16:20:50Z,2007,2007-01-01,2007-12-31
9360126,TB_e_inc_tbhiv_num,COUNTRY,CAF,AFR,Africa,YEAR,2021,,,,,,,,,6300 [2800-11 000],6300,2800,11000,,2025-11-11T16:20:50Z,2021,2021-01-01,2021-12-31
9360792,TB_e_inc_tbhiv_num,COUNTRY,BTN,SEAR,South-East Asia,YEAR,2017,,,,,,,,,9 [2-21],9,2,21,,2025-11-11T16:20:50Z,2017,2017-01-01,2017-12-31
9364390,TB_e_inc_tbhiv_num,COUNTRY,MEX,AMR,Americas,YEAR,2020,,,,,,,,,4200 [3100-5400],4200,3100,5400,,2025-11-11T16:20:50Z,2020,2020-01-01,2020-12-31
9364411,TB_e_inc_tbhiv_num,COUNTRY,ITA,EUR,Europe,YEAR,2011,,,,,,,,,260 [140-420],260,140,420,,2025-11-11T16:20:50Z,2011,2011-01-01,2011-12-31
9370565,TB_e_inc_tbhiv_num,COUNTRY,IRN,EMR,Eastern Mediterranean,YEAR,2014,,,,,,,,,380 [110-810],380,110,810,,2025-11-11T16:20:50Z,2014,2014-01-01,2014-12-31
9371449,TB_e_inc_tbhiv_num,COUNTRY,BHS,AMR,Americas,YEAR,2018,,,,,,,,,13 [7-22],13,7,22,,2025-11-11T16:20:50Z,2018,2018-01-01,2018-12-31
9372374,TB_e_inc_tbhiv_num,COUNTRY,IND,SEAR,South-East Asia,YEAR,2012,,,,,,,,,195 000 [52 000-433 000],195000,52000,433000,,2025-11-11T16:20:50Z,2012,2012-01-01,2012-12-31
9375040,TB_e_inc_tbhiv_num,COUNTRY,SVK,EUR,Europe,YEAR,2011,,,,,,,,,0 [0-0],0,0,0,,2025-11-11T16:20:50Z,2011,2011-01-01,2011-12-31
9382637,TB_e_inc_tbhiv_num,COUNTRY,MAR,EMR,Eastern Mediterranean,YEAR,2022,,,,,,,,,410 [140-800],410,140,800,,2025-11-11T16:20:50Z,2022,2022-01-01,2022-12-31
9386140,TB_e_inc_tbhiv_num,COUNTRY,PAN,AMR,Americas,YEAR,2016,,,,,,,,,380 [280-490],380,280,490,,2025-11-11T16:20:50Z,2016,2016-01-01,2016-12-31
9388682,TB_e_inc_tbhiv_num,COUNTRY,BRN,WPR,Western Pacific,YEAR,2002,,,,,,,,,1 [0-3],1,0,3,,2025-11-11T16:20:50Z,2002,2002-01-01,2002-12-31
9390610,TB_e_inc_tbhiv_num,COUNTRY,EGY,EMR,Eastern Mediterranean,YEAR,2013,,,,,,,,,76 [33-140],76,33,140,,2025-11-11T16:20:50Z,2013,2013-01-01,2013-12-31
9391063,TB_e_inc_tbhiv_num,COUNTRY,LKA,SEAR,South-East Asia,YEAR,2000,,,,,,,,,150 [51-310],150,51,310,,2025-11-11T16:20:50Z,2000,2000-01-01,2000-12-31
9392611,TB_e_inc_tbhiv_num,COUNTRY,HND,AMR,Americas,YEAR,2009,,,,,,,,,490 [190-930],490,190,930,,2025-11-11T16:20:50Z,2009,2009-01-01,2009-12-31
9392884,TB_e_inc_tbhiv_num,COUNTRY,BHR,EMR,Eastern Mediterranean,YEAR,2002,,,,,,,,,9 [3-17],9,3,17,,2025-11-11T16:20:50Z,2002,2002-01-01,2002-12-31
9395526,TB_e_inc_tbhiv_num,COUNTRY,DNK,EUR,Europe,YEAR,2015,,,,,,,,,10 [3-20],10,3,20,,2025-11-11T16:20:50Z,2015,2015-01-01,2015-12-31
9399288,TB_e_inc_tbhiv_num,COUNTRY,AUS,WPR,Western Pacific,YEAR,2005,,,,,,,,,63 [23-120],63,23,120,,2025-11-11T16:20:50Z,2005,2005-01-01,2005-12-31
9402982,TB_e_inc_tbhiv_num,COUNTRY,VNM,WPR,Western Pacific,YEAR,2003,,,,,,,,,12 000 [2400-28 000],12000,2400,28000,,2025-11-11T16:20:50Z,2003,2003-01-01,2003-12-31
9403755,TB_e_inc_tbhiv_num,COUNTRY,PHL,WPR,Western Pacific,YEAR,2009,,,,,,,,,3900 [1800-6700],3900,1800,6700,,2025-11-11T16:20:50Z,2009,2009-01-01,2009-12-31
9407911,TB_e_inc_tbhiv_num,COUNTRY,UGA,AFR,Africa,YEAR,2005,,,,,,,,,33 000 [16 000-56 000],33000,16000,56000,,2025-11-11T16:20:50Z,2005,2005-01-01,2005-12-31
9410300,TB_e_inc_tbhiv_num,COUNTRY,MAR,EMR,Eastern Mediterranean,YEAR,2009,,,,,,,,,120 [89-160],120,89,160,,2025-11-11T16:20:50Z,2009,2009-01-01,2009-12-31
9410588,TB_e_inc_tbhiv_num,COUNTRY,NOR,EUR,Europe,YEAR,2000,,,,,,,,,15 [6-29],15,6,29,,2025-11-11T16:20:50Z,2000,2000-01-01,2000-12-31
9411560,TB_e_inc_tbhiv_num,COUNTRY,MDG,AFR,Africa,YEAR,2014,,,,,,,,,1300 [980-1600],1300,980,1600,,2025-11-11T16:20:50Z,2014,2014-01-01,2014-12-31
9411612,TB_e_inc_tbhiv_num,COUNTRY,IND,SEAR,South-East Asia,YEAR,2018,,,,,,,,,100 000 [79 000-124 000],100000,79000,124000,,2025-11-11T16:20:50Z,2018,2018-01-01,2018-12-31
9416637,TB_e_inc_tbhiv_num,COUNTRY,SRB,EUR,Europe,YEAR,2018,,,,,,,,,6 [3-9],6,3,9,,2025-11-11T16:20:50Z,2018,2018-01-01,2018-12-31
9416955,TB_e_inc_tbhiv_num,COUNTRY,BEL,EUR,Europe,YEAR,2010,,,,,,,,,82 [59-110],82,59,110,,2025-11-11T16:20:50Z,2010,2010-01-01,2010-12-31
9418297,TB_e_inc_tbhiv_num,COUNTRY,KAZ,EUR,Europe,YEAR,2020,,,,,,,,,780 [580-1000],780,580,1000,,2025-11-11T16:20:50Z,2020,2020-01-01,2020-12-31
9418890,TB_e_inc_tbhiv_num,WORLDBANKINCOMEGROUP,WB_LMI,,,YEAR,2007,,,,,,,,,832 000 [583 000-1 120 000],832000,583000,1120000,,2025-11-11T16:20:50Z,2007,2007-01-01,2007-12-31
9421067,TB_e_inc_tbhiv_num,COUNTRY,IDN,WPR,Western Pacific,YEAR,2015,,,,,,,,,24 000 [11 000-43 000],24000,11000,43000,,2025-11-11T16:20:50Z,2015,2015-01-01,2015-12-31
9421071,TB_e_inc_tbhiv_num,COUNTRY,CHL,AMR,Americas,YEAR,2023,,,,,,,,,360 [260-460],360,260,460,,2025-11-11T16:20:50Z,2023,2023-01-01,2023-12-31
9423906,TB_e_inc_tbhiv_num,COUNTRY,SRB,EUR,Europe,YEAR,2011,,,,,,,,,10 [8-13],10,8,13,,2025-11-11T16:20:50Z,2011,2011-01-01,2011-12-31
9425184,TB_e_inc_tbhiv_num,COUNTRY,HUN,EUR,Europe,YEAR,2004,,,,,,,,,31 [17-51],31,17,51,,2025-11-11T16:20:50Z,2004,2004-01-01,2004-12-31
9426595,TB_e_inc_tbhiv_num,COUNTRY,BDI,AFR,Africa,YEAR,2011,,,,,,,,,3100 [2200-4100],3100,2200,4100,,2025-11-11T16:20:50Z,2011,2011-01-01,2011-12-31
9427437,TB_e_inc_tbhiv_num,COUNTRY,ZAF,AFR,Africa,YEAR,2022,,,,,,,,,159 000 [97 000-235 000],159000,97000,235000,,2025-11-11T16:20:50Z,2022,2022-01-01,2022-12-31
9429152,TB_e_inc_tbhiv_num,WORLDBANKINCOMEGROUP,WB_UMI,,,YEAR,2011,,,,,,,,,531 000 [326 000-785 000],531000,326000,785000,,2025-11-11T16:20:50Z,2011,2011-01-01,2011-12-31
9429368,TB_e_inc_tbhiv_num,COUNTRY,BGR,EUR,Europe,YEAR,2022,,,,,,,,,9 [3-19],9,3,19,,2025-11-11T16:20:50Z,2022,2022-01-01,2022-12-31
9430949,TB_e_inc_tbhiv_num,COUNTRY,EST,EUR,Europe,YEAR,2008,,,,,,,,,62 [43-85],62,43,85,,2025-11-11T16:20:50Z,2008,2008-01-01,2008-12-31
9436493,TB_e_inc_tbhiv_num,COUNTRY,IDN,WPR,Western Pacific,YEAR,2006,,,,,,,,,16 000 [6900-29 000],16000,6900,29000,,2025-11-11T16:20:50Z,2006,2006-01-01,2006-12-31
9438609,TB_e_inc_tbhiv_num,COUNTRY,KIR,WPR,Western Pacific,YEAR,2015,,,,,,,,,0 [0-0],0,0,0,,2025-11-11T16:20:50Z,2015,2015-01-01,2015-12-31
9441516,TB_e_inc_tbhiv_num,COUNTRY,TKM,EUR,Europe,YEAR,2020,,,,,,,,,570 [310-900],570,310,900,,2025-11-11T16:20:50Z,2020,2020-01-01,2020-12-31
9443132,TB_e_inc_tbhiv_num,COUNTRY,LBR,AFR,Africa,YEAR,2017,,,,,,,,,2000 [1600-2500],2000,1600,2500,,2025-11-11T16:20:50Z,2017,2017-01-01,2017-12-31
9444654,TB_e_inc_tbhiv_num,COUNTRY,KHM,WPR,Western Pacific,YEAR,2007,,,,,,,,,6200 [4100-8700],6200,4100,8700,,2025-11-11T16:20:50Z,2007,2007-01-01,2007-12-31
9445939,TB_e_inc_tbhiv_num,WORLDBANKINCOMEGROUP,WB_LI,,,YEAR,2017,,,,,,,,,160 000 [124 000-200 000],160000,124000,200000,,2025-11-11T16:20:50Z,2017,2017-01-01,2017-12-31
9448904,TB_e_inc_tbhiv_num,COUNTRY,KWT,EMR,Eastern Mediterranean,YEAR,2018,,,,,,,,,4 [1-8],4,1,8,,2025-11-11T16:20:50Z,2018,2018-01-01,2018-12-31
9450360,TB_e_inc_tbhiv_num,COUNTRY,CAF,AFR,Africa,YEAR,2011,,,,,,,,,11 000 [4100-22 000],11000,4100,22000,,2025-11-11T16:20:50Z,2011,2011-01-01,2011-12-31
9456851,TB_e_inc_tbhiv_num,COUNTRY,ZMB,AFR,Africa,YEAR,2002,,,,,,,,,54 000 [24 000-94 000],54000,24000,94000,,2025-11-11T16:20:50Z,2002,2002-01-01,2002-12-31
9461492,TB_e_inc_tbhiv_num,REGION,AFR,,,YEAR,2012,,,,,,,,,1 100 000 [826 000-1 410 000],1100000,826000,1410000,,2025-11-11T16:20:50Z,2012,2012-01-01,2012-12-31
9464148,TB_e_inc_tbhiv_num,COUNTRY,SLE,AFR,Africa,YEAR,2001,,,,,,,,,7600 [2300-16 000],7600,2300,16000,,2025-11-11T16:20:50Z,2001,2001-01-01,2001-12-31
9472350,TB_e_inc_tbhiv_num,COUNTRY,SOM,EMR,Eastern Mediterranean,YEAR,2024,,,,,,,,,220 [160-300],220,160,300,,2025-11-11T16:20:50Z,2024,2024-01-01,2024-12-31
9474935,TB_e_inc_tbhiv_num,COUNTRY,AFG,EMR,Eastern Mediterranean,YEAR,2011,,,,,,,,,15 [1-46],15,1,46,,2025-11-11T16:20:50Z,2011,2011-01-01,2011-12-31
9479634,TB_e_inc_tbhiv_num,COUNTRY,IND,SEAR,South-East Asia,YEAR,2003,,,,,,,,,303 000 [53 000-766 000],303000,53000,766000,,2025-11-11T16:20:50Z,2003,2003-01-01,2003-12-31
9481646,TB_e_inc_tbhiv_num,COUNTRY,SDN,EMR,Eastern Mediterranean,YEAR,2012,,,,,,,,,1300 [250-3200],1300,250,3200,,2025-11-11T16:20:50Z,2012,2012-01-01,2012-12-31
9481734,TB_e_inc_tbhiv_num,COUNTRY,JOR,EMR,Eastern Mediterranean,YEAR,2020,,,,,,,,,0 [0-0],0,0,0,,2025-11-11T16:20:50Z,2020,2020-01-01,2020-12-31
9485282,TB_e_inc_tbhiv_num,COUNTRY,MAR,EMR,Eastern Mediterranean,YEAR,2015,,,,,,,,,510 [180-1000],510,180,1000,,2025-11-11T16:20:50Z,2015,2015-01-01,2015-12-31
9486801,TB_e_inc_tbhiv_num,COUNTRY,IDN,WPR,Western Pacific,YEAR,2019,,,,,,,,,19 000 [8500-35 000],19000,8500,35000,,2025-11-11T16:20:50Z,2019,2019-01-01,2019-12-31
9488755,TB_e_inc_tbhiv_num,COUNTRY,CRI,AMR,Americas,YEAR,2011,,,,,,,,,50 [32-70],50,32,70,,2025-11-11T16:20:50Z,2011,2011-01-01,2011-12-31
9502428,TB_e_inc_tbhiv_num,REGION,WPR,,,YEAR,2004,,,,,,,,,60 000 [40 000-86 000],60000,40000,86000,,2025-11-11T16:20:50Z,2004,2004-01-01,2004-12-31
9503618,TB_e_inc_tbhiv_num,COUNTRY,PRY,AMR,Americas,YEAR,2008,,,,,,,,,280 [96-550],280,96,550,,2025-11-11T16:20:50Z,2008,2008-01-01,2008-12-31
9506065,TB_e_inc_tbhiv_num,COUNTRY,TZA,AFR,Africa,YEAR,2001,,,,,,,,,99 000 [17 000-252 000],99000,17000,252000,,2025-11-11T16:20:50Z,2001,2001-01-01,2001-12-31
9506870,TB_e_inc_tbhiv_num,COUNTRY,VNM,WPR,Western Pacific,YEAR,2005,,,,,,,,,12 000 [2900-29 000],12000,2900,29000,,2025-11-11T16:20:50Z,2005,2005-01-01,2005-12-31
9512066,TB_e_inc_tbhiv_num,COUNTRY,LBN,EMR,Eastern Mediterranean,YEAR,2006,,,,,,,,,4 [1-8],4,1,8,,2025-11-11T16:20:50Z,2006,2006-01-01,2006-12-31
9515591,TB_e_inc_tbhiv_num,COUNTRY,CRI,AMR,Americas,YEAR,2023,,,,,,,,,56 [38-76],56,38,76,,2025-11-11T16:20:50Z,2023,2023-01-01,2023-12-31
9515945,TB_e_inc_tbhiv_num,COUNTRY,MUS,AFR,Africa,YEAR,2020,,,,,,,,,28 [16-43],28,16,43,,2025-11-11T16:20:50Z,2020,2020-01-01,2020-12-31
9517785,TB_e_inc_tbhiv_num,COUNTRY,GNQ,AFR,Africa,YEAR,2021,,,,,,,,,1500 [630-2700],1500,630,2700,,2025-11-11T16:20:50Z,2021,2021-01-01,2021-12-31
9520812,TB_e_inc_tbhiv_num,COUNTRY,GAB,AFR,Africa,YEAR,2003,,,,,,,,,2200 [1300-3400],2200,1300,3400,,2025-11-11T16:20:50Z,2003,2003-01-01,2003-12-31
9521366,TB_e_inc_tbhiv_num,COUNTRY,LBR,AFR,Africa,YEAR,2009,,,,,,,,,3200 [1500-5500],3200,1500,5500,,2025-11-11T16:20:50Z,2009,2009-01-01,2009-12-31
9524754,TB_e_inc_tbhiv_num,COUNTRY,IRN,EMR,Eastern Mediterranean,YEAR,2005,,,,,,,,,500 [160-1100],500,160,1100,,2025-11-11T16:20:50Z,2005,2005-01-01,2005-12-31
9526913,TB_e_inc_tbhiv_num,COUNTRY,BGD,SEAR,South-East Asia,YEAR,2013,,,,,,,,,670 [340-1100],670,340,1100,,2025-11-11T16:20:50Z,2013,2013-01-01,2013-12-31
9529966,TB_e_inc_tbhiv_num,COUNTRY,ARM,EUR,Europe,YEAR,2021,,,,,,,,,81 [55-110],81,55,110,,2025-11-11T16:20:50Z,2021,2021-01-01,2021-12-31
9530330,TB_e_inc_tbhiv_num,COUNTRY,BGR,EUR,Europe,YEAR,2018,,,,,,,,,0 [0-0],0,0,0,,2025-11-11T16:20:50Z,2018,2018-01-01,2018-12-31
9530463,TB_e_inc_tbhiv_num,COUNTRY,HKG,,,YEAR,2023,,,,,,,,,39 [23-58],39,23,58,,2025-11-11T16:20:50Z,2023,2023-01-01,2023-12-31
9532493,TB_e_inc_tbhiv_num,COUNTRY,TJK,EUR,Europe,YEAR,2014,,,,,,,,,290 [220-370],290,220,370,,2025-11-11T16:20:50Z,2014,2014-01-01,2014-12-31
9533352,TB_e_inc_tbhiv_num,COUNTRY,BHR,EMR,Eastern Mediterranean,YEAR,2008,,,,,,,,,16 [7-29],16,7,29,,2025-11-11T16:20:50Z,2008,2008-01-01,2008-12-31
9533409,TB_e_inc_tbhiv_num,COUNTRY,HTI,AMR,Americas,YEAR,2012,,,,,,,,,7500 [5500-9800],7500,5500,9800,,2025-11-11T16:20:50Z,2012,2012-01-01,2012-12-31
9537690,TB_e_inc_tbhiv_num,REGION,AFR,,,YEAR,2016,,,,,,,,,804 000 [654 000-969 000],804000,654000,969000,,2025-11-11T16:20:50Z,2016,2016-01-01,2016-12-31
9538517,TB_e_inc_tbhiv_num,COUNTRY,MYS,WPR,Western Pacific,YEAR,2023,,,,,,,,,1400 [1000-1800],1400,1000,1800,,2025-11-11T16:20:50Z,2023,2023-01-01,2023-12-31
9538818,TB_e_inc_tbhiv_num,COUNTRY,COD,AFR,Africa,YEAR,2016,,,,,,,,,49 000 [13 000-108 000],49000,13000,108000,,2025-11-11T16:20:50Z,2016,2016-01-01,2016-12-31
9539200,TB_e_inc_tbhiv_num,COUNTRY,MEX,AMR,Americas,YEAR,2014,,,,,,,,,2100 [1600-2700],2100,1600,2700,,2025-11-11T16:20:50Z,2014,2014-01-01,2014-12-31
9540297,TB_e_inc_tbhiv_num,WORLDBANKINCOMEGROUP,WB_LI,,,YEAR,2009,,,,,,,,,242 000 [162 000-337 000],242000,162000,337000,,2025-11-11T16:20:50Z,2009,2009-01-01,2009-12-31
9540934,TB_e_inc_tbhiv_num,COUNTRY,DZA,AFR,Africa,YEAR,2017,,,,,,,,,250 [140-390],250,140,390,,2025-11-11T16:20:50Z,2017,2017-01-01,2017-12-31
9541081,TB_e_inc_tbhiv_num,COUNTRY,FRA,EUR,Europe,YEAR,2015,,,,,,,,,330 [260-400],330,260,400,,2025-11-11T16:20:50Z,2015,2015-01-01,2015-12-31
9542241,TB_e_inc_tbhiv_num,COUNTRY,SOM,EMR,Eastern Mediterranean,YEAR,2018,,,,,,,,,330 [250-430],330,250,430,,2025-11-11T16:20:50Z,2018,2018-01-01,2018-12-31
9548079,TB_e_inc_tbhiv_num,COUNTRY,VEN,AMR,Americas,YEAR,2021,,,,,,,,,1000 [400-2000],1000,400,2000,,2025-11-11T16:20:50Z,2021,2021-01-01,2021-12-31
9549559,TB_e_inc_tbhiv_num,COUNTRY,STP,AFR,Africa,YEAR,2014,,,,,,,,,57 [36-82],57,36,82,,2025-11-11T16:20:50Z,2014,2014-01-01,2014-12-31
9551251,TB_e_inc_tbhiv_num,COUNTRY,TJK,EUR,Europe,YEAR,2011,,,,,,,,,230 [170-300],230,170,300,,2025-11-11T16:20:50Z,2011,2011-01-01,2011-12-31
9559857,TB_e_inc_tbhiv_num,COUNTRY,IRL,EUR,Europe,YEAR,2024,,,,,,,,,12 [6-19],12,6,19,,2025-11-11T16:20:50Z,2024,2024-01-01,2024-12-31
9561606,TB_e_inc_tbhiv_num,COUNTRY,BHR,EMR,Eastern Mediterranean,YEAR,2015,,,,,,,,,1 [1-3],1,1,3,,2025-11-11T16:20:50Z,2015,2015-01-01,2015-12-31
9562195,TB_e_inc_tbhiv_num,COUNTRY,ROU,EUR,Europe,YEAR,2001,,,,,,,,,670 [220-1400],670,220,1400,,2025-11-11T16:20:50Z,2001,2001-01-01,2001-12-31
9563027,TB_e_inc_tbhiv_num,COUNTRY,NAM,AFR,Africa,YEAR,2006,,,,,,,,,17 000 [6200-34 000],17000,6200,34000,,2025-11-11T16:20:50Z,2006,2006-01-01,2006-12-31
9563202,TB_e_inc_tbhiv_num,COUNTRY,SUR,AMR,Americas,YEAR,2016,,,,,,,,,38 [24-54],38,24,54,,2025-11-11T16:20:50Z,2016,2016-01-01,2016-12-31
9564092,TB_e_inc_tbhiv_num,COUNTRY,TUN,EMR,Eastern Mediterranean,YEAR,2006,,,,,,,,,25 [9-50],25,9,50,,2025-11-11T16:20:50Z,2006,2006-01-01,2006-12-31
9566230,TB_e_inc_tbhiv_num,COUNTRY,TZA,AFR,Africa,YEAR,2014,,,,,,,,,57 000 [18 000-118 000],57000,18000,118000,,2025-11-11T16:20:50Z,2014,2014-01-01,2014-12-31
9566610,TB_e_inc_tbhiv_num,COUNTRY,CUB,AMR,Americas,YEAR,2013,,,,,,,,,82 [58-110],82,58,110,,2025-11-11T16:20:50Z,2013,2013-01-01,2013-12-31
9571579,TB_e_inc_tbhiv_num,COUNTRY,KWT,EMR,Eastern Mediterranean,YEAR,2005,,,,,,,,,4 [0-11],4,0,11,,2025-11-11T16:20:50Z,2005,2005-01-01,2005-12-31
9572019,TB_e_inc_tbhiv_num,REGION,AMR,,,YEAR,2013,,,,,,,,,36 000 [32 000-41 000],36000,32000,41000,,2025-11-11T16:20:50Z,2013,2013-01-01,2013-12-31
9574108,TB_e_inc_tbhiv_num,COUNTRY,SWE,EUR,Europe,YEAR,2006,,,,,,,,,15 [8-24],15,8,24,,2025-11-11T16:20:50Z,2006,2006-01-01,2006-12-31
9575398,TB_e_inc_tbhiv_num,COUNTRY,AFG,EMR,Eastern Mediterranean,YEAR,2019,,,,,,,,,22 [1-84],22,1,84,,2025-11-11T16:20:50Z,2019,2019-01-01,2019-12-31
9579111,TB_e_inc_tbhiv_num,COUNTRY,TUN,EMR,Eastern Mediterranean,YEAR,2012,,,,,,,,,47 [17-93],47,17,93,,2025-11-11T16:20:50Z,2012,2012-01-01,2012-12-31
9579416,TB_e_inc_tbhiv_num,COUNTRY,IDN,WPR,Western Pacific,YEAR,2022,,,,,,,,,24 000 [10 000-43 000],24000,10000,43000,,2025-11-11T16:20:50Z,2022,2022-01-01,2022-12-31
9580267,TB_e_inc_tbhiv_num,COUNTRY,ECU,AMR,Americas,YEAR,2016,,,,,,,,,940 [700-1200],940,700,1200,,2025-11-11T16:20:50Z,2016,2016-01-01,2016-12-31
9580904,TB_e_inc_tbhiv_num,COUNTRY,BGR,EUR,Europe,YEAR,2012,,,,,,,,,6 [1-15],6,1,15,,2025-11-11T16:20:50Z,2012,2012-01-01,2012-12-31
9584535,TB_e_inc_tbhiv_num,COUNTRY,CAN,AMR,Americas,YEAR,2020,,,,,,,,,55 [38-75],55,38,75,,2025-11-11T16:20:50Z,2020,2020-01-01,2020-12-31
9587182,TB_e_inc_tbhiv_num,COUNTRY,GHA,AFR,Africa,YEAR,2005,,,,,,,,,13 000 [2900-29 000],13000,2900,29000,,2025-11-11T16:20:50Z,2005,2005-01-01,2005-12-31
9587439,TB_e_inc_tbhiv_num,COUNTRY,THA,SEAR,South-East Asia,YEAR,2009,,,,,,,,,22 000 [10 000-38 000],22000,10000,38000,,2025-11-11T16:20:50Z,2009,2009-01-01,2009-12-31
9588204,TB_e_inc_tbhiv_num,WORLDBANKINCOMEGROUP,WB_HI,,,YEAR,2021,,,,,,,,,21 000 [14 000-30 000],21000,14000,30000,,2025-11-11T16:20:50Z,2021,2021-01-01,2021-12-31
9591019,TB_e_inc_tbhiv_num,COUNTRY,MEX,AMR,Americas,YEAR,2003,,,,,,,,,1700 [610-3200],1700,610,3200,,2025-11-11T16:20:50Z,2003,2003-01-01,2003-12-31
9591378,TB_e_inc_tbhiv_num,COUNTRY,CHN,WPR,Western Pacific,YEAR,2003,,,,,,,,,19 000 [5700-40 000],19000,5700,40000,,2025-11-11T16:20:50Z,2003,2003-01-01,2003-12-31
9593670,TB_e_inc_tbhiv_num,COUNTRY,SLE,AFR,Africa,YEAR,2015,,,,,,,,,4300 [1900-7700],4300,1900,7700,,2025-11-11T16:20:50Z,2015,2015-01-01,2015-12-31
9593793,TB_e_inc_tbhiv_num,COUNTRY,AFG,EMR,Eastern Mediterranean,YEAR,2005,,,,,,,,,9 [1-28],9,1,28,,2025-11-11T16:20:50Z,2005,2005-01-01,2005-12-31
9600912,TB_e_inc_tbhiv_num,COUNTRY,NAM,AFR,Africa,YEAR,2012,,,,,,,,,7800 [4300-12 000],7800,4300,12000,,2025-11-11T16:20:50Z,2012,2012-01-01,2012-12-31
9601164,TB_e_inc_tbhiv_num,COUNTRY,ARG,AMR,Americas,YEAR,2000,,,,,,,,,1400 [780-2200],1400,780,2200,,2025-11-11T16:20:50Z,2000,2000-01-01,2000-12-31
9607148,TB_e_inc_tbhiv_num,COUNTRY,IND,SEAR,South-East Asia,YEAR,2006,,,,,,,,,272 000 [50 000-681 000],272000,50000,681000,,2025-11-11T16:20:50Z,2006,2006-01-01,2006-12-31
9607994,TB_e_inc_tbhiv_num,COUNTRY,CYP,EUR,Europe,YEAR,2013,,,,,,,,,2 [1-3],2,1,3,,2025-11-11T16:20:50Z,2013,2013-01-01,2013-12-31
9609796,TB_e_inc_tbhiv_num,COUNTRY,TLS,SEAR,South-East Asia,YEAR,2020,,,,,,,,,74 [53-98],74,53,98,,2025-11-11T16:20:50Z,2020,2020-01-01,2020-12-31
9609901,TB_e_inc_tbhiv_num,COUNTRY,MUS,AFR,Africa,YEAR,2023,,,,,,,,,26 [15-41],26,15,41,,2025-11-11T16:20:50Z,2023,2023-01-01,2023-12-31
9613954,TB_e_inc_tbhiv_num,COUNTRY,TUN,EMR,Eastern Mediterranean,YEAR,2013,,,,,,,,,43 [15-85],43,15,85,,2025-11-11T16:20:50Z,2013,2013-01-01,2013-12-31
9614921,TB_e_inc_tbhiv_num,WORLDBANKINCOMEGROUP,WB_HI,,,YEAR,2004,,,,,,,,,17 000 [12 000-22 000],17000,12000,22000,,2025-11-11T16:20:50Z,2004,2004-01-01,2004-12-31
9615476,TB_e_inc_tbhiv_num,COUNTRY,UZB,EUR,Europe,YEAR,2018,,,,,,,,,1000 [750-1300],1000,750,1300,,2025-11-11T16:20:50Z,2018,2018-01-01,2018-12-31
9618425,TB_e_inc_tbhiv_num,COUNTRY,LTU,EUR,Europe,YEAR,2012,,,,,,,,,64 [42-91],64,42,91,,2025-11-11T16:20:50Z,2012,2012-01-01,2012-12-31
9620545,TB_e_inc_tbhiv_num,COUNTRY,CHL,AMR,Americas,YEAR,2003,,,,,,,,,400 [160-750],400,160,750,,2025-11-11T16:20:50Z,2003,2003-01-01,2003-12-31
9623239,TB_e_inc_tbhiv_num,COUNTRY,LAO,WPR,Western Pacific,YEAR,2021,,,,,,,,,620 [370-930],620,370,930,,2025-11-11T16:20:50Z,2021,2021-01-01,2021-12-31
9623695,TB_e_inc_tbhiv_num,COUNTRY,CUB,AMR,Americas,YEAR,2003,,,,,,,,,0 [0-0],0,0,0,,2025-11-11T16:20:50Z,2003,2003-01-01,2003-12-31
9623784,TB_e_inc_tbhiv_num,COUNTRY,TJK,EUR,Europe,YEAR,2002,,,,,,,,,0 [0-0],0,0,0,,2025-11-11T16:20:50Z,2002,2002-01-01,2002-12-31
9627875,TB_e_inc_tbhiv_num,COUNTRY,DZA,AFR,Africa,YEAR,2005,,,,,,,,,130 [69-200],130,69,200,,2025-11-11T16:20:50Z,2005,2005-01-01,2005-12-31
9632583,TB_e_inc_tbhiv_num,COUNTRY,NGA,AFR,Africa,YEAR,2010,,,,,,,,,90 000 [55 000-133 000],90000,55000,133000,,2025-11-11T16:20:50Z,2010,2010-01-01,2010-12-31
9633038,TB_e_inc_tbhiv_num,COUNTRY,ESP,EUR,Europe,YEAR,2007,,,,,,,,,950 [370-1800],950,370,1800,,2025-11-11T16:20:50Z,2007,2007-01-01,2007-12-31
9633418,TB_e_inc_tbhiv_num,COUNTRY,CHL,AMR,Americas,YEAR,2006,,,,,,,,,280 [110-530],280,110,530,,2025-11-11T16:20:50Z,2006,2006-01-01,2006-12-31
9634490,TB_e_inc_tbhiv_num,COUNTRY,KEN,AFR,Africa,YEAR,2021,,,,,,,,,32 000 [18 000-47 000],32000,18000,47000,,2025-11-11T16:20:50Z,2021,2021-01-01,2021-12-31
9640458,TB_e_inc_tbhiv_num,COUNTRY,CUB,AMR,Americas,YEAR,2008,,,,,,,,,120 [86-150],120,86,150,,2025-11-11T16:20:50Z,2008,2008-01-01,2008-12-31
9643516,TB_e_inc_tbhiv_num,COUNTRY,CAF,AFR,Africa,YEAR,2024,,,,,,,,,5100 [2300-8900],5100,2300,8900,,2025-11-11T16:20:50Z,2024,2024-01-01,2024-12-31
9645865,TB_e_inc_tbhiv_num,WORLDBANKINCOMEGROUP,WB_LI,,,YEAR,2016,,,,,,,,,180 000 [128 000-242 000],180000,128000,242000,,2025-11-11T16:20:50Z,2016,2016-01-01,2016-12-31
9651847,TB_e_inc_tbhiv_num,COUNTRY,HUN,EUR,Europe,YEAR,2016,,,,,,,,,9 [5-15],9,5,15,,2025-11-11T16:20:50Z,2016,2016-01-01,2016-12-31
9653286,TB_e_inc_tbhiv_num,REGION,SEAR,,,YEAR,2022,,,,,,,,,74 000 [61 000-89 000],74000,61000,89000,,2025-11-11T16:20:50Z,2022,2022-01-01,2022-12-31
9655911,TB_e_inc_tbhiv_num,COUNTRY,GBR,EUR,Europe,YEAR,2021,,,,,,,,,180 [69-360],180,69,360,,2025-11-11T16:20:50Z,2021,2021-01-01,2021-12-31
9657087,TB_e_inc_tbhiv_num,COUNTRY,HND,AMR,Americas,YEAR,2011,,,,,,,,,600 [450-780],600,450,780,,2025-11-11T16:20:50Z,2011,2011-01-01,2011-12-31
9662527,TB_e_inc_tbhiv_num,COUNTRY,SYR,EMR,Eastern Mediterranean,YEAR,2002,,,,,,,,,5 [2-8],5,2,8,,2025-11-11T16:20:50Z,2002,2002-01-01,2002-12-31
9663546,TB_e_inc_tbhiv_num,COUNTRY,GRC,EUR,Europe,YEAR,2000,,,,,,,,,59 [32-93],59,32,93,,2025-11-11T16:20:50Z,2000,2000-01-01,2000-12-31
9667318,TB_e_inc_tbhiv_num,COUNTRY,MDV,SEAR,South-East Asia,YEAR,2015,,,,,,,,,0 [0-0],0,0,0,,2025-11-11T16:20:50Z,2015,2015-01-01,2015-12-31
9671379,TB_e_inc_tbhiv_num,COUNTRY,BGD,SEAR,South-East Asia,YEAR,2007,,,,,,,,,420 [210-700],420,210,700,,2025-11-11T16:20:50Z,2007,2007-01-01,2007-12-31
9677753,TB_e_inc_tbhiv_num,COUNTRY,JPN,WPR,Western Pacific,YEAR,2003,,,,,,,,,450 [160-890],450,160,890,,2025-11-11T16:20:50Z,2003,2003-01-01,2003-12-31
9681607,TB_e_inc_tbhiv_num,COUNTRY,GTM,AMR,Americas,YEAR,2021,,,,,,,,,310 [230-400],310,230,400,,2025-11-11T16:20:50Z,2021,2021-01-01,2021-12-31
9683383,TB_e_inc_tbhiv_num,COUNTRY,SVN,EUR,Europe,YEAR,2014,,,,,,,,,0 [0-0],0,0,0,,2025-11-11T16:20:50Z,2014,2014-01-01,2014-12-31
9683521,TB_e_inc_tbhiv_num,COUNTRY,VUT,WPR,Western Pacific,YEAR,2008,,,,,,,,,120 [82-150],120,82,150,,2025-11-11T16:20:50Z,2008,2008-01-01,2008-12-31
9685377,TB_e_inc_tbhiv_num,COUNTRY,GTM,AMR,Americas,YEAR,2024,,,,,,,,,490 [360-630],490,360,630,,2025-11-11T16:20:50Z,2024,2024-01-01,2024-12-31
9686017,TB_e_inc_tbhiv_num,COUNTRY,LBR,AFR,Africa,YEAR,2019,,,,,,,,,1800 [1400-2200],1800,1400,2200,,2025-11-11T16:20:50Z,2019,2019-01-01,2019-12-31
9686829,TB_e_inc_tbhiv_num,COUNTRY,LUX,EUR,Europe,YEAR,2014,,,,,,,,,1 [1-2],1,1,2,,2025-11-11T16:20:50Z,2014,2014-01-01,2014-12-31
9689953,TB_e_inc_tbhiv_num,COUNTRY,HTI,AMR,Americas,YEAR,2007,,,,,,,,,11 000 [7800-14 000],11000,7800,14000,,2025-11-11T16:20:50Z,2007,2007-01-01,2007-12-31
9694839,TB_e_inc_tbhiv_num,COUNTRY,SVK,EUR,Europe,YEAR,2022,,,,,,,,,5 [1-13],5,1,13,,2025-11-11T16:20:50Z,2022,2022-01-01,2022-12-31
9698597,TB_e_inc_tbhiv_num,COUNTRY,ZAF,AFR,Africa,YEAR,2014,,,,,,,,,362 000 [176 000-613 000],362000,176000,613000,,2025-11-11T16:20:50Z,2014,2014-01-01,2014-12-31
9701777,TB_e_inc_tbhiv_num,COUNTRY,NGA,AFR,Africa,YEAR,2022,,,,,,,,,28 000 [17 000-41 000],28000,17000,41000,,2025-11-11T16:20:50Z,2022,2022-01-01,2022-12-31
9704478,TB_e_inc_tbhiv_num,COUNTRY,IDN,WPR,Western Pacific,YEAR,2007,,,,,,,,,19 000 [8100-33 000],19000,8100,33000,,2025-11-11T16:20:50Z,2007,2007-01-01,2007-12-31
9707943,TB_e_inc_tbhiv_num,COUNTRY,KGZ,EUR,Europe,YEAR,2012,,,,,,,,,230 [170-300],230,170,300,,2025-11-11T16:20:50Z,2012,2012-01-01,2012-12-31
9713732,TB_e_inc_tbhiv_num,COUNTRY,COM,AFR,Africa,YEAR,2011,,,,,,,,,1 [0-4],1,0,4,,2025-11-11T16:20:50Z,2011,2011-01-01,2011-12-31
9717281,TB_e_inc_tbhiv_num,COUNTRY,EST,EUR,Europe,YEAR,2000,,,,,,,,,77 [26-150],77,26,150,,2025-11-11T16:20:50Z,2000,2000-01-01,2000-12-31
9718046,TB_e_inc_tbhiv_num,COUNTRY,COL,AMR,Americas,YEAR,2014,,,,,,,,,2100 [1600-2800],2100,1600,2800,,2025-11-11T16:20:50Z,2014,2014-01-01,2014-12-31
9718777,TB_e_inc_tbhiv_num,COUNTRY,IRQ,EMR,Eastern Mediterranean,YEAR,2017,,,,,,,,,5 [2-10],5,2,10,,2025-11-11T16:20:50Z,2017,2017-01-01,2017-12-31
9720896,TB_e_inc_tbhiv_num,COUNTRY,ISR,EUR,Europe,YEAR,2001,,,,,,,,,45 [28-65],45,28,65,,2025-11-11T16:20:50Z,2001,2001-01-01,2001-12-31
9721045,TB_e_inc_tbhiv_num,COUNTRY,NER,AFR,Africa,YEAR,2018,,,,,,,,,750 [450-1100],750,450,1100,,2025-11-11T16:20:50Z,2018,2018-01-01,2018-12-31
9722799,TB_e_inc_tbhiv_num,COUNTRY,TGO,AFR,Africa,YEAR,2009,,,,,,,,,1500 [940-2100],1500,940,2100,,2025-11-11T16:20:50Z,2009,2009-01-01,2009-12-31
9723329,TB_e_inc_tbhiv_num,COUNTRY,BRA,AMR,Americas,YEAR,2020,,,,,,,,,10 000 [7500-13 000],10000,7500,13000,,2025-11-11T16:20:50Z,2020,2020-01-01,2020-12-31
9727275,TB_e_inc_tbhiv_num,COUNTRY,ROU,EUR,Europe,YEAR,2008,,,,,,,,,1000 [750-1300],1000,750,1300,,2025-11-11T16:20:50Z,2008,2008-01-01,2008-12-31
9730781,TB_e_inc_tbhiv_num,COUNTRY,STP,AFR,Africa,YEAR,2003,,,,,,,,,9 [4-15],9,4,15,,2025-11-11T16:20:50Z,2003,2003-01-01,2003-12-31
9733681,TB_e_inc_tbhiv_num,COUNTRY,AUT,EUR,Europe,YEAR,2008,,,,,,,,,25 [14-40],25,14,40,,2025-11-11T16:20:50Z,2008,2008-01-01,2008-12-31
9734503,TB_e_inc_tbhiv_num,COUNTRY,EGY,EMR,Eastern Mediterranean,YEAR,2024,,,,,,,,,210 [150-270],210,150,270,,2025-11-11T16:20:50Z,2024,2024-01-01,2024-12-31
9737905,TB_e_inc_tbhiv_num,COUNTRY,SYR,EMR,Eastern Mediterranean,YEAR,2016,,,,,,,,,5 [3-8],5,3,8,,2025-11-11T16:20:50Z,2016,2016-01-01,2016-12-31
9738381,TB_e_inc_tbhiv_num,COUNTRY,TCD,AFR,Africa,YEAR,2023,,,,,,,,,2600 [1700-3600],2600,1700,3600,,2025-11-11T16:20:50Z,2023,2023-01-01,2023-12-31
9739377,TB_e_inc_tbhiv_num,COUNTRY,DJI,EMR,Eastern Mediterranean,YEAR,2002,,,,,,,,,5600 [2900-9200],5600,2900,9200,,2025-11-11T16:20:50Z,2002,2002-01-01,2002-12-31
9739782,TB_e_inc_tbhiv_num,COUNTRY,OMN,EMR,Eastern Mediterranean,YEAR,2008,,,,,,,,,13 [5-23],13,5,23,,2025-11-11T16:20:50Z,2008,2008-01-01,2008-12-31
9743075,TB_e_inc_tbhiv_num,COUNTRY,BRA,AMR,Americas,YEAR,2016,,,,,,,,,10 000 [7700-14 000],10000,7700,14000,,2025-11-11T16:20:50Z,2016,2016-01-01,2016-12-31
9743205,TB_e_inc_tbhiv_num,COUNTRY,PRY,AMR,Americas,YEAR,2018,,,,,,,,,310 [230-410],310,230,410,,2025-11-11T16:20:50Z,2018,2018-01-01,2018-12-31
9744643,TB_e_inc_tbhiv_num,COUNTRY,TTO,AMR,Americas,YEAR,2017,,,,,,,,,32 [19-47],32,19,47,,2025-11-11T16:20:50Z,2017,2017-01-01,2017-12-31
9745815,TB_e_inc_tbhiv_num,WORLDBANKINCOMEGROUP,WB_UMI,,,YEAR,2006,,,,,,,,,562 000 [231 000-1 040 000],562000,231000,1040000,,2025-11-11T16:20:50Z,2006,2006-01-01,2006-12-31
9748795,TB_e_inc_tbhiv_num,COUNTRY,RWA,AFR,Africa,YEAR,2007,,,,,,,,,4000 [2800-5300],4000,2800,5300,,2025-11-11T16:20:50Z,2007,2007-01-01,2007-12-31
9757599,TB_e_inc_tbhiv_num,COUNTRY,COM,AFR,Africa,YEAR,2004,,,,,,,,,0 [0-0],0,0,0,,2025-11-11T16:20:50Z,2004,2004-01-01,2004-12-31
9759353,TB_e_inc_tbhiv_num,COUNTRY,YEM,EMR,Eastern Mediterranean,YEAR,2001,,,,,,,,,100 [56-160],100,56,160,,2025-11-11T16:20:50Z,2001,2001-01-01,2001-12-31
9760981,TB_e_inc_tbhiv_num,COUNTRY,JPN,WPR,Western Pacific,YEAR,2011,,,,,,,,,160 [55-320],160,55,320,,2025-11-11T16:20:50Z,2011,2011-01-01,2011-12-31
9767707,TB_e_inc_tbhiv_num,COUNTRY,LSO,AFR,Africa,YEAR,2017,,,,,,,,,10 000 [5900-16 000],10000,5900,16000,,2025-11-11T16:20:50Z,2017,2017-01-01,2017-12-31
9770000,TB_e_inc_tbhiv_num,COUNTRY,PRI,AMR,Americas,YEAR,2007,,,,,,,,,35 [22-52],35,22,52,,2025-11-11T16:20:50Z,2007,2007-01-01,2007-12-31
9771460,TB_e_inc_tbhiv_num,REGION,AFR,,,YEAR,2023,,,,,,,,,458 000 [382 000-542 000],458000,382000,542000,,2025-11-11T16:20:50Z,2023,2023-01-01,2023-12-31
9772742,TB_e_inc_tbhiv_num,COUNTRY,DEU,EUR,Europe,YEAR,2004,,,,,,,,,360 [200-570],360,200,570,,2025-11-11T16:20:50Z,2004,2004-01-01,2004-12-31
9774624,TB_e_inc_tbhiv_num,COUNTRY,JOR,EMR,Eastern Mediterranean,YEAR,2017,,,,,,,,,0 [0-0],0,0,0,,2025-11-11T16:20:50Z,2017,2017-01-01,2017-12-31
9775420,TB_e_inc_tbhiv_num,COUNTRY,GAB,AFR,Africa,YEAR,2022,,,,,,,,,2800 [1400-4700],2800,1400,4700,,2025-11-11T16:20:50Z,2022,2022-01-01,2022-12-31
9776829,TB_e_inc_tbhiv_num,COUNTRY,URY,AMR,Americas,YEAR,2016,,,,,,,,,170 [130-220],170,130,220,,2025-11-11T16:20:50Z,2016,2016-01-01,2016-12-31
9780357,TB_e_inc_tbhiv_num,COUNTRY,PRY,AMR,Americas,YEAR,2000,,,,,,,,,420 [130-880],420,130,880,,2025-11-11T16:20:50Z,2000,2000-01-01,2000-12-31
9780804,TB_e_inc_tbhiv_num,COUNTRY,PHL,WPR,Western Pacific,YEAR,2011,,,,,,,,,4100 [1900-7100],4100,1900,7100,,2025-11-11T16:20:50Z,2011,2011-01-01,2011-12-31
9780906,TB_e_inc_tbhiv_num,COUNTRY,HND,AMR,Americas,YEAR,2002,,,,,,,,,1500 [610-2800],1500,610,2800,,2025-11-11T16:20:50Z,2002,2002-01-01,2002-12-31
9786791,TB_e_inc_tbhiv_num,COUNTRY,PAK,EMR,Eastern Mediterranean,YEAR,2008,,,,,,,,,4000 [77-15 000],4000,77,15000,,2025-11-11T16:20:50Z,2008,2008-01-01,2008-12-31
9787572,TB_e_inc_tbhiv_num,COUNTRY,PAN,AMR,Americas,YEAR,2002,,,,,,,,,300 [120-560],300,120,560,,2025-11-11T16:20:50Z,2002,2002-01-01,2002-12-31
9788548,TB_e_inc_tbhiv_num,COUNTRY,MDA,EUR,Europe,YEAR,2005,,,,,,,,,7 [2-14],7,2,14,,2025-11-11T16:20:50Z,2005,2005-01-01,2005-12-31
9788923,TB_e_inc_tbhiv_num,COUNTRY,DNK,EUR,Europe,YEAR,2011,,,,,,,,,17 [8-29],17,8,29,,2025-11-11T16:20:50Z,2011,2011-01-01,2011-12-31
9790348,TB_e_inc_tbhiv_num,COUNTRY,DOM,AMR,Americas,YEAR,2000,,,,,,,,,4100 [2000-7100],4100,2000,7100,,2025-11-11T16:20:50Z,2000,2000-01-01,2000-12-31
9791919,TB_e_inc_tbhiv_num,COUNTRY,MDV,SEAR,South-East Asia,YEAR,2011,,,,,,,,,0 [0-0],0,0,0,,2025-11-11T16:20:50Z,2011,2011-01-01,2011-12-31
9792588,TB_e_inc_tbhiv_num,COUNTRY,NOR,EUR,Europe,YEAR,2008,,,,,,,,,10 [3-19],10,3,19,,2025-11-11T16:20:50Z,2008,2008-01-01,2008-12-31
9796823,TB_e_inc_tbhiv_num,COUNTRY,HRV,EUR,Europe,YEAR,2000,,,,,,,,,35 [18-58],35,18,58,,2025-11-11T16:20:50Z,2000,2000-01-01,2000-12-31
9797871,TB_e_inc_tbhiv_num,COUNTRY,MDA,EUR,Europe,YEAR,2009,,,,,,,,,230 [170-300],230,170,300,,2025-11-11T16:20:50Z,2009,2009-01-01,2009-12-31
9802325,TB_e_inc_tbhiv_num,COUNTRY,ARM,EUR,Europe,YEAR,2017,,,,,,,,,99 [71-130],99,71,130,,2025-11-11T16:20:50Z,2017,2017-01-01,2017-12-31
9806439,TB_e_inc_tbhiv_num,COUNTRY,IRN,EMR,Eastern Mediterranean,YEAR,2019,,,,,,,,,390 [290-500],390,290,500,,2025-11-11T16:20:50Z,2019,2019-01-01,2019-12-31
9807599,TB_e_inc_tbhiv_num,COUNTRY,SEN,AFR,Africa,YEAR,2001,,,,,,,,,2300 [890-4200],2300,890,4200,,2025-11-11T16:20:50Z,2001,2001-01-01,2001-12-31
9809190,TB_e_inc_tbhiv_num,COUNTRY,PRT,EUR,Europe,YEAR,2009,,,,,,,,,530 [400-690],530,400,690,,2025-11-11T16:20:50Z,2009,2009-01-01,2009-12-31
9809654,TB_e_inc_tbhiv_num,REGION,EMR,,,YEAR,2022,,,,,,,,,4400 [940-11 000],4400,940,11000,,2025-11-11T16:20:50Z,2022,2022-01-01,2022-12-31
9816003,TB_e_inc_tbhiv_num,REGION,EUR,,,YEAR,2018,,,,,,,,,31 000 [23 000-39 000],31000,23000,39000,,2025-11-11T16:20:50Z,2018,2018-01-01,2018-12-31
9820756,TB_e_inc_tbhiv_num,COUNTRY,URY,AMR,Americas,YEAR,2002,,,,,,,,,120 [44-230],120,44,230,,2025-11-11T16:20:50Z,2002,2002-01-01,2002-12-31
9823158,TB_e_inc_tbhiv_num,COUNTRY,DJI,EMR,Eastern Mediterranean,YEAR,2019,,,,,,,,,140 [97-190],140,97,190,,2025-11-11T16:20:50Z,2019,2019-01-01,2019-12-31
9823830,TB_e_inc_tbhiv_num,COUNTRY,LSO,AFR,Africa,YEAR,2023,,,,,,,,,7900 [4200-12 000],7900,4200,12000,,2025-11-11T16:20:50Z,2023,2023-01-01,2023-12-31
9828478,TB_e_inc_tbhiv_num,COUNTRY,BFA,AFR,Africa,YEAR,2020,,,,,,,,,1000 [450-1800],1000,450,1800,,2025-11-11T16:20:50Z,2020,2020-01-01,2020-12-31
9828778,TB_e_inc_tbhiv_num,COUNTRY,GEO,EUR,Europe,YEAR,2015,,,,,,,,,120 [89-160],120,89,160,,2025-11-11T16:20:50Z,2015,2015-01-01,2015-12-31
9829091,TB_e_inc_tbhiv_num,COUNTRY,ARG,AMR,Americas,YEAR,2023,,,,,,,,,1100 [610-1700],1100,610,1700,,2025-11-11T16:20:50Z,2023,2023-01-01,2023-12-31
9833498,TB_e_inc_tbhiv_num,COUNTRY,TUN,EMR,Eastern Mediterranean,YEAR,2005,,,,,,,,,22 [8-44],22,8,44,,2025-11-11T16:20:50Z,2005,2005-01-01,2005-12-31
9838167,TB_e_inc_tbhiv_num,COUNTRY,KHM,WPR,Western Pacific,YEAR,2024,,,,,,,,,600 [410-830],600,410,830,,2025-11-11T16:20:50Z,2024,2024-01-01,2024-12-31
9838708,TB_e_inc_tbhiv_num,COUNTRY,ROU,EUR,Europe,YEAR,2011,,,,,,,,,550 [180-1100],550,180,1100,,2025-11-11T16:20:50Z,2011,2011-01-01,2011-12-31
9839847,TB_e_inc_tbhiv_num,COUNTRY,PAN,AMR,Americas,YEAR,2018,,,,,,,,,420 [310-540],420,310,540,,2025-11-11T16:20:50Z,2018,2018-01-01,2018-12-31
9842680,TB_e_inc_tbhiv_num,COUNTRY,CHN,WPR,Western Pacific,YEAR,2002,,,,,,,,,20 000 [6100-43 000],20000,6100,43000,,2025-11-11T16:20:50Z,2002,2002-01-01,2002-12-31
9843603,TB_e_inc_tbhiv_num,COUNTRY,GUY,AMR,Americas,YEAR,2016,,,,,,,,,190 [140-240],190,140,240,,2025-11-11T16:20:50Z,2016,2016-01-01,2016-12-31
9844755,TB_e_inc_tbhiv_num,COUNTRY,MLI,AFR,Africa,YEAR,2024,,,,,,,,,720 [270-1400],720,270,1400,,2025-11-11T16:20:50Z,2024,2024-01-01,2024-12-31
9844894,TB_e_inc_tbhiv_num,COUNTRY,ISR,EUR,Europe,YEAR,2016,,,,,,,,,22 [12-34],22,12,34,,2025-11-11T16:20:50Z,2016,2016-01-01,2016-12-31
9846527,TB_e_inc_tbhiv_num,COUNTRY,MDV,SEAR,South-East Asia,YEAR,2005,,,,,,,,,0 [0-1],0,0,1,,2025-11-11T16:20:50Z,2005,2005-01-01,2005-12-31
9846675,TB_e_inc_tbhiv_num,COUNTRY,MYS,WPR,Western Pacific,YEAR,2009,,,,,,,,,2900 [2200-3800],2900,2200,3800,,2025-11-11T16:20:50Z,2009,2009-01-01,2009-12-31
9849141,TB_e_inc_tbhiv_num,COUNTRY,QAT,EMR,Eastern Mediterranean,YEAR,2014,,,,,,,,,0 [0-0],0,0,0,,2025-11-11T16:20:50Z,2014,2014-01-01,2014-12-31
9852525,TB_e_inc_tbhiv_num,COUNTRY,NPL,SEAR,South-East Asia,YEAR,2009,,,,,,,,,3100 [910-6700],3100,910,6700,,2025-11-11T16:20:50Z,2009,2009-01-01,2009-12-31
9854066,TB_e_inc_tbhiv_num,COUNTRY,PRI,AMR,Americas,YEAR,2013,,,,,,,,,15 [7-25],15,7,25,,2025-11-11T16:20:50Z,2013,2013-01-01,2013-12-31
9855557,TB_e_inc_tbhiv_num,COUNTRY,GNQ,AFR,Africa,YEAR,2017,,,,,,,,,1400 [600-2500],1400,600,2500,,2025-11-11T16:20:50Z,2017,2017-01-01,2017-12-31
9862202,TB_e_inc_tbhiv_num,COUNTRY,LKA,SEAR,South-East Asia,YEAR,2015,,,,,,,,,48 [23-83],48,23,83,,2025-11-11T16:20:50Z,2015,2015-01-01,2015-12-31
9862270,TB_e_inc_tbhiv_num,COUNTRY,TGO,AFR,Africa,YEAR,2016,,,,,,,,,1000 [490-1700],1000,490,1700,,2025-11-11T16:20:50Z,2016,2016-01-01,2016-12-31
9862972,TB_e_inc_tbhiv_num,COUNTRY,BGR,EUR,Europe,YEAR,2003,,,,,,,,,9 [3-18],9,3,18,,2025-11-11T16:20:50Z,2003,2003-01-01,2003-12-31
9868822,TB_e_inc_tbhiv_num,COUNTRY,MDG,AFR,Africa,YEAR,2012,,,,,,,,,1100 [400-2300],1100,400,2300,,2025-11-11T16:20:50Z,2012,2012-01-01,2012-12-31
9869662,TB_e_inc_tbhiv_num,COUNTRY,TUN,EMR,Eastern Mediterranean,YEAR,2004,,,,,,,,,20 [7-39],20,7,39,,2025-11-11T16:20:50Z,2004,2004-01-01,2004-12-31
9873978,TB_e_inc_tbhiv_num,COUNTRY,MMR,SEAR,South-East Asia,YEAR,2012,,,,,,,,,22 000 [9900-39 000],22000,9900,39000,,2025-11-11T16:20:50Z,2012,2012-01-01,2012-12-31
9877744,TB_e_inc_tbhiv_num,COUNTRY,DEU,EUR,Europe,YEAR,2018,,,,,,,,,150 [82-240],150,82,240,,2025-11-11T16:20:50Z,2018,2018-01-01,2018-12-31
9878380,TB_e_inc_tbhiv_num,COUNTRY,TTO,AMR,Americas,YEAR,2015,,,,,,,,,42 [27-60],42,27,60,,2025-11-11T16:20:50Z,2015,2015-01-01,2015-12-31
9878814,TB_e_inc_tbhiv_num,COUNTRY,ECU,AMR,Americas,YEAR,2012,,,,,,,,,860 [640-1100],860,640,1100,,2025-11-11T16:20:50Z,2012,2012-01-01,2012-12-31
9879494,TB_e_inc_tbhiv_num,COUNTRY,JOR,EMR,Eastern Mediterranean,YEAR,2019,,,,,,,,,0 [0-0],0,0,0,,2025-11-11T16:20:50Z,2019,2019-01-01,2019-12-31
9881826,TB_e_inc_tbhiv_num,COUNTRY,MKD,EUR,Europe,YEAR,2005,,,,,,,,,1 [0-3],1,0,3,,2025-11-11T16:20:50Z,2005,2005-01-01,2005-12-31
9883826,TB_e_inc_tbhiv_num,COUNTRY,PER,AMR,Americas,YEAR,2021,,,,,,,,,2700 [1900-3600],2700,1900,3600,,2025-11-11T16:20:50Z,2021,2021-01-01,2021-12-31
9884057,TB_e_inc_tbhiv_num,COUNTRY,KEN,AFR,Africa,YEAR,2022,,,,,,,,,29 000 [17 000-43 000],29000,17000,43000,,2025-11-11T16:20:50Z,2022,2022-01-01,2022-12-31
9886181,TB_e_inc_tbhiv_num,COUNTRY,MLI,AFR,Africa,YEAR,2012,,,,,,,,,830 [460-1300],830,460,1300,,2025-11-11T16:20:50Z,2012,2012-01-01,2012-12-31
9890867,TB_e_inc_tbhiv_num,COUNTRY,BGR,EUR,Europe,YEAR,2014,,,,,,,,,6 [1-15],6,1,15,,2025-11-11T16:20:50Z,2014,2014-01-01,2014-12-31
9891099,TB_e_inc_tbhiv_num,GLOBAL,GLOBAL,,,YEAR,2014,,,,,,,,,1 290 000 [1 050 000-1 560 000],1290000,1050000,1560000,,2025-11-11T16:20:50Z,2014,2014-01-01,2014-12-31
9893889,TB_e_inc_tbhiv_num,COUNTRY,MNG,WPR,Western Pacific,YEAR,2003,,,,,,,,,17 [4-38],17,4,38,,2025-11-11T16:20:50Z,2003,2003-01-01,2003-12-31
9896148,TB_e_inc_tbhiv_num,COUNTRY,TZA,AFR,Africa,YEAR,2008,,,,,,,,,95 000 [24 000-214 000],95000,24000,214000,,2025-11-11T16:20:50Z,2008,2008-01-01,2008-12-31
9896647,TB_e_inc_tbhiv_num,COUNTRY,JOR,EMR,Eastern Mediterranean,YEAR,2015,,,,,,,,,0 [0-0],0,0,0,,2025-11-11T16:20:50Z,2015,2015-01-01,2015-12-31
9896849,TB_e_inc_tbhiv_num,COUNTRY,GRC,EUR,Europe,YEAR,2017,,,,,,,,,19 [10-30],19,10,30,,2025-11-11T16:20:50Z,2017,2017-01-01,2017-12-31
9902481,TB_e_inc_tbhiv_num,COUNTRY,MRT,AFR,Africa,YEAR,2023,,,,,,,,,88 [43-150],88,43,150,,2025-11-11T16:20:50Z,2023,2023-01-01,2023-12-31
9904273,TB_e_inc_tbhiv_num,REGION,AFR,,,YEAR,2009,,,,,,,,,1 250 000 [928 000-1 620 000],1250000,928000,1620000,,2025-11-11T16:20:50Z,2009,2009-01-01,2009-12-31
9906121,TB_e_inc_tbhiv_num,COUNTRY,ARE,EMR,Eastern Mediterranean,YEAR,2016,,,,,,,,,9 [3-18],9,3,18,,2025-11-11T16:20:50Z,2016,2016-01-01,2016-12-31
9907076,TB_e_inc_tbhiv_num,COUNTRY,DNK,EUR,Europe,YEAR,2017,,,,,,,,,8 [3-16],8,3,16,,2025-11-11T16:20:50Z,2017,2017-01-01,2017-12-31
9907229,TB_e_inc_tbhiv_num,COUNTRY,MWI,AFR,Africa,YEAR,2005,,,,,,,,,34 000 [3100-101 000],34000,3100,101000,,2025-11-11T16:20:50Z,2005,2005-01-01,2005-12-31
9907614,TB_e_inc_tbhiv_num,COUNTRY,QAT,EMR,Eastern Mediterranean,YEAR,2005,,,,,,,,,0 [0-0],0,0,0,,2025-11-11T16:20:50Z,2005,2005-01-01,2005-12-31
9910380,TB_e_inc_tbhiv_num,COUNTRY,KGZ,EUR,Europe,YEAR,2015,,,,,,,,,330 [240-420],330,240,420,,2025-11-11T16:20:50Z,2015,2015-01-01,2015-12-31
9912422,TB_e_inc_tbhiv_num,COUNTRY,UGA,AFR,Africa,YEAR,2000,,,,,,,,,44 000 [15 000-87 000],44000,15000,87000,,2025-11-11T16:20:50Z,2000,2000-01-01,2000-12-31
9913907,TB_e_inc_tbhiv_num,COUNTRY,MRT,AFR,Africa,YEAR,2016,,,,,,,,,200 [68-400],200,68,400,,2025-11-11T16:20:50Z,2016,2016-01-01,2016-12-31
9917711,TB_e_inc_tbhiv_num,COUNTRY,BRA,AMR,Americas,YEAR,2011,,,,,,,,,14 000 [10 000-18 000],14000,10000,18000,,2025-11-11T16:20:50Z,2011,2011-01-01,2011-12-31
9918642,TB_e_inc_tbhiv_num,COUNTRY,LTU,EUR,Europe,YEAR,2004,,,,,,,,,13 [4-27],13,4,27,,2025-11-11T16:20:50Z,2004,2004-01-01,2004-12-31
9921085,TB_e_inc_tbhiv_num,COUNTRY,BHS,AMR,Americas,YEAR,2023,,,,,,,,,12 [6-20],12,6,20,,2025-11-11T16:20:50Z,2023,2023-01-01,2023-12-31
9921190,TB_e_inc_tbhiv_num,COUNTRY,GIN,AFR,Africa,YEAR,2004,,,,,,,,,2900 [1300-5200],2900,1300,5200,,2025-11-11T16:20:50Z,2004,2004-01-01,2004-12-31
9922190,TB_e_inc_tbhiv_num,COUNTRY,SRB,EUR,Europe,YEAR,2014,,,,,,,,,8 [5-13],8,5,13,,2025-11-11T16:20:50Z,2014,2014-01-01,2014-12-31
9927867,TB_e_inc_tbhiv_num,COUNTRY,HKG,,,YEAR,2020,,,,,,,,,36 [21-55],36,21,55,,2025-11-11T16:20:50Z,2020,2020-01-01,2020-12-31
9931670,TB_e_inc_tbhiv_num,COUNTRY,GMB,AFR,Africa,YEAR,2003,,,,,,,,,690 [290-1300],690,290,1300,,2025-11-11T16:20:50Z,2003,2003-01-01,2003-12-31
9933065,TB_e_inc_tbhiv_num,COUNTRY,YEM,EMR,Eastern Mediterranean,YEAR,2019,,,,,,,,,99 [55-160],99,55,160,,2025-11-11T16:20:50Z,2019,2019-01-01,2019-12-31
9933962,TB_e_inc_tbhiv_num,COUNTRY,CHN,WPR,Western Pacific,YEAR,2008,,,,,,,,,21 000 [6500-44 000],21000,6500,44000,,2025-11-11T16:20:50Z,2008,2008-01-01,2008-12-31
9934439,TB_e_inc_tbhiv_num,COUNTRY,KGZ,EUR,Europe,YEAR,2006,,,,,,,,,130 [46-260],130,46,260,,2025-11-11T16:20:50Z,2006,2006-01-01,2006-12-31
9941064,TB_e_inc_tbhiv_num,COUNTRY,CZE,EUR,Europe,YEAR,2001,,,,,,,,,14 [7-23],14,7,23,,2025-11-11T16:20:50Z,2001,2001-01-01,2001-12-31
9942265,TB_e_inc_tbhiv_num,COUNTRY,COL,AMR,Americas,YEAR,2017,,,,,,,,,1900 [1400-2500],1900,1400,2500,,2025-11-11T16:20:50Z,2017,2017-01-01,2017-12-31
9942280,TB_e_inc_tbhiv_num,COUNTRY,SEN,AFR,Africa,YEAR,2019,,,,,,,,,1200 [860-1600],1200,860,1600,,2025-11-11T16:20:50Z,2019,2019-01-01,2019-12-31
9944569,TB_e_inc_tbhiv_num,COUNTRY,NLD,EUR,Europe,YEAR,2011,,,,,,,,,42 [16-81],42,16,81,,2025-11-11T16:20:50Z,2011,2011-01-01,2011-12-31
9949027,TB_e_inc_tbhiv_num,COUNTRY,MMR,SEAR,South-East Asia,YEAR,2009,,,,,,,,,28 000 [10 000-55 000],28000,10000,55000,,2025-11-11T16:20:50Z,2009,2009-01-01,2009-12-31
9952071,TB_e_inc_tbhiv_num,COUNTRY,GNB,AFR,Africa,YEAR,2006,,,,,,,,,1700 [930-2600],1700,930,2600,,2025-11-11T16:20:50Z,2006,2006-01-01,2006-12-31
9956345,TB_e_inc_tbhiv_num,COUNTRY,HKG,,,YEAR,2004,,,,,,,,,100 [70-140],100,70,140,,2025-11-11T16:20:50Z,2004,2004-01-01,2004-12-31
9957303,TB_e_inc_tbhiv_num,COUNTRY,ECU,AMR,Americas,YEAR,2007,,,,,,,,,770 [570-1000],770,570,1000,,2025-11-11T16:20:50Z,2007,2007-01-01,2007-12-31
9957410,TB_e_inc_tbhiv_num,WORLDBANKINCOMEGROUP,WB_HI,,,YEAR,2011,,,,,,,,,18 000 [8500-30 000],18000,8500,30000,,2025-11-11T16:20:50Z,2011,2011-01-01,2011-12-31
9957788,TB_e_inc_tbhiv_num,COUNTRY,HUN,EUR,Europe,YEAR,2011,,,,,,,,,15 [8-25],15,8,25,,2025-11-11T16:20:50Z,2011,2011-01-01,2011-12-31
9957874,TB_e_inc_tbhiv_num,COUNTRY,KGZ,EUR,Europe,YEAR,2020,,,,,,,,,290 [210-370],290,210,370,,2025-11-11T16:20:50Z,2020,2020-01-01,2020-12-31
9960860,TB_e_inc_tbhiv_num,COUNTRY,URY,AMR,Americas,YEAR,2000,,,,,,,,,160 [58-310],160,58,310,,2025-11-11T16:20:50Z,2000,2000-01-01,2000-12-31
9961439,TB_e_inc_tbhiv_num,COUNTRY,NPL,SEAR,South-East Asia,YEAR,2007,,,,,,,,,2200 [1200-3500],2200,1200,3500,,2025-11-11T16:20:50Z,2007,2007-01-01,2007-12-31
9961937,TB_e_inc_tbhiv_num,COUNTRY,VUT,WPR,Western Pacific,YEAR,2002,,,,,,,,,190 [150-240],190,150,240,,2025-11-11T16:20:50Z,2002,2002-01-01,2002-12-31
9962356,TB_e_inc_tbhiv_num,COUNTRY,IDN,WPR,Western Pacific,YEAR,2003,,,,,,,,,8100 [3500-15 000],8100,3500,15000,,2025-11-11T16:20:50Z,2003,2003-01-01,2003-12-31
9963309,TB_e_inc_tbhiv_num,COUNTRY,MEX,AMR,Americas,YEAR,2000,,,,,,,,,2400 [880-4600],2400,880,4600,,2025-11-11T16:20:50Z,2000,2000-01-01,2000-12-31
9963530,TB_e_inc_tbhiv_num,COUNTRY,UGA,AFR,Africa,YEAR,2019,,,,,,,,,34 000 [19 000-53 000],34000,19000,53000,,2025-11-11T16:20:50Z,2019,2019-01-01,2019-12-31
9964215,TB_e_inc_tbhiv_num,COUNTRY,PRI,AMR,Americas,YEAR,2018,,,,,,,,,4 [1-10],4,1,10,,2025-11-11T16:20:50Z,2018,2018-01-01,2018-12-31
9969832,TB_e_inc_tbhiv_num,COUNTRY,SOM,EMR,Eastern Mediterranean,YEAR,2010,,,,,,,,,840 [640-1100],840,640,1100,,2025-11-11T16:20:50Z,2010,2010-01-01,2010-12-31
9971441,TB_e_inc_tbhiv_num,COUNTRY,BOL,AMR,Americas,YEAR,2011,,,,,,,,,640 [230-1300],640,230,1300,,2025-11-11T16:20:50Z,2011,2011-01-01,2011-12-31
9977094,TB_e_inc_tbhiv_num,COUNTRY,DNK,EUR,Europe,YEAR,2014,,,,,,,,,9 [3-19],9,3,19,,2025-11-11T16:20:50Z,2014,2014-01-01,2014-12-31
9977290,TB_e_inc_tbhiv_num,COUNTRY,CIV,AFR,Africa,YEAR,2012,,,,,,,,,12 000 [9100-15 000],12000,9100,15000,,2025-11-11T16:20:50Z,2012,2012-01-01,2012-12-31
9978698,TB_e_inc_tbhiv_num,COUNTRY,EST,EUR,Europe,YEAR,2013,,,,,,,,,48 [32-68],48,32,68,,2025-11-11T16:20:50Z,2013,2013-01-01,2013-12-31
9978991,TB_e_inc_tbhiv_num,COUNTRY,GEO,EUR,Europe,YEAR,2002,,,,,,,,,21 [7-42],21,7,42,,2025-11-11T16:20:50Z,2002,2002-01-01,2002-12-31
9986234,TB_e_inc_tbhiv_num,COUNTRY,PRT,EUR,Europe,YEAR,2016,,,,,,,,,280 [210-370],280,210,370,,2025-11-11T16:20:50Z,2016,2016-01-01,2016-12-31
9988066,TB_e_inc_tbhiv_num,COUNTRY,SYR,EMR,Eastern Mediterranean,YEAR,2020,,,,,,,,,4 [2-7],4,2,7,,2025-11-11T16:20:50Z,2020,2020-01-01,2020-12-31
9988725,TB_e_inc_tbhiv_num,COUNTRY,COD,AFR,Africa,YEAR,2005,,,,,,,,,73 000 [21 000-156 000],73000,21000,156000,,2025-11-11T16:20:50Z,2005,2005-01-01,2005-12-31
9995403,TB_e_inc_tbhiv_num,COUNTRY,URY,AMR,Americas,YEAR,2020,,,,,,,,,160 [120-210],160,120,210,,2025-11-11T16:20:50Z,2020,2020-01-01,2020-12-31
9996549,TB_e_inc_tbhiv_num,COUNTRY,POL,EUR,Europe,YEAR,2016,,,,,,,,,78 [42-120],78,42,120,,2025-11-11T16:20:50Z,2016,2016-01-01,2016-12-31
9997336,TB_e_inc_tbhiv_num,COUNTRY,THA,SEAR,South-East Asia,YEAR,2015,,,,,,,,,15 000 [8200-23 000],15000,8200,23000,,2025-11-11T16:20:50Z,2015,2015-01-01,2015-12-31
9999312,TB_e_inc_tbhiv_num,COUNTRY,MOZ,AFR,Africa,YEAR,2006,,,,,,,,,45 000 [25 000-71 000],45000,25000,71000,,2025-11-11T16:20:50Z,2006,2006-01-01,2006-12-31
10005142,TB_e_inc_tbhiv_num,COUNTRY,NOR,EUR,Europe,YEAR,2021,,,,,,,,,7 [3-15],7,3,15,,2025-11-11T16:20:50Z,2021,2021-01-01,2021-12-31
10006735,TB_e_inc_tbhiv_num,COUNTRY,TZA,AFR,Africa,YEAR,2005,,,,,,,,,95 000 [18 000-233 000],95000,18000,233000,,2025-11-11T16:20:50Z,2005,2005-01-01,2005-12-31
10008500,TB_e_inc_tbhiv_num,COUNTRY,CZE,EUR,Europe,YEAR,2021,,,,,,,,,3 [2-5],3,2,5,,2025-11-11T16:20:50Z,2021,2021-01-01,2021-12-31
10008777,TB_e_inc_tbhiv_num,COUNTRY,KWT,EMR,Eastern Mediterranean,YEAR,2002,,,,,,,,,4 [1-11],4,1,11,,2025-11-11T16:20:50Z,2002,2002-01-01,2002-12-31
10009433,TB_e_inc_tbhiv_num,COUNTRY,NER,AFR,Africa,YEAR,2000,,,,,,,,,1300 [430-2700],1300,430,2700,,2025-11-11T16:20:50Z,2000,2000-01-01,2000-12-31
10011080,TB_e_inc_tbhiv_num,COUNTRY,MKD,EUR,Europe,YEAR,2008,,,,,,,,,1 [0-3],1,0,3,,2025-11-11T16:20:50Z,2008,2008-01-01,2008-12-31
10013506,TB_e_inc_tbhiv_num,REGION,EMR,,,YEAR,2020,,,,,,,,,6400 [800-18 000],6400,800,18000,,2025-11-11T16:20:50Z,2020,2020-01-01,2020-12-31
10013935,TB_e_inc_tbhiv_num,COUNTRY,SUR,AMR,Americas,YEAR,2023,,,,,,,,,23 [12-37],23,12,37,,2025-11-11T16:20:50Z,2023,2023-01-01,2023-12-31
10014359,TB_e_inc_tbhiv_num,COUNTRY,COG,AFR,Africa,YEAR,2010,,,,,,,,,7700 [5500-10 000],7700,5500,10000,,2025-11-11T16:20:50Z,2010,2010-01-01,2010-12-31
10014661,TB_e_inc_tbhiv_num,REGION,SEAR,,,YEAR,2007,,,,,,,,,304 000 [136 000-540 000],304000,136000,540000,,2025-11-11T16:20:50Z,2007,2007-01-01,2007-12-31
10017513,TB_e_inc_tbhiv_num,COUNTRY,GEO,EUR,Europe,YEAR,2004,,,,,,,,,46 [16-91],46,16,91,,2025-11-11T16:20:50Z,2004,2004-01-01,2004-12-31
10020276,TB_e_inc_tbhiv_num,COUNTRY,BGD,SEAR,South-East Asia,YEAR,2018,,,,,,,,,700 [360-1200],700,360,1200,,2025-11-11T16:20:50Z,2018,2018-01-01,2018-12-31
10020506,TB_e_inc_tbhiv_num,COUNTRY,SLE,AFR,Africa,YEAR,2005,,,,,,,,,3300 [1400-5900],3300,1400,5900,,2025-11-11T16:20:50Z,2005,2005-01-01,2005-12-31
10020649,TB_e_inc_tbhiv_num,COUNTRY,MAC,,,YEAR,2012,,,,,,,,,7 [2-17],7,2,17,,2025-11-11T16:20:50Z,2012,2012-01-01,2012-12-31
10026756,TB_e_inc_tbhiv_num,COUNTRY,TGO,AFR,Africa,YEAR,2005,,,,,,,,,1800 [820-3100],1800,820,3100,,2025-11-11T16:20:50Z,2005,2005-01-01,2005-12-31
10027295,TB_e_inc_tbhiv_num,COUNTRY,NGA,AFR,Africa,YEAR,2002,,,,,,,,,65 000 [25 000-124 000],65000,25000,124000,,2025-11-11T16:20:50Z,2002,2002-01-01,2002-12-31
10038754,TB_e_inc_tbhiv_num,COUNTRY,NGA,AFR,Africa,YEAR,2007,,,,,,,,,74 000 [28 000-142 000],74000,28000,142000,,2025-11-11T16:20:50Z,2007,2007-01-01,2007-12-31
10042037,TB_e_inc_tbhiv_num,COUNTRY,HRV,EUR,Europe,YEAR,2013,,,,,,,,,5 [3-9],5,3,9,,2025-11-11T16:20:50Z,2013,2013-01-01,2013-12-31
10043391,TB_e_inc_tbhiv_num,COUNTRY,TJK,EUR,Europe,YEAR,2012,,,,,,,,,160 [120-210],160,120,210,,2025-11-11T16:20:50Z,2012,2012-01-01,2012-12-31
10051105,TB_e_inc_tbhiv_num,COUNTRY,CZE,EUR,Europe,YEAR,2018,,,,,,,,,4 [2-6],4,2,6,,2025-11-11T16:20:50Z,2018,2018-01-01,2018-12-31
10054141,TB_e_inc_tbhiv_num,COUNTRY,DNK,EUR,Europe,YEAR,2009,,,,,,,,,0 [0-1],0,0,1,,2025-11-11T16:20:50Z,2009,2009-01-01,2009-12-31
10054153,TB_e_inc_tbhiv_num,COUNTRY,ECU,AMR,Americas,YEAR,2021,,,,,,,,,960 [710-1200],960,710,1200,,2025-11-11T16:20:50Z,2021,2021-01-01,2021-12-31
10056562,TB_e_inc_tbhiv_num,COUNTRY,AFG,EMR,Eastern Mediterranean,YEAR,2023,,,,,,,,,22 [6-46],22,6,46,,2025-11-11T16:20:50Z,2023,2023-01-01,2023-12-31
10057083,TB_e_inc_tbhiv_num,COUNTRY,AFG,EMR,Eastern Mediterranean,YEAR,2015,,,,,,,,,18 [1-60],18,1,60,,2025-11-11T16:20:50Z,2015,2015-01-01,2015-12-31
10059241,TB_e_inc_tbhiv_num,COUNTRY,MEX,AMR,Americas,YEAR,2024,,,,,,,,,4400 [3300-5700],4400,3300,5700,,2025-11-11T16:20:50Z,2024,2024-01-01,2024-12-31
10060960,TB_e_inc_tbhiv_num,COUNTRY,LSO,AFR,Africa,YEAR,2021,,,,,,,,,8300 [4700-12 000],8300,4700,12000,,2025-11-11T16:20:50Z,2021,2021-01-01,2021-12-31
10064282,TB_e_inc_tbhiv_num,COUNTRY,GBR,EUR,Europe,YEAR,2012,,,,,,,,,370 [140-710],370,140,710,,2025-11-11T16:20:50Z,2012,2012-01-01,2012-12-31
10065613,TB_e_inc_tbhiv_num,COUNTRY,CIV,AFR,Africa,YEAR,2020,,,,,,,,,5000 [3500-6900],5000,3500,6900,,2025-11-11T16:20:50Z,2020,2020-01-01,2020-12-31
10065838,TB_e_inc_tbhiv_num,COUNTRY,BRN,WPR,Western Pacific,YEAR,2001,,,,,,,,,1 [0-2],1,0,2,,2025-11-11T16:20:50Z,2001,2001-01-01,2001-12-31
10066887,TB_e_inc_tbhiv_num,COUNTRY,SSD,AFR,Africa,YEAR,2015,,,,,,,,,4900 [2200-8700],4900,2200,8700,,2025-11-11T16:20:50Z,2015,2015-01-01,2015-12-31
10066965,TB_e_inc_tbhiv_num,COUNTRY,BLR,EUR,Europe,YEAR,2017,,,,,,,,,260 [190-340],260,190,340,,2025-11-11T16:20:50Z,2017,2017-01-01,2017-12-31
10068018,TB_e_inc_tbhiv_num,WORLDBANKINCOMEGROUP,WB_HI,,,YEAR,2003,,,,,,,,,19 000 [14 000-24 000],19000,14000,24000,,2025-11-11T16:20:50Z,2003,2003-01-01,2003-12-31
10069368,TB_e_inc_tbhiv_num,COUNTRY,CHN,WPR,Western Pacific,YEAR,2007,,,,,,,,,21 000 [6500-44 000],21000,6500,44000,,2025-11-11T16:20:50Z,2007,2007-01-01,2007-12-31
10069964,TB_e_inc_tbhiv_num,COUNTRY,ECU,AMR,Americas,YEAR,2017,,,,,,,,,980 [730-1300],980,730,1300,,2025-11-11T16:20:50Z,2017,2017-01-01,2017-12-31
10072029,TB_e_inc_tbhiv_num,COUNTRY,SLE,AFR,Africa,YEAR,2014,,,,,,,,,3700 [1600-6600],3700,1600,6600,,2025-11-11T16:20:50Z,2014,2014-01-01,2014-12-31
10075411,TB_e_inc_tbhiv_num,COUNTRY,USA,AMR,Americas,YEAR,2010,,,,,,,,,1200 [860-1500],1200,860,1500,,2025-11-11T16:20:50Z,2010,2010-01-01,2010-12-31
10076964,TB_e_inc_tbhiv_num,COUNTRY,ARE,EMR,Eastern Mediterranean,YEAR,2015,,,,,,,,,3 [0-10],3,0,10,,2025-11-11T16:20:50Z,2015,2015-01-01,2015-12-31
10081006,TB_e_inc_tbhiv_num,COUNTRY,RUS,EUR,Europe,YEAR,2012,,,,,,,,,11 000 [3100-25 000],11000,3100,25000,,2025-11-11T16:20:50Z,2012,2012-01-01,2012-12-31
10083833,TB_e_inc_tbhiv_num,COUNTRY,SVK,EUR,Europe,YEAR,2010,,,,,,,,,1 [0-7],1,0,7,,2025-11-11T16:20:50Z,2010,2010-01-01,2010-12-31
10086801,TB_e_inc_tbhiv_num,COUNTRY,NPL,SEAR,South-East Asia,YEAR,2024,,,,,,,,,420 [230-680],420,230,680,,2025-11-11T16:20:50Z,2024,2024-01-01,2024-12-31
10088515,TB_e_inc_tbhiv_num,COUNTRY,IRQ,EMR,Eastern Mediterranean,YEAR,2012,,,,,,,,,3 [0-10],3,0,10,,2025-11-11T16:20:50Z,2012,2012-01-01,2012-12-31
10088951,TB_e_inc_tbhiv_num,COUNTRY,MAR,EMR,Eastern Mediterranean,YEAR,2002,,,,,,,,,440 [160-880],440,160,880,,2025-11-11T16:20:50Z,2002,2002-01-01,2002-12-31
10090436,TB_e_inc_tbhiv_num,COUNTRY,CMR,AFR,Africa,YEAR,2017,,,,,,,,,14 000 [11 000-18 000],14000,11000,18000,,2025-11-11T16:20:50Z,2017,2017-01-01,2017-12-31
10092190,TB_e_inc_tbhiv_num,COUNTRY,MAC,,,YEAR,2003,,,,,,,,,2 [0-11],2,0,11,,2025-11-11T16:20:50Z,2003,2003-01-01,2003-12-31
10098737,TB_e_inc_tbhiv_num,COUNTRY,NIC,AMR,Americas,YEAR,2016,,,,,,,,,160 [120-200],160,120,200,,2025-11-11T16:20:50Z,2016,2016-01-01,2016-12-31
10103348,TB_e_inc_tbhiv_num,COUNTRY,DOM,AMR,Americas,YEAR,2007,,,,,,,,,1600 [640-2900],1600,640,2900,,2025-11-11T16:20:50Z,2007,2007-01-01,2007-12-31
10103970,TB_e_inc_tbhiv_num,COUNTRY,CAN,AMR,Americas,YEAR,2017,,,,,,,,,74 [26-140],74,26,140,,2025-11-11T16:20:50Z,2017,2017-01-01,2017-12-31
10104543,TB_e_inc_tbhiv_num,COUNTRY,LSO,AFR,Africa,YEAR,2004,,,,,,,,,16 000 [6100-31 000],16000,6100,31000,,2025-11-11T16:20:50Z,2004,2004-01-01,2004-12-31
10107306,TB_e_inc_tbhiv_num,COUNTRY,MYS,WPR,Western Pacific,YEAR,2013,,,,,,,,,2500 [1800-3200],2500,1800,3200,,2025-11-11T16:20:50Z,2013,2013-01-01,2013-12-31
10113465,TB_e_inc_tbhiv_num,COUNTRY,BDI,AFR,Africa,YEAR,2020,,,,,,,,,980 [630-1400],980,630,1400,,2025-11-11T16:20:50Z,2020,2020-01-01,2020-12-31
10114481,TB_e_inc_tbhiv_num,COUNTRY,STP,AFR,Africa,YEAR,2001,,,,,,,,,72 [31-130],72,31,130,,2025-11-11T16:20:50Z,2001,2001-01-01,2001-12-31
10115020,TB_e_inc_tbhiv_num,COUNTRY,GAB,AFR,Africa,YEAR,2004,,,,,,,,,1700 [1300-2100],1700,1300,2100,,2025-11-11T16:20:50Z,2004,2004-01-01,2004-12-31
10119598,TB_e_inc_tbhiv_num,COUNTRY,COG,AFR,Africa,YEAR,2012,,,,,,,,,7600 [5400-10 000],7600,5400,10000,,2025-11-11T16:20:50Z,2012,2012-01-01,2012-12-31
10120294,TB_e_inc_tbhiv_num,COUNTRY,NAM,AFR,Africa,YEAR,2011,,,,,,,,,8700 [4600-14 000],8700,4600,14000,,2025-11-11T16:20:50Z,2011,2011-01-01,2011-12-31
10121078,TB_e_inc_tbhiv_num,COUNTRY,PRI,AMR,Americas,YEAR,2024,,,,,,,,,1 [0-4],1,0,4,,2025-11-11T16:20:50Z,2024,2024-01-01,2024-12-31
10123067,TB_e_inc_tbhiv_num,COUNTRY,COL,AMR,Americas,YEAR,2019,,,,,,,,,2300 [1700-2900],2300,1700,2900,,2025-11-11T16:20:50Z,2019,2019-01-01,2019-12-31
10124497,TB_e_inc_tbhiv_num,WORLDBANKINCOMEGROUP,WB_UMI,,,YEAR,2008,,,,,,,,,576 000 [299 000-942 000],576000,299000,942000,,2025-11-11T16:20:50Z,2008,2008-01-01,2008-12-31
10125542,TB_e_inc_tbhiv_num,COUNTRY,ZMB,AFR,Africa,YEAR,2023,,,,,,,,,19 000 [11 000-29 000],19000,11000,29000,,2025-11-11T16:20:50Z,2023,2023-01-01,2023-12-31
10129002,TB_e_inc_tbhiv_num,COUNTRY,PHL,WPR,Western Pacific,YEAR,2006,,,,,,,,,3700 [1700-6400],3700,1700,6400,,2025-11-11T16:20:50Z,2006,2006-01-01,2006-12-31
10132730,TB_e_inc_tbhiv_num,COUNTRY,CHL,AMR,Americas,YEAR,2019,,,,,,,,,410 [300-530],410,300,530,,2025-11-11T16:20:50Z,2019,2019-01-01,2019-12-31
10134895,TB_e_inc_tbhiv_num,COUNTRY,MKD,EUR,Europe,YEAR,2000,,,,,,,,,1 [0-2],1,0,2,,2025-11-11T16:20:50Z,2000,2000-01-01,2000-12-31
10135670,TB_e_inc_tbhiv_num,COUNTRY,CIV,AFR,Africa,YEAR,2002,,,,,,,,,19 000 [12 000-28 000],19000,12000,28000,,2025-11-11T16:20:50Z,2002,2002-01-01,2002-12-31
10136770,TB_e_inc_tbhiv_num,COUNTRY,BEL,EUR,Europe,YEAR,2014,,,,,,,,,35 [13-69],35,13,69,,2025-11-11T16:20:50Z,2014,2014-01-01,2014-12-31
10137070,TB_e_inc_tbhiv_num,COUNTRY,CMR,AFR,Africa,YEAR,2006,,,,,,,,,21 000 [12 000-32 000],21000,12000,32000,,2025-11-11T16:20:50Z,2006,2006-01-01,2006-12-31
10138880,TB_e_inc_tbhiv_num,COUNTRY,ISR,EUR,Europe,YEAR,2013,,,,,,,,,18 [9-29],18,9,29,,2025-11-11T16:20:50Z,2013,2013-01-01,2013-12-31
10145513,TB_e_inc_tbhiv_num,COUNTRY,SLE,AFR,Africa,YEAR,2022,,,,,,,,,4300 [1900-7700],4300,1900,7700,,2025-11-11T16:20:50Z,2022,2022-01-01,2022-12-31
10149047,TB_e_inc_tbhiv_num,WORLDBANKINCOMEGROUP,WB_UMI,,,YEAR,2013,,,,,,,,,489 000 [283 000-752 000],489000,283000,752000,,2025-11-11T16:20:50Z,2013,2013-01-01,2013-12-31
10149395,TB_e_inc_tbhiv_num,REGION,AMR,,,YEAR,2009,,,,,,,,,29 000 [22 000-37 000],29000,22000,37000,,2025-11-11T16:20:50Z,2009,2009-01-01,2009-12-31
10151453,TB_e_inc_tbhiv_num,COUNTRY,LSO,AFR,Africa,YEAR,2016,,,,,,,,,11 000 [6200-17 000],11000,6200,17000,,2025-11-11T16:20:50Z,2016,2016-01-01,2016-12-31
10151721,TB_e_inc_tbhiv_num,COUNTRY,CRI,AMR,Americas,YEAR,2021,,,,,,,,,61 [40-85],61,40,85,,2025-11-11T16:20:50Z,2021,2021-01-01,2021-12-31
10153333,TB_e_inc_tbhiv_num,COUNTRY,PHL,WPR,Western Pacific,YEAR,2003,,,,,,,,,3700 [1700-6600],3700,1700,6600,,2025-11-11T16:20:50Z,2003,2003-01-01,2003-12-31
10154556,TB_e_inc_tbhiv_num,COUNTRY,MDA,EUR,Europe,YEAR,2022,,,,,,,,,260 [190-340],260,190,340,,2025-11-11T16:20:50Z,2022,2022-01-01,2022-12-31
10156435,TB_e_inc_tbhiv_num,WORLDBANKINCOMEGROUP,WB_LMI,,,YEAR,2020,,,,,,,,,303 000 [267 000-340 000],303000,267000,340000,,2025-11-11T16:20:50Z,2020,2020-01-01,2020-12-31
10157957,TB_e_inc_tbhiv_num,COUNTRY,MKD,EUR,Europe,YEAR,2009,,,,,,,,,2 [1-3],2,1,3,,2025-11-11T16:20:50Z,2009,2009-01-01,2009-12-31
10158755,TB_e_inc_tbhiv_num,COUNTRY,KIR,WPR,Western Pacific,YEAR,2005,,,,,,,,,13 [9-16],13,9,16,,2025-11-11T16:20:50Z,2005,2005-01-01,2005-12-31
10158995,TB_e_inc_tbhiv_num,COUNTRY,COM,AFR,Africa,YEAR,2003,,,,,,,,,1 [0-3],1,0,3,,2025-11-11T16:20:50Z,2003,2003-01-01,2003-12-31
10171233,TB_e_inc_tbhiv_num,COUNTRY,SAU,EMR,Eastern Mediterranean,YEAR,2021,,,,,,,,,45 [31-61],45,31,61,,2025-11-11T16:20:50Z,2021,2021-01-01,2021-12-31
10177126,TB_e_inc_tbhiv_num,COUNTRY,TJK,EUR,Europe,YEAR,2023,,,,,,,,,240 [170-320],240,170,320,,2025-11-11T16:20:50Z,2023,2023-01-01,2023-12-31
10177711,TB_e_inc_tbhiv_num,COUNTRY,ROU,EUR,Europe,YEAR,2000,,,,,,,,,740 [250-1500],740,250,1500,,2025-11-11T16:20:50Z,2000,2000-01-01,2000-12-31
10179376,TB_e_inc_tbhiv_num,COUNTRY,EST,EUR,Europe,YEAR,2019,,,,,,,,,22 [12-34],22,12,34,,2025-11-11T16:20:50Z,2019,2019-01-01,2019-12-31
10182996,TB_e_inc_tbhiv_num,COUNTRY,SEN,AFR,Africa,YEAR,2012,,,,,,,,,2100 [1500-2700],2100,1500,2700,,2025-11-11T16:20:50Z,2012,2012-01-01,2012-12-31
10184616,TB_e_inc_tbhiv_num,COUNTRY,NPL,SEAR,South-East Asia,YEAR,2008,,,,,,,,,3300 [950-7100],3300,950,7100,,2025-11-11T16:20:50Z,2008,2008-01-01,2008-12-31
10185390,TB_e_inc_tbhiv_num,COUNTRY,BOL,AMR,Americas,YEAR,2014,,,,,,,,,600 [450-780],600,450,780,,2025-11-11T16:20:50Z,2014,2014-01-01,2014-12-31
10186190,TB_e_inc_tbhiv_num,COUNTRY,MWI,AFR,Africa,YEAR,2023,,,,,,,,,12 000 [5200-21 000],12000,5200,21000,,2025-11-11T16:20:50Z,2023,2023-01-01,2023-12-31
10186370,TB_e_inc_tbhiv_num,COUNTRY,PRY,AMR,Americas,YEAR,2012,,,,,,,,,290 [210-370],290,210,370,,2025-11-11T16:20:50Z,2012,2012-01-01,2012-12-31
10187538,TB_e_inc_tbhiv_num,COUNTRY,TZA,AFR,Africa,YEAR,2000,,,,,,,,,106 000 [18 000-270 000],106000,18000,270000,,2025-11-11T16:20:50Z,2000,2000-01-01,2000-12-31
10194014,TB_e_inc_tbhiv_num,COUNTRY,BGD,SEAR,South-East Asia,YEAR,2006,,,,,,,,,360 [180-590],360,180,590,,2025-11-11T16:20:50Z,2006,2006-01-01,2006-12-31
10194313,TB_e_inc_tbhiv_num,COUNTRY,LKA,SEAR,South-East Asia,YEAR,2001,,,,,,,,,130 [45-270],130,45,270,,2025-11-11T16:20:50Z,2001,2001-01-01,2001-12-31
10196568,TB_e_inc_tbhiv_num,COUNTRY,DEU,EUR,Europe,YEAR,2003,,,,,,,,,460 [260-720],460,260,720,,2025-11-11T16:20:50Z,2003,2003-01-01,2003-12-31
10197379,TB_e_inc_tbhiv_num,COUNTRY,MAC,,,YEAR,2005,,,,,,,,,2 [0-11],2,0,11,,2025-11-11T16:20:50Z,2005,2005-01-01,2005-12-31
10197575,TB_e_inc_tbhiv_num,COUNTRY,LVA,EUR,Europe,YEAR,2022,,,,,,,,,39 [24-57],39,24,57,,2025-11-11T16:20:50Z,2022,2022-01-01,2022-12-31
10197674,TB_e_inc_tbhiv_num,COUNTRY,NGA,AFR,Africa,YEAR,2006,,,,,,,,,69 000 [26 000-133 000],69000,26000,133000,,2025-11-11T16:20:50Z,2006,2006-01-01,2006-12-31
10199433,TB_e_inc_tbhiv_num,COUNTRY,GRC,EUR,Europe,YEAR,2016,,,,,,,,,17 [10-27],17,10,27,,2025-11-11T16:20:50Z,2016,2016-01-01,2016-12-31
10199695,TB_e_inc_tbhiv_num,COUNTRY,LAO,WPR,Western Pacific,YEAR,2003,,,,,,,,,330 [70-800],330,70,800,,2025-11-11T16:20:50Z,2003,2003-01-01,2003-12-31
10200494,TB_e_inc_tbhiv_num,COUNTRY,HND,AMR,Americas,YEAR,2023,,,,,,,,,250 [180-320],250,180,320,,2025-11-11T16:20:50Z,2023,2023-01-01,2023-12-31
10203043,TB_e_inc_tbhiv_num,COUNTRY,BEL,EUR,Europe,YEAR,2002,,,,,,,,,110 [40-210],110,40,210,,2025-11-11T16:20:50Z,2002,2002-01-01,2002-12-31
10204492,TB_e_inc_tbhiv_num,COUNTRY,BLZ,AMR,Americas,YEAR,2007,,,,,,,,,18 [8-31],18,8,31,,2025-11-11T16:20:50Z,2007,2007-01-01,2007-12-31
10205079,TB_e_inc_tbhiv_num,REGION,EUR,,,YEAR,2000,,,,,,,,,28 000 [19 000-40 000],28000,19000,40000,,2025-11-11T16:20:50Z,2000,2000-01-01,2000-12-31
10205630,TB_e_inc_tbhiv_num,COUNTRY,THA,SEAR,South-East Asia,YEAR,2020,,,,,,,,,9300 [7000-12 000],9300,7000,12000,,2025-11-11T16:20:50Z,2020,2020-01-01,2020-12-31
10206318,TB_e_inc_tbhiv_num,COUNTRY,CHL,AMR,Americas,YEAR,2018,,,,,,,,,380 [280-490],380,280,490,,2025-11-11T16:20:50Z,2018,2018-01-01,2018-12-31
10207539,TB_e_inc_tbhiv_num,COUNTRY,BRN,WPR,Western Pacific,YEAR,2009,,,,,,,,,3 [0-10],3,0,10,,2025-11-11T16:20:50Z,2009,2009-01-01,2009-12-31
10208615,TB_e_inc_tbhiv_num,COUNTRY,DJI,EMR,Eastern Mediterranean,YEAR,2024,,,,,,,,,200 [140-260],200,140,260,,2025-11-11T16:20:50Z,2024,2024-01-01,2024-12-31
10209066,TB_e_inc_tbhiv_num,COUNTRY,SUR,AMR,Americas,YEAR,2009,,,,,,,,,91 [66-120],91,66,120,,2025-11-11T16:20:50Z,2009,2009-01-01,2009-12-31
10216078,TB_e_inc_tbhiv_num,COUNTRY,COL,AMR,Americas,YEAR,2022,,,,,,,,,3300 [1900-5100],3300,1900,5100,,2025-11-11T16:20:50Z,2022,2022-01-01,2022-12-31
10216213,TB_e_inc_tbhiv_num,WORLDBANKINCOMEGROUP,WB_LI,,,YEAR,2012,,,,,,,,,233 000 [162 000-317 000],233000,162000,317000,,2025-11-11T16:20:50Z,2012,2012-01-01,2012-12-31
10218570,TB_e_inc_tbhiv_num,COUNTRY,DEU,EUR,Europe,YEAR,2005,,,,,,,,,290 [160-450],290,160,450,,2025-11-11T16:20:50Z,2005,2005-01-01,2005-12-31
10228392,TB_e_inc_tbhiv_num,COUNTRY,FJI,WPR,Western Pacific,YEAR,2005,,,,,,,,,2 [0-11],2,0,11,,2025-11-11T16:20:50Z,2005,2005-01-01,2005-12-31
10228443,TB_e_inc_tbhiv_num,COUNTRY,MAC,,,YEAR,2008,,,,,,,,,2 [1-2],2,1,2,,2025-11-11T16:20:50Z,2008,2008-01-01,2008-12-31
