Id,IndicatorCode,SpatialDimension,SpatialDimensionValueCode,ParentLocationCode,ParentLocation,TimeDimension,TimeDim,DisaggregatingDimension1,DisaggregatingDimension1ValueCode,DisaggregatingDimension2,DisaggregatingDimension2ValueCode,DisaggregatingDimension3,DisaggregatingDimension3ValueCode,DataSourceDimension,DataSourceDimensionValueCode,Value,NumericValue,Low,High,Comments,Date,TimeDimensionValue,TimeDimensionBegin,TimeDimensionEnd
6387836,TB_e_inc_rr_num,COUNTRY,DOM,AMR,Americas,YEAR,2021,,,,,,,,,400 [310-490],400,310,490,,2025-11-11T16:20:50Z,2021,2021-01-01,2021-12-31
8254042,TB_e_inc_rr_num,COUNTRY,PAN,AMR,Americas,YEAR,2018,,,,,,,,,110 [66-160],110,66,160,,2025-11-11T16:20:50Z,2018,2018-01-01,2018-12-31
3436451,TB_e_inc_rr_num,COUNTRY,TGO,AFR,Africa,YEAR,2022,,,,,,,,,30 [9-50],30,9,50,,2025-11-11T16:20:50Z,2022,2022-01-01,2022-12-31
9076078,TB_e_inc_rr_num,COUNTRY,MDG,AFR,Africa,YEAR,2016,,,,,,,,,360 [7-710],360,7,710,,2025-11-11T16:20:50Z,2016,2016-01-01,2016-12-31
6267158,TB_e_inc_rr_num,COUNTRY,BEN,AFR,Africa,YEAR,2020,,,,,,,,,73 [23-120],73,23,120,,2025-11-11T16:20:50Z,2020,2020-01-01,2020-12-31
3075584,TB_e_inc_rr_num,COUNTRY,SDN,EMR,Eastern Mediterranean,YEAR,2024,,,,,,,,,640 [26-1200],640,26,1200,,2025-11-11T16:20:50Z,2024,2024-01-01,2024-12-31
9570619,TB_e_inc_rr_num,COUNTRY,GIN,AFR,Africa,YEAR,2016,,,,,,,,,1100 [0-2300],1100,0,2300,,2025-11-11T16:20:50Z,2016,2016-01-01,2016-12-31
9798850,TB_e_inc_rr_num,COUNTRY,LSO,AFR,Africa,YEAR,2023,,,,,,,,,470 [250-700],470,250,700,,2025-11-11T16:20:50Z,2023,2023-01-01,2023-12-31
5133295,TB_e_inc_rr_num,COUNTRY,ERI,AFR,Africa,YEAR,2020,,,,,,,,,110 [70-150],110,70,150,,2025-11-11T16:20:50Z,2020,2020-01-01,2020-12-31
2358472,TB_e_inc_rr_num,COUNTRY,ESP,EUR,Europe,YEAR,2020,,,,,,,,,93 [58-130],93,58,130,,2025-11-11T16:20:50Z,2020,2020-01-01,2020-12-31
5684240,TB_e_inc_rr_num,COUNTRY,KEN,AFR,Africa,YEAR,2023,,,,,,,,,1000 [450-1600],1000,450,1600,,2025-11-11T16:20:50Z,2023,2023-01-01,2023-12-31
4329805,TB_e_inc_rr_num,COUNTRY,AZE,EUR,Europe,YEAR,2016,,,,,,,,,1900 [1500-2400],1900,1500,2400,,2025-11-11T16:20:50Z,2016,2016-01-01,2016-12-31
4467541,TB_e_inc_rr_num,COUNTRY,KIR,WPR,Western Pacific,YEAR,2022,,,,,,,,,11 [4-17],11,4,17,,2025-11-11T16:20:50Z,2022,2022-01-01,2022-12-31
1396030,TB_e_inc_rr_num,COUNTRY,USA,AMR,Americas,YEAR,2015,,,,,,,,,230 [180-280],230,180,280,,2025-11-11T16:20:50Z,2015,2015-01-01,2015-12-31
200774,TB_e_inc_rr_num,COUNTRY,PAK,EMR,Eastern Mediterranean,YEAR,2022,,,,,,,,,16 000 [10 000-21 000],16000,10000,21000,,2025-11-11T16:20:50Z,2022,2022-01-01,2022-12-31
2054709,TB_e_inc_rr_num,COUNTRY,EST,EUR,Europe,YEAR,2016,,,,,,,,,59 [45-73],59,45,73,,2025-11-11T16:20:50Z,2016,2016-01-01,2016-12-31
10178473,TB_e_inc_rr_num,COUNTRY,MMR,SEAR,South-East Asia,YEAR,2020,,,,,,,,,8900 [4400-13 000],8900,4400,13000,,2025-11-11T16:20:50Z,2020,2020-01-01,2020-12-31
3702204,TB_e_inc_rr_num,COUNTRY,CPV,AFR,Africa,YEAR,2018,,,,,,,,,4 [0-11],4,0,11,,2025-11-11T16:20:50Z,2018,2018-01-01,2018-12-31
4203433,TB_e_inc_rr_num,COUNTRY,BTN,SEAR,South-East Asia,YEAR,2019,,,,,,,,,230 [180-280],230,180,280,,2025-11-11T16:20:50Z,2019,2019-01-01,2019-12-31
7478419,TB_e_inc_rr_num,COUNTRY,YEM,EMR,Eastern Mediterranean,YEAR,2023,,,,,,,,,320 [0-660],320,0,660,,2025-11-11T16:20:50Z,2023,2023-01-01,2023-12-31
1225578,TB_e_inc_rr_num,COUNTRY,KWT,EMR,Eastern Mediterranean,YEAR,2017,,,,,,,,,26 [18-34],26,18,34,,2025-11-11T16:20:50Z,2017,2017-01-01,2017-12-31
7743826,TB_e_inc_rr_num,COUNTRY,SVK,EUR,Europe,YEAR,2018,,,,,,,,,11 [5-16],11,5,16,,2025-11-11T16:20:50Z,2018,2018-01-01,2018-12-31
9526228,TB_e_inc_rr_num,COUNTRY,SLV,AMR,Americas,YEAR,2019,,,,,,,,,70 [47-93],70,47,93,,2025-11-11T16:20:50Z,2019,2019-01-01,2019-12-31
3385966,TB_e_inc_rr_num,COUNTRY,GAB,AFR,Africa,YEAR,2020,,,,,,,,,570 [130-1000],570,130,1000,,2025-11-11T16:20:50Z,2020,2020-01-01,2020-12-31
6635600,TB_e_inc_rr_num,COUNTRY,CRI,AMR,Americas,YEAR,2018,,,,,,,,,6 [3-9],6,3,9,,2025-11-11T16:20:50Z,2018,2018-01-01,2018-12-31
6667042,TB_e_inc_rr_num,COUNTRY,SWZ,AFR,Africa,YEAR,2021,,,,,,,,,220 [110-330],220,110,330,,2025-11-11T16:20:50Z,2021,2021-01-01,2021-12-31
6705086,TB_e_inc_rr_num,COUNTRY,KGZ,EUR,Europe,YEAR,2022,,,,,,,,,2800 [2200-3500],2800,2200,3500,,2025-11-11T16:20:50Z,2022,2022-01-01,2022-12-31
6774580,TB_e_inc_rr_num,COUNTRY,HRV,EUR,Europe,YEAR,2022,,,,,,,,,2 [1-3],2,1,3,,2025-11-11T16:20:50Z,2022,2022-01-01,2022-12-31
8829018,TB_e_inc_rr_num,COUNTRY,GRC,EUR,Europe,YEAR,2016,,,,,,,,,19 [10-28],19,10,28,,2025-11-11T16:20:50Z,2016,2016-01-01,2016-12-31
2788355,TB_e_inc_rr_num,COUNTRY,IRQ,EMR,Eastern Mediterranean,YEAR,2018,,,,,,,,,550 [400-700],550,400,700,,2025-11-11T16:20:50Z,2018,2018-01-01,2018-12-31
8165723,TB_e_inc_rr_num,COUNTRY,COM,AFR,Africa,YEAR,2020,,,,,,,,,3 [0-8],3,0,8,,2025-11-11T16:20:50Z,2020,2020-01-01,2020-12-31
358932,TB_e_inc_rr_num,COUNTRY,JAM,AMR,Americas,YEAR,2020,,,,,,,,,1 [0-2],1,0,2,,2025-11-11T16:20:50Z,2020,2020-01-01,2020-12-31
5475290,TB_e_inc_rr_num,COUNTRY,MWI,AFR,Africa,YEAR,2021,,,,,,,,,640 [200-1100],640,200,1100,,2025-11-11T16:20:50Z,2021,2021-01-01,2021-12-31
649175,TB_e_inc_rr_num,COUNTRY,BLZ,AMR,Americas,YEAR,2021,,,,,,,,,2 [0-4],2,0,4,,2025-11-11T16:20:50Z,2021,2021-01-01,2021-12-31
8917558,TB_e_inc_rr_num,COUNTRY,SWZ,AFR,Africa,YEAR,2019,,,,,,,,,280 [160-400],280,160,400,,2025-11-11T16:20:50Z,2019,2019-01-01,2019-12-31
7686924,TB_e_inc_rr_num,COUNTRY,BRA,AMR,Americas,YEAR,2015,,,,,,,,,2300 [1100-3500],2300,1100,3500,,2025-11-11T16:20:50Z,2015,2015-01-01,2015-12-31
1257443,TB_e_inc_rr_num,COUNTRY,NOR,EUR,Europe,YEAR,2024,,,,,,,,,17 [11-23],17,11,23,,2025-11-11T16:20:50Z,2024,2024-01-01,2024-12-31
3056662,TB_e_inc_rr_num,COUNTRY,LAO,WPR,Western Pacific,YEAR,2017,,,,,,,,,140 [66-220],140,66,220,,2025-11-11T16:20:50Z,2017,2017-01-01,2017-12-31
7927656,TB_e_inc_rr_num,COUNTRY,ECU,AMR,Americas,YEAR,2020,,,,,,,,,420 [330-510],420,330,510,,2025-11-11T16:20:50Z,2020,2020-01-01,2020-12-31
1478388,TB_e_inc_rr_num,COUNTRY,CZE,EUR,Europe,YEAR,2022,,,,,,,,,21 [15-27],21,15,27,,2025-11-11T16:20:50Z,2022,2022-01-01,2022-12-31
7996362,TB_e_inc_rr_num,COUNTRY,MNG,WPR,Western Pacific,YEAR,2021,,,,,,,,,870 [360-1400],870,360,1400,,2025-11-11T16:20:50Z,2021,2021-01-01,2021-12-31
3588385,TB_e_inc_rr_num,COUNTRY,SVK,EUR,Europe,YEAR,2017,,,,,,,,,9 [4-13],9,4,13,,2025-11-11T16:20:50Z,2017,2017-01-01,2017-12-31
580213,TB_e_inc_rr_num,COUNTRY,MDV,SEAR,South-East Asia,YEAR,2016,,,,,,,,,2 [0-5],2,0,5,,2025-11-11T16:20:50Z,2016,2016-01-01,2016-12-31
2244140,TB_e_inc_rr_num,REGION,SEAR,,,YEAR,2023,,,,,,,,,150 000 [130 000-170 000],150000,130000,170000,,2025-11-11T16:20:50Z,2023,2023-01-01,2023-12-31
934372,TB_e_inc_rr_num,COUNTRY,PRY,AMR,Americas,YEAR,2016,,,,,,,,,42 [27-56],42,27,56,,2025-11-11T16:20:50Z,2016,2016-01-01,2016-12-31
6292678,TB_e_inc_rr_num,COUNTRY,MMR,SEAR,South-East Asia,YEAR,2015,,,,,,,,,13 000 [5300-21 000],13000,5300,21000,,2025-11-11T16:20:50Z,2015,2015-01-01,2015-12-31
9596121,TB_e_inc_rr_num,COUNTRY,BEN,AFR,Africa,YEAR,2018,,,,,,,,,85 [21-150],85,21,150,,2025-11-11T16:20:50Z,2018,2018-01-01,2018-12-31
9811497,TB_e_inc_rr_num,COUNTRY,POL,EUR,Europe,YEAR,2020,,,,,,,,,68 [53-83],68,53,83,,2025-11-11T16:20:50Z,2020,2020-01-01,2020-12-31
9880933,TB_e_inc_rr_num,COUNTRY,RUS,EUR,Europe,YEAR,2023,,,,,,,,,29 000 [14 000-44 000],29000,14000,44000,,2025-11-11T16:20:50Z,2023,2023-01-01,2023-12-31
5057446,TB_e_inc_rr_num,COUNTRY,DOM,AMR,Americas,YEAR,2016,,,,,,,,,760 [470-1100],760,470,1100,,2025-11-11T16:20:50Z,2016,2016-01-01,2016-12-31
9982192,TB_e_inc_rr_num,COUNTRY,GUY,AMR,Americas,YEAR,2015,,,,,,,,,30 [14-46],30,14,46,,2025-11-11T16:20:50Z,2015,2015-01-01,2015-12-31
561179,TB_e_inc_rr_num,COUNTRY,BLR,EUR,Europe,YEAR,2022,,,,,,,,,910 [720-1100],910,720,1100,,2025-11-11T16:20:50Z,2022,2022-01-01,2022-12-31
5538843,TB_e_inc_rr_num,COUNTRY,PRT,EUR,Europe,YEAR,2015,,,,,,,,,36 [24-49],36,24,49,,2025-11-11T16:20:50Z,2015,2015-01-01,2015-12-31
5621276,TB_e_inc_rr_num,COUNTRY,GNQ,AFR,Africa,YEAR,2016,,,,,,,,,160 [0-340],160,0,340,,2025-11-11T16:20:50Z,2016,2016-01-01,2016-12-31
870969,TB_e_inc_rr_num,COUNTRY,VUT,WPR,Western Pacific,YEAR,2021,,,,,,,,,3 [0-7],3,0,7,,2025-11-11T16:20:50Z,2021,2021-01-01,2021-12-31
9298052,TB_e_inc_rr_num,COUNTRY,NOR,EUR,Europe,YEAR,2021,,,,,,,,,12 [8-16],12,8,16,,2025-11-11T16:20:50Z,2021,2021-01-01,2021-12-31
7782067,TB_e_inc_rr_num,COUNTRY,CAF,AFR,Africa,YEAR,2016,,,,,,,,,360 [16-700],360,16,700,,2025-11-11T16:20:50Z,2016,2016-01-01,2016-12-31
9710301,TB_e_inc_rr_num,REGION,WPR,,,YEAR,2022,,,,,,,,,110 000 [90 000-130 000],110000,90000,130000,,2025-11-11T16:20:50Z,2022,2022-01-01,2022-12-31
10108952,TB_e_inc_rr_num,COUNTRY,PSE,EMR,Eastern Mediterranean,YEAR,2022,,,,,,,,,1 [0-2],1,0,2,,2025-11-11T16:20:50Z,2022,2022-01-01,2022-12-31
3981385,TB_e_inc_rr_num,COUNTRY,PRT,EUR,Europe,YEAR,2018,,,,,,,,,29 [17-41],29,17,41,,2025-11-11T16:20:50Z,2018,2018-01-01,2018-12-31
8898580,TB_e_inc_rr_num,COUNTRY,POL,EUR,Europe,YEAR,2021,,,,,,,,,78 [61-95],78,61,95,,2025-11-11T16:20:50Z,2021,2021-01-01,2021-12-31
826615,TB_e_inc_rr_num,COUNTRY,IND,SEAR,South-East Asia,YEAR,2019,,,,,,,,,120 000 [95 000-140 000],120000,95000,140000,,2025-11-11T16:20:50Z,2019,2019-01-01,2019-12-31
5697105,TB_e_inc_rr_num,COUNTRY,SYR,EMR,Eastern Mediterranean,YEAR,2022,,,,,,,,,77 [53-100],77,53,100,,2025-11-11T16:20:50Z,2022,2022-01-01,2022-12-31
4152671,TB_e_inc_rr_num,COUNTRY,ARG,AMR,Americas,YEAR,2016,,,,,,,,,330 [64-590],330,64,590,,2025-11-11T16:20:50Z,2016,2016-01-01,2016-12-31
5836664,TB_e_inc_rr_num,COUNTRY,URY,AMR,Americas,YEAR,2015,,,,,,,,,9 [5-12],9,5,12,,2025-11-11T16:20:50Z,2015,2015-01-01,2015-12-31
4348966,TB_e_inc_rr_num,COUNTRY,GNQ,AFR,Africa,YEAR,2020,,,,,,,,,120 [12-220],120,12,220,,2025-11-11T16:20:50Z,2020,2020-01-01,2020-12-31
6597668,TB_e_inc_rr_num,REGION,AFR,,,YEAR,2019,,,,,,,,,86 000 [68 000-100 000],86000,68000,100000,,2025-11-11T16:20:50Z,2019,2019-01-01,2019-12-31
1902770,TB_e_inc_rr_num,COUNTRY,SYR,EMR,Eastern Mediterranean,YEAR,2016,,,,,,,,,150 [110-200],150,110,200,,2025-11-11T16:20:50Z,2016,2016-01-01,2016-12-31
289590,TB_e_inc_rr_num,COUNTRY,KHM,WPR,Western Pacific,YEAR,2019,,,,,,,,,400 [250-550],400,250,550,,2025-11-11T16:20:50Z,2019,2019-01-01,2019-12-31
3550632,TB_e_inc_rr_num,COUNTRY,MKD,EUR,Europe,YEAR,2018,,,,,,,,,5 [3-7],5,3,7,,2025-11-11T16:20:50Z,2018,2018-01-01,2018-12-31
617801,TB_e_inc_rr_num,COUNTRY,CHL,AMR,Americas,YEAR,2022,,,,,,,,,86 [66-110],86,66,110,,2025-11-11T16:20:50Z,2022,2022-01-01,2022-12-31
1016772,TB_e_inc_rr_num,COUNTRY,DNK,EUR,Europe,YEAR,2015,,,,,,,,,5 [3-7],5,3,7,,2025-11-11T16:20:50Z,2015,2015-01-01,2015-12-31
6724295,TB_e_inc_rr_num,COUNTRY,TJK,EUR,Europe,YEAR,2016,,,,,,,,,1900 [1500-2300],1900,1500,2300,,2025-11-11T16:20:50Z,2016,2016-01-01,2016-12-31
6730646,TB_e_inc_rr_num,COUNTRY,BHR,EMR,Eastern Mediterranean,YEAR,2019,,,,,,,,,6 [3-8],6,3,8,,2025-11-11T16:20:50Z,2019,2019-01-01,2019-12-31
5241323,TB_e_inc_rr_num,COUNTRY,GAB,AFR,Africa,YEAR,2017,,,,,,,,,710 [0-1500],710,0,1500,,2025-11-11T16:20:50Z,2017,2017-01-01,2017-12-31
459528,TB_e_inc_rr_num,COUNTRY,ISR,EUR,Europe,YEAR,2022,,,,,,,,,19 [13-25],19,13,25,,2025-11-11T16:20:50Z,2022,2022-01-01,2022-12-31
5405826,TB_e_inc_rr_num,COUNTRY,USA,AMR,Americas,YEAR,2023,,,,,,,,,220 [170-280],220,170,280,,2025-11-11T16:20:50Z,2023,2023-01-01,2023-12-31
3924236,TB_e_inc_rr_num,COUNTRY,FSM,WPR,Western Pacific,YEAR,2020,,,,,,,,,2 [0-4],2,0,4,,2025-11-11T16:20:50Z,2020,2020-01-01,2020-12-31
794901,TB_e_inc_rr_num,COUNTRY,MYS,WPR,Western Pacific,YEAR,2015,,,,,,,,,640 [470-810],640,470,810,,2025-11-11T16:20:50Z,2015,2015-01-01,2015-12-31
2447303,TB_e_inc_rr_num,COUNTRY,HUN,EUR,Europe,YEAR,2019,,,,,,,,,34 [24-44],34,24,44,,2025-11-11T16:20:50Z,2019,2019-01-01,2019-12-31
1029404,TB_e_inc_rr_num,COUNTRY,MUS,AFR,Africa,YEAR,2017,,,,,,,,,2 [1-3],2,1,3,,2025-11-11T16:20:50Z,2017,2017-01-01,2017-12-31
7737864,TB_e_inc_rr_num,COUNTRY,BLR,EUR,Europe,YEAR,2023,,,,,,,,,810 [640-980],810,640,980,,2025-11-11T16:20:50Z,2023,2023-01-01,2023-12-31
4911756,TB_e_inc_rr_num,COUNTRY,MLI,AFR,Africa,YEAR,2020,,,,,,,,,170 [25-310],170,25,310,,2025-11-11T16:20:50Z,2020,2020-01-01,2020-12-31
5311021,TB_e_inc_rr_num,COUNTRY,VUT,WPR,Western Pacific,YEAR,2020,,,,,,,,,3 [0-7],3,0,7,,2025-11-11T16:20:50Z,2020,2020-01-01,2020-12-31
4102143,TB_e_inc_rr_num,COUNTRY,SUR,AMR,Americas,YEAR,2020,,,,,,,,,18 [12-24],18,12,24,,2025-11-11T16:20:50Z,2020,2020-01-01,2020-12-31
4197270,TB_e_inc_rr_num,COUNTRY,GNB,AFR,Africa,YEAR,2016,,,,,,,,,99 [5-190],99,5,190,,2025-11-11T16:20:50Z,2016,2016-01-01,2016-12-31
6388111,TB_e_inc_rr_num,COUNTRY,ETH,AFR,Africa,YEAR,2018,,,,,,,,,2500 [910-4100],2500,910,4100,,2025-11-11T16:20:50Z,2018,2018-01-01,2018-12-31
9716705,TB_e_inc_rr_num,COUNTRY,EST,EUR,Europe,YEAR,2022,,,,,,,,,42 [31-52],42,31,52,,2025-11-11T16:20:50Z,2022,2022-01-01,2022-12-31
3341712,TB_e_inc_rr_num,COUNTRY,LVA,EUR,Europe,YEAR,2018,,,,,,,,,67 [50-85],67,50,85,,2025-11-11T16:20:50Z,2018,2018-01-01,2018-12-31
5070260,TB_e_inc_rr_num,COUNTRY,AUT,EUR,Europe,YEAR,2015,,,,,,,,,27 [18-37],27,18,37,,2025-11-11T16:20:50Z,2015,2015-01-01,2015-12-31
8854406,TB_e_inc_rr_num,COUNTRY,MDV,SEAR,South-East Asia,YEAR,2024,,,,,,,,,2 [0-4],2,0,4,,2025-11-11T16:20:50Z,2024,2024-01-01,2024-12-31
8911334,TB_e_inc_rr_num,COUNTRY,CAN,AMR,Americas,YEAR,2018,,,,,,,,,31 [20-42],31,20,42,,2025-11-11T16:20:50Z,2018,2018-01-01,2018-12-31
2510345,TB_e_inc_rr_num,COUNTRY,MYS,WPR,Western Pacific,YEAR,2016,,,,,,,,,630 [470-780],630,470,780,,2025-11-11T16:20:50Z,2016,2016-01-01,2016-12-31
4531285,TB_e_inc_rr_num,COUNTRY,NER,AFR,Africa,YEAR,2017,,,,,,,,,750 [0-1500],750,0,1500,,2025-11-11T16:20:50Z,2017,2017-01-01,2017-12-31
2997859,TB_e_inc_rr_num,COUNTRY,STP,AFR,Africa,YEAR,2019,,,,,,,,,10 [1-19],10,1,19,,2025-11-11T16:20:50Z,2019,2019-01-01,2019-12-31
1573397,TB_e_inc_rr_num,COUNTRY,COL,AMR,Americas,YEAR,2015,,,,,,,,,540 [150-930],540,150,930,,2025-11-11T16:20:50Z,2015,2015-01-01,2015-12-31
3284798,TB_e_inc_rr_num,COUNTRY,GEO,EUR,Europe,YEAR,2021,,,,,,,,,340 [270-410],340,270,410,,2025-11-11T16:20:50Z,2021,2021-01-01,2021-12-31
289673,TB_e_inc_rr_num,COUNTRY,RWA,AFR,Africa,YEAR,2024,,,,,,,,,110 [72-150],110,72,150,,2025-11-11T16:20:50Z,2024,2024-01-01,2024-12-31
2478681,TB_e_inc_rr_num,COUNTRY,BFA,AFR,Africa,YEAR,2023,,,,,,,,,250 [83-410],250,83,410,,2025-11-11T16:20:50Z,2023,2023-01-01,2023-12-31
5887523,TB_e_inc_rr_num,COUNTRY,CRI,AMR,Americas,YEAR,2024,,,,,,,,,5 [2-7],5,2,7,,2025-11-11T16:20:50Z,2024,2024-01-01,2024-12-31
2934630,TB_e_inc_rr_num,COUNTRY,JPN,WPR,Western Pacific,YEAR,2020,,,,,,,,,420 [0-970],420,0,970,,2025-11-11T16:20:50Z,2020,2020-01-01,2020-12-31
3240412,TB_e_inc_rr_num,COUNTRY,ALB,EUR,Europe,YEAR,2015,,,,,,,,,13 [8-19],13,8,19,,2025-11-11T16:20:50Z,2015,2015-01-01,2015-12-31
9780154,TB_e_inc_rr_num,COUNTRY,ISR,EUR,Europe,YEAR,2017,,,,,,,,,19 [14-24],19,14,24,,2025-11-11T16:20:50Z,2017,2017-01-01,2017-12-31
4949925,TB_e_inc_rr_num,COUNTRY,ZWE,AFR,Africa,YEAR,2020,,,,,,,,,970 [670-1300],970,670,1300,,2025-11-11T16:20:50Z,2020,2020-01-01,2020-12-31
3468307,TB_e_inc_rr_num,COUNTRY,NZL,WPR,Western Pacific,YEAR,2024,,,,,,,,,12 [0-25],12,0,25,,2025-11-11T16:20:50Z,2024,2024-01-01,2024-12-31
10090010,TB_e_inc_rr_num,COUNTRY,BDI,AFR,Africa,YEAR,2019,,,,,,,,,320 [44-600],320,44,600,,2025-11-11T16:20:50Z,2019,2019-01-01,2019-12-31
4025946,TB_e_inc_rr_num,COUNTRY,AUT,EUR,Europe,YEAR,2024,,,,,,,,,15 [5-24],15,5,24,,2025-11-11T16:20:50Z,2024,2024-01-01,2024-12-31
7319966,TB_e_inc_rr_num,COUNTRY,QAT,EMR,Eastern Mediterranean,YEAR,2017,,,,,,,,,14 [10-18],14,10,18,,2025-11-11T16:20:50Z,2017,2017-01-01,2017-12-31
7586266,TB_e_inc_rr_num,COUNTRY,PNG,WPR,Western Pacific,YEAR,2023,,,,,,,,,3600 [990-6200],3600,990,6200,,2025-11-11T16:20:50Z,2023,2023-01-01,2023-12-31
5976452,TB_e_inc_rr_num,COUNTRY,BTN,SEAR,South-East Asia,YEAR,2021,,,,,,,,,180 [140-220],180,140,220,,2025-11-11T16:20:50Z,2021,2021-01-01,2021-12-31
1289333,TB_e_inc_rr_num,COUNTRY,SLE,AFR,Africa,YEAR,2022,,,,,,,,,770 [0-2100],770,0,2100,,2025-11-11T16:20:50Z,2022,2022-01-01,2022-12-31
6419962,TB_e_inc_rr_num,COUNTRY,KEN,AFR,Africa,YEAR,2017,,,,,,,,,2000 [860-3200],2000,860,3200,,2025-11-11T16:20:50Z,2017,2017-01-01,2017-12-31
8184740,TB_e_inc_rr_num,COUNTRY,AZE,EUR,Europe,YEAR,2017,,,,,,,,,1900 [1500-2300],1900,1500,2300,,2025-11-11T16:20:50Z,2017,2017-01-01,2017-12-31
8443989,TB_e_inc_rr_num,COUNTRY,TCD,AFR,Africa,YEAR,2020,,,,,,,,,410 [130-690],410,130,690,,2025-11-11T16:20:50Z,2020,2020-01-01,2020-12-31
8469386,TB_e_inc_rr_num,COUNTRY,SGP,WPR,Western Pacific,YEAR,2020,,,,,,,,,43 [33-54],43,33,54,,2025-11-11T16:20:50Z,2020,2020-01-01,2020-12-31
6984144,TB_e_inc_rr_num,COUNTRY,IRQ,EMR,Eastern Mediterranean,YEAR,2022,,,,,,,,,370 [270-470],370,270,470,,2025-11-11T16:20:50Z,2022,2022-01-01,2022-12-31
4386008,TB_e_inc_rr_num,COUNTRY,SLV,AMR,Americas,YEAR,2023,,,,,,,,,100 [70-140],100,70,140,,2025-11-11T16:20:50Z,2023,2023-01-01,2023-12-31
1554508,TB_e_inc_rr_num,COUNTRY,QAT,EMR,Eastern Mediterranean,YEAR,2024,,,,,,,,,24 [15-33],24,15,33,,2025-11-11T16:20:50Z,2024,2024-01-01,2024-12-31
9950800,TB_e_inc_rr_num,COUNTRY,KWT,EMR,Eastern Mediterranean,YEAR,2019,,,,,,,,,22 [15-29],22,15,29,,2025-11-11T16:20:50Z,2019,2019-01-01,2019-12-31
283385,TB_e_inc_rr_num,COUNTRY,PER,AMR,Americas,YEAR,2021,,,,,,,,,3700 [2700-4700],3700,2700,4700,,2025-11-11T16:20:50Z,2021,2021-01-01,2021-12-31
6781216,TB_e_inc_rr_num,COUNTRY,CHL,AMR,Americas,YEAR,2024,,,,,,,,,96 [72-120],96,72,120,,2025-11-11T16:20:50Z,2024,2024-01-01,2024-12-31
8665472,TB_e_inc_rr_num,COUNTRY,VEN,AMR,Americas,YEAR,2015,,,,,,,,,600 [0-1700],600,0,1700,,2025-11-11T16:20:50Z,2015,2015-01-01,2015-12-31
599099,TB_e_inc_rr_num,GLOBAL,GLOBAL,,,YEAR,2018,,,,,,,,,480 000 [440 000-520 000],480000,440000,520000,,2025-11-11T16:20:50Z,2018,2018-01-01,2018-12-31
4000606,TB_e_inc_rr_num,COUNTRY,HND,AMR,Americas,YEAR,2018,,,,,,,,,91 [0-190],91,0,190,,2025-11-11T16:20:50Z,2018,2018-01-01,2018-12-31
8860892,TB_e_inc_rr_num,COUNTRY,BLZ,AMR,Americas,YEAR,2018,,,,,,,,,3 [0-5],3,0,5,,2025-11-11T16:20:50Z,2018,2018-01-01,2018-12-31
7820288,TB_e_inc_rr_num,COUNTRY,NGA,AFR,Africa,YEAR,2015,,,,,,,,,21 000 [13 000-30 000],21000,13000,30000,,2025-11-11T16:20:50Z,2015,2015-01-01,2015-12-31
3177022,TB_e_inc_rr_num,COUNTRY,CAN,AMR,Americas,YEAR,2016,,,,,,,,,30 [21-39],30,21,39,,2025-11-11T16:20:50Z,2016,2016-01-01,2016-12-31
9995144,TB_e_inc_rr_num,COUNTRY,NOR,EUR,Europe,YEAR,2019,,,,,,,,,12 [8-15],12,8,15,,2025-11-11T16:20:50Z,2019,2019-01-01,2019-12-31
5653084,TB_e_inc_rr_num,COUNTRY,LSO,AFR,Africa,YEAR,2016,,,,,,,,,920 [470-1400],920,470,1400,,2025-11-11T16:20:50Z,2016,2016-01-01,2016-12-31
7586330,TB_e_inc_rr_num,COUNTRY,LUX,EUR,Europe,YEAR,2022,,,,,,,,,1 [0-2],1,0,2,,2025-11-11T16:20:50Z,2022,2022-01-01,2022-12-31
2903039,TB_e_inc_rr_num,COUNTRY,USA,AMR,Americas,YEAR,2019,,,,,,,,,210 [160-260],210,160,260,,2025-11-11T16:20:50Z,2019,2019-01-01,2019-12-31
6216818,TB_e_inc_rr_num,COUNTRY,BFA,AFR,Africa,YEAR,2020,,,,,,,,,260 [86-430],260,86,430,,2025-11-11T16:20:50Z,2020,2020-01-01,2020-12-31
5361542,TB_e_inc_rr_num,COUNTRY,UGA,AFR,Africa,YEAR,2018,,,,,,,,,1000 [530-1500],1000,530,1500,,2025-11-11T16:20:50Z,2018,2018-01-01,2018-12-31
3797826,TB_e_inc_rr_num,COUNTRY,MAC,,,YEAR,2021,,,,,,,,,15 [9-21],15,9,21,,2025-11-11T16:20:50Z,2021,2021-01-01,2021-12-31
8886153,TB_e_inc_rr_num,COUNTRY,SWZ,AFR,Africa,YEAR,2017,,,,,,,,,450 [190-720],450,190,720,,2025-11-11T16:20:50Z,2017,2017-01-01,2017-12-31
9082857,TB_e_inc_rr_num,COUNTRY,BLZ,AMR,Americas,YEAR,2022,,,,,,,,,2 [0-5],2,0,5,,2025-11-11T16:20:50Z,2022,2022-01-01,2022-12-31
2687166,TB_e_inc_rr_num,COUNTRY,GRC,EUR,Europe,YEAR,2020,,,,,,,,,14 [6-21],14,6,21,,2025-11-11T16:20:50Z,2020,2020-01-01,2020-12-31
7833016,TB_e_inc_rr_num,COUNTRY,SLE,AFR,Africa,YEAR,2017,,,,,,,,,880 [0-2500],880,0,2500,,2025-11-11T16:20:50Z,2017,2017-01-01,2017-12-31
36709,TB_e_inc_rr_num,COUNTRY,SLV,AMR,Americas,YEAR,2024,,,,,,,,,140 [97-190],140,97,190,,2025-11-11T16:20:50Z,2024,2024-01-01,2024-12-31
1871264,TB_e_inc_rr_num,COUNTRY,COL,AMR,Americas,YEAR,2021,,,,,,,,,910 [0-1900],910,0,1900,,2025-11-11T16:20:50Z,2021,2021-01-01,2021-12-31
9976157,TB_e_inc_rr_num,COUNTRY,JOR,EMR,Eastern Mediterranean,YEAR,2024,,,,,,,,,10 [3-17],10,3,17,,2025-11-11T16:20:50Z,2024,2024-01-01,2024-12-31
8583754,TB_e_inc_rr_num,COUNTRY,BFA,AFR,Africa,YEAR,2022,,,,,,,,,250 [84-420],250,84,420,,2025-11-11T16:20:50Z,2022,2022-01-01,2022-12-31
3854884,TB_e_inc_rr_num,COUNTRY,MDA,EUR,Europe,YEAR,2021,,,,,,,,,830 [650-1000],830,650,1000,,2025-11-11T16:20:50Z,2021,2021-01-01,2021-12-31
5634222,TB_e_inc_rr_num,COUNTRY,PAK,EMR,Eastern Mediterranean,YEAR,2024,,,,,,,,,14 000 [8700-18 000],14000,8700,18000,,2025-11-11T16:20:50Z,2024,2024-01-01,2024-12-31
2593045,TB_e_inc_rr_num,REGION,AFR,,,YEAR,2018,,,,,,,,,98 000 [74 000-120 000],98000,74000,120000,,2025-11-11T16:20:50Z,2018,2018-01-01,2018-12-31
7921631,TB_e_inc_rr_num,COUNTRY,DNK,EUR,Europe,YEAR,2020,,,,,,,,,5 [3-7],5,3,7,,2025-11-11T16:20:50Z,2020,2020-01-01,2020-12-31
3076021,TB_e_inc_rr_num,COUNTRY,TLS,SEAR,South-East Asia,YEAR,2022,,,,,,,,,49 [0-98],49,0,98,,2025-11-11T16:20:50Z,2022,2022-01-01,2022-12-31
9811805,TB_e_inc_rr_num,COUNTRY,SVN,EUR,Europe,YEAR,2016,,,,,,,,,1 [0-2],1,0,2,,2025-11-11T16:20:50Z,2016,2016-01-01,2016-12-31
10045781,TB_e_inc_rr_num,COUNTRY,YEM,EMR,Eastern Mediterranean,YEAR,2021,,,,,,,,,280 [18-540],280,18,540,,2025-11-11T16:20:50Z,2021,2021-01-01,2021-12-31
2137312,TB_e_inc_rr_num,COUNTRY,CHE,EUR,Europe,YEAR,2024,,,,,,,,,20 [9-30],20,9,30,,2025-11-11T16:20:50Z,2024,2024-01-01,2024-12-31
7034810,TB_e_inc_rr_num,COUNTRY,VNM,WPR,Western Pacific,YEAR,2015,,,,,,,,,9000 [4700-13 000],9000,4700,13000,,2025-11-11T16:20:50Z,2015,2015-01-01,2015-12-31
7199916,TB_e_inc_rr_num,COUNTRY,JOR,EMR,Eastern Mediterranean,YEAR,2018,,,,,,,,,23 [11-35],23,11,35,,2025-11-11T16:20:50Z,2018,2018-01-01,2018-12-31
5792548,TB_e_inc_rr_num,COUNTRY,IND,SEAR,South-East Asia,YEAR,2021,,,,,,,,,120 000 [98 000-140 000],120000,98000,140000,,2025-11-11T16:20:50Z,2021,2021-01-01,2021-12-31
2574009,TB_e_inc_rr_num,COUNTRY,ZMB,AFR,Africa,YEAR,2016,,,,,,,,,1400 [700-2100],1400,700,2100,,2025-11-11T16:20:50Z,2016,2016-01-01,2016-12-31
4556889,TB_e_inc_rr_num,COUNTRY,SYR,EMR,Eastern Mediterranean,YEAR,2015,,,,,,,,,160 [110-210],160,110,210,,2025-11-11T16:20:50Z,2015,2015-01-01,2015-12-31
9773965,TB_e_inc_rr_num,COUNTRY,STP,AFR,Africa,YEAR,2018,,,,,,,,,12 [0-24],12,0,24,,2025-11-11T16:20:50Z,2018,2018-01-01,2018-12-31
8197586,TB_e_inc_rr_num,COUNTRY,LBN,EMR,Eastern Mediterranean,YEAR,2017,,,,,,,,,15 [9-21],15,9,21,,2025-11-11T16:20:50Z,2017,2017-01-01,2017-12-31
359337,TB_e_inc_rr_num,COUNTRY,CIV,AFR,Africa,YEAR,2019,,,,,,,,,1200 [380-2000],1200,380,2000,,2025-11-11T16:20:50Z,2019,2019-01-01,2019-12-31
3645564,TB_e_inc_rr_num,COUNTRY,NAM,AFR,Africa,YEAR,2024,,,,,,,,,540 [300-790],540,300,790,,2025-11-11T16:20:50Z,2024,2024-01-01,2024-12-31
7946953,TB_e_inc_rr_num,COUNTRY,IRN,EMR,Eastern Mediterranean,YEAR,2020,,,,,,,,,210 [68-360],210,68,360,,2025-11-11T16:20:50Z,2020,2020-01-01,2020-12-31
6636023,TB_e_inc_rr_num,COUNTRY,ZAF,AFR,Africa,YEAR,2023,,,,,,,,,14 000 [7900-20 000],14000,7900,20000,,2025-11-11T16:20:50Z,2023,2023-01-01,2023-12-31
175892,TB_e_inc_rr_num,COUNTRY,LBR,AFR,Africa,YEAR,2021,,,,,,,,,490 [0-1500],490,0,1500,,2025-11-11T16:20:50Z,2021,2021-01-01,2021-12-31
10045821,TB_e_inc_rr_num,COUNTRY,JOR,EMR,Eastern Mediterranean,YEAR,2022,,,,,,,,,13 [5-22],13,5,22,,2025-11-11T16:20:50Z,2022,2022-01-01,2022-12-31
6971616,TB_e_inc_rr_num,COUNTRY,SWE,EUR,Europe,YEAR,2021,,,,,,,,,17 [12-22],17,12,22,,2025-11-11T16:20:50Z,2021,2021-01-01,2021-12-31
5437824,TB_e_inc_rr_num,COUNTRY,TZA,AFR,Africa,YEAR,2016,,,,,,,,,3200 [700-5700],3200,700,5700,,2025-11-11T16:20:50Z,2016,2016-01-01,2016-12-31
9209776,TB_e_inc_rr_num,REGION,SEAR,,,YEAR,2015,,,,,,,,,150 000 [110 000-180 000],150000,110000,180000,,2025-11-11T16:20:50Z,2015,2015-01-01,2015-12-31
1283154,TB_e_inc_rr_num,COUNTRY,NER,AFR,Africa,YEAR,2023,,,,,,,,,650 [130-1200],650,130,1200,,2025-11-11T16:20:50Z,2023,2023-01-01,2023-12-31
3004458,TB_e_inc_rr_num,COUNTRY,SLE,AFR,Africa,YEAR,2018,,,,,,,,,850 [0-2400],850,0,2400,,2025-11-11T16:20:50Z,2018,2018-01-01,2018-12-31
1478795,TB_e_inc_rr_num,COUNTRY,IDN,WPR,Western Pacific,YEAR,2021,,,,,,,,,30 000 [26 000-35 000],30000,26000,35000,,2025-11-11T16:20:50Z,2021,2021-01-01,2021-12-31
3506606,TB_e_inc_rr_num,COUNTRY,MNE,EUR,Europe,YEAR,2018,,,,,,,,,1 [0-2],1,0,2,,2025-11-11T16:20:50Z,2018,2018-01-01,2018-12-31
7358299,TB_e_inc_rr_num,COUNTRY,VUT,WPR,Western Pacific,YEAR,2017,,,,,,,,,4 [0-8],4,0,8,,2025-11-11T16:20:50Z,2017,2017-01-01,2017-12-31
7548556,TB_e_inc_rr_num,COUNTRY,BGD,SEAR,South-East Asia,YEAR,2017,,,,,,,,,3800 [2200-5400],3800,2200,5400,,2025-11-11T16:20:50Z,2017,2017-01-01,2017-12-31
2865065,TB_e_inc_rr_num,COUNTRY,SLB,WPR,Western Pacific,YEAR,2019,,,,,,,,,14 [0-38],14,0,38,,2025-11-11T16:20:50Z,2019,2019-01-01,2019-12-31
2985468,TB_e_inc_rr_num,COUNTRY,THA,SEAR,South-East Asia,YEAR,2024,,,,,,,,,2400 [1800-3100],2400,1800,3100,,2025-11-11T16:20:50Z,2024,2024-01-01,2024-12-31
4874083,TB_e_inc_rr_num,COUNTRY,BWA,AFR,Africa,YEAR,2017,,,,,,,,,300 [93-500],300,93,500,,2025-11-11T16:20:50Z,2017,2017-01-01,2017-12-31
150554,TB_e_inc_rr_num,COUNTRY,PRY,AMR,Americas,YEAR,2015,,,,,,,,,44 [29-60],44,29,60,,2025-11-11T16:20:50Z,2015,2015-01-01,2015-12-31
3614055,TB_e_inc_rr_num,COUNTRY,LTU,EUR,Europe,YEAR,2017,,,,,,,,,320 [250-390],320,250,390,,2025-11-11T16:20:50Z,2017,2017-01-01,2017-12-31
7066647,TB_e_inc_rr_num,COUNTRY,EGY,EMR,Eastern Mediterranean,YEAR,2021,,,,,,,,,220 [160-280],220,160,280,,2025-11-11T16:20:50Z,2021,2021-01-01,2021-12-31
6756408,TB_e_inc_rr_num,COUNTRY,AZE,EUR,Europe,YEAR,2024,,,,,,,,,1500 [1100-1800],1500,1100,1800,,2025-11-11T16:20:50Z,2024,2024-01-01,2024-12-31
8418913,TB_e_inc_rr_num,COUNTRY,PRY,AMR,Americas,YEAR,2021,,,,,,,,,30 [20-41],30,20,41,,2025-11-11T16:20:50Z,2021,2021-01-01,2021-12-31
731697,TB_e_inc_rr_num,COUNTRY,NER,AFR,Africa,YEAR,2020,,,,,,,,,650 [97-1200],650,97,1200,,2025-11-11T16:20:50Z,2020,2020-01-01,2020-12-31
8930737,TB_e_inc_rr_num,COUNTRY,SLB,WPR,Western Pacific,YEAR,2017,,,,,,,,,15 [0-40],15,0,40,,2025-11-11T16:20:50Z,2017,2017-01-01,2017-12-31
795303,TB_e_inc_rr_num,COUNTRY,KIR,WPR,Western Pacific,YEAR,2018,,,,,,,,,10 [3-18],10,3,18,,2025-11-11T16:20:50Z,2018,2018-01-01,2018-12-31
4045298,TB_e_inc_rr_num,COUNTRY,BIH,EUR,Europe,YEAR,2022,,,,,,,,,2 [1-4],2,1,4,,2025-11-11T16:20:50Z,2022,2022-01-01,2022-12-31
4474463,TB_e_inc_rr_num,COUNTRY,BRN,WPR,Western Pacific,YEAR,2016,,,,,,,,,1 [0-2],1,0,2,,2025-11-11T16:20:50Z,2016,2016-01-01,2016-12-31
2890571,TB_e_inc_rr_num,COUNTRY,LAO,WPR,Western Pacific,YEAR,2021,,,,,,,,,76 [41-110],76,41,110,,2025-11-11T16:20:50Z,2021,2021-01-01,2021-12-31
1409334,TB_e_inc_rr_num,COUNTRY,RWA,AFR,Africa,YEAR,2023,,,,,,,,,120 [77-160],120,77,160,,2025-11-11T16:20:50Z,2023,2023-01-01,2023-12-31
384613,TB_e_inc_rr_num,COUNTRY,UZB,EUR,Europe,YEAR,2015,,,,,,,,,4100 [3200-5100],4100,3200,5100,,2025-11-11T16:20:50Z,2015,2015-01-01,2015-12-31
637186,TB_e_inc_rr_num,COUNTRY,DNK,EUR,Europe,YEAR,2022,,,,,,,,,6 [3-8],6,3,8,,2025-11-11T16:20:50Z,2022,2022-01-01,2022-12-31
5558414,TB_e_inc_rr_num,COUNTRY,BGR,EUR,Europe,YEAR,2017,,,,,,,,,74 [48-100],74,48,100,,2025-11-11T16:20:50Z,2017,2017-01-01,2017-12-31
9235089,TB_e_inc_rr_num,COUNTRY,TJK,EUR,Europe,YEAR,2023,,,,,,,,,1900 [1400-2300],1900,1400,2300,,2025-11-11T16:20:50Z,2023,2023-01-01,2023-12-31
6426589,TB_e_inc_rr_num,COUNTRY,ITA,EUR,Europe,YEAR,2019,,,,,,,,,110 [78-140],110,78,140,,2025-11-11T16:20:50Z,2019,2019-01-01,2019-12-31
8495106,TB_e_inc_rr_num,COUNTRY,MNE,EUR,Europe,YEAR,2024,,,,,,,,,1 [0-2],1,0,2,,2025-11-11T16:20:50Z,2024,2024-01-01,2024-12-31
6914610,TB_e_inc_rr_num,COUNTRY,IRQ,EMR,Eastern Mediterranean,YEAR,2017,,,,,,,,,640 [460-820],640,460,820,,2025-11-11T16:20:50Z,2017,2017-01-01,2017-12-31
3721936,TB_e_inc_rr_num,REGION,EUR,,,YEAR,2021,,,,,,,,,67 000 [51 000-82 000],67000,51000,82000,,2025-11-11T16:20:50Z,2021,2021-01-01,2021-12-31
7231813,TB_e_inc_rr_num,COUNTRY,MYS,WPR,Western Pacific,YEAR,2019,,,,,,,,,530 [410-640],530,410,640,,2025-11-11T16:20:50Z,2019,2019-01-01,2019-12-31
4317981,TB_e_inc_rr_num,COUNTRY,EGY,EMR,Eastern Mediterranean,YEAR,2015,,,,,,,,,950 [690-1200],950,690,1200,,2025-11-11T16:20:50Z,2015,2015-01-01,2015-12-31
7769826,TB_e_inc_rr_num,COUNTRY,HTI,AMR,Americas,YEAR,2018,,,,,,,,,1500 [0-4100],1500,0,4100,,2025-11-11T16:20:50Z,2018,2018-01-01,2018-12-31
6521825,TB_e_inc_rr_num,COUNTRY,ERI,AFR,Africa,YEAR,2017,,,,,,,,,160 [83-240],160,83,240,,2025-11-11T16:20:50Z,2017,2017-01-01,2017-12-31
9761506,TB_e_inc_rr_num,COUNTRY,ZMB,AFR,Africa,YEAR,2022,,,,,,,,,1200 [610-1800],1200,610,1800,,2025-11-11T16:20:50Z,2022,2022-01-01,2022-12-31
6636205,TB_e_inc_rr_num,COUNTRY,SSD,AFR,Africa,YEAR,2019,,,,,,,,,860 [0-2400],860,0,2400,,2025-11-11T16:20:50Z,2019,2019-01-01,2019-12-31
8292695,TB_e_inc_rr_num,REGION,WPR,,,YEAR,2018,,,,,,,,,130 000 [110 000-150 000],130000,110000,150000,,2025-11-11T16:20:50Z,2018,2018-01-01,2018-12-31
8374623,TB_e_inc_rr_num,COUNTRY,SRB,EUR,Europe,YEAR,2022,,,,,,,,,17 [3-31],17,3,31,,2025-11-11T16:20:50Z,2022,2022-01-01,2022-12-31
6901927,TB_e_inc_rr_num,COUNTRY,BRN,WPR,Western Pacific,YEAR,2017,,,,,,,,,1 [0-2],1,0,2,,2025-11-11T16:20:50Z,2017,2017-01-01,2017-12-31
605731,TB_e_inc_rr_num,COUNTRY,GRC,EUR,Europe,YEAR,2019,,,,,,,,,17 [8-26],17,8,26,,2025-11-11T16:20:50Z,2019,2019-01-01,2019-12-31
1226238,TB_e_inc_rr_num,COUNTRY,CYP,EUR,Europe,YEAR,2022,,,,,,,,,2 [1-4],2,1,4,,2025-11-11T16:20:50Z,2022,2022-01-01,2022-12-31
2282787,TB_e_inc_rr_num,COUNTRY,KGZ,EUR,Europe,YEAR,2019,,,,,,,,,3000 [2400-3600],3000,2400,3600,,2025-11-11T16:20:50Z,2019,2019-01-01,2019-12-31
4032692,TB_e_inc_rr_num,COUNTRY,HRV,EUR,Europe,YEAR,2020,,,,,,,,,2 [1-2],2,1,2,,2025-11-11T16:20:50Z,2020,2020-01-01,2020-12-31
808110,TB_e_inc_rr_num,COUNTRY,DZA,AFR,Africa,YEAR,2021,,,,,,,,,470 [0-1100],470,0,1100,,2025-11-11T16:20:50Z,2021,2021-01-01,2021-12-31
8943607,TB_e_inc_rr_num,COUNTRY,EST,EUR,Europe,YEAR,2017,,,,,,,,,54 [41-67],54,41,67,,2025-11-11T16:20:50Z,2017,2017-01-01,2017-12-31
4146849,TB_e_inc_rr_num,COUNTRY,CHN,WPR,Western Pacific,YEAR,2022,,,,,,,,,33 000 [26 000-41 000],33000,26000,41000,,2025-11-11T16:20:50Z,2022,2022-01-01,2022-12-31
4424494,TB_e_inc_rr_num,COUNTRY,VEN,AMR,Americas,YEAR,2020,,,,,,,,,710 [0-1800],710,0,1800,,2025-11-11T16:20:50Z,2020,2020-01-01,2020-12-31
4443078,TB_e_inc_rr_num,COUNTRY,SUR,AMR,Americas,YEAR,2024,,,,,,,,,24 [15-33],24,15,33,,2025-11-11T16:20:50Z,2024,2024-01-01,2024-12-31
24249,TB_e_inc_rr_num,COUNTRY,GUY,AMR,Americas,YEAR,2019,,,,,,,,,20 [12-28],20,12,28,,2025-11-11T16:20:50Z,2019,2019-01-01,2019-12-31
1763856,TB_e_inc_rr_num,COUNTRY,SEN,AFR,Africa,YEAR,2021,,,,,,,,,410 [110-710],410,110,710,,2025-11-11T16:20:50Z,2021,2021-01-01,2021-12-31
8317893,TB_e_inc_rr_num,COUNTRY,BHR,EMR,Eastern Mediterranean,YEAR,2024,,,,,,,,,4 [2-6],4,2,6,,2025-11-11T16:20:50Z,2024,2024-01-01,2024-12-31
10039704,TB_e_inc_rr_num,COUNTRY,ITA,EUR,Europe,YEAR,2023,,,,,,,,,89 [59-120],89,59,120,,2025-11-11T16:20:50Z,2023,2023-01-01,2023-12-31
2200575,TB_e_inc_rr_num,COUNTRY,GNB,AFR,Africa,YEAR,2017,,,,,,,,,96 [12-180],96,12,180,,2025-11-11T16:20:50Z,2017,2017-01-01,2017-12-31
3956507,TB_e_inc_rr_num,COUNTRY,PRI,AMR,Americas,YEAR,2019,,,,,,,,,2 [1-3],2,1,3,,2025-11-11T16:20:50Z,2019,2019-01-01,2019-12-31
890628,TB_e_inc_rr_num,COUNTRY,GTM,AMR,Americas,YEAR,2019,,,,,,,,,120 [89-150],120,89,150,,2025-11-11T16:20:50Z,2019,2019-01-01,2019-12-31
9019756,TB_e_inc_rr_num,COUNTRY,AUT,EUR,Europe,YEAR,2021,,,,,,,,,17 [9-25],17,9,25,,2025-11-11T16:20:50Z,2021,2021-01-01,2021-12-31
3114044,TB_e_inc_rr_num,COUNTRY,NZL,WPR,Western Pacific,YEAR,2018,,,,,,,,,7 [2-12],7,2,12,,2025-11-11T16:20:50Z,2018,2018-01-01,2018-12-31
9596753,TB_e_inc_rr_num,COUNTRY,VEN,AMR,Americas,YEAR,2023,,,,,,,,,650 [0-1600],650,0,1600,,2025-11-11T16:20:50Z,2023,2023-01-01,2023-12-31
1827267,TB_e_inc_rr_num,COUNTRY,PRI,AMR,Americas,YEAR,2021,,,,,,,,,1 [0-1],1,0,1,,2025-11-11T16:20:50Z,2021,2021-01-01,2021-12-31
10020695,TB_e_inc_rr_num,COUNTRY,SVN,EUR,Europe,YEAR,2018,,,,,,,,,1 [0-1],1,0,1,,2025-11-11T16:20:50Z,2018,2018-01-01,2018-12-31
340918,TB_e_inc_rr_num,COUNTRY,PSE,EMR,Eastern Mediterranean,YEAR,2023,,,,,,,,,0 [0-1],0,0,1,,2025-11-11T16:20:50Z,2023,2023-01-01,2023-12-31
510954,TB_e_inc_rr_num,COUNTRY,TGO,AFR,Africa,YEAR,2023,,,,,,,,,27 [8-47],27,8,47,,2025-11-11T16:20:50Z,2023,2023-01-01,2023-12-31
1061545,TB_e_inc_rr_num,COUNTRY,ITA,EUR,Europe,YEAR,2016,,,,,,,,,140 [100-170],140,100,170,,2025-11-11T16:20:50Z,2016,2016-01-01,2016-12-31
9425609,TB_e_inc_rr_num,COUNTRY,ARE,EMR,Eastern Mediterranean,YEAR,2023,,,,,,,,,2 [0-3],2,0,3,,2025-11-11T16:20:50Z,2023,2023-01-01,2023-12-31
4779138,TB_e_inc_rr_num,COUNTRY,PAK,EMR,Eastern Mediterranean,YEAR,2016,,,,,,,,,21 000 [14 000-29 000],21000,14000,29000,,2025-11-11T16:20:50Z,2016,2016-01-01,2016-12-31
6509223,TB_e_inc_rr_num,COUNTRY,GBR,EUR,Europe,YEAR,2021,,,,,,,,,100 [85-120],100,85,120,,2025-11-11T16:20:50Z,2021,2021-01-01,2021-12-31
8305231,TB_e_inc_rr_num,COUNTRY,ZAF,AFR,Africa,YEAR,2017,,,,,,,,,16 000 [9500-23 000],16000,9500,23000,,2025-11-11T16:20:50Z,2017,2017-01-01,2017-12-31
555434,TB_e_inc_rr_num,COUNTRY,AFG,EMR,Eastern Mediterranean,YEAR,2021,,,,,,,,,2500 [710-4300],2500,710,4300,,2025-11-11T16:20:50Z,2021,2021-01-01,2021-12-31
2542543,TB_e_inc_rr_num,COUNTRY,ISR,EUR,Europe,YEAR,2021,,,,,,,,,19 [14-25],19,14,25,,2025-11-11T16:20:50Z,2021,2021-01-01,2021-12-31
1074247,TB_e_inc_rr_num,COUNTRY,BRN,WPR,Western Pacific,YEAR,2021,,,,,,,,,1 [0-2],1,0,2,,2025-11-11T16:20:50Z,2021,2021-01-01,2021-12-31
7814387,TB_e_inc_rr_num,COUNTRY,DOM,AMR,Americas,YEAR,2023,,,,,,,,,350 [270-420],350,270,420,,2025-11-11T16:20:50Z,2023,2023-01-01,2023-12-31
4753786,TB_e_inc_rr_num,COUNTRY,CHN,WPR,Western Pacific,YEAR,2024,,,,,,,,,28 000 [22 000-34 000],28000,22000,34000,,2025-11-11T16:20:50Z,2024,2024-01-01,2024-12-31
227018,TB_e_inc_rr_num,COUNTRY,NGA,AFR,Africa,YEAR,2023,,,,,,,,,9100 [5500-13 000],9100,5500,13000,,2025-11-11T16:20:50Z,2023,2023-01-01,2023-12-31
8336948,TB_e_inc_rr_num,COUNTRY,ARG,AMR,Americas,YEAR,2015,,,,,,,,,310 [78-540],310,78,540,,2025-11-11T16:20:50Z,2015,2015-01-01,2015-12-31
504673,TB_e_inc_rr_num,COUNTRY,MWI,AFR,Africa,YEAR,2022,,,,,,,,,650 [170-1100],650,170,1100,,2025-11-11T16:20:50Z,2022,2022-01-01,2022-12-31
536391,TB_e_inc_rr_num,COUNTRY,LAO,WPR,Western Pacific,YEAR,2019,,,,,,,,,100 [56-150],100,56,150,,2025-11-11T16:20:50Z,2019,2019-01-01,2019-12-31
7085950,TB_e_inc_rr_num,COUNTRY,MMR,SEAR,South-East Asia,YEAR,2016,,,,,,,,,12 000 [5300-19 000],12000,5300,19000,,2025-11-11T16:20:50Z,2016,2016-01-01,2016-12-31
3931218,TB_e_inc_rr_num,COUNTRY,TUN,EMR,Eastern Mediterranean,YEAR,2023,,,,,,,,,70 [36-110],70,36,110,,2025-11-11T16:20:50Z,2023,2023-01-01,2023-12-31
8969156,TB_e_inc_rr_num,COUNTRY,CZE,EUR,Europe,YEAR,2016,,,,,,,,,21 [16-26],21,16,26,,2025-11-11T16:20:50Z,2016,2016-01-01,2016-12-31
2504496,TB_e_inc_rr_num,COUNTRY,MMR,SEAR,South-East Asia,YEAR,2018,,,,,,,,,10 000 [5000-16 000],10000,5000,16000,,2025-11-11T16:20:50Z,2018,2018-01-01,2018-12-31
2618839,TB_e_inc_rr_num,COUNTRY,SEN,AFR,Africa,YEAR,2018,,,,,,,,,410 [110-720],410,110,720,,2025-11-11T16:20:50Z,2018,2018-01-01,2018-12-31
9165536,TB_e_inc_rr_num,COUNTRY,ERI,AFR,Africa,YEAR,2022,,,,,,,,,130 [82-170],130,82,170,,2025-11-11T16:20:50Z,2022,2022-01-01,2022-12-31
7687655,TB_e_inc_rr_num,COUNTRY,MOZ,AFR,Africa,YEAR,2022,,,,,,,,,4100 [2300-5900],4100,2300,5900,,2025-11-11T16:20:50Z,2022,2022-01-01,2022-12-31
7864973,TB_e_inc_rr_num,COUNTRY,DZA,AFR,Africa,YEAR,2015,,,,,,,,,540 [0-1100],540,0,1100,,2025-11-11T16:20:50Z,2015,2015-01-01,2015-12-31
1586672,TB_e_inc_rr_num,COUNTRY,SLB,WPR,Western Pacific,YEAR,2015,,,,,,,,,17 [0-49],17,0,49,,2025-11-11T16:20:50Z,2015,2015-01-01,2015-12-31
119234,TB_e_inc_rr_num,COUNTRY,COG,AFR,Africa,YEAR,2016,,,,,,,,,950 [0-2100],950,0,2100,,2025-11-11T16:20:50Z,2016,2016-01-01,2016-12-31
5140439,TB_e_inc_rr_num,COUNTRY,NER,AFR,Africa,YEAR,2018,,,,,,,,,700 [28-1400],700,28,1400,,2025-11-11T16:20:50Z,2018,2018-01-01,2018-12-31
1941551,TB_e_inc_rr_num,COUNTRY,MAR,EMR,Eastern Mediterranean,YEAR,2016,,,,,,,,,450 [320-590],450,320,590,,2025-11-11T16:20:50Z,2016,2016-01-01,2016-12-31
8476216,TB_e_inc_rr_num,COUNTRY,ITA,EUR,Europe,YEAR,2015,,,,,,,,,130 [97-160],130,97,160,,2025-11-11T16:20:50Z,2015,2015-01-01,2015-12-31
8690675,TB_e_inc_rr_num,COUNTRY,MDA,EUR,Europe,YEAR,2018,,,,,,,,,1000 [820-1300],1000,820,1300,,2025-11-11T16:20:50Z,2018,2018-01-01,2018-12-31
5533217,TB_e_inc_rr_num,COUNTRY,KOR,WPR,Western Pacific,YEAR,2015,,,,,,,,,2000 [1800-2200],2000,1800,2200,,2025-11-11T16:20:50Z,2015,2015-01-01,2015-12-31
2416373,TB_e_inc_rr_num,COUNTRY,BTN,SEAR,South-East Asia,YEAR,2018,,,,,,,,,220 [170-270],220,170,270,,2025-11-11T16:20:50Z,2018,2018-01-01,2018-12-31
9539664,TB_e_inc_rr_num,COUNTRY,GNB,AFR,Africa,YEAR,2022,,,,,,,,,85 [23-150],85,23,150,,2025-11-11T16:20:50Z,2022,2022-01-01,2022-12-31
56208,TB_e_inc_rr_num,COUNTRY,FIN,EUR,Europe,YEAR,2016,,,,,,,,,7 [5-10],7,5,10,,2025-11-11T16:20:50Z,2016,2016-01-01,2016-12-31
322037,TB_e_inc_rr_num,COUNTRY,JPN,WPR,Western Pacific,YEAR,2017,,,,,,,,,480 [0-1000],480,0,1000,,2025-11-11T16:20:50Z,2017,2017-01-01,2017-12-31
5438180,TB_e_inc_rr_num,COUNTRY,LUX,EUR,Europe,YEAR,2023,,,,,,,,,1 [0-2],1,0,2,,2025-11-11T16:20:50Z,2023,2023-01-01,2023-12-31
4519227,TB_e_inc_rr_num,COUNTRY,OMN,EMR,Eastern Mediterranean,YEAR,2023,,,,,,,,,10 [5-14],10,5,14,,2025-11-11T16:20:50Z,2023,2023-01-01,2023-12-31
6325210,TB_e_inc_rr_num,COUNTRY,LAO,WPR,Western Pacific,YEAR,2020,,,,,,,,,89 [49-130],89,49,130,,2025-11-11T16:20:50Z,2020,2020-01-01,2020-12-31
9641120,TB_e_inc_rr_num,COUNTRY,COL,AMR,Americas,YEAR,2019,,,,,,,,,710 [30-1400],710,30,1400,,2025-11-11T16:20:50Z,2019,2019-01-01,2019-12-31
3272681,TB_e_inc_rr_num,REGION,WPR,,,YEAR,2024,,,,,,,,,98 000 [80 000-120 000],98000,80000,120000,,2025-11-11T16:20:50Z,2024,2024-01-01,2024-12-31
8001723,TB_e_inc_rr_num,COUNTRY,SAU,EMR,Eastern Mediterranean,YEAR,2015,,,,,,,,,90 [71-110],90,71,110,,2025-11-11T16:20:50Z,2015,2015-01-01,2015-12-31
1637547,TB_e_inc_rr_num,COUNTRY,BTN,SEAR,South-East Asia,YEAR,2022,,,,,,,,,170 [130-200],170,130,200,,2025-11-11T16:20:50Z,2022,2022-01-01,2022-12-31
8248579,TB_e_inc_rr_num,GLOBAL,GLOBAL,,,YEAR,2017,,,,,,,,,510 000 [460 000-570 000],510000,460000,570000,,2025-11-11T16:20:50Z,2017,2017-01-01,2017-12-31
7003553,TB_e_inc_rr_num,COUNTRY,IRQ,EMR,Eastern Mediterranean,YEAR,2021,,,,,,,,,350 [260-450],350,260,450,,2025-11-11T16:20:50Z,2021,2021-01-01,2021-12-31
4235969,TB_e_inc_rr_num,COUNTRY,MOZ,AFR,Africa,YEAR,2024,,,,,,,,,4200 [2300-6000],4200,2300,6000,,2025-11-11T16:20:50Z,2024,2024-01-01,2024-12-31
2674978,TB_e_inc_rr_num,COUNTRY,SVK,EUR,Europe,YEAR,2024,,,,,,,,,8 [3-13],8,3,13,,2025-11-11T16:20:50Z,2024,2024-01-01,2024-12-31
9241732,TB_e_inc_rr_num,COUNTRY,IRN,EMR,Eastern Mediterranean,YEAR,2015,,,,,,,,,290 [150-430],290,150,430,,2025-11-11T16:20:50Z,2015,2015-01-01,2015-12-31
4493891,TB_e_inc_rr_num,COUNTRY,CZE,EUR,Europe,YEAR,2023,,,,,,,,,27 [19-35],27,19,35,,2025-11-11T16:20:50Z,2023,2023-01-01,2023-12-31
6154106,TB_e_inc_rr_num,COUNTRY,PER,AMR,Americas,YEAR,2020,,,,,,,,,3400 [2700-4100],3400,2700,4100,,2025-11-11T16:20:50Z,2020,2020-01-01,2020-12-31
1472858,TB_e_inc_rr_num,REGION,EMR,,,YEAR,2017,,,,,,,,,31 000 [22 000-39 000],31000,22000,39000,,2025-11-11T16:20:50Z,2017,2017-01-01,2017-12-31
9685650,TB_e_inc_rr_num,COUNTRY,CHN,WPR,Western Pacific,YEAR,2023,,,,,,,,,31 000 [24 000-38 000],31000,24000,38000,,2025-11-11T16:20:50Z,2023,2023-01-01,2023-12-31
2061959,TB_e_inc_rr_num,COUNTRY,BRN,WPR,Western Pacific,YEAR,2015,,,,,,,,,1 [0-2],1,0,2,,2025-11-11T16:20:50Z,2015,2015-01-01,2015-12-31
7643454,TB_e_inc_rr_num,COUNTRY,LBN,EMR,Eastern Mediterranean,YEAR,2016,,,,,,,,,17 [10-24],17,10,24,,2025-11-11T16:20:50Z,2016,2016-01-01,2016-12-31
4823743,TB_e_inc_rr_num,COUNTRY,HRV,EUR,Europe,YEAR,2024,,,,,,,,,2 [1-3],2,1,3,,2025-11-11T16:20:50Z,2024,2024-01-01,2024-12-31
8071434,TB_e_inc_rr_num,REGION,AMR,,,YEAR,2024,,,,,,,,,14 000 [9400-19 000],14000,9400,19000,,2025-11-11T16:20:50Z,2024,2024-01-01,2024-12-31
4874491,TB_e_inc_rr_num,COUNTRY,RWA,AFR,Africa,YEAR,2019,,,,,,,,,150 [98-200],150,98,200,,2025-11-11T16:20:50Z,2019,2019-01-01,2019-12-31
9768100,TB_e_inc_rr_num,COUNTRY,MHL,WPR,Western Pacific,YEAR,2024,,,,,,,,,3 [0-6],3,0,6,,2025-11-11T16:20:50Z,2024,2024-01-01,2024-12-31
6585693,TB_e_inc_rr_num,COUNTRY,TKM,EUR,Europe,YEAR,2020,,,,,,,,,980 [770-1200],980,770,1200,,2025-11-11T16:20:50Z,2020,2020-01-01,2020-12-31
7200434,TB_e_inc_rr_num,COUNTRY,BRA,AMR,Americas,YEAR,2021,,,,,,,,,2700 [320-5200],2700,320,5200,,2025-11-11T16:20:50Z,2021,2021-01-01,2021-12-31
897211,TB_e_inc_rr_num,COUNTRY,LAO,WPR,Western Pacific,YEAR,2022,,,,,,,,,65 [34-96],65,34,96,,2025-11-11T16:20:50Z,2022,2022-01-01,2022-12-31
6078423,TB_e_inc_rr_num,COUNTRY,NZL,WPR,Western Pacific,YEAR,2023,,,,,,,,,10 [0-19],10,0,19,,2025-11-11T16:20:50Z,2023,2023-01-01,2023-12-31
8109424,TB_e_inc_rr_num,COUNTRY,CHN,WPR,Western Pacific,YEAR,2021,,,,,,,,,37 000 [29 000-45 000],37000,29000,45000,,2025-11-11T16:20:50Z,2021,2021-01-01,2021-12-31
3374170,TB_e_inc_rr_num,COUNTRY,MUS,AFR,Africa,YEAR,2021,,,,,,,,,1 [1-2],1,1,2,,2025-11-11T16:20:50Z,2021,2021-01-01,2021-12-31
265153,TB_e_inc_rr_num,COUNTRY,BLZ,AMR,Americas,YEAR,2015,,,,,,,,,2 [0-5],2,0,5,,2025-11-11T16:20:50Z,2015,2015-01-01,2015-12-31
3658723,TB_e_inc_rr_num,COUNTRY,AGO,AFR,Africa,YEAR,2021,,,,,,,,,10 000 [5800-15 000],10000,5800,15000,,2025-11-11T16:20:50Z,2021,2021-01-01,2021-12-31
2156496,TB_e_inc_rr_num,COUNTRY,CRI,AMR,Americas,YEAR,2016,,,,,,,,,6 [3-9],6,3,9,,2025-11-11T16:20:50Z,2016,2016-01-01,2016-12-31
7175025,TB_e_inc_rr_num,COUNTRY,OMN,EMR,Eastern Mediterranean,YEAR,2018,,,,,,,,,5 [3-7],5,3,7,,2025-11-11T16:20:50Z,2018,2018-01-01,2018-12-31
1264661,TB_e_inc_rr_num,COUNTRY,PSE,EMR,Eastern Mediterranean,YEAR,2017,,,,,,,,,1 [0-4],1,0,4,,2025-11-11T16:20:50Z,2017,2017-01-01,2017-12-31
9482900,TB_e_inc_rr_num,COUNTRY,MDA,EUR,Europe,YEAR,2024,,,,,,,,,670 [530-810],670,530,810,,2025-11-11T16:20:50Z,2024,2024-01-01,2024-12-31
3456283,TB_e_inc_rr_num,COUNTRY,PNG,WPR,Western Pacific,YEAR,2020,,,,,,,,,2900 [800-5000],2900,800,5000,,2025-11-11T16:20:50Z,2020,2020-01-01,2020-12-31
1935377,TB_e_inc_rr_num,COUNTRY,KIR,WPR,Western Pacific,YEAR,2015,,,,,,,,,19 [1-37],19,1,37,,2025-11-11T16:20:50Z,2015,2015-01-01,2015-12-31
7346063,TB_e_inc_rr_num,COUNTRY,CAF,AFR,Africa,YEAR,2022,,,,,,,,,380 [120-640],380,120,640,,2025-11-11T16:20:50Z,2022,2022-01-01,2022-12-31
2649717,TB_e_inc_rr_num,COUNTRY,BHR,EMR,Eastern Mediterranean,YEAR,2020,,,,,,,,,6 [3-8],6,3,8,,2025-11-11T16:20:50Z,2020,2020-01-01,2020-12-31
7529932,TB_e_inc_rr_num,COUNTRY,THA,SEAR,South-East Asia,YEAR,2015,,,,,,,,,3100 [1600-4600],3100,1600,4600,,2025-11-11T16:20:50Z,2015,2015-01-01,2015-12-31
6021411,TB_e_inc_rr_num,COUNTRY,LBY,EMR,Eastern Mediterranean,YEAR,2021,,,,,,,,,56 [4-110],56,4,110,,2025-11-11T16:20:50Z,2021,2021-01-01,2021-12-31
9387788,TB_e_inc_rr_num,COUNTRY,IRL,EUR,Europe,YEAR,2021,,,,,,,,,8 [3-13],8,3,13,,2025-11-11T16:20:50Z,2021,2021-01-01,2021-12-31
7903143,TB_e_inc_rr_num,COUNTRY,ZMB,AFR,Africa,YEAR,2024,,,,,,,,,1100 [540-1700],1100,540,1700,,2025-11-11T16:20:50Z,2024,2024-01-01,2024-12-31
7960204,TB_e_inc_rr_num,COUNTRY,TJK,EUR,Europe,YEAR,2020,,,,,,,,,1700 [1300-2000],1700,1300,2000,,2025-11-11T16:20:50Z,2020,2020-01-01,2020-12-31
5096395,TB_e_inc_rr_num,COUNTRY,LBY,EMR,Eastern Mediterranean,YEAR,2020,,,,,,,,,53 [5-100],53,5,100,,2025-11-11T16:20:50Z,2020,2020-01-01,2020-12-31
353711,TB_e_inc_rr_num,COUNTRY,COM,AFR,Africa,YEAR,2017,,,,,,,,,4 [0-10],4,0,10,,2025-11-11T16:20:50Z,2017,2017-01-01,2017-12-31
5273864,TB_e_inc_rr_num,COUNTRY,GBR,EUR,Europe,YEAR,2023,,,,,,,,,120 [98-140],120,98,140,,2025-11-11T16:20:50Z,2023,2023-01-01,2023-12-31
3722307,TB_e_inc_rr_num,COUNTRY,HND,AMR,Americas,YEAR,2022,,,,,,,,,83 [0-190],83,0,190,,2025-11-11T16:20:50Z,2022,2022-01-01,2022-12-31
7137012,TB_e_inc_rr_num,COUNTRY,SDN,EMR,Eastern Mediterranean,YEAR,2017,,,,,,,,,1100 [520-1700],1100,520,1700,,2025-11-11T16:20:50Z,2017,2017-01-01,2017-12-31
9235514,TB_e_inc_rr_num,COUNTRY,FSM,WPR,Western Pacific,YEAR,2019,,,,,,,,,2 [0-5],2,0,5,,2025-11-11T16:20:50Z,2019,2019-01-01,2019-12-31
5223172,TB_e_inc_rr_num,COUNTRY,MEX,AMR,Americas,YEAR,2018,,,,,,,,,1100 [340-1900],1100,340,1900,,2025-11-11T16:20:50Z,2018,2018-01-01,2018-12-31
1986154,TB_e_inc_rr_num,COUNTRY,MWI,AFR,Africa,YEAR,2024,,,,,,,,,680 [110-1300],680,110,1300,,2025-11-11T16:20:50Z,2024,2024-01-01,2024-12-31
5337206,TB_e_inc_rr_num,COUNTRY,NLD,EUR,Europe,YEAR,2024,,,,,,,,,29 [19-39],29,19,39,,2025-11-11T16:20:50Z,2024,2024-01-01,2024-12-31
2625247,TB_e_inc_rr_num,COUNTRY,VNM,WPR,Western Pacific,YEAR,2019,,,,,,,,,8500 [5000-12 000],8500,5000,12000,,2025-11-11T16:20:50Z,2019,2019-01-01,2019-12-31
9349727,TB_e_inc_rr_num,COUNTRY,TJK,EUR,Europe,YEAR,2022,,,,,,,,,1800 [1400-2200],1800,1400,2200,,2025-11-11T16:20:50Z,2022,2022-01-01,2022-12-31
1422474,TB_e_inc_rr_num,COUNTRY,MDA,EUR,Europe,YEAR,2023,,,,,,,,,730 [580-890],730,580,890,,2025-11-11T16:20:50Z,2023,2023-01-01,2023-12-31
1890965,TB_e_inc_rr_num,COUNTRY,SLE,AFR,Africa,YEAR,2019,,,,,,,,,820 [0-2300],820,0,2300,,2025-11-11T16:20:50Z,2019,2019-01-01,2019-12-31
328581,TB_e_inc_rr_num,COUNTRY,SGP,WPR,Western Pacific,YEAR,2018,,,,,,,,,38 [29-47],38,29,47,,2025-11-11T16:20:50Z,2018,2018-01-01,2018-12-31
1960781,TB_e_inc_rr_num,COUNTRY,KEN,AFR,Africa,YEAR,2021,,,,,,,,,1300 [640-2000],1300,640,2000,,2025-11-11T16:20:50Z,2021,2021-01-01,2021-12-31
8501929,TB_e_inc_rr_num,COUNTRY,TLS,SEAR,South-East Asia,YEAR,2015,,,,,,,,,46 [0-99],46,0,99,,2025-11-11T16:20:50Z,2015,2015-01-01,2015-12-31
10211293,TB_e_inc_rr_num,COUNTRY,TKM,EUR,Europe,YEAR,2016,,,,,,,,,950 [730-1200],950,730,1200,,2025-11-11T16:20:50Z,2016,2016-01-01,2016-12-31
656307,TB_e_inc_rr_num,COUNTRY,DEU,EUR,Europe,YEAR,2015,,,,,,,,,170 [130-210],170,130,210,,2025-11-11T16:20:50Z,2015,2015-01-01,2015-12-31
2833790,TB_e_inc_rr_num,COUNTRY,PRT,EUR,Europe,YEAR,2019,,,,,,,,,26 [15-37],26,15,37,,2025-11-11T16:20:50Z,2019,2019-01-01,2019-12-31
2992347,TB_e_inc_rr_num,COUNTRY,BHS,AMR,Americas,YEAR,2023,,,,,,,,,1 [0-2],1,0,2,,2025-11-11T16:20:50Z,2023,2023-01-01,2023-12-31
3108043,TB_e_inc_rr_num,COUNTRY,LVA,EUR,Europe,YEAR,2017,,,,,,,,,79 [58-100],79,58,100,,2025-11-11T16:20:50Z,2017,2017-01-01,2017-12-31
4798521,TB_e_inc_rr_num,COUNTRY,GEO,EUR,Europe,YEAR,2017,,,,,,,,,560 [440-670],560,440,670,,2025-11-11T16:20:50Z,2017,2017-01-01,2017-12-31
6605006,TB_e_inc_rr_num,COUNTRY,TUR,EUR,Europe,YEAR,2022,,,,,,,,,380 [300-460],380,300,460,,2025-11-11T16:20:50Z,2022,2022-01-01,2022-12-31
138563,TB_e_inc_rr_num,COUNTRY,NOR,EUR,Europe,YEAR,2023,,,,,,,,,14 [9-18],14,9,18,,2025-11-11T16:20:50Z,2023,2023-01-01,2023-12-31
10002170,TB_e_inc_rr_num,COUNTRY,AGO,AFR,Africa,YEAR,2016,,,,,,,,,54 000 [14 000-94 000],54000,14000,94000,,2025-11-11T16:20:50Z,2016,2016-01-01,2016-12-31
6889879,TB_e_inc_rr_num,COUNTRY,SOM,EMR,Eastern Mediterranean,YEAR,2022,,,,,,,,,1400 [430-2300],1400,430,2300,,2025-11-11T16:20:50Z,2022,2022-01-01,2022-12-31
2043330,TB_e_inc_rr_num,COUNTRY,AGO,AFR,Africa,YEAR,2024,,,,,,,,,4100 [1700-6600],4100,1700,6600,,2025-11-11T16:20:50Z,2024,2024-01-01,2024-12-31
2998701,TB_e_inc_rr_num,COUNTRY,DEU,EUR,Europe,YEAR,2020,,,,,,,,,130 [98-170],130,98,170,,2025-11-11T16:20:50Z,2020,2020-01-01,2020-12-31
6655399,TB_e_inc_rr_num,COUNTRY,GHA,AFR,Africa,YEAR,2018,,,,,,,,,1100 [400-1700],1100,400,1700,,2025-11-11T16:20:50Z,2018,2018-01-01,2018-12-31
353827,TB_e_inc_rr_num,COUNTRY,MNE,EUR,Europe,YEAR,2021,,,,,,,,,1 [0-1],1,0,1,,2025-11-11T16:20:50Z,2021,2021-01-01,2021-12-31
543078,TB_e_inc_rr_num,COUNTRY,SGP,WPR,Western Pacific,YEAR,2024,,,,,,,,,53 [38-67],53,38,67,,2025-11-11T16:20:50Z,2024,2024-01-01,2024-12-31
593922,TB_e_inc_rr_num,COUNTRY,LBY,EMR,Eastern Mediterranean,YEAR,2015,,,,,,,,,49 [0-100],49,0,100,,2025-11-11T16:20:50Z,2015,2015-01-01,2015-12-31
814859,TB_e_inc_rr_num,COUNTRY,LBN,EMR,Eastern Mediterranean,YEAR,2021,,,,,,,,,9 [6-13],9,6,13,,2025-11-11T16:20:50Z,2021,2021-01-01,2021-12-31
7358876,TB_e_inc_rr_num,COUNTRY,CAN,AMR,Americas,YEAR,2024,,,,,,,,,41 [21-61],41,21,61,,2025-11-11T16:20:50Z,2024,2024-01-01,2024-12-31
6363609,TB_e_inc_rr_num,COUNTRY,SLB,WPR,Western Pacific,YEAR,2018,,,,,,,,,15 [0-41],15,0,41,,2025-11-11T16:20:50Z,2018,2018-01-01,2018-12-31
6414424,TB_e_inc_rr_num,COUNTRY,TKM,EUR,Europe,YEAR,2017,,,,,,,,,920 [720-1100],920,720,1100,,2025-11-11T16:20:50Z,2017,2017-01-01,2017-12-31
9654148,TB_e_inc_rr_num,COUNTRY,FJI,WPR,Western Pacific,YEAR,2018,,,,,,,,,11 [4-18],11,4,18,,2025-11-11T16:20:50Z,2018,2018-01-01,2018-12-31
9787314,TB_e_inc_rr_num,COUNTRY,MEX,AMR,Americas,YEAR,2023,,,,,,,,,1300 [0-2700],1300,0,2700,,2025-11-11T16:20:50Z,2023,2023-01-01,2023-12-31
151155,TB_e_inc_rr_num,COUNTRY,SLE,AFR,Africa,YEAR,2020,,,,,,,,,800 [0-2200],800,0,2200,,2025-11-11T16:20:50Z,2020,2020-01-01,2020-12-31
9875602,TB_e_inc_rr_num,COUNTRY,TGO,AFR,Africa,YEAR,2016,,,,,,,,,65 [9-120],65,9,120,,2025-11-11T16:20:50Z,2016,2016-01-01,2016-12-31
3595551,TB_e_inc_rr_num,COUNTRY,DNK,EUR,Europe,YEAR,2021,,,,,,,,,5 [3-7],5,3,7,,2025-11-11T16:20:50Z,2021,2021-01-01,2021-12-31
372469,TB_e_inc_rr_num,COUNTRY,NER,AFR,Africa,YEAR,2019,,,,,,,,,670 [65-1300],670,65,1300,,2025-11-11T16:20:50Z,2019,2019-01-01,2019-12-31
2036961,TB_e_inc_rr_num,COUNTRY,FSM,WPR,Western Pacific,YEAR,2015,,,,,,,,,2 [0-6],2,0,6,,2025-11-11T16:20:50Z,2015,2015-01-01,2015-12-31
2536647,TB_e_inc_rr_num,COUNTRY,LBR,AFR,Africa,YEAR,2017,,,,,,,,,650 [0-2100],650,0,2100,,2025-11-11T16:20:50Z,2017,2017-01-01,2017-12-31
2612840,TB_e_inc_rr_num,COUNTRY,PSE,EMR,Eastern Mediterranean,YEAR,2018,,,,,,,,,1 [0-3],1,0,3,,2025-11-11T16:20:50Z,2018,2018-01-01,2018-12-31
5913744,TB_e_inc_rr_num,COUNTRY,LBN,EMR,Eastern Mediterranean,YEAR,2015,,,,,,,,,18 [10-26],18,10,26,,2025-11-11T16:20:50Z,2015,2015-01-01,2015-12-31
7738794,TB_e_inc_rr_num,COUNTRY,IDN,WPR,Western Pacific,YEAR,2015,,,,,,,,,54 000 [40 000-67 000],54000,40000,67000,,2025-11-11T16:20:50Z,2015,2015-01-01,2015-12-31
3583133,TB_e_inc_rr_num,COUNTRY,SSD,AFR,Africa,YEAR,2015,,,,,,,,,1200 [0-3500],1200,0,3500,,2025-11-11T16:20:50Z,2015,2015-01-01,2015-12-31
656404,TB_e_inc_rr_num,COUNTRY,ISR,EUR,Europe,YEAR,2018,,,,,,,,,24 [18-30],24,18,30,,2025-11-11T16:20:50Z,2018,2018-01-01,2018-12-31
935438,TB_e_inc_rr_num,COUNTRY,ROU,EUR,Europe,YEAR,2024,,,,,,,,,460 [350-580],460,350,580,,2025-11-11T16:20:50Z,2024,2024-01-01,2024-12-31
7612250,TB_e_inc_rr_num,COUNTRY,PHL,WPR,Western Pacific,YEAR,2016,,,,,,,,,28 000 [13 000-43 000],28000,13000,43000,,2025-11-11T16:20:50Z,2016,2016-01-01,2016-12-31
7681731,TB_e_inc_rr_num,COUNTRY,MDG,AFR,Africa,YEAR,2024,,,,,,,,,430 [0-870],430,0,870,,2025-11-11T16:20:50Z,2024,2024-01-01,2024-12-31
9565469,TB_e_inc_rr_num,COUNTRY,SAU,EMR,Eastern Mediterranean,YEAR,2022,,,,,,,,,46 [35-57],46,35,57,,2025-11-11T16:20:50Z,2022,2022-01-01,2022-12-31
3431317,TB_e_inc_rr_num,COUNTRY,DZA,AFR,Africa,YEAR,2018,,,,,,,,,550 [0-1200],550,0,1200,,2025-11-11T16:20:50Z,2018,2018-01-01,2018-12-31
2327802,TB_e_inc_rr_num,COUNTRY,MNG,WPR,Western Pacific,YEAR,2015,,,,,,,,,740 [300-1200],740,300,1200,,2025-11-11T16:20:50Z,2015,2015-01-01,2015-12-31
7213385,TB_e_inc_rr_num,COUNTRY,BGD,SEAR,South-East Asia,YEAR,2018,,,,,,,,,3500 [2100-5000],3500,2100,5000,,2025-11-11T16:20:50Z,2018,2018-01-01,2018-12-31
865686,TB_e_inc_rr_num,COUNTRY,MHL,WPR,Western Pacific,YEAR,2020,,,,,,,,,5 [1-8],5,1,8,,2025-11-11T16:20:50Z,2020,2020-01-01,2020-12-31
922951,TB_e_inc_rr_num,COUNTRY,HUN,EUR,Europe,YEAR,2015,,,,,,,,,49 [34-64],49,34,64,,2025-11-11T16:20:50Z,2015,2015-01-01,2015-12-31
7441472,TB_e_inc_rr_num,COUNTRY,PHL,WPR,Western Pacific,YEAR,2017,,,,,,,,,28 000 [13 000-42 000],28000,13000,42000,,2025-11-11T16:20:50Z,2017,2017-01-01,2017-12-31
4343635,TB_e_inc_rr_num,COUNTRY,TLS,SEAR,South-East Asia,YEAR,2017,,,,,,,,,41 [0-83],41,0,83,,2025-11-11T16:20:50Z,2017,2017-01-01,2017-12-31
9223168,TB_e_inc_rr_num,COUNTRY,GHA,AFR,Africa,YEAR,2016,,,,,,,,,1300 [430-2100],1300,430,2100,,2025-11-11T16:20:50Z,2016,2016-01-01,2016-12-31
9305444,TB_e_inc_rr_num,COUNTRY,PER,AMR,Americas,YEAR,2022,,,,,,,,,4100 [2700-5600],4100,2700,5600,,2025-11-11T16:20:50Z,2022,2022-01-01,2022-12-31
1214061,TB_e_inc_rr_num,COUNTRY,MNG,WPR,Western Pacific,YEAR,2023,,,,,,,,,990 [430-1500],990,430,1500,,2025-11-11T16:20:50Z,2023,2023-01-01,2023-12-31
4481445,TB_e_inc_rr_num,COUNTRY,GNQ,AFR,Africa,YEAR,2024,,,,,,,,,93 [22-160],93,22,160,,2025-11-11T16:20:50Z,2024,2024-01-01,2024-12-31
7783149,TB_e_inc_rr_num,COUNTRY,TKM,EUR,Europe,YEAR,2015,,,,,,,,,980 [750-1200],980,750,1200,,2025-11-11T16:20:50Z,2015,2015-01-01,2015-12-31
4925471,TB_e_inc_rr_num,COUNTRY,ECU,AMR,Americas,YEAR,2023,,,,,,,,,630 [490-770],630,490,770,,2025-11-11T16:20:50Z,2023,2023-01-01,2023-12-31
3621133,TB_e_inc_rr_num,COUNTRY,GIN,AFR,Africa,YEAR,2018,,,,,,,,,1100 [110-2100],1100,110,2100,,2025-11-11T16:20:50Z,2018,2018-01-01,2018-12-31
7181639,TB_e_inc_rr_num,COUNTRY,ECU,AMR,Americas,YEAR,2017,,,,,,,,,500 [390-610],500,390,610,,2025-11-11T16:20:50Z,2017,2017-01-01,2017-12-31
4229980,TB_e_inc_rr_num,COUNTRY,BRA,AMR,Americas,YEAR,2023,,,,,,,,,3000 [0-6000],3000,0,6000,,2025-11-11T16:20:50Z,2023,2023-01-01,2023-12-31
4449937,TB_e_inc_rr_num,COUNTRY,BGR,EUR,Europe,YEAR,2021,,,,,,,,,30 [15-44],30,15,44,,2025-11-11T16:20:50Z,2021,2021-01-01,2021-12-31
9749399,TB_e_inc_rr_num,COUNTRY,COG,AFR,Africa,YEAR,2022,,,,,,,,,650 [200-1100],650,200,1100,,2025-11-11T16:20:50Z,2022,2022-01-01,2022-12-31
5261411,TB_e_inc_rr_num,COUNTRY,GIN,AFR,Africa,YEAR,2020,,,,,,,,,1100 [250-2000],1100,250,2000,,2025-11-11T16:20:50Z,2020,2020-01-01,2020-12-31
3950726,TB_e_inc_rr_num,COUNTRY,SWZ,AFR,Africa,YEAR,2022,,,,,,,,,200 [100-310],200,100,310,,2025-11-11T16:20:50Z,2022,2022-01-01,2022-12-31
1017820,TB_e_inc_rr_num,COUNTRY,COM,AFR,Africa,YEAR,2021,,,,,,,,,3 [0-7],3,0,7,,2025-11-11T16:20:50Z,2021,2021-01-01,2021-12-31
9457859,TB_e_inc_rr_num,COUNTRY,BGR,EUR,Europe,YEAR,2019,,,,,,,,,61 [35-86],61,35,86,,2025-11-11T16:20:50Z,2019,2019-01-01,2019-12-31
606350,TB_e_inc_rr_num,COUNTRY,GMB,AFR,Africa,YEAR,2016,,,,,,,,,38 [16-59],38,16,59,,2025-11-11T16:20:50Z,2016,2016-01-01,2016-12-31
2929326,TB_e_inc_rr_num,COUNTRY,ZAF,AFR,Africa,YEAR,2019,,,,,,,,,15 000 [10 000-21 000],15000,10000,21000,,2025-11-11T16:20:50Z,2019,2019-01-01,2019-12-31
3450282,TB_e_inc_rr_num,COUNTRY,MWI,AFR,Africa,YEAR,2023,,,,,,,,,670 [130-1200],670,130,1200,,2025-11-11T16:20:50Z,2023,2023-01-01,2023-12-31
8369118,TB_e_inc_rr_num,COUNTRY,CHE,EUR,Europe,YEAR,2016,,,,,,,,,18 [10-27],18,10,27,,2025-11-11T16:20:50Z,2016,2016-01-01,2016-12-31
2100055,TB_e_inc_rr_num,COUNTRY,FRA,EUR,Europe,YEAR,2018,,,,,,,,,89 [50-130],89,50,130,,2025-11-11T16:20:50Z,2018,2018-01-01,2018-12-31
656536,TB_e_inc_rr_num,COUNTRY,PAN,AMR,Americas,YEAR,2024,,,,,,,,,150 [55-240],150,55,240,,2025-11-11T16:20:50Z,2024,2024-01-01,2024-12-31
7770479,TB_e_inc_rr_num,COUNTRY,OMN,EMR,Eastern Mediterranean,YEAR,2024,,,,,,,,,8 [4-12],8,4,12,,2025-11-11T16:20:50Z,2024,2024-01-01,2024-12-31
100905,TB_e_inc_rr_num,COUNTRY,TTO,AMR,Americas,YEAR,2022,,,,,,,,,5 [0-11],5,0,11,,2025-11-11T16:20:50Z,2022,2022-01-01,2022-12-31
6110171,TB_e_inc_rr_num,COUNTRY,URY,AMR,Americas,YEAR,2018,,,,,,,,,9 [6-13],9,6,13,,2025-11-11T16:20:50Z,2018,2018-01-01,2018-12-31
9926513,TB_e_inc_rr_num,COUNTRY,PRT,EUR,Europe,YEAR,2016,,,,,,,,,30 [19-41],30,19,41,,2025-11-11T16:20:50Z,2016,2016-01-01,2016-12-31
1948361,TB_e_inc_rr_num,COUNTRY,MMR,SEAR,South-East Asia,YEAR,2023,,,,,,,,,11 000 [5000-18 000],11000,5000,18000,,2025-11-11T16:20:50Z,2023,2023-01-01,2023-12-31
6934370,TB_e_inc_rr_num,COUNTRY,COM,AFR,Africa,YEAR,2018,,,,,,,,,4 [0-9],4,0,9,,2025-11-11T16:20:50Z,2018,2018-01-01,2018-12-31
2340707,TB_e_inc_rr_num,COUNTRY,HKG,,,YEAR,2023,,,,,,,,,53 [39-68],53,39,68,,2025-11-11T16:20:50Z,2023,2023-01-01,2023-12-31
7270421,TB_e_inc_rr_num,COUNTRY,RUS,EUR,Europe,YEAR,2018,,,,,,,,,42 000 [23 000-60 000],42000,23000,60000,,2025-11-11T16:20:50Z,2018,2018-01-01,2018-12-31
853135,TB_e_inc_rr_num,COUNTRY,UGA,AFR,Africa,YEAR,2019,,,,,,,,,1000 [550-1500],1000,550,1500,,2025-11-11T16:20:50Z,2019,2019-01-01,2019-12-31
916742,TB_e_inc_rr_num,COUNTRY,PHL,WPR,Western Pacific,YEAR,2022,,,,,,,,,29 000 [13 000-45 000],29000,13000,45000,,2025-11-11T16:20:50Z,2022,2022-01-01,2022-12-31
9254853,TB_e_inc_rr_num,COUNTRY,PRI,AMR,Americas,YEAR,2015,,,,,,,,,2 [1-4],2,1,4,,2025-11-11T16:20:50Z,2015,2015-01-01,2015-12-31
8008276,TB_e_inc_rr_num,COUNTRY,BGR,EUR,Europe,YEAR,2024,,,,,,,,,25 [9-40],25,9,40,,2025-11-11T16:20:50Z,2024,2024-01-01,2024-12-31
3222476,TB_e_inc_rr_num,COUNTRY,SVN,EUR,Europe,YEAR,2024,,,,,,,,,1 [0-1],1,0,1,,2025-11-11T16:20:50Z,2024,2024-01-01,2024-12-31
1821561,TB_e_inc_rr_num,COUNTRY,MEX,AMR,Americas,YEAR,2020,,,,,,,,,1200 [190-2100],1200,190,2100,,2025-11-11T16:20:50Z,2020,2020-01-01,2020-12-31
5077747,TB_e_inc_rr_num,COUNTRY,ESP,EUR,Europe,YEAR,2024,,,,,,,,,63 [40-86],63,40,86,,2025-11-11T16:20:50Z,2024,2024-01-01,2024-12-31
511565,TB_e_inc_rr_num,COUNTRY,BRN,WPR,Western Pacific,YEAR,2020,,,,,,,,,2 [0-3],2,0,3,,2025-11-11T16:20:50Z,2020,2020-01-01,2020-12-31
8855530,TB_e_inc_rr_num,COUNTRY,ROU,EUR,Europe,YEAR,2021,,,,,,,,,570 [440-700],570,440,700,,2025-11-11T16:20:50Z,2021,2021-01-01,2021-12-31
8944267,TB_e_inc_rr_num,COUNTRY,HND,AMR,Americas,YEAR,2021,,,,,,,,,81 [0-180],81,0,180,,2025-11-11T16:20:50Z,2021,2021-01-01,2021-12-31
2498695,TB_e_inc_rr_num,COUNTRY,MRT,AFR,Africa,YEAR,2015,,,,,,,,,120 [0-390],120,0,390,,2025-11-11T16:20:50Z,2015,2015-01-01,2015-12-31
7612429,TB_e_inc_rr_num,COUNTRY,MDG,AFR,Africa,YEAR,2019,,,,,,,,,370 [23-720],370,23,720,,2025-11-11T16:20:50Z,2019,2019-01-01,2019-12-31
1195140,TB_e_inc_rr_num,COUNTRY,TKM,EUR,Europe,YEAR,2024,,,,,,,,,1300 [1100-1600],1300,1100,1600,,2025-11-11T16:20:50Z,2024,2024-01-01,2024-12-31
6306639,TB_e_inc_rr_num,COUNTRY,BEL,EUR,Europe,YEAR,2023,,,,,,,,,7 [0-14],7,0,14,,2025-11-11T16:20:50Z,2023,2023-01-01,2023-12-31
3361901,TB_e_inc_rr_num,COUNTRY,NGA,AFR,Africa,YEAR,2024,,,,,,,,,8200 [4900-12 000],8200,4900,12000,,2025-11-11T16:20:50Z,2024,2024-01-01,2024-12-31
8394368,TB_e_inc_rr_num,COUNTRY,SLB,WPR,Western Pacific,YEAR,2016,,,,,,,,,16 [0-45],16,0,45,,2025-11-11T16:20:50Z,2016,2016-01-01,2016-12-31
4166640,TB_e_inc_rr_num,COUNTRY,HTI,AMR,Americas,YEAR,2024,,,,,,,,,910 [0-2400],910,0,2400,,2025-11-11T16:20:50Z,2024,2024-01-01,2024-12-31
4324862,TB_e_inc_rr_num,COUNTRY,HRV,EUR,Europe,YEAR,2016,,,,,,,,,4 [2-6],4,2,6,,2025-11-11T16:20:50Z,2016,2016-01-01,2016-12-31
7681954,TB_e_inc_rr_num,COUNTRY,HKG,,,YEAR,2021,,,,,,,,,62 [46-78],62,46,78,,2025-11-11T16:20:50Z,2021,2021-01-01,2021-12-31
2834128,TB_e_inc_rr_num,COUNTRY,PRI,AMR,Americas,YEAR,2017,,,,,,,,,2 [1-3],2,1,3,,2025-11-11T16:20:50Z,2017,2017-01-01,2017-12-31
9913886,TB_e_inc_rr_num,COUNTRY,DOM,AMR,Americas,YEAR,2022,,,,,,,,,370 [290-450],370,290,450,,2025-11-11T16:20:50Z,2022,2022-01-01,2022-12-31
7105622,TB_e_inc_rr_num,COUNTRY,AUT,EUR,Europe,YEAR,2018,,,,,,,,,22 [14-31],22,14,31,,2025-11-11T16:20:50Z,2018,2018-01-01,2018-12-31
5666810,TB_e_inc_rr_num,COUNTRY,COD,AFR,Africa,YEAR,2023,,,,,,,,,7000 [0-14 000],7000,0,14000,,2025-11-11T16:20:50Z,2023,2023-01-01,2023-12-31
5812607,TB_e_inc_rr_num,COUNTRY,MAC,,,YEAR,2022,,,,,,,,,13 [8-18],13,8,18,,2025-11-11T16:20:50Z,2022,2022-01-01,2022-12-31
9191602,TB_e_inc_rr_num,COUNTRY,FSM,WPR,Western Pacific,YEAR,2016,,,,,,,,,3 [0-8],3,0,8,,2025-11-11T16:20:50Z,2016,2016-01-01,2016-12-31
3070711,TB_e_inc_rr_num,COUNTRY,RUS,EUR,Europe,YEAR,2016,,,,,,,,,48 000 [24 000-71 000],48000,24000,71000,,2025-11-11T16:20:50Z,2016,2016-01-01,2016-12-31
3190768,TB_e_inc_rr_num,COUNTRY,SWZ,AFR,Africa,YEAR,2020,,,,,,,,,240 [120-350],240,120,350,,2025-11-11T16:20:50Z,2020,2020-01-01,2020-12-31
9698873,TB_e_inc_rr_num,COUNTRY,GBR,EUR,Europe,YEAR,2022,,,,,,,,,100 [86-120],100,86,120,,2025-11-11T16:20:50Z,2022,2022-01-01,2022-12-31
6864829,TB_e_inc_rr_num,COUNTRY,SLE,AFR,Africa,YEAR,2016,,,,,,,,,910 [0-2600],910,0,2600,,2025-11-11T16:20:50Z,2016,2016-01-01,2016-12-31
4141220,TB_e_inc_rr_num,COUNTRY,ARM,EUR,Europe,YEAR,2016,,,,,,,,,330 [250-410],330,250,410,,2025-11-11T16:20:50Z,2016,2016-01-01,2016-12-31
7397237,TB_e_inc_rr_num,COUNTRY,SAU,EMR,Eastern Mediterranean,YEAR,2017,,,,,,,,,69 [55-83],69,55,83,,2025-11-11T16:20:50Z,2017,2017-01-01,2017-12-31
7403575,TB_e_inc_rr_num,COUNTRY,LAO,WPR,Western Pacific,YEAR,2024,,,,,,,,,48 [23-72],48,23,72,,2025-11-11T16:20:50Z,2024,2024-01-01,2024-12-31
1214319,TB_e_inc_rr_num,COUNTRY,GMB,AFR,Africa,YEAR,2021,,,,,,,,,38 [21-54],38,21,54,,2025-11-11T16:20:50Z,2021,2021-01-01,2021-12-31
10034086,TB_e_inc_rr_num,COUNTRY,HUN,EUR,Europe,YEAR,2016,,,,,,,,,43 [31-56],43,31,56,,2025-11-11T16:20:50Z,2016,2016-01-01,2016-12-31
2075220,TB_e_inc_rr_num,COUNTRY,BHR,EMR,Eastern Mediterranean,YEAR,2022,,,,,,,,,5 [3-8],5,3,8,,2025-11-11T16:20:50Z,2022,2022-01-01,2022-12-31
8716538,TB_e_inc_rr_num,COUNTRY,IDN,WPR,Western Pacific,YEAR,2020,,,,,,,,,31 000 [27 000-35 000],31000,27000,35000,,2025-11-11T16:20:50Z,2020,2020-01-01,2020-12-31
8722924,TB_e_inc_rr_num,COUNTRY,STP,AFR,Africa,YEAR,2017,,,,,,,,,13 [0-26],13,0,26,,2025-11-11T16:20:50Z,2017,2017-01-01,2017-12-31
2555937,TB_e_inc_rr_num,COUNTRY,COG,AFR,Africa,YEAR,2015,,,,,,,,,1000 [0-2400],1000,0,2400,,2025-11-11T16:20:50Z,2015,2015-01-01,2015-12-31
5850673,TB_e_inc_rr_num,COUNTRY,DJI,EMR,Eastern Mediterranean,YEAR,2016,,,,,,,,,550 [0-1300],550,0,1300,,2025-11-11T16:20:50Z,2016,2016-01-01,2016-12-31
7492519,TB_e_inc_rr_num,COUNTRY,CZE,EUR,Europe,YEAR,2017,,,,,,,,,21 [16-27],21,16,27,,2025-11-11T16:20:50Z,2017,2017-01-01,2017-12-31
6161047,TB_e_inc_rr_num,COUNTRY,BEL,EUR,Europe,YEAR,2020,,,,,,,,,24 [0-47],24,0,47,,2025-11-11T16:20:50Z,2020,2020-01-01,2020-12-31
9951958,TB_e_inc_rr_num,COUNTRY,BOL,AMR,Americas,YEAR,2015,,,,,,,,,330 [180-490],330,180,490,,2025-11-11T16:20:50Z,2015,2015-01-01,2015-12-31
6769688,TB_e_inc_rr_num,COUNTRY,MAR,EMR,Eastern Mediterranean,YEAR,2022,,,,,,,,,380 [290-470],380,290,470,,2025-11-11T16:20:50Z,2022,2022-01-01,2022-12-31
379164,TB_e_inc_rr_num,COUNTRY,COL,AMR,Americas,YEAR,2016,,,,,,,,,580 [130-1000],580,130,1000,,2025-11-11T16:20:50Z,2016,2016-01-01,2016-12-31
2100265,TB_e_inc_rr_num,COUNTRY,KIR,WPR,Western Pacific,YEAR,2020,,,,,,,,,12 [4-19],12,4,19,,2025-11-11T16:20:50Z,2020,2020-01-01,2020-12-31
3906542,TB_e_inc_rr_num,COUNTRY,MKD,EUR,Europe,YEAR,2022,,,,,,,,,3 [1-5],3,1,5,,2025-11-11T16:20:50Z,2022,2022-01-01,2022-12-31
2289945,TB_e_inc_rr_num,COUNTRY,CUB,AMR,Americas,YEAR,2022,,,,,,,,,36 [5-67],36,5,67,,2025-11-11T16:20:50Z,2022,2022-01-01,2022-12-31
7169209,TB_e_inc_rr_num,COUNTRY,MWI,AFR,Africa,YEAR,2018,,,,,,,,,620 [220-1000],620,220,1000,,2025-11-11T16:20:50Z,2018,2018-01-01,2018-12-31
1195263,TB_e_inc_rr_num,COUNTRY,JAM,AMR,Americas,YEAR,2015,,,,,,,,,1 [0-3],1,0,3,,2025-11-11T16:20:50Z,2015,2015-01-01,2015-12-31
8021130,TB_e_inc_rr_num,COUNTRY,CPV,AFR,Africa,YEAR,2022,,,,,,,,,3 [0-7],3,0,7,,2025-11-11T16:20:50Z,2022,2022-01-01,2022-12-31
3323966,TB_e_inc_rr_num,COUNTRY,VEN,AMR,Americas,YEAR,2018,,,,,,,,,850 [0-2200],850,0,2200,,2025-11-11T16:20:50Z,2018,2018-01-01,2018-12-31
8388135,TB_e_inc_rr_num,COUNTRY,TUN,EMR,Eastern Mediterranean,YEAR,2015,,,,,,,,,54 [33-76],54,33,76,,2025-11-11T16:20:50Z,2015,2015-01-01,2015-12-31
10065802,TB_e_inc_rr_num,COUNTRY,GMB,AFR,Africa,YEAR,2023,,,,,,,,,38 [21-55],38,21,55,,2025-11-11T16:20:50Z,2023,2023-01-01,2023-12-31
5217277,TB_e_inc_rr_num,COUNTRY,HKG,,,YEAR,2018,,,,,,,,,73 [55-91],73,55,91,,2025-11-11T16:20:50Z,2018,2018-01-01,2018-12-31
2530661,TB_e_inc_rr_num,COUNTRY,MDV,SEAR,South-East Asia,YEAR,2021,,,,,,,,,1 [0-2],1,0,2,,2025-11-11T16:20:50Z,2021,2021-01-01,2021-12-31
916904,TB_e_inc_rr_num,COUNTRY,SWE,EUR,Europe,YEAR,2024,,,,,,,,,17 [11-23],17,11,23,,2025-11-11T16:20:50Z,2024,2024-01-01,2024-12-31
1138324,TB_e_inc_rr_num,COUNTRY,GRC,EUR,Europe,YEAR,2017,,,,,,,,,19 [10-28],19,10,28,,2025-11-11T16:20:50Z,2017,2017-01-01,2017-12-31
2847076,TB_e_inc_rr_num,REGION,AMR,,,YEAR,2019,,,,,,,,,12 000 [8900-16 000],12000,8900,16000,,2025-11-11T16:20:50Z,2019,2019-01-01,2019-12-31
9337517,TB_e_inc_rr_num,COUNTRY,ESP,EUR,Europe,YEAR,2015,,,,,,,,,260 [72-440],260,72,440,,2025-11-11T16:20:50Z,2015,2015-01-01,2015-12-31
1619142,TB_e_inc_rr_num,COUNTRY,GMB,AFR,Africa,YEAR,2018,,,,,,,,,38 [19-56],38,19,56,,2025-11-11T16:20:50Z,2018,2018-01-01,2018-12-31
9812928,TB_e_inc_rr_num,COUNTRY,IRN,EMR,Eastern Mediterranean,YEAR,2016,,,,,,,,,250 [120-380],250,120,380,,2025-11-11T16:20:50Z,2016,2016-01-01,2016-12-31
8584869,TB_e_inc_rr_num,COUNTRY,IRN,EMR,Eastern Mediterranean,YEAR,2019,,,,,,,,,220 [79-360],220,79,360,,2025-11-11T16:20:50Z,2019,2019-01-01,2019-12-31
6972650,TB_e_inc_rr_num,COUNTRY,GAB,AFR,Africa,YEAR,2018,,,,,,,,,660 [35-1300],660,35,1300,,2025-11-11T16:20:50Z,2018,2018-01-01,2018-12-31
4268056,TB_e_inc_rr_num,COUNTRY,KOR,WPR,Western Pacific,YEAR,2022,,,,,,,,,820 [730-910],820,730,910,,2025-11-11T16:20:50Z,2022,2022-01-01,2022-12-31
9204389,TB_e_inc_rr_num,COUNTRY,UZB,EUR,Europe,YEAR,2023,,,,,,,,,4300 [3400-5200],4300,3400,5200,,2025-11-11T16:20:50Z,2023,2023-01-01,2023-12-31
10078559,TB_e_inc_rr_num,COUNTRY,ARM,EUR,Europe,YEAR,2023,,,,,,,,,130 [97-160],130,97,160,,2025-11-11T16:20:50Z,2023,2023-01-01,2023-12-31
3729224,TB_e_inc_rr_num,COUNTRY,GEO,EUR,Europe,YEAR,2020,,,,,,,,,390 [310-470],390,310,470,,2025-11-11T16:20:50Z,2020,2020-01-01,2020-12-31
675604,TB_e_inc_rr_num,COUNTRY,LBN,EMR,Eastern Mediterranean,YEAR,2019,,,,,,,,,16 [10-22],16,10,22,,2025-11-11T16:20:50Z,2019,2019-01-01,2019-12-31
7232744,TB_e_inc_rr_num,COUNTRY,GBR,EUR,Europe,YEAR,2020,,,,,,,,,87 [73-100],87,73,100,,2025-11-11T16:20:50Z,2020,2020-01-01,2020-12-31
2436178,TB_e_inc_rr_num,COUNTRY,KHM,WPR,Western Pacific,YEAR,2015,,,,,,,,,570 [330-820],570,330,820,,2025-11-11T16:20:50Z,2015,2015-01-01,2015-12-31
4147713,TB_e_inc_rr_num,COUNTRY,NGA,AFR,Africa,YEAR,2019,,,,,,,,,14 000 [8500-20 000],14000,8500,20000,,2025-11-11T16:20:50Z,2019,2019-01-01,2019-12-31
5774628,TB_e_inc_rr_num,COUNTRY,SLV,AMR,Americas,YEAR,2020,,,,,,,,,47 [32-63],47,32,63,,2025-11-11T16:20:50Z,2020,2020-01-01,2020-12-31
8040281,TB_e_inc_rr_num,COUNTRY,SLV,AMR,Americas,YEAR,2021,,,,,,,,,45 [31-59],45,31,59,,2025-11-11T16:20:50Z,2021,2021-01-01,2021-12-31
1796523,TB_e_inc_rr_num,COUNTRY,EGY,EMR,Eastern Mediterranean,YEAR,2024,,,,,,,,,92 [62-120],92,62,120,,2025-11-11T16:20:50Z,2024,2024-01-01,2024-12-31
5153921,TB_e_inc_rr_num,COUNTRY,HND,AMR,Americas,YEAR,2024,,,,,,,,,87 [0-210],87,0,210,,2025-11-11T16:20:50Z,2024,2024-01-01,2024-12-31
5217353,TB_e_inc_rr_num,COUNTRY,SDN,EMR,Eastern Mediterranean,YEAR,2016,,,,,,,,,1200 [480-2000],1200,480,2000,,2025-11-11T16:20:50Z,2016,2016-01-01,2016-12-31
492707,TB_e_inc_rr_num,COUNTRY,LTU,EUR,Europe,YEAR,2020,,,,,,,,,170 [140-210],170,140,210,,2025-11-11T16:20:50Z,2020,2020-01-01,2020-12-31
5711265,TB_e_inc_rr_num,COUNTRY,LSO,AFR,Africa,YEAR,2015,,,,,,,,,1100 [500-1600],1100,500,1600,,2025-11-11T16:20:50Z,2015,2015-01-01,2015-12-31
2518050,TB_e_inc_rr_num,COUNTRY,EGY,EMR,Eastern Mediterranean,YEAR,2023,,,,,,,,,120 [86-160],120,86,160,,2025-11-11T16:20:50Z,2023,2023-01-01,2023-12-31
6966358,TB_e_inc_rr_num,COUNTRY,CIV,AFR,Africa,YEAR,2020,,,,,,,,,1100 [360-1800],1100,360,1800,,2025-11-11T16:20:50Z,2020,2020-01-01,2020-12-31
758127,TB_e_inc_rr_num,REGION,WPR,,,YEAR,2019,,,,,,,,,120 000 [100 000-140 000],120000,100000,140000,,2025-11-11T16:20:50Z,2019,2019-01-01,2019-12-31
1214484,TB_e_inc_rr_num,COUNTRY,QAT,EMR,Eastern Mediterranean,YEAR,2022,,,,,,,,,23 [15-31],23,15,31,,2025-11-11T16:20:50Z,2022,2022-01-01,2022-12-31
7770784,TB_e_inc_rr_num,REGION,AFR,,,YEAR,2024,,,,,,,,,57 000 [46 000-68 000],57000,46000,68000,,2025-11-11T16:20:50Z,2024,2024-01-01,2024-12-31
4538987,TB_e_inc_rr_num,COUNTRY,SYR,EMR,Eastern Mediterranean,YEAR,2024,,,,,,,,,71 [48-94],71,48,94,,2025-11-11T16:20:50Z,2024,2024-01-01,2024-12-31
9413737,TB_e_inc_rr_num,COUNTRY,SLB,WPR,Western Pacific,YEAR,2023,,,,,,,,,15 [0-37],15,0,37,,2025-11-11T16:20:50Z,2023,2023-01-01,2023-12-31
9679977,TB_e_inc_rr_num,COUNTRY,NOR,EUR,Europe,YEAR,2018,,,,,,,,,13 [10-17],13,10,17,,2025-11-11T16:20:50Z,2018,2018-01-01,2018-12-31
9933121,TB_e_inc_rr_num,COUNTRY,ITA,EUR,Europe,YEAR,2020,,,,,,,,,73 [52-94],73,52,94,,2025-11-11T16:20:50Z,2020,2020-01-01,2020-12-31
3463311,TB_e_inc_rr_num,COUNTRY,FIN,EUR,Europe,YEAR,2018,,,,,,,,,9 [6-12],9,6,12,,2025-11-11T16:20:50Z,2018,2018-01-01,2018-12-31
3507719,TB_e_inc_rr_num,COUNTRY,SOM,EMR,Eastern Mediterranean,YEAR,2016,,,,,,,,,1600 [450-2800],1600,450,2800,,2025-11-11T16:20:50Z,2016,2016-01-01,2016-12-31
2081742,TB_e_inc_rr_num,COUNTRY,ETH,AFR,Africa,YEAR,2023,,,,,,,,,2500 [1000-3900],2500,1000,3900,,2025-11-11T16:20:50Z,2023,2023-01-01,2023-12-31
3722935,TB_e_inc_rr_num,COUNTRY,CUB,AMR,Americas,YEAR,2015,,,,,,,,,23 [10-36],23,10,36,,2025-11-11T16:20:50Z,2015,2015-01-01,2015-12-31
511840,TB_e_inc_rr_num,COUNTRY,PNG,WPR,Western Pacific,YEAR,2017,,,,,,,,,2500 [570-4500],2500,570,4500,,2025-11-11T16:20:50Z,2017,2017-01-01,2017-12-31
7296063,TB_e_inc_rr_num,COUNTRY,JPN,WPR,Western Pacific,YEAR,2023,,,,,,,,,390 [0-990],390,0,990,,2025-11-11T16:20:50Z,2023,2023-01-01,2023-12-31
2815309,TB_e_inc_rr_num,COUNTRY,TUN,EMR,Eastern Mediterranean,YEAR,2021,,,,,,,,,65 [39-90],65,39,90,,2025-11-11T16:20:50Z,2021,2021-01-01,2021-12-31
1796594,TB_e_inc_rr_num,COUNTRY,NLD,EUR,Europe,YEAR,2017,,,,,,,,,21 [15-27],21,15,27,,2025-11-11T16:20:50Z,2017,2017-01-01,2017-12-31
8438969,TB_e_inc_rr_num,COUNTRY,SUR,AMR,Americas,YEAR,2021,,,,,,,,,16 [11-21],16,11,21,,2025-11-11T16:20:50Z,2021,2021-01-01,2021-12-31
10161079,TB_e_inc_rr_num,COUNTRY,KIR,WPR,Western Pacific,YEAR,2023,,,,,,,,,17 [6-27],17,6,27,,2025-11-11T16:20:50Z,2023,2023-01-01,2023-12-31
5451705,TB_e_inc_rr_num,COUNTRY,MMR,SEAR,South-East Asia,YEAR,2024,,,,,,,,,11 000 [4800-17 000],11000,4800,17000,,2025-11-11T16:20:50Z,2024,2024-01-01,2024-12-31
3843449,TB_e_inc_rr_num,COUNTRY,ERI,AFR,Africa,YEAR,2019,,,,,,,,,130 [80-180],130,80,180,,2025-11-11T16:20:50Z,2019,2019-01-01,2019-12-31
8995276,TB_e_inc_rr_num,COUNTRY,VUT,WPR,Western Pacific,YEAR,2016,,,,,,,,,4 [0-8],4,0,8,,2025-11-11T16:20:50Z,2016,2016-01-01,2016-12-31
6003060,TB_e_inc_rr_num,COUNTRY,GRC,EUR,Europe,YEAR,2022,,,,,,,,,10 [3-16],10,3,16,,2025-11-11T16:20:50Z,2022,2022-01-01,2022-12-31
1796621,TB_e_inc_rr_num,COUNTRY,MKD,EUR,Europe,YEAR,2016,,,,,,,,,6 [4-9],6,4,9,,2025-11-11T16:20:50Z,2016,2016-01-01,2016-12-31
3589761,TB_e_inc_rr_num,COUNTRY,ZWE,AFR,Africa,YEAR,2018,,,,,,,,,1300 [920-1800],1300,920,1800,,2025-11-11T16:20:50Z,2018,2018-01-01,2018-12-31
4001953,TB_e_inc_rr_num,COUNTRY,SVN,EUR,Europe,YEAR,2015,,,,,,,,,1 [0-2],1,0,2,,2025-11-11T16:20:50Z,2015,2015-01-01,2015-12-31
4040019,TB_e_inc_rr_num,COUNTRY,TUR,EUR,Europe,YEAR,2020,,,,,,,,,460 [360-550],460,360,550,,2025-11-11T16:20:50Z,2020,2020-01-01,2020-12-31
4306336,TB_e_inc_rr_num,COUNTRY,MNG,WPR,Western Pacific,YEAR,2018,,,,,,,,,810 [330-1300],810,330,1300,,2025-11-11T16:20:50Z,2018,2018-01-01,2018-12-31
9680058,TB_e_inc_rr_num,COUNTRY,BEL,EUR,Europe,YEAR,2017,,,,,,,,,29 [0-60],29,0,60,,2025-11-11T16:20:50Z,2017,2017-01-01,2017-12-31
3241807,TB_e_inc_rr_num,COUNTRY,ARE,EMR,Eastern Mediterranean,YEAR,2015,,,,,,,,,2 [0-5],2,0,5,,2025-11-11T16:20:50Z,2015,2015-01-01,2015-12-31
8236671,TB_e_inc_rr_num,COUNTRY,IRL,EUR,Europe,YEAR,2017,,,,,,,,,8 [4-12],8,4,12,,2025-11-11T16:20:50Z,2017,2017-01-01,2017-12-31
354406,TB_e_inc_rr_num,COUNTRY,LBY,EMR,Eastern Mediterranean,YEAR,2019,,,,,,,,,51 [5-97],51,5,97,,2025-11-11T16:20:50Z,2019,2019-01-01,2019-12-31
594501,TB_e_inc_rr_num,COUNTRY,CHE,EUR,Europe,YEAR,2021,,,,,,,,,14 [7-21],14,7,21,,2025-11-11T16:20:50Z,2021,2021-01-01,2021-12-31
5736761,TB_e_inc_rr_num,COUNTRY,LBY,EMR,Eastern Mediterranean,YEAR,2024,,,,,,,,,69 [0-140],69,0,140,,2025-11-11T16:20:50Z,2024,2024-01-01,2024-12-31
1144883,TB_e_inc_rr_num,COUNTRY,COD,AFR,Africa,YEAR,2016,,,,,,,,,8400 [1100-16 000],8400,1100,16000,,2025-11-11T16:20:50Z,2016,2016-01-01,2016-12-31
9863517,TB_e_inc_rr_num,COUNTRY,ARM,EUR,Europe,YEAR,2018,,,,,,,,,230 [180-280],230,180,280,,2025-11-11T16:20:50Z,2018,2018-01-01,2018-12-31
6922030,TB_e_inc_rr_num,COUNTRY,NOR,EUR,Europe,YEAR,2016,,,,,,,,,17 [12-21],17,12,21,,2025-11-11T16:20:50Z,2016,2016-01-01,2016-12-31
2505458,TB_e_inc_rr_num,COUNTRY,SRB,EUR,Europe,YEAR,2016,,,,,,,,,26 [12-40],26,12,40,,2025-11-11T16:20:50Z,2016,2016-01-01,2016-12-31
7372209,TB_e_inc_rr_num,COUNTRY,CRI,AMR,Americas,YEAR,2017,,,,,,,,,6 [3-9],6,3,9,,2025-11-11T16:20:50Z,2017,2017-01-01,2017-12-31
2587994,TB_e_inc_rr_num,COUNTRY,PAN,AMR,Americas,YEAR,2021,,,,,,,,,95 [53-140],95,53,140,,2025-11-11T16:20:50Z,2021,2021-01-01,2021-12-31
2607068,TB_e_inc_rr_num,COUNTRY,RUS,EUR,Europe,YEAR,2022,,,,,,,,,30 000 [15 000-45 000],30000,15000,45000,,2025-11-11T16:20:50Z,2022,2022-01-01,2022-12-31
4425314,TB_e_inc_rr_num,COUNTRY,ALB,EUR,Europe,YEAR,2018,,,,,,,,,13 [7-18],13,7,18,,2025-11-11T16:20:50Z,2018,2018-01-01,2018-12-31
7992698,TB_e_inc_rr_num,GLOBAL,GLOBAL,,,YEAR,2015,,,,,,,,,590 000 [520 000-670 000],590000,520000,670000,,2025-11-11T16:20:50Z,2015,2015-01-01,2015-12-31
10142364,TB_e_inc_rr_num,COUNTRY,IRQ,EMR,Eastern Mediterranean,YEAR,2020,,,,,,,,,330 [240-420],330,240,420,,2025-11-11T16:20:50Z,2020,2020-01-01,2020-12-31
2334753,TB_e_inc_rr_num,COUNTRY,BEN,AFR,Africa,YEAR,2021,,,,,,,,,69 [22-110],69,22,110,,2025-11-11T16:20:50Z,2021,2021-01-01,2021-12-31
8887524,TB_e_inc_rr_num,COUNTRY,CAF,AFR,Africa,YEAR,2017,,,,,,,,,360 [38-680],360,38,680,,2025-11-11T16:20:50Z,2017,2017-01-01,2017-12-31
2442756,TB_e_inc_rr_num,COUNTRY,COD,AFR,Africa,YEAR,2024,,,,,,,,,6900 [0-14 000],6900,0,14000,,2025-11-11T16:20:50Z,2024,2024-01-01,2024-12-31
9470992,TB_e_inc_rr_num,COUNTRY,PHL,WPR,Western Pacific,YEAR,2015,,,,,,,,,28 000 [13 000-43 000],28000,13000,43000,,2025-11-11T16:20:50Z,2015,2015-01-01,2015-12-31
9515247,TB_e_inc_rr_num,COUNTRY,BLZ,AMR,Americas,YEAR,2017,,,,,,,,,3 [0-7],3,0,7,,2025-11-11T16:20:50Z,2017,2017-01-01,2017-12-31
3045598,TB_e_inc_rr_num,COUNTRY,VUT,WPR,Western Pacific,YEAR,2018,,,,,,,,,4 [0-7],4,0,7,,2025-11-11T16:20:50Z,2018,2018-01-01,2018-12-31
6332473,TB_e_inc_rr_num,REGION,SEAR,,,YEAR,2018,,,,,,,,,140 000 [120 000-160 000],140000,120000,160000,,2025-11-11T16:20:50Z,2018,2018-01-01,2018-12-31
9642038,TB_e_inc_rr_num,COUNTRY,ARG,AMR,Americas,YEAR,2017,,,,,,,,,320 [42-600],320,42,600,,2025-11-11T16:20:50Z,2017,2017-01-01,2017-12-31
4970503,TB_e_inc_rr_num,COUNTRY,MAR,EMR,Eastern Mediterranean,YEAR,2015,,,,,,,,,450 [310-600],450,310,600,,2025-11-11T16:20:50Z,2015,2015-01-01,2015-12-31
5274636,TB_e_inc_rr_num,COUNTRY,JPN,WPR,Western Pacific,YEAR,2022,,,,,,,,,370 [0-930],370,0,930,,2025-11-11T16:20:50Z,2022,2022-01-01,2022-12-31
5622931,TB_e_inc_rr_num,REGION,SEAR,,,YEAR,2021,,,,,,,,,140 000 [120 000-170 000],140000,120000,170000,,2025-11-11T16:20:50Z,2021,2021-01-01,2021-12-31
6022185,TB_e_inc_rr_num,REGION,EUR,,,YEAR,2016,,,,,,,,,85 000 [61 000-110 000],85000,61000,110000,,2025-11-11T16:20:50Z,2016,2016-01-01,2016-12-31
2790103,TB_e_inc_rr_num,COUNTRY,SVK,EUR,Europe,YEAR,2021,,,,,,,,,6 [3-10],6,3,10,,2025-11-11T16:20:50Z,2021,2021-01-01,2021-12-31
4729436,TB_e_inc_rr_num,COUNTRY,BIH,EUR,Europe,YEAR,2024,,,,,,,,,2 [1-4],2,1,4,,2025-11-11T16:20:50Z,2024,2024-01-01,2024-12-31
3279992,TB_e_inc_rr_num,COUNTRY,TJK,EUR,Europe,YEAR,2024,,,,,,,,,1900 [1400-2300],1900,1400,2300,,2025-11-11T16:20:50Z,2024,2024-01-01,2024-12-31
2391956,TB_e_inc_rr_num,REGION,SEAR,,,YEAR,2019,,,,,,,,,140 000 [120 000-160 000],140000,120000,160000,,2025-11-11T16:20:50Z,2019,2019-01-01,2019-12-31
5882732,TB_e_inc_rr_num,COUNTRY,BOL,AMR,Americas,YEAR,2016,,,,,,,,,300 [170-430],300,170,430,,2025-11-11T16:20:50Z,2016,2016-01-01,2016-12-31
1195594,TB_e_inc_rr_num,COUNTRY,GMB,AFR,Africa,YEAR,2019,,,,,,,,,38 [20-55],38,20,55,,2025-11-11T16:20:50Z,2019,2019-01-01,2019-12-31
2929885,TB_e_inc_rr_num,COUNTRY,THA,SEAR,South-East Asia,YEAR,2021,,,,,,,,,2500 [1800-3100],2500,1800,3100,,2025-11-11T16:20:50Z,2021,2021-01-01,2021-12-31
9819598,TB_e_inc_rr_num,COUNTRY,URY,AMR,Americas,YEAR,2024,,,,,,,,,14 [7-21],14,7,21,,2025-11-11T16:20:50Z,2024,2024-01-01,2024-12-31
5173263,TB_e_inc_rr_num,COUNTRY,LSO,AFR,Africa,YEAR,2022,,,,,,,,,530 [290-770],530,290,770,,2025-11-11T16:20:50Z,2022,2022-01-01,2022-12-31
8641792,TB_e_inc_rr_num,COUNTRY,VNM,WPR,Western Pacific,YEAR,2021,,,,,,,,,8500 [5000-12 000],8500,5000,12000,,2025-11-11T16:20:50Z,2021,2021-01-01,2021-12-31
8792971,TB_e_inc_rr_num,COUNTRY,NAM,AFR,Africa,YEAR,2015,,,,,,,,,860 [490-1200],860,490,1200,,2025-11-11T16:20:50Z,2015,2015-01-01,2015-12-31
771070,TB_e_inc_rr_num,COUNTRY,GEO,EUR,Europe,YEAR,2018,,,,,,,,,500 [400-600],500,400,600,,2025-11-11T16:20:50Z,2018,2018-01-01,2018-12-31
7429458,TB_e_inc_rr_num,COUNTRY,ISR,EUR,Europe,YEAR,2019,,,,,,,,,18 [13-23],18,13,23,,2025-11-11T16:20:50Z,2019,2019-01-01,2019-12-31
4230591,TB_e_inc_rr_num,COUNTRY,MHL,WPR,Western Pacific,YEAR,2021,,,,,,,,,4 [1-7],4,1,7,,2025-11-11T16:20:50Z,2021,2021-01-01,2021-12-31
9223816,TB_e_inc_rr_num,COUNTRY,BGD,SEAR,South-East Asia,YEAR,2022,,,,,,,,,2700 [1900-3600],2700,1900,3600,,2025-11-11T16:20:50Z,2022,2022-01-01,2022-12-31
6009559,TB_e_inc_rr_num,COUNTRY,MDV,SEAR,South-East Asia,YEAR,2023,,,,,,,,,1 [0-3],1,0,3,,2025-11-11T16:20:50Z,2023,2023-01-01,2023-12-31
2898141,TB_e_inc_rr_num,COUNTRY,PRI,AMR,Americas,YEAR,2016,,,,,,,,,3 [1-5],3,1,5,,2025-11-11T16:20:50Z,2016,2016-01-01,2016-12-31
69853,TB_e_inc_rr_num,COUNTRY,ARM,EUR,Europe,YEAR,2021,,,,,,,,,160 [120-200],160,120,200,,2025-11-11T16:20:50Z,2021,2021-01-01,2021-12-31
10161292,TB_e_inc_rr_num,COUNTRY,GNQ,AFR,Africa,YEAR,2018,,,,,,,,,140 [0-280],140,0,280,,2025-11-11T16:20:50Z,2018,2018-01-01,2018-12-31
1505393,TB_e_inc_rr_num,COUNTRY,MDG,AFR,Africa,YEAR,2020,,,,,,,,,380 [24-740],380,24,740,,2025-11-11T16:20:50Z,2020,2020-01-01,2020-12-31
6370690,TB_e_inc_rr_num,COUNTRY,LAO,WPR,Western Pacific,YEAR,2016,,,,,,,,,170 [69-270],170,69,270,,2025-11-11T16:20:50Z,2016,2016-01-01,2016-12-31
1530692,TB_e_inc_rr_num,COUNTRY,LVA,EUR,Europe,YEAR,2024,,,,,,,,,39 [28-50],39,28,50,,2025-11-11T16:20:50Z,2024,2024-01-01,2024-12-31
1784114,TB_e_inc_rr_num,COUNTRY,ERI,AFR,Africa,YEAR,2015,,,,,,,,,180 [74-290],180,74,290,,2025-11-11T16:20:50Z,2015,2015-01-01,2015-12-31
3425693,TB_e_inc_rr_num,COUNTRY,ROU,EUR,Europe,YEAR,2020,,,,,,,,,620 [480-770],620,480,770,,2025-11-11T16:20:50Z,2020,2020-01-01,2020-12-31
3653330,TB_e_inc_rr_num,COUNTRY,NLD,EUR,Europe,YEAR,2021,,,,,,,,,22 [15-29],22,15,29,,2025-11-11T16:20:50Z,2021,2021-01-01,2021-12-31
8566211,TB_e_inc_rr_num,COUNTRY,BLR,EUR,Europe,YEAR,2017,,,,,,,,,1600 [1300-2000],1600,1300,2000,,2025-11-11T16:20:50Z,2017,2017-01-01,2017-12-31
675947,TB_e_inc_rr_num,COUNTRY,BLZ,AMR,Americas,YEAR,2020,,,,,,,,,2 [0-4],2,0,4,,2025-11-11T16:20:50Z,2020,2020-01-01,2020-12-31
790204,TB_e_inc_rr_num,COUNTRY,NIC,AMR,Americas,YEAR,2015,,,,,,,,,57 [29-85],57,29,85,,2025-11-11T16:20:50Z,2015,2015-01-01,2015-12-31
4945173,TB_e_inc_rr_num,COUNTRY,QAT,EMR,Eastern Mediterranean,YEAR,2016,,,,,,,,,11 [8-15],11,8,15,,2025-11-11T16:20:50Z,2016,2016-01-01,2016-12-31
9939710,TB_e_inc_rr_num,COUNTRY,CZE,EUR,Europe,YEAR,2015,,,,,,,,,20 [15-25],20,15,25,,2025-11-11T16:20:50Z,2015,2015-01-01,2015-12-31
8407568,TB_e_inc_rr_num,COUNTRY,AZE,EUR,Europe,YEAR,2021,,,,,,,,,1500 [1200-1900],1500,1200,1900,,2025-11-11T16:20:50Z,2021,2021-01-01,2021-12-31
8496389,TB_e_inc_rr_num,COUNTRY,BGR,EUR,Europe,YEAR,2016,,,,,,,,,85 [56-110],85,56,110,,2025-11-11T16:20:50Z,2016,2016-01-01,2016-12-31
5508864,TB_e_inc_rr_num,COUNTRY,FSM,WPR,Western Pacific,YEAR,2021,,,,,,,,,2 [0-4],2,0,4,,2025-11-11T16:20:50Z,2021,2021-01-01,2021-12-31
2847463,TB_e_inc_rr_num,COUNTRY,BLR,EUR,Europe,YEAR,2015,,,,,,,,,2300 [1800-2800],2300,1800,2800,,2025-11-11T16:20:50Z,2015,2015-01-01,2015-12-31
6745083,TB_e_inc_rr_num,COUNTRY,SGP,WPR,Western Pacific,YEAR,2017,,,,,,,,,36 [27-44],36,27,44,,2025-11-11T16:20:50Z,2017,2017-01-01,2017-12-31
8629228,TB_e_inc_rr_num,COUNTRY,VEN,AMR,Americas,YEAR,2016,,,,,,,,,670 [0-1800],670,0,1800,,2025-11-11T16:20:50Z,2016,2016-01-01,2016-12-31
8970286,TB_e_inc_rr_num,COUNTRY,GBR,EUR,Europe,YEAR,2019,,,,,,,,,97 [82-110],97,82,110,,2025-11-11T16:20:50Z,2019,2019-01-01,2019-12-31
2644329,TB_e_inc_rr_num,COUNTRY,PRT,EUR,Europe,YEAR,2020,,,,,,,,,21 [11-30],21,11,30,,2025-11-11T16:20:50Z,2020,2020-01-01,2020-12-31
2714110,TB_e_inc_rr_num,COUNTRY,SGP,WPR,Western Pacific,YEAR,2023,,,,,,,,,47 [34-59],47,34,59,,2025-11-11T16:20:50Z,2023,2023-01-01,2023-12-31
4501286,TB_e_inc_rr_num,COUNTRY,MHL,WPR,Western Pacific,YEAR,2023,,,,,,,,,7 [0-13],7,0,13,,2025-11-11T16:20:50Z,2023,2023-01-01,2023-12-31
7980218,TB_e_inc_rr_num,COUNTRY,TCD,AFR,Africa,YEAR,2017,,,,,,,,,460 [34-880],460,34,880,,2025-11-11T16:20:50Z,2017,2017-01-01,2017-12-31
6542139,TB_e_inc_rr_num,COUNTRY,CRI,AMR,Americas,YEAR,2020,,,,,,,,,6 [3-8],6,3,8,,2025-11-11T16:20:50Z,2020,2020-01-01,2020-12-31
2258666,TB_e_inc_rr_num,COUNTRY,HND,AMR,Americas,YEAR,2019,,,,,,,,,78 [0-160],78,0,160,,2025-11-11T16:20:50Z,2019,2019-01-01,2019-12-31
7366054,TB_e_inc_rr_num,COUNTRY,IND,SEAR,South-East Asia,YEAR,2018,,,,,,,,,110 000 [93 000-140 000],110000,93000,140000,,2025-11-11T16:20:50Z,2018,2018-01-01,2018-12-31
2866517,TB_e_inc_rr_num,COUNTRY,EGY,EMR,Eastern Mediterranean,YEAR,2017,,,,,,,,,630 [460-800],630,460,800,,2025-11-11T16:20:50Z,2017,2017-01-01,2017-12-31
7954804,TB_e_inc_rr_num,COUNTRY,THA,SEAR,South-East Asia,YEAR,2018,,,,,,,,,2800 [2000-3600],2800,2000,3600,,2025-11-11T16:20:50Z,2018,2018-01-01,2018-12-31
6377141,TB_e_inc_rr_num,COUNTRY,SRB,EUR,Europe,YEAR,2018,,,,,,,,,24 [9-38],24,9,38,,2025-11-11T16:20:50Z,2018,2018-01-01,2018-12-31
3546089,TB_e_inc_rr_num,COUNTRY,BLR,EUR,Europe,YEAR,2024,,,,,,,,,710 [560-850],710,560,850,,2025-11-11T16:20:50Z,2024,2024-01-01,2024-12-31
8566294,TB_e_inc_rr_num,COUNTRY,CIV,AFR,Africa,YEAR,2015,,,,,,,,,1700 [400-3000],1700,400,3000,,2025-11-11T16:20:50Z,2015,2015-01-01,2015-12-31
512164,TB_e_inc_rr_num,COUNTRY,BGR,EUR,Europe,YEAR,2023,,,,,,,,,35 [15-56],35,15,56,,2025-11-11T16:20:50Z,2023,2023-01-01,2023-12-31
4173556,TB_e_inc_rr_num,COUNTRY,LBR,AFR,Africa,YEAR,2019,,,,,,,,,550 [0-1800],550,0,1800,,2025-11-11T16:20:50Z,2019,2019-01-01,2019-12-31
942645,TB_e_inc_rr_num,COUNTRY,DJI,EMR,Eastern Mediterranean,YEAR,2022,,,,,,,,,220 [24-410],220,24,410,,2025-11-11T16:20:50Z,2022,2022-01-01,2022-12-31
9242824,TB_e_inc_rr_num,COUNTRY,CAN,AMR,Americas,YEAR,2021,,,,,,,,,34 [20-47],34,20,47,,2025-11-11T16:20:50Z,2021,2021-01-01,2021-12-31
7650868,TB_e_inc_rr_num,COUNTRY,KGZ,EUR,Europe,YEAR,2020,,,,,,,,,2900 [2200-3500],2900,2200,3500,,2025-11-11T16:20:50Z,2020,2020-01-01,2020-12-31
1530809,TB_e_inc_rr_num,COUNTRY,KHM,WPR,Western Pacific,YEAR,2024,,,,,,,,,290 [180-390],290,180,390,,2025-11-11T16:20:50Z,2024,2024-01-01,2024-12-31
1575135,TB_e_inc_rr_num,COUNTRY,RUS,EUR,Europe,YEAR,2019,,,,,,,,,38 000 [23 000-53 000],38000,23000,53000,,2025-11-11T16:20:50Z,2019,2019-01-01,2019-12-31
9756508,TB_e_inc_rr_num,COUNTRY,GRC,EUR,Europe,YEAR,2018,,,,,,,,,17 [8-25],17,8,25,,2025-11-11T16:20:50Z,2018,2018-01-01,2018-12-31
9895484,TB_e_inc_rr_num,COUNTRY,SWZ,AFR,Africa,YEAR,2024,,,,,,,,,170 [73-260],170,73,260,,2025-11-11T16:20:50Z,2024,2024-01-01,2024-12-31
3470020,TB_e_inc_rr_num,COUNTRY,BRN,WPR,Western Pacific,YEAR,2022,,,,,,,,,1 [0-2],1,0,2,,2025-11-11T16:20:50Z,2022,2022-01-01,2022-12-31
7017347,TB_e_inc_rr_num,REGION,AMR,,,YEAR,2018,,,,,,,,,13 000 [8900-16 000],13000,8900,16000,,2025-11-11T16:20:50Z,2018,2018-01-01,2018-12-31
5698970,TB_e_inc_rr_num,COUNTRY,YEM,EMR,Eastern Mediterranean,YEAR,2019,,,,,,,,,310 [56-570],310,56,570,,2025-11-11T16:20:50Z,2019,2019-01-01,2019-12-31
9103509,TB_e_inc_rr_num,COUNTRY,DOM,AMR,Americas,YEAR,2019,,,,,,,,,460 [330-590],460,330,590,,2025-11-11T16:20:50Z,2019,2019-01-01,2019-12-31
5914620,TB_e_inc_rr_num,COUNTRY,NIC,AMR,Americas,YEAR,2023,,,,,,,,,54 [25-83],54,25,83,,2025-11-11T16:20:50Z,2023,2023-01-01,2023-12-31
6155238,TB_e_inc_rr_num,COUNTRY,MLI,AFR,Africa,YEAR,2021,,,,,,,,,160 [24-300],160,24,300,,2025-11-11T16:20:50Z,2021,2021-01-01,2021-12-31
3005962,TB_e_inc_rr_num,COUNTRY,BWA,AFR,Africa,YEAR,2023,,,,,,,,,160 [48-280],160,48,280,,2025-11-11T16:20:50Z,2023,2023-01-01,2023-12-31
6256480,TB_e_inc_rr_num,COUNTRY,MAC,,,YEAR,2023,,,,,,,,,14 [8-20],14,8,20,,2025-11-11T16:20:50Z,2023,2023-01-01,2023-12-31
3242132,TB_e_inc_rr_num,COUNTRY,HRV,EUR,Europe,YEAR,2019,,,,,,,,,2 [1-4],2,1,4,,2025-11-11T16:20:50Z,2019,2019-01-01,2019-12-31
5534432,TB_e_inc_rr_num,COUNTRY,CRI,AMR,Americas,YEAR,2015,,,,,,,,,8 [4-12],8,4,12,,2025-11-11T16:20:50Z,2015,2015-01-01,2015-12-31
676094,TB_e_inc_rr_num,COUNTRY,MDG,AFR,Africa,YEAR,2017,,,,,,,,,360 [16-710],360,16,710,,2025-11-11T16:20:50Z,2017,2017-01-01,2017-12-31
7474067,TB_e_inc_rr_num,COUNTRY,AUS,WPR,Western Pacific,YEAR,2020,,,,,,,,,53 [40-67],53,40,67,,2025-11-11T16:20:50Z,2020,2020-01-01,2020-12-31
5959118,TB_e_inc_rr_num,COUNTRY,BRA,AMR,Americas,YEAR,2017,,,,,,,,,2400 [890-4000],2400,890,4000,,2025-11-11T16:20:50Z,2017,2017-01-01,2017-12-31
7701619,TB_e_inc_rr_num,COUNTRY,AZE,EUR,Europe,YEAR,2020,,,,,,,,,1600 [1200-1900],1600,1200,1900,,2025-11-11T16:20:50Z,2020,2020-01-01,2020-12-31
6142471,TB_e_inc_rr_num,COUNTRY,ARG,AMR,Americas,YEAR,2020,,,,,,,,,280 [0-580],280,0,580,,2025-11-11T16:20:50Z,2020,2020-01-01,2020-12-31
9617164,TB_e_inc_rr_num,COUNTRY,AFG,EMR,Eastern Mediterranean,YEAR,2022,,,,,,,,,2100 [620-3600],2100,620,3600,,2025-11-11T16:20:50Z,2022,2022-01-01,2022-12-31
9731186,TB_e_inc_rr_num,COUNTRY,CUB,AMR,Americas,YEAR,2018,,,,,,,,,28 [9-47],28,9,47,,2025-11-11T16:20:50Z,2018,2018-01-01,2018-12-31
556753,TB_e_inc_rr_num,COUNTRY,BWA,AFR,Africa,YEAR,2022,,,,,,,,,190 [57-320],190,57,320,,2025-11-11T16:20:50Z,2022,2022-01-01,2022-12-31
784009,TB_e_inc_rr_num,COUNTRY,MKD,EUR,Europe,YEAR,2017,,,,,,,,,5 [3-7],5,3,7,,2025-11-11T16:20:50Z,2017,2017-01-01,2017-12-31
3210479,TB_e_inc_rr_num,COUNTRY,CHE,EUR,Europe,YEAR,2019,,,,,,,,,15 [8-22],15,8,22,,2025-11-11T16:20:50Z,2019,2019-01-01,2019-12-31
9851128,TB_e_inc_rr_num,COUNTRY,CUB,AMR,Americas,YEAR,2024,,,,,,,,,60 [2-120],60,2,120,,2025-11-11T16:20:50Z,2024,2024-01-01,2024-12-31
5883000,TB_e_inc_rr_num,COUNTRY,MKD,EUR,Europe,YEAR,2021,,,,,,,,,3 [1-5],3,1,5,,2025-11-11T16:20:50Z,2021,2021-01-01,2021-12-31
4274954,TB_e_inc_rr_num,COUNTRY,CMR,AFR,Africa,YEAR,2017,,,,,,,,,950 [200-1700],950,200,1700,,2025-11-11T16:20:50Z,2017,2017-01-01,2017-12-31
2828489,TB_e_inc_rr_num,COUNTRY,ISR,EUR,Europe,YEAR,2024,,,,,,,,,20 [13-27],20,13,27,,2025-11-11T16:20:50Z,2024,2024-01-01,2024-12-31
1537287,TB_e_inc_rr_num,COUNTRY,HTI,AMR,Americas,YEAR,2021,,,,,,,,,1100 [0-3000],1100,0,3000,,2025-11-11T16:20:50Z,2021,2021-01-01,2021-12-31
6485152,TB_e_inc_rr_num,COUNTRY,SWE,EUR,Europe,YEAR,2015,,,,,,,,,31 [23-39],31,23,39,,2025-11-11T16:20:50Z,2015,2015-01-01,2015-12-31
3539903,TB_e_inc_rr_num,COUNTRY,SYR,EMR,Eastern Mediterranean,YEAR,2023,,,,,,,,,77 [53-100],77,53,100,,2025-11-11T16:20:50Z,2023,2023-01-01,2023-12-31
4161003,TB_e_inc_rr_num,COUNTRY,TCD,AFR,Africa,YEAR,2018,,,,,,,,,440 [79-790],440,79,790,,2025-11-11T16:20:50Z,2018,2018-01-01,2018-12-31
2866663,TB_e_inc_rr_num,COUNTRY,AUS,WPR,Western Pacific,YEAR,2022,,,,,,,,,42 [30-53],42,30,53,,2025-11-11T16:20:50Z,2022,2022-01-01,2022-12-31
8028126,TB_e_inc_rr_num,COUNTRY,JAM,AMR,Americas,YEAR,2021,,,,,,,,,1 [0-1],1,0,1,,2025-11-11T16:20:50Z,2021,2021-01-01,2021-12-31
4926363,TB_e_inc_rr_num,COUNTRY,CAN,AMR,Americas,YEAR,2022,,,,,,,,,35 [20-50],35,20,50,,2025-11-11T16:20:50Z,2022,2022-01-01,2022-12-31
9617273,TB_e_inc_rr_num,COUNTRY,PAK,EMR,Eastern Mediterranean,YEAR,2021,,,,,,,,,16 000 [11 000-22 000],16000,11000,22000,,2025-11-11T16:20:50Z,2021,2021-01-01,2021-12-31
1524641,TB_e_inc_rr_num,COUNTRY,IRL,EUR,Europe,YEAR,2016,,,,,,,,,7 [4-11],7,4,11,,2025-11-11T16:20:50Z,2016,2016-01-01,2016-12-31
6478867,TB_e_inc_rr_num,COUNTRY,BOL,AMR,Americas,YEAR,2022,,,,,,,,,240 [190-300],240,190,300,,2025-11-11T16:20:50Z,2022,2022-01-01,2022-12-31
1676880,TB_e_inc_rr_num,COUNTRY,SWE,EUR,Europe,YEAR,2019,,,,,,,,,22 [16-28],22,16,28,,2025-11-11T16:20:50Z,2019,2019-01-01,2019-12-31
6612378,TB_e_inc_rr_num,COUNTRY,KEN,AFR,Africa,YEAR,2019,,,,,,,,,1600 [800-2300],1600,800,2300,,2025-11-11T16:20:50Z,2019,2019-01-01,2019-12-31
9857564,TB_e_inc_rr_num,COUNTRY,TUN,EMR,Eastern Mediterranean,YEAR,2022,,,,,,,,,67 [37-98],67,37,98,,2025-11-11T16:20:50Z,2022,2022-01-01,2022-12-31
3539953,TB_e_inc_rr_num,COUNTRY,LKA,SEAR,South-East Asia,YEAR,2020,,,,,,,,,74 [0-160],74,0,160,,2025-11-11T16:20:50Z,2020,2020-01-01,2020-12-31
2038005,TB_e_inc_rr_num,COUNTRY,HUN,EUR,Europe,YEAR,2021,,,,,,,,,21 [14-28],21,14,28,,2025-11-11T16:20:50Z,2021,2021-01-01,2021-12-31
3685324,TB_e_inc_rr_num,COUNTRY,VNM,WPR,Western Pacific,YEAR,2023,,,,,,,,,9400 [5400-13 000],9400,5400,13000,,2025-11-11T16:20:50Z,2023,2023-01-01,2023-12-31
682593,TB_e_inc_rr_num,COUNTRY,HRV,EUR,Europe,YEAR,2021,,,,,,,,,1 [1-2],1,1,2,,2025-11-11T16:20:50Z,2021,2021-01-01,2021-12-31
2354272,TB_e_inc_rr_num,COUNTRY,SAU,EMR,Eastern Mediterranean,YEAR,2024,,,,,,,,,41 [30-52],41,30,52,,2025-11-11T16:20:50Z,2024,2024-01-01,2024-12-31
752307,TB_e_inc_rr_num,GLOBAL,GLOBAL,,,YEAR,2019,,,,,,,,,450 000 [420 000-490 000],450000,420000,490000,,2025-11-11T16:20:50Z,2019,2019-01-01,2019-12-31
4065898,TB_e_inc_rr_num,COUNTRY,KEN,AFR,Africa,YEAR,2015,,,,,,,,,2600 [850-4400],2600,850,4400,,2025-11-11T16:20:50Z,2015,2015-01-01,2015-12-31
879349,TB_e_inc_rr_num,COUNTRY,ERI,AFR,Africa,YEAR,2016,,,,,,,,,180 [86-280],180,86,280,,2025-11-11T16:20:50Z,2016,2016-01-01,2016-12-31
9046488,TB_e_inc_rr_num,COUNTRY,SWE,EUR,Europe,YEAR,2018,,,,,,,,,21 [15-27],21,15,27,,2025-11-11T16:20:50Z,2018,2018-01-01,2018-12-31
2669903,TB_e_inc_rr_num,COUNTRY,ZAF,AFR,Africa,YEAR,2018,,,,,,,,,16 000 [9800-22 000],16000,9800,22000,,2025-11-11T16:20:50Z,2018,2018-01-01,2018-12-31
923918,TB_e_inc_rr_num,COUNTRY,SGP,WPR,Western Pacific,YEAR,2022,,,,,,,,,55 [41-70],55,41,70,,2025-11-11T16:20:50Z,2022,2022-01-01,2022-12-31
8230848,TB_e_inc_rr_num,COUNTRY,KWT,EMR,Eastern Mediterranean,YEAR,2022,,,,,,,,,13 [8-18],13,8,18,,2025-11-11T16:20:50Z,2022,2022-01-01,2022-12-31
2328838,TB_e_inc_rr_num,COUNTRY,CAN,AMR,Americas,YEAR,2023,,,,,,,,,40 [22-58],40,22,58,,2025-11-11T16:20:50Z,2023,2023-01-01,2023-12-31
4306863,TB_e_inc_rr_num,COUNTRY,MNE,EUR,Europe,YEAR,2019,,,,,,,,,1 [0-2],1,0,2,,2025-11-11T16:20:50Z,2019,2019-01-01,2019-12-31
7796855,TB_e_inc_rr_num,COUNTRY,GHA,AFR,Africa,YEAR,2015,,,,,,,,,1400 [430-2400],1400,430,2400,,2025-11-11T16:20:50Z,2015,2015-01-01,2015-12-31
6472600,TB_e_inc_rr_num,COUNTRY,JOR,EMR,Eastern Mediterranean,YEAR,2021,,,,,,,,,16 [6-26],16,6,26,,2025-11-11T16:20:50Z,2021,2021-01-01,2021-12-31
1657952,TB_e_inc_rr_num,COUNTRY,HRV,EUR,Europe,YEAR,2023,,,,,,,,,2 [1-4],2,1,4,,2025-11-11T16:20:50Z,2023,2023-01-01,2023-12-31
5553677,TB_e_inc_rr_num,COUNTRY,VNM,WPR,Western Pacific,YEAR,2017,,,,,,,,,8800 [4900-13 000],8800,4900,13000,,2025-11-11T16:20:50Z,2017,2017-01-01,2017-12-31
3096656,TB_e_inc_rr_num,COUNTRY,HKG,,,YEAR,2015,,,,,,,,,80 [61-99],80,61,99,,2025-11-11T16:20:50Z,2015,2015-01-01,2015-12-31
3869408,TB_e_inc_rr_num,COUNTRY,CUB,AMR,Americas,YEAR,2016,,,,,,,,,24 [9-38],24,9,38,,2025-11-11T16:20:50Z,2016,2016-01-01,2016-12-31
3324732,TB_e_inc_rr_num,COUNTRY,EST,EUR,Europe,YEAR,2023,,,,,,,,,33 [25-42],33,25,42,,2025-11-11T16:20:50Z,2023,2023-01-01,2023-12-31
3457578,TB_e_inc_rr_num,COUNTRY,LUX,EUR,Europe,YEAR,2020,,,,,,,,,1 [0-1],1,0,1,,2025-11-11T16:20:50Z,2020,2020-01-01,2020-12-31
10066592,TB_e_inc_rr_num,COUNTRY,BTN,SEAR,South-East Asia,YEAR,2015,,,,,,,,,280 [210-350],280,210,350,,2025-11-11T16:20:50Z,2015,2015-01-01,2015-12-31
430764,TB_e_inc_rr_num,COUNTRY,TUR,EUR,Europe,YEAR,2023,,,,,,,,,340 [270-410],340,270,410,,2025-11-11T16:20:50Z,2023,2023-01-01,2023-12-31
3806014,TB_e_inc_rr_num,REGION,AFR,,,YEAR,2020,,,,,,,,,76 000 [64 000-88 000],76000,64000,88000,,2025-11-11T16:20:50Z,2020,2020-01-01,2020-12-31
7220813,TB_e_inc_rr_num,COUNTRY,MUS,AFR,Africa,YEAR,2022,,,,,,,,,2 [1-3],2,1,3,,2025-11-11T16:20:50Z,2022,2022-01-01,2022-12-31
7302858,TB_e_inc_rr_num,COUNTRY,IRN,EMR,Eastern Mediterranean,YEAR,2021,,,,,,,,,210 [51-370],210,51,370,,2025-11-11T16:20:50Z,2021,2021-01-01,2021-12-31
2544047,TB_e_inc_rr_num,COUNTRY,LUX,EUR,Europe,YEAR,2018,,,,,,,,,1 [0-1],1,0,1,,2025-11-11T16:20:50Z,2018,2018-01-01,2018-12-31
4256353,TB_e_inc_rr_num,COUNTRY,KGZ,EUR,Europe,YEAR,2018,,,,,,,,,3200 [2500-3900],3200,2500,3900,,2025-11-11T16:20:50Z,2018,2018-01-01,2018-12-31
2765235,TB_e_inc_rr_num,COUNTRY,LSO,AFR,Africa,YEAR,2024,,,,,,,,,420 [210-630],420,210,630,,2025-11-11T16:20:50Z,2024,2024-01-01,2024-12-31
9484215,TB_e_inc_rr_num,COUNTRY,LVA,EUR,Europe,YEAR,2020,,,,,,,,,46 [34-59],46,34,59,,2025-11-11T16:20:50Z,2020,2020-01-01,2020-12-31
3451288,TB_e_inc_rr_num,COUNTRY,KAZ,EUR,Europe,YEAR,2024,,,,,,,,,3600 [2800-4400],3600,2800,4400,,2025-11-11T16:20:50Z,2024,2024-01-01,2024-12-31
3653732,TB_e_inc_rr_num,COUNTRY,ETH,AFR,Africa,YEAR,2019,,,,,,,,,2500 [900-4000],2500,900,4000,,2025-11-11T16:20:50Z,2019,2019-01-01,2019-12-31
771521,TB_e_inc_rr_num,COUNTRY,TLS,SEAR,South-East Asia,YEAR,2018,,,,,,,,,40 [0-81],40,0,81,,2025-11-11T16:20:50Z,2018,2018-01-01,2018-12-31
8926135,TB_e_inc_rr_num,COUNTRY,GMB,AFR,Africa,YEAR,2020,,,,,,,,,38 [21-55],38,21,55,,2025-11-11T16:20:50Z,2020,2020-01-01,2020-12-31
4313320,TB_e_inc_rr_num,COUNTRY,MDG,AFR,Africa,YEAR,2023,,,,,,,,,420 [15-820],420,15,820,,2025-11-11T16:20:50Z,2023,2023-01-01,2023-12-31
6079812,TB_e_inc_rr_num,COUNTRY,ECU,AMR,Americas,YEAR,2024,,,,,,,,,700 [550-850],700,550,850,,2025-11-11T16:20:50Z,2024,2024-01-01,2024-12-31
6681994,TB_e_inc_rr_num,COUNTRY,HUN,EUR,Europe,YEAR,2020,,,,,,,,,25 [17-33],25,17,33,,2025-11-11T16:20:50Z,2020,2020-01-01,2020-12-31
2019172,TB_e_inc_rr_num,COUNTRY,TTO,AMR,Americas,YEAR,2020,,,,,,,,,5 [0-9],5,0,9,,2025-11-11T16:20:50Z,2020,2020-01-01,2020-12-31
5369854,TB_e_inc_rr_num,COUNTRY,LBN,EMR,Eastern Mediterranean,YEAR,2022,,,,,,,,,9 [6-13],9,6,13,,2025-11-11T16:20:50Z,2022,2022-01-01,2022-12-31
8844002,TB_e_inc_rr_num,COUNTRY,CUB,AMR,Americas,YEAR,2020,,,,,,,,,26 [6-46],26,6,46,,2025-11-11T16:20:50Z,2020,2020-01-01,2020-12-31
7487032,TB_e_inc_rr_num,COUNTRY,BIH,EUR,Europe,YEAR,2018,,,,,,,,,4 [2-5],4,2,5,,2025-11-11T16:20:50Z,2018,2018-01-01,2018-12-31
5895942,TB_e_inc_rr_num,COUNTRY,VUT,WPR,Western Pacific,YEAR,2015,,,,,,,,,4 [0-9],4,0,9,,2025-11-11T16:20:50Z,2015,2015-01-01,2015-12-31
1075804,TB_e_inc_rr_num,COUNTRY,JAM,AMR,Americas,YEAR,2022,,,,,,,,,1 [0-2],1,0,2,,2025-11-11T16:20:50Z,2022,2022-01-01,2022-12-31
9826437,TB_e_inc_rr_num,COUNTRY,COL,AMR,Americas,YEAR,2020,,,,,,,,,810 [0-1600],810,0,1600,,2025-11-11T16:20:50Z,2020,2020-01-01,2020-12-31
285440,TB_e_inc_rr_num,COUNTRY,GRC,EUR,Europe,YEAR,2021,,,,,,,,,7 [3-11],7,3,11,,2025-11-11T16:20:50Z,2021,2021-01-01,2021-12-31
8401659,TB_e_inc_rr_num,COUNTRY,ARE,EMR,Eastern Mediterranean,YEAR,2016,,,,,,,,,2 [0-5],2,0,5,,2025-11-11T16:20:50Z,2016,2016-01-01,2016-12-31
10180804,TB_e_inc_rr_num,COUNTRY,SLB,WPR,Western Pacific,YEAR,2020,,,,,,,,,13 [0-34],13,0,34,,2025-11-11T16:20:50Z,2020,2020-01-01,2020-12-31
8642314,TB_e_inc_rr_num,COUNTRY,LBY,EMR,Eastern Mediterranean,YEAR,2023,,,,,,,,,65 [0-130],65,0,130,,2025-11-11T16:20:50Z,2023,2023-01-01,2023-12-31
5541104,TB_e_inc_rr_num,COUNTRY,AUT,EUR,Europe,YEAR,2020,,,,,,,,,17 [9-25],17,9,25,,2025-11-11T16:20:50Z,2020,2020-01-01,2020-12-31
1917698,TB_e_inc_rr_num,COUNTRY,ERI,AFR,Africa,YEAR,2023,,,,,,,,,140 [86-190],140,86,190,,2025-11-11T16:20:50Z,2023,2023-01-01,2023-12-31
10142996,TB_e_inc_rr_num,COUNTRY,RUS,EUR,Europe,YEAR,2015,,,,,,,,,50 000 [24 000-77 000],50000,24000,77000,,2025-11-11T16:20:50Z,2015,2015-01-01,2015-12-31
7987018,TB_e_inc_rr_num,COUNTRY,MOZ,AFR,Africa,YEAR,2015,,,,,,,,,3700 [2000-5400],3700,2000,5400,,2025-11-11T16:20:50Z,2015,2015-01-01,2015-12-31
5294251,TB_e_inc_rr_num,COUNTRY,DJI,EMR,Eastern Mediterranean,YEAR,2019,,,,,,,,,250 [0-530],250,0,530,,2025-11-11T16:20:50Z,2019,2019-01-01,2019-12-31
10174538,TB_e_inc_rr_num,COUNTRY,ARM,EUR,Europe,YEAR,2015,,,,,,,,,380 [290-470],380,290,470,,2025-11-11T16:20:50Z,2015,2015-01-01,2015-12-31
2474482,TB_e_inc_rr_num,COUNTRY,GIN,AFR,Africa,YEAR,2017,,,,,,,,,1100 [25-2200],1100,25,2200,,2025-11-11T16:20:50Z,2017,2017-01-01,2017-12-31
4129489,TB_e_inc_rr_num,COUNTRY,CIV,AFR,Africa,YEAR,2023,,,,,,,,,890 [300-1500],890,300,1500,,2025-11-11T16:20:50Z,2023,2023-01-01,2023-12-31
7480790,TB_e_inc_rr_num,COUNTRY,LKA,SEAR,South-East Asia,YEAR,2024,,,,,,,,,85 [0-210],85,0,210,,2025-11-11T16:20:50Z,2024,2024-01-01,2024-12-31
3102999,TB_e_inc_rr_num,COUNTRY,UGA,AFR,Africa,YEAR,2016,,,,,,,,,960 [480-1400],960,480,1400,,2025-11-11T16:20:50Z,2016,2016-01-01,2016-12-31
5059745,TB_e_inc_rr_num,COUNTRY,SRB,EUR,Europe,YEAR,2023,,,,,,,,,20 [3-38],20,3,38,,2025-11-11T16:20:50Z,2023,2023-01-01,2023-12-31
5224559,TB_e_inc_rr_num,COUNTRY,SSD,AFR,Africa,YEAR,2020,,,,,,,,,830 [0-2300],830,0,2300,,2025-11-11T16:20:50Z,2020,2020-01-01,2020-12-31
3723720,TB_e_inc_rr_num,COUNTRY,BEN,AFR,Africa,YEAR,2024,,,,,,,,,56 [18-95],56,18,95,,2025-11-11T16:20:50Z,2024,2024-01-01,2024-12-31
2139292,TB_e_inc_rr_num,COUNTRY,EST,EUR,Europe,YEAR,2015,,,,,,,,,64 [49-80],64,49,80,,2025-11-11T16:20:50Z,2015,2015-01-01,2015-12-31
733524,TB_e_inc_rr_num,COUNTRY,TTO,AMR,Americas,YEAR,2017,,,,,,,,,4 [0-8],4,0,8,,2025-11-11T16:20:50Z,2017,2017-01-01,2017-12-31
9015100,TB_e_inc_rr_num,COUNTRY,BWA,AFR,Africa,YEAR,2020,,,,,,,,,230 [72-400],230,72,400,,2025-11-11T16:20:50Z,2020,2020-01-01,2020-12-31
1240714,TB_e_inc_rr_num,COUNTRY,HRV,EUR,Europe,YEAR,2018,,,,,,,,,3 [1-5],3,1,5,,2025-11-11T16:20:50Z,2018,2018-01-01,2018-12-31
1310569,TB_e_inc_rr_num,COUNTRY,ARE,EMR,Eastern Mediterranean,YEAR,2018,,,,,,,,,2 [0-5],2,0,5,,2025-11-11T16:20:50Z,2018,2018-01-01,2018-12-31
506304,TB_e_inc_rr_num,COUNTRY,COM,AFR,Africa,YEAR,2015,,,,,,,,,4 [0-11],4,0,11,,2025-11-11T16:20:50Z,2015,2015-01-01,2015-12-31
3799889,TB_e_inc_rr_num,COUNTRY,MEX,AMR,Americas,YEAR,2024,,,,,,,,,1400 [0-2900],1400,0,2900,,2025-11-11T16:20:50Z,2024,2024-01-01,2024-12-31
3907534,TB_e_inc_rr_num,COUNTRY,AZE,EUR,Europe,YEAR,2015,,,,,,,,,2100 [1600-2600],2100,1600,2600,,2025-11-11T16:20:50Z,2015,2015-01-01,2015-12-31
1379646,TB_e_inc_rr_num,COUNTRY,KEN,AFR,Africa,YEAR,2024,,,,,,,,,970 [390-1500],970,390,1500,,2025-11-11T16:20:50Z,2024,2024-01-01,2024-12-31
8168123,TB_e_inc_rr_num,COUNTRY,NER,AFR,Africa,YEAR,2022,,,,,,,,,640 [130-1100],640,130,1100,,2025-11-11T16:20:50Z,2022,2022-01-01,2022-12-31
2132989,TB_e_inc_rr_num,COUNTRY,STP,AFR,Africa,YEAR,2022,,,,,,,,,7 [1-12],7,1,12,,2025-11-11T16:20:50Z,2022,2022-01-01,2022-12-31
670175,TB_e_inc_rr_num,COUNTRY,CYP,EUR,Europe,YEAR,2021,,,,,,,,,1 [0-2],1,0,2,,2025-11-11T16:20:50Z,2021,2021-01-01,2021-12-31
2392626,TB_e_inc_rr_num,COUNTRY,KAZ,EUR,Europe,YEAR,2019,,,,,,,,,4600 [3700-5600],4600,3700,5600,,2025-11-11T16:20:50Z,2019,2019-01-01,2019-12-31
860618,TB_e_inc_rr_num,COUNTRY,GNB,AFR,Africa,YEAR,2019,,,,,,,,,90 [21-160],90,21,160,,2025-11-11T16:20:50Z,2019,2019-01-01,2019-12-31
7385588,TB_e_inc_rr_num,COUNTRY,COD,AFR,Africa,YEAR,2020,,,,,,,,,7400 [770-14 000],7400,770,14000,,2025-11-11T16:20:50Z,2020,2020-01-01,2020-12-31
7436422,TB_e_inc_rr_num,COUNTRY,YEM,EMR,Eastern Mediterranean,YEAR,2018,,,,,,,,,300 [70-530],300,70,530,,2025-11-11T16:20:50Z,2018,2018-01-01,2018-12-31
7493550,TB_e_inc_rr_num,COUNTRY,NLD,EUR,Europe,YEAR,2016,,,,,,,,,22 [16-28],22,16,28,,2025-11-11T16:20:50Z,2016,2016-01-01,2016-12-31
1063292,TB_e_inc_rr_num,COUNTRY,NOR,EUR,Europe,YEAR,2020,,,,,,,,,12 [8-15],12,8,15,,2025-11-11T16:20:50Z,2020,2020-01-01,2020-12-31
2886084,TB_e_inc_rr_num,COUNTRY,SVK,EUR,Europe,YEAR,2022,,,,,,,,,7 [3-11],7,3,11,,2025-11-11T16:20:50Z,2022,2022-01-01,2022-12-31
1550294,TB_e_inc_rr_num,COUNTRY,MMR,SEAR,South-East Asia,YEAR,2021,,,,,,,,,9400 [4600-14 000],9400,4600,14000,,2025-11-11T16:20:50Z,2021,2021-01-01,2021-12-31
4831661,TB_e_inc_rr_num,COUNTRY,ESP,EUR,Europe,YEAR,2021,,,,,,,,,94 [61-130],94,61,130,,2025-11-11T16:20:50Z,2021,2021-01-01,2021-12-31
8186913,TB_e_inc_rr_num,COUNTRY,USA,AMR,Americas,YEAR,2021,,,,,,,,,190 [140-230],190,140,230,,2025-11-11T16:20:50Z,2021,2021-01-01,2021-12-31
2854402,TB_e_inc_rr_num,COUNTRY,ESP,EUR,Europe,YEAR,2018,,,,,,,,,190 [94-280],190,94,280,,2025-11-11T16:20:50Z,2018,2018-01-01,2018-12-31
6619119,TB_e_inc_rr_num,COUNTRY,MUS,AFR,Africa,YEAR,2019,,,,,,,,,2 [1-3],2,1,3,,2025-11-11T16:20:50Z,2019,2019-01-01,2019-12-31
5002735,TB_e_inc_rr_num,COUNTRY,SEN,AFR,Africa,YEAR,2020,,,,,,,,,410 [110-710],410,110,710,,2025-11-11T16:20:50Z,2020,2020-01-01,2020-12-31
2519010,TB_e_inc_rr_num,COUNTRY,TGO,AFR,Africa,YEAR,2024,,,,,,,,,26 [7-44],26,7,44,,2025-11-11T16:20:50Z,2024,2024-01-01,2024-12-31
2620593,TB_e_inc_rr_num,REGION,WPR,,,YEAR,2016,,,,,,,,,150 000 [120 000-170 000],150000,120000,170000,,2025-11-11T16:20:50Z,2016,2016-01-01,2016-12-31
9148448,TB_e_inc_rr_num,COUNTRY,MEX,AMR,Americas,YEAR,2016,,,,,,,,,1000 [470-1600],1000,470,1600,,2025-11-11T16:20:50Z,2016,2016-01-01,2016-12-31
6080022,TB_e_inc_rr_num,COUNTRY,BRA,AMR,Americas,YEAR,2022,,,,,,,,,2900 [140-5700],2900,140,5700,,2025-11-11T16:20:50Z,2022,2022-01-01,2022-12-31
9427412,TB_e_inc_rr_num,COUNTRY,LKA,SEAR,South-East Asia,YEAR,2017,,,,,,,,,79 [0-160],79,0,160,,2025-11-11T16:20:50Z,2017,2017-01-01,2017-12-31
6282392,TB_e_inc_rr_num,COUNTRY,URY,AMR,Americas,YEAR,2023,,,,,,,,,13 [7-19],13,7,19,,2025-11-11T16:20:50Z,2023,2023-01-01,2023-12-31
9706330,TB_e_inc_rr_num,COUNTRY,JPN,WPR,Western Pacific,YEAR,2016,,,,,,,,,480 [0-970],480,0,970,,2025-11-11T16:20:50Z,2016,2016-01-01,2016-12-31
6694962,TB_e_inc_rr_num,COUNTRY,MDV,SEAR,South-East Asia,YEAR,2015,,,,,,,,,2 [0-6],2,0,6,,2025-11-11T16:20:50Z,2015,2015-01-01,2015-12-31
682997,TB_e_inc_rr_num,COUNTRY,PRY,AMR,Americas,YEAR,2019,,,,,,,,,37 [24-50],37,24,50,,2025-11-11T16:20:50Z,2019,2019-01-01,2019-12-31
5648904,TB_e_inc_rr_num,COUNTRY,JAM,AMR,Americas,YEAR,2016,,,,,,,,,1 [0-3],1,0,3,,2025-11-11T16:20:50Z,2016,2016-01-01,2016-12-31
9059595,TB_e_inc_rr_num,COUNTRY,ARG,AMR,Americas,YEAR,2022,,,,,,,,,360 [0-800],360,0,800,,2025-11-11T16:20:50Z,2022,2022-01-01,2022-12-31
7765418,TB_e_inc_rr_num,COUNTRY,CZE,EUR,Europe,YEAR,2018,,,,,,,,,20 [15-25],20,15,25,,2025-11-11T16:20:50Z,2018,2018-01-01,2018-12-31
6390451,TB_e_inc_rr_num,COUNTRY,CIV,AFR,Africa,YEAR,2016,,,,,,,,,1500 [400-2700],1500,400,2700,,2025-11-11T16:20:50Z,2016,2016-01-01,2016-12-31
2557053,TB_e_inc_rr_num,COUNTRY,PRT,EUR,Europe,YEAR,2021,,,,,,,,,21 [11-31],21,11,31,,2025-11-11T16:20:50Z,2021,2021-01-01,2021-12-31
5953334,TB_e_inc_rr_num,REGION,EMR,,,YEAR,2018,,,,,,,,,28 000 [21 000-36 000],28000,21000,36000,,2025-11-11T16:20:50Z,2018,2018-01-01,2018-12-31
1133248,TB_e_inc_rr_num,COUNTRY,BDI,AFR,Africa,YEAR,2023,,,,,,,,,250 [55-440],250,55,440,,2025-11-11T16:20:50Z,2023,2023-01-01,2023-12-31
3084525,TB_e_inc_rr_num,COUNTRY,SGP,WPR,Western Pacific,YEAR,2019,,,,,,,,,36 [27-45],36,27,45,,2025-11-11T16:20:50Z,2019,2019-01-01,2019-12-31
311094,TB_e_inc_rr_num,COUNTRY,TZA,AFR,Africa,YEAR,2015,,,,,,,,,3700 [620-6800],3700,620,6800,,2025-11-11T16:20:50Z,2015,2015-01-01,2015-12-31
6796222,TB_e_inc_rr_num,COUNTRY,ARM,EUR,Europe,YEAR,2024,,,,,,,,,110 [83-150],110,83,150,,2025-11-11T16:20:50Z,2024,2024-01-01,2024-12-31
5313388,TB_e_inc_rr_num,COUNTRY,JAM,AMR,Americas,YEAR,2017,,,,,,,,,1 [0-3],1,0,3,,2025-11-11T16:20:50Z,2017,2017-01-01,2017-12-31
4060002,TB_e_inc_rr_num,COUNTRY,BRA,AMR,Americas,YEAR,2018,,,,,,,,,2600 [780-4400],2600,780,4400,,2025-11-11T16:20:50Z,2018,2018-01-01,2018-12-31
7449230,TB_e_inc_rr_num,COUNTRY,COD,AFR,Africa,YEAR,2021,,,,,,,,,7200 [500-14 000],7200,500,14000,,2025-11-11T16:20:50Z,2021,2021-01-01,2021-12-31
5896215,TB_e_inc_rr_num,COUNTRY,YEM,EMR,Eastern Mediterranean,YEAR,2024,,,,,,,,,340 [0-720],340,0,720,,2025-11-11T16:20:50Z,2024,2024-01-01,2024-12-31
6111480,TB_e_inc_rr_num,COUNTRY,NOR,EUR,Europe,YEAR,2022,,,,,,,,,14 [10-18],14,10,18,,2025-11-11T16:20:50Z,2022,2022-01-01,2022-12-31
4761938,TB_e_inc_rr_num,COUNTRY,ARG,AMR,Americas,YEAR,2023,,,,,,,,,400 [0-920],400,0,920,,2025-11-11T16:20:50Z,2023,2023-01-01,2023-12-31
8187027,TB_e_inc_rr_num,COUNTRY,PRI,AMR,Americas,YEAR,2024,,,,,,,,,1 [0-1],1,0,1,,2025-11-11T16:20:50Z,2024,2024-01-01,2024-12-31
6669609,TB_e_inc_rr_num,COUNTRY,KOR,WPR,Western Pacific,YEAR,2016,,,,,,,,,1900 [1700-2100],1900,1700,2100,,2025-11-11T16:20:50Z,2016,2016-01-01,2016-12-31
5079014,TB_e_inc_rr_num,COUNTRY,MDA,EUR,Europe,YEAR,2016,,,,,,,,,1200 [970-1500],1200,970,1500,,2025-11-11T16:20:50Z,2016,2016-01-01,2016-12-31
6758266,TB_e_inc_rr_num,COUNTRY,GAB,AFR,Africa,YEAR,2022,,,,,,,,,510 [160-860],510,160,860,,2025-11-11T16:20:50Z,2022,2022-01-01,2022-12-31
6796233,TB_e_inc_rr_num,COUNTRY,DEU,EUR,Europe,YEAR,2019,,,,,,,,,150 [110-190],150,110,190,,2025-11-11T16:20:50Z,2019,2019-01-01,2019-12-31
1981424,TB_e_inc_rr_num,COUNTRY,SEN,AFR,Africa,YEAR,2024,,,,,,,,,430 [85-780],430,85,780,,2025-11-11T16:20:50Z,2024,2024-01-01,2024-12-31
9528809,TB_e_inc_rr_num,COUNTRY,FIN,EUR,Europe,YEAR,2023,,,,,,,,,9 [6-13],9,6,13,,2025-11-11T16:20:50Z,2023,2023-01-01,2023-12-31
8844331,TB_e_inc_rr_num,COUNTRY,MYS,WPR,Western Pacific,YEAR,2017,,,,,,,,,590 [450-730],590,450,730,,2025-11-11T16:20:50Z,2017,2017-01-01,2017-12-31
8882045,TB_e_inc_rr_num,COUNTRY,SYR,EMR,Eastern Mediterranean,YEAR,2021,,,,,,,,,91 [64-120],91,64,120,,2025-11-11T16:20:50Z,2021,2021-01-01,2021-12-31
886182,TB_e_inc_rr_num,COUNTRY,BFA,AFR,Africa,YEAR,2019,,,,,,,,,270 [86-450],270,86,450,,2025-11-11T16:20:50Z,2019,2019-01-01,2019-12-31
1082467,TB_e_inc_rr_num,COUNTRY,AGO,AFR,Africa,YEAR,2022,,,,,,,,,7600 [4100-11 000],7600,4100,11000,,2025-11-11T16:20:50Z,2022,2022-01-01,2022-12-31
1360999,TB_e_inc_rr_num,COUNTRY,GNB,AFR,Africa,YEAR,2024,,,,,,,,,84 [17-150],84,17,150,,2025-11-11T16:20:50Z,2024,2024-01-01,2024-12-31
7930008,TB_e_inc_rr_num,COUNTRY,ZWE,AFR,Africa,YEAR,2024,,,,,,,,,660 [410-910],660,410,910,,2025-11-11T16:20:50Z,2024,2024-01-01,2024-12-31
9725460,TB_e_inc_rr_num,COUNTRY,IND,SEAR,South-East Asia,YEAR,2024,,,,,,,,,130 000 [100 000-150 000],130000,100000,150000,,2025-11-11T16:20:50Z,2024,2024-01-01,2024-12-31
10117879,TB_e_inc_rr_num,COUNTRY,LBN,EMR,Eastern Mediterranean,YEAR,2020,,,,,,,,,13 [8-19],13,8,19,,2025-11-11T16:20:50Z,2020,2020-01-01,2020-12-31
3939456,TB_e_inc_rr_num,COUNTRY,COM,AFR,Africa,YEAR,2022,,,,,,,,,3 [0-6],3,0,6,,2025-11-11T16:20:50Z,2022,2022-01-01,2022-12-31
8812688,TB_e_inc_rr_num,COUNTRY,DEU,EUR,Europe,YEAR,2017,,,,,,,,,170 [130-210],170,130,210,,2025-11-11T16:20:50Z,2017,2017-01-01,2017-12-31
5598403,TB_e_inc_rr_num,COUNTRY,FRA,EUR,Europe,YEAR,2021,,,,,,,,,75 [35-110],75,35,110,,2025-11-11T16:20:50Z,2021,2021-01-01,2021-12-31
5699640,TB_e_inc_rr_num,COUNTRY,JPN,WPR,Western Pacific,YEAR,2021,,,,,,,,,400 [0-950],400,0,950,,2025-11-11T16:20:50Z,2021,2021-01-01,2021-12-31
4142461,TB_e_inc_rr_num,COUNTRY,PSE,EMR,Eastern Mediterranean,YEAR,2021,,,,,,,,,1 [0-2],1,0,2,,2025-11-11T16:20:50Z,2021,2021-01-01,2021-12-31
9345007,TB_e_inc_rr_num,COUNTRY,MDV,SEAR,South-East Asia,YEAR,2017,,,,,,,,,2 [0-4],2,0,4,,2025-11-11T16:20:50Z,2017,2017-01-01,2017-12-31
7790978,TB_e_inc_rr_num,COUNTRY,MNE,EUR,Europe,YEAR,2017,,,,,,,,,1 [0-2],1,0,2,,2025-11-11T16:20:50Z,2017,2017-01-01,2017-12-31
1487111,TB_e_inc_rr_num,COUNTRY,TCD,AFR,Africa,YEAR,2021,,,,,,,,,400 [140-660],400,140,660,,2025-11-11T16:20:50Z,2021,2021-01-01,2021-12-31
1645736,TB_e_inc_rr_num,COUNTRY,THA,SEAR,South-East Asia,YEAR,2022,,,,,,,,,2500 [1900-3200],2500,1900,3200,,2025-11-11T16:20:50Z,2022,2022-01-01,2022-12-31
4952364,TB_e_inc_rr_num,COUNTRY,TLS,SEAR,South-East Asia,YEAR,2023,,,,,,,,,54 [0-110],54,0,110,,2025-11-11T16:20:50Z,2023,2023-01-01,2023-12-31
1765855,TB_e_inc_rr_num,COUNTRY,DJI,EMR,Eastern Mediterranean,YEAR,2021,,,,,,,,,200 [11-390],200,11,390,,2025-11-11T16:20:50Z,2021,2021-01-01,2021-12-31
6821698,TB_e_inc_rr_num,COUNTRY,ROU,EUR,Europe,YEAR,2015,,,,,,,,,1000 [780-1200],1000,780,1200,,2025-11-11T16:20:50Z,2015,2015-01-01,2015-12-31
3584646,TB_e_inc_rr_num,COUNTRY,TLS,SEAR,South-East Asia,YEAR,2020,,,,,,,,,42 [2-83],42,2,83,,2025-11-11T16:20:50Z,2020,2020-01-01,2020-12-31
3635291,TB_e_inc_rr_num,COUNTRY,MMR,SEAR,South-East Asia,YEAR,2022,,,,,,,,,11 000 [4900-17 000],11000,4900,17000,,2025-11-11T16:20:50Z,2022,2022-01-01,2022-12-31
487472,TB_e_inc_rr_num,COUNTRY,SUR,AMR,Americas,YEAR,2019,,,,,,,,,22 [15-30],22,15,30,,2025-11-11T16:20:50Z,2019,2019-01-01,2019-12-31
7233904,TB_e_inc_rr_num,COUNTRY,THA,SEAR,South-East Asia,YEAR,2020,,,,,,,,,2500 [1900-3200],2500,1900,3200,,2025-11-11T16:20:50Z,2020,2020-01-01,2020-12-31
9934207,TB_e_inc_rr_num,COUNTRY,DZA,AFR,Africa,YEAR,2017,,,,,,,,,530 [0-1100],530,0,1100,,2025-11-11T16:20:50Z,2017,2017-01-01,2017-12-31
5326209,TB_e_inc_rr_num,COUNTRY,AFG,EMR,Eastern Mediterranean,YEAR,2019,,,,,,,,,3600 [730-6400],3600,730,6400,,2025-11-11T16:20:50Z,2019,2019-01-01,2019-12-31
3749391,TB_e_inc_rr_num,COUNTRY,BEL,EUR,Europe,YEAR,2019,,,,,,,,,27 [0-55],27,0,55,,2025-11-11T16:20:50Z,2019,2019-01-01,2019-12-31
3774802,TB_e_inc_rr_num,COUNTRY,PNG,WPR,Western Pacific,YEAR,2019,,,,,,,,,2700 [730-4800],2700,730,4800,,2025-11-11T16:20:50Z,2019,2019-01-01,2019-12-31
9256256,TB_e_inc_rr_num,COUNTRY,CPV,AFR,Africa,YEAR,2017,,,,,,,,,6 [0-14],6,0,14,,2025-11-11T16:20:50Z,2017,2017-01-01,2017-12-31
9465658,TB_e_inc_rr_num,COUNTRY,SVN,EUR,Europe,YEAR,2020,,,,,,,,,1 [0-1],1,0,1,,2025-11-11T16:20:50Z,2020,2020-01-01,2020-12-31
9738229,TB_e_inc_rr_num,COUNTRY,KWT,EMR,Eastern Mediterranean,YEAR,2020,,,,,,,,,19 [13-26],19,13,26,,2025-11-11T16:20:50Z,2020,2020-01-01,2020-12-31
8244056,TB_e_inc_rr_num,COUNTRY,DEU,EUR,Europe,YEAR,2018,,,,,,,,,170 [130-210],170,130,210,,2025-11-11T16:20:50Z,2018,2018-01-01,2018-12-31
298492,TB_e_inc_rr_num,COUNTRY,MDA,EUR,Europe,YEAR,2020,,,,,,,,,900 [710-1100],900,710,1100,,2025-11-11T16:20:50Z,2020,2020-01-01,2020-12-31
10028999,TB_e_inc_rr_num,COUNTRY,BDI,AFR,Africa,YEAR,2017,,,,,,,,,380 [0-770],380,0,770,,2025-11-11T16:20:50Z,2017,2017-01-01,2017-12-31
5332594,TB_e_inc_rr_num,COUNTRY,OMN,EMR,Eastern Mediterranean,YEAR,2020,,,,,,,,,6 [4-9],6,4,9,,2025-11-11T16:20:50Z,2020,2020-01-01,2020-12-31
5674535,TB_e_inc_rr_num,COUNTRY,IRQ,EMR,Eastern Mediterranean,YEAR,2016,,,,,,,,,660 [460-850],660,460,850,,2025-11-11T16:20:50Z,2016,2016-01-01,2016-12-31
5820272,TB_e_inc_rr_num,COUNTRY,ARE,EMR,Eastern Mediterranean,YEAR,2021,,,,,,,,,2 [0-3],2,0,3,,2025-11-11T16:20:50Z,2021,2021-01-01,2021-12-31
7449384,TB_e_inc_rr_num,COUNTRY,NPL,SEAR,South-East Asia,YEAR,2024,,,,,,,,,2400 [830-4000],2400,830,4000,,2025-11-11T16:20:50Z,2024,2024-01-01,2024-12-31
6181374,TB_e_inc_rr_num,COUNTRY,NAM,AFR,Africa,YEAR,2019,,,,,,,,,640 [430-850],640,430,850,,2025-11-11T16:20:50Z,2019,2019-01-01,2019-12-31
4882639,TB_e_inc_rr_num,COUNTRY,LKA,SEAR,South-East Asia,YEAR,2018,,,,,,,,,76 [0-160],76,0,160,,2025-11-11T16:20:50Z,2018,2018-01-01,2018-12-31
5002973,TB_e_inc_rr_num,COUNTRY,VNM,WPR,Western Pacific,YEAR,2018,,,,,,,,,8600 [5000-12 000],8600,5000,12000,,2025-11-11T16:20:50Z,2018,2018-01-01,2018-12-31
6853457,TB_e_inc_rr_num,COUNTRY,GIN,AFR,Africa,YEAR,2019,,,,,,,,,1100 [190-2000],1100,190,2000,,2025-11-11T16:20:50Z,2019,2019-01-01,2019-12-31
487537,TB_e_inc_rr_num,COUNTRY,UZB,EUR,Europe,YEAR,2020,,,,,,,,,4300 [3400-5200],4300,3400,5200,,2025-11-11T16:20:50Z,2020,2020-01-01,2020-12-31
3907849,TB_e_inc_rr_num,COUNTRY,PRY,AMR,Americas,YEAR,2022,,,,,,,,,33 [21-46],33,21,46,,2025-11-11T16:20:50Z,2022,2022-01-01,2022-12-31
924514,TB_e_inc_rr_num,COUNTRY,NPL,SEAR,South-East Asia,YEAR,2015,,,,,,,,,3100 [1000-5100],3100,1000,5100,,2025-11-11T16:20:50Z,2015,2015-01-01,2015-12-31
9173864,TB_e_inc_rr_num,GLOBAL,GLOBAL,,,YEAR,2016,,,,,,,,,550 000 [490 000-610 000],550000,490000,610000,,2025-11-11T16:20:50Z,2016,2016-01-01,2016-12-31
7721378,TB_e_inc_rr_num,COUNTRY,SSD,AFR,Africa,YEAR,2018,,,,,,,,,890 [0-2500],890,0,2500,,2025-11-11T16:20:50Z,2018,2018-01-01,2018-12-31
7866978,TB_e_inc_rr_num,COUNTRY,DEU,EUR,Europe,YEAR,2023,,,,,,,,,150 [110-200],150,110,200,,2025-11-11T16:20:50Z,2023,2023-01-01,2023-12-31
9712951,TB_e_inc_rr_num,COUNTRY,NIC,AMR,Americas,YEAR,2018,,,,,,,,,49 [28-70],49,28,70,,2025-11-11T16:20:50Z,2018,2018-01-01,2018-12-31
9769930,TB_e_inc_rr_num,COUNTRY,LAO,WPR,Western Pacific,YEAR,2023,,,,,,,,,56 [28-83],56,28,83,,2025-11-11T16:20:50Z,2023,2023-01-01,2023-12-31
1778646,TB_e_inc_rr_num,COUNTRY,SSD,AFR,Africa,YEAR,2023,,,,,,,,,770 [0-2100],770,0,2100,,2025-11-11T16:20:50Z,2023,2023-01-01,2023-12-31
203563,TB_e_inc_rr_num,COUNTRY,BDI,AFR,Africa,YEAR,2016,,,,,,,,,420 [0-890],420,0,890,,2025-11-11T16:20:50Z,2016,2016-01-01,2016-12-31
431281,TB_e_inc_rr_num,COUNTRY,LSO,AFR,Africa,YEAR,2018,,,,,,,,,740 [410-1100],740,410,1100,,2025-11-11T16:20:50Z,2018,2018-01-01,2018-12-31
2240481,TB_e_inc_rr_num,COUNTRY,NLD,EUR,Europe,YEAR,2020,,,,,,,,,19 [13-25],19,13,25,,2025-11-11T16:20:50Z,2020,2020-01-01,2020-12-31
2297617,TB_e_inc_rr_num,REGION,EMR,,,YEAR,2024,,,,,,,,,19 000 [14 000-24 000],19000,14000,24000,,2025-11-11T16:20:50Z,2024,2024-01-01,2024-12-31
3838270,TB_e_inc_rr_num,COUNTRY,BRN,WPR,Western Pacific,YEAR,2024,,,,,,,,,1 [0-3],1,0,3,,2025-11-11T16:20:50Z,2024,2024-01-01,2024-12-31
8856983,TB_e_inc_rr_num,REGION,SEAR,,,YEAR,2024,,,,,,,,,150 000 [130 000-180 000],150000,130000,180000,,2025-11-11T16:20:50Z,2024,2024-01-01,2024-12-31
8913939,TB_e_inc_rr_num,COUNTRY,FSM,WPR,Western Pacific,YEAR,2022,,,,,,,,,1 [0-2],1,0,2,,2025-11-11T16:20:50Z,2022,2022-01-01,2022-12-31
5737866,TB_e_inc_rr_num,COUNTRY,ARM,EUR,Europe,YEAR,2019,,,,,,,,,190 [150-240],190,150,240,,2025-11-11T16:20:50Z,2019,2019-01-01,2019-12-31
7424099,TB_e_inc_rr_num,COUNTRY,DEU,EUR,Europe,YEAR,2024,,,,,,,,,150 [100-200],150,100,200,,2025-11-11T16:20:50Z,2024,2024-01-01,2024-12-31
6257314,TB_e_inc_rr_num,COUNTRY,NZL,WPR,Western Pacific,YEAR,2016,,,,,,,,,6 [2-10],6,2,10,,2025-11-11T16:20:50Z,2016,2016-01-01,2016-12-31
9567136,TB_e_inc_rr_num,COUNTRY,PAN,AMR,Americas,YEAR,2019,,,,,,,,,82 [49-110],82,49,110,,2025-11-11T16:20:50Z,2019,2019-01-01,2019-12-31
1480928,TB_e_inc_rr_num,COUNTRY,CAF,AFR,Africa,YEAR,2024,,,,,,,,,410 [140-680],410,140,680,,2025-11-11T16:20:50Z,2024,2024-01-01,2024-12-31
1715447,TB_e_inc_rr_num,COUNTRY,NAM,AFR,Africa,YEAR,2016,,,,,,,,,810 [480-1100],810,480,1100,,2025-11-11T16:20:50Z,2016,2016-01-01,2016-12-31
254425,TB_e_inc_rr_num,REGION,WPR,,,YEAR,2015,,,,,,,,,160 000 [130 000-180 000],160000,130000,180000,,2025-11-11T16:20:50Z,2015,2015-01-01,2015-12-31
5142463,TB_e_inc_rr_num,COUNTRY,URY,AMR,Americas,YEAR,2022,,,,,,,,,11 [7-16],11,7,16,,2025-11-11T16:20:50Z,2022,2022-01-01,2022-12-31
412273,TB_e_inc_rr_num,COUNTRY,NZL,WPR,Western Pacific,YEAR,2019,,,,,,,,,8 [2-14],8,2,14,,2025-11-11T16:20:50Z,2019,2019-01-01,2019-12-31
930786,TB_e_inc_rr_num,COUNTRY,POL,EUR,Europe,YEAR,2019,,,,,,,,,100 [81-120],100,81,120,,2025-11-11T16:20:50Z,2019,2019-01-01,2019-12-31
1050943,TB_e_inc_rr_num,COUNTRY,URY,AMR,Americas,YEAR,2019,,,,,,,,,10 [6-14],10,6,14,,2025-11-11T16:20:50Z,2019,2019-01-01,2019-12-31
4692316,TB_e_inc_rr_num,COUNTRY,DOM,AMR,Americas,YEAR,2015,,,,,,,,,900 [520-1300],900,520,1300,,2025-11-11T16:20:50Z,2015,2015-01-01,2015-12-31
4965205,TB_e_inc_rr_num,COUNTRY,LKA,SEAR,South-East Asia,YEAR,2023,,,,,,,,,80 [0-190],80,0,190,,2025-11-11T16:20:50Z,2023,2023-01-01,2023-12-31
5022150,TB_e_inc_rr_num,COUNTRY,CMR,AFR,Africa,YEAR,2015,,,,,,,,,1100 [170-2100],1100,170,2100,,2025-11-11T16:20:50Z,2015,2015-01-01,2015-12-31
8433854,TB_e_inc_rr_num,COUNTRY,BGD,SEAR,South-East Asia,YEAR,2019,,,,,,,,,3300 [2100-4600],3300,2100,4600,,2025-11-11T16:20:50Z,2019,2019-01-01,2019-12-31
386877,TB_e_inc_rr_num,COUNTRY,BEN,AFR,Africa,YEAR,2019,,,,,,,,,79 [22-140],79,22,140,,2025-11-11T16:20:50Z,2019,2019-01-01,2019-12-31
10137099,TB_e_inc_rr_num,REGION,EMR,,,YEAR,2022,,,,,,,,,22 000 [16 000-28 000],22000,16000,28000,,2025-11-11T16:20:50Z,2022,2022-01-01,2022-12-31
8812884,TB_e_inc_rr_num,COUNTRY,SEN,AFR,Africa,YEAR,2022,,,,,,,,,410 [100-730],410,100,730,,2025-11-11T16:20:50Z,2022,2022-01-01,2022-12-31
5655590,TB_e_inc_rr_num,COUNTRY,YEM,EMR,Eastern Mediterranean,YEAR,2016,,,,,,,,,300 [100-500],300,100,500,,2025-11-11T16:20:50Z,2016,2016-01-01,2016-12-31
2525691,TB_e_inc_rr_num,COUNTRY,ECU,AMR,Americas,YEAR,2018,,,,,,,,,500 [390-610],500,390,610,,2025-11-11T16:20:50Z,2018,2018-01-01,2018-12-31
1222075,TB_e_inc_rr_num,COUNTRY,BGR,EUR,Europe,YEAR,2018,,,,,,,,,64 [39-89],64,39,89,,2025-11-11T16:20:50Z,2018,2018-01-01,2018-12-31
9522697,TB_e_inc_rr_num,COUNTRY,MAR,EMR,Eastern Mediterranean,YEAR,2020,,,,,,,,,380 [280-470],380,280,470,,2025-11-11T16:20:50Z,2020,2020-01-01,2020-12-31
8427575,TB_e_inc_rr_num,COUNTRY,GTM,AMR,Americas,YEAR,2017,,,,,,,,,120 [89-150],120,89,150,,2025-11-11T16:20:50Z,2017,2017-01-01,2017-12-31
8510061,TB_e_inc_rr_num,COUNTRY,DJI,EMR,Eastern Mediterranean,YEAR,2023,,,,,,,,,210 [26-390],210,26,390,,2025-11-11T16:20:50Z,2023,2023-01-01,2023-12-31
5465439,TB_e_inc_rr_num,COUNTRY,SOM,EMR,Eastern Mediterranean,YEAR,2015,,,,,,,,,1700 [400-2900],1700,400,2900,,2025-11-11T16:20:50Z,2015,2015-01-01,2015-12-31
7297343,TB_e_inc_rr_num,COUNTRY,PAK,EMR,Eastern Mediterranean,YEAR,2015,,,,,,,,,23 000 [14 000-32 000],23000,14000,32000,,2025-11-11T16:20:50Z,2015,2015-01-01,2015-12-31
4066647,TB_e_inc_rr_num,COUNTRY,LSO,AFR,Africa,YEAR,2020,,,,,,,,,590 [320-860],590,320,860,,2025-11-11T16:20:50Z,2020,2020-01-01,2020-12-31
1114537,TB_e_inc_rr_num,COUNTRY,TZA,AFR,Africa,YEAR,2020,,,,,,,,,1800 [650-2900],1800,650,2900,,2025-11-11T16:20:50Z,2020,2020-01-01,2020-12-31
4559360,TB_e_inc_rr_num,COUNTRY,AUS,WPR,Western Pacific,YEAR,2021,,,,,,,,,48 [36-61],48,36,61,,2025-11-11T16:20:50Z,2021,2021-01-01,2021-12-31
6244700,TB_e_inc_rr_num,COUNTRY,BHR,EMR,Eastern Mediterranean,YEAR,2018,,,,,,,,,5 [3-7],5,3,7,,2025-11-11T16:20:50Z,2018,2018-01-01,2018-12-31
3167024,TB_e_inc_rr_num,COUNTRY,TJK,EUR,Europe,YEAR,2021,,,,,,,,,1700 [1400-2100],1700,1400,2100,,2025-11-11T16:20:50Z,2021,2021-01-01,2021-12-31
3426729,TB_e_inc_rr_num,REGION,SEAR,,,YEAR,2016,,,,,,,,,140 000 [110 000-170 000],140000,110000,170000,,2025-11-11T16:20:50Z,2016,2016-01-01,2016-12-31
6739742,TB_e_inc_rr_num,COUNTRY,TGO,AFR,Africa,YEAR,2015,,,,,,,,,77 [7-150],77,7,150,,2025-11-11T16:20:50Z,2015,2015-01-01,2015-12-31
810350,TB_e_inc_rr_num,COUNTRY,MAR,EMR,Eastern Mediterranean,YEAR,2024,,,,,,,,,390 [300-490],390,300,490,,2025-11-11T16:20:50Z,2024,2024-01-01,2024-12-31
8926722,TB_e_inc_rr_num,COUNTRY,BLR,EUR,Europe,YEAR,2018,,,,,,,,,1300 [1100-1600],1300,1100,1600,,2025-11-11T16:20:50Z,2018,2018-01-01,2018-12-31
2784910,TB_e_inc_rr_num,COUNTRY,ETH,AFR,Africa,YEAR,2022,,,,,,,,,2400 [970-3900],2400,970,3900,,2025-11-11T16:20:50Z,2022,2022-01-01,2022-12-31
4813040,TB_e_inc_rr_num,COUNTRY,USA,AMR,Americas,YEAR,2022,,,,,,,,,190 [150-230],190,150,230,,2025-11-11T16:20:50Z,2022,2022-01-01,2022-12-31
1950005,TB_e_inc_rr_num,COUNTRY,CYP,EUR,Europe,YEAR,2019,,,,,,,,,2 [1-3],2,1,3,,2025-11-11T16:20:50Z,2019,2019-01-01,2019-12-31
2513055,TB_e_inc_rr_num,COUNTRY,POL,EUR,Europe,YEAR,2015,,,,,,,,,110 [88-130],110,88,130,,2025-11-11T16:20:50Z,2015,2015-01-01,2015-12-31
9643257,TB_e_inc_rr_num,COUNTRY,NOR,EUR,Europe,YEAR,2017,,,,,,,,,15 [11-20],15,11,20,,2025-11-11T16:20:50Z,2017,2017-01-01,2017-12-31
3306378,TB_e_inc_rr_num,COUNTRY,AZE,EUR,Europe,YEAR,2022,,,,,,,,,1500 [1200-1900],1500,1200,1900,,2025-11-11T16:20:50Z,2022,2022-01-01,2022-12-31
9877443,TB_e_inc_rr_num,COUNTRY,MOZ,AFR,Africa,YEAR,2017,,,,,,,,,3800 [2100-5500],3800,2100,5500,,2025-11-11T16:20:50Z,2017,2017-01-01,2017-12-31
6828292,TB_e_inc_rr_num,COUNTRY,BGD,SEAR,South-East Asia,YEAR,2024,,,,,,,,,2400 [1700-3200],2400,1700,3200,,2025-11-11T16:20:50Z,2024,2024-01-01,2024-12-31
8586318,TB_e_inc_rr_num,COUNTRY,PRT,EUR,Europe,YEAR,2024,,,,,,,,,18 [8-28],18,8,28,,2025-11-11T16:20:50Z,2024,2024-01-01,2024-12-31
3768678,TB_e_inc_rr_num,COUNTRY,TUN,EMR,Eastern Mediterranean,YEAR,2018,,,,,,,,,56 [37-75],56,37,75,,2025-11-11T16:20:50Z,2018,2018-01-01,2018-12-31
7316254,TB_e_inc_rr_num,COUNTRY,SLE,AFR,Africa,YEAR,2023,,,,,,,,,760 [0-2100],760,0,2100,,2025-11-11T16:20:50Z,2023,2023-01-01,2023-12-31
4307624,TB_e_inc_rr_num,COUNTRY,SWZ,AFR,Africa,YEAR,2023,,,,,,,,,180 [85-280],180,85,280,,2025-11-11T16:20:50Z,2023,2023-01-01,2023-12-31
4572179,TB_e_inc_rr_num,COUNTRY,CRI,AMR,Americas,YEAR,2023,,,,,,,,,5 [2-8],5,2,8,,2025-11-11T16:20:50Z,2023,2023-01-01,2023-12-31
4724277,TB_e_inc_rr_num,COUNTRY,SAU,EMR,Eastern Mediterranean,YEAR,2020,,,,,,,,,49 [38-60],49,38,60,,2025-11-11T16:20:50Z,2020,2020-01-01,2020-12-31
108719,TB_e_inc_rr_num,COUNTRY,BEN,AFR,Africa,YEAR,2015,,,,,,,,,110 [13-200],110,13,200,,2025-11-11T16:20:50Z,2015,2015-01-01,2015-12-31
5769716,TB_e_inc_rr_num,COUNTRY,CPV,AFR,Africa,YEAR,2015,,,,,,,,,7 [0-18],7,0,18,,2025-11-11T16:20:50Z,2015,2015-01-01,2015-12-31
9522837,TB_e_inc_rr_num,COUNTRY,HTI,AMR,Americas,YEAR,2019,,,,,,,,,1400 [0-3600],1400,0,3600,,2025-11-11T16:20:50Z,2019,2019-01-01,2019-12-31
1456179,TB_e_inc_rr_num,COUNTRY,JPN,WPR,Western Pacific,YEAR,2019,,,,,,,,,450 [0-1000],450,0,1000,,2025-11-11T16:20:50Z,2019,2019-01-01,2019-12-31
1493802,TB_e_inc_rr_num,COUNTRY,SVK,EUR,Europe,YEAR,2020,,,,,,,,,7 [3-10],7,3,10,,2025-11-11T16:20:50Z,2020,2020-01-01,2020-12-31
3319135,TB_e_inc_rr_num,COUNTRY,MLI,AFR,Africa,YEAR,2018,,,,,,,,,170 [23-320],170,23,320,,2025-11-11T16:20:50Z,2018,2018-01-01,2018-12-31
3787786,TB_e_inc_rr_num,COUNTRY,GRC,EUR,Europe,YEAR,2015,,,,,,,,,22 [12-32],22,12,32,,2025-11-11T16:20:50Z,2015,2015-01-01,2015-12-31
4263223,TB_e_inc_rr_num,COUNTRY,PNG,WPR,Western Pacific,YEAR,2015,,,,,,,,,2400 [400-4400],2400,400,4400,,2025-11-11T16:20:50Z,2015,2015-01-01,2015-12-31
2689823,TB_e_inc_rr_num,COUNTRY,COD,AFR,Africa,YEAR,2015,,,,,,,,,8800 [850-17 000],8800,850,17000,,2025-11-11T16:20:50Z,2015,2015-01-01,2015-12-31
1342459,TB_e_inc_rr_num,COUNTRY,ARM,EUR,Europe,YEAR,2022,,,,,,,,,140 [110-180],140,110,180,,2025-11-11T16:20:50Z,2022,2022-01-01,2022-12-31
6460698,TB_e_inc_rr_num,COUNTRY,BLZ,AMR,Americas,YEAR,2016,,,,,,,,,3 [0-7],3,0,7,,2025-11-11T16:20:50Z,2016,2016-01-01,2016-12-31
71053,TB_e_inc_rr_num,COUNTRY,MNG,WPR,Western Pacific,YEAR,2017,,,,,,,,,790 [320-1300],790,320,1300,,2025-11-11T16:20:50Z,2017,2017-01-01,2017-12-31
708826,TB_e_inc_rr_num,COUNTRY,IRQ,EMR,Eastern Mediterranean,YEAR,2015,,,,,,,,,810 [560-1100],810,560,1100,,2025-11-11T16:20:50Z,2015,2015-01-01,2015-12-31
4035063,TB_e_inc_rr_num,COUNTRY,QAT,EMR,Eastern Mediterranean,YEAR,2023,,,,,,,,,25 [16-34],25,16,34,,2025-11-11T16:20:50Z,2023,2023-01-01,2023-12-31
7405196,TB_e_inc_rr_num,COUNTRY,LBN,EMR,Eastern Mediterranean,YEAR,2023,,,,,,,,,9 [5-13],9,5,13,,2025-11-11T16:20:50Z,2023,2023-01-01,2023-12-31
9281956,TB_e_inc_rr_num,COUNTRY,HKG,,,YEAR,2019,,,,,,,,,69 [52-85],69,52,85,,2025-11-11T16:20:50Z,2019,2019-01-01,2019-12-31
9332708,TB_e_inc_rr_num,COUNTRY,SVN,EUR,Europe,YEAR,2023,,,,,,,,,1 [0-2],1,0,2,,2025-11-11T16:20:50Z,2023,2023-01-01,2023-12-31
1855009,TB_e_inc_rr_num,COUNTRY,CMR,AFR,Africa,YEAR,2023,,,,,,,,,640 [31-1200],640,31,1200,,2025-11-11T16:20:50Z,2023,2023-01-01,2023-12-31
8402381,TB_e_inc_rr_num,REGION,SEAR,,,YEAR,2020,,,,,,,,,140 000 [120 000-160 000],140000,120000,160000,,2025-11-11T16:20:50Z,2020,2020-01-01,2020-12-31
3730744,TB_e_inc_rr_num,COUNTRY,OMN,EMR,Eastern Mediterranean,YEAR,2021,,,,,,,,,5 [3-7],5,3,7,,2025-11-11T16:20:50Z,2021,2021-01-01,2021-12-31
7253082,TB_e_inc_rr_num,COUNTRY,MUS,AFR,Africa,YEAR,2020,,,,,,,,,2 [1-2],2,1,2,,2025-11-11T16:20:50Z,2020,2020-01-01,2020-12-31
4022409,TB_e_inc_rr_num,COUNTRY,TKM,EUR,Europe,YEAR,2023,,,,,,,,,1300 [1000-1600],1300,1000,1600,,2025-11-11T16:20:50Z,2023,2023-01-01,2023-12-31
5757115,TB_e_inc_rr_num,COUNTRY,KOR,WPR,Western Pacific,YEAR,2021,,,,,,,,,960 [860-1100],960,860,1100,,2025-11-11T16:20:50Z,2021,2021-01-01,2021-12-31
3019733,TB_e_inc_rr_num,COUNTRY,USA,AMR,Americas,YEAR,2024,,,,,,,,,230 [180-290],230,180,290,,2025-11-11T16:20:50Z,2024,2024-01-01,2024-12-31
6422713,TB_e_inc_rr_num,COUNTRY,ZWE,AFR,Africa,YEAR,2017,,,,,,,,,1600 [1100-2100],1600,1100,2100,,2025-11-11T16:20:50Z,2017,2017-01-01,2017-12-31
52123,TB_e_inc_rr_num,COUNTRY,ISR,EUR,Europe,YEAR,2015,,,,,,,,,22 [17-27],22,17,27,,2025-11-11T16:20:50Z,2015,2015-01-01,2015-12-31
4959065,TB_e_inc_rr_num,COUNTRY,BIH,EUR,Europe,YEAR,2019,,,,,,,,,3 [1-5],3,1,5,,2025-11-11T16:20:50Z,2019,2019-01-01,2019-12-31
3369930,TB_e_inc_rr_num,COUNTRY,CMR,AFR,Africa,YEAR,2018,,,,,,,,,870 [200-1600],870,200,1600,,2025-11-11T16:20:50Z,2018,2018-01-01,2018-12-31
6961513,TB_e_inc_rr_num,COUNTRY,DNK,EUR,Europe,YEAR,2024,,,,,,,,,5 [3-7],5,3,7,,2025-11-11T16:20:50Z,2024,2024-01-01,2024-12-31
538723,TB_e_inc_rr_num,COUNTRY,LSO,AFR,Africa,YEAR,2019,,,,,,,,,690 [390-990],690,390,990,,2025-11-11T16:20:50Z,2019,2019-01-01,2019-12-31
5408715,TB_e_inc_rr_num,COUNTRY,FSM,WPR,Western Pacific,YEAR,2017,,,,,,,,,3 [0-7],3,0,7,,2025-11-11T16:20:50Z,2017,2017-01-01,2017-12-31
620711,TB_e_inc_rr_num,COUNTRY,IND,SEAR,South-East Asia,YEAR,2023,,,,,,,,,130 000 [100 000-150 000],130000,100000,150000,,2025-11-11T16:20:50Z,2023,2023-01-01,2023-12-31
8756263,TB_e_inc_rr_num,COUNTRY,ESP,EUR,Europe,YEAR,2022,,,,,,,,,63 [42-84],63,42,84,,2025-11-11T16:20:50Z,2022,2022-01-01,2022-12-31
2310587,TB_e_inc_rr_num,COUNTRY,MNG,WPR,Western Pacific,YEAR,2020,,,,,,,,,840 [340-1300],840,340,1300,,2025-11-11T16:20:50Z,2020,2020-01-01,2020-12-31
988148,TB_e_inc_rr_num,COUNTRY,LBY,EMR,Eastern Mediterranean,YEAR,2016,,,,,,,,,47 [0-94],47,0,94,,2025-11-11T16:20:50Z,2016,2016-01-01,2016-12-31
4565877,TB_e_inc_rr_num,COUNTRY,LKA,SEAR,South-East Asia,YEAR,2022,,,,,,,,,77 [0-180],77,0,180,,2025-11-11T16:20:50Z,2022,2022-01-01,2022-12-31
3059671,TB_e_inc_rr_num,COUNTRY,BGD,SEAR,South-East Asia,YEAR,2016,,,,,,,,,4000 [2200-5900],4000,2200,5900,,2025-11-11T16:20:50Z,2016,2016-01-01,2016-12-31
6575149,TB_e_inc_rr_num,COUNTRY,LTU,EUR,Europe,YEAR,2019,,,,,,,,,250 [200-300],250,200,300,,2025-11-11T16:20:50Z,2019,2019-01-01,2019-12-31
10073763,TB_e_inc_rr_num,COUNTRY,SSD,AFR,Africa,YEAR,2017,,,,,,,,,960 [0-2700],960,0,2700,,2025-11-11T16:20:50Z,2017,2017-01-01,2017-12-31
10162555,TB_e_inc_rr_num,COUNTRY,CUB,AMR,Americas,YEAR,2019,,,,,,,,,27 [7-46],27,7,46,,2025-11-11T16:20:50Z,2019,2019-01-01,2019-12-31
545115,TB_e_inc_rr_num,COUNTRY,PRI,AMR,Americas,YEAR,2022,,,,,,,,,1 [0-2],1,0,2,,2025-11-11T16:20:50Z,2022,2022-01-01,2022-12-31
5560900,TB_e_inc_rr_num,COUNTRY,FRA,EUR,Europe,YEAR,2015,,,,,,,,,85 [54-120],85,54,120,,2025-11-11T16:20:50Z,2015,2015-01-01,2015-12-31
7683661,TB_e_inc_rr_num,COUNTRY,ARM,EUR,Europe,YEAR,2020,,,,,,,,,180 [140-220],180,140,220,,2025-11-11T16:20:50Z,2020,2020-01-01,2020-12-31
2874009,TB_e_inc_rr_num,COUNTRY,NIC,AMR,Americas,YEAR,2016,,,,,,,,,54 [29-79],54,29,79,,2025-11-11T16:20:50Z,2016,2016-01-01,2016-12-31
2905776,TB_e_inc_rr_num,COUNTRY,TKM,EUR,Europe,YEAR,2018,,,,,,,,,1000 [810-1300],1000,810,1300,,2025-11-11T16:20:50Z,2018,2018-01-01,2018-12-31
7955960,TB_e_inc_rr_num,COUNTRY,LTU,EUR,Europe,YEAR,2023,,,,,,,,,190 [150-230],190,150,230,,2025-11-11T16:20:50Z,2023,2023-01-01,2023-12-31
4832318,TB_e_inc_rr_num,COUNTRY,MOZ,AFR,Africa,YEAR,2018,,,,,,,,,3900 [2200-5600],3900,2200,5600,,2025-11-11T16:20:50Z,2018,2018-01-01,2018-12-31
9947279,TB_e_inc_rr_num,COUNTRY,NIC,AMR,Americas,YEAR,2021,,,,,,,,,53 [28-77],53,28,77,,2025-11-11T16:20:50Z,2021,2021-01-01,2021-12-31
2905791,TB_e_inc_rr_num,COUNTRY,GMB,AFR,Africa,YEAR,2015,,,,,,,,,37 [15-60],37,15,60,,2025-11-11T16:20:50Z,2015,2015-01-01,2015-12-31
6371970,TB_e_inc_rr_num,COUNTRY,GMB,AFR,Africa,YEAR,2022,,,,,,,,,38 [21-54],38,21,54,,2025-11-11T16:20:50Z,2022,2022-01-01,2022-12-31
8054613,TB_e_inc_rr_num,COUNTRY,PER,AMR,Americas,YEAR,2023,,,,,,,,,4200 [2400-6000],4200,2400,6000,,2025-11-11T16:20:50Z,2023,2023-01-01,2023-12-31
4933742,TB_e_inc_rr_num,REGION,WPR,,,YEAR,2023,,,,,,,,,110 000 [86 000-120 000],110000,86000,120000,,2025-11-11T16:20:50Z,2023,2023-01-01,2023-12-31
8250862,TB_e_inc_rr_num,COUNTRY,PRT,EUR,Europe,YEAR,2023,,,,,,,,,20 [10-31],20,10,31,,2025-11-11T16:20:50Z,2023,2023-01-01,2023-12-31
3756215,TB_e_inc_rr_num,COUNTRY,IRQ,EMR,Eastern Mediterranean,YEAR,2023,,,,,,,,,360 [260-460],360,260,460,,2025-11-11T16:20:50Z,2023,2023-01-01,2023-12-31
3889209,TB_e_inc_rr_num,COUNTRY,MRT,AFR,Africa,YEAR,2024,,,,,,,,,66 [0-190],66,0,190,,2025-11-11T16:20:50Z,2024,2024-01-01,2024-12-31
2557642,TB_e_inc_rr_num,COUNTRY,BGD,SEAR,South-East Asia,YEAR,2015,,,,,,,,,4300 [2200-6400],4300,2200,6400,,2025-11-11T16:20:50Z,2015,2015-01-01,2015-12-31
2614854,TB_e_inc_rr_num,COUNTRY,MNE,EUR,Europe,YEAR,2015,,,,,,,,,1 [0-2],1,0,2,,2025-11-11T16:20:50Z,2015,2015-01-01,2015-12-31
4527886,TB_e_inc_rr_num,COUNTRY,POL,EUR,Europe,YEAR,2022,,,,,,,,,96 [74-120],96,74,120,,2025-11-11T16:20:50Z,2022,2022-01-01,2022-12-31
4578711,TB_e_inc_rr_num,COUNTRY,GHA,AFR,Africa,YEAR,2019,,,,,,,,,980 [380-1600],980,380,1600,,2025-11-11T16:20:50Z,2019,2019-01-01,2019-12-31
4604173,TB_e_inc_rr_num,COUNTRY,GBR,EUR,Europe,YEAR,2018,,,,,,,,,94 [79-110],94,79,110,,2025-11-11T16:20:50Z,2018,2018-01-01,2018-12-31
1886734,TB_e_inc_rr_num,COUNTRY,MRT,AFR,Africa,YEAR,2019,,,,,,,,,93 [0-280],93,0,280,,2025-11-11T16:20:50Z,2019,2019-01-01,2019-12-31
3541005,TB_e_inc_rr_num,COUNTRY,CAF,AFR,Africa,YEAR,2023,,,,,,,,,390 [130-650],390,130,650,,2025-11-11T16:20:50Z,2023,2023-01-01,2023-12-31
5199922,TB_e_inc_rr_num,COUNTRY,FJI,WPR,Western Pacific,YEAR,2017,,,,,,,,,10 [3-17],10,3,17,,2025-11-11T16:20:50Z,2017,2017-01-01,2017-12-31
3768915,TB_e_inc_rr_num,COUNTRY,BWA,AFR,Africa,YEAR,2019,,,,,,,,,260 [79-430],260,79,430,,2025-11-11T16:20:50Z,2019,2019-01-01,2019-12-31
564241,TB_e_inc_rr_num,COUNTRY,LBY,EMR,Eastern Mediterranean,YEAR,2017,,,,,,,,,48 [3-93],48,3,93,,2025-11-11T16:20:50Z,2017,2017-01-01,2017-12-31
6175463,TB_e_inc_rr_num,COUNTRY,NPL,SEAR,South-East Asia,YEAR,2016,,,,,,,,,3000 [1100-4900],3000,1100,4900,,2025-11-11T16:20:50Z,2016,2016-01-01,2016-12-31
6505328,TB_e_inc_rr_num,COUNTRY,KHM,WPR,Western Pacific,YEAR,2017,,,,,,,,,480 [290-660],480,290,660,,2025-11-11T16:20:50Z,2017,2017-01-01,2017-12-31
5028814,TB_e_inc_rr_num,COUNTRY,AGO,AFR,Africa,YEAR,2023,,,,,,,,,5600 [2700-8500],5600,2700,8500,,2025-11-11T16:20:50Z,2023,2023-01-01,2023-12-31
178618,TB_e_inc_rr_num,COUNTRY,LVA,EUR,Europe,YEAR,2016,,,,,,,,,99 [73-120],99,73,120,,2025-11-11T16:20:50Z,2016,2016-01-01,2016-12-31
5149229,TB_e_inc_rr_num,COUNTRY,ZMB,AFR,Africa,YEAR,2020,,,,,,,,,1200 [690-1800],1200,690,1800,,2025-11-11T16:20:50Z,2020,2020-01-01,2020-12-31
5453252,TB_e_inc_rr_num,COUNTRY,PHL,WPR,Western Pacific,YEAR,2018,,,,,,,,,27 000 [13 000-42 000],27000,13000,42000,,2025-11-11T16:20:50Z,2018,2018-01-01,2018-12-31
5561014,TB_e_inc_rr_num,COUNTRY,GUY,AMR,Americas,YEAR,2020,,,,,,,,,14 [9-20],14,9,20,,2025-11-11T16:20:50Z,2020,2020-01-01,2020-12-31
4269742,TB_e_inc_rr_num,REGION,SEAR,,,YEAR,2022,,,,,,,,,150 000 [120 000-170 000],150000,120000,170000,,2025-11-11T16:20:50Z,2022,2022-01-01,2022-12-31
1032408,TB_e_inc_rr_num,REGION,WPR,,,YEAR,2017,,,,,,,,,140 000 [120 000-160 000],140000,120000,160000,,2025-11-11T16:20:50Z,2017,2017-01-01,2017-12-31
1975697,TB_e_inc_rr_num,COUNTRY,SAU,EMR,Eastern Mediterranean,YEAR,2023,,,,,,,,,43 [32-53],43,32,53,,2025-11-11T16:20:50Z,2023,2023-01-01,2023-12-31
2431524,TB_e_inc_rr_num,COUNTRY,CHL,AMR,Americas,YEAR,2018,,,,,,,,,83 [64-100],83,64,100,,2025-11-11T16:20:50Z,2018,2018-01-01,2018-12-31
2931291,TB_e_inc_rr_num,COUNTRY,FIN,EUR,Europe,YEAR,2017,,,,,,,,,8 [5-11],8,5,11,,2025-11-11T16:20:50Z,2017,2017-01-01,2017-12-31
3541071,TB_e_inc_rr_num,COUNTRY,MAC,,,YEAR,2017,,,,,,,,,17 [11-22],17,11,22,,2025-11-11T16:20:50Z,2017,2017-01-01,2017-12-31
8624255,TB_e_inc_rr_num,COUNTRY,GIN,AFR,Africa,YEAR,2015,,,,,,,,,1100 [0-2400],1100,0,2400,,2025-11-11T16:20:50Z,2015,2015-01-01,2015-12-31
798001,TB_e_inc_rr_num,COUNTRY,BDI,AFR,Africa,YEAR,2024,,,,,,,,,230 [43-420],230,43,420,,2025-11-11T16:20:50Z,2024,2024-01-01,2024-12-31
8920770,TB_e_inc_rr_num,COUNTRY,ESP,EUR,Europe,YEAR,2019,,,,,,,,,150 [84-210],150,84,210,,2025-11-11T16:20:50Z,2019,2019-01-01,2019-12-31
4073361,TB_e_inc_rr_num,COUNTRY,TUR,EUR,Europe,YEAR,2016,,,,,,,,,620 [500-750],620,500,750,,2025-11-11T16:20:50Z,2016,2016-01-01,2016-12-31
4333059,TB_e_inc_rr_num,COUNTRY,TGO,AFR,Africa,YEAR,2021,,,,,,,,,33 [10-55],33,10,55,,2025-11-11T16:20:50Z,2021,2021-01-01,2021-12-31
6049026,TB_e_inc_rr_num,REGION,EUR,,,YEAR,2015,,,,,,,,,90 000 [64 000-120 000],90000,64000,120000,,2025-11-11T16:20:50Z,2015,2015-01-01,2015-12-31
6283147,TB_e_inc_rr_num,COUNTRY,ETH,AFR,Africa,YEAR,2017,,,,,,,,,2500 [930-4100],2500,930,4100,,2025-11-11T16:20:50Z,2017,2017-01-01,2017-12-31
9612022,TB_e_inc_rr_num,COUNTRY,DEU,EUR,Europe,YEAR,2016,,,,,,,,,180 [140-220],180,140,220,,2025-11-11T16:20:50Z,2016,2016-01-01,2016-12-31
9858692,TB_e_inc_rr_num,COUNTRY,SLV,AMR,Americas,YEAR,2022,,,,,,,,,60 [41-79],60,41,79,,2025-11-11T16:20:50Z,2022,2022-01-01,2022-12-31
5130207,TB_e_inc_rr_num,COUNTRY,URY,AMR,Americas,YEAR,2016,,,,,,,,,8 [5-12],8,5,12,,2025-11-11T16:20:50Z,2016,2016-01-01,2016-12-31
4162178,TB_e_inc_rr_num,COUNTRY,GBR,EUR,Europe,YEAR,2017,,,,,,,,,100 [85-120],100,85,120,,2025-11-11T16:20:50Z,2017,2017-01-01,2017-12-31
2639388,TB_e_inc_rr_num,COUNTRY,PER,AMR,Americas,YEAR,2024,,,,,,,,,4100 [2400-5800],4100,2400,5800,,2025-11-11T16:20:50Z,2024,2024-01-01,2024-12-31
3477664,TB_e_inc_rr_num,COUNTRY,HTI,AMR,Americas,YEAR,2023,,,,,,,,,980 [0-2500],980,0,2500,,2025-11-11T16:20:50Z,2023,2023-01-01,2023-12-31
3528459,TB_e_inc_rr_num,COUNTRY,CHE,EUR,Europe,YEAR,2020,,,,,,,,,13 [7-20],13,7,20,,2025-11-11T16:20:50Z,2020,2020-01-01,2020-12-31
419113,TB_e_inc_rr_num,COUNTRY,CRI,AMR,Americas,YEAR,2021,,,,,,,,,6 [3-8],6,3,8,,2025-11-11T16:20:50Z,2021,2021-01-01,2021-12-31
7164721,TB_e_inc_rr_num,COUNTRY,MDA,EUR,Europe,YEAR,2017,,,,,,,,,1200 [910-1400],1200,910,1400,,2025-11-11T16:20:50Z,2017,2017-01-01,2017-12-31
2905974,TB_e_inc_rr_num,COUNTRY,MHL,WPR,Western Pacific,YEAR,2015,,,,,,,,,5 [1-8],5,1,8,,2025-11-11T16:20:50Z,2015,2015-01-01,2015-12-31
9649991,TB_e_inc_rr_num,COUNTRY,NZL,WPR,Western Pacific,YEAR,2022,,,,,,,,,8 [1-16],8,1,16,,2025-11-11T16:20:50Z,2022,2022-01-01,2022-12-31
1620956,TB_e_inc_rr_num,COUNTRY,MKD,EUR,Europe,YEAR,2023,,,,,,,,,3 [1-5],3,1,5,,2025-11-11T16:20:50Z,2023,2023-01-01,2023-12-31
6651325,TB_e_inc_rr_num,COUNTRY,CIV,AFR,Africa,YEAR,2022,,,,,,,,,940 [320-1600],940,320,1600,,2025-11-11T16:20:50Z,2022,2022-01-01,2022-12-31
6942725,TB_e_inc_rr_num,COUNTRY,SUR,AMR,Americas,YEAR,2015,,,,,,,,,26 [12-40],26,12,40,,2025-11-11T16:20:50Z,2015,2015-01-01,2015-12-31
5351791,TB_e_inc_rr_num,COUNTRY,SLE,AFR,Africa,YEAR,2021,,,,,,,,,790 [0-2200],790,0,2200,,2025-11-11T16:20:50Z,2021,2021-01-01,2021-12-31
8807002,TB_e_inc_rr_num,COUNTRY,SGP,WPR,Western Pacific,YEAR,2016,,,,,,,,,36 [27-44],36,27,44,,2025-11-11T16:20:50Z,2016,2016-01-01,2016-12-31
5776400,TB_e_inc_rr_num,COUNTRY,HTI,AMR,Americas,YEAR,2016,,,,,,,,,1900 [0-5100],1900,0,5100,,2025-11-11T16:20:50Z,2016,2016-01-01,2016-12-31
1197109,TB_e_inc_rr_num,COUNTRY,YEM,EMR,Eastern Mediterranean,YEAR,2020,,,,,,,,,270 [32-500],270,32,500,,2025-11-11T16:20:50Z,2020,2020-01-01,2020-12-31
3013660,TB_e_inc_rr_num,COUNTRY,IRN,EMR,Eastern Mediterranean,YEAR,2022,,,,,,,,,210 [34-390],210,34,390,,2025-11-11T16:20:50Z,2022,2022-01-01,2022-12-31
4724648,TB_e_inc_rr_num,COUNTRY,SWE,EUR,Europe,YEAR,2023,,,,,,,,,19 [13-25],19,13,25,,2025-11-11T16:20:50Z,2023,2023-01-01,2023-12-31
8807031,TB_e_inc_rr_num,COUNTRY,HND,AMR,Americas,YEAR,2016,,,,,,,,,94 [4-180],94,4,180,,2025-11-11T16:20:50Z,2016,2016-01-01,2016-12-31
829829,TB_e_inc_rr_num,COUNTRY,CHL,AMR,Americas,YEAR,2023,,,,,,,,,96 [73-120],96,73,120,,2025-11-11T16:20:50Z,2023,2023-01-01,2023-12-31
886917,TB_e_inc_rr_num,COUNTRY,FIN,EUR,Europe,YEAR,2021,,,,,,,,,8 [5-11],8,5,11,,2025-11-11T16:20:50Z,2021,2021-01-01,2021-12-31
6207184,TB_e_inc_rr_num,COUNTRY,BGD,SEAR,South-East Asia,YEAR,2023,,,,,,,,,2600 [1800-3400],2600,1800,3400,,2025-11-11T16:20:50Z,2023,2023-01-01,2023-12-31
6879485,TB_e_inc_rr_num,COUNTRY,COD,AFR,Africa,YEAR,2018,,,,,,,,,7900 [1100-15 000],7900,1100,15000,,2025-11-11T16:20:50Z,2018,2018-01-01,2018-12-31
2095854,TB_e_inc_rr_num,COUNTRY,ARG,AMR,Americas,YEAR,2024,,,,,,,,,450 [0-1100],450,0,1100,,2025-11-11T16:20:50Z,2024,2024-01-01,2024-12-31
7905547,TB_e_inc_rr_num,COUNTRY,BLZ,AMR,Americas,YEAR,2024,,,,,,,,,2 [0-5],2,0,5,,2025-11-11T16:20:50Z,2024,2024-01-01,2024-12-31
7962637,TB_e_inc_rr_num,COUNTRY,CHN,WPR,Western Pacific,YEAR,2017,,,,,,,,,50 000 [39 000-62 000],50000,39000,62000,,2025-11-11T16:20:50Z,2017,2017-01-01,2017-12-31
1633691,TB_e_inc_rr_num,COUNTRY,CHL,AMR,Americas,YEAR,2016,,,,,,,,,71 [54-88],71,54,88,,2025-11-11T16:20:50Z,2016,2016-01-01,2016-12-31
8238409,TB_e_inc_rr_num,COUNTRY,CIV,AFR,Africa,YEAR,2018,,,,,,,,,1300 [390-2200],1300,390,2200,,2025-11-11T16:20:50Z,2018,2018-01-01,2018-12-31
9865159,TB_e_inc_rr_num,COUNTRY,DOM,AMR,Americas,YEAR,2020,,,,,,,,,430 [320-540],430,320,540,,2025-11-11T16:20:50Z,2020,2020-01-01,2020-12-31
3718346,TB_e_inc_rr_num,COUNTRY,UZB,EUR,Europe,YEAR,2024,,,,,,,,,4300 [3400-5200],4300,3400,5200,,2025-11-11T16:20:50Z,2024,2024-01-01,2024-12-31
10207327,TB_e_inc_rr_num,COUNTRY,GHA,AFR,Africa,YEAR,2023,,,,,,,,,710 [230-1200],710,230,1200,,2025-11-11T16:20:50Z,2023,2023-01-01,2023-12-31
8731213,TB_e_inc_rr_num,COUNTRY,JPN,WPR,Western Pacific,YEAR,2018,,,,,,,,,470 [0-1000],470,0,1000,,2025-11-11T16:20:50Z,2018,2018-01-01,2018-12-31
7538709,TB_e_inc_rr_num,COUNTRY,MLI,AFR,Africa,YEAR,2015,,,,,,,,,180 [6-360],180,6,360,,2025-11-11T16:20:50Z,2015,2015-01-01,2015-12-31
1267085,TB_e_inc_rr_num,COUNTRY,BIH,EUR,Europe,YEAR,2021,,,,,,,,,3 [1-4],3,1,4,,2025-11-11T16:20:50Z,2021,2021-01-01,2021-12-31
6759104,TB_e_inc_rr_num,COUNTRY,ZAF,AFR,Africa,YEAR,2022,,,,,,,,,14 000 [8600-20 000],14000,8600,20000,,2025-11-11T16:20:50Z,2022,2022-01-01,2022-12-31
10017062,TB_e_inc_rr_num,COUNTRY,UZB,EUR,Europe,YEAR,2018,,,,,,,,,4200 [3300-5100],4200,3300,5100,,2025-11-11T16:20:50Z,2018,2018-01-01,2018-12-31
2298240,TB_e_inc_rr_num,COUNTRY,UGA,AFR,Africa,YEAR,2024,,,,,,,,,1200 [660-1800],1200,660,1800,,2025-11-11T16:20:50Z,2024,2024-01-01,2024-12-31
4276324,TB_e_inc_rr_num,COUNTRY,MYS,WPR,Western Pacific,YEAR,2024,,,,,,,,,430 [320-540],430,320,540,,2025-11-11T16:20:50Z,2024,2024-01-01,2024-12-31
4289036,TB_e_inc_rr_num,COUNTRY,KHM,WPR,Western Pacific,YEAR,2016,,,,,,,,,520 [310-740],520,310,740,,2025-11-11T16:20:50Z,2016,2016-01-01,2016-12-31
4377064,TB_e_inc_rr_num,COUNTRY,BRN,WPR,Western Pacific,YEAR,2023,,,,,,,,,1 [0-3],1,0,3,,2025-11-11T16:20:50Z,2023,2023-01-01,2023-12-31
6124999,TB_e_inc_rr_num,COUNTRY,ALB,EUR,Europe,YEAR,2024,,,,,,,,,9 [4-14],9,4,14,,2025-11-11T16:20:50Z,2024,2024-01-01,2024-12-31
3173941,TB_e_inc_rr_num,COUNTRY,TZA,AFR,Africa,YEAR,2023,,,,,,,,,1100 [270-2000],1100,270,2000,,2025-11-11T16:20:50Z,2023,2023-01-01,2023-12-31
8143733,TB_e_inc_rr_num,COUNTRY,PRI,AMR,Americas,YEAR,2018,,,,,,,,,1 [0-2],1,0,2,,2025-11-11T16:20:50Z,2018,2018-01-01,2018-12-31
9783334,TB_e_inc_rr_num,COUNTRY,BOL,AMR,Americas,YEAR,2020,,,,,,,,,240 [170-300],240,170,300,,2025-11-11T16:20:50Z,2020,2020-01-01,2020-12-31
6556397,TB_e_inc_rr_num,COUNTRY,NER,AFR,Africa,YEAR,2015,,,,,,,,,870 [0-1900],870,0,1900,,2025-11-11T16:20:50Z,2015,2015-01-01,2015-12-31
1772981,TB_e_inc_rr_num,COUNTRY,PSE,EMR,Eastern Mediterranean,YEAR,2016,,,,,,,,,2 [0-5],2,0,5,,2025-11-11T16:20:50Z,2016,2016-01-01,2016-12-31
5314248,TB_e_inc_rr_num,COUNTRY,CHL,AMR,Americas,YEAR,2019,,,,,,,,,83 [64-100],83,64,100,,2025-11-11T16:20:50Z,2019,2019-01-01,2019-12-31
8630780,TB_e_inc_rr_num,COUNTRY,BHS,AMR,Americas,YEAR,2020,,,,,,,,,2 [1-3],2,1,3,,2025-11-11T16:20:50Z,2020,2020-01-01,2020-12-31
614906,TB_e_inc_rr_num,COUNTRY,PRY,AMR,Americas,YEAR,2017,,,,,,,,,40 [26-54],40,26,54,,2025-11-11T16:20:50Z,2017,2017-01-01,2017-12-31
5497698,TB_e_inc_rr_num,COUNTRY,KOR,WPR,Western Pacific,YEAR,2017,,,,,,,,,1700 [1500-1900],1700,1500,1900,,2025-11-11T16:20:50Z,2017,2017-01-01,2017-12-31
887000,TB_e_inc_rr_num,COUNTRY,NPL,SEAR,South-East Asia,YEAR,2022,,,,,,,,,2600 [1200-4000],2600,1200,4000,,2025-11-11T16:20:50Z,2022,2022-01-01,2022-12-31
9187288,TB_e_inc_rr_num,REGION,AFR,,,YEAR,2015,,,,,,,,,150 000 [99 000-210 000],150000,99000,210000,,2025-11-11T16:20:50Z,2015,2015-01-01,2015-12-31
8016750,TB_e_inc_rr_num,COUNTRY,LBY,EMR,Eastern Mediterranean,YEAR,2022,,,,,,,,,60 [3-120],60,3,120,,2025-11-11T16:20:50Z,2022,2022-01-01,2022-12-31
1659212,TB_e_inc_rr_num,COUNTRY,NIC,AMR,Americas,YEAR,2020,,,,,,,,,53 [29-76],53,29,76,,2025-11-11T16:20:50Z,2020,2020-01-01,2020-12-31
4953131,TB_e_inc_rr_num,COUNTRY,BRA,AMR,Americas,YEAR,2016,,,,,,,,,2300 [990-3700],2300,990,3700,,2025-11-11T16:20:50Z,2016,2016-01-01,2016-12-31
1811161,TB_e_inc_rr_num,COUNTRY,UKR,EUR,Europe,YEAR,2024,,,,,,,,,9700 [7400-12 000],9700,7400,12000,,2025-11-11T16:20:50Z,2024,2024-01-01,2024-12-31
444593,TB_e_inc_rr_num,COUNTRY,ECU,AMR,Americas,YEAR,2021,,,,,,,,,440 [350-540],440,350,540,,2025-11-11T16:20:50Z,2021,2021-01-01,2021-12-31
608565,TB_e_inc_rr_num,COUNTRY,HKG,,,YEAR,2022,,,,,,,,,53 [39-67],53,39,67,,2025-11-11T16:20:50Z,2022,2022-01-01,2022-12-31
665094,TB_e_inc_rr_num,COUNTRY,GAB,AFR,Africa,YEAR,2024,,,,,,,,,460 [140-790],460,140,790,,2025-11-11T16:20:50Z,2024,2024-01-01,2024-12-31
7177554,TB_e_inc_rr_num,COUNTRY,STP,AFR,Africa,YEAR,2023,,,,,,,,,6 [1-10],6,1,10,,2025-11-11T16:20:50Z,2023,2023-01-01,2023-12-31
4162400,TB_e_inc_rr_num,COUNTRY,ROU,EUR,Europe,YEAR,2016,,,,,,,,,870 [670-1100],870,670,1100,,2025-11-11T16:20:50Z,2016,2016-01-01,2016-12-31
3026468,TB_e_inc_rr_num,COUNTRY,CHN,WPR,Western Pacific,YEAR,2019,,,,,,,,,43 000 [34 000-52 000],43000,34000,52000,,2025-11-11T16:20:50Z,2019,2019-01-01,2019-12-31
8352368,TB_e_inc_rr_num,COUNTRY,SSD,AFR,Africa,YEAR,2016,,,,,,,,,1100 [0-3100],1100,0,3100,,2025-11-11T16:20:50Z,2016,2016-01-01,2016-12-31
267733,TB_e_inc_rr_num,COUNTRY,KHM,WPR,Western Pacific,YEAR,2018,,,,,,,,,440 [270-600],440,270,600,,2025-11-11T16:20:50Z,2018,2018-01-01,2018-12-31
6930166,TB_e_inc_rr_num,COUNTRY,ARE,EMR,Eastern Mediterranean,YEAR,2020,,,,,,,,,2 [0-3],2,0,3,,2025-11-11T16:20:50Z,2020,2020-01-01,2020-12-31
7222069,TB_e_inc_rr_num,COUNTRY,MKD,EUR,Europe,YEAR,2015,,,,,,,,,7 [4-10],7,4,10,,2025-11-11T16:20:50Z,2015,2015-01-01,2015-12-31
1001262,TB_e_inc_rr_num,REGION,AMR,,,YEAR,2016,,,,,,,,,12 000 [8500-16 000],12000,8500,16000,,2025-11-11T16:20:50Z,2016,2016-01-01,2016-12-31
7829849,TB_e_inc_rr_num,COUNTRY,STP,AFR,Africa,YEAR,2020,,,,,,,,,6 [1-11],6,1,11,,2025-11-11T16:20:50Z,2020,2020-01-01,2020-12-31
6321532,TB_e_inc_rr_num,COUNTRY,AZE,EUR,Europe,YEAR,2023,,,,,,,,,1500 [1100-1900],1500,1100,1900,,2025-11-11T16:20:50Z,2023,2023-01-01,2023-12-31
27081,TB_e_inc_rr_num,COUNTRY,MYS,WPR,Western Pacific,YEAR,2020,,,,,,,,,500 [390-620],500,390,620,,2025-11-11T16:20:50Z,2020,2020-01-01,2020-12-31
4959527,TB_e_inc_rr_num,COUNTRY,DJI,EMR,Eastern Mediterranean,YEAR,2015,,,,,,,,,710 [0-1800],710,0,1800,,2025-11-11T16:20:50Z,2015,2015-01-01,2015-12-31
1811217,TB_e_inc_rr_num,COUNTRY,IDN,WPR,Western Pacific,YEAR,2019,,,,,,,,,35 000 [29 000-40 000],35000,29000,40000,,2025-11-11T16:20:50Z,2019,2019-01-01,2019-12-31
6740354,TB_e_inc_rr_num,COUNTRY,MMR,SEAR,South-East Asia,YEAR,2019,,,,,,,,,9500 [4700-14 000],9500,4700,14000,,2025-11-11T16:20:50Z,2019,2019-01-01,2019-12-31
5168628,TB_e_inc_rr_num,COUNTRY,SRB,EUR,Europe,YEAR,2017,,,,,,,,,26 [11-40],26,11,40,,2025-11-11T16:20:50Z,2017,2017-01-01,2017-12-31
5434515,TB_e_inc_rr_num,COUNTRY,MRT,AFR,Africa,YEAR,2018,,,,,,,,,100 [0-300],100,0,300,,2025-11-11T16:20:50Z,2018,2018-01-01,2018-12-31
5630997,TB_e_inc_rr_num,COUNTRY,CHL,AMR,Americas,YEAR,2020,,,,,,,,,70 [54-86],70,54,86,,2025-11-11T16:20:50Z,2020,2020-01-01,2020-12-31
4175110,TB_e_inc_rr_num,COUNTRY,SYR,EMR,Eastern Mediterranean,YEAR,2017,,,,,,,,,120 [85-150],120,85,150,,2025-11-11T16:20:50Z,2017,2017-01-01,2017-12-31
1655,TB_e_inc_rr_num,COUNTRY,SSD,AFR,Africa,YEAR,2022,,,,,,,,,780 [0-2200],780,0,2200,,2025-11-11T16:20:50Z,2022,2022-01-01,2022-12-31
8339706,TB_e_inc_rr_num,COUNTRY,FRA,EUR,Europe,YEAR,2024,,,,,,,,,79 [31-130],79,31,130,,2025-11-11T16:20:50Z,2024,2024-01-01,2024-12-31
381263,TB_e_inc_rr_num,COUNTRY,GTM,AMR,Americas,YEAR,2021,,,,,,,,,90 [68-110],90,68,110,,2025-11-11T16:20:50Z,2021,2021-01-01,2021-12-31
5364752,TB_e_inc_rr_num,COUNTRY,KGZ,EUR,Europe,YEAR,2023,,,,,,,,,2700 [2100-3400],2700,2100,3400,,2025-11-11T16:20:50Z,2023,2023-01-01,2023-12-31
9377695,TB_e_inc_rr_num,COUNTRY,PER,AMR,Americas,YEAR,2018,,,,,,,,,3300 [2600-4000],3300,2600,4000,,2025-11-11T16:20:50Z,2018,2018-01-01,2018-12-31
8295667,TB_e_inc_rr_num,COUNTRY,SUR,AMR,Americas,YEAR,2022,,,,,,,,,23 [16-30],23,16,30,,2025-11-11T16:20:50Z,2022,2022-01-01,2022-12-31
6816278,TB_e_inc_rr_num,COUNTRY,ZAF,AFR,Africa,YEAR,2016,,,,,,,,,17 000 [9200-24 000],17000,9200,24000,,2025-11-11T16:20:50Z,2016,2016-01-01,2016-12-31
9364992,TB_e_inc_rr_num,REGION,WPR,,,YEAR,2021,,,,,,,,,110 000 [91 000-130 000],110000,91000,130000,,2025-11-11T16:20:50Z,2021,2021-01-01,2021-12-31
374933,TB_e_inc_rr_num,COUNTRY,BGR,EUR,Europe,YEAR,2015,,,,,,,,,96 [65-130],96,65,130,,2025-11-11T16:20:50Z,2015,2015-01-01,2015-12-31
5238405,TB_e_inc_rr_num,COUNTRY,NER,AFR,Africa,YEAR,2024,,,,,,,,,680 [110-1200],680,110,1200,,2025-11-11T16:20:50Z,2024,2024-01-01,2024-12-31
6968380,TB_e_inc_rr_num,COUNTRY,ETH,AFR,Africa,YEAR,2020,,,,,,,,,2400 [910-4000],2400,910,4000,,2025-11-11T16:20:50Z,2020,2020-01-01,2020-12-31
8978141,TB_e_inc_rr_num,COUNTRY,DZA,AFR,Africa,YEAR,2016,,,,,,,,,520 [0-1100],520,0,1100,,2025-11-11T16:20:50Z,2016,2016-01-01,2016-12-31
9047963,TB_e_inc_rr_num,COUNTRY,COG,AFR,Africa,YEAR,2020,,,,,,,,,710 [130-1300],710,130,1300,,2025-11-11T16:20:50Z,2020,2020-01-01,2020-12-31
7532575,TB_e_inc_rr_num,REGION,EUR,,,YEAR,2017,,,,,,,,,80 000 [59 000-100 000],80000,59000,100000,,2025-11-11T16:20:50Z,2017,2017-01-01,2017-12-31
9612371,TB_e_inc_rr_num,COUNTRY,CMR,AFR,Africa,YEAR,2016,,,,,,,,,1000 [190-1900],1000,190,1900,,2025-11-11T16:20:50Z,2016,2016-01-01,2016-12-31
4762966,TB_e_inc_rr_num,REGION,AMR,,,YEAR,2023,,,,,,,,,14 000 [9500-18 000],14000,9500,18000,,2025-11-11T16:20:50Z,2023,2023-01-01,2023-12-31
46330,TB_e_inc_rr_num,COUNTRY,BTN,SEAR,South-East Asia,YEAR,2017,,,,,,,,,220 [170-280],220,170,280,,2025-11-11T16:20:50Z,2017,2017-01-01,2017-12-31
2121488,TB_e_inc_rr_num,COUNTRY,EST,EUR,Europe,YEAR,2020,,,,,,,,,39 [29-49],39,29,49,,2025-11-11T16:20:50Z,2020,2020-01-01,2020-12-31
551959,TB_e_inc_rr_num,COUNTRY,TKM,EUR,Europe,YEAR,2022,,,,,,,,,1400 [1100-1700],1400,1100,1700,,2025-11-11T16:20:50Z,2022,2022-01-01,2022-12-31
5491532,TB_e_inc_rr_num,COUNTRY,MAC,,,YEAR,2020,,,,,,,,,16 [10-22],16,10,22,,2025-11-11T16:20:50Z,2020,2020-01-01,2020-12-31
2317506,TB_e_inc_rr_num,COUNTRY,NOR,EUR,Europe,YEAR,2015,,,,,,,,,16 [12-20],16,12,20,,2025-11-11T16:20:50Z,2015,2015-01-01,2015-12-31
5763999,TB_e_inc_rr_num,COUNTRY,NAM,AFR,Africa,YEAR,2021,,,,,,,,,580 [360-790],580,360,790,,2025-11-11T16:20:50Z,2021,2021-01-01,2021-12-31
9124142,TB_e_inc_rr_num,COUNTRY,BHS,AMR,Americas,YEAR,2024,,,,,,,,,3 [0-5],3,0,5,,2025-11-11T16:20:50Z,2024,2024-01-01,2024-12-31
2823722,TB_e_inc_rr_num,COUNTRY,SVK,EUR,Europe,YEAR,2016,,,,,,,,,10 [5-15],10,5,15,,2025-11-11T16:20:50Z,2016,2016-01-01,2016-12-31
9612385,TB_e_inc_rr_num,COUNTRY,BOL,AMR,Americas,YEAR,2024,,,,,,,,,270 [200-350],270,200,350,,2025-11-11T16:20:50Z,2024,2024-01-01,2024-12-31
6543900,TB_e_inc_rr_num,COUNTRY,LUX,EUR,Europe,YEAR,2019,,,,,,,,,1 [0-2],1,0,2,,2025-11-11T16:20:50Z,2019,2019-01-01,2019-12-31
1880876,TB_e_inc_rr_num,COUNTRY,ZWE,AFR,Africa,YEAR,2016,,,,,,,,,1900 [1200-2500],1900,1200,2500,,2025-11-11T16:20:50Z,2016,2016-01-01,2016-12-31
3535135,TB_e_inc_rr_num,COUNTRY,GNB,AFR,Africa,YEAR,2020,,,,,,,,,88 [23-150],88,23,150,,2025-11-11T16:20:50Z,2020,2020-01-01,2020-12-31
343658,TB_e_inc_rr_num,COUNTRY,MAR,EMR,Eastern Mediterranean,YEAR,2021,,,,,,,,,370 [280-470],370,280,470,,2025-11-11T16:20:50Z,2021,2021-01-01,2021-12-31
1039013,TB_e_inc_rr_num,COUNTRY,DJI,EMR,Eastern Mediterranean,YEAR,2017,,,,,,,,,370 [0-860],370,0,860,,2025-11-11T16:20:50Z,2017,2017-01-01,2017-12-31
7652566,TB_e_inc_rr_num,COUNTRY,ARM,EUR,Europe,YEAR,2017,,,,,,,,,270 [200-330],270,200,330,,2025-11-11T16:20:50Z,2017,2017-01-01,2017-12-31
7842678,TB_e_inc_rr_num,COUNTRY,GAB,AFR,Africa,YEAR,2021,,,,,,,,,530 [150-920],530,150,920,,2025-11-11T16:20:50Z,2021,2021-01-01,2021-12-31
4902508,TB_e_inc_rr_num,COUNTRY,JOR,EMR,Eastern Mediterranean,YEAR,2019,,,,,,,,,24 [11-38],24,11,38,,2025-11-11T16:20:50Z,2019,2019-01-01,2019-12-31
141187,TB_e_inc_rr_num,COUNTRY,CPV,AFR,Africa,YEAR,2016,,,,,,,,,6 [0-15],6,0,15,,2025-11-11T16:20:50Z,2016,2016-01-01,2016-12-31
5022985,TB_e_inc_rr_num,COUNTRY,KAZ,EUR,Europe,YEAR,2022,,,,,,,,,4100 [3200-4900],4100,3200,4900,,2025-11-11T16:20:50Z,2022,2022-01-01,2022-12-31
6778215,TB_e_inc_rr_num,COUNTRY,KOR,WPR,Western Pacific,YEAR,2019,,,,,,,,,1300 [1200-1500],1300,1200,1500,,2025-11-11T16:20:50Z,2019,2019-01-01,2019-12-31
5232119,TB_e_inc_rr_num,COUNTRY,NGA,AFR,Africa,YEAR,2018,,,,,,,,,16 000 [9400-22 000],16000,9400,22000,,2025-11-11T16:20:50Z,2018,2018-01-01,2018-12-31
8630986,TB_e_inc_rr_num,COUNTRY,IRL,EUR,Europe,YEAR,2020,,,,,,,,,8 [4-12],8,4,12,,2025-11-11T16:20:50Z,2020,2020-01-01,2020-12-31
8750519,TB_e_inc_rr_num,COUNTRY,SDN,EMR,Eastern Mediterranean,YEAR,2020,,,,,,,,,880 [360-1400],880,360,1400,,2025-11-11T16:20:50Z,2020,2020-01-01,2020-12-31
2728586,TB_e_inc_rr_num,COUNTRY,TZA,AFR,Africa,YEAR,2022,,,,,,,,,1300 [380-2300],1300,380,2300,,2025-11-11T16:20:50Z,2022,2022-01-01,2022-12-31
2880937,TB_e_inc_rr_num,COUNTRY,TCD,AFR,Africa,YEAR,2022,,,,,,,,,390 [130-660],390,130,660,,2025-11-11T16:20:50Z,2022,2022-01-01,2022-12-31
7924921,TB_e_inc_rr_num,COUNTRY,CAN,AMR,Americas,YEAR,2015,,,,,,,,,28 [20-36],28,20,36,,2025-11-11T16:20:50Z,2015,2015-01-01,2015-12-31
4712223,TB_e_inc_rr_num,COUNTRY,BLR,EUR,Europe,YEAR,2016,,,,,,,,,1900 [1500-2300],1900,1500,2300,,2025-11-11T16:20:50Z,2016,2016-01-01,2016-12-31
8131251,TB_e_inc_rr_num,REGION,EMR,,,YEAR,2020,,,,,,,,,24 000 [18 000-30 000],24000,18000,30000,,2025-11-11T16:20:50Z,2020,2020-01-01,2020-12-31
9834107,TB_e_inc_rr_num,COUNTRY,HND,AMR,Americas,YEAR,2023,,,,,,,,,84 [0-200],84,0,200,,2025-11-11T16:20:50Z,2023,2023-01-01,2023-12-31
3497140,TB_e_inc_rr_num,COUNTRY,NZL,WPR,Western Pacific,YEAR,2017,,,,,,,,,7 [2-11],7,2,11,,2025-11-11T16:20:50Z,2017,2017-01-01,2017-12-31
261590,TB_e_inc_rr_num,COUNTRY,STP,AFR,Africa,YEAR,2024,,,,,,,,,6 [1-12],6,1,12,,2025-11-11T16:20:50Z,2024,2024-01-01,2024-12-31
7127009,TB_e_inc_rr_num,COUNTRY,DEU,EUR,Europe,YEAR,2022,,,,,,,,,140 [96-180],140,96,180,,2025-11-11T16:20:50Z,2022,2022-01-01,2022-12-31
7158781,TB_e_inc_rr_num,COUNTRY,FRA,EUR,Europe,YEAR,2022,,,,,,,,,71 [31-110],71,31,110,,2025-11-11T16:20:50Z,2022,2022-01-01,2022-12-31
8839015,TB_e_inc_rr_num,COUNTRY,MDV,SEAR,South-East Asia,YEAR,2018,,,,,,,,,2 [0-4],2,0,4,,2025-11-11T16:20:50Z,2018,2018-01-01,2018-12-31
8940274,TB_e_inc_rr_num,COUNTRY,JAM,AMR,Americas,YEAR,2019,,,,,,,,,1 [0-2],1,0,2,,2025-11-11T16:20:50Z,2019,2019-01-01,2019-12-31
5897345,TB_e_inc_rr_num,COUNTRY,CRI,AMR,Americas,YEAR,2019,,,,,,,,,6 [3-9],6,3,9,,2025-11-11T16:20:50Z,2019,2019-01-01,2019-12-31
7608468,TB_e_inc_rr_num,COUNTRY,LSO,AFR,Africa,YEAR,2021,,,,,,,,,560 [310-810],560,310,810,,2025-11-11T16:20:50Z,2021,2021-01-01,2021-12-31
6144174,TB_e_inc_rr_num,COUNTRY,PSE,EMR,Eastern Mediterranean,YEAR,2015,,,,,,,,,2 [0-6],2,0,6,,2025-11-11T16:20:50Z,2015,2015-01-01,2015-12-31
4528437,TB_e_inc_rr_num,COUNTRY,CYP,EUR,Europe,YEAR,2020,,,,,,,,,1 [0-1],1,0,1,,2025-11-11T16:20:50Z,2020,2020-01-01,2020-12-31
1437875,TB_e_inc_rr_num,COUNTRY,YEM,EMR,Eastern Mediterranean,YEAR,2022,,,,,,,,,300 [2-600],300,2,600,,2025-11-11T16:20:50Z,2022,2022-01-01,2022-12-31
3864562,TB_e_inc_rr_num,COUNTRY,SAU,EMR,Eastern Mediterranean,YEAR,2021,,,,,,,,,49 [37-60],49,37,60,,2025-11-11T16:20:50Z,2021,2021-01-01,2021-12-31
849232,TB_e_inc_rr_num,COUNTRY,MRT,AFR,Africa,YEAR,2021,,,,,,,,,81 [0-240],81,0,240,,2025-11-11T16:20:50Z,2021,2021-01-01,2021-12-31
3294438,TB_e_inc_rr_num,COUNTRY,MAC,,,YEAR,2016,,,,,,,,,16 [11-21],16,11,21,,2025-11-11T16:20:50Z,2016,2016-01-01,2016-12-31
8213402,TB_e_inc_rr_num,COUNTRY,COG,AFR,Africa,YEAR,2017,,,,,,,,,870 [0-1800],870,0,1800,,2025-11-11T16:20:50Z,2017,2017-01-01,2017-12-31
1741694,TB_e_inc_rr_num,COUNTRY,PHL,WPR,Western Pacific,YEAR,2021,,,,,,,,,27 000 [12 000-42 000],27000,12000,42000,,2025-11-11T16:20:50Z,2021,2021-01-01,2021-12-31
387768,TB_e_inc_rr_num,COUNTRY,KHM,WPR,Western Pacific,YEAR,2023,,,,,,,,,310 [200-420],310,200,420,,2025-11-11T16:20:50Z,2023,2023-01-01,2023-12-31
3801185,TB_e_inc_rr_num,COUNTRY,MHL,WPR,Western Pacific,YEAR,2018,,,,,,,,,14 [4-23],14,4,23,,2025-11-11T16:20:50Z,2018,2018-01-01,2018-12-31
3820220,TB_e_inc_rr_num,COUNTRY,ZMB,AFR,Africa,YEAR,2023,,,,,,,,,1200 [570-1700],1200,570,1700,,2025-11-11T16:20:50Z,2023,2023-01-01,2023-12-31
2501119,TB_e_inc_rr_num,COUNTRY,AFG,EMR,Eastern Mediterranean,YEAR,2023,,,,,,,,,1800 [530-3000],1800,530,3000,,2025-11-11T16:20:50Z,2023,2023-01-01,2023-12-31
2513868,TB_e_inc_rr_num,COUNTRY,NAM,AFR,Africa,YEAR,2023,,,,,,,,,560 [320-800],560,320,800,,2025-11-11T16:20:50Z,2023,2023-01-01,2023-12-31
2602769,TB_e_inc_rr_num,COUNTRY,ALB,EUR,Europe,YEAR,2022,,,,,,,,,10 [5-15],10,5,15,,2025-11-11T16:20:50Z,2022,2022-01-01,2022-12-31
7558155,TB_e_inc_rr_num,COUNTRY,LVA,EUR,Europe,YEAR,2021,,,,,,,,,36 [26-46],36,26,46,,2025-11-11T16:20:50Z,2021,2021-01-01,2021-12-31
7633659,TB_e_inc_rr_num,COUNTRY,RUS,EUR,Europe,YEAR,2024,,,,,,,,,26 000 [11 000-41 000],26000,11000,41000,,2025-11-11T16:20:50Z,2024,2024-01-01,2024-12-31
1242080,TB_e_inc_rr_num,COUNTRY,BHS,AMR,Americas,YEAR,2018,,,,,,,,,4 [2-6],4,2,6,,2025-11-11T16:20:50Z,2018,2018-01-01,2018-12-31
7855262,TB_e_inc_rr_num,COUNTRY,MOZ,AFR,Africa,YEAR,2021,,,,,,,,,4000 [2200-5800],4000,2200,5800,,2025-11-11T16:20:50Z,2021,2021-01-01,2021-12-31
3079352,TB_e_inc_rr_num,COUNTRY,ALB,EUR,Europe,YEAR,2021,,,,,,,,,10 [5-15],10,5,15,,2025-11-11T16:20:50Z,2021,2021-01-01,2021-12-31
9783643,TB_e_inc_rr_num,COUNTRY,MNG,WPR,Western Pacific,YEAR,2022,,,,,,,,,940 [410-1500],940,410,1500,,2025-11-11T16:20:50Z,2022,2022-01-01,2022-12-31
494898,TB_e_inc_rr_num,COUNTRY,TTO,AMR,Americas,YEAR,2018,,,,,,,,,5 [0-10],5,0,10,,2025-11-11T16:20:50Z,2018,2018-01-01,2018-12-31
7019112,TB_e_inc_rr_num,COUNTRY,MYS,WPR,Western Pacific,YEAR,2022,,,,,,,,,460 [350-570],460,350,570,,2025-11-11T16:20:50Z,2022,2022-01-01,2022-12-31
8763305,TB_e_inc_rr_num,COUNTRY,TKM,EUR,Europe,YEAR,2021,,,,,,,,,990 [780-1200],990,780,1200,,2025-11-11T16:20:50Z,2021,2021-01-01,2021-12-31
7228644,TB_e_inc_rr_num,COUNTRY,PRY,AMR,Americas,YEAR,2018,,,,,,,,,37 [24-49],37,24,49,,2025-11-11T16:20:50Z,2018,2018-01-01,2018-12-31
900086,TB_e_inc_rr_num,COUNTRY,CAN,AMR,Americas,YEAR,2019,,,,,,,,,33 [21-45],33,21,45,,2025-11-11T16:20:50Z,2019,2019-01-01,2019-12-31
5776851,TB_e_inc_rr_num,COUNTRY,MAR,EMR,Eastern Mediterranean,YEAR,2018,,,,,,,,,420 [310-540],420,310,540,,2025-11-11T16:20:50Z,2018,2018-01-01,2018-12-31
6366308,TB_e_inc_rr_num,COUNTRY,SLE,AFR,Africa,YEAR,2024,,,,,,,,,750 [0-2000],750,0,2000,,2025-11-11T16:20:50Z,2024,2024-01-01,2024-12-31
8377781,TB_e_inc_rr_num,COUNTRY,JOR,EMR,Eastern Mediterranean,YEAR,2017,,,,,,,,,32 [16-48],32,16,48,,2025-11-11T16:20:50Z,2017,2017-01-01,2017-12-31
3522587,TB_e_inc_rr_num,COUNTRY,CZE,EUR,Europe,YEAR,2024,,,,,,,,,28 [20-37],28,20,37,,2025-11-11T16:20:50Z,2024,2024-01-01,2024-12-31
10131715,TB_e_inc_rr_num,COUNTRY,AUT,EUR,Europe,YEAR,2023,,,,,,,,,17 [7-26],17,7,26,,2025-11-11T16:20:50Z,2023,2023-01-01,2023-12-31
7050858,TB_e_inc_rr_num,COUNTRY,MAR,EMR,Eastern Mediterranean,YEAR,2017,,,,,,,,,430 [310-560],430,310,560,,2025-11-11T16:20:50Z,2017,2017-01-01,2017-12-31
4073888,TB_e_inc_rr_num,COUNTRY,NAM,AFR,Africa,YEAR,2020,,,,,,,,,590 [380-800],590,380,800,,2025-11-11T16:20:50Z,2020,2020-01-01,2020-12-31
4124540,TB_e_inc_rr_num,COUNTRY,BOL,AMR,Americas,YEAR,2021,,,,,,,,,240 [180-300],240,180,300,,2025-11-11T16:20:50Z,2021,2021-01-01,2021-12-31
982536,TB_e_inc_rr_num,COUNTRY,ERI,AFR,Africa,YEAR,2018,,,,,,,,,140 [80-200],140,80,200,,2025-11-11T16:20:50Z,2018,2018-01-01,2018-12-31
1039180,TB_e_inc_rr_num,COUNTRY,TCD,AFR,Africa,YEAR,2019,,,,,,,,,420 [110-730],420,110,730,,2025-11-11T16:20:50Z,2019,2019-01-01,2019-12-31
6157049,TB_e_inc_rr_num,COUNTRY,SVN,EUR,Europe,YEAR,2021,,,,,,,,,1 [0-1],1,0,1,,2025-11-11T16:20:50Z,2021,2021-01-01,2021-12-31
6176069,TB_e_inc_rr_num,COUNTRY,SUR,AMR,Americas,YEAR,2017,,,,,,,,,22 [13-32],22,13,32,,2025-11-11T16:20:50Z,2017,2017-01-01,2017-12-31
4592059,TB_e_inc_rr_num,COUNTRY,IRQ,EMR,Eastern Mediterranean,YEAR,2024,,,,,,,,,310 [220-400],310,220,400,,2025-11-11T16:20:50Z,2024,2024-01-01,2024-12-31
6251972,TB_e_inc_rr_num,COUNTRY,COL,AMR,Americas,YEAR,2017,,,,,,,,,600 [96-1100],600,96,1100,,2025-11-11T16:20:50Z,2017,2017-01-01,2017-12-31
5206913,TB_e_inc_rr_num,COUNTRY,JOR,EMR,Eastern Mediterranean,YEAR,2016,,,,,,,,,28 [14-41],28,14,41,,2025-11-11T16:20:50Z,2016,2016-01-01,2016-12-31
4029499,TB_e_inc_rr_num,COUNTRY,YEM,EMR,Eastern Mediterranean,YEAR,2015,,,,,,,,,250 [100-400],250,100,400,,2025-11-11T16:20:50Z,2015,2015-01-01,2015-12-31
7437790,TB_e_inc_rr_num,COUNTRY,TCD,AFR,Africa,YEAR,2023,,,,,,,,,400 [120-680],400,120,680,,2025-11-11T16:20:50Z,2023,2023-01-01,2023-12-31
4320990,TB_e_inc_rr_num,REGION,AMR,,,YEAR,2021,,,,,,,,,13 000 [8900-16 000],13000,8900,16000,,2025-11-11T16:20:50Z,2021,2021-01-01,2021-12-31
2995121,TB_e_inc_rr_num,COUNTRY,SUR,AMR,Americas,YEAR,2016,,,,,,,,,20 [11-30],20,11,30,,2025-11-11T16:20:50Z,2016,2016-01-01,2016-12-31
7956683,TB_e_inc_rr_num,COUNTRY,COL,AMR,Americas,YEAR,2022,,,,,,,,,1000 [0-2200],1000,0,2200,,2025-11-11T16:20:50Z,2022,2022-01-01,2022-12-31
1494663,TB_e_inc_rr_num,COUNTRY,CYP,EUR,Europe,YEAR,2018,,,,,,,,,1 [1-2],1,1,2,,2025-11-11T16:20:50Z,2018,2018-01-01,2018-12-31
5111991,TB_e_inc_rr_num,COUNTRY,RWA,AFR,Africa,YEAR,2021,,,,,,,,,130 [87-180],130,87,180,,2025-11-11T16:20:50Z,2021,2021-01-01,2021-12-31
7019190,TB_e_inc_rr_num,COUNTRY,HKG,,,YEAR,2017,,,,,,,,,74 [56-91],74,56,91,,2025-11-11T16:20:50Z,2017,2017-01-01,2017-12-31
646599,TB_e_inc_rr_num,COUNTRY,GRC,EUR,Europe,YEAR,2023,,,,,,,,,14 [4-24],14,4,24,,2025-11-11T16:20:50Z,2023,2023-01-01,2023-12-31
8832843,TB_e_inc_rr_num,COUNTRY,IDN,WPR,Western Pacific,YEAR,2022,,,,,,,,,31 000 [26 000-36 000],31000,26000,36000,,2025-11-11T16:20:50Z,2022,2022-01-01,2022-12-31
4270408,TB_e_inc_rr_num,COUNTRY,SOM,EMR,Eastern Mediterranean,YEAR,2018,,,,,,,,,1600 [500-2600],1600,500,2600,,2025-11-11T16:20:50Z,2018,2018-01-01,2018-12-31
4655723,TB_e_inc_rr_num,COUNTRY,LUX,EUR,Europe,YEAR,2015,,,,,,,,,0 [0-1],0,0,1,,2025-11-11T16:20:50Z,2015,2015-01-01,2015-12-31
6537728,TB_e_inc_rr_num,COUNTRY,KIR,WPR,Western Pacific,YEAR,2019,,,,,,,,,13 [4-21],13,4,21,,2025-11-11T16:20:50Z,2019,2019-01-01,2019-12-31
9891046,TB_e_inc_rr_num,REGION,EMR,,,YEAR,2016,,,,,,,,,33 000 [24 000-43 000],33000,24000,43000,,2025-11-11T16:20:50Z,2016,2016-01-01,2016-12-31
1874724,TB_e_inc_rr_num,COUNTRY,BHR,EMR,Eastern Mediterranean,YEAR,2021,,,,,,,,,6 [3-8],6,3,8,,2025-11-11T16:20:50Z,2021,2021-01-01,2021-12-31
3877399,TB_e_inc_rr_num,COUNTRY,MAC,,,YEAR,2024,,,,,,,,,12 [7-18],12,7,18,,2025-11-11T16:20:50Z,2024,2024-01-01,2024-12-31
881085,TB_e_inc_rr_num,COUNTRY,KAZ,EUR,Europe,YEAR,2018,,,,,,,,,4700 [3700-5700],4700,3700,5700,,2025-11-11T16:20:50Z,2018,2018-01-01,2018-12-31
2868448,TB_e_inc_rr_num,COUNTRY,BHS,AMR,Americas,YEAR,2017,,,,,,,,,5 [2-7],5,2,7,,2025-11-11T16:20:50Z,2017,2017-01-01,2017-12-31
2995160,TB_e_inc_rr_num,COUNTRY,TZA,AFR,Africa,YEAR,2019,,,,,,,,,2100 [740-3400],2100,740,3400,,2025-11-11T16:20:50Z,2019,2019-01-01,2019-12-31
8106038,TB_e_inc_rr_num,COUNTRY,GTM,AMR,Americas,YEAR,2016,,,,,,,,,110 [86-140],110,86,140,,2025-11-11T16:20:50Z,2016,2016-01-01,2016-12-31
1653268,TB_e_inc_rr_num,COUNTRY,EST,EUR,Europe,YEAR,2019,,,,,,,,,47 [36-59],47,36,59,,2025-11-11T16:20:50Z,2019,2019-01-01,2019-12-31
128715,TB_e_inc_rr_num,COUNTRY,AGO,AFR,Africa,YEAR,2019,,,,,,,,,21 000 [6600-35 000],21000,6600,35000,,2025-11-11T16:20:50Z,2019,2019-01-01,2019-12-31
7304519,TB_e_inc_rr_num,COUNTRY,EST,EUR,Europe,YEAR,2024,,,,,,,,,30 [22-38],30,22,38,,2025-11-11T16:20:50Z,2024,2024-01-01,2024-12-31
5967352,TB_e_inc_rr_num,COUNTRY,TJK,EUR,Europe,YEAR,2018,,,,,,,,,1800 [1400-2100],1800,1400,2100,,2025-11-11T16:20:50Z,2018,2018-01-01,2018-12-31
4566723,TB_e_inc_rr_num,COUNTRY,AUS,WPR,Western Pacific,YEAR,2024,,,,,,,,,52 [36-68],52,36,68,,2025-11-11T16:20:50Z,2024,2024-01-01,2024-12-31
9460536,TB_e_inc_rr_num,COUNTRY,BGD,SEAR,South-East Asia,YEAR,2021,,,,,,,,,2900 [1900-3900],2900,1900,3900,,2025-11-11T16:20:50Z,2021,2021-01-01,2021-12-31
6258427,TB_e_inc_rr_num,COUNTRY,FJI,WPR,Western Pacific,YEAR,2015,,,,,,,,,10 [2-18],10,2,18,,2025-11-11T16:20:50Z,2015,2015-01-01,2015-12-31
9745761,TB_e_inc_rr_num,COUNTRY,DNK,EUR,Europe,YEAR,2016,,,,,,,,,5 [3-7],5,3,7,,2025-11-11T16:20:50Z,2016,2016-01-01,2016-12-31
1672357,TB_e_inc_rr_num,COUNTRY,CAF,AFR,Africa,YEAR,2019,,,,,,,,,370 [78-660],370,78,660,,2025-11-11T16:20:50Z,2019,2019-01-01,2019-12-31
6721678,TB_e_inc_rr_num,COUNTRY,VEN,AMR,Americas,YEAR,2019,,,,,,,,,770 [0-1900],770,0,1900,,2025-11-11T16:20:50Z,2019,2019-01-01,2019-12-31
8555541,TB_e_inc_rr_num,COUNTRY,UGA,AFR,Africa,YEAR,2023,,,,,,,,,1200 [640-1700],1200,640,1700,,2025-11-11T16:20:50Z,2023,2023-01-01,2023-12-31
6981385,TB_e_inc_rr_num,COUNTRY,UKR,EUR,Europe,YEAR,2016,,,,,,,,,13 000 [10 000-16 000],13000,10000,16000,,2025-11-11T16:20:50Z,2016,2016-01-01,2016-12-31
3788718,TB_e_inc_rr_num,COUNTRY,KOR,WPR,Western Pacific,YEAR,2018,,,,,,,,,1500 [1400-1700],1500,1400,1700,,2025-11-11T16:20:50Z,2018,2018-01-01,2018-12-31
621552,TB_e_inc_rr_num,COUNTRY,MUS,AFR,Africa,YEAR,2016,,,,,,,,,2 [1-3],2,1,3,,2025-11-11T16:20:50Z,2016,2016-01-01,2016-12-31
3889990,TB_e_inc_rr_num,COUNTRY,CHE,EUR,Europe,YEAR,2017,,,,,,,,,18 [9-26],18,9,26,,2025-11-11T16:20:50Z,2017,2017-01-01,2017-12-31
2387783,TB_e_inc_rr_num,COUNTRY,KIR,WPR,Western Pacific,YEAR,2016,,,,,,,,,18 [2-34],18,2,34,,2025-11-11T16:20:50Z,2016,2016-01-01,2016-12-31
4340046,TB_e_inc_rr_num,COUNTRY,TTO,AMR,Americas,YEAR,2021,,,,,,,,,4 [0-7],4,0,7,,2025-11-11T16:20:50Z,2021,2021-01-01,2021-12-31
9802836,TB_e_inc_rr_num,COUNTRY,CHN,WPR,Western Pacific,YEAR,2015,,,,,,,,,57 000 [45 000-70 000],57000,45000,70000,,2025-11-11T16:20:50Z,2015,2015-01-01,2015-12-31
3351790,TB_e_inc_rr_num,COUNTRY,GEO,EUR,Europe,YEAR,2019,,,,,,,,,440 [350-530],440,350,530,,2025-11-11T16:20:50Z,2019,2019-01-01,2019-12-31
6905223,TB_e_inc_rr_num,COUNTRY,LUX,EUR,Europe,YEAR,2021,,,,,,,,,1 [0-1],1,0,1,,2025-11-11T16:20:50Z,2021,2021-01-01,2021-12-31
2311465,TB_e_inc_rr_num,COUNTRY,PHL,WPR,Western Pacific,YEAR,2019,,,,,,,,,27 000 [13 000-41 000],27000,13000,41000,,2025-11-11T16:20:50Z,2019,2019-01-01,2019-12-31
8813959,TB_e_inc_rr_num,COUNTRY,VNM,WPR,Western Pacific,YEAR,2024,,,,,,,,,9400 [5400-13 000],9400,5400,13000,,2025-11-11T16:20:50Z,2024,2024-01-01,2024-12-31
9352663,TB_e_inc_rr_num,COUNTRY,PHL,WPR,Western Pacific,YEAR,2023,,,,,,,,,29 000 [12 000-45 000],29000,12000,45000,,2025-11-11T16:20:50Z,2023,2023-01-01,2023-12-31
7956822,TB_e_inc_rr_num,COUNTRY,GTM,AMR,Americas,YEAR,2018,,,,,,,,,120 [89-150],120,89,150,,2025-11-11T16:20:50Z,2018,2018-01-01,2018-12-31
1513819,TB_e_inc_rr_num,COUNTRY,GRC,EUR,Europe,YEAR,2024,,,,,,,,,9 [2-15],9,2,15,,2025-11-11T16:20:50Z,2024,2024-01-01,2024-12-31
2394147,TB_e_inc_rr_num,COUNTRY,FRA,EUR,Europe,YEAR,2017,,,,,,,,,91 [53-130],91,53,130,,2025-11-11T16:20:50Z,2017,2017-01-01,2017-12-31
2457033,TB_e_inc_rr_num,COUNTRY,GNQ,AFR,Africa,YEAR,2022,,,,,,,,,100 [21-190],100,21,190,,2025-11-11T16:20:50Z,2022,2022-01-01,2022-12-31
7418903,TB_e_inc_rr_num,COUNTRY,ROU,EUR,Europe,YEAR,2019,,,,,,,,,680 [520-830],680,520,830,,2025-11-11T16:20:50Z,2019,2019-01-01,2019-12-31
3370868,TB_e_inc_rr_num,COUNTRY,TLS,SEAR,South-East Asia,YEAR,2019,,,,,,,,,41 [2-80],41,2,80,,2025-11-11T16:20:50Z,2019,2019-01-01,2019-12-31
8397003,TB_e_inc_rr_num,COUNTRY,SYR,EMR,Eastern Mediterranean,YEAR,2019,,,,,,,,,90 [64-120],90,64,120,,2025-11-11T16:20:50Z,2019,2019-01-01,2019-12-31
8428682,TB_e_inc_rr_num,COUNTRY,ROU,EUR,Europe,YEAR,2017,,,,,,,,,810 [630-990],810,630,990,,2025-11-11T16:20:50Z,2017,2017-01-01,2017-12-31
9061095,TB_e_inc_rr_num,COUNTRY,KAZ,EUR,Europe,YEAR,2017,,,,,,,,,4500 [3500-5500],4500,3500,5500,,2025-11-11T16:20:50Z,2017,2017-01-01,2017-12-31
5980143,TB_e_inc_rr_num,COUNTRY,JOR,EMR,Eastern Mediterranean,YEAR,2023,,,,,,,,,10 [3-16],10,3,16,,2025-11-11T16:20:50Z,2023,2023-01-01,2023-12-31
6220452,TB_e_inc_rr_num,COUNTRY,MKD,EUR,Europe,YEAR,2024,,,,,,,,,3 [1-6],3,1,6,,2025-11-11T16:20:50Z,2024,2024-01-01,2024-12-31
1368482,TB_e_inc_rr_num,COUNTRY,SDN,EMR,Eastern Mediterranean,YEAR,2018,,,,,,,,,1000 [500-1600],1000,500,1600,,2025-11-11T16:20:50Z,2018,2018-01-01,2018-12-31
6347407,TB_e_inc_rr_num,COUNTRY,UKR,EUR,Europe,YEAR,2019,,,,,,,,,9800 [7800-12 000],9800,7800,12000,,2025-11-11T16:20:50Z,2019,2019-01-01,2019-12-31
9593695,TB_e_inc_rr_num,COUNTRY,LKA,SEAR,South-East Asia,YEAR,2019,,,,,,,,,74 [0-160],74,0,160,,2025-11-11T16:20:50Z,2019,2019-01-01,2019-12-31
8125196,TB_e_inc_rr_num,COUNTRY,UZB,EUR,Europe,YEAR,2016,,,,,,,,,4200 [3200-5100],4200,3200,5100,,2025-11-11T16:20:50Z,2016,2016-01-01,2016-12-31
1805317,TB_e_inc_rr_num,COUNTRY,MAR,EMR,Eastern Mediterranean,YEAR,2019,,,,,,,,,410 [300-520],410,300,520,,2025-11-11T16:20:50Z,2019,2019-01-01,2019-12-31
3434195,TB_e_inc_rr_num,COUNTRY,SWE,EUR,Europe,YEAR,2016,,,,,,,,,29 [21-36],29,21,36,,2025-11-11T16:20:50Z,2016,2016-01-01,2016-12-31
6816712,TB_e_inc_rr_num,COUNTRY,LTU,EUR,Europe,YEAR,2024,,,,,,,,,180 [140-220],180,140,220,,2025-11-11T16:20:50Z,2024,2024-01-01,2024-12-31
451070,TB_e_inc_rr_num,COUNTRY,LBR,AFR,Africa,YEAR,2020,,,,,,,,,520 [0-1600],520,0,1600,,2025-11-11T16:20:50Z,2020,2020-01-01,2020-12-31
584153,TB_e_inc_rr_num,COUNTRY,DZA,AFR,Africa,YEAR,2024,,,,,,,,,490 [0-1300],490,0,1300,,2025-11-11T16:20:50Z,2024,2024-01-01,2024-12-31
3890076,TB_e_inc_rr_num,COUNTRY,CHL,AMR,Americas,YEAR,2015,,,,,,,,,72 [54-89],72,54,89,,2025-11-11T16:20:50Z,2015,2015-01-01,2015-12-31
318901,TB_e_inc_rr_num,REGION,EUR,,,YEAR,2018,,,,,,,,,75 000 [57 000-93 000],75000,57000,93000,,2025-11-11T16:20:50Z,2018,2018-01-01,2018-12-31
10144677,TB_e_inc_rr_num,COUNTRY,VEN,AMR,Americas,YEAR,2017,,,,,,,,,850 [0-2200],850,0,2200,,2025-11-11T16:20:50Z,2017,2017-01-01,2017-12-31
3731736,TB_e_inc_rr_num,COUNTRY,KHM,WPR,Western Pacific,YEAR,2022,,,,,,,,,320 [210-440],320,210,440,,2025-11-11T16:20:50Z,2022,2022-01-01,2022-12-31
2938403,TB_e_inc_rr_num,REGION,EUR,,,YEAR,2022,,,,,,,,,60 000 [45 000-76 000],60000,45000,76000,,2025-11-11T16:20:50Z,2022,2022-01-01,2022-12-31
7824035,TB_e_inc_rr_num,COUNTRY,URY,AMR,Americas,YEAR,2017,,,,,,,,,9 [5-12],9,5,12,,2025-11-11T16:20:50Z,2017,2017-01-01,2017-12-31
3225207,TB_e_inc_rr_num,COUNTRY,CUB,AMR,Americas,YEAR,2023,,,,,,,,,40 [3-77],40,3,77,,2025-11-11T16:20:50Z,2023,2023-01-01,2023-12-31
8409717,TB_e_inc_rr_num,COUNTRY,IND,SEAR,South-East Asia,YEAR,2022,,,,,,,,,120 000 [100 000-150 000],120000,100000,150000,,2025-11-11T16:20:50Z,2022,2022-01-01,2022-12-31
8650419,TB_e_inc_rr_num,COUNTRY,ITA,EUR,Europe,YEAR,2018,,,,,,,,,130 [96-170],130,96,170,,2025-11-11T16:20:50Z,2018,2018-01-01,2018-12-31
678153,TB_e_inc_rr_num,COUNTRY,AUS,WPR,Western Pacific,YEAR,2017,,,,,,,,,48 [37-60],48,37,60,,2025-11-11T16:20:50Z,2017,2017-01-01,2017-12-31
3966234,TB_e_inc_rr_num,COUNTRY,MKD,EUR,Europe,YEAR,2020,,,,,,,,,3 [1-5],3,1,5,,2025-11-11T16:20:50Z,2020,2020-01-01,2020-12-31
5644081,TB_e_inc_rr_num,COUNTRY,MLI,AFR,Africa,YEAR,2019,,,,,,,,,170 [25-310],170,25,310,,2025-11-11T16:20:50Z,2019,2019-01-01,2019-12-31
2577665,TB_e_inc_rr_num,COUNTRY,ECU,AMR,Americas,YEAR,2019,,,,,,,,,510 [400-620],510,400,620,,2025-11-11T16:20:50Z,2019,2019-01-01,2019-12-31
2596724,TB_e_inc_rr_num,COUNTRY,QAT,EMR,Eastern Mediterranean,YEAR,2020,,,,,,,,,21 [14-28],21,14,28,,2025-11-11T16:20:50Z,2020,2020-01-01,2020-12-31
2779741,TB_e_inc_rr_num,COUNTRY,AUT,EUR,Europe,YEAR,2016,,,,,,,,,30 [20-40],30,20,40,,2025-11-11T16:20:50Z,2016,2016-01-01,2016-12-31
1185371,TB_e_inc_rr_num,COUNTRY,LBY,EMR,Eastern Mediterranean,YEAR,2018,,,,,,,,,49 [4-94],49,4,94,,2025-11-11T16:20:50Z,2018,2018-01-01,2018-12-31
6195221,TB_e_inc_rr_num,COUNTRY,LTU,EUR,Europe,YEAR,2021,,,,,,,,,160 [130-190],160,130,190,,2025-11-11T16:20:50Z,2021,2021-01-01,2021-12-31
4744417,TB_e_inc_rr_num,COUNTRY,MDV,SEAR,South-East Asia,YEAR,2019,,,,,,,,,2 [0-4],2,0,4,,2025-11-11T16:20:50Z,2019,2019-01-01,2019-12-31
4985521,TB_e_inc_rr_num,COUNTRY,KOR,WPR,Western Pacific,YEAR,2020,,,,,,,,,1100 [960-1200],1100,960,1200,,2025-11-11T16:20:50Z,2020,2020-01-01,2020-12-31
1792691,TB_e_inc_rr_num,COUNTRY,BEL,EUR,Europe,YEAR,2021,,,,,,,,,25 [0-49],25,0,49,,2025-11-11T16:20:50Z,2021,2021-01-01,2021-12-31
501650,TB_e_inc_rr_num,GLOBAL,GLOBAL,,,YEAR,2022,,,,,,,,,420 000 [380 000-450 000],420000,380000,450000,,2025-11-11T16:20:50Z,2022,2022-01-01,2022-12-31
2260834,TB_e_inc_rr_num,REGION,AMR,,,YEAR,2017,,,,,,,,,12 000 [8700-16 000],12000,8700,16000,,2025-11-11T16:20:50Z,2017,2017-01-01,2017-12-31
646844,TB_e_inc_rr_num,COUNTRY,LTU,EUR,Europe,YEAR,2016,,,,,,,,,340 [260-410],340,260,410,,2025-11-11T16:20:50Z,2016,2016-01-01,2016-12-31
3991717,TB_e_inc_rr_num,COUNTRY,RWA,AFR,Africa,YEAR,2020,,,,,,,,,140 [93-190],140,93,190,,2025-11-11T16:20:50Z,2020,2020-01-01,2020-12-31
938373,TB_e_inc_rr_num,COUNTRY,ETH,AFR,Africa,YEAR,2024,,,,,,,,,2500 [1100-3900],2500,1100,3900,,2025-11-11T16:20:50Z,2024,2024-01-01,2024-12-31
5929457,TB_e_inc_rr_num,COUNTRY,IRL,EUR,Europe,YEAR,2024,,,,,,,,,13 [4-22],13,4,22,,2025-11-11T16:20:50Z,2024,2024-01-01,2024-12-31
7621551,TB_e_inc_rr_num,GLOBAL,GLOBAL,,,YEAR,2021,,,,,,,,,420 000 [390 000-460 000],420000,390000,460000,,2025-11-11T16:20:50Z,2021,2021-01-01,2021-12-31
9276678,TB_e_inc_rr_num,COUNTRY,LVA,EUR,Europe,YEAR,2015,,,,,,,,,110 [84-140],110,84,140,,2025-11-11T16:20:50Z,2015,2015-01-01,2015-12-31
9587440,TB_e_inc_rr_num,COUNTRY,UKR,EUR,Europe,YEAR,2017,,,,,,,,,12 000 [9200-14 000],12000,9200,14000,,2025-11-11T16:20:50Z,2017,2017-01-01,2017-12-31
7976037,TB_e_inc_rr_num,COUNTRY,GTM,AMR,Americas,YEAR,2022,,,,,,,,,120 [86-140],120,86,140,,2025-11-11T16:20:50Z,2022,2022-01-01,2022-12-31
3187117,TB_e_inc_rr_num,COUNTRY,BFA,AFR,Africa,YEAR,2016,,,,,,,,,300 [87-500],300,87,500,,2025-11-11T16:20:50Z,2016,2016-01-01,2016-12-31
9821872,TB_e_inc_rr_num,COUNTRY,MEX,AMR,Americas,YEAR,2017,,,,,,,,,1100 [400-1700],1100,400,1700,,2025-11-11T16:20:50Z,2017,2017-01-01,2017-12-31
463467,TB_e_inc_rr_num,COUNTRY,TUR,EUR,Europe,YEAR,2018,,,,,,,,,540 [430-650],540,430,650,,2025-11-11T16:20:50Z,2018,2018-01-01,2018-12-31
2134648,TB_e_inc_rr_num,COUNTRY,JAM,AMR,Americas,YEAR,2018,,,,,,,,,1 [0-2],1,0,2,,2025-11-11T16:20:50Z,2018,2018-01-01,2018-12-31
5707453,TB_e_inc_rr_num,COUNTRY,MOZ,AFR,Africa,YEAR,2020,,,,,,,,,4000 [2200-5700],4000,2200,5700,,2025-11-11T16:20:50Z,2020,2020-01-01,2020-12-31
5777200,TB_e_inc_rr_num,COUNTRY,CPV,AFR,Africa,YEAR,2019,,,,,,,,,4 [0-11],4,0,11,,2025-11-11T16:20:50Z,2019,2019-01-01,2019-12-31
2862322,TB_e_inc_rr_num,REGION,AFR,,,YEAR,2017,,,,,,,,,110 000 [81 000-150 000],110000,81000,150000,,2025-11-11T16:20:50Z,2017,2017-01-01,2017-12-31
4516159,TB_e_inc_rr_num,COUNTRY,KGZ,EUR,Europe,YEAR,2024,,,,,,,,,2600 [2000-3300],2600,2000,3300,,2025-11-11T16:20:50Z,2024,2024-01-01,2024-12-31
4731778,TB_e_inc_rr_num,COUNTRY,IRL,EUR,Europe,YEAR,2023,,,,,,,,,9 [3-15],9,3,15,,2025-11-11T16:20:50Z,2023,2023-01-01,2023-12-31
3212570,TB_e_inc_rr_num,COUNTRY,MHL,WPR,Western Pacific,YEAR,2016,,,,,,,,,6 [2-10],6,2,10,,2025-11-11T16:20:50Z,2016,2016-01-01,2016-12-31
9765001,TB_e_inc_rr_num,COUNTRY,KAZ,EUR,Europe,YEAR,2016,,,,,,,,,4400 [3500-5300],4400,3500,5300,,2025-11-11T16:20:50Z,2016,2016-01-01,2016-12-31
6671139,TB_e_inc_rr_num,COUNTRY,ALB,EUR,Europe,YEAR,2016,,,,,,,,,13 [7-18],13,7,18,,2025-11-11T16:20:50Z,2016,2016-01-01,2016-12-31
9998923,TB_e_inc_rr_num,COUNTRY,QAT,EMR,Eastern Mediterranean,YEAR,2015,,,,,,,,,11 [8-15],11,8,15,,2025-11-11T16:20:50Z,2015,2015-01-01,2015-12-31
10195369,TB_e_inc_rr_num,COUNTRY,LUX,EUR,Europe,YEAR,2017,,,,,,,,,1 [0-1],1,0,1,,2025-11-11T16:20:50Z,2017,2017-01-01,2017-12-31
2716334,TB_e_inc_rr_num,COUNTRY,BEL,EUR,Europe,YEAR,2024,,,,,,,,,8 [1-15],8,1,15,,2025-11-11T16:20:50Z,2024,2024-01-01,2024-12-31
7786119,TB_e_inc_rr_num,COUNTRY,CAN,AMR,Americas,YEAR,2020,,,,,,,,,31 [19-43],31,19,43,,2025-11-11T16:20:50Z,2020,2020-01-01,2020-12-31
3001769,TB_e_inc_rr_num,COUNTRY,AUT,EUR,Europe,YEAR,2019,,,,,,,,,21 [13-30],21,13,30,,2025-11-11T16:20:50Z,2019,2019-01-01,2019-12-31
4662339,TB_e_inc_rr_num,COUNTRY,BEN,AFR,Africa,YEAR,2023,,,,,,,,,60 [20-100],60,20,100,,2025-11-11T16:20:50Z,2023,2023-01-01,2023-12-31
1748433,TB_e_inc_rr_num,COUNTRY,GUY,AMR,Americas,YEAR,2022,,,,,,,,,14 [8-21],14,8,21,,2025-11-11T16:20:50Z,2022,2022-01-01,2022-12-31
5277022,TB_e_inc_rr_num,COUNTRY,FRA,EUR,Europe,YEAR,2023,,,,,,,,,85 [35-130],85,35,130,,2025-11-11T16:20:50Z,2023,2023-01-01,2023-12-31
6930839,TB_e_inc_rr_num,COUNTRY,CPV,AFR,Africa,YEAR,2020,,,,,,,,,4 [0-10],4,0,10,,2025-11-11T16:20:50Z,2020,2020-01-01,2020-12-31
4061572,TB_e_inc_rr_num,COUNTRY,GUY,AMR,Americas,YEAR,2021,,,,,,,,,16 [9-23],16,9,23,,2025-11-11T16:20:50Z,2021,2021-01-01,2021-12-31
6113063,TB_e_inc_rr_num,COUNTRY,VUT,WPR,Western Pacific,YEAR,2023,,,,,,,,,4 [0-8],4,0,8,,2025-11-11T16:20:50Z,2023,2023-01-01,2023-12-31
4922119,TB_e_inc_rr_num,COUNTRY,NIC,AMR,Americas,YEAR,2017,,,,,,,,,52 [29-75],52,29,75,,2025-11-11T16:20:50Z,2017,2017-01-01,2017-12-31
8296245,TB_e_inc_rr_num,COUNTRY,GMB,AFR,Africa,YEAR,2017,,,,,,,,,38 [18-58],38,18,58,,2025-11-11T16:20:50Z,2017,2017-01-01,2017-12-31
6924496,TB_e_inc_rr_num,COUNTRY,EGY,EMR,Eastern Mediterranean,YEAR,2020,,,,,,,,,300 [220-380],300,220,380,,2025-11-11T16:20:50Z,2020,2020-01-01,2020-12-31
3706413,TB_e_inc_rr_num,COUNTRY,DJI,EMR,Eastern Mediterranean,YEAR,2018,,,,,,,,,310 [0-700],310,0,700,,2025-11-11T16:20:50Z,2018,2018-01-01,2018-12-31
2096665,TB_e_inc_rr_num,COUNTRY,ETH,AFR,Africa,YEAR,2021,,,,,,,,,2400 [930-3900],2400,930,3900,,2025-11-11T16:20:50Z,2021,2021-01-01,2021-12-31
7057636,TB_e_inc_rr_num,COUNTRY,COL,AMR,Americas,YEAR,2024,,,,,,,,,1300 [0-2900],1300,0,2900,,2025-11-11T16:20:50Z,2024,2024-01-01,2024-12-31
5593588,TB_e_inc_rr_num,REGION,AFR,,,YEAR,2016,,,,,,,,,130 000 [89 000-170 000],130000,89000,170000,,2025-11-11T16:20:50Z,2016,2016-01-01,2016-12-31
786176,TB_e_inc_rr_num,COUNTRY,TJK,EUR,Europe,YEAR,2019,,,,,,,,,1700 [1400-2000],1700,1400,2000,,2025-11-11T16:20:50Z,2019,2019-01-01,2019-12-31
8953489,TB_e_inc_rr_num,COUNTRY,FJI,WPR,Western Pacific,YEAR,2024,,,,,,,,,20 [8-31],20,8,31,,2025-11-11T16:20:50Z,2024,2024-01-01,2024-12-31
5726592,TB_e_inc_rr_num,COUNTRY,LVA,EUR,Europe,YEAR,2022,,,,,,,,,43 [31-55],43,31,55,,2025-11-11T16:20:50Z,2022,2022-01-01,2022-12-31
6226989,TB_e_inc_rr_num,COUNTRY,UGA,AFR,Africa,YEAR,2022,,,,,,,,,1200 [630-1700],1200,630,1700,,2025-11-11T16:20:50Z,2022,2022-01-01,2022-12-31
3358412,TB_e_inc_rr_num,COUNTRY,FJI,WPR,Western Pacific,YEAR,2023,,,,,,,,,13 [5-20],13,5,20,,2025-11-11T16:20:50Z,2023,2023-01-01,2023-12-31
1799193,TB_e_inc_rr_num,COUNTRY,MHL,WPR,Western Pacific,YEAR,2017,,,,,,,,,7 [2-11],7,2,11,,2025-11-11T16:20:50Z,2017,2017-01-01,2017-12-31
665833,TB_e_inc_rr_num,COUNTRY,COM,AFR,Africa,YEAR,2019,,,,,,,,,4 [0-8],4,0,8,,2025-11-11T16:20:50Z,2019,2019-01-01,2019-12-31
6360392,TB_e_inc_rr_num,COUNTRY,ZMB,AFR,Africa,YEAR,2019,,,,,,,,,1300 [720-1800],1300,720,1800,,2025-11-11T16:20:50Z,2019,2019-01-01,2019-12-31
9910369,TB_e_inc_rr_num,COUNTRY,SOM,EMR,Eastern Mediterranean,YEAR,2019,,,,,,,,,1500 [500-2600],1500,500,2600,,2025-11-11T16:20:50Z,2019,2019-01-01,2019-12-31
6741075,TB_e_inc_rr_num,COUNTRY,CAN,AMR,Americas,YEAR,2017,,,,,,,,,31 [21-41],31,21,41,,2025-11-11T16:20:50Z,2017,2017-01-01,2017-12-31
1925919,TB_e_inc_rr_num,COUNTRY,TGO,AFR,Africa,YEAR,2018,,,,,,,,,48 [12-83],48,12,83,,2025-11-11T16:20:50Z,2018,2018-01-01,2018-12-31
5587323,TB_e_inc_rr_num,COUNTRY,SAU,EMR,Eastern Mediterranean,YEAR,2018,,,,,,,,,67 [53-81],67,53,81,,2025-11-11T16:20:50Z,2018,2018-01-01,2018-12-31
8826915,TB_e_inc_rr_num,COUNTRY,ZWE,AFR,Africa,YEAR,2023,,,,,,,,,760 [490-1000],760,490,1000,,2025-11-11T16:20:50Z,2023,2023-01-01,2023-12-31
9143839,TB_e_inc_rr_num,COUNTRY,SVN,EUR,Europe,YEAR,2019,,,,,,,,,1 [0-1],1,0,1,,2025-11-11T16:20:50Z,2019,2019-01-01,2019-12-31
5986723,TB_e_inc_rr_num,COUNTRY,DZA,AFR,Africa,YEAR,2022,,,,,,,,,470 [0-1200],470,0,1200,,2025-11-11T16:20:50Z,2022,2022-01-01,2022-12-31
9283186,TB_e_inc_rr_num,COUNTRY,ZMB,AFR,Africa,YEAR,2015,,,,,,,,,1400 [690-2200],1400,690,2200,,2025-11-11T16:20:50Z,2015,2015-01-01,2015-12-31
4478162,TB_e_inc_rr_num,COUNTRY,AFG,EMR,Eastern Mediterranean,YEAR,2017,,,,,,,,,4800 [380-9300],4800,380,9300,,2025-11-11T16:20:50Z,2017,2017-01-01,2017-12-31
6201768,TB_e_inc_rr_num,COUNTRY,LKA,SEAR,South-East Asia,YEAR,2016,,,,,,,,,83 [0-170],83,0,170,,2025-11-11T16:20:50Z,2016,2016-01-01,2016-12-31
4915840,TB_e_inc_rr_num,COUNTRY,ETH,AFR,Africa,YEAR,2015,,,,,,,,,2600 [990-4300],2600,990,4300,,2025-11-11T16:20:50Z,2015,2015-01-01,2015-12-31
6582692,TB_e_inc_rr_num,COUNTRY,MDA,EUR,Europe,YEAR,2015,,,,,,,,,1200 [970-1500],1200,970,1500,,2025-11-11T16:20:50Z,2015,2015-01-01,2015-12-31
2046344,TB_e_inc_rr_num,COUNTRY,VUT,WPR,Western Pacific,YEAR,2024,,,,,,,,,4 [0-9],4,0,9,,2025-11-11T16:20:50Z,2024,2024-01-01,2024-12-31
8826945,TB_e_inc_rr_num,COUNTRY,IRN,EMR,Eastern Mediterranean,YEAR,2017,,,,,,,,,240 [110-370],240,110,370,,2025-11-11T16:20:50Z,2017,2017-01-01,2017-12-31
9207180,TB_e_inc_rr_num,COUNTRY,AFG,EMR,Eastern Mediterranean,YEAR,2015,,,,,,,,,6400 [0-13 000],6400,0,13000,,2025-11-11T16:20:50Z,2015,2015-01-01,2015-12-31
1564794,TB_e_inc_rr_num,COUNTRY,BIH,EUR,Europe,YEAR,2023,,,,,,,,,2 [1-3],2,1,3,,2025-11-11T16:20:50Z,2023,2023-01-01,2023-12-31
6842328,TB_e_inc_rr_num,COUNTRY,COG,AFR,Africa,YEAR,2021,,,,,,,,,670 [170-1200],670,170,1200,,2025-11-11T16:20:50Z,2021,2021-01-01,2021-12-31
7444612,TB_e_inc_rr_num,COUNTRY,ARE,EMR,Eastern Mediterranean,YEAR,2019,,,,,,,,,2 [0-5],2,0,5,,2025-11-11T16:20:50Z,2019,2019-01-01,2019-12-31
2584234,TB_e_inc_rr_num,COUNTRY,BLZ,AMR,Americas,YEAR,2023,,,,,,,,,2 [0-5],2,0,5,,2025-11-11T16:20:50Z,2023,2023-01-01,2023-12-31
989374,TB_e_inc_rr_num,COUNTRY,UZB,EUR,Europe,YEAR,2021,,,,,,,,,4300 [3400-5200],4300,3400,5200,,2025-11-11T16:20:50Z,2021,2021-01-01,2021-12-31
2716488,TB_e_inc_rr_num,COUNTRY,AGO,AFR,Africa,YEAR,2015,,,,,,,,,69 000 [17 000-120 000],69000,17000,120000,,2025-11-11T16:20:50Z,2015,2015-01-01,2015-12-31
2843480,TB_e_inc_rr_num,COUNTRY,SSD,AFR,Africa,YEAR,2024,,,,,,,,,780 [0-2100],780,0,2100,,2025-11-11T16:20:50Z,2024,2024-01-01,2024-12-31
1362658,TB_e_inc_rr_num,COUNTRY,GIN,AFR,Africa,YEAR,2023,,,,,,,,,1100 [370-1900],1100,370,1900,,2025-11-11T16:20:50Z,2023,2023-01-01,2023-12-31
7982604,TB_e_inc_rr_num,COUNTRY,BOL,AMR,Americas,YEAR,2019,,,,,,,,,240 [170-320],240,170,320,,2025-11-11T16:20:50Z,2019,2019-01-01,2019-12-31
1773867,TB_e_inc_rr_num,COUNTRY,BHS,AMR,Americas,YEAR,2021,,,,,,,,,3 [1-5],3,1,5,,2025-11-11T16:20:50Z,2021,2021-01-01,2021-12-31
2040181,TB_e_inc_rr_num,COUNTRY,PSE,EMR,Eastern Mediterranean,YEAR,2019,,,,,,,,,1 [0-2],1,0,2,,2025-11-11T16:20:50Z,2019,2019-01-01,2019-12-31
1249027,TB_e_inc_rr_num,COUNTRY,UKR,EUR,Europe,YEAR,2022,,,,,,,,,10 000 [8100-13 000],10000,8100,13000,,2025-11-11T16:20:50Z,2022,2022-01-01,2022-12-31
4789105,TB_e_inc_rr_num,COUNTRY,STP,AFR,Africa,YEAR,2021,,,,,,,,,5 [1-9],5,1,9,,2025-11-11T16:20:50Z,2021,2021-01-01,2021-12-31
3219104,TB_e_inc_rr_num,COUNTRY,GNB,AFR,Africa,YEAR,2015,,,,,,,,,100 [0-210],100,0,210,,2025-11-11T16:20:50Z,2015,2015-01-01,2015-12-31
3409077,TB_e_inc_rr_num,COUNTRY,PER,AMR,Americas,YEAR,2015,,,,,,,,,3000 [2300-3600],3000,2300,3600,,2025-11-11T16:20:50Z,2015,2015-01-01,2015-12-31
10005273,TB_e_inc_rr_num,COUNTRY,TUN,EMR,Eastern Mediterranean,YEAR,2016,,,,,,,,,57 [36-78],57,36,78,,2025-11-11T16:20:50Z,2016,2016-01-01,2016-12-31
8467089,TB_e_inc_rr_num,COUNTRY,ITA,EUR,Europe,YEAR,2022,,,,,,,,,76 [52-100],76,52,100,,2025-11-11T16:20:50Z,2022,2022-01-01,2022-12-31
546329,TB_e_inc_rr_num,COUNTRY,BEL,EUR,Europe,YEAR,2018,,,,,,,,,28 [0-58],28,0,58,,2025-11-11T16:20:50Z,2018,2018-01-01,2018-12-31
7127661,TB_e_inc_rr_num,COUNTRY,NPL,SEAR,South-East Asia,YEAR,2019,,,,,,,,,2700 [1200-4100],2700,1200,4100,,2025-11-11T16:20:50Z,2019,2019-01-01,2019-12-31
2273781,TB_e_inc_rr_num,COUNTRY,SLV,AMR,Americas,YEAR,2015,,,,,,,,,54 [32-76],54,32,76,,2025-11-11T16:20:50Z,2015,2015-01-01,2015-12-31
7241853,TB_e_inc_rr_num,COUNTRY,AUS,WPR,Western Pacific,YEAR,2015,,,,,,,,,43 [33-54],43,33,54,,2025-11-11T16:20:50Z,2015,2015-01-01,2015-12-31
8902777,TB_e_inc_rr_num,COUNTRY,SOM,EMR,Eastern Mediterranean,YEAR,2017,,,,,,,,,1600 [480-2700],1600,480,2700,,2025-11-11T16:20:50Z,2017,2017-01-01,2017-12-31
9156583,TB_e_inc_rr_num,COUNTRY,TUN,EMR,Eastern Mediterranean,YEAR,2020,,,,,,,,,62 [40-84],62,40,84,,2025-11-11T16:20:50Z,2020,2020-01-01,2020-12-31
7722955,TB_e_inc_rr_num,COUNTRY,SLB,WPR,Western Pacific,YEAR,2024,,,,,,,,,19 [0-50],19,0,50,,2025-11-11T16:20:50Z,2024,2024-01-01,2024-12-31
3187362,TB_e_inc_rr_num,COUNTRY,MOZ,AFR,Africa,YEAR,2016,,,,,,,,,3800 [2100-5500],3800,2100,5500,,2025-11-11T16:20:50Z,2016,2016-01-01,2016-12-31
10214622,TB_e_inc_rr_num,COUNTRY,TLS,SEAR,South-East Asia,YEAR,2021,,,,,,,,,45 [2-88],45,2,88,,2025-11-11T16:20:50Z,2021,2021-01-01,2021-12-31
5359191,TB_e_inc_rr_num,COUNTRY,GAB,AFR,Africa,YEAR,2015,,,,,,,,,850 [0-1900],850,0,1900,,2025-11-11T16:20:50Z,2015,2015-01-01,2015-12-31
7038720,TB_e_inc_rr_num,COUNTRY,POL,EUR,Europe,YEAR,2024,,,,,,,,,94 [72-120],94,72,120,,2025-11-11T16:20:50Z,2024,2024-01-01,2024-12-31
2305527,TB_e_inc_rr_num,COUNTRY,UGA,AFR,Africa,YEAR,2021,,,,,,,,,1100 [610-1600],1100,610,1600,,2025-11-11T16:20:50Z,2021,2021-01-01,2021-12-31
4175951,TB_e_inc_rr_num,COUNTRY,LBR,AFR,Africa,YEAR,2022,,,,,,,,,460 [0-1400],460,0,1400,,2025-11-11T16:20:50Z,2022,2022-01-01,2022-12-31
9074128,TB_e_inc_rr_num,COUNTRY,QAT,EMR,Eastern Mediterranean,YEAR,2019,,,,,,,,,21 [14-27],21,14,27,,2025-11-11T16:20:50Z,2019,2019-01-01,2019-12-31
6088249,TB_e_inc_rr_num,COUNTRY,KGZ,EUR,Europe,YEAR,2015,,,,,,,,,4100 [3200-5000],4100,3200,5000,,2025-11-11T16:20:50Z,2015,2015-01-01,2015-12-31
9365794,TB_e_inc_rr_num,COUNTRY,BDI,AFR,Africa,YEAR,2020,,,,,,,,,300 [57-540],300,57,540,,2025-11-11T16:20:50Z,2020,2020-01-01,2020-12-31
40702,TB_e_inc_rr_num,COUNTRY,RUS,EUR,Europe,YEAR,2020,,,,,,,,,37 000 [22 000-53 000],37000,22000,53000,,2025-11-11T16:20:50Z,2020,2020-01-01,2020-12-31
5245535,TB_e_inc_rr_num,COUNTRY,COM,AFR,Africa,YEAR,2024,,,,,,,,,2 [0-5],2,0,5,,2025-11-11T16:20:50Z,2024,2024-01-01,2024-12-31
514599,TB_e_inc_rr_num,COUNTRY,BEN,AFR,Africa,YEAR,2022,,,,,,,,,64 [21-110],64,21,110,,2025-11-11T16:20:50Z,2022,2022-01-01,2022-12-31
799128,TB_e_inc_rr_num,COUNTRY,BTN,SEAR,South-East Asia,YEAR,2020,,,,,,,,,200 [160-240],200,160,240,,2025-11-11T16:20:50Z,2020,2020-01-01,2020-12-31
8921887,TB_e_inc_rr_num,COUNTRY,BWA,AFR,Africa,YEAR,2024,,,,,,,,,140 [39-230],140,39,230,,2025-11-11T16:20:50Z,2024,2024-01-01,2024-12-31
9321396,TB_e_inc_rr_num,COUNTRY,UKR,EUR,Europe,YEAR,2018,,,,,,,,,11 000 [8400-13 000],11000,8400,13000,,2025-11-11T16:20:50Z,2018,2018-01-01,2018-12-31
2862606,TB_e_inc_rr_num,COUNTRY,THA,SEAR,South-East Asia,YEAR,2019,,,,,,,,,2700 [2000-3400],2700,2000,3400,,2025-11-11T16:20:50Z,2019,2019-01-01,2019-12-31
9796941,TB_e_inc_rr_num,COUNTRY,HUN,EUR,Europe,YEAR,2023,,,,,,,,,35 [23-47],35,23,47,,2025-11-11T16:20:50Z,2023,2023-01-01,2023-12-31
104023,TB_e_inc_rr_num,COUNTRY,BHS,AMR,Americas,YEAR,2016,,,,,,,,,9 [4-14],9,4,14,,2025-11-11T16:20:50Z,2016,2016-01-01,2016-12-31
945098,TB_e_inc_rr_num,COUNTRY,BLR,EUR,Europe,YEAR,2020,,,,,,,,,1100 [890-1400],1100,890,1400,,2025-11-11T16:20:50Z,2020,2020-01-01,2020-12-31
4712978,TB_e_inc_rr_num,COUNTRY,SLB,WPR,Western Pacific,YEAR,2022,,,,,,,,,14 [0-36],14,0,36,,2025-11-11T16:20:50Z,2022,2022-01-01,2022-12-31
8062281,TB_e_inc_rr_num,COUNTRY,TGO,AFR,Africa,YEAR,2019,,,,,,,,,41 [12-71],41,12,71,,2025-11-11T16:20:50Z,2019,2019-01-01,2019-12-31
9758957,TB_e_inc_rr_num,COUNTRY,NZL,WPR,Western Pacific,YEAR,2020,,,,,,,,,9 [2-15],9,2,15,,2025-11-11T16:20:50Z,2020,2020-01-01,2020-12-31
4922373,TB_e_inc_rr_num,COUNTRY,GNQ,AFR,Africa,YEAR,2019,,,,,,,,,130 [4-250],130,4,250,,2025-11-11T16:20:50Z,2019,2019-01-01,2019-12-31
5207531,TB_e_inc_rr_num,COUNTRY,NLD,EUR,Europe,YEAR,2018,,,,,,,,,22 [16-29],22,16,29,,2025-11-11T16:20:50Z,2018,2018-01-01,2018-12-31
3617992,TB_e_inc_rr_num,COUNTRY,ZMB,AFR,Africa,YEAR,2017,,,,,,,,,1300 [710-2000],1300,710,2000,,2025-11-11T16:20:50Z,2017,2017-01-01,2017-12-31
8581459,TB_e_inc_rr_num,COUNTRY,MLI,AFR,Africa,YEAR,2024,,,,,,,,,170 [1-330],170,1,330,,2025-11-11T16:20:50Z,2024,2024-01-01,2024-12-31
647200,TB_e_inc_rr_num,COUNTRY,BGR,EUR,Europe,YEAR,2020,,,,,,,,,40 [22-59],40,22,59,,2025-11-11T16:20:50Z,2020,2020-01-01,2020-12-31
1002207,TB_e_inc_rr_num,COUNTRY,MDV,SEAR,South-East Asia,YEAR,2022,,,,,,,,,1 [0-3],1,0,3,,2025-11-11T16:20:50Z,2022,2022-01-01,2022-12-31
7799092,TB_e_inc_rr_num,COUNTRY,MDG,AFR,Africa,YEAR,2021,,,,,,,,,390 [22-760],390,22,760,,2025-11-11T16:20:50Z,2021,2021-01-01,2021-12-31
6424098,TB_e_inc_rr_num,COUNTRY,IND,SEAR,South-East Asia,YEAR,2017,,,,,,,,,110 000 [92 000-140 000],110000,92000,140000,,2025-11-11T16:20:50Z,2017,2017-01-01,2017-12-31
8467226,TB_e_inc_rr_num,COUNTRY,IRL,EUR,Europe,YEAR,2022,,,,,,,,,8 [3-13],8,3,13,,2025-11-11T16:20:50Z,2022,2022-01-01,2022-12-31
597079,TB_e_inc_rr_num,COUNTRY,PNG,WPR,Western Pacific,YEAR,2024,,,,,,,,,3900 [1000-6800],3900,1000,6800,,2025-11-11T16:20:50Z,2024,2024-01-01,2024-12-31
59831,TB_e_inc_rr_num,COUNTRY,SUR,AMR,Americas,YEAR,2023,,,,,,,,,22 [14-29],22,14,29,,2025-11-11T16:20:50Z,2023,2023-01-01,2023-12-31
8170171,TB_e_inc_rr_num,COUNTRY,IND,SEAR,South-East Asia,YEAR,2016,,,,,,,,,120 000 [88 000-140 000],120000,88000,140000,,2025-11-11T16:20:50Z,2016,2016-01-01,2016-12-31
9878993,TB_e_inc_rr_num,COUNTRY,GNB,AFR,Africa,YEAR,2021,,,,,,,,,86 [23-150],86,23,150,,2025-11-11T16:20:50Z,2021,2021-01-01,2021-12-31
9131388,TB_e_inc_rr_num,COUNTRY,KWT,EMR,Eastern Mediterranean,YEAR,2023,,,,,,,,,12 [7-17],12,7,17,,2025-11-11T16:20:50Z,2023,2023-01-01,2023-12-31
4681293,TB_e_inc_rr_num,COUNTRY,ARE,EMR,Eastern Mediterranean,YEAR,2024,,,,,,,,,1 [0-3],1,0,3,,2025-11-11T16:20:50Z,2024,2024-01-01,2024-12-31
1464024,TB_e_inc_rr_num,GLOBAL,GLOBAL,,,YEAR,2020,,,,,,,,,430 000 [400 000-470 000],430000,400000,470000,,2025-11-11T16:20:50Z,2020,2020-01-01,2020-12-31
8024186,TB_e_inc_rr_num,COUNTRY,CHL,AMR,Americas,YEAR,2017,,,,,,,,,76 [58-94],76,58,94,,2025-11-11T16:20:50Z,2017,2017-01-01,2017-12-31
8062366,TB_e_inc_rr_num,COUNTRY,MNE,EUR,Europe,YEAR,2022,,,,,,,,,1 [0-1],1,0,1,,2025-11-11T16:20:50Z,2022,2022-01-01,2022-12-31
8119352,TB_e_inc_rr_num,COUNTRY,SVN,EUR,Europe,YEAR,2017,,,,,,,,,1 [0-2],1,0,2,,2025-11-11T16:20:50Z,2017,2017-01-01,2017-12-31
9765370,TB_e_inc_rr_num,COUNTRY,OMN,EMR,Eastern Mediterranean,YEAR,2016,,,,,,,,,7 [5-10],7,5,10,,2025-11-11T16:20:50Z,2016,2016-01-01,2016-12-31
1761317,TB_e_inc_rr_num,COUNTRY,PAN,AMR,Americas,YEAR,2023,,,,,,,,,140 [62-220],140,62,220,,2025-11-11T16:20:50Z,2023,2023-01-01,2023-12-31
8315355,TB_e_inc_rr_num,COUNTRY,SYR,EMR,Eastern Mediterranean,YEAR,2020,,,,,,,,,82 [58-110],82,58,110,,2025-11-11T16:20:50Z,2020,2020-01-01,2020-12-31
8594009,TB_e_inc_rr_num,COUNTRY,RUS,EUR,Europe,YEAR,2021,,,,,,,,,36 000 [21 000-52 000],36000,21000,52000,,2025-11-11T16:20:50Z,2021,2021-01-01,2021-12-31
3738543,TB_e_inc_rr_num,COUNTRY,MEX,AMR,Americas,YEAR,2021,,,,,,,,,1200 [100-2300],1200,100,2300,,2025-11-11T16:20:50Z,2021,2021-01-01,2021-12-31
3915943,TB_e_inc_rr_num,COUNTRY,KAZ,EUR,Europe,YEAR,2023,,,,,,,,,3900 [3000-4700],3900,3000,4700,,2025-11-11T16:20:50Z,2023,2023-01-01,2023-12-31
748352,TB_e_inc_rr_num,COUNTRY,GTM,AMR,Americas,YEAR,2023,,,,,,,,,130 [95-160],130,95,160,,2025-11-11T16:20:50Z,2023,2023-01-01,2023-12-31
964241,TB_e_inc_rr_num,COUNTRY,PAN,AMR,Americas,YEAR,2017,,,,,,,,,120 [68-180],120,68,180,,2025-11-11T16:20:50Z,2017,2017-01-01,2017-12-31
4296528,TB_e_inc_rr_num,COUNTRY,PAN,AMR,Americas,YEAR,2020,,,,,,,,,74 [44-100],74,44,100,,2025-11-11T16:20:50Z,2020,2020-01-01,2020-12-31
4478435,TB_e_inc_rr_num,COUNTRY,CZE,EUR,Europe,YEAR,2021,,,,,,,,,19 [14-24],19,14,24,,2025-11-11T16:20:50Z,2021,2021-01-01,2021-12-31
8258452,TB_e_inc_rr_num,COUNTRY,KEN,AFR,Africa,YEAR,2020,,,,,,,,,1400 [680-2100],1400,680,2100,,2025-11-11T16:20:50Z,2020,2020-01-01,2020-12-31
8315387,TB_e_inc_rr_num,COUNTRY,CAF,AFR,Africa,YEAR,2020,,,,,,,,,370 [96-650],370,96,650,,2025-11-11T16:20:50Z,2020,2020-01-01,2020-12-31
10126127,TB_e_inc_rr_num,COUNTRY,FRA,EUR,Europe,YEAR,2016,,,,,,,,,88 [54-120],88,54,120,,2025-11-11T16:20:50Z,2016,2016-01-01,2016-12-31
8644541,TB_e_inc_rr_num,COUNTRY,UGA,AFR,Africa,YEAR,2017,,,,,,,,,990 [510-1500],990,510,1500,,2025-11-11T16:20:50Z,2017,2017-01-01,2017-12-31
805629,TB_e_inc_rr_num,COUNTRY,SDN,EMR,Eastern Mediterranean,YEAR,2023,,,,,,,,,690 [89-1300],690,89,1300,,2025-11-11T16:20:50Z,2023,2023-01-01,2023-12-31
5803021,TB_e_inc_rr_num,COUNTRY,PER,AMR,Americas,YEAR,2019,,,,,,,,,3400 [2600-4100],3400,2600,4100,,2025-11-11T16:20:50Z,2019,2019-01-01,2019-12-31
9600601,TB_e_inc_rr_num,COUNTRY,PNG,WPR,Western Pacific,YEAR,2018,,,,,,,,,2600 [650-4600],2600,650,4600,,2025-11-11T16:20:50Z,2018,2018-01-01,2018-12-31
1603121,TB_e_inc_rr_num,COUNTRY,PHL,WPR,Western Pacific,YEAR,2020,,,,,,,,,26 000 [12 000-40 000],26000,12000,40000,,2025-11-11T16:20:50Z,2020,2020-01-01,2020-12-31
104185,TB_e_inc_rr_num,COUNTRY,LAO,WPR,Western Pacific,YEAR,2018,,,,,,,,,120 [61-190],120,61,190,,2025-11-11T16:20:50Z,2018,2018-01-01,2018-12-31
5023877,TB_e_inc_rr_num,COUNTRY,SLV,AMR,Americas,YEAR,2016,,,,,,,,,67 [42-93],67,42,93,,2025-11-11T16:20:50Z,2016,2016-01-01,2016-12-31
3409304,TB_e_inc_rr_num,COUNTRY,TTO,AMR,Americas,YEAR,2016,,,,,,,,,4 [0-9],4,0,9,,2025-11-11T16:20:50Z,2016,2016-01-01,2016-12-31
9891759,TB_e_inc_rr_num,COUNTRY,DJI,EMR,Eastern Mediterranean,YEAR,2024,,,,,,,,,200 [20-380],200,20,380,,2025-11-11T16:20:50Z,2024,2024-01-01,2024-12-31
5416521,TB_e_inc_rr_num,COUNTRY,HKG,,,YEAR,2020,,,,,,,,,61 [46-76],61,46,76,,2025-11-11T16:20:50Z,2020,2020-01-01,2020-12-31
3992202,TB_e_inc_rr_num,COUNTRY,KIR,WPR,Western Pacific,YEAR,2021,,,,,,,,,10 [4-16],10,4,16,,2025-11-11T16:20:50Z,2021,2021-01-01,2021-12-31
5726972,TB_e_inc_rr_num,COUNTRY,MUS,AFR,Africa,YEAR,2023,,,,,,,,,2 [1-3],2,1,3,,2025-11-11T16:20:50Z,2023,2023-01-01,2023-12-31
4315587,TB_e_inc_rr_num,COUNTRY,PNG,WPR,Western Pacific,YEAR,2022,,,,,,,,,3300 [940-5700],3300,940,5700,,2025-11-11T16:20:50Z,2022,2022-01-01,2022-12-31
2881850,TB_e_inc_rr_num,COUNTRY,JOR,EMR,Eastern Mediterranean,YEAR,2020,,,,,,,,,19 [8-30],19,8,30,,2025-11-11T16:20:50Z,2020,2020-01-01,2020-12-31
7805533,TB_e_inc_rr_num,COUNTRY,HKG,,,YEAR,2016,,,,,,,,,77 [59-95],77,59,95,,2025-11-11T16:20:50Z,2016,2016-01-01,2016-12-31
7919443,TB_e_inc_rr_num,COUNTRY,CHN,WPR,Western Pacific,YEAR,2016,,,,,,,,,53 000 [42 000-65 000],53000,42000,65000,,2025-11-11T16:20:50Z,2016,2016-01-01,2016-12-31
1489039,TB_e_inc_rr_num,COUNTRY,JPN,WPR,Western Pacific,YEAR,2015,,,,,,,,,480 [22-940],480,22,940,,2025-11-11T16:20:50Z,2015,2015-01-01,2015-12-31
9638529,TB_e_inc_rr_num,COUNTRY,DEU,EUR,Europe,YEAR,2021,,,,,,,,,130 [93-170],130,93,170,,2025-11-11T16:20:50Z,2021,2021-01-01,2021-12-31
9752768,TB_e_inc_rr_num,COUNTRY,ROU,EUR,Europe,YEAR,2018,,,,,,,,,730 [570-900],730,570,900,,2025-11-11T16:20:50Z,2018,2018-01-01,2018-12-31
230781,TB_e_inc_rr_num,COUNTRY,GBR,EUR,Europe,YEAR,2024,,,,,,,,,140 [110-160],140,110,160,,2025-11-11T16:20:50Z,2024,2024-01-01,2024-12-31
6887053,TB_e_inc_rr_num,COUNTRY,KWT,EMR,Eastern Mediterranean,YEAR,2021,,,,,,,,,21 [13-28],21,13,28,,2025-11-11T16:20:50Z,2021,2021-01-01,2021-12-31
5346692,TB_e_inc_rr_num,COUNTRY,BLR,EUR,Europe,YEAR,2021,,,,,,,,,1000 [810-1200],1000,810,1200,,2025-11-11T16:20:50Z,2021,2021-01-01,2021-12-31
4081038,TB_e_inc_rr_num,COUNTRY,BFA,AFR,Africa,YEAR,2024,,,,,,,,,250 [81-410],250,81,410,,2025-11-11T16:20:50Z,2024,2024-01-01,2024-12-31
907312,TB_e_inc_rr_num,COUNTRY,SEN,AFR,Africa,YEAR,2015,,,,,,,,,440 [99-780],440,99,780,,2025-11-11T16:20:50Z,2015,2015-01-01,2015-12-31
1021191,TB_e_inc_rr_num,COUNTRY,SWE,EUR,Europe,YEAR,2022,,,,,,,,,19 [13-24],19,13,24,,2025-11-11T16:20:50Z,2022,2022-01-01,2022-12-31
9264482,TB_e_inc_rr_num,COUNTRY,BWA,AFR,Africa,YEAR,2021,,,,,,,,,210 [65-360],210,65,360,,2025-11-11T16:20:50Z,2021,2021-01-01,2021-12-31
4428194,TB_e_inc_rr_num,COUNTRY,NER,AFR,Africa,YEAR,2016,,,,,,,,,810 [0-1700],810,0,1700,,2025-11-11T16:20:50Z,2016,2016-01-01,2016-12-31
6202100,TB_e_inc_rr_num,COUNTRY,GUY,AMR,Americas,YEAR,2017,,,,,,,,,24 [13-34],24,13,34,,2025-11-11T16:20:50Z,2017,2017-01-01,2017-12-31
3014919,TB_e_inc_rr_num,COUNTRY,URY,AMR,Americas,YEAR,2021,,,,,,,,,9 [6-13],9,6,13,,2025-11-11T16:20:50Z,2021,2021-01-01,2021-12-31
6328967,TB_e_inc_rr_num,COUNTRY,LAO,WPR,Western Pacific,YEAR,2015,,,,,,,,,200 [72-330],200,72,330,,2025-11-11T16:20:50Z,2015,2015-01-01,2015-12-31
7970200,TB_e_inc_rr_num,COUNTRY,PHL,WPR,Western Pacific,YEAR,2024,,,,,,,,,28 000 [12 000-44 000],28000,12000,44000,,2025-11-11T16:20:50Z,2024,2024-01-01,2024-12-31
7267368,TB_e_inc_rr_num,COUNTRY,MRT,AFR,Africa,YEAR,2020,,,,,,,,,87 [0-250],87,0,250,,2025-11-11T16:20:50Z,2020,2020-01-01,2020-12-31
6157855,TB_e_inc_rr_num,COUNTRY,SWE,EUR,Europe,YEAR,2017,,,,,,,,,21 [15-26],21,15,26,,2025-11-11T16:20:50Z,2017,2017-01-01,2017-12-31
3890697,TB_e_inc_rr_num,COUNTRY,SEN,AFR,Africa,YEAR,2019,,,,,,,,,410 [110-710],410,110,710,,2025-11-11T16:20:50Z,2019,2019-01-01,2019-12-31
7875194,TB_e_inc_rr_num,COUNTRY,MDG,AFR,Africa,YEAR,2018,,,,,,,,,370 [22-710],370,22,710,,2025-11-11T16:20:50Z,2018,2018-01-01,2018-12-31
6354464,TB_e_inc_rr_num,COUNTRY,TLS,SEAR,South-East Asia,YEAR,2024,,,,,,,,,60 [0-130],60,0,130,,2025-11-11T16:20:50Z,2024,2024-01-01,2024-12-31
1945409,TB_e_inc_rr_num,COUNTRY,HTI,AMR,Americas,YEAR,2022,,,,,,,,,1100 [0-2700],1100,0,2700,,2025-11-11T16:20:50Z,2022,2022-01-01,2022-12-31
10068969,TB_e_inc_rr_num,COUNTRY,FJI,WPR,Western Pacific,YEAR,2016,,,,,,,,,9 [2-15],9,2,15,,2025-11-11T16:20:50Z,2016,2016-01-01,2016-12-31
10164130,TB_e_inc_rr_num,COUNTRY,IDN,WPR,Western Pacific,YEAR,2023,,,,,,,,,29 000 [25 000-34 000],29000,25000,34000,,2025-11-11T16:20:50Z,2023,2023-01-01,2023-12-31
3694206,TB_e_inc_rr_num,COUNTRY,MKD,EUR,Europe,YEAR,2019,,,,,,,,,4 [2-7],4,2,7,,2025-11-11T16:20:50Z,2019,2019-01-01,2019-12-31
3700539,TB_e_inc_rr_num,COUNTRY,SWZ,AFR,Africa,YEAR,2016,,,,,,,,,530 [190-860],530,190,860,,2025-11-11T16:20:50Z,2016,2016-01-01,2016-12-31
2451414,TB_e_inc_rr_num,COUNTRY,PER,AMR,Americas,YEAR,2016,,,,,,,,,3000 [2300-3700],3000,2300,3700,,2025-11-11T16:20:50Z,2016,2016-01-01,2016-12-31
7514590,TB_e_inc_rr_num,COUNTRY,MRT,AFR,Africa,YEAR,2023,,,,,,,,,71 [0-200],71,0,200,,2025-11-11T16:20:50Z,2023,2023-01-01,2023-12-31
2697803,TB_e_inc_rr_num,GLOBAL,GLOBAL,,,YEAR,2023,,,,,,,,,410 000 [370 000-450 000],410000,370000,450000,,2025-11-11T16:20:50Z,2023,2023-01-01,2023-12-31
7862541,TB_e_inc_rr_num,COUNTRY,HTI,AMR,Americas,YEAR,2015,,,,,,,,,2100 [0-5700],2100,0,5700,,2025-11-11T16:20:50Z,2015,2015-01-01,2015-12-31
1590556,TB_e_inc_rr_num,COUNTRY,PAN,AMR,Americas,YEAR,2016,,,,,,,,,120 [61-190],120,61,190,,2025-11-11T16:20:50Z,2016,2016-01-01,2016-12-31
4890906,TB_e_inc_rr_num,COUNTRY,USA,AMR,Americas,YEAR,2017,,,,,,,,,220 [170-270],220,170,270,,2025-11-11T16:20:50Z,2017,2017-01-01,2017-12-31
3536173,TB_e_inc_rr_num,COUNTRY,OMN,EMR,Eastern Mediterranean,YEAR,2019,,,,,,,,,8 [5-10],8,5,10,,2025-11-11T16:20:50Z,2019,2019-01-01,2019-12-31
3592810,TB_e_inc_rr_num,COUNTRY,ITA,EUR,Europe,YEAR,2024,,,,,,,,,82 [54-110],82,54,110,,2025-11-11T16:20:50Z,2024,2024-01-01,2024-12-31
2533876,TB_e_inc_rr_num,COUNTRY,DZA,AFR,Africa,YEAR,2020,,,,,,,,,410 [0-970],410,0,970,,2025-11-11T16:20:50Z,2020,2020-01-01,2020-12-31
10069021,TB_e_inc_rr_num,COUNTRY,CPV,AFR,Africa,YEAR,2023,,,,,,,,,4 [0-9],4,0,9,,2025-11-11T16:20:50Z,2023,2023-01-01,2023-12-31
476775,TB_e_inc_rr_num,COUNTRY,BIH,EUR,Europe,YEAR,2016,,,,,,,,,5 [3-8],5,3,8,,2025-11-11T16:20:50Z,2016,2016-01-01,2016-12-31
2179128,TB_e_inc_rr_num,COUNTRY,BHS,AMR,Americas,YEAR,2022,,,,,,,,,3 [1-5],3,1,5,,2025-11-11T16:20:50Z,2022,2022-01-01,2022-12-31
2350502,TB_e_inc_rr_num,COUNTRY,CIV,AFR,Africa,YEAR,2017,,,,,,,,,1400 [400-2400],1400,400,2400,,2025-11-11T16:20:50Z,2017,2017-01-01,2017-12-31
4157244,TB_e_inc_rr_num,COUNTRY,BGR,EUR,Europe,YEAR,2022,,,,,,,,,32 [15-50],32,15,50,,2025-11-11T16:20:50Z,2022,2022-01-01,2022-12-31
2640816,TB_e_inc_rr_num,COUNTRY,MUS,AFR,Africa,YEAR,2024,,,,,,,,,2 [0-3],2,0,3,,2025-11-11T16:20:50Z,2024,2024-01-01,2024-12-31
4283947,TB_e_inc_rr_num,COUNTRY,LTU,EUR,Europe,YEAR,2022,,,,,,,,,190 [150-230],190,150,230,,2025-11-11T16:20:50Z,2022,2022-01-01,2022-12-31
1129082,TB_e_inc_rr_num,COUNTRY,AUS,WPR,Western Pacific,YEAR,2023,,,,,,,,,46 [33-60],46,33,60,,2025-11-11T16:20:50Z,2023,2023-01-01,2023-12-31
6189716,TB_e_inc_rr_num,COUNTRY,HND,AMR,Americas,YEAR,2017,,,,,,,,,90 [0-180],90,0,180,,2025-11-11T16:20:50Z,2017,2017-01-01,2017-12-31
2964293,TB_e_inc_rr_num,REGION,EMR,,,YEAR,2023,,,,,,,,,20 000 [15 000-25 000],20000,15000,25000,,2025-11-11T16:20:50Z,2023,2023-01-01,2023-12-31
6252875,TB_e_inc_rr_num,COUNTRY,SLV,AMR,Americas,YEAR,2017,,,,,,,,,82 [53-110],82,53,110,,2025-11-11T16:20:50Z,2017,2017-01-01,2017-12-31
9714879,TB_e_inc_rr_num,COUNTRY,YEM,EMR,Eastern Mediterranean,YEAR,2017,,,,,,,,,310 [87-520],310,87,520,,2025-11-11T16:20:50Z,2017,2017-01-01,2017-12-31
3251187,TB_e_inc_rr_num,COUNTRY,HRV,EUR,Europe,YEAR,2017,,,,,,,,,3 [1-5],3,1,5,,2025-11-11T16:20:50Z,2017,2017-01-01,2017-12-31
4903581,TB_e_inc_rr_num,COUNTRY,BIH,EUR,Europe,YEAR,2017,,,,,,,,,4 [2-6],4,2,6,,2025-11-11T16:20:50Z,2017,2017-01-01,2017-12-31
388770,TB_e_inc_rr_num,REGION,AMR,,,YEAR,2015,,,,,,,,,12 000 [8300-17 000],12000,8300,17000,,2025-11-11T16:20:50Z,2015,2015-01-01,2015-12-31
7508315,TB_e_inc_rr_num,COUNTRY,GBR,EUR,Europe,YEAR,2016,,,,,,,,,110 [92-130],110,92,130,,2025-11-11T16:20:50Z,2016,2016-01-01,2016-12-31
9188585,TB_e_inc_rr_num,COUNTRY,VEN,AMR,Americas,YEAR,2022,,,,,,,,,680 [0-1600],680,0,1600,,2025-11-11T16:20:50Z,2022,2022-01-01,2022-12-31
7818365,TB_e_inc_rr_num,COUNTRY,COM,AFR,Africa,YEAR,2023,,,,,,,,,2 [0-5],2,0,5,,2025-11-11T16:20:50Z,2023,2023-01-01,2023-12-31
9664090,TB_e_inc_rr_num,COUNTRY,BWA,AFR,Africa,YEAR,2018,,,,,,,,,280 [86-470],280,86,470,,2025-11-11T16:20:50Z,2018,2018-01-01,2018-12-31
8094160,TB_e_inc_rr_num,COUNTRY,SDN,EMR,Eastern Mediterranean,YEAR,2015,,,,,,,,,1300 [330-2300],1300,330,2300,,2025-11-11T16:20:50Z,2015,2015-01-01,2015-12-31
3257561,TB_e_inc_rr_num,COUNTRY,SOM,EMR,Eastern Mediterranean,YEAR,2024,,,,,,,,,1200 [310-2200],1200,310,2200,,2025-11-11T16:20:50Z,2024,2024-01-01,2024-12-31
8201715,TB_e_inc_rr_num,COUNTRY,PAK,EMR,Eastern Mediterranean,YEAR,2017,,,,,,,,,20 000 [13 000-27 000],20000,13000,27000,,2025-11-11T16:20:50Z,2017,2017-01-01,2017-12-31
9030217,TB_e_inc_rr_num,COUNTRY,MNE,EUR,Europe,YEAR,2023,,,,,,,,,1 [0-2],1,0,2,,2025-11-11T16:20:50Z,2023,2023-01-01,2023-12-31
9207694,TB_e_inc_rr_num,COUNTRY,SVK,EUR,Europe,YEAR,2019,,,,,,,,,9 [4-14],9,4,14,,2025-11-11T16:20:50Z,2019,2019-01-01,2019-12-31
4453495,TB_e_inc_rr_num,COUNTRY,KHM,WPR,Western Pacific,YEAR,2021,,,,,,,,,340 [220-470],340,220,470,,2025-11-11T16:20:50Z,2021,2021-01-01,2021-12-31
6177025,TB_e_inc_rr_num,COUNTRY,GUY,AMR,Americas,YEAR,2016,,,,,,,,,28 [14-42],28,14,42,,2025-11-11T16:20:50Z,2016,2016-01-01,2016-12-31
8030798,TB_e_inc_rr_num,COUNTRY,CHL,AMR,Americas,YEAR,2021,,,,,,,,,77 [60-95],77,60,95,,2025-11-11T16:20:50Z,2021,2021-01-01,2021-12-31
9670454,TB_e_inc_rr_num,COUNTRY,UGA,AFR,Africa,YEAR,2020,,,,,,,,,1100 [590-1600],1100,590,1600,,2025-11-11T16:20:50Z,2020,2020-01-01,2020-12-31
3365299,TB_e_inc_rr_num,COUNTRY,SYR,EMR,Eastern Mediterranean,YEAR,2018,,,,,,,,,100 [73-130],100,73,130,,2025-11-11T16:20:50Z,2018,2018-01-01,2018-12-31
5100178,TB_e_inc_rr_num,COUNTRY,UZB,EUR,Europe,YEAR,2022,,,,,,,,,4300 [3400-5200],4300,3400,5200,,2025-11-11T16:20:50Z,2022,2022-01-01,2022-12-31
6893576,TB_e_inc_rr_num,COUNTRY,IRQ,EMR,Eastern Mediterranean,YEAR,2019,,,,,,,,,470 [340-600],470,340,600,,2025-11-11T16:20:50Z,2019,2019-01-01,2019-12-31
7159885,TB_e_inc_rr_num,COUNTRY,BLZ,AMR,Americas,YEAR,2019,,,,,,,,,2 [0-5],2,0,5,,2025-11-11T16:20:50Z,2019,2019-01-01,2019-12-31
7248445,TB_e_inc_rr_num,COUNTRY,QAT,EMR,Eastern Mediterranean,YEAR,2021,,,,,,,,,25 [17-33],25,17,33,,2025-11-11T16:20:50Z,2021,2021-01-01,2021-12-31
8934999,TB_e_inc_rr_num,COUNTRY,TUN,EMR,Eastern Mediterranean,YEAR,2024,,,,,,,,,76 [35-120],76,35,120,,2025-11-11T16:20:50Z,2024,2024-01-01,2024-12-31
9474064,TB_e_inc_rr_num,COUNTRY,MWI,AFR,Africa,YEAR,2015,,,,,,,,,670 [110-1200],670,110,1200,,2025-11-11T16:20:50Z,2015,2015-01-01,2015-12-31
9524647,TB_e_inc_rr_num,COUNTRY,COL,AMR,Americas,YEAR,2023,,,,,,,,,1100 [0-2500],1100,0,2500,,2025-11-11T16:20:50Z,2023,2023-01-01,2023-12-31
4808582,TB_e_inc_rr_num,COUNTRY,UGA,AFR,Africa,YEAR,2015,,,,,,,,,940 [470-1400],940,470,1400,,2025-11-11T16:20:50Z,2015,2015-01-01,2015-12-31
2236186,TB_e_inc_rr_num,COUNTRY,AGO,AFR,Africa,YEAR,2018,,,,,,,,,29 000 [8800-50 000],29000,8800,50000,,2025-11-11T16:20:50Z,2018,2018-01-01,2018-12-31
1211358,TB_e_inc_rr_num,COUNTRY,ESP,EUR,Europe,YEAR,2023,,,,,,,,,87 [57-120],87,57,120,,2025-11-11T16:20:50Z,2023,2023-01-01,2023-12-31
2844012,TB_e_inc_rr_num,COUNTRY,SLB,WPR,Western Pacific,YEAR,2021,,,,,,,,,15 [0-39],15,0,39,,2025-11-11T16:20:50Z,2021,2021-01-01,2021-12-31
9404287,TB_e_inc_rr_num,COUNTRY,NER,AFR,Africa,YEAR,2021,,,,,,,,,640 [120-1200],640,120,1200,,2025-11-11T16:20:50Z,2021,2021-01-01,2021-12-31
6570490,TB_e_inc_rr_num,COUNTRY,RWA,AFR,Africa,YEAR,2016,,,,,,,,,180 [120-250],180,120,250,,2025-11-11T16:20:50Z,2016,2016-01-01,2016-12-31
5024129,TB_e_inc_rr_num,COUNTRY,GEO,EUR,Europe,YEAR,2023,,,,,,,,,250 [200-310],250,200,310,,2025-11-11T16:20:50Z,2023,2023-01-01,2023-12-31
8271461,TB_e_inc_rr_num,COUNTRY,MYS,WPR,Western Pacific,YEAR,2018,,,,,,,,,550 [430-670],550,430,670,,2025-11-11T16:20:50Z,2018,2018-01-01,2018-12-31
1939220,TB_e_inc_rr_num,COUNTRY,NAM,AFR,Africa,YEAR,2022,,,,,,,,,570 [350-800],570,350,800,,2025-11-11T16:20:50Z,2022,2022-01-01,2022-12-31
8625849,TB_e_inc_rr_num,COUNTRY,FRA,EUR,Europe,YEAR,2020,,,,,,,,,82 [41-120],82,41,120,,2025-11-11T16:20:50Z,2020,2020-01-01,2020-12-31
5404116,TB_e_inc_rr_num,COUNTRY,NZL,WPR,Western Pacific,YEAR,2021,,,,,,,,,9 [1-16],9,1,16,,2025-11-11T16:20:50Z,2021,2021-01-01,2021-12-31
7572002,TB_e_inc_rr_num,COUNTRY,TUR,EUR,Europe,YEAR,2017,,,,,,,,,580 [460-700],580,460,700,,2025-11-11T16:20:50Z,2017,2017-01-01,2017-12-31
4618601,TB_e_inc_rr_num,REGION,EUR,,,YEAR,2024,,,,,,,,,55 000 [40 000-70 000],55000,40000,70000,,2025-11-11T16:20:50Z,2024,2024-01-01,2024-12-31
7887914,TB_e_inc_rr_num,COUNTRY,BOL,AMR,Americas,YEAR,2018,,,,,,,,,260 [170-340],260,170,340,,2025-11-11T16:20:50Z,2018,2018-01-01,2018-12-31
3162650,TB_e_inc_rr_num,COUNTRY,FRA,EUR,Europe,YEAR,2019,,,,,,,,,91 [48-130],91,48,130,,2025-11-11T16:20:50Z,2019,2019-01-01,2019-12-31
66552,TB_e_inc_rr_num,COUNTRY,SEN,AFR,Africa,YEAR,2023,,,,,,,,,420 [96-750],420,96,750,,2025-11-11T16:20:50Z,2023,2023-01-01,2023-12-31
9917350,TB_e_inc_rr_num,COUNTRY,SVK,EUR,Europe,YEAR,2023,,,,,,,,,11 [4-17],11,4,17,,2025-11-11T16:20:50Z,2023,2023-01-01,2023-12-31
401575,TB_e_inc_rr_num,COUNTRY,TUR,EUR,Europe,YEAR,2019,,,,,,,,,500 [400-600],500,400,600,,2025-11-11T16:20:50Z,2019,2019-01-01,2019-12-31
2546666,TB_e_inc_rr_num,COUNTRY,DNK,EUR,Europe,YEAR,2023,,,,,,,,,5 [3-8],5,3,8,,2025-11-11T16:20:50Z,2023,2023-01-01,2023-12-31
3105500,TB_e_inc_rr_num,COUNTRY,BHR,EMR,Eastern Mediterranean,YEAR,2015,,,,,,,,,7 [4-10],7,4,10,,2025-11-11T16:20:50Z,2015,2015-01-01,2015-12-31
6532373,TB_e_inc_rr_num,COUNTRY,GHA,AFR,Africa,YEAR,2017,,,,,,,,,1200 [410-1900],1200,410,1900,,2025-11-11T16:20:50Z,2017,2017-01-01,2017-12-31
8176672,TB_e_inc_rr_num,COUNTRY,MRT,AFR,Africa,YEAR,2016,,,,,,,,,110 [0-350],110,0,350,,2025-11-11T16:20:50Z,2016,2016-01-01,2016-12-31
8271488,TB_e_inc_rr_num,COUNTRY,TCD,AFR,Africa,YEAR,2016,,,,,,,,,480 [0-990],480,0,990,,2025-11-11T16:20:50Z,2016,2016-01-01,2016-12-31
8366394,TB_e_inc_rr_num,REGION,WPR,,,YEAR,2020,,,,,,,,,110 000 [95 000-130 000],110000,95000,130000,,2025-11-11T16:20:50Z,2020,2020-01-01,2020-12-31
445985,TB_e_inc_rr_num,COUNTRY,THA,SEAR,South-East Asia,YEAR,2016,,,,,,,,,3000 [1800-4200],3000,1800,4200,,2025-11-11T16:20:50Z,2016,2016-01-01,2016-12-31
8700933,TB_e_inc_rr_num,COUNTRY,GIN,AFR,Africa,YEAR,2021,,,,,,,,,1100 [310-1900],1100,310,1900,,2025-11-11T16:20:50Z,2021,2021-01-01,2021-12-31
5575335,TB_e_inc_rr_num,COUNTRY,NLD,EUR,Europe,YEAR,2022,,,,,,,,,22 [15-29],22,15,29,,2025-11-11T16:20:50Z,2022,2022-01-01,2022-12-31
7293014,TB_e_inc_rr_num,COUNTRY,MAR,EMR,Eastern Mediterranean,YEAR,2023,,,,,,,,,400 [300-490],400,300,490,,2025-11-11T16:20:50Z,2023,2023-01-01,2023-12-31
1850525,TB_e_inc_rr_num,COUNTRY,BFA,AFR,Africa,YEAR,2017,,,,,,,,,280 [87-480],280,87,480,,2025-11-11T16:20:50Z,2017,2017-01-01,2017-12-31
4138368,TB_e_inc_rr_num,COUNTRY,ZMB,AFR,Africa,YEAR,2018,,,,,,,,,1300 [720-1900],1300,720,1900,,2025-11-11T16:20:50Z,2018,2018-01-01,2018-12-31
5854162,TB_e_inc_rr_num,COUNTRY,ECU,AMR,Americas,YEAR,2022,,,,,,,,,540 [420-650],540,420,650,,2025-11-11T16:20:50Z,2022,2022-01-01,2022-12-31
4485189,TB_e_inc_rr_num,COUNTRY,BTN,SEAR,South-East Asia,YEAR,2023,,,,,,,,,170 [130-210],170,130,210,,2025-11-11T16:20:50Z,2023,2023-01-01,2023-12-31
7001238,TB_e_inc_rr_num,COUNTRY,PNG,WPR,Western Pacific,YEAR,2021,,,,,,,,,3100 [870-5300],3100,870,5300,,2025-11-11T16:20:50Z,2021,2021-01-01,2021-12-31
8644917,TB_e_inc_rr_num,COUNTRY,NAM,AFR,Africa,YEAR,2017,,,,,,,,,750 [460-1000],750,460,1000,,2025-11-11T16:20:50Z,2017,2017-01-01,2017-12-31
8694831,TB_e_inc_rr_num,COUNTRY,PAK,EMR,Eastern Mediterranean,YEAR,2020,,,,,,,,,17 000 [11 000-22 000],17000,11000,22000,,2025-11-11T16:20:50Z,2020,2020-01-01,2020-12-31
2382460,TB_e_inc_rr_num,COUNTRY,EST,EUR,Europe,YEAR,2021,,,,,,,,,35 [26-44],35,26,44,,2025-11-11T16:20:50Z,2021,2021-01-01,2021-12-31
9334617,TB_e_inc_rr_num,REGION,EMR,,,YEAR,2015,,,,,,,,,36 000 [25 000-48 000],36000,25000,48000,,2025-11-11T16:20:50Z,2015,2015-01-01,2015-12-31
4605975,TB_e_inc_rr_num,COUNTRY,BEL,EUR,Europe,YEAR,2015,,,,,,,,,31 [0-65],31,0,65,,2025-11-11T16:20:50Z,2015,2015-01-01,2015-12-31
8062797,TB_e_inc_rr_num,COUNTRY,MRT,AFR,Africa,YEAR,2022,,,,,,,,,76 [0-220],76,0,220,,2025-11-11T16:20:50Z,2022,2022-01-01,2022-12-31
9892148,TB_e_inc_rr_num,COUNTRY,KGZ,EUR,Europe,YEAR,2016,,,,,,,,,3900 [3100-4700],3900,3100,4700,,2025-11-11T16:20:50Z,2016,2016-01-01,2016-12-31
2376172,TB_e_inc_rr_num,COUNTRY,GHA,AFR,Africa,YEAR,2021,,,,,,,,,830 [300-1400],830,300,1400,,2025-11-11T16:20:50Z,2021,2021-01-01,2021-12-31
8985882,TB_e_inc_rr_num,COUNTRY,NLD,EUR,Europe,YEAR,2023,,,,,,,,,26 [17-35],26,17,35,,2025-11-11T16:20:50Z,2023,2023-01-01,2023-12-31
9353672,TB_e_inc_rr_num,COUNTRY,MEX,AMR,Americas,YEAR,2022,,,,,,,,,1300 [9-2500],1300,9,2500,,2025-11-11T16:20:50Z,2022,2022-01-01,2022-12-31
2148014,TB_e_inc_rr_num,COUNTRY,BEN,AFR,Africa,YEAR,2016,,,,,,,,,99 [16-180],99,16,180,,2025-11-11T16:20:50Z,2016,2016-01-01,2016-12-31
7179057,TB_e_inc_rr_num,COUNTRY,MLI,AFR,Africa,YEAR,2017,,,,,,,,,170 [20-330],170,20,330,,2025-11-11T16:20:50Z,2017,2017-01-01,2017-12-31
9030440,TB_e_inc_rr_num,COUNTRY,BEL,EUR,Europe,YEAR,2022,,,,,,,,,23 [1-46],23,1,46,,2025-11-11T16:20:50Z,2022,2022-01-01,2022-12-31
5803470,TB_e_inc_rr_num,COUNTRY,PRT,EUR,Europe,YEAR,2017,,,,,,,,,28 [17-39],28,17,39,,2025-11-11T16:20:50Z,2017,2017-01-01,2017-12-31
4510687,TB_e_inc_rr_num,COUNTRY,SLV,AMR,Americas,YEAR,2018,,,,,,,,,82 [54-110],82,54,110,,2025-11-11T16:20:50Z,2018,2018-01-01,2018-12-31
3021645,TB_e_inc_rr_num,COUNTRY,ZWE,AFR,Africa,YEAR,2021,,,,,,,,,910 [620-1200],910,620,1200,,2025-11-11T16:20:50Z,2021,2021-01-01,2021-12-31
6265819,TB_e_inc_rr_num,COUNTRY,NAM,AFR,Africa,YEAR,2018,,,,,,,,,690 [450-940],690,450,940,,2025-11-11T16:20:50Z,2018,2018-01-01,2018-12-31
4745326,TB_e_inc_rr_num,COUNTRY,BTN,SEAR,South-East Asia,YEAR,2016,,,,,,,,,310 [240-390],310,240,390,,2025-11-11T16:20:50Z,2016,2016-01-01,2016-12-31
3276860,TB_e_inc_rr_num,COUNTRY,BGD,SEAR,South-East Asia,YEAR,2020,,,,,,,,,3100 [2000-4200],3100,2000,4200,,2025-11-11T16:20:50Z,2020,2020-01-01,2020-12-31
3276868,TB_e_inc_rr_num,COUNTRY,IRN,EMR,Eastern Mediterranean,YEAR,2024,,,,,,,,,200 [0-410],200,0,410,,2025-11-11T16:20:50Z,2024,2024-01-01,2024-12-31
3333801,TB_e_inc_rr_num,COUNTRY,SRB,EUR,Europe,YEAR,2015,,,,,,,,,29 [14-43],29,14,43,,2025-11-11T16:20:50Z,2015,2015-01-01,2015-12-31
5366200,TB_e_inc_rr_num,COUNTRY,EGY,EMR,Eastern Mediterranean,YEAR,2016,,,,,,,,,780 [570-1000],780,570,1000,,2025-11-11T16:20:50Z,2016,2016-01-01,2016-12-31
9087491,TB_e_inc_rr_num,COUNTRY,TUR,EUR,Europe,YEAR,2015,,,,,,,,,670 [540-810],670,540,810,,2025-11-11T16:20:50Z,2015,2015-01-01,2015-12-31
1350864,TB_e_inc_rr_num,COUNTRY,JAM,AMR,Americas,YEAR,2024,,,,,,,,,1 [0-1],1,0,1,,2025-11-11T16:20:50Z,2024,2024-01-01,2024-12-31
4593281,TB_e_inc_rr_num,COUNTRY,LBR,AFR,Africa,YEAR,2016,,,,,,,,,700 [0-2300],700,0,2300,,2025-11-11T16:20:50Z,2016,2016-01-01,2016-12-31
6373861,TB_e_inc_rr_num,COUNTRY,MNE,EUR,Europe,YEAR,2020,,,,,,,,,1 [0-2],1,0,2,,2025-11-11T16:20:50Z,2020,2020-01-01,2020-12-31
9917530,TB_e_inc_rr_num,COUNTRY,VNM,WPR,Western Pacific,YEAR,2016,,,,,,,,,8900 [4800-13 000],8900,4800,13000,,2025-11-11T16:20:50Z,2016,2016-01-01,2016-12-31
1875884,TB_e_inc_rr_num,COUNTRY,SRB,EUR,Europe,YEAR,2019,,,,,,,,,20 [7-33],20,7,33,,2025-11-11T16:20:50Z,2019,2019-01-01,2019-12-31
2242732,TB_e_inc_rr_num,COUNTRY,LBN,EMR,Eastern Mediterranean,YEAR,2024,,,,,,,,,9 [5-13],9,5,13,,2025-11-11T16:20:50Z,2024,2024-01-01,2024-12-31
685476,TB_e_inc_rr_num,COUNTRY,COG,AFR,Africa,YEAR,2019,,,,,,,,,750 [71-1400],750,71,1400,,2025-11-11T16:20:50Z,2019,2019-01-01,2019-12-31
4081497,TB_e_inc_rr_num,COUNTRY,KEN,AFR,Africa,YEAR,2016,,,,,,,,,2300 [870-3800],2300,870,3800,,2025-11-11T16:20:50Z,2016,2016-01-01,2016-12-31
7748836,TB_e_inc_rr_num,COUNTRY,CHN,WPR,Western Pacific,YEAR,2020,,,,,,,,,41 000 [32 000-50 000],41000,32000,50000,,2025-11-11T16:20:50Z,2020,2020-01-01,2020-12-31
7919930,TB_e_inc_rr_num,COUNTRY,GNQ,AFR,Africa,YEAR,2021,,,,,,,,,110 [18-200],110,18,200,,2025-11-11T16:20:50Z,2021,2021-01-01,2021-12-31
9778581,TB_e_inc_rr_num,COUNTRY,CIV,AFR,Africa,YEAR,2024,,,,,,,,,840 [270-1400],840,270,1400,,2025-11-11T16:20:50Z,2024,2024-01-01,2024-12-31
9911212,TB_e_inc_rr_num,COUNTRY,ZAF,AFR,Africa,YEAR,2024,,,,,,,,,14 000 [7700-19 000],14000,7700,19000,,2025-11-11T16:20:50Z,2024,2024-01-01,2024-12-31
5106820,TB_e_inc_rr_num,COUNTRY,GEO,EUR,Europe,YEAR,2016,,,,,,,,,620 [490-740],620,490,740,,2025-11-11T16:20:50Z,2016,2016-01-01,2016-12-31
1983845,TB_e_inc_rr_num,COUNTRY,ZAF,AFR,Africa,YEAR,2015,,,,,,,,,19 000 [8800-29 000],19000,8800,29000,,2025-11-11T16:20:50Z,2015,2015-01-01,2015-12-31
8745581,TB_e_inc_rr_num,COUNTRY,GIN,AFR,Africa,YEAR,2024,,,,,,,,,1100 [380-1900],1100,380,1900,,2025-11-11T16:20:50Z,2024,2024-01-01,2024-12-31
3954556,TB_e_inc_rr_num,COUNTRY,CAF,AFR,Africa,YEAR,2018,,,,,,,,,360 [60-670],360,60,670,,2025-11-11T16:20:50Z,2018,2018-01-01,2018-12-31
7369208,TB_e_inc_rr_num,COUNTRY,SWE,EUR,Europe,YEAR,2020,,,,,,,,,15 [11-20],15,11,20,,2025-11-11T16:20:50Z,2020,2020-01-01,2020-12-31
9271299,TB_e_inc_rr_num,COUNTRY,IND,SEAR,South-East Asia,YEAR,2020,,,,,,,,,120 000 [95 000-140 000],120000,95000,140000,,2025-11-11T16:20:50Z,2020,2020-01-01,2020-12-31
4561554,TB_e_inc_rr_num,COUNTRY,BTN,SEAR,South-East Asia,YEAR,2024,,,,,,,,,180 [140-220],180,140,220,,2025-11-11T16:20:50Z,2024,2024-01-01,2024-12-31
9448992,TB_e_inc_rr_num,COUNTRY,TZA,AFR,Africa,YEAR,2017,,,,,,,,,2800 [740-4800],2800,740,4800,,2025-11-11T16:20:50Z,2017,2017-01-01,2017-12-31
4656946,TB_e_inc_rr_num,COUNTRY,PRY,AMR,Americas,YEAR,2020,,,,,,,,,28 [18-38],28,18,38,,2025-11-11T16:20:50Z,2020,2020-01-01,2020-12-31
7945234,TB_e_inc_rr_num,COUNTRY,MNG,WPR,Western Pacific,YEAR,2016,,,,,,,,,760 [310-1200],760,310,1200,,2025-11-11T16:20:50Z,2016,2016-01-01,2016-12-31
4808857,TB_e_inc_rr_num,COUNTRY,TZA,AFR,Africa,YEAR,2024,,,,,,,,,990 [230-1700],990,230,1700,,2025-11-11T16:20:50Z,2024,2024-01-01,2024-12-31
1610026,TB_e_inc_rr_num,COUNTRY,GEO,EUR,Europe,YEAR,2024,,,,,,,,,210 [160-260],210,160,260,,2025-11-11T16:20:50Z,2024,2024-01-01,2024-12-31
1730349,TB_e_inc_rr_num,COUNTRY,VNM,WPR,Western Pacific,YEAR,2020,,,,,,,,,8400 [4900-12 000],8400,4900,12000,,2025-11-11T16:20:50Z,2020,2020-01-01,2020-12-31
136255,TB_e_inc_rr_num,COUNTRY,GHA,AFR,Africa,YEAR,2020,,,,,,,,,900 [340-1500],900,340,1500,,2025-11-11T16:20:50Z,2020,2020-01-01,2020-12-31
3568055,TB_e_inc_rr_num,COUNTRY,IRL,EUR,Europe,YEAR,2015,,,,,,,,,7 [4-10],7,4,10,,2025-11-11T16:20:50Z,2015,2015-01-01,2015-12-31
2742659,TB_e_inc_rr_num,COUNTRY,UKR,EUR,Europe,YEAR,2015,,,,,,,,,14 000 [11 000-17 000],14000,11000,17000,,2025-11-11T16:20:50Z,2015,2015-01-01,2015-12-31
8018390,TB_e_inc_rr_num,COUNTRY,VNM,WPR,Western Pacific,YEAR,2022,,,,,,,,,8900 [5200-13 000],8900,5200,13000,,2025-11-11T16:20:50Z,2022,2022-01-01,2022-12-31
5056100,TB_e_inc_rr_num,COUNTRY,HKG,,,YEAR,2024,,,,,,,,,53 [39-67],53,39,67,,2025-11-11T16:20:50Z,2024,2024-01-01,2024-12-31
3542944,TB_e_inc_rr_num,COUNTRY,ZAF,AFR,Africa,YEAR,2021,,,,,,,,,15 000 [9300-20 000],15000,9300,20000,,2025-11-11T16:20:50Z,2021,2021-01-01,2021-12-31
8682495,TB_e_inc_rr_num,COUNTRY,MHL,WPR,Western Pacific,YEAR,2022,,,,,,,,,3 [0-6],3,0,6,,2025-11-11T16:20:50Z,2022,2022-01-01,2022-12-31
7096638,TB_e_inc_rr_num,REGION,EMR,,,YEAR,2019,,,,,,,,,26 000 [20 000-33 000],26000,20000,33000,,2025-11-11T16:20:50Z,2019,2019-01-01,2019-12-31
4536157,TB_e_inc_rr_num,COUNTRY,BDI,AFR,Africa,YEAR,2015,,,,,,,,,470 [0-1000],470,0,1000,,2025-11-11T16:20:50Z,2015,2015-01-01,2015-12-31
9639060,TB_e_inc_rr_num,COUNTRY,BFA,AFR,Africa,YEAR,2021,,,,,,,,,250 [85-420],250,85,420,,2025-11-11T16:20:50Z,2021,2021-01-01,2021-12-31
15989,TB_e_inc_rr_num,COUNTRY,KWT,EMR,Eastern Mediterranean,YEAR,2018,,,,,,,,,22 [15-29],22,15,29,,2025-11-11T16:20:50Z,2018,2018-01-01,2018-12-31
1692602,TB_e_inc_rr_num,COUNTRY,JAM,AMR,Americas,YEAR,2023,,,,,,,,,1 [0-2],1,0,2,,2025-11-11T16:20:50Z,2023,2023-01-01,2023-12-31
338978,TB_e_inc_rr_num,COUNTRY,EST,EUR,Europe,YEAR,2018,,,,,,,,,46 [35-58],46,35,58,,2025-11-11T16:20:50Z,2018,2018-01-01,2018-12-31
6893912,TB_e_inc_rr_num,COUNTRY,ERI,AFR,Africa,YEAR,2021,,,,,,,,,110 [70-140],110,70,140,,2025-11-11T16:20:50Z,2021,2021-01-01,2021-12-31
9017864,TB_e_inc_rr_num,COUNTRY,GUY,AMR,Americas,YEAR,2023,,,,,,,,,15 [7-24],15,7,24,,2025-11-11T16:20:50Z,2023,2023-01-01,2023-12-31
6361329,TB_e_inc_rr_num,COUNTRY,KWT,EMR,Eastern Mediterranean,YEAR,2024,,,,,,,,,12 [7-17],12,7,17,,2025-11-11T16:20:50Z,2024,2024-01-01,2024-12-31
4821625,TB_e_inc_rr_num,COUNTRY,ALB,EUR,Europe,YEAR,2017,,,,,,,,,15 [9-21],15,9,21,,2025-11-11T16:20:50Z,2017,2017-01-01,2017-12-31
6659456,TB_e_inc_rr_num,COUNTRY,URY,AMR,Americas,YEAR,2020,,,,,,,,,9 [6-13],9,6,13,,2025-11-11T16:20:50Z,2020,2020-01-01,2020-12-31
10107632,TB_e_inc_rr_num,COUNTRY,BOL,AMR,Americas,YEAR,2023,,,,,,,,,260 [200-320],260,200,320,,2025-11-11T16:20:50Z,2023,2023-01-01,2023-12-31
389205,TB_e_inc_rr_num,COUNTRY,OMN,EMR,Eastern Mediterranean,YEAR,2017,,,,,,,,,6 [4-8],6,4,8,,2025-11-11T16:20:50Z,2017,2017-01-01,2017-12-31
8531412,TB_e_inc_rr_num,COUNTRY,TUR,EUR,Europe,YEAR,2024,,,,,,,,,310 [240-380],310,240,380,,2025-11-11T16:20:50Z,2024,2024-01-01,2024-12-31
8796282,TB_e_inc_rr_num,COUNTRY,POL,EUR,Europe,YEAR,2018,,,,,,,,,100 [81-120],100,81,120,,2025-11-11T16:20:50Z,2018,2018-01-01,2018-12-31
9132053,TB_e_inc_rr_num,COUNTRY,CAF,AFR,Africa,YEAR,2015,,,,,,,,,360 [0-720],360,0,720,,2025-11-11T16:20:50Z,2015,2015-01-01,2015-12-31
9214461,TB_e_inc_rr_num,COUNTRY,TUR,EUR,Europe,YEAR,2021,,,,,,,,,420 [330-500],420,330,500,,2025-11-11T16:20:50Z,2021,2021-01-01,2021-12-31
7692042,TB_e_inc_rr_num,COUNTRY,FJI,WPR,Western Pacific,YEAR,2022,,,,,,,,,18 [8-28],18,8,28,,2025-11-11T16:20:50Z,2022,2022-01-01,2022-12-31
4612555,TB_e_inc_rr_num,COUNTRY,CMR,AFR,Africa,YEAR,2022,,,,,,,,,670 [78-1300],670,78,1300,,2025-11-11T16:20:50Z,2022,2022-01-01,2022-12-31
8069367,TB_e_inc_rr_num,COUNTRY,IRN,EMR,Eastern Mediterranean,YEAR,2023,,,,,,,,,210 [15-400],210,15,400,,2025-11-11T16:20:50Z,2023,2023-01-01,2023-12-31
1743136,TB_e_inc_rr_num,COUNTRY,SOM,EMR,Eastern Mediterranean,YEAR,2023,,,,,,,,,1300 [370-2200],1300,370,2200,,2025-11-11T16:20:50Z,2023,2023-01-01,2023-12-31
6862218,TB_e_inc_rr_num,COUNTRY,FIN,EUR,Europe,YEAR,2024,,,,,,,,,10 [6-15],10,6,15,,2025-11-11T16:20:50Z,2024,2024-01-01,2024-12-31
806293,TB_e_inc_rr_num,COUNTRY,ARG,AMR,Americas,YEAR,2018,,,,,,,,,320 [21-620],320,21,620,,2025-11-11T16:20:50Z,2018,2018-01-01,2018-12-31
4208603,TB_e_inc_rr_num,COUNTRY,MOZ,AFR,Africa,YEAR,2023,,,,,,,,,4100 [2300-6000],4100,2300,6000,,2025-11-11T16:20:50Z,2023,2023-01-01,2023-12-31
9404654,TB_e_inc_rr_num,COUNTRY,IDN,WPR,Western Pacific,YEAR,2018,,,,,,,,,39 000 [32 000-46 000],39000,32000,46000,,2025-11-11T16:20:50Z,2018,2018-01-01,2018-12-31
3701067,TB_e_inc_rr_num,COUNTRY,BRN,WPR,Western Pacific,YEAR,2018,,,,,,,,,1 [0-2],1,0,2,,2025-11-11T16:20:50Z,2018,2018-01-01,2018-12-31
1990384,TB_e_inc_rr_num,COUNTRY,NGA,AFR,Africa,YEAR,2020,,,,,,,,,13 000 [7600-18 000],13000,7600,18000,,2025-11-11T16:20:50Z,2020,2020-01-01,2020-12-31
1218113,TB_e_inc_rr_num,COUNTRY,ZWE,AFR,Africa,YEAR,2022,,,,,,,,,850 [570-1100],850,570,1100,,2025-11-11T16:20:50Z,2022,2022-01-01,2022-12-31
2066335,TB_e_inc_rr_num,COUNTRY,HTI,AMR,Americas,YEAR,2017,,,,,,,,,1700 [0-4500],1700,0,4500,,2025-11-11T16:20:50Z,2017,2017-01-01,2017-12-31
2129438,TB_e_inc_rr_num,COUNTRY,FIN,EUR,Europe,YEAR,2019,,,,,,,,,9 [6-12],9,6,12,,2025-11-11T16:20:50Z,2019,2019-01-01,2019-12-31
5372827,TB_e_inc_rr_num,COUNTRY,USA,AMR,Americas,YEAR,2020,,,,,,,,,170 [130-210],170,130,210,,2025-11-11T16:20:50Z,2020,2020-01-01,2020-12-31
8664054,TB_e_inc_rr_num,COUNTRY,FSM,WPR,Western Pacific,YEAR,2024,,,,,,,,,4 [0-8],4,0,8,,2025-11-11T16:20:50Z,2024,2024-01-01,2024-12-31
4510957,TB_e_inc_rr_num,COUNTRY,VEN,AMR,Americas,YEAR,2021,,,,,,,,,690 [0-1700],690,0,1700,,2025-11-11T16:20:50Z,2021,2021-01-01,2021-12-31
3213729,TB_e_inc_rr_num,COUNTRY,DOM,AMR,Americas,YEAR,2018,,,,,,,,,560 [380-730],560,380,730,,2025-11-11T16:20:50Z,2018,2018-01-01,2018-12-31
1686408,TB_e_inc_rr_num,COUNTRY,GNB,AFR,Africa,YEAR,2018,,,,,,,,,93 [18-170],93,18,170,,2025-11-11T16:20:50Z,2018,2018-01-01,2018-12-31
8429916,TB_e_inc_rr_num,COUNTRY,GTM,AMR,Americas,YEAR,2015,,,,,,,,,120 [91-150],120,91,150,,2025-11-11T16:20:50Z,2015,2015-01-01,2015-12-31
5575717,TB_e_inc_rr_num,COUNTRY,USA,AMR,Americas,YEAR,2018,,,,,,,,,210 [170-260],210,170,260,,2025-11-11T16:20:50Z,2018,2018-01-01,2018-12-31
9132162,TB_e_inc_rr_num,COUNTRY,MNE,EUR,Europe,YEAR,2016,,,,,,,,,1 [0-2],1,0,2,,2025-11-11T16:20:50Z,2016,2016-01-01,2016-12-31
1110565,TB_e_inc_rr_num,COUNTRY,KGZ,EUR,Europe,YEAR,2021,,,,,,,,,2900 [2200-3500],2900,2200,3500,,2025-11-11T16:20:50Z,2021,2021-01-01,2021-12-31
6019358,TB_e_inc_rr_num,COUNTRY,NIC,AMR,Americas,YEAR,2019,,,,,,,,,52 [30-75],52,30,75,,2025-11-11T16:20:50Z,2019,2019-01-01,2019-12-31
1394977,TB_e_inc_rr_num,COUNTRY,KWT,EMR,Eastern Mediterranean,YEAR,2015,,,,,,,,,19 [13-26],19,13,26,,2025-11-11T16:20:50Z,2015,2015-01-01,2015-12-31
6482028,TB_e_inc_rr_num,REGION,EUR,,,YEAR,2023,,,,,,,,,59 000 [43 000-74 000],59000,43000,74000,,2025-11-11T16:20:50Z,2023,2023-01-01,2023-12-31
3821771,TB_e_inc_rr_num,COUNTRY,GHA,AFR,Africa,YEAR,2022,,,,,,,,,760 [260-1300],760,260,1300,,2025-11-11T16:20:50Z,2022,2022-01-01,2022-12-31
2793671,TB_e_inc_rr_num,COUNTRY,IDN,WPR,Western Pacific,YEAR,2017,,,,,,,,,43 000 [34 000-52 000],43000,34000,52000,,2025-11-11T16:20:50Z,2017,2017-01-01,2017-12-31
4745619,TB_e_inc_rr_num,COUNTRY,AGO,AFR,Africa,YEAR,2020,,,,,,,,,14 000 [8200-21 000],14000,8200,21000,,2025-11-11T16:20:50Z,2020,2020-01-01,2020-12-31
161735,TB_e_inc_rr_num,COUNTRY,FIN,EUR,Europe,YEAR,2015,,,,,,,,,8 [5-11],8,5,11,,2025-11-11T16:20:50Z,2015,2015-01-01,2015-12-31
263227,TB_e_inc_rr_num,COUNTRY,BHS,AMR,Americas,YEAR,2019,,,,,,,,,4 [1-6],4,1,6,,2025-11-11T16:20:50Z,2019,2019-01-01,2019-12-31
7090500,TB_e_inc_rr_num,COUNTRY,AFG,EMR,Eastern Mediterranean,YEAR,2018,,,,,,,,,4200 [620-7800],4200,620,7800,,2025-11-11T16:20:50Z,2018,2018-01-01,2018-12-31
4378946,TB_e_inc_rr_num,COUNTRY,COG,AFR,Africa,YEAR,2018,,,,,,,,,800 [1-1600],800,1,1600,,2025-11-11T16:20:50Z,2018,2018-01-01,2018-12-31
9404815,TB_e_inc_rr_num,COUNTRY,ECU,AMR,Americas,YEAR,2016,,,,,,,,,470 [370-580],470,370,580,,2025-11-11T16:20:50Z,2016,2016-01-01,2016-12-31
4593601,TB_e_inc_rr_num,COUNTRY,BIH,EUR,Europe,YEAR,2015,,,,,,,,,7 [4-9],7,4,9,,2025-11-11T16:20:50Z,2015,2015-01-01,2015-12-31
3232840,TB_e_inc_rr_num,COUNTRY,KGZ,EUR,Europe,YEAR,2017,,,,,,,,,3500 [2800-4300],3500,2800,4300,,2025-11-11T16:20:50Z,2017,2017-01-01,2017-12-31
168108,TB_e_inc_rr_num,COUNTRY,SGP,WPR,Western Pacific,YEAR,2021,,,,,,,,,48 [36-60],48,36,60,,2025-11-11T16:20:50Z,2021,2021-01-01,2021-12-31
9917837,TB_e_inc_rr_num,COUNTRY,TGO,AFR,Africa,YEAR,2020,,,,,,,,,37 [11-62],37,11,62,,2025-11-11T16:20:50Z,2020,2020-01-01,2020-12-31
8347870,TB_e_inc_rr_num,COUNTRY,CYP,EUR,Europe,YEAR,2024,,,,,,,,,1 [0-2],1,0,2,,2025-11-11T16:20:50Z,2024,2024-01-01,2024-12-31
8379354,TB_e_inc_rr_num,COUNTRY,IRL,EUR,Europe,YEAR,2019,,,,,,,,,8 [4-12],8,4,12,,2025-11-11T16:20:50Z,2019,2019-01-01,2019-12-31
8556959,TB_e_inc_rr_num,COUNTRY,LVA,EUR,Europe,YEAR,2023,,,,,,,,,41 [30-53],41,30,53,,2025-11-11T16:20:50Z,2023,2023-01-01,2023-12-31
2154552,TB_e_inc_rr_num,COUNTRY,GTM,AMR,Americas,YEAR,2020,,,,,,,,,84 [63-100],84,63,100,,2025-11-11T16:20:50Z,2020,2020-01-01,2020-12-31
629265,TB_e_inc_rr_num,COUNTRY,POL,EUR,Europe,YEAR,2023,,,,,,,,,100 [80-130],100,80,130,,2025-11-11T16:20:50Z,2023,2023-01-01,2023-12-31
4056429,TB_e_inc_rr_num,COUNTRY,AUT,EUR,Europe,YEAR,2022,,,,,,,,,15 [7-23],15,7,23,,2025-11-11T16:20:50Z,2022,2022-01-01,2022-12-31
7926613,TB_e_inc_rr_num,COUNTRY,PAN,AMR,Americas,YEAR,2022,,,,,,,,,110 [56-160],110,56,160,,2025-11-11T16:20:50Z,2022,2022-01-01,2022-12-31
6342434,TB_e_inc_rr_num,COUNTRY,AFG,EMR,Eastern Mediterranean,YEAR,2016,,,,,,,,,5500 [35-11 000],5500,35,11000,,2025-11-11T16:20:50Z,2016,2016-01-01,2016-12-31
8069561,TB_e_inc_rr_num,COUNTRY,CZE,EUR,Europe,YEAR,2019,,,,,,,,,22 [16-28],22,16,28,,2025-11-11T16:20:50Z,2019,2019-01-01,2019-12-31
9981131,TB_e_inc_rr_num,COUNTRY,UZB,EUR,Europe,YEAR,2019,,,,,,,,,4300 [3400-5100],4300,3400,5100,,2025-11-11T16:20:50Z,2019,2019-01-01,2019-12-31
8487196,TB_e_inc_rr_num,COUNTRY,NIC,AMR,Americas,YEAR,2022,,,,,,,,,53 [27-80],53,27,80,,2025-11-11T16:20:50Z,2022,2022-01-01,2022-12-31
8544297,TB_e_inc_rr_num,COUNTRY,THA,SEAR,South-East Asia,YEAR,2023,,,,,,,,,2500 [1900-3200],2500,1900,3200,,2025-11-11T16:20:50Z,2023,2023-01-01,2023-12-31
5683281,TB_e_inc_rr_num,COUNTRY,SOM,EMR,Eastern Mediterranean,YEAR,2020,,,,,,,,,1500 [490-2500],1500,490,2500,,2025-11-11T16:20:50Z,2020,2020-01-01,2020-12-31
2446376,TB_e_inc_rr_num,COUNTRY,FJI,WPR,Western Pacific,YEAR,2020,,,,,,,,,13 [5-20],13,5,20,,2025-11-11T16:20:50Z,2020,2020-01-01,2020-12-31
844561,TB_e_inc_rr_num,COUNTRY,LVA,EUR,Europe,YEAR,2019,,,,,,,,,56 [41-71],56,41,71,,2025-11-11T16:20:50Z,2019,2019-01-01,2019-12-31
7585009,TB_e_inc_rr_num,COUNTRY,SGP,WPR,Western Pacific,YEAR,2015,,,,,,,,,30 [23-36],30,23,36,,2025-11-11T16:20:50Z,2015,2015-01-01,2015-12-31
9214695,TB_e_inc_rr_num,COUNTRY,RWA,AFR,Africa,YEAR,2018,,,,,,,,,160 [100-220],160,100,220,,2025-11-11T16:20:50Z,2018,2018-01-01,2018-12-31
4479293,TB_e_inc_rr_num,COUNTRY,CPV,AFR,Africa,YEAR,2024,,,,,,,,,4 [0-8],4,0,8,,2025-11-11T16:20:50Z,2024,2024-01-01,2024-12-31
7882331,TB_e_inc_rr_num,COUNTRY,HUN,EUR,Europe,YEAR,2018,,,,,,,,,37 [26-48],37,26,48,,2025-11-11T16:20:50Z,2018,2018-01-01,2018-12-31
7939148,TB_e_inc_rr_num,COUNTRY,CYP,EUR,Europe,YEAR,2015,,,,,,,,,2 [1-3],2,1,3,,2025-11-11T16:20:50Z,2015,2015-01-01,2015-12-31
3618977,TB_e_inc_rr_num,COUNTRY,NPL,SEAR,South-East Asia,YEAR,2020,,,,,,,,,2600 [1200-3900],2600,1200,3900,,2025-11-11T16:20:50Z,2020,2020-01-01,2020-12-31
471147,TB_e_inc_rr_num,COUNTRY,MAC,,,YEAR,2018,,,,,,,,,14 [10-19],14,10,19,,2025-11-11T16:20:50Z,2018,2018-01-01,2018-12-31
2097879,TB_e_inc_rr_num,COUNTRY,OMN,EMR,Eastern Mediterranean,YEAR,2022,,,,,,,,,7 [4-10],7,4,10,,2025-11-11T16:20:50Z,2022,2022-01-01,2022-12-31
2097886,TB_e_inc_rr_num,COUNTRY,SRB,EUR,Europe,YEAR,2024,,,,,,,,,9 [1-17],9,1,17,,2025-11-11T16:20:50Z,2024,2024-01-01,2024-12-31
5467960,TB_e_inc_rr_num,REGION,AFR,,,YEAR,2023,,,,,,,,,60 000 [49 000-71 000],60000,49000,71000,,2025-11-11T16:20:50Z,2023,2023-01-01,2023-12-31
7318722,TB_e_inc_rr_num,COUNTRY,GMB,AFR,Africa,YEAR,2024,,,,,,,,,38 [21-55],38,21,55,,2025-11-11T16:20:50Z,2024,2024-01-01,2024-12-31
2521919,TB_e_inc_rr_num,COUNTRY,UKR,EUR,Europe,YEAR,2021,,,,,,,,,10 000 [8200-13 000],10000,8200,13000,,2025-11-11T16:20:50Z,2021,2021-01-01,2021-12-31
5829258,TB_e_inc_rr_num,COUNTRY,FSM,WPR,Western Pacific,YEAR,2023,,,,,,,,,5 [0-11],5,0,11,,2025-11-11T16:20:50Z,2023,2023-01-01,2023-12-31
1288116,TB_e_inc_rr_num,GLOBAL,GLOBAL,,,YEAR,2024,,,,,,,,,390 000 [360 000-430 000],390000,360000,430000,,2025-11-11T16:20:50Z,2024,2024-01-01,2024-12-31
3125122,TB_e_inc_rr_num,COUNTRY,UKR,EUR,Europe,YEAR,2020,,,,,,,,,9700 [7700-12 000],9700,7700,12000,,2025-11-11T16:20:50Z,2020,2020-01-01,2020-12-31
301213,TB_e_inc_rr_num,COUNTRY,BWA,AFR,Africa,YEAR,2015,,,,,,,,,330 [100-560],330,100,560,,2025-11-11T16:20:50Z,2015,2015-01-01,2015-12-31
5278289,TB_e_inc_rr_num,COUNTRY,MWI,AFR,Africa,YEAR,2017,,,,,,,,,620 [200-1000],620,200,1000,,2025-11-11T16:20:50Z,2017,2017-01-01,2017-12-31
6913066,TB_e_inc_rr_num,COUNTRY,TTO,AMR,Americas,YEAR,2023,,,,,,,,,6 [0-13],6,0,13,,2025-11-11T16:20:50Z,2023,2023-01-01,2023-12-31
2755732,TB_e_inc_rr_num,COUNTRY,AUS,WPR,Western Pacific,YEAR,2016,,,,,,,,,47 [36-58],47,36,58,,2025-11-11T16:20:50Z,2016,2016-01-01,2016-12-31
4530163,TB_e_inc_rr_num,COUNTRY,GAB,AFR,Africa,YEAR,2016,,,,,,,,,780 [0-1700],780,0,1700,,2025-11-11T16:20:50Z,2016,2016-01-01,2016-12-31
3055682,TB_e_inc_rr_num,COUNTRY,USA,AMR,Americas,YEAR,2016,,,,,,,,,220 [170-270],220,170,270,,2025-11-11T16:20:50Z,2016,2016-01-01,2016-12-31
6298013,TB_e_inc_rr_num,COUNTRY,FIN,EUR,Europe,YEAR,2022,,,,,,,,,9 [6-13],9,6,13,,2025-11-11T16:20:50Z,2022,2022-01-01,2022-12-31
6399697,TB_e_inc_rr_num,COUNTRY,PAK,EMR,Eastern Mediterranean,YEAR,2018,,,,,,,,,19 000 [13 000-25 000],19000,13000,25000,,2025-11-11T16:20:50Z,2018,2018-01-01,2018-12-31
6520296,TB_e_inc_rr_num,COUNTRY,BEN,AFR,Africa,YEAR,2017,,,,,,,,,91 [19-160],91,19,160,,2025-11-11T16:20:50Z,2017,2017-01-01,2017-12-31
9804350,TB_e_inc_rr_num,COUNTRY,SWZ,AFR,Africa,YEAR,2015,,,,,,,,,690 [170-1200],690,170,1200,,2025-11-11T16:20:50Z,2015,2015-01-01,2015-12-31
2920863,TB_e_inc_rr_num,COUNTRY,KOR,WPR,Western Pacific,YEAR,2024,,,,,,,,,670 [590-750],670,590,750,,2025-11-11T16:20:50Z,2024,2024-01-01,2024-12-31
8101254,TB_e_inc_rr_num,COUNTRY,CIV,AFR,Africa,YEAR,2021,,,,,,,,,1000 [340-1700],1000,340,1700,,2025-11-11T16:20:50Z,2021,2021-01-01,2021-12-31
8202416,TB_e_inc_rr_num,COUNTRY,CPV,AFR,Africa,YEAR,2021,,,,,,,,,4 [0-9],4,0,9,,2025-11-11T16:20:50Z,2021,2021-01-01,2021-12-31
8265744,TB_e_inc_rr_num,COUNTRY,ARE,EMR,Eastern Mediterranean,YEAR,2017,,,,,,,,,2 [0-4],2,0,4,,2025-11-11T16:20:50Z,2017,2017-01-01,2017-12-31
7230375,TB_e_inc_rr_num,COUNTRY,CMR,AFR,Africa,YEAR,2019,,,,,,,,,810 [180-1400],810,180,1400,,2025-11-11T16:20:50Z,2019,2019-01-01,2019-12-31
6298070,TB_e_inc_rr_num,COUNTRY,BOL,AMR,Americas,YEAR,2017,,,,,,,,,270 [170-380],270,170,380,,2025-11-11T16:20:50Z,2017,2017-01-01,2017-12-31
8031511,TB_e_inc_rr_num,COUNTRY,NGA,AFR,Africa,YEAR,2022,,,,,,,,,10 000 [6100-14 000],10000,6100,14000,,2025-11-11T16:20:50Z,2022,2022-01-01,2022-12-31
8069676,TB_e_inc_rr_num,COUNTRY,CHE,EUR,Europe,YEAR,2022,,,,,,,,,15 [7-22],15,7,22,,2025-11-11T16:20:50Z,2022,2022-01-01,2022-12-31
3245613,TB_e_inc_rr_num,COUNTRY,UZB,EUR,Europe,YEAR,2017,,,,,,,,,4200 [3300-5100],4200,3300,5100,,2025-11-11T16:20:50Z,2017,2017-01-01,2017-12-31
6532990,TB_e_inc_rr_num,COUNTRY,CUB,AMR,Americas,YEAR,2021,,,,,,,,,24 [4-44],24,4,44,,2025-11-11T16:20:50Z,2021,2021-01-01,2021-12-31
180903,TB_e_inc_rr_num,COUNTRY,MDA,EUR,Europe,YEAR,2022,,,,,,,,,780 [610-950],780,610,950,,2025-11-11T16:20:50Z,2022,2022-01-01,2022-12-31
5157880,TB_e_inc_rr_num,COUNTRY,CHE,EUR,Europe,YEAR,2015,,,,,,,,,16 [9-24],16,9,24,,2025-11-11T16:20:50Z,2015,2015-01-01,2015-12-31
4177084,TB_e_inc_rr_num,COUNTRY,CYP,EUR,Europe,YEAR,2016,,,,,,,,,2 [1-3],2,1,3,,2025-11-11T16:20:50Z,2016,2016-01-01,2016-12-31
9278080,TB_e_inc_rr_num,COUNTRY,MDA,EUR,Europe,YEAR,2019,,,,,,,,,970 [760-1200],970,760,1200,,2025-11-11T16:20:50Z,2019,2019-01-01,2019-12-31
1180463,TB_e_inc_rr_num,COUNTRY,AUS,WPR,Western Pacific,YEAR,2018,,,,,,,,,48 [37-60],48,37,60,,2025-11-11T16:20:50Z,2018,2018-01-01,2018-12-31
1218378,TB_e_inc_rr_num,COUNTRY,PRI,AMR,Americas,YEAR,2023,,,,,,,,,1 [0-2],1,0,2,,2025-11-11T16:20:50Z,2023,2023-01-01,2023-12-31
8265803,TB_e_inc_rr_num,COUNTRY,NGA,AFR,Africa,YEAR,2021,,,,,,,,,11 000 [6800-16 000],11000,6800,16000,,2025-11-11T16:20:50Z,2021,2021-01-01,2021-12-31
3537018,TB_e_inc_rr_num,COUNTRY,UKR,EUR,Europe,YEAR,2023,,,,,,,,,9900 [7600-12 000],9900,7600,12000,,2025-11-11T16:20:50Z,2023,2023-01-01,2023-12-31
5170618,TB_e_inc_rr_num,COUNTRY,KOR,WPR,Western Pacific,YEAR,2023,,,,,,,,,760 [670-850],760,670,850,,2025-11-11T16:20:50Z,2023,2023-01-01,2023-12-31
434003,TB_e_inc_rr_num,COUNTRY,ARG,AMR,Americas,YEAR,2021,,,,,,,,,350 [0-750],350,0,750,,2025-11-11T16:20:50Z,2021,2021-01-01,2021-12-31
673261,TB_e_inc_rr_num,COUNTRY,TZA,AFR,Africa,YEAR,2018,,,,,,,,,2400 [760-4000],2400,760,4000,,2025-11-11T16:20:50Z,2018,2018-01-01,2018-12-31
7230422,TB_e_inc_rr_num,COUNTRY,NLD,EUR,Europe,YEAR,2015,,,,,,,,,21 [15-26],21,15,26,,2025-11-11T16:20:50Z,2015,2015-01-01,2015-12-31
5734258,TB_e_inc_rr_num,COUNTRY,MYS,WPR,Western Pacific,YEAR,2023,,,,,,,,,440 [340-550],440,340,550,,2025-11-11T16:20:50Z,2023,2023-01-01,2023-12-31
927149,TB_e_inc_rr_num,COUNTRY,AGO,AFR,Africa,YEAR,2017,,,,,,,,,41 000 [11 000-70 000],41000,11000,70000,,2025-11-11T16:20:50Z,2017,2017-01-01,2017-12-31
977932,TB_e_inc_rr_num,COUNTRY,GEO,EUR,Europe,YEAR,2015,,,,,,,,,680 [540-820],680,540,820,,2025-11-11T16:20:50Z,2015,2015-01-01,2015-12-31
7528146,TB_e_inc_rr_num,COUNTRY,PAK,EMR,Eastern Mediterranean,YEAR,2023,,,,,,,,,14 000 [9400-19 000],14000,9400,19000,,2025-11-11T16:20:50Z,2023,2023-01-01,2023-12-31
6177820,TB_e_inc_rr_num,COUNTRY,SOM,EMR,Eastern Mediterranean,YEAR,2021,,,,,,,,,1400 [470-2400],1400,470,2400,,2025-11-11T16:20:50Z,2021,2021-01-01,2021-12-31
136715,TB_e_inc_rr_num,COUNTRY,ARG,AMR,Americas,YEAR,2019,,,,,,,,,350 [0-700],350,0,700,,2025-11-11T16:20:50Z,2019,2019-01-01,2019-12-31
736659,TB_e_inc_rr_num,COUNTRY,EGY,EMR,Eastern Mediterranean,YEAR,2019,,,,,,,,,390 [290-490],390,290,490,,2025-11-11T16:20:50Z,2019,2019-01-01,2019-12-31
6222042,TB_e_inc_rr_num,COUNTRY,COD,AFR,Africa,YEAR,2017,,,,,,,,,8200 [1100-15 000],8200,1100,15000,,2025-11-11T16:20:50Z,2017,2017-01-01,2017-12-31
6526773,TB_e_inc_rr_num,COUNTRY,GNQ,AFR,Africa,YEAR,2023,,,,,,,,,98 [23-170],98,23,170,,2025-11-11T16:20:50Z,2023,2023-01-01,2023-12-31
244508,TB_e_inc_rr_num,COUNTRY,BHR,EMR,Eastern Mediterranean,YEAR,2016,,,,,,,,,6 [3-8],6,3,8,,2025-11-11T16:20:50Z,2016,2016-01-01,2016-12-31
5227761,TB_e_inc_rr_num,REGION,AFR,,,YEAR,2021,,,,,,,,,69 000 [58 000-81 000],69000,58000,81000,,2025-11-11T16:20:50Z,2021,2021-01-01,2021-12-31
10088992,TB_e_inc_rr_num,COUNTRY,ZAF,AFR,Africa,YEAR,2020,,,,,,,,,15 000 [10 000-20 000],15000,10000,20000,,2025-11-11T16:20:50Z,2020,2020-01-01,2020-12-31
395972,TB_e_inc_rr_num,COUNTRY,HND,AMR,Americas,YEAR,2015,,,,,,,,,95 [10-180],95,10,180,,2025-11-11T16:20:50Z,2015,2015-01-01,2015-12-31
10120810,TB_e_inc_rr_num,COUNTRY,SVK,EUR,Europe,YEAR,2015,,,,,,,,,11 [6-16],11,6,16,,2025-11-11T16:20:50Z,2015,2015-01-01,2015-12-31
2028739,TB_e_inc_rr_num,COUNTRY,KAZ,EUR,Europe,YEAR,2020,,,,,,,,,4500 [3500-5400],4500,3500,5400,,2025-11-11T16:20:50Z,2020,2020-01-01,2020-12-31
8538172,TB_e_inc_rr_num,COUNTRY,SDN,EMR,Eastern Mediterranean,YEAR,2019,,,,,,,,,950 [440-1500],950,440,1500,,2025-11-11T16:20:50Z,2019,2019-01-01,2019-12-31
7039947,TB_e_inc_rr_num,COUNTRY,PNG,WPR,Western Pacific,YEAR,2016,,,,,,,,,2500 [480-4400],2500,480,4400,,2025-11-11T16:20:50Z,2016,2016-01-01,2016-12-31
743064,TB_e_inc_rr_num,COUNTRY,ISR,EUR,Europe,YEAR,2016,,,,,,,,,20 [15-25],20,15,25,,2025-11-11T16:20:50Z,2016,2016-01-01,2016-12-31
838389,TB_e_inc_rr_num,COUNTRY,MWI,AFR,Africa,YEAR,2016,,,,,,,,,630 [160-1100],630,160,1100,,2025-11-11T16:20:50Z,2016,2016-01-01,2016-12-31
9056303,TB_e_inc_rr_num,COUNTRY,QAT,EMR,Eastern Mediterranean,YEAR,2018,,,,,,,,,18 [12-23],18,12,23,,2025-11-11T16:20:50Z,2018,2018-01-01,2018-12-31
1155137,TB_e_inc_rr_num,COUNTRY,TUN,EMR,Eastern Mediterranean,YEAR,2017,,,,,,,,,54 [35-72],54,35,72,,2025-11-11T16:20:50Z,2017,2017-01-01,2017-12-31
6329970,TB_e_inc_rr_num,COUNTRY,RWA,AFR,Africa,YEAR,2022,,,,,,,,,120 [82-170],120,82,170,,2025-11-11T16:20:50Z,2022,2022-01-01,2022-12-31
1477583,TB_e_inc_rr_num,COUNTRY,TGO,AFR,Africa,YEAR,2017,,,,,,,,,55 [11-99],55,11,99,,2025-11-11T16:20:50Z,2017,2017-01-01,2017-12-31
9709435,TB_e_inc_rr_num,COUNTRY,MDG,AFR,Africa,YEAR,2015,,,,,,,,,360 [0-720],360,0,720,,2025-11-11T16:20:50Z,2015,2015-01-01,2015-12-31
6564914,TB_e_inc_rr_num,COUNTRY,MEX,AMR,Americas,YEAR,2015,,,,,,,,,1000 [520-1500],1000,520,1500,,2025-11-11T16:20:50Z,2015,2015-01-01,2015-12-31
111358,TB_e_inc_rr_num,COUNTRY,FSM,WPR,Western Pacific,YEAR,2018,,,,,,,,,2 [0-5],2,0,5,,2025-11-11T16:20:50Z,2018,2018-01-01,2018-12-31
9886442,TB_e_inc_rr_num,COUNTRY,SDN,EMR,Eastern Mediterranean,YEAR,2021,,,,,,,,,810 [260-1400],810,260,1400,,2025-11-11T16:20:50Z,2021,2021-01-01,2021-12-31
3460960,TB_e_inc_rr_num,COUNTRY,CMR,AFR,Africa,YEAR,2020,,,,,,,,,760 [160-1400],760,160,1400,,2025-11-11T16:20:50Z,2020,2020-01-01,2020-12-31
2306765,TB_e_inc_rr_num,COUNTRY,GUY,AMR,Americas,YEAR,2018,,,,,,,,,22 [13-31],22,13,31,,2025-11-11T16:20:50Z,2018,2018-01-01,2018-12-31
800327,TB_e_inc_rr_num,COUNTRY,BLR,EUR,Europe,YEAR,2019,,,,,,,,,1200 [980-1500],1200,980,1500,,2025-11-11T16:20:50Z,2019,2019-01-01,2019-12-31
4543030,TB_e_inc_rr_num,COUNTRY,TZA,AFR,Africa,YEAR,2021,,,,,,,,,1500 [500-2600],1500,500,2600,,2025-11-11T16:20:50Z,2021,2021-01-01,2021-12-31
1813124,TB_e_inc_rr_num,COUNTRY,IDN,WPR,Western Pacific,YEAR,2016,,,,,,,,,48 000 [37 000-59 000],48000,37000,59000,,2025-11-11T16:20:50Z,2016,2016-01-01,2016-12-31
10177756,TB_e_inc_rr_num,COUNTRY,CUB,AMR,Americas,YEAR,2017,,,,,,,,,26 [9-43],26,9,43,,2025-11-11T16:20:50Z,2017,2017-01-01,2017-12-31
8733436,TB_e_inc_rr_num,COUNTRY,TTO,AMR,Americas,YEAR,2019,,,,,,,,,4 [0-9],4,0,9,,2025-11-11T16:20:50Z,2019,2019-01-01,2019-12-31
8796778,TB_e_inc_rr_num,COUNTRY,BHR,EMR,Eastern Mediterranean,YEAR,2017,,,,,,,,,5 [3-7],5,3,7,,2025-11-11T16:20:50Z,2017,2017-01-01,2017-12-31
3188640,TB_e_inc_rr_num,COUNTRY,ZMB,AFR,Africa,YEAR,2021,,,,,,,,,1200 [650-1800],1200,650,1800,,2025-11-11T16:20:50Z,2021,2021-01-01,2021-12-31
6507768,TB_e_inc_rr_num,COUNTRY,LSO,AFR,Africa,YEAR,2017,,,,,,,,,810 [440-1200],810,440,1200,,2025-11-11T16:20:50Z,2017,2017-01-01,2017-12-31
3302731,TB_e_inc_rr_num,COUNTRY,GBR,EUR,Europe,YEAR,2015,,,,,,,,,110 [90-120],110,90,120,,2025-11-11T16:20:50Z,2015,2015-01-01,2015-12-31
5246807,TB_e_inc_rr_num,COUNTRY,LKA,SEAR,South-East Asia,YEAR,2015,,,,,,,,,87 [0-180],87,0,180,,2025-11-11T16:20:50Z,2015,2015-01-01,2015-12-31
7217861,TB_e_inc_rr_num,COUNTRY,MUS,AFR,Africa,YEAR,2015,,,,,,,,,2 [1-3],2,1,3,,2025-11-11T16:20:50Z,2015,2015-01-01,2015-12-31
813087,TB_e_inc_rr_num,COUNTRY,AFG,EMR,Eastern Mediterranean,YEAR,2024,,,,,,,,,1500 [450-2600],1500,450,2600,,2025-11-11T16:20:50Z,2024,2024-01-01,2024-12-31
882880,TB_e_inc_rr_num,COUNTRY,BDI,AFR,Africa,YEAR,2022,,,,,,,,,260 [62-460],260,62,460,,2025-11-11T16:20:50Z,2022,2022-01-01,2022-12-31
2522164,TB_e_inc_rr_num,COUNTRY,COG,AFR,Africa,YEAR,2024,,,,,,,,,630 [210-1000],630,210,1000,,2025-11-11T16:20:50Z,2024,2024-01-01,2024-12-31
9373424,TB_e_inc_rr_num,COUNTRY,IRN,EMR,Eastern Mediterranean,YEAR,2018,,,,,,,,,230 [97-370],230,97,370,,2025-11-11T16:20:50Z,2018,2018-01-01,2018-12-31
8076191,TB_e_inc_rr_num,COUNTRY,KIR,WPR,Western Pacific,YEAR,2017,,,,,,,,,13 [3-23],13,3,23,,2025-11-11T16:20:50Z,2017,2017-01-01,2017-12-31
3220467,TB_e_inc_rr_num,COUNTRY,TLS,SEAR,South-East Asia,YEAR,2016,,,,,,,,,43 [0-88],43,0,88,,2025-11-11T16:20:50Z,2016,2016-01-01,2016-12-31
8897765,TB_e_inc_rr_num,COUNTRY,GTM,AMR,Americas,YEAR,2024,,,,,,,,,120 [89-150],120,89,150,,2025-11-11T16:20:50Z,2024,2024-01-01,2024-12-31
9024767,TB_e_inc_rr_num,COUNTRY,BRA,AMR,Americas,YEAR,2020,,,,,,,,,2600 [470-4700],2600,470,4700,,2025-11-11T16:20:50Z,2020,2020-01-01,2020-12-31
7654588,TB_e_inc_rr_num,COUNTRY,BRA,AMR,Americas,YEAR,2019,,,,,,,,,2600 [640-4600],2600,640,4600,,2025-11-11T16:20:50Z,2019,2019-01-01,2019-12-31
9525547,TB_e_inc_rr_num,COUNTRY,SVN,EUR,Europe,YEAR,2022,,,,,,,,,1 [0-1],1,0,1,,2025-11-11T16:20:50Z,2022,2022-01-01,2022-12-31
1496533,TB_e_inc_rr_num,COUNTRY,STP,AFR,Africa,YEAR,2016,,,,,,,,,19 [0-41],19,0,41,,2025-11-11T16:20:50Z,2016,2016-01-01,2016-12-31
8190135,TB_e_inc_rr_num,COUNTRY,HUN,EUR,Europe,YEAR,2024,,,,,,,,,31 [20-42],31,20,42,,2025-11-11T16:20:50Z,2024,2024-01-01,2024-12-31
9873837,TB_e_inc_rr_num,COUNTRY,MHL,WPR,Western Pacific,YEAR,2019,,,,,,,,,7 [2-13],7,2,13,,2025-11-11T16:20:50Z,2019,2019-01-01,2019-12-31
5196128,TB_e_inc_rr_num,COUNTRY,PAN,AMR,Americas,YEAR,2015,,,,,,,,,120 [50-180],120,50,180,,2025-11-11T16:20:50Z,2015,2015-01-01,2015-12-31
3746074,TB_e_inc_rr_num,COUNTRY,ETH,AFR,Africa,YEAR,2016,,,,,,,,,2600 [960-4200],2600,960,4200,,2025-11-11T16:20:50Z,2016,2016-01-01,2016-12-31
2268760,TB_e_inc_rr_num,COUNTRY,ZWE,AFR,Africa,YEAR,2015,,,,,,,,,2200 [1400-3000],2200,1400,3000,,2025-11-11T16:20:50Z,2015,2015-01-01,2015-12-31
7179777,TB_e_inc_rr_num,COUNTRY,DOM,AMR,Americas,YEAR,2017,,,,,,,,,620 [400-840],620,400,840,,2025-11-11T16:20:50Z,2017,2017-01-01,2017-12-31
7496602,TB_e_inc_rr_num,REGION,AMR,,,YEAR,2022,,,,,,,,,13 000 [9300-18 000],13000,9300,18000,,2025-11-11T16:20:50Z,2022,2022-01-01,2022-12-31
4391416,TB_e_inc_rr_num,COUNTRY,CHE,EUR,Europe,YEAR,2018,,,,,,,,,16 [9-24],16,9,24,,2025-11-11T16:20:50Z,2018,2018-01-01,2018-12-31
4828587,TB_e_inc_rr_num,COUNTRY,COG,AFR,Africa,YEAR,2023,,,,,,,,,640 [210-1100],640,210,1100,,2025-11-11T16:20:50Z,2023,2023-01-01,2023-12-31
8303854,TB_e_inc_rr_num,COUNTRY,GAB,AFR,Africa,YEAR,2023,,,,,,,,,480 [150-810],480,150,810,,2025-11-11T16:20:50Z,2023,2023-01-01,2023-12-31
5696349,TB_e_inc_rr_num,COUNTRY,DNK,EUR,Europe,YEAR,2018,,,,,,,,,5 [3-7],5,3,7,,2025-11-11T16:20:50Z,2018,2018-01-01,2018-12-31
4335529,TB_e_inc_rr_num,COUNTRY,CRI,AMR,Americas,YEAR,2022,,,,,,,,,5 [3-8],5,3,8,,2025-11-11T16:20:50Z,2022,2022-01-01,2022-12-31
7838391,TB_e_inc_rr_num,COUNTRY,COD,AFR,Africa,YEAR,2019,,,,,,,,,7600 [950-14 000],7600,950,14000,,2025-11-11T16:20:50Z,2019,2019-01-01,2019-12-31
8120583,TB_e_inc_rr_num,REGION,SEAR,,,YEAR,2017,,,,,,,,,140 000 [120 000-160 000],140000,120000,160000,,2025-11-11T16:20:50Z,2017,2017-01-01,2017-12-31
10108233,TB_e_inc_rr_num,COUNTRY,GHA,AFR,Africa,YEAR,2024,,,,,,,,,650 [210-1100],650,210,1100,,2025-11-11T16:20:50Z,2024,2024-01-01,2024-12-31
6526975,TB_e_inc_rr_num,COUNTRY,MYS,WPR,Western Pacific,YEAR,2021,,,,,,,,,480 [370-590],480,370,590,,2025-11-11T16:20:50Z,2021,2021-01-01,2021-12-31
3790550,TB_e_inc_rr_num,COUNTRY,PAK,EMR,Eastern Mediterranean,YEAR,2019,,,,,,,,,18 000 [12 000-24 000],18000,12000,24000,,2025-11-11T16:20:50Z,2019,2019-01-01,2019-12-31
2173821,TB_e_inc_rr_num,COUNTRY,BDI,AFR,Africa,YEAR,2021,,,,,,,,,280 [61-490],280,61,490,,2025-11-11T16:20:50Z,2021,2021-01-01,2021-12-31
8683179,TB_e_inc_rr_num,COUNTRY,DZA,AFR,Africa,YEAR,2023,,,,,,,,,480 [0-1200],480,0,1200,,2025-11-11T16:20:50Z,2023,2023-01-01,2023-12-31
642178,TB_e_inc_rr_num,REGION,AFR,,,YEAR,2022,,,,,,,,,64 000 [53 000-75 000],64000,53000,75000,,2025-11-11T16:20:50Z,2022,2022-01-01,2022-12-31
7312739,TB_e_inc_rr_num,COUNTRY,LUX,EUR,Europe,YEAR,2016,,,,,,,,,0 [0-1],0,0,1,,2025-11-11T16:20:50Z,2016,2016-01-01,2016-12-31
2883055,TB_e_inc_rr_num,COUNTRY,NPL,SEAR,South-East Asia,YEAR,2017,,,,,,,,,2900 [1100-4600],2900,1100,4600,,2025-11-11T16:20:50Z,2017,2017-01-01,2017-12-31
9437072,TB_e_inc_rr_num,COUNTRY,BRA,AMR,Americas,YEAR,2024,,,,,,,,,3000 [0-6300],3000,0,6300,,2025-11-11T16:20:50Z,2024,2024-01-01,2024-12-31
9506571,TB_e_inc_rr_num,COUNTRY,SSD,AFR,Africa,YEAR,2021,,,,,,,,,800 [0-2200],800,0,2200,,2025-11-11T16:20:50Z,2021,2021-01-01,2021-12-31
6361959,TB_e_inc_rr_num,COUNTRY,TKM,EUR,Europe,YEAR,2019,,,,,,,,,1100 [830-1300],1100,830,1300,,2025-11-11T16:20:50Z,2019,2019-01-01,2019-12-31
9652492,TB_e_inc_rr_num,COUNTRY,STP,AFR,Africa,YEAR,2015,,,,,,,,,20 [0-45],20,0,45,,2025-11-11T16:20:50Z,2015,2015-01-01,2015-12-31
86374,TB_e_inc_rr_num,COUNTRY,VUT,WPR,Western Pacific,YEAR,2019,,,,,,,,,3 [0-7],3,0,7,,2025-11-11T16:20:50Z,2019,2019-01-01,2019-12-31
5284967,TB_e_inc_rr_num,COUNTRY,KEN,AFR,Africa,YEAR,2018,,,,,,,,,1800 [840-2700],1800,840,2700,,2025-11-11T16:20:50Z,2018,2018-01-01,2018-12-31
7198954,TB_e_inc_rr_num,COUNTRY,PSE,EMR,Eastern Mediterranean,YEAR,2020,,,,,,,,,1 [0-2],1,0,2,,2025-11-11T16:20:50Z,2020,2020-01-01,2020-12-31
4063229,TB_e_inc_rr_num,COUNTRY,BWA,AFR,Africa,YEAR,2016,,,,,,,,,320 [99-530],320,99,530,,2025-11-11T16:20:50Z,2016,2016-01-01,2016-12-31
2522308,TB_e_inc_rr_num,COUNTRY,ARE,EMR,Eastern Mediterranean,YEAR,2022,,,,,,,,,2 [0-3],2,0,3,,2025-11-11T16:20:50Z,2022,2022-01-01,2022-12-31
7446103,TB_e_inc_rr_num,COUNTRY,DOM,AMR,Americas,YEAR,2024,,,,,,,,,320 [250-390],320,250,390,,2025-11-11T16:20:50Z,2024,2024-01-01,2024-12-31
1598051,TB_e_inc_rr_num,COUNTRY,MNG,WPR,Western Pacific,YEAR,2019,,,,,,,,,840 [340-1300],840,340,1300,,2025-11-11T16:20:50Z,2019,2019-01-01,2019-12-31
4898342,TB_e_inc_rr_num,COUNTRY,PSE,EMR,Eastern Mediterranean,YEAR,2024,,,,,,,,,0 [0-1],0,0,1,,2025-11-11T16:20:50Z,2024,2024-01-01,2024-12-31
2440493,TB_e_inc_rr_num,COUNTRY,ROU,EUR,Europe,YEAR,2022,,,,,,,,,530 [400-650],530,400,650,,2025-11-11T16:20:50Z,2022,2022-01-01,2022-12-31
5740868,TB_e_inc_rr_num,COUNTRY,THA,SEAR,South-East Asia,YEAR,2017,,,,,,,,,2900 [2100-3700],2900,2100,3700,,2025-11-11T16:20:50Z,2017,2017-01-01,2017-12-31
2698978,TB_e_inc_rr_num,COUNTRY,SRB,EUR,Europe,YEAR,2020,,,,,,,,,20 [6-34],20,6,34,,2025-11-11T16:20:50Z,2020,2020-01-01,2020-12-31
2813180,TB_e_inc_rr_num,COUNTRY,SWZ,AFR,Africa,YEAR,2018,,,,,,,,,370 [180-560],370,180,560,,2025-11-11T16:20:50Z,2018,2018-01-01,2018-12-31
3035138,TB_e_inc_rr_num,COUNTRY,LBR,AFR,Africa,YEAR,2023,,,,,,,,,430 [0-1300],430,0,1300,,2025-11-11T16:20:50Z,2023,2023-01-01,2023-12-31
9570139,TB_e_inc_rr_num,COUNTRY,COL,AMR,Americas,YEAR,2018,,,,,,,,,630 [66-1200],630,66,1200,,2025-11-11T16:20:50Z,2018,2018-01-01,2018-12-31
6616121,TB_e_inc_rr_num,COUNTRY,VUT,WPR,Western Pacific,YEAR,2022,,,,,,,,,4 [0-7],4,0,7,,2025-11-11T16:20:50Z,2022,2022-01-01,2022-12-31
8544783,TB_e_inc_rr_num,COUNTRY,KWT,EMR,Eastern Mediterranean,YEAR,2016,,,,,,,,,22 [15-29],22,15,29,,2025-11-11T16:20:50Z,2016,2016-01-01,2016-12-31
2123702,TB_e_inc_rr_num,COUNTRY,POL,EUR,Europe,YEAR,2016,,,,,,,,,110 [89-140],110,89,140,,2025-11-11T16:20:50Z,2016,2016-01-01,2016-12-31
2287989,TB_e_inc_rr_num,COUNTRY,BDI,AFR,Africa,YEAR,2018,,,,,,,,,350 [21-670],350,21,670,,2025-11-11T16:20:50Z,2018,2018-01-01,2018-12-31
7477909,TB_e_inc_rr_num,COUNTRY,GIN,AFR,Africa,YEAR,2022,,,,,,,,,1100 [350-1900],1100,350,1900,,2025-11-11T16:20:50Z,2022,2022-01-01,2022-12-31
1028726,TB_e_inc_rr_num,COUNTRY,TUN,EMR,Eastern Mediterranean,YEAR,2019,,,,,,,,,59 [39-80],59,39,80,,2025-11-11T16:20:50Z,2019,2019-01-01,2019-12-31
2679979,TB_e_inc_rr_num,COUNTRY,FJI,WPR,Western Pacific,YEAR,2021,,,,,,,,,10 [4-16],10,4,16,,2025-11-11T16:20:50Z,2021,2021-01-01,2021-12-31
4323005,TB_e_inc_rr_num,COUNTRY,IND,SEAR,South-East Asia,YEAR,2015,,,,,,,,,120 000 [80 000-150 000],120000,80000,150000,,2025-11-11T16:20:50Z,2015,2015-01-01,2015-12-31
7673765,TB_e_inc_rr_num,COUNTRY,OMN,EMR,Eastern Mediterranean,YEAR,2015,,,,,,,,,7 [5-9],7,5,9,,2025-11-11T16:20:50Z,2015,2015-01-01,2015-12-31
7819486,TB_e_inc_rr_num,COUNTRY,BFA,AFR,Africa,YEAR,2018,,,,,,,,,270 [87-460],270,87,460,,2025-11-11T16:20:50Z,2018,2018-01-01,2018-12-31
1414601,TB_e_inc_rr_num,COUNTRY,HRV,EUR,Europe,YEAR,2015,,,,,,,,,4 [2-6],4,2,6,,2025-11-11T16:20:50Z,2015,2015-01-01,2015-12-31
1522026,TB_e_inc_rr_num,COUNTRY,CHE,EUR,Europe,YEAR,2023,,,,,,,,,18 [9-28],18,9,28,,2025-11-11T16:20:50Z,2023,2023-01-01,2023-12-31
5114041,TB_e_inc_rr_num,COUNTRY,DNK,EUR,Europe,YEAR,2017,,,,,,,,,5 [3-6],5,3,6,,2025-11-11T16:20:50Z,2017,2017-01-01,2017-12-31
642288,TB_e_inc_rr_num,COUNTRY,LBR,AFR,Africa,YEAR,2015,,,,,,,,,760 [0-2600],760,0,2600,,2025-11-11T16:20:50Z,2015,2015-01-01,2015-12-31
5791659,TB_e_inc_rr_num,REGION,EMR,,,YEAR,2021,,,,,,,,,23 000 [17 000-29 000],23000,17000,29000,,2025-11-11T16:20:50Z,2021,2021-01-01,2021-12-31
2762518,TB_e_inc_rr_num,COUNTRY,CZE,EUR,Europe,YEAR,2020,,,,,,,,,18 [13-23],18,13,23,,2025-11-11T16:20:50Z,2020,2020-01-01,2020-12-31
1187203,TB_e_inc_rr_num,COUNTRY,ALB,EUR,Europe,YEAR,2020,,,,,,,,,11 [6-16],11,6,16,,2025-11-11T16:20:50Z,2020,2020-01-01,2020-12-31
9310122,TB_e_inc_rr_num,COUNTRY,ITA,EUR,Europe,YEAR,2021,,,,,,,,,80 [55-100],80,55,100,,2025-11-11T16:20:50Z,2021,2021-01-01,2021-12-31
1326730,TB_e_inc_rr_num,COUNTRY,IRL,EUR,Europe,YEAR,2018,,,,,,,,,9 [4-13],9,4,13,,2025-11-11T16:20:50Z,2018,2018-01-01,2018-12-31
1364257,TB_e_inc_rr_num,COUNTRY,ITA,EUR,Europe,YEAR,2017,,,,,,,,,140 [100-170],140,100,170,,2025-11-11T16:20:50Z,2017,2017-01-01,2017-12-31
9601933,TB_e_inc_rr_num,COUNTRY,SRB,EUR,Europe,YEAR,2021,,,,,,,,,19 [5-33],19,5,33,,2025-11-11T16:20:50Z,2021,2021-01-01,2021-12-31
8576589,TB_e_inc_rr_num,COUNTRY,CHN,WPR,Western Pacific,YEAR,2018,,,,,,,,,47 000 [37 000-57 000],47000,37000,57000,,2025-11-11T16:20:50Z,2018,2018-01-01,2018-12-31
7103770,TB_e_inc_rr_num,COUNTRY,MWI,AFR,Africa,YEAR,2019,,,,,,,,,630 [240-1000],630,240,1000,,2025-11-11T16:20:50Z,2019,2019-01-01,2019-12-31
7401719,TB_e_inc_rr_num,COUNTRY,TCD,AFR,Africa,YEAR,2015,,,,,,,,,510 [0-1100],510,0,1100,,2025-11-11T16:20:50Z,2015,2015-01-01,2015-12-31
6476291,TB_e_inc_rr_num,COUNTRY,SLE,AFR,Africa,YEAR,2015,,,,,,,,,940 [0-2800],940,0,2800,,2025-11-11T16:20:50Z,2015,2015-01-01,2015-12-31
3265066,TB_e_inc_rr_num,REGION,EUR,,,YEAR,2020,,,,,,,,,68 000 [52 000-83 000],68000,52000,83000,,2025-11-11T16:20:50Z,2020,2020-01-01,2020-12-31
6508065,TB_e_inc_rr_num,COUNTRY,ALB,EUR,Europe,YEAR,2023,,,,,,,,,9 [4-14],9,4,14,,2025-11-11T16:20:50Z,2023,2023-01-01,2023-12-31
453024,TB_e_inc_rr_num,COUNTRY,TCD,AFR,Africa,YEAR,2024,,,,,,,,,400 [96-710],400,96,710,,2025-11-11T16:20:50Z,2024,2024-01-01,2024-12-31
8671049,TB_e_inc_rr_num,COUNTRY,MLI,AFR,Africa,YEAR,2016,,,,,,,,,180 [13-340],180,13,340,,2025-11-11T16:20:50Z,2016,2016-01-01,2016-12-31
5493863,TB_e_inc_rr_num,COUNTRY,FIN,EUR,Europe,YEAR,2020,,,,,,,,,7 [5-10],7,5,10,,2025-11-11T16:20:50Z,2020,2020-01-01,2020-12-31
2319840,TB_e_inc_rr_num,COUNTRY,MUS,AFR,Africa,YEAR,2018,,,,,,,,,2 [1-3],2,1,3,,2025-11-11T16:20:50Z,2018,2018-01-01,2018-12-31
5620741,TB_e_inc_rr_num,COUNTRY,ISR,EUR,Europe,YEAR,2020,,,,,,,,,14 [10-18],14,10,18,,2025-11-11T16:20:50Z,2020,2020-01-01,2020-12-31
889507,TB_e_inc_rr_num,COUNTRY,BHR,EMR,Eastern Mediterranean,YEAR,2023,,,,,,,,,4 [2-7],4,2,7,,2025-11-11T16:20:50Z,2023,2023-01-01,2023-12-31
5829771,TB_e_inc_rr_num,COUNTRY,ISR,EUR,Europe,YEAR,2023,,,,,,,,,22 [15-29],22,15,29,,2025-11-11T16:20:50Z,2023,2023-01-01,2023-12-31
7724561,TB_e_inc_rr_num,COUNTRY,HUN,EUR,Europe,YEAR,2017,,,,,,,,,39 [28-51],39,28,51,,2025-11-11T16:20:50Z,2017,2017-01-01,2017-12-31
6203434,TB_e_inc_rr_num,COUNTRY,KAZ,EUR,Europe,YEAR,2021,,,,,,,,,4300 [3400-5200],4300,3400,5200,,2025-11-11T16:20:50Z,2021,2021-01-01,2021-12-31
8088967,TB_e_inc_rr_num,COUNTRY,FJI,WPR,Western Pacific,YEAR,2019,,,,,,,,,14 [5-22],14,5,22,,2025-11-11T16:20:50Z,2019,2019-01-01,2019-12-31
3258779,TB_e_inc_rr_num,COUNTRY,RUS,EUR,Europe,YEAR,2017,,,,,,,,,45 000 [24 000-66 000],45000,24000,66000,,2025-11-11T16:20:50Z,2017,2017-01-01,2017-12-31
1794541,TB_e_inc_rr_num,REGION,AMR,,,YEAR,2020,,,,,,,,,12 000 [8500-15 000],12000,8500,15000,,2025-11-11T16:20:50Z,2020,2020-01-01,2020-12-31
9968963,TB_e_inc_rr_num,COUNTRY,PER,AMR,Americas,YEAR,2017,,,,,,,,,3100 [2400-3800],3100,2400,3800,,2025-11-11T16:20:50Z,2017,2017-01-01,2017-12-31
8917126,TB_e_inc_rr_num,COUNTRY,MLI,AFR,Africa,YEAR,2022,,,,,,,,,160 [20-310],160,20,310,,2025-11-11T16:20:50Z,2022,2022-01-01,2022-12-31
2522451,TB_e_inc_rr_num,COUNTRY,COM,AFR,Africa,YEAR,2016,,,,,,,,,4 [0-10],4,0,10,,2025-11-11T16:20:50Z,2016,2016-01-01,2016-12-31
9082069,TB_e_inc_rr_num,COUNTRY,SAU,EMR,Eastern Mediterranean,YEAR,2019,,,,,,,,,63 [49-76],63,49,76,,2025-11-11T16:20:50Z,2019,2019-01-01,2019-12-31
9101134,TB_e_inc_rr_num,COUNTRY,NZL,WPR,Western Pacific,YEAR,2015,,,,,,,,,6 [2-9],6,2,9,,2025-11-11T16:20:50Z,2015,2015-01-01,2015-12-31
1895896,TB_e_inc_rr_num,COUNTRY,CYP,EUR,Europe,YEAR,2023,,,,,,,,,2 [0-3],2,0,3,,2025-11-11T16:20:50Z,2023,2023-01-01,2023-12-31
10102115,TB_e_inc_rr_num,COUNTRY,SAU,EMR,Eastern Mediterranean,YEAR,2016,,,,,,,,,74 [59-90],74,59,90,,2025-11-11T16:20:50Z,2016,2016-01-01,2016-12-31
9500631,TB_e_inc_rr_num,COUNTRY,GUY,AMR,Americas,YEAR,2024,,,,,,,,,15 [6-25],15,6,25,,2025-11-11T16:20:50Z,2024,2024-01-01,2024-12-31
4758982,TB_e_inc_rr_num,COUNTRY,VEN,AMR,Americas,YEAR,2024,,,,,,,,,630 [0-1500],630,0,1500,,2025-11-11T16:20:50Z,2024,2024-01-01,2024-12-31
3467674,TB_e_inc_rr_num,COUNTRY,TJK,EUR,Europe,YEAR,2017,,,,,,,,,1800 [1500-2200],1800,1500,2200,,2025-11-11T16:20:50Z,2017,2017-01-01,2017-12-31
6717430,TB_e_inc_rr_num,COUNTRY,NPL,SEAR,South-East Asia,YEAR,2023,,,,,,,,,2500 [1100-4000],2500,1100,4000,,2025-11-11T16:20:50Z,2023,2023-01-01,2023-12-31
1895927,TB_e_inc_rr_num,COUNTRY,BRN,WPR,Western Pacific,YEAR,2019,,,,,,,,,1 [0-2],1,0,2,,2025-11-11T16:20:50Z,2019,2019-01-01,2019-12-31
320862,TB_e_inc_rr_num,COUNTRY,MRT,AFR,Africa,YEAR,2017,,,,,,,,,110 [0-320],110,0,320,,2025-11-11T16:20:50Z,2017,2017-01-01,2017-12-31
6812338,TB_e_inc_rr_num,COUNTRY,ZWE,AFR,Africa,YEAR,2019,,,,,,,,,1100 [800-1500],1100,800,1500,,2025-11-11T16:20:50Z,2019,2019-01-01,2019-12-31
2041893,TB_e_inc_rr_num,COUNTRY,AUS,WPR,Western Pacific,YEAR,2019,,,,,,,,,50 [38-62],50,38,62,,2025-11-11T16:20:50Z,2019,2019-01-01,2019-12-31
3999939,TB_e_inc_rr_num,COUNTRY,POL,EUR,Europe,YEAR,2017,,,,,,,,,100 [83-130],100,83,130,,2025-11-11T16:20:50Z,2017,2017-01-01,2017-12-31
7585618,TB_e_inc_rr_num,COUNTRY,AFG,EMR,Eastern Mediterranean,YEAR,2020,,,,,,,,,3000 [740-5200],3000,740,5200,,2025-11-11T16:20:50Z,2020,2020-01-01,2020-12-31
2737253,TB_e_inc_rr_num,COUNTRY,ALB,EUR,Europe,YEAR,2019,,,,,,,,,11 [6-17],11,6,17,,2025-11-11T16:20:50Z,2019,2019-01-01,2019-12-31
2971943,TB_e_inc_rr_num,COUNTRY,CMR,AFR,Africa,YEAR,2021,,,,,,,,,710 [120-1300],710,120,1300,,2025-11-11T16:20:50Z,2021,2021-01-01,2021-12-31
3423505,TB_e_inc_rr_num,COUNTRY,GEO,EUR,Europe,YEAR,2022,,,,,,,,,290 [230-350],290,230,350,,2025-11-11T16:20:50Z,2022,2022-01-01,2022-12-31
5234487,TB_e_inc_rr_num,COUNTRY,MLI,AFR,Africa,YEAR,2023,,,,,,,,,160 [11-320],160,11,320,,2025-11-11T16:20:50Z,2023,2023-01-01,2023-12-31
579803,TB_e_inc_rr_num,COUNTRY,RWA,AFR,Africa,YEAR,2017,,,,,,,,,170 [110-230],170,110,230,,2025-11-11T16:20:50Z,2017,2017-01-01,2017-12-31
4076138,TB_e_inc_rr_num,COUNTRY,GNQ,AFR,Africa,YEAR,2017,,,,,,,,,150 [0-310],150,0,310,,2025-11-11T16:20:50Z,2017,2017-01-01,2017-12-31
845200,TB_e_inc_rr_num,COUNTRY,TTO,AMR,Americas,YEAR,2015,,,,,,,,,4 [0-9],4,0,9,,2025-11-11T16:20:50Z,2015,2015-01-01,2015-12-31
5741083,TB_e_inc_rr_num,COUNTRY,MDV,SEAR,South-East Asia,YEAR,2020,,,,,,,,,1 [0-3],1,0,3,,2025-11-11T16:20:50Z,2020,2020-01-01,2020-12-31
1124040,TB_e_inc_rr_num,COUNTRY,HUN,EUR,Europe,YEAR,2022,,,,,,,,,30 [20-40],30,20,40,,2025-11-11T16:20:50Z,2022,2022-01-01,2022-12-31
7686561,TB_e_inc_rr_num,COUNTRY,ROU,EUR,Europe,YEAR,2023,,,,,,,,,490 [370-610],490,370,610,,2025-11-11T16:20:50Z,2023,2023-01-01,2023-12-31
9335709,TB_e_inc_rr_num,COUNTRY,JPN,WPR,Western Pacific,YEAR,2024,,,,,,,,,410 [0-1100],410,0,1100,,2025-11-11T16:20:50Z,2024,2024-01-01,2024-12-31
6266863,TB_e_inc_rr_num,COUNTRY,SDN,EMR,Eastern Mediterranean,YEAR,2022,,,,,,,,,750 [170-1300],750,170,1300,,2025-11-11T16:20:50Z,2022,2022-01-01,2022-12-31
7920915,TB_e_inc_rr_num,COUNTRY,TTO,AMR,Americas,YEAR,2024,,,,,,,,,7 [0-14],7,0,14,,2025-11-11T16:20:50Z,2024,2024-01-01,2024-12-31
1927751,TB_e_inc_rr_num,COUNTRY,IDN,WPR,Western Pacific,YEAR,2024,,,,,,,,,26 000 [22 000-30 000],26000,22000,30000,,2025-11-11T16:20:50Z,2024,2024-01-01,2024-12-31
7008716,TB_e_inc_rr_num,COUNTRY,HTI,AMR,Americas,YEAR,2020,,,,,,,,,1200 [0-3300],1200,0,3300,,2025-11-11T16:20:50Z,2020,2020-01-01,2020-12-31
2180452,TB_e_inc_rr_num,COUNTRY,NLD,EUR,Europe,YEAR,2019,,,,,,,,,22 [16-29],22,16,29,,2025-11-11T16:20:50Z,2019,2019-01-01,2019-12-31
5563856,TB_e_inc_rr_num,COUNTRY,ERI,AFR,Africa,YEAR,2024,,,,,,,,,100 [61-150],100,61,150,,2025-11-11T16:20:50Z,2024,2024-01-01,2024-12-31
9329403,TB_e_inc_rr_num,COUNTRY,NPL,SEAR,South-East Asia,YEAR,2018,,,,,,,,,2800 [1200-4400],2800,1200,4400,,2025-11-11T16:20:50Z,2018,2018-01-01,2018-12-31
1490518,TB_e_inc_rr_num,COUNTRY,SUR,AMR,Americas,YEAR,2018,,,,,,,,,29 [18-41],29,18,41,,2025-11-11T16:20:50Z,2018,2018-01-01,2018-12-31
3239879,TB_e_inc_rr_num,COUNTRY,KEN,AFR,Africa,YEAR,2022,,,,,,,,,1200 [550-1900],1200,550,1900,,2025-11-11T16:20:50Z,2022,2022-01-01,2022-12-31
3334881,TB_e_inc_rr_num,COUNTRY,ESP,EUR,Europe,YEAR,2016,,,,,,,,,260 [93-430],260,93,430,,2025-11-11T16:20:50Z,2016,2016-01-01,2016-12-31
390148,TB_e_inc_rr_num,COUNTRY,KHM,WPR,Western Pacific,YEAR,2020,,,,,,,,,370 [240-500],370,240,500,,2025-11-11T16:20:50Z,2020,2020-01-01,2020-12-31
8652422,TB_e_inc_rr_num,COUNTRY,PRI,AMR,Americas,YEAR,2020,,,,,,,,,1 [0-2],1,0,2,,2025-11-11T16:20:50Z,2020,2020-01-01,2020-12-31
3904832,TB_e_inc_rr_num,COUNTRY,EGY,EMR,Eastern Mediterranean,YEAR,2022,,,,,,,,,170 [120-210],170,120,210,,2025-11-11T16:20:50Z,2022,2022-01-01,2022-12-31
7914605,TB_e_inc_rr_num,COUNTRY,PRT,EUR,Europe,YEAR,2022,,,,,,,,,21 [10-31],21,10,31,,2025-11-11T16:20:50Z,2022,2022-01-01,2022-12-31
8038466,TB_e_inc_rr_num,COUNTRY,HND,AMR,Americas,YEAR,2020,,,,,,,,,79 [0-170],79,0,170,,2025-11-11T16:20:50Z,2020,2020-01-01,2020-12-31
1579243,TB_e_inc_rr_num,REGION,EUR,,,YEAR,2019,,,,,,,,,70 000 [54 000-85 000],70000,54000,85000,,2025-11-11T16:20:50Z,2019,2019-01-01,2019-12-31
8310580,TB_e_inc_rr_num,COUNTRY,NGA,AFR,Africa,YEAR,2017,,,,,,,,,17 000 [10 000-24 000],17000,10000,24000,,2025-11-11T16:20:50Z,2017,2017-01-01,2017-12-31
6723866,TB_e_inc_rr_num,COUNTRY,CYP,EUR,Europe,YEAR,2017,,,,,,,,,1 [1-2],1,1,2,,2025-11-11T16:20:50Z,2017,2017-01-01,2017-12-31
5677700,TB_e_inc_rr_num,COUNTRY,GAB,AFR,Africa,YEAR,2019,,,,,,,,,610 [87-1100],610,87,1100,,2025-11-11T16:20:50Z,2019,2019-01-01,2019-12-31
2478175,TB_e_inc_rr_num,COUNTRY,LBR,AFR,Africa,YEAR,2024,,,,,,,,,410 [0-1200],410,0,1200,,2025-11-11T16:20:50Z,2024,2024-01-01,2024-12-31
4126842,TB_e_inc_rr_num,COUNTRY,MAC,,,YEAR,2019,,,,,,,,,16 [11-21],16,11,21,,2025-11-11T16:20:50Z,2019,2019-01-01,2019-12-31
2807122,TB_e_inc_rr_num,COUNTRY,SEN,AFR,Africa,YEAR,2016,,,,,,,,,430 [100-760],430,100,760,,2025-11-11T16:20:50Z,2016,2016-01-01,2016-12-31
1522278,TB_e_inc_rr_num,COUNTRY,LKA,SEAR,South-East Asia,YEAR,2021,,,,,,,,,75 [0-170],75,0,170,,2025-11-11T16:20:50Z,2021,2021-01-01,2021-12-31
8019436,TB_e_inc_rr_num,COUNTRY,JOR,EMR,Eastern Mediterranean,YEAR,2015,,,,,,,,,31 [16-45],31,16,45,,2025-11-11T16:20:50Z,2015,2015-01-01,2015-12-31
6406726,TB_e_inc_rr_num,COUNTRY,DJI,EMR,Eastern Mediterranean,YEAR,2020,,,,,,,,,210 [0-430],210,0,430,,2025-11-11T16:20:50Z,2020,2020-01-01,2020-12-31
194207,TB_e_inc_rr_num,COUNTRY,MMR,SEAR,South-East Asia,YEAR,2017,,,,,,,,,11 000 [5200-17 000],11000,5200,17000,,2025-11-11T16:20:50Z,2017,2017-01-01,2017-12-31
7015171,TB_e_inc_rr_num,COUNTRY,NGA,AFR,Africa,YEAR,2016,,,,,,,,,19 000 [11 000-27 000],19000,11000,27000,,2025-11-11T16:20:50Z,2016,2016-01-01,2016-12-31
541765,TB_e_inc_rr_num,COUNTRY,LBR,AFR,Africa,YEAR,2018,,,,,,,,,600 [0-2000],600,0,2000,,2025-11-11T16:20:50Z,2018,2018-01-01,2018-12-31
7528745,TB_e_inc_rr_num,COUNTRY,KAZ,EUR,Europe,YEAR,2015,,,,,,,,,4900 [3900-6000],4900,3900,6000,,2025-11-11T16:20:50Z,2015,2015-01-01,2015-12-31
9576754,TB_e_inc_rr_num,COUNTRY,LTU,EUR,Europe,YEAR,2018,,,,,,,,,260 [210-320],260,210,320,,2025-11-11T16:20:50Z,2018,2018-01-01,2018-12-31
4841706,TB_e_inc_rr_num,COUNTRY,GNQ,AFR,Africa,YEAR,2015,,,,,,,,,170 [0-380],170,0,380,,2025-11-11T16:20:50Z,2015,2015-01-01,2015-12-31
8291852,TB_e_inc_rr_num,COUNTRY,COD,AFR,Africa,YEAR,2022,,,,,,,,,7100 [150-14 000],7100,150,14000,,2025-11-11T16:20:50Z,2022,2022-01-01,2022-12-31
5544912,TB_e_inc_rr_num,COUNTRY,MOZ,AFR,Africa,YEAR,2019,,,,,,,,,3900 [2200-5600],3900,2200,5600,,2025-11-11T16:20:50Z,2019,2019-01-01,2019-12-31
6527366,TB_e_inc_rr_num,COUNTRY,SEN,AFR,Africa,YEAR,2017,,,,,,,,,420 [110-730],420,110,730,,2025-11-11T16:20:50Z,2017,2017-01-01,2017-12-31
8683558,TB_e_inc_rr_num,COUNTRY,NIC,AMR,Americas,YEAR,2024,,,,,,,,,55 [23-86],55,23,86,,2025-11-11T16:20:50Z,2024,2024-01-01,2024-12-31
611288,TB_e_inc_rr_num,COUNTRY,BHS,AMR,Americas,YEAR,2015,,,,,,,,,7 [3-11],7,3,11,,2025-11-11T16:20:50Z,2015,2015-01-01,2015-12-31
1238133,TB_e_inc_rr_num,COUNTRY,MDG,AFR,Africa,YEAR,2022,,,,,,,,,400 [18-790],400,18,790,,2025-11-11T16:20:50Z,2022,2022-01-01,2022-12-31
3157638,TB_e_inc_rr_num,COUNTRY,PRY,AMR,Americas,YEAR,2023,,,,,,,,,35 [22-49],35,22,49,,2025-11-11T16:20:50Z,2023,2023-01-01,2023-12-31
7142222,TB_e_inc_rr_num,COUNTRY,MAC,,,YEAR,2015,,,,,,,,,17 [12-22],17,12,22,,2025-11-11T16:20:50Z,2015,2015-01-01,2015-12-31
8885633,TB_e_inc_rr_num,COUNTRY,CAF,AFR,Africa,YEAR,2021,,,,,,,,,380 [110-650],380,110,650,,2025-11-11T16:20:50Z,2021,2021-01-01,2021-12-31
4044572,TB_e_inc_rr_num,COUNTRY,BEL,EUR,Europe,YEAR,2016,,,,,,,,,32 [0-67],32,0,67,,2025-11-11T16:20:50Z,2016,2016-01-01,2016-12-31
839006,TB_e_inc_rr_num,COUNTRY,AUT,EUR,Europe,YEAR,2017,,,,,,,,,27 [17-36],27,17,36,,2025-11-11T16:20:50Z,2017,2017-01-01,2017-12-31
4095409,TB_e_inc_rr_num,COUNTRY,TJK,EUR,Europe,YEAR,2015,,,,,,,,,2000 [1600-2400],2000,1600,2400,,2025-11-11T16:20:50Z,2015,2015-01-01,2015-12-31
2509957,TB_e_inc_rr_num,COUNTRY,PRY,AMR,Americas,YEAR,2024,,,,,,,,,35 [22-49],35,22,49,,2025-11-11T16:20:50Z,2024,2024-01-01,2024-12-31
4310915,TB_e_inc_rr_num,COUNTRY,EGY,EMR,Eastern Mediterranean,YEAR,2018,,,,,,,,,500 [370-630],500,370,630,,2025-11-11T16:20:50Z,2018,2018-01-01,2018-12-31
4499244,TB_e_inc_rr_num,COUNTRY,BFA,AFR,Africa,YEAR,2015,,,,,,,,,310 [87-530],310,87,530,,2025-11-11T16:20:50Z,2015,2015-01-01,2015-12-31
9798745,TB_e_inc_rr_num,COUNTRY,KIR,WPR,Western Pacific,YEAR,2024,,,,,,,,,18 [5-30],18,5,30,,2025-11-11T16:20:50Z,2024,2024-01-01,2024-12-31
9912376,TB_e_inc_rr_num,COUNTRY,LBN,EMR,Eastern Mediterranean,YEAR,2018,,,,,,,,,15 [9-21],15,9,21,,2025-11-11T16:20:50Z,2018,2018-01-01,2018-12-31
10146884,TB_e_inc_rr_num,COUNTRY,DZA,AFR,Africa,YEAR,2019,,,,,,,,,490 [0-1100],490,0,1100,,2025-11-11T16:20:50Z,2019,2019-01-01,2019-12-31
497375,TB_e_inc_rr_num,COUNTRY,LTU,EUR,Europe,YEAR,2015,,,,,,,,,350 [270-420],350,270,420,,2025-11-11T16:20:50Z,2015,2015-01-01,2015-12-31
661486,TB_e_inc_rr_num,COUNTRY,RWA,AFR,Africa,YEAR,2015,,,,,,,,,200 [130-270],200,130,270,,2025-11-11T16:20:50Z,2015,2015-01-01,2015-12-31
1041582,TB_e_inc_rr_num,COUNTRY,AZE,EUR,Europe,YEAR,2019,,,,,,,,,1600 [1300-2000],1600,1300,2000,,2025-11-11T16:20:50Z,2019,2019-01-01,2019-12-31
7623457,TB_e_inc_rr_num,COUNTRY,MNG,WPR,Western Pacific,YEAR,2024,,,,,,,,,1000 [440-1600],1000,440,1600,,2025-11-11T16:20:50Z,2024,2024-01-01,2024-12-31
9259790,TB_e_inc_rr_num,COUNTRY,DNK,EUR,Europe,YEAR,2019,,,,,,,,,6 [3-8],6,3,8,,2025-11-11T16:20:50Z,2019,2019-01-01,2019-12-31
6533732,TB_e_inc_rr_num,COUNTRY,NPL,SEAR,South-East Asia,YEAR,2021,,,,,,,,,2600 [1300-3900],2600,1300,3900,,2025-11-11T16:20:50Z,2021,2021-01-01,2021-12-31
3474272,TB_e_inc_rr_num,COUNTRY,ESP,EUR,Europe,YEAR,2017,,,,,,,,,210 [90-320],210,90,320,,2025-11-11T16:20:50Z,2017,2017-01-01,2017-12-31
3854390,TB_e_inc_rr_num,COUNTRY,AZE,EUR,Europe,YEAR,2018,,,,,,,,,1800 [1400-2200],1800,1400,2200,,2025-11-11T16:20:50Z,2018,2018-01-01,2018-12-31
2642356,TB_e_inc_rr_num,COUNTRY,BIH,EUR,Europe,YEAR,2020,,,,,,,,,3 [1-5],3,1,5,,2025-11-11T16:20:50Z,2020,2020-01-01,2020-12-31
9393048,TB_e_inc_rr_num,COUNTRY,ECU,AMR,Americas,YEAR,2015,,,,,,,,,470 [360-580],470,360,580,,2025-11-11T16:20:50Z,2015,2015-01-01,2015-12-31
4689377,TB_e_inc_rr_num,COUNTRY,CMR,AFR,Africa,YEAR,2024,,,,,,,,,620 [0-1200],620,0,1200,,2025-11-11T16:20:50Z,2024,2024-01-01,2024-12-31
6654252,TB_e_inc_rr_num,COUNTRY,MEX,AMR,Americas,YEAR,2019,,,,,,,,,1100 [270-2000],1100,270,2000,,2025-11-11T16:20:50Z,2019,2019-01-01,2019-12-31
4310973,TB_e_inc_rr_num,COUNTRY,MWI,AFR,Africa,YEAR,2020,,,,,,,,,640 [230-1000],640,230,1000,,2025-11-11T16:20:50Z,2020,2020-01-01,2020-12-31
4404650,TB_e_inc_rr_num,COUNTRY,LUX,EUR,Europe,YEAR,2024,,,,,,,,,1 [0-2],1,0,2,,2025-11-11T16:20:50Z,2024,2024-01-01,2024-12-31
6267129,TB_e_inc_rr_num,COUNTRY,GNB,AFR,Africa,YEAR,2023,,,,,,,,,84 [21-150],84,21,150,,2025-11-11T16:20:50Z,2023,2023-01-01,2023-12-31
