Id,IndicatorCode,SpatialDimension,SpatialDimensionValueCode,ParentLocationCode,ParentLocation,TimeDimension,TimeDim,DisaggregatingDimension1,DisaggregatingDimension1ValueCode,DisaggregatingDimension2,DisaggregatingDimension2ValueCode,DisaggregatingDimension3,DisaggregatingDimension3ValueCode,DataSourceDimension,DataSourceDimensionValueCode,Value,NumericValue,Low,High,Comments,Date,TimeDimensionValue,TimeDimensionBegin,TimeDimensionEnd
3036233,TB_e_mort_exc_tbhiv_num,COUNTRY,AGO,AFR,Africa,YEAR,2012,,,,,,,,,22 000 [15 000-30 000],22000,15000,30000,,2025-11-11T14:30:16Z,2012,2012-01-01,2012-12-31
307,TB_e_mort_exc_tbhiv_num,COUNTRY,CPV,AFR,Africa,YEAR,2011,,,,,,,,,32 [28-37],32,28,37,,2025-11-11T14:30:16Z,2011,2011-01-01,2011-12-31
5092,TB_e_mort_exc_tbhiv_num,REGION,WPR,,,YEAR,2004,,,,,,,,,281 000 [262 000-300 000],281000,262000,300000,,2025-11-11T14:30:16Z,2004,2004-01-01,2004-12-31
5632,TB_e_mort_exc_tbhiv_num,COUNTRY,UKR,EUR,Europe,YEAR,2009,,,,,,,,,8600 [8500-8800],8600,8500,8800,,2025-11-11T14:30:16Z,2009,2009-01-01,2009-12-31
11721,TB_e_mort_exc_tbhiv_num,COUNTRY,FRA,EUR,Europe,YEAR,2003,,,,,,,,,1000 [970-1000],1000,970,1000,,2025-11-11T14:30:16Z,2003,2003-01-01,2003-12-31
13893,TB_e_mort_exc_tbhiv_num,COUNTRY,ARM,EUR,Europe,YEAR,2023,,,,,,,,,27 [22-34],27,22,34,,2025-11-11T14:30:16Z,2023,2023-01-01,2023-12-31
19408,TB_e_mort_exc_tbhiv_num,COUNTRY,GAB,AFR,Africa,YEAR,2009,,,,,,,,,1000 [600-1600],1000,600,1600,,2025-11-11T14:30:16Z,2009,2009-01-01,2009-12-31
20708,TB_e_mort_exc_tbhiv_num,COUNTRY,GNQ,AFR,Africa,YEAR,2000,,,,,,,,,440 [150-880],440,150,880,,2025-11-11T14:30:16Z,2000,2000-01-01,2000-12-31
20858,TB_e_mort_exc_tbhiv_num,COUNTRY,SGP,WPR,Western Pacific,YEAR,2023,,,,,,,,,23 [22-24],23,22,24,,2025-11-11T14:30:16Z,2023,2023-01-01,2023-12-31
23510,TB_e_mort_exc_tbhiv_num,COUNTRY,BEL,EUR,Europe,YEAR,2006,,,,,,,,,62 [60-63],62,60,63,,2025-11-11T14:30:16Z,2006,2006-01-01,2006-12-31
25152,TB_e_mort_exc_tbhiv_num,COUNTRY,CIV,AFR,Africa,YEAR,2003,,,,,,,,,4700 [2500-7500],4700,2500,7500,,2025-11-11T14:30:16Z,2003,2003-01-01,2003-12-31
25597,TB_e_mort_exc_tbhiv_num,COUNTRY,ROU,EUR,Europe,YEAR,2007,,,,,,,,,1600 [1600-1600],1600,1600,1600,,2025-11-11T14:30:16Z,2007,2007-01-01,2007-12-31
30920,TB_e_mort_exc_tbhiv_num,COUNTRY,LSO,AFR,Africa,YEAR,2004,,,,,,,,,1600 [570-3200],1600,570,3200,,2025-11-11T14:30:16Z,2004,2004-01-01,2004-12-31
33466,TB_e_mort_exc_tbhiv_num,COUNTRY,HND,AMR,Americas,YEAR,2007,,,,,,,,,380 [310-460],380,310,460,,2025-11-11T14:30:16Z,2007,2007-01-01,2007-12-31
37770,TB_e_mort_exc_tbhiv_num,COUNTRY,LBR,AFR,Africa,YEAR,2024,,,,,,,,,1600 [1100-2200],1600,1100,2200,,2025-11-11T14:30:16Z,2024,2024-01-01,2024-12-31
43273,TB_e_mort_exc_tbhiv_num,COUNTRY,JAM,AMR,Americas,YEAR,2022,,,,,,,,,8 [6-9],8,6,9,,2025-11-11T14:30:16Z,2022,2022-01-01,2022-12-31
43887,TB_e_mort_exc_tbhiv_num,COUNTRY,UGA,AFR,Africa,YEAR,2024,,,,,,,,,4600 [2200-7700],4600,2200,7700,,2025-11-11T14:30:16Z,2024,2024-01-01,2024-12-31
44348,TB_e_mort_exc_tbhiv_num,COUNTRY,SEN,AFR,Africa,YEAR,2017,,,,,,,,,4500 [3100-6200],4500,3100,6200,,2025-11-11T14:30:16Z,2017,2017-01-01,2017-12-31
45791,TB_e_mort_exc_tbhiv_num,COUNTRY,LBY,EMR,Eastern Mediterranean,YEAR,2023,,,,,,,,,840 [370-1500],840,370,1500,,2025-11-11T14:30:16Z,2023,2023-01-01,2023-12-31
50606,TB_e_mort_exc_tbhiv_num,COUNTRY,PRT,EUR,Europe,YEAR,2002,,,,,,,,,380 [360-410],380,360,410,,2025-11-11T14:30:16Z,2002,2002-01-01,2002-12-31
51856,TB_e_mort_exc_tbhiv_num,COUNTRY,EST,EUR,Europe,YEAR,2017,,,,,,,,,24 [23-24],24,23,24,,2025-11-11T14:30:16Z,2017,2017-01-01,2017-12-31
59286,TB_e_mort_exc_tbhiv_num,COUNTRY,CMR,AFR,Africa,YEAR,2011,,,,,,,,,7900 [5500-11 000],7900,5500,11000,,2025-11-11T14:30:16Z,2011,2011-01-01,2011-12-31
63129,TB_e_mort_exc_tbhiv_num,COUNTRY,TGO,AFR,Africa,YEAR,2021,,,,,,,,,700 [270-1300],700,270,1300,,2025-11-11T14:30:16Z,2021,2021-01-01,2021-12-31
63746,TB_e_mort_exc_tbhiv_num,COUNTRY,KEN,AFR,Africa,YEAR,2002,,,,,,,,,20 000 [8200-37 000],20000,8200,37000,,2025-11-11T14:30:16Z,2002,2002-01-01,2002-12-31
65834,TB_e_mort_exc_tbhiv_num,COUNTRY,DEU,EUR,Europe,YEAR,2005,,,,,,,,,450 [450-460],450,450,460,,2025-11-11T14:30:16Z,2005,2005-01-01,2005-12-31
69394,TB_e_mort_exc_tbhiv_num,COUNTRY,LVA,EUR,Europe,YEAR,2020,,,,,,,,,61 [60-63],61,60,63,,2025-11-11T14:30:16Z,2020,2020-01-01,2020-12-31
70284,TB_e_mort_exc_tbhiv_num,COUNTRY,MDG,AFR,Africa,YEAR,2007,,,,,,,,,12 000 [8400-16 000],12000,8400,16000,,2025-11-11T14:30:16Z,2007,2007-01-01,2007-12-31
70702,TB_e_mort_exc_tbhiv_num,COUNTRY,IDN,WPR,Western Pacific,YEAR,2020,,,,,,,,,101 000 [93 000-109 000],101000,93000,109000,,2025-11-11T14:30:16Z,2020,2020-01-01,2020-12-31
72200,TB_e_mort_exc_tbhiv_num,COUNTRY,TCD,AFR,Africa,YEAR,2001,,,,,,,,,1900 [1100-2900],1900,1100,2900,,2025-11-11T14:30:16Z,2001,2001-01-01,2001-12-31
74780,TB_e_mort_exc_tbhiv_num,COUNTRY,UKR,EUR,Europe,YEAR,2010,,,,,,,,,7800 [7700-7900],7800,7700,7900,,2025-11-11T14:30:16Z,2010,2010-01-01,2010-12-31
77616,TB_e_mort_exc_tbhiv_num,COUNTRY,ITA,EUR,Europe,YEAR,2017,,,,,,,,,300 [300-300],300,300,300,,2025-11-11T14:30:16Z,2017,2017-01-01,2017-12-31
84091,TB_e_mort_exc_tbhiv_num,COUNTRY,STP,AFR,Africa,YEAR,2018,,,,,,,,,44 [30-60],44,30,60,,2025-11-11T14:30:16Z,2018,2018-01-01,2018-12-31
87418,TB_e_mort_exc_tbhiv_num,WORLDBANKINCOMEGROUP,WB_HI,,,YEAR,2005,,,,,,,,,53 000 [52 000-54 000],53000,52000,54000,,2025-11-11T14:30:16Z,2005,2005-01-01,2005-12-31
88889,TB_e_mort_exc_tbhiv_num,COUNTRY,BDI,AFR,Africa,YEAR,2013,,,,,,,,,2700 [1800-3700],2700,1800,3700,,2025-11-11T14:30:16Z,2013,2013-01-01,2013-12-31
88922,TB_e_mort_exc_tbhiv_num,COUNTRY,ZWE,AFR,Africa,YEAR,2014,,,,,,,,,1500 [940-2200],1500,940,2200,,2025-11-11T14:30:16Z,2014,2014-01-01,2014-12-31
93332,TB_e_mort_exc_tbhiv_num,COUNTRY,UZB,EUR,Europe,YEAR,2022,,,,,,,,,510 [490-520],510,490,520,,2025-11-11T14:30:16Z,2022,2022-01-01,2022-12-31
94294,TB_e_mort_exc_tbhiv_num,COUNTRY,TTO,AMR,Americas,YEAR,2009,,,,,,,,,20 [19-20],20,19,20,,2025-11-11T14:30:16Z,2009,2009-01-01,2009-12-31
96692,TB_e_mort_exc_tbhiv_num,COUNTRY,RWA,AFR,Africa,YEAR,2010,,,,,,,,,650 [410-930],650,410,930,,2025-11-11T14:30:16Z,2010,2010-01-01,2010-12-31
101778,TB_e_mort_exc_tbhiv_num,WORLDBANKINCOMEGROUP,WB_HI,,,YEAR,2013,,,,,,,,,31 000 [30 000-32 000],31000,30000,32000,,2025-11-11T14:30:16Z,2013,2013-01-01,2013-12-31
109507,TB_e_mort_exc_tbhiv_num,COUNTRY,ZWE,AFR,Africa,YEAR,2015,,,,,,,,,1100 [710-1600],1100,710,1600,,2025-11-11T14:30:16Z,2015,2015-01-01,2015-12-31
113776,TB_e_mort_exc_tbhiv_num,COUNTRY,LTU,EUR,Europe,YEAR,2017,,,,,,,,,160 [160-170],160,160,170,,2025-11-11T14:30:16Z,2017,2017-01-01,2017-12-31
118758,TB_e_mort_exc_tbhiv_num,COUNTRY,CUB,AMR,Americas,YEAR,2020,,,,,,,,,35 [35-36],35,35,36,,2025-11-11T14:30:16Z,2020,2020-01-01,2020-12-31
120415,TB_e_mort_exc_tbhiv_num,COUNTRY,PAK,EMR,Eastern Mediterranean,YEAR,2020,,,,,,,,,50 000 [40 000-62 000],50000,40000,62000,,2025-11-11T14:30:16Z,2020,2020-01-01,2020-12-31
120680,TB_e_mort_exc_tbhiv_num,COUNTRY,NPL,SEAR,South-East Asia,YEAR,2011,,,,,,,,,20 000 [12 000-31 000],20000,12000,31000,,2025-11-11T14:30:16Z,2011,2011-01-01,2011-12-31
120720,TB_e_mort_exc_tbhiv_num,COUNTRY,JOR,EMR,Eastern Mediterranean,YEAR,2012,,,,,,,,,15 [13-16],15,13,16,,2025-11-11T14:30:16Z,2012,2012-01-01,2012-12-31
120898,TB_e_mort_exc_tbhiv_num,COUNTRY,GEO,EUR,Europe,YEAR,2024,,,,,,,,,58 [33-89],58,33,89,,2025-11-11T14:30:16Z,2024,2024-01-01,2024-12-31
133115,TB_e_mort_exc_tbhiv_num,COUNTRY,TUR,EUR,Europe,YEAR,2019,,,,,,,,,410 [400-430],410,400,430,,2025-11-11T14:30:16Z,2019,2019-01-01,2019-12-31
134430,TB_e_mort_exc_tbhiv_num,COUNTRY,HRV,EUR,Europe,YEAR,2008,,,,,,,,,100 [100-100],100,100,100,,2025-11-11T14:30:16Z,2008,2008-01-01,2008-12-31
137469,TB_e_mort_exc_tbhiv_num,COUNTRY,KOR,WPR,Western Pacific,YEAR,2015,,,,,,,,,2600 [2500-2800],2600,2500,2800,,2025-11-11T14:30:16Z,2015,2015-01-01,2015-12-31
139488,TB_e_mort_exc_tbhiv_num,COUNTRY,BHR,EMR,Eastern Mediterranean,YEAR,2023,,,,,,,,,15 [9-22],15,9,22,,2025-11-11T14:30:16Z,2023,2023-01-01,2023-12-31
144842,TB_e_mort_exc_tbhiv_num,COUNTRY,SVN,EUR,Europe,YEAR,2012,,,,,,,,,11 [11-11],11,11,11,,2025-11-11T14:30:16Z,2012,2012-01-01,2012-12-31
150936,TB_e_mort_exc_tbhiv_num,COUNTRY,RUS,EUR,Europe,YEAR,2003,,,,,,,,,33 000 [32 000-34 000],33000,32000,34000,,2025-11-11T14:30:16Z,2003,2003-01-01,2003-12-31
151811,TB_e_mort_exc_tbhiv_num,COUNTRY,PER,AMR,Americas,YEAR,2013,,,,,,,,,1800 [1500-2000],1800,1500,2000,,2025-11-11T14:30:16Z,2013,2013-01-01,2013-12-31
156736,TB_e_mort_exc_tbhiv_num,COUNTRY,ARM,EUR,Europe,YEAR,2017,,,,,,,,,45 [44-45],45,44,45,,2025-11-11T14:30:16Z,2017,2017-01-01,2017-12-31
157617,TB_e_mort_exc_tbhiv_num,WORLDBANKINCOMEGROUP,WB_UMI,,,YEAR,2003,,,,,,,,,304 000 [287 000-322 000],304000,287000,322000,,2025-11-11T14:30:16Z,2003,2003-01-01,2003-12-31
157981,TB_e_mort_exc_tbhiv_num,COUNTRY,BGR,EUR,Europe,YEAR,2021,,,,,,,,,59 [56-61],59,56,61,,2025-11-11T14:30:16Z,2021,2021-01-01,2021-12-31
158359,TB_e_mort_exc_tbhiv_num,COUNTRY,MNG,WPR,Western Pacific,YEAR,2021,,,,,,,,,360 [310-410],360,310,410,,2025-11-11T14:30:16Z,2021,2021-01-01,2021-12-31
158556,TB_e_mort_exc_tbhiv_num,COUNTRY,CHL,AMR,Americas,YEAR,2001,,,,,,,,,630 [620-640],630,620,640,,2025-11-11T14:30:16Z,2001,2001-01-01,2001-12-31
158722,TB_e_mort_exc_tbhiv_num,COUNTRY,MAC,,,YEAR,2013,,,,,,,,,140 [94-190],140,94,190,,2025-11-11T14:30:16Z,2013,2013-01-01,2013-12-31
159695,TB_e_mort_exc_tbhiv_num,COUNTRY,SYR,EMR,Eastern Mediterranean,YEAR,2024,,,,,,,,,33 [29-37],33,29,37,,2025-11-11T14:30:16Z,2024,2024-01-01,2024-12-31
164339,TB_e_mort_exc_tbhiv_num,COUNTRY,CHN,WPR,Western Pacific,YEAR,2008,,,,,,,,,55 000 [50 000-61 000],55000,50000,61000,,2025-11-11T14:30:16Z,2008,2008-01-01,2008-12-31
171233,TB_e_mort_exc_tbhiv_num,COUNTRY,UZB,EUR,Europe,YEAR,2006,,,,,,,,,3600 [3000-4300],3600,3000,4300,,2025-11-11T14:30:16Z,2006,2006-01-01,2006-12-31
171234,TB_e_mort_exc_tbhiv_num,COUNTRY,GBR,EUR,Europe,YEAR,2021,,,,,,,,,200 [200-210],200,200,210,,2025-11-11T14:30:16Z,2021,2021-01-01,2021-12-31
171542,TB_e_mort_exc_tbhiv_num,COUNTRY,BGR,EUR,Europe,YEAR,2024,,,,,,,,,94 [92-96],94,92,96,,2025-11-11T14:30:16Z,2024,2024-01-01,2024-12-31
172301,TB_e_mort_exc_tbhiv_num,COUNTRY,MNG,WPR,Western Pacific,YEAR,2003,,,,,,,,,470 [430-510],470,430,510,,2025-11-11T14:30:16Z,2003,2003-01-01,2003-12-31
172405,TB_e_mort_exc_tbhiv_num,COUNTRY,MLI,AFR,Africa,YEAR,2004,,,,,,,,,2100 [1100-3300],2100,1100,3300,,2025-11-11T14:30:16Z,2004,2004-01-01,2004-12-31
175603,TB_e_mort_exc_tbhiv_num,COUNTRY,VUT,WPR,Western Pacific,YEAR,2006,,,,,,,,,110 [83-140],110,83,140,,2025-11-11T14:30:16Z,2006,2006-01-01,2006-12-31
175767,TB_e_mort_exc_tbhiv_num,COUNTRY,RWA,AFR,Africa,YEAR,2000,,,,,,,,,450 [220-760],450,220,760,,2025-11-11T14:30:16Z,2000,2000-01-01,2000-12-31
177574,TB_e_mort_exc_tbhiv_num,COUNTRY,TJK,EUR,Europe,YEAR,2004,,,,,,,,,910 [840-990],910,840,990,,2025-11-11T14:30:16Z,2004,2004-01-01,2004-12-31
181785,TB_e_mort_exc_tbhiv_num,COUNTRY,PER,AMR,Americas,YEAR,2024,,,,,,,,,2900 [2000-3900],2900,2000,3900,,2025-11-11T14:30:16Z,2024,2024-01-01,2024-12-31
181909,TB_e_mort_exc_tbhiv_num,COUNTRY,USA,AMR,Americas,YEAR,2003,,,,,,,,,800 [800-810],800,800,810,,2025-11-11T14:30:16Z,2003,2003-01-01,2003-12-31
184662,TB_e_mort_exc_tbhiv_num,COUNTRY,GBR,EUR,Europe,YEAR,2002,,,,,,,,,510 [500-510],510,500,510,,2025-11-11T14:30:16Z,2002,2002-01-01,2002-12-31
195370,TB_e_mort_exc_tbhiv_num,COUNTRY,BRN,WPR,Western Pacific,YEAR,2016,,,,,,,,,16 [15-17],16,15,17,,2025-11-11T14:30:16Z,2016,2016-01-01,2016-12-31
198077,TB_e_mort_exc_tbhiv_num,COUNTRY,TTO,AMR,Americas,YEAR,2021,,,,,,,,,22 [21-22],22,21,22,,2025-11-11T14:30:16Z,2021,2021-01-01,2021-12-31
202458,TB_e_mort_exc_tbhiv_num,COUNTRY,IRQ,EMR,Eastern Mediterranean,YEAR,2001,,,,,,,,,1200 [1100-1400],1200,1100,1400,,2025-11-11T14:30:16Z,2001,2001-01-01,2001-12-31
203947,TB_e_mort_exc_tbhiv_num,COUNTRY,GNQ,AFR,Africa,YEAR,2014,,,,,,,,,600 [250-1100],600,250,1100,,2025-11-11T14:30:16Z,2014,2014-01-01,2014-12-31
210967,TB_e_mort_exc_tbhiv_num,COUNTRY,NAM,AFR,Africa,YEAR,2016,,,,,,,,,1700 [1100-2400],1700,1100,2400,,2025-11-11T14:30:16Z,2016,2016-01-01,2016-12-31
214446,TB_e_mort_exc_tbhiv_num,COUNTRY,MHL,WPR,Western Pacific,YEAR,2001,,,,,,,,,45 [31-61],45,31,61,,2025-11-11T14:30:16Z,2001,2001-01-01,2001-12-31
215037,TB_e_mort_exc_tbhiv_num,COUNTRY,SAU,EMR,Eastern Mediterranean,YEAR,2005,,,,,,,,,380 [320-450],380,320,450,,2025-11-11T14:30:16Z,2005,2005-01-01,2005-12-31
221188,TB_e_mort_exc_tbhiv_num,COUNTRY,UGA,AFR,Africa,YEAR,2000,,,,,,,,,6400 [2200-13 000],6400,2200,13000,,2025-11-11T14:30:16Z,2000,2000-01-01,2000-12-31
228790,TB_e_mort_exc_tbhiv_num,COUNTRY,ARE,EMR,Eastern Mediterranean,YEAR,2017,,,,,,,,,62 [36-96],62,36,96,,2025-11-11T14:30:16Z,2017,2017-01-01,2017-12-31
233192,TB_e_mort_exc_tbhiv_num,COUNTRY,UGA,AFR,Africa,YEAR,2022,,,,,,,,,1900 [290-5000],1900,290,5000,,2025-11-11T14:30:16Z,2022,2022-01-01,2022-12-31
233425,TB_e_mort_exc_tbhiv_num,COUNTRY,ERI,AFR,Africa,YEAR,2005,,,,,,,,,3400 [2300-4800],3400,2300,4800,,2025-11-11T14:30:16Z,2005,2005-01-01,2005-12-31
233924,TB_e_mort_exc_tbhiv_num,COUNTRY,AGO,AFR,Africa,YEAR,2009,,,,,,,,,28 000 [20 000-37 000],28000,20000,37000,,2025-11-11T14:30:16Z,2009,2009-01-01,2009-12-31
239616,TB_e_mort_exc_tbhiv_num,COUNTRY,ETH,AFR,Africa,YEAR,2009,,,,,,,,,36 000 [20 000-56 000],36000,20000,56000,,2025-11-11T14:30:16Z,2009,2009-01-01,2009-12-31
241144,TB_e_mort_exc_tbhiv_num,COUNTRY,NAM,AFR,Africa,YEAR,2007,,,,,,,,,1200 [430-2200],1200,430,2200,,2025-11-11T14:30:16Z,2007,2007-01-01,2007-12-31
245217,TB_e_mort_exc_tbhiv_num,COUNTRY,ALB,EUR,Europe,YEAR,2013,,,,,,,,,9 [4-14],9,4,14,,2025-11-11T14:30:16Z,2013,2013-01-01,2013-12-31
245898,TB_e_mort_exc_tbhiv_num,COUNTRY,DZA,AFR,Africa,YEAR,2022,,,,,,,,,3300 [2200-4600],3300,2200,4600,,2025-11-11T14:30:16Z,2022,2022-01-01,2022-12-31
245926,TB_e_mort_exc_tbhiv_num,COUNTRY,VEN,AMR,Americas,YEAR,2006,,,,,,,,,680 [680-680],680,680,680,,2025-11-11T14:30:16Z,2006,2006-01-01,2006-12-31
246748,TB_e_mort_exc_tbhiv_num,COUNTRY,NAM,AFR,Africa,YEAR,2020,,,,,,,,,1700 [1000-2500],1700,1000,2500,,2025-11-11T14:30:16Z,2020,2020-01-01,2020-12-31
247354,TB_e_mort_exc_tbhiv_num,COUNTRY,HUN,EUR,Europe,YEAR,2001,,,,,,,,,370 [370-370],370,370,370,,2025-11-11T14:30:16Z,2001,2001-01-01,2001-12-31
252342,TB_e_mort_exc_tbhiv_num,COUNTRY,URY,AMR,Americas,YEAR,2002,,,,,,,,,59 [56-61],59,56,61,,2025-11-11T14:30:16Z,2002,2002-01-01,2002-12-31
252724,TB_e_mort_exc_tbhiv_num,COUNTRY,GTM,AMR,Americas,YEAR,2015,,,,,,,,,340 [320-360],340,320,360,,2025-11-11T14:30:16Z,2015,2015-01-01,2015-12-31
258272,TB_e_mort_exc_tbhiv_num,COUNTRY,JAM,AMR,Americas,YEAR,2007,,,,,,,,,10 [9-10],10,9,10,,2025-11-11T14:30:16Z,2007,2007-01-01,2007-12-31
265669,TB_e_mort_exc_tbhiv_num,COUNTRY,SWZ,AFR,Africa,YEAR,2005,,,,,,,,,880 [310-1700],880,310,1700,,2025-11-11T14:30:16Z,2005,2005-01-01,2005-12-31
267972,TB_e_mort_exc_tbhiv_num,COUNTRY,LAO,WPR,Western Pacific,YEAR,2009,,,,,,,,,4600 [2700-6900],4600,2700,6900,,2025-11-11T14:30:16Z,2009,2009-01-01,2009-12-31
271493,TB_e_mort_exc_tbhiv_num,COUNTRY,RWA,AFR,Africa,YEAR,2024,,,,,,,,,350 [130-670],350,130,670,,2025-11-11T14:30:16Z,2024,2024-01-01,2024-12-31
272517,TB_e_mort_exc_tbhiv_num,COUNTRY,IRQ,EMR,Eastern Mediterranean,YEAR,2000,,,,,,,,,1300 [1100-1500],1300,1100,1500,,2025-11-11T14:30:16Z,2000,2000-01-01,2000-12-31
273289,TB_e_mort_exc_tbhiv_num,GLOBAL,GLOBAL,,,YEAR,2004,,,,,,,,,1 800 000 [1 610 000-2 000 000],1800000,1610000,2000000,,2025-11-11T14:30:16Z,2004,2004-01-01,2004-12-31
273411,TB_e_mort_exc_tbhiv_num,COUNTRY,BOL,AMR,Americas,YEAR,2017,,,,,,,,,1300 [920-1600],1300,920,1600,,2025-11-11T14:30:16Z,2017,2017-01-01,2017-12-31
277075,TB_e_mort_exc_tbhiv_num,COUNTRY,HKG,,,YEAR,2004,,,,,,,,,300 [290-300],300,290,300,,2025-11-11T14:30:16Z,2004,2004-01-01,2004-12-31
278882,TB_e_mort_exc_tbhiv_num,COUNTRY,MUS,AFR,Africa,YEAR,2016,,,,,,,,,19 [18-19],19,18,19,,2025-11-11T14:30:16Z,2016,2016-01-01,2016-12-31
283762,TB_e_mort_exc_tbhiv_num,COUNTRY,JPN,WPR,Western Pacific,YEAR,2006,,,,,,,,,4200 [4100-4300],4200,4100,4300,,2025-11-11T14:30:16Z,2006,2006-01-01,2006-12-31
285711,TB_e_mort_exc_tbhiv_num,COUNTRY,MNE,EUR,Europe,YEAR,2009,,,,,,,,,1 [1-1],1,1,1,,2025-11-11T14:30:16Z,2009,2009-01-01,2009-12-31
289459,TB_e_mort_exc_tbhiv_num,COUNTRY,STP,AFR,Africa,YEAR,2002,,,,,,,,,87 [57-120],87,57,120,,2025-11-11T14:30:16Z,2002,2002-01-01,2002-12-31
292370,TB_e_mort_exc_tbhiv_num,COUNTRY,MYS,WPR,Western Pacific,YEAR,2015,,,,,,,,,1700 [870-2800],1700,870,2800,,2025-11-11T14:30:16Z,2015,2015-01-01,2015-12-31
296285,TB_e_mort_exc_tbhiv_num,COUNTRY,SLV,AMR,Americas,YEAR,2013,,,,,,,,,72 [61-83],72,61,83,,2025-11-11T14:30:16Z,2013,2013-01-01,2013-12-31
298784,TB_e_mort_exc_tbhiv_num,COUNTRY,CHN,WPR,Western Pacific,YEAR,2000,,,,,,,,,111 000 [85 000-140 000],111000,85000,140000,,2025-11-11T14:30:16Z,2000,2000-01-01,2000-12-31
302390,TB_e_mort_exc_tbhiv_num,WORLDBANKINCOMEGROUP,WB_LMI,,,YEAR,2010,,,,,,,,,994 000 [856 000-1 140 000],994000,856000,1140000,,2025-11-11T14:30:16Z,2010,2010-01-01,2010-12-31
303870,TB_e_mort_exc_tbhiv_num,COUNTRY,BWA,AFR,Africa,YEAR,2001,,,,,,,,,640 [230-1200],640,230,1200,,2025-11-11T14:30:16Z,2001,2001-01-01,2001-12-31
304445,TB_e_mort_exc_tbhiv_num,COUNTRY,MEX,AMR,Americas,YEAR,2020,,,,,,,,,2200 [2200-2200],2200,2200,2200,,2025-11-11T14:30:16Z,2020,2020-01-01,2020-12-31
306285,TB_e_mort_exc_tbhiv_num,COUNTRY,CHE,EUR,Europe,YEAR,2010,,,,,,,,,27 [27-28],27,27,28,,2025-11-11T14:30:16Z,2010,2010-01-01,2010-12-31
308623,TB_e_mort_exc_tbhiv_num,COUNTRY,GHA,AFR,Africa,YEAR,2012,,,,,,,,,11 000 [4800-19 000],11000,4800,19000,,2025-11-11T14:30:16Z,2012,2012-01-01,2012-12-31
311263,TB_e_mort_exc_tbhiv_num,COUNTRY,CIV,AFR,Africa,YEAR,2021,,,,,,,,,5200 [3300-7600],5200,3300,7600,,2025-11-11T14:30:16Z,2021,2021-01-01,2021-12-31
315200,TB_e_mort_exc_tbhiv_num,COUNTRY,ZAF,AFR,Africa,YEAR,2013,,,,,,,,,21 000 [20 000-22 000],21000,20000,22000,,2025-11-11T14:30:16Z,2013,2013-01-01,2013-12-31
316218,TB_e_mort_exc_tbhiv_num,COUNTRY,PHL,WPR,Western Pacific,YEAR,2008,,,,,,,,,31 000 [28 000-35 000],31000,28000,35000,,2025-11-11T14:30:16Z,2008,2008-01-01,2008-12-31
316447,TB_e_mort_exc_tbhiv_num,COUNTRY,CAF,AFR,Africa,YEAR,2002,,,,,,,,,4300 [1500-8500],4300,1500,8500,,2025-11-11T14:30:16Z,2002,2002-01-01,2002-12-31
316516,TB_e_mort_exc_tbhiv_num,COUNTRY,BDI,AFR,Africa,YEAR,2011,,,,,,,,,2700 [1900-3800],2700,1900,3800,,2025-11-11T14:30:16Z,2011,2011-01-01,2011-12-31
321882,TB_e_mort_exc_tbhiv_num,COUNTRY,NER,AFR,Africa,YEAR,2003,,,,,,,,,3000 [1900-4400],3000,1900,4400,,2025-11-11T14:30:16Z,2003,2003-01-01,2003-12-31
323458,TB_e_mort_exc_tbhiv_num,COUNTRY,RUS,EUR,Europe,YEAR,2014,,,,,,,,,16 000 [15 000-17 000],16000,15000,17000,,2025-11-11T14:30:16Z,2014,2014-01-01,2014-12-31
325361,TB_e_mort_exc_tbhiv_num,WORLDBANKINCOMEGROUP,WB_UMI,,,YEAR,2011,,,,,,,,,231 000 [223 000-239 000],231000,223000,239000,,2025-11-11T14:30:16Z,2011,2011-01-01,2011-12-31
329348,TB_e_mort_exc_tbhiv_num,COUNTRY,SVK,EUR,Europe,YEAR,2007,,,,,,,,,35 [35-36],35,35,36,,2025-11-11T14:30:16Z,2007,2007-01-01,2007-12-31
330669,TB_e_mort_exc_tbhiv_num,COUNTRY,OMN,EMR,Eastern Mediterranean,YEAR,2002,,,,,,,,,18 [14-22],18,14,22,,2025-11-11T14:30:16Z,2002,2002-01-01,2002-12-31
331693,TB_e_mort_exc_tbhiv_num,COUNTRY,NZL,WPR,Western Pacific,YEAR,2005,,,,,,,,,21 [21-21],21,21,21,,2025-11-11T14:30:16Z,2005,2005-01-01,2005-12-31
340619,TB_e_mort_exc_tbhiv_num,COUNTRY,KWT,EMR,Eastern Mediterranean,YEAR,2015,,,,,,,,,18 [16-19],18,16,19,,2025-11-11T14:30:16Z,2015,2015-01-01,2015-12-31
348551,TB_e_mort_exc_tbhiv_num,COUNTRY,MDG,AFR,Africa,YEAR,2020,,,,,,,,,12 000 [8500-16 000],12000,8500,16000,,2025-11-11T14:30:16Z,2020,2020-01-01,2020-12-31
352807,TB_e_mort_exc_tbhiv_num,COUNTRY,ECU,AMR,Americas,YEAR,2024,,,,,,,,,730 [570-910],730,570,910,,2025-11-11T14:30:16Z,2024,2024-01-01,2024-12-31
355738,TB_e_mort_exc_tbhiv_num,WORLDBANKINCOMEGROUP,WB_LI,,,YEAR,2007,,,,,,,,,231 000 [168 000-304 000],231000,168000,304000,,2025-11-11T14:30:16Z,2007,2007-01-01,2007-12-31
359627,TB_e_mort_exc_tbhiv_num,COUNTRY,COG,AFR,Africa,YEAR,2009,,,,,,,,,2400 [1600-3400],2400,1600,3400,,2025-11-11T14:30:16Z,2009,2009-01-01,2009-12-31
360519,TB_e_mort_exc_tbhiv_num,COUNTRY,ECU,AMR,Americas,YEAR,2006,,,,,,,,,1100 [880-1300],1100,880,1300,,2025-11-11T14:30:16Z,2006,2006-01-01,2006-12-31
362480,TB_e_mort_exc_tbhiv_num,COUNTRY,BDI,AFR,Africa,YEAR,2000,,,,,,,,,1700 [930-2800],1700,930,2800,,2025-11-11T14:30:16Z,2000,2000-01-01,2000-12-31
368294,TB_e_mort_exc_tbhiv_num,COUNTRY,NIC,AMR,Americas,YEAR,2006,,,,,,,,,180 [170-200],180,170,200,,2025-11-11T14:30:16Z,2006,2006-01-01,2006-12-31
371890,TB_e_mort_exc_tbhiv_num,COUNTRY,NLD,EUR,Europe,YEAR,2011,,,,,,,,,37 [37-38],37,37,38,,2025-11-11T14:30:16Z,2011,2011-01-01,2011-12-31
372837,TB_e_mort_exc_tbhiv_num,REGION,WPR,,,YEAR,2011,,,,,,,,,237 000 [226 000-249 000],237000,226000,249000,,2025-11-11T14:30:16Z,2011,2011-01-01,2011-12-31
373099,TB_e_mort_exc_tbhiv_num,COUNTRY,SLB,WPR,Western Pacific,YEAR,2018,,,,,,,,,220 [150-310],220,150,310,,2025-11-11T14:30:16Z,2018,2018-01-01,2018-12-31
374653,TB_e_mort_exc_tbhiv_num,COUNTRY,MLI,AFR,Africa,YEAR,2003,,,,,,,,,1900 [1000-3100],1900,1000,3100,,2025-11-11T14:30:16Z,2003,2003-01-01,2003-12-31
375140,TB_e_mort_exc_tbhiv_num,COUNTRY,LBY,EMR,Eastern Mediterranean,YEAR,2024,,,,,,,,,910 [430-1600],910,430,1600,,2025-11-11T14:30:16Z,2024,2024-01-01,2024-12-31
384163,TB_e_mort_exc_tbhiv_num,COUNTRY,KOR,WPR,Western Pacific,YEAR,2018,,,,,,,,,2100 [2000-2200],2100,2000,2200,,2025-11-11T14:30:16Z,2018,2018-01-01,2018-12-31
390920,TB_e_mort_exc_tbhiv_num,COUNTRY,EGY,EMR,Eastern Mediterranean,YEAR,2007,,,,,,,,,900 [770-1000],900,770,1000,,2025-11-11T14:30:16Z,2007,2007-01-01,2007-12-31
399822,TB_e_mort_exc_tbhiv_num,COUNTRY,QAT,EMR,Eastern Mediterranean,YEAR,2013,,,,,,,,,6 [5-7],6,5,7,,2025-11-11T14:30:16Z,2013,2013-01-01,2013-12-31
406213,TB_e_mort_exc_tbhiv_num,COUNTRY,PAK,EMR,Eastern Mediterranean,YEAR,2010,,,,,,,,,53 000 [45 000-60 000],53000,45000,60000,,2025-11-11T14:30:16Z,2010,2010-01-01,2010-12-31
410339,TB_e_mort_exc_tbhiv_num,COUNTRY,STP,AFR,Africa,YEAR,2006,,,,,,,,,120 [79-160],120,79,160,,2025-11-11T14:30:16Z,2006,2006-01-01,2006-12-31
410627,TB_e_mort_exc_tbhiv_num,COUNTRY,MKD,EUR,Europe,YEAR,2003,,,,,,,,,86 [82-90],86,82,90,,2025-11-11T14:30:16Z,2003,2003-01-01,2003-12-31
411053,TB_e_mort_exc_tbhiv_num,COUNTRY,MKD,EUR,Europe,YEAR,2015,,,,,,,,,18 [18-19],18,18,19,,2025-11-11T14:30:16Z,2015,2015-01-01,2015-12-31
411831,TB_e_mort_exc_tbhiv_num,COUNTRY,GEO,EUR,Europe,YEAR,2013,,,,,,,,,210 [190-230],210,190,230,,2025-11-11T14:30:16Z,2013,2013-01-01,2013-12-31
411861,TB_e_mort_exc_tbhiv_num,COUNTRY,TJK,EUR,Europe,YEAR,2001,,,,,,,,,950 [880-1000],950,880,1000,,2025-11-11T14:30:16Z,2001,2001-01-01,2001-12-31
415862,TB_e_mort_exc_tbhiv_num,COUNTRY,BWA,AFR,Africa,YEAR,2012,,,,,,,,,860 [540-1200],860,540,1200,,2025-11-11T14:30:16Z,2012,2012-01-01,2012-12-31
416179,TB_e_mort_exc_tbhiv_num,COUNTRY,NOR,EUR,Europe,YEAR,2018,,,,,,,,,8 [8-9],8,8,9,,2025-11-11T14:30:16Z,2018,2018-01-01,2018-12-31
418871,TB_e_mort_exc_tbhiv_num,COUNTRY,OMN,EMR,Eastern Mediterranean,YEAR,2010,,,,,,,,,15 [12-19],15,12,19,,2025-11-11T14:30:16Z,2010,2010-01-01,2010-12-31
423439,TB_e_mort_exc_tbhiv_num,COUNTRY,BGD,SEAR,South-East Asia,YEAR,2016,,,,,,,,,62 000 [40 000-89 000],62000,40000,89000,,2025-11-11T14:30:16Z,2016,2016-01-01,2016-12-31
423840,TB_e_mort_exc_tbhiv_num,COUNTRY,ERI,AFR,Africa,YEAR,2013,,,,,,,,,1800 [1200-2400],1800,1200,2400,,2025-11-11T14:30:16Z,2013,2013-01-01,2013-12-31
424428,TB_e_mort_exc_tbhiv_num,COUNTRY,ZWE,AFR,Africa,YEAR,2011,,,,,,,,,1600 [1000-2300],1600,1000,2300,,2025-11-11T14:30:16Z,2011,2011-01-01,2011-12-31
424794,TB_e_mort_exc_tbhiv_num,COUNTRY,MOZ,AFR,Africa,YEAR,2015,,,,,,,,,8900 [5100-14 000],8900,5100,14000,,2025-11-11T14:30:16Z,2015,2015-01-01,2015-12-31
429808,TB_e_mort_exc_tbhiv_num,COUNTRY,SAU,EMR,Eastern Mediterranean,YEAR,2002,,,,,,,,,420 [340-500],420,340,500,,2025-11-11T14:30:16Z,2002,2002-01-01,2002-12-31
430418,TB_e_mort_exc_tbhiv_num,COUNTRY,CMR,AFR,Africa,YEAR,2023,,,,,,,,,5600 [3600-7900],5600,3600,7900,,2025-11-11T14:30:16Z,2023,2023-01-01,2023-12-31
430949,TB_e_mort_exc_tbhiv_num,COUNTRY,MNG,WPR,Western Pacific,YEAR,2024,,,,,,,,,370 [330-420],370,330,420,,2025-11-11T14:30:16Z,2024,2024-01-01,2024-12-31
431303,TB_e_mort_exc_tbhiv_num,COUNTRY,GRC,EUR,Europe,YEAR,2008,,,,,,,,,86 [83-89],86,83,89,,2025-11-11T14:30:16Z,2008,2008-01-01,2008-12-31
432218,TB_e_mort_exc_tbhiv_num,COUNTRY,KAZ,EUR,Europe,YEAR,2024,,,,,,,,,340 [220-480],340,220,480,,2025-11-11T14:30:16Z,2024,2024-01-01,2024-12-31
436596,TB_e_mort_exc_tbhiv_num,COUNTRY,LBN,EMR,Eastern Mediterranean,YEAR,2007,,,,,,,,,140 [98-190],140,98,190,,2025-11-11T14:30:16Z,2007,2007-01-01,2007-12-31
436675,TB_e_mort_exc_tbhiv_num,COUNTRY,GRC,EUR,Europe,YEAR,2012,,,,,,,,,110 [110-120],110,110,120,,2025-11-11T14:30:16Z,2012,2012-01-01,2012-12-31
437136,TB_e_mort_exc_tbhiv_num,COUNTRY,CZE,EUR,Europe,YEAR,2012,,,,,,,,,30 [30-31],30,30,31,,2025-11-11T14:30:16Z,2012,2012-01-01,2012-12-31
454806,TB_e_mort_exc_tbhiv_num,COUNTRY,CPV,AFR,Africa,YEAR,2009,,,,,,,,,32 [27-37],32,27,37,,2025-11-11T14:30:16Z,2009,2009-01-01,2009-12-31
459510,TB_e_mort_exc_tbhiv_num,COUNTRY,AFG,EMR,Eastern Mediterranean,YEAR,2004,,,,,,,,,16 000 [11 000-21 000],16000,11000,21000,,2025-11-11T14:30:16Z,2004,2004-01-01,2004-12-31
459689,TB_e_mort_exc_tbhiv_num,COUNTRY,FRA,EUR,Europe,YEAR,2017,,,,,,,,,440 [410-460],440,410,460,,2025-11-11T14:30:16Z,2017,2017-01-01,2017-12-31
460004,TB_e_mort_exc_tbhiv_num,COUNTRY,OMN,EMR,Eastern Mediterranean,YEAR,2003,,,,,,,,,17 [14-21],17,14,21,,2025-11-11T14:30:16Z,2003,2003-01-01,2003-12-31
461477,TB_e_mort_exc_tbhiv_num,COUNTRY,OMN,EMR,Eastern Mediterranean,YEAR,2005,,,,,,,,,16 [13-20],16,13,20,,2025-11-11T14:30:16Z,2005,2005-01-01,2005-12-31
462343,TB_e_mort_exc_tbhiv_num,COUNTRY,NZL,WPR,Western Pacific,YEAR,2007,,,,,,,,,16 [16-16],16,16,16,,2025-11-11T14:30:16Z,2007,2007-01-01,2007-12-31
473562,TB_e_mort_exc_tbhiv_num,COUNTRY,MWI,AFR,Africa,YEAR,2017,,,,,,,,,2900 [1500-4900],2900,1500,4900,,2025-11-11T14:30:16Z,2017,2017-01-01,2017-12-31
474064,TB_e_mort_exc_tbhiv_num,COUNTRY,DOM,AMR,Americas,YEAR,2020,,,,,,,,,220 [130-340],220,130,340,,2025-11-11T14:30:16Z,2020,2020-01-01,2020-12-31
479157,TB_e_mort_exc_tbhiv_num,COUNTRY,THA,SEAR,South-East Asia,YEAR,2010,,,,,,,,,8700 [5300-13 000],8700,5300,13000,,2025-11-11T14:30:16Z,2010,2010-01-01,2010-12-31
479707,TB_e_mort_exc_tbhiv_num,COUNTRY,JOR,EMR,Eastern Mediterranean,YEAR,2000,,,,,,,,,30 [24-37],30,24,37,,2025-11-11T14:30:16Z,2000,2000-01-01,2000-12-31
482589,TB_e_mort_exc_tbhiv_num,COUNTRY,MDV,SEAR,South-East Asia,YEAR,2017,,,,,,,,,11 [10-12],11,10,12,,2025-11-11T14:30:16Z,2017,2017-01-01,2017-12-31
487118,TB_e_mort_exc_tbhiv_num,COUNTRY,KIR,WPR,Western Pacific,YEAR,2013,,,,,,,,,45 [39-52],45,39,52,,2025-11-11T14:30:16Z,2013,2013-01-01,2013-12-31
487740,TB_e_mort_exc_tbhiv_num,COUNTRY,KIR,WPR,Western Pacific,YEAR,2022,,,,,,,,,48 [40-56],48,40,56,,2025-11-11T14:30:16Z,2022,2022-01-01,2022-12-31
488281,TB_e_mort_exc_tbhiv_num,WORLDBANKINCOMEGROUP,WB_LMI,,,YEAR,2005,,,,,,,,,1 150 000 [979 000-1 340 000],1150000,979000,1340000,,2025-11-11T14:30:16Z,2005,2005-01-01,2005-12-31
488966,TB_e_mort_exc_tbhiv_num,COUNTRY,AUT,EUR,Europe,YEAR,2023,,,,,,,,,37 [36-38],37,36,38,,2025-11-11T14:30:16Z,2023,2023-01-01,2023-12-31
505634,TB_e_mort_exc_tbhiv_num,COUNTRY,TTO,AMR,Americas,YEAR,2006,,,,,,,,,40 [39-40],40,39,40,,2025-11-11T14:30:16Z,2006,2006-01-01,2006-12-31
516582,TB_e_mort_exc_tbhiv_num,COUNTRY,CUB,AMR,Americas,YEAR,2017,,,,,,,,,39 [39-40],39,39,40,,2025-11-11T14:30:16Z,2017,2017-01-01,2017-12-31
516715,TB_e_mort_exc_tbhiv_num,REGION,EUR,,,YEAR,2013,,,,,,,,,37 000 [36 000-38 000],37000,36000,38000,,2025-11-11T14:30:16Z,2013,2013-01-01,2013-12-31
520700,TB_e_mort_exc_tbhiv_num,COUNTRY,TGO,AFR,Africa,YEAR,2000,,,,,,,,,280 [91-590],280,91,590,,2025-11-11T14:30:16Z,2000,2000-01-01,2000-12-31
523872,TB_e_mort_exc_tbhiv_num,COUNTRY,NIC,AMR,Americas,YEAR,2020,,,,,,,,,84 [83-85],84,83,85,,2025-11-11T14:30:16Z,2020,2020-01-01,2020-12-31
524267,TB_e_mort_exc_tbhiv_num,COUNTRY,TUN,EMR,Eastern Mediterranean,YEAR,2021,,,,,,,,,140 [100-180],140,100,180,,2025-11-11T14:30:16Z,2021,2021-01-01,2021-12-31
524733,TB_e_mort_exc_tbhiv_num,COUNTRY,MDV,SEAR,South-East Asia,YEAR,2007,,,,,,,,,6 [5-7],6,5,7,,2025-11-11T14:30:16Z,2007,2007-01-01,2007-12-31
529388,TB_e_mort_exc_tbhiv_num,COUNTRY,IRQ,EMR,Eastern Mediterranean,YEAR,2023,,,,,,,,,720 [630-820],720,630,820,,2025-11-11T14:30:16Z,2023,2023-01-01,2023-12-31
529655,TB_e_mort_exc_tbhiv_num,COUNTRY,RWA,AFR,Africa,YEAR,2013,,,,,,,,,610 [390-870],610,390,870,,2025-11-11T14:30:16Z,2013,2013-01-01,2013-12-31
530179,TB_e_mort_exc_tbhiv_num,COUNTRY,IRQ,EMR,Eastern Mediterranean,YEAR,2019,,,,,,,,,860 [770-950],860,770,950,,2025-11-11T14:30:16Z,2019,2019-01-01,2019-12-31
530286,TB_e_mort_exc_tbhiv_num,REGION,WPR,,,YEAR,2018,,,,,,,,,194 000 [184 000-204 000],194000,184000,204000,,2025-11-11T14:30:16Z,2018,2018-01-01,2018-12-31
531144,TB_e_mort_exc_tbhiv_num,COUNTRY,ZMB,AFR,Africa,YEAR,2024,,,,,,,,,4100 [2300-6500],4100,2300,6500,,2025-11-11T14:30:16Z,2024,2024-01-01,2024-12-31
544312,TB_e_mort_exc_tbhiv_num,COUNTRY,IRL,EUR,Europe,YEAR,2019,,,,,,,,,7 [7-7],7,7,7,,2025-11-11T14:30:16Z,2019,2019-01-01,2019-12-31
549329,TB_e_mort_exc_tbhiv_num,COUNTRY,DZA,AFR,Africa,YEAR,2009,,,,,,,,,6000 [4100-8100],6000,4100,8100,,2025-11-11T14:30:16Z,2009,2009-01-01,2009-12-31
549523,TB_e_mort_exc_tbhiv_num,COUNTRY,KEN,AFR,Africa,YEAR,2009,,,,,,,,,32 000 [18 000-51 000],32000,18000,51000,,2025-11-11T14:30:16Z,2009,2009-01-01,2009-12-31
550941,TB_e_mort_exc_tbhiv_num,COUNTRY,MAC,,,YEAR,2024,,,,,,,,,71 [49-98],71,49,98,,2025-11-11T14:30:16Z,2024,2024-01-01,2024-12-31
555581,TB_e_mort_exc_tbhiv_num,COUNTRY,OMN,EMR,Eastern Mediterranean,YEAR,2015,,,,,,,,,17 [13-22],17,13,22,,2025-11-11T14:30:16Z,2015,2015-01-01,2015-12-31
557065,TB_e_mort_exc_tbhiv_num,COUNTRY,MHL,WPR,Western Pacific,YEAR,2002,,,,,,,,,39 [27-54],39,27,54,,2025-11-11T14:30:16Z,2002,2002-01-01,2002-12-31
563601,TB_e_mort_exc_tbhiv_num,REGION,AMR,,,YEAR,2012,,,,,,,,,18 000 [17 000-19 000],18000,17000,19000,,2025-11-11T14:30:16Z,2012,2012-01-01,2012-12-31
564322,TB_e_mort_exc_tbhiv_num,COUNTRY,SRB,EUR,Europe,YEAR,2020,,,,,,,,,50 [46-54],50,46,54,,2025-11-11T14:30:16Z,2020,2020-01-01,2020-12-31
568182,TB_e_mort_exc_tbhiv_num,COUNTRY,DNK,EUR,Europe,YEAR,2019,,,,,,,,,15 [15-16],15,15,16,,2025-11-11T14:30:16Z,2019,2019-01-01,2019-12-31
568739,TB_e_mort_exc_tbhiv_num,COUNTRY,UKR,EUR,Europe,YEAR,2012,,,,,,,,,7000 [6900-7100],7000,6900,7100,,2025-11-11T14:30:16Z,2012,2012-01-01,2012-12-31
571144,TB_e_mort_exc_tbhiv_num,COUNTRY,MWI,AFR,Africa,YEAR,2014,,,,,,,,,4500 [2200-7400],4500,2200,7400,,2025-11-11T14:30:16Z,2014,2014-01-01,2014-12-31
576059,TB_e_mort_exc_tbhiv_num,COUNTRY,HND,AMR,Americas,YEAR,2013,,,,,,,,,340 [280-410],340,280,410,,2025-11-11T14:30:16Z,2013,2013-01-01,2013-12-31
576205,TB_e_mort_exc_tbhiv_num,COUNTRY,SEN,AFR,Africa,YEAR,2013,,,,,,,,,4500 [3200-6200],4500,3200,6200,,2025-11-11T14:30:16Z,2013,2013-01-01,2013-12-31
582147,TB_e_mort_exc_tbhiv_num,COUNTRY,NOR,EUR,Europe,YEAR,2016,,,,,,,,,18 [17-18],18,17,18,,2025-11-11T14:30:16Z,2016,2016-01-01,2016-12-31
583263,TB_e_mort_exc_tbhiv_num,COUNTRY,GMB,AFR,Africa,YEAR,2009,,,,,,,,,450 [290-640],450,290,640,,2025-11-11T14:30:16Z,2009,2009-01-01,2009-12-31
587221,TB_e_mort_exc_tbhiv_num,COUNTRY,SDN,EMR,Eastern Mediterranean,YEAR,2000,,,,,,,,,11 000 [5700-19 000],11000,5700,19000,,2025-11-11T14:30:16Z,2000,2000-01-01,2000-12-31
592987,TB_e_mort_exc_tbhiv_num,COUNTRY,FJI,WPR,Western Pacific,YEAR,2000,,,,,,,,,18 [14-21],18,14,21,,2025-11-11T14:30:16Z,2000,2000-01-01,2000-12-31
595017,TB_e_mort_exc_tbhiv_num,COUNTRY,GNB,AFR,Africa,YEAR,2021,,,,,,,,,440 [300-600],440,300,600,,2025-11-11T14:30:16Z,2021,2021-01-01,2021-12-31
601836,TB_e_mort_exc_tbhiv_num,COUNTRY,ZWE,AFR,Africa,YEAR,2016,,,,,,,,,1300 [780-1800],1300,780,1800,,2025-11-11T14:30:16Z,2016,2016-01-01,2016-12-31
606567,TB_e_mort_exc_tbhiv_num,COUNTRY,SVN,EUR,Europe,YEAR,2011,,,,,,,,,14 [14-14],14,14,14,,2025-11-11T14:30:16Z,2011,2011-01-01,2011-12-31
607068,TB_e_mort_exc_tbhiv_num,COUNTRY,TJK,EUR,Europe,YEAR,2023,,,,,,,,,760 [660-880],760,660,880,,2025-11-11T14:30:16Z,2023,2023-01-01,2023-12-31
607113,TB_e_mort_exc_tbhiv_num,COUNTRY,SWZ,AFR,Africa,YEAR,2024,,,,,,,,,340 [77-800],340,77,800,,2025-11-11T14:30:16Z,2024,2024-01-01,2024-12-31
607588,TB_e_mort_exc_tbhiv_num,COUNTRY,ETH,AFR,Africa,YEAR,2014,,,,,,,,,37 000 [22 000-55 000],37000,22000,55000,,2025-11-11T14:30:16Z,2014,2014-01-01,2014-12-31
608588,TB_e_mort_exc_tbhiv_num,COUNTRY,NAM,AFR,Africa,YEAR,2014,,,,,,,,,1700 [1100-2400],1700,1100,2400,,2025-11-11T14:30:16Z,2014,2014-01-01,2014-12-31
609035,TB_e_mort_exc_tbhiv_num,COUNTRY,GNQ,AFR,Africa,YEAR,2013,,,,,,,,,470 [160-950],470,160,950,,2025-11-11T14:30:16Z,2013,2013-01-01,2013-12-31
611773,TB_e_mort_exc_tbhiv_num,COUNTRY,FRA,EUR,Europe,YEAR,2014,,,,,,,,,480 [460-500],480,460,500,,2025-11-11T14:30:16Z,2014,2014-01-01,2014-12-31
612538,TB_e_mort_exc_tbhiv_num,COUNTRY,NAM,AFR,Africa,YEAR,2017,,,,,,,,,1600 [1000-2300],1600,1000,2300,,2025-11-11T14:30:16Z,2017,2017-01-01,2017-12-31
615127,TB_e_mort_exc_tbhiv_num,COUNTRY,UGA,AFR,Africa,YEAR,2018,,,,,,,,,8400 [4600-13 000],8400,4600,13000,,2025-11-11T14:30:16Z,2018,2018-01-01,2018-12-31
618804,TB_e_mort_exc_tbhiv_num,COUNTRY,BEN,AFR,Africa,YEAR,2020,,,,,,,,,980 [430-1800],980,430,1800,,2025-11-11T14:30:16Z,2020,2020-01-01,2020-12-31
626536,TB_e_mort_exc_tbhiv_num,COUNTRY,ITA,EUR,Europe,YEAR,2020,,,,,,,,,230 [230-240],230,230,240,,2025-11-11T14:30:16Z,2020,2020-01-01,2020-12-31
627251,TB_e_mort_exc_tbhiv_num,GLOBAL,GLOBAL,,,YEAR,2007,,,,,,,,,1 680 000 [1 500 000-1 860 000],1680000,1500000,1860000,,2025-11-11T14:30:16Z,2007,2007-01-01,2007-12-31
631875,TB_e_mort_exc_tbhiv_num,COUNTRY,SEN,AFR,Africa,YEAR,2020,,,,,,,,,4600 [3100-6500],4600,3100,6500,,2025-11-11T14:30:16Z,2020,2020-01-01,2020-12-31
633627,TB_e_mort_exc_tbhiv_num,COUNTRY,AZE,EUR,Europe,YEAR,2014,,,,,,,,,430 [400-470],430,400,470,,2025-11-11T14:30:16Z,2014,2014-01-01,2014-12-31
639788,TB_e_mort_exc_tbhiv_num,COUNTRY,CAF,AFR,Africa,YEAR,2016,,,,,,,,,4100 [1800-7200],4100,1800,7200,,2025-11-11T14:30:16Z,2016,2016-01-01,2016-12-31
644123,TB_e_mort_exc_tbhiv_num,COUNTRY,UKR,EUR,Europe,YEAR,2024,,,,,,,,,2600 [2500-2700],2600,2500,2700,,2025-11-11T14:30:16Z,2024,2024-01-01,2024-12-31
644146,TB_e_mort_exc_tbhiv_num,COUNTRY,YEM,EMR,Eastern Mediterranean,YEAR,2007,,,,,,,,,3000 [2200-4000],3000,2200,4000,,2025-11-11T14:30:16Z,2007,2007-01-01,2007-12-31
645321,TB_e_mort_exc_tbhiv_num,COUNTRY,KAZ,EUR,Europe,YEAR,2020,,,,,,,,,410 [390-430],410,390,430,,2025-11-11T14:30:16Z,2020,2020-01-01,2020-12-31
656538,TB_e_mort_exc_tbhiv_num,COUNTRY,THA,SEAR,South-East Asia,YEAR,2019,,,,,,,,,9800 [7300-13 000],9800,7300,13000,,2025-11-11T14:30:16Z,2019,2019-01-01,2019-12-31
656627,TB_e_mort_exc_tbhiv_num,COUNTRY,RWA,AFR,Africa,YEAR,2009,,,,,,,,,690 [440-1000],690,440,1000,,2025-11-11T14:30:16Z,2009,2009-01-01,2009-12-31
657834,TB_e_mort_exc_tbhiv_num,COUNTRY,NZL,WPR,Western Pacific,YEAR,2018,,,,,,,,,11 [11-11],11,11,11,,2025-11-11T14:30:16Z,2018,2018-01-01,2018-12-31
658509,TB_e_mort_exc_tbhiv_num,COUNTRY,SLV,AMR,Americas,YEAR,2009,,,,,,,,,68 [60-76],68,60,76,,2025-11-11T14:30:16Z,2009,2009-01-01,2009-12-31
658989,TB_e_mort_exc_tbhiv_num,COUNTRY,MNG,WPR,Western Pacific,YEAR,2016,,,,,,,,,330 [290-370],330,290,370,,2025-11-11T14:30:16Z,2016,2016-01-01,2016-12-31
664180,TB_e_mort_exc_tbhiv_num,COUNTRY,VEN,AMR,Americas,YEAR,2009,,,,,,,,,590 [580-590],590,580,590,,2025-11-11T14:30:16Z,2009,2009-01-01,2009-12-31
669585,TB_e_mort_exc_tbhiv_num,COUNTRY,SLV,AMR,Americas,YEAR,2002,,,,,,,,,120 [100-130],120,100,130,,2025-11-11T14:30:16Z,2002,2002-01-01,2002-12-31
670063,TB_e_mort_exc_tbhiv_num,COUNTRY,STP,AFR,Africa,YEAR,2020,,,,,,,,,25 [17-35],25,17,35,,2025-11-11T14:30:16Z,2020,2020-01-01,2020-12-31
675054,TB_e_mort_exc_tbhiv_num,WORLDBANKINCOMEGROUP,WB_UMI,,,YEAR,2016,,,,,,,,,199 000 [191 000-207 000],199000,191000,207000,,2025-11-11T14:30:16Z,2016,2016-01-01,2016-12-31
678037,TB_e_mort_exc_tbhiv_num,COUNTRY,AFG,EMR,Eastern Mediterranean,YEAR,2018,,,,,,,,,14 000 [10 000-19 000],14000,10000,19000,,2025-11-11T14:30:16Z,2018,2018-01-01,2018-12-31
688666,TB_e_mort_exc_tbhiv_num,COUNTRY,IRL,EUR,Europe,YEAR,2001,,,,,,,,,35 [31-40],35,31,40,,2025-11-11T14:30:16Z,2001,2001-01-01,2001-12-31
689827,TB_e_mort_exc_tbhiv_num,COUNTRY,COM,AFR,Africa,YEAR,2020,,,,,,,,,58 [17-120],58,17,120,,2025-11-11T14:30:16Z,2020,2020-01-01,2020-12-31
700019,TB_e_mort_exc_tbhiv_num,COUNTRY,LSO,AFR,Africa,YEAR,2008,,,,,,,,,1400 [790-2100],1400,790,2100,,2025-11-11T14:30:16Z,2008,2008-01-01,2008-12-31
706417,TB_e_mort_exc_tbhiv_num,COUNTRY,MDA,EUR,Europe,YEAR,2022,,,,,,,,,190 [170-220],190,170,220,,2025-11-11T14:30:16Z,2022,2022-01-01,2022-12-31
707848,TB_e_mort_exc_tbhiv_num,COUNTRY,SSD,AFR,Africa,YEAR,2012,,,,,,,,,11 000 [4200-20 000],11000,4200,20000,,2025-11-11T14:30:16Z,2012,2012-01-01,2012-12-31
709527,TB_e_mort_exc_tbhiv_num,COUNTRY,USA,AMR,Americas,YEAR,2012,,,,,,,,,550 [540-550],550,540,550,,2025-11-11T14:30:16Z,2012,2012-01-01,2012-12-31
719248,TB_e_mort_exc_tbhiv_num,COUNTRY,FSM,WPR,Western Pacific,YEAR,2002,,,,,,,,,130 [89-180],130,89,180,,2025-11-11T14:30:16Z,2002,2002-01-01,2002-12-31
721617,TB_e_mort_exc_tbhiv_num,COUNTRY,NOR,EUR,Europe,YEAR,2015,,,,,,,,,12 [11-12],12,11,12,,2025-11-11T14:30:16Z,2015,2015-01-01,2015-12-31
726300,TB_e_mort_exc_tbhiv_num,COUNTRY,OMN,EMR,Eastern Mediterranean,YEAR,2016,,,,,,,,,18 [14-22],18,14,22,,2025-11-11T14:30:16Z,2016,2016-01-01,2016-12-31
727578,TB_e_mort_exc_tbhiv_num,COUNTRY,IRL,EUR,Europe,YEAR,2022,,,,,,,,,9 [9-9],9,9,9,,2025-11-11T14:30:16Z,2022,2022-01-01,2022-12-31
734572,TB_e_mort_exc_tbhiv_num,COUNTRY,MWI,AFR,Africa,YEAR,2012,,,,,,,,,4600 [2300-7700],4600,2300,7700,,2025-11-11T14:30:16Z,2012,2012-01-01,2012-12-31
735299,TB_e_mort_exc_tbhiv_num,COUNTRY,IRL,EUR,Europe,YEAR,2020,,,,,,,,,17 [17-18],17,17,18,,2025-11-11T14:30:16Z,2020,2020-01-01,2020-12-31
744350,TB_e_mort_exc_tbhiv_num,COUNTRY,ERI,AFR,Africa,YEAR,2016,,,,,,,,,1200 [850-1700],1200,850,1700,,2025-11-11T14:30:16Z,2016,2016-01-01,2016-12-31
744724,TB_e_mort_exc_tbhiv_num,COUNTRY,PRT,EUR,Europe,YEAR,2004,,,,,,,,,370 [350-400],370,350,400,,2025-11-11T14:30:16Z,2004,2004-01-01,2004-12-31
750212,TB_e_mort_exc_tbhiv_num,COUNTRY,DJI,EMR,Eastern Mediterranean,YEAR,2013,,,,,,,,,1900 [1200-2800],1900,1200,2800,,2025-11-11T14:30:16Z,2013,2013-01-01,2013-12-31
757723,TB_e_mort_exc_tbhiv_num,COUNTRY,MHL,WPR,Western Pacific,YEAR,2015,,,,,,,,,49 [34-67],49,34,67,,2025-11-11T14:30:16Z,2015,2015-01-01,2015-12-31
759335,TB_e_mort_exc_tbhiv_num,COUNTRY,MLI,AFR,Africa,YEAR,2014,,,,,,,,,2300 [1200-3700],2300,1200,3700,,2025-11-11T14:30:16Z,2014,2014-01-01,2014-12-31
764637,TB_e_mort_exc_tbhiv_num,COUNTRY,BGD,SEAR,South-East Asia,YEAR,2001,,,,,,,,,98 000 [62 000-142 000],98000,62000,142000,,2025-11-11T14:30:16Z,2001,2001-01-01,2001-12-31
769979,TB_e_mort_exc_tbhiv_num,COUNTRY,PRY,AMR,Americas,YEAR,2008,,,,,,,,,220 [200-240],220,200,240,,2025-11-11T14:30:16Z,2008,2008-01-01,2008-12-31
772218,TB_e_mort_exc_tbhiv_num,COUNTRY,IRQ,EMR,Eastern Mediterranean,YEAR,2013,,,,,,,,,1000 [930-1100],1000,930,1100,,2025-11-11T14:30:16Z,2013,2013-01-01,2013-12-31
776197,TB_e_mort_exc_tbhiv_num,COUNTRY,PNG,WPR,Western Pacific,YEAR,2021,,,,,,,,,14 000 [10 000-19 000],14000,10000,19000,,2025-11-11T14:30:16Z,2021,2021-01-01,2021-12-31
777083,TB_e_mort_exc_tbhiv_num,REGION,AMR,,,YEAR,2008,,,,,,,,,20 000 [19 000-21 000],20000,19000,21000,,2025-11-11T14:30:16Z,2008,2008-01-01,2008-12-31
777841,TB_e_mort_exc_tbhiv_num,COUNTRY,KGZ,EUR,Europe,YEAR,2006,,,,,,,,,830 [790-880],830,790,880,,2025-11-11T14:30:16Z,2006,2006-01-01,2006-12-31
778900,TB_e_mort_exc_tbhiv_num,COUNTRY,KWT,EMR,Eastern Mediterranean,YEAR,2022,,,,,,,,,17 [16-18],17,16,18,,2025-11-11T14:30:16Z,2022,2022-01-01,2022-12-31
779195,TB_e_mort_exc_tbhiv_num,GLOBAL,GLOBAL,,,YEAR,2005,,,,,,,,,1 760 000 [1 570 000-1 960 000],1760000,1570000,1960000,,2025-11-11T14:30:16Z,2005,2005-01-01,2005-12-31
783391,TB_e_mort_exc_tbhiv_num,COUNTRY,CYP,EUR,Europe,YEAR,2022,,,,,,,,,6 [5-6],6,5,6,,2025-11-11T14:30:16Z,2022,2022-01-01,2022-12-31
789413,TB_e_mort_exc_tbhiv_num,COUNTRY,BWA,AFR,Africa,YEAR,2000,,,,,,,,,690 [250-1300],690,250,1300,,2025-11-11T14:30:16Z,2000,2000-01-01,2000-12-31
792066,TB_e_mort_exc_tbhiv_num,COUNTRY,KIR,WPR,Western Pacific,YEAR,2023,,,,,,,,,49 [41-57],49,41,57,,2025-11-11T14:30:16Z,2023,2023-01-01,2023-12-31
795553,TB_e_mort_exc_tbhiv_num,COUNTRY,BIH,EUR,Europe,YEAR,2022,,,,,,,,,60 [50-71],60,50,71,,2025-11-11T14:30:16Z,2022,2022-01-01,2022-12-31
797181,TB_e_mort_exc_tbhiv_num,COUNTRY,COM,AFR,Africa,YEAR,2022,,,,,,,,,61 [11-160],61,11,160,,2025-11-11T14:30:16Z,2022,2022-01-01,2022-12-31
801296,TB_e_mort_exc_tbhiv_num,COUNTRY,TLS,SEAR,South-East Asia,YEAR,2012,,,,,,,,,1200 [910-1600],1200,910,1600,,2025-11-11T14:30:16Z,2012,2012-01-01,2012-12-31
802477,TB_e_mort_exc_tbhiv_num,COUNTRY,JPN,WPR,Western Pacific,YEAR,2024,,,,,,,,,1500 [1500-1500],1500,1500,1500,,2025-11-11T14:30:16Z,2024,2024-01-01,2024-12-31
803979,TB_e_mort_exc_tbhiv_num,COUNTRY,MYS,WPR,Western Pacific,YEAR,2004,,,,,,,,,1500 [840-2400],1500,840,2400,,2025-11-11T14:30:16Z,2004,2004-01-01,2004-12-31
804741,TB_e_mort_exc_tbhiv_num,COUNTRY,GMB,AFR,Africa,YEAR,2017,,,,,,,,,500 [330-710],500,330,710,,2025-11-11T14:30:16Z,2017,2017-01-01,2017-12-31
805247,TB_e_mort_exc_tbhiv_num,COUNTRY,RUS,EUR,Europe,YEAR,2024,,,,,,,,,4900 [4100-5800],4900,4100,5800,,2025-11-11T14:30:16Z,2024,2024-01-01,2024-12-31
815829,TB_e_mort_exc_tbhiv_num,COUNTRY,ARM,EUR,Europe,YEAR,2003,,,,,,,,,200 [160-240],200,160,240,,2025-11-11T14:30:16Z,2003,2003-01-01,2003-12-31
816673,TB_e_mort_exc_tbhiv_num,COUNTRY,PER,AMR,Americas,YEAR,2005,,,,,,,,,2300 [2000-2600],2300,2000,2600,,2025-11-11T14:30:16Z,2005,2005-01-01,2005-12-31
829225,TB_e_mort_exc_tbhiv_num,COUNTRY,IRL,EUR,Europe,YEAR,2000,,,,,,,,,56 [51-61],56,51,61,,2025-11-11T14:30:16Z,2000,2000-01-01,2000-12-31
830420,TB_e_mort_exc_tbhiv_num,COUNTRY,CAF,AFR,Africa,YEAR,2014,,,,,,,,,3800 [1500-7100],3800,1500,7100,,2025-11-11T14:30:16Z,2014,2014-01-01,2014-12-31
835692,TB_e_mort_exc_tbhiv_num,COUNTRY,PSE,EMR,Eastern Mediterranean,YEAR,2016,,,,,,,,,9 [6-13],9,6,13,,2025-11-11T14:30:16Z,2016,2016-01-01,2016-12-31
836852,TB_e_mort_exc_tbhiv_num,COUNTRY,BLR,EUR,Europe,YEAR,2000,,,,,,,,,820 [760-880],820,760,880,,2025-11-11T14:30:16Z,2000,2000-01-01,2000-12-31
839259,TB_e_mort_exc_tbhiv_num,COUNTRY,ETH,AFR,Africa,YEAR,2004,,,,,,,,,52 000 [29 000-83 000],52000,29000,83000,,2025-11-11T14:30:16Z,2004,2004-01-01,2004-12-31
839864,TB_e_mort_exc_tbhiv_num,COUNTRY,PNG,WPR,Western Pacific,YEAR,2020,,,,,,,,,14 000 [10 000-18 000],14000,10000,18000,,2025-11-11T14:30:16Z,2020,2020-01-01,2020-12-31
842045,TB_e_mort_exc_tbhiv_num,COUNTRY,KAZ,EUR,Europe,YEAR,2004,,,,,,,,,3500 [3400-3600],3500,3400,3600,,2025-11-11T14:30:16Z,2004,2004-01-01,2004-12-31
843000,TB_e_mort_exc_tbhiv_num,COUNTRY,NLD,EUR,Europe,YEAR,2017,,,,,,,,,24 [23-24],24,23,24,,2025-11-11T14:30:16Z,2017,2017-01-01,2017-12-31
847699,TB_e_mort_exc_tbhiv_num,COUNTRY,COL,AMR,Americas,YEAR,2010,,,,,,,,,1000 [990-1000],1000,990,1000,,2025-11-11T14:30:16Z,2010,2010-01-01,2010-12-31
853277,TB_e_mort_exc_tbhiv_num,COUNTRY,MAC,,,YEAR,2007,,,,,,,,,170 [120-230],170,120,230,,2025-11-11T14:30:16Z,2007,2007-01-01,2007-12-31
855331,TB_e_mort_exc_tbhiv_num,COUNTRY,CZE,EUR,Europe,YEAR,2010,,,,,,,,,40 [39-40],40,39,40,,2025-11-11T14:30:16Z,2010,2010-01-01,2010-12-31
858595,TB_e_mort_exc_tbhiv_num,COUNTRY,LUX,EUR,Europe,YEAR,2000,,,,,,,,,3 [3-3],3,3,3,,2025-11-11T14:30:16Z,2000,2000-01-01,2000-12-31
859224,TB_e_mort_exc_tbhiv_num,COUNTRY,MDA,EUR,Europe,YEAR,2000,,,,,,,,,920 [710-1200],920,710,1200,,2025-11-11T14:30:16Z,2000,2000-01-01,2000-12-31
864878,TB_e_mort_exc_tbhiv_num,COUNTRY,MDA,EUR,Europe,YEAR,2005,,,,,,,,,890 [750-1000],890,750,1000,,2025-11-11T14:30:16Z,2005,2005-01-01,2005-12-31
872582,TB_e_mort_exc_tbhiv_num,COUNTRY,COG,AFR,Africa,YEAR,2001,,,,,,,,,1900 [1200-2700],1900,1200,2700,,2025-11-11T14:30:16Z,2001,2001-01-01,2001-12-31
883898,TB_e_mort_exc_tbhiv_num,COUNTRY,BTN,SEAR,South-East Asia,YEAR,2016,,,,,,,,,500 [340-680],500,340,680,,2025-11-11T14:30:16Z,2016,2016-01-01,2016-12-31
885230,TB_e_mort_exc_tbhiv_num,COUNTRY,AGO,AFR,Africa,YEAR,2017,,,,,,,,,26 000 [18 000-36 000],26000,18000,36000,,2025-11-11T14:30:16Z,2017,2017-01-01,2017-12-31
900337,TB_e_mort_exc_tbhiv_num,COUNTRY,TLS,SEAR,South-East Asia,YEAR,2009,,,,,,,,,1400 [1000-1800],1400,1000,1800,,2025-11-11T14:30:16Z,2009,2009-01-01,2009-12-31
905620,TB_e_mort_exc_tbhiv_num,COUNTRY,TUR,EUR,Europe,YEAR,2012,,,,,,,,,710 [660-760],710,660,760,,2025-11-11T14:30:16Z,2012,2012-01-01,2012-12-31
905876,TB_e_mort_exc_tbhiv_num,COUNTRY,GHA,AFR,Africa,YEAR,2021,,,,,,,,,12 000 [5100-21 000],12000,5100,21000,,2025-11-11T14:30:16Z,2021,2021-01-01,2021-12-31
912736,TB_e_mort_exc_tbhiv_num,REGION,EUR,,,YEAR,2012,,,,,,,,,41 000 [40 000-42 000],41000,40000,42000,,2025-11-11T14:30:16Z,2012,2012-01-01,2012-12-31
918807,TB_e_mort_exc_tbhiv_num,COUNTRY,CHL,AMR,Americas,YEAR,2012,,,,,,,,,490 [490-500],490,490,500,,2025-11-11T14:30:16Z,2012,2012-01-01,2012-12-31
924378,TB_e_mort_exc_tbhiv_num,WORLDBANKINCOMEGROUP,WB_LI,,,YEAR,2021,,,,,,,,,194 000 [143 000-252 000],194000,143000,252000,,2025-11-11T14:30:16Z,2021,2021-01-01,2021-12-31
925774,TB_e_mort_exc_tbhiv_num,COUNTRY,YEM,EMR,Eastern Mediterranean,YEAR,2011,,,,,,,,,1900 [1300-2500],1900,1300,2500,,2025-11-11T14:30:16Z,2011,2011-01-01,2011-12-31
929021,TB_e_mort_exc_tbhiv_num,COUNTRY,LBN,EMR,Eastern Mediterranean,YEAR,2008,,,,,,,,,150 [100-210],150,100,210,,2025-11-11T14:30:16Z,2008,2008-01-01,2008-12-31
930955,TB_e_mort_exc_tbhiv_num,COUNTRY,GAB,AFR,Africa,YEAR,2022,,,,,,,,,1100 [700-1600],1100,700,1600,,2025-11-11T14:30:16Z,2022,2022-01-01,2022-12-31
935370,TB_e_mort_exc_tbhiv_num,COUNTRY,PNG,WPR,Western Pacific,YEAR,2023,,,,,,,,,12 000 [8600-16 000],12000,8600,16000,,2025-11-11T14:30:16Z,2023,2023-01-01,2023-12-31
935887,TB_e_mort_exc_tbhiv_num,WORLDBANKINCOMEGROUP,WB_UMI,,,YEAR,2013,,,,,,,,,213 000 [205 000-221 000],213000,205000,221000,,2025-11-11T14:30:16Z,2013,2013-01-01,2013-12-31
937220,TB_e_mort_exc_tbhiv_num,COUNTRY,GUY,AMR,Americas,YEAR,2022,,,,,,,,,130 [110-150],130,110,150,,2025-11-11T14:30:16Z,2022,2022-01-01,2022-12-31
943013,TB_e_mort_exc_tbhiv_num,COUNTRY,BLZ,AMR,Americas,YEAR,2013,,,,,,,,,14 [14-14],14,14,14,,2025-11-11T14:30:16Z,2013,2013-01-01,2013-12-31
943278,TB_e_mort_exc_tbhiv_num,COUNTRY,SVK,EUR,Europe,YEAR,2005,,,,,,,,,47 [47-48],47,47,48,,2025-11-11T14:30:16Z,2005,2005-01-01,2005-12-31
944007,TB_e_mort_exc_tbhiv_num,COUNTRY,TUN,EMR,Eastern Mediterranean,YEAR,2008,,,,,,,,,170 [130-210],170,130,210,,2025-11-11T14:30:16Z,2008,2008-01-01,2008-12-31
944885,TB_e_mort_exc_tbhiv_num,COUNTRY,LBR,AFR,Africa,YEAR,2005,,,,,,,,,1800 [1200-2500],1800,1200,2500,,2025-11-11T14:30:16Z,2005,2005-01-01,2005-12-31
954703,TB_e_mort_exc_tbhiv_num,REGION,EUR,,,YEAR,2023,,,,,,,,,16 000 [15 000-17 000],16000,15000,17000,,2025-11-11T14:30:16Z,2023,2023-01-01,2023-12-31
956745,TB_e_mort_exc_tbhiv_num,COUNTRY,HUN,EUR,Europe,YEAR,2006,,,,,,,,,190 [180-190],190,180,190,,2025-11-11T14:30:16Z,2006,2006-01-01,2006-12-31
956988,TB_e_mort_exc_tbhiv_num,COUNTRY,MAC,,,YEAR,2000,,,,,,,,,280 [200-390],280,200,390,,2025-11-11T14:30:16Z,2000,2000-01-01,2000-12-31
957589,TB_e_mort_exc_tbhiv_num,COUNTRY,NER,AFR,Africa,YEAR,2001,,,,,,,,,2400 [1400-3700],2400,1400,3700,,2025-11-11T14:30:16Z,2001,2001-01-01,2001-12-31
961647,TB_e_mort_exc_tbhiv_num,COUNTRY,MKD,EUR,Europe,YEAR,2009,,,,,,,,,19 [18-20],19,18,20,,2025-11-11T14:30:16Z,2009,2009-01-01,2009-12-31
962796,TB_e_mort_exc_tbhiv_num,COUNTRY,GTM,AMR,Americas,YEAR,2023,,,,,,,,,390 [340-450],390,340,450,,2025-11-11T14:30:16Z,2023,2023-01-01,2023-12-31
963323,TB_e_mort_exc_tbhiv_num,COUNTRY,UKR,EUR,Europe,YEAR,2002,,,,,,,,,10 000 [10 000-10 000],10000,10000,10000,,2025-11-11T14:30:16Z,2002,2002-01-01,2002-12-31
963673,TB_e_mort_exc_tbhiv_num,COUNTRY,MAC,,,YEAR,2005,,,,,,,,,210 [140-280],210,140,280,,2025-11-11T14:30:16Z,2005,2005-01-01,2005-12-31
966442,TB_e_mort_exc_tbhiv_num,COUNTRY,SGP,WPR,Western Pacific,YEAR,2001,,,,,,,,,160 [100-230],160,100,230,,2025-11-11T14:30:16Z,2001,2001-01-01,2001-12-31
967977,TB_e_mort_exc_tbhiv_num,COUNTRY,GNB,AFR,Africa,YEAR,2017,,,,,,,,,490 [340-660],490,340,660,,2025-11-11T14:30:16Z,2017,2017-01-01,2017-12-31
970069,TB_e_mort_exc_tbhiv_num,COUNTRY,ARG,AMR,Americas,YEAR,2007,,,,,,,,,740 [710-770],740,710,770,,2025-11-11T14:30:16Z,2007,2007-01-01,2007-12-31
973873,TB_e_mort_exc_tbhiv_num,COUNTRY,ROU,EUR,Europe,YEAR,2001,,,,,,,,,2300 [2300-2300],2300,2300,2300,,2025-11-11T14:30:16Z,2001,2001-01-01,2001-12-31
980027,TB_e_mort_exc_tbhiv_num,COUNTRY,BHS,AMR,Americas,YEAR,2015,,,,,,,,,2 [2-3],2,2,3,,2025-11-11T14:30:16Z,2015,2015-01-01,2015-12-31
980714,TB_e_mort_exc_tbhiv_num,COUNTRY,MDV,SEAR,South-East Asia,YEAR,2018,,,,,,,,,10 [9-11],10,9,11,,2025-11-11T14:30:16Z,2018,2018-01-01,2018-12-31
985926,TB_e_mort_exc_tbhiv_num,COUNTRY,GRC,EUR,Europe,YEAR,2009,,,,,,,,,94 [90-98],94,90,98,,2025-11-11T14:30:16Z,2009,2009-01-01,2009-12-31
986146,TB_e_mort_exc_tbhiv_num,COUNTRY,ISR,EUR,Europe,YEAR,2014,,,,,,,,,15 [14-16],15,14,16,,2025-11-11T14:30:16Z,2014,2014-01-01,2014-12-31
988728,TB_e_mort_exc_tbhiv_num,COUNTRY,LKA,SEAR,South-East Asia,YEAR,2012,,,,,,,,,790 [700-890],790,700,890,,2025-11-11T14:30:16Z,2012,2012-01-01,2012-12-31
993410,TB_e_mort_exc_tbhiv_num,COUNTRY,BGR,EUR,Europe,YEAR,2000,,,,,,,,,380 [360-410],380,360,410,,2025-11-11T14:30:16Z,2000,2000-01-01,2000-12-31
1004500,TB_e_mort_exc_tbhiv_num,COUNTRY,NAM,AFR,Africa,YEAR,2003,,,,,,,,,1400 [540-2600],1400,540,2600,,2025-11-11T14:30:16Z,2003,2003-01-01,2003-12-31
1006032,TB_e_mort_exc_tbhiv_num,COUNTRY,URY,AMR,Americas,YEAR,2023,,,,,,,,,180 [150-220],180,150,220,,2025-11-11T14:30:16Z,2023,2023-01-01,2023-12-31
1008062,TB_e_mort_exc_tbhiv_num,COUNTRY,SUR,AMR,Americas,YEAR,2019,,,,,,,,,14 [12-15],14,12,15,,2025-11-11T14:30:16Z,2019,2019-01-01,2019-12-31
1010586,TB_e_mort_exc_tbhiv_num,COUNTRY,GEO,EUR,Europe,YEAR,2004,,,,,,,,,280 [260-300],280,260,300,,2025-11-11T14:30:16Z,2004,2004-01-01,2004-12-31
1012817,TB_e_mort_exc_tbhiv_num,COUNTRY,NZL,WPR,Western Pacific,YEAR,2024,,,,,,,,,14 [14-14],14,14,14,,2025-11-11T14:30:16Z,2024,2024-01-01,2024-12-31
1018865,TB_e_mort_exc_tbhiv_num,COUNTRY,MMR,SEAR,South-East Asia,YEAR,2018,,,,,,,,,20 000 [12 000-30 000],20000,12000,30000,,2025-11-11T14:30:16Z,2018,2018-01-01,2018-12-31
1023343,TB_e_mort_exc_tbhiv_num,COUNTRY,JOR,EMR,Eastern Mediterranean,YEAR,2024,,,,,,,,,10 [8-12],10,8,12,,2025-11-11T14:30:16Z,2024,2024-01-01,2024-12-31
1026034,TB_e_mort_exc_tbhiv_num,COUNTRY,FIN,EUR,Europe,YEAR,2024,,,,,,,,,30 [30-31],30,30,31,,2025-11-11T14:30:16Z,2024,2024-01-01,2024-12-31
1029342,TB_e_mort_exc_tbhiv_num,COUNTRY,LKA,SEAR,South-East Asia,YEAR,2010,,,,,,,,,930 [840-1000],930,840,1000,,2025-11-11T14:30:16Z,2010,2010-01-01,2010-12-31
1029524,TB_e_mort_exc_tbhiv_num,COUNTRY,FSM,WPR,Western Pacific,YEAR,2003,,,,,,,,,100 [72-140],100,72,140,,2025-11-11T14:30:16Z,2003,2003-01-01,2003-12-31
1030569,TB_e_mort_exc_tbhiv_num,COUNTRY,MEX,AMR,Americas,YEAR,2015,,,,,,,,,2200 [2200-2300],2200,2200,2300,,2025-11-11T14:30:16Z,2015,2015-01-01,2015-12-31
1030737,TB_e_mort_exc_tbhiv_num,COUNTRY,TTO,AMR,Americas,YEAR,2002,,,,,,,,,21 [21-21],21,21,21,,2025-11-11T14:30:16Z,2002,2002-01-01,2002-12-31
1035650,TB_e_mort_exc_tbhiv_num,COUNTRY,IRN,EMR,Eastern Mediterranean,YEAR,2018,,,,,,,,,870 [840-900],870,840,900,,2025-11-11T14:30:16Z,2018,2018-01-01,2018-12-31
1036374,TB_e_mort_exc_tbhiv_num,COUNTRY,IND,SEAR,South-East Asia,YEAR,2012,,,,,,,,,431 000 [323 000-554 000],431000,323000,554000,,2025-11-11T14:30:16Z,2012,2012-01-01,2012-12-31
1036664,TB_e_mort_exc_tbhiv_num,COUNTRY,AGO,AFR,Africa,YEAR,2002,,,,,,,,,14 000 [9700-19 000],14000,9700,19000,,2025-11-11T14:30:16Z,2002,2002-01-01,2002-12-31
1038466,TB_e_mort_exc_tbhiv_num,COUNTRY,NZL,WPR,Western Pacific,YEAR,2020,,,,,,,,,13 [13-13],13,13,13,,2025-11-11T14:30:16Z,2020,2020-01-01,2020-12-31
1043495,TB_e_mort_exc_tbhiv_num,COUNTRY,ECU,AMR,Americas,YEAR,2017,,,,,,,,,610 [540-690],610,540,690,,2025-11-11T14:30:16Z,2017,2017-01-01,2017-12-31
1044160,TB_e_mort_exc_tbhiv_num,COUNTRY,IRN,EMR,Eastern Mediterranean,YEAR,2008,,,,,,,,,670 [580-760],670,580,760,,2025-11-11T14:30:16Z,2008,2008-01-01,2008-12-31
1045236,TB_e_mort_exc_tbhiv_num,COUNTRY,MNG,WPR,Western Pacific,YEAR,2018,,,,,,,,,330 [290-370],330,290,370,,2025-11-11T14:30:16Z,2018,2018-01-01,2018-12-31
1048494,TB_e_mort_exc_tbhiv_num,COUNTRY,AGO,AFR,Africa,YEAR,2015,,,,,,,,,24 000 [16 000-32 000],24000,16000,32000,,2025-11-11T14:30:16Z,2015,2015-01-01,2015-12-31
1048629,TB_e_mort_exc_tbhiv_num,COUNTRY,ARE,EMR,Eastern Mediterranean,YEAR,2022,,,,,,,,,69 [40-110],69,40,110,,2025-11-11T14:30:16Z,2022,2022-01-01,2022-12-31
1055069,TB_e_mort_exc_tbhiv_num,COUNTRY,BEL,EUR,Europe,YEAR,2022,,,,,,,,,33 [32-35],33,32,35,,2025-11-11T14:30:16Z,2022,2022-01-01,2022-12-31
1061893,TB_e_mort_exc_tbhiv_num,COUNTRY,VUT,WPR,Western Pacific,YEAR,2022,,,,,,,,,29 [11-55],29,11,55,,2025-11-11T14:30:16Z,2022,2022-01-01,2022-12-31
1062191,TB_e_mort_exc_tbhiv_num,COUNTRY,AUS,WPR,Western Pacific,YEAR,2021,,,,,,,,,49 [49-50],49,49,50,,2025-11-11T14:30:16Z,2021,2021-01-01,2021-12-31
1064725,TB_e_mort_exc_tbhiv_num,COUNTRY,PHL,WPR,Western Pacific,YEAR,2015,,,,,,,,,29 000 [27 000-31 000],29000,27000,31000,,2025-11-11T14:30:16Z,2015,2015-01-01,2015-12-31
1070687,TB_e_mort_exc_tbhiv_num,GLOBAL,GLOBAL,,,YEAR,2023,,,,,,,,,1 110 000 [1 020 000-1 210 000],1110000,1020000,1210000,,2025-11-11T14:30:16Z,2023,2023-01-01,2023-12-31
1074180,TB_e_mort_exc_tbhiv_num,REGION,SEAR,,,YEAR,2010,,,,,,,,,653 000 [527 000-792 000],653000,527000,792000,,2025-11-11T14:30:16Z,2010,2010-01-01,2010-12-31
1074951,TB_e_mort_exc_tbhiv_num,COUNTRY,PHL,WPR,Western Pacific,YEAR,2024,,,,,,,,,36 000 [32 000-41 000],36000,32000,41000,,2025-11-11T14:30:16Z,2024,2024-01-01,2024-12-31
1075658,TB_e_mort_exc_tbhiv_num,COUNTRY,MAR,EMR,Eastern Mediterranean,YEAR,2000,,,,,,,,,2400 [1400-3700],2400,1400,3700,,2025-11-11T14:30:16Z,2000,2000-01-01,2000-12-31
1080368,TB_e_mort_exc_tbhiv_num,COUNTRY,KIR,WPR,Western Pacific,YEAR,2003,,,,,,,,,41 [37-46],41,37,46,,2025-11-11T14:30:16Z,2003,2003-01-01,2003-12-31
1080704,TB_e_mort_exc_tbhiv_num,COUNTRY,TLS,SEAR,South-East Asia,YEAR,2002,,,,,,,,,3200 [2300-4200],3200,2300,4200,,2025-11-11T14:30:16Z,2002,2002-01-01,2002-12-31
1081665,TB_e_mort_exc_tbhiv_num,COUNTRY,QAT,EMR,Eastern Mediterranean,YEAR,2008,,,,,,,,,5 [4-6],5,4,6,,2025-11-11T14:30:16Z,2008,2008-01-01,2008-12-31
1083145,TB_e_mort_exc_tbhiv_num,COUNTRY,ZMB,AFR,Africa,YEAR,2021,,,,,,,,,3900 [2200-6000],3900,2200,6000,,2025-11-11T14:30:16Z,2021,2021-01-01,2021-12-31
1089681,TB_e_mort_exc_tbhiv_num,COUNTRY,MAC,,,YEAR,2011,,,,,,,,,130 [90-180],130,90,180,,2025-11-11T14:30:16Z,2011,2011-01-01,2011-12-31
1090107,TB_e_mort_exc_tbhiv_num,COUNTRY,LUX,EUR,Europe,YEAR,2002,,,,,,,,,3 [3-3],3,3,3,,2025-11-11T14:30:16Z,2002,2002-01-01,2002-12-31
1095547,TB_e_mort_exc_tbhiv_num,COUNTRY,CRI,AMR,Americas,YEAR,2002,,,,,,,,,82 [80-83],82,80,83,,2025-11-11T14:30:16Z,2002,2002-01-01,2002-12-31
1100940,TB_e_mort_exc_tbhiv_num,COUNTRY,RWA,AFR,Africa,YEAR,2004,,,,,,,,,560 [300-900],560,300,900,,2025-11-11T14:30:16Z,2004,2004-01-01,2004-12-31
1105966,TB_e_mort_exc_tbhiv_num,COUNTRY,BEL,EUR,Europe,YEAR,2018,,,,,,,,,42 [41-44],42,41,44,,2025-11-11T14:30:16Z,2018,2018-01-01,2018-12-31
1107623,TB_e_mort_exc_tbhiv_num,COUNTRY,MMR,SEAR,South-East Asia,YEAR,2006,,,,,,,,,59 000 [33 000-93 000],59000,33000,93000,,2025-11-11T14:30:16Z,2006,2006-01-01,2006-12-31
1107879,TB_e_mort_exc_tbhiv_num,COUNTRY,VEN,AMR,Americas,YEAR,2023,,,,,,,,,640 [450-870],640,450,870,,2025-11-11T14:30:16Z,2023,2023-01-01,2023-12-31
1108939,TB_e_mort_exc_tbhiv_num,COUNTRY,CHE,EUR,Europe,YEAR,2024,,,,,,,,,11 [10-11],11,10,11,,2025-11-11T14:30:16Z,2024,2024-01-01,2024-12-31
1108941,TB_e_mort_exc_tbhiv_num,COUNTRY,IRL,EUR,Europe,YEAR,2023,,,,,,,,,19 [19-19],19,19,19,,2025-11-11T14:30:16Z,2023,2023-01-01,2023-12-31
1114637,TB_e_mort_exc_tbhiv_num,COUNTRY,NAM,AFR,Africa,YEAR,2005,,,,,,,,,1400 [530-2600],1400,530,2600,,2025-11-11T14:30:16Z,2005,2005-01-01,2005-12-31
1120201,TB_e_mort_exc_tbhiv_num,COUNTRY,SGP,WPR,Western Pacific,YEAR,2018,,,,,,,,,34 [30-38],34,30,38,,2025-11-11T14:30:16Z,2018,2018-01-01,2018-12-31
1125274,TB_e_mort_exc_tbhiv_num,COUNTRY,MUS,AFR,Africa,YEAR,2022,,,,,,,,,20 [20-20],20,20,20,,2025-11-11T14:30:16Z,2022,2022-01-01,2022-12-31
1126137,TB_e_mort_exc_tbhiv_num,COUNTRY,GIN,AFR,Africa,YEAR,2020,,,,,,,,,2900 [2000-3900],2900,2000,3900,,2025-11-11T14:30:16Z,2020,2020-01-01,2020-12-31
1126318,TB_e_mort_exc_tbhiv_num,COUNTRY,ESP,EUR,Europe,YEAR,2023,,,,,,,,,210 [200-210],210,200,210,,2025-11-11T14:30:16Z,2023,2023-01-01,2023-12-31
1128464,TB_e_mort_exc_tbhiv_num,COUNTRY,SLB,WPR,Western Pacific,YEAR,2012,,,,,,,,,260 [180-360],260,180,360,,2025-11-11T14:30:16Z,2012,2012-01-01,2012-12-31
1131043,TB_e_mort_exc_tbhiv_num,COUNTRY,NPL,SEAR,South-East Asia,YEAR,2014,,,,,,,,,18 000 [10 000-27 000],18000,10000,27000,,2025-11-11T14:30:16Z,2014,2014-01-01,2014-12-31
1137460,TB_e_mort_exc_tbhiv_num,COUNTRY,SWE,EUR,Europe,YEAR,2007,,,,,,,,,63 [62-64],63,62,64,,2025-11-11T14:30:16Z,2007,2007-01-01,2007-12-31
1137703,TB_e_mort_exc_tbhiv_num,COUNTRY,HND,AMR,Americas,YEAR,2002,,,,,,,,,420 [350-490],420,350,490,,2025-11-11T14:30:16Z,2002,2002-01-01,2002-12-31
1146855,TB_e_mort_exc_tbhiv_num,COUNTRY,VUT,WPR,Western Pacific,YEAR,2017,,,,,,,,,44 [24-71],44,24,71,,2025-11-11T14:30:16Z,2017,2017-01-01,2017-12-31
1150468,TB_e_mort_exc_tbhiv_num,COUNTRY,YEM,EMR,Eastern Mediterranean,YEAR,2016,,,,,,,,,2100 [1500-2900],2100,1500,2900,,2025-11-11T14:30:16Z,2016,2016-01-01,2016-12-31
1150623,TB_e_mort_exc_tbhiv_num,COUNTRY,UKR,EUR,Europe,YEAR,2004,,,,,,,,,11 000 [11 000-11 000],11000,11000,11000,,2025-11-11T14:30:16Z,2004,2004-01-01,2004-12-31
1150633,TB_e_mort_exc_tbhiv_num,COUNTRY,IRN,EMR,Eastern Mediterranean,YEAR,2020,,,,,,,,,880 [850-910],880,850,910,,2025-11-11T14:30:16Z,2020,2020-01-01,2020-12-31
1152622,TB_e_mort_exc_tbhiv_num,COUNTRY,ARG,AMR,Americas,YEAR,2009,,,,,,,,,670 [640-700],670,640,700,,2025-11-11T14:30:16Z,2009,2009-01-01,2009-12-31
1158328,TB_e_mort_exc_tbhiv_num,COUNTRY,AUT,EUR,Europe,YEAR,2013,,,,,,,,,68 [67-69],68,67,69,,2025-11-11T14:30:16Z,2013,2013-01-01,2013-12-31
1159331,TB_e_mort_exc_tbhiv_num,COUNTRY,QAT,EMR,Eastern Mediterranean,YEAR,2023,,,,,,,,,8 [7-11],8,7,11,,2025-11-11T14:30:16Z,2023,2023-01-01,2023-12-31
1159517,TB_e_mort_exc_tbhiv_num,COUNTRY,BHS,AMR,Americas,YEAR,2012,,,,,,,,,1 [1-1],1,1,1,,2025-11-11T14:30:16Z,2012,2012-01-01,2012-12-31
1162378,TB_e_mort_exc_tbhiv_num,COUNTRY,COL,AMR,Americas,YEAR,2024,,,,,,,,,2300 [1700-3100],2300,1700,3100,,2025-11-11T14:30:16Z,2024,2024-01-01,2024-12-31
1163327,TB_e_mort_exc_tbhiv_num,COUNTRY,PSE,EMR,Eastern Mediterranean,YEAR,2008,,,,,,,,,14 [10-20],14,10,20,,2025-11-11T14:30:16Z,2008,2008-01-01,2008-12-31
1163485,TB_e_mort_exc_tbhiv_num,COUNTRY,URY,AMR,Americas,YEAR,2021,,,,,,,,,88 [82-95],88,82,95,,2025-11-11T14:30:16Z,2021,2021-01-01,2021-12-31
1166201,TB_e_mort_exc_tbhiv_num,COUNTRY,BRA,AMR,Americas,YEAR,2005,,,,,,,,,5900 [5600-6400],5900,5600,6400,,2025-11-11T14:30:16Z,2005,2005-01-01,2005-12-31
1170761,TB_e_mort_exc_tbhiv_num,REGION,AFR,,,YEAR,2023,,,,,,,,,327 000 [271 000-387 000],327000,271000,387000,,2025-11-11T14:30:16Z,2023,2023-01-01,2023-12-31
1175868,TB_e_mort_exc_tbhiv_num,COUNTRY,STP,AFR,Africa,YEAR,2012,,,,,,,,,52 [36-72],52,36,72,,2025-11-11T14:30:16Z,2012,2012-01-01,2012-12-31
1182533,TB_e_mort_exc_tbhiv_num,COUNTRY,KOR,WPR,Western Pacific,YEAR,2001,,,,,,,,,3800 [3600-4100],3800,3600,4100,,2025-11-11T14:30:16Z,2001,2001-01-01,2001-12-31
1183301,TB_e_mort_exc_tbhiv_num,REGION,AFR,,,YEAR,2020,,,,,,,,,445 000 [361 000-538 000],445000,361000,538000,,2025-11-11T14:30:16Z,2020,2020-01-01,2020-12-31
1183732,TB_e_mort_exc_tbhiv_num,COUNTRY,PRI,AMR,Americas,YEAR,2005,,,,,,,,,19 [19-19],19,19,19,,2025-11-11T14:30:16Z,2005,2005-01-01,2005-12-31
1183922,TB_e_mort_exc_tbhiv_num,COUNTRY,BLZ,AMR,Americas,YEAR,2022,,,,,,,,,6 [2-12],6,2,12,,2025-11-11T14:30:16Z,2022,2022-01-01,2022-12-31
1184237,TB_e_mort_exc_tbhiv_num,COUNTRY,KEN,AFR,Africa,YEAR,2005,,,,,,,,,27 000 [12 000-50 000],27000,12000,50000,,2025-11-11T14:30:16Z,2005,2005-01-01,2005-12-31
1195089,TB_e_mort_exc_tbhiv_num,COUNTRY,BIH,EUR,Europe,YEAR,2002,,,,,,,,,210 [200-230],210,200,230,,2025-11-11T14:30:16Z,2002,2002-01-01,2002-12-31
1196211,TB_e_mort_exc_tbhiv_num,COUNTRY,PHL,WPR,Western Pacific,YEAR,2005,,,,,,,,,34 000 [31 000-37 000],34000,31000,37000,,2025-11-11T14:30:16Z,2005,2005-01-01,2005-12-31
1197410,TB_e_mort_exc_tbhiv_num,COUNTRY,TTO,AMR,Americas,YEAR,2016,,,,,,,,,21 [21-21],21,21,21,,2025-11-11T14:30:16Z,2016,2016-01-01,2016-12-31
1197471,TB_e_mort_exc_tbhiv_num,COUNTRY,POL,EUR,Europe,YEAR,2018,,,,,,,,,580 [550-620],580,550,620,,2025-11-11T14:30:16Z,2018,2018-01-01,2018-12-31
1200160,TB_e_mort_exc_tbhiv_num,COUNTRY,SWE,EUR,Europe,YEAR,2024,,,,,,,,,19 [19-20],19,19,20,,2025-11-11T14:30:16Z,2024,2024-01-01,2024-12-31
1201832,TB_e_mort_exc_tbhiv_num,COUNTRY,BTN,SEAR,South-East Asia,YEAR,2000,,,,,,,,,1300 [890-1700],1300,890,1700,,2025-11-11T14:30:16Z,2000,2000-01-01,2000-12-31
1201859,TB_e_mort_exc_tbhiv_num,COUNTRY,AFG,EMR,Eastern Mediterranean,YEAR,2010,,,,,,,,,15 000 [11 000-21 000],15000,11000,21000,,2025-11-11T14:30:16Z,2010,2010-01-01,2010-12-31
1203363,TB_e_mort_exc_tbhiv_num,COUNTRY,PNG,WPR,Western Pacific,YEAR,2001,,,,,,,,,19 000 [14 000-24 000],19000,14000,24000,,2025-11-11T14:30:16Z,2001,2001-01-01,2001-12-31
1208102,TB_e_mort_exc_tbhiv_num,COUNTRY,URY,AMR,Americas,YEAR,2014,,,,,,,,,74 [70-78],74,70,78,,2025-11-11T14:30:16Z,2014,2014-01-01,2014-12-31
1208347,TB_e_mort_exc_tbhiv_num,COUNTRY,NPL,SEAR,South-East Asia,YEAR,2006,,,,,,,,,26 000 [16 000-38 000],26000,16000,38000,,2025-11-11T14:30:16Z,2006,2006-01-01,2006-12-31
1208411,TB_e_mort_exc_tbhiv_num,COUNTRY,GBR,EUR,Europe,YEAR,2020,,,,,,,,,230 [230-230],230,230,230,,2025-11-11T14:30:16Z,2020,2020-01-01,2020-12-31
1209040,TB_e_mort_exc_tbhiv_num,COUNTRY,GIN,AFR,Africa,YEAR,2016,,,,,,,,,3100 [2200-4300],3100,2200,4300,,2025-11-11T14:30:16Z,2016,2016-01-01,2016-12-31
1228002,TB_e_mort_exc_tbhiv_num,COUNTRY,HUN,EUR,Europe,YEAR,2018,,,,,,,,,85 [85-85],85,85,85,,2025-11-11T14:30:16Z,2018,2018-01-01,2018-12-31
1233299,TB_e_mort_exc_tbhiv_num,COUNTRY,LBN,EMR,Eastern Mediterranean,YEAR,2006,,,,,,,,,120 [81-160],120,81,160,,2025-11-11T14:30:16Z,2006,2006-01-01,2006-12-31
1233786,TB_e_mort_exc_tbhiv_num,COUNTRY,MWI,AFR,Africa,YEAR,2003,,,,,,,,,3300 [1100-6700],3300,1100,6700,,2025-11-11T14:30:16Z,2003,2003-01-01,2003-12-31
1234853,TB_e_mort_exc_tbhiv_num,COUNTRY,SLB,WPR,Western Pacific,YEAR,2004,,,,,,,,,440 [300-600],440,300,600,,2025-11-11T14:30:16Z,2004,2004-01-01,2004-12-31
1240841,TB_e_mort_exc_tbhiv_num,COUNTRY,ZWE,AFR,Africa,YEAR,2019,,,,,,,,,1700 [1100-2500],1700,1100,2500,,2025-11-11T14:30:16Z,2019,2019-01-01,2019-12-31
1242373,TB_e_mort_exc_tbhiv_num,COUNTRY,CZE,EUR,Europe,YEAR,2023,,,,,,,,,37 [32-42],37,32,42,,2025-11-11T14:30:16Z,2023,2023-01-01,2023-12-31
1248361,TB_e_mort_exc_tbhiv_num,COUNTRY,MAR,EMR,Eastern Mediterranean,YEAR,2015,,,,,,,,,2500 [1500-3900],2500,1500,3900,,2025-11-11T14:30:16Z,2015,2015-01-01,2015-12-31
1254313,TB_e_mort_exc_tbhiv_num,COUNTRY,GNB,AFR,Africa,YEAR,2024,,,,,,,,,420 [280-590],420,280,590,,2025-11-11T14:30:16Z,2024,2024-01-01,2024-12-31
1254767,TB_e_mort_exc_tbhiv_num,COUNTRY,NER,AFR,Africa,YEAR,2018,,,,,,,,,3600 [2100-5500],3600,2100,5500,,2025-11-11T14:30:16Z,2018,2018-01-01,2018-12-31
1258743,TB_e_mort_exc_tbhiv_num,COUNTRY,NLD,EUR,Europe,YEAR,2008,,,,,,,,,53 [52-54],53,52,54,,2025-11-11T14:30:16Z,2008,2008-01-01,2008-12-31
1264019,TB_e_mort_exc_tbhiv_num,COUNTRY,BFA,AFR,Africa,YEAR,2006,,,,,,,,,2500 [1100-4600],2500,1100,4600,,2025-11-11T14:30:16Z,2006,2006-01-01,2006-12-31
1264803,TB_e_mort_exc_tbhiv_num,COUNTRY,MHL,WPR,Western Pacific,YEAR,2011,,,,,,,,,56 [38-76],56,38,76,,2025-11-11T14:30:16Z,2011,2011-01-01,2011-12-31
1270086,TB_e_mort_exc_tbhiv_num,COUNTRY,AUS,WPR,Western Pacific,YEAR,2019,,,,,,,,,46 [45-46],46,45,46,,2025-11-11T14:30:16Z,2019,2019-01-01,2019-12-31
1271638,TB_e_mort_exc_tbhiv_num,COUNTRY,MKD,EUR,Europe,YEAR,2012,,,,,,,,,23 [23-24],23,23,24,,2025-11-11T14:30:16Z,2012,2012-01-01,2012-12-31
1279072,TB_e_mort_exc_tbhiv_num,COUNTRY,EST,EUR,Europe,YEAR,2008,,,,,,,,,56 [55-57],56,55,57,,2025-11-11T14:30:16Z,2008,2008-01-01,2008-12-31
1279918,TB_e_mort_exc_tbhiv_num,COUNTRY,OMN,EMR,Eastern Mediterranean,YEAR,2020,,,,,,,,,16 [12-21],16,12,21,,2025-11-11T14:30:16Z,2020,2020-01-01,2020-12-31
1285427,TB_e_mort_exc_tbhiv_num,COUNTRY,LTU,EUR,Europe,YEAR,2015,,,,,,,,,200 [190-210],200,190,210,,2025-11-11T14:30:16Z,2015,2015-01-01,2015-12-31
1289584,TB_e_mort_exc_tbhiv_num,COUNTRY,ARE,EMR,Eastern Mediterranean,YEAR,2009,,,,,,,,,50 [30-73],50,30,73,,2025-11-11T14:30:16Z,2009,2009-01-01,2009-12-31
1289902,TB_e_mort_exc_tbhiv_num,COUNTRY,MYS,WPR,Western Pacific,YEAR,2024,,,,,,,,,2600 [1600-3700],2600,1600,3700,,2025-11-11T14:30:16Z,2024,2024-01-01,2024-12-31
1290720,TB_e_mort_exc_tbhiv_num,COUNTRY,JOR,EMR,Eastern Mediterranean,YEAR,2003,,,,,,,,,32 [25-40],32,25,40,,2025-11-11T14:30:16Z,2003,2003-01-01,2003-12-31
1297514,TB_e_mort_exc_tbhiv_num,COUNTRY,GMB,AFR,Africa,YEAR,2006,,,,,,,,,460 [250-730],460,250,730,,2025-11-11T14:30:16Z,2006,2006-01-01,2006-12-31
1302978,TB_e_mort_exc_tbhiv_num,COUNTRY,MOZ,AFR,Africa,YEAR,2018,,,,,,,,,5600 [3000-9000],5600,3000,9000,,2025-11-11T14:30:16Z,2018,2018-01-01,2018-12-31
1303232,TB_e_mort_exc_tbhiv_num,COUNTRY,CAN,AMR,Americas,YEAR,2003,,,,,,,,,130 [130-130],130,130,130,,2025-11-11T14:30:16Z,2003,2003-01-01,2003-12-31
1304463,TB_e_mort_exc_tbhiv_num,COUNTRY,CAN,AMR,Americas,YEAR,2008,,,,,,,,,130 [130-130],130,130,130,,2025-11-11T14:30:16Z,2008,2008-01-01,2008-12-31
1304748,TB_e_mort_exc_tbhiv_num,COUNTRY,HKG,,,YEAR,2023,,,,,,,,,120 [120-120],120,120,120,,2025-11-11T14:30:16Z,2023,2023-01-01,2023-12-31
1305623,TB_e_mort_exc_tbhiv_num,COUNTRY,NGA,AFR,Africa,YEAR,2006,,,,,,,,,87 000 [48 000-138 000],87000,48000,138000,,2025-11-11T14:30:16Z,2006,2006-01-01,2006-12-31
1305709,TB_e_mort_exc_tbhiv_num,COUNTRY,ITA,EUR,Europe,YEAR,2019,,,,,,,,,280 [280-290],280,280,290,,2025-11-11T14:30:16Z,2019,2019-01-01,2019-12-31
1309134,TB_e_mort_exc_tbhiv_num,COUNTRY,MDA,EUR,Europe,YEAR,2007,,,,,,,,,790 [700-890],790,700,890,,2025-11-11T14:30:16Z,2007,2007-01-01,2007-12-31
1310188,TB_e_mort_exc_tbhiv_num,COUNTRY,NER,AFR,Africa,YEAR,2023,,,,,,,,,3100 [1700-4800],3100,1700,4800,,2025-11-11T14:30:16Z,2023,2023-01-01,2023-12-31
1315809,TB_e_mort_exc_tbhiv_num,COUNTRY,MHL,WPR,Western Pacific,YEAR,2000,,,,,,,,,28 [19-38],28,19,38,,2025-11-11T14:30:16Z,2000,2000-01-01,2000-12-31
1316299,TB_e_mort_exc_tbhiv_num,COUNTRY,CZE,EUR,Europe,YEAR,2021,,,,,,,,,37 [36-37],37,36,37,,2025-11-11T14:30:16Z,2021,2021-01-01,2021-12-31
1317400,TB_e_mort_exc_tbhiv_num,COUNTRY,BLZ,AMR,Americas,YEAR,2024,,,,,,,,,2 [0-11],2,0,11,,2025-11-11T14:30:16Z,2024,2024-01-01,2024-12-31
1322194,TB_e_mort_exc_tbhiv_num,COUNTRY,LKA,SEAR,South-East Asia,YEAR,2020,,,,,,,,,780 [710-860],780,710,860,,2025-11-11T14:30:16Z,2020,2020-01-01,2020-12-31
1323504,TB_e_mort_exc_tbhiv_num,COUNTRY,MMR,SEAR,South-East Asia,YEAR,2015,,,,,,,,,29 000 [17 000-45 000],29000,17000,45000,,2025-11-11T14:30:16Z,2015,2015-01-01,2015-12-31
1327205,TB_e_mort_exc_tbhiv_num,COUNTRY,UKR,EUR,Europe,YEAR,2016,,,,,,,,,4600 [4400-4800],4600,4400,4800,,2025-11-11T14:30:16Z,2016,2016-01-01,2016-12-31
1327657,TB_e_mort_exc_tbhiv_num,COUNTRY,KOR,WPR,Western Pacific,YEAR,2014,,,,,,,,,2800 [2600-2900],2800,2600,2900,,2025-11-11T14:30:16Z,2014,2014-01-01,2014-12-31
1327953,TB_e_mort_exc_tbhiv_num,COUNTRY,COG,AFR,Africa,YEAR,2017,,,,,,,,,2300 [1600-3200],2300,1600,3200,,2025-11-11T14:30:16Z,2017,2017-01-01,2017-12-31
1333178,TB_e_mort_exc_tbhiv_num,COUNTRY,MAR,EMR,Eastern Mediterranean,YEAR,2008,,,,,,,,,2200 [1300-3400],2200,1300,3400,,2025-11-11T14:30:16Z,2008,2008-01-01,2008-12-31
1333543,TB_e_mort_exc_tbhiv_num,COUNTRY,OMN,EMR,Eastern Mediterranean,YEAR,2006,,,,,,,,,16 [13-19],16,13,19,,2025-11-11T14:30:16Z,2006,2006-01-01,2006-12-31
1340414,TB_e_mort_exc_tbhiv_num,COUNTRY,ISR,EUR,Europe,YEAR,2001,,,,,,,,,55 [53-57],55,53,57,,2025-11-11T14:30:16Z,2001,2001-01-01,2001-12-31
1342972,TB_e_mort_exc_tbhiv_num,COUNTRY,ESP,EUR,Europe,YEAR,2016,,,,,,,,,250 [250-260],250,250,260,,2025-11-11T14:30:16Z,2016,2016-01-01,2016-12-31
1345745,TB_e_mort_exc_tbhiv_num,COUNTRY,FJI,WPR,Western Pacific,YEAR,2006,,,,,,,,,26 [24-28],26,24,28,,2025-11-11T14:30:16Z,2006,2006-01-01,2006-12-31
1347290,TB_e_mort_exc_tbhiv_num,COUNTRY,PRI,AMR,Americas,YEAR,2022,,,,,,,,,6 [6-6],6,6,6,,2025-11-11T14:30:16Z,2022,2022-01-01,2022-12-31
1349120,TB_e_mort_exc_tbhiv_num,COUNTRY,PRY,AMR,Americas,YEAR,2024,,,,,,,,,240 [110-430],240,110,430,,2025-11-11T14:30:16Z,2024,2024-01-01,2024-12-31
1352977,TB_e_mort_exc_tbhiv_num,COUNTRY,BEL,EUR,Europe,YEAR,2014,,,,,,,,,41 [40-43],41,40,43,,2025-11-11T14:30:16Z,2014,2014-01-01,2014-12-31
1353255,TB_e_mort_exc_tbhiv_num,COUNTRY,HKG,,,YEAR,2005,,,,,,,,,280 [280-280],280,280,280,,2025-11-11T14:30:16Z,2005,2005-01-01,2005-12-31
1359765,TB_e_mort_exc_tbhiv_num,REGION,AFR,,,YEAR,2013,,,,,,,,,463 000 [379 000-554 000],463000,379000,554000,,2025-11-11T14:30:16Z,2013,2013-01-01,2013-12-31
1361123,TB_e_mort_exc_tbhiv_num,COUNTRY,KWT,EMR,Eastern Mediterranean,YEAR,2004,,,,,,,,,25 [25-25],25,25,25,,2025-11-11T14:30:16Z,2004,2004-01-01,2004-12-31
1361325,TB_e_mort_exc_tbhiv_num,COUNTRY,GAB,AFR,Africa,YEAR,2013,,,,,,,,,1100 [680-1700],1100,680,1700,,2025-11-11T14:30:16Z,2013,2013-01-01,2013-12-31
1364563,TB_e_mort_exc_tbhiv_num,REGION,EUR,,,YEAR,2005,,,,,,,,,70 000 [68 000-72 000],70000,68000,72000,,2025-11-11T14:30:16Z,2005,2005-01-01,2005-12-31
1365394,TB_e_mort_exc_tbhiv_num,COUNTRY,FSM,WPR,Western Pacific,YEAR,2011,,,,,,,,,88 [60-120],88,60,120,,2025-11-11T14:30:16Z,2011,2011-01-01,2011-12-31
1366202,TB_e_mort_exc_tbhiv_num,COUNTRY,KIR,WPR,Western Pacific,YEAR,2018,,,,,,,,,45 [38-53],45,38,53,,2025-11-11T14:30:16Z,2018,2018-01-01,2018-12-31
1373158,TB_e_mort_exc_tbhiv_num,COUNTRY,KGZ,EUR,Europe,YEAR,2022,,,,,,,,,290 [260-330],290,260,330,,2025-11-11T14:30:16Z,2022,2022-01-01,2022-12-31
1379403,TB_e_mort_exc_tbhiv_num,COUNTRY,SYR,EMR,Eastern Mediterranean,YEAR,2001,,,,,,,,,87 [63-120],87,63,120,,2025-11-11T14:30:16Z,2001,2001-01-01,2001-12-31
1379945,TB_e_mort_exc_tbhiv_num,COUNTRY,AZE,EUR,Europe,YEAR,2009,,,,,,,,,660 [610-710],660,610,710,,2025-11-11T14:30:16Z,2009,2009-01-01,2009-12-31
1380083,TB_e_mort_exc_tbhiv_num,COUNTRY,KOR,WPR,Western Pacific,YEAR,2003,,,,,,,,,3900 [3700-4200],3900,3700,4200,,2025-11-11T14:30:16Z,2003,2003-01-01,2003-12-31
1383642,TB_e_mort_exc_tbhiv_num,COUNTRY,IND,SEAR,South-East Asia,YEAR,2020,,,,,,,,,295 000 [230 000-368 000],295000,230000,368000,,2025-11-11T14:30:16Z,2020,2020-01-01,2020-12-31
1387681,TB_e_mort_exc_tbhiv_num,COUNTRY,ERI,AFR,Africa,YEAR,2022,,,,,,,,,1100 [790-1600],1100,790,1600,,2025-11-11T14:30:16Z,2022,2022-01-01,2022-12-31
1404562,TB_e_mort_exc_tbhiv_num,COUNTRY,IRL,EUR,Europe,YEAR,2004,,,,,,,,,40 [40-40],40,40,40,,2025-11-11T14:30:16Z,2004,2004-01-01,2004-12-31
1404663,TB_e_mort_exc_tbhiv_num,COUNTRY,VNM,WPR,Western Pacific,YEAR,2020,,,,,,,,,9500 [6100-14 000],9500,6100,14000,,2025-11-11T14:30:16Z,2020,2020-01-01,2020-12-31
1408862,TB_e_mort_exc_tbhiv_num,COUNTRY,SUR,AMR,Americas,YEAR,2006,,,,,,,,,7 [7-8],7,7,8,,2025-11-11T14:30:16Z,2006,2006-01-01,2006-12-31
1410502,TB_e_mort_exc_tbhiv_num,COUNTRY,MUS,AFR,Africa,YEAR,2007,,,,,,,,,15 [15-16],15,15,16,,2025-11-11T14:30:16Z,2007,2007-01-01,2007-12-31
1416206,TB_e_mort_exc_tbhiv_num,COUNTRY,CYP,EUR,Europe,YEAR,2004,,,,,,,,,4 [3-5],4,3,5,,2025-11-11T14:30:16Z,2004,2004-01-01,2004-12-31
1416309,TB_e_mort_exc_tbhiv_num,COUNTRY,ITA,EUR,Europe,YEAR,2018,,,,,,,,,290 [290-290],290,290,290,,2025-11-11T14:30:16Z,2018,2018-01-01,2018-12-31
1418478,TB_e_mort_exc_tbhiv_num,COUNTRY,SOM,EMR,Eastern Mediterranean,YEAR,2008,,,,,,,,,7800 [5600-10 000],7800,5600,10000,,2025-11-11T14:30:16Z,2008,2008-01-01,2008-12-31
1431958,TB_e_mort_exc_tbhiv_num,COUNTRY,MHL,WPR,Western Pacific,YEAR,2008,,,,,,,,,64 [44-87],64,44,87,,2025-11-11T14:30:16Z,2008,2008-01-01,2008-12-31
1434415,TB_e_mort_exc_tbhiv_num,COUNTRY,CIV,AFR,Africa,YEAR,2020,,,,,,,,,5800 [3800-8300],5800,3800,8300,,2025-11-11T14:30:16Z,2020,2020-01-01,2020-12-31
1436378,TB_e_mort_exc_tbhiv_num,COUNTRY,NOR,EUR,Europe,YEAR,2017,,,,,,,,,14 [13-14],14,13,14,,2025-11-11T14:30:16Z,2017,2017-01-01,2017-12-31
1438113,TB_e_mort_exc_tbhiv_num,COUNTRY,SVN,EUR,Europe,YEAR,2023,,,,,,,,,2 [2-2],2,2,2,,2025-11-11T14:30:16Z,2023,2023-01-01,2023-12-31
1438349,TB_e_mort_exc_tbhiv_num,COUNTRY,GHA,AFR,Africa,YEAR,2002,,,,,,,,,10 000 [4200-19 000],10000,4200,19000,,2025-11-11T14:30:16Z,2002,2002-01-01,2002-12-31
1446818,TB_e_mort_exc_tbhiv_num,COUNTRY,KEN,AFR,Africa,YEAR,2016,,,,,,,,,29 000 [16 000-45 000],29000,16000,45000,,2025-11-11T14:30:16Z,2016,2016-01-01,2016-12-31
1448255,TB_e_mort_exc_tbhiv_num,COUNTRY,AZE,EUR,Europe,YEAR,2005,,,,,,,,,800 [710-890],800,710,890,,2025-11-11T14:30:16Z,2005,2005-01-01,2005-12-31
1448795,TB_e_mort_exc_tbhiv_num,COUNTRY,EST,EUR,Europe,YEAR,2013,,,,,,,,,26 [25-26],26,25,26,,2025-11-11T14:30:16Z,2013,2013-01-01,2013-12-31
1450116,TB_e_mort_exc_tbhiv_num,COUNTRY,AUS,WPR,Western Pacific,YEAR,2015,,,,,,,,,51 [51-52],51,51,52,,2025-11-11T14:30:16Z,2015,2015-01-01,2015-12-31
1454453,TB_e_mort_exc_tbhiv_num,COUNTRY,CAN,AMR,Americas,YEAR,2016,,,,,,,,,100 [100-100],100,100,100,,2025-11-11T14:30:16Z,2016,2016-01-01,2016-12-31
1460021,TB_e_mort_exc_tbhiv_num,COUNTRY,EGY,EMR,Eastern Mediterranean,YEAR,2003,,,,,,,,,1200 [1000-1400],1200,1000,1400,,2025-11-11T14:30:16Z,2003,2003-01-01,2003-12-31
1461664,TB_e_mort_exc_tbhiv_num,COUNTRY,DZA,AFR,Africa,YEAR,2021,,,,,,,,,3300 [2300-4600],3300,2300,4600,,2025-11-11T14:30:16Z,2021,2021-01-01,2021-12-31
1463331,TB_e_mort_exc_tbhiv_num,COUNTRY,LTU,EUR,Europe,YEAR,2001,,,,,,,,,430 [350-510],430,350,510,,2025-11-11T14:30:16Z,2001,2001-01-01,2001-12-31
1467793,TB_e_mort_exc_tbhiv_num,COUNTRY,POL,EUR,Europe,YEAR,2005,,,,,,,,,900 [860-930],900,860,930,,2025-11-11T14:30:16Z,2005,2005-01-01,2005-12-31
1472124,TB_e_mort_exc_tbhiv_num,COUNTRY,TTO,AMR,Americas,YEAR,2018,,,,,,,,,21 [21-22],21,21,22,,2025-11-11T14:30:16Z,2018,2018-01-01,2018-12-31
1475904,TB_e_mort_exc_tbhiv_num,COUNTRY,CAN,AMR,Americas,YEAR,2000,,,,,,,,,140 [140-140],140,140,140,,2025-11-11T14:30:16Z,2000,2000-01-01,2000-12-31
1480371,TB_e_mort_exc_tbhiv_num,COUNTRY,KOR,WPR,Western Pacific,YEAR,2008,,,,,,,,,2900 [2700-3100],2900,2700,3100,,2025-11-11T14:30:16Z,2008,2008-01-01,2008-12-31
1481078,TB_e_mort_exc_tbhiv_num,COUNTRY,CHN,WPR,Western Pacific,YEAR,2002,,,,,,,,,94 000 [80 000-110 000],94000,80000,110000,,2025-11-11T14:30:16Z,2002,2002-01-01,2002-12-31
1481321,TB_e_mort_exc_tbhiv_num,COUNTRY,PRT,EUR,Europe,YEAR,2014,,,,,,,,,220 [210-230],220,210,230,,2025-11-11T14:30:16Z,2014,2014-01-01,2014-12-31
1481751,TB_e_mort_exc_tbhiv_num,COUNTRY,LBY,EMR,Eastern Mediterranean,YEAR,2019,,,,,,,,,290 [110-560],290,110,560,,2025-11-11T14:30:16Z,2019,2019-01-01,2019-12-31
1484924,TB_e_mort_exc_tbhiv_num,COUNTRY,DZA,AFR,Africa,YEAR,2012,,,,,,,,,4900 [3400-6800],4900,3400,6800,,2025-11-11T14:30:16Z,2012,2012-01-01,2012-12-31
1491327,TB_e_mort_exc_tbhiv_num,COUNTRY,TUR,EUR,Europe,YEAR,2018,,,,,,,,,450 [440-460],450,440,460,,2025-11-11T14:30:16Z,2018,2018-01-01,2018-12-31
1491344,TB_e_mort_exc_tbhiv_num,COUNTRY,BGD,SEAR,South-East Asia,YEAR,2008,,,,,,,,,79 000 [51 000-114 000],79000,51000,114000,,2025-11-11T14:30:16Z,2008,2008-01-01,2008-12-31
1492562,TB_e_mort_exc_tbhiv_num,COUNTRY,SVK,EUR,Europe,YEAR,2021,,,,,,,,,18 [17-18],18,17,18,,2025-11-11T14:30:16Z,2021,2021-01-01,2021-12-31
1493159,TB_e_mort_exc_tbhiv_num,COUNTRY,PSE,EMR,Eastern Mediterranean,YEAR,2010,,,,,,,,,10 [7-14],10,7,14,,2025-11-11T14:30:16Z,2010,2010-01-01,2010-12-31
1500762,TB_e_mort_exc_tbhiv_num,COUNTRY,BLZ,AMR,Americas,YEAR,2009,,,,,,,,,12 [12-12],12,12,12,,2025-11-11T14:30:16Z,2009,2009-01-01,2009-12-31
1504470,TB_e_mort_exc_tbhiv_num,COUNTRY,ISR,EUR,Europe,YEAR,2015,,,,,,,,,15 [14-15],15,14,15,,2025-11-11T14:30:16Z,2015,2015-01-01,2015-12-31
1505113,TB_e_mort_exc_tbhiv_num,COUNTRY,BDI,AFR,Africa,YEAR,2021,,,,,,,,,2300 [1400-3500],2300,1400,3500,,2025-11-11T14:30:16Z,2021,2021-01-01,2021-12-31
1509863,TB_e_mort_exc_tbhiv_num,COUNTRY,MDV,SEAR,South-East Asia,YEAR,2006,,,,,,,,,6 [5-7],6,5,7,,2025-11-11T14:30:16Z,2006,2006-01-01,2006-12-31
1519173,TB_e_mort_exc_tbhiv_num,COUNTRY,OMN,EMR,Eastern Mediterranean,YEAR,2000,,,,,,,,,20 [15-25],20,15,25,,2025-11-11T14:30:16Z,2000,2000-01-01,2000-12-31
1522494,TB_e_mort_exc_tbhiv_num,COUNTRY,KOR,WPR,Western Pacific,YEAR,2012,,,,,,,,,3000 [2900-3200],3000,2900,3200,,2025-11-11T14:30:16Z,2012,2012-01-01,2012-12-31
1523879,TB_e_mort_exc_tbhiv_num,COUNTRY,CHE,EUR,Europe,YEAR,2000,,,,,,,,,46 [46-47],46,46,47,,2025-11-11T14:30:16Z,2000,2000-01-01,2000-12-31
1528792,TB_e_mort_exc_tbhiv_num,COUNTRY,TKM,EUR,Europe,YEAR,2023,,,,,,,,,750 [640-880],750,640,880,,2025-11-11T14:30:16Z,2023,2023-01-01,2023-12-31
1529167,TB_e_mort_exc_tbhiv_num,COUNTRY,ITA,EUR,Europe,YEAR,2005,,,,,,,,,400 [390-400],400,390,400,,2025-11-11T14:30:16Z,2005,2005-01-01,2005-12-31
1529910,TB_e_mort_exc_tbhiv_num,COUNTRY,LBN,EMR,Eastern Mediterranean,YEAR,2003,,,,,,,,,150 [100-200],150,100,200,,2025-11-11T14:30:16Z,2003,2003-01-01,2003-12-31
1531498,TB_e_mort_exc_tbhiv_num,COUNTRY,CMR,AFR,Africa,YEAR,2017,,,,,,,,,6800 [4700-9200],6800,4700,9200,,2025-11-11T14:30:16Z,2017,2017-01-01,2017-12-31
1532958,TB_e_mort_exc_tbhiv_num,COUNTRY,ZWE,AFR,Africa,YEAR,2017,,,,,,,,,1200 [760-1800],1200,760,1800,,2025-11-11T14:30:16Z,2017,2017-01-01,2017-12-31
1538285,TB_e_mort_exc_tbhiv_num,COUNTRY,NZL,WPR,Western Pacific,YEAR,2019,,,,,,,,,13 [13-13],13,13,13,,2025-11-11T14:30:16Z,2019,2019-01-01,2019-12-31
1555642,TB_e_mort_exc_tbhiv_num,COUNTRY,PNG,WPR,Western Pacific,YEAR,2016,,,,,,,,,12 000 [8400-15 000],12000,8400,15000,,2025-11-11T14:30:16Z,2016,2016-01-01,2016-12-31
1556759,TB_e_mort_exc_tbhiv_num,COUNTRY,UGA,AFR,Africa,YEAR,2002,,,,,,,,,5600 [2500-9800],5600,2500,9800,,2025-11-11T14:30:16Z,2002,2002-01-01,2002-12-31
1561528,TB_e_mort_exc_tbhiv_num,COUNTRY,VNM,WPR,Western Pacific,YEAR,2007,,,,,,,,,21 000 [13 000-30 000],21000,13000,30000,,2025-11-11T14:30:16Z,2007,2007-01-01,2007-12-31
1561958,TB_e_mort_exc_tbhiv_num,COUNTRY,USA,AMR,Americas,YEAR,2001,,,,,,,,,890 [880-890],890,880,890,,2025-11-11T14:30:16Z,2001,2001-01-01,2001-12-31
1563354,TB_e_mort_exc_tbhiv_num,COUNTRY,MWI,AFR,Africa,YEAR,2008,,,,,,,,,4600 [2000-8300],4600,2000,8300,,2025-11-11T14:30:16Z,2008,2008-01-01,2008-12-31
1568559,TB_e_mort_exc_tbhiv_num,COUNTRY,AFG,EMR,Eastern Mediterranean,YEAR,2011,,,,,,,,,14 000 [10 000-20 000],14000,10000,20000,,2025-11-11T14:30:16Z,2011,2011-01-01,2011-12-31
1569612,TB_e_mort_exc_tbhiv_num,REGION,EUR,,,YEAR,2024,,,,,,,,,15 000 [14 000-16 000],15000,14000,16000,,2025-11-11T14:30:16Z,2024,2024-01-01,2024-12-31
1570355,TB_e_mort_exc_tbhiv_num,COUNTRY,FJI,WPR,Western Pacific,YEAR,2003,,,,,,,,,32 [26-39],32,26,39,,2025-11-11T14:30:16Z,2003,2003-01-01,2003-12-31
1576970,TB_e_mort_exc_tbhiv_num,COUNTRY,AGO,AFR,Africa,YEAR,2018,,,,,,,,,25 000 [18 000-33 000],25000,18000,33000,,2025-11-11T14:30:16Z,2018,2018-01-01,2018-12-31
1580084,TB_e_mort_exc_tbhiv_num,COUNTRY,MAC,,,YEAR,2001,,,,,,,,,280 [190-390],280,190,390,,2025-11-11T14:30:16Z,2001,2001-01-01,2001-12-31
1581916,TB_e_mort_exc_tbhiv_num,COUNTRY,BGR,EUR,Europe,YEAR,2020,,,,,,,,,81 [77-85],81,77,85,,2025-11-11T14:30:16Z,2020,2020-01-01,2020-12-31
1583344,TB_e_mort_exc_tbhiv_num,COUNTRY,KIR,WPR,Western Pacific,YEAR,2005,,,,,,,,,42 [37-47],42,37,47,,2025-11-11T14:30:16Z,2005,2005-01-01,2005-12-31
1588225,TB_e_mort_exc_tbhiv_num,COUNTRY,NAM,AFR,Africa,YEAR,2021,,,,,,,,,1700 [1100-2500],1700,1100,2500,,2025-11-11T14:30:16Z,2021,2021-01-01,2021-12-31
1599330,TB_e_mort_exc_tbhiv_num,COUNTRY,SRB,EUR,Europe,YEAR,2011,,,,,,,,,140 [140-150],140,140,150,,2025-11-11T14:30:16Z,2011,2011-01-01,2011-12-31
1606473,TB_e_mort_exc_tbhiv_num,COUNTRY,MNG,WPR,Western Pacific,YEAR,2013,,,,,,,,,330 [290-360],330,290,360,,2025-11-11T14:30:16Z,2013,2013-01-01,2013-12-31
1606658,TB_e_mort_exc_tbhiv_num,COUNTRY,HTI,AMR,Americas,YEAR,2016,,,,,,,,,1000 [720-1400],1000,720,1400,,2025-11-11T14:30:16Z,2016,2016-01-01,2016-12-31
1607032,TB_e_mort_exc_tbhiv_num,REGION,EMR,,,YEAR,2024,,,,,,,,,85 000 [71 000-99 000],85000,71000,99000,,2025-11-11T14:30:16Z,2024,2024-01-01,2024-12-31
1608783,TB_e_mort_exc_tbhiv_num,COUNTRY,CZE,EUR,Europe,YEAR,2009,,,,,,,,,52 [51-52],52,51,52,,2025-11-11T14:30:16Z,2009,2009-01-01,2009-12-31
1612763,TB_e_mort_exc_tbhiv_num,COUNTRY,ECU,AMR,Americas,YEAR,2010,,,,,,,,,740 [620-870],740,620,870,,2025-11-11T14:30:16Z,2010,2010-01-01,2010-12-31
1614792,TB_e_mort_exc_tbhiv_num,COUNTRY,SEN,AFR,Africa,YEAR,2023,,,,,,,,,3500 [2300-5000],3500,2300,5000,,2025-11-11T14:30:16Z,2023,2023-01-01,2023-12-31
1619544,TB_e_mort_exc_tbhiv_num,COUNTRY,IRN,EMR,Eastern Mediterranean,YEAR,2023,,,,,,,,,910 [880-940],910,880,940,,2025-11-11T14:30:16Z,2023,2023-01-01,2023-12-31
1619793,TB_e_mort_exc_tbhiv_num,COUNTRY,TUR,EUR,Europe,YEAR,2009,,,,,,,,,990 [880-1100],990,880,1100,,2025-11-11T14:30:16Z,2009,2009-01-01,2009-12-31
1624557,TB_e_mort_exc_tbhiv_num,COUNTRY,MYS,WPR,Western Pacific,YEAR,2020,,,,,,,,,1400 [1000-1800],1400,1000,1800,,2025-11-11T14:30:16Z,2020,2020-01-01,2020-12-31
1631925,TB_e_mort_exc_tbhiv_num,COUNTRY,HTI,AMR,Americas,YEAR,2022,,,,,,,,,1300 [830-1900],1300,830,1900,,2025-11-11T14:30:16Z,2022,2022-01-01,2022-12-31
1636726,TB_e_mort_exc_tbhiv_num,COUNTRY,MDA,EUR,Europe,YEAR,2018,,,,,,,,,170 [170-170],170,170,170,,2025-11-11T14:30:16Z,2018,2018-01-01,2018-12-31
1640406,TB_e_mort_exc_tbhiv_num,COUNTRY,EST,EUR,Europe,YEAR,2024,,,,,,,,,13 [12-14],13,12,14,,2025-11-11T14:30:16Z,2024,2024-01-01,2024-12-31
1646706,TB_e_mort_exc_tbhiv_num,REGION,EMR,,,YEAR,2020,,,,,,,,,86 000 [74 000-99 000],86000,74000,99000,,2025-11-11T14:30:16Z,2020,2020-01-01,2020-12-31
1656262,TB_e_mort_exc_tbhiv_num,COUNTRY,SOM,EMR,Eastern Mediterranean,YEAR,2017,,,,,,,,,5000 [3500-6800],5000,3500,6800,,2025-11-11T14:30:16Z,2017,2017-01-01,2017-12-31
1658943,TB_e_mort_exc_tbhiv_num,REGION,WPR,,,YEAR,2005,,,,,,,,,279 000 [261 000-297 000],279000,261000,297000,,2025-11-11T14:30:16Z,2005,2005-01-01,2005-12-31
1663660,TB_e_mort_exc_tbhiv_num,COUNTRY,MEX,AMR,Americas,YEAR,2006,,,,,,,,,2600 [2600-2700],2600,2600,2700,,2025-11-11T14:30:16Z,2006,2006-01-01,2006-12-31
1665887,TB_e_mort_exc_tbhiv_num,COUNTRY,SLE,AFR,Africa,YEAR,2020,,,,,,,,,6400 [2800-11 000],6400,2800,11000,,2025-11-11T14:30:16Z,2020,2020-01-01,2020-12-31
1666029,TB_e_mort_exc_tbhiv_num,COUNTRY,MEX,AMR,Americas,YEAR,2013,,,,,,,,,2500 [2500-2600],2500,2500,2600,,2025-11-11T14:30:16Z,2013,2013-01-01,2013-12-31
1670864,TB_e_mort_exc_tbhiv_num,COUNTRY,SVK,EUR,Europe,YEAR,2020,,,,,,,,,22 [21-22],22,21,22,,2025-11-11T14:30:16Z,2020,2020-01-01,2020-12-31
1671608,TB_e_mort_exc_tbhiv_num,REGION,EUR,,,YEAR,2017,,,,,,,,,25 000 [24 000-25 000],25000,24000,25000,,2025-11-11T14:30:16Z,2017,2017-01-01,2017-12-31
1678364,TB_e_mort_exc_tbhiv_num,COUNTRY,HKG,,,YEAR,2008,,,,,,,,,240 [240-240],240,240,240,,2025-11-11T14:30:16Z,2008,2008-01-01,2008-12-31
1683017,TB_e_mort_exc_tbhiv_num,COUNTRY,BTN,SEAR,South-East Asia,YEAR,2011,,,,,,,,,810 [560-1100],810,560,1100,,2025-11-11T14:30:16Z,2011,2011-01-01,2011-12-31
1688378,TB_e_mort_exc_tbhiv_num,COUNTRY,PSE,EMR,Eastern Mediterranean,YEAR,2006,,,,,,,,,16 [11-22],16,11,22,,2025-11-11T14:30:16Z,2006,2006-01-01,2006-12-31
1694012,TB_e_mort_exc_tbhiv_num,COUNTRY,SOM,EMR,Eastern Mediterranean,YEAR,2001,,,,,,,,,11 000 [7700-14 000],11000,7700,14000,,2025-11-11T14:30:16Z,2001,2001-01-01,2001-12-31
1696529,TB_e_mort_exc_tbhiv_num,COUNTRY,UGA,AFR,Africa,YEAR,2023,,,,,,,,,4200 [2100-7100],4200,2100,7100,,2025-11-11T14:30:16Z,2023,2023-01-01,2023-12-31
1696983,TB_e_mort_exc_tbhiv_num,COUNTRY,HTI,AMR,Americas,YEAR,2008,,,,,,,,,1000 [740-1400],1000,740,1400,,2025-11-11T14:30:16Z,2008,2008-01-01,2008-12-31
1697957,TB_e_mort_exc_tbhiv_num,COUNTRY,PAN,AMR,Americas,YEAR,2014,,,,,,,,,220 [210-220],220,210,220,,2025-11-11T14:30:16Z,2014,2014-01-01,2014-12-31
1702574,TB_e_mort_exc_tbhiv_num,COUNTRY,FRA,EUR,Europe,YEAR,2007,,,,,,,,,710 [690-740],710,690,740,,2025-11-11T14:30:16Z,2007,2007-01-01,2007-12-31
1703390,TB_e_mort_exc_tbhiv_num,COUNTRY,MHL,WPR,Western Pacific,YEAR,2019,,,,,,,,,75 [52-100],75,52,100,,2025-11-11T14:30:16Z,2019,2019-01-01,2019-12-31
1704056,TB_e_mort_exc_tbhiv_num,COUNTRY,GRC,EUR,Europe,YEAR,2017,,,,,,,,,58 [56-60],58,56,60,,2025-11-11T14:30:16Z,2017,2017-01-01,2017-12-31
1707279,TB_e_mort_exc_tbhiv_num,WORLDBANKINCOMEGROUP,WB_LMI,,,YEAR,2000,,,,,,,,,1 440 000 [1 110 000-1 800 000],1440000,1110000,1800000,,2025-11-11T14:30:16Z,2000,2000-01-01,2000-12-31
1708528,TB_e_mort_exc_tbhiv_num,COUNTRY,USA,AMR,Americas,YEAR,2009,,,,,,,,,590 [580-590],590,580,590,,2025-11-11T14:30:16Z,2009,2009-01-01,2009-12-31
1719195,TB_e_mort_exc_tbhiv_num,COUNTRY,AZE,EUR,Europe,YEAR,2002,,,,,,,,,1300 [1100-1500],1300,1100,1500,,2025-11-11T14:30:16Z,2002,2002-01-01,2002-12-31
1720068,TB_e_mort_exc_tbhiv_num,COUNTRY,MAR,EMR,Eastern Mediterranean,YEAR,2009,,,,,,,,,2300 [1300-3500],2300,1300,3500,,2025-11-11T14:30:16Z,2009,2009-01-01,2009-12-31
1720319,TB_e_mort_exc_tbhiv_num,COUNTRY,MOZ,AFR,Africa,YEAR,2001,,,,,,,,,7200 [2800-14 000],7200,2800,14000,,2025-11-11T14:30:16Z,2001,2001-01-01,2001-12-31
1726074,TB_e_mort_exc_tbhiv_num,COUNTRY,LBR,AFR,Africa,YEAR,2014,,,,,,,,,3200 [2200-4300],3200,2200,4300,,2025-11-11T14:30:16Z,2014,2014-01-01,2014-12-31
1726198,TB_e_mort_exc_tbhiv_num,COUNTRY,BLZ,AMR,Americas,YEAR,2004,,,,,,,,,8 [8-8],8,8,8,,2025-11-11T14:30:16Z,2004,2004-01-01,2004-12-31
1726399,TB_e_mort_exc_tbhiv_num,COUNTRY,MDV,SEAR,South-East Asia,YEAR,2008,,,,,,,,,8 [7-9],8,7,9,,2025-11-11T14:30:16Z,2008,2008-01-01,2008-12-31
1727888,TB_e_mort_exc_tbhiv_num,COUNTRY,NPL,SEAR,South-East Asia,YEAR,2008,,,,,,,,,24 000 [14 000-36 000],24000,14000,36000,,2025-11-11T14:30:16Z,2008,2008-01-01,2008-12-31
1732047,TB_e_mort_exc_tbhiv_num,COUNTRY,ARG,AMR,Americas,YEAR,2003,,,,,,,,,820 [790-860],820,790,860,,2025-11-11T14:30:16Z,2003,2003-01-01,2003-12-31
1739451,TB_e_mort_exc_tbhiv_num,COUNTRY,CHL,AMR,Americas,YEAR,2013,,,,,,,,,480 [480-490],480,480,490,,2025-11-11T14:30:16Z,2013,2013-01-01,2013-12-31
1747752,TB_e_mort_exc_tbhiv_num,COUNTRY,GRC,EUR,Europe,YEAR,2013,,,,,,,,,78 [74-82],78,74,82,,2025-11-11T14:30:16Z,2013,2013-01-01,2013-12-31
1753072,TB_e_mort_exc_tbhiv_num,COUNTRY,GHA,AFR,Africa,YEAR,2014,,,,,,,,,11 000 [4700-19 000],11000,4700,19000,,2025-11-11T14:30:16Z,2014,2014-01-01,2014-12-31
1759564,TB_e_mort_exc_tbhiv_num,COUNTRY,BLZ,AMR,Americas,YEAR,2002,,,,,,,,,16 [16-17],16,16,17,,2025-11-11T14:30:16Z,2002,2002-01-01,2002-12-31
1763634,TB_e_mort_exc_tbhiv_num,REGION,EUR,,,YEAR,2001,,,,,,,,,70 000 [68 000-73 000],70000,68000,73000,,2025-11-11T14:30:16Z,2001,2001-01-01,2001-12-31
1764003,TB_e_mort_exc_tbhiv_num,COUNTRY,LSO,AFR,Africa,YEAR,2007,,,,,,,,,1500 [510-3000],1500,510,3000,,2025-11-11T14:30:16Z,2007,2007-01-01,2007-12-31
1764125,TB_e_mort_exc_tbhiv_num,COUNTRY,LBR,AFR,Africa,YEAR,2003,,,,,,,,,1400 [880-2000],1400,880,2000,,2025-11-11T14:30:16Z,2003,2003-01-01,2003-12-31
1764192,TB_e_mort_exc_tbhiv_num,COUNTRY,ECU,AMR,Americas,YEAR,2009,,,,,,,,,780 [640-930],780,640,930,,2025-11-11T14:30:16Z,2009,2009-01-01,2009-12-31
1766725,TB_e_mort_exc_tbhiv_num,COUNTRY,EGY,EMR,Eastern Mediterranean,YEAR,2020,,,,,,,,,470 [420-520],470,420,520,,2025-11-11T14:30:16Z,2020,2020-01-01,2020-12-31
1772093,TB_e_mort_exc_tbhiv_num,COUNTRY,PAK,EMR,Eastern Mediterranean,YEAR,2017,,,,,,,,,47 000 [38 000-57 000],47000,38000,57000,,2025-11-11T14:30:16Z,2017,2017-01-01,2017-12-31
1776846,TB_e_mort_exc_tbhiv_num,COUNTRY,UKR,EUR,Europe,YEAR,2001,,,,,,,,,11 000 [11 000-12 000],11000,11000,12000,,2025-11-11T14:30:16Z,2001,2001-01-01,2001-12-31
1778758,TB_e_mort_exc_tbhiv_num,COUNTRY,IND,SEAR,South-East Asia,YEAR,2000,,,,,,,,,848 000 [549 000-1 210 000],848000,549000,1210000,,2025-11-11T14:30:16Z,2000,2000-01-01,2000-12-31
1779237,TB_e_mort_exc_tbhiv_num,COUNTRY,DZA,AFR,Africa,YEAR,2005,,,,,,,,,7500 [5200-10 000],7500,5200,10000,,2025-11-11T14:30:16Z,2005,2005-01-01,2005-12-31
1785664,TB_e_mort_exc_tbhiv_num,COUNTRY,LAO,WPR,Western Pacific,YEAR,2013,,,,,,,,,3800 [2300-5800],3800,2300,5800,,2025-11-11T14:30:16Z,2013,2013-01-01,2013-12-31
1790482,TB_e_mort_exc_tbhiv_num,COUNTRY,HUN,EUR,Europe,YEAR,2008,,,,,,,,,190 [190-190],190,190,190,,2025-11-11T14:30:16Z,2008,2008-01-01,2008-12-31
1792794,TB_e_mort_exc_tbhiv_num,COUNTRY,CYP,EUR,Europe,YEAR,2020,,,,,,,,,2 [2-3],2,2,3,,2025-11-11T14:30:16Z,2020,2020-01-01,2020-12-31
1796066,TB_e_mort_exc_tbhiv_num,REGION,EMR,,,YEAR,2011,,,,,,,,,92 000 [81 000-105 000],92000,81000,105000,,2025-11-11T14:30:16Z,2011,2011-01-01,2011-12-31
1798423,TB_e_mort_exc_tbhiv_num,COUNTRY,ISR,EUR,Europe,YEAR,2016,,,,,,,,,15 [14-15],15,14,15,,2025-11-11T14:30:16Z,2016,2016-01-01,2016-12-31
1801351,TB_e_mort_exc_tbhiv_num,COUNTRY,MNE,EUR,Europe,YEAR,2007,,,,,,,,,9 [8-10],9,8,10,,2025-11-11T14:30:16Z,2007,2007-01-01,2007-12-31
1802559,TB_e_mort_exc_tbhiv_num,COUNTRY,SYR,EMR,Eastern Mediterranean,YEAR,2023,,,,,,,,,32 [28-35],32,28,35,,2025-11-11T14:30:16Z,2023,2023-01-01,2023-12-31
1803608,TB_e_mort_exc_tbhiv_num,COUNTRY,LKA,SEAR,South-East Asia,YEAR,2008,,,,,,,,,1100 [960-1200],1100,960,1200,,2025-11-11T14:30:16Z,2008,2008-01-01,2008-12-31
1804124,TB_e_mort_exc_tbhiv_num,COUNTRY,SWE,EUR,Europe,YEAR,2002,,,,,,,,,99 [97-100],99,97,100,,2025-11-11T14:30:16Z,2002,2002-01-01,2002-12-31
1814294,TB_e_mort_exc_tbhiv_num,COUNTRY,COL,AMR,Americas,YEAR,2002,,,,,,,,,1400 [1400-1400],1400,1400,1400,,2025-11-11T14:30:16Z,2002,2002-01-01,2002-12-31
1814688,TB_e_mort_exc_tbhiv_num,COUNTRY,EST,EUR,Europe,YEAR,2015,,,,,,,,,22 [21-22],22,21,22,,2025-11-11T14:30:16Z,2015,2015-01-01,2015-12-31
1815065,TB_e_mort_exc_tbhiv_num,COUNTRY,SVK,EUR,Europe,YEAR,2018,,,,,,,,,27 [26-27],27,26,27,,2025-11-11T14:30:16Z,2018,2018-01-01,2018-12-31
1815154,TB_e_mort_exc_tbhiv_num,COUNTRY,VUT,WPR,Western Pacific,YEAR,2000,,,,,,,,,270 [220-340],270,220,340,,2025-11-11T14:30:16Z,2000,2000-01-01,2000-12-31
1821091,TB_e_mort_exc_tbhiv_num,COUNTRY,THA,SEAR,South-East Asia,YEAR,2003,,,,,,,,,12 000 [8100-17 000],12000,8100,17000,,2025-11-11T14:30:16Z,2003,2003-01-01,2003-12-31
1828110,TB_e_mort_exc_tbhiv_num,COUNTRY,BOL,AMR,Americas,YEAR,2018,,,,,,,,,1200 [890-1600],1200,890,1600,,2025-11-11T14:30:16Z,2018,2018-01-01,2018-12-31
1828129,TB_e_mort_exc_tbhiv_num,COUNTRY,CMR,AFR,Africa,YEAR,2024,,,,,,,,,5000 [3200-7200],5000,3200,7200,,2025-11-11T14:30:16Z,2024,2024-01-01,2024-12-31
1830732,TB_e_mort_exc_tbhiv_num,COUNTRY,AUT,EUR,Europe,YEAR,2007,,,,,,,,,47 [47-48],47,47,48,,2025-11-11T14:30:16Z,2007,2007-01-01,2007-12-31
1833766,TB_e_mort_exc_tbhiv_num,COUNTRY,SEN,AFR,Africa,YEAR,2021,,,,,,,,,4500 [3000-6400],4500,3000,6400,,2025-11-11T14:30:16Z,2021,2021-01-01,2021-12-31
1835534,TB_e_mort_exc_tbhiv_num,COUNTRY,BTN,SEAR,South-East Asia,YEAR,2013,,,,,,,,,600 [420-820],600,420,820,,2025-11-11T14:30:16Z,2013,2013-01-01,2013-12-31
1839715,TB_e_mort_exc_tbhiv_num,COUNTRY,SDN,EMR,Eastern Mediterranean,YEAR,2017,,,,,,,,,5300 [3300-7800],5300,3300,7800,,2025-11-11T14:30:16Z,2017,2017-01-01,2017-12-31
1842175,TB_e_mort_exc_tbhiv_num,COUNTRY,ARE,EMR,Eastern Mediterranean,YEAR,2020,,,,,,,,,64 [37-98],64,37,98,,2025-11-11T14:30:16Z,2020,2020-01-01,2020-12-31
1846192,TB_e_mort_exc_tbhiv_num,COUNTRY,BGR,EUR,Europe,YEAR,2009,,,,,,,,,220 [210-230],220,210,230,,2025-11-11T14:30:16Z,2009,2009-01-01,2009-12-31
1846398,TB_e_mort_exc_tbhiv_num,COUNTRY,IRL,EUR,Europe,YEAR,2013,,,,,,,,,23 [23-23],23,23,23,,2025-11-11T14:30:16Z,2013,2013-01-01,2013-12-31
1849062,TB_e_mort_exc_tbhiv_num,COUNTRY,GNB,AFR,Africa,YEAR,2001,,,,,,,,,380 [220-580],380,220,580,,2025-11-11T14:30:16Z,2001,2001-01-01,2001-12-31
1849635,TB_e_mort_exc_tbhiv_num,COUNTRY,TUR,EUR,Europe,YEAR,2008,,,,,,,,,730 [520-980],730,520,980,,2025-11-11T14:30:16Z,2008,2008-01-01,2008-12-31
1859096,TB_e_mort_exc_tbhiv_num,COUNTRY,CUB,AMR,Americas,YEAR,2013,,,,,,,,,46 [46-46],46,46,46,,2025-11-11T14:30:16Z,2013,2013-01-01,2013-12-31
1866899,TB_e_mort_exc_tbhiv_num,COUNTRY,AZE,EUR,Europe,YEAR,2007,,,,,,,,,370 [320-410],370,320,410,,2025-11-11T14:30:16Z,2007,2007-01-01,2007-12-31
1871240,TB_e_mort_exc_tbhiv_num,COUNTRY,BHR,EMR,Eastern Mediterranean,YEAR,2003,,,,,,,,,2 [2-3],2,2,3,,2025-11-11T14:30:16Z,2003,2003-01-01,2003-12-31
1871350,TB_e_mort_exc_tbhiv_num,COUNTRY,TUR,EUR,Europe,YEAR,2010,,,,,,,,,840 [770-920],840,770,920,,2025-11-11T14:30:16Z,2010,2010-01-01,2010-12-31
1871494,TB_e_mort_exc_tbhiv_num,COUNTRY,DOM,AMR,Americas,YEAR,2012,,,,,,,,,550 [350-800],550,350,800,,2025-11-11T14:30:16Z,2012,2012-01-01,2012-12-31
1871921,TB_e_mort_exc_tbhiv_num,COUNTRY,AFG,EMR,Eastern Mediterranean,YEAR,2009,,,,,,,,,17 000 [12 000-22 000],17000,12000,22000,,2025-11-11T14:30:16Z,2009,2009-01-01,2009-12-31
1872872,TB_e_mort_exc_tbhiv_num,COUNTRY,CZE,EUR,Europe,YEAR,2015,,,,,,,,,57 [56-57],57,56,57,,2025-11-11T14:30:16Z,2015,2015-01-01,2015-12-31
1873167,TB_e_mort_exc_tbhiv_num,COUNTRY,MDG,AFR,Africa,YEAR,2010,,,,,,,,,12 000 [8800-17 000],12000,8800,17000,,2025-11-11T14:30:16Z,2010,2010-01-01,2010-12-31
1873258,TB_e_mort_exc_tbhiv_num,COUNTRY,FIN,EUR,Europe,YEAR,2021,,,,,,,,,24 [24-24],24,24,24,,2025-11-11T14:30:16Z,2021,2021-01-01,2021-12-31
1881164,TB_e_mort_exc_tbhiv_num,COUNTRY,KAZ,EUR,Europe,YEAR,2002,,,,,,,,,4000 [3900-4100],4000,3900,4100,,2025-11-11T14:30:16Z,2002,2002-01-01,2002-12-31
1883865,TB_e_mort_exc_tbhiv_num,COUNTRY,TUR,EUR,Europe,YEAR,2016,,,,,,,,,560 [550-560],560,550,560,,2025-11-11T14:30:16Z,2016,2016-01-01,2016-12-31
1890447,TB_e_mort_exc_tbhiv_num,COUNTRY,LTU,EUR,Europe,YEAR,2003,,,,,,,,,390 [320-460],390,320,460,,2025-11-11T14:30:16Z,2003,2003-01-01,2003-12-31
1890976,TB_e_mort_exc_tbhiv_num,COUNTRY,TJK,EUR,Europe,YEAR,2014,,,,,,,,,800 [720-880],800,720,880,,2025-11-11T14:30:16Z,2014,2014-01-01,2014-12-31
1891304,TB_e_mort_exc_tbhiv_num,COUNTRY,USA,AMR,Americas,YEAR,2021,,,,,,,,,620 [620-630],620,620,630,,2025-11-11T14:30:16Z,2021,2021-01-01,2021-12-31
1892578,TB_e_mort_exc_tbhiv_num,REGION,AFR,,,YEAR,2018,,,,,,,,,450 000 [364 000-545 000],450000,364000,545000,,2025-11-11T14:30:16Z,2018,2018-01-01,2018-12-31
1893264,TB_e_mort_exc_tbhiv_num,COUNTRY,CRI,AMR,Americas,YEAR,2024,,,,,,,,,40 [36-45],40,36,45,,2025-11-11T14:30:16Z,2024,2024-01-01,2024-12-31
1896981,TB_e_mort_exc_tbhiv_num,COUNTRY,SGP,WPR,Western Pacific,YEAR,2022,,,,,,,,,22 [21-24],22,21,24,,2025-11-11T14:30:16Z,2022,2022-01-01,2022-12-31
1898606,TB_e_mort_exc_tbhiv_num,COUNTRY,MRT,AFR,Africa,YEAR,2023,,,,,,,,,520 [270-850],520,270,850,,2025-11-11T14:30:16Z,2023,2023-01-01,2023-12-31
1904973,TB_e_mort_exc_tbhiv_num,COUNTRY,CRI,AMR,Americas,YEAR,2007,,,,,,,,,41 [40-41],41,40,41,,2025-11-11T14:30:16Z,2007,2007-01-01,2007-12-31
1905202,TB_e_mort_exc_tbhiv_num,COUNTRY,GAB,AFR,Africa,YEAR,2015,,,,,,,,,1300 [780-1800],1300,780,1800,,2025-11-11T14:30:16Z,2015,2015-01-01,2015-12-31
1909000,TB_e_mort_exc_tbhiv_num,COUNTRY,ROU,EUR,Europe,YEAR,2004,,,,,,,,,2000 [2000-2000],2000,2000,2000,,2025-11-11T14:30:16Z,2004,2004-01-01,2004-12-31
1915763,TB_e_mort_exc_tbhiv_num,COUNTRY,ITA,EUR,Europe,YEAR,2011,,,,,,,,,390 [390-400],390,390,400,,2025-11-11T14:30:16Z,2011,2011-01-01,2011-12-31
1917241,TB_e_mort_exc_tbhiv_num,COUNTRY,COL,AMR,Americas,YEAR,2014,,,,,,,,,1100 [1000-1100],1100,1000,1100,,2025-11-11T14:30:16Z,2014,2014-01-01,2014-12-31
1924674,TB_e_mort_exc_tbhiv_num,COUNTRY,CYP,EUR,Europe,YEAR,2006,,,,,,,,,3 [2-3],3,2,3,,2025-11-11T14:30:16Z,2006,2006-01-01,2006-12-31
1929988,TB_e_mort_exc_tbhiv_num,COUNTRY,BOL,AMR,Americas,YEAR,2010,,,,,,,,,1500 [1200-1900],1500,1200,1900,,2025-11-11T14:30:16Z,2010,2010-01-01,2010-12-31
1936902,TB_e_mort_exc_tbhiv_num,COUNTRY,TTO,AMR,Americas,YEAR,2023,,,,,,,,,22 [22-22],22,22,22,,2025-11-11T14:30:16Z,2023,2023-01-01,2023-12-31
1937308,TB_e_mort_exc_tbhiv_num,COUNTRY,GRC,EUR,Europe,YEAR,2015,,,,,,,,,45 [43-46],45,43,46,,2025-11-11T14:30:16Z,2015,2015-01-01,2015-12-31
1938350,TB_e_mort_exc_tbhiv_num,COUNTRY,CHE,EUR,Europe,YEAR,2016,,,,,,,,,25 [24-26],25,24,26,,2025-11-11T14:30:16Z,2016,2016-01-01,2016-12-31
1938453,TB_e_mort_exc_tbhiv_num,COUNTRY,IND,SEAR,South-East Asia,YEAR,2016,,,,,,,,,359 000 [269 000-462 000],359000,269000,462000,,2025-11-11T14:30:16Z,2016,2016-01-01,2016-12-31
1944094,TB_e_mort_exc_tbhiv_num,COUNTRY,THA,SEAR,South-East Asia,YEAR,2000,,,,,,,,,13 000 [7100-19 000],13000,7100,19000,,2025-11-11T14:30:16Z,2000,2000-01-01,2000-12-31
1949667,TB_e_mort_exc_tbhiv_num,COUNTRY,COM,AFR,Africa,YEAR,2011,,,,,,,,,77 [29-150],77,29,150,,2025-11-11T14:30:16Z,2011,2011-01-01,2011-12-31
1954064,TB_e_mort_exc_tbhiv_num,COUNTRY,IRN,EMR,Eastern Mediterranean,YEAR,2021,,,,,,,,,890 [860-920],890,860,920,,2025-11-11T14:30:16Z,2021,2021-01-01,2021-12-31
1955987,TB_e_mort_exc_tbhiv_num,COUNTRY,MNE,EUR,Europe,YEAR,2016,,,,,,,,,1 [1-1],1,1,1,,2025-11-11T14:30:16Z,2016,2016-01-01,2016-12-31
1960679,TB_e_mort_exc_tbhiv_num,REGION,AMR,,,YEAR,2011,,,,,,,,,19 000 [18 000-19 000],19000,18000,19000,,2025-11-11T14:30:16Z,2011,2011-01-01,2011-12-31
1967078,TB_e_mort_exc_tbhiv_num,REGION,AMR,,,YEAR,2015,,,,,,,,,18 000 [17 000-18 000],18000,17000,18000,,2025-11-11T14:30:16Z,2015,2015-01-01,2015-12-31
1976370,TB_e_mort_exc_tbhiv_num,COUNTRY,PER,AMR,Americas,YEAR,2014,,,,,,,,,1600 [1400-1900],1600,1400,1900,,2025-11-11T14:30:16Z,2014,2014-01-01,2014-12-31
1980040,TB_e_mort_exc_tbhiv_num,COUNTRY,LSO,AFR,Africa,YEAR,2018,,,,,,,,,1100 [620-1700],1100,620,1700,,2025-11-11T14:30:16Z,2018,2018-01-01,2018-12-31
1986316,TB_e_mort_exc_tbhiv_num,COUNTRY,CAN,AMR,Americas,YEAR,2010,,,,,,,,,91 [90-91],91,90,91,,2025-11-11T14:30:16Z,2010,2010-01-01,2010-12-31
1987516,TB_e_mort_exc_tbhiv_num,COUNTRY,ARE,EMR,Eastern Mediterranean,YEAR,2011,,,,,,,,,48 [28-74],48,28,74,,2025-11-11T14:30:16Z,2011,2011-01-01,2011-12-31
1987638,TB_e_mort_exc_tbhiv_num,COUNTRY,DEU,EUR,Europe,YEAR,2016,,,,,,,,,290 [290-300],290,290,300,,2025-11-11T14:30:16Z,2016,2016-01-01,2016-12-31
1992688,TB_e_mort_exc_tbhiv_num,COUNTRY,ITA,EUR,Europe,YEAR,2009,,,,,,,,,410 [410-410],410,410,410,,2025-11-11T14:30:16Z,2009,2009-01-01,2009-12-31
1993507,TB_e_mort_exc_tbhiv_num,COUNTRY,ARG,AMR,Americas,YEAR,2004,,,,,,,,,760 [730-790],760,730,790,,2025-11-11T14:30:16Z,2004,2004-01-01,2004-12-31
1999604,TB_e_mort_exc_tbhiv_num,COUNTRY,TZA,AFR,Africa,YEAR,2007,,,,,,,,,34 000 [17 000-56 000],34000,17000,56000,,2025-11-11T14:30:16Z,2007,2007-01-01,2007-12-31
2000099,TB_e_mort_exc_tbhiv_num,COUNTRY,SDN,EMR,Eastern Mediterranean,YEAR,2012,,,,,,,,,8400 [4300-14 000],8400,4300,14000,,2025-11-11T14:30:16Z,2012,2012-01-01,2012-12-31
2005833,TB_e_mort_exc_tbhiv_num,COUNTRY,AUT,EUR,Europe,YEAR,2021,,,,,,,,,31 [31-32],31,31,32,,2025-11-11T14:30:16Z,2021,2021-01-01,2021-12-31
2011780,TB_e_mort_exc_tbhiv_num,COUNTRY,BOL,AMR,Americas,YEAR,2002,,,,,,,,,2200 [1800-2700],2200,1800,2700,,2025-11-11T14:30:16Z,2002,2002-01-01,2002-12-31
2012774,TB_e_mort_exc_tbhiv_num,COUNTRY,NIC,AMR,Americas,YEAR,2009,,,,,,,,,140 [140-150],140,140,150,,2025-11-11T14:30:16Z,2009,2009-01-01,2009-12-31
2014208,TB_e_mort_exc_tbhiv_num,COUNTRY,SRB,EUR,Europe,YEAR,2024,,,,,,,,,26 [20-34],26,20,34,,2025-11-11T14:30:16Z,2024,2024-01-01,2024-12-31
2014598,TB_e_mort_exc_tbhiv_num,COUNTRY,GUY,AMR,Americas,YEAR,2020,,,,,,,,,91 [81-100],91,81,100,,2025-11-11T14:30:16Z,2020,2020-01-01,2020-12-31
2020223,TB_e_mort_exc_tbhiv_num,COUNTRY,MMR,SEAR,South-East Asia,YEAR,2016,,,,,,,,,26 000 [16 000-40 000],26000,16000,40000,,2025-11-11T14:30:16Z,2016,2016-01-01,2016-12-31
2023335,TB_e_mort_exc_tbhiv_num,COUNTRY,IDN,WPR,Western Pacific,YEAR,2002,,,,,,,,,121 000 [106 000-137 000],121000,106000,137000,,2025-11-11T14:30:16Z,2002,2002-01-01,2002-12-31
2030695,TB_e_mort_exc_tbhiv_num,COUNTRY,KGZ,EUR,Europe,YEAR,2011,,,,,,,,,620 [620-630],620,620,630,,2025-11-11T14:30:16Z,2011,2011-01-01,2011-12-31
2036187,TB_e_mort_exc_tbhiv_num,COUNTRY,MOZ,AFR,Africa,YEAR,2002,,,,,,,,,7200 [2800-14 000],7200,2800,14000,,2025-11-11T14:30:16Z,2002,2002-01-01,2002-12-31
2037250,TB_e_mort_exc_tbhiv_num,COUNTRY,BRN,WPR,Western Pacific,YEAR,2008,,,,,,,,,9 [8-9],9,8,9,,2025-11-11T14:30:16Z,2008,2008-01-01,2008-12-31
2042660,TB_e_mort_exc_tbhiv_num,COUNTRY,PRY,AMR,Americas,YEAR,2019,,,,,,,,,260 [250-270],260,250,270,,2025-11-11T14:30:16Z,2019,2019-01-01,2019-12-31
2044391,TB_e_mort_exc_tbhiv_num,COUNTRY,PHL,WPR,Western Pacific,YEAR,2011,,,,,,,,,31 000 [28 000-34 000],31000,28000,34000,,2025-11-11T14:30:16Z,2011,2011-01-01,2011-12-31
2049703,TB_e_mort_exc_tbhiv_num,COUNTRY,ERI,AFR,Africa,YEAR,2002,,,,,,,,,3200 [2100-4500],3200,2100,4500,,2025-11-11T14:30:16Z,2002,2002-01-01,2002-12-31
2055349,TB_e_mort_exc_tbhiv_num,COUNTRY,TZA,AFR,Africa,YEAR,2020,,,,,,,,,19 000 [8900-33 000],19000,8900,33000,,2025-11-11T14:30:16Z,2020,2020-01-01,2020-12-31
2057018,TB_e_mort_exc_tbhiv_num,COUNTRY,ARE,EMR,Eastern Mediterranean,YEAR,2024,,,,,,,,,74 [43-110],74,43,110,,2025-11-11T14:30:16Z,2024,2024-01-01,2024-12-31
2062381,TB_e_mort_exc_tbhiv_num,COUNTRY,FIN,EUR,Europe,YEAR,2003,,,,,,,,,82 [82-83],82,82,83,,2025-11-11T14:30:16Z,2003,2003-01-01,2003-12-31
2063357,TB_e_mort_exc_tbhiv_num,COUNTRY,COM,AFR,Africa,YEAR,2005,,,,,,,,,65 [25-120],65,25,120,,2025-11-11T14:30:16Z,2005,2005-01-01,2005-12-31
2070241,TB_e_mort_exc_tbhiv_num,WORLDBANKINCOMEGROUP,WB_LMI,,,YEAR,2017,,,,,,,,,811 000 [698 000-931 000],811000,698000,931000,,2025-11-11T14:30:16Z,2017,2017-01-01,2017-12-31
2080827,TB_e_mort_exc_tbhiv_num,COUNTRY,CAF,AFR,Africa,YEAR,2005,,,,,,,,,5100 [1800-10 000],5100,1800,10000,,2025-11-11T14:30:16Z,2005,2005-01-01,2005-12-31
2082598,TB_e_mort_exc_tbhiv_num,COUNTRY,DNK,EUR,Europe,YEAR,2013,,,,,,,,,16 [16-17],16,16,17,,2025-11-11T14:30:16Z,2013,2013-01-01,2013-12-31
2100117,TB_e_mort_exc_tbhiv_num,WORLDBANKINCOMEGROUP,WB_LMI,,,YEAR,2023,,,,,,,,,681 000 [599 000-769 000],681000,599000,769000,,2025-11-11T14:30:16Z,2023,2023-01-01,2023-12-31
2107393,TB_e_mort_exc_tbhiv_num,REGION,WPR,,,YEAR,2024,,,,,,,,,211 000 [192 000-231 000],211000,192000,231000,,2025-11-11T14:30:16Z,2024,2024-01-01,2024-12-31
2107751,TB_e_mort_exc_tbhiv_num,COUNTRY,ECU,AMR,Americas,YEAR,2001,,,,,,,,,1300 [1100-1500],1300,1100,1500,,2025-11-11T14:30:16Z,2001,2001-01-01,2001-12-31
2112372,TB_e_mort_exc_tbhiv_num,COUNTRY,HRV,EUR,Europe,YEAR,2016,,,,,,,,,58 [58-59],58,58,59,,2025-11-11T14:30:16Z,2016,2016-01-01,2016-12-31
2112924,TB_e_mort_exc_tbhiv_num,COUNTRY,MWI,AFR,Africa,YEAR,2009,,,,,,,,,4600 [2300-7600],4600,2300,7600,,2025-11-11T14:30:16Z,2009,2009-01-01,2009-12-31
2114490,TB_e_mort_exc_tbhiv_num,COUNTRY,BLR,EUR,Europe,YEAR,2019,,,,,,,,,230 [220-240],230,220,240,,2025-11-11T14:30:16Z,2019,2019-01-01,2019-12-31
2121879,TB_e_mort_exc_tbhiv_num,COUNTRY,IRN,EMR,Eastern Mediterranean,YEAR,2017,,,,,,,,,730 [720-750],730,720,750,,2025-11-11T14:30:16Z,2017,2017-01-01,2017-12-31
2127026,TB_e_mort_exc_tbhiv_num,COUNTRY,NOR,EUR,Europe,YEAR,2004,,,,,,,,,46 [45-47],46,45,47,,2025-11-11T14:30:16Z,2004,2004-01-01,2004-12-31
2128126,TB_e_mort_exc_tbhiv_num,COUNTRY,MKD,EUR,Europe,YEAR,2022,,,,,,,,,11 [8-13],11,8,13,,2025-11-11T14:30:16Z,2022,2022-01-01,2022-12-31
2128338,TB_e_mort_exc_tbhiv_num,COUNTRY,COD,AFR,Africa,YEAR,2007,,,,,,,,,94 000 [40 000-171 000],94000,40000,171000,,2025-11-11T14:30:16Z,2007,2007-01-01,2007-12-31
2132527,TB_e_mort_exc_tbhiv_num,COUNTRY,GNB,AFR,Africa,YEAR,2010,,,,,,,,,540 [320-810],540,320,810,,2025-11-11T14:30:16Z,2010,2010-01-01,2010-12-31
2139636,TB_e_mort_exc_tbhiv_num,COUNTRY,SLB,WPR,Western Pacific,YEAR,2017,,,,,,,,,220 [150-290],220,150,290,,2025-11-11T14:30:16Z,2017,2017-01-01,2017-12-31
2144355,TB_e_mort_exc_tbhiv_num,COUNTRY,CAF,AFR,Africa,YEAR,2004,,,,,,,,,5000 [1800-9800],5000,1800,9800,,2025-11-11T14:30:16Z,2004,2004-01-01,2004-12-31
2150700,TB_e_mort_exc_tbhiv_num,COUNTRY,DOM,AMR,Americas,YEAR,2007,,,,,,,,,740 [260-1500],740,260,1500,,2025-11-11T14:30:16Z,2007,2007-01-01,2007-12-31
2150753,TB_e_mort_exc_tbhiv_num,COUNTRY,VNM,WPR,Western Pacific,YEAR,2011,,,,,,,,,19 000 [12 000-28 000],19000,12000,28000,,2025-11-11T14:30:16Z,2011,2011-01-01,2011-12-31
2150899,TB_e_mort_exc_tbhiv_num,COUNTRY,PAN,AMR,Americas,YEAR,2009,,,,,,,,,240 [230-250],240,230,250,,2025-11-11T14:30:16Z,2009,2009-01-01,2009-12-31
2158646,TB_e_mort_exc_tbhiv_num,COUNTRY,PAN,AMR,Americas,YEAR,2021,,,,,,,,,210 [200-220],210,200,220,,2025-11-11T14:30:16Z,2021,2021-01-01,2021-12-31
2158746,TB_e_mort_exc_tbhiv_num,COUNTRY,LTU,EUR,Europe,YEAR,2014,,,,,,,,,240 [230-250],240,230,250,,2025-11-11T14:30:16Z,2014,2014-01-01,2014-12-31
2162495,TB_e_mort_exc_tbhiv_num,COUNTRY,BEN,AFR,Africa,YEAR,2018,,,,,,,,,1100 [490-1800],1100,490,1800,,2025-11-11T14:30:16Z,2018,2018-01-01,2018-12-31
2164504,TB_e_mort_exc_tbhiv_num,GLOBAL,GLOBAL,,,YEAR,2006,,,,,,,,,1 700 000 [1 520 000-1 890 000],1700000,1520000,1890000,,2025-11-11T14:30:16Z,2006,2006-01-01,2006-12-31
2164584,TB_e_mort_exc_tbhiv_num,COUNTRY,ESP,EUR,Europe,YEAR,2008,,,,,,,,,360 [360-370],360,360,370,,2025-11-11T14:30:16Z,2008,2008-01-01,2008-12-31
2164589,TB_e_mort_exc_tbhiv_num,COUNTRY,GUY,AMR,Americas,YEAR,2015,,,,,,,,,89 [87-92],89,87,92,,2025-11-11T14:30:16Z,2015,2015-01-01,2015-12-31
2165088,TB_e_mort_exc_tbhiv_num,COUNTRY,BHS,AMR,Americas,YEAR,2011,,,,,,,,,6 [5-6],6,5,6,,2025-11-11T14:30:16Z,2011,2011-01-01,2011-12-31
2176421,TB_e_mort_exc_tbhiv_num,COUNTRY,ECU,AMR,Americas,YEAR,2012,,,,,,,,,570 [480-670],570,480,670,,2025-11-11T14:30:16Z,2012,2012-01-01,2012-12-31
2177838,TB_e_mort_exc_tbhiv_num,COUNTRY,ARM,EUR,Europe,YEAR,2012,,,,,,,,,140 [140-140],140,140,140,,2025-11-11T14:30:16Z,2012,2012-01-01,2012-12-31
2180748,TB_e_mort_exc_tbhiv_num,COUNTRY,YEM,EMR,Eastern Mediterranean,YEAR,2024,,,,,,,,,2100 [1500-2900],2100,1500,2900,,2025-11-11T14:30:16Z,2024,2024-01-01,2024-12-31
2190841,TB_e_mort_exc_tbhiv_num,WORLDBANKINCOMEGROUP,WB_LMI,,,YEAR,2006,,,,,,,,,1 110 000 [945 000-1 290 000],1110000,945000,1290000,,2025-11-11T14:30:16Z,2006,2006-01-01,2006-12-31
2200507,TB_e_mort_exc_tbhiv_num,COUNTRY,CHE,EUR,Europe,YEAR,2022,,,,,,,,,12 [12-13],12,12,13,,2025-11-11T14:30:16Z,2022,2022-01-01,2022-12-31
2206770,TB_e_mort_exc_tbhiv_num,COUNTRY,URY,AMR,Americas,YEAR,2022,,,,,,,,,74 [66-83],74,66,83,,2025-11-11T14:30:16Z,2022,2022-01-01,2022-12-31
2207511,TB_e_mort_exc_tbhiv_num,COUNTRY,DJI,EMR,Eastern Mediterranean,YEAR,2006,,,,,,,,,3700 [2300-5600],3700,2300,5600,,2025-11-11T14:30:16Z,2006,2006-01-01,2006-12-31
2209777,TB_e_mort_exc_tbhiv_num,COUNTRY,BWA,AFR,Africa,YEAR,2006,,,,,,,,,550 [200-1100],550,200,1100,,2025-11-11T14:30:16Z,2006,2006-01-01,2006-12-31
2209874,TB_e_mort_exc_tbhiv_num,COUNTRY,PAN,AMR,Americas,YEAR,2004,,,,,,,,,180 [170-190],180,170,190,,2025-11-11T14:30:16Z,2004,2004-01-01,2004-12-31
2213597,TB_e_mort_exc_tbhiv_num,COUNTRY,ERI,AFR,Africa,YEAR,2008,,,,,,,,,2200 [1600-3000],2200,1600,3000,,2025-11-11T14:30:16Z,2008,2008-01-01,2008-12-31
2214330,TB_e_mort_exc_tbhiv_num,COUNTRY,PRI,AMR,Americas,YEAR,2020,,,,,,,,,6 [5-6],6,5,6,,2025-11-11T14:30:16Z,2020,2020-01-01,2020-12-31
2214355,TB_e_mort_exc_tbhiv_num,COUNTRY,MLI,AFR,Africa,YEAR,2015,,,,,,,,,2000 [1000-3300],2000,1000,3300,,2025-11-11T14:30:16Z,2015,2015-01-01,2015-12-31
2215500,TB_e_mort_exc_tbhiv_num,COUNTRY,PRY,AMR,Americas,YEAR,2003,,,,,,,,,200 [170-240],200,170,240,,2025-11-11T14:30:16Z,2003,2003-01-01,2003-12-31
2221298,TB_e_mort_exc_tbhiv_num,COUNTRY,GTM,AMR,Americas,YEAR,2019,,,,,,,,,350 [320-380],350,320,380,,2025-11-11T14:30:16Z,2019,2019-01-01,2019-12-31
2222111,TB_e_mort_exc_tbhiv_num,COUNTRY,BRA,AMR,Americas,YEAR,2013,,,,,,,,,5300 [5100-5500],5300,5100,5500,,2025-11-11T14:30:16Z,2013,2013-01-01,2013-12-31
2228972,TB_e_mort_exc_tbhiv_num,WORLDBANKINCOMEGROUP,WB_UMI,,,YEAR,2007,,,,,,,,,270 000 [258 000-283 000],270000,258000,283000,,2025-11-11T14:30:16Z,2007,2007-01-01,2007-12-31
2235192,TB_e_mort_exc_tbhiv_num,COUNTRY,SSD,AFR,Africa,YEAR,2024,,,,,,,,,5100 [2400-8800],5100,2400,8800,,2025-11-11T14:30:16Z,2024,2024-01-01,2024-12-31
2237723,TB_e_mort_exc_tbhiv_num,COUNTRY,HRV,EUR,Europe,YEAR,2022,,,,,,,,,34 [34-34],34,34,34,,2025-11-11T14:30:16Z,2022,2022-01-01,2022-12-31
2250856,TB_e_mort_exc_tbhiv_num,COUNTRY,QAT,EMR,Eastern Mediterranean,YEAR,2021,,,,,,,,,8 [6-10],8,6,10,,2025-11-11T14:30:16Z,2021,2021-01-01,2021-12-31
2252431,TB_e_mort_exc_tbhiv_num,COUNTRY,PNG,WPR,Western Pacific,YEAR,2022,,,,,,,,,13 000 [9400-17 000],13000,9400,17000,,2025-11-11T14:30:16Z,2022,2022-01-01,2022-12-31
2257318,TB_e_mort_exc_tbhiv_num,COUNTRY,VNM,WPR,Western Pacific,YEAR,2005,,,,,,,,,23 000 [14 000-35 000],23000,14000,35000,,2025-11-11T14:30:16Z,2005,2005-01-01,2005-12-31
2259792,TB_e_mort_exc_tbhiv_num,COUNTRY,YEM,EMR,Eastern Mediterranean,YEAR,2002,,,,,,,,,3900 [2800-5100],3900,2800,5100,,2025-11-11T14:30:16Z,2002,2002-01-01,2002-12-31
2273067,TB_e_mort_exc_tbhiv_num,COUNTRY,GNQ,AFR,Africa,YEAR,2021,,,,,,,,,530 [220-960],530,220,960,,2025-11-11T14:30:16Z,2021,2021-01-01,2021-12-31
2278753,TB_e_mort_exc_tbhiv_num,COUNTRY,RWA,AFR,Africa,YEAR,2023,,,,,,,,,250 [45-610],250,45,610,,2025-11-11T14:30:16Z,2023,2023-01-01,2023-12-31
2284911,TB_e_mort_exc_tbhiv_num,COUNTRY,DJI,EMR,Eastern Mediterranean,YEAR,2018,,,,,,,,,1200 [800-1600],1200,800,1600,,2025-11-11T14:30:16Z,2018,2018-01-01,2018-12-31
2285183,TB_e_mort_exc_tbhiv_num,COUNTRY,COD,AFR,Africa,YEAR,2000,,,,,,,,,94 000 [35 000-181 000],94000,35000,181000,,2025-11-11T14:30:16Z,2000,2000-01-01,2000-12-31
2288970,TB_e_mort_exc_tbhiv_num,COUNTRY,PSE,EMR,Eastern Mediterranean,YEAR,2021,,,,,,,,,5 [4-7],5,4,7,,2025-11-11T14:30:16Z,2021,2021-01-01,2021-12-31
2290857,TB_e_mort_exc_tbhiv_num,COUNTRY,LBR,AFR,Africa,YEAR,2007,,,,,,,,,2100 [1400-3000],2100,1400,3000,,2025-11-11T14:30:16Z,2007,2007-01-01,2007-12-31
2297643,TB_e_mort_exc_tbhiv_num,COUNTRY,ESP,EUR,Europe,YEAR,2005,,,,,,,,,490 [480-500],490,480,500,,2025-11-11T14:30:16Z,2005,2005-01-01,2005-12-31
2302047,TB_e_mort_exc_tbhiv_num,COUNTRY,BTN,SEAR,South-East Asia,YEAR,2015,,,,,,,,,450 [310-610],450,310,610,,2025-11-11T14:30:16Z,2015,2015-01-01,2015-12-31
2302319,TB_e_mort_exc_tbhiv_num,COUNTRY,ARM,EUR,Europe,YEAR,2009,,,,,,,,,180 [140-210],180,140,210,,2025-11-11T14:30:16Z,2009,2009-01-01,2009-12-31
2309325,TB_e_mort_exc_tbhiv_num,COUNTRY,JAM,AMR,Americas,YEAR,2014,,,,,,,,,7 [7-7],7,7,7,,2025-11-11T14:30:16Z,2014,2014-01-01,2014-12-31
2311313,TB_e_mort_exc_tbhiv_num,COUNTRY,USA,AMR,Americas,YEAR,2020,,,,,,,,,630 [630-640],630,630,640,,2025-11-11T14:30:16Z,2020,2020-01-01,2020-12-31
2314689,TB_e_mort_exc_tbhiv_num,COUNTRY,COD,AFR,Africa,YEAR,2009,,,,,,,,,79 000 [33 000-146 000],79000,33000,146000,,2025-11-11T14:30:16Z,2009,2009-01-01,2009-12-31
2316333,TB_e_mort_exc_tbhiv_num,COUNTRY,SOM,EMR,Eastern Mediterranean,YEAR,2019,,,,,,,,,5300 [3700-7200],5300,3700,7200,,2025-11-11T14:30:16Z,2019,2019-01-01,2019-12-31
2322910,TB_e_mort_exc_tbhiv_num,COUNTRY,COD,AFR,Africa,YEAR,2004,,,,,,,,,78 000 [32 000-144 000],78000,32000,144000,,2025-11-11T14:30:16Z,2004,2004-01-01,2004-12-31
2333633,TB_e_mort_exc_tbhiv_num,COUNTRY,ALB,EUR,Europe,YEAR,2011,,,,,,,,,9 [4-14],9,4,14,,2025-11-11T14:30:16Z,2011,2011-01-01,2011-12-31
2337076,TB_e_mort_exc_tbhiv_num,COUNTRY,CPV,AFR,Africa,YEAR,2003,,,,,,,,,30 [25-35],30,25,35,,2025-11-11T14:30:16Z,2003,2003-01-01,2003-12-31
2340115,TB_e_mort_exc_tbhiv_num,WORLDBANKINCOMEGROUP,WB_HI,,,YEAR,2002,,,,,,,,,53 000 [53 000-54 000],53000,53000,54000,,2025-11-11T14:30:16Z,2002,2002-01-01,2002-12-31
2341376,TB_e_mort_exc_tbhiv_num,COUNTRY,KEN,AFR,Africa,YEAR,2013,,,,,,,,,31 000 [18 000-49 000],31000,18000,49000,,2025-11-11T14:30:16Z,2013,2013-01-01,2013-12-31
2341495,TB_e_mort_exc_tbhiv_num,COUNTRY,FRA,EUR,Europe,YEAR,2011,,,,,,,,,640 [610-670],640,610,670,,2025-11-11T14:30:16Z,2011,2011-01-01,2011-12-31
2345926,TB_e_mort_exc_tbhiv_num,COUNTRY,EGY,EMR,Eastern Mediterranean,YEAR,2006,,,,,,,,,900 [770-1000],900,770,1000,,2025-11-11T14:30:16Z,2006,2006-01-01,2006-12-31
2346076,TB_e_mort_exc_tbhiv_num,COUNTRY,LVA,EUR,Europe,YEAR,2017,,,,,,,,,75 [73-77],75,73,77,,2025-11-11T14:30:16Z,2017,2017-01-01,2017-12-31
2346708,TB_e_mort_exc_tbhiv_num,COUNTRY,YEM,EMR,Eastern Mediterranean,YEAR,2022,,,,,,,,,3700 [2600-5000],3700,2600,5000,,2025-11-11T14:30:16Z,2022,2022-01-01,2022-12-31
2347229,TB_e_mort_exc_tbhiv_num,COUNTRY,ALB,EUR,Europe,YEAR,2020,,,,,,,,,9 [5-13],9,5,13,,2025-11-11T14:30:16Z,2020,2020-01-01,2020-12-31
2349509,TB_e_mort_exc_tbhiv_num,COUNTRY,COM,AFR,Africa,YEAR,2006,,,,,,,,,66 [27-120],66,27,120,,2025-11-11T14:30:16Z,2006,2006-01-01,2006-12-31
2358648,TB_e_mort_exc_tbhiv_num,COUNTRY,SYR,EMR,Eastern Mediterranean,YEAR,2017,,,,,,,,,26 [23-29],26,23,29,,2025-11-11T14:30:16Z,2017,2017-01-01,2017-12-31
2360351,TB_e_mort_exc_tbhiv_num,COUNTRY,KHM,WPR,Western Pacific,YEAR,2023,,,,,,,,,3100 [1500-5100],3100,1500,5100,,2025-11-11T14:30:16Z,2023,2023-01-01,2023-12-31
2360994,TB_e_mort_exc_tbhiv_num,COUNTRY,KAZ,EUR,Europe,YEAR,2000,,,,,,,,,4200 [4000-4300],4200,4000,4300,,2025-11-11T14:30:16Z,2000,2000-01-01,2000-12-31
2362107,TB_e_mort_exc_tbhiv_num,COUNTRY,KWT,EMR,Eastern Mediterranean,YEAR,2012,,,,,,,,,21 [21-21],21,21,21,,2025-11-11T14:30:16Z,2012,2012-01-01,2012-12-31
2362661,TB_e_mort_exc_tbhiv_num,COUNTRY,SSD,AFR,Africa,YEAR,2014,,,,,,,,,14 000 [5800-25 000],14000,5800,25000,,2025-11-11T14:30:16Z,2014,2014-01-01,2014-12-31
2366629,TB_e_mort_exc_tbhiv_num,COUNTRY,CAN,AMR,Americas,YEAR,2012,,,,,,,,,95 [94-95],95,94,95,,2025-11-11T14:30:16Z,2012,2012-01-01,2012-12-31
2372185,TB_e_mort_exc_tbhiv_num,COUNTRY,BFA,AFR,Africa,YEAR,2005,,,,,,,,,2800 [1200-5200],2800,1200,5200,,2025-11-11T14:30:16Z,2005,2005-01-01,2005-12-31
2373637,TB_e_mort_exc_tbhiv_num,COUNTRY,MAC,,,YEAR,2002,,,,,,,,,230 [160-310],230,160,310,,2025-11-11T14:30:16Z,2002,2002-01-01,2002-12-31
2374655,TB_e_mort_exc_tbhiv_num,COUNTRY,OMN,EMR,Eastern Mediterranean,YEAR,2018,,,,,,,,,17 [13-22],17,13,22,,2025-11-11T14:30:16Z,2018,2018-01-01,2018-12-31
2385042,TB_e_mort_exc_tbhiv_num,COUNTRY,CHE,EUR,Europe,YEAR,2003,,,,,,,,,28 [27-28],28,27,28,,2025-11-11T14:30:16Z,2003,2003-01-01,2003-12-31
2385977,TB_e_mort_exc_tbhiv_num,COUNTRY,LKA,SEAR,South-East Asia,YEAR,2023,,,,,,,,,800 [720-880],800,720,880,,2025-11-11T14:30:16Z,2023,2023-01-01,2023-12-31
2390380,TB_e_mort_exc_tbhiv_num,COUNTRY,BTN,SEAR,South-East Asia,YEAR,2018,,,,,,,,,340 [230-460],340,230,460,,2025-11-11T14:30:16Z,2018,2018-01-01,2018-12-31
2391125,TB_e_mort_exc_tbhiv_num,COUNTRY,NAM,AFR,Africa,YEAR,2015,,,,,,,,,1500 [990-2200],1500,990,2200,,2025-11-11T14:30:16Z,2015,2015-01-01,2015-12-31
2392430,TB_e_mort_exc_tbhiv_num,COUNTRY,YEM,EMR,Eastern Mediterranean,YEAR,2014,,,,,,,,,1700 [1200-2300],1700,1200,2300,,2025-11-11T14:30:16Z,2014,2014-01-01,2014-12-31
2398252,TB_e_mort_exc_tbhiv_num,COUNTRY,MAR,EMR,Eastern Mediterranean,YEAR,2005,,,,,,,,,2200 [1300-3300],2200,1300,3300,,2025-11-11T14:30:16Z,2005,2005-01-01,2005-12-31
2398640,TB_e_mort_exc_tbhiv_num,COUNTRY,TLS,SEAR,South-East Asia,YEAR,2003,,,,,,,,,2900 [2200-3800],2900,2200,3800,,2025-11-11T14:30:16Z,2003,2003-01-01,2003-12-31
2411707,TB_e_mort_exc_tbhiv_num,COUNTRY,CAF,AFR,Africa,YEAR,2021,,,,,,,,,3300 [1500-5700],3300,1500,5700,,2025-11-11T14:30:16Z,2021,2021-01-01,2021-12-31
2415696,TB_e_mort_exc_tbhiv_num,COUNTRY,MDV,SEAR,South-East Asia,YEAR,2000,,,,,,,,,14 [12-17],14,12,17,,2025-11-11T14:30:16Z,2000,2000-01-01,2000-12-31
2416233,TB_e_mort_exc_tbhiv_num,COUNTRY,SUR,AMR,Americas,YEAR,2004,,,,,,,,,6 [6-7],6,6,7,,2025-11-11T14:30:16Z,2004,2004-01-01,2004-12-31
2417386,TB_e_mort_exc_tbhiv_num,COUNTRY,SLE,AFR,Africa,YEAR,2022,,,,,,,,,5300 [2400-9300],5300,2400,9300,,2025-11-11T14:30:16Z,2022,2022-01-01,2022-12-31
2418115,TB_e_mort_exc_tbhiv_num,COUNTRY,CIV,AFR,Africa,YEAR,2008,,,,,,,,,7500 [5300-10 000],7500,5300,10000,,2025-11-11T14:30:16Z,2008,2008-01-01,2008-12-31
2423181,TB_e_mort_exc_tbhiv_num,COUNTRY,KWT,EMR,Eastern Mediterranean,YEAR,2023,,,,,,,,,18 [16-19],18,16,19,,2025-11-11T14:30:16Z,2023,2023-01-01,2023-12-31
2424483,TB_e_mort_exc_tbhiv_num,COUNTRY,NAM,AFR,Africa,YEAR,2001,,,,,,,,,1000 [380-1900],1000,380,1900,,2025-11-11T14:30:16Z,2001,2001-01-01,2001-12-31
2425875,TB_e_mort_exc_tbhiv_num,COUNTRY,KHM,WPR,Western Pacific,YEAR,2000,,,,,,,,,7400 [3100-13 000],7400,3100,13000,,2025-11-11T14:30:16Z,2000,2000-01-01,2000-12-31
2429654,TB_e_mort_exc_tbhiv_num,COUNTRY,ZAF,AFR,Africa,YEAR,2018,,,,,,,,,22 000 [21 000-23 000],22000,21000,23000,,2025-11-11T14:30:16Z,2018,2018-01-01,2018-12-31
2431070,TB_e_mort_exc_tbhiv_num,COUNTRY,BFA,AFR,Africa,YEAR,2003,,,,,,,,,2900 [1200-5400],2900,1200,5400,,2025-11-11T14:30:16Z,2003,2003-01-01,2003-12-31
2431120,TB_e_mort_exc_tbhiv_num,COUNTRY,FRA,EUR,Europe,YEAR,2008,,,,,,,,,690 [660-710],690,660,710,,2025-11-11T14:30:16Z,2008,2008-01-01,2008-12-31
2432260,TB_e_mort_exc_tbhiv_num,COUNTRY,DOM,AMR,Americas,YEAR,2008,,,,,,,,,700 [260-1300],700,260,1300,,2025-11-11T14:30:16Z,2008,2008-01-01,2008-12-31
2434969,TB_e_mort_exc_tbhiv_num,COUNTRY,ISR,EUR,Europe,YEAR,2003,,,,,,,,,50 [49-52],50,49,52,,2025-11-11T14:30:16Z,2003,2003-01-01,2003-12-31
2435764,TB_e_mort_exc_tbhiv_num,COUNTRY,BRA,AMR,Americas,YEAR,2017,,,,,,,,,5200 [5000-5300],5200,5000,5300,,2025-11-11T14:30:16Z,2017,2017-01-01,2017-12-31
2436108,TB_e_mort_exc_tbhiv_num,COUNTRY,SUR,AMR,Americas,YEAR,2024,,,,,,,,,10 [8-12],10,8,12,,2025-11-11T14:30:16Z,2024,2024-01-01,2024-12-31
2437910,TB_e_mort_exc_tbhiv_num,COUNTRY,SGP,WPR,Western Pacific,YEAR,2003,,,,,,,,,110 [66-170],110,66,170,,2025-11-11T14:30:16Z,2003,2003-01-01,2003-12-31
2438768,TB_e_mort_exc_tbhiv_num,COUNTRY,RWA,AFR,Africa,YEAR,2007,,,,,,,,,700 [450-1000],700,450,1000,,2025-11-11T14:30:16Z,2007,2007-01-01,2007-12-31
2442727,TB_e_mort_exc_tbhiv_num,WORLDBANKINCOMEGROUP,WB_HI,,,YEAR,2004,,,,,,,,,52 000 [51 000-53 000],52000,51000,53000,,2025-11-11T14:30:16Z,2004,2004-01-01,2004-12-31
2444327,TB_e_mort_exc_tbhiv_num,COUNTRY,GIN,AFR,Africa,YEAR,2018,,,,,,,,,3000 [2100-4200],3000,2100,4200,,2025-11-11T14:30:16Z,2018,2018-01-01,2018-12-31
2447881,TB_e_mort_exc_tbhiv_num,COUNTRY,ARG,AMR,Americas,YEAR,2024,,,,,,,,,530 [470-590],530,470,590,,2025-11-11T14:30:16Z,2024,2024-01-01,2024-12-31
2459629,TB_e_mort_exc_tbhiv_num,COUNTRY,MRT,AFR,Africa,YEAR,2001,,,,,,,,,1300 [900-1800],1300,900,1800,,2025-11-11T14:30:16Z,2001,2001-01-01,2001-12-31
2461129,TB_e_mort_exc_tbhiv_num,COUNTRY,DNK,EUR,Europe,YEAR,2015,,,,,,,,,17 [17-18],17,17,18,,2025-11-11T14:30:16Z,2015,2015-01-01,2015-12-31
2469427,TB_e_mort_exc_tbhiv_num,COUNTRY,NAM,AFR,Africa,YEAR,2006,,,,,,,,,1300 [480-2400],1300,480,2400,,2025-11-11T14:30:16Z,2006,2006-01-01,2006-12-31
2472197,TB_e_mort_exc_tbhiv_num,COUNTRY,YEM,EMR,Eastern Mediterranean,YEAR,2008,,,,,,,,,2700 [2000-3500],2700,2000,3500,,2025-11-11T14:30:16Z,2008,2008-01-01,2008-12-31
2472323,TB_e_mort_exc_tbhiv_num,COUNTRY,JOR,EMR,Eastern Mediterranean,YEAR,2001,,,,,,,,,31 [24-38],31,24,38,,2025-11-11T14:30:16Z,2001,2001-01-01,2001-12-31
2473704,TB_e_mort_exc_tbhiv_num,COUNTRY,NER,AFR,Africa,YEAR,2022,,,,,,,,,3100 [1800-4800],3100,1800,4800,,2025-11-11T14:30:16Z,2022,2022-01-01,2022-12-31
2474367,TB_e_mort_exc_tbhiv_num,COUNTRY,KIR,WPR,Western Pacific,YEAR,2007,,,,,,,,,43 [38-49],43,38,49,,2025-11-11T14:30:16Z,2007,2007-01-01,2007-12-31
2481086,TB_e_mort_exc_tbhiv_num,COUNTRY,KOR,WPR,Western Pacific,YEAR,2004,,,,,,,,,3500 [3300-3800],3500,3300,3800,,2025-11-11T14:30:16Z,2004,2004-01-01,2004-12-31
2481315,TB_e_mort_exc_tbhiv_num,COUNTRY,SOM,EMR,Eastern Mediterranean,YEAR,2005,,,,,,,,,9200 [6700-12 000],9200,6700,12000,,2025-11-11T14:30:16Z,2005,2005-01-01,2005-12-31
2487433,TB_e_mort_exc_tbhiv_num,COUNTRY,VEN,AMR,Americas,YEAR,2007,,,,,,,,,700 [690-700],700,690,700,,2025-11-11T14:30:16Z,2007,2007-01-01,2007-12-31
2487722,TB_e_mort_exc_tbhiv_num,COUNTRY,ISR,EUR,Europe,YEAR,2010,,,,,,,,,28 [27-29],28,27,29,,2025-11-11T14:30:16Z,2010,2010-01-01,2010-12-31
2488639,TB_e_mort_exc_tbhiv_num,COUNTRY,DEU,EUR,Europe,YEAR,2021,,,,,,,,,280 [270-290],280,270,290,,2025-11-11T14:30:16Z,2021,2021-01-01,2021-12-31
2505856,TB_e_mort_exc_tbhiv_num,COUNTRY,URY,AMR,Americas,YEAR,2016,,,,,,,,,67 [64-70],67,64,70,,2025-11-11T14:30:16Z,2016,2016-01-01,2016-12-31
2507954,TB_e_mort_exc_tbhiv_num,COUNTRY,KWT,EMR,Eastern Mediterranean,YEAR,2017,,,,,,,,,20 [19-22],20,19,22,,2025-11-11T14:30:16Z,2017,2017-01-01,2017-12-31
2512488,TB_e_mort_exc_tbhiv_num,COUNTRY,ARG,AMR,Americas,YEAR,2002,,,,,,,,,890 [850-920],890,850,920,,2025-11-11T14:30:16Z,2002,2002-01-01,2002-12-31
2512912,TB_e_mort_exc_tbhiv_num,COUNTRY,BOL,AMR,Americas,YEAR,2001,,,,,,,,,2400 [1900-2900],2400,1900,2900,,2025-11-11T14:30:16Z,2001,2001-01-01,2001-12-31
2526796,TB_e_mort_exc_tbhiv_num,COUNTRY,TGO,AFR,Africa,YEAR,2013,,,,,,,,,960 [530-1500],960,530,1500,,2025-11-11T14:30:16Z,2013,2013-01-01,2013-12-31
2526983,TB_e_mort_exc_tbhiv_num,COUNTRY,PER,AMR,Americas,YEAR,2017,,,,,,,,,1700 [1600-1900],1700,1600,1900,,2025-11-11T14:30:16Z,2017,2017-01-01,2017-12-31
2536770,TB_e_mort_exc_tbhiv_num,COUNTRY,CYP,EUR,Europe,YEAR,2009,,,,,,,,,1 [1-1],1,1,1,,2025-11-11T14:30:16Z,2009,2009-01-01,2009-12-31
2550483,TB_e_mort_exc_tbhiv_num,COUNTRY,COD,AFR,Africa,YEAR,2001,,,,,,,,,87 000 [32 000-169 000],87000,32000,169000,,2025-11-11T14:30:16Z,2001,2001-01-01,2001-12-31
2556377,TB_e_mort_exc_tbhiv_num,COUNTRY,DEU,EUR,Europe,YEAR,2023,,,,,,,,,290 [280-300],290,280,300,,2025-11-11T14:30:16Z,2023,2023-01-01,2023-12-31
2557525,TB_e_mort_exc_tbhiv_num,REGION,SEAR,,,YEAR,2008,,,,,,,,,738 000 [595 000-897 000],738000,595000,897000,,2025-11-11T14:30:16Z,2008,2008-01-01,2008-12-31
2564557,TB_e_mort_exc_tbhiv_num,COUNTRY,AZE,EUR,Europe,YEAR,2019,,,,,,,,,600 [550-650],600,550,650,,2025-11-11T14:30:16Z,2019,2019-01-01,2019-12-31
2574336,TB_e_mort_exc_tbhiv_num,COUNTRY,LUX,EUR,Europe,YEAR,2023,,,,,,,,,1 [1-1],1,1,1,,2025-11-11T14:30:16Z,2023,2023-01-01,2023-12-31
2574787,TB_e_mort_exc_tbhiv_num,COUNTRY,ROU,EUR,Europe,YEAR,2021,,,,,,,,,820 [530-1200],820,530,1200,,2025-11-11T14:30:16Z,2021,2021-01-01,2021-12-31
2574844,TB_e_mort_exc_tbhiv_num,WORLDBANKINCOMEGROUP,WB_LMI,,,YEAR,2018,,,,,,,,,778 000 [668 000-897 000],778000,668000,897000,,2025-11-11T14:30:16Z,2018,2018-01-01,2018-12-31
2575503,TB_e_mort_exc_tbhiv_num,COUNTRY,HTI,AMR,Americas,YEAR,2000,,,,,,,,,6200 [1600-14 000],6200,1600,14000,,2025-11-11T14:30:16Z,2000,2000-01-01,2000-12-31
2576566,TB_e_mort_exc_tbhiv_num,COUNTRY,PAN,AMR,Americas,YEAR,2022,,,,,,,,,210 [200-230],210,200,230,,2025-11-11T14:30:16Z,2022,2022-01-01,2022-12-31
2580091,TB_e_mort_exc_tbhiv_num,COUNTRY,PNG,WPR,Western Pacific,YEAR,2007,,,,,,,,,11 000 [7600-14 000],11000,7600,14000,,2025-11-11T14:30:16Z,2007,2007-01-01,2007-12-31
2581063,TB_e_mort_exc_tbhiv_num,COUNTRY,COG,AFR,Africa,YEAR,2019,,,,,,,,,1800 [1200-2500],1800,1200,2500,,2025-11-11T14:30:16Z,2019,2019-01-01,2019-12-31
2582065,TB_e_mort_exc_tbhiv_num,REGION,SEAR,,,YEAR,2024,,,,,,,,,433 000 [360 000-512 000],433000,360000,512000,,2025-11-11T14:30:16Z,2024,2024-01-01,2024-12-31
2583102,TB_e_mort_exc_tbhiv_num,COUNTRY,TCD,AFR,Africa,YEAR,2010,,,,,,,,,3700 [2400-5300],3700,2400,5300,,2025-11-11T14:30:16Z,2010,2010-01-01,2010-12-31
2583837,TB_e_mort_exc_tbhiv_num,COUNTRY,THA,SEAR,South-East Asia,YEAR,2024,,,,,,,,,9900 [7200-13 000],9900,7200,13000,,2025-11-11T14:30:16Z,2024,2024-01-01,2024-12-31
2587029,TB_e_mort_exc_tbhiv_num,COUNTRY,KEN,AFR,Africa,YEAR,2007,,,,,,,,,31 000 [17 000-48 000],31000,17000,48000,,2025-11-11T14:30:16Z,2007,2007-01-01,2007-12-31
2587574,TB_e_mort_exc_tbhiv_num,COUNTRY,AGO,AFR,Africa,YEAR,2000,,,,,,,,,9800 [6600-14 000],9800,6600,14000,,2025-11-11T14:30:16Z,2000,2000-01-01,2000-12-31
2589745,TB_e_mort_exc_tbhiv_num,COUNTRY,FSM,WPR,Western Pacific,YEAR,2009,,,,,,,,,96 [66-130],96,66,130,,2025-11-11T14:30:16Z,2009,2009-01-01,2009-12-31
2593187,TB_e_mort_exc_tbhiv_num,COUNTRY,GNB,AFR,Africa,YEAR,2000,,,,,,,,,310 [170-480],310,170,480,,2025-11-11T14:30:16Z,2000,2000-01-01,2000-12-31
2595335,TB_e_mort_exc_tbhiv_num,COUNTRY,MUS,AFR,Africa,YEAR,2006,,,,,,,,,8 [8-8],8,8,8,,2025-11-11T14:30:16Z,2006,2006-01-01,2006-12-31
2595838,TB_e_mort_exc_tbhiv_num,COUNTRY,LBY,EMR,Eastern Mediterranean,YEAR,2007,,,,,,,,,720 [380-1200],720,380,1200,,2025-11-11T14:30:16Z,2007,2007-01-01,2007-12-31
2608630,TB_e_mort_exc_tbhiv_num,COUNTRY,DNK,EUR,Europe,YEAR,2016,,,,,,,,,23 [23-24],23,23,24,,2025-11-11T14:30:16Z,2016,2016-01-01,2016-12-31
2608989,TB_e_mort_exc_tbhiv_num,WORLDBANKINCOMEGROUP,WB_HI,,,YEAR,2003,,,,,,,,,54 000 [53 000-55 000],54000,53000,55000,,2025-11-11T14:30:16Z,2003,2003-01-01,2003-12-31
2613059,TB_e_mort_exc_tbhiv_num,COUNTRY,CHN,WPR,Western Pacific,YEAR,2015,,,,,,,,,39 000 [35 000-43 000],39000,35000,43000,,2025-11-11T14:30:16Z,2015,2015-01-01,2015-12-31
2614129,TB_e_mort_exc_tbhiv_num,COUNTRY,COM,AFR,Africa,YEAR,2017,,,,,,,,,80 [29-160],80,29,160,,2025-11-11T14:30:16Z,2017,2017-01-01,2017-12-31
2614414,TB_e_mort_exc_tbhiv_num,COUNTRY,KAZ,EUR,Europe,YEAR,2007,,,,,,,,,3000 [2900-3100],3000,2900,3100,,2025-11-11T14:30:16Z,2007,2007-01-01,2007-12-31
2619616,TB_e_mort_exc_tbhiv_num,COUNTRY,NIC,AMR,Americas,YEAR,2015,,,,,,,,,120 [120-120],120,120,120,,2025-11-11T14:30:16Z,2015,2015-01-01,2015-12-31
2621914,TB_e_mort_exc_tbhiv_num,COUNTRY,LVA,EUR,Europe,YEAR,2018,,,,,,,,,65 [64-67],65,64,67,,2025-11-11T14:30:16Z,2018,2018-01-01,2018-12-31
2625639,TB_e_mort_exc_tbhiv_num,COUNTRY,JPN,WPR,Western Pacific,YEAR,2017,,,,,,,,,3700 [3500-3900],3700,3500,3900,,2025-11-11T14:30:16Z,2017,2017-01-01,2017-12-31
2626210,TB_e_mort_exc_tbhiv_num,COUNTRY,KAZ,EUR,Europe,YEAR,2014,,,,,,,,,920 [890-960],920,890,960,,2025-11-11T14:30:16Z,2014,2014-01-01,2014-12-31
2631878,TB_e_mort_exc_tbhiv_num,COUNTRY,PAN,AMR,Americas,YEAR,2024,,,,,,,,,190 [180-190],190,180,190,,2025-11-11T14:30:16Z,2024,2024-01-01,2024-12-31
2637723,TB_e_mort_exc_tbhiv_num,COUNTRY,PAK,EMR,Eastern Mediterranean,YEAR,2015,,,,,,,,,49 000 [41 000-59 000],49000,41000,59000,,2025-11-11T14:30:16Z,2015,2015-01-01,2015-12-31
2639972,TB_e_mort_exc_tbhiv_num,COUNTRY,BEN,AFR,Africa,YEAR,2013,,,,,,,,,1400 [750-2200],1400,750,2200,,2025-11-11T14:30:16Z,2013,2013-01-01,2013-12-31
2656423,TB_e_mort_exc_tbhiv_num,COUNTRY,DNK,EUR,Europe,YEAR,2001,,,,,,,,,40 [39-41],40,39,41,,2025-11-11T14:30:16Z,2001,2001-01-01,2001-12-31
2663129,TB_e_mort_exc_tbhiv_num,COUNTRY,GAB,AFR,Africa,YEAR,2011,,,,,,,,,1000 [600-1600],1000,600,1600,,2025-11-11T14:30:16Z,2011,2011-01-01,2011-12-31
2668553,TB_e_mort_exc_tbhiv_num,COUNTRY,HTI,AMR,Americas,YEAR,2007,,,,,,,,,1100 [740-1400],1100,740,1400,,2025-11-11T14:30:16Z,2007,2007-01-01,2007-12-31
2670707,TB_e_mort_exc_tbhiv_num,COUNTRY,MYS,WPR,Western Pacific,YEAR,2005,,,,,,,,,1500 [860-2400],1500,860,2400,,2025-11-11T14:30:16Z,2005,2005-01-01,2005-12-31
2671812,TB_e_mort_exc_tbhiv_num,COUNTRY,TGO,AFR,Africa,YEAR,2023,,,,,,,,,560 [210-1100],560,210,1100,,2025-11-11T14:30:16Z,2023,2023-01-01,2023-12-31
2675685,TB_e_mort_exc_tbhiv_num,COUNTRY,MWI,AFR,Africa,YEAR,2021,,,,,,,,,3100 [1500-5200],3100,1500,5200,,2025-11-11T14:30:16Z,2021,2021-01-01,2021-12-31
2681308,TB_e_mort_exc_tbhiv_num,COUNTRY,DJI,EMR,Eastern Mediterranean,YEAR,2011,,,,,,,,,2800 [1700-4300],2800,1700,4300,,2025-11-11T14:30:16Z,2011,2011-01-01,2011-12-31
2694371,TB_e_mort_exc_tbhiv_num,COUNTRY,CZE,EUR,Europe,YEAR,2024,,,,,,,,,37 [32-42],37,32,42,,2025-11-11T14:30:16Z,2024,2024-01-01,2024-12-31
2703501,TB_e_mort_exc_tbhiv_num,COUNTRY,BRA,AMR,Americas,YEAR,2022,,,,,,,,,8100 [7100-9200],8100,7100,9200,,2025-11-11T14:30:16Z,2022,2022-01-01,2022-12-31
2706229,TB_e_mort_exc_tbhiv_num,COUNTRY,HTI,AMR,Americas,YEAR,2009,,,,,,,,,1000 [740-1400],1000,740,1400,,2025-11-11T14:30:16Z,2009,2009-01-01,2009-12-31
2709636,TB_e_mort_exc_tbhiv_num,COUNTRY,COL,AMR,Americas,YEAR,2021,,,,,,,,,1200 [1200-1200],1200,1200,1200,,2025-11-11T14:30:16Z,2021,2021-01-01,2021-12-31
2715529,TB_e_mort_exc_tbhiv_num,COUNTRY,ETH,AFR,Africa,YEAR,2021,,,,,,,,,20 000 [12 000-29 000],20000,12000,29000,,2025-11-11T14:30:16Z,2021,2021-01-01,2021-12-31
2718607,TB_e_mort_exc_tbhiv_num,COUNTRY,MHL,WPR,Western Pacific,YEAR,2006,,,,,,,,,88 [61-120],88,61,120,,2025-11-11T14:30:16Z,2006,2006-01-01,2006-12-31
2721599,TB_e_mort_exc_tbhiv_num,WORLDBANKINCOMEGROUP,WB_LMI,,,YEAR,2008,,,,,,,,,1 060 000 [908 000-1 230 000],1060000,908000,1230000,,2025-11-11T14:30:16Z,2008,2008-01-01,2008-12-31
2722723,TB_e_mort_exc_tbhiv_num,COUNTRY,MHL,WPR,Western Pacific,YEAR,2004,,,,,,,,,85 [59-120],85,59,120,,2025-11-11T14:30:16Z,2004,2004-01-01,2004-12-31
2733724,TB_e_mort_exc_tbhiv_num,COUNTRY,HND,AMR,Americas,YEAR,2016,,,,,,,,,390 [320-470],390,320,470,,2025-11-11T14:30:16Z,2016,2016-01-01,2016-12-31
2734397,TB_e_mort_exc_tbhiv_num,COUNTRY,COL,AMR,Americas,YEAR,2017,,,,,,,,,1000 [1000-1100],1000,1000,1100,,2025-11-11T14:30:16Z,2017,2017-01-01,2017-12-31
2741324,TB_e_mort_exc_tbhiv_num,COUNTRY,PRI,AMR,Americas,YEAR,2001,,,,,,,,,32 [32-33],32,32,33,,2025-11-11T14:30:16Z,2001,2001-01-01,2001-12-31
2744871,TB_e_mort_exc_tbhiv_num,COUNTRY,MKD,EUR,Europe,YEAR,2005,,,,,,,,,68 [66-71],68,66,71,,2025-11-11T14:30:16Z,2005,2005-01-01,2005-12-31
2745876,TB_e_mort_exc_tbhiv_num,COUNTRY,CIV,AFR,Africa,YEAR,2011,,,,,,,,,8000 [5600-11 000],8000,5600,11000,,2025-11-11T14:30:16Z,2011,2011-01-01,2011-12-31
2750325,TB_e_mort_exc_tbhiv_num,COUNTRY,GAB,AFR,Africa,YEAR,2018,,,,,,,,,1300 [840-1900],1300,840,1900,,2025-11-11T14:30:16Z,2018,2018-01-01,2018-12-31
2751565,TB_e_mort_exc_tbhiv_num,COUNTRY,LSO,AFR,Africa,YEAR,2000,,,,,,,,,1100 [390-2100],1100,390,2100,,2025-11-11T14:30:16Z,2000,2000-01-01,2000-12-31
2752118,TB_e_mort_exc_tbhiv_num,REGION,EUR,,,YEAR,2019,,,,,,,,,20 000 [20 000-21 000],20000,20000,21000,,2025-11-11T14:30:16Z,2019,2019-01-01,2019-12-31
2753494,TB_e_mort_exc_tbhiv_num,COUNTRY,BEN,AFR,Africa,YEAR,2011,,,,,,,,,1300 [760-2100],1300,760,2100,,2025-11-11T14:30:16Z,2011,2011-01-01,2011-12-31
2759529,TB_e_mort_exc_tbhiv_num,COUNTRY,MDG,AFR,Africa,YEAR,2016,,,,,,,,,12 000 [8700-16 000],12000,8700,16000,,2025-11-11T14:30:16Z,2016,2016-01-01,2016-12-31
2759758,TB_e_mort_exc_tbhiv_num,COUNTRY,PNG,WPR,Western Pacific,YEAR,2000,,,,,,,,,21 000 [16 000-28 000],21000,16000,28000,,2025-11-11T14:30:16Z,2000,2000-01-01,2000-12-31
2763369,TB_e_mort_exc_tbhiv_num,COUNTRY,MOZ,AFR,Africa,YEAR,2021,,,,,,,,,7600 [4100-12 000],7600,4100,12000,,2025-11-11T14:30:16Z,2021,2021-01-01,2021-12-31
2766961,TB_e_mort_exc_tbhiv_num,COUNTRY,STP,AFR,Africa,YEAR,2000,,,,,,,,,90 [57-130],90,57,130,,2025-11-11T14:30:16Z,2000,2000-01-01,2000-12-31
2769270,TB_e_mort_exc_tbhiv_num,COUNTRY,ZWE,AFR,Africa,YEAR,2005,,,,,,,,,4100 [1600-7600],4100,1600,7600,,2025-11-11T14:30:16Z,2005,2005-01-01,2005-12-31
2771441,TB_e_mort_exc_tbhiv_num,WORLDBANKINCOMEGROUP,WB_LMI,,,YEAR,2001,,,,,,,,,1 340 000 [1 130 000-1 570 000],1340000,1130000,1570000,,2025-11-11T14:30:16Z,2001,2001-01-01,2001-12-31
2784236,TB_e_mort_exc_tbhiv_num,COUNTRY,SLV,AMR,Americas,YEAR,2008,,,,,,,,,79 [69-89],79,69,89,,2025-11-11T14:30:16Z,2008,2008-01-01,2008-12-31
2789260,TB_e_mort_exc_tbhiv_num,GLOBAL,GLOBAL,,,YEAR,2020,,,,,,,,,1 180 000 [1 060 000-1 300 000],1180000,1060000,1300000,,2025-11-11T14:30:16Z,2020,2020-01-01,2020-12-31
2794748,TB_e_mort_exc_tbhiv_num,COUNTRY,SOM,EMR,Eastern Mediterranean,YEAR,2002,,,,,,,,,11 000 [7900-15 000],11000,7900,15000,,2025-11-11T14:30:16Z,2002,2002-01-01,2002-12-31
2794811,TB_e_mort_exc_tbhiv_num,REGION,SEAR,,,YEAR,2021,,,,,,,,,446 000 [367 000-532 000],446000,367000,532000,,2025-11-11T14:30:16Z,2021,2021-01-01,2021-12-31
2795731,TB_e_mort_exc_tbhiv_num,WORLDBANKINCOMEGROUP,WB_LMI,,,YEAR,2014,,,,,,,,,885 000 [763 000-1 020 000],885000,763000,1020000,,2025-11-11T14:30:16Z,2014,2014-01-01,2014-12-31
2797585,TB_e_mort_exc_tbhiv_num,COUNTRY,CIV,AFR,Africa,YEAR,2016,,,,,,,,,6700 [4500-9200],6700,4500,9200,,2025-11-11T14:30:16Z,2016,2016-01-01,2016-12-31
2801171,TB_e_mort_exc_tbhiv_num,COUNTRY,BIH,EUR,Europe,YEAR,2020,,,,,,,,,67 [62-72],67,62,72,,2025-11-11T14:30:16Z,2020,2020-01-01,2020-12-31
2802202,TB_e_mort_exc_tbhiv_num,COUNTRY,EGY,EMR,Eastern Mediterranean,YEAR,2008,,,,,,,,,920 [790-1100],920,790,1100,,2025-11-11T14:30:16Z,2008,2008-01-01,2008-12-31
2805108,TB_e_mort_exc_tbhiv_num,COUNTRY,BDI,AFR,Africa,YEAR,2014,,,,,,,,,2700 [1800-3800],2700,1800,3800,,2025-11-11T14:30:16Z,2014,2014-01-01,2014-12-31
2810547,TB_e_mort_exc_tbhiv_num,COUNTRY,LTU,EUR,Europe,YEAR,2009,,,,,,,,,1300 [990-1700],1300,990,1700,,2025-11-11T14:30:16Z,2009,2009-01-01,2009-12-31
2814356,TB_e_mort_exc_tbhiv_num,COUNTRY,BGD,SEAR,South-East Asia,YEAR,2009,,,,,,,,,77 000 [49 000-110 000],77000,49000,110000,,2025-11-11T14:30:16Z,2009,2009-01-01,2009-12-31
2815628,TB_e_mort_exc_tbhiv_num,COUNTRY,NGA,AFR,Africa,YEAR,2023,,,,,,,,,64 000 [39 000-97 000],64000,39000,97000,,2025-11-11T14:30:16Z,2023,2023-01-01,2023-12-31
2816734,TB_e_mort_exc_tbhiv_num,COUNTRY,ROU,EUR,Europe,YEAR,2002,,,,,,,,,2300 [2300-2300],2300,2300,2300,,2025-11-11T14:30:16Z,2002,2002-01-01,2002-12-31
2820867,TB_e_mort_exc_tbhiv_num,COUNTRY,DNK,EUR,Europe,YEAR,2000,,,,,,,,,48 [35-63],48,35,63,,2025-11-11T14:30:16Z,2000,2000-01-01,2000-12-31
2821745,TB_e_mort_exc_tbhiv_num,COUNTRY,AZE,EUR,Europe,YEAR,2022,,,,,,,,,630 [570-690],630,570,690,,2025-11-11T14:30:16Z,2022,2022-01-01,2022-12-31
2827202,TB_e_mort_exc_tbhiv_num,COUNTRY,SWE,EUR,Europe,YEAR,2003,,,,,,,,,59 [58-59],59,58,59,,2025-11-11T14:30:16Z,2003,2003-01-01,2003-12-31
2832835,TB_e_mort_exc_tbhiv_num,COUNTRY,HUN,EUR,Europe,YEAR,2014,,,,,,,,,87 [87-87],87,87,87,,2025-11-11T14:30:16Z,2014,2014-01-01,2014-12-31
2834235,TB_e_mort_exc_tbhiv_num,COUNTRY,BLZ,AMR,Americas,YEAR,2005,,,,,,,,,6 [5-6],6,5,6,,2025-11-11T14:30:16Z,2005,2005-01-01,2005-12-31
2839804,TB_e_mort_exc_tbhiv_num,COUNTRY,PER,AMR,Americas,YEAR,2010,,,,,,,,,2200 [1900-2600],2200,1900,2600,,2025-11-11T14:30:16Z,2010,2010-01-01,2010-12-31
2845709,TB_e_mort_exc_tbhiv_num,COUNTRY,MAR,EMR,Eastern Mediterranean,YEAR,2018,,,,,,,,,2600 [1500-3900],2600,1500,3900,,2025-11-11T14:30:16Z,2018,2018-01-01,2018-12-31
2849684,TB_e_mort_exc_tbhiv_num,COUNTRY,TJK,EUR,Europe,YEAR,2016,,,,,,,,,780 [710-860],780,710,860,,2025-11-11T14:30:16Z,2016,2016-01-01,2016-12-31
2851901,TB_e_mort_exc_tbhiv_num,COUNTRY,TUN,EMR,Eastern Mediterranean,YEAR,2009,,,,,,,,,170 [130-210],170,130,210,,2025-11-11T14:30:16Z,2009,2009-01-01,2009-12-31
2852354,TB_e_mort_exc_tbhiv_num,COUNTRY,LTU,EUR,Europe,YEAR,2020,,,,,,,,,110 [100-110],110,100,110,,2025-11-11T14:30:16Z,2020,2020-01-01,2020-12-31
2861062,TB_e_mort_exc_tbhiv_num,COUNTRY,NPL,SEAR,South-East Asia,YEAR,2000,,,,,,,,,32 000 [21 000-46 000],32000,21000,46000,,2025-11-11T14:30:16Z,2000,2000-01-01,2000-12-31
2864587,TB_e_mort_exc_tbhiv_num,COUNTRY,MKD,EUR,Europe,YEAR,2000,,,,,,,,,100 [97-110],100,97,110,,2025-11-11T14:30:16Z,2000,2000-01-01,2000-12-31
2872362,TB_e_mort_exc_tbhiv_num,COUNTRY,HUN,EUR,Europe,YEAR,2016,,,,,,,,,66 [66-66],66,66,66,,2025-11-11T14:30:16Z,2016,2016-01-01,2016-12-31
2874706,TB_e_mort_exc_tbhiv_num,COUNTRY,MUS,AFR,Africa,YEAR,2010,,,,,,,,,13 [12-13],13,12,13,,2025-11-11T14:30:16Z,2010,2010-01-01,2010-12-31
2877976,TB_e_mort_exc_tbhiv_num,COUNTRY,CAF,AFR,Africa,YEAR,2010,,,,,,,,,4400 [1600-8500],4400,1600,8500,,2025-11-11T14:30:16Z,2010,2010-01-01,2010-12-31
2879989,TB_e_mort_exc_tbhiv_num,COUNTRY,DZA,AFR,Africa,YEAR,2017,,,,,,,,,4100 [2800-5700],4100,2800,5700,,2025-11-11T14:30:16Z,2017,2017-01-01,2017-12-31
2880264,TB_e_mort_exc_tbhiv_num,COUNTRY,UKR,EUR,Europe,YEAR,2015,,,,,,,,,5000 [4800-5200],5000,4800,5200,,2025-11-11T14:30:16Z,2015,2015-01-01,2015-12-31
2884302,TB_e_mort_exc_tbhiv_num,REGION,SEAR,,,YEAR,2023,,,,,,,,,442 000 [369 000-522 000],442000,369000,522000,,2025-11-11T14:30:16Z,2023,2023-01-01,2023-12-31
2885887,TB_e_mort_exc_tbhiv_num,COUNTRY,PRY,AMR,Americas,YEAR,2016,,,,,,,,,250 [240-260],250,240,260,,2025-11-11T14:30:16Z,2016,2016-01-01,2016-12-31
2890426,TB_e_mort_exc_tbhiv_num,COUNTRY,KHM,WPR,Western Pacific,YEAR,2009,,,,,,,,,3700 [1700-6500],3700,1700,6500,,2025-11-11T14:30:16Z,2009,2009-01-01,2009-12-31
2892041,TB_e_mort_exc_tbhiv_num,COUNTRY,ALB,EUR,Europe,YEAR,2003,,,,,,,,,19 [15-23],19,15,23,,2025-11-11T14:30:16Z,2003,2003-01-01,2003-12-31
2905384,TB_e_mort_exc_tbhiv_num,COUNTRY,IDN,WPR,Western Pacific,YEAR,2012,,,,,,,,,109 000 [103 000-115 000],109000,103000,115000,,2025-11-11T14:30:16Z,2012,2012-01-01,2012-12-31
2906078,TB_e_mort_exc_tbhiv_num,COUNTRY,JAM,AMR,Americas,YEAR,2002,,,,,,,,,18 [16-20],18,16,20,,2025-11-11T14:30:16Z,2002,2002-01-01,2002-12-31
2915896,TB_e_mort_exc_tbhiv_num,COUNTRY,COG,AFR,Africa,YEAR,2016,,,,,,,,,2200 [1500-3100],2200,1500,3100,,2025-11-11T14:30:16Z,2016,2016-01-01,2016-12-31
2916933,TB_e_mort_exc_tbhiv_num,COUNTRY,MDV,SEAR,South-East Asia,YEAR,2016,,,,,,,,,12 [11-13],12,11,13,,2025-11-11T14:30:16Z,2016,2016-01-01,2016-12-31
2922015,TB_e_mort_exc_tbhiv_num,COUNTRY,KGZ,EUR,Europe,YEAR,2018,,,,,,,,,340 [330-340],340,330,340,,2025-11-11T14:30:16Z,2018,2018-01-01,2018-12-31
2924559,TB_e_mort_exc_tbhiv_num,COUNTRY,RUS,EUR,Europe,YEAR,2001,,,,,,,,,30 000 [29 000-31 000],30000,29000,31000,,2025-11-11T14:30:16Z,2001,2001-01-01,2001-12-31
2925133,TB_e_mort_exc_tbhiv_num,COUNTRY,EGY,EMR,Eastern Mediterranean,YEAR,2002,,,,,,,,,1100 [910-1300],1100,910,1300,,2025-11-11T14:30:16Z,2002,2002-01-01,2002-12-31
2925212,TB_e_mort_exc_tbhiv_num,COUNTRY,TUR,EUR,Europe,YEAR,2022,,,,,,,,,370 [330-420],370,330,420,,2025-11-11T14:30:16Z,2022,2022-01-01,2022-12-31
2930632,TB_e_mort_exc_tbhiv_num,COUNTRY,GMB,AFR,Africa,YEAR,2018,,,,,,,,,530 [350-760],530,350,760,,2025-11-11T14:30:16Z,2018,2018-01-01,2018-12-31
2931459,TB_e_mort_exc_tbhiv_num,COUNTRY,CPV,AFR,Africa,YEAR,2017,,,,,,,,,22 [19-25],22,19,25,,2025-11-11T14:30:16Z,2017,2017-01-01,2017-12-31
2934927,TB_e_mort_exc_tbhiv_num,COUNTRY,CMR,AFR,Africa,YEAR,2010,,,,,,,,,8600 [6100-12 000],8600,6100,12000,,2025-11-11T14:30:16Z,2010,2010-01-01,2010-12-31
2936702,TB_e_mort_exc_tbhiv_num,COUNTRY,LAO,WPR,Western Pacific,YEAR,2003,,,,,,,,,6000 [3500-9200],6000,3500,9200,,2025-11-11T14:30:16Z,2003,2003-01-01,2003-12-31
2936929,TB_e_mort_exc_tbhiv_num,COUNTRY,LAO,WPR,Western Pacific,YEAR,2014,,,,,,,,,3600 [2200-5400],3600,2200,5400,,2025-11-11T14:30:16Z,2014,2014-01-01,2014-12-31
2937884,TB_e_mort_exc_tbhiv_num,COUNTRY,MNE,EUR,Europe,YEAR,2017,,,,,,,,,1 [1-1],1,1,1,,2025-11-11T14:30:16Z,2017,2017-01-01,2017-12-31
2942192,TB_e_mort_exc_tbhiv_num,COUNTRY,COG,AFR,Africa,YEAR,2013,,,,,,,,,2300 [1600-3200],2300,1600,3200,,2025-11-11T14:30:16Z,2013,2013-01-01,2013-12-31
2943424,TB_e_mort_exc_tbhiv_num,REGION,WPR,,,YEAR,2014,,,,,,,,,213 000 [203 000-224 000],213000,203000,224000,,2025-11-11T14:30:16Z,2014,2014-01-01,2014-12-31
2944086,TB_e_mort_exc_tbhiv_num,COUNTRY,FJI,WPR,Western Pacific,YEAR,2009,,,,,,,,,19 [18-19],19,18,19,,2025-11-11T14:30:16Z,2009,2009-01-01,2009-12-31
2949667,TB_e_mort_exc_tbhiv_num,COUNTRY,GRC,EUR,Europe,YEAR,2011,,,,,,,,,75 [71-80],75,71,80,,2025-11-11T14:30:16Z,2011,2011-01-01,2011-12-31
2950629,TB_e_mort_exc_tbhiv_num,COUNTRY,ETH,AFR,Africa,YEAR,2003,,,,,,,,,55 000 [30 000-87 000],55000,30000,87000,,2025-11-11T14:30:16Z,2003,2003-01-01,2003-12-31
2956299,TB_e_mort_exc_tbhiv_num,COUNTRY,CHE,EUR,Europe,YEAR,2008,,,,,,,,,33 [33-34],33,33,34,,2025-11-11T14:30:16Z,2008,2008-01-01,2008-12-31
2956828,TB_e_mort_exc_tbhiv_num,COUNTRY,LBN,EMR,Eastern Mediterranean,YEAR,2022,,,,,,,,,100 [68-140],100,68,140,,2025-11-11T14:30:16Z,2022,2022-01-01,2022-12-31
2959653,TB_e_mort_exc_tbhiv_num,COUNTRY,BOL,AMR,Americas,YEAR,2023,,,,,,,,,1300 [880-1700],1300,880,1700,,2025-11-11T14:30:16Z,2023,2023-01-01,2023-12-31
2960470,TB_e_mort_exc_tbhiv_num,COUNTRY,RUS,EUR,Europe,YEAR,2012,,,,,,,,,19 000 [18 000-20 000],19000,18000,20000,,2025-11-11T14:30:16Z,2012,2012-01-01,2012-12-31
2967845,TB_e_mort_exc_tbhiv_num,COUNTRY,BTN,SEAR,South-East Asia,YEAR,2021,,,,,,,,,270 [190-370],270,190,370,,2025-11-11T14:30:16Z,2021,2021-01-01,2021-12-31
2969013,TB_e_mort_exc_tbhiv_num,COUNTRY,LSO,AFR,Africa,YEAR,2010,,,,,,,,,1300 [720-2000],1300,720,2000,,2025-11-11T14:30:16Z,2010,2010-01-01,2010-12-31
2991337,TB_e_mort_exc_tbhiv_num,COUNTRY,ARG,AMR,Americas,YEAR,2023,,,,,,,,,530 [470-590],530,470,590,,2025-11-11T14:30:16Z,2023,2023-01-01,2023-12-31
2991598,TB_e_mort_exc_tbhiv_num,COUNTRY,IND,SEAR,South-East Asia,YEAR,2009,,,,,,,,,498 000 [374 000-641 000],498000,374000,641000,,2025-11-11T14:30:16Z,2009,2009-01-01,2009-12-31
2992302,TB_e_mort_exc_tbhiv_num,COUNTRY,TUN,EMR,Eastern Mediterranean,YEAR,2007,,,,,,,,,170 [130-210],170,130,210,,2025-11-11T14:30:16Z,2007,2007-01-01,2007-12-31
2994783,TB_e_mort_exc_tbhiv_num,WORLDBANKINCOMEGROUP,WB_LMI,,,YEAR,2002,,,,,,,,,1 310 000 [1 100 000-1 530 000],1310000,1100000,1530000,,2025-11-11T14:30:16Z,2002,2002-01-01,2002-12-31
3000026,TB_e_mort_exc_tbhiv_num,COUNTRY,GIN,AFR,Africa,YEAR,2000,,,,,,,,,1600 [910-2400],1600,910,2400,,2025-11-11T14:30:16Z,2000,2000-01-01,2000-12-31
3004549,TB_e_mort_exc_tbhiv_num,COUNTRY,GHA,AFR,Africa,YEAR,2008,,,,,,,,,10 000 [4200-18 000],10000,4200,18000,,2025-11-11T14:30:16Z,2008,2008-01-01,2008-12-31
3005011,TB_e_mort_exc_tbhiv_num,COUNTRY,MNE,EUR,Europe,YEAR,2024,,,,,,,,,1 [0-2],1,0,2,,2025-11-11T14:30:16Z,2024,2024-01-01,2024-12-31
3005123,TB_e_mort_exc_tbhiv_num,COUNTRY,BHS,AMR,Americas,YEAR,2005,,,,,,,,,3 [3-4],3,3,4,,2025-11-11T14:30:16Z,2005,2005-01-01,2005-12-31
3006924,TB_e_mort_exc_tbhiv_num,COUNTRY,AFG,EMR,Eastern Mediterranean,YEAR,2003,,,,,,,,,15 000 [11 000-21 000],15000,11000,21000,,2025-11-11T14:30:16Z,2003,2003-01-01,2003-12-31
3007212,TB_e_mort_exc_tbhiv_num,COUNTRY,GAB,AFR,Africa,YEAR,2010,,,,,,,,,1000 [590-1600],1000,590,1600,,2025-11-11T14:30:16Z,2010,2010-01-01,2010-12-31
3007826,TB_e_mort_exc_tbhiv_num,COUNTRY,LKA,SEAR,South-East Asia,YEAR,2017,,,,,,,,,770 [690-840],770,690,840,,2025-11-11T14:30:16Z,2017,2017-01-01,2017-12-31
3012092,TB_e_mort_exc_tbhiv_num,COUNTRY,LKA,SEAR,South-East Asia,YEAR,2021,,,,,,,,,790 [710-870],790,710,870,,2025-11-11T14:30:16Z,2021,2021-01-01,2021-12-31
3014212,TB_e_mort_exc_tbhiv_num,COUNTRY,VUT,WPR,Western Pacific,YEAR,2013,,,,,,,,,76 [54-100],76,54,100,,2025-11-11T14:30:16Z,2013,2013-01-01,2013-12-31
3017322,TB_e_mort_exc_tbhiv_num,GLOBAL,GLOBAL,,,YEAR,2022,,,,,,,,,1 180 000 [1 080 000-1 290 000],1180000,1080000,1290000,,2025-11-11T14:30:16Z,2022,2022-01-01,2022-12-31
3030550,TB_e_mort_exc_tbhiv_num,COUNTRY,SUR,AMR,Americas,YEAR,2007,,,,,,,,,8 [8-9],8,8,9,,2025-11-11T14:30:16Z,2007,2007-01-01,2007-12-31
3041240,TB_e_mort_exc_tbhiv_num,COUNTRY,ALB,EUR,Europe,YEAR,2005,,,,,,,,,12 [9-15],12,9,15,,2025-11-11T14:30:16Z,2005,2005-01-01,2005-12-31
3045055,TB_e_mort_exc_tbhiv_num,COUNTRY,IDN,WPR,Western Pacific,YEAR,2021,,,,,,,,,128 000 [114 000-142 000],128000,114000,142000,,2025-11-11T14:30:16Z,2021,2021-01-01,2021-12-31
3045420,TB_e_mort_exc_tbhiv_num,COUNTRY,SLB,WPR,Western Pacific,YEAR,2015,,,,,,,,,260 [180-350],260,180,350,,2025-11-11T14:30:16Z,2015,2015-01-01,2015-12-31
3050193,TB_e_mort_exc_tbhiv_num,GLOBAL,GLOBAL,,,YEAR,2000,,,,,,,,,2 110 000 [1 770 000-2 480 000],2110000,1770000,2480000,,2025-11-11T14:30:16Z,2000,2000-01-01,2000-12-31
3051033,TB_e_mort_exc_tbhiv_num,COUNTRY,KWT,EMR,Eastern Mediterranean,YEAR,2002,,,,,,,,,30 [30-31],30,30,31,,2025-11-11T14:30:16Z,2002,2002-01-01,2002-12-31
3051358,TB_e_mort_exc_tbhiv_num,COUNTRY,POL,EUR,Europe,YEAR,2004,,,,,,,,,910 [880-950],910,880,950,,2025-11-11T14:30:16Z,2004,2004-01-01,2004-12-31
3054024,TB_e_mort_exc_tbhiv_num,COUNTRY,TUN,EMR,Eastern Mediterranean,YEAR,2003,,,,,,,,,170 [130-200],170,130,200,,2025-11-11T14:30:16Z,2003,2003-01-01,2003-12-31
3054311,TB_e_mort_exc_tbhiv_num,COUNTRY,MAR,EMR,Eastern Mediterranean,YEAR,2004,,,,,,,,,2100 [1200-3300],2100,1200,3300,,2025-11-11T14:30:16Z,2004,2004-01-01,2004-12-31
3057401,TB_e_mort_exc_tbhiv_num,REGION,AFR,,,YEAR,2019,,,,,,,,,439 000 [354 000-533 000],439000,354000,533000,,2025-11-11T14:30:16Z,2019,2019-01-01,2019-12-31
3058721,TB_e_mort_exc_tbhiv_num,COUNTRY,TGO,AFR,Africa,YEAR,2017,,,,,,,,,700 [340-1200],700,340,1200,,2025-11-11T14:30:16Z,2017,2017-01-01,2017-12-31
3064800,TB_e_mort_exc_tbhiv_num,COUNTRY,NPL,SEAR,South-East Asia,YEAR,2012,,,,,,,,,20 000 [11 000-30 000],20000,11000,30000,,2025-11-11T14:30:16Z,2012,2012-01-01,2012-12-31
3066984,TB_e_mort_exc_tbhiv_num,COUNTRY,LBY,EMR,Eastern Mediterranean,YEAR,2020,,,,,,,,,610 [240-1100],610,240,1100,,2025-11-11T14:30:16Z,2020,2020-01-01,2020-12-31
3071357,TB_e_mort_exc_tbhiv_num,COUNTRY,SUR,AMR,Americas,YEAR,2021,,,,,,,,,18 [14-22],18,14,22,,2025-11-11T14:30:16Z,2021,2021-01-01,2021-12-31
3071608,TB_e_mort_exc_tbhiv_num,COUNTRY,FSM,WPR,Western Pacific,YEAR,2022,,,,,,,,,25 [17-34],25,17,34,,2025-11-11T14:30:16Z,2022,2022-01-01,2022-12-31
3073144,TB_e_mort_exc_tbhiv_num,COUNTRY,GMB,AFR,Africa,YEAR,2007,,,,,,,,,440 [240-700],440,240,700,,2025-11-11T14:30:16Z,2007,2007-01-01,2007-12-31
3073343,TB_e_mort_exc_tbhiv_num,COUNTRY,DEU,EUR,Europe,YEAR,2003,,,,,,,,,510 [510-520],510,510,520,,2025-11-11T14:30:16Z,2003,2003-01-01,2003-12-31
3075564,TB_e_mort_exc_tbhiv_num,COUNTRY,AGO,AFR,Africa,YEAR,2004,,,,,,,,,19 000 [13 000-26 000],19000,13000,26000,,2025-11-11T14:30:16Z,2004,2004-01-01,2004-12-31
3076964,TB_e_mort_exc_tbhiv_num,COUNTRY,OMN,EMR,Eastern Mediterranean,YEAR,2019,,,,,,,,,16 [12-22],16,12,22,,2025-11-11T14:30:16Z,2019,2019-01-01,2019-12-31
3077073,TB_e_mort_exc_tbhiv_num,COUNTRY,CZE,EUR,Europe,YEAR,2022,,,,,,,,,21 [19-23],21,19,23,,2025-11-11T14:30:16Z,2022,2022-01-01,2022-12-31
3078985,TB_e_mort_exc_tbhiv_num,COUNTRY,MAR,EMR,Eastern Mediterranean,YEAR,2014,,,,,,,,,2500 [1400-3800],2500,1400,3800,,2025-11-11T14:30:16Z,2014,2014-01-01,2014-12-31
3082791,TB_e_mort_exc_tbhiv_num,COUNTRY,TUN,EMR,Eastern Mediterranean,YEAR,2022,,,,,,,,,140 [100-190],140,100,190,,2025-11-11T14:30:16Z,2022,2022-01-01,2022-12-31
3095930,TB_e_mort_exc_tbhiv_num,COUNTRY,GRC,EUR,Europe,YEAR,2002,,,,,,,,,93 [89-97],93,89,97,,2025-11-11T14:30:16Z,2002,2002-01-01,2002-12-31
3097957,TB_e_mort_exc_tbhiv_num,COUNTRY,VEN,AMR,Americas,YEAR,2004,,,,,,,,,740 [740-750],740,740,750,,2025-11-11T14:30:16Z,2004,2004-01-01,2004-12-31
3104200,TB_e_mort_exc_tbhiv_num,COUNTRY,FRA,EUR,Europe,YEAR,2016,,,,,,,,,420 [400-440],420,400,440,,2025-11-11T14:30:16Z,2016,2016-01-01,2016-12-31
3107726,TB_e_mort_exc_tbhiv_num,COUNTRY,TCD,AFR,Africa,YEAR,2011,,,,,,,,,3900 [2500-5500],3900,2500,5500,,2025-11-11T14:30:16Z,2011,2011-01-01,2011-12-31
3109256,TB_e_mort_exc_tbhiv_num,COUNTRY,GHA,AFR,Africa,YEAR,2013,,,,,,,,,10 000 [4600-18 000],10000,4600,18000,,2025-11-11T14:30:16Z,2013,2013-01-01,2013-12-31
3110264,TB_e_mort_exc_tbhiv_num,COUNTRY,BWA,AFR,Africa,YEAR,2015,,,,,,,,,870 [550-1300],870,550,1300,,2025-11-11T14:30:16Z,2015,2015-01-01,2015-12-31
3114486,TB_e_mort_exc_tbhiv_num,COUNTRY,SLE,AFR,Africa,YEAR,2004,,,,,,,,,9100 [3700-17 000],9100,3700,17000,,2025-11-11T14:30:16Z,2004,2004-01-01,2004-12-31
3116045,TB_e_mort_exc_tbhiv_num,COUNTRY,MLI,AFR,Africa,YEAR,2023,,,,,,,,,1900 [770-3400],1900,770,3400,,2025-11-11T14:30:16Z,2023,2023-01-01,2023-12-31
3122459,TB_e_mort_exc_tbhiv_num,COUNTRY,YEM,EMR,Eastern Mediterranean,YEAR,2020,,,,,,,,,3900 [2800-5200],3900,2800,5200,,2025-11-11T14:30:16Z,2020,2020-01-01,2020-12-31
3126991,TB_e_mort_exc_tbhiv_num,COUNTRY,KOR,WPR,Western Pacific,YEAR,2010,,,,,,,,,3000 [2800-3100],3000,2800,3100,,2025-11-11T14:30:16Z,2010,2010-01-01,2010-12-31
3129448,TB_e_mort_exc_tbhiv_num,COUNTRY,BWA,AFR,Africa,YEAR,2019,,,,,,,,,940 [640-1300],940,640,1300,,2025-11-11T14:30:16Z,2019,2019-01-01,2019-12-31
3135694,TB_e_mort_exc_tbhiv_num,COUNTRY,BOL,AMR,Americas,YEAR,2019,,,,,,,,,1200 [860-1600],1200,860,1600,,2025-11-11T14:30:16Z,2019,2019-01-01,2019-12-31
3135762,TB_e_mort_exc_tbhiv_num,COUNTRY,CAN,AMR,Americas,YEAR,2019,,,,,,,,,78 [77-79],78,77,79,,2025-11-11T14:30:16Z,2019,2019-01-01,2019-12-31
3135893,TB_e_mort_exc_tbhiv_num,REGION,EMR,,,YEAR,2003,,,,,,,,,112 000 [101 000-123 000],112000,101000,123000,,2025-11-11T14:30:16Z,2003,2003-01-01,2003-12-31
3139065,TB_e_mort_exc_tbhiv_num,COUNTRY,COG,AFR,Africa,YEAR,2005,,,,,,,,,2200 [1500-3100],2200,1500,3100,,2025-11-11T14:30:16Z,2005,2005-01-01,2005-12-31
3139771,TB_e_mort_exc_tbhiv_num,REGION,SEAR,,,YEAR,2017,,,,,,,,,472 000 [381 000-574 000],472000,381000,574000,,2025-11-11T14:30:16Z,2017,2017-01-01,2017-12-31
3145883,TB_e_mort_exc_tbhiv_num,COUNTRY,LKA,SEAR,South-East Asia,YEAR,2002,,,,,,,,,1400 [1100-1800],1400,1100,1800,,2025-11-11T14:30:16Z,2002,2002-01-01,2002-12-31
3146256,TB_e_mort_exc_tbhiv_num,COUNTRY,QAT,EMR,Eastern Mediterranean,YEAR,2009,,,,,,,,,5 [4-5],5,4,5,,2025-11-11T14:30:16Z,2009,2009-01-01,2009-12-31
3152817,TB_e_mort_exc_tbhiv_num,COUNTRY,SGP,WPR,Western Pacific,YEAR,2006,,,,,,,,,68 [64-72],68,64,72,,2025-11-11T14:30:16Z,2006,2006-01-01,2006-12-31
3152914,TB_e_mort_exc_tbhiv_num,COUNTRY,KEN,AFR,Africa,YEAR,2010,,,,,,,,,33 000 [18 000-52 000],33000,18000,52000,,2025-11-11T14:30:16Z,2010,2010-01-01,2010-12-31
3157968,TB_e_mort_exc_tbhiv_num,COUNTRY,MYS,WPR,Western Pacific,YEAR,2006,,,,,,,,,1700 [920-2600],1700,920,2600,,2025-11-11T14:30:16Z,2006,2006-01-01,2006-12-31
3159063,TB_e_mort_exc_tbhiv_num,WORLDBANKINCOMEGROUP,WB_LI,,,YEAR,2000,,,,,,,,,228 000 [158 000-310 000],228000,158000,310000,,2025-11-11T14:30:16Z,2000,2000-01-01,2000-12-31
3161182,TB_e_mort_exc_tbhiv_num,COUNTRY,MLI,AFR,Africa,YEAR,2018,,,,,,,,,2200 [1100-3600],2200,1100,3600,,2025-11-11T14:30:16Z,2018,2018-01-01,2018-12-31
3167421,TB_e_mort_exc_tbhiv_num,COUNTRY,TZA,AFR,Africa,YEAR,2016,,,,,,,,,27 000 [12 000-47 000],27000,12000,47000,,2025-11-11T14:30:16Z,2016,2016-01-01,2016-12-31
3170637,TB_e_mort_exc_tbhiv_num,COUNTRY,EST,EUR,Europe,YEAR,2001,,,,,,,,,150 [110-200],150,110,200,,2025-11-11T14:30:16Z,2001,2001-01-01,2001-12-31
3172573,TB_e_mort_exc_tbhiv_num,COUNTRY,PSE,EMR,Eastern Mediterranean,YEAR,2024,,,,,,,,,2 [2-3],2,2,3,,2025-11-11T14:30:16Z,2024,2024-01-01,2024-12-31
3176903,TB_e_mort_exc_tbhiv_num,COUNTRY,BRA,AMR,Americas,YEAR,2014,,,,,,,,,5100 [4900-5200],5100,4900,5200,,2025-11-11T14:30:16Z,2014,2014-01-01,2014-12-31
3177342,TB_e_mort_exc_tbhiv_num,COUNTRY,LBN,EMR,Eastern Mediterranean,YEAR,2018,,,,,,,,,130 [86-170],130,86,170,,2025-11-11T14:30:16Z,2018,2018-01-01,2018-12-31
3178557,TB_e_mort_exc_tbhiv_num,COUNTRY,NLD,EUR,Europe,YEAR,2000,,,,,,,,,96 [93-99],96,93,99,,2025-11-11T14:30:16Z,2000,2000-01-01,2000-12-31
3179214,TB_e_mort_exc_tbhiv_num,COUNTRY,BWA,AFR,Africa,YEAR,2009,,,,,,,,,740 [440-1100],740,440,1100,,2025-11-11T14:30:16Z,2009,2009-01-01,2009-12-31
3180495,TB_e_mort_exc_tbhiv_num,COUNTRY,FJI,WPR,Western Pacific,YEAR,2020,,,,,,,,,40 [40-41],40,40,41,,2025-11-11T14:30:16Z,2020,2020-01-01,2020-12-31
3183102,TB_e_mort_exc_tbhiv_num,COUNTRY,KAZ,EUR,Europe,YEAR,2021,,,,,,,,,380 [360-390],380,360,390,,2025-11-11T14:30:16Z,2021,2021-01-01,2021-12-31
3184547,TB_e_mort_exc_tbhiv_num,COUNTRY,SLB,WPR,Western Pacific,YEAR,2003,,,,,,,,,380 [260-520],380,260,520,,2025-11-11T14:30:16Z,2003,2003-01-01,2003-12-31
3190449,TB_e_mort_exc_tbhiv_num,COUNTRY,LBR,AFR,Africa,YEAR,2013,,,,,,,,,2400 [1700-3300],2400,1700,3300,,2025-11-11T14:30:16Z,2013,2013-01-01,2013-12-31
3190722,TB_e_mort_exc_tbhiv_num,COUNTRY,MDV,SEAR,South-East Asia,YEAR,2005,,,,,,,,,5 [4-6],5,4,6,,2025-11-11T14:30:16Z,2005,2005-01-01,2005-12-31
3191231,TB_e_mort_exc_tbhiv_num,WORLDBANKINCOMEGROUP,WB_LI,,,YEAR,2010,,,,,,,,,200 000 [145 000-265 000],200000,145000,265000,,2025-11-11T14:30:16Z,2010,2010-01-01,2010-12-31
3192941,TB_e_mort_exc_tbhiv_num,WORLDBANKINCOMEGROUP,WB_HI,,,YEAR,2015,,,,,,,,,27 000 [26 000-28 000],27000,26000,28000,,2025-11-11T14:30:16Z,2015,2015-01-01,2015-12-31
3193479,TB_e_mort_exc_tbhiv_num,COUNTRY,HND,AMR,Americas,YEAR,2009,,,,,,,,,370 [300-450],370,300,450,,2025-11-11T14:30:16Z,2009,2009-01-01,2009-12-31
3198925,TB_e_mort_exc_tbhiv_num,COUNTRY,SRB,EUR,Europe,YEAR,2015,,,,,,,,,83 [79-87],83,79,87,,2025-11-11T14:30:16Z,2015,2015-01-01,2015-12-31
3199094,TB_e_mort_exc_tbhiv_num,COUNTRY,TCD,AFR,Africa,YEAR,2006,,,,,,,,,3000 [1900-4300],3000,1900,4300,,2025-11-11T14:30:16Z,2006,2006-01-01,2006-12-31
3203354,TB_e_mort_exc_tbhiv_num,COUNTRY,ARE,EMR,Eastern Mediterranean,YEAR,2008,,,,,,,,,52 [33-76],52,33,76,,2025-11-11T14:30:16Z,2008,2008-01-01,2008-12-31
3218867,TB_e_mort_exc_tbhiv_num,COUNTRY,MYS,WPR,Western Pacific,YEAR,2023,,,,,,,,,2500 [1600-3700],2500,1600,3700,,2025-11-11T14:30:16Z,2023,2023-01-01,2023-12-31
3221831,TB_e_mort_exc_tbhiv_num,COUNTRY,AUS,WPR,Western Pacific,YEAR,2008,,,,,,,,,63 [63-64],63,63,64,,2025-11-11T14:30:16Z,2008,2008-01-01,2008-12-31
3223322,TB_e_mort_exc_tbhiv_num,COUNTRY,NIC,AMR,Americas,YEAR,2011,,,,,,,,,150 [150-150],150,150,150,,2025-11-11T14:30:16Z,2011,2011-01-01,2011-12-31
3227571,TB_e_mort_exc_tbhiv_num,COUNTRY,CAF,AFR,Africa,YEAR,2020,,,,,,,,,3300 [1500-5900],3300,1500,5900,,2025-11-11T14:30:16Z,2020,2020-01-01,2020-12-31
3229724,TB_e_mort_exc_tbhiv_num,COUNTRY,VUT,WPR,Western Pacific,YEAR,2001,,,,,,,,,220 [170-270],220,170,270,,2025-11-11T14:30:16Z,2001,2001-01-01,2001-12-31
3235206,TB_e_mort_exc_tbhiv_num,COUNTRY,CRI,AMR,Americas,YEAR,2015,,,,,,,,,33 [33-34],33,33,34,,2025-11-11T14:30:16Z,2015,2015-01-01,2015-12-31
3237334,TB_e_mort_exc_tbhiv_num,COUNTRY,POL,EUR,Europe,YEAR,2024,,,,,,,,,480 [460-500],480,460,500,,2025-11-11T14:30:16Z,2024,2024-01-01,2024-12-31
3241156,TB_e_mort_exc_tbhiv_num,COUNTRY,JAM,AMR,Americas,YEAR,2006,,,,,,,,,7 [7-7],7,7,7,,2025-11-11T14:30:16Z,2006,2006-01-01,2006-12-31
3242210,TB_e_mort_exc_tbhiv_num,COUNTRY,BRN,WPR,Western Pacific,YEAR,2010,,,,,,,,,13 [12-15],13,12,15,,2025-11-11T14:30:16Z,2010,2010-01-01,2010-12-31
3242762,TB_e_mort_exc_tbhiv_num,COUNTRY,CHN,WPR,Western Pacific,YEAR,2004,,,,,,,,,70 000 [62 000-79 000],70000,62000,79000,,2025-11-11T14:30:16Z,2004,2004-01-01,2004-12-31
3244037,TB_e_mort_exc_tbhiv_num,COUNTRY,CMR,AFR,Africa,YEAR,2007,,,,,,,,,6600 [3800-10 000],6600,3800,10000,,2025-11-11T14:30:16Z,2007,2007-01-01,2007-12-31
3247731,TB_e_mort_exc_tbhiv_num,COUNTRY,CAF,AFR,Africa,YEAR,2011,,,,,,,,,4700 [1700-9100],4700,1700,9100,,2025-11-11T14:30:16Z,2011,2011-01-01,2011-12-31
3249245,TB_e_mort_exc_tbhiv_num,COUNTRY,GIN,AFR,Africa,YEAR,2001,,,,,,,,,2100 [1400-3000],2100,1400,3000,,2025-11-11T14:30:16Z,2001,2001-01-01,2001-12-31
3254623,TB_e_mort_exc_tbhiv_num,COUNTRY,SVK,EUR,Europe,YEAR,2022,,,,,,,,,29 [26-34],29,26,34,,2025-11-11T14:30:16Z,2022,2022-01-01,2022-12-31
3260263,TB_e_mort_exc_tbhiv_num,WORLDBANKINCOMEGROUP,WB_HI,,,YEAR,2010,,,,,,,,,38 000 [38 000-39 000],38000,38000,39000,,2025-11-11T14:30:16Z,2010,2010-01-01,2010-12-31
3260324,TB_e_mort_exc_tbhiv_num,COUNTRY,KIR,WPR,Western Pacific,YEAR,2001,,,,,,,,,41 [37-45],41,37,45,,2025-11-11T14:30:16Z,2001,2001-01-01,2001-12-31
3261143,TB_e_mort_exc_tbhiv_num,COUNTRY,EGY,EMR,Eastern Mediterranean,YEAR,2022,,,,,,,,,480 [440-540],480,440,540,,2025-11-11T14:30:16Z,2022,2022-01-01,2022-12-31
3265882,TB_e_mort_exc_tbhiv_num,COUNTRY,SUR,AMR,Americas,YEAR,2015,,,,,,,,,13 [12-15],13,12,15,,2025-11-11T14:30:16Z,2015,2015-01-01,2015-12-31
3272706,TB_e_mort_exc_tbhiv_num,WORLDBANKINCOMEGROUP,WB_LI,,,YEAR,2006,,,,,,,,,217 000 [161 000-282 000],217000,161000,282000,,2025-11-11T14:30:16Z,2006,2006-01-01,2006-12-31
3273738,TB_e_mort_exc_tbhiv_num,COUNTRY,SGP,WPR,Western Pacific,YEAR,2008,,,,,,,,,93 [84-100],93,84,100,,2025-11-11T14:30:16Z,2008,2008-01-01,2008-12-31
3274151,TB_e_mort_exc_tbhiv_num,WORLDBANKINCOMEGROUP,WB_HI,,,YEAR,2022,,,,,,,,,16 000 [15 000-17 000],16000,15000,17000,,2025-11-11T14:30:16Z,2022,2022-01-01,2022-12-31
3281899,TB_e_mort_exc_tbhiv_num,COUNTRY,MLI,AFR,Africa,YEAR,2000,,,,,,,,,1400 [660-2400],1400,660,2400,,2025-11-11T14:30:16Z,2000,2000-01-01,2000-12-31
3285683,TB_e_mort_exc_tbhiv_num,COUNTRY,BGR,EUR,Europe,YEAR,2017,,,,,,,,,100 [98-110],100,98,110,,2025-11-11T14:30:16Z,2017,2017-01-01,2017-12-31
3292307,TB_e_mort_exc_tbhiv_num,COUNTRY,PAN,AMR,Americas,YEAR,2015,,,,,,,,,230 [220-230],230,220,230,,2025-11-11T14:30:16Z,2015,2015-01-01,2015-12-31
3293107,TB_e_mort_exc_tbhiv_num,REGION,SEAR,,,YEAR,2002,,,,,,,,,992 000 [799 000-1 210 000],992000,799000,1210000,,2025-11-11T14:30:16Z,2002,2002-01-01,2002-12-31
3300605,TB_e_mort_exc_tbhiv_num,COUNTRY,TZA,AFR,Africa,YEAR,2012,,,,,,,,,32 000 [15 000-55 000],32000,15000,55000,,2025-11-11T14:30:16Z,2012,2012-01-01,2012-12-31
3303930,TB_e_mort_exc_tbhiv_num,COUNTRY,JPN,WPR,Western Pacific,YEAR,2019,,,,,,,,,3300 [3100-3500],3300,3100,3500,,2025-11-11T14:30:16Z,2019,2019-01-01,2019-12-31
3303969,TB_e_mort_exc_tbhiv_num,COUNTRY,HRV,EUR,Europe,YEAR,2009,,,,,,,,,120 [120-120],120,120,120,,2025-11-11T14:30:16Z,2009,2009-01-01,2009-12-31
3303973,TB_e_mort_exc_tbhiv_num,COUNTRY,COL,AMR,Americas,YEAR,2022,,,,,,,,,1700 [1500-1900],1700,1500,1900,,2025-11-11T14:30:16Z,2022,2022-01-01,2022-12-31
3306785,TB_e_mort_exc_tbhiv_num,COUNTRY,SOM,EMR,Eastern Mediterranean,YEAR,2015,,,,,,,,,5400 [3800-7300],5400,3800,7300,,2025-11-11T14:30:16Z,2015,2015-01-01,2015-12-31
3309835,TB_e_mort_exc_tbhiv_num,COUNTRY,LSO,AFR,Africa,YEAR,2013,,,,,,,,,1200 [680-1800],1200,680,1800,,2025-11-11T14:30:16Z,2013,2013-01-01,2013-12-31
3310126,TB_e_mort_exc_tbhiv_num,COUNTRY,BIH,EUR,Europe,YEAR,2010,,,,,,,,,190 [180-210],190,180,210,,2025-11-11T14:30:16Z,2010,2010-01-01,2010-12-31
3310601,TB_e_mort_exc_tbhiv_num,COUNTRY,BRN,WPR,Western Pacific,YEAR,2021,,,,,,,,,24 [20-27],24,20,27,,2025-11-11T14:30:16Z,2021,2021-01-01,2021-12-31
3310671,TB_e_mort_exc_tbhiv_num,COUNTRY,GHA,AFR,Africa,YEAR,2019,,,,,,,,,10 000 [4700-19 000],10000,4700,19000,,2025-11-11T14:30:16Z,2019,2019-01-01,2019-12-31
3310822,TB_e_mort_exc_tbhiv_num,COUNTRY,DZA,AFR,Africa,YEAR,2003,,,,,,,,,7600 [5300-10 000],7600,5300,10000,,2025-11-11T14:30:16Z,2003,2003-01-01,2003-12-31
3317910,TB_e_mort_exc_tbhiv_num,COUNTRY,BEL,EUR,Europe,YEAR,2016,,,,,,,,,32 [31-33],32,31,33,,2025-11-11T14:30:16Z,2016,2016-01-01,2016-12-31
3317981,TB_e_mort_exc_tbhiv_num,COUNTRY,CMR,AFR,Africa,YEAR,2013,,,,,,,,,7200 [5000-9800],7200,5000,9800,,2025-11-11T14:30:16Z,2013,2013-01-01,2013-12-31
3319872,TB_e_mort_exc_tbhiv_num,COUNTRY,ARG,AMR,Americas,YEAR,2020,,,,,,,,,580 [560-600],580,560,600,,2025-11-11T14:30:16Z,2020,2020-01-01,2020-12-31
3323858,TB_e_mort_exc_tbhiv_num,COUNTRY,MDV,SEAR,South-East Asia,YEAR,2004,,,,,,,,,3 [2-3],3,2,3,,2025-11-11T14:30:16Z,2004,2004-01-01,2004-12-31
3324953,TB_e_mort_exc_tbhiv_num,COUNTRY,GNQ,AFR,Africa,YEAR,2024,,,,,,,,,270 [120-500],270,120,500,,2025-11-11T14:30:16Z,2024,2024-01-01,2024-12-31
3329025,TB_e_mort_exc_tbhiv_num,COUNTRY,SEN,AFR,Africa,YEAR,2009,,,,,,,,,4700 [3200-6400],4700,3200,6400,,2025-11-11T14:30:16Z,2009,2009-01-01,2009-12-31
3329079,TB_e_mort_exc_tbhiv_num,COUNTRY,AZE,EUR,Europe,YEAR,2018,,,,,,,,,590 [550-640],590,550,640,,2025-11-11T14:30:16Z,2018,2018-01-01,2018-12-31
3329878,TB_e_mort_exc_tbhiv_num,COUNTRY,PAK,EMR,Eastern Mediterranean,YEAR,2006,,,,,,,,,56 000 [49 000-63 000],56000,49000,63000,,2025-11-11T14:30:16Z,2006,2006-01-01,2006-12-31
3330332,TB_e_mort_exc_tbhiv_num,COUNTRY,AGO,AFR,Africa,YEAR,2005,,,,,,,,,21 000 [14 000-28 000],21000,14000,28000,,2025-11-11T14:30:16Z,2005,2005-01-01,2005-12-31
3330665,TB_e_mort_exc_tbhiv_num,COUNTRY,SDN,EMR,Eastern Mediterranean,YEAR,2024,,,,,,,,,4400 [2500-6700],4400,2500,6700,,2025-11-11T14:30:16Z,2024,2024-01-01,2024-12-31
3330726,TB_e_mort_exc_tbhiv_num,COUNTRY,CHE,EUR,Europe,YEAR,2013,,,,,,,,,20 [19-20],20,19,20,,2025-11-11T14:30:16Z,2013,2013-01-01,2013-12-31
3335785,TB_e_mort_exc_tbhiv_num,COUNTRY,SRB,EUR,Europe,YEAR,2006,,,,,,,,,210 [210-220],210,210,220,,2025-11-11T14:30:16Z,2006,2006-01-01,2006-12-31
3336425,TB_e_mort_exc_tbhiv_num,COUNTRY,CAN,AMR,Americas,YEAR,2017,,,,,,,,,100 [100-100],100,100,100,,2025-11-11T14:30:16Z,2017,2017-01-01,2017-12-31
3341695,TB_e_mort_exc_tbhiv_num,COUNTRY,TCD,AFR,Africa,YEAR,2000,,,,,,,,,1700 [950-2700],1700,950,2700,,2025-11-11T14:30:16Z,2000,2000-01-01,2000-12-31
3343855,TB_e_mort_exc_tbhiv_num,COUNTRY,UGA,AFR,Africa,YEAR,2009,,,,,,,,,5300 [2900-8400],5300,2900,8400,,2025-11-11T14:30:16Z,2009,2009-01-01,2009-12-31
3344922,TB_e_mort_exc_tbhiv_num,COUNTRY,PER,AMR,Americas,YEAR,2019,,,,,,,,,2300 [2100-2600],2300,2100,2600,,2025-11-11T14:30:16Z,2019,2019-01-01,2019-12-31
3350187,TB_e_mort_exc_tbhiv_num,COUNTRY,PER,AMR,Americas,YEAR,2016,,,,,,,,,2100 [1800-2400],2100,1800,2400,,2025-11-11T14:30:16Z,2016,2016-01-01,2016-12-31
3358064,TB_e_mort_exc_tbhiv_num,COUNTRY,PAN,AMR,Americas,YEAR,2019,,,,,,,,,200 [200-210],200,200,210,,2025-11-11T14:30:16Z,2019,2019-01-01,2019-12-31
3358198,TB_e_mort_exc_tbhiv_num,COUNTRY,ECU,AMR,Americas,YEAR,2003,,,,,,,,,1100 [910-1300],1100,910,1300,,2025-11-11T14:30:16Z,2003,2003-01-01,2003-12-31
3360589,TB_e_mort_exc_tbhiv_num,COUNTRY,CHE,EUR,Europe,YEAR,2006,,,,,,,,,34 [33-34],34,33,34,,2025-11-11T14:30:16Z,2006,2006-01-01,2006-12-31
3361164,TB_e_mort_exc_tbhiv_num,COUNTRY,NGA,AFR,Africa,YEAR,2016,,,,,,,,,121 000 [70 000-185 000],121000,70000,185000,,2025-11-11T14:30:16Z,2016,2016-01-01,2016-12-31
3361914,TB_e_mort_exc_tbhiv_num,COUNTRY,DZA,AFR,Africa,YEAR,2001,,,,,,,,,7700 [5300-11 000],7700,5300,11000,,2025-11-11T14:30:16Z,2001,2001-01-01,2001-12-31
3363863,TB_e_mort_exc_tbhiv_num,COUNTRY,URY,AMR,Americas,YEAR,2009,,,,,,,,,65 [62-68],65,62,68,,2025-11-11T14:30:16Z,2009,2009-01-01,2009-12-31
3368157,TB_e_mort_exc_tbhiv_num,COUNTRY,HND,AMR,Americas,YEAR,2000,,,,,,,,,420 [360-500],420,360,500,,2025-11-11T14:30:16Z,2000,2000-01-01,2000-12-31
3373705,TB_e_mort_exc_tbhiv_num,COUNTRY,LKA,SEAR,South-East Asia,YEAR,2015,,,,,,,,,810 [720-910],810,720,910,,2025-11-11T14:30:16Z,2015,2015-01-01,2015-12-31
3375934,TB_e_mort_exc_tbhiv_num,COUNTRY,ARM,EUR,Europe,YEAR,2022,,,,,,,,,24 [20-27],24,20,27,,2025-11-11T14:30:16Z,2022,2022-01-01,2022-12-31
3383142,TB_e_mort_exc_tbhiv_num,COUNTRY,AGO,AFR,Africa,YEAR,2016,,,,,,,,,24 000 [17 000-33 000],24000,17000,33000,,2025-11-11T14:30:16Z,2016,2016-01-01,2016-12-31
3385941,TB_e_mort_exc_tbhiv_num,COUNTRY,MAR,EMR,Eastern Mediterranean,YEAR,2017,,,,,,,,,2600 [1500-3900],2600,1500,3900,,2025-11-11T14:30:16Z,2017,2017-01-01,2017-12-31
3387648,TB_e_mort_exc_tbhiv_num,COUNTRY,BIH,EUR,Europe,YEAR,2015,,,,,,,,,130 [120-140],130,120,140,,2025-11-11T14:30:16Z,2015,2015-01-01,2015-12-31
3394772,TB_e_mort_exc_tbhiv_num,COUNTRY,CHE,EUR,Europe,YEAR,2005,,,,,,,,,30 [29-30],30,29,30,,2025-11-11T14:30:16Z,2005,2005-01-01,2005-12-31
3395923,TB_e_mort_exc_tbhiv_num,COUNTRY,TUN,EMR,Eastern Mediterranean,YEAR,2010,,,,,,,,,160 [130-200],160,130,200,,2025-11-11T14:30:16Z,2010,2010-01-01,2010-12-31
3399334,TB_e_mort_exc_tbhiv_num,COUNTRY,FSM,WPR,Western Pacific,YEAR,2007,,,,,,,,,110 [74-150],110,74,150,,2025-11-11T14:30:16Z,2007,2007-01-01,2007-12-31
3399352,TB_e_mort_exc_tbhiv_num,COUNTRY,GRC,EUR,Europe,YEAR,2001,,,,,,,,,110 [110-120],110,110,120,,2025-11-11T14:30:16Z,2001,2001-01-01,2001-12-31
3399501,TB_e_mort_exc_tbhiv_num,COUNTRY,ARM,EUR,Europe,YEAR,2001,,,,,,,,,180 [150-220],180,150,220,,2025-11-11T14:30:16Z,2001,2001-01-01,2001-12-31
3399872,TB_e_mort_exc_tbhiv_num,COUNTRY,PRT,EUR,Europe,YEAR,2003,,,,,,,,,390 [370-420],390,370,420,,2025-11-11T14:30:16Z,2003,2003-01-01,2003-12-31
3408847,TB_e_mort_exc_tbhiv_num,COUNTRY,ESP,EUR,Europe,YEAR,2024,,,,,,,,,210 [200-210],210,200,210,,2025-11-11T14:30:16Z,2024,2024-01-01,2024-12-31
3413394,TB_e_mort_exc_tbhiv_num,COUNTRY,MLI,AFR,Africa,YEAR,2006,,,,,,,,,2200 [1200-3400],2200,1200,3400,,2025-11-11T14:30:16Z,2006,2006-01-01,2006-12-31
3423840,TB_e_mort_exc_tbhiv_num,COUNTRY,JAM,AMR,Americas,YEAR,2001,,,,,,,,,14 [12-15],14,12,15,,2025-11-11T14:30:16Z,2001,2001-01-01,2001-12-31
3427566,TB_e_mort_exc_tbhiv_num,COUNTRY,GUY,AMR,Americas,YEAR,2019,,,,,,,,,92 [81-100],92,81,100,,2025-11-11T14:30:16Z,2019,2019-01-01,2019-12-31
3443006,TB_e_mort_exc_tbhiv_num,COUNTRY,BHR,EMR,Eastern Mediterranean,YEAR,2018,,,,,,,,,8 [7-8],8,7,8,,2025-11-11T14:30:16Z,2018,2018-01-01,2018-12-31
3451945,TB_e_mort_exc_tbhiv_num,COUNTRY,CAN,AMR,Americas,YEAR,2023,,,,,,,,,82 [78-85],82,78,85,,2025-11-11T14:30:16Z,2023,2023-01-01,2023-12-31
3463528,TB_e_mort_exc_tbhiv_num,COUNTRY,CRI,AMR,Americas,YEAR,2021,,,,,,,,,38 [31-44],38,31,44,,2025-11-11T14:30:16Z,2021,2021-01-01,2021-12-31
3465122,TB_e_mort_exc_tbhiv_num,COUNTRY,TJK,EUR,Europe,YEAR,2009,,,,,,,,,830 [760-910],830,760,910,,2025-11-11T14:30:16Z,2009,2009-01-01,2009-12-31
3465802,TB_e_mort_exc_tbhiv_num,COUNTRY,SVK,EUR,Europe,YEAR,2004,,,,,,,,,52 [52-53],52,52,53,,2025-11-11T14:30:16Z,2004,2004-01-01,2004-12-31
3468587,TB_e_mort_exc_tbhiv_num,COUNTRY,SSD,AFR,Africa,YEAR,2016,,,,,,,,,12 000 [5000-21 000],12000,5000,21000,,2025-11-11T14:30:16Z,2016,2016-01-01,2016-12-31
3470598,TB_e_mort_exc_tbhiv_num,COUNTRY,KEN,AFR,Africa,YEAR,2011,,,,,,,,,33 000 [19 000-52 000],33000,19000,52000,,2025-11-11T14:30:16Z,2011,2011-01-01,2011-12-31
3474741,TB_e_mort_exc_tbhiv_num,COUNTRY,HUN,EUR,Europe,YEAR,2015,,,,,,,,,110 [110-110],110,110,110,,2025-11-11T14:30:16Z,2015,2015-01-01,2015-12-31
3476718,TB_e_mort_exc_tbhiv_num,COUNTRY,LAO,WPR,Western Pacific,YEAR,2010,,,,,,,,,4300 [2600-6600],4300,2600,6600,,2025-11-11T14:30:16Z,2010,2010-01-01,2010-12-31
3477436,TB_e_mort_exc_tbhiv_num,COUNTRY,GMB,AFR,Africa,YEAR,2002,,,,,,,,,350 [220-520],350,220,520,,2025-11-11T14:30:16Z,2002,2002-01-01,2002-12-31
3484806,TB_e_mort_exc_tbhiv_num,COUNTRY,RWA,AFR,Africa,YEAR,2002,,,,,,,,,490 [260-800],490,260,800,,2025-11-11T14:30:16Z,2002,2002-01-01,2002-12-31
3487025,TB_e_mort_exc_tbhiv_num,COUNTRY,VNM,WPR,Western Pacific,YEAR,2019,,,,,,,,,9500 [5900-14 000],9500,5900,14000,,2025-11-11T14:30:16Z,2019,2019-01-01,2019-12-31
3508340,TB_e_mort_exc_tbhiv_num,WORLDBANKINCOMEGROUP,WB_LI,,,YEAR,2017,,,,,,,,,208 000 [147 000-278 000],208000,147000,278000,,2025-11-11T14:30:16Z,2017,2017-01-01,2017-12-31
3512794,TB_e_mort_exc_tbhiv_num,COUNTRY,AZE,EUR,Europe,YEAR,2010,,,,,,,,,810 [760-870],810,760,870,,2025-11-11T14:30:16Z,2010,2010-01-01,2010-12-31
3514213,TB_e_mort_exc_tbhiv_num,COUNTRY,AUT,EUR,Europe,YEAR,2006,,,,,,,,,57 [56-57],57,56,57,,2025-11-11T14:30:16Z,2006,2006-01-01,2006-12-31
3515753,TB_e_mort_exc_tbhiv_num,COUNTRY,BLZ,AMR,Americas,YEAR,2020,,,,,,,,,3 [0-10],3,0,10,,2025-11-11T14:30:16Z,2020,2020-01-01,2020-12-31
3522824,TB_e_mort_exc_tbhiv_num,COUNTRY,DEU,EUR,Europe,YEAR,2020,,,,,,,,,290 [280-300],290,280,300,,2025-11-11T14:30:16Z,2020,2020-01-01,2020-12-31
3525569,TB_e_mort_exc_tbhiv_num,COUNTRY,CHE,EUR,Europe,YEAR,2007,,,,,,,,,28 [28-29],28,28,29,,2025-11-11T14:30:16Z,2007,2007-01-01,2007-12-31
3525672,TB_e_mort_exc_tbhiv_num,COUNTRY,SSD,AFR,Africa,YEAR,2023,,,,,,,,,5800 [2700-10 000],5800,2700,10000,,2025-11-11T14:30:16Z,2023,2023-01-01,2023-12-31
3534750,TB_e_mort_exc_tbhiv_num,COUNTRY,HUN,EUR,Europe,YEAR,2020,,,,,,,,,55 [55-55],55,55,55,,2025-11-11T14:30:16Z,2020,2020-01-01,2020-12-31
3539668,TB_e_mort_exc_tbhiv_num,COUNTRY,CPV,AFR,Africa,YEAR,2013,,,,,,,,,22 [19-25],22,19,25,,2025-11-11T14:30:16Z,2013,2013-01-01,2013-12-31
3541282,TB_e_mort_exc_tbhiv_num,COUNTRY,AFG,EMR,Eastern Mediterranean,YEAR,2023,,,,,,,,,14 000 [9700-19 000],14000,9700,19000,,2025-11-11T14:30:16Z,2023,2023-01-01,2023-12-31
3545888,TB_e_mort_exc_tbhiv_num,COUNTRY,MHL,WPR,Western Pacific,YEAR,2016,,,,,,,,,62 [43-84],62,43,84,,2025-11-11T14:30:16Z,2016,2016-01-01,2016-12-31
3546205,TB_e_mort_exc_tbhiv_num,WORLDBANKINCOMEGROUP,WB_LMI,,,YEAR,2024,,,,,,,,,669 000 [588 000-756 000],669000,588000,756000,,2025-11-11T14:30:16Z,2024,2024-01-01,2024-12-31
3546305,TB_e_mort_exc_tbhiv_num,COUNTRY,BLR,EUR,Europe,YEAR,2009,,,,,,,,,900 [820-990],900,820,990,,2025-11-11T14:30:16Z,2009,2009-01-01,2009-12-31
3550878,TB_e_mort_exc_tbhiv_num,COUNTRY,NPL,SEAR,South-East Asia,YEAR,2023,,,,,,,,,16 000 [8400-26 000],16000,8400,26000,,2025-11-11T14:30:16Z,2023,2023-01-01,2023-12-31
3551431,TB_e_mort_exc_tbhiv_num,COUNTRY,LVA,EUR,Europe,YEAR,2015,,,,,,,,,99 [97-100],99,97,100,,2025-11-11T14:30:16Z,2015,2015-01-01,2015-12-31
3560190,TB_e_mort_exc_tbhiv_num,COUNTRY,UKR,EUR,Europe,YEAR,2018,,,,,,,,,4100 [3900-4300],4100,3900,4300,,2025-11-11T14:30:16Z,2018,2018-01-01,2018-12-31
3560671,TB_e_mort_exc_tbhiv_num,COUNTRY,NIC,AMR,Americas,YEAR,2007,,,,,,,,,170 [160-180],170,160,180,,2025-11-11T14:30:16Z,2007,2007-01-01,2007-12-31
3571852,TB_e_mort_exc_tbhiv_num,COUNTRY,NLD,EUR,Europe,YEAR,2013,,,,,,,,,40 [39-40],40,39,40,,2025-11-11T14:30:16Z,2013,2013-01-01,2013-12-31
3573213,TB_e_mort_exc_tbhiv_num,COUNTRY,BRA,AMR,Americas,YEAR,2000,,,,,,,,,7300 [6500-8200],7300,6500,8200,,2025-11-11T14:30:16Z,2000,2000-01-01,2000-12-31
3577405,TB_e_mort_exc_tbhiv_num,COUNTRY,CPV,AFR,Africa,YEAR,2024,,,,,,,,,24 [15-35],24,15,35,,2025-11-11T14:30:16Z,2024,2024-01-01,2024-12-31
3579613,TB_e_mort_exc_tbhiv_num,COUNTRY,DJI,EMR,Eastern Mediterranean,YEAR,2008,,,,,,,,,3400 [2300-4600],3400,2300,4600,,2025-11-11T14:30:16Z,2008,2008-01-01,2008-12-31
3579817,TB_e_mort_exc_tbhiv_num,COUNTRY,KEN,AFR,Africa,YEAR,2021,,,,,,,,,21 000 [12 000-33 000],21000,12000,33000,,2025-11-11T14:30:16Z,2021,2021-01-01,2021-12-31
3582033,TB_e_mort_exc_tbhiv_num,COUNTRY,KEN,AFR,Africa,YEAR,2019,,,,,,,,,19 000 [11 000-30 000],19000,11000,30000,,2025-11-11T14:30:16Z,2019,2019-01-01,2019-12-31
3585622,TB_e_mort_exc_tbhiv_num,COUNTRY,ZWE,AFR,Africa,YEAR,2002,,,,,,,,,2900 [1200-5400],2900,1200,5400,,2025-11-11T14:30:16Z,2002,2002-01-01,2002-12-31
3597999,TB_e_mort_exc_tbhiv_num,COUNTRY,MOZ,AFR,Africa,YEAR,2024,,,,,,,,,8500 [4600-14 000],8500,4600,14000,,2025-11-11T14:30:16Z,2024,2024-01-01,2024-12-31
3601204,TB_e_mort_exc_tbhiv_num,COUNTRY,ROU,EUR,Europe,YEAR,2000,,,,,,,,,2100 [2100-2100],2100,2100,2100,,2025-11-11T14:30:16Z,2000,2000-01-01,2000-12-31
3601823,TB_e_mort_exc_tbhiv_num,COUNTRY,MMR,SEAR,South-East Asia,YEAR,2014,,,,,,,,,31 000 [18 000-49 000],31000,18000,49000,,2025-11-11T14:30:16Z,2014,2014-01-01,2014-12-31
3607718,TB_e_mort_exc_tbhiv_num,COUNTRY,BHR,EMR,Eastern Mediterranean,YEAR,2006,,,,,,,,,5 [5-6],5,5,6,,2025-11-11T14:30:16Z,2006,2006-01-01,2006-12-31
3614702,TB_e_mort_exc_tbhiv_num,COUNTRY,DEU,EUR,Europe,YEAR,2012,,,,,,,,,360 [350-360],360,350,360,,2025-11-11T14:30:16Z,2012,2012-01-01,2012-12-31
3615982,TB_e_mort_exc_tbhiv_num,COUNTRY,ERI,AFR,Africa,YEAR,2010,,,,,,,,,1800 [1200-2500],1800,1200,2500,,2025-11-11T14:30:16Z,2010,2010-01-01,2010-12-31
3616547,TB_e_mort_exc_tbhiv_num,COUNTRY,VEN,AMR,Americas,YEAR,2024,,,,,,,,,700 [520-910],700,520,910,,2025-11-11T14:30:16Z,2024,2024-01-01,2024-12-31
3616616,TB_e_mort_exc_tbhiv_num,COUNTRY,COL,AMR,Americas,YEAR,2003,,,,,,,,,1400 [1300-1400],1400,1300,1400,,2025-11-11T14:30:16Z,2003,2003-01-01,2003-12-31
3617598,TB_e_mort_exc_tbhiv_num,REGION,WPR,,,YEAR,2023,,,,,,,,,221 000 [203 000-240 000],221000,203000,240000,,2025-11-11T14:30:16Z,2023,2023-01-01,2023-12-31
3628074,TB_e_mort_exc_tbhiv_num,COUNTRY,BEL,EUR,Europe,YEAR,2019,,,,,,,,,61 [58-63],61,58,63,,2025-11-11T14:30:16Z,2019,2019-01-01,2019-12-31
3634833,TB_e_mort_exc_tbhiv_num,COUNTRY,HTI,AMR,Americas,YEAR,2010,,,,,,,,,980 [690-1300],980,690,1300,,2025-11-11T14:30:16Z,2010,2010-01-01,2010-12-31
3640482,TB_e_mort_exc_tbhiv_num,COUNTRY,SWE,EUR,Europe,YEAR,2014,,,,,,,,,30 [29-31],30,29,31,,2025-11-11T14:30:16Z,2014,2014-01-01,2014-12-31
3640767,TB_e_mort_exc_tbhiv_num,COUNTRY,BEN,AFR,Africa,YEAR,2021,,,,,,,,,1000 [380-1900],1000,380,1900,,2025-11-11T14:30:16Z,2021,2021-01-01,2021-12-31
3647641,TB_e_mort_exc_tbhiv_num,COUNTRY,SWZ,AFR,Africa,YEAR,2013,,,,,,,,,580 [330-880],580,330,880,,2025-11-11T14:30:16Z,2013,2013-01-01,2013-12-31
3652123,TB_e_mort_exc_tbhiv_num,COUNTRY,BGR,EUR,Europe,YEAR,2014,,,,,,,,,140 [130-140],140,130,140,,2025-11-11T14:30:16Z,2014,2014-01-01,2014-12-31
3653109,TB_e_mort_exc_tbhiv_num,COUNTRY,IND,SEAR,South-East Asia,YEAR,2023,,,,,,,,,307 000 [240 000-383 000],307000,240000,383000,,2025-11-11T14:30:16Z,2023,2023-01-01,2023-12-31
3655509,TB_e_mort_exc_tbhiv_num,COUNTRY,PER,AMR,Americas,YEAR,2006,,,,,,,,,2200 [1800-2600],2200,1800,2600,,2025-11-11T14:30:16Z,2006,2006-01-01,2006-12-31
3658902,TB_e_mort_exc_tbhiv_num,COUNTRY,CRI,AMR,Americas,YEAR,2009,,,,,,,,,42 [42-43],42,42,43,,2025-11-11T14:30:16Z,2009,2009-01-01,2009-12-31
3664906,TB_e_mort_exc_tbhiv_num,COUNTRY,BIH,EUR,Europe,YEAR,2013,,,,,,,,,150 [140-160],150,140,160,,2025-11-11T14:30:16Z,2013,2013-01-01,2013-12-31
3666594,TB_e_mort_exc_tbhiv_num,COUNTRY,GEO,EUR,Europe,YEAR,2005,,,,,,,,,230 [210-250],230,210,250,,2025-11-11T14:30:16Z,2005,2005-01-01,2005-12-31
3671989,TB_e_mort_exc_tbhiv_num,WORLDBANKINCOMEGROUP,WB_UMI,,,YEAR,2018,,,,,,,,,190 000 [183 000-198 000],190000,183000,198000,,2025-11-11T14:30:16Z,2018,2018-01-01,2018-12-31
3673327,TB_e_mort_exc_tbhiv_num,COUNTRY,TUN,EMR,Eastern Mediterranean,YEAR,2011,,,,,,,,,160 [130-200],160,130,200,,2025-11-11T14:30:16Z,2011,2011-01-01,2011-12-31
3673366,TB_e_mort_exc_tbhiv_num,COUNTRY,ARE,EMR,Eastern Mediterranean,YEAR,2023,,,,,,,,,72 [41-110],72,41,110,,2025-11-11T14:30:16Z,2023,2023-01-01,2023-12-31
3679781,TB_e_mort_exc_tbhiv_num,COUNTRY,NOR,EUR,Europe,YEAR,2010,,,,,,,,,29 [28-29],29,28,29,,2025-11-11T14:30:16Z,2010,2010-01-01,2010-12-31
3684251,TB_e_mort_exc_tbhiv_num,COUNTRY,TTO,AMR,Americas,YEAR,2010,,,,,,,,,19 [19-20],19,19,20,,2025-11-11T14:30:16Z,2010,2010-01-01,2010-12-31
3685329,TB_e_mort_exc_tbhiv_num,COUNTRY,BEL,EUR,Europe,YEAR,2024,,,,,,,,,34 [32-35],34,32,35,,2025-11-11T14:30:16Z,2024,2024-01-01,2024-12-31
3685769,TB_e_mort_exc_tbhiv_num,COUNTRY,BEL,EUR,Europe,YEAR,2003,,,,,,,,,95 [94-97],95,94,97,,2025-11-11T14:30:16Z,2003,2003-01-01,2003-12-31
3687050,TB_e_mort_exc_tbhiv_num,COUNTRY,MWI,AFR,Africa,YEAR,2006,,,,,,,,,3600 [1800-6000],3600,1800,6000,,2025-11-11T14:30:16Z,2006,2006-01-01,2006-12-31
3689497,TB_e_mort_exc_tbhiv_num,COUNTRY,PRY,AMR,Americas,YEAR,2005,,,,,,,,,250 [220-280],250,220,280,,2025-11-11T14:30:16Z,2005,2005-01-01,2005-12-31
3692833,TB_e_mort_exc_tbhiv_num,COUNTRY,LTU,EUR,Europe,YEAR,2005,,,,,,,,,390 [380-400],390,380,400,,2025-11-11T14:30:16Z,2005,2005-01-01,2005-12-31
3692974,TB_e_mort_exc_tbhiv_num,COUNTRY,ESP,EUR,Europe,YEAR,2017,,,,,,,,,250 [240-250],250,240,250,,2025-11-11T14:30:16Z,2017,2017-01-01,2017-12-31
3703650,TB_e_mort_exc_tbhiv_num,COUNTRY,BHR,EMR,Eastern Mediterranean,YEAR,2007,,,,,,,,,10 [9-11],10,9,11,,2025-11-11T14:30:16Z,2007,2007-01-01,2007-12-31
3709981,TB_e_mort_exc_tbhiv_num,WORLDBANKINCOMEGROUP,WB_UMI,,,YEAR,2017,,,,,,,,,194 000 [187 000-202 000],194000,187000,202000,,2025-11-11T14:30:16Z,2017,2017-01-01,2017-12-31
3714969,TB_e_mort_exc_tbhiv_num,COUNTRY,PHL,WPR,Western Pacific,YEAR,2003,,,,,,,,,35 000 [31 000-40 000],35000,31000,40000,,2025-11-11T14:30:16Z,2003,2003-01-01,2003-12-31
3716652,TB_e_mort_exc_tbhiv_num,COUNTRY,KGZ,EUR,Europe,YEAR,2007,,,,,,,,,680 [670-690],680,670,690,,2025-11-11T14:30:16Z,2007,2007-01-01,2007-12-31
3721904,TB_e_mort_exc_tbhiv_num,COUNTRY,DJI,EMR,Eastern Mediterranean,YEAR,2019,,,,,,,,,1100 [730-1400],1100,730,1400,,2025-11-11T14:30:16Z,2019,2019-01-01,2019-12-31
3727792,TB_e_mort_exc_tbhiv_num,COUNTRY,CUB,AMR,Americas,YEAR,2011,,,,,,,,,41 [41-41],41,41,41,,2025-11-11T14:30:16Z,2011,2011-01-01,2011-12-31
3729682,TB_e_mort_exc_tbhiv_num,COUNTRY,ZWE,AFR,Africa,YEAR,2007,,,,,,,,,4200 [1600-7900],4200,1600,7900,,2025-11-11T14:30:16Z,2007,2007-01-01,2007-12-31
3730445,TB_e_mort_exc_tbhiv_num,COUNTRY,CHE,EUR,Europe,YEAR,2012,,,,,,,,,23 [22-23],23,22,23,,2025-11-11T14:30:16Z,2012,2012-01-01,2012-12-31
3736245,TB_e_mort_exc_tbhiv_num,COUNTRY,EGY,EMR,Eastern Mediterranean,YEAR,2024,,,,,,,,,500 [450-550],500,450,550,,2025-11-11T14:30:16Z,2024,2024-01-01,2024-12-31
3746729,TB_e_mort_exc_tbhiv_num,COUNTRY,ZWE,AFR,Africa,YEAR,2009,,,,,,,,,1600 [1000-2300],1600,1000,2300,,2025-11-11T14:30:16Z,2009,2009-01-01,2009-12-31
3748366,TB_e_mort_exc_tbhiv_num,COUNTRY,CPV,AFR,Africa,YEAR,2023,,,,,,,,,24 [15-35],24,15,35,,2025-11-11T14:30:16Z,2023,2023-01-01,2023-12-31
3750063,TB_e_mort_exc_tbhiv_num,COUNTRY,SLV,AMR,Americas,YEAR,2018,,,,,,,,,100 [90-110],100,90,110,,2025-11-11T14:30:16Z,2018,2018-01-01,2018-12-31
3753490,TB_e_mort_exc_tbhiv_num,COUNTRY,DZA,AFR,Africa,YEAR,2019,,,,,,,,,3700 [2500-5100],3700,2500,5100,,2025-11-11T14:30:16Z,2019,2019-01-01,2019-12-31
3753893,TB_e_mort_exc_tbhiv_num,COUNTRY,BDI,AFR,Africa,YEAR,2008,,,,,,,,,2500 [1600-3500],2500,1600,3500,,2025-11-11T14:30:16Z,2008,2008-01-01,2008-12-31
3756188,TB_e_mort_exc_tbhiv_num,COUNTRY,LKA,SEAR,South-East Asia,YEAR,2016,,,,,,,,,760 [690-840],760,690,840,,2025-11-11T14:30:16Z,2016,2016-01-01,2016-12-31
3772380,TB_e_mort_exc_tbhiv_num,COUNTRY,KGZ,EUR,Europe,YEAR,2023,,,,,,,,,220 [180-270],220,180,270,,2025-11-11T14:30:16Z,2023,2023-01-01,2023-12-31
3774382,TB_e_mort_exc_tbhiv_num,COUNTRY,MYS,WPR,Western Pacific,YEAR,2013,,,,,,,,,1400 [760-2300],1400,760,2300,,2025-11-11T14:30:16Z,2013,2013-01-01,2013-12-31
3786428,TB_e_mort_exc_tbhiv_num,COUNTRY,MAR,EMR,Eastern Mediterranean,YEAR,2016,,,,,,,,,2600 [1500-4000],2600,1500,4000,,2025-11-11T14:30:16Z,2016,2016-01-01,2016-12-31
3792952,TB_e_mort_exc_tbhiv_num,COUNTRY,NLD,EUR,Europe,YEAR,2016,,,,,,,,,30 [30-31],30,30,31,,2025-11-11T14:30:16Z,2016,2016-01-01,2016-12-31
3797934,TB_e_mort_exc_tbhiv_num,COUNTRY,PER,AMR,Americas,YEAR,2015,,,,,,,,,1800 [1500-2000],1800,1500,2000,,2025-11-11T14:30:16Z,2015,2015-01-01,2015-12-31
3801321,TB_e_mort_exc_tbhiv_num,COUNTRY,UZB,EUR,Europe,YEAR,2000,,,,,,,,,5900 [4000-8200],5900,4000,8200,,2025-11-11T14:30:16Z,2000,2000-01-01,2000-12-31
3805188,TB_e_mort_exc_tbhiv_num,COUNTRY,NOR,EUR,Europe,YEAR,2006,,,,,,,,,40 [39-41],40,39,41,,2025-11-11T14:30:16Z,2006,2006-01-01,2006-12-31
3807937,TB_e_mort_exc_tbhiv_num,COUNTRY,VUT,WPR,Western Pacific,YEAR,2016,,,,,,,,,63 [43-87],63,43,87,,2025-11-11T14:30:16Z,2016,2016-01-01,2016-12-31
3810546,TB_e_mort_exc_tbhiv_num,COUNTRY,EST,EUR,Europe,YEAR,2016,,,,,,,,,28 [27-29],28,27,29,,2025-11-11T14:30:16Z,2016,2016-01-01,2016-12-31
3810862,TB_e_mort_exc_tbhiv_num,COUNTRY,HUN,EUR,Europe,YEAR,2002,,,,,,,,,320 [320-320],320,320,320,,2025-11-11T14:30:16Z,2002,2002-01-01,2002-12-31
3810873,TB_e_mort_exc_tbhiv_num,COUNTRY,LBN,EMR,Eastern Mediterranean,YEAR,2019,,,,,,,,,140 [97-200],140,97,200,,2025-11-11T14:30:16Z,2019,2019-01-01,2019-12-31
3811087,TB_e_mort_exc_tbhiv_num,COUNTRY,VUT,WPR,Western Pacific,YEAR,2007,,,,,,,,,100 [77-130],100,77,130,,2025-11-11T14:30:16Z,2007,2007-01-01,2007-12-31
3813037,TB_e_mort_exc_tbhiv_num,COUNTRY,VEN,AMR,Americas,YEAR,2018,,,,,,,,,710 [710-710],710,710,710,,2025-11-11T14:30:16Z,2018,2018-01-01,2018-12-31
3823163,TB_e_mort_exc_tbhiv_num,COUNTRY,PAK,EMR,Eastern Mediterranean,YEAR,2005,,,,,,,,,56 000 [50 000-63 000],56000,50000,63000,,2025-11-11T14:30:16Z,2005,2005-01-01,2005-12-31
3823747,TB_e_mort_exc_tbhiv_num,COUNTRY,LBR,AFR,Africa,YEAR,2012,,,,,,,,,2200 [1500-3100],2200,1500,3100,,2025-11-11T14:30:16Z,2012,2012-01-01,2012-12-31
3825697,TB_e_mort_exc_tbhiv_num,COUNTRY,DNK,EUR,Europe,YEAR,2022,,,,,,,,,10 [9-10],10,9,10,,2025-11-11T14:30:16Z,2022,2022-01-01,2022-12-31
3830657,TB_e_mort_exc_tbhiv_num,COUNTRY,IRN,EMR,Eastern Mediterranean,YEAR,2016,,,,,,,,,780 [760-790],780,760,790,,2025-11-11T14:30:16Z,2016,2016-01-01,2016-12-31
3831050,TB_e_mort_exc_tbhiv_num,COUNTRY,LBR,AFR,Africa,YEAR,2021,,,,,,,,,2100 [1400-2800],2100,1400,2800,,2025-11-11T14:30:16Z,2021,2021-01-01,2021-12-31
3837874,TB_e_mort_exc_tbhiv_num,COUNTRY,MEX,AMR,Americas,YEAR,2022,,,,,,,,,3500 [2900-4200],3500,2900,4200,,2025-11-11T14:30:16Z,2022,2022-01-01,2022-12-31
3837999,TB_e_mort_exc_tbhiv_num,COUNTRY,YEM,EMR,Eastern Mediterranean,YEAR,2001,,,,,,,,,3600 [2600-4800],3600,2600,4800,,2025-11-11T14:30:16Z,2001,2001-01-01,2001-12-31
3838201,TB_e_mort_exc_tbhiv_num,COUNTRY,SWE,EUR,Europe,YEAR,2010,,,,,,,,,36 [35-37],36,35,37,,2025-11-11T14:30:16Z,2010,2010-01-01,2010-12-31
3844221,TB_e_mort_exc_tbhiv_num,COUNTRY,PRY,AMR,Americas,YEAR,2000,,,,,,,,,300 [140-500],300,140,500,,2025-11-11T14:30:16Z,2000,2000-01-01,2000-12-31
3844473,TB_e_mort_exc_tbhiv_num,COUNTRY,IND,SEAR,South-East Asia,YEAR,2005,,,,,,,,,598 000 [449 000-769 000],598000,449000,769000,,2025-11-11T14:30:16Z,2005,2005-01-01,2005-12-31
3845331,TB_e_mort_exc_tbhiv_num,COUNTRY,SEN,AFR,Africa,YEAR,2014,,,,,,,,,4600 [3200-6300],4600,3200,6300,,2025-11-11T14:30:16Z,2014,2014-01-01,2014-12-31
3848726,TB_e_mort_exc_tbhiv_num,COUNTRY,AUS,WPR,Western Pacific,YEAR,2012,,,,,,,,,35 [35-35],35,35,35,,2025-11-11T14:30:16Z,2012,2012-01-01,2012-12-31
3850178,TB_e_mort_exc_tbhiv_num,COUNTRY,CHN,WPR,Western Pacific,YEAR,2009,,,,,,,,,54 000 [49 000-60 000],54000,49000,60000,,2025-11-11T14:30:16Z,2009,2009-01-01,2009-12-31
3850407,TB_e_mort_exc_tbhiv_num,COUNTRY,MOZ,AFR,Africa,YEAR,2014,,,,,,,,,8300 [4700-13 000],8300,4700,13000,,2025-11-11T14:30:16Z,2014,2014-01-01,2014-12-31
3867558,TB_e_mort_exc_tbhiv_num,COUNTRY,LTU,EUR,Europe,YEAR,2022,,,,,,,,,110 [100-120],110,100,120,,2025-11-11T14:30:16Z,2022,2022-01-01,2022-12-31
3868217,TB_e_mort_exc_tbhiv_num,COUNTRY,PAK,EMR,Eastern Mediterranean,YEAR,2018,,,,,,,,,46 000 [37 000-56 000],46000,37000,56000,,2025-11-11T14:30:16Z,2018,2018-01-01,2018-12-31
3869088,TB_e_mort_exc_tbhiv_num,COUNTRY,KAZ,EUR,Europe,YEAR,2008,,,,,,,,,2800 [2700-2900],2800,2700,2900,,2025-11-11T14:30:16Z,2008,2008-01-01,2008-12-31
3869407,TB_e_mort_exc_tbhiv_num,COUNTRY,IRQ,EMR,Eastern Mediterranean,YEAR,2017,,,,,,,,,940 [850-1000],940,850,1000,,2025-11-11T14:30:16Z,2017,2017-01-01,2017-12-31
3869621,TB_e_mort_exc_tbhiv_num,WORLDBANKINCOMEGROUP,WB_UMI,,,YEAR,2021,,,,,,,,,221 000 [206 000-236 000],221000,206000,236000,,2025-11-11T14:30:16Z,2021,2021-01-01,2021-12-31
3870395,TB_e_mort_exc_tbhiv_num,COUNTRY,DJI,EMR,Eastern Mediterranean,YEAR,2022,,,,,,,,,1400 [930-1800],1400,930,1800,,2025-11-11T14:30:16Z,2022,2022-01-01,2022-12-31
3870850,TB_e_mort_exc_tbhiv_num,COUNTRY,JPN,WPR,Western Pacific,YEAR,2001,,,,,,,,,4800 [4700-4900],4800,4700,4900,,2025-11-11T14:30:16Z,2001,2001-01-01,2001-12-31
3871198,TB_e_mort_exc_tbhiv_num,COUNTRY,AUT,EUR,Europe,YEAR,2019,,,,,,,,,40 [40-41],40,40,41,,2025-11-11T14:30:16Z,2019,2019-01-01,2019-12-31
3877347,TB_e_mort_exc_tbhiv_num,COUNTRY,TUN,EMR,Eastern Mediterranean,YEAR,2012,,,,,,,,,160 [130-200],160,130,200,,2025-11-11T14:30:16Z,2012,2012-01-01,2012-12-31
3881821,TB_e_mort_exc_tbhiv_num,COUNTRY,QAT,EMR,Eastern Mediterranean,YEAR,2005,,,,,,,,,3 [3-4],3,3,4,,2025-11-11T14:30:16Z,2005,2005-01-01,2005-12-31
3882358,TB_e_mort_exc_tbhiv_num,COUNTRY,MHL,WPR,Western Pacific,YEAR,2017,,,,,,,,,67 [47-92],67,47,92,,2025-11-11T14:30:16Z,2017,2017-01-01,2017-12-31
3882891,TB_e_mort_exc_tbhiv_num,REGION,AMR,,,YEAR,2010,,,,,,,,,20 000 [19 000-20 000],20000,19000,20000,,2025-11-11T14:30:16Z,2010,2010-01-01,2010-12-31
3883315,TB_e_mort_exc_tbhiv_num,COUNTRY,AFG,EMR,Eastern Mediterranean,YEAR,2007,,,,,,,,,15 000 [11 000-20 000],15000,11000,20000,,2025-11-11T14:30:16Z,2007,2007-01-01,2007-12-31
3887073,TB_e_mort_exc_tbhiv_num,COUNTRY,TKM,EUR,Europe,YEAR,2010,,,,,,,,,860 [690-1000],860,690,1000,,2025-11-11T14:30:16Z,2010,2010-01-01,2010-12-31
3887801,TB_e_mort_exc_tbhiv_num,COUNTRY,BHS,AMR,Americas,YEAR,2018,,,,,,,,,2 [2-2],2,2,2,,2025-11-11T14:30:16Z,2018,2018-01-01,2018-12-31
3894995,TB_e_mort_exc_tbhiv_num,COUNTRY,GAB,AFR,Africa,YEAR,2016,,,,,,,,,1300 [840-2000],1300,840,2000,,2025-11-11T14:30:16Z,2016,2016-01-01,2016-12-31
3895701,TB_e_mort_exc_tbhiv_num,COUNTRY,COG,AFR,Africa,YEAR,2008,,,,,,,,,2500 [1700-3500],2500,1700,3500,,2025-11-11T14:30:16Z,2008,2008-01-01,2008-12-31
3900031,TB_e_mort_exc_tbhiv_num,COUNTRY,HRV,EUR,Europe,YEAR,2015,,,,,,,,,46 [46-47],46,46,47,,2025-11-11T14:30:16Z,2015,2015-01-01,2015-12-31
3902304,TB_e_mort_exc_tbhiv_num,COUNTRY,SVN,EUR,Europe,YEAR,2004,,,,,,,,,12 [12-12],12,12,12,,2025-11-11T14:30:16Z,2004,2004-01-01,2004-12-31
3906796,TB_e_mort_exc_tbhiv_num,COUNTRY,MLI,AFR,Africa,YEAR,2019,,,,,,,,,2200 [1100-3700],2200,1100,3700,,2025-11-11T14:30:16Z,2019,2019-01-01,2019-12-31
3906923,TB_e_mort_exc_tbhiv_num,COUNTRY,PRI,AMR,Americas,YEAR,2010,,,,,,,,,11 [11-12],11,11,12,,2025-11-11T14:30:16Z,2010,2010-01-01,2010-12-31
3907785,TB_e_mort_exc_tbhiv_num,COUNTRY,VEN,AMR,Americas,YEAR,2013,,,,,,,,,700 [700-700],700,700,700,,2025-11-11T14:30:16Z,2013,2013-01-01,2013-12-31
3907826,TB_e_mort_exc_tbhiv_num,COUNTRY,KGZ,EUR,Europe,YEAR,2008,,,,,,,,,620 [590-660],620,590,660,,2025-11-11T14:30:16Z,2008,2008-01-01,2008-12-31
3908864,TB_e_mort_exc_tbhiv_num,COUNTRY,TUR,EUR,Europe,YEAR,2021,,,,,,,,,310 [300-320],310,300,320,,2025-11-11T14:30:16Z,2021,2021-01-01,2021-12-31
3913925,TB_e_mort_exc_tbhiv_num,COUNTRY,COG,AFR,Africa,YEAR,2002,,,,,,,,,2000 [1300-2800],2000,1300,2800,,2025-11-11T14:30:16Z,2002,2002-01-01,2002-12-31
3914005,TB_e_mort_exc_tbhiv_num,COUNTRY,GRC,EUR,Europe,YEAR,2003,,,,,,,,,120 [110-120],120,110,120,,2025-11-11T14:30:16Z,2003,2003-01-01,2003-12-31
3918308,TB_e_mort_exc_tbhiv_num,COUNTRY,DEU,EUR,Europe,YEAR,2002,,,,,,,,,510 [500-520],510,500,520,,2025-11-11T14:30:16Z,2002,2002-01-01,2002-12-31
3925103,TB_e_mort_exc_tbhiv_num,REGION,AFR,,,YEAR,2010,,,,,,,,,443 000 [366 000-528 000],443000,366000,528000,,2025-11-11T14:30:16Z,2010,2010-01-01,2010-12-31
3928224,TB_e_mort_exc_tbhiv_num,COUNTRY,ZMB,AFR,Africa,YEAR,2020,,,,,,,,,6200 [3700-9300],6200,3700,9300,,2025-11-11T14:30:16Z,2020,2020-01-01,2020-12-31
3936982,TB_e_mort_exc_tbhiv_num,COUNTRY,PHL,WPR,Western Pacific,YEAR,2006,,,,,,,,,34 000 [30 000-38 000],34000,30000,38000,,2025-11-11T14:30:16Z,2006,2006-01-01,2006-12-31
3938455,TB_e_mort_exc_tbhiv_num,REGION,AFR,,,YEAR,2004,,,,,,,,,446 000 [365 000-534 000],446000,365000,534000,,2025-11-11T14:30:16Z,2004,2004-01-01,2004-12-31
3944822,TB_e_mort_exc_tbhiv_num,COUNTRY,ARG,AMR,Americas,YEAR,2015,,,,,,,,,660 [630-680],660,630,680,,2025-11-11T14:30:16Z,2015,2015-01-01,2015-12-31
3949516,TB_e_mort_exc_tbhiv_num,COUNTRY,HUN,EUR,Europe,YEAR,2023,,,,,,,,,76 [69-84],76,69,84,,2025-11-11T14:30:16Z,2023,2023-01-01,2023-12-31
3950716,TB_e_mort_exc_tbhiv_num,COUNTRY,POL,EUR,Europe,YEAR,2000,,,,,,,,,1200 [1200-1300],1200,1200,1300,,2025-11-11T14:30:16Z,2000,2000-01-01,2000-12-31
3951689,TB_e_mort_exc_tbhiv_num,COUNTRY,BDI,AFR,Africa,YEAR,2004,,,,,,,,,2300 [1500-3400],2300,1500,3400,,2025-11-11T14:30:16Z,2004,2004-01-01,2004-12-31
3951705,TB_e_mort_exc_tbhiv_num,COUNTRY,MNG,WPR,Western Pacific,YEAR,2020,,,,,,,,,330 [290-370],330,290,370,,2025-11-11T14:30:16Z,2020,2020-01-01,2020-12-31
3953305,TB_e_mort_exc_tbhiv_num,COUNTRY,GIN,AFR,Africa,YEAR,2004,,,,,,,,,2700 [1800-3800],2700,1800,3800,,2025-11-11T14:30:16Z,2004,2004-01-01,2004-12-31
3957176,TB_e_mort_exc_tbhiv_num,COUNTRY,BGD,SEAR,South-East Asia,YEAR,2002,,,,,,,,,97 000 [62 000-140 000],97000,62000,140000,,2025-11-11T14:30:16Z,2002,2002-01-01,2002-12-31
3958949,TB_e_mort_exc_tbhiv_num,COUNTRY,LTU,EUR,Europe,YEAR,2023,,,,,,,,,130 [100-150],130,100,150,,2025-11-11T14:30:16Z,2023,2023-01-01,2023-12-31
3963814,TB_e_mort_exc_tbhiv_num,COUNTRY,LSO,AFR,Africa,YEAR,2002,,,,,,,,,1500 [530-2900],1500,530,2900,,2025-11-11T14:30:16Z,2002,2002-01-01,2002-12-31
3964104,TB_e_mort_exc_tbhiv_num,COUNTRY,SDN,EMR,Eastern Mediterranean,YEAR,2005,,,,,,,,,12 000 [6300-21 000],12000,6300,21000,,2025-11-11T14:30:16Z,2005,2005-01-01,2005-12-31
3965093,TB_e_mort_exc_tbhiv_num,COUNTRY,DNK,EUR,Europe,YEAR,2014,,,,,,,,,13 [13-14],13,13,14,,2025-11-11T14:30:16Z,2014,2014-01-01,2014-12-31
3966158,TB_e_mort_exc_tbhiv_num,COUNTRY,LBN,EMR,Eastern Mediterranean,YEAR,2015,,,,,,,,,140 [98-200],140,98,200,,2025-11-11T14:30:16Z,2015,2015-01-01,2015-12-31
3969516,TB_e_mort_exc_tbhiv_num,COUNTRY,LBN,EMR,Eastern Mediterranean,YEAR,2024,,,,,,,,,100 [71-140],100,71,140,,2025-11-11T14:30:16Z,2024,2024-01-01,2024-12-31
3969814,TB_e_mort_exc_tbhiv_num,COUNTRY,MRT,AFR,Africa,YEAR,2008,,,,,,,,,1100 [780-1500],1100,780,1500,,2025-11-11T14:30:16Z,2008,2008-01-01,2008-12-31
3970248,TB_e_mort_exc_tbhiv_num,COUNTRY,TJK,EUR,Europe,YEAR,2012,,,,,,,,,810 [740-880],810,740,880,,2025-11-11T14:30:16Z,2012,2012-01-01,2012-12-31
3972113,TB_e_mort_exc_tbhiv_num,COUNTRY,TTO,AMR,Americas,YEAR,2001,,,,,,,,,15 [15-15],15,15,15,,2025-11-11T14:30:16Z,2001,2001-01-01,2001-12-31
3978268,TB_e_mort_exc_tbhiv_num,COUNTRY,YEM,EMR,Eastern Mediterranean,YEAR,2009,,,,,,,,,2200 [1600-3000],2200,1600,3000,,2025-11-11T14:30:16Z,2009,2009-01-01,2009-12-31
3982271,TB_e_mort_exc_tbhiv_num,REGION,AMR,,,YEAR,2016,,,,,,,,,18 000 [17 000-19 000],18000,17000,19000,,2025-11-11T14:30:16Z,2016,2016-01-01,2016-12-31
3982401,TB_e_mort_exc_tbhiv_num,COUNTRY,BHR,EMR,Eastern Mediterranean,YEAR,2004,,,,,,,,,10 [9-12],10,9,12,,2025-11-11T14:30:16Z,2004,2004-01-01,2004-12-31
3991166,TB_e_mort_exc_tbhiv_num,COUNTRY,BEN,AFR,Africa,YEAR,2010,,,,,,,,,1500 [890-2400],1500,890,2400,,2025-11-11T14:30:16Z,2010,2010-01-01,2010-12-31
3993961,TB_e_mort_exc_tbhiv_num,COUNTRY,KOR,WPR,Western Pacific,YEAR,2002,,,,,,,,,3900 [3700-4100],3900,3700,4100,,2025-11-11T14:30:16Z,2002,2002-01-01,2002-12-31
4001612,TB_e_mort_exc_tbhiv_num,COUNTRY,ROU,EUR,Europe,YEAR,2005,,,,,,,,,1700 [1700-1700],1700,1700,1700,,2025-11-11T14:30:16Z,2005,2005-01-01,2005-12-31
4007008,TB_e_mort_exc_tbhiv_num,COUNTRY,BEN,AFR,Africa,YEAR,2019,,,,,,,,,890 [410-1600],890,410,1600,,2025-11-11T14:30:16Z,2019,2019-01-01,2019-12-31
4007082,TB_e_mort_exc_tbhiv_num,COUNTRY,LBN,EMR,Eastern Mediterranean,YEAR,2023,,,,,,,,,98 [67-140],98,67,140,,2025-11-11T14:30:16Z,2023,2023-01-01,2023-12-31
4007250,TB_e_mort_exc_tbhiv_num,COUNTRY,DEU,EUR,Europe,YEAR,2010,,,,,,,,,350 [350-360],350,350,360,,2025-11-11T14:30:16Z,2010,2010-01-01,2010-12-31
4015707,TB_e_mort_exc_tbhiv_num,COUNTRY,KIR,WPR,Western Pacific,YEAR,2014,,,,,,,,,45 [39-52],45,39,52,,2025-11-11T14:30:16Z,2014,2014-01-01,2014-12-31
4019988,TB_e_mort_exc_tbhiv_num,COUNTRY,MDG,AFR,Africa,YEAR,2013,,,,,,,,,12 000 [8800-17 000],12000,8800,17000,,2025-11-11T14:30:16Z,2013,2013-01-01,2013-12-31
4027676,TB_e_mort_exc_tbhiv_num,COUNTRY,GAB,AFR,Africa,YEAR,2006,,,,,,,,,690 [390-1100],690,390,1100,,2025-11-11T14:30:16Z,2006,2006-01-01,2006-12-31
4028267,TB_e_mort_exc_tbhiv_num,COUNTRY,IDN,WPR,Western Pacific,YEAR,2001,,,,,,,,,123 000 [107 000-140 000],123000,107000,140000,,2025-11-11T14:30:16Z,2001,2001-01-01,2001-12-31
4029353,TB_e_mort_exc_tbhiv_num,COUNTRY,FSM,WPR,Western Pacific,YEAR,2014,,,,,,,,,110 [74-150],110,74,150,,2025-11-11T14:30:16Z,2014,2014-01-01,2014-12-31
4041638,TB_e_mort_exc_tbhiv_num,COUNTRY,DZA,AFR,Africa,YEAR,2014,,,,,,,,,4400 [3000-6100],4400,3000,6100,,2025-11-11T14:30:16Z,2014,2014-01-01,2014-12-31
4044869,TB_e_mort_exc_tbhiv_num,COUNTRY,VNM,WPR,Western Pacific,YEAR,2024,,,,,,,,,10 000 [6500-15 000],10000,6500,15000,,2025-11-11T14:30:16Z,2024,2024-01-01,2024-12-31
4045798,TB_e_mort_exc_tbhiv_num,COUNTRY,ZAF,AFR,Africa,YEAR,2008,,,,,,,,,32 000 [31 000-33 000],32000,31000,33000,,2025-11-11T14:30:16Z,2008,2008-01-01,2008-12-31
4047069,TB_e_mort_exc_tbhiv_num,COUNTRY,GBR,EUR,Europe,YEAR,2014,,,,,,,,,360 [350-360],360,350,360,,2025-11-11T14:30:16Z,2014,2014-01-01,2014-12-31
4052224,TB_e_mort_exc_tbhiv_num,COUNTRY,QAT,EMR,Eastern Mediterranean,YEAR,2010,,,,,,,,,5 [4-5],5,4,5,,2025-11-11T14:30:16Z,2010,2010-01-01,2010-12-31
4053514,TB_e_mort_exc_tbhiv_num,COUNTRY,GMB,AFR,Africa,YEAR,2023,,,,,,,,,470 [300-680],470,300,680,,2025-11-11T14:30:16Z,2023,2023-01-01,2023-12-31
4065541,TB_e_mort_exc_tbhiv_num,COUNTRY,BFA,AFR,Africa,YEAR,2013,,,,,,,,,2900 [1200-5200],2900,1200,5200,,2025-11-11T14:30:16Z,2013,2013-01-01,2013-12-31
4073269,TB_e_mort_exc_tbhiv_num,COUNTRY,MRT,AFR,Africa,YEAR,2011,,,,,,,,,1200 [800-1700],1200,800,1700,,2025-11-11T14:30:16Z,2011,2011-01-01,2011-12-31
4076483,TB_e_mort_exc_tbhiv_num,COUNTRY,BLR,EUR,Europe,YEAR,2002,,,,,,,,,1100 [1000-1200],1100,1000,1200,,2025-11-11T14:30:16Z,2002,2002-01-01,2002-12-31
4076994,TB_e_mort_exc_tbhiv_num,COUNTRY,CUB,AMR,Americas,YEAR,2003,,,,,,,,,52 [52-53],52,52,53,,2025-11-11T14:30:16Z,2003,2003-01-01,2003-12-31
4077785,TB_e_mort_exc_tbhiv_num,COUNTRY,SAU,EMR,Eastern Mediterranean,YEAR,2016,,,,,,,,,250 [220-280],250,220,280,,2025-11-11T14:30:16Z,2016,2016-01-01,2016-12-31
4079323,TB_e_mort_exc_tbhiv_num,COUNTRY,CHE,EUR,Europe,YEAR,2020,,,,,,,,,14 [13-14],14,13,14,,2025-11-11T14:30:16Z,2020,2020-01-01,2020-12-31
4080287,TB_e_mort_exc_tbhiv_num,COUNTRY,CPV,AFR,Africa,YEAR,2019,,,,,,,,,22 [19-25],22,19,25,,2025-11-11T14:30:16Z,2019,2019-01-01,2019-12-31
4083694,TB_e_mort_exc_tbhiv_num,COUNTRY,CZE,EUR,Europe,YEAR,2006,,,,,,,,,62 [61-62],62,61,62,,2025-11-11T14:30:16Z,2006,2006-01-01,2006-12-31
4084220,TB_e_mort_exc_tbhiv_num,COUNTRY,RUS,EUR,Europe,YEAR,2007,,,,,,,,,27 000 [27 000-28 000],27000,27000,28000,,2025-11-11T14:30:16Z,2007,2007-01-01,2007-12-31
4084235,TB_e_mort_exc_tbhiv_num,COUNTRY,HND,AMR,Americas,YEAR,2019,,,,,,,,,460 [390-540],460,390,540,,2025-11-11T14:30:16Z,2019,2019-01-01,2019-12-31
4089957,TB_e_mort_exc_tbhiv_num,COUNTRY,CIV,AFR,Africa,YEAR,2002,,,,,,,,,4100 [2100-6600],4100,2100,6600,,2025-11-11T14:30:16Z,2002,2002-01-01,2002-12-31
4090566,TB_e_mort_exc_tbhiv_num,COUNTRY,MWI,AFR,Africa,YEAR,2001,,,,,,,,,2100 [450-5000],2100,450,5000,,2025-11-11T14:30:16Z,2001,2001-01-01,2001-12-31
4092900,TB_e_mort_exc_tbhiv_num,COUNTRY,ALB,EUR,Europe,YEAR,2019,,,,,,,,,8 [4-14],8,4,14,,2025-11-11T14:30:16Z,2019,2019-01-01,2019-12-31
4093016,TB_e_mort_exc_tbhiv_num,COUNTRY,ARE,EMR,Eastern Mediterranean,YEAR,2021,,,,,,,,,66 [38-100],66,38,100,,2025-11-11T14:30:16Z,2021,2021-01-01,2021-12-31
4093285,TB_e_mort_exc_tbhiv_num,COUNTRY,ROU,EUR,Europe,YEAR,2012,,,,,,,,,1200 [1200-1200],1200,1200,1200,,2025-11-11T14:30:16Z,2012,2012-01-01,2012-12-31
4097017,TB_e_mort_exc_tbhiv_num,COUNTRY,MDG,AFR,Africa,YEAR,2023,,,,,,,,,11 000 [7400-15 000],11000,7400,15000,,2025-11-11T14:30:16Z,2023,2023-01-01,2023-12-31
4102156,TB_e_mort_exc_tbhiv_num,REGION,EMR,,,YEAR,2018,,,,,,,,,80 000 [69 000-91 000],80000,69000,91000,,2025-11-11T14:30:16Z,2018,2018-01-01,2018-12-31
4102445,TB_e_mort_exc_tbhiv_num,COUNTRY,PRI,AMR,Americas,YEAR,2023,,,,,,,,,6 [6-6],6,6,6,,2025-11-11T14:30:16Z,2023,2023-01-01,2023-12-31
4104975,TB_e_mort_exc_tbhiv_num,COUNTRY,VUT,WPR,Western Pacific,YEAR,2015,,,,,,,,,53 [37-72],53,37,72,,2025-11-11T14:30:16Z,2015,2015-01-01,2015-12-31
4108930,TB_e_mort_exc_tbhiv_num,COUNTRY,LBR,AFR,Africa,YEAR,2006,,,,,,,,,1900 [1200-2600],1900,1200,2600,,2025-11-11T14:30:16Z,2006,2006-01-01,2006-12-31
4109646,TB_e_mort_exc_tbhiv_num,COUNTRY,SLE,AFR,Africa,YEAR,2001,,,,,,,,,9800 [4300-18 000],9800,4300,18000,,2025-11-11T14:30:16Z,2001,2001-01-01,2001-12-31
4114544,TB_e_mort_exc_tbhiv_num,COUNTRY,BFA,AFR,Africa,YEAR,2012,,,,,,,,,2800 [1200-5100],2800,1200,5100,,2025-11-11T14:30:16Z,2012,2012-01-01,2012-12-31
4117572,TB_e_mort_exc_tbhiv_num,COUNTRY,LBN,EMR,Eastern Mediterranean,YEAR,2011,,,,,,,,,130 [87-170],130,87,170,,2025-11-11T14:30:16Z,2011,2011-01-01,2011-12-31
4117728,TB_e_mort_exc_tbhiv_num,COUNTRY,SLB,WPR,Western Pacific,YEAR,2006,,,,,,,,,420 [290-580],420,290,580,,2025-11-11T14:30:16Z,2006,2006-01-01,2006-12-31
4118480,TB_e_mort_exc_tbhiv_num,COUNTRY,UKR,EUR,Europe,YEAR,2006,,,,,,,,,11 000 [11 000-11 000],11000,11000,11000,,2025-11-11T14:30:16Z,2006,2006-01-01,2006-12-31
4127804,TB_e_mort_exc_tbhiv_num,COUNTRY,TZA,AFR,Africa,YEAR,2023,,,,,,,,,13 000 [5300-24 000],13000,5300,24000,,2025-11-11T14:30:16Z,2023,2023-01-01,2023-12-31
4133571,TB_e_mort_exc_tbhiv_num,COUNTRY,AUS,WPR,Western Pacific,YEAR,2000,,,,,,,,,53 [53-53],53,53,53,,2025-11-11T14:30:16Z,2000,2000-01-01,2000-12-31
4139846,TB_e_mort_exc_tbhiv_num,COUNTRY,BEL,EUR,Europe,YEAR,2015,,,,,,,,,61 [59-63],61,59,63,,2025-11-11T14:30:16Z,2015,2015-01-01,2015-12-31
4140010,TB_e_mort_exc_tbhiv_num,COUNTRY,JPN,WPR,Western Pacific,YEAR,2021,,,,,,,,,2800 [2600-3000],2800,2600,3000,,2025-11-11T14:30:16Z,2021,2021-01-01,2021-12-31
4141101,TB_e_mort_exc_tbhiv_num,COUNTRY,HND,AMR,Americas,YEAR,2003,,,,,,,,,420 [350-490],420,350,490,,2025-11-11T14:30:16Z,2003,2003-01-01,2003-12-31
4141738,TB_e_mort_exc_tbhiv_num,COUNTRY,NER,AFR,Africa,YEAR,2012,,,,,,,,,4300 [2800-6200],4300,2800,6200,,2025-11-11T14:30:16Z,2012,2012-01-01,2012-12-31
4153118,TB_e_mort_exc_tbhiv_num,COUNTRY,CAF,AFR,Africa,YEAR,2019,,,,,,,,,3800 [1700-6600],3800,1700,6600,,2025-11-11T14:30:16Z,2019,2019-01-01,2019-12-31
4153508,TB_e_mort_exc_tbhiv_num,COUNTRY,SRB,EUR,Europe,YEAR,2008,,,,,,,,,180 [170-180],180,170,180,,2025-11-11T14:30:16Z,2008,2008-01-01,2008-12-31
4153687,TB_e_mort_exc_tbhiv_num,COUNTRY,SLE,AFR,Africa,YEAR,2006,,,,,,,,,7400 [3000-14 000],7400,3000,14000,,2025-11-11T14:30:16Z,2006,2006-01-01,2006-12-31
4156253,TB_e_mort_exc_tbhiv_num,COUNTRY,MKD,EUR,Europe,YEAR,2011,,,,,,,,,27 [26-28],27,26,28,,2025-11-11T14:30:16Z,2011,2011-01-01,2011-12-31
4173059,TB_e_mort_exc_tbhiv_num,COUNTRY,DOM,AMR,Americas,YEAR,2021,,,,,,,,,280 [170-430],280,170,430,,2025-11-11T14:30:16Z,2021,2021-01-01,2021-12-31
4181475,TB_e_mort_exc_tbhiv_num,COUNTRY,SLE,AFR,Africa,YEAR,2024,,,,,,,,,4200 [1900-7300],4200,1900,7300,,2025-11-11T14:30:16Z,2024,2024-01-01,2024-12-31
4184900,TB_e_mort_exc_tbhiv_num,COUNTRY,ZMB,AFR,Africa,YEAR,2003,,,,,,,,,3100 [1300-5700],3100,1300,5700,,2025-11-11T14:30:16Z,2003,2003-01-01,2003-12-31
4190804,TB_e_mort_exc_tbhiv_num,COUNTRY,PSE,EMR,Eastern Mediterranean,YEAR,2012,,,,,,,,,10 [7-13],10,7,13,,2025-11-11T14:30:16Z,2012,2012-01-01,2012-12-31
4198557,TB_e_mort_exc_tbhiv_num,COUNTRY,IND,SEAR,South-East Asia,YEAR,2017,,,,,,,,,346 000 [259 000-444 000],346000,259000,444000,,2025-11-11T14:30:16Z,2017,2017-01-01,2017-12-31
4199863,TB_e_mort_exc_tbhiv_num,COUNTRY,CHL,AMR,Americas,YEAR,2007,,,,,,,,,550 [550-560],550,550,560,,2025-11-11T14:30:16Z,2007,2007-01-01,2007-12-31
4200531,TB_e_mort_exc_tbhiv_num,COUNTRY,PRY,AMR,Americas,YEAR,2004,,,,,,,,,240 [210-280],240,210,280,,2025-11-11T14:30:16Z,2004,2004-01-01,2004-12-31
4204447,TB_e_mort_exc_tbhiv_num,COUNTRY,HND,AMR,Americas,YEAR,2006,,,,,,,,,390 [320-470],390,320,470,,2025-11-11T14:30:16Z,2006,2006-01-01,2006-12-31
4204486,TB_e_mort_exc_tbhiv_num,COUNTRY,SOM,EMR,Eastern Mediterranean,YEAR,2018,,,,,,,,,5200 [3600-7100],5200,3600,7100,,2025-11-11T14:30:16Z,2018,2018-01-01,2018-12-31
4210939,TB_e_mort_exc_tbhiv_num,COUNTRY,STP,AFR,Africa,YEAR,2004,,,,,,,,,110 [72-150],110,72,150,,2025-11-11T14:30:16Z,2004,2004-01-01,2004-12-31
4211949,TB_e_mort_exc_tbhiv_num,COUNTRY,HUN,EUR,Europe,YEAR,2010,,,,,,,,,150 [150-150],150,150,150,,2025-11-11T14:30:16Z,2010,2010-01-01,2010-12-31
4217882,TB_e_mort_exc_tbhiv_num,REGION,AFR,,,YEAR,2012,,,,,,,,,459 000 [378 000-549 000],459000,378000,549000,,2025-11-11T14:30:16Z,2012,2012-01-01,2012-12-31
4218679,TB_e_mort_exc_tbhiv_num,COUNTRY,MUS,AFR,Africa,YEAR,2011,,,,,,,,,20 [20-21],20,20,21,,2025-11-11T14:30:16Z,2011,2011-01-01,2011-12-31
4219512,TB_e_mort_exc_tbhiv_num,COUNTRY,TZA,AFR,Africa,YEAR,2002,,,,,,,,,28 000 [11 000-53 000],28000,11000,53000,,2025-11-11T14:30:16Z,2002,2002-01-01,2002-12-31
4222818,TB_e_mort_exc_tbhiv_num,COUNTRY,SYR,EMR,Eastern Mediterranean,YEAR,2019,,,,,,,,,27 [24-31],27,24,31,,2025-11-11T14:30:16Z,2019,2019-01-01,2019-12-31
4222883,TB_e_mort_exc_tbhiv_num,COUNTRY,ARG,AMR,Americas,YEAR,2012,,,,,,,,,630 [600-660],630,600,660,,2025-11-11T14:30:16Z,2012,2012-01-01,2012-12-31
4223363,TB_e_mort_exc_tbhiv_num,COUNTRY,DNK,EUR,Europe,YEAR,2003,,,,,,,,,27 [27-28],27,27,28,,2025-11-11T14:30:16Z,2003,2003-01-01,2003-12-31
4230363,TB_e_mort_exc_tbhiv_num,COUNTRY,BIH,EUR,Europe,YEAR,2007,,,,,,,,,210 [200-220],210,200,220,,2025-11-11T14:30:16Z,2007,2007-01-01,2007-12-31
4231365,TB_e_mort_exc_tbhiv_num,COUNTRY,LUX,EUR,Europe,YEAR,2007,,,,,,,,,2 [2-2],2,2,2,,2025-11-11T14:30:16Z,2007,2007-01-01,2007-12-31
4237536,TB_e_mort_exc_tbhiv_num,COUNTRY,MDA,EUR,Europe,YEAR,2009,,,,,,,,,700 [630-770],700,630,770,,2025-11-11T14:30:16Z,2009,2009-01-01,2009-12-31
4238112,TB_e_mort_exc_tbhiv_num,COUNTRY,CAN,AMR,Americas,YEAR,2013,,,,,,,,,110 [110-110],110,110,110,,2025-11-11T14:30:16Z,2013,2013-01-01,2013-12-31
4238403,TB_e_mort_exc_tbhiv_num,WORLDBANKINCOMEGROUP,WB_HI,,,YEAR,2017,,,,,,,,,23 000 [22 000-23 000],23000,22000,23000,,2025-11-11T14:30:16Z,2017,2017-01-01,2017-12-31
4244101,TB_e_mort_exc_tbhiv_num,COUNTRY,SEN,AFR,Africa,YEAR,2015,,,,,,,,,4700 [3200-6400],4700,3200,6400,,2025-11-11T14:30:16Z,2015,2015-01-01,2015-12-31
4248461,TB_e_mort_exc_tbhiv_num,COUNTRY,CYP,EUR,Europe,YEAR,2001,,,,,,,,,1 [1-1],1,1,1,,2025-11-11T14:30:16Z,2001,2001-01-01,2001-12-31
4248863,TB_e_mort_exc_tbhiv_num,COUNTRY,BWA,AFR,Africa,YEAR,2004,,,,,,,,,500 [180-970],500,180,970,,2025-11-11T14:30:16Z,2004,2004-01-01,2004-12-31
4257799,TB_e_mort_exc_tbhiv_num,COUNTRY,MYS,WPR,Western Pacific,YEAR,2021,,,,,,,,,2100 [1400-2900],2100,1400,2900,,2025-11-11T14:30:16Z,2021,2021-01-01,2021-12-31
4258270,TB_e_mort_exc_tbhiv_num,COUNTRY,HUN,EUR,Europe,YEAR,2013,,,,,,,,,98 [98-98],98,98,98,,2025-11-11T14:30:16Z,2013,2013-01-01,2013-12-31
4279613,TB_e_mort_exc_tbhiv_num,COUNTRY,KHM,WPR,Western Pacific,YEAR,2017,,,,,,,,,3100 [1500-5200],3100,1500,5200,,2025-11-11T14:30:16Z,2017,2017-01-01,2017-12-31
4281596,TB_e_mort_exc_tbhiv_num,COUNTRY,PAN,AMR,Americas,YEAR,2001,,,,,,,,,190 [180-200],190,180,200,,2025-11-11T14:30:16Z,2001,2001-01-01,2001-12-31
4285773,TB_e_mort_exc_tbhiv_num,COUNTRY,ISR,EUR,Europe,YEAR,2013,,,,,,,,,15 [14-15],15,14,15,,2025-11-11T14:30:16Z,2013,2013-01-01,2013-12-31
4289001,TB_e_mort_exc_tbhiv_num,COUNTRY,SWZ,AFR,Africa,YEAR,2015,,,,,,,,,400 [230-610],400,230,610,,2025-11-11T14:30:16Z,2015,2015-01-01,2015-12-31
4292313,TB_e_mort_exc_tbhiv_num,COUNTRY,DOM,AMR,Americas,YEAR,2006,,,,,,,,,810 [320-1500],810,320,1500,,2025-11-11T14:30:16Z,2006,2006-01-01,2006-12-31
4294477,TB_e_mort_exc_tbhiv_num,COUNTRY,DZA,AFR,Africa,YEAR,2013,,,,,,,,,4400 [3000-6000],4400,3000,6000,,2025-11-11T14:30:16Z,2013,2013-01-01,2013-12-31
4294648,TB_e_mort_exc_tbhiv_num,COUNTRY,KEN,AFR,Africa,YEAR,2000,,,,,,,,,13 000 [4600-24 000],13000,4600,24000,,2025-11-11T14:30:16Z,2000,2000-01-01,2000-12-31
4294744,TB_e_mort_exc_tbhiv_num,COUNTRY,KHM,WPR,Western Pacific,YEAR,2003,,,,,,,,,4500 [1400-9300],4500,1400,9300,,2025-11-11T14:30:16Z,2003,2003-01-01,2003-12-31
4300206,TB_e_mort_exc_tbhiv_num,COUNTRY,SDN,EMR,Eastern Mediterranean,YEAR,2020,,,,,,,,,5400 [3300-8000],5400,3300,8000,,2025-11-11T14:30:16Z,2020,2020-01-01,2020-12-31
4305405,TB_e_mort_exc_tbhiv_num,COUNTRY,CHN,WPR,Western Pacific,YEAR,2021,,,,,,,,,28 000 [25 000-31 000],28000,25000,31000,,2025-11-11T14:30:16Z,2021,2021-01-01,2021-12-31
4305678,TB_e_mort_exc_tbhiv_num,COUNTRY,MNG,WPR,Western Pacific,YEAR,2011,,,,,,,,,330 [300-360],330,300,360,,2025-11-11T14:30:16Z,2011,2011-01-01,2011-12-31
4306174,TB_e_mort_exc_tbhiv_num,COUNTRY,PRY,AMR,Americas,YEAR,2022,,,,,,,,,170 [150-200],170,150,200,,2025-11-11T14:30:16Z,2022,2022-01-01,2022-12-31
4307364,TB_e_mort_exc_tbhiv_num,COUNTRY,STP,AFR,Africa,YEAR,2022,,,,,,,,,32 [15-54],32,15,54,,2025-11-11T14:30:16Z,2022,2022-01-01,2022-12-31
4320315,TB_e_mort_exc_tbhiv_num,COUNTRY,GMB,AFR,Africa,YEAR,2022,,,,,,,,,550 [350-790],550,350,790,,2025-11-11T14:30:16Z,2022,2022-01-01,2022-12-31
4324145,TB_e_mort_exc_tbhiv_num,COUNTRY,MOZ,AFR,Africa,YEAR,2012,,,,,,,,,8000 [4500-12 000],8000,4500,12000,,2025-11-11T14:30:16Z,2012,2012-01-01,2012-12-31
4324497,TB_e_mort_exc_tbhiv_num,COUNTRY,MRT,AFR,Africa,YEAR,2019,,,,,,,,,680 [410-1000],680,410,1000,,2025-11-11T14:30:16Z,2019,2019-01-01,2019-12-31
4332075,TB_e_mort_exc_tbhiv_num,COUNTRY,GUY,AMR,Americas,YEAR,2006,,,,,,,,,110 [99-120],110,99,120,,2025-11-11T14:30:16Z,2006,2006-01-01,2006-12-31
4332270,TB_e_mort_exc_tbhiv_num,COUNTRY,VUT,WPR,Western Pacific,YEAR,2009,,,,,,,,,92 [69-120],92,69,120,,2025-11-11T14:30:16Z,2009,2009-01-01,2009-12-31
4344723,TB_e_mort_exc_tbhiv_num,COUNTRY,UGA,AFR,Africa,YEAR,2005,,,,,,,,,5600 [2600-9800],5600,2600,9800,,2025-11-11T14:30:16Z,2005,2005-01-01,2005-12-31
4344962,TB_e_mort_exc_tbhiv_num,COUNTRY,PHL,WPR,Western Pacific,YEAR,2016,,,,,,,,,33 000 [29 000-36 000],33000,29000,36000,,2025-11-11T14:30:16Z,2016,2016-01-01,2016-12-31
4358375,TB_e_mort_exc_tbhiv_num,COUNTRY,STP,AFR,Africa,YEAR,2013,,,,,,,,,59 [40-81],59,40,81,,2025-11-11T14:30:16Z,2013,2013-01-01,2013-12-31
4365142,TB_e_mort_exc_tbhiv_num,COUNTRY,KWT,EMR,Eastern Mediterranean,YEAR,2000,,,,,,,,,22 [21-22],22,21,22,,2025-11-11T14:30:16Z,2000,2000-01-01,2000-12-31
4368587,TB_e_mort_exc_tbhiv_num,COUNTRY,PRI,AMR,Americas,YEAR,2019,,,,,,,,,5 [5-5],5,5,5,,2025-11-11T14:30:16Z,2019,2019-01-01,2019-12-31
4368787,TB_e_mort_exc_tbhiv_num,COUNTRY,NIC,AMR,Americas,YEAR,2021,,,,,,,,,77 [77-78],77,77,78,,2025-11-11T14:30:16Z,2021,2021-01-01,2021-12-31
4370065,TB_e_mort_exc_tbhiv_num,COUNTRY,COD,AFR,Africa,YEAR,2020,,,,,,,,,81 000 [36 000-145 000],81000,36000,145000,,2025-11-11T14:30:16Z,2020,2020-01-01,2020-12-31
4370597,TB_e_mort_exc_tbhiv_num,REGION,EUR,,,YEAR,2007,,,,,,,,,58 000 [57 000-59 000],58000,57000,59000,,2025-11-11T14:30:16Z,2007,2007-01-01,2007-12-31
4371223,TB_e_mort_exc_tbhiv_num,COUNTRY,TTO,AMR,Americas,YEAR,2000,,,,,,,,,24 [24-24],24,24,24,,2025-11-11T14:30:16Z,2000,2000-01-01,2000-12-31
4375789,TB_e_mort_exc_tbhiv_num,COUNTRY,MHL,WPR,Western Pacific,YEAR,2014,,,,,,,,,52 [36-71],52,36,71,,2025-11-11T14:30:16Z,2014,2014-01-01,2014-12-31
4377086,TB_e_mort_exc_tbhiv_num,COUNTRY,ARG,AMR,Americas,YEAR,2010,,,,,,,,,580 [560-610],580,560,610,,2025-11-11T14:30:16Z,2010,2010-01-01,2010-12-31
4377117,TB_e_mort_exc_tbhiv_num,COUNTRY,LBY,EMR,Eastern Mediterranean,YEAR,2022,,,,,,,,,740 [320-1300],740,320,1300,,2025-11-11T14:30:16Z,2022,2022-01-01,2022-12-31
4386528,TB_e_mort_exc_tbhiv_num,COUNTRY,MDV,SEAR,South-East Asia,YEAR,2002,,,,,,,,,25 [18-32],25,18,32,,2025-11-11T14:30:16Z,2002,2002-01-01,2002-12-31
4388547,TB_e_mort_exc_tbhiv_num,COUNTRY,AUT,EUR,Europe,YEAR,2008,,,,,,,,,49 [49-50],49,49,50,,2025-11-11T14:30:16Z,2008,2008-01-01,2008-12-31
4389741,TB_e_mort_exc_tbhiv_num,COUNTRY,THA,SEAR,South-East Asia,YEAR,2006,,,,,,,,,10 000 [6100-15 000],10000,6100,15000,,2025-11-11T14:30:16Z,2006,2006-01-01,2006-12-31
4395813,TB_e_mort_exc_tbhiv_num,COUNTRY,NAM,AFR,Africa,YEAR,2004,,,,,,,,,1400 [550-2600],1400,550,2600,,2025-11-11T14:30:16Z,2004,2004-01-01,2004-12-31
4399882,TB_e_mort_exc_tbhiv_num,COUNTRY,MOZ,AFR,Africa,YEAR,2007,,,,,,,,,9000 [5100-14 000],9000,5100,14000,,2025-11-11T14:30:16Z,2007,2007-01-01,2007-12-31
4400267,TB_e_mort_exc_tbhiv_num,COUNTRY,LBR,AFR,Africa,YEAR,2020,,,,,,,,,2300 [1600-3000],2300,1600,3000,,2025-11-11T14:30:16Z,2020,2020-01-01,2020-12-31
4401163,TB_e_mort_exc_tbhiv_num,COUNTRY,JAM,AMR,Americas,YEAR,2017,,,,,,,,,7 [7-7],7,7,7,,2025-11-11T14:30:16Z,2017,2017-01-01,2017-12-31
4405031,TB_e_mort_exc_tbhiv_num,COUNTRY,TUR,EUR,Europe,YEAR,2002,,,,,,,,,1200 [710-1700],1200,710,1700,,2025-11-11T14:30:16Z,2002,2002-01-01,2002-12-31
4407864,TB_e_mort_exc_tbhiv_num,COUNTRY,GUY,AMR,Americas,YEAR,2018,,,,,,,,,60 [55-65],60,55,65,,2025-11-11T14:30:16Z,2018,2018-01-01,2018-12-31
4413462,TB_e_mort_exc_tbhiv_num,COUNTRY,MMR,SEAR,South-East Asia,YEAR,2003,,,,,,,,,81 000 [44 000-129 000],81000,44000,129000,,2025-11-11T14:30:16Z,2003,2003-01-01,2003-12-31
4417941,TB_e_mort_exc_tbhiv_num,COUNTRY,COL,AMR,Americas,YEAR,2016,,,,,,,,,1100 [1100-1100],1100,1100,1100,,2025-11-11T14:30:16Z,2016,2016-01-01,2016-12-31
4418436,TB_e_mort_exc_tbhiv_num,COUNTRY,URY,AMR,Americas,YEAR,2007,,,,,,,,,80 [76-85],80,76,85,,2025-11-11T14:30:16Z,2007,2007-01-01,2007-12-31
4431585,TB_e_mort_exc_tbhiv_num,COUNTRY,GHA,AFR,Africa,YEAR,2022,,,,,,,,,11 000 [4500-19 000],11000,4500,19000,,2025-11-11T14:30:16Z,2022,2022-01-01,2022-12-31
4431928,TB_e_mort_exc_tbhiv_num,COUNTRY,KEN,AFR,Africa,YEAR,2012,,,,,,,,,32 000 [18 000-51 000],32000,18000,51000,,2025-11-11T14:30:16Z,2012,2012-01-01,2012-12-31
4438780,TB_e_mort_exc_tbhiv_num,COUNTRY,ESP,EUR,Europe,YEAR,2015,,,,,,,,,250 [250-250],250,250,250,,2025-11-11T14:30:16Z,2015,2015-01-01,2015-12-31
4438874,TB_e_mort_exc_tbhiv_num,COUNTRY,SRB,EUR,Europe,YEAR,2018,,,,,,,,,80 [76-84],80,76,84,,2025-11-11T14:30:16Z,2018,2018-01-01,2018-12-31
4444671,TB_e_mort_exc_tbhiv_num,COUNTRY,BRA,AMR,Americas,YEAR,2015,,,,,,,,,5200 [5100-5400],5200,5100,5400,,2025-11-11T14:30:16Z,2015,2015-01-01,2015-12-31
4450253,TB_e_mort_exc_tbhiv_num,WORLDBANKINCOMEGROUP,WB_LI,,,YEAR,2022,,,,,,,,,173 000 [128 000-224 000],173000,128000,224000,,2025-11-11T14:30:16Z,2022,2022-01-01,2022-12-31
4452070,TB_e_mort_exc_tbhiv_num,COUNTRY,KAZ,EUR,Europe,YEAR,2006,,,,,,,,,3300 [3200-3400],3300,3200,3400,,2025-11-11T14:30:16Z,2006,2006-01-01,2006-12-31
4452545,TB_e_mort_exc_tbhiv_num,COUNTRY,FRA,EUR,Europe,YEAR,2005,,,,,,,,,900 [870-930],900,870,930,,2025-11-11T14:30:16Z,2005,2005-01-01,2005-12-31
4456237,TB_e_mort_exc_tbhiv_num,COUNTRY,CHN,WPR,Western Pacific,YEAR,2016,,,,,,,,,39 000 [35 000-43 000],39000,35000,43000,,2025-11-11T14:30:16Z,2016,2016-01-01,2016-12-31
4464617,TB_e_mort_exc_tbhiv_num,COUNTRY,ZWE,AFR,Africa,YEAR,2001,,,,,,,,,3100 [1300-5900],3100,1300,5900,,2025-11-11T14:30:16Z,2001,2001-01-01,2001-12-31
4467637,TB_e_mort_exc_tbhiv_num,COUNTRY,AUT,EUR,Europe,YEAR,2004,,,,,,,,,45 [45-46],45,45,46,,2025-11-11T14:30:16Z,2004,2004-01-01,2004-12-31
4467719,TB_e_mort_exc_tbhiv_num,COUNTRY,TGO,AFR,Africa,YEAR,2003,,,,,,,,,690 [340-1200],690,340,1200,,2025-11-11T14:30:16Z,2003,2003-01-01,2003-12-31
4469394,TB_e_mort_exc_tbhiv_num,COUNTRY,IRN,EMR,Eastern Mediterranean,YEAR,2007,,,,,,,,,660 [570-750],660,570,750,,2025-11-11T14:30:16Z,2007,2007-01-01,2007-12-31
4469984,TB_e_mort_exc_tbhiv_num,COUNTRY,AUT,EUR,Europe,YEAR,2000,,,,,,,,,75 [74-75],75,74,75,,2025-11-11T14:30:16Z,2000,2000-01-01,2000-12-31
4470292,TB_e_mort_exc_tbhiv_num,COUNTRY,CZE,EUR,Europe,YEAR,2017,,,,,,,,,37 [37-38],37,37,38,,2025-11-11T14:30:16Z,2017,2017-01-01,2017-12-31
4470831,TB_e_mort_exc_tbhiv_num,COUNTRY,RUS,EUR,Europe,YEAR,2016,,,,,,,,,12 000 [12 000-13 000],12000,12000,13000,,2025-11-11T14:30:16Z,2016,2016-01-01,2016-12-31
4489786,TB_e_mort_exc_tbhiv_num,COUNTRY,PRI,AMR,Americas,YEAR,2009,,,,,,,,,9 [9-9],9,9,9,,2025-11-11T14:30:16Z,2009,2009-01-01,2009-12-31
4490377,TB_e_mort_exc_tbhiv_num,COUNTRY,ZMB,AFR,Africa,YEAR,2002,,,,,,,,,3600 [1500-6800],3600,1500,6800,,2025-11-11T14:30:16Z,2002,2002-01-01,2002-12-31
4490672,TB_e_mort_exc_tbhiv_num,COUNTRY,NGA,AFR,Africa,YEAR,2018,,,,,,,,,131 000 [76 000-201 000],131000,76000,201000,,2025-11-11T14:30:16Z,2018,2018-01-01,2018-12-31
4493405,TB_e_mort_exc_tbhiv_num,COUNTRY,CMR,AFR,Africa,YEAR,2016,,,,,,,,,6700 [4600-9100],6700,4600,9100,,2025-11-11T14:30:16Z,2016,2016-01-01,2016-12-31
4493460,TB_e_mort_exc_tbhiv_num,COUNTRY,DZA,AFR,Africa,YEAR,2002,,,,,,,,,7600 [5300-10 000],7600,5300,10000,,2025-11-11T14:30:16Z,2002,2002-01-01,2002-12-31
4494556,TB_e_mort_exc_tbhiv_num,COUNTRY,GAB,AFR,Africa,YEAR,2005,,,,,,,,,740 [420-1100],740,420,1100,,2025-11-11T14:30:16Z,2005,2005-01-01,2005-12-31
4494682,TB_e_mort_exc_tbhiv_num,COUNTRY,BGD,SEAR,South-East Asia,YEAR,2007,,,,,,,,,80 000 [51 000-114 000],80000,51000,114000,,2025-11-11T14:30:16Z,2007,2007-01-01,2007-12-31
4499622,TB_e_mort_exc_tbhiv_num,COUNTRY,ERI,AFR,Africa,YEAR,2017,,,,,,,,,1100 [770-1500],1100,770,1500,,2025-11-11T14:30:16Z,2017,2017-01-01,2017-12-31
4508223,TB_e_mort_exc_tbhiv_num,WORLDBANKINCOMEGROUP,WB_UMI,,,YEAR,2023,,,,,,,,,219 000 [202 000-236 000],219000,202000,236000,,2025-11-11T14:30:16Z,2023,2023-01-01,2023-12-31
4514961,TB_e_mort_exc_tbhiv_num,COUNTRY,BGR,EUR,Europe,YEAR,2022,,,,,,,,,69 [57-83],69,57,83,,2025-11-11T14:30:16Z,2022,2022-01-01,2022-12-31
4515754,TB_e_mort_exc_tbhiv_num,COUNTRY,BHR,EMR,Eastern Mediterranean,YEAR,2014,,,,,,,,,7 [6-7],7,6,7,,2025-11-11T14:30:16Z,2014,2014-01-01,2014-12-31
4518386,TB_e_mort_exc_tbhiv_num,GLOBAL,GLOBAL,,,YEAR,2016,,,,,,,,,1 300 000 [1 160 000-1 440 000],1300000,1160000,1440000,,2025-11-11T14:30:16Z,2016,2016-01-01,2016-12-31
4522379,TB_e_mort_exc_tbhiv_num,COUNTRY,MKD,EUR,Europe,YEAR,2018,,,,,,,,,22 [21-24],22,21,24,,2025-11-11T14:30:16Z,2018,2018-01-01,2018-12-31
4525824,TB_e_mort_exc_tbhiv_num,COUNTRY,AZE,EUR,Europe,YEAR,2004,,,,,,,,,1000 [890-1100],1000,890,1100,,2025-11-11T14:30:16Z,2004,2004-01-01,2004-12-31
4532345,TB_e_mort_exc_tbhiv_num,COUNTRY,BWA,AFR,Africa,YEAR,2023,,,,,,,,,640 [330-1100],640,330,1100,,2025-11-11T14:30:16Z,2023,2023-01-01,2023-12-31
4535068,TB_e_mort_exc_tbhiv_num,COUNTRY,BIH,EUR,Europe,YEAR,2005,,,,,,,,,210 [200-230],210,200,230,,2025-11-11T14:30:16Z,2005,2005-01-01,2005-12-31
4538723,TB_e_mort_exc_tbhiv_num,COUNTRY,CUB,AMR,Americas,YEAR,2018,,,,,,,,,29 [29-29],29,29,29,,2025-11-11T14:30:16Z,2018,2018-01-01,2018-12-31
4543944,TB_e_mort_exc_tbhiv_num,COUNTRY,CUB,AMR,Americas,YEAR,2021,,,,,,,,,55 [55-56],55,55,56,,2025-11-11T14:30:16Z,2021,2021-01-01,2021-12-31
4544216,TB_e_mort_exc_tbhiv_num,COUNTRY,TUN,EMR,Eastern Mediterranean,YEAR,2016,,,,,,,,,150 [110-190],150,110,190,,2025-11-11T14:30:16Z,2016,2016-01-01,2016-12-31
4546455,TB_e_mort_exc_tbhiv_num,COUNTRY,ESP,EUR,Europe,YEAR,2001,,,,,,,,,510 [500-520],510,500,520,,2025-11-11T14:30:16Z,2001,2001-01-01,2001-12-31
4547526,TB_e_mort_exc_tbhiv_num,COUNTRY,TGO,AFR,Africa,YEAR,2007,,,,,,,,,910 [490-1400],910,490,1400,,2025-11-11T14:30:16Z,2007,2007-01-01,2007-12-31
4550759,TB_e_mort_exc_tbhiv_num,COUNTRY,BEN,AFR,Africa,YEAR,2015,,,,,,,,,1200 [620-2000],1200,620,2000,,2025-11-11T14:30:16Z,2015,2015-01-01,2015-12-31
4551668,TB_e_mort_exc_tbhiv_num,COUNTRY,TUR,EUR,Europe,YEAR,2011,,,,,,,,,820 [760-870],820,760,870,,2025-11-11T14:30:16Z,2011,2011-01-01,2011-12-31
4553858,TB_e_mort_exc_tbhiv_num,COUNTRY,MMR,SEAR,South-East Asia,YEAR,2010,,,,,,,,,49 000 [27 000-77 000],49000,27000,77000,,2025-11-11T14:30:16Z,2010,2010-01-01,2010-12-31
4557305,TB_e_mort_exc_tbhiv_num,COUNTRY,CHN,WPR,Western Pacific,YEAR,2012,,,,,,,,,42 000 [38 000-45 000],42000,38000,45000,,2025-11-11T14:30:16Z,2012,2012-01-01,2012-12-31
4564159,TB_e_mort_exc_tbhiv_num,COUNTRY,CHN,WPR,Western Pacific,YEAR,2011,,,,,,,,,46 000 [43 000-49 000],46000,43000,49000,,2025-11-11T14:30:16Z,2011,2011-01-01,2011-12-31
4565429,TB_e_mort_exc_tbhiv_num,COUNTRY,DNK,EUR,Europe,YEAR,2005,,,,,,,,,27 [27-28],27,27,28,,2025-11-11T14:30:16Z,2005,2005-01-01,2005-12-31
4565923,TB_e_mort_exc_tbhiv_num,COUNTRY,SAU,EMR,Eastern Mediterranean,YEAR,2001,,,,,,,,,430 [350-520],430,350,520,,2025-11-11T14:30:16Z,2001,2001-01-01,2001-12-31
4570105,TB_e_mort_exc_tbhiv_num,COUNTRY,GAB,AFR,Africa,YEAR,2002,,,,,,,,,590 [330-940],590,330,940,,2025-11-11T14:30:16Z,2002,2002-01-01,2002-12-31
4570187,TB_e_mort_exc_tbhiv_num,COUNTRY,KIR,WPR,Western Pacific,YEAR,2021,,,,,,,,,47 [40-55],47,40,55,,2025-11-11T14:30:16Z,2021,2021-01-01,2021-12-31
4571424,TB_e_mort_exc_tbhiv_num,COUNTRY,BTN,SEAR,South-East Asia,YEAR,2010,,,,,,,,,930 [640-1300],930,640,1300,,2025-11-11T14:30:16Z,2010,2010-01-01,2010-12-31
4571522,TB_e_mort_exc_tbhiv_num,COUNTRY,BLZ,AMR,Americas,YEAR,2000,,,,,,,,,7 [7-7],7,7,7,,2025-11-11T14:30:16Z,2000,2000-01-01,2000-12-31
4571553,TB_e_mort_exc_tbhiv_num,COUNTRY,SVN,EUR,Europe,YEAR,2008,,,,,,,,,35 [34-35],35,34,35,,2025-11-11T14:30:16Z,2008,2008-01-01,2008-12-31
4571800,TB_e_mort_exc_tbhiv_num,GLOBAL,GLOBAL,,,YEAR,2019,,,,,,,,,1 170 000 [1 050 000-1 300 000],1170000,1050000,1300000,,2025-11-11T14:30:16Z,2019,2019-01-01,2019-12-31
4572481,TB_e_mort_exc_tbhiv_num,COUNTRY,ESP,EUR,Europe,YEAR,2000,,,,,,,,,540 [530-550],540,530,550,,2025-11-11T14:30:16Z,2000,2000-01-01,2000-12-31
4578512,TB_e_mort_exc_tbhiv_num,COUNTRY,KIR,WPR,Western Pacific,YEAR,2016,,,,,,,,,45 [38-52],45,38,52,,2025-11-11T14:30:16Z,2016,2016-01-01,2016-12-31
4578851,TB_e_mort_exc_tbhiv_num,COUNTRY,RWA,AFR,Africa,YEAR,2017,,,,,,,,,610 [390-880],610,390,880,,2025-11-11T14:30:16Z,2017,2017-01-01,2017-12-31
4585907,TB_e_mort_exc_tbhiv_num,COUNTRY,ARE,EMR,Eastern Mediterranean,YEAR,2001,,,,,,,,,27 [20-35],27,20,35,,2025-11-11T14:30:16Z,2001,2001-01-01,2001-12-31
4590570,TB_e_mort_exc_tbhiv_num,COUNTRY,SLV,AMR,Americas,YEAR,2003,,,,,,,,,80 [70-89],80,70,89,,2025-11-11T14:30:16Z,2003,2003-01-01,2003-12-31
4596111,TB_e_mort_exc_tbhiv_num,COUNTRY,SRB,EUR,Europe,YEAR,2016,,,,,,,,,94 [89-100],94,89,100,,2025-11-11T14:30:16Z,2016,2016-01-01,2016-12-31
4603199,TB_e_mort_exc_tbhiv_num,COUNTRY,GIN,AFR,Africa,YEAR,2006,,,,,,,,,2900 [1900-4100],2900,1900,4100,,2025-11-11T14:30:16Z,2006,2006-01-01,2006-12-31
4603981,TB_e_mort_exc_tbhiv_num,COUNTRY,NGA,AFR,Africa,YEAR,2001,,,,,,,,,81 000 [45 000-129 000],81000,45000,129000,,2025-11-11T14:30:16Z,2001,2001-01-01,2001-12-31
4607713,TB_e_mort_exc_tbhiv_num,REGION,AFR,,,YEAR,2002,,,,,,,,,423 000 [341 000-513 000],423000,341000,513000,,2025-11-11T14:30:16Z,2002,2002-01-01,2002-12-31
4611002,TB_e_mort_exc_tbhiv_num,COUNTRY,KWT,EMR,Eastern Mediterranean,YEAR,2020,,,,,,,,,16 [15-18],16,15,18,,2025-11-11T14:30:16Z,2020,2020-01-01,2020-12-31
4611273,TB_e_mort_exc_tbhiv_num,REGION,SEAR,,,YEAR,2007,,,,,,,,,763 000 [614 000-927 000],763000,614000,927000,,2025-11-11T14:30:16Z,2007,2007-01-01,2007-12-31
4614353,TB_e_mort_exc_tbhiv_num,COUNTRY,SYR,EMR,Eastern Mediterranean,YEAR,2005,,,,,,,,,67 [57-79],67,57,79,,2025-11-11T14:30:16Z,2005,2005-01-01,2005-12-31
4620451,TB_e_mort_exc_tbhiv_num,COUNTRY,PRI,AMR,Americas,YEAR,2007,,,,,,,,,15 [14-15],15,14,15,,2025-11-11T14:30:16Z,2007,2007-01-01,2007-12-31
4621018,TB_e_mort_exc_tbhiv_num,COUNTRY,NER,AFR,Africa,YEAR,2007,,,,,,,,,4100 [2800-5800],4100,2800,5800,,2025-11-11T14:30:16Z,2007,2007-01-01,2007-12-31
4621433,TB_e_mort_exc_tbhiv_num,COUNTRY,LBR,AFR,Africa,YEAR,2000,,,,,,,,,500 [260-810],500,260,810,,2025-11-11T14:30:16Z,2000,2000-01-01,2000-12-31
4621637,TB_e_mort_exc_tbhiv_num,COUNTRY,ETH,AFR,Africa,YEAR,2024,,,,,,,,,19 000 [9500-31 000],19000,9500,31000,,2025-11-11T14:30:16Z,2024,2024-01-01,2024-12-31
4623992,TB_e_mort_exc_tbhiv_num,COUNTRY,ZMB,AFR,Africa,YEAR,2011,,,,,,,,,4200 [2500-6300],4200,2500,6300,,2025-11-11T14:30:16Z,2011,2011-01-01,2011-12-31
4626647,TB_e_mort_exc_tbhiv_num,COUNTRY,NAM,AFR,Africa,YEAR,2008,,,,,,,,,1600 [920-2500],1600,920,2500,,2025-11-11T14:30:16Z,2008,2008-01-01,2008-12-31
4633544,TB_e_mort_exc_tbhiv_num,COUNTRY,HND,AMR,Americas,YEAR,2008,,,,,,,,,380 [310-450],380,310,450,,2025-11-11T14:30:16Z,2008,2008-01-01,2008-12-31
4633800,TB_e_mort_exc_tbhiv_num,COUNTRY,LVA,EUR,Europe,YEAR,2016,,,,,,,,,80 [78-82],80,78,82,,2025-11-11T14:30:16Z,2016,2016-01-01,2016-12-31
4634062,TB_e_mort_exc_tbhiv_num,GLOBAL,GLOBAL,,,YEAR,2021,,,,,,,,,1 220 000 [1 110 000-1 340 000],1220000,1110000,1340000,,2025-11-11T14:30:16Z,2021,2021-01-01,2021-12-31
4635587,TB_e_mort_exc_tbhiv_num,COUNTRY,ETH,AFR,Africa,YEAR,2006,,,,,,,,,49 000 [27 000-77 000],49000,27000,77000,,2025-11-11T14:30:16Z,2006,2006-01-01,2006-12-31
4640234,TB_e_mort_exc_tbhiv_num,COUNTRY,RUS,EUR,Europe,YEAR,2008,,,,,,,,,27 000 [26 000-27 000],27000,26000,27000,,2025-11-11T14:30:16Z,2008,2008-01-01,2008-12-31
4642007,TB_e_mort_exc_tbhiv_num,REGION,SEAR,,,YEAR,2022,,,,,,,,,457 000 [381 000-540 000],457000,381000,540000,,2025-11-11T14:30:16Z,2022,2022-01-01,2022-12-31
4643276,TB_e_mort_exc_tbhiv_num,COUNTRY,MNE,EUR,Europe,YEAR,2008,,,,,,,,,4 [3-5],4,3,5,,2025-11-11T14:30:16Z,2008,2008-01-01,2008-12-31
4648362,TB_e_mort_exc_tbhiv_num,COUNTRY,MMR,SEAR,South-East Asia,YEAR,2024,,,,,,,,,31 000 [19 000-46 000],31000,19000,46000,,2025-11-11T14:30:16Z,2024,2024-01-01,2024-12-31
4652155,TB_e_mort_exc_tbhiv_num,COUNTRY,RWA,AFR,Africa,YEAR,2016,,,,,,,,,640 [410-920],640,410,920,,2025-11-11T14:30:16Z,2016,2016-01-01,2016-12-31
4652366,TB_e_mort_exc_tbhiv_num,COUNTRY,THA,SEAR,South-East Asia,YEAR,2018,,,,,,,,,9800 [7300-13 000],9800,7300,13000,,2025-11-11T14:30:16Z,2018,2018-01-01,2018-12-31
4653692,TB_e_mort_exc_tbhiv_num,COUNTRY,LBN,EMR,Eastern Mediterranean,YEAR,2014,,,,,,,,,150 [100-210],150,100,210,,2025-11-11T14:30:16Z,2014,2014-01-01,2014-12-31
4658767,TB_e_mort_exc_tbhiv_num,WORLDBANKINCOMEGROUP,WB_LMI,,,YEAR,2007,,,,,,,,,1 090 000 [928 000-1 260 000],1090000,928000,1260000,,2025-11-11T14:30:16Z,2007,2007-01-01,2007-12-31
4659432,TB_e_mort_exc_tbhiv_num,COUNTRY,MMR,SEAR,South-East Asia,YEAR,2022,,,,,,,,,38 000 [24 000-55 000],38000,24000,55000,,2025-11-11T14:30:16Z,2022,2022-01-01,2022-12-31
4660881,TB_e_mort_exc_tbhiv_num,COUNTRY,KIR,WPR,Western Pacific,YEAR,2015,,,,,,,,,45 [38-52],45,38,52,,2025-11-11T14:30:16Z,2015,2015-01-01,2015-12-31
4660903,TB_e_mort_exc_tbhiv_num,COUNTRY,PNG,WPR,Western Pacific,YEAR,2017,,,,,,,,,12 000 [8800-16 000],12000,8800,16000,,2025-11-11T14:30:16Z,2017,2017-01-01,2017-12-31
4662321,TB_e_mort_exc_tbhiv_num,COUNTRY,HTI,AMR,Americas,YEAR,2003,,,,,,,,,1300 [930-1800],1300,930,1800,,2025-11-11T14:30:16Z,2003,2003-01-01,2003-12-31
4664741,TB_e_mort_exc_tbhiv_num,COUNTRY,MDA,EUR,Europe,YEAR,2003,,,,,,,,,780 [640-930],780,640,930,,2025-11-11T14:30:16Z,2003,2003-01-01,2003-12-31
4665223,TB_e_mort_exc_tbhiv_num,WORLDBANKINCOMEGROUP,WB_HI,,,YEAR,2001,,,,,,,,,52 000 [51 000-53 000],52000,51000,53000,,2025-11-11T14:30:16Z,2001,2001-01-01,2001-12-31
4667398,TB_e_mort_exc_tbhiv_num,COUNTRY,LAO,WPR,Western Pacific,YEAR,2008,,,,,,,,,4600 [2700-7000],4600,2700,7000,,2025-11-11T14:30:16Z,2008,2008-01-01,2008-12-31
4668034,TB_e_mort_exc_tbhiv_num,COUNTRY,NER,AFR,Africa,YEAR,2011,,,,,,,,,4500 [2900-6400],4500,2900,6400,,2025-11-11T14:30:16Z,2011,2011-01-01,2011-12-31
4671889,TB_e_mort_exc_tbhiv_num,COUNTRY,NPL,SEAR,South-East Asia,YEAR,2009,,,,,,,,,22 000 [13 000-34 000],22000,13000,34000,,2025-11-11T14:30:16Z,2009,2009-01-01,2009-12-31
4676913,TB_e_mort_exc_tbhiv_num,COUNTRY,COL,AMR,Americas,YEAR,2020,,,,,,,,,1000 [1000-1000],1000,1000,1000,,2025-11-11T14:30:16Z,2020,2020-01-01,2020-12-31
4677556,TB_e_mort_exc_tbhiv_num,COUNTRY,SGP,WPR,Western Pacific,YEAR,2017,,,,,,,,,37 [33-42],37,33,42,,2025-11-11T14:30:16Z,2017,2017-01-01,2017-12-31
4680491,TB_e_mort_exc_tbhiv_num,COUNTRY,KOR,WPR,Western Pacific,YEAR,2022,,,,,,,,,1400 [1300-1500],1400,1300,1500,,2025-11-11T14:30:16Z,2022,2022-01-01,2022-12-31
4685372,TB_e_mort_exc_tbhiv_num,COUNTRY,BGR,EUR,Europe,YEAR,2016,,,,,,,,,120 [120-130],120,120,130,,2025-11-11T14:30:16Z,2016,2016-01-01,2016-12-31
4685756,TB_e_mort_exc_tbhiv_num,COUNTRY,DZA,AFR,Africa,YEAR,2004,,,,,,,,,7300 [5100-10 000],7300,5100,10000,,2025-11-11T14:30:16Z,2004,2004-01-01,2004-12-31
4686849,TB_e_mort_exc_tbhiv_num,COUNTRY,CUB,AMR,Americas,YEAR,2001,,,,,,,,,38 [38-38],38,38,38,,2025-11-11T14:30:16Z,2001,2001-01-01,2001-12-31
4690355,TB_e_mort_exc_tbhiv_num,COUNTRY,ARG,AMR,Americas,YEAR,2013,,,,,,,,,670 [640-700],670,640,700,,2025-11-11T14:30:16Z,2013,2013-01-01,2013-12-31
4691896,TB_e_mort_exc_tbhiv_num,COUNTRY,DZA,AFR,Africa,YEAR,2018,,,,,,,,,4200 [2800-5800],4200,2800,5800,,2025-11-11T14:30:16Z,2018,2018-01-01,2018-12-31
4699994,TB_e_mort_exc_tbhiv_num,COUNTRY,AZE,EUR,Europe,YEAR,2011,,,,,,,,,670 [620-710],670,620,710,,2025-11-11T14:30:16Z,2011,2011-01-01,2011-12-31
4702715,TB_e_mort_exc_tbhiv_num,COUNTRY,ESP,EUR,Europe,YEAR,2009,,,,,,,,,410 [400-420],410,400,420,,2025-11-11T14:30:16Z,2009,2009-01-01,2009-12-31
4704357,TB_e_mort_exc_tbhiv_num,COUNTRY,SLV,AMR,Americas,YEAR,2005,,,,,,,,,92 [82-100],92,82,100,,2025-11-11T14:30:16Z,2005,2005-01-01,2005-12-31
4708904,TB_e_mort_exc_tbhiv_num,COUNTRY,TKM,EUR,Europe,YEAR,2013,,,,,,,,,510 [440-590],510,440,590,,2025-11-11T14:30:16Z,2013,2013-01-01,2013-12-31
4708949,TB_e_mort_exc_tbhiv_num,COUNTRY,TGO,AFR,Africa,YEAR,2011,,,,,,,,,920 [530-1400],920,530,1400,,2025-11-11T14:30:16Z,2011,2011-01-01,2011-12-31
4716686,TB_e_mort_exc_tbhiv_num,COUNTRY,KGZ,EUR,Europe,YEAR,2005,,,,,,,,,820 [780-850],820,780,850,,2025-11-11T14:30:16Z,2005,2005-01-01,2005-12-31
4717877,TB_e_mort_exc_tbhiv_num,COUNTRY,ERI,AFR,Africa,YEAR,2009,,,,,,,,,2000 [1300-2800],2000,1300,2800,,2025-11-11T14:30:16Z,2009,2009-01-01,2009-12-31
4718802,TB_e_mort_exc_tbhiv_num,COUNTRY,RWA,AFR,Africa,YEAR,2015,,,,,,,,,570 [360-820],570,360,820,,2025-11-11T14:30:16Z,2015,2015-01-01,2015-12-31
4728813,TB_e_mort_exc_tbhiv_num,COUNTRY,FIN,EUR,Europe,YEAR,2017,,,,,,,,,35 [35-35],35,35,35,,2025-11-11T14:30:16Z,2017,2017-01-01,2017-12-31
4729031,TB_e_mort_exc_tbhiv_num,COUNTRY,UZB,EUR,Europe,YEAR,2008,,,,,,,,,3200 [2700-3700],3200,2700,3700,,2025-11-11T14:30:16Z,2008,2008-01-01,2008-12-31
4729269,TB_e_mort_exc_tbhiv_num,COUNTRY,OMN,EMR,Eastern Mediterranean,YEAR,2012,,,,,,,,,17 [14-22],17,14,22,,2025-11-11T14:30:16Z,2012,2012-01-01,2012-12-31
4729941,TB_e_mort_exc_tbhiv_num,COUNTRY,BEL,EUR,Europe,YEAR,2001,,,,,,,,,100 [100-110],100,100,110,,2025-11-11T14:30:16Z,2001,2001-01-01,2001-12-31
4729959,TB_e_mort_exc_tbhiv_num,COUNTRY,GEO,EUR,Europe,YEAR,2014,,,,,,,,,190 [170-200],190,170,200,,2025-11-11T14:30:16Z,2014,2014-01-01,2014-12-31
4730326,TB_e_mort_exc_tbhiv_num,COUNTRY,ROU,EUR,Europe,YEAR,2010,,,,,,,,,1500 [1500-1500],1500,1500,1500,,2025-11-11T14:30:16Z,2010,2010-01-01,2010-12-31
4736198,TB_e_mort_exc_tbhiv_num,COUNTRY,QAT,EMR,Eastern Mediterranean,YEAR,2015,,,,,,,,,7 [6-9],7,6,9,,2025-11-11T14:30:16Z,2015,2015-01-01,2015-12-31
4737114,TB_e_mort_exc_tbhiv_num,COUNTRY,DJI,EMR,Eastern Mediterranean,YEAR,2005,,,,,,,,,4400 [2700-6500],4400,2700,6500,,2025-11-11T14:30:16Z,2005,2005-01-01,2005-12-31
4740385,TB_e_mort_exc_tbhiv_num,COUNTRY,VNM,WPR,Western Pacific,YEAR,2000,,,,,,,,,33 000 [20 000-51 000],33000,20000,51000,,2025-11-11T14:30:16Z,2000,2000-01-01,2000-12-31
4741500,TB_e_mort_exc_tbhiv_num,COUNTRY,MAR,EMR,Eastern Mediterranean,YEAR,2003,,,,,,,,,2200 [1300-3400],2200,1300,3400,,2025-11-11T14:30:16Z,2003,2003-01-01,2003-12-31
4741712,TB_e_mort_exc_tbhiv_num,COUNTRY,AZE,EUR,Europe,YEAR,2013,,,,,,,,,440 [410-480],440,410,480,,2025-11-11T14:30:16Z,2013,2013-01-01,2013-12-31
4749742,TB_e_mort_exc_tbhiv_num,COUNTRY,AFG,EMR,Eastern Mediterranean,YEAR,2000,,,,,,,,,10 000 [6500-14 000],10000,6500,14000,,2025-11-11T14:30:16Z,2000,2000-01-01,2000-12-31
4760876,TB_e_mort_exc_tbhiv_num,COUNTRY,EGY,EMR,Eastern Mediterranean,YEAR,2013,,,,,,,,,310 [280-350],310,280,350,,2025-11-11T14:30:16Z,2013,2013-01-01,2013-12-31
4761160,TB_e_mort_exc_tbhiv_num,COUNTRY,SWE,EUR,Europe,YEAR,2020,,,,,,,,,13 [13-14],13,13,14,,2025-11-11T14:30:16Z,2020,2020-01-01,2020-12-31
4761613,TB_e_mort_exc_tbhiv_num,COUNTRY,TCD,AFR,Africa,YEAR,2020,,,,,,,,,3900 [2600-5400],3900,2600,5400,,2025-11-11T14:30:16Z,2020,2020-01-01,2020-12-31
4772064,TB_e_mort_exc_tbhiv_num,COUNTRY,MNE,EUR,Europe,YEAR,2023,,,,,,,,,1 [0-4],1,0,4,,2025-11-11T14:30:16Z,2023,2023-01-01,2023-12-31
4779248,TB_e_mort_exc_tbhiv_num,COUNTRY,GEO,EUR,Europe,YEAR,2022,,,,,,,,,75 [51-100],75,51,100,,2025-11-11T14:30:16Z,2022,2022-01-01,2022-12-31
4786013,TB_e_mort_exc_tbhiv_num,COUNTRY,TTO,AMR,Americas,YEAR,2011,,,,,,,,,17 [17-17],17,17,17,,2025-11-11T14:30:16Z,2011,2011-01-01,2011-12-31
4791799,TB_e_mort_exc_tbhiv_num,COUNTRY,CAN,AMR,Americas,YEAR,2018,,,,,,,,,100 [99-100],100,99,100,,2025-11-11T14:30:16Z,2018,2018-01-01,2018-12-31
4793436,TB_e_mort_exc_tbhiv_num,COUNTRY,CZE,EUR,Europe,YEAR,2014,,,,,,,,,39 [39-40],39,39,40,,2025-11-11T14:30:16Z,2014,2014-01-01,2014-12-31
4794249,TB_e_mort_exc_tbhiv_num,COUNTRY,MAR,EMR,Eastern Mediterranean,YEAR,2020,,,,,,,,,2400 [1400-3700],2400,1400,3700,,2025-11-11T14:30:16Z,2020,2020-01-01,2020-12-31
4797837,TB_e_mort_exc_tbhiv_num,COUNTRY,BHS,AMR,Americas,YEAR,2003,,,,,,,,,4 [3-4],4,3,4,,2025-11-11T14:30:16Z,2003,2003-01-01,2003-12-31
4799215,TB_e_mort_exc_tbhiv_num,COUNTRY,DNK,EUR,Europe,YEAR,2020,,,,,,,,,11 [10-11],11,10,11,,2025-11-11T14:30:16Z,2020,2020-01-01,2020-12-31
4805435,TB_e_mort_exc_tbhiv_num,COUNTRY,SRB,EUR,Europe,YEAR,2010,,,,,,,,,160 [160-170],160,160,170,,2025-11-11T14:30:16Z,2010,2010-01-01,2010-12-31
4824487,TB_e_mort_exc_tbhiv_num,COUNTRY,SLE,AFR,Africa,YEAR,2014,,,,,,,,,7500 [3200-14 000],7500,3200,14000,,2025-11-11T14:30:16Z,2014,2014-01-01,2014-12-31
4825713,TB_e_mort_exc_tbhiv_num,COUNTRY,GNQ,AFR,Africa,YEAR,2003,,,,,,,,,550 [200-1100],550,200,1100,,2025-11-11T14:30:16Z,2003,2003-01-01,2003-12-31
4826172,TB_e_mort_exc_tbhiv_num,COUNTRY,ZWE,AFR,Africa,YEAR,2003,,,,,,,,,3400 [1400-6300],3400,1400,6300,,2025-11-11T14:30:16Z,2003,2003-01-01,2003-12-31
4829688,TB_e_mort_exc_tbhiv_num,COUNTRY,MRT,AFR,Africa,YEAR,2015,,,,,,,,,900 [570-1300],900,570,1300,,2025-11-11T14:30:16Z,2015,2015-01-01,2015-12-31
4832650,TB_e_mort_exc_tbhiv_num,COUNTRY,OMN,EMR,Eastern Mediterranean,YEAR,2007,,,,,,,,,16 [13-19],16,13,19,,2025-11-11T14:30:16Z,2007,2007-01-01,2007-12-31
4837890,TB_e_mort_exc_tbhiv_num,COUNTRY,NZL,WPR,Western Pacific,YEAR,2013,,,,,,,,,12 [12-12],12,12,12,,2025-11-11T14:30:16Z,2013,2013-01-01,2013-12-31
4842145,TB_e_mort_exc_tbhiv_num,COUNTRY,DOM,AMR,Americas,YEAR,2001,,,,,,,,,830 [360-1500],830,360,1500,,2025-11-11T14:30:16Z,2001,2001-01-01,2001-12-31
4842968,TB_e_mort_exc_tbhiv_num,COUNTRY,STP,AFR,Africa,YEAR,2008,,,,,,,,,44 [31-61],44,31,61,,2025-11-11T14:30:16Z,2008,2008-01-01,2008-12-31
4843081,TB_e_mort_exc_tbhiv_num,COUNTRY,JAM,AMR,Americas,YEAR,2000,,,,,,,,,18 [17-20],18,17,20,,2025-11-11T14:30:16Z,2000,2000-01-01,2000-12-31
4843185,TB_e_mort_exc_tbhiv_num,COUNTRY,ISR,EUR,Europe,YEAR,2000,,,,,,,,,80 [78-82],80,78,82,,2025-11-11T14:30:16Z,2000,2000-01-01,2000-12-31
4843634,TB_e_mort_exc_tbhiv_num,COUNTRY,SYR,EMR,Eastern Mediterranean,YEAR,2016,,,,,,,,,26 [23-29],26,23,29,,2025-11-11T14:30:16Z,2016,2016-01-01,2016-12-31
4845202,TB_e_mort_exc_tbhiv_num,REGION,WPR,,,YEAR,2006,,,,,,,,,272 000 [255 000-289 000],272000,255000,289000,,2025-11-11T14:30:16Z,2006,2006-01-01,2006-12-31
4851937,TB_e_mort_exc_tbhiv_num,COUNTRY,CAN,AMR,Americas,YEAR,2009,,,,,,,,,85 [84-85],85,84,85,,2025-11-11T14:30:16Z,2009,2009-01-01,2009-12-31
4855785,TB_e_mort_exc_tbhiv_num,COUNTRY,SLB,WPR,Western Pacific,YEAR,2000,,,,,,,,,410 [280-570],410,280,570,,2025-11-11T14:30:16Z,2000,2000-01-01,2000-12-31
4858335,TB_e_mort_exc_tbhiv_num,COUNTRY,SOM,EMR,Eastern Mediterranean,YEAR,2024,,,,,,,,,5000 [3300-7000],5000,3300,7000,,2025-11-11T14:30:16Z,2024,2024-01-01,2024-12-31
4861896,TB_e_mort_exc_tbhiv_num,COUNTRY,MEX,AMR,Americas,YEAR,2024,,,,,,,,,2800 [2200-3500],2800,2200,3500,,2025-11-11T14:30:16Z,2024,2024-01-01,2024-12-31
4864042,TB_e_mort_exc_tbhiv_num,COUNTRY,CMR,AFR,Africa,YEAR,2019,,,,,,,,,6300 [4300-8700],6300,4300,8700,,2025-11-11T14:30:16Z,2019,2019-01-01,2019-12-31
4864930,TB_e_mort_exc_tbhiv_num,COUNTRY,ARG,AMR,Americas,YEAR,2000,,,,,,,,,890 [860-920],890,860,920,,2025-11-11T14:30:16Z,2000,2000-01-01,2000-12-31
4871029,TB_e_mort_exc_tbhiv_num,COUNTRY,THA,SEAR,South-East Asia,YEAR,2012,,,,,,,,,9800 [6400-14 000],9800,6400,14000,,2025-11-11T14:30:16Z,2012,2012-01-01,2012-12-31
4873615,TB_e_mort_exc_tbhiv_num,COUNTRY,PHL,WPR,Western Pacific,YEAR,2000,,,,,,,,,35 000 [32 000-39 000],35000,32000,39000,,2025-11-11T14:30:16Z,2000,2000-01-01,2000-12-31
4874674,TB_e_mort_exc_tbhiv_num,COUNTRY,BEN,AFR,Africa,YEAR,2012,,,,,,,,,1400 [780-2200],1400,780,2200,,2025-11-11T14:30:16Z,2012,2012-01-01,2012-12-31
4874828,TB_e_mort_exc_tbhiv_num,COUNTRY,NIC,AMR,Americas,YEAR,2019,,,,,,,,,96 [95-98],96,95,98,,2025-11-11T14:30:16Z,2019,2019-01-01,2019-12-31
4875010,TB_e_mort_exc_tbhiv_num,COUNTRY,BEN,AFR,Africa,YEAR,2024,,,,,,,,,760 [240-1600],760,240,1600,,2025-11-11T14:30:16Z,2024,2024-01-01,2024-12-31
4875726,TB_e_mort_exc_tbhiv_num,COUNTRY,MLI,AFR,Africa,YEAR,2024,,,,,,,,,1800 [720-3300],1800,720,3300,,2025-11-11T14:30:16Z,2024,2024-01-01,2024-12-31
4877389,TB_e_mort_exc_tbhiv_num,COUNTRY,ZWE,AFR,Africa,YEAR,2010,,,,,,,,,1200 [740-1700],1200,740,1700,,2025-11-11T14:30:16Z,2010,2010-01-01,2010-12-31
4877425,TB_e_mort_exc_tbhiv_num,COUNTRY,NPL,SEAR,South-East Asia,YEAR,2020,,,,,,,,,17 000 [9300-27 000],17000,9300,27000,,2025-11-11T14:30:16Z,2020,2020-01-01,2020-12-31
4877643,TB_e_mort_exc_tbhiv_num,COUNTRY,GRC,EUR,Europe,YEAR,2022,,,,,,,,,35 [33-36],35,33,36,,2025-11-11T14:30:16Z,2022,2022-01-01,2022-12-31
4880049,TB_e_mort_exc_tbhiv_num,COUNTRY,BFA,AFR,Africa,YEAR,2022,,,,,,,,,2600 [1200-4600],2600,1200,4600,,2025-11-11T14:30:16Z,2022,2022-01-01,2022-12-31
4880341,TB_e_mort_exc_tbhiv_num,COUNTRY,MAC,,,YEAR,2023,,,,,,,,,82 [56-110],82,56,110,,2025-11-11T14:30:16Z,2023,2023-01-01,2023-12-31
4882918,TB_e_mort_exc_tbhiv_num,COUNTRY,EGY,EMR,Eastern Mediterranean,YEAR,2021,,,,,,,,,480 [430-530],480,430,530,,2025-11-11T14:30:16Z,2021,2021-01-01,2021-12-31
4883691,TB_e_mort_exc_tbhiv_num,WORLDBANKINCOMEGROUP,WB_LI,,,YEAR,2005,,,,,,,,,219 000 [163 000-283 000],219000,163000,283000,,2025-11-11T14:30:16Z,2005,2005-01-01,2005-12-31
4887605,TB_e_mort_exc_tbhiv_num,COUNTRY,NLD,EUR,Europe,YEAR,2018,,,,,,,,,28 [27-28],28,27,28,,2025-11-11T14:30:16Z,2018,2018-01-01,2018-12-31
4888701,TB_e_mort_exc_tbhiv_num,COUNTRY,TKM,EUR,Europe,YEAR,2014,,,,,,,,,630 [530-740],630,530,740,,2025-11-11T14:30:16Z,2014,2014-01-01,2014-12-31
4889736,TB_e_mort_exc_tbhiv_num,COUNTRY,YEM,EMR,Eastern Mediterranean,YEAR,2004,,,,,,,,,3800 [2700-4900],3800,2700,4900,,2025-11-11T14:30:16Z,2004,2004-01-01,2004-12-31
4902981,TB_e_mort_exc_tbhiv_num,COUNTRY,FSM,WPR,Western Pacific,YEAR,2015,,,,,,,,,58 [40-80],58,40,80,,2025-11-11T14:30:16Z,2015,2015-01-01,2015-12-31
4905258,TB_e_mort_exc_tbhiv_num,COUNTRY,FJI,WPR,Western Pacific,YEAR,2022,,,,,,,,,40 [40-41],40,40,41,,2025-11-11T14:30:16Z,2022,2022-01-01,2022-12-31
4905715,TB_e_mort_exc_tbhiv_num,COUNTRY,NGA,AFR,Africa,YEAR,2010,,,,,,,,,92 000 [53 000-140 000],92000,53000,140000,,2025-11-11T14:30:16Z,2010,2010-01-01,2010-12-31
4906374,TB_e_mort_exc_tbhiv_num,COUNTRY,ITA,EUR,Europe,YEAR,2021,,,,,,,,,240 [230-240],240,230,240,,2025-11-11T14:30:16Z,2021,2021-01-01,2021-12-31
4907949,TB_e_mort_exc_tbhiv_num,COUNTRY,MEX,AMR,Americas,YEAR,2023,,,,,,,,,2800 [2200-3400],2800,2200,3400,,2025-11-11T14:30:16Z,2023,2023-01-01,2023-12-31
4908333,TB_e_mort_exc_tbhiv_num,COUNTRY,DNK,EUR,Europe,YEAR,2008,,,,,,,,,17 [17-18],17,17,18,,2025-11-11T14:30:16Z,2008,2008-01-01,2008-12-31
4908403,TB_e_mort_exc_tbhiv_num,COUNTRY,KOR,WPR,Western Pacific,YEAR,2005,,,,,,,,,3600 [3300-3900],3600,3300,3900,,2025-11-11T14:30:16Z,2005,2005-01-01,2005-12-31
4924529,TB_e_mort_exc_tbhiv_num,COUNTRY,NOR,EUR,Europe,YEAR,2021,,,,,,,,,10 [10-11],10,10,11,,2025-11-11T14:30:16Z,2021,2021-01-01,2021-12-31
4926617,TB_e_mort_exc_tbhiv_num,COUNTRY,BLZ,AMR,Americas,YEAR,2016,,,,,,,,,6 [6-6],6,6,6,,2025-11-11T14:30:16Z,2016,2016-01-01,2016-12-31
4930787,TB_e_mort_exc_tbhiv_num,COUNTRY,ETH,AFR,Africa,YEAR,2011,,,,,,,,,30 000 [19 000-44 000],30000,19000,44000,,2025-11-11T14:30:16Z,2011,2011-01-01,2011-12-31
4931448,TB_e_mort_exc_tbhiv_num,COUNTRY,CZE,EUR,Europe,YEAR,2016,,,,,,,,,43 [42-43],43,42,43,,2025-11-11T14:30:16Z,2016,2016-01-01,2016-12-31
4933222,TB_e_mort_exc_tbhiv_num,COUNTRY,URY,AMR,Americas,YEAR,2003,,,,,,,,,75 [72-78],75,72,78,,2025-11-11T14:30:16Z,2003,2003-01-01,2003-12-31
4945618,TB_e_mort_exc_tbhiv_num,GLOBAL,GLOBAL,,,YEAR,2011,,,,,,,,,1 480 000 [1 330 000-1 640 000],1480000,1330000,1640000,,2025-11-11T14:30:16Z,2011,2011-01-01,2011-12-31
4952872,TB_e_mort_exc_tbhiv_num,COUNTRY,UZB,EUR,Europe,YEAR,2007,,,,,,,,,3400 [2900-4000],3400,2900,4000,,2025-11-11T14:30:16Z,2007,2007-01-01,2007-12-31
4953664,TB_e_mort_exc_tbhiv_num,COUNTRY,CIV,AFR,Africa,YEAR,2015,,,,,,,,,6600 [4500-9100],6600,4500,9100,,2025-11-11T14:30:16Z,2015,2015-01-01,2015-12-31
4959426,TB_e_mort_exc_tbhiv_num,COUNTRY,BWA,AFR,Africa,YEAR,2011,,,,,,,,,900 [540-1300],900,540,1300,,2025-11-11T14:30:16Z,2011,2011-01-01,2011-12-31
4959651,TB_e_mort_exc_tbhiv_num,COUNTRY,BTN,SEAR,South-East Asia,YEAR,2023,,,,,,,,,270 [190-370],270,190,370,,2025-11-11T14:30:16Z,2023,2023-01-01,2023-12-31
4959885,TB_e_mort_exc_tbhiv_num,COUNTRY,CUB,AMR,Americas,YEAR,2008,,,,,,,,,47 [47-48],47,47,48,,2025-11-11T14:30:16Z,2008,2008-01-01,2008-12-31
4963391,TB_e_mort_exc_tbhiv_num,COUNTRY,SLE,AFR,Africa,YEAR,2009,,,,,,,,,7500 [3200-14 000],7500,3200,14000,,2025-11-11T14:30:16Z,2009,2009-01-01,2009-12-31
4966207,TB_e_mort_exc_tbhiv_num,COUNTRY,AZE,EUR,Europe,YEAR,2017,,,,,,,,,590 [540-640],590,540,640,,2025-11-11T14:30:16Z,2017,2017-01-01,2017-12-31
4970596,TB_e_mort_exc_tbhiv_num,COUNTRY,GTM,AMR,Americas,YEAR,2014,,,,,,,,,340 [320-360],340,320,360,,2025-11-11T14:30:16Z,2014,2014-01-01,2014-12-31
4976074,TB_e_mort_exc_tbhiv_num,COUNTRY,CUB,AMR,Americas,YEAR,2012,,,,,,,,,41 [41-41],41,41,41,,2025-11-11T14:30:16Z,2012,2012-01-01,2012-12-31
4977097,TB_e_mort_exc_tbhiv_num,COUNTRY,AUS,WPR,Western Pacific,YEAR,2003,,,,,,,,,52 [52-52],52,52,52,,2025-11-11T14:30:16Z,2003,2003-01-01,2003-12-31
4981461,TB_e_mort_exc_tbhiv_num,COUNTRY,MYS,WPR,Western Pacific,YEAR,2007,,,,,,,,,1600 [930-2500],1600,930,2500,,2025-11-11T14:30:16Z,2007,2007-01-01,2007-12-31
4981798,TB_e_mort_exc_tbhiv_num,COUNTRY,MNE,EUR,Europe,YEAR,2014,,,,,,,,,1 [1-1],1,1,1,,2025-11-11T14:30:16Z,2014,2014-01-01,2014-12-31
4989814,TB_e_mort_exc_tbhiv_num,COUNTRY,GUY,AMR,Americas,YEAR,2016,,,,,,,,,97 [87-110],97,87,110,,2025-11-11T14:30:16Z,2016,2016-01-01,2016-12-31
4989895,TB_e_mort_exc_tbhiv_num,COUNTRY,GMB,AFR,Africa,YEAR,2004,,,,,,,,,320 [200-460],320,200,460,,2025-11-11T14:30:16Z,2004,2004-01-01,2004-12-31
4994235,TB_e_mort_exc_tbhiv_num,COUNTRY,MYS,WPR,Western Pacific,YEAR,2008,,,,,,,,,1600 [910-2500],1600,910,2500,,2025-11-11T14:30:16Z,2008,2008-01-01,2008-12-31
4996456,TB_e_mort_exc_tbhiv_num,COUNTRY,MDG,AFR,Africa,YEAR,2011,,,,,,,,,12 000 [8500-16 000],12000,8500,16000,,2025-11-11T14:30:16Z,2011,2011-01-01,2011-12-31
5000437,TB_e_mort_exc_tbhiv_num,COUNTRY,EST,EUR,Europe,YEAR,2023,,,,,,,,,9 [9-10],9,9,10,,2025-11-11T14:30:16Z,2023,2023-01-01,2023-12-31
5001842,TB_e_mort_exc_tbhiv_num,COUNTRY,TZA,AFR,Africa,YEAR,2004,,,,,,,,,32 000 [13 000-58 000],32000,13000,58000,,2025-11-11T14:30:16Z,2004,2004-01-01,2004-12-31
5003491,TB_e_mort_exc_tbhiv_num,COUNTRY,ARM,EUR,Europe,YEAR,2006,,,,,,,,,230 [190-280],230,190,280,,2025-11-11T14:30:16Z,2006,2006-01-01,2006-12-31
5006587,TB_e_mort_exc_tbhiv_num,COUNTRY,BLR,EUR,Europe,YEAR,2006,,,,,,,,,1000 [980-1100],1000,980,1100,,2025-11-11T14:30:16Z,2006,2006-01-01,2006-12-31
5008047,TB_e_mort_exc_tbhiv_num,COUNTRY,BEL,EUR,Europe,YEAR,2011,,,,,,,,,53 [52-55],53,52,55,,2025-11-11T14:30:16Z,2011,2011-01-01,2011-12-31
5014788,TB_e_mort_exc_tbhiv_num,COUNTRY,ZMB,AFR,Africa,YEAR,2017,,,,,,,,,5000 [3000-7500],5000,3000,7500,,2025-11-11T14:30:16Z,2017,2017-01-01,2017-12-31
5015760,TB_e_mort_exc_tbhiv_num,COUNTRY,BLR,EUR,Europe,YEAR,2003,,,,,,,,,1200 [1100-1300],1200,1100,1300,,2025-11-11T14:30:16Z,2003,2003-01-01,2003-12-31
5016658,TB_e_mort_exc_tbhiv_num,COUNTRY,MDA,EUR,Europe,YEAR,2014,,,,,,,,,310 [310-310],310,310,310,,2025-11-11T14:30:16Z,2014,2014-01-01,2014-12-31
5020570,TB_e_mort_exc_tbhiv_num,COUNTRY,SAU,EMR,Eastern Mediterranean,YEAR,2003,,,,,,,,,410 [330-480],410,330,480,,2025-11-11T14:30:16Z,2003,2003-01-01,2003-12-31
5021434,TB_e_mort_exc_tbhiv_num,COUNTRY,GMB,AFR,Africa,YEAR,2001,,,,,,,,,370 [220-550],370,220,550,,2025-11-11T14:30:16Z,2001,2001-01-01,2001-12-31
5033512,TB_e_mort_exc_tbhiv_num,COUNTRY,TZA,AFR,Africa,YEAR,2019,,,,,,,,,21 000 [9500-36 000],21000,9500,36000,,2025-11-11T14:30:16Z,2019,2019-01-01,2019-12-31
5034541,TB_e_mort_exc_tbhiv_num,COUNTRY,KWT,EMR,Eastern Mediterranean,YEAR,2019,,,,,,,,,17 [15-19],17,15,19,,2025-11-11T14:30:16Z,2019,2019-01-01,2019-12-31
5034828,TB_e_mort_exc_tbhiv_num,REGION,WPR,,,YEAR,2012,,,,,,,,,224 000 [214 000-234 000],224000,214000,234000,,2025-11-11T14:30:16Z,2012,2012-01-01,2012-12-31
5038627,TB_e_mort_exc_tbhiv_num,WORLDBANKINCOMEGROUP,WB_LMI,,,YEAR,2015,,,,,,,,,861 000 [742 000-988 000],861000,742000,988000,,2025-11-11T14:30:16Z,2015,2015-01-01,2015-12-31
5045236,TB_e_mort_exc_tbhiv_num,COUNTRY,PSE,EMR,Eastern Mediterranean,YEAR,2002,,,,,,,,,25 [17-34],25,17,34,,2025-11-11T14:30:16Z,2002,2002-01-01,2002-12-31
5045683,TB_e_mort_exc_tbhiv_num,COUNTRY,FJI,WPR,Western Pacific,YEAR,2012,,,,,,,,,35 [33-38],35,33,38,,2025-11-11T14:30:16Z,2012,2012-01-01,2012-12-31
5047298,TB_e_mort_exc_tbhiv_num,COUNTRY,SVK,EUR,Europe,YEAR,2015,,,,,,,,,35 [34-35],35,34,35,,2025-11-11T14:30:16Z,2015,2015-01-01,2015-12-31
5047885,TB_e_mort_exc_tbhiv_num,COUNTRY,NPL,SEAR,South-East Asia,YEAR,2021,,,,,,,,,17 000 [9600-27 000],17000,9600,27000,,2025-11-11T14:30:16Z,2021,2021-01-01,2021-12-31
5054006,TB_e_mort_exc_tbhiv_num,COUNTRY,FSM,WPR,Western Pacific,YEAR,2024,,,,,,,,,72 [49-98],72,49,98,,2025-11-11T14:30:16Z,2024,2024-01-01,2024-12-31
5057353,TB_e_mort_exc_tbhiv_num,COUNTRY,COL,AMR,Americas,YEAR,2023,,,,,,,,,2100 [1700-2500],2100,1700,2500,,2025-11-11T14:30:16Z,2023,2023-01-01,2023-12-31
5059611,TB_e_mort_exc_tbhiv_num,REGION,EMR,,,YEAR,2022,,,,,,,,,83 000 [70 000-96 000],83000,70000,96000,,2025-11-11T14:30:16Z,2022,2022-01-01,2022-12-31
5061289,TB_e_mort_exc_tbhiv_num,COUNTRY,DZA,AFR,Africa,YEAR,2000,,,,,,,,,8200 [5700-11 000],8200,5700,11000,,2025-11-11T14:30:16Z,2000,2000-01-01,2000-12-31
5066166,TB_e_mort_exc_tbhiv_num,COUNTRY,AFG,EMR,Eastern Mediterranean,YEAR,2012,,,,,,,,,14 000 [9900-19 000],14000,9900,19000,,2025-11-11T14:30:16Z,2012,2012-01-01,2012-12-31
5072118,TB_e_mort_exc_tbhiv_num,COUNTRY,URY,AMR,Americas,YEAR,2024,,,,,,,,,180 [150-220],180,150,220,,2025-11-11T14:30:16Z,2024,2024-01-01,2024-12-31
5073847,TB_e_mort_exc_tbhiv_num,COUNTRY,HTI,AMR,Americas,YEAR,2011,,,,,,,,,1000 [730-1400],1000,730,1400,,2025-11-11T14:30:16Z,2011,2011-01-01,2011-12-31
5079837,TB_e_mort_exc_tbhiv_num,COUNTRY,SOM,EMR,Eastern Mediterranean,YEAR,2004,,,,,,,,,9800 [7000-13 000],9800,7000,13000,,2025-11-11T14:30:16Z,2004,2004-01-01,2004-12-31
5084359,TB_e_mort_exc_tbhiv_num,COUNTRY,TUR,EUR,Europe,YEAR,2004,,,,,,,,,550 [350-800],550,350,800,,2025-11-11T14:30:16Z,2004,2004-01-01,2004-12-31
5089138,TB_e_mort_exc_tbhiv_num,COUNTRY,BFA,AFR,Africa,YEAR,2011,,,,,,,,,2700 [1200-4800],2700,1200,4800,,2025-11-11T14:30:16Z,2011,2011-01-01,2011-12-31
5096030,TB_e_mort_exc_tbhiv_num,COUNTRY,BDI,AFR,Africa,YEAR,2001,,,,,,,,,2000 [1100-3000],2000,1100,3000,,2025-11-11T14:30:16Z,2001,2001-01-01,2001-12-31
5096652,TB_e_mort_exc_tbhiv_num,COUNTRY,TZA,AFR,Africa,YEAR,2022,,,,,,,,,12 000 [5200-21 000],12000,5200,21000,,2025-11-11T14:30:16Z,2022,2022-01-01,2022-12-31
5097360,TB_e_mort_exc_tbhiv_num,COUNTRY,SYR,EMR,Eastern Mediterranean,YEAR,2013,,,,,,,,,29 [26-32],29,26,32,,2025-11-11T14:30:16Z,2013,2013-01-01,2013-12-31
5098093,TB_e_mort_exc_tbhiv_num,COUNTRY,LUX,EUR,Europe,YEAR,2017,,,,,,,,,3 [3-3],3,3,3,,2025-11-11T14:30:16Z,2017,2017-01-01,2017-12-31
5102427,TB_e_mort_exc_tbhiv_num,COUNTRY,BRN,WPR,Western Pacific,YEAR,2002,,,,,,,,,10 [10-10],10,10,10,,2025-11-11T14:30:16Z,2002,2002-01-01,2002-12-31
5104907,TB_e_mort_exc_tbhiv_num,WORLDBANKINCOMEGROUP,WB_UMI,,,YEAR,2012,,,,,,,,,219 000 [212 000-228 000],219000,212000,228000,,2025-11-11T14:30:16Z,2012,2012-01-01,2012-12-31
5108624,TB_e_mort_exc_tbhiv_num,COUNTRY,TLS,SEAR,South-East Asia,YEAR,2013,,,,,,,,,1100 [830-1500],1100,830,1500,,2025-11-11T14:30:16Z,2013,2013-01-01,2013-12-31
5109145,TB_e_mort_exc_tbhiv_num,WORLDBANKINCOMEGROUP,WB_HI,,,YEAR,2007,,,,,,,,,44 000 [44 000-45 000],44000,44000,45000,,2025-11-11T14:30:16Z,2007,2007-01-01,2007-12-31
5111120,TB_e_mort_exc_tbhiv_num,COUNTRY,UKR,EUR,Europe,YEAR,2008,,,,,,,,,11 000 [10 000-11 000],11000,10000,11000,,2025-11-11T14:30:16Z,2008,2008-01-01,2008-12-31
5114623,TB_e_mort_exc_tbhiv_num,COUNTRY,SEN,AFR,Africa,YEAR,2006,,,,,,,,,4500 [3100-6200],4500,3100,6200,,2025-11-11T14:30:16Z,2006,2006-01-01,2006-12-31
5115218,TB_e_mort_exc_tbhiv_num,COUNTRY,ITA,EUR,Europe,YEAR,2014,,,,,,,,,290 [290-290],290,290,290,,2025-11-11T14:30:16Z,2014,2014-01-01,2014-12-31
5115512,TB_e_mort_exc_tbhiv_num,COUNTRY,ROU,EUR,Europe,YEAR,2019,,,,,,,,,910 [910-920],910,910,920,,2025-11-11T14:30:16Z,2019,2019-01-01,2019-12-31
5128184,TB_e_mort_exc_tbhiv_num,COUNTRY,CIV,AFR,Africa,YEAR,2004,,,,,,,,,4900 [2700-7800],4900,2700,7800,,2025-11-11T14:30:16Z,2004,2004-01-01,2004-12-31
5133795,TB_e_mort_exc_tbhiv_num,COUNTRY,BWA,AFR,Africa,YEAR,2018,,,,,,,,,690 [450-970],690,450,970,,2025-11-11T14:30:16Z,2018,2018-01-01,2018-12-31
5143006,TB_e_mort_exc_tbhiv_num,COUNTRY,MDG,AFR,Africa,YEAR,2003,,,,,,,,,9800 [7000-13 000],9800,7000,13000,,2025-11-11T14:30:16Z,2003,2003-01-01,2003-12-31
5146859,TB_e_mort_exc_tbhiv_num,COUNTRY,GTM,AMR,Americas,YEAR,2010,,,,,,,,,370 [340-390],370,340,390,,2025-11-11T14:30:16Z,2010,2010-01-01,2010-12-31
5149999,TB_e_mort_exc_tbhiv_num,COUNTRY,GRC,EUR,Europe,YEAR,2018,,,,,,,,,50 [49-52],50,49,52,,2025-11-11T14:30:16Z,2018,2018-01-01,2018-12-31
5150020,TB_e_mort_exc_tbhiv_num,COUNTRY,ITA,EUR,Europe,YEAR,2006,,,,,,,,,410 [410-420],410,410,420,,2025-11-11T14:30:16Z,2006,2006-01-01,2006-12-31
5150095,TB_e_mort_exc_tbhiv_num,COUNTRY,GBR,EUR,Europe,YEAR,2018,,,,,,,,,270 [260-280],270,260,280,,2025-11-11T14:30:16Z,2018,2018-01-01,2018-12-31
5153360,TB_e_mort_exc_tbhiv_num,COUNTRY,JAM,AMR,Americas,YEAR,2015,,,,,,,,,7 [7-7],7,7,7,,2025-11-11T14:30:16Z,2015,2015-01-01,2015-12-31
5155049,TB_e_mort_exc_tbhiv_num,REGION,SEAR,,,YEAR,2003,,,,,,,,,932 000 [751 000-1 130 000],932000,751000,1130000,,2025-11-11T14:30:16Z,2003,2003-01-01,2003-12-31
5159892,TB_e_mort_exc_tbhiv_num,COUNTRY,BRN,WPR,Western Pacific,YEAR,2018,,,,,,,,,14 [13-15],14,13,15,,2025-11-11T14:30:16Z,2018,2018-01-01,2018-12-31
5161349,TB_e_mort_exc_tbhiv_num,COUNTRY,DJI,EMR,Eastern Mediterranean,YEAR,2003,,,,,,,,,5400 [3400-7900],5400,3400,7900,,2025-11-11T14:30:16Z,2003,2003-01-01,2003-12-31
5161602,TB_e_mort_exc_tbhiv_num,WORLDBANKINCOMEGROUP,WB_UMI,,,YEAR,2002,,,,,,,,,311 000 [289 000-334 000],311000,289000,334000,,2025-11-11T14:30:16Z,2002,2002-01-01,2002-12-31
5165047,TB_e_mort_exc_tbhiv_num,COUNTRY,GAB,AFR,Africa,YEAR,2014,,,,,,,,,1200 [710-1700],1200,710,1700,,2025-11-11T14:30:16Z,2014,2014-01-01,2014-12-31
5166559,TB_e_mort_exc_tbhiv_num,COUNTRY,TUR,EUR,Europe,YEAR,2015,,,,,,,,,550 [540-560],550,540,560,,2025-11-11T14:30:16Z,2015,2015-01-01,2015-12-31
5167269,TB_e_mort_exc_tbhiv_num,COUNTRY,JOR,EMR,Eastern Mediterranean,YEAR,2021,,,,,,,,,10 [8-11],10,8,11,,2025-11-11T14:30:16Z,2021,2021-01-01,2021-12-31
5167637,TB_e_mort_exc_tbhiv_num,COUNTRY,HRV,EUR,Europe,YEAR,2024,,,,,,,,,34 [34-34],34,34,34,,2025-11-11T14:30:16Z,2024,2024-01-01,2024-12-31
5168204,TB_e_mort_exc_tbhiv_num,COUNTRY,IRL,EUR,Europe,YEAR,2018,,,,,,,,,25 [25-25],25,25,25,,2025-11-11T14:30:16Z,2018,2018-01-01,2018-12-31
5168485,TB_e_mort_exc_tbhiv_num,COUNTRY,EGY,EMR,Eastern Mediterranean,YEAR,2017,,,,,,,,,450 [400-490],450,400,490,,2025-11-11T14:30:16Z,2017,2017-01-01,2017-12-31
5168903,TB_e_mort_exc_tbhiv_num,COUNTRY,MEX,AMR,Americas,YEAR,2004,,,,,,,,,2800 [2700-2900],2800,2700,2900,,2025-11-11T14:30:16Z,2004,2004-01-01,2004-12-31
5172998,TB_e_mort_exc_tbhiv_num,COUNTRY,IND,SEAR,South-East Asia,YEAR,2024,,,,,,,,,300 000 [233 000-375 000],300000,233000,375000,,2025-11-11T14:30:16Z,2024,2024-01-01,2024-12-31
5173058,TB_e_mort_exc_tbhiv_num,COUNTRY,LBR,AFR,Africa,YEAR,2008,,,,,,,,,2400 [1600-3400],2400,1600,3400,,2025-11-11T14:30:16Z,2008,2008-01-01,2008-12-31
5173275,TB_e_mort_exc_tbhiv_num,COUNTRY,FIN,EUR,Europe,YEAR,2020,,,,,,,,,21 [21-21],21,21,21,,2025-11-11T14:30:16Z,2020,2020-01-01,2020-12-31
5178620,TB_e_mort_exc_tbhiv_num,COUNTRY,BTN,SEAR,South-East Asia,YEAR,2017,,,,,,,,,350 [240-480],350,240,480,,2025-11-11T14:30:16Z,2017,2017-01-01,2017-12-31
5181048,TB_e_mort_exc_tbhiv_num,COUNTRY,ETH,AFR,Africa,YEAR,2020,,,,,,,,,21 000 [13 000-31 000],21000,13000,31000,,2025-11-11T14:30:16Z,2020,2020-01-01,2020-12-31
5181520,TB_e_mort_exc_tbhiv_num,COUNTRY,NAM,AFR,Africa,YEAR,2024,,,,,,,,,1600 [900-2600],1600,900,2600,,2025-11-11T14:30:16Z,2024,2024-01-01,2024-12-31
5181808,TB_e_mort_exc_tbhiv_num,COUNTRY,SOM,EMR,Eastern Mediterranean,YEAR,2020,,,,,,,,,5300 [3700-7300],5300,3700,7300,,2025-11-11T14:30:16Z,2020,2020-01-01,2020-12-31
5184766,TB_e_mort_exc_tbhiv_num,COUNTRY,LSO,AFR,Africa,YEAR,2021,,,,,,,,,1600 [370-3700],1600,370,3700,,2025-11-11T14:30:16Z,2021,2021-01-01,2021-12-31
5190786,TB_e_mort_exc_tbhiv_num,COUNTRY,KAZ,EUR,Europe,YEAR,2005,,,,,,,,,3800 [3700-3900],3800,3700,3900,,2025-11-11T14:30:16Z,2005,2005-01-01,2005-12-31
5192639,TB_e_mort_exc_tbhiv_num,COUNTRY,MRT,AFR,Africa,YEAR,2006,,,,,,,,,1200 [850-1700],1200,850,1700,,2025-11-11T14:30:16Z,2006,2006-01-01,2006-12-31
5193690,TB_e_mort_exc_tbhiv_num,COUNTRY,MDV,SEAR,South-East Asia,YEAR,2020,,,,,,,,,10 [9-11],10,9,11,,2025-11-11T14:30:16Z,2020,2020-01-01,2020-12-31
5198247,TB_e_mort_exc_tbhiv_num,COUNTRY,CYP,EUR,Europe,YEAR,2024,,,,,,,,,5 [5-6],5,5,6,,2025-11-11T14:30:16Z,2024,2024-01-01,2024-12-31
5210445,TB_e_mort_exc_tbhiv_num,COUNTRY,GNB,AFR,Africa,YEAR,2018,,,,,,,,,510 [350-700],510,350,700,,2025-11-11T14:30:16Z,2018,2018-01-01,2018-12-31
5217707,TB_e_mort_exc_tbhiv_num,COUNTRY,IDN,WPR,Western Pacific,YEAR,2024,,,,,,,,,118 000 [100 000-136 000],118000,100000,136000,,2025-11-11T14:30:16Z,2024,2024-01-01,2024-12-31
5229545,TB_e_mort_exc_tbhiv_num,COUNTRY,GEO,EUR,Europe,YEAR,2020,,,,,,,,,83 [77-90],83,77,90,,2025-11-11T14:30:16Z,2020,2020-01-01,2020-12-31
5229655,TB_e_mort_exc_tbhiv_num,COUNTRY,JOR,EMR,Eastern Mediterranean,YEAR,2019,,,,,,,,,9 [8-11],9,8,11,,2025-11-11T14:30:16Z,2019,2019-01-01,2019-12-31
5230768,TB_e_mort_exc_tbhiv_num,COUNTRY,PAK,EMR,Eastern Mediterranean,YEAR,2002,,,,,,,,,58 000 [51 000-65 000],58000,51000,65000,,2025-11-11T14:30:16Z,2002,2002-01-01,2002-12-31
5232553,TB_e_mort_exc_tbhiv_num,COUNTRY,ALB,EUR,Europe,YEAR,2023,,,,,,,,,8 [5-13],8,5,13,,2025-11-11T14:30:16Z,2023,2023-01-01,2023-12-31
5236005,TB_e_mort_exc_tbhiv_num,COUNTRY,TTO,AMR,Americas,YEAR,2015,,,,,,,,,21 [21-21],21,21,21,,2025-11-11T14:30:16Z,2015,2015-01-01,2015-12-31
5236113,TB_e_mort_exc_tbhiv_num,WORLDBANKINCOMEGROUP,WB_HI,,,YEAR,2020,,,,,,,,,17 000 [17 000-18 000],17000,17000,18000,,2025-11-11T14:30:16Z,2020,2020-01-01,2020-12-31
5237814,TB_e_mort_exc_tbhiv_num,COUNTRY,TLS,SEAR,South-East Asia,YEAR,2007,,,,,,,,,2300 [1700-3000],2300,1700,3000,,2025-11-11T14:30:16Z,2007,2007-01-01,2007-12-31
5242533,TB_e_mort_exc_tbhiv_num,COUNTRY,NAM,AFR,Africa,YEAR,2023,,,,,,,,,1600 [950-2500],1600,950,2500,,2025-11-11T14:30:16Z,2023,2023-01-01,2023-12-31
5243014,TB_e_mort_exc_tbhiv_num,COUNTRY,COL,AMR,Americas,YEAR,2018,,,,,,,,,1200 [1200-1200],1200,1200,1200,,2025-11-11T14:30:16Z,2018,2018-01-01,2018-12-31
5243354,TB_e_mort_exc_tbhiv_num,COUNTRY,MDA,EUR,Europe,YEAR,2024,,,,,,,,,190 [160-230],190,160,230,,2025-11-11T14:30:16Z,2024,2024-01-01,2024-12-31
5244882,TB_e_mort_exc_tbhiv_num,COUNTRY,BLZ,AMR,Americas,YEAR,2008,,,,,,,,,15 [15-15],15,15,15,,2025-11-11T14:30:16Z,2008,2008-01-01,2008-12-31
5253960,TB_e_mort_exc_tbhiv_num,COUNTRY,KIR,WPR,Western Pacific,YEAR,2006,,,,,,,,,43 [37-48],43,37,48,,2025-11-11T14:30:16Z,2006,2006-01-01,2006-12-31
5254868,TB_e_mort_exc_tbhiv_num,COUNTRY,JPN,WPR,Western Pacific,YEAR,2020,,,,,,,,,2900 [2700-3100],2900,2700,3100,,2025-11-11T14:30:16Z,2020,2020-01-01,2020-12-31
5257572,TB_e_mort_exc_tbhiv_num,COUNTRY,JOR,EMR,Eastern Mediterranean,YEAR,2009,,,,,,,,,25 [21-30],25,21,30,,2025-11-11T14:30:16Z,2009,2009-01-01,2009-12-31
5257739,TB_e_mort_exc_tbhiv_num,COUNTRY,SDN,EMR,Eastern Mediterranean,YEAR,2021,,,,,,,,,4600 [2800-6800],4600,2800,6800,,2025-11-11T14:30:16Z,2021,2021-01-01,2021-12-31
5261233,TB_e_mort_exc_tbhiv_num,COUNTRY,GHA,AFR,Africa,YEAR,2023,,,,,,,,,9900 [4200-18 000],9900,4200,18000,,2025-11-11T14:30:16Z,2023,2023-01-01,2023-12-31
5263631,TB_e_mort_exc_tbhiv_num,COUNTRY,TCD,AFR,Africa,YEAR,2005,,,,,,,,,2600 [1700-3800],2600,1700,3800,,2025-11-11T14:30:16Z,2005,2005-01-01,2005-12-31
5263755,TB_e_mort_exc_tbhiv_num,COUNTRY,GTM,AMR,Americas,YEAR,2002,,,,,,,,,450 [420-490],450,420,490,,2025-11-11T14:30:16Z,2002,2002-01-01,2002-12-31
5269139,TB_e_mort_exc_tbhiv_num,COUNTRY,AFG,EMR,Eastern Mediterranean,YEAR,2015,,,,,,,,,15 000 [10 000-20 000],15000,10000,20000,,2025-11-11T14:30:16Z,2015,2015-01-01,2015-12-31
5269976,TB_e_mort_exc_tbhiv_num,COUNTRY,GNQ,AFR,Africa,YEAR,2017,,,,,,,,,580 [240-1100],580,240,1100,,2025-11-11T14:30:16Z,2017,2017-01-01,2017-12-31
5273288,TB_e_mort_exc_tbhiv_num,COUNTRY,MDA,EUR,Europe,YEAR,2013,,,,,,,,,330 [320-330],330,320,330,,2025-11-11T14:30:16Z,2013,2013-01-01,2013-12-31
5273497,TB_e_mort_exc_tbhiv_num,COUNTRY,CHE,EUR,Europe,YEAR,2021,,,,,,,,,16 [15-16],16,15,16,,2025-11-11T14:30:16Z,2021,2021-01-01,2021-12-31
5275768,TB_e_mort_exc_tbhiv_num,COUNTRY,SDN,EMR,Eastern Mediterranean,YEAR,2008,,,,,,,,,11 000 [5600-18 000],11000,5600,18000,,2025-11-11T14:30:16Z,2008,2008-01-01,2008-12-31
5276558,TB_e_mort_exc_tbhiv_num,COUNTRY,GMB,AFR,Africa,YEAR,2005,,,,,,,,,370 [230-550],370,230,550,,2025-11-11T14:30:16Z,2005,2005-01-01,2005-12-31
5276962,TB_e_mort_exc_tbhiv_num,COUNTRY,ZAF,AFR,Africa,YEAR,2020,,,,,,,,,23 000 [22 000-24 000],23000,22000,24000,,2025-11-11T14:30:16Z,2020,2020-01-01,2020-12-31
5280800,TB_e_mort_exc_tbhiv_num,COUNTRY,BGR,EUR,Europe,YEAR,2004,,,,,,,,,300 [290-320],300,290,320,,2025-11-11T14:30:16Z,2004,2004-01-01,2004-12-31
5281284,TB_e_mort_exc_tbhiv_num,COUNTRY,MYS,WPR,Western Pacific,YEAR,2010,,,,,,,,,1700 [820-2900],1700,820,2900,,2025-11-11T14:30:16Z,2010,2010-01-01,2010-12-31
5281721,TB_e_mort_exc_tbhiv_num,COUNTRY,HUN,EUR,Europe,YEAR,2022,,,,,,,,,56 [52-59],56,52,59,,2025-11-11T14:30:16Z,2022,2022-01-01,2022-12-31
5291834,TB_e_mort_exc_tbhiv_num,COUNTRY,HKG,,,YEAR,2016,,,,,,,,,170 [170-170],170,170,170,,2025-11-11T14:30:16Z,2016,2016-01-01,2016-12-31
5292971,TB_e_mort_exc_tbhiv_num,COUNTRY,GBR,EUR,Europe,YEAR,2024,,,,,,,,,240 [230-240],240,230,240,,2025-11-11T14:30:16Z,2024,2024-01-01,2024-12-31
5300159,TB_e_mort_exc_tbhiv_num,COUNTRY,NZL,WPR,Western Pacific,YEAR,2001,,,,,,,,,11 [11-11],11,11,11,,2025-11-11T14:30:16Z,2001,2001-01-01,2001-12-31
5300257,TB_e_mort_exc_tbhiv_num,COUNTRY,PRT,EUR,Europe,YEAR,2021,,,,,,,,,240 [240-250],240,240,250,,2025-11-11T14:30:16Z,2021,2021-01-01,2021-12-31
5301920,TB_e_mort_exc_tbhiv_num,COUNTRY,KIR,WPR,Western Pacific,YEAR,2024,,,,,,,,,49 [42-58],49,42,58,,2025-11-11T14:30:16Z,2024,2024-01-01,2024-12-31
5306390,TB_e_mort_exc_tbhiv_num,COUNTRY,POL,EUR,Europe,YEAR,2019,,,,,,,,,530 [490-560],530,490,560,,2025-11-11T14:30:16Z,2019,2019-01-01,2019-12-31
5312001,TB_e_mort_exc_tbhiv_num,COUNTRY,BOL,AMR,Americas,YEAR,2013,,,,,,,,,1400 [1000-1700],1400,1000,1700,,2025-11-11T14:30:16Z,2013,2013-01-01,2013-12-31
5313070,TB_e_mort_exc_tbhiv_num,COUNTRY,ARE,EMR,Eastern Mediterranean,YEAR,2019,,,,,,,,,63 [36-97],63,36,97,,2025-11-11T14:30:16Z,2019,2019-01-01,2019-12-31
5314078,TB_e_mort_exc_tbhiv_num,COUNTRY,GIN,AFR,Africa,YEAR,2005,,,,,,,,,3200 [2100-4500],3200,2100,4500,,2025-11-11T14:30:16Z,2005,2005-01-01,2005-12-31
5317148,TB_e_mort_exc_tbhiv_num,COUNTRY,AUT,EUR,Europe,YEAR,2020,,,,,,,,,41 [41-42],41,41,42,,2025-11-11T14:30:16Z,2020,2020-01-01,2020-12-31
5317789,TB_e_mort_exc_tbhiv_num,REGION,EUR,,,YEAR,2011,,,,,,,,,45 000 [43 000-46 000],45000,43000,46000,,2025-11-11T14:30:16Z,2011,2011-01-01,2011-12-31
5324376,TB_e_mort_exc_tbhiv_num,COUNTRY,STP,AFR,Africa,YEAR,2011,,,,,,,,,68 [47-94],68,47,94,,2025-11-11T14:30:16Z,2011,2011-01-01,2011-12-31
5325064,TB_e_mort_exc_tbhiv_num,COUNTRY,DOM,AMR,Americas,YEAR,2015,,,,,,,,,400 [240-600],400,240,600,,2025-11-11T14:30:16Z,2015,2015-01-01,2015-12-31
5332564,TB_e_mort_exc_tbhiv_num,COUNTRY,GIN,AFR,Africa,YEAR,2007,,,,,,,,,3000 [2000-4200],3000,2000,4200,,2025-11-11T14:30:16Z,2007,2007-01-01,2007-12-31
5337442,TB_e_mort_exc_tbhiv_num,COUNTRY,ALB,EUR,Europe,YEAR,2009,,,,,,,,,5 [3-7],5,3,7,,2025-11-11T14:30:16Z,2009,2009-01-01,2009-12-31
5337692,TB_e_mort_exc_tbhiv_num,COUNTRY,PSE,EMR,Eastern Mediterranean,YEAR,2004,,,,,,,,,10 [7-14],10,7,14,,2025-11-11T14:30:16Z,2004,2004-01-01,2004-12-31
5342980,TB_e_mort_exc_tbhiv_num,COUNTRY,BGR,EUR,Europe,YEAR,2008,,,,,,,,,250 [240-260],250,240,260,,2025-11-11T14:30:16Z,2008,2008-01-01,2008-12-31
5349187,TB_e_mort_exc_tbhiv_num,COUNTRY,COG,AFR,Africa,YEAR,2020,,,,,,,,,2000 [1400-2800],2000,1400,2800,,2025-11-11T14:30:16Z,2020,2020-01-01,2020-12-31
5352444,TB_e_mort_exc_tbhiv_num,COUNTRY,MAC,,,YEAR,2008,,,,,,,,,160 [110-220],160,110,220,,2025-11-11T14:30:16Z,2008,2008-01-01,2008-12-31
5355659,TB_e_mort_exc_tbhiv_num,COUNTRY,GNB,AFR,Africa,YEAR,2023,,,,,,,,,410 [270-570],410,270,570,,2025-11-11T14:30:16Z,2023,2023-01-01,2023-12-31
5355783,TB_e_mort_exc_tbhiv_num,COUNTRY,ESP,EUR,Europe,YEAR,2004,,,,,,,,,460 [450-470],460,450,470,,2025-11-11T14:30:16Z,2004,2004-01-01,2004-12-31
5356945,TB_e_mort_exc_tbhiv_num,COUNTRY,BRA,AMR,Americas,YEAR,2004,,,,,,,,,6400 [5900-6900],6400,5900,6900,,2025-11-11T14:30:16Z,2004,2004-01-01,2004-12-31
5363824,TB_e_mort_exc_tbhiv_num,REGION,AFR,,,YEAR,2000,,,,,,,,,408 000 [318 000-509 000],408000,318000,509000,,2025-11-11T14:30:16Z,2000,2000-01-01,2000-12-31
5365017,TB_e_mort_exc_tbhiv_num,COUNTRY,DNK,EUR,Europe,YEAR,2021,,,,,,,,,9 [8-9],9,8,9,,2025-11-11T14:30:16Z,2021,2021-01-01,2021-12-31
5370338,TB_e_mort_exc_tbhiv_num,COUNTRY,SAU,EMR,Eastern Mediterranean,YEAR,2013,,,,,,,,,280 [250-320],280,250,320,,2025-11-11T14:30:16Z,2013,2013-01-01,2013-12-31
5374561,TB_e_mort_exc_tbhiv_num,COUNTRY,TLS,SEAR,South-East Asia,YEAR,2022,,,,,,,,,380 [210-600],380,210,600,,2025-11-11T14:30:16Z,2022,2022-01-01,2022-12-31
5375157,TB_e_mort_exc_tbhiv_num,COUNTRY,BHS,AMR,Americas,YEAR,2016,,,,,,,,,6 [5-7],6,5,7,,2025-11-11T14:30:16Z,2016,2016-01-01,2016-12-31
5376549,TB_e_mort_exc_tbhiv_num,COUNTRY,COL,AMR,Americas,YEAR,2019,,,,,,,,,1200 [1200-1200],1200,1200,1200,,2025-11-11T14:30:16Z,2019,2019-01-01,2019-12-31
5376816,TB_e_mort_exc_tbhiv_num,COUNTRY,JAM,AMR,Americas,YEAR,2003,,,,,,,,,33 [31-36],33,31,36,,2025-11-11T14:30:16Z,2003,2003-01-01,2003-12-31
5380495,TB_e_mort_exc_tbhiv_num,COUNTRY,GEO,EUR,Europe,YEAR,2002,,,,,,,,,310 [290-320],310,290,320,,2025-11-11T14:30:16Z,2002,2002-01-01,2002-12-31
5384400,TB_e_mort_exc_tbhiv_num,COUNTRY,GRC,EUR,Europe,YEAR,2014,,,,,,,,,55 [54-57],55,54,57,,2025-11-11T14:30:16Z,2014,2014-01-01,2014-12-31
5395360,TB_e_mort_exc_tbhiv_num,WORLDBANKINCOMEGROUP,WB_LI,,,YEAR,2015,,,,,,,,,215 000 [152 000-289 000],215000,152000,289000,,2025-11-11T14:30:16Z,2015,2015-01-01,2015-12-31
5396030,TB_e_mort_exc_tbhiv_num,COUNTRY,ZMB,AFR,Africa,YEAR,2015,,,,,,,,,5000 [2900-7500],5000,2900,7500,,2025-11-11T14:30:16Z,2015,2015-01-01,2015-12-31
5400081,TB_e_mort_exc_tbhiv_num,COUNTRY,CPV,AFR,Africa,YEAR,2020,,,,,,,,,25 [16-36],25,16,36,,2025-11-11T14:30:16Z,2020,2020-01-01,2020-12-31
5402343,TB_e_mort_exc_tbhiv_num,COUNTRY,KWT,EMR,Eastern Mediterranean,YEAR,2008,,,,,,,,,22 [21-22],22,21,22,,2025-11-11T14:30:16Z,2008,2008-01-01,2008-12-31
5407276,TB_e_mort_exc_tbhiv_num,COUNTRY,CHN,WPR,Western Pacific,YEAR,2022,,,,,,,,,27 000 [24 000-29 000],27000,24000,29000,,2025-11-11T14:30:16Z,2022,2022-01-01,2022-12-31
5408671,TB_e_mort_exc_tbhiv_num,COUNTRY,LTU,EUR,Europe,YEAR,2024,,,,,,,,,130 [100-150],130,100,150,,2025-11-11T14:30:16Z,2024,2024-01-01,2024-12-31
5412051,TB_e_mort_exc_tbhiv_num,COUNTRY,SVN,EUR,Europe,YEAR,2016,,,,,,,,,7 [7-7],7,7,7,,2025-11-11T14:30:16Z,2016,2016-01-01,2016-12-31
5419542,TB_e_mort_exc_tbhiv_num,COUNTRY,SDN,EMR,Eastern Mediterranean,YEAR,2010,,,,,,,,,12 000 [6100-20 000],12000,6100,20000,,2025-11-11T14:30:16Z,2010,2010-01-01,2010-12-31
5422016,TB_e_mort_exc_tbhiv_num,REGION,AMR,,,YEAR,2009,,,,,,,,,20 000 [19 000-20 000],20000,19000,20000,,2025-11-11T14:30:16Z,2009,2009-01-01,2009-12-31
5422169,TB_e_mort_exc_tbhiv_num,COUNTRY,TZA,AFR,Africa,YEAR,2018,,,,,,,,,23 000 [10 000-40 000],23000,10000,40000,,2025-11-11T14:30:16Z,2018,2018-01-01,2018-12-31
5422272,TB_e_mort_exc_tbhiv_num,COUNTRY,NOR,EUR,Europe,YEAR,2023,,,,,,,,,4 [4-4],4,4,4,,2025-11-11T14:30:16Z,2023,2023-01-01,2023-12-31
5425021,TB_e_mort_exc_tbhiv_num,COUNTRY,LUX,EUR,Europe,YEAR,2015,,,,,,,,,1 [1-1],1,1,1,,2025-11-11T14:30:16Z,2015,2015-01-01,2015-12-31
5425794,TB_e_mort_exc_tbhiv_num,COUNTRY,SAU,EMR,Eastern Mediterranean,YEAR,2017,,,,,,,,,230 [200-260],230,200,260,,2025-11-11T14:30:16Z,2017,2017-01-01,2017-12-31
5426921,TB_e_mort_exc_tbhiv_num,COUNTRY,HRV,EUR,Europe,YEAR,2006,,,,,,,,,140 [140-140],140,140,140,,2025-11-11T14:30:16Z,2006,2006-01-01,2006-12-31
5426946,TB_e_mort_exc_tbhiv_num,COUNTRY,LAO,WPR,Western Pacific,YEAR,2007,,,,,,,,,4800 [2900-7300],4800,2900,7300,,2025-11-11T14:30:16Z,2007,2007-01-01,2007-12-31
5428279,TB_e_mort_exc_tbhiv_num,COUNTRY,TJK,EUR,Europe,YEAR,2002,,,,,,,,,970 [900-1000],970,900,1000,,2025-11-11T14:30:16Z,2002,2002-01-01,2002-12-31
5428329,TB_e_mort_exc_tbhiv_num,COUNTRY,SVK,EUR,Europe,YEAR,2009,,,,,,,,,43 [42-43],43,42,43,,2025-11-11T14:30:16Z,2009,2009-01-01,2009-12-31
5433150,TB_e_mort_exc_tbhiv_num,COUNTRY,EST,EUR,Europe,YEAR,2000,,,,,,,,,140 [120-170],140,120,170,,2025-11-11T14:30:16Z,2000,2000-01-01,2000-12-31
5438801,TB_e_mort_exc_tbhiv_num,COUNTRY,AUS,WPR,Western Pacific,YEAR,2023,,,,,,,,,36 [35-36],36,35,36,,2025-11-11T14:30:16Z,2023,2023-01-01,2023-12-31
5439161,TB_e_mort_exc_tbhiv_num,COUNTRY,BGR,EUR,Europe,YEAR,2002,,,,,,,,,330 [300-350],330,300,350,,2025-11-11T14:30:16Z,2002,2002-01-01,2002-12-31
5441471,TB_e_mort_exc_tbhiv_num,COUNTRY,GIN,AFR,Africa,YEAR,2003,,,,,,,,,2500 [1600-3600],2500,1600,3600,,2025-11-11T14:30:16Z,2003,2003-01-01,2003-12-31
5451337,TB_e_mort_exc_tbhiv_num,COUNTRY,LSO,AFR,Africa,YEAR,2019,,,,,,,,,1300 [720-1900],1300,720,1900,,2025-11-11T14:30:16Z,2019,2019-01-01,2019-12-31
5459472,TB_e_mort_exc_tbhiv_num,COUNTRY,NGA,AFR,Africa,YEAR,2003,,,,,,,,,90 000 [50 000-142 000],90000,50000,142000,,2025-11-11T14:30:16Z,2003,2003-01-01,2003-12-31
5459952,TB_e_mort_exc_tbhiv_num,COUNTRY,ECU,AMR,Americas,YEAR,2004,,,,,,,,,1100 [870-1300],1100,870,1300,,2025-11-11T14:30:16Z,2004,2004-01-01,2004-12-31
5481598,TB_e_mort_exc_tbhiv_num,COUNTRY,RUS,EUR,Europe,YEAR,2009,,,,,,,,,25 000 [24 000-26 000],25000,24000,26000,,2025-11-11T14:30:16Z,2009,2009-01-01,2009-12-31
5484125,TB_e_mort_exc_tbhiv_num,COUNTRY,BLR,EUR,Europe,YEAR,2024,,,,,,,,,190 [180-200],190,180,200,,2025-11-11T14:30:16Z,2024,2024-01-01,2024-12-31
5488406,TB_e_mort_exc_tbhiv_num,COUNTRY,SRB,EUR,Europe,YEAR,2013,,,,,,,,,140 [130-140],140,130,140,,2025-11-11T14:30:16Z,2013,2013-01-01,2013-12-31
5490118,TB_e_mort_exc_tbhiv_num,COUNTRY,BDI,AFR,Africa,YEAR,2006,,,,,,,,,2600 [1700-3800],2600,1700,3800,,2025-11-11T14:30:16Z,2006,2006-01-01,2006-12-31
5496645,TB_e_mort_exc_tbhiv_num,COUNTRY,NZL,WPR,Western Pacific,YEAR,2014,,,,,,,,,13 [13-13],13,13,13,,2025-11-11T14:30:16Z,2014,2014-01-01,2014-12-31
5496817,TB_e_mort_exc_tbhiv_num,COUNTRY,BFA,AFR,Africa,YEAR,2017,,,,,,,,,3100 [1300-5500],3100,1300,5500,,2025-11-11T14:30:16Z,2017,2017-01-01,2017-12-31
5497542,TB_e_mort_exc_tbhiv_num,COUNTRY,ISR,EUR,Europe,YEAR,2009,,,,,,,,,24 [24-25],24,24,25,,2025-11-11T14:30:16Z,2009,2009-01-01,2009-12-31
5498002,TB_e_mort_exc_tbhiv_num,COUNTRY,VNM,WPR,Western Pacific,YEAR,2015,,,,,,,,,14 000 [9200-20 000],14000,9200,20000,,2025-11-11T14:30:16Z,2015,2015-01-01,2015-12-31
5501055,TB_e_mort_exc_tbhiv_num,COUNTRY,BGR,EUR,Europe,YEAR,2006,,,,,,,,,300 [280-310],300,280,310,,2025-11-11T14:30:16Z,2006,2006-01-01,2006-12-31
5510778,TB_e_mort_exc_tbhiv_num,COUNTRY,BOL,AMR,Americas,YEAR,2021,,,,,,,,,1300 [840-1900],1300,840,1900,,2025-11-11T14:30:16Z,2021,2021-01-01,2021-12-31
5514945,TB_e_mort_exc_tbhiv_num,COUNTRY,PNG,WPR,Western Pacific,YEAR,2003,,,,,,,,,16 000 [11 000-20 000],16000,11000,20000,,2025-11-11T14:30:16Z,2003,2003-01-01,2003-12-31
5514983,TB_e_mort_exc_tbhiv_num,COUNTRY,SGP,WPR,Western Pacific,YEAR,2015,,,,,,,,,48 [43-53],48,43,53,,2025-11-11T14:30:16Z,2015,2015-01-01,2015-12-31
5516036,TB_e_mort_exc_tbhiv_num,COUNTRY,PAN,AMR,Americas,YEAR,2011,,,,,,,,,170 [160-170],170,160,170,,2025-11-11T14:30:16Z,2011,2011-01-01,2011-12-31
5526666,TB_e_mort_exc_tbhiv_num,WORLDBANKINCOMEGROUP,WB_LI,,,YEAR,2012,,,,,,,,,211 000 [151 000-281 000],211000,151000,281000,,2025-11-11T14:30:16Z,2012,2012-01-01,2012-12-31
5529884,TB_e_mort_exc_tbhiv_num,COUNTRY,FSM,WPR,Western Pacific,YEAR,2004,,,,,,,,,110 [77-150],110,77,150,,2025-11-11T14:30:16Z,2004,2004-01-01,2004-12-31
5535434,TB_e_mort_exc_tbhiv_num,COUNTRY,PRI,AMR,Americas,YEAR,2011,,,,,,,,,12 [12-12],12,12,12,,2025-11-11T14:30:16Z,2011,2011-01-01,2011-12-31
5535667,TB_e_mort_exc_tbhiv_num,COUNTRY,SWE,EUR,Europe,YEAR,2004,,,,,,,,,50 [49-51],50,49,51,,2025-11-11T14:30:16Z,2004,2004-01-01,2004-12-31
5540814,TB_e_mort_exc_tbhiv_num,COUNTRY,CHE,EUR,Europe,YEAR,2017,,,,,,,,,17 [16-17],17,16,17,,2025-11-11T14:30:16Z,2017,2017-01-01,2017-12-31
5542206,TB_e_mort_exc_tbhiv_num,COUNTRY,SAU,EMR,Eastern Mediterranean,YEAR,2014,,,,,,,,,270 [240-310],270,240,310,,2025-11-11T14:30:16Z,2014,2014-01-01,2014-12-31
5548352,TB_e_mort_exc_tbhiv_num,REGION,SEAR,,,YEAR,2013,,,,,,,,,572 000 [461 000-695 000],572000,461000,695000,,2025-11-11T14:30:16Z,2013,2013-01-01,2013-12-31
5552713,TB_e_mort_exc_tbhiv_num,COUNTRY,ARG,AMR,Americas,YEAR,2016,,,,,,,,,690 [660-710],690,660,710,,2025-11-11T14:30:16Z,2016,2016-01-01,2016-12-31
5553444,TB_e_mort_exc_tbhiv_num,COUNTRY,MMR,SEAR,South-East Asia,YEAR,2020,,,,,,,,,20 000 [12 000-30 000],20000,12000,30000,,2025-11-11T14:30:16Z,2020,2020-01-01,2020-12-31
5554729,TB_e_mort_exc_tbhiv_num,COUNTRY,MKD,EUR,Europe,YEAR,2004,,,,,,,,,61 [59-63],61,59,63,,2025-11-11T14:30:16Z,2004,2004-01-01,2004-12-31
5566908,TB_e_mort_exc_tbhiv_num,COUNTRY,KWT,EMR,Eastern Mediterranean,YEAR,2024,,,,,,,,,18 [17-20],18,17,20,,2025-11-11T14:30:16Z,2024,2024-01-01,2024-12-31
5568292,TB_e_mort_exc_tbhiv_num,COUNTRY,RWA,AFR,Africa,YEAR,2005,,,,,,,,,550 [360-800],550,360,800,,2025-11-11T14:30:16Z,2005,2005-01-01,2005-12-31
5573245,TB_e_mort_exc_tbhiv_num,REGION,AMR,,,YEAR,2013,,,,,,,,,18 000 [18 000-19 000],18000,18000,19000,,2025-11-11T14:30:16Z,2013,2013-01-01,2013-12-31
5573745,TB_e_mort_exc_tbhiv_num,COUNTRY,BOL,AMR,Americas,YEAR,2011,,,,,,,,,1400 [1100-1800],1400,1100,1800,,2025-11-11T14:30:16Z,2011,2011-01-01,2011-12-31
5578092,TB_e_mort_exc_tbhiv_num,REGION,AMR,,,YEAR,2017,,,,,,,,,17 000 [17 000-18 000],17000,17000,18000,,2025-11-11T14:30:16Z,2017,2017-01-01,2017-12-31
5578704,TB_e_mort_exc_tbhiv_num,COUNTRY,LBN,EMR,Eastern Mediterranean,YEAR,2016,,,,,,,,,130 [92-180],130,92,180,,2025-11-11T14:30:16Z,2016,2016-01-01,2016-12-31
5578725,TB_e_mort_exc_tbhiv_num,COUNTRY,BTN,SEAR,South-East Asia,YEAR,2014,,,,,,,,,540 [370-730],540,370,730,,2025-11-11T14:30:16Z,2014,2014-01-01,2014-12-31
5589940,TB_e_mort_exc_tbhiv_num,COUNTRY,LKA,SEAR,South-East Asia,YEAR,2018,,,,,,,,,770 [700-850],770,700,850,,2025-11-11T14:30:16Z,2018,2018-01-01,2018-12-31
5591317,TB_e_mort_exc_tbhiv_num,COUNTRY,JOR,EMR,Eastern Mediterranean,YEAR,2011,,,,,,,,,25 [22-28],25,22,28,,2025-11-11T14:30:16Z,2011,2011-01-01,2011-12-31
5595989,TB_e_mort_exc_tbhiv_num,COUNTRY,SWZ,AFR,Africa,YEAR,2012,,,,,,,,,610 [350-930],610,350,930,,2025-11-11T14:30:16Z,2012,2012-01-01,2012-12-31
5596312,TB_e_mort_exc_tbhiv_num,COUNTRY,MMR,SEAR,South-East Asia,YEAR,2002,,,,,,,,,90 000 [49 000-143 000],90000,49000,143000,,2025-11-11T14:30:16Z,2002,2002-01-01,2002-12-31
5597899,TB_e_mort_exc_tbhiv_num,COUNTRY,PSE,EMR,Eastern Mediterranean,YEAR,2023,,,,,,,,,3 [2-5],3,2,5,,2025-11-11T14:30:16Z,2023,2023-01-01,2023-12-31
5603333,TB_e_mort_exc_tbhiv_num,COUNTRY,ZMB,AFR,Africa,YEAR,2007,,,,,,,,,3500 [1300-6900],3500,1300,6900,,2025-11-11T14:30:16Z,2007,2007-01-01,2007-12-31
5611525,TB_e_mort_exc_tbhiv_num,COUNTRY,NPL,SEAR,South-East Asia,YEAR,2013,,,,,,,,,19 000 [11 000-30 000],19000,11000,30000,,2025-11-11T14:30:16Z,2013,2013-01-01,2013-12-31
5618233,TB_e_mort_exc_tbhiv_num,COUNTRY,ETH,AFR,Africa,YEAR,2010,,,,,,,,,32 000 [18 000-50 000],32000,18000,50000,,2025-11-11T14:30:16Z,2010,2010-01-01,2010-12-31
5622006,TB_e_mort_exc_tbhiv_num,COUNTRY,USA,AMR,Americas,YEAR,2002,,,,,,,,,900 [900-910],900,900,910,,2025-11-11T14:30:16Z,2002,2002-01-01,2002-12-31
5625326,TB_e_mort_exc_tbhiv_num,COUNTRY,BLZ,AMR,Americas,YEAR,2017,,,,,,,,,13 [13-13],13,13,13,,2025-11-11T14:30:16Z,2017,2017-01-01,2017-12-31
5627862,TB_e_mort_exc_tbhiv_num,COUNTRY,BGD,SEAR,South-East Asia,YEAR,2019,,,,,,,,,39 000 [24 000-57 000],39000,24000,57000,,2025-11-11T14:30:16Z,2019,2019-01-01,2019-12-31
5629288,TB_e_mort_exc_tbhiv_num,COUNTRY,ARM,EUR,Europe,YEAR,2010,,,,,,,,,160 [160-170],160,160,170,,2025-11-11T14:30:16Z,2010,2010-01-01,2010-12-31
5629900,TB_e_mort_exc_tbhiv_num,COUNTRY,POL,EUR,Europe,YEAR,2008,,,,,,,,,890 [860-920],890,860,920,,2025-11-11T14:30:16Z,2008,2008-01-01,2008-12-31
5630789,TB_e_mort_exc_tbhiv_num,REGION,WPR,,,YEAR,2002,,,,,,,,,321 000 [295 000-348 000],321000,295000,348000,,2025-11-11T14:30:16Z,2002,2002-01-01,2002-12-31
5635482,TB_e_mort_exc_tbhiv_num,COUNTRY,ALB,EUR,Europe,YEAR,2006,,,,,,,,,11 [8-13],11,8,13,,2025-11-11T14:30:16Z,2006,2006-01-01,2006-12-31
5640496,TB_e_mort_exc_tbhiv_num,COUNTRY,ESP,EUR,Europe,YEAR,2014,,,,,,,,,280 [280-290],280,280,290,,2025-11-11T14:30:16Z,2014,2014-01-01,2014-12-31
5640511,TB_e_mort_exc_tbhiv_num,COUNTRY,PRY,AMR,Americas,YEAR,2007,,,,,,,,,190 [170-220],190,170,220,,2025-11-11T14:30:16Z,2007,2007-01-01,2007-12-31
5649337,TB_e_mort_exc_tbhiv_num,COUNTRY,GBR,EUR,Europe,YEAR,2016,,,,,,,,,300 [300-300],300,300,300,,2025-11-11T14:30:16Z,2016,2016-01-01,2016-12-31
5653208,TB_e_mort_exc_tbhiv_num,COUNTRY,CHL,AMR,Americas,YEAR,2015,,,,,,,,,450 [440-450],450,440,450,,2025-11-11T14:30:16Z,2015,2015-01-01,2015-12-31
5655068,TB_e_mort_exc_tbhiv_num,COUNTRY,EST,EUR,Europe,YEAR,2022,,,,,,,,,12 [11-12],12,11,12,,2025-11-11T14:30:16Z,2022,2022-01-01,2022-12-31
5659722,TB_e_mort_exc_tbhiv_num,COUNTRY,CHL,AMR,Americas,YEAR,2021,,,,,,,,,330 [320-340],330,320,340,,2025-11-11T14:30:16Z,2021,2021-01-01,2021-12-31
5660220,TB_e_mort_exc_tbhiv_num,COUNTRY,SVK,EUR,Europe,YEAR,2011,,,,,,,,,26 [26-27],26,26,27,,2025-11-11T14:30:16Z,2011,2011-01-01,2011-12-31
5661716,TB_e_mort_exc_tbhiv_num,COUNTRY,LVA,EUR,Europe,YEAR,2021,,,,,,,,,65 [64-67],65,64,67,,2025-11-11T14:30:16Z,2021,2021-01-01,2021-12-31
5662042,TB_e_mort_exc_tbhiv_num,COUNTRY,SVN,EUR,Europe,YEAR,2024,,,,,,,,,2 [2-2],2,2,2,,2025-11-11T14:30:16Z,2024,2024-01-01,2024-12-31
5662196,TB_e_mort_exc_tbhiv_num,COUNTRY,ARM,EUR,Europe,YEAR,2021,,,,,,,,,15 [15-15],15,15,15,,2025-11-11T14:30:16Z,2021,2021-01-01,2021-12-31
5665540,TB_e_mort_exc_tbhiv_num,COUNTRY,RWA,AFR,Africa,YEAR,2003,,,,,,,,,580 [310-930],580,310,930,,2025-11-11T14:30:16Z,2003,2003-01-01,2003-12-31
5669403,TB_e_mort_exc_tbhiv_num,COUNTRY,GEO,EUR,Europe,YEAR,2016,,,,,,,,,170 [150-180],170,150,180,,2025-11-11T14:30:16Z,2016,2016-01-01,2016-12-31
5672727,TB_e_mort_exc_tbhiv_num,WORLDBANKINCOMEGROUP,WB_UMI,,,YEAR,2000,,,,,,,,,332 000 [300 000-366 000],332000,300000,366000,,2025-11-11T14:30:16Z,2000,2000-01-01,2000-12-31
5674219,TB_e_mort_exc_tbhiv_num,COUNTRY,ZAF,AFR,Africa,YEAR,2006,,,,,,,,,35 000 [34 000-37 000],35000,34000,37000,,2025-11-11T14:30:16Z,2006,2006-01-01,2006-12-31
5675560,TB_e_mort_exc_tbhiv_num,COUNTRY,BLZ,AMR,Americas,YEAR,2001,,,,,,,,,20 [20-21],20,20,21,,2025-11-11T14:30:16Z,2001,2001-01-01,2001-12-31
5678553,TB_e_mort_exc_tbhiv_num,COUNTRY,ESP,EUR,Europe,YEAR,2006,,,,,,,,,410 [400-410],410,400,410,,2025-11-11T14:30:16Z,2006,2006-01-01,2006-12-31
5678923,TB_e_mort_exc_tbhiv_num,COUNTRY,TKM,EUR,Europe,YEAR,2015,,,,,,,,,580 [480-690],580,480,690,,2025-11-11T14:30:16Z,2015,2015-01-01,2015-12-31
5680293,TB_e_mort_exc_tbhiv_num,COUNTRY,ARE,EMR,Eastern Mediterranean,YEAR,2003,,,,,,,,,29 [22-38],29,22,38,,2025-11-11T14:30:16Z,2003,2003-01-01,2003-12-31
5680937,TB_e_mort_exc_tbhiv_num,COUNTRY,THA,SEAR,South-East Asia,YEAR,2007,,,,,,,,,9500 [5700-14 000],9500,5700,14000,,2025-11-11T14:30:16Z,2007,2007-01-01,2007-12-31
5681488,TB_e_mort_exc_tbhiv_num,COUNTRY,PSE,EMR,Eastern Mediterranean,YEAR,2018,,,,,,,,,7 [5-10],7,5,10,,2025-11-11T14:30:16Z,2018,2018-01-01,2018-12-31
5681780,TB_e_mort_exc_tbhiv_num,COUNTRY,GTM,AMR,Americas,YEAR,2012,,,,,,,,,270 [250-280],270,250,280,,2025-11-11T14:30:16Z,2012,2012-01-01,2012-12-31
5687588,TB_e_mort_exc_tbhiv_num,COUNTRY,AGO,AFR,Africa,YEAR,2007,,,,,,,,,26 000 [19 000-35 000],26000,19000,35000,,2025-11-11T14:30:16Z,2007,2007-01-01,2007-12-31
5688128,TB_e_mort_exc_tbhiv_num,COUNTRY,HRV,EUR,Europe,YEAR,2002,,,,,,,,,190 [180-190],190,180,190,,2025-11-11T14:30:16Z,2002,2002-01-01,2002-12-31
5701040,TB_e_mort_exc_tbhiv_num,COUNTRY,MNE,EUR,Europe,YEAR,2015,,,,,,,,,1 [1-1],1,1,1,,2025-11-11T14:30:16Z,2015,2015-01-01,2015-12-31
5703637,TB_e_mort_exc_tbhiv_num,COUNTRY,MEX,AMR,Americas,YEAR,2017,,,,,,,,,2200 [2100-2200],2200,2100,2200,,2025-11-11T14:30:16Z,2017,2017-01-01,2017-12-31
5703661,TB_e_mort_exc_tbhiv_num,COUNTRY,MRT,AFR,Africa,YEAR,2005,,,,,,,,,1500 [1000-2000],1500,1000,2000,,2025-11-11T14:30:16Z,2005,2005-01-01,2005-12-31
5705867,TB_e_mort_exc_tbhiv_num,COUNTRY,AGO,AFR,Africa,YEAR,2001,,,,,,,,,13 000 [8700-17 000],13000,8700,17000,,2025-11-11T14:30:16Z,2001,2001-01-01,2001-12-31
5711503,TB_e_mort_exc_tbhiv_num,COUNTRY,KGZ,EUR,Europe,YEAR,2015,,,,,,,,,430 [420-430],430,420,430,,2025-11-11T14:30:16Z,2015,2015-01-01,2015-12-31
5712122,TB_e_mort_exc_tbhiv_num,COUNTRY,TGO,AFR,Africa,YEAR,2020,,,,,,,,,700 [300-1300],700,300,1300,,2025-11-11T14:30:16Z,2020,2020-01-01,2020-12-31
5719279,TB_e_mort_exc_tbhiv_num,REGION,EMR,,,YEAR,2012,,,,,,,,,90 000 [77 000-103 000],90000,77000,103000,,2025-11-11T14:30:16Z,2012,2012-01-01,2012-12-31
5720096,TB_e_mort_exc_tbhiv_num,COUNTRY,ZMB,AFR,Africa,YEAR,2016,,,,,,,,,4800 [2900-7300],4800,2900,7300,,2025-11-11T14:30:16Z,2016,2016-01-01,2016-12-31
5720216,TB_e_mort_exc_tbhiv_num,COUNTRY,HRV,EUR,Europe,YEAR,2017,,,,,,,,,61 [60-61],61,60,61,,2025-11-11T14:30:16Z,2017,2017-01-01,2017-12-31
5724977,TB_e_mort_exc_tbhiv_num,COUNTRY,LKA,SEAR,South-East Asia,YEAR,2013,,,,,,,,,800 [710-890],800,710,890,,2025-11-11T14:30:16Z,2013,2013-01-01,2013-12-31
5726413,TB_e_mort_exc_tbhiv_num,COUNTRY,ZAF,AFR,Africa,YEAR,2003,,,,,,,,,32 000 [31 000-34 000],32000,31000,34000,,2025-11-11T14:30:16Z,2003,2003-01-01,2003-12-31
5729675,TB_e_mort_exc_tbhiv_num,COUNTRY,BIH,EUR,Europe,YEAR,2023,,,,,,,,,66 [49-87],66,49,87,,2025-11-11T14:30:16Z,2023,2023-01-01,2023-12-31
5729906,TB_e_mort_exc_tbhiv_num,COUNTRY,SVK,EUR,Europe,YEAR,2016,,,,,,,,,26 [25-26],26,25,26,,2025-11-11T14:30:16Z,2016,2016-01-01,2016-12-31
5732727,TB_e_mort_exc_tbhiv_num,COUNTRY,MEX,AMR,Americas,YEAR,2005,,,,,,,,,2900 [2800-2900],2900,2800,2900,,2025-11-11T14:30:16Z,2005,2005-01-01,2005-12-31
5736609,TB_e_mort_exc_tbhiv_num,COUNTRY,BHR,EMR,Eastern Mediterranean,YEAR,2016,,,,,,,,,7 [7-8],7,7,8,,2025-11-11T14:30:16Z,2016,2016-01-01,2016-12-31
5742176,TB_e_mort_exc_tbhiv_num,REGION,EMR,,,YEAR,2008,,,,,,,,,102 000 [91 000-114 000],102000,91000,114000,,2025-11-11T14:30:16Z,2008,2008-01-01,2008-12-31
5743980,TB_e_mort_exc_tbhiv_num,COUNTRY,FIN,EUR,Europe,YEAR,2016,,,,,,,,,26 [26-26],26,26,26,,2025-11-11T14:30:16Z,2016,2016-01-01,2016-12-31
5744126,TB_e_mort_exc_tbhiv_num,COUNTRY,MYS,WPR,Western Pacific,YEAR,2001,,,,,,,,,1700 [920-2600],1700,920,2600,,2025-11-11T14:30:16Z,2001,2001-01-01,2001-12-31
5744971,TB_e_mort_exc_tbhiv_num,COUNTRY,SDN,EMR,Eastern Mediterranean,YEAR,2014,,,,,,,,,7500 [3900-12 000],7500,3900,12000,,2025-11-11T14:30:16Z,2014,2014-01-01,2014-12-31
5747743,TB_e_mort_exc_tbhiv_num,COUNTRY,SOM,EMR,Eastern Mediterranean,YEAR,2023,,,,,,,,,4900 [3300-6900],4900,3300,6900,,2025-11-11T14:30:16Z,2023,2023-01-01,2023-12-31
5750126,TB_e_mort_exc_tbhiv_num,COUNTRY,DEU,EUR,Europe,YEAR,2007,,,,,,,,,450 [440-450],450,440,450,,2025-11-11T14:30:16Z,2007,2007-01-01,2007-12-31
5750150,TB_e_mort_exc_tbhiv_num,COUNTRY,NAM,AFR,Africa,YEAR,2002,,,,,,,,,1300 [510-2500],1300,510,2500,,2025-11-11T14:30:16Z,2002,2002-01-01,2002-12-31
5750614,TB_e_mort_exc_tbhiv_num,COUNTRY,GEO,EUR,Europe,YEAR,2015,,,,,,,,,160 [150-180],160,150,180,,2025-11-11T14:30:16Z,2015,2015-01-01,2015-12-31
5756374,TB_e_mort_exc_tbhiv_num,COUNTRY,CHL,AMR,Americas,YEAR,2002,,,,,,,,,620 [610-620],620,610,620,,2025-11-11T14:30:16Z,2002,2002-01-01,2002-12-31
5757202,TB_e_mort_exc_tbhiv_num,COUNTRY,IRN,EMR,Eastern Mediterranean,YEAR,2011,,,,,,,,,690 [600-790],690,600,790,,2025-11-11T14:30:16Z,2011,2011-01-01,2011-12-31
5762053,TB_e_mort_exc_tbhiv_num,COUNTRY,ARG,AMR,Americas,YEAR,2021,,,,,,,,,680 [660-700],680,660,700,,2025-11-11T14:30:16Z,2021,2021-01-01,2021-12-31
5763065,TB_e_mort_exc_tbhiv_num,COUNTRY,KGZ,EUR,Europe,YEAR,2003,,,,,,,,,970 [940-1000],970,940,1000,,2025-11-11T14:30:16Z,2003,2003-01-01,2003-12-31
5766895,TB_e_mort_exc_tbhiv_num,COUNTRY,MNE,EUR,Europe,YEAR,2018,,,,,,,,,1 [1-1],1,1,1,,2025-11-11T14:30:16Z,2018,2018-01-01,2018-12-31
5767297,TB_e_mort_exc_tbhiv_num,COUNTRY,MHL,WPR,Western Pacific,YEAR,2005,,,,,,,,,79 [54-110],79,54,110,,2025-11-11T14:30:16Z,2005,2005-01-01,2005-12-31
5768350,TB_e_mort_exc_tbhiv_num,COUNTRY,KEN,AFR,Africa,YEAR,2022,,,,,,,,,17 000 [8500-29 000],17000,8500,29000,,2025-11-11T14:30:16Z,2022,2022-01-01,2022-12-31
5774188,TB_e_mort_exc_tbhiv_num,COUNTRY,NPL,SEAR,South-East Asia,YEAR,2017,,,,,,,,,18 000 [9800-28 000],18000,9800,28000,,2025-11-11T14:30:16Z,2017,2017-01-01,2017-12-31
5774535,TB_e_mort_exc_tbhiv_num,COUNTRY,COL,AMR,Americas,YEAR,2015,,,,,,,,,1100 [1000-1100],1100,1000,1100,,2025-11-11T14:30:16Z,2015,2015-01-01,2015-12-31
5775129,TB_e_mort_exc_tbhiv_num,COUNTRY,BRA,AMR,Americas,YEAR,2001,,,,,,,,,7100 [6400-7900],7100,6400,7900,,2025-11-11T14:30:16Z,2001,2001-01-01,2001-12-31
5775427,TB_e_mort_exc_tbhiv_num,COUNTRY,GBR,EUR,Europe,YEAR,2011,,,,,,,,,330 [330-330],330,330,330,,2025-11-11T14:30:16Z,2011,2011-01-01,2011-12-31
5776431,TB_e_mort_exc_tbhiv_num,COUNTRY,KOR,WPR,Western Pacific,YEAR,2017,,,,,,,,,2200 [2100-2300],2200,2100,2300,,2025-11-11T14:30:16Z,2017,2017-01-01,2017-12-31
5776624,TB_e_mort_exc_tbhiv_num,COUNTRY,PSE,EMR,Eastern Mediterranean,YEAR,2019,,,,,,,,,5 [3-7],5,3,7,,2025-11-11T14:30:16Z,2019,2019-01-01,2019-12-31
5780721,TB_e_mort_exc_tbhiv_num,COUNTRY,THA,SEAR,South-East Asia,YEAR,2001,,,,,,,,,13 000 [7500-19 000],13000,7500,19000,,2025-11-11T14:30:16Z,2001,2001-01-01,2001-12-31
5782840,TB_e_mort_exc_tbhiv_num,COUNTRY,BGD,SEAR,South-East Asia,YEAR,2003,,,,,,,,,97 000 [62 000-140 000],97000,62000,140000,,2025-11-11T14:30:16Z,2003,2003-01-01,2003-12-31
5795752,TB_e_mort_exc_tbhiv_num,COUNTRY,HRV,EUR,Europe,YEAR,2003,,,,,,,,,160 [160-170],160,160,170,,2025-11-11T14:30:16Z,2003,2003-01-01,2003-12-31
5801422,TB_e_mort_exc_tbhiv_num,COUNTRY,HKG,,,YEAR,2013,,,,,,,,,190 [190-190],190,190,190,,2025-11-11T14:30:16Z,2013,2013-01-01,2013-12-31
5801638,TB_e_mort_exc_tbhiv_num,COUNTRY,SVK,EUR,Europe,YEAR,2001,,,,,,,,,57 [57-57],57,57,57,,2025-11-11T14:30:16Z,2001,2001-01-01,2001-12-31
5814033,TB_e_mort_exc_tbhiv_num,COUNTRY,TCD,AFR,Africa,YEAR,2019,,,,,,,,,3500 [2300-4800],3500,2300,4800,,2025-11-11T14:30:16Z,2019,2019-01-01,2019-12-31
5814353,TB_e_mort_exc_tbhiv_num,COUNTRY,CUB,AMR,Americas,YEAR,2007,,,,,,,,,39 [39-39],39,39,39,,2025-11-11T14:30:16Z,2007,2007-01-01,2007-12-31
5818131,TB_e_mort_exc_tbhiv_num,COUNTRY,CAN,AMR,Americas,YEAR,2004,,,,,,,,,100 [100-100],100,100,100,,2025-11-11T14:30:16Z,2004,2004-01-01,2004-12-31
5821417,TB_e_mort_exc_tbhiv_num,COUNTRY,HRV,EUR,Europe,YEAR,2007,,,,,,,,,100 [100-100],100,100,100,,2025-11-11T14:30:16Z,2007,2007-01-01,2007-12-31
5823956,TB_e_mort_exc_tbhiv_num,COUNTRY,NER,AFR,Africa,YEAR,2006,,,,,,,,,4000 [2700-5700],4000,2700,5700,,2025-11-11T14:30:16Z,2006,2006-01-01,2006-12-31
5826289,TB_e_mort_exc_tbhiv_num,COUNTRY,GNB,AFR,Africa,YEAR,2022,,,,,,,,,310 [200-440],310,200,440,,2025-11-11T14:30:16Z,2022,2022-01-01,2022-12-31
5826613,TB_e_mort_exc_tbhiv_num,COUNTRY,GNB,AFR,Africa,YEAR,2019,,,,,,,,,440 [300-600],440,300,600,,2025-11-11T14:30:16Z,2019,2019-01-01,2019-12-31
5826662,TB_e_mort_exc_tbhiv_num,COUNTRY,GIN,AFR,Africa,YEAR,2014,,,,,,,,,3100 [2200-4300],3100,2200,4300,,2025-11-11T14:30:16Z,2014,2014-01-01,2014-12-31
5830473,TB_e_mort_exc_tbhiv_num,COUNTRY,MAR,EMR,Eastern Mediterranean,YEAR,2006,,,,,,,,,2200 [1200-3300],2200,1200,3300,,2025-11-11T14:30:16Z,2006,2006-01-01,2006-12-31
5831227,TB_e_mort_exc_tbhiv_num,COUNTRY,ETH,AFR,Africa,YEAR,2013,,,,,,,,,36 000 [21 000-54 000],36000,21000,54000,,2025-11-11T14:30:16Z,2013,2013-01-01,2013-12-31
5833462,TB_e_mort_exc_tbhiv_num,COUNTRY,IDN,WPR,Western Pacific,YEAR,2022,,,,,,,,,139 000 [121 000-157 000],139000,121000,157000,,2025-11-11T14:30:16Z,2022,2022-01-01,2022-12-31
5837163,TB_e_mort_exc_tbhiv_num,COUNTRY,URY,AMR,Americas,YEAR,2017,,,,,,,,,66 [64-69],66,64,69,,2025-11-11T14:30:16Z,2017,2017-01-01,2017-12-31
5839192,TB_e_mort_exc_tbhiv_num,COUNTRY,PAK,EMR,Eastern Mediterranean,YEAR,2003,,,,,,,,,58 000 [52 000-64 000],58000,52000,64000,,2025-11-11T14:30:16Z,2003,2003-01-01,2003-12-31
5839715,TB_e_mort_exc_tbhiv_num,COUNTRY,TTO,AMR,Americas,YEAR,2013,,,,,,,,,21 [20-21],21,20,21,,2025-11-11T14:30:16Z,2013,2013-01-01,2013-12-31
5845107,TB_e_mort_exc_tbhiv_num,COUNTRY,VNM,WPR,Western Pacific,YEAR,2006,,,,,,,,,21 000 [13 000-32 000],21000,13000,32000,,2025-11-11T14:30:16Z,2006,2006-01-01,2006-12-31
5849482,TB_e_mort_exc_tbhiv_num,COUNTRY,PER,AMR,Americas,YEAR,2003,,,,,,,,,2400 [2100-2900],2400,2100,2900,,2025-11-11T14:30:16Z,2003,2003-01-01,2003-12-31
5852535,TB_e_mort_exc_tbhiv_num,COUNTRY,MRT,AFR,Africa,YEAR,2003,,,,,,,,,1300 [940-1800],1300,940,1800,,2025-11-11T14:30:16Z,2003,2003-01-01,2003-12-31
5856107,TB_e_mort_exc_tbhiv_num,COUNTRY,BDI,AFR,Africa,YEAR,2005,,,,,,,,,2500 [1600-3600],2500,1600,3600,,2025-11-11T14:30:16Z,2005,2005-01-01,2005-12-31
5857077,TB_e_mort_exc_tbhiv_num,COUNTRY,FIN,EUR,Europe,YEAR,2009,,,,,,,,,54 [54-55],54,54,55,,2025-11-11T14:30:16Z,2009,2009-01-01,2009-12-31
5859601,TB_e_mort_exc_tbhiv_num,REGION,AMR,,,YEAR,2021,,,,,,,,,20 000 [19 000-21 000],20000,19000,21000,,2025-11-11T14:30:16Z,2021,2021-01-01,2021-12-31
5859654,TB_e_mort_exc_tbhiv_num,COUNTRY,VNM,WPR,Western Pacific,YEAR,2012,,,,,,,,,17 000 [12 000-23 000],17000,12000,23000,,2025-11-11T14:30:16Z,2012,2012-01-01,2012-12-31
5864787,TB_e_mort_exc_tbhiv_num,COUNTRY,QAT,EMR,Eastern Mediterranean,YEAR,2006,,,,,,,,,3 [3-4],3,3,4,,2025-11-11T14:30:16Z,2006,2006-01-01,2006-12-31
5869018,TB_e_mort_exc_tbhiv_num,COUNTRY,TGO,AFR,Africa,YEAR,2016,,,,,,,,,660 [330-1100],660,330,1100,,2025-11-11T14:30:16Z,2016,2016-01-01,2016-12-31
5870045,TB_e_mort_exc_tbhiv_num,COUNTRY,SLB,WPR,Western Pacific,YEAR,2024,,,,,,,,,250 [170-340],250,170,340,,2025-11-11T14:30:16Z,2024,2024-01-01,2024-12-31
5871260,TB_e_mort_exc_tbhiv_num,COUNTRY,BLR,EUR,Europe,YEAR,2012,,,,,,,,,750 [690-810],750,690,810,,2025-11-11T14:30:16Z,2012,2012-01-01,2012-12-31
5875020,TB_e_mort_exc_tbhiv_num,COUNTRY,VUT,WPR,Western Pacific,YEAR,2024,,,,,,,,,27 [9-53],27,9,53,,2025-11-11T14:30:16Z,2024,2024-01-01,2024-12-31
5875531,TB_e_mort_exc_tbhiv_num,COUNTRY,BLR,EUR,Europe,YEAR,2005,,,,,,,,,1100 [1000-1200],1100,1000,1200,,2025-11-11T14:30:16Z,2005,2005-01-01,2005-12-31
5877254,TB_e_mort_exc_tbhiv_num,COUNTRY,LSO,AFR,Africa,YEAR,2005,,,,,,,,,1800 [620-3500],1800,620,3500,,2025-11-11T14:30:16Z,2005,2005-01-01,2005-12-31
5878332,TB_e_mort_exc_tbhiv_num,COUNTRY,LBY,EMR,Eastern Mediterranean,YEAR,2021,,,,,,,,,670 [260-1300],670,260,1300,,2025-11-11T14:30:16Z,2021,2021-01-01,2021-12-31
5878802,TB_e_mort_exc_tbhiv_num,COUNTRY,SLV,AMR,Americas,YEAR,2022,,,,,,,,,77 [70-83],77,70,83,,2025-11-11T14:30:16Z,2022,2022-01-01,2022-12-31
5887680,TB_e_mort_exc_tbhiv_num,COUNTRY,BEL,EUR,Europe,YEAR,2013,,,,,,,,,56 [55-58],56,55,58,,2025-11-11T14:30:16Z,2013,2013-01-01,2013-12-31
5887719,TB_e_mort_exc_tbhiv_num,COUNTRY,POL,EUR,Europe,YEAR,2014,,,,,,,,,580 [550-600],580,550,600,,2025-11-11T14:30:16Z,2014,2014-01-01,2014-12-31
5889249,TB_e_mort_exc_tbhiv_num,COUNTRY,SLE,AFR,Africa,YEAR,2010,,,,,,,,,7300 [3100-13 000],7300,3100,13000,,2025-11-11T14:30:16Z,2010,2010-01-01,2010-12-31
5889408,TB_e_mort_exc_tbhiv_num,COUNTRY,FRA,EUR,Europe,YEAR,2012,,,,,,,,,550 [520-570],550,520,570,,2025-11-11T14:30:16Z,2012,2012-01-01,2012-12-31
5894534,TB_e_mort_exc_tbhiv_num,COUNTRY,VNM,WPR,Western Pacific,YEAR,2008,,,,,,,,,20 000 [13 000-28 000],20000,13000,28000,,2025-11-11T14:30:16Z,2008,2008-01-01,2008-12-31
5896674,TB_e_mort_exc_tbhiv_num,COUNTRY,ECU,AMR,Americas,YEAR,2011,,,,,,,,,640 [540-750],640,540,750,,2025-11-11T14:30:16Z,2011,2011-01-01,2011-12-31
5896842,TB_e_mort_exc_tbhiv_num,COUNTRY,RUS,EUR,Europe,YEAR,2011,,,,,,,,,21 000 [21 000-22 000],21000,21000,22000,,2025-11-11T14:30:16Z,2011,2011-01-01,2011-12-31
5897515,TB_e_mort_exc_tbhiv_num,COUNTRY,BHS,AMR,Americas,YEAR,2024,,,,,,,,,2 [2-2],2,2,2,,2025-11-11T14:30:16Z,2024,2024-01-01,2024-12-31
5914194,TB_e_mort_exc_tbhiv_num,COUNTRY,ERI,AFR,Africa,YEAR,2011,,,,,,,,,1800 [1200-2400],1800,1200,2400,,2025-11-11T14:30:16Z,2011,2011-01-01,2011-12-31
5914535,TB_e_mort_exc_tbhiv_num,COUNTRY,MKD,EUR,Europe,YEAR,2024,,,,,,,,,12 [8-17],12,8,17,,2025-11-11T14:30:16Z,2024,2024-01-01,2024-12-31
5916346,TB_e_mort_exc_tbhiv_num,COUNTRY,MEX,AMR,Americas,YEAR,2003,,,,,,,,,3500 [3400-3600],3500,3400,3600,,2025-11-11T14:30:16Z,2003,2003-01-01,2003-12-31
5920887,TB_e_mort_exc_tbhiv_num,COUNTRY,CZE,EUR,Europe,YEAR,2002,,,,,,,,,85 [84-87],85,84,87,,2025-11-11T14:30:16Z,2002,2002-01-01,2002-12-31
5925725,TB_e_mort_exc_tbhiv_num,COUNTRY,TZA,AFR,Africa,YEAR,2021,,,,,,,,,18 000 [7900-32 000],18000,7900,32000,,2025-11-11T14:30:16Z,2021,2021-01-01,2021-12-31
5926173,TB_e_mort_exc_tbhiv_num,COUNTRY,NZL,WPR,Western Pacific,YEAR,2011,,,,,,,,,15 [15-15],15,15,15,,2025-11-11T14:30:16Z,2011,2011-01-01,2011-12-31
5926654,TB_e_mort_exc_tbhiv_num,COUNTRY,MMR,SEAR,South-East Asia,YEAR,2009,,,,,,,,,53 000 [29 000-86 000],53000,29000,86000,,2025-11-11T14:30:16Z,2009,2009-01-01,2009-12-31
5927331,TB_e_mort_exc_tbhiv_num,COUNTRY,SVK,EUR,Europe,YEAR,2019,,,,,,,,,15 [14-15],15,14,15,,2025-11-11T14:30:16Z,2019,2019-01-01,2019-12-31
5935809,TB_e_mort_exc_tbhiv_num,COUNTRY,ETH,AFR,Africa,YEAR,2002,,,,,,,,,57 000 [31 000-91 000],57000,31000,91000,,2025-11-11T14:30:16Z,2002,2002-01-01,2002-12-31
5939172,TB_e_mort_exc_tbhiv_num,COUNTRY,MWI,AFR,Africa,YEAR,2015,,,,,,,,,3800 [1900-6300],3800,1900,6300,,2025-11-11T14:30:16Z,2015,2015-01-01,2015-12-31
5947912,TB_e_mort_exc_tbhiv_num,COUNTRY,PAN,AMR,Americas,YEAR,2005,,,,,,,,,220 [210-220],220,210,220,,2025-11-11T14:30:16Z,2005,2005-01-01,2005-12-31
5950786,TB_e_mort_exc_tbhiv_num,COUNTRY,UZB,EUR,Europe,YEAR,2014,,,,,,,,,2600 [2100-3200],2600,2100,3200,,2025-11-11T14:30:16Z,2014,2014-01-01,2014-12-31
5959070,TB_e_mort_exc_tbhiv_num,COUNTRY,FIN,EUR,Europe,YEAR,2019,,,,,,,,,29 [29-29],29,29,29,,2025-11-11T14:30:16Z,2019,2019-01-01,2019-12-31
5959643,TB_e_mort_exc_tbhiv_num,COUNTRY,PRT,EUR,Europe,YEAR,2007,,,,,,,,,300 [280-320],300,280,320,,2025-11-11T14:30:16Z,2007,2007-01-01,2007-12-31
5964116,TB_e_mort_exc_tbhiv_num,COUNTRY,ROU,EUR,Europe,YEAR,2022,,,,,,,,,920 [830-1000],920,830,1000,,2025-11-11T14:30:16Z,2022,2022-01-01,2022-12-31
5966263,TB_e_mort_exc_tbhiv_num,COUNTRY,TGO,AFR,Africa,YEAR,2012,,,,,,,,,910 [520-1400],910,520,1400,,2025-11-11T14:30:16Z,2012,2012-01-01,2012-12-31
5971216,TB_e_mort_exc_tbhiv_num,COUNTRY,CRI,AMR,Americas,YEAR,2003,,,,,,,,,79 [78-79],79,78,79,,2025-11-11T14:30:16Z,2003,2003-01-01,2003-12-31
5973404,TB_e_mort_exc_tbhiv_num,COUNTRY,HTI,AMR,Americas,YEAR,2018,,,,,,,,,1000 [680-1400],1000,680,1400,,2025-11-11T14:30:16Z,2018,2018-01-01,2018-12-31
5977662,TB_e_mort_exc_tbhiv_num,COUNTRY,BLZ,AMR,Americas,YEAR,2007,,,,,,,,,8 [7-8],8,7,8,,2025-11-11T14:30:16Z,2007,2007-01-01,2007-12-31
5977984,TB_e_mort_exc_tbhiv_num,COUNTRY,BRN,WPR,Western Pacific,YEAR,2024,,,,,,,,,25 [21-29],25,21,29,,2025-11-11T14:30:16Z,2024,2024-01-01,2024-12-31
5979395,TB_e_mort_exc_tbhiv_num,COUNTRY,COL,AMR,Americas,YEAR,2012,,,,,,,,,1000 [980-1000],1000,980,1000,,2025-11-11T14:30:16Z,2012,2012-01-01,2012-12-31
5979914,TB_e_mort_exc_tbhiv_num,COUNTRY,MDG,AFR,Africa,YEAR,2008,,,,,,,,,12 000 [8700-16 000],12000,8700,16000,,2025-11-11T14:30:16Z,2008,2008-01-01,2008-12-31
5983542,TB_e_mort_exc_tbhiv_num,COUNTRY,BEN,AFR,Africa,YEAR,2023,,,,,,,,,710 [240-1400],710,240,1400,,2025-11-11T14:30:16Z,2023,2023-01-01,2023-12-31
5984318,TB_e_mort_exc_tbhiv_num,GLOBAL,GLOBAL,,,YEAR,2018,,,,,,,,,1 220 000 [1 090 000-1 350 000],1220000,1090000,1350000,,2025-11-11T14:30:16Z,2018,2018-01-01,2018-12-31
5991513,TB_e_mort_exc_tbhiv_num,COUNTRY,SWE,EUR,Europe,YEAR,2000,,,,,,,,,71 [70-72],71,70,72,,2025-11-11T14:30:16Z,2000,2000-01-01,2000-12-31
6003326,TB_e_mort_exc_tbhiv_num,COUNTRY,LAO,WPR,Western Pacific,YEAR,2001,,,,,,,,,6600 [3800-10 000],6600,3800,10000,,2025-11-11T14:30:16Z,2001,2001-01-01,2001-12-31
6009734,TB_e_mort_exc_tbhiv_num,COUNTRY,SAU,EMR,Eastern Mediterranean,YEAR,2022,,,,,,,,,170 [150-180],170,150,180,,2025-11-11T14:30:16Z,2022,2022-01-01,2022-12-31
6011355,TB_e_mort_exc_tbhiv_num,COUNTRY,KIR,WPR,Western Pacific,YEAR,2009,,,,,,,,,44 [38-50],44,38,50,,2025-11-11T14:30:16Z,2009,2009-01-01,2009-12-31
6014516,TB_e_mort_exc_tbhiv_num,COUNTRY,URY,AMR,Americas,YEAR,2005,,,,,,,,,62 [59-64],62,59,64,,2025-11-11T14:30:16Z,2005,2005-01-01,2005-12-31
6015329,TB_e_mort_exc_tbhiv_num,COUNTRY,LSO,AFR,Africa,YEAR,2003,,,,,,,,,1300 [470-2600],1300,470,2600,,2025-11-11T14:30:16Z,2003,2003-01-01,2003-12-31
6018091,TB_e_mort_exc_tbhiv_num,COUNTRY,LAO,WPR,Western Pacific,YEAR,2020,,,,,,,,,1400 [850-2100],1400,850,2100,,2025-11-11T14:30:16Z,2020,2020-01-01,2020-12-31
6028515,TB_e_mort_exc_tbhiv_num,COUNTRY,QAT,EMR,Eastern Mediterranean,YEAR,2017,,,,,,,,,8 [6-10],8,6,10,,2025-11-11T14:30:16Z,2017,2017-01-01,2017-12-31
6034570,TB_e_mort_exc_tbhiv_num,REGION,EUR,,,YEAR,2006,,,,,,,,,62 000 [60 000-63 000],62000,60000,63000,,2025-11-11T14:30:16Z,2006,2006-01-01,2006-12-31
6039590,TB_e_mort_exc_tbhiv_num,REGION,EUR,,,YEAR,2009,,,,,,,,,54 000 [52 000-55 000],54000,52000,55000,,2025-11-11T14:30:16Z,2009,2009-01-01,2009-12-31
6040130,TB_e_mort_exc_tbhiv_num,COUNTRY,LKA,SEAR,South-East Asia,YEAR,2001,,,,,,,,,1500 [1200-1900],1500,1200,1900,,2025-11-11T14:30:16Z,2001,2001-01-01,2001-12-31
6047914,TB_e_mort_exc_tbhiv_num,COUNTRY,TKM,EUR,Europe,YEAR,2000,,,,,,,,,1200 [1100-1300],1200,1100,1300,,2025-11-11T14:30:16Z,2000,2000-01-01,2000-12-31
6049354,TB_e_mort_exc_tbhiv_num,COUNTRY,BDI,AFR,Africa,YEAR,2016,,,,,,,,,2300 [1500-3300],2300,1500,3300,,2025-11-11T14:30:16Z,2016,2016-01-01,2016-12-31
6054261,TB_e_mort_exc_tbhiv_num,COUNTRY,CPV,AFR,Africa,YEAR,2014,,,,,,,,,22 [19-25],22,19,25,,2025-11-11T14:30:16Z,2014,2014-01-01,2014-12-31
6062016,TB_e_mort_exc_tbhiv_num,COUNTRY,AGO,AFR,Africa,YEAR,2019,,,,,,,,,23 000 [17 000-30 000],23000,17000,30000,,2025-11-11T14:30:16Z,2019,2019-01-01,2019-12-31
6064992,TB_e_mort_exc_tbhiv_num,COUNTRY,CHL,AMR,Americas,YEAR,2003,,,,,,,,,630 [620-640],630,620,640,,2025-11-11T14:30:16Z,2003,2003-01-01,2003-12-31
6065884,TB_e_mort_exc_tbhiv_num,COUNTRY,NLD,EUR,Europe,YEAR,2020,,,,,,,,,33 [32-33],33,32,33,,2025-11-11T14:30:16Z,2020,2020-01-01,2020-12-31
6067862,TB_e_mort_exc_tbhiv_num,COUNTRY,CAN,AMR,Americas,YEAR,2001,,,,,,,,,150 [150-150],150,150,150,,2025-11-11T14:30:16Z,2001,2001-01-01,2001-12-31
6074069,TB_e_mort_exc_tbhiv_num,COUNTRY,BGD,SEAR,South-East Asia,YEAR,2005,,,,,,,,,86 000 [55 000-124 000],86000,55000,124000,,2025-11-11T14:30:16Z,2005,2005-01-01,2005-12-31
6074194,TB_e_mort_exc_tbhiv_num,COUNTRY,HUN,EUR,Europe,YEAR,2024,,,,,,,,,76 [68-84],76,68,84,,2025-11-11T14:30:16Z,2024,2024-01-01,2024-12-31
6074500,TB_e_mort_exc_tbhiv_num,COUNTRY,SUR,AMR,Americas,YEAR,2018,,,,,,,,,14 [12-15],14,12,15,,2025-11-11T14:30:16Z,2018,2018-01-01,2018-12-31
6075081,TB_e_mort_exc_tbhiv_num,COUNTRY,PRI,AMR,Americas,YEAR,2006,,,,,,,,,17 [17-17],17,17,17,,2025-11-11T14:30:16Z,2006,2006-01-01,2006-12-31
6077627,TB_e_mort_exc_tbhiv_num,COUNTRY,BFA,AFR,Africa,YEAR,2019,,,,,,,,,3400 [1500-6200],3400,1500,6200,,2025-11-11T14:30:16Z,2019,2019-01-01,2019-12-31
6081373,TB_e_mort_exc_tbhiv_num,WORLDBANKINCOMEGROUP,WB_LI,,,YEAR,2013,,,,,,,,,215 000 [154 000-286 000],215000,154000,286000,,2025-11-11T14:30:16Z,2013,2013-01-01,2013-12-31
6084268,TB_e_mort_exc_tbhiv_num,COUNTRY,PNG,WPR,Western Pacific,YEAR,2005,,,,,,,,,13 000 [9100-17 000],13000,9100,17000,,2025-11-11T14:30:16Z,2005,2005-01-01,2005-12-31
6086336,TB_e_mort_exc_tbhiv_num,COUNTRY,GIN,AFR,Africa,YEAR,2011,,,,,,,,,3200 [2100-4400],3200,2100,4400,,2025-11-11T14:30:16Z,2011,2011-01-01,2011-12-31
6088030,TB_e_mort_exc_tbhiv_num,COUNTRY,FJI,WPR,Western Pacific,YEAR,2014,,,,,,,,,42 [36-47],42,36,47,,2025-11-11T14:30:16Z,2014,2014-01-01,2014-12-31
6093789,TB_e_mort_exc_tbhiv_num,COUNTRY,TUR,EUR,Europe,YEAR,2001,,,,,,,,,1400 [830-2100],1400,830,2100,,2025-11-11T14:30:16Z,2001,2001-01-01,2001-12-31
6097788,TB_e_mort_exc_tbhiv_num,COUNTRY,CAF,AFR,Africa,YEAR,2012,,,,,,,,,4200 [1600-8000],4200,1600,8000,,2025-11-11T14:30:16Z,2012,2012-01-01,2012-12-31
6099281,TB_e_mort_exc_tbhiv_num,COUNTRY,BGR,EUR,Europe,YEAR,2018,,,,,,,,,100 [99-110],100,99,110,,2025-11-11T14:30:16Z,2018,2018-01-01,2018-12-31
6099481,TB_e_mort_exc_tbhiv_num,COUNTRY,IRQ,EMR,Eastern Mediterranean,YEAR,2011,,,,,,,,,1000 [950-1100],1000,950,1100,,2025-11-11T14:30:16Z,2011,2011-01-01,2011-12-31
6102888,TB_e_mort_exc_tbhiv_num,COUNTRY,ALB,EUR,Europe,YEAR,2010,,,,,,,,,9 [4-14],9,4,14,,2025-11-11T14:30:16Z,2010,2010-01-01,2010-12-31
6106218,TB_e_mort_exc_tbhiv_num,COUNTRY,DNK,EUR,Europe,YEAR,2024,,,,,,,,,10 [10-11],10,10,11,,2025-11-11T14:30:16Z,2024,2024-01-01,2024-12-31
6106267,TB_e_mort_exc_tbhiv_num,REGION,AMR,,,YEAR,2003,,,,,,,,,24 000 [23 000-25 000],24000,23000,25000,,2025-11-11T14:30:16Z,2003,2003-01-01,2003-12-31
6111092,TB_e_mort_exc_tbhiv_num,COUNTRY,DZA,AFR,Africa,YEAR,2020,,,,,,,,,3000 [2000-4200],3000,2000,4200,,2025-11-11T14:30:16Z,2020,2020-01-01,2020-12-31
6111843,TB_e_mort_exc_tbhiv_num,COUNTRY,MRT,AFR,Africa,YEAR,2020,,,,,,,,,700 [420-1100],700,420,1100,,2025-11-11T14:30:16Z,2020,2020-01-01,2020-12-31
6118107,TB_e_mort_exc_tbhiv_num,COUNTRY,AGO,AFR,Africa,YEAR,2023,,,,,,,,,24 000 [14 000-36 000],24000,14000,36000,,2025-11-11T14:30:16Z,2023,2023-01-01,2023-12-31
6118326,TB_e_mort_exc_tbhiv_num,COUNTRY,VUT,WPR,Western Pacific,YEAR,2021,,,,,,,,,36 [14-69],36,14,69,,2025-11-11T14:30:16Z,2021,2021-01-01,2021-12-31
6122936,TB_e_mort_exc_tbhiv_num,COUNTRY,KAZ,EUR,Europe,YEAR,2017,,,,,,,,,570 [550-590],570,550,590,,2025-11-11T14:30:16Z,2017,2017-01-01,2017-12-31
6127885,TB_e_mort_exc_tbhiv_num,COUNTRY,SVN,EUR,Europe,YEAR,2007,,,,,,,,,29 [29-29],29,29,29,,2025-11-11T14:30:16Z,2007,2007-01-01,2007-12-31
6129463,TB_e_mort_exc_tbhiv_num,COUNTRY,AUS,WPR,Western Pacific,YEAR,2002,,,,,,,,,66 [65-66],66,65,66,,2025-11-11T14:30:16Z,2002,2002-01-01,2002-12-31
6131073,TB_e_mort_exc_tbhiv_num,COUNTRY,PAK,EMR,Eastern Mediterranean,YEAR,2009,,,,,,,,,55 000 [47 000-63 000],55000,47000,63000,,2025-11-11T14:30:16Z,2009,2009-01-01,2009-12-31
6134873,TB_e_mort_exc_tbhiv_num,COUNTRY,GNB,AFR,Africa,YEAR,2005,,,,,,,,,580 [350-870],580,350,870,,2025-11-11T14:30:16Z,2005,2005-01-01,2005-12-31
6141612,TB_e_mort_exc_tbhiv_num,COUNTRY,SOM,EMR,Eastern Mediterranean,YEAR,2000,,,,,,,,,11 000 [7500-14 000],11000,7500,14000,,2025-11-11T14:30:16Z,2000,2000-01-01,2000-12-31
6142287,TB_e_mort_exc_tbhiv_num,COUNTRY,BHS,AMR,Americas,YEAR,2004,,,,,,,,,6 [6-7],6,6,7,,2025-11-11T14:30:16Z,2004,2004-01-01,2004-12-31
6143364,TB_e_mort_exc_tbhiv_num,COUNTRY,KWT,EMR,Eastern Mediterranean,YEAR,2010,,,,,,,,,32 [32-33],32,32,33,,2025-11-11T14:30:16Z,2010,2010-01-01,2010-12-31
6148262,TB_e_mort_exc_tbhiv_num,COUNTRY,MUS,AFR,Africa,YEAR,2001,,,,,,,,,10 [9-10],10,9,10,,2025-11-11T14:30:16Z,2001,2001-01-01,2001-12-31
6150243,TB_e_mort_exc_tbhiv_num,GLOBAL,GLOBAL,,,YEAR,2013,,,,,,,,,1 400 000 [1 250 000-1 550 000],1400000,1250000,1550000,,2025-11-11T14:30:16Z,2013,2013-01-01,2013-12-31
6155282,TB_e_mort_exc_tbhiv_num,COUNTRY,LAO,WPR,Western Pacific,YEAR,2021,,,,,,,,,2000 [1200-3100],2000,1200,3100,,2025-11-11T14:30:16Z,2021,2021-01-01,2021-12-31
6155811,TB_e_mort_exc_tbhiv_num,COUNTRY,LBY,EMR,Eastern Mediterranean,YEAR,2015,,,,,,,,,490 [120-1100],490,120,1100,,2025-11-11T14:30:16Z,2015,2015-01-01,2015-12-31
6156847,TB_e_mort_exc_tbhiv_num,COUNTRY,PRI,AMR,Americas,YEAR,2003,,,,,,,,,16 [16-16],16,16,16,,2025-11-11T14:30:16Z,2003,2003-01-01,2003-12-31
6161565,TB_e_mort_exc_tbhiv_num,COUNTRY,TKM,EUR,Europe,YEAR,2022,,,,,,,,,740 [620-860],740,620,860,,2025-11-11T14:30:16Z,2022,2022-01-01,2022-12-31
6161936,TB_e_mort_exc_tbhiv_num,COUNTRY,CYP,EUR,Europe,YEAR,2012,,,,,,,,,5 [4-5],5,4,5,,2025-11-11T14:30:16Z,2012,2012-01-01,2012-12-31
6169598,TB_e_mort_exc_tbhiv_num,COUNTRY,JOR,EMR,Eastern Mediterranean,YEAR,2010,,,,,,,,,27 [22-31],27,22,31,,2025-11-11T14:30:16Z,2010,2010-01-01,2010-12-31
6179772,TB_e_mort_exc_tbhiv_num,COUNTRY,CZE,EUR,Europe,YEAR,2001,,,,,,,,,96 [94-98],96,94,98,,2025-11-11T14:30:16Z,2001,2001-01-01,2001-12-31
6181384,TB_e_mort_exc_tbhiv_num,COUNTRY,FJI,WPR,Western Pacific,YEAR,2002,,,,,,,,,19 [16-22],19,16,22,,2025-11-11T14:30:16Z,2002,2002-01-01,2002-12-31
6187457,TB_e_mort_exc_tbhiv_num,COUNTRY,GEO,EUR,Europe,YEAR,2000,,,,,,,,,340 [320-360],340,320,360,,2025-11-11T14:30:16Z,2000,2000-01-01,2000-12-31
6188967,TB_e_mort_exc_tbhiv_num,COUNTRY,LBN,EMR,Eastern Mediterranean,YEAR,2017,,,,,,,,,120 [84-170],120,84,170,,2025-11-11T14:30:16Z,2017,2017-01-01,2017-12-31
6191575,TB_e_mort_exc_tbhiv_num,COUNTRY,AZE,EUR,Europe,YEAR,2015,,,,,,,,,580 [530-620],580,530,620,,2025-11-11T14:30:16Z,2015,2015-01-01,2015-12-31
6193430,TB_e_mort_exc_tbhiv_num,COUNTRY,SUR,AMR,Americas,YEAR,2009,,,,,,,,,14 [13-16],14,13,16,,2025-11-11T14:30:16Z,2009,2009-01-01,2009-12-31
6200818,TB_e_mort_exc_tbhiv_num,COUNTRY,CZE,EUR,Europe,YEAR,2004,,,,,,,,,69 [69-70],69,69,70,,2025-11-11T14:30:16Z,2004,2004-01-01,2004-12-31
6205525,TB_e_mort_exc_tbhiv_num,COUNTRY,SVK,EUR,Europe,YEAR,2003,,,,,,,,,66 [66-67],66,66,67,,2025-11-11T14:30:16Z,2003,2003-01-01,2003-12-31
6206019,TB_e_mort_exc_tbhiv_num,COUNTRY,SUR,AMR,Americas,YEAR,2001,,,,,,,,,10 [9-11],10,9,11,,2025-11-11T14:30:16Z,2001,2001-01-01,2001-12-31
6207395,TB_e_mort_exc_tbhiv_num,COUNTRY,CPV,AFR,Africa,YEAR,2016,,,,,,,,,22 [19-25],22,19,25,,2025-11-11T14:30:16Z,2016,2016-01-01,2016-12-31
6210715,TB_e_mort_exc_tbhiv_num,COUNTRY,SWE,EUR,Europe,YEAR,2017,,,,,,,,,23 [22-23],23,22,23,,2025-11-11T14:30:16Z,2017,2017-01-01,2017-12-31
6211052,TB_e_mort_exc_tbhiv_num,COUNTRY,ARM,EUR,Europe,YEAR,2014,,,,,,,,,81 [79-82],81,79,82,,2025-11-11T14:30:16Z,2014,2014-01-01,2014-12-31
6211767,TB_e_mort_exc_tbhiv_num,COUNTRY,HRV,EUR,Europe,YEAR,2018,,,,,,,,,40 [40-41],40,40,41,,2025-11-11T14:30:16Z,2018,2018-01-01,2018-12-31
6211859,TB_e_mort_exc_tbhiv_num,COUNTRY,KOR,WPR,Western Pacific,YEAR,2000,,,,,,,,,4100 [3800-4400],4100,3800,4400,,2025-11-11T14:30:16Z,2000,2000-01-01,2000-12-31
6212288,TB_e_mort_exc_tbhiv_num,COUNTRY,ARG,AMR,Americas,YEAR,2001,,,,,,,,,860 [830-890],860,830,890,,2025-11-11T14:30:16Z,2001,2001-01-01,2001-12-31
6216615,TB_e_mort_exc_tbhiv_num,COUNTRY,MAR,EMR,Eastern Mediterranean,YEAR,2010,,,,,,,,,2300 [1300-3600],2300,1300,3600,,2025-11-11T14:30:16Z,2010,2010-01-01,2010-12-31
6216874,TB_e_mort_exc_tbhiv_num,COUNTRY,KAZ,EUR,Europe,YEAR,2003,,,,,,,,,3700 [3600-3900],3700,3600,3900,,2025-11-11T14:30:16Z,2003,2003-01-01,2003-12-31
6219017,TB_e_mort_exc_tbhiv_num,COUNTRY,PER,AMR,Americas,YEAR,2007,,,,,,,,,2000 [1700-2300],2000,1700,2300,,2025-11-11T14:30:16Z,2007,2007-01-01,2007-12-31
6219026,TB_e_mort_exc_tbhiv_num,COUNTRY,ZWE,AFR,Africa,YEAR,2012,,,,,,,,,1700 [1000-2400],1700,1000,2400,,2025-11-11T14:30:16Z,2012,2012-01-01,2012-12-31
6219179,TB_e_mort_exc_tbhiv_num,COUNTRY,BRN,WPR,Western Pacific,YEAR,2020,,,,,,,,,24 [20-28],24,20,28,,2025-11-11T14:30:16Z,2020,2020-01-01,2020-12-31
6223044,TB_e_mort_exc_tbhiv_num,COUNTRY,ROU,EUR,Europe,YEAR,2024,,,,,,,,,970 [630-1400],970,630,1400,,2025-11-11T14:30:16Z,2024,2024-01-01,2024-12-31
6225734,TB_e_mort_exc_tbhiv_num,COUNTRY,BRA,AMR,Americas,YEAR,2003,,,,,,,,,6400 [5900-7000],6400,5900,7000,,2025-11-11T14:30:16Z,2003,2003-01-01,2003-12-31
6229741,TB_e_mort_exc_tbhiv_num,COUNTRY,MWI,AFR,Africa,YEAR,2011,,,,,,,,,5200 [2600-8700],5200,2600,8700,,2025-11-11T14:30:16Z,2011,2011-01-01,2011-12-31
6230273,TB_e_mort_exc_tbhiv_num,COUNTRY,TJK,EUR,Europe,YEAR,2021,,,,,,,,,800 [710-900],800,710,900,,2025-11-11T14:30:16Z,2021,2021-01-01,2021-12-31
6230978,TB_e_mort_exc_tbhiv_num,COUNTRY,MDG,AFR,Africa,YEAR,2014,,,,,,,,,12 000 [8500-16 000],12000,8500,16000,,2025-11-11T14:30:16Z,2014,2014-01-01,2014-12-31
6231610,TB_e_mort_exc_tbhiv_num,COUNTRY,FRA,EUR,Europe,YEAR,2000,,,,,,,,,1200 [1100-1200],1200,1100,1200,,2025-11-11T14:30:16Z,2000,2000-01-01,2000-12-31
6235683,TB_e_mort_exc_tbhiv_num,COUNTRY,EST,EUR,Europe,YEAR,2019,,,,,,,,,16 [16-16],16,16,16,,2025-11-11T14:30:16Z,2019,2019-01-01,2019-12-31
6237854,TB_e_mort_exc_tbhiv_num,COUNTRY,HKG,,,YEAR,2007,,,,,,,,,240 [240-240],240,240,240,,2025-11-11T14:30:16Z,2007,2007-01-01,2007-12-31
6243227,TB_e_mort_exc_tbhiv_num,REGION,EMR,,,YEAR,2007,,,,,,,,,106 000 [95 000-118 000],106000,95000,118000,,2025-11-11T14:30:16Z,2007,2007-01-01,2007-12-31
6244190,TB_e_mort_exc_tbhiv_num,COUNTRY,LVA,EUR,Europe,YEAR,2008,,,,,,,,,130 [120-130],130,120,130,,2025-11-11T14:30:16Z,2008,2008-01-01,2008-12-31
6248271,TB_e_mort_exc_tbhiv_num,COUNTRY,BHS,AMR,Americas,YEAR,2017,,,,,,,,,2 [2-2],2,2,2,,2025-11-11T14:30:16Z,2017,2017-01-01,2017-12-31
6248567,TB_e_mort_exc_tbhiv_num,COUNTRY,FIN,EUR,Europe,YEAR,2000,,,,,,,,,130 [130-130],130,130,130,,2025-11-11T14:30:16Z,2000,2000-01-01,2000-12-31
6250429,TB_e_mort_exc_tbhiv_num,COUNTRY,CHL,AMR,Americas,YEAR,2008,,,,,,,,,450 [440-460],450,440,460,,2025-11-11T14:30:16Z,2008,2008-01-01,2008-12-31
6261129,TB_e_mort_exc_tbhiv_num,COUNTRY,KGZ,EUR,Europe,YEAR,2024,,,,,,,,,200 [160-250],200,160,250,,2025-11-11T14:30:16Z,2024,2024-01-01,2024-12-31
6263959,TB_e_mort_exc_tbhiv_num,COUNTRY,BRA,AMR,Americas,YEAR,2011,,,,,,,,,5300 [5100-5500],5300,5100,5500,,2025-11-11T14:30:16Z,2011,2011-01-01,2011-12-31
6273709,TB_e_mort_exc_tbhiv_num,COUNTRY,CIV,AFR,Africa,YEAR,2017,,,,,,,,,6400 [4300-8800],6400,4300,8800,,2025-11-11T14:30:16Z,2017,2017-01-01,2017-12-31
6274166,TB_e_mort_exc_tbhiv_num,COUNTRY,SGP,WPR,Western Pacific,YEAR,2004,,,,,,,,,82 [77-87],82,77,87,,2025-11-11T14:30:16Z,2004,2004-01-01,2004-12-31
6276690,TB_e_mort_exc_tbhiv_num,COUNTRY,MNG,WPR,Western Pacific,YEAR,2014,,,,,,,,,330 [290-360],330,290,360,,2025-11-11T14:30:16Z,2014,2014-01-01,2014-12-31
6277687,TB_e_mort_exc_tbhiv_num,COUNTRY,FIN,EUR,Europe,YEAR,2002,,,,,,,,,98 [97-98],98,97,98,,2025-11-11T14:30:16Z,2002,2002-01-01,2002-12-31
6282837,TB_e_mort_exc_tbhiv_num,COUNTRY,IND,SEAR,South-East Asia,YEAR,2001,,,,,,,,,757 000 [567 000-973 000],757000,567000,973000,,2025-11-11T14:30:16Z,2001,2001-01-01,2001-12-31
6284063,TB_e_mort_exc_tbhiv_num,COUNTRY,KAZ,EUR,Europe,YEAR,2012,,,,,,,,,1600 [1400-1900],1600,1400,1900,,2025-11-11T14:30:16Z,2012,2012-01-01,2012-12-31
6287832,TB_e_mort_exc_tbhiv_num,COUNTRY,NIC,AMR,Americas,YEAR,2005,,,,,,,,,230 [220-240],230,220,240,,2025-11-11T14:30:16Z,2005,2005-01-01,2005-12-31
6296213,TB_e_mort_exc_tbhiv_num,COUNTRY,SOM,EMR,Eastern Mediterranean,YEAR,2007,,,,,,,,,9100 [6600-12 000],9100,6600,12000,,2025-11-11T14:30:16Z,2007,2007-01-01,2007-12-31
6300357,TB_e_mort_exc_tbhiv_num,COUNTRY,VNM,WPR,Western Pacific,YEAR,2016,,,,,,,,,13 000 [8300-18 000],13000,8300,18000,,2025-11-11T14:30:16Z,2016,2016-01-01,2016-12-31
6305506,TB_e_mort_exc_tbhiv_num,COUNTRY,USA,AMR,Americas,YEAR,2010,,,,,,,,,620 [610-620],620,610,620,,2025-11-11T14:30:16Z,2010,2010-01-01,2010-12-31
6306880,TB_e_mort_exc_tbhiv_num,COUNTRY,NZL,WPR,Western Pacific,YEAR,2017,,,,,,,,,11 [11-11],11,11,11,,2025-11-11T14:30:16Z,2017,2017-01-01,2017-12-31
6309132,TB_e_mort_exc_tbhiv_num,COUNTRY,MKD,EUR,Europe,YEAR,2020,,,,,,,,,20 [17-22],20,17,22,,2025-11-11T14:30:16Z,2020,2020-01-01,2020-12-31
6309452,TB_e_mort_exc_tbhiv_num,COUNTRY,NOR,EUR,Europe,YEAR,2003,,,,,,,,,55 [53-56],55,53,56,,2025-11-11T14:30:16Z,2003,2003-01-01,2003-12-31
6313159,TB_e_mort_exc_tbhiv_num,COUNTRY,FSM,WPR,Western Pacific,YEAR,2016,,,,,,,,,78 [54-110],78,54,110,,2025-11-11T14:30:16Z,2016,2016-01-01,2016-12-31
6326393,TB_e_mort_exc_tbhiv_num,WORLDBANKINCOMEGROUP,WB_UMI,,,YEAR,2009,,,,,,,,,252 000 [241 000-262 000],252000,241000,262000,,2025-11-11T14:30:16Z,2009,2009-01-01,2009-12-31
6337998,TB_e_mort_exc_tbhiv_num,COUNTRY,COD,AFR,Africa,YEAR,2002,,,,,,,,,79 000 [31 000-147 000],79000,31000,147000,,2025-11-11T14:30:16Z,2002,2002-01-01,2002-12-31
6338617,TB_e_mort_exc_tbhiv_num,COUNTRY,FIN,EUR,Europe,YEAR,2001,,,,,,,,,97 [97-98],97,97,98,,2025-11-11T14:30:16Z,2001,2001-01-01,2001-12-31
6345333,TB_e_mort_exc_tbhiv_num,REGION,EMR,,,YEAR,2017,,,,,,,,,80 000 [70 000-91 000],80000,70000,91000,,2025-11-11T14:30:16Z,2017,2017-01-01,2017-12-31
6351075,TB_e_mort_exc_tbhiv_num,COUNTRY,PER,AMR,Americas,YEAR,2012,,,,,,,,,2000 [1700-2300],2000,1700,2300,,2025-11-11T14:30:16Z,2012,2012-01-01,2012-12-31
6359918,TB_e_mort_exc_tbhiv_num,COUNTRY,MRT,AFR,Africa,YEAR,2022,,,,,,,,,570 [310-900],570,310,900,,2025-11-11T14:30:16Z,2022,2022-01-01,2022-12-31
6363360,TB_e_mort_exc_tbhiv_num,COUNTRY,SVK,EUR,Europe,YEAR,2002,,,,,,,,,64 [64-64],64,64,64,,2025-11-11T14:30:16Z,2002,2002-01-01,2002-12-31
6364259,TB_e_mort_exc_tbhiv_num,COUNTRY,GIN,AFR,Africa,YEAR,2012,,,,,,,,,3100 [2200-4200],3100,2200,4200,,2025-11-11T14:30:16Z,2012,2012-01-01,2012-12-31
6364646,TB_e_mort_exc_tbhiv_num,COUNTRY,FRA,EUR,Europe,YEAR,2009,,,,,,,,,670 [650-700],670,650,700,,2025-11-11T14:30:16Z,2009,2009-01-01,2009-12-31
6364921,TB_e_mort_exc_tbhiv_num,COUNTRY,ARE,EMR,Eastern Mediterranean,YEAR,2018,,,,,,,,,63 [36-97],63,36,97,,2025-11-11T14:30:16Z,2018,2018-01-01,2018-12-31
6366567,TB_e_mort_exc_tbhiv_num,COUNTRY,CHL,AMR,Americas,YEAR,2000,,,,,,,,,540 [530-550],540,530,550,,2025-11-11T14:30:16Z,2000,2000-01-01,2000-12-31
6369024,TB_e_mort_exc_tbhiv_num,COUNTRY,LTU,EUR,Europe,YEAR,2013,,,,,,,,,220 [220-230],220,220,230,,2025-11-11T14:30:16Z,2013,2013-01-01,2013-12-31
6370915,TB_e_mort_exc_tbhiv_num,REGION,WPR,,,YEAR,2003,,,,,,,,,307 000 [286 000-330 000],307000,286000,330000,,2025-11-11T14:30:16Z,2003,2003-01-01,2003-12-31
6371702,TB_e_mort_exc_tbhiv_num,COUNTRY,SVN,EUR,Europe,YEAR,2015,,,,,,,,,11 [11-11],11,11,11,,2025-11-11T14:30:16Z,2015,2015-01-01,2015-12-31
6375795,TB_e_mort_exc_tbhiv_num,COUNTRY,CHN,WPR,Western Pacific,YEAR,2001,,,,,,,,,102 000 [82 000-125 000],102000,82000,125000,,2025-11-11T14:30:16Z,2001,2001-01-01,2001-12-31
6376304,TB_e_mort_exc_tbhiv_num,COUNTRY,ARM,EUR,Europe,YEAR,2019,,,,,,,,,36 [36-37],36,36,37,,2025-11-11T14:30:16Z,2019,2019-01-01,2019-12-31
6379247,TB_e_mort_exc_tbhiv_num,COUNTRY,RWA,AFR,Africa,YEAR,2011,,,,,,,,,670 [430-960],670,430,960,,2025-11-11T14:30:16Z,2011,2011-01-01,2011-12-31
6390538,TB_e_mort_exc_tbhiv_num,COUNTRY,COM,AFR,Africa,YEAR,2014,,,,,,,,,69 [26-130],69,26,130,,2025-11-11T14:30:16Z,2014,2014-01-01,2014-12-31
6391308,TB_e_mort_exc_tbhiv_num,COUNTRY,TJK,EUR,Europe,YEAR,2007,,,,,,,,,900 [830-970],900,830,970,,2025-11-11T14:30:16Z,2007,2007-01-01,2007-12-31
6403731,TB_e_mort_exc_tbhiv_num,COUNTRY,GRC,EUR,Europe,YEAR,2005,,,,,,,,,98 [94-100],98,94,100,,2025-11-11T14:30:16Z,2005,2005-01-01,2005-12-31
6408876,TB_e_mort_exc_tbhiv_num,COUNTRY,SVK,EUR,Europe,YEAR,2017,,,,,,,,,29 [28-29],29,28,29,,2025-11-11T14:30:16Z,2017,2017-01-01,2017-12-31
6416883,TB_e_mort_exc_tbhiv_num,COUNTRY,TGO,AFR,Africa,YEAR,2001,,,,,,,,,430 [170-810],430,170,810,,2025-11-11T14:30:16Z,2001,2001-01-01,2001-12-31
6427107,TB_e_mort_exc_tbhiv_num,WORLDBANKINCOMEGROUP,WB_LMI,,,YEAR,2004,,,,,,,,,1 190 000 [1 010 000-1 380 000],1190000,1010000,1380000,,2025-11-11T14:30:16Z,2004,2004-01-01,2004-12-31
6439266,TB_e_mort_exc_tbhiv_num,COUNTRY,RWA,AFR,Africa,YEAR,2022,,,,,,,,,410 [210-680],410,210,680,,2025-11-11T14:30:16Z,2022,2022-01-01,2022-12-31
6441957,TB_e_mort_exc_tbhiv_num,COUNTRY,MMR,SEAR,South-East Asia,YEAR,2008,,,,,,,,,58 000 [33 000-91 000],58000,33000,91000,,2025-11-11T14:30:16Z,2008,2008-01-01,2008-12-31
6442041,TB_e_mort_exc_tbhiv_num,COUNTRY,CRI,AMR,Americas,YEAR,2006,,,,,,,,,63 [62-63],63,62,63,,2025-11-11T14:30:16Z,2006,2006-01-01,2006-12-31
6442788,TB_e_mort_exc_tbhiv_num,COUNTRY,CAF,AFR,Africa,YEAR,2003,,,,,,,,,4800 [1700-9400],4800,1700,9400,,2025-11-11T14:30:16Z,2003,2003-01-01,2003-12-31
6445935,TB_e_mort_exc_tbhiv_num,COUNTRY,SWE,EUR,Europe,YEAR,2001,,,,,,,,,88 [87-89],88,87,89,,2025-11-11T14:30:16Z,2001,2001-01-01,2001-12-31
6445936,TB_e_mort_exc_tbhiv_num,COUNTRY,TJK,EUR,Europe,YEAR,2015,,,,,,,,,780 [710-860],780,710,860,,2025-11-11T14:30:16Z,2015,2015-01-01,2015-12-31
6446901,TB_e_mort_exc_tbhiv_num,COUNTRY,QAT,EMR,Eastern Mediterranean,YEAR,2001,,,,,,,,,5 [5-6],5,5,6,,2025-11-11T14:30:16Z,2001,2001-01-01,2001-12-31
6458986,TB_e_mort_exc_tbhiv_num,COUNTRY,BHR,EMR,Eastern Mediterranean,YEAR,2005,,,,,,,,,10 [9-12],10,9,12,,2025-11-11T14:30:16Z,2005,2005-01-01,2005-12-31
6464545,TB_e_mort_exc_tbhiv_num,COUNTRY,CPV,AFR,Africa,YEAR,2012,,,,,,,,,22 [19-25],22,19,25,,2025-11-11T14:30:16Z,2012,2012-01-01,2012-12-31
6464657,TB_e_mort_exc_tbhiv_num,REGION,AMR,,,YEAR,2023,,,,,,,,,22 000 [21 000-24 000],22000,21000,24000,,2025-11-11T14:30:16Z,2023,2023-01-01,2023-12-31
6468186,TB_e_mort_exc_tbhiv_num,COUNTRY,LBY,EMR,Eastern Mediterranean,YEAR,2016,,,,,,,,,460 [120-1000],460,120,1000,,2025-11-11T14:30:16Z,2016,2016-01-01,2016-12-31
6472384,TB_e_mort_exc_tbhiv_num,COUNTRY,MYS,WPR,Western Pacific,YEAR,2000,,,,,,,,,1500 [790-2600],1500,790,2600,,2025-11-11T14:30:16Z,2000,2000-01-01,2000-12-31
6476961,TB_e_mort_exc_tbhiv_num,COUNTRY,CPV,AFR,Africa,YEAR,2008,,,,,,,,,32 [27-37],32,27,37,,2025-11-11T14:30:16Z,2008,2008-01-01,2008-12-31
6477553,TB_e_mort_exc_tbhiv_num,COUNTRY,HTI,AMR,Americas,YEAR,2005,,,,,,,,,1200 [810-1500],1200,810,1500,,2025-11-11T14:30:16Z,2005,2005-01-01,2005-12-31
6479181,TB_e_mort_exc_tbhiv_num,COUNTRY,MAC,,,YEAR,2019,,,,,,,,,97 [67-130],97,67,130,,2025-11-11T14:30:16Z,2019,2019-01-01,2019-12-31
6479394,TB_e_mort_exc_tbhiv_num,COUNTRY,CHN,WPR,Western Pacific,YEAR,2005,,,,,,,,,72 000 [64 000-80 000],72000,64000,80000,,2025-11-11T14:30:16Z,2005,2005-01-01,2005-12-31
6485385,TB_e_mort_exc_tbhiv_num,COUNTRY,RUS,EUR,Europe,YEAR,2002,,,,,,,,,32 000 [31 000-33 000],32000,31000,33000,,2025-11-11T14:30:16Z,2002,2002-01-01,2002-12-31
6487291,TB_e_mort_exc_tbhiv_num,COUNTRY,MMR,SEAR,South-East Asia,YEAR,2023,,,,,,,,,36 000 [23 000-52 000],36000,23000,52000,,2025-11-11T14:30:16Z,2023,2023-01-01,2023-12-31
6491126,TB_e_mort_exc_tbhiv_num,COUNTRY,QAT,EMR,Eastern Mediterranean,YEAR,2014,,,,,,,,,7 [6-9],7,6,9,,2025-11-11T14:30:16Z,2014,2014-01-01,2014-12-31
6491237,TB_e_mort_exc_tbhiv_num,COUNTRY,DZA,AFR,Africa,YEAR,2024,,,,,,,,,3300 [2200-4600],3300,2200,4600,,2025-11-11T14:30:16Z,2024,2024-01-01,2024-12-31
6491408,TB_e_mort_exc_tbhiv_num,COUNTRY,EST,EUR,Europe,YEAR,2012,,,,,,,,,36 [35-36],36,35,36,,2025-11-11T14:30:16Z,2012,2012-01-01,2012-12-31
6496724,TB_e_mort_exc_tbhiv_num,COUNTRY,CMR,AFR,Africa,YEAR,2015,,,,,,,,,6800 [4700-9200],6800,4700,9200,,2025-11-11T14:30:16Z,2015,2015-01-01,2015-12-31
6497919,TB_e_mort_exc_tbhiv_num,COUNTRY,CAN,AMR,Americas,YEAR,2014,,,,,,,,,110 [110-110],110,110,110,,2025-11-11T14:30:16Z,2014,2014-01-01,2014-12-31
6499369,TB_e_mort_exc_tbhiv_num,COUNTRY,IRQ,EMR,Eastern Mediterranean,YEAR,2010,,,,,,,,,1100 [950-1200],1100,950,1200,,2025-11-11T14:30:16Z,2010,2010-01-01,2010-12-31
6511870,TB_e_mort_exc_tbhiv_num,COUNTRY,NZL,WPR,Western Pacific,YEAR,2023,,,,,,,,,14 [13-14],14,13,14,,2025-11-11T14:30:16Z,2023,2023-01-01,2023-12-31
6514801,TB_e_mort_exc_tbhiv_num,COUNTRY,CYP,EUR,Europe,YEAR,2017,,,,,,,,,4 [3-4],4,3,4,,2025-11-11T14:30:16Z,2017,2017-01-01,2017-12-31
6515870,TB_e_mort_exc_tbhiv_num,COUNTRY,ZMB,AFR,Africa,YEAR,2014,,,,,,,,,4700 [2800-7200],4700,2800,7200,,2025-11-11T14:30:16Z,2014,2014-01-01,2014-12-31
6516089,TB_e_mort_exc_tbhiv_num,COUNTRY,LTU,EUR,Europe,YEAR,2012,,,,,,,,,270 [260-280],270,260,280,,2025-11-11T14:30:16Z,2012,2012-01-01,2012-12-31
6517086,TB_e_mort_exc_tbhiv_num,WORLDBANKINCOMEGROUP,WB_HI,,,YEAR,2006,,,,,,,,,48 000 [47 000-49 000],48000,47000,49000,,2025-11-11T14:30:16Z,2006,2006-01-01,2006-12-31
6517762,TB_e_mort_exc_tbhiv_num,COUNTRY,UGA,AFR,Africa,YEAR,2019,,,,,,,,,6900 [3800-11 000],6900,3800,11000,,2025-11-11T14:30:16Z,2019,2019-01-01,2019-12-31
6521463,TB_e_mort_exc_tbhiv_num,COUNTRY,CHL,AMR,Americas,YEAR,2020,,,,,,,,,280 [280-280],280,280,280,,2025-11-11T14:30:16Z,2020,2020-01-01,2020-12-31
6523164,TB_e_mort_exc_tbhiv_num,COUNTRY,KHM,WPR,Western Pacific,YEAR,2008,,,,,,,,,3700 [1600-6700],3700,1600,6700,,2025-11-11T14:30:16Z,2008,2008-01-01,2008-12-31
6524562,TB_e_mort_exc_tbhiv_num,COUNTRY,BIH,EUR,Europe,YEAR,2011,,,,,,,,,170 [170-180],170,170,180,,2025-11-11T14:30:16Z,2011,2011-01-01,2011-12-31
6524781,TB_e_mort_exc_tbhiv_num,COUNTRY,KOR,WPR,Western Pacific,YEAR,2020,,,,,,,,,1600 [1500-1700],1600,1500,1700,,2025-11-11T14:30:16Z,2020,2020-01-01,2020-12-31
6530753,TB_e_mort_exc_tbhiv_num,COUNTRY,PSE,EMR,Eastern Mediterranean,YEAR,2020,,,,,,,,,6 [4-8],6,4,8,,2025-11-11T14:30:16Z,2020,2020-01-01,2020-12-31
6537512,TB_e_mort_exc_tbhiv_num,COUNTRY,LUX,EUR,Europe,YEAR,2003,,,,,,,,,4 [4-4],4,4,4,,2025-11-11T14:30:16Z,2003,2003-01-01,2003-12-31
6540248,TB_e_mort_exc_tbhiv_num,COUNTRY,FSM,WPR,Western Pacific,YEAR,2012,,,,,,,,,84 [58-110],84,58,110,,2025-11-11T14:30:16Z,2012,2012-01-01,2012-12-31
6548576,TB_e_mort_exc_tbhiv_num,COUNTRY,MWI,AFR,Africa,YEAR,2018,,,,,,,,,3000 [1500-4900],3000,1500,4900,,2025-11-11T14:30:16Z,2018,2018-01-01,2018-12-31
6550524,TB_e_mort_exc_tbhiv_num,COUNTRY,DJI,EMR,Eastern Mediterranean,YEAR,2016,,,,,,,,,1600 [1100-2200],1600,1100,2200,,2025-11-11T14:30:16Z,2016,2016-01-01,2016-12-31
6555860,TB_e_mort_exc_tbhiv_num,COUNTRY,TLS,SEAR,South-East Asia,YEAR,2019,,,,,,,,,460 [300-650],460,300,650,,2025-11-11T14:30:16Z,2019,2019-01-01,2019-12-31
6557036,TB_e_mort_exc_tbhiv_num,COUNTRY,JAM,AMR,Americas,YEAR,2021,,,,,,,,,8 [6-11],8,6,11,,2025-11-11T14:30:16Z,2021,2021-01-01,2021-12-31
6561041,TB_e_mort_exc_tbhiv_num,COUNTRY,SGP,WPR,Western Pacific,YEAR,2005,,,,,,,,,72 [67-76],72,67,76,,2025-11-11T14:30:16Z,2005,2005-01-01,2005-12-31
6561285,TB_e_mort_exc_tbhiv_num,COUNTRY,PAK,EMR,Eastern Mediterranean,YEAR,2013,,,,,,,,,51 000 [43 000-59 000],51000,43000,59000,,2025-11-11T14:30:16Z,2013,2013-01-01,2013-12-31
6562432,TB_e_mort_exc_tbhiv_num,COUNTRY,NLD,EUR,Europe,YEAR,2004,,,,,,,,,82 [80-83],82,80,83,,2025-11-11T14:30:16Z,2004,2004-01-01,2004-12-31
6562848,TB_e_mort_exc_tbhiv_num,COUNTRY,PAN,AMR,Americas,YEAR,2007,,,,,,,,,180 [180-190],180,180,190,,2025-11-11T14:30:16Z,2007,2007-01-01,2007-12-31
6568903,TB_e_mort_exc_tbhiv_num,COUNTRY,KHM,WPR,Western Pacific,YEAR,2014,,,,,,,,,3400 [1700-5700],3400,1700,5700,,2025-11-11T14:30:16Z,2014,2014-01-01,2014-12-31
6573781,TB_e_mort_exc_tbhiv_num,COUNTRY,DOM,AMR,Americas,YEAR,2014,,,,,,,,,450 [290-640],450,290,640,,2025-11-11T14:30:16Z,2014,2014-01-01,2014-12-31
6575871,TB_e_mort_exc_tbhiv_num,COUNTRY,SYR,EMR,Eastern Mediterranean,YEAR,2002,,,,,,,,,77 [59-97],77,59,97,,2025-11-11T14:30:16Z,2002,2002-01-01,2002-12-31
6575972,TB_e_mort_exc_tbhiv_num,COUNTRY,DZA,AFR,Africa,YEAR,2011,,,,,,,,,5200 [3600-7100],5200,3600,7100,,2025-11-11T14:30:16Z,2011,2011-01-01,2011-12-31
6579178,TB_e_mort_exc_tbhiv_num,COUNTRY,AGO,AFR,Africa,YEAR,2013,,,,,,,,,21 000 [14 000-29 000],21000,14000,29000,,2025-11-11T14:30:16Z,2013,2013-01-01,2013-12-31
6581380,TB_e_mort_exc_tbhiv_num,COUNTRY,PAK,EMR,Eastern Mediterranean,YEAR,2001,,,,,,,,,58 000 [52 000-65 000],58000,52000,65000,,2025-11-11T14:30:16Z,2001,2001-01-01,2001-12-31
6585901,TB_e_mort_exc_tbhiv_num,COUNTRY,STP,AFR,Africa,YEAR,2005,,,,,,,,,130 [87-180],130,87,180,,2025-11-11T14:30:16Z,2005,2005-01-01,2005-12-31
6586562,TB_e_mort_exc_tbhiv_num,COUNTRY,URY,AMR,Americas,YEAR,2004,,,,,,,,,87 [83-91],87,83,91,,2025-11-11T14:30:16Z,2004,2004-01-01,2004-12-31
6593597,TB_e_mort_exc_tbhiv_num,COUNTRY,SRB,EUR,Europe,YEAR,2019,,,,,,,,,51 [47-55],51,47,55,,2025-11-11T14:30:16Z,2019,2019-01-01,2019-12-31
6594921,TB_e_mort_exc_tbhiv_num,COUNTRY,KHM,WPR,Western Pacific,YEAR,2015,,,,,,,,,3300 [1700-5500],3300,1700,5500,,2025-11-11T14:30:16Z,2015,2015-01-01,2015-12-31
6601509,TB_e_mort_exc_tbhiv_num,COUNTRY,BLR,EUR,Europe,YEAR,2014,,,,,,,,,530 [480-590],530,480,590,,2025-11-11T14:30:16Z,2014,2014-01-01,2014-12-31
6611155,TB_e_mort_exc_tbhiv_num,COUNTRY,CHE,EUR,Europe,YEAR,2002,,,,,,,,,34 [33-34],34,33,34,,2025-11-11T14:30:16Z,2002,2002-01-01,2002-12-31
6611523,TB_e_mort_exc_tbhiv_num,COUNTRY,EST,EUR,Europe,YEAR,2002,,,,,,,,,140 [100-190],140,100,190,,2025-11-11T14:30:16Z,2002,2002-01-01,2002-12-31
6613612,TB_e_mort_exc_tbhiv_num,REGION,WPR,,,YEAR,2009,,,,,,,,,254 000 [240 000-268 000],254000,240000,268000,,2025-11-11T14:30:16Z,2009,2009-01-01,2009-12-31
6616627,TB_e_mort_exc_tbhiv_num,COUNTRY,ISR,EUR,Europe,YEAR,2018,,,,,,,,,20 [19-20],20,19,20,,2025-11-11T14:30:16Z,2018,2018-01-01,2018-12-31
6618277,TB_e_mort_exc_tbhiv_num,COUNTRY,BHR,EMR,Eastern Mediterranean,YEAR,2012,,,,,,,,,5 [4-5],5,4,5,,2025-11-11T14:30:16Z,2012,2012-01-01,2012-12-31
6618873,TB_e_mort_exc_tbhiv_num,COUNTRY,SLB,WPR,Western Pacific,YEAR,2007,,,,,,,,,410 [280-570],410,280,570,,2025-11-11T14:30:16Z,2007,2007-01-01,2007-12-31
6619108,TB_e_mort_exc_tbhiv_num,COUNTRY,LAO,WPR,Western Pacific,YEAR,2022,,,,,,,,,1000 [580-1600],1000,580,1600,,2025-11-11T14:30:16Z,2022,2022-01-01,2022-12-31
6620086,TB_e_mort_exc_tbhiv_num,COUNTRY,GNQ,AFR,Africa,YEAR,2007,,,,,,,,,510 [170-1000],510,170,1000,,2025-11-11T14:30:16Z,2007,2007-01-01,2007-12-31
6625612,TB_e_mort_exc_tbhiv_num,COUNTRY,KOR,WPR,Western Pacific,YEAR,2006,,,,,,,,,3400 [3200-3700],3400,3200,3700,,2025-11-11T14:30:16Z,2006,2006-01-01,2006-12-31
6625898,TB_e_mort_exc_tbhiv_num,COUNTRY,GHA,AFR,Africa,YEAR,2003,,,,,,,,,11 000 [4400-19 000],11000,4400,19000,,2025-11-11T14:30:16Z,2003,2003-01-01,2003-12-31
6626826,TB_e_mort_exc_tbhiv_num,COUNTRY,CPV,AFR,Africa,YEAR,2001,,,,,,,,,29 [25-34],29,25,34,,2025-11-11T14:30:16Z,2001,2001-01-01,2001-12-31
6629417,TB_e_mort_exc_tbhiv_num,COUNTRY,COL,AMR,Americas,YEAR,2005,,,,,,,,,1200 [1100-1200],1200,1100,1200,,2025-11-11T14:30:16Z,2005,2005-01-01,2005-12-31
6635989,TB_e_mort_exc_tbhiv_num,COUNTRY,GNB,AFR,Africa,YEAR,2006,,,,,,,,,520 [310-790],520,310,790,,2025-11-11T14:30:16Z,2006,2006-01-01,2006-12-31
6642605,TB_e_mort_exc_tbhiv_num,COUNTRY,TUN,EMR,Eastern Mediterranean,YEAR,2019,,,,,,,,,140 [100-180],140,100,180,,2025-11-11T14:30:16Z,2019,2019-01-01,2019-12-31
6644528,TB_e_mort_exc_tbhiv_num,GLOBAL,GLOBAL,,,YEAR,2017,,,,,,,,,1 260 000 [1 130 000-1 400 000],1260000,1130000,1400000,,2025-11-11T14:30:16Z,2017,2017-01-01,2017-12-31
6648606,TB_e_mort_exc_tbhiv_num,COUNTRY,MNG,WPR,Western Pacific,YEAR,2015,,,,,,,,,330 [290-370],330,290,370,,2025-11-11T14:30:16Z,2015,2015-01-01,2015-12-31
6648661,TB_e_mort_exc_tbhiv_num,COUNTRY,MNG,WPR,Western Pacific,YEAR,2022,,,,,,,,,390 [340-450],390,340,450,,2025-11-11T14:30:16Z,2022,2022-01-01,2022-12-31
6656274,TB_e_mort_exc_tbhiv_num,COUNTRY,BGR,EUR,Europe,YEAR,2010,,,,,,,,,220 [210-230],220,210,230,,2025-11-11T14:30:16Z,2010,2010-01-01,2010-12-31
6658169,TB_e_mort_exc_tbhiv_num,COUNTRY,AZE,EUR,Europe,YEAR,2008,,,,,,,,,510 [470-560],510,470,560,,2025-11-11T14:30:16Z,2008,2008-01-01,2008-12-31
6661279,TB_e_mort_exc_tbhiv_num,COUNTRY,PAK,EMR,Eastern Mediterranean,YEAR,2016,,,,,,,,,48 000 [40 000-58 000],48000,40000,58000,,2025-11-11T14:30:16Z,2016,2016-01-01,2016-12-31
6663650,TB_e_mort_exc_tbhiv_num,COUNTRY,NOR,EUR,Europe,YEAR,2002,,,,,,,,,35 [34-36],35,34,36,,2025-11-11T14:30:16Z,2002,2002-01-01,2002-12-31
6664246,TB_e_mort_exc_tbhiv_num,COUNTRY,NAM,AFR,Africa,YEAR,2013,,,,,,,,,1700 [1100-2400],1700,1100,2400,,2025-11-11T14:30:16Z,2013,2013-01-01,2013-12-31
6675772,TB_e_mort_exc_tbhiv_num,COUNTRY,IRL,EUR,Europe,YEAR,2014,,,,,,,,,24 [24-24],24,24,24,,2025-11-11T14:30:16Z,2014,2014-01-01,2014-12-31
6677144,TB_e_mort_exc_tbhiv_num,COUNTRY,CRI,AMR,Americas,YEAR,2008,,,,,,,,,58 [57-59],58,57,59,,2025-11-11T14:30:16Z,2008,2008-01-01,2008-12-31
6680326,TB_e_mort_exc_tbhiv_num,COUNTRY,PHL,WPR,Western Pacific,YEAR,2010,,,,,,,,,31 000 [28 000-34 000],31000,28000,34000,,2025-11-11T14:30:16Z,2010,2010-01-01,2010-12-31
6680899,TB_e_mort_exc_tbhiv_num,COUNTRY,SOM,EMR,Eastern Mediterranean,YEAR,2011,,,,,,,,,6000 [4200-8000],6000,4200,8000,,2025-11-11T14:30:16Z,2011,2011-01-01,2011-12-31
6682434,TB_e_mort_exc_tbhiv_num,COUNTRY,IRN,EMR,Eastern Mediterranean,YEAR,2012,,,,,,,,,700 [610-800],700,610,800,,2025-11-11T14:30:16Z,2012,2012-01-01,2012-12-31
6682721,TB_e_mort_exc_tbhiv_num,COUNTRY,ARG,AMR,Americas,YEAR,2014,,,,,,,,,630 [610-660],630,610,660,,2025-11-11T14:30:16Z,2014,2014-01-01,2014-12-31
6682900,TB_e_mort_exc_tbhiv_num,COUNTRY,GBR,EUR,Europe,YEAR,2005,,,,,,,,,460 [450-460],460,450,460,,2025-11-11T14:30:16Z,2005,2005-01-01,2005-12-31
6683041,TB_e_mort_exc_tbhiv_num,COUNTRY,KOR,WPR,Western Pacific,YEAR,2011,,,,,,,,,2900 [2800-3100],2900,2800,3100,,2025-11-11T14:30:16Z,2011,2011-01-01,2011-12-31
6686762,TB_e_mort_exc_tbhiv_num,COUNTRY,SYR,EMR,Eastern Mediterranean,YEAR,2009,,,,,,,,,55 [46-66],55,46,66,,2025-11-11T14:30:16Z,2009,2009-01-01,2009-12-31
6689473,TB_e_mort_exc_tbhiv_num,COUNTRY,DJI,EMR,Eastern Mediterranean,YEAR,2023,,,,,,,,,1400 [970-1900],1400,970,1900,,2025-11-11T14:30:16Z,2023,2023-01-01,2023-12-31
6690050,TB_e_mort_exc_tbhiv_num,COUNTRY,PNG,WPR,Western Pacific,YEAR,2024,,,,,,,,,12 000 [8500-15 000],12000,8500,15000,,2025-11-11T14:30:16Z,2024,2024-01-01,2024-12-31
6695135,TB_e_mort_exc_tbhiv_num,COUNTRY,NLD,EUR,Europe,YEAR,2007,,,,,,,,,56 [55-57],56,55,57,,2025-11-11T14:30:16Z,2007,2007-01-01,2007-12-31
6699256,TB_e_mort_exc_tbhiv_num,COUNTRY,BGR,EUR,Europe,YEAR,2012,,,,,,,,,180 [180-190],180,180,190,,2025-11-11T14:30:16Z,2012,2012-01-01,2012-12-31
6701533,TB_e_mort_exc_tbhiv_num,WORLDBANKINCOMEGROUP,WB_LMI,,,YEAR,2020,,,,,,,,,744 000 [647 000-847 000],744000,647000,847000,,2025-11-11T14:30:16Z,2020,2020-01-01,2020-12-31
6712323,TB_e_mort_exc_tbhiv_num,COUNTRY,CMR,AFR,Africa,YEAR,2003,,,,,,,,,4400 [2500-6800],4400,2500,6800,,2025-11-11T14:30:16Z,2003,2003-01-01,2003-12-31
6718148,TB_e_mort_exc_tbhiv_num,COUNTRY,FJI,WPR,Western Pacific,YEAR,2013,,,,,,,,,34 [33-35],34,33,35,,2025-11-11T14:30:16Z,2013,2013-01-01,2013-12-31
6720413,TB_e_mort_exc_tbhiv_num,COUNTRY,ZAF,AFR,Africa,YEAR,2019,,,,,,,,,22 000 [21 000-24 000],22000,21000,24000,,2025-11-11T14:30:16Z,2019,2019-01-01,2019-12-31
6725645,TB_e_mort_exc_tbhiv_num,COUNTRY,BEN,AFR,Africa,YEAR,2005,,,,,,,,,1400 [800-2100],1400,800,2100,,2025-11-11T14:30:16Z,2005,2005-01-01,2005-12-31
6725834,TB_e_mort_exc_tbhiv_num,COUNTRY,LAO,WPR,Western Pacific,YEAR,2004,,,,,,,,,5700 [3300-8600],5700,3300,8600,,2025-11-11T14:30:16Z,2004,2004-01-01,2004-12-31
6726581,TB_e_mort_exc_tbhiv_num,COUNTRY,MAC,,,YEAR,2014,,,,,,,,,120 [82-160],120,82,160,,2025-11-11T14:30:16Z,2014,2014-01-01,2014-12-31
6726693,TB_e_mort_exc_tbhiv_num,COUNTRY,BHS,AMR,Americas,YEAR,2001,,,,,,,,,6 [5-6],6,5,6,,2025-11-11T14:30:16Z,2001,2001-01-01,2001-12-31
6738690,TB_e_mort_exc_tbhiv_num,COUNTRY,QAT,EMR,Eastern Mediterranean,YEAR,2003,,,,,,,,,4 [3-4],4,3,4,,2025-11-11T14:30:16Z,2003,2003-01-01,2003-12-31
6744176,TB_e_mort_exc_tbhiv_num,COUNTRY,NGA,AFR,Africa,YEAR,2009,,,,,,,,,86 000 [50 000-131 000],86000,50000,131000,,2025-11-11T14:30:16Z,2009,2009-01-01,2009-12-31
6755889,TB_e_mort_exc_tbhiv_num,COUNTRY,SGP,WPR,Western Pacific,YEAR,2020,,,,,,,,,24 [21-27],24,21,27,,2025-11-11T14:30:16Z,2020,2020-01-01,2020-12-31
6758000,TB_e_mort_exc_tbhiv_num,REGION,AFR,,,YEAR,2022,,,,,,,,,359 000 [296 000-429 000],359000,296000,429000,,2025-11-11T14:30:16Z,2022,2022-01-01,2022-12-31
6758333,TB_e_mort_exc_tbhiv_num,COUNTRY,ESP,EUR,Europe,YEAR,2018,,,,,,,,,260 [250-260],260,250,260,,2025-11-11T14:30:16Z,2018,2018-01-01,2018-12-31
6759084,TB_e_mort_exc_tbhiv_num,COUNTRY,SVN,EUR,Europe,YEAR,2005,,,,,,,,,18 [18-18],18,18,18,,2025-11-11T14:30:16Z,2005,2005-01-01,2005-12-31
6759193,TB_e_mort_exc_tbhiv_num,COUNTRY,COG,AFR,Africa,YEAR,2004,,,,,,,,,2200 [1500-3100],2200,1500,3100,,2025-11-11T14:30:16Z,2004,2004-01-01,2004-12-31
6763759,TB_e_mort_exc_tbhiv_num,COUNTRY,TJK,EUR,Europe,YEAR,2006,,,,,,,,,910 [840-990],910,840,990,,2025-11-11T14:30:16Z,2006,2006-01-01,2006-12-31
6775614,TB_e_mort_exc_tbhiv_num,COUNTRY,MMR,SEAR,South-East Asia,YEAR,2013,,,,,,,,,37 000 [21 000-58 000],37000,21000,58000,,2025-11-11T14:30:16Z,2013,2013-01-01,2013-12-31
6778451,TB_e_mort_exc_tbhiv_num,COUNTRY,ALB,EUR,Europe,YEAR,2017,,,,,,,,,8 [4-14],8,4,14,,2025-11-11T14:30:16Z,2017,2017-01-01,2017-12-31
6784764,TB_e_mort_exc_tbhiv_num,COUNTRY,RWA,AFR,Africa,YEAR,2001,,,,,,,,,430 [220-710],430,220,710,,2025-11-11T14:30:16Z,2001,2001-01-01,2001-12-31
6787667,TB_e_mort_exc_tbhiv_num,COUNTRY,MUS,AFR,Africa,YEAR,2024,,,,,,,,,15 [15-16],15,15,16,,2025-11-11T14:30:16Z,2024,2024-01-01,2024-12-31
6794192,TB_e_mort_exc_tbhiv_num,COUNTRY,USA,AMR,Americas,YEAR,2018,,,,,,,,,570 [570-570],570,570,570,,2025-11-11T14:30:16Z,2018,2018-01-01,2018-12-31
6794963,TB_e_mort_exc_tbhiv_num,COUNTRY,GNQ,AFR,Africa,YEAR,2019,,,,,,,,,670 [280-1200],670,280,1200,,2025-11-11T14:30:16Z,2019,2019-01-01,2019-12-31
6796824,TB_e_mort_exc_tbhiv_num,COUNTRY,SVK,EUR,Europe,YEAR,2006,,,,,,,,,47 [47-48],47,47,48,,2025-11-11T14:30:16Z,2006,2006-01-01,2006-12-31
6801476,TB_e_mort_exc_tbhiv_num,COUNTRY,UGA,AFR,Africa,YEAR,2012,,,,,,,,,6200 [3800-9300],6200,3800,9300,,2025-11-11T14:30:16Z,2012,2012-01-01,2012-12-31
6804058,TB_e_mort_exc_tbhiv_num,COUNTRY,ECU,AMR,Americas,YEAR,2014,,,,,,,,,550 [470-630],550,470,630,,2025-11-11T14:30:16Z,2014,2014-01-01,2014-12-31
6806490,TB_e_mort_exc_tbhiv_num,COUNTRY,CAN,AMR,Americas,YEAR,2011,,,,,,,,,99 [99-100],99,99,100,,2025-11-11T14:30:16Z,2011,2011-01-01,2011-12-31
6809439,TB_e_mort_exc_tbhiv_num,COUNTRY,FRA,EUR,Europe,YEAR,2018,,,,,,,,,370 [350-390],370,350,390,,2025-11-11T14:30:16Z,2018,2018-01-01,2018-12-31
6813794,TB_e_mort_exc_tbhiv_num,COUNTRY,GTM,AMR,Americas,YEAR,2004,,,,,,,,,390 [360-430],390,360,430,,2025-11-11T14:30:16Z,2004,2004-01-01,2004-12-31
6814701,TB_e_mort_exc_tbhiv_num,COUNTRY,SLB,WPR,Western Pacific,YEAR,2013,,,,,,,,,250 [170-340],250,170,340,,2025-11-11T14:30:16Z,2013,2013-01-01,2013-12-31
6826621,TB_e_mort_exc_tbhiv_num,COUNTRY,SLE,AFR,Africa,YEAR,2000,,,,,,,,,10 000 [4500-18 000],10000,4500,18000,,2025-11-11T14:30:16Z,2000,2000-01-01,2000-12-31
6827029,TB_e_mort_exc_tbhiv_num,COUNTRY,HKG,,,YEAR,2020,,,,,,,,,150 [150-150],150,150,150,,2025-11-11T14:30:16Z,2020,2020-01-01,2020-12-31
6828360,TB_e_mort_exc_tbhiv_num,COUNTRY,ZMB,AFR,Africa,YEAR,2008,,,,,,,,,3900 [2300-5900],3900,2300,5900,,2025-11-11T14:30:16Z,2008,2008-01-01,2008-12-31
6828852,TB_e_mort_exc_tbhiv_num,COUNTRY,JPN,WPR,Western Pacific,YEAR,2000,,,,,,,,,5100 [5000-5200],5100,5000,5200,,2025-11-11T14:30:16Z,2000,2000-01-01,2000-12-31
6832942,TB_e_mort_exc_tbhiv_num,COUNTRY,TKM,EUR,Europe,YEAR,2012,,,,,,,,,560 [480-640],560,480,640,,2025-11-11T14:30:16Z,2012,2012-01-01,2012-12-31
6834319,TB_e_mort_exc_tbhiv_num,COUNTRY,IRN,EMR,Eastern Mediterranean,YEAR,2015,,,,,,,,,840 [820-860],840,820,860,,2025-11-11T14:30:16Z,2015,2015-01-01,2015-12-31
6839451,TB_e_mort_exc_tbhiv_num,COUNTRY,ZWE,AFR,Africa,YEAR,2023,,,,,,,,,3300 [1200-6200],3300,1200,6200,,2025-11-11T14:30:16Z,2023,2023-01-01,2023-12-31
6839500,TB_e_mort_exc_tbhiv_num,COUNTRY,AFG,EMR,Eastern Mediterranean,YEAR,2014,,,,,,,,,15 000 [11 000-20 000],15000,11000,20000,,2025-11-11T14:30:16Z,2014,2014-01-01,2014-12-31
6845401,TB_e_mort_exc_tbhiv_num,COUNTRY,CAF,AFR,Africa,YEAR,2015,,,,,,,,,3800 [1500-7000],3800,1500,7000,,2025-11-11T14:30:16Z,2015,2015-01-01,2015-12-31
6847031,TB_e_mort_exc_tbhiv_num,COUNTRY,BTN,SEAR,South-East Asia,YEAR,2020,,,,,,,,,300 [210-410],300,210,410,,2025-11-11T14:30:16Z,2020,2020-01-01,2020-12-31
6851492,TB_e_mort_exc_tbhiv_num,COUNTRY,PRY,AMR,Americas,YEAR,2010,,,,,,,,,230 [220-250],230,220,250,,2025-11-11T14:30:16Z,2010,2010-01-01,2010-12-31
6851495,TB_e_mort_exc_tbhiv_num,COUNTRY,BLR,EUR,Europe,YEAR,2023,,,,,,,,,190 [180-200],190,180,200,,2025-11-11T14:30:16Z,2023,2023-01-01,2023-12-31
6854776,TB_e_mort_exc_tbhiv_num,COUNTRY,UZB,EUR,Europe,YEAR,2023,,,,,,,,,570 [550-590],570,550,590,,2025-11-11T14:30:16Z,2023,2023-01-01,2023-12-31
6859666,TB_e_mort_exc_tbhiv_num,COUNTRY,HTI,AMR,Americas,YEAR,2015,,,,,,,,,1100 [730-1400],1100,730,1400,,2025-11-11T14:30:16Z,2015,2015-01-01,2015-12-31
6860181,TB_e_mort_exc_tbhiv_num,COUNTRY,HND,AMR,Americas,YEAR,2022,,,,,,,,,490 [410-590],490,410,590,,2025-11-11T14:30:16Z,2022,2022-01-01,2022-12-31
6870142,TB_e_mort_exc_tbhiv_num,COUNTRY,SLE,AFR,Africa,YEAR,2018,,,,,,,,,5900 [2600-11 000],5900,2600,11000,,2025-11-11T14:30:16Z,2018,2018-01-01,2018-12-31
6873646,TB_e_mort_exc_tbhiv_num,COUNTRY,COL,AMR,Americas,YEAR,2009,,,,,,,,,1100 [1100-1200],1100,1100,1200,,2025-11-11T14:30:16Z,2009,2009-01-01,2009-12-31
6878619,TB_e_mort_exc_tbhiv_num,COUNTRY,IRN,EMR,Eastern Mediterranean,YEAR,2001,,,,,,,,,600 [520-680],600,520,680,,2025-11-11T14:30:16Z,2001,2001-01-01,2001-12-31
6879476,TB_e_mort_exc_tbhiv_num,COUNTRY,COM,AFR,Africa,YEAR,2004,,,,,,,,,74 [28-140],74,28,140,,2025-11-11T14:30:16Z,2004,2004-01-01,2004-12-31
6879522,TB_e_mort_exc_tbhiv_num,COUNTRY,TLS,SEAR,South-East Asia,YEAR,2016,,,,,,,,,670 [480-900],670,480,900,,2025-11-11T14:30:16Z,2016,2016-01-01,2016-12-31
6882631,TB_e_mort_exc_tbhiv_num,COUNTRY,DEU,EUR,Europe,YEAR,2008,,,,,,,,,360 [360-370],360,360,370,,2025-11-11T14:30:16Z,2008,2008-01-01,2008-12-31
6889273,TB_e_mort_exc_tbhiv_num,COUNTRY,PAN,AMR,Americas,YEAR,2017,,,,,,,,,220 [210-220],220,210,220,,2025-11-11T14:30:16Z,2017,2017-01-01,2017-12-31
6891453,TB_e_mort_exc_tbhiv_num,COUNTRY,BFA,AFR,Africa,YEAR,2002,,,,,,,,,2800 [1100-5300],2800,1100,5300,,2025-11-11T14:30:16Z,2002,2002-01-01,2002-12-31
6892540,TB_e_mort_exc_tbhiv_num,COUNTRY,CUB,AMR,Americas,YEAR,2022,,,,,,,,,37 [33-41],37,33,41,,2025-11-11T14:30:16Z,2022,2022-01-01,2022-12-31
6896401,TB_e_mort_exc_tbhiv_num,COUNTRY,VNM,WPR,Western Pacific,YEAR,2002,,,,,,,,,27 000 [16 000-41 000],27000,16000,41000,,2025-11-11T14:30:16Z,2002,2002-01-01,2002-12-31
6897080,TB_e_mort_exc_tbhiv_num,COUNTRY,GRC,EUR,Europe,YEAR,2000,,,,,,,,,98 [88-110],98,88,110,,2025-11-11T14:30:16Z,2000,2000-01-01,2000-12-31
6897367,TB_e_mort_exc_tbhiv_num,COUNTRY,SLB,WPR,Western Pacific,YEAR,2021,,,,,,,,,210 [140-280],210,140,280,,2025-11-11T14:30:16Z,2021,2021-01-01,2021-12-31
6897444,TB_e_mort_exc_tbhiv_num,COUNTRY,SYR,EMR,Eastern Mediterranean,YEAR,2021,,,,,,,,,29 [26-32],29,26,32,,2025-11-11T14:30:16Z,2021,2021-01-01,2021-12-31
6903601,TB_e_mort_exc_tbhiv_num,COUNTRY,RWA,AFR,Africa,YEAR,2012,,,,,,,,,640 [410-910],640,410,910,,2025-11-11T14:30:16Z,2012,2012-01-01,2012-12-31
6909823,TB_e_mort_exc_tbhiv_num,COUNTRY,TCD,AFR,Africa,YEAR,2013,,,,,,,,,4300 [2800-6000],4300,2800,6000,,2025-11-11T14:30:16Z,2013,2013-01-01,2013-12-31
6914060,TB_e_mort_exc_tbhiv_num,COUNTRY,FIN,EUR,Europe,YEAR,2004,,,,,,,,,68 [68-68],68,68,68,,2025-11-11T14:30:16Z,2004,2004-01-01,2004-12-31
6916149,TB_e_mort_exc_tbhiv_num,COUNTRY,DEU,EUR,Europe,YEAR,2009,,,,,,,,,350 [340-350],350,340,350,,2025-11-11T14:30:16Z,2009,2009-01-01,2009-12-31
6916645,TB_e_mort_exc_tbhiv_num,COUNTRY,UZB,EUR,Europe,YEAR,2010,,,,,,,,,3600 [2500-4800],3600,2500,4800,,2025-11-11T14:30:16Z,2010,2010-01-01,2010-12-31
6917944,TB_e_mort_exc_tbhiv_num,COUNTRY,DEU,EUR,Europe,YEAR,2011,,,,,,,,,340 [340-350],340,340,350,,2025-11-11T14:30:16Z,2011,2011-01-01,2011-12-31
6926948,TB_e_mort_exc_tbhiv_num,COUNTRY,LSO,AFR,Africa,YEAR,2011,,,,,,,,,1300 [730-2000],1300,730,2000,,2025-11-11T14:30:16Z,2011,2011-01-01,2011-12-31
6927743,TB_e_mort_exc_tbhiv_num,COUNTRY,BOL,AMR,Americas,YEAR,2000,,,,,,,,,2500 [2100-3100],2500,2100,3100,,2025-11-11T14:30:16Z,2000,2000-01-01,2000-12-31
6929030,TB_e_mort_exc_tbhiv_num,COUNTRY,SAU,EMR,Eastern Mediterranean,YEAR,2004,,,,,,,,,390 [330-470],390,330,470,,2025-11-11T14:30:16Z,2004,2004-01-01,2004-12-31
6929502,TB_e_mort_exc_tbhiv_num,COUNTRY,SLV,AMR,Americas,YEAR,2016,,,,,,,,,69 [61-78],69,61,78,,2025-11-11T14:30:16Z,2016,2016-01-01,2016-12-31
6930303,TB_e_mort_exc_tbhiv_num,COUNTRY,BFA,AFR,Africa,YEAR,2008,,,,,,,,,2700 [1200-4900],2700,1200,4900,,2025-11-11T14:30:16Z,2008,2008-01-01,2008-12-31
6930568,TB_e_mort_exc_tbhiv_num,COUNTRY,MDV,SEAR,South-East Asia,YEAR,2010,,,,,,,,,8 [7-9],8,7,9,,2025-11-11T14:30:16Z,2010,2010-01-01,2010-12-31
6940414,TB_e_mort_exc_tbhiv_num,COUNTRY,THA,SEAR,South-East Asia,YEAR,2008,,,,,,,,,9500 [5600-14 000],9500,5600,14000,,2025-11-11T14:30:16Z,2008,2008-01-01,2008-12-31
6941421,TB_e_mort_exc_tbhiv_num,COUNTRY,CYP,EUR,Europe,YEAR,2018,,,,,,,,,5 [4-6],5,4,6,,2025-11-11T14:30:16Z,2018,2018-01-01,2018-12-31
6941808,TB_e_mort_exc_tbhiv_num,COUNTRY,HUN,EUR,Europe,YEAR,2019,,,,,,,,,63 [63-63],63,63,63,,2025-11-11T14:30:16Z,2019,2019-01-01,2019-12-31
6942366,TB_e_mort_exc_tbhiv_num,COUNTRY,TGO,AFR,Africa,YEAR,2024,,,,,,,,,610 [230-1200],610,230,1200,,2025-11-11T14:30:16Z,2024,2024-01-01,2024-12-31
6943241,TB_e_mort_exc_tbhiv_num,COUNTRY,IDN,WPR,Western Pacific,YEAR,2004,,,,,,,,,118 000 [106 000-131 000],118000,106000,131000,,2025-11-11T14:30:16Z,2004,2004-01-01,2004-12-31
6948990,TB_e_mort_exc_tbhiv_num,COUNTRY,MWI,AFR,Africa,YEAR,2013,,,,,,,,,4800 [2400-8000],4800,2400,8000,,2025-11-11T14:30:16Z,2013,2013-01-01,2013-12-31
6953266,TB_e_mort_exc_tbhiv_num,COUNTRY,PAN,AMR,Americas,YEAR,2020,,,,,,,,,200 [190-210],200,190,210,,2025-11-11T14:30:16Z,2020,2020-01-01,2020-12-31
6955085,TB_e_mort_exc_tbhiv_num,COUNTRY,MAC,,,YEAR,2006,,,,,,,,,200 [140-270],200,140,270,,2025-11-11T14:30:16Z,2006,2006-01-01,2006-12-31
6956159,TB_e_mort_exc_tbhiv_num,COUNTRY,GMB,AFR,Africa,YEAR,2000,,,,,,,,,370 [220-570],370,220,570,,2025-11-11T14:30:16Z,2000,2000-01-01,2000-12-31
6956200,TB_e_mort_exc_tbhiv_num,COUNTRY,SDN,EMR,Eastern Mediterranean,YEAR,2004,,,,,,,,,12 000 [6100-20 000],12000,6100,20000,,2025-11-11T14:30:16Z,2004,2004-01-01,2004-12-31
6959971,TB_e_mort_exc_tbhiv_num,COUNTRY,SDN,EMR,Eastern Mediterranean,YEAR,2023,,,,,,,,,5400 [3100-8400],5400,3100,8400,,2025-11-11T14:30:16Z,2023,2023-01-01,2023-12-31
6960742,TB_e_mort_exc_tbhiv_num,COUNTRY,SYR,EMR,Eastern Mediterranean,YEAR,2022,,,,,,,,,30 [27-34],30,27,34,,2025-11-11T14:30:16Z,2022,2022-01-01,2022-12-31
6972418,TB_e_mort_exc_tbhiv_num,COUNTRY,AFG,EMR,Eastern Mediterranean,YEAR,2013,,,,,,,,,14 000 [9900-19 000],14000,9900,19000,,2025-11-11T14:30:16Z,2013,2013-01-01,2013-12-31
6979664,TB_e_mort_exc_tbhiv_num,COUNTRY,CRI,AMR,Americas,YEAR,2013,,,,,,,,,40 [40-41],40,40,41,,2025-11-11T14:30:16Z,2013,2013-01-01,2013-12-31
6981038,TB_e_mort_exc_tbhiv_num,COUNTRY,MEX,AMR,Americas,YEAR,2021,,,,,,,,,2300 [2300-2400],2300,2300,2400,,2025-11-11T14:30:16Z,2021,2021-01-01,2021-12-31
6985716,TB_e_mort_exc_tbhiv_num,COUNTRY,CAN,AMR,Americas,YEAR,2005,,,,,,,,,130 [130-130],130,130,130,,2025-11-11T14:30:16Z,2005,2005-01-01,2005-12-31
6987973,TB_e_mort_exc_tbhiv_num,COUNTRY,ZMB,AFR,Africa,YEAR,2009,,,,,,,,,3800 [2200-5700],3800,2200,5700,,2025-11-11T14:30:16Z,2009,2009-01-01,2009-12-31
6993460,TB_e_mort_exc_tbhiv_num,COUNTRY,VUT,WPR,Western Pacific,YEAR,2012,,,,,,,,,82 [60-110],82,60,110,,2025-11-11T14:30:16Z,2012,2012-01-01,2012-12-31
7005541,TB_e_mort_exc_tbhiv_num,COUNTRY,CZE,EUR,Europe,YEAR,2019,,,,,,,,,22 [22-22],22,22,22,,2025-11-11T14:30:16Z,2019,2019-01-01,2019-12-31
7005908,TB_e_mort_exc_tbhiv_num,COUNTRY,DEU,EUR,Europe,YEAR,2022,,,,,,,,,290 [280-290],290,280,290,,2025-11-11T14:30:16Z,2022,2022-01-01,2022-12-31
7010564,TB_e_mort_exc_tbhiv_num,COUNTRY,OMN,EMR,Eastern Mediterranean,YEAR,2011,,,,,,,,,16 [13-20],16,13,20,,2025-11-11T14:30:16Z,2011,2011-01-01,2011-12-31
7012420,TB_e_mort_exc_tbhiv_num,COUNTRY,FIN,EUR,Europe,YEAR,2010,,,,,,,,,48 [48-48],48,48,48,,2025-11-11T14:30:16Z,2010,2010-01-01,2010-12-31
7016910,TB_e_mort_exc_tbhiv_num,COUNTRY,LBY,EMR,Eastern Mediterranean,YEAR,2013,,,,,,,,,400 [120-830],400,120,830,,2025-11-11T14:30:16Z,2013,2013-01-01,2013-12-31
7022220,TB_e_mort_exc_tbhiv_num,COUNTRY,LVA,EUR,Europe,YEAR,2014,,,,,,,,,69 [68-71],69,68,71,,2025-11-11T14:30:16Z,2014,2014-01-01,2014-12-31
7023942,TB_e_mort_exc_tbhiv_num,COUNTRY,KHM,WPR,Western Pacific,YEAR,2013,,,,,,,,,3300 [1600-5700],3300,1600,5700,,2025-11-11T14:30:16Z,2013,2013-01-01,2013-12-31
7024955,TB_e_mort_exc_tbhiv_num,COUNTRY,MRT,AFR,Africa,YEAR,2017,,,,,,,,,750 [470-1100],750,470,1100,,2025-11-11T14:30:16Z,2017,2017-01-01,2017-12-31
7030879,TB_e_mort_exc_tbhiv_num,COUNTRY,HND,AMR,Americas,YEAR,2005,,,,,,,,,400 [330-480],400,330,480,,2025-11-11T14:30:16Z,2005,2005-01-01,2005-12-31
7031729,TB_e_mort_exc_tbhiv_num,COUNTRY,GAB,AFR,Africa,YEAR,2008,,,,,,,,,660 [460-890],660,460,890,,2025-11-11T14:30:16Z,2008,2008-01-01,2008-12-31
7038027,TB_e_mort_exc_tbhiv_num,COUNTRY,LUX,EUR,Europe,YEAR,2013,,,,,,,,,1 [1-1],1,1,1,,2025-11-11T14:30:16Z,2013,2013-01-01,2013-12-31
7044358,TB_e_mort_exc_tbhiv_num,COUNTRY,MOZ,AFR,Africa,YEAR,2010,,,,,,,,,7200 [4100-11 000],7200,4100,11000,,2025-11-11T14:30:16Z,2010,2010-01-01,2010-12-31
7047204,TB_e_mort_exc_tbhiv_num,COUNTRY,MDG,AFR,Africa,YEAR,2005,,,,,,,,,12 000 [8200-15 000],12000,8200,15000,,2025-11-11T14:30:16Z,2005,2005-01-01,2005-12-31
7050074,TB_e_mort_exc_tbhiv_num,COUNTRY,TCD,AFR,Africa,YEAR,2015,,,,,,,,,4100 [2800-5700],4100,2800,5700,,2025-11-11T14:30:16Z,2015,2015-01-01,2015-12-31
7050485,TB_e_mort_exc_tbhiv_num,COUNTRY,PAN,AMR,Americas,YEAR,2010,,,,,,,,,190 [180-190],190,180,190,,2025-11-11T14:30:16Z,2010,2010-01-01,2010-12-31
7054502,TB_e_mort_exc_tbhiv_num,COUNTRY,MUS,AFR,Africa,YEAR,2012,,,,,,,,,17 [16-17],17,16,17,,2025-11-11T14:30:16Z,2012,2012-01-01,2012-12-31
7057121,TB_e_mort_exc_tbhiv_num,REGION,EUR,,,YEAR,2004,,,,,,,,,68 000 [65 000-70 000],68000,65000,70000,,2025-11-11T14:30:16Z,2004,2004-01-01,2004-12-31
7060974,TB_e_mort_exc_tbhiv_num,COUNTRY,IND,SEAR,South-East Asia,YEAR,2018,,,,,,,,,336 000 [252 000-431 000],336000,252000,431000,,2025-11-11T14:30:16Z,2018,2018-01-01,2018-12-31
7066943,TB_e_mort_exc_tbhiv_num,COUNTRY,IRQ,EMR,Eastern Mediterranean,YEAR,2004,,,,,,,,,1400 [1300-1600],1400,1300,1600,,2025-11-11T14:30:16Z,2004,2004-01-01,2004-12-31
7068732,TB_e_mort_exc_tbhiv_num,COUNTRY,NIC,AMR,Americas,YEAR,2001,,,,,,,,,250 [220-280],250,220,280,,2025-11-11T14:30:16Z,2001,2001-01-01,2001-12-31
7073970,TB_e_mort_exc_tbhiv_num,COUNTRY,BFA,AFR,Africa,YEAR,2000,,,,,,,,,2300 [880-4500],2300,880,4500,,2025-11-11T14:30:16Z,2000,2000-01-01,2000-12-31
7075395,TB_e_mort_exc_tbhiv_num,COUNTRY,EGY,EMR,Eastern Mediterranean,YEAR,2004,,,,,,,,,960 [810-1100],960,810,1100,,2025-11-11T14:30:16Z,2004,2004-01-01,2004-12-31
7075399,TB_e_mort_exc_tbhiv_num,COUNTRY,MAC,,,YEAR,2003,,,,,,,,,210 [150-290],210,150,290,,2025-11-11T14:30:16Z,2003,2003-01-01,2003-12-31
7079753,TB_e_mort_exc_tbhiv_num,COUNTRY,GMB,AFR,Africa,YEAR,2010,,,,,,,,,460 [250-730],460,250,730,,2025-11-11T14:30:16Z,2010,2010-01-01,2010-12-31
7079873,TB_e_mort_exc_tbhiv_num,COUNTRY,MMR,SEAR,South-East Asia,YEAR,2001,,,,,,,,,97 000 [53 000-155 000],97000,53000,155000,,2025-11-11T14:30:16Z,2001,2001-01-01,2001-12-31
7081090,TB_e_mort_exc_tbhiv_num,COUNTRY,KIR,WPR,Western Pacific,YEAR,2004,,,,,,,,,42 [37-47],42,37,47,,2025-11-11T14:30:16Z,2004,2004-01-01,2004-12-31
7099003,TB_e_mort_exc_tbhiv_num,COUNTRY,IRL,EUR,Europe,YEAR,2009,,,,,,,,,36 [36-36],36,36,36,,2025-11-11T14:30:16Z,2009,2009-01-01,2009-12-31
7105443,TB_e_mort_exc_tbhiv_num,COUNTRY,AUT,EUR,Europe,YEAR,2024,,,,,,,,,37 [36-38],37,36,38,,2025-11-11T14:30:16Z,2024,2024-01-01,2024-12-31
7105782,TB_e_mort_exc_tbhiv_num,COUNTRY,SLB,WPR,Western Pacific,YEAR,2008,,,,,,,,,370 [250-510],370,250,510,,2025-11-11T14:30:16Z,2008,2008-01-01,2008-12-31
7111163,TB_e_mort_exc_tbhiv_num,COUNTRY,CAN,AMR,Americas,YEAR,2020,,,,,,,,,110 [110-110],110,110,110,,2025-11-11T14:30:16Z,2020,2020-01-01,2020-12-31
7111882,TB_e_mort_exc_tbhiv_num,COUNTRY,URY,AMR,Americas,YEAR,2000,,,,,,,,,78 [75-81],78,75,81,,2025-11-11T14:30:16Z,2000,2000-01-01,2000-12-31
7112688,TB_e_mort_exc_tbhiv_num,COUNTRY,IDN,WPR,Western Pacific,YEAR,2014,,,,,,,,,102 000 [97 000-108 000],102000,97000,108000,,2025-11-11T14:30:16Z,2014,2014-01-01,2014-12-31
7124064,TB_e_mort_exc_tbhiv_num,COUNTRY,MAR,EMR,Eastern Mediterranean,YEAR,2002,,,,,,,,,2500 [1400-3800],2500,1400,3800,,2025-11-11T14:30:16Z,2002,2002-01-01,2002-12-31
7130887,TB_e_mort_exc_tbhiv_num,COUNTRY,BEL,EUR,Europe,YEAR,2005,,,,,,,,,91 [89-92],91,89,92,,2025-11-11T14:30:16Z,2005,2005-01-01,2005-12-31
7132712,TB_e_mort_exc_tbhiv_num,REGION,AMR,,,YEAR,2020,,,,,,,,,18 000 [17 000-19 000],18000,17000,19000,,2025-11-11T14:30:16Z,2020,2020-01-01,2020-12-31
7136876,TB_e_mort_exc_tbhiv_num,COUNTRY,BLZ,AMR,Americas,YEAR,2011,,,,,,,,,11 [11-11],11,11,11,,2025-11-11T14:30:16Z,2011,2011-01-01,2011-12-31
7137539,TB_e_mort_exc_tbhiv_num,COUNTRY,CUB,AMR,Americas,YEAR,2019,,,,,,,,,34 [34-35],34,34,35,,2025-11-11T14:30:16Z,2019,2019-01-01,2019-12-31
7139397,TB_e_mort_exc_tbhiv_num,COUNTRY,MDA,EUR,Europe,YEAR,2011,,,,,,,,,520 [490-550],520,490,550,,2025-11-11T14:30:16Z,2011,2011-01-01,2011-12-31
7144043,TB_e_mort_exc_tbhiv_num,COUNTRY,LTU,EUR,Europe,YEAR,2019,,,,,,,,,120 [110-120],120,110,120,,2025-11-11T14:30:16Z,2019,2019-01-01,2019-12-31
7144543,TB_e_mort_exc_tbhiv_num,COUNTRY,MMR,SEAR,South-East Asia,YEAR,2005,,,,,,,,,66 000 [36 000-106 000],66000,36000,106000,,2025-11-11T14:30:16Z,2005,2005-01-01,2005-12-31
7148965,TB_e_mort_exc_tbhiv_num,COUNTRY,JAM,AMR,Americas,YEAR,2005,,,,,,,,,20 [19-22],20,19,22,,2025-11-11T14:30:16Z,2005,2005-01-01,2005-12-31
7149254,TB_e_mort_exc_tbhiv_num,COUNTRY,FRA,EUR,Europe,YEAR,2001,,,,,,,,,1100 [1100-1200],1100,1100,1200,,2025-11-11T14:30:16Z,2001,2001-01-01,2001-12-31
7152380,TB_e_mort_exc_tbhiv_num,COUNTRY,MEX,AMR,Americas,YEAR,2012,,,,,,,,,2400 [2400-2400],2400,2400,2400,,2025-11-11T14:30:16Z,2012,2012-01-01,2012-12-31
7155933,TB_e_mort_exc_tbhiv_num,COUNTRY,LBN,EMR,Eastern Mediterranean,YEAR,2004,,,,,,,,,140 [97-190],140,97,190,,2025-11-11T14:30:16Z,2004,2004-01-01,2004-12-31
7156511,TB_e_mort_exc_tbhiv_num,COUNTRY,NGA,AFR,Africa,YEAR,2014,,,,,,,,,112 000 [65 000-172 000],112000,65000,172000,,2025-11-11T14:30:16Z,2014,2014-01-01,2014-12-31
7161473,TB_e_mort_exc_tbhiv_num,COUNTRY,BLR,EUR,Europe,YEAR,2013,,,,,,,,,680 [600-760],680,600,760,,2025-11-11T14:30:16Z,2013,2013-01-01,2013-12-31
7164491,TB_e_mort_exc_tbhiv_num,COUNTRY,CZE,EUR,Europe,YEAR,2003,,,,,,,,,83 [81-85],83,81,85,,2025-11-11T14:30:16Z,2003,2003-01-01,2003-12-31
7165206,TB_e_mort_exc_tbhiv_num,COUNTRY,MRT,AFR,Africa,YEAR,2014,,,,,,,,,830 [540-1200],830,540,1200,,2025-11-11T14:30:16Z,2014,2014-01-01,2014-12-31
7167765,TB_e_mort_exc_tbhiv_num,COUNTRY,UGA,AFR,Africa,YEAR,2001,,,,,,,,,5900 [2500-11 000],5900,2500,11000,,2025-11-11T14:30:16Z,2001,2001-01-01,2001-12-31
7168266,TB_e_mort_exc_tbhiv_num,COUNTRY,SWE,EUR,Europe,YEAR,2021,,,,,,,,,22 [21-22],22,21,22,,2025-11-11T14:30:16Z,2021,2021-01-01,2021-12-31
7175763,TB_e_mort_exc_tbhiv_num,COUNTRY,CYP,EUR,Europe,YEAR,2000,,,,,,,,,0 [0-0],0,0,0,,2025-11-11T14:30:16Z,2000,2000-01-01,2000-12-31
7184013,TB_e_mort_exc_tbhiv_num,COUNTRY,CMR,AFR,Africa,YEAR,2020,,,,,,,,,6800 [4600-9400],6800,4600,9400,,2025-11-11T14:30:16Z,2020,2020-01-01,2020-12-31
7189669,TB_e_mort_exc_tbhiv_num,COUNTRY,ALB,EUR,Europe,YEAR,2021,,,,,,,,,10 [6-15],10,6,15,,2025-11-11T14:30:16Z,2021,2021-01-01,2021-12-31
7190550,TB_e_mort_exc_tbhiv_num,COUNTRY,BHR,EMR,Eastern Mediterranean,YEAR,2021,,,,,,,,,18 [11-27],18,11,27,,2025-11-11T14:30:16Z,2021,2021-01-01,2021-12-31
7193297,TB_e_mort_exc_tbhiv_num,COUNTRY,IRL,EUR,Europe,YEAR,2006,,,,,,,,,41 [41-41],41,41,41,,2025-11-11T14:30:16Z,2006,2006-01-01,2006-12-31
7193919,TB_e_mort_exc_tbhiv_num,COUNTRY,MNG,WPR,Western Pacific,YEAR,2019,,,,,,,,,330 [290-370],330,290,370,,2025-11-11T14:30:16Z,2019,2019-01-01,2019-12-31
7195353,TB_e_mort_exc_tbhiv_num,COUNTRY,CAF,AFR,Africa,YEAR,2006,,,,,,,,,4500 [1600-8900],4500,1600,8900,,2025-11-11T14:30:16Z,2006,2006-01-01,2006-12-31
7195872,TB_e_mort_exc_tbhiv_num,COUNTRY,BHR,EMR,Eastern Mediterranean,YEAR,2002,,,,,,,,,12 [10-13],12,10,13,,2025-11-11T14:30:16Z,2002,2002-01-01,2002-12-31
7199710,TB_e_mort_exc_tbhiv_num,COUNTRY,ROU,EUR,Europe,YEAR,2011,,,,,,,,,1300 [1300-1300],1300,1300,1300,,2025-11-11T14:30:16Z,2011,2011-01-01,2011-12-31
7202764,TB_e_mort_exc_tbhiv_num,COUNTRY,SOM,EMR,Eastern Mediterranean,YEAR,2014,,,,,,,,,5500 [3800-7400],5500,3800,7400,,2025-11-11T14:30:16Z,2014,2014-01-01,2014-12-31
7208334,TB_e_mort_exc_tbhiv_num,COUNTRY,KGZ,EUR,Europe,YEAR,2017,,,,,,,,,350 [350-360],350,350,360,,2025-11-11T14:30:16Z,2017,2017-01-01,2017-12-31
7208768,TB_e_mort_exc_tbhiv_num,REGION,AFR,,,YEAR,2005,,,,,,,,,452 000 [371 000-540 000],452000,371000,540000,,2025-11-11T14:30:16Z,2005,2005-01-01,2005-12-31
7209104,TB_e_mort_exc_tbhiv_num,COUNTRY,THA,SEAR,South-East Asia,YEAR,2013,,,,,,,,,9600 [6600-13 000],9600,6600,13000,,2025-11-11T14:30:16Z,2013,2013-01-01,2013-12-31
7212933,TB_e_mort_exc_tbhiv_num,COUNTRY,SVN,EUR,Europe,YEAR,2010,,,,,,,,,20 [20-20],20,20,20,,2025-11-11T14:30:16Z,2010,2010-01-01,2010-12-31
7215449,TB_e_mort_exc_tbhiv_num,REGION,SEAR,,,YEAR,2006,,,,,,,,,795 000 [641 000-965 000],795000,641000,965000,,2025-11-11T14:30:16Z,2006,2006-01-01,2006-12-31
7215628,TB_e_mort_exc_tbhiv_num,COUNTRY,SYR,EMR,Eastern Mediterranean,YEAR,2010,,,,,,,,,30 [27-34],30,27,34,,2025-11-11T14:30:16Z,2010,2010-01-01,2010-12-31
7218894,TB_e_mort_exc_tbhiv_num,COUNTRY,ARE,EMR,Eastern Mediterranean,YEAR,2002,,,,,,,,,28 [21-36],28,21,36,,2025-11-11T14:30:16Z,2002,2002-01-01,2002-12-31
7219420,TB_e_mort_exc_tbhiv_num,COUNTRY,BWA,AFR,Africa,YEAR,2017,,,,,,,,,790 [540-1100],790,540,1100,,2025-11-11T14:30:16Z,2017,2017-01-01,2017-12-31
7220680,TB_e_mort_exc_tbhiv_num,COUNTRY,MAR,EMR,Eastern Mediterranean,YEAR,2023,,,,,,,,,2700 [1500-4100],2700,1500,4100,,2025-11-11T14:30:16Z,2023,2023-01-01,2023-12-31
7221683,TB_e_mort_exc_tbhiv_num,COUNTRY,SEN,AFR,Africa,YEAR,2024,,,,,,,,,3700 [2400-5300],3700,2400,5300,,2025-11-11T14:30:16Z,2024,2024-01-01,2024-12-31
7228919,TB_e_mort_exc_tbhiv_num,COUNTRY,KEN,AFR,Africa,YEAR,2003,,,,,,,,,25 000 [10 000-45 000],25000,10000,45000,,2025-11-11T14:30:16Z,2003,2003-01-01,2003-12-31
7233297,TB_e_mort_exc_tbhiv_num,COUNTRY,NGA,AFR,Africa,YEAR,2017,,,,,,,,,125 000 [73 000-192 000],125000,73000,192000,,2025-11-11T14:30:16Z,2017,2017-01-01,2017-12-31
7235392,TB_e_mort_exc_tbhiv_num,COUNTRY,LVA,EUR,Europe,YEAR,2003,,,,,,,,,240 [230-250],240,230,250,,2025-11-11T14:30:16Z,2003,2003-01-01,2003-12-31
7238847,TB_e_mort_exc_tbhiv_num,COUNTRY,BGR,EUR,Europe,YEAR,2001,,,,,,,,,340 [320-360],340,320,360,,2025-11-11T14:30:16Z,2001,2001-01-01,2001-12-31
7239297,TB_e_mort_exc_tbhiv_num,REGION,WPR,,,YEAR,2020,,,,,,,,,200 000 [190 000-211 000],200000,190000,211000,,2025-11-11T14:30:16Z,2020,2020-01-01,2020-12-31
7239814,TB_e_mort_exc_tbhiv_num,REGION,EUR,,,YEAR,2010,,,,,,,,,48 000 [47 000-50 000],48000,47000,50000,,2025-11-11T14:30:16Z,2010,2010-01-01,2010-12-31
7258698,TB_e_mort_exc_tbhiv_num,COUNTRY,CPV,AFR,Africa,YEAR,2018,,,,,,,,,22 [19-25],22,19,25,,2025-11-11T14:30:16Z,2018,2018-01-01,2018-12-31
7260500,TB_e_mort_exc_tbhiv_num,COUNTRY,MAC,,,YEAR,2015,,,,,,,,,110 [75-150],110,75,150,,2025-11-11T14:30:16Z,2015,2015-01-01,2015-12-31
7266197,TB_e_mort_exc_tbhiv_num,COUNTRY,UGA,AFR,Africa,YEAR,2021,,,,,,,,,6300 [3500-10 000],6300,3500,10000,,2025-11-11T14:30:16Z,2021,2021-01-01,2021-12-31
7266431,TB_e_mort_exc_tbhiv_num,COUNTRY,PAN,AMR,Americas,YEAR,2012,,,,,,,,,200 [190-200],200,190,200,,2025-11-11T14:30:16Z,2012,2012-01-01,2012-12-31
7269511,TB_e_mort_exc_tbhiv_num,COUNTRY,NER,AFR,Africa,YEAR,2002,,,,,,,,,3100 [1900-4600],3100,1900,4600,,2025-11-11T14:30:16Z,2002,2002-01-01,2002-12-31
7272444,TB_e_mort_exc_tbhiv_num,COUNTRY,LBN,EMR,Eastern Mediterranean,YEAR,2001,,,,,,,,,250 [170-340],250,170,340,,2025-11-11T14:30:16Z,2001,2001-01-01,2001-12-31
7272854,TB_e_mort_exc_tbhiv_num,COUNTRY,BRN,WPR,Western Pacific,YEAR,2000,,,,,,,,,16 [16-17],16,16,17,,2025-11-11T14:30:16Z,2000,2000-01-01,2000-12-31
7276359,TB_e_mort_exc_tbhiv_num,COUNTRY,TCD,AFR,Africa,YEAR,2017,,,,,,,,,4000 [2700-5600],4000,2700,5600,,2025-11-11T14:30:16Z,2017,2017-01-01,2017-12-31
7276774,TB_e_mort_exc_tbhiv_num,COUNTRY,SDN,EMR,Eastern Mediterranean,YEAR,2007,,,,,,,,,14 000 [7300-22 000],14000,7300,22000,,2025-11-11T14:30:16Z,2007,2007-01-01,2007-12-31
7282267,TB_e_mort_exc_tbhiv_num,COUNTRY,GNQ,AFR,Africa,YEAR,2008,,,,,,,,,500 [170-1000],500,170,1000,,2025-11-11T14:30:16Z,2008,2008-01-01,2008-12-31
7283167,TB_e_mort_exc_tbhiv_num,COUNTRY,USA,AMR,Americas,YEAR,2007,,,,,,,,,630 [630-630],630,630,630,,2025-11-11T14:30:16Z,2007,2007-01-01,2007-12-31
7284689,TB_e_mort_exc_tbhiv_num,COUNTRY,CPV,AFR,Africa,YEAR,2007,,,,,,,,,31 [27-36],31,27,36,,2025-11-11T14:30:16Z,2007,2007-01-01,2007-12-31
7284942,TB_e_mort_exc_tbhiv_num,REGION,EMR,,,YEAR,2009,,,,,,,,,102 000 [91 000-115 000],102000,91000,115000,,2025-11-11T14:30:16Z,2009,2009-01-01,2009-12-31
7285192,TB_e_mort_exc_tbhiv_num,COUNTRY,GEO,EUR,Europe,YEAR,2007,,,,,,,,,240 [220-260],240,220,260,,2025-11-11T14:30:16Z,2007,2007-01-01,2007-12-31
7288920,TB_e_mort_exc_tbhiv_num,COUNTRY,ARE,EMR,Eastern Mediterranean,YEAR,2016,,,,,,,,,61 [35-93],61,35,93,,2025-11-11T14:30:16Z,2016,2016-01-01,2016-12-31
7289663,TB_e_mort_exc_tbhiv_num,COUNTRY,AUS,WPR,Western Pacific,YEAR,2011,,,,,,,,,55 [55-55],55,55,55,,2025-11-11T14:30:16Z,2011,2011-01-01,2011-12-31
7295544,TB_e_mort_exc_tbhiv_num,COUNTRY,BRN,WPR,Western Pacific,YEAR,2011,,,,,,,,,8 [6-10],8,6,10,,2025-11-11T14:30:16Z,2011,2011-01-01,2011-12-31
7296277,TB_e_mort_exc_tbhiv_num,COUNTRY,MDG,AFR,Africa,YEAR,2015,,,,,,,,,12 000 [8400-16 000],12000,8400,16000,,2025-11-11T14:30:16Z,2015,2015-01-01,2015-12-31
7296565,TB_e_mort_exc_tbhiv_num,COUNTRY,BIH,EUR,Europe,YEAR,2004,,,,,,,,,210 [200-230],210,200,230,,2025-11-11T14:30:16Z,2004,2004-01-01,2004-12-31
7296697,TB_e_mort_exc_tbhiv_num,COUNTRY,BRN,WPR,Western Pacific,YEAR,2009,,,,,,,,,13 [11-15],13,11,15,,2025-11-11T14:30:16Z,2009,2009-01-01,2009-12-31
7297840,TB_e_mort_exc_tbhiv_num,COUNTRY,KGZ,EUR,Europe,YEAR,2000,,,,,,,,,1100 [1100-1200],1100,1100,1200,,2025-11-11T14:30:16Z,2000,2000-01-01,2000-12-31
7297929,TB_e_mort_exc_tbhiv_num,COUNTRY,BEN,AFR,Africa,YEAR,2009,,,,,,,,,1500 [880-2200],1500,880,2200,,2025-11-11T14:30:16Z,2009,2009-01-01,2009-12-31
7298378,TB_e_mort_exc_tbhiv_num,COUNTRY,NIC,AMR,Americas,YEAR,2022,,,,,,,,,110 [100-120],110,100,120,,2025-11-11T14:30:16Z,2022,2022-01-01,2022-12-31
7301937,TB_e_mort_exc_tbhiv_num,COUNTRY,ZWE,AFR,Africa,YEAR,2018,,,,,,,,,1200 [720-1700],1200,720,1700,,2025-11-11T14:30:16Z,2018,2018-01-01,2018-12-31
7302751,TB_e_mort_exc_tbhiv_num,COUNTRY,LAO,WPR,Western Pacific,YEAR,2005,,,,,,,,,5200 [3100-8000],5200,3100,8000,,2025-11-11T14:30:16Z,2005,2005-01-01,2005-12-31
7304753,TB_e_mort_exc_tbhiv_num,COUNTRY,BOL,AMR,Americas,YEAR,2006,,,,,,,,,1800 [1400-2200],1800,1400,2200,,2025-11-11T14:30:16Z,2006,2006-01-01,2006-12-31
7308841,TB_e_mort_exc_tbhiv_num,COUNTRY,CHE,EUR,Europe,YEAR,2015,,,,,,,,,17 [16-17],17,16,17,,2025-11-11T14:30:16Z,2015,2015-01-01,2015-12-31
7319728,TB_e_mort_exc_tbhiv_num,COUNTRY,MNE,EUR,Europe,YEAR,2006,,,,,,,,,6 [6-7],6,6,7,,2025-11-11T14:30:16Z,2006,2006-01-01,2006-12-31
7330142,TB_e_mort_exc_tbhiv_num,COUNTRY,HND,AMR,Americas,YEAR,2024,,,,,,,,,490 [410-580],490,410,580,,2025-11-11T14:30:16Z,2024,2024-01-01,2024-12-31
7335976,TB_e_mort_exc_tbhiv_num,COUNTRY,TUN,EMR,Eastern Mediterranean,YEAR,2000,,,,,,,,,170 [130-200],170,130,200,,2025-11-11T14:30:16Z,2000,2000-01-01,2000-12-31
7338882,TB_e_mort_exc_tbhiv_num,COUNTRY,IND,SEAR,South-East Asia,YEAR,2013,,,,,,,,,415 000 [311 000-533 000],415000,311000,533000,,2025-11-11T14:30:16Z,2013,2013-01-01,2013-12-31
7340219,TB_e_mort_exc_tbhiv_num,WORLDBANKINCOMEGROUP,WB_LI,,,YEAR,2018,,,,,,,,,201 000 [144 000-266 000],201000,144000,266000,,2025-11-11T14:30:16Z,2018,2018-01-01,2018-12-31
7341864,TB_e_mort_exc_tbhiv_num,REGION,SEAR,,,YEAR,2009,,,,,,,,,687 000 [554 000-835 000],687000,554000,835000,,2025-11-11T14:30:16Z,2009,2009-01-01,2009-12-31
7345413,TB_e_mort_exc_tbhiv_num,COUNTRY,MDV,SEAR,South-East Asia,YEAR,2024,,,,,,,,,8 [7-9],8,7,9,,2025-11-11T14:30:16Z,2024,2024-01-01,2024-12-31
7357950,TB_e_mort_exc_tbhiv_num,COUNTRY,KIR,WPR,Western Pacific,YEAR,2012,,,,,,,,,45 [39-51],45,39,51,,2025-11-11T14:30:16Z,2012,2012-01-01,2012-12-31
7358493,TB_e_mort_exc_tbhiv_num,COUNTRY,TGO,AFR,Africa,YEAR,2006,,,,,,,,,760 [410-1200],760,410,1200,,2025-11-11T14:30:16Z,2006,2006-01-01,2006-12-31
7359280,TB_e_mort_exc_tbhiv_num,COUNTRY,CUB,AMR,Americas,YEAR,2004,,,,,,,,,43 [43-44],43,43,44,,2025-11-11T14:30:16Z,2004,2004-01-01,2004-12-31
7360488,TB_e_mort_exc_tbhiv_num,COUNTRY,ISR,EUR,Europe,YEAR,2022,,,,,,,,,12 [12-13],12,12,13,,2025-11-11T14:30:16Z,2022,2022-01-01,2022-12-31
7365329,TB_e_mort_exc_tbhiv_num,COUNTRY,BDI,AFR,Africa,YEAR,2003,,,,,,,,,2200 [1400-3300],2200,1400,3300,,2025-11-11T14:30:16Z,2003,2003-01-01,2003-12-31
7366362,TB_e_mort_exc_tbhiv_num,COUNTRY,BGD,SEAR,South-East Asia,YEAR,2021,,,,,,,,,45 000 [29 000-65 000],45000,29000,65000,,2025-11-11T14:30:16Z,2021,2021-01-01,2021-12-31
7371421,TB_e_mort_exc_tbhiv_num,COUNTRY,GMB,AFR,Africa,YEAR,2021,,,,,,,,,650 [420-940],650,420,940,,2025-11-11T14:30:16Z,2021,2021-01-01,2021-12-31
7372005,TB_e_mort_exc_tbhiv_num,COUNTRY,VUT,WPR,Western Pacific,YEAR,2014,,,,,,,,,73 [52-99],73,52,99,,2025-11-11T14:30:16Z,2014,2014-01-01,2014-12-31
7383708,TB_e_mort_exc_tbhiv_num,COUNTRY,NOR,EUR,Europe,YEAR,2007,,,,,,,,,36 [35-36],36,35,36,,2025-11-11T14:30:16Z,2007,2007-01-01,2007-12-31
7383866,TB_e_mort_exc_tbhiv_num,COUNTRY,BLZ,AMR,Americas,YEAR,2021,,,,,,,,,2 [0-11],2,0,11,,2025-11-11T14:30:16Z,2021,2021-01-01,2021-12-31
7384265,TB_e_mort_exc_tbhiv_num,COUNTRY,HRV,EUR,Europe,YEAR,2001,,,,,,,,,150 [150-160],150,150,160,,2025-11-11T14:30:16Z,2001,2001-01-01,2001-12-31
7386639,TB_e_mort_exc_tbhiv_num,COUNTRY,BOL,AMR,Americas,YEAR,2008,,,,,,,,,1700 [1300-2100],1700,1300,2100,,2025-11-11T14:30:16Z,2008,2008-01-01,2008-12-31
7387217,TB_e_mort_exc_tbhiv_num,COUNTRY,MWI,AFR,Africa,YEAR,2022,,,,,,,,,2000 [950-3400],2000,950,3400,,2025-11-11T14:30:16Z,2022,2022-01-01,2022-12-31
7389573,TB_e_mort_exc_tbhiv_num,COUNTRY,COG,AFR,Africa,YEAR,2010,,,,,,,,,2400 [1600-3400],2400,1600,3400,,2025-11-11T14:30:16Z,2010,2010-01-01,2010-12-31
7390126,TB_e_mort_exc_tbhiv_num,COUNTRY,AUS,WPR,Western Pacific,YEAR,2020,,,,,,,,,34 [33-34],34,33,34,,2025-11-11T14:30:16Z,2020,2020-01-01,2020-12-31
7397475,TB_e_mort_exc_tbhiv_num,REGION,EMR,,,YEAR,2023,,,,,,,,,85 000 [72 000-98 000],85000,72000,98000,,2025-11-11T14:30:16Z,2023,2023-01-01,2023-12-31
7398126,TB_e_mort_exc_tbhiv_num,COUNTRY,LBY,EMR,Eastern Mediterranean,YEAR,2000,,,,,,,,,810 [350-1500],810,350,1500,,2025-11-11T14:30:16Z,2000,2000-01-01,2000-12-31
7398275,TB_e_mort_exc_tbhiv_num,COUNTRY,STP,AFR,Africa,YEAR,2023,,,,,,,,,26 [17-35],26,17,35,,2025-11-11T14:30:16Z,2023,2023-01-01,2023-12-31
7398806,TB_e_mort_exc_tbhiv_num,COUNTRY,MDV,SEAR,South-East Asia,YEAR,2023,,,,,,,,,8 [7-9],8,7,9,,2025-11-11T14:30:16Z,2023,2023-01-01,2023-12-31
7405643,TB_e_mort_exc_tbhiv_num,COUNTRY,ZAF,AFR,Africa,YEAR,2007,,,,,,,,,34 000 [33 000-35 000],34000,33000,35000,,2025-11-11T14:30:16Z,2007,2007-01-01,2007-12-31
7406118,TB_e_mort_exc_tbhiv_num,COUNTRY,DEU,EUR,Europe,YEAR,2001,,,,,,,,,540 [530-550],540,530,550,,2025-11-11T14:30:16Z,2001,2001-01-01,2001-12-31
7409926,TB_e_mort_exc_tbhiv_num,COUNTRY,BWA,AFR,Africa,YEAR,2003,,,,,,,,,560 [210-1100],560,210,1100,,2025-11-11T14:30:16Z,2003,2003-01-01,2003-12-31
7410706,TB_e_mort_exc_tbhiv_num,COUNTRY,MAC,,,YEAR,2010,,,,,,,,,140 [97-190],140,97,190,,2025-11-11T14:30:16Z,2010,2010-01-01,2010-12-31
7415943,TB_e_mort_exc_tbhiv_num,COUNTRY,FIN,EUR,Europe,YEAR,2023,,,,,,,,,30 [30-31],30,30,31,,2025-11-11T14:30:16Z,2023,2023-01-01,2023-12-31
7416929,TB_e_mort_exc_tbhiv_num,COUNTRY,ITA,EUR,Europe,YEAR,2022,,,,,,,,,260 [260-270],260,260,270,,2025-11-11T14:30:16Z,2022,2022-01-01,2022-12-31
7418581,TB_e_mort_exc_tbhiv_num,COUNTRY,LUX,EUR,Europe,YEAR,2004,,,,,,,,,2 [2-2],2,2,2,,2025-11-11T14:30:16Z,2004,2004-01-01,2004-12-31
7422998,TB_e_mort_exc_tbhiv_num,COUNTRY,THA,SEAR,South-East Asia,YEAR,2002,,,,,,,,,13 000 [7800-19 000],13000,7800,19000,,2025-11-11T14:30:16Z,2002,2002-01-01,2002-12-31
7429185,TB_e_mort_exc_tbhiv_num,WORLDBANKINCOMEGROUP,WB_LMI,,,YEAR,2021,,,,,,,,,767 000 [669 000-872 000],767000,669000,872000,,2025-11-11T14:30:16Z,2021,2021-01-01,2021-12-31
7430971,TB_e_mort_exc_tbhiv_num,COUNTRY,COD,AFR,Africa,YEAR,2018,,,,,,,,,86 000 [37 000-155 000],86000,37000,155000,,2025-11-11T14:30:16Z,2018,2018-01-01,2018-12-31
7436135,TB_e_mort_exc_tbhiv_num,COUNTRY,SLE,AFR,Africa,YEAR,2012,,,,,,,,,7200 [3100-13 000],7200,3100,13000,,2025-11-11T14:30:16Z,2012,2012-01-01,2012-12-31
7436967,TB_e_mort_exc_tbhiv_num,COUNTRY,JPN,WPR,Western Pacific,YEAR,2005,,,,,,,,,4300 [4300-4400],4300,4300,4400,,2025-11-11T14:30:16Z,2005,2005-01-01,2005-12-31
7437146,TB_e_mort_exc_tbhiv_num,COUNTRY,CYP,EUR,Europe,YEAR,2011,,,,,,,,,4 [3-4],4,3,4,,2025-11-11T14:30:16Z,2011,2011-01-01,2011-12-31
7443213,TB_e_mort_exc_tbhiv_num,COUNTRY,BTN,SEAR,South-East Asia,YEAR,2003,,,,,,,,,1100 [770-1500],1100,770,1500,,2025-11-11T14:30:16Z,2003,2003-01-01,2003-12-31
7443526,TB_e_mort_exc_tbhiv_num,COUNTRY,ARM,EUR,Europe,YEAR,2007,,,,,,,,,230 [190-280],230,190,280,,2025-11-11T14:30:16Z,2007,2007-01-01,2007-12-31
7454665,TB_e_mort_exc_tbhiv_num,REGION,AFR,,,YEAR,2003,,,,,,,,,439 000 [357 000-529 000],439000,357000,529000,,2025-11-11T14:30:16Z,2003,2003-01-01,2003-12-31
7455613,TB_e_mort_exc_tbhiv_num,COUNTRY,DEU,EUR,Europe,YEAR,2015,,,,,,,,,320 [320-330],320,320,330,,2025-11-11T14:30:16Z,2015,2015-01-01,2015-12-31
7456763,TB_e_mort_exc_tbhiv_num,COUNTRY,PAK,EMR,Eastern Mediterranean,YEAR,2014,,,,,,,,,50 000 [42 000-59 000],50000,42000,59000,,2025-11-11T14:30:16Z,2014,2014-01-01,2014-12-31
7456778,TB_e_mort_exc_tbhiv_num,REGION,SEAR,,,YEAR,2000,,,,,,,,,1 130 000 [820 000-1 500 000],1130000,820000,1500000,,2025-11-11T14:30:16Z,2000,2000-01-01,2000-12-31
7459383,TB_e_mort_exc_tbhiv_num,COUNTRY,COM,AFR,Africa,YEAR,2008,,,,,,,,,65 [27-120],65,27,120,,2025-11-11T14:30:16Z,2008,2008-01-01,2008-12-31
7461330,TB_e_mort_exc_tbhiv_num,COUNTRY,HND,AMR,Americas,YEAR,2018,,,,,,,,,430 [360-510],430,360,510,,2025-11-11T14:30:16Z,2018,2018-01-01,2018-12-31
7466240,TB_e_mort_exc_tbhiv_num,COUNTRY,QAT,EMR,Eastern Mediterranean,YEAR,2012,,,,,,,,,5 [4-7],5,4,7,,2025-11-11T14:30:16Z,2012,2012-01-01,2012-12-31
7467081,TB_e_mort_exc_tbhiv_num,COUNTRY,CYP,EUR,Europe,YEAR,2019,,,,,,,,,2 [2-3],2,2,3,,2025-11-11T14:30:16Z,2019,2019-01-01,2019-12-31
7468557,TB_e_mort_exc_tbhiv_num,COUNTRY,TUR,EUR,Europe,YEAR,2017,,,,,,,,,480 [480-490],480,480,490,,2025-11-11T14:30:16Z,2017,2017-01-01,2017-12-31
7469806,TB_e_mort_exc_tbhiv_num,COUNTRY,ERI,AFR,Africa,YEAR,2007,,,,,,,,,2900 [1900-4100],2900,1900,4100,,2025-11-11T14:30:16Z,2007,2007-01-01,2007-12-31
7475087,TB_e_mort_exc_tbhiv_num,COUNTRY,MOZ,AFR,Africa,YEAR,2000,,,,,,,,,6600 [2400-13 000],6600,2400,13000,,2025-11-11T14:30:16Z,2000,2000-01-01,2000-12-31
7475299,TB_e_mort_exc_tbhiv_num,COUNTRY,PSE,EMR,Eastern Mediterranean,YEAR,2005,,,,,,,,,11 [8-16],11,8,16,,2025-11-11T14:30:16Z,2005,2005-01-01,2005-12-31
7475892,TB_e_mort_exc_tbhiv_num,COUNTRY,JPN,WPR,Western Pacific,YEAR,2007,,,,,,,,,4100 [4000-4200],4100,4000,4200,,2025-11-11T14:30:16Z,2007,2007-01-01,2007-12-31
7479016,TB_e_mort_exc_tbhiv_num,COUNTRY,MEX,AMR,Americas,YEAR,2008,,,,,,,,,2600 [2600-2700],2600,2600,2700,,2025-11-11T14:30:16Z,2008,2008-01-01,2008-12-31
7480302,TB_e_mort_exc_tbhiv_num,COUNTRY,MYS,WPR,Western Pacific,YEAR,2022,,,,,,,,,2500 [1600-3600],2500,1600,3600,,2025-11-11T14:30:16Z,2022,2022-01-01,2022-12-31
7485091,TB_e_mort_exc_tbhiv_num,COUNTRY,BEL,EUR,Europe,YEAR,2009,,,,,,,,,60 [59-61],60,59,61,,2025-11-11T14:30:16Z,2009,2009-01-01,2009-12-31
7491429,TB_e_mort_exc_tbhiv_num,COUNTRY,NER,AFR,Africa,YEAR,2005,,,,,,,,,3800 [2500-5400],3800,2500,5400,,2025-11-11T14:30:16Z,2005,2005-01-01,2005-12-31
7492473,TB_e_mort_exc_tbhiv_num,COUNTRY,GNQ,AFR,Africa,YEAR,2004,,,,,,,,,560 [200-1100],560,200,1100,,2025-11-11T14:30:16Z,2004,2004-01-01,2004-12-31
7493903,TB_e_mort_exc_tbhiv_num,COUNTRY,GHA,AFR,Africa,YEAR,2020,,,,,,,,,12 000 [5100-21 000],12000,5100,21000,,2025-11-11T14:30:16Z,2020,2020-01-01,2020-12-31
7494072,TB_e_mort_exc_tbhiv_num,COUNTRY,COL,AMR,Americas,YEAR,2008,,,,,,,,,1200 [1200-1200],1200,1200,1200,,2025-11-11T14:30:16Z,2008,2008-01-01,2008-12-31
7498065,TB_e_mort_exc_tbhiv_num,COUNTRY,MWI,AFR,Africa,YEAR,2019,,,,,,,,,2700 [1400-4400],2700,1400,4400,,2025-11-11T14:30:16Z,2019,2019-01-01,2019-12-31
7498365,TB_e_mort_exc_tbhiv_num,COUNTRY,OMN,EMR,Eastern Mediterranean,YEAR,2017,,,,,,,,,18 [13-23],18,13,23,,2025-11-11T14:30:16Z,2017,2017-01-01,2017-12-31
7499480,TB_e_mort_exc_tbhiv_num,COUNTRY,IDN,WPR,Western Pacific,YEAR,2000,,,,,,,,,123 000 [107 000-139 000],123000,107000,139000,,2025-11-11T14:30:16Z,2000,2000-01-01,2000-12-31
7504181,TB_e_mort_exc_tbhiv_num,COUNTRY,VUT,WPR,Western Pacific,YEAR,2002,,,,,,,,,220 [180-280],220,180,280,,2025-11-11T14:30:16Z,2002,2002-01-01,2002-12-31
7507626,TB_e_mort_exc_tbhiv_num,COUNTRY,NPL,SEAR,South-East Asia,YEAR,2003,,,,,,,,,28 000 [18 000-41 000],28000,18000,41000,,2025-11-11T14:30:16Z,2003,2003-01-01,2003-12-31
7514043,TB_e_mort_exc_tbhiv_num,COUNTRY,MAC,,,YEAR,2022,,,,,,,,,77 [53-100],77,53,100,,2025-11-11T14:30:16Z,2022,2022-01-01,2022-12-31
7525506,TB_e_mort_exc_tbhiv_num,COUNTRY,AUT,EUR,Europe,YEAR,2014,,,,,,,,,71 [70-72],71,70,72,,2025-11-11T14:30:16Z,2014,2014-01-01,2014-12-31
7530386,TB_e_mort_exc_tbhiv_num,COUNTRY,LVA,EUR,Europe,YEAR,2024,,,,,,,,,51 [43-59],51,43,59,,2025-11-11T14:30:16Z,2024,2024-01-01,2024-12-31
7530415,TB_e_mort_exc_tbhiv_num,REGION,SEAR,,,YEAR,2012,,,,,,,,,597 000 [482 000-725 000],597000,482000,725000,,2025-11-11T14:30:16Z,2012,2012-01-01,2012-12-31
7531946,TB_e_mort_exc_tbhiv_num,COUNTRY,NGA,AFR,Africa,YEAR,2019,,,,,,,,,133 000 [77 000-203 000],133000,77000,203000,,2025-11-11T14:30:16Z,2019,2019-01-01,2019-12-31
7536672,TB_e_mort_exc_tbhiv_num,COUNTRY,STP,AFR,Africa,YEAR,2024,,,,,,,,,30 [20-41],30,20,41,,2025-11-11T14:30:16Z,2024,2024-01-01,2024-12-31
7544351,TB_e_mort_exc_tbhiv_num,COUNTRY,DJI,EMR,Eastern Mediterranean,YEAR,2001,,,,,,,,,8700 [5500-13 000],8700,5500,13000,,2025-11-11T14:30:16Z,2001,2001-01-01,2001-12-31
7550799,TB_e_mort_exc_tbhiv_num,COUNTRY,LAO,WPR,Western Pacific,YEAR,2006,,,,,,,,,5000 [2900-7500],5000,2900,7500,,2025-11-11T14:30:16Z,2006,2006-01-01,2006-12-31
7554800,TB_e_mort_exc_tbhiv_num,COUNTRY,QAT,EMR,Eastern Mediterranean,YEAR,2018,,,,,,,,,8 [6-10],8,6,10,,2025-11-11T14:30:16Z,2018,2018-01-01,2018-12-31
7555955,TB_e_mort_exc_tbhiv_num,COUNTRY,LSO,AFR,Africa,YEAR,2017,,,,,,,,,1000 [570-1600],1000,570,1600,,2025-11-11T14:30:16Z,2017,2017-01-01,2017-12-31
7557036,TB_e_mort_exc_tbhiv_num,COUNTRY,COG,AFR,Africa,YEAR,2011,,,,,,,,,2300 [1500-3200],2300,1500,3200,,2025-11-11T14:30:16Z,2011,2011-01-01,2011-12-31
7557575,TB_e_mort_exc_tbhiv_num,COUNTRY,POL,EUR,Europe,YEAR,2006,,,,,,,,,820 [790-840],820,790,840,,2025-11-11T14:30:16Z,2006,2006-01-01,2006-12-31
7561749,TB_e_mort_exc_tbhiv_num,COUNTRY,COG,AFR,Africa,YEAR,2023,,,,,,,,,1500 [980-2200],1500,980,2200,,2025-11-11T14:30:16Z,2023,2023-01-01,2023-12-31
7567440,TB_e_mort_exc_tbhiv_num,COUNTRY,ZMB,AFR,Africa,YEAR,2006,,,,,,,,,3600 [1400-6800],3600,1400,6800,,2025-11-11T14:30:16Z,2006,2006-01-01,2006-12-31
7576396,TB_e_mort_exc_tbhiv_num,COUNTRY,JOR,EMR,Eastern Mediterranean,YEAR,2002,,,,,,,,,31 [25-39],31,25,39,,2025-11-11T14:30:16Z,2002,2002-01-01,2002-12-31
7583713,TB_e_mort_exc_tbhiv_num,COUNTRY,ECU,AMR,Americas,YEAR,2021,,,,,,,,,640 [590-700],640,590,700,,2025-11-11T14:30:16Z,2021,2021-01-01,2021-12-31
7586456,TB_e_mort_exc_tbhiv_num,COUNTRY,BHR,EMR,Eastern Mediterranean,YEAR,2022,,,,,,,,,17 [10-25],17,10,25,,2025-11-11T14:30:16Z,2022,2022-01-01,2022-12-31
7589472,TB_e_mort_exc_tbhiv_num,COUNTRY,BIH,EUR,Europe,YEAR,2009,,,,,,,,,200 [190-210],200,190,210,,2025-11-11T14:30:16Z,2009,2009-01-01,2009-12-31
7589881,TB_e_mort_exc_tbhiv_num,COUNTRY,JOR,EMR,Eastern Mediterranean,YEAR,2022,,,,,,,,,10 [8-11],10,8,11,,2025-11-11T14:30:16Z,2022,2022-01-01,2022-12-31
7593513,TB_e_mort_exc_tbhiv_num,COUNTRY,CHN,WPR,Western Pacific,YEAR,2013,,,,,,,,,42 000 [38 000-46 000],42000,38000,46000,,2025-11-11T14:30:16Z,2013,2013-01-01,2013-12-31
7594463,TB_e_mort_exc_tbhiv_num,COUNTRY,TTO,AMR,Americas,YEAR,2022,,,,,,,,,22 [21-22],22,21,22,,2025-11-11T14:30:16Z,2022,2022-01-01,2022-12-31
7599467,TB_e_mort_exc_tbhiv_num,COUNTRY,CHN,WPR,Western Pacific,YEAR,2017,,,,,,,,,37 000 [33 000-41 000],37000,33000,41000,,2025-11-11T14:30:16Z,2017,2017-01-01,2017-12-31
7600918,TB_e_mort_exc_tbhiv_num,COUNTRY,SWZ,AFR,Africa,YEAR,2008,,,,,,,,,470 [270-720],470,270,720,,2025-11-11T14:30:16Z,2008,2008-01-01,2008-12-31
7605295,TB_e_mort_exc_tbhiv_num,COUNTRY,CRI,AMR,Americas,YEAR,2000,,,,,,,,,79 [79-80],79,79,80,,2025-11-11T14:30:16Z,2000,2000-01-01,2000-12-31
7605952,TB_e_mort_exc_tbhiv_num,COUNTRY,HND,AMR,Americas,YEAR,2004,,,,,,,,,410 [340-490],410,340,490,,2025-11-11T14:30:16Z,2004,2004-01-01,2004-12-31
7618173,TB_e_mort_exc_tbhiv_num,COUNTRY,KGZ,EUR,Europe,YEAR,2020,,,,,,,,,260 [220-300],260,220,300,,2025-11-11T14:30:16Z,2020,2020-01-01,2020-12-31
7618352,TB_e_mort_exc_tbhiv_num,COUNTRY,UZB,EUR,Europe,YEAR,2001,,,,,,,,,6100 [4100-8600],6100,4100,8600,,2025-11-11T14:30:16Z,2001,2001-01-01,2001-12-31
7618423,TB_e_mort_exc_tbhiv_num,COUNTRY,SYR,EMR,Eastern Mediterranean,YEAR,2014,,,,,,,,,27 [24-30],27,24,30,,2025-11-11T14:30:16Z,2014,2014-01-01,2014-12-31
7619489,TB_e_mort_exc_tbhiv_num,COUNTRY,BGD,SEAR,South-East Asia,YEAR,2010,,,,,,,,,81 000 [52 000-116 000],81000,52000,116000,,2025-11-11T14:30:16Z,2010,2010-01-01,2010-12-31
7626678,TB_e_mort_exc_tbhiv_num,REGION,WPR,,,YEAR,2021,,,,,,,,,233 000 [217 000-250 000],233000,217000,250000,,2025-11-11T14:30:16Z,2021,2021-01-01,2021-12-31
7627081,TB_e_mort_exc_tbhiv_num,COUNTRY,BRN,WPR,Western Pacific,YEAR,2004,,,,,,,,,13 [12-13],13,12,13,,2025-11-11T14:30:16Z,2004,2004-01-01,2004-12-31
7630624,TB_e_mort_exc_tbhiv_num,COUNTRY,BDI,AFR,Africa,YEAR,2015,,,,,,,,,2700 [1800-3800],2700,1800,3800,,2025-11-11T14:30:16Z,2015,2015-01-01,2015-12-31
7632264,TB_e_mort_exc_tbhiv_num,COUNTRY,BDI,AFR,Africa,YEAR,2010,,,,,,,,,2400 [1700-3400],2400,1700,3400,,2025-11-11T14:30:16Z,2010,2010-01-01,2010-12-31
7633631,TB_e_mort_exc_tbhiv_num,COUNTRY,GNQ,AFR,Africa,YEAR,2012,,,,,,,,,470 [160-950],470,160,950,,2025-11-11T14:30:16Z,2012,2012-01-01,2012-12-31
7640389,TB_e_mort_exc_tbhiv_num,COUNTRY,GMB,AFR,Africa,YEAR,2011,,,,,,,,,390 [240-590],390,240,590,,2025-11-11T14:30:16Z,2011,2011-01-01,2011-12-31
7651030,TB_e_mort_exc_tbhiv_num,COUNTRY,ITA,EUR,Europe,YEAR,2007,,,,,,,,,400 [390-400],400,390,400,,2025-11-11T14:30:16Z,2007,2007-01-01,2007-12-31
7652510,TB_e_mort_exc_tbhiv_num,COUNTRY,ROU,EUR,Europe,YEAR,2003,,,,,,,,,2200 [2200-2200],2200,2200,2200,,2025-11-11T14:30:16Z,2003,2003-01-01,2003-12-31
7656660,TB_e_mort_exc_tbhiv_num,COUNTRY,ETH,AFR,Africa,YEAR,2012,,,,,,,,,34 000 [20 000-52 000],34000,20000,52000,,2025-11-11T14:30:16Z,2012,2012-01-01,2012-12-31
7658727,TB_e_mort_exc_tbhiv_num,COUNTRY,NPL,SEAR,South-East Asia,YEAR,2005,,,,,,,,,26 000 [16 000-39 000],26000,16000,39000,,2025-11-11T14:30:16Z,2005,2005-01-01,2005-12-31
7662314,TB_e_mort_exc_tbhiv_num,COUNTRY,SWZ,AFR,Africa,YEAR,2014,,,,,,,,,500 [290-770],500,290,770,,2025-11-11T14:30:16Z,2014,2014-01-01,2014-12-31
7663549,TB_e_mort_exc_tbhiv_num,COUNTRY,SWE,EUR,Europe,YEAR,2018,,,,,,,,,22 [21-22],22,21,22,,2025-11-11T14:30:16Z,2018,2018-01-01,2018-12-31
7667927,TB_e_mort_exc_tbhiv_num,COUNTRY,PRT,EUR,Europe,YEAR,2024,,,,,,,,,150 [140-150],150,140,150,,2025-11-11T14:30:16Z,2024,2024-01-01,2024-12-31
7668984,TB_e_mort_exc_tbhiv_num,COUNTRY,LSO,AFR,Africa,YEAR,2022,,,,,,,,,1600 [380-3800],1600,380,3800,,2025-11-11T14:30:16Z,2022,2022-01-01,2022-12-31
7669357,TB_e_mort_exc_tbhiv_num,COUNTRY,SLB,WPR,Western Pacific,YEAR,2009,,,,,,,,,320 [220-440],320,220,440,,2025-11-11T14:30:16Z,2009,2009-01-01,2009-12-31
7669387,TB_e_mort_exc_tbhiv_num,COUNTRY,JPN,WPR,Western Pacific,YEAR,2012,,,,,,,,,3600 [3500-3700],3600,3500,3700,,2025-11-11T14:30:16Z,2012,2012-01-01,2012-12-31
7670946,TB_e_mort_exc_tbhiv_num,COUNTRY,MMR,SEAR,South-East Asia,YEAR,2019,,,,,,,,,19 000 [11 000-28 000],19000,11000,28000,,2025-11-11T14:30:16Z,2019,2019-01-01,2019-12-31
7671672,TB_e_mort_exc_tbhiv_num,COUNTRY,SSD,AFR,Africa,YEAR,2020,,,,,,,,,8400 [3700-15 000],8400,3700,15000,,2025-11-11T14:30:16Z,2020,2020-01-01,2020-12-31
7682731,TB_e_mort_exc_tbhiv_num,COUNTRY,TJK,EUR,Europe,YEAR,2008,,,,,,,,,870 [800-940],870,800,940,,2025-11-11T14:30:16Z,2008,2008-01-01,2008-12-31
7683777,TB_e_mort_exc_tbhiv_num,COUNTRY,FRA,EUR,Europe,YEAR,2023,,,,,,,,,450 [430-470],450,430,470,,2025-11-11T14:30:16Z,2023,2023-01-01,2023-12-31
7688465,TB_e_mort_exc_tbhiv_num,COUNTRY,AGO,AFR,Africa,YEAR,2008,,,,,,,,,22 000 [15 000-30 000],22000,15000,30000,,2025-11-11T14:30:16Z,2008,2008-01-01,2008-12-31
7688723,TB_e_mort_exc_tbhiv_num,COUNTRY,SUR,AMR,Americas,YEAR,2005,,,,,,,,,9 [8-10],9,8,10,,2025-11-11T14:30:16Z,2005,2005-01-01,2005-12-31
7689469,TB_e_mort_exc_tbhiv_num,COUNTRY,PSE,EMR,Eastern Mediterranean,YEAR,2015,,,,,,,,,11 [7-15],11,7,15,,2025-11-11T14:30:16Z,2015,2015-01-01,2015-12-31
7702333,TB_e_mort_exc_tbhiv_num,COUNTRY,SEN,AFR,Africa,YEAR,2004,,,,,,,,,4500 [3100-6200],4500,3100,6200,,2025-11-11T14:30:16Z,2004,2004-01-01,2004-12-31
7703029,TB_e_mort_exc_tbhiv_num,COUNTRY,ALB,EUR,Europe,YEAR,2014,,,,,,,,,8 [4-14],8,4,14,,2025-11-11T14:30:16Z,2014,2014-01-01,2014-12-31
7707586,TB_e_mort_exc_tbhiv_num,COUNTRY,MNE,EUR,Europe,YEAR,2010,,,,,,,,,1 [1-1],1,1,1,,2025-11-11T14:30:16Z,2010,2010-01-01,2010-12-31
7707940,TB_e_mort_exc_tbhiv_num,COUNTRY,BLZ,AMR,Americas,YEAR,2018,,,,,,,,,4 [4-5],4,4,5,,2025-11-11T14:30:16Z,2018,2018-01-01,2018-12-31
7722448,TB_e_mort_exc_tbhiv_num,COUNTRY,LBY,EMR,Eastern Mediterranean,YEAR,2006,,,,,,,,,780 [420-1300],780,420,1300,,2025-11-11T14:30:16Z,2006,2006-01-01,2006-12-31
7726874,TB_e_mort_exc_tbhiv_num,COUNTRY,AGO,AFR,Africa,YEAR,2021,,,,,,,,,21 000 [12 000-32 000],21000,12000,32000,,2025-11-11T14:30:16Z,2021,2021-01-01,2021-12-31
7728994,TB_e_mort_exc_tbhiv_num,COUNTRY,GNQ,AFR,Africa,YEAR,2018,,,,,,,,,660 [270-1200],660,270,1200,,2025-11-11T14:30:16Z,2018,2018-01-01,2018-12-31
7741399,TB_e_mort_exc_tbhiv_num,COUNTRY,KAZ,EUR,Europe,YEAR,2009,,,,,,,,,2200 [2100-2400],2200,2100,2400,,2025-11-11T14:30:16Z,2009,2009-01-01,2009-12-31
7744763,TB_e_mort_exc_tbhiv_num,COUNTRY,MUS,AFR,Africa,YEAR,2014,,,,,,,,,19 [18-19],19,18,19,,2025-11-11T14:30:16Z,2014,2014-01-01,2014-12-31
7745584,TB_e_mort_exc_tbhiv_num,COUNTRY,CHN,WPR,Western Pacific,YEAR,2018,,,,,,,,,34 000 [31 000-37 000],34000,31000,37000,,2025-11-11T14:30:16Z,2018,2018-01-01,2018-12-31
7747257,TB_e_mort_exc_tbhiv_num,WORLDBANKINCOMEGROUP,WB_HI,,,YEAR,2018,,,,,,,,,21 000 [21 000-21 000],21000,21000,21000,,2025-11-11T14:30:16Z,2018,2018-01-01,2018-12-31
7751567,TB_e_mort_exc_tbhiv_num,COUNTRY,ERI,AFR,Africa,YEAR,2003,,,,,,,,,5100 [3300-7200],5100,3300,7200,,2025-11-11T14:30:16Z,2003,2003-01-01,2003-12-31
7758960,TB_e_mort_exc_tbhiv_num,COUNTRY,FSM,WPR,Western Pacific,YEAR,2018,,,,,,,,,50 [34-68],50,34,68,,2025-11-11T14:30:16Z,2018,2018-01-01,2018-12-31
7772367,TB_e_mort_exc_tbhiv_num,COUNTRY,URY,AMR,Americas,YEAR,2010,,,,,,,,,47 [45-49],47,45,49,,2025-11-11T14:30:16Z,2010,2010-01-01,2010-12-31
7773252,TB_e_mort_exc_tbhiv_num,COUNTRY,TZA,AFR,Africa,YEAR,2009,,,,,,,,,32 000 [16 000-54 000],32000,16000,54000,,2025-11-11T14:30:16Z,2009,2009-01-01,2009-12-31
7776389,TB_e_mort_exc_tbhiv_num,COUNTRY,HUN,EUR,Europe,YEAR,2009,,,,,,,,,170 [170-170],170,170,170,,2025-11-11T14:30:16Z,2009,2009-01-01,2009-12-31
7778500,TB_e_mort_exc_tbhiv_num,COUNTRY,AZE,EUR,Europe,YEAR,2012,,,,,,,,,430 [400-460],430,400,460,,2025-11-11T14:30:16Z,2012,2012-01-01,2012-12-31
7788788,TB_e_mort_exc_tbhiv_num,COUNTRY,NLD,EUR,Europe,YEAR,2010,,,,,,,,,56 [55-57],56,55,57,,2025-11-11T14:30:16Z,2010,2010-01-01,2010-12-31
7789343,TB_e_mort_exc_tbhiv_num,COUNTRY,SEN,AFR,Africa,YEAR,2018,,,,,,,,,4500 [3100-6200],4500,3100,6200,,2025-11-11T14:30:16Z,2018,2018-01-01,2018-12-31
7791198,TB_e_mort_exc_tbhiv_num,COUNTRY,GNQ,AFR,Africa,YEAR,2022,,,,,,,,,180 [76-320],180,76,320,,2025-11-11T14:30:16Z,2022,2022-01-01,2022-12-31
7794910,TB_e_mort_exc_tbhiv_num,COUNTRY,LBY,EMR,Eastern Mediterranean,YEAR,2002,,,,,,,,,760 [380-1300],760,380,1300,,2025-11-11T14:30:16Z,2002,2002-01-01,2002-12-31
7798389,TB_e_mort_exc_tbhiv_num,COUNTRY,CAN,AMR,Americas,YEAR,2022,,,,,,,,,130 [130-130],130,130,130,,2025-11-11T14:30:16Z,2022,2022-01-01,2022-12-31
7802260,TB_e_mort_exc_tbhiv_num,COUNTRY,ARG,AMR,Americas,YEAR,2005,,,,,,,,,770 [740-800],770,740,800,,2025-11-11T14:30:16Z,2005,2005-01-01,2005-12-31
7803577,TB_e_mort_exc_tbhiv_num,COUNTRY,NZL,WPR,Western Pacific,YEAR,2008,,,,,,,,,16 [16-16],16,16,16,,2025-11-11T14:30:16Z,2008,2008-01-01,2008-12-31
7804443,TB_e_mort_exc_tbhiv_num,COUNTRY,ROU,EUR,Europe,YEAR,2016,,,,,,,,,960 [960-970],960,960,970,,2025-11-11T14:30:16Z,2016,2016-01-01,2016-12-31
7814049,TB_e_mort_exc_tbhiv_num,COUNTRY,KEN,AFR,Africa,YEAR,2008,,,,,,,,,31 000 [17 000-48 000],31000,17000,48000,,2025-11-11T14:30:16Z,2008,2008-01-01,2008-12-31
7814697,TB_e_mort_exc_tbhiv_num,COUNTRY,TLS,SEAR,South-East Asia,YEAR,2014,,,,,,,,,990 [720-1300],990,720,1300,,2025-11-11T14:30:16Z,2014,2014-01-01,2014-12-31
7816135,TB_e_mort_exc_tbhiv_num,COUNTRY,COD,AFR,Africa,YEAR,2008,,,,,,,,,94 000 [40 000-171 000],94000,40000,171000,,2025-11-11T14:30:16Z,2008,2008-01-01,2008-12-31
7821088,TB_e_mort_exc_tbhiv_num,COUNTRY,AUT,EUR,Europe,YEAR,2012,,,,,,,,,42 [42-43],42,42,43,,2025-11-11T14:30:16Z,2012,2012-01-01,2012-12-31
7822088,TB_e_mort_exc_tbhiv_num,COUNTRY,PRY,AMR,Americas,YEAR,2012,,,,,,,,,210 [190-220],210,190,220,,2025-11-11T14:30:16Z,2012,2012-01-01,2012-12-31
7823116,TB_e_mort_exc_tbhiv_num,COUNTRY,PRI,AMR,Americas,YEAR,2015,,,,,,,,,6 [6-6],6,6,6,,2025-11-11T14:30:16Z,2015,2015-01-01,2015-12-31
7823769,TB_e_mort_exc_tbhiv_num,COUNTRY,AUS,WPR,Western Pacific,YEAR,2014,,,,,,,,,46 [46-47],46,46,47,,2025-11-11T14:30:16Z,2014,2014-01-01,2014-12-31
7830446,TB_e_mort_exc_tbhiv_num,COUNTRY,LBR,AFR,Africa,YEAR,2022,,,,,,,,,2100 [1500-2800],2100,1500,2800,,2025-11-11T14:30:16Z,2022,2022-01-01,2022-12-31
7832963,TB_e_mort_exc_tbhiv_num,COUNTRY,PSE,EMR,Eastern Mediterranean,YEAR,2009,,,,,,,,,12 [8-16],12,8,16,,2025-11-11T14:30:16Z,2009,2009-01-01,2009-12-31
7832983,TB_e_mort_exc_tbhiv_num,COUNTRY,VEN,AMR,Americas,YEAR,2010,,,,,,,,,690 [690-700],690,690,700,,2025-11-11T14:30:16Z,2010,2010-01-01,2010-12-31
7835118,TB_e_mort_exc_tbhiv_num,COUNTRY,HUN,EUR,Europe,YEAR,2021,,,,,,,,,57 [57-57],57,57,57,,2025-11-11T14:30:16Z,2021,2021-01-01,2021-12-31
7840655,TB_e_mort_exc_tbhiv_num,GLOBAL,GLOBAL,,,YEAR,2002,,,,,,,,,1 940 000 [1 720 000-2 170 000],1940000,1720000,2170000,,2025-11-11T14:30:16Z,2002,2002-01-01,2002-12-31
7847473,TB_e_mort_exc_tbhiv_num,COUNTRY,PAK,EMR,Eastern Mediterranean,YEAR,2007,,,,,,,,,55 000 [48 000-63 000],55000,48000,63000,,2025-11-11T14:30:16Z,2007,2007-01-01,2007-12-31
7848470,TB_e_mort_exc_tbhiv_num,REGION,EUR,,,YEAR,2021,,,,,,,,,17 000 [17 000-18 000],17000,17000,18000,,2025-11-11T14:30:16Z,2021,2021-01-01,2021-12-31
7852266,TB_e_mort_exc_tbhiv_num,COUNTRY,HKG,,,YEAR,2001,,,,,,,,,320 [320-320],320,320,320,,2025-11-11T14:30:16Z,2001,2001-01-01,2001-12-31
7852843,TB_e_mort_exc_tbhiv_num,COUNTRY,TLS,SEAR,South-East Asia,YEAR,2024,,,,,,,,,1100 [790-1400],1100,790,1400,,2025-11-11T14:30:16Z,2024,2024-01-01,2024-12-31
7858747,TB_e_mort_exc_tbhiv_num,COUNTRY,THA,SEAR,South-East Asia,YEAR,2009,,,,,,,,,9200 [5300-14 000],9200,5300,14000,,2025-11-11T14:30:16Z,2009,2009-01-01,2009-12-31
7859775,TB_e_mort_exc_tbhiv_num,COUNTRY,BIH,EUR,Europe,YEAR,2018,,,,,,,,,78 [75-82],78,75,82,,2025-11-11T14:30:16Z,2018,2018-01-01,2018-12-31
7865361,TB_e_mort_exc_tbhiv_num,COUNTRY,MMR,SEAR,South-East Asia,YEAR,2021,,,,,,,,,31 000 [20 000-45 000],31000,20000,45000,,2025-11-11T14:30:16Z,2021,2021-01-01,2021-12-31
7866600,TB_e_mort_exc_tbhiv_num,COUNTRY,LBN,EMR,Eastern Mediterranean,YEAR,2013,,,,,,,,,160 [110-220],160,110,220,,2025-11-11T14:30:16Z,2013,2013-01-01,2013-12-31
7866621,TB_e_mort_exc_tbhiv_num,COUNTRY,THA,SEAR,South-East Asia,YEAR,2016,,,,,,,,,9700 [7300-12 000],9700,7300,12000,,2025-11-11T14:30:16Z,2016,2016-01-01,2016-12-31
7866656,TB_e_mort_exc_tbhiv_num,COUNTRY,LUX,EUR,Europe,YEAR,2024,,,,,,,,,1 [1-1],1,1,1,,2025-11-11T14:30:16Z,2024,2024-01-01,2024-12-31
7872324,TB_e_mort_exc_tbhiv_num,COUNTRY,MUS,AFR,Africa,YEAR,2021,,,,,,,,,11 [11-11],11,11,11,,2025-11-11T14:30:16Z,2021,2021-01-01,2021-12-31
7873376,TB_e_mort_exc_tbhiv_num,COUNTRY,GTM,AMR,Americas,YEAR,2005,,,,,,,,,390 [360-410],390,360,410,,2025-11-11T14:30:16Z,2005,2005-01-01,2005-12-31
7874741,TB_e_mort_exc_tbhiv_num,GLOBAL,GLOBAL,,,YEAR,2015,,,,,,,,,1 330 000 [1 190 000-1 480 000],1330000,1190000,1480000,,2025-11-11T14:30:16Z,2015,2015-01-01,2015-12-31
7880129,TB_e_mort_exc_tbhiv_num,COUNTRY,KIR,WPR,Western Pacific,YEAR,2000,,,,,,,,,41 [37-45],41,37,45,,2025-11-11T14:30:16Z,2000,2000-01-01,2000-12-31
7883972,TB_e_mort_exc_tbhiv_num,COUNTRY,SVK,EUR,Europe,YEAR,2014,,,,,,,,,35 [34-35],35,34,35,,2025-11-11T14:30:16Z,2014,2014-01-01,2014-12-31
7885355,TB_e_mort_exc_tbhiv_num,COUNTRY,COD,AFR,Africa,YEAR,2005,,,,,,,,,78 000 [32 000-145 000],78000,32000,145000,,2025-11-11T14:30:16Z,2005,2005-01-01,2005-12-31
7885637,TB_e_mort_exc_tbhiv_num,COUNTRY,ARM,EUR,Europe,YEAR,2000,,,,,,,,,190 [160-240],190,160,240,,2025-11-11T14:30:16Z,2000,2000-01-01,2000-12-31
7890101,TB_e_mort_exc_tbhiv_num,COUNTRY,LBR,AFR,Africa,YEAR,2009,,,,,,,,,2400 [1600-3400],2400,1600,3400,,2025-11-11T14:30:16Z,2009,2009-01-01,2009-12-31
7892190,TB_e_mort_exc_tbhiv_num,COUNTRY,ETH,AFR,Africa,YEAR,2016,,,,,,,,,27 000 [17 000-40 000],27000,17000,40000,,2025-11-11T14:30:16Z,2016,2016-01-01,2016-12-31
7892460,TB_e_mort_exc_tbhiv_num,COUNTRY,POL,EUR,Europe,YEAR,2023,,,,,,,,,480 [460-500],480,460,500,,2025-11-11T14:30:16Z,2023,2023-01-01,2023-12-31
7893075,TB_e_mort_exc_tbhiv_num,COUNTRY,GTM,AMR,Americas,YEAR,2003,,,,,,,,,420 [390-450],420,390,450,,2025-11-11T14:30:16Z,2003,2003-01-01,2003-12-31
7896749,TB_e_mort_exc_tbhiv_num,COUNTRY,BFA,AFR,Africa,YEAR,2021,,,,,,,,,2800 [1200-5000],2800,1200,5000,,2025-11-11T14:30:16Z,2021,2021-01-01,2021-12-31
7897708,TB_e_mort_exc_tbhiv_num,COUNTRY,HND,AMR,Americas,YEAR,2012,,,,,,,,,330 [270-400],330,270,400,,2025-11-11T14:30:16Z,2012,2012-01-01,2012-12-31
7897726,TB_e_mort_exc_tbhiv_num,COUNTRY,EGY,EMR,Eastern Mediterranean,YEAR,2000,,,,,,,,,1100 [880-1400],1100,880,1400,,2025-11-11T14:30:16Z,2000,2000-01-01,2000-12-31
7899337,TB_e_mort_exc_tbhiv_num,COUNTRY,SVN,EUR,Europe,YEAR,2009,,,,,,,,,25 [25-25],25,25,25,,2025-11-11T14:30:16Z,2009,2009-01-01,2009-12-31
7899670,TB_e_mort_exc_tbhiv_num,COUNTRY,BWA,AFR,Africa,YEAR,2022,,,,,,,,,610 [330-980],610,330,980,,2025-11-11T14:30:16Z,2022,2022-01-01,2022-12-31
7906153,TB_e_mort_exc_tbhiv_num,COUNTRY,ALB,EUR,Europe,YEAR,2001,,,,,,,,,21 [17-24],21,17,24,,2025-11-11T14:30:16Z,2001,2001-01-01,2001-12-31
7910961,TB_e_mort_exc_tbhiv_num,COUNTRY,ROU,EUR,Europe,YEAR,2008,,,,,,,,,1700 [1600-1800],1700,1600,1800,,2025-11-11T14:30:16Z,2008,2008-01-01,2008-12-31
7924475,TB_e_mort_exc_tbhiv_num,COUNTRY,PRI,AMR,Americas,YEAR,2018,,,,,,,,,5 [5-5],5,5,5,,2025-11-11T14:30:16Z,2018,2018-01-01,2018-12-31
7930362,TB_e_mort_exc_tbhiv_num,COUNTRY,IRN,EMR,Eastern Mediterranean,YEAR,2005,,,,,,,,,640 [550-730],640,550,730,,2025-11-11T14:30:16Z,2005,2005-01-01,2005-12-31
7933739,TB_e_mort_exc_tbhiv_num,COUNTRY,GUY,AMR,Americas,YEAR,2012,,,,,,,,,160 [130-190],160,130,190,,2025-11-11T14:30:16Z,2012,2012-01-01,2012-12-31
7934144,TB_e_mort_exc_tbhiv_num,COUNTRY,PAN,AMR,Americas,YEAR,2013,,,,,,,,,210 [210-210],210,210,210,,2025-11-11T14:30:16Z,2013,2013-01-01,2013-12-31
7934505,TB_e_mort_exc_tbhiv_num,COUNTRY,ECU,AMR,Americas,YEAR,2005,,,,,,,,,1100 [920-1400],1100,920,1400,,2025-11-11T14:30:16Z,2005,2005-01-01,2005-12-31
7934660,TB_e_mort_exc_tbhiv_num,COUNTRY,COG,AFR,Africa,YEAR,2024,,,,,,,,,2500 [1700-3300],2500,1700,3300,,2025-11-11T14:30:16Z,2024,2024-01-01,2024-12-31
7937412,TB_e_mort_exc_tbhiv_num,COUNTRY,DEU,EUR,Europe,YEAR,2006,,,,,,,,,430 [430-440],430,430,440,,2025-11-11T14:30:16Z,2006,2006-01-01,2006-12-31
7947515,TB_e_mort_exc_tbhiv_num,COUNTRY,PAN,AMR,Americas,YEAR,2018,,,,,,,,,200 [200-210],200,200,210,,2025-11-11T14:30:16Z,2018,2018-01-01,2018-12-31
7948930,TB_e_mort_exc_tbhiv_num,COUNTRY,SWZ,AFR,Africa,YEAR,2018,,,,,,,,,400 [200-650],400,200,650,,2025-11-11T14:30:16Z,2018,2018-01-01,2018-12-31
7952798,TB_e_mort_exc_tbhiv_num,COUNTRY,BWA,AFR,Africa,YEAR,2002,,,,,,,,,560 [210-1100],560,210,1100,,2025-11-11T14:30:16Z,2002,2002-01-01,2002-12-31
7961980,TB_e_mort_exc_tbhiv_num,COUNTRY,CAN,AMR,Americas,YEAR,2015,,,,,,,,,120 [120-120],120,120,120,,2025-11-11T14:30:16Z,2015,2015-01-01,2015-12-31
7966860,TB_e_mort_exc_tbhiv_num,COUNTRY,ALB,EUR,Europe,YEAR,2008,,,,,,,,,16 [12-21],16,12,21,,2025-11-11T14:30:16Z,2008,2008-01-01,2008-12-31
7966986,TB_e_mort_exc_tbhiv_num,COUNTRY,SWZ,AFR,Africa,YEAR,2017,,,,,,,,,340 [200-530],340,200,530,,2025-11-11T14:30:16Z,2017,2017-01-01,2017-12-31
7969323,TB_e_mort_exc_tbhiv_num,COUNTRY,BEL,EUR,Europe,YEAR,2012,,,,,,,,,60 [58-62],60,58,62,,2025-11-11T14:30:16Z,2012,2012-01-01,2012-12-31
7973403,TB_e_mort_exc_tbhiv_num,COUNTRY,BLZ,AMR,Americas,YEAR,2023,,,,,,,,,7 [3-12],7,3,12,,2025-11-11T14:30:16Z,2023,2023-01-01,2023-12-31
7979530,TB_e_mort_exc_tbhiv_num,COUNTRY,TJK,EUR,Europe,YEAR,2024,,,,,,,,,760 [650-880],760,650,880,,2025-11-11T14:30:16Z,2024,2024-01-01,2024-12-31
7980193,TB_e_mort_exc_tbhiv_num,COUNTRY,HRV,EUR,Europe,YEAR,2012,,,,,,,,,60 [59-60],60,59,60,,2025-11-11T14:30:16Z,2012,2012-01-01,2012-12-31
7988418,TB_e_mort_exc_tbhiv_num,COUNTRY,GUY,AMR,Americas,YEAR,2010,,,,,,,,,170 [140-210],170,140,210,,2025-11-11T14:30:16Z,2010,2010-01-01,2010-12-31
7991591,TB_e_mort_exc_tbhiv_num,COUNTRY,MOZ,AFR,Africa,YEAR,2005,,,,,,,,,6400 [2500-12 000],6400,2500,12000,,2025-11-11T14:30:16Z,2005,2005-01-01,2005-12-31
8002457,TB_e_mort_exc_tbhiv_num,COUNTRY,MRT,AFR,Africa,YEAR,2002,,,,,,,,,1300 [910-1800],1300,910,1800,,2025-11-11T14:30:16Z,2002,2002-01-01,2002-12-31
8008000,TB_e_mort_exc_tbhiv_num,COUNTRY,GUY,AMR,Americas,YEAR,2009,,,,,,,,,130 [91-170],130,91,170,,2025-11-11T14:30:16Z,2009,2009-01-01,2009-12-31
8010084,TB_e_mort_exc_tbhiv_num,WORLDBANKINCOMEGROUP,WB_LMI,,,YEAR,2013,,,,,,,,,901 000 [776 000-1 040 000],901000,776000,1040000,,2025-11-11T14:30:16Z,2013,2013-01-01,2013-12-31
8014058,TB_e_mort_exc_tbhiv_num,COUNTRY,UZB,EUR,Europe,YEAR,2021,,,,,,,,,560 [520-600],560,520,600,,2025-11-11T14:30:16Z,2021,2021-01-01,2021-12-31
8016113,TB_e_mort_exc_tbhiv_num,COUNTRY,GNQ,AFR,Africa,YEAR,2011,,,,,,,,,480 [160-980],480,160,980,,2025-11-11T14:30:16Z,2011,2011-01-01,2011-12-31
8026639,TB_e_mort_exc_tbhiv_num,COUNTRY,NLD,EUR,Europe,YEAR,2002,,,,,,,,,76 [74-78],76,74,78,,2025-11-11T14:30:16Z,2002,2002-01-01,2002-12-31
8028403,TB_e_mort_exc_tbhiv_num,COUNTRY,CRI,AMR,Americas,YEAR,2017,,,,,,,,,37 [37-38],37,37,38,,2025-11-11T14:30:16Z,2017,2017-01-01,2017-12-31
8029069,TB_e_mort_exc_tbhiv_num,COUNTRY,NPL,SEAR,South-East Asia,YEAR,2001,,,,,,,,,32 000 [20 000-45 000],32000,20000,45000,,2025-11-11T14:30:16Z,2001,2001-01-01,2001-12-31
8034791,TB_e_mort_exc_tbhiv_num,COUNTRY,HRV,EUR,Europe,YEAR,2010,,,,,,,,,83 [82-83],83,82,83,,2025-11-11T14:30:16Z,2010,2010-01-01,2010-12-31
8036355,TB_e_mort_exc_tbhiv_num,COUNTRY,ROU,EUR,Europe,YEAR,2020,,,,,,,,,780 [770-790],780,770,790,,2025-11-11T14:30:16Z,2020,2020-01-01,2020-12-31
8036475,TB_e_mort_exc_tbhiv_num,COUNTRY,MAR,EMR,Eastern Mediterranean,YEAR,2013,,,,,,,,,2400 [1400-3700],2400,1400,3700,,2025-11-11T14:30:16Z,2013,2013-01-01,2013-12-31
8039259,TB_e_mort_exc_tbhiv_num,COUNTRY,KOR,WPR,Western Pacific,YEAR,2021,,,,,,,,,1700 [1600-1800],1700,1600,1800,,2025-11-11T14:30:16Z,2021,2021-01-01,2021-12-31
8048947,TB_e_mort_exc_tbhiv_num,COUNTRY,CAF,AFR,Africa,YEAR,2024,,,,,,,,,2500 [1200-4400],2500,1200,4400,,2025-11-11T14:30:16Z,2024,2024-01-01,2024-12-31
8051695,TB_e_mort_exc_tbhiv_num,COUNTRY,GBR,EUR,Europe,YEAR,2006,,,,,,,,,480 [470-480],480,470,480,,2025-11-11T14:30:16Z,2006,2006-01-01,2006-12-31
8054798,TB_e_mort_exc_tbhiv_num,COUNTRY,CMR,AFR,Africa,YEAR,2001,,,,,,,,,2100 [1100-3500],2100,1100,3500,,2025-11-11T14:30:16Z,2001,2001-01-01,2001-12-31
8059595,TB_e_mort_exc_tbhiv_num,COUNTRY,MNG,WPR,Western Pacific,YEAR,2017,,,,,,,,,330 [290-370],330,290,370,,2025-11-11T14:30:16Z,2017,2017-01-01,2017-12-31
8065193,TB_e_mort_exc_tbhiv_num,COUNTRY,PRT,EUR,Europe,YEAR,2011,,,,,,,,,240 [220-250],240,220,250,,2025-11-11T14:30:16Z,2011,2011-01-01,2011-12-31
8065612,TB_e_mort_exc_tbhiv_num,COUNTRY,TCD,AFR,Africa,YEAR,2012,,,,,,,,,4200 [2800-6000],4200,2800,6000,,2025-11-11T14:30:16Z,2012,2012-01-01,2012-12-31
8066150,TB_e_mort_exc_tbhiv_num,COUNTRY,COM,AFR,Africa,YEAR,2003,,,,,,,,,81 [30-160],81,30,160,,2025-11-11T14:30:16Z,2003,2003-01-01,2003-12-31
8074422,TB_e_mort_exc_tbhiv_num,WORLDBANKINCOMEGROUP,WB_HI,,,YEAR,2011,,,,,,,,,36 000 [35 000-37 000],36000,35000,37000,,2025-11-11T14:30:16Z,2011,2011-01-01,2011-12-31
8085128,TB_e_mort_exc_tbhiv_num,COUNTRY,PRT,EUR,Europe,YEAR,2012,,,,,,,,,230 [220-250],230,220,250,,2025-11-11T14:30:16Z,2012,2012-01-01,2012-12-31
8085936,TB_e_mort_exc_tbhiv_num,COUNTRY,GNQ,AFR,Africa,YEAR,2001,,,,,,,,,490 [170-960],490,170,960,,2025-11-11T14:30:16Z,2001,2001-01-01,2001-12-31
8090668,TB_e_mort_exc_tbhiv_num,COUNTRY,SLV,AMR,Americas,YEAR,2015,,,,,,,,,62 [56-68],62,56,68,,2025-11-11T14:30:16Z,2015,2015-01-01,2015-12-31
8091805,TB_e_mort_exc_tbhiv_num,COUNTRY,IDN,WPR,Western Pacific,YEAR,2010,,,,,,,,,114 000 [108 000-120 000],114000,108000,120000,,2025-11-11T14:30:16Z,2010,2010-01-01,2010-12-31
8091991,TB_e_mort_exc_tbhiv_num,COUNTRY,ALB,EUR,Europe,YEAR,2016,,,,,,,,,8 [4-14],8,4,14,,2025-11-11T14:30:16Z,2016,2016-01-01,2016-12-31
8104881,TB_e_mort_exc_tbhiv_num,COUNTRY,JAM,AMR,Americas,YEAR,2011,,,,,,,,,7 [7-7],7,7,7,,2025-11-11T14:30:16Z,2011,2011-01-01,2011-12-31
8111997,TB_e_mort_exc_tbhiv_num,COUNTRY,CHN,WPR,Western Pacific,YEAR,2006,,,,,,,,,67 000 [60 000-74 000],67000,60000,74000,,2025-11-11T14:30:16Z,2006,2006-01-01,2006-12-31
8115893,TB_e_mort_exc_tbhiv_num,COUNTRY,FSM,WPR,Western Pacific,YEAR,2019,,,,,,,,,49 [34-67],49,34,67,,2025-11-11T14:30:16Z,2019,2019-01-01,2019-12-31
8117049,TB_e_mort_exc_tbhiv_num,COUNTRY,MHL,WPR,Western Pacific,YEAR,2021,,,,,,,,,38 [26-52],38,26,52,,2025-11-11T14:30:16Z,2021,2021-01-01,2021-12-31
8121902,TB_e_mort_exc_tbhiv_num,COUNTRY,MLI,AFR,Africa,YEAR,2010,,,,,,,,,2400 [1300-3800],2400,1300,3800,,2025-11-11T14:30:16Z,2010,2010-01-01,2010-12-31
8124121,TB_e_mort_exc_tbhiv_num,COUNTRY,BIH,EUR,Europe,YEAR,2016,,,,,,,,,110 [110-110],110,110,110,,2025-11-11T14:30:16Z,2016,2016-01-01,2016-12-31
8127682,TB_e_mort_exc_tbhiv_num,COUNTRY,NZL,WPR,Western Pacific,YEAR,2004,,,,,,,,,30 [30-30],30,30,30,,2025-11-11T14:30:16Z,2004,2004-01-01,2004-12-31
8142381,TB_e_mort_exc_tbhiv_num,COUNTRY,CHE,EUR,Europe,YEAR,2019,,,,,,,,,9 [8-9],9,8,9,,2025-11-11T14:30:16Z,2019,2019-01-01,2019-12-31
8155899,TB_e_mort_exc_tbhiv_num,COUNTRY,MRT,AFR,Africa,YEAR,2009,,,,,,,,,1000 [710-1400],1000,710,1400,,2025-11-11T14:30:16Z,2009,2009-01-01,2009-12-31
8156315,TB_e_mort_exc_tbhiv_num,COUNTRY,KGZ,EUR,Europe,YEAR,2002,,,,,,,,,1100 [1000-1100],1100,1000,1100,,2025-11-11T14:30:16Z,2002,2002-01-01,2002-12-31
8160396,TB_e_mort_exc_tbhiv_num,COUNTRY,SVK,EUR,Europe,YEAR,2000,,,,,,,,,53 [53-53],53,53,53,,2025-11-11T14:30:16Z,2000,2000-01-01,2000-12-31
8161579,TB_e_mort_exc_tbhiv_num,COUNTRY,UGA,AFR,Africa,YEAR,2013,,,,,,,,,6700 [4000-10 000],6700,4000,10000,,2025-11-11T14:30:16Z,2013,2013-01-01,2013-12-31
8161664,TB_e_mort_exc_tbhiv_num,COUNTRY,HND,AMR,Americas,YEAR,2023,,,,,,,,,490 [410-580],490,410,580,,2025-11-11T14:30:16Z,2023,2023-01-01,2023-12-31
8167707,TB_e_mort_exc_tbhiv_num,COUNTRY,SDN,EMR,Eastern Mediterranean,YEAR,2002,,,,,,,,,11 000 [5700-18 000],11000,5700,18000,,2025-11-11T14:30:16Z,2002,2002-01-01,2002-12-31
8169581,TB_e_mort_exc_tbhiv_num,COUNTRY,KEN,AFR,Africa,YEAR,2018,,,,,,,,,19 000 [11 000-29 000],19000,11000,29000,,2025-11-11T14:30:16Z,2018,2018-01-01,2018-12-31
8175316,TB_e_mort_exc_tbhiv_num,COUNTRY,GHA,AFR,Africa,YEAR,2005,,,,,,,,,11 000 [4500-19 000],11000,4500,19000,,2025-11-11T14:30:16Z,2005,2005-01-01,2005-12-31
8178120,TB_e_mort_exc_tbhiv_num,COUNTRY,SUR,AMR,Americas,YEAR,2022,,,,,,,,,10 [8-12],10,8,12,,2025-11-11T14:30:16Z,2022,2022-01-01,2022-12-31
8178999,TB_e_mort_exc_tbhiv_num,COUNTRY,CIV,AFR,Africa,YEAR,2005,,,,,,,,,5600 [3100-8700],5600,3100,8700,,2025-11-11T14:30:16Z,2005,2005-01-01,2005-12-31
8180445,TB_e_mort_exc_tbhiv_num,COUNTRY,BEN,AFR,Africa,YEAR,2008,,,,,,,,,1400 [860-2200],1400,860,2200,,2025-11-11T14:30:16Z,2008,2008-01-01,2008-12-31
8184705,TB_e_mort_exc_tbhiv_num,COUNTRY,ALB,EUR,Europe,YEAR,2018,,,,,,,,,8 [4-14],8,4,14,,2025-11-11T14:30:16Z,2018,2018-01-01,2018-12-31
8185617,TB_e_mort_exc_tbhiv_num,COUNTRY,NOR,EUR,Europe,YEAR,2022,,,,,,,,,5 [5-5],5,5,5,,2025-11-11T14:30:16Z,2022,2022-01-01,2022-12-31
8193326,TB_e_mort_exc_tbhiv_num,REGION,AMR,,,YEAR,2004,,,,,,,,,23 000 [22 000-24 000],23000,22000,24000,,2025-11-11T14:30:16Z,2004,2004-01-01,2004-12-31
8193444,TB_e_mort_exc_tbhiv_num,COUNTRY,RWA,AFR,Africa,YEAR,2020,,,,,,,,,800 [520-1100],800,520,1100,,2025-11-11T14:30:16Z,2020,2020-01-01,2020-12-31
8200398,TB_e_mort_exc_tbhiv_num,COUNTRY,HND,AMR,Americas,YEAR,2011,,,,,,,,,370 [300-450],370,300,450,,2025-11-11T14:30:16Z,2011,2011-01-01,2011-12-31
8203595,TB_e_mort_exc_tbhiv_num,COUNTRY,MDA,EUR,Europe,YEAR,2008,,,,,,,,,690 [620-770],690,620,770,,2025-11-11T14:30:16Z,2008,2008-01-01,2008-12-31
8203860,TB_e_mort_exc_tbhiv_num,COUNTRY,KIR,WPR,Western Pacific,YEAR,2011,,,,,,,,,44 [39-50],44,39,50,,2025-11-11T14:30:16Z,2011,2011-01-01,2011-12-31
8207214,TB_e_mort_exc_tbhiv_num,COUNTRY,SLB,WPR,Western Pacific,YEAR,2005,,,,,,,,,500 [340-690],500,340,690,,2025-11-11T14:30:16Z,2005,2005-01-01,2005-12-31
8213400,TB_e_mort_exc_tbhiv_num,REGION,EUR,,,YEAR,2015,,,,,,,,,31 000 [30 000-32 000],31000,30000,32000,,2025-11-11T14:30:16Z,2015,2015-01-01,2015-12-31
8222643,TB_e_mort_exc_tbhiv_num,REGION,EMR,,,YEAR,2015,,,,,,,,,87 000 [76 000-99 000],87000,76000,99000,,2025-11-11T14:30:16Z,2015,2015-01-01,2015-12-31
8223610,TB_e_mort_exc_tbhiv_num,COUNTRY,TJK,EUR,Europe,YEAR,2011,,,,,,,,,820 [740-890],820,740,890,,2025-11-11T14:30:16Z,2011,2011-01-01,2011-12-31
8223799,TB_e_mort_exc_tbhiv_num,COUNTRY,FIN,EUR,Europe,YEAR,2005,,,,,,,,,77 [77-78],77,77,78,,2025-11-11T14:30:16Z,2005,2005-01-01,2005-12-31
8224404,TB_e_mort_exc_tbhiv_num,COUNTRY,AFG,EMR,Eastern Mediterranean,YEAR,2021,,,,,,,,,14 000 [10 000-19 000],14000,10000,19000,,2025-11-11T14:30:16Z,2021,2021-01-01,2021-12-31
8224715,TB_e_mort_exc_tbhiv_num,COUNTRY,BFA,AFR,Africa,YEAR,2001,,,,,,,,,2600 [1000-4900],2600,1000,4900,,2025-11-11T14:30:16Z,2001,2001-01-01,2001-12-31
8229805,TB_e_mort_exc_tbhiv_num,COUNTRY,FIN,EUR,Europe,YEAR,2012,,,,,,,,,49 [49-50],49,49,50,,2025-11-11T14:30:16Z,2012,2012-01-01,2012-12-31
8231798,TB_e_mort_exc_tbhiv_num,COUNTRY,IDN,WPR,Western Pacific,YEAR,2003,,,,,,,,,120 000 [107 000-134 000],120000,107000,134000,,2025-11-11T14:30:16Z,2003,2003-01-01,2003-12-31
8235565,TB_e_mort_exc_tbhiv_num,COUNTRY,PRI,AMR,Americas,YEAR,2014,,,,,,,,,9 [9-9],9,9,9,,2025-11-11T14:30:16Z,2014,2014-01-01,2014-12-31
8251225,TB_e_mort_exc_tbhiv_num,COUNTRY,LKA,SEAR,South-East Asia,YEAR,2009,,,,,,,,,1200 [980-1400],1200,980,1400,,2025-11-11T14:30:16Z,2009,2009-01-01,2009-12-31
8257871,TB_e_mort_exc_tbhiv_num,COUNTRY,VNM,WPR,Western Pacific,YEAR,2013,,,,,,,,,17 000 [11 000-23 000],17000,11000,23000,,2025-11-11T14:30:16Z,2013,2013-01-01,2013-12-31
8261634,TB_e_mort_exc_tbhiv_num,COUNTRY,ZAF,AFR,Africa,YEAR,2015,,,,,,,,,20 000 [19 000-21 000],20000,19000,21000,,2025-11-11T14:30:16Z,2015,2015-01-01,2015-12-31
8262552,TB_e_mort_exc_tbhiv_num,COUNTRY,SWZ,AFR,Africa,YEAR,2021,,,,,,,,,360 [95-800],360,95,800,,2025-11-11T14:30:16Z,2021,2021-01-01,2021-12-31
8263482,TB_e_mort_exc_tbhiv_num,COUNTRY,CPV,AFR,Africa,YEAR,2022,,,,,,,,,18 [11-25],18,11,25,,2025-11-11T14:30:16Z,2022,2022-01-01,2022-12-31
8263801,TB_e_mort_exc_tbhiv_num,COUNTRY,RUS,EUR,Europe,YEAR,2021,,,,,,,,,6700 [6500-6900],6700,6500,6900,,2025-11-11T14:30:16Z,2021,2021-01-01,2021-12-31
8270022,TB_e_mort_exc_tbhiv_num,COUNTRY,AUT,EUR,Europe,YEAR,2015,,,,,,,,,64 [63-65],64,63,65,,2025-11-11T14:30:16Z,2015,2015-01-01,2015-12-31
8275353,TB_e_mort_exc_tbhiv_num,COUNTRY,AUT,EUR,Europe,YEAR,2016,,,,,,,,,38 [38-39],38,38,39,,2025-11-11T14:30:16Z,2016,2016-01-01,2016-12-31
8280857,TB_e_mort_exc_tbhiv_num,COUNTRY,PRY,AMR,Americas,YEAR,2014,,,,,,,,,220 [210-240],220,210,240,,2025-11-11T14:30:16Z,2014,2014-01-01,2014-12-31
8282204,TB_e_mort_exc_tbhiv_num,COUNTRY,AFG,EMR,Eastern Mediterranean,YEAR,2008,,,,,,,,,15 000 [11 000-21 000],15000,11000,21000,,2025-11-11T14:30:16Z,2008,2008-01-01,2008-12-31
8282251,TB_e_mort_exc_tbhiv_num,COUNTRY,MOZ,AFR,Africa,YEAR,2022,,,,,,,,,5000 [2200-8900],5000,2200,8900,,2025-11-11T14:30:16Z,2022,2022-01-01,2022-12-31
8288563,TB_e_mort_exc_tbhiv_num,COUNTRY,BWA,AFR,Africa,YEAR,2014,,,,,,,,,800 [500-1200],800,500,1200,,2025-11-11T14:30:16Z,2014,2014-01-01,2014-12-31
8294272,TB_e_mort_exc_tbhiv_num,COUNTRY,GMB,AFR,Africa,YEAR,2003,,,,,,,,,360 [220-520],360,220,520,,2025-11-11T14:30:16Z,2003,2003-01-01,2003-12-31
8294283,TB_e_mort_exc_tbhiv_num,COUNTRY,LUX,EUR,Europe,YEAR,2018,,,,,,,,,2 [2-2],2,2,2,,2025-11-11T14:30:16Z,2018,2018-01-01,2018-12-31
8294290,TB_e_mort_exc_tbhiv_num,COUNTRY,HRV,EUR,Europe,YEAR,2005,,,,,,,,,120 [120-120],120,120,120,,2025-11-11T14:30:16Z,2005,2005-01-01,2005-12-31
8298905,TB_e_mort_exc_tbhiv_num,COUNTRY,AZE,EUR,Europe,YEAR,2006,,,,,,,,,580 [520-650],580,520,650,,2025-11-11T14:30:16Z,2006,2006-01-01,2006-12-31
8301703,TB_e_mort_exc_tbhiv_num,COUNTRY,IRL,EUR,Europe,YEAR,2012,,,,,,,,,27 [27-27],27,27,27,,2025-11-11T14:30:16Z,2012,2012-01-01,2012-12-31
8301966,TB_e_mort_exc_tbhiv_num,COUNTRY,IND,SEAR,South-East Asia,YEAR,2019,,,,,,,,,322 000 [242 000-415 000],322000,242000,415000,,2025-11-11T14:30:16Z,2019,2019-01-01,2019-12-31
8304726,TB_e_mort_exc_tbhiv_num,COUNTRY,LBR,AFR,Africa,YEAR,2017,,,,,,,,,2100 [1500-2800],2100,1500,2800,,2025-11-11T14:30:16Z,2017,2017-01-01,2017-12-31
8305009,TB_e_mort_exc_tbhiv_num,COUNTRY,BHS,AMR,Americas,YEAR,2013,,,,,,,,,2 [2-3],2,2,3,,2025-11-11T14:30:16Z,2013,2013-01-01,2013-12-31
8305536,TB_e_mort_exc_tbhiv_num,COUNTRY,ZMB,AFR,Africa,YEAR,2023,,,,,,,,,2400 [1100-4200],2400,1100,4200,,2025-11-11T14:30:16Z,2023,2023-01-01,2023-12-31
8308189,TB_e_mort_exc_tbhiv_num,COUNTRY,DJI,EMR,Eastern Mediterranean,YEAR,2004,,,,,,,,,4400 [2800-6500],4400,2800,6500,,2025-11-11T14:30:16Z,2004,2004-01-01,2004-12-31
8314015,TB_e_mort_exc_tbhiv_num,COUNTRY,MNE,EUR,Europe,YEAR,2019,,,,,,,,,1 [1-1],1,1,1,,2025-11-11T14:30:16Z,2019,2019-01-01,2019-12-31
8314073,TB_e_mort_exc_tbhiv_num,COUNTRY,MLI,AFR,Africa,YEAR,2007,,,,,,,,,2300 [1300-3500],2300,1300,3500,,2025-11-11T14:30:16Z,2007,2007-01-01,2007-12-31
8314291,TB_e_mort_exc_tbhiv_num,COUNTRY,JOR,EMR,Eastern Mediterranean,YEAR,2004,,,,,,,,,33 [26-41],33,26,41,,2025-11-11T14:30:16Z,2004,2004-01-01,2004-12-31
8317260,TB_e_mort_exc_tbhiv_num,COUNTRY,TKM,EUR,Europe,YEAR,2006,,,,,,,,,960 [790-1100],960,790,1100,,2025-11-11T14:30:16Z,2006,2006-01-01,2006-12-31
8318112,TB_e_mort_exc_tbhiv_num,COUNTRY,ZMB,AFR,Africa,YEAR,2004,,,,,,,,,3400 [1400-6200],3400,1400,6200,,2025-11-11T14:30:16Z,2004,2004-01-01,2004-12-31
8318200,TB_e_mort_exc_tbhiv_num,COUNTRY,BHR,EMR,Eastern Mediterranean,YEAR,2001,,,,,,,,,11 [10-13],11,10,13,,2025-11-11T14:30:16Z,2001,2001-01-01,2001-12-31
8319075,TB_e_mort_exc_tbhiv_num,COUNTRY,SSD,AFR,Africa,YEAR,2017,,,,,,,,,11 000 [4600-19 000],11000,4600,19000,,2025-11-11T14:30:16Z,2017,2017-01-01,2017-12-31
8319143,TB_e_mort_exc_tbhiv_num,REGION,SEAR,,,YEAR,2015,,,,,,,,,511 000 [411 000-622 000],511000,411000,622000,,2025-11-11T14:30:16Z,2015,2015-01-01,2015-12-31
8319806,TB_e_mort_exc_tbhiv_num,COUNTRY,STP,AFR,Africa,YEAR,2021,,,,,,,,,20 [14-28],20,14,28,,2025-11-11T14:30:16Z,2021,2021-01-01,2021-12-31
8320605,TB_e_mort_exc_tbhiv_num,COUNTRY,ROU,EUR,Europe,YEAR,2017,,,,,,,,,920 [910-930],920,910,930,,2025-11-11T14:30:16Z,2017,2017-01-01,2017-12-31
8324269,TB_e_mort_exc_tbhiv_num,REGION,AMR,,,YEAR,2002,,,,,,,,,25 000 [24 000-26 000],25000,24000,26000,,2025-11-11T14:30:16Z,2002,2002-01-01,2002-12-31
8325157,TB_e_mort_exc_tbhiv_num,COUNTRY,ESP,EUR,Europe,YEAR,2003,,,,,,,,,490 [480-500],490,480,500,,2025-11-11T14:30:16Z,2003,2003-01-01,2003-12-31
8338753,TB_e_mort_exc_tbhiv_num,COUNTRY,YEM,EMR,Eastern Mediterranean,YEAR,2015,,,,,,,,,2800 [2000-3700],2800,2000,3700,,2025-11-11T14:30:16Z,2015,2015-01-01,2015-12-31
8339272,TB_e_mort_exc_tbhiv_num,COUNTRY,BRA,AMR,Americas,YEAR,2021,,,,,,,,,5600 [5500-5800],5600,5500,5800,,2025-11-11T14:30:16Z,2021,2021-01-01,2021-12-31
8340256,TB_e_mort_exc_tbhiv_num,GLOBAL,GLOBAL,,,YEAR,2010,,,,,,,,,1 510 000 [1 360 000-1 670 000],1510000,1360000,1670000,,2025-11-11T14:30:16Z,2010,2010-01-01,2010-12-31
8342628,TB_e_mort_exc_tbhiv_num,COUNTRY,FIN,EUR,Europe,YEAR,2018,,,,,,,,,30 [30-30],30,30,30,,2025-11-11T14:30:16Z,2018,2018-01-01,2018-12-31
8344508,TB_e_mort_exc_tbhiv_num,COUNTRY,GBR,EUR,Europe,YEAR,2013,,,,,,,,,350 [340-350],350,340,350,,2025-11-11T14:30:16Z,2013,2013-01-01,2013-12-31
8344939,TB_e_mort_exc_tbhiv_num,COUNTRY,TGO,AFR,Africa,YEAR,2005,,,,,,,,,750 [400-1200],750,400,1200,,2025-11-11T14:30:16Z,2005,2005-01-01,2005-12-31
8345249,TB_e_mort_exc_tbhiv_num,COUNTRY,BDI,AFR,Africa,YEAR,2017,,,,,,,,,2100 [1400-3100],2100,1400,3100,,2025-11-11T14:30:16Z,2017,2017-01-01,2017-12-31
8350267,TB_e_mort_exc_tbhiv_num,COUNTRY,HKG,,,YEAR,2021,,,,,,,,,140 [140-140],140,140,140,,2025-11-11T14:30:16Z,2021,2021-01-01,2021-12-31
8352207,TB_e_mort_exc_tbhiv_num,COUNTRY,MMR,SEAR,South-East Asia,YEAR,2017,,,,,,,,,26 000 [16 000-39 000],26000,16000,39000,,2025-11-11T14:30:16Z,2017,2017-01-01,2017-12-31
8355907,TB_e_mort_exc_tbhiv_num,COUNTRY,TZA,AFR,Africa,YEAR,2005,,,,,,,,,32 000 [13 000-60 000],32000,13000,60000,,2025-11-11T14:30:16Z,2005,2005-01-01,2005-12-31
8358396,TB_e_mort_exc_tbhiv_num,COUNTRY,BTN,SEAR,South-East Asia,YEAR,2024,,,,,,,,,290 [200-390],290,200,390,,2025-11-11T14:30:16Z,2024,2024-01-01,2024-12-31
8363627,TB_e_mort_exc_tbhiv_num,COUNTRY,UKR,EUR,Europe,YEAR,2020,,,,,,,,,3200 [3000-3300],3200,3000,3300,,2025-11-11T14:30:16Z,2020,2020-01-01,2020-12-31
8369840,TB_e_mort_exc_tbhiv_num,COUNTRY,SLE,AFR,Africa,YEAR,2007,,,,,,,,,8200 [3500-15 000],8200,3500,15000,,2025-11-11T14:30:16Z,2007,2007-01-01,2007-12-31
8370390,TB_e_mort_exc_tbhiv_num,COUNTRY,SYR,EMR,Eastern Mediterranean,YEAR,2012,,,,,,,,,30 [27-34],30,27,34,,2025-11-11T14:30:16Z,2012,2012-01-01,2012-12-31
8371454,TB_e_mort_exc_tbhiv_num,COUNTRY,ETH,AFR,Africa,YEAR,2015,,,,,,,,,27 000 [18 000-39 000],27000,18000,39000,,2025-11-11T14:30:16Z,2015,2015-01-01,2015-12-31
8377631,TB_e_mort_exc_tbhiv_num,COUNTRY,JPN,WPR,Western Pacific,YEAR,2011,,,,,,,,,3700 [3600-3800],3700,3600,3800,,2025-11-11T14:30:16Z,2011,2011-01-01,2011-12-31
8383367,TB_e_mort_exc_tbhiv_num,COUNTRY,NGA,AFR,Africa,YEAR,2007,,,,,,,,,85 000 [47 000-136 000],85000,47000,136000,,2025-11-11T14:30:16Z,2007,2007-01-01,2007-12-31
8384225,TB_e_mort_exc_tbhiv_num,COUNTRY,HTI,AMR,Americas,YEAR,2014,,,,,,,,,1100 [740-1500],1100,740,1500,,2025-11-11T14:30:16Z,2014,2014-01-01,2014-12-31
8389303,TB_e_mort_exc_tbhiv_num,COUNTRY,THA,SEAR,South-East Asia,YEAR,2023,,,,,,,,,10 000 [7500-13 000],10000,7500,13000,,2025-11-11T14:30:16Z,2023,2023-01-01,2023-12-31
8393858,TB_e_mort_exc_tbhiv_num,COUNTRY,NOR,EUR,Europe,YEAR,2011,,,,,,,,,30 [29-30],30,29,30,,2025-11-11T14:30:16Z,2011,2011-01-01,2011-12-31
8396653,TB_e_mort_exc_tbhiv_num,COUNTRY,LVA,EUR,Europe,YEAR,2001,,,,,,,,,410 [260-600],410,260,600,,2025-11-11T14:30:16Z,2001,2001-01-01,2001-12-31
8399337,TB_e_mort_exc_tbhiv_num,COUNTRY,KOR,WPR,Western Pacific,YEAR,2007,,,,,,,,,3000 [2800-3200],3000,2800,3200,,2025-11-11T14:30:16Z,2007,2007-01-01,2007-12-31
8400533,TB_e_mort_exc_tbhiv_num,COUNTRY,GRC,EUR,Europe,YEAR,2023,,,,,,,,,42 [40-44],42,40,44,,2025-11-11T14:30:16Z,2023,2023-01-01,2023-12-31
8401163,TB_e_mort_exc_tbhiv_num,REGION,AFR,,,YEAR,2014,,,,,,,,,481 000 [393 000-577 000],481000,393000,577000,,2025-11-11T14:30:16Z,2014,2014-01-01,2014-12-31
8402198,TB_e_mort_exc_tbhiv_num,COUNTRY,KAZ,EUR,Europe,YEAR,2023,,,,,,,,,400 [310-510],400,310,510,,2025-11-11T14:30:16Z,2023,2023-01-01,2023-12-31
8402446,TB_e_mort_exc_tbhiv_num,COUNTRY,FJI,WPR,Western Pacific,YEAR,2019,,,,,,,,,40 [40-41],40,40,41,,2025-11-11T14:30:16Z,2019,2019-01-01,2019-12-31
8405837,TB_e_mort_exc_tbhiv_num,COUNTRY,SYR,EMR,Eastern Mediterranean,YEAR,2003,,,,,,,,,69 [49-91],69,49,91,,2025-11-11T14:30:16Z,2003,2003-01-01,2003-12-31
8407052,TB_e_mort_exc_tbhiv_num,COUNTRY,CUB,AMR,Americas,YEAR,2000,,,,,,,,,53 [53-53],53,53,53,,2025-11-11T14:30:16Z,2000,2000-01-01,2000-12-31
8409610,TB_e_mort_exc_tbhiv_num,COUNTRY,SLE,AFR,Africa,YEAR,2013,,,,,,,,,7500 [3200-14 000],7500,3200,14000,,2025-11-11T14:30:16Z,2013,2013-01-01,2013-12-31
8409728,TB_e_mort_exc_tbhiv_num,COUNTRY,TUN,EMR,Eastern Mediterranean,YEAR,2023,,,,,,,,,140 [100-190],140,100,190,,2025-11-11T14:30:16Z,2023,2023-01-01,2023-12-31
8413079,TB_e_mort_exc_tbhiv_num,WORLDBANKINCOMEGROUP,WB_UMI,,,YEAR,2019,,,,,,,,,186 000 [178 000-194 000],186000,178000,194000,,2025-11-11T14:30:16Z,2019,2019-01-01,2019-12-31
8414446,TB_e_mort_exc_tbhiv_num,REGION,AFR,,,YEAR,2009,,,,,,,,,441 000 [366 000-523 000],441000,366000,523000,,2025-11-11T14:30:16Z,2009,2009-01-01,2009-12-31
8418692,TB_e_mort_exc_tbhiv_num,COUNTRY,ROU,EUR,Europe,YEAR,2015,,,,,,,,,1000 [1000-1000],1000,1000,1000,,2025-11-11T14:30:16Z,2015,2015-01-01,2015-12-31
8420520,TB_e_mort_exc_tbhiv_num,COUNTRY,SOM,EMR,Eastern Mediterranean,YEAR,2010,,,,,,,,,7300 [5200-9800],7300,5200,9800,,2025-11-11T14:30:16Z,2010,2010-01-01,2010-12-31
8433037,TB_e_mort_exc_tbhiv_num,COUNTRY,IRQ,EMR,Eastern Mediterranean,YEAR,2018,,,,,,,,,900 [820-990],900,820,990,,2025-11-11T14:30:16Z,2018,2018-01-01,2018-12-31
8435130,TB_e_mort_exc_tbhiv_num,COUNTRY,BTN,SEAR,South-East Asia,YEAR,2007,,,,,,,,,900 [620-1200],900,620,1200,,2025-11-11T14:30:16Z,2007,2007-01-01,2007-12-31
8438108,TB_e_mort_exc_tbhiv_num,COUNTRY,SSD,AFR,Africa,YEAR,2021,,,,,,,,,7700 [3400-14 000],7700,3400,14000,,2025-11-11T14:30:16Z,2021,2021-01-01,2021-12-31
8441104,TB_e_mort_exc_tbhiv_num,COUNTRY,SWZ,AFR,Africa,YEAR,2006,,,,,,,,,880 [310-1700],880,310,1700,,2025-11-11T14:30:16Z,2006,2006-01-01,2006-12-31
8445707,TB_e_mort_exc_tbhiv_num,COUNTRY,PRI,AMR,Americas,YEAR,2021,,,,,,,,,4 [4-4],4,4,4,,2025-11-11T14:30:16Z,2021,2021-01-01,2021-12-31
8451054,TB_e_mort_exc_tbhiv_num,COUNTRY,BHS,AMR,Americas,YEAR,2010,,,,,,,,,2 [2-3],2,2,3,,2025-11-11T14:30:16Z,2010,2010-01-01,2010-12-31
8459688,TB_e_mort_exc_tbhiv_num,COUNTRY,NOR,EUR,Europe,YEAR,2014,,,,,,,,,13 [12-13],13,12,13,,2025-11-11T14:30:16Z,2014,2014-01-01,2014-12-31
8459768,TB_e_mort_exc_tbhiv_num,COUNTRY,PNG,WPR,Western Pacific,YEAR,2012,,,,,,,,,9900 [7100-13 000],9900,7100,13000,,2025-11-11T14:30:16Z,2012,2012-01-01,2012-12-31
8463625,TB_e_mort_exc_tbhiv_num,COUNTRY,NGA,AFR,Africa,YEAR,2020,,,,,,,,,136 000 [79 000-208 000],136000,79000,208000,,2025-11-11T14:30:16Z,2020,2020-01-01,2020-12-31
8463687,TB_e_mort_exc_tbhiv_num,COUNTRY,TLS,SEAR,South-East Asia,YEAR,2023,,,,,,,,,290 [120-540],290,120,540,,2025-11-11T14:30:16Z,2023,2023-01-01,2023-12-31
8466134,TB_e_mort_exc_tbhiv_num,COUNTRY,AFG,EMR,Eastern Mediterranean,YEAR,2002,,,,,,,,,13 000 [8700-17 000],13000,8700,17000,,2025-11-11T14:30:16Z,2002,2002-01-01,2002-12-31
8466579,TB_e_mort_exc_tbhiv_num,COUNTRY,CIV,AFR,Africa,YEAR,2010,,,,,,,,,8500 [5900-11 000],8500,5900,11000,,2025-11-11T14:30:16Z,2010,2010-01-01,2010-12-31
8469044,TB_e_mort_exc_tbhiv_num,COUNTRY,CAF,AFR,Africa,YEAR,2018,,,,,,,,,4100 [1800-7300],4100,1800,7300,,2025-11-11T14:30:16Z,2018,2018-01-01,2018-12-31
8471703,TB_e_mort_exc_tbhiv_num,COUNTRY,BHS,AMR,Americas,YEAR,2021,,,,,,,,,2 [2-2],2,2,2,,2025-11-11T14:30:16Z,2021,2021-01-01,2021-12-31
8475727,TB_e_mort_exc_tbhiv_num,COUNTRY,BDI,AFR,Africa,YEAR,2007,,,,,,,,,2600 [1600-3700],2600,1600,3700,,2025-11-11T14:30:16Z,2007,2007-01-01,2007-12-31
8475927,TB_e_mort_exc_tbhiv_num,COUNTRY,QAT,EMR,Eastern Mediterranean,YEAR,2024,,,,,,,,,9 [7-11],9,7,11,,2025-11-11T14:30:16Z,2024,2024-01-01,2024-12-31
8477771,TB_e_mort_exc_tbhiv_num,COUNTRY,GTM,AMR,Americas,YEAR,2013,,,,,,,,,350 [330-370],350,330,370,,2025-11-11T14:30:16Z,2013,2013-01-01,2013-12-31
8478636,TB_e_mort_exc_tbhiv_num,COUNTRY,COL,AMR,Americas,YEAR,2006,,,,,,,,,1100 [1100-1200],1100,1100,1200,,2025-11-11T14:30:16Z,2006,2006-01-01,2006-12-31
8482448,TB_e_mort_exc_tbhiv_num,COUNTRY,SEN,AFR,Africa,YEAR,2001,,,,,,,,,3800 [2600-5300],3800,2600,5300,,2025-11-11T14:30:16Z,2001,2001-01-01,2001-12-31
8483617,TB_e_mort_exc_tbhiv_num,COUNTRY,SLV,AMR,Americas,YEAR,2020,,,,,,,,,76 [70-82],76,70,82,,2025-11-11T14:30:16Z,2020,2020-01-01,2020-12-31
8489057,TB_e_mort_exc_tbhiv_num,COUNTRY,CAN,AMR,Americas,YEAR,2002,,,,,,,,,140 [140-150],140,140,150,,2025-11-11T14:30:16Z,2002,2002-01-01,2002-12-31
8491519,TB_e_mort_exc_tbhiv_num,COUNTRY,SLE,AFR,Africa,YEAR,2003,,,,,,,,,9400 [3900-17 000],9400,3900,17000,,2025-11-11T14:30:16Z,2003,2003-01-01,2003-12-31
8496443,TB_e_mort_exc_tbhiv_num,COUNTRY,USA,AMR,Americas,YEAR,2006,,,,,,,,,700 [700-710],700,700,710,,2025-11-11T14:30:16Z,2006,2006-01-01,2006-12-31
8497283,TB_e_mort_exc_tbhiv_num,COUNTRY,CMR,AFR,Africa,YEAR,2009,,,,,,,,,7700 [5400-10 000],7700,5400,10000,,2025-11-11T14:30:16Z,2009,2009-01-01,2009-12-31
8503885,TB_e_mort_exc_tbhiv_num,REGION,AMR,,,YEAR,2005,,,,,,,,,22 000 [21 000-23 000],22000,21000,23000,,2025-11-11T14:30:16Z,2005,2005-01-01,2005-12-31
8508385,TB_e_mort_exc_tbhiv_num,COUNTRY,NIC,AMR,Americas,YEAR,2002,,,,,,,,,210 [190-230],210,190,230,,2025-11-11T14:30:16Z,2002,2002-01-01,2002-12-31
8508657,TB_e_mort_exc_tbhiv_num,COUNTRY,MAC,,,YEAR,2016,,,,,,,,,100 [69-140],100,69,140,,2025-11-11T14:30:16Z,2016,2016-01-01,2016-12-31
8517415,TB_e_mort_exc_tbhiv_num,REGION,WPR,,,YEAR,2013,,,,,,,,,220 000 [210 000-230 000],220000,210000,230000,,2025-11-11T14:30:16Z,2013,2013-01-01,2013-12-31
8523645,TB_e_mort_exc_tbhiv_num,COUNTRY,DZA,AFR,Africa,YEAR,2015,,,,,,,,,4300 [2900-6000],4300,2900,6000,,2025-11-11T14:30:16Z,2015,2015-01-01,2015-12-31
8536623,TB_e_mort_exc_tbhiv_num,COUNTRY,CHL,AMR,Americas,YEAR,2024,,,,,,,,,420 [390-450],420,390,450,,2025-11-11T14:30:16Z,2024,2024-01-01,2024-12-31
8541029,TB_e_mort_exc_tbhiv_num,COUNTRY,MAC,,,YEAR,2018,,,,,,,,,87 [60-120],87,60,120,,2025-11-11T14:30:16Z,2018,2018-01-01,2018-12-31
8541922,TB_e_mort_exc_tbhiv_num,COUNTRY,AZE,EUR,Europe,YEAR,2001,,,,,,,,,1500 [1200-1800],1500,1200,1800,,2025-11-11T14:30:16Z,2001,2001-01-01,2001-12-31
8546451,TB_e_mort_exc_tbhiv_num,COUNTRY,PER,AMR,Americas,YEAR,2018,,,,,,,,,2300 [2100-2500],2300,2100,2500,,2025-11-11T14:30:16Z,2018,2018-01-01,2018-12-31
8552322,TB_e_mort_exc_tbhiv_num,COUNTRY,PRT,EUR,Europe,YEAR,2023,,,,,,,,,250 [240-250],250,240,250,,2025-11-11T14:30:16Z,2023,2023-01-01,2023-12-31
8555727,TB_e_mort_exc_tbhiv_num,COUNTRY,BLZ,AMR,Americas,YEAR,2010,,,,,,,,,12 [12-12],12,12,12,,2025-11-11T14:30:16Z,2010,2010-01-01,2010-12-31
8561700,TB_e_mort_exc_tbhiv_num,COUNTRY,MHL,WPR,Western Pacific,YEAR,2024,,,,,,,,,30 [20-40],30,20,40,,2025-11-11T14:30:16Z,2024,2024-01-01,2024-12-31
8565004,TB_e_mort_exc_tbhiv_num,COUNTRY,CUB,AMR,Americas,YEAR,2005,,,,,,,,,43 [43-43],43,43,43,,2025-11-11T14:30:16Z,2005,2005-01-01,2005-12-31
8565453,TB_e_mort_exc_tbhiv_num,COUNTRY,BFA,AFR,Africa,YEAR,2020,,,,,,,,,3200 [1400-5700],3200,1400,5700,,2025-11-11T14:30:16Z,2020,2020-01-01,2020-12-31
8565521,TB_e_mort_exc_tbhiv_num,COUNTRY,CYP,EUR,Europe,YEAR,2010,,,,,,,,,1 [1-1],1,1,1,,2025-11-11T14:30:16Z,2010,2010-01-01,2010-12-31
8571865,TB_e_mort_exc_tbhiv_num,COUNTRY,NIC,AMR,Americas,YEAR,2023,,,,,,,,,130 [110-150],130,110,150,,2025-11-11T14:30:16Z,2023,2023-01-01,2023-12-31
8572382,TB_e_mort_exc_tbhiv_num,COUNTRY,MHL,WPR,Western Pacific,YEAR,2023,,,,,,,,,69 [48-94],69,48,94,,2025-11-11T14:30:16Z,2023,2023-01-01,2023-12-31
8573198,TB_e_mort_exc_tbhiv_num,COUNTRY,GNB,AFR,Africa,YEAR,2011,,,,,,,,,540 [320-820],540,320,820,,2025-11-11T14:30:16Z,2011,2011-01-01,2011-12-31
8573442,TB_e_mort_exc_tbhiv_num,COUNTRY,ISR,EUR,Europe,YEAR,2020,,,,,,,,,8 [8-8],8,8,8,,2025-11-11T14:30:16Z,2020,2020-01-01,2020-12-31
8577971,TB_e_mort_exc_tbhiv_num,COUNTRY,LTU,EUR,Europe,YEAR,2011,,,,,,,,,230 [220-230],230,220,230,,2025-11-11T14:30:16Z,2011,2011-01-01,2011-12-31
8579317,TB_e_mort_exc_tbhiv_num,COUNTRY,URY,AMR,Americas,YEAR,2008,,,,,,,,,48 [46-51],48,46,51,,2025-11-11T14:30:16Z,2008,2008-01-01,2008-12-31
8585070,TB_e_mort_exc_tbhiv_num,COUNTRY,CHN,WPR,Western Pacific,YEAR,2014,,,,,,,,,39 000 [35 000-43 000],39000,35000,43000,,2025-11-11T14:30:16Z,2014,2014-01-01,2014-12-31
8591491,TB_e_mort_exc_tbhiv_num,COUNTRY,GHA,AFR,Africa,YEAR,2006,,,,,,,,,11 000 [4400-19 000],11000,4400,19000,,2025-11-11T14:30:16Z,2006,2006-01-01,2006-12-31
8598889,TB_e_mort_exc_tbhiv_num,COUNTRY,MMR,SEAR,South-East Asia,YEAR,2011,,,,,,,,,43 000 [24 000-68 000],43000,24000,68000,,2025-11-11T14:30:16Z,2011,2011-01-01,2011-12-31
8599489,TB_e_mort_exc_tbhiv_num,COUNTRY,GAB,AFR,Africa,YEAR,2001,,,,,,,,,430 [230-690],430,230,690,,2025-11-11T14:30:16Z,2001,2001-01-01,2001-12-31
8603284,TB_e_mort_exc_tbhiv_num,COUNTRY,SYR,EMR,Eastern Mediterranean,YEAR,2015,,,,,,,,,26 [23-29],26,23,29,,2025-11-11T14:30:16Z,2015,2015-01-01,2015-12-31
8604972,TB_e_mort_exc_tbhiv_num,COUNTRY,DZA,AFR,Africa,YEAR,2010,,,,,,,,,5800 [4000-7900],5800,4000,7900,,2025-11-11T14:30:16Z,2010,2010-01-01,2010-12-31
8609847,TB_e_mort_exc_tbhiv_num,COUNTRY,AUS,WPR,Western Pacific,YEAR,2018,,,,,,,,,56 [55-56],56,55,56,,2025-11-11T14:30:16Z,2018,2018-01-01,2018-12-31
8610163,TB_e_mort_exc_tbhiv_num,COUNTRY,TUN,EMR,Eastern Mediterranean,YEAR,2006,,,,,,,,,170 [130-210],170,130,210,,2025-11-11T14:30:16Z,2006,2006-01-01,2006-12-31
8616830,TB_e_mort_exc_tbhiv_num,COUNTRY,NER,AFR,Africa,YEAR,2004,,,,,,,,,3700 [2400-5300],3700,2400,5300,,2025-11-11T14:30:16Z,2004,2004-01-01,2004-12-31
8617634,TB_e_mort_exc_tbhiv_num,COUNTRY,EST,EUR,Europe,YEAR,2010,,,,,,,,,42 [41-42],42,41,42,,2025-11-11T14:30:16Z,2010,2010-01-01,2010-12-31
8621502,TB_e_mort_exc_tbhiv_num,COUNTRY,SVK,EUR,Europe,YEAR,2010,,,,,,,,,35 [35-36],35,35,36,,2025-11-11T14:30:16Z,2010,2010-01-01,2010-12-31
8623398,TB_e_mort_exc_tbhiv_num,COUNTRY,VUT,WPR,Western Pacific,YEAR,2018,,,,,,,,,39 [19-65],39,19,65,,2025-11-11T14:30:16Z,2018,2018-01-01,2018-12-31
8623792,TB_e_mort_exc_tbhiv_num,COUNTRY,EST,EUR,Europe,YEAR,2006,,,,,,,,,70 [68-71],70,68,71,,2025-11-11T14:30:16Z,2006,2006-01-01,2006-12-31
8624401,TB_e_mort_exc_tbhiv_num,COUNTRY,JOR,EMR,Eastern Mediterranean,YEAR,2016,,,,,,,,,12 [10-13],12,10,13,,2025-11-11T14:30:16Z,2016,2016-01-01,2016-12-31
8625058,TB_e_mort_exc_tbhiv_num,COUNTRY,NZL,WPR,Western Pacific,YEAR,2022,,,,,,,,,13 [13-14],13,13,14,,2025-11-11T14:30:16Z,2022,2022-01-01,2022-12-31
8631347,TB_e_mort_exc_tbhiv_num,COUNTRY,NLD,EUR,Europe,YEAR,2019,,,,,,,,,20 [19-20],20,19,20,,2025-11-11T14:30:16Z,2019,2019-01-01,2019-12-31
8635574,TB_e_mort_exc_tbhiv_num,COUNTRY,KHM,WPR,Western Pacific,YEAR,2011,,,,,,,,,3400 [1600-5900],3400,1600,5900,,2025-11-11T14:30:16Z,2011,2011-01-01,2011-12-31
8635877,TB_e_mort_exc_tbhiv_num,COUNTRY,GIN,AFR,Africa,YEAR,2013,,,,,,,,,3300 [2300-4500],3300,2300,4500,,2025-11-11T14:30:16Z,2013,2013-01-01,2013-12-31
8642377,TB_e_mort_exc_tbhiv_num,COUNTRY,TCD,AFR,Africa,YEAR,2024,,,,,,,,,3100 [2000-4500],3100,2000,4500,,2025-11-11T14:30:16Z,2024,2024-01-01,2024-12-31
8642885,TB_e_mort_exc_tbhiv_num,COUNTRY,CZE,EUR,Europe,YEAR,2000,,,,,,,,,130 [120-130],130,120,130,,2025-11-11T14:30:16Z,2000,2000-01-01,2000-12-31
8653395,TB_e_mort_exc_tbhiv_num,COUNTRY,MNE,EUR,Europe,YEAR,2020,,,,,,,,,1 [0-4],1,0,4,,2025-11-11T14:30:16Z,2020,2020-01-01,2020-12-31
8661633,TB_e_mort_exc_tbhiv_num,COUNTRY,BDI,AFR,Africa,YEAR,2002,,,,,,,,,2200 [1300-3300],2200,1300,3300,,2025-11-11T14:30:16Z,2002,2002-01-01,2002-12-31
8661687,TB_e_mort_exc_tbhiv_num,COUNTRY,FSM,WPR,Western Pacific,YEAR,2010,,,,,,,,,98 [68-130],98,68,130,,2025-11-11T14:30:16Z,2010,2010-01-01,2010-12-31
8662131,TB_e_mort_exc_tbhiv_num,COUNTRY,MKD,EUR,Europe,YEAR,2016,,,,,,,,,27 [26-28],27,26,28,,2025-11-11T14:30:16Z,2016,2016-01-01,2016-12-31
8667921,TB_e_mort_exc_tbhiv_num,COUNTRY,SLB,WPR,Western Pacific,YEAR,2016,,,,,,,,,240 [170-330],240,170,330,,2025-11-11T14:30:16Z,2016,2016-01-01,2016-12-31
8669238,TB_e_mort_exc_tbhiv_num,COUNTRY,MKD,EUR,Europe,YEAR,2021,,,,,,,,,12 [11-13],12,11,13,,2025-11-11T14:30:16Z,2021,2021-01-01,2021-12-31
8671731,TB_e_mort_exc_tbhiv_num,COUNTRY,ECU,AMR,Americas,YEAR,2022,,,,,,,,,810 [670-960],810,670,960,,2025-11-11T14:30:16Z,2022,2022-01-01,2022-12-31
8683978,TB_e_mort_exc_tbhiv_num,COUNTRY,BEL,EUR,Europe,YEAR,2021,,,,,,,,,22 [21-22],22,21,22,,2025-11-11T14:30:16Z,2021,2021-01-01,2021-12-31
8686987,TB_e_mort_exc_tbhiv_num,WORLDBANKINCOMEGROUP,WB_UMI,,,YEAR,2024,,,,,,,,,210 000 [192 000-229 000],210000,192000,229000,,2025-11-11T14:30:16Z,2024,2024-01-01,2024-12-31
8687238,TB_e_mort_exc_tbhiv_num,COUNTRY,IRN,EMR,Eastern Mediterranean,YEAR,2003,,,,,,,,,610 [530-700],610,530,700,,2025-11-11T14:30:16Z,2003,2003-01-01,2003-12-31
8693613,TB_e_mort_exc_tbhiv_num,COUNTRY,MHL,WPR,Western Pacific,YEAR,2010,,,,,,,,,79 [55-110],79,55,110,,2025-11-11T14:30:16Z,2010,2010-01-01,2010-12-31
8698823,TB_e_mort_exc_tbhiv_num,COUNTRY,KWT,EMR,Eastern Mediterranean,YEAR,2016,,,,,,,,,19 [18-20],19,18,20,,2025-11-11T14:30:16Z,2016,2016-01-01,2016-12-31
8699413,TB_e_mort_exc_tbhiv_num,COUNTRY,BOL,AMR,Americas,YEAR,2009,,,,,,,,,1600 [1200-2000],1600,1200,2000,,2025-11-11T14:30:16Z,2009,2009-01-01,2009-12-31
8710209,TB_e_mort_exc_tbhiv_num,COUNTRY,KEN,AFR,Africa,YEAR,2015,,,,,,,,,30 000 [17 000-47 000],30000,17000,47000,,2025-11-11T14:30:16Z,2015,2015-01-01,2015-12-31
8710684,TB_e_mort_exc_tbhiv_num,COUNTRY,LSO,AFR,Africa,YEAR,2009,,,,,,,,,1300 [750-2000],1300,750,2000,,2025-11-11T14:30:16Z,2009,2009-01-01,2009-12-31
8712774,TB_e_mort_exc_tbhiv_num,COUNTRY,GUY,AMR,Americas,YEAR,2011,,,,,,,,,110 [110-120],110,110,120,,2025-11-11T14:30:16Z,2011,2011-01-01,2011-12-31
8721848,TB_e_mort_exc_tbhiv_num,COUNTRY,MDA,EUR,Europe,YEAR,2015,,,,,,,,,260 [260-260],260,260,260,,2025-11-11T14:30:16Z,2015,2015-01-01,2015-12-31
8722061,TB_e_mort_exc_tbhiv_num,COUNTRY,SOM,EMR,Eastern Mediterranean,YEAR,2012,,,,,,,,,5300 [3700-7200],5300,3700,7200,,2025-11-11T14:30:16Z,2012,2012-01-01,2012-12-31
8723661,TB_e_mort_exc_tbhiv_num,COUNTRY,COG,AFR,Africa,YEAR,2022,,,,,,,,,1500 [1000-2200],1500,1000,2200,,2025-11-11T14:30:16Z,2022,2022-01-01,2022-12-31
8728569,TB_e_mort_exc_tbhiv_num,COUNTRY,BIH,EUR,Europe,YEAR,2001,,,,,,,,,210 [200-220],210,200,220,,2025-11-11T14:30:16Z,2001,2001-01-01,2001-12-31
8730116,TB_e_mort_exc_tbhiv_num,COUNTRY,ECU,AMR,Americas,YEAR,2018,,,,,,,,,540 [480-600],540,480,600,,2025-11-11T14:30:16Z,2018,2018-01-01,2018-12-31
8731660,TB_e_mort_exc_tbhiv_num,COUNTRY,ARG,AMR,Americas,YEAR,2008,,,,,,,,,650 [620-680],650,620,680,,2025-11-11T14:30:16Z,2008,2008-01-01,2008-12-31
8734551,TB_e_mort_exc_tbhiv_num,REGION,AMR,,,YEAR,2018,,,,,,,,,18 000 [17 000-18 000],18000,17000,18000,,2025-11-11T14:30:16Z,2018,2018-01-01,2018-12-31
8740497,TB_e_mort_exc_tbhiv_num,COUNTRY,LBY,EMR,Eastern Mediterranean,YEAR,2018,,,,,,,,,350 [120-710],350,120,710,,2025-11-11T14:30:16Z,2018,2018-01-01,2018-12-31
8740759,TB_e_mort_exc_tbhiv_num,COUNTRY,MOZ,AFR,Africa,YEAR,2009,,,,,,,,,5900 [3300-9100],5900,3300,9100,,2025-11-11T14:30:16Z,2009,2009-01-01,2009-12-31
8741191,TB_e_mort_exc_tbhiv_num,COUNTRY,TJK,EUR,Europe,YEAR,2017,,,,,,,,,770 [690-850],770,690,850,,2025-11-11T14:30:16Z,2017,2017-01-01,2017-12-31
8741388,TB_e_mort_exc_tbhiv_num,COUNTRY,JOR,EMR,Eastern Mediterranean,YEAR,2023,,,,,,,,,10 [8-12],10,8,12,,2025-11-11T14:30:16Z,2023,2023-01-01,2023-12-31
8742870,TB_e_mort_exc_tbhiv_num,COUNTRY,RWA,AFR,Africa,YEAR,2006,,,,,,,,,680 [440-980],680,440,980,,2025-11-11T14:30:16Z,2006,2006-01-01,2006-12-31
8743816,TB_e_mort_exc_tbhiv_num,COUNTRY,COM,AFR,Africa,YEAR,2016,,,,,,,,,65 [24-130],65,24,130,,2025-11-11T14:30:16Z,2016,2016-01-01,2016-12-31
8754144,TB_e_mort_exc_tbhiv_num,COUNTRY,NZL,WPR,Western Pacific,YEAR,2000,,,,,,,,,25 [25-25],25,25,25,,2025-11-11T14:30:16Z,2000,2000-01-01,2000-12-31
8754364,TB_e_mort_exc_tbhiv_num,COUNTRY,COM,AFR,Africa,YEAR,2024,,,,,,,,,29 [2-92],29,2,92,,2025-11-11T14:30:16Z,2024,2024-01-01,2024-12-31
8755629,TB_e_mort_exc_tbhiv_num,COUNTRY,KOR,WPR,Western Pacific,YEAR,2023,,,,,,,,,1500 [1400-1600],1500,1400,1600,,2025-11-11T14:30:16Z,2023,2023-01-01,2023-12-31
8755772,TB_e_mort_exc_tbhiv_num,COUNTRY,BLR,EUR,Europe,YEAR,2022,,,,,,,,,200 [190-210],200,190,210,,2025-11-11T14:30:16Z,2022,2022-01-01,2022-12-31
8756781,TB_e_mort_exc_tbhiv_num,COUNTRY,MDV,SEAR,South-East Asia,YEAR,2015,,,,,,,,,7 [6-8],7,6,8,,2025-11-11T14:30:16Z,2015,2015-01-01,2015-12-31
8757075,TB_e_mort_exc_tbhiv_num,COUNTRY,NER,AFR,Africa,YEAR,2016,,,,,,,,,4100 [2500-6100],4100,2500,6100,,2025-11-11T14:30:16Z,2016,2016-01-01,2016-12-31
8760447,TB_e_mort_exc_tbhiv_num,COUNTRY,DJI,EMR,Eastern Mediterranean,YEAR,2017,,,,,,,,,1200 [810-1600],1200,810,1600,,2025-11-11T14:30:16Z,2017,2017-01-01,2017-12-31
8762864,TB_e_mort_exc_tbhiv_num,COUNTRY,UZB,EUR,Europe,YEAR,2012,,,,,,,,,2800 [2100-3600],2800,2100,3600,,2025-11-11T14:30:16Z,2012,2012-01-01,2012-12-31
8763035,TB_e_mort_exc_tbhiv_num,COUNTRY,PHL,WPR,Western Pacific,YEAR,2004,,,,,,,,,34 000 [31 000-38 000],34000,31000,38000,,2025-11-11T14:30:16Z,2004,2004-01-01,2004-12-31
8775035,TB_e_mort_exc_tbhiv_num,COUNTRY,PHL,WPR,Western Pacific,YEAR,2019,,,,,,,,,30 000 [27 000-34 000],30000,27000,34000,,2025-11-11T14:30:16Z,2019,2019-01-01,2019-12-31
8775231,TB_e_mort_exc_tbhiv_num,COUNTRY,VUT,WPR,Western Pacific,YEAR,2010,,,,,,,,,96 [71-120],96,71,120,,2025-11-11T14:30:16Z,2010,2010-01-01,2010-12-31
8780317,TB_e_mort_exc_tbhiv_num,COUNTRY,UZB,EUR,Europe,YEAR,2004,,,,,,,,,5200 [3400-7500],5200,3400,7500,,2025-11-11T14:30:16Z,2004,2004-01-01,2004-12-31
8782100,TB_e_mort_exc_tbhiv_num,COUNTRY,BGD,SEAR,South-East Asia,YEAR,2013,,,,,,,,,73 000 [47 000-105 000],73000,47000,105000,,2025-11-11T14:30:16Z,2013,2013-01-01,2013-12-31
8784910,TB_e_mort_exc_tbhiv_num,COUNTRY,OMN,EMR,Eastern Mediterranean,YEAR,2004,,,,,,,,,16 [13-20],16,13,20,,2025-11-11T14:30:16Z,2004,2004-01-01,2004-12-31
8784974,TB_e_mort_exc_tbhiv_num,COUNTRY,ALB,EUR,Europe,YEAR,2024,,,,,,,,,7 [3-11],7,3,11,,2025-11-11T14:30:16Z,2024,2024-01-01,2024-12-31
8786388,TB_e_mort_exc_tbhiv_num,COUNTRY,HKG,,,YEAR,2002,,,,,,,,,270 [270-280],270,270,280,,2025-11-11T14:30:16Z,2002,2002-01-01,2002-12-31
8787641,TB_e_mort_exc_tbhiv_num,COUNTRY,IND,SEAR,South-East Asia,YEAR,2014,,,,,,,,,392 000 [294 000-504 000],392000,294000,504000,,2025-11-11T14:30:16Z,2014,2014-01-01,2014-12-31
8788246,TB_e_mort_exc_tbhiv_num,WORLDBANKINCOMEGROUP,WB_HI,,,YEAR,2016,,,,,,,,,24 000 [24 000-25 000],24000,24000,25000,,2025-11-11T14:30:16Z,2016,2016-01-01,2016-12-31
8791344,TB_e_mort_exc_tbhiv_num,COUNTRY,FJI,WPR,Western Pacific,YEAR,2005,,,,,,,,,30 [27-33],30,27,33,,2025-11-11T14:30:16Z,2005,2005-01-01,2005-12-31
8793262,TB_e_mort_exc_tbhiv_num,COUNTRY,OMN,EMR,Eastern Mediterranean,YEAR,2023,,,,,,,,,18 [13-24],18,13,24,,2025-11-11T14:30:16Z,2023,2023-01-01,2023-12-31
8793599,TB_e_mort_exc_tbhiv_num,COUNTRY,FSM,WPR,Western Pacific,YEAR,2021,,,,,,,,,37 [25-50],37,25,50,,2025-11-11T14:30:16Z,2021,2021-01-01,2021-12-31
8794340,TB_e_mort_exc_tbhiv_num,COUNTRY,PAN,AMR,Americas,YEAR,2006,,,,,,,,,180 [170-190],180,170,190,,2025-11-11T14:30:16Z,2006,2006-01-01,2006-12-31
8794620,TB_e_mort_exc_tbhiv_num,COUNTRY,UKR,EUR,Europe,YEAR,2005,,,,,,,,,12 000 [12 000-13 000],12000,12000,13000,,2025-11-11T14:30:16Z,2005,2005-01-01,2005-12-31
8807067,TB_e_mort_exc_tbhiv_num,COUNTRY,CUB,AMR,Americas,YEAR,2023,,,,,,,,,73 [57-90],73,57,90,,2025-11-11T14:30:16Z,2023,2023-01-01,2023-12-31
8813731,TB_e_mort_exc_tbhiv_num,COUNTRY,LAO,WPR,Western Pacific,YEAR,2019,,,,,,,,,2000 [1200-3000],2000,1200,3000,,2025-11-11T14:30:16Z,2019,2019-01-01,2019-12-31
8818419,TB_e_mort_exc_tbhiv_num,COUNTRY,OMN,EMR,Eastern Mediterranean,YEAR,2013,,,,,,,,,18 [14-22],18,14,22,,2025-11-11T14:30:16Z,2013,2013-01-01,2013-12-31
8818746,TB_e_mort_exc_tbhiv_num,COUNTRY,MDA,EUR,Europe,YEAR,2021,,,,,,,,,140 [140-140],140,140,140,,2025-11-11T14:30:16Z,2021,2021-01-01,2021-12-31
8819133,TB_e_mort_exc_tbhiv_num,REGION,SEAR,,,YEAR,2018,,,,,,,,,452 000 [363 000-549 000],452000,363000,549000,,2025-11-11T14:30:16Z,2018,2018-01-01,2018-12-31
8820299,TB_e_mort_exc_tbhiv_num,COUNTRY,TCD,AFR,Africa,YEAR,2002,,,,,,,,,2100 [1300-3200],2100,1300,3200,,2025-11-11T14:30:16Z,2002,2002-01-01,2002-12-31
8825020,TB_e_mort_exc_tbhiv_num,COUNTRY,IRQ,EMR,Eastern Mediterranean,YEAR,2007,,,,,,,,,1300 [1100-1400],1300,1100,1400,,2025-11-11T14:30:16Z,2007,2007-01-01,2007-12-31
8830045,TB_e_mort_exc_tbhiv_num,COUNTRY,DOM,AMR,Americas,YEAR,2009,,,,,,,,,590 [230-1100],590,230,1100,,2025-11-11T14:30:16Z,2009,2009-01-01,2009-12-31
8830831,TB_e_mort_exc_tbhiv_num,COUNTRY,UZB,EUR,Europe,YEAR,2016,,,,,,,,,2200 [1900-2600],2200,1900,2600,,2025-11-11T14:30:16Z,2016,2016-01-01,2016-12-31
8831067,TB_e_mort_exc_tbhiv_num,COUNTRY,PNG,WPR,Western Pacific,YEAR,2011,,,,,,,,,12 000 [8300-16 000],12000,8300,16000,,2025-11-11T14:30:16Z,2011,2011-01-01,2011-12-31
8835480,TB_e_mort_exc_tbhiv_num,COUNTRY,MLI,AFR,Africa,YEAR,2021,,,,,,,,,2100 [940-3800],2100,940,3800,,2025-11-11T14:30:16Z,2021,2021-01-01,2021-12-31
8841732,TB_e_mort_exc_tbhiv_num,COUNTRY,MDV,SEAR,South-East Asia,YEAR,2019,,,,,,,,,10 [9-11],10,9,11,,2025-11-11T14:30:16Z,2019,2019-01-01,2019-12-31
8842028,TB_e_mort_exc_tbhiv_num,COUNTRY,URY,AMR,Americas,YEAR,2015,,,,,,,,,90 [86-94],90,86,94,,2025-11-11T14:30:16Z,2015,2015-01-01,2015-12-31
8851291,TB_e_mort_exc_tbhiv_num,COUNTRY,URY,AMR,Americas,YEAR,2012,,,,,,,,,46 [43-48],46,43,48,,2025-11-11T14:30:16Z,2012,2012-01-01,2012-12-31
8855435,TB_e_mort_exc_tbhiv_num,COUNTRY,NIC,AMR,Americas,YEAR,2017,,,,,,,,,120 [120-120],120,120,120,,2025-11-11T14:30:16Z,2017,2017-01-01,2017-12-31
8861040,TB_e_mort_exc_tbhiv_num,COUNTRY,EST,EUR,Europe,YEAR,2005,,,,,,,,,52 [51-53],52,51,53,,2025-11-11T14:30:16Z,2005,2005-01-01,2005-12-31
8861411,TB_e_mort_exc_tbhiv_num,COUNTRY,ECU,AMR,Americas,YEAR,2013,,,,,,,,,530 [450-610],530,450,610,,2025-11-11T14:30:16Z,2013,2013-01-01,2013-12-31
8863207,TB_e_mort_exc_tbhiv_num,COUNTRY,CHL,AMR,Americas,YEAR,2011,,,,,,,,,470 [460-470],470,460,470,,2025-11-11T14:30:16Z,2011,2011-01-01,2011-12-31
8876379,TB_e_mort_exc_tbhiv_num,COUNTRY,LBR,AFR,Africa,YEAR,2016,,,,,,,,,2400 [1700-3200],2400,1700,3200,,2025-11-11T14:30:16Z,2016,2016-01-01,2016-12-31
8881411,TB_e_mort_exc_tbhiv_num,COUNTRY,TKM,EUR,Europe,YEAR,2019,,,,,,,,,690 [590-810],690,590,810,,2025-11-11T14:30:16Z,2019,2019-01-01,2019-12-31
8882398,TB_e_mort_exc_tbhiv_num,COUNTRY,SWE,EUR,Europe,YEAR,2011,,,,,,,,,47 [46-48],47,46,48,,2025-11-11T14:30:16Z,2011,2011-01-01,2011-12-31
8889781,TB_e_mort_exc_tbhiv_num,COUNTRY,LAO,WPR,Western Pacific,YEAR,2023,,,,,,,,,680 [340-1100],680,340,1100,,2025-11-11T14:30:16Z,2023,2023-01-01,2023-12-31
8894603,TB_e_mort_exc_tbhiv_num,COUNTRY,BIH,EUR,Europe,YEAR,2003,,,,,,,,,210 [200-230],210,200,230,,2025-11-11T14:30:16Z,2003,2003-01-01,2003-12-31
8895488,TB_e_mort_exc_tbhiv_num,COUNTRY,AUT,EUR,Europe,YEAR,2001,,,,,,,,,56 [56-57],56,56,57,,2025-11-11T14:30:16Z,2001,2001-01-01,2001-12-31
8898784,TB_e_mort_exc_tbhiv_num,COUNTRY,NER,AFR,Africa,YEAR,2019,,,,,,,,,3400 [2000-5100],3400,2000,5100,,2025-11-11T14:30:16Z,2019,2019-01-01,2019-12-31
8898979,TB_e_mort_exc_tbhiv_num,COUNTRY,PAK,EMR,Eastern Mediterranean,YEAR,2021,,,,,,,,,54 000 [43 000-67 000],54000,43000,67000,,2025-11-11T14:30:16Z,2021,2021-01-01,2021-12-31
8899116,TB_e_mort_exc_tbhiv_num,COUNTRY,SUR,AMR,Americas,YEAR,2010,,,,,,,,,17 [16-19],17,16,19,,2025-11-11T14:30:16Z,2010,2010-01-01,2010-12-31
8899729,TB_e_mort_exc_tbhiv_num,COUNTRY,COD,AFR,Africa,YEAR,2003,,,,,,,,,79 000 [32 000-148 000],79000,32000,148000,,2025-11-11T14:30:16Z,2003,2003-01-01,2003-12-31
8901947,TB_e_mort_exc_tbhiv_num,COUNTRY,GUY,AMR,Americas,YEAR,2003,,,,,,,,,96 [87-100],96,87,100,,2025-11-11T14:30:16Z,2003,2003-01-01,2003-12-31
8905056,TB_e_mort_exc_tbhiv_num,COUNTRY,IND,SEAR,South-East Asia,YEAR,2015,,,,,,,,,375 000 [281 000-481 000],375000,281000,481000,,2025-11-11T14:30:16Z,2015,2015-01-01,2015-12-31
8905845,TB_e_mort_exc_tbhiv_num,COUNTRY,AFG,EMR,Eastern Mediterranean,YEAR,2024,,,,,,,,,15 000 [10 000-20 000],15000,10000,20000,,2025-11-11T14:30:16Z,2024,2024-01-01,2024-12-31
8906663,TB_e_mort_exc_tbhiv_num,COUNTRY,BGR,EUR,Europe,YEAR,2007,,,,,,,,,300 [290-310],300,290,310,,2025-11-11T14:30:16Z,2007,2007-01-01,2007-12-31
8911519,TB_e_mort_exc_tbhiv_num,COUNTRY,COM,AFR,Africa,YEAR,2001,,,,,,,,,59 [23-110],59,23,110,,2025-11-11T14:30:16Z,2001,2001-01-01,2001-12-31
8912047,TB_e_mort_exc_tbhiv_num,COUNTRY,POL,EUR,Europe,YEAR,2017,,,,,,,,,560 [530-590],560,530,590,,2025-11-11T14:30:16Z,2017,2017-01-01,2017-12-31
8918910,TB_e_mort_exc_tbhiv_num,COUNTRY,AUS,WPR,Western Pacific,YEAR,2009,,,,,,,,,56 [56-57],56,56,57,,2025-11-11T14:30:16Z,2009,2009-01-01,2009-12-31
8921508,TB_e_mort_exc_tbhiv_num,COUNTRY,SLB,WPR,Western Pacific,YEAR,2019,,,,,,,,,200 [140-280],200,140,280,,2025-11-11T14:30:16Z,2019,2019-01-01,2019-12-31
8925583,TB_e_mort_exc_tbhiv_num,COUNTRY,CAN,AMR,Americas,YEAR,2021,,,,,,,,,120 [120-120],120,120,120,,2025-11-11T14:30:16Z,2021,2021-01-01,2021-12-31
8927233,TB_e_mort_exc_tbhiv_num,COUNTRY,IDN,WPR,Western Pacific,YEAR,2023,,,,,,,,,125 000 [109 000-142 000],125000,109000,142000,,2025-11-11T14:30:16Z,2023,2023-01-01,2023-12-31
8932456,TB_e_mort_exc_tbhiv_num,COUNTRY,UZB,EUR,Europe,YEAR,2019,,,,,,,,,1100 [1000-1200],1100,1000,1200,,2025-11-11T14:30:16Z,2019,2019-01-01,2019-12-31
8934262,TB_e_mort_exc_tbhiv_num,COUNTRY,HUN,EUR,Europe,YEAR,2004,,,,,,,,,300 [300-300],300,300,300,,2025-11-11T14:30:16Z,2004,2004-01-01,2004-12-31
8934388,TB_e_mort_exc_tbhiv_num,COUNTRY,TCD,AFR,Africa,YEAR,2023,,,,,,,,,3300 [2100-4800],3300,2100,4800,,2025-11-11T14:30:16Z,2023,2023-01-01,2023-12-31
8937504,TB_e_mort_exc_tbhiv_num,COUNTRY,USA,AMR,Americas,YEAR,2005,,,,,,,,,730 [720-730],730,720,730,,2025-11-11T14:30:16Z,2005,2005-01-01,2005-12-31
8938606,TB_e_mort_exc_tbhiv_num,COUNTRY,BEN,AFR,Africa,YEAR,2003,,,,,,,,,1200 [680-2000],1200,680,2000,,2025-11-11T14:30:16Z,2003,2003-01-01,2003-12-31
8938642,TB_e_mort_exc_tbhiv_num,COUNTRY,DZA,AFR,Africa,YEAR,2023,,,,,,,,,3300 [2200-4600],3300,2200,4600,,2025-11-11T14:30:16Z,2023,2023-01-01,2023-12-31
8939656,TB_e_mort_exc_tbhiv_num,REGION,EMR,,,YEAR,2001,,,,,,,,,110 000 [99 000-122 000],110000,99000,122000,,2025-11-11T14:30:16Z,2001,2001-01-01,2001-12-31
8939732,TB_e_mort_exc_tbhiv_num,COUNTRY,BTN,SEAR,South-East Asia,YEAR,2002,,,,,,,,,1200 [830-1600],1200,830,1600,,2025-11-11T14:30:16Z,2002,2002-01-01,2002-12-31
8943168,TB_e_mort_exc_tbhiv_num,COUNTRY,VNM,WPR,Western Pacific,YEAR,2004,,,,,,,,,23 000 [13 000-34 000],23000,13000,34000,,2025-11-11T14:30:16Z,2004,2004-01-01,2004-12-31
8951871,TB_e_mort_exc_tbhiv_num,COUNTRY,BEN,AFR,Africa,YEAR,2007,,,,,,,,,1500 [920-2300],1500,920,2300,,2025-11-11T14:30:16Z,2007,2007-01-01,2007-12-31
8969485,TB_e_mort_exc_tbhiv_num,COUNTRY,FSM,WPR,Western Pacific,YEAR,2020,,,,,,,,,48 [33-66],48,33,66,,2025-11-11T14:30:16Z,2020,2020-01-01,2020-12-31
8970347,TB_e_mort_exc_tbhiv_num,COUNTRY,MNG,WPR,Western Pacific,YEAR,2009,,,,,,,,,350 [320-380],350,320,380,,2025-11-11T14:30:16Z,2009,2009-01-01,2009-12-31
8970420,TB_e_mort_exc_tbhiv_num,COUNTRY,AUT,EUR,Europe,YEAR,2018,,,,,,,,,48 [47-48],48,47,48,,2025-11-11T14:30:16Z,2018,2018-01-01,2018-12-31
8971414,TB_e_mort_exc_tbhiv_num,COUNTRY,RUS,EUR,Europe,YEAR,2022,,,,,,,,,5700 [4800-6700],5700,4800,6700,,2025-11-11T14:30:16Z,2022,2022-01-01,2022-12-31
8971461,TB_e_mort_exc_tbhiv_num,COUNTRY,GHA,AFR,Africa,YEAR,2018,,,,,,,,,11 000 [5000-20 000],11000,5000,20000,,2025-11-11T14:30:16Z,2018,2018-01-01,2018-12-31
8974719,TB_e_mort_exc_tbhiv_num,COUNTRY,IDN,WPR,Western Pacific,YEAR,2019,,,,,,,,,92 000 [86 000-99 000],92000,86000,99000,,2025-11-11T14:30:16Z,2019,2019-01-01,2019-12-31
8976755,TB_e_mort_exc_tbhiv_num,REGION,EUR,,,YEAR,2014,,,,,,,,,34 000 [33 000-35 000],34000,33000,35000,,2025-11-11T14:30:16Z,2014,2014-01-01,2014-12-31
8982895,TB_e_mort_exc_tbhiv_num,COUNTRY,SOM,EMR,Eastern Mediterranean,YEAR,2016,,,,,,,,,5600 [3900-7600],5600,3900,7600,,2025-11-11T14:30:16Z,2016,2016-01-01,2016-12-31
8984314,TB_e_mort_exc_tbhiv_num,COUNTRY,SWE,EUR,Europe,YEAR,2015,,,,,,,,,25 [25-26],25,25,26,,2025-11-11T14:30:16Z,2015,2015-01-01,2015-12-31
8984414,TB_e_mort_exc_tbhiv_num,COUNTRY,HKG,,,YEAR,2012,,,,,,,,,210 [210-210],210,210,210,,2025-11-11T14:30:16Z,2012,2012-01-01,2012-12-31
8984702,TB_e_mort_exc_tbhiv_num,COUNTRY,BWA,AFR,Africa,YEAR,2013,,,,,,,,,750 [470-1100],750,470,1100,,2025-11-11T14:30:16Z,2013,2013-01-01,2013-12-31
8989119,TB_e_mort_exc_tbhiv_num,COUNTRY,COG,AFR,Africa,YEAR,2000,,,,,,,,,1700 [1100-2500],1700,1100,2500,,2025-11-11T14:30:16Z,2000,2000-01-01,2000-12-31
8989554,TB_e_mort_exc_tbhiv_num,COUNTRY,TLS,SEAR,South-East Asia,YEAR,2021,,,,,,,,,1000 [740-1300],1000,740,1300,,2025-11-11T14:30:16Z,2021,2021-01-01,2021-12-31
8990339,TB_e_mort_exc_tbhiv_num,COUNTRY,UKR,EUR,Europe,YEAR,2014,,,,,,,,,5700 [5500-5900],5700,5500,5900,,2025-11-11T14:30:16Z,2014,2014-01-01,2014-12-31
8991153,TB_e_mort_exc_tbhiv_num,COUNTRY,UKR,EUR,Europe,YEAR,2019,,,,,,,,,3800 [3600-4000],3800,3600,4000,,2025-11-11T14:30:16Z,2019,2019-01-01,2019-12-31
8991195,TB_e_mort_exc_tbhiv_num,COUNTRY,SSD,AFR,Africa,YEAR,2011,,,,,,,,,13 000 [5600-24 000],13000,5600,24000,,2025-11-11T14:30:16Z,2011,2011-01-01,2011-12-31
8993859,TB_e_mort_exc_tbhiv_num,COUNTRY,ESP,EUR,Europe,YEAR,2013,,,,,,,,,300 [290-300],300,290,300,,2025-11-11T14:30:16Z,2013,2013-01-01,2013-12-31
8995806,TB_e_mort_exc_tbhiv_num,COUNTRY,IRN,EMR,Eastern Mediterranean,YEAR,2004,,,,,,,,,620 [540-710],620,540,710,,2025-11-11T14:30:16Z,2004,2004-01-01,2004-12-31
9003400,TB_e_mort_exc_tbhiv_num,COUNTRY,HTI,AMR,Americas,YEAR,2004,,,,,,,,,1300 [910-1700],1300,910,1700,,2025-11-11T14:30:16Z,2004,2004-01-01,2004-12-31
9006744,TB_e_mort_exc_tbhiv_num,COUNTRY,FRA,EUR,Europe,YEAR,2019,,,,,,,,,360 [340-390],360,340,390,,2025-11-11T14:30:16Z,2019,2019-01-01,2019-12-31
9009104,TB_e_mort_exc_tbhiv_num,COUNTRY,BDI,AFR,Africa,YEAR,2024,,,,,,,,,1700 [930-2600],1700,930,2600,,2025-11-11T14:30:16Z,2024,2024-01-01,2024-12-31
9009598,TB_e_mort_exc_tbhiv_num,GLOBAL,GLOBAL,,,YEAR,2003,,,,,,,,,1 880 000 [1 680 000-2 100 000],1880000,1680000,2100000,,2025-11-11T14:30:16Z,2003,2003-01-01,2003-12-31
9009775,TB_e_mort_exc_tbhiv_num,COUNTRY,KGZ,EUR,Europe,YEAR,2021,,,,,,,,,310 [280-340],310,280,340,,2025-11-11T14:30:16Z,2021,2021-01-01,2021-12-31
9015689,TB_e_mort_exc_tbhiv_num,COUNTRY,SVN,EUR,Europe,YEAR,2013,,,,,,,,,9 [9-9],9,9,9,,2025-11-11T14:30:16Z,2013,2013-01-01,2013-12-31
9016822,TB_e_mort_exc_tbhiv_num,COUNTRY,MRT,AFR,Africa,YEAR,2007,,,,,,,,,1100 [730-1400],1100,730,1400,,2025-11-11T14:30:16Z,2007,2007-01-01,2007-12-31
9019929,TB_e_mort_exc_tbhiv_num,COUNTRY,NZL,WPR,Western Pacific,YEAR,2012,,,,,,,,,10 [10-10],10,10,10,,2025-11-11T14:30:16Z,2012,2012-01-01,2012-12-31
9020529,TB_e_mort_exc_tbhiv_num,COUNTRY,IRN,EMR,Eastern Mediterranean,YEAR,2002,,,,,,,,,600 [520-690],600,520,690,,2025-11-11T14:30:16Z,2002,2002-01-01,2002-12-31
9020631,TB_e_mort_exc_tbhiv_num,WORLDBANKINCOMEGROUP,WB_HI,,,YEAR,2008,,,,,,,,,43 000 [42 000-44 000],43000,42000,44000,,2025-11-11T14:30:16Z,2008,2008-01-01,2008-12-31
9022497,TB_e_mort_exc_tbhiv_num,COUNTRY,BTN,SEAR,South-East Asia,YEAR,2022,,,,,,,,,250 [180-350],250,180,350,,2025-11-11T14:30:16Z,2022,2022-01-01,2022-12-31
9025873,TB_e_mort_exc_tbhiv_num,COUNTRY,CUB,AMR,Americas,YEAR,2015,,,,,,,,,49 [49-50],49,49,50,,2025-11-11T14:30:16Z,2015,2015-01-01,2015-12-31
9031860,TB_e_mort_exc_tbhiv_num,COUNTRY,GNB,AFR,Africa,YEAR,2014,,,,,,,,,450 [310-620],450,310,620,,2025-11-11T14:30:16Z,2014,2014-01-01,2014-12-31
9033807,TB_e_mort_exc_tbhiv_num,COUNTRY,BIH,EUR,Europe,YEAR,2000,,,,,,,,,210 [190-220],210,190,220,,2025-11-11T14:30:16Z,2000,2000-01-01,2000-12-31
9044753,TB_e_mort_exc_tbhiv_num,COUNTRY,CYP,EUR,Europe,YEAR,2015,,,,,,,,,2 [2-3],2,2,3,,2025-11-11T14:30:16Z,2015,2015-01-01,2015-12-31
9045100,TB_e_mort_exc_tbhiv_num,COUNTRY,PHL,WPR,Western Pacific,YEAR,2021,,,,,,,,,41 000 [36 000-46 000],41000,36000,46000,,2025-11-11T14:30:16Z,2021,2021-01-01,2021-12-31
9050758,TB_e_mort_exc_tbhiv_num,COUNTRY,KOR,WPR,Western Pacific,YEAR,2019,,,,,,,,,1900 [1800-2000],1900,1800,2000,,2025-11-11T14:30:16Z,2019,2019-01-01,2019-12-31
9051256,TB_e_mort_exc_tbhiv_num,COUNTRY,BLZ,AMR,Americas,YEAR,2006,,,,,,,,,15 [15-15],15,15,15,,2025-11-11T14:30:16Z,2006,2006-01-01,2006-12-31
9051978,TB_e_mort_exc_tbhiv_num,COUNTRY,FJI,WPR,Western Pacific,YEAR,2021,,,,,,,,,40 [40-41],40,40,41,,2025-11-11T14:30:16Z,2021,2021-01-01,2021-12-31
9052267,TB_e_mort_exc_tbhiv_num,COUNTRY,JPN,WPR,Western Pacific,YEAR,2022,,,,,,,,,3200 [3000-3400],3200,3000,3400,,2025-11-11T14:30:16Z,2022,2022-01-01,2022-12-31
9058953,TB_e_mort_exc_tbhiv_num,COUNTRY,MNG,WPR,Western Pacific,YEAR,2008,,,,,,,,,370 [340-410],370,340,410,,2025-11-11T14:30:16Z,2008,2008-01-01,2008-12-31
9059870,TB_e_mort_exc_tbhiv_num,COUNTRY,RWA,AFR,Africa,YEAR,2019,,,,,,,,,630 [410-910],630,410,910,,2025-11-11T14:30:16Z,2019,2019-01-01,2019-12-31
9067138,TB_e_mort_exc_tbhiv_num,COUNTRY,UZB,EUR,Europe,YEAR,2009,,,,,,,,,4000 [2700-5500],4000,2700,5500,,2025-11-11T14:30:16Z,2009,2009-01-01,2009-12-31
9071027,TB_e_mort_exc_tbhiv_num,COUNTRY,BRN,WPR,Western Pacific,YEAR,2017,,,,,,,,,18 [18-19],18,18,19,,2025-11-11T14:30:16Z,2017,2017-01-01,2017-12-31
9072469,TB_e_mort_exc_tbhiv_num,COUNTRY,HKG,,,YEAR,2003,,,,,,,,,280 [280-280],280,280,280,,2025-11-11T14:30:16Z,2003,2003-01-01,2003-12-31
9073629,TB_e_mort_exc_tbhiv_num,COUNTRY,BHR,EMR,Eastern Mediterranean,YEAR,2017,,,,,,,,,8 [7-8],8,7,8,,2025-11-11T14:30:16Z,2017,2017-01-01,2017-12-31
9077007,TB_e_mort_exc_tbhiv_num,COUNTRY,JOR,EMR,Eastern Mediterranean,YEAR,2015,,,,,,,,,7 [6-8],7,6,8,,2025-11-11T14:30:16Z,2015,2015-01-01,2015-12-31
9077367,TB_e_mort_exc_tbhiv_num,COUNTRY,NLD,EUR,Europe,YEAR,2003,,,,,,,,,76 [74-78],76,74,78,,2025-11-11T14:30:16Z,2003,2003-01-01,2003-12-31
9077390,TB_e_mort_exc_tbhiv_num,COUNTRY,SWZ,AFR,Africa,YEAR,2003,,,,,,,,,830 [300-1600],830,300,1600,,2025-11-11T14:30:16Z,2003,2003-01-01,2003-12-31
9079560,TB_e_mort_exc_tbhiv_num,REGION,WPR,,,YEAR,2017,,,,,,,,,201 000 [191 000-211 000],201000,191000,211000,,2025-11-11T14:30:16Z,2017,2017-01-01,2017-12-31
9084939,TB_e_mort_exc_tbhiv_num,COUNTRY,CHE,EUR,Europe,YEAR,2018,,,,,,,,,25 [25-26],25,25,26,,2025-11-11T14:30:16Z,2018,2018-01-01,2018-12-31
9089355,TB_e_mort_exc_tbhiv_num,COUNTRY,SUR,AMR,Americas,YEAR,2003,,,,,,,,,11 [10-13],11,10,13,,2025-11-11T14:30:16Z,2003,2003-01-01,2003-12-31
9089700,TB_e_mort_exc_tbhiv_num,COUNTRY,MDG,AFR,Africa,YEAR,2022,,,,,,,,,10 000 [7100-14 000],10000,7100,14000,,2025-11-11T14:30:16Z,2022,2022-01-01,2022-12-31
9099044,TB_e_mort_exc_tbhiv_num,COUNTRY,PAK,EMR,Eastern Mediterranean,YEAR,2024,,,,,,,,,51 000 [39 000-64 000],51000,39000,64000,,2025-11-11T14:30:16Z,2024,2024-01-01,2024-12-31
9104866,TB_e_mort_exc_tbhiv_num,COUNTRY,DJI,EMR,Eastern Mediterranean,YEAR,2010,,,,,,,,,3600 [2200-5300],3600,2200,5300,,2025-11-11T14:30:16Z,2010,2010-01-01,2010-12-31
9109482,TB_e_mort_exc_tbhiv_num,COUNTRY,IRL,EUR,Europe,YEAR,2015,,,,,,,,,18 [18-18],18,18,18,,2025-11-11T14:30:16Z,2015,2015-01-01,2015-12-31
9114654,TB_e_mort_exc_tbhiv_num,COUNTRY,SOM,EMR,Eastern Mediterranean,YEAR,2013,,,,,,,,,5000 [3500-6800],5000,3500,6800,,2025-11-11T14:30:16Z,2013,2013-01-01,2013-12-31
9115719,TB_e_mort_exc_tbhiv_num,COUNTRY,GHA,AFR,Africa,YEAR,2024,,,,,,,,,9300 [3900-17 000],9300,3900,17000,,2025-11-11T14:30:16Z,2024,2024-01-01,2024-12-31
9116345,TB_e_mort_exc_tbhiv_num,COUNTRY,LUX,EUR,Europe,YEAR,2010,,,,,,,,,1 [1-1],1,1,1,,2025-11-11T14:30:16Z,2010,2010-01-01,2010-12-31
9121098,TB_e_mort_exc_tbhiv_num,COUNTRY,BOL,AMR,Americas,YEAR,2005,,,,,,,,,1900 [1500-2300],1900,1500,2300,,2025-11-11T14:30:16Z,2005,2005-01-01,2005-12-31
9122623,TB_e_mort_exc_tbhiv_num,COUNTRY,GMB,AFR,Africa,YEAR,2014,,,,,,,,,430 [280-610],430,280,610,,2025-11-11T14:30:16Z,2014,2014-01-01,2014-12-31
9122677,TB_e_mort_exc_tbhiv_num,COUNTRY,LAO,WPR,Western Pacific,YEAR,2000,,,,,,,,,6900 [4000-10 000],6900,4000,10000,,2025-11-11T14:30:16Z,2000,2000-01-01,2000-12-31
9123351,TB_e_mort_exc_tbhiv_num,COUNTRY,TKM,EUR,Europe,YEAR,2020,,,,,,,,,710 [600-830],710,600,830,,2025-11-11T14:30:16Z,2020,2020-01-01,2020-12-31
9123905,TB_e_mort_exc_tbhiv_num,COUNTRY,GNQ,AFR,Africa,YEAR,2010,,,,,,,,,730 [300-1300],730,300,1300,,2025-11-11T14:30:16Z,2010,2010-01-01,2010-12-31
9128579,TB_e_mort_exc_tbhiv_num,COUNTRY,ARE,EMR,Eastern Mediterranean,YEAR,2013,,,,,,,,,53 [30-81],53,30,81,,2025-11-11T14:30:16Z,2013,2013-01-01,2013-12-31
9128672,TB_e_mort_exc_tbhiv_num,COUNTRY,HTI,AMR,Americas,YEAR,2023,,,,,,,,,920 [580-1300],920,580,1300,,2025-11-11T14:30:16Z,2023,2023-01-01,2023-12-31
9134921,TB_e_mort_exc_tbhiv_num,COUNTRY,NPL,SEAR,South-East Asia,YEAR,2019,,,,,,,,,16 000 [9000-26 000],16000,9000,26000,,2025-11-11T14:30:16Z,2019,2019-01-01,2019-12-31
9139597,TB_e_mort_exc_tbhiv_num,COUNTRY,THA,SEAR,South-East Asia,YEAR,2015,,,,,,,,,9900 [7300-13 000],9900,7300,13000,,2025-11-11T14:30:16Z,2015,2015-01-01,2015-12-31
9139908,TB_e_mort_exc_tbhiv_num,COUNTRY,CPV,AFR,Africa,YEAR,2004,,,,,,,,,30 [26-35],30,26,35,,2025-11-11T14:30:16Z,2004,2004-01-01,2004-12-31
9143031,TB_e_mort_exc_tbhiv_num,COUNTRY,PER,AMR,Americas,YEAR,2011,,,,,,,,,2100 [1700-2400],2100,1700,2400,,2025-11-11T14:30:16Z,2011,2011-01-01,2011-12-31
9143162,TB_e_mort_exc_tbhiv_num,COUNTRY,IND,SEAR,South-East Asia,YEAR,2004,,,,,,,,,624 000 [468 000-802 000],624000,468000,802000,,2025-11-11T14:30:16Z,2004,2004-01-01,2004-12-31
9143473,TB_e_mort_exc_tbhiv_num,COUNTRY,SDN,EMR,Eastern Mediterranean,YEAR,2009,,,,,,,,,12 000 [6000-20 000],12000,6000,20000,,2025-11-11T14:30:16Z,2009,2009-01-01,2009-12-31
9153051,TB_e_mort_exc_tbhiv_num,COUNTRY,HRV,EUR,Europe,YEAR,2013,,,,,,,,,54 [53-54],54,53,54,,2025-11-11T14:30:16Z,2013,2013-01-01,2013-12-31
9153098,TB_e_mort_exc_tbhiv_num,COUNTRY,KHM,WPR,Western Pacific,YEAR,2019,,,,,,,,,2800 [1400-4800],2800,1400,4800,,2025-11-11T14:30:16Z,2019,2019-01-01,2019-12-31
9154950,TB_e_mort_exc_tbhiv_num,COUNTRY,VEN,AMR,Americas,YEAR,2001,,,,,,,,,770 [770-780],770,770,780,,2025-11-11T14:30:16Z,2001,2001-01-01,2001-12-31
9166966,TB_e_mort_exc_tbhiv_num,COUNTRY,PAK,EMR,Eastern Mediterranean,YEAR,2022,,,,,,,,,49 000 [38 000-62 000],49000,38000,62000,,2025-11-11T14:30:16Z,2022,2022-01-01,2022-12-31
9167145,TB_e_mort_exc_tbhiv_num,COUNTRY,STP,AFR,Africa,YEAR,2015,,,,,,,,,69 [47-95],69,47,95,,2025-11-11T14:30:16Z,2015,2015-01-01,2015-12-31
9167577,TB_e_mort_exc_tbhiv_num,COUNTRY,MLI,AFR,Africa,YEAR,2001,,,,,,,,,1600 [790-2600],1600,790,2600,,2025-11-11T14:30:16Z,2001,2001-01-01,2001-12-31
9167892,TB_e_mort_exc_tbhiv_num,COUNTRY,GIN,AFR,Africa,YEAR,2008,,,,,,,,,3100 [2000-4300],3100,2000,4300,,2025-11-11T14:30:16Z,2008,2008-01-01,2008-12-31
9168082,TB_e_mort_exc_tbhiv_num,COUNTRY,GEO,EUR,Europe,YEAR,2006,,,,,,,,,230 [200-250],230,200,250,,2025-11-11T14:30:16Z,2006,2006-01-01,2006-12-31
9178381,TB_e_mort_exc_tbhiv_num,COUNTRY,BRN,WPR,Western Pacific,YEAR,2013,,,,,,,,,19 [19-20],19,19,20,,2025-11-11T14:30:16Z,2013,2013-01-01,2013-12-31
9179336,TB_e_mort_exc_tbhiv_num,COUNTRY,GTM,AMR,Americas,YEAR,2001,,,,,,,,,520 [480-560],520,480,560,,2025-11-11T14:30:16Z,2001,2001-01-01,2001-12-31
9181123,TB_e_mort_exc_tbhiv_num,COUNTRY,CPV,AFR,Africa,YEAR,2005,,,,,,,,,31 [26-36],31,26,36,,2025-11-11T14:30:16Z,2005,2005-01-01,2005-12-31
9185654,TB_e_mort_exc_tbhiv_num,REGION,EMR,,,YEAR,2013,,,,,,,,,87 000 [76 000-98 000],87000,76000,98000,,2025-11-11T14:30:16Z,2013,2013-01-01,2013-12-31
9190699,TB_e_mort_exc_tbhiv_num,COUNTRY,VEN,AMR,Americas,YEAR,2008,,,,,,,,,660 [660-670],660,660,670,,2025-11-11T14:30:16Z,2008,2008-01-01,2008-12-31
9192090,TB_e_mort_exc_tbhiv_num,COUNTRY,ARE,EMR,Eastern Mediterranean,YEAR,2012,,,,,,,,,50 [29-78],50,29,78,,2025-11-11T14:30:16Z,2012,2012-01-01,2012-12-31
9193165,TB_e_mort_exc_tbhiv_num,COUNTRY,THA,SEAR,South-East Asia,YEAR,2004,,,,,,,,,12 000 [7100-18 000],12000,7100,18000,,2025-11-11T14:30:16Z,2004,2004-01-01,2004-12-31
9204258,TB_e_mort_exc_tbhiv_num,COUNTRY,MHL,WPR,Western Pacific,YEAR,2009,,,,,,,,,63 [44-86],63,44,86,,2025-11-11T14:30:16Z,2009,2009-01-01,2009-12-31
9209265,TB_e_mort_exc_tbhiv_num,COUNTRY,MLI,AFR,Africa,YEAR,2005,,,,,,,,,2200 [1200-3400],2200,1200,3400,,2025-11-11T14:30:16Z,2005,2005-01-01,2005-12-31
9209873,TB_e_mort_exc_tbhiv_num,WORLDBANKINCOMEGROUP,WB_LI,,,YEAR,2009,,,,,,,,,203 000 [148 000-266 000],203000,148000,266000,,2025-11-11T14:30:16Z,2009,2009-01-01,2009-12-31
9210105,TB_e_mort_exc_tbhiv_num,COUNTRY,TGO,AFR,Africa,YEAR,2018,,,,,,,,,710 [320-1300],710,320,1300,,2025-11-11T14:30:16Z,2018,2018-01-01,2018-12-31
9213116,TB_e_mort_exc_tbhiv_num,COUNTRY,CYP,EUR,Europe,YEAR,2013,,,,,,,,,1 [1-1],1,1,1,,2025-11-11T14:30:16Z,2013,2013-01-01,2013-12-31
9216092,TB_e_mort_exc_tbhiv_num,COUNTRY,SLV,AMR,Americas,YEAR,2023,,,,,,,,,77 [71-83],77,71,83,,2025-11-11T14:30:16Z,2023,2023-01-01,2023-12-31
9217228,TB_e_mort_exc_tbhiv_num,COUNTRY,ERI,AFR,Africa,YEAR,2004,,,,,,,,,4300 [2900-6100],4300,2900,6100,,2025-11-11T14:30:16Z,2004,2004-01-01,2004-12-31
9218940,TB_e_mort_exc_tbhiv_num,COUNTRY,GAB,AFR,Africa,YEAR,2023,,,,,,,,,990 [630-1400],990,630,1400,,2025-11-11T14:30:16Z,2023,2023-01-01,2023-12-31
9232173,TB_e_mort_exc_tbhiv_num,COUNTRY,MDG,AFR,Africa,YEAR,2002,,,,,,,,,9800 [6900-13 000],9800,6900,13000,,2025-11-11T14:30:16Z,2002,2002-01-01,2002-12-31
9235643,TB_e_mort_exc_tbhiv_num,COUNTRY,BIH,EUR,Europe,YEAR,2012,,,,,,,,,170 [160-180],170,160,180,,2025-11-11T14:30:16Z,2012,2012-01-01,2012-12-31
9238082,TB_e_mort_exc_tbhiv_num,COUNTRY,GIN,AFR,Africa,YEAR,2009,,,,,,,,,3800 [2600-5100],3800,2600,5100,,2025-11-11T14:30:16Z,2009,2009-01-01,2009-12-31
9242458,TB_e_mort_exc_tbhiv_num,COUNTRY,UKR,EUR,Europe,YEAR,2022,,,,,,,,,2900 [2800-3000],2900,2800,3000,,2025-11-11T14:30:16Z,2022,2022-01-01,2022-12-31
9243189,TB_e_mort_exc_tbhiv_num,COUNTRY,PNG,WPR,Western Pacific,YEAR,2010,,,,,,,,,11 000 [7600-14 000],11000,7600,14000,,2025-11-11T14:30:16Z,2010,2010-01-01,2010-12-31
9253813,TB_e_mort_exc_tbhiv_num,COUNTRY,GUY,AMR,Americas,YEAR,2023,,,,,,,,,140 [120-160],140,120,160,,2025-11-11T14:30:16Z,2023,2023-01-01,2023-12-31
9256513,TB_e_mort_exc_tbhiv_num,COUNTRY,CZE,EUR,Europe,YEAR,2020,,,,,,,,,24 [24-25],24,24,25,,2025-11-11T14:30:16Z,2020,2020-01-01,2020-12-31
9266368,TB_e_mort_exc_tbhiv_num,COUNTRY,NER,AFR,Africa,YEAR,2021,,,,,,,,,3300 [1800-5100],3300,1800,5100,,2025-11-11T14:30:16Z,2021,2021-01-01,2021-12-31
9267002,TB_e_mort_exc_tbhiv_num,REGION,WPR,,,YEAR,2000,,,,,,,,,351 000 [315 000-388 000],351000,315000,388000,,2025-11-11T14:30:16Z,2000,2000-01-01,2000-12-31
9268218,TB_e_mort_exc_tbhiv_num,COUNTRY,BGD,SEAR,South-East Asia,YEAR,2011,,,,,,,,,82 000 [53 000-118 000],82000,53000,118000,,2025-11-11T14:30:16Z,2011,2011-01-01,2011-12-31
9274530,TB_e_mort_exc_tbhiv_num,COUNTRY,PRT,EUR,Europe,YEAR,2018,,,,,,,,,240 [230-250],240,230,250,,2025-11-11T14:30:16Z,2018,2018-01-01,2018-12-31
9274552,TB_e_mort_exc_tbhiv_num,COUNTRY,PER,AMR,Americas,YEAR,2020,,,,,,,,,2500 [2100-2900],2500,2100,2900,,2025-11-11T14:30:16Z,2020,2020-01-01,2020-12-31
9276365,TB_e_mort_exc_tbhiv_num,COUNTRY,OMN,EMR,Eastern Mediterranean,YEAR,2021,,,,,,,,,16 [12-21],16,12,21,,2025-11-11T14:30:16Z,2021,2021-01-01,2021-12-31
9280310,TB_e_mort_exc_tbhiv_num,COUNTRY,MKD,EUR,Europe,YEAR,2007,,,,,,,,,59 [57-62],59,57,62,,2025-11-11T14:30:16Z,2007,2007-01-01,2007-12-31
9281518,TB_e_mort_exc_tbhiv_num,REGION,WPR,,,YEAR,2022,,,,,,,,,242 000 [223 000-262 000],242000,223000,262000,,2025-11-11T14:30:16Z,2022,2022-01-01,2022-12-31
9282651,TB_e_mort_exc_tbhiv_num,COUNTRY,ERI,AFR,Africa,YEAR,2021,,,,,,,,,930 [640-1300],930,640,1300,,2025-11-11T14:30:16Z,2021,2021-01-01,2021-12-31
9287737,TB_e_mort_exc_tbhiv_num,COUNTRY,JAM,AMR,Americas,YEAR,2010,,,,,,,,,10 [10-10],10,10,10,,2025-11-11T14:30:16Z,2010,2010-01-01,2010-12-31
9287876,TB_e_mort_exc_tbhiv_num,COUNTRY,MDV,SEAR,South-East Asia,YEAR,2011,,,,,,,,,10 [9-11],10,9,11,,2025-11-11T14:30:16Z,2011,2011-01-01,2011-12-31
9305540,TB_e_mort_exc_tbhiv_num,COUNTRY,MHL,WPR,Western Pacific,YEAR,2007,,,,,,,,,90 [62-120],90,62,120,,2025-11-11T14:30:16Z,2007,2007-01-01,2007-12-31
9305576,TB_e_mort_exc_tbhiv_num,COUNTRY,ESP,EUR,Europe,YEAR,2010,,,,,,,,,410 [400-410],410,400,410,,2025-11-11T14:30:16Z,2010,2010-01-01,2010-12-31
9306021,TB_e_mort_exc_tbhiv_num,COUNTRY,EST,EUR,Europe,YEAR,2014,,,,,,,,,29 [28-29],29,28,29,,2025-11-11T14:30:16Z,2014,2014-01-01,2014-12-31
9307543,TB_e_mort_exc_tbhiv_num,COUNTRY,EGY,EMR,Eastern Mediterranean,YEAR,2018,,,,,,,,,450 [410-500],450,410,500,,2025-11-11T14:30:16Z,2018,2018-01-01,2018-12-31
9311777,TB_e_mort_exc_tbhiv_num,COUNTRY,CHN,WPR,Western Pacific,YEAR,2003,,,,,,,,,87 000 [79 000-96 000],87000,79000,96000,,2025-11-11T14:30:16Z,2003,2003-01-01,2003-12-31
9312004,TB_e_mort_exc_tbhiv_num,COUNTRY,CIV,AFR,Africa,YEAR,2018,,,,,,,,,5900 [3900-8200],5900,3900,8200,,2025-11-11T14:30:16Z,2018,2018-01-01,2018-12-31
9313732,TB_e_mort_exc_tbhiv_num,COUNTRY,VEN,AMR,Americas,YEAR,2003,,,,,,,,,760 [760-760],760,760,760,,2025-11-11T14:30:16Z,2003,2003-01-01,2003-12-31
9314521,TB_e_mort_exc_tbhiv_num,COUNTRY,KHM,WPR,Western Pacific,YEAR,2007,,,,,,,,,3800 [1500-7000],3800,1500,7000,,2025-11-11T14:30:16Z,2007,2007-01-01,2007-12-31
9314522,TB_e_mort_exc_tbhiv_num,COUNTRY,JOR,EMR,Eastern Mediterranean,YEAR,2005,,,,,,,,,34 [26-42],34,26,42,,2025-11-11T14:30:16Z,2005,2005-01-01,2005-12-31
9316985,TB_e_mort_exc_tbhiv_num,COUNTRY,LSO,AFR,Africa,YEAR,2024,,,,,,,,,1300 [250-3300],1300,250,3300,,2025-11-11T14:30:16Z,2024,2024-01-01,2024-12-31
9325767,TB_e_mort_exc_tbhiv_num,COUNTRY,BGD,SEAR,South-East Asia,YEAR,2023,,,,,,,,,44 000 [28 000-65 000],44000,28000,65000,,2025-11-11T14:30:16Z,2023,2023-01-01,2023-12-31
9329699,TB_e_mort_exc_tbhiv_num,COUNTRY,TCD,AFR,Africa,YEAR,2008,,,,,,,,,3600 [2300-5200],3600,2300,5200,,2025-11-11T14:30:16Z,2008,2008-01-01,2008-12-31
9329840,TB_e_mort_exc_tbhiv_num,COUNTRY,STP,AFR,Africa,YEAR,2003,,,,,,,,,110 [76-150],110,76,150,,2025-11-11T14:30:16Z,2003,2003-01-01,2003-12-31
9331399,TB_e_mort_exc_tbhiv_num,COUNTRY,MUS,AFR,Africa,YEAR,2004,,,,,,,,,16 [15-17],16,15,17,,2025-11-11T14:30:16Z,2004,2004-01-01,2004-12-31
9331707,TB_e_mort_exc_tbhiv_num,COUNTRY,QAT,EMR,Eastern Mediterranean,YEAR,2002,,,,,,,,,4 [4-5],4,4,5,,2025-11-11T14:30:16Z,2002,2002-01-01,2002-12-31
9332822,TB_e_mort_exc_tbhiv_num,COUNTRY,SLB,WPR,Western Pacific,YEAR,2014,,,,,,,,,230 [160-310],230,160,310,,2025-11-11T14:30:16Z,2014,2014-01-01,2014-12-31
9344187,TB_e_mort_exc_tbhiv_num,COUNTRY,LKA,SEAR,South-East Asia,YEAR,2006,,,,,,,,,1100 [920-1300],1100,920,1300,,2025-11-11T14:30:16Z,2006,2006-01-01,2006-12-31
9344768,TB_e_mort_exc_tbhiv_num,COUNTRY,MWI,AFR,Africa,YEAR,2007,,,,,,,,,3900 [2000-6600],3900,2000,6600,,2025-11-11T14:30:16Z,2007,2007-01-01,2007-12-31
9352117,TB_e_mort_exc_tbhiv_num,COUNTRY,FJI,WPR,Western Pacific,YEAR,2016,,,,,,,,,37 [37-38],37,37,38,,2025-11-11T14:30:16Z,2016,2016-01-01,2016-12-31
9357978,TB_e_mort_exc_tbhiv_num,COUNTRY,BRA,AMR,Americas,YEAR,2006,,,,,,,,,5800 [5500-6200],5800,5500,6200,,2025-11-11T14:30:16Z,2006,2006-01-01,2006-12-31
9361983,TB_e_mort_exc_tbhiv_num,COUNTRY,SAU,EMR,Eastern Mediterranean,YEAR,2006,,,,,,,,,370 [310-430],370,310,430,,2025-11-11T14:30:16Z,2006,2006-01-01,2006-12-31
9363257,TB_e_mort_exc_tbhiv_num,COUNTRY,ALB,EUR,Europe,YEAR,2022,,,,,,,,,10 [6-15],10,6,15,,2025-11-11T14:30:16Z,2022,2022-01-01,2022-12-31
9383837,TB_e_mort_exc_tbhiv_num,COUNTRY,AZE,EUR,Europe,YEAR,2020,,,,,,,,,610 [560-660],610,560,660,,2025-11-11T14:30:16Z,2020,2020-01-01,2020-12-31
9388963,TB_e_mort_exc_tbhiv_num,COUNTRY,BEN,AFR,Africa,YEAR,2001,,,,,,,,,1000 [500-1700],1000,500,1700,,2025-11-11T14:30:16Z,2001,2001-01-01,2001-12-31
9393425,TB_e_mort_exc_tbhiv_num,COUNTRY,LUX,EUR,Europe,YEAR,2011,,,,,,,,,2 [2-2],2,2,2,,2025-11-11T14:30:16Z,2011,2011-01-01,2011-12-31
9393550,TB_e_mort_exc_tbhiv_num,COUNTRY,TUN,EMR,Eastern Mediterranean,YEAR,2017,,,,,,,,,150 [110-190],150,110,190,,2025-11-11T14:30:16Z,2017,2017-01-01,2017-12-31
9394050,TB_e_mort_exc_tbhiv_num,COUNTRY,SLE,AFR,Africa,YEAR,2016,,,,,,,,,6800 [2900-12 000],6800,2900,12000,,2025-11-11T14:30:16Z,2016,2016-01-01,2016-12-31
9395747,TB_e_mort_exc_tbhiv_num,COUNTRY,CRI,AMR,Americas,YEAR,2016,,,,,,,,,33 [32-33],33,32,33,,2025-11-11T14:30:16Z,2016,2016-01-01,2016-12-31
9396936,TB_e_mort_exc_tbhiv_num,COUNTRY,BRN,WPR,Western Pacific,YEAR,2019,,,,,,,,,18 [17-18],18,17,18,,2025-11-11T14:30:16Z,2019,2019-01-01,2019-12-31
9399473,TB_e_mort_exc_tbhiv_num,COUNTRY,CMR,AFR,Africa,YEAR,2022,,,,,,,,,5800 [3900-8200],5800,3900,8200,,2025-11-11T14:30:16Z,2022,2022-01-01,2022-12-31
9401985,TB_e_mort_exc_tbhiv_num,COUNTRY,CHL,AMR,Americas,YEAR,2023,,,,,,,,,310 [270-340],310,270,340,,2025-11-11T14:30:16Z,2023,2023-01-01,2023-12-31
9414235,TB_e_mort_exc_tbhiv_num,COUNTRY,ZAF,AFR,Africa,YEAR,2002,,,,,,,,,30 000 [29 000-31 000],30000,29000,31000,,2025-11-11T14:30:16Z,2002,2002-01-01,2002-12-31
9420594,TB_e_mort_exc_tbhiv_num,COUNTRY,ECU,AMR,Americas,YEAR,2015,,,,,,,,,560 [490-640],560,490,640,,2025-11-11T14:30:16Z,2015,2015-01-01,2015-12-31
9421613,TB_e_mort_exc_tbhiv_num,COUNTRY,PRT,EUR,Europe,YEAR,2009,,,,,,,,,290 [270-310],290,270,310,,2025-11-11T14:30:16Z,2009,2009-01-01,2009-12-31
9425960,TB_e_mort_exc_tbhiv_num,WORLDBANKINCOMEGROUP,WB_UMI,,,YEAR,2001,,,,,,,,,321 000 [293 000-349 000],321000,293000,349000,,2025-11-11T14:30:16Z,2001,2001-01-01,2001-12-31
9426354,TB_e_mort_exc_tbhiv_num,COUNTRY,IRL,EUR,Europe,YEAR,2017,,,,,,,,,16 [16-16],16,16,16,,2025-11-11T14:30:16Z,2017,2017-01-01,2017-12-31
9428704,TB_e_mort_exc_tbhiv_num,COUNTRY,CIV,AFR,Africa,YEAR,2019,,,,,,,,,5500 [3700-7800],5500,3700,7800,,2025-11-11T14:30:16Z,2019,2019-01-01,2019-12-31
9433648,TB_e_mort_exc_tbhiv_num,COUNTRY,PNG,WPR,Western Pacific,YEAR,2004,,,,,,,,,14 000 [10 000-19 000],14000,10000,19000,,2025-11-11T14:30:16Z,2004,2004-01-01,2004-12-31
9433707,TB_e_mort_exc_tbhiv_num,COUNTRY,IRN,EMR,Eastern Mediterranean,YEAR,2022,,,,,,,,,900 [870-930],900,870,930,,2025-11-11T14:30:16Z,2022,2022-01-01,2022-12-31
9438384,TB_e_mort_exc_tbhiv_num,COUNTRY,NOR,EUR,Europe,YEAR,2000,,,,,,,,,56 [54-57],56,54,57,,2025-11-11T14:30:16Z,2000,2000-01-01,2000-12-31
9439632,TB_e_mort_exc_tbhiv_num,COUNTRY,SLV,AMR,Americas,YEAR,2000,,,,,,,,,130 [120-150],130,120,150,,2025-11-11T14:30:16Z,2000,2000-01-01,2000-12-31
9444255,TB_e_mort_exc_tbhiv_num,COUNTRY,BGR,EUR,Europe,YEAR,2019,,,,,,,,,110 [100-120],110,100,120,,2025-11-11T14:30:16Z,2019,2019-01-01,2019-12-31
9445519,TB_e_mort_exc_tbhiv_num,COUNTRY,BRA,AMR,Americas,YEAR,2018,,,,,,,,,5100 [4900-5200],5100,4900,5200,,2025-11-11T14:30:16Z,2018,2018-01-01,2018-12-31
9445797,TB_e_mort_exc_tbhiv_num,COUNTRY,SUR,AMR,Americas,YEAR,2008,,,,,,,,,15 [14-17],15,14,17,,2025-11-11T14:30:16Z,2008,2008-01-01,2008-12-31
9446208,TB_e_mort_exc_tbhiv_num,COUNTRY,LUX,EUR,Europe,YEAR,2022,,,,,,,,,1 [1-1],1,1,1,,2025-11-11T14:30:16Z,2022,2022-01-01,2022-12-31
9446243,TB_e_mort_exc_tbhiv_num,REGION,AMR,,,YEAR,2019,,,,,,,,,18 000 [17 000-19 000],18000,17000,19000,,2025-11-11T14:30:16Z,2019,2019-01-01,2019-12-31
9452879,TB_e_mort_exc_tbhiv_num,COUNTRY,SRB,EUR,Europe,YEAR,2021,,,,,,,,,42 [39-45],42,39,45,,2025-11-11T14:30:16Z,2021,2021-01-01,2021-12-31
9458161,TB_e_mort_exc_tbhiv_num,COUNTRY,CHL,AMR,Americas,YEAR,2019,,,,,,,,,300 [300-310],300,300,310,,2025-11-11T14:30:16Z,2019,2019-01-01,2019-12-31
9465634,TB_e_mort_exc_tbhiv_num,COUNTRY,GEO,EUR,Europe,YEAR,2021,,,,,,,,,64 [60-68],64,60,68,,2025-11-11T14:30:16Z,2021,2021-01-01,2021-12-31
9466280,TB_e_mort_exc_tbhiv_num,COUNTRY,ARE,EMR,Eastern Mediterranean,YEAR,2006,,,,,,,,,55 [36-78],55,36,78,,2025-11-11T14:30:16Z,2006,2006-01-01,2006-12-31
9469782,TB_e_mort_exc_tbhiv_num,COUNTRY,JOR,EMR,Eastern Mediterranean,YEAR,2020,,,,,,,,,9 [8-11],9,8,11,,2025-11-11T14:30:16Z,2020,2020-01-01,2020-12-31
9469958,TB_e_mort_exc_tbhiv_num,COUNTRY,ESP,EUR,Europe,YEAR,2022,,,,,,,,,170 [170-180],170,170,180,,2025-11-11T14:30:16Z,2022,2022-01-01,2022-12-31
9472135,TB_e_mort_exc_tbhiv_num,REGION,AFR,,,YEAR,2008,,,,,,,,,453 000 [372 000-541 000],453000,372000,541000,,2025-11-11T14:30:16Z,2008,2008-01-01,2008-12-31
9476138,TB_e_mort_exc_tbhiv_num,COUNTRY,MKD,EUR,Europe,YEAR,2017,,,,,,,,,11 [10-11],11,10,11,,2025-11-11T14:30:16Z,2017,2017-01-01,2017-12-31
9484698,TB_e_mort_exc_tbhiv_num,COUNTRY,GNQ,AFR,Africa,YEAR,2005,,,,,,,,,550 [200-1100],550,200,1100,,2025-11-11T14:30:16Z,2005,2005-01-01,2005-12-31
9484799,TB_e_mort_exc_tbhiv_num,COUNTRY,AGO,AFR,Africa,YEAR,2020,,,,,,,,,21 000 [12 000-32 000],21000,12000,32000,,2025-11-11T14:30:16Z,2020,2020-01-01,2020-12-31
9488356,TB_e_mort_exc_tbhiv_num,COUNTRY,MRT,AFR,Africa,YEAR,2000,,,,,,,,,1200 [830-1600],1200,830,1600,,2025-11-11T14:30:16Z,2000,2000-01-01,2000-12-31
9488963,TB_e_mort_exc_tbhiv_num,COUNTRY,CHL,AMR,Americas,YEAR,2014,,,,,,,,,390 [380-390],390,380,390,,2025-11-11T14:30:16Z,2014,2014-01-01,2014-12-31
9503220,TB_e_mort_exc_tbhiv_num,COUNTRY,IRL,EUR,Europe,YEAR,2002,,,,,,,,,43 [39-47],43,39,47,,2025-11-11T14:30:16Z,2002,2002-01-01,2002-12-31
9503269,TB_e_mort_exc_tbhiv_num,COUNTRY,MNG,WPR,Western Pacific,YEAR,2001,,,,,,,,,490 [450-540],490,450,540,,2025-11-11T14:30:16Z,2001,2001-01-01,2001-12-31
9507936,TB_e_mort_exc_tbhiv_num,COUNTRY,MYS,WPR,Western Pacific,YEAR,2011,,,,,,,,,1700 [850-2700],1700,850,2700,,2025-11-11T14:30:16Z,2011,2011-01-01,2011-12-31
9513927,TB_e_mort_exc_tbhiv_num,COUNTRY,PNG,WPR,Western Pacific,YEAR,2008,,,,,,,,,11 000 [7600-14 000],11000,7600,14000,,2025-11-11T14:30:16Z,2008,2008-01-01,2008-12-31
9515831,TB_e_mort_exc_tbhiv_num,COUNTRY,BRA,AMR,Americas,YEAR,2008,,,,,,,,,5700 [5500-6000],5700,5500,6000,,2025-11-11T14:30:16Z,2008,2008-01-01,2008-12-31
9517100,TB_e_mort_exc_tbhiv_num,COUNTRY,PNG,WPR,Western Pacific,YEAR,2015,,,,,,,,,12 000 [8800-16 000],12000,8800,16000,,2025-11-11T14:30:16Z,2015,2015-01-01,2015-12-31
9522131,TB_e_mort_exc_tbhiv_num,COUNTRY,RUS,EUR,Europe,YEAR,2020,,,,,,,,,7300 [7100-7600],7300,7100,7600,,2025-11-11T14:30:16Z,2020,2020-01-01,2020-12-31
9526160,TB_e_mort_exc_tbhiv_num,COUNTRY,NAM,AFR,Africa,YEAR,2011,,,,,,,,,1600 [1000-2300],1600,1000,2300,,2025-11-11T14:30:16Z,2011,2011-01-01,2011-12-31
9526864,TB_e_mort_exc_tbhiv_num,COUNTRY,BEL,EUR,Europe,YEAR,2017,,,,,,,,,43 [41-44],43,41,44,,2025-11-11T14:30:16Z,2017,2017-01-01,2017-12-31
9529939,TB_e_mort_exc_tbhiv_num,COUNTRY,KIR,WPR,Western Pacific,YEAR,2017,,,,,,,,,45 [38-53],45,38,53,,2025-11-11T14:30:16Z,2017,2017-01-01,2017-12-31
9534283,TB_e_mort_exc_tbhiv_num,COUNTRY,TJK,EUR,Europe,YEAR,2010,,,,,,,,,820 [750-900],820,750,900,,2025-11-11T14:30:16Z,2010,2010-01-01,2010-12-31
9536175,TB_e_mort_exc_tbhiv_num,COUNTRY,ZWE,AFR,Africa,YEAR,2020,,,,,,,,,2700 [1100-5100],2700,1100,5100,,2025-11-11T14:30:16Z,2020,2020-01-01,2020-12-31
9541724,TB_e_mort_exc_tbhiv_num,COUNTRY,MNG,WPR,Western Pacific,YEAR,2005,,,,,,,,,430 [400-470],430,400,470,,2025-11-11T14:30:16Z,2005,2005-01-01,2005-12-31
9552056,TB_e_mort_exc_tbhiv_num,COUNTRY,BTN,SEAR,South-East Asia,YEAR,2009,,,,,,,,,860 [600-1200],860,600,1200,,2025-11-11T14:30:16Z,2009,2009-01-01,2009-12-31
9558372,TB_e_mort_exc_tbhiv_num,COUNTRY,FJI,WPR,Western Pacific,YEAR,2004,,,,,,,,,34 [33-35],34,33,35,,2025-11-11T14:30:16Z,2004,2004-01-01,2004-12-31
9560374,TB_e_mort_exc_tbhiv_num,COUNTRY,NER,AFR,Africa,YEAR,2017,,,,,,,,,3800 [2300-5600],3800,2300,5600,,2025-11-11T14:30:16Z,2017,2017-01-01,2017-12-31
9560782,TB_e_mort_exc_tbhiv_num,COUNTRY,GMB,AFR,Africa,YEAR,2024,,,,,,,,,460 [290-670],460,290,670,,2025-11-11T14:30:16Z,2024,2024-01-01,2024-12-31
9566427,TB_e_mort_exc_tbhiv_num,COUNTRY,LBN,EMR,Eastern Mediterranean,YEAR,2021,,,,,,,,,91 [62-130],91,62,130,,2025-11-11T14:30:16Z,2021,2021-01-01,2021-12-31
9566869,TB_e_mort_exc_tbhiv_num,COUNTRY,DOM,AMR,Americas,YEAR,2011,,,,,,,,,590 [330-930],590,330,930,,2025-11-11T14:30:16Z,2011,2011-01-01,2011-12-31
9571330,TB_e_mort_exc_tbhiv_num,COUNTRY,GIN,AFR,Africa,YEAR,2002,,,,,,,,,2300 [1400-3300],2300,1400,3300,,2025-11-11T14:30:16Z,2002,2002-01-01,2002-12-31
9574455,TB_e_mort_exc_tbhiv_num,COUNTRY,PSE,EMR,Eastern Mediterranean,YEAR,2014,,,,,,,,,12 [8-16],12,8,16,,2025-11-11T14:30:16Z,2014,2014-01-01,2014-12-31
9583953,TB_e_mort_exc_tbhiv_num,COUNTRY,SRB,EUR,Europe,YEAR,2009,,,,,,,,,170 [170-180],170,170,180,,2025-11-11T14:30:16Z,2009,2009-01-01,2009-12-31
9586222,TB_e_mort_exc_tbhiv_num,COUNTRY,SDN,EMR,Eastern Mediterranean,YEAR,2018,,,,,,,,,5000 [3100-7300],5000,3100,7300,,2025-11-11T14:30:16Z,2018,2018-01-01,2018-12-31
9586380,TB_e_mort_exc_tbhiv_num,COUNTRY,JPN,WPR,Western Pacific,YEAR,2018,,,,,,,,,3500 [3300-3700],3500,3300,3700,,2025-11-11T14:30:16Z,2018,2018-01-01,2018-12-31
9592640,TB_e_mort_exc_tbhiv_num,COUNTRY,SEN,AFR,Africa,YEAR,2010,,,,,,,,,4900 [3400-6600],4900,3400,6600,,2025-11-11T14:30:16Z,2010,2010-01-01,2010-12-31
9593417,TB_e_mort_exc_tbhiv_num,COUNTRY,SOM,EMR,Eastern Mediterranean,YEAR,2003,,,,,,,,,11 000 [7600-14 000],11000,7600,14000,,2025-11-11T14:30:16Z,2003,2003-01-01,2003-12-31
9605178,TB_e_mort_exc_tbhiv_num,COUNTRY,GAB,AFR,Africa,YEAR,2003,,,,,,,,,650 [370-1000],650,370,1000,,2025-11-11T14:30:16Z,2003,2003-01-01,2003-12-31
9610187,TB_e_mort_exc_tbhiv_num,COUNTRY,IND,SEAR,South-East Asia,YEAR,2006,,,,,,,,,581 000 [436 000-747 000],581000,436000,747000,,2025-11-11T14:30:16Z,2006,2006-01-01,2006-12-31
9619097,TB_e_mort_exc_tbhiv_num,COUNTRY,BEN,AFR,Africa,YEAR,2004,,,,,,,,,1300 [740-2100],1300,740,2100,,2025-11-11T14:30:16Z,2004,2004-01-01,2004-12-31
9621754,TB_e_mort_exc_tbhiv_num,COUNTRY,HUN,EUR,Europe,YEAR,2012,,,,,,,,,130 [130-130],130,130,130,,2025-11-11T14:30:16Z,2012,2012-01-01,2012-12-31
9624356,TB_e_mort_exc_tbhiv_num,COUNTRY,IDN,WPR,Western Pacific,YEAR,2013,,,,,,,,,105 000 [100 000-111 000],105000,100000,111000,,2025-11-11T14:30:16Z,2013,2013-01-01,2013-12-31
9631422,TB_e_mort_exc_tbhiv_num,COUNTRY,UGA,AFR,Africa,YEAR,2010,,,,,,,,,5600 [3100-8700],5600,3100,8700,,2025-11-11T14:30:16Z,2010,2010-01-01,2010-12-31
9631733,TB_e_mort_exc_tbhiv_num,COUNTRY,PAN,AMR,Americas,YEAR,2002,,,,,,,,,180 [170-200],180,170,200,,2025-11-11T14:30:16Z,2002,2002-01-01,2002-12-31
9637134,TB_e_mort_exc_tbhiv_num,COUNTRY,MDA,EUR,Europe,YEAR,2012,,,,,,,,,470 [450-490],470,450,490,,2025-11-11T14:30:16Z,2012,2012-01-01,2012-12-31
9637235,TB_e_mort_exc_tbhiv_num,COUNTRY,LBR,AFR,Africa,YEAR,2004,,,,,,,,,1200 [760-1600],1200,760,1600,,2025-11-11T14:30:16Z,2004,2004-01-01,2004-12-31
9642160,TB_e_mort_exc_tbhiv_num,COUNTRY,MKD,EUR,Europe,YEAR,2001,,,,,,,,,94 [90-99],94,90,99,,2025-11-11T14:30:16Z,2001,2001-01-01,2001-12-31
9650441,TB_e_mort_exc_tbhiv_num,COUNTRY,LBN,EMR,Eastern Mediterranean,YEAR,2020,,,,,,,,,130 [86-170],130,86,170,,2025-11-11T14:30:16Z,2020,2020-01-01,2020-12-31
9656310,TB_e_mort_exc_tbhiv_num,COUNTRY,CRI,AMR,Americas,YEAR,2005,,,,,,,,,66 [65-66],66,65,66,,2025-11-11T14:30:16Z,2005,2005-01-01,2005-12-31
9666330,TB_e_mort_exc_tbhiv_num,COUNTRY,IRQ,EMR,Eastern Mediterranean,YEAR,2015,,,,,,,,,1000 [940-1100],1000,940,1100,,2025-11-11T14:30:16Z,2015,2015-01-01,2015-12-31
9666375,TB_e_mort_exc_tbhiv_num,COUNTRY,FIN,EUR,Europe,YEAR,2007,,,,,,,,,56 [56-57],56,56,57,,2025-11-11T14:30:16Z,2007,2007-01-01,2007-12-31
9666424,TB_e_mort_exc_tbhiv_num,COUNTRY,DNK,EUR,Europe,YEAR,2010,,,,,,,,,36 [34-37],36,34,37,,2025-11-11T14:30:16Z,2010,2010-01-01,2010-12-31
9672240,TB_e_mort_exc_tbhiv_num,COUNTRY,PRY,AMR,Americas,YEAR,2017,,,,,,,,,220 [210-240],220,210,240,,2025-11-11T14:30:16Z,2017,2017-01-01,2017-12-31
9672806,TB_e_mort_exc_tbhiv_num,COUNTRY,CIV,AFR,Africa,YEAR,2006,,,,,,,,,5700 [3200-9000],5700,3200,9000,,2025-11-11T14:30:16Z,2006,2006-01-01,2006-12-31
9672810,TB_e_mort_exc_tbhiv_num,COUNTRY,VNM,WPR,Western Pacific,YEAR,2014,,,,,,,,,15 000 [9700-21 000],15000,9700,21000,,2025-11-11T14:30:16Z,2014,2014-01-01,2014-12-31
9673489,TB_e_mort_exc_tbhiv_num,COUNTRY,COM,AFR,Africa,YEAR,2009,,,,,,,,,71 [29-130],71,29,130,,2025-11-11T14:30:16Z,2009,2009-01-01,2009-12-31
9675495,TB_e_mort_exc_tbhiv_num,COUNTRY,USA,AMR,Americas,YEAR,2011,,,,,,,,,580 [580-590],580,580,590,,2025-11-11T14:30:16Z,2011,2011-01-01,2011-12-31
9678463,TB_e_mort_exc_tbhiv_num,COUNTRY,SLB,WPR,Western Pacific,YEAR,2010,,,,,,,,,270 [190-370],270,190,370,,2025-11-11T14:30:16Z,2010,2010-01-01,2010-12-31
9679997,TB_e_mort_exc_tbhiv_num,COUNTRY,BGR,EUR,Europe,YEAR,2023,,,,,,,,,95 [93-97],95,93,97,,2025-11-11T14:30:16Z,2023,2023-01-01,2023-12-31
9680884,TB_e_mort_exc_tbhiv_num,COUNTRY,LVA,EUR,Europe,YEAR,2005,,,,,,,,,200 [190-210],200,190,210,,2025-11-11T14:30:16Z,2005,2005-01-01,2005-12-31
9680919,TB_e_mort_exc_tbhiv_num,COUNTRY,UZB,EUR,Europe,YEAR,2003,,,,,,,,,6000 [3900-8600],6000,3900,8600,,2025-11-11T14:30:16Z,2003,2003-01-01,2003-12-31
9687435,TB_e_mort_exc_tbhiv_num,COUNTRY,MAR,EMR,Eastern Mediterranean,YEAR,2024,,,,,,,,,2700 [1600-4200],2700,1600,4200,,2025-11-11T14:30:16Z,2024,2024-01-01,2024-12-31
9693404,TB_e_mort_exc_tbhiv_num,COUNTRY,LBY,EMR,Eastern Mediterranean,YEAR,2014,,,,,,,,,420 [120-920],420,120,920,,2025-11-11T14:30:16Z,2014,2014-01-01,2014-12-31
9694651,TB_e_mort_exc_tbhiv_num,COUNTRY,DEU,EUR,Europe,YEAR,2019,,,,,,,,,300 [290-310],300,290,310,,2025-11-11T14:30:16Z,2019,2019-01-01,2019-12-31
9699743,TB_e_mort_exc_tbhiv_num,COUNTRY,KEN,AFR,Africa,YEAR,2001,,,,,,,,,17 000 [6500-31 000],17000,6500,31000,,2025-11-11T14:30:16Z,2001,2001-01-01,2001-12-31
9700041,TB_e_mort_exc_tbhiv_num,COUNTRY,GAB,AFR,Africa,YEAR,2017,,,,,,,,,1400 [910-2100],1400,910,2100,,2025-11-11T14:30:16Z,2017,2017-01-01,2017-12-31
9703754,TB_e_mort_exc_tbhiv_num,COUNTRY,CAF,AFR,Africa,YEAR,2000,,,,,,,,,3500 [1100-7300],3500,1100,7300,,2025-11-11T14:30:16Z,2000,2000-01-01,2000-12-31
9711825,TB_e_mort_exc_tbhiv_num,COUNTRY,MLI,AFR,Africa,YEAR,2022,,,,,,,,,1900 [850-3400],1900,850,3400,,2025-11-11T14:30:16Z,2022,2022-01-01,2022-12-31
9712967,TB_e_mort_exc_tbhiv_num,COUNTRY,AFG,EMR,Eastern Mediterranean,YEAR,2016,,,,,,,,,14 000 [9600-18 000],14000,9600,18000,,2025-11-11T14:30:16Z,2016,2016-01-01,2016-12-31
9716936,TB_e_mort_exc_tbhiv_num,COUNTRY,ITA,EUR,Europe,YEAR,2010,,,,,,,,,380 [370-380],380,370,380,,2025-11-11T14:30:16Z,2010,2010-01-01,2010-12-31
9717445,TB_e_mort_exc_tbhiv_num,WORLDBANKINCOMEGROUP,WB_LI,,,YEAR,2020,,,,,,,,,202 000 [149 000-263 000],202000,149000,263000,,2025-11-11T14:30:16Z,2020,2020-01-01,2020-12-31
9718655,TB_e_mort_exc_tbhiv_num,COUNTRY,GBR,EUR,Europe,YEAR,2003,,,,,,,,,510 [510-520],510,510,520,,2025-11-11T14:30:16Z,2003,2003-01-01,2003-12-31
9729253,TB_e_mort_exc_tbhiv_num,COUNTRY,QAT,EMR,Eastern Mediterranean,YEAR,2011,,,,,,,,,5 [4-6],5,4,6,,2025-11-11T14:30:16Z,2011,2011-01-01,2011-12-31
9730073,TB_e_mort_exc_tbhiv_num,COUNTRY,TKM,EUR,Europe,YEAR,2003,,,,,,,,,990 [850-1100],990,850,1100,,2025-11-11T14:30:16Z,2003,2003-01-01,2003-12-31
9736845,TB_e_mort_exc_tbhiv_num,COUNTRY,EGY,EMR,Eastern Mediterranean,YEAR,2009,,,,,,,,,760 [660-870],760,660,870,,2025-11-11T14:30:16Z,2009,2009-01-01,2009-12-31
9737794,TB_e_mort_exc_tbhiv_num,COUNTRY,MOZ,AFR,Africa,YEAR,2017,,,,,,,,,6100 [3400-9500],6100,3400,9500,,2025-11-11T14:30:16Z,2017,2017-01-01,2017-12-31
9744553,TB_e_mort_exc_tbhiv_num,COUNTRY,BWA,AFR,Africa,YEAR,2020,,,,,,,,,920 [520-1400],920,520,1400,,2025-11-11T14:30:16Z,2020,2020-01-01,2020-12-31
9748536,TB_e_mort_exc_tbhiv_num,COUNTRY,LUX,EUR,Europe,YEAR,2019,,,,,,,,,1 [1-1],1,1,1,,2025-11-11T14:30:16Z,2019,2019-01-01,2019-12-31
9752250,TB_e_mort_exc_tbhiv_num,COUNTRY,ZAF,AFR,Africa,YEAR,2021,,,,,,,,,24 000 [22 000-25 000],24000,22000,25000,,2025-11-11T14:30:16Z,2021,2021-01-01,2021-12-31
9755996,TB_e_mort_exc_tbhiv_num,COUNTRY,BRN,WPR,Western Pacific,YEAR,2003,,,,,,,,,10 [9-10],10,9,10,,2025-11-11T14:30:16Z,2003,2003-01-01,2003-12-31
9756330,TB_e_mort_exc_tbhiv_num,COUNTRY,BLZ,AMR,Americas,YEAR,2014,,,,,,,,,4 [4-4],4,4,4,,2025-11-11T14:30:16Z,2014,2014-01-01,2014-12-31
9757589,TB_e_mort_exc_tbhiv_num,COUNTRY,MKD,EUR,Europe,YEAR,2006,,,,,,,,,64 [62-66],64,62,66,,2025-11-11T14:30:16Z,2006,2006-01-01,2006-12-31
9757701,TB_e_mort_exc_tbhiv_num,COUNTRY,FIN,EUR,Europe,YEAR,2006,,,,,,,,,60 [60-61],60,60,61,,2025-11-11T14:30:16Z,2006,2006-01-01,2006-12-31
9760864,TB_e_mort_exc_tbhiv_num,COUNTRY,SWZ,AFR,Africa,YEAR,2009,,,,,,,,,580 [340-890],580,340,890,,2025-11-11T14:30:16Z,2009,2009-01-01,2009-12-31
9764069,TB_e_mort_exc_tbhiv_num,COUNTRY,CYP,EUR,Europe,YEAR,2008,,,,,,,,,2 [2-3],2,2,3,,2025-11-11T14:30:16Z,2008,2008-01-01,2008-12-31
9764222,TB_e_mort_exc_tbhiv_num,COUNTRY,EST,EUR,Europe,YEAR,2021,,,,,,,,,13 [13-13],13,13,13,,2025-11-11T14:30:16Z,2021,2021-01-01,2021-12-31
9764264,TB_e_mort_exc_tbhiv_num,COUNTRY,IND,SEAR,South-East Asia,YEAR,2011,,,,,,,,,452 000 [339 000-581 000],452000,339000,581000,,2025-11-11T14:30:16Z,2011,2011-01-01,2011-12-31
9765022,TB_e_mort_exc_tbhiv_num,COUNTRY,KIR,WPR,Western Pacific,YEAR,2008,,,,,,,,,44 [38-50],44,38,50,,2025-11-11T14:30:16Z,2008,2008-01-01,2008-12-31
9769136,TB_e_mort_exc_tbhiv_num,COUNTRY,NZL,WPR,Western Pacific,YEAR,2002,,,,,,,,,16 [16-16],16,16,16,,2025-11-11T14:30:16Z,2002,2002-01-01,2002-12-31
9769731,TB_e_mort_exc_tbhiv_num,COUNTRY,IDN,WPR,Western Pacific,YEAR,2009,,,,,,,,,116 000 [109 000-123 000],116000,109000,123000,,2025-11-11T14:30:16Z,2009,2009-01-01,2009-12-31
9774202,TB_e_mort_exc_tbhiv_num,COUNTRY,RUS,EUR,Europe,YEAR,2005,,,,,,,,,34 000 [33 000-35 000],34000,33000,35000,,2025-11-11T14:30:16Z,2005,2005-01-01,2005-12-31
9774670,TB_e_mort_exc_tbhiv_num,COUNTRY,TUN,EMR,Eastern Mediterranean,YEAR,2024,,,,,,,,,140 [100-190],140,100,190,,2025-11-11T14:30:16Z,2024,2024-01-01,2024-12-31
9787415,TB_e_mort_exc_tbhiv_num,COUNTRY,SYR,EMR,Eastern Mediterranean,YEAR,2018,,,,,,,,,26 [23-29],26,23,29,,2025-11-11T14:30:16Z,2018,2018-01-01,2018-12-31
9787690,TB_e_mort_exc_tbhiv_num,COUNTRY,JPN,WPR,Western Pacific,YEAR,2016,,,,,,,,,3000 [2800-3100],3000,2800,3100,,2025-11-11T14:30:16Z,2016,2016-01-01,2016-12-31
9788876,TB_e_mort_exc_tbhiv_num,COUNTRY,LBR,AFR,Africa,YEAR,2019,,,,,,,,,1800 [1300-2400],1800,1300,2400,,2025-11-11T14:30:16Z,2019,2019-01-01,2019-12-31
9789092,TB_e_mort_exc_tbhiv_num,COUNTRY,BTN,SEAR,South-East Asia,YEAR,2019,,,,,,,,,340 [240-470],340,240,470,,2025-11-11T14:30:16Z,2019,2019-01-01,2019-12-31
9789220,TB_e_mort_exc_tbhiv_num,COUNTRY,MHL,WPR,Western Pacific,YEAR,2018,,,,,,,,,140 [98-190],140,98,190,,2025-11-11T14:30:16Z,2018,2018-01-01,2018-12-31
9793968,TB_e_mort_exc_tbhiv_num,COUNTRY,HKG,,,YEAR,2019,,,,,,,,,170 [160-170],170,160,170,,2025-11-11T14:30:16Z,2019,2019-01-01,2019-12-31
9794328,TB_e_mort_exc_tbhiv_num,COUNTRY,COD,AFR,Africa,YEAR,2011,,,,,,,,,85 000 [35 000-156 000],85000,35000,156000,,2025-11-11T14:30:16Z,2011,2011-01-01,2011-12-31
9794587,TB_e_mort_exc_tbhiv_num,COUNTRY,NIC,AMR,Americas,YEAR,2004,,,,,,,,,220 [210-240],220,210,240,,2025-11-11T14:30:16Z,2004,2004-01-01,2004-12-31
9795847,TB_e_mort_exc_tbhiv_num,COUNTRY,SVN,EUR,Europe,YEAR,2000,,,,,,,,,21 [21-22],21,21,22,,2025-11-11T14:30:16Z,2000,2000-01-01,2000-12-31
9796060,TB_e_mort_exc_tbhiv_num,COUNTRY,JAM,AMR,Americas,YEAR,2018,,,,,,,,,7 [7-7],7,7,7,,2025-11-11T14:30:16Z,2018,2018-01-01,2018-12-31
9800344,TB_e_mort_exc_tbhiv_num,COUNTRY,CAF,AFR,Africa,YEAR,2007,,,,,,,,,4500 [1600-8800],4500,1600,8800,,2025-11-11T14:30:16Z,2007,2007-01-01,2007-12-31
9801051,TB_e_mort_exc_tbhiv_num,COUNTRY,ITA,EUR,Europe,YEAR,2015,,,,,,,,,340 [330-340],340,330,340,,2025-11-11T14:30:16Z,2015,2015-01-01,2015-12-31
9806981,TB_e_mort_exc_tbhiv_num,COUNTRY,COD,AFR,Africa,YEAR,2022,,,,,,,,,69 000 [31 000-122 000],69000,31000,122000,,2025-11-11T14:30:16Z,2022,2022-01-01,2022-12-31
9807058,TB_e_mort_exc_tbhiv_num,COUNTRY,LSO,AFR,Africa,YEAR,2006,,,,,,,,,1600 [570-3200],1600,570,3200,,2025-11-11T14:30:16Z,2006,2006-01-01,2006-12-31
9807945,TB_e_mort_exc_tbhiv_num,COUNTRY,MMR,SEAR,South-East Asia,YEAR,2012,,,,,,,,,38 000 [22 000-60 000],38000,22000,60000,,2025-11-11T14:30:16Z,2012,2012-01-01,2012-12-31
9812154,TB_e_mort_exc_tbhiv_num,COUNTRY,MUS,AFR,Africa,YEAR,2013,,,,,,,,,18 [18-19],18,18,19,,2025-11-11T14:30:16Z,2013,2013-01-01,2013-12-31
9812391,TB_e_mort_exc_tbhiv_num,COUNTRY,URY,AMR,Americas,YEAR,2001,,,,,,,,,72 [70-75],72,70,75,,2025-11-11T14:30:16Z,2001,2001-01-01,2001-12-31
9820929,TB_e_mort_exc_tbhiv_num,COUNTRY,BFA,AFR,Africa,YEAR,2015,,,,,,,,,3000 [1300-5400],3000,1300,5400,,2025-11-11T14:30:16Z,2015,2015-01-01,2015-12-31
9824899,TB_e_mort_exc_tbhiv_num,COUNTRY,DNK,EUR,Europe,YEAR,2017,,,,,,,,,14 [13-14],14,13,14,,2025-11-11T14:30:16Z,2017,2017-01-01,2017-12-31
9833068,TB_e_mort_exc_tbhiv_num,COUNTRY,PSE,EMR,Eastern Mediterranean,YEAR,2003,,,,,,,,,16 [11-22],16,11,22,,2025-11-11T14:30:16Z,2003,2003-01-01,2003-12-31
9834025,TB_e_mort_exc_tbhiv_num,COUNTRY,GRC,EUR,Europe,YEAR,2020,,,,,,,,,38 [36-39],38,36,39,,2025-11-11T14:30:16Z,2020,2020-01-01,2020-12-31
9836818,TB_e_mort_exc_tbhiv_num,COUNTRY,TJK,EUR,Europe,YEAR,2018,,,,,,,,,760 [680-840],760,680,840,,2025-11-11T14:30:16Z,2018,2018-01-01,2018-12-31
9840471,TB_e_mort_exc_tbhiv_num,COUNTRY,COG,AFR,Africa,YEAR,2007,,,,,,,,,2400 [1600-3400],2400,1600,3400,,2025-11-11T14:30:16Z,2007,2007-01-01,2007-12-31
9852771,TB_e_mort_exc_tbhiv_num,COUNTRY,USA,AMR,Americas,YEAR,2022,,,,,,,,,640 [610-660],640,610,660,,2025-11-11T14:30:16Z,2022,2022-01-01,2022-12-31
9861764,TB_e_mort_exc_tbhiv_num,COUNTRY,NLD,EUR,Europe,YEAR,2022,,,,,,,,,18 [18-19],18,18,19,,2025-11-11T14:30:16Z,2022,2022-01-01,2022-12-31
9862467,TB_e_mort_exc_tbhiv_num,COUNTRY,UKR,EUR,Europe,YEAR,2013,,,,,,,,,6600 [6300-6800],6600,6300,6800,,2025-11-11T14:30:16Z,2013,2013-01-01,2013-12-31
9865700,TB_e_mort_exc_tbhiv_num,COUNTRY,ISR,EUR,Europe,YEAR,2004,,,,,,,,,43 [41-45],43,41,45,,2025-11-11T14:30:16Z,2004,2004-01-01,2004-12-31
9868278,TB_e_mort_exc_tbhiv_num,COUNTRY,CUB,AMR,Americas,YEAR,2006,,,,,,,,,47 [47-48],47,47,48,,2025-11-11T14:30:16Z,2006,2006-01-01,2006-12-31
9876300,TB_e_mort_exc_tbhiv_num,COUNTRY,TLS,SEAR,South-East Asia,YEAR,2018,,,,,,,,,530 [360-730],530,360,730,,2025-11-11T14:30:16Z,2018,2018-01-01,2018-12-31
9887676,TB_e_mort_exc_tbhiv_num,REGION,AFR,,,YEAR,2006,,,,,,,,,446 000 [366 000-534 000],446000,366000,534000,,2025-11-11T14:30:16Z,2006,2006-01-01,2006-12-31
9889048,TB_e_mort_exc_tbhiv_num,COUNTRY,HKG,,,YEAR,2015,,,,,,,,,180 [180-180],180,180,180,,2025-11-11T14:30:16Z,2015,2015-01-01,2015-12-31
9891362,TB_e_mort_exc_tbhiv_num,COUNTRY,TJK,EUR,Europe,YEAR,2003,,,,,,,,,950 [880-1000],950,880,1000,,2025-11-11T14:30:16Z,2003,2003-01-01,2003-12-31
9900914,TB_e_mort_exc_tbhiv_num,COUNTRY,KWT,EMR,Eastern Mediterranean,YEAR,2018,,,,,,,,,15 [14-16],15,14,16,,2025-11-11T14:30:16Z,2018,2018-01-01,2018-12-31
9900979,TB_e_mort_exc_tbhiv_num,COUNTRY,TTO,AMR,Americas,YEAR,2003,,,,,,,,,17 [17-17],17,17,17,,2025-11-11T14:30:16Z,2003,2003-01-01,2003-12-31
9902690,TB_e_mort_exc_tbhiv_num,COUNTRY,IRQ,EMR,Eastern Mediterranean,YEAR,2006,,,,,,,,,1400 [1200-1600],1400,1200,1600,,2025-11-11T14:30:16Z,2006,2006-01-01,2006-12-31
9909412,TB_e_mort_exc_tbhiv_num,COUNTRY,GBR,EUR,Europe,YEAR,2017,,,,,,,,,260 [260-260],260,260,260,,2025-11-11T14:30:16Z,2017,2017-01-01,2017-12-31
9913004,TB_e_mort_exc_tbhiv_num,COUNTRY,SWZ,AFR,Africa,YEAR,2016,,,,,,,,,350 [200-540],350,200,540,,2025-11-11T14:30:16Z,2016,2016-01-01,2016-12-31
9913523,TB_e_mort_exc_tbhiv_num,COUNTRY,ETH,AFR,Africa,YEAR,2017,,,,,,,,,27 000 [17 000-39 000],27000,17000,39000,,2025-11-11T14:30:16Z,2017,2017-01-01,2017-12-31
9914012,TB_e_mort_exc_tbhiv_num,COUNTRY,MUS,AFR,Africa,YEAR,2002,,,,,,,,,9 [9-10],9,9,10,,2025-11-11T14:30:16Z,2002,2002-01-01,2002-12-31
9918883,TB_e_mort_exc_tbhiv_num,COUNTRY,BRN,WPR,Western Pacific,YEAR,2015,,,,,,,,,16 [15-16],16,15,16,,2025-11-11T14:30:16Z,2015,2015-01-01,2015-12-31
9919020,TB_e_mort_exc_tbhiv_num,COUNTRY,PSE,EMR,Eastern Mediterranean,YEAR,2000,,,,,,,,,43 [29-59],43,29,59,,2025-11-11T14:30:16Z,2000,2000-01-01,2000-12-31
9919681,TB_e_mort_exc_tbhiv_num,COUNTRY,MDA,EUR,Europe,YEAR,2016,,,,,,,,,230 [230-230],230,230,230,,2025-11-11T14:30:16Z,2016,2016-01-01,2016-12-31
9922588,TB_e_mort_exc_tbhiv_num,COUNTRY,SLB,WPR,Western Pacific,YEAR,2002,,,,,,,,,340 [230-470],340,230,470,,2025-11-11T14:30:16Z,2002,2002-01-01,2002-12-31
9927935,TB_e_mort_exc_tbhiv_num,WORLDBANKINCOMEGROUP,WB_UMI,,,YEAR,2022,,,,,,,,,236 000 [218 000-255 000],236000,218000,255000,,2025-11-11T14:30:16Z,2022,2022-01-01,2022-12-31
9929169,TB_e_mort_exc_tbhiv_num,COUNTRY,LAO,WPR,Western Pacific,YEAR,2017,,,,,,,,,2600 [1500-3900],2600,1500,3900,,2025-11-11T14:30:16Z,2017,2017-01-01,2017-12-31
9932381,TB_e_mort_exc_tbhiv_num,COUNTRY,BIH,EUR,Europe,YEAR,2019,,,,,,,,,70 [63-77],70,63,77,,2025-11-11T14:30:16Z,2019,2019-01-01,2019-12-31
9933863,TB_e_mort_exc_tbhiv_num,COUNTRY,PNG,WPR,Western Pacific,YEAR,2014,,,,,,,,,11 000 [7900-15 000],11000,7900,15000,,2025-11-11T14:30:16Z,2014,2014-01-01,2014-12-31
9939205,TB_e_mort_exc_tbhiv_num,COUNTRY,TKM,EUR,Europe,YEAR,2002,,,,,,,,,890 [780-1000],890,780,1000,,2025-11-11T14:30:16Z,2002,2002-01-01,2002-12-31
9939917,TB_e_mort_exc_tbhiv_num,COUNTRY,AFG,EMR,Eastern Mediterranean,YEAR,2006,,,,,,,,,16 000 [12 000-22 000],16000,12000,22000,,2025-11-11T14:30:16Z,2006,2006-01-01,2006-12-31
9941969,TB_e_mort_exc_tbhiv_num,COUNTRY,MAR,EMR,Eastern Mediterranean,YEAR,2021,,,,,,,,,2400 [1400-3700],2400,1400,3700,,2025-11-11T14:30:16Z,2021,2021-01-01,2021-12-31
9952575,TB_e_mort_exc_tbhiv_num,WORLDBANKINCOMEGROUP,WB_HI,,,YEAR,2019,,,,,,,,,19 000 [19 000-19 000],19000,19000,19000,,2025-11-11T14:30:16Z,2019,2019-01-01,2019-12-31
9959528,TB_e_mort_exc_tbhiv_num,COUNTRY,CHL,AMR,Americas,YEAR,2004,,,,,,,,,670 [660-680],670,660,680,,2025-11-11T14:30:16Z,2004,2004-01-01,2004-12-31
9960689,TB_e_mort_exc_tbhiv_num,COUNTRY,ALB,EUR,Europe,YEAR,2000,,,,,,,,,23 [19-28],23,19,28,,2025-11-11T14:30:16Z,2000,2000-01-01,2000-12-31
9972647,TB_e_mort_exc_tbhiv_num,COUNTRY,BFA,AFR,Africa,YEAR,2010,,,,,,,,,2800 [1200-5000],2800,1200,5000,,2025-11-11T14:30:16Z,2010,2010-01-01,2010-12-31
9983450,TB_e_mort_exc_tbhiv_num,COUNTRY,VNM,WPR,Western Pacific,YEAR,2009,,,,,,,,,22 000 [14 000-32 000],22000,14000,32000,,2025-11-11T14:30:16Z,2009,2009-01-01,2009-12-31
9984839,TB_e_mort_exc_tbhiv_num,REGION,WPR,,,YEAR,2016,,,,,,,,,208 000 [198 000-219 000],208000,198000,219000,,2025-11-11T14:30:16Z,2016,2016-01-01,2016-12-31
9991421,TB_e_mort_exc_tbhiv_num,COUNTRY,KWT,EMR,Eastern Mediterranean,YEAR,2013,,,,,,,,,6 [6-7],6,6,7,,2025-11-11T14:30:16Z,2013,2013-01-01,2013-12-31
9998036,TB_e_mort_exc_tbhiv_num,REGION,AMR,,,YEAR,2024,,,,,,,,,22 000 [21 000-24 000],22000,21000,24000,,2025-11-11T14:30:16Z,2024,2024-01-01,2024-12-31
10001717,TB_e_mort_exc_tbhiv_num,COUNTRY,RUS,EUR,Europe,YEAR,2000,,,,,,,,,31 000 [30 000-32 000],31000,30000,32000,,2025-11-11T14:30:16Z,2000,2000-01-01,2000-12-31
10003352,TB_e_mort_exc_tbhiv_num,COUNTRY,PER,AMR,Americas,YEAR,2022,,,,,,,,,3500 [2800-4300],3500,2800,4300,,2025-11-11T14:30:16Z,2022,2022-01-01,2022-12-31
10013647,TB_e_mort_exc_tbhiv_num,COUNTRY,BEL,EUR,Europe,YEAR,2004,,,,,,,,,74 [73-75],74,73,75,,2025-11-11T14:30:16Z,2004,2004-01-01,2004-12-31
10014034,TB_e_mort_exc_tbhiv_num,COUNTRY,KHM,WPR,Western Pacific,YEAR,2006,,,,,,,,,3100 [870-6800],3100,870,6800,,2025-11-11T14:30:16Z,2006,2006-01-01,2006-12-31
10015027,TB_e_mort_exc_tbhiv_num,COUNTRY,POL,EUR,Europe,YEAR,2013,,,,,,,,,580 [560-600],580,560,600,,2025-11-11T14:30:16Z,2013,2013-01-01,2013-12-31
10021271,TB_e_mort_exc_tbhiv_num,COUNTRY,GUY,AMR,Americas,YEAR,2017,,,,,,,,,83 [80-85],83,80,85,,2025-11-11T14:30:16Z,2017,2017-01-01,2017-12-31
10029123,TB_e_mort_exc_tbhiv_num,COUNTRY,OMN,EMR,Eastern Mediterranean,YEAR,2014,,,,,,,,,17 [13-22],17,13,22,,2025-11-11T14:30:16Z,2014,2014-01-01,2014-12-31
10032620,TB_e_mort_exc_tbhiv_num,COUNTRY,NAM,AFR,Africa,YEAR,2000,,,,,,,,,840 [300-1600],840,300,1600,,2025-11-11T14:30:16Z,2000,2000-01-01,2000-12-31
10034877,TB_e_mort_exc_tbhiv_num,COUNTRY,VUT,WPR,Western Pacific,YEAR,2004,,,,,,,,,160 [120-200],160,120,200,,2025-11-11T14:30:16Z,2004,2004-01-01,2004-12-31
10035111,TB_e_mort_exc_tbhiv_num,COUNTRY,LSO,AFR,Africa,YEAR,2016,,,,,,,,,1000 [570-1500],1000,570,1500,,2025-11-11T14:30:16Z,2016,2016-01-01,2016-12-31
10035543,TB_e_mort_exc_tbhiv_num,COUNTRY,ITA,EUR,Europe,YEAR,2012,,,,,,,,,340 [330-340],340,330,340,,2025-11-11T14:30:16Z,2012,2012-01-01,2012-12-31
10039402,TB_e_mort_exc_tbhiv_num,COUNTRY,GMB,AFR,Africa,YEAR,2019,,,,,,,,,470 [300-660],470,300,660,,2025-11-11T14:30:16Z,2019,2019-01-01,2019-12-31
10041712,TB_e_mort_exc_tbhiv_num,COUNTRY,BWA,AFR,Africa,YEAR,2005,,,,,,,,,470 [170-910],470,170,910,,2025-11-11T14:30:16Z,2005,2005-01-01,2005-12-31
10047779,TB_e_mort_exc_tbhiv_num,COUNTRY,ARM,EUR,Europe,YEAR,2020,,,,,,,,,47 [47-48],47,47,48,,2025-11-11T14:30:16Z,2020,2020-01-01,2020-12-31
10054004,TB_e_mort_exc_tbhiv_num,COUNTRY,LTU,EUR,Europe,YEAR,2002,,,,,,,,,390 [320-460],390,320,460,,2025-11-11T14:30:16Z,2002,2002-01-01,2002-12-31
10054692,TB_e_mort_exc_tbhiv_num,COUNTRY,FJI,WPR,Western Pacific,YEAR,2001,,,,,,,,,17 [13-21],17,13,21,,2025-11-11T14:30:16Z,2001,2001-01-01,2001-12-31
10059224,TB_e_mort_exc_tbhiv_num,COUNTRY,JOR,EMR,Eastern Mediterranean,YEAR,2017,,,,,,,,,10 [9-12],10,9,12,,2025-11-11T14:30:16Z,2017,2017-01-01,2017-12-31
10060583,TB_e_mort_exc_tbhiv_num,COUNTRY,ISR,EUR,Europe,YEAR,2008,,,,,,,,,29 [28-31],29,28,31,,2025-11-11T14:30:16Z,2008,2008-01-01,2008-12-31
10066479,TB_e_mort_exc_tbhiv_num,COUNTRY,PHL,WPR,Western Pacific,YEAR,2020,,,,,,,,,35 000 [31 000-40 000],35000,31000,40000,,2025-11-11T14:30:16Z,2020,2020-01-01,2020-12-31
10067247,TB_e_mort_exc_tbhiv_num,COUNTRY,LTU,EUR,Europe,YEAR,2010,,,,,,,,,230 [230-240],230,230,240,,2025-11-11T14:30:16Z,2010,2010-01-01,2010-12-31
10067322,TB_e_mort_exc_tbhiv_num,COUNTRY,LBR,AFR,Africa,YEAR,2015,,,,,,,,,3000 [2200-4000],3000,2200,4000,,2025-11-11T14:30:16Z,2015,2015-01-01,2015-12-31
10068382,TB_e_mort_exc_tbhiv_num,COUNTRY,ZMB,AFR,Africa,YEAR,2000,,,,,,,,,3600 [1200-7200],3600,1200,7200,,2025-11-11T14:30:16Z,2000,2000-01-01,2000-12-31
10071800,TB_e_mort_exc_tbhiv_num,COUNTRY,CRI,AMR,Americas,YEAR,2010,,,,,,,,,47 [47-48],47,47,48,,2025-11-11T14:30:16Z,2010,2010-01-01,2010-12-31
10073544,TB_e_mort_exc_tbhiv_num,COUNTRY,GUY,AMR,Americas,YEAR,2024,,,,,,,,,140 [120-160],140,120,160,,2025-11-11T14:30:16Z,2024,2024-01-01,2024-12-31
10077252,TB_e_mort_exc_tbhiv_num,COUNTRY,GHA,AFR,Africa,YEAR,2015,,,,,,,,,11 000 [4800-19 000],11000,4800,19000,,2025-11-11T14:30:16Z,2015,2015-01-01,2015-12-31
10078721,TB_e_mort_exc_tbhiv_num,COUNTRY,KOR,WPR,Western Pacific,YEAR,2016,,,,,,,,,2600 [2500-2700],2600,2500,2700,,2025-11-11T14:30:16Z,2016,2016-01-01,2016-12-31
10080186,TB_e_mort_exc_tbhiv_num,COUNTRY,KGZ,EUR,Europe,YEAR,2010,,,,,,,,,590 [580-590],590,580,590,,2025-11-11T14:30:16Z,2010,2010-01-01,2010-12-31
10080283,TB_e_mort_exc_tbhiv_num,COUNTRY,LSO,AFR,Africa,YEAR,2014,,,,,,,,,1100 [640-1700],1100,640,1700,,2025-11-11T14:30:16Z,2014,2014-01-01,2014-12-31
10084596,TB_e_mort_exc_tbhiv_num,COUNTRY,ROU,EUR,Europe,YEAR,2009,,,,,,,,,1500 [1500-1500],1500,1500,1500,,2025-11-11T14:30:16Z,2009,2009-01-01,2009-12-31
10087031,TB_e_mort_exc_tbhiv_num,COUNTRY,SDN,EMR,Eastern Mediterranean,YEAR,2001,,,,,,,,,11 000 [5500-18 000],11000,5500,18000,,2025-11-11T14:30:16Z,2001,2001-01-01,2001-12-31
10098694,TB_e_mort_exc_tbhiv_num,COUNTRY,KAZ,EUR,Europe,YEAR,2001,,,,,,,,,3900 [3700-4000],3900,3700,4000,,2025-11-11T14:30:16Z,2001,2001-01-01,2001-12-31
10102507,TB_e_mort_exc_tbhiv_num,COUNTRY,NER,AFR,Africa,YEAR,2024,,,,,,,,,3400 [1900-5200],3400,1900,5200,,2025-11-11T14:30:16Z,2024,2024-01-01,2024-12-31
10105109,TB_e_mort_exc_tbhiv_num,COUNTRY,TTO,AMR,Americas,YEAR,2005,,,,,,,,,18 [18-18],18,18,18,,2025-11-11T14:30:16Z,2005,2005-01-01,2005-12-31
10105466,TB_e_mort_exc_tbhiv_num,COUNTRY,EGY,EMR,Eastern Mediterranean,YEAR,2012,,,,,,,,,620 [560-690],620,560,690,,2025-11-11T14:30:16Z,2012,2012-01-01,2012-12-31
10106362,TB_e_mort_exc_tbhiv_num,COUNTRY,YEM,EMR,Eastern Mediterranean,YEAR,2019,,,,,,,,,2300 [1600-3100],2300,1600,3100,,2025-11-11T14:30:16Z,2019,2019-01-01,2019-12-31
10109121,TB_e_mort_exc_tbhiv_num,COUNTRY,ISR,EUR,Europe,YEAR,2024,,,,,,,,,22 [22-23],22,22,23,,2025-11-11T14:30:16Z,2024,2024-01-01,2024-12-31
10109991,TB_e_mort_exc_tbhiv_num,COUNTRY,FIN,EUR,Europe,YEAR,2014,,,,,,,,,41 [40-41],41,40,41,,2025-11-11T14:30:16Z,2014,2014-01-01,2014-12-31
10112312,TB_e_mort_exc_tbhiv_num,COUNTRY,TGO,AFR,Africa,YEAR,2015,,,,,,,,,770 [390-1300],770,390,1300,,2025-11-11T14:30:16Z,2015,2015-01-01,2015-12-31
10116939,TB_e_mort_exc_tbhiv_num,COUNTRY,NOR,EUR,Europe,YEAR,2020,,,,,,,,,7 [7-8],7,7,8,,2025-11-11T14:30:16Z,2020,2020-01-01,2020-12-31
10119148,TB_e_mort_exc_tbhiv_num,COUNTRY,JPN,WPR,Western Pacific,YEAR,2004,,,,,,,,,4300 [4300-4400],4300,4300,4400,,2025-11-11T14:30:16Z,2004,2004-01-01,2004-12-31
10125210,TB_e_mort_exc_tbhiv_num,COUNTRY,MUS,AFR,Africa,YEAR,2003,,,,,,,,,12 [11-12],12,11,12,,2025-11-11T14:30:16Z,2003,2003-01-01,2003-12-31
10129482,TB_e_mort_exc_tbhiv_num,COUNTRY,GNQ,AFR,Africa,YEAR,2009,,,,,,,,,510 [170-1000],510,170,1000,,2025-11-11T14:30:16Z,2009,2009-01-01,2009-12-31
10130187,TB_e_mort_exc_tbhiv_num,COUNTRY,IRQ,EMR,Eastern Mediterranean,YEAR,2005,,,,,,,,,1400 [1300-1600],1400,1300,1600,,2025-11-11T14:30:16Z,2005,2005-01-01,2005-12-31
10135642,TB_e_mort_exc_tbhiv_num,COUNTRY,GAB,AFR,Africa,YEAR,2000,,,,,,,,,360 [180-610],360,180,610,,2025-11-11T14:30:16Z,2000,2000-01-01,2000-12-31
10135954,TB_e_mort_exc_tbhiv_num,COUNTRY,SSD,AFR,Africa,YEAR,2019,,,,,,,,,8200 [3700-15 000],8200,3700,15000,,2025-11-11T14:30:16Z,2019,2019-01-01,2019-12-31
10136627,TB_e_mort_exc_tbhiv_num,COUNTRY,LBR,AFR,Africa,YEAR,2018,,,,,,,,,1900 [1400-2600],1900,1400,2600,,2025-11-11T14:30:16Z,2018,2018-01-01,2018-12-31
10141799,TB_e_mort_exc_tbhiv_num,COUNTRY,GEO,EUR,Europe,YEAR,2010,,,,,,,,,230 [210-240],230,210,240,,2025-11-11T14:30:16Z,2010,2010-01-01,2010-12-31
10141842,TB_e_mort_exc_tbhiv_num,COUNTRY,JPN,WPR,Western Pacific,YEAR,2013,,,,,,,,,3400 [3300-3500],3400,3300,3500,,2025-11-11T14:30:16Z,2013,2013-01-01,2013-12-31
10143335,TB_e_mort_exc_tbhiv_num,COUNTRY,QAT,EMR,Eastern Mediterranean,YEAR,2000,,,,,,,,,6 [5-8],6,5,8,,2025-11-11T14:30:16Z,2000,2000-01-01,2000-12-31
10143892,TB_e_mort_exc_tbhiv_num,COUNTRY,DOM,AMR,Americas,YEAR,2023,,,,,,,,,150 [87-220],150,87,220,,2025-11-11T14:30:16Z,2023,2023-01-01,2023-12-31
10148924,TB_e_mort_exc_tbhiv_num,COUNTRY,BHS,AMR,Americas,YEAR,2008,,,,,,,,,5 [4-5],5,4,5,,2025-11-11T14:30:16Z,2008,2008-01-01,2008-12-31
10149930,TB_e_mort_exc_tbhiv_num,COUNTRY,MMR,SEAR,South-East Asia,YEAR,2004,,,,,,,,,71 000 [39 000-114 000],71000,39000,114000,,2025-11-11T14:30:16Z,2004,2004-01-01,2004-12-31
10156285,TB_e_mort_exc_tbhiv_num,COUNTRY,GNQ,AFR,Africa,YEAR,2016,,,,,,,,,470 [160-930],470,160,930,,2025-11-11T14:30:16Z,2016,2016-01-01,2016-12-31
10159487,TB_e_mort_exc_tbhiv_num,COUNTRY,CMR,AFR,Africa,YEAR,2002,,,,,,,,,4000 [2200-6200],4000,2200,6200,,2025-11-11T14:30:16Z,2002,2002-01-01,2002-12-31
10163162,TB_e_mort_exc_tbhiv_num,COUNTRY,PAK,EMR,Eastern Mediterranean,YEAR,2011,,,,,,,,,53 000 [43 000-63 000],53000,43000,63000,,2025-11-11T14:30:16Z,2011,2011-01-01,2011-12-31
10168005,TB_e_mort_exc_tbhiv_num,COUNTRY,SLB,WPR,Western Pacific,YEAR,2011,,,,,,,,,300 [210-420],300,210,420,,2025-11-11T14:30:16Z,2011,2011-01-01,2011-12-31
10169923,TB_e_mort_exc_tbhiv_num,COUNTRY,COM,AFR,Africa,YEAR,2012,,,,,,,,,74 [28-140],74,28,140,,2025-11-11T14:30:16Z,2012,2012-01-01,2012-12-31
10175761,TB_e_mort_exc_tbhiv_num,COUNTRY,JAM,AMR,Americas,YEAR,2004,,,,,,,,,17 [17-18],17,17,18,,2025-11-11T14:30:16Z,2004,2004-01-01,2004-12-31
10199746,TB_e_mort_exc_tbhiv_num,COUNTRY,POL,EUR,Europe,YEAR,2022,,,,,,,,,640 [550-730],640,550,730,,2025-11-11T14:30:16Z,2022,2022-01-01,2022-12-31
10200186,TB_e_mort_exc_tbhiv_num,COUNTRY,SLV,AMR,Americas,YEAR,2004,,,,,,,,,100 [90-110],100,90,110,,2025-11-11T14:30:16Z,2004,2004-01-01,2004-12-31
10201579,TB_e_mort_exc_tbhiv_num,COUNTRY,CHE,EUR,Europe,YEAR,2004,,,,,,,,,29 [28-29],29,28,29,,2025-11-11T14:30:16Z,2004,2004-01-01,2004-12-31
10201753,TB_e_mort_exc_tbhiv_num,COUNTRY,GNB,AFR,Africa,YEAR,2004,,,,,,,,,530 [320-780],530,320,780,,2025-11-11T14:30:16Z,2004,2004-01-01,2004-12-31
10212370,TB_e_mort_exc_tbhiv_num,COUNTRY,POL,EUR,Europe,YEAR,2003,,,,,,,,,1000 [980-1100],1000,980,1100,,2025-11-11T14:30:16Z,2003,2003-01-01,2003-12-31
10212755,TB_e_mort_exc_tbhiv_num,COUNTRY,COG,AFR,Africa,YEAR,2006,,,,,,,,,2500 [1700-3500],2500,1700,3500,,2025-11-11T14:30:16Z,2006,2006-01-01,2006-12-31
10216918,TB_e_mort_exc_tbhiv_num,COUNTRY,MHL,WPR,Western Pacific,YEAR,2013,,,,,,,,,56 [39-76],56,39,76,,2025-11-11T14:30:16Z,2013,2013-01-01,2013-12-31
10219501,TB_e_mort_exc_tbhiv_num,COUNTRY,DZA,AFR,Africa,YEAR,2006,,,,,,,,,7000 [4800-9500],7000,4800,9500,,2025-11-11T14:30:16Z,2006,2006-01-01,2006-12-31
10220196,TB_e_mort_exc_tbhiv_num,COUNTRY,MWI,AFR,Africa,YEAR,2023,,,,,,,,,1700 [800-3000],1700,800,3000,,2025-11-11T14:30:16Z,2023,2023-01-01,2023-12-31
15998,TB_e_mort_exc_tbhiv_num,COUNTRY,CUB,AMR,Americas,YEAR,2010,,,,,,,,,45 [45-45],45,45,45,,2025-11-11T14:30:16Z,2010,2010-01-01,2010-12-31
16437,TB_e_mort_exc_tbhiv_num,COUNTRY,CHL,AMR,Americas,YEAR,2010,,,,,,,,,550 [540-560],550,540,560,,2025-11-11T14:30:16Z,2010,2010-01-01,2010-12-31
22699,TB_e_mort_exc_tbhiv_num,COUNTRY,ARM,EUR,Europe,YEAR,2008,,,,,,,,,210 [170-260],210,170,260,,2025-11-11T14:30:16Z,2008,2008-01-01,2008-12-31
34197,TB_e_mort_exc_tbhiv_num,COUNTRY,PHL,WPR,Western Pacific,YEAR,2001,,,,,,,,,35 000 [32 000-39 000],35000,32000,39000,,2025-11-11T14:30:16Z,2001,2001-01-01,2001-12-31
40818,TB_e_mort_exc_tbhiv_num,COUNTRY,IRN,EMR,Eastern Mediterranean,YEAR,2024,,,,,,,,,920 [890-950],920,890,950,,2025-11-11T14:30:16Z,2024,2024-01-01,2024-12-31
42386,TB_e_mort_exc_tbhiv_num,COUNTRY,JAM,AMR,Americas,YEAR,2013,,,,,,,,,4 [4-4],4,4,4,,2025-11-11T14:30:16Z,2013,2013-01-01,2013-12-31
47020,TB_e_mort_exc_tbhiv_num,COUNTRY,DEU,EUR,Europe,YEAR,2024,,,,,,,,,290 [280-300],290,280,300,,2025-11-11T14:30:16Z,2024,2024-01-01,2024-12-31
60264,TB_e_mort_exc_tbhiv_num,COUNTRY,LBY,EMR,Eastern Mediterranean,YEAR,2001,,,,,,,,,790 [370-1400],790,370,1400,,2025-11-11T14:30:16Z,2001,2001-01-01,2001-12-31
72453,TB_e_mort_exc_tbhiv_num,COUNTRY,LTU,EUR,Europe,YEAR,2008,,,,,,,,,360 [350-370],360,350,370,,2025-11-11T14:30:16Z,2008,2008-01-01,2008-12-31
72540,TB_e_mort_exc_tbhiv_num,COUNTRY,BIH,EUR,Europe,YEAR,2014,,,,,,,,,120 [120-130],120,120,130,,2025-11-11T14:30:16Z,2014,2014-01-01,2014-12-31
79601,TB_e_mort_exc_tbhiv_num,COUNTRY,HND,AMR,Americas,YEAR,2010,,,,,,,,,370 [300-440],370,300,440,,2025-11-11T14:30:16Z,2010,2010-01-01,2010-12-31
85651,TB_e_mort_exc_tbhiv_num,COUNTRY,USA,AMR,Americas,YEAR,2024,,,,,,,,,540 [540-550],540,540,550,,2025-11-11T14:30:16Z,2024,2024-01-01,2024-12-31
86013,TB_e_mort_exc_tbhiv_num,COUNTRY,ARE,EMR,Eastern Mediterranean,YEAR,2005,,,,,,,,,31 [22-40],31,22,40,,2025-11-11T14:30:16Z,2005,2005-01-01,2005-12-31
97717,TB_e_mort_exc_tbhiv_num,COUNTRY,MUS,AFR,Africa,YEAR,2019,,,,,,,,,17 [17-17],17,17,17,,2025-11-11T14:30:16Z,2019,2019-01-01,2019-12-31
98833,TB_e_mort_exc_tbhiv_num,COUNTRY,MWI,AFR,Africa,YEAR,2024,,,,,,,,,1900 [850-3300],1900,850,3300,,2025-11-11T14:30:16Z,2024,2024-01-01,2024-12-31
104292,TB_e_mort_exc_tbhiv_num,COUNTRY,GNQ,AFR,Africa,YEAR,2023,,,,,,,,,64 [17-140],64,17,140,,2025-11-11T14:30:16Z,2023,2023-01-01,2023-12-31
110507,TB_e_mort_exc_tbhiv_num,COUNTRY,JAM,AMR,Americas,YEAR,2008,,,,,,,,,12 [11-13],12,11,13,,2025-11-11T14:30:16Z,2008,2008-01-01,2008-12-31
110567,TB_e_mort_exc_tbhiv_num,COUNTRY,FSM,WPR,Western Pacific,YEAR,2008,,,,,,,,,120 [80-160],120,80,160,,2025-11-11T14:30:16Z,2008,2008-01-01,2008-12-31
111856,TB_e_mort_exc_tbhiv_num,COUNTRY,KIR,WPR,Western Pacific,YEAR,2010,,,,,,,,,44 [38-50],44,38,50,,2025-11-11T14:30:16Z,2010,2010-01-01,2010-12-31
117498,TB_e_mort_exc_tbhiv_num,COUNTRY,SLV,AMR,Americas,YEAR,2006,,,,,,,,,59 [53-66],59,53,66,,2025-11-11T14:30:16Z,2006,2006-01-01,2006-12-31
123203,TB_e_mort_exc_tbhiv_num,COUNTRY,ARE,EMR,Eastern Mediterranean,YEAR,2007,,,,,,,,,41 [29-56],41,29,56,,2025-11-11T14:30:16Z,2007,2007-01-01,2007-12-31
130888,TB_e_mort_exc_tbhiv_num,COUNTRY,UZB,EUR,Europe,YEAR,2005,,,,,,,,,5000 [3200-7100],5000,3200,7100,,2025-11-11T14:30:16Z,2005,2005-01-01,2005-12-31
155173,TB_e_mort_exc_tbhiv_num,COUNTRY,QAT,EMR,Eastern Mediterranean,YEAR,2007,,,,,,,,,4 [3-5],4,3,5,,2025-11-11T14:30:16Z,2007,2007-01-01,2007-12-31
155646,TB_e_mort_exc_tbhiv_num,COUNTRY,GHA,AFR,Africa,YEAR,2017,,,,,,,,,11 000 [4900-19 000],11000,4900,19000,,2025-11-11T14:30:16Z,2017,2017-01-01,2017-12-31
155968,TB_e_mort_exc_tbhiv_num,COUNTRY,JOR,EMR,Eastern Mediterranean,YEAR,2014,,,,,,,,,11 [9-13],11,9,13,,2025-11-11T14:30:16Z,2014,2014-01-01,2014-12-31
168036,TB_e_mort_exc_tbhiv_num,COUNTRY,CPV,AFR,Africa,YEAR,2010,,,,,,,,,32 [27-37],32,27,37,,2025-11-11T14:30:16Z,2010,2010-01-01,2010-12-31
181237,TB_e_mort_exc_tbhiv_num,COUNTRY,LBR,AFR,Africa,YEAR,2011,,,,,,,,,2200 [1500-3000],2200,1500,3000,,2025-11-11T14:30:16Z,2011,2011-01-01,2011-12-31
193792,TB_e_mort_exc_tbhiv_num,COUNTRY,ZAF,AFR,Africa,YEAR,2012,,,,,,,,,23 000 [22 000-24 000],23000,22000,24000,,2025-11-11T14:30:16Z,2012,2012-01-01,2012-12-31
199964,TB_e_mort_exc_tbhiv_num,COUNTRY,MDV,SEAR,South-East Asia,YEAR,2003,,,,,,,,,7 [6-9],7,6,9,,2025-11-11T14:30:16Z,2003,2003-01-01,2003-12-31
206900,TB_e_mort_exc_tbhiv_num,COUNTRY,AGO,AFR,Africa,YEAR,2022,,,,,,,,,26 000 [16 000-38 000],26000,16000,38000,,2025-11-11T14:30:16Z,2022,2022-01-01,2022-12-31
212829,TB_e_mort_exc_tbhiv_num,COUNTRY,BRA,AMR,Americas,YEAR,2007,,,,,,,,,5600 [5400-5900],5600,5400,5900,,2025-11-11T14:30:16Z,2007,2007-01-01,2007-12-31
224566,TB_e_mort_exc_tbhiv_num,COUNTRY,PAK,EMR,Eastern Mediterranean,YEAR,2008,,,,,,,,,55 000 [48 000-63 000],55000,48000,63000,,2025-11-11T14:30:16Z,2008,2008-01-01,2008-12-31
230800,TB_e_mort_exc_tbhiv_num,COUNTRY,ISR,EUR,Europe,YEAR,2023,,,,,,,,,22 [21-23],22,21,23,,2025-11-11T14:30:16Z,2023,2023-01-01,2023-12-31
237949,TB_e_mort_exc_tbhiv_num,COUNTRY,AFG,EMR,Eastern Mediterranean,YEAR,2017,,,,,,,,,13 000 [9500-18 000],13000,9500,18000,,2025-11-11T14:30:16Z,2017,2017-01-01,2017-12-31
238146,TB_e_mort_exc_tbhiv_num,COUNTRY,KGZ,EUR,Europe,YEAR,2014,,,,,,,,,480 [480-490],480,480,490,,2025-11-11T14:30:16Z,2014,2014-01-01,2014-12-31
250916,TB_e_mort_exc_tbhiv_num,COUNTRY,CHN,WPR,Western Pacific,YEAR,2019,,,,,,,,,31 000 [28 000-34 000],31000,28000,34000,,2025-11-11T14:30:16Z,2019,2019-01-01,2019-12-31
263237,TB_e_mort_exc_tbhiv_num,COUNTRY,IRQ,EMR,Eastern Mediterranean,YEAR,2014,,,,,,,,,1000 [940-1100],1000,940,1100,,2025-11-11T14:30:16Z,2014,2014-01-01,2014-12-31
264150,TB_e_mort_exc_tbhiv_num,COUNTRY,ARM,EUR,Europe,YEAR,2016,,,,,,,,,56 [56-57],56,56,57,,2025-11-11T14:30:16Z,2016,2016-01-01,2016-12-31
269226,TB_e_mort_exc_tbhiv_num,COUNTRY,PHL,WPR,Western Pacific,YEAR,2023,,,,,,,,,37 000 [33 000-42 000],37000,33000,42000,,2025-11-11T14:30:16Z,2023,2023-01-01,2023-12-31
281939,TB_e_mort_exc_tbhiv_num,COUNTRY,VUT,WPR,Western Pacific,YEAR,2008,,,,,,,,,110 [83-140],110,83,140,,2025-11-11T14:30:16Z,2008,2008-01-01,2008-12-31
282097,TB_e_mort_exc_tbhiv_num,COUNTRY,PRI,AMR,Americas,YEAR,2016,,,,,,,,,13 [13-13],13,13,13,,2025-11-11T14:30:16Z,2016,2016-01-01,2016-12-31
282735,TB_e_mort_exc_tbhiv_num,COUNTRY,MYS,WPR,Western Pacific,YEAR,2018,,,,,,,,,1500 [1100-1900],1500,1100,1900,,2025-11-11T14:30:16Z,2018,2018-01-01,2018-12-31
294759,TB_e_mort_exc_tbhiv_num,COUNTRY,ARG,AMR,Americas,YEAR,2019,,,,,,,,,630 [610-660],630,610,660,,2025-11-11T14:30:16Z,2019,2019-01-01,2019-12-31
308126,TB_e_mort_exc_tbhiv_num,COUNTRY,JPN,WPR,Western Pacific,YEAR,2014,,,,,,,,,3300 [3200-3400],3300,3200,3400,,2025-11-11T14:30:16Z,2014,2014-01-01,2014-12-31
313391,TB_e_mort_exc_tbhiv_num,COUNTRY,MLI,AFR,Africa,YEAR,2002,,,,,,,,,1800 [930-2900],1800,930,2900,,2025-11-11T14:30:16Z,2002,2002-01-01,2002-12-31
314422,TB_e_mort_exc_tbhiv_num,COUNTRY,BFA,AFR,Africa,YEAR,2004,,,,,,,,,3000 [1200-5500],3000,1200,5500,,2025-11-11T14:30:16Z,2004,2004-01-01,2004-12-31
314509,TB_e_mort_exc_tbhiv_num,COUNTRY,BLR,EUR,Europe,YEAR,2018,,,,,,,,,280 [260-300],280,260,300,,2025-11-11T14:30:16Z,2018,2018-01-01,2018-12-31
325837,TB_e_mort_exc_tbhiv_num,WORLDBANKINCOMEGROUP,WB_LI,,,YEAR,2008,,,,,,,,,219 000 [156 000-292 000],219000,156000,292000,,2025-11-11T14:30:16Z,2008,2008-01-01,2008-12-31
333424,TB_e_mort_exc_tbhiv_num,COUNTRY,LBY,EMR,Eastern Mediterranean,YEAR,2009,,,,,,,,,610 [300-1000],610,300,1000,,2025-11-11T14:30:16Z,2009,2009-01-01,2009-12-31
363408,TB_e_mort_exc_tbhiv_num,COUNTRY,SLE,AFR,Africa,YEAR,2002,,,,,,,,,9700 [4100-18 000],9700,4100,18000,,2025-11-11T14:30:16Z,2002,2002-01-01,2002-12-31
363926,TB_e_mort_exc_tbhiv_num,COUNTRY,CHN,WPR,Western Pacific,YEAR,2010,,,,,,,,,52 000 [47 000-58 000],52000,47000,58000,,2025-11-11T14:30:16Z,2010,2010-01-01,2010-12-31
364111,TB_e_mort_exc_tbhiv_num,COUNTRY,MDG,AFR,Africa,YEAR,2000,,,,,,,,,8200 [5700-11 000],8200,5700,11000,,2025-11-11T14:30:16Z,2000,2000-01-01,2000-12-31
364439,TB_e_mort_exc_tbhiv_num,COUNTRY,HKG,,,YEAR,2018,,,,,,,,,170 [170-180],170,170,180,,2025-11-11T14:30:16Z,2018,2018-01-01,2018-12-31
364607,TB_e_mort_exc_tbhiv_num,COUNTRY,FSM,WPR,Western Pacific,YEAR,2023,,,,,,,,,110 [74-150],110,74,150,,2025-11-11T14:30:16Z,2023,2023-01-01,2023-12-31
364860,TB_e_mort_exc_tbhiv_num,COUNTRY,GNB,AFR,Africa,YEAR,2012,,,,,,,,,570 [390-770],570,390,770,,2025-11-11T14:30:16Z,2012,2012-01-01,2012-12-31
376331,TB_e_mort_exc_tbhiv_num,WORLDBANKINCOMEGROUP,WB_LI,,,YEAR,2024,,,,,,,,,168 000 [129 000-211 000],168000,129000,211000,,2025-11-11T14:30:16Z,2024,2024-01-01,2024-12-31
376898,TB_e_mort_exc_tbhiv_num,COUNTRY,MKD,EUR,Europe,YEAR,2002,,,,,,,,,79 [75-84],79,75,84,,2025-11-11T14:30:16Z,2002,2002-01-01,2002-12-31
383334,TB_e_mort_exc_tbhiv_num,COUNTRY,GBR,EUR,Europe,YEAR,2004,,,,,,,,,450 [450-460],450,450,460,,2025-11-11T14:30:16Z,2004,2004-01-01,2004-12-31
394615,TB_e_mort_exc_tbhiv_num,COUNTRY,LKA,SEAR,South-East Asia,YEAR,2004,,,,,,,,,1800 [1200-2600],1800,1200,2600,,2025-11-11T14:30:16Z,2004,2004-01-01,2004-12-31
395642,TB_e_mort_exc_tbhiv_num,COUNTRY,COD,AFR,Africa,YEAR,2024,,,,,,,,,59 000 [27 000-103 000],59000,27000,103000,,2025-11-11T14:30:16Z,2024,2024-01-01,2024-12-31
401607,TB_e_mort_exc_tbhiv_num,COUNTRY,ITA,EUR,Europe,YEAR,2013,,,,,,,,,270 [270-270],270,270,270,,2025-11-11T14:30:16Z,2013,2013-01-01,2013-12-31
408607,TB_e_mort_exc_tbhiv_num,COUNTRY,MUS,AFR,Africa,YEAR,2017,,,,,,,,,21 [21-22],21,21,22,,2025-11-11T14:30:16Z,2017,2017-01-01,2017-12-31
421762,TB_e_mort_exc_tbhiv_num,COUNTRY,EST,EUR,Europe,YEAR,2003,,,,,,,,,140 [99-190],140,99,190,,2025-11-11T14:30:16Z,2003,2003-01-01,2003-12-31
422047,TB_e_mort_exc_tbhiv_num,COUNTRY,GTM,AMR,Americas,YEAR,2022,,,,,,,,,320 [250-400],320,250,400,,2025-11-11T14:30:16Z,2022,2022-01-01,2022-12-31
422081,TB_e_mort_exc_tbhiv_num,COUNTRY,VNM,WPR,Western Pacific,YEAR,2001,,,,,,,,,31 000 [18 000-47 000],31000,18000,47000,,2025-11-11T14:30:16Z,2001,2001-01-01,2001-12-31
427749,TB_e_mort_exc_tbhiv_num,COUNTRY,MDA,EUR,Europe,YEAR,2023,,,,,,,,,190 [160-230],190,160,230,,2025-11-11T14:30:16Z,2023,2023-01-01,2023-12-31
445842,TB_e_mort_exc_tbhiv_num,COUNTRY,VEN,AMR,Americas,YEAR,2022,,,,,,,,,650 [440-900],650,440,900,,2025-11-11T14:30:16Z,2022,2022-01-01,2022-12-31
446265,TB_e_mort_exc_tbhiv_num,COUNTRY,DJI,EMR,Eastern Mediterranean,YEAR,2015,,,,,,,,,1800 [1300-2500],1800,1300,2500,,2025-11-11T14:30:16Z,2015,2015-01-01,2015-12-31
447265,TB_e_mort_exc_tbhiv_num,COUNTRY,CHN,WPR,Western Pacific,YEAR,2007,,,,,,,,,61 000 [55 000-68 000],61000,55000,68000,,2025-11-11T14:30:16Z,2007,2007-01-01,2007-12-31
464251,TB_e_mort_exc_tbhiv_num,COUNTRY,IND,SEAR,South-East Asia,YEAR,2007,,,,,,,,,560 000 [420 000-720 000],560000,420000,720000,,2025-11-11T14:30:16Z,2007,2007-01-01,2007-12-31
464543,TB_e_mort_exc_tbhiv_num,COUNTRY,ZAF,AFR,Africa,YEAR,2022,,,,,,,,,24 000 [23 000-25 000],24000,23000,25000,,2025-11-11T14:30:16Z,2022,2022-01-01,2022-12-31
484597,TB_e_mort_exc_tbhiv_num,COUNTRY,FRA,EUR,Europe,YEAR,2021,,,,,,,,,300 [290-320],300,290,320,,2025-11-11T14:30:16Z,2021,2021-01-01,2021-12-31
496023,TB_e_mort_exc_tbhiv_num,COUNTRY,MEX,AMR,Americas,YEAR,2016,,,,,,,,,2200 [2200-2200],2200,2200,2200,,2025-11-11T14:30:16Z,2016,2016-01-01,2016-12-31
508156,TB_e_mort_exc_tbhiv_num,COUNTRY,ZAF,AFR,Africa,YEAR,2023,,,,,,,,,25 000 [23 000-26 000],25000,23000,26000,,2025-11-11T14:30:16Z,2023,2023-01-01,2023-12-31
508562,TB_e_mort_exc_tbhiv_num,COUNTRY,TKM,EUR,Europe,YEAR,2007,,,,,,,,,970 [790-1200],970,790,1200,,2025-11-11T14:30:16Z,2007,2007-01-01,2007-12-31
522628,TB_e_mort_exc_tbhiv_num,COUNTRY,MOZ,AFR,Africa,YEAR,2013,,,,,,,,,8300 [4800-13 000],8300,4800,13000,,2025-11-11T14:30:16Z,2013,2013-01-01,2013-12-31
522794,TB_e_mort_exc_tbhiv_num,COUNTRY,AZE,EUR,Europe,YEAR,2016,,,,,,,,,580 [540-630],580,540,630,,2025-11-11T14:30:16Z,2016,2016-01-01,2016-12-31
528392,TB_e_mort_exc_tbhiv_num,COUNTRY,CRI,AMR,Americas,YEAR,2012,,,,,,,,,50 [49-50],50,49,50,,2025-11-11T14:30:16Z,2012,2012-01-01,2012-12-31
541159,TB_e_mort_exc_tbhiv_num,COUNTRY,HRV,EUR,Europe,YEAR,2020,,,,,,,,,26 [26-26],26,26,26,,2025-11-11T14:30:16Z,2020,2020-01-01,2020-12-31
553683,TB_e_mort_exc_tbhiv_num,COUNTRY,BDI,AFR,Africa,YEAR,2020,,,,,,,,,2200 [1400-3300],2200,1400,3300,,2025-11-11T14:30:16Z,2020,2020-01-01,2020-12-31
554329,TB_e_mort_exc_tbhiv_num,COUNTRY,MDG,AFR,Africa,YEAR,2001,,,,,,,,,9100 [6400-12 000],9100,6400,12000,,2025-11-11T14:30:16Z,2001,2001-01-01,2001-12-31
560013,TB_e_mort_exc_tbhiv_num,COUNTRY,NAM,AFR,Africa,YEAR,2019,,,,,,,,,1500 [960-2200],1500,960,2200,,2025-11-11T14:30:16Z,2019,2019-01-01,2019-12-31
566124,TB_e_mort_exc_tbhiv_num,COUNTRY,CRI,AMR,Americas,YEAR,2020,,,,,,,,,36 [30-43],36,30,43,,2025-11-11T14:30:16Z,2020,2020-01-01,2020-12-31
567307,TB_e_mort_exc_tbhiv_num,COUNTRY,TGO,AFR,Africa,YEAR,2019,,,,,,,,,640 [280-1100],640,280,1100,,2025-11-11T14:30:16Z,2019,2019-01-01,2019-12-31
578801,TB_e_mort_exc_tbhiv_num,COUNTRY,FRA,EUR,Europe,YEAR,2002,,,,,,,,,1000 [980-1100],1000,980,1100,,2025-11-11T14:30:16Z,2002,2002-01-01,2002-12-31
585388,TB_e_mort_exc_tbhiv_num,COUNTRY,GTM,AMR,Americas,YEAR,2024,,,,,,,,,400 [340-460],400,340,460,,2025-11-11T14:30:16Z,2024,2024-01-01,2024-12-31
585701,TB_e_mort_exc_tbhiv_num,COUNTRY,FSM,WPR,Western Pacific,YEAR,2006,,,,,,,,,88 [60-120],88,60,120,,2025-11-11T14:30:16Z,2006,2006-01-01,2006-12-31
597381,TB_e_mort_exc_tbhiv_num,COUNTRY,KIR,WPR,Western Pacific,YEAR,2019,,,,,,,,,46 [38-53],46,38,53,,2025-11-11T14:30:16Z,2019,2019-01-01,2019-12-31
597399,TB_e_mort_exc_tbhiv_num,COUNTRY,PRT,EUR,Europe,YEAR,2017,,,,,,,,,200 [200-210],200,200,210,,2025-11-11T14:30:16Z,2017,2017-01-01,2017-12-31
616301,TB_e_mort_exc_tbhiv_num,REGION,SEAR,,,YEAR,2020,,,,,,,,,409 000 [339 000-484 000],409000,339000,484000,,2025-11-11T14:30:16Z,2020,2020-01-01,2020-12-31
616381,TB_e_mort_exc_tbhiv_num,COUNTRY,GBR,EUR,Europe,YEAR,2010,,,,,,,,,370 [360-370],370,360,370,,2025-11-11T14:30:16Z,2010,2010-01-01,2010-12-31
617539,TB_e_mort_exc_tbhiv_num,COUNTRY,FSM,WPR,Western Pacific,YEAR,2013,,,,,,,,,86 [59-120],86,59,120,,2025-11-11T14:30:16Z,2013,2013-01-01,2013-12-31
622711,TB_e_mort_exc_tbhiv_num,WORLDBANKINCOMEGROUP,WB_UMI,,,YEAR,2004,,,,,,,,,285 000 [269 000-301 000],285000,269000,301000,,2025-11-11T14:30:16Z,2004,2004-01-01,2004-12-31
634701,TB_e_mort_exc_tbhiv_num,COUNTRY,NIC,AMR,Americas,YEAR,2010,,,,,,,,,190 [190-190],190,190,190,,2025-11-11T14:30:16Z,2010,2010-01-01,2010-12-31
635886,TB_e_mort_exc_tbhiv_num,COUNTRY,BTN,SEAR,South-East Asia,YEAR,2012,,,,,,,,,680 [470-930],680,470,930,,2025-11-11T14:30:16Z,2012,2012-01-01,2012-12-31
648027,TB_e_mort_exc_tbhiv_num,COUNTRY,SLV,AMR,Americas,YEAR,2007,,,,,,,,,96 [85-110],96,85,110,,2025-11-11T14:30:16Z,2007,2007-01-01,2007-12-31
655164,TB_e_mort_exc_tbhiv_num,COUNTRY,ZAF,AFR,Africa,YEAR,2009,,,,,,,,,29 000 [28 000-31 000],29000,28000,31000,,2025-11-11T14:30:16Z,2009,2009-01-01,2009-12-31
679473,TB_e_mort_exc_tbhiv_num,COUNTRY,VEN,AMR,Americas,YEAR,2015,,,,,,,,,700 [690-710],700,690,710,,2025-11-11T14:30:16Z,2015,2015-01-01,2015-12-31
697714,TB_e_mort_exc_tbhiv_num,REGION,EUR,,,YEAR,2020,,,,,,,,,19 000 [18 000-19 000],19000,18000,19000,,2025-11-11T14:30:16Z,2020,2020-01-01,2020-12-31
698471,TB_e_mort_exc_tbhiv_num,COUNTRY,GMB,AFR,Africa,YEAR,2016,,,,,,,,,490 [320-700],490,320,700,,2025-11-11T14:30:16Z,2016,2016-01-01,2016-12-31
705081,TB_e_mort_exc_tbhiv_num,COUNTRY,CMR,AFR,Africa,YEAR,2004,,,,,,,,,5600 [3300-8500],5600,3300,8500,,2025-11-11T14:30:16Z,2004,2004-01-01,2004-12-31
710620,TB_e_mort_exc_tbhiv_num,COUNTRY,SWZ,AFR,Africa,YEAR,2020,,,,,,,,,350 [90-780],350,90,780,,2025-11-11T14:30:16Z,2020,2020-01-01,2020-12-31
710759,TB_e_mort_exc_tbhiv_num,COUNTRY,LBY,EMR,Eastern Mediterranean,YEAR,2010,,,,,,,,,600 [260-1100],600,260,1100,,2025-11-11T14:30:16Z,2010,2010-01-01,2010-12-31
742821,TB_e_mort_exc_tbhiv_num,COUNTRY,BEL,EUR,Europe,YEAR,2020,,,,,,,,,41 [40-43],41,40,43,,2025-11-11T14:30:16Z,2020,2020-01-01,2020-12-31
749311,TB_e_mort_exc_tbhiv_num,COUNTRY,GBR,EUR,Europe,YEAR,2007,,,,,,,,,390 [380-390],390,380,390,,2025-11-11T14:30:16Z,2007,2007-01-01,2007-12-31
762079,TB_e_mort_exc_tbhiv_num,COUNTRY,BEN,AFR,Africa,YEAR,2006,,,,,,,,,1400 [870-2100],1400,870,2100,,2025-11-11T14:30:16Z,2006,2006-01-01,2006-12-31
775266,TB_e_mort_exc_tbhiv_num,COUNTRY,LUX,EUR,Europe,YEAR,2014,,,,,,,,,1 [1-1],1,1,1,,2025-11-11T14:30:16Z,2014,2014-01-01,2014-12-31
780058,TB_e_mort_exc_tbhiv_num,COUNTRY,JPN,WPR,Western Pacific,YEAR,2008,,,,,,,,,4000 [3900-4100],4000,3900,4100,,2025-11-11T14:30:16Z,2008,2008-01-01,2008-12-31
799043,TB_e_mort_exc_tbhiv_num,COUNTRY,BRN,WPR,Western Pacific,YEAR,2007,,,,,,,,,9 [9-9],9,9,9,,2025-11-11T14:30:16Z,2007,2007-01-01,2007-12-31
813414,TB_e_mort_exc_tbhiv_num,COUNTRY,TGO,AFR,Africa,YEAR,2004,,,,,,,,,730 [380-1200],730,380,1200,,2025-11-11T14:30:16Z,2004,2004-01-01,2004-12-31
824881,TB_e_mort_exc_tbhiv_num,COUNTRY,NER,AFR,Africa,YEAR,2010,,,,,,,,,4400 [2900-6200],4400,2900,6200,,2025-11-11T14:30:16Z,2010,2010-01-01,2010-12-31
825240,TB_e_mort_exc_tbhiv_num,COUNTRY,CIV,AFR,Africa,YEAR,2007,,,,,,,,,5600 [3100-8700],5600,3100,8700,,2025-11-11T14:30:16Z,2007,2007-01-01,2007-12-31
832027,TB_e_mort_exc_tbhiv_num,COUNTRY,MWI,AFR,Africa,YEAR,2010,,,,,,,,,3000 [630-7100],3000,630,7100,,2025-11-11T14:30:16Z,2010,2010-01-01,2010-12-31
832559,TB_e_mort_exc_tbhiv_num,COUNTRY,MMR,SEAR,South-East Asia,YEAR,2000,,,,,,,,,104 000 [57 000-165 000],104000,57000,165000,,2025-11-11T14:30:16Z,2000,2000-01-01,2000-12-31
837656,TB_e_mort_exc_tbhiv_num,COUNTRY,JPN,WPR,Western Pacific,YEAR,2002,,,,,,,,,4500 [4400-4500],4500,4400,4500,,2025-11-11T14:30:16Z,2002,2002-01-01,2002-12-31
838491,TB_e_mort_exc_tbhiv_num,COUNTRY,CRI,AMR,Americas,YEAR,2011,,,,,,,,,61 [60-61],61,60,61,,2025-11-11T14:30:16Z,2011,2011-01-01,2011-12-31
843777,TB_e_mort_exc_tbhiv_num,COUNTRY,ZAF,AFR,Africa,YEAR,2005,,,,,,,,,35 000 [34 000-37 000],35000,34000,37000,,2025-11-11T14:30:16Z,2005,2005-01-01,2005-12-31
850923,TB_e_mort_exc_tbhiv_num,COUNTRY,DEU,EUR,Europe,YEAR,2014,,,,,,,,,320 [320-330],320,320,330,,2025-11-11T14:30:16Z,2014,2014-01-01,2014-12-31
851413,TB_e_mort_exc_tbhiv_num,COUNTRY,GEO,EUR,Europe,YEAR,2012,,,,,,,,,250 [210-300],250,210,300,,2025-11-11T14:30:16Z,2012,2012-01-01,2012-12-31
863431,TB_e_mort_exc_tbhiv_num,COUNTRY,QAT,EMR,Eastern Mediterranean,YEAR,2004,,,,,,,,,3 [3-4],3,3,4,,2025-11-11T14:30:16Z,2004,2004-01-01,2004-12-31
875681,TB_e_mort_exc_tbhiv_num,COUNTRY,GTM,AMR,Americas,YEAR,2000,,,,,,,,,550 [500-600],550,500,600,,2025-11-11T14:30:16Z,2000,2000-01-01,2000-12-31
876129,TB_e_mort_exc_tbhiv_num,COUNTRY,UZB,EUR,Europe,YEAR,2013,,,,,,,,,2700 [2100-3400],2700,2100,3400,,2025-11-11T14:30:16Z,2013,2013-01-01,2013-12-31
876581,TB_e_mort_exc_tbhiv_num,COUNTRY,NPL,SEAR,South-East Asia,YEAR,2007,,,,,,,,,25 000 [15 000-37 000],25000,15000,37000,,2025-11-11T14:30:16Z,2007,2007-01-01,2007-12-31
882288,TB_e_mort_exc_tbhiv_num,COUNTRY,MDA,EUR,Europe,YEAR,2020,,,,,,,,,110 [110-110],110,110,110,,2025-11-11T14:30:16Z,2020,2020-01-01,2020-12-31
882991,TB_e_mort_exc_tbhiv_num,COUNTRY,BGD,SEAR,South-East Asia,YEAR,2014,,,,,,,,,72 000 [46 000-103 000],72000,46000,103000,,2025-11-11T14:30:16Z,2014,2014-01-01,2014-12-31
888259,TB_e_mort_exc_tbhiv_num,COUNTRY,TUN,EMR,Eastern Mediterranean,YEAR,2001,,,,,,,,,160 [130-200],160,130,200,,2025-11-11T14:30:16Z,2001,2001-01-01,2001-12-31
900749,TB_e_mort_exc_tbhiv_num,COUNTRY,NLD,EUR,Europe,YEAR,2005,,,,,,,,,73 [71-75],73,71,75,,2025-11-11T14:30:16Z,2005,2005-01-01,2005-12-31
900974,TB_e_mort_exc_tbhiv_num,COUNTRY,CHN,WPR,Western Pacific,YEAR,2023,,,,,,,,,25 000 [23 000-28 000],25000,23000,28000,,2025-11-11T14:30:16Z,2023,2023-01-01,2023-12-31
902581,TB_e_mort_exc_tbhiv_num,COUNTRY,BLZ,AMR,Americas,YEAR,2012,,,,,,,,,7 [7-7],7,7,7,,2025-11-11T14:30:16Z,2012,2012-01-01,2012-12-31
907254,TB_e_mort_exc_tbhiv_num,COUNTRY,GRC,EUR,Europe,YEAR,2024,,,,,,,,,42 [40-44],42,40,44,,2025-11-11T14:30:16Z,2024,2024-01-01,2024-12-31
907678,TB_e_mort_exc_tbhiv_num,COUNTRY,NER,AFR,Africa,YEAR,2014,,,,,,,,,4000 [2500-5800],4000,2500,5800,,2025-11-11T14:30:16Z,2014,2014-01-01,2014-12-31
913490,TB_e_mort_exc_tbhiv_num,COUNTRY,NLD,EUR,Europe,YEAR,2023,,,,,,,,,20 [19-20],20,19,20,,2025-11-11T14:30:16Z,2023,2023-01-01,2023-12-31
927062,TB_e_mort_exc_tbhiv_num,COUNTRY,ZAF,AFR,Africa,YEAR,2001,,,,,,,,,28 000 [27 000-29 000],28000,27000,29000,,2025-11-11T14:30:16Z,2001,2001-01-01,2001-12-31
927400,TB_e_mort_exc_tbhiv_num,COUNTRY,FRA,EUR,Europe,YEAR,2020,,,,,,,,,310 [290-330],310,290,330,,2025-11-11T14:30:16Z,2020,2020-01-01,2020-12-31
932263,TB_e_mort_exc_tbhiv_num,COUNTRY,BOL,AMR,Americas,YEAR,2016,,,,,,,,,1300 [950-1700],1300,950,1700,,2025-11-11T14:30:16Z,2016,2016-01-01,2016-12-31
946183,TB_e_mort_exc_tbhiv_num,COUNTRY,TUR,EUR,Europe,YEAR,2006,,,,,,,,,610 [440-810],610,440,810,,2025-11-11T14:30:16Z,2006,2006-01-01,2006-12-31
952034,TB_e_mort_exc_tbhiv_num,COUNTRY,AUS,WPR,Western Pacific,YEAR,2007,,,,,,,,,51 [51-52],51,51,52,,2025-11-11T14:30:16Z,2007,2007-01-01,2007-12-31
952516,TB_e_mort_exc_tbhiv_num,COUNTRY,MNE,EUR,Europe,YEAR,2005,,,,,,,,,4 [3-4],4,3,4,,2025-11-11T14:30:16Z,2005,2005-01-01,2005-12-31
952866,TB_e_mort_exc_tbhiv_num,COUNTRY,ZWE,AFR,Africa,YEAR,2024,,,,,,,,,3000 [1100-5900],3000,1100,5900,,2025-11-11T14:30:16Z,2024,2024-01-01,2024-12-31
958493,TB_e_mort_exc_tbhiv_num,COUNTRY,BTN,SEAR,South-East Asia,YEAR,2008,,,,,,,,,790 [550-1100],790,550,1100,,2025-11-11T14:30:16Z,2008,2008-01-01,2008-12-31
959131,TB_e_mort_exc_tbhiv_num,COUNTRY,ITA,EUR,Europe,YEAR,2002,,,,,,,,,460 [450-460],460,450,460,,2025-11-11T14:30:16Z,2002,2002-01-01,2002-12-31
959391,TB_e_mort_exc_tbhiv_num,COUNTRY,LVA,EUR,Europe,YEAR,2011,,,,,,,,,82 [79-86],82,79,86,,2025-11-11T14:30:16Z,2011,2011-01-01,2011-12-31
964668,TB_e_mort_exc_tbhiv_num,COUNTRY,EGY,EMR,Eastern Mediterranean,YEAR,2015,,,,,,,,,430 [390-470],430,390,470,,2025-11-11T14:30:16Z,2015,2015-01-01,2015-12-31
971468,TB_e_mort_exc_tbhiv_num,COUNTRY,SUR,AMR,Americas,YEAR,2000,,,,,,,,,5 [4-5],5,4,5,,2025-11-11T14:30:16Z,2000,2000-01-01,2000-12-31
977516,TB_e_mort_exc_tbhiv_num,COUNTRY,SVK,EUR,Europe,YEAR,2013,,,,,,,,,21 [20-21],21,20,21,,2025-11-11T14:30:16Z,2013,2013-01-01,2013-12-31
978297,TB_e_mort_exc_tbhiv_num,COUNTRY,KGZ,EUR,Europe,YEAR,2013,,,,,,,,,590 [580-590],590,580,590,,2025-11-11T14:30:16Z,2013,2013-01-01,2013-12-31
989441,TB_e_mort_exc_tbhiv_num,COUNTRY,LBN,EMR,Eastern Mediterranean,YEAR,2012,,,,,,,,,150 [110-210],150,110,210,,2025-11-11T14:30:16Z,2012,2012-01-01,2012-12-31
990027,TB_e_mort_exc_tbhiv_num,COUNTRY,COM,AFR,Africa,YEAR,2018,,,,,,,,,80 [26-160],80,26,160,,2025-11-11T14:30:16Z,2018,2018-01-01,2018-12-31
996357,TB_e_mort_exc_tbhiv_num,WORLDBANKINCOMEGROUP,WB_LMI,,,YEAR,2019,,,,,,,,,748 000 [641 000-864 000],748000,641000,864000,,2025-11-11T14:30:16Z,2019,2019-01-01,2019-12-31
997269,TB_e_mort_exc_tbhiv_num,COUNTRY,UKR,EUR,Europe,YEAR,2007,,,,,,,,,11 000 [11 000-11 000],11000,11000,11000,,2025-11-11T14:30:16Z,2007,2007-01-01,2007-12-31
1003320,TB_e_mort_exc_tbhiv_num,COUNTRY,MDV,SEAR,South-East Asia,YEAR,2009,,,,,,,,,8 [7-9],8,7,9,,2025-11-11T14:30:16Z,2009,2009-01-01,2009-12-31
1003642,TB_e_mort_exc_tbhiv_num,WORLDBANKINCOMEGROUP,WB_HI,,,YEAR,2014,,,,,,,,,29 000 [28 000-30 000],29000,28000,30000,,2025-11-11T14:30:16Z,2014,2014-01-01,2014-12-31
1008441,TB_e_mort_exc_tbhiv_num,COUNTRY,RWA,AFR,Africa,YEAR,2018,,,,,,,,,650 [410-930],650,410,930,,2025-11-11T14:30:16Z,2018,2018-01-01,2018-12-31
1009209,TB_e_mort_exc_tbhiv_num,COUNTRY,COD,AFR,Africa,YEAR,2013,,,,,,,,,90 000 [37 000-164 000],90000,37000,164000,,2025-11-11T14:30:16Z,2013,2013-01-01,2013-12-31
1009545,TB_e_mort_exc_tbhiv_num,COUNTRY,KEN,AFR,Africa,YEAR,2004,,,,,,,,,27 000 [12 000-49 000],27000,12000,49000,,2025-11-11T14:30:16Z,2004,2004-01-01,2004-12-31
1016511,TB_e_mort_exc_tbhiv_num,COUNTRY,ZWE,AFR,Africa,YEAR,2022,,,,,,,,,3300 [1300-6300],3300,1300,6300,,2025-11-11T14:30:16Z,2022,2022-01-01,2022-12-31
1028623,TB_e_mort_exc_tbhiv_num,REGION,AMR,,,YEAR,2022,,,,,,,,,25 000 [23 000-26 000],25000,23000,26000,,2025-11-11T14:30:16Z,2022,2022-01-01,2022-12-31
1035081,TB_e_mort_exc_tbhiv_num,COUNTRY,MYS,WPR,Western Pacific,YEAR,2016,,,,,,,,,1900 [1000-3000],1900,1000,3000,,2025-11-11T14:30:16Z,2016,2016-01-01,2016-12-31
1039816,TB_e_mort_exc_tbhiv_num,COUNTRY,FSM,WPR,Western Pacific,YEAR,2001,,,,,,,,,110 [75-150],110,75,150,,2025-11-11T14:30:16Z,2001,2001-01-01,2001-12-31
1039993,TB_e_mort_exc_tbhiv_num,COUNTRY,UZB,EUR,Europe,YEAR,2002,,,,,,,,,6200 [4100-8800],6200,4100,8800,,2025-11-11T14:30:16Z,2002,2002-01-01,2002-12-31
1041484,TB_e_mort_exc_tbhiv_num,COUNTRY,BOL,AMR,Americas,YEAR,2007,,,,,,,,,1700 [1400-2100],1700,1400,2100,,2025-11-11T14:30:16Z,2007,2007-01-01,2007-12-31
1046170,TB_e_mort_exc_tbhiv_num,COUNTRY,VNM,WPR,Western Pacific,YEAR,2017,,,,,,,,,12 000 [7400-17 000],12000,7400,17000,,2025-11-11T14:30:16Z,2017,2017-01-01,2017-12-31
1046613,TB_e_mort_exc_tbhiv_num,COUNTRY,POL,EUR,Europe,YEAR,2020,,,,,,,,,540 [510-570],540,510,570,,2025-11-11T14:30:16Z,2020,2020-01-01,2020-12-31
1052905,TB_e_mort_exc_tbhiv_num,REGION,EMR,,,YEAR,2006,,,,,,,,,109 000 [97 000-121 000],109000,97000,121000,,2025-11-11T14:30:16Z,2006,2006-01-01,2006-12-31
1053170,TB_e_mort_exc_tbhiv_num,COUNTRY,STP,AFR,Africa,YEAR,2014,,,,,,,,,62 [42-85],62,42,85,,2025-11-11T14:30:16Z,2014,2014-01-01,2014-12-31
1060640,TB_e_mort_exc_tbhiv_num,COUNTRY,BHS,AMR,Americas,YEAR,2007,,,,,,,,,4 [3-4],4,3,4,,2025-11-11T14:30:16Z,2007,2007-01-01,2007-12-31
1084660,TB_e_mort_exc_tbhiv_num,COUNTRY,HTI,AMR,Americas,YEAR,2021,,,,,,,,,1500 [930-2100],1500,930,2100,,2025-11-11T14:30:16Z,2021,2021-01-01,2021-12-31
1097285,TB_e_mort_exc_tbhiv_num,COUNTRY,UKR,EUR,Europe,YEAR,2000,,,,,,,,,13 000 [8400-18 000],13000,8400,18000,,2025-11-11T14:30:16Z,2000,2000-01-01,2000-12-31
1105096,TB_e_mort_exc_tbhiv_num,COUNTRY,MRT,AFR,Africa,YEAR,2010,,,,,,,,,1000 [700-1400],1000,700,1400,,2025-11-11T14:30:16Z,2010,2010-01-01,2010-12-31
1116502,TB_e_mort_exc_tbhiv_num,COUNTRY,TUR,EUR,Europe,YEAR,2007,,,,,,,,,650 [470-860],650,470,860,,2025-11-11T14:30:16Z,2007,2007-01-01,2007-12-31
1117668,TB_e_mort_exc_tbhiv_num,COUNTRY,LBY,EMR,Eastern Mediterranean,YEAR,2004,,,,,,,,,920 [470-1500],920,470,1500,,2025-11-11T14:30:16Z,2004,2004-01-01,2004-12-31
1129454,TB_e_mort_exc_tbhiv_num,COUNTRY,EST,EUR,Europe,YEAR,2018,,,,,,,,,13 [13-13],13,13,13,,2025-11-11T14:30:16Z,2018,2018-01-01,2018-12-31
1134901,TB_e_mort_exc_tbhiv_num,COUNTRY,GMB,AFR,Africa,YEAR,2012,,,,,,,,,470 [310-660],470,310,660,,2025-11-11T14:30:16Z,2012,2012-01-01,2012-12-31
1135343,TB_e_mort_exc_tbhiv_num,COUNTRY,CIV,AFR,Africa,YEAR,2023,,,,,,,,,4400 [2600-6500],4400,2600,6500,,2025-11-11T14:30:16Z,2023,2023-01-01,2023-12-31
1147497,TB_e_mort_exc_tbhiv_num,COUNTRY,JOR,EMR,Eastern Mediterranean,YEAR,2006,,,,,,,,,36 [28-45],36,28,45,,2025-11-11T14:30:16Z,2006,2006-01-01,2006-12-31
1173784,TB_e_mort_exc_tbhiv_num,WORLDBANKINCOMEGROUP,WB_UMI,,,YEAR,2014,,,,,,,,,205 000 [197 000-213 000],205000,197000,213000,,2025-11-11T14:30:16Z,2014,2014-01-01,2014-12-31
1174117,TB_e_mort_exc_tbhiv_num,COUNTRY,CMR,AFR,Africa,YEAR,2021,,,,,,,,,6700 [4500-9300],6700,4500,9300,,2025-11-11T14:30:16Z,2021,2021-01-01,2021-12-31
1174531,TB_e_mort_exc_tbhiv_num,COUNTRY,AZE,EUR,Europe,YEAR,2023,,,,,,,,,570 [510-630],570,510,630,,2025-11-11T14:30:16Z,2023,2023-01-01,2023-12-31
1180698,TB_e_mort_exc_tbhiv_num,COUNTRY,NOR,EUR,Europe,YEAR,2008,,,,,,,,,26 [26-27],26,26,27,,2025-11-11T14:30:16Z,2008,2008-01-01,2008-12-31
1187485,TB_e_mort_exc_tbhiv_num,COUNTRY,STP,AFR,Africa,YEAR,2010,,,,,,,,,63 [43-87],63,43,87,,2025-11-11T14:30:16Z,2010,2010-01-01,2010-12-31
1192614,TB_e_mort_exc_tbhiv_num,COUNTRY,TTO,AMR,Americas,YEAR,2004,,,,,,,,,19 [19-20],19,19,20,,2025-11-11T14:30:16Z,2004,2004-01-01,2004-12-31
1204881,TB_e_mort_exc_tbhiv_num,COUNTRY,CAN,AMR,Americas,YEAR,2024,,,,,,,,,82 [79-86],82,79,86,,2025-11-11T14:30:16Z,2024,2024-01-01,2024-12-31
1205398,TB_e_mort_exc_tbhiv_num,COUNTRY,PAN,AMR,Americas,YEAR,2000,,,,,,,,,190 [180-200],190,180,200,,2025-11-11T14:30:16Z,2000,2000-01-01,2000-12-31
1205896,TB_e_mort_exc_tbhiv_num,COUNTRY,CMR,AFR,Africa,YEAR,2008,,,,,,,,,7400 [5200-10 000],7400,5200,10000,,2025-11-11T14:30:16Z,2008,2008-01-01,2008-12-31
1206161,TB_e_mort_exc_tbhiv_num,COUNTRY,TTO,AMR,Americas,YEAR,2019,,,,,,,,,22 [21-22],22,21,22,,2025-11-11T14:30:16Z,2019,2019-01-01,2019-12-31
1212048,TB_e_mort_exc_tbhiv_num,COUNTRY,ETH,AFR,Africa,YEAR,2007,,,,,,,,,45 000 [25 000-71 000],45000,25000,71000,,2025-11-11T14:30:16Z,2007,2007-01-01,2007-12-31
1224432,TB_e_mort_exc_tbhiv_num,COUNTRY,LUX,EUR,Europe,YEAR,2020,,,,,,,,,1 [1-1],1,1,1,,2025-11-11T14:30:16Z,2020,2020-01-01,2020-12-31
1243845,TB_e_mort_exc_tbhiv_num,COUNTRY,SWE,EUR,Europe,YEAR,2008,,,,,,,,,64 [63-65],64,63,65,,2025-11-11T14:30:16Z,2008,2008-01-01,2008-12-31
1249498,TB_e_mort_exc_tbhiv_num,COUNTRY,PRY,AMR,Americas,YEAR,2001,,,,,,,,,180 [150-220],180,150,220,,2025-11-11T14:30:16Z,2001,2001-01-01,2001-12-31
1255995,TB_e_mort_exc_tbhiv_num,COUNTRY,MNE,EUR,Europe,YEAR,2021,,,,,,,,,1 [1-2],1,1,2,,2025-11-11T14:30:16Z,2021,2021-01-01,2021-12-31
1261942,TB_e_mort_exc_tbhiv_num,COUNTRY,ARM,EUR,Europe,YEAR,2015,,,,,,,,,68 [67-69],68,67,69,,2025-11-11T14:30:16Z,2015,2015-01-01,2015-12-31
1267911,TB_e_mort_exc_tbhiv_num,COUNTRY,EGY,EMR,Eastern Mediterranean,YEAR,2010,,,,,,,,,640 [560-730],640,560,730,,2025-11-11T14:30:16Z,2010,2010-01-01,2010-12-31
1268259,TB_e_mort_exc_tbhiv_num,COUNTRY,MLI,AFR,Africa,YEAR,2011,,,,,,,,,2300 [1200-3700],2300,1200,3700,,2025-11-11T14:30:16Z,2011,2011-01-01,2011-12-31
1268359,TB_e_mort_exc_tbhiv_num,COUNTRY,SDN,EMR,Eastern Mediterranean,YEAR,2011,,,,,,,,,8100 [4200-13 000],8100,4200,13000,,2025-11-11T14:30:16Z,2011,2011-01-01,2011-12-31
1293541,TB_e_mort_exc_tbhiv_num,COUNTRY,SAU,EMR,Eastern Mediterranean,YEAR,2018,,,,,,,,,210 [190-240],210,190,240,,2025-11-11T14:30:16Z,2018,2018-01-01,2018-12-31
1294639,TB_e_mort_exc_tbhiv_num,COUNTRY,TGO,AFR,Africa,YEAR,2002,,,,,,,,,580 [260-1000],580,260,1000,,2025-11-11T14:30:16Z,2002,2002-01-01,2002-12-31
1312836,TB_e_mort_exc_tbhiv_num,REGION,AFR,,,YEAR,2007,,,,,,,,,470 000 [385 000-562 000],470000,385000,562000,,2025-11-11T14:30:16Z,2007,2007-01-01,2007-12-31
1319808,TB_e_mort_exc_tbhiv_num,COUNTRY,IRN,EMR,Eastern Mediterranean,YEAR,2013,,,,,,,,,650 [580-720],650,580,720,,2025-11-11T14:30:16Z,2013,2013-01-01,2013-12-31
1326704,TB_e_mort_exc_tbhiv_num,COUNTRY,LKA,SEAR,South-East Asia,YEAR,2003,,,,,,,,,1500 [1200-1800],1500,1200,1800,,2025-11-11T14:30:16Z,2003,2003-01-01,2003-12-31
1326737,TB_e_mort_exc_tbhiv_num,REGION,AMR,,,YEAR,2000,,,,,,,,,32 000 [26 000-39 000],32000,26000,39000,,2025-11-11T14:30:16Z,2000,2000-01-01,2000-12-31
1326761,TB_e_mort_exc_tbhiv_num,COUNTRY,LSO,AFR,Africa,YEAR,2023,,,,,,,,,1500 [300-3600],1500,300,3600,,2025-11-11T14:30:16Z,2023,2023-01-01,2023-12-31
1332013,TB_e_mort_exc_tbhiv_num,COUNTRY,JOR,EMR,Eastern Mediterranean,YEAR,2018,,,,,,,,,9 [7-11],9,7,11,,2025-11-11T14:30:16Z,2018,2018-01-01,2018-12-31
1332158,TB_e_mort_exc_tbhiv_num,COUNTRY,ALB,EUR,Europe,YEAR,2004,,,,,,,,,26 [21-32],26,21,32,,2025-11-11T14:30:16Z,2004,2004-01-01,2004-12-31
1337646,TB_e_mort_exc_tbhiv_num,COUNTRY,IDN,WPR,Western Pacific,YEAR,2011,,,,,,,,,112 000 [107 000-118 000],112000,107000,118000,,2025-11-11T14:30:16Z,2011,2011-01-01,2011-12-31
1338581,TB_e_mort_exc_tbhiv_num,COUNTRY,MOZ,AFR,Africa,YEAR,2006,,,,,,,,,6000 [2200-12 000],6000,2200,12000,,2025-11-11T14:30:16Z,2006,2006-01-01,2006-12-31
1343912,TB_e_mort_exc_tbhiv_num,COUNTRY,LAO,WPR,Western Pacific,YEAR,2002,,,,,,,,,6300 [3700-9600],6300,3700,9600,,2025-11-11T14:30:16Z,2002,2002-01-01,2002-12-31
1344427,TB_e_mort_exc_tbhiv_num,COUNTRY,GRC,EUR,Europe,YEAR,2016,,,,,,,,,48 [46-50],48,46,50,,2025-11-11T14:30:16Z,2016,2016-01-01,2016-12-31
1345449,TB_e_mort_exc_tbhiv_num,COUNTRY,GTM,AMR,Americas,YEAR,2020,,,,,,,,,220 [200-240],220,200,240,,2025-11-11T14:30:16Z,2020,2020-01-01,2020-12-31
1357038,TB_e_mort_exc_tbhiv_num,COUNTRY,UGA,AFR,Africa,YEAR,2015,,,,,,,,,9300 [5200-15 000],9300,5200,15000,,2025-11-11T14:30:16Z,2015,2015-01-01,2015-12-31
1362696,TB_e_mort_exc_tbhiv_num,COUNTRY,BRN,WPR,Western Pacific,YEAR,2022,,,,,,,,,24 [21-28],24,21,28,,2025-11-11T14:30:16Z,2022,2022-01-01,2022-12-31
1375746,TB_e_mort_exc_tbhiv_num,COUNTRY,SLV,AMR,Americas,YEAR,2017,,,,,,,,,61 [49-73],61,49,73,,2025-11-11T14:30:16Z,2017,2017-01-01,2017-12-31
1376127,TB_e_mort_exc_tbhiv_num,COUNTRY,PAN,AMR,Americas,YEAR,2003,,,,,,,,,200 [190-220],200,190,220,,2025-11-11T14:30:16Z,2003,2003-01-01,2003-12-31
1382632,TB_e_mort_exc_tbhiv_num,COUNTRY,SDN,EMR,Eastern Mediterranean,YEAR,2016,,,,,,,,,5900 [3600-8800],5900,3600,8800,,2025-11-11T14:30:16Z,2016,2016-01-01,2016-12-31
1388212,TB_e_mort_exc_tbhiv_num,COUNTRY,CYP,EUR,Europe,YEAR,2007,,,,,,,,,1 [1-1],1,1,1,,2025-11-11T14:30:16Z,2007,2007-01-01,2007-12-31
1389462,TB_e_mort_exc_tbhiv_num,COUNTRY,FJI,WPR,Western Pacific,YEAR,2010,,,,,,,,,28 [24-32],28,24,32,,2025-11-11T14:30:16Z,2010,2010-01-01,2010-12-31
1394336,TB_e_mort_exc_tbhiv_num,COUNTRY,GTM,AMR,Americas,YEAR,2017,,,,,,,,,340 [320-370],340,320,370,,2025-11-11T14:30:16Z,2017,2017-01-01,2017-12-31
1394490,TB_e_mort_exc_tbhiv_num,COUNTRY,SWE,EUR,Europe,YEAR,2009,,,,,,,,,61 [60-62],61,60,62,,2025-11-11T14:30:16Z,2009,2009-01-01,2009-12-31
1407024,TB_e_mort_exc_tbhiv_num,COUNTRY,AFG,EMR,Eastern Mediterranean,YEAR,2020,,,,,,,,,14 000 [10 000-19 000],14000,10000,19000,,2025-11-11T14:30:16Z,2020,2020-01-01,2020-12-31
1413504,TB_e_mort_exc_tbhiv_num,COUNTRY,KOR,WPR,Western Pacific,YEAR,2009,,,,,,,,,2800 [2700-3000],2800,2700,3000,,2025-11-11T14:30:16Z,2009,2009-01-01,2009-12-31
1433334,TB_e_mort_exc_tbhiv_num,COUNTRY,GEO,EUR,Europe,YEAR,2023,,,,,,,,,67 [42-97],67,42,97,,2025-11-11T14:30:16Z,2023,2023-01-01,2023-12-31
1439381,TB_e_mort_exc_tbhiv_num,COUNTRY,VEN,AMR,Americas,YEAR,2016,,,,,,,,,950 [940-960],950,940,960,,2025-11-11T14:30:16Z,2016,2016-01-01,2016-12-31
1452045,TB_e_mort_exc_tbhiv_num,COUNTRY,BRN,WPR,Western Pacific,YEAR,2005,,,,,,,,,12 [12-13],12,12,13,,2025-11-11T14:30:16Z,2005,2005-01-01,2005-12-31
1457886,TB_e_mort_exc_tbhiv_num,COUNTRY,PRT,EUR,Europe,YEAR,2008,,,,,,,,,270 [250-290],270,250,290,,2025-11-11T14:30:16Z,2008,2008-01-01,2008-12-31
1483567,TB_e_mort_exc_tbhiv_num,COUNTRY,CHL,AMR,Americas,YEAR,2016,,,,,,,,,410 [400-420],410,400,420,,2025-11-11T14:30:16Z,2016,2016-01-01,2016-12-31
1496356,TB_e_mort_exc_tbhiv_num,COUNTRY,ZMB,AFR,Africa,YEAR,2013,,,,,,,,,4700 [2800-7100],4700,2800,7100,,2025-11-11T14:30:16Z,2013,2013-01-01,2013-12-31
1527237,TB_e_mort_exc_tbhiv_num,COUNTRY,SYR,EMR,Eastern Mediterranean,YEAR,2000,,,,,,,,,81 [69-94],81,69,94,,2025-11-11T14:30:16Z,2000,2000-01-01,2000-12-31
1533291,TB_e_mort_exc_tbhiv_num,COUNTRY,PAK,EMR,Eastern Mediterranean,YEAR,2023,,,,,,,,,49 000 [38 000-61 000],49000,38000,61000,,2025-11-11T14:30:16Z,2023,2023-01-01,2023-12-31
1559342,TB_e_mort_exc_tbhiv_num,COUNTRY,GUY,AMR,Americas,YEAR,2008,,,,,,,,,99 [91-110],99,91,110,,2025-11-11T14:30:16Z,2008,2008-01-01,2008-12-31
1559417,TB_e_mort_exc_tbhiv_num,COUNTRY,FJI,WPR,Western Pacific,YEAR,2007,,,,,,,,,38 [35-40],38,35,40,,2025-11-11T14:30:16Z,2007,2007-01-01,2007-12-31
1571155,TB_e_mort_exc_tbhiv_num,COUNTRY,GNB,AFR,Africa,YEAR,2013,,,,,,,,,500 [340-680],500,340,680,,2025-11-11T14:30:16Z,2013,2013-01-01,2013-12-31
1584838,TB_e_mort_exc_tbhiv_num,COUNTRY,VNM,WPR,Western Pacific,YEAR,2023,,,,,,,,,11 000 [7000-16 000],11000,7000,16000,,2025-11-11T14:30:16Z,2023,2023-01-01,2023-12-31
1585027,TB_e_mort_exc_tbhiv_num,COUNTRY,KGZ,EUR,Europe,YEAR,2004,,,,,,,,,860 [820-890],860,820,890,,2025-11-11T14:30:16Z,2004,2004-01-01,2004-12-31
1590683,TB_e_mort_exc_tbhiv_num,COUNTRY,SDN,EMR,Eastern Mediterranean,YEAR,2003,,,,,,,,,11 000 [5800-19 000],11000,5800,19000,,2025-11-11T14:30:16Z,2003,2003-01-01,2003-12-31
1596606,TB_e_mort_exc_tbhiv_num,COUNTRY,PRT,EUR,Europe,YEAR,2005,,,,,,,,,350 [320-370],350,320,370,,2025-11-11T14:30:16Z,2005,2005-01-01,2005-12-31
1597579,TB_e_mort_exc_tbhiv_num,GLOBAL,GLOBAL,,,YEAR,2014,,,,,,,,,1 370 000 [1 230 000-1 520 000],1370000,1230000,1520000,,2025-11-11T14:30:16Z,2014,2014-01-01,2014-12-31
1604169,TB_e_mort_exc_tbhiv_num,COUNTRY,SGP,WPR,Western Pacific,YEAR,2021,,,,,,,,,13 [12-15],13,12,15,,2025-11-11T14:30:16Z,2021,2021-01-01,2021-12-31
1610278,TB_e_mort_exc_tbhiv_num,COUNTRY,KEN,AFR,Africa,YEAR,2020,,,,,,,,,20 000 [11 000-31 000],20000,11000,31000,,2025-11-11T14:30:16Z,2020,2020-01-01,2020-12-31
1610742,TB_e_mort_exc_tbhiv_num,REGION,EUR,,,YEAR,2003,,,,,,,,,71 000 [68 000-73 000],71000,68000,73000,,2025-11-11T14:30:16Z,2003,2003-01-01,2003-12-31
1622288,TB_e_mort_exc_tbhiv_num,COUNTRY,ERI,AFR,Africa,YEAR,2000,,,,,,,,,12 000 [7800-17 000],12000,7800,17000,,2025-11-11T14:30:16Z,2000,2000-01-01,2000-12-31
1622880,TB_e_mort_exc_tbhiv_num,COUNTRY,BTN,SEAR,South-East Asia,YEAR,2005,,,,,,,,,1100 [740-1400],1100,740,1400,,2025-11-11T14:30:16Z,2005,2005-01-01,2005-12-31
1623092,TB_e_mort_exc_tbhiv_num,COUNTRY,EGY,EMR,Eastern Mediterranean,YEAR,2011,,,,,,,,,780 [690-880],780,690,880,,2025-11-11T14:30:16Z,2011,2011-01-01,2011-12-31
1628301,TB_e_mort_exc_tbhiv_num,COUNTRY,NGA,AFR,Africa,YEAR,2015,,,,,,,,,118 000 [69 000-181 000],118000,69000,181000,,2025-11-11T14:30:16Z,2015,2015-01-01,2015-12-31
1628958,TB_e_mort_exc_tbhiv_num,COUNTRY,SVN,EUR,Europe,YEAR,2002,,,,,,,,,22 [22-23],22,22,23,,2025-11-11T14:30:16Z,2002,2002-01-01,2002-12-31
1648407,TB_e_mort_exc_tbhiv_num,WORLDBANKINCOMEGROUP,WB_LI,,,YEAR,2019,,,,,,,,,193 000 [138 000-257 000],193000,138000,257000,,2025-11-11T14:30:16Z,2019,2019-01-01,2019-12-31
1654391,TB_e_mort_exc_tbhiv_num,COUNTRY,SLB,WPR,Western Pacific,YEAR,2022,,,,,,,,,190 [130-260],190,130,260,,2025-11-11T14:30:16Z,2022,2022-01-01,2022-12-31
1654425,TB_e_mort_exc_tbhiv_num,COUNTRY,KHM,WPR,Western Pacific,YEAR,2016,,,,,,,,,3200 [1600-5300],3200,1600,5300,,2025-11-11T14:30:16Z,2016,2016-01-01,2016-12-31
1655393,TB_e_mort_exc_tbhiv_num,COUNTRY,LTU,EUR,Europe,YEAR,2021,,,,,,,,,100 [100-110],100,100,110,,2025-11-11T14:30:16Z,2021,2021-01-01,2021-12-31
1668364,TB_e_mort_exc_tbhiv_num,COUNTRY,EST,EUR,Europe,YEAR,2020,,,,,,,,,9 [9-9],9,9,9,,2025-11-11T14:30:16Z,2020,2020-01-01,2020-12-31
1673712,TB_e_mort_exc_tbhiv_num,COUNTRY,BLR,EUR,Europe,YEAR,2021,,,,,,,,,200 [160-250],200,160,250,,2025-11-11T14:30:16Z,2021,2021-01-01,2021-12-31
1674465,TB_e_mort_exc_tbhiv_num,COUNTRY,GUY,AMR,Americas,YEAR,2021,,,,,,,,,120 [100-140],120,100,140,,2025-11-11T14:30:16Z,2021,2021-01-01,2021-12-31
1679605,TB_e_mort_exc_tbhiv_num,REGION,EMR,,,YEAR,2016,,,,,,,,,83 000 [73 000-94 000],83000,73000,94000,,2025-11-11T14:30:16Z,2016,2016-01-01,2016-12-31
1679672,TB_e_mort_exc_tbhiv_num,COUNTRY,BHS,AMR,Americas,YEAR,2022,,,,,,,,,2 [2-2],2,2,2,,2025-11-11T14:30:16Z,2022,2022-01-01,2022-12-31
1685328,TB_e_mort_exc_tbhiv_num,COUNTRY,JAM,AMR,Americas,YEAR,2016,,,,,,,,,7 [7-7],7,7,7,,2025-11-11T14:30:16Z,2016,2016-01-01,2016-12-31
1699035,TB_e_mort_exc_tbhiv_num,COUNTRY,TCD,AFR,Africa,YEAR,2018,,,,,,,,,3700 [2500-5100],3700,2500,5100,,2025-11-11T14:30:16Z,2018,2018-01-01,2018-12-31
1723816,TB_e_mort_exc_tbhiv_num,COUNTRY,LTU,EUR,Europe,YEAR,2004,,,,,,,,,320 [320-330],320,320,330,,2025-11-11T14:30:16Z,2004,2004-01-01,2004-12-31
1725001,TB_e_mort_exc_tbhiv_num,COUNTRY,BHS,AMR,Americas,YEAR,2009,,,,,,,,,2 [2-2],2,2,2,,2025-11-11T14:30:16Z,2009,2009-01-01,2009-12-31
1749973,TB_e_mort_exc_tbhiv_num,COUNTRY,SEN,AFR,Africa,YEAR,2011,,,,,,,,,5000 [3500-6800],5000,3500,6800,,2025-11-11T14:30:16Z,2011,2011-01-01,2011-12-31
1750055,TB_e_mort_exc_tbhiv_num,GLOBAL,GLOBAL,,,YEAR,2008,,,,,,,,,1 620 000 [1 450 000-1 800 000],1620000,1450000,1800000,,2025-11-11T14:30:16Z,2008,2008-01-01,2008-12-31
1755128,TB_e_mort_exc_tbhiv_num,COUNTRY,HRV,EUR,Europe,YEAR,2023,,,,,,,,,34 [34-34],34,34,34,,2025-11-11T14:30:16Z,2023,2023-01-01,2023-12-31
1755920,TB_e_mort_exc_tbhiv_num,COUNTRY,VUT,WPR,Western Pacific,YEAR,2019,,,,,,,,,33 [16-56],33,16,56,,2025-11-11T14:30:16Z,2019,2019-01-01,2019-12-31
1775626,TB_e_mort_exc_tbhiv_num,COUNTRY,CHL,AMR,Americas,YEAR,2018,,,,,,,,,350 [350-360],350,350,360,,2025-11-11T14:30:16Z,2018,2018-01-01,2018-12-31
1780547,TB_e_mort_exc_tbhiv_num,COUNTRY,FJI,WPR,Western Pacific,YEAR,2008,,,,,,,,,24 [23-25],24,23,25,,2025-11-11T14:30:16Z,2008,2008-01-01,2008-12-31
1793958,TB_e_mort_exc_tbhiv_num,COUNTRY,AUT,EUR,Europe,YEAR,2002,,,,,,,,,66 [66-67],66,66,67,,2025-11-11T14:30:16Z,2002,2002-01-01,2002-12-31
1805934,TB_e_mort_exc_tbhiv_num,COUNTRY,BTN,SEAR,South-East Asia,YEAR,2004,,,,,,,,,1100 [730-1400],1100,730,1400,,2025-11-11T14:30:16Z,2004,2004-01-01,2004-12-31
1806421,TB_e_mort_exc_tbhiv_num,COUNTRY,TUR,EUR,Europe,YEAR,2013,,,,,,,,,600 [590-610],600,590,610,,2025-11-11T14:30:16Z,2013,2013-01-01,2013-12-31
1807557,TB_e_mort_exc_tbhiv_num,COUNTRY,GBR,EUR,Europe,YEAR,2009,,,,,,,,,400 [400-400],400,400,400,,2025-11-11T14:30:16Z,2009,2009-01-01,2009-12-31
1812335,TB_e_mort_exc_tbhiv_num,COUNTRY,COD,AFR,Africa,YEAR,2006,,,,,,,,,80 000 [32 000-147 000],80000,32000,147000,,2025-11-11T14:30:16Z,2006,2006-01-01,2006-12-31
1812786,TB_e_mort_exc_tbhiv_num,COUNTRY,CIV,AFR,Africa,YEAR,2000,,,,,,,,,2300 [1000-4000],2300,1000,4000,,2025-11-11T14:30:16Z,2000,2000-01-01,2000-12-31
1818841,TB_e_mort_exc_tbhiv_num,COUNTRY,AUT,EUR,Europe,YEAR,2010,,,,,,,,,39 [38-39],39,38,39,,2025-11-11T14:30:16Z,2010,2010-01-01,2010-12-31
1832578,TB_e_mort_exc_tbhiv_num,COUNTRY,TKM,EUR,Europe,YEAR,2018,,,,,,,,,680 [570-790],680,570,790,,2025-11-11T14:30:16Z,2018,2018-01-01,2018-12-31
1844951,TB_e_mort_exc_tbhiv_num,COUNTRY,GTM,AMR,Americas,YEAR,2011,,,,,,,,,320 [300-340],320,300,340,,2025-11-11T14:30:16Z,2011,2011-01-01,2011-12-31
1850199,TB_e_mort_exc_tbhiv_num,COUNTRY,BGD,SEAR,South-East Asia,YEAR,2018,,,,,,,,,47 000 [30 000-68 000],47000,30000,68000,,2025-11-11T14:30:16Z,2018,2018-01-01,2018-12-31
1857890,TB_e_mort_exc_tbhiv_num,COUNTRY,MLI,AFR,Africa,YEAR,2017,,,,,,,,,2300 [1200-3800],2300,1200,3800,,2025-11-11T14:30:16Z,2017,2017-01-01,2017-12-31
1862810,TB_e_mort_exc_tbhiv_num,COUNTRY,DJI,EMR,Eastern Mediterranean,YEAR,2020,,,,,,,,,1000 [700-1400],1000,700,1400,,2025-11-11T14:30:16Z,2020,2020-01-01,2020-12-31
1869422,TB_e_mort_exc_tbhiv_num,COUNTRY,NAM,AFR,Africa,YEAR,2022,,,,,,,,,1700 [1100-2500],1700,1100,2500,,2025-11-11T14:30:16Z,2022,2022-01-01,2022-12-31
1876390,TB_e_mort_exc_tbhiv_num,COUNTRY,PSE,EMR,Eastern Mediterranean,YEAR,2013,,,,,,,,,11 [7-15],11,7,15,,2025-11-11T14:30:16Z,2013,2013-01-01,2013-12-31
1881974,TB_e_mort_exc_tbhiv_num,COUNTRY,NGA,AFR,Africa,YEAR,2011,,,,,,,,,93 000 [54 000-142 000],93000,54000,142000,,2025-11-11T14:30:16Z,2011,2011-01-01,2011-12-31
1887819,TB_e_mort_exc_tbhiv_num,COUNTRY,SWZ,AFR,Africa,YEAR,2011,,,,,,,,,640 [370-990],640,370,990,,2025-11-11T14:30:16Z,2011,2011-01-01,2011-12-31
1887828,TB_e_mort_exc_tbhiv_num,COUNTRY,KAZ,EUR,Europe,YEAR,2010,,,,,,,,,2000 [1800-2100],2000,1800,2100,,2025-11-11T14:30:16Z,2010,2010-01-01,2010-12-31
1894292,TB_e_mort_exc_tbhiv_num,COUNTRY,HKG,,,YEAR,2024,,,,,,,,,120 [120-120],120,120,120,,2025-11-11T14:30:16Z,2024,2024-01-01,2024-12-31
1894830,TB_e_mort_exc_tbhiv_num,COUNTRY,ETH,AFR,Africa,YEAR,2018,,,,,,,,,25 000 [16 000-37 000],25000,16000,37000,,2025-11-11T14:30:16Z,2018,2018-01-01,2018-12-31
1900983,TB_e_mort_exc_tbhiv_num,COUNTRY,EST,EUR,Europe,YEAR,2007,,,,,,,,,63 [62-65],63,62,65,,2025-11-11T14:30:16Z,2007,2007-01-01,2007-12-31
1902452,TB_e_mort_exc_tbhiv_num,COUNTRY,PHL,WPR,Western Pacific,YEAR,2002,,,,,,,,,37 000 [33 000-41 000],37000,33000,41000,,2025-11-11T14:30:16Z,2002,2002-01-01,2002-12-31
1908275,TB_e_mort_exc_tbhiv_num,COUNTRY,ESP,EUR,Europe,YEAR,2012,,,,,,,,,330 [320-330],330,320,330,,2025-11-11T14:30:16Z,2012,2012-01-01,2012-12-31
1913330,TB_e_mort_exc_tbhiv_num,COUNTRY,CIV,AFR,Africa,YEAR,2009,,,,,,,,,7900 [5500-11 000],7900,5500,11000,,2025-11-11T14:30:16Z,2009,2009-01-01,2009-12-31
1915052,TB_e_mort_exc_tbhiv_num,COUNTRY,DJI,EMR,Eastern Mediterranean,YEAR,2002,,,,,,,,,5700 [3600-8400],5700,3600,8400,,2025-11-11T14:30:16Z,2002,2002-01-01,2002-12-31
1920025,TB_e_mort_exc_tbhiv_num,COUNTRY,MYS,WPR,Western Pacific,YEAR,2019,,,,,,,,,1700 [1100-2500],1700,1100,2500,,2025-11-11T14:30:16Z,2019,2019-01-01,2019-12-31
1921237,TB_e_mort_exc_tbhiv_num,COUNTRY,SGP,WPR,Western Pacific,YEAR,2012,,,,,,,,,71 [63-78],71,63,78,,2025-11-11T14:30:16Z,2012,2012-01-01,2012-12-31
1921293,TB_e_mort_exc_tbhiv_num,COUNTRY,PRT,EUR,Europe,YEAR,2010,,,,,,,,,230 [220-250],230,220,250,,2025-11-11T14:30:16Z,2010,2010-01-01,2010-12-31
1921344,TB_e_mort_exc_tbhiv_num,COUNTRY,NIC,AMR,Americas,YEAR,2012,,,,,,,,,140 [140-140],140,140,140,,2025-11-11T14:30:16Z,2012,2012-01-01,2012-12-31
1927552,TB_e_mort_exc_tbhiv_num,COUNTRY,STP,AFR,Africa,YEAR,2009,,,,,,,,,44 [30-61],44,30,61,,2025-11-11T14:30:16Z,2009,2009-01-01,2009-12-31
1958098,TB_e_mort_exc_tbhiv_num,COUNTRY,UGA,AFR,Africa,YEAR,2003,,,,,,,,,5300 [2500-9100],5300,2500,9100,,2025-11-11T14:30:16Z,2003,2003-01-01,2003-12-31
1970912,TB_e_mort_exc_tbhiv_num,COUNTRY,SWE,EUR,Europe,YEAR,2006,,,,,,,,,66 [65-67],66,65,67,,2025-11-11T14:30:16Z,2006,2006-01-01,2006-12-31
1971956,TB_e_mort_exc_tbhiv_num,COUNTRY,MDG,AFR,Africa,YEAR,2006,,,,,,,,,11 000 [8000-15 000],11000,8000,15000,,2025-11-11T14:30:16Z,2006,2006-01-01,2006-12-31
1977077,TB_e_mort_exc_tbhiv_num,COUNTRY,HND,AMR,Americas,YEAR,2001,,,,,,,,,420 [350-490],420,350,490,,2025-11-11T14:30:16Z,2001,2001-01-01,2001-12-31
1977199,TB_e_mort_exc_tbhiv_num,COUNTRY,IRL,EUR,Europe,YEAR,2024,,,,,,,,,19 [19-19],19,19,19,,2025-11-11T14:30:16Z,2024,2024-01-01,2024-12-31
1977207,TB_e_mort_exc_tbhiv_num,COUNTRY,SWE,EUR,Europe,YEAR,2016,,,,,,,,,26 [25-26],26,25,26,,2025-11-11T14:30:16Z,2016,2016-01-01,2016-12-31
1977790,TB_e_mort_exc_tbhiv_num,COUNTRY,PRT,EUR,Europe,YEAR,2013,,,,,,,,,230 [220-250],230,220,250,,2025-11-11T14:30:16Z,2013,2013-01-01,2013-12-31
1984200,TB_e_mort_exc_tbhiv_num,REGION,AFR,,,YEAR,2017,,,,,,,,,467 000 [380 000-564 000],467000,380000,564000,,2025-11-11T14:30:16Z,2017,2017-01-01,2017-12-31
1984238,TB_e_mort_exc_tbhiv_num,COUNTRY,MDG,AFR,Africa,YEAR,2017,,,,,,,,,12 000 [8400-16 000],12000,8400,16000,,2025-11-11T14:30:16Z,2017,2017-01-01,2017-12-31
1989773,TB_e_mort_exc_tbhiv_num,COUNTRY,NIC,AMR,Americas,YEAR,2013,,,,,,,,,110 [110-110],110,110,110,,2025-11-11T14:30:16Z,2013,2013-01-01,2013-12-31
1995730,TB_e_mort_exc_tbhiv_num,COUNTRY,CMR,AFR,Africa,YEAR,2006,,,,,,,,,6200 [3600-9400],6200,3600,9400,,2025-11-11T14:30:16Z,2006,2006-01-01,2006-12-31
1995880,TB_e_mort_exc_tbhiv_num,COUNTRY,TTO,AMR,Americas,YEAR,2008,,,,,,,,,19 [19-19],19,19,19,,2025-11-11T14:30:16Z,2008,2008-01-01,2008-12-31
2002643,TB_e_mort_exc_tbhiv_num,COUNTRY,BHS,AMR,Americas,YEAR,2006,,,,,,,,,2 [2-3],2,2,3,,2025-11-11T14:30:16Z,2006,2006-01-01,2006-12-31
2010204,TB_e_mort_exc_tbhiv_num,COUNTRY,COD,AFR,Africa,YEAR,2012,,,,,,,,,87 000 [36 000-161 000],87000,36000,161000,,2025-11-11T14:30:16Z,2012,2012-01-01,2012-12-31
2016594,TB_e_mort_exc_tbhiv_num,COUNTRY,CPV,AFR,Africa,YEAR,2021,,,,,,,,,23 [15-33],23,15,33,,2025-11-11T14:30:16Z,2021,2021-01-01,2021-12-31
2021859,TB_e_mort_exc_tbhiv_num,COUNTRY,TUN,EMR,Eastern Mediterranean,YEAR,2014,,,,,,,,,160 [120-200],160,120,200,,2025-11-11T14:30:16Z,2014,2014-01-01,2014-12-31
2022109,TB_e_mort_exc_tbhiv_num,COUNTRY,SUR,AMR,Americas,YEAR,2014,,,,,,,,,12 [11-13],12,11,13,,2025-11-11T14:30:16Z,2014,2014-01-01,2014-12-31
2027659,TB_e_mort_exc_tbhiv_num,COUNTRY,LVA,EUR,Europe,YEAR,2002,,,,,,,,,270 [160-420],270,160,420,,2025-11-11T14:30:16Z,2002,2002-01-01,2002-12-31
2028182,TB_e_mort_exc_tbhiv_num,COUNTRY,CUB,AMR,Americas,YEAR,2024,,,,,,,,,72 [61-85],72,61,85,,2025-11-11T14:30:16Z,2024,2024-01-01,2024-12-31
2028666,TB_e_mort_exc_tbhiv_num,COUNTRY,IRQ,EMR,Eastern Mediterranean,YEAR,2024,,,,,,,,,670 [580-760],670,580,760,,2025-11-11T14:30:16Z,2024,2024-01-01,2024-12-31
2034123,TB_e_mort_exc_tbhiv_num,WORLDBANKINCOMEGROUP,WB_HI,,,YEAR,2000,,,,,,,,,54 000 [53 000-55 000],54000,53000,55000,,2025-11-11T14:30:16Z,2000,2000-01-01,2000-12-31
2040568,TB_e_mort_exc_tbhiv_num,COUNTRY,RUS,EUR,Europe,YEAR,2010,,,,,,,,,23 000 [22 000-23 000],23000,22000,23000,,2025-11-11T14:30:16Z,2010,2010-01-01,2010-12-31
2048119,TB_e_mort_exc_tbhiv_num,COUNTRY,SSD,AFR,Africa,YEAR,2022,,,,,,,,,7000 [3200-12 000],7000,3200,12000,,2025-11-11T14:30:16Z,2022,2022-01-01,2022-12-31
2060222,TB_e_mort_exc_tbhiv_num,COUNTRY,MDA,EUR,Europe,YEAR,2004,,,,,,,,,860 [710-1000],860,710,1000,,2025-11-11T14:30:16Z,2004,2004-01-01,2004-12-31
2090565,TB_e_mort_exc_tbhiv_num,COUNTRY,PRT,EUR,Europe,YEAR,2000,,,,,,,,,390 [360-420],390,360,420,,2025-11-11T14:30:16Z,2000,2000-01-01,2000-12-31
2091329,TB_e_mort_exc_tbhiv_num,COUNTRY,NIC,AMR,Americas,YEAR,2003,,,,,,,,,250 [230-270],250,230,270,,2025-11-11T14:30:16Z,2003,2003-01-01,2003-12-31
2097197,TB_e_mort_exc_tbhiv_num,COUNTRY,USA,AMR,Americas,YEAR,2013,,,,,,,,,600 [590-600],600,590,600,,2025-11-11T14:30:16Z,2013,2013-01-01,2013-12-31
2103431,TB_e_mort_exc_tbhiv_num,COUNTRY,CYP,EUR,Europe,YEAR,2023,,,,,,,,,5 [5-6],5,5,6,,2025-11-11T14:30:16Z,2023,2023-01-01,2023-12-31
2104165,TB_e_mort_exc_tbhiv_num,COUNTRY,LVA,EUR,Europe,YEAR,2019,,,,,,,,,79 [77-81],79,77,81,,2025-11-11T14:30:16Z,2019,2019-01-01,2019-12-31
2109867,TB_e_mort_exc_tbhiv_num,COUNTRY,JPN,WPR,Western Pacific,YEAR,2010,,,,,,,,,3800 [3700-3900],3800,3700,3900,,2025-11-11T14:30:16Z,2010,2010-01-01,2010-12-31
2128744,TB_e_mort_exc_tbhiv_num,COUNTRY,CZE,EUR,Europe,YEAR,2005,,,,,,,,,70 [69-70],70,69,70,,2025-11-11T14:30:16Z,2005,2005-01-01,2005-12-31
2130181,TB_e_mort_exc_tbhiv_num,COUNTRY,BEN,AFR,Africa,YEAR,2014,,,,,,,,,1300 [680-2100],1300,680,2100,,2025-11-11T14:30:16Z,2014,2014-01-01,2014-12-31
2147487,TB_e_mort_exc_tbhiv_num,COUNTRY,KHM,WPR,Western Pacific,YEAR,2005,,,,,,,,,3300 [830-7300],3300,830,7300,,2025-11-11T14:30:16Z,2005,2005-01-01,2005-12-31
2154766,TB_e_mort_exc_tbhiv_num,COUNTRY,PHL,WPR,Western Pacific,YEAR,2013,,,,,,,,,29 000 [27 000-31 000],29000,27000,31000,,2025-11-11T14:30:16Z,2013,2013-01-01,2013-12-31
2155038,TB_e_mort_exc_tbhiv_num,COUNTRY,NOR,EUR,Europe,YEAR,2009,,,,,,,,,28 [28-29],28,28,29,,2025-11-11T14:30:16Z,2009,2009-01-01,2009-12-31
2155303,TB_e_mort_exc_tbhiv_num,COUNTRY,BIH,EUR,Europe,YEAR,2017,,,,,,,,,74 [71-77],74,71,77,,2025-11-11T14:30:16Z,2017,2017-01-01,2017-12-31
2167650,TB_e_mort_exc_tbhiv_num,COUNTRY,CRI,AMR,Americas,YEAR,2023,,,,,,,,,42 [38-47],42,38,47,,2025-11-11T14:30:16Z,2023,2023-01-01,2023-12-31
2172274,TB_e_mort_exc_tbhiv_num,COUNTRY,TLS,SEAR,South-East Asia,YEAR,2005,,,,,,,,,2400 [1700-3100],2400,1700,3100,,2025-11-11T14:30:16Z,2005,2005-01-01,2005-12-31
2173078,TB_e_mort_exc_tbhiv_num,COUNTRY,ARG,AMR,Americas,YEAR,2018,,,,,,,,,670 [650-690],670,650,690,,2025-11-11T14:30:16Z,2018,2018-01-01,2018-12-31
2179908,TB_e_mort_exc_tbhiv_num,COUNTRY,CUB,AMR,Americas,YEAR,2009,,,,,,,,,38 [38-38],38,38,38,,2025-11-11T14:30:16Z,2009,2009-01-01,2009-12-31
2180220,TB_e_mort_exc_tbhiv_num,WORLDBANKINCOMEGROUP,WB_HI,,,YEAR,2021,,,,,,,,,17 000 [16 000-17 000],17000,16000,17000,,2025-11-11T14:30:16Z,2021,2021-01-01,2021-12-31
2191945,TB_e_mort_exc_tbhiv_num,REGION,AFR,,,YEAR,2016,,,,,,,,,471 000 [383 000-569 000],471000,383000,569000,,2025-11-11T14:30:16Z,2016,2016-01-01,2016-12-31
2197835,TB_e_mort_exc_tbhiv_num,COUNTRY,CZE,EUR,Europe,YEAR,2013,,,,,,,,,67 [66-67],67,66,67,,2025-11-11T14:30:16Z,2013,2013-01-01,2013-12-31
2206122,TB_e_mort_exc_tbhiv_num,COUNTRY,MAC,,,YEAR,2017,,,,,,,,,100 [71-140],100,71,140,,2025-11-11T14:30:16Z,2017,2017-01-01,2017-12-31
2223648,TB_e_mort_exc_tbhiv_num,REGION,WPR,,,YEAR,2010,,,,,,,,,247 000 [233 000-260 000],247000,233000,260000,,2025-11-11T14:30:16Z,2010,2010-01-01,2010-12-31
2224036,TB_e_mort_exc_tbhiv_num,COUNTRY,HRV,EUR,Europe,YEAR,2014,,,,,,,,,40 [40-40],40,40,40,,2025-11-11T14:30:16Z,2014,2014-01-01,2014-12-31
2224177,TB_e_mort_exc_tbhiv_num,COUNTRY,BDI,AFR,Africa,YEAR,2012,,,,,,,,,2800 [1900-3800],2800,1900,3800,,2025-11-11T14:30:16Z,2012,2012-01-01,2012-12-31
2230120,TB_e_mort_exc_tbhiv_num,COUNTRY,DZA,AFR,Africa,YEAR,2007,,,,,,,,,6600 [4600-9100],6600,4600,9100,,2025-11-11T14:30:16Z,2007,2007-01-01,2007-12-31
2231218,TB_e_mort_exc_tbhiv_num,COUNTRY,IRQ,EMR,Eastern Mediterranean,YEAR,2003,,,,,,,,,1500 [1400-1800],1500,1400,1800,,2025-11-11T14:30:16Z,2003,2003-01-01,2003-12-31
2231354,TB_e_mort_exc_tbhiv_num,REGION,EMR,,,YEAR,2005,,,,,,,,,109 000 [98 000-121 000],109000,98000,121000,,2025-11-11T14:30:16Z,2005,2005-01-01,2005-12-31
2231403,TB_e_mort_exc_tbhiv_num,COUNTRY,USA,AMR,Americas,YEAR,2015,,,,,,,,,510 [510-520],510,510,520,,2025-11-11T14:30:16Z,2015,2015-01-01,2015-12-31
2236052,TB_e_mort_exc_tbhiv_num,COUNTRY,HUN,EUR,Europe,YEAR,2007,,,,,,,,,220 [220-220],220,220,220,,2025-11-11T14:30:16Z,2007,2007-01-01,2007-12-31
2248799,TB_e_mort_exc_tbhiv_num,COUNTRY,AGO,AFR,Africa,YEAR,2010,,,,,,,,,23 000 [15 000-32 000],23000,15000,32000,,2025-11-11T14:30:16Z,2010,2010-01-01,2010-12-31
2248980,TB_e_mort_exc_tbhiv_num,COUNTRY,GEO,EUR,Europe,YEAR,2001,,,,,,,,,300 [280-320],300,280,320,,2025-11-11T14:30:16Z,2001,2001-01-01,2001-12-31
2249972,TB_e_mort_exc_tbhiv_num,COUNTRY,SWE,EUR,Europe,YEAR,2005,,,,,,,,,60 [59-61],60,59,61,,2025-11-11T14:30:16Z,2005,2005-01-01,2005-12-31
2254701,TB_e_mort_exc_tbhiv_num,COUNTRY,PRI,AMR,Americas,YEAR,2024,,,,,,,,,6 [6-6],6,6,6,,2025-11-11T14:30:16Z,2024,2024-01-01,2024-12-31
2275576,TB_e_mort_exc_tbhiv_num,COUNTRY,SOM,EMR,Eastern Mediterranean,YEAR,2006,,,,,,,,,9400 [6800-12 000],9400,6800,12000,,2025-11-11T14:30:16Z,2006,2006-01-01,2006-12-31
2287280,TB_e_mort_exc_tbhiv_num,COUNTRY,AUS,WPR,Western Pacific,YEAR,2024,,,,,,,,,36 [36-36],36,36,36,,2025-11-11T14:30:16Z,2024,2024-01-01,2024-12-31
2299061,TB_e_mort_exc_tbhiv_num,COUNTRY,CMR,AFR,Africa,YEAR,2000,,,,,,,,,1500 [670-2800],1500,670,2800,,2025-11-11T14:30:16Z,2000,2000-01-01,2000-12-31
2300965,TB_e_mort_exc_tbhiv_num,COUNTRY,CHL,AMR,Americas,YEAR,2022,,,,,,,,,360 [350-370],360,350,370,,2025-11-11T14:30:16Z,2022,2022-01-01,2022-12-31
2305613,TB_e_mort_exc_tbhiv_num,COUNTRY,AZE,EUR,Europe,YEAR,2024,,,,,,,,,540 [490-600],540,490,600,,2025-11-11T14:30:16Z,2024,2024-01-01,2024-12-31
2306665,TB_e_mort_exc_tbhiv_num,COUNTRY,HKG,,,YEAR,2000,,,,,,,,,310 [300-310],310,300,310,,2025-11-11T14:30:16Z,2000,2000-01-01,2000-12-31
2313200,TB_e_mort_exc_tbhiv_num,COUNTRY,MUS,AFR,Africa,YEAR,2008,,,,,,,,,16 [15-16],16,15,16,,2025-11-11T14:30:16Z,2008,2008-01-01,2008-12-31
2324594,TB_e_mort_exc_tbhiv_num,COUNTRY,NAM,AFR,Africa,YEAR,2018,,,,,,,,,1600 [1100-2400],1600,1100,2400,,2025-11-11T14:30:16Z,2018,2018-01-01,2018-12-31
2325534,TB_e_mort_exc_tbhiv_num,COUNTRY,KGZ,EUR,Europe,YEAR,2009,,,,,,,,,580 [580-580],580,580,580,,2025-11-11T14:30:16Z,2009,2009-01-01,2009-12-31
2332237,TB_e_mort_exc_tbhiv_num,COUNTRY,LBY,EMR,Eastern Mediterranean,YEAR,2008,,,,,,,,,710 [360-1200],710,360,1200,,2025-11-11T14:30:16Z,2008,2008-01-01,2008-12-31
2339137,TB_e_mort_exc_tbhiv_num,COUNTRY,LUX,EUR,Europe,YEAR,2008,,,,,,,,,2 [2-2],2,2,2,,2025-11-11T14:30:16Z,2008,2008-01-01,2008-12-31
2357078,TB_e_mort_exc_tbhiv_num,COUNTRY,GUY,AMR,Americas,YEAR,2001,,,,,,,,,74 [66-83],74,66,83,,2025-11-11T14:30:16Z,2001,2001-01-01,2001-12-31
2357861,TB_e_mort_exc_tbhiv_num,GLOBAL,GLOBAL,,,YEAR,2001,,,,,,,,,2 000 000 [1 770 000-2 240 000],2000000,1770000,2240000,,2025-11-11T14:30:16Z,2001,2001-01-01,2001-12-31
2357991,TB_e_mort_exc_tbhiv_num,COUNTRY,BGR,EUR,Europe,YEAR,2003,,,,,,,,,310 [290-340],310,290,340,,2025-11-11T14:30:16Z,2003,2003-01-01,2003-12-31
2358205,TB_e_mort_exc_tbhiv_num,COUNTRY,FRA,EUR,Europe,YEAR,2010,,,,,,,,,650 [620-670],650,620,670,,2025-11-11T14:30:16Z,2010,2010-01-01,2010-12-31
2364035,TB_e_mort_exc_tbhiv_num,COUNTRY,LVA,EUR,Europe,YEAR,2012,,,,,,,,,64 [62-67],64,62,67,,2025-11-11T14:30:16Z,2012,2012-01-01,2012-12-31
2369915,TB_e_mort_exc_tbhiv_num,COUNTRY,GNB,AFR,Africa,YEAR,2007,,,,,,,,,550 [320-830],550,320,830,,2025-11-11T14:30:16Z,2007,2007-01-01,2007-12-31
2382010,TB_e_mort_exc_tbhiv_num,COUNTRY,MNG,WPR,Western Pacific,YEAR,2007,,,,,,,,,400 [370-440],400,370,440,,2025-11-11T14:30:16Z,2007,2007-01-01,2007-12-31
2383224,TB_e_mort_exc_tbhiv_num,COUNTRY,BOL,AMR,Americas,YEAR,2020,,,,,,,,,1300 [950-1800],1300,950,1800,,2025-11-11T14:30:16Z,2020,2020-01-01,2020-12-31
2394931,TB_e_mort_exc_tbhiv_num,COUNTRY,ZMB,AFR,Africa,YEAR,2019,,,,,,,,,6200 [3700-9300],6200,3700,9300,,2025-11-11T14:30:16Z,2019,2019-01-01,2019-12-31
2402712,TB_e_mort_exc_tbhiv_num,COUNTRY,LBN,EMR,Eastern Mediterranean,YEAR,2005,,,,,,,,,130 [88-170],130,88,170,,2025-11-11T14:30:16Z,2005,2005-01-01,2005-12-31
2408781,TB_e_mort_exc_tbhiv_num,COUNTRY,CHE,EUR,Europe,YEAR,2009,,,,,,,,,26 [26-27],26,26,27,,2025-11-11T14:30:16Z,2009,2009-01-01,2009-12-31
2415192,TB_e_mort_exc_tbhiv_num,COUNTRY,PER,AMR,Americas,YEAR,2001,,,,,,,,,2500 [2100-3100],2500,2100,3100,,2025-11-11T14:30:16Z,2001,2001-01-01,2001-12-31
2420095,TB_e_mort_exc_tbhiv_num,COUNTRY,OMN,EMR,Eastern Mediterranean,YEAR,2024,,,,,,,,,19 [14-25],19,14,25,,2025-11-11T14:30:16Z,2024,2024-01-01,2024-12-31
2427045,TB_e_mort_exc_tbhiv_num,COUNTRY,SAU,EMR,Eastern Mediterranean,YEAR,2019,,,,,,,,,200 [170-220],200,170,220,,2025-11-11T14:30:16Z,2019,2019-01-01,2019-12-31
2427459,TB_e_mort_exc_tbhiv_num,COUNTRY,AUS,WPR,Western Pacific,YEAR,2016,,,,,,,,,49 [49-50],49,49,50,,2025-11-11T14:30:16Z,2016,2016-01-01,2016-12-31
2427638,TB_e_mort_exc_tbhiv_num,COUNTRY,BGD,SEAR,South-East Asia,YEAR,2006,,,,,,,,,79 000 [51 000-113 000],79000,51000,113000,,2025-11-11T14:30:16Z,2006,2006-01-01,2006-12-31
2428102,TB_e_mort_exc_tbhiv_num,COUNTRY,SUR,AMR,Americas,YEAR,2002,,,,,,,,,6 [5-6],6,5,6,,2025-11-11T14:30:16Z,2002,2002-01-01,2002-12-31
2445294,TB_e_mort_exc_tbhiv_num,COUNTRY,IRQ,EMR,Eastern Mediterranean,YEAR,2002,,,,,,,,,1200 [1100-1400],1200,1100,1400,,2025-11-11T14:30:16Z,2002,2002-01-01,2002-12-31
2445341,TB_e_mort_exc_tbhiv_num,COUNTRY,RUS,EUR,Europe,YEAR,2018,,,,,,,,,9200 [8900-9500],9200,8900,9500,,2025-11-11T14:30:16Z,2018,2018-01-01,2018-12-31
2445827,TB_e_mort_exc_tbhiv_num,COUNTRY,POL,EUR,Europe,YEAR,2002,,,,,,,,,1000 [970-1000],1000,970,1000,,2025-11-11T14:30:16Z,2002,2002-01-01,2002-12-31
2451049,TB_e_mort_exc_tbhiv_num,COUNTRY,LSO,AFR,Africa,YEAR,2012,,,,,,,,,1200 [700-1900],1200,700,1900,,2025-11-11T14:30:16Z,2012,2012-01-01,2012-12-31
2465236,TB_e_mort_exc_tbhiv_num,COUNTRY,MDV,SEAR,South-East Asia,YEAR,2001,,,,,,,,,17 [12-23],17,12,23,,2025-11-11T14:30:16Z,2001,2001-01-01,2001-12-31
2476356,TB_e_mort_exc_tbhiv_num,COUNTRY,CRI,AMR,Americas,YEAR,2019,,,,,,,,,38 [38-39],38,38,39,,2025-11-11T14:30:16Z,2019,2019-01-01,2019-12-31
2482823,TB_e_mort_exc_tbhiv_num,COUNTRY,TKM,EUR,Europe,YEAR,2001,,,,,,,,,1200 [1100-1300],1200,1100,1300,,2025-11-11T14:30:16Z,2001,2001-01-01,2001-12-31
2489362,TB_e_mort_exc_tbhiv_num,COUNTRY,NIC,AMR,Americas,YEAR,2014,,,,,,,,,99 [99-100],99,99,100,,2025-11-11T14:30:16Z,2014,2014-01-01,2014-12-31
2508411,TB_e_mort_exc_tbhiv_num,COUNTRY,USA,AMR,Americas,YEAR,2023,,,,,,,,,540 [540-540],540,540,540,,2025-11-11T14:30:16Z,2023,2023-01-01,2023-12-31
2509887,TB_e_mort_exc_tbhiv_num,COUNTRY,COL,AMR,Americas,YEAR,2004,,,,,,,,,1300 [1300-1300],1300,1300,1300,,2025-11-11T14:30:16Z,2004,2004-01-01,2004-12-31
2514950,TB_e_mort_exc_tbhiv_num,COUNTRY,GBR,EUR,Europe,YEAR,2001,,,,,,,,,500 [490-510],500,490,510,,2025-11-11T14:30:16Z,2001,2001-01-01,2001-12-31
2516084,TB_e_mort_exc_tbhiv_num,COUNTRY,LBR,AFR,Africa,YEAR,2010,,,,,,,,,2400 [1600-3300],2400,1600,3300,,2025-11-11T14:30:16Z,2010,2010-01-01,2010-12-31
2535285,TB_e_mort_exc_tbhiv_num,COUNTRY,AUT,EUR,Europe,YEAR,2011,,,,,,,,,55 [55-56],55,55,56,,2025-11-11T14:30:16Z,2011,2011-01-01,2011-12-31
2541080,TB_e_mort_exc_tbhiv_num,COUNTRY,KOR,WPR,Western Pacific,YEAR,2024,,,,,,,,,1500 [1400-1600],1500,1400,1600,,2025-11-11T14:30:16Z,2024,2024-01-01,2024-12-31
2546113,TB_e_mort_exc_tbhiv_num,COUNTRY,GNB,AFR,Africa,YEAR,2020,,,,,,,,,400 [280-560],400,280,560,,2025-11-11T14:30:16Z,2020,2020-01-01,2020-12-31
2547307,TB_e_mort_exc_tbhiv_num,COUNTRY,HTI,AMR,Americas,YEAR,2024,,,,,,,,,900 [560-1300],900,560,1300,,2025-11-11T14:30:16Z,2024,2024-01-01,2024-12-31
2552507,TB_e_mort_exc_tbhiv_num,COUNTRY,NPL,SEAR,South-East Asia,YEAR,2002,,,,,,,,,30 000 [19 000-43 000],30000,19000,43000,,2025-11-11T14:30:16Z,2002,2002-01-01,2002-12-31
2553156,TB_e_mort_exc_tbhiv_num,COUNTRY,SLE,AFR,Africa,YEAR,2011,,,,,,,,,7500 [3200-13 000],7500,3200,13000,,2025-11-11T14:30:16Z,2011,2011-01-01,2011-12-31
2559079,TB_e_mort_exc_tbhiv_num,REGION,WPR,,,YEAR,2019,,,,,,,,,188 000 [178 000-198 000],188000,178000,198000,,2025-11-11T14:30:16Z,2019,2019-01-01,2019-12-31
2565105,TB_e_mort_exc_tbhiv_num,COUNTRY,SUR,AMR,Americas,YEAR,2023,,,,,,,,,10 [8-12],10,8,12,,2025-11-11T14:30:16Z,2023,2023-01-01,2023-12-31
2566198,TB_e_mort_exc_tbhiv_num,COUNTRY,ERI,AFR,Africa,YEAR,2006,,,,,,,,,2600 [1700-3700],2600,1700,3700,,2025-11-11T14:30:16Z,2006,2006-01-01,2006-12-31
2571732,TB_e_mort_exc_tbhiv_num,COUNTRY,MUS,AFR,Africa,YEAR,2000,,,,,,,,,7 [6-7],7,6,7,,2025-11-11T14:30:16Z,2000,2000-01-01,2000-12-31
2577986,TB_e_mort_exc_tbhiv_num,COUNTRY,HRV,EUR,Europe,YEAR,2019,,,,,,,,,36 [36-36],36,36,36,,2025-11-11T14:30:16Z,2019,2019-01-01,2019-12-31
2579679,TB_e_mort_exc_tbhiv_num,COUNTRY,LTU,EUR,Europe,YEAR,2018,,,,,,,,,120 [120-130],120,120,130,,2025-11-11T14:30:16Z,2018,2018-01-01,2018-12-31
2584885,TB_e_mort_exc_tbhiv_num,COUNTRY,MAC,,,YEAR,2012,,,,,,,,,130 [91-180],130,91,180,,2025-11-11T14:30:16Z,2012,2012-01-01,2012-12-31
2597003,TB_e_mort_exc_tbhiv_num,COUNTRY,TCD,AFR,Africa,YEAR,2022,,,,,,,,,3400 [2200-4900],3400,2200,4900,,2025-11-11T14:30:16Z,2022,2022-01-01,2022-12-31
2603736,TB_e_mort_exc_tbhiv_num,COUNTRY,BLZ,AMR,Americas,YEAR,2003,,,,,,,,,15 [14-15],15,14,15,,2025-11-11T14:30:16Z,2003,2003-01-01,2003-12-31
2610979,TB_e_mort_exc_tbhiv_num,COUNTRY,COD,AFR,Africa,YEAR,2019,,,,,,,,,85 000 [37 000-153 000],85000,37000,153000,,2025-11-11T14:30:16Z,2019,2019-01-01,2019-12-31
2617326,TB_e_mort_exc_tbhiv_num,COUNTRY,SLV,AMR,Americas,YEAR,2010,,,,,,,,,88 [77-99],88,77,99,,2025-11-11T14:30:16Z,2010,2010-01-01,2010-12-31
2623608,TB_e_mort_exc_tbhiv_num,COUNTRY,BFA,AFR,Africa,YEAR,2023,,,,,,,,,2100 [980-3800],2100,980,3800,,2025-11-11T14:30:16Z,2023,2023-01-01,2023-12-31
2635769,TB_e_mort_exc_tbhiv_num,COUNTRY,SDN,EMR,Eastern Mediterranean,YEAR,2015,,,,,,,,,7200 [4000-11 000],7200,4000,11000,,2025-11-11T14:30:16Z,2015,2015-01-01,2015-12-31
2635800,TB_e_mort_exc_tbhiv_num,COUNTRY,SDN,EMR,Eastern Mediterranean,YEAR,2019,,,,,,,,,4500 [2800-6600],4500,2800,6600,,2025-11-11T14:30:16Z,2019,2019-01-01,2019-12-31
2641255,TB_e_mort_exc_tbhiv_num,COUNTRY,ALB,EUR,Europe,YEAR,2012,,,,,,,,,9 [4-14],9,4,14,,2025-11-11T14:30:16Z,2012,2012-01-01,2012-12-31
2653090,TB_e_mort_exc_tbhiv_num,COUNTRY,LVA,EUR,Europe,YEAR,2010,,,,,,,,,94 [89-98],94,89,98,,2025-11-11T14:30:16Z,2010,2010-01-01,2010-12-31
2653915,TB_e_mort_exc_tbhiv_num,COUNTRY,GNB,AFR,Africa,YEAR,2008,,,,,,,,,550 [320-840],550,320,840,,2025-11-11T14:30:16Z,2008,2008-01-01,2008-12-31
2654075,TB_e_mort_exc_tbhiv_num,COUNTRY,FJI,WPR,Western Pacific,YEAR,2015,,,,,,,,,36 [36-37],36,36,37,,2025-11-11T14:30:16Z,2015,2015-01-01,2015-12-31
2654547,TB_e_mort_exc_tbhiv_num,REGION,EUR,,,YEAR,2008,,,,,,,,,56 000 [55 000-57 000],56000,55000,57000,,2025-11-11T14:30:16Z,2008,2008-01-01,2008-12-31
2660319,TB_e_mort_exc_tbhiv_num,COUNTRY,MUS,AFR,Africa,YEAR,2018,,,,,,,,,17 [16-17],17,16,17,,2025-11-11T14:30:16Z,2018,2018-01-01,2018-12-31
2665973,TB_e_mort_exc_tbhiv_num,COUNTRY,COG,AFR,Africa,YEAR,2015,,,,,,,,,2400 [1600-3300],2400,1600,3300,,2025-11-11T14:30:16Z,2015,2015-01-01,2015-12-31
2666641,TB_e_mort_exc_tbhiv_num,COUNTRY,DJI,EMR,Eastern Mediterranean,YEAR,2000,,,,,,,,,9100 [5700-13 000],9100,5700,13000,,2025-11-11T14:30:16Z,2000,2000-01-01,2000-12-31
2674030,TB_e_mort_exc_tbhiv_num,COUNTRY,SLB,WPR,Western Pacific,YEAR,2023,,,,,,,,,190 [130-270],190,130,270,,2025-11-11T14:30:16Z,2023,2023-01-01,2023-12-31
2691758,TB_e_mort_exc_tbhiv_num,COUNTRY,LTU,EUR,Europe,YEAR,2007,,,,,,,,,370 [360-380],370,360,380,,2025-11-11T14:30:16Z,2007,2007-01-01,2007-12-31
2718264,TB_e_mort_exc_tbhiv_num,COUNTRY,IDN,WPR,Western Pacific,YEAR,2016,,,,,,,,,97 000 [91 000-103 000],97000,91000,103000,,2025-11-11T14:30:16Z,2016,2016-01-01,2016-12-31
2723448,TB_e_mort_exc_tbhiv_num,COUNTRY,TZA,AFR,Africa,YEAR,2011,,,,,,,,,34 000 [17 000-58 000],34000,17000,58000,,2025-11-11T14:30:16Z,2011,2011-01-01,2011-12-31
2729668,TB_e_mort_exc_tbhiv_num,COUNTRY,SWZ,AFR,Africa,YEAR,2000,,,,,,,,,680 [250-1300],680,250,1300,,2025-11-11T14:30:16Z,2000,2000-01-01,2000-12-31
2736580,TB_e_mort_exc_tbhiv_num,COUNTRY,BRA,AMR,Americas,YEAR,2020,,,,,,,,,5100 [5000-5300],5100,5000,5300,,2025-11-11T14:30:16Z,2020,2020-01-01,2020-12-31
2742501,TB_e_mort_exc_tbhiv_num,REGION,EUR,,,YEAR,2000,,,,,,,,,73 000 [68 000-79 000],73000,68000,79000,,2025-11-11T14:30:16Z,2000,2000-01-01,2000-12-31
2742716,TB_e_mort_exc_tbhiv_num,COUNTRY,SLV,AMR,Americas,YEAR,2011,,,,,,,,,64 [57-72],64,57,72,,2025-11-11T14:30:16Z,2011,2011-01-01,2011-12-31
2749229,TB_e_mort_exc_tbhiv_num,COUNTRY,MYS,WPR,Western Pacific,YEAR,2012,,,,,,,,,1500 [810-2500],1500,810,2500,,2025-11-11T14:30:16Z,2012,2012-01-01,2012-12-31
2749301,TB_e_mort_exc_tbhiv_num,COUNTRY,PER,AMR,Americas,YEAR,2021,,,,,,,,,2900 [2400-3500],2900,2400,3500,,2025-11-11T14:30:16Z,2021,2021-01-01,2021-12-31
2749493,TB_e_mort_exc_tbhiv_num,COUNTRY,TLS,SEAR,South-East Asia,YEAR,2006,,,,,,,,,2300 [1700-3000],2300,1700,3000,,2025-11-11T14:30:16Z,2006,2006-01-01,2006-12-31
2762172,TB_e_mort_exc_tbhiv_num,COUNTRY,BOL,AMR,Americas,YEAR,2003,,,,,,,,,2100 [1700-2600],2100,1700,2600,,2025-11-11T14:30:16Z,2003,2003-01-01,2003-12-31
2768435,TB_e_mort_exc_tbhiv_num,COUNTRY,PHL,WPR,Western Pacific,YEAR,2014,,,,,,,,,30 000 [27 000-34 000],30000,27000,34000,,2025-11-11T14:30:16Z,2014,2014-01-01,2014-12-31
2775089,TB_e_mort_exc_tbhiv_num,COUNTRY,ARE,EMR,Eastern Mediterranean,YEAR,2010,,,,,,,,,47 [27-72],47,27,72,,2025-11-11T14:30:16Z,2010,2010-01-01,2010-12-31
2780048,TB_e_mort_exc_tbhiv_num,COUNTRY,KHM,WPR,Western Pacific,YEAR,2018,,,,,,,,,3000 [1500-5000],3000,1500,5000,,2025-11-11T14:30:16Z,2018,2018-01-01,2018-12-31
2786171,TB_e_mort_exc_tbhiv_num,COUNTRY,MNG,WPR,Western Pacific,YEAR,2002,,,,,,,,,480 [440-520],480,440,520,,2025-11-11T14:30:16Z,2002,2002-01-01,2002-12-31
2786448,TB_e_mort_exc_tbhiv_num,COUNTRY,NGA,AFR,Africa,YEAR,2002,,,,,,,,,88 000 [49 000-139 000],88000,49000,139000,,2025-11-11T14:30:16Z,2002,2002-01-01,2002-12-31
2805965,TB_e_mort_exc_tbhiv_num,COUNTRY,BGD,SEAR,South-East Asia,YEAR,2012,,,,,,,,,78 000 [50 000-112 000],78000,50000,112000,,2025-11-11T14:30:16Z,2012,2012-01-01,2012-12-31
2817945,TB_e_mort_exc_tbhiv_num,COUNTRY,FRA,EUR,Europe,YEAR,2024,,,,,,,,,450 [430-470],450,430,470,,2025-11-11T14:30:16Z,2024,2024-01-01,2024-12-31
2832481,TB_e_mort_exc_tbhiv_num,COUNTRY,MOZ,AFR,Africa,YEAR,2003,,,,,,,,,7000 [2800-13 000],7000,2800,13000,,2025-11-11T14:30:16Z,2003,2003-01-01,2003-12-31
2837843,TB_e_mort_exc_tbhiv_num,COUNTRY,ESP,EUR,Europe,YEAR,2020,,,,,,,,,200 [200-200],200,200,200,,2025-11-11T14:30:16Z,2020,2020-01-01,2020-12-31
2845113,TB_e_mort_exc_tbhiv_num,COUNTRY,KHM,WPR,Western Pacific,YEAR,2004,,,,,,,,,4000 [1200-8400],4000,1200,8400,,2025-11-11T14:30:16Z,2004,2004-01-01,2004-12-31
2845207,TB_e_mort_exc_tbhiv_num,COUNTRY,LKA,SEAR,South-East Asia,YEAR,2024,,,,,,,,,800 [720-880],800,720,880,,2025-11-11T14:30:16Z,2024,2024-01-01,2024-12-31
2857149,TB_e_mort_exc_tbhiv_num,COUNTRY,COM,AFR,Africa,YEAR,2010,,,,,,,,,74 [29-140],74,29,140,,2025-11-11T14:30:16Z,2010,2010-01-01,2010-12-31
2857673,TB_e_mort_exc_tbhiv_num,WORLDBANKINCOMEGROUP,WB_LI,,,YEAR,2004,,,,,,,,,216 000 [160 000-280 000],216000,160000,280000,,2025-11-11T14:30:16Z,2004,2004-01-01,2004-12-31
2863511,TB_e_mort_exc_tbhiv_num,COUNTRY,RUS,EUR,Europe,YEAR,2017,,,,,,,,,10 000 [9900-11 000],10000,9900,11000,,2025-11-11T14:30:16Z,2017,2017-01-01,2017-12-31
2869405,TB_e_mort_exc_tbhiv_num,COUNTRY,BGD,SEAR,South-East Asia,YEAR,2004,,,,,,,,,95 000 [60 000-137 000],95000,60000,137000,,2025-11-11T14:30:16Z,2004,2004-01-01,2004-12-31
2875607,TB_e_mort_exc_tbhiv_num,COUNTRY,AUS,WPR,Western Pacific,YEAR,2004,,,,,,,,,62 [62-63],62,62,63,,2025-11-11T14:30:16Z,2004,2004-01-01,2004-12-31
2889328,TB_e_mort_exc_tbhiv_num,COUNTRY,BWA,AFR,Africa,YEAR,2016,,,,,,,,,680 [430-1000],680,430,1000,,2025-11-11T14:30:16Z,2016,2016-01-01,2016-12-31
2889593,TB_e_mort_exc_tbhiv_num,COUNTRY,CRI,AMR,Americas,YEAR,2022,,,,,,,,,38 [33-44],38,33,44,,2025-11-11T14:30:16Z,2022,2022-01-01,2022-12-31
2894790,TB_e_mort_exc_tbhiv_num,COUNTRY,SGP,WPR,Western Pacific,YEAR,2016,,,,,,,,,48 [43-53],48,43,53,,2025-11-11T14:30:16Z,2016,2016-01-01,2016-12-31
2901192,TB_e_mort_exc_tbhiv_num,COUNTRY,IDN,WPR,Western Pacific,YEAR,2006,,,,,,,,,119 000 [109 000-129 000],119000,109000,129000,,2025-11-11T14:30:16Z,2006,2006-01-01,2006-12-31
2902380,TB_e_mort_exc_tbhiv_num,COUNTRY,GAB,AFR,Africa,YEAR,2012,,,,,,,,,1100 [620-1600],1100,620,1600,,2025-11-11T14:30:16Z,2012,2012-01-01,2012-12-31
2907310,TB_e_mort_exc_tbhiv_num,COUNTRY,HTI,AMR,Americas,YEAR,2012,,,,,,,,,1100 [760-1500],1100,760,1500,,2025-11-11T14:30:16Z,2012,2012-01-01,2012-12-31
2908091,TB_e_mort_exc_tbhiv_num,COUNTRY,KEN,AFR,Africa,YEAR,2023,,,,,,,,,15 000 [7600-26 000],15000,7600,26000,,2025-11-11T14:30:16Z,2023,2023-01-01,2023-12-31
2915093,TB_e_mort_exc_tbhiv_num,COUNTRY,BFA,AFR,Africa,YEAR,2016,,,,,,,,,3000 [1300-5400],3000,1300,5400,,2025-11-11T14:30:16Z,2016,2016-01-01,2016-12-31
2919884,TB_e_mort_exc_tbhiv_num,COUNTRY,CRI,AMR,Americas,YEAR,2018,,,,,,,,,38 [38-38],38,38,38,,2025-11-11T14:30:16Z,2018,2018-01-01,2018-12-31
2926450,TB_e_mort_exc_tbhiv_num,COUNTRY,MLI,AFR,Africa,YEAR,2013,,,,,,,,,2200 [1100-3600],2200,1100,3600,,2025-11-11T14:30:16Z,2013,2013-01-01,2013-12-31
2933751,TB_e_mort_exc_tbhiv_num,REGION,SEAR,,,YEAR,2011,,,,,,,,,628 000 [506 000-762 000],628000,506000,762000,,2025-11-11T14:30:16Z,2011,2011-01-01,2011-12-31
2938724,TB_e_mort_exc_tbhiv_num,COUNTRY,QAT,EMR,Eastern Mediterranean,YEAR,2020,,,,,,,,,8 [6-10],8,6,10,,2025-11-11T14:30:16Z,2020,2020-01-01,2020-12-31
2958310,TB_e_mort_exc_tbhiv_num,COUNTRY,CYP,EUR,Europe,YEAR,2014,,,,,,,,,5 [4-5],5,4,5,,2025-11-11T14:30:16Z,2014,2014-01-01,2014-12-31
2958404,TB_e_mort_exc_tbhiv_num,COUNTRY,TCD,AFR,Africa,YEAR,2009,,,,,,,,,3600 [2300-5200],3600,2300,5200,,2025-11-11T14:30:16Z,2009,2009-01-01,2009-12-31
2971188,TB_e_mort_exc_tbhiv_num,COUNTRY,MEX,AMR,Americas,YEAR,2000,,,,,,,,,3700 [3600-3800],3700,3600,3800,,2025-11-11T14:30:16Z,2000,2000-01-01,2000-12-31
2976601,TB_e_mort_exc_tbhiv_num,COUNTRY,MLI,AFR,Africa,YEAR,2009,,,,,,,,,2000 [1100-3000],2000,1100,3000,,2025-11-11T14:30:16Z,2009,2009-01-01,2009-12-31
2977397,TB_e_mort_exc_tbhiv_num,COUNTRY,NZL,WPR,Western Pacific,YEAR,2010,,,,,,,,,17 [17-17],17,17,17,,2025-11-11T14:30:16Z,2010,2010-01-01,2010-12-31
2984356,TB_e_mort_exc_tbhiv_num,COUNTRY,PHL,WPR,Western Pacific,YEAR,2018,,,,,,,,,30 000 [27 000-33 000],30000,27000,33000,,2025-11-11T14:30:16Z,2018,2018-01-01,2018-12-31
2990390,TB_e_mort_exc_tbhiv_num,COUNTRY,MAR,EMR,Eastern Mediterranean,YEAR,2012,,,,,,,,,2400 [1400-3700],2400,1400,3700,,2025-11-11T14:30:16Z,2012,2012-01-01,2012-12-31
3003100,TB_e_mort_exc_tbhiv_num,COUNTRY,TUN,EMR,Eastern Mediterranean,YEAR,2005,,,,,,,,,170 [130-210],170,130,210,,2025-11-11T14:30:16Z,2005,2005-01-01,2005-12-31
3008373,TB_e_mort_exc_tbhiv_num,COUNTRY,ISR,EUR,Europe,YEAR,2007,,,,,,,,,41 [39-43],41,39,43,,2025-11-11T14:30:16Z,2007,2007-01-01,2007-12-31
3014979,TB_e_mort_exc_tbhiv_num,COUNTRY,MEX,AMR,Americas,YEAR,2011,,,,,,,,,2700 [2600-2700],2700,2600,2700,,2025-11-11T14:30:16Z,2011,2011-01-01,2011-12-31
3015503,TB_e_mort_exc_tbhiv_num,COUNTRY,TJK,EUR,Europe,YEAR,2000,,,,,,,,,920 [840-990],920,840,990,,2025-11-11T14:30:16Z,2000,2000-01-01,2000-12-31
3016170,TB_e_mort_exc_tbhiv_num,COUNTRY,QAT,EMR,Eastern Mediterranean,YEAR,2022,,,,,,,,,8 [6-10],8,6,10,,2025-11-11T14:30:16Z,2022,2022-01-01,2022-12-31
3033627,TB_e_mort_exc_tbhiv_num,COUNTRY,EGY,EMR,Eastern Mediterranean,YEAR,2023,,,,,,,,,490 [440-540],490,440,540,,2025-11-11T14:30:16Z,2023,2023-01-01,2023-12-31
3034913,TB_e_mort_exc_tbhiv_num,COUNTRY,TZA,AFR,Africa,YEAR,2003,,,,,,,,,30 000 [12 000-55 000],30000,12000,55000,,2025-11-11T14:30:16Z,2003,2003-01-01,2003-12-31
3042565,TB_e_mort_exc_tbhiv_num,COUNTRY,ISR,EUR,Europe,YEAR,2021,,,,,,,,,10 [9-11],10,9,11,,2025-11-11T14:30:16Z,2021,2021-01-01,2021-12-31
3048100,TB_e_mort_exc_tbhiv_num,COUNTRY,MOZ,AFR,Africa,YEAR,2023,,,,,,,,,4400 [1600-8600],4400,1600,8600,,2025-11-11T14:30:16Z,2023,2023-01-01,2023-12-31
3048677,TB_e_mort_exc_tbhiv_num,COUNTRY,GMB,AFR,Africa,YEAR,2020,,,,,,,,,580 [380-830],580,380,830,,2025-11-11T14:30:16Z,2020,2020-01-01,2020-12-31
3055039,TB_e_mort_exc_tbhiv_num,COUNTRY,USA,AMR,Americas,YEAR,2019,,,,,,,,,560 [560-570],560,560,570,,2025-11-11T14:30:16Z,2019,2019-01-01,2019-12-31
3056100,TB_e_mort_exc_tbhiv_num,COUNTRY,PRY,AMR,Americas,YEAR,2006,,,,,,,,,220 [200-250],220,200,250,,2025-11-11T14:30:16Z,2006,2006-01-01,2006-12-31
3061338,TB_e_mort_exc_tbhiv_num,REGION,EMR,,,YEAR,2002,,,,,,,,,109 000 [99 000-121 000],109000,99000,121000,,2025-11-11T14:30:16Z,2002,2002-01-01,2002-12-31
3073511,TB_e_mort_exc_tbhiv_num,COUNTRY,AUT,EUR,Europe,YEAR,2017,,,,,,,,,35 [35-36],35,35,36,,2025-11-11T14:30:16Z,2017,2017-01-01,2017-12-31
3075317,TB_e_mort_exc_tbhiv_num,COUNTRY,ARE,EMR,Eastern Mediterranean,YEAR,2000,,,,,,,,,28 [20-37],28,20,37,,2025-11-11T14:30:16Z,2000,2000-01-01,2000-12-31
3080384,TB_e_mort_exc_tbhiv_num,COUNTRY,USA,AMR,Americas,YEAR,2004,,,,,,,,,750 [740-750],750,740,750,,2025-11-11T14:30:16Z,2004,2004-01-01,2004-12-31
3080759,TB_e_mort_exc_tbhiv_num,COUNTRY,FSM,WPR,Western Pacific,YEAR,2000,,,,,,,,,99 [68-140],99,68,140,,2025-11-11T14:30:16Z,2000,2000-01-01,2000-12-31
3085960,TB_e_mort_exc_tbhiv_num,COUNTRY,PHL,WPR,Western Pacific,YEAR,2007,,,,,,,,,31 000 [28 000-34 000],31000,28000,34000,,2025-11-11T14:30:16Z,2007,2007-01-01,2007-12-31
3092346,TB_e_mort_exc_tbhiv_num,COUNTRY,BEL,EUR,Europe,YEAR,2002,,,,,,,,,84 [82-85],84,82,85,,2025-11-11T14:30:16Z,2002,2002-01-01,2002-12-31
3105753,TB_e_mort_exc_tbhiv_num,COUNTRY,NGA,AFR,Africa,YEAR,2024,,,,,,,,,56 000 [33 000-84 000],56000,33000,84000,,2025-11-11T14:30:16Z,2024,2024-01-01,2024-12-31
3118384,TB_e_mort_exc_tbhiv_num,COUNTRY,TKM,EUR,Europe,YEAR,2024,,,,,,,,,770 [650-890],770,650,890,,2025-11-11T14:30:16Z,2024,2024-01-01,2024-12-31
3131640,TB_e_mort_exc_tbhiv_num,WORLDBANKINCOMEGROUP,WB_UMI,,,YEAR,2008,,,,,,,,,261 000 [249 000-273 000],261000,249000,273000,,2025-11-11T14:30:16Z,2008,2008-01-01,2008-12-31
3136921,TB_e_mort_exc_tbhiv_num,WORLDBANKINCOMEGROUP,WB_LI,,,YEAR,2011,,,,,,,,,211 000 [152 000-279 000],211000,152000,279000,,2025-11-11T14:30:16Z,2011,2011-01-01,2011-12-31
3137010,TB_e_mort_exc_tbhiv_num,COUNTRY,LBN,EMR,Eastern Mediterranean,YEAR,2009,,,,,,,,,140 [95-190],140,95,190,,2025-11-11T14:30:16Z,2009,2009-01-01,2009-12-31
3144879,TB_e_mort_exc_tbhiv_num,COUNTRY,VNM,WPR,Western Pacific,YEAR,2010,,,,,,,,,21 000 [13 000-30 000],21000,13000,30000,,2025-11-11T14:30:16Z,2010,2010-01-01,2010-12-31
3155802,TB_e_mort_exc_tbhiv_num,COUNTRY,IRN,EMR,Eastern Mediterranean,YEAR,2006,,,,,,,,,650 [560-740],650,560,740,,2025-11-11T14:30:16Z,2006,2006-01-01,2006-12-31
3157434,TB_e_mort_exc_tbhiv_num,COUNTRY,YEM,EMR,Eastern Mediterranean,YEAR,2006,,,,,,,,,3500 [2600-4600],3500,2600,4600,,2025-11-11T14:30:16Z,2006,2006-01-01,2006-12-31
3162420,TB_e_mort_exc_tbhiv_num,COUNTRY,COM,AFR,Africa,YEAR,2002,,,,,,,,,67 [26-130],67,26,130,,2025-11-11T14:30:16Z,2002,2002-01-01,2002-12-31
3168401,TB_e_mort_exc_tbhiv_num,COUNTRY,JAM,AMR,Americas,YEAR,2009,,,,,,,,,13 [13-13],13,13,13,,2025-11-11T14:30:16Z,2009,2009-01-01,2009-12-31
3187411,TB_e_mort_exc_tbhiv_num,COUNTRY,UZB,EUR,Europe,YEAR,2015,,,,,,,,,2500 [2000-2900],2500,2000,2900,,2025-11-11T14:30:16Z,2015,2015-01-01,2015-12-31
3207151,TB_e_mort_exc_tbhiv_num,COUNTRY,SWZ,AFR,Africa,YEAR,2023,,,,,,,,,350 [83-820],350,83,820,,2025-11-11T14:30:16Z,2023,2023-01-01,2023-12-31
3214531,TB_e_mort_exc_tbhiv_num,COUNTRY,TZA,AFR,Africa,YEAR,2010,,,,,,,,,35 000 [18 000-59 000],35000,18000,59000,,2025-11-11T14:30:16Z,2010,2010-01-01,2010-12-31
3238465,TB_e_mort_exc_tbhiv_num,COUNTRY,SLV,AMR,Americas,YEAR,2024,,,,,,,,,77 [71-84],77,71,84,,2025-11-11T14:30:16Z,2024,2024-01-01,2024-12-31
3239150,TB_e_mort_exc_tbhiv_num,COUNTRY,EGY,EMR,Eastern Mediterranean,YEAR,2019,,,,,,,,,460 [420-510],460,420,510,,2025-11-11T14:30:16Z,2019,2019-01-01,2019-12-31
3244418,TB_e_mort_exc_tbhiv_num,WORLDBANKINCOMEGROUP,WB_LMI,,,YEAR,2003,,,,,,,,,1 260 000 [1 060 000-1 460 000],1260000,1060000,1460000,,2025-11-11T14:30:16Z,2003,2003-01-01,2003-12-31
3245237,TB_e_mort_exc_tbhiv_num,COUNTRY,BFA,AFR,Africa,YEAR,2007,,,,,,,,,2500 [1100-4500],2500,1100,4500,,2025-11-11T14:30:16Z,2007,2007-01-01,2007-12-31
3250928,TB_e_mort_exc_tbhiv_num,COUNTRY,SOM,EMR,Eastern Mediterranean,YEAR,2022,,,,,,,,,5000 [3400-6900],5000,3400,6900,,2025-11-11T14:30:16Z,2022,2022-01-01,2022-12-31
3252413,TB_e_mort_exc_tbhiv_num,COUNTRY,TZA,AFR,Africa,YEAR,2015,,,,,,,,,28 000 [13 000-50 000],28000,13000,50000,,2025-11-11T14:30:16Z,2015,2015-01-01,2015-12-31
3258648,TB_e_mort_exc_tbhiv_num,COUNTRY,HND,AMR,Americas,YEAR,2015,,,,,,,,,340 [280-410],340,280,410,,2025-11-11T14:30:16Z,2015,2015-01-01,2015-12-31
3264149,TB_e_mort_exc_tbhiv_num,COUNTRY,ALB,EUR,Europe,YEAR,2015,,,,,,,,,8 [4-14],8,4,14,,2025-11-11T14:30:16Z,2015,2015-01-01,2015-12-31
3270997,TB_e_mort_exc_tbhiv_num,COUNTRY,AUS,WPR,Western Pacific,YEAR,2005,,,,,,,,,61 [61-62],61,61,62,,2025-11-11T14:30:16Z,2005,2005-01-01,2005-12-31
3277157,TB_e_mort_exc_tbhiv_num,COUNTRY,GRC,EUR,Europe,YEAR,2006,,,,,,,,,87 [84-90],87,84,90,,2025-11-11T14:30:16Z,2006,2006-01-01,2006-12-31
3278027,TB_e_mort_exc_tbhiv_num,COUNTRY,TKM,EUR,Europe,YEAR,2005,,,,,,,,,1000 [870-1200],1000,870,1200,,2025-11-11T14:30:16Z,2005,2005-01-01,2005-12-31
3283146,TB_e_mort_exc_tbhiv_num,COUNTRY,KEN,AFR,Africa,YEAR,2024,,,,,,,,,16 000 [7900-28 000],16000,7900,28000,,2025-11-11T14:30:16Z,2024,2024-01-01,2024-12-31
3283730,TB_e_mort_exc_tbhiv_num,COUNTRY,HUN,EUR,Europe,YEAR,2011,,,,,,,,,120 [120-120],120,120,120,,2025-11-11T14:30:16Z,2011,2011-01-01,2011-12-31
3283957,TB_e_mort_exc_tbhiv_num,COUNTRY,GUY,AMR,Americas,YEAR,2000,,,,,,,,,84 [70-100],84,70,100,,2025-11-11T14:30:16Z,2000,2000-01-01,2000-12-31
3289015,TB_e_mort_exc_tbhiv_num,COUNTRY,IRQ,EMR,Eastern Mediterranean,YEAR,2012,,,,,,,,,1000 [950-1100],1000,950,1100,,2025-11-11T14:30:16Z,2012,2012-01-01,2012-12-31
3290211,TB_e_mort_exc_tbhiv_num,COUNTRY,AZE,EUR,Europe,YEAR,2003,,,,,,,,,1200 [1100-1300],1200,1100,1300,,2025-11-11T14:30:16Z,2003,2003-01-01,2003-12-31
3296667,TB_e_mort_exc_tbhiv_num,COUNTRY,CHL,AMR,Americas,YEAR,2006,,,,,,,,,610 [600-610],610,600,610,,2025-11-11T14:30:16Z,2006,2006-01-01,2006-12-31
3302438,TB_e_mort_exc_tbhiv_num,COUNTRY,GEO,EUR,Europe,YEAR,2003,,,,,,,,,270 [250-280],270,250,280,,2025-11-11T14:30:16Z,2003,2003-01-01,2003-12-31
3308469,TB_e_mort_exc_tbhiv_num,COUNTRY,SEN,AFR,Africa,YEAR,2003,,,,,,,,,4100 [2800-5700],4100,2800,5700,,2025-11-11T14:30:16Z,2003,2003-01-01,2003-12-31
3314003,TB_e_mort_exc_tbhiv_num,COUNTRY,LVA,EUR,Europe,YEAR,2022,,,,,,,,,53 [48-58],53,48,58,,2025-11-11T14:30:16Z,2022,2022-01-01,2022-12-31
3315813,TB_e_mort_exc_tbhiv_num,COUNTRY,SSD,AFR,Africa,YEAR,2018,,,,,,,,,8700 [3800-15 000],8700,3800,15000,,2025-11-11T14:30:16Z,2018,2018-01-01,2018-12-31
3315847,TB_e_mort_exc_tbhiv_num,COUNTRY,USA,AMR,Americas,YEAR,2016,,,,,,,,,560 [560-560],560,560,560,,2025-11-11T14:30:16Z,2016,2016-01-01,2016-12-31
3322415,TB_e_mort_exc_tbhiv_num,COUNTRY,COL,AMR,Americas,YEAR,2011,,,,,,,,,950 [930-980],950,930,980,,2025-11-11T14:30:16Z,2011,2011-01-01,2011-12-31
3327845,TB_e_mort_exc_tbhiv_num,COUNTRY,TGO,AFR,Africa,YEAR,2009,,,,,,,,,1000 [610-1500],1000,610,1500,,2025-11-11T14:30:16Z,2009,2009-01-01,2009-12-31
3340359,TB_e_mort_exc_tbhiv_num,COUNTRY,RUS,EUR,Europe,YEAR,2004,,,,,,,,,32 000 [31 000-33 000],32000,31000,33000,,2025-11-11T14:30:16Z,2004,2004-01-01,2004-12-31
3360044,TB_e_mort_exc_tbhiv_num,COUNTRY,SEN,AFR,Africa,YEAR,2019,,,,,,,,,4400 [3000-6200],4400,3000,6200,,2025-11-11T14:30:16Z,2019,2019-01-01,2019-12-31
3360103,TB_e_mort_exc_tbhiv_num,COUNTRY,LUX,EUR,Europe,YEAR,2009,,,,,,,,,1 [1-1],1,1,1,,2025-11-11T14:30:16Z,2009,2009-01-01,2009-12-31
3365991,TB_e_mort_exc_tbhiv_num,COUNTRY,TKM,EUR,Europe,YEAR,2008,,,,,,,,,880 [700-1100],880,700,1100,,2025-11-11T14:30:16Z,2008,2008-01-01,2008-12-31
3371850,TB_e_mort_exc_tbhiv_num,COUNTRY,THA,SEAR,South-East Asia,YEAR,2017,,,,,,,,,9800 [7300-13 000],9800,7300,13000,,2025-11-11T14:30:16Z,2017,2017-01-01,2017-12-31
3377539,TB_e_mort_exc_tbhiv_num,COUNTRY,BHS,AMR,Americas,YEAR,2020,,,,,,,,,2 [2-2],2,2,2,,2025-11-11T14:30:16Z,2020,2020-01-01,2020-12-31
3378242,TB_e_mort_exc_tbhiv_num,COUNTRY,RUS,EUR,Europe,YEAR,2013,,,,,,,,,17 000 [17 000-18 000],17000,17000,18000,,2025-11-11T14:30:16Z,2013,2013-01-01,2013-12-31
3379434,TB_e_mort_exc_tbhiv_num,COUNTRY,NLD,EUR,Europe,YEAR,2021,,,,,,,,,21 [21-22],21,21,22,,2025-11-11T14:30:16Z,2021,2021-01-01,2021-12-31
3390700,TB_e_mort_exc_tbhiv_num,COUNTRY,ALB,EUR,Europe,YEAR,2002,,,,,,,,,20 [16-24],20,16,24,,2025-11-11T14:30:16Z,2002,2002-01-01,2002-12-31
3390745,TB_e_mort_exc_tbhiv_num,COUNTRY,SUR,AMR,Americas,YEAR,2012,,,,,,,,,15 [13-17],15,13,17,,2025-11-11T14:30:16Z,2012,2012-01-01,2012-12-31
3391703,TB_e_mort_exc_tbhiv_num,COUNTRY,ROU,EUR,Europe,YEAR,2013,,,,,,,,,1100 [1100-1100],1100,1100,1100,,2025-11-11T14:30:16Z,2013,2013-01-01,2013-12-31
3392128,TB_e_mort_exc_tbhiv_num,COUNTRY,DNK,EUR,Europe,YEAR,2002,,,,,,,,,37 [36-38],37,36,38,,2025-11-11T14:30:16Z,2002,2002-01-01,2002-12-31
3404204,TB_e_mort_exc_tbhiv_num,COUNTRY,CZE,EUR,Europe,YEAR,2018,,,,,,,,,38 [38-39],38,38,39,,2025-11-11T14:30:16Z,2018,2018-01-01,2018-12-31
3429355,TB_e_mort_exc_tbhiv_num,COUNTRY,BRA,AMR,Americas,YEAR,2024,,,,,,,,,7100 [6000-8200],7100,6000,8200,,2025-11-11T14:30:16Z,2024,2024-01-01,2024-12-31
3435234,TB_e_mort_exc_tbhiv_num,COUNTRY,MLI,AFR,Africa,YEAR,2012,,,,,,,,,2600 [1400-4100],2600,1400,4100,,2025-11-11T14:30:16Z,2012,2012-01-01,2012-12-31
3441130,TB_e_mort_exc_tbhiv_num,COUNTRY,TZA,AFR,Africa,YEAR,2013,,,,,,,,,28 000 [13 000-50 000],28000,13000,50000,,2025-11-11T14:30:16Z,2013,2013-01-01,2013-12-31
3441729,TB_e_mort_exc_tbhiv_num,COUNTRY,BHR,EMR,Eastern Mediterranean,YEAR,2010,,,,,,,,,10 [9-11],10,9,11,,2025-11-11T14:30:16Z,2010,2010-01-01,2010-12-31
3447108,TB_e_mort_exc_tbhiv_num,COUNTRY,BEN,AFR,Africa,YEAR,2002,,,,,,,,,1100 [600-1800],1100,600,1800,,2025-11-11T14:30:16Z,2002,2002-01-01,2002-12-31
3453781,TB_e_mort_exc_tbhiv_num,COUNTRY,TKM,EUR,Europe,YEAR,2017,,,,,,,,,660 [560-780],660,560,780,,2025-11-11T14:30:16Z,2017,2017-01-01,2017-12-31
3467719,TB_e_mort_exc_tbhiv_num,COUNTRY,GEO,EUR,Europe,YEAR,2008,,,,,,,,,220 [210-240],220,210,240,,2025-11-11T14:30:16Z,2008,2008-01-01,2008-12-31
3472706,TB_e_mort_exc_tbhiv_num,WORLDBANKINCOMEGROUP,WB_UMI,,,YEAR,2006,,,,,,,,,279 000 [266 000-293 000],279000,266000,293000,,2025-11-11T14:30:16Z,2006,2006-01-01,2006-12-31
3473073,TB_e_mort_exc_tbhiv_num,COUNTRY,MUS,AFR,Africa,YEAR,2009,,,,,,,,,16 [16-17],16,16,17,,2025-11-11T14:30:16Z,2009,2009-01-01,2009-12-31
3478782,TB_e_mort_exc_tbhiv_num,WORLDBANKINCOMEGROUP,WB_HI,,,YEAR,2023,,,,,,,,,14 000 [13 000-15 000],14000,13000,15000,,2025-11-11T14:30:16Z,2023,2023-01-01,2023-12-31
3479680,TB_e_mort_exc_tbhiv_num,COUNTRY,PSE,EMR,Eastern Mediterranean,YEAR,2017,,,,,,,,,7 [5-10],7,5,10,,2025-11-11T14:30:16Z,2017,2017-01-01,2017-12-31
3485064,TB_e_mort_exc_tbhiv_num,COUNTRY,SAU,EMR,Eastern Mediterranean,YEAR,2023,,,,,,,,,180 [160-200],180,160,200,,2025-11-11T14:30:16Z,2023,2023-01-01,2023-12-31
3485244,TB_e_mort_exc_tbhiv_num,COUNTRY,THA,SEAR,South-East Asia,YEAR,2011,,,,,,,,,8900 [5700-13 000],8900,5700,13000,,2025-11-11T14:30:16Z,2011,2011-01-01,2011-12-31
3491365,TB_e_mort_exc_tbhiv_num,COUNTRY,DOM,AMR,Americas,YEAR,2004,,,,,,,,,880 [470-1400],880,470,1400,,2025-11-11T14:30:16Z,2004,2004-01-01,2004-12-31
3491535,TB_e_mort_exc_tbhiv_num,COUNTRY,URY,AMR,Americas,YEAR,2018,,,,,,,,,68 [65-72],68,65,72,,2025-11-11T14:30:16Z,2018,2018-01-01,2018-12-31
3504425,TB_e_mort_exc_tbhiv_num,COUNTRY,RUS,EUR,Europe,YEAR,2023,,,,,,,,,5200 [4200-6400],5200,4200,6400,,2025-11-11T14:30:16Z,2023,2023-01-01,2023-12-31
3504935,TB_e_mort_exc_tbhiv_num,COUNTRY,BLR,EUR,Europe,YEAR,2007,,,,,,,,,1100 [960-1200],1100,960,1200,,2025-11-11T14:30:16Z,2007,2007-01-01,2007-12-31
3512400,TB_e_mort_exc_tbhiv_num,COUNTRY,ETH,AFR,Africa,YEAR,2005,,,,,,,,,50 000 [28 000-79 000],50000,28000,79000,,2025-11-11T14:30:16Z,2005,2005-01-01,2005-12-31
3518306,TB_e_mort_exc_tbhiv_num,COUNTRY,QAT,EMR,Eastern Mediterranean,YEAR,2016,,,,,,,,,8 [6-10],8,6,10,,2025-11-11T14:30:16Z,2016,2016-01-01,2016-12-31
3529730,TB_e_mort_exc_tbhiv_num,COUNTRY,KWT,EMR,Eastern Mediterranean,YEAR,2005,,,,,,,,,25 [25-25],25,25,25,,2025-11-11T14:30:16Z,2005,2005-01-01,2005-12-31
3536332,TB_e_mort_exc_tbhiv_num,COUNTRY,ARM,EUR,Europe,YEAR,2024,,,,,,,,,28 [22-34],28,22,34,,2025-11-11T14:30:16Z,2024,2024-01-01,2024-12-31
3548878,TB_e_mort_exc_tbhiv_num,COUNTRY,SUR,AMR,Americas,YEAR,2013,,,,,,,,,6 [5-6],6,5,6,,2025-11-11T14:30:16Z,2013,2013-01-01,2013-12-31
3556534,TB_e_mort_exc_tbhiv_num,COUNTRY,YEM,EMR,Eastern Mediterranean,YEAR,2013,,,,,,,,,1200 [770-1800],1200,770,1800,,2025-11-11T14:30:16Z,2013,2013-01-01,2013-12-31
3574016,TB_e_mort_exc_tbhiv_num,COUNTRY,MHL,WPR,Western Pacific,YEAR,2012,,,,,,,,,56 [39-77],56,39,77,,2025-11-11T14:30:16Z,2012,2012-01-01,2012-12-31
3575320,TB_e_mort_exc_tbhiv_num,COUNTRY,NER,AFR,Africa,YEAR,2008,,,,,,,,,4300 [2900-6100],4300,2900,6100,,2025-11-11T14:30:16Z,2008,2008-01-01,2008-12-31
3587978,TB_e_mort_exc_tbhiv_num,COUNTRY,BGR,EUR,Europe,YEAR,2015,,,,,,,,,120 [120-130],120,120,130,,2025-11-11T14:30:16Z,2015,2015-01-01,2015-12-31
3600719,TB_e_mort_exc_tbhiv_num,COUNTRY,SAU,EMR,Eastern Mediterranean,YEAR,2020,,,,,,,,,190 [160-210],190,160,210,,2025-11-11T14:30:16Z,2020,2020-01-01,2020-12-31
3624865,TB_e_mort_exc_tbhiv_num,COUNTRY,RWA,AFR,Africa,YEAR,2014,,,,,,,,,610 [390-870],610,390,870,,2025-11-11T14:30:16Z,2014,2014-01-01,2014-12-31
3637684,TB_e_mort_exc_tbhiv_num,COUNTRY,SEN,AFR,Africa,YEAR,2005,,,,,,,,,4500 [3100-6100],4500,3100,6100,,2025-11-11T14:30:16Z,2005,2005-01-01,2005-12-31
3655672,TB_e_mort_exc_tbhiv_num,COUNTRY,CYP,EUR,Europe,YEAR,2005,,,,,,,,,5 [4-5],5,4,5,,2025-11-11T14:30:16Z,2005,2005-01-01,2005-12-31
3656751,TB_e_mort_exc_tbhiv_num,COUNTRY,TCD,AFR,Africa,YEAR,2004,,,,,,,,,2700 [1700-4000],2700,1700,4000,,2025-11-11T14:30:16Z,2004,2004-01-01,2004-12-31
3657573,TB_e_mort_exc_tbhiv_num,COUNTRY,GNQ,AFR,Africa,YEAR,2006,,,,,,,,,530 [190-1000],530,190,1000,,2025-11-11T14:30:16Z,2006,2006-01-01,2006-12-31
3668543,TB_e_mort_exc_tbhiv_num,COUNTRY,DNK,EUR,Europe,YEAR,2006,,,,,,,,,22 [22-23],22,22,23,,2025-11-11T14:30:16Z,2006,2006-01-01,2006-12-31
3670006,TB_e_mort_exc_tbhiv_num,COUNTRY,NPL,SEAR,South-East Asia,YEAR,2022,,,,,,,,,17 000 [9100-27 000],17000,9100,27000,,2025-11-11T14:30:16Z,2022,2022-01-01,2022-12-31
3688443,TB_e_mort_exc_tbhiv_num,COUNTRY,BHR,EMR,Eastern Mediterranean,YEAR,2013,,,,,,,,,6 [5-6],6,5,6,,2025-11-11T14:30:16Z,2013,2013-01-01,2013-12-31
3688801,TB_e_mort_exc_tbhiv_num,COUNTRY,NLD,EUR,Europe,YEAR,2024,,,,,,,,,21 [21-22],21,21,22,,2025-11-11T14:30:16Z,2024,2024-01-01,2024-12-31
3694564,TB_e_mort_exc_tbhiv_num,COUNTRY,LBN,EMR,Eastern Mediterranean,YEAR,2010,,,,,,,,,140 [94-190],140,94,190,,2025-11-11T14:30:16Z,2010,2010-01-01,2010-12-31
3700260,TB_e_mort_exc_tbhiv_num,COUNTRY,PER,AMR,Americas,YEAR,2000,,,,,,,,,3000 [2300-3800],3000,2300,3800,,2025-11-11T14:30:16Z,2000,2000-01-01,2000-12-31
3701554,TB_e_mort_exc_tbhiv_num,COUNTRY,KWT,EMR,Eastern Mediterranean,YEAR,2001,,,,,,,,,24 [23-24],24,23,24,,2025-11-11T14:30:16Z,2001,2001-01-01,2001-12-31
3707828,TB_e_mort_exc_tbhiv_num,COUNTRY,BFA,AFR,Africa,YEAR,2024,,,,,,,,,1900 [880-3300],1900,880,3300,,2025-11-11T14:30:16Z,2024,2024-01-01,2024-12-31
3707925,TB_e_mort_exc_tbhiv_num,COUNTRY,SRB,EUR,Europe,YEAR,2014,,,,,,,,,110 [110-120],110,110,120,,2025-11-11T14:30:16Z,2014,2014-01-01,2014-12-31
3708437,TB_e_mort_exc_tbhiv_num,COUNTRY,MRT,AFR,Africa,YEAR,2018,,,,,,,,,750 [460-1100],750,460,1100,,2025-11-11T14:30:16Z,2018,2018-01-01,2018-12-31
3719804,TB_e_mort_exc_tbhiv_num,COUNTRY,GUY,AMR,Americas,YEAR,2013,,,,,,,,,120 [110-130],120,110,130,,2025-11-11T14:30:16Z,2013,2013-01-01,2013-12-31
3725526,TB_e_mort_exc_tbhiv_num,COUNTRY,MNG,WPR,Western Pacific,YEAR,2010,,,,,,,,,340 [310-360],340,310,360,,2025-11-11T14:30:16Z,2010,2010-01-01,2010-12-31
3726587,TB_e_mort_exc_tbhiv_num,COUNTRY,KIR,WPR,Western Pacific,YEAR,2020,,,,,,,,,46 [39-54],46,39,54,,2025-11-11T14:30:16Z,2020,2020-01-01,2020-12-31
3726592,TB_e_mort_exc_tbhiv_num,REGION,AMR,,,YEAR,2014,,,,,,,,,17 000 [17 000-18 000],17000,17000,18000,,2025-11-11T14:30:16Z,2014,2014-01-01,2014-12-31
3726973,TB_e_mort_exc_tbhiv_num,COUNTRY,SAU,EMR,Eastern Mediterranean,YEAR,2015,,,,,,,,,260 [230-300],260,230,300,,2025-11-11T14:30:16Z,2015,2015-01-01,2015-12-31
3727313,TB_e_mort_exc_tbhiv_num,COUNTRY,BHR,EMR,Eastern Mediterranean,YEAR,2015,,,,,,,,,7 [7-7],7,7,7,,2025-11-11T14:30:16Z,2015,2015-01-01,2015-12-31
3733335,TB_e_mort_exc_tbhiv_num,COUNTRY,SGP,WPR,Western Pacific,YEAR,2002,,,,,,,,,140 [85-200],140,85,200,,2025-11-11T14:30:16Z,2002,2002-01-01,2002-12-31
3757582,TB_e_mort_exc_tbhiv_num,COUNTRY,LBR,AFR,Africa,YEAR,2002,,,,,,,,,760 [480-1100],760,480,1100,,2025-11-11T14:30:16Z,2002,2002-01-01,2002-12-31
3772029,TB_e_mort_exc_tbhiv_num,REGION,AFR,,,YEAR,2011,,,,,,,,,460 000 [380 000-546 000],460000,380000,546000,,2025-11-11T14:30:16Z,2011,2011-01-01,2011-12-31
3777774,TB_e_mort_exc_tbhiv_num,COUNTRY,SYR,EMR,Eastern Mediterranean,YEAR,2004,,,,,,,,,52 [41-63],52,41,63,,2025-11-11T14:30:16Z,2004,2004-01-01,2004-12-31
3778245,TB_e_mort_exc_tbhiv_num,COUNTRY,DNK,EUR,Europe,YEAR,2023,,,,,,,,,10 [10-11],10,10,11,,2025-11-11T14:30:16Z,2023,2023-01-01,2023-12-31
3783122,TB_e_mort_exc_tbhiv_num,COUNTRY,TGO,AFR,Africa,YEAR,2010,,,,,,,,,1000 [610-1600],1000,610,1600,,2025-11-11T14:30:16Z,2010,2010-01-01,2010-12-31
3783795,TB_e_mort_exc_tbhiv_num,COUNTRY,BIH,EUR,Europe,YEAR,2008,,,,,,,,,210 [190-220],210,190,220,,2025-11-11T14:30:16Z,2008,2008-01-01,2008-12-31
3789816,TB_e_mort_exc_tbhiv_num,COUNTRY,RUS,EUR,Europe,YEAR,2019,,,,,,,,,7900 [7600-8200],7900,7600,8200,,2025-11-11T14:30:16Z,2019,2019-01-01,2019-12-31
3789982,TB_e_mort_exc_tbhiv_num,COUNTRY,POL,EUR,Europe,YEAR,2011,,,,,,,,,700 [670-720],700,670,720,,2025-11-11T14:30:16Z,2011,2011-01-01,2011-12-31
3796056,TB_e_mort_exc_tbhiv_num,COUNTRY,BGD,SEAR,South-East Asia,YEAR,2015,,,,,,,,,67 000 [43 000-96 000],67000,43000,96000,,2025-11-11T14:30:16Z,2015,2015-01-01,2015-12-31
3815653,TB_e_mort_exc_tbhiv_num,COUNTRY,SLV,AMR,Americas,YEAR,2019,,,,,,,,,61 [55-67],61,55,67,,2025-11-11T14:30:16Z,2019,2019-01-01,2019-12-31
3820709,TB_e_mort_exc_tbhiv_num,COUNTRY,NPL,SEAR,South-East Asia,YEAR,2024,,,,,,,,,16 000 [8300-26 000],16000,8300,26000,,2025-11-11T14:30:16Z,2024,2024-01-01,2024-12-31
3821873,TB_e_mort_exc_tbhiv_num,COUNTRY,EGY,EMR,Eastern Mediterranean,YEAR,2016,,,,,,,,,440 [390-480],440,390,480,,2025-11-11T14:30:16Z,2016,2016-01-01,2016-12-31
3833633,TB_e_mort_exc_tbhiv_num,REGION,AMR,,,YEAR,2001,,,,,,,,,29 000 [23 000-35 000],29000,23000,35000,,2025-11-11T14:30:16Z,2001,2001-01-01,2001-12-31
3853153,TB_e_mort_exc_tbhiv_num,COUNTRY,KEN,AFR,Africa,YEAR,2006,,,,,,,,,29 000 [16 000-45 000],29000,16000,45000,,2025-11-11T14:30:16Z,2006,2006-01-01,2006-12-31
3853430,TB_e_mort_exc_tbhiv_num,COUNTRY,CUB,AMR,Americas,YEAR,2016,,,,,,,,,42 [42-42],42,42,42,,2025-11-11T14:30:16Z,2016,2016-01-01,2016-12-31
3859762,TB_e_mort_exc_tbhiv_num,COUNTRY,IRN,EMR,Eastern Mediterranean,YEAR,2009,,,,,,,,,680 [590-770],680,590,770,,2025-11-11T14:30:16Z,2009,2009-01-01,2009-12-31
3885823,TB_e_mort_exc_tbhiv_num,COUNTRY,SAU,EMR,Eastern Mediterranean,YEAR,2007,,,,,,,,,360 [300-420],360,300,420,,2025-11-11T14:30:16Z,2007,2007-01-01,2007-12-31
3896673,TB_e_mort_exc_tbhiv_num,COUNTRY,IRQ,EMR,Eastern Mediterranean,YEAR,2021,,,,,,,,,790 [700-890],790,700,890,,2025-11-11T14:30:16Z,2021,2021-01-01,2021-12-31
3903743,TB_e_mort_exc_tbhiv_num,COUNTRY,MAC,,,YEAR,2009,,,,,,,,,130 [91-180],130,91,180,,2025-11-11T14:30:16Z,2009,2009-01-01,2009-12-31
3910061,TB_e_mort_exc_tbhiv_num,COUNTRY,RWA,AFR,Africa,YEAR,2008,,,,,,,,,720 [460-1000],720,460,1000,,2025-11-11T14:30:16Z,2008,2008-01-01,2008-12-31
3911022,TB_e_mort_exc_tbhiv_num,COUNTRY,MYS,WPR,Western Pacific,YEAR,2009,,,,,,,,,1800 [900-3000],1800,900,3000,,2025-11-11T14:30:16Z,2009,2009-01-01,2009-12-31
3916436,TB_e_mort_exc_tbhiv_num,COUNTRY,BEL,EUR,Europe,YEAR,2010,,,,,,,,,61 [59-63],61,59,63,,2025-11-11T14:30:16Z,2010,2010-01-01,2010-12-31
3941563,TB_e_mort_exc_tbhiv_num,COUNTRY,LVA,EUR,Europe,YEAR,2006,,,,,,,,,200 [190-210],200,190,210,,2025-11-11T14:30:16Z,2006,2006-01-01,2006-12-31
3942350,TB_e_mort_exc_tbhiv_num,COUNTRY,MLI,AFR,Africa,YEAR,2008,,,,,,,,,2000 [1100-3100],2000,1100,3100,,2025-11-11T14:30:16Z,2008,2008-01-01,2008-12-31
3948908,TB_e_mort_exc_tbhiv_num,COUNTRY,MDV,SEAR,South-East Asia,YEAR,2022,,,,,,,,,9 [8-10],9,8,10,,2025-11-11T14:30:16Z,2022,2022-01-01,2022-12-31
3955082,TB_e_mort_exc_tbhiv_num,COUNTRY,COD,AFR,Africa,YEAR,2016,,,,,,,,,94 000 [40 000-171 000],94000,40000,171000,,2025-11-11T14:30:16Z,2016,2016-01-01,2016-12-31
3960211,TB_e_mort_exc_tbhiv_num,COUNTRY,ERI,AFR,Africa,YEAR,2014,,,,,,,,,1400 [980-1900],1400,980,1900,,2025-11-11T14:30:16Z,2014,2014-01-01,2014-12-31
3961412,TB_e_mort_exc_tbhiv_num,COUNTRY,EGY,EMR,Eastern Mediterranean,YEAR,2014,,,,,,,,,300 [280-320],300,280,320,,2025-11-11T14:30:16Z,2014,2014-01-01,2014-12-31
3968267,TB_e_mort_exc_tbhiv_num,COUNTRY,TJK,EUR,Europe,YEAR,2019,,,,,,,,,750 [670-830],750,670,830,,2025-11-11T14:30:16Z,2019,2019-01-01,2019-12-31
3972832,TB_e_mort_exc_tbhiv_num,COUNTRY,TLS,SEAR,South-East Asia,YEAR,2015,,,,,,,,,920 [670-1200],920,670,1200,,2025-11-11T14:30:16Z,2015,2015-01-01,2015-12-31
3972983,TB_e_mort_exc_tbhiv_num,COUNTRY,JOR,EMR,Eastern Mediterranean,YEAR,2013,,,,,,,,,13 [11-15],13,11,15,,2025-11-11T14:30:16Z,2013,2013-01-01,2013-12-31
3973944,TB_e_mort_exc_tbhiv_num,COUNTRY,SSD,AFR,Africa,YEAR,2013,,,,,,,,,14 000 [6100-26 000],14000,6100,26000,,2025-11-11T14:30:16Z,2013,2013-01-01,2013-12-31
3979715,TB_e_mort_exc_tbhiv_num,COUNTRY,FIN,EUR,Europe,YEAR,2008,,,,,,,,,60 [60-61],60,60,61,,2025-11-11T14:30:16Z,2008,2008-01-01,2008-12-31
3980918,TB_e_mort_exc_tbhiv_num,COUNTRY,ZWE,AFR,Africa,YEAR,2021,,,,,,,,,3100 [1200-5900],3100,1200,5900,,2025-11-11T14:30:16Z,2021,2021-01-01,2021-12-31
3985840,TB_e_mort_exc_tbhiv_num,COUNTRY,LSO,AFR,Africa,YEAR,2015,,,,,,,,,1100 [630-1700],1100,630,1700,,2025-11-11T14:30:16Z,2015,2015-01-01,2015-12-31
3993322,TB_e_mort_exc_tbhiv_num,COUNTRY,FIN,EUR,Europe,YEAR,2011,,,,,,,,,61 [61-61],61,61,61,,2025-11-11T14:30:16Z,2011,2011-01-01,2011-12-31
3993347,TB_e_mort_exc_tbhiv_num,COUNTRY,UGA,AFR,Africa,YEAR,2014,,,,,,,,,7900 [4600-12 000],7900,4600,12000,,2025-11-11T14:30:16Z,2014,2014-01-01,2014-12-31
3998422,TB_e_mort_exc_tbhiv_num,COUNTRY,MUS,AFR,Africa,YEAR,2023,,,,,,,,,15 [15-16],15,15,16,,2025-11-11T14:30:16Z,2023,2023-01-01,2023-12-31
4005369,TB_e_mort_exc_tbhiv_num,COUNTRY,TUR,EUR,Europe,YEAR,2000,,,,,,,,,1700 [930-2600],1700,930,2600,,2025-11-11T14:30:16Z,2000,2000-01-01,2000-12-31
4005757,TB_e_mort_exc_tbhiv_num,COUNTRY,MDV,SEAR,South-East Asia,YEAR,2012,,,,,,,,,6 [5-7],6,5,7,,2025-11-11T14:30:16Z,2012,2012-01-01,2012-12-31
4006191,TB_e_mort_exc_tbhiv_num,COUNTRY,TZA,AFR,Africa,YEAR,2006,,,,,,,,,32 000 [13 000-60 000],32000,13000,60000,,2025-11-11T14:30:16Z,2006,2006-01-01,2006-12-31
4006222,TB_e_mort_exc_tbhiv_num,COUNTRY,DEU,EUR,Europe,YEAR,2017,,,,,,,,,300 [290-300],300,290,300,,2025-11-11T14:30:16Z,2017,2017-01-01,2017-12-31
4012524,TB_e_mort_exc_tbhiv_num,COUNTRY,LKA,SEAR,South-East Asia,YEAR,2011,,,,,,,,,940 [820-1100],940,820,1100,,2025-11-11T14:30:16Z,2011,2011-01-01,2011-12-31
4017870,TB_e_mort_exc_tbhiv_num,COUNTRY,TKM,EUR,Europe,YEAR,2021,,,,,,,,,720 [610-840],720,610,840,,2025-11-11T14:30:16Z,2021,2021-01-01,2021-12-31
4018549,TB_e_mort_exc_tbhiv_num,COUNTRY,ZWE,AFR,Africa,YEAR,2006,,,,,,,,,4400 [1700-8400],4400,1700,8400,,2025-11-11T14:30:16Z,2006,2006-01-01,2006-12-31
4025343,TB_e_mort_exc_tbhiv_num,COUNTRY,NER,AFR,Africa,YEAR,2020,,,,,,,,,3500 [2100-5400],3500,2100,5400,,2025-11-11T14:30:16Z,2020,2020-01-01,2020-12-31
4031599,TB_e_mort_exc_tbhiv_num,COUNTRY,PRI,AMR,Americas,YEAR,2017,,,,,,,,,5 [5-5],5,5,5,,2025-11-11T14:30:16Z,2017,2017-01-01,2017-12-31
4031711,TB_e_mort_exc_tbhiv_num,COUNTRY,IDN,WPR,Western Pacific,YEAR,2017,,,,,,,,,95 000 [90 000-101 000],95000,90000,101000,,2025-11-11T14:30:16Z,2017,2017-01-01,2017-12-31
4043424,TB_e_mort_exc_tbhiv_num,COUNTRY,PRT,EUR,Europe,YEAR,2020,,,,,,,,,180 [180-190],180,180,190,,2025-11-11T14:30:16Z,2020,2020-01-01,2020-12-31
4044398,TB_e_mort_exc_tbhiv_num,COUNTRY,BHS,AMR,Americas,YEAR,2000,,,,,,,,,9 [8-10],9,8,10,,2025-11-11T14:30:16Z,2000,2000-01-01,2000-12-31
4069193,TB_e_mort_exc_tbhiv_num,COUNTRY,ERI,AFR,Africa,YEAR,2019,,,,,,,,,1000 [690-1400],1000,690,1400,,2025-11-11T14:30:16Z,2019,2019-01-01,2019-12-31
4069538,TB_e_mort_exc_tbhiv_num,COUNTRY,IRN,EMR,Eastern Mediterranean,YEAR,2014,,,,,,,,,600 [530-670],600,530,670,,2025-11-11T14:30:16Z,2014,2014-01-01,2014-12-31
4074321,TB_e_mort_exc_tbhiv_num,REGION,EUR,,,YEAR,2018,,,,,,,,,23 000 [22 000-23 000],23000,22000,23000,,2025-11-11T14:30:16Z,2018,2018-01-01,2018-12-31
4074708,TB_e_mort_exc_tbhiv_num,COUNTRY,LVA,EUR,Europe,YEAR,2004,,,,,,,,,200 [190-210],200,190,210,,2025-11-11T14:30:16Z,2004,2004-01-01,2004-12-31
4082451,TB_e_mort_exc_tbhiv_num,COUNTRY,KAZ,EUR,Europe,YEAR,2011,,,,,,,,,1700 [1500-1900],1700,1500,1900,,2025-11-11T14:30:16Z,2011,2011-01-01,2011-12-31
4100017,TB_e_mort_exc_tbhiv_num,COUNTRY,BEN,AFR,Africa,YEAR,2017,,,,,,,,,1300 [620-2100],1300,620,2100,,2025-11-11T14:30:16Z,2017,2017-01-01,2017-12-31
4101412,TB_e_mort_exc_tbhiv_num,COUNTRY,CAF,AFR,Africa,YEAR,2023,,,,,,,,,2700 [1300-4800],2700,1300,4800,,2025-11-11T14:30:16Z,2023,2023-01-01,2023-12-31
4106298,TB_e_mort_exc_tbhiv_num,COUNTRY,MKD,EUR,Europe,YEAR,2019,,,,,,,,,8 [7-10],8,7,10,,2025-11-11T14:30:16Z,2019,2019-01-01,2019-12-31
4106715,TB_e_mort_exc_tbhiv_num,COUNTRY,GMB,AFR,Africa,YEAR,2013,,,,,,,,,520 [340-730],520,340,730,,2025-11-11T14:30:16Z,2013,2013-01-01,2013-12-31
4112994,TB_e_mort_exc_tbhiv_num,COUNTRY,KAZ,EUR,Europe,YEAR,2022,,,,,,,,,480 [370-590],480,370,590,,2025-11-11T14:30:16Z,2022,2022-01-01,2022-12-31
4113008,TB_e_mort_exc_tbhiv_num,COUNTRY,BGD,SEAR,South-East Asia,YEAR,2020,,,,,,,,,44 000 [28 000-63 000],44000,28000,63000,,2025-11-11T14:30:16Z,2020,2020-01-01,2020-12-31
4131815,TB_e_mort_exc_tbhiv_num,WORLDBANKINCOMEGROUP,WB_UMI,,,YEAR,2005,,,,,,,,,287 000 [273 000-302 000],287000,273000,302000,,2025-11-11T14:30:16Z,2005,2005-01-01,2005-12-31
4132208,TB_e_mort_exc_tbhiv_num,COUNTRY,MAR,EMR,Eastern Mediterranean,YEAR,2007,,,,,,,,,2100 [1200-3300],2100,1200,3300,,2025-11-11T14:30:16Z,2007,2007-01-01,2007-12-31
4132973,TB_e_mort_exc_tbhiv_num,COUNTRY,PRI,AMR,Americas,YEAR,2012,,,,,,,,,12 [12-12],12,12,12,,2025-11-11T14:30:16Z,2012,2012-01-01,2012-12-31
4133014,TB_e_mort_exc_tbhiv_num,COUNTRY,SLV,AMR,Americas,YEAR,2021,,,,,,,,,76 [70-83],76,70,83,,2025-11-11T14:30:16Z,2021,2021-01-01,2021-12-31
4156771,TB_e_mort_exc_tbhiv_num,COUNTRY,MEX,AMR,Americas,YEAR,2018,,,,,,,,,2100 [2100-2200],2100,2100,2200,,2025-11-11T14:30:16Z,2018,2018-01-01,2018-12-31
4156825,TB_e_mort_exc_tbhiv_num,COUNTRY,MNE,EUR,Europe,YEAR,2022,,,,,,,,,1 [0-3],1,0,3,,2025-11-11T14:30:16Z,2022,2022-01-01,2022-12-31
4163179,TB_e_mort_exc_tbhiv_num,COUNTRY,TTO,AMR,Americas,YEAR,2012,,,,,,,,,17 [17-17],17,17,17,,2025-11-11T14:30:16Z,2012,2012-01-01,2012-12-31
4163590,TB_e_mort_exc_tbhiv_num,COUNTRY,COD,AFR,Africa,YEAR,2015,,,,,,,,,94 000 [40 000-172 000],94000,40000,172000,,2025-11-11T14:30:16Z,2015,2015-01-01,2015-12-31
4165027,TB_e_mort_exc_tbhiv_num,COUNTRY,KGZ,EUR,Europe,YEAR,2016,,,,,,,,,390 [380-390],390,380,390,,2025-11-11T14:30:16Z,2016,2016-01-01,2016-12-31
4169599,TB_e_mort_exc_tbhiv_num,COUNTRY,SLE,AFR,Africa,YEAR,2023,,,,,,,,,4400 [2000-7700],4400,2000,7700,,2025-11-11T14:30:16Z,2023,2023-01-01,2023-12-31
4170597,TB_e_mort_exc_tbhiv_num,COUNTRY,VUT,WPR,Western Pacific,YEAR,2020,,,,,,,,,33 [15-59],33,15,59,,2025-11-11T14:30:16Z,2020,2020-01-01,2020-12-31
4171119,TB_e_mort_exc_tbhiv_num,COUNTRY,FIN,EUR,Europe,YEAR,2015,,,,,,,,,33 [33-34],33,33,34,,2025-11-11T14:30:16Z,2015,2015-01-01,2015-12-31
4195547,TB_e_mort_exc_tbhiv_num,REGION,EMR,,,YEAR,2010,,,,,,,,,99 000 [87 000-111 000],99000,87000,111000,,2025-11-11T14:30:16Z,2010,2010-01-01,2010-12-31
4196110,TB_e_mort_exc_tbhiv_num,COUNTRY,CMR,AFR,Africa,YEAR,2012,,,,,,,,,7700 [5400-10 000],7700,5400,10000,,2025-11-11T14:30:16Z,2012,2012-01-01,2012-12-31
4203284,TB_e_mort_exc_tbhiv_num,COUNTRY,GHA,AFR,Africa,YEAR,2007,,,,,,,,,10 000 [4400-19 000],10000,4400,19000,,2025-11-11T14:30:16Z,2007,2007-01-01,2007-12-31
4208171,TB_e_mort_exc_tbhiv_num,COUNTRY,PRI,AMR,Americas,YEAR,2000,,,,,,,,,22 [22-23],22,22,23,,2025-11-11T14:30:16Z,2000,2000-01-01,2000-12-31
4221549,TB_e_mort_exc_tbhiv_num,COUNTRY,MAR,EMR,Eastern Mediterranean,YEAR,2001,,,,,,,,,2300 [1300-3600],2300,1300,3600,,2025-11-11T14:30:16Z,2001,2001-01-01,2001-12-31
4226691,TB_e_mort_exc_tbhiv_num,COUNTRY,SGP,WPR,Western Pacific,YEAR,2019,,,,,,,,,24 [21-27],24,21,27,,2025-11-11T14:30:16Z,2019,2019-01-01,2019-12-31
4245652,TB_e_mort_exc_tbhiv_num,COUNTRY,TZA,AFR,Africa,YEAR,2014,,,,,,,,,30 000 [13 000-53 000],30000,13000,53000,,2025-11-11T14:30:16Z,2014,2014-01-01,2014-12-31
4246762,TB_e_mort_exc_tbhiv_num,COUNTRY,ESP,EUR,Europe,YEAR,2019,,,,,,,,,220 [220-230],220,220,230,,2025-11-11T14:30:16Z,2019,2019-01-01,2019-12-31
4258983,TB_e_mort_exc_tbhiv_num,COUNTRY,IRL,EUR,Europe,YEAR,2003,,,,,,,,,39 [35-43],39,35,43,,2025-11-11T14:30:16Z,2003,2003-01-01,2003-12-31
4259692,TB_e_mort_exc_tbhiv_num,REGION,EMR,,,YEAR,2019,,,,,,,,,77 000 [67 000-89 000],77000,67000,89000,,2025-11-11T14:30:16Z,2019,2019-01-01,2019-12-31
4260098,TB_e_mort_exc_tbhiv_num,COUNTRY,SRB,EUR,Europe,YEAR,2005,,,,,,,,,260 [250-270],260,250,270,,2025-11-11T14:30:16Z,2005,2005-01-01,2005-12-31
4271996,TB_e_mort_exc_tbhiv_num,COUNTRY,LUX,EUR,Europe,YEAR,2005,,,,,,,,,1 [1-1],1,1,1,,2025-11-11T14:30:16Z,2005,2005-01-01,2005-12-31
4284980,TB_e_mort_exc_tbhiv_num,COUNTRY,HND,AMR,Americas,YEAR,2017,,,,,,,,,410 [330-490],410,330,490,,2025-11-11T14:30:16Z,2017,2017-01-01,2017-12-31
4285068,TB_e_mort_exc_tbhiv_num,COUNTRY,GBR,EUR,Europe,YEAR,2015,,,,,,,,,350 [340-350],350,340,350,,2025-11-11T14:30:16Z,2015,2015-01-01,2015-12-31
4297983,TB_e_mort_exc_tbhiv_num,COUNTRY,JAM,AMR,Americas,YEAR,2020,,,,,,,,,7 [7-7],7,7,7,,2025-11-11T14:30:16Z,2020,2020-01-01,2020-12-31
4303175,TB_e_mort_exc_tbhiv_num,COUNTRY,POL,EUR,Europe,YEAR,2007,,,,,,,,,830 [800-870],830,800,870,,2025-11-11T14:30:16Z,2007,2007-01-01,2007-12-31
4315246,TB_e_mort_exc_tbhiv_num,COUNTRY,LAO,WPR,Western Pacific,YEAR,2012,,,,,,,,,4000 [2400-6000],4000,2400,6000,,2025-11-11T14:30:16Z,2012,2012-01-01,2012-12-31
4321609,TB_e_mort_exc_tbhiv_num,COUNTRY,GEO,EUR,Europe,YEAR,2009,,,,,,,,,230 [200-260],230,200,260,,2025-11-11T14:30:16Z,2009,2009-01-01,2009-12-31
4327914,TB_e_mort_exc_tbhiv_num,WORLDBANKINCOMEGROUP,WB_HI,,,YEAR,2009,,,,,,,,,42 000 [41 000-43 000],42000,41000,43000,,2025-11-11T14:30:16Z,2009,2009-01-01,2009-12-31
4341215,TB_e_mort_exc_tbhiv_num,COUNTRY,CRI,AMR,Americas,YEAR,2014,,,,,,,,,45 [44-45],45,44,45,,2025-11-11T14:30:16Z,2014,2014-01-01,2014-12-31
4341394,TB_e_mort_exc_tbhiv_num,COUNTRY,ROU,EUR,Europe,YEAR,2014,,,,,,,,,1100 [1100-1100],1100,1100,1100,,2025-11-11T14:30:16Z,2014,2014-01-01,2014-12-31
4341613,TB_e_mort_exc_tbhiv_num,COUNTRY,NOR,EUR,Europe,YEAR,2019,,,,,,,,,15 [14-15],15,14,15,,2025-11-11T14:30:16Z,2019,2019-01-01,2019-12-31
4348014,TB_e_mort_exc_tbhiv_num,COUNTRY,ITA,EUR,Europe,YEAR,2008,,,,,,,,,390 [390-400],390,390,400,,2025-11-11T14:30:16Z,2008,2008-01-01,2008-12-31
4359331,TB_e_mort_exc_tbhiv_num,COUNTRY,PRT,EUR,Europe,YEAR,2006,,,,,,,,,320 [300-340],320,300,340,,2025-11-11T14:30:16Z,2006,2006-01-01,2006-12-31
4365635,TB_e_mort_exc_tbhiv_num,WORLDBANKINCOMEGROUP,WB_LMI,,,YEAR,2016,,,,,,,,,837 000 [722 000-960 000],837000,722000,960000,,2025-11-11T14:30:16Z,2016,2016-01-01,2016-12-31
4379778,TB_e_mort_exc_tbhiv_num,COUNTRY,BLR,EUR,Europe,YEAR,2008,,,,,,,,,990 [900-1100],990,900,1100,,2025-11-11T14:30:16Z,2008,2008-01-01,2008-12-31
4403511,TB_e_mort_exc_tbhiv_num,COUNTRY,NIC,AMR,Americas,YEAR,2000,,,,,,,,,260 [220-290],260,220,290,,2025-11-11T14:30:16Z,2000,2000-01-01,2000-12-31
4422279,TB_e_mort_exc_tbhiv_num,COUNTRY,GRC,EUR,Europe,YEAR,2004,,,,,,,,,82 [78-85],82,78,85,,2025-11-11T14:30:16Z,2004,2004-01-01,2004-12-31
4423174,TB_e_mort_exc_tbhiv_num,COUNTRY,MNE,EUR,Europe,YEAR,2011,,,,,,,,,1 [1-1],1,1,1,,2025-11-11T14:30:16Z,2011,2011-01-01,2011-12-31
4429337,TB_e_mort_exc_tbhiv_num,COUNTRY,NPL,SEAR,South-East Asia,YEAR,2016,,,,,,,,,18 000 [10 000-28 000],18000,10000,28000,,2025-11-11T14:30:16Z,2016,2016-01-01,2016-12-31
4434827,TB_e_mort_exc_tbhiv_num,COUNTRY,NGA,AFR,Africa,YEAR,2013,,,,,,,,,102 000 [59 000-156 000],102000,59000,156000,,2025-11-11T14:30:16Z,2013,2013-01-01,2013-12-31
4435242,TB_e_mort_exc_tbhiv_num,COUNTRY,GBR,EUR,Europe,YEAR,2000,,,,,,,,,510 [500-520],510,500,520,,2025-11-11T14:30:16Z,2000,2000-01-01,2000-12-31
4440458,TB_e_mort_exc_tbhiv_num,REGION,EUR,,,YEAR,2016,,,,,,,,,28 000 [27 000-29 000],28000,27000,29000,,2025-11-11T14:30:16Z,2016,2016-01-01,2016-12-31
4453507,TB_e_mort_exc_tbhiv_num,COUNTRY,MOZ,AFR,Africa,YEAR,2020,,,,,,,,,6800 [3600-11 000],6800,3600,11000,,2025-11-11T14:30:16Z,2020,2020-01-01,2020-12-31
4460420,TB_e_mort_exc_tbhiv_num,COUNTRY,POL,EUR,Europe,YEAR,2016,,,,,,,,,600 [570-630],600,570,630,,2025-11-11T14:30:16Z,2016,2016-01-01,2016-12-31
4472838,TB_e_mort_exc_tbhiv_num,COUNTRY,LBN,EMR,Eastern Mediterranean,YEAR,2002,,,,,,,,,190 [130-260],190,130,260,,2025-11-11T14:30:16Z,2002,2002-01-01,2002-12-31
4472849,TB_e_mort_exc_tbhiv_num,COUNTRY,HUN,EUR,Europe,YEAR,2000,,,,,,,,,410 [400-410],410,400,410,,2025-11-11T14:30:16Z,2000,2000-01-01,2000-12-31
4484655,TB_e_mort_exc_tbhiv_num,COUNTRY,CPV,AFR,Africa,YEAR,2015,,,,,,,,,22 [19-25],22,19,25,,2025-11-11T14:30:16Z,2015,2015-01-01,2015-12-31
4491271,TB_e_mort_exc_tbhiv_num,COUNTRY,OMN,EMR,Eastern Mediterranean,YEAR,2008,,,,,,,,,16 [13-19],16,13,19,,2025-11-11T14:30:16Z,2008,2008-01-01,2008-12-31
4497422,TB_e_mort_exc_tbhiv_num,COUNTRY,GNB,AFR,Africa,YEAR,2003,,,,,,,,,510 [310-750],510,310,750,,2025-11-11T14:30:16Z,2003,2003-01-01,2003-12-31
4497887,TB_e_mort_exc_tbhiv_num,COUNTRY,POL,EUR,Europe,YEAR,2001,,,,,,,,,1100 [1100-1200],1100,1100,1200,,2025-11-11T14:30:16Z,2001,2001-01-01,2001-12-31
4497902,TB_e_mort_exc_tbhiv_num,COUNTRY,IND,SEAR,South-East Asia,YEAR,2002,,,,,,,,,720 000 [540 000-926 000],720000,540000,926000,,2025-11-11T14:30:16Z,2002,2002-01-01,2002-12-31
4529186,TB_e_mort_exc_tbhiv_num,COUNTRY,MWI,AFR,Africa,YEAR,2004,,,,,,,,,3700 [1300-7500],3700,1300,7500,,2025-11-11T14:30:16Z,2004,2004-01-01,2004-12-31
4541991,TB_e_mort_exc_tbhiv_num,COUNTRY,BLR,EUR,Europe,YEAR,2011,,,,,,,,,890 [800-990],890,800,990,,2025-11-11T14:30:16Z,2011,2011-01-01,2011-12-31
4549826,TB_e_mort_exc_tbhiv_num,COUNTRY,ERI,AFR,Africa,YEAR,2018,,,,,,,,,1000 [700-1400],1000,700,1400,,2025-11-11T14:30:16Z,2018,2018-01-01,2018-12-31
4555971,TB_e_mort_exc_tbhiv_num,COUNTRY,KGZ,EUR,Europe,YEAR,2019,,,,,,,,,290 [280-290],290,280,290,,2025-11-11T14:30:16Z,2019,2019-01-01,2019-12-31
4568472,TB_e_mort_exc_tbhiv_num,COUNTRY,GRC,EUR,Europe,YEAR,2007,,,,,,,,,100 [100-110],100,100,110,,2025-11-11T14:30:16Z,2007,2007-01-01,2007-12-31
4587106,TB_e_mort_exc_tbhiv_num,COUNTRY,SDN,EMR,Eastern Mediterranean,YEAR,2006,,,,,,,,,13 000 [7200-22 000],13000,7200,22000,,2025-11-11T14:30:16Z,2006,2006-01-01,2006-12-31
4593536,TB_e_mort_exc_tbhiv_num,COUNTRY,TUN,EMR,Eastern Mediterranean,YEAR,2018,,,,,,,,,140 [110-180],140,110,180,,2025-11-11T14:30:16Z,2018,2018-01-01,2018-12-31
4593564,TB_e_mort_exc_tbhiv_num,COUNTRY,CUB,AMR,Americas,YEAR,2014,,,,,,,,,38 [38-38],38,38,38,,2025-11-11T14:30:16Z,2014,2014-01-01,2014-12-31
4593657,TB_e_mort_exc_tbhiv_num,COUNTRY,ZWE,AFR,Africa,YEAR,2000,,,,,,,,,3400 [1300-6400],3400,1300,6400,,2025-11-11T14:30:16Z,2000,2000-01-01,2000-12-31
4599473,TB_e_mort_exc_tbhiv_num,COUNTRY,ERI,AFR,Africa,YEAR,2015,,,,,,,,,1200 [820-1600],1200,820,1600,,2025-11-11T14:30:16Z,2015,2015-01-01,2015-12-31
4599756,TB_e_mort_exc_tbhiv_num,COUNTRY,BLR,EUR,Europe,YEAR,2016,,,,,,,,,390 [370-410],390,370,410,,2025-11-11T14:30:16Z,2016,2016-01-01,2016-12-31
4613112,TB_e_mort_exc_tbhiv_num,COUNTRY,BIH,EUR,Europe,YEAR,2006,,,,,,,,,210 [200-230],210,200,230,,2025-11-11T14:30:16Z,2006,2006-01-01,2006-12-31
4619944,TB_e_mort_exc_tbhiv_num,COUNTRY,AUS,WPR,Western Pacific,YEAR,2013,,,,,,,,,51 [51-52],51,51,52,,2025-11-11T14:30:16Z,2013,2013-01-01,2013-12-31
4624753,TB_e_mort_exc_tbhiv_num,COUNTRY,MHL,WPR,Western Pacific,YEAR,2022,,,,,,,,,33 [23-45],33,23,45,,2025-11-11T14:30:16Z,2022,2022-01-01,2022-12-31
4624919,TB_e_mort_exc_tbhiv_num,COUNTRY,HUN,EUR,Europe,YEAR,2005,,,,,,,,,250 [250-250],250,250,250,,2025-11-11T14:30:16Z,2005,2005-01-01,2005-12-31
4644863,TB_e_mort_exc_tbhiv_num,COUNTRY,SLE,AFR,Africa,YEAR,2017,,,,,,,,,6300 [2800-11 000],6300,2800,11000,,2025-11-11T14:30:16Z,2017,2017-01-01,2017-12-31
4649861,TB_e_mort_exc_tbhiv_num,COUNTRY,AUS,WPR,Western Pacific,YEAR,2006,,,,,,,,,59 [59-60],59,59,60,,2025-11-11T14:30:16Z,2006,2006-01-01,2006-12-31
4651623,TB_e_mort_exc_tbhiv_num,COUNTRY,THA,SEAR,South-East Asia,YEAR,2020,,,,,,,,,9700 [7300-12 000],9700,7300,12000,,2025-11-11T14:30:16Z,2020,2020-01-01,2020-12-31
4664369,TB_e_mort_exc_tbhiv_num,COUNTRY,GBR,EUR,Europe,YEAR,2012,,,,,,,,,330 [330-330],330,330,330,,2025-11-11T14:30:16Z,2012,2012-01-01,2012-12-31
4674841,TB_e_mort_exc_tbhiv_num,COUNTRY,COG,AFR,Africa,YEAR,2012,,,,,,,,,2200 [1500-3100],2200,1500,3100,,2025-11-11T14:30:16Z,2012,2012-01-01,2012-12-31
4688695,TB_e_mort_exc_tbhiv_num,REGION,SEAR,,,YEAR,2014,,,,,,,,,540 000 [435 000-656 000],540000,435000,656000,,2025-11-11T14:30:16Z,2014,2014-01-01,2014-12-31
4695543,TB_e_mort_exc_tbhiv_num,COUNTRY,MDA,EUR,Europe,YEAR,2002,,,,,,,,,810 [650-990],810,650,990,,2025-11-11T14:30:16Z,2002,2002-01-01,2002-12-31
4701000,TB_e_mort_exc_tbhiv_num,COUNTRY,GUY,AMR,Americas,YEAR,2004,,,,,,,,,130 [130-140],130,130,140,,2025-11-11T14:30:16Z,2004,2004-01-01,2004-12-31
4713203,TB_e_mort_exc_tbhiv_num,COUNTRY,TCD,AFR,Africa,YEAR,2014,,,,,,,,,4200 [2800-5800],4200,2800,5800,,2025-11-11T14:30:16Z,2014,2014-01-01,2014-12-31
4714579,TB_e_mort_exc_tbhiv_num,COUNTRY,GUY,AMR,Americas,YEAR,2014,,,,,,,,,84 [80-89],84,80,89,,2025-11-11T14:30:16Z,2014,2014-01-01,2014-12-31
4714741,TB_e_mort_exc_tbhiv_num,COUNTRY,UGA,AFR,Africa,YEAR,2008,,,,,,,,,4700 [2500-7500],4700,2500,7500,,2025-11-11T14:30:16Z,2008,2008-01-01,2008-12-31
4725792,TB_e_mort_exc_tbhiv_num,COUNTRY,BDI,AFR,Africa,YEAR,2009,,,,,,,,,2400 [1500-3500],2400,1500,3500,,2025-11-11T14:30:16Z,2009,2009-01-01,2009-12-31
4726690,TB_e_mort_exc_tbhiv_num,COUNTRY,IRL,EUR,Europe,YEAR,2016,,,,,,,,,17 [17-17],17,17,17,,2025-11-11T14:30:16Z,2016,2016-01-01,2016-12-31
4732865,TB_e_mort_exc_tbhiv_num,COUNTRY,BHR,EMR,Eastern Mediterranean,YEAR,2000,,,,,,,,,17 [14-19],17,14,19,,2025-11-11T14:30:16Z,2000,2000-01-01,2000-12-31
4738369,TB_e_mort_exc_tbhiv_num,COUNTRY,TUR,EUR,Europe,YEAR,2014,,,,,,,,,580 [570-580],580,570,580,,2025-11-11T14:30:16Z,2014,2014-01-01,2014-12-31
4745186,TB_e_mort_exc_tbhiv_num,COUNTRY,FSM,WPR,Western Pacific,YEAR,2005,,,,,,,,,90 [62-120],90,62,120,,2025-11-11T14:30:16Z,2005,2005-01-01,2005-12-31
4745446,TB_e_mort_exc_tbhiv_num,COUNTRY,VUT,WPR,Western Pacific,YEAR,2005,,,,,,,,,150 [120-200],150,120,200,,2025-11-11T14:30:16Z,2005,2005-01-01,2005-12-31
4746128,TB_e_mort_exc_tbhiv_num,COUNTRY,HRV,EUR,Europe,YEAR,2004,,,,,,,,,160 [160-160],160,160,160,,2025-11-11T14:30:16Z,2004,2004-01-01,2004-12-31
4757262,TB_e_mort_exc_tbhiv_num,COUNTRY,LUX,EUR,Europe,YEAR,2001,,,,,,,,,5 [5-5],5,5,5,,2025-11-11T14:30:16Z,2001,2001-01-01,2001-12-31
4758688,TB_e_mort_exc_tbhiv_num,COUNTRY,SGP,WPR,Western Pacific,YEAR,2011,,,,,,,,,79 [71-88],79,71,88,,2025-11-11T14:30:16Z,2011,2011-01-01,2011-12-31
4764687,TB_e_mort_exc_tbhiv_num,COUNTRY,SLE,AFR,Africa,YEAR,2008,,,,,,,,,7800 [3300-14 000],7800,3300,14000,,2025-11-11T14:30:16Z,2008,2008-01-01,2008-12-31
4777861,TB_e_mort_exc_tbhiv_num,COUNTRY,LBY,EMR,Eastern Mediterranean,YEAR,2017,,,,,,,,,440 [140-920],440,140,920,,2025-11-11T14:30:16Z,2017,2017-01-01,2017-12-31
4784103,TB_e_mort_exc_tbhiv_num,COUNTRY,GIN,AFR,Africa,YEAR,2010,,,,,,,,,3400 [2400-4600],3400,2400,4600,,2025-11-11T14:30:16Z,2010,2010-01-01,2010-12-31
4789065,TB_e_mort_exc_tbhiv_num,COUNTRY,CAF,AFR,Africa,YEAR,2008,,,,,,,,,4400 [1600-8600],4400,1600,8600,,2025-11-11T14:30:16Z,2008,2008-01-01,2008-12-31
4789142,TB_e_mort_exc_tbhiv_num,COUNTRY,SGP,WPR,Western Pacific,YEAR,2024,,,,,,,,,23 [22-24],23,22,24,,2025-11-11T14:30:16Z,2024,2024-01-01,2024-12-31
4802486,TB_e_mort_exc_tbhiv_num,COUNTRY,ZAF,AFR,Africa,YEAR,2010,,,,,,,,,27 000 [26 000-28 000],27000,26000,28000,,2025-11-11T14:30:16Z,2010,2010-01-01,2010-12-31
4810013,TB_e_mort_exc_tbhiv_num,COUNTRY,AUS,WPR,Western Pacific,YEAR,2022,,,,,,,,,34 [34-34],34,34,34,,2025-11-11T14:30:16Z,2022,2022-01-01,2022-12-31
4822239,TB_e_mort_exc_tbhiv_num,COUNTRY,AUS,WPR,Western Pacific,YEAR,2010,,,,,,,,,55 [54-55],55,54,55,,2025-11-11T14:30:16Z,2010,2010-01-01,2010-12-31
4828016,TB_e_mort_exc_tbhiv_num,COUNTRY,MDG,AFR,Africa,YEAR,2009,,,,,,,,,12 000 [8900-17 000],12000,8900,17000,,2025-11-11T14:30:16Z,2009,2009-01-01,2009-12-31
4833689,TB_e_mort_exc_tbhiv_num,COUNTRY,PRY,AMR,Americas,YEAR,2002,,,,,,,,,190 [160-230],190,160,230,,2025-11-11T14:30:16Z,2002,2002-01-01,2002-12-31
4841750,TB_e_mort_exc_tbhiv_num,COUNTRY,SWZ,AFR,Africa,YEAR,2019,,,,,,,,,260 [140-430],260,140,430,,2025-11-11T14:30:16Z,2019,2019-01-01,2019-12-31
4853905,TB_e_mort_exc_tbhiv_num,COUNTRY,URY,AMR,Americas,YEAR,2019,,,,,,,,,83 [78-89],83,78,89,,2025-11-11T14:30:16Z,2019,2019-01-01,2019-12-31
4872764,TB_e_mort_exc_tbhiv_num,COUNTRY,BHR,EMR,Eastern Mediterranean,YEAR,2008,,,,,,,,,8 [7-9],8,7,9,,2025-11-11T14:30:16Z,2008,2008-01-01,2008-12-31
4878581,TB_e_mort_exc_tbhiv_num,COUNTRY,ISR,EUR,Europe,YEAR,2002,,,,,,,,,60 [58-63],60,58,63,,2025-11-11T14:30:16Z,2002,2002-01-01,2002-12-31
4885596,TB_e_mort_exc_tbhiv_num,COUNTRY,UGA,AFR,Africa,YEAR,2016,,,,,,,,,9400 [5200-15 000],9400,5200,15000,,2025-11-11T14:30:16Z,2016,2016-01-01,2016-12-31
4898021,TB_e_mort_exc_tbhiv_num,COUNTRY,MDA,EUR,Europe,YEAR,2001,,,,,,,,,790 [630-980],790,630,980,,2025-11-11T14:30:16Z,2001,2001-01-01,2001-12-31
4898068,TB_e_mort_exc_tbhiv_num,COUNTRY,TCD,AFR,Africa,YEAR,2016,,,,,,,,,4300 [2900-6000],4300,2900,6000,,2025-11-11T14:30:16Z,2016,2016-01-01,2016-12-31
4904286,TB_e_mort_exc_tbhiv_num,COUNTRY,ARG,AMR,Americas,YEAR,2006,,,,,,,,,740 [710-770],740,710,770,,2025-11-11T14:30:16Z,2006,2006-01-01,2006-12-31
4909972,TB_e_mort_exc_tbhiv_num,COUNTRY,GUY,AMR,Americas,YEAR,2002,,,,,,,,,110 [100-120],110,100,120,,2025-11-11T14:30:16Z,2002,2002-01-01,2002-12-31
4911095,TB_e_mort_exc_tbhiv_num,REGION,AMR,,,YEAR,2006,,,,,,,,,21 000 [20 000-22 000],21000,20000,22000,,2025-11-11T14:30:16Z,2006,2006-01-01,2006-12-31
4917295,TB_e_mort_exc_tbhiv_num,COUNTRY,PHL,WPR,Western Pacific,YEAR,2017,,,,,,,,,30 000 [27 000-34 000],30000,27000,34000,,2025-11-11T14:30:16Z,2017,2017-01-01,2017-12-31
4935111,TB_e_mort_exc_tbhiv_num,COUNTRY,BLZ,AMR,Americas,YEAR,2019,,,,,,,,,6 [6-6],6,6,6,,2025-11-11T14:30:16Z,2019,2019-01-01,2019-12-31
4935973,TB_e_mort_exc_tbhiv_num,COUNTRY,COD,AFR,Africa,YEAR,2021,,,,,,,,,78 000 [35 000-139 000],78000,35000,139000,,2025-11-11T14:30:16Z,2021,2021-01-01,2021-12-31
4936232,TB_e_mort_exc_tbhiv_num,COUNTRY,MUS,AFR,Africa,YEAR,2005,,,,,,,,,15 [14-15],15,14,15,,2025-11-11T14:30:16Z,2005,2005-01-01,2005-12-31
4936622,TB_e_mort_exc_tbhiv_num,COUNTRY,EST,EUR,Europe,YEAR,2011,,,,,,,,,46 [45-47],46,45,47,,2025-11-11T14:30:16Z,2011,2011-01-01,2011-12-31
4942468,TB_e_mort_exc_tbhiv_num,COUNTRY,GNB,AFR,Africa,YEAR,2009,,,,,,,,,540 [320-830],540,320,830,,2025-11-11T14:30:16Z,2009,2009-01-01,2009-12-31
4942726,TB_e_mort_exc_tbhiv_num,COUNTRY,GIN,AFR,Africa,YEAR,2017,,,,,,,,,3000 [2000-4000],3000,2000,4000,,2025-11-11T14:30:16Z,2017,2017-01-01,2017-12-31
4942732,TB_e_mort_exc_tbhiv_num,COUNTRY,SVK,EUR,Europe,YEAR,2024,,,,,,,,,28 [23-33],28,23,33,,2025-11-11T14:30:16Z,2024,2024-01-01,2024-12-31
4948257,TB_e_mort_exc_tbhiv_num,COUNTRY,THA,SEAR,South-East Asia,YEAR,2022,,,,,,,,,11 000 [8400-14 000],11000,8400,14000,,2025-11-11T14:30:16Z,2022,2022-01-01,2022-12-31
4967120,TB_e_mort_exc_tbhiv_num,WORLDBANKINCOMEGROUP,WB_UMI,,,YEAR,2020,,,,,,,,,192 000 [183 000-201 000],192000,183000,201000,,2025-11-11T14:30:16Z,2020,2020-01-01,2020-12-31
4973681,TB_e_mort_exc_tbhiv_num,COUNTRY,ERI,AFR,Africa,YEAR,2023,,,,,,,,,1300 [890-1800],1300,890,1800,,2025-11-11T14:30:16Z,2023,2023-01-01,2023-12-31
4973984,TB_e_mort_exc_tbhiv_num,COUNTRY,COG,AFR,Africa,YEAR,2021,,,,,,,,,1900 [1300-2700],1900,1300,2700,,2025-11-11T14:30:16Z,2021,2021-01-01,2021-12-31
4980775,TB_e_mort_exc_tbhiv_num,COUNTRY,LBN,EMR,Eastern Mediterranean,YEAR,2000,,,,,,,,,300 [210-410],300,210,410,,2025-11-11T14:30:16Z,2000,2000-01-01,2000-12-31
4987133,TB_e_mort_exc_tbhiv_num,COUNTRY,GNB,AFR,Africa,YEAR,2002,,,,,,,,,440 [270-670],440,270,670,,2025-11-11T14:30:16Z,2002,2002-01-01,2002-12-31
4987437,TB_e_mort_exc_tbhiv_num,COUNTRY,BRN,WPR,Western Pacific,YEAR,2012,,,,,,,,,17 [15-18],17,15,18,,2025-11-11T14:30:16Z,2012,2012-01-01,2012-12-31
4998611,TB_e_mort_exc_tbhiv_num,COUNTRY,VNM,WPR,Western Pacific,YEAR,2018,,,,,,,,,11 000 [6700-15 000],11000,6700,15000,,2025-11-11T14:30:16Z,2018,2018-01-01,2018-12-31
4999309,TB_e_mort_exc_tbhiv_num,COUNTRY,VNM,WPR,Western Pacific,YEAR,2021,,,,,,,,,9400 [6000-14 000],9400,6000,14000,,2025-11-11T14:30:16Z,2021,2021-01-01,2021-12-31
5004985,TB_e_mort_exc_tbhiv_num,COUNTRY,AUT,EUR,Europe,YEAR,2003,,,,,,,,,45 [45-46],45,45,46,,2025-11-11T14:30:16Z,2003,2003-01-01,2003-12-31
5011567,TB_e_mort_exc_tbhiv_num,COUNTRY,GTM,AMR,Americas,YEAR,2018,,,,,,,,,320 [290-350],320,290,350,,2025-11-11T14:30:16Z,2018,2018-01-01,2018-12-31
5011704,TB_e_mort_exc_tbhiv_num,COUNTRY,MUS,AFR,Africa,YEAR,2020,,,,,,,,,9 [9-10],9,9,10,,2025-11-11T14:30:16Z,2020,2020-01-01,2020-12-31
5018176,TB_e_mort_exc_tbhiv_num,COUNTRY,HKG,,,YEAR,2006,,,,,,,,,300 [300-310],300,300,310,,2025-11-11T14:30:16Z,2006,2006-01-01,2006-12-31
5030079,TB_e_mort_exc_tbhiv_num,COUNTRY,ITA,EUR,Europe,YEAR,2024,,,,,,,,,300 [300-300],300,300,300,,2025-11-11T14:30:16Z,2024,2024-01-01,2024-12-31
5030869,TB_e_mort_exc_tbhiv_num,COUNTRY,PRI,AMR,Americas,YEAR,2013,,,,,,,,,11 [11-11],11,11,11,,2025-11-11T14:30:16Z,2013,2013-01-01,2013-12-31
5030972,TB_e_mort_exc_tbhiv_num,COUNTRY,ARG,AMR,Americas,YEAR,2022,,,,,,,,,750 [690-820],750,690,820,,2025-11-11T14:30:16Z,2022,2022-01-01,2022-12-31
5036666,TB_e_mort_exc_tbhiv_num,COUNTRY,CMR,AFR,Africa,YEAR,2014,,,,,,,,,6900 [4800-9400],6900,4800,9400,,2025-11-11T14:30:16Z,2014,2014-01-01,2014-12-31
5038170,TB_e_mort_exc_tbhiv_num,COUNTRY,ETH,AFR,Africa,YEAR,2008,,,,,,,,,40 000 [22 000-62 000],40000,22000,62000,,2025-11-11T14:30:16Z,2008,2008-01-01,2008-12-31
5043570,TB_e_mort_exc_tbhiv_num,COUNTRY,LTU,EUR,Europe,YEAR,2000,,,,,,,,,450 [360-540],450,360,540,,2025-11-11T14:30:16Z,2000,2000-01-01,2000-12-31
5049136,TB_e_mort_exc_tbhiv_num,COUNTRY,KWT,EMR,Eastern Mediterranean,YEAR,2003,,,,,,,,,20 [20-21],20,20,21,,2025-11-11T14:30:16Z,2003,2003-01-01,2003-12-31
5069978,TB_e_mort_exc_tbhiv_num,COUNTRY,ARM,EUR,Europe,YEAR,2002,,,,,,,,,210 [170-240],210,170,240,,2025-11-11T14:30:16Z,2002,2002-01-01,2002-12-31
5100316,TB_e_mort_exc_tbhiv_num,COUNTRY,GEO,EUR,Europe,YEAR,2018,,,,,,,,,150 [140-170],150,140,170,,2025-11-11T14:30:16Z,2018,2018-01-01,2018-12-31
5105977,TB_e_mort_exc_tbhiv_num,COUNTRY,PRY,AMR,Americas,YEAR,2023,,,,,,,,,230 [99-420],230,99,420,,2025-11-11T14:30:16Z,2023,2023-01-01,2023-12-31
5106139,TB_e_mort_exc_tbhiv_num,COUNTRY,CRI,AMR,Americas,YEAR,2001,,,,,,,,,80 [80-81],80,80,81,,2025-11-11T14:30:16Z,2001,2001-01-01,2001-12-31
5106651,TB_e_mort_exc_tbhiv_num,COUNTRY,IRL,EUR,Europe,YEAR,2021,,,,,,,,,13 [13-13],13,13,13,,2025-11-11T14:30:16Z,2021,2021-01-01,2021-12-31
5108029,TB_e_mort_exc_tbhiv_num,COUNTRY,GNB,AFR,Africa,YEAR,2016,,,,,,,,,480 [330-650],480,330,650,,2025-11-11T14:30:16Z,2016,2016-01-01,2016-12-31
5120047,TB_e_mort_exc_tbhiv_num,COUNTRY,SUR,AMR,Americas,YEAR,2016,,,,,,,,,13 [12-15],13,12,15,,2025-11-11T14:30:16Z,2016,2016-01-01,2016-12-31
5126218,TB_e_mort_exc_tbhiv_num,COUNTRY,TTO,AMR,Americas,YEAR,2007,,,,,,,,,17 [17-18],17,17,18,,2025-11-11T14:30:16Z,2007,2007-01-01,2007-12-31
5126747,TB_e_mort_exc_tbhiv_num,COUNTRY,ECU,AMR,Americas,YEAR,2008,,,,,,,,,920 [760-1100],920,760,1100,,2025-11-11T14:30:16Z,2008,2008-01-01,2008-12-31
5131840,TB_e_mort_exc_tbhiv_num,COUNTRY,ERI,AFR,Africa,YEAR,2012,,,,,,,,,1800 [1200-2400],1800,1200,2400,,2025-11-11T14:30:16Z,2012,2012-01-01,2012-12-31
5138371,TB_e_mort_exc_tbhiv_num,COUNTRY,BGD,SEAR,South-East Asia,YEAR,2000,,,,,,,,,96 000 [61 000-139 000],96000,61000,139000,,2025-11-11T14:30:16Z,2000,2000-01-01,2000-12-31
5138567,TB_e_mort_exc_tbhiv_num,COUNTRY,LVA,EUR,Europe,YEAR,2009,,,,,,,,,110 [110-120],110,110,120,,2025-11-11T14:30:16Z,2009,2009-01-01,2009-12-31
5138907,TB_e_mort_exc_tbhiv_num,COUNTRY,GNQ,AFR,Africa,YEAR,2002,,,,,,,,,520 [190-1000],520,190,1000,,2025-11-11T14:30:16Z,2002,2002-01-01,2002-12-31
5145186,TB_e_mort_exc_tbhiv_num,COUNTRY,IRL,EUR,Europe,YEAR,2007,,,,,,,,,53 [53-53],53,53,53,,2025-11-11T14:30:16Z,2007,2007-01-01,2007-12-31
5157605,TB_e_mort_exc_tbhiv_num,COUNTRY,TKM,EUR,Europe,YEAR,2011,,,,,,,,,670 [590-760],670,590,760,,2025-11-11T14:30:16Z,2011,2011-01-01,2011-12-31
5157667,TB_e_mort_exc_tbhiv_num,COUNTRY,BHR,EMR,Eastern Mediterranean,YEAR,2011,,,,,,,,,2 [2-3],2,2,3,,2025-11-11T14:30:16Z,2011,2011-01-01,2011-12-31
5169943,TB_e_mort_exc_tbhiv_num,COUNTRY,SVN,EUR,Europe,YEAR,2020,,,,,,,,,17 [17-17],17,17,17,,2025-11-11T14:30:16Z,2020,2020-01-01,2020-12-31
5176447,TB_e_mort_exc_tbhiv_num,COUNTRY,BGD,SEAR,South-East Asia,YEAR,2022,,,,,,,,,44 000 [28 000-64 000],44000,28000,64000,,2025-11-11T14:30:16Z,2022,2022-01-01,2022-12-31
5182153,TB_e_mort_exc_tbhiv_num,COUNTRY,BFA,AFR,Africa,YEAR,2009,,,,,,,,,2700 [1200-4800],2700,1200,4800,,2025-11-11T14:30:16Z,2009,2009-01-01,2009-12-31
5182451,TB_e_mort_exc_tbhiv_num,COUNTRY,IND,SEAR,South-East Asia,YEAR,2022,,,,,,,,,320 000 [250 000-399 000],320000,250000,399000,,2025-11-11T14:30:16Z,2022,2022-01-01,2022-12-31
5183157,TB_e_mort_exc_tbhiv_num,COUNTRY,CAF,AFR,Africa,YEAR,2009,,,,,,,,,4000 [1500-7700],4000,1500,7700,,2025-11-11T14:30:16Z,2009,2009-01-01,2009-12-31
5196173,TB_e_mort_exc_tbhiv_num,COUNTRY,HKG,,,YEAR,2010,,,,,,,,,200 [200-200],200,200,200,,2025-11-11T14:30:16Z,2010,2010-01-01,2010-12-31
5214899,TB_e_mort_exc_tbhiv_num,COUNTRY,LBY,EMR,Eastern Mediterranean,YEAR,2011,,,,,,,,,550 [230-990],550,230,990,,2025-11-11T14:30:16Z,2011,2011-01-01,2011-12-31
5220655,TB_e_mort_exc_tbhiv_num,COUNTRY,NLD,EUR,Europe,YEAR,2009,,,,,,,,,65 [63-66],65,63,66,,2025-11-11T14:30:16Z,2009,2009-01-01,2009-12-31
5226927,TB_e_mort_exc_tbhiv_num,COUNTRY,PSE,EMR,Eastern Mediterranean,YEAR,2022,,,,,,,,,5 [3-6],5,3,6,,2025-11-11T14:30:16Z,2022,2022-01-01,2022-12-31
5232939,TB_e_mort_exc_tbhiv_num,COUNTRY,KGZ,EUR,Europe,YEAR,2001,,,,,,,,,1300 [1200-1300],1300,1200,1300,,2025-11-11T14:30:16Z,2001,2001-01-01,2001-12-31
5233108,TB_e_mort_exc_tbhiv_num,COUNTRY,UZB,EUR,Europe,YEAR,2018,,,,,,,,,1400 [1300-1600],1400,1300,1600,,2025-11-11T14:30:16Z,2018,2018-01-01,2018-12-31
5246375,TB_e_mort_exc_tbhiv_num,COUNTRY,PNG,WPR,Western Pacific,YEAR,2006,,,,,,,,,12 000 [8500-16 000],12000,8500,16000,,2025-11-11T14:30:16Z,2006,2006-01-01,2006-12-31
5253432,TB_e_mort_exc_tbhiv_num,COUNTRY,NLD,EUR,Europe,YEAR,2015,,,,,,,,,37 [37-38],37,37,38,,2025-11-11T14:30:16Z,2015,2015-01-01,2015-12-31
5264882,TB_e_mort_exc_tbhiv_num,WORLDBANKINCOMEGROUP,WB_HI,,,YEAR,2024,,,,,,,,,14 000 [13 000-15 000],14000,13000,15000,,2025-11-11T14:30:16Z,2024,2024-01-01,2024-12-31
5284254,TB_e_mort_exc_tbhiv_num,COUNTRY,QAT,EMR,Eastern Mediterranean,YEAR,2019,,,,,,,,,8 [6-10],8,6,10,,2025-11-11T14:30:16Z,2019,2019-01-01,2019-12-31
5291495,TB_e_mort_exc_tbhiv_num,COUNTRY,CZE,EUR,Europe,YEAR,2007,,,,,,,,,71 [70-71],71,70,71,,2025-11-11T14:30:16Z,2007,2007-01-01,2007-12-31
5302724,TB_e_mort_exc_tbhiv_num,COUNTRY,KEN,AFR,Africa,YEAR,2014,,,,,,,,,32 000 [18 000-49 000],32000,18000,49000,,2025-11-11T14:30:16Z,2014,2014-01-01,2014-12-31
5304024,TB_e_mort_exc_tbhiv_num,COUNTRY,PRT,EUR,Europe,YEAR,2022,,,,,,,,,160 [160-170],160,160,170,,2025-11-11T14:30:16Z,2022,2022-01-01,2022-12-31
5309625,TB_e_mort_exc_tbhiv_num,COUNTRY,IRQ,EMR,Eastern Mediterranean,YEAR,2020,,,,,,,,,820 [740-920],820,740,920,,2025-11-11T14:30:16Z,2020,2020-01-01,2020-12-31
5315200,TB_e_mort_exc_tbhiv_num,COUNTRY,MRT,AFR,Africa,YEAR,2024,,,,,,,,,490 [240-830],490,240,830,,2025-11-11T14:30:16Z,2024,2024-01-01,2024-12-31
5316525,TB_e_mort_exc_tbhiv_num,COUNTRY,VEN,AMR,Americas,YEAR,2021,,,,,,,,,680 [460-960],680,460,960,,2025-11-11T14:30:16Z,2021,2021-01-01,2021-12-31
5322449,TB_e_mort_exc_tbhiv_num,COUNTRY,KEN,AFR,Africa,YEAR,2017,,,,,,,,,25 000 [14 000-39 000],25000,14000,39000,,2025-11-11T14:30:16Z,2017,2017-01-01,2017-12-31
5327917,TB_e_mort_exc_tbhiv_num,COUNTRY,MNG,WPR,Western Pacific,YEAR,2000,,,,,,,,,500 [460-540],500,460,540,,2025-11-11T14:30:16Z,2000,2000-01-01,2000-12-31
5329386,TB_e_mort_exc_tbhiv_num,COUNTRY,HTI,AMR,Americas,YEAR,2017,,,,,,,,,1000 [700-1400],1000,700,1400,,2025-11-11T14:30:16Z,2017,2017-01-01,2017-12-31
5340962,TB_e_mort_exc_tbhiv_num,COUNTRY,NPL,SEAR,South-East Asia,YEAR,2015,,,,,,,,,18 000 [10 000-28 000],18000,10000,28000,,2025-11-11T14:30:16Z,2015,2015-01-01,2015-12-31
5341421,TB_e_mort_exc_tbhiv_num,COUNTRY,ZMB,AFR,Africa,YEAR,2010,,,,,,,,,4000 [2400-6100],4000,2400,6100,,2025-11-11T14:30:16Z,2010,2010-01-01,2010-12-31
5359205,TB_e_mort_exc_tbhiv_num,COUNTRY,BGR,EUR,Europe,YEAR,2011,,,,,,,,,180 [180-190],180,180,190,,2025-11-11T14:30:16Z,2011,2011-01-01,2011-12-31
5359553,TB_e_mort_exc_tbhiv_num,COUNTRY,ARM,EUR,Europe,YEAR,2011,,,,,,,,,120 [120-120],120,120,120,,2025-11-11T14:30:16Z,2011,2011-01-01,2011-12-31
5359856,TB_e_mort_exc_tbhiv_num,COUNTRY,PER,AMR,Americas,YEAR,2004,,,,,,,,,2400 [2000-2700],2400,2000,2700,,2025-11-11T14:30:16Z,2004,2004-01-01,2004-12-31
5366066,TB_e_mort_exc_tbhiv_num,COUNTRY,DNK,EUR,Europe,YEAR,2011,,,,,,,,,16 [16-17],16,16,17,,2025-11-11T14:30:16Z,2011,2011-01-01,2011-12-31
5366523,TB_e_mort_exc_tbhiv_num,COUNTRY,SVN,EUR,Europe,YEAR,2003,,,,,,,,,29 [28-29],29,28,29,,2025-11-11T14:30:16Z,2003,2003-01-01,2003-12-31
5371753,TB_e_mort_exc_tbhiv_num,COUNTRY,CIV,AFR,Africa,YEAR,2012,,,,,,,,,7300 [5100-10 000],7300,5100,10000,,2025-11-11T14:30:16Z,2012,2012-01-01,2012-12-31
5386079,TB_e_mort_exc_tbhiv_num,COUNTRY,SGP,WPR,Western Pacific,YEAR,2007,,,,,,,,,94 [86-100],94,86,100,,2025-11-11T14:30:16Z,2007,2007-01-01,2007-12-31
5391166,TB_e_mort_exc_tbhiv_num,COUNTRY,OMN,EMR,Eastern Mediterranean,YEAR,2009,,,,,,,,,16 [13-19],16,13,19,,2025-11-11T14:30:16Z,2009,2009-01-01,2009-12-31
5392518,TB_e_mort_exc_tbhiv_num,REGION,EMR,,,YEAR,2000,,,,,,,,,110 000 [99 000-122 000],110000,99000,122000,,2025-11-11T14:30:16Z,2000,2000-01-01,2000-12-31
5397289,TB_e_mort_exc_tbhiv_num,COUNTRY,CAF,AFR,Africa,YEAR,2017,,,,,,,,,4400 [1900-7800],4400,1900,7800,,2025-11-11T14:30:16Z,2017,2017-01-01,2017-12-31
5410917,TB_e_mort_exc_tbhiv_num,COUNTRY,ROU,EUR,Europe,YEAR,2006,,,,,,,,,1700 [1600-1700],1700,1600,1700,,2025-11-11T14:30:16Z,2006,2006-01-01,2006-12-31
5411630,TB_e_mort_exc_tbhiv_num,COUNTRY,BIH,EUR,Europe,YEAR,2024,,,,,,,,,0 [0-0],0,0,0,,2025-11-11T14:30:16Z,2024,2024-01-01,2024-12-31
5416774,TB_e_mort_exc_tbhiv_num,COUNTRY,KWT,EMR,Eastern Mediterranean,YEAR,2007,,,,,,,,,29 [28-29],29,28,29,,2025-11-11T14:30:16Z,2007,2007-01-01,2007-12-31
5422842,TB_e_mort_exc_tbhiv_num,COUNTRY,GHA,AFR,Africa,YEAR,2001,,,,,,,,,9600 [3900-18 000],9600,3900,18000,,2025-11-11T14:30:16Z,2001,2001-01-01,2001-12-31
5429934,TB_e_mort_exc_tbhiv_num,COUNTRY,GAB,AFR,Africa,YEAR,2004,,,,,,,,,780 [560-1000],780,560,1000,,2025-11-11T14:30:16Z,2004,2004-01-01,2004-12-31
5430172,TB_e_mort_exc_tbhiv_num,COUNTRY,SLE,AFR,Africa,YEAR,2021,,,,,,,,,5700 [2500-10 000],5700,2500,10000,,2025-11-11T14:30:16Z,2021,2021-01-01,2021-12-31
5442247,TB_e_mort_exc_tbhiv_num,COUNTRY,CAN,AMR,Americas,YEAR,2007,,,,,,,,,130 [130-130],130,130,130,,2025-11-11T14:30:16Z,2007,2007-01-01,2007-12-31
5448573,TB_e_mort_exc_tbhiv_num,COUNTRY,DZA,AFR,Africa,YEAR,2008,,,,,,,,,6000 [4200-8200],6000,4200,8200,,2025-11-11T14:30:16Z,2008,2008-01-01,2008-12-31
5449432,TB_e_mort_exc_tbhiv_num,COUNTRY,BHS,AMR,Americas,YEAR,2002,,,,,,,,,5 [4-5],5,4,5,,2025-11-11T14:30:16Z,2002,2002-01-01,2002-12-31
5460420,TB_e_mort_exc_tbhiv_num,COUNTRY,BRN,WPR,Western Pacific,YEAR,2014,,,,,,,,,18 [17-18],18,17,18,,2025-11-11T14:30:16Z,2014,2014-01-01,2014-12-31
5462094,TB_e_mort_exc_tbhiv_num,COUNTRY,GHA,AFR,Africa,YEAR,2004,,,,,,,,,11 000 [4600-20 000],11000,4600,20000,,2025-11-11T14:30:16Z,2004,2004-01-01,2004-12-31
5462345,TB_e_mort_exc_tbhiv_num,COUNTRY,COL,AMR,Americas,YEAR,2001,,,,,,,,,1400 [1300-1400],1400,1300,1400,,2025-11-11T14:30:16Z,2001,2001-01-01,2001-12-31
5467936,TB_e_mort_exc_tbhiv_num,COUNTRY,ETH,AFR,Africa,YEAR,2001,,,,,,,,,60 000 [32 000-97 000],60000,32000,97000,,2025-11-11T14:30:16Z,2001,2001-01-01,2001-12-31
5492168,TB_e_mort_exc_tbhiv_num,COUNTRY,COG,AFR,Africa,YEAR,2018,,,,,,,,,2100 [1400-2900],2100,1400,2900,,2025-11-11T14:30:16Z,2018,2018-01-01,2018-12-31
5498497,TB_e_mort_exc_tbhiv_num,WORLDBANKINCOMEGROUP,WB_UMI,,,YEAR,2010,,,,,,,,,243 000 [234 000-253 000],243000,234000,253000,,2025-11-11T14:30:16Z,2010,2010-01-01,2010-12-31
5500408,TB_e_mort_exc_tbhiv_num,COUNTRY,IND,SEAR,South-East Asia,YEAR,2021,,,,,,,,,317 000 [244 000-400 000],317000,244000,400000,,2025-11-11T14:30:16Z,2021,2021-01-01,2021-12-31
5512974,TB_e_mort_exc_tbhiv_num,COUNTRY,DOM,AMR,Americas,YEAR,2024,,,,,,,,,150 [88-220],150,88,220,,2025-11-11T14:30:16Z,2024,2024-01-01,2024-12-31
5518592,TB_e_mort_exc_tbhiv_num,COUNTRY,HND,AMR,Americas,YEAR,2020,,,,,,,,,530 [420-650],530,420,650,,2025-11-11T14:30:16Z,2020,2020-01-01,2020-12-31
5518992,TB_e_mort_exc_tbhiv_num,COUNTRY,MOZ,AFR,Africa,YEAR,2019,,,,,,,,,5700 [3000-9200],5700,3000,9200,,2025-11-11T14:30:16Z,2019,2019-01-01,2019-12-31
5531788,TB_e_mort_exc_tbhiv_num,COUNTRY,ISR,EUR,Europe,YEAR,2005,,,,,,,,,50 [48-52],50,48,52,,2025-11-11T14:30:16Z,2005,2005-01-01,2005-12-31
5549716,TB_e_mort_exc_tbhiv_num,COUNTRY,ERI,AFR,Africa,YEAR,2024,,,,,,,,,1000 [700-1400],1000,700,1400,,2025-11-11T14:30:16Z,2024,2024-01-01,2024-12-31
5557220,TB_e_mort_exc_tbhiv_num,COUNTRY,LKA,SEAR,South-East Asia,YEAR,2014,,,,,,,,,730 [650-800],730,650,800,,2025-11-11T14:30:16Z,2014,2014-01-01,2014-12-31
5557221,TB_e_mort_exc_tbhiv_num,COUNTRY,BFA,AFR,Africa,YEAR,2018,,,,,,,,,2900 [1300-5300],2900,1300,5300,,2025-11-11T14:30:16Z,2018,2018-01-01,2018-12-31
5557597,TB_e_mort_exc_tbhiv_num,COUNTRY,CPV,AFR,Africa,YEAR,2000,,,,,,,,,29 [24-33],29,24,33,,2025-11-11T14:30:16Z,2000,2000-01-01,2000-12-31
5563374,TB_e_mort_exc_tbhiv_num,COUNTRY,HTI,AMR,Americas,YEAR,2002,,,,,,,,,1400 [970-1900],1400,970,1900,,2025-11-11T14:30:16Z,2002,2002-01-01,2002-12-31
5575089,TB_e_mort_exc_tbhiv_num,COUNTRY,DEU,EUR,Europe,YEAR,2004,,,,,,,,,440 [440-450],440,440,450,,2025-11-11T14:30:16Z,2004,2004-01-01,2004-12-31
5594373,TB_e_mort_exc_tbhiv_num,COUNTRY,GAB,AFR,Africa,YEAR,2021,,,,,,,,,1500 [940-2100],1500,940,2100,,2025-11-11T14:30:16Z,2021,2021-01-01,2021-12-31
5600716,TB_e_mort_exc_tbhiv_num,COUNTRY,JPN,WPR,Western Pacific,YEAR,2009,,,,,,,,,3800 [3700-3900],3800,3700,3900,,2025-11-11T14:30:16Z,2009,2009-01-01,2009-12-31
5612775,TB_e_mort_exc_tbhiv_num,COUNTRY,BLR,EUR,Europe,YEAR,2004,,,,,,,,,1100 [1100-1200],1100,1100,1200,,2025-11-11T14:30:16Z,2004,2004-01-01,2004-12-31
5625829,TB_e_mort_exc_tbhiv_num,COUNTRY,AFG,EMR,Eastern Mediterranean,YEAR,2019,,,,,,,,,14 000 [9600-18 000],14000,9600,18000,,2025-11-11T14:30:16Z,2019,2019-01-01,2019-12-31
5626172,TB_e_mort_exc_tbhiv_num,COUNTRY,NIC,AMR,Americas,YEAR,2018,,,,,,,,,97 [96-99],97,96,99,,2025-11-11T14:30:16Z,2018,2018-01-01,2018-12-31
5627458,TB_e_mort_exc_tbhiv_num,COUNTRY,PRT,EUR,Europe,YEAR,2016,,,,,,,,,210 [200-220],210,200,220,,2025-11-11T14:30:16Z,2016,2016-01-01,2016-12-31
5644942,TB_e_mort_exc_tbhiv_num,COUNTRY,CHN,WPR,Western Pacific,YEAR,2024,,,,,,,,,25 000 [22 000-27 000],25000,22000,27000,,2025-11-11T14:30:16Z,2024,2024-01-01,2024-12-31
5651162,TB_e_mort_exc_tbhiv_num,COUNTRY,IRQ,EMR,Eastern Mediterranean,YEAR,2016,,,,,,,,,970 [890-1100],970,890,1100,,2025-11-11T14:30:16Z,2016,2016-01-01,2016-12-31
5676690,TB_e_mort_exc_tbhiv_num,COUNTRY,PSE,EMR,Eastern Mediterranean,YEAR,2007,,,,,,,,,12 [8-17],12,8,17,,2025-11-11T14:30:16Z,2007,2007-01-01,2007-12-31
5690304,TB_e_mort_exc_tbhiv_num,COUNTRY,DOM,AMR,Americas,YEAR,2000,,,,,,,,,910 [350-1700],910,350,1700,,2025-11-11T14:30:16Z,2000,2000-01-01,2000-12-31
5695404,TB_e_mort_exc_tbhiv_num,WORLDBANKINCOMEGROUP,WB_LMI,,,YEAR,2022,,,,,,,,,735 000 [645 000-830 000],735000,645000,830000,,2025-11-11T14:30:16Z,2022,2022-01-01,2022-12-31
5702252,TB_e_mort_exc_tbhiv_num,COUNTRY,NGA,AFR,Africa,YEAR,2004,,,,,,,,,88 000 [49 000-139 000],88000,49000,139000,,2025-11-11T14:30:16Z,2004,2004-01-01,2004-12-31
5703057,TB_e_mort_exc_tbhiv_num,COUNTRY,SGP,WPR,Western Pacific,YEAR,2014,,,,,,,,,67 [60-74],67,60,74,,2025-11-11T14:30:16Z,2014,2014-01-01,2014-12-31
5707945,TB_e_mort_exc_tbhiv_num,COUNTRY,DOM,AMR,Americas,YEAR,2010,,,,,,,,,690 [350-1200],690,350,1200,,2025-11-11T14:30:16Z,2010,2010-01-01,2010-12-31
5714918,TB_e_mort_exc_tbhiv_num,COUNTRY,MAR,EMR,Eastern Mediterranean,YEAR,2022,,,,,,,,,2500 [1500-3900],2500,1500,3900,,2025-11-11T14:30:16Z,2022,2022-01-01,2022-12-31
5714978,TB_e_mort_exc_tbhiv_num,COUNTRY,KHM,WPR,Western Pacific,YEAR,2022,,,,,,,,,3200 [1600-5400],3200,1600,5400,,2025-11-11T14:30:16Z,2022,2022-01-01,2022-12-31
5741333,TB_e_mort_exc_tbhiv_num,COUNTRY,BLR,EUR,Europe,YEAR,2020,,,,,,,,,260 [250-270],260,250,270,,2025-11-11T14:30:16Z,2020,2020-01-01,2020-12-31
5745713,TB_e_mort_exc_tbhiv_num,COUNTRY,POL,EUR,Europe,YEAR,2010,,,,,,,,,630 [610-650],630,610,650,,2025-11-11T14:30:16Z,2010,2010-01-01,2010-12-31
5746803,TB_e_mort_exc_tbhiv_num,COUNTRY,SRB,EUR,Europe,YEAR,2012,,,,,,,,,150 [140-160],150,140,160,,2025-11-11T14:30:16Z,2012,2012-01-01,2012-12-31
5747195,TB_e_mort_exc_tbhiv_num,COUNTRY,SWZ,AFR,Africa,YEAR,2010,,,,,,,,,620 [360-950],620,360,950,,2025-11-11T14:30:16Z,2010,2010-01-01,2010-12-31
5759378,TB_e_mort_exc_tbhiv_num,COUNTRY,CZE,EUR,Europe,YEAR,2011,,,,,,,,,56 [55-56],56,55,56,,2025-11-11T14:30:16Z,2011,2011-01-01,2011-12-31
5764958,TB_e_mort_exc_tbhiv_num,COUNTRY,AFG,EMR,Eastern Mediterranean,YEAR,2022,,,,,,,,,14 000 [9700-19 000],14000,9700,19000,,2025-11-11T14:30:16Z,2022,2022-01-01,2022-12-31
5765145,TB_e_mort_exc_tbhiv_num,COUNTRY,STP,AFR,Africa,YEAR,2016,,,,,,,,,63 [43-86],63,43,86,,2025-11-11T14:30:16Z,2016,2016-01-01,2016-12-31
5771273,TB_e_mort_exc_tbhiv_num,COUNTRY,KAZ,EUR,Europe,YEAR,2016,,,,,,,,,610 [590-630],610,590,630,,2025-11-11T14:30:16Z,2016,2016-01-01,2016-12-31
5772501,TB_e_mort_exc_tbhiv_num,COUNTRY,CIV,AFR,Africa,YEAR,2014,,,,,,,,,6800 [4700-9300],6800,4700,9300,,2025-11-11T14:30:16Z,2014,2014-01-01,2014-12-31
5785213,TB_e_mort_exc_tbhiv_num,COUNTRY,LAO,WPR,Western Pacific,YEAR,2011,,,,,,,,,4100 [2400-6100],4100,2400,6100,,2025-11-11T14:30:16Z,2011,2011-01-01,2011-12-31
5790487,TB_e_mort_exc_tbhiv_num,COUNTRY,HND,AMR,Americas,YEAR,2021,,,,,,,,,520 [400-650],520,400,650,,2025-11-11T14:30:16Z,2021,2021-01-01,2021-12-31
5791057,TB_e_mort_exc_tbhiv_num,REGION,WPR,,,YEAR,2007,,,,,,,,,262 000 [246 000-277 000],262000,246000,277000,,2025-11-11T14:30:16Z,2007,2007-01-01,2007-12-31
5796732,TB_e_mort_exc_tbhiv_num,COUNTRY,THA,SEAR,South-East Asia,YEAR,2005,,,,,,,,,11 000 [6500-16 000],11000,6500,16000,,2025-11-11T14:30:16Z,2005,2005-01-01,2005-12-31
5797650,TB_e_mort_exc_tbhiv_num,COUNTRY,HKG,,,YEAR,2014,,,,,,,,,200 [200-200],200,200,200,,2025-11-11T14:30:16Z,2014,2014-01-01,2014-12-31
5803197,TB_e_mort_exc_tbhiv_num,COUNTRY,TTO,AMR,Americas,YEAR,2024,,,,,,,,,22 [22-22],22,22,22,,2025-11-11T14:30:16Z,2024,2024-01-01,2024-12-31
5828813,TB_e_mort_exc_tbhiv_num,COUNTRY,CZE,EUR,Europe,YEAR,2008,,,,,,,,,54 [53-54],54,53,54,,2025-11-11T14:30:16Z,2008,2008-01-01,2008-12-31
5829019,TB_e_mort_exc_tbhiv_num,COUNTRY,MEX,AMR,Americas,YEAR,2014,,,,,,,,,2300 [2300-2400],2300,2300,2400,,2025-11-11T14:30:16Z,2014,2014-01-01,2014-12-31
5841683,TB_e_mort_exc_tbhiv_num,COUNTRY,VEN,AMR,Americas,YEAR,2020,,,,,,,,,660 [440-930],660,440,930,,2025-11-11T14:30:16Z,2020,2020-01-01,2020-12-31
5848713,TB_e_mort_exc_tbhiv_num,COUNTRY,MEX,AMR,Americas,YEAR,2009,,,,,,,,,2400 [2400-2500],2400,2400,2500,,2025-11-11T14:30:16Z,2009,2009-01-01,2009-12-31
5849006,TB_e_mort_exc_tbhiv_num,COUNTRY,ITA,EUR,Europe,YEAR,2016,,,,,,,,,310 [300-310],310,300,310,,2025-11-11T14:30:16Z,2016,2016-01-01,2016-12-31
5860346,TB_e_mort_exc_tbhiv_num,COUNTRY,ZAF,AFR,Africa,YEAR,2016,,,,,,,,,21 000 [20 000-22 000],21000,20000,22000,,2025-11-11T14:30:16Z,2016,2016-01-01,2016-12-31
5860759,TB_e_mort_exc_tbhiv_num,COUNTRY,SUR,AMR,Americas,YEAR,2017,,,,,,,,,13 [12-15],13,12,15,,2025-11-11T14:30:16Z,2017,2017-01-01,2017-12-31
5874037,TB_e_mort_exc_tbhiv_num,COUNTRY,CMR,AFR,Africa,YEAR,2018,,,,,,,,,6800 [4700-9400],6800,4700,9400,,2025-11-11T14:30:16Z,2018,2018-01-01,2018-12-31
5885274,TB_e_mort_exc_tbhiv_num,COUNTRY,KWT,EMR,Eastern Mediterranean,YEAR,2011,,,,,,,,,16 [16-16],16,16,16,,2025-11-11T14:30:16Z,2011,2011-01-01,2011-12-31
5886088,TB_e_mort_exc_tbhiv_num,COUNTRY,MEX,AMR,Americas,YEAR,2001,,,,,,,,,3700 [3500-3800],3700,3500,3800,,2025-11-11T14:30:16Z,2001,2001-01-01,2001-12-31
5886286,TB_e_mort_exc_tbhiv_num,COUNTRY,PSE,EMR,Eastern Mediterranean,YEAR,2011,,,,,,,,,10 [7-14],10,7,14,,2025-11-11T14:30:16Z,2011,2011-01-01,2011-12-31
5892009,TB_e_mort_exc_tbhiv_num,COUNTRY,BDI,AFR,Africa,YEAR,2023,,,,,,,,,1800 [1000-2700],1800,1000,2700,,2025-11-11T14:30:16Z,2023,2023-01-01,2023-12-31
5892126,TB_e_mort_exc_tbhiv_num,COUNTRY,HKG,,,YEAR,2009,,,,,,,,,210 [210-210],210,210,210,,2025-11-11T14:30:16Z,2009,2009-01-01,2009-12-31
5892693,TB_e_mort_exc_tbhiv_num,COUNTRY,VEN,AMR,Americas,YEAR,2002,,,,,,,,,710 [710-720],710,710,720,,2025-11-11T14:30:16Z,2002,2002-01-01,2002-12-31
5898074,TB_e_mort_exc_tbhiv_num,COUNTRY,UGA,AFR,Africa,YEAR,2017,,,,,,,,,10 000 [5600-16 000],10000,5600,16000,,2025-11-11T14:30:16Z,2017,2017-01-01,2017-12-31
5899102,TB_e_mort_exc_tbhiv_num,COUNTRY,URY,AMR,Americas,YEAR,2006,,,,,,,,,42 [41-44],42,41,44,,2025-11-11T14:30:16Z,2006,2006-01-01,2006-12-31
5899320,TB_e_mort_exc_tbhiv_num,COUNTRY,GMB,AFR,Africa,YEAR,2015,,,,,,,,,470 [310-670],470,310,670,,2025-11-11T14:30:16Z,2015,2015-01-01,2015-12-31
5899885,TB_e_mort_exc_tbhiv_num,COUNTRY,TUR,EUR,Europe,YEAR,2005,,,,,,,,,850 [590-1200],850,590,1200,,2025-11-11T14:30:16Z,2005,2005-01-01,2005-12-31
5905785,TB_e_mort_exc_tbhiv_num,COUNTRY,MDG,AFR,Africa,YEAR,2012,,,,,,,,,12 000 [8800-17 000],12000,8800,17000,,2025-11-11T14:30:16Z,2012,2012-01-01,2012-12-31
5911205,TB_e_mort_exc_tbhiv_num,COUNTRY,KHM,WPR,Western Pacific,YEAR,2012,,,,,,,,,3400 [1700-5900],3400,1700,5900,,2025-11-11T14:30:16Z,2012,2012-01-01,2012-12-31
5911240,TB_e_mort_exc_tbhiv_num,COUNTRY,KWT,EMR,Eastern Mediterranean,YEAR,2006,,,,,,,,,17 [17-18],17,17,18,,2025-11-11T14:30:16Z,2006,2006-01-01,2006-12-31
5917157,TB_e_mort_exc_tbhiv_num,COUNTRY,GBR,EUR,Europe,YEAR,2023,,,,,,,,,240 [230-240],240,230,240,,2025-11-11T14:30:16Z,2023,2023-01-01,2023-12-31
5923701,TB_e_mort_exc_tbhiv_num,GLOBAL,GLOBAL,,,YEAR,2009,,,,,,,,,1 560 000 [1 400 000-1 720 000],1560000,1400000,1720000,,2025-11-11T14:30:16Z,2009,2009-01-01,2009-12-31
5924688,TB_e_mort_exc_tbhiv_num,COUNTRY,ECU,AMR,Americas,YEAR,2002,,,,,,,,,1200 [1000-1500],1200,1000,1500,,2025-11-11T14:30:16Z,2002,2002-01-01,2002-12-31
5944260,TB_e_mort_exc_tbhiv_num,COUNTRY,NLD,EUR,Europe,YEAR,2001,,,,,,,,,92 [89-95],92,89,95,,2025-11-11T14:30:16Z,2001,2001-01-01,2001-12-31
5950388,TB_e_mort_exc_tbhiv_num,COUNTRY,SWE,EUR,Europe,YEAR,2012,,,,,,,,,39 [39-40],39,39,40,,2025-11-11T14:30:16Z,2012,2012-01-01,2012-12-31
5969349,TB_e_mort_exc_tbhiv_num,COUNTRY,CHL,AMR,Americas,YEAR,2005,,,,,,,,,620 [610-620],620,610,620,,2025-11-11T14:30:16Z,2005,2005-01-01,2005-12-31
5975044,TB_e_mort_exc_tbhiv_num,COUNTRY,MNG,WPR,Western Pacific,YEAR,2012,,,,,,,,,330 [300-360],330,300,360,,2025-11-11T14:30:16Z,2012,2012-01-01,2012-12-31
5981097,TB_e_mort_exc_tbhiv_num,COUNTRY,TGO,AFR,Africa,YEAR,2022,,,,,,,,,520 [210-970],520,210,970,,2025-11-11T14:30:16Z,2022,2022-01-01,2022-12-31
5987534,TB_e_mort_exc_tbhiv_num,COUNTRY,FRA,EUR,Europe,YEAR,2006,,,,,,,,,770 [750-800],770,750,800,,2025-11-11T14:30:16Z,2006,2006-01-01,2006-12-31
5987552,TB_e_mort_exc_tbhiv_num,COUNTRY,FRA,EUR,Europe,YEAR,2022,,,,,,,,,270 [250-290],270,250,290,,2025-11-11T14:30:16Z,2022,2022-01-01,2022-12-31
5987667,TB_e_mort_exc_tbhiv_num,COUNTRY,BWA,AFR,Africa,YEAR,2021,,,,,,,,,810 [440-1300],810,440,1300,,2025-11-11T14:30:16Z,2021,2021-01-01,2021-12-31
6007271,TB_e_mort_exc_tbhiv_num,COUNTRY,MDG,AFR,Africa,YEAR,2018,,,,,,,,,12 000 [8200-16 000],12000,8200,16000,,2025-11-11T14:30:16Z,2018,2018-01-01,2018-12-31
6019896,TB_e_mort_exc_tbhiv_num,COUNTRY,PER,AMR,Americas,YEAR,2009,,,,,,,,,2300 [1900-2700],2300,1900,2700,,2025-11-11T14:30:16Z,2009,2009-01-01,2009-12-31
6025145,TB_e_mort_exc_tbhiv_num,COUNTRY,IND,SEAR,South-East Asia,YEAR,2003,,,,,,,,,675 000 [506 000-867 000],675000,506000,867000,,2025-11-11T14:30:16Z,2003,2003-01-01,2003-12-31
6030904,TB_e_mort_exc_tbhiv_num,COUNTRY,SAU,EMR,Eastern Mediterranean,YEAR,2012,,,,,,,,,300 [260-340],300,260,340,,2025-11-11T14:30:16Z,2012,2012-01-01,2012-12-31
6050839,TB_e_mort_exc_tbhiv_num,COUNTRY,NLD,EUR,Europe,YEAR,2012,,,,,,,,,35 [35-36],35,35,36,,2025-11-11T14:30:16Z,2012,2012-01-01,2012-12-31
6051720,TB_e_mort_exc_tbhiv_num,COUNTRY,ECU,AMR,Americas,YEAR,2016,,,,,,,,,540 [480-610],540,480,610,,2025-11-11T14:30:16Z,2016,2016-01-01,2016-12-31
6069274,TB_e_mort_exc_tbhiv_num,COUNTRY,TKM,EUR,Europe,YEAR,2009,,,,,,,,,830 [670-1000],830,670,1000,,2025-11-11T14:30:16Z,2009,2009-01-01,2009-12-31
6082519,TB_e_mort_exc_tbhiv_num,COUNTRY,IRL,EUR,Europe,YEAR,2010,,,,,,,,,35 [35-35],35,35,35,,2025-11-11T14:30:16Z,2010,2010-01-01,2010-12-31
6082759,TB_e_mort_exc_tbhiv_num,COUNTRY,SGP,WPR,Western Pacific,YEAR,2013,,,,,,,,,56 [50-62],56,50,62,,2025-11-11T14:30:16Z,2013,2013-01-01,2013-12-31
6083148,TB_e_mort_exc_tbhiv_num,COUNTRY,POL,EUR,Europe,YEAR,2015,,,,,,,,,590 [570-610],590,570,610,,2025-11-11T14:30:16Z,2015,2015-01-01,2015-12-31
6088585,TB_e_mort_exc_tbhiv_num,COUNTRY,MLI,AFR,Africa,YEAR,2016,,,,,,,,,2000 [1000-3400],2000,1000,3400,,2025-11-11T14:30:16Z,2016,2016-01-01,2016-12-31
6095103,TB_e_mort_exc_tbhiv_num,COUNTRY,TZA,AFR,Africa,YEAR,2001,,,,,,,,,25 000 [9500-48 000],25000,9500,48000,,2025-11-11T14:30:16Z,2001,2001-01-01,2001-12-31
6096254,TB_e_mort_exc_tbhiv_num,COUNTRY,TUN,EMR,Eastern Mediterranean,YEAR,2015,,,,,,,,,150 [110-190],150,110,190,,2025-11-11T14:30:16Z,2015,2015-01-01,2015-12-31
6108117,TB_e_mort_exc_tbhiv_num,COUNTRY,CHL,AMR,Americas,YEAR,2017,,,,,,,,,410 [400-410],410,400,410,,2025-11-11T14:30:16Z,2017,2017-01-01,2017-12-31
6120309,TB_e_mort_exc_tbhiv_num,WORLDBANKINCOMEGROUP,WB_LI,,,YEAR,2002,,,,,,,,,211 000 [154 000-277 000],211000,154000,277000,,2025-11-11T14:30:16Z,2002,2002-01-01,2002-12-31
6126990,TB_e_mort_exc_tbhiv_num,COUNTRY,ZMB,AFR,Africa,YEAR,2022,,,,,,,,,2600 [1300-4500],2600,1300,4500,,2025-11-11T14:30:16Z,2022,2022-01-01,2022-12-31
6133014,TB_e_mort_exc_tbhiv_num,COUNTRY,DOM,AMR,Americas,YEAR,2002,,,,,,,,,860 [380-1500],860,380,1500,,2025-11-11T14:30:16Z,2002,2002-01-01,2002-12-31
6133273,TB_e_mort_exc_tbhiv_num,COUNTRY,NER,AFR,Africa,YEAR,2013,,,,,,,,,4100 [2700-5900],4100,2700,5900,,2025-11-11T14:30:16Z,2013,2013-01-01,2013-12-31
6138673,TB_e_mort_exc_tbhiv_num,COUNTRY,PNG,WPR,Western Pacific,YEAR,2018,,,,,,,,,12 000 [8700-16 000],12000,8700,16000,,2025-11-11T14:30:16Z,2018,2018-01-01,2018-12-31
6145069,TB_e_mort_exc_tbhiv_num,COUNTRY,NLD,EUR,Europe,YEAR,2014,,,,,,,,,35 [35-36],35,35,36,,2025-11-11T14:30:16Z,2014,2014-01-01,2014-12-31
6151571,TB_e_mort_exc_tbhiv_num,REGION,SEAR,,,YEAR,2004,,,,,,,,,870 000 [702 000-1 060 000],870000,702000,1060000,,2025-11-11T14:30:16Z,2004,2004-01-01,2004-12-31
6157804,TB_e_mort_exc_tbhiv_num,COUNTRY,SWE,EUR,Europe,YEAR,2023,,,,,,,,,19 [19-20],19,19,20,,2025-11-11T14:30:16Z,2023,2023-01-01,2023-12-31
6158633,TB_e_mort_exc_tbhiv_num,COUNTRY,DNK,EUR,Europe,YEAR,2007,,,,,,,,,27 [26-28],27,26,28,,2025-11-11T14:30:16Z,2007,2007-01-01,2007-12-31
6171865,TB_e_mort_exc_tbhiv_num,COUNTRY,BHS,AMR,Americas,YEAR,2019,,,,,,,,,2 [2-2],2,2,2,,2025-11-11T14:30:16Z,2019,2019-01-01,2019-12-31
6195462,TB_e_mort_exc_tbhiv_num,COUNTRY,TTO,AMR,Americas,YEAR,2014,,,,,,,,,21 [20-21],21,20,21,,2025-11-11T14:30:16Z,2014,2014-01-01,2014-12-31
6196888,TB_e_mort_exc_tbhiv_num,COUNTRY,BRN,WPR,Western Pacific,YEAR,2001,,,,,,,,,14 [13-14],14,13,14,,2025-11-11T14:30:16Z,2001,2001-01-01,2001-12-31
6197218,TB_e_mort_exc_tbhiv_num,COUNTRY,USA,AMR,Americas,YEAR,2000,,,,,,,,,910 [910-920],910,910,920,,2025-11-11T14:30:16Z,2000,2000-01-01,2000-12-31
6209699,TB_e_mort_exc_tbhiv_num,COUNTRY,SDN,EMR,Eastern Mediterranean,YEAR,2013,,,,,,,,,8100 [4200-13 000],8100,4200,13000,,2025-11-11T14:30:16Z,2013,2013-01-01,2013-12-31
6209855,TB_e_mort_exc_tbhiv_num,COUNTRY,BEN,AFR,Africa,YEAR,2022,,,,,,,,,800 [300-1500],800,300,1500,,2025-11-11T14:30:16Z,2022,2022-01-01,2022-12-31
6221415,TB_e_mort_exc_tbhiv_num,REGION,WPR,,,YEAR,2001,,,,,,,,,335 000 [304 000-368 000],335000,304000,368000,,2025-11-11T14:30:16Z,2001,2001-01-01,2001-12-31
6228489,TB_e_mort_exc_tbhiv_num,COUNTRY,HRV,EUR,Europe,YEAR,2021,,,,,,,,,22 [22-22],22,22,22,,2025-11-11T14:30:16Z,2021,2021-01-01,2021-12-31
6246747,TB_e_mort_exc_tbhiv_num,COUNTRY,MHL,WPR,Western Pacific,YEAR,2020,,,,,,,,,48 [33-65],48,33,65,,2025-11-11T14:30:16Z,2020,2020-01-01,2020-12-31
6253967,TB_e_mort_exc_tbhiv_num,COUNTRY,MDA,EUR,Europe,YEAR,2006,,,,,,,,,820 [700-940],820,700,940,,2025-11-11T14:30:16Z,2006,2006-01-01,2006-12-31
6259896,TB_e_mort_exc_tbhiv_num,COUNTRY,BTN,SEAR,South-East Asia,YEAR,2001,,,,,,,,,1100 [800-1600],1100,800,1600,,2025-11-11T14:30:16Z,2001,2001-01-01,2001-12-31
6265392,TB_e_mort_exc_tbhiv_num,COUNTRY,KHM,WPR,Western Pacific,YEAR,2002,,,,,,,,,5300 [1900-10 000],5300,1900,10000,,2025-11-11T14:30:16Z,2002,2002-01-01,2002-12-31
6266450,TB_e_mort_exc_tbhiv_num,COUNTRY,SLE,AFR,Africa,YEAR,2005,,,,,,,,,9100 [3800-17 000],9100,3800,17000,,2025-11-11T14:30:16Z,2005,2005-01-01,2005-12-31
6278065,TB_e_mort_exc_tbhiv_num,COUNTRY,CIV,AFR,Africa,YEAR,2001,,,,,,,,,3000 [1500-5100],3000,1500,5100,,2025-11-11T14:30:16Z,2001,2001-01-01,2001-12-31
6279001,TB_e_mort_exc_tbhiv_num,COUNTRY,MDV,SEAR,South-East Asia,YEAR,2014,,,,,,,,,8 [7-9],8,7,9,,2025-11-11T14:30:16Z,2014,2014-01-01,2014-12-31
6297837,TB_e_mort_exc_tbhiv_num,COUNTRY,ZMB,AFR,Africa,YEAR,2018,,,,,,,,,5000 [3000-7500],5000,3000,7500,,2025-11-11T14:30:16Z,2018,2018-01-01,2018-12-31
6297910,TB_e_mort_exc_tbhiv_num,COUNTRY,ARM,EUR,Europe,YEAR,2005,,,,,,,,,240 [180-300],240,180,300,,2025-11-11T14:30:16Z,2005,2005-01-01,2005-12-31
6316686,TB_e_mort_exc_tbhiv_num,COUNTRY,IDN,WPR,Western Pacific,YEAR,2015,,,,,,,,,98 000 [92 000-104 000],98000,92000,104000,,2025-11-11T14:30:16Z,2015,2015-01-01,2015-12-31
6323319,TB_e_mort_exc_tbhiv_num,COUNTRY,PRI,AMR,Americas,YEAR,2004,,,,,,,,,20 [20-20],20,20,20,,2025-11-11T14:30:16Z,2004,2004-01-01,2004-12-31
6323471,TB_e_mort_exc_tbhiv_num,COUNTRY,PAN,AMR,Americas,YEAR,2008,,,,,,,,,210 [200-210],210,200,210,,2025-11-11T14:30:16Z,2008,2008-01-01,2008-12-31
6323629,TB_e_mort_exc_tbhiv_num,COUNTRY,BHS,AMR,Americas,YEAR,2023,,,,,,,,,2 [2-2],2,2,2,,2025-11-11T14:30:16Z,2023,2023-01-01,2023-12-31
6324232,TB_e_mort_exc_tbhiv_num,COUNTRY,BLR,EUR,Europe,YEAR,2015,,,,,,,,,450 [420-480],450,420,480,,2025-11-11T14:30:16Z,2015,2015-01-01,2015-12-31
6329369,TB_e_mort_exc_tbhiv_num,COUNTRY,TLS,SEAR,South-East Asia,YEAR,2008,,,,,,,,,2100 [1600-2800],2100,1600,2800,,2025-11-11T14:30:16Z,2008,2008-01-01,2008-12-31
6329775,TB_e_mort_exc_tbhiv_num,COUNTRY,CHE,EUR,Europe,YEAR,2011,,,,,,,,,25 [24-25],25,24,25,,2025-11-11T14:30:16Z,2011,2011-01-01,2011-12-31
6330085,TB_e_mort_exc_tbhiv_num,COUNTRY,COM,AFR,Africa,YEAR,2015,,,,,,,,,73 [26-140],73,26,140,,2025-11-11T14:30:16Z,2015,2015-01-01,2015-12-31
6335347,TB_e_mort_exc_tbhiv_num,COUNTRY,JAM,AMR,Americas,YEAR,2019,,,,,,,,,7 [7-7],7,7,7,,2025-11-11T14:30:16Z,2019,2019-01-01,2019-12-31
6336269,TB_e_mort_exc_tbhiv_num,COUNTRY,SOM,EMR,Eastern Mediterranean,YEAR,2009,,,,,,,,,7500 [5300-10 000],7500,5300,10000,,2025-11-11T14:30:16Z,2009,2009-01-01,2009-12-31
6341661,TB_e_mort_exc_tbhiv_num,COUNTRY,SAU,EMR,Eastern Mediterranean,YEAR,2011,,,,,,,,,310 [260-350],310,260,350,,2025-11-11T14:30:16Z,2011,2011-01-01,2011-12-31
6349658,TB_e_mort_exc_tbhiv_num,COUNTRY,DOM,AMR,Americas,YEAR,2016,,,,,,,,,350 [190-550],350,190,550,,2025-11-11T14:30:16Z,2016,2016-01-01,2016-12-31
6355519,TB_e_mort_exc_tbhiv_num,COUNTRY,LSO,AFR,Africa,YEAR,2001,,,,,,,,,1700 [600-3300],1700,600,3300,,2025-11-11T14:30:16Z,2001,2001-01-01,2001-12-31
6360374,TB_e_mort_exc_tbhiv_num,COUNTRY,FSM,WPR,Western Pacific,YEAR,2017,,,,,,,,,68 [47-93],68,47,93,,2025-11-11T14:30:16Z,2017,2017-01-01,2017-12-31
6368146,TB_e_mort_exc_tbhiv_num,COUNTRY,AUT,EUR,Europe,YEAR,2005,,,,,,,,,54 [54-55],54,54,55,,2025-11-11T14:30:16Z,2005,2005-01-01,2005-12-31
6375070,TB_e_mort_exc_tbhiv_num,COUNTRY,FJI,WPR,Western Pacific,YEAR,2023,,,,,,,,,41 [40-41],41,40,41,,2025-11-11T14:30:16Z,2023,2023-01-01,2023-12-31
6379586,TB_e_mort_exc_tbhiv_num,COUNTRY,BGR,EUR,Europe,YEAR,2013,,,,,,,,,160 [160-170],160,160,170,,2025-11-11T14:30:16Z,2013,2013-01-01,2013-12-31
6385871,TB_e_mort_exc_tbhiv_num,COUNTRY,SWZ,AFR,Africa,YEAR,2004,,,,,,,,,840 [300-1700],840,300,1700,,2025-11-11T14:30:16Z,2004,2004-01-01,2004-12-31
6386542,TB_e_mort_exc_tbhiv_num,REGION,AMR,,,YEAR,2007,,,,,,,,,20 000 [19 000-21 000],20000,19000,21000,,2025-11-11T14:30:16Z,2007,2007-01-01,2007-12-31
6393292,TB_e_mort_exc_tbhiv_num,COUNTRY,CAF,AFR,Africa,YEAR,2001,,,,,,,,,4200 [1400-8500],4200,1400,8500,,2025-11-11T14:30:16Z,2001,2001-01-01,2001-12-31
6418025,TB_e_mort_exc_tbhiv_num,COUNTRY,USA,AMR,Americas,YEAR,2014,,,,,,,,,520 [520-520],520,520,520,,2025-11-11T14:30:16Z,2014,2014-01-01,2014-12-31
6419539,TB_e_mort_exc_tbhiv_num,COUNTRY,NOR,EUR,Europe,YEAR,2012,,,,,,,,,22 [22-23],22,22,23,,2025-11-11T14:30:16Z,2012,2012-01-01,2012-12-31
6425359,TB_e_mort_exc_tbhiv_num,COUNTRY,LVA,EUR,Europe,YEAR,2023,,,,,,,,,51 [44-59],51,44,59,,2025-11-11T14:30:16Z,2023,2023-01-01,2023-12-31
6430585,TB_e_mort_exc_tbhiv_num,COUNTRY,ISR,EUR,Europe,YEAR,2019,,,,,,,,,20 [19-20],20,19,20,,2025-11-11T14:30:16Z,2019,2019-01-01,2019-12-31
6431482,TB_e_mort_exc_tbhiv_num,COUNTRY,TZA,AFR,Africa,YEAR,2024,,,,,,,,,17 000 [6700-32 000],17000,6700,32000,,2025-11-11T14:30:16Z,2024,2024-01-01,2024-12-31
6437691,TB_e_mort_exc_tbhiv_num,COUNTRY,UKR,EUR,Europe,YEAR,2023,,,,,,,,,2600 [2500-2700],2600,2500,2700,,2025-11-11T14:30:16Z,2023,2023-01-01,2023-12-31
6438397,TB_e_mort_exc_tbhiv_num,COUNTRY,SRB,EUR,Europe,YEAR,2017,,,,,,,,,88 [83-93],88,83,93,,2025-11-11T14:30:16Z,2017,2017-01-01,2017-12-31
6449787,TB_e_mort_exc_tbhiv_num,COUNTRY,SVN,EUR,Europe,YEAR,2021,,,,,,,,,12 [12-12],12,12,12,,2025-11-11T14:30:16Z,2021,2021-01-01,2021-12-31
6456117,TB_e_mort_exc_tbhiv_num,COUNTRY,YEM,EMR,Eastern Mediterranean,YEAR,2023,,,,,,,,,3700 [2600-4900],3700,2600,4900,,2025-11-11T14:30:16Z,2023,2023-01-01,2023-12-31
6463170,TB_e_mort_exc_tbhiv_num,COUNTRY,SRB,EUR,Europe,YEAR,2023,,,,,,,,,76 [57-99],76,57,99,,2025-11-11T14:30:16Z,2023,2023-01-01,2023-12-31
6475183,TB_e_mort_exc_tbhiv_num,COUNTRY,GMB,AFR,Africa,YEAR,2008,,,,,,,,,380 [230-570],380,230,570,,2025-11-11T14:30:16Z,2008,2008-01-01,2008-12-31
6475458,TB_e_mort_exc_tbhiv_num,COUNTRY,SVK,EUR,Europe,YEAR,2008,,,,,,,,,42 [42-43],42,42,43,,2025-11-11T14:30:16Z,2008,2008-01-01,2008-12-31
6488145,TB_e_mort_exc_tbhiv_num,COUNTRY,VEN,AMR,Americas,YEAR,2012,,,,,,,,,650 [650-650],650,650,650,,2025-11-11T14:30:16Z,2012,2012-01-01,2012-12-31
6488982,TB_e_mort_exc_tbhiv_num,COUNTRY,TLS,SEAR,South-East Asia,YEAR,2020,,,,,,,,,870 [630-1100],870,630,1100,,2025-11-11T14:30:16Z,2020,2020-01-01,2020-12-31
6494657,TB_e_mort_exc_tbhiv_num,COUNTRY,MKD,EUR,Europe,YEAR,2010,,,,,,,,,34 [33-35],34,33,35,,2025-11-11T14:30:16Z,2010,2010-01-01,2010-12-31
6507134,TB_e_mort_exc_tbhiv_num,COUNTRY,SEN,AFR,Africa,YEAR,2022,,,,,,,,,4200 [2700-5900],4200,2700,5900,,2025-11-11T14:30:16Z,2022,2022-01-01,2022-12-31
6519384,TB_e_mort_exc_tbhiv_num,COUNTRY,JOR,EMR,Eastern Mediterranean,YEAR,2007,,,,,,,,,38 [30-47],38,30,47,,2025-11-11T14:30:16Z,2007,2007-01-01,2007-12-31
6520383,TB_e_mort_exc_tbhiv_num,COUNTRY,GTM,AMR,Americas,YEAR,2008,,,,,,,,,370 [340-390],370,340,390,,2025-11-11T14:30:16Z,2008,2008-01-01,2008-12-31
6526585,TB_e_mort_exc_tbhiv_num,COUNTRY,IRL,EUR,Europe,YEAR,2008,,,,,,,,,32 [32-32],32,32,32,,2025-11-11T14:30:16Z,2008,2008-01-01,2008-12-31
6532274,TB_e_mort_exc_tbhiv_num,COUNTRY,ARE,EMR,Eastern Mediterranean,YEAR,2004,,,,,,,,,29 [21-38],29,21,38,,2025-11-11T14:30:16Z,2004,2004-01-01,2004-12-31
6538448,TB_e_mort_exc_tbhiv_num,COUNTRY,GAB,AFR,Africa,YEAR,2019,,,,,,,,,1400 [920-2000],1400,920,2000,,2025-11-11T14:30:16Z,2019,2019-01-01,2019-12-31
6545447,TB_e_mort_exc_tbhiv_num,COUNTRY,BLR,EUR,Europe,YEAR,2017,,,,,,,,,330 [310-340],330,310,340,,2025-11-11T14:30:16Z,2017,2017-01-01,2017-12-31
6546120,TB_e_mort_exc_tbhiv_num,COUNTRY,KAZ,EUR,Europe,YEAR,2019,,,,,,,,,460 [440-470],460,440,470,,2025-11-11T14:30:16Z,2019,2019-01-01,2019-12-31
6552234,TB_e_mort_exc_tbhiv_num,COUNTRY,HTI,AMR,Americas,YEAR,2013,,,,,,,,,1100 [760-1500],1100,760,1500,,2025-11-11T14:30:16Z,2013,2013-01-01,2013-12-31
6578273,TB_e_mort_exc_tbhiv_num,COUNTRY,BDI,AFR,Africa,YEAR,2022,,,,,,,,,2000 [1200-3000],2000,1200,3000,,2025-11-11T14:30:16Z,2022,2022-01-01,2022-12-31
6595483,TB_e_mort_exc_tbhiv_num,COUNTRY,AFG,EMR,Eastern Mediterranean,YEAR,2001,,,,,,,,,11 000 [7600-15 000],11000,7600,15000,,2025-11-11T14:30:16Z,2001,2001-01-01,2001-12-31
6596503,TB_e_mort_exc_tbhiv_num,COUNTRY,IDN,WPR,Western Pacific,YEAR,2005,,,,,,,,,118 000 [107 000-129 000],118000,107000,129000,,2025-11-11T14:30:16Z,2005,2005-01-01,2005-12-31
6596784,TB_e_mort_exc_tbhiv_num,COUNTRY,NAM,AFR,Africa,YEAR,2010,,,,,,,,,1600 [1000-2300],1600,1000,2300,,2025-11-11T14:30:16Z,2010,2010-01-01,2010-12-31
6596972,TB_e_mort_exc_tbhiv_num,COUNTRY,CIV,AFR,Africa,YEAR,2013,,,,,,,,,6800 [4700-9300],6800,4700,9300,,2025-11-11T14:30:16Z,2013,2013-01-01,2013-12-31
6615020,TB_e_mort_exc_tbhiv_num,COUNTRY,IRQ,EMR,Eastern Mediterranean,YEAR,2009,,,,,,,,,1100 [990-1200],1100,990,1200,,2025-11-11T14:30:16Z,2009,2009-01-01,2009-12-31
6616028,TB_e_mort_exc_tbhiv_num,COUNTRY,NPL,SEAR,South-East Asia,YEAR,2018,,,,,,,,,17 000 [9200-26 000],17000,9200,26000,,2025-11-11T14:30:16Z,2018,2018-01-01,2018-12-31
6634328,TB_e_mort_exc_tbhiv_num,COUNTRY,POL,EUR,Europe,YEAR,2021,,,,,,,,,500 [480-520],500,480,520,,2025-11-11T14:30:16Z,2021,2021-01-01,2021-12-31
6634660,TB_e_mort_exc_tbhiv_num,COUNTRY,AFG,EMR,Eastern Mediterranean,YEAR,2005,,,,,,,,,16 000 [11 000-21 000],16000,11000,21000,,2025-11-11T14:30:16Z,2005,2005-01-01,2005-12-31
6640936,TB_e_mort_exc_tbhiv_num,COUNTRY,BGD,SEAR,South-East Asia,YEAR,2024,,,,,,,,,44 000 [27 000-65 000],44000,27000,65000,,2025-11-11T14:30:16Z,2024,2024-01-01,2024-12-31
6652700,TB_e_mort_exc_tbhiv_num,COUNTRY,SVN,EUR,Europe,YEAR,2017,,,,,,,,,7 [7-7],7,7,7,,2025-11-11T14:30:16Z,2017,2017-01-01,2017-12-31
6653408,TB_e_mort_exc_tbhiv_num,COUNTRY,MWI,AFR,Africa,YEAR,2005,,,,,,,,,4000 [1300-8100],4000,1300,8100,,2025-11-11T14:30:16Z,2005,2005-01-01,2005-12-31
6665287,TB_e_mort_exc_tbhiv_num,COUNTRY,CPV,AFR,Africa,YEAR,2002,,,,,,,,,30 [25-34],30,25,34,,2025-11-11T14:30:16Z,2002,2002-01-01,2002-12-31
6666708,TB_e_mort_exc_tbhiv_num,COUNTRY,OMN,EMR,Eastern Mediterranean,YEAR,2001,,,,,,,,,19 [15-23],19,15,23,,2025-11-11T14:30:16Z,2001,2001-01-01,2001-12-31
6672556,TB_e_mort_exc_tbhiv_num,COUNTRY,KHM,WPR,Western Pacific,YEAR,2021,,,,,,,,,2900 [1400-5000],2900,1400,5000,,2025-11-11T14:30:16Z,2021,2021-01-01,2021-12-31
6678320,TB_e_mort_exc_tbhiv_num,COUNTRY,OMN,EMR,Eastern Mediterranean,YEAR,2022,,,,,,,,,17 [12-22],17,12,22,,2025-11-11T14:30:16Z,2022,2022-01-01,2022-12-31
6683974,TB_e_mort_exc_tbhiv_num,COUNTRY,BRN,WPR,Western Pacific,YEAR,2023,,,,,,,,,24 [21-28],24,21,28,,2025-11-11T14:30:16Z,2023,2023-01-01,2023-12-31
6684331,TB_e_mort_exc_tbhiv_num,COUNTRY,MDA,EUR,Europe,YEAR,2019,,,,,,,,,150 [150-150],150,150,150,,2025-11-11T14:30:16Z,2019,2019-01-01,2019-12-31
6685986,TB_e_mort_exc_tbhiv_num,COUNTRY,GTM,AMR,Americas,YEAR,2006,,,,,,,,,370 [340-390],370,340,390,,2025-11-11T14:30:16Z,2006,2006-01-01,2006-12-31
6691083,TB_e_mort_exc_tbhiv_num,COUNTRY,CRI,AMR,Americas,YEAR,2004,,,,,,,,,75 [74-75],75,74,75,,2025-11-11T14:30:16Z,2004,2004-01-01,2004-12-31
6691150,TB_e_mort_exc_tbhiv_num,REGION,EMR,,,YEAR,2021,,,,,,,,,89 000 [76 000-104 000],89000,76000,104000,,2025-11-11T14:30:16Z,2021,2021-01-01,2021-12-31
6691603,TB_e_mort_exc_tbhiv_num,COUNTRY,PRY,AMR,Americas,YEAR,2018,,,,,,,,,230 [220-240],230,220,240,,2025-11-11T14:30:16Z,2018,2018-01-01,2018-12-31
6691944,TB_e_mort_exc_tbhiv_num,COUNTRY,NOR,EUR,Europe,YEAR,2001,,,,,,,,,52 [51-53],52,51,53,,2025-11-11T14:30:16Z,2001,2001-01-01,2001-12-31
6698316,TB_e_mort_exc_tbhiv_num,COUNTRY,PNG,WPR,Western Pacific,YEAR,2013,,,,,,,,,10 000 [7400-14 000],10000,7400,14000,,2025-11-11T14:30:16Z,2013,2013-01-01,2013-12-31
6704029,TB_e_mort_exc_tbhiv_num,COUNTRY,BRN,WPR,Western Pacific,YEAR,2006,,,,,,,,,11 [10-11],11,10,11,,2025-11-11T14:30:16Z,2006,2006-01-01,2006-12-31
6710043,TB_e_mort_exc_tbhiv_num,COUNTRY,VNM,WPR,Western Pacific,YEAR,2022,,,,,,,,,12 000 [8300-17 000],12000,8300,17000,,2025-11-11T14:30:16Z,2022,2022-01-01,2022-12-31
6716443,TB_e_mort_exc_tbhiv_num,COUNTRY,NIC,AMR,Americas,YEAR,2016,,,,,,,,,120 [120-120],120,120,120,,2025-11-11T14:30:16Z,2016,2016-01-01,2016-12-31
6722427,TB_e_mort_exc_tbhiv_num,COUNTRY,CAF,AFR,Africa,YEAR,2022,,,,,,,,,2900 [1300-5100],2900,1300,5100,,2025-11-11T14:30:16Z,2022,2022-01-01,2022-12-31
6722488,TB_e_mort_exc_tbhiv_num,COUNTRY,KHM,WPR,Western Pacific,YEAR,2010,,,,,,,,,3300 [1500-6000],3300,1500,6000,,2025-11-11T14:30:16Z,2010,2010-01-01,2010-12-31
6730244,TB_e_mort_exc_tbhiv_num,COUNTRY,GEO,EUR,Europe,YEAR,2011,,,,,,,,,250 [210-290],250,210,290,,2025-11-11T14:30:16Z,2011,2011-01-01,2011-12-31
6736107,TB_e_mort_exc_tbhiv_num,COUNTRY,FRA,EUR,Europe,YEAR,2015,,,,,,,,,450 [430-480],450,430,480,,2025-11-11T14:30:16Z,2015,2015-01-01,2015-12-31
6748064,TB_e_mort_exc_tbhiv_num,COUNTRY,VUT,WPR,Western Pacific,YEAR,2011,,,,,,,,,95 [70-120],95,70,120,,2025-11-11T14:30:16Z,2011,2011-01-01,2011-12-31
6749089,TB_e_mort_exc_tbhiv_num,COUNTRY,SLE,AFR,Africa,YEAR,2015,,,,,,,,,7600 [3200-14 000],7600,3200,14000,,2025-11-11T14:30:16Z,2015,2015-01-01,2015-12-31
6749379,TB_e_mort_exc_tbhiv_num,COUNTRY,DOM,AMR,Americas,YEAR,2017,,,,,,,,,300 [150-510],300,150,510,,2025-11-11T14:30:16Z,2017,2017-01-01,2017-12-31
6754118,TB_e_mort_exc_tbhiv_num,COUNTRY,URY,AMR,Americas,YEAR,2013,,,,,,,,,65 [62-69],65,62,69,,2025-11-11T14:30:16Z,2013,2013-01-01,2013-12-31
6760338,TB_e_mort_exc_tbhiv_num,COUNTRY,AGO,AFR,Africa,YEAR,2006,,,,,,,,,18 000 [13 000-25 000],18000,13000,25000,,2025-11-11T14:30:16Z,2006,2006-01-01,2006-12-31
6774483,TB_e_mort_exc_tbhiv_num,COUNTRY,YEM,EMR,Eastern Mediterranean,YEAR,2003,,,,,,,,,4000 [2900-5300],4000,2900,5300,,2025-11-11T14:30:16Z,2003,2003-01-01,2003-12-31
6786170,TB_e_mort_exc_tbhiv_num,COUNTRY,KAZ,EUR,Europe,YEAR,2018,,,,,,,,,500 [480-510],500,480,510,,2025-11-11T14:30:16Z,2018,2018-01-01,2018-12-31
6787203,TB_e_mort_exc_tbhiv_num,COUNTRY,BGD,SEAR,South-East Asia,YEAR,2017,,,,,,,,,56 000 [36 000-80 000],56000,36000,80000,,2025-11-11T14:30:16Z,2017,2017-01-01,2017-12-31
6791538,TB_e_mort_exc_tbhiv_num,COUNTRY,BHS,AMR,Americas,YEAR,2014,,,,,,,,,2 [2-3],2,2,3,,2025-11-11T14:30:16Z,2014,2014-01-01,2014-12-31
6793426,TB_e_mort_exc_tbhiv_num,COUNTRY,PAK,EMR,Eastern Mediterranean,YEAR,2000,,,,,,,,,58 000 [52 000-65 000],58000,52000,65000,,2025-11-11T14:30:16Z,2000,2000-01-01,2000-12-31
6812618,TB_e_mort_exc_tbhiv_num,WORLDBANKINCOMEGROUP,WB_LMI,,,YEAR,2012,,,,,,,,,930 000 [801 000-1 070 000],930000,801000,1070000,,2025-11-11T14:30:16Z,2012,2012-01-01,2012-12-31
6817683,TB_e_mort_exc_tbhiv_num,COUNTRY,FJI,WPR,Western Pacific,YEAR,2018,,,,,,,,,39 [39-40],39,39,40,,2025-11-11T14:30:16Z,2018,2018-01-01,2018-12-31
6818837,TB_e_mort_exc_tbhiv_num,COUNTRY,MRT,AFR,Africa,YEAR,2021,,,,,,,,,620 [350-960],620,350,960,,2025-11-11T14:30:16Z,2021,2021-01-01,2021-12-31
6824326,TB_e_mort_exc_tbhiv_num,COUNTRY,PRT,EUR,Europe,YEAR,2015,,,,,,,,,230 [220-240],230,220,240,,2025-11-11T14:30:16Z,2015,2015-01-01,2015-12-31
6825214,TB_e_mort_exc_tbhiv_num,COUNTRY,UGA,AFR,Africa,YEAR,2011,,,,,,,,,5300 [3300-7800],5300,3300,7800,,2025-11-11T14:30:16Z,2011,2011-01-01,2011-12-31
6855544,TB_e_mort_exc_tbhiv_num,COUNTRY,TZA,AFR,Africa,YEAR,2000,,,,,,,,,23 000 [8000-45 000],23000,8000,45000,,2025-11-11T14:30:16Z,2000,2000-01-01,2000-12-31
6862936,TB_e_mort_exc_tbhiv_num,COUNTRY,GRC,EUR,Europe,YEAR,2019,,,,,,,,,44 [42-46],44,42,46,,2025-11-11T14:30:16Z,2019,2019-01-01,2019-12-31
6869068,TB_e_mort_exc_tbhiv_num,COUNTRY,TUN,EMR,Eastern Mediterranean,YEAR,2002,,,,,,,,,160 [130-200],160,130,200,,2025-11-11T14:30:16Z,2002,2002-01-01,2002-12-31
6893768,TB_e_mort_exc_tbhiv_num,COUNTRY,ZAF,AFR,Africa,YEAR,2017,,,,,,,,,21 000 [20 000-22 000],21000,20000,22000,,2025-11-11T14:30:16Z,2017,2017-01-01,2017-12-31
6907218,TB_e_mort_exc_tbhiv_num,COUNTRY,IRL,EUR,Europe,YEAR,2011,,,,,,,,,29 [29-29],29,29,29,,2025-11-11T14:30:16Z,2011,2011-01-01,2011-12-31
6912160,TB_e_mort_exc_tbhiv_num,COUNTRY,UKR,EUR,Europe,YEAR,2021,,,,,,,,,3100 [3000-3200],3100,3000,3200,,2025-11-11T14:30:16Z,2021,2021-01-01,2021-12-31
6912819,TB_e_mort_exc_tbhiv_num,COUNTRY,FJI,WPR,Western Pacific,YEAR,2011,,,,,,,,,31 [28-35],31,28,35,,2025-11-11T14:30:16Z,2011,2011-01-01,2011-12-31
6925038,TB_e_mort_exc_tbhiv_num,COUNTRY,COD,AFR,Africa,YEAR,2010,,,,,,,,,81 000 [34 000-149 000],81000,34000,149000,,2025-11-11T14:30:16Z,2010,2010-01-01,2010-12-31
6938987,TB_e_mort_exc_tbhiv_num,COUNTRY,ARG,AMR,Americas,YEAR,2017,,,,,,,,,630 [610-650],630,610,650,,2025-11-11T14:30:16Z,2017,2017-01-01,2017-12-31
6939002,TB_e_mort_exc_tbhiv_num,COUNTRY,MDA,EUR,Europe,YEAR,2017,,,,,,,,,180 [180-180],180,180,180,,2025-11-11T14:30:16Z,2017,2017-01-01,2017-12-31
6969501,TB_e_mort_exc_tbhiv_num,COUNTRY,MNE,EUR,Europe,YEAR,2013,,,,,,,,,1 [1-1],1,1,1,,2025-11-11T14:30:16Z,2013,2013-01-01,2013-12-31
6983138,TB_e_mort_exc_tbhiv_num,COUNTRY,EGY,EMR,Eastern Mediterranean,YEAR,2005,,,,,,,,,1000 [860-1200],1000,860,1200,,2025-11-11T14:30:16Z,2005,2005-01-01,2005-12-31
7001341,TB_e_mort_exc_tbhiv_num,COUNTRY,COL,AMR,Americas,YEAR,2013,,,,,,,,,1000 [1000-1100],1000,1000,1100,,2025-11-11T14:30:16Z,2013,2013-01-01,2013-12-31
7021131,TB_e_mort_exc_tbhiv_num,COUNTRY,MDV,SEAR,South-East Asia,YEAR,2021,,,,,,,,,9 [8-10],9,8,10,,2025-11-11T14:30:16Z,2021,2021-01-01,2021-12-31
7026757,TB_e_mort_exc_tbhiv_num,COUNTRY,TCD,AFR,Africa,YEAR,2007,,,,,,,,,3400 [2200-4900],3400,2200,4900,,2025-11-11T14:30:16Z,2007,2007-01-01,2007-12-31
7039795,TB_e_mort_exc_tbhiv_num,COUNTRY,TLS,SEAR,South-East Asia,YEAR,2004,,,,,,,,,2500 [1900-3300],2500,1900,3300,,2025-11-11T14:30:16Z,2004,2004-01-01,2004-12-31
7040085,TB_e_mort_exc_tbhiv_num,COUNTRY,GIN,AFR,Africa,YEAR,2024,,,,,,,,,3300 [2200-4500],3300,2200,4500,,2025-11-11T14:30:16Z,2024,2024-01-01,2024-12-31
7045169,TB_e_mort_exc_tbhiv_num,COUNTRY,YEM,EMR,Eastern Mediterranean,YEAR,2018,,,,,,,,,2300 [1600-3200],2300,1600,3200,,2025-11-11T14:30:16Z,2018,2018-01-01,2018-12-31
7052279,TB_e_mort_exc_tbhiv_num,COUNTRY,BOL,AMR,Americas,YEAR,2014,,,,,,,,,1300 [990-1700],1300,990,1700,,2025-11-11T14:30:16Z,2014,2014-01-01,2014-12-31
7065639,TB_e_mort_exc_tbhiv_num,COUNTRY,UGA,AFR,Africa,YEAR,2007,,,,,,,,,5400 [2300-9700],5400,2300,9700,,2025-11-11T14:30:16Z,2007,2007-01-01,2007-12-31
7077178,TB_e_mort_exc_tbhiv_num,COUNTRY,MDG,AFR,Africa,YEAR,2004,,,,,,,,,10 000 [7400-14 000],10000,7400,14000,,2025-11-11T14:30:16Z,2004,2004-01-01,2004-12-31
7084700,TB_e_mort_exc_tbhiv_num,COUNTRY,MDG,AFR,Africa,YEAR,2019,,,,,,,,,11 000 [7700-15 000],11000,7700,15000,,2025-11-11T14:30:16Z,2019,2019-01-01,2019-12-31
7089636,TB_e_mort_exc_tbhiv_num,COUNTRY,TUN,EMR,Eastern Mediterranean,YEAR,2013,,,,,,,,,160 [120-200],160,120,200,,2025-11-11T14:30:16Z,2013,2013-01-01,2013-12-31
7096695,TB_e_mort_exc_tbhiv_num,COUNTRY,SGP,WPR,Western Pacific,YEAR,2009,,,,,,,,,79 [72-87],79,72,87,,2025-11-11T14:30:16Z,2009,2009-01-01,2009-12-31
7102185,TB_e_mort_exc_tbhiv_num,COUNTRY,BRA,AMR,Americas,YEAR,2009,,,,,,,,,5600 [5400-5900],5600,5400,5900,,2025-11-11T14:30:16Z,2009,2009-01-01,2009-12-31
7103272,TB_e_mort_exc_tbhiv_num,COUNTRY,COL,AMR,Americas,YEAR,2000,,,,,,,,,1300 [1200-1300],1300,1200,1300,,2025-11-11T14:30:16Z,2000,2000-01-01,2000-12-31
7114815,TB_e_mort_exc_tbhiv_num,COUNTRY,TGO,AFR,Africa,YEAR,2014,,,,,,,,,890 [470-1400],890,470,1400,,2025-11-11T14:30:16Z,2014,2014-01-01,2014-12-31
7122430,TB_e_mort_exc_tbhiv_num,COUNTRY,MRT,AFR,Africa,YEAR,2004,,,,,,,,,1100 [750-1500],1100,750,1500,,2025-11-11T14:30:16Z,2004,2004-01-01,2004-12-31
7134346,TB_e_mort_exc_tbhiv_num,COUNTRY,GHA,AFR,Africa,YEAR,2000,,,,,,,,,9100 [3600-17 000],9100,3600,17000,,2025-11-11T14:30:16Z,2000,2000-01-01,2000-12-31
7134662,TB_e_mort_exc_tbhiv_num,COUNTRY,ECU,AMR,Americas,YEAR,2020,,,,,,,,,490 [450-540],490,450,540,,2025-11-11T14:30:16Z,2020,2020-01-01,2020-12-31
7140454,TB_e_mort_exc_tbhiv_num,COUNTRY,BHR,EMR,Eastern Mediterranean,YEAR,2020,,,,,,,,,18 [11-26],18,11,26,,2025-11-11T14:30:16Z,2020,2020-01-01,2020-12-31
7140798,TB_e_mort_exc_tbhiv_num,WORLDBANKINCOMEGROUP,WB_LI,,,YEAR,2001,,,,,,,,,219 000 [153 000-297 000],219000,153000,297000,,2025-11-11T14:30:16Z,2001,2001-01-01,2001-12-31
7140862,TB_e_mort_exc_tbhiv_num,COUNTRY,SAU,EMR,Eastern Mediterranean,YEAR,2024,,,,,,,,,180 [180-190],180,180,190,,2025-11-11T14:30:16Z,2024,2024-01-01,2024-12-31
7147693,TB_e_mort_exc_tbhiv_num,COUNTRY,COM,AFR,Africa,YEAR,2013,,,,,,,,,78 [29-150],78,29,150,,2025-11-11T14:30:16Z,2013,2013-01-01,2013-12-31
7148141,TB_e_mort_exc_tbhiv_num,COUNTRY,SWZ,AFR,Africa,YEAR,2002,,,,,,,,,740 [270-1400],740,270,1400,,2025-11-11T14:30:16Z,2002,2002-01-01,2002-12-31
7148530,TB_e_mort_exc_tbhiv_num,COUNTRY,SVN,EUR,Europe,YEAR,2001,,,,,,,,,27 [26-27],27,26,27,,2025-11-11T14:30:16Z,2001,2001-01-01,2001-12-31
7153338,TB_e_mort_exc_tbhiv_num,COUNTRY,ETH,AFR,Africa,YEAR,2019,,,,,,,,,22 000 [14 000-32 000],22000,14000,32000,,2025-11-11T14:30:16Z,2019,2019-01-01,2019-12-31
7153867,TB_e_mort_exc_tbhiv_num,COUNTRY,NPL,SEAR,South-East Asia,YEAR,2004,,,,,,,,,28 000 [17 000-40 000],28000,17000,40000,,2025-11-11T14:30:16Z,2004,2004-01-01,2004-12-31
7161313,TB_e_mort_exc_tbhiv_num,COUNTRY,COM,AFR,Africa,YEAR,2019,,,,,,,,,49 [17-99],49,17,99,,2025-11-11T14:30:16Z,2019,2019-01-01,2019-12-31
7167153,TB_e_mort_exc_tbhiv_num,WORLDBANKINCOMEGROUP,WB_LI,,,YEAR,2014,,,,,,,,,216 000 [154 000-289 000],216000,154000,289000,,2025-11-11T14:30:16Z,2014,2014-01-01,2014-12-31
7172004,TB_e_mort_exc_tbhiv_num,COUNTRY,GEO,EUR,Europe,YEAR,2019,,,,,,,,,140 [130-160],140,130,160,,2025-11-11T14:30:16Z,2019,2019-01-01,2019-12-31
7179873,TB_e_mort_exc_tbhiv_num,COUNTRY,HND,AMR,Americas,YEAR,2014,,,,,,,,,340 [280-410],340,280,410,,2025-11-11T14:30:16Z,2014,2014-01-01,2014-12-31
7184798,TB_e_mort_exc_tbhiv_num,COUNTRY,NGA,AFR,Africa,YEAR,2021,,,,,,,,,117 000 [69 000-177 000],117000,69000,177000,,2025-11-11T14:30:16Z,2021,2021-01-01,2021-12-31
7186709,TB_e_mort_exc_tbhiv_num,COUNTRY,TKM,EUR,Europe,YEAR,2004,,,,,,,,,970 [830-1100],970,830,1100,,2025-11-11T14:30:16Z,2004,2004-01-01,2004-12-31
7192758,TB_e_mort_exc_tbhiv_num,COUNTRY,COL,AMR,Americas,YEAR,2007,,,,,,,,,1200 [1200-1300],1200,1200,1300,,2025-11-11T14:30:16Z,2007,2007-01-01,2007-12-31
7204955,TB_e_mort_exc_tbhiv_num,COUNTRY,EST,EUR,Europe,YEAR,2009,,,,,,,,,50 [49-50],50,49,50,,2025-11-11T14:30:16Z,2009,2009-01-01,2009-12-31
7205536,TB_e_mort_exc_tbhiv_num,COUNTRY,POL,EUR,Europe,YEAR,2009,,,,,,,,,810 [780-840],810,780,840,,2025-11-11T14:30:16Z,2009,2009-01-01,2009-12-31
7210775,TB_e_mort_exc_tbhiv_num,COUNTRY,MNG,WPR,Western Pacific,YEAR,2004,,,,,,,,,450 [410-500],450,410,500,,2025-11-11T14:30:16Z,2004,2004-01-01,2004-12-31
7223698,TB_e_mort_exc_tbhiv_num,COUNTRY,BEL,EUR,Europe,YEAR,2007,,,,,,,,,86 [85-87],86,85,87,,2025-11-11T14:30:16Z,2007,2007-01-01,2007-12-31
7224585,TB_e_mort_exc_tbhiv_num,COUNTRY,MNG,WPR,Western Pacific,YEAR,2006,,,,,,,,,420 [390-460],420,390,460,,2025-11-11T14:30:16Z,2006,2006-01-01,2006-12-31
7229451,TB_e_mort_exc_tbhiv_num,COUNTRY,LAO,WPR,Western Pacific,YEAR,2015,,,,,,,,,3500 [2100-5100],3500,2100,5100,,2025-11-11T14:30:16Z,2015,2015-01-01,2015-12-31
7230607,TB_e_mort_exc_tbhiv_num,COUNTRY,BLR,EUR,Europe,YEAR,2010,,,,,,,,,920 [840-1000],920,840,1000,,2025-11-11T14:30:16Z,2010,2010-01-01,2010-12-31
7230684,TB_e_mort_exc_tbhiv_num,COUNTRY,TUN,EMR,Eastern Mediterranean,YEAR,2004,,,,,,,,,170 [130-210],170,130,210,,2025-11-11T14:30:16Z,2004,2004-01-01,2004-12-31
7231023,TB_e_mort_exc_tbhiv_num,COUNTRY,DOM,AMR,Americas,YEAR,2005,,,,,,,,,700 [360-1200],700,360,1200,,2025-11-11T14:30:16Z,2005,2005-01-01,2005-12-31
7236048,TB_e_mort_exc_tbhiv_num,COUNTRY,KOR,WPR,Western Pacific,YEAR,2013,,,,,,,,,2700 [2600-2800],2700,2600,2800,,2025-11-11T14:30:16Z,2013,2013-01-01,2013-12-31
7254389,TB_e_mort_exc_tbhiv_num,COUNTRY,VEN,AMR,Americas,YEAR,2000,,,,,,,,,670 [660-680],670,660,680,,2025-11-11T14:30:16Z,2000,2000-01-01,2000-12-31
7254633,TB_e_mort_exc_tbhiv_num,COUNTRY,MYS,WPR,Western Pacific,YEAR,2003,,,,,,,,,1500 [840-2400],1500,840,2400,,2025-11-11T14:30:16Z,2003,2003-01-01,2003-12-31
7261878,TB_e_mort_exc_tbhiv_num,COUNTRY,JAM,AMR,Americas,YEAR,2024,,,,,,,,,8 [6-9],8,6,9,,2025-11-11T14:30:16Z,2024,2024-01-01,2024-12-31
7281095,TB_e_mort_exc_tbhiv_num,COUNTRY,GTM,AMR,Americas,YEAR,2016,,,,,,,,,350 [330-370],350,330,370,,2025-11-11T14:30:16Z,2016,2016-01-01,2016-12-31
7286620,TB_e_mort_exc_tbhiv_num,COUNTRY,LKA,SEAR,South-East Asia,YEAR,2005,,,,,,,,,1000 [910-1100],1000,910,1100,,2025-11-11T14:30:16Z,2005,2005-01-01,2005-12-31
7286764,TB_e_mort_exc_tbhiv_num,COUNTRY,SUR,AMR,Americas,YEAR,2020,,,,,,,,,14 [12-16],14,12,16,,2025-11-11T14:30:16Z,2020,2020-01-01,2020-12-31
7287591,TB_e_mort_exc_tbhiv_num,COUNTRY,NZL,WPR,Western Pacific,YEAR,2015,,,,,,,,,21 [21-21],21,21,21,,2025-11-11T14:30:16Z,2015,2015-01-01,2015-12-31
7293604,TB_e_mort_exc_tbhiv_num,COUNTRY,LUX,EUR,Europe,YEAR,2021,,,,,,,,,1 [1-1],1,1,1,,2025-11-11T14:30:16Z,2021,2021-01-01,2021-12-31
7311619,TB_e_mort_exc_tbhiv_num,COUNTRY,NPL,SEAR,South-East Asia,YEAR,2010,,,,,,,,,22 000 [13 000-33 000],22000,13000,33000,,2025-11-11T14:30:16Z,2010,2010-01-01,2010-12-31
7319471,TB_e_mort_exc_tbhiv_num,COUNTRY,GIN,AFR,Africa,YEAR,2015,,,,,,,,,3100 [2100-4200],3100,2100,4200,,2025-11-11T14:30:16Z,2015,2015-01-01,2015-12-31
7325734,TB_e_mort_exc_tbhiv_num,COUNTRY,NZL,WPR,Western Pacific,YEAR,2006,,,,,,,,,22 [22-22],22,22,22,,2025-11-11T14:30:16Z,2006,2006-01-01,2006-12-31
7330238,TB_e_mort_exc_tbhiv_num,COUNTRY,PRY,AMR,Americas,YEAR,2013,,,,,,,,,210 [200-230],210,200,230,,2025-11-11T14:30:16Z,2013,2013-01-01,2013-12-31
7332305,TB_e_mort_exc_tbhiv_num,COUNTRY,NER,AFR,Africa,YEAR,2000,,,,,,,,,1900 [1000-3100],1900,1000,3100,,2025-11-11T14:30:16Z,2000,2000-01-01,2000-12-31
7337500,TB_e_mort_exc_tbhiv_num,COUNTRY,TUR,EUR,Europe,YEAR,2020,,,,,,,,,340 [330-360],340,330,360,,2025-11-11T14:30:16Z,2020,2020-01-01,2020-12-31
7338023,TB_e_mort_exc_tbhiv_num,COUNTRY,AUT,EUR,Europe,YEAR,2022,,,,,,,,,36 [35-37],36,35,37,,2025-11-11T14:30:16Z,2022,2022-01-01,2022-12-31
7342956,TB_e_mort_exc_tbhiv_num,COUNTRY,HKG,,,YEAR,2011,,,,,,,,,200 [190-200],200,190,200,,2025-11-11T14:30:16Z,2011,2011-01-01,2011-12-31
7344482,TB_e_mort_exc_tbhiv_num,COUNTRY,URY,AMR,Americas,YEAR,2011,,,,,,,,,46 [43-48],46,43,48,,2025-11-11T14:30:16Z,2011,2011-01-01,2011-12-31
7344545,TB_e_mort_exc_tbhiv_num,COUNTRY,TZA,AFR,Africa,YEAR,2008,,,,,,,,,33 000 [16 000-55 000],33000,16000,55000,,2025-11-11T14:30:16Z,2008,2008-01-01,2008-12-31
7355702,TB_e_mort_exc_tbhiv_num,COUNTRY,GAB,AFR,Africa,YEAR,2024,,,,,,,,,1000 [660-1500],1000,660,1500,,2025-11-11T14:30:16Z,2024,2024-01-01,2024-12-31
7355930,TB_e_mort_exc_tbhiv_num,COUNTRY,MEX,AMR,Americas,YEAR,2007,,,,,,,,,2400 [2300-2400],2400,2300,2400,,2025-11-11T14:30:16Z,2007,2007-01-01,2007-12-31
7357534,TB_e_mort_exc_tbhiv_num,COUNTRY,KWT,EMR,Eastern Mediterranean,YEAR,2009,,,,,,,,,30 [30-30],30,30,30,,2025-11-11T14:30:16Z,2009,2009-01-01,2009-12-31
7362849,TB_e_mort_exc_tbhiv_num,COUNTRY,ARG,AMR,Americas,YEAR,2011,,,,,,,,,680 [650-710],680,650,710,,2025-11-11T14:30:16Z,2011,2011-01-01,2011-12-31
7376209,TB_e_mort_exc_tbhiv_num,COUNTRY,LSO,AFR,Africa,YEAR,2020,,,,,,,,,1500 [320-3500],1500,320,3500,,2025-11-11T14:30:16Z,2020,2020-01-01,2020-12-31
7376695,TB_e_mort_exc_tbhiv_num,COUNTRY,PHL,WPR,Western Pacific,YEAR,2022,,,,,,,,,39 000 [35 000-44 000],39000,35000,44000,,2025-11-11T14:30:16Z,2022,2022-01-01,2022-12-31
7382477,TB_e_mort_exc_tbhiv_num,COUNTRY,PRY,AMR,Americas,YEAR,2021,,,,,,,,,240 [230-250],240,230,250,,2025-11-11T14:30:16Z,2021,2021-01-01,2021-12-31
7382522,TB_e_mort_exc_tbhiv_num,COUNTRY,KHM,WPR,Western Pacific,YEAR,2020,,,,,,,,,2800 [1300-4700],2800,1300,4700,,2025-11-11T14:30:16Z,2020,2020-01-01,2020-12-31
7389372,TB_e_mort_exc_tbhiv_num,COUNTRY,DJI,EMR,Eastern Mediterranean,YEAR,2024,,,,,,,,,1500 [1000-2000],1500,1000,2000,,2025-11-11T14:30:16Z,2024,2024-01-01,2024-12-31
7413935,TB_e_mort_exc_tbhiv_num,COUNTRY,ITA,EUR,Europe,YEAR,2004,,,,,,,,,410 [400-410],410,400,410,,2025-11-11T14:30:16Z,2004,2004-01-01,2004-12-31
7414438,TB_e_mort_exc_tbhiv_num,COUNTRY,DOM,AMR,Americas,YEAR,2018,,,,,,,,,250 [100-460],250,100,460,,2025-11-11T14:30:16Z,2018,2018-01-01,2018-12-31
7426147,TB_e_mort_exc_tbhiv_num,COUNTRY,MNG,WPR,Western Pacific,YEAR,2023,,,,,,,,,370 [330-420],370,330,420,,2025-11-11T14:30:16Z,2023,2023-01-01,2023-12-31
7426345,TB_e_mort_exc_tbhiv_num,COUNTRY,VEN,AMR,Americas,YEAR,2011,,,,,,,,,590 [580-590],590,580,590,,2025-11-11T14:30:16Z,2011,2011-01-01,2011-12-31
7432517,TB_e_mort_exc_tbhiv_num,COUNTRY,AGO,AFR,Africa,YEAR,2014,,,,,,,,,24 000 [16 000-33 000],24000,16000,33000,,2025-11-11T14:30:16Z,2014,2014-01-01,2014-12-31
7451119,TB_e_mort_exc_tbhiv_num,COUNTRY,TJK,EUR,Europe,YEAR,2013,,,,,,,,,800 [730-870],800,730,870,,2025-11-11T14:30:16Z,2013,2013-01-01,2013-12-31
7452449,TB_e_mort_exc_tbhiv_num,COUNTRY,NGA,AFR,Africa,YEAR,2008,,,,,,,,,82 000 [48 000-125 000],82000,48000,125000,,2025-11-11T14:30:16Z,2008,2008-01-01,2008-12-31
7483693,TB_e_mort_exc_tbhiv_num,REGION,EUR,,,YEAR,2022,,,,,,,,,17 000 [16 000-18 000],17000,16000,18000,,2025-11-11T14:30:16Z,2022,2022-01-01,2022-12-31
7495104,TB_e_mort_exc_tbhiv_num,COUNTRY,LTU,EUR,Europe,YEAR,2006,,,,,,,,,390 [380-400],390,380,400,,2025-11-11T14:30:16Z,2006,2006-01-01,2006-12-31
7495775,TB_e_mort_exc_tbhiv_num,COUNTRY,JPN,WPR,Western Pacific,YEAR,2023,,,,,,,,,1500 [1500-1500],1500,1500,1500,,2025-11-11T14:30:16Z,2023,2023-01-01,2023-12-31
7496475,TB_e_mort_exc_tbhiv_num,COUNTRY,PRY,AMR,Americas,YEAR,2020,,,,,,,,,220 [210-230],220,210,230,,2025-11-11T14:30:16Z,2020,2020-01-01,2020-12-31
7502071,TB_e_mort_exc_tbhiv_num,COUNTRY,SEN,AFR,Africa,YEAR,2007,,,,,,,,,4600 [3200-6300],4600,3200,6300,,2025-11-11T14:30:16Z,2007,2007-01-01,2007-12-31
7508552,TB_e_mort_exc_tbhiv_num,COUNTRY,KHM,WPR,Western Pacific,YEAR,2001,,,,,,,,,6300 [2500-12 000],6300,2500,12000,,2025-11-11T14:30:16Z,2001,2001-01-01,2001-12-31
7520680,TB_e_mort_exc_tbhiv_num,COUNTRY,TTO,AMR,Americas,YEAR,2017,,,,,,,,,21 [21-21],21,21,21,,2025-11-11T14:30:16Z,2017,2017-01-01,2017-12-31
7533293,TB_e_mort_exc_tbhiv_num,COUNTRY,SAU,EMR,Eastern Mediterranean,YEAR,2008,,,,,,,,,340 [290-400],340,290,400,,2025-11-11T14:30:16Z,2008,2008-01-01,2008-12-31
7534671,TB_e_mort_exc_tbhiv_num,COUNTRY,ETH,AFR,Africa,YEAR,2000,,,,,,,,,57 000 [29 000-95 000],57000,29000,95000,,2025-11-11T14:30:16Z,2000,2000-01-01,2000-12-31
7535135,TB_e_mort_exc_tbhiv_num,COUNTRY,IND,SEAR,South-East Asia,YEAR,2008,,,,,,,,,539 000 [404 000-692 000],539000,404000,692000,,2025-11-11T14:30:16Z,2008,2008-01-01,2008-12-31
7545918,TB_e_mort_exc_tbhiv_num,COUNTRY,MDG,AFR,Africa,YEAR,2024,,,,,,,,,10 000 [7000-14 000],10000,7000,14000,,2025-11-11T14:30:16Z,2024,2024-01-01,2024-12-31
7552546,TB_e_mort_exc_tbhiv_num,COUNTRY,IDN,WPR,Western Pacific,YEAR,2007,,,,,,,,,119 000 [110 000-129 000],119000,110000,129000,,2025-11-11T14:30:16Z,2007,2007-01-01,2007-12-31
7565314,TB_e_mort_exc_tbhiv_num,COUNTRY,SEN,AFR,Africa,YEAR,2000,,,,,,,,,3500 [2300-4900],3500,2300,4900,,2025-11-11T14:30:16Z,2000,2000-01-01,2000-12-31
7565970,TB_e_mort_exc_tbhiv_num,COUNTRY,SWE,EUR,Europe,YEAR,2013,,,,,,,,,43 [43-44],43,43,44,,2025-11-11T14:30:16Z,2013,2013-01-01,2013-12-31
7566215,TB_e_mort_exc_tbhiv_num,COUNTRY,ARM,EUR,Europe,YEAR,2004,,,,,,,,,210 [170-250],210,170,250,,2025-11-11T14:30:16Z,2004,2004-01-01,2004-12-31
7572142,TB_e_mort_exc_tbhiv_num,COUNTRY,NAM,AFR,Africa,YEAR,2012,,,,,,,,,1600 [1100-2400],1600,1100,2400,,2025-11-11T14:30:16Z,2012,2012-01-01,2012-12-31
7578133,TB_e_mort_exc_tbhiv_num,COUNTRY,USA,AMR,Americas,YEAR,2008,,,,,,,,,650 [650-660],650,650,660,,2025-11-11T14:30:16Z,2008,2008-01-01,2008-12-31
7579075,TB_e_mort_exc_tbhiv_num,COUNTRY,SWE,EUR,Europe,YEAR,2022,,,,,,,,,19 [19-20],19,19,20,,2025-11-11T14:30:16Z,2022,2022-01-01,2022-12-31
7584570,TB_e_mort_exc_tbhiv_num,COUNTRY,LVA,EUR,Europe,YEAR,2013,,,,,,,,,110 [100-110],110,100,110,,2025-11-11T14:30:16Z,2013,2013-01-01,2013-12-31
7584635,TB_e_mort_exc_tbhiv_num,COUNTRY,LKA,SEAR,South-East Asia,YEAR,2007,,,,,,,,,1100 [910-1300],1100,910,1300,,2025-11-11T14:30:16Z,2007,2007-01-01,2007-12-31
7610070,TB_e_mort_exc_tbhiv_num,COUNTRY,BRA,AMR,Americas,YEAR,2016,,,,,,,,,5100 [4900-5200],5100,4900,5200,,2025-11-11T14:30:16Z,2016,2016-01-01,2016-12-31
7615304,TB_e_mort_exc_tbhiv_num,COUNTRY,BIH,EUR,Europe,YEAR,2021,,,,,,,,,50 [46-53],50,46,53,,2025-11-11T14:30:16Z,2021,2021-01-01,2021-12-31
7622732,TB_e_mort_exc_tbhiv_num,COUNTRY,GBR,EUR,Europe,YEAR,2022,,,,,,,,,230 [230-240],230,230,240,,2025-11-11T14:30:16Z,2022,2022-01-01,2022-12-31
7628354,TB_e_mort_exc_tbhiv_num,COUNTRY,TCD,AFR,Africa,YEAR,2003,,,,,,,,,2500 [1500-3700],2500,1500,3700,,2025-11-11T14:30:16Z,2003,2003-01-01,2003-12-31
7628469,TB_e_mort_exc_tbhiv_num,COUNTRY,RUS,EUR,Europe,YEAR,2015,,,,,,,,,14 000 [14 000-15 000],14000,14000,15000,,2025-11-11T14:30:16Z,2015,2015-01-01,2015-12-31
7636059,TB_e_mort_exc_tbhiv_num,COUNTRY,PRY,AMR,Americas,YEAR,2011,,,,,,,,,230 [210-250],230,210,250,,2025-11-11T14:30:16Z,2011,2011-01-01,2011-12-31
7659751,TB_e_mort_exc_tbhiv_num,COUNTRY,COM,AFR,Africa,YEAR,2000,,,,,,,,,69 [26-130],69,26,130,,2025-11-11T14:30:16Z,2000,2000-01-01,2000-12-31
7666380,TB_e_mort_exc_tbhiv_num,COUNTRY,CHE,EUR,Europe,YEAR,2023,,,,,,,,,11 [10-11],11,10,11,,2025-11-11T14:30:16Z,2023,2023-01-01,2023-12-31
7666867,TB_e_mort_exc_tbhiv_num,COUNTRY,EGY,EMR,Eastern Mediterranean,YEAR,2001,,,,,,,,,1100 [910-1400],1100,910,1400,,2025-11-11T14:30:16Z,2001,2001-01-01,2001-12-31
7667406,TB_e_mort_exc_tbhiv_num,COUNTRY,TGO,AFR,Africa,YEAR,2008,,,,,,,,,890 [540-1300],890,540,1300,,2025-11-11T14:30:16Z,2008,2008-01-01,2008-12-31
7679529,TB_e_mort_exc_tbhiv_num,COUNTRY,GNQ,AFR,Africa,YEAR,2015,,,,,,,,,490 [200-910],490,200,910,,2025-11-11T14:30:16Z,2015,2015-01-01,2015-12-31
7679980,TB_e_mort_exc_tbhiv_num,COUNTRY,ECU,AMR,Americas,YEAR,2019,,,,,,,,,570 [510-620],570,510,620,,2025-11-11T14:30:16Z,2019,2019-01-01,2019-12-31
7684838,TB_e_mort_exc_tbhiv_num,COUNTRY,GTM,AMR,Americas,YEAR,2007,,,,,,,,,330 [320-350],330,320,350,,2025-11-11T14:30:16Z,2007,2007-01-01,2007-12-31
7685714,TB_e_mort_exc_tbhiv_num,COUNTRY,PHL,WPR,Western Pacific,YEAR,2012,,,,,,,,,30 000 [28 000-32 000],30000,28000,32000,,2025-11-11T14:30:16Z,2012,2012-01-01,2012-12-31
7698250,TB_e_mort_exc_tbhiv_num,COUNTRY,TLS,SEAR,South-East Asia,YEAR,2010,,,,,,,,,1300 [930-1700],1300,930,1700,,2025-11-11T14:30:16Z,2010,2010-01-01,2010-12-31
7698614,TB_e_mort_exc_tbhiv_num,COUNTRY,IDN,WPR,Western Pacific,YEAR,2018,,,,,,,,,94 000 [88 000-100 000],94000,88000,100000,,2025-11-11T14:30:16Z,2018,2018-01-01,2018-12-31
7698663,TB_e_mort_exc_tbhiv_num,COUNTRY,STP,AFR,Africa,YEAR,2007,,,,,,,,,67 [46-92],67,46,92,,2025-11-11T14:30:16Z,2007,2007-01-01,2007-12-31
7705701,TB_e_mort_exc_tbhiv_num,COUNTRY,PNG,WPR,Western Pacific,YEAR,2009,,,,,,,,,11 000 [8000-15 000],11000,8000,15000,,2025-11-11T14:30:16Z,2009,2009-01-01,2009-12-31
7722987,TB_e_mort_exc_tbhiv_num,COUNTRY,BEL,EUR,Europe,YEAR,2023,,,,,,,,,33 [32-35],33,32,35,,2025-11-11T14:30:16Z,2023,2023-01-01,2023-12-31
7729712,TB_e_mort_exc_tbhiv_num,COUNTRY,NZL,WPR,Western Pacific,YEAR,2009,,,,,,,,,16 [16-16],16,16,16,,2025-11-11T14:30:16Z,2009,2009-01-01,2009-12-31
7730125,TB_e_mort_exc_tbhiv_num,COUNTRY,USA,AMR,Americas,YEAR,2017,,,,,,,,,540 [540-540],540,540,540,,2025-11-11T14:30:16Z,2017,2017-01-01,2017-12-31
7731039,TB_e_mort_exc_tbhiv_num,COUNTRY,BRA,AMR,Americas,YEAR,2023,,,,,,,,,7100 [6000-8200],7100,6000,8200,,2025-11-11T14:30:16Z,2023,2023-01-01,2023-12-31
7742121,TB_e_mort_exc_tbhiv_num,REGION,EMR,,,YEAR,2014,,,,,,,,,87 000 [76 000-98 000],87000,76000,98000,,2025-11-11T14:30:16Z,2014,2014-01-01,2014-12-31
7748685,TB_e_mort_exc_tbhiv_num,COUNTRY,UZB,EUR,Europe,YEAR,2017,,,,,,,,,1900 [1600-2100],1900,1600,2100,,2025-11-11T14:30:16Z,2017,2017-01-01,2017-12-31
7749982,TB_e_mort_exc_tbhiv_num,COUNTRY,BRA,AMR,Americas,YEAR,2019,,,,,,,,,5100 [5000-5300],5100,5000,5300,,2025-11-11T14:30:16Z,2019,2019-01-01,2019-12-31
7755383,TB_e_mort_exc_tbhiv_num,COUNTRY,ZAF,AFR,Africa,YEAR,2011,,,,,,,,,25 000 [24 000-26 000],25000,24000,26000,,2025-11-11T14:30:16Z,2011,2011-01-01,2011-12-31
7761634,TB_e_mort_exc_tbhiv_num,COUNTRY,MWI,AFR,Africa,YEAR,2002,,,,,,,,,3400 [1100-6900],3400,1100,6900,,2025-11-11T14:30:16Z,2002,2002-01-01,2002-12-31
7762799,TB_e_mort_exc_tbhiv_num,COUNTRY,GBR,EUR,Europe,YEAR,2008,,,,,,,,,440 [430-440],440,430,440,,2025-11-11T14:30:16Z,2008,2008-01-01,2008-12-31
7773678,TB_e_mort_exc_tbhiv_num,COUNTRY,LUX,EUR,Europe,YEAR,2016,,,,,,,,,1 [1-1],1,1,1,,2025-11-11T14:30:16Z,2016,2016-01-01,2016-12-31
7793450,TB_e_mort_exc_tbhiv_num,COUNTRY,YEM,EMR,Eastern Mediterranean,YEAR,2017,,,,,,,,,2200 [1500-3000],2200,1500,3000,,2025-11-11T14:30:16Z,2017,2017-01-01,2017-12-31
7799740,TB_e_mort_exc_tbhiv_num,REGION,AFR,,,YEAR,2015,,,,,,,,,475 000 [387 000-573 000],475000,387000,573000,,2025-11-11T14:30:16Z,2015,2015-01-01,2015-12-31
7807114,TB_e_mort_exc_tbhiv_num,COUNTRY,HRV,EUR,Europe,YEAR,2011,,,,,,,,,66 [65-66],66,65,66,,2025-11-11T14:30:16Z,2011,2011-01-01,2011-12-31
7812744,TB_e_mort_exc_tbhiv_num,COUNTRY,DJI,EMR,Eastern Mediterranean,YEAR,2009,,,,,,,,,3200 [2200-4400],3200,2200,4400,,2025-11-11T14:30:16Z,2009,2009-01-01,2009-12-31
7838020,TB_e_mort_exc_tbhiv_num,COUNTRY,PNG,WPR,Western Pacific,YEAR,2002,,,,,,,,,18 000 [13 000-23 000],18000,13000,23000,,2025-11-11T14:30:16Z,2002,2002-01-01,2002-12-31
7843980,TB_e_mort_exc_tbhiv_num,COUNTRY,KHM,WPR,Western Pacific,YEAR,2024,,,,,,,,,3000 [1500-5100],3000,1500,5100,,2025-11-11T14:30:16Z,2024,2024-01-01,2024-12-31
7844326,TB_e_mort_exc_tbhiv_num,COUNTRY,KAZ,EUR,Europe,YEAR,2013,,,,,,,,,1000 [1000-1100],1000,1000,1100,,2025-11-11T14:30:16Z,2013,2013-01-01,2013-12-31
7863922,TB_e_mort_exc_tbhiv_num,COUNTRY,SAU,EMR,Eastern Mediterranean,YEAR,2009,,,,,,,,,330 [280-390],330,280,390,,2025-11-11T14:30:16Z,2009,2009-01-01,2009-12-31
7870443,TB_e_mort_exc_tbhiv_num,COUNTRY,MLI,AFR,Africa,YEAR,2020,,,,,,,,,2200 [1100-3800],2200,1100,3800,,2025-11-11T14:30:16Z,2020,2020-01-01,2020-12-31
7895626,TB_e_mort_exc_tbhiv_num,COUNTRY,SWZ,AFR,Africa,YEAR,2001,,,,,,,,,690 [260-1300],690,260,1300,,2025-11-11T14:30:16Z,2001,2001-01-01,2001-12-31
7900952,TB_e_mort_exc_tbhiv_num,COUNTRY,SYR,EMR,Eastern Mediterranean,YEAR,2008,,,,,,,,,55 [49-63],55,49,63,,2025-11-11T14:30:16Z,2008,2008-01-01,2008-12-31
7907745,TB_e_mort_exc_tbhiv_num,COUNTRY,CAN,AMR,Americas,YEAR,2006,,,,,,,,,130 [130-130],130,130,130,,2025-11-11T14:30:16Z,2006,2006-01-01,2006-12-31
7920693,TB_e_mort_exc_tbhiv_num,COUNTRY,NGA,AFR,Africa,YEAR,2005,,,,,,,,,88 000 [49 000-139 000],88000,49000,139000,,2025-11-11T14:30:16Z,2005,2005-01-01,2005-12-31
7925611,TB_e_mort_exc_tbhiv_num,COUNTRY,COD,AFR,Africa,YEAR,2017,,,,,,,,,92 000 [40 000-167 000],92000,40000,167000,,2025-11-11T14:30:16Z,2017,2017-01-01,2017-12-31
7926878,TB_e_mort_exc_tbhiv_num,COUNTRY,BEN,AFR,Africa,YEAR,2000,,,,,,,,,810 [380-1400],810,380,1400,,2025-11-11T14:30:16Z,2000,2000-01-01,2000-12-31
7932869,TB_e_mort_exc_tbhiv_num,COUNTRY,MRT,AFR,Africa,YEAR,2012,,,,,,,,,840 [550-1200],840,550,1200,,2025-11-11T14:30:16Z,2012,2012-01-01,2012-12-31
7944614,TB_e_mort_exc_tbhiv_num,COUNTRY,PER,AMR,Americas,YEAR,2023,,,,,,,,,3500 [2500-4600],3500,2500,4600,,2025-11-11T14:30:16Z,2023,2023-01-01,2023-12-31
7944912,TB_e_mort_exc_tbhiv_num,COUNTRY,DJI,EMR,Eastern Mediterranean,YEAR,2021,,,,,,,,,1100 [780-1600],1100,780,1600,,2025-11-11T14:30:16Z,2021,2021-01-01,2021-12-31
7965083,TB_e_mort_exc_tbhiv_num,COUNTRY,CHE,EUR,Europe,YEAR,2001,,,,,,,,,39 [38-40],39,38,40,,2025-11-11T14:30:16Z,2001,2001-01-01,2001-12-31
7970408,TB_e_mort_exc_tbhiv_num,REGION,WPR,,,YEAR,2008,,,,,,,,,254 000 [240 000-269 000],254000,240000,269000,,2025-11-11T14:30:16Z,2008,2008-01-01,2008-12-31
7976133,TB_e_mort_exc_tbhiv_num,COUNTRY,ZMB,AFR,Africa,YEAR,2001,,,,,,,,,4500 [1700-8600],4500,1700,8600,,2025-11-11T14:30:16Z,2001,2001-01-01,2001-12-31
7982849,TB_e_mort_exc_tbhiv_num,COUNTRY,GHA,AFR,Africa,YEAR,2009,,,,,,,,,11 000 [4900-19 000],11000,4900,19000,,2025-11-11T14:30:16Z,2009,2009-01-01,2009-12-31
7983739,TB_e_mort_exc_tbhiv_num,COUNTRY,PNG,WPR,Western Pacific,YEAR,2019,,,,,,,,,12 000 [8400-15 000],12000,8400,15000,,2025-11-11T14:30:16Z,2019,2019-01-01,2019-12-31
7983823,TB_e_mort_exc_tbhiv_num,COUNTRY,SLV,AMR,Americas,YEAR,2014,,,,,,,,,83 [71-96],83,71,96,,2025-11-11T14:30:16Z,2014,2014-01-01,2014-12-31
7989059,TB_e_mort_exc_tbhiv_num,GLOBAL,GLOBAL,,,YEAR,2012,,,,,,,,,1 430 000 [1 280 000-1 580 000],1430000,1280000,1580000,,2025-11-11T14:30:16Z,2012,2012-01-01,2012-12-31
8005990,TB_e_mort_exc_tbhiv_num,COUNTRY,ERI,AFR,Africa,YEAR,2020,,,,,,,,,890 [620-1200],890,620,1200,,2025-11-11T14:30:16Z,2020,2020-01-01,2020-12-31
8006532,TB_e_mort_exc_tbhiv_num,COUNTRY,UKR,EUR,Europe,YEAR,2011,,,,,,,,,7100 [7000-7200],7100,7000,7200,,2025-11-11T14:30:16Z,2011,2011-01-01,2011-12-31
8012744,TB_e_mort_exc_tbhiv_num,COUNTRY,PAK,EMR,Eastern Mediterranean,YEAR,2012,,,,,,,,,52 000 [42 000-63 000],52000,42000,63000,,2025-11-11T14:30:16Z,2012,2012-01-01,2012-12-31
8012919,TB_e_mort_exc_tbhiv_num,COUNTRY,SSD,AFR,Africa,YEAR,2015,,,,,,,,,13 000 [5500-23 000],13000,5500,23000,,2025-11-11T14:30:16Z,2015,2015-01-01,2015-12-31
8017831,TB_e_mort_exc_tbhiv_num,COUNTRY,NER,AFR,Africa,YEAR,2015,,,,,,,,,4000 [2500-6000],4000,2500,6000,,2025-11-11T14:30:16Z,2015,2015-01-01,2015-12-31
8018079,TB_e_mort_exc_tbhiv_num,COUNTRY,ZWE,AFR,Africa,YEAR,2004,,,,,,,,,3500 [1400-6400],3500,1400,6400,,2025-11-11T14:30:16Z,2004,2004-01-01,2004-12-31
8024192,TB_e_mort_exc_tbhiv_num,COUNTRY,SWE,EUR,Europe,YEAR,2019,,,,,,,,,19 [18-19],19,18,19,,2025-11-11T14:30:16Z,2019,2019-01-01,2019-12-31
8025634,TB_e_mort_exc_tbhiv_num,COUNTRY,IRN,EMR,Eastern Mediterranean,YEAR,2000,,,,,,,,,590 [510-670],590,510,670,,2025-11-11T14:30:16Z,2000,2000-01-01,2000-12-31
8030343,TB_e_mort_exc_tbhiv_num,COUNTRY,DNK,EUR,Europe,YEAR,2004,,,,,,,,,40 [39-41],40,39,41,,2025-11-11T14:30:16Z,2004,2004-01-01,2004-12-31
8036827,TB_e_mort_exc_tbhiv_num,COUNTRY,LKA,SEAR,South-East Asia,YEAR,2022,,,,,,,,,790 [720-870],790,720,870,,2025-11-11T14:30:16Z,2022,2022-01-01,2022-12-31
8038183,TB_e_mort_exc_tbhiv_num,COUNTRY,SEN,AFR,Africa,YEAR,2016,,,,,,,,,4800 [3300-6600],4800,3300,6600,,2025-11-11T14:30:16Z,2016,2016-01-01,2016-12-31
8043232,TB_e_mort_exc_tbhiv_num,COUNTRY,VUT,WPR,Western Pacific,YEAR,2003,,,,,,,,,190 [150-240],190,150,240,,2025-11-11T14:30:16Z,2003,2003-01-01,2003-12-31
8044050,TB_e_mort_exc_tbhiv_num,COUNTRY,BOL,AMR,Americas,YEAR,2004,,,,,,,,,2000 [1600-2400],2000,1600,2400,,2025-11-11T14:30:16Z,2004,2004-01-01,2004-12-31
8049593,TB_e_mort_exc_tbhiv_num,GLOBAL,GLOBAL,,,YEAR,2024,,,,,,,,,1 080 000 [987 000-1 180 000],1080000,987000,1180000,,2025-11-11T14:30:16Z,2024,2024-01-01,2024-12-31
8057562,TB_e_mort_exc_tbhiv_num,COUNTRY,ESP,EUR,Europe,YEAR,2002,,,,,,,,,510 [500-520],510,500,520,,2025-11-11T14:30:16Z,2002,2002-01-01,2002-12-31
8082917,TB_e_mort_exc_tbhiv_num,COUNTRY,ECU,AMR,Americas,YEAR,2007,,,,,,,,,980 [800-1200],980,800,1200,,2025-11-11T14:30:16Z,2007,2007-01-01,2007-12-31
8088433,TB_e_mort_exc_tbhiv_num,COUNTRY,UZB,EUR,Europe,YEAR,2024,,,,,,,,,580 [560-600],580,560,600,,2025-11-11T14:30:16Z,2024,2024-01-01,2024-12-31
8088444,TB_e_mort_exc_tbhiv_num,COUNTRY,LAO,WPR,Western Pacific,YEAR,2016,,,,,,,,,3100 [1900-4600],3100,1900,4600,,2025-11-11T14:30:16Z,2016,2016-01-01,2016-12-31
8093779,TB_e_mort_exc_tbhiv_num,COUNTRY,PRI,AMR,Americas,YEAR,2002,,,,,,,,,24 [24-24],24,24,24,,2025-11-11T14:30:16Z,2002,2002-01-01,2002-12-31
8132395,TB_e_mort_exc_tbhiv_num,COUNTRY,GBR,EUR,Europe,YEAR,2019,,,,,,,,,230 [220-230],230,220,230,,2025-11-11T14:30:16Z,2019,2019-01-01,2019-12-31
8133817,TB_e_mort_exc_tbhiv_num,COUNTRY,KAZ,EUR,Europe,YEAR,2015,,,,,,,,,720 [700-740],720,700,740,,2025-11-11T14:30:16Z,2015,2015-01-01,2015-12-31
8145397,TB_e_mort_exc_tbhiv_num,COUNTRY,DJI,EMR,Eastern Mediterranean,YEAR,2007,,,,,,,,,3200 [2200-4400],3200,2200,4400,,2025-11-11T14:30:16Z,2007,2007-01-01,2007-12-31
8146211,TB_e_mort_exc_tbhiv_num,COUNTRY,PRT,EUR,Europe,YEAR,2019,,,,,,,,,180 [180-190],180,180,190,,2025-11-11T14:30:16Z,2019,2019-01-01,2019-12-31
8157971,TB_e_mort_exc_tbhiv_num,REGION,SEAR,,,YEAR,2019,,,,,,,,,426 000 [342 000-520 000],426000,342000,520000,,2025-11-11T14:30:16Z,2019,2019-01-01,2019-12-31
8158931,TB_e_mort_exc_tbhiv_num,COUNTRY,SVN,EUR,Europe,YEAR,2019,,,,,,,,,14 [14-14],14,14,14,,2025-11-11T14:30:16Z,2019,2019-01-01,2019-12-31
8163550,TB_e_mort_exc_tbhiv_num,COUNTRY,NGA,AFR,Africa,YEAR,2022,,,,,,,,,92 000 [55 000-138 000],92000,55000,138000,,2025-11-11T14:30:16Z,2022,2022-01-01,2022-12-31
8164846,TB_e_mort_exc_tbhiv_num,COUNTRY,SAU,EMR,Eastern Mediterranean,YEAR,2021,,,,,,,,,130 [110-150],130,110,150,,2025-11-11T14:30:16Z,2021,2021-01-01,2021-12-31
8177518,TB_e_mort_exc_tbhiv_num,COUNTRY,MNE,EUR,Europe,YEAR,2012,,,,,,,,,1 [1-1],1,1,1,,2025-11-11T14:30:16Z,2012,2012-01-01,2012-12-31
8183746,TB_e_mort_exc_tbhiv_num,COUNTRY,PRY,AMR,Americas,YEAR,2015,,,,,,,,,220 [210-240],220,210,240,,2025-11-11T14:30:16Z,2015,2015-01-01,2015-12-31
8189220,TB_e_mort_exc_tbhiv_num,COUNTRY,BGR,EUR,Europe,YEAR,2005,,,,,,,,,300 [290-320],300,290,320,,2025-11-11T14:30:16Z,2005,2005-01-01,2005-12-31
8201870,TB_e_mort_exc_tbhiv_num,COUNTRY,BOL,AMR,Americas,YEAR,2015,,,,,,,,,1300 [970-1700],1300,970,1700,,2025-11-11T14:30:16Z,2015,2015-01-01,2015-12-31
8215204,TB_e_mort_exc_tbhiv_num,COUNTRY,BEL,EUR,Europe,YEAR,2008,,,,,,,,,78 [77-79],78,77,79,,2025-11-11T14:30:16Z,2008,2008-01-01,2008-12-31
8215239,TB_e_mort_exc_tbhiv_num,COUNTRY,CYP,EUR,Europe,YEAR,2003,,,,,,,,,3 [3-4],3,3,4,,2025-11-11T14:30:16Z,2003,2003-01-01,2003-12-31
8227859,TB_e_mort_exc_tbhiv_num,COUNTRY,SLV,AMR,Americas,YEAR,2001,,,,,,,,,110 [99-130],110,99,130,,2025-11-11T14:30:16Z,2001,2001-01-01,2001-12-31
8228023,TB_e_mort_exc_tbhiv_num,COUNTRY,ITA,EUR,Europe,YEAR,2000,,,,,,,,,510 [500-520],510,500,520,,2025-11-11T14:30:16Z,2000,2000-01-01,2000-12-31
8233817,TB_e_mort_exc_tbhiv_num,COUNTRY,CYP,EUR,Europe,YEAR,2021,,,,,,,,,2 [2-3],2,2,3,,2025-11-11T14:30:16Z,2021,2021-01-01,2021-12-31
8240352,TB_e_mort_exc_tbhiv_num,COUNTRY,SRB,EUR,Europe,YEAR,2007,,,,,,,,,230 [220-240],230,220,240,,2025-11-11T14:30:16Z,2007,2007-01-01,2007-12-31
8258291,TB_e_mort_exc_tbhiv_num,COUNTRY,CIV,AFR,Africa,YEAR,2022,,,,,,,,,4500 [2800-6600],4500,2800,6600,,2025-11-11T14:30:16Z,2022,2022-01-01,2022-12-31
8259278,TB_e_mort_exc_tbhiv_num,COUNTRY,ISR,EUR,Europe,YEAR,2006,,,,,,,,,37 [35-39],37,35,39,,2025-11-11T14:30:16Z,2006,2006-01-01,2006-12-31
8264556,TB_e_mort_exc_tbhiv_num,COUNTRY,TCD,AFR,Africa,YEAR,2021,,,,,,,,,3700 [2400-5200],3700,2400,5200,,2025-11-11T14:30:16Z,2021,2021-01-01,2021-12-31
8264588,TB_e_mort_exc_tbhiv_num,COUNTRY,BOL,AMR,Americas,YEAR,2024,,,,,,,,,1300 [870-1700],1300,870,1700,,2025-11-11T14:30:16Z,2024,2024-01-01,2024-12-31
8264986,TB_e_mort_exc_tbhiv_num,COUNTRY,GRC,EUR,Europe,YEAR,2010,,,,,,,,,78 [74-83],78,74,83,,2025-11-11T14:30:16Z,2010,2010-01-01,2010-12-31
8270932,TB_e_mort_exc_tbhiv_num,COUNTRY,BEL,EUR,Europe,YEAR,2000,,,,,,,,,110 [100-110],110,100,110,,2025-11-11T14:30:16Z,2000,2000-01-01,2000-12-31
8285455,TB_e_mort_exc_tbhiv_num,COUNTRY,AGO,AFR,Africa,YEAR,2024,,,,,,,,,25 000 [15 000-38 000],25000,15000,38000,,2025-11-11T14:30:16Z,2024,2024-01-01,2024-12-31
8290714,TB_e_mort_exc_tbhiv_num,COUNTRY,GTM,AMR,Americas,YEAR,2021,,,,,,,,,250 [230-270],250,230,270,,2025-11-11T14:30:16Z,2021,2021-01-01,2021-12-31
8309081,TB_e_mort_exc_tbhiv_num,COUNTRY,MMR,SEAR,South-East Asia,YEAR,2007,,,,,,,,,54 000 [29 000-87 000],54000,29000,87000,,2025-11-11T14:30:16Z,2007,2007-01-01,2007-12-31
8315579,TB_e_mort_exc_tbhiv_num,COUNTRY,GHA,AFR,Africa,YEAR,2011,,,,,,,,,10 000 [4800-18 000],10000,4800,18000,,2025-11-11T14:30:16Z,2011,2011-01-01,2011-12-31
8322737,TB_e_mort_exc_tbhiv_num,COUNTRY,SYR,EMR,Eastern Mediterranean,YEAR,2007,,,,,,,,,50 [41-60],50,41,60,,2025-11-11T14:30:16Z,2007,2007-01-01,2007-12-31
8328397,TB_e_mort_exc_tbhiv_num,COUNTRY,GNB,AFR,Africa,YEAR,2015,,,,,,,,,560 [390-750],560,390,750,,2025-11-11T14:30:16Z,2015,2015-01-01,2015-12-31
8342287,TB_e_mort_exc_tbhiv_num,COUNTRY,FRA,EUR,Europe,YEAR,2013,,,,,,,,,560 [530-590],560,530,590,,2025-11-11T14:30:16Z,2013,2013-01-01,2013-12-31
8342358,TB_e_mort_exc_tbhiv_num,COUNTRY,GIN,AFR,Africa,YEAR,2019,,,,,,,,,2600 [1800-3600],2600,1800,3600,,2025-11-11T14:30:16Z,2019,2019-01-01,2019-12-31
8361231,TB_e_mort_exc_tbhiv_num,COUNTRY,MDV,SEAR,South-East Asia,YEAR,2013,,,,,,,,,9 [7-10],9,7,10,,2025-11-11T14:30:16Z,2013,2013-01-01,2013-12-31
8366122,TB_e_mort_exc_tbhiv_num,COUNTRY,KGZ,EUR,Europe,YEAR,2012,,,,,,,,,590 [580-590],590,580,590,,2025-11-11T14:30:16Z,2012,2012-01-01,2012-12-31
8367015,TB_e_mort_exc_tbhiv_num,COUNTRY,THA,SEAR,South-East Asia,YEAR,2021,,,,,,,,,10 000 [8000-13 000],10000,8000,13000,,2025-11-11T14:30:16Z,2021,2021-01-01,2021-12-31
8399243,TB_e_mort_exc_tbhiv_num,COUNTRY,TKM,EUR,Europe,YEAR,2016,,,,,,,,,650 [550-760],650,550,760,,2025-11-11T14:30:16Z,2016,2016-01-01,2016-12-31
8404475,TB_e_mort_exc_tbhiv_num,COUNTRY,RUS,EUR,Europe,YEAR,2006,,,,,,,,,30 000 [29 000-31 000],30000,29000,31000,,2025-11-11T14:30:16Z,2006,2006-01-01,2006-12-31
8423191,TB_e_mort_exc_tbhiv_num,COUNTRY,UZB,EUR,Europe,YEAR,2011,,,,,,,,,3300 [2400-4300],3300,2400,4300,,2025-11-11T14:30:16Z,2011,2011-01-01,2011-12-31
8423243,TB_e_mort_exc_tbhiv_num,COUNTRY,SDN,EMR,Eastern Mediterranean,YEAR,2022,,,,,,,,,3700 [2200-5600],3700,2200,5600,,2025-11-11T14:30:16Z,2022,2022-01-01,2022-12-31
8423289,TB_e_mort_exc_tbhiv_num,COUNTRY,ZAF,AFR,Africa,YEAR,2024,,,,,,,,,25 000 [24 000-27 000],25000,24000,27000,,2025-11-11T14:30:16Z,2024,2024-01-01,2024-12-31
8430889,TB_e_mort_exc_tbhiv_num,COUNTRY,GUY,AMR,Americas,YEAR,2007,,,,,,,,,130 [92-180],130,92,180,,2025-11-11T14:30:16Z,2007,2007-01-01,2007-12-31
8436177,TB_e_mort_exc_tbhiv_num,REGION,AFR,,,YEAR,2021,,,,,,,,,413 000 [338 000-497 000],413000,338000,497000,,2025-11-11T14:30:16Z,2021,2021-01-01,2021-12-31
8447923,TB_e_mort_exc_tbhiv_num,COUNTRY,PRT,EUR,Europe,YEAR,2001,,,,,,,,,390 [370-420],390,370,420,,2025-11-11T14:30:16Z,2001,2001-01-01,2001-12-31
8448048,TB_e_mort_exc_tbhiv_num,COUNTRY,DEU,EUR,Europe,YEAR,2018,,,,,,,,,300 [300-310],300,300,310,,2025-11-11T14:30:16Z,2018,2018-01-01,2018-12-31
8449510,TB_e_mort_exc_tbhiv_num,COUNTRY,GHA,AFR,Africa,YEAR,2010,,,,,,,,,10 000 [4700-18 000],10000,4700,18000,,2025-11-11T14:30:16Z,2010,2010-01-01,2010-12-31
8473385,TB_e_mort_exc_tbhiv_num,COUNTRY,CHL,AMR,Americas,YEAR,2009,,,,,,,,,490 [480-490],490,480,490,,2025-11-11T14:30:16Z,2009,2009-01-01,2009-12-31
8474582,TB_e_mort_exc_tbhiv_num,COUNTRY,NER,AFR,Africa,YEAR,2009,,,,,,,,,4300 [2900-6000],4300,2900,6000,,2025-11-11T14:30:16Z,2009,2009-01-01,2009-12-31
8480662,TB_e_mort_exc_tbhiv_num,REGION,SEAR,,,YEAR,2005,,,,,,,,,828 000 [668 000-1 010 000],828000,668000,1010000,,2025-11-11T14:30:16Z,2005,2005-01-01,2005-12-31
8480745,TB_e_mort_exc_tbhiv_num,COUNTRY,COM,AFR,Africa,YEAR,2021,,,,,,,,,58 [13-140],58,13,140,,2025-11-11T14:30:16Z,2021,2021-01-01,2021-12-31
8499476,TB_e_mort_exc_tbhiv_num,COUNTRY,TJK,EUR,Europe,YEAR,2022,,,,,,,,,820 [710-940],820,710,940,,2025-11-11T14:30:16Z,2022,2022-01-01,2022-12-31
8505452,TB_e_mort_exc_tbhiv_num,COUNTRY,CUB,AMR,Americas,YEAR,2002,,,,,,,,,37 [37-37],37,37,37,,2025-11-11T14:30:16Z,2002,2002-01-01,2002-12-31
8505986,TB_e_mort_exc_tbhiv_num,COUNTRY,GIN,AFR,Africa,YEAR,2023,,,,,,,,,2500 [1600-3500],2500,1600,3500,,2025-11-11T14:30:16Z,2023,2023-01-01,2023-12-31
8518809,TB_e_mort_exc_tbhiv_num,COUNTRY,SVN,EUR,Europe,YEAR,2014,,,,,,,,,21 [21-21],21,21,21,,2025-11-11T14:30:16Z,2014,2014-01-01,2014-12-31
8519311,TB_e_mort_exc_tbhiv_num,COUNTRY,MAR,EMR,Eastern Mediterranean,YEAR,2019,,,,,,,,,2500 [1500-3900],2500,1500,3900,,2025-11-11T14:30:16Z,2019,2019-01-01,2019-12-31
8531437,TB_e_mort_exc_tbhiv_num,COUNTRY,VEN,AMR,Americas,YEAR,2017,,,,,,,,,730 [730-730],730,730,730,,2025-11-11T14:30:16Z,2017,2017-01-01,2017-12-31
8531860,TB_e_mort_exc_tbhiv_num,WORLDBANKINCOMEGROUP,WB_LMI,,,YEAR,2009,,,,,,,,,1 030 000 [881 000-1 180 000],1030000,881000,1180000,,2025-11-11T14:30:16Z,2009,2009-01-01,2009-12-31
8555893,TB_e_mort_exc_tbhiv_num,COUNTRY,VEN,AMR,Americas,YEAR,2019,,,,,,,,,690 [690-690],690,690,690,,2025-11-11T14:30:16Z,2019,2019-01-01,2019-12-31
8556341,TB_e_mort_exc_tbhiv_num,COUNTRY,ZAF,AFR,Africa,YEAR,2014,,,,,,,,,21 000 [20 000-22 000],21000,20000,22000,,2025-11-11T14:30:16Z,2014,2014-01-01,2014-12-31
8574992,TB_e_mort_exc_tbhiv_num,COUNTRY,MRT,AFR,Africa,YEAR,2016,,,,,,,,,810 [510-1200],810,510,1200,,2025-11-11T14:30:16Z,2016,2016-01-01,2016-12-31
8575068,TB_e_mort_exc_tbhiv_num,COUNTRY,ZAF,AFR,Africa,YEAR,2000,,,,,,,,,28 000 [26 000-29 000],28000,26000,29000,,2025-11-11T14:30:16Z,2000,2000-01-01,2000-12-31
8576528,TB_e_mort_exc_tbhiv_num,COUNTRY,STP,AFR,Africa,YEAR,2019,,,,,,,,,36 [25-49],36,25,49,,2025-11-11T14:30:16Z,2019,2019-01-01,2019-12-31
8582030,TB_e_mort_exc_tbhiv_num,COUNTRY,SGP,WPR,Western Pacific,YEAR,2010,,,,,,,,,88 [79-98],88,79,98,,2025-11-11T14:30:16Z,2010,2010-01-01,2010-12-31
8582632,TB_e_mort_exc_tbhiv_num,COUNTRY,ZMB,AFR,Africa,YEAR,2005,,,,,,,,,3700 [1500-6900],3700,1500,6900,,2025-11-11T14:30:16Z,2005,2005-01-01,2005-12-31
8583247,TB_e_mort_exc_tbhiv_num,COUNTRY,COD,AFR,Africa,YEAR,2023,,,,,,,,,67 000 [30 000-118 000],67000,30000,118000,,2025-11-11T14:30:16Z,2023,2023-01-01,2023-12-31
8589090,TB_e_mort_exc_tbhiv_num,COUNTRY,BWA,AFR,Africa,YEAR,2007,,,,,,,,,870 [490-1400],870,490,1400,,2025-11-11T14:30:16Z,2007,2007-01-01,2007-12-31
8594940,TB_e_mort_exc_tbhiv_num,WORLDBANKINCOMEGROUP,WB_LMI,,,YEAR,2011,,,,,,,,,972 000 [838 000-1 120 000],972000,838000,1120000,,2025-11-11T14:30:16Z,2011,2011-01-01,2011-12-31
8627204,TB_e_mort_exc_tbhiv_num,COUNTRY,TUN,EMR,Eastern Mediterranean,YEAR,2020,,,,,,,,,140 [100-180],140,100,180,,2025-11-11T14:30:16Z,2020,2020-01-01,2020-12-31
8638876,TB_e_mort_exc_tbhiv_num,COUNTRY,YEM,EMR,Eastern Mediterranean,YEAR,2021,,,,,,,,,3900 [2800-5200],3900,2800,5200,,2025-11-11T14:30:16Z,2021,2021-01-01,2021-12-31
8646037,TB_e_mort_exc_tbhiv_num,COUNTRY,MDG,AFR,Africa,YEAR,2021,,,,,,,,,11 000 [7900-15 000],11000,7900,15000,,2025-11-11T14:30:16Z,2021,2021-01-01,2021-12-31
8651578,TB_e_mort_exc_tbhiv_num,COUNTRY,HTI,AMR,Americas,YEAR,2001,,,,,,,,,4600 [710-12 000],4600,710,12000,,2025-11-11T14:30:16Z,2001,2001-01-01,2001-12-31
8663396,TB_e_mort_exc_tbhiv_num,COUNTRY,MKD,EUR,Europe,YEAR,2013,,,,,,,,,20 [20-21],20,20,21,,2025-11-11T14:30:16Z,2013,2013-01-01,2013-12-31
8663677,TB_e_mort_exc_tbhiv_num,COUNTRY,VEN,AMR,Americas,YEAR,2014,,,,,,,,,710 [710-720],710,710,720,,2025-11-11T14:30:16Z,2014,2014-01-01,2014-12-31
8669633,TB_e_mort_exc_tbhiv_num,COUNTRY,HTI,AMR,Americas,YEAR,2020,,,,,,,,,980 [640-1400],980,640,1400,,2025-11-11T14:30:16Z,2020,2020-01-01,2020-12-31
8669726,TB_e_mort_exc_tbhiv_num,COUNTRY,PRY,AMR,Americas,YEAR,2009,,,,,,,,,190 [170-200],190,170,200,,2025-11-11T14:30:16Z,2009,2009-01-01,2009-12-31
8675862,TB_e_mort_exc_tbhiv_num,COUNTRY,SWZ,AFR,Africa,YEAR,2007,,,,,,,,,580 [340-890],580,340,890,,2025-11-11T14:30:16Z,2007,2007-01-01,2007-12-31
8676257,TB_e_mort_exc_tbhiv_num,COUNTRY,MHL,WPR,Western Pacific,YEAR,2003,,,,,,,,,45 [31-62],45,31,62,,2025-11-11T14:30:16Z,2003,2003-01-01,2003-12-31
8681745,TB_e_mort_exc_tbhiv_num,COUNTRY,BTN,SEAR,South-East Asia,YEAR,2006,,,,,,,,,890 [620-1200],890,620,1200,,2025-11-11T14:30:16Z,2006,2006-01-01,2006-12-31
8688380,TB_e_mort_exc_tbhiv_num,COUNTRY,BWA,AFR,Africa,YEAR,2008,,,,,,,,,690 [380-1100],690,380,1100,,2025-11-11T14:30:16Z,2008,2008-01-01,2008-12-31
8695835,TB_e_mort_exc_tbhiv_num,COUNTRY,BHR,EMR,Eastern Mediterranean,YEAR,2009,,,,,,,,,8 [7-9],8,7,9,,2025-11-11T14:30:16Z,2009,2009-01-01,2009-12-31
8700936,TB_e_mort_exc_tbhiv_num,COUNTRY,IRQ,EMR,Eastern Mediterranean,YEAR,2022,,,,,,,,,760 [660-850],760,660,850,,2025-11-11T14:30:16Z,2022,2022-01-01,2022-12-31
8713180,TB_e_mort_exc_tbhiv_num,COUNTRY,SLV,AMR,Americas,YEAR,2012,,,,,,,,,78 [68-89],78,68,89,,2025-11-11T14:30:16Z,2012,2012-01-01,2012-12-31
8714196,TB_e_mort_exc_tbhiv_num,COUNTRY,NAM,AFR,Africa,YEAR,2009,,,,,,,,,1600 [960-2500],1600,960,2500,,2025-11-11T14:30:16Z,2009,2009-01-01,2009-12-31
8714764,TB_e_mort_exc_tbhiv_num,COUNTRY,DOM,AMR,Americas,YEAR,2013,,,,,,,,,470 [310-650],470,310,650,,2025-11-11T14:30:16Z,2013,2013-01-01,2013-12-31
8725931,TB_e_mort_exc_tbhiv_num,COUNTRY,GAB,AFR,Africa,YEAR,2020,,,,,,,,,1500 [1000-2200],1500,1000,2200,,2025-11-11T14:30:16Z,2020,2020-01-01,2020-12-31
8727214,TB_e_mort_exc_tbhiv_num,COUNTRY,LBY,EMR,Eastern Mediterranean,YEAR,2012,,,,,,,,,360 [130-720],360,130,720,,2025-11-11T14:30:16Z,2012,2012-01-01,2012-12-31
8733801,TB_e_mort_exc_tbhiv_num,COUNTRY,MOZ,AFR,Africa,YEAR,2011,,,,,,,,,7300 [4200-11 000],7300,4200,11000,,2025-11-11T14:30:16Z,2011,2011-01-01,2011-12-31
8738658,TB_e_mort_exc_tbhiv_num,COUNTRY,DJI,EMR,Eastern Mediterranean,YEAR,2012,,,,,,,,,2500 [1500-3700],2500,1500,3700,,2025-11-11T14:30:16Z,2012,2012-01-01,2012-12-31
8740187,TB_e_mort_exc_tbhiv_num,COUNTRY,GRC,EUR,Europe,YEAR,2021,,,,,,,,,34 [33-35],34,33,35,,2025-11-11T14:30:16Z,2021,2021-01-01,2021-12-31
8744959,TB_e_mort_exc_tbhiv_num,COUNTRY,PER,AMR,Americas,YEAR,2008,,,,,,,,,2000 [1700-2300],2000,1700,2300,,2025-11-11T14:30:16Z,2008,2008-01-01,2008-12-31
8758060,TB_e_mort_exc_tbhiv_num,COUNTRY,ZWE,AFR,Africa,YEAR,2013,,,,,,,,,1300 [820-1900],1300,820,1900,,2025-11-11T14:30:16Z,2013,2013-01-01,2013-12-31
8764197,TB_e_mort_exc_tbhiv_num,REGION,WPR,,,YEAR,2015,,,,,,,,,208 000 [198 000-218 000],208000,198000,218000,,2025-11-11T14:30:16Z,2015,2015-01-01,2015-12-31
8764513,TB_e_mort_exc_tbhiv_num,COUNTRY,PHL,WPR,Western Pacific,YEAR,2009,,,,,,,,,32 000 [29 000-36 000],32000,29000,36000,,2025-11-11T14:30:16Z,2009,2009-01-01,2009-12-31
8771229,TB_e_mort_exc_tbhiv_num,COUNTRY,NOR,EUR,Europe,YEAR,2005,,,,,,,,,44 [43-45],44,43,45,,2025-11-11T14:30:16Z,2005,2005-01-01,2005-12-31
8771343,TB_e_mort_exc_tbhiv_num,COUNTRY,AGO,AFR,Africa,YEAR,2003,,,,,,,,,16 000 [11 000-21 000],16000,11000,21000,,2025-11-11T14:30:16Z,2003,2003-01-01,2003-12-31
8782705,TB_e_mort_exc_tbhiv_num,COUNTRY,VEN,AMR,Americas,YEAR,2005,,,,,,,,,680 [680-690],680,680,690,,2025-11-11T14:30:16Z,2005,2005-01-01,2005-12-31
8795746,TB_e_mort_exc_tbhiv_num,COUNTRY,MWI,AFR,Africa,YEAR,2016,,,,,,,,,3300 [1700-5500],3300,1700,5500,,2025-11-11T14:30:16Z,2016,2016-01-01,2016-12-31
8796051,TB_e_mort_exc_tbhiv_num,COUNTRY,MKD,EUR,Europe,YEAR,2008,,,,,,,,,48 [46-50],48,46,50,,2025-11-11T14:30:16Z,2008,2008-01-01,2008-12-31
8801569,TB_e_mort_exc_tbhiv_num,COUNTRY,LAO,WPR,Western Pacific,YEAR,2024,,,,,,,,,640 [310-1100],640,310,1100,,2025-11-11T14:30:16Z,2024,2024-01-01,2024-12-31
8803023,TB_e_mort_exc_tbhiv_num,COUNTRY,ZAF,AFR,Africa,YEAR,2004,,,,,,,,,34 000 [33 000-36 000],34000,33000,36000,,2025-11-11T14:30:16Z,2004,2004-01-01,2004-12-31
8808515,TB_e_mort_exc_tbhiv_num,COUNTRY,NZL,WPR,Western Pacific,YEAR,2016,,,,,,,,,12 [12-12],12,12,12,,2025-11-11T14:30:16Z,2016,2016-01-01,2016-12-31
8839960,TB_e_mort_exc_tbhiv_num,COUNTRY,BLR,EUR,Europe,YEAR,2001,,,,,,,,,940 [870-1000],940,870,1000,,2025-11-11T14:30:16Z,2001,2001-01-01,2001-12-31
8840613,TB_e_mort_exc_tbhiv_num,COUNTRY,MYS,WPR,Western Pacific,YEAR,2014,,,,,,,,,1500 [830-2500],1500,830,2500,,2025-11-11T14:30:16Z,2014,2014-01-01,2014-12-31
8846213,TB_e_mort_exc_tbhiv_num,COUNTRY,YEM,EMR,Eastern Mediterranean,YEAR,2005,,,,,,,,,3700 [2700-4900],3700,2700,4900,,2025-11-11T14:30:16Z,2005,2005-01-01,2005-12-31
8852841,TB_e_mort_exc_tbhiv_num,COUNTRY,SAU,EMR,Eastern Mediterranean,YEAR,2000,,,,,,,,,440 [350-530],440,350,530,,2025-11-11T14:30:16Z,2000,2000-01-01,2000-12-31
8858880,TB_e_mort_exc_tbhiv_num,COUNTRY,COM,AFR,Africa,YEAR,2007,,,,,,,,,67 [27-120],67,27,120,,2025-11-11T14:30:16Z,2007,2007-01-01,2007-12-31
8871471,TB_e_mort_exc_tbhiv_num,COUNTRY,TLS,SEAR,South-East Asia,YEAR,2017,,,,,,,,,670 [480-900],670,480,900,,2025-11-11T14:30:16Z,2017,2017-01-01,2017-12-31
8871819,TB_e_mort_exc_tbhiv_num,COUNTRY,BWA,AFR,Africa,YEAR,2024,,,,,,,,,330 [210-480],330,210,480,,2025-11-11T14:30:16Z,2024,2024-01-01,2024-12-31
8878224,TB_e_mort_exc_tbhiv_num,COUNTRY,UKR,EUR,Europe,YEAR,2017,,,,,,,,,4100 [3900-4300],4100,3900,4300,,2025-11-11T14:30:16Z,2017,2017-01-01,2017-12-31
8878563,TB_e_mort_exc_tbhiv_num,COUNTRY,SVN,EUR,Europe,YEAR,2022,,,,,,,,,11 [11-12],11,11,12,,2025-11-11T14:30:16Z,2022,2022-01-01,2022-12-31
8903107,TB_e_mort_exc_tbhiv_num,COUNTRY,LBY,EMR,Eastern Mediterranean,YEAR,2005,,,,,,,,,760 [400-1200],760,400,1200,,2025-11-11T14:30:16Z,2005,2005-01-01,2005-12-31
8904321,TB_e_mort_exc_tbhiv_num,COUNTRY,SWZ,AFR,Africa,YEAR,2022,,,,,,,,,350 [84-810],350,84,810,,2025-11-11T14:30:16Z,2022,2022-01-01,2022-12-31
8922627,TB_e_mort_exc_tbhiv_num,COUNTRY,LBR,AFR,Africa,YEAR,2023,,,,,,,,,1900 [1300-2600],1900,1300,2600,,2025-11-11T14:30:16Z,2023,2023-01-01,2023-12-31
8928477,TB_e_mort_exc_tbhiv_num,COUNTRY,ETH,AFR,Africa,YEAR,2023,,,,,,,,,25 000 [15 000-36 000],25000,15000,36000,,2025-11-11T14:30:16Z,2023,2023-01-01,2023-12-31
8934481,TB_e_mort_exc_tbhiv_num,COUNTRY,ISR,EUR,Europe,YEAR,2012,,,,,,,,,22 [21-23],22,21,23,,2025-11-11T14:30:16Z,2012,2012-01-01,2012-12-31
8935495,TB_e_mort_exc_tbhiv_num,COUNTRY,LKA,SEAR,South-East Asia,YEAR,2019,,,,,,,,,740 [660-820],740,660,820,,2025-11-11T14:30:16Z,2019,2019-01-01,2019-12-31
8936294,TB_e_mort_exc_tbhiv_num,COUNTRY,CYP,EUR,Europe,YEAR,2002,,,,,,,,,2 [2-2],2,2,2,,2025-11-11T14:30:16Z,2002,2002-01-01,2002-12-31
8947489,TB_e_mort_exc_tbhiv_num,COUNTRY,SEN,AFR,Africa,YEAR,2002,,,,,,,,,4200 [2900-5800],4200,2900,5800,,2025-11-11T14:30:16Z,2002,2002-01-01,2002-12-31
8947830,TB_e_mort_exc_tbhiv_num,COUNTRY,IRN,EMR,Eastern Mediterranean,YEAR,2019,,,,,,,,,880 [850-910],880,850,910,,2025-11-11T14:30:16Z,2019,2019-01-01,2019-12-31
8953936,TB_e_mort_exc_tbhiv_num,COUNTRY,IRQ,EMR,Eastern Mediterranean,YEAR,2008,,,,,,,,,1100 [1000-1300],1100,1000,1300,,2025-11-11T14:30:16Z,2008,2008-01-01,2008-12-31
8960311,TB_e_mort_exc_tbhiv_num,COUNTRY,SVN,EUR,Europe,YEAR,2018,,,,,,,,,6 [6-6],6,6,6,,2025-11-11T14:30:16Z,2018,2018-01-01,2018-12-31
8961892,TB_e_mort_exc_tbhiv_num,COUNTRY,PSE,EMR,Eastern Mediterranean,YEAR,2001,,,,,,,,,33 [23-46],33,23,46,,2025-11-11T14:30:16Z,2001,2001-01-01,2001-12-31
8966421,TB_e_mort_exc_tbhiv_num,COUNTRY,LAO,WPR,Western Pacific,YEAR,2018,,,,,,,,,2200 [1300-3300],2200,1300,3300,,2025-11-11T14:30:16Z,2018,2018-01-01,2018-12-31
8973627,TB_e_mort_exc_tbhiv_num,COUNTRY,JOR,EMR,Eastern Mediterranean,YEAR,2008,,,,,,,,,37 [29-45],37,29,45,,2025-11-11T14:30:16Z,2008,2008-01-01,2008-12-31
8974144,TB_e_mort_exc_tbhiv_num,COUNTRY,STP,AFR,Africa,YEAR,2001,,,,,,,,,90 [59-130],90,59,130,,2025-11-11T14:30:16Z,2001,2001-01-01,2001-12-31
8979120,TB_e_mort_exc_tbhiv_num,COUNTRY,HKG,,,YEAR,2022,,,,,,,,,130 [130-130],130,130,130,,2025-11-11T14:30:16Z,2022,2022-01-01,2022-12-31
9005582,TB_e_mort_exc_tbhiv_num,COUNTRY,SLB,WPR,Western Pacific,YEAR,2020,,,,,,,,,180 [130-250],180,130,250,,2025-11-11T14:30:16Z,2020,2020-01-01,2020-12-31
9011066,TB_e_mort_exc_tbhiv_num,COUNTRY,TJK,EUR,Europe,YEAR,2020,,,,,,,,,750 [670-830],750,670,830,,2025-11-11T14:30:16Z,2020,2020-01-01,2020-12-31
9011825,TB_e_mort_exc_tbhiv_num,COUNTRY,CHN,WPR,Western Pacific,YEAR,2020,,,,,,,,,30 000 [27 000-33 000],30000,27000,33000,,2025-11-11T14:30:16Z,2020,2020-01-01,2020-12-31
9036308,TB_e_mort_exc_tbhiv_num,COUNTRY,JAM,AMR,Americas,YEAR,2023,,,,,,,,,8 [6-9],8,6,9,,2025-11-11T14:30:16Z,2023,2023-01-01,2023-12-31
9043945,TB_e_mort_exc_tbhiv_num,COUNTRY,MWI,AFR,Africa,YEAR,2020,,,,,,,,,3100 [1500-5200],3100,1500,5200,,2025-11-11T14:30:16Z,2020,2020-01-01,2020-12-31
9055389,TB_e_mort_exc_tbhiv_num,COUNTRY,SEN,AFR,Africa,YEAR,2008,,,,,,,,,4500 [3100-6200],4500,3100,6200,,2025-11-11T14:30:16Z,2008,2008-01-01,2008-12-31
9055945,TB_e_mort_exc_tbhiv_num,COUNTRY,PER,AMR,Americas,YEAR,2002,,,,,,,,,2500 [2000-3000],2500,2000,3000,,2025-11-11T14:30:16Z,2002,2002-01-01,2002-12-31
9061705,TB_e_mort_exc_tbhiv_num,COUNTRY,MOZ,AFR,Africa,YEAR,2004,,,,,,,,,6800 [2700-13 000],6800,2700,13000,,2025-11-11T14:30:16Z,2004,2004-01-01,2004-12-31
9062079,TB_e_mort_exc_tbhiv_num,COUNTRY,JPN,WPR,Western Pacific,YEAR,2015,,,,,,,,,3000 [2900-3200],3000,2900,3200,,2025-11-11T14:30:16Z,2015,2015-01-01,2015-12-31
9062903,TB_e_mort_exc_tbhiv_num,COUNTRY,ARE,EMR,Eastern Mediterranean,YEAR,2015,,,,,,,,,58 [34-90],58,34,90,,2025-11-11T14:30:16Z,2015,2015-01-01,2015-12-31
9074437,TB_e_mort_exc_tbhiv_num,REGION,AFR,,,YEAR,2001,,,,,,,,,411 000 [324 000-508 000],411000,324000,508000,,2025-11-11T14:30:16Z,2001,2001-01-01,2001-12-31
9075678,TB_e_mort_exc_tbhiv_num,WORLDBANKINCOMEGROUP,WB_LI,,,YEAR,2016,,,,,,,,,209 000 [147 000-282 000],209000,147000,282000,,2025-11-11T14:30:16Z,2016,2016-01-01,2016-12-31
9087087,TB_e_mort_exc_tbhiv_num,COUNTRY,DOM,AMR,Americas,YEAR,2022,,,,,,,,,140 [84-210],140,84,210,,2025-11-11T14:30:16Z,2022,2022-01-01,2022-12-31
9093650,TB_e_mort_exc_tbhiv_num,COUNTRY,SRB,EUR,Europe,YEAR,2022,,,,,,,,,54 [43-66],54,43,66,,2025-11-11T14:30:16Z,2022,2022-01-01,2022-12-31
9094401,TB_e_mort_exc_tbhiv_num,COUNTRY,NIC,AMR,Americas,YEAR,2024,,,,,,,,,130 [110-150],130,110,150,,2025-11-11T14:30:16Z,2024,2024-01-01,2024-12-31
9094421,TB_e_mort_exc_tbhiv_num,COUNTRY,DNK,EUR,Europe,YEAR,2018,,,,,,,,,10 [9-10],10,9,10,,2025-11-11T14:30:16Z,2018,2018-01-01,2018-12-31
9094736,TB_e_mort_exc_tbhiv_num,COUNTRY,MEX,AMR,Americas,YEAR,2019,,,,,,,,,2300 [2300-2300],2300,2300,2300,,2025-11-11T14:30:16Z,2019,2019-01-01,2019-12-31
9100183,TB_e_mort_exc_tbhiv_num,COUNTRY,MDA,EUR,Europe,YEAR,2010,,,,,,,,,620 [570-680],620,570,680,,2025-11-11T14:30:16Z,2010,2010-01-01,2010-12-31
9101090,TB_e_mort_exc_tbhiv_num,COUNTRY,NZL,WPR,Western Pacific,YEAR,2003,,,,,,,,,27 [27-27],27,27,27,,2025-11-11T14:30:16Z,2003,2003-01-01,2003-12-31
9113963,TB_e_mort_exc_tbhiv_num,COUNTRY,BLZ,AMR,Americas,YEAR,2015,,,,,,,,,7 [7-7],7,7,7,,2025-11-11T14:30:16Z,2015,2015-01-01,2015-12-31
9119985,TB_e_mort_exc_tbhiv_num,COUNTRY,POL,EUR,Europe,YEAR,2012,,,,,,,,,680 [660-700],680,660,700,,2025-11-11T14:30:16Z,2012,2012-01-01,2012-12-31
9131639,TB_e_mort_exc_tbhiv_num,COUNTRY,TJK,EUR,Europe,YEAR,2005,,,,,,,,,940 [870-1000],940,870,1000,,2025-11-11T14:30:16Z,2005,2005-01-01,2005-12-31
9131869,TB_e_mort_exc_tbhiv_num,COUNTRY,NOR,EUR,Europe,YEAR,2024,,,,,,,,,4 [4-4],4,4,4,,2025-11-11T14:30:16Z,2024,2024-01-01,2024-12-31
9132115,TB_e_mort_exc_tbhiv_num,COUNTRY,YEM,EMR,Eastern Mediterranean,YEAR,2000,,,,,,,,,3700 [2600-4900],3700,2600,4900,,2025-11-11T14:30:16Z,2000,2000-01-01,2000-12-31
9137616,TB_e_mort_exc_tbhiv_num,COUNTRY,YEM,EMR,Eastern Mediterranean,YEAR,2012,,,,,,,,,1300 [860-1900],1300,860,1900,,2025-11-11T14:30:16Z,2012,2012-01-01,2012-12-31
9138973,TB_e_mort_exc_tbhiv_num,COUNTRY,MKD,EUR,Europe,YEAR,2023,,,,,,,,,12 [8-17],12,8,17,,2025-11-11T14:30:16Z,2023,2023-01-01,2023-12-31
9157555,TB_e_mort_exc_tbhiv_num,COUNTRY,AUS,WPR,Western Pacific,YEAR,2017,,,,,,,,,50 [49-50],50,49,50,,2025-11-11T14:30:16Z,2017,2017-01-01,2017-12-31
9162804,TB_e_mort_exc_tbhiv_num,COUNTRY,IND,SEAR,South-East Asia,YEAR,2010,,,,,,,,,469 000 [352 000-603 000],469000,352000,603000,,2025-11-11T14:30:16Z,2010,2010-01-01,2010-12-31
9169803,TB_e_mort_exc_tbhiv_num,COUNTRY,PRI,AMR,Americas,YEAR,2008,,,,,,,,,15 [15-15],15,15,15,,2025-11-11T14:30:16Z,2008,2008-01-01,2008-12-31
9175291,TB_e_mort_exc_tbhiv_num,COUNTRY,MEX,AMR,Americas,YEAR,2010,,,,,,,,,2600 [2600-2700],2600,2600,2700,,2025-11-11T14:30:16Z,2010,2010-01-01,2010-12-31
9175342,TB_e_mort_exc_tbhiv_num,COUNTRY,MUS,AFR,Africa,YEAR,2015,,,,,,,,,16 [15-16],16,15,16,,2025-11-11T14:30:16Z,2015,2015-01-01,2015-12-31
9182365,TB_e_mort_exc_tbhiv_num,COUNTRY,UGA,AFR,Africa,YEAR,2020,,,,,,,,,9200 [5200-14 000],9200,5200,14000,,2025-11-11T14:30:16Z,2020,2020-01-01,2020-12-31
9183565,TB_e_mort_exc_tbhiv_num,COUNTRY,ERI,AFR,Africa,YEAR,2001,,,,,,,,,3300 [2100-4700],3300,2100,4700,,2025-11-11T14:30:16Z,2001,2001-01-01,2001-12-31
9201517,TB_e_mort_exc_tbhiv_num,COUNTRY,TUR,EUR,Europe,YEAR,2003,,,,,,,,,950 [630-1300],950,630,1300,,2025-11-11T14:30:16Z,2003,2003-01-01,2003-12-31
9202682,TB_e_mort_exc_tbhiv_num,COUNTRY,TZA,AFR,Africa,YEAR,2017,,,,,,,,,25 000 [11 000-45 000],25000,11000,45000,,2025-11-11T14:30:16Z,2017,2017-01-01,2017-12-31
9207312,TB_e_mort_exc_tbhiv_num,COUNTRY,ARE,EMR,Eastern Mediterranean,YEAR,2014,,,,,,,,,55 [32-85],55,32,85,,2025-11-11T14:30:16Z,2014,2014-01-01,2014-12-31
9226514,TB_e_mort_exc_tbhiv_num,COUNTRY,HUN,EUR,Europe,YEAR,2017,,,,,,,,,64 [64-64],64,64,64,,2025-11-11T14:30:16Z,2017,2017-01-01,2017-12-31
9232741,TB_e_mort_exc_tbhiv_num,COUNTRY,AZE,EUR,Europe,YEAR,2000,,,,,,,,,1700 [1300-2000],1700,1300,2000,,2025-11-11T14:30:16Z,2000,2000-01-01,2000-12-31
9245756,TB_e_mort_exc_tbhiv_num,COUNTRY,MWI,AFR,Africa,YEAR,2000,,,,,,,,,2300 [690-4900],2300,690,4900,,2025-11-11T14:30:16Z,2000,2000-01-01,2000-12-31
9258603,TB_e_mort_exc_tbhiv_num,COUNTRY,BOL,AMR,Americas,YEAR,2022,,,,,,,,,1200 [870-1700],1200,870,1700,,2025-11-11T14:30:16Z,2022,2022-01-01,2022-12-31
9259502,TB_e_mort_exc_tbhiv_num,COUNTRY,SYR,EMR,Eastern Mediterranean,YEAR,2006,,,,,,,,,65 [54-78],65,54,78,,2025-11-11T14:30:16Z,2006,2006-01-01,2006-12-31
9271684,TB_e_mort_exc_tbhiv_num,REGION,SEAR,,,YEAR,2001,,,,,,,,,1 040 000 [836 000-1 260 000],1040000,836000,1260000,,2025-11-11T14:30:16Z,2001,2001-01-01,2001-12-31
9278512,TB_e_mort_exc_tbhiv_num,COUNTRY,SVK,EUR,Europe,YEAR,2012,,,,,,,,,18 [17-18],18,17,18,,2025-11-11T14:30:16Z,2012,2012-01-01,2012-12-31
9278716,TB_e_mort_exc_tbhiv_num,COUNTRY,KIR,WPR,Western Pacific,YEAR,2002,,,,,,,,,41 [37-46],41,37,46,,2025-11-11T14:30:16Z,2002,2002-01-01,2002-12-31
9284375,TB_e_mort_exc_tbhiv_num,WORLDBANKINCOMEGROUP,WB_LI,,,YEAR,2023,,,,,,,,,173 000 [130 000-222 000],173000,130000,222000,,2025-11-11T14:30:16Z,2023,2023-01-01,2023-12-31
9316494,TB_e_mort_exc_tbhiv_num,COUNTRY,BRA,AMR,Americas,YEAR,2012,,,,,,,,,5100 [4900-5300],5100,4900,5300,,2025-11-11T14:30:16Z,2012,2012-01-01,2012-12-31
9328238,TB_e_mort_exc_tbhiv_num,COUNTRY,SEN,AFR,Africa,YEAR,2012,,,,,,,,,4800 [3300-6500],4800,3300,6500,,2025-11-11T14:30:16Z,2012,2012-01-01,2012-12-31
9334054,TB_e_mort_exc_tbhiv_num,COUNTRY,SOM,EMR,Eastern Mediterranean,YEAR,2021,,,,,,,,,5400 [3700-7400],5400,3700,7400,,2025-11-11T14:30:16Z,2021,2021-01-01,2021-12-31
9346672,TB_e_mort_exc_tbhiv_num,COUNTRY,UKR,EUR,Europe,YEAR,2003,,,,,,,,,11 000 [11 000-11 000],11000,11000,11000,,2025-11-11T14:30:16Z,2003,2003-01-01,2003-12-31
9360137,TB_e_mort_exc_tbhiv_num,WORLDBANKINCOMEGROUP,WB_LI,,,YEAR,2003,,,,,,,,,214 000 [158 000-280 000],214000,158000,280000,,2025-11-11T14:30:16Z,2003,2003-01-01,2003-12-31
9379192,TB_e_mort_exc_tbhiv_num,COUNTRY,SVN,EUR,Europe,YEAR,2006,,,,,,,,,18 [18-18],18,18,18,,2025-11-11T14:30:16Z,2006,2006-01-01,2006-12-31
9379495,TB_e_mort_exc_tbhiv_num,COUNTRY,BDI,AFR,Africa,YEAR,2018,,,,,,,,,2300 [1400-3300],2300,1400,3300,,2025-11-11T14:30:16Z,2018,2018-01-01,2018-12-31
9385562,TB_e_mort_exc_tbhiv_num,COUNTRY,DEU,EUR,Europe,YEAR,2000,,,,,,,,,620 [610-620],620,610,620,,2025-11-11T14:30:16Z,2000,2000-01-01,2000-12-31
9385715,TB_e_mort_exc_tbhiv_num,COUNTRY,SVK,EUR,Europe,YEAR,2023,,,,,,,,,28 [23-34],28,23,34,,2025-11-11T14:30:16Z,2023,2023-01-01,2023-12-31
9391835,TB_e_mort_exc_tbhiv_num,COUNTRY,ITA,EUR,Europe,YEAR,2003,,,,,,,,,510 [500-510],510,500,510,,2025-11-11T14:30:16Z,2003,2003-01-01,2003-12-31
9397823,TB_e_mort_exc_tbhiv_num,COUNTRY,ESP,EUR,Europe,YEAR,2011,,,,,,,,,300 [290-310],300,290,310,,2025-11-11T14:30:16Z,2011,2011-01-01,2011-12-31
9399218,TB_e_mort_exc_tbhiv_num,COUNTRY,IRL,EUR,Europe,YEAR,2005,,,,,,,,,25 [25-25],25,25,25,,2025-11-11T14:30:16Z,2005,2005-01-01,2005-12-31
9410159,TB_e_mort_exc_tbhiv_num,COUNTRY,COM,AFR,Africa,YEAR,2023,,,,,,,,,50 [5-140],50,5,140,,2025-11-11T14:30:16Z,2023,2023-01-01,2023-12-31
9410325,TB_e_mort_exc_tbhiv_num,COUNTRY,ISR,EUR,Europe,YEAR,2017,,,,,,,,,12 [12-13],12,12,13,,2025-11-11T14:30:16Z,2017,2017-01-01,2017-12-31
9424114,TB_e_mort_exc_tbhiv_num,COUNTRY,BHR,EMR,Eastern Mediterranean,YEAR,2024,,,,,,,,,15 [9-22],15,9,22,,2025-11-11T14:30:16Z,2024,2024-01-01,2024-12-31
9424195,TB_e_mort_exc_tbhiv_num,COUNTRY,ECU,AMR,Americas,YEAR,2023,,,,,,,,,540 [460-630],540,460,630,,2025-11-11T14:30:16Z,2023,2023-01-01,2023-12-31
9430301,TB_e_mort_exc_tbhiv_num,COUNTRY,GIN,AFR,Africa,YEAR,2021,,,,,,,,,2400 [1600-3400],2400,1600,3400,,2025-11-11T14:30:16Z,2021,2021-01-01,2021-12-31
9430716,TB_e_mort_exc_tbhiv_num,COUNTRY,COD,AFR,Africa,YEAR,2014,,,,,,,,,92 000 [38 000-168 000],92000,38000,168000,,2025-11-11T14:30:16Z,2014,2014-01-01,2014-12-31
9436506,TB_e_mort_exc_tbhiv_num,COUNTRY,MEX,AMR,Americas,YEAR,2002,,,,,,,,,3500 [3300-3600],3500,3300,3600,,2025-11-11T14:30:16Z,2002,2002-01-01,2002-12-31
9442622,TB_e_mort_exc_tbhiv_num,COUNTRY,VUT,WPR,Western Pacific,YEAR,2023,,,,,,,,,21 [8-41],21,8,41,,2025-11-11T14:30:16Z,2023,2023-01-01,2023-12-31
9456514,TB_e_mort_exc_tbhiv_num,COUNTRY,LTU,EUR,Europe,YEAR,2016,,,,,,,,,180 [180-190],180,180,190,,2025-11-11T14:30:16Z,2016,2016-01-01,2016-12-31
9460892,TB_e_mort_exc_tbhiv_num,COUNTRY,DZA,AFR,Africa,YEAR,2016,,,,,,,,,4100 [2800-5700],4100,2800,5700,,2025-11-11T14:30:16Z,2016,2016-01-01,2016-12-31
9461819,TB_e_mort_exc_tbhiv_num,COUNTRY,SGP,WPR,Western Pacific,YEAR,2000,,,,,,,,,190 [120-280],190,120,280,,2025-11-11T14:30:16Z,2000,2000-01-01,2000-12-31
9473789,TB_e_mort_exc_tbhiv_num,COUNTRY,HUN,EUR,Europe,YEAR,2003,,,,,,,,,300 [300-300],300,300,300,,2025-11-11T14:30:16Z,2003,2003-01-01,2003-12-31
9480428,TB_e_mort_exc_tbhiv_num,COUNTRY,COG,AFR,Africa,YEAR,2003,,,,,,,,,2600 [1700-3600],2600,1700,3600,,2025-11-11T14:30:16Z,2003,2003-01-01,2003-12-31
9499867,TB_e_mort_exc_tbhiv_num,COUNTRY,NIC,AMR,Americas,YEAR,2008,,,,,,,,,140 [130-140],140,130,140,,2025-11-11T14:30:16Z,2008,2008-01-01,2008-12-31
9505128,TB_e_mort_exc_tbhiv_num,COUNTRY,SAU,EMR,Eastern Mediterranean,YEAR,2010,,,,,,,,,320 [270-370],320,270,370,,2025-11-11T14:30:16Z,2010,2010-01-01,2010-12-31
9505655,TB_e_mort_exc_tbhiv_num,COUNTRY,NZL,WPR,Western Pacific,YEAR,2021,,,,,,,,,13 [13-14],13,13,14,,2025-11-11T14:30:16Z,2021,2021-01-01,2021-12-31
9505861,TB_e_mort_exc_tbhiv_num,COUNTRY,ARM,EUR,Europe,YEAR,2018,,,,,,,,,30 [29-30],30,29,30,,2025-11-11T14:30:16Z,2018,2018-01-01,2018-12-31
9506790,TB_e_mort_exc_tbhiv_num,COUNTRY,LVA,EUR,Europe,YEAR,2000,,,,,,,,,460 [290-670],460,290,670,,2025-11-11T14:30:16Z,2000,2000-01-01,2000-12-31
9518046,TB_e_mort_exc_tbhiv_num,COUNTRY,ITA,EUR,Europe,YEAR,2023,,,,,,,,,300 [300-310],300,300,310,,2025-11-11T14:30:16Z,2023,2023-01-01,2023-12-31
9524648,TB_e_mort_exc_tbhiv_num,COUNTRY,TLS,SEAR,South-East Asia,YEAR,2011,,,,,,,,,1200 [870-1600],1200,870,1600,,2025-11-11T14:30:16Z,2011,2011-01-01,2011-12-31
9538214,TB_e_mort_exc_tbhiv_num,COUNTRY,NOR,EUR,Europe,YEAR,2013,,,,,,,,,21 [20-21],21,20,21,,2025-11-11T14:30:16Z,2013,2013-01-01,2013-12-31
9538702,TB_e_mort_exc_tbhiv_num,COUNTRY,BRA,AMR,Americas,YEAR,2002,,,,,,,,,6600 [6000-7300],6600,6000,7300,,2025-11-11T14:30:16Z,2002,2002-01-01,2002-12-31
9549544,TB_e_mort_exc_tbhiv_num,COUNTRY,HTI,AMR,Americas,YEAR,2006,,,,,,,,,1100 [770-1500],1100,770,1500,,2025-11-11T14:30:16Z,2006,2006-01-01,2006-12-31
9550518,TB_e_mort_exc_tbhiv_num,COUNTRY,SUR,AMR,Americas,YEAR,2011,,,,,,,,,14 [13-15],14,13,15,,2025-11-11T14:30:16Z,2011,2011-01-01,2011-12-31
9562952,TB_e_mort_exc_tbhiv_num,COUNTRY,LUX,EUR,Europe,YEAR,2006,,,,,,,,,1 [1-1],1,1,1,,2025-11-11T14:30:16Z,2006,2006-01-01,2006-12-31
9569622,TB_e_mort_exc_tbhiv_num,COUNTRY,COG,AFR,Africa,YEAR,2014,,,,,,,,,2400 [1600-3300],2400,1600,3300,,2025-11-11T14:30:16Z,2014,2014-01-01,2014-12-31
9575757,TB_e_mort_exc_tbhiv_num,COUNTRY,YEM,EMR,Eastern Mediterranean,YEAR,2010,,,,,,,,,1800 [1300-2500],1800,1300,2500,,2025-11-11T14:30:16Z,2010,2010-01-01,2010-12-31
9576069,TB_e_mort_exc_tbhiv_num,COUNTRY,GTM,AMR,Americas,YEAR,2009,,,,,,,,,390 [370-420],390,370,420,,2025-11-11T14:30:16Z,2009,2009-01-01,2009-12-31
9582978,TB_e_mort_exc_tbhiv_num,COUNTRY,MKD,EUR,Europe,YEAR,2014,,,,,,,,,24 [20-27],24,20,27,,2025-11-11T14:30:16Z,2014,2014-01-01,2014-12-31
9588837,TB_e_mort_exc_tbhiv_num,COUNTRY,ISR,EUR,Europe,YEAR,2011,,,,,,,,,22 [21-22],22,21,22,,2025-11-11T14:30:16Z,2011,2011-01-01,2011-12-31
9589289,TB_e_mort_exc_tbhiv_num,COUNTRY,FJI,WPR,Western Pacific,YEAR,2024,,,,,,,,,41 [40-42],41,40,42,,2025-11-11T14:30:16Z,2024,2024-01-01,2024-12-31
9589516,TB_e_mort_exc_tbhiv_num,COUNTRY,GHA,AFR,Africa,YEAR,2016,,,,,,,,,11 000 [4800-19 000],11000,4800,19000,,2025-11-11T14:30:16Z,2016,2016-01-01,2016-12-31
9595878,TB_e_mort_exc_tbhiv_num,COUNTRY,PAN,AMR,Americas,YEAR,2016,,,,,,,,,190 [180-190],190,180,190,,2025-11-11T14:30:16Z,2016,2016-01-01,2016-12-31
9602189,TB_e_mort_exc_tbhiv_num,COUNTRY,AZE,EUR,Europe,YEAR,2021,,,,,,,,,630 [570-690],630,570,690,,2025-11-11T14:30:16Z,2021,2021-01-01,2021-12-31
9607116,TB_e_mort_exc_tbhiv_num,COUNTRY,NGA,AFR,Africa,YEAR,2000,,,,,,,,,83 000 [44 000-133 000],83000,44000,133000,,2025-11-11T14:30:16Z,2000,2000-01-01,2000-12-31
9619825,TB_e_mort_exc_tbhiv_num,COUNTRY,ROU,EUR,Europe,YEAR,2023,,,,,,,,,960 [620-1400],960,620,1400,,2025-11-11T14:30:16Z,2023,2023-01-01,2023-12-31
9619883,TB_e_mort_exc_tbhiv_num,COUNTRY,PAK,EMR,Eastern Mediterranean,YEAR,2019,,,,,,,,,45 000 [36 000-55 000],45000,36000,55000,,2025-11-11T14:30:16Z,2019,2019-01-01,2019-12-31
9626098,TB_e_mort_exc_tbhiv_num,COUNTRY,DOM,AMR,Americas,YEAR,2019,,,,,,,,,190 [55-420],190,55,420,,2025-11-11T14:30:16Z,2019,2019-01-01,2019-12-31
9626680,TB_e_mort_exc_tbhiv_num,COUNTRY,ZWE,AFR,Africa,YEAR,2008,,,,,,,,,3600 [1300-7000],3600,1300,7000,,2025-11-11T14:30:16Z,2008,2008-01-01,2008-12-31
9633806,TB_e_mort_exc_tbhiv_num,COUNTRY,SYR,EMR,Eastern Mediterranean,YEAR,2020,,,,,,,,,28 [25-32],28,25,32,,2025-11-11T14:30:16Z,2020,2020-01-01,2020-12-31
9638748,TB_e_mort_exc_tbhiv_num,COUNTRY,CMR,AFR,Africa,YEAR,2005,,,,,,,,,5800 [3400-8800],5800,3400,8800,,2025-11-11T14:30:16Z,2005,2005-01-01,2005-12-31
9646270,TB_e_mort_exc_tbhiv_num,COUNTRY,UGA,AFR,Africa,YEAR,2004,,,,,,,,,5200 [2500-8900],5200,2500,8900,,2025-11-11T14:30:16Z,2004,2004-01-01,2004-12-31
9651541,TB_e_mort_exc_tbhiv_num,COUNTRY,DNK,EUR,Europe,YEAR,2009,,,,,,,,,29 [27-30],29,27,30,,2025-11-11T14:30:16Z,2009,2009-01-01,2009-12-31
9657484,TB_e_mort_exc_tbhiv_num,COUNTRY,EST,EUR,Europe,YEAR,2004,,,,,,,,,100 [100-100],100,100,100,,2025-11-11T14:30:16Z,2004,2004-01-01,2004-12-31
9657864,TB_e_mort_exc_tbhiv_num,COUNTRY,DJI,EMR,Eastern Mediterranean,YEAR,2014,,,,,,,,,1700 [1200-2300],1700,1200,2300,,2025-11-11T14:30:16Z,2014,2014-01-01,2014-12-31
9658361,TB_e_mort_exc_tbhiv_num,COUNTRY,HTI,AMR,Americas,YEAR,2019,,,,,,,,,990 [660-1400],990,660,1400,,2025-11-11T14:30:16Z,2019,2019-01-01,2019-12-31
9678248,TB_e_mort_exc_tbhiv_num,COUNTRY,BFA,AFR,Africa,YEAR,2014,,,,,,,,,2900 [1300-5200],2900,1300,5200,,2025-11-11T14:30:16Z,2014,2014-01-01,2014-12-31
9682922,TB_e_mort_exc_tbhiv_num,WORLDBANKINCOMEGROUP,WB_HI,,,YEAR,2012,,,,,,,,,33 000 [33 000-34 000],33000,33000,34000,,2025-11-11T14:30:16Z,2012,2012-01-01,2012-12-31
9683108,TB_e_mort_exc_tbhiv_num,COUNTRY,CPV,AFR,Africa,YEAR,2006,,,,,,,,,31 [26-36],31,26,36,,2025-11-11T14:30:16Z,2006,2006-01-01,2006-12-31
9684077,TB_e_mort_exc_tbhiv_num,COUNTRY,TUR,EUR,Europe,YEAR,2023,,,,,,,,,370 [330-400],370,330,400,,2025-11-11T14:30:16Z,2023,2023-01-01,2023-12-31
9689678,TB_e_mort_exc_tbhiv_num,COUNTRY,CHE,EUR,Europe,YEAR,2014,,,,,,,,,12 [12-13],12,12,13,,2025-11-11T14:30:16Z,2014,2014-01-01,2014-12-31
9696864,TB_e_mort_exc_tbhiv_num,COUNTRY,ARM,EUR,Europe,YEAR,2013,,,,,,,,,110 [100-110],110,100,110,,2025-11-11T14:30:16Z,2013,2013-01-01,2013-12-31
9697278,TB_e_mort_exc_tbhiv_num,COUNTRY,JAM,AMR,Americas,YEAR,2012,,,,,,,,,8 [8-8],8,8,8,,2025-11-11T14:30:16Z,2012,2012-01-01,2012-12-31
9701867,TB_e_mort_exc_tbhiv_num,COUNTRY,PAK,EMR,Eastern Mediterranean,YEAR,2004,,,,,,,,,58 000 [51 000-65 000],58000,51000,65000,,2025-11-11T14:30:16Z,2004,2004-01-01,2004-12-31
9702488,TB_e_mort_exc_tbhiv_num,COUNTRY,SLB,WPR,Western Pacific,YEAR,2001,,,,,,,,,390 [270-540],390,270,540,,2025-11-11T14:30:16Z,2001,2001-01-01,2001-12-31
9709338,TB_e_mort_exc_tbhiv_num,COUNTRY,MAC,,,YEAR,2020,,,,,,,,,95 [66-130],95,66,130,,2025-11-11T14:30:16Z,2020,2020-01-01,2020-12-31
9715651,TB_e_mort_exc_tbhiv_num,COUNTRY,SYR,EMR,Eastern Mediterranean,YEAR,2011,,,,,,,,,31 [27-34],31,27,34,,2025-11-11T14:30:16Z,2011,2011-01-01,2011-12-31
9721786,TB_e_mort_exc_tbhiv_num,COUNTRY,CAF,AFR,Africa,YEAR,2013,,,,,,,,,4200 [1600-7900],4200,1600,7900,,2025-11-11T14:30:16Z,2013,2013-01-01,2013-12-31
9722042,TB_e_mort_exc_tbhiv_num,COUNTRY,GIN,AFR,Africa,YEAR,2022,,,,,,,,,2300 [1500-3200],2300,1500,3200,,2025-11-11T14:30:16Z,2022,2022-01-01,2022-12-31
9727103,TB_e_mort_exc_tbhiv_num,COUNTRY,TUR,EUR,Europe,YEAR,2024,,,,,,,,,370 [330-400],370,330,400,,2025-11-11T14:30:16Z,2024,2024-01-01,2024-12-31
9728080,TB_e_mort_exc_tbhiv_num,REGION,EUR,,,YEAR,2002,,,,,,,,,70 000 [68 000-73 000],70000,68000,73000,,2025-11-11T14:30:16Z,2002,2002-01-01,2002-12-31
9746546,TB_e_mort_exc_tbhiv_num,COUNTRY,HKG,,,YEAR,2017,,,,,,,,,190 [190-190],190,190,190,,2025-11-11T14:30:16Z,2017,2017-01-01,2017-12-31
9746685,TB_e_mort_exc_tbhiv_num,COUNTRY,NGA,AFR,Africa,YEAR,2012,,,,,,,,,97 000 [57 000-149 000],97000,57000,149000,,2025-11-11T14:30:16Z,2012,2012-01-01,2012-12-31
9746869,TB_e_mort_exc_tbhiv_num,WORLDBANKINCOMEGROUP,WB_UMI,,,YEAR,2015,,,,,,,,,200 000 [192 000-208 000],200000,192000,208000,,2025-11-11T14:30:16Z,2015,2015-01-01,2015-12-31
9753342,TB_e_mort_exc_tbhiv_num,COUNTRY,MYS,WPR,Western Pacific,YEAR,2017,,,,,,,,,1800 [1100-2700],1800,1100,2700,,2025-11-11T14:30:16Z,2017,2017-01-01,2017-12-31
9759918,TB_e_mort_exc_tbhiv_num,COUNTRY,PAN,AMR,Americas,YEAR,2023,,,,,,,,,180 [180-190],180,180,190,,2025-11-11T14:30:16Z,2023,2023-01-01,2023-12-31
9765136,TB_e_mort_exc_tbhiv_num,COUNTRY,CIV,AFR,Africa,YEAR,2024,,,,,,,,,4200 [2500-6400],4200,2500,6400,,2025-11-11T14:30:16Z,2024,2024-01-01,2024-12-31
9766242,TB_e_mort_exc_tbhiv_num,COUNTRY,LBY,EMR,Eastern Mediterranean,YEAR,2003,,,,,,,,,780 [400-1300],780,400,1300,,2025-11-11T14:30:16Z,2003,2003-01-01,2003-12-31
9766838,TB_e_mort_exc_tbhiv_num,COUNTRY,MOZ,AFR,Africa,YEAR,2008,,,,,,,,,7000 [4000-11 000],7000,4000,11000,,2025-11-11T14:30:16Z,2008,2008-01-01,2008-12-31
9785329,TB_e_mort_exc_tbhiv_num,COUNTRY,KWT,EMR,Eastern Mediterranean,YEAR,2014,,,,,,,,,5 [5-6],5,5,6,,2025-11-11T14:30:16Z,2014,2014-01-01,2014-12-31
9809914,TB_e_mort_exc_tbhiv_num,COUNTRY,MYS,WPR,Western Pacific,YEAR,2002,,,,,,,,,1500 [860-2400],1500,860,2400,,2025-11-11T14:30:16Z,2002,2002-01-01,2002-12-31
9816991,TB_e_mort_exc_tbhiv_num,COUNTRY,MAC,,,YEAR,2021,,,,,,,,,87 [60-120],87,60,120,,2025-11-11T14:30:16Z,2021,2021-01-01,2021-12-31
9817686,TB_e_mort_exc_tbhiv_num,COUNTRY,VNM,WPR,Western Pacific,YEAR,2003,,,,,,,,,27 000 [16 000-40 000],27000,16000,40000,,2025-11-11T14:30:16Z,2003,2003-01-01,2003-12-31
9822341,TB_e_mort_exc_tbhiv_num,COUNTRY,ZMB,AFR,Africa,YEAR,2012,,,,,,,,,4800 [2900-7200],4800,2900,7200,,2025-11-11T14:30:16Z,2012,2012-01-01,2012-12-31
9840590,TB_e_mort_exc_tbhiv_num,COUNTRY,FIN,EUR,Europe,YEAR,2013,,,,,,,,,31 [31-31],31,31,31,,2025-11-11T14:30:16Z,2013,2013-01-01,2013-12-31
9840606,TB_e_mort_exc_tbhiv_num,COUNTRY,KWT,EMR,Eastern Mediterranean,YEAR,2021,,,,,,,,,16 [15-17],16,15,17,,2025-11-11T14:30:16Z,2021,2021-01-01,2021-12-31
9841933,TB_e_mort_exc_tbhiv_num,COUNTRY,BOL,AMR,Americas,YEAR,2012,,,,,,,,,1400 [1100-1800],1400,1100,1800,,2025-11-11T14:30:16Z,2012,2012-01-01,2012-12-31
9847550,TB_e_mort_exc_tbhiv_num,COUNTRY,FJI,WPR,Western Pacific,YEAR,2017,,,,,,,,,38 [38-39],38,38,39,,2025-11-11T14:30:16Z,2017,2017-01-01,2017-12-31
9867822,TB_e_mort_exc_tbhiv_num,COUNTRY,MAR,EMR,Eastern Mediterranean,YEAR,2011,,,,,,,,,2400 [1400-3600],2400,1400,3600,,2025-11-11T14:30:16Z,2011,2011-01-01,2011-12-31
9874219,TB_e_mort_exc_tbhiv_num,COUNTRY,STP,AFR,Africa,YEAR,2017,,,,,,,,,45 [31-62],45,31,62,,2025-11-11T14:30:16Z,2017,2017-01-01,2017-12-31
9885812,TB_e_mort_exc_tbhiv_num,COUNTRY,UZB,EUR,Europe,YEAR,2020,,,,,,,,,900 [860-950],900,860,950,,2025-11-11T14:30:16Z,2020,2020-01-01,2020-12-31
9891872,TB_e_mort_exc_tbhiv_num,COUNTRY,BHR,EMR,Eastern Mediterranean,YEAR,2019,,,,,,,,,8 [7-8],8,7,8,,2025-11-11T14:30:16Z,2019,2019-01-01,2019-12-31
9898391,TB_e_mort_exc_tbhiv_num,COUNTRY,RWA,AFR,Africa,YEAR,2021,,,,,,,,,970 [640-1400],970,640,1400,,2025-11-11T14:30:16Z,2021,2021-01-01,2021-12-31
9905328,TB_e_mort_exc_tbhiv_num,COUNTRY,BEN,AFR,Africa,YEAR,2016,,,,,,,,,1200 [610-2000],1200,610,2000,,2025-11-11T14:30:16Z,2016,2016-01-01,2016-12-31
9910838,TB_e_mort_exc_tbhiv_num,COUNTRY,THA,SEAR,South-East Asia,YEAR,2014,,,,,,,,,10 000 [7100-13 000],10000,7100,13000,,2025-11-11T14:30:16Z,2014,2014-01-01,2014-12-31
9911009,TB_e_mort_exc_tbhiv_num,COUNTRY,BWA,AFR,Africa,YEAR,2010,,,,,,,,,850 [500-1300],850,500,1300,,2025-11-11T14:30:16Z,2010,2010-01-01,2010-12-31
9929841,TB_e_mort_exc_tbhiv_num,COUNTRY,AGO,AFR,Africa,YEAR,2011,,,,,,,,,26 000 [18 000-35 000],26000,18000,35000,,2025-11-11T14:30:16Z,2011,2011-01-01,2011-12-31
9935977,TB_e_mort_exc_tbhiv_num,COUNTRY,LKA,SEAR,South-East Asia,YEAR,2000,,,,,,,,,1500 [1100-2000],1500,1100,2000,,2025-11-11T14:30:16Z,2000,2000-01-01,2000-12-31
9937117,TB_e_mort_exc_tbhiv_num,COUNTRY,MAC,,,YEAR,2004,,,,,,,,,180 [130-250],180,130,250,,2025-11-11T14:30:16Z,2004,2004-01-01,2004-12-31
9969168,TB_e_mort_exc_tbhiv_num,COUNTRY,IRN,EMR,Eastern Mediterranean,YEAR,2010,,,,,,,,,690 [600-780],690,600,780,,2025-11-11T14:30:16Z,2010,2010-01-01,2010-12-31
9969187,TB_e_mort_exc_tbhiv_num,COUNTRY,FIN,EUR,Europe,YEAR,2022,,,,,,,,,17 [17-17],17,17,17,,2025-11-11T14:30:16Z,2022,2022-01-01,2022-12-31
9974125,TB_e_mort_exc_tbhiv_num,COUNTRY,TTO,AMR,Americas,YEAR,2020,,,,,,,,,22 [21-22],22,21,22,,2025-11-11T14:30:16Z,2020,2020-01-01,2020-12-31
9975315,TB_e_mort_exc_tbhiv_num,COUNTRY,GEO,EUR,Europe,YEAR,2017,,,,,,,,,160 [140-170],160,140,170,,2025-11-11T14:30:16Z,2017,2017-01-01,2017-12-31
9980485,TB_e_mort_exc_tbhiv_num,COUNTRY,ALB,EUR,Europe,YEAR,2007,,,,,,,,,16 [10-22],16,10,22,,2025-11-11T14:30:16Z,2007,2007-01-01,2007-12-31
9981264,TB_e_mort_exc_tbhiv_num,COUNTRY,DNK,EUR,Europe,YEAR,2012,,,,,,,,,23 [22-24],23,22,24,,2025-11-11T14:30:16Z,2012,2012-01-01,2012-12-31
9987868,TB_e_mort_exc_tbhiv_num,REGION,SEAR,,,YEAR,2016,,,,,,,,,488 000 [393 000-594 000],488000,393000,594000,,2025-11-11T14:30:16Z,2016,2016-01-01,2016-12-31
9999355,TB_e_mort_exc_tbhiv_num,COUNTRY,DOM,AMR,Americas,YEAR,2003,,,,,,,,,930 [460-1600],930,460,1600,,2025-11-11T14:30:16Z,2003,2003-01-01,2003-12-31
10006010,TB_e_mort_exc_tbhiv_num,COUNTRY,GNQ,AFR,Africa,YEAR,2020,,,,,,,,,590 [240-1100],590,240,1100,,2025-11-11T14:30:16Z,2020,2020-01-01,2020-12-31
10006871,TB_e_mort_exc_tbhiv_num,COUNTRY,ECU,AMR,Americas,YEAR,2000,,,,,,,,,1500 [1300-1800],1500,1300,1800,,2025-11-11T14:30:16Z,2000,2000-01-01,2000-12-31
10018734,TB_e_mort_exc_tbhiv_num,COUNTRY,URY,AMR,Americas,YEAR,2020,,,,,,,,,81 [75-87],81,75,87,,2025-11-11T14:30:16Z,2020,2020-01-01,2020-12-31
10019486,TB_e_mort_exc_tbhiv_num,COUNTRY,UGA,AFR,Africa,YEAR,2006,,,,,,,,,5500 [2400-9700],5500,2400,9700,,2025-11-11T14:30:16Z,2006,2006-01-01,2006-12-31
10019553,TB_e_mort_exc_tbhiv_num,COUNTRY,JPN,WPR,Western Pacific,YEAR,2003,,,,,,,,,4400 [4300-4400],4400,4300,4400,,2025-11-11T14:30:16Z,2003,2003-01-01,2003-12-31
10025417,TB_e_mort_exc_tbhiv_num,REGION,EMR,,,YEAR,2004,,,,,,,,,110 000 [99 000-122 000],110000,99000,122000,,2025-11-11T14:30:16Z,2004,2004-01-01,2004-12-31
10056142,TB_e_mort_exc_tbhiv_num,REGION,AFR,,,YEAR,2024,,,,,,,,,315 000 [264 000-370 000],315000,264000,370000,,2025-11-11T14:30:16Z,2024,2024-01-01,2024-12-31
10062233,TB_e_mort_exc_tbhiv_num,COUNTRY,ESP,EUR,Europe,YEAR,2007,,,,,,,,,420 [420-430],420,420,430,,2025-11-11T14:30:16Z,2007,2007-01-01,2007-12-31
10068531,TB_e_mort_exc_tbhiv_num,COUNTRY,HRV,EUR,Europe,YEAR,2000,,,,,,,,,180 [170-180],180,170,180,,2025-11-11T14:30:16Z,2000,2000-01-01,2000-12-31
10068568,TB_e_mort_exc_tbhiv_num,COUNTRY,BDI,AFR,Africa,YEAR,2019,,,,,,,,,2400 [1500-3500],2400,1500,3500,,2025-11-11T14:30:16Z,2019,2019-01-01,2019-12-31
10070053,TB_e_mort_exc_tbhiv_num,COUNTRY,BRA,AMR,Americas,YEAR,2010,,,,,,,,,5400 [5200-5700],5400,5200,5700,,2025-11-11T14:30:16Z,2010,2010-01-01,2010-12-31
10081289,TB_e_mort_exc_tbhiv_num,COUNTRY,ITA,EUR,Europe,YEAR,2001,,,,,,,,,450 [440-460],450,440,460,,2025-11-11T14:30:16Z,2001,2001-01-01,2001-12-31
10081808,TB_e_mort_exc_tbhiv_num,COUNTRY,AUS,WPR,Western Pacific,YEAR,2001,,,,,,,,,84 [84-85],84,84,85,,2025-11-11T14:30:16Z,2001,2001-01-01,2001-12-31
10083119,TB_e_mort_exc_tbhiv_num,COUNTRY,SLE,AFR,Africa,YEAR,2019,,,,,,,,,5700 [2500-10 000],5700,2500,10000,,2025-11-11T14:30:16Z,2019,2019-01-01,2019-12-31
10087673,TB_e_mort_exc_tbhiv_num,COUNTRY,MOZ,AFR,Africa,YEAR,2016,,,,,,,,,7900 [4600-12 000],7900,4600,12000,,2025-11-11T14:30:16Z,2016,2016-01-01,2016-12-31
10087864,TB_e_mort_exc_tbhiv_num,COUNTRY,ROU,EUR,Europe,YEAR,2018,,,,,,,,,920 [910-920],920,910,920,,2025-11-11T14:30:16Z,2018,2018-01-01,2018-12-31
10088283,TB_e_mort_exc_tbhiv_num,COUNTRY,LVA,EUR,Europe,YEAR,2007,,,,,,,,,160 [150-160],160,150,160,,2025-11-11T14:30:16Z,2007,2007-01-01,2007-12-31
10095317,TB_e_mort_exc_tbhiv_num,COUNTRY,NLD,EUR,Europe,YEAR,2006,,,,,,,,,79 [78-81],79,78,81,,2025-11-11T14:30:16Z,2006,2006-01-01,2006-12-31
10107785,TB_e_mort_exc_tbhiv_num,COUNTRY,MRT,AFR,Africa,YEAR,2013,,,,,,,,,940 [610-1300],940,610,1300,,2025-11-11T14:30:16Z,2013,2013-01-01,2013-12-31
10114881,TB_e_mort_exc_tbhiv_num,COUNTRY,FRA,EUR,Europe,YEAR,2004,,,,,,,,,870 [840-900],870,840,900,,2025-11-11T14:30:16Z,2004,2004-01-01,2004-12-31
10114922,TB_e_mort_exc_tbhiv_num,COUNTRY,GUY,AMR,Americas,YEAR,2005,,,,,,,,,110 [99-110],110,99,110,,2025-11-11T14:30:16Z,2005,2005-01-01,2005-12-31
10115115,TB_e_mort_exc_tbhiv_num,COUNTRY,AUT,EUR,Europe,YEAR,2009,,,,,,,,,48 [48-49],48,48,49,,2025-11-11T14:30:16Z,2009,2009-01-01,2009-12-31
10138732,TB_e_mort_exc_tbhiv_num,COUNTRY,GAB,AFR,Africa,YEAR,2007,,,,,,,,,800 [570-1100],800,570,1100,,2025-11-11T14:30:16Z,2007,2007-01-01,2007-12-31
10138810,TB_e_mort_exc_tbhiv_num,COUNTRY,ESP,EUR,Europe,YEAR,2021,,,,,,,,,180 [180-180],180,180,180,,2025-11-11T14:30:16Z,2021,2021-01-01,2021-12-31
10140408,TB_e_mort_exc_tbhiv_num,COUNTRY,IDN,WPR,Western Pacific,YEAR,2008,,,,,,,,,119 000 [109 000-128 000],119000,109000,128000,,2025-11-11T14:30:16Z,2008,2008-01-01,2008-12-31
10183751,TB_e_mort_exc_tbhiv_num,COUNTRY,LBR,AFR,Africa,YEAR,2001,,,,,,,,,820 [480-1300],820,480,1300,,2025-11-11T14:30:16Z,2001,2001-01-01,2001-12-31
10190790,TB_e_mort_exc_tbhiv_num,COUNTRY,DEU,EUR,Europe,YEAR,2013,,,,,,,,,380 [370-380],380,370,380,,2025-11-11T14:30:16Z,2013,2013-01-01,2013-12-31
10196300,TB_e_mort_exc_tbhiv_num,COUNTRY,LUX,EUR,Europe,YEAR,2012,,,,,,,,,1 [1-1],1,1,1,,2025-11-11T14:30:16Z,2012,2012-01-01,2012-12-31
10196729,TB_e_mort_exc_tbhiv_num,COUNTRY,ETH,AFR,Africa,YEAR,2022,,,,,,,,,22 000 [13 000-32 000],22000,13000,32000,,2025-11-11T14:30:16Z,2022,2022-01-01,2022-12-31
10201924,TB_e_mort_exc_tbhiv_num,COUNTRY,CYP,EUR,Europe,YEAR,2016,,,,,,,,,3 [2-3],3,2,3,,2025-11-11T14:30:16Z,2016,2016-01-01,2016-12-31
