Id,IndicatorCode,SpatialDimension,SpatialDimensionValueCode,ParentLocationCode,ParentLocation,TimeDimension,TimeDim,DisaggregatingDimension1,DisaggregatingDimension1ValueCode,DisaggregatingDimension2,DisaggregatingDimension2ValueCode,DisaggregatingDimension3,DisaggregatingDimension3ValueCode,DataSourceDimension,DataSourceDimensionValueCode,Value,NumericValue,Low,High,Comments,Date,TimeDimensionValue,TimeDimensionBegin,TimeDimensionEnd
7379,MDG_0000000017,COUNTRY,PNG,WPR,Western Pacific,YEAR,2022,,,,,,,,,126 [93-165],126,93,165,,2025-11-11T14:11:28Z,2022,2022-01-01,2022-12-31
11968,MDG_0000000017,COUNTRY,NPL,SEAR,South-East Asia,YEAR,2024,,,,,,,,,53 [28-87],53,28,87,,2025-11-11T14:11:28Z,2024,2024-01-01,2024-12-31
13943,MDG_0000000017,COUNTRY,GNB,AFR,Africa,YEAR,2009,,,,,,,,,36 [21-54],36,21,54,,2025-11-11T14:11:28Z,2009,2009-01-01,2009-12-31
17224,MDG_0000000017,COUNTRY,IRN,EMR,Eastern Mediterranean,YEAR,2001,,,,,,,,,0.89 [0.77-1],0.89,0.77,1,,2025-11-11T14:11:28Z,2001,2001-01-01,2001-12-31
17836,MDG_0000000017,COUNTRY,ALB,EUR,Europe,YEAR,2009,,,,,,,,,0.17 [0.12-0.22],0.17,0.12,0.22,,2025-11-11T14:11:28Z,2009,2009-01-01,2009-12-31
24811,MDG_0000000017,COUNTRY,CAF,AFR,Africa,YEAR,2000,,,,,,,,,91 [28-190],91,28,190,,2025-11-11T14:11:28Z,2000,2000-01-01,2000-12-31
26184,MDG_0000000017,COUNTRY,KOR,WPR,Western Pacific,YEAR,2016,,,,,,,,,5 [4.8-5.3],5,4.8,5.3,,2025-11-11T14:11:28Z,2016,2016-01-01,2016-12-31
30007,MDG_0000000017,COUNTRY,SEN,AFR,Africa,YEAR,2019,,,,,,,,,27 [18-38],27,18,38,,2025-11-11T14:11:28Z,2019,2019-01-01,2019-12-31
39078,MDG_0000000017,COUNTRY,TJK,EUR,Europe,YEAR,2005,,,,,,,,,14 [13-15],14,13,15,,2025-11-11T14:11:28Z,2005,2005-01-01,2005-12-31
42882,MDG_0000000017,COUNTRY,IRL,EUR,Europe,YEAR,2011,,,,,,,,,0.64 [0.64-0.64],0.64,0.64,0.64,,2025-11-11T14:11:28Z,2011,2011-01-01,2011-12-31
50062,MDG_0000000017,COUNTRY,COG,AFR,Africa,YEAR,2000,,,,,,,,,54 [34-79],54,34,79,,2025-11-11T14:11:28Z,2000,2000-01-01,2000-12-31
56838,MDG_0000000017,COUNTRY,MEX,AMR,Americas,YEAR,2006,,,,,,,,,2.5 [2.4-2.5],2.5,2.4,2.5,,2025-11-11T14:11:28Z,2006,2006-01-01,2006-12-31
63095,MDG_0000000017,COUNTRY,CAN,AMR,Americas,YEAR,2023,,,,,,,,,0.21 [0.2-0.22],0.21,0.2,0.22,,2025-11-11T14:11:28Z,2023,2023-01-01,2023-12-31
68548,MDG_0000000017,COUNTRY,TUN,EMR,Eastern Mediterranean,YEAR,2011,,,,,,,,,1.5 [1.2-1.9],1.5,1.2,1.9,,2025-11-11T14:11:28Z,2011,2011-01-01,2011-12-31
69695,MDG_0000000017,COUNTRY,MUS,AFR,Africa,YEAR,2023,,,,,,,,,1.2 [1.2-1.3],1.2,1.2,1.3,,2025-11-11T14:11:28Z,2023,2023-01-01,2023-12-31
75161,MDG_0000000017,WORLDBANKINCOMEGROUP,WB_LI,,,YEAR,2003,,,,,,,,,61 [45-80],61,45,80,,2025-11-11T14:11:28Z,2003,2003-01-01,2003-12-31
89392,MDG_0000000017,COUNTRY,SVK,EUR,Europe,YEAR,2020,,,,,,,,,0.39 [0.39-0.4],0.39,0.39,0.4,,2025-11-11T14:11:28Z,2020,2020-01-01,2020-12-31
89417,MDG_0000000017,COUNTRY,VNM,WPR,Western Pacific,YEAR,2024,,,,,,,,,10 [6.5-15],10,6.5,15,,2025-11-11T14:11:28Z,2024,2024-01-01,2024-12-31
93387,MDG_0000000017,COUNTRY,EGY,EMR,Eastern Mediterranean,YEAR,2002,,,,,,,,,1.4 [1.2-1.7],1.4,1.2,1.7,,2025-11-11T14:11:28Z,2002,2002-01-01,2002-12-31
95792,MDG_0000000017,WORLDBANKINCOMEGROUP,WB_HI,,,YEAR,2001,,,,,,,,,4.2 [4.1-4.3],4.2,4.1,4.3,,2025-11-11T14:11:28Z,2001,2001-01-01,2001-12-31
96354,MDG_0000000017,COUNTRY,SVN,EUR,Europe,YEAR,2000,,,,,,,,,1.1 [1.1-1.1],1.1,1.1,1.1,,2025-11-11T14:11:28Z,2000,2000-01-01,2000-12-31
101272,MDG_0000000017,COUNTRY,TJK,EUR,Europe,YEAR,2017,,,,,,,,,8.5 [7.6-9.4],8.5,7.6,9.4,,2025-11-11T14:11:28Z,2017,2017-01-01,2017-12-31
119465,MDG_0000000017,COUNTRY,TZA,AFR,Africa,YEAR,2001,,,,,,,,,71 [27-136],71,27,136,,2025-11-11T14:11:28Z,2001,2001-01-01,2001-12-31
119924,MDG_0000000017,COUNTRY,GTM,AMR,Americas,YEAR,2018,,,,,,,,,1.9 [1.7-2.1],1.9,1.7,2.1,,2025-11-11T14:11:28Z,2018,2018-01-01,2018-12-31
133920,MDG_0000000017,COUNTRY,GRC,EUR,Europe,YEAR,2004,,,,,,,,,0.75 [0.71-0.78],0.75,0.71,0.78,,2025-11-11T14:11:28Z,2004,2004-01-01,2004-12-31
138090,MDG_0000000017,COUNTRY,COG,AFR,Africa,YEAR,2018,,,,,,,,,38 [26-53],38,26,53,,2025-11-11T14:11:28Z,2018,2018-01-01,2018-12-31
138198,MDG_0000000017,COUNTRY,PRT,EUR,Europe,YEAR,2013,,,,,,,,,2.2 [2.1-2.4],2.2,2.1,2.4,,2025-11-11T14:11:28Z,2013,2013-01-01,2013-12-31
138304,MDG_0000000017,COUNTRY,KIR,WPR,Western Pacific,YEAR,2003,,,,,,,,,44 [39-49],44,39,49,,2025-11-11T14:11:28Z,2003,2003-01-01,2003-12-31
145100,MDG_0000000017,COUNTRY,KHM,WPR,Western Pacific,YEAR,2021,,,,,,,,,17 [8-29],17,8,29,,2025-11-11T14:11:28Z,2021,2021-01-01,2021-12-31
145292,MDG_0000000017,COUNTRY,CAN,AMR,Americas,YEAR,2002,,,,,,,,,0.46 [0.46-0.46],0.46,0.46,0.46,,2025-11-11T14:11:28Z,2002,2002-01-01,2002-12-31
150318,MDG_0000000017,COUNTRY,THA,SEAR,South-East Asia,YEAR,2011,,,,,,,,,13 [8.2-19],13,8.2,19,,2025-11-11T14:11:28Z,2011,2011-01-01,2011-12-31
150575,MDG_0000000017,COUNTRY,MRT,AFR,Africa,YEAR,2009,,,,,,,,,32 [22-44],32,22,44,,2025-11-11T14:11:28Z,2009,2009-01-01,2009-12-31
152473,MDG_0000000017,COUNTRY,TCD,AFR,Africa,YEAR,2007,,,,,,,,,31 [20-45],31,20,45,,2025-11-11T14:11:28Z,2007,2007-01-01,2007-12-31
152610,MDG_0000000017,COUNTRY,AZE,EUR,Europe,YEAR,2003,,,,,,,,,14 [13-16],14,13,16,,2025-11-11T14:11:28Z,2003,2003-01-01,2003-12-31
152905,MDG_0000000017,COUNTRY,CYP,EUR,Europe,YEAR,2008,,,,,,,,,0.22 [0.2-0.25],0.22,0.2,0.25,,2025-11-11T14:11:28Z,2008,2008-01-01,2008-12-31
159475,MDG_0000000017,COUNTRY,MMR,SEAR,South-East Asia,YEAR,2023,,,,,,,,,66 [42-95],66,42,95,,2025-11-11T14:11:28Z,2023,2023-01-01,2023-12-31
170104,MDG_0000000017,COUNTRY,MUS,AFR,Africa,YEAR,2024,,,,,,,,,1.2 [1.2-1.3],1.2,1.2,1.3,,2025-11-11T14:11:28Z,2024,2024-01-01,2024-12-31
171443,MDG_0000000017,COUNTRY,VUT,WPR,Western Pacific,YEAR,2000,,,,,,,,,146 [116-180],146,116,180,,2025-11-11T14:11:28Z,2000,2000-01-01,2000-12-31
177167,MDG_0000000017,COUNTRY,USA,AMR,Americas,YEAR,2003,,,,,,,,,0.28 [0.27-0.28],0.28,0.27,0.28,,2025-11-11T14:11:28Z,2003,2003-01-01,2003-12-31
178109,MDG_0000000017,COUNTRY,SLE,AFR,Africa,YEAR,2013,,,,,,,,,112 [48-202],112,48,202,,2025-11-11T14:11:28Z,2013,2013-01-01,2013-12-31
182083,MDG_0000000017,COUNTRY,CUB,AMR,Americas,YEAR,2022,,,,,,,,,0.33 [0.3-0.37],0.33,0.3,0.37,,2025-11-11T14:11:28Z,2022,2022-01-01,2022-12-31
184243,MDG_0000000017,WORLDBANKINCOMEGROUP,WB_UMI,,,YEAR,2017,,,,,,,,,7.1 [6.8-7.4],7.1,6.8,7.4,,2025-11-11T14:11:28Z,2017,2017-01-01,2017-12-31
200953,MDG_0000000017,COUNTRY,AUT,EUR,Europe,YEAR,2003,,,,,,,,,0.56 [0.56-0.56],0.56,0.56,0.56,,2025-11-11T14:11:28Z,2003,2003-01-01,2003-12-31
207755,MDG_0000000017,COUNTRY,MRT,AFR,Africa,YEAR,2004,,,,,,,,,38 [26-51],38,26,51,,2025-11-11T14:11:28Z,2004,2004-01-01,2004-12-31
208158,MDG_0000000017,COUNTRY,MLI,AFR,Africa,YEAR,2021,,,,,,,,,9.5 [4.2-17],9.5,4.2,17,,2025-11-11T14:11:28Z,2021,2021-01-01,2021-12-31
208531,MDG_0000000017,COUNTRY,CIV,AFR,Africa,YEAR,2003,,,,,,,,,25 [13-39],25,13,39,,2025-11-11T14:11:28Z,2003,2003-01-01,2003-12-31
209634,MDG_0000000017,COUNTRY,TUR,EUR,Europe,YEAR,2015,,,,,,,,,0.69 [0.68-0.7],0.69,0.68,0.7,,2025-11-11T14:11:28Z,2015,2015-01-01,2015-12-31
209684,MDG_0000000017,COUNTRY,SUR,AMR,Americas,YEAR,2020,,,,,,,,,2.3 [2-2.5],2.3,2,2.5,,2025-11-11T14:11:28Z,2020,2020-01-01,2020-12-31
214556,MDG_0000000017,COUNTRY,KGZ,EUR,Europe,YEAR,2009,,,,,,,,,11 [11-11],11,11,11,,2025-11-11T14:11:28Z,2009,2009-01-01,2009-12-31
220196,MDG_0000000017,COUNTRY,MKD,EUR,Europe,YEAR,2016,,,,,,,,,1.4 [1.3-1.4],1.4,1.3,1.4,,2025-11-11T14:11:28Z,2016,2016-01-01,2016-12-31
221069,MDG_0000000017,COUNTRY,MDA,EUR,Europe,YEAR,2024,,,,,,,,,6.3 [5.2-7.5],6.3,5.2,7.5,,2025-11-11T14:11:28Z,2024,2024-01-01,2024-12-31
241798,MDG_0000000017,COUNTRY,COL,AMR,Americas,YEAR,2002,,,,,,,,,3.5 [3.4-3.6],3.5,3.4,3.6,,2025-11-11T14:11:28Z,2002,2002-01-01,2002-12-31
246652,MDG_0000000017,COUNTRY,SWZ,AFR,Africa,YEAR,2011,,,,,,,,,58 [33-88],58,33,88,,2025-11-11T14:11:28Z,2011,2011-01-01,2011-12-31
247078,MDG_0000000017,COUNTRY,ECU,AMR,Americas,YEAR,2015,,,,,,,,,3.5 [3-4],3.5,3,4,,2025-11-11T14:11:28Z,2015,2015-01-01,2015-12-31
260112,MDG_0000000017,COUNTRY,SLE,AFR,Africa,YEAR,2008,,,,,,,,,132 [56-239],132,56,239,,2025-11-11T14:11:28Z,2008,2008-01-01,2008-12-31
260717,MDG_0000000017,COUNTRY,BIH,EUR,Europe,YEAR,2006,,,,,,,,,5.2 [4.9-5.6],5.2,4.9,5.6,,2025-11-11T14:11:28Z,2006,2006-01-01,2006-12-31
265077,MDG_0000000017,COUNTRY,AUT,EUR,Europe,YEAR,2020,,,,,,,,,0.46 [0.45-0.47],0.46,0.45,0.47,,2025-11-11T14:11:28Z,2020,2020-01-01,2020-12-31
267177,MDG_0000000017,COUNTRY,SRB,EUR,Europe,YEAR,2017,,,,,,,,,1.2 [1.2-1.3],1.2,1.2,1.3,,2025-11-11T14:11:28Z,2017,2017-01-01,2017-12-31
267307,MDG_0000000017,COUNTRY,MHL,WPR,Western Pacific,YEAR,2008,,,,,,,,,122 [85-167],122,85,167,,2025-11-11T14:11:28Z,2008,2008-01-01,2008-12-31
271533,MDG_0000000017,COUNTRY,GNB,AFR,Africa,YEAR,2007,,,,,,,,,38 [22-58],38,22,58,,2025-11-11T14:11:28Z,2007,2007-01-01,2007-12-31
272298,MDG_0000000017,COUNTRY,TLS,SEAR,South-East Asia,YEAR,2022,,,,,,,,,28 [16-44],28,16,44,,2025-11-11T14:11:28Z,2022,2022-01-01,2022-12-31
283976,MDG_0000000017,COUNTRY,UZB,EUR,Europe,YEAR,2022,,,,,,,,,1.5 [1.4-1.5],1.5,1.4,1.5,,2025-11-11T14:11:28Z,2022,2022-01-01,2022-12-31
292422,MDG_0000000017,COUNTRY,HUN,EUR,Europe,YEAR,2014,,,,,,,,,0.88 [0.88-0.88],0.88,0.88,0.88,,2025-11-11T14:11:28Z,2014,2014-01-01,2014-12-31
304097,MDG_0000000017,COUNTRY,BHS,AMR,Americas,YEAR,2005,,,,,,,,,0.99 [0.93-1.1],0.99,0.93,1.1,,2025-11-11T14:11:28Z,2005,2005-01-01,2005-12-31
308912,MDG_0000000017,COUNTRY,ROU,EUR,Europe,YEAR,2006,,,,,,,,,7.8 [7.8-7.9],7.8,7.8,7.9,,2025-11-11T14:11:28Z,2006,2006-01-01,2006-12-31
310331,MDG_0000000017,COUNTRY,PAN,AMR,Americas,YEAR,2012,,,,,,,,,5.2 [5.1-5.3],5.2,5.1,5.3,,2025-11-11T14:11:28Z,2012,2012-01-01,2012-12-31
311001,MDG_0000000017,COUNTRY,BOL,AMR,Americas,YEAR,2015,,,,,,,,,12 [8.8-15],12,8.8,15,,2025-11-11T14:11:28Z,2015,2015-01-01,2015-12-31
316538,MDG_0000000017,COUNTRY,MYS,WPR,Western Pacific,YEAR,2023,,,,,,,,,7.2 [4.5-11],7.2,4.5,11,,2025-11-11T14:11:28Z,2023,2023-01-01,2023-12-31
317790,MDG_0000000017,COUNTRY,TUR,EUR,Europe,YEAR,2009,,,,,,,,,1.4 [1.2-1.5],1.4,1.2,1.5,,2025-11-11T14:11:28Z,2009,2009-01-01,2009-12-31
323234,MDG_0000000017,WORLDBANKINCOMEGROUP,WB_LI,,,YEAR,2005,,,,,,,,,59 [44-76],59,44,76,,2025-11-11T14:11:28Z,2005,2005-01-01,2005-12-31
340932,MDG_0000000017,COUNTRY,COL,AMR,Americas,YEAR,2005,,,,,,,,,2.7 [2.7-2.8],2.7,2.7,2.8,,2025-11-11T14:11:28Z,2005,2005-01-01,2005-12-31
341212,MDG_0000000017,COUNTRY,AZE,EUR,Europe,YEAR,2015,,,,,,,,,5.9 [5.4-6.4],5.9,5.4,6.4,,2025-11-11T14:11:28Z,2015,2015-01-01,2015-12-31
348093,MDG_0000000017,COUNTRY,THA,SEAR,South-East Asia,YEAR,2007,,,,,,,,,14 [8.5-21],14,8.5,21,,2025-11-11T14:11:28Z,2007,2007-01-01,2007-12-31
348100,MDG_0000000017,COUNTRY,COM,AFR,Africa,YEAR,2024,,,,,,,,,3.4 [0.24-11],3.4,0.24,11,,2025-11-11T14:11:28Z,2024,2024-01-01,2024-12-31
355324,MDG_0000000017,COUNTRY,IRQ,EMR,Eastern Mediterranean,YEAR,2023,,,,,,,,,1.6 [1.4-1.8],1.6,1.4,1.8,,2025-11-11T14:11:28Z,2023,2023-01-01,2023-12-31
361138,MDG_0000000017,COUNTRY,LVA,EUR,Europe,YEAR,2022,,,,,,,,,2.8 [2.5-3.1],2.8,2.5,3.1,,2025-11-11T14:11:28Z,2022,2022-01-01,2022-12-31
361299,MDG_0000000017,COUNTRY,TLS,SEAR,South-East Asia,YEAR,2011,,,,,,,,,107 [78-141],107,78,141,,2025-11-11T14:11:28Z,2011,2011-01-01,2011-12-31
365137,MDG_0000000017,COUNTRY,VEN,AMR,Americas,YEAR,2019,,,,,,,,,2.4 [2.4-2.4],2.4,2.4,2.4,,2025-11-11T14:11:28Z,2019,2019-01-01,2019-12-31
366097,MDG_0000000017,COUNTRY,ETH,AFR,Africa,YEAR,2015,,,,,,,,,26 [17-37],26,17,37,,2025-11-11T14:11:28Z,2015,2015-01-01,2015-12-31
374083,MDG_0000000017,COUNTRY,PRY,AMR,Americas,YEAR,2018,,,,,,,,,3.5 [3.4-3.7],3.5,3.4,3.7,,2025-11-11T14:11:28Z,2018,2018-01-01,2018-12-31
378707,MDG_0000000017,COUNTRY,HTI,AMR,Americas,YEAR,2003,,,,,,,,,15 [11-20],15,11,20,,2025-11-11T14:11:28Z,2003,2003-01-01,2003-12-31
386938,MDG_0000000017,COUNTRY,ZMB,AFR,Africa,YEAR,2005,,,,,,,,,32 [13-59],32,13,59,,2025-11-11T14:11:28Z,2005,2005-01-01,2005-12-31
390939,MDG_0000000017,COUNTRY,FJI,WPR,Western Pacific,YEAR,2014,,,,,,,,,4.5 [4-5.2],4.5,4,5.2,,2025-11-11T14:11:28Z,2014,2014-01-01,2014-12-31
392159,MDG_0000000017,COUNTRY,BRN,WPR,Western Pacific,YEAR,2019,,,,,,,,,4.1 [3.9-4.2],4.1,3.9,4.2,,2025-11-11T14:11:28Z,2019,2019-01-01,2019-12-31
405924,MDG_0000000017,COUNTRY,KIR,WPR,Western Pacific,YEAR,2004,,,,,,,,,43 [38-49],43,38,49,,2025-11-11T14:11:28Z,2004,2004-01-01,2004-12-31
409927,MDG_0000000017,COUNTRY,JOR,EMR,Eastern Mediterranean,YEAR,2000,,,,,,,,,0.56 [0.44-0.69],0.56,0.44,0.69,,2025-11-11T14:11:28Z,2000,2000-01-01,2000-12-31
416269,MDG_0000000017,COUNTRY,IND,SEAR,South-East Asia,YEAR,2004,,,,,,,,,55 [41-71],55,41,71,,2025-11-11T14:11:28Z,2004,2004-01-01,2004-12-31
417046,MDG_0000000017,COUNTRY,URY,AMR,Americas,YEAR,2013,,,,,,,,,1.9 [1.9-2.1],1.9,1.9,2.1,,2025-11-11T14:11:28Z,2013,2013-01-01,2013-12-31
418644,MDG_0000000017,COUNTRY,MOZ,AFR,Africa,YEAR,2011,,,,,,,,,31 [18-48],31,18,48,,2025-11-11T14:11:28Z,2011,2011-01-01,2011-12-31
435094,MDG_0000000017,COUNTRY,SWZ,AFR,Africa,YEAR,2000,,,,,,,,,65 [24-126],65,24,126,,2025-11-11T14:11:28Z,2000,2000-01-01,2000-12-31
455694,MDG_0000000017,COUNTRY,VEN,AMR,Americas,YEAR,2024,,,,,,,,,2.5 [1.8-3.2],2.5,1.8,3.2,,2025-11-11T14:11:28Z,2024,2024-01-01,2024-12-31
466977,MDG_0000000017,COUNTRY,GAB,AFR,Africa,YEAR,2012,,,,,,,,,58 [34-88],58,34,88,,2025-11-11T14:11:28Z,2012,2012-01-01,2012-12-31
472346,MDG_0000000017,COUNTRY,RWA,AFR,Africa,YEAR,2003,,,,,,,,,6.7 [3.6-11],6.7,3.6,11,,2025-11-11T14:11:28Z,2003,2003-01-01,2003-12-31
472353,MDG_0000000017,COUNTRY,LSO,AFR,Africa,YEAR,2013,,,,,,,,,58 [33-90],58,33,90,,2025-11-11T14:11:28Z,2013,2013-01-01,2013-12-31
474155,MDG_0000000017,COUNTRY,MDV,SEAR,South-East Asia,YEAR,2024,,,,,,,,,1.6 [1.4-1.8],1.6,1.4,1.8,,2025-11-11T14:11:28Z,2024,2024-01-01,2024-12-31
479415,MDG_0000000017,COUNTRY,NZL,WPR,Western Pacific,YEAR,2005,,,,,,,,,0.5 [0.5-0.51],0.5,0.5,0.51,,2025-11-11T14:11:28Z,2005,2005-01-01,2005-12-31
484903,MDG_0000000017,COUNTRY,BHR,EMR,Eastern Mediterranean,YEAR,2010,,,,,,,,,0.79 [0.7-0.87],0.79,0.7,0.87,,2025-11-11T14:11:28Z,2010,2010-01-01,2010-12-31
486638,MDG_0000000017,COUNTRY,USA,AMR,Americas,YEAR,2015,,,,,,,,,0.16 [0.16-0.16],0.16,0.16,0.16,,2025-11-11T14:11:28Z,2015,2015-01-01,2015-12-31
487211,MDG_0000000017,COUNTRY,FJI,WPR,Western Pacific,YEAR,2001,,,,,,,,,2 [1.6-2.5],2,1.6,2.5,,2025-11-11T14:11:28Z,2001,2001-01-01,2001-12-31
493373,MDG_0000000017,COUNTRY,GNQ,AFR,Africa,YEAR,2017,,,,,,,,,37 [16-68],37,16,68,,2025-11-11T14:11:28Z,2017,2017-01-01,2017-12-31
500557,MDG_0000000017,COUNTRY,ARM,EUR,Europe,YEAR,2024,,,,,,,,,0.93 [0.74-1.1],0.93,0.74,1.1,,2025-11-11T14:11:28Z,2024,2024-01-01,2024-12-31
503832,MDG_0000000017,COUNTRY,SVK,EUR,Europe,YEAR,2019,,,,,,,,,0.27 [0.26-0.27],0.27,0.26,0.27,,2025-11-11T14:11:28Z,2019,2019-01-01,2019-12-31
503883,MDG_0000000017,COUNTRY,TZA,AFR,Africa,YEAR,2018,,,,,,,,,40 [18-70],40,18,70,,2025-11-11T14:11:28Z,2018,2018-01-01,2018-12-31
505658,MDG_0000000017,COUNTRY,RUS,EUR,Europe,YEAR,2020,,,,,,,,,5 [4.8-5.2],5,4.8,5.2,,2025-11-11T14:11:28Z,2020,2020-01-01,2020-12-31
510917,MDG_0000000017,COUNTRY,PAN,AMR,Americas,YEAR,2018,,,,,,,,,4.9 [4.8-5],4.9,4.8,5,,2025-11-11T14:11:28Z,2018,2018-01-01,2018-12-31
519358,MDG_0000000017,COUNTRY,MDA,EUR,Europe,YEAR,2013,,,,,,,,,9.6 [9.5-9.8],9.6,9.5,9.8,,2025-11-11T14:11:28Z,2013,2013-01-01,2013-12-31
524989,MDG_0000000017,COUNTRY,HND,AMR,Americas,YEAR,2009,,,,,,,,,4.6 [3.7-5.5],4.6,3.7,5.5,,2025-11-11T14:11:28Z,2009,2009-01-01,2009-12-31
538534,MDG_0000000017,COUNTRY,TZA,AFR,Africa,YEAR,2019,,,,,,,,,35 [16-61],35,16,61,,2025-11-11T14:11:28Z,2019,2019-01-01,2019-12-31
542784,MDG_0000000017,COUNTRY,COD,AFR,Africa,YEAR,2004,,,,,,,,,137 [56-253],137,56,253,,2025-11-11T14:11:28Z,2004,2004-01-01,2004-12-31
544838,MDG_0000000017,COUNTRY,NER,AFR,Africa,YEAR,2016,,,,,,,,,20 [12-29],20,12,29,,2025-11-11T14:11:28Z,2016,2016-01-01,2016-12-31
548437,MDG_0000000017,COUNTRY,ISR,EUR,Europe,YEAR,2009,,,,,,,,,0.34 [0.33-0.35],0.34,0.33,0.35,,2025-11-11T14:11:28Z,2009,2009-01-01,2009-12-31
550956,MDG_0000000017,COUNTRY,MLI,AFR,Africa,YEAR,2017,,,,,,,,,12 [5.9-19],12,5.9,19,,2025-11-11T14:11:28Z,2017,2017-01-01,2017-12-31
554876,MDG_0000000017,COUNTRY,CIV,AFR,Africa,YEAR,2012,,,,,,,,,31 [22-42],31,22,42,,2025-11-11T14:11:28Z,2012,2012-01-01,2012-12-31
568234,MDG_0000000017,COUNTRY,TUR,EUR,Europe,YEAR,2014,,,,,,,,,0.74 [0.73-0.75],0.74,0.73,0.75,,2025-11-11T14:11:28Z,2014,2014-01-01,2014-12-31
580172,MDG_0000000017,COUNTRY,AUT,EUR,Europe,YEAR,2015,,,,,,,,,0.74 [0.73-0.75],0.74,0.73,0.75,,2025-11-11T14:11:28Z,2015,2015-01-01,2015-12-31
581220,MDG_0000000017,COUNTRY,TUR,EUR,Europe,YEAR,2003,,,,,,,,,1.4 [0.92-2],1.4,0.92,2,,2025-11-11T14:11:28Z,2003,2003-01-01,2003-12-31
582385,MDG_0000000017,COUNTRY,LSO,AFR,Africa,YEAR,2006,,,,,,,,,83 [29-166],83,29,166,,2025-11-11T14:11:28Z,2006,2006-01-01,2006-12-31
586774,MDG_0000000017,COUNTRY,AGO,AFR,Africa,YEAR,2010,,,,,,,,,98 [66-136],98,66,136,,2025-11-11T14:11:28Z,2010,2010-01-01,2010-12-31
587080,MDG_0000000017,COUNTRY,SVN,EUR,Europe,YEAR,2005,,,,,,,,,0.91 [0.9-0.92],0.91,0.9,0.92,,2025-11-11T14:11:28Z,2005,2005-01-01,2005-12-31
594542,MDG_0000000017,COUNTRY,MWI,AFR,Africa,YEAR,2000,,,,,,,,,20 [6.1-43],20,6.1,43,,2025-11-11T14:11:28Z,2000,2000-01-01,2000-12-31
599371,MDG_0000000017,COUNTRY,NIC,AMR,Americas,YEAR,2003,,,,,,,,,4.8 [4.4-5.3],4.8,4.4,5.3,,2025-11-11T14:11:28Z,2003,2003-01-01,2003-12-31
607232,MDG_0000000017,REGION,EUR,,,YEAR,2024,,,,,,,,,1.6 [1.5-1.7],1.6,1.5,1.7,,2025-11-11T14:11:28Z,2024,2024-01-01,2024-12-31
612666,MDG_0000000017,COUNTRY,ECU,AMR,Americas,YEAR,2012,,,,,,,,,3.7 [3.1-4.3],3.7,3.1,4.3,,2025-11-11T14:11:28Z,2012,2012-01-01,2012-12-31
617769,MDG_0000000017,COUNTRY,BFA,AFR,Africa,YEAR,2005,,,,,,,,,20 [8.4-38],20,8.4,38,,2025-11-11T14:11:28Z,2005,2005-01-01,2005-12-31
619026,MDG_0000000017,COUNTRY,POL,EUR,Europe,YEAR,2022,,,,,,,,,1.7 [1.4-1.9],1.7,1.4,1.9,,2025-11-11T14:11:28Z,2022,2022-01-01,2022-12-31
620546,MDG_0000000017,COUNTRY,CPV,AFR,Africa,YEAR,2018,,,,,,,,,4.3 [3.7-4.8],4.3,3.7,4.8,,2025-11-11T14:11:28Z,2018,2018-01-01,2018-12-31
624557,MDG_0000000017,COUNTRY,PRT,EUR,Europe,YEAR,2011,,,,,,,,,2.2 [2.1-2.4],2.2,2.1,2.4,,2025-11-11T14:11:28Z,2011,2011-01-01,2011-12-31
636571,MDG_0000000017,COUNTRY,SUR,AMR,Americas,YEAR,2015,,,,,,,,,2.3 [2-2.5],2.3,2,2.5,,2025-11-11T14:11:28Z,2015,2015-01-01,2015-12-31
639403,MDG_0000000017,COUNTRY,GRC,EUR,Europe,YEAR,2022,,,,,,,,,0.33 [0.32-0.35],0.33,0.32,0.35,,2025-11-11T14:11:28Z,2022,2022-01-01,2022-12-31
639499,MDG_0000000017,COUNTRY,ZWE,AFR,Africa,YEAR,2023,,,,,,,,,20 [7.6-38],20,7.6,38,,2025-11-11T14:11:28Z,2023,2023-01-01,2023-12-31
656900,MDG_0000000017,COUNTRY,SLV,AMR,Americas,YEAR,2002,,,,,,,,,2 [1.7-2.2],2,1.7,2.2,,2025-11-11T14:11:28Z,2002,2002-01-01,2002-12-31
656965,MDG_0000000017,COUNTRY,TUN,EMR,Eastern Mediterranean,YEAR,2005,,,,,,,,,1.6 [1.3-2],1.6,1.3,2,,2025-11-11T14:11:28Z,2005,2005-01-01,2005-12-31
657475,MDG_0000000017,COUNTRY,MNG,WPR,Western Pacific,YEAR,2020,,,,,,,,,10 [8.9-11],10,8.9,11,,2025-11-11T14:11:28Z,2020,2020-01-01,2020-12-31
662521,MDG_0000000017,COUNTRY,ARE,EMR,Eastern Mediterranean,YEAR,2017,,,,,,,,,0.67 [0.39-1],0.67,0.39,1,,2025-11-11T14:11:28Z,2017,2017-01-01,2017-12-31
663981,MDG_0000000017,COUNTRY,LTU,EUR,Europe,YEAR,2020,,,,,,,,,3.9 [3.7-4],3.9,3.7,4,,2025-11-11T14:11:28Z,2020,2020-01-01,2020-12-31
668360,MDG_0000000017,COUNTRY,CUB,AMR,Americas,YEAR,2001,,,,,,,,,0.34 [0.34-0.34],0.34,0.34,0.34,,2025-11-11T14:11:28Z,2001,2001-01-01,2001-12-31
669265,MDG_0000000017,COUNTRY,IRL,EUR,Europe,YEAR,2006,,,,,,,,,0.95 [0.95-0.96],0.95,0.95,0.96,,2025-11-11T14:11:28Z,2006,2006-01-01,2006-12-31
674355,MDG_0000000017,COUNTRY,ZWE,AFR,Africa,YEAR,2004,,,,,,,,,28 [12-52],28,12,52,,2025-11-11T14:11:28Z,2004,2004-01-01,2004-12-31
674838,MDG_0000000017,REGION,AMR,,,YEAR,2007,,,,,,,,,2.2 [2.1-2.3],2.2,2.1,2.3,,2025-11-11T14:11:28Z,2007,2007-01-01,2007-12-31
682987,MDG_0000000017,COUNTRY,MWI,AFR,Africa,YEAR,2003,,,,,,,,,27 [9.3-55],27,9.3,55,,2025-11-11T14:11:28Z,2003,2003-01-01,2003-12-31
683522,MDG_0000000017,COUNTRY,ITA,EUR,Europe,YEAR,2009,,,,,,,,,0.69 [0.68-0.69],0.69,0.68,0.69,,2025-11-11T14:11:28Z,2009,2009-01-01,2009-12-31
694037,MDG_0000000017,COUNTRY,NOR,EUR,Europe,YEAR,2008,,,,,,,,,0.55 [0.54-0.57],0.55,0.54,0.57,,2025-11-11T14:11:28Z,2008,2008-01-01,2008-12-31
694924,MDG_0000000017,COUNTRY,ARM,EUR,Europe,YEAR,2014,,,,,,,,,2.8 [2.7-2.8],2.8,2.7,2.8,,2025-11-11T14:11:28Z,2014,2014-01-01,2014-12-31
695430,MDG_0000000017,REGION,EUR,,,YEAR,2013,,,,,,,,,4.1 [4-4.2],4.1,4,4.2,,2025-11-11T14:11:28Z,2013,2013-01-01,2013-12-31
695483,MDG_0000000017,COUNTRY,EST,EUR,Europe,YEAR,2019,,,,,,,,,1.2 [1.2-1.2],1.2,1.2,1.2,,2025-11-11T14:11:28Z,2019,2019-01-01,2019-12-31
700559,MDG_0000000017,COUNTRY,MLI,AFR,Africa,YEAR,2018,,,,,,,,,11 [5.2-18],11,5.2,18,,2025-11-11T14:11:28Z,2018,2018-01-01,2018-12-31
702337,MDG_0000000017,COUNTRY,PAN,AMR,Americas,YEAR,2007,,,,,,,,,5.3 [5.2-5.4],5.3,5.2,5.4,,2025-11-11T14:11:28Z,2007,2007-01-01,2007-12-31
708769,MDG_0000000017,COUNTRY,IRN,EMR,Eastern Mediterranean,YEAR,2014,,,,,,,,,0.74 [0.65-0.83],0.74,0.65,0.83,,2025-11-11T14:11:28Z,2014,2014-01-01,2014-12-31
713305,MDG_0000000017,COUNTRY,ARE,EMR,Eastern Mediterranean,YEAR,2019,,,,,,,,,0.67 [0.39-1],0.67,0.39,1,,2025-11-11T14:11:28Z,2019,2019-01-01,2019-12-31
714421,MDG_0000000017,REGION,SEAR,,,YEAR,2005,,,,,,,,,56 [45-68],56,45,68,,2025-11-11T14:11:28Z,2005,2005-01-01,2005-12-31
719477,MDG_0000000017,COUNTRY,UGA,AFR,Africa,YEAR,2006,,,,,,,,,19 [8.5-34],19,8.5,34,,2025-11-11T14:11:28Z,2006,2006-01-01,2006-12-31
720207,MDG_0000000017,COUNTRY,MAR,EMR,Eastern Mediterranean,YEAR,2016,,,,,,,,,7.4 [4.3-11],7.4,4.3,11,,2025-11-11T14:11:28Z,2016,2016-01-01,2016-12-31
721506,MDG_0000000017,COUNTRY,DJI,EMR,Eastern Mediterranean,YEAR,2019,,,,,,,,,97 [67-133],97,67,133,,2025-11-11T14:11:28Z,2019,2019-01-01,2019-12-31
725454,MDG_0000000017,COUNTRY,CHN,WPR,Western Pacific,YEAR,2013,,,,,,,,,3 [2.8-3.4],3,2.8,3.4,,2025-11-11T14:11:28Z,2013,2013-01-01,2013-12-31
731246,MDG_0000000017,COUNTRY,TTO,AMR,Americas,YEAR,2024,,,,,,,,,1.5 [1.4-1.5],1.5,1.4,1.5,,2025-11-11T14:11:28Z,2024,2024-01-01,2024-12-31
732398,MDG_0000000017,COUNTRY,MLI,AFR,Africa,YEAR,2020,,,,,,,,,10 [4.9-17],10,4.9,17,,2025-11-11T14:11:28Z,2020,2020-01-01,2020-12-31
739302,MDG_0000000017,COUNTRY,TUR,EUR,Europe,YEAR,2006,,,,,,,,,0.87 [0.63-1.2],0.87,0.63,1.2,,2025-11-11T14:11:28Z,2006,2006-01-01,2006-12-31
746020,MDG_0000000017,COUNTRY,COG,AFR,Africa,YEAR,2023,,,,,,,,,25 [16-35],25,16,35,,2025-11-11T14:11:28Z,2023,2023-01-01,2023-12-31
750404,MDG_0000000017,COUNTRY,PER,AMR,Americas,YEAR,2011,,,,,,,,,7 [5.8-8.3],7,5.8,8.3,,2025-11-11T14:11:28Z,2011,2011-01-01,2011-12-31
750680,MDG_0000000017,COUNTRY,LBY,EMR,Eastern Mediterranean,YEAR,2010,,,,,,,,,9.3 [4.1-17],9.3,4.1,17,,2025-11-11T14:11:28Z,2010,2010-01-01,2010-12-31
751369,MDG_0000000017,COUNTRY,USA,AMR,Americas,YEAR,2007,,,,,,,,,0.21 [0.21-0.21],0.21,0.21,0.21,,2025-11-11T14:11:28Z,2007,2007-01-01,2007-12-31
752202,MDG_0000000017,COUNTRY,BIH,EUR,Europe,YEAR,2020,,,,,,,,,2 [1.9-2.2],2,1.9,2.2,,2025-11-11T14:11:28Z,2020,2020-01-01,2020-12-31
759521,MDG_0000000017,COUNTRY,BEL,EUR,Europe,YEAR,2017,,,,,,,,,0.38 [0.36-0.39],0.38,0.36,0.39,,2025-11-11T14:11:28Z,2017,2017-01-01,2017-12-31
775566,MDG_0000000017,COUNTRY,TZA,AFR,Africa,YEAR,2017,,,,,,,,,45 [20-80],45,20,80,,2025-11-11T14:11:28Z,2017,2017-01-01,2017-12-31
775849,MDG_0000000017,COUNTRY,PSE,EMR,Eastern Mediterranean,YEAR,2014,,,,,,,,,0.27 [0.19-0.37],0.27,0.19,0.37,,2025-11-11T14:11:28Z,2014,2014-01-01,2014-12-31
777038,MDG_0000000017,COUNTRY,CHN,WPR,Western Pacific,YEAR,2001,,,,,,,,,8 [6.4-9.7],8,6.4,9.7,,2025-11-11T14:11:28Z,2001,2001-01-01,2001-12-31
782453,MDG_0000000017,COUNTRY,GHA,AFR,Africa,YEAR,2007,,,,,,,,,44 [18-80],44,18,80,,2025-11-11T14:11:28Z,2007,2007-01-01,2007-12-31
788584,MDG_0000000017,COUNTRY,MRT,AFR,Africa,YEAR,2011,,,,,,,,,34 [23-48],34,23,48,,2025-11-11T14:11:28Z,2011,2011-01-01,2011-12-31
796634,MDG_0000000017,COUNTRY,BRN,WPR,Western Pacific,YEAR,2020,,,,,,,,,5.3 [4.5-6.2],5.3,4.5,6.2,,2025-11-11T14:11:28Z,2020,2020-01-01,2020-12-31
797370,MDG_0000000017,COUNTRY,UKR,EUR,Europe,YEAR,2020,,,,,,,,,7.1 [6.8-7.4],7.1,6.8,7.4,,2025-11-11T14:11:28Z,2020,2020-01-01,2020-12-31
801058,MDG_0000000017,COUNTRY,PRI,AMR,Americas,YEAR,2015,,,,,,,,,0.17 [0.17-0.17],0.17,0.17,0.17,,2025-11-11T14:11:28Z,2015,2015-01-01,2015-12-31
808764,MDG_0000000017,COUNTRY,KEN,AFR,Africa,YEAR,2018,,,,,,,,,38 [22-59],38,22,59,,2025-11-11T14:11:28Z,2018,2018-01-01,2018-12-31
814415,MDG_0000000017,COUNTRY,SAU,EMR,Eastern Mediterranean,YEAR,2003,,,,,,,,,2.2 [1.8-2.6],2.2,1.8,2.6,,2025-11-11T14:11:28Z,2003,2003-01-01,2003-12-31
829462,MDG_0000000017,COUNTRY,AGO,AFR,Africa,YEAR,2020,,,,,,,,,62 [37-95],62,37,95,,2025-11-11T14:11:28Z,2020,2020-01-01,2020-12-31
833333,MDG_0000000017,REGION,EUR,,,YEAR,2022,,,,,,,,,1.8 [1.7-1.9],1.8,1.7,1.9,,2025-11-11T14:11:28Z,2022,2022-01-01,2022-12-31
839145,MDG_0000000017,COUNTRY,NAM,AFR,Africa,YEAR,2015,,,,,,,,,65 [42-94],65,42,94,,2025-11-11T14:11:28Z,2015,2015-01-01,2015-12-31
839453,MDG_0000000017,COUNTRY,CZE,EUR,Europe,YEAR,2011,,,,,,,,,0.53 [0.53-0.53],0.53,0.53,0.53,,2025-11-11T14:11:28Z,2011,2011-01-01,2011-12-31
841724,MDG_0000000017,COUNTRY,MKD,EUR,Europe,YEAR,2000,,,,,,,,,5 [4.7-5.2],5,4.7,5.2,,2025-11-11T14:11:28Z,2000,2000-01-01,2000-12-31
841835,MDG_0000000017,COUNTRY,IRQ,EMR,Eastern Mediterranean,YEAR,2007,,,,,,,,,4.5 [4-5],4.5,4,5,,2025-11-11T14:11:28Z,2007,2007-01-01,2007-12-31
842182,MDG_0000000017,COUNTRY,TGO,AFR,Africa,YEAR,2004,,,,,,,,,13 [6.6-21],13,6.6,21,,2025-11-11T14:11:28Z,2004,2004-01-01,2004-12-31
847634,MDG_0000000017,COUNTRY,ZMB,AFR,Africa,YEAR,2015,,,,,,,,,30 [18-46],30,18,46,,2025-11-11T14:11:28Z,2015,2015-01-01,2015-12-31
852651,MDG_0000000017,REGION,EMR,,,YEAR,2009,,,,,,,,,16 [14-18],16,14,18,,2025-11-11T14:11:28Z,2009,2009-01-01,2009-12-31
854205,MDG_0000000017,COUNTRY,MYS,WPR,Western Pacific,YEAR,2020,,,,,,,,,4.1 [3-5.3],4.1,3,5.3,,2025-11-11T14:11:28Z,2020,2020-01-01,2020-12-31
859841,MDG_0000000017,COUNTRY,POL,EUR,Europe,YEAR,2002,,,,,,,,,2.6 [2.5-2.7],2.6,2.5,2.7,,2025-11-11T14:11:28Z,2002,2002-01-01,2002-12-31
864783,MDG_0000000017,COUNTRY,TLS,SEAR,South-East Asia,YEAR,2004,,,,,,,,,273 [201-356],273,201,356,,2025-11-11T14:11:28Z,2004,2004-01-01,2004-12-31
865518,MDG_0000000017,COUNTRY,CMR,AFR,Africa,YEAR,2007,,,,,,,,,36 [21-56],36,21,56,,2025-11-11T14:11:28Z,2007,2007-01-01,2007-12-31
866519,MDG_0000000017,COUNTRY,NAM,AFR,Africa,YEAR,2014,,,,,,,,,73 [46-105],73,46,105,,2025-11-11T14:11:28Z,2014,2014-01-01,2014-12-31
877753,MDG_0000000017,COUNTRY,AUT,EUR,Europe,YEAR,2016,,,,,,,,,0.44 [0.43-0.44],0.44,0.43,0.44,,2025-11-11T14:11:28Z,2016,2016-01-01,2016-12-31
878225,MDG_0000000017,COUNTRY,PRT,EUR,Europe,YEAR,2006,,,,,,,,,3 [2.8-3.3],3,2.8,3.3,,2025-11-11T14:11:28Z,2006,2006-01-01,2006-12-31
878438,MDG_0000000017,COUNTRY,GEO,EUR,Europe,YEAR,2013,,,,,,,,,5.5 [5.1-5.9],5.5,5.1,5.9,,2025-11-11T14:11:28Z,2013,2013-01-01,2013-12-31
885247,MDG_0000000017,COUNTRY,NER,AFR,Africa,YEAR,2012,,,,,,,,,24 [16-35],24,16,35,,2025-11-11T14:11:28Z,2012,2012-01-01,2012-12-31
885481,MDG_0000000017,COUNTRY,NPL,SEAR,South-East Asia,YEAR,2000,,,,,,,,,132 [86-188],132,86,188,,2025-11-11T14:11:28Z,2000,2000-01-01,2000-12-31
892424,MDG_0000000017,COUNTRY,FRA,EUR,Europe,YEAR,2008,,,,,,,,,1.1 [1.1-1.1],1.1,1.1,1.1,,2025-11-11T14:11:28Z,2008,2008-01-01,2008-12-31
898280,MDG_0000000017,COUNTRY,AGO,AFR,Africa,YEAR,2000,,,,,,,,,61 [41-85],61,41,85,,2025-11-11T14:11:28Z,2000,2000-01-01,2000-12-31
902979,MDG_0000000017,COUNTRY,BLR,EUR,Europe,YEAR,2006,,,,,,,,,11 [10-12],11,10,12,,2025-11-11T14:11:28Z,2006,2006-01-01,2006-12-31
911145,MDG_0000000017,COUNTRY,SLV,AMR,Americas,YEAR,2001,,,,,,,,,1.9 [1.7-2.1],1.9,1.7,2.1,,2025-11-11T14:11:28Z,2001,2001-01-01,2001-12-31
912070,MDG_0000000017,COUNTRY,MAC,,,YEAR,2003,,,,,,,,,45 [31-61],45,31,61,,2025-11-11T14:11:28Z,2003,2003-01-01,2003-12-31
922010,MDG_0000000017,COUNTRY,JOR,EMR,Eastern Mediterranean,YEAR,2024,,,,,,,,,0.09 [0.07-0.1],0.09,0.07,0.1,,2025-11-11T14:11:28Z,2024,2024-01-01,2024-12-31
923461,MDG_0000000017,COUNTRY,MDV,SEAR,South-East Asia,YEAR,2020,,,,,,,,,1.9 [1.7-2.1],1.9,1.7,2.1,,2025-11-11T14:11:28Z,2020,2020-01-01,2020-12-31
923936,MDG_0000000017,COUNTRY,CHE,EUR,Europe,YEAR,2011,,,,,,,,,0.31 [0.31-0.32],0.31,0.31,0.32,,2025-11-11T14:11:28Z,2011,2011-01-01,2011-12-31
924266,MDG_0000000017,COUNTRY,BWA,AFR,Africa,YEAR,2002,,,,,,,,,32 [12-63],32,12,63,,2025-11-11T14:11:28Z,2002,2002-01-01,2002-12-31
928146,MDG_0000000017,COUNTRY,LBN,EMR,Eastern Mediterranean,YEAR,2006,,,,,,,,,2.5 [1.7-3.4],2.5,1.7,3.4,,2025-11-11T14:11:28Z,2006,2006-01-01,2006-12-31
929323,MDG_0000000017,COUNTRY,GTM,AMR,Americas,YEAR,2006,,,,,,,,,2.7 [2.6-2.9],2.7,2.6,2.9,,2025-11-11T14:11:28Z,2006,2006-01-01,2006-12-31
930813,MDG_0000000017,COUNTRY,MLI,AFR,Africa,YEAR,2005,,,,,,,,,16 [8.9-25],16,8.9,25,,2025-11-11T14:11:28Z,2005,2005-01-01,2005-12-31
934956,MDG_0000000017,COUNTRY,GEO,EUR,Europe,YEAR,2010,,,,,,,,,5.8 [5.4-6.2],5.8,5.4,6.2,,2025-11-11T14:11:28Z,2010,2010-01-01,2010-12-31
935033,MDG_0000000017,COUNTRY,YEM,EMR,Eastern Mediterranean,YEAR,2004,,,,,,,,,17 [12-22],17,12,22,,2025-11-11T14:11:28Z,2004,2004-01-01,2004-12-31
935597,MDG_0000000017,COUNTRY,TLS,SEAR,South-East Asia,YEAR,2013,,,,,,,,,98 [71-129],98,71,129,,2025-11-11T14:11:28Z,2013,2013-01-01,2013-12-31
936532,MDG_0000000017,COUNTRY,IRL,EUR,Europe,YEAR,2014,,,,,,,,,0.52 [0.52-0.52],0.52,0.52,0.52,,2025-11-11T14:11:28Z,2014,2014-01-01,2014-12-31
942044,MDG_0000000017,GLOBAL,GLOBAL,,,YEAR,2013,,,,,,,,,19 [17-21],19,17,21,,2025-11-11T14:11:28Z,2013,2013-01-01,2013-12-31
942435,MDG_0000000017,COUNTRY,URY,AMR,Americas,YEAR,2019,,,,,,,,,2.5 [2.3-2.6],2.5,2.3,2.6,,2025-11-11T14:11:28Z,2019,2019-01-01,2019-12-31
948044,MDG_0000000017,COUNTRY,PRT,EUR,Europe,YEAR,2023,,,,,,,,,2.4 [2.3-2.4],2.4,2.3,2.4,,2025-11-11T14:11:28Z,2023,2023-01-01,2023-12-31
948998,MDG_0000000017,COUNTRY,DNK,EUR,Europe,YEAR,2001,,,,,,,,,0.74 [0.73-0.76],0.74,0.73,0.76,,2025-11-11T14:11:28Z,2001,2001-01-01,2001-12-31
949961,MDG_0000000017,COUNTRY,IRN,EMR,Eastern Mediterranean,YEAR,2022,,,,,,,,,1 [0.97-1],1,0.97,1,,2025-11-11T14:11:28Z,2022,2022-01-01,2022-12-31
953413,MDG_0000000017,COUNTRY,PRT,EUR,Europe,YEAR,2010,,,,,,,,,2.2 [2.1-2.3],2.2,2.1,2.3,,2025-11-11T14:11:28Z,2010,2010-01-01,2010-12-31
968739,MDG_0000000017,COUNTRY,MAR,EMR,Eastern Mediterranean,YEAR,2004,,,,,,,,,7.2 [4.1-11],7.2,4.1,11,,2025-11-11T14:11:28Z,2004,2004-01-01,2004-12-31
980511,MDG_0000000017,COUNTRY,HRV,EUR,Europe,YEAR,2008,,,,,,,,,2.4 [2.4-2.4],2.4,2.4,2.4,,2025-11-11T14:11:28Z,2008,2008-01-01,2008-12-31
991793,MDG_0000000017,COUNTRY,BHR,EMR,Eastern Mediterranean,YEAR,2011,,,,,,,,,0.19 [0.17-0.22],0.19,0.17,0.22,,2025-11-11T14:11:28Z,2011,2011-01-01,2011-12-31
993482,MDG_0000000017,COUNTRY,UZB,EUR,Europe,YEAR,2024,,,,,,,,,1.6 [1.6-1.7],1.6,1.6,1.7,,2025-11-11T14:11:28Z,2024,2024-01-01,2024-12-31
1005530,MDG_0000000017,COUNTRY,DEU,EUR,Europe,YEAR,2021,,,,,,,,,0.34 [0.33-0.35],0.34,0.33,0.35,,2025-11-11T14:11:28Z,2021,2021-01-01,2021-12-31
1013053,MDG_0000000017,COUNTRY,NGA,AFR,Africa,YEAR,2018,,,,,,,,,64 [37-98],64,37,98,,2025-11-11T14:11:28Z,2018,2018-01-01,2018-12-31
1016914,MDG_0000000017,COUNTRY,AUS,WPR,Western Pacific,YEAR,2019,,,,,,,,,0.18 [0.18-0.18],0.18,0.18,0.18,,2025-11-11T14:11:28Z,2019,2019-01-01,2019-12-31
1023033,MDG_0000000017,COUNTRY,PRT,EUR,Europe,YEAR,2001,,,,,,,,,3.8 [3.5-4],3.8,3.5,4,,2025-11-11T14:11:28Z,2001,2001-01-01,2001-12-31
1024681,MDG_0000000017,COUNTRY,TTO,AMR,Americas,YEAR,2015,,,,,,,,,1.5 [1.4-1.5],1.5,1.4,1.5,,2025-11-11T14:11:28Z,2015,2015-01-01,2015-12-31
1025589,MDG_0000000017,COUNTRY,GHA,AFR,Africa,YEAR,2014,,,,,,,,,38 [17-66],38,17,66,,2025-11-11T14:11:28Z,2014,2014-01-01,2014-12-31
1029626,MDG_0000000017,COUNTRY,DNK,EUR,Europe,YEAR,2023,,,,,,,,,0.17 [0.16-0.18],0.17,0.16,0.18,,2025-11-11T14:11:28Z,2023,2023-01-01,2023-12-31
1030943,MDG_0000000017,COUNTRY,MDG,AFR,Africa,YEAR,2003,,,,,,,,,54 [39-73],54,39,73,,2025-11-11T14:11:28Z,2003,2003-01-01,2003-12-31
1055592,MDG_0000000017,COUNTRY,OMN,EMR,Eastern Mediterranean,YEAR,2005,,,,,,,,,0.65 [0.52-0.8],0.65,0.52,0.8,,2025-11-11T14:11:28Z,2005,2005-01-01,2005-12-31
1057227,MDG_0000000017,COUNTRY,LAO,WPR,Western Pacific,YEAR,2012,,,,,,,,,61 [36-92],61,36,92,,2025-11-11T14:11:28Z,2012,2012-01-01,2012-12-31
1057439,MDG_0000000017,COUNTRY,JPN,WPR,Western Pacific,YEAR,2023,,,,,,,,,1.2 [1.2-1.2],1.2,1.2,1.2,,2025-11-11T14:11:28Z,2023,2023-01-01,2023-12-31
1067888,MDG_0000000017,COUNTRY,MDA,EUR,Europe,YEAR,2004,,,,,,,,,21 [18-25],21,18,25,,2025-11-11T14:11:28Z,2004,2004-01-01,2004-12-31
1069159,MDG_0000000017,COUNTRY,BRN,WPR,Western Pacific,YEAR,2017,,,,,,,,,4.3 [4.2-4.3],4.3,4.2,4.3,,2025-11-11T14:11:28Z,2017,2017-01-01,2017-12-31
1076276,MDG_0000000017,COUNTRY,NGA,AFR,Africa,YEAR,2017,,,,,,,,,63 [36-96],63,36,96,,2025-11-11T14:11:28Z,2017,2017-01-01,2017-12-31
1081908,MDG_0000000017,COUNTRY,IRQ,EMR,Eastern Mediterranean,YEAR,2014,,,,,,,,,2.8 [2.6-3],2.8,2.6,3,,2025-11-11T14:11:28Z,2014,2014-01-01,2014-12-31
1087559,MDG_0000000017,COUNTRY,CHE,EUR,Europe,YEAR,2016,,,,,,,,,0.3 [0.29-0.31],0.3,0.29,0.31,,2025-11-11T14:11:28Z,2016,2016-01-01,2016-12-31
1093634,MDG_0000000017,COUNTRY,SLB,WPR,Western Pacific,YEAR,2015,,,,,,,,,41 [28-55],41,28,55,,2025-11-11T14:11:28Z,2015,2015-01-01,2015-12-31
1094826,MDG_0000000017,COUNTRY,SOM,EMR,Eastern Mediterranean,YEAR,2000,,,,,,,,,119 [85-159],119,85,159,,2025-11-11T14:11:28Z,2000,2000-01-01,2000-12-31
1100814,MDG_0000000017,COUNTRY,OMN,EMR,Eastern Mediterranean,YEAR,2006,,,,,,,,,0.63 [0.5-0.77],0.63,0.5,0.77,,2025-11-11T14:11:28Z,2006,2006-01-01,2006-12-31
1101794,MDG_0000000017,COUNTRY,NGA,AFR,Africa,YEAR,2012,,,,,,,,,55 [32-84],55,32,84,,2025-11-11T14:11:28Z,2012,2012-01-01,2012-12-31
1106001,MDG_0000000017,COUNTRY,CPV,AFR,Africa,YEAR,2003,,,,,,,,,6.3 [5.4-7.3],6.3,5.4,7.3,,2025-11-11T14:11:28Z,2003,2003-01-01,2003-12-31
1125542,MDG_0000000017,COUNTRY,DZA,AFR,Africa,YEAR,2005,,,,,,,,,23 [16-31],23,16,31,,2025-11-11T14:11:28Z,2005,2005-01-01,2005-12-31
1130962,MDG_0000000017,COUNTRY,LAO,WPR,Western Pacific,YEAR,2009,,,,,,,,,73 [43-111],73,43,111,,2025-11-11T14:11:28Z,2009,2009-01-01,2009-12-31
1132794,MDG_0000000017,COUNTRY,LUX,EUR,Europe,YEAR,2014,,,,,,,,,0.19 [0.18-0.19],0.19,0.18,0.19,,2025-11-11T14:11:28Z,2014,2014-01-01,2014-12-31
1133814,MDG_0000000017,COUNTRY,CAN,AMR,Americas,YEAR,2006,,,,,,,,,0.39 [0.38-0.39],0.39,0.38,0.39,,2025-11-11T14:11:28Z,2006,2006-01-01,2006-12-31
1144106,MDG_0000000017,COUNTRY,BOL,AMR,Americas,YEAR,2003,,,,,,,,,23 [19-28],23,19,28,,2025-11-11T14:11:28Z,2003,2003-01-01,2003-12-31
1144736,MDG_0000000017,COUNTRY,BEN,AFR,Africa,YEAR,2004,,,,,,,,,16 [9.1-25],16,9.1,25,,2025-11-11T14:11:28Z,2004,2004-01-01,2004-12-31
1149808,MDG_0000000017,COUNTRY,YEM,EMR,Eastern Mediterranean,YEAR,2002,,,,,,,,,19 [14-24],19,14,24,,2025-11-11T14:11:28Z,2002,2002-01-01,2002-12-31
1150344,MDG_0000000017,COUNTRY,EGY,EMR,Eastern Mediterranean,YEAR,2018,,,,,,,,,0.43 [0.39-0.48],0.43,0.39,0.48,,2025-11-11T14:11:28Z,2018,2018-01-01,2018-12-31
1162809,MDG_0000000017,COUNTRY,BRN,WPR,Western Pacific,YEAR,2002,,,,,,,,,3 [2.9-3.1],3,2.9,3.1,,2025-11-11T14:11:28Z,2002,2002-01-01,2002-12-31
1163694,MDG_0000000017,COUNTRY,GNQ,AFR,Africa,YEAR,2015,,,,,,,,,34 [14-63],34,14,63,,2025-11-11T14:11:28Z,2015,2015-01-01,2015-12-31
1168998,MDG_0000000017,COUNTRY,GNB,AFR,Africa,YEAR,2004,,,,,,,,,39 [24-58],39,24,58,,2025-11-11T14:11:28Z,2004,2004-01-01,2004-12-31
1170473,MDG_0000000017,COUNTRY,GEO,EUR,Europe,YEAR,2011,,,,,,,,,6.4 [5.4-7.5],6.4,5.4,7.5,,2025-11-11T14:11:28Z,2011,2011-01-01,2011-12-31
1170865,MDG_0000000017,COUNTRY,FRA,EUR,Europe,YEAR,2018,,,,,,,,,0.56 [0.53-0.59],0.56,0.53,0.59,,2025-11-11T14:11:28Z,2018,2018-01-01,2018-12-31
1176392,MDG_0000000017,COUNTRY,BHR,EMR,Eastern Mediterranean,YEAR,2019,,,,,,,,,0.51 [0.48-0.55],0.51,0.48,0.55,,2025-11-11T14:11:28Z,2019,2019-01-01,2019-12-31
1182566,MDG_0000000017,COUNTRY,BLZ,AMR,Americas,YEAR,2008,,,,,,,,,4.9 [4.9-5],4.9,4.9,5,,2025-11-11T14:11:28Z,2008,2008-01-01,2008-12-31
1189342,MDG_0000000017,COUNTRY,NLD,EUR,Europe,YEAR,2009,,,,,,,,,0.39 [0.38-0.39],0.39,0.38,0.39,,2025-11-11T14:11:28Z,2009,2009-01-01,2009-12-31
1196149,MDG_0000000017,COUNTRY,GUY,AMR,Americas,YEAR,2008,,,,,,,,,13 [12-14],13,12,14,,2025-11-11T14:11:28Z,2008,2008-01-01,2008-12-31
1207751,MDG_0000000017,COUNTRY,NGA,AFR,Africa,YEAR,2011,,,,,,,,,54 [31-83],54,31,83,,2025-11-11T14:11:28Z,2011,2011-01-01,2011-12-31
1208221,MDG_0000000017,COUNTRY,CRI,AMR,Americas,YEAR,2004,,,,,,,,,1.8 [1.8-1.8],1.8,1.8,1.8,,2025-11-11T14:11:28Z,2004,2004-01-01,2004-12-31
1213177,MDG_0000000017,COUNTRY,SLE,AFR,Africa,YEAR,2000,,,,,,,,,231 [102-412],231,102,412,,2025-11-11T14:11:28Z,2000,2000-01-01,2000-12-31
1219555,MDG_0000000017,COUNTRY,GNB,AFR,Africa,YEAR,2023,,,,,,,,,19 [13-26],19,13,26,,2025-11-11T14:11:28Z,2023,2023-01-01,2023-12-31
1220440,MDG_0000000017,COUNTRY,LBR,AFR,Africa,YEAR,2001,,,,,,,,,27 [16-42],27,16,42,,2025-11-11T14:11:28Z,2001,2001-01-01,2001-12-31
1221598,MDG_0000000017,COUNTRY,BGR,EUR,Europe,YEAR,2022,,,,,,,,,1 [0.83-1.2],1,0.83,1.2,,2025-11-11T14:11:28Z,2022,2022-01-01,2022-12-31
1233827,MDG_0000000017,COUNTRY,RUS,EUR,Europe,YEAR,2015,,,,,,,,,9.8 [9.4-10],9.8,9.4,10,,2025-11-11T14:11:28Z,2015,2015-01-01,2015-12-31
1234158,MDG_0000000017,COUNTRY,COG,AFR,Africa,YEAR,2016,,,,,,,,,42 [29-59],42,29,59,,2025-11-11T14:11:28Z,2016,2016-01-01,2016-12-31
1238351,MDG_0000000017,COUNTRY,MRT,AFR,Africa,YEAR,2020,,,,,,,,,15 [9-23],15,9,23,,2025-11-11T14:11:28Z,2020,2020-01-01,2020-12-31
1251574,MDG_0000000017,COUNTRY,SSD,AFR,Africa,YEAR,2013,,,,,,,,,127 [54-230],127,54,230,,2025-11-11T14:11:28Z,2013,2013-01-01,2013-12-31
1252679,MDG_0000000017,COUNTRY,SVK,EUR,Europe,YEAR,2009,,,,,,,,,0.79 [0.79-0.8],0.79,0.79,0.8,,2025-11-11T14:11:28Z,2009,2009-01-01,2009-12-31
1260032,MDG_0000000017,COUNTRY,MOZ,AFR,Africa,YEAR,2001,,,,,,,,,39 [15-74],39,15,74,,2025-11-11T14:11:28Z,2001,2001-01-01,2001-12-31
1263689,MDG_0000000017,COUNTRY,UZB,EUR,Europe,YEAR,2008,,,,,,,,,12 [9.9-13],12,9.9,13,,2025-11-11T14:11:28Z,2008,2008-01-01,2008-12-31
1264792,MDG_0000000017,COUNTRY,AFG,EMR,Eastern Mediterranean,YEAR,2013,,,,,,,,,45 [31-60],45,31,60,,2025-11-11T14:11:28Z,2013,2013-01-01,2013-12-31
1270652,MDG_0000000017,COUNTRY,CYP,EUR,Europe,YEAR,2005,,,,,,,,,0.47 [0.42-0.53],0.47,0.42,0.53,,2025-11-11T14:11:28Z,2005,2005-01-01,2005-12-31
1272983,MDG_0000000017,COUNTRY,GBR,EUR,Europe,YEAR,2013,,,,,,,,,0.54 [0.53-0.55],0.54,0.53,0.55,,2025-11-11T14:11:28Z,2013,2013-01-01,2013-12-31
1277144,MDG_0000000017,GLOBAL,GLOBAL,,,YEAR,2007,,,,,,,,,25 [22-28],25,22,28,,2025-11-11T14:11:28Z,2007,2007-01-01,2007-12-31
1290175,MDG_0000000017,COUNTRY,SLE,AFR,Africa,YEAR,2012,,,,,,,,,110 [47-198],110,47,198,,2025-11-11T14:11:28Z,2012,2012-01-01,2012-12-31
1302447,MDG_0000000017,COUNTRY,LVA,EUR,Europe,YEAR,2024,,,,,,,,,2.7 [2.3-3.2],2.7,2.3,3.2,,2025-11-11T14:11:28Z,2024,2024-01-01,2024-12-31
1310529,MDG_0000000017,COUNTRY,AFG,EMR,Eastern Mediterranean,YEAR,2009,,,,,,,,,60 [43-80],60,43,80,,2025-11-11T14:11:28Z,2009,2009-01-01,2009-12-31
1315019,MDG_0000000017,COUNTRY,SVN,EUR,Europe,YEAR,2011,,,,,,,,,0.68 [0.68-0.69],0.68,0.68,0.69,,2025-11-11T14:11:28Z,2011,2011-01-01,2011-12-31
1321539,MDG_0000000017,COUNTRY,MEX,AMR,Americas,YEAR,2008,,,,,,,,,2.4 [2.3-2.4],2.4,2.3,2.4,,2025-11-11T14:11:28Z,2008,2008-01-01,2008-12-31
1321690,MDG_0000000017,WORLDBANKINCOMEGROUP,WB_LI,,,YEAR,2011,,,,,,,,,48 [35-63],48,35,63,,2025-11-11T14:11:28Z,2011,2011-01-01,2011-12-31
1323083,MDG_0000000017,COUNTRY,RWA,AFR,Africa,YEAR,2009,,,,,,,,,6.9 [4.4-9.9],6.9,4.4,9.9,,2025-11-11T14:11:28Z,2009,2009-01-01,2009-12-31
1333759,MDG_0000000017,COUNTRY,JPN,WPR,Western Pacific,YEAR,2019,,,,,,,,,2.6 [2.5-2.8],2.6,2.5,2.8,,2025-11-11T14:11:28Z,2019,2019-01-01,2019-12-31
1334957,MDG_0000000017,COUNTRY,SLB,WPR,Western Pacific,YEAR,2011,,,,,,,,,55 [38-75],55,38,75,,2025-11-11T14:11:28Z,2011,2011-01-01,2011-12-31
1335488,MDG_0000000017,REGION,EUR,,,YEAR,2020,,,,,,,,,2 [1.9-2],2,1.9,2,,2025-11-11T14:11:28Z,2020,2020-01-01,2020-12-31
1339611,MDG_0000000017,COUNTRY,DOM,AMR,Americas,YEAR,2008,,,,,,,,,7.3 [2.7-14],7.3,2.7,14,,2025-11-11T14:11:28Z,2008,2008-01-01,2008-12-31
1348928,MDG_0000000017,COUNTRY,DZA,AFR,Africa,YEAR,2017,,,,,,,,,9.9 [6.7-14],9.9,6.7,14,,2025-11-11T14:11:28Z,2017,2017-01-01,2017-12-31
1352468,MDG_0000000017,COUNTRY,CPV,AFR,Africa,YEAR,2023,,,,,,,,,4.6 [2.9-6.6],4.6,2.9,6.6,,2025-11-11T14:11:28Z,2023,2023-01-01,2023-12-31
1354914,MDG_0000000017,COUNTRY,LBY,EMR,Eastern Mediterranean,YEAR,2011,,,,,,,,,8.6 [3.7-16],8.6,3.7,16,,2025-11-11T14:11:28Z,2011,2011-01-01,2011-12-31
1359233,MDG_0000000017,COUNTRY,KOR,WPR,Western Pacific,YEAR,2013,,,,,,,,,5.4 [5.1-5.7],5.4,5.1,5.7,,2025-11-11T14:11:28Z,2013,2013-01-01,2013-12-31
1359860,MDG_0000000017,COUNTRY,ROU,EUR,Europe,YEAR,2007,,,,,,,,,7.5 [7.4-7.5],7.5,7.4,7.5,,2025-11-11T14:11:28Z,2007,2007-01-01,2007-12-31
1361307,MDG_0000000017,COUNTRY,URY,AMR,Americas,YEAR,2002,,,,,,,,,1.8 [1.7-1.9],1.8,1.7,1.9,,2025-11-11T14:11:28Z,2002,2002-01-01,2002-12-31
1365413,MDG_0000000017,WORLDBANKINCOMEGROUP,WB_UMI,,,YEAR,2010,,,,,,,,,9.4 [9-9.8],9.4,9,9.8,,2025-11-11T14:11:28Z,2010,2010-01-01,2010-12-31
1371471,MDG_0000000017,COUNTRY,COL,AMR,Americas,YEAR,2004,,,,,,,,,3.1 [3-3.2],3.1,3,3.2,,2025-11-11T14:11:28Z,2004,2004-01-01,2004-12-31
1372837,MDG_0000000017,COUNTRY,GBR,EUR,Europe,YEAR,2009,,,,,,,,,0.64 [0.63-0.65],0.64,0.63,0.65,,2025-11-11T14:11:28Z,2009,2009-01-01,2009-12-31
1372886,MDG_0000000017,COUNTRY,IDN,WPR,Western Pacific,YEAR,2016,,,,,,,,,37 [34-39],37,34,39,,2025-11-11T14:11:28Z,2016,2016-01-01,2016-12-31
1378050,MDG_0000000017,COUNTRY,CZE,EUR,Europe,YEAR,2004,,,,,,,,,0.68 [0.67-0.68],0.68,0.67,0.68,,2025-11-11T14:11:28Z,2004,2004-01-01,2004-12-31
1378730,MDG_0000000017,REGION,WPR,,,YEAR,2008,,,,,,,,,13 [12-13],13,12,13,,2025-11-11T14:11:28Z,2008,2008-01-01,2008-12-31
1384682,MDG_0000000017,COUNTRY,MLI,AFR,Africa,YEAR,2011,,,,,,,,,14 [7.3-23],14,7.3,23,,2025-11-11T14:11:28Z,2011,2011-01-01,2011-12-31
1384899,MDG_0000000017,COUNTRY,UZB,EUR,Europe,YEAR,2020,,,,,,,,,2.7 [2.6-2.8],2.7,2.6,2.8,,2025-11-11T14:11:28Z,2020,2020-01-01,2020-12-31
1391665,MDG_0000000017,COUNTRY,DEU,EUR,Europe,YEAR,2019,,,,,,,,,0.36 [0.35-0.37],0.36,0.35,0.37,,2025-11-11T14:11:28Z,2019,2019-01-01,2019-12-31
1392083,MDG_0000000017,COUNTRY,SRB,EUR,Europe,YEAR,2012,,,,,,,,,2 [1.9-2.1],2,1.9,2.1,,2025-11-11T14:11:28Z,2012,2012-01-01,2012-12-31
1404386,MDG_0000000017,COUNTRY,CPV,AFR,Africa,YEAR,2012,,,,,,,,,4.3 [3.7-4.8],4.3,3.7,4.8,,2025-11-11T14:11:28Z,2012,2012-01-01,2012-12-31
1409942,MDG_0000000017,WORLDBANKINCOMEGROUP,WB_LMI,,,YEAR,2017,,,,,,,,,28 [25-33],28,25,33,,2025-11-11T14:11:28Z,2017,2017-01-01,2017-12-31
1417582,MDG_0000000017,COUNTRY,CPV,AFR,Africa,YEAR,2021,,,,,,,,,4.5 [2.8-6.4],4.5,2.8,6.4,,2025-11-11T14:11:28Z,2021,2021-01-01,2021-12-31
1421594,MDG_0000000017,COUNTRY,ZAF,AFR,Africa,YEAR,2012,,,,,,,,,42 [40-44],42,40,44,,2025-11-11T14:11:28Z,2012,2012-01-01,2012-12-31
1421879,MDG_0000000017,COUNTRY,LBY,EMR,Eastern Mediterranean,YEAR,2023,,,,,,,,,12 [5-21],12,5,21,,2025-11-11T14:11:28Z,2023,2023-01-01,2023-12-31
1422611,MDG_0000000017,COUNTRY,GMB,AFR,Africa,YEAR,2013,,,,,,,,,25 [16-35],25,16,35,,2025-11-11T14:11:28Z,2013,2013-01-01,2013-12-31
1423719,MDG_0000000017,COUNTRY,BIH,EUR,Europe,YEAR,2002,,,,,,,,,5.1 [4.8-5.4],5.1,4.8,5.4,,2025-11-11T14:11:28Z,2002,2002-01-01,2002-12-31
1429993,MDG_0000000017,COUNTRY,ETH,AFR,Africa,YEAR,2007,,,,,,,,,54 [30-85],54,30,85,,2025-11-11T14:11:28Z,2007,2007-01-01,2007-12-31
1435389,MDG_0000000017,COUNTRY,IDN,WPR,Western Pacific,YEAR,2020,,,,,,,,,37 [34-40],37,34,40,,2025-11-11T14:11:28Z,2020,2020-01-01,2020-12-31
1436187,MDG_0000000017,COUNTRY,DJI,EMR,Eastern Mediterranean,YEAR,2021,,,,,,,,,101 [70-139],101,70,139,,2025-11-11T14:11:28Z,2021,2021-01-01,2021-12-31
1436955,MDG_0000000017,COUNTRY,CZE,EUR,Europe,YEAR,2009,,,,,,,,,0.5 [0.49-0.5],0.5,0.49,0.5,,2025-11-11T14:11:28Z,2009,2009-01-01,2009-12-31
1441445,MDG_0000000017,COUNTRY,CIV,AFR,Africa,YEAR,2007,,,,,,,,,26 [15-41],26,15,41,,2025-11-11T14:11:28Z,2007,2007-01-01,2007-12-31
1442709,MDG_0000000017,COUNTRY,NLD,EUR,Europe,YEAR,2024,,,,,,,,,0.12 [0.11-0.12],0.12,0.11,0.12,,2025-11-11T14:11:28Z,2024,2024-01-01,2024-12-31
1454807,MDG_0000000017,COUNTRY,STP,AFR,Africa,YEAR,2008,,,,,,,,,26 [18-35],26,18,35,,2025-11-11T14:11:28Z,2008,2008-01-01,2008-12-31
1460374,MDG_0000000017,COUNTRY,MNG,WPR,Western Pacific,YEAR,2013,,,,,,,,,11 [10-13],11,10,13,,2025-11-11T14:11:28Z,2013,2013-01-01,2013-12-31
1467724,MDG_0000000017,COUNTRY,NIC,AMR,Americas,YEAR,2004,,,,,,,,,4.2 [3.9-4.6],4.2,3.9,4.6,,2025-11-11T14:11:28Z,2004,2004-01-01,2004-12-31
1472481,MDG_0000000017,COUNTRY,BWA,AFR,Africa,YEAR,2001,,,,,,,,,37 [14-73],37,14,73,,2025-11-11T14:11:28Z,2001,2001-01-01,2001-12-31
1478964,MDG_0000000017,COUNTRY,CUB,AMR,Americas,YEAR,2000,,,,,,,,,0.48 [0.48-0.48],0.48,0.48,0.48,,2025-11-11T14:11:28Z,2000,2000-01-01,2000-12-31
1479149,MDG_0000000017,COUNTRY,BHS,AMR,Americas,YEAR,2007,,,,,,,,,1 [0.92-1.1],1,0.92,1.1,,2025-11-11T14:11:28Z,2007,2007-01-01,2007-12-31
1479566,MDG_0000000017,COUNTRY,KOR,WPR,Western Pacific,YEAR,2004,,,,,,,,,7.4 [6.9-7.9],7.4,6.9,7.9,,2025-11-11T14:11:28Z,2004,2004-01-01,2004-12-31
1479744,MDG_0000000017,COUNTRY,CRI,AMR,Americas,YEAR,2008,,,,,,,,,1.3 [1.3-1.3],1.3,1.3,1.3,,2025-11-11T14:11:28Z,2008,2008-01-01,2008-12-31
1493353,MDG_0000000017,COUNTRY,PSE,EMR,Eastern Mediterranean,YEAR,2008,,,,,,,,,0.37 [0.26-0.51],0.37,0.26,0.51,,2025-11-11T14:11:28Z,2008,2008-01-01,2008-12-31
1498161,MDG_0000000017,COUNTRY,LSO,AFR,Africa,YEAR,2021,,,,,,,,,71 [17-164],71,17,164,,2025-11-11T14:11:28Z,2021,2021-01-01,2021-12-31
1504003,MDG_0000000017,COUNTRY,RUS,EUR,Europe,YEAR,2023,,,,,,,,,3.6 [2.9-4.4],3.6,2.9,4.4,,2025-11-11T14:11:28Z,2023,2023-01-01,2023-12-31
1504038,MDG_0000000017,COUNTRY,GNQ,AFR,Africa,YEAR,2016,,,,,,,,,31 [11-62],31,11,62,,2025-11-11T14:11:28Z,2016,2016-01-01,2016-12-31
1506621,MDG_0000000017,COUNTRY,PER,AMR,Americas,YEAR,2008,,,,,,,,,6.8 [5.9-7.9],6.8,5.9,7.9,,2025-11-11T14:11:28Z,2008,2008-01-01,2008-12-31
1512564,MDG_0000000017,COUNTRY,MUS,AFR,Africa,YEAR,2010,,,,,,,,,0.99 [0.96-1],0.99,0.96,1,,2025-11-11T14:11:28Z,2010,2010-01-01,2010-12-31
1516179,MDG_0000000017,COUNTRY,GAB,AFR,Africa,YEAR,2000,,,,,,,,,29 [14-48],29,14,48,,2025-11-11T14:11:28Z,2000,2000-01-01,2000-12-31
1516591,MDG_0000000017,COUNTRY,CYP,EUR,Europe,YEAR,2013,,,,,,,,,0.1 [0.09-0.12],0.1,0.09,0.12,,2025-11-11T14:11:28Z,2013,2013-01-01,2013-12-31
1524732,MDG_0000000017,COUNTRY,TUN,EMR,Eastern Mediterranean,YEAR,2016,,,,,,,,,1.3 [0.97-1.7],1.3,0.97,1.7,,2025-11-11T14:11:28Z,2016,2016-01-01,2016-12-31
1524796,MDG_0000000017,REGION,AMR,,,YEAR,2022,,,,,,,,,2.4 [2.2-2.5],2.4,2.2,2.5,,2025-11-11T14:11:28Z,2022,2022-01-01,2022-12-31
1542931,MDG_0000000017,REGION,AFR,,,YEAR,2010,,,,,,,,,51 [42-60],51,42,60,,2025-11-11T14:11:28Z,2010,2010-01-01,2010-12-31
1543323,MDG_0000000017,COUNTRY,GMB,AFR,Africa,YEAR,2004,,,,,,,,,20 [12-28],20,12,28,,2025-11-11T14:11:28Z,2004,2004-01-01,2004-12-31
1544135,MDG_0000000017,COUNTRY,SWZ,AFR,Africa,YEAR,2002,,,,,,,,,70 [26-136],70,26,136,,2025-11-11T14:11:28Z,2002,2002-01-01,2002-12-31
1550143,MDG_0000000017,COUNTRY,HTI,AMR,Americas,YEAR,2009,,,,,,,,,11 [7.6-14],11,7.6,14,,2025-11-11T14:11:28Z,2009,2009-01-01,2009-12-31
1554161,MDG_0000000017,COUNTRY,PNG,WPR,Western Pacific,YEAR,2002,,,,,,,,,299 [219-391],299,219,391,,2025-11-11T14:11:28Z,2002,2002-01-01,2002-12-31
1554466,MDG_0000000017,REGION,EMR,,,YEAR,2014,,,,,,,,,13 [11-14],13,11,14,,2025-11-11T14:11:28Z,2014,2014-01-01,2014-12-31
1556105,MDG_0000000017,COUNTRY,ISR,EUR,Europe,YEAR,2005,,,,,,,,,0.74 [0.71-0.77],0.74,0.71,0.77,,2025-11-11T14:11:28Z,2005,2005-01-01,2005-12-31
1569366,MDG_0000000017,COUNTRY,STP,AFR,Africa,YEAR,2019,,,,,,,,,17 [12-23],17,12,23,,2025-11-11T14:11:28Z,2019,2019-01-01,2019-12-31
1569655,MDG_0000000017,COUNTRY,GMB,AFR,Africa,YEAR,2015,,,,,,,,,21 [14-30],21,14,30,,2025-11-11T14:11:28Z,2015,2015-01-01,2015-12-31
1579529,MDG_0000000017,COUNTRY,LTU,EUR,Europe,YEAR,2008,,,,,,,,,11 [11-12],11,11,12,,2025-11-11T14:11:28Z,2008,2008-01-01,2008-12-31
1581203,MDG_0000000017,COUNTRY,AUT,EUR,Europe,YEAR,2004,,,,,,,,,0.56 [0.55-0.56],0.56,0.55,0.56,,2025-11-11T14:11:28Z,2004,2004-01-01,2004-12-31
1582531,MDG_0000000017,COUNTRY,TTO,AMR,Americas,YEAR,2008,,,,,,,,,1.4 [1.4-1.4],1.4,1.4,1.4,,2025-11-11T14:11:28Z,2008,2008-01-01,2008-12-31
1587907,MDG_0000000017,COUNTRY,MAC,,,YEAR,2012,,,,,,,,,22 [16-31],22,16,31,,2025-11-11T14:11:28Z,2012,2012-01-01,2012-12-31
1592432,MDG_0000000017,COUNTRY,LBN,EMR,Eastern Mediterranean,YEAR,2010,,,,,,,,,2.7 [1.9-3.7],2.7,1.9,3.7,,2025-11-11T14:11:28Z,2010,2010-01-01,2010-12-31
1593130,MDG_0000000017,COUNTRY,VUT,WPR,Western Pacific,YEAR,2012,,,,,,,,,33 [24-43],33,24,43,,2025-11-11T14:11:28Z,2012,2012-01-01,2012-12-31
1600471,MDG_0000000017,COUNTRY,KGZ,EUR,Europe,YEAR,2024,,,,,,,,,2.8 [2.2-3.5],2.8,2.2,3.5,,2025-11-11T14:11:28Z,2024,2024-01-01,2024-12-31
1604939,MDG_0000000017,COUNTRY,KGZ,EUR,Europe,YEAR,2012,,,,,,,,,10 [10-10],10,10,10,,2025-11-11T14:11:28Z,2012,2012-01-01,2012-12-31
1605136,MDG_0000000017,COUNTRY,FIN,EUR,Europe,YEAR,2004,,,,,,,,,1.3 [1.3-1.3],1.3,1.3,1.3,,2025-11-11T14:11:28Z,2004,2004-01-01,2004-12-31
1605521,MDG_0000000017,COUNTRY,NER,AFR,Africa,YEAR,2013,,,,,,,,,22 [14-32],22,14,32,,2025-11-11T14:11:28Z,2013,2013-01-01,2013-12-31
1607077,MDG_0000000017,WORLDBANKINCOMEGROUP,WB_UMI,,,YEAR,2001,,,,,,,,,13 [12-15],13,12,15,,2025-11-11T14:11:28Z,2001,2001-01-01,2001-12-31
1612112,MDG_0000000017,COUNTRY,LKA,SEAR,South-East Asia,YEAR,2020,,,,,,,,,3.5 [3.1-3.8],3.5,3.1,3.8,,2025-11-11T14:11:28Z,2020,2020-01-01,2020-12-31
1618764,MDG_0000000017,COUNTRY,MUS,AFR,Africa,YEAR,2011,,,,,,,,,1.6 [1.5-1.6],1.6,1.5,1.6,,2025-11-11T14:11:28Z,2011,2011-01-01,2011-12-31
1626286,MDG_0000000017,COUNTRY,ARE,EMR,Eastern Mediterranean,YEAR,2014,,,,,,,,,0.67 [0.39-1],0.67,0.39,1,,2025-11-11T14:11:28Z,2014,2014-01-01,2014-12-31
1633423,MDG_0000000017,COUNTRY,UGA,AFR,Africa,YEAR,2003,,,,,,,,,20 [9.5-35],20,9.5,35,,2025-11-11T14:11:28Z,2003,2003-01-01,2003-12-31
1638623,MDG_0000000017,COUNTRY,SYR,EMR,Eastern Mediterranean,YEAR,2002,,,,,,,,,0.44 [0.34-0.56],0.44,0.34,0.56,,2025-11-11T14:11:28Z,2002,2002-01-01,2002-12-31
1638961,MDG_0000000017,COUNTRY,LAO,WPR,Western Pacific,YEAR,2011,,,,,,,,,63 [38-95],63,38,95,,2025-11-11T14:11:28Z,2011,2011-01-01,2011-12-31
1643145,MDG_0000000017,COUNTRY,HKG,,,YEAR,2011,,,,,,,,,2.8 [2.7-2.8],2.8,2.7,2.8,,2025-11-11T14:11:28Z,2011,2011-01-01,2011-12-31
1657711,MDG_0000000017,COUNTRY,MWI,AFR,Africa,YEAR,2012,,,,,,,,,29 [15-49],29,15,49,,2025-11-11T14:11:28Z,2012,2012-01-01,2012-12-31
1658053,MDG_0000000017,COUNTRY,BGR,EUR,Europe,YEAR,2011,,,,,,,,,2.5 [2.4-2.6],2.5,2.4,2.6,,2025-11-11T14:11:28Z,2011,2011-01-01,2011-12-31
1658673,MDG_0000000017,COUNTRY,LVA,EUR,Europe,YEAR,2003,,,,,,,,,10 [10-11],10,10,11,,2025-11-11T14:11:28Z,2003,2003-01-01,2003-12-31
1663517,MDG_0000000017,COUNTRY,KWT,EMR,Eastern Mediterranean,YEAR,2007,,,,,,,,,1.1 [1.1-1.2],1.1,1.1,1.2,,2025-11-11T14:11:28Z,2007,2007-01-01,2007-12-31
1665129,MDG_0000000017,COUNTRY,IRQ,EMR,Eastern Mediterranean,YEAR,2008,,,,,,,,,4 [3.5-4.4],4,3.5,4.4,,2025-11-11T14:11:28Z,2008,2008-01-01,2008-12-31
1669207,MDG_0000000017,COUNTRY,ARM,EUR,Europe,YEAR,2006,,,,,,,,,7.8 [6.3-9.5],7.8,6.3,9.5,,2025-11-11T14:11:28Z,2006,2006-01-01,2006-12-31
1669575,MDG_0000000017,COUNTRY,LBN,EMR,Eastern Mediterranean,YEAR,2019,,,,,,,,,2.5 [1.7-3.4],2.5,1.7,3.4,,2025-11-11T14:11:28Z,2019,2019-01-01,2019-12-31
1670021,MDG_0000000017,COUNTRY,MUS,AFR,Africa,YEAR,2019,,,,,,,,,1.3 [1.3-1.4],1.3,1.3,1.4,,2025-11-11T14:11:28Z,2019,2019-01-01,2019-12-31
1675429,MDG_0000000017,REGION,SEAR,,,YEAR,2000,,,,,,,,,83 [60-109],83,60,109,,2025-11-11T14:11:28Z,2000,2000-01-01,2000-12-31
1676727,MDG_0000000017,COUNTRY,RUS,EUR,Europe,YEAR,2016,,,,,,,,,8.4 [8.1-8.8],8.4,8.1,8.8,,2025-11-11T14:11:28Z,2016,2016-01-01,2016-12-31
1677481,MDG_0000000017,COUNTRY,EST,EUR,Europe,YEAR,2018,,,,,,,,,1 [0.99-1],1,0.99,1,,2025-11-11T14:11:28Z,2018,2018-01-01,2018-12-31
1689173,MDG_0000000017,COUNTRY,PNG,WPR,Western Pacific,YEAR,2018,,,,,,,,,129 [93-170],129,93,170,,2025-11-11T14:11:28Z,2018,2018-01-01,2018-12-31
1690415,MDG_0000000017,COUNTRY,MAC,,,YEAR,2007,,,,,,,,,32 [22-44],32,22,44,,2025-11-11T14:11:28Z,2007,2007-01-01,2007-12-31
1694568,MDG_0000000017,COUNTRY,MDV,SEAR,South-East Asia,YEAR,2003,,,,,,,,,2.5 [1.9-3.1],2.5,1.9,3.1,,2025-11-11T14:11:28Z,2003,2003-01-01,2003-12-31
1701244,MDG_0000000017,COUNTRY,USA,AMR,Americas,YEAR,2022,,,,,,,,,0.19 [0.18-0.19],0.19,0.18,0.19,,2025-11-11T14:11:28Z,2022,2022-01-01,2022-12-31
1703161,MDG_0000000017,COUNTRY,JPN,WPR,Western Pacific,YEAR,2021,,,,,,,,,2.2 [2.1-2.4],2.2,2.1,2.4,,2025-11-11T14:11:28Z,2021,2021-01-01,2021-12-31
1720266,MDG_0000000017,COUNTRY,ZWE,AFR,Africa,YEAR,2000,,,,,,,,,28 [11-54],28,11,54,,2025-11-11T14:11:28Z,2000,2000-01-01,2000-12-31
1725500,MDG_0000000017,COUNTRY,LAO,WPR,Western Pacific,YEAR,2018,,,,,,,,,30 [18-46],30,18,46,,2025-11-11T14:11:28Z,2018,2018-01-01,2018-12-31
1732716,MDG_0000000017,COUNTRY,TUN,EMR,Eastern Mediterranean,YEAR,2003,,,,,,,,,1.7 [1.3-2],1.7,1.3,2,,2025-11-11T14:11:28Z,2003,2003-01-01,2003-12-31
1739007,MDG_0000000017,COUNTRY,SLE,AFR,Africa,YEAR,2017,,,,,,,,,86 [38-154],86,38,154,,2025-11-11T14:11:28Z,2017,2017-01-01,2017-12-31
1744556,MDG_0000000017,COUNTRY,BDI,AFR,Africa,YEAR,2001,,,,,,,,,30 [17-45],30,17,45,,2025-11-11T14:11:28Z,2001,2001-01-01,2001-12-31
1752850,MDG_0000000017,COUNTRY,LSO,AFR,Africa,YEAR,2020,,,,,,,,,66 [14-158],66,14,158,,2025-11-11T14:11:28Z,2020,2020-01-01,2020-12-31
1756986,MDG_0000000017,COUNTRY,TGO,AFR,Africa,YEAR,2022,,,,,,,,,5.7 [2.3-11],5.7,2.3,11,,2025-11-11T14:11:28Z,2022,2022-01-01,2022-12-31
1757793,MDG_0000000017,COUNTRY,TTO,AMR,Americas,YEAR,2006,,,,,,,,,2.9 [2.9-2.9],2.9,2.9,2.9,,2025-11-11T14:11:28Z,2006,2006-01-01,2006-12-31
1759758,MDG_0000000017,COUNTRY,BHR,EMR,Eastern Mediterranean,YEAR,2006,,,,,,,,,0.52 [0.46-0.59],0.52,0.46,0.59,,2025-11-11T14:11:28Z,2006,2006-01-01,2006-12-31
1759926,MDG_0000000017,COUNTRY,TGO,AFR,Africa,YEAR,2009,,,,,,,,,15 [9.3-23],15,9.3,23,,2025-11-11T14:11:28Z,2009,2009-01-01,2009-12-31
1763735,MDG_0000000017,COUNTRY,MNE,EUR,Europe,YEAR,2005,,,,,,,,,0.61 [0.54-0.69],0.61,0.54,0.69,,2025-11-11T14:11:28Z,2005,2005-01-01,2005-12-31
1765946,MDG_0000000017,COUNTRY,SYR,EMR,Eastern Mediterranean,YEAR,2006,,,,,,,,,0.33 [0.27-0.4],0.33,0.27,0.4,,2025-11-11T14:11:28Z,2006,2006-01-01,2006-12-31
1772071,MDG_0000000017,COUNTRY,BGR,EUR,Europe,YEAR,2020,,,,,,,,,1.2 [1.1-1.2],1.2,1.1,1.2,,2025-11-11T14:11:28Z,2020,2020-01-01,2020-12-31
1777152,MDG_0000000017,COUNTRY,GTM,AMR,Americas,YEAR,2002,,,,,,,,,3.7 [3.4-4],3.7,3.4,4,,2025-11-11T14:11:28Z,2002,2002-01-01,2002-12-31
1795705,MDG_0000000017,COUNTRY,GNQ,AFR,Africa,YEAR,2020,,,,,,,,,34 [14-63],34,14,63,,2025-11-11T14:11:28Z,2020,2020-01-01,2020-12-31
1795838,MDG_0000000017,COUNTRY,CAF,AFR,Africa,YEAR,2005,,,,,,,,,120 [43-236],120,43,236,,2025-11-11T14:11:28Z,2005,2005-01-01,2005-12-31
1803674,MDG_0000000017,COUNTRY,CPV,AFR,Africa,YEAR,2002,,,,,,,,,6.3 [5.4-7.3],6.3,5.4,7.3,,2025-11-11T14:11:28Z,2002,2002-01-01,2002-12-31
1814840,MDG_0000000017,COUNTRY,SRB,EUR,Europe,YEAR,2007,,,,,,,,,3.1 [3-3.2],3.1,3,3.2,,2025-11-11T14:11:28Z,2007,2007-01-01,2007-12-31
1815977,MDG_0000000017,GLOBAL,GLOBAL,,,YEAR,2012,,,,,,,,,20 [18-22],20,18,22,,2025-11-11T14:11:28Z,2012,2012-01-01,2012-12-31
1820752,MDG_0000000017,COUNTRY,GEO,EUR,Europe,YEAR,2000,,,,,,,,,7.9 [7.4-8.4],7.9,7.4,8.4,,2025-11-11T14:11:28Z,2000,2000-01-01,2000-12-31
1821461,MDG_0000000017,COUNTRY,NER,AFR,Africa,YEAR,2020,,,,,,,,,15 [8.8-23],15,8.8,23,,2025-11-11T14:11:28Z,2020,2020-01-01,2020-12-31
1822657,MDG_0000000017,COUNTRY,PAK,EMR,Eastern Mediterranean,YEAR,2005,,,,,,,,,32 [28-36],32,28,36,,2025-11-11T14:11:28Z,2005,2005-01-01,2005-12-31
1829596,MDG_0000000017,COUNTRY,PRY,AMR,Americas,YEAR,2016,,,,,,,,,4 [3.9-4.2],4,3.9,4.2,,2025-11-11T14:11:28Z,2016,2016-01-01,2016-12-31
1833360,MDG_0000000017,COUNTRY,PRY,AMR,Americas,YEAR,2015,,,,,,,,,3.6 [3.4-3.8],3.6,3.4,3.8,,2025-11-11T14:11:28Z,2015,2015-01-01,2015-12-31
1833583,MDG_0000000017,COUNTRY,ARM,EUR,Europe,YEAR,2022,,,,,,,,,0.82 [0.7-0.94],0.82,0.7,0.94,,2025-11-11T14:11:28Z,2022,2022-01-01,2022-12-31
1833590,MDG_0000000017,COUNTRY,CHL,AMR,Americas,YEAR,2018,,,,,,,,,1.9 [1.8-1.9],1.9,1.8,1.9,,2025-11-11T14:11:28Z,2018,2018-01-01,2018-12-31
1839758,MDG_0000000017,COUNTRY,PAK,EMR,Eastern Mediterranean,YEAR,2015,,,,,,,,,23 [19-27],23,19,27,,2025-11-11T14:11:28Z,2015,2015-01-01,2015-12-31
1840832,MDG_0000000017,COUNTRY,UKR,EUR,Europe,YEAR,2002,,,,,,,,,21 [21-22],21,21,22,,2025-11-11T14:11:28Z,2002,2002-01-01,2002-12-31
1841839,MDG_0000000017,COUNTRY,COG,AFR,Africa,YEAR,2005,,,,,,,,,60 [40-83],60,40,83,,2025-11-11T14:11:28Z,2005,2005-01-01,2005-12-31
1847184,MDG_0000000017,COUNTRY,POL,EUR,Europe,YEAR,2004,,,,,,,,,2.4 [2.3-2.5],2.4,2.3,2.5,,2025-11-11T14:11:28Z,2004,2004-01-01,2004-12-31
1847412,MDG_0000000017,REGION,AMR,,,YEAR,2001,,,,,,,,,3.5 [2.8-4.2],3.5,2.8,4.2,,2025-11-11T14:11:28Z,2001,2001-01-01,2001-12-31
1852498,MDG_0000000017,COUNTRY,AUT,EUR,Europe,YEAR,2024,,,,,,,,,0.41 [0.4-0.42],0.41,0.4,0.42,,2025-11-11T14:11:28Z,2024,2024-01-01,2024-12-31
1854489,MDG_0000000017,COUNTRY,EST,EUR,Europe,YEAR,2004,,,,,,,,,7.5 [7.3-7.6],7.5,7.3,7.6,,2025-11-11T14:11:28Z,2004,2004-01-01,2004-12-31
1859538,MDG_0000000017,COUNTRY,PRT,EUR,Europe,YEAR,2014,,,,,,,,,2.1 [2.1-2.2],2.1,2.1,2.2,,2025-11-11T14:11:28Z,2014,2014-01-01,2014-12-31
1867234,MDG_0000000017,COUNTRY,DEU,EUR,Europe,YEAR,2013,,,,,,,,,0.47 [0.46-0.47],0.47,0.46,0.47,,2025-11-11T14:11:28Z,2013,2013-01-01,2013-12-31
1885550,MDG_0000000017,COUNTRY,SAU,EMR,Eastern Mediterranean,YEAR,2011,,,,,,,,,1.2 [1-1.4],1.2,1,1.4,,2025-11-11T14:11:28Z,2011,2011-01-01,2011-12-31
1891080,MDG_0000000017,COUNTRY,JAM,AMR,Americas,YEAR,2000,,,,,,,,,0.71 [0.66-0.76],0.71,0.66,0.76,,2025-11-11T14:11:28Z,2000,2000-01-01,2000-12-31
1892911,MDG_0000000017,COUNTRY,SLV,AMR,Americas,YEAR,2006,,,,,,,,,0.98 [0.87-1.1],0.98,0.87,1.1,,2025-11-11T14:11:28Z,2006,2006-01-01,2006-12-31
1897818,MDG_0000000017,COUNTRY,TTO,AMR,Americas,YEAR,2021,,,,,,,,,1.5 [1.4-1.5],1.5,1.4,1.5,,2025-11-11T14:11:28Z,2021,2021-01-01,2021-12-31
1898971,MDG_0000000017,COUNTRY,CHL,AMR,Americas,YEAR,2021,,,,,,,,,1.7 [1.6-1.7],1.7,1.6,1.7,,2025-11-11T14:11:28Z,2021,2021-01-01,2021-12-31
1905003,MDG_0000000017,COUNTRY,BGR,EUR,Europe,YEAR,2006,,,,,,,,,3.9 [3.7-4.1],3.9,3.7,4.1,,2025-11-11T14:11:28Z,2006,2006-01-01,2006-12-31
1911079,MDG_0000000017,COUNTRY,URY,AMR,Americas,YEAR,2004,,,,,,,,,2.7 [2.5-2.8],2.7,2.5,2.8,,2025-11-11T14:11:28Z,2004,2004-01-01,2004-12-31
1923258,MDG_0000000017,COUNTRY,BHS,AMR,Americas,YEAR,2008,,,,,,,,,1.3 [1.2-1.4],1.3,1.2,1.4,,2025-11-11T14:11:28Z,2008,2008-01-01,2008-12-31
1928778,MDG_0000000017,COUNTRY,IRN,EMR,Eastern Mediterranean,YEAR,2003,,,,,,,,,0.89 [0.77-1],0.89,0.77,1,,2025-11-11T14:11:28Z,2003,2003-01-01,2003-12-31
1930154,MDG_0000000017,COUNTRY,PRY,AMR,Americas,YEAR,2021,,,,,,,,,3.6 [3.4-3.7],3.6,3.4,3.7,,2025-11-11T14:11:28Z,2021,2021-01-01,2021-12-31
1930624,MDG_0000000017,COUNTRY,AFG,EMR,Eastern Mediterranean,YEAR,2011,,,,,,,,,49 [35-66],49,35,66,,2025-11-11T14:11:28Z,2011,2011-01-01,2011-12-31
1930935,MDG_0000000017,WORLDBANKINCOMEGROUP,WB_UMI,,,YEAR,2006,,,,,,,,,11 [11-12],11,11,12,,2025-11-11T14:11:28Z,2006,2006-01-01,2006-12-31
1934828,MDG_0000000017,WORLDBANKINCOMEGROUP,WB_HI,,,YEAR,2002,,,,,,,,,4.3 [4.2-4.4],4.3,4.2,4.4,,2025-11-11T14:11:28Z,2002,2002-01-01,2002-12-31
1937223,MDG_0000000017,COUNTRY,ETH,AFR,Africa,YEAR,2012,,,,,,,,,36 [21-54],36,21,54,,2025-11-11T14:11:28Z,2012,2012-01-01,2012-12-31
1942584,MDG_0000000017,COUNTRY,CAF,AFR,Africa,YEAR,2013,,,,,,,,,89 [35-170],89,35,170,,2025-11-11T14:11:28Z,2013,2013-01-01,2013-12-31
1943498,MDG_0000000017,COUNTRY,TLS,SEAR,South-East Asia,YEAR,2005,,,,,,,,,248 [183-324],248,183,324,,2025-11-11T14:11:28Z,2005,2005-01-01,2005-12-31
1949806,MDG_0000000017,REGION,WPR,,,YEAR,2021,,,,,,,,,11 [9.8-11],11,9.8,11,,2025-11-11T14:11:28Z,2021,2021-01-01,2021-12-31
1960826,MDG_0000000017,WORLDBANKINCOMEGROUP,WB_LI,,,YEAR,2017,,,,,,,,,40 [29-54],40,29,54,,2025-11-11T14:11:28Z,2017,2017-01-01,2017-12-31
1962180,MDG_0000000017,COUNTRY,MNE,EUR,Europe,YEAR,2021,,,,,,,,,0.2 [0.1-0.33],0.2,0.1,0.33,,2025-11-11T14:11:28Z,2021,2021-01-01,2021-12-31
1967910,MDG_0000000017,COUNTRY,POL,EUR,Europe,YEAR,2009,,,,,,,,,2.1 [2.1-2.2],2.1,2.1,2.2,,2025-11-11T14:11:28Z,2009,2009-01-01,2009-12-31
1968337,MDG_0000000017,COUNTRY,MOZ,AFR,Africa,YEAR,2013,,,,,,,,,33 [19-51],33,19,51,,2025-11-11T14:11:28Z,2013,2013-01-01,2013-12-31
1974759,MDG_0000000017,COUNTRY,YEM,EMR,Eastern Mediterranean,YEAR,2014,,,,,,,,,5.6 [3.9-7.7],5.6,3.9,7.7,,2025-11-11T14:11:28Z,2014,2014-01-01,2014-12-31
1975528,MDG_0000000017,COUNTRY,FIN,EUR,Europe,YEAR,2022,,,,,,,,,0.3 [0.3-0.3],0.3,0.3,0.3,,2025-11-11T14:11:28Z,2022,2022-01-01,2022-12-31
1978792,MDG_0000000017,COUNTRY,MYS,WPR,Western Pacific,YEAR,2009,,,,,,,,,6.3 [3.2-11],6.3,3.2,11,,2025-11-11T14:11:28Z,2009,2009-01-01,2009-12-31
1979727,MDG_0000000017,COUNTRY,CHN,WPR,Western Pacific,YEAR,2003,,,,,,,,,6.7 [6.1-7.4],6.7,6.1,7.4,,2025-11-11T14:11:28Z,2003,2003-01-01,2003-12-31
1981259,MDG_0000000017,COUNTRY,BIH,EUR,Europe,YEAR,2022,,,,,,,,,1.9 [1.6-2.2],1.9,1.6,2.2,,2025-11-11T14:11:28Z,2022,2022-01-01,2022-12-31
2011594,MDG_0000000017,COUNTRY,BOL,AMR,Americas,YEAR,2009,,,,,,,,,16 [12-20],16,12,20,,2025-11-11T14:11:28Z,2009,2009-01-01,2009-12-31
2013449,MDG_0000000017,COUNTRY,GMB,AFR,Africa,YEAR,2017,,,,,,,,,21 [14-30],21,14,30,,2025-11-11T14:11:28Z,2017,2017-01-01,2017-12-31
2017383,MDG_0000000017,COUNTRY,EGY,EMR,Eastern Mediterranean,YEAR,2006,,,,,,,,,1.1 [0.93-1.3],1.1,0.93,1.3,,2025-11-11T14:11:28Z,2006,2006-01-01,2006-12-31
2017965,MDG_0000000017,COUNTRY,FIN,EUR,Europe,YEAR,2010,,,,,,,,,0.9 [0.9-0.9],0.9,0.9,0.9,,2025-11-11T14:11:28Z,2010,2010-01-01,2010-12-31
2018891,MDG_0000000017,COUNTRY,LBY,EMR,Eastern Mediterranean,YEAR,2021,,,,,,,,,9.4 [3.7-18],9.4,3.7,18,,2025-11-11T14:11:28Z,2021,2021-01-01,2021-12-31
2023431,MDG_0000000017,COUNTRY,MAC,,,YEAR,2008,,,,,,,,,30 [21-42],30,21,42,,2025-11-11T14:11:28Z,2008,2008-01-01,2008-12-31
2025402,MDG_0000000017,COUNTRY,HTI,AMR,Americas,YEAR,2002,,,,,,,,,16 [11-22],16,11,22,,2025-11-11T14:11:28Z,2002,2002-01-01,2002-12-31
2029527,MDG_0000000017,COUNTRY,SWE,EUR,Europe,YEAR,2018,,,,,,,,,0.21 [0.21-0.22],0.21,0.21,0.22,,2025-11-11T14:11:28Z,2018,2018-01-01,2018-12-31
2031819,MDG_0000000017,COUNTRY,IND,SEAR,South-East Asia,YEAR,2008,,,,,,,,,45 [33-57],45,33,57,,2025-11-11T14:11:28Z,2008,2008-01-01,2008-12-31
2032157,MDG_0000000017,COUNTRY,GAB,AFR,Africa,YEAR,2024,,,,,,,,,41 [26-59],41,26,59,,2025-11-11T14:11:28Z,2024,2024-01-01,2024-12-31
2037253,MDG_0000000017,COUNTRY,IRN,EMR,Eastern Mediterranean,YEAR,2024,,,,,,,,,1 [0.97-1],1,0.97,1,,2025-11-11T14:11:28Z,2024,2024-01-01,2024-12-31
2038566,MDG_0000000017,COUNTRY,BTN,SEAR,South-East Asia,YEAR,2007,,,,,,,,,132 [91-180],132,91,180,,2025-11-11T14:11:28Z,2007,2007-01-01,2007-12-31
2038666,MDG_0000000017,COUNTRY,KGZ,EUR,Europe,YEAR,2008,,,,,,,,,12 [11-12],12,11,12,,2025-11-11T14:11:28Z,2008,2008-01-01,2008-12-31
2042462,MDG_0000000017,COUNTRY,SLV,AMR,Americas,YEAR,2021,,,,,,,,,1.2 [1.1-1.3],1.2,1.1,1.3,,2025-11-11T14:11:28Z,2021,2021-01-01,2021-12-31
2043269,MDG_0000000017,COUNTRY,MEX,AMR,Americas,YEAR,2000,,,,,,,,,3.7 [3.6-3.9],3.7,3.6,3.9,,2025-11-11T14:11:28Z,2000,2000-01-01,2000-12-31
2043402,MDG_0000000017,COUNTRY,SLV,AMR,Americas,YEAR,2022,,,,,,,,,1.2 [1.1-1.3],1.2,1.1,1.3,,2025-11-11T14:11:28Z,2022,2022-01-01,2022-12-31
2043452,MDG_0000000017,COUNTRY,ALB,EUR,Europe,YEAR,2007,,,,,,,,,0.52 [0.35-0.72],0.52,0.35,0.72,,2025-11-11T14:11:28Z,2007,2007-01-01,2007-12-31
2045117,MDG_0000000017,COUNTRY,AFG,EMR,Eastern Mediterranean,YEAR,2002,,,,,,,,,59 [41-80],59,41,80,,2025-11-11T14:11:28Z,2002,2002-01-01,2002-12-31
2057569,MDG_0000000017,COUNTRY,SGP,WPR,Western Pacific,YEAR,2004,,,,,,,,,2 [1.8-2.1],2,1.8,2.1,,2025-11-11T14:11:28Z,2004,2004-01-01,2004-12-31
2061282,MDG_0000000017,COUNTRY,MDV,SEAR,South-East Asia,YEAR,2007,,,,,,,,,1.9 [1.7-2.2],1.9,1.7,2.2,,2025-11-11T14:11:28Z,2007,2007-01-01,2007-12-31
2068936,MDG_0000000017,COUNTRY,JOR,EMR,Eastern Mediterranean,YEAR,2016,,,,,,,,,0.12 [0.1-0.13],0.12,0.1,0.13,,2025-11-11T14:11:28Z,2016,2016-01-01,2016-12-31
2076358,MDG_0000000017,COUNTRY,PRI,AMR,Americas,YEAR,2016,,,,,,,,,0.36 [0.36-0.37],0.36,0.36,0.37,,2025-11-11T14:11:28Z,2016,2016-01-01,2016-12-31
2080626,MDG_0000000017,COUNTRY,KOR,WPR,Western Pacific,YEAR,2022,,,,,,,,,2.6 [2.5-2.8],2.6,2.5,2.8,,2025-11-11T14:11:28Z,2022,2022-01-01,2022-12-31
2080904,MDG_0000000017,REGION,AFR,,,YEAR,2011,,,,,,,,,51 [42-60],51,42,60,,2025-11-11T14:11:28Z,2011,2011-01-01,2011-12-31
2082103,MDG_0000000017,COUNTRY,CHN,WPR,Western Pacific,YEAR,2015,,,,,,,,,2.8 [2.5-3.1],2.8,2.5,3.1,,2025-11-11T14:11:28Z,2015,2015-01-01,2015-12-31
2082480,MDG_0000000017,COUNTRY,LBN,EMR,Eastern Mediterranean,YEAR,2003,,,,,,,,,3.3 [2.3-4.5],3.3,2.3,4.5,,2025-11-11T14:11:28Z,2003,2003-01-01,2003-12-31
2088681,MDG_0000000017,GLOBAL,GLOBAL,,,YEAR,2015,,,,,,,,,18 [16-20],18,16,20,,2025-11-11T14:11:28Z,2015,2015-01-01,2015-12-31
2093364,MDG_0000000017,COUNTRY,SSD,AFR,Africa,YEAR,2011,,,,,,,,,128 [55-233],128,55,233,,2025-11-11T14:11:28Z,2011,2011-01-01,2011-12-31
2100506,MDG_0000000017,WORLDBANKINCOMEGROUP,WB_UMI,,,YEAR,2023,,,,,,,,,7.8 [7.1-8.4],7.8,7.1,8.4,,2025-11-11T14:11:28Z,2023,2023-01-01,2023-12-31
2100746,MDG_0000000017,COUNTRY,LKA,SEAR,South-East Asia,YEAR,2016,,,,,,,,,3.5 [3.1-3.8],3.5,3.1,3.8,,2025-11-11T14:11:28Z,2016,2016-01-01,2016-12-31
2101370,MDG_0000000017,COUNTRY,CRI,AMR,Americas,YEAR,2009,,,,,,,,,0.94 [0.92-0.95],0.94,0.92,0.95,,2025-11-11T14:11:28Z,2009,2009-01-01,2009-12-31
2112145,MDG_0000000017,COUNTRY,RUS,EUR,Europe,YEAR,2013,,,,,,,,,12 [12-12],12,12,12,,2025-11-11T14:11:28Z,2013,2013-01-01,2013-12-31
2112813,MDG_0000000017,REGION,AFR,,,YEAR,2009,,,,,,,,,52 [43-62],52,43,62,,2025-11-11T14:11:28Z,2009,2009-01-01,2009-12-31
2114501,MDG_0000000017,COUNTRY,SLE,AFR,Africa,YEAR,2001,,,,,,,,,208 [91-373],208,91,373,,2025-11-11T14:11:28Z,2001,2001-01-01,2001-12-31
2118907,MDG_0000000017,COUNTRY,PRI,AMR,Americas,YEAR,2013,,,,,,,,,0.3 [0.3-0.3],0.3,0.3,0.3,,2025-11-11T14:11:28Z,2013,2013-01-01,2013-12-31
2126749,MDG_0000000017,COUNTRY,BHR,EMR,Eastern Mediterranean,YEAR,2009,,,,,,,,,0.65 [0.56-0.75],0.65,0.56,0.75,,2025-11-11T14:11:28Z,2009,2009-01-01,2009-12-31
2132021,MDG_0000000017,COUNTRY,MDG,AFR,Africa,YEAR,2005,,,,,,,,,60 [43-80],60,43,80,,2025-11-11T14:11:28Z,2005,2005-01-01,2005-12-31
2149924,MDG_0000000017,COUNTRY,GMB,AFR,Africa,YEAR,2002,,,,,,,,,23 [14-34],23,14,34,,2025-11-11T14:11:28Z,2002,2002-01-01,2002-12-31
2150247,MDG_0000000017,COUNTRY,ZWE,AFR,Africa,YEAR,2012,,,,,,,,,12 [7.5-17],12,7.5,17,,2025-11-11T14:11:28Z,2012,2012-01-01,2012-12-31
2151533,MDG_0000000017,COUNTRY,MDA,EUR,Europe,YEAR,2012,,,,,,,,,13 [13-14],13,13,14,,2025-11-11T14:11:28Z,2012,2012-01-01,2012-12-31
2162942,MDG_0000000017,COUNTRY,NOR,EUR,Europe,YEAR,2006,,,,,,,,,0.85 [0.83-0.87],0.85,0.83,0.87,,2025-11-11T14:11:28Z,2006,2006-01-01,2006-12-31
2163485,MDG_0000000017,COUNTRY,SLV,AMR,Americas,YEAR,2019,,,,,,,,,0.97 [0.88-1.1],0.97,0.88,1.1,,2025-11-11T14:11:28Z,2019,2019-01-01,2019-12-31
2169497,MDG_0000000017,REGION,EUR,,,YEAR,2012,,,,,,,,,4.5 [4.4-4.6],4.5,4.4,4.6,,2025-11-11T14:11:28Z,2012,2012-01-01,2012-12-31
2170218,MDG_0000000017,COUNTRY,GAB,AFR,Africa,YEAR,2014,,,,,,,,,59 [36-88],59,36,88,,2025-11-11T14:11:28Z,2014,2014-01-01,2014-12-31
2182080,MDG_0000000017,COUNTRY,IRQ,EMR,Eastern Mediterranean,YEAR,2017,,,,,,,,,2.4 [2.2-2.6],2.4,2.2,2.6,,2025-11-11T14:11:28Z,2017,2017-01-01,2017-12-31
2183168,MDG_0000000017,COUNTRY,LKA,SEAR,South-East Asia,YEAR,2000,,,,,,,,,7.9 [5.9-10],7.9,5.9,10,,2025-11-11T14:11:28Z,2000,2000-01-01,2000-12-31
2195834,MDG_0000000017,COUNTRY,ARM,EUR,Europe,YEAR,2005,,,,,,,,,8 [6.1-10],8,6.1,10,,2025-11-11T14:11:28Z,2005,2005-01-01,2005-12-31
2200056,MDG_0000000017,COUNTRY,LAO,WPR,Western Pacific,YEAR,2002,,,,,,,,,112 [65-171],112,65,171,,2025-11-11T14:11:28Z,2002,2002-01-01,2002-12-31
2200215,MDG_0000000017,COUNTRY,BGR,EUR,Europe,YEAR,2021,,,,,,,,,0.86 [0.82-0.89],0.86,0.82,0.89,,2025-11-11T14:11:28Z,2021,2021-01-01,2021-12-31
2201241,MDG_0000000017,COUNTRY,NZL,WPR,Western Pacific,YEAR,2009,,,,,,,,,0.37 [0.36-0.37],0.37,0.36,0.37,,2025-11-11T14:11:28Z,2009,2009-01-01,2009-12-31
2202330,MDG_0000000017,COUNTRY,AUS,WPR,Western Pacific,YEAR,2016,,,,,,,,,0.2 [0.2-0.2],0.2,0.2,0.2,,2025-11-11T14:11:28Z,2016,2016-01-01,2016-12-31
2207857,MDG_0000000017,COUNTRY,MHL,WPR,Western Pacific,YEAR,2000,,,,,,,,,55 [38-75],55,38,75,,2025-11-11T14:11:28Z,2000,2000-01-01,2000-12-31
2209205,MDG_0000000017,WORLDBANKINCOMEGROUP,WB_LMI,,,YEAR,2011,,,,,,,,,37 [32-43],37,32,43,,2025-11-11T14:11:28Z,2011,2011-01-01,2011-12-31
2214734,MDG_0000000017,REGION,WPR,,,YEAR,2010,,,,,,,,,12 [11-13],12,11,13,,2025-11-11T14:11:28Z,2010,2010-01-01,2010-12-31
2220433,MDG_0000000017,COUNTRY,PAK,EMR,Eastern Mediterranean,YEAR,2013,,,,,,,,,24 [20-28],24,20,28,,2025-11-11T14:11:28Z,2013,2013-01-01,2013-12-31
2220929,MDG_0000000017,COUNTRY,COD,AFR,Africa,YEAR,2000,,,,,,,,,186 [70-358],186,70,358,,2025-11-11T14:11:28Z,2000,2000-01-01,2000-12-31
2227094,MDG_0000000017,COUNTRY,ECU,AMR,Americas,YEAR,2011,,,,,,,,,4.2 [3.5-4.9],4.2,3.5,4.9,,2025-11-11T14:11:28Z,2011,2011-01-01,2011-12-31
2232776,MDG_0000000017,COUNTRY,PER,AMR,Americas,YEAR,2002,,,,,,,,,9.2 [7.3-11],9.2,7.3,11,,2025-11-11T14:11:28Z,2002,2002-01-01,2002-12-31
2233261,MDG_0000000017,COUNTRY,VUT,WPR,Western Pacific,YEAR,2002,,,,,,,,,114 [89-141],114,89,141,,2025-11-11T14:11:28Z,2002,2002-01-01,2002-12-31
2234145,MDG_0000000017,COUNTRY,GTM,AMR,Americas,YEAR,2010,,,,,,,,,2.5 [2.4-2.7],2.5,2.4,2.7,,2025-11-11T14:11:28Z,2010,2010-01-01,2010-12-31
2239561,MDG_0000000017,COUNTRY,URY,AMR,Americas,YEAR,2018,,,,,,,,,2 [1.9-2.1],2,1.9,2.1,,2025-11-11T14:11:28Z,2018,2018-01-01,2018-12-31
2244762,MDG_0000000017,COUNTRY,ETH,AFR,Africa,YEAR,2003,,,,,,,,,75 [41-118],75,41,118,,2025-11-11T14:11:28Z,2003,2003-01-01,2003-12-31
2258940,MDG_0000000017,COUNTRY,PRY,AMR,Americas,YEAR,2008,,,,,,,,,3.9 [3.6-4.3],3.9,3.6,4.3,,2025-11-11T14:11:28Z,2008,2008-01-01,2008-12-31
2263471,MDG_0000000017,COUNTRY,AUS,WPR,Western Pacific,YEAR,2004,,,,,,,,,0.31 [0.31-0.31],0.31,0.31,0.31,,2025-11-11T14:11:28Z,2004,2004-01-01,2004-12-31
2269861,MDG_0000000017,COUNTRY,SOM,EMR,Eastern Mediterranean,YEAR,2003,,,,,,,,,107 [77-141],107,77,141,,2025-11-11T14:11:28Z,2003,2003-01-01,2003-12-31
2276146,MDG_0000000017,COUNTRY,JPN,WPR,Western Pacific,YEAR,2002,,,,,,,,,3.5 [3.5-3.6],3.5,3.5,3.6,,2025-11-11T14:11:28Z,2002,2002-01-01,2002-12-31
2278194,MDG_0000000017,COUNTRY,IRN,EMR,Eastern Mediterranean,YEAR,2020,,,,,,,,,1 [0.97-1],1,0.97,1,,2025-11-11T14:11:28Z,2020,2020-01-01,2020-12-31
2283907,MDG_0000000017,COUNTRY,AUT,EUR,Europe,YEAR,2022,,,,,,,,,0.4 [0.39-0.4],0.4,0.39,0.4,,2025-11-11T14:11:28Z,2022,2022-01-01,2022-12-31
2290222,MDG_0000000017,COUNTRY,IRQ,EMR,Eastern Mediterranean,YEAR,2010,,,,,,,,,3.4 [3.1-3.7],3.4,3.1,3.7,,2025-11-11T14:11:28Z,2010,2010-01-01,2010-12-31
2290641,MDG_0000000017,COUNTRY,JOR,EMR,Eastern Mediterranean,YEAR,2003,,,,,,,,,0.56 [0.44-0.69],0.56,0.44,0.69,,2025-11-11T14:11:28Z,2003,2003-01-01,2003-12-31
2302516,MDG_0000000017,COUNTRY,BOL,AMR,Americas,YEAR,2005,,,,,,,,,20 [16-25],20,16,25,,2025-11-11T14:11:28Z,2005,2005-01-01,2005-12-31
2308091,MDG_0000000017,COUNTRY,DEU,EUR,Europe,YEAR,2001,,,,,,,,,0.66 [0.65-0.67],0.66,0.65,0.67,,2025-11-11T14:11:28Z,2001,2001-01-01,2001-12-31
2308941,MDG_0000000017,COUNTRY,PRY,AMR,Americas,YEAR,2014,,,,,,,,,3.7 [3.4-4],3.7,3.4,4,,2025-11-11T14:11:28Z,2014,2014-01-01,2014-12-31
2320833,MDG_0000000017,COUNTRY,FIN,EUR,Europe,YEAR,2017,,,,,,,,,0.64 [0.64-0.64],0.64,0.64,0.64,,2025-11-11T14:11:28Z,2017,2017-01-01,2017-12-31
2321634,MDG_0000000017,COUNTRY,HRV,EUR,Europe,YEAR,2006,,,,,,,,,3.3 [3.3-3.3],3.3,3.3,3.3,,2025-11-11T14:11:28Z,2006,2006-01-01,2006-12-31
2322594,MDG_0000000017,COUNTRY,TJK,EUR,Europe,YEAR,2011,,,,,,,,,10 [9.5-11],10,9.5,11,,2025-11-11T14:11:28Z,2011,2011-01-01,2011-12-31
2322992,MDG_0000000017,COUNTRY,LTU,EUR,Europe,YEAR,2019,,,,,,,,,4.2 [4.1-4.4],4.2,4.1,4.4,,2025-11-11T14:11:28Z,2019,2019-01-01,2019-12-31
2327004,MDG_0000000017,COUNTRY,VUT,WPR,Western Pacific,YEAR,2007,,,,,,,,,46 [35-58],46,35,58,,2025-11-11T14:11:28Z,2007,2007-01-01,2007-12-31
2334764,MDG_0000000017,COUNTRY,TZA,AFR,Africa,YEAR,2009,,,,,,,,,73 [36-123],73,36,123,,2025-11-11T14:11:28Z,2009,2009-01-01,2009-12-31
2335767,MDG_0000000017,COUNTRY,BEL,EUR,Europe,YEAR,2002,,,,,,,,,0.81 [0.8-0.82],0.81,0.8,0.82,,2025-11-11T14:11:28Z,2002,2002-01-01,2002-12-31
2335834,MDG_0000000017,COUNTRY,GIN,AFR,Africa,YEAR,2009,,,,,,,,,37 [26-50],37,26,50,,2025-11-11T14:11:28Z,2009,2009-01-01,2009-12-31
2339896,MDG_0000000017,COUNTRY,BLZ,AMR,Americas,YEAR,2013,,,,,,,,,4 [4-4.1],4,4,4.1,,2025-11-11T14:11:28Z,2013,2013-01-01,2013-12-31
2345788,MDG_0000000017,COUNTRY,AGO,AFR,Africa,YEAR,2023,,,,,,,,,64 [38-97],64,38,97,,2025-11-11T14:11:28Z,2023,2023-01-01,2023-12-31
2347971,MDG_0000000017,COUNTRY,CUB,AMR,Americas,YEAR,2023,,,,,,,,,0.66 [0.52-0.81],0.66,0.52,0.81,,2025-11-11T14:11:28Z,2023,2023-01-01,2023-12-31
2358493,MDG_0000000017,COUNTRY,IDN,WPR,Western Pacific,YEAR,2011,,,,,,,,,45 [43-47],45,43,47,,2025-11-11T14:11:28Z,2011,2011-01-01,2011-12-31
2367638,MDG_0000000017,COUNTRY,KAZ,EUR,Europe,YEAR,2014,,,,,,,,,5.2 [5-5.4],5.2,5,5.4,,2025-11-11T14:11:28Z,2014,2014-01-01,2014-12-31
2372406,MDG_0000000017,COUNTRY,SWZ,AFR,Africa,YEAR,2003,,,,,,,,,78 [28-152],78,28,152,,2025-11-11T14:11:28Z,2003,2003-01-01,2003-12-31
2372642,MDG_0000000017,COUNTRY,LTU,EUR,Europe,YEAR,2000,,,,,,,,,13 [10-16],13,10,16,,2025-11-11T14:11:28Z,2000,2000-01-01,2000-12-31
2374316,MDG_0000000017,COUNTRY,PRT,EUR,Europe,YEAR,2007,,,,,,,,,2.8 [2.6-3],2.8,2.6,3,,2025-11-11T14:11:28Z,2007,2007-01-01,2007-12-31
2378740,MDG_0000000017,COUNTRY,PRI,AMR,Americas,YEAR,2024,,,,,,,,,0.19 [0.18-0.19],0.19,0.18,0.19,,2025-11-11T14:11:28Z,2024,2024-01-01,2024-12-31
2380576,MDG_0000000017,COUNTRY,MAR,EMR,Eastern Mediterranean,YEAR,2013,,,,,,,,,7.1 [4.1-11],7.1,4.1,11,,2025-11-11T14:11:28Z,2013,2013-01-01,2013-12-31
2380609,MDG_0000000017,COUNTRY,NAM,AFR,Africa,YEAR,2002,,,,,,,,,69 [27-130],69,27,130,,2025-11-11T14:11:28Z,2002,2002-01-01,2002-12-31
2386517,MDG_0000000017,COUNTRY,SAU,EMR,Eastern Mediterranean,YEAR,2023,,,,,,,,,0.54 [0.49-0.6],0.54,0.49,0.6,,2025-11-11T14:11:28Z,2023,2023-01-01,2023-12-31
2396779,MDG_0000000017,COUNTRY,DJI,EMR,Eastern Mediterranean,YEAR,2011,,,,,,,,,300 [180-449],300,180,449,,2025-11-11T14:11:28Z,2011,2011-01-01,2011-12-31
2398826,MDG_0000000017,COUNTRY,MAR,EMR,Eastern Mediterranean,YEAR,2002,,,,,,,,,8.4 [4.9-13],8.4,4.9,13,,2025-11-11T14:11:28Z,2002,2002-01-01,2002-12-31
2403616,MDG_0000000017,COUNTRY,PRT,EUR,Europe,YEAR,2020,,,,,,,,,1.8 [1.7-1.8],1.8,1.7,1.8,,2025-11-11T14:11:28Z,2020,2020-01-01,2020-12-31
2409504,MDG_0000000017,COUNTRY,STP,AFR,Africa,YEAR,2021,,,,,,,,,9 [6.1-12],9,6.1,12,,2025-11-11T14:11:28Z,2021,2021-01-01,2021-12-31
2410574,MDG_0000000017,COUNTRY,IRL,EUR,Europe,YEAR,2008,,,,,,,,,0.71 [0.71-0.72],0.71,0.71,0.72,,2025-11-11T14:11:28Z,2008,2008-01-01,2008-12-31
2417486,MDG_0000000017,COUNTRY,VNM,WPR,Western Pacific,YEAR,2020,,,,,,,,,9.7 [6.2-14],9.7,6.2,14,,2025-11-11T14:11:28Z,2020,2020-01-01,2020-12-31
2418347,MDG_0000000017,COUNTRY,CHE,EUR,Europe,YEAR,2019,,,,,,,,,0.1 [0.1-0.1],0.1,0.1,0.1,,2025-11-11T14:11:28Z,2019,2019-01-01,2019-12-31
2418477,MDG_0000000017,COUNTRY,LBN,EMR,Eastern Mediterranean,YEAR,2021,,,,,,,,,1.6 [1.1-2.2],1.6,1.1,2.2,,2025-11-11T14:11:28Z,2021,2021-01-01,2021-12-31
2429948,MDG_0000000017,COUNTRY,FRA,EUR,Europe,YEAR,2007,,,,,,,,,1.1 [1.1-1.2],1.1,1.1,1.2,,2025-11-11T14:11:28Z,2007,2007-01-01,2007-12-31
2443280,MDG_0000000017,COUNTRY,MOZ,AFR,Africa,YEAR,2017,,,,,,,,,22 [12-34],22,12,34,,2025-11-11T14:11:28Z,2017,2017-01-01,2017-12-31
2453398,MDG_0000000017,COUNTRY,KOR,WPR,Western Pacific,YEAR,2017,,,,,,,,,4.2 [4-4.4],4.2,4,4.4,,2025-11-11T14:11:28Z,2017,2017-01-01,2017-12-31
2455471,MDG_0000000017,COUNTRY,BEN,AFR,Africa,YEAR,2003,,,,,,,,,16 [8.6-25],16,8.6,25,,2025-11-11T14:11:28Z,2003,2003-01-01,2003-12-31
2461578,MDG_0000000017,COUNTRY,SWZ,AFR,Africa,YEAR,2012,,,,,,,,,54 [31-83],54,31,83,,2025-11-11T14:11:28Z,2012,2012-01-01,2012-12-31
2466545,MDG_0000000017,COUNTRY,VUT,WPR,Western Pacific,YEAR,2003,,,,,,,,,94 [74-118],94,74,118,,2025-11-11T14:11:28Z,2003,2003-01-01,2003-12-31
2472529,MDG_0000000017,REGION,AFR,,,YEAR,2004,,,,,,,,,60 [49-72],60,49,72,,2025-11-11T14:11:28Z,2004,2004-01-01,2004-12-31
2485095,MDG_0000000017,COUNTRY,OMN,EMR,Eastern Mediterranean,YEAR,2024,,,,,,,,,0.36 [0.26-0.47],0.36,0.26,0.47,,2025-11-11T14:11:28Z,2024,2024-01-01,2024-12-31
2485444,MDG_0000000017,COUNTRY,GHA,AFR,Africa,YEAR,2001,,,,,,,,,47 [19-88],47,19,88,,2025-11-11T14:11:28Z,2001,2001-01-01,2001-12-31
2492386,MDG_0000000017,COUNTRY,PRY,AMR,Americas,YEAR,2023,,,,,,,,,3.4 [1.4-6.1],3.4,1.4,6.1,,2025-11-11T14:11:28Z,2023,2023-01-01,2023-12-31
2497540,MDG_0000000017,COUNTRY,CZE,EUR,Europe,YEAR,2020,,,,,,,,,0.23 [0.23-0.23],0.23,0.23,0.23,,2025-11-11T14:11:28Z,2020,2020-01-01,2020-12-31
2498185,MDG_0000000017,COUNTRY,QAT,EMR,Eastern Mediterranean,YEAR,2014,,,,,,,,,0.32 [0.26-0.39],0.32,0.26,0.39,,2025-11-11T14:11:28Z,2014,2014-01-01,2014-12-31
2500094,MDG_0000000017,COUNTRY,USA,AMR,Americas,YEAR,2009,,,,,,,,,0.19 [0.19-0.19],0.19,0.19,0.19,,2025-11-11T14:11:28Z,2009,2009-01-01,2009-12-31
2505867,MDG_0000000017,WORLDBANKINCOMEGROUP,WB_LMI,,,YEAR,2018,,,,,,,,,27 [23-31],27,23,31,,2025-11-11T14:11:28Z,2018,2018-01-01,2018-12-31
2506247,MDG_0000000017,COUNTRY,CUB,AMR,Americas,YEAR,2016,,,,,,,,,0.38 [0.37-0.38],0.38,0.37,0.38,,2025-11-11T14:11:28Z,2016,2016-01-01,2016-12-31
2517718,MDG_0000000017,COUNTRY,DJI,EMR,Eastern Mediterranean,YEAR,2020,,,,,,,,,92 [64-126],92,64,126,,2025-11-11T14:11:28Z,2020,2020-01-01,2020-12-31
2517875,MDG_0000000017,COUNTRY,MDV,SEAR,South-East Asia,YEAR,2015,,,,,,,,,1.6 [1.4-1.8],1.6,1.4,1.8,,2025-11-11T14:11:28Z,2015,2015-01-01,2015-12-31
2518678,MDG_0000000017,COUNTRY,AGO,AFR,Africa,YEAR,2009,,,,,,,,,124 [91-163],124,91,163,,2025-11-11T14:11:28Z,2009,2009-01-01,2009-12-31
2518746,MDG_0000000017,COUNTRY,CHN,WPR,Western Pacific,YEAR,2020,,,,,,,,,2.1 [1.9-2.3],2.1,1.9,2.3,,2025-11-11T14:11:28Z,2020,2020-01-01,2020-12-31
2519487,MDG_0000000017,COUNTRY,TGO,AFR,Africa,YEAR,2012,,,,,,,,,13 [7.3-20],13,7.3,20,,2025-11-11T14:11:28Z,2012,2012-01-01,2012-12-31
2529535,MDG_0000000017,COUNTRY,KAZ,EUR,Europe,YEAR,2011,,,,,,,,,10 [8.9-11],10,8.9,11,,2025-11-11T14:11:28Z,2011,2011-01-01,2011-12-31
2535548,MDG_0000000017,COUNTRY,SOM,EMR,Eastern Mediterranean,YEAR,2012,,,,,,,,,43 [30-58],43,30,58,,2025-11-11T14:11:28Z,2012,2012-01-01,2012-12-31
2536015,MDG_0000000017,COUNTRY,BFA,AFR,Africa,YEAR,2016,,,,,,,,,15 [6.7-28],15,6.7,28,,2025-11-11T14:11:28Z,2016,2016-01-01,2016-12-31
2544490,MDG_0000000017,COUNTRY,SWZ,AFR,Africa,YEAR,2018,,,,,,,,,34 [17-56],34,17,56,,2025-11-11T14:11:28Z,2018,2018-01-01,2018-12-31
2548402,MDG_0000000017,COUNTRY,EST,EUR,Europe,YEAR,2014,,,,,,,,,2.2 [2.2-2.2],2.2,2.2,2.2,,2025-11-11T14:11:28Z,2014,2014-01-01,2014-12-31
2549158,MDG_0000000017,COUNTRY,CPV,AFR,Africa,YEAR,2015,,,,,,,,,4.3 [3.7-4.8],4.3,3.7,4.8,,2025-11-11T14:11:28Z,2015,2015-01-01,2015-12-31
2554482,MDG_0000000017,COUNTRY,UKR,EUR,Europe,YEAR,2013,,,,,,,,,14 [14-15],14,14,15,,2025-11-11T14:11:28Z,2013,2013-01-01,2013-12-31
2554835,MDG_0000000017,COUNTRY,ERI,AFR,Africa,YEAR,2016,,,,,,,,,39 [27-54],39,27,54,,2025-11-11T14:11:28Z,2016,2016-01-01,2016-12-31
2556512,MDG_0000000017,COUNTRY,TCD,AFR,Africa,YEAR,2004,,,,,,,,,28 [17-41],28,17,41,,2025-11-11T14:11:28Z,2004,2004-01-01,2004-12-31
2556577,MDG_0000000017,COUNTRY,ERI,AFR,Africa,YEAR,2006,,,,,,,,,97 [65-137],97,65,137,,2025-11-11T14:11:28Z,2006,2006-01-01,2006-12-31
2556648,MDG_0000000017,COUNTRY,CHL,AMR,Americas,YEAR,2001,,,,,,,,,4 [3.9-4.1],4,3.9,4.1,,2025-11-11T14:11:28Z,2001,2001-01-01,2001-12-31
2562797,MDG_0000000017,COUNTRY,MNG,WPR,Western Pacific,YEAR,2001,,,,,,,,,20 [18-22],20,18,22,,2025-11-11T14:11:28Z,2001,2001-01-01,2001-12-31
2567373,MDG_0000000017,COUNTRY,PRT,EUR,Europe,YEAR,2012,,,,,,,,,2.2 [2.1-2.4],2.2,2.1,2.4,,2025-11-11T14:11:28Z,2012,2012-01-01,2012-12-31
2567406,MDG_0000000017,COUNTRY,SVN,EUR,Europe,YEAR,2002,,,,,,,,,1.1 [1.1-1.1],1.1,1.1,1.1,,2025-11-11T14:11:28Z,2002,2002-01-01,2002-12-31
2576018,MDG_0000000017,COUNTRY,MOZ,AFR,Africa,YEAR,2008,,,,,,,,,32 [18-50],32,18,50,,2025-11-11T14:11:28Z,2008,2008-01-01,2008-12-31
2576076,MDG_0000000017,COUNTRY,AZE,EUR,Europe,YEAR,2011,,,,,,,,,7.2 [6.7-7.7],7.2,6.7,7.7,,2025-11-11T14:11:28Z,2011,2011-01-01,2011-12-31
2576385,MDG_0000000017,COUNTRY,BIH,EUR,Europe,YEAR,2005,,,,,,,,,5.2 [4.9-5.5],5.2,4.9,5.5,,2025-11-11T14:11:28Z,2005,2005-01-01,2005-12-31
2579934,MDG_0000000017,WORLDBANKINCOMEGROUP,WB_UMI,,,YEAR,2013,,,,,,,,,8 [7.7-8.3],8,7.7,8.3,,2025-11-11T14:11:28Z,2013,2013-01-01,2013-12-31
2582826,MDG_0000000017,COUNTRY,UKR,EUR,Europe,YEAR,2023,,,,,,,,,7 [6.7-7.3],7,6.7,7.3,,2025-11-11T14:11:28Z,2023,2023-01-01,2023-12-31
2588838,MDG_0000000017,COUNTRY,GIN,AFR,Africa,YEAR,2014,,,,,,,,,27 [19-37],27,19,37,,2025-11-11T14:11:28Z,2014,2014-01-01,2014-12-31
2588949,MDG_0000000017,COUNTRY,POL,EUR,Europe,YEAR,2016,,,,,,,,,1.6 [1.5-1.6],1.6,1.5,1.6,,2025-11-11T14:11:28Z,2016,2016-01-01,2016-12-31
2592618,MDG_0000000017,COUNTRY,ESP,EUR,Europe,YEAR,2024,,,,,,,,,0.43 [0.42-0.44],0.43,0.42,0.44,,2025-11-11T14:11:28Z,2024,2024-01-01,2024-12-31
2593132,MDG_0000000017,COUNTRY,BDI,AFR,Africa,YEAR,2021,,,,,,,,,18 [11-27],18,11,27,,2025-11-11T14:11:28Z,2021,2021-01-01,2021-12-31
2595609,MDG_0000000017,COUNTRY,MNG,WPR,Western Pacific,YEAR,2012,,,,,,,,,12 [11-13],12,11,13,,2025-11-11T14:11:28Z,2012,2012-01-01,2012-12-31
2601157,MDG_0000000017,COUNTRY,AUS,WPR,Western Pacific,YEAR,2012,,,,,,,,,0.15 [0.15-0.15],0.15,0.15,0.15,,2025-11-11T14:11:28Z,2012,2012-01-01,2012-12-31
2601201,MDG_0000000017,COUNTRY,DZA,AFR,Africa,YEAR,2018,,,,,,,,,9.8 [6.6-14],9.8,6.6,14,,2025-11-11T14:11:28Z,2018,2018-01-01,2018-12-31
2605498,MDG_0000000017,COUNTRY,BGD,SEAR,South-East Asia,YEAR,2004,,,,,,,,,66 [42-96],66,42,96,,2025-11-11T14:11:28Z,2004,2004-01-01,2004-12-31
2606646,MDG_0000000017,REGION,EMR,,,YEAR,2011,,,,,,,,,14 [13-16],14,13,16,,2025-11-11T14:11:28Z,2011,2011-01-01,2011-12-31
2607004,MDG_0000000017,COUNTRY,GHA,AFR,Africa,YEAR,2022,,,,,,,,,32 [14-58],32,14,58,,2025-11-11T14:11:28Z,2022,2022-01-01,2022-12-31
2614029,MDG_0000000017,COUNTRY,NOR,EUR,Europe,YEAR,2021,,,,,,,,,0.19 [0.19-0.2],0.19,0.19,0.2,,2025-11-11T14:11:28Z,2021,2021-01-01,2021-12-31
2620011,MDG_0000000017,COUNTRY,SEN,AFR,Africa,YEAR,2011,,,,,,,,,39 [27-53],39,27,53,,2025-11-11T14:11:28Z,2011,2011-01-01,2011-12-31
2630690,MDG_0000000017,COUNTRY,LAO,WPR,Western Pacific,YEAR,2013,,,,,,,,,58 [34-87],58,34,87,,2025-11-11T14:11:28Z,2013,2013-01-01,2013-12-31
2631867,MDG_0000000017,COUNTRY,LTU,EUR,Europe,YEAR,2024,,,,,,,,,4.4 [3.6-5.2],4.4,3.6,5.2,,2025-11-11T14:11:28Z,2024,2024-01-01,2024-12-31
2637528,MDG_0000000017,COUNTRY,ZMB,AFR,Africa,YEAR,2023,,,,,,,,,11 [5.2-20],11,5.2,20,,2025-11-11T14:11:28Z,2023,2023-01-01,2023-12-31
2643893,MDG_0000000017,COUNTRY,TTO,AMR,Americas,YEAR,2007,,,,,,,,,1.3 [1.3-1.3],1.3,1.3,1.3,,2025-11-11T14:11:28Z,2007,2007-01-01,2007-12-31
2644409,MDG_0000000017,COUNTRY,VUT,WPR,Western Pacific,YEAR,2020,,,,,,,,,11 [5.1-20],11,5.1,20,,2025-11-11T14:11:28Z,2020,2020-01-01,2020-12-31
2655465,MDG_0000000017,COUNTRY,CUB,AMR,Americas,YEAR,2019,,,,,,,,,0.31 [0.31-0.31],0.31,0.31,0.31,,2025-11-11T14:11:28Z,2019,2019-01-01,2019-12-31
2662144,MDG_0000000017,COUNTRY,LUX,EUR,Europe,YEAR,2016,,,,,,,,,0.18 [0.17-0.18],0.18,0.17,0.18,,2025-11-11T14:11:28Z,2016,2016-01-01,2016-12-31
2662520,MDG_0000000017,COUNTRY,UZB,EUR,Europe,YEAR,2002,,,,,,,,,25 [16-35],25,16,35,,2025-11-11T14:11:28Z,2002,2002-01-01,2002-12-31
2669587,MDG_0000000017,COUNTRY,UZB,EUR,Europe,YEAR,2014,,,,,,,,,8.7 [6.9-11],8.7,6.9,11,,2025-11-11T14:11:28Z,2014,2014-01-01,2014-12-31
2669763,MDG_0000000017,COUNTRY,STP,AFR,Africa,YEAR,2007,,,,,,,,,39 [27-54],39,27,54,,2025-11-11T14:11:28Z,2007,2007-01-01,2007-12-31
2674083,MDG_0000000017,COUNTRY,MDG,AFR,Africa,YEAR,2015,,,,,,,,,46 [33-62],46,33,62,,2025-11-11T14:11:28Z,2015,2015-01-01,2015-12-31
2675758,MDG_0000000017,COUNTRY,LKA,SEAR,South-East Asia,YEAR,2017,,,,,,,,,3.5 [3.1-3.8],3.5,3.1,3.8,,2025-11-11T14:11:28Z,2017,2017-01-01,2017-12-31
2675817,MDG_0000000017,COUNTRY,NAM,AFR,Africa,YEAR,2010,,,,,,,,,77 [49-111],77,49,111,,2025-11-11T14:11:28Z,2010,2010-01-01,2010-12-31
2682707,MDG_0000000017,COUNTRY,HND,AMR,Americas,YEAR,2019,,,,,,,,,4.6 [3.9-5.5],4.6,3.9,5.5,,2025-11-11T14:11:28Z,2019,2019-01-01,2019-12-31
2683415,MDG_0000000017,COUNTRY,GUY,AMR,Americas,YEAR,2000,,,,,,,,,11 [9.1-13],11,9.1,13,,2025-11-11T14:11:28Z,2000,2000-01-01,2000-12-31
2694419,MDG_0000000017,COUNTRY,RWA,AFR,Africa,YEAR,2024,,,,,,,,,2.4 [0.91-4.7],2.4,0.91,4.7,,2025-11-11T14:11:28Z,2024,2024-01-01,2024-12-31
2694841,MDG_0000000017,COUNTRY,NZL,WPR,Western Pacific,YEAR,2012,,,,,,,,,0.22 [0.22-0.22],0.22,0.22,0.22,,2025-11-11T14:11:28Z,2012,2012-01-01,2012-12-31
2702348,MDG_0000000017,COUNTRY,BGR,EUR,Europe,YEAR,2015,,,,,,,,,1.7 [1.7-1.8],1.7,1.7,1.8,,2025-11-11T14:11:28Z,2015,2015-01-01,2015-12-31
2705841,MDG_0000000017,COUNTRY,CRI,AMR,Americas,YEAR,2012,,,,,,,,,1.1 [1.1-1.1],1.1,1.1,1.1,,2025-11-11T14:11:28Z,2012,2012-01-01,2012-12-31
2708790,MDG_0000000017,COUNTRY,JAM,AMR,Americas,YEAR,2003,,,,,,,,,1.3 [1.2-1.4],1.3,1.2,1.4,,2025-11-11T14:11:28Z,2003,2003-01-01,2003-12-31
2720682,MDG_0000000017,COUNTRY,SEN,AFR,Africa,YEAR,2023,,,,,,,,,19 [12-28],19,12,28,,2025-11-11T14:11:28Z,2023,2023-01-01,2023-12-31
2725165,MDG_0000000017,COUNTRY,LBN,EMR,Eastern Mediterranean,YEAR,2005,,,,,,,,,2.7 [1.9-3.7],2.7,1.9,3.7,,2025-11-11T14:11:28Z,2005,2005-01-01,2005-12-31
2725450,MDG_0000000017,REGION,EMR,,,YEAR,2020,,,,,,,,,11 [9.7-13],11,9.7,13,,2025-11-11T14:11:28Z,2020,2020-01-01,2020-12-31
2725496,MDG_0000000017,COUNTRY,PSE,EMR,Eastern Mediterranean,YEAR,2022,,,,,,,,,0.09 [0.06-0.12],0.09,0.06,0.12,,2025-11-11T14:11:28Z,2022,2022-01-01,2022-12-31
2726204,MDG_0000000017,COUNTRY,ZAF,AFR,Africa,YEAR,2005,,,,,,,,,71 [69-74],71,69,74,,2025-11-11T14:11:28Z,2005,2005-01-01,2005-12-31
2726672,MDG_0000000017,COUNTRY,EST,EUR,Europe,YEAR,2021,,,,,,,,,0.99 [0.98-1],0.99,0.98,1,,2025-11-11T14:11:28Z,2021,2021-01-01,2021-12-31
2734282,MDG_0000000017,COUNTRY,ZMB,AFR,Africa,YEAR,2011,,,,,,,,,29 [17-43],29,17,43,,2025-11-11T14:11:28Z,2011,2011-01-01,2011-12-31
2740562,MDG_0000000017,COUNTRY,AGO,AFR,Africa,YEAR,2008,,,,,,,,,100 [68-139],100,68,139,,2025-11-11T14:11:28Z,2008,2008-01-01,2008-12-31
2752908,MDG_0000000017,COUNTRY,CZE,EUR,Europe,YEAR,2012,,,,,,,,,0.29 [0.29-0.29],0.29,0.29,0.29,,2025-11-11T14:11:28Z,2012,2012-01-01,2012-12-31
2765515,MDG_0000000017,COUNTRY,ARG,AMR,Americas,YEAR,2008,,,,,,,,,1.6 [1.5-1.7],1.6,1.5,1.7,,2025-11-11T14:11:28Z,2008,2008-01-01,2008-12-31
2775925,MDG_0000000017,COUNTRY,GBR,EUR,Europe,YEAR,2001,,,,,,,,,0.84 [0.83-0.85],0.84,0.83,0.85,,2025-11-11T14:11:28Z,2001,2001-01-01,2001-12-31
2778494,MDG_0000000017,COUNTRY,ARG,AMR,Americas,YEAR,2011,,,,,,,,,1.6 [1.6-1.7],1.6,1.6,1.7,,2025-11-11T14:11:28Z,2011,2011-01-01,2011-12-31
2782074,MDG_0000000017,COUNTRY,ARG,AMR,Americas,YEAR,2001,,,,,,,,,2.3 [2.2-2.4],2.3,2.2,2.4,,2025-11-11T14:11:28Z,2001,2001-01-01,2001-12-31
2784818,MDG_0000000017,COUNTRY,SOM,EMR,Eastern Mediterranean,YEAR,2004,,,,,,,,,95 [68-126],95,68,126,,2025-11-11T14:11:28Z,2004,2004-01-01,2004-12-31
2790461,MDG_0000000017,COUNTRY,KOR,WPR,Western Pacific,YEAR,2023,,,,,,,,,2.9 [2.7-3.1],2.9,2.7,3.1,,2025-11-11T14:11:28Z,2023,2023-01-01,2023-12-31
2796023,MDG_0000000017,COUNTRY,SYR,EMR,Eastern Mediterranean,YEAR,2007,,,,,,,,,0.24 [0.19-0.29],0.24,0.19,0.29,,2025-11-11T14:11:28Z,2007,2007-01-01,2007-12-31
2802717,MDG_0000000017,COUNTRY,ARG,AMR,Americas,YEAR,2005,,,,,,,,,2 [1.9-2],2,1.9,2,,2025-11-11T14:11:28Z,2005,2005-01-01,2005-12-31
2815375,MDG_0000000017,COUNTRY,IRL,EUR,Europe,YEAR,2021,,,,,,,,,0.26 [0.26-0.26],0.26,0.26,0.26,,2025-11-11T14:11:28Z,2021,2021-01-01,2021-12-31
2821250,MDG_0000000017,COUNTRY,BHS,AMR,Americas,YEAR,2021,,,,,,,,,0.58 [0.56-0.6],0.58,0.56,0.6,,2025-11-11T14:11:28Z,2021,2021-01-01,2021-12-31
2828211,MDG_0000000017,COUNTRY,BGD,SEAR,South-East Asia,YEAR,2007,,,,,,,,,54 [35-77],54,35,77,,2025-11-11T14:11:28Z,2007,2007-01-01,2007-12-31
2828726,MDG_0000000017,COUNTRY,SGP,WPR,Western Pacific,YEAR,2016,,,,,,,,,0.86 [0.76-0.96],0.86,0.76,0.96,,2025-11-11T14:11:28Z,2016,2016-01-01,2016-12-31
2833152,MDG_0000000017,COUNTRY,LUX,EUR,Europe,YEAR,2003,,,,,,,,,0.91 [0.89-0.93],0.91,0.89,0.93,,2025-11-11T14:11:28Z,2003,2003-01-01,2003-12-31
2833732,MDG_0000000017,COUNTRY,VNM,WPR,Western Pacific,YEAR,2000,,,,,,,,,43 [26-66],43,26,66,,2025-11-11T14:11:28Z,2000,2000-01-01,2000-12-31
2834439,MDG_0000000017,REGION,EMR,,,YEAR,2004,,,,,,,,,20 [18-22],20,18,22,,2025-11-11T14:11:28Z,2004,2004-01-01,2004-12-31
2841427,MDG_0000000017,COUNTRY,DZA,AFR,Africa,YEAR,2024,,,,,,,,,7 [4.8-9.7],7,4.8,9.7,,2025-11-11T14:11:28Z,2024,2024-01-01,2024-12-31
2846013,MDG_0000000017,COUNTRY,OMN,EMR,Eastern Mediterranean,YEAR,2022,,,,,,,,,0.36 [0.26-0.47],0.36,0.26,0.47,,2025-11-11T14:11:28Z,2022,2022-01-01,2022-12-31
2859360,MDG_0000000017,COUNTRY,KAZ,EUR,Europe,YEAR,2003,,,,,,,,,24 [23-25],24,23,25,,2025-11-11T14:11:28Z,2003,2003-01-01,2003-12-31
2860492,MDG_0000000017,COUNTRY,MOZ,AFR,Africa,YEAR,2010,,,,,,,,,31 [18-49],31,18,49,,2025-11-11T14:11:28Z,2010,2010-01-01,2010-12-31
2871658,MDG_0000000017,COUNTRY,PSE,EMR,Eastern Mediterranean,YEAR,2004,,,,,,,,,0.28 [0.19-0.39],0.28,0.19,0.39,,2025-11-11T14:11:28Z,2004,2004-01-01,2004-12-31
2872437,MDG_0000000017,COUNTRY,JPN,WPR,Western Pacific,YEAR,2007,,,,,,,,,3.2 [3.1-3.3],3.2,3.1,3.3,,2025-11-11T14:11:28Z,2007,2007-01-01,2007-12-31
2890671,MDG_0000000017,COUNTRY,MNG,WPR,Western Pacific,YEAR,2021,,,,,,,,,11 [9.4-12],11,9.4,12,,2025-11-11T14:11:28Z,2021,2021-01-01,2021-12-31
2891965,MDG_0000000017,COUNTRY,SVN,EUR,Europe,YEAR,2023,,,,,,,,,0.1 [0.1-0.11],0.1,0.1,0.11,,2025-11-11T14:11:28Z,2023,2023-01-01,2023-12-31
2898757,MDG_0000000017,COUNTRY,DEU,EUR,Europe,YEAR,2002,,,,,,,,,0.62 [0.61-0.63],0.62,0.61,0.63,,2025-11-11T14:11:28Z,2002,2002-01-01,2002-12-31
2902669,MDG_0000000017,COUNTRY,GRC,EUR,Europe,YEAR,2000,,,,,,,,,0.91 [0.82-0.99],0.91,0.82,0.99,,2025-11-11T14:11:28Z,2000,2000-01-01,2000-12-31
2910213,MDG_0000000017,COUNTRY,POL,EUR,Europe,YEAR,2000,,,,,,,,,3.3 [3-3.5],3.3,3,3.5,,2025-11-11T14:11:28Z,2000,2000-01-01,2000-12-31
2916120,MDG_0000000017,COUNTRY,KOR,WPR,Western Pacific,YEAR,2002,,,,,,,,,8.3 [7.8-8.7],8.3,7.8,8.7,,2025-11-11T14:11:28Z,2002,2002-01-01,2002-12-31
2916675,MDG_0000000017,COUNTRY,TUR,EUR,Europe,YEAR,2002,,,,,,,,,1.7 [1.1-2.5],1.7,1.1,2.5,,2025-11-11T14:11:28Z,2002,2002-01-01,2002-12-31
2921693,MDG_0000000017,COUNTRY,BHS,AMR,Americas,YEAR,2002,,,,,,,,,1.4 [1.3-1.5],1.4,1.3,1.5,,2025-11-11T14:11:28Z,2002,2002-01-01,2002-12-31
2948653,MDG_0000000017,COUNTRY,ISR,EUR,Europe,YEAR,2010,,,,,,,,,0.38 [0.37-0.39],0.38,0.37,0.39,,2025-11-11T14:11:28Z,2010,2010-01-01,2010-12-31
2949831,MDG_0000000017,COUNTRY,KHM,WPR,Western Pacific,YEAR,2016,,,,,,,,,20 [9.9-33],20,9.9,33,,2025-11-11T14:11:28Z,2016,2016-01-01,2016-12-31
2966367,MDG_0000000017,COUNTRY,MAR,EMR,Eastern Mediterranean,YEAR,2011,,,,,,,,,7.2 [4.1-11],7.2,4.1,11,,2025-11-11T14:11:28Z,2011,2011-01-01,2011-12-31
2967510,MDG_0000000017,COUNTRY,DJI,EMR,Eastern Mediterranean,YEAR,2015,,,,,,,,,181 [124-247],181,124,247,,2025-11-11T14:11:28Z,2015,2015-01-01,2015-12-31
2968328,MDG_0000000017,COUNTRY,HUN,EUR,Europe,YEAR,2024,,,,,,,,,0.78 [0.71-0.87],0.78,0.71,0.87,,2025-11-11T14:11:28Z,2024,2024-01-01,2024-12-31
2979089,MDG_0000000017,COUNTRY,USA,AMR,Americas,YEAR,2023,,,,,,,,,0.16 [0.16-0.16],0.16,0.16,0.16,,2025-11-11T14:11:28Z,2023,2023-01-01,2023-12-31
2986079,MDG_0000000017,COUNTRY,CAN,AMR,Americas,YEAR,2011,,,,,,,,,0.29 [0.29-0.29],0.29,0.29,0.29,,2025-11-11T14:11:28Z,2011,2011-01-01,2011-12-31
2986663,MDG_0000000017,COUNTRY,MDA,EUR,Europe,YEAR,2001,,,,,,,,,19 [15-23],19,15,23,,2025-11-11T14:11:28Z,2001,2001-01-01,2001-12-31
2987993,MDG_0000000017,REGION,SEAR,,,YEAR,2004,,,,,,,,,59 [48-72],59,48,72,,2025-11-11T14:11:28Z,2004,2004-01-01,2004-12-31
2991623,MDG_0000000017,COUNTRY,BIH,EUR,Europe,YEAR,2023,,,,,,,,,2.1 [1.5-2.7],2.1,1.5,2.7,,2025-11-11T14:11:28Z,2023,2023-01-01,2023-12-31
2999730,MDG_0000000017,WORLDBANKINCOMEGROUP,WB_HI,,,YEAR,2012,,,,,,,,,2.5 [2.5-2.6],2.5,2.5,2.6,,2025-11-11T14:11:28Z,2012,2012-01-01,2012-12-31
3004485,MDG_0000000017,COUNTRY,ZWE,AFR,Africa,YEAR,2005,,,,,,,,,32 [13-61],32,13,61,,2025-11-11T14:11:28Z,2005,2005-01-01,2005-12-31
3004879,MDG_0000000017,COUNTRY,SWE,EUR,Europe,YEAR,2002,,,,,,,,,1.1 [1.1-1.1],1.1,1.1,1.1,,2025-11-11T14:11:28Z,2002,2002-01-01,2002-12-31
3006936,MDG_0000000017,COUNTRY,MEX,AMR,Americas,YEAR,2020,,,,,,,,,1.7 [1.7-1.8],1.7,1.7,1.8,,2025-11-11T14:11:28Z,2020,2020-01-01,2020-12-31
3007015,MDG_0000000017,REGION,SEAR,,,YEAR,2021,,,,,,,,,25 [21-30],25,21,30,,2025-11-11T14:11:28Z,2021,2021-01-01,2021-12-31
3010621,MDG_0000000017,COUNTRY,CYP,EUR,Europe,YEAR,2012,,,,,,,,,0.41 [0.37-0.45],0.41,0.37,0.45,,2025-11-11T14:11:28Z,2012,2012-01-01,2012-12-31
3011326,MDG_0000000017,COUNTRY,BOL,AMR,Americas,YEAR,2001,,,,,,,,,27 [22-33],27,22,33,,2025-11-11T14:11:28Z,2001,2001-01-01,2001-12-31
3011449,MDG_0000000017,COUNTRY,NPL,SEAR,South-East Asia,YEAR,2017,,,,,,,,,63 [35-99],63,35,99,,2025-11-11T14:11:28Z,2017,2017-01-01,2017-12-31
3018524,MDG_0000000017,COUNTRY,IRL,EUR,Europe,YEAR,2013,,,,,,,,,0.5 [0.5-0.5],0.5,0.5,0.5,,2025-11-11T14:11:28Z,2013,2013-01-01,2013-12-31
3024945,MDG_0000000017,COUNTRY,ARG,AMR,Americas,YEAR,2015,,,,,,,,,1.5 [1.5-1.6],1.5,1.5,1.6,,2025-11-11T14:11:28Z,2015,2015-01-01,2015-12-31
3030129,MDG_0000000017,COUNTRY,PRY,AMR,Americas,YEAR,2003,,,,,,,,,3.8 [3.1-4.6],3.8,3.1,4.6,,2025-11-11T14:11:28Z,2003,2003-01-01,2003-12-31
3031821,MDG_0000000017,COUNTRY,SRB,EUR,Europe,YEAR,2014,,,,,,,,,1.5 [1.5-1.6],1.5,1.5,1.6,,2025-11-11T14:11:28Z,2014,2014-01-01,2014-12-31
3039556,MDG_0000000017,COUNTRY,ERI,AFR,Africa,YEAR,2015,,,,,,,,,38 [26-52],38,26,52,,2025-11-11T14:11:28Z,2015,2015-01-01,2015-12-31
3044229,MDG_0000000017,COUNTRY,ZWE,AFR,Africa,YEAR,2016,,,,,,,,,8.6 [5.4-13],8.6,5.4,13,,2025-11-11T14:11:28Z,2016,2016-01-01,2016-12-31
3044907,MDG_0000000017,COUNTRY,CHN,WPR,Western Pacific,YEAR,2004,,,,,,,,,5.4 [4.8-6],5.4,4.8,6,,2025-11-11T14:11:28Z,2004,2004-01-01,2004-12-31
3045041,MDG_0000000017,COUNTRY,DJI,EMR,Eastern Mediterranean,YEAR,2000,,,,,,,,,1210 [765-1760],1210,765,1760,,2025-11-11T14:11:28Z,2000,2000-01-01,2000-12-31
3045300,MDG_0000000017,COUNTRY,LKA,SEAR,South-East Asia,YEAR,2002,,,,,,,,,7.2 [5.6-8.9],7.2,5.6,8.9,,2025-11-11T14:11:28Z,2002,2002-01-01,2002-12-31
3050155,MDG_0000000017,COUNTRY,SLV,AMR,Americas,YEAR,2004,,,,,,,,,1.7 [1.5-1.9],1.7,1.5,1.9,,2025-11-11T14:11:28Z,2004,2004-01-01,2004-12-31
3050816,MDG_0000000017,COUNTRY,FRA,EUR,Europe,YEAR,2012,,,,,,,,,0.85 [0.81-0.9],0.85,0.81,0.9,,2025-11-11T14:11:28Z,2012,2012-01-01,2012-12-31
3052114,MDG_0000000017,COUNTRY,TTO,AMR,Americas,YEAR,2013,,,,,,,,,1.5 [1.4-1.5],1.5,1.4,1.5,,2025-11-11T14:11:28Z,2013,2013-01-01,2013-12-31
3056708,MDG_0000000017,COUNTRY,AGO,AFR,Africa,YEAR,2016,,,,,,,,,83 [58-114],83,58,114,,2025-11-11T14:11:28Z,2016,2016-01-01,2016-12-31
3057755,MDG_0000000017,COUNTRY,KOR,WPR,Western Pacific,YEAR,2005,,,,,,,,,7.5 [6.9-8.1],7.5,6.9,8.1,,2025-11-11T14:11:28Z,2005,2005-01-01,2005-12-31
3057855,MDG_0000000017,COUNTRY,HKG,,,YEAR,2015,,,,,,,,,2.4 [2.4-2.5],2.4,2.4,2.5,,2025-11-11T14:11:28Z,2015,2015-01-01,2015-12-31
3063810,MDG_0000000017,COUNTRY,PNG,WPR,Western Pacific,YEAR,2013,,,,,,,,,124 [89-165],124,89,165,,2025-11-11T14:11:28Z,2013,2013-01-01,2013-12-31
3064514,MDG_0000000017,COUNTRY,SDN,EMR,Eastern Mediterranean,YEAR,2005,,,,,,,,,32 [16-53],32,16,53,,2025-11-11T14:11:28Z,2005,2005-01-01,2005-12-31
3064983,MDG_0000000017,COUNTRY,RWA,AFR,Africa,YEAR,2013,,,,,,,,,5.5 [3.5-7.9],5.5,3.5,7.9,,2025-11-11T14:11:28Z,2013,2013-01-01,2013-12-31
3069872,MDG_0000000017,COUNTRY,BLZ,AMR,Americas,YEAR,2006,,,,,,,,,5.2 [5.1-5.2],5.2,5.1,5.2,,2025-11-11T14:11:28Z,2006,2006-01-01,2006-12-31
3072250,MDG_0000000017,COUNTRY,JAM,AMR,Americas,YEAR,2018,,,,,,,,,0.24 [0.24-0.24],0.24,0.24,0.24,,2025-11-11T14:11:28Z,2018,2018-01-01,2018-12-31
3075648,MDG_0000000017,COUNTRY,SLV,AMR,Americas,YEAR,2011,,,,,,,,,1.1 [0.94-1.2],1.1,0.94,1.2,,2025-11-11T14:11:28Z,2011,2011-01-01,2011-12-31
3088424,MDG_0000000017,COUNTRY,ISR,EUR,Europe,YEAR,2018,,,,,,,,,0.23 [0.22-0.24],0.23,0.22,0.24,,2025-11-11T14:11:28Z,2018,2018-01-01,2018-12-31
3089753,MDG_0000000017,COUNTRY,KEN,AFR,Africa,YEAR,2014,,,,,,,,,69 [38-107],69,38,107,,2025-11-11T14:11:28Z,2014,2014-01-01,2014-12-31
3096916,MDG_0000000017,COUNTRY,IRL,EUR,Europe,YEAR,2019,,,,,,,,,0.14 [0.14-0.15],0.14,0.14,0.15,,2025-11-11T14:11:28Z,2019,2019-01-01,2019-12-31
3102841,MDG_0000000017,COUNTRY,ZMB,AFR,Africa,YEAR,2012,,,,,,,,,32 [19-49],32,19,49,,2025-11-11T14:11:28Z,2012,2012-01-01,2012-12-31
3109746,MDG_0000000017,COUNTRY,KHM,WPR,Western Pacific,YEAR,2015,,,,,,,,,21 [11-35],21,11,35,,2025-11-11T14:11:28Z,2015,2015-01-01,2015-12-31
3114391,MDG_0000000017,COUNTRY,GUY,AMR,Americas,YEAR,2022,,,,,,,,,16 [14-19],16,14,19,,2025-11-11T14:11:28Z,2022,2022-01-01,2022-12-31
3120017,MDG_0000000017,COUNTRY,VNM,WPR,Western Pacific,YEAR,2012,,,,,,,,,19 [13-26],19,13,26,,2025-11-11T14:11:28Z,2012,2012-01-01,2012-12-31
3120445,MDG_0000000017,COUNTRY,OMN,EMR,Eastern Mediterranean,YEAR,2018,,,,,,,,,0.37 [0.28-0.48],0.37,0.28,0.48,,2025-11-11T14:11:28Z,2018,2018-01-01,2018-12-31
3121086,MDG_0000000017,COUNTRY,ARG,AMR,Americas,YEAR,2021,,,,,,,,,1.5 [1.4-1.5],1.5,1.4,1.5,,2025-11-11T14:11:28Z,2021,2021-01-01,2021-12-31
3121894,MDG_0000000017,COUNTRY,BDI,AFR,Africa,YEAR,2004,,,,,,,,,32 [20-47],32,20,47,,2025-11-11T14:11:28Z,2004,2004-01-01,2004-12-31
3128795,MDG_0000000017,COUNTRY,ZAF,AFR,Africa,YEAR,2004,,,,,,,,,70 [67-73],70,67,73,,2025-11-11T14:11:28Z,2004,2004-01-01,2004-12-31
3128908,MDG_0000000017,COUNTRY,NER,AFR,Africa,YEAR,2021,,,,,,,,,13 [7.5-21],13,7.5,21,,2025-11-11T14:11:28Z,2021,2021-01-01,2021-12-31
3133736,MDG_0000000017,COUNTRY,NOR,EUR,Europe,YEAR,2012,,,,,,,,,0.44 [0.43-0.45],0.44,0.43,0.45,,2025-11-11T14:11:28Z,2012,2012-01-01,2012-12-31
3147755,MDG_0000000017,COUNTRY,LUX,EUR,Europe,YEAR,2002,,,,,,,,,0.69 [0.68-0.71],0.69,0.68,0.71,,2025-11-11T14:11:28Z,2002,2002-01-01,2002-12-31
3151950,MDG_0000000017,COUNTRY,IND,SEAR,South-East Asia,YEAR,2017,,,,,,,,,25 [19-33],25,19,33,,2025-11-11T14:11:28Z,2017,2017-01-01,2017-12-31
3152882,MDG_0000000017,COUNTRY,SOM,EMR,Eastern Mediterranean,YEAR,2011,,,,,,,,,48 [34-65],48,34,65,,2025-11-11T14:11:28Z,2011,2011-01-01,2011-12-31
3171817,MDG_0000000017,COUNTRY,SWE,EUR,Europe,YEAR,2024,,,,,,,,,0.18 [0.18-0.19],0.18,0.18,0.19,,2025-11-11T14:11:28Z,2024,2024-01-01,2024-12-31
3177369,MDG_0000000017,COUNTRY,MNE,EUR,Europe,YEAR,2018,,,,,,,,,0.2 [0.18-0.22],0.2,0.18,0.22,,2025-11-11T14:11:28Z,2018,2018-01-01,2018-12-31
3183015,MDG_0000000017,COUNTRY,CMR,AFR,Africa,YEAR,2019,,,,,,,,,25 [17-34],25,17,34,,2025-11-11T14:11:28Z,2019,2019-01-01,2019-12-31
3183467,MDG_0000000017,COUNTRY,BTN,SEAR,South-East Asia,YEAR,2024,,,,,,,,,37 [25-50],37,25,50,,2025-11-11T14:11:28Z,2024,2024-01-01,2024-12-31
3185118,MDG_0000000017,COUNTRY,MWI,AFR,Africa,YEAR,2006,,,,,,,,,27 [14-46],27,14,46,,2025-11-11T14:11:28Z,2006,2006-01-01,2006-12-31
3197855,MDG_0000000017,COUNTRY,LUX,EUR,Europe,YEAR,2010,,,,,,,,,0.2 [0.2-0.2],0.2,0.2,0.2,,2025-11-11T14:11:28Z,2010,2010-01-01,2010-12-31
3197899,MDG_0000000017,COUNTRY,COM,AFR,Africa,YEAR,2009,,,,,,,,,11 [4.5-20],11,4.5,20,,2025-11-11T14:11:28Z,2009,2009-01-01,2009-12-31
3209382,MDG_0000000017,COUNTRY,AFG,EMR,Eastern Mediterranean,YEAR,2006,,,,,,,,,64 [46-85],64,46,85,,2025-11-11T14:11:28Z,2006,2006-01-01,2006-12-31
3210475,MDG_0000000017,COUNTRY,UKR,EUR,Europe,YEAR,2004,,,,,,,,,23 [23-24],23,23,24,,2025-11-11T14:11:28Z,2004,2004-01-01,2004-12-31
3211018,MDG_0000000017,COUNTRY,CHL,AMR,Americas,YEAR,2008,,,,,,,,,2.7 [2.6-2.7],2.7,2.6,2.7,,2025-11-11T14:11:28Z,2008,2008-01-01,2008-12-31
3215109,MDG_0000000017,COUNTRY,CHE,EUR,Europe,YEAR,2023,,,,,,,,,0.12 [0.12-0.12],0.12,0.12,0.12,,2025-11-11T14:11:28Z,2023,2023-01-01,2023-12-31
3217238,MDG_0000000017,COUNTRY,MLI,AFR,Africa,YEAR,2013,,,,,,,,,13 [6.5-21],13,6.5,21,,2025-11-11T14:11:28Z,2013,2013-01-01,2013-12-31
3229735,MDG_0000000017,COUNTRY,LBR,AFR,Africa,YEAR,2008,,,,,,,,,63 [42-89],63,42,89,,2025-11-11T14:11:28Z,2008,2008-01-01,2008-12-31
3230497,MDG_0000000017,REGION,AMR,,,YEAR,2016,,,,,,,,,1.8 [1.8-1.9],1.8,1.8,1.9,,2025-11-11T14:11:28Z,2016,2016-01-01,2016-12-31
3234141,MDG_0000000017,COUNTRY,PHL,WPR,Western Pacific,YEAR,2007,,,,,,,,,34 [31-38],34,31,38,,2025-11-11T14:11:28Z,2007,2007-01-01,2007-12-31
3248847,MDG_0000000017,COUNTRY,KEN,AFR,Africa,YEAR,2007,,,,,,,,,81 [45-127],81,45,127,,2025-11-11T14:11:28Z,2007,2007-01-01,2007-12-31
3253366,MDG_0000000017,COUNTRY,PNG,WPR,Western Pacific,YEAR,2021,,,,,,,,,142 [104-185],142,104,185,,2025-11-11T14:11:28Z,2021,2021-01-01,2021-12-31
3261609,MDG_0000000017,COUNTRY,BWA,AFR,Africa,YEAR,2017,,,,,,,,,35 [24-48],35,24,48,,2025-11-11T14:11:28Z,2017,2017-01-01,2017-12-31
3267003,MDG_0000000017,COUNTRY,CHE,EUR,Europe,YEAR,2007,,,,,,,,,0.38 [0.37-0.38],0.38,0.37,0.38,,2025-11-11T14:11:28Z,2007,2007-01-01,2007-12-31
3268600,MDG_0000000017,COUNTRY,SLB,WPR,Western Pacific,YEAR,2010,,,,,,,,,51 [35-70],51,35,70,,2025-11-11T14:11:28Z,2010,2010-01-01,2010-12-31
3271914,MDG_0000000017,COUNTRY,BTN,SEAR,South-East Asia,YEAR,2000,,,,,,,,,215 [149-292],215,149,292,,2025-11-11T14:11:28Z,2000,2000-01-01,2000-12-31
3273144,MDG_0000000017,COUNTRY,NLD,EUR,Europe,YEAR,2012,,,,,,,,,0.21 [0.21-0.21],0.21,0.21,0.21,,2025-11-11T14:11:28Z,2012,2012-01-01,2012-12-31
3279544,MDG_0000000017,COUNTRY,TCD,AFR,Africa,YEAR,2003,,,,,,,,,26 [16-39],26,16,39,,2025-11-11T14:11:28Z,2003,2003-01-01,2003-12-31
3287330,MDG_0000000017,COUNTRY,FSM,WPR,Western Pacific,YEAR,2006,,,,,,,,,79 [54-108],79,54,108,,2025-11-11T14:11:28Z,2006,2006-01-01,2006-12-31
3290780,MDG_0000000017,REGION,SEAR,,,YEAR,2011,,,,,,,,,39 [31-47],39,31,47,,2025-11-11T14:11:28Z,2011,2011-01-01,2011-12-31
3291484,MDG_0000000017,COUNTRY,ALB,EUR,Europe,YEAR,2024,,,,,,,,,0.24 [0.12-0.39],0.24,0.12,0.39,,2025-11-11T14:11:28Z,2024,2024-01-01,2024-12-31
3292348,MDG_0000000017,COUNTRY,LAO,WPR,Western Pacific,YEAR,2022,,,,,,,,,13 [7.6-21],13,7.6,21,,2025-11-11T14:11:28Z,2022,2022-01-01,2022-12-31
3292421,MDG_0000000017,COUNTRY,RUS,EUR,Europe,YEAR,2018,,,,,,,,,6.3 [6.1-6.5],6.3,6.1,6.5,,2025-11-11T14:11:28Z,2018,2018-01-01,2018-12-31
3292928,MDG_0000000017,COUNTRY,MMR,SEAR,South-East Asia,YEAR,2013,,,,,,,,,74 [42-114],74,42,114,,2025-11-11T14:11:28Z,2013,2013-01-01,2013-12-31
3293792,MDG_0000000017,COUNTRY,MAR,EMR,Eastern Mediterranean,YEAR,2010,,,,,,,,,7.2 [4.2-11],7.2,4.2,11,,2025-11-11T14:11:28Z,2010,2010-01-01,2010-12-31
3298530,MDG_0000000017,COUNTRY,GEO,EUR,Europe,YEAR,2001,,,,,,,,,7.1 [6.6-7.5],7.1,6.6,7.5,,2025-11-11T14:11:28Z,2001,2001-01-01,2001-12-31
3298685,MDG_0000000017,COUNTRY,GBR,EUR,Europe,YEAR,2005,,,,,,,,,0.75 [0.74-0.76],0.75,0.74,0.76,,2025-11-11T14:11:28Z,2005,2005-01-01,2005-12-31
3298751,MDG_0000000017,COUNTRY,UGA,AFR,Africa,YEAR,2018,,,,,,,,,20 [11-32],20,11,32,,2025-11-11T14:11:28Z,2018,2018-01-01,2018-12-31
3299554,MDG_0000000017,COUNTRY,DOM,AMR,Americas,YEAR,2014,,,,,,,,,4.4 [2.8-6.2],4.4,2.8,6.2,,2025-11-11T14:11:28Z,2014,2014-01-01,2014-12-31
3299696,MDG_0000000017,COUNTRY,MLI,AFR,Africa,YEAR,2004,,,,,,,,,16 [8.7-25],16,8.7,25,,2025-11-11T14:11:28Z,2004,2004-01-01,2004-12-31
3299777,MDG_0000000017,COUNTRY,COG,AFR,Africa,YEAR,2019,,,,,,,,,33 [22-45],33,22,45,,2025-11-11T14:11:28Z,2019,2019-01-01,2019-12-31
3303456,MDG_0000000017,COUNTRY,COG,AFR,Africa,YEAR,2013,,,,,,,,,48 [32-66],48,32,66,,2025-11-11T14:11:28Z,2013,2013-01-01,2013-12-31
3309752,MDG_0000000017,COUNTRY,CAF,AFR,Africa,YEAR,2007,,,,,,,,,100 [36-197],100,36,197,,2025-11-11T14:11:28Z,2007,2007-01-01,2007-12-31
3310572,MDG_0000000017,COUNTRY,BEL,EUR,Europe,YEAR,2021,,,,,,,,,0.19 [0.18-0.19],0.19,0.18,0.19,,2025-11-11T14:11:28Z,2021,2021-01-01,2021-12-31
3311738,MDG_0000000017,COUNTRY,DEU,EUR,Europe,YEAR,2000,,,,,,,,,0.75 [0.74-0.76],0.75,0.74,0.76,,2025-11-11T14:11:28Z,2000,2000-01-01,2000-12-31
3316630,MDG_0000000017,COUNTRY,COL,AMR,Americas,YEAR,2001,,,,,,,,,3.5 [3.4-3.6],3.5,3.4,3.6,,2025-11-11T14:11:28Z,2001,2001-01-01,2001-12-31
3318516,MDG_0000000017,COUNTRY,SAU,EMR,Eastern Mediterranean,YEAR,2015,,,,,,,,,0.87 [0.76-0.99],0.87,0.76,0.99,,2025-11-11T14:11:28Z,2015,2015-01-01,2015-12-31
3331241,MDG_0000000017,COUNTRY,GNB,AFR,Africa,YEAR,2001,,,,,,,,,30 [18-46],30,18,46,,2025-11-11T14:11:28Z,2001,2001-01-01,2001-12-31
3331339,MDG_0000000017,COUNTRY,NER,AFR,Africa,YEAR,2011,,,,,,,,,26 [17-37],26,17,37,,2025-11-11T14:11:28Z,2011,2011-01-01,2011-12-31
3335451,MDG_0000000017,COUNTRY,MDG,AFR,Africa,YEAR,2004,,,,,,,,,56 [40-75],56,40,75,,2025-11-11T14:11:28Z,2004,2004-01-01,2004-12-31
3337875,MDG_0000000017,COUNTRY,GNB,AFR,Africa,YEAR,2020,,,,,,,,,20 [14-28],20,14,28,,2025-11-11T14:11:28Z,2020,2020-01-01,2020-12-31
3343894,MDG_0000000017,COUNTRY,MLI,AFR,Africa,YEAR,2016,,,,,,,,,11 [5.4-18],11,5.4,18,,2025-11-11T14:11:28Z,2016,2016-01-01,2016-12-31
3344359,MDG_0000000017,COUNTRY,ZAF,AFR,Africa,YEAR,2010,,,,,,,,,51 [49-53],51,49,53,,2025-11-11T14:11:28Z,2010,2010-01-01,2010-12-31
3347918,MDG_0000000017,COUNTRY,SRB,EUR,Europe,YEAR,2008,,,,,,,,,2.4 [2.3-2.4],2.4,2.3,2.4,,2025-11-11T14:11:28Z,2008,2008-01-01,2008-12-31
3348835,MDG_0000000017,COUNTRY,KAZ,EUR,Europe,YEAR,2019,,,,,,,,,2.4 [2.3-2.5],2.4,2.3,2.5,,2025-11-11T14:11:28Z,2019,2019-01-01,2019-12-31
3349501,MDG_0000000017,COUNTRY,SWE,EUR,Europe,YEAR,2023,,,,,,,,,0.18 [0.18-0.19],0.18,0.18,0.19,,2025-11-11T14:11:28Z,2023,2023-01-01,2023-12-31
3355718,MDG_0000000017,COUNTRY,RUS,EUR,Europe,YEAR,2012,,,,,,,,,13 [13-14],13,13,14,,2025-11-11T14:11:28Z,2012,2012-01-01,2012-12-31
3356254,MDG_0000000017,COUNTRY,NER,AFR,Africa,YEAR,2005,,,,,,,,,28 [18-39],28,18,39,,2025-11-11T14:11:28Z,2005,2005-01-01,2005-12-31
3362477,MDG_0000000017,COUNTRY,HND,AMR,Americas,YEAR,2014,,,,,,,,,3.8 [3.1-4.6],3.8,3.1,4.6,,2025-11-11T14:11:28Z,2014,2014-01-01,2014-12-31
3369490,MDG_0000000017,COUNTRY,GUY,AMR,Americas,YEAR,2009,,,,,,,,,17 [12-22],17,12,22,,2025-11-11T14:11:28Z,2009,2009-01-01,2009-12-31
3369562,MDG_0000000017,COUNTRY,CHL,AMR,Americas,YEAR,2020,,,,,,,,,1.4 [1.4-1.5],1.4,1.4,1.5,,2025-11-11T14:11:28Z,2020,2020-01-01,2020-12-31
3376171,MDG_0000000017,COUNTRY,ALB,EUR,Europe,YEAR,2015,,,,,,,,,0.29 [0.15-0.48],0.29,0.15,0.48,,2025-11-11T14:11:28Z,2015,2015-01-01,2015-12-31
3381723,MDG_0000000017,COUNTRY,NGA,AFR,Africa,YEAR,2014,,,,,,,,,60 [35-92],60,35,92,,2025-11-11T14:11:28Z,2014,2014-01-01,2014-12-31
3388743,MDG_0000000017,COUNTRY,CMR,AFR,Africa,YEAR,2015,,,,,,,,,30 [21-40],30,21,40,,2025-11-11T14:11:28Z,2015,2015-01-01,2015-12-31
3393205,MDG_0000000017,COUNTRY,TUR,EUR,Europe,YEAR,2024,,,,,,,,,0.42 [0.38-0.46],0.42,0.38,0.46,,2025-11-11T14:11:28Z,2024,2024-01-01,2024-12-31
3398733,MDG_0000000017,COUNTRY,GNQ,AFR,Africa,YEAR,2008,,,,,,,,,46 [16-92],46,16,92,,2025-11-11T14:11:28Z,2008,2008-01-01,2008-12-31
3398741,MDG_0000000017,COUNTRY,KAZ,EUR,Europe,YEAR,2001,,,,,,,,,25 [24-26],25,24,26,,2025-11-11T14:11:28Z,2001,2001-01-01,2001-12-31
3399445,MDG_0000000017,COUNTRY,NIC,AMR,Americas,YEAR,2017,,,,,,,,,1.9 [1.9-1.9],1.9,1.9,1.9,,2025-11-11T14:11:28Z,2017,2017-01-01,2017-12-31
3400879,MDG_0000000017,COUNTRY,SGP,WPR,Western Pacific,YEAR,2023,,,,,,,,,0.39 [0.37-0.42],0.39,0.37,0.42,,2025-11-11T14:11:28Z,2023,2023-01-01,2023-12-31
3405383,MDG_0000000017,COUNTRY,GTM,AMR,Americas,YEAR,2022,,,,,,,,,1.8 [1.4-2.2],1.8,1.4,2.2,,2025-11-11T14:11:28Z,2022,2022-01-01,2022-12-31
3425372,MDG_0000000017,COUNTRY,SVN,EUR,Europe,YEAR,2016,,,,,,,,,0.34 [0.34-0.35],0.34,0.34,0.35,,2025-11-11T14:11:28Z,2016,2016-01-01,2016-12-31
3430768,MDG_0000000017,COUNTRY,ISR,EUR,Europe,YEAR,2013,,,,,,,,,0.19 [0.18-0.19],0.19,0.18,0.19,,2025-11-11T14:11:28Z,2013,2013-01-01,2013-12-31
3443215,MDG_0000000017,COUNTRY,MOZ,AFR,Africa,YEAR,2012,,,,,,,,,33 [19-51],33,19,51,,2025-11-11T14:11:28Z,2012,2012-01-01,2012-12-31
3443812,MDG_0000000017,COUNTRY,THA,SEAR,South-East Asia,YEAR,2002,,,,,,,,,20 [12-30],20,12,30,,2025-11-11T14:11:28Z,2002,2002-01-01,2002-12-31
3457791,MDG_0000000017,COUNTRY,VUT,WPR,Western Pacific,YEAR,2013,,,,,,,,,30 [21-39],30,21,39,,2025-11-11T14:11:28Z,2013,2013-01-01,2013-12-31
3468127,MDG_0000000017,COUNTRY,MAR,EMR,Eastern Mediterranean,YEAR,2021,,,,,,,,,6.6 [3.8-10],6.6,3.8,10,,2025-11-11T14:11:28Z,2021,2021-01-01,2021-12-31
3470821,MDG_0000000017,COUNTRY,PAN,AMR,Americas,YEAR,2009,,,,,,,,,6.8 [6.6-7],6.8,6.6,7,,2025-11-11T14:11:28Z,2009,2009-01-01,2009-12-31
3474581,MDG_0000000017,COUNTRY,EGY,EMR,Eastern Mediterranean,YEAR,2015,,,,,,,,,0.43 [0.39-0.48],0.43,0.39,0.48,,2025-11-11T14:11:28Z,2015,2015-01-01,2015-12-31
3475171,MDG_0000000017,COUNTRY,DNK,EUR,Europe,YEAR,2020,,,,,,,,,0.19 [0.18-0.2],0.19,0.18,0.2,,2025-11-11T14:11:28Z,2020,2020-01-01,2020-12-31
3482286,MDG_0000000017,COUNTRY,TUR,EUR,Europe,YEAR,2004,,,,,,,,,0.81 [0.51-1.2],0.81,0.51,1.2,,2025-11-11T14:11:28Z,2004,2004-01-01,2004-12-31
3487236,MDG_0000000017,COUNTRY,LBR,AFR,Africa,YEAR,2024,,,,,,,,,28 [20-39],28,20,39,,2025-11-11T14:11:28Z,2024,2024-01-01,2024-12-31
3488970,MDG_0000000017,WORLDBANKINCOMEGROUP,WB_HI,,,YEAR,2007,,,,,,,,,3.5 [3.4-3.5],3.5,3.4,3.5,,2025-11-11T14:11:28Z,2007,2007-01-01,2007-12-31
3489999,MDG_0000000017,COUNTRY,CMR,AFR,Africa,YEAR,2017,,,,,,,,,28 [19-38],28,19,38,,2025-11-11T14:11:28Z,2017,2017-01-01,2017-12-31
3493776,MDG_0000000017,COUNTRY,BWA,AFR,Africa,YEAR,2022,,,,,,,,,25 [13-40],25,13,40,,2025-11-11T14:11:28Z,2022,2022-01-01,2022-12-31
3501336,MDG_0000000017,COUNTRY,LKA,SEAR,South-East Asia,YEAR,2004,,,,,,,,,9.1 [6-13],9.1,6,13,,2025-11-11T14:11:28Z,2004,2004-01-01,2004-12-31
3520306,MDG_0000000017,COUNTRY,MDV,SEAR,South-East Asia,YEAR,2010,,,,,,,,,2.3 [2.1-2.5],2.3,2.1,2.5,,2025-11-11T14:11:28Z,2010,2010-01-01,2010-12-31
3520631,MDG_0000000017,COUNTRY,SGP,WPR,Western Pacific,YEAR,2005,,,,,,,,,1.7 [1.6-1.8],1.7,1.6,1.8,,2025-11-11T14:11:28Z,2005,2005-01-01,2005-12-31
3525501,MDG_0000000017,WORLDBANKINCOMEGROUP,WB_LI,,,YEAR,2001,,,,,,,,,66 [46-90],66,46,90,,2025-11-11T14:11:28Z,2001,2001-01-01,2001-12-31
3525751,MDG_0000000017,COUNTRY,ETH,AFR,Africa,YEAR,2008,,,,,,,,,46 [26-73],46,26,73,,2025-11-11T14:11:28Z,2008,2008-01-01,2008-12-31
3537905,MDG_0000000017,COUNTRY,CRI,AMR,Americas,YEAR,2017,,,,,,,,,0.76 [0.75-0.77],0.76,0.75,0.77,,2025-11-11T14:11:28Z,2017,2017-01-01,2017-12-31
3551063,MDG_0000000017,COUNTRY,PRI,AMR,Americas,YEAR,2012,,,,,,,,,0.34 [0.34-0.34],0.34,0.34,0.34,,2025-11-11T14:11:28Z,2012,2012-01-01,2012-12-31
3551661,MDG_0000000017,WORLDBANKINCOMEGROUP,WB_LMI,,,YEAR,2005,,,,,,,,,49 [42-57],49,42,57,,2025-11-11T14:11:28Z,2005,2005-01-01,2005-12-31
3559461,MDG_0000000017,COUNTRY,AFG,EMR,Eastern Mediterranean,YEAR,2017,,,,,,,,,38 [27-51],38,27,51,,2025-11-11T14:11:28Z,2017,2017-01-01,2017-12-31
3564396,MDG_0000000017,COUNTRY,SEN,AFR,Africa,YEAR,2020,,,,,,,,,28 [19-39],28,19,39,,2025-11-11T14:11:28Z,2020,2020-01-01,2020-12-31
3570303,MDG_0000000017,COUNTRY,MYS,WPR,Western Pacific,YEAR,2008,,,,,,,,,5.8 [3.3-9.1],5.8,3.3,9.1,,2025-11-11T14:11:28Z,2008,2008-01-01,2008-12-31
3591219,MDG_0000000017,COUNTRY,NZL,WPR,Western Pacific,YEAR,2020,,,,,,,,,0.26 [0.26-0.26],0.26,0.26,0.26,,2025-11-11T14:11:28Z,2020,2020-01-01,2020-12-31
3594512,MDG_0000000017,REGION,AMR,,,YEAR,2020,,,,,,,,,1.7 [1.7-1.8],1.7,1.7,1.8,,2025-11-11T14:11:28Z,2020,2020-01-01,2020-12-31
3594792,MDG_0000000017,COUNTRY,GUY,AMR,Americas,YEAR,2006,,,,,,,,,14 [13-15],14,13,15,,2025-11-11T14:11:28Z,2006,2006-01-01,2006-12-31
3595912,MDG_0000000017,COUNTRY,KEN,AFR,Africa,YEAR,2011,,,,,,,,,77 [43-121],77,43,121,,2025-11-11T14:11:28Z,2011,2011-01-01,2011-12-31
3596118,MDG_0000000017,COUNTRY,EGY,EMR,Eastern Mediterranean,YEAR,2011,,,,,,,,,0.86 [0.76-0.97],0.86,0.76,0.97,,2025-11-11T14:11:28Z,2011,2011-01-01,2011-12-31
3601749,MDG_0000000017,COUNTRY,PRY,AMR,Americas,YEAR,2020,,,,,,,,,3.3 [3.2-3.4],3.3,3.2,3.4,,2025-11-11T14:11:28Z,2020,2020-01-01,2020-12-31
3610191,MDG_0000000017,COUNTRY,LTU,EUR,Europe,YEAR,2017,,,,,,,,,5.8 [5.6-6],5.8,5.6,6,,2025-11-11T14:11:28Z,2017,2017-01-01,2017-12-31
3613790,MDG_0000000017,COUNTRY,ALB,EUR,Europe,YEAR,2012,,,,,,,,,0.29 [0.15-0.48],0.29,0.15,0.48,,2025-11-11T14:11:28Z,2012,2012-01-01,2012-12-31
3615631,MDG_0000000017,COUNTRY,KWT,EMR,Eastern Mediterranean,YEAR,2018,,,,,,,,,0.35 [0.32-0.38],0.35,0.32,0.38,,2025-11-11T14:11:28Z,2018,2018-01-01,2018-12-31
3619998,MDG_0000000017,COUNTRY,CYP,EUR,Europe,YEAR,2006,,,,,,,,,0.24 [0.21-0.28],0.24,0.21,0.28,,2025-11-11T14:11:28Z,2006,2006-01-01,2006-12-31
3620044,MDG_0000000017,COUNTRY,UGA,AFR,Africa,YEAR,2015,,,,,,,,,25 [14-39],25,14,39,,2025-11-11T14:11:28Z,2015,2015-01-01,2015-12-31
3640583,MDG_0000000017,COUNTRY,IND,SEAR,South-East Asia,YEAR,2000,,,,,,,,,80 [52-114],80,52,114,,2025-11-11T14:11:28Z,2000,2000-01-01,2000-12-31
3646010,MDG_0000000017,COUNTRY,SLB,WPR,Western Pacific,YEAR,2016,,,,,,,,,36 [25-50],36,25,50,,2025-11-11T14:11:28Z,2016,2016-01-01,2016-12-31
3646133,MDG_0000000017,COUNTRY,BLR,EUR,Europe,YEAR,2014,,,,,,,,,5.6 [5.1-6.2],5.6,5.1,6.2,,2025-11-11T14:11:28Z,2014,2014-01-01,2014-12-31
3651483,MDG_0000000017,COUNTRY,VNM,WPR,Western Pacific,YEAR,2019,,,,,,,,,9.8 [6.1-14],9.8,6.1,14,,2025-11-11T14:11:28Z,2019,2019-01-01,2019-12-31
3651772,MDG_0000000017,COUNTRY,EST,EUR,Europe,YEAR,2008,,,,,,,,,4.2 [4.1-4.2],4.2,4.1,4.2,,2025-11-11T14:11:28Z,2008,2008-01-01,2008-12-31
3658510,MDG_0000000017,COUNTRY,KWT,EMR,Eastern Mediterranean,YEAR,2019,,,,,,,,,0.39 [0.35-0.43],0.39,0.35,0.43,,2025-11-11T14:11:28Z,2019,2019-01-01,2019-12-31
3659177,MDG_0000000017,COUNTRY,MWI,AFR,Africa,YEAR,2001,,,,,,,,,18 [3.9-43],18,3.9,43,,2025-11-11T14:11:28Z,2001,2001-01-01,2001-12-31
3660121,MDG_0000000017,COUNTRY,AZE,EUR,Europe,YEAR,2022,,,,,,,,,6.1 [5.6-6.7],6.1,5.6,6.7,,2025-11-11T14:11:28Z,2022,2022-01-01,2022-12-31
3660551,MDG_0000000017,COUNTRY,CRI,AMR,Americas,YEAR,2003,,,,,,,,,1.9 [1.9-1.9],1.9,1.9,1.9,,2025-11-11T14:11:28Z,2003,2003-01-01,2003-12-31
3664256,MDG_0000000017,COUNTRY,BRA,AMR,Americas,YEAR,2014,,,,,,,,,2.5 [2.5-2.6],2.5,2.5,2.6,,2025-11-11T14:11:28Z,2014,2014-01-01,2014-12-31
3666189,MDG_0000000017,COUNTRY,ROU,EUR,Europe,YEAR,2014,,,,,,,,,5.6 [5.6-5.6],5.6,5.6,5.6,,2025-11-11T14:11:28Z,2014,2014-01-01,2014-12-31
3672780,MDG_0000000017,COUNTRY,LTU,EUR,Europe,YEAR,2004,,,,,,,,,9.6 [9.4-9.8],9.6,9.4,9.8,,2025-11-11T14:11:28Z,2004,2004-01-01,2004-12-31
3673404,MDG_0000000017,COUNTRY,LBR,AFR,Africa,YEAR,2012,,,,,,,,,51 [35-70],51,35,70,,2025-11-11T14:11:28Z,2012,2012-01-01,2012-12-31
3679213,MDG_0000000017,COUNTRY,ARM,EUR,Europe,YEAR,2001,,,,,,,,,5.9 [4.8-7.1],5.9,4.8,7.1,,2025-11-11T14:11:28Z,2001,2001-01-01,2001-12-31
3704480,MDG_0000000017,COUNTRY,ECU,AMR,Americas,YEAR,2002,,,,,,,,,9.3 [7.7-11],9.3,7.7,11,,2025-11-11T14:11:28Z,2002,2002-01-01,2002-12-31
3709924,MDG_0000000017,COUNTRY,TJK,EUR,Europe,YEAR,2000,,,,,,,,,15 [13-16],15,13,16,,2025-11-11T14:11:28Z,2000,2000-01-01,2000-12-31
3711087,MDG_0000000017,COUNTRY,KIR,WPR,Western Pacific,YEAR,2018,,,,,,,,,37 [31-43],37,31,43,,2025-11-11T14:11:28Z,2018,2018-01-01,2018-12-31
3734364,MDG_0000000017,COUNTRY,HND,AMR,Americas,YEAR,2013,,,,,,,,,3.8 [3.1-4.6],3.8,3.1,4.6,,2025-11-11T14:11:28Z,2013,2013-01-01,2013-12-31
3743006,MDG_0000000017,REGION,SEAR,,,YEAR,2013,,,,,,,,,35 [28-42],35,28,42,,2025-11-11T14:11:28Z,2013,2013-01-01,2013-12-31
3746703,MDG_0000000017,COUNTRY,SLB,WPR,Western Pacific,YEAR,2020,,,,,,,,,24 [17-33],24,17,33,,2025-11-11T14:11:28Z,2020,2020-01-01,2020-12-31
3747108,MDG_0000000017,COUNTRY,GIN,AFR,Africa,YEAR,2016,,,,,,,,,26 [18-35],26,18,35,,2025-11-11T14:11:28Z,2016,2016-01-01,2016-12-31
3748163,MDG_0000000017,COUNTRY,MUS,AFR,Africa,YEAR,2014,,,,,,,,,1.5 [1.4-1.5],1.5,1.4,1.5,,2025-11-11T14:11:28Z,2014,2014-01-01,2014-12-31
3749301,MDG_0000000017,COUNTRY,ITA,EUR,Europe,YEAR,2000,,,,,,,,,0.89 [0.88-0.9],0.89,0.88,0.9,,2025-11-11T14:11:28Z,2000,2000-01-01,2000-12-31
3754798,MDG_0000000017,COUNTRY,BLR,EUR,Europe,YEAR,2023,,,,,,,,,2.1 [2-2.2],2.1,2,2.2,,2025-11-11T14:11:28Z,2023,2023-01-01,2023-12-31
3761930,MDG_0000000017,COUNTRY,GRC,EUR,Europe,YEAR,2011,,,,,,,,,0.68 [0.64-0.72],0.68,0.64,0.72,,2025-11-11T14:11:28Z,2011,2011-01-01,2011-12-31
3762171,MDG_0000000017,COUNTRY,SDN,EMR,Eastern Mediterranean,YEAR,2000,,,,,,,,,33 [17-55],33,17,55,,2025-11-11T14:11:28Z,2000,2000-01-01,2000-12-31
3778437,MDG_0000000017,COUNTRY,CUB,AMR,Americas,YEAR,2002,,,,,,,,,0.33 [0.33-0.33],0.33,0.33,0.33,,2025-11-11T14:11:28Z,2002,2002-01-01,2002-12-31
3785721,MDG_0000000017,COUNTRY,SAU,EMR,Eastern Mediterranean,YEAR,2018,,,,,,,,,0.69 [0.61-0.78],0.69,0.61,0.78,,2025-11-11T14:11:28Z,2018,2018-01-01,2018-12-31
3786780,MDG_0000000017,COUNTRY,ARM,EUR,Europe,YEAR,2021,,,,,,,,,0.53 [0.53-0.53],0.53,0.53,0.53,,2025-11-11T14:11:28Z,2021,2021-01-01,2021-12-31
3798351,MDG_0000000017,COUNTRY,BRA,AMR,Americas,YEAR,2019,,,,,,,,,2.5 [2.4-2.5],2.5,2.4,2.5,,2025-11-11T14:11:28Z,2019,2019-01-01,2019-12-31
3799170,MDG_0000000017,COUNTRY,UZB,EUR,Europe,YEAR,2006,,,,,,,,,14 [11-16],14,11,16,,2025-11-11T14:11:28Z,2006,2006-01-01,2006-12-31
3800192,MDG_0000000017,COUNTRY,MKD,EUR,Europe,YEAR,2014,,,,,,,,,1.2 [1-1.4],1.2,1,1.4,,2025-11-11T14:11:28Z,2014,2014-01-01,2014-12-31
3806514,MDG_0000000017,COUNTRY,USA,AMR,Americas,YEAR,2008,,,,,,,,,0.21 [0.21-0.22],0.21,0.21,0.22,,2025-11-11T14:11:28Z,2008,2008-01-01,2008-12-31
3810481,MDG_0000000017,COUNTRY,HUN,EUR,Europe,YEAR,2020,,,,,,,,,0.56 [0.56-0.56],0.56,0.56,0.56,,2025-11-11T14:11:28Z,2020,2020-01-01,2020-12-31
3811420,MDG_0000000017,COUNTRY,GAB,AFR,Africa,YEAR,2003,,,,,,,,,47 [27-73],47,27,73,,2025-11-11T14:11:28Z,2003,2003-01-01,2003-12-31
3818337,MDG_0000000017,COUNTRY,BHS,AMR,Americas,YEAR,2001,,,,,,,,,1.8 [1.6-2],1.8,1.6,2,,2025-11-11T14:11:28Z,2001,2001-01-01,2001-12-31
3823240,MDG_0000000017,COUNTRY,AZE,EUR,Europe,YEAR,2018,,,,,,,,,5.9 [5.4-6.4],5.9,5.4,6.4,,2025-11-11T14:11:28Z,2018,2018-01-01,2018-12-31
3823645,MDG_0000000017,COUNTRY,FRA,EUR,Europe,YEAR,2019,,,,,,,,,0.55 [0.52-0.59],0.55,0.52,0.59,,2025-11-11T14:11:28Z,2019,2019-01-01,2019-12-31
3824189,MDG_0000000017,COUNTRY,BEN,AFR,Africa,YEAR,2005,,,,,,,,,16 [9.5-25],16,9.5,25,,2025-11-11T14:11:28Z,2005,2005-01-01,2005-12-31
3830032,MDG_0000000017,COUNTRY,LKA,SEAR,South-East Asia,YEAR,2011,,,,,,,,,4.5 [3.9-5.1],4.5,3.9,5.1,,2025-11-11T14:11:28Z,2011,2011-01-01,2011-12-31
3830807,MDG_0000000017,COUNTRY,CPV,AFR,Africa,YEAR,2017,,,,,,,,,4.3 [3.7-4.8],4.3,3.7,4.8,,2025-11-11T14:11:28Z,2017,2017-01-01,2017-12-31
3835958,MDG_0000000017,COUNTRY,ZWE,AFR,Africa,YEAR,2003,,,,,,,,,28 [12-51],28,12,51,,2025-11-11T14:11:28Z,2003,2003-01-01,2003-12-31
3842067,MDG_0000000017,COUNTRY,VEN,AMR,Americas,YEAR,2001,,,,,,,,,3.1 [3.1-3.1],3.1,3.1,3.1,,2025-11-11T14:11:28Z,2001,2001-01-01,2001-12-31
3842321,MDG_0000000017,COUNTRY,MDA,EUR,Europe,YEAR,2018,,,,,,,,,5.4 [5.4-5.4],5.4,5.4,5.4,,2025-11-11T14:11:28Z,2018,2018-01-01,2018-12-31
3849367,MDG_0000000017,COUNTRY,PRI,AMR,Americas,YEAR,2002,,,,,,,,,0.64 [0.63-0.64],0.64,0.63,0.64,,2025-11-11T14:11:28Z,2002,2002-01-01,2002-12-31
3850547,MDG_0000000017,COUNTRY,DEU,EUR,Europe,YEAR,2008,,,,,,,,,0.45 [0.44-0.46],0.45,0.44,0.46,,2025-11-11T14:11:28Z,2008,2008-01-01,2008-12-31
3855467,MDG_0000000017,COUNTRY,GNB,AFR,Africa,YEAR,2013,,,,,,,,,29 [20-40],29,20,40,,2025-11-11T14:11:28Z,2013,2013-01-01,2013-12-31
3861117,MDG_0000000017,COUNTRY,SLE,AFR,Africa,YEAR,2023,,,,,,,,,52 [23-91],52,23,91,,2025-11-11T14:11:28Z,2023,2023-01-01,2023-12-31
3861948,MDG_0000000017,COUNTRY,BOL,AMR,Americas,YEAR,2008,,,,,,,,,17 [13-21],17,13,21,,2025-11-11T14:11:28Z,2008,2008-01-01,2008-12-31
3862599,MDG_0000000017,COUNTRY,ROU,EUR,Europe,YEAR,2005,,,,,,,,,8.2 [8.1-8.2],8.2,8.1,8.2,,2025-11-11T14:11:28Z,2005,2005-01-01,2005-12-31
3863359,MDG_0000000017,COUNTRY,SUR,AMR,Americas,YEAR,2005,,,,,,,,,1.7 [1.5-1.9],1.7,1.5,1.9,,2025-11-11T14:11:28Z,2005,2005-01-01,2005-12-31
3863477,MDG_0000000017,COUNTRY,ERI,AFR,Africa,YEAR,2001,,,,,,,,,141 [90-202],141,90,202,,2025-11-11T14:11:28Z,2001,2001-01-01,2001-12-31
3867495,MDG_0000000017,REGION,AMR,,,YEAR,2018,,,,,,,,,1.8 [1.7-1.8],1.8,1.7,1.8,,2025-11-11T14:11:28Z,2018,2018-01-01,2018-12-31
3868227,MDG_0000000017,COUNTRY,BTN,SEAR,South-East Asia,YEAR,2014,,,,,,,,,73 [51-100],73,51,100,,2025-11-11T14:11:28Z,2014,2014-01-01,2014-12-31
3868529,MDG_0000000017,COUNTRY,BLR,EUR,Europe,YEAR,2018,,,,,,,,,3 [2.7-3.2],3,2.7,3.2,,2025-11-11T14:11:28Z,2018,2018-01-01,2018-12-31
3873598,MDG_0000000017,COUNTRY,KIR,WPR,Western Pacific,YEAR,2011,,,,,,,,,40 [35-46],40,35,46,,2025-11-11T14:11:28Z,2011,2011-01-01,2011-12-31
3873987,MDG_0000000017,COUNTRY,KIR,WPR,Western Pacific,YEAR,2006,,,,,,,,,43 [37-48],43,37,48,,2025-11-11T14:11:28Z,2006,2006-01-01,2006-12-31
3875664,MDG_0000000017,COUNTRY,SWZ,AFR,Africa,YEAR,2010,,,,,,,,,56 [32-86],56,32,86,,2025-11-11T14:11:28Z,2010,2010-01-01,2010-12-31
3880761,MDG_0000000017,COUNTRY,COL,AMR,Americas,YEAR,2006,,,,,,,,,2.7 [2.6-2.7],2.7,2.6,2.7,,2025-11-11T14:11:28Z,2006,2006-01-01,2006-12-31
3899583,MDG_0000000017,COUNTRY,THA,SEAR,South-East Asia,YEAR,2001,,,,,,,,,20 [12-30],20,12,30,,2025-11-11T14:11:28Z,2001,2001-01-01,2001-12-31
3901599,MDG_0000000017,COUNTRY,IDN,WPR,Western Pacific,YEAR,2024,,,,,,,,,41 [35-48],41,35,48,,2025-11-11T14:11:28Z,2024,2024-01-01,2024-12-31
3905351,MDG_0000000017,COUNTRY,CPV,AFR,Africa,YEAR,2000,,,,,,,,,6.3 [5.4-7.3],6.3,5.4,7.3,,2025-11-11T14:11:28Z,2000,2000-01-01,2000-12-31
3911807,MDG_0000000017,COUNTRY,SAU,EMR,Eastern Mediterranean,YEAR,2017,,,,,,,,,0.75 [0.66-0.84],0.75,0.66,0.84,,2025-11-11T14:11:28Z,2017,2017-01-01,2017-12-31
3911912,MDG_0000000017,COUNTRY,DNK,EUR,Europe,YEAR,2009,,,,,,,,,0.52 [0.49-0.54],0.52,0.49,0.54,,2025-11-11T14:11:28Z,2009,2009-01-01,2009-12-31
3914390,MDG_0000000017,COUNTRY,GRC,EUR,Europe,YEAR,2007,,,,,,,,,0.94 [0.9-0.98],0.94,0.9,0.98,,2025-11-11T14:11:28Z,2007,2007-01-01,2007-12-31
3925123,MDG_0000000017,COUNTRY,KIR,WPR,Western Pacific,YEAR,2005,,,,,,,,,42 [37-48],42,37,48,,2025-11-11T14:11:28Z,2005,2005-01-01,2005-12-31
3926110,MDG_0000000017,REGION,EUR,,,YEAR,2004,,,,,,,,,7.7 [7.4-8],7.7,7.4,8,,2025-11-11T14:11:28Z,2004,2004-01-01,2004-12-31
3931356,MDG_0000000017,COUNTRY,LBR,AFR,Africa,YEAR,2005,,,,,,,,,54 [36-77],54,36,77,,2025-11-11T14:11:28Z,2005,2005-01-01,2005-12-31
3932264,MDG_0000000017,COUNTRY,KOR,WPR,Western Pacific,YEAR,2000,,,,,,,,,8.8 [8.1-9.5],8.8,8.1,9.5,,2025-11-11T14:11:28Z,2000,2000-01-01,2000-12-31
3939008,MDG_0000000017,REGION,EUR,,,YEAR,2015,,,,,,,,,3.4 [3.3-3.5],3.4,3.3,3.5,,2025-11-11T14:11:28Z,2015,2015-01-01,2015-12-31
3946098,MDG_0000000017,COUNTRY,NOR,EUR,Europe,YEAR,2011,,,,,,,,,0.6 [0.58-0.61],0.6,0.58,0.61,,2025-11-11T14:11:28Z,2011,2011-01-01,2011-12-31
3955845,MDG_0000000017,COUNTRY,JOR,EMR,Eastern Mediterranean,YEAR,2004,,,,,,,,,0.56 [0.44-0.69],0.56,0.44,0.69,,2025-11-11T14:11:28Z,2004,2004-01-01,2004-12-31
3957414,MDG_0000000017,COUNTRY,BFA,AFR,Africa,YEAR,2003,,,,,,,,,22 [9-41],22,9,41,,2025-11-11T14:11:28Z,2003,2003-01-01,2003-12-31
3957849,MDG_0000000017,COUNTRY,JAM,AMR,Americas,YEAR,2022,,,,,,,,,0.27 [0.22-0.32],0.27,0.22,0.32,,2025-11-11T14:11:28Z,2022,2022-01-01,2022-12-31
3958487,MDG_0000000017,COUNTRY,CHL,AMR,Americas,YEAR,2012,,,,,,,,,2.8 [2.8-2.9],2.8,2.8,2.9,,2025-11-11T14:11:28Z,2012,2012-01-01,2012-12-31
3962888,MDG_0000000017,COUNTRY,BIH,EUR,Europe,YEAR,2017,,,,,,,,,2.2 [2.1-2.2],2.2,2.1,2.2,,2025-11-11T14:11:28Z,2017,2017-01-01,2017-12-31
3963376,MDG_0000000017,COUNTRY,SRB,EUR,Europe,YEAR,2020,,,,,,,,,0.72 [0.67-0.78],0.72,0.67,0.78,,2025-11-11T14:11:28Z,2020,2020-01-01,2020-12-31
3964668,MDG_0000000017,COUNTRY,SWZ,AFR,Africa,YEAR,2015,,,,,,,,,35 [20-53],35,20,53,,2025-11-11T14:11:28Z,2015,2015-01-01,2015-12-31
3965265,MDG_0000000017,COUNTRY,DZA,AFR,Africa,YEAR,2007,,,,,,,,,19 [13-27],19,13,27,,2025-11-11T14:11:28Z,2007,2007-01-01,2007-12-31
3969005,MDG_0000000017,COUNTRY,GIN,AFR,Africa,YEAR,2022,,,,,,,,,16 [11-23],16,11,23,,2025-11-11T14:11:28Z,2022,2022-01-01,2022-12-31
3969045,MDG_0000000017,COUNTRY,CRI,AMR,Americas,YEAR,2024,,,,,,,,,0.79 [0.7-0.87],0.79,0.7,0.87,,2025-11-11T14:11:28Z,2024,2024-01-01,2024-12-31
3970571,MDG_0000000017,COUNTRY,IND,SEAR,South-East Asia,YEAR,2002,,,,,,,,,66 [49-84],66,49,84,,2025-11-11T14:11:28Z,2002,2002-01-01,2002-12-31
3982768,MDG_0000000017,COUNTRY,SSD,AFR,Africa,YEAR,2023,,,,,,,,,51 [23-88],51,23,88,,2025-11-11T14:11:28Z,2023,2023-01-01,2023-12-31
3995880,MDG_0000000017,COUNTRY,CZE,EUR,Europe,YEAR,2006,,,,,,,,,0.6 [0.59-0.6],0.6,0.59,0.6,,2025-11-11T14:11:28Z,2006,2006-01-01,2006-12-31
3996048,MDG_0000000017,COUNTRY,ERI,AFR,Africa,YEAR,2018,,,,,,,,,32 [22-44],32,22,44,,2025-11-11T14:11:28Z,2018,2018-01-01,2018-12-31
4001529,MDG_0000000017,COUNTRY,SAU,EMR,Eastern Mediterranean,YEAR,2020,,,,,,,,,0.6 [0.53-0.67],0.6,0.53,0.67,,2025-11-11T14:11:28Z,2020,2020-01-01,2020-12-31
4009380,MDG_0000000017,COUNTRY,TUN,EMR,Eastern Mediterranean,YEAR,2002,,,,,,,,,1.7 [1.3-2],1.7,1.3,2,,2025-11-11T14:11:28Z,2002,2002-01-01,2002-12-31
4014487,MDG_0000000017,COUNTRY,SDN,EMR,Eastern Mediterranean,YEAR,2021,,,,,,,,,9.5 [5.8-14],9.5,5.8,14,,2025-11-11T14:11:28Z,2021,2021-01-01,2021-12-31
4019745,MDG_0000000017,COUNTRY,MDG,AFR,Africa,YEAR,2017,,,,,,,,,44 [31-59],44,31,59,,2025-11-11T14:11:28Z,2017,2017-01-01,2017-12-31
4026685,MDG_0000000017,COUNTRY,PRI,AMR,Americas,YEAR,2006,,,,,,,,,0.45 [0.45-0.45],0.45,0.45,0.45,,2025-11-11T14:11:28Z,2006,2006-01-01,2006-12-31
4032021,MDG_0000000017,COUNTRY,YEM,EMR,Eastern Mediterranean,YEAR,2001,,,,,,,,,18 [13-24],18,13,24,,2025-11-11T14:11:28Z,2001,2001-01-01,2001-12-31
4033709,MDG_0000000017,COUNTRY,MKD,EUR,Europe,YEAR,2019,,,,,,,,,0.44 [0.36-0.52],0.44,0.36,0.52,,2025-11-11T14:11:28Z,2019,2019-01-01,2019-12-31
4051156,MDG_0000000017,COUNTRY,PRT,EUR,Europe,YEAR,2000,,,,,,,,,3.8 [3.5-4.1],3.8,3.5,4.1,,2025-11-11T14:11:28Z,2000,2000-01-01,2000-12-31
4051863,MDG_0000000017,COUNTRY,MHL,WPR,Western Pacific,YEAR,2019,,,,,,,,,170 [117-232],170,117,232,,2025-11-11T14:11:28Z,2019,2019-01-01,2019-12-31
4052469,MDG_0000000017,COUNTRY,KAZ,EUR,Europe,YEAR,2021,,,,,,,,,1.9 [1.8-2],1.9,1.8,2,,2025-11-11T14:11:28Z,2021,2021-01-01,2021-12-31
4066144,MDG_0000000017,COUNTRY,CHN,WPR,Western Pacific,YEAR,2002,,,,,,,,,7.3 [6.2-8.5],7.3,6.2,8.5,,2025-11-11T14:11:28Z,2002,2002-01-01,2002-12-31
4096129,MDG_0000000017,COUNTRY,VUT,WPR,Western Pacific,YEAR,2016,,,,,,,,,23 [16-32],23,16,32,,2025-11-11T14:11:28Z,2016,2016-01-01,2016-12-31
4104487,MDG_0000000017,WORLDBANKINCOMEGROUP,WB_LMI,,,YEAR,2008,,,,,,,,,43 [37-50],43,37,50,,2025-11-11T14:11:28Z,2008,2008-01-01,2008-12-31
4104539,MDG_0000000017,COUNTRY,GEO,EUR,Europe,YEAR,2002,,,,,,,,,7.4 [7-7.9],7.4,7,7.9,,2025-11-11T14:11:28Z,2002,2002-01-01,2002-12-31
4108103,MDG_0000000017,WORLDBANKINCOMEGROUP,WB_UMI,,,YEAR,2015,,,,,,,,,7.4 [7.1-7.7],7.4,7.1,7.7,,2025-11-11T14:11:28Z,2015,2015-01-01,2015-12-31
4108512,MDG_0000000017,COUNTRY,NIC,AMR,Americas,YEAR,2010,,,,,,,,,3.3 [3.2-3.3],3.3,3.2,3.3,,2025-11-11T14:11:28Z,2010,2010-01-01,2010-12-31
4108868,MDG_0000000017,COUNTRY,COD,AFR,Africa,YEAR,2020,,,,,,,,,85 [37-151],85,37,151,,2025-11-11T14:11:28Z,2020,2020-01-01,2020-12-31
4109274,MDG_0000000017,COUNTRY,MNE,EUR,Europe,YEAR,2007,,,,,,,,,1.4 [1.2-1.6],1.4,1.2,1.6,,2025-11-11T14:11:28Z,2007,2007-01-01,2007-12-31
4114599,MDG_0000000017,COUNTRY,GEO,EUR,Europe,YEAR,2021,,,,,,,,,1.7 [1.6-1.8],1.7,1.6,1.8,,2025-11-11T14:11:28Z,2021,2021-01-01,2021-12-31
4121687,MDG_0000000017,COUNTRY,MAC,,,YEAR,2019,,,,,,,,,14 [9.9-20],14,9.9,20,,2025-11-11T14:11:28Z,2019,2019-01-01,2019-12-31
4121944,MDG_0000000017,COUNTRY,GNQ,AFR,Africa,YEAR,2013,,,,,,,,,35 [12-70],35,12,70,,2025-11-11T14:11:28Z,2013,2013-01-01,2013-12-31
4128712,MDG_0000000017,COUNTRY,IND,SEAR,South-East Asia,YEAR,2019,,,,,,,,,23 [17-30],23,17,30,,2025-11-11T14:11:28Z,2019,2019-01-01,2019-12-31
4128865,MDG_0000000017,COUNTRY,HUN,EUR,Europe,YEAR,2021,,,,,,,,,0.58 [0.58-0.58],0.58,0.58,0.58,,2025-11-11T14:11:28Z,2021,2021-01-01,2021-12-31
4136398,MDG_0000000017,COUNTRY,CPV,AFR,Africa,YEAR,2009,,,,,,,,,6.3 [5.4-7.3],6.3,5.4,7.3,,2025-11-11T14:11:28Z,2009,2009-01-01,2009-12-31
4141100,MDG_0000000017,COUNTRY,ALB,EUR,Europe,YEAR,2004,,,,,,,,,0.84 [0.67-1],0.84,0.67,1,,2025-11-11T14:11:28Z,2004,2004-01-01,2004-12-31
4146260,MDG_0000000017,COUNTRY,MKD,EUR,Europe,YEAR,2024,,,,,,,,,0.66 [0.45-0.92],0.66,0.45,0.92,,2025-11-11T14:11:28Z,2024,2024-01-01,2024-12-31
4146596,MDG_0000000017,COUNTRY,AUT,EUR,Europe,YEAR,2012,,,,,,,,,0.5 [0.49-0.51],0.5,0.49,0.51,,2025-11-11T14:11:28Z,2012,2012-01-01,2012-12-31
4146856,MDG_0000000017,COUNTRY,DNK,EUR,Europe,YEAR,2013,,,,,,,,,0.29 [0.28-0.3],0.29,0.28,0.3,,2025-11-11T14:11:28Z,2013,2013-01-01,2013-12-31
4148339,MDG_0000000017,COUNTRY,ZAF,AFR,Africa,YEAR,2017,,,,,,,,,37 [35-39],37,35,39,,2025-11-11T14:11:28Z,2017,2017-01-01,2017-12-31
4153634,MDG_0000000017,COUNTRY,MDA,EUR,Europe,YEAR,2008,,,,,,,,,18 [16-20],18,16,20,,2025-11-11T14:11:28Z,2008,2008-01-01,2008-12-31
4159167,MDG_0000000017,COUNTRY,SRB,EUR,Europe,YEAR,2018,,,,,,,,,1.1 [1.1-1.2],1.1,1.1,1.2,,2025-11-11T14:11:28Z,2018,2018-01-01,2018-12-31
4168037,MDG_0000000017,COUNTRY,CAN,AMR,Americas,YEAR,2013,,,,,,,,,0.3 [0.3-0.3],0.3,0.3,0.3,,2025-11-11T14:11:28Z,2013,2013-01-01,2013-12-31
4171629,MDG_0000000017,COUNTRY,TZA,AFR,Africa,YEAR,2015,,,,,,,,,54 [24-96],54,24,96,,2025-11-11T14:11:28Z,2015,2015-01-01,2015-12-31
4171921,MDG_0000000017,COUNTRY,CMR,AFR,Africa,YEAR,2000,,,,,,,,,10 [4.5-19],10,4.5,19,,2025-11-11T14:11:28Z,2000,2000-01-01,2000-12-31
4174526,MDG_0000000017,COUNTRY,NOR,EUR,Europe,YEAR,2000,,,,,,,,,1.2 [1.2-1.3],1.2,1.2,1.3,,2025-11-11T14:11:28Z,2000,2000-01-01,2000-12-31
4174616,MDG_0000000017,COUNTRY,GEO,EUR,Europe,YEAR,2024,,,,,,,,,1.5 [0.87-2.3],1.5,0.87,2.3,,2025-11-11T14:11:28Z,2024,2024-01-01,2024-12-31
4179283,MDG_0000000017,COUNTRY,ALB,EUR,Europe,YEAR,2023,,,,,,,,,0.29 [0.17-0.45],0.29,0.17,0.45,,2025-11-11T14:11:28Z,2023,2023-01-01,2023-12-31
4206359,MDG_0000000017,COUNTRY,VEN,AMR,Americas,YEAR,2021,,,,,,,,,2.4 [1.6-3.4],2.4,1.6,3.4,,2025-11-11T14:11:28Z,2021,2021-01-01,2021-12-31
4212590,MDG_0000000017,COUNTRY,KHM,WPR,Western Pacific,YEAR,2022,,,,,,,,,19 [9.2-31],19,9.2,31,,2025-11-11T14:11:28Z,2022,2022-01-01,2022-12-31
4225268,MDG_0000000017,COUNTRY,KHM,WPR,Western Pacific,YEAR,2014,,,,,,,,,22 [11-37],22,11,37,,2025-11-11T14:11:28Z,2014,2014-01-01,2014-12-31
4229103,MDG_0000000017,COUNTRY,GMB,AFR,Africa,YEAR,2021,,,,,,,,,25 [16-36],25,16,36,,2025-11-11T14:11:28Z,2021,2021-01-01,2021-12-31
4229660,MDG_0000000017,COUNTRY,PAK,EMR,Eastern Mediterranean,YEAR,2002,,,,,,,,,36 [32-40],36,32,40,,2025-11-11T14:11:28Z,2002,2002-01-01,2002-12-31
4230099,MDG_0000000017,COUNTRY,MKD,EUR,Europe,YEAR,2018,,,,,,,,,1.2 [1.1-1.2],1.2,1.1,1.2,,2025-11-11T14:11:28Z,2018,2018-01-01,2018-12-31
4230716,MDG_0000000017,COUNTRY,NPL,SEAR,South-East Asia,YEAR,2007,,,,,,,,,94 [57-140],94,57,140,,2025-11-11T14:11:28Z,2007,2007-01-01,2007-12-31
4231283,MDG_0000000017,COUNTRY,HND,AMR,Americas,YEAR,2000,,,,,,,,,6.4 [5.4-7.6],6.4,5.4,7.6,,2025-11-11T14:11:28Z,2000,2000-01-01,2000-12-31
4244220,MDG_0000000017,COUNTRY,THA,SEAR,South-East Asia,YEAR,2012,,,,,,,,,14 [9.2-20],14,9.2,20,,2025-11-11T14:11:28Z,2012,2012-01-01,2012-12-31
4248801,MDG_0000000017,COUNTRY,GIN,AFR,Africa,YEAR,2000,,,,,,,,,19 [11-28],19,11,28,,2025-11-11T14:11:28Z,2000,2000-01-01,2000-12-31
4255944,MDG_0000000017,COUNTRY,CPV,AFR,Africa,YEAR,2006,,,,,,,,,6.3 [5.4-7.3],6.3,5.4,7.3,,2025-11-11T14:11:28Z,2006,2006-01-01,2006-12-31
4256237,MDG_0000000017,COUNTRY,GAB,AFR,Africa,YEAR,2011,,,,,,,,,58 [34-89],58,34,89,,2025-11-11T14:11:28Z,2011,2011-01-01,2011-12-31
4267163,MDG_0000000017,COUNTRY,NER,AFR,Africa,YEAR,2024,,,,,,,,,12 [7.1-19],12,7.1,19,,2025-11-11T14:11:28Z,2024,2024-01-01,2024-12-31
4279721,MDG_0000000017,COUNTRY,BWA,AFR,Africa,YEAR,2010,,,,,,,,,42 [24-64],42,24,64,,2025-11-11T14:11:28Z,2010,2010-01-01,2010-12-31
4281117,MDG_0000000017,COUNTRY,UZB,EUR,Europe,YEAR,2011,,,,,,,,,11 [8.2-15],11,8.2,15,,2025-11-11T14:11:28Z,2011,2011-01-01,2011-12-31
4286266,MDG_0000000017,COUNTRY,PRT,EUR,Europe,YEAR,2015,,,,,,,,,2.2 [2.1-2.3],2.2,2.1,2.3,,2025-11-11T14:11:28Z,2015,2015-01-01,2015-12-31
4286683,MDG_0000000017,COUNTRY,KHM,WPR,Western Pacific,YEAR,2020,,,,,,,,,17 [8-28],17,8,28,,2025-11-11T14:11:28Z,2020,2020-01-01,2020-12-31
4288237,MDG_0000000017,COUNTRY,CAF,AFR,Africa,YEAR,2020,,,,,,,,,67 [30-117],67,30,117,,2025-11-11T14:11:28Z,2020,2020-01-01,2020-12-31
4294604,MDG_0000000017,COUNTRY,MEX,AMR,Americas,YEAR,2005,,,,,,,,,2.7 [2.6-2.8],2.7,2.6,2.8,,2025-11-11T14:11:28Z,2005,2005-01-01,2005-12-31
4295064,MDG_0000000017,COUNTRY,RWA,AFR,Africa,YEAR,2007,,,,,,,,,7.3 [4.7-10],7.3,4.7,10,,2025-11-11T14:11:28Z,2007,2007-01-01,2007-12-31
4298663,MDG_0000000017,COUNTRY,GIN,AFR,Africa,YEAR,2012,,,,,,,,,29 [20-39],29,20,39,,2025-11-11T14:11:28Z,2012,2012-01-01,2012-12-31
4298803,MDG_0000000017,COUNTRY,LBR,AFR,Africa,YEAR,2021,,,,,,,,,39 [28-52],39,28,52,,2025-11-11T14:11:28Z,2021,2021-01-01,2021-12-31
4301116,MDG_0000000017,COUNTRY,GEO,EUR,Europe,YEAR,2004,,,,,,,,,7 [6.5-7.5],7,6.5,7.5,,2025-11-11T14:11:28Z,2004,2004-01-01,2004-12-31
4301135,MDG_0000000017,COUNTRY,CZE,EUR,Europe,YEAR,2019,,,,,,,,,0.21 [0.21-0.21],0.21,0.21,0.21,,2025-11-11T14:11:28Z,2019,2019-01-01,2019-12-31
4305077,MDG_0000000017,COUNTRY,KIR,WPR,Western Pacific,YEAR,2008,,,,,,,,,42 [37-48],42,37,48,,2025-11-11T14:11:28Z,2008,2008-01-01,2008-12-31
4307775,MDG_0000000017,COUNTRY,SGP,WPR,Western Pacific,YEAR,2001,,,,,,,,,3.9 [2.5-5.6],3.9,2.5,5.6,,2025-11-11T14:11:28Z,2001,2001-01-01,2001-12-31
4311027,MDG_0000000017,COUNTRY,CHE,EUR,Europe,YEAR,2000,,,,,,,,,0.64 [0.63-0.65],0.64,0.63,0.65,,2025-11-11T14:11:28Z,2000,2000-01-01,2000-12-31
4317593,MDG_0000000017,COUNTRY,LBY,EMR,Eastern Mediterranean,YEAR,2002,,,,,,,,,14 [6.9-23],14,6.9,23,,2025-11-11T14:11:28Z,2002,2002-01-01,2002-12-31
4318590,MDG_0000000017,COUNTRY,NLD,EUR,Europe,YEAR,2022,,,,,,,,,0.1 [0.1-0.11],0.1,0.1,0.11,,2025-11-11T14:11:28Z,2022,2022-01-01,2022-12-31
4320032,MDG_0000000017,WORLDBANKINCOMEGROUP,WB_LMI,,,YEAR,2003,,,,,,,,,56 [47-65],56,47,65,,2025-11-11T14:11:28Z,2003,2003-01-01,2003-12-31
4324697,MDG_0000000017,COUNTRY,ETH,AFR,Africa,YEAR,2013,,,,,,,,,37 [22-55],37,22,55,,2025-11-11T14:11:28Z,2013,2013-01-01,2013-12-31
4336327,MDG_0000000017,COUNTRY,ALB,EUR,Europe,YEAR,2020,,,,,,,,,0.3 [0.17-0.46],0.3,0.17,0.46,,2025-11-11T14:11:28Z,2020,2020-01-01,2020-12-31
4338011,MDG_0000000017,COUNTRY,CHN,WPR,Western Pacific,YEAR,2018,,,,,,,,,2.4 [2.2-2.6],2.4,2.2,2.6,,2025-11-11T14:11:28Z,2018,2018-01-01,2018-12-31
4344673,MDG_0000000017,COUNTRY,QAT,EMR,Eastern Mediterranean,YEAR,2023,,,,,,,,,0.28 [0.22-0.35],0.28,0.22,0.35,,2025-11-11T14:11:28Z,2023,2023-01-01,2023-12-31
4345547,MDG_0000000017,COUNTRY,NPL,SEAR,South-East Asia,YEAR,2003,,,,,,,,,110 [70-158],110,70,158,,2025-11-11T14:11:28Z,2003,2003-01-01,2003-12-31
4348935,MDG_0000000017,COUNTRY,KAZ,EUR,Europe,YEAR,2008,,,,,,,,,17 [16-17],17,16,17,,2025-11-11T14:11:28Z,2008,2008-01-01,2008-12-31
4349256,MDG_0000000017,COUNTRY,GMB,AFR,Africa,YEAR,2007,,,,,,,,,25 [14-40],25,14,40,,2025-11-11T14:11:28Z,2007,2007-01-01,2007-12-31
4350884,MDG_0000000017,COUNTRY,YEM,EMR,Eastern Mediterranean,YEAR,2010,,,,,,,,,6.8 [4.8-9.2],6.8,4.8,9.2,,2025-11-11T14:11:28Z,2010,2010-01-01,2010-12-31
4356942,MDG_0000000017,COUNTRY,MDV,SEAR,South-East Asia,YEAR,2019,,,,,,,,,2.1 [1.9-2.3],2.1,1.9,2.3,,2025-11-11T14:11:28Z,2019,2019-01-01,2019-12-31
4362463,MDG_0000000017,COUNTRY,LAO,WPR,Western Pacific,YEAR,2001,,,,,,,,,119 [69-182],119,69,182,,2025-11-11T14:11:28Z,2001,2001-01-01,2001-12-31
4363344,MDG_0000000017,COUNTRY,GTM,AMR,Americas,YEAR,2016,,,,,,,,,2.1 [2-2.3],2.1,2,2.3,,2025-11-11T14:11:28Z,2016,2016-01-01,2016-12-31
4375497,MDG_0000000017,COUNTRY,MRT,AFR,Africa,YEAR,2012,,,,,,,,,23 [15-33],23,15,33,,2025-11-11T14:11:28Z,2012,2012-01-01,2012-12-31
4388097,MDG_0000000017,COUNTRY,GTM,AMR,Americas,YEAR,2020,,,,,,,,,1.2 [1.1-1.4],1.2,1.1,1.4,,2025-11-11T14:11:28Z,2020,2020-01-01,2020-12-31
4393460,MDG_0000000017,COUNTRY,SDN,EMR,Eastern Mediterranean,YEAR,2006,,,,,,,,,34 [18-54],34,18,54,,2025-11-11T14:11:28Z,2006,2006-01-01,2006-12-31
4394826,MDG_0000000017,COUNTRY,OMN,EMR,Eastern Mediterranean,YEAR,2017,,,,,,,,,0.39 [0.29-0.5],0.39,0.29,0.5,,2025-11-11T14:11:28Z,2017,2017-01-01,2017-12-31
4398943,MDG_0000000017,COUNTRY,LKA,SEAR,South-East Asia,YEAR,2018,,,,,,,,,3.5 [3.1-3.8],3.5,3.1,3.8,,2025-11-11T14:11:28Z,2018,2018-01-01,2018-12-31
4406668,MDG_0000000017,COUNTRY,SWZ,AFR,Africa,YEAR,2014,,,,,,,,,44 [26-67],44,26,67,,2025-11-11T14:11:28Z,2014,2014-01-01,2014-12-31
4407726,MDG_0000000017,COUNTRY,GTM,AMR,Americas,YEAR,2007,,,,,,,,,2.4 [2.3-2.6],2.4,2.3,2.6,,2025-11-11T14:11:28Z,2007,2007-01-01,2007-12-31
4411229,MDG_0000000017,COUNTRY,LBY,EMR,Eastern Mediterranean,YEAR,2006,,,,,,,,,13 [7-21],13,7,21,,2025-11-11T14:11:28Z,2006,2006-01-01,2006-12-31
4411364,MDG_0000000017,COUNTRY,VEN,AMR,Americas,YEAR,2017,,,,,,,,,2.4 [2.4-2.4],2.4,2.4,2.4,,2025-11-11T14:11:28Z,2017,2017-01-01,2017-12-31
4413319,MDG_0000000017,COUNTRY,TCD,AFR,Africa,YEAR,2023,,,,,,,,,17 [11-25],17,11,25,,2025-11-11T14:11:28Z,2023,2023-01-01,2023-12-31
4426067,MDG_0000000017,COUNTRY,DOM,AMR,Americas,YEAR,2024,,,,,,,,,1.3 [0.77-1.9],1.3,0.77,1.9,,2025-11-11T14:11:28Z,2024,2024-01-01,2024-12-31
4431292,MDG_0000000017,COUNTRY,NAM,AFR,Africa,YEAR,2021,,,,,,,,,60 [38-88],60,38,88,,2025-11-11T14:11:28Z,2021,2021-01-01,2021-12-31
4436750,MDG_0000000017,COUNTRY,SDN,EMR,Eastern Mediterranean,YEAR,2019,,,,,,,,,9.9 [6.2-15],9.9,6.2,15,,2025-11-11T14:11:28Z,2019,2019-01-01,2019-12-31
4438325,MDG_0000000017,COUNTRY,PRY,AMR,Americas,YEAR,2005,,,,,,,,,4.6 [4.1-5.2],4.6,4.1,5.2,,2025-11-11T14:11:28Z,2005,2005-01-01,2005-12-31
4442497,MDG_0000000017,COUNTRY,CHN,WPR,Western Pacific,YEAR,2006,,,,,,,,,5.1 [4.6-5.6],5.1,4.6,5.6,,2025-11-11T14:11:28Z,2006,2006-01-01,2006-12-31
4445044,MDG_0000000017,COUNTRY,SSD,AFR,Africa,YEAR,2018,,,,,,,,,86 [38-153],86,38,153,,2025-11-11T14:11:28Z,2018,2018-01-01,2018-12-31
4449155,MDG_0000000017,REGION,SEAR,,,YEAR,2010,,,,,,,,,41 [33-50],41,33,50,,2025-11-11T14:11:28Z,2010,2010-01-01,2010-12-31
4456745,MDG_0000000017,WORLDBANKINCOMEGROUP,WB_LMI,,,YEAR,2004,,,,,,,,,52 [44-60],52,44,60,,2025-11-11T14:11:28Z,2004,2004-01-01,2004-12-31
4463557,MDG_0000000017,COUNTRY,CZE,EUR,Europe,YEAR,2014,,,,,,,,,0.38 [0.37-0.38],0.38,0.37,0.38,,2025-11-11T14:11:28Z,2014,2014-01-01,2014-12-31
4464075,MDG_0000000017,COUNTRY,HND,AMR,Americas,YEAR,2003,,,,,,,,,5.9 [4.9-6.9],5.9,4.9,6.9,,2025-11-11T14:11:28Z,2003,2003-01-01,2003-12-31
4464125,MDG_0000000017,COUNTRY,BGD,SEAR,South-East Asia,YEAR,2003,,,,,,,,,69 [44-100],69,44,100,,2025-11-11T14:11:28Z,2003,2003-01-01,2003-12-31
4467616,MDG_0000000017,COUNTRY,JPN,WPR,Western Pacific,YEAR,2006,,,,,,,,,3.3 [3.2-3.4],3.3,3.2,3.4,,2025-11-11T14:11:28Z,2006,2006-01-01,2006-12-31
4476118,MDG_0000000017,COUNTRY,AUT,EUR,Europe,YEAR,2005,,,,,,,,,0.66 [0.66-0.66],0.66,0.66,0.66,,2025-11-11T14:11:28Z,2005,2005-01-01,2005-12-31
4482609,MDG_0000000017,COUNTRY,VNM,WPR,Western Pacific,YEAR,2002,,,,,,,,,34 [20-52],34,20,52,,2025-11-11T14:11:28Z,2002,2002-01-01,2002-12-31
4482644,MDG_0000000017,COUNTRY,PRY,AMR,Americas,YEAR,2017,,,,,,,,,3.5 [3.3-3.7],3.5,3.3,3.7,,2025-11-11T14:11:28Z,2017,2017-01-01,2017-12-31
4487593,MDG_0000000017,COUNTRY,STP,AFR,Africa,YEAR,2012,,,,,,,,,28 [19-38],28,19,38,,2025-11-11T14:11:28Z,2012,2012-01-01,2012-12-31
4489257,MDG_0000000017,COUNTRY,HND,AMR,Americas,YEAR,2023,,,,,,,,,4.6 [3.9-5.4],4.6,3.9,5.4,,2025-11-11T14:11:28Z,2023,2023-01-01,2023-12-31
4493492,MDG_0000000017,COUNTRY,ESP,EUR,Europe,YEAR,2000,,,,,,,,,1.3 [1.3-1.3],1.3,1.3,1.3,,2025-11-11T14:11:28Z,2000,2000-01-01,2000-12-31
4496018,MDG_0000000017,COUNTRY,SDN,EMR,Eastern Mediterranean,YEAR,2002,,,,,,,,,31 [16-51],31,16,51,,2025-11-11T14:11:28Z,2002,2002-01-01,2002-12-31
4501690,MDG_0000000017,COUNTRY,JAM,AMR,Americas,YEAR,2009,,,,,,,,,0.48 [0.48-0.48],0.48,0.48,0.48,,2025-11-11T14:11:28Z,2009,2009-01-01,2009-12-31
4502386,MDG_0000000017,COUNTRY,YEM,EMR,Eastern Mediterranean,YEAR,2017,,,,,,,,,6.6 [4.6-8.9],6.6,4.6,8.9,,2025-11-11T14:11:28Z,2017,2017-01-01,2017-12-31
4513040,MDG_0000000017,COUNTRY,NGA,AFR,Africa,YEAR,2024,,,,,,,,,24 [14-36],24,14,36,,2025-11-11T14:11:28Z,2024,2024-01-01,2024-12-31
4519158,MDG_0000000017,COUNTRY,EST,EUR,Europe,YEAR,2020,,,,,,,,,0.69 [0.68-0.69],0.69,0.68,0.69,,2025-11-11T14:11:28Z,2020,2020-01-01,2020-12-31
4519742,MDG_0000000017,COUNTRY,CHE,EUR,Europe,YEAR,2008,,,,,,,,,0.44 [0.43-0.44],0.44,0.43,0.44,,2025-11-11T14:11:28Z,2008,2008-01-01,2008-12-31
4520240,MDG_0000000017,COUNTRY,KEN,AFR,Africa,YEAR,2013,,,,,,,,,70 [39-109],70,39,109,,2025-11-11T14:11:28Z,2013,2013-01-01,2013-12-31
4521169,MDG_0000000017,COUNTRY,NGA,AFR,Africa,YEAR,2003,,,,,,,,,66 [36-103],66,36,103,,2025-11-11T14:11:28Z,2003,2003-01-01,2003-12-31
4524968,MDG_0000000017,COUNTRY,CAF,AFR,Africa,YEAR,2024,,,,,,,,,47 [22-82],47,22,82,,2025-11-11T14:11:28Z,2024,2024-01-01,2024-12-31
4526700,MDG_0000000017,COUNTRY,BWA,AFR,Africa,YEAR,2019,,,,,,,,,40 [27-56],40,27,56,,2025-11-11T14:11:28Z,2019,2019-01-01,2019-12-31
4531666,MDG_0000000017,COUNTRY,CHL,AMR,Americas,YEAR,2016,,,,,,,,,2.2 [2.2-2.3],2.2,2.2,2.3,,2025-11-11T14:11:28Z,2016,2016-01-01,2016-12-31
4534155,MDG_0000000017,COUNTRY,ZWE,AFR,Africa,YEAR,2010,,,,,,,,,8.9 [5.5-13],8.9,5.5,13,,2025-11-11T14:11:28Z,2010,2010-01-01,2010-12-31
4538087,MDG_0000000017,COUNTRY,EGY,EMR,Eastern Mediterranean,YEAR,2021,,,,,,,,,0.43 [0.39-0.48],0.43,0.39,0.48,,2025-11-11T14:11:28Z,2021,2021-01-01,2021-12-31
4550208,MDG_0000000017,COUNTRY,TCD,AFR,Africa,YEAR,2005,,,,,,,,,25 [16-37],25,16,37,,2025-11-11T14:11:28Z,2005,2005-01-01,2005-12-31
4552986,MDG_0000000017,COUNTRY,BHS,AMR,Americas,YEAR,2000,,,,,,,,,2.7 [2.4-3],2.7,2.4,3,,2025-11-11T14:11:28Z,2000,2000-01-01,2000-12-31
4563727,MDG_0000000017,COUNTRY,CYP,EUR,Europe,YEAR,2014,,,,,,,,,0.41 [0.36-0.45],0.41,0.36,0.45,,2025-11-11T14:11:28Z,2014,2014-01-01,2014-12-31
4570717,MDG_0000000017,COUNTRY,OMN,EMR,Eastern Mediterranean,YEAR,2016,,,,,,,,,0.4 [0.31-0.51],0.4,0.31,0.51,,2025-11-11T14:11:28Z,2016,2016-01-01,2016-12-31
4571934,MDG_0000000017,COUNTRY,GIN,AFR,Africa,YEAR,2003,,,,,,,,,28 [18-41],28,18,41,,2025-11-11T14:11:28Z,2003,2003-01-01,2003-12-31
4577111,MDG_0000000017,COUNTRY,SVK,EUR,Europe,YEAR,2011,,,,,,,,,0.49 [0.48-0.49],0.49,0.48,0.49,,2025-11-11T14:11:28Z,2011,2011-01-01,2011-12-31
4588443,MDG_0000000017,COUNTRY,SVK,EUR,Europe,YEAR,2005,,,,,,,,,0.88 [0.87-0.89],0.88,0.87,0.89,,2025-11-11T14:11:28Z,2005,2005-01-01,2005-12-31
4588474,MDG_0000000017,COUNTRY,IND,SEAR,South-East Asia,YEAR,2021,,,,,,,,,22 [17-28],22,17,28,,2025-11-11T14:11:28Z,2021,2021-01-01,2021-12-31
4591369,MDG_0000000017,COUNTRY,MEX,AMR,Americas,YEAR,2011,,,,,,,,,2.3 [2.3-2.4],2.3,2.3,2.4,,2025-11-11T14:11:28Z,2011,2011-01-01,2011-12-31
4595135,MDG_0000000017,WORLDBANKINCOMEGROUP,WB_LI,,,YEAR,2016,,,,,,,,,42 [29-56],42,29,56,,2025-11-11T14:11:28Z,2016,2016-01-01,2016-12-31
4595718,MDG_0000000017,COUNTRY,LAO,WPR,Western Pacific,YEAR,2016,,,,,,,,,45 [27-66],45,27,66,,2025-11-11T14:11:28Z,2016,2016-01-01,2016-12-31
4609395,MDG_0000000017,COUNTRY,KGZ,EUR,Europe,YEAR,2021,,,,,,,,,4.5 [4-5],4.5,4,5,,2025-11-11T14:11:28Z,2021,2021-01-01,2021-12-31
4610506,MDG_0000000017,COUNTRY,TCD,AFR,Africa,YEAR,2016,,,,,,,,,29 [19-39],29,19,39,,2025-11-11T14:11:28Z,2016,2016-01-01,2016-12-31
4620788,MDG_0000000017,COUNTRY,ECU,AMR,Americas,YEAR,2007,,,,,,,,,6.8 [5.6-8.2],6.8,5.6,8.2,,2025-11-11T14:11:28Z,2007,2007-01-01,2007-12-31
4622103,MDG_0000000017,COUNTRY,UZB,EUR,Europe,YEAR,2009,,,,,,,,,14 [9.8-20],14,9.8,20,,2025-11-11T14:11:28Z,2009,2009-01-01,2009-12-31
4626960,MDG_0000000017,COUNTRY,KAZ,EUR,Europe,YEAR,2013,,,,,,,,,6 [5.8-6.2],6,5.8,6.2,,2025-11-11T14:11:28Z,2013,2013-01-01,2013-12-31
4628987,MDG_0000000017,COUNTRY,MAC,,,YEAR,2017,,,,,,,,,16 [11-22],16,11,22,,2025-11-11T14:11:28Z,2017,2017-01-01,2017-12-31
4632809,MDG_0000000017,COUNTRY,CUB,AMR,Americas,YEAR,2018,,,,,,,,,0.26 [0.26-0.26],0.26,0.26,0.26,,2025-11-11T14:11:28Z,2018,2018-01-01,2018-12-31
4635416,MDG_0000000017,COUNTRY,FJI,WPR,Western Pacific,YEAR,2013,,,,,,,,,3.7 [3.6-3.8],3.7,3.6,3.8,,2025-11-11T14:11:28Z,2013,2013-01-01,2013-12-31
4639151,MDG_0000000017,COUNTRY,KGZ,EUR,Europe,YEAR,2010,,,,,,,,,11 [11-11],11,11,11,,2025-11-11T14:11:28Z,2010,2010-01-01,2010-12-31
4651881,MDG_0000000017,COUNTRY,GAB,AFR,Africa,YEAR,2007,,,,,,,,,52 [37-69],52,37,69,,2025-11-11T14:11:28Z,2007,2007-01-01,2007-12-31
4654062,MDG_0000000017,COUNTRY,PAK,EMR,Eastern Mediterranean,YEAR,2020,,,,,,,,,21 [17-26],21,17,26,,2025-11-11T14:11:28Z,2020,2020-01-01,2020-12-31
4658558,MDG_0000000017,COUNTRY,SOM,EMR,Eastern Mediterranean,YEAR,2006,,,,,,,,,86 [62-113],86,62,113,,2025-11-11T14:11:28Z,2006,2006-01-01,2006-12-31
4665713,MDG_0000000017,COUNTRY,NLD,EUR,Europe,YEAR,2005,,,,,,,,,0.44 [0.43-0.45],0.44,0.43,0.45,,2025-11-11T14:11:28Z,2005,2005-01-01,2005-12-31
4671598,MDG_0000000017,COUNTRY,FSM,WPR,Western Pacific,YEAR,2020,,,,,,,,,44 [30-59],44,30,59,,2025-11-11T14:11:28Z,2020,2020-01-01,2020-12-31
4677165,MDG_0000000017,COUNTRY,UZB,EUR,Europe,YEAR,2017,,,,,,,,,5.9 [5.1-6.7],5.9,5.1,6.7,,2025-11-11T14:11:28Z,2017,2017-01-01,2017-12-31
4678184,MDG_0000000017,COUNTRY,BEL,EUR,Europe,YEAR,2022,,,,,,,,,0.29 [0.27-0.3],0.29,0.27,0.3,,2025-11-11T14:11:28Z,2022,2022-01-01,2022-12-31
4679221,MDG_0000000017,COUNTRY,KAZ,EUR,Europe,YEAR,2005,,,,,,,,,24 [23-24],24,23,24,,2025-11-11T14:11:28Z,2005,2005-01-01,2005-12-31
4683504,MDG_0000000017,COUNTRY,MLI,AFR,Africa,YEAR,2000,,,,,,,,,12 [5.7-21],12,5.7,21,,2025-11-11T14:11:28Z,2000,2000-01-01,2000-12-31
4696156,MDG_0000000017,COUNTRY,ETH,AFR,Africa,YEAR,2004,,,,,,,,,69 [38-109],69,38,109,,2025-11-11T14:11:28Z,2004,2004-01-01,2004-12-31
4704818,MDG_0000000017,COUNTRY,SVK,EUR,Europe,YEAR,2012,,,,,,,,,0.32 [0.32-0.33],0.32,0.32,0.33,,2025-11-11T14:11:28Z,2012,2012-01-01,2012-12-31
4722573,MDG_0000000017,COUNTRY,NOR,EUR,Europe,YEAR,2017,,,,,,,,,0.26 [0.25-0.26],0.26,0.25,0.26,,2025-11-11T14:11:28Z,2017,2017-01-01,2017-12-31
4728418,MDG_0000000017,COUNTRY,AZE,EUR,Europe,YEAR,2019,,,,,,,,,5.9 [5.4-6.4],5.9,5.4,6.4,,2025-11-11T14:11:28Z,2019,2019-01-01,2019-12-31
4728426,MDG_0000000017,COUNTRY,VEN,AMR,Americas,YEAR,2020,,,,,,,,,2.3 [1.5-3.3],2.3,1.5,3.3,,2025-11-11T14:11:28Z,2020,2020-01-01,2020-12-31
4736410,MDG_0000000017,COUNTRY,NIC,AMR,Americas,YEAR,2001,,,,,,,,,4.9 [4.3-5.5],4.9,4.3,5.5,,2025-11-11T14:11:28Z,2001,2001-01-01,2001-12-31
4736643,MDG_0000000017,COUNTRY,USA,AMR,Americas,YEAR,2001,,,,,,,,,0.31 [0.31-0.31],0.31,0.31,0.31,,2025-11-11T14:11:28Z,2001,2001-01-01,2001-12-31
4743064,MDG_0000000017,COUNTRY,KGZ,EUR,Europe,YEAR,2001,,,,,,,,,25 [24-26],25,24,26,,2025-11-11T14:11:28Z,2001,2001-01-01,2001-12-31
4753745,MDG_0000000017,COUNTRY,ZMB,AFR,Africa,YEAR,2002,,,,,,,,,34 [14-63],34,14,63,,2025-11-11T14:11:28Z,2002,2002-01-01,2002-12-31
4754112,MDG_0000000017,COUNTRY,BOL,AMR,Americas,YEAR,2016,,,,,,,,,11 [8.5-15],11,8.5,15,,2025-11-11T14:11:28Z,2016,2016-01-01,2016-12-31
4766675,MDG_0000000017,COUNTRY,CMR,AFR,Africa,YEAR,2008,,,,,,,,,40 [28-54],40,28,54,,2025-11-11T14:11:28Z,2008,2008-01-01,2008-12-31
4785892,MDG_0000000017,COUNTRY,PSE,EMR,Eastern Mediterranean,YEAR,2010,,,,,,,,,0.25 [0.17-0.35],0.25,0.17,0.35,,2025-11-11T14:11:28Z,2010,2010-01-01,2010-12-31
4786775,MDG_0000000017,COUNTRY,GTM,AMR,Americas,YEAR,2024,,,,,,,,,2.2 [1.9-2.5],2.2,1.9,2.5,,2025-11-11T14:11:28Z,2024,2024-01-01,2024-12-31
4791213,MDG_0000000017,COUNTRY,SYR,EMR,Eastern Mediterranean,YEAR,2019,,,,,,,,,0.13 [0.12-0.15],0.13,0.12,0.15,,2025-11-11T14:11:28Z,2019,2019-01-01,2019-12-31
4792877,MDG_0000000017,COUNTRY,PER,AMR,Americas,YEAR,2016,,,,,,,,,6.7 [5.7-7.9],6.7,5.7,7.9,,2025-11-11T14:11:28Z,2016,2016-01-01,2016-12-31
4798091,MDG_0000000017,COUNTRY,DOM,AMR,Americas,YEAR,2005,,,,,,,,,7.6 [3.9-13],7.6,3.9,13,,2025-11-11T14:11:28Z,2005,2005-01-01,2005-12-31
4799504,MDG_0000000017,COUNTRY,AGO,AFR,Africa,YEAR,2006,,,,,,,,,92 [63-126],92,63,126,,2025-11-11T14:11:28Z,2006,2006-01-01,2006-12-31
4810726,MDG_0000000017,COUNTRY,TKM,EUR,Europe,YEAR,2019,,,,,,,,,10 [8.6-12],10,8.6,12,,2025-11-11T14:11:28Z,2019,2019-01-01,2019-12-31
4813138,MDG_0000000017,COUNTRY,SGP,WPR,Western Pacific,YEAR,2011,,,,,,,,,1.5 [1.4-1.7],1.5,1.4,1.7,,2025-11-11T14:11:28Z,2011,2011-01-01,2011-12-31
4813195,MDG_0000000017,COUNTRY,NGA,AFR,Africa,YEAR,2020,,,,,,,,,64 [37-97],64,37,97,,2025-11-11T14:11:28Z,2020,2020-01-01,2020-12-31
4816659,MDG_0000000017,COUNTRY,CPV,AFR,Africa,YEAR,2014,,,,,,,,,4.3 [3.7-4.8],4.3,3.7,4.8,,2025-11-11T14:11:28Z,2014,2014-01-01,2014-12-31
4823521,MDG_0000000017,COUNTRY,TTO,AMR,Americas,YEAR,2009,,,,,,,,,1.4 [1.4-1.4],1.4,1.4,1.4,,2025-11-11T14:11:28Z,2009,2009-01-01,2009-12-31
4831658,MDG_0000000017,COUNTRY,PNG,WPR,Western Pacific,YEAR,2003,,,,,,,,,254 [186-333],254,186,333,,2025-11-11T14:11:28Z,2003,2003-01-01,2003-12-31
4832095,MDG_0000000017,COUNTRY,TCD,AFR,Africa,YEAR,2011,,,,,,,,,30 [20-43],30,20,43,,2025-11-11T14:11:28Z,2011,2011-01-01,2011-12-31
4838341,MDG_0000000017,COUNTRY,FIN,EUR,Europe,YEAR,2007,,,,,,,,,1.1 [1.1-1.1],1.1,1.1,1.1,,2025-11-11T14:11:28Z,2007,2007-01-01,2007-12-31
4849219,MDG_0000000017,COUNTRY,GNB,AFR,Africa,YEAR,2024,,,,,,,,,19 [13-27],19,13,27,,2025-11-11T14:11:28Z,2024,2024-01-01,2024-12-31
4849343,MDG_0000000017,COUNTRY,DEU,EUR,Europe,YEAR,2017,,,,,,,,,0.36 [0.35-0.36],0.36,0.35,0.36,,2025-11-11T14:11:28Z,2017,2017-01-01,2017-12-31
4849914,MDG_0000000017,COUNTRY,BLZ,AMR,Americas,YEAR,2005,,,,,,,,,2 [2-2],2,2,2,,2025-11-11T14:11:28Z,2005,2005-01-01,2005-12-31
4862386,MDG_0000000017,COUNTRY,LSO,AFR,Africa,YEAR,2016,,,,,,,,,47 [27-72],47,27,72,,2025-11-11T14:11:28Z,2016,2016-01-01,2016-12-31
4868746,MDG_0000000017,WORLDBANKINCOMEGROUP,WB_LI,,,YEAR,2010,,,,,,,,,47 [34-62],47,34,62,,2025-11-11T14:11:28Z,2010,2010-01-01,2010-12-31
4875049,MDG_0000000017,COUNTRY,JPN,WPR,Western Pacific,YEAR,2009,,,,,,,,,3 [2.9-3],3,2.9,3,,2025-11-11T14:11:28Z,2009,2009-01-01,2009-12-31
4876489,MDG_0000000017,COUNTRY,AZE,EUR,Europe,YEAR,2017,,,,,,,,,5.9 [5.4-6.4],5.9,5.4,6.4,,2025-11-11T14:11:28Z,2017,2017-01-01,2017-12-31
4881958,MDG_0000000017,COUNTRY,FSM,WPR,Western Pacific,YEAR,2004,,,,,,,,,100 [69-138],100,69,138,,2025-11-11T14:11:28Z,2004,2004-01-01,2004-12-31
4886832,MDG_0000000017,COUNTRY,ROU,EUR,Europe,YEAR,2016,,,,,,,,,4.9 [4.8-4.9],4.9,4.8,4.9,,2025-11-11T14:11:28Z,2016,2016-01-01,2016-12-31
4892599,MDG_0000000017,COUNTRY,SGP,WPR,Western Pacific,YEAR,2020,,,,,,,,,0.42 [0.37-0.48],0.42,0.37,0.48,,2025-11-11T14:11:28Z,2020,2020-01-01,2020-12-31
4892625,MDG_0000000017,COUNTRY,COM,AFR,Africa,YEAR,2018,,,,,,,,,10 [3.4-21],10,3.4,21,,2025-11-11T14:11:28Z,2018,2018-01-01,2018-12-31
4905663,MDG_0000000017,COUNTRY,BGR,EUR,Europe,YEAR,2004,,,,,,,,,3.9 [3.7-4.2],3.9,3.7,4.2,,2025-11-11T14:11:28Z,2004,2004-01-01,2004-12-31
4906662,MDG_0000000017,COUNTRY,COD,AFR,Africa,YEAR,2023,,,,,,,,,63 [29-112],63,29,112,,2025-11-11T14:11:28Z,2023,2023-01-01,2023-12-31
4906876,MDG_0000000017,COUNTRY,SAU,EMR,Eastern Mediterranean,YEAR,2007,,,,,,,,,1.6 [1.3-1.9],1.6,1.3,1.9,,2025-11-11T14:11:28Z,2007,2007-01-01,2007-12-31
4914582,MDG_0000000017,COUNTRY,BHR,EMR,Eastern Mediterranean,YEAR,2017,,,,,,,,,0.51 [0.48-0.55],0.51,0.48,0.55,,2025-11-11T14:11:28Z,2017,2017-01-01,2017-12-31
4920155,MDG_0000000017,COUNTRY,SLB,WPR,Western Pacific,YEAR,2023,,,,,,,,,24 [17-33],24,17,33,,2025-11-11T14:11:28Z,2023,2023-01-01,2023-12-31
4924951,MDG_0000000017,COUNTRY,COL,AMR,Americas,YEAR,2021,,,,,,,,,2.4 [2.3-2.4],2.4,2.3,2.4,,2025-11-11T14:11:28Z,2021,2021-01-01,2021-12-31
4924998,MDG_0000000017,GLOBAL,GLOBAL,,,YEAR,2011,,,,,,,,,21 [19-23],21,19,23,,2025-11-11T14:11:28Z,2011,2011-01-01,2011-12-31
4925201,MDG_0000000017,COUNTRY,IDN,WPR,Western Pacific,YEAR,2022,,,,,,,,,50 [44-56],50,44,56,,2025-11-11T14:11:28Z,2022,2022-01-01,2022-12-31
4931086,MDG_0000000017,COUNTRY,MNG,WPR,Western Pacific,YEAR,2017,,,,,,,,,11 [9.4-12],11,9.4,12,,2025-11-11T14:11:28Z,2017,2017-01-01,2017-12-31
4932429,MDG_0000000017,COUNTRY,LBN,EMR,Eastern Mediterranean,YEAR,2018,,,,,,,,,2.1 [1.4-2.9],2.1,1.4,2.9,,2025-11-11T14:11:28Z,2018,2018-01-01,2018-12-31
4933425,MDG_0000000017,COUNTRY,MWI,AFR,Africa,YEAR,2020,,,,,,,,,16 [7.9-26],16,7.9,26,,2025-11-11T14:11:28Z,2020,2020-01-01,2020-12-31
4936967,MDG_0000000017,COUNTRY,SWZ,AFR,Africa,YEAR,2020,,,,,,,,,29 [7.6-66],29,7.6,66,,2025-11-11T14:11:28Z,2020,2020-01-01,2020-12-31
4937380,MDG_0000000017,COUNTRY,CAN,AMR,Americas,YEAR,2017,,,,,,,,,0.28 [0.28-0.28],0.28,0.28,0.28,,2025-11-11T14:11:28Z,2017,2017-01-01,2017-12-31
4944826,MDG_0000000017,COUNTRY,MDG,AFR,Africa,YEAR,2024,,,,,,,,,32 [22-43],32,22,43,,2025-11-11T14:11:28Z,2024,2024-01-01,2024-12-31
4951067,MDG_0000000017,COUNTRY,LTU,EUR,Europe,YEAR,2005,,,,,,,,,12 [11-12],12,11,12,,2025-11-11T14:11:28Z,2005,2005-01-01,2005-12-31
4952109,MDG_0000000017,COUNTRY,LVA,EUR,Europe,YEAR,2014,,,,,,,,,3.5 [3.4-3.6],3.5,3.4,3.6,,2025-11-11T14:11:28Z,2014,2014-01-01,2014-12-31
4956981,MDG_0000000017,COUNTRY,GEO,EUR,Europe,YEAR,2008,,,,,,,,,5.6 [5.2-6],5.6,5.2,6,,2025-11-11T14:11:28Z,2008,2008-01-01,2008-12-31
4962762,MDG_0000000017,COUNTRY,SGP,WPR,Western Pacific,YEAR,2003,,,,,,,,,2.7 [1.6-4],2.7,1.6,4,,2025-11-11T14:11:28Z,2003,2003-01-01,2003-12-31
4963167,MDG_0000000017,COUNTRY,SAU,EMR,Eastern Mediterranean,YEAR,2010,,,,,,,,,1.3 [1.1-1.5],1.3,1.1,1.5,,2025-11-11T14:11:28Z,2010,2010-01-01,2010-12-31
4964077,MDG_0000000017,COUNTRY,LVA,EUR,Europe,YEAR,2004,,,,,,,,,8.9 [8.4-9.3],8.9,8.4,9.3,,2025-11-11T14:11:28Z,2004,2004-01-01,2004-12-31
4965064,MDG_0000000017,COUNTRY,YEM,EMR,Eastern Mediterranean,YEAR,2024,,,,,,,,,5.3 [3.6-7.2],5.3,3.6,7.2,,2025-11-11T14:11:28Z,2024,2024-01-01,2024-12-31
4965499,MDG_0000000017,COUNTRY,GAB,AFR,Africa,YEAR,2010,,,,,,,,,60 [35-93],60,35,93,,2025-11-11T14:11:28Z,2010,2010-01-01,2010-12-31
4969396,MDG_0000000017,COUNTRY,CMR,AFR,Africa,YEAR,2012,,,,,,,,,37 [26-50],37,26,50,,2025-11-11T14:11:28Z,2012,2012-01-01,2012-12-31
4975588,MDG_0000000017,COUNTRY,TUN,EMR,Eastern Mediterranean,YEAR,2024,,,,,,,,,1.2 [0.85-1.5],1.2,0.85,1.5,,2025-11-11T14:11:28Z,2024,2024-01-01,2024-12-31
4975692,MDG_0000000017,COUNTRY,POL,EUR,Europe,YEAR,2003,,,,,,,,,2.7 [2.6-2.8],2.7,2.6,2.8,,2025-11-11T14:11:28Z,2003,2003-01-01,2003-12-31
4976584,MDG_0000000017,COUNTRY,KAZ,EUR,Europe,YEAR,2016,,,,,,,,,3.3 [3.2-3.4],3.3,3.2,3.4,,2025-11-11T14:11:28Z,2016,2016-01-01,2016-12-31
4990099,MDG_0000000017,COUNTRY,MHL,WPR,Western Pacific,YEAR,2009,,,,,,,,,122 [84-166],122,84,166,,2025-11-11T14:11:28Z,2009,2009-01-01,2009-12-31
5009197,MDG_0000000017,COUNTRY,MKD,EUR,Europe,YEAR,2011,,,,,,,,,1.3 [1.3-1.4],1.3,1.3,1.4,,2025-11-11T14:11:28Z,2011,2011-01-01,2011-12-31
5009325,MDG_0000000017,COUNTRY,PHL,WPR,Western Pacific,YEAR,2003,,,,,,,,,42 [37-47],42,37,47,,2025-11-11T14:11:28Z,2003,2003-01-01,2003-12-31
5019863,MDG_0000000017,COUNTRY,HTI,AMR,Americas,YEAR,2019,,,,,,,,,8.9 [6-13],8.9,6,13,,2025-11-11T14:11:28Z,2019,2019-01-01,2019-12-31
5026275,MDG_0000000017,WORLDBANKINCOMEGROUP,WB_HI,,,YEAR,2005,,,,,,,,,4.2 [4.1-4.2],4.2,4.1,4.2,,2025-11-11T14:11:28Z,2005,2005-01-01,2005-12-31
5027259,MDG_0000000017,COUNTRY,ARM,EUR,Europe,YEAR,2009,,,,,,,,,6 [4.8-7.3],6,4.8,7.3,,2025-11-11T14:11:28Z,2009,2009-01-01,2009-12-31
5027500,MDG_0000000017,COUNTRY,DEU,EUR,Europe,YEAR,2024,,,,,,,,,0.34 [0.34-0.35],0.34,0.34,0.35,,2025-11-11T14:11:28Z,2024,2024-01-01,2024-12-31
5032483,MDG_0000000017,COUNTRY,MKD,EUR,Europe,YEAR,2015,,,,,,,,,0.93 [0.89-0.96],0.93,0.89,0.96,,2025-11-11T14:11:28Z,2015,2015-01-01,2015-12-31
5033063,MDG_0000000017,COUNTRY,AZE,EUR,Europe,YEAR,2010,,,,,,,,,8.9 [8.3-9.5],8.9,8.3,9.5,,2025-11-11T14:11:28Z,2010,2010-01-01,2010-12-31
5039257,MDG_0000000017,COUNTRY,BTN,SEAR,South-East Asia,YEAR,2018,,,,,,,,,44 [31-60],44,31,60,,2025-11-11T14:11:28Z,2018,2018-01-01,2018-12-31
5039869,MDG_0000000017,COUNTRY,TCD,AFR,Africa,YEAR,2017,,,,,,,,,26 [17-36],26,17,36,,2025-11-11T14:11:28Z,2017,2017-01-01,2017-12-31
5044794,MDG_0000000017,COUNTRY,ERI,AFR,Africa,YEAR,2017,,,,,,,,,36 [25-49],36,25,49,,2025-11-11T14:11:28Z,2017,2017-01-01,2017-12-31
5047435,MDG_0000000017,COUNTRY,AZE,EUR,Europe,YEAR,2009,,,,,,,,,7.3 [6.8-7.9],7.3,6.8,7.9,,2025-11-11T14:11:28Z,2009,2009-01-01,2009-12-31
5051070,MDG_0000000017,COUNTRY,UZB,EUR,Europe,YEAR,2016,,,,,,,,,7.2 [6.1-8.4],7.2,6.1,8.4,,2025-11-11T14:11:28Z,2016,2016-01-01,2016-12-31
5057529,MDG_0000000017,COUNTRY,ZWE,AFR,Africa,YEAR,2001,,,,,,,,,26 [11-49],26,11,49,,2025-11-11T14:11:28Z,2001,2001-01-01,2001-12-31
5059100,MDG_0000000017,COUNTRY,CHN,WPR,Western Pacific,YEAR,2022,,,,,,,,,1.9 [1.7-2.1],1.9,1.7,2.1,,2025-11-11T14:11:28Z,2022,2022-01-01,2022-12-31
5064853,MDG_0000000017,COUNTRY,HTI,AMR,Americas,YEAR,2005,,,,,,,,,13 [9-17],13,9,17,,2025-11-11T14:11:28Z,2005,2005-01-01,2005-12-31
5065019,MDG_0000000017,COUNTRY,KGZ,EUR,Europe,YEAR,2000,,,,,,,,,22 [21-24],22,21,24,,2025-11-11T14:11:28Z,2000,2000-01-01,2000-12-31
5065658,MDG_0000000017,WORLDBANKINCOMEGROUP,WB_HI,,,YEAR,2017,,,,,,,,,1.7 [1.6-1.7],1.7,1.6,1.7,,2025-11-11T14:11:28Z,2017,2017-01-01,2017-12-31
5066284,MDG_0000000017,WORLDBANKINCOMEGROUP,WB_HI,,,YEAR,2018,,,,,,,,,1.5 [1.5-1.6],1.5,1.5,1.6,,2025-11-11T14:11:28Z,2018,2018-01-01,2018-12-31
5071994,MDG_0000000017,COUNTRY,GRC,EUR,Europe,YEAR,2017,,,,,,,,,0.54 [0.52-0.56],0.54,0.52,0.56,,2025-11-11T14:11:28Z,2017,2017-01-01,2017-12-31
5077155,MDG_0000000017,COUNTRY,SVN,EUR,Europe,YEAR,2003,,,,,,,,,1.4 [1.4-1.5],1.4,1.4,1.5,,2025-11-11T14:11:28Z,2003,2003-01-01,2003-12-31
5085772,MDG_0000000017,COUNTRY,TUR,EUR,Europe,YEAR,2017,,,,,,,,,0.58 [0.58-0.59],0.58,0.58,0.59,,2025-11-11T14:11:28Z,2017,2017-01-01,2017-12-31
5090592,MDG_0000000017,COUNTRY,CIV,AFR,Africa,YEAR,2008,,,,,,,,,35 [24-47],35,24,47,,2025-11-11T14:11:28Z,2008,2008-01-01,2008-12-31
5097012,MDG_0000000017,COUNTRY,CMR,AFR,Africa,YEAR,2009,,,,,,,,,40 [28-55],40,28,55,,2025-11-11T14:11:28Z,2009,2009-01-01,2009-12-31
5104216,MDG_0000000017,COUNTRY,PER,AMR,Americas,YEAR,2003,,,,,,,,,8.9 [7.5-10],8.9,7.5,10,,2025-11-11T14:11:28Z,2003,2003-01-01,2003-12-31
5104326,MDG_0000000017,COUNTRY,TTO,AMR,Americas,YEAR,2001,,,,,,,,,1.1 [1.1-1.1],1.1,1.1,1.1,,2025-11-11T14:11:28Z,2001,2001-01-01,2001-12-31
5108828,MDG_0000000017,COUNTRY,KIR,WPR,Western Pacific,YEAR,2009,,,,,,,,,41 [36-47],41,36,47,,2025-11-11T14:11:28Z,2009,2009-01-01,2009-12-31
5110410,MDG_0000000017,COUNTRY,GMB,AFR,Africa,YEAR,2011,,,,,,,,,20 [12-30],20,12,30,,2025-11-11T14:11:28Z,2011,2011-01-01,2011-12-31
5123222,MDG_0000000017,COUNTRY,GNQ,AFR,Africa,YEAR,2006,,,,,,,,,53 [19-106],53,19,106,,2025-11-11T14:11:28Z,2006,2006-01-01,2006-12-31
5127305,MDG_0000000017,WORLDBANKINCOMEGROUP,WB_LMI,,,YEAR,2002,,,,,,,,,59 [50-69],59,50,69,,2025-11-11T14:11:28Z,2002,2002-01-01,2002-12-31
5135212,MDG_0000000017,COUNTRY,KIR,WPR,Western Pacific,YEAR,2017,,,,,,,,,38 [32-44],38,32,44,,2025-11-11T14:11:28Z,2017,2017-01-01,2017-12-31
5141771,MDG_0000000017,COUNTRY,MAC,,,YEAR,2021,,,,,,,,,13 [8.7-17],13,8.7,17,,2025-11-11T14:11:28Z,2021,2021-01-01,2021-12-31
5141824,MDG_0000000017,COUNTRY,SSD,AFR,Africa,YEAR,2012,,,,,,,,,99 [39-186],99,39,186,,2025-11-11T14:11:28Z,2012,2012-01-01,2012-12-31
5146664,MDG_0000000017,COUNTRY,COD,AFR,Africa,YEAR,2007,,,,,,,,,150 [64-273],150,64,273,,2025-11-11T14:11:28Z,2007,2007-01-01,2007-12-31
5148437,MDG_0000000017,COUNTRY,IRN,EMR,Eastern Mediterranean,YEAR,2018,,,,,,,,,1 [0.97-1],1,0.97,1,,2025-11-11T14:11:28Z,2018,2018-01-01,2018-12-31
5152936,MDG_0000000017,COUNTRY,SLB,WPR,Western Pacific,YEAR,2012,,,,,,,,,46 [31-62],46,31,62,,2025-11-11T14:11:28Z,2012,2012-01-01,2012-12-31
5158924,MDG_0000000017,COUNTRY,BTN,SEAR,South-East Asia,YEAR,2004,,,,,,,,,162 [112-220],162,112,220,,2025-11-11T14:11:28Z,2004,2004-01-01,2004-12-31
5160654,MDG_0000000017,COUNTRY,THA,SEAR,South-East Asia,YEAR,2006,,,,,,,,,15 [9.1-23],15,9.1,23,,2025-11-11T14:11:28Z,2006,2006-01-01,2006-12-31
5161826,MDG_0000000017,COUNTRY,SRB,EUR,Europe,YEAR,2009,,,,,,,,,2.3 [2.2-2.4],2.3,2.2,2.4,,2025-11-11T14:11:28Z,2009,2009-01-01,2009-12-31
5174134,MDG_0000000017,COUNTRY,GBR,EUR,Europe,YEAR,2024,,,,,,,,,0.34 [0.34-0.35],0.34,0.34,0.35,,2025-11-11T14:11:28Z,2024,2024-01-01,2024-12-31
5174206,MDG_0000000017,COUNTRY,VUT,WPR,Western Pacific,YEAR,2022,,,,,,,,,9.1 [3.5-17],9.1,3.5,17,,2025-11-11T14:11:28Z,2022,2022-01-01,2022-12-31
5180560,MDG_0000000017,COUNTRY,VNM,WPR,Western Pacific,YEAR,2005,,,,,,,,,28 [17-43],28,17,43,,2025-11-11T14:11:28Z,2005,2005-01-01,2005-12-31
5184597,MDG_0000000017,COUNTRY,MHL,WPR,Western Pacific,YEAR,2004,,,,,,,,,165 [114-226],165,114,226,,2025-11-11T14:11:28Z,2004,2004-01-01,2004-12-31
5186279,MDG_0000000017,COUNTRY,LUX,EUR,Europe,YEAR,2024,,,,,,,,,0.17 [0.16-0.17],0.17,0.16,0.17,,2025-11-11T14:11:28Z,2024,2024-01-01,2024-12-31
5191500,MDG_0000000017,COUNTRY,SWZ,AFR,Africa,YEAR,2004,,,,,,,,,79 [28-154],79,28,154,,2025-11-11T14:11:28Z,2004,2004-01-01,2004-12-31
5209584,MDG_0000000017,COUNTRY,SLV,AMR,Americas,YEAR,2020,,,,,,,,,1.2 [1.1-1.3],1.2,1.1,1.3,,2025-11-11T14:11:28Z,2020,2020-01-01,2020-12-31
5210175,MDG_0000000017,COUNTRY,GAB,AFR,Africa,YEAR,2008,,,,,,,,,41 [28-55],41,28,55,,2025-11-11T14:11:28Z,2008,2008-01-01,2008-12-31
5216001,MDG_0000000017,COUNTRY,BFA,AFR,Africa,YEAR,2012,,,,,,,,,16 [7.1-30],16,7.1,30,,2025-11-11T14:11:28Z,2012,2012-01-01,2012-12-31
5217042,MDG_0000000017,COUNTRY,DJI,EMR,Eastern Mediterranean,YEAR,2006,,,,,,,,,436 [265-649],436,265,649,,2025-11-11T14:11:28Z,2006,2006-01-01,2006-12-31
5218636,MDG_0000000017,COUNTRY,PRT,EUR,Europe,YEAR,2004,,,,,,,,,3.5 [3.3-3.8],3.5,3.3,3.8,,2025-11-11T14:11:28Z,2004,2004-01-01,2004-12-31
5222707,MDG_0000000017,COUNTRY,BEN,AFR,Africa,YEAR,2009,,,,,,,,,16 [9.3-24],16,9.3,24,,2025-11-11T14:11:28Z,2009,2009-01-01,2009-12-31
5222842,MDG_0000000017,COUNTRY,GBR,EUR,Europe,YEAR,2008,,,,,,,,,0.7 [0.7-0.71],0.7,0.7,0.71,,2025-11-11T14:11:28Z,2008,2008-01-01,2008-12-31
5228461,MDG_0000000017,COUNTRY,MNE,EUR,Europe,YEAR,2012,,,,,,,,,0.2 [0.18-0.22],0.2,0.18,0.22,,2025-11-11T14:11:28Z,2012,2012-01-01,2012-12-31
5235718,MDG_0000000017,COUNTRY,BEL,EUR,Europe,YEAR,2015,,,,,,,,,0.54 [0.52-0.56],0.54,0.52,0.56,,2025-11-11T14:11:28Z,2015,2015-01-01,2015-12-31
5237422,MDG_0000000017,COUNTRY,ISR,EUR,Europe,YEAR,2023,,,,,,,,,0.24 [0.23-0.25],0.24,0.23,0.25,,2025-11-11T14:11:28Z,2023,2023-01-01,2023-12-31
5241387,MDG_0000000017,COUNTRY,ESP,EUR,Europe,YEAR,2022,,,,,,,,,0.36 [0.36-0.37],0.36,0.36,0.37,,2025-11-11T14:11:28Z,2022,2022-01-01,2022-12-31
5248776,MDG_0000000017,COUNTRY,EGY,EMR,Eastern Mediterranean,YEAR,2005,,,,,,,,,1.2 [1.1-1.4],1.2,1.1,1.4,,2025-11-11T14:11:28Z,2005,2005-01-01,2005-12-31
5248798,MDG_0000000017,COUNTRY,AZE,EUR,Europe,YEAR,2006,,,,,,,,,6.7 [6-7.5],6.7,6,7.5,,2025-11-11T14:11:28Z,2006,2006-01-01,2006-12-31
5256021,MDG_0000000017,COUNTRY,GNQ,AFR,Africa,YEAR,2021,,,,,,,,,30 [13-55],30,13,55,,2025-11-11T14:11:28Z,2021,2021-01-01,2021-12-31
5261041,MDG_0000000017,COUNTRY,MWI,AFR,Africa,YEAR,2021,,,,,,,,,15 [7.4-26],15,7.4,26,,2025-11-11T14:11:28Z,2021,2021-01-01,2021-12-31
5262267,MDG_0000000017,COUNTRY,HRV,EUR,Europe,YEAR,2020,,,,,,,,,0.66 [0.66-0.66],0.66,0.66,0.66,,2025-11-11T14:11:28Z,2020,2020-01-01,2020-12-31
5274140,MDG_0000000017,COUNTRY,TJK,EUR,Europe,YEAR,2003,,,,,,,,,14 [13-15],14,13,15,,2025-11-11T14:11:28Z,2003,2003-01-01,2003-12-31
5275880,MDG_0000000017,COUNTRY,ARM,EUR,Europe,YEAR,2007,,,,,,,,,7.8 [6.3-9.4],7.8,6.3,9.4,,2025-11-11T14:11:28Z,2007,2007-01-01,2007-12-31
5281233,MDG_0000000017,COUNTRY,BEL,EUR,Europe,YEAR,2013,,,,,,,,,0.5 [0.49-0.52],0.5,0.49,0.52,,2025-11-11T14:11:28Z,2013,2013-01-01,2013-12-31
5285675,MDG_0000000017,COUNTRY,QAT,EMR,Eastern Mediterranean,YEAR,2010,,,,,,,,,0.27 [0.22-0.31],0.27,0.22,0.31,,2025-11-11T14:11:28Z,2010,2010-01-01,2010-12-31
5288366,MDG_0000000017,COUNTRY,SYR,EMR,Eastern Mediterranean,YEAR,2005,,,,,,,,,0.36 [0.3-0.42],0.36,0.3,0.42,,2025-11-11T14:11:28Z,2005,2005-01-01,2005-12-31
5293832,MDG_0000000017,COUNTRY,ALB,EUR,Europe,YEAR,2018,,,,,,,,,0.29 [0.15-0.48],0.29,0.15,0.48,,2025-11-11T14:11:28Z,2018,2018-01-01,2018-12-31
5298315,MDG_0000000017,COUNTRY,NER,AFR,Africa,YEAR,2008,,,,,,,,,28 [19-39],28,19,39,,2025-11-11T14:11:28Z,2008,2008-01-01,2008-12-31
5298547,MDG_0000000017,COUNTRY,GMB,AFR,Africa,YEAR,2023,,,,,,,,,17 [11-25],17,11,25,,2025-11-11T14:11:28Z,2023,2023-01-01,2023-12-31
5300612,MDG_0000000017,COUNTRY,COD,AFR,Africa,YEAR,2022,,,,,,,,,68 [30-120],68,30,120,,2025-11-11T14:11:28Z,2022,2022-01-01,2022-12-31
5300973,MDG_0000000017,COUNTRY,JPN,WPR,Western Pacific,YEAR,2015,,,,,,,,,2.4 [2.3-2.5],2.4,2.3,2.5,,2025-11-11T14:11:28Z,2015,2015-01-01,2015-12-31
5304948,MDG_0000000017,COUNTRY,LBY,EMR,Eastern Mediterranean,YEAR,2014,,,,,,,,,6.6 [1.8-14],6.6,1.8,14,,2025-11-11T14:11:28Z,2014,2014-01-01,2014-12-31
5305890,MDG_0000000017,COUNTRY,RWA,AFR,Africa,YEAR,2016,,,,,,,,,5.4 [3.4-7.7],5.4,3.4,7.7,,2025-11-11T14:11:28Z,2016,2016-01-01,2016-12-31
5306890,MDG_0000000017,COUNTRY,PSE,EMR,Eastern Mediterranean,YEAR,2006,,,,,,,,,0.45 [0.31-0.62],0.45,0.31,0.62,,2025-11-11T14:11:28Z,2006,2006-01-01,2006-12-31
5307219,MDG_0000000017,COUNTRY,SDN,EMR,Eastern Mediterranean,YEAR,2004,,,,,,,,,32 [16-53],32,16,53,,2025-11-11T14:11:28Z,2004,2004-01-01,2004-12-31
5326164,MDG_0000000017,COUNTRY,IDN,WPR,Western Pacific,YEAR,2012,,,,,,,,,43 [41-45],43,41,45,,2025-11-11T14:11:28Z,2012,2012-01-01,2012-12-31
5331803,MDG_0000000017,COUNTRY,SLE,AFR,Africa,YEAR,2016,,,,,,,,,94 [41-170],94,41,170,,2025-11-11T14:11:28Z,2016,2016-01-01,2016-12-31
5332202,MDG_0000000017,COUNTRY,TCD,AFR,Africa,YEAR,2022,,,,,,,,,19 [12-27],19,12,27,,2025-11-11T14:11:28Z,2022,2022-01-01,2022-12-31
5338371,MDG_0000000017,COUNTRY,NIC,AMR,Americas,YEAR,2015,,,,,,,,,2 [2-2],2,2,2,,2025-11-11T14:11:28Z,2015,2015-01-01,2015-12-31
5350778,MDG_0000000017,COUNTRY,EGY,EMR,Eastern Mediterranean,YEAR,2023,,,,,,,,,0.43 [0.39-0.48],0.43,0.39,0.48,,2025-11-11T14:11:28Z,2023,2023-01-01,2023-12-31
5355077,MDG_0000000017,COUNTRY,MWI,AFR,Africa,YEAR,2013,,,,,,,,,30 [15-50],30,15,50,,2025-11-11T14:11:28Z,2013,2013-01-01,2013-12-31
5362139,MDG_0000000017,COUNTRY,VEN,AMR,Americas,YEAR,2007,,,,,,,,,2.5 [2.5-2.5],2.5,2.5,2.5,,2025-11-11T14:11:28Z,2007,2007-01-01,2007-12-31
5367861,MDG_0000000017,COUNTRY,JPN,WPR,Western Pacific,YEAR,2012,,,,,,,,,2.8 [2.7-2.9],2.8,2.7,2.9,,2025-11-11T14:11:28Z,2012,2012-01-01,2012-12-31
5374068,MDG_0000000017,COUNTRY,CIV,AFR,Africa,YEAR,2020,,,,,,,,,20 [13-29],20,13,29,,2025-11-11T14:11:28Z,2020,2020-01-01,2020-12-31
5376429,MDG_0000000017,COUNTRY,TJK,EUR,Europe,YEAR,2001,,,,,,,,,15 [14-16],15,14,16,,2025-11-11T14:11:28Z,2001,2001-01-01,2001-12-31
5381009,MDG_0000000017,COUNTRY,ZWE,AFR,Africa,YEAR,2019,,,,,,,,,11 [7.4-16],11,7.4,16,,2025-11-11T14:11:28Z,2019,2019-01-01,2019-12-31
5389439,MDG_0000000017,COUNTRY,LKA,SEAR,South-East Asia,YEAR,2022,,,,,,,,,3.5 [3.1-3.8],3.5,3.1,3.8,,2025-11-11T14:11:28Z,2022,2022-01-01,2022-12-31
5399909,MDG_0000000017,COUNTRY,PRT,EUR,Europe,YEAR,2003,,,,,,,,,3.8 [3.5-4],3.8,3.5,4,,2025-11-11T14:11:28Z,2003,2003-01-01,2003-12-31
5400023,MDG_0000000017,COUNTRY,NER,AFR,Africa,YEAR,2015,,,,,,,,,20 [13-30],20,13,30,,2025-11-11T14:11:28Z,2015,2015-01-01,2015-12-31
5400675,MDG_0000000017,COUNTRY,ARG,AMR,Americas,YEAR,2010,,,,,,,,,1.4 [1.3-1.5],1.4,1.3,1.5,,2025-11-11T14:11:28Z,2010,2010-01-01,2010-12-31
5406307,MDG_0000000017,WORLDBANKINCOMEGROUP,WB_LMI,,,YEAR,2012,,,,,,,,,35 [30-41],35,30,41,,2025-11-11T14:11:28Z,2012,2012-01-01,2012-12-31
5407764,MDG_0000000017,COUNTRY,TZA,AFR,Africa,YEAR,2003,,,,,,,,,80 [33-147],80,33,147,,2025-11-11T14:11:28Z,2003,2003-01-01,2003-12-31
5407958,MDG_0000000017,COUNTRY,MYS,WPR,Western Pacific,YEAR,2010,,,,,,,,,5.9 [2.9-10],5.9,2.9,10,,2025-11-11T14:11:28Z,2010,2010-01-01,2010-12-31
5419234,MDG_0000000017,COUNTRY,ERI,AFR,Africa,YEAR,2005,,,,,,,,,129 [85-181],129,85,181,,2025-11-11T14:11:28Z,2005,2005-01-01,2005-12-31
5419801,MDG_0000000017,COUNTRY,MWI,AFR,Africa,YEAR,2016,,,,,,,,,19 [9.5-31],19,9.5,31,,2025-11-11T14:11:28Z,2016,2016-01-01,2016-12-31
5425409,MDG_0000000017,COUNTRY,VEN,AMR,Americas,YEAR,2011,,,,,,,,,2 [2-2],2,2,2,,2025-11-11T14:11:28Z,2011,2011-01-01,2011-12-31
5425816,MDG_0000000017,COUNTRY,COL,AMR,Americas,YEAR,2000,,,,,,,,,3.2 [3.2-3.3],3.2,3.2,3.3,,2025-11-11T14:11:28Z,2000,2000-01-01,2000-12-31
5426569,MDG_0000000017,COUNTRY,AZE,EUR,Europe,YEAR,2014,,,,,,,,,4.5 [4.2-4.9],4.5,4.2,4.9,,2025-11-11T14:11:28Z,2014,2014-01-01,2014-12-31
5431061,MDG_0000000017,COUNTRY,VEN,AMR,Americas,YEAR,2010,,,,,,,,,2.4 [2.4-2.4],2.4,2.4,2.4,,2025-11-11T14:11:28Z,2010,2010-01-01,2010-12-31
5432824,MDG_0000000017,COUNTRY,QAT,EMR,Eastern Mediterranean,YEAR,2015,,,,,,,,,0.3 [0.24-0.37],0.3,0.24,0.37,,2025-11-11T14:11:28Z,2015,2015-01-01,2015-12-31
5433599,MDG_0000000017,COUNTRY,BFA,AFR,Africa,YEAR,2010,,,,,,,,,17 [7.4-31],17,7.4,31,,2025-11-11T14:11:28Z,2010,2010-01-01,2010-12-31
5437745,MDG_0000000017,COUNTRY,MDV,SEAR,South-East Asia,YEAR,2002,,,,,,,,,8.5 [6.3-11],8.5,6.3,11,,2025-11-11T14:11:28Z,2002,2002-01-01,2002-12-31
5438474,MDG_0000000017,COUNTRY,SOM,EMR,Eastern Mediterranean,YEAR,2022,,,,,,,,,28 [19-39],28,19,39,,2025-11-11T14:11:28Z,2022,2022-01-01,2022-12-31
5445562,MDG_0000000017,COUNTRY,CMR,AFR,Africa,YEAR,2021,,,,,,,,,25 [17-35],25,17,35,,2025-11-11T14:11:28Z,2021,2021-01-01,2021-12-31
5445565,MDG_0000000017,COUNTRY,IDN,WPR,Western Pacific,YEAR,2008,,,,,,,,,49 [46-53],49,46,53,,2025-11-11T14:11:28Z,2008,2008-01-01,2008-12-31
5450777,MDG_0000000017,COUNTRY,RUS,EUR,Europe,YEAR,2007,,,,,,,,,19 [18-19],19,18,19,,2025-11-11T14:11:28Z,2007,2007-01-01,2007-12-31
5451660,MDG_0000000017,COUNTRY,UKR,EUR,Europe,YEAR,2021,,,,,,,,,7 [6.7-7.3],7,6.7,7.3,,2025-11-11T14:11:28Z,2021,2021-01-01,2021-12-31
5472044,MDG_0000000017,COUNTRY,PRT,EUR,Europe,YEAR,2017,,,,,,,,,2 [1.9-2],2,1.9,2,,2025-11-11T14:11:28Z,2017,2017-01-01,2017-12-31
5475385,MDG_0000000017,COUNTRY,MRT,AFR,Africa,YEAR,2005,,,,,,,,,50 [35-68],50,35,68,,2025-11-11T14:11:28Z,2005,2005-01-01,2005-12-31
5476314,MDG_0000000017,COUNTRY,LSO,AFR,Africa,YEAR,2024,,,,,,,,,57 [11-142],57,11,142,,2025-11-11T14:11:28Z,2024,2024-01-01,2024-12-31
5476455,MDG_0000000017,COUNTRY,UKR,EUR,Europe,YEAR,2016,,,,,,,,,10 [9.7-10],10,9.7,10,,2025-11-11T14:11:28Z,2016,2016-01-01,2016-12-31
5476911,MDG_0000000017,COUNTRY,IND,SEAR,South-East Asia,YEAR,2007,,,,,,,,,47 [35-60],47,35,60,,2025-11-11T14:11:28Z,2007,2007-01-01,2007-12-31
5482749,MDG_0000000017,COUNTRY,MKD,EUR,Europe,YEAR,2001,,,,,,,,,4.6 [4.3-4.8],4.6,4.3,4.8,,2025-11-11T14:11:28Z,2001,2001-01-01,2001-12-31
5483721,MDG_0000000017,COUNTRY,MDA,EUR,Europe,YEAR,2015,,,,,,,,,8 [8-8],8,8,8,,2025-11-11T14:11:28Z,2015,2015-01-01,2015-12-31
5488185,MDG_0000000017,COUNTRY,CAF,AFR,Africa,YEAR,2006,,,,,,,,,103 [37-203],103,37,203,,2025-11-11T14:11:28Z,2006,2006-01-01,2006-12-31
5500826,MDG_0000000017,COUNTRY,CPV,AFR,Africa,YEAR,2024,,,,,,,,,4.6 [2.9-6.6],4.6,2.9,6.6,,2025-11-11T14:11:28Z,2024,2024-01-01,2024-12-31
5501531,MDG_0000000017,COUNTRY,NAM,AFR,Africa,YEAR,2011,,,,,,,,,76 [48-109],76,48,109,,2025-11-11T14:11:28Z,2011,2011-01-01,2011-12-31
5507308,MDG_0000000017,COUNTRY,TKM,EUR,Europe,YEAR,2004,,,,,,,,,20 [17-23],20,17,23,,2025-11-11T14:11:28Z,2004,2004-01-01,2004-12-31
5508429,MDG_0000000017,COUNTRY,BGD,SEAR,South-East Asia,YEAR,2006,,,,,,,,,54 [35-77],54,35,77,,2025-11-11T14:11:28Z,2006,2006-01-01,2006-12-31
5508507,MDG_0000000017,COUNTRY,FIN,EUR,Europe,YEAR,2008,,,,,,,,,1.1 [1.1-1.1],1.1,1.1,1.1,,2025-11-11T14:11:28Z,2008,2008-01-01,2008-12-31
5508885,MDG_0000000017,COUNTRY,AUS,WPR,Western Pacific,YEAR,2008,,,,,,,,,0.3 [0.3-0.3],0.3,0.3,0.3,,2025-11-11T14:11:28Z,2008,2008-01-01,2008-12-31
5509340,MDG_0000000017,COUNTRY,ZWE,AFR,Africa,YEAR,2020,,,,,,,,,18 [7.1-33],18,7.1,33,,2025-11-11T14:11:28Z,2020,2020-01-01,2020-12-31
5514918,MDG_0000000017,COUNTRY,CAN,AMR,Americas,YEAR,2000,,,,,,,,,0.45 [0.45-0.46],0.45,0.45,0.46,,2025-11-11T14:11:28Z,2000,2000-01-01,2000-12-31
5521977,MDG_0000000017,COUNTRY,CAF,AFR,Africa,YEAR,2015,,,,,,,,,82 [33-152],82,33,152,,2025-11-11T14:11:28Z,2015,2015-01-01,2015-12-31
5526529,MDG_0000000017,COUNTRY,UGA,AFR,Africa,YEAR,2005,,,,,,,,,20 [9.2-35],20,9.2,35,,2025-11-11T14:11:28Z,2005,2005-01-01,2005-12-31
5528734,MDG_0000000017,COUNTRY,PRT,EUR,Europe,YEAR,2021,,,,,,,,,2.4 [2.3-2.4],2.4,2.3,2.4,,2025-11-11T14:11:28Z,2021,2021-01-01,2021-12-31
5528925,MDG_0000000017,COUNTRY,MYS,WPR,Western Pacific,YEAR,2001,,,,,,,,,7.1 [3.9-11],7.1,3.9,11,,2025-11-11T14:11:28Z,2001,2001-01-01,2001-12-31
5539621,MDG_0000000017,WORLDBANKINCOMEGROUP,WB_LI,,,YEAR,2007,,,,,,,,,58 [42-77],58,42,77,,2025-11-11T14:11:28Z,2007,2007-01-01,2007-12-31
5551573,MDG_0000000017,COUNTRY,SLV,AMR,Americas,YEAR,2014,,,,,,,,,1.3 [1.2-1.6],1.3,1.2,1.6,,2025-11-11T14:11:28Z,2014,2014-01-01,2014-12-31
5552409,MDG_0000000017,COUNTRY,BLR,EUR,Europe,YEAR,2024,,,,,,,,,2.1 [2-2.2],2.1,2,2.2,,2025-11-11T14:11:28Z,2024,2024-01-01,2024-12-31
5560142,MDG_0000000017,COUNTRY,MOZ,AFR,Africa,YEAR,2023,,,,,,,,,13 [4.7-25],13,4.7,25,,2025-11-11T14:11:28Z,2023,2023-01-01,2023-12-31
5560571,MDG_0000000017,COUNTRY,NOR,EUR,Europe,YEAR,2018,,,,,,,,,0.16 [0.15-0.16],0.16,0.15,0.16,,2025-11-11T14:11:28Z,2018,2018-01-01,2018-12-31
5566128,MDG_0000000017,COUNTRY,LAO,WPR,Western Pacific,YEAR,2021,,,,,,,,,27 [16-41],27,16,41,,2025-11-11T14:11:28Z,2021,2021-01-01,2021-12-31
5570919,MDG_0000000017,COUNTRY,KWT,EMR,Eastern Mediterranean,YEAR,2020,,,,,,,,,0.37 [0.34-0.4],0.37,0.34,0.4,,2025-11-11T14:11:28Z,2020,2020-01-01,2020-12-31
5577731,MDG_0000000017,COUNTRY,URY,AMR,Americas,YEAR,2001,,,,,,,,,2.2 [2.1-2.3],2.2,2.1,2.3,,2025-11-11T14:11:28Z,2001,2001-01-01,2001-12-31
5577892,MDG_0000000017,COUNTRY,PRT,EUR,Europe,YEAR,2008,,,,,,,,,2.6 [2.4-2.8],2.6,2.4,2.8,,2025-11-11T14:11:28Z,2008,2008-01-01,2008-12-31
5583793,MDG_0000000017,COUNTRY,CHN,WPR,Western Pacific,YEAR,2012,,,,,,,,,3 [2.8-3.3],3,2.8,3.3,,2025-11-11T14:11:28Z,2012,2012-01-01,2012-12-31
5584309,MDG_0000000017,COUNTRY,GNB,AFR,Africa,YEAR,2003,,,,,,,,,38 [23-57],38,23,57,,2025-11-11T14:11:28Z,2003,2003-01-01,2003-12-31
5590311,MDG_0000000017,COUNTRY,HRV,EUR,Europe,YEAR,2000,,,,,,,,,4.1 [4-4.3],4.1,4,4.3,,2025-11-11T14:11:28Z,2000,2000-01-01,2000-12-31
5596843,MDG_0000000017,COUNTRY,BRA,AMR,Americas,YEAR,2009,,,,,,,,,2.9 [2.8-3.1],2.9,2.8,3.1,,2025-11-11T14:11:28Z,2009,2009-01-01,2009-12-31
5598620,MDG_0000000017,COUNTRY,FSM,WPR,Western Pacific,YEAR,2021,,,,,,,,,33 [23-45],33,23,45,,2025-11-11T14:11:28Z,2021,2021-01-01,2021-12-31
5603101,MDG_0000000017,COUNTRY,TJK,EUR,Europe,YEAR,2004,,,,,,,,,13 [12-15],13,12,15,,2025-11-11T14:11:28Z,2004,2004-01-01,2004-12-31
5604777,MDG_0000000017,COUNTRY,STP,AFR,Africa,YEAR,2024,,,,,,,,,13 [8.6-17],13,8.6,17,,2025-11-11T14:11:28Z,2024,2024-01-01,2024-12-31
5608531,MDG_0000000017,COUNTRY,IRQ,EMR,Eastern Mediterranean,YEAR,2003,,,,,,,,,5.8 [5-6.5],5.8,5,6.5,,2025-11-11T14:11:28Z,2003,2003-01-01,2003-12-31
5609246,MDG_0000000017,COUNTRY,STP,AFR,Africa,YEAR,2018,,,,,,,,,21 [14-29],21,14,29,,2025-11-11T14:11:28Z,2018,2018-01-01,2018-12-31
5615201,MDG_0000000017,COUNTRY,TJK,EUR,Europe,YEAR,2024,,,,,,,,,7.2 [6.1-8.3],7.2,6.1,8.3,,2025-11-11T14:11:28Z,2024,2024-01-01,2024-12-31
5624229,MDG_0000000017,COUNTRY,SRB,EUR,Europe,YEAR,2019,,,,,,,,,0.73 [0.68-0.79],0.73,0.68,0.79,,2025-11-11T14:11:28Z,2019,2019-01-01,2019-12-31
5642051,MDG_0000000017,COUNTRY,BFA,AFR,Africa,YEAR,2001,,,,,,,,,21 [8.2-40],21,8.2,40,,2025-11-11T14:11:28Z,2001,2001-01-01,2001-12-31
5648557,MDG_0000000017,COUNTRY,HTI,AMR,Americas,YEAR,2000,,,,,,,,,75 [20-166],75,20,166,,2025-11-11T14:11:28Z,2000,2000-01-01,2000-12-31
5648720,MDG_0000000017,REGION,SEAR,,,YEAR,2016,,,,,,,,,29 [23-35],29,23,35,,2025-11-11T14:11:28Z,2016,2016-01-01,2016-12-31
5649061,MDG_0000000017,COUNTRY,BTN,SEAR,South-East Asia,YEAR,2006,,,,,,,,,133 [92-181],133,92,181,,2025-11-11T14:11:28Z,2006,2006-01-01,2006-12-31
5653027,MDG_0000000017,COUNTRY,CMR,AFR,Africa,YEAR,2005,,,,,,,,,34 [20-52],34,20,52,,2025-11-11T14:11:28Z,2005,2005-01-01,2005-12-31
5653040,MDG_0000000017,COUNTRY,ALB,EUR,Europe,YEAR,2017,,,,,,,,,0.29 [0.15-0.48],0.29,0.15,0.48,,2025-11-11T14:11:28Z,2017,2017-01-01,2017-12-31
5653252,MDG_0000000017,COUNTRY,MDV,SEAR,South-East Asia,YEAR,2009,,,,,,,,,2.2 [1.9-2.5],2.2,1.9,2.5,,2025-11-11T14:11:28Z,2009,2009-01-01,2009-12-31
5655215,MDG_0000000017,COUNTRY,UGA,AFR,Africa,YEAR,2001,,,,,,,,,24 [9.9-44],24,9.9,44,,2025-11-11T14:11:28Z,2001,2001-01-01,2001-12-31
5665674,MDG_0000000017,COUNTRY,EST,EUR,Europe,YEAR,2012,,,,,,,,,2.7 [2.7-2.7],2.7,2.7,2.7,,2025-11-11T14:11:28Z,2012,2012-01-01,2012-12-31
5666970,MDG_0000000017,COUNTRY,PSE,EMR,Eastern Mediterranean,YEAR,2007,,,,,,,,,0.33 [0.23-0.45],0.33,0.23,0.45,,2025-11-11T14:11:28Z,2007,2007-01-01,2007-12-31
5666988,MDG_0000000017,COUNTRY,PHL,WPR,Western Pacific,YEAR,2008,,,,,,,,,34 [31-37],34,31,37,,2025-11-11T14:11:28Z,2008,2008-01-01,2008-12-31
5667489,MDG_0000000017,COUNTRY,DJI,EMR,Eastern Mediterranean,YEAR,2009,,,,,,,,,355 [244-488],355,244,488,,2025-11-11T14:11:28Z,2009,2009-01-01,2009-12-31
5667524,MDG_0000000017,COUNTRY,MNE,EUR,Europe,YEAR,2020,,,,,,,,,0.19 [0.01-0.69],0.19,0.01,0.69,,2025-11-11T14:11:28Z,2020,2020-01-01,2020-12-31
5673123,MDG_0000000017,COUNTRY,FIN,EUR,Europe,YEAR,2023,,,,,,,,,0.54 [0.53-0.55],0.54,0.53,0.55,,2025-11-11T14:11:28Z,2023,2023-01-01,2023-12-31
5678916,MDG_0000000017,COUNTRY,SLV,AMR,Americas,YEAR,2008,,,,,,,,,1.3 [1.2-1.5],1.3,1.2,1.5,,2025-11-11T14:11:28Z,2008,2008-01-01,2008-12-31
5679506,MDG_0000000017,COUNTRY,TTO,AMR,Americas,YEAR,2011,,,,,,,,,1.2 [1.2-1.2],1.2,1.2,1.2,,2025-11-11T14:11:28Z,2011,2011-01-01,2011-12-31
5684568,MDG_0000000017,COUNTRY,SAU,EMR,Eastern Mediterranean,YEAR,2000,,,,,,,,,2.7 [2.2-3.3],2.7,2.2,3.3,,2025-11-11T14:11:28Z,2000,2000-01-01,2000-12-31
5684862,MDG_0000000017,COUNTRY,GRC,EUR,Europe,YEAR,2003,,,,,,,,,1.1 [1-1.1],1.1,1,1.1,,2025-11-11T14:11:28Z,2003,2003-01-01,2003-12-31
5691310,MDG_0000000017,COUNTRY,AGO,AFR,Africa,YEAR,2007,,,,,,,,,127 [93-166],127,93,166,,2025-11-11T14:11:28Z,2007,2007-01-01,2007-12-31
5698549,MDG_0000000017,COUNTRY,LUX,EUR,Europe,YEAR,2001,,,,,,,,,1.2 [1.1-1.2],1.2,1.1,1.2,,2025-11-11T14:11:28Z,2001,2001-01-01,2001-12-31
5703823,MDG_0000000017,COUNTRY,ECU,AMR,Americas,YEAR,2003,,,,,,,,,8.3 [6.8-10],8.3,6.8,10,,2025-11-11T14:11:28Z,2003,2003-01-01,2003-12-31
5704620,MDG_0000000017,COUNTRY,COD,AFR,Africa,YEAR,2008,,,,,,,,,146 [62-265],146,62,265,,2025-11-11T14:11:28Z,2008,2008-01-01,2008-12-31
5704712,MDG_0000000017,COUNTRY,ITA,EUR,Europe,YEAR,2003,,,,,,,,,0.87 [0.87-0.88],0.87,0.87,0.88,,2025-11-11T14:11:28Z,2003,2003-01-01,2003-12-31
5712639,MDG_0000000017,COUNTRY,FJI,WPR,Western Pacific,YEAR,2003,,,,,,,,,3.7 [3-4.5],3.7,3,4.5,,2025-11-11T14:11:28Z,2003,2003-01-01,2003-12-31
5712791,MDG_0000000017,COUNTRY,GNB,AFR,Africa,YEAR,2015,,,,,,,,,31 [22-42],31,22,42,,2025-11-11T14:11:28Z,2015,2015-01-01,2015-12-31
5723928,MDG_0000000017,COUNTRY,NIC,AMR,Americas,YEAR,2011,,,,,,,,,2.6 [2.6-2.6],2.6,2.6,2.6,,2025-11-11T14:11:28Z,2011,2011-01-01,2011-12-31
5724441,MDG_0000000017,COUNTRY,CUB,AMR,Americas,YEAR,2021,,,,,,,,,0.5 [0.49-0.5],0.5,0.49,0.5,,2025-11-11T14:11:28Z,2021,2021-01-01,2021-12-31
5730865,MDG_0000000017,COUNTRY,LSO,AFR,Africa,YEAR,2011,,,,,,,,,64 [36-98],64,36,98,,2025-11-11T14:11:28Z,2011,2011-01-01,2011-12-31
5736229,MDG_0000000017,GLOBAL,GLOBAL,,,YEAR,2024,,,,,,,,,13 [12-14],13,12,14,,2025-11-11T14:11:28Z,2024,2024-01-01,2024-12-31
5736722,MDG_0000000017,COUNTRY,COG,AFR,Africa,YEAR,2024,,,,,,,,,39 [27-52],39,27,52,,2025-11-11T14:11:28Z,2024,2024-01-01,2024-12-31
5737935,MDG_0000000017,COUNTRY,GAB,AFR,Africa,YEAR,2021,,,,,,,,,61 [40-87],61,40,87,,2025-11-11T14:11:28Z,2021,2021-01-01,2021-12-31
5754447,MDG_0000000017,COUNTRY,LKA,SEAR,South-East Asia,YEAR,2005,,,,,,,,,5 [4.5-5.6],5,4.5,5.6,,2025-11-11T14:11:28Z,2005,2005-01-01,2005-12-31
5761734,MDG_0000000017,COUNTRY,LAO,WPR,Western Pacific,YEAR,2006,,,,,,,,,83 [49-127],83,49,127,,2025-11-11T14:11:28Z,2006,2006-01-01,2006-12-31
5762903,MDG_0000000017,COUNTRY,GNQ,AFR,Africa,YEAR,2012,,,,,,,,,36 [12-74],36,12,74,,2025-11-11T14:11:28Z,2012,2012-01-01,2012-12-31
5767417,MDG_0000000017,COUNTRY,HTI,AMR,Americas,YEAR,2024,,,,,,,,,7.7 [4.8-11],7.7,4.8,11,,2025-11-11T14:11:28Z,2024,2024-01-01,2024-12-31
5780712,MDG_0000000017,COUNTRY,CZE,EUR,Europe,YEAR,2018,,,,,,,,,0.36 [0.36-0.37],0.36,0.36,0.37,,2025-11-11T14:11:28Z,2018,2018-01-01,2018-12-31
5787400,MDG_0000000017,COUNTRY,CMR,AFR,Africa,YEAR,2006,,,,,,,,,35 [20-54],35,20,54,,2025-11-11T14:11:28Z,2006,2006-01-01,2006-12-31
5792659,MDG_0000000017,COUNTRY,DZA,AFR,Africa,YEAR,2004,,,,,,,,,22 [16-31],22,16,31,,2025-11-11T14:11:28Z,2004,2004-01-01,2004-12-31
5793389,MDG_0000000017,COUNTRY,ZMB,AFR,Africa,YEAR,2014,,,,,,,,,30 [18-45],30,18,45,,2025-11-11T14:11:28Z,2014,2014-01-01,2014-12-31
5799790,MDG_0000000017,COUNTRY,GMB,AFR,Africa,YEAR,2012,,,,,,,,,23 [15-32],23,15,32,,2025-11-11T14:11:28Z,2012,2012-01-01,2012-12-31
5800619,MDG_0000000017,COUNTRY,RUS,EUR,Europe,YEAR,2002,,,,,,,,,22 [22-23],22,22,23,,2025-11-11T14:11:28Z,2002,2002-01-01,2002-12-31
5801493,MDG_0000000017,COUNTRY,PRY,AMR,Americas,YEAR,2011,,,,,,,,,4 [3.7-4.2],4,3.7,4.2,,2025-11-11T14:11:28Z,2011,2011-01-01,2011-12-31
5805604,MDG_0000000017,COUNTRY,TLS,SEAR,South-East Asia,YEAR,2024,,,,,,,,,78 [56-102],78,56,102,,2025-11-11T14:11:28Z,2024,2024-01-01,2024-12-31
5806121,MDG_0000000017,COUNTRY,GRC,EUR,Europe,YEAR,2001,,,,,,,,,1 [1-1.1],1,1,1.1,,2025-11-11T14:11:28Z,2001,2001-01-01,2001-12-31
5813195,MDG_0000000017,COUNTRY,ETH,AFR,Africa,YEAR,2005,,,,,,,,,64 [36-101],64,36,101,,2025-11-11T14:11:28Z,2005,2005-01-01,2005-12-31
5818862,MDG_0000000017,COUNTRY,GMB,AFR,Africa,YEAR,2024,,,,,,,,,17 [11-24],17,11,24,,2025-11-11T14:11:28Z,2024,2024-01-01,2024-12-31
5819222,MDG_0000000017,COUNTRY,ZWE,AFR,Africa,YEAR,2015,,,,,,,,,7.9 [4.9-11],7.9,4.9,11,,2025-11-11T14:11:28Z,2015,2015-01-01,2015-12-31
5819320,MDG_0000000017,COUNTRY,LBY,EMR,Eastern Mediterranean,YEAR,2015,,,,,,,,,7.5 [1.8-17],7.5,1.8,17,,2025-11-11T14:11:28Z,2015,2015-01-01,2015-12-31
5820605,MDG_0000000017,COUNTRY,ZAF,AFR,Africa,YEAR,2000,,,,,,,,,58 [56-61],58,56,61,,2025-11-11T14:11:28Z,2000,2000-01-01,2000-12-31
5825488,MDG_0000000017,COUNTRY,MYS,WPR,Western Pacific,YEAR,2002,,,,,,,,,6.3 [3.6-9.9],6.3,3.6,9.9,,2025-11-11T14:11:28Z,2002,2002-01-01,2002-12-31
5831185,MDG_0000000017,COUNTRY,KAZ,EUR,Europe,YEAR,2010,,,,,,,,,12 [11-12],12,11,12,,2025-11-11T14:11:28Z,2010,2010-01-01,2010-12-31
5832087,MDG_0000000017,COUNTRY,KEN,AFR,Africa,YEAR,2022,,,,,,,,,31 [16-53],31,16,53,,2025-11-11T14:11:28Z,2022,2022-01-01,2022-12-31
5832837,MDG_0000000017,COUNTRY,BEN,AFR,Africa,YEAR,2014,,,,,,,,,12 [6.2-19],12,6.2,19,,2025-11-11T14:11:28Z,2014,2014-01-01,2014-12-31
5837335,MDG_0000000017,COUNTRY,GEO,EUR,Europe,YEAR,2005,,,,,,,,,5.7 [5.2-6.3],5.7,5.2,6.3,,2025-11-11T14:11:28Z,2005,2005-01-01,2005-12-31
5838095,MDG_0000000017,COUNTRY,BRN,WPR,Western Pacific,YEAR,2011,,,,,,,,,1.9 [1.5-2.4],1.9,1.5,2.4,,2025-11-11T14:11:28Z,2011,2011-01-01,2011-12-31
5855949,MDG_0000000017,COUNTRY,ESP,EUR,Europe,YEAR,2009,,,,,,,,,0.88 [0.86-0.89],0.88,0.86,0.89,,2025-11-11T14:11:28Z,2009,2009-01-01,2009-12-31
5856900,MDG_0000000017,COUNTRY,KGZ,EUR,Europe,YEAR,2003,,,,,,,,,19 [18-19],19,18,19,,2025-11-11T14:11:28Z,2003,2003-01-01,2003-12-31
5862375,MDG_0000000017,COUNTRY,MAR,EMR,Eastern Mediterranean,YEAR,2019,,,,,,,,,7 [4.1-11],7,4.1,11,,2025-11-11T14:11:28Z,2019,2019-01-01,2019-12-31
5862627,MDG_0000000017,COUNTRY,ZAF,AFR,Africa,YEAR,2019,,,,,,,,,38 [36-40],38,36,40,,2025-11-11T14:11:28Z,2019,2019-01-01,2019-12-31
5863024,MDG_0000000017,COUNTRY,JAM,AMR,Americas,YEAR,2007,,,,,,,,,0.36 [0.34-0.38],0.36,0.34,0.38,,2025-11-11T14:11:28Z,2007,2007-01-01,2007-12-31
5868527,MDG_0000000017,COUNTRY,IND,SEAR,South-East Asia,YEAR,2011,,,,,,,,,36 [27-46],36,27,46,,2025-11-11T14:11:28Z,2011,2011-01-01,2011-12-31
5868682,MDG_0000000017,COUNTRY,MYS,WPR,Western Pacific,YEAR,2017,,,,,,,,,5.6 [3.4-8.4],5.6,3.4,8.4,,2025-11-11T14:11:28Z,2017,2017-01-01,2017-12-31
5882257,MDG_0000000017,COUNTRY,CAN,AMR,Americas,YEAR,2015,,,,,,,,,0.34 [0.34-0.35],0.34,0.34,0.35,,2025-11-11T14:11:28Z,2015,2015-01-01,2015-12-31
5882471,MDG_0000000017,COUNTRY,POL,EUR,Europe,YEAR,2023,,,,,,,,,1.2 [1.2-1.3],1.2,1.2,1.3,,2025-11-11T14:11:28Z,2023,2023-01-01,2023-12-31
5883996,MDG_0000000017,COUNTRY,COM,AFR,Africa,YEAR,2017,,,,,,,,,11 [3.8-21],11,3.8,21,,2025-11-11T14:11:28Z,2017,2017-01-01,2017-12-31
5888004,MDG_0000000017,COUNTRY,NIC,AMR,Americas,YEAR,2019,,,,,,,,,1.5 [1.5-1.5],1.5,1.5,1.5,,2025-11-11T14:11:28Z,2019,2019-01-01,2019-12-31
5894585,MDG_0000000017,COUNTRY,ESP,EUR,Europe,YEAR,2020,,,,,,,,,0.42 [0.42-0.43],0.42,0.42,0.43,,2025-11-11T14:11:28Z,2020,2020-01-01,2020-12-31
5901443,MDG_0000000017,COUNTRY,MDG,AFR,Africa,YEAR,2013,,,,,,,,,51 [36-69],51,36,69,,2025-11-11T14:11:28Z,2013,2013-01-01,2013-12-31
5901487,MDG_0000000017,COUNTRY,AGO,AFR,Africa,YEAR,2014,,,,,,,,,89 [61-122],89,61,122,,2025-11-11T14:11:28Z,2014,2014-01-01,2014-12-31
5902784,MDG_0000000017,COUNTRY,OMN,EMR,Eastern Mediterranean,YEAR,2010,,,,,,,,,0.56 [0.44-0.68],0.56,0.44,0.68,,2025-11-11T14:11:28Z,2010,2010-01-01,2010-12-31
5902933,MDG_0000000017,COUNTRY,OMN,EMR,Eastern Mediterranean,YEAR,2021,,,,,,,,,0.36 [0.26-0.47],0.36,0.26,0.47,,2025-11-11T14:11:28Z,2021,2021-01-01,2021-12-31
5908025,MDG_0000000017,COUNTRY,LBY,EMR,Eastern Mediterranean,YEAR,2005,,,,,,,,,13 [6.9-21],13,6.9,21,,2025-11-11T14:11:28Z,2005,2005-01-01,2005-12-31
5909141,MDG_0000000017,COUNTRY,CRI,AMR,Americas,YEAR,2007,,,,,,,,,0.93 [0.92-0.94],0.93,0.92,0.94,,2025-11-11T14:11:28Z,2007,2007-01-01,2007-12-31
5913082,MDG_0000000017,COUNTRY,KAZ,EUR,Europe,YEAR,2020,,,,,,,,,2.1 [2-2.2],2.1,2,2.2,,2025-11-11T14:11:28Z,2020,2020-01-01,2020-12-31
5914148,MDG_0000000017,COUNTRY,TZA,AFR,Africa,YEAR,2000,,,,,,,,,66 [23-131],66,23,131,,2025-11-11T14:11:28Z,2000,2000-01-01,2000-12-31
5915060,MDG_0000000017,COUNTRY,BDI,AFR,Africa,YEAR,2020,,,,,,,,,18 [11-26],18,11,26,,2025-11-11T14:11:28Z,2020,2020-01-01,2020-12-31
5919780,MDG_0000000017,COUNTRY,URY,AMR,Americas,YEAR,2009,,,,,,,,,2 [1.9-2.1],2,1.9,2.1,,2025-11-11T14:11:28Z,2009,2009-01-01,2009-12-31
5927688,MDG_0000000017,COUNTRY,GHA,AFR,Africa,YEAR,2000,,,,,,,,,46 [18-88],46,18,88,,2025-11-11T14:11:28Z,2000,2000-01-01,2000-12-31
5928189,MDG_0000000017,COUNTRY,GBR,EUR,Europe,YEAR,2019,,,,,,,,,0.34 [0.33-0.34],0.34,0.33,0.34,,2025-11-11T14:11:28Z,2019,2019-01-01,2019-12-31
5939451,MDG_0000000017,COUNTRY,RWA,AFR,Africa,YEAR,2010,,,,,,,,,6.3 [4-9],6.3,4,9,,2025-11-11T14:11:28Z,2010,2010-01-01,2010-12-31
5940229,MDG_0000000017,REGION,AFR,,,YEAR,2019,,,,,,,,,39 [32-48],39,32,48,,2025-11-11T14:11:28Z,2019,2019-01-01,2019-12-31
5940414,MDG_0000000017,COUNTRY,DZA,AFR,Africa,YEAR,2001,,,,,,,,,25 [17-34],25,17,34,,2025-11-11T14:11:28Z,2001,2001-01-01,2001-12-31
5946578,MDG_0000000017,COUNTRY,ECU,AMR,Americas,YEAR,2005,,,,,,,,,8.2 [6.6-9.9],8.2,6.6,9.9,,2025-11-11T14:11:28Z,2005,2005-01-01,2005-12-31
5946957,MDG_0000000017,COUNTRY,SWE,EUR,Europe,YEAR,2005,,,,,,,,,0.66 [0.65-0.67],0.66,0.65,0.67,,2025-11-11T14:11:28Z,2005,2005-01-01,2005-12-31
5953859,MDG_0000000017,COUNTRY,MNE,EUR,Europe,YEAR,2011,,,,,,,,,0.2 [0.18-0.22],0.2,0.18,0.22,,2025-11-11T14:11:28Z,2011,2011-01-01,2011-12-31
5957106,MDG_0000000017,COUNTRY,LKA,SEAR,South-East Asia,YEAR,2013,,,,,,,,,3.7 [3.3-4.2],3.7,3.3,4.2,,2025-11-11T14:11:28Z,2013,2013-01-01,2013-12-31
5958549,MDG_0000000017,COUNTRY,CHE,EUR,Europe,YEAR,2004,,,,,,,,,0.39 [0.38-0.4],0.39,0.38,0.4,,2025-11-11T14:11:28Z,2004,2004-01-01,2004-12-31
5959498,MDG_0000000017,COUNTRY,SOM,EMR,Eastern Mediterranean,YEAR,2001,,,,,,,,,117 [84-155],117,84,155,,2025-11-11T14:11:28Z,2001,2001-01-01,2001-12-31
5970513,MDG_0000000017,COUNTRY,LKA,SEAR,South-East Asia,YEAR,2001,,,,,,,,,7.7 [5.9-9.8],7.7,5.9,9.8,,2025-11-11T14:11:28Z,2001,2001-01-01,2001-12-31
5970660,MDG_0000000017,COUNTRY,MEX,AMR,Americas,YEAR,2014,,,,,,,,,1.9 [1.9-2],1.9,1.9,2,,2025-11-11T14:11:28Z,2014,2014-01-01,2014-12-31
5971413,MDG_0000000017,COUNTRY,GAB,AFR,Africa,YEAR,2006,,,,,,,,,46 [26-71],46,26,71,,2025-11-11T14:11:28Z,2006,2006-01-01,2006-12-31
5979203,MDG_0000000017,COUNTRY,COG,AFR,Africa,YEAR,2009,,,,,,,,,57 [38-79],57,38,79,,2025-11-11T14:11:28Z,2009,2009-01-01,2009-12-31
5983379,MDG_0000000017,COUNTRY,BRA,AMR,Americas,YEAR,2007,,,,,,,,,3 [2.8-3.1],3,2.8,3.1,,2025-11-11T14:11:28Z,2007,2007-01-01,2007-12-31
5985418,MDG_0000000017,COUNTRY,KAZ,EUR,Europe,YEAR,2017,,,,,,,,,3.1 [3-3.2],3.1,3,3.2,,2025-11-11T14:11:28Z,2017,2017-01-01,2017-12-31
5997878,MDG_0000000017,COUNTRY,SLB,WPR,Western Pacific,YEAR,2009,,,,,,,,,62 [42-85],62,42,85,,2025-11-11T14:11:28Z,2009,2009-01-01,2009-12-31
5997887,MDG_0000000017,COUNTRY,NLD,EUR,Europe,YEAR,2011,,,,,,,,,0.22 [0.22-0.23],0.22,0.22,0.23,,2025-11-11T14:11:28Z,2011,2011-01-01,2011-12-31
6008655,MDG_0000000017,COUNTRY,ESP,EUR,Europe,YEAR,2008,,,,,,,,,0.78 [0.77-0.8],0.78,0.77,0.8,,2025-11-11T14:11:28Z,2008,2008-01-01,2008-12-31
6014120,MDG_0000000017,COUNTRY,BEN,AFR,Africa,YEAR,2019,,,,,,,,,7 [3.2-12],7,3.2,12,,2025-11-11T14:11:28Z,2019,2019-01-01,2019-12-31
6014315,MDG_0000000017,COUNTRY,FSM,WPR,Western Pacific,YEAR,2023,,,,,,,,,95 [66-130],95,66,130,,2025-11-11T14:11:28Z,2023,2023-01-01,2023-12-31
6015069,MDG_0000000017,COUNTRY,KOR,WPR,Western Pacific,YEAR,2012,,,,,,,,,6.1 [5.8-6.4],6.1,5.8,6.4,,2025-11-11T14:11:28Z,2012,2012-01-01,2012-12-31
6016035,MDG_0000000017,COUNTRY,PER,AMR,Americas,YEAR,2020,,,,,,,,,7.6 [6.4-8.8],7.6,6.4,8.8,,2025-11-11T14:11:28Z,2020,2020-01-01,2020-12-31
6016414,MDG_0000000017,COUNTRY,AGO,AFR,Africa,YEAR,2003,,,,,,,,,87 [61-118],87,61,118,,2025-11-11T14:11:28Z,2003,2003-01-01,2003-12-31
6016603,MDG_0000000017,COUNTRY,MDV,SEAR,South-East Asia,YEAR,2021,,,,,,,,,1.8 [1.6-2],1.8,1.6,2,,2025-11-11T14:11:28Z,2021,2021-01-01,2021-12-31
6033671,MDG_0000000017,COUNTRY,KAZ,EUR,Europe,YEAR,2009,,,,,,,,,13 [13-14],13,13,14,,2025-11-11T14:11:28Z,2009,2009-01-01,2009-12-31
6046891,MDG_0000000017,COUNTRY,MDA,EUR,Europe,YEAR,2022,,,,,,,,,6.3 [5.5-7.1],6.3,5.5,7.1,,2025-11-11T14:11:28Z,2022,2022-01-01,2022-12-31
6047909,MDG_0000000017,COUNTRY,PRY,AMR,Americas,YEAR,2019,,,,,,,,,3.9 [3.8-4.1],3.9,3.8,4.1,,2025-11-11T14:11:28Z,2019,2019-01-01,2019-12-31
6052752,MDG_0000000017,COUNTRY,GHA,AFR,Africa,YEAR,2004,,,,,,,,,49 [21-90],49,21,90,,2025-11-11T14:11:28Z,2004,2004-01-01,2004-12-31
6058493,MDG_0000000017,COUNTRY,THA,SEAR,South-East Asia,YEAR,2016,,,,,,,,,14 [10-17],14,10,17,,2025-11-11T14:11:28Z,2016,2016-01-01,2016-12-31
6058599,MDG_0000000017,COUNTRY,GIN,AFR,Africa,YEAR,2004,,,,,,,,,30 [20-42],30,20,42,,2025-11-11T14:11:28Z,2004,2004-01-01,2004-12-31
6066411,MDG_0000000017,COUNTRY,HUN,EUR,Europe,YEAR,2002,,,,,,,,,3.2 [3.2-3.2],3.2,3.2,3.2,,2025-11-11T14:11:28Z,2002,2002-01-01,2002-12-31
6066715,MDG_0000000017,COUNTRY,PER,AMR,Americas,YEAR,2021,,,,,,,,,8.8 [7.3-11],8.8,7.3,11,,2025-11-11T14:11:28Z,2021,2021-01-01,2021-12-31
6072871,MDG_0000000017,COUNTRY,BOL,AMR,Americas,YEAR,2002,,,,,,,,,25 [20-30],25,20,30,,2025-11-11T14:11:28Z,2002,2002-01-01,2002-12-31
6077622,MDG_0000000017,COUNTRY,MNE,EUR,Europe,YEAR,2006,,,,,,,,,0.96 [0.87-1],0.96,0.87,1,,2025-11-11T14:11:28Z,2006,2006-01-01,2006-12-31
6079450,MDG_0000000017,COUNTRY,ECU,AMR,Americas,YEAR,2004,,,,,,,,,7.8 [6.4-9.3],7.8,6.4,9.3,,2025-11-11T14:11:28Z,2004,2004-01-01,2004-12-31
6085191,MDG_0000000017,COUNTRY,SYR,EMR,Eastern Mediterranean,YEAR,2009,,,,,,,,,0.25 [0.21-0.3],0.25,0.21,0.3,,2025-11-11T14:11:28Z,2009,2009-01-01,2009-12-31
6097707,MDG_0000000017,COUNTRY,MNG,WPR,Western Pacific,YEAR,2008,,,,,,,,,14 [13-15],14,13,15,,2025-11-11T14:11:28Z,2008,2008-01-01,2008-12-31
6117040,MDG_0000000017,COUNTRY,IRL,EUR,Europe,YEAR,2023,,,,,,,,,0.37 [0.37-0.37],0.37,0.37,0.37,,2025-11-11T14:11:28Z,2023,2023-01-01,2023-12-31
6129399,MDG_0000000017,GLOBAL,GLOBAL,,,YEAR,2010,,,,,,,,,22 [19-24],22,19,24,,2025-11-11T14:11:28Z,2010,2010-01-01,2010-12-31
6135363,MDG_0000000017,COUNTRY,COD,AFR,Africa,YEAR,2018,,,,,,,,,96 [41-173],96,41,173,,2025-11-11T14:11:28Z,2018,2018-01-01,2018-12-31
6140798,MDG_0000000017,COUNTRY,AUT,EUR,Europe,YEAR,2000,,,,,,,,,0.93 [0.93-0.94],0.93,0.93,0.94,,2025-11-11T14:11:28Z,2000,2000-01-01,2000-12-31
6146957,MDG_0000000017,COUNTRY,SLV,AMR,Americas,YEAR,2009,,,,,,,,,1.1 [1-1.3],1.1,1,1.3,,2025-11-11T14:11:28Z,2009,2009-01-01,2009-12-31
6148506,MDG_0000000017,COUNTRY,IRQ,EMR,Eastern Mediterranean,YEAR,2009,,,,,,,,,3.7 [3.3-4.1],3.7,3.3,4.1,,2025-11-11T14:11:28Z,2009,2009-01-01,2009-12-31
6149847,MDG_0000000017,COUNTRY,LSO,AFR,Africa,YEAR,2001,,,,,,,,,84 [30-165],84,30,165,,2025-11-11T14:11:28Z,2001,2001-01-01,2001-12-31
6153686,MDG_0000000017,COUNTRY,EST,EUR,Europe,YEAR,2003,,,,,,,,,10 [7.2-14],10,7.2,14,,2025-11-11T14:11:28Z,2003,2003-01-01,2003-12-31
6156276,MDG_0000000017,COUNTRY,LBY,EMR,Eastern Mediterranean,YEAR,2013,,,,,,,,,6.3 [2-13],6.3,2,13,,2025-11-11T14:11:28Z,2013,2013-01-01,2013-12-31
6166019,MDG_0000000017,COUNTRY,BTN,SEAR,South-East Asia,YEAR,2013,,,,,,,,,83 [58-113],83,58,113,,2025-11-11T14:11:28Z,2013,2013-01-01,2013-12-31
6167052,MDG_0000000017,COUNTRY,MHL,WPR,Western Pacific,YEAR,2017,,,,,,,,,145 [100-198],145,100,198,,2025-11-11T14:11:28Z,2017,2017-01-01,2017-12-31
6168021,MDG_0000000017,COUNTRY,MNG,WPR,Western Pacific,YEAR,2005,,,,,,,,,17 [15-18],17,15,18,,2025-11-11T14:11:28Z,2005,2005-01-01,2005-12-31
6168649,MDG_0000000017,GLOBAL,GLOBAL,,,YEAR,2021,,,,,,,,,15 [14-17],15,14,17,,2025-11-11T14:11:28Z,2021,2021-01-01,2021-12-31
6168678,MDG_0000000017,COUNTRY,FIN,EUR,Europe,YEAR,2014,,,,,,,,,0.74 [0.74-0.75],0.74,0.74,0.75,,2025-11-11T14:11:28Z,2014,2014-01-01,2014-12-31
6173595,MDG_0000000017,COUNTRY,IDN,WPR,Western Pacific,YEAR,2013,,,,,,,,,41 [39-43],41,39,43,,2025-11-11T14:11:28Z,2013,2013-01-01,2013-12-31
6173682,MDG_0000000017,COUNTRY,CYP,EUR,Europe,YEAR,2001,,,,,,,,,0.1 [0.08-0.12],0.1,0.08,0.12,,2025-11-11T14:11:28Z,2001,2001-01-01,2001-12-31
6174645,MDG_0000000017,COUNTRY,TGO,AFR,Africa,YEAR,2000,,,,,,,,,5.5 [1.8-11],5.5,1.8,11,,2025-11-11T14:11:28Z,2000,2000-01-01,2000-12-31
6181183,MDG_0000000017,COUNTRY,CZE,EUR,Europe,YEAR,2003,,,,,,,,,0.81 [0.79-0.83],0.81,0.79,0.83,,2025-11-11T14:11:28Z,2003,2003-01-01,2003-12-31
6203975,MDG_0000000017,COUNTRY,AGO,AFR,Africa,YEAR,2013,,,,,,,,,80 [54-111],80,54,111,,2025-11-11T14:11:28Z,2013,2013-01-01,2013-12-31
6204737,MDG_0000000017,COUNTRY,CPV,AFR,Africa,YEAR,2013,,,,,,,,,4.3 [3.7-4.8],4.3,3.7,4.8,,2025-11-11T14:11:28Z,2013,2013-01-01,2013-12-31
6206039,MDG_0000000017,COUNTRY,RWA,AFR,Africa,YEAR,2000,,,,,,,,,5.5 [2.6-9.3],5.5,2.6,9.3,,2025-11-11T14:11:28Z,2000,2000-01-01,2000-12-31
6206318,MDG_0000000017,COUNTRY,VNM,WPR,Western Pacific,YEAR,2010,,,,,,,,,24 [15-35],24,15,35,,2025-11-11T14:11:28Z,2010,2010-01-01,2010-12-31
6217221,MDG_0000000017,COUNTRY,FRA,EUR,Europe,YEAR,2002,,,,,,,,,1.7 [1.6-1.7],1.7,1.6,1.7,,2025-11-11T14:11:28Z,2002,2002-01-01,2002-12-31
6229521,MDG_0000000017,COUNTRY,TKM,EUR,Europe,YEAR,2022,,,,,,,,,10 [8.6-12],10,8.6,12,,2025-11-11T14:11:28Z,2022,2022-01-01,2022-12-31
6236067,MDG_0000000017,COUNTRY,SLE,AFR,Africa,YEAR,2020,,,,,,,,,81 [35-145],81,35,145,,2025-11-11T14:11:28Z,2020,2020-01-01,2020-12-31
6236086,MDG_0000000017,COUNTRY,LUX,EUR,Europe,YEAR,2012,,,,,,,,,0.19 [0.19-0.2],0.19,0.19,0.2,,2025-11-11T14:11:28Z,2012,2012-01-01,2012-12-31
6237085,MDG_0000000017,COUNTRY,TJK,EUR,Europe,YEAR,2023,,,,,,,,,7.3 [6.3-8.4],7.3,6.3,8.4,,2025-11-11T14:11:28Z,2023,2023-01-01,2023-12-31
6237295,MDG_0000000017,COUNTRY,BTN,SEAR,South-East Asia,YEAR,2008,,,,,,,,,116 [80-158],116,80,158,,2025-11-11T14:11:28Z,2008,2008-01-01,2008-12-31
6238501,MDG_0000000017,COUNTRY,NLD,EUR,Europe,YEAR,2010,,,,,,,,,0.33 [0.33-0.34],0.33,0.33,0.34,,2025-11-11T14:11:28Z,2010,2010-01-01,2010-12-31
6242036,MDG_0000000017,COUNTRY,TLS,SEAR,South-East Asia,YEAR,2002,,,,,,,,,362 [266-473],362,266,473,,2025-11-11T14:11:28Z,2002,2002-01-01,2002-12-31
6243229,MDG_0000000017,COUNTRY,JPN,WPR,Western Pacific,YEAR,2013,,,,,,,,,2.7 [2.6-2.8],2.7,2.6,2.8,,2025-11-11T14:11:28Z,2013,2013-01-01,2013-12-31
6255414,MDG_0000000017,COUNTRY,BEN,AFR,Africa,YEAR,2021,,,,,,,,,7.5 [2.8-14],7.5,2.8,14,,2025-11-11T14:11:28Z,2021,2021-01-01,2021-12-31
6260903,MDG_0000000017,COUNTRY,MAC,,,YEAR,2009,,,,,,,,,24 [17-33],24,17,33,,2025-11-11T14:11:28Z,2009,2009-01-01,2009-12-31
6261107,MDG_0000000017,COUNTRY,TJK,EUR,Europe,YEAR,2006,,,,,,,,,13 [12-14],13,12,14,,2025-11-11T14:11:28Z,2006,2006-01-01,2006-12-31
6262916,MDG_0000000017,COUNTRY,BGD,SEAR,South-East Asia,YEAR,2010,,,,,,,,,53 [34-77],53,34,77,,2025-11-11T14:11:28Z,2010,2010-01-01,2010-12-31
6269819,MDG_0000000017,COUNTRY,MRT,AFR,Africa,YEAR,2013,,,,,,,,,25 [16-36],25,16,36,,2025-11-11T14:11:28Z,2013,2013-01-01,2013-12-31
6289169,MDG_0000000017,COUNTRY,HKG,,,YEAR,2013,,,,,,,,,2.6 [2.6-2.6],2.6,2.6,2.6,,2025-11-11T14:11:28Z,2013,2013-01-01,2013-12-31
6300564,MDG_0000000017,COUNTRY,QAT,EMR,Eastern Mediterranean,YEAR,2012,,,,,,,,,0.29 [0.24-0.34],0.29,0.24,0.34,,2025-11-11T14:11:28Z,2012,2012-01-01,2012-12-31
6300731,MDG_0000000017,COUNTRY,TCD,AFR,Africa,YEAR,2006,,,,,,,,,28 [18-40],28,18,40,,2025-11-11T14:11:28Z,2006,2006-01-01,2006-12-31
6300775,MDG_0000000017,COUNTRY,UGA,AFR,Africa,YEAR,2011,,,,,,,,,16 [10-23],16,10,23,,2025-11-11T14:11:28Z,2011,2011-01-01,2011-12-31
6305374,MDG_0000000017,COUNTRY,NGA,AFR,Africa,YEAR,2006,,,,,,,,,58 [32-93],58,32,93,,2025-11-11T14:11:28Z,2006,2006-01-01,2006-12-31
6307183,MDG_0000000017,COUNTRY,LBR,AFR,Africa,YEAR,2006,,,,,,,,,54 [36-75],54,36,75,,2025-11-11T14:11:28Z,2006,2006-01-01,2006-12-31
6320233,MDG_0000000017,COUNTRY,PAK,EMR,Eastern Mediterranean,YEAR,2014,,,,,,,,,23 [19-27],23,19,27,,2025-11-11T14:11:28Z,2014,2014-01-01,2014-12-31
6320354,MDG_0000000017,COUNTRY,KEN,AFR,Africa,YEAR,2008,,,,,,,,,78 [44-123],78,44,123,,2025-11-11T14:11:28Z,2008,2008-01-01,2008-12-31
6326267,MDG_0000000017,COUNTRY,TTO,AMR,Americas,YEAR,2005,,,,,,,,,1.3 [1.3-1.3],1.3,1.3,1.3,,2025-11-11T14:11:28Z,2005,2005-01-01,2005-12-31
6333527,MDG_0000000017,COUNTRY,PRY,AMR,Americas,YEAR,2002,,,,,,,,,3.6 [2.9-4.4],3.6,2.9,4.4,,2025-11-11T14:11:28Z,2002,2002-01-01,2002-12-31
6338051,MDG_0000000017,COUNTRY,SDN,EMR,Eastern Mediterranean,YEAR,2001,,,,,,,,,31 [16-52],31,16,52,,2025-11-11T14:11:28Z,2001,2001-01-01,2001-12-31
6345439,MDG_0000000017,COUNTRY,MOZ,AFR,Africa,YEAR,2021,,,,,,,,,24 [13-38],24,13,38,,2025-11-11T14:11:28Z,2021,2021-01-01,2021-12-31
6346238,MDG_0000000017,COUNTRY,CYP,EUR,Europe,YEAR,2002,,,,,,,,,0.2 [0.17-0.24],0.2,0.17,0.24,,2025-11-11T14:11:28Z,2002,2002-01-01,2002-12-31
6349865,MDG_0000000017,COUNTRY,GNQ,AFR,Africa,YEAR,2018,,,,,,,,,41 [17-75],41,17,75,,2025-11-11T14:11:28Z,2018,2018-01-01,2018-12-31
6351878,MDG_0000000017,COUNTRY,CYP,EUR,Europe,YEAR,2015,,,,,,,,,0.19 [0.18-0.21],0.19,0.18,0.21,,2025-11-11T14:11:28Z,2015,2015-01-01,2015-12-31
6356702,MDG_0000000017,COUNTRY,RWA,AFR,Africa,YEAR,2011,,,,,,,,,6.3 [4.1-9.1],6.3,4.1,9.1,,2025-11-11T14:11:28Z,2011,2011-01-01,2011-12-31
6357654,MDG_0000000017,COUNTRY,ARE,EMR,Eastern Mediterranean,YEAR,2009,,,,,,,,,0.74 [0.45-1.1],0.74,0.45,1.1,,2025-11-11T14:11:28Z,2009,2009-01-01,2009-12-31
6357832,MDG_0000000017,COUNTRY,SYR,EMR,Eastern Mediterranean,YEAR,2024,,,,,,,,,0.13 [0.12-0.15],0.13,0.12,0.15,,2025-11-11T14:11:28Z,2024,2024-01-01,2024-12-31
6362888,MDG_0000000017,COUNTRY,JPN,WPR,Western Pacific,YEAR,2001,,,,,,,,,3.8 [3.7-3.8],3.8,3.7,3.8,,2025-11-11T14:11:28Z,2001,2001-01-01,2001-12-31
6375524,MDG_0000000017,COUNTRY,CAN,AMR,Americas,YEAR,2005,,,,,,,,,0.4 [0.4-0.4],0.4,0.4,0.4,,2025-11-11T14:11:28Z,2005,2005-01-01,2005-12-31
6375814,MDG_0000000017,COUNTRY,HKG,,,YEAR,2002,,,,,,,,,4 [4-4],4,4,4,,2025-11-11T14:11:28Z,2002,2002-01-01,2002-12-31
6376919,MDG_0000000017,COUNTRY,MWI,AFR,Africa,YEAR,2011,,,,,,,,,34 [17-57],34,17,57,,2025-11-11T14:11:28Z,2011,2011-01-01,2011-12-31
6378214,MDG_0000000017,COUNTRY,QAT,EMR,Eastern Mediterranean,YEAR,2017,,,,,,,,,0.29 [0.23-0.36],0.29,0.23,0.36,,2025-11-11T14:11:28Z,2017,2017-01-01,2017-12-31
6378283,MDG_0000000017,COUNTRY,ERI,AFR,Africa,YEAR,2000,,,,,,,,,540 [346-775],540,346,775,,2025-11-11T14:11:28Z,2000,2000-01-01,2000-12-31
6381573,MDG_0000000017,COUNTRY,AGO,AFR,Africa,YEAR,2021,,,,,,,,,60 [34-92],60,34,92,,2025-11-11T14:11:28Z,2021,2021-01-01,2021-12-31
6382180,MDG_0000000017,COUNTRY,MUS,AFR,Africa,YEAR,2022,,,,,,,,,1.5 [1.5-1.6],1.5,1.5,1.6,,2025-11-11T14:11:28Z,2022,2022-01-01,2022-12-31
6390861,MDG_0000000017,COUNTRY,LVA,EUR,Europe,YEAR,2021,,,,,,,,,3.5 [3.4-3.6],3.5,3.4,3.6,,2025-11-11T14:11:28Z,2021,2021-01-01,2021-12-31
6400864,MDG_0000000017,COUNTRY,LUX,EUR,Europe,YEAR,2007,,,,,,,,,0.41 [0.41-0.42],0.41,0.41,0.42,,2025-11-11T14:11:28Z,2007,2007-01-01,2007-12-31
6402992,MDG_0000000017,COUNTRY,JPN,WPR,Western Pacific,YEAR,2020,,,,,,,,,2.3 [2.1-2.4],2.3,2.1,2.4,,2025-11-11T14:11:28Z,2020,2020-01-01,2020-12-31
6409017,MDG_0000000017,COUNTRY,LVA,EUR,Europe,YEAR,2005,,,,,,,,,9 [8.6-9.4],9,8.6,9.4,,2025-11-11T14:11:28Z,2005,2005-01-01,2005-12-31
6413560,MDG_0000000017,COUNTRY,NAM,AFR,Africa,YEAR,2022,,,,,,,,,59 [37-88],59,37,88,,2025-11-11T14:11:28Z,2022,2022-01-01,2022-12-31
6414568,MDG_0000000017,COUNTRY,AUT,EUR,Europe,YEAR,2019,,,,,,,,,0.45 [0.45-0.46],0.45,0.45,0.46,,2025-11-11T14:11:28Z,2019,2019-01-01,2019-12-31
6415704,MDG_0000000017,COUNTRY,LBR,AFR,Africa,YEAR,2019,,,,,,,,,35 [25-47],35,25,47,,2025-11-11T14:11:28Z,2019,2019-01-01,2019-12-31
6427930,MDG_0000000017,COUNTRY,BTN,SEAR,South-East Asia,YEAR,2003,,,,,,,,,174 [121-236],174,121,236,,2025-11-11T14:11:28Z,2003,2003-01-01,2003-12-31
6427970,MDG_0000000017,COUNTRY,SUR,AMR,Americas,YEAR,2016,,,,,,,,,2.3 [2-2.5],2.3,2,2.5,,2025-11-11T14:11:28Z,2016,2016-01-01,2016-12-31
6428831,MDG_0000000017,REGION,EMR,,,YEAR,2002,,,,,,,,,21 [19-23],21,19,23,,2025-11-11T14:11:28Z,2002,2002-01-01,2002-12-31
6447214,MDG_0000000017,COUNTRY,UKR,EUR,Europe,YEAR,2022,,,,,,,,,7 [6.7-7.3],7,6.7,7.3,,2025-11-11T14:11:28Z,2022,2022-01-01,2022-12-31
6465380,MDG_0000000017,COUNTRY,SWZ,AFR,Africa,YEAR,2008,,,,,,,,,43 [25-66],43,25,66,,2025-11-11T14:11:28Z,2008,2008-01-01,2008-12-31
6466003,MDG_0000000017,COUNTRY,JAM,AMR,Americas,YEAR,2020,,,,,,,,,0.24 [0.24-0.24],0.24,0.24,0.24,,2025-11-11T14:11:28Z,2020,2020-01-01,2020-12-31
6466287,MDG_0000000017,COUNTRY,MKD,EUR,Europe,YEAR,2009,,,,,,,,,0.93 [0.9-0.96],0.93,0.9,0.96,,2025-11-11T14:11:28Z,2009,2009-01-01,2009-12-31
6472545,MDG_0000000017,COUNTRY,DOM,AMR,Americas,YEAR,2010,,,,,,,,,7 [3.5-12],7,3.5,12,,2025-11-11T14:11:28Z,2010,2010-01-01,2010-12-31
6478417,MDG_0000000017,COUNTRY,LVA,EUR,Europe,YEAR,2012,,,,,,,,,3.2 [3.1-3.3],3.2,3.1,3.3,,2025-11-11T14:11:28Z,2012,2012-01-01,2012-12-31
6484304,MDG_0000000017,COUNTRY,YEM,EMR,Eastern Mediterranean,YEAR,2007,,,,,,,,,13 [9.2-16],13,9.2,16,,2025-11-11T14:11:28Z,2007,2007-01-01,2007-12-31
6485372,MDG_0000000017,COUNTRY,BIH,EUR,Europe,YEAR,2001,,,,,,,,,5 [4.7-5.4],5,4.7,5.4,,2025-11-11T14:11:28Z,2001,2001-01-01,2001-12-31
6497195,MDG_0000000017,COUNTRY,GIN,AFR,Africa,YEAR,2001,,,,,,,,,25 [16-35],25,16,35,,2025-11-11T14:11:28Z,2001,2001-01-01,2001-12-31
6497794,MDG_0000000017,COUNTRY,THA,SEAR,South-East Asia,YEAR,2023,,,,,,,,,14 [10-19],14,10,19,,2025-11-11T14:11:28Z,2023,2023-01-01,2023-12-31
6498337,MDG_0000000017,COUNTRY,EST,EUR,Europe,YEAR,2023,,,,,,,,,0.69 [0.63-0.75],0.69,0.63,0.75,,2025-11-11T14:11:28Z,2023,2023-01-01,2023-12-31
6505242,MDG_0000000017,REGION,WPR,,,YEAR,2016,,,,,,,,,9.6 [9.2-10],9.6,9.2,10,,2025-11-11T14:11:28Z,2016,2016-01-01,2016-12-31
6511239,MDG_0000000017,COUNTRY,MYS,WPR,Western Pacific,YEAR,2003,,,,,,,,,6.1 [3.4-9.6],6.1,3.4,9.6,,2025-11-11T14:11:28Z,2003,2003-01-01,2003-12-31
6515595,MDG_0000000017,COUNTRY,HTI,AMR,Americas,YEAR,2020,,,,,,,,,8.7 [5.7-12],8.7,5.7,12,,2025-11-11T14:11:28Z,2020,2020-01-01,2020-12-31
6516052,MDG_0000000017,COUNTRY,LUX,EUR,Europe,YEAR,2013,,,,,,,,,0.19 [0.19-0.2],0.19,0.19,0.2,,2025-11-11T14:11:28Z,2013,2013-01-01,2013-12-31
6523364,MDG_0000000017,COUNTRY,MAR,EMR,Eastern Mediterranean,YEAR,2022,,,,,,,,,6.8 [3.9-10],6.8,3.9,10,,2025-11-11T14:11:28Z,2022,2022-01-01,2022-12-31
6528243,MDG_0000000017,COUNTRY,GBR,EUR,Europe,YEAR,2006,,,,,,,,,0.78 [0.78-0.79],0.78,0.78,0.79,,2025-11-11T14:11:28Z,2006,2006-01-01,2006-12-31
6529310,MDG_0000000017,COUNTRY,KAZ,EUR,Europe,YEAR,2022,,,,,,,,,2.4 [1.8-3],2.4,1.8,3,,2025-11-11T14:11:28Z,2022,2022-01-01,2022-12-31
6535093,MDG_0000000017,COUNTRY,DNK,EUR,Europe,YEAR,2022,,,,,,,,,0.16 [0.15-0.17],0.16,0.15,0.17,,2025-11-11T14:11:28Z,2022,2022-01-01,2022-12-31
6541962,MDG_0000000017,COUNTRY,UZB,EUR,Europe,YEAR,2010,,,,,,,,,13 [8.9-17],13,8.9,17,,2025-11-11T14:11:28Z,2010,2010-01-01,2010-12-31
6549279,MDG_0000000017,COUNTRY,PAN,AMR,Americas,YEAR,2005,,,,,,,,,6.5 [6.3-6.7],6.5,6.3,6.7,,2025-11-11T14:11:28Z,2005,2005-01-01,2005-12-31
6574083,MDG_0000000017,COUNTRY,GHA,AFR,Africa,YEAR,2005,,,,,,,,,48 [20-87],48,20,87,,2025-11-11T14:11:28Z,2005,2005-01-01,2005-12-31
6591654,MDG_0000000017,COUNTRY,PAK,EMR,Eastern Mediterranean,YEAR,2012,,,,,,,,,25 [20-30],25,20,30,,2025-11-11T14:11:28Z,2012,2012-01-01,2012-12-31
6591919,MDG_0000000017,REGION,SEAR,,,YEAR,2020,,,,,,,,,23 [19-27],23,19,27,,2025-11-11T14:11:28Z,2020,2020-01-01,2020-12-31
6593942,MDG_0000000017,REGION,WPR,,,YEAR,2000,,,,,,,,,18 [17-20],18,17,20,,2025-11-11T14:11:28Z,2000,2000-01-01,2000-12-31
6599547,MDG_0000000017,COUNTRY,MUS,AFR,Africa,YEAR,2021,,,,,,,,,0.85 [0.83-0.87],0.85,0.83,0.87,,2025-11-11T14:11:28Z,2021,2021-01-01,2021-12-31
6604300,MDG_0000000017,COUNTRY,JOR,EMR,Eastern Mediterranean,YEAR,2023,,,,,,,,,0.09 [0.07-0.1],0.09,0.07,0.1,,2025-11-11T14:11:28Z,2023,2023-01-01,2023-12-31
6605918,MDG_0000000017,COUNTRY,BLZ,AMR,Americas,YEAR,2010,,,,,,,,,3.7 [3.6-3.7],3.7,3.6,3.7,,2025-11-11T14:11:28Z,2010,2010-01-01,2010-12-31
6610945,MDG_0000000017,COUNTRY,SDN,EMR,Eastern Mediterranean,YEAR,2024,,,,,,,,,8.6 [4.9-13],8.6,4.9,13,,2025-11-11T14:11:28Z,2024,2024-01-01,2024-12-31
6613021,MDG_0000000017,REGION,EUR,,,YEAR,2018,,,,,,,,,2.5 [2.4-2.5],2.5,2.4,2.5,,2025-11-11T14:11:28Z,2018,2018-01-01,2018-12-31
6624449,MDG_0000000017,COUNTRY,MWI,AFR,Africa,YEAR,2002,,,,,,,,,29 [9.5-58],29,9.5,58,,2025-11-11T14:11:28Z,2002,2002-01-01,2002-12-31
6625275,MDG_0000000017,COUNTRY,LBR,AFR,Africa,YEAR,2023,,,,,,,,,35 [24-47],35,24,47,,2025-11-11T14:11:28Z,2023,2023-01-01,2023-12-31
6631008,MDG_0000000017,COUNTRY,JAM,AMR,Americas,YEAR,2024,,,,,,,,,0.26 [0.21-0.32],0.26,0.21,0.32,,2025-11-11T14:11:28Z,2024,2024-01-01,2024-12-31
6638080,MDG_0000000017,COUNTRY,LTU,EUR,Europe,YEAR,2009,,,,,,,,,41 [31-53],41,31,53,,2025-11-11T14:11:28Z,2009,2009-01-01,2009-12-31
6644119,MDG_0000000017,REGION,WPR,,,YEAR,2003,,,,,,,,,16 [15-17],16,15,17,,2025-11-11T14:11:28Z,2003,2003-01-01,2003-12-31
6663171,MDG_0000000017,COUNTRY,KHM,WPR,Western Pacific,YEAR,2001,,,,,,,,,50 [20-94],50,20,94,,2025-11-11T14:11:28Z,2001,2001-01-01,2001-12-31
6675173,MDG_0000000017,COUNTRY,MDA,EUR,Europe,YEAR,2020,,,,,,,,,3.6 [3.6-3.6],3.6,3.6,3.6,,2025-11-11T14:11:28Z,2020,2020-01-01,2020-12-31
6680109,MDG_0000000017,COUNTRY,TLS,SEAR,South-East Asia,YEAR,2021,,,,,,,,,76 [55-100],76,55,100,,2025-11-11T14:11:28Z,2021,2021-01-01,2021-12-31
6687606,MDG_0000000017,COUNTRY,GEO,EUR,Europe,YEAR,2016,,,,,,,,,4.4 [4.1-4.8],4.4,4.1,4.8,,2025-11-11T14:11:28Z,2016,2016-01-01,2016-12-31
6688809,MDG_0000000017,COUNTRY,MMR,SEAR,South-East Asia,YEAR,2016,,,,,,,,,51 [30-77],51,30,77,,2025-11-11T14:11:28Z,2016,2016-01-01,2016-12-31
6693371,MDG_0000000017,COUNTRY,BTN,SEAR,South-East Asia,YEAR,2015,,,,,,,,,61 [42-83],61,42,83,,2025-11-11T14:11:28Z,2015,2015-01-01,2015-12-31
6695460,MDG_0000000017,COUNTRY,CPV,AFR,Africa,YEAR,2001,,,,,,,,,6.3 [5.4-7.3],6.3,5.4,7.3,,2025-11-11T14:11:28Z,2001,2001-01-01,2001-12-31
6700799,MDG_0000000017,COUNTRY,LBY,EMR,Eastern Mediterranean,YEAR,2018,,,,,,,,,5.2 [1.8-10],5.2,1.8,10,,2025-11-11T14:11:28Z,2018,2018-01-01,2018-12-31
6701131,MDG_0000000017,COUNTRY,SEN,AFR,Africa,YEAR,2001,,,,,,,,,37 [25-52],37,25,52,,2025-11-11T14:11:28Z,2001,2001-01-01,2001-12-31
6705227,MDG_0000000017,COUNTRY,JPN,WPR,Western Pacific,YEAR,2017,,,,,,,,,2.9 [2.8-3.1],2.9,2.8,3.1,,2025-11-11T14:11:28Z,2017,2017-01-01,2017-12-31
6713938,MDG_0000000017,COUNTRY,PHL,WPR,Western Pacific,YEAR,2005,,,,,,,,,38 [35-42],38,35,42,,2025-11-11T14:11:28Z,2005,2005-01-01,2005-12-31
6714073,MDG_0000000017,COUNTRY,GTM,AMR,Americas,YEAR,2021,,,,,,,,,1.4 [1.3-1.5],1.4,1.3,1.5,,2025-11-11T14:11:28Z,2021,2021-01-01,2021-12-31
6718956,MDG_0000000017,GLOBAL,GLOBAL,,,YEAR,2014,,,,,,,,,19 [17-21],19,17,21,,2025-11-11T14:11:28Z,2014,2014-01-01,2014-12-31
6720198,MDG_0000000017,COUNTRY,LVA,EUR,Europe,YEAR,2013,,,,,,,,,5.3 [5.1-5.4],5.3,5.1,5.4,,2025-11-11T14:11:28Z,2013,2013-01-01,2013-12-31
6738474,MDG_0000000017,COUNTRY,IRQ,EMR,Eastern Mediterranean,YEAR,2021,,,,,,,,,1.8 [1.6-2.1],1.8,1.6,2.1,,2025-11-11T14:11:28Z,2021,2021-01-01,2021-12-31
6744772,MDG_0000000017,COUNTRY,PER,AMR,Americas,YEAR,2004,,,,,,,,,8.5 [7.3-9.7],8.5,7.3,9.7,,2025-11-11T14:11:28Z,2004,2004-01-01,2004-12-31
6755988,MDG_0000000017,COUNTRY,MMR,SEAR,South-East Asia,YEAR,2004,,,,,,,,,152 [83-242],152,83,242,,2025-11-11T14:11:28Z,2004,2004-01-01,2004-12-31
6756625,MDG_0000000017,COUNTRY,FIN,EUR,Europe,YEAR,2012,,,,,,,,,0.91 [0.91-0.91],0.91,0.91,0.91,,2025-11-11T14:11:28Z,2012,2012-01-01,2012-12-31
6757468,MDG_0000000017,COUNTRY,BEN,AFR,Africa,YEAR,2022,,,,,,,,,5.8 [2.2-11],5.8,2.2,11,,2025-11-11T14:11:28Z,2022,2022-01-01,2022-12-31
6757658,MDG_0000000017,COUNTRY,PNG,WPR,Western Pacific,YEAR,2015,,,,,,,,,141 [101-187],141,101,187,,2025-11-11T14:11:28Z,2015,2015-01-01,2015-12-31
6757746,MDG_0000000017,COUNTRY,UZB,EUR,Europe,YEAR,2015,,,,,,,,,8 [6.6-9.6],8,6.6,9.6,,2025-11-11T14:11:28Z,2015,2015-01-01,2015-12-31
6763112,MDG_0000000017,COUNTRY,CHN,WPR,Western Pacific,YEAR,2019,,,,,,,,,2.2 [2-2.4],2.2,2,2.4,,2025-11-11T14:11:28Z,2019,2019-01-01,2019-12-31
6764137,MDG_0000000017,COUNTRY,KOR,WPR,Western Pacific,YEAR,2001,,,,,,,,,8.1 [7.6-8.7],8.1,7.6,8.7,,2025-11-11T14:11:28Z,2001,2001-01-01,2001-12-31
6776432,MDG_0000000017,COUNTRY,USA,AMR,Americas,YEAR,2020,,,,,,,,,0.19 [0.19-0.19],0.19,0.19,0.19,,2025-11-11T14:11:28Z,2020,2020-01-01,2020-12-31
6776464,MDG_0000000017,COUNTRY,BFA,AFR,Africa,YEAR,2024,,,,,,,,,8.1 [3.7-14],8.1,3.7,14,,2025-11-11T14:11:28Z,2024,2024-01-01,2024-12-31
6789426,MDG_0000000017,COUNTRY,UKR,EUR,Europe,YEAR,2011,,,,,,,,,15 [15-16],15,15,16,,2025-11-11T14:11:28Z,2011,2011-01-01,2011-12-31
6789661,MDG_0000000017,COUNTRY,HND,AMR,Americas,YEAR,2015,,,,,,,,,3.7 [3-4.5],3.7,3,4.5,,2025-11-11T14:11:28Z,2015,2015-01-01,2015-12-31
6789896,MDG_0000000017,COUNTRY,BGR,EUR,Europe,YEAR,2012,,,,,,,,,2.5 [2.4-2.6],2.5,2.4,2.6,,2025-11-11T14:11:28Z,2012,2012-01-01,2012-12-31
6802354,MDG_0000000017,COUNTRY,GMB,AFR,Africa,YEAR,2001,,,,,,,,,25 [15-37],25,15,37,,2025-11-11T14:11:28Z,2001,2001-01-01,2001-12-31
6806962,MDG_0000000017,COUNTRY,SLB,WPR,Western Pacific,YEAR,2014,,,,,,,,,37 [25-50],37,25,50,,2025-11-11T14:11:28Z,2014,2014-01-01,2014-12-31
6808868,MDG_0000000017,COUNTRY,GMB,AFR,Africa,YEAR,2022,,,,,,,,,21 [13-30],21,13,30,,2025-11-11T14:11:28Z,2022,2022-01-01,2022-12-31
6814773,MDG_0000000017,COUNTRY,COL,AMR,Americas,YEAR,2014,,,,,,,,,2.3 [2.3-2.3],2.3,2.3,2.3,,2025-11-11T14:11:28Z,2014,2014-01-01,2014-12-31
6821818,MDG_0000000017,COUNTRY,YEM,EMR,Eastern Mediterranean,YEAR,2000,,,,,,,,,19 [13-25],19,13,25,,2025-11-11T14:11:28Z,2000,2000-01-01,2000-12-31
6826813,MDG_0000000017,COUNTRY,SLB,WPR,Western Pacific,YEAR,2021,,,,,,,,,27 [19-37],27,19,37,,2025-11-11T14:11:28Z,2021,2021-01-01,2021-12-31
6838549,MDG_0000000017,COUNTRY,FSM,WPR,Western Pacific,YEAR,2000,,,,,,,,,88 [61-121],88,61,121,,2025-11-11T14:11:28Z,2000,2000-01-01,2000-12-31
6839781,MDG_0000000017,COUNTRY,NZL,WPR,Western Pacific,YEAR,2018,,,,,,,,,0.22 [0.22-0.22],0.22,0.22,0.22,,2025-11-11T14:11:28Z,2018,2018-01-01,2018-12-31
6840309,MDG_0000000017,COUNTRY,DNK,EUR,Europe,YEAR,2019,,,,,,,,,0.26 [0.25-0.27],0.26,0.25,0.27,,2025-11-11T14:11:28Z,2019,2019-01-01,2019-12-31
6845837,MDG_0000000017,COUNTRY,MDA,EUR,Europe,YEAR,2011,,,,,,,,,15 [14-15],15,14,15,,2025-11-11T14:11:28Z,2011,2011-01-01,2011-12-31
6850892,MDG_0000000017,COUNTRY,BGR,EUR,Europe,YEAR,2013,,,,,,,,,2.2 [2.1-2.3],2.2,2.1,2.3,,2025-11-11T14:11:28Z,2013,2013-01-01,2013-12-31
6863477,MDG_0000000017,COUNTRY,PAN,AMR,Americas,YEAR,2014,,,,,,,,,5.6 [5.5-5.7],5.6,5.5,5.7,,2025-11-11T14:11:28Z,2014,2014-01-01,2014-12-31
6864369,MDG_0000000017,COUNTRY,SUR,AMR,Americas,YEAR,2014,,,,,,,,,2.1 [1.9-2.3],2.1,1.9,2.3,,2025-11-11T14:11:28Z,2014,2014-01-01,2014-12-31
6865276,MDG_0000000017,COUNTRY,ROU,EUR,Europe,YEAR,2002,,,,,,,,,11 [11-11],11,11,11,,2025-11-11T14:11:28Z,2002,2002-01-01,2002-12-31
6882655,MDG_0000000017,COUNTRY,MRT,AFR,Africa,YEAR,2002,,,,,,,,,47 [33-64],47,33,64,,2025-11-11T14:11:28Z,2002,2002-01-01,2002-12-31
6889873,MDG_0000000017,COUNTRY,MDV,SEAR,South-East Asia,YEAR,2014,,,,,,,,,2 [1.8-2.2],2,1.8,2.2,,2025-11-11T14:11:28Z,2014,2014-01-01,2014-12-31
6891489,MDG_0000000017,COUNTRY,ARG,AMR,Americas,YEAR,2014,,,,,,,,,1.5 [1.4-1.5],1.5,1.4,1.5,,2025-11-11T14:11:28Z,2014,2014-01-01,2014-12-31
6895401,MDG_0000000017,COUNTRY,BIH,EUR,Europe,YEAR,2007,,,,,,,,,5.2 [4.9-5.6],5.2,4.9,5.6,,2025-11-11T14:11:28Z,2007,2007-01-01,2007-12-31
6901370,MDG_0000000017,COUNTRY,AFG,EMR,Eastern Mediterranean,YEAR,2022,,,,,,,,,34 [24-47],34,24,47,,2025-11-11T14:11:28Z,2022,2022-01-01,2022-12-31
6909096,MDG_0000000017,COUNTRY,TKM,EUR,Europe,YEAR,2012,,,,,,,,,9.6 [8.3-11],9.6,8.3,11,,2025-11-11T14:11:28Z,2012,2012-01-01,2012-12-31
6914556,MDG_0000000017,COUNTRY,LAO,WPR,Western Pacific,YEAR,2004,,,,,,,,,98 [57-149],98,57,149,,2025-11-11T14:11:28Z,2004,2004-01-01,2004-12-31
6916052,MDG_0000000017,COUNTRY,PAN,AMR,Americas,YEAR,2021,,,,,,,,,4.8 [4.7-5],4.8,4.7,5,,2025-11-11T14:11:28Z,2021,2021-01-01,2021-12-31
6916171,MDG_0000000017,COUNTRY,NLD,EUR,Europe,YEAR,2023,,,,,,,,,0.11 [0.1-0.11],0.11,0.1,0.11,,2025-11-11T14:11:28Z,2023,2023-01-01,2023-12-31
6933908,MDG_0000000017,COUNTRY,SEN,AFR,Africa,YEAR,2010,,,,,,,,,39 [27-52],39,27,52,,2025-11-11T14:11:28Z,2010,2010-01-01,2010-12-31
6936155,MDG_0000000017,COUNTRY,ISR,EUR,Europe,YEAR,2021,,,,,,,,,0.11 [0.11-0.12],0.11,0.11,0.12,,2025-11-11T14:11:28Z,2021,2021-01-01,2021-12-31
6940406,MDG_0000000017,COUNTRY,NPL,SEAR,South-East Asia,YEAR,2021,,,,,,,,,59 [33-92],59,33,92,,2025-11-11T14:11:28Z,2021,2021-01-01,2021-12-31
6940733,MDG_0000000017,COUNTRY,MHL,WPR,Western Pacific,YEAR,2015,,,,,,,,,101 [70-138],101,70,138,,2025-11-11T14:11:28Z,2015,2015-01-01,2015-12-31
6941823,MDG_0000000017,COUNTRY,ECU,AMR,Americas,YEAR,2009,,,,,,,,,5.3 [4.3-6.2],5.3,4.3,6.2,,2025-11-11T14:11:28Z,2009,2009-01-01,2009-12-31
6952500,MDG_0000000017,REGION,AMR,,,YEAR,2023,,,,,,,,,2.1 [2-2.3],2.1,2,2.3,,2025-11-11T14:11:28Z,2023,2023-01-01,2023-12-31
6953002,MDG_0000000017,COUNTRY,ROU,EUR,Europe,YEAR,2020,,,,,,,,,4 [4-4.1],4,4,4.1,,2025-11-11T14:11:28Z,2020,2020-01-01,2020-12-31
6953442,MDG_0000000017,COUNTRY,SVK,EUR,Europe,YEAR,2002,,,,,,,,,1.2 [1.2-1.2],1.2,1.2,1.2,,2025-11-11T14:11:28Z,2002,2002-01-01,2002-12-31
6954594,MDG_0000000017,COUNTRY,COG,AFR,Africa,YEAR,2021,,,,,,,,,32 [22-45],32,22,45,,2025-11-11T14:11:28Z,2021,2021-01-01,2021-12-31
6958883,MDG_0000000017,COUNTRY,GBR,EUR,Europe,YEAR,2016,,,,,,,,,0.45 [0.45-0.46],0.45,0.45,0.46,,2025-11-11T14:11:28Z,2016,2016-01-01,2016-12-31
6959323,MDG_0000000017,COUNTRY,UGA,AFR,Africa,YEAR,2024,,,,,,,,,9.1 [4.5-15],9.1,4.5,15,,2025-11-11T14:11:28Z,2024,2024-01-01,2024-12-31
6966373,MDG_0000000017,COUNTRY,CZE,EUR,Europe,YEAR,2013,,,,,,,,,0.64 [0.63-0.64],0.64,0.63,0.64,,2025-11-11T14:11:28Z,2013,2013-01-01,2013-12-31
6971610,MDG_0000000017,COUNTRY,DZA,AFR,Africa,YEAR,2008,,,,,,,,,17 [12-24],17,12,24,,2025-11-11T14:11:28Z,2008,2008-01-01,2008-12-31
6972177,MDG_0000000017,REGION,SEAR,,,YEAR,2008,,,,,,,,,48 [38-58],48,38,58,,2025-11-11T14:11:28Z,2008,2008-01-01,2008-12-31
6977525,MDG_0000000017,COUNTRY,IDN,WPR,Western Pacific,YEAR,2002,,,,,,,,,55 [48-62],55,48,62,,2025-11-11T14:11:28Z,2002,2002-01-01,2002-12-31
6979804,MDG_0000000017,COUNTRY,KWT,EMR,Eastern Mediterranean,YEAR,2009,,,,,,,,,1.1 [1.1-1.1],1.1,1.1,1.1,,2025-11-11T14:11:28Z,2009,2009-01-01,2009-12-31
6984496,MDG_0000000017,COUNTRY,BGR,EUR,Europe,YEAR,2016,,,,,,,,,1.7 [1.7-1.8],1.7,1.7,1.8,,2025-11-11T14:11:28Z,2016,2016-01-01,2016-12-31
6984910,MDG_0000000017,COUNTRY,MDA,EUR,Europe,YEAR,2000,,,,,,,,,22 [17-27],22,17,27,,2025-11-11T14:11:28Z,2000,2000-01-01,2000-12-31
6985152,MDG_0000000017,COUNTRY,MNG,WPR,Western Pacific,YEAR,2003,,,,,,,,,19 [17-20],19,17,20,,2025-11-11T14:11:28Z,2003,2003-01-01,2003-12-31
6991987,MDG_0000000017,COUNTRY,ETH,AFR,Africa,YEAR,2006,,,,,,,,,60 [33-95],60,33,95,,2025-11-11T14:11:28Z,2006,2006-01-01,2006-12-31
6996988,MDG_0000000017,COUNTRY,TZA,AFR,Africa,YEAR,2020,,,,,,,,,31 [15-55],31,15,55,,2025-11-11T14:11:28Z,2020,2020-01-01,2020-12-31
7029546,MDG_0000000017,COUNTRY,AUT,EUR,Europe,YEAR,2011,,,,,,,,,0.66 [0.65-0.67],0.66,0.65,0.67,,2025-11-11T14:11:28Z,2011,2011-01-01,2011-12-31
7034556,MDG_0000000017,COUNTRY,LBR,AFR,Africa,YEAR,2022,,,,,,,,,39 [27-52],39,27,52,,2025-11-11T14:11:28Z,2022,2022-01-01,2022-12-31
7037456,MDG_0000000017,COUNTRY,IRQ,EMR,Eastern Mediterranean,YEAR,2020,,,,,,,,,2 [1.7-2.2],2,1.7,2.2,,2025-11-11T14:11:28Z,2020,2020-01-01,2020-12-31
7041865,MDG_0000000017,COUNTRY,GUY,AMR,Americas,YEAR,2003,,,,,,,,,13 [11-14],13,11,14,,2025-11-11T14:11:28Z,2003,2003-01-01,2003-12-31
7042488,MDG_0000000017,COUNTRY,GEO,EUR,Europe,YEAR,2015,,,,,,,,,4.3 [3.9-4.7],4.3,3.9,4.7,,2025-11-11T14:11:28Z,2015,2015-01-01,2015-12-31
7047037,MDG_0000000017,COUNTRY,SUR,AMR,Americas,YEAR,2001,,,,,,,,,2 [1.8-2.2],2,1.8,2.2,,2025-11-11T14:11:28Z,2001,2001-01-01,2001-12-31
7053388,MDG_0000000017,COUNTRY,CAF,AFR,Africa,YEAR,2011,,,,,,,,,103 [38-199],103,38,199,,2025-11-11T14:11:28Z,2011,2011-01-01,2011-12-31
7055922,MDG_0000000017,COUNTRY,JOR,EMR,Eastern Mediterranean,YEAR,2009,,,,,,,,,0.35 [0.29-0.43],0.35,0.29,0.43,,2025-11-11T14:11:28Z,2009,2009-01-01,2009-12-31
7056519,MDG_0000000017,COUNTRY,NER,AFR,Africa,YEAR,2019,,,,,,,,,15 [8.7-22],15,8.7,22,,2025-11-11T14:11:28Z,2019,2019-01-01,2019-12-31
7059822,MDG_0000000017,COUNTRY,SLV,AMR,Americas,YEAR,2018,,,,,,,,,1.6 [1.4-1.8],1.6,1.4,1.8,,2025-11-11T14:11:28Z,2018,2018-01-01,2018-12-31
7061844,MDG_0000000017,COUNTRY,FRA,EUR,Europe,YEAR,2010,,,,,,,,,1 [0.97-1.1],1,0.97,1.1,,2025-11-11T14:11:28Z,2010,2010-01-01,2010-12-31
7061958,MDG_0000000017,REGION,AFR,,,YEAR,2014,,,,,,,,,49 [40-59],49,40,59,,2025-11-11T14:11:28Z,2014,2014-01-01,2014-12-31
7062303,MDG_0000000017,COUNTRY,HTI,AMR,Americas,YEAR,2021,,,,,,,,,13 [8.1-19],13,8.1,19,,2025-11-11T14:11:28Z,2021,2021-01-01,2021-12-31
7072929,MDG_0000000017,COUNTRY,LUX,EUR,Europe,YEAR,2004,,,,,,,,,0.39 [0.38-0.4],0.39,0.38,0.4,,2025-11-11T14:11:28Z,2004,2004-01-01,2004-12-31
7073667,MDG_0000000017,COUNTRY,SVK,EUR,Europe,YEAR,2015,,,,,,,,,0.64 [0.63-0.65],0.64,0.63,0.65,,2025-11-11T14:11:28Z,2015,2015-01-01,2015-12-31
7074492,MDG_0000000017,COUNTRY,NZL,WPR,Western Pacific,YEAR,2024,,,,,,,,,0.26 [0.26-0.26],0.26,0.26,0.26,,2025-11-11T14:11:28Z,2024,2024-01-01,2024-12-31
7080314,MDG_0000000017,COUNTRY,BRN,WPR,Western Pacific,YEAR,2001,,,,,,,,,4.1 [3.9-4.2],4.1,3.9,4.2,,2025-11-11T14:11:28Z,2001,2001-01-01,2001-12-31
7087547,MDG_0000000017,COUNTRY,IRN,EMR,Eastern Mediterranean,YEAR,2002,,,,,,,,,0.89 [0.77-1],0.89,0.77,1,,2025-11-11T14:11:28Z,2002,2002-01-01,2002-12-31
7092200,MDG_0000000017,COUNTRY,CYP,EUR,Europe,YEAR,2009,,,,,,,,,0.11 [0.1-0.13],0.11,0.1,0.13,,2025-11-11T14:11:28Z,2009,2009-01-01,2009-12-31
7098862,MDG_0000000017,COUNTRY,NZL,WPR,Western Pacific,YEAR,2014,,,,,,,,,0.29 [0.29-0.29],0.29,0.29,0.29,,2025-11-11T14:11:28Z,2014,2014-01-01,2014-12-31
7099430,MDG_0000000017,COUNTRY,PER,AMR,Americas,YEAR,2014,,,,,,,,,5.4 [4.6-6.3],5.4,4.6,6.3,,2025-11-11T14:11:28Z,2014,2014-01-01,2014-12-31
7100027,MDG_0000000017,WORLDBANKINCOMEGROUP,WB_LI,,,YEAR,2004,,,,,,,,,60 [44-77],60,44,77,,2025-11-11T14:11:28Z,2004,2004-01-01,2004-12-31
7105865,MDG_0000000017,COUNTRY,DNK,EUR,Europe,YEAR,2004,,,,,,,,,0.74 [0.72-0.76],0.74,0.72,0.76,,2025-11-11T14:11:28Z,2004,2004-01-01,2004-12-31
7106444,MDG_0000000017,REGION,SEAR,,,YEAR,2018,,,,,,,,,26 [21-32],26,21,32,,2025-11-11T14:11:28Z,2018,2018-01-01,2018-12-31
7113424,MDG_0000000017,COUNTRY,NGA,AFR,Africa,YEAR,2010,,,,,,,,,55 [32-84],55,32,84,,2025-11-11T14:11:28Z,2010,2010-01-01,2010-12-31
7119354,MDG_0000000017,COUNTRY,ARM,EUR,Europe,YEAR,2000,,,,,,,,,6.2 [5-7.5],6.2,5,7.5,,2025-11-11T14:11:28Z,2000,2000-01-01,2000-12-31
7123729,MDG_0000000017,COUNTRY,MAC,,,YEAR,2005,,,,,,,,,42 [29-57],42,29,57,,2025-11-11T14:11:28Z,2005,2005-01-01,2005-12-31
7124216,MDG_0000000017,COUNTRY,ZAF,AFR,Africa,YEAR,2001,,,,,,,,,60 [57-62],60,57,62,,2025-11-11T14:11:28Z,2001,2001-01-01,2001-12-31
7124407,MDG_0000000017,COUNTRY,HUN,EUR,Europe,YEAR,2008,,,,,,,,,1.9 [1.9-1.9],1.9,1.9,1.9,,2025-11-11T14:11:28Z,2008,2008-01-01,2008-12-31
7130287,MDG_0000000017,COUNTRY,ZWE,AFR,Africa,YEAR,2002,,,,,,,,,24 [9.9-45],24,9.9,45,,2025-11-11T14:11:28Z,2002,2002-01-01,2002-12-31
7131205,MDG_0000000017,COUNTRY,AFG,EMR,Eastern Mediterranean,YEAR,2016,,,,,,,,,39 [28-53],39,28,53,,2025-11-11T14:11:28Z,2016,2016-01-01,2016-12-31
7132123,MDG_0000000017,COUNTRY,HTI,AMR,Americas,YEAR,2013,,,,,,,,,11 [7.4-15],11,7.4,15,,2025-11-11T14:11:28Z,2013,2013-01-01,2013-12-31
7132382,MDG_0000000017,COUNTRY,MWI,AFR,Africa,YEAR,2004,,,,,,,,,30 [10-60],30,10,60,,2025-11-11T14:11:28Z,2004,2004-01-01,2004-12-31
7136485,MDG_0000000017,COUNTRY,IRQ,EMR,Eastern Mediterranean,YEAR,2013,,,,,,,,,2.9 [2.6-3.1],2.9,2.6,3.1,,2025-11-11T14:11:28Z,2013,2013-01-01,2013-12-31
7138449,MDG_0000000017,COUNTRY,COL,AMR,Americas,YEAR,2017,,,,,,,,,2.2 [2.2-2.2],2.2,2.2,2.2,,2025-11-11T14:11:28Z,2017,2017-01-01,2017-12-31
7142445,MDG_0000000017,COUNTRY,BEL,EUR,Europe,YEAR,2000,,,,,,,,,1 [1-1],1,1,1,,2025-11-11T14:11:28Z,2000,2000-01-01,2000-12-31
7142856,MDG_0000000017,COUNTRY,CIV,AFR,Africa,YEAR,2014,,,,,,,,,28 [19-38],28,19,38,,2025-11-11T14:11:28Z,2014,2014-01-01,2014-12-31
7144010,MDG_0000000017,COUNTRY,CAF,AFR,Africa,YEAR,2021,,,,,,,,,64 [29-112],64,29,112,,2025-11-11T14:11:28Z,2021,2021-01-01,2021-12-31
7144812,MDG_0000000017,COUNTRY,COD,AFR,Africa,YEAR,2003,,,,,,,,,144 [58-267],144,58,267,,2025-11-11T14:11:28Z,2003,2003-01-01,2003-12-31
7148850,MDG_0000000017,COUNTRY,CHL,AMR,Americas,YEAR,2004,,,,,,,,,4.1 [4.1-4.2],4.1,4.1,4.2,,2025-11-11T14:11:28Z,2004,2004-01-01,2004-12-31
7149986,MDG_0000000017,COUNTRY,NZL,WPR,Western Pacific,YEAR,2015,,,,,,,,,0.46 [0.46-0.46],0.46,0.46,0.46,,2025-11-11T14:11:28Z,2015,2015-01-01,2015-12-31
7161681,MDG_0000000017,COUNTRY,ITA,EUR,Europe,YEAR,2021,,,,,,,,,0.4 [0.39-0.41],0.4,0.39,0.41,,2025-11-11T14:11:28Z,2021,2021-01-01,2021-12-31
7161962,MDG_0000000017,COUNTRY,CMR,AFR,Africa,YEAR,2001,,,,,,,,,14 [7.3-23],14,7.3,23,,2025-11-11T14:11:28Z,2001,2001-01-01,2001-12-31
7162520,MDG_0000000017,COUNTRY,SDN,EMR,Eastern Mediterranean,YEAR,2003,,,,,,,,,31 [16-51],31,16,51,,2025-11-11T14:11:28Z,2003,2003-01-01,2003-12-31
7169391,MDG_0000000017,COUNTRY,TJK,EUR,Europe,YEAR,2016,,,,,,,,,8.8 [8-9.7],8.8,8,9.7,,2025-11-11T14:11:28Z,2016,2016-01-01,2016-12-31
7175056,MDG_0000000017,COUNTRY,LVA,EUR,Europe,YEAR,2018,,,,,,,,,3.4 [3.3-3.5],3.4,3.3,3.5,,2025-11-11T14:11:28Z,2018,2018-01-01,2018-12-31
7175281,MDG_0000000017,COUNTRY,KEN,AFR,Africa,YEAR,2016,,,,,,,,,60 [34-94],60,34,94,,2025-11-11T14:11:28Z,2016,2016-01-01,2016-12-31
7180489,MDG_0000000017,COUNTRY,NGA,AFR,Africa,YEAR,2004,,,,,,,,,63 [35-99],63,35,99,,2025-11-11T14:11:28Z,2004,2004-01-01,2004-12-31
7181491,MDG_0000000017,COUNTRY,BRA,AMR,Americas,YEAR,2024,,,,,,,,,3.3 [2.8-3.9],3.3,2.8,3.9,,2025-11-11T14:11:28Z,2024,2024-01-01,2024-12-31
7182972,MDG_0000000017,COUNTRY,BLZ,AMR,Americas,YEAR,2016,,,,,,,,,1.7 [1.7-1.8],1.7,1.7,1.8,,2025-11-11T14:11:28Z,2016,2016-01-01,2016-12-31
7187700,MDG_0000000017,COUNTRY,VUT,WPR,Western Pacific,YEAR,2004,,,,,,,,,76 [59-96],76,59,96,,2025-11-11T14:11:28Z,2004,2004-01-01,2004-12-31
7189377,MDG_0000000017,COUNTRY,ARE,EMR,Eastern Mediterranean,YEAR,2004,,,,,,,,,0.66 [0.48-0.87],0.66,0.48,0.87,,2025-11-11T14:11:28Z,2004,2004-01-01,2004-12-31
7195787,MDG_0000000017,COUNTRY,SOM,EMR,Eastern Mediterranean,YEAR,2005,,,,,,,,,87 [63-115],87,63,115,,2025-11-11T14:11:28Z,2005,2005-01-01,2005-12-31
7201146,MDG_0000000017,COUNTRY,MUS,AFR,Africa,YEAR,2020,,,,,,,,,0.71 [0.66-0.76],0.71,0.66,0.76,,2025-11-11T14:11:28Z,2020,2020-01-01,2020-12-31
7202057,MDG_0000000017,COUNTRY,BRA,AMR,Americas,YEAR,2006,,,,,,,,,3.1 [3-3.3],3.1,3,3.3,,2025-11-11T14:11:28Z,2006,2006-01-01,2006-12-31
7208720,MDG_0000000017,COUNTRY,KHM,WPR,Western Pacific,YEAR,2019,,,,,,,,,17 [8.3-29],17,8.3,29,,2025-11-11T14:11:28Z,2019,2019-01-01,2019-12-31
7219809,MDG_0000000017,COUNTRY,SAU,EMR,Eastern Mediterranean,YEAR,2019,,,,,,,,,0.64 [0.57-0.72],0.64,0.57,0.72,,2025-11-11T14:11:28Z,2019,2019-01-01,2019-12-31
7220348,MDG_0000000017,REGION,SEAR,,,YEAR,2019,,,,,,,,,24 [19-30],24,19,30,,2025-11-11T14:11:28Z,2019,2019-01-01,2019-12-31
7220992,MDG_0000000017,WORLDBANKINCOMEGROUP,WB_LMI,,,YEAR,2007,,,,,,,,,45 [38-52],45,38,52,,2025-11-11T14:11:28Z,2007,2007-01-01,2007-12-31
7225370,MDG_0000000017,COUNTRY,CAF,AFR,Africa,YEAR,2023,,,,,,,,,53 [25-93],53,25,93,,2025-11-11T14:11:28Z,2023,2023-01-01,2023-12-31
7226304,MDG_0000000017,COUNTRY,COD,AFR,Africa,YEAR,2015,,,,,,,,,116 [49-212],116,49,212,,2025-11-11T14:11:28Z,2015,2015-01-01,2015-12-31
7232716,MDG_0000000017,COUNTRY,AUS,WPR,Western Pacific,YEAR,2005,,,,,,,,,0.3 [0.3-0.3],0.3,0.3,0.3,,2025-11-11T14:11:28Z,2005,2005-01-01,2005-12-31
7233399,MDG_0000000017,COUNTRY,GBR,EUR,Europe,YEAR,2018,,,,,,,,,0.4 [0.39-0.41],0.4,0.39,0.41,,2025-11-11T14:11:28Z,2018,2018-01-01,2018-12-31
7234238,MDG_0000000017,COUNTRY,AUT,EUR,Europe,YEAR,2007,,,,,,,,,0.57 [0.57-0.57],0.57,0.57,0.57,,2025-11-11T14:11:28Z,2007,2007-01-01,2007-12-31
7239213,MDG_0000000017,COUNTRY,TLS,SEAR,South-East Asia,YEAR,2017,,,,,,,,,54 [38-72],54,38,72,,2025-11-11T14:11:28Z,2017,2017-01-01,2017-12-31
7240423,MDG_0000000017,COUNTRY,ITA,EUR,Europe,YEAR,2017,,,,,,,,,0.5 [0.49-0.51],0.5,0.49,0.51,,2025-11-11T14:11:28Z,2017,2017-01-01,2017-12-31
7245888,MDG_0000000017,COUNTRY,MYS,WPR,Western Pacific,YEAR,2000,,,,,,,,,6.7 [3.4-11],6.7,3.4,11,,2025-11-11T14:11:28Z,2000,2000-01-01,2000-12-31
7251241,MDG_0000000017,COUNTRY,ECU,AMR,Americas,YEAR,2006,,,,,,,,,7.7 [6.3-9.2],7.7,6.3,9.2,,2025-11-11T14:11:28Z,2006,2006-01-01,2006-12-31
7253122,MDG_0000000017,COUNTRY,SLE,AFR,Africa,YEAR,2010,,,,,,,,,117 [50-210],117,50,210,,2025-11-11T14:11:28Z,2010,2010-01-01,2010-12-31
7263024,MDG_0000000017,COUNTRY,ITA,EUR,Europe,YEAR,2024,,,,,,,,,0.51 [0.5-0.51],0.51,0.5,0.51,,2025-11-11T14:11:28Z,2024,2024-01-01,2024-12-31
7263861,MDG_0000000017,COUNTRY,HND,AMR,Americas,YEAR,2005,,,,,,,,,5.4 [4.5-6.4],5.4,4.5,6.4,,2025-11-11T14:11:28Z,2005,2005-01-01,2005-12-31
7269929,MDG_0000000017,COUNTRY,MDA,EUR,Europe,YEAR,2014,,,,,,,,,9.4 [9.4-9.4],9.4,9.4,9.4,,2025-11-11T14:11:28Z,2014,2014-01-01,2014-12-31
7270942,MDG_0000000017,COUNTRY,HTI,AMR,Americas,YEAR,2012,,,,,,,,,11 [7.6-15],11,7.6,15,,2025-11-11T14:11:28Z,2012,2012-01-01,2012-12-31
7281984,MDG_0000000017,COUNTRY,BTN,SEAR,South-East Asia,YEAR,2010,,,,,,,,,133 [92-181],133,92,181,,2025-11-11T14:11:28Z,2010,2010-01-01,2010-12-31
7282967,MDG_0000000017,COUNTRY,TCD,AFR,Africa,YEAR,2014,,,,,,,,,29 [19-41],29,19,41,,2025-11-11T14:11:28Z,2014,2014-01-01,2014-12-31
7284515,MDG_0000000017,COUNTRY,BEN,AFR,Africa,YEAR,2023,,,,,,,,,5 [1.7-10],5,1.7,10,,2025-11-11T14:11:28Z,2023,2023-01-01,2023-12-31
7288367,MDG_0000000017,WORLDBANKINCOMEGROUP,WB_HI,,,YEAR,2024,,,,,,,,,1 [0.93-1.1],1,0.93,1.1,,2025-11-11T14:11:28Z,2024,2024-01-01,2024-12-31
7289830,MDG_0000000017,COUNTRY,PER,AMR,Americas,YEAR,2023,,,,,,,,,10 [7.5-13],10,7.5,13,,2025-11-11T14:11:28Z,2023,2023-01-01,2023-12-31
7290411,MDG_0000000017,COUNTRY,SGP,WPR,Western Pacific,YEAR,2000,,,,,,,,,4.7 [2.9-6.9],4.7,2.9,6.9,,2025-11-11T14:11:28Z,2000,2000-01-01,2000-12-31
7290579,MDG_0000000017,COUNTRY,SLB,WPR,Western Pacific,YEAR,2001,,,,,,,,,87 [60-120],87,60,120,,2025-11-11T14:11:28Z,2001,2001-01-01,2001-12-31
7290894,MDG_0000000017,COUNTRY,YEM,EMR,Eastern Mediterranean,YEAR,2016,,,,,,,,,6.7 [4.7-9],6.7,4.7,9,,2025-11-11T14:11:28Z,2016,2016-01-01,2016-12-31
7291033,MDG_0000000017,COUNTRY,GRC,EUR,Europe,YEAR,2015,,,,,,,,,0.41 [0.4-0.43],0.41,0.4,0.43,,2025-11-11T14:11:28Z,2015,2015-01-01,2015-12-31
7294909,MDG_0000000017,COUNTRY,SRB,EUR,Europe,YEAR,2023,,,,,,,,,1.1 [0.84-1.5],1.1,0.84,1.5,,2025-11-11T14:11:28Z,2023,2023-01-01,2023-12-31
7296992,MDG_0000000017,COUNTRY,SRB,EUR,Europe,YEAR,2010,,,,,,,,,2.2 [2.1-2.3],2.2,2.1,2.3,,2025-11-11T14:11:28Z,2010,2010-01-01,2010-12-31
7300935,MDG_0000000017,COUNTRY,GHA,AFR,Africa,YEAR,2017,,,,,,,,,36 [16-64],36,16,64,,2025-11-11T14:11:28Z,2017,2017-01-01,2017-12-31
7302115,MDG_0000000017,COUNTRY,LBR,AFR,Africa,YEAR,2000,,,,,,,,,17 [8.9-28],17,8.9,28,,2025-11-11T14:11:28Z,2000,2000-01-01,2000-12-31
7303533,MDG_0000000017,COUNTRY,LTU,EUR,Europe,YEAR,2023,,,,,,,,,4.4 [3.6-5.2],4.4,3.6,5.2,,2025-11-11T14:11:28Z,2023,2023-01-01,2023-12-31
7307846,MDG_0000000017,COUNTRY,ARG,AMR,Americas,YEAR,2024,,,,,,,,,1.2 [1-1.3],1.2,1,1.3,,2025-11-11T14:11:28Z,2024,2024-01-01,2024-12-31
7309234,MDG_0000000017,COUNTRY,URY,AMR,Americas,YEAR,2022,,,,,,,,,2.2 [1.9-2.4],2.2,1.9,2.4,,2025-11-11T14:11:28Z,2022,2022-01-01,2022-12-31
7320324,MDG_0000000017,COUNTRY,CHN,WPR,Western Pacific,YEAR,2005,,,,,,,,,5.5 [4.9-6.1],5.5,4.9,6.1,,2025-11-11T14:11:28Z,2005,2005-01-01,2005-12-31
7321882,MDG_0000000017,REGION,WPR,,,YEAR,2001,,,,,,,,,17 [16-19],17,16,19,,2025-11-11T14:11:28Z,2001,2001-01-01,2001-12-31
7322161,MDG_0000000017,COUNTRY,PNG,WPR,Western Pacific,YEAR,2024,,,,,,,,,110 [80-145],110,80,145,,2025-11-11T14:11:28Z,2024,2024-01-01,2024-12-31
7322388,MDG_0000000017,COUNTRY,ESP,EUR,Europe,YEAR,2007,,,,,,,,,0.93 [0.91-0.94],0.93,0.91,0.94,,2025-11-11T14:11:28Z,2007,2007-01-01,2007-12-31
7333525,MDG_0000000017,COUNTRY,LAO,WPR,Western Pacific,YEAR,2014,,,,,,,,,54 [33-80],54,33,80,,2025-11-11T14:11:28Z,2014,2014-01-01,2014-12-31
7333619,MDG_0000000017,COUNTRY,CMR,AFR,Africa,YEAR,2020,,,,,,,,,26 [18-36],26,18,36,,2025-11-11T14:11:28Z,2020,2020-01-01,2020-12-31
7345068,MDG_0000000017,COUNTRY,DZA,AFR,Africa,YEAR,2019,,,,,,,,,8.5 [5.7-12],8.5,5.7,12,,2025-11-11T14:11:28Z,2019,2019-01-01,2019-12-31
7346056,MDG_0000000017,COUNTRY,SSD,AFR,Africa,YEAR,2021,,,,,,,,,71 [32-126],71,32,126,,2025-11-11T14:11:28Z,2021,2021-01-01,2021-12-31
7347738,MDG_0000000017,COUNTRY,MAC,,,YEAR,2011,,,,,,,,,23 [16-31],23,16,31,,2025-11-11T14:11:28Z,2011,2011-01-01,2011-12-31
7354178,MDG_0000000017,REGION,AFR,,,YEAR,2017,,,,,,,,,44 [36-53],44,36,53,,2025-11-11T14:11:28Z,2017,2017-01-01,2017-12-31
7354205,MDG_0000000017,COUNTRY,HRV,EUR,Europe,YEAR,2012,,,,,,,,,1.4 [1.4-1.4],1.4,1.4,1.4,,2025-11-11T14:11:28Z,2012,2012-01-01,2012-12-31
7383464,MDG_0000000017,COUNTRY,CUB,AMR,Americas,YEAR,2024,,,,,,,,,0.66 [0.55-0.77],0.66,0.55,0.77,,2025-11-11T14:11:28Z,2024,2024-01-01,2024-12-31
7383503,MDG_0000000017,COUNTRY,SLE,AFR,Africa,YEAR,2014,,,,,,,,,109 [47-196],109,47,196,,2025-11-11T14:11:28Z,2014,2014-01-01,2014-12-31
7383687,MDG_0000000017,COUNTRY,SGP,WPR,Western Pacific,YEAR,2015,,,,,,,,,0.86 [0.77-0.96],0.86,0.77,0.96,,2025-11-11T14:11:28Z,2015,2015-01-01,2015-12-31
7395845,MDG_0000000017,COUNTRY,NPL,SEAR,South-East Asia,YEAR,2002,,,,,,,,,120 [77-172],120,77,172,,2025-11-11T14:11:28Z,2002,2002-01-01,2002-12-31
7397697,MDG_0000000017,COUNTRY,PRI,AMR,Americas,YEAR,2001,,,,,,,,,0.85 [0.84-0.85],0.85,0.84,0.85,,2025-11-11T14:11:28Z,2001,2001-01-01,2001-12-31
7408730,MDG_0000000017,COUNTRY,VEN,AMR,Americas,YEAR,2012,,,,,,,,,2.2 [2.2-2.2],2.2,2.2,2.2,,2025-11-11T14:11:28Z,2012,2012-01-01,2012-12-31
7409486,MDG_0000000017,COUNTRY,HKG,,,YEAR,2003,,,,,,,,,4.1 [4.1-4.1],4.1,4.1,4.1,,2025-11-11T14:11:28Z,2003,2003-01-01,2003-12-31
7410667,MDG_0000000017,COUNTRY,TJK,EUR,Europe,YEAR,2014,,,,,,,,,9.5 [8.6-10],9.5,8.6,10,,2025-11-11T14:11:28Z,2014,2014-01-01,2014-12-31
7415877,MDG_0000000017,COUNTRY,STP,AFR,Africa,YEAR,2006,,,,,,,,,70 [47-98],70,47,98,,2025-11-11T14:11:28Z,2006,2006-01-01,2006-12-31
7423671,MDG_0000000017,COUNTRY,AGO,AFR,Africa,YEAR,2022,,,,,,,,,72 [45-107],72,45,107,,2025-11-11T14:11:28Z,2022,2022-01-01,2022-12-31
7430120,MDG_0000000017,COUNTRY,PAN,AMR,Americas,YEAR,2015,,,,,,,,,5.7 [5.6-5.9],5.7,5.6,5.9,,2025-11-11T14:11:28Z,2015,2015-01-01,2015-12-31
7435017,MDG_0000000017,COUNTRY,MKD,EUR,Europe,YEAR,2020,,,,,,,,,1 [0.93-1.2],1,0.93,1.2,,2025-11-11T14:11:28Z,2020,2020-01-01,2020-12-31
7435116,MDG_0000000017,COUNTRY,SUR,AMR,Americas,YEAR,2024,,,,,,,,,1.5 [1.2-1.8],1.5,1.2,1.8,,2025-11-11T14:11:28Z,2024,2024-01-01,2024-12-31
7442790,MDG_0000000017,COUNTRY,BHS,AMR,Americas,YEAR,2003,,,,,,,,,1.1 [0.99-1.3],1.1,0.99,1.3,,2025-11-11T14:11:28Z,2003,2003-01-01,2003-12-31
7447821,MDG_0000000017,COUNTRY,BDI,AFR,Africa,YEAR,2000,,,,,,,,,27 [14-43],27,14,43,,2025-11-11T14:11:28Z,2000,2000-01-01,2000-12-31
7449249,MDG_0000000017,COUNTRY,RUS,EUR,Europe,YEAR,2019,,,,,,,,,5.4 [5.2-5.6],5.4,5.2,5.6,,2025-11-11T14:11:28Z,2019,2019-01-01,2019-12-31
7453545,MDG_0000000017,COUNTRY,ZAF,AFR,Africa,YEAR,2006,,,,,,,,,71 [68-74],71,68,74,,2025-11-11T14:11:28Z,2006,2006-01-01,2006-12-31
7467700,MDG_0000000017,COUNTRY,NER,AFR,Africa,YEAR,2004,,,,,,,,,28 [18-40],28,18,40,,2025-11-11T14:11:28Z,2004,2004-01-01,2004-12-31
7478892,MDG_0000000017,COUNTRY,BWA,AFR,Africa,YEAR,2006,,,,,,,,,29 [11-57],29,11,57,,2025-11-11T14:11:28Z,2006,2006-01-01,2006-12-31
7479998,MDG_0000000017,COUNTRY,KHM,WPR,Western Pacific,YEAR,2012,,,,,,,,,23 [11-39],23,11,39,,2025-11-11T14:11:28Z,2012,2012-01-01,2012-12-31
7485733,MDG_0000000017,COUNTRY,SOM,EMR,Eastern Mediterranean,YEAR,2009,,,,,,,,,63 [45-84],63,45,84,,2025-11-11T14:11:28Z,2009,2009-01-01,2009-12-31
7486754,MDG_0000000017,COUNTRY,MYS,WPR,Western Pacific,YEAR,2004,,,,,,,,,6 [3.3-9.3],6,3.3,9.3,,2025-11-11T14:11:28Z,2004,2004-01-01,2004-12-31
7499806,MDG_0000000017,COUNTRY,IRL,EUR,Europe,YEAR,2020,,,,,,,,,0.35 [0.35-0.35],0.35,0.35,0.35,,2025-11-11T14:11:28Z,2020,2020-01-01,2020-12-31
7510378,MDG_0000000017,COUNTRY,CYP,EUR,Europe,YEAR,2017,,,,,,,,,0.29 [0.26-0.32],0.29,0.26,0.32,,2025-11-11T14:11:28Z,2017,2017-01-01,2017-12-31
7510667,MDG_0000000017,COUNTRY,BLZ,AMR,Americas,YEAR,2011,,,,,,,,,3.4 [3.3-3.4],3.4,3.3,3.4,,2025-11-11T14:11:28Z,2011,2011-01-01,2011-12-31
7517593,MDG_0000000017,COUNTRY,ROU,EUR,Europe,YEAR,2024,,,,,,,,,5.1 [3.3-7.3],5.1,3.3,7.3,,2025-11-11T14:11:28Z,2024,2024-01-01,2024-12-31
7524126,MDG_0000000017,COUNTRY,TKM,EUR,Europe,YEAR,2020,,,,,,,,,10 [8.6-12],10,8.6,12,,2025-11-11T14:11:28Z,2020,2020-01-01,2020-12-31
7531324,MDG_0000000017,COUNTRY,NAM,AFR,Africa,YEAR,2020,,,,,,,,,61 [38-91],61,38,91,,2025-11-11T14:11:28Z,2020,2020-01-01,2020-12-31
7536005,MDG_0000000017,COUNTRY,SOM,EMR,Eastern Mediterranean,YEAR,2018,,,,,,,,,34 [23-46],34,23,46,,2025-11-11T14:11:28Z,2018,2018-01-01,2018-12-31
7538289,MDG_0000000017,COUNTRY,GAB,AFR,Africa,YEAR,2017,,,,,,,,,66 [42-96],66,42,96,,2025-11-11T14:11:28Z,2017,2017-01-01,2017-12-31
7544583,MDG_0000000017,COUNTRY,PAN,AMR,Americas,YEAR,2006,,,,,,,,,5.3 [5-5.5],5.3,5,5.5,,2025-11-11T14:11:28Z,2006,2006-01-01,2006-12-31
7556992,MDG_0000000017,COUNTRY,ERI,AFR,Africa,YEAR,2009,,,,,,,,,69 [46-96],69,46,96,,2025-11-11T14:11:28Z,2009,2009-01-01,2009-12-31
7561314,MDG_0000000017,COUNTRY,IND,SEAR,South-East Asia,YEAR,2013,,,,,,,,,32 [24-41],32,24,41,,2025-11-11T14:11:28Z,2013,2013-01-01,2013-12-31
7563371,MDG_0000000017,COUNTRY,ARG,AMR,Americas,YEAR,2007,,,,,,,,,1.9 [1.8-1.9],1.9,1.8,1.9,,2025-11-11T14:11:28Z,2007,2007-01-01,2007-12-31
7563511,MDG_0000000017,COUNTRY,TCD,AFR,Africa,YEAR,2019,,,,,,,,,21 [14-29],21,14,29,,2025-11-11T14:11:28Z,2019,2019-01-01,2019-12-31
7563835,MDG_0000000017,COUNTRY,PNG,WPR,Western Pacific,YEAR,2017,,,,,,,,,134 [96-177],134,96,177,,2025-11-11T14:11:28Z,2017,2017-01-01,2017-12-31
7568946,MDG_0000000017,COUNTRY,LSO,AFR,Africa,YEAR,2005,,,,,,,,,91 [32-180],91,32,180,,2025-11-11T14:11:28Z,2005,2005-01-01,2005-12-31
7570136,MDG_0000000017,COUNTRY,IND,SEAR,South-East Asia,YEAR,2015,,,,,,,,,28 [21-36],28,21,36,,2025-11-11T14:11:28Z,2015,2015-01-01,2015-12-31
7573578,MDG_0000000017,COUNTRY,DNK,EUR,Europe,YEAR,2010,,,,,,,,,0.65 [0.62-0.67],0.65,0.62,0.67,,2025-11-11T14:11:28Z,2010,2010-01-01,2010-12-31
7576039,MDG_0000000017,WORLDBANKINCOMEGROUP,WB_UMI,,,YEAR,2014,,,,,,,,,7.6 [7.3-7.9],7.6,7.3,7.9,,2025-11-11T14:11:28Z,2014,2014-01-01,2014-12-31
7576085,MDG_0000000017,COUNTRY,MDA,EUR,Europe,YEAR,2007,,,,,,,,,21 [18-23],21,18,23,,2025-11-11T14:11:28Z,2007,2007-01-01,2007-12-31
7592421,MDG_0000000017,COUNTRY,PHL,WPR,Western Pacific,YEAR,2004,,,,,,,,,40 [36-43],40,36,43,,2025-11-11T14:11:28Z,2004,2004-01-01,2004-12-31
7592755,MDG_0000000017,COUNTRY,IDN,WPR,Western Pacific,YEAR,2005,,,,,,,,,51 [46-56],51,46,56,,2025-11-11T14:11:28Z,2005,2005-01-01,2005-12-31
7594452,MDG_0000000017,COUNTRY,SVN,EUR,Europe,YEAR,2021,,,,,,,,,0.57 [0.57-0.58],0.57,0.57,0.58,,2025-11-11T14:11:28Z,2021,2021-01-01,2021-12-31
7599138,MDG_0000000017,COUNTRY,IRN,EMR,Eastern Mediterranean,YEAR,2005,,,,,,,,,0.89 [0.77-1],0.89,0.77,1,,2025-11-11T14:11:28Z,2005,2005-01-01,2005-12-31
7599239,MDG_0000000017,COUNTRY,AUS,WPR,Western Pacific,YEAR,2000,,,,,,,,,0.28 [0.28-0.28],0.28,0.28,0.28,,2025-11-11T14:11:28Z,2000,2000-01-01,2000-12-31
7600216,MDG_0000000017,COUNTRY,FSM,WPR,Western Pacific,YEAR,2001,,,,,,,,,97 [67-133],97,67,133,,2025-11-11T14:11:28Z,2001,2001-01-01,2001-12-31
7601361,MDG_0000000017,COUNTRY,DNK,EUR,Europe,YEAR,2021,,,,,,,,,0.15 [0.14-0.16],0.15,0.14,0.16,,2025-11-11T14:11:28Z,2021,2021-01-01,2021-12-31
7607478,MDG_0000000017,COUNTRY,SRB,EUR,Europe,YEAR,2016,,,,,,,,,1.3 [1.3-1.4],1.3,1.3,1.4,,2025-11-11T14:11:28Z,2016,2016-01-01,2016-12-31
7611175,MDG_0000000017,COUNTRY,LSO,AFR,Africa,YEAR,2014,,,,,,,,,54 [31-83],54,31,83,,2025-11-11T14:11:28Z,2014,2014-01-01,2014-12-31
7611241,MDG_0000000017,COUNTRY,HND,AMR,Americas,YEAR,2021,,,,,,,,,5.1 [3.9-6.3],5.1,3.9,6.3,,2025-11-11T14:11:28Z,2021,2021-01-01,2021-12-31
7613856,MDG_0000000017,COUNTRY,UKR,EUR,Europe,YEAR,2008,,,,,,,,,23 [22-23],23,22,23,,2025-11-11T14:11:28Z,2008,2008-01-01,2008-12-31
7638593,MDG_0000000017,COUNTRY,HTI,AMR,Americas,YEAR,2010,,,,,,,,,10 [7-14],10,7,14,,2025-11-11T14:11:28Z,2010,2010-01-01,2010-12-31
7656395,MDG_0000000017,COUNTRY,LBN,EMR,Eastern Mediterranean,YEAR,2004,,,,,,,,,3.1 [2.1-4.2],3.1,2.1,4.2,,2025-11-11T14:11:28Z,2004,2004-01-01,2004-12-31
7662178,MDG_0000000017,COUNTRY,JAM,AMR,Americas,YEAR,2002,,,,,,,,,0.68 [0.59-0.77],0.68,0.59,0.77,,2025-11-11T14:11:28Z,2002,2002-01-01,2002-12-31
7675014,MDG_0000000017,COUNTRY,LBY,EMR,Eastern Mediterranean,YEAR,2012,,,,,,,,,5.9 [2.1-12],5.9,2.1,12,,2025-11-11T14:11:28Z,2012,2012-01-01,2012-12-31
7675720,MDG_0000000017,COUNTRY,BLZ,AMR,Americas,YEAR,2018,,,,,,,,,1.2 [1.2-1.2],1.2,1.2,1.2,,2025-11-11T14:11:28Z,2018,2018-01-01,2018-12-31
7681319,MDG_0000000017,COUNTRY,TUN,EMR,Eastern Mediterranean,YEAR,2022,,,,,,,,,1.2 [0.85-1.5],1.2,0.85,1.5,,2025-11-11T14:11:28Z,2022,2022-01-01,2022-12-31
7688322,MDG_0000000017,COUNTRY,ESP,EUR,Europe,YEAR,2010,,,,,,,,,0.87 [0.85-0.89],0.87,0.85,0.89,,2025-11-11T14:11:28Z,2010,2010-01-01,2010-12-31
7702063,MDG_0000000017,COUNTRY,HKG,,,YEAR,2010,,,,,,,,,2.8 [2.8-2.8],2.8,2.8,2.8,,2025-11-11T14:11:28Z,2010,2010-01-01,2010-12-31
7714902,MDG_0000000017,COUNTRY,ESP,EUR,Europe,YEAR,2023,,,,,,,,,0.43 [0.42-0.44],0.43,0.42,0.44,,2025-11-11T14:11:28Z,2023,2023-01-01,2023-12-31
7726182,MDG_0000000017,COUNTRY,PER,AMR,Americas,YEAR,2024,,,,,,,,,8.5 [5.9-12],8.5,5.9,12,,2025-11-11T14:11:28Z,2024,2024-01-01,2024-12-31
7732341,MDG_0000000017,COUNTRY,OMN,EMR,Eastern Mediterranean,YEAR,2019,,,,,,,,,0.36 [0.26-0.47],0.36,0.26,0.47,,2025-11-11T14:11:28Z,2019,2019-01-01,2019-12-31
7737969,MDG_0000000017,WORLDBANKINCOMEGROUP,WB_LI,,,YEAR,2018,,,,,,,,,38 [27-50],38,27,50,,2025-11-11T14:11:28Z,2018,2018-01-01,2018-12-31
7739080,MDG_0000000017,COUNTRY,FIN,EUR,Europe,YEAR,2005,,,,,,,,,1.5 [1.5-1.5],1.5,1.5,1.5,,2025-11-11T14:11:28Z,2005,2005-01-01,2005-12-31
7739559,MDG_0000000017,COUNTRY,MAC,,,YEAR,2024,,,,,,,,,9.9 [6.8-14],9.9,6.8,14,,2025-11-11T14:11:28Z,2024,2024-01-01,2024-12-31
7744980,MDG_0000000017,COUNTRY,JAM,AMR,Americas,YEAR,2008,,,,,,,,,0.44 [0.42-0.46],0.44,0.42,0.46,,2025-11-11T14:11:28Z,2008,2008-01-01,2008-12-31
7752309,MDG_0000000017,COUNTRY,PNG,WPR,Western Pacific,YEAR,2006,,,,,,,,,174 [125-231],174,125,231,,2025-11-11T14:11:28Z,2006,2006-01-01,2006-12-31
7756619,MDG_0000000017,COUNTRY,OMN,EMR,Eastern Mediterranean,YEAR,2002,,,,,,,,,0.77 [0.6-0.95],0.77,0.6,0.95,,2025-11-11T14:11:28Z,2002,2002-01-01,2002-12-31
7757832,MDG_0000000017,COUNTRY,NIC,AMR,Americas,YEAR,2000,,,,,,,,,5.1 [4.4-5.8],5.1,4.4,5.8,,2025-11-11T14:11:28Z,2000,2000-01-01,2000-12-31
7758223,MDG_0000000017,COUNTRY,ROU,EUR,Europe,YEAR,2010,,,,,,,,,7.2 [7.2-7.2],7.2,7.2,7.2,,2025-11-11T14:11:28Z,2010,2010-01-01,2010-12-31
7769809,MDG_0000000017,COUNTRY,SAU,EMR,Eastern Mediterranean,YEAR,2001,,,,,,,,,2.5 [2-3],2.5,2,3,,2025-11-11T14:11:28Z,2001,2001-01-01,2001-12-31
7770511,MDG_0000000017,COUNTRY,DJI,EMR,Eastern Mediterranean,YEAR,2002,,,,,,,,,722 [453-1050],722,453,1050,,2025-11-11T14:11:28Z,2002,2002-01-01,2002-12-31
7775657,MDG_0000000017,COUNTRY,MAR,EMR,Eastern Mediterranean,YEAR,2003,,,,,,,,,7.5 [4.3-12],7.5,4.3,12,,2025-11-11T14:11:28Z,2003,2003-01-01,2003-12-31
7777281,MDG_0000000017,COUNTRY,COL,AMR,Americas,YEAR,2010,,,,,,,,,2.3 [2.2-2.3],2.3,2.2,2.3,,2025-11-11T14:11:28Z,2010,2010-01-01,2010-12-31
7784598,MDG_0000000017,COUNTRY,MDG,AFR,Africa,YEAR,2018,,,,,,,,,42 [30-56],42,30,56,,2025-11-11T14:11:28Z,2018,2018-01-01,2018-12-31
7788953,MDG_0000000017,COUNTRY,BRA,AMR,Americas,YEAR,2003,,,,,,,,,3.6 [3.3-3.9],3.6,3.3,3.9,,2025-11-11T14:11:28Z,2003,2003-01-01,2003-12-31
7797421,MDG_0000000017,COUNTRY,UKR,EUR,Europe,YEAR,2010,,,,,,,,,17 [17-17],17,17,17,,2025-11-11T14:11:28Z,2010,2010-01-01,2010-12-31
7809743,MDG_0000000017,COUNTRY,QAT,EMR,Eastern Mediterranean,YEAR,2006,,,,,,,,,0.33 [0.27-0.38],0.33,0.27,0.38,,2025-11-11T14:11:28Z,2006,2006-01-01,2006-12-31
7815847,MDG_0000000017,COUNTRY,CHN,WPR,Western Pacific,YEAR,2007,,,,,,,,,4.6 [4.1-5.1],4.6,4.1,5.1,,2025-11-11T14:11:28Z,2007,2007-01-01,2007-12-31
7820353,MDG_0000000017,COUNTRY,URY,AMR,Americas,YEAR,2005,,,,,,,,,1.9 [1.8-2],1.9,1.8,2,,2025-11-11T14:11:28Z,2005,2005-01-01,2005-12-31
7833474,MDG_0000000017,WORLDBANKINCOMEGROUP,WB_HI,,,YEAR,2021,,,,,,,,,1.2 [1.2-1.2],1.2,1.2,1.2,,2025-11-11T14:11:28Z,2021,2021-01-01,2021-12-31
7840571,MDG_0000000017,COUNTRY,BGD,SEAR,South-East Asia,YEAR,2024,,,,,,,,,25 [15-37],25,15,37,,2025-11-11T14:11:28Z,2024,2024-01-01,2024-12-31
7845544,MDG_0000000017,COUNTRY,CHE,EUR,Europe,YEAR,2006,,,,,,,,,0.45 [0.44-0.46],0.45,0.44,0.46,,2025-11-11T14:11:28Z,2006,2006-01-01,2006-12-31
7859309,MDG_0000000017,COUNTRY,PAK,EMR,Eastern Mediterranean,YEAR,2023,,,,,,,,,20 [15-25],20,15,25,,2025-11-11T14:11:28Z,2023,2023-01-01,2023-12-31
7865367,MDG_0000000017,COUNTRY,SVK,EUR,Europe,YEAR,2010,,,,,,,,,0.66 [0.65-0.66],0.66,0.65,0.66,,2025-11-11T14:11:28Z,2010,2010-01-01,2010-12-31
7865535,MDG_0000000017,COUNTRY,VUT,WPR,Western Pacific,YEAR,2001,,,,,,,,,115 [91-142],115,91,142,,2025-11-11T14:11:28Z,2001,2001-01-01,2001-12-31
7866168,MDG_0000000017,COUNTRY,JAM,AMR,Americas,YEAR,2016,,,,,,,,,0.24 [0.24-0.24],0.24,0.24,0.24,,2025-11-11T14:11:28Z,2016,2016-01-01,2016-12-31
7866340,MDG_0000000017,COUNTRY,ROU,EUR,Europe,YEAR,2001,,,,,,,,,11 [11-11],11,11,11,,2025-11-11T14:11:28Z,2001,2001-01-01,2001-12-31
7897220,MDG_0000000017,COUNTRY,FRA,EUR,Europe,YEAR,2021,,,,,,,,,0.46 [0.44-0.49],0.46,0.44,0.49,,2025-11-11T14:11:28Z,2021,2021-01-01,2021-12-31
7902830,MDG_0000000017,COUNTRY,ESP,EUR,Europe,YEAR,2002,,,,,,,,,1.2 [1.2-1.2],1.2,1.2,1.2,,2025-11-11T14:11:28Z,2002,2002-01-01,2002-12-31
7910956,MDG_0000000017,COUNTRY,MDG,AFR,Africa,YEAR,2001,,,,,,,,,54 [38-72],54,38,72,,2025-11-11T14:11:28Z,2001,2001-01-01,2001-12-31
7911610,MDG_0000000017,COUNTRY,ETH,AFR,Africa,YEAR,2010,,,,,,,,,36 [20-56],36,20,56,,2025-11-11T14:11:28Z,2010,2010-01-01,2010-12-31
7924084,MDG_0000000017,COUNTRY,LBN,EMR,Eastern Mediterranean,YEAR,2009,,,,,,,,,2.8 [1.9-3.8],2.8,1.9,3.8,,2025-11-11T14:11:28Z,2009,2009-01-01,2009-12-31
7930186,MDG_0000000017,COUNTRY,ZAF,AFR,Africa,YEAR,2016,,,,,,,,,36 [34-38],36,34,38,,2025-11-11T14:11:28Z,2016,2016-01-01,2016-12-31
7934562,MDG_0000000017,COUNTRY,MYS,WPR,Western Pacific,YEAR,2006,,,,,,,,,6.3 [3.5-9.9],6.3,3.5,9.9,,2025-11-11T14:11:28Z,2006,2006-01-01,2006-12-31
7934621,MDG_0000000017,COUNTRY,BHR,EMR,Eastern Mediterranean,YEAR,2024,,,,,,,,,0.93 [0.57-1.4],0.93,0.57,1.4,,2025-11-11T14:11:28Z,2024,2024-01-01,2024-12-31
7935793,MDG_0000000017,COUNTRY,LBN,EMR,Eastern Mediterranean,YEAR,2007,,,,,,,,,2.9 [2-4],2.9,2,4,,2025-11-11T14:11:28Z,2007,2007-01-01,2007-12-31
7936310,MDG_0000000017,REGION,AMR,,,YEAR,2014,,,,,,,,,1.8 [1.7-1.9],1.8,1.7,1.9,,2025-11-11T14:11:28Z,2014,2014-01-01,2014-12-31
7936693,MDG_0000000017,WORLDBANKINCOMEGROUP,WB_LI,,,YEAR,2021,,,,,,,,,34 [25-44],34,25,44,,2025-11-11T14:11:28Z,2021,2021-01-01,2021-12-31
7946616,MDG_0000000017,COUNTRY,CUB,AMR,Americas,YEAR,2014,,,,,,,,,0.34 [0.34-0.34],0.34,0.34,0.34,,2025-11-11T14:11:28Z,2014,2014-01-01,2014-12-31
7947151,MDG_0000000017,COUNTRY,SDN,EMR,Eastern Mediterranean,YEAR,2012,,,,,,,,,23 [12-37],23,12,37,,2025-11-11T14:11:28Z,2012,2012-01-01,2012-12-31
7953505,MDG_0000000017,COUNTRY,JOR,EMR,Eastern Mediterranean,YEAR,2010,,,,,,,,,0.36 [0.31-0.42],0.36,0.31,0.42,,2025-11-11T14:11:28Z,2010,2010-01-01,2010-12-31
7953668,MDG_0000000017,COUNTRY,SDN,EMR,Eastern Mediterranean,YEAR,2015,,,,,,,,,18 [10-28],18,10,28,,2025-11-11T14:11:28Z,2015,2015-01-01,2015-12-31
7954855,MDG_0000000017,COUNTRY,BRN,WPR,Western Pacific,YEAR,2007,,,,,,,,,2.5 [2.4-2.5],2.5,2.4,2.5,,2025-11-11T14:11:28Z,2007,2007-01-01,2007-12-31
7954951,MDG_0000000017,COUNTRY,BIH,EUR,Europe,YEAR,2014,,,,,,,,,3.4 [3.2-3.5],3.4,3.2,3.5,,2025-11-11T14:11:28Z,2014,2014-01-01,2014-12-31
7960170,MDG_0000000017,COUNTRY,BRA,AMR,Americas,YEAR,2001,,,,,,,,,4 [3.6-4.5],4,3.6,4.5,,2025-11-11T14:11:28Z,2001,2001-01-01,2001-12-31
7961272,MDG_0000000017,COUNTRY,GNQ,AFR,Africa,YEAR,2003,,,,,,,,,64 [23-126],64,23,126,,2025-11-11T14:11:28Z,2003,2003-01-01,2003-12-31
7967742,MDG_0000000017,REGION,AMR,,,YEAR,2017,,,,,,,,,1.7 [1.7-1.8],1.7,1.7,1.8,,2025-11-11T14:11:28Z,2017,2017-01-01,2017-12-31
7978812,MDG_0000000017,COUNTRY,LVA,EUR,Europe,YEAR,2006,,,,,,,,,9.1 [8.6-9.6],9.1,8.6,9.6,,2025-11-11T14:11:28Z,2006,2006-01-01,2006-12-31
7985309,MDG_0000000017,COUNTRY,TCD,AFR,Africa,YEAR,2013,,,,,,,,,31 [21-44],31,21,44,,2025-11-11T14:11:28Z,2013,2013-01-01,2013-12-31
7987487,MDG_0000000017,COUNTRY,HTI,AMR,Americas,YEAR,2022,,,,,,,,,12 [7.2-17],12,7.2,17,,2025-11-11T14:11:28Z,2022,2022-01-01,2022-12-31
7993079,MDG_0000000017,COUNTRY,LTU,EUR,Europe,YEAR,2016,,,,,,,,,6.4 [6.2-6.6],6.4,6.2,6.6,,2025-11-11T14:11:28Z,2016,2016-01-01,2016-12-31
7993557,MDG_0000000017,REGION,EMR,,,YEAR,2005,,,,,,,,,19 [17-21],19,17,21,,2025-11-11T14:11:28Z,2005,2005-01-01,2005-12-31
7996443,MDG_0000000017,COUNTRY,HUN,EUR,Europe,YEAR,2007,,,,,,,,,2.2 [2.2-2.2],2.2,2.2,2.2,,2025-11-11T14:11:28Z,2007,2007-01-01,2007-12-31
8009243,MDG_0000000017,COUNTRY,ERI,AFR,Africa,YEAR,2004,,,,,,,,,167 [110-234],167,110,234,,2025-11-11T14:11:28Z,2004,2004-01-01,2004-12-31
8020430,MDG_0000000017,COUNTRY,DEU,EUR,Europe,YEAR,2023,,,,,,,,,0.34 [0.34-0.35],0.34,0.34,0.35,,2025-11-11T14:11:28Z,2023,2023-01-01,2023-12-31
8021889,MDG_0000000017,COUNTRY,MWI,AFR,Africa,YEAR,2015,,,,,,,,,22 [11-37],22,11,37,,2025-11-11T14:11:28Z,2015,2015-01-01,2015-12-31
8033635,MDG_0000000017,COUNTRY,SWZ,AFR,Africa,YEAR,2022,,,,,,,,,29 [6.9-66],29,6.9,66,,2025-11-11T14:11:28Z,2022,2022-01-01,2022-12-31
8040107,MDG_0000000017,COUNTRY,THA,SEAR,South-East Asia,YEAR,2014,,,,,,,,,14 [10-19],14,10,19,,2025-11-11T14:11:28Z,2014,2014-01-01,2014-12-31
8040121,MDG_0000000017,COUNTRY,ECU,AMR,Americas,YEAR,2008,,,,,,,,,6.3 [5.2-7.5],6.3,5.2,7.5,,2025-11-11T14:11:28Z,2008,2008-01-01,2008-12-31
8046496,MDG_0000000017,COUNTRY,BEN,AFR,Africa,YEAR,2002,,,,,,,,,15 [7.8-24],15,7.8,24,,2025-11-11T14:11:28Z,2002,2002-01-01,2002-12-31
8048123,MDG_0000000017,COUNTRY,CHE,EUR,Europe,YEAR,2024,,,,,,,,,0.12 [0.12-0.12],0.12,0.12,0.12,,2025-11-11T14:11:28Z,2024,2024-01-01,2024-12-31
8048128,MDG_0000000017,COUNTRY,CUB,AMR,Americas,YEAR,2005,,,,,,,,,0.38 [0.38-0.39],0.38,0.38,0.39,,2025-11-11T14:11:28Z,2005,2005-01-01,2005-12-31
8053457,MDG_0000000017,COUNTRY,USA,AMR,Americas,YEAR,2002,,,,,,,,,0.31 [0.31-0.32],0.31,0.31,0.32,,2025-11-11T14:11:28Z,2002,2002-01-01,2002-12-31
8064930,MDG_0000000017,COUNTRY,RUS,EUR,Europe,YEAR,2014,,,,,,,,,11 [10-12],11,10,12,,2025-11-11T14:11:28Z,2014,2014-01-01,2014-12-31
8066694,MDG_0000000017,COUNTRY,LBR,AFR,Africa,YEAR,2009,,,,,,,,,61 [41-85],61,41,85,,2025-11-11T14:11:28Z,2009,2009-01-01,2009-12-31
8072332,MDG_0000000017,COUNTRY,SGP,WPR,Western Pacific,YEAR,2019,,,,,,,,,0.42 [0.37-0.47],0.42,0.37,0.47,,2025-11-11T14:11:28Z,2019,2019-01-01,2019-12-31
8072827,MDG_0000000017,COUNTRY,BWA,AFR,Africa,YEAR,2016,,,,,,,,,31 [19-45],31,19,45,,2025-11-11T14:11:28Z,2016,2016-01-01,2016-12-31
8090808,MDG_0000000017,COUNTRY,UZB,EUR,Europe,YEAR,2012,,,,,,,,,9.5 [7.2-12],9.5,7.2,12,,2025-11-11T14:11:28Z,2012,2012-01-01,2012-12-31
8092497,MDG_0000000017,WORLDBANKINCOMEGROUP,WB_HI,,,YEAR,2000,,,,,,,,,4.4 [4.3-4.5],4.4,4.3,4.5,,2025-11-11T14:11:28Z,2000,2000-01-01,2000-12-31
8097154,MDG_0000000017,COUNTRY,COG,AFR,Africa,YEAR,2007,,,,,,,,,61 [41-85],61,41,85,,2025-11-11T14:11:28Z,2007,2007-01-01,2007-12-31
8097847,MDG_0000000017,COUNTRY,GNQ,AFR,Africa,YEAR,2002,,,,,,,,,65 [24-128],65,24,128,,2025-11-11T14:11:28Z,2002,2002-01-01,2002-12-31
8102293,MDG_0000000017,COUNTRY,TUR,EUR,Europe,YEAR,2019,,,,,,,,,0.48 [0.47-0.5],0.48,0.47,0.5,,2025-11-11T14:11:28Z,2019,2019-01-01,2019-12-31
8108495,MDG_0000000017,COUNTRY,GRC,EUR,Europe,YEAR,2021,,,,,,,,,0.32 [0.31-0.33],0.32,0.31,0.33,,2025-11-11T14:11:28Z,2021,2021-01-01,2021-12-31
8109706,MDG_0000000017,COUNTRY,KGZ,EUR,Europe,YEAR,2015,,,,,,,,,7.1 [7-7.2],7.1,7,7.2,,2025-11-11T14:11:28Z,2015,2015-01-01,2015-12-31
8110353,MDG_0000000017,REGION,AFR,,,YEAR,2015,,,,,,,,,47 [38-57],47,38,57,,2025-11-11T14:11:28Z,2015,2015-01-01,2015-12-31
8114902,MDG_0000000017,COUNTRY,MEX,AMR,Americas,YEAR,2018,,,,,,,,,1.7 [1.7-1.7],1.7,1.7,1.7,,2025-11-11T14:11:28Z,2018,2018-01-01,2018-12-31
8115113,MDG_0000000017,COUNTRY,SOM,EMR,Eastern Mediterranean,YEAR,2015,,,,,,,,,39 [27-53],39,27,53,,2025-11-11T14:11:28Z,2015,2015-01-01,2015-12-31
8117637,MDG_0000000017,COUNTRY,BLR,EUR,Europe,YEAR,2003,,,,,,,,,12 [11-13],12,11,13,,2025-11-11T14:11:28Z,2003,2003-01-01,2003-12-31
8123951,MDG_0000000017,COUNTRY,EST,EUR,Europe,YEAR,2013,,,,,,,,,1.9 [1.9-2],1.9,1.9,2,,2025-11-11T14:11:28Z,2013,2013-01-01,2013-12-31
8127705,MDG_0000000017,COUNTRY,SVN,EUR,Europe,YEAR,2019,,,,,,,,,0.68 [0.67-0.69],0.68,0.67,0.69,,2025-11-11T14:11:28Z,2019,2019-01-01,2019-12-31
8128018,MDG_0000000017,COUNTRY,COG,AFR,Africa,YEAR,2004,,,,,,,,,62 [42-86],62,42,86,,2025-11-11T14:11:28Z,2004,2004-01-01,2004-12-31
8128874,MDG_0000000017,COUNTRY,PNG,WPR,Western Pacific,YEAR,2001,,,,,,,,,326 [239-425],326,239,425,,2025-11-11T14:11:28Z,2001,2001-01-01,2001-12-31
8129437,MDG_0000000017,COUNTRY,FRA,EUR,Europe,YEAR,2013,,,,,,,,,0.87 [0.82-0.91],0.87,0.82,0.91,,2025-11-11T14:11:28Z,2013,2013-01-01,2013-12-31
8136189,MDG_0000000017,COUNTRY,MUS,AFR,Africa,YEAR,2007,,,,,,,,,1.2 [1.2-1.3],1.2,1.2,1.3,,2025-11-11T14:11:28Z,2007,2007-01-01,2007-12-31
8140394,MDG_0000000017,COUNTRY,BLR,EUR,Europe,YEAR,2012,,,,,,,,,7.9 [7.3-8.6],7.9,7.3,8.6,,2025-11-11T14:11:28Z,2012,2012-01-01,2012-12-31
8142773,MDG_0000000017,COUNTRY,KIR,WPR,Western Pacific,YEAR,2012,,,,,,,,,40 [34-46],40,34,46,,2025-11-11T14:11:28Z,2012,2012-01-01,2012-12-31
8147545,MDG_0000000017,COUNTRY,MAC,,,YEAR,2002,,,,,,,,,50 [34-68],50,34,68,,2025-11-11T14:11:28Z,2002,2002-01-01,2002-12-31
8155189,MDG_0000000017,COUNTRY,KHM,WPR,Western Pacific,YEAR,2010,,,,,,,,,23 [10-41],23,10,41,,2025-11-11T14:11:28Z,2010,2010-01-01,2010-12-31
8155965,MDG_0000000017,COUNTRY,AGO,AFR,Africa,YEAR,2019,,,,,,,,,70 [51-92],70,51,92,,2025-11-11T14:11:28Z,2019,2019-01-01,2019-12-31
8165895,MDG_0000000017,COUNTRY,IRQ,EMR,Eastern Mediterranean,YEAR,2012,,,,,,,,,3.1 [2.8-3.4],3.1,2.8,3.4,,2025-11-11T14:11:28Z,2012,2012-01-01,2012-12-31
8172818,MDG_0000000017,COUNTRY,UKR,EUR,Europe,YEAR,2006,,,,,,,,,23 [22-23],23,22,23,,2025-11-11T14:11:28Z,2006,2006-01-01,2006-12-31
8178323,MDG_0000000017,COUNTRY,SOM,EMR,Eastern Mediterranean,YEAR,2023,,,,,,,,,27 [18-37],27,18,37,,2025-11-11T14:11:28Z,2023,2023-01-01,2023-12-31
8179895,MDG_0000000017,COUNTRY,SUR,AMR,Americas,YEAR,2010,,,,,,,,,3.2 [2.9-3.4],3.2,2.9,3.4,,2025-11-11T14:11:28Z,2010,2010-01-01,2010-12-31
8184452,MDG_0000000017,COUNTRY,GHA,AFR,Africa,YEAR,2021,,,,,,,,,36 [16-65],36,16,65,,2025-11-11T14:11:28Z,2021,2021-01-01,2021-12-31
8191719,MDG_0000000017,COUNTRY,PAN,AMR,Americas,YEAR,2023,,,,,,,,,4.1 [4-4.3],4.1,4,4.3,,2025-11-11T14:11:28Z,2023,2023-01-01,2023-12-31
8192364,MDG_0000000017,COUNTRY,MEX,AMR,Americas,YEAR,2003,,,,,,,,,3.4 [3.3-3.5],3.4,3.3,3.5,,2025-11-11T14:11:28Z,2003,2003-01-01,2003-12-31
8193208,MDG_0000000017,COUNTRY,CAN,AMR,Americas,YEAR,2010,,,,,,,,,0.27 [0.26-0.27],0.27,0.26,0.27,,2025-11-11T14:11:28Z,2010,2010-01-01,2010-12-31
8198823,MDG_0000000017,COUNTRY,BHR,EMR,Eastern Mediterranean,YEAR,2022,,,,,,,,,1.1 [0.68-1.7],1.1,0.68,1.7,,2025-11-11T14:11:28Z,2022,2022-01-01,2022-12-31
8203382,MDG_0000000017,COUNTRY,TZA,AFR,Africa,YEAR,2013,,,,,,,,,57 [26-102],57,26,102,,2025-11-11T14:11:28Z,2013,2013-01-01,2013-12-31
8205445,MDG_0000000017,COUNTRY,UGA,AFR,Africa,YEAR,2004,,,,,,,,,19 [9.1-33],19,9.1,33,,2025-11-11T14:11:28Z,2004,2004-01-01,2004-12-31
8209751,MDG_0000000017,WORLDBANKINCOMEGROUP,WB_LMI,,,YEAR,2021,,,,,,,,,26 [22-29],26,22,29,,2025-11-11T14:11:28Z,2021,2021-01-01,2021-12-31
8216176,MDG_0000000017,COUNTRY,MYS,WPR,Western Pacific,YEAR,2007,,,,,,,,,6.1 [3.4-9.4],6.1,3.4,9.4,,2025-11-11T14:11:28Z,2007,2007-01-01,2007-12-31
8223548,MDG_0000000017,COUNTRY,GMB,AFR,Africa,YEAR,2006,,,,,,,,,27 [15-43],27,15,43,,2025-11-11T14:11:28Z,2006,2006-01-01,2006-12-31
8228711,MDG_0000000017,COUNTRY,NLD,EUR,Europe,YEAR,2008,,,,,,,,,0.32 [0.31-0.33],0.32,0.31,0.33,,2025-11-11T14:11:28Z,2008,2008-01-01,2008-12-31
8228740,MDG_0000000017,COUNTRY,ARE,EMR,Eastern Mediterranean,YEAR,2006,,,,,,,,,1.1 [0.73-1.6],1.1,0.73,1.6,,2025-11-11T14:11:28Z,2006,2006-01-01,2006-12-31
8242800,MDG_0000000017,COUNTRY,COD,AFR,Africa,YEAR,2009,,,,,,,,,120 [49-221],120,49,221,,2025-11-11T14:11:28Z,2009,2009-01-01,2009-12-31
8249389,MDG_0000000017,COUNTRY,SVK,EUR,Europe,YEAR,2013,,,,,,,,,0.38 [0.37-0.38],0.38,0.37,0.38,,2025-11-11T14:11:28Z,2013,2013-01-01,2013-12-31
8249897,MDG_0000000017,COUNTRY,RUS,EUR,Europe,YEAR,2021,,,,,,,,,4.6 [4.5-4.7],4.6,4.5,4.7,,2025-11-11T14:11:28Z,2021,2021-01-01,2021-12-31
8262390,MDG_0000000017,COUNTRY,PAK,EMR,Eastern Mediterranean,YEAR,2000,,,,,,,,,38 [33-42],38,33,42,,2025-11-11T14:11:28Z,2000,2000-01-01,2000-12-31
8262952,MDG_0000000017,COUNTRY,NZL,WPR,Western Pacific,YEAR,2017,,,,,,,,,0.23 [0.23-0.23],0.23,0.23,0.23,,2025-11-11T14:11:28Z,2017,2017-01-01,2017-12-31
8263189,MDG_0000000017,COUNTRY,KEN,AFR,Africa,YEAR,2004,,,,,,,,,78 [33-142],78,33,142,,2025-11-11T14:11:28Z,2004,2004-01-01,2004-12-31
8266674,MDG_0000000017,COUNTRY,MHL,WPR,Western Pacific,YEAR,2010,,,,,,,,,153 [106-208],153,106,208,,2025-11-11T14:11:28Z,2010,2010-01-01,2010-12-31
8267688,MDG_0000000017,COUNTRY,NIC,AMR,Americas,YEAR,2014,,,,,,,,,1.6 [1.6-1.7],1.6,1.6,1.7,,2025-11-11T14:11:28Z,2014,2014-01-01,2014-12-31
8274455,MDG_0000000017,COUNTRY,DEU,EUR,Europe,YEAR,2005,,,,,,,,,0.55 [0.54-0.56],0.55,0.54,0.56,,2025-11-11T14:11:28Z,2005,2005-01-01,2005-12-31
8279409,MDG_0000000017,WORLDBANKINCOMEGROUP,WB_LI,,,YEAR,2020,,,,,,,,,36 [27-47],36,27,47,,2025-11-11T14:11:28Z,2020,2020-01-01,2020-12-31
8282045,MDG_0000000017,REGION,EUR,,,YEAR,2000,,,,,,,,,8.4 [7.8-9.1],8.4,7.8,9.1,,2025-11-11T14:11:28Z,2000,2000-01-01,2000-12-31
8286194,MDG_0000000017,COUNTRY,EGY,EMR,Eastern Mediterranean,YEAR,2009,,,,,,,,,0.87 [0.76-0.99],0.87,0.76,0.99,,2025-11-11T14:11:28Z,2009,2009-01-01,2009-12-31
8286226,MDG_0000000017,COUNTRY,SVK,EUR,Europe,YEAR,2024,,,,,,,,,0.51 [0.41-0.61],0.51,0.41,0.61,,2025-11-11T14:11:28Z,2024,2024-01-01,2024-12-31
8286625,MDG_0000000017,COUNTRY,GAB,AFR,Africa,YEAR,2005,,,,,,,,,50 [29-78],50,29,78,,2025-11-11T14:11:28Z,2005,2005-01-01,2005-12-31
8292662,MDG_0000000017,COUNTRY,JAM,AMR,Americas,YEAR,2013,,,,,,,,,0.14 [0.14-0.14],0.14,0.14,0.14,,2025-11-11T14:11:28Z,2013,2013-01-01,2013-12-31
8292906,MDG_0000000017,COUNTRY,PHL,WPR,Western Pacific,YEAR,2014,,,,,,,,,29 [26-32],29,26,32,,2025-11-11T14:11:28Z,2014,2014-01-01,2014-12-31
8293143,MDG_0000000017,COUNTRY,TGO,AFR,Africa,YEAR,2003,,,,,,,,,12 [6.1-21],12,6.1,21,,2025-11-11T14:11:28Z,2003,2003-01-01,2003-12-31
8307330,MDG_0000000017,GLOBAL,GLOBAL,,,YEAR,2017,,,,,,,,,17 [15-18],17,15,18,,2025-11-11T14:11:28Z,2017,2017-01-01,2017-12-31
8311521,MDG_0000000017,COUNTRY,NLD,EUR,Europe,YEAR,2006,,,,,,,,,0.48 [0.47-0.49],0.48,0.47,0.49,,2025-11-11T14:11:28Z,2006,2006-01-01,2006-12-31
8319654,MDG_0000000017,REGION,SEAR,,,YEAR,2001,,,,,,,,,75 [60-91],75,60,91,,2025-11-11T14:11:28Z,2001,2001-01-01,2001-12-31
8319823,MDG_0000000017,REGION,SEAR,,,YEAR,2006,,,,,,,,,53 [43-64],53,43,64,,2025-11-11T14:11:28Z,2006,2006-01-01,2006-12-31
8323918,MDG_0000000017,COUNTRY,UKR,EUR,Europe,YEAR,2005,,,,,,,,,26 [25-27],26,25,27,,2025-11-11T14:11:28Z,2005,2005-01-01,2005-12-31
8330240,MDG_0000000017,COUNTRY,ZAF,AFR,Africa,YEAR,2018,,,,,,,,,37 [35-39],37,35,39,,2025-11-11T14:11:28Z,2018,2018-01-01,2018-12-31
8331772,MDG_0000000017,COUNTRY,BEL,EUR,Europe,YEAR,2019,,,,,,,,,0.53 [0.51-0.55],0.53,0.51,0.55,,2025-11-11T14:11:28Z,2019,2019-01-01,2019-12-31
8336603,MDG_0000000017,COUNTRY,QAT,EMR,Eastern Mediterranean,YEAR,2008,,,,,,,,,0.34 [0.28-0.4],0.34,0.28,0.4,,2025-11-11T14:11:28Z,2008,2008-01-01,2008-12-31
8342471,MDG_0000000017,REGION,AMR,,,YEAR,2011,,,,,,,,,2 [1.9-2.1],2,1.9,2.1,,2025-11-11T14:11:28Z,2011,2011-01-01,2011-12-31
8343046,MDG_0000000017,COUNTRY,EGY,EMR,Eastern Mediterranean,YEAR,2000,,,,,,,,,1.5 [1.2-1.9],1.5,1.2,1.9,,2025-11-11T14:11:28Z,2000,2000-01-01,2000-12-31
8343492,MDG_0000000017,COUNTRY,PER,AMR,Americas,YEAR,2005,,,,,,,,,8.1 [7-9.3],8.1,7,9.3,,2025-11-11T14:11:28Z,2005,2005-01-01,2005-12-31
8343966,MDG_0000000017,COUNTRY,UKR,EUR,Europe,YEAR,2007,,,,,,,,,23 [23-23],23,23,23,,2025-11-11T14:11:28Z,2007,2007-01-01,2007-12-31
8345396,MDG_0000000017,COUNTRY,MLI,AFR,Africa,YEAR,2003,,,,,,,,,15 [8.2-25],15,8.2,25,,2025-11-11T14:11:28Z,2003,2003-01-01,2003-12-31
8348977,MDG_0000000017,COUNTRY,TZA,AFR,Africa,YEAR,2023,,,,,,,,,19 [7.9-36],19,7.9,36,,2025-11-11T14:11:28Z,2023,2023-01-01,2023-12-31
8349435,MDG_0000000017,COUNTRY,GNB,AFR,Africa,YEAR,2012,,,,,,,,,34 [24-47],34,24,47,,2025-11-11T14:11:28Z,2012,2012-01-01,2012-12-31
8349535,MDG_0000000017,COUNTRY,GUY,AMR,Americas,YEAR,2010,,,,,,,,,23 [18-28],23,18,28,,2025-11-11T14:11:28Z,2010,2010-01-01,2010-12-31
8355730,MDG_0000000017,COUNTRY,DJI,EMR,Eastern Mediterranean,YEAR,2003,,,,,,,,,663 [417-965],663,417,965,,2025-11-11T14:11:28Z,2003,2003-01-01,2003-12-31
8363759,MDG_0000000017,COUNTRY,ISR,EUR,Europe,YEAR,2007,,,,,,,,,0.59 [0.57-0.61],0.59,0.57,0.61,,2025-11-11T14:11:28Z,2007,2007-01-01,2007-12-31
8367873,MDG_0000000017,COUNTRY,FJI,WPR,Western Pacific,YEAR,2012,,,,,,,,,3.9 [3.6-4.2],3.9,3.6,4.2,,2025-11-11T14:11:28Z,2012,2012-01-01,2012-12-31
8369933,MDG_0000000017,COUNTRY,VNM,WPR,Western Pacific,YEAR,2009,,,,,,,,,25 [16-37],25,16,37,,2025-11-11T14:11:28Z,2009,2009-01-01,2009-12-31
8375068,MDG_0000000017,COUNTRY,DZA,AFR,Africa,YEAR,2015,,,,,,,,,11 [7.4-15],11,7.4,15,,2025-11-11T14:11:28Z,2015,2015-01-01,2015-12-31
8375128,MDG_0000000017,COUNTRY,QAT,EMR,Eastern Mediterranean,YEAR,2018,,,,,,,,,0.29 [0.23-0.36],0.29,0.23,0.36,,2025-11-11T14:11:28Z,2018,2018-01-01,2018-12-31
8380503,MDG_0000000017,COUNTRY,PSE,EMR,Eastern Mediterranean,YEAR,2001,,,,,,,,,1 [0.7-1.4],1,0.7,1.4,,2025-11-11T14:11:28Z,2001,2001-01-01,2001-12-31
8380870,MDG_0000000017,COUNTRY,COL,AMR,Americas,YEAR,2020,,,,,,,,,2 [2-2.1],2,2,2.1,,2025-11-11T14:11:28Z,2020,2020-01-01,2020-12-31
8382917,MDG_0000000017,COUNTRY,FSM,WPR,Western Pacific,YEAR,2009,,,,,,,,,89 [61-122],89,61,122,,2025-11-11T14:11:28Z,2009,2009-01-01,2009-12-31
8382952,MDG_0000000017,COUNTRY,IND,SEAR,South-East Asia,YEAR,2020,,,,,,,,,21 [16-26],21,16,26,,2025-11-11T14:11:28Z,2020,2020-01-01,2020-12-31
8393477,MDG_0000000017,COUNTRY,GUY,AMR,Americas,YEAR,2021,,,,,,,,,15 [13-18],15,13,18,,2025-11-11T14:11:28Z,2021,2021-01-01,2021-12-31
8393682,MDG_0000000017,COUNTRY,RWA,AFR,Africa,YEAR,2004,,,,,,,,,6.4 [3.4-10],6.4,3.4,10,,2025-11-11T14:11:28Z,2004,2004-01-01,2004-12-31
8394080,MDG_0000000017,COUNTRY,GAB,AFR,Africa,YEAR,2023,,,,,,,,,40 [25-57],40,25,57,,2025-11-11T14:11:28Z,2023,2023-01-01,2023-12-31
8395930,MDG_0000000017,COUNTRY,TCD,AFR,Africa,YEAR,2002,,,,,,,,,23 [14-35],23,14,35,,2025-11-11T14:11:28Z,2002,2002-01-01,2002-12-31
8400911,MDG_0000000017,WORLDBANKINCOMEGROUP,WB_HI,,,YEAR,2014,,,,,,,,,2.2 [2.1-2.2],2.2,2.1,2.2,,2025-11-11T14:11:28Z,2014,2014-01-01,2014-12-31
8415066,MDG_0000000017,COUNTRY,SAU,EMR,Eastern Mediterranean,YEAR,2022,,,,,,,,,0.51 [0.46-0.57],0.51,0.46,0.57,,2025-11-11T14:11:28Z,2022,2022-01-01,2022-12-31
8418671,MDG_0000000017,COUNTRY,DOM,AMR,Americas,YEAR,2016,,,,,,,,,3.3 [1.8-5.2],3.3,1.8,5.2,,2025-11-11T14:11:28Z,2016,2016-01-01,2016-12-31
8425231,MDG_0000000017,COUNTRY,ZAF,AFR,Africa,YEAR,2003,,,,,,,,,67 [64-69],67,64,69,,2025-11-11T14:11:28Z,2003,2003-01-01,2003-12-31
8425513,MDG_0000000017,COUNTRY,PHL,WPR,Western Pacific,YEAR,2001,,,,,,,,,43 [39-48],43,39,48,,2025-11-11T14:11:28Z,2001,2001-01-01,2001-12-31
8431128,MDG_0000000017,COUNTRY,MUS,AFR,Africa,YEAR,2000,,,,,,,,,0.54 [0.52-0.57],0.54,0.52,0.57,,2025-11-11T14:11:28Z,2000,2000-01-01,2000-12-31
8433650,MDG_0000000017,COUNTRY,KOR,WPR,Western Pacific,YEAR,2010,,,,,,,,,6.1 [5.7-6.4],6.1,5.7,6.4,,2025-11-11T14:11:28Z,2010,2010-01-01,2010-12-31
8438060,MDG_0000000017,COUNTRY,SVN,EUR,Europe,YEAR,2017,,,,,,,,,0.35 [0.34-0.35],0.35,0.34,0.35,,2025-11-11T14:11:28Z,2017,2017-01-01,2017-12-31
8439516,MDG_0000000017,COUNTRY,ETH,AFR,Africa,YEAR,2000,,,,,,,,,85 [43-141],85,43,141,,2025-11-11T14:11:28Z,2000,2000-01-01,2000-12-31
8445151,MDG_0000000017,COUNTRY,MLI,AFR,Africa,YEAR,2007,,,,,,,,,16 [9.2-25],16,9.2,25,,2025-11-11T14:11:28Z,2007,2007-01-01,2007-12-31
8445590,MDG_0000000017,COUNTRY,KOR,WPR,Western Pacific,YEAR,2020,,,,,,,,,3.1 [2.9-3.3],3.1,2.9,3.3,,2025-11-11T14:11:28Z,2020,2020-01-01,2020-12-31
8450793,MDG_0000000017,COUNTRY,POL,EUR,Europe,YEAR,2006,,,,,,,,,2.1 [2.1-2.2],2.1,2.1,2.2,,2025-11-11T14:11:28Z,2006,2006-01-01,2006-12-31
8452210,MDG_0000000017,COUNTRY,BDI,AFR,Africa,YEAR,2016,,,,,,,,,21 [14-30],21,14,30,,2025-11-11T14:11:28Z,2016,2016-01-01,2016-12-31
8456766,MDG_0000000017,COUNTRY,SAU,EMR,Eastern Mediterranean,YEAR,2016,,,,,,,,,0.81 [0.71-0.91],0.81,0.71,0.91,,2025-11-11T14:11:28Z,2016,2016-01-01,2016-12-31
8464353,MDG_0000000017,COUNTRY,SRB,EUR,Europe,YEAR,2005,,,,,,,,,3.5 [3.4-3.6],3.5,3.4,3.6,,2025-11-11T14:11:28Z,2005,2005-01-01,2005-12-31
8464672,MDG_0000000017,COUNTRY,AZE,EUR,Europe,YEAR,2021,,,,,,,,,6.2 [5.6-6.7],6.2,5.6,6.7,,2025-11-11T14:11:28Z,2021,2021-01-01,2021-12-31
8465517,MDG_0000000017,COUNTRY,CYP,EUR,Europe,YEAR,2016,,,,,,,,,0.22 [0.18-0.25],0.22,0.18,0.25,,2025-11-11T14:11:28Z,2016,2016-01-01,2016-12-31
8471601,MDG_0000000017,COUNTRY,CHL,AMR,Americas,YEAR,2019,,,,,,,,,1.6 [1.6-1.6],1.6,1.6,1.6,,2025-11-11T14:11:28Z,2019,2019-01-01,2019-12-31
8476768,MDG_0000000017,COUNTRY,SEN,AFR,Africa,YEAR,2015,,,,,,,,,32 [22-44],32,22,44,,2025-11-11T14:11:28Z,2015,2015-01-01,2015-12-31
8490322,MDG_0000000017,COUNTRY,EGY,EMR,Eastern Mediterranean,YEAR,2007,,,,,,,,,1.1 [0.92-1.2],1.1,0.92,1.2,,2025-11-11T14:11:28Z,2007,2007-01-01,2007-12-31
8495216,MDG_0000000017,COUNTRY,PRI,AMR,Americas,YEAR,2004,,,,,,,,,0.52 [0.52-0.52],0.52,0.52,0.52,,2025-11-11T14:11:28Z,2004,2004-01-01,2004-12-31
8509507,MDG_0000000017,COUNTRY,HND,AMR,Americas,YEAR,2024,,,,,,,,,4.5 [3.8-5.3],4.5,3.8,5.3,,2025-11-11T14:11:28Z,2024,2024-01-01,2024-12-31
8510089,MDG_0000000017,COUNTRY,BGD,SEAR,South-East Asia,YEAR,2016,,,,,,,,,39 [25-55],39,25,55,,2025-11-11T14:11:28Z,2016,2016-01-01,2016-12-31
8514008,MDG_0000000017,COUNTRY,PNG,WPR,Western Pacific,YEAR,2010,,,,,,,,,140 [100-187],140,100,187,,2025-11-11T14:11:28Z,2010,2010-01-01,2010-12-31
8514411,MDG_0000000017,COUNTRY,AZE,EUR,Europe,YEAR,2002,,,,,,,,,16 [14-18],16,14,18,,2025-11-11T14:11:28Z,2002,2002-01-01,2002-12-31
8514498,MDG_0000000017,COUNTRY,HRV,EUR,Europe,YEAR,2013,,,,,,,,,1.3 [1.3-1.3],1.3,1.3,1.3,,2025-11-11T14:11:28Z,2013,2013-01-01,2013-12-31
8516079,MDG_0000000017,COUNTRY,PRT,EUR,Europe,YEAR,2002,,,,,,,,,3.7 [3.5-3.9],3.7,3.5,3.9,,2025-11-11T14:11:28Z,2002,2002-01-01,2002-12-31
8522823,MDG_0000000017,COUNTRY,PAN,AMR,Americas,YEAR,2001,,,,,,,,,6.1 [5.8-6.5],6.1,5.8,6.5,,2025-11-11T14:11:28Z,2001,2001-01-01,2001-12-31
8539328,MDG_0000000017,COUNTRY,NAM,AFR,Africa,YEAR,2004,,,,,,,,,72 [28-135],72,28,135,,2025-11-11T14:11:28Z,2004,2004-01-01,2004-12-31
8540730,MDG_0000000017,COUNTRY,ALB,EUR,Europe,YEAR,2022,,,,,,,,,0.35 [0.21-0.53],0.35,0.21,0.53,,2025-11-11T14:11:28Z,2022,2022-01-01,2022-12-31
8542004,MDG_0000000017,COUNTRY,CYP,EUR,Europe,YEAR,2024,,,,,,,,,0.39 [0.36-0.42],0.39,0.36,0.42,,2025-11-11T14:11:28Z,2024,2024-01-01,2024-12-31
8547478,MDG_0000000017,COUNTRY,GNQ,AFR,Africa,YEAR,2005,,,,,,,,,58 [21-114],58,21,114,,2025-11-11T14:11:28Z,2005,2005-01-01,2005-12-31
8553167,MDG_0000000017,COUNTRY,MMR,SEAR,South-East Asia,YEAR,2012,,,,,,,,,77 [43-119],77,43,119,,2025-11-11T14:11:28Z,2012,2012-01-01,2012-12-31
8560924,MDG_0000000017,COUNTRY,CHN,WPR,Western Pacific,YEAR,2021,,,,,,,,,2 [1.8-2.2],2,1.8,2.2,,2025-11-11T14:11:28Z,2021,2021-01-01,2021-12-31
8565903,MDG_0000000017,WORLDBANKINCOMEGROUP,WB_LI,,,YEAR,2015,,,,,,,,,44 [31-59],44,31,59,,2025-11-11T14:11:28Z,2015,2015-01-01,2015-12-31
8571478,MDG_0000000017,COUNTRY,SEN,AFR,Africa,YEAR,2006,,,,,,,,,39 [27-54],39,27,54,,2025-11-11T14:11:28Z,2006,2006-01-01,2006-12-31
8573351,MDG_0000000017,WORLDBANKINCOMEGROUP,WB_UMI,,,YEAR,2003,,,,,,,,,13 [12-13],13,12,13,,2025-11-11T14:11:28Z,2003,2003-01-01,2003-12-31
8573816,MDG_0000000017,COUNTRY,ETH,AFR,Africa,YEAR,2001,,,,,,,,,86 [46-140],86,46,140,,2025-11-11T14:11:28Z,2001,2001-01-01,2001-12-31
8583394,MDG_0000000017,COUNTRY,DNK,EUR,Europe,YEAR,2012,,,,,,,,,0.41 [0.39-0.42],0.41,0.39,0.42,,2025-11-11T14:11:28Z,2012,2012-01-01,2012-12-31
8584329,MDG_0000000017,COUNTRY,COG,AFR,Africa,YEAR,2008,,,,,,,,,61 [41-86],61,41,86,,2025-11-11T14:11:28Z,2008,2008-01-01,2008-12-31
8584668,MDG_0000000017,COUNTRY,BIH,EUR,Europe,YEAR,2011,,,,,,,,,4.6 [4.4-4.8],4.6,4.4,4.8,,2025-11-11T14:11:28Z,2011,2011-01-01,2011-12-31
8589546,MDG_0000000017,COUNTRY,FIN,EUR,Europe,YEAR,2009,,,,,,,,,1 [1-1],1,1,1,,2025-11-11T14:11:28Z,2009,2009-01-01,2009-12-31
8592599,MDG_0000000017,COUNTRY,BLZ,AMR,Americas,YEAR,2007,,,,,,,,,2.6 [2.5-2.6],2.6,2.5,2.6,,2025-11-11T14:11:28Z,2007,2007-01-01,2007-12-31
8610554,MDG_0000000017,COUNTRY,SWE,EUR,Europe,YEAR,2016,,,,,,,,,0.26 [0.26-0.27],0.26,0.26,0.27,,2025-11-11T14:11:28Z,2016,2016-01-01,2016-12-31
8610898,MDG_0000000017,COUNTRY,PRT,EUR,Europe,YEAR,2005,,,,,,,,,3.3 [3.1-3.5],3.3,3.1,3.5,,2025-11-11T14:11:28Z,2005,2005-01-01,2005-12-31
8610912,MDG_0000000017,COUNTRY,TZA,AFR,Africa,YEAR,2004,,,,,,,,,83 [34-152],83,34,152,,2025-11-11T14:11:28Z,2004,2004-01-01,2004-12-31
8617688,MDG_0000000017,COUNTRY,VUT,WPR,Western Pacific,YEAR,2015,,,,,,,,,20 [14-27],20,14,27,,2025-11-11T14:11:28Z,2015,2015-01-01,2015-12-31
8623297,MDG_0000000017,COUNTRY,TCD,AFR,Africa,YEAR,2021,,,,,,,,,21 [13-29],21,13,29,,2025-11-11T14:11:28Z,2021,2021-01-01,2021-12-31
8628238,MDG_0000000017,COUNTRY,CHE,EUR,Europe,YEAR,2018,,,,,,,,,0.3 [0.29-0.3],0.3,0.29,0.3,,2025-11-11T14:11:28Z,2018,2018-01-01,2018-12-31
8629558,MDG_0000000017,COUNTRY,MDA,EUR,Europe,YEAR,2023,,,,,,,,,6.3 [5.2-7.5],6.3,5.2,7.5,,2025-11-11T14:11:28Z,2023,2023-01-01,2023-12-31
8635452,MDG_0000000017,COUNTRY,EST,EUR,Europe,YEAR,2009,,,,,,,,,3.7 [3.7-3.8],3.7,3.7,3.8,,2025-11-11T14:11:28Z,2009,2009-01-01,2009-12-31
8635528,MDG_0000000017,COUNTRY,KWT,EMR,Eastern Mediterranean,YEAR,2001,,,,,,,,,1.2 [1.2-1.2],1.2,1.2,1.2,,2025-11-11T14:11:28Z,2001,2001-01-01,2001-12-31
8636606,MDG_0000000017,COUNTRY,CZE,EUR,Europe,YEAR,2001,,,,,,,,,0.94 [0.92-0.96],0.94,0.92,0.96,,2025-11-11T14:11:28Z,2001,2001-01-01,2001-12-31
8642430,MDG_0000000017,COUNTRY,TUN,EMR,Eastern Mediterranean,YEAR,2009,,,,,,,,,1.6 [1.2-1.9],1.6,1.2,1.9,,2025-11-11T14:11:28Z,2009,2009-01-01,2009-12-31
8646892,MDG_0000000017,COUNTRY,VNM,WPR,Western Pacific,YEAR,2023,,,,,,,,,11 [7-16],11,7,16,,2025-11-11T14:11:28Z,2023,2023-01-01,2023-12-31
8654714,MDG_0000000017,COUNTRY,SYR,EMR,Eastern Mediterranean,YEAR,2014,,,,,,,,,0.13 [0.12-0.15],0.13,0.12,0.15,,2025-11-11T14:11:28Z,2014,2014-01-01,2014-12-31
8661388,MDG_0000000017,COUNTRY,TKM,EUR,Europe,YEAR,2023,,,,,,,,,10 [8.6-12],10,8.6,12,,2025-11-11T14:11:28Z,2023,2023-01-01,2023-12-31
8666761,MDG_0000000017,COUNTRY,TGO,AFR,Africa,YEAR,2007,,,,,,,,,15 [8-23],15,8,23,,2025-11-11T14:11:28Z,2007,2007-01-01,2007-12-31
8667722,MDG_0000000017,COUNTRY,CHE,EUR,Europe,YEAR,2020,,,,,,,,,0.16 [0.15-0.16],0.16,0.15,0.16,,2025-11-11T14:11:28Z,2020,2020-01-01,2020-12-31
8672377,MDG_0000000017,COUNTRY,BIH,EUR,Europe,YEAR,2018,,,,,,,,,2.3 [2.2-2.4],2.3,2.2,2.4,,2025-11-11T14:11:28Z,2018,2018-01-01,2018-12-31
8672962,MDG_0000000017,COUNTRY,QAT,EMR,Eastern Mediterranean,YEAR,2013,,,,,,,,,0.3 [0.25-0.36],0.3,0.25,0.36,,2025-11-11T14:11:28Z,2013,2013-01-01,2013-12-31
8677663,MDG_0000000017,COUNTRY,BGR,EUR,Europe,YEAR,2002,,,,,,,,,4.1 [3.9-4.4],4.1,3.9,4.4,,2025-11-11T14:11:28Z,2002,2002-01-01,2002-12-31
8679998,MDG_0000000017,COUNTRY,GEO,EUR,Europe,YEAR,2006,,,,,,,,,5.7 [5-6.4],5.7,5,6.4,,2025-11-11T14:11:28Z,2006,2006-01-01,2006-12-31
8680522,MDG_0000000017,COUNTRY,NIC,AMR,Americas,YEAR,2005,,,,,,,,,4.3 [4-4.5],4.3,4,4.5,,2025-11-11T14:11:28Z,2005,2005-01-01,2005-12-31
8685918,MDG_0000000017,COUNTRY,PRT,EUR,Europe,YEAR,2024,,,,,,,,,1.4 [1.4-1.5],1.4,1.4,1.5,,2025-11-11T14:11:28Z,2024,2024-01-01,2024-12-31
8692500,MDG_0000000017,WORLDBANKINCOMEGROUP,WB_UMI,,,YEAR,2022,,,,,,,,,8.4 [7.7-9.1],8.4,7.7,9.1,,2025-11-11T14:11:28Z,2022,2022-01-01,2022-12-31
8692621,MDG_0000000017,COUNTRY,CRI,AMR,Americas,YEAR,2023,,,,,,,,,0.82 [0.74-0.91],0.82,0.74,0.91,,2025-11-11T14:11:28Z,2023,2023-01-01,2023-12-31
8698978,MDG_0000000017,COUNTRY,QAT,EMR,Eastern Mediterranean,YEAR,2016,,,,,,,,,0.3 [0.23-0.37],0.3,0.23,0.37,,2025-11-11T14:11:28Z,2016,2016-01-01,2016-12-31
8709470,MDG_0000000017,REGION,EMR,,,YEAR,2003,,,,,,,,,21 [19-23],21,19,23,,2025-11-11T14:11:28Z,2003,2003-01-01,2003-12-31
8710806,MDG_0000000017,COUNTRY,BHR,EMR,Eastern Mediterranean,YEAR,2008,,,,,,,,,0.68 [0.59-0.76],0.68,0.59,0.76,,2025-11-11T14:11:28Z,2008,2008-01-01,2008-12-31
8716136,MDG_0000000017,COUNTRY,DNK,EUR,Europe,YEAR,2003,,,,,,,,,0.51 [0.49-0.52],0.51,0.49,0.52,,2025-11-11T14:11:28Z,2003,2003-01-01,2003-12-31
8717719,MDG_0000000017,COUNTRY,ARM,EUR,Europe,YEAR,2013,,,,,,,,,3.6 [3.6-3.7],3.6,3.6,3.7,,2025-11-11T14:11:28Z,2013,2013-01-01,2013-12-31
8723934,MDG_0000000017,COUNTRY,GNQ,AFR,Africa,YEAR,2023,,,,,,,,,3.5 [0.93-7.6],3.5,0.93,7.6,,2025-11-11T14:11:28Z,2023,2023-01-01,2023-12-31
8728935,MDG_0000000017,COUNTRY,SAU,EMR,Eastern Mediterranean,YEAR,2009,,,,,,,,,1.4 [1.2-1.6],1.4,1.2,1.6,,2025-11-11T14:11:28Z,2009,2009-01-01,2009-12-31
8730147,MDG_0000000017,COUNTRY,EST,EUR,Europe,YEAR,2000,,,,,,,,,10 [8.2-12],10,8.2,12,,2025-11-11T14:11:28Z,2000,2000-01-01,2000-12-31
8734646,MDG_0000000017,WORLDBANKINCOMEGROUP,WB_LI,,,YEAR,2022,,,,,,,,,29 [22-38],29,22,38,,2025-11-11T14:11:28Z,2022,2022-01-01,2022-12-31
8734706,MDG_0000000017,COUNTRY,NPL,SEAR,South-East Asia,YEAR,2022,,,,,,,,,57 [31-91],57,31,91,,2025-11-11T14:11:28Z,2022,2022-01-01,2022-12-31
8735181,MDG_0000000017,GLOBAL,GLOBAL,,,YEAR,2002,,,,,,,,,31 [27-34],31,27,34,,2025-11-11T14:11:28Z,2002,2002-01-01,2002-12-31
8748333,MDG_0000000017,COUNTRY,BRA,AMR,Americas,YEAR,2017,,,,,,,,,2.5 [2.5-2.6],2.5,2.5,2.6,,2025-11-11T14:11:28Z,2017,2017-01-01,2017-12-31
8753832,MDG_0000000017,COUNTRY,CIV,AFR,Africa,YEAR,2006,,,,,,,,,28 [16-44],28,16,44,,2025-11-11T14:11:28Z,2006,2006-01-01,2006-12-31
8755102,MDG_0000000017,COUNTRY,SWE,EUR,Europe,YEAR,2012,,,,,,,,,0.41 [0.41-0.42],0.41,0.41,0.42,,2025-11-11T14:11:28Z,2012,2012-01-01,2012-12-31
8766236,MDG_0000000017,COUNTRY,HRV,EUR,Europe,YEAR,2023,,,,,,,,,0.88 [0.88-0.88],0.88,0.88,0.88,,2025-11-11T14:11:28Z,2023,2023-01-01,2023-12-31
8766539,MDG_0000000017,COUNTRY,NAM,AFR,Africa,YEAR,2007,,,,,,,,,57 [21-111],57,21,111,,2025-11-11T14:11:28Z,2007,2007-01-01,2007-12-31
8772632,MDG_0000000017,COUNTRY,SEN,AFR,Africa,YEAR,2002,,,,,,,,,40 [27-56],40,27,56,,2025-11-11T14:11:28Z,2002,2002-01-01,2002-12-31
8773231,MDG_0000000017,COUNTRY,URY,AMR,Americas,YEAR,2021,,,,,,,,,2.6 [2.4-2.8],2.6,2.4,2.8,,2025-11-11T14:11:28Z,2021,2021-01-01,2021-12-31
8774528,MDG_0000000017,COUNTRY,RWA,AFR,Africa,YEAR,2023,,,,,,,,,1.8 [0.32-4.4],1.8,0.32,4.4,,2025-11-11T14:11:28Z,2023,2023-01-01,2023-12-31
8774673,MDG_0000000017,COUNTRY,USA,AMR,Americas,YEAR,2013,,,,,,,,,0.19 [0.19-0.19],0.19,0.19,0.19,,2025-11-11T14:11:28Z,2013,2013-01-01,2013-12-31
8774992,MDG_0000000017,COUNTRY,KIR,WPR,Western Pacific,YEAR,2022,,,,,,,,,37 [31-43],37,31,43,,2025-11-11T14:11:28Z,2022,2022-01-01,2022-12-31
8779628,MDG_0000000017,COUNTRY,BRN,WPR,Western Pacific,YEAR,2003,,,,,,,,,2.7 [2.7-2.8],2.7,2.7,2.8,,2025-11-11T14:11:28Z,2003,2003-01-01,2003-12-31
8780813,MDG_0000000017,COUNTRY,EGY,EMR,Eastern Mediterranean,YEAR,2013,,,,,,,,,0.33 [0.29-0.37],0.33,0.29,0.37,,2025-11-11T14:11:28Z,2013,2013-01-01,2013-12-31
8781135,MDG_0000000017,COUNTRY,UKR,EUR,Europe,YEAR,2000,,,,,,,,,26 [17-36],26,17,36,,2025-11-11T14:11:28Z,2000,2000-01-01,2000-12-31
8781410,MDG_0000000017,COUNTRY,RWA,AFR,Africa,YEAR,2014,,,,,,,,,5.3 [3.4-7.7],5.3,3.4,7.7,,2025-11-11T14:11:28Z,2014,2014-01-01,2014-12-31
8793210,MDG_0000000017,COUNTRY,ERI,AFR,Africa,YEAR,2014,,,,,,,,,46 [32-63],46,32,63,,2025-11-11T14:11:28Z,2014,2014-01-01,2014-12-31
8798995,MDG_0000000017,COUNTRY,BFA,AFR,Africa,YEAR,2020,,,,,,,,,15 [6.4-27],15,6.4,27,,2025-11-11T14:11:28Z,2020,2020-01-01,2020-12-31
8799405,MDG_0000000017,COUNTRY,ISR,EUR,Europe,YEAR,2001,,,,,,,,,0.88 [0.85-0.9],0.88,0.85,0.9,,2025-11-11T14:11:28Z,2001,2001-01-01,2001-12-31
8806631,MDG_0000000017,COUNTRY,PRT,EUR,Europe,YEAR,2009,,,,,,,,,2.7 [2.5-2.9],2.7,2.5,2.9,,2025-11-11T14:11:28Z,2009,2009-01-01,2009-12-31
8810718,MDG_0000000017,COUNTRY,ECU,AMR,Americas,YEAR,2001,,,,,,,,,10 [8.5-12],10,8.5,12,,2025-11-11T14:11:28Z,2001,2001-01-01,2001-12-31
8811381,MDG_0000000017,COUNTRY,ROU,EUR,Europe,YEAR,2011,,,,,,,,,6.3 [6.3-6.4],6.3,6.3,6.4,,2025-11-11T14:11:28Z,2011,2011-01-01,2011-12-31
8817460,MDG_0000000017,COUNTRY,NPL,SEAR,South-East Asia,YEAR,2018,,,,,,,,,60 [33-94],60,33,94,,2025-11-11T14:11:28Z,2018,2018-01-01,2018-12-31
8822625,MDG_0000000017,COUNTRY,KWT,EMR,Eastern Mediterranean,YEAR,2015,,,,,,,,,0.46 [0.42-0.49],0.46,0.42,0.49,,2025-11-11T14:11:28Z,2015,2015-01-01,2015-12-31
8822976,MDG_0000000017,COUNTRY,GIN,AFR,Africa,YEAR,2007,,,,,,,,,31 [20-43],31,20,43,,2025-11-11T14:11:28Z,2007,2007-01-01,2007-12-31
8825043,MDG_0000000017,COUNTRY,ARG,AMR,Americas,YEAR,2003,,,,,,,,,2.1 [2.1-2.2],2.1,2.1,2.2,,2025-11-11T14:11:28Z,2003,2003-01-01,2003-12-31
8830001,MDG_0000000017,COUNTRY,KIR,WPR,Western Pacific,YEAR,2007,,,,,,,,,43 [37-48],43,37,48,,2025-11-11T14:11:28Z,2007,2007-01-01,2007-12-31
8831060,MDG_0000000017,COUNTRY,BRN,WPR,Western Pacific,YEAR,2016,,,,,,,,,3.7 [3.4-4.1],3.7,3.4,4.1,,2025-11-11T14:11:28Z,2016,2016-01-01,2016-12-31
8842893,MDG_0000000017,COUNTRY,BRN,WPR,Western Pacific,YEAR,2005,,,,,,,,,3.4 [3.4-3.5],3.4,3.4,3.5,,2025-11-11T14:11:28Z,2005,2005-01-01,2005-12-31
8844030,MDG_0000000017,COUNTRY,LBY,EMR,Eastern Mediterranean,YEAR,2003,,,,,,,,,14 [7.1-23],14,7.1,23,,2025-11-11T14:11:28Z,2003,2003-01-01,2003-12-31
8844138,MDG_0000000017,COUNTRY,GAB,AFR,Africa,YEAR,2018,,,,,,,,,59 [38-85],59,38,85,,2025-11-11T14:11:28Z,2018,2018-01-01,2018-12-31
8849048,MDG_0000000017,COUNTRY,COG,AFR,Africa,YEAR,2002,,,,,,,,,60 [40-84],60,40,84,,2025-11-11T14:11:28Z,2002,2002-01-01,2002-12-31
8850428,MDG_0000000017,COUNTRY,SVN,EUR,Europe,YEAR,2006,,,,,,,,,0.9 [0.89-0.91],0.9,0.89,0.91,,2025-11-11T14:11:28Z,2006,2006-01-01,2006-12-31
8850821,MDG_0000000017,WORLDBANKINCOMEGROUP,WB_LMI,,,YEAR,2014,,,,,,,,,32 [28-37],32,28,37,,2025-11-11T14:11:28Z,2014,2014-01-01,2014-12-31
8862493,MDG_0000000017,COUNTRY,LBY,EMR,Eastern Mediterranean,YEAR,2020,,,,,,,,,8.6 [3.3-16],8.6,3.3,16,,2025-11-11T14:11:28Z,2020,2020-01-01,2020-12-31
8869882,MDG_0000000017,COUNTRY,MHL,WPR,Western Pacific,YEAR,2006,,,,,,,,,170 [117-232],170,117,232,,2025-11-11T14:11:28Z,2006,2006-01-01,2006-12-31
8873958,MDG_0000000017,COUNTRY,TGO,AFR,Africa,YEAR,2002,,,,,,,,,11 [4.9-19],11,4.9,19,,2025-11-11T14:11:28Z,2002,2002-01-01,2002-12-31
8875326,MDG_0000000017,COUNTRY,BIH,EUR,Europe,YEAR,2015,,,,,,,,,3.6 [3.4-3.9],3.6,3.4,3.9,,2025-11-11T14:11:28Z,2015,2015-01-01,2015-12-31
8887350,MDG_0000000017,COUNTRY,PAK,EMR,Eastern Mediterranean,YEAR,2011,,,,,,,,,26 [21-31],26,21,31,,2025-11-11T14:11:28Z,2011,2011-01-01,2011-12-31
8898455,MDG_0000000017,COUNTRY,ARM,EUR,Europe,YEAR,2002,,,,,,,,,6.7 [5.6-8],6.7,5.6,8,,2025-11-11T14:11:28Z,2002,2002-01-01,2002-12-31
8911969,MDG_0000000017,COUNTRY,ALB,EUR,Europe,YEAR,2000,,,,,,,,,0.73 [0.59-0.89],0.73,0.59,0.89,,2025-11-11T14:11:28Z,2000,2000-01-01,2000-12-31
8913623,MDG_0000000017,COUNTRY,LBN,EMR,Eastern Mediterranean,YEAR,2023,,,,,,,,,1.7 [1.2-2.3],1.7,1.2,2.3,,2025-11-11T14:11:28Z,2023,2023-01-01,2023-12-31
8919165,MDG_0000000017,COUNTRY,PHL,WPR,Western Pacific,YEAR,2012,,,,,,,,,29 [28-32],29,28,32,,2025-11-11T14:11:28Z,2012,2012-01-01,2012-12-31
8920217,MDG_0000000017,COUNTRY,SAU,EMR,Eastern Mediterranean,YEAR,2014,,,,,,,,,0.94 [0.82-1.1],0.94,0.82,1.1,,2025-11-11T14:11:28Z,2014,2014-01-01,2014-12-31
8926326,MDG_0000000017,COUNTRY,PHL,WPR,Western Pacific,YEAR,2015,,,,,,,,,28 [26-30],28,26,30,,2025-11-11T14:11:28Z,2015,2015-01-01,2015-12-31
8930447,MDG_0000000017,COUNTRY,MDV,SEAR,South-East Asia,YEAR,2006,,,,,,,,,1.9 [1.7-2.2],1.9,1.7,2.2,,2025-11-11T14:11:28Z,2006,2006-01-01,2006-12-31
8930880,MDG_0000000017,COUNTRY,TTO,AMR,Americas,YEAR,2014,,,,,,,,,1.5 [1.4-1.5],1.5,1.4,1.5,,2025-11-11T14:11:28Z,2014,2014-01-01,2014-12-31
8931236,MDG_0000000017,WORLDBANKINCOMEGROUP,WB_LMI,,,YEAR,2016,,,,,,,,,30 [26-34],30,26,34,,2025-11-11T14:11:28Z,2016,2016-01-01,2016-12-31
8931722,MDG_0000000017,COUNTRY,CYP,EUR,Europe,YEAR,2022,,,,,,,,,0.43 [0.4-0.46],0.43,0.4,0.46,,2025-11-11T14:11:28Z,2022,2022-01-01,2022-12-31
8932631,MDG_0000000017,COUNTRY,SAU,EMR,Eastern Mediterranean,YEAR,2008,,,,,,,,,1.5 [1.3-1.7],1.5,1.3,1.7,,2025-11-11T14:11:28Z,2008,2008-01-01,2008-12-31
8933067,MDG_0000000017,COUNTRY,TTO,AMR,Americas,YEAR,2004,,,,,,,,,1.4 [1.4-1.5],1.4,1.4,1.5,,2025-11-11T14:11:28Z,2004,2004-01-01,2004-12-31
8937992,MDG_0000000017,COUNTRY,TKM,EUR,Europe,YEAR,2003,,,,,,,,,20 [18-23],20,18,23,,2025-11-11T14:11:28Z,2003,2003-01-01,2003-12-31
8938812,MDG_0000000017,COUNTRY,NZL,WPR,Western Pacific,YEAR,2003,,,,,,,,,0.67 [0.66-0.67],0.67,0.66,0.67,,2025-11-11T14:11:28Z,2003,2003-01-01,2003-12-31
8939275,MDG_0000000017,COUNTRY,DZA,AFR,Africa,YEAR,2009,,,,,,,,,17 [12-23],17,12,23,,2025-11-11T14:11:28Z,2009,2009-01-01,2009-12-31
8949736,MDG_0000000017,COUNTRY,QAT,EMR,Eastern Mediterranean,YEAR,2007,,,,,,,,,0.32 [0.27-0.38],0.32,0.27,0.38,,2025-11-11T14:11:28Z,2007,2007-01-01,2007-12-31
8951561,MDG_0000000017,COUNTRY,ROU,EUR,Europe,YEAR,2023,,,,,,,,,5 [3.3-7.2],5,3.3,7.2,,2025-11-11T14:11:28Z,2023,2023-01-01,2023-12-31
8957669,MDG_0000000017,COUNTRY,HUN,EUR,Europe,YEAR,2006,,,,,,,,,1.8 [1.8-1.8],1.8,1.8,1.8,,2025-11-11T14:11:28Z,2006,2006-01-01,2006-12-31
8962848,MDG_0000000017,COUNTRY,IDN,WPR,Western Pacific,YEAR,2018,,,,,,,,,35 [33-37],35,33,37,,2025-11-11T14:11:28Z,2018,2018-01-01,2018-12-31
8963567,MDG_0000000017,COUNTRY,CZE,EUR,Europe,YEAR,2017,,,,,,,,,0.36 [0.35-0.36],0.36,0.35,0.36,,2025-11-11T14:11:28Z,2017,2017-01-01,2017-12-31
8965135,MDG_0000000017,REGION,EUR,,,YEAR,2007,,,,,,,,,6.5 [6.4-6.6],6.5,6.4,6.6,,2025-11-11T14:11:28Z,2007,2007-01-01,2007-12-31
8968813,MDG_0000000017,COUNTRY,HRV,EUR,Europe,YEAR,2022,,,,,,,,,0.88 [0.88-0.88],0.88,0.88,0.88,,2025-11-11T14:11:28Z,2022,2022-01-01,2022-12-31
8970336,MDG_0000000017,REGION,EMR,,,YEAR,2019,,,,,,,,,10 [8.9-12],10,8.9,12,,2025-11-11T14:11:28Z,2019,2019-01-01,2019-12-31
8976147,MDG_0000000017,COUNTRY,AUS,WPR,Western Pacific,YEAR,2024,,,,,,,,,0.13 [0.13-0.14],0.13,0.13,0.14,,2025-11-11T14:11:28Z,2024,2024-01-01,2024-12-31
8981653,MDG_0000000017,COUNTRY,ALB,EUR,Europe,YEAR,2010,,,,,,,,,0.29 [0.15-0.48],0.29,0.15,0.48,,2025-11-11T14:11:28Z,2010,2010-01-01,2010-12-31
8983202,MDG_0000000017,COUNTRY,KIR,WPR,Western Pacific,YEAR,2014,,,,,,,,,39 [34-45],39,34,45,,2025-11-11T14:11:28Z,2014,2014-01-01,2014-12-31
8983418,MDG_0000000017,COUNTRY,TZA,AFR,Africa,YEAR,2022,,,,,,,,,18 [8.1-33],18,8.1,33,,2025-11-11T14:11:28Z,2022,2022-01-01,2022-12-31
8983875,MDG_0000000017,COUNTRY,TJK,EUR,Europe,YEAR,2021,,,,,,,,,8 [7.1-9],8,7.1,9,,2025-11-11T14:11:28Z,2021,2021-01-01,2021-12-31
8994241,MDG_0000000017,COUNTRY,ALB,EUR,Europe,YEAR,2001,,,,,,,,,0.65 [0.54-0.78],0.65,0.54,0.78,,2025-11-11T14:11:28Z,2001,2001-01-01,2001-12-31
8996082,MDG_0000000017,COUNTRY,STP,AFR,Africa,YEAR,2023,,,,,,,,,11 [7.6-15],11,7.6,15,,2025-11-11T14:11:28Z,2023,2023-01-01,2023-12-31
8996619,MDG_0000000017,COUNTRY,ARG,AMR,Americas,YEAR,2023,,,,,,,,,1.2 [1-1.3],1.2,1,1.3,,2025-11-11T14:11:28Z,2023,2023-01-01,2023-12-31
9000610,MDG_0000000017,COUNTRY,AUT,EUR,Europe,YEAR,2021,,,,,,,,,0.35 [0.34-0.36],0.35,0.34,0.36,,2025-11-11T14:11:28Z,2021,2021-01-01,2021-12-31
9006821,MDG_0000000017,COUNTRY,KHM,WPR,Western Pacific,YEAR,2018,,,,,,,,,18 [9-31],18,9,31,,2025-11-11T14:11:28Z,2018,2018-01-01,2018-12-31
9008804,MDG_0000000017,COUNTRY,STP,AFR,Africa,YEAR,2011,,,,,,,,,37 [25-50],37,25,50,,2025-11-11T14:11:28Z,2011,2011-01-01,2011-12-31
9020354,MDG_0000000017,COUNTRY,HUN,EUR,Europe,YEAR,2009,,,,,,,,,1.7 [1.7-1.7],1.7,1.7,1.7,,2025-11-11T14:11:28Z,2009,2009-01-01,2009-12-31
9021304,MDG_0000000017,COUNTRY,KGZ,EUR,Europe,YEAR,2022,,,,,,,,,4.2 [3.7-4.7],4.2,3.7,4.7,,2025-11-11T14:11:28Z,2022,2022-01-01,2022-12-31
9027376,MDG_0000000017,WORLDBANKINCOMEGROUP,WB_HI,,,YEAR,2004,,,,,,,,,4.1 [4-4.2],4.1,4,4.2,,2025-11-11T14:11:28Z,2004,2004-01-01,2004-12-31
9034791,MDG_0000000017,WORLDBANKINCOMEGROUP,WB_LMI,,,YEAR,2013,,,,,,,,,34 [29-39],34,29,39,,2025-11-11T14:11:28Z,2013,2013-01-01,2013-12-31
9051853,MDG_0000000017,COUNTRY,LAO,WPR,Western Pacific,YEAR,2020,,,,,,,,,19 [12-29],19,12,29,,2025-11-11T14:11:28Z,2020,2020-01-01,2020-12-31
9052188,MDG_0000000017,COUNTRY,SYR,EMR,Eastern Mediterranean,YEAR,2003,,,,,,,,,0.38 [0.27-0.51],0.38,0.27,0.51,,2025-11-11T14:11:28Z,2003,2003-01-01,2003-12-31
9053781,MDG_0000000017,COUNTRY,LKA,SEAR,South-East Asia,YEAR,2015,,,,,,,,,3.7 [3.3-4.2],3.7,3.3,4.2,,2025-11-11T14:11:28Z,2015,2015-01-01,2015-12-31
9058342,MDG_0000000017,COUNTRY,MMR,SEAR,South-East Asia,YEAR,2001,,,,,,,,,213 [116-338],213,116,338,,2025-11-11T14:11:28Z,2001,2001-01-01,2001-12-31
9066196,MDG_0000000017,REGION,SEAR,,,YEAR,2009,,,,,,,,,44 [35-53],44,35,53,,2025-11-11T14:11:28Z,2009,2009-01-01,2009-12-31
9070818,MDG_0000000017,COUNTRY,TZA,AFR,Africa,YEAR,2006,,,,,,,,,81 [33-149],81,33,149,,2025-11-11T14:11:28Z,2006,2006-01-01,2006-12-31
9083936,MDG_0000000017,COUNTRY,PRI,AMR,Americas,YEAR,2008,,,,,,,,,0.39 [0.39-0.39],0.39,0.39,0.39,,2025-11-11T14:11:28Z,2008,2008-01-01,2008-12-31
9089732,MDG_0000000017,COUNTRY,ZMB,AFR,Africa,YEAR,2000,,,,,,,,,36 [12-72],36,12,72,,2025-11-11T14:11:28Z,2000,2000-01-01,2000-12-31
9090294,MDG_0000000017,COUNTRY,HTI,AMR,Americas,YEAR,2015,,,,,,,,,10 [6.9-14],10,6.9,14,,2025-11-11T14:11:28Z,2015,2015-01-01,2015-12-31
9090658,MDG_0000000017,COUNTRY,ETH,AFR,Africa,YEAR,2002,,,,,,,,,80 [43-128],80,43,128,,2025-11-11T14:11:28Z,2002,2002-01-01,2002-12-31
9095148,MDG_0000000017,COUNTRY,BLZ,AMR,Americas,YEAR,2023,,,,,,,,,1.6 [0.64-2.9],1.6,0.64,2.9,,2025-11-11T14:11:28Z,2023,2023-01-01,2023-12-31
9104301,MDG_0000000017,COUNTRY,LBR,AFR,Africa,YEAR,2018,,,,,,,,,39 [28-53],39,28,53,,2025-11-11T14:11:28Z,2018,2018-01-01,2018-12-31
9108778,MDG_0000000017,COUNTRY,HRV,EUR,Europe,YEAR,2007,,,,,,,,,2.3 [2.3-2.4],2.3,2.3,2.4,,2025-11-11T14:11:28Z,2007,2007-01-01,2007-12-31
9114277,MDG_0000000017,COUNTRY,AZE,EUR,Europe,YEAR,2016,,,,,,,,,5.9 [5.4-6.4],5.9,5.4,6.4,,2025-11-11T14:11:28Z,2016,2016-01-01,2016-12-31
9115251,MDG_0000000017,COUNTRY,SVK,EUR,Europe,YEAR,2000,,,,,,,,,0.99 [0.98-0.99],0.99,0.98,0.99,,2025-11-11T14:11:28Z,2000,2000-01-01,2000-12-31
9122664,MDG_0000000017,COUNTRY,SUR,AMR,Americas,YEAR,2018,,,,,,,,,2.3 [2-2.5],2.3,2,2.5,,2025-11-11T14:11:28Z,2018,2018-01-01,2018-12-31
9127820,MDG_0000000017,COUNTRY,SWE,EUR,Europe,YEAR,2000,,,,,,,,,0.8 [0.79-0.81],0.8,0.79,0.81,,2025-11-11T14:11:28Z,2000,2000-01-01,2000-12-31
9129045,MDG_0000000017,COUNTRY,GEO,EUR,Europe,YEAR,2023,,,,,,,,,1.7 [1.1-2.5],1.7,1.1,2.5,,2025-11-11T14:11:28Z,2023,2023-01-01,2023-12-31
9129393,MDG_0000000017,COUNTRY,TZA,AFR,Africa,YEAR,2016,,,,,,,,,49 [22-87],49,22,87,,2025-11-11T14:11:28Z,2016,2016-01-01,2016-12-31
9129778,MDG_0000000017,COUNTRY,GUY,AMR,Americas,YEAR,2005,,,,,,,,,14 [13-15],14,13,15,,2025-11-11T14:11:28Z,2005,2005-01-01,2005-12-31
9134950,MDG_0000000017,COUNTRY,BGD,SEAR,South-East Asia,YEAR,2019,,,,,,,,,24 [15-34],24,15,34,,2025-11-11T14:11:28Z,2019,2019-01-01,2019-12-31
9140326,MDG_0000000017,COUNTRY,THA,SEAR,South-East Asia,YEAR,2005,,,,,,,,,16 [9.8-24],16,9.8,24,,2025-11-11T14:11:28Z,2005,2005-01-01,2005-12-31
9141678,MDG_0000000017,COUNTRY,MEX,AMR,Americas,YEAR,2002,,,,,,,,,3.4 [3.3-3.5],3.4,3.3,3.5,,2025-11-11T14:11:28Z,2002,2002-01-01,2002-12-31
9147573,MDG_0000000017,COUNTRY,IRN,EMR,Eastern Mediterranean,YEAR,2000,,,,,,,,,0.89 [0.77-1],0.89,0.77,1,,2025-11-11T14:11:28Z,2000,2000-01-01,2000-12-31
9147711,MDG_0000000017,COUNTRY,SLV,AMR,Americas,YEAR,2007,,,,,,,,,1.6 [1.4-1.8],1.6,1.4,1.8,,2025-11-11T14:11:28Z,2007,2007-01-01,2007-12-31
9152817,MDG_0000000017,COUNTRY,ITA,EUR,Europe,YEAR,2013,,,,,,,,,0.45 [0.44-0.45],0.45,0.44,0.45,,2025-11-11T14:11:28Z,2013,2013-01-01,2013-12-31
9153675,MDG_0000000017,COUNTRY,LUX,EUR,Europe,YEAR,2020,,,,,,,,,0.16 [0.16-0.16],0.16,0.16,0.16,,2025-11-11T14:11:28Z,2020,2020-01-01,2020-12-31
9153845,MDG_0000000017,COUNTRY,CHE,EUR,Europe,YEAR,2009,,,,,,,,,0.34 [0.34-0.35],0.34,0.34,0.35,,2025-11-11T14:11:28Z,2009,2009-01-01,2009-12-31
9171930,MDG_0000000017,COUNTRY,GRC,EUR,Europe,YEAR,2019,,,,,,,,,0.41 [0.39-0.43],0.41,0.39,0.43,,2025-11-11T14:11:28Z,2019,2019-01-01,2019-12-31
9178630,MDG_0000000017,COUNTRY,CHE,EUR,Europe,YEAR,2005,,,,,,,,,0.4 [0.39-0.41],0.4,0.39,0.41,,2025-11-11T14:11:28Z,2005,2005-01-01,2005-12-31
9179281,MDG_0000000017,COUNTRY,BDI,AFR,Africa,YEAR,2008,,,,,,,,,29 [18-42],29,18,42,,2025-11-11T14:11:28Z,2008,2008-01-01,2008-12-31
9179872,MDG_0000000017,COUNTRY,VNM,WPR,Western Pacific,YEAR,2018,,,,,,,,,11 [7-16],11,7,16,,2025-11-11T14:11:28Z,2018,2018-01-01,2018-12-31
9180347,MDG_0000000017,COUNTRY,KHM,WPR,Western Pacific,YEAR,2017,,,,,,,,,19 [9.5-32],19,9.5,32,,2025-11-11T14:11:28Z,2017,2017-01-01,2017-12-31
9184571,MDG_0000000017,COUNTRY,NZL,WPR,Western Pacific,YEAR,2011,,,,,,,,,0.34 [0.34-0.34],0.34,0.34,0.34,,2025-11-11T14:11:28Z,2011,2011-01-01,2011-12-31
9198603,MDG_0000000017,COUNTRY,TGO,AFR,Africa,YEAR,2005,,,,,,,,,13 [6.8-21],13,6.8,21,,2025-11-11T14:11:28Z,2005,2005-01-01,2005-12-31
9198651,MDG_0000000017,COUNTRY,AUT,EUR,Europe,YEAR,2008,,,,,,,,,0.59 [0.59-0.6],0.59,0.59,0.6,,2025-11-11T14:11:28Z,2008,2008-01-01,2008-12-31
9199602,MDG_0000000017,REGION,AMR,,,YEAR,2010,,,,,,,,,2.1 [2-2.2],2.1,2,2.2,,2025-11-11T14:11:28Z,2010,2010-01-01,2010-12-31
9204322,MDG_0000000017,COUNTRY,SOM,EMR,Eastern Mediterranean,YEAR,2013,,,,,,,,,39 [27-53],39,27,53,,2025-11-11T14:11:28Z,2013,2013-01-01,2013-12-31
9209430,MDG_0000000017,COUNTRY,VUT,WPR,Western Pacific,YEAR,2006,,,,,,,,,50 [38-63],50,38,63,,2025-11-11T14:11:28Z,2006,2006-01-01,2006-12-31
9209713,MDG_0000000017,COUNTRY,NOR,EUR,Europe,YEAR,2010,,,,,,,,,0.58 [0.57-0.6],0.58,0.57,0.6,,2025-11-11T14:11:28Z,2010,2010-01-01,2010-12-31
9211944,MDG_0000000017,COUNTRY,CZE,EUR,Europe,YEAR,2010,,,,,,,,,0.38 [0.38-0.38],0.38,0.38,0.38,,2025-11-11T14:11:28Z,2010,2010-01-01,2010-12-31
9217500,MDG_0000000017,COUNTRY,TJK,EUR,Europe,YEAR,2010,,,,,,,,,11 [9.8-12],11,9.8,12,,2025-11-11T14:11:28Z,2010,2010-01-01,2010-12-31
9236306,MDG_0000000017,COUNTRY,ZAF,AFR,Africa,YEAR,2008,,,,,,,,,63 [60-65],63,60,65,,2025-11-11T14:11:28Z,2008,2008-01-01,2008-12-31
9237168,MDG_0000000017,COUNTRY,RWA,AFR,Africa,YEAR,2006,,,,,,,,,7.3 [4.7-11],7.3,4.7,11,,2025-11-11T14:11:28Z,2006,2006-01-01,2006-12-31
9240957,MDG_0000000017,COUNTRY,COG,AFR,Africa,YEAR,2020,,,,,,,,,36 [24-49],36,24,49,,2025-11-11T14:11:28Z,2020,2020-01-01,2020-12-31
9241494,MDG_0000000017,COUNTRY,TLS,SEAR,South-East Asia,YEAR,2007,,,,,,,,,228 [167-297],228,167,297,,2025-11-11T14:11:28Z,2007,2007-01-01,2007-12-31
9248114,MDG_0000000017,COUNTRY,CRI,AMR,Americas,YEAR,2006,,,,,,,,,1.4 [1.4-1.5],1.4,1.4,1.5,,2025-11-11T14:11:28Z,2006,2006-01-01,2006-12-31
9261513,MDG_0000000017,COUNTRY,GUY,AMR,Americas,YEAR,2007,,,,,,,,,17 [12-24],17,12,24,,2025-11-11T14:11:28Z,2007,2007-01-01,2007-12-31
9263016,MDG_0000000017,COUNTRY,EST,EUR,Europe,YEAR,2022,,,,,,,,,0.88 [0.85-0.92],0.88,0.85,0.92,,2025-11-11T14:11:28Z,2022,2022-01-01,2022-12-31
9267019,MDG_0000000017,COUNTRY,NPL,SEAR,South-East Asia,YEAR,2016,,,,,,,,,65 [37-102],65,37,102,,2025-11-11T14:11:28Z,2016,2016-01-01,2016-12-31
9269258,MDG_0000000017,COUNTRY,BTN,SEAR,South-East Asia,YEAR,2020,,,,,,,,,39 [27-53],39,27,53,,2025-11-11T14:11:28Z,2020,2020-01-01,2020-12-31
9273311,MDG_0000000017,COUNTRY,MAC,,,YEAR,2001,,,,,,,,,63 [44-87],63,44,87,,2025-11-11T14:11:28Z,2001,2001-01-01,2001-12-31
9281847,MDG_0000000017,COUNTRY,MDA,EUR,Europe,YEAR,2016,,,,,,,,,7.1 [7.1-7.1],7.1,7.1,7.1,,2025-11-11T14:11:28Z,2016,2016-01-01,2016-12-31
9281989,MDG_0000000017,COUNTRY,ARE,EMR,Eastern Mediterranean,YEAR,2005,,,,,,,,,0.66 [0.48-0.87],0.66,0.48,0.87,,2025-11-11T14:11:28Z,2005,2005-01-01,2005-12-31
9287289,MDG_0000000017,COUNTRY,TUR,EUR,Europe,YEAR,2021,,,,,,,,,0.36 [0.34-0.37],0.36,0.34,0.37,,2025-11-11T14:11:28Z,2021,2021-01-01,2021-12-31
9288330,MDG_0000000017,COUNTRY,SEN,AFR,Africa,YEAR,2000,,,,,,,,,35 [23-49],35,23,49,,2025-11-11T14:11:28Z,2000,2000-01-01,2000-12-31
9291889,MDG_0000000017,COUNTRY,BTN,SEAR,South-East Asia,YEAR,2019,,,,,,,,,45 [31-61],45,31,61,,2025-11-11T14:11:28Z,2019,2019-01-01,2019-12-31
9292326,MDG_0000000017,COUNTRY,GUY,AMR,Americas,YEAR,2001,,,,,,,,,9.7 [8.6-11],9.7,8.6,11,,2025-11-11T14:11:28Z,2001,2001-01-01,2001-12-31
9294731,MDG_0000000017,COUNTRY,ITA,EUR,Europe,YEAR,2002,,,,,,,,,0.8 [0.79-0.8],0.8,0.79,0.8,,2025-11-11T14:11:28Z,2002,2002-01-01,2002-12-31
9300592,MDG_0000000017,COUNTRY,ARE,EMR,Eastern Mediterranean,YEAR,2013,,,,,,,,,0.67 [0.39-1],0.67,0.39,1,,2025-11-11T14:11:28Z,2013,2013-01-01,2013-12-31
9304425,MDG_0000000017,COUNTRY,GMB,AFR,Africa,YEAR,2014,,,,,,,,,20 [13-28],20,13,28,,2025-11-11T14:11:28Z,2014,2014-01-01,2014-12-31
9311473,MDG_0000000017,COUNTRY,LTU,EUR,Europe,YEAR,2001,,,,,,,,,12 [10-15],12,10,15,,2025-11-11T14:11:28Z,2001,2001-01-01,2001-12-31
9311528,MDG_0000000017,COUNTRY,TKM,EUR,Europe,YEAR,2013,,,,,,,,,8.7 [7.4-10],8.7,7.4,10,,2025-11-11T14:11:28Z,2013,2013-01-01,2013-12-31
9317859,MDG_0000000017,COUNTRY,ZWE,AFR,Africa,YEAR,2006,,,,,,,,,35 [14-66],35,14,66,,2025-11-11T14:11:28Z,2006,2006-01-01,2006-12-31
9331724,MDG_0000000017,COUNTRY,SGP,WPR,Western Pacific,YEAR,2012,,,,,,,,,1.3 [1.2-1.5],1.3,1.2,1.5,,2025-11-11T14:11:28Z,2012,2012-01-01,2012-12-31
9338410,MDG_0000000017,COUNTRY,ECU,AMR,Americas,YEAR,2023,,,,,,,,,3 [2.5-3.5],3,2.5,3.5,,2025-11-11T14:11:28Z,2023,2023-01-01,2023-12-31
9345279,MDG_0000000017,COUNTRY,CUB,AMR,Americas,YEAR,2006,,,,,,,,,0.42 [0.42-0.42],0.42,0.42,0.42,,2025-11-11T14:11:28Z,2006,2006-01-01,2006-12-31
9345368,MDG_0000000017,COUNTRY,LKA,SEAR,South-East Asia,YEAR,2012,,,,,,,,,3.7 [3.3-4.2],3.7,3.3,4.2,,2025-11-11T14:11:28Z,2012,2012-01-01,2012-12-31
9351022,MDG_0000000017,COUNTRY,FRA,EUR,Europe,YEAR,2000,,,,,,,,,1.9 [1.9-2],1.9,1.9,2,,2025-11-11T14:11:28Z,2000,2000-01-01,2000-12-31
9351805,MDG_0000000017,COUNTRY,USA,AMR,Americas,YEAR,2018,,,,,,,,,0.17 [0.17-0.17],0.17,0.17,0.17,,2025-11-11T14:11:28Z,2018,2018-01-01,2018-12-31
9361708,MDG_0000000017,COUNTRY,BDI,AFR,Africa,YEAR,2010,,,,,,,,,26 [18-36],26,18,36,,2025-11-11T14:11:28Z,2010,2010-01-01,2010-12-31
9362375,MDG_0000000017,REGION,EMR,,,YEAR,2000,,,,,,,,,22 [20-24],22,20,24,,2025-11-11T14:11:28Z,2000,2000-01-01,2000-12-31
9364231,MDG_0000000017,COUNTRY,COG,AFR,Africa,YEAR,2017,,,,,,,,,43 [29-59],43,29,59,,2025-11-11T14:11:28Z,2017,2017-01-01,2017-12-31
9368209,MDG_0000000017,COUNTRY,GIN,AFR,Africa,YEAR,2002,,,,,,,,,26 [17-38],26,17,38,,2025-11-11T14:11:28Z,2002,2002-01-01,2002-12-31
9368699,MDG_0000000017,COUNTRY,DJI,EMR,Eastern Mediterranean,YEAR,2001,,,,,,,,,1120 [713-1620],1120,713,1620,,2025-11-11T14:11:28Z,2001,2001-01-01,2001-12-31
9375786,MDG_0000000017,COUNTRY,GNB,AFR,Africa,YEAR,2014,,,,,,,,,26 [18-36],26,18,36,,2025-11-11T14:11:28Z,2014,2014-01-01,2014-12-31
9406494,MDG_0000000017,COUNTRY,FRA,EUR,Europe,YEAR,2009,,,,,,,,,1.1 [1-1.1],1.1,1,1.1,,2025-11-11T14:11:28Z,2009,2009-01-01,2009-12-31
9407749,MDG_0000000017,COUNTRY,BLR,EUR,Europe,YEAR,2002,,,,,,,,,11 [10-12],11,10,12,,2025-11-11T14:11:28Z,2002,2002-01-01,2002-12-31
9407935,MDG_0000000017,COUNTRY,NGA,AFR,Africa,YEAR,2021,,,,,,,,,53 [31-81],53,31,81,,2025-11-11T14:11:28Z,2021,2021-01-01,2021-12-31
9408018,MDG_0000000017,REGION,AFR,,,YEAR,2022,,,,,,,,,30 [24-36],30,24,36,,2025-11-11T14:11:28Z,2022,2022-01-01,2022-12-31
9412836,MDG_0000000017,COUNTRY,BRN,WPR,Western Pacific,YEAR,2023,,,,,,,,,5.3 [4.5-6.1],5.3,4.5,6.1,,2025-11-11T14:11:28Z,2023,2023-01-01,2023-12-31
9412877,MDG_0000000017,COUNTRY,NZL,WPR,Western Pacific,YEAR,2001,,,,,,,,,0.28 [0.28-0.28],0.28,0.28,0.28,,2025-11-11T14:11:28Z,2001,2001-01-01,2001-12-31
9414432,MDG_0000000017,COUNTRY,SLE,AFR,Africa,YEAR,2021,,,,,,,,,71 [31-127],71,31,127,,2025-11-11T14:11:28Z,2021,2021-01-01,2021-12-31
9414951,MDG_0000000017,COUNTRY,VEN,AMR,Americas,YEAR,2023,,,,,,,,,2.3 [1.6-3.1],2.3,1.6,3.1,,2025-11-11T14:11:28Z,2023,2023-01-01,2023-12-31
9418629,MDG_0000000017,COUNTRY,KEN,AFR,Africa,YEAR,2019,,,,,,,,,37 [21-58],37,21,58,,2025-11-11T14:11:28Z,2019,2019-01-01,2019-12-31
9421060,MDG_0000000017,COUNTRY,CAN,AMR,Americas,YEAR,2024,,,,,,,,,0.21 [0.2-0.22],0.21,0.2,0.22,,2025-11-11T14:11:28Z,2024,2024-01-01,2024-12-31
9427624,MDG_0000000017,COUNTRY,KGZ,EUR,Europe,YEAR,2006,,,,,,,,,16 [15-17],16,15,17,,2025-11-11T14:11:28Z,2006,2006-01-01,2006-12-31
9427693,MDG_0000000017,COUNTRY,PHL,WPR,Western Pacific,YEAR,2017,,,,,,,,,28 [25-31],28,25,31,,2025-11-11T14:11:28Z,2017,2017-01-01,2017-12-31
9433479,MDG_0000000017,WORLDBANKINCOMEGROUP,WB_LMI,,,YEAR,2015,,,,,,,,,31 [27-36],31,27,36,,2025-11-11T14:11:28Z,2015,2015-01-01,2015-12-31
9433505,MDG_0000000017,COUNTRY,EST,EUR,Europe,YEAR,2007,,,,,,,,,4.7 [4.6-4.8],4.7,4.6,4.8,,2025-11-11T14:11:28Z,2007,2007-01-01,2007-12-31
9433513,MDG_0000000017,COUNTRY,STP,AFR,Africa,YEAR,2003,,,,,,,,,72 [50-99],72,50,99,,2025-11-11T14:11:28Z,2003,2003-01-01,2003-12-31
9452331,MDG_0000000017,COUNTRY,ERI,AFR,Africa,YEAR,2013,,,,,,,,,57 [39-78],57,39,78,,2025-11-11T14:11:28Z,2013,2013-01-01,2013-12-31
9457036,MDG_0000000017,COUNTRY,TUN,EMR,Eastern Mediterranean,YEAR,2019,,,,,,,,,1.2 [0.85-1.5],1.2,0.85,1.5,,2025-11-11T14:11:28Z,2019,2019-01-01,2019-12-31
9458472,MDG_0000000017,COUNTRY,KWT,EMR,Eastern Mediterranean,YEAR,2021,,,,,,,,,0.37 [0.34-0.4],0.37,0.34,0.4,,2025-11-11T14:11:28Z,2021,2021-01-01,2021-12-31
9459703,MDG_0000000017,COUNTRY,KWT,EMR,Eastern Mediterranean,YEAR,2014,,,,,,,,,0.15 [0.14-0.15],0.15,0.14,0.15,,2025-11-11T14:11:28Z,2014,2014-01-01,2014-12-31
9462943,MDG_0000000017,COUNTRY,CHL,AMR,Americas,YEAR,2005,,,,,,,,,3.8 [3.7-3.8],3.8,3.7,3.8,,2025-11-11T14:11:28Z,2005,2005-01-01,2005-12-31
9463269,MDG_0000000017,COUNTRY,ECU,AMR,Americas,YEAR,2000,,,,,,,,,12 [10-14],12,10,14,,2025-11-11T14:11:28Z,2000,2000-01-01,2000-12-31
9464589,MDG_0000000017,COUNTRY,BGD,SEAR,South-East Asia,YEAR,2014,,,,,,,,,46 [29-65],46,29,65,,2025-11-11T14:11:28Z,2014,2014-01-01,2014-12-31
9464921,MDG_0000000017,COUNTRY,ARE,EMR,Eastern Mediterranean,YEAR,2011,,,,,,,,,0.67 [0.39-1],0.67,0.39,1,,2025-11-11T14:11:28Z,2011,2011-01-01,2011-12-31
9475902,MDG_0000000017,COUNTRY,COG,AFR,Africa,YEAR,2003,,,,,,,,,75 [50-104],75,50,104,,2025-11-11T14:11:28Z,2003,2003-01-01,2003-12-31
9491347,MDG_0000000017,COUNTRY,AFG,EMR,Eastern Mediterranean,YEAR,2001,,,,,,,,,55 [37-76],55,37,76,,2025-11-11T14:11:28Z,2001,2001-01-01,2001-12-31
9497290,MDG_0000000017,COUNTRY,GEO,EUR,Europe,YEAR,2009,,,,,,,,,5.8 [5.1-6.5],5.8,5.1,6.5,,2025-11-11T14:11:28Z,2009,2009-01-01,2009-12-31
9497296,MDG_0000000017,COUNTRY,ISR,EUR,Europe,YEAR,2022,,,,,,,,,0.13 [0.13-0.14],0.13,0.13,0.14,,2025-11-11T14:11:28Z,2022,2022-01-01,2022-12-31
9507722,MDG_0000000017,COUNTRY,COG,AFR,Africa,YEAR,2022,,,,,,,,,25 [17-36],25,17,36,,2025-11-11T14:11:28Z,2022,2022-01-01,2022-12-31
9509941,MDG_0000000017,COUNTRY,URY,AMR,Americas,YEAR,2024,,,,,,,,,5.4 [4.5-6.4],5.4,4.5,6.4,,2025-11-11T14:11:28Z,2024,2024-01-01,2024-12-31
9514338,MDG_0000000017,COUNTRY,COL,AMR,Americas,YEAR,2023,,,,,,,,,4 [3.3-4.8],4,3.3,4.8,,2025-11-11T14:11:28Z,2023,2023-01-01,2023-12-31
9521813,MDG_0000000017,COUNTRY,DEU,EUR,Europe,YEAR,2010,,,,,,,,,0.43 [0.43-0.44],0.43,0.43,0.44,,2025-11-11T14:11:28Z,2010,2010-01-01,2010-12-31
9521919,MDG_0000000017,COUNTRY,JAM,AMR,Americas,YEAR,2014,,,,,,,,,0.25 [0.25-0.25],0.25,0.25,0.25,,2025-11-11T14:11:28Z,2014,2014-01-01,2014-12-31
9527346,MDG_0000000017,COUNTRY,ERI,AFR,Africa,YEAR,2010,,,,,,,,,62 [42-86],62,42,86,,2025-11-11T14:11:28Z,2010,2010-01-01,2010-12-31
9527693,MDG_0000000017,COUNTRY,FIN,EUR,Europe,YEAR,2015,,,,,,,,,0.61 [0.61-0.61],0.61,0.61,0.61,,2025-11-11T14:11:28Z,2015,2015-01-01,2015-12-31
9535621,MDG_0000000017,COUNTRY,MLI,AFR,Africa,YEAR,2023,,,,,,,,,7.9 [3.2-15],7.9,3.2,15,,2025-11-11T14:11:28Z,2023,2023-01-01,2023-12-31
9539863,MDG_0000000017,COUNTRY,KIR,WPR,Western Pacific,YEAR,2016,,,,,,,,,38 [32-44],38,32,44,,2025-11-11T14:11:28Z,2016,2016-01-01,2016-12-31
9540393,MDG_0000000017,COUNTRY,TZA,AFR,Africa,YEAR,2024,,,,,,,,,25 [9.8-47],25,9.8,47,,2025-11-11T14:11:28Z,2024,2024-01-01,2024-12-31
9547760,MDG_0000000017,COUNTRY,ETH,AFR,Africa,YEAR,2023,,,,,,,,,19 [12-28],19,12,28,,2025-11-11T14:11:28Z,2023,2023-01-01,2023-12-31
9547891,MDG_0000000017,COUNTRY,GEO,EUR,Europe,YEAR,2018,,,,,,,,,4 [3.6-4.4],4,3.6,4.4,,2025-11-11T14:11:28Z,2018,2018-01-01,2018-12-31
9551925,MDG_0000000017,COUNTRY,ETH,AFR,Africa,YEAR,2018,,,,,,,,,22 [14-33],22,14,33,,2025-11-11T14:11:28Z,2018,2018-01-01,2018-12-31
9552565,MDG_0000000017,COUNTRY,PRI,AMR,Americas,YEAR,2003,,,,,,,,,0.42 [0.42-0.42],0.42,0.42,0.42,,2025-11-11T14:11:28Z,2003,2003-01-01,2003-12-31
9552722,MDG_0000000017,WORLDBANKINCOMEGROUP,WB_HI,,,YEAR,2019,,,,,,,,,1.4 [1.4-1.4],1.4,1.4,1.4,,2025-11-11T14:11:28Z,2019,2019-01-01,2019-12-31
9553183,MDG_0000000017,COUNTRY,PRI,AMR,Americas,YEAR,2018,,,,,,,,,0.16 [0.16-0.16],0.16,0.16,0.16,,2025-11-11T14:11:28Z,2018,2018-01-01,2018-12-31
9554252,MDG_0000000017,COUNTRY,GNB,AFR,Africa,YEAR,2019,,,,,,,,,22 [15-31],22,15,31,,2025-11-11T14:11:28Z,2019,2019-01-01,2019-12-31
9554594,MDG_0000000017,COUNTRY,ZWE,AFR,Africa,YEAR,2024,,,,,,,,,18 [6.4-36],18,6.4,36,,2025-11-11T14:11:28Z,2024,2024-01-01,2024-12-31
9559825,MDG_0000000017,COUNTRY,MKD,EUR,Europe,YEAR,2005,,,,,,,,,3.3 [3.1-3.4],3.3,3.1,3.4,,2025-11-11T14:11:28Z,2005,2005-01-01,2005-12-31
9565506,MDG_0000000017,COUNTRY,HND,AMR,Americas,YEAR,2010,,,,,,,,,4.4 [3.6-5.3],4.4,3.6,5.3,,2025-11-11T14:11:28Z,2010,2010-01-01,2010-12-31
9565674,MDG_0000000017,COUNTRY,AUT,EUR,Europe,YEAR,2002,,,,,,,,,0.82 [0.82-0.83],0.82,0.82,0.83,,2025-11-11T14:11:28Z,2002,2002-01-01,2002-12-31
9570733,MDG_0000000017,COUNTRY,MDV,SEAR,South-East Asia,YEAR,2005,,,,,,,,,1.6 [1.4-1.9],1.6,1.4,1.9,,2025-11-11T14:11:28Z,2005,2005-01-01,2005-12-31
9571890,MDG_0000000017,COUNTRY,DNK,EUR,Europe,YEAR,2011,,,,,,,,,0.29 [0.28-0.31],0.29,0.28,0.31,,2025-11-11T14:11:28Z,2011,2011-01-01,2011-12-31
9572624,MDG_0000000017,COUNTRY,FSM,WPR,Western Pacific,YEAR,2013,,,,,,,,,79 [55-108],79,55,108,,2025-11-11T14:11:28Z,2013,2013-01-01,2013-12-31
9573525,MDG_0000000017,COUNTRY,MOZ,AFR,Africa,YEAR,2004,,,,,,,,,34 [13-64],34,13,64,,2025-11-11T14:11:28Z,2004,2004-01-01,2004-12-31
9580033,MDG_0000000017,COUNTRY,OMN,EMR,Eastern Mediterranean,YEAR,2012,,,,,,,,,0.49 [0.38-0.61],0.49,0.38,0.61,,2025-11-11T14:11:28Z,2012,2012-01-01,2012-12-31
9590581,MDG_0000000017,COUNTRY,AGO,AFR,Africa,YEAR,2015,,,,,,,,,84 [58-115],84,58,115,,2025-11-11T14:11:28Z,2015,2015-01-01,2015-12-31
9591402,MDG_0000000017,COUNTRY,KOR,WPR,Western Pacific,YEAR,2015,,,,,,,,,5.2 [4.9-5.4],5.2,4.9,5.4,,2025-11-11T14:11:28Z,2015,2015-01-01,2015-12-31
9592196,MDG_0000000017,REGION,AMR,,,YEAR,2005,,,,,,,,,2.5 [2.4-2.6],2.5,2.4,2.6,,2025-11-11T14:11:28Z,2005,2005-01-01,2005-12-31
9596706,MDG_0000000017,COUNTRY,BGD,SEAR,South-East Asia,YEAR,2002,,,,,,,,,70 [44-101],70,44,101,,2025-11-11T14:11:28Z,2002,2002-01-01,2002-12-31
9602468,MDG_0000000017,COUNTRY,NPL,SEAR,South-East Asia,YEAR,2008,,,,,,,,,88 [53-133],88,53,133,,2025-11-11T14:11:28Z,2008,2008-01-01,2008-12-31
9603078,MDG_0000000017,COUNTRY,PRY,AMR,Americas,YEAR,2006,,,,,,,,,4.1 [3.7-4.5],4.1,3.7,4.5,,2025-11-11T14:11:28Z,2006,2006-01-01,2006-12-31
9604298,MDG_0000000017,COUNTRY,SDN,EMR,Eastern Mediterranean,YEAR,2009,,,,,,,,,27 [14-45],27,14,45,,2025-11-11T14:11:28Z,2009,2009-01-01,2009-12-31
9605412,MDG_0000000017,COUNTRY,GRC,EUR,Europe,YEAR,2016,,,,,,,,,0.45 [0.43-0.46],0.45,0.43,0.46,,2025-11-11T14:11:28Z,2016,2016-01-01,2016-12-31
9609431,MDG_0000000017,COUNTRY,KOR,WPR,Western Pacific,YEAR,2019,,,,,,,,,3.7 [3.5-3.9],3.7,3.5,3.9,,2025-11-11T14:11:28Z,2019,2019-01-01,2019-12-31
9615284,MDG_0000000017,COUNTRY,SLB,WPR,Western Pacific,YEAR,2000,,,,,,,,,94 [64-129],94,64,129,,2025-11-11T14:11:28Z,2000,2000-01-01,2000-12-31
9617788,MDG_0000000017,COUNTRY,HUN,EUR,Europe,YEAR,2023,,,,,,,,,0.78 [0.71-0.87],0.78,0.71,0.87,,2025-11-11T14:11:28Z,2023,2023-01-01,2023-12-31
9635024,MDG_0000000017,COUNTRY,TGO,AFR,Africa,YEAR,2023,,,,,,,,,6 [2.3-12],6,2.3,12,,2025-11-11T14:11:28Z,2023,2023-01-01,2023-12-31
9635239,MDG_0000000017,COUNTRY,ARG,AMR,Americas,YEAR,2009,,,,,,,,,1.6 [1.6-1.7],1.6,1.6,1.7,,2025-11-11T14:11:28Z,2009,2009-01-01,2009-12-31
9635697,MDG_0000000017,REGION,EUR,,,YEAR,2001,,,,,,,,,8.1 [7.8-8.4],8.1,7.8,8.4,,2025-11-11T14:11:28Z,2001,2001-01-01,2001-12-31
9640274,MDG_0000000017,COUNTRY,MDG,AFR,Africa,YEAR,2006,,,,,,,,,56 [40-75],56,40,75,,2025-11-11T14:11:28Z,2006,2006-01-01,2006-12-31
9646968,MDG_0000000017,COUNTRY,FJI,WPR,Western Pacific,YEAR,2000,,,,,,,,,2.1 [1.7-2.5],2.1,1.7,2.5,,2025-11-11T14:11:28Z,2000,2000-01-01,2000-12-31
9654299,MDG_0000000017,COUNTRY,BLZ,AMR,Americas,YEAR,2009,,,,,,,,,3.8 [3.8-3.8],3.8,3.8,3.8,,2025-11-11T14:11:28Z,2009,2009-01-01,2009-12-31
9655666,MDG_0000000017,COUNTRY,BHR,EMR,Eastern Mediterranean,YEAR,2012,,,,,,,,,0.37 [0.33-0.41],0.37,0.33,0.41,,2025-11-11T14:11:28Z,2012,2012-01-01,2012-12-31
9660574,MDG_0000000017,COUNTRY,LSO,AFR,Africa,YEAR,2012,,,,,,,,,60 [34-93],60,34,93,,2025-11-11T14:11:28Z,2012,2012-01-01,2012-12-31
9660814,MDG_0000000017,COUNTRY,NZL,WPR,Western Pacific,YEAR,2006,,,,,,,,,0.52 [0.52-0.52],0.52,0.52,0.52,,2025-11-11T14:11:28Z,2006,2006-01-01,2006-12-31
9661252,MDG_0000000017,COUNTRY,MAR,EMR,Eastern Mediterranean,YEAR,2006,,,,,,,,,7 [4-11],7,4,11,,2025-11-11T14:11:28Z,2006,2006-01-01,2006-12-31
9668525,MDG_0000000017,COUNTRY,CHL,AMR,Americas,YEAR,2009,,,,,,,,,2.9 [2.8-2.9],2.9,2.8,2.9,,2025-11-11T14:11:28Z,2009,2009-01-01,2009-12-31
9672826,MDG_0000000017,COUNTRY,ROU,EUR,Europe,YEAR,2003,,,,,,,,,10 [10-10],10,10,10,,2025-11-11T14:11:28Z,2003,2003-01-01,2003-12-31
9674063,MDG_0000000017,COUNTRY,BHR,EMR,Eastern Mediterranean,YEAR,2002,,,,,,,,,1.6 [1.4-1.8],1.6,1.4,1.8,,2025-11-11T14:11:28Z,2002,2002-01-01,2002-12-31
9674580,MDG_0000000017,COUNTRY,BWA,AFR,Africa,YEAR,2023,,,,,,,,,26 [13-43],26,13,43,,2025-11-11T14:11:28Z,2023,2023-01-01,2023-12-31
9678577,MDG_0000000017,COUNTRY,MNE,EUR,Europe,YEAR,2010,,,,,,,,,0.2 [0.18-0.22],0.2,0.18,0.22,,2025-11-11T14:11:28Z,2010,2010-01-01,2010-12-31
9679896,MDG_0000000017,COUNTRY,CMR,AFR,Africa,YEAR,2010,,,,,,,,,44 [31-59],44,31,59,,2025-11-11T14:11:28Z,2010,2010-01-01,2010-12-31
9685214,MDG_0000000017,WORLDBANKINCOMEGROUP,WB_UMI,,,YEAR,2000,,,,,,,,,14 [13-15],14,13,15,,2025-11-11T14:11:28Z,2000,2000-01-01,2000-12-31
9691155,MDG_0000000017,COUNTRY,CRI,AMR,Americas,YEAR,2015,,,,,,,,,0.69 [0.69-0.7],0.69,0.69,0.7,,2025-11-11T14:11:28Z,2015,2015-01-01,2015-12-31
9692077,MDG_0000000017,COUNTRY,MNE,EUR,Europe,YEAR,2008,,,,,,,,,0.62 [0.54-0.71],0.62,0.54,0.71,,2025-11-11T14:11:28Z,2008,2008-01-01,2008-12-31
9693239,MDG_0000000017,COUNTRY,COD,AFR,Africa,YEAR,2017,,,,,,,,,106 [46-191],106,46,191,,2025-11-11T14:11:28Z,2017,2017-01-01,2017-12-31
9693852,MDG_0000000017,COUNTRY,TKM,EUR,Europe,YEAR,2024,,,,,,,,,10 [8.6-12],10,8.6,12,,2025-11-11T14:11:28Z,2024,2024-01-01,2024-12-31
9700274,MDG_0000000017,COUNTRY,DOM,AMR,Americas,YEAR,2006,,,,,,,,,8.7 [3.5-16],8.7,3.5,16,,2025-11-11T14:11:28Z,2006,2006-01-01,2006-12-31
9704300,MDG_0000000017,COUNTRY,GMB,AFR,Africa,YEAR,2019,,,,,,,,,19 [12-27],19,12,27,,2025-11-11T14:11:28Z,2019,2019-01-01,2019-12-31
9712115,MDG_0000000017,COUNTRY,TZA,AFR,Africa,YEAR,2011,,,,,,,,,74 [36-126],74,36,126,,2025-11-11T14:11:28Z,2011,2011-01-01,2011-12-31
9713113,MDG_0000000017,COUNTRY,YEM,EMR,Eastern Mediterranean,YEAR,2008,,,,,,,,,11 [7.8-14],11,7.8,14,,2025-11-11T14:11:28Z,2008,2008-01-01,2008-12-31
9713122,MDG_0000000017,COUNTRY,BIH,EUR,Europe,YEAR,2004,,,,,,,,,5.2 [4.8-5.5],5.2,4.8,5.5,,2025-11-11T14:11:28Z,2004,2004-01-01,2004-12-31
9719511,MDG_0000000017,COUNTRY,IDN,WPR,Western Pacific,YEAR,2019,,,,,,,,,34 [32-36],34,32,36,,2025-11-11T14:11:28Z,2019,2019-01-01,2019-12-31
9742531,MDG_0000000017,COUNTRY,ARG,AMR,Americas,YEAR,2017,,,,,,,,,1.4 [1.4-1.5],1.4,1.4,1.5,,2025-11-11T14:11:28Z,2017,2017-01-01,2017-12-31
9742607,MDG_0000000017,REGION,EMR,,,YEAR,2013,,,,,,,,,13 [11-15],13,11,15,,2025-11-11T14:11:28Z,2013,2013-01-01,2013-12-31
9748872,MDG_0000000017,COUNTRY,LBY,EMR,Eastern Mediterranean,YEAR,2004,,,,,,,,,16 [8.2-26],16,8.2,26,,2025-11-11T14:11:28Z,2004,2004-01-01,2004-12-31
9748888,MDG_0000000017,COUNTRY,MOZ,AFR,Africa,YEAR,2005,,,,,,,,,32 [12-60],32,12,60,,2025-11-11T14:11:28Z,2005,2005-01-01,2005-12-31
9749959,MDG_0000000017,COUNTRY,SVK,EUR,Europe,YEAR,2022,,,,,,,,,0.54 [0.47-0.61],0.54,0.47,0.61,,2025-11-11T14:11:28Z,2022,2022-01-01,2022-12-31
9750656,MDG_0000000017,COUNTRY,BEN,AFR,Africa,YEAR,2017,,,,,,,,,10 [5.1-18],10,5.1,18,,2025-11-11T14:11:28Z,2017,2017-01-01,2017-12-31
9750779,MDG_0000000017,COUNTRY,VUT,WPR,Western Pacific,YEAR,2010,,,,,,,,,40 [30-52],40,30,52,,2025-11-11T14:11:28Z,2010,2010-01-01,2010-12-31
9756329,MDG_0000000017,COUNTRY,FSM,WPR,Western Pacific,YEAR,2022,,,,,,,,,22 [15-30],22,15,30,,2025-11-11T14:11:28Z,2022,2022-01-01,2022-12-31
9757237,MDG_0000000017,REGION,AMR,,,YEAR,2002,,,,,,,,,2.9 [2.8-3.1],2.9,2.8,3.1,,2025-11-11T14:11:28Z,2002,2002-01-01,2002-12-31
9761185,MDG_0000000017,COUNTRY,TGO,AFR,Africa,YEAR,2018,,,,,,,,,8.6 [3.8-15],8.6,3.8,15,,2025-11-11T14:11:28Z,2018,2018-01-01,2018-12-31
9762882,MDG_0000000017,COUNTRY,UGA,AFR,Africa,YEAR,2020,,,,,,,,,21 [12-32],21,12,32,,2025-11-11T14:11:28Z,2020,2020-01-01,2020-12-31
9768719,MDG_0000000017,COUNTRY,COG,AFR,Africa,YEAR,2010,,,,,,,,,55 [37-76],55,37,76,,2025-11-11T14:11:28Z,2010,2010-01-01,2010-12-31
9780343,MDG_0000000017,COUNTRY,IRL,EUR,Europe,YEAR,2003,,,,,,,,,0.97 [0.87-1.1],0.97,0.87,1.1,,2025-11-11T14:11:28Z,2003,2003-01-01,2003-12-31
9786328,MDG_0000000017,COUNTRY,FIN,EUR,Europe,YEAR,2019,,,,,,,,,0.53 [0.53-0.53],0.53,0.53,0.53,,2025-11-11T14:11:28Z,2019,2019-01-01,2019-12-31
9786633,MDG_0000000017,COUNTRY,FIN,EUR,Europe,YEAR,2020,,,,,,,,,0.38 [0.38-0.38],0.38,0.38,0.38,,2025-11-11T14:11:28Z,2020,2020-01-01,2020-12-31
9787110,MDG_0000000017,COUNTRY,TLS,SEAR,South-East Asia,YEAR,2010,,,,,,,,,118 [86-155],118,86,155,,2025-11-11T14:11:28Z,2010,2010-01-01,2010-12-31
9799913,MDG_0000000017,REGION,EUR,,,YEAR,2023,,,,,,,,,1.7 [1.6-1.8],1.7,1.6,1.8,,2025-11-11T14:11:28Z,2023,2023-01-01,2023-12-31
9817964,MDG_0000000017,COUNTRY,JAM,AMR,Americas,YEAR,2017,,,,,,,,,0.24 [0.24-0.24],0.24,0.24,0.24,,2025-11-11T14:11:28Z,2017,2017-01-01,2017-12-31
9818436,MDG_0000000017,COUNTRY,IRN,EMR,Eastern Mediterranean,YEAR,2007,,,,,,,,,0.89 [0.77-1],0.89,0.77,1,,2025-11-11T14:11:28Z,2007,2007-01-01,2007-12-31
9818765,MDG_0000000017,COUNTRY,HKG,,,YEAR,2006,,,,,,,,,4.4 [4.4-4.4],4.4,4.4,4.4,,2025-11-11T14:11:28Z,2006,2006-01-01,2006-12-31
9824197,MDG_0000000017,COUNTRY,MHL,WPR,Western Pacific,YEAR,2007,,,,,,,,,172 [119-236],172,119,236,,2025-11-11T14:11:28Z,2007,2007-01-01,2007-12-31
9830487,MDG_0000000017,COUNTRY,COG,AFR,Africa,YEAR,2014,,,,,,,,,48 [33-67],48,33,67,,2025-11-11T14:11:28Z,2014,2014-01-01,2014-12-31
9833462,MDG_0000000017,COUNTRY,DOM,AMR,Americas,YEAR,2012,,,,,,,,,5.5 [3.5-8],5.5,3.5,8,,2025-11-11T14:11:28Z,2012,2012-01-01,2012-12-31
9839471,MDG_0000000017,COUNTRY,BLZ,AMR,Americas,YEAR,2024,,,,,,,,,0.48 [0-2.6],0.48,0,2.6,,2025-11-11T14:11:28Z,2024,2024-01-01,2024-12-31
9842960,MDG_0000000017,COUNTRY,MYS,WPR,Western Pacific,YEAR,2018,,,,,,,,,4.4 [3.2-5.9],4.4,3.2,5.9,,2025-11-11T14:11:28Z,2018,2018-01-01,2018-12-31
9844221,MDG_0000000017,COUNTRY,GMB,AFR,Africa,YEAR,2016,,,,,,,,,22 [14-31],22,14,31,,2025-11-11T14:11:28Z,2016,2016-01-01,2016-12-31
9845737,MDG_0000000017,COUNTRY,UGA,AFR,Africa,YEAR,2021,,,,,,,,,14 [7.6-22],14,7.6,22,,2025-11-11T14:11:28Z,2021,2021-01-01,2021-12-31
9849033,MDG_0000000017,COUNTRY,MHL,WPR,Western Pacific,YEAR,2011,,,,,,,,,107 [74-146],107,74,146,,2025-11-11T14:11:28Z,2011,2011-01-01,2011-12-31
9850326,MDG_0000000017,COUNTRY,LSO,AFR,Africa,YEAR,2010,,,,,,,,,64 [36-99],64,36,99,,2025-11-11T14:11:28Z,2010,2010-01-01,2010-12-31
9851633,MDG_0000000017,COUNTRY,CIV,AFR,Africa,YEAR,2016,,,,,,,,,26 [17-35],26,17,35,,2025-11-11T14:11:28Z,2016,2016-01-01,2016-12-31
9857619,MDG_0000000017,COUNTRY,MDG,AFR,Africa,YEAR,2008,,,,,,,,,58 [42-78],58,42,78,,2025-11-11T14:11:28Z,2008,2008-01-01,2008-12-31
9864163,MDG_0000000017,COUNTRY,VEN,AMR,Americas,YEAR,2014,,,,,,,,,2.4 [2.4-2.4],2.4,2.4,2.4,,2025-11-11T14:11:28Z,2014,2014-01-01,2014-12-31
9869669,MDG_0000000017,COUNTRY,VNM,WPR,Western Pacific,YEAR,2011,,,,,,,,,22 [14-32],22,14,32,,2025-11-11T14:11:28Z,2011,2011-01-01,2011-12-31
9875417,MDG_0000000017,COUNTRY,FIN,EUR,Europe,YEAR,2016,,,,,,,,,0.48 [0.47-0.48],0.48,0.47,0.48,,2025-11-11T14:11:28Z,2016,2016-01-01,2016-12-31
9883373,MDG_0000000017,COUNTRY,BIH,EUR,Europe,YEAR,2003,,,,,,,,,5.1 [4.8-5.5],5.1,4.8,5.5,,2025-11-11T14:11:28Z,2003,2003-01-01,2003-12-31
9887544,MDG_0000000017,COUNTRY,SVK,EUR,Europe,YEAR,2014,,,,,,,,,0.64 [0.64-0.65],0.64,0.64,0.65,,2025-11-11T14:11:28Z,2014,2014-01-01,2014-12-31
9890144,MDG_0000000017,COUNTRY,LKA,SEAR,South-East Asia,YEAR,2023,,,,,,,,,3.5 [3.1-3.8],3.5,3.1,3.8,,2025-11-11T14:11:28Z,2023,2023-01-01,2023-12-31
9893515,MDG_0000000017,COUNTRY,MOZ,AFR,Africa,YEAR,2022,,,,,,,,,15 [6.6-27],15,6.6,27,,2025-11-11T14:11:28Z,2022,2022-01-01,2022-12-31
9899993,MDG_0000000017,COUNTRY,NAM,AFR,Africa,YEAR,2023,,,,,,,,,56 [32-85],56,32,85,,2025-11-11T14:11:28Z,2023,2023-01-01,2023-12-31
9900545,MDG_0000000017,COUNTRY,SLB,WPR,Western Pacific,YEAR,2024,,,,,,,,,31 [21-42],31,21,42,,2025-11-11T14:11:28Z,2024,2024-01-01,2024-12-31
9900902,MDG_0000000017,COUNTRY,CHN,WPR,Western Pacific,YEAR,2010,,,,,,,,,3.9 [3.5-4.3],3.9,3.5,4.3,,2025-11-11T14:11:28Z,2010,2010-01-01,2010-12-31
9901649,MDG_0000000017,COUNTRY,DZA,AFR,Africa,YEAR,2012,,,,,,,,,13 [9-18],13,9,18,,2025-11-11T14:11:28Z,2012,2012-01-01,2012-12-31
9907701,MDG_0000000017,COUNTRY,AUT,EUR,Europe,YEAR,2013,,,,,,,,,0.8 [0.79-0.81],0.8,0.79,0.81,,2025-11-11T14:11:28Z,2013,2013-01-01,2013-12-31
9912464,MDG_0000000017,COUNTRY,RUS,EUR,Europe,YEAR,2009,,,,,,,,,17 [17-18],17,17,18,,2025-11-11T14:11:28Z,2009,2009-01-01,2009-12-31
9914138,MDG_0000000017,COUNTRY,FRA,EUR,Europe,YEAR,2020,,,,,,,,,0.47 [0.45-0.5],0.47,0.45,0.5,,2025-11-11T14:11:28Z,2020,2020-01-01,2020-12-31
9914785,MDG_0000000017,COUNTRY,ROU,EUR,Europe,YEAR,2018,,,,,,,,,4.7 [4.6-4.7],4.7,4.6,4.7,,2025-11-11T14:11:28Z,2018,2018-01-01,2018-12-31
9921254,MDG_0000000017,COUNTRY,PAK,EMR,Eastern Mediterranean,YEAR,2019,,,,,,,,,19 [16-24],19,16,24,,2025-11-11T14:11:28Z,2019,2019-01-01,2019-12-31
9925601,MDG_0000000017,COUNTRY,KAZ,EUR,Europe,YEAR,2002,,,,,,,,,26 [25-26],26,25,26,,2025-11-11T14:11:28Z,2002,2002-01-01,2002-12-31
9928271,MDG_0000000017,COUNTRY,PRY,AMR,Americas,YEAR,2004,,,,,,,,,4.5 [3.9-5.1],4.5,3.9,5.1,,2025-11-11T14:11:28Z,2004,2004-01-01,2004-12-31
9945786,MDG_0000000017,COUNTRY,QAT,EMR,Eastern Mediterranean,YEAR,2000,,,,,,,,,0.97 [0.72-1.3],0.97,0.72,1.3,,2025-11-11T14:11:28Z,2000,2000-01-01,2000-12-31
9950989,MDG_0000000017,COUNTRY,AZE,EUR,Europe,YEAR,2008,,,,,,,,,5.7 [5.2-6.3],5.7,5.2,6.3,,2025-11-11T14:11:28Z,2008,2008-01-01,2008-12-31
9957305,MDG_0000000017,COUNTRY,FRA,EUR,Europe,YEAR,2004,,,,,,,,,1.4 [1.4-1.5],1.4,1.4,1.5,,2025-11-11T14:11:28Z,2004,2004-01-01,2004-12-31
9959427,MDG_0000000017,COUNTRY,CMR,AFR,Africa,YEAR,2024,,,,,,,,,17 [11-25],17,11,25,,2025-11-11T14:11:28Z,2024,2024-01-01,2024-12-31
9964923,MDG_0000000017,COUNTRY,DZA,AFR,Africa,YEAR,2020,,,,,,,,,6.9 [4.7-9.5],6.9,4.7,9.5,,2025-11-11T14:11:28Z,2020,2020-01-01,2020-12-31
9965028,MDG_0000000017,COUNTRY,BHR,EMR,Eastern Mediterranean,YEAR,2016,,,,,,,,,0.51 [0.48-0.55],0.51,0.48,0.55,,2025-11-11T14:11:28Z,2016,2016-01-01,2016-12-31
9976122,MDG_0000000017,COUNTRY,COL,AMR,Americas,YEAR,2019,,,,,,,,,2.4 [2.4-2.4],2.4,2.4,2.4,,2025-11-11T14:11:28Z,2019,2019-01-01,2019-12-31
9976186,MDG_0000000017,COUNTRY,QAT,EMR,Eastern Mediterranean,YEAR,2021,,,,,,,,,0.28 [0.22-0.35],0.28,0.22,0.35,,2025-11-11T14:11:28Z,2021,2021-01-01,2021-12-31
9983421,MDG_0000000017,COUNTRY,BLZ,AMR,Americas,YEAR,2022,,,,,,,,,1.4 [0.41-3],1.4,0.41,3,,2025-11-11T14:11:28Z,2022,2022-01-01,2022-12-31
9988688,MDG_0000000017,COUNTRY,HUN,EUR,Europe,YEAR,2019,,,,,,,,,0.65 [0.65-0.65],0.65,0.65,0.65,,2025-11-11T14:11:28Z,2019,2019-01-01,2019-12-31
9988871,MDG_0000000017,COUNTRY,KIR,WPR,Western Pacific,YEAR,2001,,,,,,,,,45 [41-50],45,41,50,,2025-11-11T14:11:28Z,2001,2001-01-01,2001-12-31
9990442,MDG_0000000017,COUNTRY,JAM,AMR,Americas,YEAR,2011,,,,,,,,,0.26 [0.25-0.26],0.26,0.25,0.26,,2025-11-11T14:11:28Z,2011,2011-01-01,2011-12-31
9991520,MDG_0000000017,COUNTRY,STP,AFR,Africa,YEAR,2015,,,,,,,,,35 [24-47],35,24,47,,2025-11-11T14:11:28Z,2015,2015-01-01,2015-12-31
9995027,MDG_0000000017,COUNTRY,PRI,AMR,Americas,YEAR,2022,,,,,,,,,0.17 [0.17-0.17],0.17,0.17,0.17,,2025-11-11T14:11:28Z,2022,2022-01-01,2022-12-31
9996191,MDG_0000000017,COUNTRY,IRN,EMR,Eastern Mediterranean,YEAR,2021,,,,,,,,,1 [0.97-1],1,0.97,1,,2025-11-11T14:11:28Z,2021,2021-01-01,2021-12-31
9996340,MDG_0000000017,COUNTRY,IDN,WPR,Western Pacific,YEAR,2000,,,,,,,,,57 [49-65],57,49,65,,2025-11-11T14:11:28Z,2000,2000-01-01,2000-12-31
9996364,MDG_0000000017,COUNTRY,KWT,EMR,Eastern Mediterranean,YEAR,2008,,,,,,,,,0.82 [0.81-0.83],0.82,0.81,0.83,,2025-11-11T14:11:28Z,2008,2008-01-01,2008-12-31
9997503,MDG_0000000017,COUNTRY,COL,AMR,Americas,YEAR,2011,,,,,,,,,2.1 [2-2.2],2.1,2,2.2,,2025-11-11T14:11:28Z,2011,2011-01-01,2011-12-31
10003436,MDG_0000000017,COUNTRY,GIN,AFR,Africa,YEAR,2005,,,,,,,,,35 [23-49],35,23,49,,2025-11-11T14:11:28Z,2005,2005-01-01,2005-12-31
10003884,MDG_0000000017,COUNTRY,NAM,AFR,Africa,YEAR,2024,,,,,,,,,54 [30-86],54,30,86,,2025-11-11T14:11:28Z,2024,2024-01-01,2024-12-31
10007625,MDG_0000000017,COUNTRY,CHE,EUR,Europe,YEAR,2013,,,,,,,,,0.24 [0.24-0.25],0.24,0.24,0.25,,2025-11-11T14:11:28Z,2013,2013-01-01,2013-12-31
10008719,MDG_0000000017,COUNTRY,BTN,SEAR,South-East Asia,YEAR,2002,,,,,,,,,191 [132-259],191,132,259,,2025-11-11T14:11:28Z,2002,2002-01-01,2002-12-31
10014525,MDG_0000000017,COUNTRY,GTM,AMR,Americas,YEAR,2014,,,,,,,,,2.2 [2.1-2.3],2.2,2.1,2.3,,2025-11-11T14:11:28Z,2014,2014-01-01,2014-12-31
10020976,MDG_0000000017,COUNTRY,FJI,WPR,Western Pacific,YEAR,2011,,,,,,,,,3.4 [3.1-3.8],3.4,3.1,3.8,,2025-11-11T14:11:28Z,2011,2011-01-01,2011-12-31
10022831,MDG_0000000017,COUNTRY,BRN,WPR,Western Pacific,YEAR,2014,,,,,,,,,4.2 [4.1-4.3],4.2,4.1,4.3,,2025-11-11T14:11:28Z,2014,2014-01-01,2014-12-31
10026747,MDG_0000000017,COUNTRY,SUR,AMR,Americas,YEAR,2022,,,,,,,,,1.5 [1.2-1.9],1.5,1.2,1.9,,2025-11-11T14:11:28Z,2022,2022-01-01,2022-12-31
10032874,MDG_0000000017,COUNTRY,BEL,EUR,Europe,YEAR,2011,,,,,,,,,0.48 [0.47-0.5],0.48,0.47,0.5,,2025-11-11T14:11:28Z,2011,2011-01-01,2011-12-31
10033494,MDG_0000000017,COUNTRY,MMR,SEAR,South-East Asia,YEAR,2011,,,,,,,,,88 [49-138],88,49,138,,2025-11-11T14:11:28Z,2011,2011-01-01,2011-12-31
10033676,MDG_0000000017,COUNTRY,PRT,EUR,Europe,YEAR,2019,,,,,,,,,1.8 [1.7-1.8],1.8,1.7,1.8,,2025-11-11T14:11:28Z,2019,2019-01-01,2019-12-31
10046688,MDG_0000000017,COUNTRY,KHM,WPR,Western Pacific,YEAR,2003,,,,,,,,,34 [11-71],34,11,71,,2025-11-11T14:11:28Z,2003,2003-01-01,2003-12-31
10048161,MDG_0000000017,COUNTRY,BGD,SEAR,South-East Asia,YEAR,2017,,,,,,,,,34 [22-49],34,22,49,,2025-11-11T14:11:28Z,2017,2017-01-01,2017-12-31
10053161,MDG_0000000017,COUNTRY,URY,AMR,Americas,YEAR,2011,,,,,,,,,1.4 [1.3-1.4],1.4,1.3,1.4,,2025-11-11T14:11:28Z,2011,2011-01-01,2011-12-31
10059135,MDG_0000000017,COUNTRY,BEL,EUR,Europe,YEAR,2018,,,,,,,,,0.37 [0.36-0.39],0.37,0.36,0.39,,2025-11-11T14:11:28Z,2018,2018-01-01,2018-12-31
10064874,MDG_0000000017,COUNTRY,LTU,EUR,Europe,YEAR,2007,,,,,,,,,11 [11-12],11,11,12,,2025-11-11T14:11:28Z,2007,2007-01-01,2007-12-31
10071191,MDG_0000000017,REGION,AFR,,,YEAR,2023,,,,,,,,,26 [22-31],26,22,31,,2025-11-11T14:11:28Z,2023,2023-01-01,2023-12-31
10071782,MDG_0000000017,COUNTRY,FJI,WPR,Western Pacific,YEAR,2021,,,,,,,,,4.4 [4.3-4.5],4.4,4.3,4.5,,2025-11-11T14:11:28Z,2021,2021-01-01,2021-12-31
10072063,MDG_0000000017,COUNTRY,SOM,EMR,Eastern Mediterranean,YEAR,2017,,,,,,,,,34 [24-46],34,24,46,,2025-11-11T14:11:28Z,2017,2017-01-01,2017-12-31
10072435,MDG_0000000017,COUNTRY,ISR,EUR,Europe,YEAR,2000,,,,,,,,,1.3 [1.3-1.3],1.3,1.3,1.3,,2025-11-11T14:11:28Z,2000,2000-01-01,2000-12-31
10077189,MDG_0000000017,COUNTRY,ARE,EMR,Eastern Mediterranean,YEAR,2001,,,,,,,,,0.72 [0.53-0.94],0.72,0.53,0.94,,2025-11-11T14:11:28Z,2001,2001-01-01,2001-12-31
10077264,MDG_0000000017,COUNTRY,MDG,AFR,Africa,YEAR,2000,,,,,,,,,50 [35-68],50,35,68,,2025-11-11T14:11:28Z,2000,2000-01-01,2000-12-31
10078346,MDG_0000000017,REGION,WPR,,,YEAR,2017,,,,,,,,,9.3 [8.8-9.7],9.3,8.8,9.7,,2025-11-11T14:11:28Z,2017,2017-01-01,2017-12-31
10078679,MDG_0000000017,COUNTRY,LBN,EMR,Eastern Mediterranean,YEAR,2000,,,,,,,,,6.9 [4.8-9.4],6.9,4.8,9.4,,2025-11-11T14:11:28Z,2000,2000-01-01,2000-12-31
10079786,MDG_0000000017,COUNTRY,ZWE,AFR,Africa,YEAR,2014,,,,,,,,,10 [6.6-15],10,6.6,15,,2025-11-11T14:11:28Z,2014,2014-01-01,2014-12-31
10092019,MDG_0000000017,COUNTRY,MHL,WPR,Western Pacific,YEAR,2022,,,,,,,,,82 [56-112],82,56,112,,2025-11-11T14:11:28Z,2022,2022-01-01,2022-12-31
10097427,MDG_0000000017,COUNTRY,SWE,EUR,Europe,YEAR,2001,,,,,,,,,0.99 [0.98-1],0.99,0.98,1,,2025-11-11T14:11:28Z,2001,2001-01-01,2001-12-31
10108886,MDG_0000000017,COUNTRY,HUN,EUR,Europe,YEAR,2003,,,,,,,,,2.9 [2.9-2.9],2.9,2.9,2.9,,2025-11-11T14:11:28Z,2003,2003-01-01,2003-12-31
10109050,MDG_0000000017,COUNTRY,PSE,EMR,Eastern Mediterranean,YEAR,2020,,,,,,,,,0.11 [0.08-0.16],0.11,0.08,0.16,,2025-11-11T14:11:28Z,2020,2020-01-01,2020-12-31
10110548,MDG_0000000017,COUNTRY,ISR,EUR,Europe,YEAR,2020,,,,,,,,,0.09 [0.09-0.1],0.09,0.09,0.1,,2025-11-11T14:11:28Z,2020,2020-01-01,2020-12-31
10111087,MDG_0000000017,COUNTRY,JOR,EMR,Eastern Mediterranean,YEAR,2021,,,,,,,,,0.09 [0.07-0.1],0.09,0.07,0.1,,2025-11-11T14:11:28Z,2021,2021-01-01,2021-12-31
10123257,MDG_0000000017,COUNTRY,KEN,AFR,Africa,YEAR,2024,,,,,,,,,29 [14-49],29,14,49,,2025-11-11T14:11:28Z,2024,2024-01-01,2024-12-31
10134862,MDG_0000000017,COUNTRY,PRI,AMR,Americas,YEAR,2000,,,,,,,,,0.59 [0.58-0.59],0.59,0.58,0.59,,2025-11-11T14:11:28Z,2000,2000-01-01,2000-12-31
10142825,MDG_0000000017,COUNTRY,JPN,WPR,Western Pacific,YEAR,2024,,,,,,,,,1.2 [1.2-1.2],1.2,1.2,1.2,,2025-11-11T14:11:28Z,2024,2024-01-01,2024-12-31
10143054,MDG_0000000017,COUNTRY,IND,SEAR,South-East Asia,YEAR,2001,,,,,,,,,70 [53-90],70,53,90,,2025-11-11T14:11:28Z,2001,2001-01-01,2001-12-31
10155112,MDG_0000000017,WORLDBANKINCOMEGROUP,WB_HI,,,YEAR,2015,,,,,,,,,2 [2-2],2,2,2,,2025-11-11T14:11:28Z,2015,2015-01-01,2015-12-31
10155443,MDG_0000000017,COUNTRY,VUT,WPR,Western Pacific,YEAR,2009,,,,,,,,,39 [30-51],39,30,51,,2025-11-11T14:11:28Z,2009,2009-01-01,2009-12-31
10156260,MDG_0000000017,COUNTRY,PAN,AMR,Americas,YEAR,2008,,,,,,,,,5.9 [5.7-6.1],5.9,5.7,6.1,,2025-11-11T14:11:28Z,2008,2008-01-01,2008-12-31
10161971,MDG_0000000017,COUNTRY,HRV,EUR,Europe,YEAR,2011,,,,,,,,,1.5 [1.5-1.5],1.5,1.5,1.5,,2025-11-11T14:11:28Z,2011,2011-01-01,2011-12-31
10167780,MDG_0000000017,COUNTRY,MEX,AMR,Americas,YEAR,2021,,,,,,,,,1.8 [1.8-1.9],1.8,1.8,1.9,,2025-11-11T14:11:28Z,2021,2021-01-01,2021-12-31
10173476,MDG_0000000017,COUNTRY,PER,AMR,Americas,YEAR,2001,,,,,,,,,9.5 [7.7-11],9.5,7.7,11,,2025-11-11T14:11:28Z,2001,2001-01-01,2001-12-31
10173682,MDG_0000000017,COUNTRY,BHS,AMR,Americas,YEAR,2012,,,,,,,,,0.33 [0.29-0.37],0.33,0.29,0.37,,2025-11-11T14:11:28Z,2012,2012-01-01,2012-12-31
10173835,MDG_0000000017,COUNTRY,CRI,AMR,Americas,YEAR,2001,,,,,,,,,2 [2-2],2,2,2,,2025-11-11T14:11:28Z,2001,2001-01-01,2001-12-31
10178728,MDG_0000000017,COUNTRY,ESP,EUR,Europe,YEAR,2005,,,,,,,,,1.1 [1.1-1.1],1.1,1.1,1.1,,2025-11-11T14:11:28Z,2005,2005-01-01,2005-12-31
10179428,MDG_0000000017,COUNTRY,LBR,AFR,Africa,YEAR,2016,,,,,,,,,51 [36-67],51,36,67,,2025-11-11T14:11:28Z,2016,2016-01-01,2016-12-31
10186546,MDG_0000000017,COUNTRY,CAN,AMR,Americas,YEAR,2012,,,,,,,,,0.27 [0.27-0.27],0.27,0.27,0.27,,2025-11-11T14:11:28Z,2012,2012-01-01,2012-12-31
10187464,MDG_0000000017,COUNTRY,CIV,AFR,Africa,YEAR,2022,,,,,,,,,15 [9.3-22],15,9.3,22,,2025-11-11T14:11:28Z,2022,2022-01-01,2022-12-31
10191292,MDG_0000000017,COUNTRY,TLS,SEAR,South-East Asia,YEAR,2015,,,,,,,,,77 [56-101],77,56,101,,2025-11-11T14:11:28Z,2015,2015-01-01,2015-12-31
10191838,MDG_0000000017,COUNTRY,IRL,EUR,Europe,YEAR,2017,,,,,,,,,0.33 [0.33-0.33],0.33,0.33,0.33,,2025-11-11T14:11:28Z,2017,2017-01-01,2017-12-31
10197574,MDG_0000000017,COUNTRY,MAR,EMR,Eastern Mediterranean,YEAR,2023,,,,,,,,,7.1 [4.1-11],7.1,4.1,11,,2025-11-11T14:11:28Z,2023,2023-01-01,2023-12-31
10199637,MDG_0000000017,COUNTRY,KOR,WPR,Western Pacific,YEAR,2018,,,,,,,,,4.1 [3.9-4.3],4.1,3.9,4.3,,2025-11-11T14:11:28Z,2018,2018-01-01,2018-12-31
10210835,MDG_0000000017,COUNTRY,MEX,AMR,Americas,YEAR,2019,,,,,,,,,1.8 [1.8-1.8],1.8,1.8,1.8,,2025-11-11T14:11:28Z,2019,2019-01-01,2019-12-31
10213067,MDG_0000000017,COUNTRY,MKD,EUR,Europe,YEAR,2022,,,,,,,,,0.58 [0.44-0.73],0.58,0.44,0.73,,2025-11-11T14:11:28Z,2022,2022-01-01,2022-12-31
10213105,MDG_0000000017,COUNTRY,MDA,EUR,Europe,YEAR,2010,,,,,,,,,17 [16-19],17,16,19,,2025-11-11T14:11:28Z,2010,2010-01-01,2010-12-31
10217384,MDG_0000000017,COUNTRY,BTN,SEAR,South-East Asia,YEAR,2016,,,,,,,,,67 [46-91],67,46,91,,2025-11-11T14:11:28Z,2016,2016-01-01,2016-12-31
10218119,MDG_0000000017,COUNTRY,GEO,EUR,Europe,YEAR,2022,,,,,,,,,2 [1.4-2.7],2,1.4,2.7,,2025-11-11T14:11:28Z,2022,2022-01-01,2022-12-31
10224182,MDG_0000000017,COUNTRY,SWE,EUR,Europe,YEAR,2009,,,,,,,,,0.66 [0.65-0.67],0.66,0.65,0.67,,2025-11-11T14:11:28Z,2009,2009-01-01,2009-12-31
10224974,MDG_0000000017,COUNTRY,NLD,EUR,Europe,YEAR,2007,,,,,,,,,0.34 [0.33-0.35],0.34,0.33,0.35,,2025-11-11T14:11:28Z,2007,2007-01-01,2007-12-31
10225794,MDG_0000000017,REGION,WPR,,,YEAR,2011,,,,,,,,,11 [11-12],11,11,12,,2025-11-11T14:11:28Z,2011,2011-01-01,2011-12-31
4037,MDG_0000000017,COUNTRY,MLI,AFR,Africa,YEAR,2012,,,,,,,,,15 [8.2-24],15,8.2,24,,2025-11-11T14:11:28Z,2012,2012-01-01,2012-12-31
10157,MDG_0000000017,COUNTRY,ZMB,AFR,Africa,YEAR,2004,,,,,,,,,30 [13-55],30,13,55,,2025-11-11T14:11:28Z,2004,2004-01-01,2004-12-31
10283,MDG_0000000017,COUNTRY,AFG,EMR,Eastern Mediterranean,YEAR,2023,,,,,,,,,34 [23-47],34,23,47,,2025-11-11T14:11:28Z,2023,2023-01-01,2023-12-31
16654,MDG_0000000017,COUNTRY,JAM,AMR,Americas,YEAR,2010,,,,,,,,,0.37 [0.36-0.37],0.37,0.36,0.37,,2025-11-11T14:11:28Z,2010,2010-01-01,2010-12-31
21806,MDG_0000000017,COUNTRY,BDI,AFR,Africa,YEAR,2005,,,,,,,,,33 [21-47],33,21,47,,2025-11-11T14:11:28Z,2005,2005-01-01,2005-12-31
22447,MDG_0000000017,COUNTRY,PNG,WPR,Western Pacific,YEAR,2023,,,,,,,,,114 [83-150],114,83,150,,2025-11-11T14:11:28Z,2023,2023-01-01,2023-12-31
22917,MDG_0000000017,COUNTRY,DOM,AMR,Americas,YEAR,2009,,,,,,,,,6 [2.4-11],6,2.4,11,,2025-11-11T14:11:28Z,2009,2009-01-01,2009-12-31
27786,MDG_0000000017,COUNTRY,IRQ,EMR,Eastern Mediterranean,YEAR,2019,,,,,,,,,2.1 [1.9-2.3],2.1,1.9,2.3,,2025-11-11T14:11:28Z,2019,2019-01-01,2019-12-31
29678,MDG_0000000017,COUNTRY,HKG,,,YEAR,2007,,,,,,,,,3.4 [3.4-3.4],3.4,3.4,3.4,,2025-11-11T14:11:28Z,2007,2007-01-01,2007-12-31
34489,MDG_0000000017,COUNTRY,ARE,EMR,Eastern Mediterranean,YEAR,2010,,,,,,,,,0.67 [0.39-1],0.67,0.39,1,,2025-11-11T14:11:28Z,2010,2010-01-01,2010-12-31
35159,MDG_0000000017,COUNTRY,ARM,EUR,Europe,YEAR,2020,,,,,,,,,1.6 [1.6-1.7],1.6,1.6,1.7,,2025-11-11T14:11:28Z,2020,2020-01-01,2020-12-31
41056,MDG_0000000017,COUNTRY,GAB,AFR,Africa,YEAR,2004,,,,,,,,,55 [39-74],55,39,74,,2025-11-11T14:11:28Z,2004,2004-01-01,2004-12-31
41932,MDG_0000000017,COUNTRY,KGZ,EUR,Europe,YEAR,2002,,,,,,,,,21 [20-22],21,20,22,,2025-11-11T14:11:28Z,2002,2002-01-01,2002-12-31
46916,MDG_0000000017,COUNTRY,BGR,EUR,Europe,YEAR,2009,,,,,,,,,2.9 [2.7-3],2.9,2.7,3,,2025-11-11T14:11:28Z,2009,2009-01-01,2009-12-31
52955,MDG_0000000017,COUNTRY,EGY,EMR,Eastern Mediterranean,YEAR,2003,,,,,,,,,1.5 [1.3-1.8],1.5,1.3,1.8,,2025-11-11T14:11:28Z,2003,2003-01-01,2003-12-31
55113,MDG_0000000017,COUNTRY,DNK,EUR,Europe,YEAR,2008,,,,,,,,,0.32 [0.3-0.33],0.32,0.3,0.33,,2025-11-11T14:11:28Z,2008,2008-01-01,2008-12-31
60155,MDG_0000000017,COUNTRY,ARE,EMR,Eastern Mediterranean,YEAR,2022,,,,,,,,,0.67 [0.39-1],0.67,0.39,1,,2025-11-11T14:11:28Z,2022,2022-01-01,2022-12-31
60809,MDG_0000000017,COUNTRY,RUS,EUR,Europe,YEAR,2004,,,,,,,,,22 [22-23],22,22,23,,2025-11-11T14:11:28Z,2004,2004-01-01,2004-12-31
64990,MDG_0000000017,COUNTRY,BLR,EUR,Europe,YEAR,2009,,,,,,,,,9.5 [8.7-10],9.5,8.7,10,,2025-11-11T14:11:28Z,2009,2009-01-01,2009-12-31
66222,MDG_0000000017,COUNTRY,CAF,AFR,Africa,YEAR,2014,,,,,,,,,82 [33-154],82,33,154,,2025-11-11T14:11:28Z,2014,2014-01-01,2014-12-31
77993,MDG_0000000017,COUNTRY,IRQ,EMR,Eastern Mediterranean,YEAR,2005,,,,,,,,,5 [4.4-5.7],5,4.4,5.7,,2025-11-11T14:11:28Z,2005,2005-01-01,2005-12-31
83824,MDG_0000000017,COUNTRY,CIV,AFR,Africa,YEAR,2018,,,,,,,,,21 [14-30],21,14,30,,2025-11-11T14:11:28Z,2018,2018-01-01,2018-12-31
90454,MDG_0000000017,COUNTRY,MAR,EMR,Eastern Mediterranean,YEAR,2024,,,,,,,,,7.2 [4.1-11],7.2,4.1,11,,2025-11-11T14:11:28Z,2024,2024-01-01,2024-12-31
92882,MDG_0000000017,COUNTRY,QAT,EMR,Eastern Mediterranean,YEAR,2005,,,,,,,,,0.37 [0.31-0.43],0.37,0.31,0.43,,2025-11-11T14:11:28Z,2005,2005-01-01,2005-12-31
98114,MDG_0000000017,COUNTRY,SDN,EMR,Eastern Mediterranean,YEAR,2007,,,,,,,,,33 [18-53],33,18,53,,2025-11-11T14:11:28Z,2007,2007-01-01,2007-12-31
98155,MDG_0000000017,COUNTRY,DEU,EUR,Europe,YEAR,2006,,,,,,,,,0.53 [0.52-0.54],0.53,0.52,0.54,,2025-11-11T14:11:28Z,2006,2006-01-01,2006-12-31
99269,MDG_0000000017,COUNTRY,FIN,EUR,Europe,YEAR,2021,,,,,,,,,0.44 [0.44-0.44],0.44,0.44,0.44,,2025-11-11T14:11:28Z,2021,2021-01-01,2021-12-31
99488,MDG_0000000017,COUNTRY,CMR,AFR,Africa,YEAR,2022,,,,,,,,,21 [14-30],21,14,30,,2025-11-11T14:11:28Z,2022,2022-01-01,2022-12-31
102865,MDG_0000000017,COUNTRY,BLR,EUR,Europe,YEAR,2007,,,,,,,,,11 [10-12],11,10,12,,2025-11-11T14:11:28Z,2007,2007-01-01,2007-12-31
110076,MDG_0000000017,COUNTRY,BOL,AMR,Americas,YEAR,2013,,,,,,,,,13 [9.6-16],13,9.6,16,,2025-11-11T14:11:28Z,2013,2013-01-01,2013-12-31
111004,MDG_0000000017,COUNTRY,AUS,WPR,Western Pacific,YEAR,2002,,,,,,,,,0.33 [0.33-0.34],0.33,0.33,0.34,,2025-11-11T14:11:28Z,2002,2002-01-01,2002-12-31
115768,MDG_0000000017,COUNTRY,HRV,EUR,Europe,YEAR,2014,,,,,,,,,0.96 [0.95-0.96],0.96,0.95,0.96,,2025-11-11T14:11:28Z,2014,2014-01-01,2014-12-31
116932,MDG_0000000017,COUNTRY,GIN,AFR,Africa,YEAR,2023,,,,,,,,,17 [11-24],17,11,24,,2025-11-11T14:11:28Z,2023,2023-01-01,2023-12-31
123687,MDG_0000000017,COUNTRY,CYP,EUR,Europe,YEAR,2000,,,,,,,,,0 [0-0],0,0,0,,2025-11-11T14:11:28Z,2000,2000-01-01,2000-12-31
128732,MDG_0000000017,COUNTRY,USA,AMR,Americas,YEAR,2012,,,,,,,,,0.17 [0.17-0.17],0.17,0.17,0.17,,2025-11-11T14:11:28Z,2012,2012-01-01,2012-12-31
129010,MDG_0000000017,COUNTRY,SVK,EUR,Europe,YEAR,2007,,,,,,,,,0.66 [0.65-0.66],0.66,0.65,0.66,,2025-11-11T14:11:28Z,2007,2007-01-01,2007-12-31
134369,MDG_0000000017,COUNTRY,MNG,WPR,Western Pacific,YEAR,2016,,,,,,,,,11 [9.6-12],11,9.6,12,,2025-11-11T14:11:28Z,2016,2016-01-01,2016-12-31
147829,MDG_0000000017,COUNTRY,SEN,AFR,Africa,YEAR,2013,,,,,,,,,33 [23-45],33,23,45,,2025-11-11T14:11:28Z,2013,2013-01-01,2013-12-31
148454,MDG_0000000017,COUNTRY,BFA,AFR,Africa,YEAR,2011,,,,,,,,,16 [7-29],16,7,29,,2025-11-11T14:11:28Z,2011,2011-01-01,2011-12-31
167258,MDG_0000000017,COUNTRY,VUT,WPR,Western Pacific,YEAR,2021,,,,,,,,,12 [4.6-22],12,4.6,22,,2025-11-11T14:11:28Z,2021,2021-01-01,2021-12-31
173790,MDG_0000000017,COUNTRY,GIN,AFR,Africa,YEAR,2019,,,,,,,,,20 [14-28],20,14,28,,2025-11-11T14:11:28Z,2019,2019-01-01,2019-12-31
173915,MDG_0000000017,COUNTRY,GTM,AMR,Americas,YEAR,2005,,,,,,,,,3 [2.8-3.2],3,2.8,3.2,,2025-11-11T14:11:28Z,2005,2005-01-01,2005-12-31
174422,MDG_0000000017,COUNTRY,BRA,AMR,Americas,YEAR,2020,,,,,,,,,2.5 [2.4-2.5],2.5,2.4,2.5,,2025-11-11T14:11:28Z,2020,2020-01-01,2020-12-31
181123,MDG_0000000017,COUNTRY,STP,AFR,Africa,YEAR,2017,,,,,,,,,22 [15-30],22,15,30,,2025-11-11T14:11:28Z,2017,2017-01-01,2017-12-31
193769,MDG_0000000017,COUNTRY,JAM,AMR,Americas,YEAR,2001,,,,,,,,,0.52 [0.46-0.59],0.52,0.46,0.59,,2025-11-11T14:11:28Z,2001,2001-01-01,2001-12-31
198041,MDG_0000000017,COUNTRY,COM,AFR,Africa,YEAR,2015,,,,,,,,,10 [3.6-20],10,3.6,20,,2025-11-11T14:11:28Z,2015,2015-01-01,2015-12-31
203950,MDG_0000000017,COUNTRY,KWT,EMR,Eastern Mediterranean,YEAR,2010,,,,,,,,,1.1 [1.1-1.1],1.1,1.1,1.1,,2025-11-11T14:11:28Z,2010,2010-01-01,2010-12-31
211577,MDG_0000000017,COUNTRY,MHL,WPR,Western Pacific,YEAR,2021,,,,,,,,,92 [63-125],92,63,125,,2025-11-11T14:11:28Z,2021,2021-01-01,2021-12-31
218256,MDG_0000000017,COUNTRY,BEL,EUR,Europe,YEAR,2009,,,,,,,,,0.55 [0.54-0.56],0.55,0.54,0.56,,2025-11-11T14:11:28Z,2009,2009-01-01,2009-12-31
230375,MDG_0000000017,COUNTRY,POL,EUR,Europe,YEAR,2018,,,,,,,,,1.5 [1.4-1.6],1.5,1.4,1.6,,2025-11-11T14:11:28Z,2018,2018-01-01,2018-12-31
238307,MDG_0000000017,COUNTRY,CUB,AMR,Americas,YEAR,2015,,,,,,,,,0.44 [0.44-0.44],0.44,0.44,0.44,,2025-11-11T14:11:28Z,2015,2015-01-01,2015-12-31
243201,MDG_0000000017,COUNTRY,MMR,SEAR,South-East Asia,YEAR,2014,,,,,,,,,62 [35-96],62,35,96,,2025-11-11T14:11:28Z,2014,2014-01-01,2014-12-31
243966,MDG_0000000017,COUNTRY,BGD,SEAR,South-East Asia,YEAR,2013,,,,,,,,,47 [30-67],47,30,67,,2025-11-11T14:11:28Z,2013,2013-01-01,2013-12-31
274434,MDG_0000000017,COUNTRY,AFG,EMR,Eastern Mediterranean,YEAR,2010,,,,,,,,,54 [38-73],54,38,73,,2025-11-11T14:11:28Z,2010,2010-01-01,2010-12-31
274562,MDG_0000000017,COUNTRY,SWE,EUR,Europe,YEAR,2011,,,,,,,,,0.5 [0.49-0.51],0.5,0.49,0.51,,2025-11-11T14:11:28Z,2011,2011-01-01,2011-12-31
275114,MDG_0000000017,REGION,EUR,,,YEAR,2006,,,,,,,,,7 [6.8-7.1],7,6.8,7.1,,2025-11-11T14:11:28Z,2006,2006-01-01,2006-12-31
276833,MDG_0000000017,COUNTRY,SLV,AMR,Americas,YEAR,2013,,,,,,,,,1.2 [1-1.3],1.2,1,1.3,,2025-11-11T14:11:28Z,2013,2013-01-01,2013-12-31
281086,MDG_0000000017,COUNTRY,IRQ,EMR,Eastern Mediterranean,YEAR,2011,,,,,,,,,3.3 [3-3.6],3.3,3,3.6,,2025-11-11T14:11:28Z,2011,2011-01-01,2011-12-31
281942,MDG_0000000017,COUNTRY,BLZ,AMR,Americas,YEAR,2004,,,,,,,,,2.9 [2.8-2.9],2.9,2.8,2.9,,2025-11-11T14:11:28Z,2004,2004-01-01,2004-12-31
286203,MDG_0000000017,REGION,AFR,,,YEAR,2008,,,,,,,,,55 [45-65],55,45,65,,2025-11-11T14:11:28Z,2008,2008-01-01,2008-12-31
293432,MDG_0000000017,COUNTRY,CRI,AMR,Americas,YEAR,2020,,,,,,,,,0.72 [0.59-0.85],0.72,0.59,0.85,,2025-11-11T14:11:28Z,2020,2020-01-01,2020-12-31
300236,MDG_0000000017,COUNTRY,MLI,AFR,Africa,YEAR,2024,,,,,,,,,7.3 [2.9-13],7.3,2.9,13,,2025-11-11T14:11:28Z,2024,2024-01-01,2024-12-31
325989,MDG_0000000017,WORLDBANKINCOMEGROUP,WB_LMI,,,YEAR,2019,,,,,,,,,26 [22-29],26,22,29,,2025-11-11T14:11:28Z,2019,2019-01-01,2019-12-31
330637,MDG_0000000017,COUNTRY,ZMB,AFR,Africa,YEAR,2009,,,,,,,,,28 [17-42],28,17,42,,2025-11-11T14:11:28Z,2009,2009-01-01,2009-12-31
332612,MDG_0000000017,COUNTRY,HRV,EUR,Europe,YEAR,2016,,,,,,,,,1.4 [1.4-1.4],1.4,1.4,1.4,,2025-11-11T14:11:28Z,2016,2016-01-01,2016-12-31
338011,MDG_0000000017,GLOBAL,GLOBAL,,,YEAR,2023,,,,,,,,,14 [13-15],14,13,15,,2025-11-11T14:11:28Z,2023,2023-01-01,2023-12-31
343351,MDG_0000000017,COUNTRY,CIV,AFR,Africa,YEAR,2021,,,,,,,,,18 [11-26],18,11,26,,2025-11-11T14:11:28Z,2021,2021-01-01,2021-12-31
344191,MDG_0000000017,COUNTRY,ETH,AFR,Africa,YEAR,2014,,,,,,,,,36 [22-55],36,22,55,,2025-11-11T14:11:28Z,2014,2014-01-01,2014-12-31
362310,MDG_0000000017,COUNTRY,ZAF,AFR,Africa,YEAR,2024,,,,,,,,,40 [38-42],40,38,42,,2025-11-11T14:11:28Z,2024,2024-01-01,2024-12-31
363061,MDG_0000000017,COUNTRY,LUX,EUR,Europe,YEAR,2021,,,,,,,,,0.17 [0.16-0.17],0.17,0.16,0.17,,2025-11-11T14:11:28Z,2021,2021-01-01,2021-12-31
363505,MDG_0000000017,COUNTRY,BTN,SEAR,South-East Asia,YEAR,2017,,,,,,,,,47 [32-64],47,32,64,,2025-11-11T14:11:28Z,2017,2017-01-01,2017-12-31
369783,MDG_0000000017,COUNTRY,LTU,EUR,Europe,YEAR,2003,,,,,,,,,11 [9.5-14],11,9.5,14,,2025-11-11T14:11:28Z,2003,2003-01-01,2003-12-31
374511,MDG_0000000017,WORLDBANKINCOMEGROUP,WB_LMI,,,YEAR,2009,,,,,,,,,41 [35-47],41,35,47,,2025-11-11T14:11:28Z,2009,2009-01-01,2009-12-31
375608,MDG_0000000017,COUNTRY,TLS,SEAR,South-East Asia,YEAR,2016,,,,,,,,,55 [39-73],55,39,73,,2025-11-11T14:11:28Z,2016,2016-01-01,2016-12-31
375994,MDG_0000000017,COUNTRY,ARE,EMR,Eastern Mediterranean,YEAR,2008,,,,,,,,,0.83 [0.52-1.2],0.83,0.52,1.2,,2025-11-11T14:11:28Z,2008,2008-01-01,2008-12-31
376274,MDG_0000000017,COUNTRY,CMR,AFR,Africa,YEAR,2003,,,,,,,,,27 [16-42],27,16,42,,2025-11-11T14:11:28Z,2003,2003-01-01,2003-12-31
376327,MDG_0000000017,COUNTRY,KHM,WPR,Western Pacific,YEAR,2006,,,,,,,,,23 [6.4-50],23,6.4,50,,2025-11-11T14:11:28Z,2006,2006-01-01,2006-12-31
383825,MDG_0000000017,COUNTRY,BEN,AFR,Africa,YEAR,2020,,,,,,,,,7.5 [3.3-14],7.5,3.3,14,,2025-11-11T14:11:28Z,2020,2020-01-01,2020-12-31
389892,MDG_0000000017,COUNTRY,BGR,EUR,Europe,YEAR,2019,,,,,,,,,1.6 [1.5-1.7],1.6,1.5,1.7,,2025-11-11T14:11:28Z,2019,2019-01-01,2019-12-31
396355,MDG_0000000017,COUNTRY,HND,AMR,Americas,YEAR,2018,,,,,,,,,4.4 [3.7-5.3],4.4,3.7,5.3,,2025-11-11T14:11:28Z,2018,2018-01-01,2018-12-31
414960,MDG_0000000017,COUNTRY,CYP,EUR,Europe,YEAR,2018,,,,,,,,,0.4 [0.35-0.46],0.4,0.35,0.46,,2025-11-11T14:11:28Z,2018,2018-01-01,2018-12-31
421856,MDG_0000000017,COUNTRY,COD,AFR,Africa,YEAR,2014,,,,,,,,,117 [49-215],117,49,215,,2025-11-11T14:11:28Z,2014,2014-01-01,2014-12-31
433447,MDG_0000000017,COUNTRY,GAB,AFR,Africa,YEAR,2009,,,,,,,,,63 [36-98],63,36,98,,2025-11-11T14:11:28Z,2009,2009-01-01,2009-12-31
440767,MDG_0000000017,COUNTRY,TTO,AMR,Americas,YEAR,2018,,,,,,,,,1.5 [1.4-1.5],1.5,1.4,1.5,,2025-11-11T14:11:28Z,2018,2018-01-01,2018-12-31
445927,MDG_0000000017,COUNTRY,ARE,EMR,Eastern Mediterranean,YEAR,2007,,,,,,,,,0.73 [0.51-0.99],0.73,0.51,0.99,,2025-11-11T14:11:28Z,2007,2007-01-01,2007-12-31
446340,MDG_0000000017,COUNTRY,HKG,,,YEAR,2023,,,,,,,,,1.6 [1.6-1.6],1.6,1.6,1.6,,2025-11-11T14:11:28Z,2023,2023-01-01,2023-12-31
458145,MDG_0000000017,COUNTRY,LVA,EUR,Europe,YEAR,2008,,,,,,,,,5.8 [5.5-6.1],5.8,5.5,6.1,,2025-11-11T14:11:28Z,2008,2008-01-01,2008-12-31
463354,MDG_0000000017,COUNTRY,GBR,EUR,Europe,YEAR,2015,,,,,,,,,0.53 [0.52-0.54],0.53,0.52,0.54,,2025-11-11T14:11:28Z,2015,2015-01-01,2015-12-31
464522,MDG_0000000017,COUNTRY,KGZ,EUR,Europe,YEAR,2005,,,,,,,,,16 [15-16],16,15,16,,2025-11-11T14:11:28Z,2005,2005-01-01,2005-12-31
471637,MDG_0000000017,COUNTRY,VNM,WPR,Western Pacific,YEAR,2016,,,,,,,,,13 [8.8-19],13,8.8,19,,2025-11-11T14:11:28Z,2016,2016-01-01,2016-12-31
471737,MDG_0000000017,COUNTRY,JPN,WPR,Western Pacific,YEAR,2016,,,,,,,,,2.3 [2.2-2.5],2.3,2.2,2.5,,2025-11-11T14:11:28Z,2016,2016-01-01,2016-12-31
476336,MDG_0000000017,COUNTRY,CYP,EUR,Europe,YEAR,2003,,,,,,,,,0.31 [0.25-0.36],0.31,0.25,0.36,,2025-11-11T14:11:28Z,2003,2003-01-01,2003-12-31
477408,MDG_0000000017,COUNTRY,SLE,AFR,Africa,YEAR,2005,,,,,,,,,166 [70-303],166,70,303,,2025-11-11T14:11:28Z,2005,2005-01-01,2005-12-31
483515,MDG_0000000017,COUNTRY,AZE,EUR,Europe,YEAR,2023,,,,,,,,,5.5 [5-6.1],5.5,5,6.1,,2025-11-11T14:11:28Z,2023,2023-01-01,2023-12-31
488608,MDG_0000000017,COUNTRY,BEL,EUR,Europe,YEAR,2016,,,,,,,,,0.28 [0.27-0.29],0.28,0.27,0.29,,2025-11-11T14:11:28Z,2016,2016-01-01,2016-12-31
488666,MDG_0000000017,COUNTRY,ROU,EUR,Europe,YEAR,2017,,,,,,,,,4.7 [4.6-4.7],4.7,4.6,4.7,,2025-11-11T14:11:28Z,2017,2017-01-01,2017-12-31
494384,MDG_0000000017,COUNTRY,MAR,EMR,Eastern Mediterranean,YEAR,2000,,,,,,,,,8.4 [4.8-13],8.4,4.8,13,,2025-11-11T14:11:28Z,2000,2000-01-01,2000-12-31
496665,MDG_0000000017,COUNTRY,BGR,EUR,Europe,YEAR,2010,,,,,,,,,2.9 [2.8-3.1],2.9,2.8,3.1,,2025-11-11T14:11:28Z,2010,2010-01-01,2010-12-31
503489,MDG_0000000017,COUNTRY,MKD,EUR,Europe,YEAR,2006,,,,,,,,,3.1 [3-3.2],3.1,3,3.2,,2025-11-11T14:11:28Z,2006,2006-01-01,2006-12-31
508791,MDG_0000000017,COUNTRY,SRB,EUR,Europe,YEAR,2021,,,,,,,,,0.61 [0.56-0.66],0.61,0.56,0.66,,2025-11-11T14:11:28Z,2021,2021-01-01,2021-12-31
513359,MDG_0000000017,COUNTRY,MEX,AMR,Americas,YEAR,2010,,,,,,,,,2.3 [2.3-2.3],2.3,2.3,2.3,,2025-11-11T14:11:28Z,2010,2010-01-01,2010-12-31
514245,MDG_0000000017,COUNTRY,IRL,EUR,Europe,YEAR,2005,,,,,,,,,0.59 [0.59-0.6],0.59,0.59,0.6,,2025-11-11T14:11:28Z,2005,2005-01-01,2005-12-31
514985,MDG_0000000017,COUNTRY,HND,AMR,Americas,YEAR,2007,,,,,,,,,4.9 [4-5.9],4.9,4,5.9,,2025-11-11T14:11:28Z,2007,2007-01-01,2007-12-31
516480,MDG_0000000017,COUNTRY,HKG,,,YEAR,2022,,,,,,,,,1.7 [1.7-1.8],1.7,1.7,1.8,,2025-11-11T14:11:28Z,2022,2022-01-01,2022-12-31
520544,MDG_0000000017,COUNTRY,NER,AFR,Africa,YEAR,2022,,,,,,,,,12 [6.9-19],12,6.9,19,,2025-11-11T14:11:28Z,2022,2022-01-01,2022-12-31
533378,MDG_0000000017,COUNTRY,FJI,WPR,Western Pacific,YEAR,2004,,,,,,,,,3.9 [3.8-4],3.9,3.8,4,,2025-11-11T14:11:28Z,2004,2004-01-01,2004-12-31
533836,MDG_0000000017,COUNTRY,PHL,WPR,Western Pacific,YEAR,2006,,,,,,,,,38 [34-42],38,34,42,,2025-11-11T14:11:28Z,2006,2006-01-01,2006-12-31
545125,MDG_0000000017,COUNTRY,DNK,EUR,Europe,YEAR,2017,,,,,,,,,0.24 [0.23-0.25],0.24,0.23,0.25,,2025-11-11T14:11:28Z,2017,2017-01-01,2017-12-31
545214,MDG_0000000017,COUNTRY,BLR,EUR,Europe,YEAR,2022,,,,,,,,,2.2 [2.1-2.3],2.2,2.1,2.3,,2025-11-11T14:11:28Z,2022,2022-01-01,2022-12-31
546884,MDG_0000000017,COUNTRY,ITA,EUR,Europe,YEAR,2016,,,,,,,,,0.51 [0.5-0.51],0.51,0.5,0.51,,2025-11-11T14:11:28Z,2016,2016-01-01,2016-12-31
547890,MDG_0000000017,COUNTRY,IDN,WPR,Western Pacific,YEAR,2023,,,,,,,,,44 [39-51],44,39,51,,2025-11-11T14:11:28Z,2023,2023-01-01,2023-12-31
551733,MDG_0000000017,COUNTRY,GEO,EUR,Europe,YEAR,2007,,,,,,,,,6 [5.5-6.5],6,5.5,6.5,,2025-11-11T14:11:28Z,2007,2007-01-01,2007-12-31
552191,MDG_0000000017,COUNTRY,CPV,AFR,Africa,YEAR,2020,,,,,,,,,4.8 [3.1-6.9],4.8,3.1,6.9,,2025-11-11T14:11:28Z,2020,2020-01-01,2020-12-31
560229,MDG_0000000017,COUNTRY,IDN,WPR,Western Pacific,YEAR,2017,,,,,,,,,36 [33-38],36,33,38,,2025-11-11T14:11:28Z,2017,2017-01-01,2017-12-31
566398,MDG_0000000017,REGION,WPR,,,YEAR,2013,,,,,,,,,10 [9.9-11],10,9.9,11,,2025-11-11T14:11:28Z,2013,2013-01-01,2013-12-31
571204,MDG_0000000017,REGION,EUR,,,YEAR,2016,,,,,,,,,3 [3-3.1],3,3,3.1,,2025-11-11T14:11:28Z,2016,2016-01-01,2016-12-31
579142,MDG_0000000017,COUNTRY,BWA,AFR,Africa,YEAR,2000,,,,,,,,,41 [15-80],41,15,80,,2025-11-11T14:11:28Z,2000,2000-01-01,2000-12-31
590272,MDG_0000000017,COUNTRY,AUT,EUR,Europe,YEAR,2001,,,,,,,,,0.7 [0.7-0.71],0.7,0.7,0.71,,2025-11-11T14:11:28Z,2001,2001-01-01,2001-12-31
591363,MDG_0000000017,COUNTRY,MAC,,,YEAR,2000,,,,,,,,,65 [45-89],65,45,89,,2025-11-11T14:11:28Z,2000,2000-01-01,2000-12-31
591900,MDG_0000000017,COUNTRY,PAN,AMR,Americas,YEAR,2020,,,,,,,,,4.6 [4.5-4.8],4.6,4.5,4.8,,2025-11-11T14:11:28Z,2020,2020-01-01,2020-12-31
596355,MDG_0000000017,COUNTRY,ZWE,AFR,Africa,YEAR,2008,,,,,,,,,28 [10-54],28,10,54,,2025-11-11T14:11:28Z,2008,2008-01-01,2008-12-31
602027,MDG_0000000017,COUNTRY,PAK,EMR,Eastern Mediterranean,YEAR,2004,,,,,,,,,34 [30-38],34,30,38,,2025-11-11T14:11:28Z,2004,2004-01-01,2004-12-31
602627,MDG_0000000017,COUNTRY,UKR,EUR,Europe,YEAR,2024,,,,,,,,,7 [6.7-7.3],7,6.7,7.3,,2025-11-11T14:11:28Z,2024,2024-01-01,2024-12-31
610580,MDG_0000000017,COUNTRY,ESP,EUR,Europe,YEAR,2004,,,,,,,,,1.1 [1-1.1],1.1,1,1.1,,2025-11-11T14:11:28Z,2004,2004-01-01,2004-12-31
610688,MDG_0000000017,REGION,EUR,,,YEAR,2014,,,,,,,,,3.7 [3.6-3.9],3.7,3.6,3.9,,2025-11-11T14:11:28Z,2014,2014-01-01,2014-12-31
615607,MDG_0000000017,COUNTRY,RUS,EUR,Europe,YEAR,2017,,,,,,,,,7 [6.8-7.3],7,6.8,7.3,,2025-11-11T14:11:28Z,2017,2017-01-01,2017-12-31
617030,MDG_0000000017,COUNTRY,MKD,EUR,Europe,YEAR,2010,,,,,,,,,1.7 [1.6-1.7],1.7,1.6,1.7,,2025-11-11T14:11:28Z,2010,2010-01-01,2010-12-31
628342,MDG_0000000017,COUNTRY,IRL,EUR,Europe,YEAR,2007,,,,,,,,,1.2 [1.2-1.2],1.2,1.2,1.2,,2025-11-11T14:11:28Z,2007,2007-01-01,2007-12-31
629607,MDG_0000000017,COUNTRY,SLB,WPR,Western Pacific,YEAR,2005,,,,,,,,,104 [71-142],104,71,142,,2025-11-11T14:11:28Z,2005,2005-01-01,2005-12-31
634011,MDG_0000000017,COUNTRY,BOL,AMR,Americas,YEAR,2000,,,,,,,,,29 [24-35],29,24,35,,2025-11-11T14:11:28Z,2000,2000-01-01,2000-12-31
634978,MDG_0000000017,COUNTRY,BIH,EUR,Europe,YEAR,2012,,,,,,,,,4.6 [4.3-4.9],4.6,4.3,4.9,,2025-11-11T14:11:28Z,2012,2012-01-01,2012-12-31
634994,MDG_0000000017,COUNTRY,HTI,AMR,Americas,YEAR,2023,,,,,,,,,7.9 [5-12],7.9,5,12,,2025-11-11T14:11:28Z,2023,2023-01-01,2023-12-31
636542,MDG_0000000017,COUNTRY,ECU,AMR,Americas,YEAR,2010,,,,,,,,,4.9 [4.1-5.8],4.9,4.1,5.8,,2025-11-11T14:11:28Z,2010,2010-01-01,2010-12-31
642019,MDG_0000000017,COUNTRY,ZMB,AFR,Africa,YEAR,2016,,,,,,,,,29 [17-43],29,17,43,,2025-11-11T14:11:28Z,2016,2016-01-01,2016-12-31
648375,MDG_0000000017,COUNTRY,MEX,AMR,Americas,YEAR,2023,,,,,,,,,2.1 [1.7-2.7],2.1,1.7,2.7,,2025-11-11T14:11:28Z,2023,2023-01-01,2023-12-31
659065,MDG_0000000017,COUNTRY,USA,AMR,Americas,YEAR,2021,,,,,,,,,0.18 [0.18-0.18],0.18,0.18,0.18,,2025-11-11T14:11:28Z,2021,2021-01-01,2021-12-31
661092,MDG_0000000017,COUNTRY,BGD,SEAR,South-East Asia,YEAR,2011,,,,,,,,,54 [34-77],54,34,77,,2025-11-11T14:11:28Z,2011,2011-01-01,2011-12-31
664822,MDG_0000000017,COUNTRY,LBR,AFR,Africa,YEAR,2010,,,,,,,,,59 [40-82],59,40,82,,2025-11-11T14:11:28Z,2010,2010-01-01,2010-12-31
666386,MDG_0000000017,COUNTRY,PSE,EMR,Eastern Mediterranean,YEAR,2021,,,,,,,,,0.1 [0.07-0.14],0.1,0.07,0.14,,2025-11-11T14:11:28Z,2021,2021-01-01,2021-12-31
671900,MDG_0000000017,COUNTRY,SVK,EUR,Europe,YEAR,2001,,,,,,,,,1.1 [1.1-1.1],1.1,1.1,1.1,,2025-11-11T14:11:28Z,2001,2001-01-01,2001-12-31
673080,MDG_0000000017,COUNTRY,COM,AFR,Africa,YEAR,2016,,,,,,,,,8.8 [3.2-17],8.8,3.2,17,,2025-11-11T14:11:28Z,2016,2016-01-01,2016-12-31
673594,MDG_0000000017,COUNTRY,SEN,AFR,Africa,YEAR,2016,,,,,,,,,32 [22-44],32,22,44,,2025-11-11T14:11:28Z,2016,2016-01-01,2016-12-31
673630,MDG_0000000017,COUNTRY,IRL,EUR,Europe,YEAR,2000,,,,,,,,,1.5 [1.3-1.6],1.5,1.3,1.6,,2025-11-11T14:11:28Z,2000,2000-01-01,2000-12-31
677470,MDG_0000000017,COUNTRY,ERI,AFR,Africa,YEAR,2007,,,,,,,,,105 [70-148],105,70,148,,2025-11-11T14:11:28Z,2007,2007-01-01,2007-12-31
684005,MDG_0000000017,COUNTRY,JPN,WPR,Western Pacific,YEAR,2014,,,,,,,,,2.6 [2.5-2.7],2.6,2.5,2.7,,2025-11-11T14:11:28Z,2014,2014-01-01,2014-12-31
685273,MDG_0000000017,COUNTRY,KWT,EMR,Eastern Mediterranean,YEAR,2004,,,,,,,,,1.2 [1.1-1.2],1.2,1.1,1.2,,2025-11-11T14:11:28Z,2004,2004-01-01,2004-12-31
685760,MDG_0000000017,COUNTRY,COM,AFR,Africa,YEAR,2021,,,,,,,,,7.1 [1.6-17],7.1,1.6,17,,2025-11-11T14:11:28Z,2021,2021-01-01,2021-12-31
690096,MDG_0000000017,COUNTRY,AFG,EMR,Eastern Mediterranean,YEAR,2024,,,,,,,,,34 [23-46],34,23,46,,2025-11-11T14:11:28Z,2024,2024-01-01,2024-12-31
698367,MDG_0000000017,COUNTRY,KEN,AFR,Africa,YEAR,2009,,,,,,,,,80 [45-125],80,45,125,,2025-11-11T14:11:28Z,2009,2009-01-01,2009-12-31
717429,MDG_0000000017,COUNTRY,CPV,AFR,Africa,YEAR,2022,,,,,,,,,3.4 [2.2-4.9],3.4,2.2,4.9,,2025-11-11T14:11:28Z,2022,2022-01-01,2022-12-31
717637,MDG_0000000017,COUNTRY,TKM,EUR,Europe,YEAR,2011,,,,,,,,,12 [10-13],12,10,13,,2025-11-11T14:11:28Z,2011,2011-01-01,2011-12-31
721976,MDG_0000000017,COUNTRY,BRA,AMR,Americas,YEAR,2002,,,,,,,,,3.7 [3.4-4.1],3.7,3.4,4.1,,2025-11-11T14:11:28Z,2002,2002-01-01,2002-12-31
723027,MDG_0000000017,COUNTRY,HUN,EUR,Europe,YEAR,2022,,,,,,,,,0.57 [0.54-0.61],0.57,0.54,0.61,,2025-11-11T14:11:28Z,2022,2022-01-01,2022-12-31
728652,MDG_0000000017,COUNTRY,SYR,EMR,Eastern Mediterranean,YEAR,2000,,,,,,,,,0.49 [0.42-0.56],0.49,0.42,0.56,,2025-11-11T14:11:28Z,2000,2000-01-01,2000-12-31
730494,MDG_0000000017,COUNTRY,AFG,EMR,Eastern Mediterranean,YEAR,2018,,,,,,,,,39 [27-52],39,27,52,,2025-11-11T14:11:28Z,2018,2018-01-01,2018-12-31
735344,MDG_0000000017,COUNTRY,DZA,AFR,Africa,YEAR,2022,,,,,,,,,7.2 [4.9-10],7.2,4.9,10,,2025-11-11T14:11:28Z,2022,2022-01-01,2022-12-31
743100,MDG_0000000017,COUNTRY,KWT,EMR,Eastern Mediterranean,YEAR,2011,,,,,,,,,0.51 [0.51-0.52],0.51,0.51,0.52,,2025-11-11T14:11:28Z,2011,2011-01-01,2011-12-31
749539,MDG_0000000017,COUNTRY,GIN,AFR,Africa,YEAR,2015,,,,,,,,,26 [18-36],26,18,36,,2025-11-11T14:11:28Z,2015,2015-01-01,2015-12-31
754200,MDG_0000000017,COUNTRY,SEN,AFR,Africa,YEAR,2022,,,,,,,,,24 [16-33],24,16,33,,2025-11-11T14:11:28Z,2022,2022-01-01,2022-12-31
755290,MDG_0000000017,COUNTRY,FJI,WPR,Western Pacific,YEAR,2023,,,,,,,,,4.4 [4.3-4.5],4.4,4.3,4.5,,2025-11-11T14:11:28Z,2023,2023-01-01,2023-12-31
760105,MDG_0000000017,COUNTRY,PER,AMR,Americas,YEAR,2010,,,,,,,,,7.6 [6.4-9],7.6,6.4,9,,2025-11-11T14:11:28Z,2010,2010-01-01,2010-12-31
761055,MDG_0000000017,COUNTRY,DJI,EMR,Eastern Mediterranean,YEAR,2017,,,,,,,,,112 [77-153],112,77,153,,2025-11-11T14:11:28Z,2017,2017-01-01,2017-12-31
761269,MDG_0000000017,GLOBAL,GLOBAL,,,YEAR,2003,,,,,,,,,29 [26-33],29,26,33,,2025-11-11T14:11:28Z,2003,2003-01-01,2003-12-31
762164,MDG_0000000017,COUNTRY,MDV,SEAR,South-East Asia,YEAR,2022,,,,,,,,,1.7 [1.5-1.9],1.7,1.5,1.9,,2025-11-11T14:11:28Z,2022,2022-01-01,2022-12-31
774929,MDG_0000000017,WORLDBANKINCOMEGROUP,WB_UMI,,,YEAR,2012,,,,,,,,,8.3 [8-8.6],8.3,8,8.6,,2025-11-11T14:11:28Z,2012,2012-01-01,2012-12-31
775139,MDG_0000000017,COUNTRY,HTI,AMR,Americas,YEAR,2017,,,,,,,,,9.5 [6.5-13],9.5,6.5,13,,2025-11-11T14:11:28Z,2017,2017-01-01,2017-12-31
779253,MDG_0000000017,COUNTRY,PRY,AMR,Americas,YEAR,2013,,,,,,,,,3.6 [3.3-3.8],3.6,3.3,3.8,,2025-11-11T14:11:28Z,2013,2013-01-01,2013-12-31
781556,MDG_0000000017,COUNTRY,KHM,WPR,Western Pacific,YEAR,2011,,,,,,,,,23 [11-40],23,11,40,,2025-11-11T14:11:28Z,2011,2011-01-01,2011-12-31
785099,MDG_0000000017,COUNTRY,SOM,EMR,Eastern Mediterranean,YEAR,2019,,,,,,,,,33 [23-45],33,23,45,,2025-11-11T14:11:28Z,2019,2019-01-01,2019-12-31
785353,MDG_0000000017,COUNTRY,NOR,EUR,Europe,YEAR,2022,,,,,,,,,0.09 [0.09-0.09],0.09,0.09,0.09,,2025-11-11T14:11:28Z,2022,2022-01-01,2022-12-31
788063,MDG_0000000017,COUNTRY,KHM,WPR,Western Pacific,YEAR,2024,,,,,,,,,17 [8.7-29],17,8.7,29,,2025-11-11T14:11:28Z,2024,2024-01-01,2024-12-31
788298,MDG_0000000017,COUNTRY,CHE,EUR,Europe,YEAR,2017,,,,,,,,,0.2 [0.19-0.2],0.2,0.19,0.2,,2025-11-11T14:11:28Z,2017,2017-01-01,2017-12-31
791575,MDG_0000000017,COUNTRY,DNK,EUR,Europe,YEAR,2000,,,,,,,,,0.9 [0.65-1.2],0.9,0.65,1.2,,2025-11-11T14:11:28Z,2000,2000-01-01,2000-12-31
792243,MDG_0000000017,COUNTRY,SVN,EUR,Europe,YEAR,2015,,,,,,,,,0.54 [0.53-0.54],0.54,0.53,0.54,,2025-11-11T14:11:28Z,2015,2015-01-01,2015-12-31
792945,MDG_0000000017,COUNTRY,VNM,WPR,Western Pacific,YEAR,2013,,,,,,,,,18 [13-25],18,13,25,,2025-11-11T14:11:28Z,2013,2013-01-01,2013-12-31
806239,MDG_0000000017,COUNTRY,IRN,EMR,Eastern Mediterranean,YEAR,2011,,,,,,,,,0.89 [0.77-1],0.89,0.77,1,,2025-11-11T14:11:28Z,2011,2011-01-01,2011-12-31
813213,MDG_0000000017,COUNTRY,MNG,WPR,Western Pacific,YEAR,2022,,,,,,,,,12 [10-13],12,10,13,,2025-11-11T14:11:28Z,2022,2022-01-01,2022-12-31
825390,MDG_0000000017,COUNTRY,CYP,EUR,Europe,YEAR,2021,,,,,,,,,0.18 [0.16-0.19],0.18,0.16,0.19,,2025-11-11T14:11:28Z,2021,2021-01-01,2021-12-31
826312,MDG_0000000017,COUNTRY,IRN,EMR,Eastern Mediterranean,YEAR,2013,,,,,,,,,0.8 [0.72-0.89],0.8,0.72,0.89,,2025-11-11T14:11:28Z,2013,2013-01-01,2013-12-31
832646,MDG_0000000017,COUNTRY,COD,AFR,Africa,YEAR,2006,,,,,,,,,131 [53-243],131,53,243,,2025-11-11T14:11:28Z,2006,2006-01-01,2006-12-31
832704,MDG_0000000017,COUNTRY,YEM,EMR,Eastern Mediterranean,YEAR,2015,,,,,,,,,9 [6.4-12],9,6.4,12,,2025-11-11T14:11:28Z,2015,2015-01-01,2015-12-31
849809,MDG_0000000017,COUNTRY,MOZ,AFR,Africa,YEAR,2016,,,,,,,,,29 [17-45],29,17,45,,2025-11-11T14:11:28Z,2016,2016-01-01,2016-12-31
855445,MDG_0000000017,COUNTRY,ARM,EUR,Europe,YEAR,2004,,,,,,,,,6.9 [5.6-8.4],6.9,5.6,8.4,,2025-11-11T14:11:28Z,2004,2004-01-01,2004-12-31
857137,MDG_0000000017,COUNTRY,NLD,EUR,Europe,YEAR,2021,,,,,,,,,0.12 [0.12-0.12],0.12,0.12,0.12,,2025-11-11T14:11:28Z,2021,2021-01-01,2021-12-31
857262,MDG_0000000017,COUNTRY,MHL,WPR,Western Pacific,YEAR,2013,,,,,,,,,110 [76-150],110,76,150,,2025-11-11T14:11:28Z,2013,2013-01-01,2013-12-31
863571,MDG_0000000017,COUNTRY,PAN,AMR,Americas,YEAR,2003,,,,,,,,,6.4 [6-6.8],6.4,6,6.8,,2025-11-11T14:11:28Z,2003,2003-01-01,2003-12-31
864012,MDG_0000000017,COUNTRY,LAO,WPR,Western Pacific,YEAR,2003,,,,,,,,,106 [62-162],106,62,162,,2025-11-11T14:11:28Z,2003,2003-01-01,2003-12-31
869579,MDG_0000000017,COUNTRY,COM,AFR,Africa,YEAR,2008,,,,,,,,,10 [4.3-19],10,4.3,19,,2025-11-11T14:11:28Z,2008,2008-01-01,2008-12-31
874050,MDG_0000000017,COUNTRY,ZMB,AFR,Africa,YEAR,2010,,,,,,,,,29 [17-43],29,17,43,,2025-11-11T14:11:28Z,2010,2010-01-01,2010-12-31
874756,MDG_0000000017,COUNTRY,SEN,AFR,Africa,YEAR,2021,,,,,,,,,26 [17-37],26,17,37,,2025-11-11T14:11:28Z,2021,2021-01-01,2021-12-31
876468,MDG_0000000017,COUNTRY,BGD,SEAR,South-East Asia,YEAR,2022,,,,,,,,,26 [17-38],26,17,38,,2025-11-11T14:11:28Z,2022,2022-01-01,2022-12-31
881513,MDG_0000000017,COUNTRY,ERI,AFR,Africa,YEAR,2024,,,,,,,,,29 [20-39],29,20,39,,2025-11-11T14:11:28Z,2024,2024-01-01,2024-12-31
883029,MDG_0000000017,COUNTRY,COD,AFR,Africa,YEAR,2012,,,,,,,,,119 [49-220],119,49,220,,2025-11-11T14:11:28Z,2012,2012-01-01,2012-12-31
886855,MDG_0000000017,COUNTRY,TGO,AFR,Africa,YEAR,2013,,,,,,,,,13 [7.2-21],13,7.2,21,,2025-11-11T14:11:28Z,2013,2013-01-01,2013-12-31
887669,MDG_0000000017,COUNTRY,GMB,AFR,Africa,YEAR,2003,,,,,,,,,23 [14-33],23,14,33,,2025-11-11T14:11:28Z,2003,2003-01-01,2003-12-31
893295,MDG_0000000017,COUNTRY,SAU,EMR,Eastern Mediterranean,YEAR,2024,,,,,,,,,0.54 [0.52-0.57],0.54,0.52,0.57,,2025-11-11T14:11:28Z,2024,2024-01-01,2024-12-31
894007,MDG_0000000017,COUNTRY,MNG,WPR,Western Pacific,YEAR,2009,,,,,,,,,13 [12-14],13,12,14,,2025-11-11T14:11:28Z,2009,2009-01-01,2009-12-31
895429,MDG_0000000017,COUNTRY,MMR,SEAR,South-East Asia,YEAR,2008,,,,,,,,,120 [67-187],120,67,187,,2025-11-11T14:11:28Z,2008,2008-01-01,2008-12-31
902601,MDG_0000000017,COUNTRY,GUY,AMR,Americas,YEAR,2014,,,,,,,,,11 [11-12],11,11,12,,2025-11-11T14:11:28Z,2014,2014-01-01,2014-12-31
907617,MDG_0000000017,COUNTRY,LVA,EUR,Europe,YEAR,2017,,,,,,,,,3.8 [3.7-3.9],3.8,3.7,3.9,,2025-11-11T14:11:28Z,2017,2017-01-01,2017-12-31
913190,MDG_0000000017,COUNTRY,UZB,EUR,Europe,YEAR,2019,,,,,,,,,3.4 [3.1-3.7],3.4,3.1,3.7,,2025-11-11T14:11:28Z,2019,2019-01-01,2019-12-31
919536,MDG_0000000017,COUNTRY,BHR,EMR,Eastern Mediterranean,YEAR,2003,,,,,,,,,0.3 [0.28-0.33],0.3,0.28,0.33,,2025-11-11T14:11:28Z,2003,2003-01-01,2003-12-31
927674,MDG_0000000017,COUNTRY,ECU,AMR,Americas,YEAR,2022,,,,,,,,,4.5 [3.8-5.4],4.5,3.8,5.4,,2025-11-11T14:11:28Z,2022,2022-01-01,2022-12-31
939008,MDG_0000000017,COUNTRY,TKM,EUR,Europe,YEAR,2021,,,,,,,,,10 [8.6-12],10,8.6,12,,2025-11-11T14:11:28Z,2021,2021-01-01,2021-12-31
945303,MDG_0000000017,COUNTRY,EGY,EMR,Eastern Mediterranean,YEAR,2008,,,,,,,,,1.1 [0.92-1.2],1.1,0.92,1.2,,2025-11-11T14:11:28Z,2008,2008-01-01,2008-12-31
952097,MDG_0000000017,COUNTRY,ARG,AMR,Americas,YEAR,2012,,,,,,,,,1.5 [1.4-1.6],1.5,1.4,1.6,,2025-11-11T14:11:28Z,2012,2012-01-01,2012-12-31
957568,MDG_0000000017,COUNTRY,BFA,AFR,Africa,YEAR,2023,,,,,,,,,9.3 [4.2-16],9.3,4.2,16,,2025-11-11T14:11:28Z,2023,2023-01-01,2023-12-31
958950,MDG_0000000017,COUNTRY,TUN,EMR,Eastern Mediterranean,YEAR,2004,,,,,,,,,1.7 [1.3-2],1.7,1.3,2,,2025-11-11T14:11:28Z,2004,2004-01-01,2004-12-31
962945,MDG_0000000017,REGION,AFR,,,YEAR,2003,,,,,,,,,61 [49-73],61,49,73,,2025-11-11T14:11:28Z,2003,2003-01-01,2003-12-31
970089,MDG_0000000017,COUNTRY,BDI,AFR,Africa,YEAR,2018,,,,,,,,,19 [12-28],19,12,28,,2025-11-11T14:11:28Z,2018,2018-01-01,2018-12-31
970951,MDG_0000000017,COUNTRY,TJK,EUR,Europe,YEAR,2008,,,,,,,,,12 [11-13],12,11,13,,2025-11-11T14:11:28Z,2008,2008-01-01,2008-12-31
976388,MDG_0000000017,COUNTRY,YEM,EMR,Eastern Mediterranean,YEAR,2013,,,,,,,,,4.1 [2.6-6],4.1,2.6,6,,2025-11-11T14:11:28Z,2013,2013-01-01,2013-12-31
976937,MDG_0000000017,COUNTRY,LTU,EUR,Europe,YEAR,2012,,,,,,,,,9 [8.8-9.2],9,8.8,9.2,,2025-11-11T14:11:28Z,2012,2012-01-01,2012-12-31
982981,MDG_0000000017,WORLDBANKINCOMEGROUP,WB_UMI,,,YEAR,2019,,,,,,,,,6.7 [6.4-7],6.7,6.4,7,,2025-11-11T14:11:28Z,2019,2019-01-01,2019-12-31
983135,MDG_0000000017,COUNTRY,BDI,AFR,Africa,YEAR,2015,,,,,,,,,24 [16-35],24,16,35,,2025-11-11T14:11:28Z,2015,2015-01-01,2015-12-31
995032,MDG_0000000017,COUNTRY,PAK,EMR,Eastern Mediterranean,YEAR,2009,,,,,,,,,28 [24-33],28,24,33,,2025-11-11T14:11:28Z,2009,2009-01-01,2009-12-31
996748,MDG_0000000017,COUNTRY,BEL,EUR,Europe,YEAR,2012,,,,,,,,,0.54 [0.52-0.56],0.54,0.52,0.56,,2025-11-11T14:11:28Z,2012,2012-01-01,2012-12-31
996990,MDG_0000000017,COUNTRY,CZE,EUR,Europe,YEAR,2000,,,,,,,,,1.2 [1.2-1.3],1.2,1.2,1.3,,2025-11-11T14:11:28Z,2000,2000-01-01,2000-12-31
1001898,MDG_0000000017,COUNTRY,NLD,EUR,Europe,YEAR,2003,,,,,,,,,0.46 [0.45-0.47],0.46,0.45,0.47,,2025-11-11T14:11:28Z,2003,2003-01-01,2003-12-31
1002530,MDG_0000000017,COUNTRY,LTU,EUR,Europe,YEAR,2014,,,,,,,,,8.2 [8-8.4],8.2,8,8.4,,2025-11-11T14:11:28Z,2014,2014-01-01,2014-12-31
1003449,MDG_0000000017,COUNTRY,NAM,AFR,Africa,YEAR,2005,,,,,,,,,69 [27-131],69,27,131,,2025-11-11T14:11:28Z,2005,2005-01-01,2005-12-31
1003629,MDG_0000000017,COUNTRY,ETH,AFR,Africa,YEAR,2016,,,,,,,,,26 [16-37],26,16,37,,2025-11-11T14:11:28Z,2016,2016-01-01,2016-12-31
1003965,MDG_0000000017,COUNTRY,GBR,EUR,Europe,YEAR,2022,,,,,,,,,0.34 [0.34-0.35],0.34,0.34,0.35,,2025-11-11T14:11:28Z,2022,2022-01-01,2022-12-31
1010004,MDG_0000000017,COUNTRY,IDN,WPR,Western Pacific,YEAR,2006,,,,,,,,,51 [47-55],51,47,55,,2025-11-11T14:11:28Z,2006,2006-01-01,2006-12-31
1010165,MDG_0000000017,COUNTRY,CIV,AFR,Africa,YEAR,2005,,,,,,,,,28 [15-44],28,15,44,,2025-11-11T14:11:28Z,2005,2005-01-01,2005-12-31
1014068,MDG_0000000017,COUNTRY,CHL,AMR,Americas,YEAR,2015,,,,,,,,,2.5 [2.5-2.5],2.5,2.5,2.5,,2025-11-11T14:11:28Z,2015,2015-01-01,2015-12-31
1020088,MDG_0000000017,COUNTRY,MAC,,,YEAR,2010,,,,,,,,,25 [17-34],25,17,34,,2025-11-11T14:11:28Z,2010,2010-01-01,2010-12-31
1026569,MDG_0000000017,COUNTRY,COM,AFR,Africa,YEAR,2020,,,,,,,,,7.2 [2.2-15],7.2,2.2,15,,2025-11-11T14:11:28Z,2020,2020-01-01,2020-12-31
1046368,MDG_0000000017,COUNTRY,CHL,AMR,Americas,YEAR,2006,,,,,,,,,3.7 [3.6-3.7],3.7,3.6,3.7,,2025-11-11T14:11:28Z,2006,2006-01-01,2006-12-31
1046822,MDG_0000000017,COUNTRY,LBN,EMR,Eastern Mediterranean,YEAR,2013,,,,,,,,,2.8 [1.9-3.9],2.8,1.9,3.9,,2025-11-11T14:11:28Z,2013,2013-01-01,2013-12-31
1058416,MDG_0000000017,COUNTRY,MNG,WPR,Western Pacific,YEAR,2010,,,,,,,,,12 [11-13],12,11,13,,2025-11-11T14:11:28Z,2010,2010-01-01,2010-12-31
1060369,MDG_0000000017,COUNTRY,MDA,EUR,Europe,YEAR,2009,,,,,,,,,19 [17-21],19,17,21,,2025-11-11T14:11:28Z,2009,2009-01-01,2009-12-31
1064814,MDG_0000000017,COUNTRY,PER,AMR,Americas,YEAR,2006,,,,,,,,,7.7 [6.3-9.3],7.7,6.3,9.3,,2025-11-11T14:11:28Z,2006,2006-01-01,2006-12-31
1079307,MDG_0000000017,GLOBAL,GLOBAL,,,YEAR,2008,,,,,,,,,24 [21-26],24,21,26,,2025-11-11T14:11:28Z,2008,2008-01-01,2008-12-31
1083488,MDG_0000000017,COUNTRY,CZE,EUR,Europe,YEAR,2021,,,,,,,,,0.35 [0.34-0.35],0.35,0.34,0.35,,2025-11-11T14:11:28Z,2021,2021-01-01,2021-12-31
1084474,MDG_0000000017,COUNTRY,ISR,EUR,Europe,YEAR,2015,,,,,,,,,0.18 [0.17-0.19],0.18,0.17,0.19,,2025-11-11T14:11:28Z,2015,2015-01-01,2015-12-31
1089437,MDG_0000000017,COUNTRY,GHA,AFR,Africa,YEAR,2010,,,,,,,,,40 [18-71],40,18,71,,2025-11-11T14:11:28Z,2010,2010-01-01,2010-12-31
1089448,MDG_0000000017,COUNTRY,CAN,AMR,Americas,YEAR,2007,,,,,,,,,0.39 [0.39-0.39],0.39,0.39,0.39,,2025-11-11T14:11:28Z,2007,2007-01-01,2007-12-31
1091173,MDG_0000000017,COUNTRY,PHL,WPR,Western Pacific,YEAR,2019,,,,,,,,,27 [24-31],27,24,31,,2025-11-11T14:11:28Z,2019,2019-01-01,2019-12-31
1092359,MDG_0000000017,COUNTRY,JPN,WPR,Western Pacific,YEAR,2011,,,,,,,,,2.9 [2.8-3],2.9,2.8,3,,2025-11-11T14:11:28Z,2011,2011-01-01,2011-12-31
1096537,MDG_0000000017,COUNTRY,YEM,EMR,Eastern Mediterranean,YEAR,2022,,,,,,,,,9.7 [6.9-13],9.7,6.9,13,,2025-11-11T14:11:28Z,2022,2022-01-01,2022-12-31
1098618,MDG_0000000017,COUNTRY,VNM,WPR,Western Pacific,YEAR,2008,,,,,,,,,23 [15-33],23,15,33,,2025-11-11T14:11:28Z,2008,2008-01-01,2008-12-31
1104726,MDG_0000000017,COUNTRY,SLV,AMR,Americas,YEAR,2003,,,,,,,,,1.3 [1.2-1.5],1.3,1.2,1.5,,2025-11-11T14:11:28Z,2003,2003-01-01,2003-12-31
1109803,MDG_0000000017,COUNTRY,IRN,EMR,Eastern Mediterranean,YEAR,2023,,,,,,,,,1 [0.97-1],1,0.97,1,,2025-11-11T14:11:28Z,2023,2023-01-01,2023-12-31
1116119,MDG_0000000017,COUNTRY,FRA,EUR,Europe,YEAR,2016,,,,,,,,,0.65 [0.61-0.68],0.65,0.61,0.68,,2025-11-11T14:11:28Z,2016,2016-01-01,2016-12-31
1117171,MDG_0000000017,COUNTRY,BEL,EUR,Europe,YEAR,2001,,,,,,,,,1 [0.99-1],1,0.99,1,,2025-11-11T14:11:28Z,2001,2001-01-01,2001-12-31
1117273,MDG_0000000017,COUNTRY,DJI,EMR,Eastern Mediterranean,YEAR,2013,,,,,,,,,195 [125-280],195,125,280,,2025-11-11T14:11:28Z,2013,2013-01-01,2013-12-31
1129826,MDG_0000000017,COUNTRY,FIN,EUR,Europe,YEAR,2003,,,,,,,,,1.6 [1.6-1.6],1.6,1.6,1.6,,2025-11-11T14:11:28Z,2003,2003-01-01,2003-12-31
1130625,MDG_0000000017,WORLDBANKINCOMEGROUP,WB_HI,,,YEAR,2008,,,,,,,,,3.3 [3.3-3.4],3.3,3.3,3.4,,2025-11-11T14:11:28Z,2008,2008-01-01,2008-12-31
1135971,MDG_0000000017,COUNTRY,FIN,EUR,Europe,YEAR,2000,,,,,,,,,2.5 [2.5-2.5],2.5,2.5,2.5,,2025-11-11T14:11:28Z,2000,2000-01-01,2000-12-31
1136203,MDG_0000000017,COUNTRY,NGA,AFR,Africa,YEAR,2023,,,,,,,,,28 [17-42],28,17,42,,2025-11-11T14:11:28Z,2023,2023-01-01,2023-12-31
1140445,MDG_0000000017,COUNTRY,GIN,AFR,Africa,YEAR,2020,,,,,,,,,21 [15-29],21,15,29,,2025-11-11T14:11:28Z,2020,2020-01-01,2020-12-31
1140798,MDG_0000000017,COUNTRY,QAT,EMR,Eastern Mediterranean,YEAR,2009,,,,,,,,,0.29 [0.24-0.35],0.29,0.24,0.35,,2025-11-11T14:11:28Z,2009,2009-01-01,2009-12-31
1140895,MDG_0000000017,COUNTRY,MMR,SEAR,South-East Asia,YEAR,2015,,,,,,,,,57 [34-87],57,34,87,,2025-11-11T14:11:28Z,2015,2015-01-01,2015-12-31
1141358,MDG_0000000017,GLOBAL,GLOBAL,,,YEAR,2006,,,,,,,,,26 [23-28],26,23,28,,2025-11-11T14:11:28Z,2006,2006-01-01,2006-12-31
1153167,MDG_0000000017,COUNTRY,PSE,EMR,Eastern Mediterranean,YEAR,2012,,,,,,,,,0.23 [0.16-0.31],0.23,0.16,0.31,,2025-11-11T14:11:28Z,2012,2012-01-01,2012-12-31
1155590,MDG_0000000017,COUNTRY,MDG,AFR,Africa,YEAR,2002,,,,,,,,,56 [39-75],56,39,75,,2025-11-11T14:11:28Z,2002,2002-01-01,2002-12-31
1159157,MDG_0000000017,COUNTRY,UZB,EUR,Europe,YEAR,2021,,,,,,,,,1.6 [1.5-1.8],1.6,1.5,1.8,,2025-11-11T14:11:28Z,2021,2021-01-01,2021-12-31
1159207,MDG_0000000017,COUNTRY,COD,AFR,Africa,YEAR,2019,,,,,,,,,92 [40-164],92,40,164,,2025-11-11T14:11:28Z,2019,2019-01-01,2019-12-31
1161081,MDG_0000000017,COUNTRY,VNM,WPR,Western Pacific,YEAR,2003,,,,,,,,,33 [20-51],33,20,51,,2025-11-11T14:11:28Z,2003,2003-01-01,2003-12-31
1162041,MDG_0000000017,COUNTRY,DZA,AFR,Africa,YEAR,2013,,,,,,,,,11 [7.8-16],11,7.8,16,,2025-11-11T14:11:28Z,2013,2013-01-01,2013-12-31
1166368,MDG_0000000017,COUNTRY,IND,SEAR,South-East Asia,YEAR,2024,,,,,,,,,21 [16-26],21,16,26,,2025-11-11T14:11:28Z,2024,2024-01-01,2024-12-31
1166413,MDG_0000000017,COUNTRY,YEM,EMR,Eastern Mediterranean,YEAR,2012,,,,,,,,,4.6 [3-6.6],4.6,3,6.6,,2025-11-11T14:11:28Z,2012,2012-01-01,2012-12-31
1166455,MDG_0000000017,COUNTRY,MEX,AMR,Americas,YEAR,2022,,,,,,,,,2.7 [2.3-3.2],2.7,2.3,3.2,,2025-11-11T14:11:28Z,2022,2022-01-01,2022-12-31
1167978,MDG_0000000017,COUNTRY,CRI,AMR,Americas,YEAR,2021,,,,,,,,,0.74 [0.62-0.87],0.74,0.62,0.87,,2025-11-11T14:11:28Z,2021,2021-01-01,2021-12-31
1172063,MDG_0000000017,COUNTRY,EGY,EMR,Eastern Mediterranean,YEAR,2019,,,,,,,,,0.43 [0.39-0.48],0.43,0.39,0.48,,2025-11-11T14:11:28Z,2019,2019-01-01,2019-12-31
1172747,MDG_0000000017,COUNTRY,IND,SEAR,South-East Asia,YEAR,2023,,,,,,,,,21 [17-27],21,17,27,,2025-11-11T14:11:28Z,2023,2023-01-01,2023-12-31
1174008,MDG_0000000017,COUNTRY,MWI,AFR,Africa,YEAR,2005,,,,,,,,,31 [10-63],31,10,63,,2025-11-11T14:11:28Z,2005,2005-01-01,2005-12-31
1178931,MDG_0000000017,COUNTRY,COL,AMR,Americas,YEAR,2003,,,,,,,,,3.3 [3.2-3.4],3.3,3.2,3.4,,2025-11-11T14:11:28Z,2003,2003-01-01,2003-12-31
1179556,MDG_0000000017,COUNTRY,CYP,EUR,Europe,YEAR,2010,,,,,,,,,0.11 [0.1-0.13],0.11,0.1,0.13,,2025-11-11T14:11:28Z,2010,2010-01-01,2010-12-31
1186499,MDG_0000000017,COUNTRY,LSO,AFR,Africa,YEAR,2009,,,,,,,,,67 [38-103],67,38,103,,2025-11-11T14:11:28Z,2009,2009-01-01,2009-12-31
1190818,MDG_0000000017,COUNTRY,IRN,EMR,Eastern Mediterranean,YEAR,2016,,,,,,,,,0.93 [0.9-0.95],0.93,0.9,0.95,,2025-11-11T14:11:28Z,2016,2016-01-01,2016-12-31
1197708,MDG_0000000017,COUNTRY,ETH,AFR,Africa,YEAR,2011,,,,,,,,,33 [21-47],33,21,47,,2025-11-11T14:11:28Z,2011,2011-01-01,2011-12-31
1199093,MDG_0000000017,REGION,SEAR,,,YEAR,2007,,,,,,,,,50 [40-61],50,40,61,,2025-11-11T14:11:28Z,2007,2007-01-01,2007-12-31
1204916,MDG_0000000017,COUNTRY,CIV,AFR,Africa,YEAR,2000,,,,,,,,,13 [5.8-23],13,5.8,23,,2025-11-11T14:11:28Z,2000,2000-01-01,2000-12-31
1205005,MDG_0000000017,COUNTRY,MDA,EUR,Europe,YEAR,2006,,,,,,,,,21 [18-24],21,18,24,,2025-11-11T14:11:28Z,2006,2006-01-01,2006-12-31
1216255,MDG_0000000017,COUNTRY,BOL,AMR,Americas,YEAR,2021,,,,,,,,,11 [7-16],11,7,16,,2025-11-11T14:11:28Z,2021,2021-01-01,2021-12-31
1218568,MDG_0000000017,COUNTRY,YEM,EMR,Eastern Mediterranean,YEAR,2009,,,,,,,,,8.6 [6.2-11],8.6,6.2,11,,2025-11-11T14:11:28Z,2009,2009-01-01,2009-12-31
1223455,MDG_0000000017,COUNTRY,COD,AFR,Africa,YEAR,2002,,,,,,,,,146 [58-274],146,58,274,,2025-11-11T14:11:28Z,2002,2002-01-01,2002-12-31
1223540,MDG_0000000017,COUNTRY,URY,AMR,Americas,YEAR,2010,,,,,,,,,1.4 [1.4-1.5],1.4,1.4,1.5,,2025-11-11T14:11:28Z,2010,2010-01-01,2010-12-31
1223743,MDG_0000000017,COUNTRY,TGO,AFR,Africa,YEAR,2019,,,,,,,,,7.5 [3.3-13],7.5,3.3,13,,2025-11-11T14:11:28Z,2019,2019-01-01,2019-12-31
1228756,MDG_0000000017,COUNTRY,PRI,AMR,Americas,YEAR,2005,,,,,,,,,0.51 [0.51-0.51],0.51,0.51,0.51,,2025-11-11T14:11:28Z,2005,2005-01-01,2005-12-31
1230709,MDG_0000000017,COUNTRY,DEU,EUR,Europe,YEAR,2020,,,,,,,,,0.35 [0.34-0.36],0.35,0.34,0.36,,2025-11-11T14:11:28Z,2020,2020-01-01,2020-12-31
1231671,MDG_0000000017,COUNTRY,LAO,WPR,Western Pacific,YEAR,2008,,,,,,,,,75 [45-114],75,45,114,,2025-11-11T14:11:28Z,2008,2008-01-01,2008-12-31
1236154,MDG_0000000017,COUNTRY,MLI,AFR,Africa,YEAR,2010,,,,,,,,,15 [8.4-24],15,8.4,24,,2025-11-11T14:11:28Z,2010,2010-01-01,2010-12-31
1237205,MDG_0000000017,COUNTRY,PNG,WPR,Western Pacific,YEAR,2004,,,,,,,,,225 [164-296],225,164,296,,2025-11-11T14:11:28Z,2004,2004-01-01,2004-12-31
1250847,MDG_0000000017,COUNTRY,SUR,AMR,Americas,YEAR,2008,,,,,,,,,2.9 [2.6-3.1],2.9,2.6,3.1,,2025-11-11T14:11:28Z,2008,2008-01-01,2008-12-31
1255419,MDG_0000000017,COUNTRY,THA,SEAR,South-East Asia,YEAR,2017,,,,,,,,,14 [10-18],14,10,18,,2025-11-11T14:11:28Z,2017,2017-01-01,2017-12-31
1267276,MDG_0000000017,COUNTRY,ALB,EUR,Europe,YEAR,2013,,,,,,,,,0.29 [0.15-0.48],0.29,0.15,0.48,,2025-11-11T14:11:28Z,2013,2013-01-01,2013-12-31
1267768,MDG_0000000017,COUNTRY,GRC,EUR,Europe,YEAR,2008,,,,,,,,,0.78 [0.75-0.8],0.78,0.75,0.8,,2025-11-11T14:11:28Z,2008,2008-01-01,2008-12-31
1269959,MDG_0000000017,COUNTRY,SGP,WPR,Western Pacific,YEAR,2007,,,,,,,,,2.1 [1.9-2.2],2.1,1.9,2.2,,2025-11-11T14:11:28Z,2007,2007-01-01,2007-12-31
1273353,MDG_0000000017,COUNTRY,SWZ,AFR,Africa,YEAR,2021,,,,,,,,,30 [7.8-66],30,7.8,66,,2025-11-11T14:11:28Z,2021,2021-01-01,2021-12-31
1275437,MDG_0000000017,COUNTRY,SRB,EUR,Europe,YEAR,2024,,,,,,,,,0.39 [0.29-0.5],0.39,0.29,0.5,,2025-11-11T14:11:28Z,2024,2024-01-01,2024-12-31
1282393,MDG_0000000017,COUNTRY,FIN,EUR,Europe,YEAR,2002,,,,,,,,,1.9 [1.9-1.9],1.9,1.9,1.9,,2025-11-11T14:11:28Z,2002,2002-01-01,2002-12-31
1287539,MDG_0000000017,COUNTRY,BLZ,AMR,Americas,YEAR,2001,,,,,,,,,8.1 [8-8.3],8.1,8,8.3,,2025-11-11T14:11:28Z,2001,2001-01-01,2001-12-31
1287691,MDG_0000000017,COUNTRY,GAB,AFR,Africa,YEAR,2016,,,,,,,,,64 [40-93],64,40,93,,2025-11-11T14:11:28Z,2016,2016-01-01,2016-12-31
1288621,MDG_0000000017,COUNTRY,GRC,EUR,Europe,YEAR,2010,,,,,,,,,0.71 [0.67-0.74],0.71,0.67,0.74,,2025-11-11T14:11:28Z,2010,2010-01-01,2010-12-31
1292452,MDG_0000000017,WORLDBANKINCOMEGROUP,WB_HI,,,YEAR,2022,,,,,,,,,1.2 [1.1-1.2],1.2,1.1,1.2,,2025-11-11T14:11:28Z,2022,2022-01-01,2022-12-31
1305728,MDG_0000000017,COUNTRY,BTN,SEAR,South-East Asia,YEAR,2021,,,,,,,,,35 [24-48],35,24,48,,2025-11-11T14:11:28Z,2021,2021-01-01,2021-12-31
1306410,MDG_0000000017,COUNTRY,TUR,EUR,Europe,YEAR,2018,,,,,,,,,0.53 [0.52-0.54],0.53,0.52,0.54,,2025-11-11T14:11:28Z,2018,2018-01-01,2018-12-31
1307311,MDG_0000000017,COUNTRY,MOZ,AFR,Africa,YEAR,2007,,,,,,,,,42 [24-66],42,24,66,,2025-11-11T14:11:28Z,2007,2007-01-01,2007-12-31
1312291,MDG_0000000017,COUNTRY,KEN,AFR,Africa,YEAR,2006,,,,,,,,,78 [44-122],78,44,122,,2025-11-11T14:11:28Z,2006,2006-01-01,2006-12-31
1312737,MDG_0000000017,COUNTRY,BLR,EUR,Europe,YEAR,2000,,,,,,,,,8.2 [7.6-8.8],8.2,7.6,8.8,,2025-11-11T14:11:28Z,2000,2000-01-01,2000-12-31
1314018,MDG_0000000017,COUNTRY,TJK,EUR,Europe,YEAR,2020,,,,,,,,,7.6 [6.9-8.5],7.6,6.9,8.5,,2025-11-11T14:11:28Z,2020,2020-01-01,2020-12-31
1318307,MDG_0000000017,COUNTRY,AFG,EMR,Eastern Mediterranean,YEAR,2005,,,,,,,,,66 [47-88],66,47,88,,2025-11-11T14:11:28Z,2005,2005-01-01,2005-12-31
1320006,MDG_0000000017,COUNTRY,PRI,AMR,Americas,YEAR,2021,,,,,,,,,0.12 [0.12-0.12],0.12,0.12,0.12,,2025-11-11T14:11:28Z,2021,2021-01-01,2021-12-31
1343907,MDG_0000000017,COUNTRY,GHA,AFR,Africa,YEAR,2018,,,,,,,,,36 [16-64],36,16,64,,2025-11-11T14:11:28Z,2018,2018-01-01,2018-12-31
1345415,MDG_0000000017,COUNTRY,IRN,EMR,Eastern Mediterranean,YEAR,2015,,,,,,,,,1 [0.99-1],1,0.99,1,,2025-11-11T14:11:28Z,2015,2015-01-01,2015-12-31
1350009,MDG_0000000017,COUNTRY,PNG,WPR,Western Pacific,YEAR,2008,,,,,,,,,148 [106-198],148,106,198,,2025-11-11T14:11:28Z,2008,2008-01-01,2008-12-31
1351709,MDG_0000000017,COUNTRY,KGZ,EUR,Europe,YEAR,2017,,,,,,,,,5.7 [5.6-5.7],5.7,5.6,5.7,,2025-11-11T14:11:28Z,2017,2017-01-01,2017-12-31
1355393,MDG_0000000017,COUNTRY,CRI,AMR,Americas,YEAR,2005,,,,,,,,,1.5 [1.5-1.5],1.5,1.5,1.5,,2025-11-11T14:11:28Z,2005,2005-01-01,2005-12-31
1355531,MDG_0000000017,COUNTRY,ARE,EMR,Eastern Mediterranean,YEAR,2003,,,,,,,,,0.7 [0.52-0.91],0.7,0.52,0.91,,2025-11-11T14:11:28Z,2003,2003-01-01,2003-12-31
1356898,MDG_0000000017,COUNTRY,CHE,EUR,Europe,YEAR,2001,,,,,,,,,0.54 [0.53-0.55],0.54,0.53,0.55,,2025-11-11T14:11:28Z,2001,2001-01-01,2001-12-31
1361870,MDG_0000000017,COUNTRY,VNM,WPR,Western Pacific,YEAR,2017,,,,,,,,,12 [7.8-17],12,7.8,17,,2025-11-11T14:11:28Z,2017,2017-01-01,2017-12-31
1363573,MDG_0000000017,REGION,EUR,,,YEAR,2021,,,,,,,,,1.9 [1.8-1.9],1.9,1.8,1.9,,2025-11-11T14:11:28Z,2021,2021-01-01,2021-12-31
1376181,MDG_0000000017,COUNTRY,VUT,WPR,Western Pacific,YEAR,2017,,,,,,,,,16 [8.6-25],16,8.6,25,,2025-11-11T14:11:28Z,2017,2017-01-01,2017-12-31
1380975,MDG_0000000017,COUNTRY,MUS,AFR,Africa,YEAR,2006,,,,,,,,,0.64 [0.63-0.65],0.64,0.63,0.65,,2025-11-11T14:11:28Z,2006,2006-01-01,2006-12-31
1387981,MDG_0000000017,COUNTRY,GUY,AMR,Americas,YEAR,2016,,,,,,,,,13 [11-14],13,11,14,,2025-11-11T14:11:28Z,2016,2016-01-01,2016-12-31
1388079,MDG_0000000017,COUNTRY,DNK,EUR,Europe,YEAR,2005,,,,,,,,,0.5 [0.49-0.51],0.5,0.49,0.51,,2025-11-11T14:11:28Z,2005,2005-01-01,2005-12-31
1405527,MDG_0000000017,COUNTRY,NAM,AFR,Africa,YEAR,2008,,,,,,,,,79 [45-123],79,45,123,,2025-11-11T14:11:28Z,2008,2008-01-01,2008-12-31
1408135,MDG_0000000017,COUNTRY,AZE,EUR,Europe,YEAR,2000,,,,,,,,,20 [16-24],20,16,24,,2025-11-11T14:11:28Z,2000,2000-01-01,2000-12-31
1414999,MDG_0000000017,COUNTRY,SUR,AMR,Americas,YEAR,2000,,,,,,,,,1 [0.91-1.1],1,0.91,1.1,,2025-11-11T14:11:28Z,2000,2000-01-01,2000-12-31
1420065,MDG_0000000017,COUNTRY,BHS,AMR,Americas,YEAR,2015,,,,,,,,,0.62 [0.56-0.69],0.62,0.56,0.69,,2025-11-11T14:11:28Z,2015,2015-01-01,2015-12-31
1426957,MDG_0000000017,COUNTRY,SGP,WPR,Western Pacific,YEAR,2017,,,,,,,,,0.66 [0.59-0.74],0.66,0.59,0.74,,2025-11-11T14:11:28Z,2017,2017-01-01,2017-12-31
1427164,MDG_0000000017,COUNTRY,BEL,EUR,Europe,YEAR,2014,,,,,,,,,0.37 [0.36-0.38],0.37,0.36,0.38,,2025-11-11T14:11:28Z,2014,2014-01-01,2014-12-31
1439178,MDG_0000000017,COUNTRY,KEN,AFR,Africa,YEAR,2010,,,,,,,,,79 [44-124],79,44,124,,2025-11-11T14:11:28Z,2010,2010-01-01,2010-12-31
1439224,MDG_0000000017,COUNTRY,MOZ,AFR,Africa,YEAR,2000,,,,,,,,,36 [13-71],36,13,71,,2025-11-11T14:11:28Z,2000,2000-01-01,2000-12-31
1439930,MDG_0000000017,COUNTRY,MMR,SEAR,South-East Asia,YEAR,2018,,,,,,,,,39 [23-58],39,23,58,,2025-11-11T14:11:28Z,2018,2018-01-01,2018-12-31
1440239,MDG_0000000017,COUNTRY,KEN,AFR,Africa,YEAR,2021,,,,,,,,,40 [23-61],40,23,61,,2025-11-11T14:11:28Z,2021,2021-01-01,2021-12-31
1444330,MDG_0000000017,COUNTRY,COL,AMR,Americas,YEAR,2009,,,,,,,,,2.6 [2.5-2.6],2.6,2.5,2.6,,2025-11-11T14:11:28Z,2009,2009-01-01,2009-12-31
1446003,MDG_0000000017,COUNTRY,TCD,AFR,Africa,YEAR,2010,,,,,,,,,30 [20-43],30,20,43,,2025-11-11T14:11:28Z,2010,2010-01-01,2010-12-31
1456546,MDG_0000000017,COUNTRY,IRL,EUR,Europe,YEAR,2022,,,,,,,,,0.17 [0.17-0.17],0.17,0.17,0.17,,2025-11-11T14:11:28Z,2022,2022-01-01,2022-12-31
1465398,MDG_0000000017,COUNTRY,UKR,EUR,Europe,YEAR,2017,,,,,,,,,9 [8.6-9.5],9,8.6,9.5,,2025-11-11T14:11:28Z,2017,2017-01-01,2017-12-31
1469468,MDG_0000000017,COUNTRY,SEN,AFR,Africa,YEAR,2009,,,,,,,,,38 [26-51],38,26,51,,2025-11-11T14:11:28Z,2009,2009-01-01,2009-12-31
1471177,MDG_0000000017,COUNTRY,ETH,AFR,Africa,YEAR,2021,,,,,,,,,16 [9.9-24],16,9.9,24,,2025-11-11T14:11:28Z,2021,2021-01-01,2021-12-31
1477112,MDG_0000000017,COUNTRY,BEN,AFR,Africa,YEAR,2010,,,,,,,,,16 [9.1-24],16,9.1,24,,2025-11-11T14:11:28Z,2010,2010-01-01,2010-12-31
1477138,MDG_0000000017,COUNTRY,VEN,AMR,Americas,YEAR,2016,,,,,,,,,3.1 [3.1-3.1],3.1,3.1,3.1,,2025-11-11T14:11:28Z,2016,2016-01-01,2016-12-31
1482906,MDG_0000000017,COUNTRY,BEL,EUR,Europe,YEAR,2007,,,,,,,,,0.81 [0.8-0.82],0.81,0.8,0.82,,2025-11-11T14:11:28Z,2007,2007-01-01,2007-12-31
1483810,MDG_0000000017,COUNTRY,CMR,AFR,Africa,YEAR,2011,,,,,,,,,39 [27-53],39,27,53,,2025-11-11T14:11:28Z,2011,2011-01-01,2011-12-31
1487873,MDG_0000000017,COUNTRY,MWI,AFR,Africa,YEAR,2014,,,,,,,,,27 [13-45],27,13,45,,2025-11-11T14:11:28Z,2014,2014-01-01,2014-12-31
1487935,MDG_0000000017,COUNTRY,ARG,AMR,Americas,YEAR,2000,,,,,,,,,2.4 [2.3-2.5],2.4,2.3,2.5,,2025-11-11T14:11:28Z,2000,2000-01-01,2000-12-31
1488671,MDG_0000000017,COUNTRY,CHL,AMR,Americas,YEAR,2014,,,,,,,,,2.2 [2.1-2.2],2.2,2.1,2.2,,2025-11-11T14:11:28Z,2014,2014-01-01,2014-12-31
1494287,MDG_0000000017,COUNTRY,COL,AMR,Americas,YEAR,2013,,,,,,,,,2.3 [2.2-2.3],2.3,2.2,2.3,,2025-11-11T14:11:28Z,2013,2013-01-01,2013-12-31
1495486,MDG_0000000017,COUNTRY,HUN,EUR,Europe,YEAR,2011,,,,,,,,,1.2 [1.2-1.2],1.2,1.2,1.2,,2025-11-11T14:11:28Z,2011,2011-01-01,2011-12-31
1500420,MDG_0000000017,COUNTRY,CUB,AMR,Americas,YEAR,2012,,,,,,,,,0.37 [0.36-0.37],0.37,0.36,0.37,,2025-11-11T14:11:28Z,2012,2012-01-01,2012-12-31
1506805,MDG_0000000017,COUNTRY,HTI,AMR,Americas,YEAR,2007,,,,,,,,,11 [7.9-15],11,7.9,15,,2025-11-11T14:11:28Z,2007,2007-01-01,2007-12-31
1509416,MDG_0000000017,COUNTRY,MAR,EMR,Eastern Mediterranean,YEAR,2001,,,,,,,,,8.1 [4.7-12],8.1,4.7,12,,2025-11-11T14:11:28Z,2001,2001-01-01,2001-12-31
1513249,MDG_0000000017,COUNTRY,SUR,AMR,Americas,YEAR,2023,,,,,,,,,1.5 [1.2-1.8],1.5,1.2,1.8,,2025-11-11T14:11:28Z,2023,2023-01-01,2023-12-31
1513501,MDG_0000000017,COUNTRY,TGO,AFR,Africa,YEAR,2016,,,,,,,,,8.4 [4.2-14],8.4,4.2,14,,2025-11-11T14:11:28Z,2016,2016-01-01,2016-12-31
1515153,MDG_0000000017,COUNTRY,VNM,WPR,Western Pacific,YEAR,2001,,,,,,,,,40 [24-60],40,24,60,,2025-11-11T14:11:28Z,2001,2001-01-01,2001-12-31
1521291,MDG_0000000017,COUNTRY,BEN,AFR,Africa,YEAR,2006,,,,,,,,,17 [10-25],17,10,25,,2025-11-11T14:11:28Z,2006,2006-01-01,2006-12-31
1521403,MDG_0000000017,COUNTRY,CAN,AMR,Americas,YEAR,2022,,,,,,,,,0.33 [0.32-0.34],0.33,0.32,0.34,,2025-11-11T14:11:28Z,2022,2022-01-01,2022-12-31
1532527,MDG_0000000017,COUNTRY,FJI,WPR,Western Pacific,YEAR,2017,,,,,,,,,4.2 [4.1-4.2],4.2,4.1,4.2,,2025-11-11T14:11:28Z,2017,2017-01-01,2017-12-31
1534522,MDG_0000000017,COUNTRY,SLB,WPR,Western Pacific,YEAR,2013,,,,,,,,,42 [29-57],42,29,57,,2025-11-11T14:11:28Z,2013,2013-01-01,2013-12-31
1540123,MDG_0000000017,COUNTRY,BDI,AFR,Africa,YEAR,2022,,,,,,,,,15 [8.6-22],15,8.6,22,,2025-11-11T14:11:28Z,2022,2022-01-01,2022-12-31
1541107,MDG_0000000017,COUNTRY,MDV,SEAR,South-East Asia,YEAR,2023,,,,,,,,,1.6 [1.4-1.8],1.6,1.4,1.8,,2025-11-11T14:11:28Z,2023,2023-01-01,2023-12-31
1557548,MDG_0000000017,COUNTRY,CIV,AFR,Africa,YEAR,2015,,,,,,,,,26 [18-36],26,18,36,,2025-11-11T14:11:28Z,2015,2015-01-01,2015-12-31
1557956,MDG_0000000017,COUNTRY,LBY,EMR,Eastern Mediterranean,YEAR,2016,,,,,,,,,7 [1.9-15],7,1.9,15,,2025-11-11T14:11:28Z,2016,2016-01-01,2016-12-31
1558138,MDG_0000000017,COUNTRY,BRA,AMR,Americas,YEAR,2008,,,,,,,,,3 [2.9-3.1],3,2.9,3.1,,2025-11-11T14:11:28Z,2008,2008-01-01,2008-12-31
1558894,MDG_0000000017,COUNTRY,COM,AFR,Africa,YEAR,2019,,,,,,,,,6.3 [2.1-13],6.3,2.1,13,,2025-11-11T14:11:28Z,2019,2019-01-01,2019-12-31
1566437,MDG_0000000017,COUNTRY,GNB,AFR,Africa,YEAR,2006,,,,,,,,,37 [22-56],37,22,56,,2025-11-11T14:11:28Z,2006,2006-01-01,2006-12-31
1578429,MDG_0000000017,COUNTRY,SWZ,AFR,Africa,YEAR,2019,,,,,,,,,22 [12-37],22,12,37,,2025-11-11T14:11:28Z,2019,2019-01-01,2019-12-31
1595693,MDG_0000000017,COUNTRY,PER,AMR,Americas,YEAR,2000,,,,,,,,,11 [8.6-14],11,8.6,14,,2025-11-11T14:11:28Z,2000,2000-01-01,2000-12-31
1597708,MDG_0000000017,COUNTRY,MAR,EMR,Eastern Mediterranean,YEAR,2014,,,,,,,,,7.2 [4.2-11],7.2,4.2,11,,2025-11-11T14:11:28Z,2014,2014-01-01,2014-12-31
1598205,MDG_0000000017,COUNTRY,HTI,AMR,Americas,YEAR,2018,,,,,,,,,9.2 [6.2-13],9.2,6.2,13,,2025-11-11T14:11:28Z,2018,2018-01-01,2018-12-31
1598508,MDG_0000000017,COUNTRY,MHL,WPR,Western Pacific,YEAR,2003,,,,,,,,,87 [60-120],87,60,120,,2025-11-11T14:11:28Z,2003,2003-01-01,2003-12-31
1603934,MDG_0000000017,COUNTRY,SLB,WPR,Western Pacific,YEAR,2002,,,,,,,,,74 [51-102],74,51,102,,2025-11-11T14:11:28Z,2002,2002-01-01,2002-12-31
1608343,MDG_0000000017,COUNTRY,CHE,EUR,Europe,YEAR,2014,,,,,,,,,0.15 [0.15-0.16],0.15,0.15,0.16,,2025-11-11T14:11:28Z,2014,2014-01-01,2014-12-31
1608673,MDG_0000000017,COUNTRY,OMN,EMR,Eastern Mediterranean,YEAR,2007,,,,,,,,,0.62 [0.49-0.76],0.62,0.49,0.76,,2025-11-11T14:11:28Z,2007,2007-01-01,2007-12-31
1610905,MDG_0000000017,COUNTRY,MNG,WPR,Western Pacific,YEAR,2018,,,,,,,,,10 [9.1-12],10,9.1,12,,2025-11-11T14:11:28Z,2018,2018-01-01,2018-12-31
1615561,MDG_0000000017,COUNTRY,TLS,SEAR,South-East Asia,YEAR,2018,,,,,,,,,42 [29-57],42,29,57,,2025-11-11T14:11:28Z,2018,2018-01-01,2018-12-31
1616505,MDG_0000000017,COUNTRY,SWZ,AFR,Africa,YEAR,2017,,,,,,,,,30 [17-45],30,17,45,,2025-11-11T14:11:28Z,2017,2017-01-01,2017-12-31
1617563,MDG_0000000017,COUNTRY,AFG,EMR,Eastern Mediterranean,YEAR,2000,,,,,,,,,50 [32-70],50,32,70,,2025-11-11T14:11:28Z,2000,2000-01-01,2000-12-31
1622830,MDG_0000000017,COUNTRY,ERI,AFR,Africa,YEAR,2019,,,,,,,,,31 [21-42],31,21,42,,2025-11-11T14:11:28Z,2019,2019-01-01,2019-12-31
1623341,MDG_0000000017,COUNTRY,GNQ,AFR,Africa,YEAR,2014,,,,,,,,,43 [18-79],43,18,79,,2025-11-11T14:11:28Z,2014,2014-01-01,2014-12-31
1628918,MDG_0000000017,COUNTRY,GNQ,AFR,Africa,YEAR,2010,,,,,,,,,61 [25-113],61,25,113,,2025-11-11T14:11:28Z,2010,2010-01-01,2010-12-31
1634000,MDG_0000000017,COUNTRY,MRT,AFR,Africa,YEAR,2008,,,,,,,,,35 [25-48],35,25,48,,2025-11-11T14:11:28Z,2008,2008-01-01,2008-12-31
1642264,MDG_0000000017,COUNTRY,COM,AFR,Africa,YEAR,2001,,,,,,,,,11 [4.1-20],11,4.1,20,,2025-11-11T14:11:28Z,2001,2001-01-01,2001-12-31
1653688,MDG_0000000017,COUNTRY,FRA,EUR,Europe,YEAR,2023,,,,,,,,,0.68 [0.64-0.71],0.68,0.64,0.71,,2025-11-11T14:11:28Z,2023,2023-01-01,2023-12-31
1659795,MDG_0000000017,COUNTRY,BRN,WPR,Western Pacific,YEAR,2018,,,,,,,,,3.1 [2.9-3.3],3.1,2.9,3.3,,2025-11-11T14:11:28Z,2018,2018-01-01,2018-12-31
1661559,MDG_0000000017,COUNTRY,DEU,EUR,Europe,YEAR,2004,,,,,,,,,0.54 [0.53-0.55],0.54,0.53,0.55,,2025-11-11T14:11:28Z,2004,2004-01-01,2004-12-31
1667666,MDG_0000000017,COUNTRY,OMN,EMR,Eastern Mediterranean,YEAR,2020,,,,,,,,,0.36 [0.26-0.47],0.36,0.26,0.47,,2025-11-11T14:11:28Z,2020,2020-01-01,2020-12-31
1671721,MDG_0000000017,COUNTRY,IRN,EMR,Eastern Mediterranean,YEAR,2008,,,,,,,,,0.89 [0.77-1],0.89,0.77,1,,2025-11-11T14:11:28Z,2008,2008-01-01,2008-12-31
1674264,MDG_0000000017,COUNTRY,DJI,EMR,Eastern Mediterranean,YEAR,2023,,,,,,,,,123 [85-168],123,85,168,,2025-11-11T14:11:28Z,2023,2023-01-01,2023-12-31
1679834,MDG_0000000017,WORLDBANKINCOMEGROUP,WB_LMI,,,YEAR,2022,,,,,,,,,24 [21-27],24,21,27,,2025-11-11T14:11:28Z,2022,2022-01-01,2022-12-31
1680092,MDG_0000000017,COUNTRY,SWZ,AFR,Africa,YEAR,2007,,,,,,,,,53 [31-82],53,31,82,,2025-11-11T14:11:28Z,2007,2007-01-01,2007-12-31
1685940,MDG_0000000017,COUNTRY,COM,AFR,Africa,YEAR,2003,,,,,,,,,14 [5.2-28],14,5.2,28,,2025-11-11T14:11:28Z,2003,2003-01-01,2003-12-31
1690912,MDG_0000000017,COUNTRY,MNE,EUR,Europe,YEAR,2024,,,,,,,,,0.18 [0.05-0.39],0.18,0.05,0.39,,2025-11-11T14:11:28Z,2024,2024-01-01,2024-12-31
1691001,MDG_0000000017,COUNTRY,SGP,WPR,Western Pacific,YEAR,2010,,,,,,,,,1.7 [1.6-1.9],1.7,1.6,1.9,,2025-11-11T14:11:28Z,2010,2010-01-01,2010-12-31
1691988,MDG_0000000017,COUNTRY,FJI,WPR,Western Pacific,YEAR,2005,,,,,,,,,3.4 [3.1-3.7],3.4,3.1,3.7,,2025-11-11T14:11:28Z,2005,2005-01-01,2005-12-31
1693711,MDG_0000000017,COUNTRY,MDA,EUR,Europe,YEAR,2002,,,,,,,,,20 [16-24],20,16,24,,2025-11-11T14:11:28Z,2002,2002-01-01,2002-12-31
1699274,MDG_0000000017,COUNTRY,CAN,AMR,Americas,YEAR,2001,,,,,,,,,0.47 [0.47-0.47],0.47,0.47,0.47,,2025-11-11T14:11:28Z,2001,2001-01-01,2001-12-31
1704596,MDG_0000000017,REGION,WPR,,,YEAR,2019,,,,,,,,,8.5 [8.1-9],8.5,8.1,9,,2025-11-11T14:11:28Z,2019,2019-01-01,2019-12-31
1710910,MDG_0000000017,COUNTRY,CMR,AFR,Africa,YEAR,2023,,,,,,,,,20 [13-28],20,13,28,,2025-11-11T14:11:28Z,2023,2023-01-01,2023-12-31
1712060,MDG_0000000017,COUNTRY,DJI,EMR,Eastern Mediterranean,YEAR,2005,,,,,,,,,525 [324-773],525,324,773,,2025-11-11T14:11:28Z,2005,2005-01-01,2005-12-31
1716577,MDG_0000000017,COUNTRY,SVN,EUR,Europe,YEAR,2004,,,,,,,,,0.61 [0.6-0.62],0.61,0.6,0.62,,2025-11-11T14:11:28Z,2004,2004-01-01,2004-12-31
1716944,MDG_0000000017,COUNTRY,BOL,AMR,Americas,YEAR,2012,,,,,,,,,13 [10-17],13,10,17,,2025-11-11T14:11:28Z,2012,2012-01-01,2012-12-31
1718410,MDG_0000000017,COUNTRY,SLB,WPR,Western Pacific,YEAR,2007,,,,,,,,,83 [57-113],83,57,113,,2025-11-11T14:11:28Z,2007,2007-01-01,2007-12-31
1718589,MDG_0000000017,COUNTRY,GHA,AFR,Africa,YEAR,2020,,,,,,,,,36 [16-65],36,16,65,,2025-11-11T14:11:28Z,2020,2020-01-01,2020-12-31
1729104,MDG_0000000017,COUNTRY,BWA,AFR,Africa,YEAR,2004,,,,,,,,,28 [10-54],28,10,54,,2025-11-11T14:11:28Z,2004,2004-01-01,2004-12-31
1731137,MDG_0000000017,COUNTRY,BHR,EMR,Eastern Mediterranean,YEAR,2000,,,,,,,,,2.5 [2.2-2.8],2.5,2.2,2.8,,2025-11-11T14:11:28Z,2000,2000-01-01,2000-12-31
1735714,MDG_0000000017,COUNTRY,SEN,AFR,Africa,YEAR,2017,,,,,,,,,29 [20-40],29,20,40,,2025-11-11T14:11:28Z,2017,2017-01-01,2017-12-31
1737042,MDG_0000000017,WORLDBANKINCOMEGROUP,WB_UMI,,,YEAR,2021,,,,,,,,,7.8 [7.3-8.4],7.8,7.3,8.4,,2025-11-11T14:11:28Z,2021,2021-01-01,2021-12-31
1742020,MDG_0000000017,COUNTRY,COM,AFR,Africa,YEAR,2022,,,,,,,,,7.4 [1.3-19],7.4,1.3,19,,2025-11-11T14:11:28Z,2022,2022-01-01,2022-12-31
1743993,MDG_0000000017,COUNTRY,TLS,SEAR,South-East Asia,YEAR,2003,,,,,,,,,321 [236-419],321,236,419,,2025-11-11T14:11:28Z,2003,2003-01-01,2003-12-31
1755513,MDG_0000000017,COUNTRY,CAF,AFR,Africa,YEAR,2012,,,,,,,,,91 [34-174],91,34,174,,2025-11-11T14:11:28Z,2012,2012-01-01,2012-12-31
1756708,MDG_0000000017,COUNTRY,BOL,AMR,Americas,YEAR,2006,,,,,,,,,19 [15-23],19,15,23,,2025-11-11T14:11:28Z,2006,2006-01-01,2006-12-31
1761741,MDG_0000000017,COUNTRY,TJK,EUR,Europe,YEAR,2013,,,,,,,,,9.7 [8.8-11],9.7,8.8,11,,2025-11-11T14:11:28Z,2013,2013-01-01,2013-12-31
1762609,MDG_0000000017,COUNTRY,USA,AMR,Americas,YEAR,2010,,,,,,,,,0.2 [0.2-0.2],0.2,0.2,0.2,,2025-11-11T14:11:28Z,2010,2010-01-01,2010-12-31
1769012,MDG_0000000017,COUNTRY,RWA,AFR,Africa,YEAR,2021,,,,,,,,,7.2 [4.8-10],7.2,4.8,10,,2025-11-11T14:11:28Z,2021,2021-01-01,2021-12-31
1772730,MDG_0000000017,COUNTRY,PSE,EMR,Eastern Mediterranean,YEAR,2002,,,,,,,,,0.74 [0.51-1],0.74,0.51,1,,2025-11-11T14:11:28Z,2002,2002-01-01,2002-12-31
1774744,MDG_0000000017,REGION,AMR,,,YEAR,2009,,,,,,,,,2.1 [2-2.2],2.1,2,2.2,,2025-11-11T14:11:28Z,2009,2009-01-01,2009-12-31
1780256,MDG_0000000017,COUNTRY,BLR,EUR,Europe,YEAR,2016,,,,,,,,,4.1 [3.8-4.3],4.1,3.8,4.3,,2025-11-11T14:11:28Z,2016,2016-01-01,2016-12-31
1781371,MDG_0000000017,COUNTRY,GAB,AFR,Africa,YEAR,2013,,,,,,,,,60 [35-90],60,35,90,,2025-11-11T14:11:28Z,2013,2013-01-01,2013-12-31
1786519,MDG_0000000017,COUNTRY,CAN,AMR,Americas,YEAR,2003,,,,,,,,,0.41 [0.41-0.41],0.41,0.41,0.41,,2025-11-11T14:11:28Z,2003,2003-01-01,2003-12-31
1798536,MDG_0000000017,COUNTRY,KHM,WPR,Western Pacific,YEAR,2004,,,,,,,,,30 [9.1-63],30,9.1,63,,2025-11-11T14:11:28Z,2004,2004-01-01,2004-12-31
1799265,MDG_0000000017,COUNTRY,GUY,AMR,Americas,YEAR,2018,,,,,,,,,7.6 [6.9-8.2],7.6,6.9,8.2,,2025-11-11T14:11:28Z,2018,2018-01-01,2018-12-31
1799836,MDG_0000000017,COUNTRY,MAC,,,YEAR,2023,,,,,,,,,11 [7.9-16],11,7.9,16,,2025-11-11T14:11:28Z,2023,2023-01-01,2023-12-31
1799881,MDG_0000000017,COUNTRY,IRL,EUR,Europe,YEAR,2016,,,,,,,,,0.35 [0.35-0.35],0.35,0.35,0.35,,2025-11-11T14:11:28Z,2016,2016-01-01,2016-12-31
1800506,MDG_0000000017,COUNTRY,HKG,,,YEAR,2019,,,,,,,,,2.2 [2.2-2.3],2.2,2.2,2.3,,2025-11-11T14:11:28Z,2019,2019-01-01,2019-12-31
1811415,MDG_0000000017,COUNTRY,NIC,AMR,Americas,YEAR,2023,,,,,,,,,1.9 [1.6-2.2],1.9,1.6,2.2,,2025-11-11T14:11:28Z,2023,2023-01-01,2023-12-31
1811493,MDG_0000000017,COUNTRY,LVA,EUR,Europe,YEAR,2023,,,,,,,,,2.7 [2.3-3.2],2.7,2.3,3.2,,2025-11-11T14:11:28Z,2023,2023-01-01,2023-12-31
1811651,MDG_0000000017,WORLDBANKINCOMEGROUP,WB_LI,,,YEAR,2014,,,,,,,,,45 [32-61],45,32,61,,2025-11-11T14:11:28Z,2014,2014-01-01,2014-12-31
1813567,MDG_0000000017,COUNTRY,BIH,EUR,Europe,YEAR,2008,,,,,,,,,5.2 [4.9-5.5],5.2,4.9,5.5,,2025-11-11T14:11:28Z,2008,2008-01-01,2008-12-31
1813732,MDG_0000000017,COUNTRY,ZMB,AFR,Africa,YEAR,2008,,,,,,,,,30 [18-45],30,18,45,,2025-11-11T14:11:28Z,2008,2008-01-01,2008-12-31
1817659,MDG_0000000017,COUNTRY,MNG,WPR,Western Pacific,YEAR,2024,,,,,,,,,11 [9.6-12],11,9.6,12,,2025-11-11T14:11:28Z,2024,2024-01-01,2024-12-31
1824677,MDG_0000000017,COUNTRY,SUR,AMR,Americas,YEAR,2004,,,,,,,,,1.2 [1.1-1.4],1.2,1.1,1.4,,2025-11-11T14:11:28Z,2004,2004-01-01,2004-12-31
1830896,MDG_0000000017,COUNTRY,VNM,WPR,Western Pacific,YEAR,2004,,,,,,,,,28 [17-43],28,17,43,,2025-11-11T14:11:28Z,2004,2004-01-01,2004-12-31
1842487,MDG_0000000017,COUNTRY,GTM,AMR,Americas,YEAR,2023,,,,,,,,,2.2 [1.9-2.5],2.2,1.9,2.5,,2025-11-11T14:11:28Z,2023,2023-01-01,2023-12-31
1843616,MDG_0000000017,COUNTRY,MAC,,,YEAR,2018,,,,,,,,,13 [9.1-18],13,9.1,18,,2025-11-11T14:11:28Z,2018,2018-01-01,2018-12-31
1850478,MDG_0000000017,COUNTRY,TUN,EMR,Eastern Mediterranean,YEAR,2007,,,,,,,,,1.6 [1.3-2],1.6,1.3,2,,2025-11-11T14:11:28Z,2007,2007-01-01,2007-12-31
1855459,MDG_0000000017,COUNTRY,ARG,AMR,Americas,YEAR,2020,,,,,,,,,1.3 [1.2-1.3],1.3,1.2,1.3,,2025-11-11T14:11:28Z,2020,2020-01-01,2020-12-31
1861640,MDG_0000000017,COUNTRY,MOZ,AFR,Africa,YEAR,2024,,,,,,,,,24 [13-39],24,13,39,,2025-11-11T14:11:28Z,2024,2024-01-01,2024-12-31
1868601,MDG_0000000017,COUNTRY,CAN,AMR,Americas,YEAR,2019,,,,,,,,,0.21 [0.2-0.21],0.21,0.2,0.21,,2025-11-11T14:11:28Z,2019,2019-01-01,2019-12-31
1870740,MDG_0000000017,COUNTRY,ISR,EUR,Europe,YEAR,2003,,,,,,,,,0.77 [0.75-0.8],0.77,0.75,0.8,,2025-11-11T14:11:28Z,2003,2003-01-01,2003-12-31
1875879,MDG_0000000017,COUNTRY,BHS,AMR,Americas,YEAR,2016,,,,,,,,,1.6 [1.4-1.8],1.6,1.4,1.8,,2025-11-11T14:11:28Z,2016,2016-01-01,2016-12-31
1880359,MDG_0000000017,COUNTRY,MHL,WPR,Western Pacific,YEAR,2001,,,,,,,,,87 [60-119],87,60,119,,2025-11-11T14:11:28Z,2001,2001-01-01,2001-12-31
1883265,MDG_0000000017,COUNTRY,SAU,EMR,Eastern Mediterranean,YEAR,2004,,,,,,,,,2 [1.7-2.4],2,1.7,2.4,,2025-11-11T14:11:28Z,2004,2004-01-01,2004-12-31
1887466,MDG_0000000017,COUNTRY,ARM,EUR,Europe,YEAR,2023,,,,,,,,,0.93 [0.74-1.1],0.93,0.74,1.1,,2025-11-11T14:11:28Z,2023,2023-01-01,2023-12-31
1889178,MDG_0000000017,COUNTRY,CUB,AMR,Americas,YEAR,2009,,,,,,,,,0.34 [0.34-0.34],0.34,0.34,0.34,,2025-11-11T14:11:28Z,2009,2009-01-01,2009-12-31
1889577,MDG_0000000017,COUNTRY,CRI,AMR,Americas,YEAR,2000,,,,,,,,,2 [2-2],2,2,2,,2025-11-11T14:11:28Z,2000,2000-01-01,2000-12-31
1895326,MDG_0000000017,COUNTRY,MUS,AFR,Africa,YEAR,2008,,,,,,,,,1.2 [1.2-1.3],1.2,1.2,1.3,,2025-11-11T14:11:28Z,2008,2008-01-01,2008-12-31
1906839,MDG_0000000017,COUNTRY,NPL,SEAR,South-East Asia,YEAR,2013,,,,,,,,,69 [40-107],69,40,107,,2025-11-11T14:11:28Z,2013,2013-01-01,2013-12-31
1926081,MDG_0000000017,COUNTRY,PSE,EMR,Eastern Mediterranean,YEAR,2016,,,,,,,,,0.2 [0.14-0.27],0.2,0.14,0.27,,2025-11-11T14:11:28Z,2016,2016-01-01,2016-12-31
1927082,MDG_0000000017,COUNTRY,ERI,AFR,Africa,YEAR,2022,,,,,,,,,33 [23-46],33,23,46,,2025-11-11T14:11:28Z,2022,2022-01-01,2022-12-31
1927543,MDG_0000000017,COUNTRY,PRI,AMR,Americas,YEAR,2011,,,,,,,,,0.32 [0.32-0.32],0.32,0.32,0.32,,2025-11-11T14:11:28Z,2011,2011-01-01,2011-12-31
1943919,MDG_0000000017,COUNTRY,BDI,AFR,Africa,YEAR,2006,,,,,,,,,33 [21-48],33,21,48,,2025-11-11T14:11:28Z,2006,2006-01-01,2006-12-31
1945145,MDG_0000000017,COUNTRY,VEN,AMR,Americas,YEAR,2002,,,,,,,,,2.8 [2.8-2.8],2.8,2.8,2.8,,2025-11-11T14:11:28Z,2002,2002-01-01,2002-12-31
1950233,MDG_0000000017,COUNTRY,SYR,EMR,Eastern Mediterranean,YEAR,2015,,,,,,,,,0.13 [0.12-0.15],0.13,0.12,0.15,,2025-11-11T14:11:28Z,2015,2015-01-01,2015-12-31
1951115,MDG_0000000017,COUNTRY,TGO,AFR,Africa,YEAR,2015,,,,,,,,,10 [5.1-17],10,5.1,17,,2025-11-11T14:11:28Z,2015,2015-01-01,2015-12-31
1952106,MDG_0000000017,COUNTRY,THA,SEAR,South-East Asia,YEAR,2018,,,,,,,,,14 [10-18],14,10,18,,2025-11-11T14:11:28Z,2018,2018-01-01,2018-12-31
1959340,MDG_0000000017,COUNTRY,TLS,SEAR,South-East Asia,YEAR,2023,,,,,,,,,21 [8.8-39],21,8.8,39,,2025-11-11T14:11:28Z,2023,2023-01-01,2023-12-31
1963467,MDG_0000000017,COUNTRY,HKG,,,YEAR,2024,,,,,,,,,1.6 [1.6-1.6],1.6,1.6,1.6,,2025-11-11T14:11:28Z,2024,2024-01-01,2024-12-31
1964499,MDG_0000000017,COUNTRY,CAN,AMR,Americas,YEAR,2004,,,,,,,,,0.32 [0.32-0.32],0.32,0.32,0.32,,2025-11-11T14:11:28Z,2004,2004-01-01,2004-12-31
1971378,MDG_0000000017,COUNTRY,BWA,AFR,Africa,YEAR,2015,,,,,,,,,39 [25-57],39,25,57,,2025-11-11T14:11:28Z,2015,2015-01-01,2015-12-31
1978129,MDG_0000000017,COUNTRY,EGY,EMR,Eastern Mediterranean,YEAR,2020,,,,,,,,,0.43 [0.39-0.48],0.43,0.39,0.48,,2025-11-11T14:11:28Z,2020,2020-01-01,2020-12-31
1983630,MDG_0000000017,COUNTRY,PRY,AMR,Americas,YEAR,2010,,,,,,,,,4 [3.8-4.3],4,3.8,4.3,,2025-11-11T14:11:28Z,2010,2010-01-01,2010-12-31
1983788,MDG_0000000017,COUNTRY,SLB,WPR,Western Pacific,YEAR,2017,,,,,,,,,31 [22-43],31,22,43,,2025-11-11T14:11:28Z,2017,2017-01-01,2017-12-31
1991338,MDG_0000000017,COUNTRY,COG,AFR,Africa,YEAR,2011,,,,,,,,,50 [33-69],50,33,69,,2025-11-11T14:11:28Z,2011,2011-01-01,2011-12-31
1995531,MDG_0000000017,COUNTRY,CHL,AMR,Americas,YEAR,2022,,,,,,,,,1.8 [1.8-1.9],1.8,1.8,1.9,,2025-11-11T14:11:28Z,2022,2022-01-01,2022-12-31
1996309,MDG_0000000017,COUNTRY,NLD,EUR,Europe,YEAR,2000,,,,,,,,,0.6 [0.58-0.62],0.6,0.58,0.62,,2025-11-11T14:11:28Z,2000,2000-01-01,2000-12-31
1996956,MDG_0000000017,COUNTRY,ECU,AMR,Americas,YEAR,2020,,,,,,,,,2.8 [2.5-3.1],2.8,2.5,3.1,,2025-11-11T14:11:28Z,2020,2020-01-01,2020-12-31
2002930,MDG_0000000017,WORLDBANKINCOMEGROUP,WB_HI,,,YEAR,2010,,,,,,,,,2.9 [2.9-3],2.9,2.9,3,,2025-11-11T14:11:28Z,2010,2010-01-01,2010-12-31
2003277,MDG_0000000017,COUNTRY,CRI,AMR,Americas,YEAR,2002,,,,,,,,,2 [2-2],2,2,2,,2025-11-11T14:11:28Z,2002,2002-01-01,2002-12-31
2007988,MDG_0000000017,COUNTRY,LUX,EUR,Europe,YEAR,2022,,,,,,,,,0.17 [0.16-0.17],0.17,0.16,0.17,,2025-11-11T14:11:28Z,2022,2022-01-01,2022-12-31
2007993,MDG_0000000017,COUNTRY,JPN,WPR,Western Pacific,YEAR,2008,,,,,,,,,3.1 [3.1-3.2],3.1,3.1,3.2,,2025-11-11T14:11:28Z,2008,2008-01-01,2008-12-31
2020070,MDG_0000000017,COUNTRY,DZA,AFR,Africa,YEAR,2011,,,,,,,,,14 [9.6-19],14,9.6,19,,2025-11-11T14:11:28Z,2011,2011-01-01,2011-12-31
2022128,MDG_0000000017,COUNTRY,SUR,AMR,Americas,YEAR,2009,,,,,,,,,2.7 [2.4-2.9],2.7,2.4,2.9,,2025-11-11T14:11:28Z,2009,2009-01-01,2009-12-31
2029137,MDG_0000000017,COUNTRY,LKA,SEAR,South-East Asia,YEAR,2006,,,,,,,,,5.4 [4.5-6.4],5.4,4.5,6.4,,2025-11-11T14:11:28Z,2006,2006-01-01,2006-12-31
2035020,MDG_0000000017,COUNTRY,ECU,AMR,Americas,YEAR,2021,,,,,,,,,3.6 [3.3-3.9],3.6,3.3,3.9,,2025-11-11T14:11:28Z,2021,2021-01-01,2021-12-31
2039255,MDG_0000000017,COUNTRY,MDV,SEAR,South-East Asia,YEAR,2000,,,,,,,,,5.1 [4.1-6.2],5.1,4.1,6.2,,2025-11-11T14:11:28Z,2000,2000-01-01,2000-12-31
2040194,MDG_0000000017,COUNTRY,ZWE,AFR,Africa,YEAR,2017,,,,,,,,,8.3 [5.1-12],8.3,5.1,12,,2025-11-11T14:11:28Z,2017,2017-01-01,2017-12-31
2040340,MDG_0000000017,COUNTRY,NAM,AFR,Africa,YEAR,2001,,,,,,,,,54 [20-103],54,20,103,,2025-11-11T14:11:28Z,2001,2001-01-01,2001-12-31
2040720,MDG_0000000017,COUNTRY,TUR,EUR,Europe,YEAR,2001,,,,,,,,,2.1 [1.3-3.2],2.1,1.3,3.2,,2025-11-11T14:11:28Z,2001,2001-01-01,2001-12-31
2041209,MDG_0000000017,COUNTRY,SWE,EUR,Europe,YEAR,2014,,,,,,,,,0.31 [0.3-0.31],0.31,0.3,0.31,,2025-11-11T14:11:28Z,2014,2014-01-01,2014-12-31
2045995,MDG_0000000017,COUNTRY,BOL,AMR,Americas,YEAR,2019,,,,,,,,,10 [7.4-14],10,7.4,14,,2025-11-11T14:11:28Z,2019,2019-01-01,2019-12-31
2047127,MDG_0000000017,COUNTRY,MWI,AFR,Africa,YEAR,2022,,,,,,,,,9.6 [4.6-16],9.6,4.6,16,,2025-11-11T14:11:28Z,2022,2022-01-01,2022-12-31
2052476,MDG_0000000017,COUNTRY,STP,AFR,Africa,YEAR,2000,,,,,,,,,62 [40-90],62,40,90,,2025-11-11T14:11:28Z,2000,2000-01-01,2000-12-31
2057822,MDG_0000000017,WORLDBANKINCOMEGROUP,WB_UMI,,,YEAR,2008,,,,,,,,,10 [9.8-11],10,9.8,11,,2025-11-11T14:11:28Z,2008,2008-01-01,2008-12-31
2060246,MDG_0000000017,REGION,EMR,,,YEAR,2010,,,,,,,,,15 [14-17],15,14,17,,2025-11-11T14:11:28Z,2010,2010-01-01,2010-12-31
2060372,MDG_0000000017,COUNTRY,GAB,AFR,Africa,YEAR,2015,,,,,,,,,62 [38-91],62,38,91,,2025-11-11T14:11:28Z,2015,2015-01-01,2015-12-31
2065400,MDG_0000000017,COUNTRY,HND,AMR,Americas,YEAR,2011,,,,,,,,,4.3 [3.5-5.2],4.3,3.5,5.2,,2025-11-11T14:11:28Z,2011,2011-01-01,2011-12-31
2065790,MDG_0000000017,COUNTRY,MEX,AMR,Americas,YEAR,2024,,,,,,,,,2.1 [1.7-2.7],2.1,1.7,2.7,,2025-11-11T14:11:28Z,2024,2024-01-01,2024-12-31
2065799,MDG_0000000017,COUNTRY,CPV,AFR,Africa,YEAR,2011,,,,,,,,,6.3 [5.4-7.3],6.3,5.4,7.3,,2025-11-11T14:11:28Z,2011,2011-01-01,2011-12-31
2072306,MDG_0000000017,COUNTRY,LBN,EMR,Eastern Mediterranean,YEAR,2024,,,,,,,,,1.8 [1.2-2.5],1.8,1.2,2.5,,2025-11-11T14:11:28Z,2024,2024-01-01,2024-12-31
2072877,MDG_0000000017,COUNTRY,OMN,EMR,Eastern Mediterranean,YEAR,2013,,,,,,,,,0.46 [0.36-0.57],0.46,0.36,0.57,,2025-11-11T14:11:28Z,2013,2013-01-01,2013-12-31
2077788,MDG_0000000017,COUNTRY,GAB,AFR,Africa,YEAR,2019,,,,,,,,,62 [40-88],62,40,88,,2025-11-11T14:11:28Z,2019,2019-01-01,2019-12-31
2079933,MDG_0000000017,COUNTRY,LSO,AFR,Africa,YEAR,2015,,,,,,,,,52 [30-81],52,30,81,,2025-11-11T14:11:28Z,2015,2015-01-01,2015-12-31
2083381,MDG_0000000017,COUNTRY,MDG,AFR,Africa,YEAR,2010,,,,,,,,,56 [40-75],56,40,75,,2025-11-11T14:11:28Z,2010,2010-01-01,2010-12-31
2083536,MDG_0000000017,COUNTRY,COD,AFR,Africa,YEAR,2011,,,,,,,,,120 [49-220],120,49,220,,2025-11-11T14:11:28Z,2011,2011-01-01,2011-12-31
2090825,MDG_0000000017,COUNTRY,MNG,WPR,Western Pacific,YEAR,2011,,,,,,,,,12 [11-13],12,11,13,,2025-11-11T14:11:28Z,2011,2011-01-01,2011-12-31
2091069,MDG_0000000017,COUNTRY,GAB,AFR,Africa,YEAR,2022,,,,,,,,,45 [29-64],45,29,64,,2025-11-11T14:11:28Z,2022,2022-01-01,2022-12-31
2103255,MDG_0000000017,COUNTRY,GHA,AFR,Africa,YEAR,2019,,,,,,,,,34 [15-59],34,15,59,,2025-11-11T14:11:28Z,2019,2019-01-01,2019-12-31
2108299,MDG_0000000017,COUNTRY,MYS,WPR,Western Pacific,YEAR,2015,,,,,,,,,5.5 [2.8-9.1],5.5,2.8,9.1,,2025-11-11T14:11:28Z,2015,2015-01-01,2015-12-31
2108578,MDG_0000000017,COUNTRY,CZE,EUR,Europe,YEAR,2024,,,,,,,,,0.34 [0.3-0.39],0.34,0.3,0.39,,2025-11-11T14:11:28Z,2024,2024-01-01,2024-12-31
2109694,MDG_0000000017,COUNTRY,NOR,EUR,Europe,YEAR,2001,,,,,,,,,1.2 [1.1-1.2],1.2,1.1,1.2,,2025-11-11T14:11:28Z,2001,2001-01-01,2001-12-31
2115638,MDG_0000000017,COUNTRY,PAK,EMR,Eastern Mediterranean,YEAR,2006,,,,,,,,,31 [27-35],31,27,35,,2025-11-11T14:11:28Z,2006,2006-01-01,2006-12-31
2116514,MDG_0000000017,COUNTRY,PRY,AMR,Americas,YEAR,2009,,,,,,,,,3.3 [3-3.5],3.3,3,3.5,,2025-11-11T14:11:28Z,2009,2009-01-01,2009-12-31
2121379,MDG_0000000017,COUNTRY,STP,AFR,Africa,YEAR,2022,,,,,,,,,14 [6.8-24],14,6.8,24,,2025-11-11T14:11:28Z,2022,2022-01-01,2022-12-31
2129086,MDG_0000000017,COUNTRY,TGO,AFR,Africa,YEAR,2010,,,,,,,,,15 [9.1-23],15,9.1,23,,2025-11-11T14:11:28Z,2010,2010-01-01,2010-12-31
2130219,MDG_0000000017,COUNTRY,BHR,EMR,Eastern Mediterranean,YEAR,2014,,,,,,,,,0.51 [0.48-0.55],0.51,0.48,0.55,,2025-11-11T14:11:28Z,2014,2014-01-01,2014-12-31
2134185,MDG_0000000017,COUNTRY,MKD,EUR,Europe,YEAR,2007,,,,,,,,,2.9 [2.7-3],2.9,2.7,3,,2025-11-11T14:11:28Z,2007,2007-01-01,2007-12-31
2146943,MDG_0000000017,COUNTRY,COL,AMR,Americas,YEAR,2008,,,,,,,,,2.8 [2.7-2.8],2.8,2.7,2.8,,2025-11-11T14:11:28Z,2008,2008-01-01,2008-12-31
2148647,MDG_0000000017,COUNTRY,EGY,EMR,Eastern Mediterranean,YEAR,2004,,,,,,,,,1.2 [1-1.4],1.2,1,1.4,,2025-11-11T14:11:28Z,2004,2004-01-01,2004-12-31
2152362,MDG_0000000017,COUNTRY,TLS,SEAR,South-East Asia,YEAR,2009,,,,,,,,,130 [95-170],130,95,170,,2025-11-11T14:11:28Z,2009,2009-01-01,2009-12-31
2158943,MDG_0000000017,COUNTRY,MYS,WPR,Western Pacific,YEAR,2016,,,,,,,,,5.9 [3.1-9.5],5.9,3.1,9.5,,2025-11-11T14:11:28Z,2016,2016-01-01,2016-12-31
2159610,MDG_0000000017,COUNTRY,MDA,EUR,Europe,YEAR,2003,,,,,,,,,19 [16-23],19,16,23,,2025-11-11T14:11:28Z,2003,2003-01-01,2003-12-31
2165977,MDG_0000000017,COUNTRY,AGO,AFR,Africa,YEAR,2017,,,,,,,,,87 [60-118],87,60,118,,2025-11-11T14:11:28Z,2017,2017-01-01,2017-12-31
2184936,MDG_0000000017,COUNTRY,ZAF,AFR,Africa,YEAR,2023,,,,,,,,,39 [37-41],39,37,41,,2025-11-11T14:11:28Z,2023,2023-01-01,2023-12-31
2186236,MDG_0000000017,COUNTRY,MLI,AFR,Africa,YEAR,2015,,,,,,,,,11 [5.4-18],11,5.4,18,,2025-11-11T14:11:28Z,2015,2015-01-01,2015-12-31
2186442,MDG_0000000017,COUNTRY,SLB,WPR,Western Pacific,YEAR,2008,,,,,,,,,72 [50-99],72,50,99,,2025-11-11T14:11:28Z,2008,2008-01-01,2008-12-31
2192113,MDG_0000000017,COUNTRY,KHM,WPR,Western Pacific,YEAR,2005,,,,,,,,,24 [6.2-55],24,6.2,55,,2025-11-11T14:11:28Z,2005,2005-01-01,2005-12-31
2198560,MDG_0000000017,COUNTRY,TZA,AFR,Africa,YEAR,2010,,,,,,,,,79 [39-133],79,39,133,,2025-11-11T14:11:28Z,2010,2010-01-01,2010-12-31
2203996,MDG_0000000017,COUNTRY,THA,SEAR,South-East Asia,YEAR,2021,,,,,,,,,15 [11-18],15,11,18,,2025-11-11T14:11:28Z,2021,2021-01-01,2021-12-31
2204806,MDG_0000000017,COUNTRY,BOL,AMR,Americas,YEAR,2024,,,,,,,,,10 [7-14],10,7,14,,2025-11-11T14:11:28Z,2024,2024-01-01,2024-12-31
2216587,MDG_0000000017,COUNTRY,VEN,AMR,Americas,YEAR,2013,,,,,,,,,2.3 [2.3-2.3],2.3,2.3,2.3,,2025-11-11T14:11:28Z,2013,2013-01-01,2013-12-31
2216953,MDG_0000000017,COUNTRY,GNB,AFR,Africa,YEAR,2022,,,,,,,,,15 [9.6-21],15,9.6,21,,2025-11-11T14:11:28Z,2022,2022-01-01,2022-12-31
2217085,MDG_0000000017,COUNTRY,KAZ,EUR,Europe,YEAR,2018,,,,,,,,,2.6 [2.5-2.7],2.6,2.5,2.7,,2025-11-11T14:11:28Z,2018,2018-01-01,2018-12-31
2218095,MDG_0000000017,COUNTRY,GNQ,AFR,Africa,YEAR,2004,,,,,,,,,62 [23-122],62,23,122,,2025-11-11T14:11:28Z,2004,2004-01-01,2004-12-31
2222644,MDG_0000000017,COUNTRY,CHE,EUR,Europe,YEAR,2003,,,,,,,,,0.38 [0.37-0.39],0.38,0.37,0.39,,2025-11-11T14:11:28Z,2003,2003-01-01,2003-12-31
2223711,MDG_0000000017,COUNTRY,HRV,EUR,Europe,YEAR,2001,,,,,,,,,3.5 [3.4-3.6],3.5,3.4,3.6,,2025-11-11T14:11:28Z,2001,2001-01-01,2001-12-31
2228825,MDG_0000000017,COUNTRY,DZA,AFR,Africa,YEAR,2021,,,,,,,,,7.5 [5.1-10],7.5,5.1,10,,2025-11-11T14:11:28Z,2021,2021-01-01,2021-12-31
2231485,MDG_0000000017,COUNTRY,ZMB,AFR,Africa,YEAR,2017,,,,,,,,,29 [17-43],29,17,43,,2025-11-11T14:11:28Z,2017,2017-01-01,2017-12-31
2260642,MDG_0000000017,COUNTRY,KIR,WPR,Western Pacific,YEAR,2015,,,,,,,,,38 [33-44],38,33,44,,2025-11-11T14:11:28Z,2015,2015-01-01,2015-12-31
2267335,MDG_0000000017,COUNTRY,VNM,WPR,Western Pacific,YEAR,2021,,,,,,,,,9.5 [6.1-14],9.5,6.1,14,,2025-11-11T14:11:28Z,2021,2021-01-01,2021-12-31
2268156,MDG_0000000017,COUNTRY,ARE,EMR,Eastern Mediterranean,YEAR,2023,,,,,,,,,0.67 [0.39-1],0.67,0.39,1,,2025-11-11T14:11:28Z,2023,2023-01-01,2023-12-31
2273970,MDG_0000000017,COUNTRY,ARM,EUR,Europe,YEAR,2010,,,,,,,,,5.6 [5.5-5.7],5.6,5.5,5.7,,2025-11-11T14:11:28Z,2010,2010-01-01,2010-12-31
2274794,MDG_0000000017,COUNTRY,DOM,AMR,Americas,YEAR,2017,,,,,,,,,2.8 [1.4-4.8],2.8,1.4,4.8,,2025-11-11T14:11:28Z,2017,2017-01-01,2017-12-31
2279152,MDG_0000000017,COUNTRY,ITA,EUR,Europe,YEAR,2014,,,,,,,,,0.48 [0.48-0.49],0.48,0.48,0.49,,2025-11-11T14:11:28Z,2014,2014-01-01,2014-12-31
2279376,MDG_0000000017,COUNTRY,URY,AMR,Americas,YEAR,2014,,,,,,,,,2.2 [2.1-2.3],2.2,2.1,2.3,,2025-11-11T14:11:28Z,2014,2014-01-01,2014-12-31
2287959,MDG_0000000017,COUNTRY,KWT,EMR,Eastern Mediterranean,YEAR,2002,,,,,,,,,1.5 [1.5-1.5],1.5,1.5,1.5,,2025-11-11T14:11:28Z,2002,2002-01-01,2002-12-31
2292277,MDG_0000000017,COUNTRY,SSD,AFR,Africa,YEAR,2014,,,,,,,,,121 [52-218],121,52,218,,2025-11-11T14:11:28Z,2014,2014-01-01,2014-12-31
2292314,MDG_0000000017,COUNTRY,RWA,AFR,Africa,YEAR,2017,,,,,,,,,5 [3.2-7.2],5,3.2,7.2,,2025-11-11T14:11:28Z,2017,2017-01-01,2017-12-31
2298275,MDG_0000000017,COUNTRY,AGO,AFR,Africa,YEAR,2002,,,,,,,,,81 [56-110],81,56,110,,2025-11-11T14:11:28Z,2002,2002-01-01,2002-12-31
2299892,MDG_0000000017,COUNTRY,SLV,AMR,Americas,YEAR,2024,,,,,,,,,1.2 [1.1-1.3],1.2,1.1,1.3,,2025-11-11T14:11:28Z,2024,2024-01-01,2024-12-31
2301125,MDG_0000000017,COUNTRY,DOM,AMR,Americas,YEAR,2023,,,,,,,,,1.3 [0.77-1.9],1.3,0.77,1.9,,2025-11-11T14:11:28Z,2023,2023-01-01,2023-12-31
2306991,MDG_0000000017,WORLDBANKINCOMEGROUP,WB_UMI,,,YEAR,2020,,,,,,,,,6.9 [6.5-7.2],6.9,6.5,7.2,,2025-11-11T14:11:28Z,2020,2020-01-01,2020-12-31
2307069,MDG_0000000017,COUNTRY,SRB,EUR,Europe,YEAR,2015,,,,,,,,,1.2 [1.1-1.2],1.2,1.1,1.2,,2025-11-11T14:11:28Z,2015,2015-01-01,2015-12-31
2310953,MDG_0000000017,COUNTRY,MNG,WPR,Western Pacific,YEAR,2004,,,,,,,,,18 [16-19],18,16,19,,2025-11-11T14:11:28Z,2004,2004-01-01,2004-12-31
2313046,MDG_0000000017,COUNTRY,POL,EUR,Europe,YEAR,2008,,,,,,,,,2.3 [2.3-2.4],2.3,2.3,2.4,,2025-11-11T14:11:28Z,2008,2008-01-01,2008-12-31
2319723,MDG_0000000017,COUNTRY,AGO,AFR,Africa,YEAR,2005,,,,,,,,,107 [75-146],107,75,146,,2025-11-11T14:11:28Z,2005,2005-01-01,2005-12-31
2325968,MDG_0000000017,COUNTRY,SVK,EUR,Europe,YEAR,2023,,,,,,,,,0.51 [0.41-0.61],0.51,0.41,0.61,,2025-11-11T14:11:28Z,2023,2023-01-01,2023-12-31
2326220,MDG_0000000017,COUNTRY,TZA,AFR,Africa,YEAR,2005,,,,,,,,,83 [34-152],83,34,152,,2025-11-11T14:11:28Z,2005,2005-01-01,2005-12-31
2331065,MDG_0000000017,COUNTRY,SWZ,AFR,Africa,YEAR,2023,,,,,,,,,29 [6.7-66],29,6.7,66,,2025-11-11T14:11:28Z,2023,2023-01-01,2023-12-31
2332859,MDG_0000000017,COUNTRY,NAM,AFR,Africa,YEAR,2013,,,,,,,,,74 [47-107],74,47,107,,2025-11-11T14:11:28Z,2013,2013-01-01,2013-12-31
2350073,MDG_0000000017,COUNTRY,JOR,EMR,Eastern Mediterranean,YEAR,2012,,,,,,,,,0.19 [0.17-0.21],0.19,0.17,0.21,,2025-11-11T14:11:28Z,2012,2012-01-01,2012-12-31
2351044,MDG_0000000017,COUNTRY,SDN,EMR,Eastern Mediterranean,YEAR,2013,,,,,,,,,21 [11-35],21,11,35,,2025-11-11T14:11:28Z,2013,2013-01-01,2013-12-31
2361902,MDG_0000000017,COUNTRY,PAK,EMR,Eastern Mediterranean,YEAR,2024,,,,,,,,,20 [16-26],20,16,26,,2025-11-11T14:11:28Z,2024,2024-01-01,2024-12-31
2363667,MDG_0000000017,COUNTRY,EST,EUR,Europe,YEAR,2006,,,,,,,,,5.2 [5.1-5.3],5.2,5.1,5.3,,2025-11-11T14:11:28Z,2006,2006-01-01,2006-12-31
2369803,MDG_0000000017,COUNTRY,NPL,SEAR,South-East Asia,YEAR,2012,,,,,,,,,71 [41-109],71,41,109,,2025-11-11T14:11:28Z,2012,2012-01-01,2012-12-31
2375658,MDG_0000000017,COUNTRY,MHL,WPR,Western Pacific,YEAR,2024,,,,,,,,,79 [54-107],79,54,107,,2025-11-11T14:11:28Z,2024,2024-01-01,2024-12-31
2375954,MDG_0000000017,COUNTRY,PAK,EMR,Eastern Mediterranean,YEAR,2010,,,,,,,,,26 [23-30],26,23,30,,2025-11-11T14:11:28Z,2010,2010-01-01,2010-12-31
2382540,MDG_0000000017,COUNTRY,TKM,EUR,Europe,YEAR,2017,,,,,,,,,10 [8.6-12],10,8.6,12,,2025-11-11T14:11:28Z,2017,2017-01-01,2017-12-31
2388508,MDG_0000000017,COUNTRY,MEX,AMR,Americas,YEAR,2009,,,,,,,,,2.2 [2.1-2.2],2.2,2.1,2.2,,2025-11-11T14:11:28Z,2009,2009-01-01,2009-12-31
2395668,MDG_0000000017,COUNTRY,LSO,AFR,Africa,YEAR,2007,,,,,,,,,76 [26-151],76,26,151,,2025-11-11T14:11:28Z,2007,2007-01-01,2007-12-31
2396307,MDG_0000000017,COUNTRY,UZB,EUR,Europe,YEAR,2013,,,,,,,,,9 [6.9-11],9,6.9,11,,2025-11-11T14:11:28Z,2013,2013-01-01,2013-12-31
2407500,MDG_0000000017,COUNTRY,NAM,AFR,Africa,YEAR,2006,,,,,,,,,63 [24-121],63,24,121,,2025-11-11T14:11:28Z,2006,2006-01-01,2006-12-31
2421219,MDG_0000000017,COUNTRY,NAM,AFR,Africa,YEAR,2003,,,,,,,,,71 [28-134],71,28,134,,2025-11-11T14:11:28Z,2003,2003-01-01,2003-12-31
2433398,MDG_0000000017,REGION,EMR,,,YEAR,2001,,,,,,,,,21 [19-24],21,19,24,,2025-11-11T14:11:28Z,2001,2001-01-01,2001-12-31
2433989,MDG_0000000017,COUNTRY,SSD,AFR,Africa,YEAR,2015,,,,,,,,,115 [50-207],115,50,207,,2025-11-11T14:11:28Z,2015,2015-01-01,2015-12-31
2434278,MDG_0000000017,REGION,EUR,,,YEAR,2005,,,,,,,,,7.9 [7.7-8.2],7.9,7.7,8.2,,2025-11-11T14:11:28Z,2005,2005-01-01,2005-12-31
2438562,MDG_0000000017,COUNTRY,HKG,,,YEAR,2014,,,,,,,,,2.7 [2.7-2.8],2.7,2.7,2.8,,2025-11-11T14:11:28Z,2014,2014-01-01,2014-12-31
2446404,MDG_0000000017,COUNTRY,ETH,AFR,Africa,YEAR,2017,,,,,,,,,25 [16-36],25,16,36,,2025-11-11T14:11:28Z,2017,2017-01-01,2017-12-31
2446500,MDG_0000000017,COUNTRY,PHL,WPR,Western Pacific,YEAR,2018,,,,,,,,,27 [24-31],27,24,31,,2025-11-11T14:11:28Z,2018,2018-01-01,2018-12-31
2450645,MDG_0000000017,COUNTRY,HKG,,,YEAR,2005,,,,,,,,,4 [4-4.1],4,4,4.1,,2025-11-11T14:11:28Z,2005,2005-01-01,2005-12-31
2451592,MDG_0000000017,COUNTRY,IRL,EUR,Europe,YEAR,2024,,,,,,,,,0.37 [0.37-0.37],0.37,0.37,0.37,,2025-11-11T14:11:28Z,2024,2024-01-01,2024-12-31
2457268,MDG_0000000017,COUNTRY,CRI,AMR,Americas,YEAR,2010,,,,,,,,,1 [1-1],1,1,1,,2025-11-11T14:11:28Z,2010,2010-01-01,2010-12-31
2462784,MDG_0000000017,REGION,EMR,,,YEAR,2006,,,,,,,,,19 [17-21],19,17,21,,2025-11-11T14:11:28Z,2006,2006-01-01,2006-12-31
2462901,MDG_0000000017,COUNTRY,GHA,AFR,Africa,YEAR,2012,,,,,,,,,39 [18-69],39,18,69,,2025-11-11T14:11:28Z,2012,2012-01-01,2012-12-31
2464993,MDG_0000000017,COUNTRY,HKG,,,YEAR,2018,,,,,,,,,2.3 [2.3-2.4],2.3,2.3,2.4,,2025-11-11T14:11:28Z,2018,2018-01-01,2018-12-31
2476178,MDG_0000000017,COUNTRY,CHL,AMR,Americas,YEAR,2023,,,,,,,,,1.6 [1.4-1.7],1.6,1.4,1.7,,2025-11-11T14:11:28Z,2023,2023-01-01,2023-12-31
2476517,MDG_0000000017,COUNTRY,FRA,EUR,Europe,YEAR,2011,,,,,,,,,1 [0.96-1.1],1,0.96,1.1,,2025-11-11T14:11:28Z,2011,2011-01-01,2011-12-31
2476678,MDG_0000000017,COUNTRY,TGO,AFR,Africa,YEAR,2008,,,,,,,,,14 [8.5-21],14,8.5,21,,2025-11-11T14:11:28Z,2008,2008-01-01,2008-12-31
2481612,MDG_0000000017,COUNTRY,GIN,AFR,Africa,YEAR,2018,,,,,,,,,24 [16-33],24,16,33,,2025-11-11T14:11:28Z,2018,2018-01-01,2018-12-31
2483103,MDG_0000000017,COUNTRY,CHN,WPR,Western Pacific,YEAR,2014,,,,,,,,,2.8 [2.5-3.1],2.8,2.5,3.1,,2025-11-11T14:11:28Z,2014,2014-01-01,2014-12-31
2483491,MDG_0000000017,COUNTRY,MWI,AFR,Africa,YEAR,2010,,,,,,,,,20 [4.2-48],20,4.2,48,,2025-11-11T14:11:28Z,2010,2010-01-01,2010-12-31
2501864,MDG_0000000017,COUNTRY,BLZ,AMR,Americas,YEAR,2019,,,,,,,,,1.6 [1.6-1.6],1.6,1.6,1.6,,2025-11-11T14:11:28Z,2019,2019-01-01,2019-12-31
2502246,MDG_0000000017,COUNTRY,MDG,AFR,Africa,YEAR,2007,,,,,,,,,58 [41-77],58,41,77,,2025-11-11T14:11:28Z,2007,2007-01-01,2007-12-31
2507350,MDG_0000000017,COUNTRY,AUS,WPR,Western Pacific,YEAR,2009,,,,,,,,,0.26 [0.26-0.26],0.26,0.26,0.26,,2025-11-11T14:11:28Z,2009,2009-01-01,2009-12-31
2514003,MDG_0000000017,COUNTRY,FIN,EUR,Europe,YEAR,2011,,,,,,,,,1.1 [1.1-1.1],1.1,1.1,1.1,,2025-11-11T14:11:28Z,2011,2011-01-01,2011-12-31
2514765,MDG_0000000017,COUNTRY,MAR,EMR,Eastern Mediterranean,YEAR,2009,,,,,,,,,7.1 [4.1-11],7.1,4.1,11,,2025-11-11T14:11:28Z,2009,2009-01-01,2009-12-31
2520660,MDG_0000000017,COUNTRY,ZMB,AFR,Africa,YEAR,2019,,,,,,,,,33 [20-50],33,20,50,,2025-11-11T14:11:28Z,2019,2019-01-01,2019-12-31
2522455,MDG_0000000017,COUNTRY,GBR,EUR,Europe,YEAR,2007,,,,,,,,,0.63 [0.63-0.64],0.63,0.63,0.64,,2025-11-11T14:11:28Z,2007,2007-01-01,2007-12-31
2534178,MDG_0000000017,COUNTRY,NZL,WPR,Western Pacific,YEAR,2019,,,,,,,,,0.26 [0.26-0.26],0.26,0.26,0.26,,2025-11-11T14:11:28Z,2019,2019-01-01,2019-12-31
2535208,MDG_0000000017,REGION,AMR,,,YEAR,2008,,,,,,,,,2.2 [2.1-2.3],2.2,2.1,2.3,,2025-11-11T14:11:28Z,2008,2008-01-01,2008-12-31
2535307,MDG_0000000017,COUNTRY,KAZ,EUR,Europe,YEAR,2023,,,,,,,,,2 [1.5-2.5],2,1.5,2.5,,2025-11-11T14:11:28Z,2023,2023-01-01,2023-12-31
2544986,MDG_0000000017,COUNTRY,MEX,AMR,Americas,YEAR,2012,,,,,,,,,2.1 [2-2.1],2.1,2,2.1,,2025-11-11T14:11:28Z,2012,2012-01-01,2012-12-31
2547275,MDG_0000000017,COUNTRY,COM,AFR,Africa,YEAR,2012,,,,,,,,,11 [4.1-21],11,4.1,21,,2025-11-11T14:11:28Z,2012,2012-01-01,2012-12-31
2551861,MDG_0000000017,WORLDBANKINCOMEGROUP,WB_HI,,,YEAR,2016,,,,,,,,,1.8 [1.8-1.8],1.8,1.8,1.8,,2025-11-11T14:11:28Z,2016,2016-01-01,2016-12-31
2552806,MDG_0000000017,WORLDBANKINCOMEGROUP,WB_LI,,,YEAR,2013,,,,,,,,,46 [33-62],46,33,62,,2025-11-11T14:11:28Z,2013,2013-01-01,2013-12-31
2552969,MDG_0000000017,COUNTRY,KIR,WPR,Western Pacific,YEAR,2020,,,,,,,,,37 [31-43],37,31,43,,2025-11-11T14:11:28Z,2020,2020-01-01,2020-12-31
2557705,MDG_0000000017,COUNTRY,MNE,EUR,Europe,YEAR,2017,,,,,,,,,0.2 [0.18-0.22],0.2,0.18,0.22,,2025-11-11T14:11:28Z,2017,2017-01-01,2017-12-31
2571010,MDG_0000000017,COUNTRY,NGA,AFR,Africa,YEAR,2007,,,,,,,,,56 [30-88],56,30,88,,2025-11-11T14:11:28Z,2007,2007-01-01,2007-12-31
2572501,MDG_0000000017,COUNTRY,CPV,AFR,Africa,YEAR,2010,,,,,,,,,6.3 [5.4-7.3],6.3,5.4,7.3,,2025-11-11T14:11:28Z,2010,2010-01-01,2010-12-31
2578030,MDG_0000000017,COUNTRY,LSO,AFR,Africa,YEAR,2003,,,,,,,,,66 [24-130],66,24,130,,2025-11-11T14:11:28Z,2003,2003-01-01,2003-12-31
2579587,MDG_0000000017,COUNTRY,AUT,EUR,Europe,YEAR,2017,,,,,,,,,0.4 [0.39-0.41],0.4,0.39,0.41,,2025-11-11T14:11:28Z,2017,2017-01-01,2017-12-31
2583400,MDG_0000000017,COUNTRY,LKA,SEAR,South-East Asia,YEAR,2024,,,,,,,,,3.5 [3.1-3.8],3.5,3.1,3.8,,2025-11-11T14:11:28Z,2024,2024-01-01,2024-12-31
2584481,MDG_0000000017,COUNTRY,URY,AMR,Americas,YEAR,2017,,,,,,,,,2 [1.9-2],2,1.9,2,,2025-11-11T14:11:28Z,2017,2017-01-01,2017-12-31
2591118,MDG_0000000017,COUNTRY,GNB,AFR,Africa,YEAR,2021,,,,,,,,,21 [14-29],21,14,29,,2025-11-11T14:11:28Z,2021,2021-01-01,2021-12-31
2595920,MDG_0000000017,COUNTRY,HUN,EUR,Europe,YEAR,2016,,,,,,,,,0.67 [0.67-0.68],0.67,0.67,0.68,,2025-11-11T14:11:28Z,2016,2016-01-01,2016-12-31
2609627,MDG_0000000017,COUNTRY,TZA,AFR,Africa,YEAR,2007,,,,,,,,,81 [41-136],81,41,136,,2025-11-11T14:11:28Z,2007,2007-01-01,2007-12-31
2610246,MDG_0000000017,COUNTRY,ARE,EMR,Eastern Mediterranean,YEAR,2012,,,,,,,,,0.67 [0.39-1],0.67,0.39,1,,2025-11-11T14:11:28Z,2012,2012-01-01,2012-12-31
2611605,MDG_0000000017,COUNTRY,MOZ,AFR,Africa,YEAR,2014,,,,,,,,,32 [18-49],32,18,49,,2025-11-11T14:11:28Z,2014,2014-01-01,2014-12-31
2615345,MDG_0000000017,COUNTRY,ARM,EUR,Europe,YEAR,2003,,,,,,,,,6.4 [5.3-7.7],6.4,5.3,7.7,,2025-11-11T14:11:28Z,2003,2003-01-01,2003-12-31
2616261,MDG_0000000017,COUNTRY,HTI,AMR,Americas,YEAR,2011,,,,,,,,,11 [7.4-14],11,7.4,14,,2025-11-11T14:11:28Z,2011,2011-01-01,2011-12-31
2623637,MDG_0000000017,COUNTRY,UZB,EUR,Europe,YEAR,2023,,,,,,,,,1.6 [1.6-1.7],1.6,1.6,1.7,,2025-11-11T14:11:28Z,2023,2023-01-01,2023-12-31
2627412,MDG_0000000017,REGION,AMR,,,YEAR,2013,,,,,,,,,1.9 [1.8-2],1.9,1.8,2,,2025-11-11T14:11:28Z,2013,2013-01-01,2013-12-31
2628976,MDG_0000000017,COUNTRY,SVK,EUR,Europe,YEAR,2004,,,,,,,,,0.97 [0.97-0.98],0.97,0.97,0.98,,2025-11-11T14:11:28Z,2004,2004-01-01,2004-12-31
2635670,MDG_0000000017,COUNTRY,MYS,WPR,Western Pacific,YEAR,2012,,,,,,,,,5.2 [2.7-8.4],5.2,2.7,8.4,,2025-11-11T14:11:28Z,2012,2012-01-01,2012-12-31
2640747,MDG_0000000017,COUNTRY,SDN,EMR,Eastern Mediterranean,YEAR,2018,,,,,,,,,11 [7-16],11,7,16,,2025-11-11T14:11:28Z,2018,2018-01-01,2018-12-31
2642085,MDG_0000000017,COUNTRY,IRL,EUR,Europe,YEAR,2010,,,,,,,,,0.77 [0.77-0.77],0.77,0.77,0.77,,2025-11-11T14:11:28Z,2010,2010-01-01,2010-12-31
2647981,MDG_0000000017,COUNTRY,PER,AMR,Americas,YEAR,2007,,,,,,,,,7 [5.9-8.1],7,5.9,8.1,,2025-11-11T14:11:28Z,2007,2007-01-01,2007-12-31
2651899,MDG_0000000017,COUNTRY,GNQ,AFR,Africa,YEAR,2000,,,,,,,,,62 [21-125],62,21,125,,2025-11-11T14:11:28Z,2000,2000-01-01,2000-12-31
2652381,MDG_0000000017,COUNTRY,GNQ,AFR,Africa,YEAR,2007,,,,,,,,,49 [17-98],49,17,98,,2025-11-11T14:11:28Z,2007,2007-01-01,2007-12-31
2652959,MDG_0000000017,COUNTRY,NGA,AFR,Africa,YEAR,2015,,,,,,,,,62 [36-95],62,36,95,,2025-11-11T14:11:28Z,2015,2015-01-01,2015-12-31
2653179,MDG_0000000017,COUNTRY,QAT,EMR,Eastern Mediterranean,YEAR,2004,,,,,,,,,0.4 [0.33-0.46],0.4,0.33,0.46,,2025-11-11T14:11:28Z,2004,2004-01-01,2004-12-31
2658578,MDG_0000000017,COUNTRY,PAN,AMR,Americas,YEAR,2017,,,,,,,,,5.3 [5.1-5.4],5.3,5.1,5.4,,2025-11-11T14:11:28Z,2017,2017-01-01,2017-12-31
2659330,MDG_0000000017,COUNTRY,BLZ,AMR,Americas,YEAR,2020,,,,,,,,,0.87 [0.07-2.7],0.87,0.07,2.7,,2025-11-11T14:11:28Z,2020,2020-01-01,2020-12-31
2661053,MDG_0000000017,COUNTRY,BGR,EUR,Europe,YEAR,2008,,,,,,,,,3.4 [3.2-3.5],3.4,3.2,3.5,,2025-11-11T14:11:28Z,2008,2008-01-01,2008-12-31
2671731,MDG_0000000017,COUNTRY,MWI,AFR,Africa,YEAR,2023,,,,,,,,,8.1 [3.8-14],8.1,3.8,14,,2025-11-11T14:11:28Z,2023,2023-01-01,2023-12-31
2672211,MDG_0000000017,COUNTRY,NZL,WPR,Western Pacific,YEAR,2007,,,,,,,,,0.38 [0.38-0.38],0.38,0.38,0.38,,2025-11-11T14:11:28Z,2007,2007-01-01,2007-12-31
2672483,MDG_0000000017,COUNTRY,PRT,EUR,Europe,YEAR,2018,,,,,,,,,2.4 [2.3-2.4],2.4,2.3,2.4,,2025-11-11T14:11:28Z,2018,2018-01-01,2018-12-31
2673184,MDG_0000000017,COUNTRY,FSM,WPR,Western Pacific,YEAR,2003,,,,,,,,,93 [64-127],93,64,127,,2025-11-11T14:11:28Z,2003,2003-01-01,2003-12-31
2691925,MDG_0000000017,COUNTRY,SOM,EMR,Eastern Mediterranean,YEAR,2010,,,,,,,,,60 [42-80],60,42,80,,2025-11-11T14:11:28Z,2010,2010-01-01,2010-12-31
2698318,MDG_0000000017,COUNTRY,NER,AFR,Africa,YEAR,2014,,,,,,,,,21 [13-30],21,13,30,,2025-11-11T14:11:28Z,2014,2014-01-01,2014-12-31
2703958,MDG_0000000017,COUNTRY,KAZ,EUR,Europe,YEAR,2024,,,,,,,,,1.6 [1.1-2.3],1.6,1.1,2.3,,2025-11-11T14:11:28Z,2024,2024-01-01,2024-12-31
2704995,MDG_0000000017,COUNTRY,BEL,EUR,Europe,YEAR,2004,,,,,,,,,0.71 [0.7-0.72],0.71,0.7,0.72,,2025-11-11T14:11:28Z,2004,2004-01-01,2004-12-31
2705048,MDG_0000000017,COUNTRY,STP,AFR,Africa,YEAR,2005,,,,,,,,,79 [54-108],79,54,108,,2025-11-11T14:11:28Z,2005,2005-01-01,2005-12-31
2709926,MDG_0000000017,COUNTRY,BGR,EUR,Europe,YEAR,2023,,,,,,,,,1.4 [1.4-1.4],1.4,1.4,1.4,,2025-11-11T14:11:28Z,2023,2023-01-01,2023-12-31
2710995,MDG_0000000017,COUNTRY,ITA,EUR,Europe,YEAR,2020,,,,,,,,,0.39 [0.38-0.4],0.39,0.38,0.4,,2025-11-11T14:11:28Z,2020,2020-01-01,2020-12-31
2716414,MDG_0000000017,COUNTRY,SSD,AFR,Africa,YEAR,2016,,,,,,,,,107 [46-192],107,46,192,,2025-11-11T14:11:28Z,2016,2016-01-01,2016-12-31
2724459,MDG_0000000017,COUNTRY,COG,AFR,Africa,YEAR,2015,,,,,,,,,47 [32-64],47,32,64,,2025-11-11T14:11:28Z,2015,2015-01-01,2015-12-31
2724794,MDG_0000000017,COUNTRY,MRT,AFR,Africa,YEAR,2022,,,,,,,,,12 [6.4-18],12,6.4,18,,2025-11-11T14:11:28Z,2022,2022-01-01,2022-12-31
2724852,MDG_0000000017,COUNTRY,KHM,WPR,Western Pacific,YEAR,2009,,,,,,,,,26 [12-45],26,12,45,,2025-11-11T14:11:28Z,2009,2009-01-01,2009-12-31
2728427,MDG_0000000017,COUNTRY,GRC,EUR,Europe,YEAR,2009,,,,,,,,,0.85 [0.81-0.88],0.85,0.81,0.88,,2025-11-11T14:11:28Z,2009,2009-01-01,2009-12-31
2730332,MDG_0000000017,COUNTRY,BEN,AFR,Africa,YEAR,2024,,,,,,,,,5.3 [1.6-11],5.3,1.6,11,,2025-11-11T14:11:28Z,2024,2024-01-01,2024-12-31
2730880,MDG_0000000017,COUNTRY,HND,AMR,Americas,YEAR,2016,,,,,,,,,4.1 [3.4-5],4.1,3.4,5,,2025-11-11T14:11:28Z,2016,2016-01-01,2016-12-31
2736306,MDG_0000000017,COUNTRY,CUB,AMR,Americas,YEAR,2010,,,,,,,,,0.4 [0.4-0.4],0.4,0.4,0.4,,2025-11-11T14:11:28Z,2010,2010-01-01,2010-12-31
2743418,MDG_0000000017,COUNTRY,PSE,EMR,Eastern Mediterranean,YEAR,2015,,,,,,,,,0.24 [0.17-0.33],0.24,0.17,0.33,,2025-11-11T14:11:28Z,2015,2015-01-01,2015-12-31
2747418,MDG_0000000017,COUNTRY,URY,AMR,Americas,YEAR,2003,,,,,,,,,2.3 [2.2-2.4],2.3,2.2,2.4,,2025-11-11T14:11:28Z,2003,2003-01-01,2003-12-31
2754498,MDG_0000000017,COUNTRY,URY,AMR,Americas,YEAR,2012,,,,,,,,,1.4 [1.3-1.4],1.4,1.3,1.4,,2025-11-11T14:11:28Z,2012,2012-01-01,2012-12-31
2755988,MDG_0000000017,COUNTRY,CPV,AFR,Africa,YEAR,2005,,,,,,,,,6.3 [5.4-7.3],6.3,5.4,7.3,,2025-11-11T14:11:28Z,2005,2005-01-01,2005-12-31
2756237,MDG_0000000017,COUNTRY,NZL,WPR,Western Pacific,YEAR,2000,,,,,,,,,0.65 [0.64-0.65],0.65,0.64,0.65,,2025-11-11T14:11:28Z,2000,2000-01-01,2000-12-31
2760624,MDG_0000000017,COUNTRY,SDN,EMR,Eastern Mediterranean,YEAR,2022,,,,,,,,,7.4 [4.4-11],7.4,4.4,11,,2025-11-11T14:11:28Z,2022,2022-01-01,2022-12-31
2761402,MDG_0000000017,COUNTRY,TCD,AFR,Africa,YEAR,2018,,,,,,,,,23 [15-32],23,15,32,,2025-11-11T14:11:28Z,2018,2018-01-01,2018-12-31
2768422,MDG_0000000017,COUNTRY,LTU,EUR,Europe,YEAR,2010,,,,,,,,,7.5 [7.3-7.7],7.5,7.3,7.7,,2025-11-11T14:11:28Z,2010,2010-01-01,2010-12-31
2772846,MDG_0000000017,COUNTRY,GAB,AFR,Africa,YEAR,2020,,,,,,,,,66 [43-94],66,43,94,,2025-11-11T14:11:28Z,2020,2020-01-01,2020-12-31
2773607,MDG_0000000017,COUNTRY,TJK,EUR,Europe,YEAR,2009,,,,,,,,,11 [10-12],11,10,12,,2025-11-11T14:11:28Z,2009,2009-01-01,2009-12-31
2779995,MDG_0000000017,COUNTRY,UGA,AFR,Africa,YEAR,2000,,,,,,,,,27 [9-53],27,9,53,,2025-11-11T14:11:28Z,2000,2000-01-01,2000-12-31
2780249,MDG_0000000017,COUNTRY,NGA,AFR,Africa,YEAR,2013,,,,,,,,,56 [33-86],56,33,86,,2025-11-11T14:11:28Z,2013,2013-01-01,2013-12-31
2791867,MDG_0000000017,COUNTRY,MYS,WPR,Western Pacific,YEAR,2019,,,,,,,,,5.1 [3.3-7.3],5.1,3.3,7.3,,2025-11-11T14:11:28Z,2019,2019-01-01,2019-12-31
2800015,MDG_0000000017,COUNTRY,AUS,WPR,Western Pacific,YEAR,2007,,,,,,,,,0.25 [0.24-0.25],0.25,0.24,0.25,,2025-11-11T14:11:28Z,2007,2007-01-01,2007-12-31
2805266,MDG_0000000017,COUNTRY,IRL,EUR,Europe,YEAR,2018,,,,,,,,,0.51 [0.51-0.51],0.51,0.51,0.51,,2025-11-11T14:11:28Z,2018,2018-01-01,2018-12-31
2805891,MDG_0000000017,COUNTRY,MLI,AFR,Africa,YEAR,2014,,,,,,,,,13 [6.4-21],13,6.4,21,,2025-11-11T14:11:28Z,2014,2014-01-01,2014-12-31
2807277,MDG_0000000017,REGION,SEAR,,,YEAR,2017,,,,,,,,,27 [22-33],27,22,33,,2025-11-11T14:11:28Z,2017,2017-01-01,2017-12-31
2811704,MDG_0000000017,COUNTRY,NOR,EUR,Europe,YEAR,2002,,,,,,,,,0.76 [0.75-0.78],0.76,0.75,0.78,,2025-11-11T14:11:28Z,2002,2002-01-01,2002-12-31
2811803,MDG_0000000017,COUNTRY,SYR,EMR,Eastern Mediterranean,YEAR,2023,,,,,,,,,0.13 [0.12-0.15],0.13,0.12,0.15,,2025-11-11T14:11:28Z,2023,2023-01-01,2023-12-31
2817208,MDG_0000000017,COUNTRY,PSE,EMR,Eastern Mediterranean,YEAR,2018,,,,,,,,,0.15 [0.1-0.2],0.15,0.1,0.2,,2025-11-11T14:11:28Z,2018,2018-01-01,2018-12-31
2817288,MDG_0000000017,COUNTRY,NIC,AMR,Americas,YEAR,2021,,,,,,,,,1.2 [1.2-1.2],1.2,1.2,1.2,,2025-11-11T14:11:28Z,2021,2021-01-01,2021-12-31
2819659,MDG_0000000017,COUNTRY,MKD,EUR,Europe,YEAR,2008,,,,,,,,,2.3 [2.2-2.4],2.3,2.2,2.4,,2025-11-11T14:11:28Z,2008,2008-01-01,2008-12-31
2824520,MDG_0000000017,COUNTRY,MEX,AMR,Americas,YEAR,2004,,,,,,,,,2.7 [2.6-2.7],2.7,2.6,2.7,,2025-11-11T14:11:28Z,2004,2004-01-01,2004-12-31
2825194,MDG_0000000017,COUNTRY,BHS,AMR,Americas,YEAR,2014,,,,,,,,,0.64 [0.57-0.72],0.64,0.57,0.72,,2025-11-11T14:11:28Z,2014,2014-01-01,2014-12-31
2830394,MDG_0000000017,COUNTRY,BRA,AMR,Americas,YEAR,2023,,,,,,,,,3.3 [2.8-3.9],3.3,2.8,3.9,,2025-11-11T14:11:28Z,2023,2023-01-01,2023-12-31
2830669,MDG_0000000017,COUNTRY,MNG,WPR,Western Pacific,YEAR,2019,,,,,,,,,10 [8.9-11],10,8.9,11,,2025-11-11T14:11:28Z,2019,2019-01-01,2019-12-31
2831739,MDG_0000000017,COUNTRY,HTI,AMR,Americas,YEAR,2006,,,,,,,,,12 [8.4-16],12,8.4,16,,2025-11-11T14:11:28Z,2006,2006-01-01,2006-12-31
2831975,MDG_0000000017,COUNTRY,HRV,EUR,Europe,YEAR,2018,,,,,,,,,1 [1-1],1,1,1,,2025-11-11T14:11:28Z,2018,2018-01-01,2018-12-31
2835965,MDG_0000000017,COUNTRY,MMR,SEAR,South-East Asia,YEAR,2022,,,,,,,,,71 [45-102],71,45,102,,2025-11-11T14:11:28Z,2022,2022-01-01,2022-12-31
2836694,MDG_0000000017,COUNTRY,LBR,AFR,Africa,YEAR,2017,,,,,,,,,44 [31-58],44,31,58,,2025-11-11T14:11:28Z,2017,2017-01-01,2017-12-31
2844727,MDG_0000000017,COUNTRY,BEL,EUR,Europe,YEAR,2003,,,,,,,,,0.92 [0.9-0.93],0.92,0.9,0.93,,2025-11-11T14:11:28Z,2003,2003-01-01,2003-12-31
2861712,MDG_0000000017,COUNTRY,AUT,EUR,Europe,YEAR,2006,,,,,,,,,0.68 [0.68-0.69],0.68,0.68,0.69,,2025-11-11T14:11:28Z,2006,2006-01-01,2006-12-31
2861762,MDG_0000000017,COUNTRY,ERI,AFR,Africa,YEAR,2008,,,,,,,,,79 [55-106],79,55,106,,2025-11-11T14:11:28Z,2008,2008-01-01,2008-12-31
2862045,MDG_0000000017,COUNTRY,NER,AFR,Africa,YEAR,2003,,,,,,,,,24 [15-34],24,15,34,,2025-11-11T14:11:28Z,2003,2003-01-01,2003-12-31
2863631,MDG_0000000017,COUNTRY,KOR,WPR,Western Pacific,YEAR,2006,,,,,,,,,7.1 [6.6-7.6],7.1,6.6,7.6,,2025-11-11T14:11:28Z,2006,2006-01-01,2006-12-31
2864326,MDG_0000000017,COUNTRY,FJI,WPR,Western Pacific,YEAR,2020,,,,,,,,,4.4 [4.3-4.5],4.4,4.3,4.5,,2025-11-11T14:11:28Z,2020,2020-01-01,2020-12-31
2869638,MDG_0000000017,COUNTRY,CUB,AMR,Americas,YEAR,2004,,,,,,,,,0.39 [0.38-0.39],0.39,0.38,0.39,,2025-11-11T14:11:28Z,2004,2004-01-01,2004-12-31
2875881,MDG_0000000017,COUNTRY,CHN,WPR,Western Pacific,YEAR,2017,,,,,,,,,2.6 [2.4-2.9],2.6,2.4,2.9,,2025-11-11T14:11:28Z,2017,2017-01-01,2017-12-31
2876258,MDG_0000000017,COUNTRY,FSM,WPR,Western Pacific,YEAR,2016,,,,,,,,,71 [49-98],71,49,98,,2025-11-11T14:11:28Z,2016,2016-01-01,2016-12-31
2881546,MDG_0000000017,COUNTRY,MKD,EUR,Europe,YEAR,2002,,,,,,,,,3.8 [3.6-4],3.8,3.6,4,,2025-11-11T14:11:28Z,2002,2002-01-01,2002-12-31
2883426,MDG_0000000017,REGION,WPR,,,YEAR,2020,,,,,,,,,9.1 [8.6-9.6],9.1,8.6,9.6,,2025-11-11T14:11:28Z,2020,2020-01-01,2020-12-31
2888129,MDG_0000000017,COUNTRY,VEN,AMR,Americas,YEAR,2004,,,,,,,,,2.8 [2.8-2.8],2.8,2.8,2.8,,2025-11-11T14:11:28Z,2004,2004-01-01,2004-12-31
2893486,MDG_0000000017,COUNTRY,BRA,AMR,Americas,YEAR,2013,,,,,,,,,2.7 [2.6-2.7],2.7,2.6,2.7,,2025-11-11T14:11:28Z,2013,2013-01-01,2013-12-31
2895190,MDG_0000000017,COUNTRY,HND,AMR,Americas,YEAR,2002,,,,,,,,,6 [5-7.1],6,5,7.1,,2025-11-11T14:11:28Z,2002,2002-01-01,2002-12-31
2902095,MDG_0000000017,COUNTRY,YEM,EMR,Eastern Mediterranean,YEAR,2006,,,,,,,,,15 [11-19],15,11,19,,2025-11-11T14:11:28Z,2006,2006-01-01,2006-12-31
2907375,MDG_0000000017,COUNTRY,LUX,EUR,Europe,YEAR,2008,,,,,,,,,0.36 [0.35-0.38],0.36,0.35,0.38,,2025-11-11T14:11:28Z,2008,2008-01-01,2008-12-31
2912300,MDG_0000000017,COUNTRY,CHE,EUR,Europe,YEAR,2015,,,,,,,,,0.2 [0.2-0.21],0.2,0.2,0.21,,2025-11-11T14:11:28Z,2015,2015-01-01,2015-12-31
2913562,MDG_0000000017,COUNTRY,FSM,WPR,Western Pacific,YEAR,2010,,,,,,,,,91 [63-125],91,63,125,,2025-11-11T14:11:28Z,2010,2010-01-01,2010-12-31
2926703,MDG_0000000017,COUNTRY,STP,AFR,Africa,YEAR,2002,,,,,,,,,58 [38-81],58,38,81,,2025-11-11T14:11:28Z,2002,2002-01-01,2002-12-31
2932511,MDG_0000000017,WORLDBANKINCOMEGROUP,WB_LI,,,YEAR,2000,,,,,,,,,71 [49-96],71,49,96,,2025-11-11T14:11:28Z,2000,2000-01-01,2000-12-31
2932721,MDG_0000000017,COUNTRY,SUR,AMR,Americas,YEAR,2021,,,,,,,,,2.8 [2.2-3.5],2.8,2.2,3.5,,2025-11-11T14:11:28Z,2021,2021-01-01,2021-12-31
2933576,MDG_0000000017,COUNTRY,SYR,EMR,Eastern Mediterranean,YEAR,2013,,,,,,,,,0.13 [0.12-0.15],0.13,0.12,0.15,,2025-11-11T14:11:28Z,2013,2013-01-01,2013-12-31
2938155,MDG_0000000017,COUNTRY,ESP,EUR,Europe,YEAR,2018,,,,,,,,,0.54 [0.54-0.55],0.54,0.54,0.55,,2025-11-11T14:11:28Z,2018,2018-01-01,2018-12-31
2938264,MDG_0000000017,COUNTRY,MDA,EUR,Europe,YEAR,2019,,,,,,,,,4.7 [4.7-4.7],4.7,4.7,4.7,,2025-11-11T14:11:28Z,2019,2019-01-01,2019-12-31
2939925,MDG_0000000017,COUNTRY,COM,AFR,Africa,YEAR,2007,,,,,,,,,11 [4.4-20],11,4.4,20,,2025-11-11T14:11:28Z,2007,2007-01-01,2007-12-31
2943760,MDG_0000000017,COUNTRY,VEN,AMR,Americas,YEAR,2022,,,,,,,,,2.3 [1.5-3.2],2.3,1.5,3.2,,2025-11-11T14:11:28Z,2022,2022-01-01,2022-12-31
2950997,MDG_0000000017,GLOBAL,GLOBAL,,,YEAR,2022,,,,,,,,,15 [13-16],15,13,16,,2025-11-11T14:11:28Z,2022,2022-01-01,2022-12-31
2952238,MDG_0000000017,COUNTRY,USA,AMR,Americas,YEAR,2017,,,,,,,,,0.16 [0.16-0.16],0.16,0.16,0.16,,2025-11-11T14:11:28Z,2017,2017-01-01,2017-12-31
2957414,MDG_0000000017,COUNTRY,CRI,AMR,Americas,YEAR,2022,,,,,,,,,0.75 [0.66-0.86],0.75,0.66,0.86,,2025-11-11T14:11:28Z,2022,2022-01-01,2022-12-31
2958636,MDG_0000000017,WORLDBANKINCOMEGROUP,WB_LI,,,YEAR,2006,,,,,,,,,57 [42-74],57,42,74,,2025-11-11T14:11:28Z,2006,2006-01-01,2006-12-31
2964042,MDG_0000000017,COUNTRY,ZMB,AFR,Africa,YEAR,2024,,,,,,,,,19 [11-31],19,11,31,,2025-11-11T14:11:28Z,2024,2024-01-01,2024-12-31
2969773,MDG_0000000017,COUNTRY,SWZ,AFR,Africa,YEAR,2009,,,,,,,,,52 [30-80],52,30,80,,2025-11-11T14:11:28Z,2009,2009-01-01,2009-12-31
2970403,MDG_0000000017,COUNTRY,LBY,EMR,Eastern Mediterranean,YEAR,2019,,,,,,,,,4.2 [1.6-8],4.2,1.6,8,,2025-11-11T14:11:28Z,2019,2019-01-01,2019-12-31
2971397,MDG_0000000017,COUNTRY,EGY,EMR,Eastern Mediterranean,YEAR,2024,,,,,,,,,0.43 [0.39-0.48],0.43,0.39,0.48,,2025-11-11T14:11:28Z,2024,2024-01-01,2024-12-31
2984028,MDG_0000000017,COUNTRY,RWA,AFR,Africa,YEAR,2015,,,,,,,,,4.9 [3.1-7],4.9,3.1,7,,2025-11-11T14:11:28Z,2015,2015-01-01,2015-12-31
2984435,MDG_0000000017,COUNTRY,RUS,EUR,Europe,YEAR,2000,,,,,,,,,21 [21-22],21,21,22,,2025-11-11T14:11:28Z,2000,2000-01-01,2000-12-31
2994531,MDG_0000000017,COUNTRY,GIN,AFR,Africa,YEAR,2021,,,,,,,,,18 [12-25],18,12,25,,2025-11-11T14:11:28Z,2021,2021-01-01,2021-12-31
2997013,MDG_0000000017,COUNTRY,GHA,AFR,Africa,YEAR,2015,,,,,,,,,37 [17-66],37,17,66,,2025-11-11T14:11:28Z,2015,2015-01-01,2015-12-31
3015474,MDG_0000000017,COUNTRY,AUT,EUR,Europe,YEAR,2014,,,,,,,,,0.83 [0.82-0.84],0.83,0.82,0.84,,2025-11-11T14:11:28Z,2014,2014-01-01,2014-12-31
3020061,MDG_0000000017,COUNTRY,MYS,WPR,Western Pacific,YEAR,2011,,,,,,,,,5.7 [2.9-9.4],5.7,2.9,9.4,,2025-11-11T14:11:28Z,2011,2011-01-01,2011-12-31
3022329,MDG_0000000017,COUNTRY,NPL,SEAR,South-East Asia,YEAR,2006,,,,,,,,,96 [59-143],96,59,143,,2025-11-11T14:11:28Z,2006,2006-01-01,2006-12-31
3026704,MDG_0000000017,COUNTRY,ARM,EUR,Europe,YEAR,2012,,,,,,,,,4.7 [4.6-4.8],4.7,4.6,4.8,,2025-11-11T14:11:28Z,2012,2012-01-01,2012-12-31
3027960,MDG_0000000017,COUNTRY,CPV,AFR,Africa,YEAR,2004,,,,,,,,,6.3 [5.4-7.3],6.3,5.4,7.3,,2025-11-11T14:11:28Z,2004,2004-01-01,2004-12-31
3028743,MDG_0000000017,COUNTRY,CRI,AMR,Americas,YEAR,2013,,,,,,,,,0.85 [0.84-0.86],0.85,0.84,0.86,,2025-11-11T14:11:28Z,2013,2013-01-01,2013-12-31
3029112,MDG_0000000017,COUNTRY,CAF,AFR,Africa,YEAR,2003,,,,,,,,,116 [41-229],116,41,229,,2025-11-11T14:11:28Z,2003,2003-01-01,2003-12-31
3047091,MDG_0000000017,COUNTRY,IND,SEAR,South-East Asia,YEAR,2003,,,,,,,,,60 [45-78],60,45,78,,2025-11-11T14:11:28Z,2003,2003-01-01,2003-12-31
3047108,MDG_0000000017,COUNTRY,AUS,WPR,Western Pacific,YEAR,2017,,,,,,,,,0.2 [0.2-0.2],0.2,0.2,0.2,,2025-11-11T14:11:28Z,2017,2017-01-01,2017-12-31
3048720,MDG_0000000017,COUNTRY,ITA,EUR,Europe,YEAR,2010,,,,,,,,,0.62 [0.62-0.63],0.62,0.62,0.63,,2025-11-11T14:11:28Z,2010,2010-01-01,2010-12-31
3060626,MDG_0000000017,COUNTRY,IND,SEAR,South-East Asia,YEAR,2010,,,,,,,,,38 [28-48],38,28,48,,2025-11-11T14:11:28Z,2010,2010-01-01,2010-12-31
3061931,MDG_0000000017,COUNTRY,BFA,AFR,Africa,YEAR,2007,,,,,,,,,17 [7.1-30],17,7.1,30,,2025-11-11T14:11:28Z,2007,2007-01-01,2007-12-31
3073174,MDG_0000000017,COUNTRY,ZAF,AFR,Africa,YEAR,2022,,,,,,,,,39 [37-41],39,37,41,,2025-11-11T14:11:28Z,2022,2022-01-01,2022-12-31
3074983,MDG_0000000017,COUNTRY,NLD,EUR,Europe,YEAR,2019,,,,,,,,,0.11 [0.11-0.11],0.11,0.11,0.11,,2025-11-11T14:11:28Z,2019,2019-01-01,2019-12-31
3078987,MDG_0000000017,COUNTRY,SWZ,AFR,Africa,YEAR,2024,,,,,,,,,28 [6.2-64],28,6.2,64,,2025-11-11T14:11:28Z,2024,2024-01-01,2024-12-31
3079939,MDG_0000000017,COUNTRY,IRQ,EMR,Eastern Mediterranean,YEAR,2015,,,,,,,,,2.7 [2.5-3],2.7,2.5,3,,2025-11-11T14:11:28Z,2015,2015-01-01,2015-12-31
3085234,MDG_0000000017,COUNTRY,SWE,EUR,Europe,YEAR,2010,,,,,,,,,0.38 [0.37-0.39],0.38,0.37,0.39,,2025-11-11T14:11:28Z,2010,2010-01-01,2010-12-31
3086661,MDG_0000000017,COUNTRY,TGO,AFR,Africa,YEAR,2001,,,,,,,,,8.2 [3.3-15],8.2,3.3,15,,2025-11-11T14:11:28Z,2001,2001-01-01,2001-12-31
3091388,MDG_0000000017,COUNTRY,IDN,WPR,Western Pacific,YEAR,2014,,,,,,,,,40 [37-42],40,37,42,,2025-11-11T14:11:28Z,2014,2014-01-01,2014-12-31
3093572,MDG_0000000017,COUNTRY,VEN,AMR,Americas,YEAR,2006,,,,,,,,,2.5 [2.5-2.5],2.5,2.5,2.5,,2025-11-11T14:11:28Z,2006,2006-01-01,2006-12-31
3098353,MDG_0000000017,COUNTRY,UZB,EUR,Europe,YEAR,2001,,,,,,,,,24 [16-34],24,16,34,,2025-11-11T14:11:28Z,2001,2001-01-01,2001-12-31
3100084,MDG_0000000017,COUNTRY,UGA,AFR,Africa,YEAR,2002,,,,,,,,,22 [9.9-38],22,9.9,38,,2025-11-11T14:11:28Z,2002,2002-01-01,2002-12-31
3106465,MDG_0000000017,COUNTRY,JOR,EMR,Eastern Mediterranean,YEAR,2014,,,,,,,,,0.12 [0.1-0.15],0.12,0.1,0.15,,2025-11-11T14:11:28Z,2014,2014-01-01,2014-12-31
3112708,MDG_0000000017,COUNTRY,JAM,AMR,Americas,YEAR,2019,,,,,,,,,0.24 [0.24-0.24],0.24,0.24,0.24,,2025-11-11T14:11:28Z,2019,2019-01-01,2019-12-31
3118046,MDG_0000000017,COUNTRY,SRB,EUR,Europe,YEAR,2006,,,,,,,,,2.8 [2.7-2.9],2.8,2.7,2.9,,2025-11-11T14:11:28Z,2006,2006-01-01,2006-12-31
3123422,MDG_0000000017,COUNTRY,GHA,AFR,Africa,YEAR,2011,,,,,,,,,40 [18-70],40,18,70,,2025-11-11T14:11:28Z,2011,2011-01-01,2011-12-31
3125074,MDG_0000000017,COUNTRY,EGY,EMR,Eastern Mediterranean,YEAR,2016,,,,,,,,,0.43 [0.39-0.48],0.43,0.39,0.48,,2025-11-11T14:11:28Z,2016,2016-01-01,2016-12-31
3131118,MDG_0000000017,COUNTRY,ESP,EUR,Europe,YEAR,2012,,,,,,,,,0.7 [0.69-0.71],0.7,0.69,0.71,,2025-11-11T14:11:28Z,2012,2012-01-01,2012-12-31
3142707,MDG_0000000017,COUNTRY,CHL,AMR,Americas,YEAR,2024,,,,,,,,,2.1 [2-2.3],2.1,2,2.3,,2025-11-11T14:11:28Z,2024,2024-01-01,2024-12-31
3143007,MDG_0000000017,COUNTRY,BEN,AFR,Africa,YEAR,2016,,,,,,,,,10 [5.2-17],10,5.2,17,,2025-11-11T14:11:28Z,2016,2016-01-01,2016-12-31
3143773,MDG_0000000017,COUNTRY,DOM,AMR,Americas,YEAR,2019,,,,,,,,,1.8 [0.51-3.8],1.8,0.51,3.8,,2025-11-11T14:11:28Z,2019,2019-01-01,2019-12-31
3148789,MDG_0000000017,COUNTRY,KOR,WPR,Western Pacific,YEAR,2003,,,,,,,,,8.3 [7.8-8.8],8.3,7.8,8.8,,2025-11-11T14:11:28Z,2003,2003-01-01,2003-12-31
3150434,MDG_0000000017,COUNTRY,HKG,,,YEAR,2000,,,,,,,,,4.6 [4.5-4.6],4.6,4.5,4.6,,2025-11-11T14:11:28Z,2000,2000-01-01,2000-12-31
3150622,MDG_0000000017,COUNTRY,COL,AMR,Americas,YEAR,2007,,,,,,,,,2.9 [2.8-2.9],2.9,2.8,2.9,,2025-11-11T14:11:28Z,2007,2007-01-01,2007-12-31
3154659,MDG_0000000017,COUNTRY,GMB,AFR,Africa,YEAR,2008,,,,,,,,,21 [12-31],21,12,31,,2025-11-11T14:11:28Z,2008,2008-01-01,2008-12-31
3156191,MDG_0000000017,COUNTRY,CHN,WPR,Western Pacific,YEAR,2023,,,,,,,,,1.8 [1.6-2],1.8,1.6,2,,2025-11-11T14:11:28Z,2023,2023-01-01,2023-12-31
3156757,MDG_0000000017,COUNTRY,GRC,EUR,Europe,YEAR,2012,,,,,,,,,1 [0.96-1.1],1,0.96,1.1,,2025-11-11T14:11:28Z,2012,2012-01-01,2012-12-31
3163484,MDG_0000000017,REGION,SEAR,,,YEAR,2002,,,,,,,,,70 [56-85],70,56,85,,2025-11-11T14:11:28Z,2002,2002-01-01,2002-12-31
3163995,MDG_0000000017,COUNTRY,KHM,WPR,Western Pacific,YEAR,2023,,,,,,,,,18 [8.8-29],18,8.8,29,,2025-11-11T14:11:28Z,2023,2023-01-01,2023-12-31
3169507,MDG_0000000017,COUNTRY,JAM,AMR,Americas,YEAR,2006,,,,,,,,,0.27 [0.26-0.28],0.27,0.26,0.28,,2025-11-11T14:11:28Z,2006,2006-01-01,2006-12-31
3180114,MDG_0000000017,COUNTRY,USA,AMR,Americas,YEAR,2014,,,,,,,,,0.16 [0.16-0.16],0.16,0.16,0.16,,2025-11-11T14:11:28Z,2014,2014-01-01,2014-12-31
3180639,MDG_0000000017,COUNTRY,BLR,EUR,Europe,YEAR,2020,,,,,,,,,2.8 [2.7-2.9],2.8,2.7,2.9,,2025-11-11T14:11:28Z,2020,2020-01-01,2020-12-31
3181381,MDG_0000000017,COUNTRY,ARE,EMR,Eastern Mediterranean,YEAR,2021,,,,,,,,,0.67 [0.39-1],0.67,0.39,1,,2025-11-11T14:11:28Z,2021,2021-01-01,2021-12-31
3181403,MDG_0000000017,COUNTRY,ZAF,AFR,Africa,YEAR,2009,,,,,,,,,57 [55-59],57,55,59,,2025-11-11T14:11:28Z,2009,2009-01-01,2009-12-31
3213775,MDG_0000000017,COUNTRY,BHS,AMR,Americas,YEAR,2019,,,,,,,,,0.58 [0.56-0.6],0.58,0.56,0.6,,2025-11-11T14:11:28Z,2019,2019-01-01,2019-12-31
3214587,MDG_0000000017,COUNTRY,THA,SEAR,South-East Asia,YEAR,2019,,,,,,,,,14 [10-18],14,10,18,,2025-11-11T14:11:28Z,2019,2019-01-01,2019-12-31
3226232,MDG_0000000017,COUNTRY,FSM,WPR,Western Pacific,YEAR,2014,,,,,,,,,99 [68-135],99,68,135,,2025-11-11T14:11:28Z,2014,2014-01-01,2014-12-31
3226893,MDG_0000000017,COUNTRY,POL,EUR,Europe,YEAR,2017,,,,,,,,,1.5 [1.4-1.5],1.5,1.4,1.5,,2025-11-11T14:11:28Z,2017,2017-01-01,2017-12-31
3233453,MDG_0000000017,COUNTRY,AUT,EUR,Europe,YEAR,2018,,,,,,,,,0.54 [0.53-0.55],0.54,0.53,0.55,,2025-11-11T14:11:28Z,2018,2018-01-01,2018-12-31
3237462,MDG_0000000017,COUNTRY,SVN,EUR,Europe,YEAR,2007,,,,,,,,,1.4 [1.4-1.4],1.4,1.4,1.4,,2025-11-11T14:11:28Z,2007,2007-01-01,2007-12-31
3238599,MDG_0000000017,COUNTRY,NIC,AMR,Americas,YEAR,2013,,,,,,,,,1.9 [1.9-1.9],1.9,1.9,1.9,,2025-11-11T14:11:28Z,2013,2013-01-01,2013-12-31
3245440,MDG_0000000017,COUNTRY,MMR,SEAR,South-East Asia,YEAR,2006,,,,,,,,,124 [70-194],124,70,194,,2025-11-11T14:11:28Z,2006,2006-01-01,2006-12-31
3270008,MDG_0000000017,COUNTRY,GAB,AFR,Africa,YEAR,2001,,,,,,,,,33 [17-53],33,17,53,,2025-11-11T14:11:28Z,2001,2001-01-01,2001-12-31
3270483,MDG_0000000017,COUNTRY,TUR,EUR,Europe,YEAR,2016,,,,,,,,,0.68 [0.67-0.69],0.68,0.67,0.69,,2025-11-11T14:11:28Z,2016,2016-01-01,2016-12-31
3275937,MDG_0000000017,COUNTRY,TKM,EUR,Europe,YEAR,2005,,,,,,,,,20 [17-24],20,17,24,,2025-11-11T14:11:28Z,2005,2005-01-01,2005-12-31
3276902,MDG_0000000017,COUNTRY,MMR,SEAR,South-East Asia,YEAR,2007,,,,,,,,,112 [60-180],112,60,180,,2025-11-11T14:11:28Z,2007,2007-01-01,2007-12-31
3277027,MDG_0000000017,COUNTRY,SGP,WPR,Western Pacific,YEAR,2014,,,,,,,,,1.2 [1.1-1.4],1.2,1.1,1.4,,2025-11-11T14:11:28Z,2014,2014-01-01,2014-12-31
3282522,MDG_0000000017,COUNTRY,GBR,EUR,Europe,YEAR,2020,,,,,,,,,0.34 [0.34-0.35],0.34,0.34,0.35,,2025-11-11T14:11:28Z,2020,2020-01-01,2020-12-31
3294519,MDG_0000000017,COUNTRY,AGO,AFR,Africa,YEAR,2012,,,,,,,,,86 [58-120],86,58,120,,2025-11-11T14:11:28Z,2012,2012-01-01,2012-12-31
3308978,MDG_0000000017,COUNTRY,PAK,EMR,Eastern Mediterranean,YEAR,2001,,,,,,,,,36 [32-41],36,32,41,,2025-11-11T14:11:28Z,2001,2001-01-01,2001-12-31
3313549,MDG_0000000017,REGION,AFR,,,YEAR,2007,,,,,,,,,58 [48-70],58,48,70,,2025-11-11T14:11:28Z,2007,2007-01-01,2007-12-31
3320551,MDG_0000000017,COUNTRY,IRL,EUR,Europe,YEAR,2012,,,,,,,,,0.59 [0.59-0.59],0.59,0.59,0.59,,2025-11-11T14:11:28Z,2012,2012-01-01,2012-12-31
3320752,MDG_0000000017,COUNTRY,PER,AMR,Americas,YEAR,2015,,,,,,,,,5.8 [5-6.6],5.8,5,6.6,,2025-11-11T14:11:28Z,2015,2015-01-01,2015-12-31
3320988,MDG_0000000017,COUNTRY,SSD,AFR,Africa,YEAR,2022,,,,,,,,,63 [29-112],63,29,112,,2025-11-11T14:11:28Z,2022,2022-01-01,2022-12-31
3321043,MDG_0000000017,COUNTRY,TKM,EUR,Europe,YEAR,2002,,,,,,,,,19 [16-21],19,16,21,,2025-11-11T14:11:28Z,2002,2002-01-01,2002-12-31
3321633,MDG_0000000017,COUNTRY,HKG,,,YEAR,2012,,,,,,,,,2.9 [2.9-2.9],2.9,2.9,2.9,,2025-11-11T14:11:28Z,2012,2012-01-01,2012-12-31
3335015,MDG_0000000017,COUNTRY,CYP,EUR,Europe,YEAR,2023,,,,,,,,,0.39 [0.36-0.42],0.39,0.36,0.42,,2025-11-11T14:11:28Z,2023,2023-01-01,2023-12-31
3340974,MDG_0000000017,COUNTRY,UGA,AFR,Africa,YEAR,2014,,,,,,,,,22 [13-33],22,13,33,,2025-11-11T14:11:28Z,2014,2014-01-01,2014-12-31
3346328,MDG_0000000017,COUNTRY,GNQ,AFR,Africa,YEAR,2001,,,,,,,,,65 [23-128],65,23,128,,2025-11-11T14:11:28Z,2001,2001-01-01,2001-12-31
3347267,MDG_0000000017,COUNTRY,CMR,AFR,Africa,YEAR,2002,,,,,,,,,25 [14-39],25,14,39,,2025-11-11T14:11:28Z,2002,2002-01-01,2002-12-31
3359125,MDG_0000000017,COUNTRY,IRL,EUR,Europe,YEAR,2001,,,,,,,,,0.91 [0.8-1],0.91,0.8,1,,2025-11-11T14:11:28Z,2001,2001-01-01,2001-12-31
3359879,MDG_0000000017,COUNTRY,HRV,EUR,Europe,YEAR,2002,,,,,,,,,4.4 [4.3-4.5],4.4,4.3,4.5,,2025-11-11T14:11:28Z,2002,2002-01-01,2002-12-31
3372913,MDG_0000000017,WORLDBANKINCOMEGROUP,WB_LI,,,YEAR,2012,,,,,,,,,47 [33-62],47,33,62,,2025-11-11T14:11:28Z,2012,2012-01-01,2012-12-31
3383540,MDG_0000000017,COUNTRY,UKR,EUR,Europe,YEAR,2018,,,,,,,,,9 [8.6-9.5],9,8.6,9.5,,2025-11-11T14:11:28Z,2018,2018-01-01,2018-12-31
3385151,MDG_0000000017,COUNTRY,BHR,EMR,Eastern Mediterranean,YEAR,2020,,,,,,,,,1.2 [0.72-1.8],1.2,0.72,1.8,,2025-11-11T14:11:28Z,2020,2020-01-01,2020-12-31
3389600,MDG_0000000017,COUNTRY,BRA,AMR,Americas,YEAR,2021,,,,,,,,,2.7 [2.6-2.8],2.7,2.6,2.8,,2025-11-11T14:11:28Z,2021,2021-01-01,2021-12-31
3404454,MDG_0000000017,COUNTRY,GHA,AFR,Africa,YEAR,2016,,,,,,,,,36 [16-64],36,16,64,,2025-11-11T14:11:28Z,2016,2016-01-01,2016-12-31
3414645,MDG_0000000017,COUNTRY,FSM,WPR,Western Pacific,YEAR,2002,,,,,,,,,115 [79-157],115,79,157,,2025-11-11T14:11:28Z,2002,2002-01-01,2002-12-31
3414942,MDG_0000000017,COUNTRY,ITA,EUR,Europe,YEAR,2022,,,,,,,,,0.44 [0.43-0.45],0.44,0.43,0.45,,2025-11-11T14:11:28Z,2022,2022-01-01,2022-12-31
3421657,MDG_0000000017,WORLDBANKINCOMEGROUP,WB_LI,,,YEAR,2002,,,,,,,,,62 [45-81],62,45,81,,2025-11-11T14:11:28Z,2002,2002-01-01,2002-12-31
3428896,MDG_0000000017,COUNTRY,IRN,EMR,Eastern Mediterranean,YEAR,2012,,,,,,,,,0.89 [0.77-1],0.89,0.77,1,,2025-11-11T14:11:28Z,2012,2012-01-01,2012-12-31
3434236,MDG_0000000017,COUNTRY,ARG,AMR,Americas,YEAR,2019,,,,,,,,,1.4 [1.4-1.5],1.4,1.4,1.5,,2025-11-11T14:11:28Z,2019,2019-01-01,2019-12-31
3441485,MDG_0000000017,COUNTRY,MEX,AMR,Americas,YEAR,2007,,,,,,,,,2.2 [2.1-2.2],2.2,2.1,2.2,,2025-11-11T14:11:28Z,2007,2007-01-01,2007-12-31
3441632,MDG_0000000017,COUNTRY,LBR,AFR,Africa,YEAR,2014,,,,,,,,,69 [48-95],69,48,95,,2025-11-11T14:11:28Z,2014,2014-01-01,2014-12-31
3454137,MDG_0000000017,COUNTRY,AUS,WPR,Western Pacific,YEAR,2013,,,,,,,,,0.22 [0.22-0.22],0.22,0.22,0.22,,2025-11-11T14:11:28Z,2013,2013-01-01,2013-12-31
3458644,MDG_0000000017,COUNTRY,BLZ,AMR,Americas,YEAR,2014,,,,,,,,,1.1 [1.1-1.1],1.1,1.1,1.1,,2025-11-11T14:11:28Z,2014,2014-01-01,2014-12-31
3460981,MDG_0000000017,COUNTRY,MMR,SEAR,South-East Asia,YEAR,2010,,,,,,,,,99 [54-158],99,54,158,,2025-11-11T14:11:28Z,2010,2010-01-01,2010-12-31
3471444,MDG_0000000017,COUNTRY,SEN,AFR,Africa,YEAR,2007,,,,,,,,,39 [27-54],39,27,54,,2025-11-11T14:11:28Z,2007,2007-01-01,2007-12-31
3471485,MDG_0000000017,COUNTRY,THA,SEAR,South-East Asia,YEAR,2010,,,,,,,,,13 [7.7-19],13,7.7,19,,2025-11-11T14:11:28Z,2010,2010-01-01,2010-12-31
3472128,MDG_0000000017,COUNTRY,KGZ,EUR,Europe,YEAR,2011,,,,,,,,,11 [11-11],11,11,11,,2025-11-11T14:11:28Z,2011,2011-01-01,2011-12-31
3480434,MDG_0000000017,COUNTRY,SOM,EMR,Eastern Mediterranean,YEAR,2016,,,,,,,,,39 [27-53],39,27,53,,2025-11-11T14:11:28Z,2016,2016-01-01,2016-12-31
3484092,MDG_0000000017,COUNTRY,MUS,AFR,Africa,YEAR,2004,,,,,,,,,1.3 [1.2-1.3],1.3,1.2,1.3,,2025-11-11T14:11:28Z,2004,2004-01-01,2004-12-31
3490841,MDG_0000000017,WORLDBANKINCOMEGROUP,WB_LMI,,,YEAR,2010,,,,,,,,,39 [34-45],39,34,45,,2025-11-11T14:11:28Z,2010,2010-01-01,2010-12-31
3491086,MDG_0000000017,COUNTRY,NAM,AFR,Africa,YEAR,2009,,,,,,,,,79 [46-121],79,46,121,,2025-11-11T14:11:28Z,2009,2009-01-01,2009-12-31
3492135,MDG_0000000017,COUNTRY,MEX,AMR,Americas,YEAR,2015,,,,,,,,,1.8 [1.8-1.9],1.8,1.8,1.9,,2025-11-11T14:11:28Z,2015,2015-01-01,2015-12-31
3492270,MDG_0000000017,COUNTRY,HRV,EUR,Europe,YEAR,2005,,,,,,,,,2.7 [2.7-2.7],2.7,2.7,2.7,,2025-11-11T14:11:28Z,2005,2005-01-01,2005-12-31
3497366,MDG_0000000017,COUNTRY,UZB,EUR,Europe,YEAR,2000,,,,,,,,,24 [16-33],24,16,33,,2025-11-11T14:11:28Z,2000,2000-01-01,2000-12-31
3504221,MDG_0000000017,COUNTRY,TGO,AFR,Africa,YEAR,2024,,,,,,,,,6.4 [2.5-12],6.4,2.5,12,,2025-11-11T14:11:28Z,2024,2024-01-01,2024-12-31
3504259,MDG_0000000017,COUNTRY,TUN,EMR,Eastern Mediterranean,YEAR,2012,,,,,,,,,1.5 [1.1-1.8],1.5,1.1,1.8,,2025-11-11T14:11:28Z,2012,2012-01-01,2012-12-31
3505538,MDG_0000000017,COUNTRY,ERI,AFR,Africa,YEAR,2023,,,,,,,,,37 [26-51],37,26,51,,2025-11-11T14:11:28Z,2023,2023-01-01,2023-12-31
3505668,MDG_0000000017,COUNTRY,BLR,EUR,Europe,YEAR,2011,,,,,,,,,9.4 [8.5-10],9.4,8.5,10,,2025-11-11T14:11:28Z,2011,2011-01-01,2011-12-31
3511313,MDG_0000000017,COUNTRY,SGP,WPR,Western Pacific,YEAR,2022,,,,,,,,,0.39 [0.37-0.42],0.39,0.37,0.42,,2025-11-11T14:11:28Z,2022,2022-01-01,2022-12-31
3511568,MDG_0000000017,WORLDBANKINCOMEGROUP,WB_HI,,,YEAR,2023,,,,,,,,,1 [0.94-1.1],1,0.94,1.1,,2025-11-11T14:11:28Z,2023,2023-01-01,2023-12-31
3515680,MDG_0000000017,COUNTRY,HTI,AMR,Americas,YEAR,2016,,,,,,,,,9.8 [6.8-13],9.8,6.8,13,,2025-11-11T14:11:28Z,2016,2016-01-01,2016-12-31
3516051,MDG_0000000017,COUNTRY,GMB,AFR,Africa,YEAR,2000,,,,,,,,,26 [15-39],26,15,39,,2025-11-11T14:11:28Z,2000,2000-01-01,2000-12-31
3523403,MDG_0000000017,COUNTRY,BOL,AMR,Americas,YEAR,2007,,,,,,,,,18 [14-22],18,14,22,,2025-11-11T14:11:28Z,2007,2007-01-01,2007-12-31
3523489,MDG_0000000017,COUNTRY,BEL,EUR,Europe,YEAR,2005,,,,,,,,,0.87 [0.85-0.88],0.87,0.85,0.88,,2025-11-11T14:11:28Z,2005,2005-01-01,2005-12-31
3523508,MDG_0000000017,COUNTRY,NGA,AFR,Africa,YEAR,2019,,,,,,,,,63 [37-97],63,37,97,,2025-11-11T14:11:28Z,2019,2019-01-01,2019-12-31
3530898,MDG_0000000017,COUNTRY,EST,EUR,Europe,YEAR,2015,,,,,,,,,1.6 [1.6-1.7],1.6,1.6,1.7,,2025-11-11T14:11:28Z,2015,2015-01-01,2015-12-31
3555955,MDG_0000000017,COUNTRY,NZL,WPR,Western Pacific,YEAR,2010,,,,,,,,,0.39 [0.39-0.39],0.39,0.39,0.39,,2025-11-11T14:11:28Z,2010,2010-01-01,2010-12-31
3556396,MDG_0000000017,COUNTRY,NIC,AMR,Americas,YEAR,2022,,,,,,,,,1.6 [1.5-1.8],1.6,1.5,1.8,,2025-11-11T14:11:28Z,2022,2022-01-01,2022-12-31
3568123,MDG_0000000017,COUNTRY,NOR,EUR,Europe,YEAR,2004,,,,,,,,,1 [0.98-1],1,0.98,1,,2025-11-11T14:11:28Z,2004,2004-01-01,2004-12-31
3573736,MDG_0000000017,COUNTRY,NER,AFR,Africa,YEAR,2002,,,,,,,,,25 [15-37],25,15,37,,2025-11-11T14:11:28Z,2002,2002-01-01,2002-12-31
3574774,MDG_0000000017,WORLDBANKINCOMEGROUP,WB_UMI,,,YEAR,2011,,,,,,,,,8.8 [8.6-9.2],8.8,8.6,9.2,,2025-11-11T14:11:28Z,2011,2011-01-01,2011-12-31
3579546,MDG_0000000017,COUNTRY,LBY,EMR,Eastern Mediterranean,YEAR,2008,,,,,,,,,11 [5.8-19],11,5.8,19,,2025-11-11T14:11:28Z,2008,2008-01-01,2008-12-31
3587834,MDG_0000000017,COUNTRY,DJI,EMR,Eastern Mediterranean,YEAR,2022,,,,,,,,,119 [82-162],119,82,162,,2025-11-11T14:11:28Z,2022,2022-01-01,2022-12-31
3591289,MDG_0000000017,COUNTRY,LBN,EMR,Eastern Mediterranean,YEAR,2022,,,,,,,,,1.7 [1.2-2.4],1.7,1.2,2.4,,2025-11-11T14:11:28Z,2022,2022-01-01,2022-12-31
3603983,MDG_0000000017,COUNTRY,SVN,EUR,Europe,YEAR,2022,,,,,,,,,0.54 [0.53-0.55],0.54,0.53,0.55,,2025-11-11T14:11:28Z,2022,2022-01-01,2022-12-31
3604348,MDG_0000000017,COUNTRY,SVK,EUR,Europe,YEAR,2008,,,,,,,,,0.79 [0.78-0.79],0.79,0.78,0.79,,2025-11-11T14:11:28Z,2008,2008-01-01,2008-12-31
3606666,MDG_0000000017,COUNTRY,SEN,AFR,Africa,YEAR,2004,,,,,,,,,41 [28-56],41,28,56,,2025-11-11T14:11:28Z,2004,2004-01-01,2004-12-31
3610542,MDG_0000000017,COUNTRY,PAN,AMR,Americas,YEAR,2010,,,,,,,,,5.2 [5-5.3],5.2,5,5.3,,2025-11-11T14:11:28Z,2010,2010-01-01,2010-12-31
3611806,MDG_0000000017,COUNTRY,BHR,EMR,Eastern Mediterranean,YEAR,2005,,,,,,,,,1.1 [0.99-1.3],1.1,0.99,1.3,,2025-11-11T14:11:28Z,2005,2005-01-01,2005-12-31
3623841,MDG_0000000017,COUNTRY,TLS,SEAR,South-East Asia,YEAR,2020,,,,,,,,,66 [47-87],66,47,87,,2025-11-11T14:11:28Z,2020,2020-01-01,2020-12-31
3626102,MDG_0000000017,COUNTRY,BHR,EMR,Eastern Mediterranean,YEAR,2007,,,,,,,,,0.93 [0.84-1],0.93,0.84,1,,2025-11-11T14:11:28Z,2007,2007-01-01,2007-12-31
3629750,MDG_0000000017,COUNTRY,TKM,EUR,Europe,YEAR,2015,,,,,,,,,9.3 [7.8-11],9.3,7.8,11,,2025-11-11T14:11:28Z,2015,2015-01-01,2015-12-31
3631441,MDG_0000000017,COUNTRY,AZE,EUR,Europe,YEAR,2012,,,,,,,,,4.6 [4.3-4.9],4.6,4.3,4.9,,2025-11-11T14:11:28Z,2012,2012-01-01,2012-12-31
3631929,MDG_0000000017,REGION,WPR,,,YEAR,2009,,,,,,,,,12 [12-13],12,12,13,,2025-11-11T14:11:28Z,2009,2009-01-01,2009-12-31
3642514,MDG_0000000017,COUNTRY,AZE,EUR,Europe,YEAR,2024,,,,,,,,,5.3 [4.7-5.8],5.3,4.7,5.8,,2025-11-11T14:11:28Z,2024,2024-01-01,2024-12-31
3649049,MDG_0000000017,COUNTRY,GTM,AMR,Americas,YEAR,2013,,,,,,,,,2.3 [2.1-2.4],2.3,2.1,2.4,,2025-11-11T14:11:28Z,2013,2013-01-01,2013-12-31
3650262,MDG_0000000017,COUNTRY,BHS,AMR,Americas,YEAR,2024,,,,,,,,,0.58 [0.56-0.6],0.58,0.56,0.6,,2025-11-11T14:11:28Z,2024,2024-01-01,2024-12-31
3655513,MDG_0000000017,COUNTRY,DEU,EUR,Europe,YEAR,2009,,,,,,,,,0.43 [0.42-0.43],0.43,0.42,0.43,,2025-11-11T14:11:28Z,2009,2009-01-01,2009-12-31
3657395,MDG_0000000017,COUNTRY,FRA,EUR,Europe,YEAR,2001,,,,,,,,,1.9 [1.8-1.9],1.9,1.8,1.9,,2025-11-11T14:11:28Z,2001,2001-01-01,2001-12-31
3663049,MDG_0000000017,WORLDBANKINCOMEGROUP,WB_LI,,,YEAR,2009,,,,,,,,,49 [35-64],49,35,64,,2025-11-11T14:11:28Z,2009,2009-01-01,2009-12-31
3667312,MDG_0000000017,COUNTRY,SUR,AMR,Americas,YEAR,2017,,,,,,,,,2.3 [2-2.5],2.3,2,2.5,,2025-11-11T14:11:28Z,2017,2017-01-01,2017-12-31
3669336,MDG_0000000017,COUNTRY,NIC,AMR,Americas,YEAR,2007,,,,,,,,,3.1 [3-3.2],3.1,3,3.2,,2025-11-11T14:11:28Z,2007,2007-01-01,2007-12-31
3670101,MDG_0000000017,COUNTRY,ESP,EUR,Europe,YEAR,2003,,,,,,,,,1.2 [1.1-1.2],1.2,1.1,1.2,,2025-11-11T14:11:28Z,2003,2003-01-01,2003-12-31
3675376,MDG_0000000017,COUNTRY,SDN,EMR,Eastern Mediterranean,YEAR,2008,,,,,,,,,26 [13-43],26,13,43,,2025-11-11T14:11:28Z,2008,2008-01-01,2008-12-31
3687987,MDG_0000000017,COUNTRY,KIR,WPR,Western Pacific,YEAR,2010,,,,,,,,,40 [35-46],40,35,46,,2025-11-11T14:11:28Z,2010,2010-01-01,2010-12-31
3693886,MDG_0000000017,COUNTRY,UGA,AFR,Africa,YEAR,2016,,,,,,,,,24 [13-38],24,13,38,,2025-11-11T14:11:28Z,2016,2016-01-01,2016-12-31
3712216,MDG_0000000017,COUNTRY,DOM,AMR,Americas,YEAR,2004,,,,,,,,,9.7 [5.2-16],9.7,5.2,16,,2025-11-11T14:11:28Z,2004,2004-01-01,2004-12-31
3712420,MDG_0000000017,COUNTRY,BLZ,AMR,Americas,YEAR,2021,,,,,,,,,0.49 [0-2.8],0.49,0,2.8,,2025-11-11T14:11:28Z,2021,2021-01-01,2021-12-31
3713040,MDG_0000000017,COUNTRY,AFG,EMR,Eastern Mediterranean,YEAR,2021,,,,,,,,,36 [26-48],36,26,48,,2025-11-11T14:11:28Z,2021,2021-01-01,2021-12-31
3714491,MDG_0000000017,COUNTRY,NLD,EUR,Europe,YEAR,2013,,,,,,,,,0.23 [0.23-0.24],0.23,0.23,0.24,,2025-11-11T14:11:28Z,2013,2013-01-01,2013-12-31
3718372,MDG_0000000017,COUNTRY,NGA,AFR,Africa,YEAR,2002,,,,,,,,,66 [36-105],66,36,105,,2025-11-11T14:11:28Z,2002,2002-01-01,2002-12-31
3721192,MDG_0000000017,COUNTRY,ISR,EUR,Europe,YEAR,2014,,,,,,,,,0.19 [0.18-0.2],0.19,0.18,0.2,,2025-11-11T14:11:28Z,2014,2014-01-01,2014-12-31
3726612,MDG_0000000017,COUNTRY,ISR,EUR,Europe,YEAR,2024,,,,,,,,,0.24 [0.23-0.25],0.24,0.23,0.25,,2025-11-11T14:11:28Z,2024,2024-01-01,2024-12-31
3727596,MDG_0000000017,COUNTRY,UZB,EUR,Europe,YEAR,2007,,,,,,,,,13 [11-15],13,11,15,,2025-11-11T14:11:28Z,2007,2007-01-01,2007-12-31
3731721,MDG_0000000017,COUNTRY,GBR,EUR,Europe,YEAR,2012,,,,,,,,,0.52 [0.51-0.52],0.52,0.51,0.52,,2025-11-11T14:11:28Z,2012,2012-01-01,2012-12-31
3732548,MDG_0000000017,COUNTRY,NOR,EUR,Europe,YEAR,2014,,,,,,,,,0.25 [0.24-0.25],0.25,0.24,0.25,,2025-11-11T14:11:28Z,2014,2014-01-01,2014-12-31
3732897,MDG_0000000017,COUNTRY,GBR,EUR,Europe,YEAR,2000,,,,,,,,,0.86 [0.85-0.87],0.86,0.85,0.87,,2025-11-11T14:11:28Z,2000,2000-01-01,2000-12-31
3733495,MDG_0000000017,COUNTRY,KOR,WPR,Western Pacific,YEAR,2024,,,,,,,,,2.9 [2.7-3.1],2.9,2.7,3.1,,2025-11-11T14:11:28Z,2024,2024-01-01,2024-12-31
3738797,MDG_0000000017,COUNTRY,NPL,SEAR,South-East Asia,YEAR,2015,,,,,,,,,64 [36-100],64,36,100,,2025-11-11T14:11:28Z,2015,2015-01-01,2015-12-31
3739441,MDG_0000000017,COUNTRY,MDV,SEAR,South-East Asia,YEAR,2012,,,,,,,,,1.5 [1.4-1.7],1.5,1.4,1.7,,2025-11-11T14:11:28Z,2012,2012-01-01,2012-12-31
3750472,MDG_0000000017,COUNTRY,SWZ,AFR,Africa,YEAR,2005,,,,,,,,,82 [29-161],82,29,161,,2025-11-11T14:11:28Z,2005,2005-01-01,2005-12-31
3752056,MDG_0000000017,COUNTRY,NAM,AFR,Africa,YEAR,2016,,,,,,,,,68 [43-98],68,43,98,,2025-11-11T14:11:28Z,2016,2016-01-01,2016-12-31
3763305,MDG_0000000017,COUNTRY,BWA,AFR,Africa,YEAR,2005,,,,,,,,,26 [9.4-49],26,9.4,49,,2025-11-11T14:11:28Z,2005,2005-01-01,2005-12-31
3763971,MDG_0000000017,COUNTRY,LTU,EUR,Europe,YEAR,2022,,,,,,,,,3.9 [3.6-4.3],3.9,3.6,4.3,,2025-11-11T14:11:28Z,2022,2022-01-01,2022-12-31
3765082,MDG_0000000017,COUNTRY,EST,EUR,Europe,YEAR,2011,,,,,,,,,3.5 [3.4-3.5],3.5,3.4,3.5,,2025-11-11T14:11:28Z,2011,2011-01-01,2011-12-31
3765492,MDG_0000000017,COUNTRY,GIN,AFR,Africa,YEAR,2008,,,,,,,,,31 [21-44],31,21,44,,2025-11-11T14:11:28Z,2008,2008-01-01,2008-12-31
3769469,MDG_0000000017,COUNTRY,SGP,WPR,Western Pacific,YEAR,2008,,,,,,,,,1.9 [1.8-2.1],1.9,1.8,2.1,,2025-11-11T14:11:28Z,2008,2008-01-01,2008-12-31
3769582,MDG_0000000017,COUNTRY,MNG,WPR,Western Pacific,YEAR,2014,,,,,,,,,11 [10-12],11,10,12,,2025-11-11T14:11:28Z,2014,2014-01-01,2014-12-31
3776391,MDG_0000000017,COUNTRY,HRV,EUR,Europe,YEAR,2019,,,,,,,,,0.91 [0.91-0.91],0.91,0.91,0.91,,2025-11-11T14:11:28Z,2019,2019-01-01,2019-12-31
3776769,MDG_0000000017,COUNTRY,ALB,EUR,Europe,YEAR,2002,,,,,,,,,0.63 [0.51-0.77],0.63,0.51,0.77,,2025-11-11T14:11:28Z,2002,2002-01-01,2002-12-31
3782725,MDG_0000000017,COUNTRY,TUR,EUR,Europe,YEAR,2013,,,,,,,,,0.79 [0.77-0.8],0.79,0.77,0.8,,2025-11-11T14:11:28Z,2013,2013-01-01,2013-12-31
3784629,MDG_0000000017,COUNTRY,SLE,AFR,Africa,YEAR,2004,,,,,,,,,170 [70-315],170,70,315,,2025-11-11T14:11:28Z,2004,2004-01-01,2004-12-31
3796603,MDG_0000000017,COUNTRY,SOM,EMR,Eastern Mediterranean,YEAR,2002,,,,,,,,,115 [83-153],115,83,153,,2025-11-11T14:11:28Z,2002,2002-01-01,2002-12-31
3802148,MDG_0000000017,COUNTRY,HUN,EUR,Europe,YEAR,2017,,,,,,,,,0.66 [0.66-0.66],0.66,0.66,0.66,,2025-11-11T14:11:28Z,2017,2017-01-01,2017-12-31
3802905,MDG_0000000017,COUNTRY,TLS,SEAR,South-East Asia,YEAR,2012,,,,,,,,,110 [80-144],110,80,144,,2025-11-11T14:11:28Z,2012,2012-01-01,2012-12-31
3809019,MDG_0000000017,COUNTRY,ESP,EUR,Europe,YEAR,2016,,,,,,,,,0.54 [0.54-0.55],0.54,0.54,0.55,,2025-11-11T14:11:28Z,2016,2016-01-01,2016-12-31
3813643,MDG_0000000017,COUNTRY,COG,AFR,Africa,YEAR,2001,,,,,,,,,58 [37-82],58,37,82,,2025-11-11T14:11:28Z,2001,2001-01-01,2001-12-31
3816036,MDG_0000000017,COUNTRY,SGP,WPR,Western Pacific,YEAR,2018,,,,,,,,,0.6 [0.53-0.67],0.6,0.53,0.67,,2025-11-11T14:11:28Z,2018,2018-01-01,2018-12-31
3820160,MDG_0000000017,COUNTRY,DZA,AFR,Africa,YEAR,2016,,,,,,,,,10 [6.9-14],10,6.9,14,,2025-11-11T14:11:28Z,2016,2016-01-01,2016-12-31
3826054,MDG_0000000017,COUNTRY,MHL,WPR,Western Pacific,YEAR,2014,,,,,,,,,105 [72-143],105,72,143,,2025-11-11T14:11:28Z,2014,2014-01-01,2014-12-31
3834539,MDG_0000000017,COUNTRY,HTI,AMR,Americas,YEAR,2008,,,,,,,,,11 [7.7-15],11,7.7,15,,2025-11-11T14:11:28Z,2008,2008-01-01,2008-12-31
3834805,MDG_0000000017,COUNTRY,MMR,SEAR,South-East Asia,YEAR,2024,,,,,,,,,58 [36-85],58,36,85,,2025-11-11T14:11:28Z,2024,2024-01-01,2024-12-31
3852899,MDG_0000000017,COUNTRY,BIH,EUR,Europe,YEAR,2000,,,,,,,,,5 [4.6-5.3],5,4.6,5.3,,2025-11-11T14:11:28Z,2000,2000-01-01,2000-12-31
3860174,MDG_0000000017,COUNTRY,BFA,AFR,Africa,YEAR,2000,,,,,,,,,20 [7.4-38],20,7.4,38,,2025-11-11T14:11:28Z,2000,2000-01-01,2000-12-31
3864425,MDG_0000000017,COUNTRY,TKM,EUR,Europe,YEAR,2016,,,,,,,,,10 [8.6-12],10,8.6,12,,2025-11-11T14:11:28Z,2016,2016-01-01,2016-12-31
3864952,MDG_0000000017,COUNTRY,ETH,AFR,Africa,YEAR,2019,,,,,,,,,19 [12-28],19,12,28,,2025-11-11T14:11:28Z,2019,2019-01-01,2019-12-31
3871679,MDG_0000000017,COUNTRY,IND,SEAR,South-East Asia,YEAR,2005,,,,,,,,,52 [39-67],52,39,67,,2025-11-11T14:11:28Z,2005,2005-01-01,2005-12-31
3876940,MDG_0000000017,COUNTRY,TTO,AMR,Americas,YEAR,2002,,,,,,,,,1.6 [1.6-1.6],1.6,1.6,1.6,,2025-11-11T14:11:28Z,2002,2002-01-01,2002-12-31
3877146,MDG_0000000017,COUNTRY,BHS,AMR,Americas,YEAR,2023,,,,,,,,,0.58 [0.56-0.6],0.58,0.56,0.6,,2025-11-11T14:11:28Z,2023,2023-01-01,2023-12-31
3877351,MDG_0000000017,COUNTRY,ZWE,AFR,Africa,YEAR,2022,,,,,,,,,21 [8.2-39],21,8.2,39,,2025-11-11T14:11:28Z,2022,2022-01-01,2022-12-31
3884298,MDG_0000000017,COUNTRY,GNB,AFR,Africa,YEAR,2010,,,,,,,,,34 [20-52],34,20,52,,2025-11-11T14:11:28Z,2010,2010-01-01,2010-12-31
3897122,MDG_0000000017,COUNTRY,CAN,AMR,Americas,YEAR,2009,,,,,,,,,0.25 [0.25-0.25],0.25,0.25,0.25,,2025-11-11T14:11:28Z,2009,2009-01-01,2009-12-31
3903299,MDG_0000000017,WORLDBANKINCOMEGROUP,WB_LMI,,,YEAR,2000,,,,,,,,,68 [52-85],68,52,85,,2025-11-11T14:11:28Z,2000,2000-01-01,2000-12-31
3904421,MDG_0000000017,COUNTRY,BRA,AMR,Americas,YEAR,2016,,,,,,,,,2.5 [2.4-2.6],2.5,2.4,2.6,,2025-11-11T14:11:28Z,2016,2016-01-01,2016-12-31
3909059,MDG_0000000017,COUNTRY,NGA,AFR,Africa,YEAR,2000,,,,,,,,,65 [35-105],65,35,105,,2025-11-11T14:11:28Z,2000,2000-01-01,2000-12-31
3915846,MDG_0000000017,COUNTRY,UGA,AFR,Africa,YEAR,2008,,,,,,,,,15 [8.3-25],15,8.3,25,,2025-11-11T14:11:28Z,2008,2008-01-01,2008-12-31
3916862,MDG_0000000017,COUNTRY,PER,AMR,Americas,YEAR,2018,,,,,,,,,7.2 [6.6-7.8],7.2,6.6,7.8,,2025-11-11T14:11:28Z,2018,2018-01-01,2018-12-31
3917517,MDG_0000000017,COUNTRY,BWA,AFR,Africa,YEAR,2013,,,,,,,,,35 [22-51],35,22,51,,2025-11-11T14:11:28Z,2013,2013-01-01,2013-12-31
3917693,MDG_0000000017,COUNTRY,TKM,EUR,Europe,YEAR,2010,,,,,,,,,15 [12-19],15,12,19,,2025-11-11T14:11:28Z,2010,2010-01-01,2010-12-31
3933855,MDG_0000000017,COUNTRY,GNB,AFR,Africa,YEAR,2008,,,,,,,,,37 [22-56],37,22,56,,2025-11-11T14:11:28Z,2008,2008-01-01,2008-12-31
3941672,MDG_0000000017,COUNTRY,THA,SEAR,South-East Asia,YEAR,2004,,,,,,,,,18 [11-27],18,11,27,,2025-11-11T14:11:28Z,2004,2004-01-01,2004-12-31
3961174,MDG_0000000017,COUNTRY,COM,AFR,Africa,YEAR,2011,,,,,,,,,12 [4.4-22],12,4.4,22,,2025-11-11T14:11:28Z,2011,2011-01-01,2011-12-31
3966723,MDG_0000000017,COUNTRY,SEN,AFR,Africa,YEAR,2008,,,,,,,,,38 [26-51],38,26,51,,2025-11-11T14:11:28Z,2008,2008-01-01,2008-12-31
3967867,MDG_0000000017,COUNTRY,SEN,AFR,Africa,YEAR,2012,,,,,,,,,36 [25-49],36,25,49,,2025-11-11T14:11:28Z,2012,2012-01-01,2012-12-31
3972159,MDG_0000000017,COUNTRY,SYR,EMR,Eastern Mediterranean,YEAR,2010,,,,,,,,,0.13 [0.12-0.15],0.13,0.12,0.15,,2025-11-11T14:11:28Z,2010,2010-01-01,2010-12-31
3973756,MDG_0000000017,COUNTRY,BFA,AFR,Africa,YEAR,2018,,,,,,,,,14 [6.3-26],14,6.3,26,,2025-11-11T14:11:28Z,2018,2018-01-01,2018-12-31
3985163,MDG_0000000017,COUNTRY,SGP,WPR,Western Pacific,YEAR,2002,,,,,,,,,3.3 [2.1-4.7],3.3,2.1,4.7,,2025-11-11T14:11:28Z,2002,2002-01-01,2002-12-31
3985928,MDG_0000000017,COUNTRY,PRI,AMR,Americas,YEAR,2010,,,,,,,,,0.31 [0.31-0.31],0.31,0.31,0.31,,2025-11-11T14:11:28Z,2010,2010-01-01,2010-12-31
3990938,MDG_0000000017,COUNTRY,ARM,EUR,Europe,YEAR,2015,,,,,,,,,2.3 [2.3-2.4],2.3,2.3,2.4,,2025-11-11T14:11:28Z,2015,2015-01-01,2015-12-31
3993620,MDG_0000000017,REGION,AFR,,,YEAR,2001,,,,,,,,,60 [47-74],60,47,74,,2025-11-11T14:11:28Z,2001,2001-01-01,2001-12-31
3998446,MDG_0000000017,COUNTRY,HND,AMR,Americas,YEAR,2017,,,,,,,,,4.2 [3.5-5.1],4.2,3.5,5.1,,2025-11-11T14:11:28Z,2017,2017-01-01,2017-12-31
3999074,MDG_0000000017,COUNTRY,COM,AFR,Africa,YEAR,2006,,,,,,,,,11 [4.4-20],11,4.4,20,,2025-11-11T14:11:28Z,2006,2006-01-01,2006-12-31
4003765,MDG_0000000017,COUNTRY,BRA,AMR,Americas,YEAR,2010,,,,,,,,,2.8 [2.7-2.9],2.8,2.7,2.9,,2025-11-11T14:11:28Z,2010,2010-01-01,2010-12-31
4005966,MDG_0000000017,COUNTRY,LBR,AFR,Africa,YEAR,2004,,,,,,,,,37 [24-52],37,24,52,,2025-11-11T14:11:28Z,2004,2004-01-01,2004-12-31
4010159,MDG_0000000017,COUNTRY,SGP,WPR,Western Pacific,YEAR,2021,,,,,,,,,0.24 [0.22-0.27],0.24,0.22,0.27,,2025-11-11T14:11:28Z,2021,2021-01-01,2021-12-31
4010414,MDG_0000000017,COUNTRY,ESP,EUR,Europe,YEAR,2021,,,,,,,,,0.37 [0.37-0.38],0.37,0.37,0.38,,2025-11-11T14:11:28Z,2021,2021-01-01,2021-12-31
4011042,MDG_0000000017,COUNTRY,SLV,AMR,Americas,YEAR,2010,,,,,,,,,1.4 [1.3-1.6],1.4,1.3,1.6,,2025-11-11T14:11:28Z,2010,2010-01-01,2010-12-31
4012293,MDG_0000000017,COUNTRY,SDN,EMR,Eastern Mediterranean,YEAR,2016,,,,,,,,,14 [8.7-21],14,8.7,21,,2025-11-11T14:11:28Z,2016,2016-01-01,2016-12-31
4024075,MDG_0000000017,COUNTRY,THA,SEAR,South-East Asia,YEAR,2024,,,,,,,,,14 [10-18],14,10,18,,2025-11-11T14:11:28Z,2024,2024-01-01,2024-12-31
4029443,MDG_0000000017,COUNTRY,ALB,EUR,Europe,YEAR,2005,,,,,,,,,0.39 [0.3-0.49],0.39,0.3,0.49,,2025-11-11T14:11:28Z,2005,2005-01-01,2005-12-31
4036673,MDG_0000000017,COUNTRY,MHL,WPR,Western Pacific,YEAR,2012,,,,,,,,,110 [76-150],110,76,150,,2025-11-11T14:11:28Z,2012,2012-01-01,2012-12-31
4037245,MDG_0000000017,WORLDBANKINCOMEGROUP,WB_LMI,,,YEAR,2020,,,,,,,,,25 [22-29],25,22,29,,2025-11-11T14:11:28Z,2020,2020-01-01,2020-12-31
4037300,MDG_0000000017,COUNTRY,MDG,AFR,Africa,YEAR,2020,,,,,,,,,42 [29-56],42,29,56,,2025-11-11T14:11:28Z,2020,2020-01-01,2020-12-31
4041576,MDG_0000000017,COUNTRY,CZE,EUR,Europe,YEAR,2005,,,,,,,,,0.68 [0.67-0.68],0.68,0.67,0.68,,2025-11-11T14:11:28Z,2005,2005-01-01,2005-12-31
4041642,MDG_0000000017,COUNTRY,BRA,AMR,Americas,YEAR,2011,,,,,,,,,2.7 [2.6-2.8],2.7,2.6,2.8,,2025-11-11T14:11:28Z,2011,2011-01-01,2011-12-31
4041877,MDG_0000000017,COUNTRY,ZMB,AFR,Africa,YEAR,2007,,,,,,,,,28 [10-55],28,10,55,,2025-11-11T14:11:28Z,2007,2007-01-01,2007-12-31
4050072,MDG_0000000017,COUNTRY,JOR,EMR,Eastern Mediterranean,YEAR,2020,,,,,,,,,0.09 [0.07-0.1],0.09,0.07,0.1,,2025-11-11T14:11:28Z,2020,2020-01-01,2020-12-31
4050539,MDG_0000000017,COUNTRY,GTM,AMR,Americas,YEAR,2004,,,,,,,,,3.1 [2.8-3.3],3.1,2.8,3.3,,2025-11-11T14:11:28Z,2004,2004-01-01,2004-12-31
4050572,MDG_0000000017,REGION,AFR,,,YEAR,2024,,,,,,,,,25 [21-29],25,21,29,,2025-11-11T14:11:28Z,2024,2024-01-01,2024-12-31
4055007,MDG_0000000017,COUNTRY,RUS,EUR,Europe,YEAR,2010,,,,,,,,,16 [15-16],16,15,16,,2025-11-11T14:11:28Z,2010,2010-01-01,2010-12-31
4068317,MDG_0000000017,COUNTRY,PAN,AMR,Americas,YEAR,2019,,,,,,,,,4.8 [4.6-4.9],4.8,4.6,4.9,,2025-11-11T14:11:28Z,2019,2019-01-01,2019-12-31
4068438,MDG_0000000017,COUNTRY,SUR,AMR,Americas,YEAR,2006,,,,,,,,,1.4 [1.3-1.6],1.4,1.3,1.6,,2025-11-11T14:11:28Z,2006,2006-01-01,2006-12-31
4069964,MDG_0000000017,COUNTRY,EST,EUR,Europe,YEAR,2001,,,,,,,,,11 [8.2-14],11,8.2,14,,2025-11-11T14:11:28Z,2001,2001-01-01,2001-12-31
4075767,MDG_0000000017,COUNTRY,CIV,AFR,Africa,YEAR,2004,,,,,,,,,25 [14-40],25,14,40,,2025-11-11T14:11:28Z,2004,2004-01-01,2004-12-31
4080664,MDG_0000000017,COUNTRY,BHS,AMR,Americas,YEAR,2009,,,,,,,,,0.62 [0.58-0.66],0.62,0.58,0.66,,2025-11-11T14:11:28Z,2009,2009-01-01,2009-12-31
4086178,MDG_0000000017,COUNTRY,BOL,AMR,Americas,YEAR,2011,,,,,,,,,14 [11-18],14,11,18,,2025-11-11T14:11:28Z,2011,2011-01-01,2011-12-31
4088485,MDG_0000000017,COUNTRY,MDV,SEAR,South-East Asia,YEAR,2018,,,,,,,,,2.2 [2-2.4],2.2,2,2.4,,2025-11-11T14:11:28Z,2018,2018-01-01,2018-12-31
4093715,MDG_0000000017,COUNTRY,LBR,AFR,Africa,YEAR,2013,,,,,,,,,54 [37-75],54,37,75,,2025-11-11T14:11:28Z,2013,2013-01-01,2013-12-31
4095193,MDG_0000000017,COUNTRY,NAM,AFR,Africa,YEAR,2017,,,,,,,,,64 [41-92],64,41,92,,2025-11-11T14:11:28Z,2017,2017-01-01,2017-12-31
4105724,MDG_0000000017,COUNTRY,BTN,SEAR,South-East Asia,YEAR,2005,,,,,,,,,161 [111-219],161,111,219,,2025-11-11T14:11:28Z,2005,2005-01-01,2005-12-31
4107541,MDG_0000000017,COUNTRY,BOL,AMR,Americas,YEAR,2017,,,,,,,,,11 [8.1-14],11,8.1,14,,2025-11-11T14:11:28Z,2017,2017-01-01,2017-12-31
4107997,MDG_0000000017,COUNTRY,GNB,AFR,Africa,YEAR,2000,,,,,,,,,25 [14-39],25,14,39,,2025-11-11T14:11:28Z,2000,2000-01-01,2000-12-31
4112557,MDG_0000000017,COUNTRY,LBN,EMR,Eastern Mediterranean,YEAR,2015,,,,,,,,,2.2 [1.5-3],2.2,1.5,3,,2025-11-11T14:11:28Z,2015,2015-01-01,2015-12-31
4113079,MDG_0000000017,COUNTRY,LBN,EMR,Eastern Mediterranean,YEAR,2002,,,,,,,,,4.2 [2.9-5.8],4.2,2.9,5.8,,2025-11-11T14:11:28Z,2002,2002-01-01,2002-12-31
4120460,MDG_0000000017,COUNTRY,JOR,EMR,Eastern Mediterranean,YEAR,2006,,,,,,,,,0.56 [0.44-0.69],0.56,0.44,0.69,,2025-11-11T14:11:28Z,2006,2006-01-01,2006-12-31
4124744,MDG_0000000017,COUNTRY,MDA,EUR,Europe,YEAR,2005,,,,,,,,,22 [19-26],22,19,26,,2025-11-11T14:11:28Z,2005,2005-01-01,2005-12-31
4131996,MDG_0000000017,COUNTRY,GEO,EUR,Europe,YEAR,2003,,,,,,,,,6.6 [6.2-7],6.6,6.2,7,,2025-11-11T14:11:28Z,2003,2003-01-01,2003-12-31
4132073,MDG_0000000017,COUNTRY,GRC,EUR,Europe,YEAR,2013,,,,,,,,,0.71 [0.67-0.75],0.71,0.67,0.75,,2025-11-11T14:11:28Z,2013,2013-01-01,2013-12-31
4132793,MDG_0000000017,COUNTRY,DEU,EUR,Europe,YEAR,2014,,,,,,,,,0.39 [0.39-0.4],0.39,0.39,0.4,,2025-11-11T14:11:28Z,2014,2014-01-01,2014-12-31
4139283,MDG_0000000017,COUNTRY,SVN,EUR,Europe,YEAR,2009,,,,,,,,,1.2 [1.2-1.2],1.2,1.2,1.2,,2025-11-11T14:11:28Z,2009,2009-01-01,2009-12-31
4143369,MDG_0000000017,COUNTRY,POL,EUR,Europe,YEAR,2019,,,,,,,,,1.4 [1.3-1.5],1.4,1.3,1.5,,2025-11-11T14:11:28Z,2019,2019-01-01,2019-12-31
4149829,MDG_0000000017,COUNTRY,AUT,EUR,Europe,YEAR,2023,,,,,,,,,0.41 [0.4-0.42],0.41,0.4,0.42,,2025-11-11T14:11:28Z,2023,2023-01-01,2023-12-31
4158487,MDG_0000000017,COUNTRY,MNE,EUR,Europe,YEAR,2009,,,,,,,,,0.2 [0.18-0.22],0.2,0.18,0.22,,2025-11-11T14:11:28Z,2009,2009-01-01,2009-12-31
4158548,MDG_0000000017,COUNTRY,CIV,AFR,Africa,YEAR,2002,,,,,,,,,22 [12-36],22,12,36,,2025-11-11T14:11:28Z,2002,2002-01-01,2002-12-31
4163769,MDG_0000000017,COUNTRY,FIN,EUR,Europe,YEAR,2001,,,,,,,,,1.9 [1.9-1.9],1.9,1.9,1.9,,2025-11-11T14:11:28Z,2001,2001-01-01,2001-12-31
4163978,MDG_0000000017,COUNTRY,EST,EUR,Europe,YEAR,2005,,,,,,,,,3.8 [3.8-3.9],3.8,3.8,3.9,,2025-11-11T14:11:28Z,2005,2005-01-01,2005-12-31
4164881,MDG_0000000017,COUNTRY,VUT,WPR,Western Pacific,YEAR,2014,,,,,,,,,28 [20-38],28,20,38,,2025-11-11T14:11:28Z,2014,2014-01-01,2014-12-31
4169460,MDG_0000000017,COUNTRY,JOR,EMR,Eastern Mediterranean,YEAR,2007,,,,,,,,,0.56 [0.44-0.69],0.56,0.44,0.69,,2025-11-11T14:11:28Z,2007,2007-01-01,2007-12-31
4170414,MDG_0000000017,COUNTRY,GNB,AFR,Africa,YEAR,2011,,,,,,,,,34 [20-51],34,20,51,,2025-11-11T14:11:28Z,2011,2011-01-01,2011-12-31
4175028,MDG_0000000017,COUNTRY,MDA,EUR,Europe,YEAR,2017,,,,,,,,,5.7 [5.6-5.7],5.7,5.6,5.7,,2025-11-11T14:11:28Z,2017,2017-01-01,2017-12-31
4176035,MDG_0000000017,COUNTRY,KHM,WPR,Western Pacific,YEAR,2007,,,,,,,,,27 [11-50],27,11,50,,2025-11-11T14:11:28Z,2007,2007-01-01,2007-12-31
4181178,MDG_0000000017,COUNTRY,BWA,AFR,Africa,YEAR,2018,,,,,,,,,30 [20-42],30,20,42,,2025-11-11T14:11:28Z,2018,2018-01-01,2018-12-31
4181276,MDG_0000000017,COUNTRY,BGD,SEAR,South-East Asia,YEAR,2005,,,,,,,,,60 [38-86],60,38,86,,2025-11-11T14:11:28Z,2005,2005-01-01,2005-12-31
4187903,MDG_0000000017,COUNTRY,TKM,EUR,Europe,YEAR,2008,,,,,,,,,16 [13-20],16,13,20,,2025-11-11T14:11:28Z,2008,2008-01-01,2008-12-31
4188104,MDG_0000000017,COUNTRY,DOM,AMR,Americas,YEAR,2015,,,,,,,,,3.8 [2.3-5.7],3.8,2.3,5.7,,2025-11-11T14:11:28Z,2015,2015-01-01,2015-12-31
4189759,MDG_0000000017,COUNTRY,TCD,AFR,Africa,YEAR,2008,,,,,,,,,31 [20-45],31,20,45,,2025-11-11T14:11:28Z,2008,2008-01-01,2008-12-31
4190363,MDG_0000000017,COUNTRY,FRA,EUR,Europe,YEAR,2017,,,,,,,,,0.67 [0.63-0.71],0.67,0.63,0.71,,2025-11-11T14:11:28Z,2017,2017-01-01,2017-12-31
4196036,MDG_0000000017,COUNTRY,GBR,EUR,Europe,YEAR,2003,,,,,,,,,0.86 [0.85-0.87],0.86,0.85,0.87,,2025-11-11T14:11:28Z,2003,2003-01-01,2003-12-31
4200566,MDG_0000000017,COUNTRY,FIN,EUR,Europe,YEAR,2006,,,,,,,,,1.1 [1.1-1.1],1.1,1.1,1.1,,2025-11-11T14:11:28Z,2006,2006-01-01,2006-12-31
4214486,MDG_0000000017,COUNTRY,MUS,AFR,Africa,YEAR,2012,,,,,,,,,1.3 [1.3-1.3],1.3,1.3,1.3,,2025-11-11T14:11:28Z,2012,2012-01-01,2012-12-31
4220850,MDG_0000000017,COUNTRY,VEN,AMR,Americas,YEAR,2003,,,,,,,,,2.9 [2.9-3],2.9,2.9,3,,2025-11-11T14:11:28Z,2003,2003-01-01,2003-12-31
4227054,MDG_0000000017,COUNTRY,BIH,EUR,Europe,YEAR,2019,,,,,,,,,2.1 [1.9-2.3],2.1,1.9,2.3,,2025-11-11T14:11:28Z,2019,2019-01-01,2019-12-31
4233294,MDG_0000000017,COUNTRY,MOZ,AFR,Africa,YEAR,2019,,,,,,,,,19 [10-31],19,10,31,,2025-11-11T14:11:28Z,2019,2019-01-01,2019-12-31
4234439,MDG_0000000017,COUNTRY,BFA,AFR,Africa,YEAR,2004,,,,,,,,,22 [8.9-41],22,8.9,41,,2025-11-11T14:11:28Z,2004,2004-01-01,2004-12-31
4238281,MDG_0000000017,COUNTRY,ALB,EUR,Europe,YEAR,2014,,,,,,,,,0.29 [0.15-0.48],0.29,0.15,0.48,,2025-11-11T14:11:28Z,2014,2014-01-01,2014-12-31
4240869,MDG_0000000017,COUNTRY,KOR,WPR,Western Pacific,YEAR,2009,,,,,,,,,5.8 [5.5-6.2],5.8,5.5,6.2,,2025-11-11T14:11:28Z,2009,2009-01-01,2009-12-31
4252911,MDG_0000000017,COUNTRY,PER,AMR,Americas,YEAR,2022,,,,,,,,,11 [8.4-13],11,8.4,13,,2025-11-11T14:11:28Z,2022,2022-01-01,2022-12-31
4253166,MDG_0000000017,COUNTRY,TUR,EUR,Europe,YEAR,2000,,,,,,,,,2.5 [1.4-4],2.5,1.4,4,,2025-11-11T14:11:28Z,2000,2000-01-01,2000-12-31
4253734,MDG_0000000017,COUNTRY,MRT,AFR,Africa,YEAR,2017,,,,,,,,,18 [11-26],18,11,26,,2025-11-11T14:11:28Z,2017,2017-01-01,2017-12-31
4259234,MDG_0000000017,COUNTRY,JAM,AMR,Americas,YEAR,2015,,,,,,,,,0.24 [0.24-0.24],0.24,0.24,0.24,,2025-11-11T14:11:28Z,2015,2015-01-01,2015-12-31
4264874,MDG_0000000017,COUNTRY,VUT,WPR,Western Pacific,YEAR,2018,,,,,,,,,14 [6.8-23],14,6.8,23,,2025-11-11T14:11:28Z,2018,2018-01-01,2018-12-31
4265061,MDG_0000000017,COUNTRY,BLR,EUR,Europe,YEAR,2001,,,,,,,,,9.4 [8.8-10],9.4,8.8,10,,2025-11-11T14:11:28Z,2001,2001-01-01,2001-12-31
4266402,MDG_0000000017,COUNTRY,BDI,AFR,Africa,YEAR,2023,,,,,,,,,13 [7.3-20],13,7.3,20,,2025-11-11T14:11:28Z,2023,2023-01-01,2023-12-31
4270430,MDG_0000000017,COUNTRY,NOR,EUR,Europe,YEAR,2003,,,,,,,,,1.2 [1.2-1.2],1.2,1.2,1.2,,2025-11-11T14:11:28Z,2003,2003-01-01,2003-12-31
4270847,MDG_0000000017,COUNTRY,GTM,AMR,Americas,YEAR,2011,,,,,,,,,2.2 [2-2.3],2.2,2,2.3,,2025-11-11T14:11:28Z,2011,2011-01-01,2011-12-31
4271597,MDG_0000000017,COUNTRY,CIV,AFR,Africa,YEAR,2013,,,,,,,,,28 [20-39],28,20,39,,2025-11-11T14:11:28Z,2013,2013-01-01,2013-12-31
4276661,MDG_0000000017,COUNTRY,DJI,EMR,Eastern Mediterranean,YEAR,2004,,,,,,,,,539 [335-790],539,335,790,,2025-11-11T14:11:28Z,2004,2004-01-01,2004-12-31
4278149,MDG_0000000017,COUNTRY,CRI,AMR,Americas,YEAR,2018,,,,,,,,,0.77 [0.77-0.77],0.77,0.77,0.77,,2025-11-11T14:11:28Z,2018,2018-01-01,2018-12-31
4278669,MDG_0000000017,COUNTRY,MWI,AFR,Africa,YEAR,2024,,,,,,,,,8.6 [3.9-15],8.6,3.9,15,,2025-11-11T14:11:28Z,2024,2024-01-01,2024-12-31
4283570,MDG_0000000017,COUNTRY,TTO,AMR,Americas,YEAR,2017,,,,,,,,,1.5 [1.4-1.5],1.5,1.4,1.5,,2025-11-11T14:11:28Z,2017,2017-01-01,2017-12-31
4284391,MDG_0000000017,COUNTRY,PNG,WPR,Western Pacific,YEAR,2011,,,,,,,,,149 [106-199],149,106,199,,2025-11-11T14:11:28Z,2011,2011-01-01,2011-12-31
4289142,MDG_0000000017,COUNTRY,DJI,EMR,Eastern Mediterranean,YEAR,2014,,,,,,,,,168 [115-230],168,115,230,,2025-11-11T14:11:28Z,2014,2014-01-01,2014-12-31
4290490,MDG_0000000017,COUNTRY,COD,AFR,Africa,YEAR,2016,,,,,,,,,112 [47-203],112,47,203,,2025-11-11T14:11:28Z,2016,2016-01-01,2016-12-31
4291853,MDG_0000000017,COUNTRY,CAF,AFR,Africa,YEAR,2008,,,,,,,,,97 [35-190],97,35,190,,2025-11-11T14:11:28Z,2008,2008-01-01,2008-12-31
4297154,MDG_0000000017,COUNTRY,EGY,EMR,Eastern Mediterranean,YEAR,2001,,,,,,,,,1.5 [1.2-1.8],1.5,1.2,1.8,,2025-11-11T14:11:28Z,2001,2001-01-01,2001-12-31
4297223,MDG_0000000017,COUNTRY,NPL,SEAR,South-East Asia,YEAR,2011,,,,,,,,,74 [43-113],74,43,113,,2025-11-11T14:11:28Z,2011,2011-01-01,2011-12-31
4301524,MDG_0000000017,COUNTRY,SLE,AFR,Africa,YEAR,2003,,,,,,,,,181 [76-332],181,76,332,,2025-11-11T14:11:28Z,2003,2003-01-01,2003-12-31
4302112,MDG_0000000017,COUNTRY,PNG,WPR,Western Pacific,YEAR,2020,,,,,,,,,139 [102-182],139,102,182,,2025-11-11T14:11:28Z,2020,2020-01-01,2020-12-31
4314150,MDG_0000000017,COUNTRY,MKD,EUR,Europe,YEAR,2012,,,,,,,,,1.1 [1.1-1.2],1.1,1.1,1.2,,2025-11-11T14:11:28Z,2012,2012-01-01,2012-12-31
4316898,MDG_0000000017,COUNTRY,NER,AFR,Africa,YEAR,2001,,,,,,,,,20 [12-31],20,12,31,,2025-11-11T14:11:28Z,2001,2001-01-01,2001-12-31
4321542,MDG_0000000017,COUNTRY,THA,SEAR,South-East Asia,YEAR,2003,,,,,,,,,19 [12-27],19,12,27,,2025-11-11T14:11:28Z,2003,2003-01-01,2003-12-31
4322065,MDG_0000000017,COUNTRY,KGZ,EUR,Europe,YEAR,2007,,,,,,,,,13 [13-13],13,13,13,,2025-11-11T14:11:28Z,2007,2007-01-01,2007-12-31
4327187,MDG_0000000017,COUNTRY,MHL,WPR,Western Pacific,YEAR,2002,,,,,,,,,77 [53-105],77,53,105,,2025-11-11T14:11:28Z,2002,2002-01-01,2002-12-31
4327361,MDG_0000000017,COUNTRY,SLB,WPR,Western Pacific,YEAR,2019,,,,,,,,,28 [19-38],28,19,38,,2025-11-11T14:11:28Z,2019,2019-01-01,2019-12-31
4327896,MDG_0000000017,COUNTRY,GIN,AFR,Africa,YEAR,2006,,,,,,,,,31 [20-43],31,20,43,,2025-11-11T14:11:28Z,2006,2006-01-01,2006-12-31
4334695,MDG_0000000017,COUNTRY,ALB,EUR,Europe,YEAR,2008,,,,,,,,,0.53 [0.39-0.69],0.53,0.39,0.69,,2025-11-11T14:11:28Z,2008,2008-01-01,2008-12-31
4335120,MDG_0000000017,COUNTRY,JOR,EMR,Eastern Mediterranean,YEAR,2015,,,,,,,,,0.07 [0.07-0.08],0.07,0.07,0.08,,2025-11-11T14:11:28Z,2015,2015-01-01,2015-12-31
4340852,MDG_0000000017,COUNTRY,CPV,AFR,Africa,YEAR,2019,,,,,,,,,4.3 [3.7-4.8],4.3,3.7,4.8,,2025-11-11T14:11:28Z,2019,2019-01-01,2019-12-31
4342423,MDG_0000000017,REGION,AFR,,,YEAR,2006,,,,,,,,,57 [47-68],57,47,68,,2025-11-11T14:11:28Z,2006,2006-01-01,2006-12-31
4347023,MDG_0000000017,COUNTRY,MOZ,AFR,Africa,YEAR,2020,,,,,,,,,22 [12-35],22,12,35,,2025-11-11T14:11:28Z,2020,2020-01-01,2020-12-31
4352953,MDG_0000000017,COUNTRY,MRT,AFR,Africa,YEAR,2006,,,,,,,,,40 [28-55],40,28,55,,2025-11-11T14:11:28Z,2006,2006-01-01,2006-12-31
4354885,MDG_0000000017,COUNTRY,IRL,EUR,Europe,YEAR,2009,,,,,,,,,0.8 [0.8-0.8],0.8,0.8,0.8,,2025-11-11T14:11:28Z,2009,2009-01-01,2009-12-31
4365851,MDG_0000000017,COUNTRY,GIN,AFR,Africa,YEAR,2013,,,,,,,,,29 [20-40],29,20,40,,2025-11-11T14:11:28Z,2013,2013-01-01,2013-12-31
4366322,MDG_0000000017,COUNTRY,SUR,AMR,Americas,YEAR,2013,,,,,,,,,1 [0.94-1.1],1,0.94,1.1,,2025-11-11T14:11:28Z,2013,2013-01-01,2013-12-31
4373439,MDG_0000000017,COUNTRY,HUN,EUR,Europe,YEAR,2018,,,,,,,,,0.87 [0.87-0.87],0.87,0.87,0.87,,2025-11-11T14:11:28Z,2018,2018-01-01,2018-12-31
4378345,MDG_0000000017,COUNTRY,TUN,EMR,Eastern Mediterranean,YEAR,2020,,,,,,,,,1.2 [0.85-1.5],1.2,0.85,1.5,,2025-11-11T14:11:28Z,2020,2020-01-01,2020-12-31
4384818,MDG_0000000017,COUNTRY,GMB,AFR,Africa,YEAR,2020,,,,,,,,,23 [15-33],23,15,33,,2025-11-11T14:11:28Z,2020,2020-01-01,2020-12-31
4384962,MDG_0000000017,COUNTRY,MAC,,,YEAR,2022,,,,,,,,,11 [7.5-15],11,7.5,15,,2025-11-11T14:11:28Z,2022,2022-01-01,2022-12-31
4391441,MDG_0000000017,COUNTRY,LVA,EUR,Europe,YEAR,2010,,,,,,,,,4.5 [4.2-4.7],4.5,4.2,4.7,,2025-11-11T14:11:28Z,2010,2010-01-01,2010-12-31
4396665,MDG_0000000017,COUNTRY,BRN,WPR,Western Pacific,YEAR,2000,,,,,,,,,4.9 [4.8-5.1],4.9,4.8,5.1,,2025-11-11T14:11:28Z,2000,2000-01-01,2000-12-31
4396922,MDG_0000000017,COUNTRY,UZB,EUR,Europe,YEAR,2003,,,,,,,,,23 [15-33],23,15,33,,2025-11-11T14:11:28Z,2003,2003-01-01,2003-12-31
4396952,MDG_0000000017,COUNTRY,BIH,EUR,Europe,YEAR,2010,,,,,,,,,5.1 [4.7-5.4],5.1,4.7,5.4,,2025-11-11T14:11:28Z,2010,2010-01-01,2010-12-31
4398292,MDG_0000000017,COUNTRY,MDV,SEAR,South-East Asia,YEAR,2017,,,,,,,,,2.4 [2.2-2.6],2.4,2.2,2.6,,2025-11-11T14:11:28Z,2017,2017-01-01,2017-12-31
4402698,MDG_0000000017,COUNTRY,JAM,AMR,Americas,YEAR,2004,,,,,,,,,0.65 [0.62-0.68],0.65,0.62,0.68,,2025-11-11T14:11:28Z,2004,2004-01-01,2004-12-31
4402926,MDG_0000000017,COUNTRY,BHS,AMR,Americas,YEAR,2018,,,,,,,,,0.58 [0.56-0.6],0.58,0.56,0.6,,2025-11-11T14:11:28Z,2018,2018-01-01,2018-12-31
4404356,MDG_0000000017,COUNTRY,SOM,EMR,Eastern Mediterranean,YEAR,2024,,,,,,,,,26 [17-37],26,17,37,,2025-11-11T14:11:28Z,2024,2024-01-01,2024-12-31
4408337,MDG_0000000017,COUNTRY,AUS,WPR,Western Pacific,YEAR,2015,,,,,,,,,0.21 [0.21-0.22],0.21,0.21,0.22,,2025-11-11T14:11:28Z,2015,2015-01-01,2015-12-31
4408503,MDG_0000000017,COUNTRY,POL,EUR,Europe,YEAR,2007,,,,,,,,,2.2 [2.1-2.3],2.2,2.1,2.3,,2025-11-11T14:11:28Z,2007,2007-01-01,2007-12-31
4416000,MDG_0000000017,COUNTRY,THA,SEAR,South-East Asia,YEAR,2013,,,,,,,,,14 [9.4-19],14,9.4,19,,2025-11-11T14:11:28Z,2013,2013-01-01,2013-12-31
4422630,MDG_0000000017,COUNTRY,AUS,WPR,Western Pacific,YEAR,2023,,,,,,,,,0.13 [0.13-0.14],0.13,0.13,0.14,,2025-11-11T14:11:28Z,2023,2023-01-01,2023-12-31
4433475,MDG_0000000017,COUNTRY,BEN,AFR,Africa,YEAR,2013,,,,,,,,,13 [7-21],13,7,21,,2025-11-11T14:11:28Z,2013,2013-01-01,2013-12-31
4441191,MDG_0000000017,COUNTRY,JPN,WPR,Western Pacific,YEAR,2005,,,,,,,,,3.4 [3.3-3.5],3.4,3.3,3.5,,2025-11-11T14:11:28Z,2005,2005-01-01,2005-12-31
4445633,MDG_0000000017,REGION,WPR,,,YEAR,2018,,,,,,,,,8.9 [8.4-9.3],8.9,8.4,9.3,,2025-11-11T14:11:28Z,2018,2018-01-01,2018-12-31
4453456,MDG_0000000017,COUNTRY,HRV,EUR,Europe,YEAR,2024,,,,,,,,,0.88 [0.88-0.88],0.88,0.88,0.88,,2025-11-11T14:11:28Z,2024,2024-01-01,2024-12-31
4453981,MDG_0000000017,COUNTRY,KOR,WPR,Western Pacific,YEAR,2014,,,,,,,,,5.4 [5.2-5.7],5.4,5.2,5.7,,2025-11-11T14:11:28Z,2014,2014-01-01,2014-12-31
4453995,MDG_0000000017,COUNTRY,NPL,SEAR,South-East Asia,YEAR,2020,,,,,,,,,58 [32-92],58,32,92,,2025-11-11T14:11:28Z,2020,2020-01-01,2020-12-31
4454859,MDG_0000000017,COUNTRY,CHL,AMR,Americas,YEAR,2000,,,,,,,,,3.5 [3.4-3.6],3.5,3.4,3.6,,2025-11-11T14:11:28Z,2000,2000-01-01,2000-12-31
4460172,MDG_0000000017,COUNTRY,DNK,EUR,Europe,YEAR,2018,,,,,,,,,0.17 [0.16-0.18],0.17,0.16,0.18,,2025-11-11T14:11:28Z,2018,2018-01-01,2018-12-31
4466114,MDG_0000000017,COUNTRY,KEN,AFR,Africa,YEAR,2000,,,,,,,,,41 [15-80],41,15,80,,2025-11-11T14:11:28Z,2000,2000-01-01,2000-12-31
4466948,MDG_0000000017,COUNTRY,IND,SEAR,South-East Asia,YEAR,2022,,,,,,,,,22 [18-28],22,18,28,,2025-11-11T14:11:28Z,2022,2022-01-01,2022-12-31
4467223,MDG_0000000017,COUNTRY,MRT,AFR,Africa,YEAR,2019,,,,,,,,,15 [9.3-23],15,9.3,23,,2025-11-11T14:11:28Z,2019,2019-01-01,2019-12-31
4471265,MDG_0000000017,COUNTRY,SUR,AMR,Americas,YEAR,2007,,,,,,,,,1.6 [1.4-1.7],1.6,1.4,1.7,,2025-11-11T14:11:28Z,2007,2007-01-01,2007-12-31
4484510,MDG_0000000017,COUNTRY,KGZ,EUR,Europe,YEAR,2023,,,,,,,,,3.1 [2.5-3.8],3.1,2.5,3.8,,2025-11-11T14:11:28Z,2023,2023-01-01,2023-12-31
4485981,MDG_0000000017,COUNTRY,CAF,AFR,Africa,YEAR,2022,,,,,,,,,57 [26-99],57,26,99,,2025-11-11T14:11:28Z,2022,2022-01-01,2022-12-31
4491007,MDG_0000000017,WORLDBANKINCOMEGROUP,WB_UMI,,,YEAR,2016,,,,,,,,,7.3 [7-7.6],7.3,7,7.6,,2025-11-11T14:11:28Z,2016,2016-01-01,2016-12-31
4497798,MDG_0000000017,COUNTRY,ARM,EUR,Europe,YEAR,2017,,,,,,,,,1.5 [1.5-1.5],1.5,1.5,1.5,,2025-11-11T14:11:28Z,2017,2017-01-01,2017-12-31
4503146,MDG_0000000017,COUNTRY,UGA,AFR,Africa,YEAR,2007,,,,,,,,,18 [7.9-33],18,7.9,33,,2025-11-11T14:11:28Z,2007,2007-01-01,2007-12-31
4517600,MDG_0000000017,COUNTRY,MKD,EUR,Europe,YEAR,2003,,,,,,,,,4.1 [3.9-4.3],4.1,3.9,4.3,,2025-11-11T14:11:28Z,2003,2003-01-01,2003-12-31
4518302,MDG_0000000017,COUNTRY,NZL,WPR,Western Pacific,YEAR,2022,,,,,,,,,0.26 [0.26-0.26],0.26,0.26,0.26,,2025-11-11T14:11:28Z,2022,2022-01-01,2022-12-31
4523826,MDG_0000000017,COUNTRY,MYS,WPR,Western Pacific,YEAR,2021,,,,,,,,,6 [4-8.5],6,4,8.5,,2025-11-11T14:11:28Z,2021,2021-01-01,2021-12-31
4523915,MDG_0000000017,COUNTRY,ROU,EUR,Europe,YEAR,2004,,,,,,,,,9.6 [9.6-9.6],9.6,9.6,9.6,,2025-11-11T14:11:28Z,2004,2004-01-01,2004-12-31
4527872,MDG_0000000017,COUNTRY,NOR,EUR,Europe,YEAR,2019,,,,,,,,,0.28 [0.27-0.29],0.28,0.27,0.29,,2025-11-11T14:11:28Z,2019,2019-01-01,2019-12-31
4528988,MDG_0000000017,COUNTRY,MRT,AFR,Africa,YEAR,2015,,,,,,,,,23 [14-33],23,14,33,,2025-11-11T14:11:28Z,2015,2015-01-01,2015-12-31
4535011,MDG_0000000017,COUNTRY,IND,SEAR,South-East Asia,YEAR,2009,,,,,,,,,41 [31-52],41,31,52,,2025-11-11T14:11:28Z,2009,2009-01-01,2009-12-31
4547881,MDG_0000000017,COUNTRY,MDG,AFR,Africa,YEAR,2019,,,,,,,,,39 [27-52],39,27,52,,2025-11-11T14:11:28Z,2019,2019-01-01,2019-12-31
4549358,MDG_0000000017,COUNTRY,AZE,EUR,Europe,YEAR,2004,,,,,,,,,12 [11-13],12,11,13,,2025-11-11T14:11:28Z,2004,2004-01-01,2004-12-31
4554794,MDG_0000000017,COUNTRY,EGY,EMR,Eastern Mediterranean,YEAR,2012,,,,,,,,,0.67 [0.6-0.74],0.67,0.6,0.74,,2025-11-11T14:11:28Z,2012,2012-01-01,2012-12-31
4555668,MDG_0000000017,COUNTRY,PER,AMR,Americas,YEAR,2009,,,,,,,,,7.9 [6.6-9.3],7.9,6.6,9.3,,2025-11-11T14:11:28Z,2009,2009-01-01,2009-12-31
4560368,MDG_0000000017,COUNTRY,EST,EUR,Europe,YEAR,2002,,,,,,,,,10 [7.5-14],10,7.5,14,,2025-11-11T14:11:28Z,2002,2002-01-01,2002-12-31
4566474,MDG_0000000017,COUNTRY,RWA,AFR,Africa,YEAR,2020,,,,,,,,,6.1 [4-8.7],6.1,4,8.7,,2025-11-11T14:11:28Z,2020,2020-01-01,2020-12-31
4575497,MDG_0000000017,COUNTRY,HUN,EUR,Europe,YEAR,2010,,,,,,,,,1.5 [1.5-1.5],1.5,1.5,1.5,,2025-11-11T14:11:28Z,2010,2010-01-01,2010-12-31
4579620,MDG_0000000017,COUNTRY,MYS,WPR,Western Pacific,YEAR,2024,,,,,,,,,7.2 [4.5-11],7.2,4.5,11,,2025-11-11T14:11:28Z,2024,2024-01-01,2024-12-31
4579882,MDG_0000000017,COUNTRY,GIN,AFR,Africa,YEAR,2011,,,,,,,,,30 [20-42],30,20,42,,2025-11-11T14:11:28Z,2011,2011-01-01,2011-12-31
4580435,MDG_0000000017,COUNTRY,ALB,EUR,Europe,YEAR,2006,,,,,,,,,0.35 [0.26-0.44],0.35,0.26,0.44,,2025-11-11T14:11:28Z,2006,2006-01-01,2006-12-31
4581335,MDG_0000000017,COUNTRY,BLR,EUR,Europe,YEAR,2004,,,,,,,,,12 [11-12],12,11,12,,2025-11-11T14:11:28Z,2004,2004-01-01,2004-12-31
4592256,MDG_0000000017,COUNTRY,GRC,EUR,Europe,YEAR,2002,,,,,,,,,0.85 [0.82-0.89],0.85,0.82,0.89,,2025-11-11T14:11:28Z,2002,2002-01-01,2002-12-31
4593122,MDG_0000000017,COUNTRY,FSM,WPR,Western Pacific,YEAR,2005,,,,,,,,,81 [56-111],81,56,111,,2025-11-11T14:11:28Z,2005,2005-01-01,2005-12-31
4598564,MDG_0000000017,COUNTRY,LUX,EUR,Europe,YEAR,2000,,,,,,,,,0.69 [0.68-0.7],0.69,0.68,0.7,,2025-11-11T14:11:28Z,2000,2000-01-01,2000-12-31
4600335,MDG_0000000017,COUNTRY,CHE,EUR,Europe,YEAR,2010,,,,,,,,,0.35 [0.34-0.36],0.35,0.34,0.36,,2025-11-11T14:11:28Z,2010,2010-01-01,2010-12-31
4600467,MDG_0000000017,COUNTRY,SWE,EUR,Europe,YEAR,2013,,,,,,,,,0.45 [0.45-0.46],0.45,0.45,0.46,,2025-11-11T14:11:28Z,2013,2013-01-01,2013-12-31
4606060,MDG_0000000017,COUNTRY,ESP,EUR,Europe,YEAR,2001,,,,,,,,,1.2 [1.2-1.3],1.2,1.2,1.3,,2025-11-11T14:11:28Z,2001,2001-01-01,2001-12-31
4606816,MDG_0000000017,COUNTRY,QAT,EMR,Eastern Mediterranean,YEAR,2002,,,,,,,,,0.59 [0.5-0.68],0.59,0.5,0.68,,2025-11-11T14:11:28Z,2002,2002-01-01,2002-12-31
4610703,MDG_0000000017,COUNTRY,LSO,AFR,Africa,YEAR,2008,,,,,,,,,70 [40-109],70,40,109,,2025-11-11T14:11:28Z,2008,2008-01-01,2008-12-31
4611134,MDG_0000000017,COUNTRY,ALB,EUR,Europe,YEAR,2011,,,,,,,,,0.29 [0.15-0.48],0.29,0.15,0.48,,2025-11-11T14:11:28Z,2011,2011-01-01,2011-12-31
4612850,MDG_0000000017,COUNTRY,QAT,EMR,Eastern Mediterranean,YEAR,2011,,,,,,,,,0.28 [0.23-0.33],0.28,0.23,0.33,,2025-11-11T14:11:28Z,2011,2011-01-01,2011-12-31
4613297,MDG_0000000017,COUNTRY,GTM,AMR,Americas,YEAR,2012,,,,,,,,,1.8 [1.6-1.9],1.8,1.6,1.9,,2025-11-11T14:11:28Z,2012,2012-01-01,2012-12-31
4623335,MDG_0000000017,COUNTRY,TUN,EMR,Eastern Mediterranean,YEAR,2008,,,,,,,,,1.6 [1.2-2],1.6,1.2,2,,2025-11-11T14:11:28Z,2008,2008-01-01,2008-12-31
4625792,MDG_0000000017,REGION,EMR,,,YEAR,2008,,,,,,,,,17 [15-19],17,15,19,,2025-11-11T14:11:28Z,2008,2008-01-01,2008-12-31
4629687,MDG_0000000017,COUNTRY,MDG,AFR,Africa,YEAR,2016,,,,,,,,,47 [33-63],47,33,63,,2025-11-11T14:11:28Z,2016,2016-01-01,2016-12-31
4639008,MDG_0000000017,COUNTRY,SGP,WPR,Western Pacific,YEAR,2009,,,,,,,,,1.6 [1.4-1.7],1.6,1.4,1.7,,2025-11-11T14:11:28Z,2009,2009-01-01,2009-12-31
4644958,MDG_0000000017,COUNTRY,IDN,WPR,Western Pacific,YEAR,2003,,,,,,,,,53 [47-60],53,47,60,,2025-11-11T14:11:28Z,2003,2003-01-01,2003-12-31
4661630,MDG_0000000017,COUNTRY,VNM,WPR,Western Pacific,YEAR,2014,,,,,,,,,16 [11-23],16,11,23,,2025-11-11T14:11:28Z,2014,2014-01-01,2014-12-31
4669316,MDG_0000000017,COUNTRY,SWZ,AFR,Africa,YEAR,2006,,,,,,,,,81 [29-161],81,29,161,,2025-11-11T14:11:28Z,2006,2006-01-01,2006-12-31
4676036,MDG_0000000017,WORLDBANKINCOMEGROUP,WB_HI,,,YEAR,2013,,,,,,,,,2.3 [2.3-2.4],2.3,2.3,2.4,,2025-11-11T14:11:28Z,2013,2013-01-01,2013-12-31
4676089,MDG_0000000017,COUNTRY,ALB,EUR,Europe,YEAR,2019,,,,,,,,,0.29 [0.15-0.48],0.29,0.15,0.48,,2025-11-11T14:11:28Z,2019,2019-01-01,2019-12-31
4682457,MDG_0000000017,COUNTRY,FJI,WPR,Western Pacific,YEAR,2010,,,,,,,,,3.1 [2.7-3.5],3.1,2.7,3.5,,2025-11-11T14:11:28Z,2010,2010-01-01,2010-12-31
4687704,MDG_0000000017,COUNTRY,ZMB,AFR,Africa,YEAR,2006,,,,,,,,,30 [12-56],30,12,56,,2025-11-11T14:11:28Z,2006,2006-01-01,2006-12-31
4687745,MDG_0000000017,COUNTRY,TKM,EUR,Europe,YEAR,2000,,,,,,,,,26 [23-29],26,23,29,,2025-11-11T14:11:28Z,2000,2000-01-01,2000-12-31
4687929,MDG_0000000017,COUNTRY,VEN,AMR,Americas,YEAR,2009,,,,,,,,,2.1 [2.1-2.1],2.1,2.1,2.1,,2025-11-11T14:11:28Z,2009,2009-01-01,2009-12-31
4688828,MDG_0000000017,COUNTRY,BGD,SEAR,South-East Asia,YEAR,2008,,,,,,,,,53 [34-76],53,34,76,,2025-11-11T14:11:28Z,2008,2008-01-01,2008-12-31
4705938,MDG_0000000017,COUNTRY,CHN,WPR,Western Pacific,YEAR,2000,,,,,,,,,8.7 [6.7-11],8.7,6.7,11,,2025-11-11T14:11:28Z,2000,2000-01-01,2000-12-31
4706739,MDG_0000000017,COUNTRY,PNG,WPR,Western Pacific,YEAR,2012,,,,,,,,,123 [88-163],123,88,163,,2025-11-11T14:11:28Z,2012,2012-01-01,2012-12-31
4707013,MDG_0000000017,COUNTRY,ITA,EUR,Europe,YEAR,2004,,,,,,,,,0.7 [0.69-0.71],0.7,0.69,0.71,,2025-11-11T14:11:28Z,2004,2004-01-01,2004-12-31
4713461,MDG_0000000017,WORLDBANKINCOMEGROUP,WB_UMI,,,YEAR,2002,,,,,,,,,13 [12-14],13,12,14,,2025-11-11T14:11:28Z,2002,2002-01-01,2002-12-31
4725670,MDG_0000000017,COUNTRY,ESP,EUR,Europe,YEAR,2015,,,,,,,,,0.53 [0.53-0.54],0.53,0.53,0.54,,2025-11-11T14:11:28Z,2015,2015-01-01,2015-12-31
4732642,MDG_0000000017,COUNTRY,BTN,SEAR,South-East Asia,YEAR,2023,,,,,,,,,34 [24-46],34,24,46,,2025-11-11T14:11:28Z,2023,2023-01-01,2023-12-31
4737762,MDG_0000000017,COUNTRY,SWZ,AFR,Africa,YEAR,2001,,,,,,,,,66 [24-127],66,24,127,,2025-11-11T14:11:28Z,2001,2001-01-01,2001-12-31
4738267,MDG_0000000017,COUNTRY,TTO,AMR,Americas,YEAR,2016,,,,,,,,,1.5 [1.4-1.5],1.5,1.4,1.5,,2025-11-11T14:11:28Z,2016,2016-01-01,2016-12-31
4738896,MDG_0000000017,COUNTRY,ESP,EUR,Europe,YEAR,2017,,,,,,,,,0.53 [0.52-0.53],0.53,0.52,0.53,,2025-11-11T14:11:28Z,2017,2017-01-01,2017-12-31
4744285,MDG_0000000017,COUNTRY,BGR,EUR,Europe,YEAR,2000,,,,,,,,,4.8 [4.4-5.2],4.8,4.4,5.2,,2025-11-11T14:11:28Z,2000,2000-01-01,2000-12-31
4745252,MDG_0000000017,REGION,WPR,,,YEAR,2022,,,,,,,,,11 [10-12],11,10,12,,2025-11-11T14:11:28Z,2022,2022-01-01,2022-12-31
4745353,MDG_0000000017,COUNTRY,VNM,WPR,Western Pacific,YEAR,2015,,,,,,,,,15 [9.9-21],15,9.9,21,,2025-11-11T14:11:28Z,2015,2015-01-01,2015-12-31
4751653,MDG_0000000017,COUNTRY,COG,AFR,Africa,YEAR,2006,,,,,,,,,66 [44-92],66,44,92,,2025-11-11T14:11:28Z,2006,2006-01-01,2006-12-31
4758873,MDG_0000000017,COUNTRY,IDN,WPR,Western Pacific,YEAR,2001,,,,,,,,,56 [49-64],56,49,64,,2025-11-11T14:11:28Z,2001,2001-01-01,2001-12-31
4759124,MDG_0000000017,REGION,EMR,,,YEAR,2012,,,,,,,,,14 [12-16],14,12,16,,2025-11-11T14:11:28Z,2012,2012-01-01,2012-12-31
4763379,MDG_0000000017,WORLDBANKINCOMEGROUP,WB_LI,,,YEAR,2024,,,,,,,,,27 [21-34],27,21,34,,2025-11-11T14:11:28Z,2024,2024-01-01,2024-12-31
4771585,MDG_0000000017,COUNTRY,JAM,AMR,Americas,YEAR,2023,,,,,,,,,0.26 [0.21-0.32],0.26,0.21,0.32,,2025-11-11T14:11:28Z,2023,2023-01-01,2023-12-31
4776984,MDG_0000000017,COUNTRY,BGD,SEAR,South-East Asia,YEAR,2021,,,,,,,,,27 [17-39],27,17,39,,2025-11-11T14:11:28Z,2021,2021-01-01,2021-12-31
4778077,MDG_0000000017,COUNTRY,LBN,EMR,Eastern Mediterranean,YEAR,2016,,,,,,,,,2.1 [1.5-2.9],2.1,1.5,2.9,,2025-11-11T14:11:28Z,2016,2016-01-01,2016-12-31
4782766,MDG_0000000017,COUNTRY,BRN,WPR,Western Pacific,YEAR,2012,,,,,,,,,4.1 [3.6-4.5],4.1,3.6,4.5,,2025-11-11T14:11:28Z,2012,2012-01-01,2012-12-31
4789314,MDG_0000000017,COUNTRY,NOR,EUR,Europe,YEAR,2016,,,,,,,,,0.34 [0.33-0.35],0.34,0.33,0.35,,2025-11-11T14:11:28Z,2016,2016-01-01,2016-12-31
4790776,MDG_0000000017,COUNTRY,PNG,WPR,Western Pacific,YEAR,2005,,,,,,,,,194 [140-257],194,140,257,,2025-11-11T14:11:28Z,2005,2005-01-01,2005-12-31
4794749,MDG_0000000017,COUNTRY,SEN,AFR,Africa,YEAR,2018,,,,,,,,,28 [19-39],28,19,39,,2025-11-11T14:11:28Z,2018,2018-01-01,2018-12-31
4794764,MDG_0000000017,COUNTRY,LTU,EUR,Europe,YEAR,2011,,,,,,,,,7.5 [7.3-7.7],7.5,7.3,7.7,,2025-11-11T14:11:28Z,2011,2011-01-01,2011-12-31
4794955,MDG_0000000017,COUNTRY,DOM,AMR,Americas,YEAR,2007,,,,,,,,,7.8 [2.8-15],7.8,2.8,15,,2025-11-11T14:11:28Z,2007,2007-01-01,2007-12-31
4795484,MDG_0000000017,COUNTRY,ARE,EMR,Eastern Mediterranean,YEAR,2024,,,,,,,,,0.67 [0.39-1],0.67,0.39,1,,2025-11-11T14:11:28Z,2024,2024-01-01,2024-12-31
4796111,MDG_0000000017,WORLDBANKINCOMEGROUP,WB_HI,,,YEAR,2011,,,,,,,,,2.7 [2.7-2.8],2.7,2.7,2.8,,2025-11-11T14:11:28Z,2011,2011-01-01,2011-12-31
4801669,MDG_0000000017,COUNTRY,MDA,EUR,Europe,YEAR,2021,,,,,,,,,4.6 [4.5-4.6],4.6,4.5,4.6,,2025-11-11T14:11:28Z,2021,2021-01-01,2021-12-31
4808246,MDG_0000000017,COUNTRY,DNK,EUR,Europe,YEAR,2016,,,,,,,,,0.41 [0.39-0.42],0.41,0.39,0.42,,2025-11-11T14:11:28Z,2016,2016-01-01,2016-12-31
4809008,MDG_0000000017,COUNTRY,FJI,WPR,Western Pacific,YEAR,2007,,,,,,,,,4.2 [3.9-4.4],4.2,3.9,4.4,,2025-11-11T14:11:28Z,2007,2007-01-01,2007-12-31
4813807,MDG_0000000017,COUNTRY,ARE,EMR,Eastern Mediterranean,YEAR,2020,,,,,,,,,0.67 [0.39-1],0.67,0.39,1,,2025-11-11T14:11:28Z,2020,2020-01-01,2020-12-31
4821268,MDG_0000000017,COUNTRY,ITA,EUR,Europe,YEAR,2015,,,,,,,,,0.56 [0.55-0.56],0.56,0.55,0.56,,2025-11-11T14:11:28Z,2015,2015-01-01,2015-12-31
4821694,MDG_0000000017,COUNTRY,MUS,AFR,Africa,YEAR,2013,,,,,,,,,1.4 [1.4-1.5],1.4,1.4,1.5,,2025-11-11T14:11:28Z,2013,2013-01-01,2013-12-31
4838921,MDG_0000000017,COUNTRY,KGZ,EUR,Europe,YEAR,2014,,,,,,,,,8.2 [8.1-8.3],8.2,8.1,8.3,,2025-11-11T14:11:28Z,2014,2014-01-01,2014-12-31
4840820,MDG_0000000017,COUNTRY,LKA,SEAR,South-East Asia,YEAR,2014,,,,,,,,,3.4 [3-3.7],3.4,3,3.7,,2025-11-11T14:11:28Z,2014,2014-01-01,2014-12-31
4848181,MDG_0000000017,COUNTRY,SEN,AFR,Africa,YEAR,2014,,,,,,,,,33 [23-45],33,23,45,,2025-11-11T14:11:28Z,2014,2014-01-01,2014-12-31
4877370,MDG_0000000017,COUNTRY,COD,AFR,Africa,YEAR,2013,,,,,,,,,118 [49-217],118,49,217,,2025-11-11T14:11:28Z,2013,2013-01-01,2013-12-31
4883327,MDG_0000000017,COUNTRY,GUY,AMR,Americas,YEAR,2023,,,,,,,,,17 [14-19],17,14,19,,2025-11-11T14:11:28Z,2023,2023-01-01,2023-12-31
4885329,MDG_0000000017,COUNTRY,JOR,EMR,Eastern Mediterranean,YEAR,2002,,,,,,,,,0.56 [0.44-0.69],0.56,0.44,0.69,,2025-11-11T14:11:28Z,2002,2002-01-01,2002-12-31
4885738,MDG_0000000017,COUNTRY,DZA,AFR,Africa,YEAR,2002,,,,,,,,,24 [17-33],24,17,33,,2025-11-11T14:11:28Z,2002,2002-01-01,2002-12-31
4890969,MDG_0000000017,COUNTRY,PSE,EMR,Eastern Mediterranean,YEAR,2023,,,,,,,,,0.06 [0.04-0.08],0.06,0.04,0.08,,2025-11-11T14:11:28Z,2023,2023-01-01,2023-12-31
4891461,MDG_0000000017,COUNTRY,KIR,WPR,Western Pacific,YEAR,2024,,,,,,,,,37 [31-43],37,31,43,,2025-11-11T14:11:28Z,2024,2024-01-01,2024-12-31
4896190,MDG_0000000017,COUNTRY,FJI,WPR,Western Pacific,YEAR,2016,,,,,,,,,4.1 [4-4.1],4.1,4,4.1,,2025-11-11T14:11:28Z,2016,2016-01-01,2016-12-31
4898568,MDG_0000000017,COUNTRY,IND,SEAR,South-East Asia,YEAR,2014,,,,,,,,,30 [22-38],30,22,38,,2025-11-11T14:11:28Z,2014,2014-01-01,2014-12-31
4904788,MDG_0000000017,COUNTRY,MNG,WPR,Western Pacific,YEAR,2023,,,,,,,,,11 [9.6-12],11,9.6,12,,2025-11-11T14:11:28Z,2023,2023-01-01,2023-12-31
4909673,MDG_0000000017,COUNTRY,CIV,AFR,Africa,YEAR,2023,,,,,,,,,14 [8.5-21],14,8.5,21,,2025-11-11T14:11:28Z,2023,2023-01-01,2023-12-31
4911307,MDG_0000000017,COUNTRY,NZL,WPR,Western Pacific,YEAR,2023,,,,,,,,,0.26 [0.26-0.26],0.26,0.26,0.26,,2025-11-11T14:11:28Z,2023,2023-01-01,2023-12-31
4916740,MDG_0000000017,COUNTRY,DJI,EMR,Eastern Mediterranean,YEAR,2007,,,,,,,,,362 [248-498],362,248,498,,2025-11-11T14:11:28Z,2007,2007-01-01,2007-12-31
4917792,MDG_0000000017,COUNTRY,KAZ,EUR,Europe,YEAR,2007,,,,,,,,,18 [18-19],18,18,19,,2025-11-11T14:11:28Z,2007,2007-01-01,2007-12-31
4921099,MDG_0000000017,COUNTRY,TUN,EMR,Eastern Mediterranean,YEAR,2006,,,,,,,,,1.6 [1.3-2],1.6,1.3,2,,2025-11-11T14:11:28Z,2006,2006-01-01,2006-12-31
4921452,MDG_0000000017,COUNTRY,HUN,EUR,Europe,YEAR,2001,,,,,,,,,3.7 [3.7-3.7],3.7,3.7,3.7,,2025-11-11T14:11:28Z,2001,2001-01-01,2001-12-31
4921479,MDG_0000000017,COUNTRY,URY,AMR,Americas,YEAR,2020,,,,,,,,,2.4 [2.2-2.5],2.4,2.2,2.5,,2025-11-11T14:11:28Z,2020,2020-01-01,2020-12-31
4930295,MDG_0000000017,COUNTRY,MMR,SEAR,South-East Asia,YEAR,2009,,,,,,,,,110 [59-176],110,59,176,,2025-11-11T14:11:28Z,2009,2009-01-01,2009-12-31
4930326,MDG_0000000017,COUNTRY,ZMB,AFR,Africa,YEAR,2022,,,,,,,,,13 [6.4-22],13,6.4,22,,2025-11-11T14:11:28Z,2022,2022-01-01,2022-12-31
4933850,MDG_0000000017,COUNTRY,TJK,EUR,Europe,YEAR,2002,,,,,,,,,15 [14-16],15,14,16,,2025-11-11T14:11:28Z,2002,2002-01-01,2002-12-31
4940765,MDG_0000000017,COUNTRY,MHL,WPR,Western Pacific,YEAR,2020,,,,,,,,,112 [77-153],112,77,153,,2025-11-11T14:11:28Z,2020,2020-01-01,2020-12-31
4941118,MDG_0000000017,COUNTRY,BOL,AMR,Americas,YEAR,2010,,,,,,,,,15 [11-19],15,11,19,,2025-11-11T14:11:28Z,2010,2010-01-01,2010-12-31
4959254,MDG_0000000017,COUNTRY,TUN,EMR,Eastern Mediterranean,YEAR,2018,,,,,,,,,1.2 [0.89-1.6],1.2,0.89,1.6,,2025-11-11T14:11:28Z,2018,2018-01-01,2018-12-31
4959428,MDG_0000000017,COUNTRY,LBN,EMR,Eastern Mediterranean,YEAR,2008,,,,,,,,,3.1 [2.1-4.2],3.1,2.1,4.2,,2025-11-11T14:11:28Z,2008,2008-01-01,2008-12-31
4966286,MDG_0000000017,COUNTRY,RWA,AFR,Africa,YEAR,2001,,,,,,,,,5.2 [2.6-8.5],5.2,2.6,8.5,,2025-11-11T14:11:28Z,2001,2001-01-01,2001-12-31
4966854,MDG_0000000017,COUNTRY,MUS,AFR,Africa,YEAR,2003,,,,,,,,,0.94 [0.91-0.97],0.94,0.91,0.97,,2025-11-11T14:11:28Z,2003,2003-01-01,2003-12-31
4967313,MDG_0000000017,COUNTRY,SLE,AFR,Africa,YEAR,2002,,,,,,,,,195 [83-354],195,83,354,,2025-11-11T14:11:28Z,2002,2002-01-01,2002-12-31
4968085,MDG_0000000017,COUNTRY,KIR,WPR,Western Pacific,YEAR,2019,,,,,,,,,37 [31-43],37,31,43,,2025-11-11T14:11:28Z,2019,2019-01-01,2019-12-31
4980105,MDG_0000000017,COUNTRY,SLV,AMR,Americas,YEAR,2012,,,,,,,,,1.3 [1.1-1.5],1.3,1.1,1.5,,2025-11-11T14:11:28Z,2012,2012-01-01,2012-12-31
4980907,MDG_0000000017,COUNTRY,IND,SEAR,South-East Asia,YEAR,2012,,,,,,,,,34 [25-43],34,25,43,,2025-11-11T14:11:28Z,2012,2012-01-01,2012-12-31
4985131,MDG_0000000017,WORLDBANKINCOMEGROUP,WB_LI,,,YEAR,2023,,,,,,,,,28 [21-37],28,21,37,,2025-11-11T14:11:28Z,2023,2023-01-01,2023-12-31
4985548,MDG_0000000017,COUNTRY,POL,EUR,Europe,YEAR,2012,,,,,,,,,1.8 [1.7-1.8],1.8,1.7,1.8,,2025-11-11T14:11:28Z,2012,2012-01-01,2012-12-31
4991108,MDG_0000000017,REGION,WPR,,,YEAR,2012,,,,,,,,,11 [10-11],11,10,11,,2025-11-11T14:11:28Z,2012,2012-01-01,2012-12-31
4991296,MDG_0000000017,COUNTRY,CAF,AFR,Africa,YEAR,2018,,,,,,,,,85 [38-150],85,38,150,,2025-11-11T14:11:28Z,2018,2018-01-01,2018-12-31
4991470,MDG_0000000017,COUNTRY,PRI,AMR,Americas,YEAR,2017,,,,,,,,,0.16 [0.15-0.16],0.16,0.15,0.16,,2025-11-11T14:11:28Z,2017,2017-01-01,2017-12-31
4991650,MDG_0000000017,COUNTRY,SDN,EMR,Eastern Mediterranean,YEAR,2010,,,,,,,,,26 [13-44],26,13,44,,2025-11-11T14:11:28Z,2010,2010-01-01,2010-12-31
4992469,MDG_0000000017,COUNTRY,TUR,EUR,Europe,YEAR,2020,,,,,,,,,0.4 [0.38-0.41],0.4,0.38,0.41,,2025-11-11T14:11:28Z,2020,2020-01-01,2020-12-31
5010327,MDG_0000000017,COUNTRY,ERI,AFR,Africa,YEAR,2011,,,,,,,,,59 [41-81],59,41,81,,2025-11-11T14:11:28Z,2011,2011-01-01,2011-12-31
5023041,MDG_0000000017,COUNTRY,CYP,EUR,Europe,YEAR,2020,,,,,,,,,0.19 [0.17-0.22],0.19,0.17,0.22,,2025-11-11T14:11:28Z,2020,2020-01-01,2020-12-31
5023132,MDG_0000000017,COUNTRY,RUS,EUR,Europe,YEAR,2006,,,,,,,,,21 [20-21],21,20,21,,2025-11-11T14:11:28Z,2006,2006-01-01,2006-12-31
5029454,MDG_0000000017,COUNTRY,BHS,AMR,Americas,YEAR,2013,,,,,,,,,0.64 [0.57-0.7],0.64,0.57,0.7,,2025-11-11T14:11:28Z,2013,2013-01-01,2013-12-31
5035261,MDG_0000000017,COUNTRY,ITA,EUR,Europe,YEAR,2007,,,,,,,,,0.67 [0.67-0.68],0.67,0.67,0.68,,2025-11-11T14:11:28Z,2007,2007-01-01,2007-12-31
5035446,MDG_0000000017,COUNTRY,MUS,AFR,Africa,YEAR,2005,,,,,,,,,1.2 [1.1-1.2],1.2,1.1,1.2,,2025-11-11T14:11:28Z,2005,2005-01-01,2005-12-31
5042850,MDG_0000000017,COUNTRY,BDI,AFR,Africa,YEAR,2011,,,,,,,,,28 [19-39],28,19,39,,2025-11-11T14:11:28Z,2011,2011-01-01,2011-12-31
5060843,MDG_0000000017,COUNTRY,FJI,WPR,Western Pacific,YEAR,2019,,,,,,,,,4.4 [4.3-4.5],4.4,4.3,4.5,,2025-11-11T14:11:28Z,2019,2019-01-01,2019-12-31
5062838,MDG_0000000017,COUNTRY,RUS,EUR,Europe,YEAR,2008,,,,,,,,,18 [18-19],18,18,19,,2025-11-11T14:11:28Z,2008,2008-01-01,2008-12-31
5063042,MDG_0000000017,COUNTRY,DOM,AMR,Americas,YEAR,2003,,,,,,,,,10 [5.2-17],10,5.2,17,,2025-11-11T14:11:28Z,2003,2003-01-01,2003-12-31
5063336,MDG_0000000017,COUNTRY,LBR,AFR,Africa,YEAR,2015,,,,,,,,,65 [47-86],65,47,86,,2025-11-11T14:11:28Z,2015,2015-01-01,2015-12-31
5067557,MDG_0000000017,COUNTRY,BRN,WPR,Western Pacific,YEAR,2021,,,,,,,,,5.2 [4.4-6.1],5.2,4.4,6.1,,2025-11-11T14:11:28Z,2021,2021-01-01,2021-12-31
5067958,MDG_0000000017,COUNTRY,QAT,EMR,Eastern Mediterranean,YEAR,2024,,,,,,,,,0.28 [0.22-0.35],0.28,0.22,0.35,,2025-11-11T14:11:28Z,2024,2024-01-01,2024-12-31
5068349,MDG_0000000017,COUNTRY,CZE,EUR,Europe,YEAR,2002,,,,,,,,,0.83 [0.82-0.85],0.83,0.82,0.85,,2025-11-11T14:11:28Z,2002,2002-01-01,2002-12-31
5068833,MDG_0000000017,COUNTRY,DNK,EUR,Europe,YEAR,2024,,,,,,,,,0.17 [0.16-0.18],0.17,0.16,0.18,,2025-11-11T14:11:28Z,2024,2024-01-01,2024-12-31
5073742,MDG_0000000017,COUNTRY,OMN,EMR,Eastern Mediterranean,YEAR,2009,,,,,,,,,0.58 [0.47-0.71],0.58,0.47,0.71,,2025-11-11T14:11:28Z,2009,2009-01-01,2009-12-31
5082001,MDG_0000000017,COUNTRY,MDV,SEAR,South-East Asia,YEAR,2013,,,,,,,,,2.1 [1.9-2.4],2.1,1.9,2.4,,2025-11-11T14:11:28Z,2013,2013-01-01,2013-12-31
5088713,MDG_0000000017,COUNTRY,PER,AMR,Americas,YEAR,2013,,,,,,,,,5.9 [5-6.8],5.9,5,6.8,,2025-11-11T14:11:28Z,2013,2013-01-01,2013-12-31
5101155,MDG_0000000017,COUNTRY,MKD,EUR,Europe,YEAR,2004,,,,,,,,,2.9 [2.8-3],2.9,2.8,3,,2025-11-11T14:11:28Z,2004,2004-01-01,2004-12-31
5104921,MDG_0000000017,COUNTRY,USA,AMR,Americas,YEAR,2024,,,,,,,,,0.16 [0.16-0.16],0.16,0.16,0.16,,2025-11-11T14:11:28Z,2024,2024-01-01,2024-12-31
5106113,MDG_0000000017,COUNTRY,BOL,AMR,Americas,YEAR,2022,,,,,,,,,10 [7.2-14],10,7.2,14,,2025-11-11T14:11:28Z,2022,2022-01-01,2022-12-31
5107687,MDG_0000000017,COUNTRY,NLD,EUR,Europe,YEAR,2018,,,,,,,,,0.16 [0.16-0.16],0.16,0.16,0.16,,2025-11-11T14:11:28Z,2018,2018-01-01,2018-12-31
5130381,MDG_0000000017,COUNTRY,KHM,WPR,Western Pacific,YEAR,2000,,,,,,,,,59 [25-108],59,25,108,,2025-11-11T14:11:28Z,2000,2000-01-01,2000-12-31
5131784,MDG_0000000017,COUNTRY,TUR,EUR,Europe,YEAR,2023,,,,,,,,,0.42 [0.38-0.46],0.42,0.38,0.46,,2025-11-11T14:11:28Z,2023,2023-01-01,2023-12-31
5143532,MDG_0000000017,COUNTRY,KIR,WPR,Western Pacific,YEAR,2013,,,,,,,,,40 [34-45],40,34,45,,2025-11-11T14:11:28Z,2013,2013-01-01,2013-12-31
5150427,MDG_0000000017,COUNTRY,BRA,AMR,Americas,YEAR,2015,,,,,,,,,2.6 [2.5-2.7],2.6,2.5,2.7,,2025-11-11T14:11:28Z,2015,2015-01-01,2015-12-31
5158156,MDG_0000000017,COUNTRY,CHL,AMR,Americas,YEAR,2010,,,,,,,,,3.2 [3.2-3.2],3.2,3.2,3.2,,2025-11-11T14:11:28Z,2010,2010-01-01,2010-12-31
5162709,MDG_0000000017,COUNTRY,UKR,EUR,Europe,YEAR,2014,,,,,,,,,12 [12-13],12,12,13,,2025-11-11T14:11:28Z,2014,2014-01-01,2014-12-31
5164698,MDG_0000000017,COUNTRY,SVK,EUR,Europe,YEAR,2018,,,,,,,,,0.49 [0.48-0.5],0.49,0.48,0.5,,2025-11-11T14:11:28Z,2018,2018-01-01,2018-12-31
5170261,MDG_0000000017,COUNTRY,AUS,WPR,Western Pacific,YEAR,2014,,,,,,,,,0.2 [0.2-0.2],0.2,0.2,0.2,,2025-11-11T14:11:28Z,2014,2014-01-01,2014-12-31
5170439,MDG_0000000017,COUNTRY,SOM,EMR,Eastern Mediterranean,YEAR,2020,,,,,,,,,32 [22-44],32,22,44,,2025-11-11T14:11:28Z,2020,2020-01-01,2020-12-31
5177065,MDG_0000000017,REGION,WPR,,,YEAR,2006,,,,,,,,,14 [13-14],14,13,14,,2025-11-11T14:11:28Z,2006,2006-01-01,2006-12-31
5181616,MDG_0000000017,REGION,AMR,,,YEAR,2015,,,,,,,,,1.8 [1.7-1.9],1.8,1.7,1.9,,2025-11-11T14:11:28Z,2015,2015-01-01,2015-12-31
5183634,MDG_0000000017,COUNTRY,PHL,WPR,Western Pacific,YEAR,2024,,,,,,,,,31 [27-35],31,27,35,,2025-11-11T14:11:28Z,2024,2024-01-01,2024-12-31
5187237,MDG_0000000017,COUNTRY,DNK,EUR,Europe,YEAR,2007,,,,,,,,,0.49 [0.47-0.51],0.49,0.47,0.51,,2025-11-11T14:11:28Z,2007,2007-01-01,2007-12-31
5188749,MDG_0000000017,COUNTRY,TUR,EUR,Europe,YEAR,2005,,,,,,,,,1.2 [0.85-1.7],1.2,0.85,1.7,,2025-11-11T14:11:28Z,2005,2005-01-01,2005-12-31
5193852,MDG_0000000017,COUNTRY,MAC,,,YEAR,2015,,,,,,,,,17 [12-24],17,12,24,,2025-11-11T14:11:28Z,2015,2015-01-01,2015-12-31
5194803,MDG_0000000017,COUNTRY,SLE,AFR,Africa,YEAR,2011,,,,,,,,,117 [50-211],117,50,211,,2025-11-11T14:11:28Z,2011,2011-01-01,2011-12-31
5195130,MDG_0000000017,COUNTRY,BHS,AMR,Americas,YEAR,2010,,,,,,,,,0.63 [0.58-0.69],0.63,0.58,0.69,,2025-11-11T14:11:28Z,2010,2010-01-01,2010-12-31
5195505,MDG_0000000017,COUNTRY,QAT,EMR,Eastern Mediterranean,YEAR,2020,,,,,,,,,0.28 [0.22-0.35],0.28,0.22,0.35,,2025-11-11T14:11:28Z,2020,2020-01-01,2020-12-31
5200944,MDG_0000000017,COUNTRY,IDN,WPR,Western Pacific,YEAR,2007,,,,,,,,,50 [46-54],50,46,54,,2025-11-11T14:11:28Z,2007,2007-01-01,2007-12-31
5206701,MDG_0000000017,COUNTRY,GUY,AMR,Americas,YEAR,2015,,,,,,,,,12 [11-12],12,11,12,,2025-11-11T14:11:28Z,2015,2015-01-01,2015-12-31
5207258,MDG_0000000017,COUNTRY,URY,AMR,Americas,YEAR,2023,,,,,,,,,5.4 [4.5-6.4],5.4,4.5,6.4,,2025-11-11T14:11:28Z,2023,2023-01-01,2023-12-31
5208493,MDG_0000000017,COUNTRY,LTU,EUR,Europe,YEAR,2015,,,,,,,,,6.9 [6.7-7.1],6.9,6.7,7.1,,2025-11-11T14:11:28Z,2015,2015-01-01,2015-12-31
5213828,MDG_0000000017,COUNTRY,BTN,SEAR,South-East Asia,YEAR,2009,,,,,,,,,124 [86-169],124,86,169,,2025-11-11T14:11:28Z,2009,2009-01-01,2009-12-31
5220668,MDG_0000000017,COUNTRY,TUN,EMR,Eastern Mediterranean,YEAR,2021,,,,,,,,,1.2 [0.85-1.5],1.2,0.85,1.5,,2025-11-11T14:11:28Z,2021,2021-01-01,2021-12-31
5221053,MDG_0000000017,COUNTRY,MYS,WPR,Western Pacific,YEAR,2005,,,,,,,,,5.9 [3.3-9.3],5.9,3.3,9.3,,2025-11-11T14:11:28Z,2005,2005-01-01,2005-12-31
5221492,MDG_0000000017,COUNTRY,POL,EUR,Europe,YEAR,2010,,,,,,,,,1.6 [1.6-1.7],1.6,1.6,1.7,,2025-11-11T14:11:28Z,2010,2010-01-01,2010-12-31
5225618,MDG_0000000017,COUNTRY,HKG,,,YEAR,2008,,,,,,,,,3.4 [3.4-3.4],3.4,3.4,3.4,,2025-11-11T14:11:28Z,2008,2008-01-01,2008-12-31
5226063,MDG_0000000017,COUNTRY,FSM,WPR,Western Pacific,YEAR,2007,,,,,,,,,98 [68-135],98,68,135,,2025-11-11T14:11:28Z,2007,2007-01-01,2007-12-31
5231782,MDG_0000000017,COUNTRY,ITA,EUR,Europe,YEAR,2019,,,,,,,,,0.47 [0.46-0.48],0.47,0.46,0.48,,2025-11-11T14:11:28Z,2019,2019-01-01,2019-12-31
5251963,MDG_0000000017,COUNTRY,TTO,AMR,Americas,YEAR,2023,,,,,,,,,1.5 [1.4-1.5],1.5,1.4,1.5,,2025-11-11T14:11:28Z,2023,2023-01-01,2023-12-31
5252157,MDG_0000000017,COUNTRY,NPL,SEAR,South-East Asia,YEAR,2019,,,,,,,,,58 [32-92],58,32,92,,2025-11-11T14:11:28Z,2019,2019-01-01,2019-12-31
5253527,MDG_0000000017,COUNTRY,GNQ,AFR,Africa,YEAR,2009,,,,,,,,,45 [15-90],45,15,90,,2025-11-11T14:11:28Z,2009,2009-01-01,2009-12-31
5259549,MDG_0000000017,GLOBAL,GLOBAL,,,YEAR,2019,,,,,,,,,15 [13-17],15,13,17,,2025-11-11T14:11:28Z,2019,2019-01-01,2019-12-31
5270125,MDG_0000000017,COUNTRY,BGR,EUR,Europe,YEAR,2024,,,,,,,,,1.4 [1.4-1.4],1.4,1.4,1.4,,2025-11-11T14:11:28Z,2024,2024-01-01,2024-12-31
5277184,MDG_0000000017,COUNTRY,ALB,EUR,Europe,YEAR,2016,,,,,,,,,0.29 [0.15-0.48],0.29,0.15,0.48,,2025-11-11T14:11:28Z,2016,2016-01-01,2016-12-31
5278353,MDG_0000000017,WORLDBANKINCOMEGROUP,WB_UMI,,,YEAR,2018,,,,,,,,,6.9 [6.6-7.2],6.9,6.6,7.2,,2025-11-11T14:11:28Z,2018,2018-01-01,2018-12-31
5284387,MDG_0000000017,COUNTRY,TUN,EMR,Eastern Mediterranean,YEAR,2017,,,,,,,,,1.2 [0.93-1.6],1.2,0.93,1.6,,2025-11-11T14:11:28Z,2017,2017-01-01,2017-12-31
5284867,MDG_0000000017,COUNTRY,MWI,AFR,Africa,YEAR,2017,,,,,,,,,16 [8.3-27],16,8.3,27,,2025-11-11T14:11:28Z,2017,2017-01-01,2017-12-31
5289269,MDG_0000000017,COUNTRY,NLD,EUR,Europe,YEAR,2015,,,,,,,,,0.22 [0.21-0.22],0.22,0.21,0.22,,2025-11-11T14:11:28Z,2015,2015-01-01,2015-12-31
5295155,MDG_0000000017,COUNTRY,KEN,AFR,Africa,YEAR,2020,,,,,,,,,38 [22-59],38,22,59,,2025-11-11T14:11:28Z,2020,2020-01-01,2020-12-31
5297203,MDG_0000000017,COUNTRY,EST,EUR,Europe,YEAR,2017,,,,,,,,,1.8 [1.8-1.8],1.8,1.8,1.8,,2025-11-11T14:11:28Z,2017,2017-01-01,2017-12-31
5297804,MDG_0000000017,COUNTRY,LAO,WPR,Western Pacific,YEAR,2024,,,,,,,,,8.2 [4-14],8.2,4,14,,2025-11-11T14:11:28Z,2024,2024-01-01,2024-12-31
5301520,MDG_0000000017,COUNTRY,MDV,SEAR,South-East Asia,YEAR,2004,,,,,,,,,0.92 [0.74-1.1],0.92,0.74,1.1,,2025-11-11T14:11:28Z,2004,2004-01-01,2004-12-31
5302930,MDG_0000000017,COUNTRY,SSD,AFR,Africa,YEAR,2024,,,,,,,,,42 [20-73],42,20,73,,2025-11-11T14:11:28Z,2024,2024-01-01,2024-12-31
5307812,MDG_0000000017,COUNTRY,THA,SEAR,South-East Asia,YEAR,2015,,,,,,,,,14 [10-18],14,10,18,,2025-11-11T14:11:28Z,2015,2015-01-01,2015-12-31
5315614,MDG_0000000017,COUNTRY,HKG,,,YEAR,2020,,,,,,,,,2 [2-2.1],2,2,2.1,,2025-11-11T14:11:28Z,2020,2020-01-01,2020-12-31
5320273,MDG_0000000017,COUNTRY,NZL,WPR,Western Pacific,YEAR,2021,,,,,,,,,0.26 [0.26-0.26],0.26,0.26,0.26,,2025-11-11T14:11:28Z,2021,2021-01-01,2021-12-31
5320965,MDG_0000000017,COUNTRY,MOZ,AFR,Africa,YEAR,2002,,,,,,,,,38 [15-71],38,15,71,,2025-11-11T14:11:28Z,2002,2002-01-01,2002-12-31
5328015,MDG_0000000017,COUNTRY,DNK,EUR,Europe,YEAR,2015,,,,,,,,,0.31 [0.29-0.32],0.31,0.29,0.32,,2025-11-11T14:11:28Z,2015,2015-01-01,2015-12-31
5358287,MDG_0000000017,REGION,SEAR,,,YEAR,2024,,,,,,,,,24 [20-28],24,20,28,,2025-11-11T14:11:28Z,2024,2024-01-01,2024-12-31
5358813,MDG_0000000017,REGION,EUR,,,YEAR,2017,,,,,,,,,2.7 [2.6-2.7],2.7,2.6,2.7,,2025-11-11T14:11:28Z,2017,2017-01-01,2017-12-31
5360814,MDG_0000000017,COUNTRY,OMN,EMR,Eastern Mediterranean,YEAR,2000,,,,,,,,,0.87 [0.68-1.1],0.87,0.68,1.1,,2025-11-11T14:11:28Z,2000,2000-01-01,2000-12-31
5360990,MDG_0000000017,WORLDBANKINCOMEGROUP,WB_UMI,,,YEAR,2005,,,,,,,,,12 [11-12],12,11,12,,2025-11-11T14:11:28Z,2005,2005-01-01,2005-12-31
5364504,MDG_0000000017,COUNTRY,MLI,AFR,Africa,YEAR,2002,,,,,,,,,14 [7.6-23],14,7.6,23,,2025-11-11T14:11:28Z,2002,2002-01-01,2002-12-31
5372373,MDG_0000000017,COUNTRY,DOM,AMR,Americas,YEAR,2020,,,,,,,,,2 [1.2-3.1],2,1.2,3.1,,2025-11-11T14:11:28Z,2020,2020-01-01,2020-12-31
5377682,MDG_0000000017,COUNTRY,DJI,EMR,Eastern Mediterranean,YEAR,2018,,,,,,,,,108 [74-147],108,74,147,,2025-11-11T14:11:28Z,2018,2018-01-01,2018-12-31
5379313,MDG_0000000017,COUNTRY,LSO,AFR,Africa,YEAR,2018,,,,,,,,,50 [28-77],50,28,77,,2025-11-11T14:11:28Z,2018,2018-01-01,2018-12-31
5383725,MDG_0000000017,COUNTRY,GHA,AFR,Africa,YEAR,2002,,,,,,,,,49 [21-90],49,21,90,,2025-11-11T14:11:28Z,2002,2002-01-01,2002-12-31
5384289,MDG_0000000017,COUNTRY,GTM,AMR,Americas,YEAR,2009,,,,,,,,,2.8 [2.6-3],2.8,2.6,3,,2025-11-11T14:11:28Z,2009,2009-01-01,2009-12-31
5391087,MDG_0000000017,COUNTRY,MUS,AFR,Africa,YEAR,2001,,,,,,,,,0.8 [0.76-0.83],0.8,0.76,0.83,,2025-11-11T14:11:28Z,2001,2001-01-01,2001-12-31
5397820,MDG_0000000017,COUNTRY,JPN,WPR,Western Pacific,YEAR,2022,,,,,,,,,2.6 [2.4-2.7],2.6,2.4,2.7,,2025-11-11T14:11:28Z,2022,2022-01-01,2022-12-31
5403194,MDG_0000000017,COUNTRY,BRN,WPR,Western Pacific,YEAR,2008,,,,,,,,,2.3 [2.2-2.5],2.3,2.2,2.5,,2025-11-11T14:11:28Z,2008,2008-01-01,2008-12-31
5404503,MDG_0000000017,COUNTRY,SLE,AFR,Africa,YEAR,2018,,,,,,,,,78 [34-140],78,34,140,,2025-11-11T14:11:28Z,2018,2018-01-01,2018-12-31
5405338,MDG_0000000017,GLOBAL,GLOBAL,,,YEAR,2018,,,,,,,,,16 [14-18],16,14,18,,2025-11-11T14:11:28Z,2018,2018-01-01,2018-12-31
5415952,MDG_0000000017,COUNTRY,NOR,EUR,Europe,YEAR,2009,,,,,,,,,0.59 [0.57-0.6],0.59,0.57,0.6,,2025-11-11T14:11:28Z,2009,2009-01-01,2009-12-31
5416210,MDG_0000000017,COUNTRY,PRY,AMR,Americas,YEAR,2022,,,,,,,,,2.5 [2.2-3],2.5,2.2,3,,2025-11-11T14:11:28Z,2022,2022-01-01,2022-12-31
5417100,MDG_0000000017,COUNTRY,MMR,SEAR,South-East Asia,YEAR,2003,,,,,,,,,174 [95-276],174,95,276,,2025-11-11T14:11:28Z,2003,2003-01-01,2003-12-31
5421703,MDG_0000000017,COUNTRY,GRC,EUR,Europe,YEAR,2023,,,,,,,,,0.41 [0.4-0.43],0.41,0.4,0.43,,2025-11-11T14:11:28Z,2023,2023-01-01,2023-12-31
5422760,MDG_0000000017,COUNTRY,CAN,AMR,Americas,YEAR,2016,,,,,,,,,0.28 [0.28-0.28],0.28,0.28,0.28,,2025-11-11T14:11:28Z,2016,2016-01-01,2016-12-31
5424083,MDG_0000000017,COUNTRY,CHE,EUR,Europe,YEAR,2012,,,,,,,,,0.29 [0.28-0.29],0.29,0.28,0.29,,2025-11-11T14:11:28Z,2012,2012-01-01,2012-12-31
5424417,MDG_0000000017,COUNTRY,NER,AFR,Africa,YEAR,2023,,,,,,,,,12 [6.6-18],12,6.6,18,,2025-11-11T14:11:28Z,2023,2023-01-01,2023-12-31
5434557,MDG_0000000017,COUNTRY,ALB,EUR,Europe,YEAR,2021,,,,,,,,,0.35 [0.21-0.52],0.35,0.21,0.52,,2025-11-11T14:11:28Z,2021,2021-01-01,2021-12-31
5434578,MDG_0000000017,COUNTRY,NLD,EUR,Europe,YEAR,2017,,,,,,,,,0.14 [0.14-0.14],0.14,0.14,0.14,,2025-11-11T14:11:28Z,2017,2017-01-01,2017-12-31
5435651,MDG_0000000017,COUNTRY,CAN,AMR,Americas,YEAR,2021,,,,,,,,,0.31 [0.3-0.31],0.31,0.3,0.31,,2025-11-11T14:11:28Z,2021,2021-01-01,2021-12-31
5441617,MDG_0000000017,COUNTRY,PER,AMR,Americas,YEAR,2019,,,,,,,,,7.2 [6.5-7.9],7.2,6.5,7.9,,2025-11-11T14:11:28Z,2019,2019-01-01,2019-12-31
5441927,MDG_0000000017,COUNTRY,ZWE,AFR,Africa,YEAR,2007,,,,,,,,,32 [12-62],32,12,62,,2025-11-11T14:11:28Z,2007,2007-01-01,2007-12-31
5442174,MDG_0000000017,COUNTRY,NGA,AFR,Africa,YEAR,2008,,,,,,,,,52 [30-79],52,30,79,,2025-11-11T14:11:28Z,2008,2008-01-01,2008-12-31
5447965,MDG_0000000017,COUNTRY,ISR,EUR,Europe,YEAR,2012,,,,,,,,,0.29 [0.28-0.3],0.29,0.28,0.3,,2025-11-11T14:11:28Z,2012,2012-01-01,2012-12-31
5448440,MDG_0000000017,COUNTRY,TZA,AFR,Africa,YEAR,2014,,,,,,,,,59 [27-105],59,27,105,,2025-11-11T14:11:28Z,2014,2014-01-01,2014-12-31
5459331,MDG_0000000017,COUNTRY,UKR,EUR,Europe,YEAR,2009,,,,,,,,,19 [18-19],19,18,19,,2025-11-11T14:11:28Z,2009,2009-01-01,2009-12-31
5459849,MDG_0000000017,COUNTRY,TUR,EUR,Europe,YEAR,2012,,,,,,,,,0.94 [0.88-1],0.94,0.88,1,,2025-11-11T14:11:28Z,2012,2012-01-01,2012-12-31
5467040,MDG_0000000017,COUNTRY,KGZ,EUR,Europe,YEAR,2019,,,,,,,,,4.4 [4.3-4.5],4.4,4.3,4.5,,2025-11-11T14:11:28Z,2019,2019-01-01,2019-12-31
5467314,MDG_0000000017,COUNTRY,CUB,AMR,Americas,YEAR,2008,,,,,,,,,0.42 [0.42-0.42],0.42,0.42,0.42,,2025-11-11T14:11:28Z,2008,2008-01-01,2008-12-31
5468343,MDG_0000000017,COUNTRY,ITA,EUR,Europe,YEAR,2005,,,,,,,,,0.68 [0.67-0.69],0.68,0.67,0.69,,2025-11-11T14:11:28Z,2005,2005-01-01,2005-12-31
5479118,MDG_0000000017,COUNTRY,PSE,EMR,Eastern Mediterranean,YEAR,2009,,,,,,,,,0.31 [0.21-0.42],0.31,0.21,0.42,,2025-11-11T14:11:28Z,2009,2009-01-01,2009-12-31
5479486,MDG_0000000017,COUNTRY,SVN,EUR,Europe,YEAR,2012,,,,,,,,,0.54 [0.53-0.54],0.54,0.53,0.54,,2025-11-11T14:11:28Z,2012,2012-01-01,2012-12-31
5486186,MDG_0000000017,COUNTRY,AFG,EMR,Eastern Mediterranean,YEAR,2007,,,,,,,,,59 [43-79],59,43,79,,2025-11-11T14:11:28Z,2007,2007-01-01,2007-12-31
5493316,MDG_0000000017,COUNTRY,NLD,EUR,Europe,YEAR,2016,,,,,,,,,0.18 [0.17-0.18],0.18,0.17,0.18,,2025-11-11T14:11:28Z,2016,2016-01-01,2016-12-31
5504574,MDG_0000000017,COUNTRY,SAU,EMR,Eastern Mediterranean,YEAR,2012,,,,,,,,,1.1 [0.94-1.3],1.1,0.94,1.3,,2025-11-11T14:11:28Z,2012,2012-01-01,2012-12-31
5504887,MDG_0000000017,COUNTRY,CZE,EUR,Europe,YEAR,2016,,,,,,,,,0.4 [0.4-0.41],0.4,0.4,0.41,,2025-11-11T14:11:28Z,2016,2016-01-01,2016-12-31
5505691,MDG_0000000017,COUNTRY,OMN,EMR,Eastern Mediterranean,YEAR,2001,,,,,,,,,0.81 [0.64-1],0.81,0.64,1,,2025-11-11T14:11:28Z,2001,2001-01-01,2001-12-31
5505814,MDG_0000000017,COUNTRY,KWT,EMR,Eastern Mediterranean,YEAR,2024,,,,,,,,,0.37 [0.34-0.4],0.37,0.34,0.4,,2025-11-11T14:11:28Z,2024,2024-01-01,2024-12-31
5506805,MDG_0000000017,COUNTRY,SDN,EMR,Eastern Mediterranean,YEAR,2023,,,,,,,,,11 [6.1-17],11,6.1,17,,2025-11-11T14:11:28Z,2023,2023-01-01,2023-12-31
5510300,MDG_0000000017,COUNTRY,PNG,WPR,Western Pacific,YEAR,2007,,,,,,,,,154 [110-205],154,110,205,,2025-11-11T14:11:28Z,2007,2007-01-01,2007-12-31
5511200,MDG_0000000017,COUNTRY,MRT,AFR,Africa,YEAR,2023,,,,,,,,,10 [5.3-17],10,5.3,17,,2025-11-11T14:11:28Z,2023,2023-01-01,2023-12-31
5511222,MDG_0000000017,COUNTRY,GEO,EUR,Europe,YEAR,2014,,,,,,,,,4.9 [4.5-5.3],4.9,4.5,5.3,,2025-11-11T14:11:28Z,2014,2014-01-01,2014-12-31
5512787,MDG_0000000017,COUNTRY,LBR,AFR,Africa,YEAR,2002,,,,,,,,,25 [15-36],25,15,36,,2025-11-11T14:11:28Z,2002,2002-01-01,2002-12-31
5523958,MDG_0000000017,COUNTRY,HND,AMR,Americas,YEAR,2006,,,,,,,,,5.1 [4.2-6.1],5.1,4.2,6.1,,2025-11-11T14:11:28Z,2006,2006-01-01,2006-12-31
5532320,MDG_0000000017,COUNTRY,TGO,AFR,Africa,YEAR,2021,,,,,,,,,7.9 [3.1-15],7.9,3.1,15,,2025-11-11T14:11:28Z,2021,2021-01-01,2021-12-31
5538169,MDG_0000000017,COUNTRY,NIC,AMR,Americas,YEAR,2009,,,,,,,,,2.5 [2.4-2.6],2.5,2.4,2.6,,2025-11-11T14:11:28Z,2009,2009-01-01,2009-12-31
5549159,MDG_0000000017,COUNTRY,ARE,EMR,Eastern Mediterranean,YEAR,2002,,,,,,,,,0.71 [0.53-0.92],0.71,0.53,0.92,,2025-11-11T14:11:28Z,2002,2002-01-01,2002-12-31
5549795,MDG_0000000017,COUNTRY,GRC,EUR,Europe,YEAR,2005,,,,,,,,,0.89 [0.85-0.93],0.89,0.85,0.93,,2025-11-11T14:11:28Z,2005,2005-01-01,2005-12-31
5555509,MDG_0000000017,COUNTRY,KEN,AFR,Africa,YEAR,2015,,,,,,,,,64 [36-100],64,36,100,,2025-11-11T14:11:28Z,2015,2015-01-01,2015-12-31
5556086,MDG_0000000017,REGION,SEAR,,,YEAR,2023,,,,,,,,,24 [20-29],24,20,29,,2025-11-11T14:11:28Z,2023,2023-01-01,2023-12-31
5562499,MDG_0000000017,REGION,SEAR,,,YEAR,2015,,,,,,,,,30 [24-37],30,24,37,,2025-11-11T14:11:28Z,2015,2015-01-01,2015-12-31
5563403,MDG_0000000017,COUNTRY,TJK,EUR,Europe,YEAR,2007,,,,,,,,,12 [11-14],12,11,14,,2025-11-11T14:11:28Z,2007,2007-01-01,2007-12-31
5568149,MDG_0000000017,COUNTRY,MDV,SEAR,South-East Asia,YEAR,2008,,,,,,,,,2.3 [2-2.6],2.3,2,2.6,,2025-11-11T14:11:28Z,2008,2008-01-01,2008-12-31
5568211,MDG_0000000017,COUNTRY,NOR,EUR,Europe,YEAR,2015,,,,,,,,,0.22 [0.22-0.23],0.22,0.22,0.23,,2025-11-11T14:11:28Z,2015,2015-01-01,2015-12-31
5569330,MDG_0000000017,COUNTRY,TUR,EUR,Europe,YEAR,2008,,,,,,,,,1 [0.73-1.4],1,0.73,1.4,,2025-11-11T14:11:28Z,2008,2008-01-01,2008-12-31
5574559,MDG_0000000017,COUNTRY,LAO,WPR,Western Pacific,YEAR,2023,,,,,,,,,8.9 [4.5-15],8.9,4.5,15,,2025-11-11T14:11:28Z,2023,2023-01-01,2023-12-31
5576546,MDG_0000000017,REGION,AFR,,,YEAR,2012,,,,,,,,,49 [40-59],49,40,59,,2025-11-11T14:11:28Z,2012,2012-01-01,2012-12-31
5580149,MDG_0000000017,COUNTRY,SLE,AFR,Africa,YEAR,2019,,,,,,,,,74 [33-131],74,33,131,,2025-11-11T14:11:28Z,2019,2019-01-01,2019-12-31
5580283,MDG_0000000017,COUNTRY,PAK,EMR,Eastern Mediterranean,YEAR,2022,,,,,,,,,20 [16-25],20,16,25,,2025-11-11T14:11:28Z,2022,2022-01-01,2022-12-31
5582724,MDG_0000000017,COUNTRY,MNE,EUR,Europe,YEAR,2019,,,,,,,,,0.2 [0.18-0.22],0.2,0.18,0.22,,2025-11-11T14:11:28Z,2019,2019-01-01,2019-12-31
5586244,MDG_0000000017,COUNTRY,CHN,WPR,Western Pacific,YEAR,2024,,,,,,,,,1.7 [1.6-1.9],1.7,1.6,1.9,,2025-11-11T14:11:28Z,2024,2024-01-01,2024-12-31
5587452,MDG_0000000017,COUNTRY,QAT,EMR,Eastern Mediterranean,YEAR,2022,,,,,,,,,0.28 [0.22-0.35],0.28,0.22,0.35,,2025-11-11T14:11:28Z,2022,2022-01-01,2022-12-31
5587573,MDG_0000000017,COUNTRY,AZE,EUR,Europe,YEAR,2007,,,,,,,,,4.2 [3.7-4.7],4.2,3.7,4.7,,2025-11-11T14:11:28Z,2007,2007-01-01,2007-12-31
5588246,MDG_0000000017,COUNTRY,UZB,EUR,Europe,YEAR,2004,,,,,,,,,20 [13-29],20,13,29,,2025-11-11T14:11:28Z,2004,2004-01-01,2004-12-31
5592708,MDG_0000000017,COUNTRY,PSE,EMR,Eastern Mediterranean,YEAR,2019,,,,,,,,,0.1 [0.07-0.13],0.1,0.07,0.13,,2025-11-11T14:11:28Z,2019,2019-01-01,2019-12-31
5593995,MDG_0000000017,COUNTRY,DEU,EUR,Europe,YEAR,2015,,,,,,,,,0.39 [0.38-0.4],0.39,0.38,0.4,,2025-11-11T14:11:28Z,2015,2015-01-01,2015-12-31
5600839,MDG_0000000017,COUNTRY,MLI,AFR,Africa,YEAR,2019,,,,,,,,,10 [5.1-17],10,5.1,17,,2025-11-11T14:11:28Z,2019,2019-01-01,2019-12-31
5605623,MDG_0000000017,COUNTRY,GBR,EUR,Europe,YEAR,2004,,,,,,,,,0.75 [0.74-0.76],0.75,0.74,0.76,,2025-11-11T14:11:28Z,2004,2004-01-01,2004-12-31
5606083,MDG_0000000017,COUNTRY,LKA,SEAR,South-East Asia,YEAR,2021,,,,,,,,,3.5 [3.1-3.8],3.5,3.1,3.8,,2025-11-11T14:11:28Z,2021,2021-01-01,2021-12-31
5607481,MDG_0000000017,COUNTRY,ECU,AMR,Americas,YEAR,2013,,,,,,,,,3.3 [2.8-3.8],3.3,2.8,3.8,,2025-11-11T14:11:28Z,2013,2013-01-01,2013-12-31
5612753,MDG_0000000017,COUNTRY,BWA,AFR,Africa,YEAR,2014,,,,,,,,,37 [23-54],37,23,54,,2025-11-11T14:11:28Z,2014,2014-01-01,2014-12-31
5613240,MDG_0000000017,COUNTRY,TKM,EUR,Europe,YEAR,2014,,,,,,,,,10 [8.8-12],10,8.8,12,,2025-11-11T14:11:28Z,2014,2014-01-01,2014-12-31
5614635,MDG_0000000017,COUNTRY,LUX,EUR,Europe,YEAR,2018,,,,,,,,,0.28 [0.28-0.29],0.28,0.28,0.29,,2025-11-11T14:11:28Z,2018,2018-01-01,2018-12-31
5618527,MDG_0000000017,COUNTRY,AUS,WPR,Western Pacific,YEAR,2022,,,,,,,,,0.13 [0.13-0.13],0.13,0.13,0.13,,2025-11-11T14:11:28Z,2022,2022-01-01,2022-12-31
5620636,MDG_0000000017,COUNTRY,CAF,AFR,Africa,YEAR,2009,,,,,,,,,88 [32-170],88,32,170,,2025-11-11T14:11:28Z,2009,2009-01-01,2009-12-31
5627188,MDG_0000000017,COUNTRY,NOR,EUR,Europe,YEAR,2024,,,,,,,,,0.07 [0.07-0.07],0.07,0.07,0.07,,2025-11-11T14:11:28Z,2024,2024-01-01,2024-12-31
5627290,MDG_0000000017,COUNTRY,CHL,AMR,Americas,YEAR,2011,,,,,,,,,2.7 [2.7-2.7],2.7,2.7,2.7,,2025-11-11T14:11:28Z,2011,2011-01-01,2011-12-31
5632629,MDG_0000000017,COUNTRY,GTM,AMR,Americas,YEAR,2019,,,,,,,,,2.1 [1.9-2.2],2.1,1.9,2.2,,2025-11-11T14:11:28Z,2019,2019-01-01,2019-12-31
5633217,MDG_0000000017,COUNTRY,KAZ,EUR,Europe,YEAR,2015,,,,,,,,,4 [3.9-4.1],4,3.9,4.1,,2025-11-11T14:11:28Z,2015,2015-01-01,2015-12-31
5633381,MDG_0000000017,COUNTRY,GRC,EUR,Europe,YEAR,2020,,,,,,,,,0.35 [0.34-0.37],0.35,0.34,0.37,,2025-11-11T14:11:28Z,2020,2020-01-01,2020-12-31
5639637,MDG_0000000017,COUNTRY,PRI,AMR,Americas,YEAR,2019,,,,,,,,,0.16 [0.16-0.16],0.16,0.16,0.16,,2025-11-11T14:11:28Z,2019,2019-01-01,2019-12-31
5644073,MDG_0000000017,COUNTRY,SVN,EUR,Europe,YEAR,2018,,,,,,,,,0.3 [0.3-0.31],0.3,0.3,0.31,,2025-11-11T14:11:28Z,2018,2018-01-01,2018-12-31
5652442,MDG_0000000017,COUNTRY,RWA,AFR,Africa,YEAR,2002,,,,,,,,,5.8 [3.1-9.5],5.8,3.1,9.5,,2025-11-11T14:11:28Z,2002,2002-01-01,2002-12-31
5652601,MDG_0000000017,REGION,AMR,,,YEAR,2003,,,,,,,,,2.8 [2.7-2.9],2.8,2.7,2.9,,2025-11-11T14:11:28Z,2003,2003-01-01,2003-12-31
5665013,MDG_0000000017,COUNTRY,MWI,AFR,Africa,YEAR,2019,,,,,,,,,14 [7.3-23],14,7.3,23,,2025-11-11T14:11:28Z,2019,2019-01-01,2019-12-31
5669526,MDG_0000000017,COUNTRY,SDN,EMR,Eastern Mediterranean,YEAR,2017,,,,,,,,,13 [7.8-18],13,7.8,18,,2025-11-11T14:11:28Z,2017,2017-01-01,2017-12-31
5671659,MDG_0000000017,COUNTRY,UGA,AFR,Africa,YEAR,2023,,,,,,,,,8.7 [4.3-15],8.7,4.3,15,,2025-11-11T14:11:28Z,2023,2023-01-01,2023-12-31
5675691,MDG_0000000017,COUNTRY,BOL,AMR,Americas,YEAR,2014,,,,,,,,,12 [9.2-16],12,9.2,16,,2025-11-11T14:11:28Z,2014,2014-01-01,2014-12-31
5677259,MDG_0000000017,COUNTRY,ESP,EUR,Europe,YEAR,2019,,,,,,,,,0.47 [0.46-0.48],0.47,0.46,0.48,,2025-11-11T14:11:28Z,2019,2019-01-01,2019-12-31
5682877,MDG_0000000017,COUNTRY,AGO,AFR,Africa,YEAR,2011,,,,,,,,,106 [73-145],106,73,145,,2025-11-11T14:11:28Z,2011,2011-01-01,2011-12-31
5683691,MDG_0000000017,COUNTRY,MRT,AFR,Africa,YEAR,2000,,,,,,,,,46 [32-63],46,32,63,,2025-11-11T14:11:28Z,2000,2000-01-01,2000-12-31
5688603,MDG_0000000017,COUNTRY,CUB,AMR,Americas,YEAR,2013,,,,,,,,,0.41 [0.41-0.41],0.41,0.41,0.41,,2025-11-11T14:11:28Z,2013,2013-01-01,2013-12-31
5694099,MDG_0000000017,COUNTRY,BGR,EUR,Europe,YEAR,2005,,,,,,,,,3.9 [3.7-4.1],3.9,3.7,4.1,,2025-11-11T14:11:28Z,2005,2005-01-01,2005-12-31
5708263,MDG_0000000017,COUNTRY,GUY,AMR,Americas,YEAR,2011,,,,,,,,,15 [14-16],15,14,16,,2025-11-11T14:11:28Z,2011,2011-01-01,2011-12-31
5708794,MDG_0000000017,COUNTRY,ROU,EUR,Europe,YEAR,2000,,,,,,,,,9.5 [9.5-9.5],9.5,9.5,9.5,,2025-11-11T14:11:28Z,2000,2000-01-01,2000-12-31
5715576,MDG_0000000017,COUNTRY,BDI,AFR,Africa,YEAR,2009,,,,,,,,,27 [17-39],27,17,39,,2025-11-11T14:11:28Z,2009,2009-01-01,2009-12-31
5715588,MDG_0000000017,COUNTRY,GEO,EUR,Europe,YEAR,2012,,,,,,,,,6.6 [5.5-7.9],6.6,5.5,7.9,,2025-11-11T14:11:28Z,2012,2012-01-01,2012-12-31
5719300,MDG_0000000017,COUNTRY,CHL,AMR,Americas,YEAR,2013,,,,,,,,,2.7 [2.7-2.8],2.7,2.7,2.8,,2025-11-11T14:11:28Z,2013,2013-01-01,2013-12-31
5719611,MDG_0000000017,COUNTRY,JAM,AMR,Americas,YEAR,2005,,,,,,,,,0.76 [0.71-0.81],0.76,0.71,0.81,,2025-11-11T14:11:28Z,2005,2005-01-01,2005-12-31
5721233,MDG_0000000017,COUNTRY,MMR,SEAR,South-East Asia,YEAR,2002,,,,,,,,,195 [106-309],195,106,309,,2025-11-11T14:11:28Z,2002,2002-01-01,2002-12-31
5726362,MDG_0000000017,COUNTRY,ECU,AMR,Americas,YEAR,2024,,,,,,,,,4 [3.1-5],4,3.1,5,,2025-11-11T14:11:28Z,2024,2024-01-01,2024-12-31
5728266,MDG_0000000017,COUNTRY,VUT,WPR,Western Pacific,YEAR,2024,,,,,,,,,8.1 [2.8-16],8.1,2.8,16,,2025-11-11T14:11:28Z,2024,2024-01-01,2024-12-31
5732028,MDG_0000000017,COUNTRY,GNB,AFR,Africa,YEAR,2016,,,,,,,,,26 [18-36],26,18,36,,2025-11-11T14:11:28Z,2016,2016-01-01,2016-12-31
5733291,MDG_0000000017,COUNTRY,LSO,AFR,Africa,YEAR,2019,,,,,,,,,57 [32-88],57,32,88,,2025-11-11T14:11:28Z,2019,2019-01-01,2019-12-31
5734287,MDG_0000000017,COUNTRY,PSE,EMR,Eastern Mediterranean,YEAR,2024,,,,,,,,,0.04 [0.03-0.06],0.04,0.03,0.06,,2025-11-11T14:11:28Z,2024,2024-01-01,2024-12-31
5734392,MDG_0000000017,COUNTRY,GEO,EUR,Europe,YEAR,2017,,,,,,,,,4.2 [3.8-4.6],4.2,3.8,4.6,,2025-11-11T14:11:28Z,2017,2017-01-01,2017-12-31
5734587,MDG_0000000017,COUNTRY,FSM,WPR,Western Pacific,YEAR,2011,,,,,,,,,81 [56-111],81,56,111,,2025-11-11T14:11:28Z,2011,2011-01-01,2011-12-31
5747641,MDG_0000000017,COUNTRY,NOR,EUR,Europe,YEAR,2005,,,,,,,,,0.95 [0.93-0.97],0.95,0.93,0.97,,2025-11-11T14:11:28Z,2005,2005-01-01,2005-12-31
5750948,MDG_0000000017,COUNTRY,CIV,AFR,Africa,YEAR,2024,,,,,,,,,13 [7.9-20],13,7.9,20,,2025-11-11T14:11:28Z,2024,2024-01-01,2024-12-31
5760183,MDG_0000000017,COUNTRY,CYP,EUR,Europe,YEAR,2011,,,,,,,,,0.33 [0.29-0.36],0.33,0.29,0.36,,2025-11-11T14:11:28Z,2011,2011-01-01,2011-12-31
5771239,MDG_0000000017,COUNTRY,ZAF,AFR,Africa,YEAR,2020,,,,,,,,,38 [36-40],38,36,40,,2025-11-11T14:11:28Z,2020,2020-01-01,2020-12-31
5777145,MDG_0000000017,COUNTRY,CRI,AMR,Americas,YEAR,2014,,,,,,,,,0.94 [0.93-0.95],0.94,0.93,0.95,,2025-11-11T14:11:28Z,2014,2014-01-01,2014-12-31
5777146,MDG_0000000017,COUNTRY,COD,AFR,Africa,YEAR,2024,,,,,,,,,54 [25-94],54,25,94,,2025-11-11T14:11:28Z,2024,2024-01-01,2024-12-31
5784083,MDG_0000000017,COUNTRY,CUB,AMR,Americas,YEAR,2017,,,,,,,,,0.35 [0.35-0.35],0.35,0.35,0.35,,2025-11-11T14:11:28Z,2017,2017-01-01,2017-12-31
5789827,MDG_0000000017,COUNTRY,KWT,EMR,Eastern Mediterranean,YEAR,2013,,,,,,,,,0.18 [0.18-0.19],0.18,0.18,0.19,,2025-11-11T14:11:28Z,2013,2013-01-01,2013-12-31
5802266,MDG_0000000017,REGION,AFR,,,YEAR,2000,,,,,,,,,61 [47-76],61,47,76,,2025-11-11T14:11:28Z,2000,2000-01-01,2000-12-31
5804370,MDG_0000000017,COUNTRY,BDI,AFR,Africa,YEAR,2003,,,,,,,,,32 [20-46],32,20,46,,2025-11-11T14:11:28Z,2003,2003-01-01,2003-12-31
5810954,MDG_0000000017,COUNTRY,POL,EUR,Europe,YEAR,2013,,,,,,,,,1.5 [1.5-1.6],1.5,1.5,1.6,,2025-11-11T14:11:28Z,2013,2013-01-01,2013-12-31
5816312,MDG_0000000017,COUNTRY,COD,AFR,Africa,YEAR,2005,,,,,,,,,133 [54-247],133,54,247,,2025-11-11T14:11:28Z,2005,2005-01-01,2005-12-31
5816509,MDG_0000000017,COUNTRY,IRQ,EMR,Eastern Mediterranean,YEAR,2024,,,,,,,,,1.5 [1.3-1.7],1.5,1.3,1.7,,2025-11-11T14:11:28Z,2024,2024-01-01,2024-12-31
5834049,MDG_0000000017,COUNTRY,TJK,EUR,Europe,YEAR,2012,,,,,,,,,10 [9.2-11],10,9.2,11,,2025-11-11T14:11:28Z,2012,2012-01-01,2012-12-31
5840845,MDG_0000000017,COUNTRY,IRL,EUR,Europe,YEAR,2004,,,,,,,,,0.98 [0.98-0.98],0.98,0.98,0.98,,2025-11-11T14:11:28Z,2004,2004-01-01,2004-12-31
5847043,MDG_0000000017,COUNTRY,SSD,AFR,Africa,YEAR,2017,,,,,,,,,104 [45-187],104,45,187,,2025-11-11T14:11:28Z,2017,2017-01-01,2017-12-31
5858736,MDG_0000000017,COUNTRY,KWT,EMR,Eastern Mediterranean,YEAR,2016,,,,,,,,,0.47 [0.45-0.49],0.47,0.45,0.49,,2025-11-11T14:11:28Z,2016,2016-01-01,2016-12-31
5860947,MDG_0000000017,COUNTRY,MAC,,,YEAR,2013,,,,,,,,,23 [16-31],23,16,31,,2025-11-11T14:11:28Z,2013,2013-01-01,2013-12-31
5872274,MDG_0000000017,COUNTRY,EGY,EMR,Eastern Mediterranean,YEAR,2014,,,,,,,,,0.31 [0.29-0.33],0.31,0.29,0.33,,2025-11-11T14:11:28Z,2014,2014-01-01,2014-12-31
5873436,MDG_0000000017,COUNTRY,UKR,EUR,Europe,YEAR,2001,,,,,,,,,23 [23-23],23,23,23,,2025-11-11T14:11:28Z,2001,2001-01-01,2001-12-31
5874067,MDG_0000000017,COUNTRY,STP,AFR,Africa,YEAR,2016,,,,,,,,,31 [21-42],31,21,42,,2025-11-11T14:11:28Z,2016,2016-01-01,2016-12-31
5878879,MDG_0000000017,COUNTRY,SLE,AFR,Africa,YEAR,2024,,,,,,,,,48 [22-85],48,22,85,,2025-11-11T14:11:28Z,2024,2024-01-01,2024-12-31
5880834,MDG_0000000017,COUNTRY,CIV,AFR,Africa,YEAR,2017,,,,,,,,,24 [16-33],24,16,33,,2025-11-11T14:11:28Z,2017,2017-01-01,2017-12-31
5885929,MDG_0000000017,COUNTRY,ZAF,AFR,Africa,YEAR,2015,,,,,,,,,36 [34-38],36,34,38,,2025-11-11T14:11:28Z,2015,2015-01-01,2015-12-31
5886394,MDG_0000000017,REGION,AMR,,,YEAR,2024,,,,,,,,,2.1 [2-2.3],2.1,2,2.3,,2025-11-11T14:11:28Z,2024,2024-01-01,2024-12-31
5904001,MDG_0000000017,COUNTRY,ETH,AFR,Africa,YEAR,2020,,,,,,,,,18 [11-26],18,11,26,,2025-11-11T14:11:28Z,2020,2020-01-01,2020-12-31
5904844,MDG_0000000017,COUNTRY,TKM,EUR,Europe,YEAR,2006,,,,,,,,,19 [15-22],19,15,22,,2025-11-11T14:11:28Z,2006,2006-01-01,2006-12-31
5905994,MDG_0000000017,COUNTRY,KIR,WPR,Western Pacific,YEAR,2000,,,,,,,,,47 [42-51],47,42,51,,2025-11-11T14:11:28Z,2000,2000-01-01,2000-12-31
5912202,MDG_0000000017,COUNTRY,SUR,AMR,Americas,YEAR,2011,,,,,,,,,2.5 [2.3-2.7],2.5,2.3,2.7,,2025-11-11T14:11:28Z,2011,2011-01-01,2011-12-31
5917527,MDG_0000000017,COUNTRY,ERI,AFR,Africa,YEAR,2003,,,,,,,,,204 [134-288],204,134,288,,2025-11-11T14:11:28Z,2003,2003-01-01,2003-12-31
5922350,MDG_0000000017,COUNTRY,SWE,EUR,Europe,YEAR,2020,,,,,,,,,0.13 [0.13-0.13],0.13,0.13,0.13,,2025-11-11T14:11:28Z,2020,2020-01-01,2020-12-31
5936311,MDG_0000000017,COUNTRY,PAK,EMR,Eastern Mediterranean,YEAR,2003,,,,,,,,,35 [31-39],35,31,39,,2025-11-11T14:11:28Z,2003,2003-01-01,2003-12-31
5936492,MDG_0000000017,COUNTRY,LVA,EUR,Europe,YEAR,2016,,,,,,,,,4.1 [4-4.2],4.1,4,4.2,,2025-11-11T14:11:28Z,2016,2016-01-01,2016-12-31
5937149,MDG_0000000017,COUNTRY,BLZ,AMR,Americas,YEAR,2012,,,,,,,,,2 [2-2],2,2,2,,2025-11-11T14:11:28Z,2012,2012-01-01,2012-12-31
5937496,MDG_0000000017,COUNTRY,TGO,AFR,Africa,YEAR,2017,,,,,,,,,8.7 [4.2-15],8.7,4.2,15,,2025-11-11T14:11:28Z,2017,2017-01-01,2017-12-31
5949776,MDG_0000000017,COUNTRY,TUR,EUR,Europe,YEAR,2011,,,,,,,,,1.1 [1-1.2],1.1,1,1.2,,2025-11-11T14:11:28Z,2011,2011-01-01,2011-12-31
5961015,MDG_0000000017,COUNTRY,STP,AFR,Africa,YEAR,2020,,,,,,,,,12 [8-16],12,8,16,,2025-11-11T14:11:28Z,2020,2020-01-01,2020-12-31
5961154,MDG_0000000017,COUNTRY,JOR,EMR,Eastern Mediterranean,YEAR,2008,,,,,,,,,0.52 [0.41-0.65],0.52,0.41,0.65,,2025-11-11T14:11:28Z,2008,2008-01-01,2008-12-31
5962669,MDG_0000000017,COUNTRY,GEO,EUR,Europe,YEAR,2019,,,,,,,,,3.8 [3.5-4.2],3.8,3.5,4.2,,2025-11-11T14:11:28Z,2019,2019-01-01,2019-12-31
5967974,MDG_0000000017,COUNTRY,NPL,SEAR,South-East Asia,YEAR,2001,,,,,,,,,126 [82-181],126,82,181,,2025-11-11T14:11:28Z,2001,2001-01-01,2001-12-31
5969427,MDG_0000000017,COUNTRY,BRN,WPR,Western Pacific,YEAR,2009,,,,,,,,,3.4 [2.9-3.9],3.4,2.9,3.9,,2025-11-11T14:11:28Z,2009,2009-01-01,2009-12-31
5973231,MDG_0000000017,COUNTRY,IRL,EUR,Europe,YEAR,2015,,,,,,,,,0.39 [0.38-0.39],0.39,0.38,0.39,,2025-11-11T14:11:28Z,2015,2015-01-01,2015-12-31
5985786,MDG_0000000017,COUNTRY,NPL,SEAR,South-East Asia,YEAR,2005,,,,,,,,,99 [61-146],99,61,146,,2025-11-11T14:11:28Z,2005,2005-01-01,2005-12-31
5986180,MDG_0000000017,COUNTRY,MNE,EUR,Europe,YEAR,2023,,,,,,,,,0.19 [0.01-0.59],0.19,0.01,0.59,,2025-11-11T14:11:28Z,2023,2023-01-01,2023-12-31
5986541,MDG_0000000017,COUNTRY,CHE,EUR,Europe,YEAR,2021,,,,,,,,,0.18 [0.18-0.19],0.18,0.18,0.19,,2025-11-11T14:11:28Z,2021,2021-01-01,2021-12-31
5999640,MDG_0000000017,COUNTRY,LVA,EUR,Europe,YEAR,2015,,,,,,,,,5 [4.9-5.1],5,4.9,5.1,,2025-11-11T14:11:28Z,2015,2015-01-01,2015-12-31
6006207,MDG_0000000017,COUNTRY,BLZ,AMR,Americas,YEAR,2015,,,,,,,,,2 [2-2],2,2,2,,2025-11-11T14:11:28Z,2015,2015-01-01,2015-12-31
6017611,MDG_0000000017,COUNTRY,BHR,EMR,Eastern Mediterranean,YEAR,2018,,,,,,,,,0.51 [0.48-0.55],0.51,0.48,0.55,,2025-11-11T14:11:28Z,2018,2018-01-01,2018-12-31
6018479,MDG_0000000017,COUNTRY,ISR,EUR,Europe,YEAR,2017,,,,,,,,,0.15 [0.14-0.15],0.15,0.14,0.15,,2025-11-11T14:11:28Z,2017,2017-01-01,2017-12-31
6023980,MDG_0000000017,COUNTRY,MNE,EUR,Europe,YEAR,2015,,,,,,,,,0.2 [0.18-0.22],0.2,0.18,0.22,,2025-11-11T14:11:28Z,2015,2015-01-01,2015-12-31
6026701,MDG_0000000017,COUNTRY,GUY,AMR,Americas,YEAR,2002,,,,,,,,,14 [13-15],14,13,15,,2025-11-11T14:11:28Z,2002,2002-01-01,2002-12-31
6030797,MDG_0000000017,COUNTRY,NLD,EUR,Europe,YEAR,2004,,,,,,,,,0.5 [0.49-0.51],0.5,0.49,0.51,,2025-11-11T14:11:28Z,2004,2004-01-01,2004-12-31
6037384,MDG_0000000017,COUNTRY,QAT,EMR,Eastern Mediterranean,YEAR,2003,,,,,,,,,0.48 [0.4-0.55],0.48,0.4,0.55,,2025-11-11T14:11:28Z,2003,2003-01-01,2003-12-31
6050329,MDG_0000000017,COUNTRY,EST,EUR,Europe,YEAR,2016,,,,,,,,,2.1 [2.1-2.2],2.1,2.1,2.2,,2025-11-11T14:11:28Z,2016,2016-01-01,2016-12-31
6056935,MDG_0000000017,COUNTRY,YEM,EMR,Eastern Mediterranean,YEAR,2020,,,,,,,,,11 [7.6-14],11,7.6,14,,2025-11-11T14:11:28Z,2020,2020-01-01,2020-12-31
6064741,MDG_0000000017,COUNTRY,LAO,WPR,Western Pacific,YEAR,2005,,,,,,,,,89 [53-136],89,53,136,,2025-11-11T14:11:28Z,2005,2005-01-01,2005-12-31
6069283,MDG_0000000017,COUNTRY,BHR,EMR,Eastern Mediterranean,YEAR,2004,,,,,,,,,1.2 [1.1-1.3],1.2,1.1,1.3,,2025-11-11T14:11:28Z,2004,2004-01-01,2004-12-31
6070942,MDG_0000000017,COUNTRY,VEN,AMR,Americas,YEAR,2000,,,,,,,,,2.7 [2.7-2.8],2.7,2.7,2.8,,2025-11-11T14:11:28Z,2000,2000-01-01,2000-12-31
6074928,MDG_0000000017,COUNTRY,QAT,EMR,Eastern Mediterranean,YEAR,2019,,,,,,,,,0.28 [0.22-0.35],0.28,0.22,0.35,,2025-11-11T14:11:28Z,2019,2019-01-01,2019-12-31
6081307,MDG_0000000017,COUNTRY,KHM,WPR,Western Pacific,YEAR,2013,,,,,,,,,22 [11-37],22,11,37,,2025-11-11T14:11:28Z,2013,2013-01-01,2013-12-31
6088806,MDG_0000000017,COUNTRY,BEN,AFR,Africa,YEAR,2000,,,,,,,,,11 [5.2-19],11,5.2,19,,2025-11-11T14:11:28Z,2000,2000-01-01,2000-12-31
6093516,MDG_0000000017,COUNTRY,MUS,AFR,Africa,YEAR,2015,,,,,,,,,1.2 [1.2-1.3],1.2,1.2,1.3,,2025-11-11T14:11:28Z,2015,2015-01-01,2015-12-31
6094221,MDG_0000000017,COUNTRY,BEL,EUR,Europe,YEAR,2008,,,,,,,,,0.73 [0.72-0.74],0.73,0.72,0.74,,2025-11-11T14:11:28Z,2008,2008-01-01,2008-12-31
6094294,MDG_0000000017,COUNTRY,NIC,AMR,Americas,YEAR,2008,,,,,,,,,2.5 [2.4-2.5],2.5,2.4,2.5,,2025-11-11T14:11:28Z,2008,2008-01-01,2008-12-31
6094947,MDG_0000000017,COUNTRY,PHL,WPR,Western Pacific,YEAR,2013,,,,,,,,,29 [27-31],29,27,31,,2025-11-11T14:11:28Z,2013,2013-01-01,2013-12-31
6095790,MDG_0000000017,COUNTRY,BDI,AFR,Africa,YEAR,2017,,,,,,,,,19 [12-27],19,12,27,,2025-11-11T14:11:28Z,2017,2017-01-01,2017-12-31
6102126,MDG_0000000017,COUNTRY,BLZ,AMR,Americas,YEAR,2003,,,,,,,,,5.5 [5.5-5.6],5.5,5.5,5.6,,2025-11-11T14:11:28Z,2003,2003-01-01,2003-12-31
6108534,MDG_0000000017,COUNTRY,BGR,EUR,Europe,YEAR,2018,,,,,,,,,1.5 [1.4-1.5],1.5,1.4,1.5,,2025-11-11T14:11:28Z,2018,2018-01-01,2018-12-31
6108542,MDG_0000000017,COUNTRY,CAN,AMR,Americas,YEAR,2014,,,,,,,,,0.3 [0.3-0.3],0.3,0.3,0.3,,2025-11-11T14:11:28Z,2014,2014-01-01,2014-12-31
6119255,MDG_0000000017,REGION,AMR,,,YEAR,2004,,,,,,,,,2.6 [2.5-2.8],2.6,2.5,2.8,,2025-11-11T14:11:28Z,2004,2004-01-01,2004-12-31
6131245,MDG_0000000017,COUNTRY,SLB,WPR,Western Pacific,YEAR,2006,,,,,,,,,86 [59-118],86,59,118,,2025-11-11T14:11:28Z,2006,2006-01-01,2006-12-31
6132993,MDG_0000000017,COUNTRY,BRA,AMR,Americas,YEAR,2012,,,,,,,,,2.6 [2.5-2.7],2.6,2.5,2.7,,2025-11-11T14:11:28Z,2012,2012-01-01,2012-12-31
6133295,MDG_0000000017,COUNTRY,MUS,AFR,Africa,YEAR,2018,,,,,,,,,1.3 [1.3-1.3],1.3,1.3,1.3,,2025-11-11T14:11:28Z,2018,2018-01-01,2018-12-31
6139031,MDG_0000000017,COUNTRY,SLE,AFR,Africa,YEAR,2015,,,,,,,,,107 [46-194],107,46,194,,2025-11-11T14:11:28Z,2015,2015-01-01,2015-12-31
6144326,MDG_0000000017,COUNTRY,LSO,AFR,Africa,YEAR,2004,,,,,,,,,82 [29-163],82,29,163,,2025-11-11T14:11:28Z,2004,2004-01-01,2004-12-31
6144575,MDG_0000000017,COUNTRY,USA,AMR,Americas,YEAR,2019,,,,,,,,,0.17 [0.16-0.17],0.17,0.16,0.17,,2025-11-11T14:11:28Z,2019,2019-01-01,2019-12-31
6144576,MDG_0000000017,COUNTRY,ISR,EUR,Europe,YEAR,2004,,,,,,,,,0.65 [0.63-0.67],0.65,0.63,0.67,,2025-11-11T14:11:28Z,2004,2004-01-01,2004-12-31
6145611,MDG_0000000017,COUNTRY,KHM,WPR,Western Pacific,YEAR,2008,,,,,,,,,27 [12-48],27,12,48,,2025-11-11T14:11:28Z,2008,2008-01-01,2008-12-31
6146623,MDG_0000000017,COUNTRY,KAZ,EUR,Europe,YEAR,2000,,,,,,,,,27 [26-28],27,26,28,,2025-11-11T14:11:28Z,2000,2000-01-01,2000-12-31
6150036,MDG_0000000017,COUNTRY,AFG,EMR,Eastern Mediterranean,YEAR,2008,,,,,,,,,58 [42-78],58,42,78,,2025-11-11T14:11:28Z,2008,2008-01-01,2008-12-31
6151982,MDG_0000000017,COUNTRY,SYR,EMR,Eastern Mediterranean,YEAR,2022,,,,,,,,,0.13 [0.12-0.15],0.13,0.12,0.15,,2025-11-11T14:11:28Z,2022,2022-01-01,2022-12-31
6153077,MDG_0000000017,COUNTRY,AZE,EUR,Europe,YEAR,2005,,,,,,,,,9.3 [8.2-10],9.3,8.2,10,,2025-11-11T14:11:28Z,2005,2005-01-01,2005-12-31
6157732,MDG_0000000017,COUNTRY,CPV,AFR,Africa,YEAR,2016,,,,,,,,,4.3 [3.7-4.8],4.3,3.7,4.8,,2025-11-11T14:11:28Z,2016,2016-01-01,2016-12-31
6163968,MDG_0000000017,COUNTRY,GNB,AFR,Africa,YEAR,2018,,,,,,,,,27 [18-36],27,18,36,,2025-11-11T14:11:28Z,2018,2018-01-01,2018-12-31
6164232,MDG_0000000017,COUNTRY,SLE,AFR,Africa,YEAR,2009,,,,,,,,,124 [53-225],124,53,225,,2025-11-11T14:11:28Z,2009,2009-01-01,2009-12-31
6165338,MDG_0000000017,COUNTRY,JOR,EMR,Eastern Mediterranean,YEAR,2019,,,,,,,,,0.09 [0.07-0.1],0.09,0.07,0.1,,2025-11-11T14:11:28Z,2019,2019-01-01,2019-12-31
6171112,MDG_0000000017,COUNTRY,ISR,EUR,Europe,YEAR,2016,,,,,,,,,0.18 [0.17-0.18],0.18,0.17,0.18,,2025-11-11T14:11:28Z,2016,2016-01-01,2016-12-31
6176567,MDG_0000000017,COUNTRY,TJK,EUR,Europe,YEAR,2018,,,,,,,,,8.2 [7.3-9.1],8.2,7.3,9.1,,2025-11-11T14:11:28Z,2018,2018-01-01,2018-12-31
6184791,MDG_0000000017,COUNTRY,FJI,WPR,Western Pacific,YEAR,2002,,,,,,,,,2.2 [1.9-2.5],2.2,1.9,2.5,,2025-11-11T14:11:28Z,2002,2002-01-01,2002-12-31
6189306,MDG_0000000017,COUNTRY,KEN,AFR,Africa,YEAR,2023,,,,,,,,,28 [14-47],28,14,47,,2025-11-11T14:11:28Z,2023,2023-01-01,2023-12-31
6190138,MDG_0000000017,COUNTRY,MAR,EMR,Eastern Mediterranean,YEAR,2005,,,,,,,,,7.1 [4.1-11],7.1,4.1,11,,2025-11-11T14:11:28Z,2005,2005-01-01,2005-12-31
6195780,MDG_0000000017,COUNTRY,JPN,WPR,Western Pacific,YEAR,2010,,,,,,,,,3 [2.9-3.1],3,2.9,3.1,,2025-11-11T14:11:28Z,2010,2010-01-01,2010-12-31
6196483,MDG_0000000017,COUNTRY,GEO,EUR,Europe,YEAR,2020,,,,,,,,,2.2 [2-2.4],2.2,2,2.4,,2025-11-11T14:11:28Z,2020,2020-01-01,2020-12-31
6202184,MDG_0000000017,WORLDBANKINCOMEGROUP,WB_LMI,,,YEAR,2001,,,,,,,,,62 [52-72],62,52,72,,2025-11-11T14:11:28Z,2001,2001-01-01,2001-12-31
6202983,MDG_0000000017,COUNTRY,BEL,EUR,Europe,YEAR,2006,,,,,,,,,0.58 [0.57-0.6],0.58,0.57,0.6,,2025-11-11T14:11:28Z,2006,2006-01-01,2006-12-31
6203471,MDG_0000000017,COUNTRY,PRI,AMR,Americas,YEAR,2020,,,,,,,,,0.17 [0.17-0.17],0.17,0.17,0.17,,2025-11-11T14:11:28Z,2020,2020-01-01,2020-12-31
6203572,MDG_0000000017,COUNTRY,TGO,AFR,Africa,YEAR,2006,,,,,,,,,13 [6.9-20],13,6.9,20,,2025-11-11T14:11:28Z,2006,2006-01-01,2006-12-31
6208954,MDG_0000000017,COUNTRY,PAK,EMR,Eastern Mediterranean,YEAR,2008,,,,,,,,,29 [25-33],29,25,33,,2025-11-11T14:11:28Z,2008,2008-01-01,2008-12-31
6209990,MDG_0000000017,COUNTRY,LBN,EMR,Eastern Mediterranean,YEAR,2014,,,,,,,,,2.4 [1.6-3.3],2.4,1.6,3.3,,2025-11-11T14:11:28Z,2014,2014-01-01,2014-12-31
6213353,MDG_0000000017,COUNTRY,NGA,AFR,Africa,YEAR,2022,,,,,,,,,41 [25-62],41,25,62,,2025-11-11T14:11:28Z,2022,2022-01-01,2022-12-31
6219784,MDG_0000000017,COUNTRY,DZA,AFR,Africa,YEAR,2010,,,,,,,,,16 [11-22],16,11,22,,2025-11-11T14:11:28Z,2010,2010-01-01,2010-12-31
6220837,MDG_0000000017,COUNTRY,SYR,EMR,Eastern Mediterranean,YEAR,2020,,,,,,,,,0.13 [0.12-0.15],0.13,0.12,0.15,,2025-11-11T14:11:28Z,2020,2020-01-01,2020-12-31
6221940,MDG_0000000017,COUNTRY,LSO,AFR,Africa,YEAR,2017,,,,,,,,,46 [26-72],46,26,72,,2025-11-11T14:11:28Z,2017,2017-01-01,2017-12-31
6222156,MDG_0000000017,COUNTRY,MRT,AFR,Africa,YEAR,2014,,,,,,,,,22 [14-31],22,14,31,,2025-11-11T14:11:28Z,2014,2014-01-01,2014-12-31
6226884,MDG_0000000017,COUNTRY,ISR,EUR,Europe,YEAR,2006,,,,,,,,,0.54 [0.52-0.57],0.54,0.52,0.57,,2025-11-11T14:11:28Z,2006,2006-01-01,2006-12-31
6232362,MDG_0000000017,COUNTRY,THA,SEAR,South-East Asia,YEAR,2000,,,,,,,,,20 [11-31],20,11,31,,2025-11-11T14:11:28Z,2000,2000-01-01,2000-12-31
6240121,MDG_0000000017,COUNTRY,SWE,EUR,Europe,YEAR,2006,,,,,,,,,0.73 [0.72-0.74],0.73,0.72,0.74,,2025-11-11T14:11:28Z,2006,2006-01-01,2006-12-31
6240244,MDG_0000000017,COUNTRY,LVA,EUR,Europe,YEAR,2011,,,,,,,,,4 [3.8-4.2],4,3.8,4.2,,2025-11-11T14:11:28Z,2011,2011-01-01,2011-12-31
6251814,MDG_0000000017,COUNTRY,VUT,WPR,Western Pacific,YEAR,2011,,,,,,,,,39 [29-51],39,29,51,,2025-11-11T14:11:28Z,2011,2011-01-01,2011-12-31
6252000,MDG_0000000017,COUNTRY,DOM,AMR,Americas,YEAR,2021,,,,,,,,,2.6 [1.5-3.9],2.6,1.5,3.9,,2025-11-11T14:11:28Z,2021,2021-01-01,2021-12-31
6258612,MDG_0000000017,COUNTRY,MDV,SEAR,South-East Asia,YEAR,2011,,,,,,,,,2.6 [2.3-2.8],2.6,2.3,2.8,,2025-11-11T14:11:28Z,2011,2011-01-01,2011-12-31
6258715,MDG_0000000017,COUNTRY,ZAF,AFR,Africa,YEAR,2011,,,,,,,,,47 [45-49],47,45,49,,2025-11-11T14:11:28Z,2011,2011-01-01,2011-12-31
6265207,MDG_0000000017,WORLDBANKINCOMEGROUP,WB_LI,,,YEAR,2008,,,,,,,,,54 [39-72],54,39,72,,2025-11-11T14:11:28Z,2008,2008-01-01,2008-12-31
6277927,MDG_0000000017,COUNTRY,AFG,EMR,Eastern Mediterranean,YEAR,2020,,,,,,,,,37 [26-49],37,26,49,,2025-11-11T14:11:28Z,2020,2020-01-01,2020-12-31
6283741,MDG_0000000017,COUNTRY,BRA,AMR,Americas,YEAR,2000,,,,,,,,,4.2 [3.7-4.7],4.2,3.7,4.7,,2025-11-11T14:11:28Z,2000,2000-01-01,2000-12-31
6283790,MDG_0000000017,COUNTRY,AUT,EUR,Europe,YEAR,2009,,,,,,,,,0.58 [0.57-0.58],0.58,0.57,0.58,,2025-11-11T14:11:28Z,2009,2009-01-01,2009-12-31
6284129,MDG_0000000017,COUNTRY,MDG,AFR,Africa,YEAR,2021,,,,,,,,,38 [27-51],38,27,51,,2025-11-11T14:11:28Z,2021,2021-01-01,2021-12-31
6284516,MDG_0000000017,COUNTRY,NAM,AFR,Africa,YEAR,2012,,,,,,,,,75 [48-108],75,48,108,,2025-11-11T14:11:28Z,2012,2012-01-01,2012-12-31
6289766,MDG_0000000017,REGION,EMR,,,YEAR,2023,,,,,,,,,10 [8.8-12],10,8.8,12,,2025-11-11T14:11:28Z,2023,2023-01-01,2023-12-31
6297771,MDG_0000000017,COUNTRY,GHA,AFR,Africa,YEAR,2009,,,,,,,,,43 [20-76],43,20,76,,2025-11-11T14:11:28Z,2009,2009-01-01,2009-12-31
6298048,MDG_0000000017,COUNTRY,BHR,EMR,Eastern Mediterranean,YEAR,2001,,,,,,,,,1.6 [1.4-1.9],1.6,1.4,1.9,,2025-11-11T14:11:28Z,2001,2001-01-01,2001-12-31
6305164,MDG_0000000017,COUNTRY,BTN,SEAR,South-East Asia,YEAR,2022,,,,,,,,,33 [22-44],33,22,44,,2025-11-11T14:11:28Z,2022,2022-01-01,2022-12-31
6309320,MDG_0000000017,COUNTRY,GMB,AFR,Africa,YEAR,2005,,,,,,,,,22 [14-33],22,14,33,,2025-11-11T14:11:28Z,2005,2005-01-01,2005-12-31
6310626,MDG_0000000017,COUNTRY,NIC,AMR,Americas,YEAR,2020,,,,,,,,,1.3 [1.3-1.3],1.3,1.3,1.3,,2025-11-11T14:11:28Z,2020,2020-01-01,2020-12-31
6316545,MDG_0000000017,COUNTRY,POL,EUR,Europe,YEAR,2021,,,,,,,,,1.3 [1.2-1.4],1.3,1.2,1.4,,2025-11-11T14:11:28Z,2021,2021-01-01,2021-12-31
6316991,MDG_0000000017,COUNTRY,MLI,AFR,Africa,YEAR,2009,,,,,,,,,13 [7.2-20],13,7.2,20,,2025-11-11T14:11:28Z,2009,2009-01-01,2009-12-31
6317547,MDG_0000000017,COUNTRY,HRV,EUR,Europe,YEAR,2015,,,,,,,,,1.1 [1.1-1.1],1.1,1.1,1.1,,2025-11-11T14:11:28Z,2015,2015-01-01,2015-12-31
6321271,MDG_0000000017,COUNTRY,COD,AFR,Africa,YEAR,2010,,,,,,,,,118 [49-218],118,49,218,,2025-11-11T14:11:28Z,2010,2010-01-01,2010-12-31
6327869,MDG_0000000017,COUNTRY,SAU,EMR,Eastern Mediterranean,YEAR,2005,,,,,,,,,1.9 [1.5-2.2],1.9,1.5,2.2,,2025-11-11T14:11:28Z,2005,2005-01-01,2005-12-31
6327941,MDG_0000000017,COUNTRY,TCD,AFR,Africa,YEAR,2015,,,,,,,,,28 [19-39],28,19,39,,2025-11-11T14:11:28Z,2015,2015-01-01,2015-12-31
6330386,MDG_0000000017,REGION,EMR,,,YEAR,2007,,,,,,,,,18 [16-20],18,16,20,,2025-11-11T14:11:28Z,2007,2007-01-01,2007-12-31
6336259,MDG_0000000017,COUNTRY,KGZ,EUR,Europe,YEAR,2016,,,,,,,,,6.3 [6.2-6.4],6.3,6.2,6.4,,2025-11-11T14:11:28Z,2016,2016-01-01,2016-12-31
6348842,MDG_0000000017,COUNTRY,NPL,SEAR,South-East Asia,YEAR,2014,,,,,,,,,64 [37-99],64,37,99,,2025-11-11T14:11:28Z,2014,2014-01-01,2014-12-31
6349116,MDG_0000000017,COUNTRY,BDI,AFR,Africa,YEAR,2013,,,,,,,,,25 [17-36],25,17,36,,2025-11-11T14:11:28Z,2013,2013-01-01,2013-12-31
6353783,MDG_0000000017,COUNTRY,MAR,EMR,Eastern Mediterranean,YEAR,2012,,,,,,,,,7.1 [4.1-11],7.1,4.1,11,,2025-11-11T14:11:28Z,2012,2012-01-01,2012-12-31
6355991,MDG_0000000017,COUNTRY,BIH,EUR,Europe,YEAR,2009,,,,,,,,,5.2 [4.8-5.5],5.2,4.8,5.5,,2025-11-11T14:11:28Z,2009,2009-01-01,2009-12-31
6359711,MDG_0000000017,COUNTRY,STP,AFR,Africa,YEAR,2014,,,,,,,,,31 [21-43],31,21,43,,2025-11-11T14:11:28Z,2014,2014-01-01,2014-12-31
6360537,MDG_0000000017,COUNTRY,NLD,EUR,Europe,YEAR,2001,,,,,,,,,0.57 [0.55-0.59],0.57,0.55,0.59,,2025-11-11T14:11:28Z,2001,2001-01-01,2001-12-31
6360894,MDG_0000000017,COUNTRY,HKG,,,YEAR,2017,,,,,,,,,2.6 [2.6-2.6],2.6,2.6,2.6,,2025-11-11T14:11:28Z,2017,2017-01-01,2017-12-31
6367228,MDG_0000000017,COUNTRY,GIN,AFR,Africa,YEAR,2017,,,,,,,,,24 [17-33],24,17,33,,2025-11-11T14:11:28Z,2017,2017-01-01,2017-12-31
6367617,MDG_0000000017,COUNTRY,BWA,AFR,Africa,YEAR,2011,,,,,,,,,43 [26-64],43,26,64,,2025-11-11T14:11:28Z,2011,2011-01-01,2011-12-31
6373312,MDG_0000000017,COUNTRY,JPN,WPR,Western Pacific,YEAR,2000,,,,,,,,,4 [3.9-4.1],4,3.9,4.1,,2025-11-11T14:11:28Z,2000,2000-01-01,2000-12-31
6381174,MDG_0000000017,COUNTRY,ZMB,AFR,Africa,YEAR,2013,,,,,,,,,30 [18-46],30,18,46,,2025-11-11T14:11:28Z,2013,2013-01-01,2013-12-31
6386116,MDG_0000000017,COUNTRY,BGD,SEAR,South-East Asia,YEAR,2023,,,,,,,,,26 [16-38],26,16,38,,2025-11-11T14:11:28Z,2023,2023-01-01,2023-12-31
6392924,MDG_0000000017,COUNTRY,MMR,SEAR,South-East Asia,YEAR,2017,,,,,,,,,50 [30-75],50,30,75,,2025-11-11T14:11:28Z,2017,2017-01-01,2017-12-31
6411732,MDG_0000000017,COUNTRY,KEN,AFR,Africa,YEAR,2001,,,,,,,,,52 [21-98],52,21,98,,2025-11-11T14:11:28Z,2001,2001-01-01,2001-12-31
6412002,MDG_0000000017,COUNTRY,THA,SEAR,South-East Asia,YEAR,2022,,,,,,,,,15 [12-20],15,12,20,,2025-11-11T14:11:28Z,2022,2022-01-01,2022-12-31
6413019,MDG_0000000017,COUNTRY,SVK,EUR,Europe,YEAR,2021,,,,,,,,,0.32 [0.32-0.33],0.32,0.32,0.33,,2025-11-11T14:11:28Z,2021,2021-01-01,2021-12-31
6416650,MDG_0000000017,REGION,SEAR,,,YEAR,2014,,,,,,,,,32 [26-39],32,26,39,,2025-11-11T14:11:28Z,2014,2014-01-01,2014-12-31
6417696,MDG_0000000017,COUNTRY,POL,EUR,Europe,YEAR,2005,,,,,,,,,2.4 [2.3-2.4],2.4,2.3,2.4,,2025-11-11T14:11:28Z,2005,2005-01-01,2005-12-31
6423575,MDG_0000000017,COUNTRY,CIV,AFR,Africa,YEAR,2019,,,,,,,,,20 [13-28],20,13,28,,2025-11-11T14:11:28Z,2019,2019-01-01,2019-12-31
6430983,MDG_0000000017,COUNTRY,YEM,EMR,Eastern Mediterranean,YEAR,2021,,,,,,,,,10 [7.4-14],10,7.4,14,,2025-11-11T14:11:28Z,2021,2021-01-01,2021-12-31
6442370,MDG_0000000017,COUNTRY,KAZ,EUR,Europe,YEAR,2006,,,,,,,,,21 [20-21],21,20,21,,2025-11-11T14:11:28Z,2006,2006-01-01,2006-12-31
6444644,MDG_0000000017,COUNTRY,OMN,EMR,Eastern Mediterranean,YEAR,2011,,,,,,,,,0.52 [0.41-0.64],0.52,0.41,0.64,,2025-11-11T14:11:28Z,2011,2011-01-01,2011-12-31
6444812,MDG_0000000017,COUNTRY,MKD,EUR,Europe,YEAR,2013,,,,,,,,,1 [0.98-1],1,0.98,1,,2025-11-11T14:11:28Z,2013,2013-01-01,2013-12-31
6449698,MDG_0000000017,COUNTRY,CAF,AFR,Africa,YEAR,2016,,,,,,,,,87 [38-154],87,38,154,,2025-11-11T14:11:28Z,2016,2016-01-01,2016-12-31
6451081,MDG_0000000017,COUNTRY,GUY,AMR,Americas,YEAR,2017,,,,,,,,,11 [10-11],11,10,11,,2025-11-11T14:11:28Z,2017,2017-01-01,2017-12-31
6455415,MDG_0000000017,COUNTRY,MHL,WPR,Western Pacific,YEAR,2018,,,,,,,,,313 [217-428],313,217,428,,2025-11-11T14:11:28Z,2018,2018-01-01,2018-12-31
6462351,MDG_0000000017,COUNTRY,BFA,AFR,Africa,YEAR,2006,,,,,,,,,18 [7.5-32],18,7.5,32,,2025-11-11T14:11:28Z,2006,2006-01-01,2006-12-31
6468477,MDG_0000000017,COUNTRY,KWT,EMR,Eastern Mediterranean,YEAR,2006,,,,,,,,,0.74 [0.73-0.75],0.74,0.73,0.75,,2025-11-11T14:11:28Z,2006,2006-01-01,2006-12-31
6473550,MDG_0000000017,COUNTRY,TCD,AFR,Africa,YEAR,2000,,,,,,,,,20 [11-32],20,11,32,,2025-11-11T14:11:28Z,2000,2000-01-01,2000-12-31
6474496,MDG_0000000017,COUNTRY,BGD,SEAR,South-East Asia,YEAR,2018,,,,,,,,,29 [18-42],29,18,42,,2025-11-11T14:11:28Z,2018,2018-01-01,2018-12-31
6475745,MDG_0000000017,COUNTRY,NIC,AMR,Americas,YEAR,2006,,,,,,,,,3.4 [3.1-3.6],3.4,3.1,3.6,,2025-11-11T14:11:28Z,2006,2006-01-01,2006-12-31
6482684,MDG_0000000017,COUNTRY,YEM,EMR,Eastern Mediterranean,YEAR,2003,,,,,,,,,19 [14-25],19,14,25,,2025-11-11T14:11:28Z,2003,2003-01-01,2003-12-31
6486738,MDG_0000000017,COUNTRY,KHM,WPR,Western Pacific,YEAR,2002,,,,,,,,,41 [15-82],41,15,82,,2025-11-11T14:11:28Z,2002,2002-01-01,2002-12-31
6488097,MDG_0000000017,COUNTRY,HUN,EUR,Europe,YEAR,2015,,,,,,,,,1.1 [1.1-1.1],1.1,1.1,1.1,,2025-11-11T14:11:28Z,2015,2015-01-01,2015-12-31
6494079,MDG_0000000017,COUNTRY,RUS,EUR,Europe,YEAR,2005,,,,,,,,,23 [23-24],23,23,24,,2025-11-11T14:11:28Z,2005,2005-01-01,2005-12-31
6500640,MDG_0000000017,COUNTRY,JPN,WPR,Western Pacific,YEAR,2003,,,,,,,,,3.4 [3.4-3.5],3.4,3.4,3.5,,2025-11-11T14:11:28Z,2003,2003-01-01,2003-12-31
6501867,MDG_0000000017,COUNTRY,URY,AMR,Americas,YEAR,2000,,,,,,,,,2.4 [2.3-2.5],2.4,2.3,2.5,,2025-11-11T14:11:28Z,2000,2000-01-01,2000-12-31
6506258,MDG_0000000017,COUNTRY,COL,AMR,Americas,YEAR,2024,,,,,,,,,4.4 [3.1-5.9],4.4,3.1,5.9,,2025-11-11T14:11:28Z,2024,2024-01-01,2024-12-31
6514646,MDG_0000000017,COUNTRY,PAK,EMR,Eastern Mediterranean,YEAR,2007,,,,,,,,,30 [26-34],30,26,34,,2025-11-11T14:11:28Z,2007,2007-01-01,2007-12-31
6524553,MDG_0000000017,COUNTRY,IRQ,EMR,Eastern Mediterranean,YEAR,2006,,,,,,,,,5 [4.4-5.6],5,4.4,5.6,,2025-11-11T14:11:28Z,2006,2006-01-01,2006-12-31
6526023,MDG_0000000017,COUNTRY,FJI,WPR,Western Pacific,YEAR,2018,,,,,,,,,4.3 [4.2-4.4],4.3,4.2,4.4,,2025-11-11T14:11:28Z,2018,2018-01-01,2018-12-31
6526324,MDG_0000000017,COUNTRY,NIC,AMR,Americas,YEAR,2002,,,,,,,,,4 [3.6-4.4],4,3.6,4.4,,2025-11-11T14:11:28Z,2002,2002-01-01,2002-12-31
6532914,MDG_0000000017,COUNTRY,LKA,SEAR,South-East Asia,YEAR,2010,,,,,,,,,4.4 [4-4.9],4.4,4,4.9,,2025-11-11T14:11:28Z,2010,2010-01-01,2010-12-31
6533691,MDG_0000000017,COUNTRY,AUS,WPR,Western Pacific,YEAR,2011,,,,,,,,,0.25 [0.25-0.25],0.25,0.25,0.25,,2025-11-11T14:11:28Z,2011,2011-01-01,2011-12-31
6538509,MDG_0000000017,COUNTRY,IRN,EMR,Eastern Mediterranean,YEAR,2004,,,,,,,,,0.89 [0.77-1],0.89,0.77,1,,2025-11-11T14:11:28Z,2004,2004-01-01,2004-12-31
6552783,MDG_0000000017,COUNTRY,BRA,AMR,Americas,YEAR,2004,,,,,,,,,3.5 [3.2-3.8],3.5,3.2,3.8,,2025-11-11T14:11:28Z,2004,2004-01-01,2004-12-31
6556259,MDG_0000000017,COUNTRY,ETH,AFR,Africa,YEAR,2022,,,,,,,,,17 [11-26],17,11,26,,2025-11-11T14:11:28Z,2022,2022-01-01,2022-12-31
6556861,MDG_0000000017,COUNTRY,TUN,EMR,Eastern Mediterranean,YEAR,2023,,,,,,,,,1.2 [0.85-1.5],1.2,0.85,1.5,,2025-11-11T14:11:28Z,2023,2023-01-01,2023-12-31
6563770,MDG_0000000017,COUNTRY,SVN,EUR,Europe,YEAR,2013,,,,,,,,,0.44 [0.44-0.44],0.44,0.44,0.44,,2025-11-11T14:11:28Z,2013,2013-01-01,2013-12-31
6568909,MDG_0000000017,WORLDBANKINCOMEGROUP,WB_UMI,,,YEAR,2004,,,,,,,,,12 [11-12],12,11,12,,2025-11-11T14:11:28Z,2004,2004-01-01,2004-12-31
6570849,MDG_0000000017,COUNTRY,MYS,WPR,Western Pacific,YEAR,2022,,,,,,,,,7.3 [4.7-10],7.3,4.7,10,,2025-11-11T14:11:28Z,2022,2022-01-01,2022-12-31
6575181,MDG_0000000017,COUNTRY,NOR,EUR,Europe,YEAR,2020,,,,,,,,,0.14 [0.13-0.14],0.14,0.13,0.14,,2025-11-11T14:11:28Z,2020,2020-01-01,2020-12-31
6575360,MDG_0000000017,COUNTRY,LTU,EUR,Europe,YEAR,2006,,,,,,,,,12 [12-12],12,12,12,,2025-11-11T14:11:28Z,2006,2006-01-01,2006-12-31
6590190,MDG_0000000017,COUNTRY,SWE,EUR,Europe,YEAR,2021,,,,,,,,,0.21 [0.21-0.21],0.21,0.21,0.21,,2025-11-11T14:11:28Z,2021,2021-01-01,2021-12-31
6597158,MDG_0000000017,COUNTRY,CUB,AMR,Americas,YEAR,2011,,,,,,,,,0.37 [0.36-0.37],0.37,0.36,0.37,,2025-11-11T14:11:28Z,2011,2011-01-01,2011-12-31
6601943,MDG_0000000017,COUNTRY,LUX,EUR,Europe,YEAR,2015,,,,,,,,,0.18 [0.18-0.18],0.18,0.18,0.18,,2025-11-11T14:11:28Z,2015,2015-01-01,2015-12-31
6602880,MDG_0000000017,COUNTRY,KAZ,EUR,Europe,YEAR,2004,,,,,,,,,22 [21-23],22,21,23,,2025-11-11T14:11:28Z,2004,2004-01-01,2004-12-31
6607089,MDG_0000000017,COUNTRY,RUS,EUR,Europe,YEAR,2011,,,,,,,,,15 [14-15],15,14,15,,2025-11-11T14:11:28Z,2011,2011-01-01,2011-12-31
6614521,MDG_0000000017,COUNTRY,DOM,AMR,Americas,YEAR,2011,,,,,,,,,5.9 [3.3-9.3],5.9,3.3,9.3,,2025-11-11T14:11:28Z,2011,2011-01-01,2011-12-31
6626889,MDG_0000000017,COUNTRY,DZA,AFR,Africa,YEAR,2023,,,,,,,,,7.2 [4.9-9.9],7.2,4.9,9.9,,2025-11-11T14:11:28Z,2023,2023-01-01,2023-12-31
6626911,MDG_0000000017,COUNTRY,ARG,AMR,Americas,YEAR,2018,,,,,,,,,1.5 [1.4-1.6],1.5,1.4,1.6,,2025-11-11T14:11:28Z,2018,2018-01-01,2018-12-31
6634459,MDG_0000000017,COUNTRY,FSM,WPR,Western Pacific,YEAR,2012,,,,,,,,,78 [54-107],78,54,107,,2025-11-11T14:11:28Z,2012,2012-01-01,2012-12-31
6646924,MDG_0000000017,COUNTRY,LBY,EMR,Eastern Mediterranean,YEAR,2017,,,,,,,,,6.5 [2.1-14],6.5,2.1,14,,2025-11-11T14:11:28Z,2017,2017-01-01,2017-12-31
6647254,MDG_0000000017,COUNTRY,BFA,AFR,Africa,YEAR,2017,,,,,,,,,15 [6.7-28],15,6.7,28,,2025-11-11T14:11:28Z,2017,2017-01-01,2017-12-31
6651759,MDG_0000000017,GLOBAL,GLOBAL,,,YEAR,2005,,,,,,,,,27 [24-30],27,24,30,,2025-11-11T14:11:28Z,2005,2005-01-01,2005-12-31
6653324,MDG_0000000017,COUNTRY,PHL,WPR,Western Pacific,YEAR,2016,,,,,,,,,31 [28-34],31,28,34,,2025-11-11T14:11:28Z,2016,2016-01-01,2016-12-31
6664365,MDG_0000000017,COUNTRY,PRI,AMR,Americas,YEAR,2014,,,,,,,,,0.26 [0.26-0.27],0.26,0.26,0.27,,2025-11-11T14:11:28Z,2014,2014-01-01,2014-12-31
6664811,MDG_0000000017,COUNTRY,POL,EUR,Europe,YEAR,2015,,,,,,,,,1.5 [1.5-1.6],1.5,1.5,1.6,,2025-11-11T14:11:28Z,2015,2015-01-01,2015-12-31
6671838,MDG_0000000017,COUNTRY,CYP,EUR,Europe,YEAR,2019,,,,,,,,,0.19 [0.17-0.22],0.19,0.17,0.22,,2025-11-11T14:11:28Z,2019,2019-01-01,2019-12-31
6672107,MDG_0000000017,COUNTRY,BFA,AFR,Africa,YEAR,2015,,,,,,,,,16 [6.9-29],16,6.9,29,,2025-11-11T14:11:28Z,2015,2015-01-01,2015-12-31
6672164,MDG_0000000017,COUNTRY,MNG,WPR,Western Pacific,YEAR,2002,,,,,,,,,19 [18-21],19,18,21,,2025-11-11T14:11:28Z,2002,2002-01-01,2002-12-31
6676930,MDG_0000000017,COUNTRY,NGA,AFR,Africa,YEAR,2005,,,,,,,,,61 [34-96],61,34,96,,2025-11-11T14:11:28Z,2005,2005-01-01,2005-12-31
6677343,MDG_0000000017,COUNTRY,MMR,SEAR,South-East Asia,YEAR,2000,,,,,,,,,230 [125-365],230,125,365,,2025-11-11T14:11:28Z,2000,2000-01-01,2000-12-31
6678733,MDG_0000000017,COUNTRY,SWE,EUR,Europe,YEAR,2022,,,,,,,,,0.18 [0.18-0.19],0.18,0.18,0.19,,2025-11-11T14:11:28Z,2022,2022-01-01,2022-12-31
6679056,MDG_0000000017,COUNTRY,LAO,WPR,Western Pacific,YEAR,2017,,,,,,,,,37 [22-56],37,22,56,,2025-11-11T14:11:28Z,2017,2017-01-01,2017-12-31
6683254,MDG_0000000017,COUNTRY,URY,AMR,Americas,YEAR,2008,,,,,,,,,1.5 [1.4-1.5],1.5,1.4,1.5,,2025-11-11T14:11:28Z,2008,2008-01-01,2008-12-31
6683833,MDG_0000000017,COUNTRY,LAO,WPR,Western Pacific,YEAR,2019,,,,,,,,,27 [16-41],27,16,41,,2025-11-11T14:11:28Z,2019,2019-01-01,2019-12-31
6684333,MDG_0000000017,COUNTRY,ROU,EUR,Europe,YEAR,2022,,,,,,,,,4.8 [4.3-5.4],4.8,4.3,5.4,,2025-11-11T14:11:28Z,2022,2022-01-01,2022-12-31
6684598,MDG_0000000017,COUNTRY,MNG,WPR,Western Pacific,YEAR,2000,,,,,,,,,20 [19-22],20,19,22,,2025-11-11T14:11:28Z,2000,2000-01-01,2000-12-31
6685638,MDG_0000000017,COUNTRY,GMB,AFR,Africa,YEAR,2010,,,,,,,,,24 [13-38],24,13,38,,2025-11-11T14:11:28Z,2010,2010-01-01,2010-12-31
6685975,MDG_0000000017,COUNTRY,BHR,EMR,Eastern Mediterranean,YEAR,2013,,,,,,,,,0.45 [0.41-0.49],0.45,0.41,0.49,,2025-11-11T14:11:28Z,2013,2013-01-01,2013-12-31
6689295,MDG_0000000017,COUNTRY,MEX,AMR,Americas,YEAR,2001,,,,,,,,,3.7 [3.5-3.8],3.7,3.5,3.8,,2025-11-11T14:11:28Z,2001,2001-01-01,2001-12-31
6690825,MDG_0000000017,COUNTRY,TJK,EUR,Europe,YEAR,2019,,,,,,,,,7.9 [7-8.7],7.9,7,8.7,,2025-11-11T14:11:28Z,2019,2019-01-01,2019-12-31
6690987,MDG_0000000017,COUNTRY,TTO,AMR,Americas,YEAR,2019,,,,,,,,,1.5 [1.4-1.5],1.5,1.4,1.5,,2025-11-11T14:11:28Z,2019,2019-01-01,2019-12-31
6695693,MDG_0000000017,COUNTRY,AZE,EUR,Europe,YEAR,2013,,,,,,,,,4.7 [4.3-5],4.7,4.3,5,,2025-11-11T14:11:28Z,2013,2013-01-01,2013-12-31
6702398,MDG_0000000017,COUNTRY,ZAF,AFR,Africa,YEAR,2014,,,,,,,,,37 [35-39],37,35,39,,2025-11-11T14:11:28Z,2014,2014-01-01,2014-12-31
6703002,MDG_0000000017,COUNTRY,SYR,EMR,Eastern Mediterranean,YEAR,2012,,,,,,,,,0.13 [0.12-0.15],0.13,0.12,0.15,,2025-11-11T14:11:28Z,2012,2012-01-01,2012-12-31
6704429,MDG_0000000017,COUNTRY,BLZ,AMR,Americas,YEAR,2000,,,,,,,,,3.1 [3-3.1],3.1,3,3.1,,2025-11-11T14:11:28Z,2000,2000-01-01,2000-12-31
6722248,MDG_0000000017,COUNTRY,GBR,EUR,Europe,YEAR,2011,,,,,,,,,0.52 [0.51-0.52],0.52,0.51,0.52,,2025-11-11T14:11:28Z,2011,2011-01-01,2011-12-31
6723482,MDG_0000000017,COUNTRY,ZAF,AFR,Africa,YEAR,2007,,,,,,,,,67 [65-70],67,65,70,,2025-11-11T14:11:28Z,2007,2007-01-01,2007-12-31
6727358,MDG_0000000017,COUNTRY,TUN,EMR,Eastern Mediterranean,YEAR,2010,,,,,,,,,1.5 [1.2-1.9],1.5,1.2,1.9,,2025-11-11T14:11:28Z,2010,2010-01-01,2010-12-31
6727522,MDG_0000000017,WORLDBANKINCOMEGROUP,WB_HI,,,YEAR,2003,,,,,,,,,4.3 [4.2-4.4],4.3,4.2,4.4,,2025-11-11T14:11:28Z,2003,2003-01-01,2003-12-31
6734251,MDG_0000000017,COUNTRY,SVN,EUR,Europe,YEAR,2001,,,,,,,,,1.3 [1.3-1.4],1.3,1.3,1.4,,2025-11-11T14:11:28Z,2001,2001-01-01,2001-12-31
6734960,MDG_0000000017,COUNTRY,FRA,EUR,Europe,YEAR,2014,,,,,,,,,0.74 [0.71-0.78],0.74,0.71,0.78,,2025-11-11T14:11:28Z,2014,2014-01-01,2014-12-31
6754189,MDG_0000000017,REGION,AMR,,,YEAR,2021,,,,,,,,,1.9 [1.8-2.1],1.9,1.8,2.1,,2025-11-11T14:11:28Z,2021,2021-01-01,2021-12-31
6765617,MDG_0000000017,COUNTRY,FIN,EUR,Europe,YEAR,2024,,,,,,,,,0.54 [0.53-0.55],0.54,0.53,0.55,,2025-11-11T14:11:28Z,2024,2024-01-01,2024-12-31
6766751,MDG_0000000017,COUNTRY,IND,SEAR,South-East Asia,YEAR,2006,,,,,,,,,50 [37-64],50,37,64,,2025-11-11T14:11:28Z,2006,2006-01-01,2006-12-31
6773282,MDG_0000000017,COUNTRY,DEU,EUR,Europe,YEAR,2012,,,,,,,,,0.44 [0.43-0.45],0.44,0.43,0.45,,2025-11-11T14:11:28Z,2012,2012-01-01,2012-12-31
6780206,MDG_0000000017,COUNTRY,CAF,AFR,Africa,YEAR,2002,,,,,,,,,106 [37-212],106,37,212,,2025-11-11T14:11:28Z,2002,2002-01-01,2002-12-31
6786142,MDG_0000000017,COUNTRY,ROU,EUR,Europe,YEAR,2013,,,,,,,,,5.6 [5.6-5.6],5.6,5.6,5.6,,2025-11-11T14:11:28Z,2013,2013-01-01,2013-12-31
6790638,MDG_0000000017,COUNTRY,BGR,EUR,Europe,YEAR,2001,,,,,,,,,4.3 [4-4.6],4.3,4,4.6,,2025-11-11T14:11:28Z,2001,2001-01-01,2001-12-31
6791940,MDG_0000000017,COUNTRY,BWA,AFR,Africa,YEAR,2008,,,,,,,,,35 [19-55],35,19,55,,2025-11-11T14:11:28Z,2008,2008-01-01,2008-12-31
6793130,MDG_0000000017,COUNTRY,AUS,WPR,Western Pacific,YEAR,2020,,,,,,,,,0.13 [0.13-0.13],0.13,0.13,0.13,,2025-11-11T14:11:28Z,2020,2020-01-01,2020-12-31
6798623,MDG_0000000017,COUNTRY,HKG,,,YEAR,2021,,,,,,,,,1.9 [1.8-1.9],1.9,1.8,1.9,,2025-11-11T14:11:28Z,2021,2021-01-01,2021-12-31
6799179,MDG_0000000017,COUNTRY,NZL,WPR,Western Pacific,YEAR,2004,,,,,,,,,0.73 [0.73-0.73],0.73,0.73,0.73,,2025-11-11T14:11:28Z,2004,2004-01-01,2004-12-31
6805265,MDG_0000000017,COUNTRY,CRI,AMR,Americas,YEAR,2019,,,,,,,,,0.77 [0.76-0.77],0.77,0.76,0.77,,2025-11-11T14:11:28Z,2019,2019-01-01,2019-12-31
6812308,MDG_0000000017,COUNTRY,PRT,EUR,Europe,YEAR,2022,,,,,,,,,1.5 [1.5-1.6],1.5,1.5,1.6,,2025-11-11T14:11:28Z,2022,2022-01-01,2022-12-31
6822578,MDG_0000000017,COUNTRY,MOZ,AFR,Africa,YEAR,2006,,,,,,,,,29 [11-56],29,11,56,,2025-11-11T14:11:28Z,2006,2006-01-01,2006-12-31
6822764,MDG_0000000017,COUNTRY,GNQ,AFR,Africa,YEAR,2024,,,,,,,,,15 [6.2-26],15,6.2,26,,2025-11-11T14:11:28Z,2024,2024-01-01,2024-12-31
6823106,MDG_0000000017,COUNTRY,NPL,SEAR,South-East Asia,YEAR,2010,,,,,,,,,80 [47-122],80,47,122,,2025-11-11T14:11:28Z,2010,2010-01-01,2010-12-31
6824193,MDG_0000000017,COUNTRY,CUB,AMR,Americas,YEAR,2003,,,,,,,,,0.47 [0.47-0.47],0.47,0.47,0.47,,2025-11-11T14:11:28Z,2003,2003-01-01,2003-12-31
6829242,MDG_0000000017,COUNTRY,RUS,EUR,Europe,YEAR,2022,,,,,,,,,3.9 [3.3-4.6],3.9,3.3,4.6,,2025-11-11T14:11:28Z,2022,2022-01-01,2022-12-31
6834940,MDG_0000000017,COUNTRY,BHS,AMR,Americas,YEAR,2017,,,,,,,,,0.58 [0.56-0.6],0.58,0.56,0.6,,2025-11-11T14:11:28Z,2017,2017-01-01,2017-12-31
6842707,MDG_0000000017,COUNTRY,YEM,EMR,Eastern Mediterranean,YEAR,2005,,,,,,,,,16 [12-21],16,12,21,,2025-11-11T14:11:28Z,2005,2005-01-01,2005-12-31
6847579,MDG_0000000017,COUNTRY,MMR,SEAR,South-East Asia,YEAR,2005,,,,,,,,,140 [76-224],140,76,224,,2025-11-11T14:11:28Z,2005,2005-01-01,2005-12-31
6848898,MDG_0000000017,COUNTRY,IRQ,EMR,Eastern Mediterranean,YEAR,2002,,,,,,,,,4.7 [4.1-5.3],4.7,4.1,5.3,,2025-11-11T14:11:28Z,2002,2002-01-01,2002-12-31
6849516,MDG_0000000017,COUNTRY,BIH,EUR,Europe,YEAR,2021,,,,,,,,,1.5 [1.4-1.6],1.5,1.4,1.6,,2025-11-11T14:11:28Z,2021,2021-01-01,2021-12-31
6855618,MDG_0000000017,COUNTRY,IRL,EUR,Europe,YEAR,2002,,,,,,,,,1.1 [0.99-1.2],1.1,0.99,1.2,,2025-11-11T14:11:28Z,2002,2002-01-01,2002-12-31
6856024,MDG_0000000017,COUNTRY,MNG,WPR,Western Pacific,YEAR,2006,,,,,,,,,16 [15-18],16,15,18,,2025-11-11T14:11:28Z,2006,2006-01-01,2006-12-31
6861906,MDG_0000000017,COUNTRY,MWI,AFR,Africa,YEAR,2008,,,,,,,,,33 [14-60],33,14,60,,2025-11-11T14:11:28Z,2008,2008-01-01,2008-12-31
6868071,MDG_0000000017,COUNTRY,USA,AMR,Americas,YEAR,2006,,,,,,,,,0.24 [0.23-0.24],0.24,0.23,0.24,,2025-11-11T14:11:28Z,2006,2006-01-01,2006-12-31
6881483,MDG_0000000017,COUNTRY,JAM,AMR,Americas,YEAR,2021,,,,,,,,,0.29 [0.21-0.4],0.29,0.21,0.4,,2025-11-11T14:11:28Z,2021,2021-01-01,2021-12-31
6887571,MDG_0000000017,REGION,WPR,,,YEAR,2005,,,,,,,,,14 [13-15],14,13,15,,2025-11-11T14:11:28Z,2005,2005-01-01,2005-12-31
6893041,MDG_0000000017,COUNTRY,UGA,AFR,Africa,YEAR,2017,,,,,,,,,25 [14-40],25,14,40,,2025-11-11T14:11:28Z,2017,2017-01-01,2017-12-31
6893594,MDG_0000000017,COUNTRY,BDI,AFR,Africa,YEAR,2012,,,,,,,,,27 [18-38],27,18,38,,2025-11-11T14:11:28Z,2012,2012-01-01,2012-12-31
6893794,MDG_0000000017,COUNTRY,MNE,EUR,Europe,YEAR,2022,,,,,,,,,0.2 [0.05-0.47],0.2,0.05,0.47,,2025-11-11T14:11:28Z,2022,2022-01-01,2022-12-31
6894995,MDG_0000000017,COUNTRY,GBR,EUR,Europe,YEAR,2023,,,,,,,,,0.34 [0.34-0.35],0.34,0.34,0.35,,2025-11-11T14:11:28Z,2023,2023-01-01,2023-12-31
6900746,MDG_0000000017,COUNTRY,BLZ,AMR,Americas,YEAR,2017,,,,,,,,,3.4 [3.3-3.4],3.4,3.3,3.4,,2025-11-11T14:11:28Z,2017,2017-01-01,2017-12-31
6913835,MDG_0000000017,COUNTRY,KOR,WPR,Western Pacific,YEAR,2008,,,,,,,,,6 [5.6-6.4],6,5.6,6.4,,2025-11-11T14:11:28Z,2008,2008-01-01,2008-12-31
6918700,MDG_0000000017,COUNTRY,LBY,EMR,Eastern Mediterranean,YEAR,2022,,,,,,,,,10 [4.4-19],10,4.4,19,,2025-11-11T14:11:28Z,2022,2022-01-01,2022-12-31
6923629,MDG_0000000017,COUNTRY,UZB,EUR,Europe,YEAR,2005,,,,,,,,,19 [12-27],19,12,27,,2025-11-11T14:11:28Z,2005,2005-01-01,2005-12-31
6924988,MDG_0000000017,COUNTRY,LBN,EMR,Eastern Mediterranean,YEAR,2020,,,,,,,,,2.2 [1.5-3.1],2.2,1.5,3.1,,2025-11-11T14:11:28Z,2020,2020-01-01,2020-12-31
6926382,MDG_0000000017,COUNTRY,KWT,EMR,Eastern Mediterranean,YEAR,2000,,,,,,,,,1.1 [1.1-1.1],1.1,1.1,1.1,,2025-11-11T14:11:28Z,2000,2000-01-01,2000-12-31
6929935,MDG_0000000017,COUNTRY,PER,AMR,Americas,YEAR,2017,,,,,,,,,5.5 [5-6],5.5,5,6,,2025-11-11T14:11:28Z,2017,2017-01-01,2017-12-31
6931669,MDG_0000000017,COUNTRY,HND,AMR,Americas,YEAR,2001,,,,,,,,,6.2 [5.2-7.3],6.2,5.2,7.3,,2025-11-11T14:11:28Z,2001,2001-01-01,2001-12-31
6942681,MDG_0000000017,COUNTRY,VEN,AMR,Americas,YEAR,2008,,,,,,,,,2.4 [2.3-2.4],2.4,2.3,2.4,,2025-11-11T14:11:28Z,2008,2008-01-01,2008-12-31
6944601,MDG_0000000017,COUNTRY,TUN,EMR,Eastern Mediterranean,YEAR,2000,,,,,,,,,1.7 [1.4-2],1.7,1.4,2,,2025-11-11T14:11:28Z,2000,2000-01-01,2000-12-31
6944624,MDG_0000000017,COUNTRY,KGZ,EUR,Europe,YEAR,2018,,,,,,,,,5.3 [5.2-5.4],5.3,5.2,5.4,,2025-11-11T14:11:28Z,2018,2018-01-01,2018-12-31
6958065,MDG_0000000017,COUNTRY,SLV,AMR,Americas,YEAR,2000,,,,,,,,,2.3 [2-2.5],2.3,2,2.5,,2025-11-11T14:11:28Z,2000,2000-01-01,2000-12-31
6961921,MDG_0000000017,COUNTRY,CIV,AFR,Africa,YEAR,2009,,,,,,,,,36 [25-48],36,25,48,,2025-11-11T14:11:28Z,2009,2009-01-01,2009-12-31
6975415,MDG_0000000017,COUNTRY,HUN,EUR,Europe,YEAR,2004,,,,,,,,,2.9 [2.9-2.9],2.9,2.9,2.9,,2025-11-11T14:11:28Z,2004,2004-01-01,2004-12-31
6976051,MDG_0000000017,COUNTRY,IRQ,EMR,Eastern Mediterranean,YEAR,2004,,,,,,,,,5.2 [4.6-6],5.2,4.6,6,,2025-11-11T14:11:28Z,2004,2004-01-01,2004-12-31
6982427,MDG_0000000017,REGION,EUR,,,YEAR,2009,,,,,,,,,6 [5.8-6.2],6,5.8,6.2,,2025-11-11T14:11:28Z,2009,2009-01-01,2009-12-31
6987035,MDG_0000000017,COUNTRY,COM,AFR,Africa,YEAR,2000,,,,,,,,,13 [4.8-25],13,4.8,25,,2025-11-11T14:11:28Z,2000,2000-01-01,2000-12-31
6989874,MDG_0000000017,WORLDBANKINCOMEGROUP,WB_LI,,,YEAR,2019,,,,,,,,,35 [25-47],35,25,47,,2025-11-11T14:11:28Z,2019,2019-01-01,2019-12-31
7002171,MDG_0000000017,COUNTRY,MNG,WPR,Western Pacific,YEAR,2015,,,,,,,,,11 [9.9-12],11,9.9,12,,2025-11-11T14:11:28Z,2015,2015-01-01,2015-12-31
7002224,MDG_0000000017,COUNTRY,ZMB,AFR,Africa,YEAR,2003,,,,,,,,,28 [12-52],28,12,52,,2025-11-11T14:11:28Z,2003,2003-01-01,2003-12-31
7005983,MDG_0000000017,COUNTRY,PAN,AMR,Americas,YEAR,2002,,,,,,,,,5.9 [5.5-6.3],5.9,5.5,6.3,,2025-11-11T14:11:28Z,2002,2002-01-01,2002-12-31
7006017,MDG_0000000017,COUNTRY,RWA,AFR,Africa,YEAR,2019,,,,,,,,,4.9 [3.2-7.1],4.9,3.2,7.1,,2025-11-11T14:11:28Z,2019,2019-01-01,2019-12-31
7006638,MDG_0000000017,COUNTRY,JOR,EMR,Eastern Mediterranean,YEAR,2013,,,,,,,,,0.16 [0.14-0.19],0.16,0.14,0.19,,2025-11-11T14:11:28Z,2013,2013-01-01,2013-12-31
7018830,MDG_0000000017,COUNTRY,URY,AMR,Americas,YEAR,2015,,,,,,,,,2.7 [2.5-2.8],2.7,2.5,2.8,,2025-11-11T14:11:28Z,2015,2015-01-01,2015-12-31
7019418,MDG_0000000017,COUNTRY,BGD,SEAR,South-East Asia,YEAR,2020,,,,,,,,,26 [17-38],26,17,38,,2025-11-11T14:11:28Z,2020,2020-01-01,2020-12-31
7020082,MDG_0000000017,COUNTRY,IRQ,EMR,Eastern Mediterranean,YEAR,2000,,,,,,,,,5.4 [4.7-6.1],5.4,4.7,6.1,,2025-11-11T14:11:28Z,2000,2000-01-01,2000-12-31
7025638,MDG_0000000017,COUNTRY,MRT,AFR,Africa,YEAR,2018,,,,,,,,,17 [11-26],17,11,26,,2025-11-11T14:11:28Z,2018,2018-01-01,2018-12-31
7026674,MDG_0000000017,COUNTRY,SYR,EMR,Eastern Mediterranean,YEAR,2001,,,,,,,,,0.51 [0.37-0.68],0.51,0.37,0.68,,2025-11-11T14:11:28Z,2001,2001-01-01,2001-12-31
7031534,MDG_0000000017,COUNTRY,HTI,AMR,Americas,YEAR,2004,,,,,,,,,14 [10-19],14,10,19,,2025-11-11T14:11:28Z,2004,2004-01-01,2004-12-31
7038337,MDG_0000000017,COUNTRY,BEN,AFR,Africa,YEAR,2015,,,,,,,,,11 [5.5-18],11,5.5,18,,2025-11-11T14:11:28Z,2015,2015-01-01,2015-12-31
7043874,MDG_0000000017,COUNTRY,IRQ,EMR,Eastern Mediterranean,YEAR,2018,,,,,,,,,2.2 [2-2.5],2.2,2,2.5,,2025-11-11T14:11:28Z,2018,2018-01-01,2018-12-31
7044348,MDG_0000000017,COUNTRY,PSE,EMR,Eastern Mediterranean,YEAR,2017,,,,,,,,,0.15 [0.1-0.2],0.15,0.1,0.2,,2025-11-11T14:11:28Z,2017,2017-01-01,2017-12-31
7045662,MDG_0000000017,COUNTRY,GNQ,AFR,Africa,YEAR,2022,,,,,,,,,9.8 [4.2-18],9.8,4.2,18,,2025-11-11T14:11:28Z,2022,2022-01-01,2022-12-31
7046338,MDG_0000000017,COUNTRY,LUX,EUR,Europe,YEAR,2011,,,,,,,,,0.39 [0.38-0.39],0.39,0.38,0.39,,2025-11-11T14:11:28Z,2011,2011-01-01,2011-12-31
7046742,MDG_0000000017,COUNTRY,BEL,EUR,Europe,YEAR,2024,,,,,,,,,0.29 [0.27-0.3],0.29,0.27,0.3,,2025-11-11T14:11:28Z,2024,2024-01-01,2024-12-31
7059610,MDG_0000000017,COUNTRY,DZA,AFR,Africa,YEAR,2006,,,,,,,,,21 [14-28],21,14,28,,2025-11-11T14:11:28Z,2006,2006-01-01,2006-12-31
7063957,MDG_0000000017,COUNTRY,EST,EUR,Europe,YEAR,2024,,,,,,,,,0.97 [0.88-1.1],0.97,0.88,1.1,,2025-11-11T14:11:28Z,2024,2024-01-01,2024-12-31
7064479,MDG_0000000017,COUNTRY,BRN,WPR,Western Pacific,YEAR,2013,,,,,,,,,4.7 [4.6-4.8],4.7,4.6,4.8,,2025-11-11T14:11:28Z,2013,2013-01-01,2013-12-31
7072037,MDG_0000000017,COUNTRY,MAR,EMR,Eastern Mediterranean,YEAR,2018,,,,,,,,,7.1 [4.1-11],7.1,4.1,11,,2025-11-11T14:11:28Z,2018,2018-01-01,2018-12-31
7077018,MDG_0000000017,COUNTRY,PAN,AMR,Americas,YEAR,2011,,,,,,,,,4.5 [4.4-4.6],4.5,4.4,4.6,,2025-11-11T14:11:28Z,2011,2011-01-01,2011-12-31
7077777,MDG_0000000017,COUNTRY,PAN,AMR,Americas,YEAR,2004,,,,,,,,,5.6 [5.2-5.9],5.6,5.2,5.9,,2025-11-11T14:11:28Z,2004,2004-01-01,2004-12-31
7077960,MDG_0000000017,COUNTRY,GHA,AFR,Africa,YEAR,2013,,,,,,,,,38 [17-66],38,17,66,,2025-11-11T14:11:28Z,2013,2013-01-01,2013-12-31
7077988,MDG_0000000017,COUNTRY,SWE,EUR,Europe,YEAR,2019,,,,,,,,,0.18 [0.18-0.18],0.18,0.18,0.18,,2025-11-11T14:11:28Z,2019,2019-01-01,2019-12-31
7078304,MDG_0000000017,COUNTRY,PHL,WPR,Western Pacific,YEAR,2011,,,,,,,,,31 [28-34],31,28,34,,2025-11-11T14:11:28Z,2011,2011-01-01,2011-12-31
7078523,MDG_0000000017,COUNTRY,MKD,EUR,Europe,YEAR,2023,,,,,,,,,0.66 [0.45-0.92],0.66,0.45,0.92,,2025-11-11T14:11:28Z,2023,2023-01-01,2023-12-31
7082031,MDG_0000000017,COUNTRY,NIC,AMR,Americas,YEAR,2016,,,,,,,,,1.9 [1.9-1.9],1.9,1.9,1.9,,2025-11-11T14:11:28Z,2016,2016-01-01,2016-12-31
7084843,MDG_0000000017,COUNTRY,BLR,EUR,Europe,YEAR,2013,,,,,,,,,7.2 [6.3-8],7.2,6.3,8,,2025-11-11T14:11:28Z,2013,2013-01-01,2013-12-31
7090344,MDG_0000000017,COUNTRY,AUS,WPR,Western Pacific,YEAR,2018,,,,,,,,,0.22 [0.22-0.22],0.22,0.22,0.22,,2025-11-11T14:11:28Z,2018,2018-01-01,2018-12-31
7097702,MDG_0000000017,COUNTRY,PAK,EMR,Eastern Mediterranean,YEAR,2016,,,,,,,,,22 [18-26],22,18,26,,2025-11-11T14:11:28Z,2016,2016-01-01,2016-12-31
7102595,MDG_0000000017,COUNTRY,LBY,EMR,Eastern Mediterranean,YEAR,2024,,,,,,,,,12 [5.8-21],12,5.8,21,,2025-11-11T14:11:28Z,2024,2024-01-01,2024-12-31
7107540,MDG_0000000017,COUNTRY,COL,AMR,Americas,YEAR,2018,,,,,,,,,2.4 [2.4-2.5],2.4,2.4,2.5,,2025-11-11T14:11:28Z,2018,2018-01-01,2018-12-31
7110106,MDG_0000000017,COUNTRY,ESP,EUR,Europe,YEAR,2014,,,,,,,,,0.61 [0.6-0.61],0.61,0.6,0.61,,2025-11-11T14:11:28Z,2014,2014-01-01,2014-12-31
7110110,MDG_0000000017,COUNTRY,BGD,SEAR,South-East Asia,YEAR,2012,,,,,,,,,50 [32-72],50,32,72,,2025-11-11T14:11:28Z,2012,2012-01-01,2012-12-31
7114488,MDG_0000000017,COUNTRY,PHL,WPR,Western Pacific,YEAR,2020,,,,,,,,,32 [28-36],32,28,36,,2025-11-11T14:11:28Z,2020,2020-01-01,2020-12-31
7120303,MDG_0000000017,COUNTRY,GRC,EUR,Europe,YEAR,2018,,,,,,,,,0.47 [0.45-0.49],0.47,0.45,0.49,,2025-11-11T14:11:28Z,2018,2018-01-01,2018-12-31
7122212,MDG_0000000017,COUNTRY,SEN,AFR,Africa,YEAR,2005,,,,,,,,,40 [28-54],40,28,54,,2025-11-11T14:11:28Z,2005,2005-01-01,2005-12-31
7128227,MDG_0000000017,COUNTRY,SAU,EMR,Eastern Mediterranean,YEAR,2002,,,,,,,,,2.3 [1.9-2.8],2.3,1.9,2.8,,2025-11-11T14:11:28Z,2002,2002-01-01,2002-12-31
7128445,MDG_0000000017,COUNTRY,BFA,AFR,Africa,YEAR,2019,,,,,,,,,16 [7-29],16,7,29,,2025-11-11T14:11:28Z,2019,2019-01-01,2019-12-31
7128534,MDG_0000000017,COUNTRY,JOR,EMR,Eastern Mediterranean,YEAR,2005,,,,,,,,,0.56 [0.44-0.69],0.56,0.44,0.69,,2025-11-11T14:11:28Z,2005,2005-01-01,2005-12-31
7128840,MDG_0000000017,COUNTRY,DEU,EUR,Europe,YEAR,2003,,,,,,,,,0.63 [0.62-0.63],0.63,0.62,0.63,,2025-11-11T14:11:28Z,2003,2003-01-01,2003-12-31
7134414,MDG_0000000017,COUNTRY,HRV,EUR,Europe,YEAR,2009,,,,,,,,,2.8 [2.8-2.8],2.8,2.8,2.8,,2025-11-11T14:11:28Z,2009,2009-01-01,2009-12-31
7135107,MDG_0000000017,COUNTRY,LTU,EUR,Europe,YEAR,2021,,,,,,,,,3.7 [3.6-3.8],3.7,3.6,3.8,,2025-11-11T14:11:28Z,2021,2021-01-01,2021-12-31
7141898,MDG_0000000017,COUNTRY,LAO,WPR,Western Pacific,YEAR,2010,,,,,,,,,69 [41-104],69,41,104,,2025-11-11T14:11:28Z,2010,2010-01-01,2010-12-31
7146279,MDG_0000000017,COUNTRY,URY,AMR,Americas,YEAR,2016,,,,,,,,,2 [1.9-2.1],2,1.9,2.1,,2025-11-11T14:11:28Z,2016,2016-01-01,2016-12-31
7151940,MDG_0000000017,COUNTRY,BIH,EUR,Europe,YEAR,2013,,,,,,,,,4.2 [3.9-4.5],4.2,3.9,4.5,,2025-11-11T14:11:28Z,2013,2013-01-01,2013-12-31
7153993,MDG_0000000017,COUNTRY,ARG,AMR,Americas,YEAR,2004,,,,,,,,,2 [1.9-2],2,1.9,2,,2025-11-11T14:11:28Z,2004,2004-01-01,2004-12-31
7154511,MDG_0000000017,COUNTRY,LUX,EUR,Europe,YEAR,2005,,,,,,,,,0.23 [0.22-0.23],0.23,0.22,0.23,,2025-11-11T14:11:28Z,2005,2005-01-01,2005-12-31
7154564,MDG_0000000017,COUNTRY,TZA,AFR,Africa,YEAR,2002,,,,,,,,,78 [31-146],78,31,146,,2025-11-11T14:11:28Z,2002,2002-01-01,2002-12-31
7154639,MDG_0000000017,COUNTRY,ALB,EUR,Europe,YEAR,2003,,,,,,,,,0.6 [0.48-0.75],0.6,0.48,0.75,,2025-11-11T14:11:28Z,2003,2003-01-01,2003-12-31
7159541,MDG_0000000017,COUNTRY,IRQ,EMR,Eastern Mediterranean,YEAR,2016,,,,,,,,,2.5 [2.3-2.7],2.5,2.3,2.7,,2025-11-11T14:11:28Z,2016,2016-01-01,2016-12-31
7160623,MDG_0000000017,COUNTRY,ROU,EUR,Europe,YEAR,2015,,,,,,,,,5.3 [5.2-5.3],5.3,5.2,5.3,,2025-11-11T14:11:28Z,2015,2015-01-01,2015-12-31
7160861,MDG_0000000017,COUNTRY,GUY,AMR,Americas,YEAR,2020,,,,,,,,,11 [10-13],11,10,13,,2025-11-11T14:11:28Z,2020,2020-01-01,2020-12-31
7172067,MDG_0000000017,COUNTRY,CZE,EUR,Europe,YEAR,2015,,,,,,,,,0.54 [0.54-0.54],0.54,0.54,0.54,,2025-11-11T14:11:28Z,2015,2015-01-01,2015-12-31
7173261,MDG_0000000017,COUNTRY,HTI,AMR,Americas,YEAR,2014,,,,,,,,,10 [7.2-14],10,7.2,14,,2025-11-11T14:11:28Z,2014,2014-01-01,2014-12-31
7173532,MDG_0000000017,COUNTRY,SLV,AMR,Americas,YEAR,2005,,,,,,,,,1.5 [1.4-1.7],1.5,1.4,1.7,,2025-11-11T14:11:28Z,2005,2005-01-01,2005-12-31
7178235,MDG_0000000017,COUNTRY,CAF,AFR,Africa,YEAR,2004,,,,,,,,,118 [42-233],118,42,233,,2025-11-11T14:11:28Z,2004,2004-01-01,2004-12-31
7179182,MDG_0000000017,COUNTRY,SYR,EMR,Eastern Mediterranean,YEAR,2008,,,,,,,,,0.26 [0.22-0.29],0.26,0.22,0.29,,2025-11-11T14:11:28Z,2008,2008-01-01,2008-12-31
7180120,MDG_0000000017,COUNTRY,ROU,EUR,Europe,YEAR,2021,,,,,,,,,4.3 [2.8-6.1],4.3,2.8,6.1,,2025-11-11T14:11:28Z,2021,2021-01-01,2021-12-31
7183581,MDG_0000000017,COUNTRY,DNK,EUR,Europe,YEAR,2006,,,,,,,,,0.41 [0.4-0.41],0.41,0.4,0.41,,2025-11-11T14:11:28Z,2006,2006-01-01,2006-12-31
7184312,MDG_0000000017,COUNTRY,COD,AFR,Africa,YEAR,2001,,,,,,,,,168 [62-325],168,62,325,,2025-11-11T14:11:28Z,2001,2001-01-01,2001-12-31
7192286,MDG_0000000017,COUNTRY,STP,AFR,Africa,YEAR,2004,,,,,,,,,68 [45-94],68,45,94,,2025-11-11T14:11:28Z,2004,2004-01-01,2004-12-31
7192380,MDG_0000000017,COUNTRY,IRQ,EMR,Eastern Mediterranean,YEAR,2001,,,,,,,,,4.9 [4.3-5.5],4.9,4.3,5.5,,2025-11-11T14:11:28Z,2001,2001-01-01,2001-12-31
7192908,MDG_0000000017,COUNTRY,BTN,SEAR,South-East Asia,YEAR,2012,,,,,,,,,95 [66-130],95,66,130,,2025-11-11T14:11:28Z,2012,2012-01-01,2012-12-31
7203480,MDG_0000000017,COUNTRY,VUT,WPR,Western Pacific,YEAR,2008,,,,,,,,,48 [37-62],48,37,62,,2025-11-11T14:11:28Z,2008,2008-01-01,2008-12-31
7203925,MDG_0000000017,COUNTRY,BRA,AMR,Americas,YEAR,2005,,,,,,,,,3.2 [3-3.4],3.2,3,3.4,,2025-11-11T14:11:28Z,2005,2005-01-01,2005-12-31
7203970,MDG_0000000017,COUNTRY,KEN,AFR,Africa,YEAR,2012,,,,,,,,,74 [41-115],74,41,115,,2025-11-11T14:11:28Z,2012,2012-01-01,2012-12-31
7205375,MDG_0000000017,COUNTRY,SVN,EUR,Europe,YEAR,2014,,,,,,,,,1 [1-1],1,1,1,,2025-11-11T14:11:28Z,2014,2014-01-01,2014-12-31
7205486,MDG_0000000017,COUNTRY,MUS,AFR,Africa,YEAR,2002,,,,,,,,,0.77 [0.75-0.79],0.77,0.75,0.79,,2025-11-11T14:11:28Z,2002,2002-01-01,2002-12-31
7210254,MDG_0000000017,COUNTRY,LBY,EMR,Eastern Mediterranean,YEAR,2001,,,,,,,,,15 [6.9-25],15,6.9,25,,2025-11-11T14:11:28Z,2001,2001-01-01,2001-12-31
7217046,MDG_0000000017,COUNTRY,VNM,WPR,Western Pacific,YEAR,2007,,,,,,,,,25 [16-36],25,16,36,,2025-11-11T14:11:28Z,2007,2007-01-01,2007-12-31
7218353,MDG_0000000017,COUNTRY,TTO,AMR,Americas,YEAR,2003,,,,,,,,,1.3 [1.3-1.3],1.3,1.3,1.3,,2025-11-11T14:11:28Z,2003,2003-01-01,2003-12-31
7222698,MDG_0000000017,COUNTRY,MDV,SEAR,South-East Asia,YEAR,2001,,,,,,,,,5.9 [4.1-8.1],5.9,4.1,8.1,,2025-11-11T14:11:28Z,2001,2001-01-01,2001-12-31
7223774,MDG_0000000017,COUNTRY,MRT,AFR,Africa,YEAR,2021,,,,,,,,,13 [7.3-20],13,7.3,20,,2025-11-11T14:11:28Z,2021,2021-01-01,2021-12-31
7228801,MDG_0000000017,COUNTRY,MNG,WPR,Western Pacific,YEAR,2007,,,,,,,,,15 [14-17],15,14,17,,2025-11-11T14:11:28Z,2007,2007-01-01,2007-12-31
7236189,MDG_0000000017,COUNTRY,CHN,WPR,Western Pacific,YEAR,2009,,,,,,,,,4.1 [3.6-4.5],4.1,3.6,4.5,,2025-11-11T14:11:28Z,2009,2009-01-01,2009-12-31
7248327,MDG_0000000017,COUNTRY,DOM,AMR,Americas,YEAR,2000,,,,,,,,,11 [4-20],11,4,20,,2025-11-11T14:11:28Z,2000,2000-01-01,2000-12-31
7248949,MDG_0000000017,COUNTRY,UGA,AFR,Africa,YEAR,2010,,,,,,,,,17 [9.6-27],17,9.6,27,,2025-11-11T14:11:28Z,2010,2010-01-01,2010-12-31
7249130,MDG_0000000017,COUNTRY,CHL,AMR,Americas,YEAR,2003,,,,,,,,,3.9 [3.9-4],3.9,3.9,4,,2025-11-11T14:11:28Z,2003,2003-01-01,2003-12-31
7255203,MDG_0000000017,COUNTRY,BOL,AMR,Americas,YEAR,2020,,,,,,,,,11 [8.1-15],11,8.1,15,,2025-11-11T14:11:28Z,2020,2020-01-01,2020-12-31
7255529,MDG_0000000017,COUNTRY,DJI,EMR,Eastern Mediterranean,YEAR,2012,,,,,,,,,259 [155-388],259,155,388,,2025-11-11T14:11:28Z,2012,2012-01-01,2012-12-31
7256279,MDG_0000000017,COUNTRY,BDI,AFR,Africa,YEAR,2002,,,,,,,,,32 [19-48],32,19,48,,2025-11-11T14:11:28Z,2002,2002-01-01,2002-12-31
7260555,MDG_0000000017,COUNTRY,NER,AFR,Africa,YEAR,2000,,,,,,,,,17 [8.8-27],17,8.8,27,,2025-11-11T14:11:28Z,2000,2000-01-01,2000-12-31
7260773,MDG_0000000017,COUNTRY,BLR,EUR,Europe,YEAR,2005,,,,,,,,,11 [11-12],11,11,12,,2025-11-11T14:11:28Z,2005,2005-01-01,2005-12-31
7260953,MDG_0000000017,COUNTRY,SLB,WPR,Western Pacific,YEAR,2003,,,,,,,,,82 [56-112],82,56,112,,2025-11-11T14:11:28Z,2003,2003-01-01,2003-12-31
7262599,MDG_0000000017,COUNTRY,DEU,EUR,Europe,YEAR,2007,,,,,,,,,0.55 [0.54-0.56],0.55,0.54,0.56,,2025-11-11T14:11:28Z,2007,2007-01-01,2007-12-31
7272802,MDG_0000000017,COUNTRY,UKR,EUR,Europe,YEAR,2019,,,,,,,,,8.4 [8-8.8],8.4,8,8.8,,2025-11-11T14:11:28Z,2019,2019-01-01,2019-12-31
7275332,MDG_0000000017,WORLDBANKINCOMEGROUP,WB_HI,,,YEAR,2020,,,,,,,,,1.3 [1.2-1.3],1.3,1.2,1.3,,2025-11-11T14:11:28Z,2020,2020-01-01,2020-12-31
7279528,MDG_0000000017,COUNTRY,OMN,EMR,Eastern Mediterranean,YEAR,2014,,,,,,,,,0.43 [0.33-0.54],0.43,0.33,0.54,,2025-11-11T14:11:28Z,2014,2014-01-01,2014-12-31
7285480,MDG_0000000017,COUNTRY,JOR,EMR,Eastern Mediterranean,YEAR,2022,,,,,,,,,0.09 [0.07-0.1],0.09,0.07,0.1,,2025-11-11T14:11:28Z,2022,2022-01-01,2022-12-31
7286337,MDG_0000000017,COUNTRY,AGO,AFR,Africa,YEAR,2001,,,,,,,,,75 [52-103],75,52,103,,2025-11-11T14:11:28Z,2001,2001-01-01,2001-12-31
7287179,MDG_0000000017,COUNTRY,FRA,EUR,Europe,YEAR,2022,,,,,,,,,0.41 [0.38-0.43],0.41,0.38,0.43,,2025-11-11T14:11:28Z,2022,2022-01-01,2022-12-31
7298041,MDG_0000000017,COUNTRY,ROU,EUR,Europe,YEAR,2008,,,,,,,,,8.1 [7.6-8.6],8.1,7.6,8.6,,2025-11-11T14:11:28Z,2008,2008-01-01,2008-12-31
7312048,MDG_0000000017,COUNTRY,SWE,EUR,Europe,YEAR,2015,,,,,,,,,0.26 [0.25-0.26],0.26,0.25,0.26,,2025-11-11T14:11:28Z,2015,2015-01-01,2015-12-31
7317493,MDG_0000000017,COUNTRY,SYR,EMR,Eastern Mediterranean,YEAR,2018,,,,,,,,,0.13 [0.12-0.15],0.13,0.12,0.15,,2025-11-11T14:11:28Z,2018,2018-01-01,2018-12-31
7319315,MDG_0000000017,COUNTRY,CIV,AFR,Africa,YEAR,2001,,,,,,,,,17 [8.3-28],17,8.3,28,,2025-11-11T14:11:28Z,2001,2001-01-01,2001-12-31
7319325,MDG_0000000017,COUNTRY,ARG,AMR,Americas,YEAR,2016,,,,,,,,,1.6 [1.5-1.6],1.6,1.5,1.6,,2025-11-11T14:11:28Z,2016,2016-01-01,2016-12-31
7323774,MDG_0000000017,COUNTRY,MWI,AFR,Africa,YEAR,2018,,,,,,,,,16 [8.2-27],16,8.2,27,,2025-11-11T14:11:28Z,2018,2018-01-01,2018-12-31
7325827,MDG_0000000017,COUNTRY,MAC,,,YEAR,2016,,,,,,,,,16 [11-21],16,11,21,,2025-11-11T14:11:28Z,2016,2016-01-01,2016-12-31
7329593,MDG_0000000017,COUNTRY,LSO,AFR,Africa,YEAR,2022,,,,,,,,,71 [17-165],71,17,165,,2025-11-11T14:11:28Z,2022,2022-01-01,2022-12-31
7329946,MDG_0000000017,COUNTRY,TKM,EUR,Europe,YEAR,2001,,,,,,,,,26 [23-29],26,23,29,,2025-11-11T14:11:28Z,2001,2001-01-01,2001-12-31
7336473,MDG_0000000017,COUNTRY,NOR,EUR,Europe,YEAR,2013,,,,,,,,,0.4 [0.39-0.42],0.4,0.39,0.42,,2025-11-11T14:11:28Z,2013,2013-01-01,2013-12-31
7343463,MDG_0000000017,COUNTRY,GRC,EUR,Europe,YEAR,2024,,,,,,,,,0.41 [0.4-0.43],0.41,0.4,0.43,,2025-11-11T14:11:28Z,2024,2024-01-01,2024-12-31
7343674,MDG_0000000017,COUNTRY,BGR,EUR,Europe,YEAR,2014,,,,,,,,,1.9 [1.8-2],1.9,1.8,2,,2025-11-11T14:11:28Z,2014,2014-01-01,2014-12-31
7355309,MDG_0000000017,COUNTRY,NER,AFR,Africa,YEAR,2017,,,,,,,,,18 [11-26],18,11,26,,2025-11-11T14:11:28Z,2017,2017-01-01,2017-12-31
7361459,MDG_0000000017,COUNTRY,LBY,EMR,Eastern Mediterranean,YEAR,2007,,,,,,,,,12 [6.2-19],12,6.2,19,,2025-11-11T14:11:28Z,2007,2007-01-01,2007-12-31
7362471,MDG_0000000017,REGION,EMR,,,YEAR,2018,,,,,,,,,11 [9.4-12],11,9.4,12,,2025-11-11T14:11:28Z,2018,2018-01-01,2018-12-31
7363106,MDG_0000000017,REGION,AMR,,,YEAR,2000,,,,,,,,,3.8 [3.1-4.6],3.8,3.1,4.6,,2025-11-11T14:11:28Z,2000,2000-01-01,2000-12-31
7375194,MDG_0000000017,COUNTRY,KWT,EMR,Eastern Mediterranean,YEAR,2005,,,,,,,,,1.1 [1.1-1.1],1.1,1.1,1.1,,2025-11-11T14:11:28Z,2005,2005-01-01,2005-12-31
7376619,MDG_0000000017,COUNTRY,NZL,WPR,Western Pacific,YEAR,2013,,,,,,,,,0.27 [0.27-0.27],0.27,0.27,0.27,,2025-11-11T14:11:28Z,2013,2013-01-01,2013-12-31
7382952,MDG_0000000017,COUNTRY,SLB,WPR,Western Pacific,YEAR,2022,,,,,,,,,24 [17-33],24,17,33,,2025-11-11T14:11:28Z,2022,2022-01-01,2022-12-31
7389203,MDG_0000000017,COUNTRY,FSM,WPR,Western Pacific,YEAR,2024,,,,,,,,,63 [44-86],63,44,86,,2025-11-11T14:11:28Z,2024,2024-01-01,2024-12-31
7389282,MDG_0000000017,COUNTRY,MRT,AFR,Africa,YEAR,2010,,,,,,,,,31 [21-43],31,21,43,,2025-11-11T14:11:28Z,2010,2010-01-01,2010-12-31
7393539,MDG_0000000017,COUNTRY,GMB,AFR,Africa,YEAR,2009,,,,,,,,,24 [16-34],24,16,34,,2025-11-11T14:11:28Z,2009,2009-01-01,2009-12-31
7395443,MDG_0000000017,COUNTRY,SYR,EMR,Eastern Mediterranean,YEAR,2011,,,,,,,,,0.13 [0.12-0.15],0.13,0.12,0.15,,2025-11-11T14:11:28Z,2011,2011-01-01,2011-12-31
7399978,MDG_0000000017,GLOBAL,GLOBAL,,,YEAR,2020,,,,,,,,,15 [14-16],15,14,16,,2025-11-11T14:11:28Z,2020,2020-01-01,2020-12-31
7401547,MDG_0000000017,COUNTRY,SVN,EUR,Europe,YEAR,2024,,,,,,,,,0.1 [0.1-0.11],0.1,0.1,0.11,,2025-11-11T14:11:28Z,2024,2024-01-01,2024-12-31
7425046,MDG_0000000017,COUNTRY,CMR,AFR,Africa,YEAR,2018,,,,,,,,,28 [19-38],28,19,38,,2025-11-11T14:11:28Z,2018,2018-01-01,2018-12-31
7426621,MDG_0000000017,COUNTRY,ROU,EUR,Europe,YEAR,2019,,,,,,,,,4.7 [4.6-4.7],4.7,4.6,4.7,,2025-11-11T14:11:28Z,2019,2019-01-01,2019-12-31
7433167,MDG_0000000017,COUNTRY,MUS,AFR,Africa,YEAR,2016,,,,,,,,,1.4 [1.4-1.5],1.4,1.4,1.5,,2025-11-11T14:11:28Z,2016,2016-01-01,2016-12-31
7433397,MDG_0000000017,COUNTRY,BHR,EMR,Eastern Mediterranean,YEAR,2015,,,,,,,,,0.51 [0.48-0.55],0.51,0.48,0.55,,2025-11-11T14:11:28Z,2015,2015-01-01,2015-12-31
7437912,MDG_0000000017,COUNTRY,TUR,EUR,Europe,YEAR,2007,,,,,,,,,0.92 [0.66-1.2],0.92,0.66,1.2,,2025-11-11T14:11:28Z,2007,2007-01-01,2007-12-31
7444079,MDG_0000000017,COUNTRY,NAM,AFR,Africa,YEAR,2018,,,,,,,,,64 [41-92],64,41,92,,2025-11-11T14:11:28Z,2018,2018-01-01,2018-12-31
7445056,MDG_0000000017,COUNTRY,ZWE,AFR,Africa,YEAR,2021,,,,,,,,,20 [7.6-37],20,7.6,37,,2025-11-11T14:11:28Z,2021,2021-01-01,2021-12-31
7445254,MDG_0000000017,COUNTRY,LVA,EUR,Europe,YEAR,2001,,,,,,,,,18 [11-26],18,11,26,,2025-11-11T14:11:28Z,2001,2001-01-01,2001-12-31
7451397,MDG_0000000017,COUNTRY,BHS,AMR,Americas,YEAR,2011,,,,,,,,,1.5 [1.4-1.6],1.5,1.4,1.6,,2025-11-11T14:11:28Z,2011,2011-01-01,2011-12-31
7458896,MDG_0000000017,COUNTRY,PRY,AMR,Americas,YEAR,2000,,,,,,,,,5.8 [2.8-9.9],5.8,2.8,9.9,,2025-11-11T14:11:28Z,2000,2000-01-01,2000-12-31
7469369,MDG_0000000017,COUNTRY,HKG,,,YEAR,2009,,,,,,,,,3 [3-3],3,3,3,,2025-11-11T14:11:28Z,2009,2009-01-01,2009-12-31
7482269,MDG_0000000017,COUNTRY,PRI,AMR,Americas,YEAR,2023,,,,,,,,,0.19 [0.18-0.19],0.19,0.18,0.19,,2025-11-11T14:11:28Z,2023,2023-01-01,2023-12-31
7490659,MDG_0000000017,COUNTRY,PHL,WPR,Western Pacific,YEAR,2000,,,,,,,,,44 [40-49],44,40,49,,2025-11-11T14:11:28Z,2000,2000-01-01,2000-12-31
7500390,MDG_0000000017,REGION,EUR,,,YEAR,2019,,,,,,,,,2.2 [2.1-2.2],2.2,2.1,2.2,,2025-11-11T14:11:28Z,2019,2019-01-01,2019-12-31
7501841,MDG_0000000017,COUNTRY,MHL,WPR,Western Pacific,YEAR,2016,,,,,,,,,129 [89-176],129,89,176,,2025-11-11T14:11:28Z,2016,2016-01-01,2016-12-31
7508059,MDG_0000000017,COUNTRY,TLS,SEAR,South-East Asia,YEAR,2008,,,,,,,,,205 [151-268],205,151,268,,2025-11-11T14:11:28Z,2008,2008-01-01,2008-12-31
7508449,MDG_0000000017,COUNTRY,ESP,EUR,Europe,YEAR,2013,,,,,,,,,0.63 [0.63-0.64],0.63,0.63,0.64,,2025-11-11T14:11:28Z,2013,2013-01-01,2013-12-31
7509232,MDG_0000000017,COUNTRY,BRN,WPR,Western Pacific,YEAR,2004,,,,,,,,,3.7 [3.5-3.8],3.7,3.5,3.8,,2025-11-11T14:11:28Z,2004,2004-01-01,2004-12-31
7509830,MDG_0000000017,COUNTRY,URY,AMR,Americas,YEAR,2006,,,,,,,,,1.3 [1.2-1.3],1.3,1.2,1.3,,2025-11-11T14:11:28Z,2006,2006-01-01,2006-12-31
7509843,MDG_0000000017,COUNTRY,ZWE,AFR,Africa,YEAR,2018,,,,,,,,,7.7 [4.8-11],7.7,4.8,11,,2025-11-11T14:11:28Z,2018,2018-01-01,2018-12-31
7514623,MDG_0000000017,COUNTRY,RWA,AFR,Africa,YEAR,2008,,,,,,,,,7.3 [4.7-11],7.3,4.7,11,,2025-11-11T14:11:28Z,2008,2008-01-01,2008-12-31
7515506,MDG_0000000017,COUNTRY,RWA,AFR,Africa,YEAR,2012,,,,,,,,,5.9 [3.8-8.4],5.9,3.8,8.4,,2025-11-11T14:11:28Z,2012,2012-01-01,2012-12-31
7520140,MDG_0000000017,GLOBAL,GLOBAL,,,YEAR,2001,,,,,,,,,32 [28-36],32,28,36,,2025-11-11T14:11:28Z,2001,2001-01-01,2001-12-31
7520214,MDG_0000000017,COUNTRY,BHS,AMR,Americas,YEAR,2020,,,,,,,,,0.58 [0.56-0.6],0.58,0.56,0.6,,2025-11-11T14:11:28Z,2020,2020-01-01,2020-12-31
7528077,MDG_0000000017,GLOBAL,GLOBAL,,,YEAR,2000,,,,,,,,,34 [29-40],34,29,40,,2025-11-11T14:11:28Z,2000,2000-01-01,2000-12-31
7551840,MDG_0000000017,REGION,EMR,,,YEAR,2016,,,,,,,,,12 [10-13],12,10,13,,2025-11-11T14:11:28Z,2016,2016-01-01,2016-12-31
7553517,MDG_0000000017,COUNTRY,CHL,AMR,Americas,YEAR,2017,,,,,,,,,2.2 [2.2-2.2],2.2,2.2,2.2,,2025-11-11T14:11:28Z,2017,2017-01-01,2017-12-31
7558543,MDG_0000000017,COUNTRY,SUR,AMR,Americas,YEAR,2002,,,,,,,,,1.2 [1.1-1.3],1.2,1.1,1.3,,2025-11-11T14:11:28Z,2002,2002-01-01,2002-12-31
7558700,MDG_0000000017,COUNTRY,SLV,AMR,Americas,YEAR,2023,,,,,,,,,1.2 [1.1-1.3],1.2,1.1,1.3,,2025-11-11T14:11:28Z,2023,2023-01-01,2023-12-31
7564843,MDG_0000000017,REGION,WPR,,,YEAR,2004,,,,,,,,,14 [13-15],14,13,15,,2025-11-11T14:11:28Z,2004,2004-01-01,2004-12-31
7565212,MDG_0000000017,COUNTRY,PHL,WPR,Western Pacific,YEAR,2002,,,,,,,,,44 [40-49],44,40,49,,2025-11-11T14:11:28Z,2002,2002-01-01,2002-12-31
7566710,MDG_0000000017,COUNTRY,BEN,AFR,Africa,YEAR,2007,,,,,,,,,17 [10-25],17,10,25,,2025-11-11T14:11:28Z,2007,2007-01-01,2007-12-31
7576662,MDG_0000000017,COUNTRY,URY,AMR,Americas,YEAR,2007,,,,,,,,,2.4 [2.3-2.6],2.4,2.3,2.6,,2025-11-11T14:11:28Z,2007,2007-01-01,2007-12-31
7578950,MDG_0000000017,COUNTRY,RUS,EUR,Europe,YEAR,2001,,,,,,,,,21 [20-21],21,20,21,,2025-11-11T14:11:28Z,2001,2001-01-01,2001-12-31
7585340,MDG_0000000017,COUNTRY,AUS,WPR,Western Pacific,YEAR,2010,,,,,,,,,0.25 [0.25-0.25],0.25,0.25,0.25,,2025-11-11T14:11:28Z,2010,2010-01-01,2010-12-31
7585678,MDG_0000000017,COUNTRY,MLI,AFR,Africa,YEAR,2006,,,,,,,,,15 [8.7-24],15,8.7,24,,2025-11-11T14:11:28Z,2006,2006-01-01,2006-12-31
7591751,MDG_0000000017,COUNTRY,GHA,AFR,Africa,YEAR,2006,,,,,,,,,46 [19-83],46,19,83,,2025-11-11T14:11:28Z,2006,2006-01-01,2006-12-31
7595231,MDG_0000000017,COUNTRY,HND,AMR,Americas,YEAR,2004,,,,,,,,,5.6 [4.7-6.7],5.6,4.7,6.7,,2025-11-11T14:11:28Z,2004,2004-01-01,2004-12-31
7595315,MDG_0000000017,COUNTRY,COL,AMR,Americas,YEAR,2022,,,,,,,,,3.3 [2.9-3.8],3.3,2.9,3.8,,2025-11-11T14:11:28Z,2022,2022-01-01,2022-12-31
7595748,MDG_0000000017,COUNTRY,MOZ,AFR,Africa,YEAR,2009,,,,,,,,,26 [15-41],26,15,41,,2025-11-11T14:11:28Z,2009,2009-01-01,2009-12-31
7595771,MDG_0000000017,COUNTRY,BLR,EUR,Europe,YEAR,2019,,,,,,,,,2.4 [2.3-2.5],2.4,2.3,2.5,,2025-11-11T14:11:28Z,2019,2019-01-01,2019-12-31
7596561,MDG_0000000017,COUNTRY,NER,AFR,Africa,YEAR,2018,,,,,,,,,16 [9.7-25],16,9.7,25,,2025-11-11T14:11:28Z,2018,2018-01-01,2018-12-31
7597160,MDG_0000000017,COUNTRY,KOR,WPR,Western Pacific,YEAR,2021,,,,,,,,,3.3 [3.1-3.5],3.3,3.1,3.5,,2025-11-11T14:11:28Z,2021,2021-01-01,2021-12-31
7603991,MDG_0000000017,COUNTRY,TTO,AMR,Americas,YEAR,2020,,,,,,,,,1.5 [1.4-1.5],1.5,1.4,1.5,,2025-11-11T14:11:28Z,2020,2020-01-01,2020-12-31
7608034,MDG_0000000017,COUNTRY,AFG,EMR,Eastern Mediterranean,YEAR,2015,,,,,,,,,44 [31-59],44,31,59,,2025-11-11T14:11:28Z,2015,2015-01-01,2015-12-31
7610005,MDG_0000000017,COUNTRY,FIN,EUR,Europe,YEAR,2018,,,,,,,,,0.55 [0.55-0.55],0.55,0.55,0.55,,2025-11-11T14:11:28Z,2018,2018-01-01,2018-12-31
7610779,MDG_0000000017,COUNTRY,FIN,EUR,Europe,YEAR,2013,,,,,,,,,0.58 [0.57-0.58],0.58,0.57,0.58,,2025-11-11T14:11:28Z,2013,2013-01-01,2013-12-31
7614732,MDG_0000000017,COUNTRY,TKM,EUR,Europe,YEAR,2009,,,,,,,,,15 [12-18],15,12,18,,2025-11-11T14:11:28Z,2009,2009-01-01,2009-12-31
7616275,MDG_0000000017,COUNTRY,MMR,SEAR,South-East Asia,YEAR,2021,,,,,,,,,58 [38-84],58,38,84,,2025-11-11T14:11:28Z,2021,2021-01-01,2021-12-31
7617274,MDG_0000000017,COUNTRY,PRY,AMR,Americas,YEAR,2024,,,,,,,,,3.5 [1.6-6.2],3.5,1.6,6.2,,2025-11-11T14:11:28Z,2024,2024-01-01,2024-12-31
7623177,MDG_0000000017,COUNTRY,TKM,EUR,Europe,YEAR,2007,,,,,,,,,19 [15-22],19,15,22,,2025-11-11T14:11:28Z,2007,2007-01-01,2007-12-31
7633389,MDG_0000000017,COUNTRY,LKA,SEAR,South-East Asia,YEAR,2009,,,,,,,,,5.6 [4.7-6.5],5.6,4.7,6.5,,2025-11-11T14:11:28Z,2009,2009-01-01,2009-12-31
7633837,MDG_0000000017,COUNTRY,ZMB,AFR,Africa,YEAR,2021,,,,,,,,,20 [11-31],20,11,31,,2025-11-11T14:11:28Z,2021,2021-01-01,2021-12-31
7634722,MDG_0000000017,COUNTRY,BWA,AFR,Africa,YEAR,2024,,,,,,,,,13 [8.3-19],13,8.3,19,,2025-11-11T14:11:28Z,2024,2024-01-01,2024-12-31
7640770,MDG_0000000017,COUNTRY,BGR,EUR,Europe,YEAR,2017,,,,,,,,,1.5 [1.4-1.5],1.5,1.4,1.5,,2025-11-11T14:11:28Z,2017,2017-01-01,2017-12-31
7641770,MDG_0000000017,COUNTRY,IRN,EMR,Eastern Mediterranean,YEAR,2019,,,,,,,,,1 [0.97-1],1,0.97,1,,2025-11-11T14:11:28Z,2019,2019-01-01,2019-12-31
7647754,MDG_0000000017,COUNTRY,MEX,AMR,Americas,YEAR,2017,,,,,,,,,1.8 [1.7-1.8],1.8,1.7,1.8,,2025-11-11T14:11:28Z,2017,2017-01-01,2017-12-31
7652503,MDG_0000000017,COUNTRY,BLR,EUR,Europe,YEAR,2010,,,,,,,,,9.7 [8.8-11],9.7,8.8,11,,2025-11-11T14:11:28Z,2010,2010-01-01,2010-12-31
7661455,MDG_0000000017,COUNTRY,PHL,WPR,Western Pacific,YEAR,2010,,,,,,,,,32 [29-35],32,29,35,,2025-11-11T14:11:28Z,2010,2010-01-01,2010-12-31
7664725,MDG_0000000017,COUNTRY,CHL,AMR,Americas,YEAR,2002,,,,,,,,,3.9 [3.8-3.9],3.9,3.8,3.9,,2025-11-11T14:11:28Z,2002,2002-01-01,2002-12-31
7667445,MDG_0000000017,COUNTRY,GHA,AFR,Africa,YEAR,2003,,,,,,,,,49 [21-90],49,21,90,,2025-11-11T14:11:28Z,2003,2003-01-01,2003-12-31
7679992,MDG_0000000017,COUNTRY,NPL,SEAR,South-East Asia,YEAR,2004,,,,,,,,,106 [66-155],106,66,155,,2025-11-11T14:11:28Z,2004,2004-01-01,2004-12-31
7684608,MDG_0000000017,COUNTRY,MDV,SEAR,South-East Asia,YEAR,2016,,,,,,,,,2.8 [2.5-3],2.8,2.5,3,,2025-11-11T14:11:28Z,2016,2016-01-01,2016-12-31
7684795,MDG_0000000017,REGION,WPR,,,YEAR,2014,,,,,,,,,10 [9.5-11],10,9.5,11,,2025-11-11T14:11:28Z,2014,2014-01-01,2014-12-31
7690756,MDG_0000000017,COUNTRY,MKD,EUR,Europe,YEAR,2021,,,,,,,,,0.65 [0.62-0.69],0.65,0.62,0.69,,2025-11-11T14:11:28Z,2021,2021-01-01,2021-12-31
7692438,MDG_0000000017,COUNTRY,DJI,EMR,Eastern Mediterranean,YEAR,2024,,,,,,,,,127 [88-174],127,88,174,,2025-11-11T14:11:28Z,2024,2024-01-01,2024-12-31
7692648,MDG_0000000017,COUNTRY,NZL,WPR,Western Pacific,YEAR,2002,,,,,,,,,0.4 [0.4-0.4],0.4,0.4,0.4,,2025-11-11T14:11:28Z,2002,2002-01-01,2002-12-31
7704609,MDG_0000000017,COUNTRY,UGA,AFR,Africa,YEAR,2019,,,,,,,,,16 [8.9-25],16,8.9,25,,2025-11-11T14:11:28Z,2019,2019-01-01,2019-12-31
7704763,MDG_0000000017,REGION,EUR,,,YEAR,2002,,,,,,,,,8.1 [7.8-8.3],8.1,7.8,8.3,,2025-11-11T14:11:28Z,2002,2002-01-01,2002-12-31
7705798,MDG_0000000017,COUNTRY,SAU,EMR,Eastern Mediterranean,YEAR,2006,,,,,,,,,1.7 [1.4-2],1.7,1.4,2,,2025-11-11T14:11:28Z,2006,2006-01-01,2006-12-31
7709507,MDG_0000000017,COUNTRY,AFG,EMR,Eastern Mediterranean,YEAR,2014,,,,,,,,,46 [32-62],46,32,62,,2025-11-11T14:11:28Z,2014,2014-01-01,2014-12-31
7715482,MDG_0000000017,COUNTRY,CHN,WPR,Western Pacific,YEAR,2011,,,,,,,,,3.4 [3.2-3.6],3.4,3.2,3.6,,2025-11-11T14:11:28Z,2011,2011-01-01,2011-12-31
7716126,MDG_0000000017,COUNTRY,BEN,AFR,Africa,YEAR,2012,,,,,,,,,13 [7.5-21],13,7.5,21,,2025-11-11T14:11:28Z,2012,2012-01-01,2012-12-31
7718141,MDG_0000000017,COUNTRY,ISR,EUR,Europe,YEAR,2011,,,,,,,,,0.29 [0.28-0.3],0.29,0.28,0.3,,2025-11-11T14:11:28Z,2011,2011-01-01,2011-12-31
7722070,MDG_0000000017,COUNTRY,JOR,EMR,Eastern Mediterranean,YEAR,2001,,,,,,,,,0.56 [0.44-0.69],0.56,0.44,0.69,,2025-11-11T14:11:28Z,2001,2001-01-01,2001-12-31
7722371,MDG_0000000017,REGION,SEAR,,,YEAR,2022,,,,,,,,,25 [21-30],25,21,30,,2025-11-11T14:11:28Z,2022,2022-01-01,2022-12-31
7723505,MDG_0000000017,COUNTRY,FRA,EUR,Europe,YEAR,2015,,,,,,,,,0.7 [0.66-0.73],0.7,0.66,0.73,,2025-11-11T14:11:28Z,2015,2015-01-01,2015-12-31
7728324,MDG_0000000017,COUNTRY,TLS,SEAR,South-East Asia,YEAR,2006,,,,,,,,,235 [173-307],235,173,307,,2025-11-11T14:11:28Z,2006,2006-01-01,2006-12-31
7729142,MDG_0000000017,COUNTRY,AUS,WPR,Western Pacific,YEAR,2001,,,,,,,,,0.44 [0.43-0.44],0.44,0.43,0.44,,2025-11-11T14:11:28Z,2001,2001-01-01,2001-12-31
7730101,MDG_0000000017,COUNTRY,STP,AFR,Africa,YEAR,2001,,,,,,,,,62 [40-87],62,40,87,,2025-11-11T14:11:28Z,2001,2001-01-01,2001-12-31
7734869,MDG_0000000017,COUNTRY,COD,AFR,Africa,YEAR,2021,,,,,,,,,79 [35-140],79,35,140,,2025-11-11T14:11:28Z,2021,2021-01-01,2021-12-31
7736927,MDG_0000000017,COUNTRY,SUR,AMR,Americas,YEAR,2012,,,,,,,,,2.7 [2.4-3],2.7,2.4,3,,2025-11-11T14:11:28Z,2012,2012-01-01,2012-12-31
7742366,MDG_0000000017,COUNTRY,KEN,AFR,Africa,YEAR,2002,,,,,,,,,61 [25-112],61,25,112,,2025-11-11T14:11:28Z,2002,2002-01-01,2002-12-31
7742978,MDG_0000000017,COUNTRY,SVK,EUR,Europe,YEAR,2006,,,,,,,,,0.88 [0.87-0.89],0.88,0.87,0.89,,2025-11-11T14:11:28Z,2006,2006-01-01,2006-12-31
7747390,MDG_0000000017,COUNTRY,LUX,EUR,Europe,YEAR,2019,,,,,,,,,0.23 [0.22-0.24],0.23,0.22,0.24,,2025-11-11T14:11:28Z,2019,2019-01-01,2019-12-31
7748527,MDG_0000000017,COUNTRY,ARM,EUR,Europe,YEAR,2011,,,,,,,,,4.2 [4.1-4.2],4.2,4.1,4.2,,2025-11-11T14:11:28Z,2011,2011-01-01,2011-12-31
7754141,MDG_0000000017,COUNTRY,HUN,EUR,Europe,YEAR,2000,,,,,,,,,4 [3.9-4.1],4,3.9,4.1,,2025-11-11T14:11:28Z,2000,2000-01-01,2000-12-31
7756109,MDG_0000000017,COUNTRY,LAO,WPR,Western Pacific,YEAR,2015,,,,,,,,,51 [31-75],51,31,75,,2025-11-11T14:11:28Z,2015,2015-01-01,2015-12-31
7756253,MDG_0000000017,COUNTRY,ARE,EMR,Eastern Mediterranean,YEAR,2015,,,,,,,,,0.67 [0.39-1],0.67,0.39,1,,2025-11-11T14:11:28Z,2015,2015-01-01,2015-12-31
7767295,MDG_0000000017,COUNTRY,HKG,,,YEAR,2016,,,,,,,,,2.3 [2.2-2.3],2.3,2.2,2.3,,2025-11-11T14:11:28Z,2016,2016-01-01,2016-12-31
7773411,MDG_0000000017,COUNTRY,SGP,WPR,Western Pacific,YEAR,2006,,,,,,,,,1.5 [1.5-1.6],1.5,1.5,1.6,,2025-11-11T14:11:28Z,2006,2006-01-01,2006-12-31
7774440,MDG_0000000017,COUNTRY,DEU,EUR,Europe,YEAR,2018,,,,,,,,,0.36 [0.36-0.37],0.36,0.36,0.37,,2025-11-11T14:11:28Z,2018,2018-01-01,2018-12-31
7774569,MDG_0000000017,REGION,WPR,,,YEAR,2015,,,,,,,,,9.7 [9.2-10],9.7,9.2,10,,2025-11-11T14:11:28Z,2015,2015-01-01,2015-12-31
7775178,MDG_0000000017,COUNTRY,AFG,EMR,Eastern Mediterranean,YEAR,2019,,,,,,,,,36 [25-48],36,25,48,,2025-11-11T14:11:28Z,2019,2019-01-01,2019-12-31
7775331,MDG_0000000017,COUNTRY,USA,AMR,Americas,YEAR,2011,,,,,,,,,0.19 [0.18-0.19],0.19,0.18,0.19,,2025-11-11T14:11:28Z,2011,2011-01-01,2011-12-31
7778785,MDG_0000000017,COUNTRY,SVK,EUR,Europe,YEAR,2016,,,,,,,,,0.48 [0.47-0.49],0.48,0.47,0.49,,2025-11-11T14:11:28Z,2016,2016-01-01,2016-12-31
7779953,MDG_0000000017,COUNTRY,PRI,AMR,Americas,YEAR,2009,,,,,,,,,0.24 [0.24-0.24],0.24,0.24,0.24,,2025-11-11T14:11:28Z,2009,2009-01-01,2009-12-31
7780255,MDG_0000000017,COUNTRY,CHE,EUR,Europe,YEAR,2022,,,,,,,,,0.14 [0.14-0.14],0.14,0.14,0.14,,2025-11-11T14:11:28Z,2022,2022-01-01,2022-12-31
7787483,MDG_0000000017,COUNTRY,KGZ,EUR,Europe,YEAR,2013,,,,,,,,,10 [10-10],10,10,10,,2025-11-11T14:11:28Z,2013,2013-01-01,2013-12-31
7798243,MDG_0000000017,GLOBAL,GLOBAL,,,YEAR,2009,,,,,,,,,23 [20-25],23,20,25,,2025-11-11T14:11:28Z,2009,2009-01-01,2009-12-31
7805448,MDG_0000000017,COUNTRY,NER,AFR,Africa,YEAR,2010,,,,,,,,,27 [18-37],27,18,37,,2025-11-11T14:11:28Z,2010,2010-01-01,2010-12-31
7812670,MDG_0000000017,COUNTRY,CYP,EUR,Europe,YEAR,2004,,,,,,,,,0.38 [0.33-0.44],0.38,0.33,0.44,,2025-11-11T14:11:28Z,2004,2004-01-01,2004-12-31
7813235,MDG_0000000017,COUNTRY,ITA,EUR,Europe,YEAR,2006,,,,,,,,,0.7 [0.7-0.71],0.7,0.7,0.71,,2025-11-11T14:11:28Z,2006,2006-01-01,2006-12-31
7819734,MDG_0000000017,COUNTRY,LBR,AFR,Africa,YEAR,2007,,,,,,,,,58 [38-82],58,38,82,,2025-11-11T14:11:28Z,2007,2007-01-01,2007-12-31
7819837,MDG_0000000017,COUNTRY,BGD,SEAR,South-East Asia,YEAR,2001,,,,,,,,,72 [46-104],72,46,104,,2025-11-11T14:11:28Z,2001,2001-01-01,2001-12-31
7825848,MDG_0000000017,COUNTRY,GNQ,AFR,Africa,YEAR,2011,,,,,,,,,39 [13-79],39,13,79,,2025-11-11T14:11:28Z,2011,2011-01-01,2011-12-31
7829648,MDG_0000000017,COUNTRY,TUN,EMR,Eastern Mediterranean,YEAR,2001,,,,,,,,,1.7 [1.3-2],1.7,1.3,2,,2025-11-11T14:11:28Z,2001,2001-01-01,2001-12-31
7829937,MDG_0000000017,REGION,AMR,,,YEAR,2012,,,,,,,,,1.9 [1.8-2],1.9,1.8,2,,2025-11-11T14:11:28Z,2012,2012-01-01,2012-12-31
7838012,MDG_0000000017,COUNTRY,DOM,AMR,Americas,YEAR,2002,,,,,,,,,9.7 [4.3-17],9.7,4.3,17,,2025-11-11T14:11:28Z,2002,2002-01-01,2002-12-31
7838861,MDG_0000000017,COUNTRY,NIC,AMR,Americas,YEAR,2024,,,,,,,,,1.9 [1.6-2.2],1.9,1.6,2.2,,2025-11-11T14:11:28Z,2024,2024-01-01,2024-12-31
7843417,MDG_0000000017,COUNTRY,PAN,AMR,Americas,YEAR,2013,,,,,,,,,5.5 [5.4-5.6],5.5,5.4,5.6,,2025-11-11T14:11:28Z,2013,2013-01-01,2013-12-31
7843797,MDG_0000000017,COUNTRY,ARM,EUR,Europe,YEAR,2019,,,,,,,,,1.2 [1.2-1.3],1.2,1.2,1.3,,2025-11-11T14:11:28Z,2019,2019-01-01,2019-12-31
7850189,MDG_0000000017,COUNTRY,BEL,EUR,Europe,YEAR,2023,,,,,,,,,0.29 [0.27-0.3],0.29,0.27,0.3,,2025-11-11T14:11:28Z,2023,2023-01-01,2023-12-31
7861626,MDG_0000000017,COUNTRY,IDN,WPR,Western Pacific,YEAR,2015,,,,,,,,,37 [35-40],37,35,40,,2025-11-11T14:11:28Z,2015,2015-01-01,2015-12-31
7861889,MDG_0000000017,REGION,EUR,,,YEAR,2010,,,,,,,,,5.4 [5.2-5.5],5.4,5.2,5.5,,2025-11-11T14:11:28Z,2010,2010-01-01,2010-12-31
7862693,MDG_0000000017,COUNTRY,BDI,AFR,Africa,YEAR,2014,,,,,,,,,25 [17-35],25,17,35,,2025-11-11T14:11:28Z,2014,2014-01-01,2014-12-31
7863286,MDG_0000000017,REGION,EUR,,,YEAR,2003,,,,,,,,,8.1 [7.8-8.4],8.1,7.8,8.4,,2025-11-11T14:11:28Z,2003,2003-01-01,2003-12-31
7869586,MDG_0000000017,COUNTRY,YEM,EMR,Eastern Mediterranean,YEAR,2023,,,,,,,,,9.3 [6.6-12],9.3,6.6,12,,2025-11-11T14:11:28Z,2023,2023-01-01,2023-12-31
7875306,MDG_0000000017,COUNTRY,VNM,WPR,Western Pacific,YEAR,2006,,,,,,,,,26 [16-39],26,16,39,,2025-11-11T14:11:28Z,2006,2006-01-01,2006-12-31
7876056,MDG_0000000017,COUNTRY,SDN,EMR,Eastern Mediterranean,YEAR,2014,,,,,,,,,19 [10-32],19,10,32,,2025-11-11T14:11:28Z,2014,2014-01-01,2014-12-31
7882279,MDG_0000000017,COUNTRY,TCD,AFR,Africa,YEAR,2001,,,,,,,,,22 [13-33],22,13,33,,2025-11-11T14:11:28Z,2001,2001-01-01,2001-12-31
7887804,MDG_0000000017,COUNTRY,ROU,EUR,Europe,YEAR,2009,,,,,,,,,7.3 [7.3-7.3],7.3,7.3,7.3,,2025-11-11T14:11:28Z,2009,2009-01-01,2009-12-31
7894768,MDG_0000000017,COUNTRY,ECU,AMR,Americas,YEAR,2016,,,,,,,,,3.3 [2.9-3.7],3.3,2.9,3.7,,2025-11-11T14:11:28Z,2016,2016-01-01,2016-12-31
7920757,MDG_0000000017,COUNTRY,ZAF,AFR,Africa,YEAR,2013,,,,,,,,,39 [37-41],39,37,41,,2025-11-11T14:11:28Z,2013,2013-01-01,2013-12-31
7924425,MDG_0000000017,COUNTRY,MRT,AFR,Africa,YEAR,2007,,,,,,,,,34 [24-46],34,24,46,,2025-11-11T14:11:28Z,2007,2007-01-01,2007-12-31
7926711,MDG_0000000017,COUNTRY,SSD,AFR,Africa,YEAR,2020,,,,,,,,,79 [35-141],79,35,141,,2025-11-11T14:11:28Z,2020,2020-01-01,2020-12-31
7932485,MDG_0000000017,COUNTRY,SAU,EMR,Eastern Mediterranean,YEAR,2013,,,,,,,,,1 [0.88-1.2],1,0.88,1.2,,2025-11-11T14:11:28Z,2013,2013-01-01,2013-12-31
7937337,MDG_0000000017,COUNTRY,USA,AMR,Americas,YEAR,2016,,,,,,,,,0.17 [0.17-0.17],0.17,0.17,0.17,,2025-11-11T14:11:28Z,2016,2016-01-01,2016-12-31
7944267,MDG_0000000017,COUNTRY,VUT,WPR,Western Pacific,YEAR,2019,,,,,,,,,11 [5.5-19],11,5.5,19,,2025-11-11T14:11:28Z,2019,2019-01-01,2019-12-31
7945189,MDG_0000000017,COUNTRY,SWZ,AFR,Africa,YEAR,2013,,,,,,,,,51 [30-78],51,30,78,,2025-11-11T14:11:28Z,2013,2013-01-01,2013-12-31
7950312,MDG_0000000017,COUNTRY,PRY,AMR,Americas,YEAR,2001,,,,,,,,,3.5 [2.9-4.2],3.5,2.9,4.2,,2025-11-11T14:11:28Z,2001,2001-01-01,2001-12-31
7962855,MDG_0000000017,COUNTRY,MRT,AFR,Africa,YEAR,2003,,,,,,,,,48 [34-64],48,34,64,,2025-11-11T14:11:28Z,2003,2003-01-01,2003-12-31
7970908,MDG_0000000017,COUNTRY,BFA,AFR,Africa,YEAR,2008,,,,,,,,,18 [7.6-32],18,7.6,32,,2025-11-11T14:11:28Z,2008,2008-01-01,2008-12-31
7975935,MDG_0000000017,COUNTRY,NZL,WPR,Western Pacific,YEAR,2008,,,,,,,,,0.37 [0.37-0.37],0.37,0.37,0.37,,2025-11-11T14:11:28Z,2008,2008-01-01,2008-12-31
7977506,MDG_0000000017,COUNTRY,TCD,AFR,Africa,YEAR,2009,,,,,,,,,30 [20-43],30,20,43,,2025-11-11T14:11:28Z,2009,2009-01-01,2009-12-31
7983979,MDG_0000000017,COUNTRY,TLS,SEAR,South-East Asia,YEAR,2019,,,,,,,,,36 [23-50],36,23,50,,2025-11-11T14:11:28Z,2019,2019-01-01,2019-12-31
7988083,MDG_0000000017,COUNTRY,STP,AFR,Africa,YEAR,2010,,,,,,,,,35 [24-48],35,24,48,,2025-11-11T14:11:28Z,2010,2010-01-01,2010-12-31
7989133,MDG_0000000017,COUNTRY,SVK,EUR,Europe,YEAR,2003,,,,,,,,,1.2 [1.2-1.2],1.2,1.2,1.2,,2025-11-11T14:11:28Z,2003,2003-01-01,2003-12-31
7990036,MDG_0000000017,COUNTRY,ITA,EUR,Europe,YEAR,2008,,,,,,,,,0.66 [0.65-0.67],0.66,0.65,0.67,,2025-11-11T14:11:28Z,2008,2008-01-01,2008-12-31
7995606,MDG_0000000017,REGION,EMR,,,YEAR,2015,,,,,,,,,12 [11-14],12,11,14,,2025-11-11T14:11:28Z,2015,2015-01-01,2015-12-31
8010461,MDG_0000000017,COUNTRY,PNG,WPR,Western Pacific,YEAR,2019,,,,,,,,,122 [88-161],122,88,161,,2025-11-11T14:11:28Z,2019,2019-01-01,2019-12-31
8024043,MDG_0000000017,COUNTRY,BRA,AMR,Americas,YEAR,2018,,,,,,,,,2.5 [2.4-2.5],2.5,2.4,2.5,,2025-11-11T14:11:28Z,2018,2018-01-01,2018-12-31
8030181,MDG_0000000017,COUNTRY,THA,SEAR,South-East Asia,YEAR,2020,,,,,,,,,13 [10-17],13,10,17,,2025-11-11T14:11:28Z,2020,2020-01-01,2020-12-31
8031268,MDG_0000000017,REGION,WPR,,,YEAR,2002,,,,,,,,,17 [15-18],17,15,18,,2025-11-11T14:11:28Z,2002,2002-01-01,2002-12-31
8031611,MDG_0000000017,COUNTRY,HND,AMR,Americas,YEAR,2012,,,,,,,,,3.8 [3.1-4.6],3.8,3.1,4.6,,2025-11-11T14:11:28Z,2012,2012-01-01,2012-12-31
8036793,MDG_0000000017,COUNTRY,ZAF,AFR,Africa,YEAR,2002,,,,,,,,,63 [61-65],63,61,65,,2025-11-11T14:11:28Z,2002,2002-01-01,2002-12-31
8038160,MDG_0000000017,COUNTRY,IRQ,EMR,Eastern Mediterranean,YEAR,2022,,,,,,,,,1.7 [1.5-1.9],1.7,1.5,1.9,,2025-11-11T14:11:28Z,2022,2022-01-01,2022-12-31
8038427,MDG_0000000017,COUNTRY,CHE,EUR,Europe,YEAR,2002,,,,,,,,,0.46 [0.45-0.47],0.46,0.45,0.47,,2025-11-11T14:11:28Z,2002,2002-01-01,2002-12-31
8044295,MDG_0000000017,COUNTRY,QAT,EMR,Eastern Mediterranean,YEAR,2001,,,,,,,,,0.78 [0.66-0.91],0.78,0.66,0.91,,2025-11-11T14:11:28Z,2001,2001-01-01,2001-12-31
8044502,MDG_0000000017,COUNTRY,SVN,EUR,Europe,YEAR,2008,,,,,,,,,1.7 [1.7-1.7],1.7,1.7,1.7,,2025-11-11T14:11:28Z,2008,2008-01-01,2008-12-31
8048278,MDG_0000000017,COUNTRY,BDI,AFR,Africa,YEAR,2019,,,,,,,,,20 [12-29],20,12,29,,2025-11-11T14:11:28Z,2019,2019-01-01,2019-12-31
8048811,MDG_0000000017,REGION,AFR,,,YEAR,2018,,,,,,,,,41 [33-50],41,33,50,,2025-11-11T14:11:28Z,2018,2018-01-01,2018-12-31
8049606,MDG_0000000017,COUNTRY,OMN,EMR,Eastern Mediterranean,YEAR,2008,,,,,,,,,0.6 [0.48-0.73],0.6,0.48,0.73,,2025-11-11T14:11:28Z,2008,2008-01-01,2008-12-31
8055199,MDG_0000000017,COUNTRY,ISR,EUR,Europe,YEAR,2002,,,,,,,,,0.95 [0.91-0.98],0.95,0.91,0.98,,2025-11-11T14:11:28Z,2002,2002-01-01,2002-12-31
8061680,MDG_0000000017,COUNTRY,TTO,AMR,Americas,YEAR,2000,,,,,,,,,1.8 [1.8-1.8],1.8,1.8,1.8,,2025-11-11T14:11:28Z,2000,2000-01-01,2000-12-31
8062618,MDG_0000000017,COUNTRY,HND,AMR,Americas,YEAR,2008,,,,,,,,,4.7 [3.9-5.6],4.7,3.9,5.6,,2025-11-11T14:11:28Z,2008,2008-01-01,2008-12-31
8068813,MDG_0000000017,COUNTRY,MLI,AFR,Africa,YEAR,2001,,,,,,,,,13 [6.6-22],13,6.6,22,,2025-11-11T14:11:28Z,2001,2001-01-01,2001-12-31
8069566,MDG_0000000017,COUNTRY,VEN,AMR,Americas,YEAR,2015,,,,,,,,,2.3 [2.3-2.3],2.3,2.3,2.3,,2025-11-11T14:11:28Z,2015,2015-01-01,2015-12-31
8074103,MDG_0000000017,COUNTRY,THA,SEAR,South-East Asia,YEAR,2008,,,,,,,,,14 [8.4-21],14,8.4,21,,2025-11-11T14:11:28Z,2008,2008-01-01,2008-12-31
8076232,MDG_0000000017,COUNTRY,HUN,EUR,Europe,YEAR,2005,,,,,,,,,2.5 [2.5-2.5],2.5,2.5,2.5,,2025-11-11T14:11:28Z,2005,2005-01-01,2005-12-31
8076308,MDG_0000000017,COUNTRY,PRY,AMR,Americas,YEAR,2012,,,,,,,,,3.5 [3.2-3.8],3.5,3.2,3.8,,2025-11-11T14:11:28Z,2012,2012-01-01,2012-12-31
8088601,MDG_0000000017,COUNTRY,PSE,EMR,Eastern Mediterranean,YEAR,2000,,,,,,,,,1.4 [0.93-1.9],1.4,0.93,1.9,,2025-11-11T14:11:28Z,2000,2000-01-01,2000-12-31
8092738,MDG_0000000017,COUNTRY,NLD,EUR,Europe,YEAR,2002,,,,,,,,,0.47 [0.45-0.48],0.47,0.45,0.48,,2025-11-11T14:11:28Z,2002,2002-01-01,2002-12-31
8101081,MDG_0000000017,COUNTRY,MKD,EUR,Europe,YEAR,2017,,,,,,,,,0.56 [0.53-0.58],0.56,0.53,0.58,,2025-11-11T14:11:28Z,2017,2017-01-01,2017-12-31
8105343,MDG_0000000017,COUNTRY,LSO,AFR,Africa,YEAR,2002,,,,,,,,,75 [27-147],75,27,147,,2025-11-11T14:11:28Z,2002,2002-01-01,2002-12-31
8105474,MDG_0000000017,COUNTRY,LAO,WPR,Western Pacific,YEAR,2000,,,,,,,,,126 [74-193],126,74,193,,2025-11-11T14:11:28Z,2000,2000-01-01,2000-12-31
8105635,MDG_0000000017,COUNTRY,BRN,WPR,Western Pacific,YEAR,2024,,,,,,,,,5.4 [4.6-6.3],5.4,4.6,6.3,,2025-11-11T14:11:28Z,2024,2024-01-01,2024-12-31
8106527,MDG_0000000017,COUNTRY,ARM,EUR,Europe,YEAR,2008,,,,,,,,,7.2 [5.9-8.7],7.2,5.9,8.7,,2025-11-11T14:11:28Z,2008,2008-01-01,2008-12-31
8114357,MDG_0000000017,WORLDBANKINCOMEGROUP,WB_HI,,,YEAR,2009,,,,,,,,,3.2 [3.2-3.3],3.2,3.2,3.3,,2025-11-11T14:11:28Z,2009,2009-01-01,2009-12-31
8119655,MDG_0000000017,COUNTRY,IDN,WPR,Western Pacific,YEAR,2010,,,,,,,,,46 [44-49],46,44,49,,2025-11-11T14:11:28Z,2010,2010-01-01,2010-12-31
8139174,MDG_0000000017,COUNTRY,IRN,EMR,Eastern Mediterranean,YEAR,2006,,,,,,,,,0.89 [0.77-1],0.89,0.77,1,,2025-11-11T14:11:28Z,2006,2006-01-01,2006-12-31
8139602,MDG_0000000017,REGION,EUR,,,YEAR,2008,,,,,,,,,6.3 [6.2-6.4],6.3,6.2,6.4,,2025-11-11T14:11:28Z,2008,2008-01-01,2008-12-31
8145605,MDG_0000000017,REGION,EUR,,,YEAR,2011,,,,,,,,,4.9 [4.8-5.1],4.9,4.8,5.1,,2025-11-11T14:11:28Z,2011,2011-01-01,2011-12-31
8150364,MDG_0000000017,COUNTRY,CZE,EUR,Europe,YEAR,2007,,,,,,,,,0.69 [0.68-0.69],0.69,0.68,0.69,,2025-11-11T14:11:28Z,2007,2007-01-01,2007-12-31
8151112,MDG_0000000017,COUNTRY,CYP,EUR,Europe,YEAR,2007,,,,,,,,,0.11 [0.1-0.12],0.11,0.1,0.12,,2025-11-11T14:11:28Z,2007,2007-01-01,2007-12-31
8151947,MDG_0000000017,COUNTRY,TGO,AFR,Africa,YEAR,2014,,,,,,,,,12 [6.3-19],12,6.3,19,,2025-11-11T14:11:28Z,2014,2014-01-01,2014-12-31
8152218,MDG_0000000017,COUNTRY,CAF,AFR,Africa,YEAR,2019,,,,,,,,,76 [34-134],76,34,134,,2025-11-11T14:11:28Z,2019,2019-01-01,2019-12-31
8156619,MDG_0000000017,COUNTRY,SVN,EUR,Europe,YEAR,2010,,,,,,,,,0.97 [0.97-0.98],0.97,0.97,0.98,,2025-11-11T14:11:28Z,2010,2010-01-01,2010-12-31
8176968,MDG_0000000017,COUNTRY,ZWE,AFR,Africa,YEAR,2011,,,,,,,,,12 [7.5-17],12,7.5,17,,2025-11-11T14:11:28Z,2011,2011-01-01,2011-12-31
8188126,MDG_0000000017,WORLDBANKINCOMEGROUP,WB_HI,,,YEAR,2006,,,,,,,,,3.8 [3.7-3.8],3.8,3.7,3.8,,2025-11-11T14:11:28Z,2006,2006-01-01,2006-12-31
8196785,MDG_0000000017,COUNTRY,SLV,AMR,Americas,YEAR,2016,,,,,,,,,1.1 [0.99-1.3],1.1,0.99,1.3,,2025-11-11T14:11:28Z,2016,2016-01-01,2016-12-31
8201175,MDG_0000000017,COUNTRY,GTM,AMR,Americas,YEAR,2008,,,,,,,,,2.6 [2.5-2.8],2.6,2.5,2.8,,2025-11-11T14:11:28Z,2008,2008-01-01,2008-12-31
8202655,MDG_0000000017,COUNTRY,ITA,EUR,Europe,YEAR,2018,,,,,,,,,0.48 [0.48-0.49],0.48,0.48,0.49,,2025-11-11T14:11:28Z,2018,2018-01-01,2018-12-31
8207259,MDG_0000000017,COUNTRY,BLZ,AMR,Americas,YEAR,2002,,,,,,,,,6.4 [6.3-6.5],6.4,6.3,6.5,,2025-11-11T14:11:28Z,2002,2002-01-01,2002-12-31
8207537,MDG_0000000017,COUNTRY,UKR,EUR,Europe,YEAR,2003,,,,,,,,,22 [22-23],22,22,23,,2025-11-11T14:11:28Z,2003,2003-01-01,2003-12-31
8208143,MDG_0000000017,COUNTRY,TGO,AFR,Africa,YEAR,2011,,,,,,,,,13 [7.7-20],13,7.7,20,,2025-11-11T14:11:28Z,2011,2011-01-01,2011-12-31
8208452,MDG_0000000017,COUNTRY,COM,AFR,Africa,YEAR,2013,,,,,,,,,11 [4.1-22],11,4.1,22,,2025-11-11T14:11:28Z,2013,2013-01-01,2013-12-31
8209572,MDG_0000000017,COUNTRY,HRV,EUR,Europe,YEAR,2021,,,,,,,,,0.56 [0.56-0.57],0.56,0.56,0.57,,2025-11-11T14:11:28Z,2021,2021-01-01,2021-12-31
8213125,MDG_0000000017,COUNTRY,MHL,WPR,Western Pacific,YEAR,2005,,,,,,,,,152 [105-208],152,105,208,,2025-11-11T14:11:28Z,2005,2005-01-01,2005-12-31
8213425,MDG_0000000017,COUNTRY,SWE,EUR,Europe,YEAR,2007,,,,,,,,,0.69 [0.68-0.7],0.69,0.68,0.7,,2025-11-11T14:11:28Z,2007,2007-01-01,2007-12-31
8215237,MDG_0000000017,COUNTRY,LBN,EMR,Eastern Mediterranean,YEAR,2012,,,,,,,,,3 [2-4.1],3,2,4.1,,2025-11-11T14:11:28Z,2012,2012-01-01,2012-12-31
8225781,MDG_0000000017,COUNTRY,GUY,AMR,Americas,YEAR,2019,,,,,,,,,11 [10-13],11,10,13,,2025-11-11T14:11:28Z,2019,2019-01-01,2019-12-31
8239646,MDG_0000000017,COUNTRY,CHN,WPR,Western Pacific,YEAR,2016,,,,,,,,,2.8 [2.5-3.1],2.8,2.5,3.1,,2025-11-11T14:11:28Z,2016,2016-01-01,2016-12-31
8245363,MDG_0000000017,COUNTRY,FJI,WPR,Western Pacific,YEAR,2024,,,,,,,,,4.4 [4.3-4.5],4.4,4.3,4.5,,2025-11-11T14:11:28Z,2024,2024-01-01,2024-12-31
8246129,MDG_0000000017,COUNTRY,LVA,EUR,Europe,YEAR,2002,,,,,,,,,12 [6.8-18],12,6.8,18,,2025-11-11T14:11:28Z,2002,2002-01-01,2002-12-31
8246723,MDG_0000000017,COUNTRY,BRN,WPR,Western Pacific,YEAR,2015,,,,,,,,,3.7 [3.6-3.8],3.7,3.6,3.8,,2025-11-11T14:11:28Z,2015,2015-01-01,2015-12-31
8252977,MDG_0000000017,COUNTRY,ARM,EUR,Europe,YEAR,2018,,,,,,,,,1 [1-1],1,1,1,,2025-11-11T14:11:28Z,2018,2018-01-01,2018-12-31
8257821,MDG_0000000017,COUNTRY,PSE,EMR,Eastern Mediterranean,YEAR,2005,,,,,,,,,0.32 [0.22-0.44],0.32,0.22,0.44,,2025-11-11T14:11:28Z,2005,2005-01-01,2005-12-31
8259406,MDG_0000000017,COUNTRY,FSM,WPR,Western Pacific,YEAR,2019,,,,,,,,,44 [31-61],44,31,61,,2025-11-11T14:11:28Z,2019,2019-01-01,2019-12-31
8264997,MDG_0000000017,COUNTRY,IRN,EMR,Eastern Mediterranean,YEAR,2009,,,,,,,,,0.89 [0.77-1],0.89,0.77,1,,2025-11-11T14:11:28Z,2009,2009-01-01,2009-12-31
8269851,MDG_0000000017,COUNTRY,BGR,EUR,Europe,YEAR,2003,,,,,,,,,4 [3.8-4.3],4,3.8,4.3,,2025-11-11T14:11:28Z,2003,2003-01-01,2003-12-31
8272779,MDG_0000000017,COUNTRY,NER,AFR,Africa,YEAR,2009,,,,,,,,,27 [18-38],27,18,38,,2025-11-11T14:11:28Z,2009,2009-01-01,2009-12-31
8277530,MDG_0000000017,COUNTRY,SRB,EUR,Europe,YEAR,2013,,,,,,,,,1.9 [1.8-2],1.9,1.8,2,,2025-11-11T14:11:28Z,2013,2013-01-01,2013-12-31
8278837,MDG_0000000017,COUNTRY,KEN,AFR,Africa,YEAR,2005,,,,,,,,,77 [32-140],77,32,140,,2025-11-11T14:11:28Z,2005,2005-01-01,2005-12-31
8282737,MDG_0000000017,COUNTRY,ZMB,AFR,Africa,YEAR,2001,,,,,,,,,43 [16-84],43,16,84,,2025-11-11T14:11:28Z,2001,2001-01-01,2001-12-31
8295885,MDG_0000000017,COUNTRY,MDG,AFR,Africa,YEAR,2009,,,,,,,,,58 [41-77],58,41,77,,2025-11-11T14:11:28Z,2009,2009-01-01,2009-12-31
8303541,MDG_0000000017,COUNTRY,PHL,WPR,Western Pacific,YEAR,2009,,,,,,,,,34 [31-38],34,31,38,,2025-11-11T14:11:28Z,2009,2009-01-01,2009-12-31
8307873,MDG_0000000017,COUNTRY,EST,EUR,Europe,YEAR,2010,,,,,,,,,3.1 [3.1-3.2],3.1,3.1,3.2,,2025-11-11T14:11:28Z,2010,2010-01-01,2010-12-31
8321766,MDG_0000000017,COUNTRY,ITA,EUR,Europe,YEAR,2023,,,,,,,,,0.51 [0.5-0.51],0.51,0.5,0.51,,2025-11-11T14:11:28Z,2023,2023-01-01,2023-12-31
8321795,MDG_0000000017,COUNTRY,CMR,AFR,Africa,YEAR,2016,,,,,,,,,28 [20-39],28,20,39,,2025-11-11T14:11:28Z,2016,2016-01-01,2016-12-31
8323019,MDG_0000000017,COUNTRY,SWE,EUR,Europe,YEAR,2004,,,,,,,,,0.56 [0.55-0.57],0.56,0.55,0.57,,2025-11-11T14:11:28Z,2004,2004-01-01,2004-12-31
8341610,MDG_0000000017,COUNTRY,DZA,AFR,Africa,YEAR,2003,,,,,,,,,24 [16-32],24,16,32,,2025-11-11T14:11:28Z,2003,2003-01-01,2003-12-31
8347972,MDG_0000000017,COUNTRY,OMN,EMR,Eastern Mediterranean,YEAR,2003,,,,,,,,,0.73 [0.58-0.9],0.73,0.58,0.9,,2025-11-11T14:11:28Z,2003,2003-01-01,2003-12-31
8348064,MDG_0000000017,COUNTRY,LVA,EUR,Europe,YEAR,2000,,,,,,,,,19 [12-28],19,12,28,,2025-11-11T14:11:28Z,2000,2000-01-01,2000-12-31
8353223,MDG_0000000017,COUNTRY,TLS,SEAR,South-East Asia,YEAR,2014,,,,,,,,,84 [61-111],84,61,111,,2025-11-11T14:11:28Z,2014,2014-01-01,2014-12-31
8354427,MDG_0000000017,COUNTRY,ARE,EMR,Eastern Mediterranean,YEAR,2000,,,,,,,,,0.81 [0.58-1.1],0.81,0.58,1.1,,2025-11-11T14:11:28Z,2000,2000-01-01,2000-12-31
8358931,MDG_0000000017,COUNTRY,FRA,EUR,Europe,YEAR,2006,,,,,,,,,1.2 [1.2-1.3],1.2,1.2,1.3,,2025-11-11T14:11:28Z,2006,2006-01-01,2006-12-31
8360651,MDG_0000000017,COUNTRY,FSM,WPR,Western Pacific,YEAR,2018,,,,,,,,,45 [31-62],45,31,62,,2025-11-11T14:11:28Z,2018,2018-01-01,2018-12-31
8377478,MDG_0000000017,REGION,AFR,,,YEAR,2013,,,,,,,,,48 [40-58],48,40,58,,2025-11-11T14:11:28Z,2013,2013-01-01,2013-12-31
8378639,MDG_0000000017,COUNTRY,LVA,EUR,Europe,YEAR,2020,,,,,,,,,3.2 [3.1-3.3],3.2,3.1,3.3,,2025-11-11T14:11:28Z,2020,2020-01-01,2020-12-31
8379466,MDG_0000000017,COUNTRY,FJI,WPR,Western Pacific,YEAR,2015,,,,,,,,,3.9 [3.9-4],3.9,3.9,4,,2025-11-11T14:11:28Z,2015,2015-01-01,2015-12-31
8383425,MDG_0000000017,COUNTRY,SAU,EMR,Eastern Mediterranean,YEAR,2021,,,,,,,,,0.42 [0.36-0.48],0.42,0.36,0.48,,2025-11-11T14:11:28Z,2021,2021-01-01,2021-12-31
8384618,MDG_0000000017,COUNTRY,BIH,EUR,Europe,YEAR,2016,,,,,,,,,3.2 [3-3.3],3.2,3,3.3,,2025-11-11T14:11:28Z,2016,2016-01-01,2016-12-31
8385466,MDG_0000000017,COUNTRY,LTU,EUR,Europe,YEAR,2002,,,,,,,,,11 [9.3-13],11,9.3,13,,2025-11-11T14:11:28Z,2002,2002-01-01,2002-12-31
8390576,MDG_0000000017,COUNTRY,DOM,AMR,Americas,YEAR,2013,,,,,,,,,4.6 [3-6.4],4.6,3,6.4,,2025-11-11T14:11:28Z,2013,2013-01-01,2013-12-31
8409086,MDG_0000000017,COUNTRY,MDG,AFR,Africa,YEAR,2022,,,,,,,,,34 [23-45],34,23,45,,2025-11-11T14:11:28Z,2022,2022-01-01,2022-12-31
8411492,MDG_0000000017,COUNTRY,KIR,WPR,Western Pacific,YEAR,2023,,,,,,,,,37 [31-43],37,31,43,,2025-11-11T14:11:28Z,2023,2023-01-01,2023-12-31
8415906,MDG_0000000017,COUNTRY,POL,EUR,Europe,YEAR,2014,,,,,,,,,1.5 [1.4-1.6],1.5,1.4,1.6,,2025-11-11T14:11:28Z,2014,2014-01-01,2014-12-31
8421667,MDG_0000000017,COUNTRY,BLR,EUR,Europe,YEAR,2021,,,,,,,,,2.2 [1.8-2.7],2.2,1.8,2.7,,2025-11-11T14:11:28Z,2021,2021-01-01,2021-12-31
8435447,MDG_0000000017,COUNTRY,NZL,WPR,Western Pacific,YEAR,2016,,,,,,,,,0.25 [0.25-0.26],0.25,0.25,0.26,,2025-11-11T14:11:28Z,2016,2016-01-01,2016-12-31
8436031,MDG_0000000017,COUNTRY,KWT,EMR,Eastern Mediterranean,YEAR,2017,,,,,,,,,0.49 [0.46-0.53],0.49,0.46,0.53,,2025-11-11T14:11:28Z,2017,2017-01-01,2017-12-31
8441848,MDG_0000000017,COUNTRY,MNE,EUR,Europe,YEAR,2016,,,,,,,,,0.2 [0.18-0.22],0.2,0.18,0.22,,2025-11-11T14:11:28Z,2016,2016-01-01,2016-12-31
8442468,MDG_0000000017,COUNTRY,SUR,AMR,Americas,YEAR,2019,,,,,,,,,2.3 [2-2.5],2.3,2,2.5,,2025-11-11T14:11:28Z,2019,2019-01-01,2019-12-31
8449770,MDG_0000000017,COUNTRY,CZE,EUR,Europe,YEAR,2008,,,,,,,,,0.52 [0.51-0.52],0.52,0.51,0.52,,2025-11-11T14:11:28Z,2008,2008-01-01,2008-12-31
8455023,MDG_0000000017,COUNTRY,PAK,EMR,Eastern Mediterranean,YEAR,2018,,,,,,,,,20 [16-25],20,16,25,,2025-11-11T14:11:28Z,2018,2018-01-01,2018-12-31
8456153,MDG_0000000017,COUNTRY,SRB,EUR,Europe,YEAR,2022,,,,,,,,,0.8 [0.64-0.97],0.8,0.64,0.97,,2025-11-11T14:11:28Z,2022,2022-01-01,2022-12-31
8466371,MDG_0000000017,COUNTRY,SLE,AFR,Africa,YEAR,2022,,,,,,,,,64 [28-113],64,28,113,,2025-11-11T14:11:28Z,2022,2022-01-01,2022-12-31
8467481,MDG_0000000017,COUNTRY,FRA,EUR,Europe,YEAR,2005,,,,,,,,,1.5 [1.4-1.5],1.5,1.4,1.5,,2025-11-11T14:11:28Z,2005,2005-01-01,2005-12-31
8467747,MDG_0000000017,COUNTRY,RWA,AFR,Africa,YEAR,2005,,,,,,,,,6.1 [3.9-8.8],6.1,3.9,8.8,,2025-11-11T14:11:28Z,2005,2005-01-01,2005-12-31
8472583,MDG_0000000017,COUNTRY,HUN,EUR,Europe,YEAR,2013,,,,,,,,,0.99 [0.99-0.99],0.99,0.99,0.99,,2025-11-11T14:11:28Z,2013,2013-01-01,2013-12-31
8478883,MDG_0000000017,COUNTRY,AUS,WPR,Western Pacific,YEAR,2006,,,,,,,,,0.29 [0.28-0.29],0.29,0.28,0.29,,2025-11-11T14:11:28Z,2006,2006-01-01,2006-12-31
8493408,MDG_0000000017,COUNTRY,ERI,AFR,Africa,YEAR,2021,,,,,,,,,28 [19-38],28,19,38,,2025-11-11T14:11:28Z,2021,2021-01-01,2021-12-31
8505744,MDG_0000000017,COUNTRY,ERI,AFR,Africa,YEAR,2012,,,,,,,,,58 [40-80],58,40,80,,2025-11-11T14:11:28Z,2012,2012-01-01,2012-12-31
8513287,MDG_0000000017,COUNTRY,TCD,AFR,Africa,YEAR,2024,,,,,,,,,15 [9.6-22],15,9.6,22,,2025-11-11T14:11:28Z,2024,2024-01-01,2024-12-31
8516920,MDG_0000000017,COUNTRY,SVK,EUR,Europe,YEAR,2017,,,,,,,,,0.53 [0.52-0.54],0.53,0.52,0.54,,2025-11-11T14:11:28Z,2017,2017-01-01,2017-12-31
8525347,MDG_0000000017,COUNTRY,CAN,AMR,Americas,YEAR,2020,,,,,,,,,0.29 [0.28-0.29],0.29,0.28,0.29,,2025-11-11T14:11:28Z,2020,2020-01-01,2020-12-31
8530834,MDG_0000000017,REGION,EMR,,,YEAR,2022,,,,,,,,,10 [8.8-12],10,8.8,12,,2025-11-11T14:11:28Z,2022,2022-01-01,2022-12-31
8543352,MDG_0000000017,COUNTRY,FJI,WPR,Western Pacific,YEAR,2009,,,,,,,,,2.1 [2-2.1],2.1,2,2.1,,2025-11-11T14:11:28Z,2009,2009-01-01,2009-12-31
8549505,MDG_0000000017,COUNTRY,MHL,WPR,Western Pacific,YEAR,2023,,,,,,,,,178 [123-242],178,123,242,,2025-11-11T14:11:28Z,2023,2023-01-01,2023-12-31
8551062,MDG_0000000017,REGION,AFR,,,YEAR,2021,,,,,,,,,35 [29-42],35,29,42,,2025-11-11T14:11:28Z,2021,2021-01-01,2021-12-31
8561685,MDG_0000000017,COUNTRY,NLD,EUR,Europe,YEAR,2014,,,,,,,,,0.21 [0.2-0.21],0.21,0.2,0.21,,2025-11-11T14:11:28Z,2014,2014-01-01,2014-12-31
8562088,MDG_0000000017,COUNTRY,ZWE,AFR,Africa,YEAR,2009,,,,,,,,,12 [7.6-17],12,7.6,17,,2025-11-11T14:11:28Z,2009,2009-01-01,2009-12-31
8562217,MDG_0000000017,COUNTRY,SWE,EUR,Europe,YEAR,2017,,,,,,,,,0.23 [0.22-0.23],0.23,0.22,0.23,,2025-11-11T14:11:28Z,2017,2017-01-01,2017-12-31
8562246,MDG_0000000017,COUNTRY,JOR,EMR,Eastern Mediterranean,YEAR,2017,,,,,,,,,0.1 [0.09-0.12],0.1,0.09,0.12,,2025-11-11T14:11:28Z,2017,2017-01-01,2017-12-31
8562266,MDG_0000000017,COUNTRY,OMN,EMR,Eastern Mediterranean,YEAR,2004,,,,,,,,,0.69 [0.54-0.85],0.69,0.54,0.85,,2025-11-11T14:11:28Z,2004,2004-01-01,2004-12-31
8563727,MDG_0000000017,COUNTRY,KEN,AFR,Africa,YEAR,2003,,,,,,,,,73 [31-134],73,31,134,,2025-11-11T14:11:28Z,2003,2003-01-01,2003-12-31
8569707,MDG_0000000017,COUNTRY,GHA,AFR,Africa,YEAR,2024,,,,,,,,,27 [11-49],27,11,49,,2025-11-11T14:11:28Z,2024,2024-01-01,2024-12-31
8581287,MDG_0000000017,COUNTRY,ARG,AMR,Americas,YEAR,2022,,,,,,,,,1.7 [1.5-1.8],1.7,1.5,1.8,,2025-11-11T14:11:28Z,2022,2022-01-01,2022-12-31
8582801,MDG_0000000017,COUNTRY,FJI,WPR,Western Pacific,YEAR,2006,,,,,,,,,3 [2.7-3.2],3,2.7,3.2,,2025-11-11T14:11:28Z,2006,2006-01-01,2006-12-31
8587668,MDG_0000000017,COUNTRY,MOZ,AFR,Africa,YEAR,2003,,,,,,,,,36 [14-68],36,14,68,,2025-11-11T14:11:28Z,2003,2003-01-01,2003-12-31
8588871,MDG_0000000017,COUNTRY,BOL,AMR,Americas,YEAR,2023,,,,,,,,,10 [7.2-14],10,7.2,14,,2025-11-11T14:11:28Z,2023,2023-01-01,2023-12-31
8600012,MDG_0000000017,COUNTRY,LBN,EMR,Eastern Mediterranean,YEAR,2011,,,,,,,,,2.5 [1.7-3.4],2.5,1.7,3.4,,2025-11-11T14:11:28Z,2011,2011-01-01,2011-12-31
8605717,MDG_0000000017,COUNTRY,GTM,AMR,Americas,YEAR,2001,,,,,,,,,4.3 [4-4.7],4.3,4,4.7,,2025-11-11T14:11:28Z,2001,2001-01-01,2001-12-31
8605850,MDG_0000000017,WORLDBANKINCOMEGROUP,WB_UMI,,,YEAR,2024,,,,,,,,,7.4 [6.8-8.1],7.4,6.8,8.1,,2025-11-11T14:11:28Z,2024,2024-01-01,2024-12-31
8612581,MDG_0000000017,COUNTRY,SLE,AFR,Africa,YEAR,2006,,,,,,,,,132 [53-245],132,53,245,,2025-11-11T14:11:28Z,2006,2006-01-01,2006-12-31
8614589,MDG_0000000017,COUNTRY,COM,AFR,Africa,YEAR,2010,,,,,,,,,11 [4.4-21],11,4.4,21,,2025-11-11T14:11:28Z,2010,2010-01-01,2010-12-31
8618906,MDG_0000000017,COUNTRY,GBR,EUR,Europe,YEAR,2021,,,,,,,,,0.3 [0.29-0.31],0.3,0.29,0.31,,2025-11-11T14:11:28Z,2021,2021-01-01,2021-12-31
8619336,MDG_0000000017,COUNTRY,MOZ,AFR,Africa,YEAR,2015,,,,,,,,,33 [19-52],33,19,52,,2025-11-11T14:11:28Z,2015,2015-01-01,2015-12-31
8620266,MDG_0000000017,COUNTRY,ETH,AFR,Africa,YEAR,2009,,,,,,,,,41 [23-64],41,23,64,,2025-11-11T14:11:28Z,2009,2009-01-01,2009-12-31
8633494,MDG_0000000017,COUNTRY,LBN,EMR,Eastern Mediterranean,YEAR,2017,,,,,,,,,2 [1.4-2.7],2,1.4,2.7,,2025-11-11T14:11:28Z,2017,2017-01-01,2017-12-31
8638590,MDG_0000000017,COUNTRY,OMN,EMR,Eastern Mediterranean,YEAR,2015,,,,,,,,,0.42 [0.32-0.53],0.42,0.32,0.53,,2025-11-11T14:11:28Z,2015,2015-01-01,2015-12-31
8643879,MDG_0000000017,COUNTRY,CPV,AFR,Africa,YEAR,2008,,,,,,,,,6.3 [5.4-7.3],6.3,5.4,7.3,,2025-11-11T14:11:28Z,2008,2008-01-01,2008-12-31
8645580,MDG_0000000017,COUNTRY,NIC,AMR,Americas,YEAR,2018,,,,,,,,,1.5 [1.5-1.5],1.5,1.5,1.5,,2025-11-11T14:11:28Z,2018,2018-01-01,2018-12-31
8650604,MDG_0000000017,COUNTRY,DEU,EUR,Europe,YEAR,2022,,,,,,,,,0.34 [0.34-0.35],0.34,0.34,0.35,,2025-11-11T14:11:28Z,2022,2022-01-01,2022-12-31
8652257,MDG_0000000017,COUNTRY,DNK,EUR,Europe,YEAR,2002,,,,,,,,,0.69 [0.67-0.7],0.69,0.67,0.7,,2025-11-11T14:11:28Z,2002,2002-01-01,2002-12-31
8657195,MDG_0000000017,GLOBAL,GLOBAL,,,YEAR,2004,,,,,,,,,28 [25-31],28,25,31,,2025-11-11T14:11:28Z,2004,2004-01-01,2004-12-31
8665046,MDG_0000000017,COUNTRY,HND,AMR,Americas,YEAR,2020,,,,,,,,,5.2 [4.2-6.4],5.2,4.2,6.4,,2025-11-11T14:11:28Z,2020,2020-01-01,2020-12-31
8669516,MDG_0000000017,COUNTRY,SEN,AFR,Africa,YEAR,2003,,,,,,,,,39 [26-53],39,26,53,,2025-11-11T14:11:28Z,2003,2003-01-01,2003-12-31
8674900,MDG_0000000017,COUNTRY,MEX,AMR,Americas,YEAR,2016,,,,,,,,,1.8 [1.8-1.8],1.8,1.8,1.8,,2025-11-11T14:11:28Z,2016,2016-01-01,2016-12-31
8675589,MDG_0000000017,COUNTRY,LAO,WPR,Western Pacific,YEAR,2007,,,,,,,,,80 [47-121],80,47,121,,2025-11-11T14:11:28Z,2007,2007-01-01,2007-12-31
8688931,MDG_0000000017,COUNTRY,KAZ,EUR,Europe,YEAR,2012,,,,,,,,,9.3 [8-11],9.3,8,11,,2025-11-11T14:11:28Z,2012,2012-01-01,2012-12-31
8689556,MDG_0000000017,COUNTRY,KEN,AFR,Africa,YEAR,2017,,,,,,,,,50 [28-78],50,28,78,,2025-11-11T14:11:28Z,2017,2017-01-01,2017-12-31
8695449,MDG_0000000017,COUNTRY,CUB,AMR,Americas,YEAR,2020,,,,,,,,,0.32 [0.31-0.32],0.32,0.31,0.32,,2025-11-11T14:11:28Z,2020,2020-01-01,2020-12-31
8700923,MDG_0000000017,COUNTRY,MDG,AFR,Africa,YEAR,2011,,,,,,,,,52 [37-70],52,37,70,,2025-11-11T14:11:28Z,2011,2011-01-01,2011-12-31
8701102,MDG_0000000017,COUNTRY,CHL,AMR,Americas,YEAR,2007,,,,,,,,,3.3 [3.3-3.4],3.3,3.3,3.4,,2025-11-11T14:11:28Z,2007,2007-01-01,2007-12-31
8701120,MDG_0000000017,COUNTRY,COM,AFR,Africa,YEAR,2005,,,,,,,,,11 [4.3-21],11,4.3,21,,2025-11-11T14:11:28Z,2005,2005-01-01,2005-12-31
8701777,MDG_0000000017,COUNTRY,PSE,EMR,Eastern Mediterranean,YEAR,2003,,,,,,,,,0.48 [0.33-0.66],0.48,0.33,0.66,,2025-11-11T14:11:28Z,2003,2003-01-01,2003-12-31
8706980,MDG_0000000017,COUNTRY,BRA,AMR,Americas,YEAR,2022,,,,,,,,,3.9 [3.4-4.4],3.9,3.4,4.4,,2025-11-11T14:11:28Z,2022,2022-01-01,2022-12-31
8713334,MDG_0000000017,COUNTRY,UGA,AFR,Africa,YEAR,2022,,,,,,,,,4 [0.62-11],4,0.62,11,,2025-11-11T14:11:28Z,2022,2022-01-01,2022-12-31
8713893,MDG_0000000017,COUNTRY,HKG,,,YEAR,2004,,,,,,,,,4.3 [4.3-4.3],4.3,4.3,4.3,,2025-11-11T14:11:28Z,2004,2004-01-01,2004-12-31
8720297,MDG_0000000017,COUNTRY,SRB,EUR,Europe,YEAR,2011,,,,,,,,,2 [1.9-2],2,1.9,2,,2025-11-11T14:11:28Z,2011,2011-01-01,2011-12-31
8724895,MDG_0000000017,COUNTRY,SGP,WPR,Western Pacific,YEAR,2024,,,,,,,,,0.39 [0.37-0.42],0.39,0.37,0.42,,2025-11-11T14:11:28Z,2024,2024-01-01,2024-12-31
8726069,MDG_0000000017,COUNTRY,COM,AFR,Africa,YEAR,2023,,,,,,,,,5.8 [0.6-17],5.8,0.6,17,,2025-11-11T14:11:28Z,2023,2023-01-01,2023-12-31
8733842,MDG_0000000017,COUNTRY,BHS,AMR,Americas,YEAR,2006,,,,,,,,,0.71 [0.63-0.79],0.71,0.63,0.79,,2025-11-11T14:11:28Z,2006,2006-01-01,2006-12-31
8743757,MDG_0000000017,COUNTRY,BHS,AMR,Americas,YEAR,2022,,,,,,,,,0.58 [0.56-0.6],0.58,0.56,0.6,,2025-11-11T14:11:28Z,2022,2022-01-01,2022-12-31
8753030,MDG_0000000017,COUNTRY,VUT,WPR,Western Pacific,YEAR,2023,,,,,,,,,6.6 [2.4-13],6.6,2.4,13,,2025-11-11T14:11:28Z,2023,2023-01-01,2023-12-31
8756438,MDG_0000000017,COUNTRY,SWZ,AFR,Africa,YEAR,2016,,,,,,,,,31 [18-47],31,18,47,,2025-11-11T14:11:28Z,2016,2016-01-01,2016-12-31
8765314,MDG_0000000017,GLOBAL,GLOBAL,,,YEAR,2016,,,,,,,,,17 [15-19],17,15,19,,2025-11-11T14:11:28Z,2016,2016-01-01,2016-12-31
8770266,MDG_0000000017,COUNTRY,HND,AMR,Americas,YEAR,2022,,,,,,,,,4.7 [3.9-5.6],4.7,3.9,5.6,,2025-11-11T14:11:28Z,2022,2022-01-01,2022-12-31
8770602,MDG_0000000017,COUNTRY,GUY,AMR,Americas,YEAR,2004,,,,,,,,,18 [16-19],18,16,19,,2025-11-11T14:11:28Z,2004,2004-01-01,2004-12-31
8782228,MDG_0000000017,COUNTRY,CRI,AMR,Americas,YEAR,2011,,,,,,,,,1.3 [1.3-1.3],1.3,1.3,1.3,,2025-11-11T14:11:28Z,2011,2011-01-01,2011-12-31
8782408,MDG_0000000017,COUNTRY,NOR,EUR,Europe,YEAR,2007,,,,,,,,,0.76 [0.74-0.77],0.76,0.74,0.77,,2025-11-11T14:11:28Z,2007,2007-01-01,2007-12-31
8783032,MDG_0000000017,COUNTRY,PAN,AMR,Americas,YEAR,2016,,,,,,,,,4.6 [4.5-4.7],4.6,4.5,4.7,,2025-11-11T14:11:28Z,2016,2016-01-01,2016-12-31
8783255,MDG_0000000017,COUNTRY,FJI,WPR,Western Pacific,YEAR,2008,,,,,,,,,2.6 [2.5-2.7],2.6,2.5,2.7,,2025-11-11T14:11:28Z,2008,2008-01-01,2008-12-31
8783564,MDG_0000000017,COUNTRY,GUY,AMR,Americas,YEAR,2024,,,,,,,,,17 [14-19],17,14,19,,2025-11-11T14:11:28Z,2024,2024-01-01,2024-12-31
8784533,MDG_0000000017,COUNTRY,BHS,AMR,Americas,YEAR,2004,,,,,,,,,1.9 [1.6-2.1],1.9,1.6,2.1,,2025-11-11T14:11:28Z,2004,2004-01-01,2004-12-31
8789574,MDG_0000000017,REGION,AFR,,,YEAR,2002,,,,,,,,,60 [48-73],60,48,73,,2025-11-11T14:11:28Z,2002,2002-01-01,2002-12-31
8796169,MDG_0000000017,COUNTRY,BFA,AFR,Africa,YEAR,2014,,,,,,,,,16 [6.9-28],16,6.9,28,,2025-11-11T14:11:28Z,2014,2014-01-01,2014-12-31
8797268,MDG_0000000017,COUNTRY,TJK,EUR,Europe,YEAR,2015,,,,,,,,,9 [8.2-9.9],9,8.2,9.9,,2025-11-11T14:11:28Z,2015,2015-01-01,2015-12-31
8802621,MDG_0000000017,COUNTRY,USA,AMR,Americas,YEAR,2004,,,,,,,,,0.26 [0.25-0.26],0.26,0.25,0.26,,2025-11-11T14:11:28Z,2004,2004-01-01,2004-12-31
8802992,MDG_0000000017,COUNTRY,DNK,EUR,Europe,YEAR,2014,,,,,,,,,0.23 [0.22-0.24],0.23,0.22,0.24,,2025-11-11T14:11:28Z,2014,2014-01-01,2014-12-31
8803081,MDG_0000000017,COUNTRY,BWA,AFR,Africa,YEAR,2009,,,,,,,,,37 [22-57],37,22,57,,2025-11-11T14:11:28Z,2009,2009-01-01,2009-12-31
8808013,MDG_0000000017,COUNTRY,THA,SEAR,South-East Asia,YEAR,2009,,,,,,,,,14 [7.8-21],14,7.8,21,,2025-11-11T14:11:28Z,2009,2009-01-01,2009-12-31
8809929,MDG_0000000017,COUNTRY,SVN,EUR,Europe,YEAR,2020,,,,,,,,,0.82 [0.81-0.83],0.82,0.81,0.83,,2025-11-11T14:11:28Z,2020,2020-01-01,2020-12-31
8813393,MDG_0000000017,COUNTRY,BLR,EUR,Europe,YEAR,2015,,,,,,,,,4.7 [4.4-5],4.7,4.4,5,,2025-11-11T14:11:28Z,2015,2015-01-01,2015-12-31
8821778,MDG_0000000017,COUNTRY,ISR,EUR,Europe,YEAR,2019,,,,,,,,,0.23 [0.22-0.23],0.23,0.22,0.23,,2025-11-11T14:11:28Z,2019,2019-01-01,2019-12-31
8838476,MDG_0000000017,COUNTRY,TUN,EMR,Eastern Mediterranean,YEAR,2013,,,,,,,,,1.4 [1.1-1.8],1.4,1.1,1.8,,2025-11-11T14:11:28Z,2013,2013-01-01,2013-12-31
8840291,MDG_0000000017,REGION,AFR,,,YEAR,2005,,,,,,,,,59 [49-71],59,49,71,,2025-11-11T14:11:28Z,2005,2005-01-01,2005-12-31
8845177,MDG_0000000017,COUNTRY,LSO,AFR,Africa,YEAR,2023,,,,,,,,,64 [13-154],64,13,154,,2025-11-11T14:11:28Z,2023,2023-01-01,2023-12-31
8846371,MDG_0000000017,COUNTRY,SLV,AMR,Americas,YEAR,2017,,,,,,,,,0.97 [0.79-1.2],0.97,0.79,1.2,,2025-11-11T14:11:28Z,2017,2017-01-01,2017-12-31
8851809,MDG_0000000017,COUNTRY,CMR,AFR,Africa,YEAR,2004,,,,,,,,,33 [20-51],33,20,51,,2025-11-11T14:11:28Z,2004,2004-01-01,2004-12-31
8852026,MDG_0000000017,COUNTRY,CZE,EUR,Europe,YEAR,2022,,,,,,,,,0.2 [0.18-0.22],0.2,0.18,0.22,,2025-11-11T14:11:28Z,2022,2022-01-01,2022-12-31
8858074,MDG_0000000017,COUNTRY,MYS,WPR,Western Pacific,YEAR,2014,,,,,,,,,5 [2.7-8.1],5,2.7,8.1,,2025-11-11T14:11:28Z,2014,2014-01-01,2014-12-31
8866497,MDG_0000000017,COUNTRY,DOM,AMR,Americas,YEAR,2018,,,,,,,,,2.3 [0.92-4.3],2.3,0.92,4.3,,2025-11-11T14:11:28Z,2018,2018-01-01,2018-12-31
8871062,MDG_0000000017,COUNTRY,UKR,EUR,Europe,YEAR,2012,,,,,,,,,15 [15-15],15,15,15,,2025-11-11T14:11:28Z,2012,2012-01-01,2012-12-31
8871135,MDG_0000000017,COUNTRY,ARM,EUR,Europe,YEAR,2016,,,,,,,,,1.9 [1.9-2],1.9,1.9,2,,2025-11-11T14:11:28Z,2016,2016-01-01,2016-12-31
8872497,MDG_0000000017,COUNTRY,BFA,AFR,Africa,YEAR,2009,,,,,,,,,17 [7.4-31],17,7.4,31,,2025-11-11T14:11:28Z,2009,2009-01-01,2009-12-31
8876297,MDG_0000000017,COUNTRY,UGA,AFR,Africa,YEAR,2009,,,,,,,,,17 [9.3-27],17,9.3,27,,2025-11-11T14:11:28Z,2009,2009-01-01,2009-12-31
8876647,MDG_0000000017,COUNTRY,PER,AMR,Americas,YEAR,2012,,,,,,,,,6.8 [5.7-7.9],6.8,5.7,7.9,,2025-11-11T14:11:28Z,2012,2012-01-01,2012-12-31
8877074,MDG_0000000017,COUNTRY,COG,AFR,Africa,YEAR,2012,,,,,,,,,47 [31-65],47,31,65,,2025-11-11T14:11:28Z,2012,2012-01-01,2012-12-31
8877974,MDG_0000000017,COUNTRY,FRA,EUR,Europe,YEAR,2024,,,,,,,,,0.68 [0.64-0.71],0.68,0.64,0.71,,2025-11-11T14:11:28Z,2024,2024-01-01,2024-12-31
8878950,MDG_0000000017,COUNTRY,COL,AMR,Americas,YEAR,2015,,,,,,,,,2.2 [2.2-2.3],2.2,2.2,2.3,,2025-11-11T14:11:28Z,2015,2015-01-01,2015-12-31
8883487,MDG_0000000017,COUNTRY,GBR,EUR,Europe,YEAR,2017,,,,,,,,,0.39 [0.39-0.4],0.39,0.39,0.4,,2025-11-11T14:11:28Z,2017,2017-01-01,2017-12-31
8884815,MDG_0000000017,COUNTRY,SEN,AFR,Africa,YEAR,2024,,,,,,,,,20 [13-28],20,13,28,,2025-11-11T14:11:28Z,2024,2024-01-01,2024-12-31
8884929,MDG_0000000017,COUNTRY,PHL,WPR,Western Pacific,YEAR,2023,,,,,,,,,32 [29-37],32,29,37,,2025-11-11T14:11:28Z,2023,2023-01-01,2023-12-31
8892039,MDG_0000000017,COUNTRY,MMR,SEAR,South-East Asia,YEAR,2019,,,,,,,,,36 [21-54],36,21,54,,2025-11-11T14:11:28Z,2019,2019-01-01,2019-12-31
8897001,MDG_0000000017,COUNTRY,BGR,EUR,Europe,YEAR,2007,,,,,,,,,4 [3.8-4.1],4,3.8,4.1,,2025-11-11T14:11:28Z,2007,2007-01-01,2007-12-31
8909590,MDG_0000000017,COUNTRY,GHA,AFR,Africa,YEAR,2008,,,,,,,,,42 [18-76],42,18,76,,2025-11-11T14:11:28Z,2008,2008-01-01,2008-12-31
8910111,MDG_0000000017,COUNTRY,GIN,AFR,Africa,YEAR,2024,,,,,,,,,22 [15-31],22,15,31,,2025-11-11T14:11:28Z,2024,2024-01-01,2024-12-31
8910576,MDG_0000000017,COUNTRY,PHL,WPR,Western Pacific,YEAR,2022,,,,,,,,,34 [30-39],34,30,39,,2025-11-11T14:11:28Z,2022,2022-01-01,2022-12-31
8922960,MDG_0000000017,COUNTRY,DJI,EMR,Eastern Mediterranean,YEAR,2010,,,,,,,,,385 [236-570],385,236,570,,2025-11-11T14:11:28Z,2010,2010-01-01,2010-12-31
8927923,MDG_0000000017,COUNTRY,GNB,AFR,Africa,YEAR,2017,,,,,,,,,26 [18-35],26,18,35,,2025-11-11T14:11:28Z,2017,2017-01-01,2017-12-31
8934316,MDG_0000000017,COUNTRY,DOM,AMR,Americas,YEAR,2022,,,,,,,,,1.2 [0.75-1.9],1.2,0.75,1.9,,2025-11-11T14:11:28Z,2022,2022-01-01,2022-12-31
8934895,MDG_0000000017,COUNTRY,TKM,EUR,Europe,YEAR,2018,,,,,,,,,10 [8.6-12],10,8.6,12,,2025-11-11T14:11:28Z,2018,2018-01-01,2018-12-31
8940883,MDG_0000000017,COUNTRY,COL,AMR,Americas,YEAR,2016,,,,,,,,,2.3 [2.3-2.4],2.3,2.3,2.4,,2025-11-11T14:11:28Z,2016,2016-01-01,2016-12-31
8941314,MDG_0000000017,COUNTRY,EGY,EMR,Eastern Mediterranean,YEAR,2017,,,,,,,,,0.43 [0.39-0.48],0.43,0.39,0.48,,2025-11-11T14:11:28Z,2017,2017-01-01,2017-12-31
8948447,MDG_0000000017,REGION,WPR,,,YEAR,2023,,,,,,,,,10 [9.2-11],10,9.2,11,,2025-11-11T14:11:28Z,2023,2023-01-01,2023-12-31
8952460,MDG_0000000017,COUNTRY,MMR,SEAR,South-East Asia,YEAR,2020,,,,,,,,,38 [23-56],38,23,56,,2025-11-11T14:11:28Z,2020,2020-01-01,2020-12-31
8967236,MDG_0000000017,COUNTRY,NGA,AFR,Africa,YEAR,2016,,,,,,,,,62 [36-95],62,36,95,,2025-11-11T14:11:28Z,2016,2016-01-01,2016-12-31
8971593,MDG_0000000017,COUNTRY,TTO,AMR,Americas,YEAR,2012,,,,,,,,,1.2 [1.2-1.2],1.2,1.2,1.2,,2025-11-11T14:11:28Z,2012,2012-01-01,2012-12-31
8971880,MDG_0000000017,COUNTRY,BDI,AFR,Africa,YEAR,2024,,,,,,,,,12 [6.6-19],12,6.6,19,,2025-11-11T14:11:28Z,2024,2024-01-01,2024-12-31
8979501,MDG_0000000017,REGION,EMR,,,YEAR,2024,,,,,,,,,10 [8.7-12],10,8.7,12,,2025-11-11T14:11:28Z,2024,2024-01-01,2024-12-31
8990676,MDG_0000000017,COUNTRY,GUY,AMR,Americas,YEAR,2012,,,,,,,,,21 [17-26],21,17,26,,2025-11-11T14:11:28Z,2012,2012-01-01,2012-12-31
8999167,MDG_0000000017,COUNTRY,TJK,EUR,Europe,YEAR,2022,,,,,,,,,8.1 [7-9.2],8.1,7,9.2,,2025-11-11T14:11:28Z,2022,2022-01-01,2022-12-31
9004868,MDG_0000000017,COUNTRY,IRN,EMR,Eastern Mediterranean,YEAR,2010,,,,,,,,,0.89 [0.77-1],0.89,0.77,1,,2025-11-11T14:11:28Z,2010,2010-01-01,2010-12-31
9005183,MDG_0000000017,COUNTRY,JOR,EMR,Eastern Mediterranean,YEAR,2018,,,,,,,,,0.09 [0.07-0.11],0.09,0.07,0.11,,2025-11-11T14:11:28Z,2018,2018-01-01,2018-12-31
9005282,MDG_0000000017,COUNTRY,COL,AMR,Americas,YEAR,2012,,,,,,,,,2.2 [2.2-2.2],2.2,2.2,2.2,,2025-11-11T14:11:28Z,2012,2012-01-01,2012-12-31
9016710,MDG_0000000017,COUNTRY,HRV,EUR,Europe,YEAR,2017,,,,,,,,,1.5 [1.5-1.5],1.5,1.5,1.5,,2025-11-11T14:11:28Z,2017,2017-01-01,2017-12-31
9017432,MDG_0000000017,COUNTRY,LSO,AFR,Africa,YEAR,2000,,,,,,,,,54 [20-105],54,20,105,,2025-11-11T14:11:28Z,2000,2000-01-01,2000-12-31
9018214,MDG_0000000017,COUNTRY,BWA,AFR,Africa,YEAR,2012,,,,,,,,,41 [26-59],41,26,59,,2025-11-11T14:11:28Z,2012,2012-01-01,2012-12-31
9018431,MDG_0000000017,COUNTRY,LKA,SEAR,South-East Asia,YEAR,2008,,,,,,,,,5.3 [4.6-6],5.3,4.6,6,,2025-11-11T14:11:28Z,2008,2008-01-01,2008-12-31
9022406,MDG_0000000017,COUNTRY,KWT,EMR,Eastern Mediterranean,YEAR,2003,,,,,,,,,0.96 [0.95-0.98],0.96,0.95,0.98,,2025-11-11T14:11:28Z,2003,2003-01-01,2003-12-31
9023007,MDG_0000000017,COUNTRY,MLI,AFR,Africa,YEAR,2008,,,,,,,,,13 [7.5-21],13,7.5,21,,2025-11-11T14:11:28Z,2008,2008-01-01,2008-12-31
9023470,MDG_0000000017,COUNTRY,MRT,AFR,Africa,YEAR,2016,,,,,,,,,20 [12-29],20,12,29,,2025-11-11T14:11:28Z,2016,2016-01-01,2016-12-31
9023839,MDG_0000000017,COUNTRY,MNE,EUR,Europe,YEAR,2014,,,,,,,,,0.2 [0.18-0.22],0.2,0.18,0.22,,2025-11-11T14:11:28Z,2014,2014-01-01,2014-12-31
9031285,MDG_0000000017,COUNTRY,MDG,AFR,Africa,YEAR,2012,,,,,,,,,53 [37-70],53,37,70,,2025-11-11T14:11:28Z,2012,2012-01-01,2012-12-31
9035930,MDG_0000000017,COUNTRY,PSE,EMR,Eastern Mediterranean,YEAR,2011,,,,,,,,,0.25 [0.17-0.34],0.25,0.17,0.34,,2025-11-11T14:11:28Z,2011,2011-01-01,2011-12-31
9043303,MDG_0000000017,COUNTRY,VNM,WPR,Western Pacific,YEAR,2022,,,,,,,,,12 [8.3-17],12,8.3,17,,2025-11-11T14:11:28Z,2022,2022-01-01,2022-12-31
9043970,MDG_0000000017,COUNTRY,LUX,EUR,Europe,YEAR,2017,,,,,,,,,0.51 [0.5-0.52],0.51,0.5,0.52,,2025-11-11T14:11:28Z,2017,2017-01-01,2017-12-31
9054608,MDG_0000000017,COUNTRY,PAK,EMR,Eastern Mediterranean,YEAR,2021,,,,,,,,,23 [18-28],23,18,28,,2025-11-11T14:11:28Z,2021,2021-01-01,2021-12-31
9055214,MDG_0000000017,COUNTRY,BHR,EMR,Eastern Mediterranean,YEAR,2023,,,,,,,,,0.93 [0.57-1.4],0.93,0.57,1.4,,2025-11-11T14:11:28Z,2023,2023-01-01,2023-12-31
9055505,MDG_0000000017,COUNTRY,ISR,EUR,Europe,YEAR,2008,,,,,,,,,0.41 [0.4-0.43],0.41,0.4,0.43,,2025-11-11T14:11:28Z,2008,2008-01-01,2008-12-31
9056452,MDG_0000000017,COUNTRY,OMN,EMR,Eastern Mediterranean,YEAR,2023,,,,,,,,,0.36 [0.26-0.47],0.36,0.26,0.47,,2025-11-11T14:11:28Z,2023,2023-01-01,2023-12-31
9073980,MDG_0000000017,COUNTRY,CRI,AMR,Americas,YEAR,2016,,,,,,,,,0.67 [0.66-0.68],0.67,0.66,0.68,,2025-11-11T14:11:28Z,2016,2016-01-01,2016-12-31
9074359,MDG_0000000017,COUNTRY,GTM,AMR,Americas,YEAR,2000,,,,,,,,,4.7 [4.3-5.1],4.7,4.3,5.1,,2025-11-11T14:11:28Z,2000,2000-01-01,2000-12-31
9075531,MDG_0000000017,COUNTRY,BRN,WPR,Western Pacific,YEAR,2010,,,,,,,,,3.4 [3.1-3.8],3.4,3.1,3.8,,2025-11-11T14:11:28Z,2010,2010-01-01,2010-12-31
9079387,MDG_0000000017,COUNTRY,COM,AFR,Africa,YEAR,2014,,,,,,,,,9.7 [3.6-19],9.7,3.6,19,,2025-11-11T14:11:28Z,2014,2014-01-01,2014-12-31
9079990,MDG_0000000017,COUNTRY,NLD,EUR,Europe,YEAR,2020,,,,,,,,,0.18 [0.18-0.19],0.18,0.18,0.19,,2025-11-11T14:11:28Z,2020,2020-01-01,2020-12-31
9080645,MDG_0000000017,COUNTRY,SYR,EMR,Eastern Mediterranean,YEAR,2004,,,,,,,,,0.28 [0.23-0.35],0.28,0.23,0.35,,2025-11-11T14:11:28Z,2004,2004-01-01,2004-12-31
9086202,MDG_0000000017,COUNTRY,BWA,AFR,Africa,YEAR,2007,,,,,,,,,46 [26-71],46,26,71,,2025-11-11T14:11:28Z,2007,2007-01-01,2007-12-31
9086871,MDG_0000000017,COUNTRY,LVA,EUR,Europe,YEAR,2007,,,,,,,,,7.2 [6.8-7.5],7.2,6.8,7.5,,2025-11-11T14:11:28Z,2007,2007-01-01,2007-12-31
9088037,MDG_0000000017,COUNTRY,BGD,SEAR,South-East Asia,YEAR,2000,,,,,,,,,71 [45-103],71,45,103,,2025-11-11T14:11:28Z,2000,2000-01-01,2000-12-31
9088312,MDG_0000000017,COUNTRY,ARG,AMR,Americas,YEAR,2006,,,,,,,,,1.9 [1.8-1.9],1.9,1.8,1.9,,2025-11-11T14:11:28Z,2006,2006-01-01,2006-12-31
9088702,MDG_0000000017,COUNTRY,ESP,EUR,Europe,YEAR,2006,,,,,,,,,0.91 [0.9-0.92],0.91,0.9,0.92,,2025-11-11T14:11:28Z,2006,2006-01-01,2006-12-31
9092765,MDG_0000000017,COUNTRY,LUX,EUR,Europe,YEAR,2009,,,,,,,,,0.28 [0.27-0.28],0.28,0.27,0.28,,2025-11-11T14:11:28Z,2009,2009-01-01,2009-12-31
9094059,MDG_0000000017,COUNTRY,USA,AMR,Americas,YEAR,2000,,,,,,,,,0.32 [0.32-0.33],0.32,0.32,0.33,,2025-11-11T14:11:28Z,2000,2000-01-01,2000-12-31
9095039,MDG_0000000017,COUNTRY,ECU,AMR,Americas,YEAR,2019,,,,,,,,,3.3 [3-3.6],3.3,3,3.6,,2025-11-11T14:11:28Z,2019,2019-01-01,2019-12-31
9099016,MDG_0000000017,COUNTRY,YEM,EMR,Eastern Mediterranean,YEAR,2018,,,,,,,,,6.9 [4.8-9.2],6.9,4.8,9.2,,2025-11-11T14:11:28Z,2018,2018-01-01,2018-12-31
9099579,MDG_0000000017,COUNTRY,BLR,EUR,Europe,YEAR,2008,,,,,,,,,10 [9.4-11],10,9.4,11,,2025-11-11T14:11:28Z,2008,2008-01-01,2008-12-31
9107694,MDG_0000000017,WORLDBANKINCOMEGROUP,WB_LMI,,,YEAR,2006,,,,,,,,,47 [40-54],47,40,54,,2025-11-11T14:11:28Z,2006,2006-01-01,2006-12-31
9112543,MDG_0000000017,COUNTRY,BDI,AFR,Africa,YEAR,2007,,,,,,,,,32 [20-46],32,20,46,,2025-11-11T14:11:28Z,2007,2007-01-01,2007-12-31
9113851,MDG_0000000017,COUNTRY,ITA,EUR,Europe,YEAR,2012,,,,,,,,,0.56 [0.55-0.57],0.56,0.55,0.57,,2025-11-11T14:11:28Z,2012,2012-01-01,2012-12-31
9118502,MDG_0000000017,COUNTRY,JPN,WPR,Western Pacific,YEAR,2018,,,,,,,,,2.8 [2.6-2.9],2.8,2.6,2.9,,2025-11-11T14:11:28Z,2018,2018-01-01,2018-12-31
9119669,MDG_0000000017,COUNTRY,DJI,EMR,Eastern Mediterranean,YEAR,2016,,,,,,,,,152 [105-208],152,105,208,,2025-11-11T14:11:28Z,2016,2016-01-01,2016-12-31
9119756,MDG_0000000017,COUNTRY,BFA,AFR,Africa,YEAR,2013,,,,,,,,,16 [7.1-29],16,7.1,29,,2025-11-11T14:11:28Z,2013,2013-01-01,2013-12-31
9131833,MDG_0000000017,COUNTRY,LKA,SEAR,South-East Asia,YEAR,2019,,,,,,,,,3.3 [3-3.6],3.3,3,3.6,,2025-11-11T14:11:28Z,2019,2019-01-01,2019-12-31
9138098,MDG_0000000017,COUNTRY,BWA,AFR,Africa,YEAR,2003,,,,,,,,,31 [12-61],31,12,61,,2025-11-11T14:11:28Z,2003,2003-01-01,2003-12-31
9151000,MDG_0000000017,COUNTRY,BFA,AFR,Africa,YEAR,2021,,,,,,,,,13 [5.7-23],13,5.7,23,,2025-11-11T14:11:28Z,2021,2021-01-01,2021-12-31
9156203,MDG_0000000017,COUNTRY,MAR,EMR,Eastern Mediterranean,YEAR,2017,,,,,,,,,7.2 [4.2-11],7.2,4.2,11,,2025-11-11T14:11:28Z,2017,2017-01-01,2017-12-31
9157849,MDG_0000000017,REGION,AMR,,,YEAR,2006,,,,,,,,,2.4 [2.3-2.5],2.4,2.3,2.5,,2025-11-11T14:11:28Z,2006,2006-01-01,2006-12-31
9158400,MDG_0000000017,COUNTRY,CAF,AFR,Africa,YEAR,2010,,,,,,,,,98 [36-189],98,36,189,,2025-11-11T14:11:28Z,2010,2010-01-01,2010-12-31
9161854,MDG_0000000017,COUNTRY,VEN,AMR,Americas,YEAR,2005,,,,,,,,,2.5 [2.5-2.6],2.5,2.5,2.6,,2025-11-11T14:11:28Z,2005,2005-01-01,2005-12-31
9164096,MDG_0000000017,COUNTRY,GRC,EUR,Europe,YEAR,2014,,,,,,,,,0.51 [0.49-0.53],0.51,0.49,0.53,,2025-11-11T14:11:28Z,2014,2014-01-01,2014-12-31
9175318,MDG_0000000017,COUNTRY,PAN,AMR,Americas,YEAR,2022,,,,,,,,,4.8 [4.5-5.2],4.8,4.5,5.2,,2025-11-11T14:11:28Z,2022,2022-01-01,2022-12-31
9200251,MDG_0000000017,COUNTRY,GMB,AFR,Africa,YEAR,2018,,,,,,,,,22 [15-32],22,15,32,,2025-11-11T14:11:28Z,2018,2018-01-01,2018-12-31
9200690,MDG_0000000017,WORLDBANKINCOMEGROUP,WB_UMI,,,YEAR,2009,,,,,,,,,9.8 [9.4-10],9.8,9.4,10,,2025-11-11T14:11:28Z,2009,2009-01-01,2009-12-31
9201688,MDG_0000000017,COUNTRY,SLV,AMR,Americas,YEAR,2015,,,,,,,,,1 [0.9-1.1],1,0.9,1.1,,2025-11-11T14:11:28Z,2015,2015-01-01,2015-12-31
9208681,MDG_0000000017,COUNTRY,AUT,EUR,Europe,YEAR,2010,,,,,,,,,0.47 [0.46-0.47],0.47,0.46,0.47,,2025-11-11T14:11:28Z,2010,2010-01-01,2010-12-31
9212526,MDG_0000000017,COUNTRY,BWA,AFR,Africa,YEAR,2021,,,,,,,,,34 [18-54],34,18,54,,2025-11-11T14:11:28Z,2021,2021-01-01,2021-12-31
9213766,MDG_0000000017,COUNTRY,LKA,SEAR,South-East Asia,YEAR,2007,,,,,,,,,5.3 [4.4-6.2],5.3,4.4,6.2,,2025-11-11T14:11:28Z,2007,2007-01-01,2007-12-31
9214549,MDG_0000000017,COUNTRY,ESP,EUR,Europe,YEAR,2011,,,,,,,,,0.64 [0.63-0.65],0.64,0.63,0.65,,2025-11-11T14:11:28Z,2011,2011-01-01,2011-12-31
9220266,MDG_0000000017,COUNTRY,MAR,EMR,Eastern Mediterranean,YEAR,2008,,,,,,,,,7.1 [4.1-11],7.1,4.1,11,,2025-11-11T14:11:28Z,2008,2008-01-01,2008-12-31
9220395,MDG_0000000017,COUNTRY,GBR,EUR,Europe,YEAR,2010,,,,,,,,,0.58 [0.58-0.59],0.58,0.58,0.59,,2025-11-11T14:11:28Z,2010,2010-01-01,2010-12-31
9240567,MDG_0000000017,COUNTRY,ZMB,AFR,Africa,YEAR,2018,,,,,,,,,28 [16-42],28,16,42,,2025-11-11T14:11:28Z,2018,2018-01-01,2018-12-31
9244226,MDG_0000000017,COUNTRY,PNG,WPR,Western Pacific,YEAR,2000,,,,,,,,,383 [282-499],383,282,499,,2025-11-11T14:11:28Z,2000,2000-01-01,2000-12-31
9244233,MDG_0000000017,COUNTRY,MAR,EMR,Eastern Mediterranean,YEAR,2020,,,,,,,,,6.6 [3.8-10],6.6,3.8,10,,2025-11-11T14:11:28Z,2020,2020-01-01,2020-12-31
9250563,MDG_0000000017,COUNTRY,PHL,WPR,Western Pacific,YEAR,2021,,,,,,,,,36 [32-41],36,32,41,,2025-11-11T14:11:28Z,2021,2021-01-01,2021-12-31
9252877,MDG_0000000017,COUNTRY,EGY,EMR,Eastern Mediterranean,YEAR,2022,,,,,,,,,0.43 [0.39-0.48],0.43,0.39,0.48,,2025-11-11T14:11:28Z,2022,2022-01-01,2022-12-31
9263339,MDG_0000000017,COUNTRY,DEU,EUR,Europe,YEAR,2016,,,,,,,,,0.36 [0.35-0.36],0.36,0.35,0.36,,2025-11-11T14:11:28Z,2016,2016-01-01,2016-12-31
9266084,MDG_0000000017,COUNTRY,PAN,AMR,Americas,YEAR,2024,,,,,,,,,4.1 [4-4.3],4.1,4,4.3,,2025-11-11T14:11:28Z,2024,2024-01-01,2024-12-31
9271404,MDG_0000000017,COUNTRY,GBR,EUR,Europe,YEAR,2002,,,,,,,,,0.85 [0.84-0.86],0.85,0.84,0.86,,2025-11-11T14:11:28Z,2002,2002-01-01,2002-12-31
9276170,MDG_0000000017,COUNTRY,CIV,AFR,Africa,YEAR,2011,,,,,,,,,35 [24-47],35,24,47,,2025-11-11T14:11:28Z,2011,2011-01-01,2011-12-31
9276373,MDG_0000000017,COUNTRY,MRT,AFR,Africa,YEAR,2024,,,,,,,,,9.6 [4.7-16],9.6,4.7,16,,2025-11-11T14:11:28Z,2024,2024-01-01,2024-12-31
9284925,MDG_0000000017,COUNTRY,PNG,WPR,Western Pacific,YEAR,2009,,,,,,,,,151 [107-201],151,107,201,,2025-11-11T14:11:28Z,2009,2009-01-01,2009-12-31
9289488,MDG_0000000017,COUNTRY,MAR,EMR,Eastern Mediterranean,YEAR,2007,,,,,,,,,6.8 [3.9-10],6.8,3.9,10,,2025-11-11T14:11:28Z,2007,2007-01-01,2007-12-31
9290334,MDG_0000000017,COUNTRY,SYR,EMR,Eastern Mediterranean,YEAR,2017,,,,,,,,,0.13 [0.12-0.15],0.13,0.12,0.15,,2025-11-11T14:11:28Z,2017,2017-01-01,2017-12-31
9290730,MDG_0000000017,COUNTRY,LBR,AFR,Africa,YEAR,2011,,,,,,,,,51 [35-71],51,35,71,,2025-11-11T14:11:28Z,2011,2011-01-01,2011-12-31
9297715,MDG_0000000017,COUNTRY,GNQ,AFR,Africa,YEAR,2019,,,,,,,,,40 [17-73],40,17,73,,2025-11-11T14:11:28Z,2019,2019-01-01,2019-12-31
9302421,MDG_0000000017,COUNTRY,BEN,AFR,Africa,YEAR,2018,,,,,,,,,8.5 [4-15],8.5,4,15,,2025-11-11T14:11:28Z,2018,2018-01-01,2018-12-31
9302925,MDG_0000000017,COUNTRY,NGA,AFR,Africa,YEAR,2009,,,,,,,,,53 [31-81],53,31,81,,2025-11-11T14:11:28Z,2009,2009-01-01,2009-12-31
9303462,MDG_0000000017,COUNTRY,ECU,AMR,Americas,YEAR,2018,,,,,,,,,3.2 [2.8-3.5],3.2,2.8,3.5,,2025-11-11T14:11:28Z,2018,2018-01-01,2018-12-31
9314076,MDG_0000000017,COUNTRY,SUR,AMR,Americas,YEAR,2003,,,,,,,,,2.2 [2-2.5],2.2,2,2.5,,2025-11-11T14:11:28Z,2003,2003-01-01,2003-12-31
9316115,MDG_0000000017,COUNTRY,BHR,EMR,Eastern Mediterranean,YEAR,2021,,,,,,,,,1.2 [0.73-1.8],1.2,0.73,1.8,,2025-11-11T14:11:28Z,2021,2021-01-01,2021-12-31
9320687,MDG_0000000017,REGION,AFR,,,YEAR,2016,,,,,,,,,45 [37-55],45,37,55,,2025-11-11T14:11:28Z,2016,2016-01-01,2016-12-31
9328901,MDG_0000000017,COUNTRY,COM,AFR,Africa,YEAR,2004,,,,,,,,,13 [4.8-25],13,4.8,25,,2025-11-11T14:11:28Z,2004,2004-01-01,2004-12-31
9335730,MDG_0000000017,COUNTRY,UGA,AFR,Africa,YEAR,2013,,,,,,,,,19 [11-29],19,11,29,,2025-11-11T14:11:28Z,2013,2013-01-01,2013-12-31
9341187,MDG_0000000017,COUNTRY,FSM,WPR,Western Pacific,YEAR,2017,,,,,,,,,62 [43-85],62,43,85,,2025-11-11T14:11:28Z,2017,2017-01-01,2017-12-31
9342100,MDG_0000000017,COUNTRY,NPL,SEAR,South-East Asia,YEAR,2023,,,,,,,,,54 [28-87],54,28,87,,2025-11-11T14:11:28Z,2023,2023-01-01,2023-12-31
9345810,MDG_0000000017,COUNTRY,TUR,EUR,Europe,YEAR,2010,,,,,,,,,1.2 [1-1.3],1.2,1,1.3,,2025-11-11T14:11:28Z,2010,2010-01-01,2010-12-31
9352515,MDG_0000000017,COUNTRY,SLE,AFR,Africa,YEAR,2007,,,,,,,,,143 [61-259],143,61,259,,2025-11-11T14:11:28Z,2007,2007-01-01,2007-12-31
9358918,MDG_0000000017,COUNTRY,COM,AFR,Africa,YEAR,2002,,,,,,,,,12 [4.6-23],12,4.6,23,,2025-11-11T14:11:28Z,2002,2002-01-01,2002-12-31
9360494,MDG_0000000017,REGION,EMR,,,YEAR,2017,,,,,,,,,11 [9.6-13],11,9.6,13,,2025-11-11T14:11:28Z,2017,2017-01-01,2017-12-31
9360800,MDG_0000000017,COUNTRY,ERI,AFR,Africa,YEAR,2002,,,,,,,,,133 [87-190],133,87,190,,2025-11-11T14:11:28Z,2002,2002-01-01,2002-12-31
9366173,MDG_0000000017,COUNTRY,HTI,AMR,Americas,YEAR,2001,,,,,,,,,54 [8.4-142],54,8.4,142,,2025-11-11T14:11:28Z,2001,2001-01-01,2001-12-31
9366237,MDG_0000000017,COUNTRY,FSM,WPR,Western Pacific,YEAR,2008,,,,,,,,,107 [73-146],107,73,146,,2025-11-11T14:11:28Z,2008,2008-01-01,2008-12-31
9366327,MDG_0000000017,COUNTRY,IDN,WPR,Western Pacific,YEAR,2009,,,,,,,,,48 [45-50],48,45,50,,2025-11-11T14:11:28Z,2009,2009-01-01,2009-12-31
9392956,MDG_0000000017,WORLDBANKINCOMEGROUP,WB_LMI,,,YEAR,2023,,,,,,,,,22 [19-25],22,19,25,,2025-11-11T14:11:28Z,2023,2023-01-01,2023-12-31
9393050,MDG_0000000017,COUNTRY,LUX,EUR,Europe,YEAR,2023,,,,,,,,,0.17 [0.16-0.17],0.17,0.16,0.17,,2025-11-11T14:11:28Z,2023,2023-01-01,2023-12-31
9396445,MDG_0000000017,COUNTRY,LBY,EMR,Eastern Mediterranean,YEAR,2000,,,,,,,,,15 [6.6-27],15,6.6,27,,2025-11-11T14:11:28Z,2000,2000-01-01,2000-12-31
9398597,MDG_0000000017,COUNTRY,LVA,EUR,Europe,YEAR,2009,,,,,,,,,5.3 [5.1-5.6],5.3,5.1,5.6,,2025-11-11T14:11:28Z,2009,2009-01-01,2009-12-31
9399343,MDG_0000000017,COUNTRY,MDG,AFR,Africa,YEAR,2023,,,,,,,,,34 [24-46],34,24,46,,2025-11-11T14:11:28Z,2023,2023-01-01,2023-12-31
9402682,MDG_0000000017,COUNTRY,SYR,EMR,Eastern Mediterranean,YEAR,2016,,,,,,,,,0.13 [0.12-0.15],0.13,0.12,0.15,,2025-11-11T14:11:28Z,2016,2016-01-01,2016-12-31
9403420,MDG_0000000017,COUNTRY,SWE,EUR,Europe,YEAR,2008,,,,,,,,,0.69 [0.68-0.71],0.69,0.68,0.71,,2025-11-11T14:11:28Z,2008,2008-01-01,2008-12-31
9404211,MDG_0000000017,COUNTRY,BGD,SEAR,South-East Asia,YEAR,2015,,,,,,,,,42 [27-60],42,27,60,,2025-11-11T14:11:28Z,2015,2015-01-01,2015-12-31
9404818,MDG_0000000017,COUNTRY,FJI,WPR,Western Pacific,YEAR,2022,,,,,,,,,4.4 [4.3-4.5],4.4,4.3,4.5,,2025-11-11T14:11:28Z,2022,2022-01-01,2022-12-31
9409500,MDG_0000000017,COUNTRY,POL,EUR,Europe,YEAR,2001,,,,,,,,,3 [2.9-3.1],3,2.9,3.1,,2025-11-11T14:11:28Z,2001,2001-01-01,2001-12-31
9409691,MDG_0000000017,COUNTRY,IDN,WPR,Western Pacific,YEAR,2021,,,,,,,,,46 [41-51],46,41,51,,2025-11-11T14:11:28Z,2021,2021-01-01,2021-12-31
9411029,MDG_0000000017,COUNTRY,ZMB,AFR,Africa,YEAR,2020,,,,,,,,,32 [19-49],32,19,49,,2025-11-11T14:11:28Z,2020,2020-01-01,2020-12-31
9412043,MDG_0000000017,COUNTRY,AGO,AFR,Africa,YEAR,2018,,,,,,,,,80 [58-106],80,58,106,,2025-11-11T14:11:28Z,2018,2018-01-01,2018-12-31
9422394,MDG_0000000017,COUNTRY,PRI,AMR,Americas,YEAR,2007,,,,,,,,,0.39 [0.38-0.39],0.39,0.38,0.39,,2025-11-11T14:11:28Z,2007,2007-01-01,2007-12-31
9423568,MDG_0000000017,COUNTRY,NER,AFR,Africa,YEAR,2006,,,,,,,,,28 [19-40],28,19,40,,2025-11-11T14:11:28Z,2006,2006-01-01,2006-12-31
9424487,MDG_0000000017,COUNTRY,ECU,AMR,Americas,YEAR,2017,,,,,,,,,3.6 [3.2-4.1],3.6,3.2,4.1,,2025-11-11T14:11:28Z,2017,2017-01-01,2017-12-31
9429856,MDG_0000000017,COUNTRY,RWA,AFR,Africa,YEAR,2022,,,,,,,,,3 [1.5-5],3,1.5,5,,2025-11-11T14:11:28Z,2022,2022-01-01,2022-12-31
9436584,MDG_0000000017,COUNTRY,NGA,AFR,Africa,YEAR,2001,,,,,,,,,63 [34-100],63,34,100,,2025-11-11T14:11:28Z,2001,2001-01-01,2001-12-31
9436933,MDG_0000000017,COUNTRY,SGP,WPR,Western Pacific,YEAR,2013,,,,,,,,,1 [0.93-1.2],1,0.93,1.2,,2025-11-11T14:11:28Z,2013,2013-01-01,2013-12-31
9443522,MDG_0000000017,COUNTRY,TTO,AMR,Americas,YEAR,2010,,,,,,,,,1.4 [1.4-1.4],1.4,1.4,1.4,,2025-11-11T14:11:28Z,2010,2010-01-01,2010-12-31
9449360,MDG_0000000017,COUNTRY,AZE,EUR,Europe,YEAR,2001,,,,,,,,,18 [15-21],18,15,21,,2025-11-11T14:11:28Z,2001,2001-01-01,2001-12-31
9453963,MDG_0000000017,COUNTRY,AGO,AFR,Africa,YEAR,2004,,,,,,,,,102 [71-138],102,71,138,,2025-11-11T14:11:28Z,2004,2004-01-01,2004-12-31
9455805,MDG_0000000017,COUNTRY,BGD,SEAR,South-East Asia,YEAR,2009,,,,,,,,,51 [33-73],51,33,73,,2025-11-11T14:11:28Z,2009,2009-01-01,2009-12-31
9460875,MDG_0000000017,WORLDBANKINCOMEGROUP,WB_UMI,,,YEAR,2007,,,,,,,,,11 [10-11],11,10,11,,2025-11-11T14:11:28Z,2007,2007-01-01,2007-12-31
9473643,MDG_0000000017,COUNTRY,YEM,EMR,Eastern Mediterranean,YEAR,2019,,,,,,,,,6.5 [4.6-8.8],6.5,4.6,8.8,,2025-11-11T14:11:28Z,2019,2019-01-01,2019-12-31
9474692,MDG_0000000017,COUNTRY,CAN,AMR,Americas,YEAR,2008,,,,,,,,,0.4 [0.39-0.4],0.4,0.39,0.4,,2025-11-11T14:11:28Z,2008,2008-01-01,2008-12-31
9479149,MDG_0000000017,REGION,WPR,,,YEAR,2024,,,,,,,,,9.5 [8.6-10],9.5,8.6,10,,2025-11-11T14:11:28Z,2024,2024-01-01,2024-12-31
9487490,MDG_0000000017,COUNTRY,UKR,EUR,Europe,YEAR,2015,,,,,,,,,11 [10-11],11,10,11,,2025-11-11T14:11:28Z,2015,2015-01-01,2015-12-31
9491562,MDG_0000000017,COUNTRY,TGO,AFR,Africa,YEAR,2020,,,,,,,,,8.1 [3.4-15],8.1,3.4,15,,2025-11-11T14:11:28Z,2020,2020-01-01,2020-12-31
9492795,MDG_0000000017,COUNTRY,MDG,AFR,Africa,YEAR,2014,,,,,,,,,48 [34-64],48,34,64,,2025-11-11T14:11:28Z,2014,2014-01-01,2014-12-31
9499321,MDG_0000000017,REGION,SEAR,,,YEAR,2012,,,,,,,,,37 [30-44],37,30,44,,2025-11-11T14:11:28Z,2012,2012-01-01,2012-12-31
9499522,MDG_0000000017,COUNTRY,SOM,EMR,Eastern Mediterranean,YEAR,2014,,,,,,,,,41 [29-56],41,29,56,,2025-11-11T14:11:28Z,2014,2014-01-01,2014-12-31
9517798,MDG_0000000017,COUNTRY,LTU,EUR,Europe,YEAR,2018,,,,,,,,,4.3 [4.2-4.5],4.3,4.2,4.5,,2025-11-11T14:11:28Z,2018,2018-01-01,2018-12-31
9518070,MDG_0000000017,COUNTRY,BRN,WPR,Western Pacific,YEAR,2022,,,,,,,,,5.4 [4.5-6.2],5.4,4.5,6.2,,2025-11-11T14:11:28Z,2022,2022-01-01,2022-12-31
9519296,MDG_0000000017,COUNTRY,SOM,EMR,Eastern Mediterranean,YEAR,2007,,,,,,,,,81 [58-107],81,58,107,,2025-11-11T14:11:28Z,2007,2007-01-01,2007-12-31
9519769,MDG_0000000017,COUNTRY,CAF,AFR,Africa,YEAR,2017,,,,,,,,,92 [41-163],92,41,163,,2025-11-11T14:11:28Z,2017,2017-01-01,2017-12-31
9538129,MDG_0000000017,COUNTRY,ITA,EUR,Europe,YEAR,2001,,,,,,,,,0.79 [0.78-0.8],0.79,0.78,0.8,,2025-11-11T14:11:28Z,2001,2001-01-01,2001-12-31
9543078,MDG_0000000017,COUNTRY,KGZ,EUR,Europe,YEAR,2020,,,,,,,,,3.9 [3.4-4.4],3.9,3.4,4.4,,2025-11-11T14:11:28Z,2020,2020-01-01,2020-12-31
9545011,MDG_0000000017,COUNTRY,GBR,EUR,Europe,YEAR,2014,,,,,,,,,0.55 [0.54-0.55],0.55,0.54,0.55,,2025-11-11T14:11:28Z,2014,2014-01-01,2014-12-31
9550561,MDG_0000000017,COUNTRY,ARG,AMR,Americas,YEAR,2002,,,,,,,,,2.3 [2.2-2.4],2.3,2.2,2.4,,2025-11-11T14:11:28Z,2002,2002-01-01,2002-12-31
9557538,MDG_0000000017,COUNTRY,KIR,WPR,Western Pacific,YEAR,2002,,,,,,,,,45 [40-49],45,40,49,,2025-11-11T14:11:28Z,2002,2002-01-01,2002-12-31
9562457,MDG_0000000017,COUNTRY,PSE,EMR,Eastern Mediterranean,YEAR,2013,,,,,,,,,0.25 [0.17-0.34],0.25,0.17,0.34,,2025-11-11T14:11:28Z,2013,2013-01-01,2013-12-31
9563540,MDG_0000000017,COUNTRY,CMR,AFR,Africa,YEAR,2014,,,,,,,,,31 [22-43],31,22,43,,2025-11-11T14:11:28Z,2014,2014-01-01,2014-12-31
9568365,MDG_0000000017,COUNTRY,USA,AMR,Americas,YEAR,2005,,,,,,,,,0.25 [0.24-0.25],0.25,0.24,0.25,,2025-11-11T14:11:28Z,2005,2005-01-01,2005-12-31
9568838,MDG_0000000017,COUNTRY,MAC,,,YEAR,2006,,,,,,,,,39 [27-53],39,27,53,,2025-11-11T14:11:28Z,2006,2006-01-01,2006-12-31
9575159,MDG_0000000017,COUNTRY,GNB,AFR,Africa,YEAR,2005,,,,,,,,,42 [26-63],42,26,63,,2025-11-11T14:11:28Z,2005,2005-01-01,2005-12-31
9575745,MDG_0000000017,COUNTRY,GAB,AFR,Africa,YEAR,2002,,,,,,,,,44 [24-70],44,24,70,,2025-11-11T14:11:28Z,2002,2002-01-01,2002-12-31
9580965,MDG_0000000017,REGION,AMR,,,YEAR,2019,,,,,,,,,1.8 [1.7-1.8],1.8,1.7,1.8,,2025-11-11T14:11:28Z,2019,2019-01-01,2019-12-31
9587255,MDG_0000000017,COUNTRY,CAN,AMR,Americas,YEAR,2018,,,,,,,,,0.27 [0.27-0.27],0.27,0.27,0.27,,2025-11-11T14:11:28Z,2018,2018-01-01,2018-12-31
9595693,MDG_0000000017,COUNTRY,DJI,EMR,Eastern Mediterranean,YEAR,2008,,,,,,,,,376 [257-516],376,257,516,,2025-11-11T14:11:28Z,2008,2008-01-01,2008-12-31
9606673,MDG_0000000017,COUNTRY,PAK,EMR,Eastern Mediterranean,YEAR,2017,,,,,,,,,21 [17-25],21,17,25,,2025-11-11T14:11:28Z,2017,2017-01-01,2017-12-31
9608624,MDG_0000000017,COUNTRY,SOM,EMR,Eastern Mediterranean,YEAR,2021,,,,,,,,,31 [21-43],31,21,43,,2025-11-11T14:11:28Z,2021,2021-01-01,2021-12-31
9612479,MDG_0000000017,COUNTRY,CMR,AFR,Africa,YEAR,2013,,,,,,,,,34 [23-46],34,23,46,,2025-11-11T14:11:28Z,2013,2013-01-01,2013-12-31
9638984,MDG_0000000017,COUNTRY,PNG,WPR,Western Pacific,YEAR,2016,,,,,,,,,130 [94-172],130,94,172,,2025-11-11T14:11:28Z,2016,2016-01-01,2016-12-31
9645131,MDG_0000000017,COUNTRY,KOR,WPR,Western Pacific,YEAR,2011,,,,,,,,,6 [5.7-6.3],6,5.7,6.3,,2025-11-11T14:11:28Z,2011,2011-01-01,2011-12-31
9650928,MDG_0000000017,COUNTRY,GUY,AMR,Americas,YEAR,2013,,,,,,,,,16 [15-18],16,15,18,,2025-11-11T14:11:28Z,2013,2013-01-01,2013-12-31
9657159,MDG_0000000017,COUNTRY,TCD,AFR,Africa,YEAR,2020,,,,,,,,,22 [15-31],22,15,31,,2025-11-11T14:11:28Z,2020,2020-01-01,2020-12-31
9657767,MDG_0000000017,COUNTRY,KOR,WPR,Western Pacific,YEAR,2007,,,,,,,,,6.2 [5.8-6.6],6.2,5.8,6.6,,2025-11-11T14:11:28Z,2007,2007-01-01,2007-12-31
9664707,MDG_0000000017,COUNTRY,BEN,AFR,Africa,YEAR,2011,,,,,,,,,13 [7.5-20],13,7.5,20,,2025-11-11T14:11:28Z,2011,2011-01-01,2011-12-31
9665124,MDG_0000000017,COUNTRY,CAF,AFR,Africa,YEAR,2001,,,,,,,,,107 [36-218],107,36,218,,2025-11-11T14:11:28Z,2001,2001-01-01,2001-12-31
9669798,MDG_0000000017,COUNTRY,SLB,WPR,Western Pacific,YEAR,2018,,,,,,,,,32 [22-43],32,22,43,,2025-11-11T14:11:28Z,2018,2018-01-01,2018-12-31
9670776,MDG_0000000017,COUNTRY,NAM,AFR,Africa,YEAR,2019,,,,,,,,,57 [36-82],57,36,82,,2025-11-11T14:11:28Z,2019,2019-01-01,2019-12-31
9671800,MDG_0000000017,COUNTRY,IDN,WPR,Western Pacific,YEAR,2004,,,,,,,,,52 [47-57],52,47,57,,2025-11-11T14:11:28Z,2004,2004-01-01,2004-12-31
9675607,MDG_0000000017,COUNTRY,NPL,SEAR,South-East Asia,YEAR,2009,,,,,,,,,82 [49-124],82,49,124,,2025-11-11T14:11:28Z,2009,2009-01-01,2009-12-31
9675686,MDG_0000000017,COUNTRY,MEX,AMR,Americas,YEAR,2013,,,,,,,,,2.1 [2.1-2.2],2.1,2.1,2.2,,2025-11-11T14:11:28Z,2013,2013-01-01,2013-12-31
9678103,MDG_0000000017,COUNTRY,GTM,AMR,Americas,YEAR,2003,,,,,,,,,3.4 [3.1-3.6],3.4,3.1,3.6,,2025-11-11T14:11:28Z,2003,2003-01-01,2003-12-31
9688076,MDG_0000000017,COUNTRY,TUN,EMR,Eastern Mediterranean,YEAR,2015,,,,,,,,,1.3 [1-1.7],1.3,1,1.7,,2025-11-11T14:11:28Z,2015,2015-01-01,2015-12-31
9689823,MDG_0000000017,COUNTRY,MYS,WPR,Western Pacific,YEAR,2013,,,,,,,,,4.8 [2.5-7.7],4.8,2.5,7.7,,2025-11-11T14:11:28Z,2013,2013-01-01,2013-12-31
9695308,MDG_0000000017,COUNTRY,PRY,AMR,Americas,YEAR,2007,,,,,,,,,3.5 [3.1-3.9],3.5,3.1,3.9,,2025-11-11T14:11:28Z,2007,2007-01-01,2007-12-31
9707102,MDG_0000000017,COUNTRY,PAN,AMR,Americas,YEAR,2000,,,,,,,,,6.3 [5.9-6.7],6.3,5.9,6.7,,2025-11-11T14:11:28Z,2000,2000-01-01,2000-12-31
9720132,MDG_0000000017,COUNTRY,RUS,EUR,Europe,YEAR,2003,,,,,,,,,23 [22-23],23,22,23,,2025-11-11T14:11:28Z,2003,2003-01-01,2003-12-31
9720928,MDG_0000000017,COUNTRY,UGA,AFR,Africa,YEAR,2012,,,,,,,,,18 [11-27],18,11,27,,2025-11-11T14:11:28Z,2012,2012-01-01,2012-12-31
9726019,MDG_0000000017,COUNTRY,NER,AFR,Africa,YEAR,2007,,,,,,,,,28 [19-39],28,19,39,,2025-11-11T14:11:28Z,2007,2007-01-01,2007-12-31
9728549,MDG_0000000017,COUNTRY,ARE,EMR,Eastern Mediterranean,YEAR,2016,,,,,,,,,0.67 [0.39-1],0.67,0.39,1,,2025-11-11T14:11:28Z,2016,2016-01-01,2016-12-31
9732391,MDG_0000000017,COUNTRY,GNB,AFR,Africa,YEAR,2002,,,,,,,,,34 [21-52],34,21,52,,2025-11-11T14:11:28Z,2002,2002-01-01,2002-12-31
9734719,MDG_0000000017,COUNTRY,MRT,AFR,Africa,YEAR,2001,,,,,,,,,48 [33-65],48,33,65,,2025-11-11T14:11:28Z,2001,2001-01-01,2001-12-31
9739686,MDG_0000000017,COUNTRY,GHA,AFR,Africa,YEAR,2023,,,,,,,,,29 [12-54],29,12,54,,2025-11-11T14:11:28Z,2023,2023-01-01,2023-12-31
9745721,MDG_0000000017,COUNTRY,VUT,WPR,Western Pacific,YEAR,2005,,,,,,,,,73 [56-93],73,56,93,,2025-11-11T14:11:28Z,2005,2005-01-01,2005-12-31
9751806,MDG_0000000017,COUNTRY,TZA,AFR,Africa,YEAR,2012,,,,,,,,,67 [32-116],67,32,116,,2025-11-11T14:11:28Z,2012,2012-01-01,2012-12-31
9753631,MDG_0000000017,COUNTRY,BTN,SEAR,South-East Asia,YEAR,2001,,,,,,,,,188 [131-256],188,131,256,,2025-11-11T14:11:28Z,2001,2001-01-01,2001-12-31
9758878,MDG_0000000017,COUNTRY,PRT,EUR,Europe,YEAR,2016,,,,,,,,,2 [2-2.1],2,2,2.1,,2025-11-11T14:11:28Z,2016,2016-01-01,2016-12-31
9764770,MDG_0000000017,COUNTRY,FSM,WPR,Western Pacific,YEAR,2015,,,,,,,,,54 [37-73],54,37,73,,2025-11-11T14:11:28Z,2015,2015-01-01,2015-12-31
9776740,MDG_0000000017,COUNTRY,RWA,AFR,Africa,YEAR,2018,,,,,,,,,5.2 [3.3-7.4],5.2,3.3,7.4,,2025-11-11T14:11:28Z,2018,2018-01-01,2018-12-31
9779332,MDG_0000000017,COUNTRY,AUS,WPR,Western Pacific,YEAR,2021,,,,,,,,,0.19 [0.19-0.19],0.19,0.19,0.19,,2025-11-11T14:11:28Z,2021,2021-01-01,2021-12-31
9790864,MDG_0000000017,COUNTRY,AUS,WPR,Western Pacific,YEAR,2003,,,,,,,,,0.26 [0.26-0.26],0.26,0.26,0.26,,2025-11-11T14:11:28Z,2003,2003-01-01,2003-12-31
9792310,MDG_0000000017,COUNTRY,DZA,AFR,Africa,YEAR,2014,,,,,,,,,11 [7.7-16],11,7.7,16,,2025-11-11T14:11:28Z,2014,2014-01-01,2014-12-31
9796615,MDG_0000000017,COUNTRY,LBR,AFR,Africa,YEAR,2003,,,,,,,,,44 [28-63],44,28,63,,2025-11-11T14:11:28Z,2003,2003-01-01,2003-12-31
9797714,MDG_0000000017,COUNTRY,SDN,EMR,Eastern Mediterranean,YEAR,2020,,,,,,,,,12 [7.2-17],12,7.2,17,,2025-11-11T14:11:28Z,2020,2020-01-01,2020-12-31
9811328,MDG_0000000017,COUNTRY,BEL,EUR,Europe,YEAR,2010,,,,,,,,,0.55 [0.54-0.57],0.55,0.54,0.57,,2025-11-11T14:11:28Z,2010,2010-01-01,2010-12-31
9817656,MDG_0000000017,COUNTRY,TUN,EMR,Eastern Mediterranean,YEAR,2014,,,,,,,,,1.4 [1.1-1.8],1.4,1.1,1.8,,2025-11-11T14:11:28Z,2014,2014-01-01,2014-12-31
9821449,MDG_0000000017,REGION,AFR,,,YEAR,2020,,,,,,,,,39 [31-47],39,31,47,,2025-11-11T14:11:28Z,2020,2020-01-01,2020-12-31
9822892,MDG_0000000017,COUNTRY,BRN,WPR,Western Pacific,YEAR,2006,,,,,,,,,3 [2.8-3.1],3,2.8,3.1,,2025-11-11T14:11:28Z,2006,2006-01-01,2006-12-31
9823265,MDG_0000000017,COUNTRY,DZA,AFR,Africa,YEAR,2000,,,,,,,,,27 [18-36],27,18,36,,2025-11-11T14:11:28Z,2000,2000-01-01,2000-12-31
9833676,MDG_0000000017,COUNTRY,ZWE,AFR,Africa,YEAR,2013,,,,,,,,,9.3 [5.9-14],9.3,5.9,14,,2025-11-11T14:11:28Z,2013,2013-01-01,2013-12-31
9833809,MDG_0000000017,COUNTRY,MWI,AFR,Africa,YEAR,2007,,,,,,,,,29 [15-48],29,15,48,,2025-11-11T14:11:28Z,2007,2007-01-01,2007-12-31
9834987,MDG_0000000017,COUNTRY,GIN,AFR,Africa,YEAR,2010,,,,,,,,,32 [23-44],32,23,44,,2025-11-11T14:11:28Z,2010,2010-01-01,2010-12-31
9840426,MDG_0000000017,COUNTRY,BOL,AMR,Americas,YEAR,2004,,,,,,,,,21 [17-26],21,17,26,,2025-11-11T14:11:28Z,2004,2004-01-01,2004-12-31
9842373,MDG_0000000017,COUNTRY,ARG,AMR,Americas,YEAR,2013,,,,,,,,,1.6 [1.5-1.6],1.6,1.5,1.6,,2025-11-11T14:11:28Z,2013,2013-01-01,2013-12-31
9847420,MDG_0000000017,REGION,WPR,,,YEAR,2007,,,,,,,,,13 [12-14],13,12,14,,2025-11-11T14:11:28Z,2007,2007-01-01,2007-12-31
9848340,MDG_0000000017,COUNTRY,ZAF,AFR,Africa,YEAR,2021,,,,,,,,,38 [36-40],38,36,40,,2025-11-11T14:11:28Z,2021,2021-01-01,2021-12-31
9852452,MDG_0000000017,COUNTRY,LVA,EUR,Europe,YEAR,2019,,,,,,,,,4.1 [4-4.2],4.1,4,4.2,,2025-11-11T14:11:28Z,2019,2019-01-01,2019-12-31
9861074,MDG_0000000017,COUNTRY,IND,SEAR,South-East Asia,YEAR,2016,,,,,,,,,27 [20-34],27,20,34,,2025-11-11T14:11:28Z,2016,2016-01-01,2016-12-31
9872008,MDG_0000000017,COUNTRY,HRV,EUR,Europe,YEAR,2010,,,,,,,,,1.9 [1.9-1.9],1.9,1.9,1.9,,2025-11-11T14:11:28Z,2010,2010-01-01,2010-12-31
9872171,MDG_0000000017,COUNTRY,EGY,EMR,Eastern Mediterranean,YEAR,2010,,,,,,,,,0.72 [0.63-0.81],0.72,0.63,0.81,,2025-11-11T14:11:28Z,2010,2010-01-01,2010-12-31
9884502,MDG_0000000017,COUNTRY,VEN,AMR,Americas,YEAR,2018,,,,,,,,,2.4 [2.4-2.4],2.4,2.4,2.4,,2025-11-11T14:11:28Z,2018,2018-01-01,2018-12-31
9884895,MDG_0000000017,COUNTRY,MAC,,,YEAR,2014,,,,,,,,,19 [13-26],19,13,26,,2025-11-11T14:11:28Z,2014,2014-01-01,2014-12-31
9885056,MDG_0000000017,COUNTRY,MAR,EMR,Eastern Mediterranean,YEAR,2015,,,,,,,,,7.3 [4.2-11],7.3,4.2,11,,2025-11-11T14:11:28Z,2015,2015-01-01,2015-12-31
9893061,MDG_0000000017,COUNTRY,HKG,,,YEAR,2001,,,,,,,,,4.7 [4.7-4.7],4.7,4.7,4.7,,2025-11-11T14:11:28Z,2001,2001-01-01,2001-12-31
9897704,MDG_0000000017,COUNTRY,POL,EUR,Europe,YEAR,2011,,,,,,,,,1.8 [1.8-1.9],1.8,1.8,1.9,,2025-11-11T14:11:28Z,2011,2011-01-01,2011-12-31
9909398,MDG_0000000017,COUNTRY,BWA,AFR,Africa,YEAR,2020,,,,,,,,,39 [22-60],39,22,60,,2025-11-11T14:11:28Z,2020,2020-01-01,2020-12-31
9911611,MDG_0000000017,COUNTRY,LUX,EUR,Europe,YEAR,2006,,,,,,,,,0.21 [0.21-0.22],0.21,0.21,0.22,,2025-11-11T14:11:28Z,2006,2006-01-01,2006-12-31
9911888,MDG_0000000017,COUNTRY,HRV,EUR,Europe,YEAR,2004,,,,,,,,,3.8 [3.8-3.8],3.8,3.8,3.8,,2025-11-11T14:11:28Z,2004,2004-01-01,2004-12-31
9916142,MDG_0000000017,COUNTRY,LBY,EMR,Eastern Mediterranean,YEAR,2009,,,,,,,,,9.6 [4.7-16],9.6,4.7,16,,2025-11-11T14:11:28Z,2009,2009-01-01,2009-12-31
9916998,MDG_0000000017,COUNTRY,BTN,SEAR,South-East Asia,YEAR,2011,,,,,,,,,114 [79-156],114,79,156,,2025-11-11T14:11:28Z,2011,2011-01-01,2011-12-31
9924225,MDG_0000000017,COUNTRY,AFG,EMR,Eastern Mediterranean,YEAR,2004,,,,,,,,,67 [47-89],67,47,89,,2025-11-11T14:11:28Z,2004,2004-01-01,2004-12-31
9924976,MDG_0000000017,REGION,EMR,,,YEAR,2021,,,,,,,,,11 [9.8-13],11,9.8,13,,2025-11-11T14:11:28Z,2021,2021-01-01,2021-12-31
9930282,MDG_0000000017,COUNTRY,UZB,EUR,Europe,YEAR,2018,,,,,,,,,4.4 [3.9-5],4.4,3.9,5,,2025-11-11T14:11:28Z,2018,2018-01-01,2018-12-31
9930840,MDG_0000000017,COUNTRY,SDN,EMR,Eastern Mediterranean,YEAR,2011,,,,,,,,,22 [12-37],22,12,37,,2025-11-11T14:11:28Z,2011,2011-01-01,2011-12-31
9930843,MDG_0000000017,COUNTRY,PNG,WPR,Western Pacific,YEAR,2014,,,,,,,,,130 [93-173],130,93,173,,2025-11-11T14:11:28Z,2014,2014-01-01,2014-12-31
9942323,MDG_0000000017,COUNTRY,LBR,AFR,Africa,YEAR,2020,,,,,,,,,44 [31-58],44,31,58,,2025-11-11T14:11:28Z,2020,2020-01-01,2020-12-31
9942775,MDG_0000000017,COUNTRY,GRC,EUR,Europe,YEAR,2006,,,,,,,,,0.79 [0.76-0.82],0.79,0.76,0.82,,2025-11-11T14:11:28Z,2006,2006-01-01,2006-12-31
9948763,MDG_0000000017,COUNTRY,NIC,AMR,Americas,YEAR,2012,,,,,,,,,2.3 [2.3-2.4],2.3,2.3,2.4,,2025-11-11T14:11:28Z,2012,2012-01-01,2012-12-31
9948832,MDG_0000000017,COUNTRY,SOM,EMR,Eastern Mediterranean,YEAR,2008,,,,,,,,,66 [48-88],66,48,88,,2025-11-11T14:11:28Z,2008,2008-01-01,2008-12-31
9953604,MDG_0000000017,COUNTRY,LBN,EMR,Eastern Mediterranean,YEAR,2001,,,,,,,,,5.6 [3.9-7.6],5.6,3.9,7.6,,2025-11-11T14:11:28Z,2001,2001-01-01,2001-12-31
9955757,MDG_0000000017,COUNTRY,HUN,EUR,Europe,YEAR,2012,,,,,,,,,1.3 [1.3-1.3],1.3,1.3,1.3,,2025-11-11T14:11:28Z,2012,2012-01-01,2012-12-31
9960919,MDG_0000000017,COUNTRY,CZE,EUR,Europe,YEAR,2023,,,,,,,,,0.34 [0.3-0.39],0.34,0.3,0.39,,2025-11-11T14:11:28Z,2023,2023-01-01,2023-12-31
9961572,MDG_0000000017,COUNTRY,YEM,EMR,Eastern Mediterranean,YEAR,2011,,,,,,,,,6.8 [4.8-9.1],6.8,4.8,9.1,,2025-11-11T14:11:28Z,2011,2011-01-01,2011-12-31
9962029,MDG_0000000017,COUNTRY,BEN,AFR,Africa,YEAR,2008,,,,,,,,,16 [9.4-23],16,9.4,23,,2025-11-11T14:11:28Z,2008,2008-01-01,2008-12-31
9966329,MDG_0000000017,COUNTRY,ARE,EMR,Eastern Mediterranean,YEAR,2018,,,,,,,,,0.67 [0.39-1],0.67,0.39,1,,2025-11-11T14:11:28Z,2018,2018-01-01,2018-12-31
9974925,MDG_0000000017,COUNTRY,SYR,EMR,Eastern Mediterranean,YEAR,2021,,,,,,,,,0.13 [0.12-0.15],0.13,0.12,0.15,,2025-11-11T14:11:28Z,2021,2021-01-01,2021-12-31
9975007,MDG_0000000017,COUNTRY,LKA,SEAR,South-East Asia,YEAR,2003,,,,,,,,,7.3 [5.9-8.9],7.3,5.9,8.9,,2025-11-11T14:11:28Z,2003,2003-01-01,2003-12-31
9979345,MDG_0000000017,COUNTRY,AFG,EMR,Eastern Mediterranean,YEAR,2003,,,,,,,,,68 [48-92],68,48,92,,2025-11-11T14:11:28Z,2003,2003-01-01,2003-12-31
9980269,MDG_0000000017,COUNTRY,CHN,WPR,Western Pacific,YEAR,2008,,,,,,,,,4.2 [3.7-4.6],4.2,3.7,4.6,,2025-11-11T14:11:28Z,2008,2008-01-01,2008-12-31
9980503,MDG_0000000017,COUNTRY,JPN,WPR,Western Pacific,YEAR,2004,,,,,,,,,3.4 [3.3-3.4],3.4,3.3,3.4,,2025-11-11T14:11:28Z,2004,2004-01-01,2004-12-31
9985243,MDG_0000000017,COUNTRY,JAM,AMR,Americas,YEAR,2012,,,,,,,,,0.29 [0.29-0.29],0.29,0.29,0.29,,2025-11-11T14:11:28Z,2012,2012-01-01,2012-12-31
9991751,MDG_0000000017,COUNTRY,JOR,EMR,Eastern Mediterranean,YEAR,2011,,,,,,,,,0.34 [0.29-0.38],0.34,0.29,0.38,,2025-11-11T14:11:28Z,2011,2011-01-01,2011-12-31
9992856,MDG_0000000017,COUNTRY,CUB,AMR,Americas,YEAR,2007,,,,,,,,,0.35 [0.35-0.35],0.35,0.35,0.35,,2025-11-11T14:11:28Z,2007,2007-01-01,2007-12-31
9994505,MDG_0000000017,COUNTRY,GTM,AMR,Americas,YEAR,2015,,,,,,,,,2.1 [2-2.3],2.1,2,2.3,,2025-11-11T14:11:28Z,2015,2015-01-01,2015-12-31
9998753,MDG_0000000017,COUNTRY,ERI,AFR,Africa,YEAR,2020,,,,,,,,,27 [19-37],27,19,37,,2025-11-11T14:11:28Z,2020,2020-01-01,2020-12-31
9999309,MDG_0000000017,COUNTRY,LTU,EUR,Europe,YEAR,2013,,,,,,,,,7.5 [7.3-7.7],7.5,7.3,7.7,,2025-11-11T14:11:28Z,2013,2013-01-01,2013-12-31
10006946,MDG_0000000017,COUNTRY,TCD,AFR,Africa,YEAR,2012,,,,,,,,,32 [21-45],32,21,45,,2025-11-11T14:11:28Z,2012,2012-01-01,2012-12-31
10013512,MDG_0000000017,COUNTRY,RUS,EUR,Europe,YEAR,2024,,,,,,,,,3.4 [2.8-4],3.4,2.8,4,,2025-11-11T14:11:28Z,2024,2024-01-01,2024-12-31
10025230,MDG_0000000017,COUNTRY,POL,EUR,Europe,YEAR,2024,,,,,,,,,1.2 [1.2-1.3],1.2,1.2,1.3,,2025-11-11T14:11:28Z,2024,2024-01-01,2024-12-31
10030375,MDG_0000000017,COUNTRY,GTM,AMR,Americas,YEAR,2017,,,,,,,,,2.1 [1.9-2.2],2.1,1.9,2.2,,2025-11-11T14:11:28Z,2017,2017-01-01,2017-12-31
10036048,MDG_0000000017,COUNTRY,TZA,AFR,Africa,YEAR,2008,,,,,,,,,77 [38-130],77,38,130,,2025-11-11T14:11:28Z,2008,2008-01-01,2008-12-31
10038670,MDG_0000000017,COUNTRY,MUS,AFR,Africa,YEAR,2009,,,,,,,,,1.3 [1.3-1.3],1.3,1.3,1.3,,2025-11-11T14:11:28Z,2009,2009-01-01,2009-12-31
10042136,MDG_0000000017,COUNTRY,KGZ,EUR,Europe,YEAR,2004,,,,,,,,,16 [16-17],16,16,17,,2025-11-11T14:11:28Z,2004,2004-01-01,2004-12-31
10043289,MDG_0000000017,COUNTRY,MLI,AFR,Africa,YEAR,2022,,,,,,,,,8.4 [3.7-15],8.4,3.7,15,,2025-11-11T14:11:28Z,2022,2022-01-01,2022-12-31
10049232,MDG_0000000017,COUNTRY,BFA,AFR,Africa,YEAR,2022,,,,,,,,,12 [5.2-21],12,5.2,21,,2025-11-11T14:11:28Z,2022,2022-01-01,2022-12-31
10050795,MDG_0000000017,COUNTRY,TUR,EUR,Europe,YEAR,2022,,,,,,,,,0.42 [0.38-0.48],0.42,0.38,0.48,,2025-11-11T14:11:28Z,2022,2022-01-01,2022-12-31
10057097,MDG_0000000017,COUNTRY,ETH,AFR,Africa,YEAR,2024,,,,,,,,,14 [7.2-23],14,7.2,23,,2025-11-11T14:11:28Z,2024,2024-01-01,2024-12-31
10057393,MDG_0000000017,WORLDBANKINCOMEGROUP,WB_LMI,,,YEAR,2024,,,,,,,,,21 [19-24],21,19,24,,2025-11-11T14:11:28Z,2024,2024-01-01,2024-12-31
10070029,MDG_0000000017,COUNTRY,DOM,AMR,Americas,YEAR,2001,,,,,,,,,9.5 [4.1-17],9.5,4.1,17,,2025-11-11T14:11:28Z,2001,2001-01-01,2001-12-31
10074778,MDG_0000000017,COUNTRY,MUS,AFR,Africa,YEAR,2017,,,,,,,,,1.7 [1.6-1.7],1.7,1.6,1.7,,2025-11-11T14:11:28Z,2017,2017-01-01,2017-12-31
10075620,MDG_0000000017,COUNTRY,STP,AFR,Africa,YEAR,2009,,,,,,,,,25 [17-34],25,17,34,,2025-11-11T14:11:28Z,2009,2009-01-01,2009-12-31
10076075,MDG_0000000017,COUNTRY,SLB,WPR,Western Pacific,YEAR,2004,,,,,,,,,92 [63-126],92,63,126,,2025-11-11T14:11:28Z,2004,2004-01-01,2004-12-31
10087027,MDG_0000000017,COUNTRY,DEU,EUR,Europe,YEAR,2011,,,,,,,,,0.42 [0.42-0.43],0.42,0.42,0.43,,2025-11-11T14:11:28Z,2011,2011-01-01,2011-12-31
10095359,MDG_0000000017,COUNTRY,SSD,AFR,Africa,YEAR,2019,,,,,,,,,79 [35-140],79,35,140,,2025-11-11T14:11:28Z,2019,2019-01-01,2019-12-31
10106648,MDG_0000000017,COUNTRY,AGO,AFR,Africa,YEAR,2024,,,,,,,,,67 [40-100],67,40,100,,2025-11-11T14:11:28Z,2024,2024-01-01,2024-12-31
10106788,MDG_0000000017,COUNTRY,IND,SEAR,South-East Asia,YEAR,2018,,,,,,,,,24 [18-31],24,18,31,,2025-11-11T14:11:28Z,2018,2018-01-01,2018-12-31
10106953,MDG_0000000017,COUNTRY,KWT,EMR,Eastern Mediterranean,YEAR,2023,,,,,,,,,0.37 [0.34-0.4],0.37,0.34,0.4,,2025-11-11T14:11:28Z,2023,2023-01-01,2023-12-31
10107202,MDG_0000000017,COUNTRY,KIR,WPR,Western Pacific,YEAR,2021,,,,,,,,,37 [31-43],37,31,43,,2025-11-11T14:11:28Z,2021,2021-01-01,2021-12-31
10108611,MDG_0000000017,COUNTRY,BEN,AFR,Africa,YEAR,2001,,,,,,,,,13 [6.8-22],13,6.8,22,,2025-11-11T14:11:28Z,2001,2001-01-01,2001-12-31
10119092,MDG_0000000017,COUNTRY,BIH,EUR,Europe,YEAR,2024,,,,,,,,,0 [0-0],0,0,0,,2025-11-11T14:11:28Z,2024,2024-01-01,2024-12-31
10120564,MDG_0000000017,COUNTRY,ROU,EUR,Europe,YEAR,2012,,,,,,,,,6.2 [6.1-6.2],6.2,6.1,6.2,,2025-11-11T14:11:28Z,2012,2012-01-01,2012-12-31
10125469,MDG_0000000017,COUNTRY,TZA,AFR,Africa,YEAR,2021,,,,,,,,,28 [13-50],28,13,50,,2025-11-11T14:11:28Z,2021,2021-01-01,2021-12-31
10125547,MDG_0000000017,COUNTRY,MAC,,,YEAR,2020,,,,,,,,,14 [9.6-19],14,9.6,19,,2025-11-11T14:11:28Z,2020,2020-01-01,2020-12-31
10127755,MDG_0000000017,COUNTRY,CPV,AFR,Africa,YEAR,2007,,,,,,,,,6.3 [5.4-7.3],6.3,5.4,7.3,,2025-11-11T14:11:28Z,2007,2007-01-01,2007-12-31
10133240,MDG_0000000017,COUNTRY,KWT,EMR,Eastern Mediterranean,YEAR,2022,,,,,,,,,0.37 [0.34-0.4],0.37,0.34,0.4,,2025-11-11T14:11:28Z,2022,2022-01-01,2022-12-31
10134033,MDG_0000000017,COUNTRY,AZE,EUR,Europe,YEAR,2020,,,,,,,,,6 [5.5-6.5],6,5.5,6.5,,2025-11-11T14:11:28Z,2020,2020-01-01,2020-12-31
10139497,MDG_0000000017,COUNTRY,IRN,EMR,Eastern Mediterranean,YEAR,2017,,,,,,,,,0.86 [0.84-0.88],0.86,0.84,0.88,,2025-11-11T14:11:28Z,2017,2017-01-01,2017-12-31
10144621,MDG_0000000017,COUNTRY,FRA,EUR,Europe,YEAR,2003,,,,,,,,,1.7 [1.6-1.7],1.7,1.6,1.7,,2025-11-11T14:11:28Z,2003,2003-01-01,2003-12-31
10146589,MDG_0000000017,COUNTRY,ECU,AMR,Americas,YEAR,2014,,,,,,,,,3.4 [2.9-3.9],3.4,2.9,3.9,,2025-11-11T14:11:28Z,2014,2014-01-01,2014-12-31
10146859,MDG_0000000017,COUNTRY,MNE,EUR,Europe,YEAR,2013,,,,,,,,,0.2 [0.18-0.22],0.2,0.18,0.22,,2025-11-11T14:11:28Z,2013,2013-01-01,2013-12-31
10151456,MDG_0000000017,COUNTRY,BFA,AFR,Africa,YEAR,2002,,,,,,,,,22 [8.8-42],22,8.8,42,,2025-11-11T14:11:28Z,2002,2002-01-01,2002-12-31
10164863,MDG_0000000017,COUNTRY,MOZ,AFR,Africa,YEAR,2018,,,,,,,,,19 [10-31],19,10,31,,2025-11-11T14:11:28Z,2018,2018-01-01,2018-12-31
10171112,MDG_0000000017,COUNTRY,POL,EUR,Europe,YEAR,2020,,,,,,,,,1.4 [1.3-1.5],1.4,1.3,1.5,,2025-11-11T14:11:28Z,2020,2020-01-01,2020-12-31
10171471,MDG_0000000017,COUNTRY,NOR,EUR,Europe,YEAR,2023,,,,,,,,,0.07 [0.07-0.07],0.07,0.07,0.07,,2025-11-11T14:11:28Z,2023,2023-01-01,2023-12-31
10175972,MDG_0000000017,COUNTRY,BOL,AMR,Americas,YEAR,2018,,,,,,,,,11 [7.8-14],11,7.8,14,,2025-11-11T14:11:28Z,2018,2018-01-01,2018-12-31
10183349,MDG_0000000017,COUNTRY,MWI,AFR,Africa,YEAR,2009,,,,,,,,,32 [16-53],32,16,53,,2025-11-11T14:11:28Z,2009,2009-01-01,2009-12-31
10190834,MDG_0000000017,COUNTRY,CIV,AFR,Africa,YEAR,2010,,,,,,,,,38 [26-51],38,26,51,,2025-11-11T14:11:28Z,2010,2010-01-01,2010-12-31
10194772,MDG_0000000017,COUNTRY,BEL,EUR,Europe,YEAR,2020,,,,,,,,,0.36 [0.35-0.37],0.36,0.35,0.37,,2025-11-11T14:11:28Z,2020,2020-01-01,2020-12-31
10194796,MDG_0000000017,COUNTRY,HRV,EUR,Europe,YEAR,2003,,,,,,,,,3.8 [3.7-3.9],3.8,3.7,3.9,,2025-11-11T14:11:28Z,2003,2003-01-01,2003-12-31
10195901,MDG_0000000017,COUNTRY,MAC,,,YEAR,2004,,,,,,,,,38 [26-52],38,26,52,,2025-11-11T14:11:28Z,2004,2004-01-01,2004-12-31
10209364,MDG_0000000017,REGION,SEAR,,,YEAR,2003,,,,,,,,,65 [52-79],65,52,79,,2025-11-11T14:11:28Z,2003,2003-01-01,2003-12-31
10210190,MDG_0000000017,COUNTRY,ITA,EUR,Europe,YEAR,2011,,,,,,,,,0.65 [0.64-0.66],0.65,0.64,0.66,,2025-11-11T14:11:28Z,2011,2011-01-01,2011-12-31
10221079,MDG_0000000017,COUNTRY,KWT,EMR,Eastern Mediterranean,YEAR,2012,,,,,,,,,0.63 [0.63-0.64],0.63,0.63,0.64,,2025-11-11T14:11:28Z,2012,2012-01-01,2012-12-31
10226677,MDG_0000000017,COUNTRY,BLR,EUR,Europe,YEAR,2017,,,,,,,,,3.4 [3.3-3.6],3.4,3.3,3.6,,2025-11-11T14:11:28Z,2017,2017-01-01,2017-12-31
10226871,MDG_0000000017,COUNTRY,AFG,EMR,Eastern Mediterranean,YEAR,2012,,,,,,,,,46 [32-62],46,32,62,,2025-11-11T14:11:28Z,2012,2012-01-01,2012-12-31
10227917,MDG_0000000017,COUNTRY,NAM,AFR,Africa,YEAR,2000,,,,,,,,,46 [17-91],46,17,91,,2025-11-11T14:11:28Z,2000,2000-01-01,2000-12-31
10228207,MDG_0000000017,COUNTRY,SWE,EUR,Europe,YEAR,2003,,,,,,,,,0.65 [0.64-0.66],0.65,0.64,0.66,,2025-11-11T14:11:28Z,2003,2003-01-01,2003-12-31
10228530,MDG_0000000017,COUNTRY,TTO,AMR,Americas,YEAR,2022,,,,,,,,,1.5 [1.4-1.5],1.5,1.4,1.5,,2025-11-11T14:11:28Z,2022,2022-01-01,2022-12-31
10228685,MDG_0000000017,COUNTRY,STP,AFR,Africa,YEAR,2013,,,,,,,,,30 [21-42],30,21,42,,2025-11-11T14:11:28Z,2013,2013-01-01,2013-12-31
