Id,IndicatorCode,SpatialDimension,SpatialDimensionValueCode,ParentLocationCode,ParentLocation,TimeDimension,TimeDim,DisaggregatingDimension1,DisaggregatingDimension1ValueCode,DisaggregatingDimension2,DisaggregatingDimension2ValueCode,DisaggregatingDimension3,DisaggregatingDimension3ValueCode,DataSourceDimension,DataSourceDimensionValueCode,Value,NumericValue,Low,High,Comments,Date,TimeDimensionValue,TimeDimensionBegin,TimeDimensionEnd
7933673,TB_e_inc_num,COUNTRY,DZA,AFR,Africa,YEAR,2011,,,,,,,,,32 000 [26 000-39 000],32000,26000,39000,,2025-11-11T15:08:09Z,2011,2011-01-01,2011-12-31
9646621,TB_e_inc_num,COUNTRY,BRB,AMR,Americas,YEAR,2017,,,,,,,,,0 [0-0],0,0,0,,2025-11-11T15:08:09Z,2017,2017-01-01,2017-12-31
6629224,TB_e_inc_num,COUNTRY,LBY,EMR,Eastern Mediterranean,YEAR,2021,,,,,,,,,3400 [2000-6800],3400,2000,6800,,2025-11-11T15:08:09Z,2021,2021-01-01,2021-12-31
1775815,TB_e_inc_num,WORLDBANKINCOMEGROUP,WB_LMI,,,YEAR,2014,,,,,,,,,6 720 000 [5 620 000-7 910 000],6720000,5620000,7910000,,2025-11-11T15:08:09Z,2014,2014-01-01,2014-12-31
1775817,TB_e_inc_num,COUNTRY,TZA,AFR,Africa,YEAR,2013,,,,,,,,,164 000 [52 000-338 000],164000,52000,338000,,2025-11-11T15:08:09Z,2013,2013-01-01,2013-12-31
188035,TB_e_inc_num,COUNTRY,QAT,EMR,Eastern Mediterranean,YEAR,2009,,,,,,,,,1000 [850-1300],1000,850,1300,,2025-11-11T15:08:09Z,2009,2009-01-01,2009-12-31
1839194,TB_e_inc_num,COUNTRY,COK,WPR,Western Pacific,YEAR,2023,,,,,,,,,4 [3-5],4,3,5,,2025-11-11T15:08:09Z,2023,2023-01-01,2023-12-31
6774489,TB_e_inc_num,GLOBAL,GLOBAL,,,YEAR,2018,,,,,,,,,10 600 000 [9 930 000-11 300 000],10600000,9930000,11300000,,2025-11-11T15:08:09Z,2018,2018-01-01,2018-12-31
3556746,TB_e_inc_num,COUNTRY,SOM,EMR,Eastern Mediterranean,YEAR,2009,,,,,,,,,28 000 [15 000-62 000],28000,15000,62000,,2025-11-11T15:08:09Z,2009,2009-01-01,2009-12-31
390355,TB_e_inc_num,WORLDBANKINCOMEGROUP,WB_HI,,,YEAR,2020,,,,,,,,,194 000 [166 000-224 000],194000,166000,224000,,2025-11-11T15:08:09Z,2020,2020-01-01,2020-12-31
409373,TB_e_inc_num,COUNTRY,GHA,AFR,Africa,YEAR,2021,,,,,,,,,44 000 [21 000-77 000],44000,21000,77000,,2025-11-11T15:08:09Z,2021,2021-01-01,2021-12-31
5564096,TB_e_inc_num,COUNTRY,BEL,EUR,Europe,YEAR,2013,,,,,,,,,1100 [870-1300],1100,870,1300,,2025-11-11T15:08:09Z,2013,2013-01-01,2013-12-31
3962115,TB_e_inc_num,COUNTRY,YEM,EMR,Eastern Mediterranean,YEAR,2023,,,,,,,,,15 000 [13 000-17 000],15000,13000,17000,,2025-11-11T15:08:09Z,2023,2023-01-01,2023-12-31
8999911,TB_e_inc_num,COUNTRY,CIV,AFR,Africa,YEAR,2019,,,,,,,,,35 000 [22 000-68 000],35000,22000,68000,,2025-11-11T15:08:09Z,2019,2019-01-01,2019-12-31
2648714,TB_e_inc_num,COUNTRY,CIV,AFR,Africa,YEAR,2001,,,,,,,,,33 000 [17 000-83 000],33000,17000,83000,,2025-11-11T15:08:09Z,2001,2001-01-01,2001-12-31
9247173,TB_e_inc_num,REGION,WPR,,,YEAR,2013,,,,,,,,,2 800 000 [2 460 000-3 180 000],2800000,2460000,3180000,,2025-11-11T15:08:09Z,2013,2013-01-01,2013-12-31
6033020,TB_e_inc_num,COUNTRY,AUS,WPR,Western Pacific,YEAR,2001,,,,,,,,,1200 [990-1500],1200,990,1500,,2025-11-11T15:08:09Z,2001,2001-01-01,2001-12-31
7686834,TB_e_inc_num,COUNTRY,LBY,EMR,Eastern Mediterranean,YEAR,2020,,,,,,,,,3000 [1800-6000],3000,1800,6000,,2025-11-11T15:08:09Z,2020,2020-01-01,2020-12-31
2946816,TB_e_inc_num,COUNTRY,SUR,AMR,Americas,YEAR,2012,,,,,,,,,200 [160-240],200,160,240,,2025-11-11T15:08:09Z,2012,2012-01-01,2012-12-31
3100552,TB_e_inc_num,COUNTRY,KWT,EMR,Eastern Mediterranean,YEAR,2022,,,,,,,,,580 [470-700],580,470,700,,2025-11-11T15:08:09Z,2022,2022-01-01,2022-12-31
4746617,TB_e_inc_num,REGION,EMR,,,YEAR,2012,,,,,,,,,818 000 [598 000-1 070 000],818000,598000,1070000,,2025-11-11T15:08:09Z,2012,2012-01-01,2012-12-31
1636616,TB_e_inc_num,COUNTRY,LBR,AFR,Africa,YEAR,2002,,,,,,,,,5800 [3100-14 000],5800,3100,14000,,2025-11-11T15:08:09Z,2002,2002-01-01,2002-12-31
3423785,TB_e_inc_num,COUNTRY,DEU,EUR,Europe,YEAR,2023,,,,,,,,,4700 [4300-5200],4700,4300,5200,,2025-11-11T15:08:09Z,2023,2023-01-01,2023-12-31
8310812,TB_e_inc_num,REGION,AMR,,,YEAR,2006,,,,,,,,,363 000 [338 000-387 000],363000,338000,387000,,2025-11-11T15:08:09Z,2006,2006-01-01,2006-12-31
6755832,TB_e_inc_num,COUNTRY,FIN,EUR,Europe,YEAR,2008,,,,,,,,,400 [320-480],400,320,480,,2025-11-11T15:08:09Z,2008,2008-01-01,2008-12-31
409397,TB_e_inc_num,COUNTRY,MCO,EUR,Europe,YEAR,2008,,,,,,,,,0 [0-0],0,0,0,,2025-11-11T15:08:09Z,2008,2008-01-01,2008-12-31
3683153,TB_e_inc_num,COUNTRY,BHR,EMR,Eastern Mediterranean,YEAR,2006,,,,,,,,,460 [380-560],460,380,560,,2025-11-11T15:08:09Z,2006,2006-01-01,2006-12-31
8860544,TB_e_inc_num,COUNTRY,MNG,WPR,Western Pacific,YEAR,2009,,,,,,,,,11 000 [5900-19 000],11000,5900,19000,,2025-11-11T15:08:09Z,2009,2009-01-01,2009-12-31
7357771,TB_e_inc_num,COUNTRY,AND,EUR,Europe,YEAR,2015,,,,,,,,,4 [3-5],4,3,5,,2025-11-11T15:08:09Z,2015,2015-01-01,2015-12-31
883534,TB_e_inc_num,COUNTRY,TKM,EUR,Europe,YEAR,2013,,,,,,,,,4500 [3700-5400],4500,3700,5400,,2025-11-11T15:08:09Z,2013,2013-01-01,2013-12-31
1130653,TB_e_inc_num,COUNTRY,ARG,AMR,Americas,YEAR,2002,,,,,,,,,17 000 [14 000-21 000],17000,14000,21000,,2025-11-11T15:08:09Z,2002,2002-01-01,2002-12-31
7851516,TB_e_inc_num,COUNTRY,MRT,AFR,Africa,YEAR,2023,,,,,,,,,3500 [2200-6700],3500,2200,6700,,2025-11-11T15:08:09Z,2023,2023-01-01,2023-12-31
1402358,TB_e_inc_num,COUNTRY,ISR,EUR,Europe,YEAR,2019,,,,,,,,,250 [210-310],250,210,310,,2025-11-11T15:08:09Z,2019,2019-01-01,2019-12-31
7927597,TB_e_inc_num,COUNTRY,LUX,EUR,Europe,YEAR,2016,,,,,,,,,34 [28-42],34,28,42,,2025-11-11T15:08:09Z,2016,2016-01-01,2016-12-31
4746640,TB_e_inc_num,COUNTRY,MDV,SEAR,South-East Asia,YEAR,2024,,,,,,,,,210 [170-250],210,170,250,,2025-11-11T15:08:09Z,2024,2024-01-01,2024-12-31
6368831,TB_e_inc_num,COUNTRY,MYS,WPR,Western Pacific,YEAR,2020,,,,,,,,,34 000 [27 000-40 000],34000,27000,40000,,2025-11-11T15:08:09Z,2020,2020-01-01,2020-12-31
6584788,TB_e_inc_num,COUNTRY,LBR,AFR,Africa,YEAR,2006,,,,,,,,,10 000 [5700-23 000],10000,5700,23000,,2025-11-11T15:08:09Z,2006,2006-01-01,2006-12-31
9861788,TB_e_inc_num,COUNTRY,MMR,SEAR,South-East Asia,YEAR,2006,,,,,,,,,258 000 [95 000-502 000],258000,95000,502000,,2025-11-11T15:08:09Z,2006,2006-01-01,2006-12-31
9944163,TB_e_inc_num,REGION,SEAR,,,YEAR,2020,,,,,,,,,3 620 000 [3 210 000-4 060 000],3620000,3210000,4060000,,2025-11-11T15:08:09Z,2020,2020-01-01,2020-12-31
5184116,TB_e_inc_num,COUNTRY,MLT,EUR,Europe,YEAR,2018,,,,,,,,,55 [45-66],55,45,66,,2025-11-11T15:08:09Z,2018,2018-01-01,2018-12-31
5196762,TB_e_inc_num,COUNTRY,LCA,AMR,Americas,YEAR,2006,,,,,,,,,15 [12-18],15,12,18,,2025-11-11T15:08:09Z,2006,2006-01-01,2006-12-31
8462773,TB_e_inc_num,COUNTRY,JPN,WPR,Western Pacific,YEAR,2002,,,,,,,,,48 000 [39 000-57 000],48000,39000,57000,,2025-11-11T15:08:09Z,2002,2002-01-01,2002-12-31
3714949,TB_e_inc_num,COUNTRY,HUN,EUR,Europe,YEAR,2010,,,,,,,,,2200 [1800-2600],2200,1800,2600,,2025-11-11T15:08:09Z,2010,2010-01-01,2010-12-31
510236,TB_e_inc_num,COUNTRY,DOM,AMR,Americas,YEAR,2001,,,,,,,,,11 000 [8800-13 000],11000,8800,13000,,2025-11-11T15:08:09Z,2001,2001-01-01,2001-12-31
7040703,TB_e_inc_num,COUNTRY,EGY,EMR,Eastern Mediterranean,YEAR,2004,,,,,,,,,15 000 [12 000-18 000],15000,12000,18000,,2025-11-11T15:08:09Z,2004,2004-01-01,2004-12-31
8778519,TB_e_inc_num,COUNTRY,VUT,WPR,Western Pacific,YEAR,2023,,,,,,,,,140 [84-300],140,84,300,,2025-11-11T15:08:09Z,2023,2023-01-01,2023-12-31
8816370,TB_e_inc_num,COUNTRY,TLS,SEAR,South-East Asia,YEAR,2008,,,,,,,,,8000 [4300-19 000],8000,4300,19000,,2025-11-11T15:08:09Z,2008,2008-01-01,2008-12-31
4025698,TB_e_inc_num,COUNTRY,MMR,SEAR,South-East Asia,YEAR,2000,,,,,,,,,252 000 [88 000-500 000],252000,88000,500000,,2025-11-11T15:08:09Z,2000,2000-01-01,2000-12-31
2522840,TB_e_inc_num,COUNTRY,CHN,WPR,Western Pacific,YEAR,2023,,,,,,,,,741 000 [603 000-893 000],741000,603000,893000,,2025-11-11T15:08:09Z,2023,2023-01-01,2023-12-31
5855599,TB_e_inc_num,COUNTRY,IDN,WPR,Western Pacific,YEAR,2019,,,,,,,,,851 000 [776 000-929 000],851000,776000,929000,,2025-11-11T15:08:09Z,2019,2019-01-01,2019-12-31
4260431,TB_e_inc_num,COUNTRY,SVK,EUR,Europe,YEAR,2009,,,,,,,,,620 [510-750],620,510,750,,2025-11-11T15:08:09Z,2009,2009-01-01,2009-12-31
5918991,TB_e_inc_num,COUNTRY,SLV,AMR,Americas,YEAR,2013,,,,,,,,,3000 [2400-3600],3000,2400,3600,,2025-11-11T15:08:09Z,2013,2013-01-01,2013-12-31
1301778,TB_e_inc_num,COUNTRY,CHE,EUR,Europe,YEAR,2020,,,,,,,,,400 [330-490],400,330,490,,2025-11-11T15:08:09Z,2020,2020-01-01,2020-12-31
7927601,TB_e_inc_num,REGION,EMR,,,YEAR,2013,,,,,,,,,825 000 [603 000-1 080 000],825000,603000,1080000,,2025-11-11T15:08:09Z,2013,2013-01-01,2013-12-31
5051014,TB_e_inc_num,COUNTRY,UKR,EUR,Europe,YEAR,2003,,,,,,,,,103 000 [84 000-124 000],103000,84000,124000,,2025-11-11T15:08:09Z,2003,2003-01-01,2003-12-31
3531527,TB_e_inc_num,COUNTRY,ZWE,AFR,Africa,YEAR,2014,,,,,,,,,40 000 [25 000-57 000],40000,25000,57000,,2025-11-11T15:08:09Z,2014,2014-01-01,2014-12-31
5222181,TB_e_inc_num,COUNTRY,MKD,EUR,Europe,YEAR,2006,,,,,,,,,1000 [830-1200],1000,830,1200,,2025-11-11T15:08:09Z,2006,2006-01-01,2006-12-31
3734074,TB_e_inc_num,COUNTRY,ARM,EUR,Europe,YEAR,2022,,,,,,,,,680 [550-820],680,550,820,,2025-11-11T15:08:09Z,2022,2022-01-01,2022-12-31
8595884,TB_e_inc_num,COUNTRY,LBN,EMR,Eastern Mediterranean,YEAR,2022,,,,,,,,,710 [570-850],710,570,850,,2025-11-11T15:08:09Z,2022,2022-01-01,2022-12-31
2155589,TB_e_inc_num,COUNTRY,DOM,AMR,Americas,YEAR,2019,,,,,,,,,4900 [4000-5900],4900,4000,5900,,2025-11-11T15:08:09Z,2019,2019-01-01,2019-12-31
8778542,TB_e_inc_num,COUNTRY,BOL,AMR,Americas,YEAR,2002,,,,,,,,,32 000 [26 000-39 000],32000,26000,39000,,2025-11-11T15:08:09Z,2002,2002-01-01,2002-12-31
3968542,TB_e_inc_num,COUNTRY,BRN,WPR,Western Pacific,YEAR,2017,,,,,,,,,310 [250-370],310,250,370,,2025-11-11T15:08:09Z,2017,2017-01-01,2017-12-31
7275449,TB_e_inc_num,COUNTRY,UZB,EUR,Europe,YEAR,2014,,,,,,,,,24 000 [20 000-29 000],24000,20000,29000,,2025-11-11T15:08:09Z,2014,2014-01-01,2014-12-31
839172,TB_e_inc_num,COUNTRY,TTO,AMR,Americas,YEAR,2014,,,,,,,,,340 [270-400],340,270,400,,2025-11-11T15:08:09Z,2014,2014-01-01,2014-12-31
5728753,TB_e_inc_num,COUNTRY,SLB,WPR,Western Pacific,YEAR,2005,,,,,,,,,1500 [1200-1800],1500,1200,1800,,2025-11-11T15:08:09Z,2005,2005-01-01,2005-12-31
972412,TB_e_inc_num,COUNTRY,LBR,AFR,Africa,YEAR,2003,,,,,,,,,6800 [3700-16 000],6800,3700,16000,,2025-11-11T15:08:09Z,2003,2003-01-01,2003-12-31
7592331,TB_e_inc_num,COUNTRY,DNK,EUR,Europe,YEAR,2011,,,,,,,,,460 [380-560],460,380,560,,2025-11-11T15:08:09Z,2011,2011-01-01,2011-12-31
1212907,TB_e_inc_num,COUNTRY,CHL,AMR,Americas,YEAR,2001,,,,,,,,,4900 [4000-5900],4900,4000,5900,,2025-11-11T15:08:09Z,2001,2001-01-01,2001-12-31
3010367,TB_e_inc_num,COUNTRY,BEN,AFR,Africa,YEAR,2010,,,,,,,,,7700 [4500-17 000],7700,4500,17000,,2025-11-11T15:08:09Z,2010,2010-01-01,2010-12-31
6356196,TB_e_inc_num,COUNTRY,TKM,EUR,Europe,YEAR,2002,,,,,,,,,7400 [6000-8900],7400,6000,8900,,2025-11-11T15:08:09Z,2002,2002-01-01,2002-12-31
3208465,TB_e_inc_num,COUNTRY,FIN,EUR,Europe,YEAR,2007,,,,,,,,,360 [300-440],360,300,440,,2025-11-11T15:08:09Z,2007,2007-01-01,2007-12-31
1636698,TB_e_inc_num,COUNTRY,CZE,EUR,Europe,YEAR,2008,,,,,,,,,1100 [860-1300],1100,860,1300,,2025-11-11T15:08:09Z,2008,2008-01-01,2008-12-31
3455366,TB_e_inc_num,COUNTRY,TTO,AMR,Americas,YEAR,2023,,,,,,,,,370 [300-450],370,300,450,,2025-11-11T15:08:09Z,2023,2023-01-01,2023-12-31
264281,TB_e_inc_num,COUNTRY,NRU,WPR,Western Pacific,YEAR,2008,,,,,,,,,5 [4-6],5,4,6,,2025-11-11T15:08:09Z,2008,2008-01-01,2008-12-31
10096131,TB_e_inc_num,COUNTRY,SWZ,AFR,Africa,YEAR,2001,,,,,,,,,11 000 [2100-26 000],11000,2100,26000,,2025-11-11T15:08:09Z,2001,2001-01-01,2001-12-31
5285544,TB_e_inc_num,COUNTRY,FRA,EUR,Europe,YEAR,2014,,,,,,,,,5500 [5300-5700],5500,5300,5700,,2025-11-11T15:08:09Z,2014,2014-01-01,2014-12-31
3683249,TB_e_inc_num,COUNTRY,ARM,EUR,Europe,YEAR,2009,,,,,,,,,2900 [2400-3500],2900,2400,3500,,2025-11-11T15:08:09Z,2009,2009-01-01,2009-12-31
447496,TB_e_inc_num,COUNTRY,KIR,WPR,Western Pacific,YEAR,2006,,,,,,,,,1300 [1100-1600],1300,1100,1600,,2025-11-11T15:08:09Z,2006,2006-01-01,2006-12-31
2111516,TB_e_inc_num,COUNTRY,ZAF,AFR,Africa,YEAR,2009,,,,,,,,,651 000 [328 000-1 080 000],651000,328000,1080000,,2025-11-11T15:08:09Z,2009,2009-01-01,2009-12-31
7009057,TB_e_inc_num,COUNTRY,CAF,AFR,Africa,YEAR,2011,,,,,,,,,25 000 [15 000-47 000],25000,15000,47000,,2025-11-11T15:08:09Z,2011,2011-01-01,2011-12-31
7053483,TB_e_inc_num,COUNTRY,GEO,EUR,Europe,YEAR,2015,,,,,,,,,4300 [3500-5200],4300,3500,5200,,2025-11-11T15:08:09Z,2015,2015-01-01,2015-12-31
7059854,TB_e_inc_num,COUNTRY,CAN,AMR,Americas,YEAR,2007,,,,,,,,,1900 [1600-2300],1900,1600,2300,,2025-11-11T15:08:09Z,2007,2007-01-01,2007-12-31
3841858,TB_e_inc_num,COUNTRY,CAN,AMR,Americas,YEAR,2010,,,,,,,,,1700 [1400-2000],1700,1400,2000,,2025-11-11T15:08:09Z,2010,2010-01-01,2010-12-31
794777,TB_e_inc_num,COUNTRY,CIV,AFR,Africa,YEAR,2012,,,,,,,,,45 000 [26 000-96 000],45000,26000,96000,,2025-11-11T15:08:09Z,2012,2012-01-01,2012-12-31
2441056,TB_e_inc_num,COUNTRY,FJI,WPR,Western Pacific,YEAR,2017,,,,,,,,,630 [510-760],630,510,760,,2025-11-11T15:08:09Z,2017,2017-01-01,2017-12-31
4095624,TB_e_inc_num,COUNTRY,TUV,WPR,Western Pacific,YEAR,2003,,,,,,,,,31 [25-37],31,25,37,,2025-11-11T15:08:09Z,2003,2003-01-01,2003-12-31
7383182,TB_e_inc_num,COUNTRY,TUV,WPR,Western Pacific,YEAR,2002,,,,,,,,,13 [11-16],13,11,16,,2025-11-11T15:08:09Z,2002,2002-01-01,2002-12-31
7402216,TB_e_inc_num,COUNTRY,IRN,EMR,Eastern Mediterranean,YEAR,2009,,,,,,,,,22 000 [18 000-27 000],22000,18000,27000,,2025-11-11T15:08:09Z,2009,2009-01-01,2009-12-31
5906378,TB_e_inc_num,COUNTRY,NOR,EUR,Europe,YEAR,2012,,,,,,,,,400 [330-480],400,330,480,,2025-11-11T15:08:09Z,2012,2012-01-01,2012-12-31
4304729,TB_e_inc_num,COUNTRY,HRV,EUR,Europe,YEAR,2018,,,,,,,,,460 [370-550],460,370,550,,2025-11-11T15:08:09Z,2018,2018-01-01,2018-12-31
1118052,TB_e_inc_num,COUNTRY,BGD,SEAR,South-East Asia,YEAR,2021,,,,,,,,,371 000 [270 000-488 000],371000,270000,488000,,2025-11-11T15:08:09Z,2021,2021-01-01,2021-12-31
9266294,TB_e_inc_num,COUNTRY,CRI,AMR,Americas,YEAR,2002,,,,,,,,,860 [700-1000],860,700,1000,,2025-11-11T15:08:09Z,2002,2002-01-01,2002-12-31
2890031,TB_e_inc_num,COUNTRY,AND,EUR,Europe,YEAR,2008,,,,,,,,,4 [3-5],4,3,5,,2025-11-11T15:08:09Z,2008,2008-01-01,2008-12-31
1352240,TB_e_inc_num,COUNTRY,LKA,SEAR,South-East Asia,YEAR,2022,,,,,,,,,13 000 [7800-24 000],13000,7800,24000,,2025-11-11T15:08:09Z,2022,2022-01-01,2022-12-31
4601054,TB_e_inc_num,COUNTRY,BRB,AMR,Americas,YEAR,2006,,,,,,,,,5 [4-6],5,4,6,,2025-11-11T15:08:09Z,2006,2006-01-01,2006-12-31
8057905,TB_e_inc_num,COUNTRY,NIU,WPR,Western Pacific,YEAR,2022,,,,,,,,,0 [0-0],0,0,0,,2025-11-11T15:08:09Z,2022,2022-01-01,2022-12-31
6667091,TB_e_inc_num,COUNTRY,MCO,EUR,Europe,YEAR,2010,,,,,,,,,1 [1-1],1,1,1,,2025-11-11T15:08:09Z,2010,2010-01-01,2010-12-31
8469157,TB_e_inc_num,COUNTRY,SRB,EUR,Europe,YEAR,2015,,,,,,,,,2400 [1900-2800],2400,1900,2800,,2025-11-11T15:08:09Z,2015,2015-01-01,2015-12-31
2016908,TB_e_inc_num,COUNTRY,MAR,EMR,Eastern Mediterranean,YEAR,2008,,,,,,,,,30 000 [25 000-36 000],30000,25000,36000,,2025-11-11T15:08:09Z,2008,2008-01-01,2008-12-31
2067510,TB_e_inc_num,COUNTRY,GNB,AFR,Africa,YEAR,2004,,,,,,,,,3700 [2000-8700],3700,2000,8700,,2025-11-11T15:08:09Z,2004,2004-01-01,2004-12-31
7053490,TB_e_inc_num,COUNTRY,COK,WPR,Western Pacific,YEAR,2018,,,,,,,,,0 [0-0],0,0,0,,2025-11-11T15:08:09Z,2018,2018-01-01,2018-12-31
7218622,TB_e_inc_num,COUNTRY,HRV,EUR,Europe,YEAR,2005,,,,,,,,,1500 [1200-1800],1500,1200,1800,,2025-11-11T15:08:09Z,2005,2005-01-01,2005-12-31
4032114,TB_e_inc_num,COUNTRY,NRU,WPR,Western Pacific,YEAR,2007,,,,,,,,,3 [2-4],3,2,4,,2025-11-11T15:08:09Z,2007,2007-01-01,2007-12-31
8968474,TB_e_inc_num,COUNTRY,AZE,EUR,Europe,YEAR,2010,,,,,,,,,17 000 [14 000-20 000],17000,14000,20000,,2025-11-11T15:08:09Z,2010,2010-01-01,2010-12-31
7421380,TB_e_inc_num,COUNTRY,WSM,WPR,Western Pacific,YEAR,2004,,,,,,,,,34 [28-41],34,28,41,,2025-11-11T15:08:09Z,2004,2004-01-01,2004-12-31
9063490,TB_e_inc_num,COUNTRY,CIV,AFR,Africa,YEAR,2016,,,,,,,,,40 000 [24 000-79 000],40000,24000,79000,,2025-11-11T15:08:09Z,2016,2016-01-01,2016-12-31
9101605,TB_e_inc_num,COUNTRY,VUT,WPR,Western Pacific,YEAR,2016,,,,,,,,,200 [120-420],200,120,420,,2025-11-11T15:08:09Z,2016,2016-01-01,2016-12-31
7826420,TB_e_inc_num,COUNTRY,ITA,EUR,Europe,YEAR,2015,,,,,,,,,4200 [3400-5100],4200,3400,5100,,2025-11-11T15:08:09Z,2015,2015-01-01,2015-12-31
7826430,TB_e_inc_num,COUNTRY,LUX,EUR,Europe,YEAR,2007,,,,,,,,,52 [42-63],52,42,63,,2025-11-11T15:08:09Z,2007,2007-01-01,2007-12-31
2972348,TB_e_inc_num,COUNTRY,FIN,EUR,Europe,YEAR,2024,,,,,,,,,210 [170-250],210,170,250,,2025-11-11T15:08:09Z,2024,2024-01-01,2024-12-31
1389969,TB_e_inc_num,COUNTRY,NIC,AMR,Americas,YEAR,2000,,,,,,,,,6300 [5100-7500],6300,5100,7500,,2025-11-11T15:08:09Z,2000,2000-01-01,2000-12-31
9596134,TB_e_inc_num,COUNTRY,COM,AFR,Africa,YEAR,2008,,,,,,,,,280 [160-570],280,160,570,,2025-11-11T15:08:09Z,2008,2008-01-01,2008-12-31
3176762,TB_e_inc_num,COUNTRY,VUT,WPR,Western Pacific,YEAR,2021,,,,,,,,,150 [89-300],150,89,300,,2025-11-11T15:08:09Z,2021,2021-01-01,2021-12-31
3221223,TB_e_inc_num,COUNTRY,QAT,EMR,Eastern Mediterranean,YEAR,2001,,,,,,,,,650 [530-780],650,530,780,,2025-11-11T15:08:09Z,2001,2001-01-01,2001-12-31
8102225,TB_e_inc_num,COUNTRY,GUY,AMR,Americas,YEAR,2004,,,,,,,,,1200 [940-1400],1200,940,1400,,2025-11-11T15:08:09Z,2004,2004-01-01,2004-12-31
118530,TB_e_inc_num,COUNTRY,DZA,AFR,Africa,YEAR,2021,,,,,,,,,26 000 [21 000-31 000],26000,21000,31000,,2025-11-11T15:08:09Z,2021,2021-01-01,2021-12-31
169198,TB_e_inc_num,COUNTRY,LBN,EMR,Eastern Mediterranean,YEAR,2007,,,,,,,,,780 [630-930],780,630,930,,2025-11-11T15:08:09Z,2007,2007-01-01,2007-12-31
9893605,TB_e_inc_num,COUNTRY,UGA,AFR,Africa,YEAR,2010,,,,,,,,,68 000 [44 000-97 000],68000,44000,97000,,2025-11-11T15:08:09Z,2010,2010-01-01,2010-12-31
175530,TB_e_inc_num,COUNTRY,BEL,EUR,Europe,YEAR,2014,,,,,,,,,1000 [840-1200],1000,840,1200,,2025-11-11T15:08:09Z,2014,2014-01-01,2014-12-31
5044775,TB_e_inc_num,COUNTRY,MOZ,AFR,Africa,YEAR,2004,,,,,,,,,68 000 [43 000-98 000],68000,43000,98000,,2025-11-11T15:08:09Z,2004,2004-01-01,2004-12-31
3474475,TB_e_inc_num,COUNTRY,TZA,AFR,Africa,YEAR,2018,,,,,,,,,145 000 [64 000-258 000],145000,64000,258000,,2025-11-11T15:08:09Z,2018,2018-01-01,2018-12-31
10001219,TB_e_inc_num,COUNTRY,BTN,SEAR,South-East Asia,YEAR,2020,,,,,,,,,1500 [1300-1900],1500,1300,1900,,2025-11-11T15:08:09Z,2020,2020-01-01,2020-12-31
8393105,TB_e_inc_num,COUNTRY,BIH,EUR,Europe,YEAR,2006,,,,,,,,,3000 [2400-3600],3000,2400,3600,,2025-11-11T15:08:09Z,2006,2006-01-01,2006-12-31
10102588,TB_e_inc_num,COUNTRY,CYP,EUR,Europe,YEAR,2018,,,,,,,,,63 [52-76],63,52,76,,2025-11-11T15:08:09Z,2018,2018-01-01,2018-12-31
6990295,TB_e_inc_num,COUNTRY,EST,EUR,Europe,YEAR,2018,,,,,,,,,190 [150-220],190,150,220,,2025-11-11T15:08:09Z,2018,2018-01-01,2018-12-31
5431094,TB_e_inc_num,COUNTRY,HKG,,,YEAR,2021,,,,,,,,,5700 [4600-6900],5700,4600,6900,,2025-11-11T15:08:09Z,2021,2021-01-01,2021-12-31
8671583,TB_e_inc_num,COUNTRY,URY,AMR,Americas,YEAR,2021,,,,,,,,,1200 [950-1400],1200,950,1400,,2025-11-11T15:08:09Z,2021,2021-01-01,2021-12-31
2206288,TB_e_inc_num,COUNTRY,CHL,AMR,Americas,YEAR,2000,,,,,,,,,5100 [4100-6100],5100,4100,6100,,2025-11-11T15:08:09Z,2000,2000-01-01,2000-12-31
5481729,TB_e_inc_num,COUNTRY,NRU,WPR,Western Pacific,YEAR,2011,,,,,,,,,5 [4-6],5,4,6,,2025-11-11T15:08:09Z,2011,2011-01-01,2011-12-31
8930295,TB_e_inc_num,COUNTRY,TUN,EMR,Eastern Mediterranean,YEAR,2023,,,,,,,,,4700 [3800-5600],4700,3800,5600,,2025-11-11T15:08:09Z,2023,2023-01-01,2023-12-31
5703444,TB_e_inc_num,COUNTRY,NIU,WPR,Western Pacific,YEAR,2012,,,,,,,,,0 [0-0],0,0,0,,2025-11-11T15:08:09Z,2012,2012-01-01,2012-12-31
4133523,TB_e_inc_num,COUNTRY,LBY,EMR,Eastern Mediterranean,YEAR,2012,,,,,,,,,2400 [1500-4400],2400,1500,4400,,2025-11-11T15:08:09Z,2012,2012-01-01,2012-12-31
902792,TB_e_inc_num,COUNTRY,NZL,WPR,Western Pacific,YEAR,2015,,,,,,,,,350 [280-420],350,280,420,,2025-11-11T15:08:09Z,2015,2015-01-01,2015-12-31
5957225,TB_e_inc_num,COUNTRY,LKA,SEAR,South-East Asia,YEAR,2007,,,,,,,,,21 000 [12 000-43 000],21000,12000,43000,,2025-11-11T15:08:09Z,2007,2007-01-01,2007-12-31
4398440,TB_e_inc_num,COUNTRY,GNQ,AFR,Africa,YEAR,2007,,,,,,,,,2900 [1800-5600],2900,1800,5600,,2025-11-11T15:08:09Z,2007,2007-01-01,2007-12-31
2807472,TB_e_inc_num,COUNTRY,BRB,AMR,Americas,YEAR,2001,,,,,,,,,6 [5-7],6,5,7,,2025-11-11T15:08:09Z,2001,2001-01-01,2001-12-31
6134410,TB_e_inc_num,COUNTRY,PAN,AMR,Americas,YEAR,2000,,,,,,,,,2100 [1700-2600],2100,1700,2600,,2025-11-11T15:08:09Z,2000,2000-01-01,2000-12-31
1301885,TB_e_inc_num,REGION,WPR,,,YEAR,2000,,,,,,,,,3 200 000 [2 770 000-3 650 000],3200000,2770000,3650000,,2025-11-11T15:08:09Z,2000,2000-01-01,2000-12-31
4562927,TB_e_inc_num,COUNTRY,TUR,EUR,Europe,YEAR,2012,,,,,,,,,21 000 [17 000-25 000],21000,17000,25000,,2025-11-11T15:08:09Z,2012,2012-01-01,2012-12-31
7870684,TB_e_inc_num,COUNTRY,IRQ,EMR,Eastern Mediterranean,YEAR,2013,,,,,,,,,13 000 [10 000-16 000],13000,10000,16000,,2025-11-11T15:08:09Z,2013,2013-01-01,2013-12-31
1459639,TB_e_inc_num,COUNTRY,MDA,EUR,Europe,YEAR,2014,,,,,,,,,4100 [3300-4900],4100,3300,4900,,2025-11-11T15:08:09Z,2014,2014-01-01,2014-12-31
4842022,TB_e_inc_num,REGION,EMR,,,YEAR,2005,,,,,,,,,761 000 [567 000-984 000],761000,567000,984000,,2025-11-11T15:08:09Z,2005,2005-01-01,2005-12-31
4572,TB_e_inc_num,COUNTRY,PSE,EMR,Eastern Mediterranean,YEAR,2016,,,,,,,,,55 [45-66],55,45,66,,2025-11-11T15:08:09Z,2016,2016-01-01,2016-12-31
6514933,TB_e_inc_num,COUNTRY,EGY,EMR,Eastern Mediterranean,YEAR,2001,,,,,,,,,15 000 [12 000-19 000],15000,12000,19000,,2025-11-11T15:08:09Z,2001,2001-01-01,2001-12-31
8159461,TB_e_inc_num,WORLDBANKINCOMEGROUP,WB_UMI,,,YEAR,2009,,,,,,,,,3 240 000 [2 810 000-3 710 000],3240000,2810000,3710000,,2025-11-11T15:08:09Z,2009,2009-01-01,2009-12-31
150148,TB_e_inc_num,COUNTRY,SLB,WPR,Western Pacific,YEAR,2001,,,,,,,,,1200 [960-1400],1200,960,1400,,2025-11-11T15:08:09Z,2001,2001-01-01,2001-12-31
6648332,TB_e_inc_num,COUNTRY,SUR,AMR,Americas,YEAR,2002,,,,,,,,,220 [180-270],220,180,270,,2025-11-11T15:08:09Z,2002,2002-01-01,2002-12-31
8298305,TB_e_inc_num,COUNTRY,JOR,EMR,Eastern Mediterranean,YEAR,2008,,,,,,,,,530 [430-640],530,430,640,,2025-11-11T15:08:09Z,2008,2008-01-01,2008-12-31
1839363,TB_e_inc_num,COUNTRY,LTU,EUR,Europe,YEAR,2006,,,,,,,,,4600 [3800-5600],4600,3800,5600,,2025-11-11T15:08:09Z,2006,2006-01-01,2006-12-31
6749636,TB_e_inc_num,COUNTRY,CHL,AMR,Americas,YEAR,2006,,,,,,,,,3500 [2900-4300],3500,2900,4300,,2025-11-11T15:08:09Z,2006,2006-01-01,2006-12-31
8393118,TB_e_inc_num,COUNTRY,BEL,EUR,Europe,YEAR,2022,,,,,,,,,910 [740-1100],910,740,1100,,2025-11-11T15:08:09Z,2022,2022-01-01,2022-12-31
10039137,TB_e_inc_num,COUNTRY,BRB,AMR,Americas,YEAR,2013,,,,,,,,,4 [3-5],4,3,5,,2025-11-11T15:08:09Z,2013,2013-01-01,2013-12-31
384151,TB_e_inc_num,GLOBAL,GLOBAL,,,YEAR,2023,,,,,,,,,10 800 000 [10 000 000-11 600 000],10800000,10000000,11600000,,2025-11-11T15:08:09Z,2023,2023-01-01,2023-12-31
8791286,TB_e_inc_num,COUNTRY,TCD,AFR,Africa,YEAR,2003,,,,,,,,,12 000 [6200-32 000],12000,6200,32000,,2025-11-11T15:08:09Z,2003,2003-01-01,2003-12-31
3949633,TB_e_inc_num,COUNTRY,GEO,EUR,Europe,YEAR,2009,,,,,,,,,7100 [5800-8600],7100,5800,8600,,2025-11-11T15:08:09Z,2009,2009-01-01,2009-12-31
2333136,TB_e_inc_num,COUNTRY,COL,AMR,Americas,YEAR,2002,,,,,,,,,24 000 [19 000-28 000],24000,19000,28000,,2025-11-11T15:08:09Z,2002,2002-01-01,2002-12-31
7199618,TB_e_inc_num,COUNTRY,KGZ,EUR,Europe,YEAR,2014,,,,,,,,,10 000 [8200-12 000],10000,8200,12000,,2025-11-11T15:08:09Z,2014,2014-01-01,2014-12-31
7434106,TB_e_inc_num,COUNTRY,SEN,AFR,Africa,YEAR,2024,,,,,,,,,24 000 [15 000-48 000],24000,15000,48000,,2025-11-11T15:08:09Z,2024,2024-01-01,2024-12-31
7617573,TB_e_inc_num,COUNTRY,CRI,AMR,Americas,YEAR,2015,,,,,,,,,550 [450-670],550,450,670,,2025-11-11T15:08:09Z,2015,2015-01-01,2015-12-31
4398465,TB_e_inc_num,COUNTRY,HKG,,,YEAR,2006,,,,,,,,,11 000 [9200-14 000],11000,9200,14000,,2025-11-11T15:08:09Z,2006,2006-01-01,2006-12-31
2978752,TB_e_inc_num,COUNTRY,MCO,EUR,Europe,YEAR,2015,,,,,,,,,0 [0-0],0,0,0,,2025-11-11T15:08:09Z,2015,2015-01-01,2015-12-31
3044020,TB_e_inc_num,COUNTRY,IND,SEAR,South-East Asia,YEAR,2022,,,,,,,,,2 790 000 [2 420 000-3 240 000],2790000,2420000,3240000,,2025-11-11T15:08:09Z,2022,2022-01-01,2022-12-31
1586022,TB_e_inc_num,COUNTRY,BLR,EUR,Europe,YEAR,2011,,,,,,,,,6900 [5600-8300],6900,5600,8300,,2025-11-11T15:08:09Z,2011,2011-01-01,2011-12-31
9710331,TB_e_inc_num,COUNTRY,MKD,EUR,Europe,YEAR,2000,,,,,,,,,1200 [980-1500],1200,980,1500,,2025-11-11T15:08:09Z,2000,2000-01-01,2000-12-31
8165834,TB_e_inc_num,COUNTRY,DNK,EUR,Europe,YEAR,2018,,,,,,,,,330 [270-400],330,270,400,,2025-11-11T15:08:09Z,2018,2018-01-01,2018-12-31
6660801,TB_e_inc_num,COUNTRY,ZAF,AFR,Africa,YEAR,2024,,,,,,,,,249 000 [155 000-365 000],249000,155000,365000,,2025-11-11T15:08:09Z,2024,2024-01-01,2024-12-31
5082886,TB_e_inc_num,COUNTRY,BEN,AFR,Africa,YEAR,2022,,,,,,,,,6000 [3700-11 000],6000,3700,11000,,2025-11-11T15:08:09Z,2022,2022-01-01,2022-12-31
9950637,TB_e_inc_num,COUNTRY,FIN,EUR,Europe,YEAR,2003,,,,,,,,,510 [410-610],510,410,610,,2025-11-11T15:08:09Z,2003,2003-01-01,2003-12-31
8380509,TB_e_inc_num,COUNTRY,GRC,EUR,Europe,YEAR,2020,,,,,,,,,470 [390-570],470,390,570,,2025-11-11T15:08:09Z,2020,2020-01-01,2020-12-31
3525303,TB_e_inc_num,COUNTRY,URY,AMR,Americas,YEAR,2001,,,,,,,,,1100 [910-1300],1100,910,1300,,2025-11-11T15:08:09Z,2001,2001-01-01,2001-12-31
3594597,TB_e_inc_num,COUNTRY,MLI,AFR,Africa,YEAR,2006,,,,,,,,,11 000 [6200-24 000],11000,6200,24000,,2025-11-11T15:08:09Z,2006,2006-01-01,2006-12-31
10083527,TB_e_inc_num,COUNTRY,KOR,WPR,Western Pacific,YEAR,2022,,,,,,,,,20 000 [19 000-22 000],20000,19000,22000,,2025-11-11T15:08:09Z,2022,2022-01-01,2022-12-31
6863542,TB_e_inc_num,COUNTRY,SLV,AMR,Americas,YEAR,2022,,,,,,,,,3200 [2600-3900],3200,2600,3900,,2025-11-11T15:08:09Z,2022,2022-01-01,2022-12-31
403223,TB_e_inc_num,COUNTRY,USA,AMR,Americas,YEAR,2022,,,,,,,,,9000 [7300-11 000],9000,7300,11000,,2025-11-11T15:08:09Z,2022,2022-01-01,2022-12-31
5310952,TB_e_inc_num,COUNTRY,VNM,WPR,Western Pacific,YEAR,2008,,,,,,,,,209 000 [102 000-355 000],209000,102000,355000,,2025-11-11T15:08:09Z,2008,2008-01-01,2008-12-31
472236,TB_e_inc_num,COUNTRY,JAM,AMR,Americas,YEAR,2008,,,,,,,,,180 [150-220],180,150,220,,2025-11-11T15:08:09Z,2008,2008-01-01,2008-12-31
8608635,TB_e_inc_num,COUNTRY,MOZ,AFR,Africa,YEAR,2018,,,,,,,,,105 000 [65 000-154 000],105000,65000,154000,,2025-11-11T15:08:09Z,2018,2018-01-01,2018-12-31
529454,TB_e_inc_num,COUNTRY,SLB,WPR,Western Pacific,YEAR,2020,,,,,,,,,720 [590-870],720,590,870,,2025-11-11T15:08:09Z,2020,2020-01-01,2020-12-31
2288639,TB_e_inc_num,COUNTRY,CHN,WPR,Western Pacific,YEAR,2022,,,,,,,,,748 000 [608 000-901 000],748000,608000,901000,,2025-11-11T15:08:09Z,2022,2022-01-01,2022-12-31
8784994,TB_e_inc_num,COUNTRY,MLT,EUR,Europe,YEAR,2002,,,,,,,,,24 [20-29],24,20,29,,2025-11-11T15:08:09Z,2002,2002-01-01,2002-12-31
8936722,TB_e_inc_num,COUNTRY,IND,SEAR,South-East Asia,YEAR,2013,,,,,,,,,3 220 000 [1 830 000-4 990 000],3220000,1830000,4990000,,2025-11-11T15:08:09Z,2013,2013-01-01,2013-12-31
8981069,TB_e_inc_num,COUNTRY,DJI,EMR,Eastern Mediterranean,YEAR,2013,,,,,,,,,8800 [7100-11 000],8800,7100,11000,,2025-11-11T15:08:09Z,2013,2013-01-01,2013-12-31
4171751,TB_e_inc_num,COUNTRY,ISR,EUR,Europe,YEAR,2011,,,,,,,,,520 [420-630],520,420,630,,2025-11-11T15:08:09Z,2011,2011-01-01,2011-12-31
1200326,TB_e_inc_num,COUNTRY,MRT,AFR,Africa,YEAR,2001,,,,,,,,,6000 [3200-15 000],6000,3200,15000,,2025-11-11T15:08:09Z,2001,2001-01-01,2001-12-31
2845710,TB_e_inc_num,COUNTRY,BWA,AFR,Africa,YEAR,2002,,,,,,,,,16 000 [8900-35 000],16000,8900,35000,,2025-11-11T15:08:09Z,2002,2002-01-01,2002-12-31
7826501,TB_e_inc_num,COUNTRY,CHN,WPR,Western Pacific,YEAR,2006,,,,,,,,,1 160 000 [940 000-1 390 000],1160000,940000,1390000,,2025-11-11T15:08:09Z,2006,2006-01-01,2006-12-31
4652034,TB_e_inc_num,COUNTRY,COD,AFR,Africa,YEAR,2010,,,,,,,,,343 000 [210 000-659 000],343000,210000,659000,,2025-11-11T15:08:09Z,2010,2010-01-01,2010-12-31
3367002,TB_e_inc_num,COUNTRY,CAN,AMR,Americas,YEAR,2000,,,,,,,,,2500 [2000-3000],2500,2000,3000,,2025-11-11T15:08:09Z,2000,2000-01-01,2000-12-31
8405850,TB_e_inc_num,COUNTRY,IDN,WPR,Western Pacific,YEAR,2010,,,,,,,,,842 000 [760 000-927 000],842000,760000,927000,,2025-11-11T15:08:09Z,2010,2010-01-01,2010-12-31
340369,TB_e_inc_num,COUNTRY,IRN,EMR,Eastern Mediterranean,YEAR,2014,,,,,,,,,17 000 [14 000-21 000],17000,14000,21000,,2025-11-11T15:08:09Z,2014,2014-01-01,2014-12-31
8456616,TB_e_inc_num,COUNTRY,MAC,,,YEAR,2011,,,,,,,,,660 [540-790],660,540,790,,2025-11-11T15:08:09Z,2011,2011-01-01,2011-12-31
10159631,TB_e_inc_num,COUNTRY,PER,AMR,Americas,YEAR,2003,,,,,,,,,68 000 [55 000-82 000],68000,55000,82000,,2025-11-11T15:08:09Z,2003,2003-01-01,2003-12-31
3917923,TB_e_inc_num,COUNTRY,MNG,WPR,Western Pacific,YEAR,2001,,,,,,,,,11 000 [5500-17 000],11000,5500,17000,,2025-11-11T15:08:09Z,2001,2001-01-01,2001-12-31
8867113,TB_e_inc_num,COUNTRY,BLR,EUR,Europe,YEAR,2017,,,,,,,,,3600 [2900-4300],3600,2900,4300,,2025-11-11T15:08:09Z,2017,2017-01-01,2017-12-31
4076609,TB_e_inc_num,COUNTRY,COG,AFR,Africa,YEAR,2016,,,,,,,,,17 000 [10 000-35 000],17000,10000,35000,,2025-11-11T15:08:09Z,2016,2016-01-01,2016-12-31
7434161,TB_e_inc_num,COUNTRY,DMA,AMR,Americas,YEAR,2024,,,,,,,,,3 [2-4],3,2,4,,2025-11-11T15:08:09Z,2024,2024-01-01,2024-12-31
7548255,TB_e_inc_num,COUNTRY,PLW,WPR,Western Pacific,YEAR,2014,,,,,,,,,14 [11-17],14,11,17,,2025-11-11T15:08:09Z,2014,2014-01-01,2014-12-31
7630089,TB_e_inc_num,COUNTRY,POL,EUR,Europe,YEAR,2016,,,,,,,,,7600 [6200-9200],7600,6200,9200,,2025-11-11T15:08:09Z,2016,2016-01-01,2016-12-31
9291810,TB_e_inc_num,COUNTRY,CHN,WPR,Western Pacific,YEAR,2011,,,,,,,,,1 020 000 [826 000-1 220 000],1020000,826000,1220000,,2025-11-11T15:08:09Z,2011,2011-01-01,2011-12-31
7693409,TB_e_inc_num,COUNTRY,JAM,AMR,Americas,YEAR,2017,,,,,,,,,170 [130-200],170,130,200,,2025-11-11T15:08:09Z,2017,2017-01-01,2017-12-31
2915589,TB_e_inc_num,COUNTRY,CUB,AMR,Americas,YEAR,2006,,,,,,,,,1100 [930-1400],1100,930,1400,,2025-11-11T15:08:09Z,2006,2006-01-01,2006-12-31
2985171,TB_e_inc_num,COUNTRY,SLE,AFR,Africa,YEAR,2008,,,,,,,,,30 000 [19 000-58 000],30000,19000,58000,,2025-11-11T15:08:09Z,2008,2008-01-01,2008-12-31
9545419,TB_e_inc_num,COUNTRY,CUB,AMR,Americas,YEAR,2021,,,,,,,,,600 [490-730],600,490,730,,2025-11-11T15:08:09Z,2021,2021-01-01,2021-12-31
3164327,TB_e_inc_num,COUNTRY,CUB,AMR,Americas,YEAR,2012,,,,,,,,,940 [770-1100],940,770,1100,,2025-11-11T15:08:09Z,2012,2012-01-01,2012-12-31
3164330,TB_e_inc_num,COUNTRY,COK,WPR,Western Pacific,YEAR,2007,,,,,,,,,1 [1-1],1,1,1,,2025-11-11T15:08:09Z,2007,2007-01-01,2007-12-31
8115038,TB_e_inc_num,COUNTRY,URY,AMR,Americas,YEAR,2012,,,,,,,,,1100 [850-1300],1100,850,1300,,2025-11-11T15:08:09Z,2012,2012-01-01,2012-12-31
4892762,TB_e_inc_num,COUNTRY,UZB,EUR,Europe,YEAR,2006,,,,,,,,,41 000 [33 000-49 000],41000,33000,49000,,2025-11-11T15:08:09Z,2006,2006-01-01,2006-12-31
232744,TB_e_inc_num,COUNTRY,AGO,AFR,Africa,YEAR,2015,,,,,,,,,125 000 [74 000-258 000],125000,74000,258000,,2025-11-11T15:08:09Z,2015,2015-01-01,2015-12-31
321426,TB_e_inc_num,COUNTRY,AGO,AFR,Africa,YEAR,2022,,,,,,,,,135 000 [88 000-196 000],135000,88000,196000,,2025-11-11T15:08:09Z,2022,2022-01-01,2022-12-31
422359,TB_e_inc_num,COUNTRY,SYR,EMR,Eastern Mediterranean,YEAR,2015,,,,,,,,,5100 [4200-6200],5100,4200,6200,,2025-11-11T15:08:09Z,2015,2015-01-01,2015-12-31
2168235,TB_e_inc_num,COUNTRY,CRI,AMR,Americas,YEAR,2019,,,,,,,,,500 [400-600],500,400,600,,2025-11-11T15:08:09Z,2019,2019-01-01,2019-12-31
8683926,TB_e_inc_num,COUNTRY,LBN,EMR,Eastern Mediterranean,YEAR,2001,,,,,,,,,1100 [860-1300],1100,860,1300,,2025-11-11T15:08:09Z,2001,2001-01-01,2001-12-31
7326231,TB_e_inc_num,COUNTRY,HND,AMR,Americas,YEAR,2015,,,,,,,,,4600 [3700-5500],4600,3700,5500,,2025-11-11T15:08:09Z,2015,2015-01-01,2015-12-31
4241641,TB_e_inc_num,COUNTRY,LCA,AMR,Americas,YEAR,2002,,,,,,,,,17 [14-20],17,14,20,,2025-11-11T15:08:09Z,2002,2002-01-01,2002-12-31
1048295,TB_e_inc_num,COUNTRY,GNQ,AFR,Africa,YEAR,2001,,,,,,,,,2400 [1400-4600],2400,1400,4600,,2025-11-11T15:08:09Z,2001,2001-01-01,2001-12-31
2725120,TB_e_inc_num,COUNTRY,GNB,AFR,Africa,YEAR,2018,,,,,,,,,3700 [2300-7200],3700,2300,7200,,2025-11-11T15:08:09Z,2018,2018-01-01,2018-12-31
9241057,TB_e_inc_num,COUNTRY,LBY,EMR,Eastern Mediterranean,YEAR,2022,,,,,,,,,3800 [2200-7800],3800,2200,7800,,2025-11-11T15:08:09Z,2022,2022-01-01,2022-12-31
1421655,TB_e_inc_num,COUNTRY,GMB,AFR,Africa,YEAR,2005,,,,,,,,,3200 [2300-4200],3200,2300,4200,,2025-11-11T15:08:09Z,2005,2005-01-01,2005-12-31
4810337,TB_e_inc_num,COUNTRY,NZL,WPR,Western Pacific,YEAR,2004,,,,,,,,,480 [390-580],480,390,580,,2025-11-11T15:08:09Z,2004,2004-01-01,2004-12-31
55640,TB_e_inc_num,COUNTRY,IDN,WPR,Western Pacific,YEAR,2009,,,,,,,,,840 000 [758 000-926 000],840000,758000,926000,,2025-11-11T15:08:09Z,2009,2009-01-01,2009-12-31
9824325,TB_e_inc_num,COUNTRY,TTO,AMR,Americas,YEAR,2003,,,,,,,,,270 [220-330],270,220,330,,2025-11-11T15:08:09Z,2003,2003-01-01,2003-12-31
175668,TB_e_inc_num,COUNTRY,AND,EUR,Europe,YEAR,2002,,,,,,,,,5 [4-6],5,4,6,,2025-11-11T15:08:09Z,2002,2002-01-01,2002-12-31
188320,TB_e_inc_num,COUNTRY,THA,SEAR,South-East Asia,YEAR,2019,,,,,,,,,107 000 [81 000-137 000],107000,81000,137000,,2025-11-11T15:08:09Z,2019,2019-01-01,2019-12-31
8412253,TB_e_inc_num,COUNTRY,SLV,AMR,Americas,YEAR,2016,,,,,,,,,4000 [3300-4800],4000,3300,4800,,2025-11-11T15:08:09Z,2016,2016-01-01,2016-12-31
1934621,TB_e_inc_num,COUNTRY,PAK,EMR,Eastern Mediterranean,YEAR,2002,,,,,,,,,450 000 [284 000-652 000],450000,284000,652000,,2025-11-11T15:08:09Z,2002,2002-01-01,2002-12-31
346574,TB_e_inc_num,COUNTRY,PRY,AMR,Americas,YEAR,2012,,,,,,,,,3700 [3000-4400],3700,3000,4400,,2025-11-11T15:08:09Z,2012,2012-01-01,2012-12-31
8456647,TB_e_inc_num,GLOBAL,GLOBAL,,,YEAR,2007,,,,,,,,,12 100 000 [9 350 000-15 200 000],12100000,9350000,15200000,,2025-11-11T15:08:09Z,2007,2007-01-01,2007-12-31
8596085,TB_e_inc_num,COUNTRY,CHL,AMR,Americas,YEAR,2007,,,,,,,,,3300 [2700-4000],3300,2700,4000,,2025-11-11T15:08:09Z,2007,2007-01-01,2007-12-31
5374121,TB_e_inc_num,COUNTRY,NPL,SEAR,South-East Asia,YEAR,2010,,,,,,,,,85 000 [48 000-133 000],85000,48000,133000,,2025-11-11T15:08:09Z,2010,2010-01-01,2010-12-31
2174614,TB_e_inc_num,COUNTRY,TUR,EUR,Europe,YEAR,2013,,,,,,,,,19 000 [15 000-23 000],19000,15000,23000,,2025-11-11T15:08:09Z,2013,2013-01-01,2013-12-31
2193737,TB_e_inc_num,COUNTRY,BEN,AFR,Africa,YEAR,2002,,,,,,,,,6000 [3200-15 000],6000,3200,15000,,2025-11-11T15:08:09Z,2002,2002-01-01,2002-12-31
636825,TB_e_inc_num,COUNTRY,COD,AFR,Africa,YEAR,2020,,,,,,,,,392 000 [240 000-754 000],392000,240000,754000,,2025-11-11T15:08:09Z,2020,2020-01-01,2020-12-31
8747078,TB_e_inc_num,COUNTRY,VUT,WPR,Western Pacific,YEAR,2014,,,,,,,,,230 [130-510],230,130,510,,2025-11-11T15:08:09Z,2014,2014-01-01,2014-12-31
5558035,TB_e_inc_num,COUNTRY,POL,EUR,Europe,YEAR,2013,,,,,,,,,9100 [7400-11 000],9100,7400,11000,,2025-11-11T15:08:09Z,2013,2013-01-01,2013-12-31
5577002,TB_e_inc_num,COUNTRY,DZA,AFR,Africa,YEAR,2000,,,,,,,,,36 000 [30 000-44 000],36000,30000,44000,,2025-11-11T15:08:09Z,2000,2000-01-01,2000-12-31
9184058,TB_e_inc_num,COUNTRY,SLV,AMR,Americas,YEAR,2007,,,,,,,,,2600 [2100-3100],2600,2100,3100,,2025-11-11T15:08:09Z,2007,2007-01-01,2007-12-31
7668141,TB_e_inc_num,COUNTRY,VNM,WPR,Western Pacific,YEAR,2016,,,,,,,,,182 000 [109 000-272 000],182000,109000,272000,,2025-11-11T15:08:09Z,2016,2016-01-01,2016-12-31
3044102,TB_e_inc_num,COUNTRY,SAU,EMR,Eastern Mediterranean,YEAR,2015,,,,,,,,,3600 [3300-4000],3600,3300,4000,,2025-11-11T15:08:09Z,2015,2015-01-01,2015-12-31
1434366,TB_e_inc_num,COUNTRY,COM,AFR,Africa,YEAR,2023,,,,,,,,,220 [130-420],220,130,420,,2025-11-11T15:08:09Z,2023,2023-01-01,2023-12-31
4867520,TB_e_inc_num,COUNTRY,ROU,EUR,Europe,YEAR,2006,,,,,,,,,35 000 [28 000-42 000],35000,28000,42000,,2025-11-11T15:08:09Z,2006,2006-01-01,2006-12-31
9824357,TB_e_inc_num,COUNTRY,COM,AFR,Africa,YEAR,2020,,,,,,,,,280 [170-540],280,170,540,,2025-11-11T15:08:09Z,2020,2020-01-01,2020-12-31
3354430,TB_e_inc_num,WORLDBANKINCOMEGROUP,WB_UMI,,,YEAR,2015,,,,,,,,,2 880 000 [2 530 000-3 260 000],2880000,2530000,3260000,,2025-11-11T15:08:09Z,2015,2015-01-01,2015-12-31
8279573,TB_e_inc_num,COUNTRY,MOZ,AFR,Africa,YEAR,2000,,,,,,,,,61 000 [39 000-88 000],61000,39000,88000,,2025-11-11T15:08:09Z,2000,2000-01-01,2000-12-31
6756109,TB_e_inc_num,WORLDBANKINCOMEGROUP,WB_UMI,,,YEAR,2003,,,,,,,,,3 400 000 [2 930 000-3 900 000],3400000,2930000,3900000,,2025-11-11T15:08:09Z,2003,2003-01-01,2003-12-31
296029,TB_e_inc_num,COUNTRY,IND,SEAR,South-East Asia,YEAR,2020,,,,,,,,,2 770 000 [2 400 000-3 200 000],2770000,2400000,3200000,,2025-11-11T15:08:09Z,2020,2020-01-01,2020-12-31
5165348,TB_e_inc_num,COUNTRY,SVN,EUR,Europe,YEAR,2019,,,,,,,,,120 [94-140],120,94,140,,2025-11-11T15:08:09Z,2019,2019-01-01,2019-12-31
3601066,TB_e_inc_num,COUNTRY,EST,EUR,Europe,YEAR,2015,,,,,,,,,270 [220-330],270,220,330,,2025-11-11T15:08:09Z,2015,2015-01-01,2015-12-31
2149637,TB_e_inc_num,COUNTRY,IND,SEAR,South-East Asia,YEAR,2015,,,,,,,,,3 140 000 [2 400 000-3 990 000],3140000,2400000,3990000,,2025-11-11T15:08:09Z,2015,2015-01-01,2015-12-31
7161697,TB_e_inc_num,COUNTRY,AND,EUR,Europe,YEAR,2005,,,,,,,,,10 [8-12],10,8,12,,2025-11-11T15:08:09Z,2005,2005-01-01,2005-12-31
7332627,TB_e_inc_num,COUNTRY,CZE,EUR,Europe,YEAR,2014,,,,,,,,,600 [480-720],600,480,720,,2025-11-11T15:08:09Z,2014,2014-01-01,2014-12-31
4222738,TB_e_inc_num,COUNTRY,HTI,AMR,Americas,YEAR,2001,,,,,,,,,49 000 [40 000-59 000],49000,40000,59000,,2025-11-11T15:08:09Z,2001,2001-01-01,2001-12-31
1149790,TB_e_inc_num,COUNTRY,KEN,AFR,Africa,YEAR,2002,,,,,,,,,174 000 [57 000-356 000],174000,57000,356000,,2025-11-11T15:08:09Z,2002,2002-01-01,2002-12-31
6172514,TB_e_inc_num,COUNTRY,MRT,AFR,Africa,YEAR,2014,,,,,,,,,4300 [2500-9100],4300,2500,9100,,2025-11-11T15:08:09Z,2014,2014-01-01,2014-12-31
2940978,TB_e_inc_num,COUNTRY,KEN,AFR,Africa,YEAR,2006,,,,,,,,,239 000 [56 000-549 000],239000,56000,549000,,2025-11-11T15:08:09Z,2006,2006-01-01,2006-12-31
2959789,TB_e_inc_num,COUNTRY,PHL,WPR,Western Pacific,YEAR,2023,,,,,,,,,726 000 [400 000-1 180 000],726000,400000,1180000,,2025-11-11T15:08:09Z,2023,2023-01-01,2023-12-31
1346053,TB_e_inc_num,COUNTRY,BEL,EUR,Europe,YEAR,2006,,,,,,,,,1300 [1100-1600],1300,1100,1600,,2025-11-11T15:08:09Z,2006,2006-01-01,2006-12-31
8064456,TB_e_inc_num,COUNTRY,FSM,WPR,Western Pacific,YEAR,2014,,,,,,,,,420 [340-510],420,340,510,,2025-11-11T15:08:09Z,2014,2014-01-01,2014-12-31
3215053,TB_e_inc_num,COUNTRY,JAM,AMR,Americas,YEAR,2016,,,,,,,,,140 [120-170],140,120,170,,2025-11-11T15:08:09Z,2016,2016-01-01,2016-12-31
1605217,TB_e_inc_num,COUNTRY,HND,AMR,Americas,YEAR,2000,,,,,,,,,18 000 [15 000-22 000],18000,15000,22000,,2025-11-11T15:08:09Z,2000,2000-01-01,2000-12-31
6515090,TB_e_inc_num,COUNTRY,SWZ,AFR,Africa,YEAR,2023,,,,,,,,,4000 [2200-6100],4000,2200,6100,,2025-11-11T15:08:09Z,2023,2023-01-01,2023-12-31
8140506,TB_e_inc_num,COUNTRY,HRV,EUR,Europe,YEAR,2017,,,,,,,,,460 [380-560],460,380,560,,2025-11-11T15:08:09Z,2017,2017-01-01,2017-12-31
8241633,TB_e_inc_num,REGION,EMR,,,YEAR,2017,,,,,,,,,840 000 [659 000-1 040 000],840000,659000,1040000,,2025-11-11T15:08:09Z,2017,2017-01-01,2017-12-31
144150,TB_e_inc_num,COUNTRY,BLZ,AMR,Americas,YEAR,2003,,,,,,,,,210 [170-250],210,170,250,,2025-11-11T15:08:09Z,2003,2003-01-01,2003-12-31
5102023,TB_e_inc_num,COUNTRY,HKG,,,YEAR,2000,,,,,,,,,14 000 [12 000-17 000],14000,12000,17000,,2025-11-11T15:08:09Z,2000,2000-01-01,2000-12-31
6768491,TB_e_inc_num,COUNTRY,GEO,EUR,Europe,YEAR,2023,,,,,,,,,1900 [1600-2300],1900,1600,2300,,2025-11-11T15:08:09Z,2023,2023-01-01,2023-12-31
3563442,TB_e_inc_num,COUNTRY,LCA,AMR,Americas,YEAR,2004,,,,,,,,,15 [12-18],15,12,18,,2025-11-11T15:08:09Z,2004,2004-01-01,2004-12-31
5247762,TB_e_inc_num,COUNTRY,DNK,EUR,Europe,YEAR,2016,,,,,,,,,360 [290-440],360,290,440,,2025-11-11T15:08:09Z,2016,2016-01-01,2016-12-31
5475506,TB_e_inc_num,COUNTRY,VCT,AMR,Americas,YEAR,2024,,,,,,,,,5 [4-6],5,4,6,,2025-11-11T15:08:09Z,2024,2024-01-01,2024-12-31
7383395,TB_e_inc_num,REGION,SEAR,,,YEAR,2002,,,,,,,,,4 490 000 [2 040 000-7 890 000],4490000,2040000,7890000,,2025-11-11T15:08:09Z,2002,2002-01-01,2002-12-31
5868551,TB_e_inc_num,COUNTRY,CYP,EUR,Europe,YEAR,2020,,,,,,,,,42 [34-51],42,34,51,,2025-11-11T15:08:09Z,2020,2020-01-01,2020-12-31
5912893,TB_e_inc_num,COUNTRY,BGD,SEAR,South-East Asia,YEAR,2008,,,,,,,,,331 000 [241 000-435 000],331000,241000,435000,,2025-11-11T15:08:09Z,2008,2008-01-01,2008-12-31
9158860,TB_e_inc_num,COUNTRY,SDN,EMR,Eastern Mediterranean,YEAR,2023,,,,,,,,,25 000 [16 000-37 000],25000,16000,37000,,2025-11-11T15:08:09Z,2023,2023-01-01,2023-12-31
5995403,TB_e_inc_num,COUNTRY,LKA,SEAR,South-East Asia,YEAR,2001,,,,,,,,,27 000 [11 000-159 000],27000,11000,159000,,2025-11-11T15:08:09Z,2001,2001-01-01,2001-12-31
1194083,TB_e_inc_num,COUNTRY,CHN,WPR,Western Pacific,YEAR,2009,,,,,,,,,1 090 000 [885 000-1 310 000],1090000,885000,1310000,,2025-11-11T15:08:09Z,2009,2009-01-01,2009-12-31
6147113,TB_e_inc_num,COUNTRY,ZWE,AFR,Africa,YEAR,2001,,,,,,,,,74 000 [25 000-148 000],74000,25000,148000,,2025-11-11T15:08:09Z,2001,2001-01-01,2001-12-31
6216746,TB_e_inc_num,COUNTRY,OMN,EMR,Eastern Mediterranean,YEAR,2007,,,,,,,,,540 [440-650],540,440,650,,2025-11-11T15:08:09Z,2007,2007-01-01,2007-12-31
9564590,TB_e_inc_num,COUNTRY,SLV,AMR,Americas,YEAR,2005,,,,,,,,,3000 [2400-3600],3000,2400,3600,,2025-11-11T15:08:09Z,2005,2005-01-01,2005-12-31
1548136,TB_e_inc_num,COUNTRY,MEX,AMR,Americas,YEAR,2024,,,,,,,,,37 000 [30 000-44 000],37000,30000,44000,,2025-11-11T15:08:09Z,2024,2024-01-01,2024-12-31
9672311,TB_e_inc_num,COUNTRY,CZE,EUR,Europe,YEAR,2020,,,,,,,,,430 [350-520],430,350,520,,2025-11-11T15:08:09Z,2020,2020-01-01,2020-12-31
9862100,TB_e_inc_num,REGION,SEAR,,,YEAR,2019,,,,,,,,,3 670 000 [3 330 000-4 030 000],3670000,3330000,4030000,,2025-11-11T15:08:09Z,2019,2019-01-01,2019-12-31
150320,TB_e_inc_num,COUNTRY,LBN,EMR,Eastern Mediterranean,YEAR,2011,,,,,,,,,760 [620-910],760,620,910,,2025-11-11T15:08:09Z,2011,2011-01-01,2011-12-31
6648505,TB_e_inc_num,COUNTRY,GIN,AFR,Africa,YEAR,2012,,,,,,,,,20 000 [11 000-45 000],20000,11000,45000,,2025-11-11T15:08:09Z,2012,2012-01-01,2012-12-31
1801603,TB_e_inc_num,COUNTRY,MWI,AFR,Africa,YEAR,2022,,,,,,,,,26 000 [12 000-44 000],26000,12000,44000,,2025-11-11T15:08:09Z,2022,2022-01-01,2022-12-31
1845897,TB_e_inc_num,COUNTRY,TKM,EUR,Europe,YEAR,2017,,,,,,,,,2700 [2200-3300],2700,2200,3300,,2025-11-11T15:08:09Z,2017,2017-01-01,2017-12-31
6762315,TB_e_inc_num,COUNTRY,CAN,AMR,Americas,YEAR,2006,,,,,,,,,2000 [1600-2400],2000,1600,2400,,2025-11-11T15:08:09Z,2006,2006-01-01,2006-12-31
334171,TB_e_inc_num,COUNTRY,POL,EUR,Europe,YEAR,2004,,,,,,,,,13 000 [11 000-16 000],13000,11000,16000,,2025-11-11T15:08:09Z,2004,2004-01-01,2004-12-31
10090027,TB_e_inc_num,COUNTRY,GBR,EUR,Europe,YEAR,2018,,,,,,,,,5400 [5000-5800],5400,5000,5800,,2025-11-11T15:08:09Z,2018,2018-01-01,2018-12-31
7053720,TB_e_inc_num,COUNTRY,GRD,AMR,Americas,YEAR,2001,,,,,,,,,1 [1-1],1,1,1,,2025-11-11T15:08:09Z,2001,2001-01-01,2001-12-31
580437,TB_e_inc_num,COUNTRY,PER,AMR,Americas,YEAR,2011,,,,,,,,,45 000 [37 000-55 000],45000,37000,55000,,2025-11-11T15:08:09Z,2011,2011-01-01,2011-12-31
8753470,TB_e_inc_num,COUNTRY,AZE,EUR,Europe,YEAR,2006,,,,,,,,,17 000 [14 000-21 000],17000,14000,21000,,2025-11-11T15:08:09Z,2006,2006-01-01,2006-12-31
3911735,TB_e_inc_num,COUNTRY,SMR,EUR,Europe,YEAR,2012,,,,,,,,,0 [0-0],0,0,0,,2025-11-11T15:08:09Z,2012,2012-01-01,2012-12-31
7370786,TB_e_inc_num,COUNTRY,MRT,AFR,Africa,YEAR,2017,,,,,,,,,4100 [2500-8200],4100,2500,8200,,2025-11-11T15:08:09Z,2017,2017-01-01,2017-12-31
4210063,TB_e_inc_num,COUNTRY,NER,AFR,Africa,YEAR,2022,,,,,,,,,21 000 [13 000-39 000],21000,13000,39000,,2025-11-11T15:08:09Z,2022,2022-01-01,2022-12-31
9196833,TB_e_inc_num,COUNTRY,LBR,AFR,Africa,YEAR,2012,,,,,,,,,14 000 [8200-30 000],14000,8200,30000,,2025-11-11T15:08:09Z,2012,2012-01-01,2012-12-31
6071489,TB_e_inc_num,COUNTRY,HKG,,,YEAR,2007,,,,,,,,,11 000 [8600-13 000],11000,8600,13000,,2025-11-11T15:08:09Z,2007,2007-01-01,2007-12-31
1402681,TB_e_inc_num,COUNTRY,MKD,EUR,Europe,YEAR,2005,,,,,,,,,1100 [910-1400],1100,910,1400,,2025-11-11T15:08:09Z,2005,2005-01-01,2005-12-31
7927911,TB_e_inc_num,COUNTRY,RWA,AFR,Africa,YEAR,2013,,,,,,,,,7700 [5400-10 000],7700,5400,10000,,2025-11-11T15:08:09Z,2013,2013-01-01,2013-12-31
1453503,TB_e_inc_num,COUNTRY,CZE,EUR,Europe,YEAR,2001,,,,,,,,,1700 [1400-2100],1700,1400,2100,,2025-11-11T15:08:09Z,2001,2001-01-01,2001-12-31
4785077,TB_e_inc_num,COUNTRY,MAR,EMR,Eastern Mediterranean,YEAR,2010,,,,,,,,,32 000 [26 000-38 000],32000,26000,38000,,2025-11-11T15:08:09Z,2010,2010-01-01,2010-12-31
8146965,TB_e_inc_num,COUNTRY,PRT,EUR,Europe,YEAR,2008,,,,,,,,,3500 [2900-4200],3500,2900,4200,,2025-11-11T15:08:09Z,2008,2008-01-01,2008-12-31
9799205,TB_e_inc_num,COUNTRY,BFA,AFR,Africa,YEAR,2022,,,,,,,,,13 000 [8200-26 000],13000,8200,26000,,2025-11-11T15:08:09Z,2022,2022-01-01,2022-12-31
8222634,TB_e_inc_num,COUNTRY,BHR,EMR,Eastern Mediterranean,YEAR,2012,,,,,,,,,340 [270-410],340,270,410,,2025-11-11T15:08:09Z,2012,2012-01-01,2012-12-31
6616940,TB_e_inc_num,COUNTRY,GRD,AMR,Americas,YEAR,2002,,,,,,,,,1 [1-1],1,1,1,,2025-11-11T15:08:09Z,2002,2002-01-01,2002-12-31
3386238,TB_e_inc_num,COUNTRY,NIC,AMR,Americas,YEAR,2007,,,,,,,,,4400 [3600-5300],4400,3600,5300,,2025-11-11T15:08:09Z,2007,2007-01-01,2007-12-31
6756182,TB_e_inc_num,COUNTRY,MCO,EUR,Europe,YEAR,2006,,,,,,,,,0 [0-0],0,0,0,,2025-11-11T15:08:09Z,2006,2006-01-01,2006-12-31
10039336,TB_e_inc_num,COUNTRY,IRQ,EMR,Eastern Mediterranean,YEAR,2008,,,,,,,,,14 000 [11 000-17 000],14000,11000,17000,,2025-11-11T15:08:09Z,2008,2008-01-01,2008-12-31
1941077,TB_e_inc_num,COUNTRY,GNQ,AFR,Africa,YEAR,2008,,,,,,,,,3000 [1800-5800],3000,1800,5800,,2025-11-11T15:08:09Z,2008,2008-01-01,2008-12-31
5247804,TB_e_inc_num,COUNTRY,SGP,WPR,Western Pacific,YEAR,2015,,,,,,,,,2500 [2100-3000],2500,2100,3000,,2025-11-11T15:08:09Z,2015,2015-01-01,2015-12-31
3645433,TB_e_inc_num,COUNTRY,KEN,AFR,Africa,YEAR,2010,,,,,,,,,221 000 [73 000-449 000],221000,73000,449000,,2025-11-11T15:08:09Z,2010,2010-01-01,2010-12-31
2036160,TB_e_inc_num,COUNTRY,SYC,AFR,Africa,YEAR,2011,,,,,,,,,21 [17-25],21,17,25,,2025-11-11T15:08:09Z,2011,2011-01-01,2011-12-31
435141,TB_e_inc_num,COUNTRY,CUB,AMR,Americas,YEAR,2000,,,,,,,,,2500 [2100-3100],2500,2100,3100,,2025-11-11T15:08:09Z,2000,2000-01-01,2000-12-31
3696210,TB_e_inc_num,COUNTRY,DNK,EUR,Europe,YEAR,2009,,,,,,,,,390 [310-460],390,310,460,,2025-11-11T15:08:09Z,2009,2009-01-01,2009-12-31
8564651,TB_e_inc_num,COUNTRY,DJI,EMR,Eastern Mediterranean,YEAR,2005,,,,,,,,,13 000 [10 000-15 000],13000,10000,15000,,2025-11-11T15:08:09Z,2005,2005-01-01,2005-12-31
3728007,TB_e_inc_num,COUNTRY,NGA,AFR,Africa,YEAR,2001,,,,,,,,,284 000 [186 000-404 000],284000,186000,404000,,2025-11-11T15:08:09Z,2001,2001-01-01,2001-12-31
535949,TB_e_inc_num,COUNTRY,VEN,AMR,Americas,YEAR,2022,,,,,,,,,14 000 [11 000-16 000],14000,11000,16000,,2025-11-11T15:08:09Z,2022,2022-01-01,2022-12-31
3791468,TB_e_inc_num,COUNTRY,THA,SEAR,South-East Asia,YEAR,2001,,,,,,,,,156 000 [49 000-323 000],156000,49000,323000,,2025-11-11T15:08:09Z,2001,2001-01-01,2001-12-31
8702692,TB_e_inc_num,COUNTRY,BHS,AMR,Americas,YEAR,2014,,,,,,,,,67 [55-81],67,55,81,,2025-11-11T15:08:09Z,2014,2014-01-01,2014-12-31
649450,TB_e_inc_num,COUNTRY,SVN,EUR,Europe,YEAR,2002,,,,,,,,,480 [390-580],480,390,580,,2025-11-11T15:08:09Z,2002,2002-01-01,2002-12-31
2295137,TB_e_inc_num,COUNTRY,AZE,EUR,Europe,YEAR,2013,,,,,,,,,11 000 [8900-13 000],11000,8900,13000,,2025-11-11T15:08:09Z,2013,2013-01-01,2013-12-31
7161770,TB_e_inc_num,COUNTRY,PRI,AMR,Americas,YEAR,2022,,,,,,,,,28 [23-33],28,23,33,,2025-11-11T15:08:09Z,2022,2022-01-01,2022-12-31
7294802,TB_e_inc_num,COUNTRY,SLB,WPR,Western Pacific,YEAR,2007,,,,,,,,,1300 [1100-1600],1300,1100,1600,,2025-11-11T15:08:09Z,2007,2007-01-01,2007-12-31
7415259,TB_e_inc_num,COUNTRY,MDV,SEAR,South-East Asia,YEAR,2000,,,,,,,,,390 [320-470],390,320,470,,2025-11-11T15:08:09Z,2000,2000-01-01,2000-12-31
2554827,TB_e_inc_num,COUNTRY,TUN,EMR,Eastern Mediterranean,YEAR,2002,,,,,,,,,4400 [3500-5200],4400,3500,5200,,2025-11-11T15:08:09Z,2002,2002-01-01,2002-12-31
7453331,TB_e_inc_num,COUNTRY,NIU,WPR,Western Pacific,YEAR,2000,,,,,,,,,0 [0-0],0,0,0,,2025-11-11T15:08:09Z,2000,2000-01-01,2000-12-31
7472392,TB_e_inc_num,COUNTRY,DZA,AFR,Africa,YEAR,2019,,,,,,,,,28 000 [23 000-34 000],28000,23000,34000,,2025-11-11T15:08:09Z,2019,2019-01-01,2019-12-31
7592641,TB_e_inc_num,COUNTRY,BWA,AFR,Africa,YEAR,2020,,,,,,,,,6500 [3900-13 000],6500,3900,13000,,2025-11-11T15:08:09Z,2020,2020-01-01,2020-12-31
4355317,TB_e_inc_num,COUNTRY,SOM,EMR,Eastern Mediterranean,YEAR,2013,,,,,,,,,24 000 [14 000-51 000],24000,14000,51000,,2025-11-11T15:08:09Z,2013,2013-01-01,2013-12-31
4386026,TB_e_inc_num,COUNTRY,BGD,SEAR,South-East Asia,YEAR,2020,,,,,,,,,368 000 [268 000-484 000],368000,268000,484000,,2025-11-11T15:08:09Z,2020,2020-01-01,2020-12-31
6014390,TB_e_inc_num,COUNTRY,SOM,EMR,Eastern Mediterranean,YEAR,2023,,,,,,,,,29 000 [17 000-58 000],29000,17000,58000,,2025-11-11T15:08:09Z,2023,2023-01-01,2023-12-31
9387149,TB_e_inc_num,COUNTRY,IDN,WPR,Western Pacific,YEAR,2003,,,,,,,,,823 000 [738 000-912 000],823000,738000,912000,,2025-11-11T15:08:09Z,2003,2003-01-01,2003-12-31
6159915,TB_e_inc_num,COUNTRY,RUS,EUR,Europe,YEAR,2017,,,,,,,,,86 000 [51 000-130 000],86000,51000,130000,,2025-11-11T15:08:09Z,2017,2017-01-01,2017-12-31
4563149,TB_e_inc_num,COUNTRY,NGA,AFR,Africa,YEAR,2005,,,,,,,,,318 000 [207 000-451 000],318000,207000,451000,,2025-11-11T15:08:09Z,2005,2005-01-01,2005-12-31
6292915,TB_e_inc_num,COUNTRY,KWT,EMR,Eastern Mediterranean,YEAR,2005,,,,,,,,,680 [550-820],680,550,820,,2025-11-11T15:08:09Z,2005,2005-01-01,2005-12-31
8178467,TB_e_inc_num,COUNTRY,SAU,EMR,Eastern Mediterranean,YEAR,2007,,,,,,,,,4400 [3900-4800],4400,3900,4800,,2025-11-11T15:08:09Z,2007,2007-01-01,2007-12-31
8222676,TB_e_inc_num,COUNTRY,SSD,AFR,Africa,YEAR,2011,,,,,,,,,43 000 [26 000-81 000],43000,26000,81000,,2025-11-11T15:08:09Z,2011,2011-01-01,2011-12-31
9912851,TB_e_inc_num,COUNTRY,ECU,AMR,Americas,YEAR,2023,,,,,,,,,11 000 [8700-13 000],11000,8700,13000,,2025-11-11T15:08:09Z,2023,2023-01-01,2023-12-31
8368186,TB_e_inc_num,COUNTRY,LAO,WPR,Western Pacific,YEAR,2021,,,,,,,,,11 000 [6800-15 000],11000,6800,15000,,2025-11-11T15:08:09Z,2021,2021-01-01,2021-12-31
6857394,TB_e_inc_num,COUNTRY,NER,AFR,Africa,YEAR,2018,,,,,,,,,19 000 [11 000-37 000],19000,11000,37000,,2025-11-11T15:08:09Z,2018,2018-01-01,2018-12-31
5260552,TB_e_inc_num,COUNTRY,NOR,EUR,Europe,YEAR,2011,,,,,,,,,380 [310-450],380,310,450,,2025-11-11T15:08:09Z,2011,2011-01-01,2011-12-31
10172499,TB_e_inc_num,COUNTRY,KGZ,EUR,Europe,YEAR,2011,,,,,,,,,11 000 [8700-13 000],11000,8700,13000,,2025-11-11T15:08:09Z,2011,2011-01-01,2011-12-31
3797813,TB_e_inc_num,COUNTRY,VUT,WPR,Western Pacific,YEAR,2020,,,,,,,,,150 [93-310],150,93,310,,2025-11-11T15:08:09Z,2020,2020-01-01,2020-12-31
2339742,TB_e_inc_num,COUNTRY,PRY,AMR,Americas,YEAR,2005,,,,,,,,,4200 [3400-5000],4200,3400,5000,,2025-11-11T15:08:09Z,2005,2005-01-01,2005-12-31
2377881,TB_e_inc_num,COUNTRY,BHR,EMR,Eastern Mediterranean,YEAR,2002,,,,,,,,,340 [280-410],340,280,410,,2025-11-11T15:08:09Z,2002,2002-01-01,2002-12-31
4095927,TB_e_inc_num,COUNTRY,FRA,EUR,Europe,YEAR,2012,,,,,,,,,5700 [5500-5900],5700,5500,5900,,2025-11-11T15:08:09Z,2012,2012-01-01,2012-12-31
7440636,TB_e_inc_num,COUNTRY,CMR,AFR,Africa,YEAR,2017,,,,,,,,,46 000 [28 000-90 000],46000,28000,90000,,2025-11-11T15:08:09Z,2017,2017-01-01,2017-12-31
4455251,TB_e_inc_num,COUNTRY,MRT,AFR,Africa,YEAR,2019,,,,,,,,,4000 [2400-7700],4000,2400,7700,,2025-11-11T15:08:09Z,2019,2019-01-01,2019-12-31
1327525,TB_e_inc_num,COUNTRY,BDI,AFR,Africa,YEAR,2023,,,,,,,,,12 000 [7200-22 000],12000,7200,22000,,2025-11-11T15:08:09Z,2023,2023-01-01,2023-12-31
1346158,TB_e_inc_num,COUNTRY,MDV,SEAR,South-East Asia,YEAR,2003,,,,,,,,,380 [310-460],380,310,460,,2025-11-11T15:08:09Z,2003,2003-01-01,2003-12-31
4671035,TB_e_inc_num,COUNTRY,NIU,WPR,Western Pacific,YEAR,2011,,,,,,,,,1 [1-1],1,1,1,,2025-11-11T15:08:09Z,2011,2011-01-01,2011-12-31
9716862,TB_e_inc_num,COUNTRY,COD,AFR,Africa,YEAR,2016,,,,,,,,,372 000 [228 000-715 000],372000,228000,715000,,2025-11-11T15:08:09Z,2016,2016-01-01,2016-12-31
6610633,TB_e_inc_num,COUNTRY,EST,EUR,Europe,YEAR,2014,,,,,,,,,320 [260-380],320,260,380,,2025-11-11T15:08:09Z,2014,2014-01-01,2014-12-31
1763537,TB_e_inc_num,GLOBAL,GLOBAL,,,YEAR,2019,,,,,,,,,10 400 000 [9 790 000-11 100 000],10400000,9790000,11100000,,2025-11-11T15:08:09Z,2019,2019-01-01,2019-12-31
3500161,TB_e_inc_num,COUNTRY,PRT,EUR,Europe,YEAR,2012,,,,,,,,,3000 [2400-3600],3000,2400,3600,,2025-11-11T15:08:09Z,2012,2012-01-01,2012-12-31
6781266,TB_e_inc_num,COUNTRY,KAZ,EUR,Europe,YEAR,2000,,,,,,,,,26 000 [21 000-31 000],26000,21000,31000,,2025-11-11T15:08:09Z,2000,2000-01-01,2000-12-31
371713,TB_e_inc_num,COUNTRY,CIV,AFR,Africa,YEAR,2014,,,,,,,,,42 000 [25 000-87 000],42000,25000,87000,,2025-11-11T15:08:09Z,2014,2014-01-01,2014-12-31
3873886,TB_e_inc_num,COUNTRY,TUV,WPR,Western Pacific,YEAR,2014,,,,,,,,,15 [12-18],15,12,18,,2025-11-11T15:08:09Z,2014,2014-01-01,2014-12-31
2288862,TB_e_inc_num,WORLDBANKINCOMEGROUP,WB_LI,,,YEAR,2011,,,,,,,,,1 090 000 [863 000-1 350 000],1090000,863000,1350000,,2025-11-11T15:08:09Z,2011,2011-01-01,2011-12-31
2295194,TB_e_inc_num,COUNTRY,MHL,WPR,Western Pacific,YEAR,2005,,,,,,,,,290 [230-350],290,230,350,,2025-11-11T15:08:09Z,2005,2005-01-01,2005-12-31
7225281,TB_e_inc_num,COUNTRY,SDN,EMR,Eastern Mediterranean,YEAR,2002,,,,,,,,,50 000 [11 000-118 000],50000,11000,118000,,2025-11-11T15:08:09Z,2002,2002-01-01,2002-12-31
4026060,TB_e_inc_num,COUNTRY,BLZ,AMR,Americas,YEAR,2015,,,,,,,,,120 [94-140],120,94,140,,2025-11-11T15:08:09Z,2015,2015-01-01,2015-12-31
5710058,TB_e_inc_num,COUNTRY,BLZ,AMR,Americas,YEAR,2021,,,,,,,,,140 [110-170],140,110,170,,2025-11-11T15:08:09Z,2021,2021-01-01,2021-12-31
7370864,TB_e_inc_num,COUNTRY,ECU,AMR,Americas,YEAR,2009,,,,,,,,,7600 [6200-9100],7600,6200,9100,,2025-11-11T15:08:09Z,2009,2009-01-01,2009-12-31
9044724,TB_e_inc_num,COUNTRY,ZMB,AFR,Africa,YEAR,2012,,,,,,,,,68 000 [36 000-109 000],68000,36000,109000,,2025-11-11T15:08:09Z,2012,2012-01-01,2012-12-31
5817937,TB_e_inc_num,COUNTRY,MAC,,,YEAR,2010,,,,,,,,,700 [570-840],700,570,840,,2025-11-11T15:08:09Z,2010,2010-01-01,2010-12-31
9133609,TB_e_inc_num,COUNTRY,GNQ,AFR,Africa,YEAR,2003,,,,,,,,,2600 [1600-5000],2600,1600,5000,,2025-11-11T15:08:09Z,2003,2003-01-01,2003-12-31
2757038,TB_e_inc_num,COUNTRY,PHL,WPR,Western Pacific,YEAR,2016,,,,,,,,,591 000 [332 000-924 000],591000,332000,924000,,2025-11-11T15:08:09Z,2016,2016-01-01,2016-12-31
2814068,TB_e_inc_num,COUNTRY,CIV,AFR,Africa,YEAR,2006,,,,,,,,,45 000 [25 000-99 000],45000,25000,99000,,2025-11-11T15:08:09Z,2006,2006-01-01,2006-12-31
1206893,TB_e_inc_num,COUNTRY,KEN,AFR,Africa,YEAR,2018,,,,,,,,,146 000 [85 000-224 000],146000,85000,224000,,2025-11-11T15:08:09Z,2018,2018-01-01,2018-12-31
4525108,TB_e_inc_num,COUNTRY,SLV,AMR,Americas,YEAR,2010,,,,,,,,,2400 [1900-2900],2400,1900,2900,,2025-11-11T15:08:09Z,2010,2010-01-01,2010-12-31
9393528,TB_e_inc_num,COUNTRY,DOM,AMR,Americas,YEAR,2015,,,,,,,,,6200 [5000-7500],6200,5000,7500,,2025-11-11T15:08:09Z,2015,2015-01-01,2015-12-31
4550494,TB_e_inc_num,COUNTRY,AGO,AFR,Africa,YEAR,2018,,,,,,,,,126 000 [77 000-247 000],126000,77000,247000,,2025-11-11T15:08:09Z,2018,2018-01-01,2018-12-31
9482326,TB_e_inc_num,COUNTRY,GNQ,AFR,Africa,YEAR,2002,,,,,,,,,2500 [1500-4800],2500,1500,4800,,2025-11-11T15:08:09Z,2002,2002-01-01,2002-12-31
1548218,TB_e_inc_num,COUNTRY,PER,AMR,Americas,YEAR,2009,,,,,,,,,49 000 [40 000-60 000],49000,40000,60000,,2025-11-11T15:08:09Z,2009,2009-01-01,2009-12-31
9723226,TB_e_inc_num,COUNTRY,UGA,AFR,Africa,YEAR,2021,,,,,,,,,91 000 [55 000-137 000],91000,55000,137000,,2025-11-11T15:08:09Z,2021,2021-01-01,2021-12-31
3335541,TB_e_inc_num,COUNTRY,JOR,EMR,Eastern Mediterranean,YEAR,2015,,,,,,,,,620 [510-750],620,510,750,,2025-11-11T15:08:09Z,2015,2015-01-01,2015-12-31
9830822,TB_e_inc_num,COUNTRY,OMN,EMR,Eastern Mediterranean,YEAR,2013,,,,,,,,,500 [410-600],500,410,600,,2025-11-11T15:08:09Z,2013,2013-01-01,2013-12-31
8425090,TB_e_inc_num,COUNTRY,GIN,AFR,Africa,YEAR,2003,,,,,,,,,14 000 [7300-35 000],14000,7300,35000,,2025-11-11T15:08:09Z,2003,2003-01-01,2003-12-31
6832093,TB_e_inc_num,COUNTRY,URY,AMR,Americas,YEAR,2017,,,,,,,,,1200 [940-1400],1200,940,1400,,2025-11-11T15:08:09Z,2017,2017-01-01,2017-12-31
6851089,TB_e_inc_num,COUNTRY,BWA,AFR,Africa,YEAR,2015,,,,,,,,,9600 [5900-19 000],9600,5900,19000,,2025-11-11T15:08:09Z,2015,2015-01-01,2015-12-31
7174482,TB_e_inc_num,COUNTRY,CPV,AFR,Africa,YEAR,2011,,,,,,,,,620 [500-750],620,500,750,,2025-11-11T15:08:09Z,2011,2011-01-01,2011-12-31
8810457,TB_e_inc_num,COUNTRY,SRB,EUR,Europe,YEAR,2010,,,,,,,,,3800 [3100-4600],3800,3100,4600,,2025-11-11T15:08:09Z,2010,2010-01-01,2010-12-31
2403280,TB_e_inc_num,COUNTRY,NGA,AFR,Africa,YEAR,2022,,,,,,,,,489 000 [319 000-694 000],489000,319000,694000,,2025-11-11T15:08:09Z,2022,2022-01-01,2022-12-31
5691029,TB_e_inc_num,COUNTRY,GEO,EUR,Europe,YEAR,2000,,,,,,,,,9900 [8000-12 000],9900,8000,12000,,2025-11-11T15:08:09Z,2000,2000-01-01,2000-12-31
8956059,TB_e_inc_num,COUNTRY,MDV,SEAR,South-East Asia,YEAR,2020,,,,,,,,,170 [140-200],170,140,200,,2025-11-11T15:08:09Z,2020,2020-01-01,2020-12-31
7580021,TB_e_inc_num,COUNTRY,NPL,SEAR,South-East Asia,YEAR,2007,,,,,,,,,91 000 [51 000-142 000],91000,51000,142000,,2025-11-11T15:08:09Z,2007,2007-01-01,2007-12-31
9196922,TB_e_inc_num,COUNTRY,PAK,EMR,Eastern Mediterranean,YEAR,2003,,,,,,,,,460 000 [291 000-668 000],460000,291000,668000,,2025-11-11T15:08:09Z,2003,2003-01-01,2003-12-31
2757068,TB_e_inc_num,COUNTRY,KNA,AMR,Americas,YEAR,2012,,,,,,,,,2 [2-2],2,2,2,,2025-11-11T15:08:09Z,2012,2012-01-01,2012-12-31
1149932,TB_e_inc_num,COUNTRY,BHS,AMR,Americas,YEAR,2015,,,,,,,,,82 [67-99],82,67,99,,2025-11-11T15:08:09Z,2015,2015-01-01,2015-12-31
4417850,TB_e_inc_num,COUNTRY,DZA,AFR,Africa,YEAR,2009,,,,,,,,,34 000 [28 000-41 000],34000,28000,41000,,2025-11-11T15:08:09Z,2009,2009-01-01,2009-12-31
6153637,TB_e_inc_num,COUNTRY,IDN,WPR,Western Pacific,YEAR,2024,,,,,,,,,1 080 000 [905 000-1 230 000],1080000,905000,1230000,,2025-11-11T15:08:09Z,2024,2024-01-01,2024-12-31
1358963,TB_e_inc_num,COUNTRY,GBR,EUR,Europe,YEAR,2016,,,,,,,,,6500 [6000-7000],6500,6000,7000,,2025-11-11T15:08:09Z,2016,2016-01-01,2016-12-31
7959636,TB_e_inc_num,COUNTRY,ISR,EUR,Europe,YEAR,2002,,,,,,,,,650 [530-780],650,530,780,,2025-11-11T15:08:09Z,2002,2002-01-01,2002-12-31
8013716,TB_e_inc_num,COUNTRY,PLW,WPR,Western Pacific,YEAR,2013,,,,,,,,,8 [7-10],8,7,10,,2025-11-11T15:08:09Z,2013,2013-01-01,2013-12-31
8051861,TB_e_inc_num,COUNTRY,EGY,EMR,Eastern Mediterranean,YEAR,2019,,,,,,,,,12 000 [9700-15 000],12000,9700,15000,,2025-11-11T15:08:09Z,2019,2019-01-01,2019-12-31
4867681,TB_e_inc_num,COUNTRY,DNK,EUR,Europe,YEAR,2002,,,,,,,,,560 [460-680],560,460,680,,2025-11-11T15:08:09Z,2002,2002-01-01,2002-12-31
1725710,TB_e_inc_num,COUNTRY,NPL,SEAR,South-East Asia,YEAR,2001,,,,,,,,,101 000 [57 000-158 000],101000,57000,158000,,2025-11-11T15:08:09Z,2001,2001-01-01,2001-12-31
1725715,TB_e_inc_num,COUNTRY,PRI,AMR,Americas,YEAR,2011,,,,,,,,,73 [59-87],73,59,87,,2025-11-11T15:08:09Z,2011,2011-01-01,2011-12-31
6629696,TB_e_inc_num,COUNTRY,NIC,AMR,Americas,YEAR,2018,,,,,,,,,3000 [2400-3600],3000,2400,3600,,2025-11-11T15:08:09Z,2018,2018-01-01,2018-12-31
3531901,TB_e_inc_num,REGION,WPR,,,YEAR,2009,,,,,,,,,2 890 000 [2 540 000-3 260 000],2890000,2540000,3260000,,2025-11-11T15:08:09Z,2009,2009-01-01,2009-12-31
6800424,TB_e_inc_num,COUNTRY,SSD,AFR,Africa,YEAR,2020,,,,,,,,,37 000 [23 000-70 000],37000,23000,70000,,2025-11-11T15:08:09Z,2020,2020-01-01,2020-12-31
8425109,TB_e_inc_num,COUNTRY,SLE,AFR,Africa,YEAR,2009,,,,,,,,,31 000 [19 000-59 000],31000,19000,59000,,2025-11-11T15:08:09Z,2009,2009-01-01,2009-12-31
8469518,TB_e_inc_num,COUNTRY,ETH,AFR,Africa,YEAR,2022,,,,,,,,,184 000 [91 000-309 000],184000,91000,309000,,2025-11-11T15:08:09Z,2022,2022-01-01,2022-12-31
2042669,TB_e_inc_num,COUNTRY,AUS,WPR,Western Pacific,YEAR,2017,,,,,,,,,1600 [1300-2000],1600,1300,2000,,2025-11-11T15:08:09Z,2017,2017-01-01,2017-12-31
6933472,TB_e_inc_num,COUNTRY,MWI,AFR,Africa,YEAR,2023,,,,,,,,,25 000 [12 000-44 000],25000,12000,44000,,2025-11-11T15:08:09Z,2023,2023-01-01,2023-12-31
8677855,TB_e_inc_num,COUNTRY,JAM,AMR,Americas,YEAR,2002,,,,,,,,,240 [190-280],240,190,280,,2025-11-11T15:08:09Z,2002,2002-01-01,2002-12-31
7187218,TB_e_inc_num,COUNTRY,SLE,AFR,Africa,YEAR,2023,,,,,,,,,32 000 [20 000-62 000],32000,20000,62000,,2025-11-11T15:08:09Z,2023,2023-01-01,2023-12-31
953807,TB_e_inc_num,COUNTRY,FIN,EUR,Europe,YEAR,2000,,,,,,,,,730 [590-880],730,590,880,,2025-11-11T15:08:09Z,2000,2000-01-01,2000-12-31
2574016,TB_e_inc_num,COUNTRY,PAK,EMR,Eastern Mediterranean,YEAR,2020,,,,,,,,,610 000 [434 000-824 000],610000,434000,824000,,2025-11-11T15:08:09Z,2020,2020-01-01,2020-12-31
1137239,TB_e_inc_num,COUNTRY,JPN,WPR,Western Pacific,YEAR,2003,,,,,,,,,45 000 [37 000-54 000],45000,37000,54000,,2025-11-11T15:08:09Z,2003,2003-01-01,2003-12-31
9279353,TB_e_inc_num,COUNTRY,CHE,EUR,Europe,YEAR,2012,,,,,,,,,500 [410-610],500,410,610,,2025-11-11T15:08:09Z,2012,2012-01-01,2012-12-31
1200602,TB_e_inc_num,COUNTRY,CHE,EUR,Europe,YEAR,2013,,,,,,,,,560 [460-680],560,460,680,,2025-11-11T15:08:09Z,2013,2013-01-01,2013-12-31
2839595,TB_e_inc_num,COUNTRY,MNE,EUR,Europe,YEAR,2019,,,,,,,,,110 [91-140],110,91,140,,2025-11-11T15:08:09Z,2019,2019-01-01,2019-12-31
4601424,TB_e_inc_num,COUNTRY,ESP,EUR,Europe,YEAR,2005,,,,,,,,,10 000 [8200-12 000],10000,8200,12000,,2025-11-11T15:08:09Z,2005,2005-01-01,2005-12-31
3145585,TB_e_inc_num,COUNTRY,EGY,EMR,Eastern Mediterranean,YEAR,2015,,,,,,,,,13 000 [10 000-16 000],13000,10000,16000,,2025-11-11T15:08:09Z,2015,2015-01-01,2015-12-31
3272294,TB_e_inc_num,COUNTRY,BHS,AMR,Americas,YEAR,2021,,,,,,,,,57 [47-69],57,47,69,,2025-11-11T15:08:09Z,2021,2021-01-01,2021-12-31
6680143,TB_e_inc_num,COUNTRY,UZB,EUR,Europe,YEAR,2016,,,,,,,,,24 000 [19 000-28 000],24000,19000,28000,,2025-11-11T15:08:09Z,2016,2016-01-01,2016-12-31
6737261,TB_e_inc_num,WORLDBANKINCOMEGROUP,WB_HI,,,YEAR,2021,,,,,,,,,189 000 [162 000-219 000],189000,162000,219000,,2025-11-11T15:08:09Z,2021,2021-01-01,2021-12-31
8456875,TB_e_inc_num,COUNTRY,TGO,AFR,Africa,YEAR,2013,,,,,,,,,5200 [3000-11 000],5200,3000,11000,,2025-11-11T15:08:09Z,2013,2013-01-01,2013-12-31
1998275,TB_e_inc_num,COUNTRY,FIN,EUR,Europe,YEAR,2009,,,,,,,,,480 [390-580],480,390,580,,2025-11-11T15:08:09Z,2009,2009-01-01,2009-12-31
10109279,TB_e_inc_num,COUNTRY,SUR,AMR,Americas,YEAR,2024,,,,,,,,,210 [170-260],210,170,260,,2025-11-11T15:08:09Z,2024,2024-01-01,2024-12-31
3658223,TB_e_inc_num,COUNTRY,KIR,WPR,Western Pacific,YEAR,2017,,,,,,,,,860 [700-1000],860,700,1000,,2025-11-11T15:08:09Z,2017,2017-01-01,2017-12-31
516994,TB_e_inc_num,COUNTRY,ZAF,AFR,Africa,YEAR,2010,,,,,,,,,646 000 [326 000-1 070 000],646000,326000,1070000,,2025-11-11T15:08:09Z,2010,2010-01-01,2010-12-31
2193961,TB_e_inc_num,COUNTRY,FSM,WPR,Western Pacific,YEAR,2021,,,,,,,,,150 [120-180],150,120,180,,2025-11-11T15:08:09Z,2021,2021-01-01,2021-12-31
7256847,TB_e_inc_num,COUNTRY,DNK,EUR,Europe,YEAR,2022,,,,,,,,,250 [200-300],250,200,300,,2025-11-11T15:08:09Z,2022,2022-01-01,2022-12-31
2504192,TB_e_inc_num,COUNTRY,AGO,AFR,Africa,YEAR,2011,,,,,,,,,113 000 [65 000-245 000],113000,65000,245000,,2025-11-11T15:08:09Z,2011,2011-01-01,2011-12-31
4305118,TB_e_inc_num,COUNTRY,CUB,AMR,Americas,YEAR,2013,,,,,,,,,950 [780-1100],950,780,1100,,2025-11-11T15:08:09Z,2013,2013-01-01,2013-12-31
1143637,TB_e_inc_num,COUNTRY,VEN,AMR,Americas,YEAR,2018,,,,,,,,,15 000 [12 000-18 000],15000,12000,18000,,2025-11-11T15:08:09Z,2018,2018-01-01,2018-12-31
4518849,TB_e_inc_num,COUNTRY,NPL,SEAR,South-East Asia,YEAR,2024,,,,,,,,,67 000 [38 000-104 000],67000,38000,104000,,2025-11-11T15:08:09Z,2024,2024-01-01,2024-12-31
9399922,TB_e_inc_num,COUNTRY,USA,AMR,Americas,YEAR,2009,,,,,,,,,14 000 [12 000-17 000],14000,12000,17000,,2025-11-11T15:08:09Z,2009,2009-01-01,2009-12-31
9564768,TB_e_inc_num,COUNTRY,IDN,WPR,Western Pacific,YEAR,2008,,,,,,,,,839 000 [756 000-926 000],839000,756000,926000,,2025-11-11T15:08:09Z,2008,2008-01-01,2008-12-31
6350233,TB_e_inc_num,COUNTRY,FSM,WPR,Western Pacific,YEAR,2013,,,,,,,,,340 [270-410],340,270,410,,2025-11-11T15:08:09Z,2013,2013-01-01,2013-12-31
1687921,TB_e_inc_num,COUNTRY,BEN,AFR,Africa,YEAR,2008,,,,,,,,,7600 [4400-17 000],7600,4400,17000,,2025-11-11T15:08:09Z,2008,2008-01-01,2008-12-31
5013447,TB_e_inc_num,COUNTRY,GNQ,AFR,Africa,YEAR,2011,,,,,,,,,3200 [2000-6200],3200,2000,6200,,2025-11-11T15:08:09Z,2011,2011-01-01,2011-12-31
9950957,TB_e_inc_num,COUNTRY,GRC,EUR,Europe,YEAR,2007,,,,,,,,,850 [690-1000],850,690,1000,,2025-11-11T15:08:09Z,2007,2007-01-01,2007-12-31
5159195,TB_e_inc_num,COUNTRY,COL,AMR,Americas,YEAR,2000,,,,,,,,,27 000 [22 000-33 000],27000,22000,33000,,2025-11-11T15:08:09Z,2000,2000-01-01,2000-12-31
1928517,TB_e_inc_num,COUNTRY,LTU,EUR,Europe,YEAR,2008,,,,,,,,,3900 [3200-4700],3900,3200,4700,,2025-11-11T15:08:09Z,2008,2008-01-01,2008-12-31
1998293,TB_e_inc_num,COUNTRY,EST,EUR,Europe,YEAR,2011,,,,,,,,,410 [340-500],410,340,500,,2025-11-11T15:08:09Z,2011,2011-01-01,2011-12-31
472571,TB_e_inc_num,COUNTRY,FJI,WPR,Western Pacific,YEAR,2005,,,,,,,,,290 [230-340],290,230,340,,2025-11-11T15:08:09Z,2005,2005-01-01,2005-12-31
693613,TB_e_inc_num,COUNTRY,POL,EUR,Europe,YEAR,2019,,,,,,,,,6100 [5000-7400],6100,5000,7400,,2025-11-11T15:08:09Z,2019,2019-01-01,2019-12-31
7313748,TB_e_inc_num,COUNTRY,LCA,AMR,Americas,YEAR,2024,,,,,,,,,1 [1-1],1,1,1,,2025-11-11T15:08:09Z,2024,2024-01-01,2024-12-31
2478920,TB_e_inc_num,COUNTRY,ITA,EUR,Europe,YEAR,2016,,,,,,,,,4500 [3700-5400],4500,3700,5400,,2025-11-11T15:08:09Z,2016,2016-01-01,2016-12-31
7377288,TB_e_inc_num,COUNTRY,PAN,AMR,Americas,YEAR,2014,,,,,,,,,2000 [1700-2500],2000,1700,2500,,2025-11-11T15:08:09Z,2014,2014-01-01,2014-12-31
985551,TB_e_inc_num,COUNTRY,VUT,WPR,Western Pacific,YEAR,2002,,,,,,,,,480 [180-4300],480,180,4300,,2025-11-11T15:08:09Z,2002,2002-01-01,2002-12-31
5894111,TB_e_inc_num,COUNTRY,VNM,WPR,Western Pacific,YEAR,2023,,,,,,,,,185 000 [116 000-271 000],185000,116000,271000,,2025-11-11T15:08:09Z,2023,2023-01-01,2023-12-31
9159055,TB_e_inc_num,COUNTRY,ESP,EUR,Europe,YEAR,2018,,,,,,,,,5200 [4300-6300],5200,4300,6300,,2025-11-11T15:08:09Z,2018,2018-01-01,2018-12-31
2687261,TB_e_inc_num,COUNTRY,BDI,AFR,Africa,YEAR,2021,,,,,,,,,12 000 [7400-23 000],12000,7400,23000,,2025-11-11T15:08:09Z,2021,2021-01-01,2021-12-31
6027245,TB_e_inc_num,COUNTRY,BWA,AFR,Africa,YEAR,2024,,,,,,,,,3600 [2200-7000],3600,2200,7000,,2025-11-11T15:08:09Z,2024,2024-01-01,2024-12-31
7693699,TB_e_inc_num,WORLDBANKINCOMEGROUP,WB_LI,,,YEAR,2012,,,,,,,,,1 100 000 [870 000-1 360 000],1100000,870000,1360000,,2025-11-11T15:08:09Z,2012,2012-01-01,2012-12-31
1289528,TB_e_inc_num,COUNTRY,DOM,AMR,Americas,YEAR,2021,,,,,,,,,5300 [4300-6300],5300,4300,6300,,2025-11-11T15:08:09Z,2021,2021-01-01,2021-12-31
7782436,TB_e_inc_num,COUNTRY,HTI,AMR,Americas,YEAR,2004,,,,,,,,,49 000 [40 000-59 000],49000,40000,59000,,2025-11-11T15:08:09Z,2004,2004-01-01,2004-12-31
6197993,TB_e_inc_num,COUNTRY,ZAF,AFR,Africa,YEAR,2020,,,,,,,,,340 000 [240 000-458 000],340000,240000,458000,,2025-11-11T15:08:09Z,2020,2020-01-01,2020-12-31
6331215,TB_e_inc_num,COUNTRY,JPN,WPR,Western Pacific,YEAR,2021,,,,,,,,,14 000 [11 000-17 000],14000,11000,17000,,2025-11-11T15:08:09Z,2021,2021-01-01,2021-12-31
7959692,TB_e_inc_num,COUNTRY,ETH,AFR,Africa,YEAR,2014,,,,,,,,,214 000 [106 000-359 000],214000,106000,359000,,2025-11-11T15:08:09Z,2014,2014-01-01,2014-12-31
7978770,TB_e_inc_num,COUNTRY,GRC,EUR,Europe,YEAR,2016,,,,,,,,,520 [430-630],520,430,630,,2025-11-11T15:08:09Z,2016,2016-01-01,2016-12-31
3234303,TB_e_inc_num,COUNTRY,MAR,EMR,Eastern Mediterranean,YEAR,2024,,,,,,,,,37 000 [30 000-45 000],37000,30000,45000,,2025-11-11T15:08:09Z,2024,2024-01-01,2024-12-31
6521681,TB_e_inc_num,COUNTRY,COL,AMR,Americas,YEAR,2004,,,,,,,,,21 000 [17 000-25 000],21000,17000,25000,,2025-11-11T15:08:09Z,2004,2004-01-01,2004-12-31
1839722,TB_e_inc_num,COUNTRY,RWA,AFR,Africa,YEAR,2024,,,,,,,,,8800 [6200-12 000],8800,6200,12000,,2025-11-11T15:08:09Z,2024,2024-01-01,2024-12-31
8336686,TB_e_inc_num,COUNTRY,CHE,EUR,Europe,YEAR,2011,,,,,,,,,640 [520-770],640,520,770,,2025-11-11T15:08:09Z,2011,2011-01-01,2011-12-31
5127413,TB_e_inc_num,COUNTRY,KHM,WPR,Western Pacific,YEAR,2020,,,,,,,,,48 000 [36 000-64 000],48000,36000,64000,,2025-11-11T15:08:09Z,2020,2020-01-01,2020-12-31
271078,TB_e_inc_num,COUNTRY,PNG,WPR,Western Pacific,YEAR,2012,,,,,,,,,45 000 [25 000-105 000],45000,25000,105000,,2025-11-11T15:08:09Z,2012,2012-01-01,2012-12-31
10090221,TB_e_inc_num,COUNTRY,CAN,AMR,Americas,YEAR,2024,,,,,,,,,2500 [2000-3000],2500,2000,3000,,2025-11-11T15:08:09Z,2024,2024-01-01,2024-12-31
5286022,TB_e_inc_num,COUNTRY,VEN,AMR,Americas,YEAR,2002,,,,,,,,,13 000 [11 000-16 000],13000,11000,16000,,2025-11-11T15:08:09Z,2002,2002-01-01,2002-12-31
542490,TB_e_inc_num,WORLDBANKINCOMEGROUP,WB_UMI,,,YEAR,2023,,,,,,,,,2 670 000 [2 420 000-2 930 000],2670000,2420000,2930000,,2025-11-11T15:08:09Z,2023,2023-01-01,2023-12-31
655766,TB_e_inc_num,COUNTRY,LBN,EMR,Eastern Mediterranean,YEAR,2015,,,,,,,,,950 [770-1100],950,770,1100,,2025-11-11T15:08:09Z,2015,2015-01-01,2015-12-31
3994456,TB_e_inc_num,COUNTRY,SLE,AFR,Africa,YEAR,2011,,,,,,,,,31 000 [19 000-60 000],31000,19000,60000,,2025-11-11T15:08:09Z,2011,2011-01-01,2011-12-31
2390692,TB_e_inc_num,COUNTRY,GRC,EUR,Europe,YEAR,2002,,,,,,,,,830 [670-1000],830,670,1000,,2025-11-11T15:08:09Z,2002,2002-01-01,2002-12-31
2422447,TB_e_inc_num,COUNTRY,VUT,WPR,Western Pacific,YEAR,2022,,,,,,,,,140 [86-290],140,86,290,,2025-11-11T15:08:09Z,2022,2022-01-01,2022-12-31
877730,TB_e_inc_num,COUNTRY,GRD,AMR,Americas,YEAR,2004,,,,,,,,,2 [2-2],2,2,2,,2025-11-11T15:08:09Z,2004,2004-01-01,2004-12-31
4305186,TB_e_inc_num,COUNTRY,VNM,WPR,Western Pacific,YEAR,2022,,,,,,,,,177 000 [111 000-255 000],177000,111000,255000,,2025-11-11T15:08:09Z,2022,2022-01-01,2022-12-31
1143674,TB_e_inc_num,COUNTRY,BRN,WPR,Western Pacific,YEAR,2000,,,,,,,,,750 [610-910],750,610,910,,2025-11-11T15:08:09Z,2000,2000-01-01,2000-12-31
1213373,TB_e_inc_num,COUNTRY,SAU,EMR,Eastern Mediterranean,YEAR,2004,,,,,,,,,3600 [3300-4000],3600,3300,4000,,2025-11-11T15:08:09Z,2004,2004-01-01,2004-12-31
9444451,TB_e_inc_num,COUNTRY,LBR,AFR,Africa,YEAR,2000,,,,,,,,,3400 [1700-9300],3400,1700,9300,,2025-11-11T15:08:09Z,2000,2000-01-01,2000-12-31
1421960,TB_e_inc_num,COUNTRY,COL,AMR,Americas,YEAR,2005,,,,,,,,,18 000 [15 000-22 000],18000,15000,22000,,2025-11-11T15:08:09Z,2005,2005-01-01,2005-12-31
9564819,TB_e_inc_num,COUNTRY,TZA,AFR,Africa,YEAR,2019,,,,,,,,,140 000 [66 000-241 000],140000,66000,241000,,2025-11-11T15:08:09Z,2019,2019-01-01,2019-12-31
9571156,TB_e_inc_num,COUNTRY,LSO,AFR,Africa,YEAR,2019,,,,,,,,,14 000 [9000-21 000],14000,9000,21000,,2025-11-11T15:08:09Z,2019,2019-01-01,2019-12-31
3183522,TB_e_inc_num,COUNTRY,KGZ,EUR,Europe,YEAR,2007,,,,,,,,,12 000 [10 000-15 000],12000,10000,15000,,2025-11-11T15:08:09Z,2007,2007-01-01,2007-12-31
4810625,TB_e_inc_num,WORLDBANKINCOMEGROUP,WB_LMI,,,YEAR,2004,,,,,,,,,7 040 000 [4 360 000-10 300 000],7040000,4360000,10300000,,2025-11-11T15:08:09Z,2004,2004-01-01,2004-12-31
1586399,TB_e_inc_num,WORLDBANKINCOMEGROUP,WB_LMI,,,YEAR,2016,,,,,,,,,6 530 000 [5 880 000-7 210 000],6530000,5880000,7210000,,2025-11-11T15:08:09Z,2016,2016-01-01,2016-12-31
6521707,TB_e_inc_num,COUNTRY,CZE,EUR,Europe,YEAR,2016,,,,,,,,,620 [510-750],620,510,750,,2025-11-11T15:08:09Z,2016,2016-01-01,2016-12-31
9818305,TB_e_inc_num,COUNTRY,CAF,AFR,Africa,YEAR,2022,,,,,,,,,22 000 [14 000-42 000],22000,14000,42000,,2025-11-11T15:08:09Z,2022,2022-01-01,2022-12-31
6737352,TB_e_inc_num,COUNTRY,MEX,AMR,Americas,YEAR,2001,,,,,,,,,36 000 [30 000-44 000],36000,30000,44000,,2025-11-11T15:08:09Z,2001,2001-01-01,2001-12-31
1928570,TB_e_inc_num,COUNTRY,CUB,AMR,Americas,YEAR,2019,,,,,,,,,770 [620-920],770,620,920,,2025-11-11T15:08:09Z,2019,2019-01-01,2019-12-31
6838531,TB_e_inc_num,COUNTRY,BTN,SEAR,South-East Asia,YEAR,2017,,,,,,,,,1600 [1300-2000],1600,1300,2000,,2025-11-11T15:08:09Z,2017,2017-01-01,2017-12-31
10134763,TB_e_inc_num,COUNTRY,PRI,AMR,Americas,YEAR,2007,,,,,,,,,160 [130-190],160,130,190,,2025-11-11T15:08:09Z,2007,2007-01-01,2007-12-31
10141140,TB_e_inc_num,COUNTRY,OMN,EMR,Eastern Mediterranean,YEAR,2012,,,,,,,,,580 [470-700],580,470,700,,2025-11-11T15:08:09Z,2012,2012-01-01,2012-12-31
3677387,TB_e_inc_num,COUNTRY,HUN,EUR,Europe,YEAR,2005,,,,,,,,,2600 [2100-3200],2600,2100,3200,,2025-11-11T15:08:09Z,2005,2005-01-01,2005-12-31
712675,TB_e_inc_num,COUNTRY,DZA,AFR,Africa,YEAR,2012,,,,,,,,,32 000 [26 000-38 000],32000,26000,38000,,2025-11-11T15:08:09Z,2012,2012-01-01,2012-12-31
3994485,TB_e_inc_num,COUNTRY,HUN,EUR,Europe,YEAR,2013,,,,,,,,,1400 [1100-1700],1400,1100,1700,,2025-11-11T15:08:09Z,2013,2013-01-01,2013-12-31
8854703,TB_e_inc_num,COUNTRY,ESP,EUR,Europe,YEAR,2007,,,,,,,,,9900 [8100-12 000],9900,8100,12000,,2025-11-11T15:08:09Z,2007,2007-01-01,2007-12-31
5678450,TB_e_inc_num,COUNTRY,MDG,AFR,Africa,YEAR,2024,,,,,,,,,72 000 [44 000-136 000],72000,44000,136000,,2025-11-11T15:08:09Z,2024,2024-01-01,2024-12-31
2447675,TB_e_inc_num,COUNTRY,KWT,EMR,Eastern Mediterranean,YEAR,2002,,,,,,,,,780 [640-950],780,640,950,,2025-11-11T15:08:09Z,2002,2002-01-01,2002-12-31
5710217,TB_e_inc_num,COUNTRY,GMB,AFR,Africa,YEAR,2019,,,,,,,,,3900 [2900-5000],3900,2900,5000,,2025-11-11T15:08:09Z,2019,2019-01-01,2019-12-31
4153063,TB_e_inc_num,COUNTRY,JPN,WPR,Western Pacific,YEAR,2018,,,,,,,,,19 000 [15 000-23 000],19000,15000,23000,,2025-11-11T15:08:09Z,2018,2018-01-01,2018-12-31
2605890,TB_e_inc_num,COUNTRY,CHL,AMR,Americas,YEAR,2024,,,,,,,,,3800 [3100-4500],3800,3100,4500,,2025-11-11T15:08:09Z,2024,2024-01-01,2024-12-31
9095695,TB_e_inc_num,COUNTRY,KIR,WPR,Western Pacific,YEAR,2020,,,,,,,,,830 [670-1000],830,670,1000,,2025-11-11T15:08:09Z,2020,2020-01-01,2020-12-31
1048633,TB_e_inc_num,COUNTRY,SWE,EUR,Europe,YEAR,2005,,,,,,,,,730 [590-880],730,590,880,,2025-11-11T15:08:09Z,2005,2005-01-01,2005-12-31
7535844,TB_e_inc_num,COUNTRY,LTU,EUR,Europe,YEAR,2014,,,,,,,,,2300 [1900-2800],2300,1900,2800,,2025-11-11T15:08:09Z,2014,2014-01-01,2014-12-31
1055022,TB_e_inc_num,COUNTRY,BOL,AMR,Americas,YEAR,2022,,,,,,,,,12 000 [9800-14 000],12000,9800,14000,,2025-11-11T15:08:09Z,2022,2022-01-01,2022-12-31
5951279,TB_e_inc_num,COUNTRY,TUN,EMR,Eastern Mediterranean,YEAR,2013,,,,,,,,,5200 [4200-6200],5200,4200,6200,,2025-11-11T15:08:09Z,2013,2013-01-01,2013-12-31
7624101,TB_e_inc_num,REGION,EUR,,,YEAR,2023,,,,,,,,,217 000 [188 000-248 000],217000,188000,248000,,2025-11-11T15:08:09Z,2023,2023-01-01,2023-12-31
1143688,TB_e_inc_num,COUNTRY,COD,AFR,Africa,YEAR,2004,,,,,,,,,322 000 [197 000-618 000],322000,197000,618000,,2025-11-11T15:08:09Z,2004,2004-01-01,2004-12-31
9273118,TB_e_inc_num,COUNTRY,PAK,EMR,Eastern Mediterranean,YEAR,2021,,,,,,,,,646 000 [458 000-876 000],646000,458000,876000,,2025-11-11T15:08:09Z,2021,2021-01-01,2021-12-31
4772566,TB_e_inc_num,COUNTRY,TJK,EUR,Europe,YEAR,2015,,,,,,,,,9600 [7800-12 000],9600,7800,12000,,2025-11-11T15:08:09Z,2015,2015-01-01,2015-12-31
1542095,TB_e_inc_num,COUNTRY,MDG,AFR,Africa,YEAR,2011,,,,,,,,,52 000 [30 000-118 000],52000,30000,118000,,2025-11-11T15:08:09Z,2011,2011-01-01,2011-12-31
1820753,TB_e_inc_num,COUNTRY,ZWE,AFR,Africa,YEAR,2023,,,,,,,,,34 000 [23 000-46 000],34000,23000,46000,,2025-11-11T15:08:09Z,2023,2023-01-01,2023-12-31
1877756,TB_e_inc_num,COUNTRY,CRI,AMR,Americas,YEAR,2020,,,,,,,,,490 [390-590],490,390,590,,2025-11-11T15:08:09Z,2020,2020-01-01,2020-12-31
8374510,TB_e_inc_num,COUNTRY,KEN,AFR,Africa,YEAR,2015,,,,,,,,,179 000 [86 000-307 000],179000,86000,307000,,2025-11-11T15:08:09Z,2015,2015-01-01,2015-12-31
1941309,TB_e_inc_num,REGION,WPR,,,YEAR,2004,,,,,,,,,3 030 000 [2 660 000-3 440 000],3030000,2660000,3440000,,2025-11-11T15:08:09Z,2004,2004-01-01,2004-12-31
2548684,TB_e_inc_num,COUNTRY,TCD,AFR,Africa,YEAR,2019,,,,,,,,,23 000 [14 000-44 000],23000,14000,44000,,2025-11-11T15:08:09Z,2019,2019-01-01,2019-12-31
2561417,TB_e_inc_num,COUNTRY,SSD,AFR,Africa,YEAR,2023,,,,,,,,,37 000 [23 000-71 000],37000,23000,71000,,2025-11-11T15:08:09Z,2023,2023-01-01,2023-12-31
4229364,TB_e_inc_num,COUNTRY,JAM,AMR,Americas,YEAR,2021,,,,,,,,,77 [62-92],77,62,92,,2025-11-11T15:08:09Z,2021,2021-01-01,2021-12-31
9469806,TB_e_inc_num,COUNTRY,AUS,WPR,Western Pacific,YEAR,2000,,,,,,,,,1300 [1100-1600],1300,1100,1600,,2025-11-11T15:08:09Z,2000,2000-01-01,2000-12-31
1548405,TB_e_inc_num,COUNTRY,GAB,AFR,Africa,YEAR,2018,,,,,,,,,9700 [5900-19 000],9700,5900,19000,,2025-11-11T15:08:09Z,2018,2018-01-01,2018-12-31
8153586,TB_e_inc_num,COUNTRY,CYP,EUR,Europe,YEAR,2000,,,,,,,,,78 [64-94],78,64,94,,2025-11-11T15:08:09Z,2000,2000-01-01,2000-12-31
8222900,TB_e_inc_num,COUNTRY,CYP,EUR,Europe,YEAR,2002,,,,,,,,,40 [32-48],40,32,48,,2025-11-11T15:08:09Z,2002,2002-01-01,2002-12-31
8336760,TB_e_inc_num,COUNTRY,BHS,AMR,Americas,YEAR,2022,,,,,,,,,63 [51-75],63,51,75,,2025-11-11T15:08:09Z,2022,2022-01-01,2022-12-31
6724686,TB_e_inc_num,WORLDBANKINCOMEGROUP,WB_HI,,,YEAR,2004,,,,,,,,,385 000 [303 000-478 000],385000,303000,478000,,2025-11-11T15:08:09Z,2004,2004-01-01,2004-12-31
10033216,TB_e_inc_num,COUNTRY,LKA,SEAR,South-East Asia,YEAR,2002,,,,,,,,,26 000 [11 000-129 000],26000,11000,129000,,2025-11-11T15:08:09Z,2002,2002-01-01,2002-12-31
10147577,TB_e_inc_num,WORLDBANKINCOMEGROUP,WB_UMI,,,YEAR,2004,,,,,,,,,3 390 000 [2 880 000-3 940 000],3390000,2880000,3940000,,2025-11-11T15:08:09Z,2004,2004-01-01,2004-12-31
2219432,TB_e_inc_num,COUNTRY,MDA,EUR,Europe,YEAR,2012,,,,,,,,,4500 [3600-5400],4500,3600,5400,,2025-11-11T15:08:09Z,2012,2012-01-01,2012-12-31
5482204,TB_e_inc_num,COUNTRY,IRQ,EMR,Eastern Mediterranean,YEAR,2023,,,,,,,,,11 000 [8500-13 000],11000,8500,13000,,2025-11-11T15:08:09Z,2023,2023-01-01,2023-12-31
731710,TB_e_inc_num,COUNTRY,MAR,EMR,Eastern Mediterranean,YEAR,2003,,,,,,,,,30 000 [25 000-36 000],30000,25000,36000,,2025-11-11T15:08:09Z,2003,2003-01-01,2003-12-31
4019923,TB_e_inc_num,COUNTRY,VCT,AMR,Americas,YEAR,2020,,,,,,,,,13 [11-16],13,11,16,,2025-11-11T15:08:09Z,2020,2020-01-01,2020-12-31
7383704,TB_e_inc_num,COUNTRY,KGZ,EUR,Europe,YEAR,2012,,,,,,,,,11 000 [8600-13 000],11000,8600,13000,,2025-11-11T15:08:09Z,2012,2012-01-01,2012-12-31
5786361,TB_e_inc_num,COUNTRY,IND,SEAR,South-East Asia,YEAR,2000,,,,,,,,,3 400 000 [1 160 000-6 810 000],3400000,1160000,6810000,,2025-11-11T15:08:09Z,2000,2000-01-01,2000-12-31
9051279,TB_e_inc_num,COUNTRY,TUR,EUR,Europe,YEAR,2019,,,,,,,,,15 000 [12 000-18 000],15000,12000,18000,,2025-11-11T15:08:09Z,2019,2019-01-01,2019-12-31
7643147,TB_e_inc_num,COUNTRY,MLI,AFR,Africa,YEAR,2013,,,,,,,,,12 000 [6800-24 000],12000,6800,24000,,2025-11-11T15:08:09Z,2013,2013-01-01,2013-12-31
1175556,TB_e_inc_num,COUNTRY,GBR,EUR,Europe,YEAR,2005,,,,,,,,,9200 [8500-9900],9200,8500,9900,,2025-11-11T15:08:09Z,2005,2005-01-01,2005-12-31
1213454,TB_e_inc_num,COUNTRY,FRA,EUR,Europe,YEAR,2023,,,,,,,,,5500 [5300-5800],5500,5300,5800,,2025-11-11T15:08:09Z,2023,2023-01-01,2023-12-31
4512622,TB_e_inc_num,REGION,EMR,,,YEAR,2016,,,,,,,,,835 000 [656 000-1 030 000],835000,656000,1030000,,2025-11-11T15:08:09Z,2016,2016-01-01,2016-12-31
7858461,TB_e_inc_num,COUNTRY,IRN,EMR,Eastern Mediterranean,YEAR,2006,,,,,,,,,22 000 [18 000-26 000],22000,18000,26000,,2025-11-11T15:08:09Z,2006,2006-01-01,2006-12-31
6432863,TB_e_inc_num,REGION,SEAR,,,YEAR,2005,,,,,,,,,4 570 000 [2 120 000-7 930 000],4570000,2120000,7930000,,2025-11-11T15:08:09Z,2005,2005-01-01,2005-12-31
8134487,TB_e_inc_num,COUNTRY,SEN,AFR,Africa,YEAR,2015,,,,,,,,,24 000 [14 000-48 000],24000,14000,48000,,2025-11-11T15:08:09Z,2015,2015-01-01,2015-12-31
8210264,TB_e_inc_num,COUNTRY,CAN,AMR,Americas,YEAR,2004,,,,,,,,,2100 [1700-2500],2100,1700,2500,,2025-11-11T15:08:09Z,2004,2004-01-01,2004-12-31
1820794,TB_e_inc_num,COUNTRY,DJI,EMR,Eastern Mediterranean,YEAR,2006,,,,,,,,,12 000 [9400-14 000],12000,9400,14000,,2025-11-11T15:08:09Z,2006,2006-01-01,2006-12-31
3455929,TB_e_inc_num,COUNTRY,STP,AFR,Africa,YEAR,2022,,,,,,,,,200 [160-240],200,160,240,,2025-11-11T15:08:09Z,2022,2022-01-01,2022-12-31
1858714,TB_e_inc_num,COUNTRY,PAK,EMR,Eastern Mediterranean,YEAR,2006,,,,,,,,,495 000 [313 000-718 000],495000,313000,718000,,2025-11-11T15:08:09Z,2006,2006-01-01,2006-12-31
5241753,TB_e_inc_num,COUNTRY,LUX,EUR,Europe,YEAR,2019,,,,,,,,,56 [46-67],56,46,67,,2025-11-11T15:08:09Z,2019,2019-01-01,2019-12-31
8558559,TB_e_inc_num,COUNTRY,POL,EUR,Europe,YEAR,2002,,,,,,,,,16 000 [13 000-19 000],16000,13000,19000,,2025-11-11T15:08:09Z,2002,2002-01-01,2002-12-31
2118434,TB_e_inc_num,COUNTRY,THA,SEAR,South-East Asia,YEAR,2004,,,,,,,,,152 000 [52 000-306 000],152000,52000,306000,,2025-11-11T15:08:09Z,2004,2004-01-01,2004-12-31
6984444,TB_e_inc_num,COUNTRY,MHL,WPR,Western Pacific,YEAR,2002,,,,,,,,,140 [110-170],140,110,170,,2025-11-11T15:08:09Z,2002,2002-01-01,2002-12-31
2213109,TB_e_inc_num,COUNTRY,CAF,AFR,Africa,YEAR,2015,,,,,,,,,23 000 [14 000-44 000],23000,14000,44000,,2025-11-11T15:08:09Z,2015,2015-01-01,2015-12-31
2497948,TB_e_inc_num,COUNTRY,ISL,EUR,Europe,YEAR,2000,,,,,,,,,13 [11-16],13,11,16,,2025-11-11T15:08:09Z,2000,2000-01-01,2000-12-31
7529565,TB_e_inc_num,COUNTRY,KEN,AFR,Africa,YEAR,2016,,,,,,,,,168 000 [86 000-276 000],168000,86000,276000,,2025-11-11T15:08:09Z,2016,2016-01-01,2016-12-31
4292562,TB_e_inc_num,COUNTRY,SVN,EUR,Europe,YEAR,2015,,,,,,,,,160 [130-190],160,130,190,,2025-11-11T15:08:09Z,2015,2015-01-01,2015-12-31
4361967,TB_e_inc_num,COUNTRY,ISR,EUR,Europe,YEAR,2005,,,,,,,,,490 [400-600],490,400,600,,2025-11-11T15:08:09Z,2005,2005-01-01,2005-12-31
2776297,TB_e_inc_num,COUNTRY,OMN,EMR,Eastern Mediterranean,YEAR,2001,,,,,,,,,520 [420-620],520,420,620,,2025-11-11T15:08:09Z,2001,2001-01-01,2001-12-31
6242438,TB_e_inc_num,COUNTRY,BTN,SEAR,South-East Asia,YEAR,2004,,,,,,,,,3300 [2700-4000],3300,2700,4000,,2025-11-11T15:08:09Z,2004,2004-01-01,2004-12-31
9501609,TB_e_inc_num,COUNTRY,LUX,EUR,Europe,YEAR,2022,,,,,,,,,57 [46-68],57,46,68,,2025-11-11T15:08:09Z,2022,2022-01-01,2022-12-31
4791765,TB_e_inc_num,COUNTRY,BIH,EUR,Europe,YEAR,2019,,,,,,,,,850 [690-1000],850,690,1000,,2025-11-11T15:08:09Z,2019,2019-01-01,2019-12-31
81397,TB_e_inc_num,COUNTRY,UZB,EUR,Europe,YEAR,2012,,,,,,,,,25 000 [21 000-31 000],25000,21000,31000,,2025-11-11T15:08:09Z,2012,2012-01-01,2012-12-31
8267230,TB_e_inc_num,COUNTRY,EST,EUR,Europe,YEAR,2009,,,,,,,,,540 [440-650],540,440,650,,2025-11-11T15:08:09Z,2009,2009-01-01,2009-12-31
6750140,TB_e_inc_num,COUNTRY,DJI,EMR,Eastern Mediterranean,YEAR,2002,,,,,,,,,15 000 [12 000-18 000],15000,12000,18000,,2025-11-11T15:08:09Z,2002,2002-01-01,2002-12-31
5178427,TB_e_inc_num,COUNTRY,PNG,WPR,Western Pacific,YEAR,2004,,,,,,,,,47 000 [19 000-394 000],47000,19000,394000,,2025-11-11T15:08:09Z,2004,2004-01-01,2004-12-31
10122206,TB_e_inc_num,COUNTRY,PLW,WPR,Western Pacific,YEAR,2020,,,,,,,,,10 [8-12],10,8,12,,2025-11-11T15:08:09Z,2020,2020-01-01,2020-12-31
454056,TB_e_inc_num,COUNTRY,TKM,EUR,Europe,YEAR,2016,,,,,,,,,2900 [2400-3500],2900,2400,3500,,2025-11-11T15:08:09Z,2016,2016-01-01,2016-12-31
655876,TB_e_inc_num,COUNTRY,NGA,AFR,Africa,YEAR,2024,,,,,,,,,510 000 [333 000-724 000],510000,333000,724000,,2025-11-11T15:08:09Z,2024,2024-01-01,2024-12-31
712781,TB_e_inc_num,COUNTRY,FIN,EUR,Europe,YEAR,2010,,,,,,,,,370 [300-440],370,300,440,,2025-11-11T15:08:09Z,2010,2010-01-01,2010-12-31
7377437,TB_e_inc_num,COUNTRY,SLV,AMR,Americas,YEAR,2018,,,,,,,,,4700 [3800-5700],4700,3800,5700,,2025-11-11T15:08:09Z,2018,2018-01-01,2018-12-31
4165868,TB_e_inc_num,COUNTRY,GRD,AMR,Americas,YEAR,2011,,,,,,,,,2 [2-2],2,2,2,,2025-11-11T15:08:09Z,2011,2011-01-01,2011-12-31
9178080,TB_e_inc_num,COUNTRY,LBR,AFR,Africa,YEAR,2020,,,,,,,,,12 000 [7600-24 000],12000,7600,24000,,2025-11-11T15:08:09Z,2020,2020-01-01,2020-12-31
1099492,TB_e_inc_num,COUNTRY,MNE,EUR,Europe,YEAR,2020,,,,,,,,,110 [86-130],110,86,130,,2025-11-11T15:08:09Z,2020,2020-01-01,2020-12-31
1371487,TB_e_inc_num,COUNTRY,BHS,AMR,Americas,YEAR,2017,,,,,,,,,65 [53-79],65,53,79,,2025-11-11T15:08:09Z,2017,2017-01-01,2017-12-31
8013937,TB_e_inc_num,COUNTRY,MWI,AFR,Africa,YEAR,2018,,,,,,,,,28 000 [15 000-46 000],28000,15000,46000,,2025-11-11T15:08:09Z,2018,2018-01-01,2018-12-31
3399019,TB_e_inc_num,COUNTRY,TUV,WPR,Western Pacific,YEAR,2023,,,,,,,,,16 [13-19],16,13,19,,2025-11-11T15:08:09Z,2023,2023-01-01,2023-12-31
9906812,TB_e_inc_num,WORLDBANKINCOMEGROUP,WB_HI,,,YEAR,2018,,,,,,,,,233 000 [200 000-269 000],233000,200000,269000,,2025-11-11T15:08:09Z,2018,2018-01-01,2018-12-31
9989109,TB_e_inc_num,COUNTRY,BHS,AMR,Americas,YEAR,2006,,,,,,,,,88 [72-110],88,72,110,,2025-11-11T15:08:09Z,2006,2006-01-01,2006-12-31
8419018,TB_e_inc_num,COUNTRY,ERI,AFR,Africa,YEAR,2009,,,,,,,,,8100 [6600-9800],8100,6600,9800,,2025-11-11T15:08:09Z,2009,2009-01-01,2009-12-31
466363,TB_e_inc_num,COUNTRY,MAC,,,YEAR,2004,,,,,,,,,740 [600-890],740,600,890,,2025-11-11T15:08:09Z,2004,2004-01-01,2004-12-31
8653319,TB_e_inc_num,COUNTRY,SOM,EMR,Eastern Mediterranean,YEAR,2002,,,,,,,,,34 000 [12 000-722 000],34000,12000,722000,,2025-11-11T15:08:09Z,2002,2002-01-01,2002-12-31
2238356,TB_e_inc_num,COUNTRY,GIN,AFR,Africa,YEAR,2005,,,,,,,,,16 000 [8600-38 000],16000,8600,38000,,2025-11-11T15:08:09Z,2005,2005-01-01,2005-12-31
3880523,TB_e_inc_num,COUNTRY,CHL,AMR,Americas,YEAR,2008,,,,,,,,,3300 [2700-4000],3300,2700,4000,,2025-11-11T15:08:09Z,2008,2008-01-01,2008-12-31
649764,TB_e_inc_num,COUNTRY,POL,EUR,Europe,YEAR,2018,,,,,,,,,6400 [5200-7700],6400,5200,7700,,2025-11-11T15:08:09Z,2018,2018-01-01,2018-12-31
3950162,TB_e_inc_num,COUNTRY,GAB,AFR,Africa,YEAR,2003,,,,,,,,,4800 [2800-10 000],4800,2800,10000,,2025-11-11T15:08:09Z,2003,2003-01-01,2003-12-31
8873719,TB_e_inc_num,COUNTRY,URY,AMR,Americas,YEAR,2018,,,,,,,,,1200 [1000-1500],1200,1000,1500,,2025-11-11T15:08:09Z,2018,2018-01-01,2018-12-31
7371131,TB_e_inc_num,COUNTRY,CYP,EUR,Europe,YEAR,2015,,,,,,,,,82 [67-99],82,67,99,,2025-11-11T15:08:09Z,2015,2015-01-01,2015-12-31
2517130,TB_e_inc_num,COUNTRY,NER,AFR,Africa,YEAR,2004,,,,,,,,,16 000 [8500-38 000],16000,8500,38000,,2025-11-11T15:08:09Z,2004,2004-01-01,2004-12-31
2567889,TB_e_inc_num,COUNTRY,CHN,WPR,Western Pacific,YEAR,2015,,,,,,,,,905 000 [737 000-1 090 000],905000,737000,1090000,,2025-11-11T15:08:09Z,2015,2015-01-01,2015-12-31
7434619,TB_e_inc_num,REGION,EMR,,,YEAR,2000,,,,,,,,,698 000 [525 000-895 000],698000,525000,895000,,2025-11-11T15:08:09Z,2000,2000-01-01,2000-12-31
9057713,TB_e_inc_num,COUNTRY,GHA,AFR,Africa,YEAR,2007,,,,,,,,,46 000 [17 000-91 000],46000,17000,91000,,2025-11-11T15:08:09Z,2007,2007-01-01,2007-12-31
1061478,TB_e_inc_num,WORLDBANKINCOMEGROUP,WB_LMI,,,YEAR,2005,,,,,,,,,7 080 000 [4 430 000-10 300 000],7080000,4430000,10300000,,2025-11-11T15:08:09Z,2005,2005-01-01,2005-12-31
4386349,TB_e_inc_num,COUNTRY,KWT,EMR,Eastern Mediterranean,YEAR,2021,,,,,,,,,960 [780-1200],960,780,1200,,2025-11-11T15:08:09Z,2021,2021-01-01,2021-12-31
4461869,TB_e_inc_num,COUNTRY,GHA,AFR,Africa,YEAR,2004,,,,,,,,,45 000 [15 000-91 000],45000,15000,91000,,2025-11-11T15:08:09Z,2004,2004-01-01,2004-12-31
4461880,TB_e_inc_num,COUNTRY,NIC,AMR,Americas,YEAR,2016,,,,,,,,,3400 [2700-4100],3400,2700,4100,,2025-11-11T15:08:09Z,2016,2016-01-01,2016-12-31
9374761,TB_e_inc_num,COUNTRY,GNB,AFR,Africa,YEAR,2023,,,,,,,,,3800 [2400-7300],3800,2400,7300,,2025-11-11T15:08:09Z,2023,2023-01-01,2023-12-31
6344061,TB_e_inc_num,COUNTRY,NLD,EUR,Europe,YEAR,2008,,,,,,,,,1100 [950-1300],1100,950,1300,,2025-11-11T15:08:09Z,2008,2008-01-01,2008-12-31
4766351,TB_e_inc_num,REGION,SEAR,,,YEAR,2006,,,,,,,,,4 550 000 [2 150 000-7 850 000],4550000,2150000,7850000,,2025-11-11T15:08:09Z,2006,2006-01-01,2006-12-31
56064,TB_e_inc_num,COUNTRY,TUN,EMR,Eastern Mediterranean,YEAR,2014,,,,,,,,,5300 [4300-6400],5300,4300,6400,,2025-11-11T15:08:09Z,2014,2014-01-01,2014-12-31
163397,TB_e_inc_num,COUNTRY,LAO,WPR,Western Pacific,YEAR,2015,,,,,,,,,12 000 [7400-19 000],12000,7400,19000,,2025-11-11T15:08:09Z,2015,2015-01-01,2015-12-31
1903289,TB_e_inc_num,COUNTRY,IND,SEAR,South-East Asia,YEAR,2007,,,,,,,,,3 550 000 [1 340 000-6 830 000],3550000,1340000,6830000,,2025-11-11T15:08:09Z,2007,2007-01-01,2007-12-31
1909651,TB_e_inc_num,COUNTRY,VUT,WPR,Western Pacific,YEAR,2018,,,,,,,,,170 [100-350],170,100,350,,2025-11-11T15:08:09Z,2018,2018-01-01,2018-12-31
10103145,TB_e_inc_num,COUNTRY,CYP,EUR,Europe,YEAR,2009,,,,,,,,,77 [62-92],77,62,92,,2025-11-11T15:08:09Z,2009,2009-01-01,2009-12-31
529975,TB_e_inc_num,COUNTRY,FRA,EUR,Europe,YEAR,2006,,,,,,,,,6000 [5800-6300],6000,5800,6300,,2025-11-11T15:08:09Z,2006,2006-01-01,2006-12-31
7022379,TB_e_inc_num,COUNTRY,LKA,SEAR,South-East Asia,YEAR,2011,,,,,,,,,18 000 [11 000-35 000],18000,11000,35000,,2025-11-11T15:08:09Z,2011,2011-01-01,2011-12-31
8703034,TB_e_inc_num,COUNTRY,BWA,AFR,Africa,YEAR,2018,,,,,,,,,7800 [4700-15 000],7800,4700,15000,,2025-11-11T15:08:09Z,2018,2018-01-01,2018-12-31
8728468,TB_e_inc_num,COUNTRY,DJI,EMR,Eastern Mediterranean,YEAR,2023,,,,,,,,,5500 [4500-6600],5500,4500,6600,,2025-11-11T15:08:09Z,2023,2023-01-01,2023-12-31
5786452,TB_e_inc_num,COUNTRY,COL,AMR,Americas,YEAR,2014,,,,,,,,,16 000 [13 000-19 000],16000,13000,19000,,2025-11-11T15:08:09Z,2014,2014-01-01,2014-12-31
5792792,TB_e_inc_num,COUNTRY,GIN,AFR,Africa,YEAR,2006,,,,,,,,,17 000 [9200-39 000],17000,9200,39000,,2025-11-11T15:08:09Z,2006,2006-01-01,2006-12-31
4178622,TB_e_inc_num,COUNTRY,COL,AMR,Americas,YEAR,2017,,,,,,,,,16 000 [13 000-20 000],16000,13000,20000,,2025-11-11T15:08:09Z,2017,2017-01-01,2017-12-31
1093219,TB_e_inc_num,REGION,SEAR,,,YEAR,2004,,,,,,,,,4 560 000 [2 090 000-7 970 000],4560000,2090000,7970000,,2025-11-11T15:08:09Z,2004,2004-01-01,2004-12-31
1105964,TB_e_inc_num,COUNTRY,MCO,EUR,Europe,YEAR,2007,,,,,,,,,0 [0-0],0,0,0,,2025-11-11T15:08:09Z,2007,2007-01-01,2007-12-31
9247872,TB_e_inc_num,COUNTRY,THA,SEAR,South-East Asia,YEAR,2002,,,,,,,,,157 000 [50 000-324 000],157000,50000,324000,,2025-11-11T15:08:09Z,2002,2002-01-01,2002-12-31
7827024,TB_e_inc_num,COUNTRY,ARG,AMR,Americas,YEAR,2000,,,,,,,,,18 000 [15 000-22 000],18000,15000,22000,,2025-11-11T15:08:09Z,2000,2000-01-01,2000-12-31
3076293,TB_e_inc_num,COUNTRY,CZE,EUR,Europe,YEAR,2005,,,,,,,,,1300 [1100-1600],1300,1100,1600,,2025-11-11T15:08:09Z,2005,2005-01-01,2005-12-31
9564988,TB_e_inc_num,COUNTRY,GNQ,AFR,Africa,YEAR,2016,,,,,,,,,3500 [2100-6800],3500,2100,6800,,2025-11-11T15:08:09Z,2016,2016-01-01,2016-12-31
1466530,TB_e_inc_num,COUNTRY,ZAF,AFR,Africa,YEAR,2012,,,,,,,,,625 000 [297 000-1 070 000],625000,297000,1070000,,2025-11-11T15:08:09Z,2012,2012-01-01,2012-12-31
9596747,TB_e_inc_num,COUNTRY,USA,AMR,Americas,YEAR,2006,,,,,,,,,17 000 [14 000-21 000],17000,14000,21000,,2025-11-11T15:08:09Z,2006,2006-01-01,2006-12-31
6439347,TB_e_inc_num,COUNTRY,TUR,EUR,Europe,YEAR,2020,,,,,,,,,14 000 [11 000-17 000],14000,11000,17000,,2025-11-11T15:08:09Z,2020,2020-01-01,2020-12-31
3221838,TB_e_inc_num,COUNTRY,IRL,EUR,Europe,YEAR,2016,,,,,,,,,360 [290-430],360,290,430,,2025-11-11T15:08:09Z,2016,2016-01-01,2016-12-31
4867969,TB_e_inc_num,COUNTRY,MHL,WPR,Western Pacific,YEAR,2001,,,,,,,,,160 [130-190],160,130,190,,2025-11-11T15:08:09Z,2001,2001-01-01,2001-12-31
9748884,TB_e_inc_num,COUNTRY,LBR,AFR,Africa,YEAR,2021,,,,,,,,,12 000 [7500-23 000],12000,7500,23000,,2025-11-11T15:08:09Z,2021,2021-01-01,2021-12-31
8140948,TB_e_inc_num,COUNTRY,TON,WPR,Western Pacific,YEAR,2017,,,,,,,,,11 [9-13],11,9,13,,2025-11-11T15:08:09Z,2017,2017-01-01,2017-12-31
9767872,TB_e_inc_num,COUNTRY,PRI,AMR,Americas,YEAR,2016,,,,,,,,,87 [71-100],87,71,100,,2025-11-11T15:08:09Z,2016,2016-01-01,2016-12-31
1694512,TB_e_inc_num,REGION,AMR,,,YEAR,2015,,,,,,,,,291 000 [271 000-313 000],291000,271000,313000,,2025-11-11T15:08:09Z,2015,2015-01-01,2015-12-31
125523,TB_e_inc_num,COUNTRY,JAM,AMR,Americas,YEAR,2001,,,,,,,,,280 [230-340],280,230,340,,2025-11-11T15:08:09Z,2001,2001-01-01,2001-12-31
6680394,TB_e_inc_num,COUNTRY,SVK,EUR,Europe,YEAR,2005,,,,,,,,,1000 [830-1200],1000,830,1200,,2025-11-11T15:08:09Z,2005,2005-01-01,2005-12-31
3506807,TB_e_inc_num,COUNTRY,SUR,AMR,Americas,YEAR,2001,,,,,,,,,180 [150-220],180,150,220,,2025-11-11T15:08:09Z,2001,2001-01-01,2001-12-31
334561,TB_e_inc_num,COUNTRY,ECU,AMR,Americas,YEAR,2010,,,,,,,,,7500 [6100-9000],7500,6100,9000,,2025-11-11T15:08:09Z,2010,2010-01-01,2010-12-31
3576358,TB_e_inc_num,COUNTRY,ZWE,AFR,Africa,YEAR,2021,,,,,,,,,31 000 [22 000-41 000],31000,22000,41000,,2025-11-11T15:08:09Z,2021,2021-01-01,2021-12-31
5279890,TB_e_inc_num,COUNTRY,NIU,WPR,Western Pacific,YEAR,2008,,,,,,,,,0 [0-0],0,0,0,,2025-11-11T15:08:09Z,2008,2008-01-01,2008-12-31
5286216,TB_e_inc_num,COUNTRY,BLZ,AMR,Americas,YEAR,2009,,,,,,,,,150 [120-180],150,120,180,,2025-11-11T15:08:09Z,2009,2009-01-01,2009-12-31
3683892,TB_e_inc_num,COUNTRY,BIH,EUR,Europe,YEAR,2013,,,,,,,,,2000 [1600-2400],2000,1600,2400,,2025-11-11T15:08:09Z,2013,2013-01-01,2013-12-31
3741055,TB_e_inc_num,COUNTRY,BGR,EUR,Europe,YEAR,2007,,,,,,,,,4900 [4000-5900],4900,4000,5900,,2025-11-11T15:08:09Z,2007,2007-01-01,2007-12-31
2168729,TB_e_inc_num,COUNTRY,SSD,AFR,Africa,YEAR,2022,,,,,,,,,37 000 [23 000-69 000],37000,23000,69000,,2025-11-11T15:08:09Z,2022,2022-01-01,2022-12-31
681134,TB_e_inc_num,COUNTRY,TUN,EMR,Eastern Mediterranean,YEAR,2005,,,,,,,,,3900 [3200-4700],3900,3200,4700,,2025-11-11T15:08:09Z,2005,2005-01-01,2005-12-31
719182,TB_e_inc_num,COUNTRY,MNE,EUR,Europe,YEAR,2012,,,,,,,,,150 [120-180],150,120,180,,2025-11-11T15:08:09Z,2012,2012-01-01,2012-12-31
5659767,TB_e_inc_num,COUNTRY,SLB,WPR,Western Pacific,YEAR,2004,,,,,,,,,1300 [1100-1600],1300,1100,1600,,2025-11-11T15:08:09Z,2004,2004-01-01,2004-12-31
4064471,TB_e_inc_num,COUNTRY,DMA,AMR,Americas,YEAR,2018,,,,,,,,,4 [3-5],4,3,5,,2025-11-11T15:08:09Z,2018,2018-01-01,2018-12-31
5780109,TB_e_inc_num,COUNTRY,TGO,AFR,Africa,YEAR,2012,,,,,,,,,5400 [3100-12 000],5400,3100,12000,,2025-11-11T15:08:09Z,2012,2012-01-01,2012-12-31
4223166,TB_e_inc_num,WORLDBANKINCOMEGROUP,WB_HI,,,YEAR,2000,,,,,,,,,435 000 [335 000-547 000],435000,335000,547000,,2025-11-11T15:08:09Z,2000,2000-01-01,2000-12-31
9083186,TB_e_inc_num,COUNTRY,GHA,AFR,Africa,YEAR,2019,,,,,,,,,45 000 [22 000-76 000],45000,22000,76000,,2025-11-11T15:08:09Z,2019,2019-01-01,2019-12-31
9121219,TB_e_inc_num,COUNTRY,JAM,AMR,Americas,YEAR,2024,,,,,,,,,64 [52-78],64,52,78,,2025-11-11T15:08:09Z,2024,2024-01-01,2024-12-31
1099589,TB_e_inc_num,COUNTRY,FRA,EUR,Europe,YEAR,2011,,,,,,,,,5700 [5500-5900],5700,5500,5900,,2025-11-11T15:08:09Z,2011,2011-01-01,2011-12-31
9387516,TB_e_inc_num,COUNTRY,NER,AFR,Africa,YEAR,2024,,,,,,,,,23 000 [14 000-44 000],23000,14000,44000,,2025-11-11T15:08:09Z,2024,2024-01-01,2024-12-31
2992009,TB_e_inc_num,COUNTRY,JPN,WPR,Western Pacific,YEAR,2011,,,,,,,,,28 000 [22 000-33 000],28000,22000,33000,,2025-11-11T15:08:09Z,2011,2011-01-01,2011-12-31
7896529,TB_e_inc_num,COUNTRY,SAU,EMR,Eastern Mediterranean,YEAR,2010,,,,,,,,,4900 [4400-5400],4900,4400,5400,,2025-11-11T15:08:09Z,2010,2010-01-01,2010-12-31
3076314,TB_e_inc_num,COUNTRY,SLB,WPR,Western Pacific,YEAR,2008,,,,,,,,,1200 [990-1500],1200,990,1500,,2025-11-11T15:08:09Z,2008,2008-01-01,2008-12-31
3088807,TB_e_inc_num,COUNTRY,SGP,WPR,Western Pacific,YEAR,2020,,,,,,,,,2700 [2200-3200],2700,2200,3200,,2025-11-11T15:08:09Z,2020,2020-01-01,2020-12-31
3424531,TB_e_inc_num,COUNTRY,ISR,EUR,Europe,YEAR,2008,,,,,,,,,420 [340-500],420,340,500,,2025-11-11T15:08:09Z,2008,2008-01-01,2008-12-31
3449721,TB_e_inc_num,COUNTRY,PHL,WPR,Western Pacific,YEAR,2010,,,,,,,,,512 000 [287 000-800 000],512000,287000,800000,,2025-11-11T15:08:09Z,2010,2010-01-01,2010-12-31
1992210,TB_e_inc_num,COUNTRY,GRC,EUR,Europe,YEAR,2021,,,,,,,,,240 [200-290],240,200,290,,2025-11-11T15:08:09Z,2021,2021-01-01,2021-12-31
10115916,TB_e_inc_num,COUNTRY,BTN,SEAR,South-East Asia,YEAR,2019,,,,,,,,,1700 [1400-2100],1700,1400,2100,,2025-11-11T15:08:09Z,2019,2019-01-01,2019-12-31
3696609,TB_e_inc_num,COUNTRY,TTO,AMR,Americas,YEAR,2022,,,,,,,,,330 [270-390],330,270,390,,2025-11-11T15:08:09Z,2022,2022-01-01,2022-12-31
5526784,TB_e_inc_num,COUNTRY,TLS,SEAR,South-East Asia,YEAR,2012,,,,,,,,,6500 [3800-13 000],6500,3800,13000,,2025-11-11T15:08:09Z,2012,2012-01-01,2012-12-31
757229,TB_e_inc_num,COUNTRY,PLW,WPR,Western Pacific,YEAR,2004,,,,,,,,,5 [4-6],5,4,6,,2025-11-11T15:08:09Z,2004,2004-01-01,2004-12-31
7314001,TB_e_inc_num,COUNTRY,BEL,EUR,Europe,YEAR,2018,,,,,,,,,1000 [850-1300],1000,850,1300,,2025-11-11T15:08:09Z,2018,2018-01-01,2018-12-31
7434696,TB_e_inc_num,COUNTRY,TUN,EMR,Eastern Mediterranean,YEAR,2020,,,,,,,,,4900 [4000-5900],4900,4000,5900,,2025-11-11T15:08:09Z,2020,2020-01-01,2020-12-31
4229544,TB_e_inc_num,COUNTRY,SLB,WPR,Western Pacific,YEAR,2024,,,,,,,,,1000 [820-1200],1000,820,1200,,2025-11-11T15:08:09Z,2024,2024-01-01,2024-12-31
7516993,TB_e_inc_num,COUNTRY,TZA,AFR,Africa,YEAR,2021,,,,,,,,,131 000 [58 000-233 000],131000,58000,233000,,2025-11-11T15:08:09Z,2021,2021-01-01,2021-12-31
2693868,TB_e_inc_num,COUNTRY,WSM,WPR,Western Pacific,YEAR,2017,,,,,,,,,30 [24-36],30,24,36,,2025-11-11T15:08:09Z,2017,2017-01-01,2017-12-31
6071904,TB_e_inc_num,COUNTRY,COD,AFR,Africa,YEAR,2015,,,,,,,,,366 000 [224 000-704 000],366000,224000,704000,,2025-11-11T15:08:09Z,2015,2015-01-01,2015-12-31
9533238,TB_e_inc_num,REGION,AMR,,,YEAR,2021,,,,,,,,,311 000 [287 000-336 000],311000,287000,336000,,2025-11-11T15:08:09Z,2021,2021-01-01,2021-12-31
30642,TB_e_inc_num,COUNTRY,ATG,AMR,Americas,YEAR,2019,,,,,,,,,0 [0-0],0,0,0,,2025-11-11T15:08:09Z,2019,2019-01-01,2019-12-31
6648953,TB_e_inc_num,COUNTRY,ITA,EUR,Europe,YEAR,2019,,,,,,,,,3700 [3000-4500],3700,3000,4500,,2025-11-11T15:08:09Z,2019,2019-01-01,2019-12-31
9894263,TB_e_inc_num,COUNTRY,UGA,AFR,Africa,YEAR,2015,,,,,,,,,76 000 [45 000-115 000],76000,45000,115000,,2025-11-11T15:08:09Z,2015,2015-01-01,2015-12-31
8324244,TB_e_inc_num,COUNTRY,UGA,AFR,Africa,YEAR,2018,,,,,,,,,83 000 [49 000-127 000],83000,49000,127000,,2025-11-11T15:08:09Z,2018,2018-01-01,2018-12-31
10001880,TB_e_inc_num,COUNTRY,DJI,EMR,Eastern Mediterranean,YEAR,2011,,,,,,,,,11 000 [8800-13 000],11000,8800,13000,,2025-11-11T15:08:09Z,2011,2011-01-01,2011-12-31
10217329,TB_e_inc_num,COUNTRY,SVK,EUR,Europe,YEAR,2012,,,,,,,,,420 [340-510],420,340,510,,2025-11-11T15:08:09Z,2012,2012-01-01,2012-12-31
523671,TB_e_inc_num,COUNTRY,BIH,EUR,Europe,YEAR,2001,,,,,,,,,5900 [4800-7100],5900,4800,7100,,2025-11-11T15:08:09Z,2001,2001-01-01,2001-12-31
5419072,TB_e_inc_num,COUNTRY,SLV,AMR,Americas,YEAR,2003,,,,,,,,,2600 [2100-3100],2600,2100,3100,,2025-11-11T15:08:09Z,2003,2003-01-01,2003-12-31
5526807,TB_e_inc_num,COUNTRY,SWZ,AFR,Africa,YEAR,2019,,,,,,,,,4300 [2700-6200],4300,2700,6200,,2025-11-11T15:08:09Z,2019,2019-01-01,2019-12-31
8779260,TB_e_inc_num,COUNTRY,QAT,EMR,Eastern Mediterranean,YEAR,2007,,,,,,,,,770 [620-920],770,620,920,,2025-11-11T15:08:09Z,2007,2007-01-01,2007-12-31
3943897,TB_e_inc_num,COUNTRY,QAT,EMR,Eastern Mediterranean,YEAR,2008,,,,,,,,,1000 [830-1200],1000,830,1200,,2025-11-11T15:08:09Z,2008,2008-01-01,2008-12-31
7428370,TB_e_inc_num,COUNTRY,KHM,WPR,Western Pacific,YEAR,2017,,,,,,,,,50 000 [38 000-68 000],50000,38000,68000,,2025-11-11T15:08:09Z,2017,2017-01-01,2017-12-31
7548820,TB_e_inc_num,COUNTRY,AUT,EUR,Europe,YEAR,2011,,,,,,,,,830 [670-1000],830,670,1000,,2025-11-11T15:08:09Z,2011,2011-01-01,2011-12-31
7649666,TB_e_inc_num,COUNTRY,BRA,AMR,Americas,YEAR,2002,,,,,,,,,89 000 [72 000-107 000],89000,72000,107000,,2025-11-11T15:08:09Z,2002,2002-01-01,2002-12-31
1194545,TB_e_inc_num,COUNTRY,DMA,AMR,Americas,YEAR,2007,,,,,,,,,3 [2-4],3,2,4,,2025-11-11T15:08:09Z,2007,2007-01-01,2007-12-31
2858951,TB_e_inc_num,COUNTRY,KEN,AFR,Africa,YEAR,2023,,,,,,,,,119 000 [65 000-190 000],119000,65000,190000,,2025-11-11T15:08:09Z,2023,2023-01-01,2023-12-31
2903431,TB_e_inc_num,COUNTRY,BGR,EUR,Europe,YEAR,2018,,,,,,,,,1800 [1400-2100],1800,1400,2100,,2025-11-11T15:08:09Z,2018,2018-01-01,2018-12-31
1308922,TB_e_inc_num,COUNTRY,HRV,EUR,Europe,YEAR,2010,,,,,,,,,910 [740-1100],910,740,1100,,2025-11-11T15:08:09Z,2010,2010-01-01,2010-12-31
3030111,TB_e_inc_num,COUNTRY,FRA,EUR,Europe,YEAR,2019,,,,,,,,,5900 [5700-6100],5900,5700,6100,,2025-11-11T15:08:09Z,2019,2019-01-01,2019-12-31
4677565,TB_e_inc_num,COUNTRY,MLT,EUR,Europe,YEAR,2010,,,,,,,,,29 [24-35],29,24,35,,2025-11-11T15:08:09Z,2010,2010-01-01,2010-12-31
8007727,TB_e_inc_num,COUNTRY,URY,AMR,Americas,YEAR,2003,,,,,,,,,1000 [820-1200],1000,820,1200,,2025-11-11T15:08:09Z,2003,2003-01-01,2003-12-31
9742601,TB_e_inc_num,COUNTRY,CHN,WPR,Western Pacific,YEAR,2003,,,,,,,,,1 260 000 [1 020 000-1 510 000],1260000,1020000,1510000,,2025-11-11T15:08:09Z,2003,2003-01-01,2003-12-31
150810,TB_e_inc_num,COUNTRY,VNM,WPR,Western Pacific,YEAR,2014,,,,,,,,,188 000 [108 000-290 000],188000,108000,290000,,2025-11-11T15:08:09Z,2014,2014-01-01,2014-12-31
3418210,TB_e_inc_num,COUNTRY,RUS,EUR,Europe,YEAR,2021,,,,,,,,,69 000 [43 000-100 000],69000,43000,100000,,2025-11-11T15:08:09Z,2021,2021-01-01,2021-12-31
1808427,TB_e_inc_num,COUNTRY,PAK,EMR,Eastern Mediterranean,YEAR,2016,,,,,,,,,591 000 [418 000-793 000],591000,418000,793000,,2025-11-11T15:08:09Z,2016,2016-01-01,2016-12-31
195191,TB_e_inc_num,COUNTRY,FSM,WPR,Western Pacific,YEAR,2019,,,,,,,,,200 [160-240],200,160,240,,2025-11-11T15:08:09Z,2019,2019-01-01,2019-12-31
3475145,TB_e_inc_num,COUNTRY,GIN,AFR,Africa,YEAR,2010,,,,,,,,,20 000 [11 000-44 000],20000,11000,44000,,2025-11-11T15:08:09Z,2010,2010-01-01,2010-12-31
6845133,TB_e_inc_num,COUNTRY,BEL,EUR,Europe,YEAR,2003,,,,,,,,,1400 [1100-1700],1400,1100,1700,,2025-11-11T15:08:09Z,2003,2003-01-01,2003-12-31
378468,TB_e_inc_num,COUNTRY,DJI,EMR,Eastern Mediterranean,YEAR,2014,,,,,,,,,6500 [5300-7900],6500,5300,7900,,2025-11-11T15:08:09Z,2014,2014-01-01,2014-12-31
10141368,TB_e_inc_num,COUNTRY,LAO,WPR,Western Pacific,YEAR,2016,,,,,,,,,12 000 [7400-18 000],12000,7400,18000,,2025-11-11T15:08:09Z,2016,2016-01-01,2016-12-31
466498,TB_e_inc_num,COUNTRY,ALB,EUR,Europe,YEAR,2011,,,,,,,,,470 [390-570],470,390,570,,2025-11-11T15:08:09Z,2011,2011-01-01,2011-12-31
10198375,TB_e_inc_num,COUNTRY,DJI,EMR,Eastern Mediterranean,YEAR,2018,,,,,,,,,4600 [3800-5600],4600,3800,5600,,2025-11-11T15:08:09Z,2018,2018-01-01,2018-12-31
561839,TB_e_inc_num,COUNTRY,KIR,WPR,Western Pacific,YEAR,2011,,,,,,,,,890 [730-1100],890,730,1100,,2025-11-11T15:08:09Z,2011,2011-01-01,2011-12-31
2206962,TB_e_inc_num,COUNTRY,GNB,AFR,Africa,YEAR,2014,,,,,,,,,3800 [2200-7900],3800,2200,7900,,2025-11-11T15:08:09Z,2014,2014-01-01,2014-12-31
725601,TB_e_inc_num,COUNTRY,OMN,EMR,Eastern Mediterranean,YEAR,2020,,,,,,,,,450 [370-540],450,370,540,,2025-11-11T15:08:09Z,2020,2020-01-01,2020-12-31
757294,TB_e_inc_num,COUNTRY,URY,AMR,Americas,YEAR,2005,,,,,,,,,930 [760-1100],930,760,1100,,2025-11-11T15:08:09Z,2005,2005-01-01,2005-12-31
4077210,TB_e_inc_num,COUNTRY,UKR,EUR,Europe,YEAR,2018,,,,,,,,,37 000 [30 000-45 000],37000,30000,45000,,2025-11-11T15:08:09Z,2018,2018-01-01,2018-12-31
935087,TB_e_inc_num,COUNTRY,CIV,AFR,Africa,YEAR,2007,,,,,,,,,46 000 [26 000-100 000],46000,26000,100000,,2025-11-11T15:08:09Z,2007,2007-01-01,2007-12-31
6027533,TB_e_inc_num,COUNTRY,VUT,WPR,Western Pacific,YEAR,2017,,,,,,,,,190 [110-380],190,110,380,,2025-11-11T15:08:09Z,2017,2017-01-01,2017-12-31
1182058,TB_e_inc_num,COUNTRY,DOM,AMR,Americas,YEAR,2020,,,,,,,,,5100 [4100-6100],5100,4100,6100,,2025-11-11T15:08:09Z,2020,2020-01-01,2020-12-31
7706712,TB_e_inc_num,COUNTRY,MRT,AFR,Africa,YEAR,2021,,,,,,,,,3800 [2300-7200],3800,2300,7200,,2025-11-11T15:08:09Z,2021,2021-01-01,2021-12-31
7732110,TB_e_inc_num,COUNTRY,LKA,SEAR,South-East Asia,YEAR,2003,,,,,,,,,25 000 [11 000-103 000],25000,11000,103000,,2025-11-11T15:08:09Z,2003,2003-01-01,2003-12-31
7738457,TB_e_inc_num,COUNTRY,PNG,WPR,Western Pacific,YEAR,2005,,,,,,,,,44 000 [19 000-250 000],44000,19000,250000,,2025-11-11T15:08:09Z,2005,2005-01-01,2005-12-31
6122346,TB_e_inc_num,COUNTRY,KGZ,EUR,Europe,YEAR,2023,,,,,,,,,9300 [7200-11 000],9300,7200,11000,,2025-11-11T15:08:09Z,2023,2023-01-01,2023-12-31
9368533,TB_e_inc_num,COUNTRY,BEN,AFR,Africa,YEAR,2014,,,,,,,,,7200 [4200-15 000],7200,4200,15000,,2025-11-11T15:08:09Z,2014,2014-01-01,2014-12-31
6229890,TB_e_inc_num,COUNTRY,AGO,AFR,Africa,YEAR,2004,,,,,,,,,87 000 [48 000-203 000],87000,48000,203000,,2025-11-11T15:08:09Z,2004,2004-01-01,2004-12-31
7852298,TB_e_inc_num,COUNTRY,NZL,WPR,Western Pacific,YEAR,2021,,,,,,,,,350 [290-430],350,290,430,,2025-11-11T15:08:09Z,2021,2021-01-01,2021-12-31
6312428,TB_e_inc_num,COUNTRY,TUN,EMR,Eastern Mediterranean,YEAR,2017,,,,,,,,,5000 [4100-6100],5000,4100,6100,,2025-11-11T15:08:09Z,2017,2017-01-01,2017-12-31
1466629,TB_e_inc_num,COUNTRY,MNG,WPR,Western Pacific,YEAR,2002,,,,,,,,,11 000 [5500-18 000],11000,5500,18000,,2025-11-11T15:08:09Z,2002,2002-01-01,2002-12-31
6407753,TB_e_inc_num,COUNTRY,DNK,EUR,Europe,YEAR,2000,,,,,,,,,840 [680-1000],840,680,1000,,2025-11-11T15:08:09Z,2000,2000-01-01,2000-12-31
6534618,TB_e_inc_num,COUNTRY,ARE,EMR,Eastern Mediterranean,YEAR,2009,,,,,,,,,200 [160-240],200,160,240,,2025-11-11T15:08:09Z,2009,2009-01-01,2009-12-31
3683990,TB_e_inc_num,COUNTRY,HRV,EUR,Europe,YEAR,2009,,,,,,,,,1100 [910-1300],1100,910,1300,,2025-11-11T15:08:09Z,2009,2009-01-01,2009-12-31
549128,TB_e_inc_num,COUNTRY,MDG,AFR,Africa,YEAR,2008,,,,,,,,,49 000 [28 000-113 000],49000,28000,113000,,2025-11-11T15:08:09Z,2008,2008-01-01,2008-12-31
5526856,TB_e_inc_num,COUNTRY,KOR,WPR,Western Pacific,YEAR,2000,,,,,,,,,23 000 [22 000-25 000],23000,22000,25000,,2025-11-11T15:08:09Z,2000,2000-01-01,2000-12-31
4280026,TB_e_inc_num,COUNTRY,BRB,AMR,Americas,YEAR,2002,,,,,,,,,5 [4-6],5,4,6,,2025-11-11T15:08:09Z,2002,2002-01-01,2002-12-31
5900787,TB_e_inc_num,COUNTRY,USA,AMR,Americas,YEAR,2021,,,,,,,,,8800 [7100-11 000],8800,7100,11000,,2025-11-11T15:08:09Z,2021,2021-01-01,2021-12-31
2687589,TB_e_inc_num,COUNTRY,MLI,AFR,Africa,YEAR,2004,,,,,,,,,10 000 [5700-24 000],10000,5700,24000,,2025-11-11T15:08:09Z,2004,2004-01-01,2004-12-31
5945208,TB_e_inc_num,COUNTRY,GAB,AFR,Africa,YEAR,2008,,,,,,,,,6900 [4100-14 000],6900,4100,14000,,2025-11-11T15:08:09Z,2008,2008-01-01,2008-12-31
2795497,TB_e_inc_num,COUNTRY,LKA,SEAR,South-East Asia,YEAR,2023,,,,,,,,,13 000 [7900-26 000],13000,7900,26000,,2025-11-11T15:08:09Z,2023,2023-01-01,2023-12-31
4633595,TB_e_inc_num,COUNTRY,MDG,AFR,Africa,YEAR,2020,,,,,,,,,62 000 [38 000-119 000],62000,38000,119000,,2025-11-11T15:08:09Z,2020,2020-01-01,2020-12-31
4639942,TB_e_inc_num,COUNTRY,DMA,AMR,Americas,YEAR,2010,,,,,,,,,8 [7-10],8,7,10,,2025-11-11T15:08:09Z,2010,2010-01-01,2010-12-31
7979109,TB_e_inc_num,COUNTRY,COL,AMR,Americas,YEAR,2013,,,,,,,,,17 000 [13 000-20 000],17000,13000,20000,,2025-11-11T15:08:09Z,2013,2013-01-01,2013-12-31
8083819,TB_e_inc_num,COUNTRY,SAU,EMR,Eastern Mediterranean,YEAR,2000,,,,,,,,,3800 [3400-4200],3800,3400,4200,,2025-11-11T15:08:09Z,2000,2000-01-01,2000-12-31
3285386,TB_e_inc_num,COUNTRY,BEN,AFR,Africa,YEAR,2005,,,,,,,,,7000 [3900-16 000],7000,3900,16000,,2025-11-11T15:08:09Z,2005,2005-01-01,2005-12-31
6534656,TB_e_inc_num,COUNTRY,CHE,EUR,Europe,YEAR,2016,,,,,,,,,670 [550-810],670,550,810,,2025-11-11T15:08:09Z,2016,2016-01-01,2016-12-31
9894338,TB_e_inc_num,COUNTRY,SLE,AFR,Africa,YEAR,2020,,,,,,,,,32 000 [20 000-61 000],32000,20000,61000,,2025-11-11T15:08:09Z,2020,2020-01-01,2020-12-31
6724936,TB_e_inc_num,COUNTRY,MCO,EUR,Europe,YEAR,2000,,,,,,,,,0 [0-0],0,0,0,,2025-11-11T15:08:09Z,2000,2000-01-01,2000-12-31
8450845,TB_e_inc_num,COUNTRY,ROU,EUR,Europe,YEAR,2020,,,,,,,,,14 000 [11 000-16 000],14000,11000,16000,,2025-11-11T15:08:09Z,2020,2020-01-01,2020-12-31
397553,TB_e_inc_num,COUNTRY,AFG,EMR,Eastern Mediterranean,YEAR,2016,,,,,,,,,71 000 [43 000-138 000],71000,43000,138000,,2025-11-11T15:08:09Z,2016,2016-01-01,2016-12-31
8577844,TB_e_inc_num,COUNTRY,KOR,WPR,Western Pacific,YEAR,2001,,,,,,,,,40 000 [37 000-43 000],40000,37000,43000,,2025-11-11T15:08:09Z,2001,2001-01-01,2001-12-31
5507805,TB_e_inc_num,COUNTRY,KWT,EMR,Eastern Mediterranean,YEAR,2008,,,,,,,,,1200 [950-1400],1200,950,1400,,2025-11-11T15:08:09Z,2008,2008-01-01,2008-12-31
2391003,TB_e_inc_num,COUNTRY,DNK,EUR,Europe,YEAR,2008,,,,,,,,,440 [360-530],440,360,530,,2025-11-11T15:08:09Z,2008,2008-01-01,2008-12-31
4039173,TB_e_inc_num,COUNTRY,SOM,EMR,Eastern Mediterranean,YEAR,2022,,,,,,,,,29 000 [17 000-57 000],29000,17000,57000,,2025-11-11T15:08:09Z,2022,2022-01-01,2022-12-31
5691471,TB_e_inc_num,COUNTRY,CUB,AMR,Americas,YEAR,2020,,,,,,,,,690 [560-840],690,560,840,,2025-11-11T15:08:09Z,2020,2020-01-01,2020-12-31
1004926,TB_e_inc_num,COUNTRY,BOL,AMR,Americas,YEAR,2014,,,,,,,,,15 000 [12 000-18 000],15000,12000,18000,,2025-11-11T15:08:09Z,2014,2014-01-01,2014-12-31
1099707,TB_e_inc_num,COUNTRY,AGO,AFR,Africa,YEAR,2014,,,,,,,,,122 000 [72 000-256 000],122000,72000,256000,,2025-11-11T15:08:09Z,2014,2014-01-01,2014-12-31
1112482,TB_e_inc_num,COUNTRY,STP,AFR,Africa,YEAR,2004,,,,,,,,,400 [320-480],400,320,480,,2025-11-11T15:08:09Z,2004,2004-01-01,2004-12-31
2782833,TB_e_inc_num,COUNTRY,PSE,EMR,Eastern Mediterranean,YEAR,2006,,,,,,,,,77 [63-93],77,63,93,,2025-11-11T15:08:09Z,2006,2006-01-01,2006-12-31
7719448,TB_e_inc_num,COUNTRY,VEN,AMR,Americas,YEAR,2003,,,,,,,,,13 000 [11 000-16 000],13000,11000,16000,,2025-11-11T15:08:09Z,2003,2003-01-01,2003-12-31
7808151,TB_e_inc_num,COUNTRY,ITA,EUR,Europe,YEAR,2023,,,,,,,,,3200 [2600-3800],3200,2600,3800,,2025-11-11T15:08:09Z,2023,2023-01-01,2023-12-31
1340304,TB_e_inc_num,COUNTRY,SLB,WPR,Western Pacific,YEAR,2012,,,,,,,,,940 [770-1100],940,770,1100,,2025-11-11T15:08:09Z,2012,2012-01-01,2012-12-31
3038370,TB_e_inc_num,COUNTRY,KOR,WPR,Western Pacific,YEAR,2016,,,,,,,,,39 000 [36 000-42 000],39000,36000,42000,,2025-11-11T15:08:09Z,2016,2016-01-01,2016-12-31
9622309,TB_e_inc_num,COUNTRY,MUS,AFR,Africa,YEAR,2000,,,,,,,,,390 [320-470],390,320,470,,2025-11-11T15:08:09Z,2000,2000-01-01,2000-12-31
9679213,TB_e_inc_num,COUNTRY,GUY,AMR,Americas,YEAR,2008,,,,,,,,,1100 [880-1300],1100,880,1300,,2025-11-11T15:08:09Z,2008,2008-01-01,2008-12-31
1624813,TB_e_inc_num,WORLDBANKINCOMEGROUP,WB_LI,,,YEAR,2014,,,,,,,,,1 120 000 [881 000-1 380 000],1120000,881000,1380000,,2025-11-11T15:08:09Z,2014,2014-01-01,2014-12-31
1662923,TB_e_inc_num,COUNTRY,BRA,AMR,Americas,YEAR,2007,,,,,,,,,82 000 [67 000-99 000],82000,67000,99000,,2025-11-11T15:08:09Z,2007,2007-01-01,2007-12-31
1694666,TB_e_inc_num,COUNTRY,WSM,WPR,Western Pacific,YEAR,2010,,,,,,,,,14 [11-17],14,11,17,,2025-11-11T15:08:09Z,2010,2010-01-01,2010-12-31
3418280,TB_e_inc_num,COUNTRY,SGP,WPR,Western Pacific,YEAR,2006,,,,,,,,,2000 [1600-2400],2000,1600,2400,,2025-11-11T15:08:09Z,2006,2006-01-01,2006-12-31
208024,TB_e_inc_num,COUNTRY,ISL,EUR,Europe,YEAR,2018,,,,,,,,,8 [7-10],8,7,10,,2025-11-11T15:08:09Z,2018,2018-01-01,2018-12-31
1827397,TB_e_inc_num,COUNTRY,KEN,AFR,Africa,YEAR,2005,,,,,,,,,225 000 [56 000-510 000],225000,56000,510000,,2025-11-11T15:08:09Z,2005,2005-01-01,2005-12-31
3481565,TB_e_inc_num,COUNTRY,COG,AFR,Africa,YEAR,2006,,,,,,,,,18 000 [10 000-41 000],18000,10000,41000,,2025-11-11T15:08:09Z,2006,2006-01-01,2006-12-31
3538655,TB_e_inc_num,COUNTRY,SYR,EMR,Eastern Mediterranean,YEAR,2008,,,,,,,,,7300 [5900-8800],7300,5900,8800,,2025-11-11T15:08:09Z,2008,2008-01-01,2008-12-31
5184939,TB_e_inc_num,COUNTRY,MKD,EUR,Europe,YEAR,2013,,,,,,,,,470 [380-570],470,380,570,,2025-11-11T15:08:09Z,2013,2013-01-01,2013-12-31
347205,TB_e_inc_num,COUNTRY,MAR,EMR,Eastern Mediterranean,YEAR,2007,,,,,,,,,29 000 [23 000-35 000],29000,23000,35000,,2025-11-11T15:08:09Z,2007,2007-01-01,2007-12-31
10103316,TB_e_inc_num,COUNTRY,TON,WPR,Western Pacific,YEAR,2021,,,,,,,,,7 [6-8],7,6,8,,2025-11-11T15:08:09Z,2021,2021-01-01,2021-12-31
403932,TB_e_inc_num,COUNTRY,PRY,AMR,Americas,YEAR,2013,,,,,,,,,3400 [2700-4100],3400,2700,4100,,2025-11-11T15:08:09Z,2013,2013-01-01,2013-12-31
6914817,TB_e_inc_num,COUNTRY,QAT,EMR,Eastern Mediterranean,YEAR,2022,,,,,,,,,1200 [940-1400],1200,940,1400,,2025-11-11T15:08:09Z,2022,2022-01-01,2022-12-31
6927488,TB_e_inc_num,COUNTRY,SGP,WPR,Western Pacific,YEAR,2016,,,,,,,,,2800 [2300-3400],2800,2300,3400,,2025-11-11T15:08:09Z,2016,2016-01-01,2016-12-31
7060648,TB_e_inc_num,COUNTRY,BHR,EMR,Eastern Mediterranean,YEAR,2008,,,,,,,,,490 [400-590],490,400,590,,2025-11-11T15:08:09Z,2008,2008-01-01,2008-12-31
7073350,TB_e_inc_num,COUNTRY,KWT,EMR,Eastern Mediterranean,YEAR,2006,,,,,,,,,850 [700-1000],850,700,1000,,2025-11-11T15:08:09Z,2006,2006-01-01,2006-12-31
3886909,TB_e_inc_num,COUNTRY,LBY,EMR,Eastern Mediterranean,YEAR,2005,,,,,,,,,3700 [2200-7700],3700,2200,7700,,2025-11-11T15:08:09Z,2005,2005-01-01,2005-12-31
3912284,TB_e_inc_num,COUNTRY,TON,WPR,Western Pacific,YEAR,2011,,,,,,,,,9 [7-11],9,7,11,,2025-11-11T15:08:09Z,2011,2011-01-01,2011-12-31
700300,TB_e_inc_num,COUNTRY,TJK,EUR,Europe,YEAR,2008,,,,,,,,,14 000 [11 000-17 000],14000,11000,17000,,2025-11-11T15:08:09Z,2008,2008-01-01,2008-12-31
4140664,TB_e_inc_num,COUNTRY,BHR,EMR,Eastern Mediterranean,YEAR,2016,,,,,,,,,220 [180-260],220,180,260,,2025-11-11T15:08:09Z,2016,2016-01-01,2016-12-31
5862777,TB_e_inc_num,COUNTRY,SWE,EUR,Europe,YEAR,2008,,,,,,,,,660 [540-800],660,540,800,,2025-11-11T15:08:09Z,2008,2008-01-01,2008-12-31
7548901,TB_e_inc_num,COUNTRY,SMR,EUR,Europe,YEAR,2014,,,,,,,,,0 [0-0],0,0,0,,2025-11-11T15:08:09Z,2014,2014-01-01,2014-12-31
9197379,TB_e_inc_num,COUNTRY,CHL,AMR,Americas,YEAR,2012,,,,,,,,,3200 [2600-3800],3200,2600,3800,,2025-11-11T15:08:09Z,2012,2012-01-01,2012-12-31
4374499,TB_e_inc_num,COUNTRY,UKR,EUR,Europe,YEAR,2005,,,,,,,,,98 000 [79 000-118 000],98000,79000,118000,,2025-11-11T15:08:09Z,2005,2005-01-01,2005-12-31
4411929,TB_e_inc_num,COUNTRY,SUR,AMR,Americas,YEAR,2016,,,,,,,,,160 [130-190],160,130,190,,2025-11-11T15:08:09Z,2016,2016-01-01,2016-12-31
1194664,TB_e_inc_num,COUNTRY,SLB,WPR,Western Pacific,YEAR,2013,,,,,,,,,910 [740-1100],910,740,1100,,2025-11-11T15:08:09Z,2013,2013-01-01,2013-12-31
2897201,TB_e_inc_num,COUNTRY,ROU,EUR,Europe,YEAR,2023,,,,,,,,,12 000 [9600-14 000],12000,9600,14000,,2025-11-11T15:08:09Z,2023,2023-01-01,2023-12-31
1283529,TB_e_inc_num,COUNTRY,PRI,AMR,Americas,YEAR,2020,,,,,,,,,36 [29-43],36,29,43,,2025-11-11T15:08:09Z,2020,2020-01-01,2020-12-31
1315363,TB_e_inc_num,COUNTRY,SRB,EUR,Europe,YEAR,2020,,,,,,,,,1500 [1200-1800],1500,1200,1800,,2025-11-11T15:08:09Z,2020,2020-01-01,2020-12-31
7801830,TB_e_inc_num,COUNTRY,KWT,EMR,Eastern Mediterranean,YEAR,2011,,,,,,,,,920 [740-1100],920,740,1100,,2025-11-11T15:08:09Z,2011,2011-01-01,2011-12-31
7801831,TB_e_inc_num,COUNTRY,BRN,WPR,Western Pacific,YEAR,2021,,,,,,,,,300 [240-360],300,240,360,,2025-11-11T15:08:09Z,2021,2021-01-01,2021-12-31
9457473,TB_e_inc_num,COUNTRY,PRY,AMR,Americas,YEAR,2004,,,,,,,,,4700 [3900-5700],4700,3900,5700,,2025-11-11T15:08:09Z,2004,2004-01-01,2004-12-31
1359425,TB_e_inc_num,WORLDBANKINCOMEGROUP,WB_LI,,,YEAR,2007,,,,,,,,,1 050 000 [817 000-1 310 000],1050000,817000,1310000,,2025-11-11T15:08:09Z,2007,2007-01-01,2007-12-31
1428628,TB_e_inc_num,COUNTRY,SWZ,AFR,Africa,YEAR,2000,,,,,,,,,10 000 [2100-24 000],10000,2100,24000,,2025-11-11T15:08:09Z,2000,2000-01-01,2000-12-31
4690334,TB_e_inc_num,COUNTRY,PRT,EUR,Europe,YEAR,2000,,,,,,,,,6100 [5000-7400],6100,5000,7400,,2025-11-11T15:08:09Z,2000,2000-01-01,2000-12-31
1466690,TB_e_inc_num,COUNTRY,BEL,EUR,Europe,YEAR,2015,,,,,,,,,1100 [870-1300],1100,870,1300,,2025-11-11T15:08:09Z,2015,2015-01-01,2015-12-31
7966467,TB_e_inc_num,COUNTRY,BOL,AMR,Americas,YEAR,2016,,,,,,,,,13 000 [10 000-15 000],13000,10000,15000,,2025-11-11T15:08:09Z,2016,2016-01-01,2016-12-31
1605826,TB_e_inc_num,COUNTRY,CPV,AFR,Africa,YEAR,2001,,,,,,,,,780 [630-930],780,630,930,,2025-11-11T15:08:09Z,2001,2001-01-01,2001-12-31
8191647,TB_e_inc_num,COUNTRY,BEN,AFR,Africa,YEAR,2015,,,,,,,,,7100 [4200-15 000],7100,4200,15000,,2025-11-11T15:08:09Z,2015,2015-01-01,2015-12-31
9812255,TB_e_inc_num,COUNTRY,NOR,EUR,Europe,YEAR,2021,,,,,,,,,160 [130-190],160,130,190,,2025-11-11T15:08:09Z,2021,2021-01-01,2021-12-31
3336030,TB_e_inc_num,COUNTRY,TCD,AFR,Africa,YEAR,2006,,,,,,,,,15 000 [7900-36 000],15000,7900,36000,,2025-11-11T15:08:09Z,2006,2006-01-01,2006-12-31
3342355,TB_e_inc_num,COUNTRY,BIH,EUR,Europe,YEAR,2003,,,,,,,,,3500 [2900-4200],3500,2900,4200,,2025-11-11T15:08:09Z,2003,2003-01-01,2003-12-31
3393126,TB_e_inc_num,COUNTRY,SVK,EUR,Europe,YEAR,2003,,,,,,,,,1500 [1200-1800],1500,1200,1800,,2025-11-11T15:08:09Z,2003,2003-01-01,2003-12-31
8311703,TB_e_inc_num,COUNTRY,ERI,AFR,Africa,YEAR,2013,,,,,,,,,7000 [5700-8500],7000,5700,8500,,2025-11-11T15:08:09Z,2013,2013-01-01,2013-12-31
9989320,TB_e_inc_num,COUNTRY,BFA,AFR,Africa,YEAR,2007,,,,,,,,,12 000 [7300-23 000],12000,7300,23000,,2025-11-11T15:08:09Z,2007,2007-01-01,2007-12-31
6775408,TB_e_inc_num,COUNTRY,SYR,EMR,Eastern Mediterranean,YEAR,2000,,,,,,,,,13 000 [11 000-16 000],13000,11000,16000,,2025-11-11T15:08:09Z,2000,2000-01-01,2000-12-31
5172325,TB_e_inc_num,COUNTRY,SWE,EUR,Europe,YEAR,2016,,,,,,,,,830 [670-1000],830,670,1000,,2025-11-11T15:08:09Z,2016,2016-01-01,2016-12-31
384882,TB_e_inc_num,COUNTRY,KGZ,EUR,Europe,YEAR,2024,,,,,,,,,9200 [7100-11 000],9200,7100,11000,,2025-11-11T15:08:09Z,2024,2024-01-01,2024-12-31
3747572,TB_e_inc_num,COUNTRY,IND,SEAR,South-East Asia,YEAR,2002,,,,,,,,,3 510 000 [1 210 000-7 000 000],3510000,1210000,7000000,,2025-11-11T15:08:09Z,2002,2002-01-01,2002-12-31
8615512,TB_e_inc_num,COUNTRY,CRI,AMR,Americas,YEAR,2023,,,,,,,,,490 [390-600],490,390,600,,2025-11-11T15:08:09Z,2023,2023-01-01,2023-12-31
7041574,TB_e_inc_num,COUNTRY,VUT,WPR,Western Pacific,YEAR,2019,,,,,,,,,160 [98-330],160,98,330,,2025-11-11T15:08:09Z,2019,2019-01-01,2019-12-31
7117776,TB_e_inc_num,COUNTRY,MEX,AMR,Americas,YEAR,2007,,,,,,,,,31 000 [25 000-37 000],31000,25000,37000,,2025-11-11T15:08:09Z,2007,2007-01-01,2007-12-31
662477,TB_e_inc_num,WORLDBANKINCOMEGROUP,WB_LI,,,YEAR,2020,,,,,,,,,1 180 000 [918 000-1 470 000],1180000,918000,1470000,,2025-11-11T15:08:09Z,2020,2020-01-01,2020-12-31
2353004,TB_e_inc_num,COUNTRY,LCA,AMR,Americas,YEAR,2005,,,,,,,,,14 [11-17],14,11,17,,2025-11-11T15:08:09Z,2005,2005-01-01,2005-12-31
2587155,TB_e_inc_num,COUNTRY,PRT,EUR,Europe,YEAR,2024,,,,,,,,,1500 [1200-1800],1500,1200,1800,,2025-11-11T15:08:09Z,2024,2024-01-01,2024-12-31
7814526,TB_e_inc_num,COUNTRY,RWA,AFR,Africa,YEAR,2007,,,,,,,,,11 000 [8200-13 000],11000,8200,13000,,2025-11-11T15:08:09Z,2007,2007-01-01,2007-12-31
4671582,TB_e_inc_num,COUNTRY,SYR,EMR,Eastern Mediterranean,YEAR,2022,,,,,,,,,4900 [4000-5900],4900,4000,5900,,2025-11-11T15:08:09Z,2022,2022-01-01,2022-12-31
3070179,TB_e_inc_num,COUNTRY,IRN,EMR,Eastern Mediterranean,YEAR,2004,,,,,,,,,24 000 [20 000-29 000],24000,20000,29000,,2025-11-11T15:08:09Z,2004,2004-01-01,2004-12-31
4690375,TB_e_inc_num,GLOBAL,GLOBAL,,,YEAR,2001,,,,,,,,,11 800 000 [9 010 000-15 000 000],11800000,9010000,15000000,,2025-11-11T15:08:09Z,2001,2001-01-01,2001-12-31
9692047,TB_e_inc_num,COUNTRY,MAR,EMR,Eastern Mediterranean,YEAR,2012,,,,,,,,,32 000 [26 000-39 000],32000,26000,39000,,2025-11-11T15:08:09Z,2012,2012-01-01,2012-12-31
6503012,TB_e_inc_num,COUNTRY,SSD,AFR,Africa,YEAR,2012,,,,,,,,,44 000 [27 000-83 000],44000,27000,83000,,2025-11-11T15:08:09Z,2012,2012-01-01,2012-12-31
68904,TB_e_inc_num,COUNTRY,BRN,WPR,Western Pacific,YEAR,2003,,,,,,,,,400 [330-490],400,330,490,,2025-11-11T15:08:09Z,2003,2003-01-01,2003-12-31
94173,TB_e_inc_num,COUNTRY,NAM,AFR,Africa,YEAR,2015,,,,,,,,,15 000 [9700-22 000],15000,9700,22000,,2025-11-11T15:08:09Z,2015,2015-01-01,2015-12-31
1776754,TB_e_inc_num,COUNTRY,ECU,AMR,Americas,YEAR,2017,,,,,,,,,7500 [6100-9000],7500,6100,9000,,2025-11-11T15:08:09Z,2017,2017-01-01,2017-12-31
8261146,TB_e_inc_num,COUNTRY,EST,EUR,Europe,YEAR,2001,,,,,,,,,1300 [1100-1600],1300,1100,1600,,2025-11-11T15:08:09Z,2001,2001-01-01,2001-12-31
5089930,TB_e_inc_num,COUNTRY,LBY,EMR,Eastern Mediterranean,YEAR,2015,,,,,,,,,2100 [1300-3800],2100,1300,3800,,2025-11-11T15:08:09Z,2015,2015-01-01,2015-12-31
3494332,TB_e_inc_num,COUNTRY,NER,AFR,Africa,YEAR,2009,,,,,,,,,21 000 [12 000-45 000],21000,12000,45000,,2025-11-11T15:08:09Z,2009,2009-01-01,2009-12-31
1973370,TB_e_inc_num,COUNTRY,LTU,EUR,Europe,YEAR,2019,,,,,,,,,1400 [1100-1700],1400,1100,1700,,2025-11-11T15:08:09Z,2019,2019-01-01,2019-12-31
5267429,TB_e_inc_num,REGION,AMR,,,YEAR,2008,,,,,,,,,340 000 [317 000-363 000],340000,317000,363000,,2025-11-11T15:08:09Z,2008,2008-01-01,2008-12-31
10217470,TB_e_inc_num,COUNTRY,VEN,AMR,Americas,YEAR,2006,,,,,,,,,12 000 [9500-14 000],12000,9500,14000,,2025-11-11T15:08:09Z,2006,2006-01-01,2006-12-31
2156449,TB_e_inc_num,COUNTRY,MYS,WPR,Western Pacific,YEAR,2014,,,,,,,,,34 000 [28 000-41 000],34000,28000,41000,,2025-11-11T15:08:09Z,2014,2014-01-01,2014-12-31
8754079,TB_e_inc_num,COUNTRY,CHE,EUR,Europe,YEAR,2009,,,,,,,,,620 [510-750],620,510,750,,2025-11-11T15:08:09Z,2009,2009-01-01,2009-12-31
9178341,TB_e_inc_num,COUNTRY,BEN,AFR,Africa,YEAR,2020,,,,,,,,,6300 [3900-12 000],6300,3900,12000,,2025-11-11T15:08:09Z,2020,2020-01-01,2020-12-31
2789227,TB_e_inc_num,COUNTRY,GRD,AMR,Americas,YEAR,2012,,,,,,,,,1 [1-1],1,1,1,,2025-11-11T15:08:09Z,2012,2012-01-01,2012-12-31
6122461,TB_e_inc_num,COUNTRY,CHL,AMR,Americas,YEAR,2020,,,,,,,,,3000 [2400-3600],3000,2400,3600,,2025-11-11T15:08:09Z,2020,2020-01-01,2020-12-31
9387726,TB_e_inc_num,REGION,WPR,,,YEAR,2010,,,,,,,,,2 830 000 [2 490 000-3 200 000],2830000,2490000,3200000,,2025-11-11T15:08:09Z,2010,2010-01-01,2010-12-31
2935276,TB_e_inc_num,COUNTRY,IRL,EUR,Europe,YEAR,2009,,,,,,,,,560 [460-680],560,460,680,,2025-11-11T15:08:09Z,2009,2009-01-01,2009-12-31
9692072,TB_e_inc_num,COUNTRY,GEO,EUR,Europe,YEAR,2007,,,,,,,,,7600 [6200-9100],7600,6200,9100,,2025-11-11T15:08:09Z,2007,2007-01-01,2007-12-31
43615,TB_e_inc_num,COUNTRY,PRT,EUR,Europe,YEAR,2021,,,,,,,,,1700 [1300-2000],1700,1300,2000,,2025-11-11T15:08:09Z,2021,2021-01-01,2021-12-31
4918837,TB_e_inc_num,COUNTRY,EST,EUR,Europe,YEAR,2016,,,,,,,,,250 [200-300],250,200,300,,2025-11-11T15:08:09Z,2016,2016-01-01,2016-12-31
359819,TB_e_inc_num,COUNTRY,IND,SEAR,South-East Asia,YEAR,2009,,,,,,,,,3 470 000 [1 390 000-6 490 000],3470000,1390000,6490000,,2025-11-11T15:08:09Z,2009,2009-01-01,2009-12-31
8501783,TB_e_inc_num,COUNTRY,GRC,EUR,Europe,YEAR,2018,,,,,,,,,520 [420-620],520,420,620,,2025-11-11T15:08:09Z,2018,2018-01-01,2018-12-31
3747613,TB_e_inc_num,COUNTRY,MKD,EUR,Europe,YEAR,2010,,,,,,,,,630 [510-750],630,510,750,,2025-11-11T15:08:09Z,2010,2010-01-01,2010-12-31
3798379,TB_e_inc_num,COUNTRY,HKG,,,YEAR,2015,,,,,,,,,7200 [5900-8700],7200,5900,8700,,2025-11-11T15:08:09Z,2015,2015-01-01,2015-12-31
7092430,TB_e_inc_num,COUNTRY,SYR,EMR,Eastern Mediterranean,YEAR,2017,,,,,,,,,4600 [3700-5600],4600,3700,5600,,2025-11-11T15:08:09Z,2017,2017-01-01,2017-12-31
5710610,TB_e_inc_num,COUNTRY,LBN,EMR,Eastern Mediterranean,YEAR,2020,,,,,,,,,910 [740-1100],910,740,1100,,2025-11-11T15:08:09Z,2020,2020-01-01,2020-12-31
7377740,TB_e_inc_num,COUNTRY,PRT,EUR,Europe,YEAR,2003,,,,,,,,,5400 [4400-6500],5400,4400,6500,,2025-11-11T15:08:09Z,2003,2003-01-01,2003-12-31
1036279,TB_e_inc_num,COUNTRY,ISL,EUR,Europe,YEAR,2001,,,,,,,,,12 [10-14],12,10,14,,2025-11-11T15:08:09Z,2001,2001-01-01,2001-12-31
6014983,TB_e_inc_num,COUNTRY,TUR,EUR,Europe,YEAR,2009,,,,,,,,,27 000 [22 000-33 000],27000,22000,33000,,2025-11-11T15:08:09Z,2009,2009-01-01,2009-12-31
1182204,TB_e_inc_num,COUNTRY,SVK,EUR,Europe,YEAR,2004,,,,,,,,,980 [800-1200],980,800,1200,,2025-11-11T15:08:09Z,2004,2004-01-01,2004-12-31
4646411,TB_e_inc_num,COUNTRY,PRI,AMR,Americas,YEAR,2021,,,,,,,,,22 [18-27],22,18,27,,2025-11-11T15:08:09Z,2021,2021-01-01,2021-12-31
8039632,TB_e_inc_num,COUNTRY,PRT,EUR,Europe,YEAR,2004,,,,,,,,,4800 [3900-5800],4800,3900,5800,,2025-11-11T15:08:09Z,2004,2004-01-01,2004-12-31
8242305,TB_e_inc_num,COUNTRY,MUS,AFR,Africa,YEAR,2007,,,,,,,,,220 [180-260],220,180,260,,2025-11-11T15:08:09Z,2007,2007-01-01,2007-12-31
163683,TB_e_inc_num,COUNTRY,KNA,AMR,Americas,YEAR,2021,,,,,,,,,0 [0-0],0,0,0,,2025-11-11T15:08:09Z,2021,2021-01-01,2021-12-31
1795894,TB_e_inc_num,COUNTRY,CHE,EUR,Europe,YEAR,2000,,,,,,,,,800 [650-960],800,650,960,,2025-11-11T15:08:09Z,2000,2000-01-01,2000-12-31
6674304,TB_e_inc_num,COUNTRY,NZL,WPR,Western Pacific,YEAR,2016,,,,,,,,,350 [280-420],350,280,420,,2025-11-11T15:08:09Z,2016,2016-01-01,2016-12-31
271522,TB_e_inc_num,COUNTRY,HRV,EUR,Europe,YEAR,2022,,,,,,,,,260 [210-310],260,210,310,,2025-11-11T15:08:09Z,2022,2022-01-01,2022-12-31
10109775,TB_e_inc_num,COUNTRY,PSE,EMR,Eastern Mediterranean,YEAR,2002,,,,,,,,,110 [86-130],110,86,130,,2025-11-11T15:08:09Z,2002,2002-01-01,2002-12-31
3804727,TB_e_inc_num,COUNTRY,USA,AMR,Americas,YEAR,2018,,,,,,,,,10 000 [8100-12 000],10000,8100,12000,,2025-11-11T15:08:09Z,2018,2018-01-01,2018-12-31
5501579,TB_e_inc_num,COUNTRY,AUT,EUR,Europe,YEAR,2023,,,,,,,,,480 [390-580],480,390,580,,2025-11-11T15:08:09Z,2023,2023-01-01,2023-12-31
2333968,TB_e_inc_num,COUNTRY,ITA,EUR,Europe,YEAR,2010,,,,,,,,,5700 [4700-6900],5700,4700,6900,,2025-11-11T15:08:09Z,2010,2010-01-01,2010-12-31
3988564,TB_e_inc_num,COUNTRY,GBR,EUR,Europe,YEAR,2017,,,,,,,,,5900 [5500-6400],5900,5500,6400,,2025-11-11T15:08:09Z,2017,2017-01-01,2017-12-31
5710633,TB_e_inc_num,COUNTRY,MHL,WPR,Western Pacific,YEAR,2011,,,,,,,,,260 [210-310],260,210,310,,2025-11-11T15:08:09Z,2011,2011-01-01,2011-12-31
2498299,TB_e_inc_num,COUNTRY,BHR,EMR,Eastern Mediterranean,YEAR,2004,,,,,,,,,420 [340-510],420,340,510,,2025-11-11T15:08:09Z,2004,2004-01-01,2004-12-31
7365077,TB_e_inc_num,COUNTRY,JOR,EMR,Eastern Mediterranean,YEAR,2007,,,,,,,,,510 [410-610],510,410,610,,2025-11-11T15:08:09Z,2007,2007-01-01,2007-12-31
910008,TB_e_inc_num,COUNTRY,FSM,WPR,Western Pacific,YEAR,2009,,,,,,,,,360 [290-440],360,290,440,,2025-11-11T15:08:09Z,2009,2009-01-01,2009-12-31
9115122,TB_e_inc_num,COUNTRY,MEX,AMR,Americas,YEAR,2011,,,,,,,,,31 000 [25 000-37 000],31000,25000,37000,,2025-11-11T15:08:09Z,2011,2011-01-01,2011-12-31
1055444,TB_e_inc_num,COUNTRY,CAF,AFR,Africa,YEAR,2016,,,,,,,,,23 000 [14 000-44 000],23000,14000,44000,,2025-11-11T15:08:09Z,2016,2016-01-01,2016-12-31
2694103,TB_e_inc_num,COUNTRY,ATG,AMR,Americas,YEAR,2020,,,,,,,,,2 [2-2],2,2,2,,2025-11-11T15:08:09Z,2020,2020-01-01,2020-12-31
1169627,TB_e_inc_num,COUNTRY,AGO,AFR,Africa,YEAR,2008,,,,,,,,,108 000 [61 000-237 000],108000,61000,237000,,2025-11-11T15:08:09Z,2008,2008-01-01,2008-12-31
6034001,TB_e_inc_num,COUNTRY,FSM,WPR,Western Pacific,YEAR,2003,,,,,,,,,340 [280-410],340,280,410,,2025-11-11T15:08:09Z,2003,2003-01-01,2003-12-31
4589200,TB_e_inc_num,COUNTRY,HUN,EUR,Europe,YEAR,2022,,,,,,,,,560 [450-670],560,450,670,,2025-11-11T15:08:09Z,2022,2022-01-01,2022-12-31
2992248,TB_e_inc_num,COUNTRY,GIN,AFR,Africa,YEAR,2007,,,,,,,,,18 000 [9800-41 000],18000,9800,41000,,2025-11-11T15:08:09Z,2007,2007-01-01,2007-12-31
9546178,TB_e_inc_num,COUNTRY,SVK,EUR,Europe,YEAR,2018,,,,,,,,,330 [270-400],330,270,400,,2025-11-11T15:08:09Z,2018,2018-01-01,2018-12-31
3165106,TB_e_inc_num,COUNTRY,MMR,SEAR,South-East Asia,YEAR,2014,,,,,,,,,208 000 [112 000-334 000],208000,112000,334000,,2025-11-11T15:08:09Z,2014,2014-01-01,2014-12-31
4798426,TB_e_inc_num,COUNTRY,JOR,EMR,Eastern Mediterranean,YEAR,2009,,,,,,,,,540 [440-660],540,440,660,,2025-11-11T15:08:09Z,2009,2009-01-01,2009-12-31
8071478,TB_e_inc_num,COUNTRY,SEN,AFR,Africa,YEAR,2016,,,,,,,,,24 000 [14 000-47 000],24000,14000,47000,,2025-11-11T15:08:09Z,2016,2016-01-01,2016-12-31
1656689,TB_e_inc_num,COUNTRY,LKA,SEAR,South-East Asia,YEAR,2005,,,,,,,,,23 000 [12 000-65 000],23000,12000,65000,,2025-11-11T15:08:09Z,2005,2005-01-01,2005-12-31
1694779,TB_e_inc_num,COUNTRY,NAM,AFR,Africa,YEAR,2013,,,,,,,,,16 000 [9600-24 000],16000,9600,24000,,2025-11-11T15:08:09Z,2013,2013-01-01,2013-12-31
9818750,TB_e_inc_num,COUNTRY,ARE,EMR,Eastern Mediterranean,YEAR,2012,,,,,,,,,130 [100-150],130,100,150,,2025-11-11T15:08:09Z,2012,2012-01-01,2012-12-31
4995050,TB_e_inc_num,COUNTRY,DZA,AFR,Africa,YEAR,2020,,,,,,,,,23 000 [19 000-28 000],23000,19000,28000,,2025-11-11T15:08:09Z,2020,2020-01-01,2020-12-31
3418397,TB_e_inc_num,COUNTRY,BEL,EUR,Europe,YEAR,2008,,,,,,,,,1200 [940-1400],1200,940,1400,,2025-11-11T15:08:09Z,2008,2008-01-01,2008-12-31
3500748,TB_e_inc_num,REGION,EUR,,,YEAR,2020,,,,,,,,,237 000 [208 000-268 000],237000,208000,268000,,2025-11-11T15:08:09Z,2020,2020-01-01,2020-12-31
3639940,TB_e_inc_num,COUNTRY,BRA,AMR,Americas,YEAR,2018,,,,,,,,,93 000 [75 000-112 000],93000,75000,112000,,2025-11-11T15:08:09Z,2018,2018-01-01,2018-12-31
8590479,TB_e_inc_num,COUNTRY,LBY,EMR,Eastern Mediterranean,YEAR,2024,,,,,,,,,4700 [2700-10 000],4700,2700,10000,,2025-11-11T15:08:09Z,2024,2024-01-01,2024-12-31
5444692,TB_e_inc_num,COUNTRY,BWA,AFR,Africa,YEAR,2007,,,,,,,,,14 000 [8000-28 000],14000,8000,28000,,2025-11-11T15:08:09Z,2007,2007-01-01,2007-12-31
3868149,TB_e_inc_num,COUNTRY,GEO,EUR,Europe,YEAR,2011,,,,,,,,,6400 [5200-7700],6400,5200,7700,,2025-11-11T15:08:09Z,2011,2011-01-01,2011-12-31
2353103,TB_e_inc_num,COUNTRY,TKM,EUR,Europe,YEAR,2007,,,,,,,,,5800 [4700-7000],5800,4700,7000,,2025-11-11T15:08:09Z,2007,2007-01-01,2007-12-31
8886750,TB_e_inc_num,COUNTRY,NLD,EUR,Europe,YEAR,2017,,,,,,,,,890 [760-1000],890,760,1000,,2025-11-11T15:08:09Z,2017,2017-01-01,2017-12-31
2435614,TB_e_inc_num,COUNTRY,BOL,AMR,Americas,YEAR,2023,,,,,,,,,13 000 [10 000-16 000],13000,10000,16000,,2025-11-11T15:08:09Z,2023,2023-01-01,2023-12-31
7358760,TB_e_inc_num,COUNTRY,ATG,AMR,Americas,YEAR,2017,,,,,,,,,1 [1-1],1,1,1,,2025-11-11T15:08:09Z,2017,2017-01-01,2017-12-31
4153502,TB_e_inc_num,COUNTRY,COD,AFR,Africa,YEAR,2006,,,,,,,,,329 000 [201 000-632 000],329000,201000,632000,,2025-11-11T15:08:09Z,2006,2006-01-01,2006-12-31
9070759,TB_e_inc_num,COUNTRY,USA,AMR,Americas,YEAR,2005,,,,,,,,,18 000 [14 000-21 000],18000,14000,21000,,2025-11-11T15:08:09Z,2005,2005-01-01,2005-12-31
7466674,TB_e_inc_num,COUNTRY,DEU,EUR,Europe,YEAR,2022,,,,,,,,,4300 [3900-4700],4300,3900,4700,,2025-11-11T15:08:09Z,2022,2022-01-01,2022-12-31
5875568,TB_e_inc_num,COUNTRY,ARM,EUR,Europe,YEAR,2015,,,,,,,,,1800 [1500-2200],1800,1500,2200,,2025-11-11T15:08:09Z,2015,2015-01-01,2015-12-31
1087166,TB_e_inc_num,COUNTRY,KIR,WPR,Western Pacific,YEAR,2003,,,,,,,,,1100 [930-1400],1100,930,1400,,2025-11-11T15:08:09Z,2003,2003-01-01,2003-12-31
7662521,TB_e_inc_num,COUNTRY,RWA,AFR,Africa,YEAR,2010,,,,,,,,,8500 [6200-11 000],8500,6200,11000,,2025-11-11T15:08:09Z,2010,2010-01-01,2010-12-31
7719601,TB_e_inc_num,COUNTRY,MRT,AFR,Africa,YEAR,2010,,,,,,,,,4900 [2800-11 000],4900,2800,11000,,2025-11-11T15:08:09Z,2010,2010-01-01,2010-12-31
9470241,TB_e_inc_num,COUNTRY,BWA,AFR,Africa,YEAR,2005,,,,,,,,,15 000 [8400-31 000],15000,8400,31000,,2025-11-11T15:08:09Z,2005,2005-01-01,2005-12-31
4861938,TB_e_inc_num,COUNTRY,COK,WPR,Western Pacific,YEAR,2005,,,,,,,,,1 [1-1],1,1,1,,2025-11-11T15:08:09Z,2005,2005-01-01,2005-12-31
4956991,TB_e_inc_num,COUNTRY,UKR,EUR,Europe,YEAR,2004,,,,,,,,,101 000 [82 000-122 000],101000,82000,122000,,2025-11-11T15:08:09Z,2004,2004-01-01,2004-12-31
9976740,TB_e_inc_num,COUNTRY,ETH,AFR,Africa,YEAR,2000,,,,,,,,,330 000 [191 000-505 000],330000,191000,505000,,2025-11-11T15:08:09Z,2000,2000-01-01,2000-12-31
3526163,TB_e_inc_num,COUNTRY,KGZ,EUR,Europe,YEAR,2022,,,,,,,,,9200 [7200-11 000],9200,7200,11000,,2025-11-11T15:08:09Z,2022,2022-01-01,2022-12-31
448425,TB_e_inc_num,COUNTRY,SVN,EUR,Europe,YEAR,2018,,,,,,,,,120 [95-140],120,95,140,,2025-11-11T15:08:09Z,2018,2018-01-01,2018-12-31
5368504,TB_e_inc_num,COUNTRY,NRU,WPR,Western Pacific,YEAR,2006,,,,,,,,,12 [10-14],12,10,14,,2025-11-11T15:08:09Z,2006,2006-01-01,2006-12-31
8634649,TB_e_inc_num,COUNTRY,ARM,EUR,Europe,YEAR,2012,,,,,,,,,2000 [1700-2500],2000,1700,2500,,2025-11-11T15:08:09Z,2012,2012-01-01,2012-12-31
599754,TB_e_inc_num,WORLDBANKINCOMEGROUP,WB_UMI,,,YEAR,2013,,,,,,,,,3 010 000 [2 610 000-3 440 000],3010000,2610000,3440000,,2025-11-11T15:08:09Z,2013,2013-01-01,2013-12-31
2340385,TB_e_inc_num,COUNTRY,SUR,AMR,Americas,YEAR,2023,,,,,,,,,200 [160-240],200,160,240,,2025-11-11T15:08:09Z,2023,2023-01-01,2023-12-31
732129,TB_e_inc_num,COUNTRY,GEO,EUR,Europe,YEAR,2005,,,,,,,,,8100 [6600-9700],8100,6600,9700,,2025-11-11T15:08:09Z,2005,2005-01-01,2005-12-31
782964,TB_e_inc_num,COUNTRY,AZE,EUR,Europe,YEAR,2024,,,,,,,,,6600 [5200-8300],6600,5200,8300,,2025-11-11T15:08:09Z,2024,2024-01-01,2024-12-31
4058419,TB_e_inc_num,COUNTRY,BHS,AMR,Americas,YEAR,2003,,,,,,,,,65 [53-78],65,53,78,,2025-11-11T15:08:09Z,2003,2003-01-01,2003-12-31
5704335,TB_e_inc_num,COUNTRY,LSO,AFR,Africa,YEAR,2018,,,,,,,,,14 000 [8900-21 000],14000,8900,21000,,2025-11-11T15:08:09Z,2018,2018-01-01,2018-12-31
5729729,TB_e_inc_num,COUNTRY,LTU,EUR,Europe,YEAR,2018,,,,,,,,,1500 [1200-1800],1500,1200,1800,,2025-11-11T15:08:09Z,2018,2018-01-01,2018-12-31
4223459,TB_e_inc_num,COUNTRY,PSE,EMR,Eastern Mediterranean,YEAR,2009,,,,,,,,,60 [49-73],60,49,73,,2025-11-11T15:08:09Z,2009,2009-01-01,2009-12-31
6141451,TB_e_inc_num,COUNTRY,KIR,WPR,Western Pacific,YEAR,2001,,,,,,,,,820 [670-990],820,670,990,,2025-11-11T15:08:09Z,2001,2001-01-01,2001-12-31
9470273,TB_e_inc_num,COUNTRY,LKA,SEAR,South-East Asia,YEAR,2017,,,,,,,,,14 000 [8600-25 000],14000,8600,25000,,2025-11-11T15:08:09Z,2017,2017-01-01,2017-12-31
7858877,TB_e_inc_num,COUNTRY,SWE,EUR,Europe,YEAR,2001,,,,,,,,,560 [450-670],560,450,670,,2025-11-11T15:08:09Z,2001,2001-01-01,2001-12-31
2998622,TB_e_inc_num,COUNTRY,CAF,AFR,Africa,YEAR,2001,,,,,,,,,26 000 [16 000-49 000],26000,16000,49000,,2025-11-11T15:08:09Z,2001,2001-01-01,2001-12-31
1555192,TB_e_inc_num,COUNTRY,IRQ,EMR,Eastern Mediterranean,YEAR,2004,,,,,,,,,16 000 [13 000-19 000],16000,13000,19000,,2025-11-11T15:08:09Z,2004,2004-01-01,2004-12-31
3323494,TB_e_inc_num,COUNTRY,PER,AMR,Americas,YEAR,2002,,,,,,,,,81 000 [66 000-97 000],81000,66000,97000,,2025-11-11T15:08:09Z,2002,2002-01-01,2002-12-31
227259,TB_e_inc_num,COUNTRY,STP,AFR,Africa,YEAR,2012,,,,,,,,,250 [200-300],250,200,300,,2025-11-11T15:08:09Z,2012,2012-01-01,2012-12-31
1846643,TB_e_inc_num,COUNTRY,DMA,AMR,Americas,YEAR,2022,,,,,,,,,0 [0-0],0,0,0,,2025-11-11T15:08:09Z,2022,2022-01-01,2022-12-31
6712435,TB_e_inc_num,COUNTRY,SEN,AFR,Africa,YEAR,2005,,,,,,,,,21 000 [12 000-47 000],21000,12000,47000,,2025-11-11T15:08:09Z,2005,2005-01-01,2005-12-31
5153374,TB_e_inc_num,COUNTRY,CRI,AMR,Americas,YEAR,2001,,,,,,,,,1000 [830-1200],1000,830,1200,,2025-11-11T15:08:09Z,2001,2001-01-01,2001-12-31
3545175,TB_e_inc_num,COUNTRY,GHA,AFR,Africa,YEAR,2013,,,,,,,,,46 000 [19 000-84 000],46000,19000,84000,,2025-11-11T15:08:09Z,2013,2013-01-01,2013-12-31
5248528,TB_e_inc_num,COUNTRY,CHN,WPR,Western Pacific,YEAR,2014,,,,,,,,,928 000 [755 000-1 120 000],928000,755000,1120000,,2025-11-11T15:08:09Z,2014,2014-01-01,2014-12-31
10166815,TB_e_inc_num,COUNTRY,ALB,EUR,Europe,YEAR,2000,,,,,,,,,680 [550-820],680,550,820,,2025-11-11T15:08:09Z,2000,2000-01-01,2000-12-31
479441,TB_e_inc_num,COUNTRY,AUT,EUR,Europe,YEAR,2015,,,,,,,,,670 [550-810],670,550,810,,2025-11-11T15:08:09Z,2015,2015-01-01,2015-12-31
2321283,TB_e_inc_num,COUNTRY,WSM,WPR,Western Pacific,YEAR,2015,,,,,,,,,19 [15-23],19,15,23,,2025-11-11T15:08:09Z,2015,2015-01-01,2015-12-31
3982269,TB_e_inc_num,COUNTRY,ISL,EUR,Europe,YEAR,2011,,,,,,,,,8 [7-10],8,7,10,,2025-11-11T15:08:09Z,2011,2011-01-01,2011-12-31
2612739,TB_e_inc_num,COUNTRY,GNB,AFR,Africa,YEAR,2016,,,,,,,,,3700 [2200-7500],3700,2200,7500,,2025-11-11T15:08:09Z,2016,2016-01-01,2016-12-31
4324508,TB_e_inc_num,REGION,WPR,,,YEAR,2017,,,,,,,,,2 750 000 [2 390 000-3 120 000],2750000,2390000,3120000,,2025-11-11T15:08:09Z,2017,2017-01-01,2017-12-31
9197541,TB_e_inc_num,COUNTRY,BEL,EUR,Europe,YEAR,2004,,,,,,,,,1400 [1200-1700],1400,1200,1700,,2025-11-11T15:08:09Z,2004,2004-01-01,2004-12-31
2751340,TB_e_inc_num,COUNTRY,CPV,AFR,Africa,YEAR,2014,,,,,,,,,420 [340-500],420,340,500,,2025-11-11T15:08:09Z,2014,2014-01-01,2014-12-31
1226612,TB_e_inc_num,COUNTRY,SYC,AFR,Africa,YEAR,2003,,,,,,,,,10 [8-12],10,8,12,,2025-11-11T15:08:09Z,2003,2003-01-01,2003-12-31
9387832,TB_e_inc_num,COUNTRY,PRY,AMR,Americas,YEAR,2003,,,,,,,,,4900 [4000-5900],4900,4000,5900,,2025-11-11T15:08:09Z,2003,2003-01-01,2003-12-31
7941157,TB_e_inc_num,COUNTRY,HND,AMR,Americas,YEAR,2013,,,,,,,,,4900 [4000-5900],4900,4000,5900,,2025-11-11T15:08:09Z,2013,2013-01-01,2013-12-31
10027363,TB_e_inc_num,WORLDBANKINCOMEGROUP,WB_LMI,,,YEAR,2010,,,,,,,,,6 990 000 [4 690 000-9 740 000],6990000,4690000,9740000,,2025-11-11T15:08:09Z,2010,2010-01-01,2010-12-31
8609547,TB_e_inc_num,COUNTRY,POL,EUR,Europe,YEAR,2014,,,,,,,,,8400 [6800-10 000],8400,6800,10000,,2025-11-11T15:08:09Z,2014,2014-01-01,2014-12-31
7124343,TB_e_inc_num,COUNTRY,STP,AFR,Africa,YEAR,2007,,,,,,,,,260 [210-310],260,210,310,,2025-11-11T15:08:09Z,2007,2007-01-01,2007-12-31
7124353,TB_e_inc_num,COUNTRY,BTN,SEAR,South-East Asia,YEAR,2010,,,,,,,,,3300 [2700-4000],3300,2700,4000,,2025-11-11T15:08:09Z,2010,2010-01-01,2010-12-31
8773237,TB_e_inc_num,COUNTRY,GNQ,AFR,Africa,YEAR,2015,,,,,,,,,3500 [2100-6700],3500,2100,6700,,2025-11-11T15:08:09Z,2015,2015-01-01,2015-12-31
2580972,TB_e_inc_num,COUNTRY,SEN,AFR,Africa,YEAR,2020,,,,,,,,,23 000 [14 000-45 000],23000,14000,45000,,2025-11-11T15:08:09Z,2020,2020-01-01,2020-12-31
7599459,TB_e_inc_num,COUNTRY,PRT,EUR,Europe,YEAR,2023,,,,,,,,,1700 [1400-2000],1700,1400,2000,,2025-11-11T15:08:09Z,2023,2023-01-01,2023-12-31
2802053,TB_e_inc_num,COUNTRY,GEO,EUR,Europe,YEAR,2004,,,,,,,,,8300 [6800-10 000],8300,6800,10000,,2025-11-11T15:08:09Z,2004,2004-01-01,2004-12-31
4614787,TB_e_inc_num,COUNTRY,MUS,AFR,Africa,YEAR,2018,,,,,,,,,200 [160-240],200,160,240,,2025-11-11T15:08:09Z,2018,2018-01-01,2018-12-31
9565354,TB_e_inc_num,COUNTRY,TTO,AMR,Americas,YEAR,2015,,,,,,,,,260 [210-310],260,210,310,,2025-11-11T15:08:09Z,2015,2015-01-01,2015-12-31
6344456,TB_e_inc_num,COUNTRY,BTN,SEAR,South-East Asia,YEAR,2016,,,,,,,,,2200 [1800-2700],2200,1800,2700,,2025-11-11T15:08:09Z,2016,2016-01-01,2016-12-31
1485500,TB_e_inc_num,COUNTRY,SVN,EUR,Europe,YEAR,2022,,,,,,,,,85 [69-100],85,69,100,,2025-11-11T15:08:09Z,2022,2022-01-01,2022-12-31
11887,TB_e_inc_num,COUNTRY,BRA,AMR,Americas,YEAR,2023,,,,,,,,,103 000 [84 000-128 000],103000,84000,128000,,2025-11-11T15:08:09Z,2023,2023-01-01,2023-12-31
8173056,TB_e_inc_num,COUNTRY,BIH,EUR,Europe,YEAR,2024,,,,,,,,,650 [530-780],650,530,780,,2025-11-11T15:08:09Z,2024,2024-01-01,2024-12-31
9812464,TB_e_inc_num,COUNTRY,IRN,EMR,Eastern Mediterranean,YEAR,2013,,,,,,,,,20 000 [16 000-24 000],20000,16000,24000,,2025-11-11T15:08:09Z,2013,2013-01-01,2013-12-31
9907224,TB_e_inc_num,COUNTRY,MYS,WPR,Western Pacific,YEAR,2000,,,,,,,,,35 000 [28 000-42 000],35000,28000,42000,,2025-11-11T15:08:09Z,2000,2000-01-01,2000-12-31
3431231,TB_e_inc_num,COUNTRY,KWT,EMR,Eastern Mediterranean,YEAR,2010,,,,,,,,,1300 [1100-1600],1300,1100,1600,,2025-11-11T15:08:09Z,2010,2010-01-01,2010-12-31
5052052,TB_e_inc_num,REGION,AMR,,,YEAR,2022,,,,,,,,,329 000 [300 000-359 000],329000,300000,359000,,2025-11-11T15:08:09Z,2022,2022-01-01,2022-12-31
3443727,TB_e_inc_num,COUNTRY,KAZ,EUR,Europe,YEAR,2015,,,,,,,,,14 000 [12 000-17 000],14000,12000,17000,,2025-11-11T15:08:09Z,2015,2015-01-01,2015-12-31
233609,TB_e_inc_num,COUNTRY,ZAF,AFR,Africa,YEAR,2006,,,,,,,,,627 000 [207 000-1 270 000],627000,207000,1270000,,2025-11-11T15:08:09Z,2006,2006-01-01,2006-12-31
6731551,TB_e_inc_num,COUNTRY,PRI,AMR,Americas,YEAR,2013,,,,,,,,,69 [56-83],69,56,83,,2025-11-11T15:08:09Z,2013,2013-01-01,2013-12-31
6915064,TB_e_inc_num,COUNTRY,HND,AMR,Americas,YEAR,2010,,,,,,,,,5200 [4200-6200],5200,4200,6200,,2025-11-11T15:08:09Z,2010,2010-01-01,2010-12-31
530390,TB_e_inc_num,COUNTRY,ISL,EUR,Europe,YEAR,2024,,,,,,,,,12 [10-14],12,10,14,,2025-11-11T15:08:09Z,2024,2024-01-01,2024-12-31
7130744,TB_e_inc_num,COUNTRY,FRA,EUR,Europe,YEAR,2013,,,,,,,,,5700 [5500-5900],5700,5500,5900,,2025-11-11T15:08:09Z,2013,2013-01-01,2013-12-31
5603165,TB_e_inc_num,COUNTRY,WSM,WPR,Western Pacific,YEAR,2011,,,,,,,,,20 [16-24],20,16,24,,2025-11-11T15:08:09Z,2011,2011-01-01,2011-12-31
5691712,TB_e_inc_num,COUNTRY,MLI,AFR,Africa,YEAR,2000,,,,,,,,,8800 [4500-24 000],8800,4500,24000,,2025-11-11T15:08:09Z,2000,2000-01-01,2000-12-31
8994692,TB_e_inc_num,COUNTRY,PHL,WPR,Western Pacific,YEAR,2003,,,,,,,,,474 000 [256 000-756 000],474000,256000,756000,,2025-11-11T15:08:09Z,2003,2003-01-01,2003-12-31
7473140,TB_e_inc_num,WORLDBANKINCOMEGROUP,WB_LI,,,YEAR,2015,,,,,,,,,1 120 000 [881 000-1 380 000],1120000,881000,1380000,,2025-11-11T15:08:09Z,2015,2015-01-01,2015-12-31
6053234,TB_e_inc_num,COUNTRY,AFG,EMR,Eastern Mediterranean,YEAR,2009,,,,,,,,,63 000 [35 000-144 000],63000,35000,144000,,2025-11-11T15:08:09Z,2009,2009-01-01,2009-12-31
4437127,TB_e_inc_num,COUNTRY,VCT,AMR,Americas,YEAR,2014,,,,,,,,,5 [4-6],5,4,6,,2025-11-11T15:08:09Z,2014,2014-01-01,2014-12-31
6103586,TB_e_inc_num,COUNTRY,BFA,AFR,Africa,YEAR,2005,,,,,,,,,12 000 [7200-22 000],12000,7200,22000,,2025-11-11T15:08:09Z,2005,2005-01-01,2005-12-31
7814722,TB_e_inc_num,COUNTRY,ARE,EMR,Eastern Mediterranean,YEAR,2019,,,,,,,,,110 [90-130],110,90,130,,2025-11-11T15:08:09Z,2019,2019-01-01,2019-12-31
7833709,TB_e_inc_num,COUNTRY,ARG,AMR,Americas,YEAR,2004,,,,,,,,,16 000 [13 000-20 000],16000,13000,20000,,2025-11-11T15:08:09Z,2004,2004-01-01,2004-12-31
7833713,TB_e_inc_num,COUNTRY,SOM,EMR,Eastern Mediterranean,YEAR,2020,,,,,,,,,29 000 [17 000-55 000],29000,17000,55000,,2025-11-11T15:08:09Z,2020,2020-01-01,2020-12-31
8077970,TB_e_inc_num,COUNTRY,JAM,AMR,Americas,YEAR,2005,,,,,,,,,170 [140-210],170,140,210,,2025-11-11T15:08:09Z,2005,2005-01-01,2005-12-31
3222233,TB_e_inc_num,COUNTRY,JPN,WPR,Western Pacific,YEAR,2007,,,,,,,,,33 000 [27 000-39 000],33000,27000,39000,,2025-11-11T15:08:09Z,2007,2007-01-01,2007-12-31
6522257,TB_e_inc_num,COUNTRY,JOR,EMR,Eastern Mediterranean,YEAR,2014,,,,,,,,,560 [460-680],560,460,680,,2025-11-11T15:08:09Z,2014,2014-01-01,2014-12-31
1859215,TB_e_inc_num,COUNTRY,SYR,EMR,Eastern Mediterranean,YEAR,2019,,,,,,,,,4200 [3500-5100],4200,3500,5100,,2025-11-11T15:08:09Z,2019,2019-01-01,2019-12-31
5204209,TB_e_inc_num,COUNTRY,TTO,AMR,Americas,YEAR,2024,,,,,,,,,400 [330-490],400,330,490,,2025-11-11T15:08:09Z,2024,2024-01-01,2024-12-31
6877206,TB_e_inc_num,COUNTRY,KHM,WPR,Western Pacific,YEAR,2012,,,,,,,,,59 000 [43 000-79 000],59000,43000,79000,,2025-11-11T15:08:09Z,2012,2012-01-01,2012-12-31
416906,TB_e_inc_num,COUNTRY,PAN,AMR,Americas,YEAR,2020,,,,,,,,,1500 [1200-1800],1500,1200,1800,,2025-11-11T15:08:09Z,2020,2020-01-01,2020-12-31
460441,TB_e_inc_num,COUNTRY,BEN,AFR,Africa,YEAR,2001,,,,,,,,,5600 [2900-15 000],5600,2900,15000,,2025-11-11T15:08:09Z,2001,2001-01-01,2001-12-31
492233,TB_e_inc_num,COUNTRY,PLW,WPR,Western Pacific,YEAR,2001,,,,,,,,,11 [9-13],11,9,13,,2025-11-11T15:08:09Z,2001,2001-01-01,2001-12-31
3735164,TB_e_inc_num,COUNTRY,TCD,AFR,Africa,YEAR,2005,,,,,,,,,14 000 [7300-34 000],14000,7300,34000,,2025-11-11T15:08:09Z,2005,2005-01-01,2005-12-31
7022794,TB_e_inc_num,COUNTRY,THA,SEAR,South-East Asia,YEAR,2009,,,,,,,,,128 000 [63 000-216 000],128000,63000,216000,,2025-11-11T15:08:09Z,2009,2009-01-01,2009-12-31
5413066,TB_e_inc_num,COUNTRY,BDI,AFR,Africa,YEAR,2000,,,,,,,,,14 000 [7100-37 000],14000,7100,37000,,2025-11-11T15:08:09Z,2000,2000-01-01,2000-12-31
7048162,TB_e_inc_num,COUNTRY,SSD,AFR,Africa,YEAR,2024,,,,,,,,,38 000 [24 000-72 000],38000,24000,72000,,2025-11-11T15:08:09Z,2024,2024-01-01,2024-12-31
3906188,TB_e_inc_num,COUNTRY,SDN,EMR,Eastern Mediterranean,YEAR,2024,,,,,,,,,24 000 [15 000-35 000],24000,15000,35000,,2025-11-11T15:08:09Z,2024,2024-01-01,2024-12-31
687877,TB_e_inc_num,COUNTRY,NLD,EUR,Europe,YEAR,2022,,,,,,,,,720 [610-830],720,610,830,,2025-11-11T15:08:09Z,2022,2022-01-01,2022-12-31
802158,TB_e_inc_num,COUNTRY,MYS,WPR,Western Pacific,YEAR,2017,,,,,,,,,33 000 [27 000-40 000],33000,27000,40000,,2025-11-11T15:08:09Z,2017,2017-01-01,2017-12-31
5913721,TB_e_inc_num,COUNTRY,CAF,AFR,Africa,YEAR,2014,,,,,,,,,24 000 [15 000-45 000],24000,15000,45000,,2025-11-11T15:08:09Z,2014,2014-01-01,2014-12-31
5926469,TB_e_inc_num,COUNTRY,ZMB,AFR,Africa,YEAR,2006,,,,,,,,,70 000 [36 000-114 000],70000,36000,114000,,2025-11-11T15:08:09Z,2006,2006-01-01,2006-12-31
4343579,TB_e_inc_num,COUNTRY,GHA,AFR,Africa,YEAR,2009,,,,,,,,,47 000 [18 000-89 000],47000,18000,89000,,2025-11-11T15:08:09Z,2009,2009-01-01,2009-12-31
6034141,TB_e_inc_num,COUNTRY,GTM,AMR,Americas,YEAR,2006,,,,,,,,,4100 [3300-4900],4100,3300,4900,,2025-11-11T15:08:09Z,2006,2006-01-01,2006-12-31
4443514,TB_e_inc_num,COUNTRY,DEU,EUR,Europe,YEAR,2001,,,,,,,,,7700 [6900-8400],7700,6900,8400,,2025-11-11T15:08:09Z,2001,2001-01-01,2001-12-31
9362496,TB_e_inc_num,COUNTRY,GNB,AFR,Africa,YEAR,2017,,,,,,,,,3700 [2200-7300],3700,2200,7300,,2025-11-11T15:08:09Z,2017,2017-01-01,2017-12-31
1428877,TB_e_inc_num,COUNTRY,DZA,AFR,Africa,YEAR,2016,,,,,,,,,31 000 [25 000-37 000],31000,25000,37000,,2025-11-11T15:08:09Z,2016,2016-01-01,2016-12-31
4779521,TB_e_inc_num,REGION,EUR,,,YEAR,2006,,,,,,,,,523 000 [435 000-618 000],523000,435000,618000,,2025-11-11T15:08:09Z,2006,2006-01-01,2006-12-31
8046219,TB_e_inc_num,COUNTRY,FRA,EUR,Europe,YEAR,2018,,,,,,,,,5800 [5600-6000],5800,5600,6000,,2025-11-11T15:08:09Z,2018,2018-01-01,2018-12-31
4995203,TB_e_inc_num,COUNTRY,MLI,AFR,Africa,YEAR,2014,,,,,,,,,12 000 [6800-24 000],12000,6800,24000,,2025-11-11T15:08:09Z,2014,2014-01-01,2014-12-31
3380684,TB_e_inc_num,COUNTRY,BLR,EUR,Europe,YEAR,2014,,,,,,,,,5300 [4300-6400],5300,4300,6400,,2025-11-11T15:08:09Z,2014,2014-01-01,2014-12-31
1814970,TB_e_inc_num,COUNTRY,KOR,WPR,Western Pacific,YEAR,2012,,,,,,,,,47 000 [44 000-50 000],47000,44000,50000,,2025-11-11T15:08:09Z,2012,2012-01-01,2012-12-31
3469155,TB_e_inc_num,COUNTRY,DZA,AFR,Africa,YEAR,2013,,,,,,,,,29 000 [24 000-36 000],29000,24000,36000,,2025-11-11T15:08:09Z,2013,2013-01-01,2013-12-31
290552,TB_e_inc_num,COUNTRY,KHM,WPR,Western Pacific,YEAR,2010,,,,,,,,,64 000 [47 000-87 000],64000,47000,87000,,2025-11-11T15:08:09Z,2010,2010-01-01,2010-12-31
5375028,TB_e_inc_num,COUNTRY,CMR,AFR,Africa,YEAR,2012,,,,,,,,,52 000 [30 000-109 000],52000,30000,109000,,2025-11-11T15:08:09Z,2012,2012-01-01,2012-12-31
5571537,TB_e_inc_num,COUNTRY,PRT,EUR,Europe,YEAR,2010,,,,,,,,,3200 [2600-3800],3200,2600,3800,,2025-11-11T15:08:09Z,2010,2010-01-01,2010-12-31
4052186,TB_e_inc_num,COUNTRY,NOR,EUR,Europe,YEAR,2001,,,,,,,,,380 [310-460],380,310,460,,2025-11-11T15:08:09Z,2001,2001-01-01,2001-12-31
897425,TB_e_inc_num,COUNTRY,MCO,EUR,Europe,YEAR,2013,,,,,,,,,0 [0-0],0,0,0,,2025-11-11T15:08:09Z,2013,2013-01-01,2013-12-31
5945539,TB_e_inc_num,COUNTRY,HTI,AMR,Americas,YEAR,2009,,,,,,,,,41 000 [34 000-50 000],41000,34000,50000,,2025-11-11T15:08:09Z,2009,2009-01-01,2009-12-31
4481387,TB_e_inc_num,COUNTRY,AFG,EMR,Eastern Mediterranean,YEAR,2006,,,,,,,,,62 000 [32 000-168 000],62000,32000,168000,,2025-11-11T15:08:09Z,2006,2006-01-01,2006-12-31
6160706,TB_e_inc_num,COUNTRY,ECU,AMR,Americas,YEAR,2019,,,,,,,,,8000 [6500-9600],8000,6500,9600,,2025-11-11T15:08:09Z,2019,2019-01-01,2019-12-31
9533644,TB_e_inc_num,COUNTRY,NRU,WPR,Western Pacific,YEAR,2023,,,,,,,,,18 [15-22],18,15,22,,2025-11-11T15:08:09Z,2023,2023-01-01,2023-12-31
75502,TB_e_inc_num,COUNTRY,ARE,EMR,Eastern Mediterranean,YEAR,2008,,,,,,,,,160 [130-200],160,130,200,,2025-11-11T15:08:09Z,2008,2008-01-01,2008-12-31
8179261,TB_e_inc_num,COUNTRY,MYS,WPR,Western Pacific,YEAR,2009,,,,,,,,,27 000 [22 000-33 000],27000,22000,33000,,2025-11-11T15:08:09Z,2009,2009-01-01,2009-12-31
3405841,TB_e_inc_num,COUNTRY,MMR,SEAR,South-East Asia,YEAR,2020,,,,,,,,,167 000 [111 000-238 000],167000,111000,238000,,2025-11-11T15:08:09Z,2020,2020-01-01,2020-12-31
6649335,TB_e_inc_num,COUNTRY,QAT,EMR,Eastern Mediterranean,YEAR,2005,,,,,,,,,720 [590-870],720,590,870,,2025-11-11T15:08:09Z,2005,2005-01-01,2005-12-31
1834043,TB_e_inc_num,COUNTRY,MLI,AFR,Africa,YEAR,2023,,,,,,,,,12 000 [7600-24 000],12000,7600,24000,,2025-11-11T15:08:09Z,2023,2023-01-01,2023-12-31
240033,TB_e_inc_num,COUNTRY,TJK,EUR,Europe,YEAR,2006,,,,,,,,,15 000 [12 000-18 000],15000,12000,18000,,2025-11-11T15:08:09Z,2006,2006-01-01,2006-12-31
536767,TB_e_inc_num,COUNTRY,GBR,EUR,Europe,YEAR,2023,,,,,,,,,5900 [5500-6400],5900,5500,6400,,2025-11-11T15:08:09Z,2023,2023-01-01,2023-12-31
7200656,TB_e_inc_num,COUNTRY,RUS,EUR,Europe,YEAR,2008,,,,,,,,,129 000 [55 000-234 000],129000,55000,234000,,2025-11-11T15:08:09Z,2008,2008-01-01,2008-12-31
719628,TB_e_inc_num,COUNTRY,ARG,AMR,Americas,YEAR,2023,,,,,,,,,18 000 [14 000-21 000],18000,14000,21000,,2025-11-11T15:08:09Z,2023,2023-01-01,2023-12-31
3969672,TB_e_inc_num,REGION,AMR,,,YEAR,2009,,,,,,,,,325 000 [303 000-348 000],325000,303000,348000,,2025-11-11T15:08:09Z,2009,2009-01-01,2009-12-31
732270,TB_e_inc_num,COUNTRY,BHR,EMR,Eastern Mediterranean,YEAR,2020,,,,,,,,,260 [210-310],260,210,310,,2025-11-11T15:08:09Z,2020,2020-01-01,2020-12-31
5666562,TB_e_inc_num,COUNTRY,NPL,SEAR,South-East Asia,YEAR,2005,,,,,,,,,95 000 [53 000-148 000],95000,53000,148000,,2025-11-11T15:08:09Z,2005,2005-01-01,2005-12-31
5786921,TB_e_inc_num,COUNTRY,MOZ,AFR,Africa,YEAR,2008,,,,,,,,,77 000 [48 000-112 000],77000,48000,112000,,2025-11-11T15:08:09Z,2008,2008-01-01,2008-12-31
929089,TB_e_inc_num,COUNTRY,NIU,WPR,Western Pacific,YEAR,2015,,,,,,,,,0 [0-0],0,0,0,,2025-11-11T15:08:09Z,2015,2015-01-01,2015-12-31
7441449,TB_e_inc_num,COUNTRY,TCD,AFR,Africa,YEAR,2022,,,,,,,,,23 000 [14 000-43 000],23000,14000,43000,,2025-11-11T15:08:09Z,2022,2022-01-01,2022-12-31
973523,TB_e_inc_num,COUNTRY,NAM,AFR,Africa,YEAR,2012,,,,,,,,,17 000 [9600-25 000],17000,9600,25000,,2025-11-11T15:08:09Z,2012,2012-01-01,2012-12-31
986199,TB_e_inc_num,COUNTRY,TLS,SEAR,South-East Asia,YEAR,2024,,,,,,,,,6900 [4200-14 000],6900,4200,14000,,2025-11-11T15:08:09Z,2024,2024-01-01,2024-12-31
4280368,TB_e_inc_num,COUNTRY,VCT,AMR,Americas,YEAR,2021,,,,,,,,,5 [4-6],5,4,6,,2025-11-11T15:08:09Z,2021,2021-01-01,2021-12-31
9140754,TB_e_inc_num,COUNTRY,ZWE,AFR,Africa,YEAR,2008,,,,,,,,,63 000 [18 000-136 000],63000,18000,136000,,2025-11-11T15:08:09Z,2008,2008-01-01,2008-12-31
1321981,TB_e_inc_num,COUNTRY,KOR,WPR,Western Pacific,YEAR,2007,,,,,,,,,45 000 [42 000-48 000],45000,42000,48000,,2025-11-11T15:08:09Z,2007,2007-01-01,2007-12-31
1409905,TB_e_inc_num,COUNTRY,COK,WPR,Western Pacific,YEAR,2015,,,,,,,,,0 [0-0],0,0,0,,2025-11-11T15:08:09Z,2015,2015-01-01,2015-12-31
7922354,TB_e_inc_num,COUNTRY,SYC,AFR,Africa,YEAR,2009,,,,,,,,,15 [12-18],15,12,18,,2025-11-11T15:08:09Z,2009,2009-01-01,2009-12-31
7960378,TB_e_inc_num,COUNTRY,IRN,EMR,Eastern Mediterranean,YEAR,2007,,,,,,,,,21 000 [17 000-26 000],21000,17000,26000,,2025-11-11T15:08:09Z,2007,2007-01-01,2007-12-31
4747814,TB_e_inc_num,COUNTRY,FJI,WPR,Western Pacific,YEAR,2001,,,,,,,,,490 [400-590],490,400,590,,2025-11-11T15:08:09Z,2001,2001-01-01,2001-12-31
9628976,TB_e_inc_num,COUNTRY,TKM,EUR,Europe,YEAR,2004,,,,,,,,,6300 [5100-7500],6300,5100,7500,,2025-11-11T15:08:09Z,2004,2004-01-01,2004-12-31
4944460,TB_e_inc_num,COUNTRY,ZAF,AFR,Africa,YEAR,2019,,,,,,,,,366 000 [255 000-498 000],366000,255000,498000,,2025-11-11T15:08:09Z,2019,2019-01-01,2019-12-31
9818940,TB_e_inc_num,COUNTRY,FJI,WPR,Western Pacific,YEAR,2023,,,,,,,,,660 [540-800],660,540,800,,2025-11-11T15:08:09Z,2023,2023-01-01,2023-12-31
1726448,TB_e_inc_num,COUNTRY,AUT,EUR,Europe,YEAR,2012,,,,,,,,,760 [620-910],760,620,910,,2025-11-11T15:08:09Z,2012,2012-01-01,2012-12-31
195594,TB_e_inc_num,COUNTRY,KHM,WPR,Western Pacific,YEAR,2021,,,,,,,,,47 000 [36 000-63 000],47000,36000,63000,,2025-11-11T15:08:09Z,2021,2021-01-01,2021-12-31
8299355,TB_e_inc_num,COUNTRY,CPV,AFR,Africa,YEAR,2016,,,,,,,,,360 [290-430],360,290,430,,2025-11-11T15:08:09Z,2016,2016-01-01,2016-12-31
246432,TB_e_inc_num,COUNTRY,BEL,EUR,Europe,YEAR,2000,,,,,,,,,1700 [1400-2100],1700,1400,2100,,2025-11-11T15:08:09Z,2000,2000-01-01,2000-12-31
1897424,TB_e_inc_num,COUNTRY,AND,EUR,Europe,YEAR,2004,,,,,,,,,7 [6-8],7,6,8,,2025-11-11T15:08:09Z,2004,2004-01-01,2004-12-31
8425867,TB_e_inc_num,COUNTRY,FIN,EUR,Europe,YEAR,2006,,,,,,,,,340 [280-410],340,280,410,,2025-11-11T15:08:09Z,2006,2006-01-01,2006-12-31
5216963,TB_e_inc_num,COUNTRY,LSO,AFR,Africa,YEAR,2008,,,,,,,,,24 000 [8800-48 000],24000,8800,48000,,2025-11-11T15:08:09Z,2008,2008-01-01,2008-12-31
6991350,TB_e_inc_num,COUNTRY,SWE,EUR,Europe,YEAR,2011,,,,,,,,,660 [540-800],660,540,800,,2025-11-11T15:08:09Z,2011,2011-01-01,2011-12-31
3855675,TB_e_inc_num,COUNTRY,HKG,,,YEAR,2005,,,,,,,,,12 000 [9800-15 000],12000,9800,15000,,2025-11-11T15:08:09Z,2005,2005-01-01,2005-12-31
2257898,TB_e_inc_num,COUNTRY,THA,SEAR,South-East Asia,YEAR,2020,,,,,,,,,103 000 [78 000-131 000],103000,78000,131000,,2025-11-11T15:08:09Z,2020,2020-01-01,2020-12-31
643903,TB_e_inc_num,COUNTRY,TUV,WPR,Western Pacific,YEAR,2020,,,,,,,,,30 [24-36],30,24,36,,2025-11-11T15:08:09Z,2020,2020-01-01,2020-12-31
7168907,TB_e_inc_num,COUNTRY,TON,WPR,Western Pacific,YEAR,2014,,,,,,,,,13 [11-16],13,11,16,,2025-11-11T15:08:09Z,2014,2014-01-01,2014-12-31
3937939,TB_e_inc_num,COUNTRY,PNG,WPR,Western Pacific,YEAR,2007,,,,,,,,,41 000 [20 000-77 000],41000,20000,77000,,2025-11-11T15:08:09Z,2007,2007-01-01,2007-12-31
8886949,TB_e_inc_num,REGION,AMR,,,YEAR,2011,,,,,,,,,315 000 [293 000-337 000],315000,293000,337000,,2025-11-11T15:08:09Z,2011,2011-01-01,2011-12-31
2416749,TB_e_inc_num,COUNTRY,NZL,WPR,Western Pacific,YEAR,2000,,,,,,,,,470 [380-570],470,380,570,,2025-11-11T15:08:09Z,2000,2000-01-01,2000-12-31
2423111,TB_e_inc_num,COUNTRY,IDN,WPR,Western Pacific,YEAR,2011,,,,,,,,,844 000 [763 000-929 000],844000,763000,929000,,2025-11-11T15:08:09Z,2011,2011-01-01,2011-12-31
7289283,TB_e_inc_num,COUNTRY,EST,EUR,Europe,YEAR,2022,,,,,,,,,160 [130-190],160,130,190,,2025-11-11T15:08:09Z,2022,2022-01-01,2022-12-31
2555679,TB_e_inc_num,COUNTRY,ARG,AMR,Americas,YEAR,2008,,,,,,,,,13 000 [10 000-15 000],13000,10000,15000,,2025-11-11T15:08:09Z,2008,2008-01-01,2008-12-31
7479576,TB_e_inc_num,COUNTRY,KAZ,EUR,Europe,YEAR,2016,,,,,,,,,12 000 [10 000-15 000],12000,10000,15000,,2025-11-11T15:08:09Z,2016,2016-01-01,2016-12-31
9305450,TB_e_inc_num,COUNTRY,GMB,AFR,Africa,YEAR,2023,,,,,,,,,3800 [2700-5100],3800,2700,5100,,2025-11-11T15:08:09Z,2023,2023-01-01,2023-12-31
6091398,TB_e_inc_num,COUNTRY,KEN,AFR,Africa,YEAR,2004,,,,,,,,,220 000 [54 000-500 000],220000,54000,500000,,2025-11-11T15:08:09Z,2004,2004-01-01,2004-12-31
7726137,TB_e_inc_num,COUNTRY,UKR,EUR,Europe,YEAR,2023,,,,,,,,,34 000 [27 000-41 000],34000,27000,41000,,2025-11-11T15:08:09Z,2023,2023-01-01,2023-12-31
1473152,TB_e_inc_num,COUNTRY,MDA,EUR,Europe,YEAR,2008,,,,,,,,,4500 [3700-5400],4500,3700,5400,,2025-11-11T15:08:09Z,2008,2008-01-01,2008-12-31
6338243,TB_e_inc_num,COUNTRY,IRQ,EMR,Eastern Mediterranean,YEAR,2003,,,,,,,,,18 000 [14 000-21 000],18000,14000,21000,,2025-11-11T15:08:09Z,2003,2003-01-01,2003-12-31
3203249,TB_e_inc_num,COUNTRY,HUN,EUR,Europe,YEAR,2002,,,,,,,,,4000 [3300-4900],4000,3300,4900,,2025-11-11T15:08:09Z,2002,2002-01-01,2002-12-31
6617808,TB_e_inc_num,COUNTRY,FSM,WPR,Western Pacific,YEAR,2008,,,,,,,,,420 [340-510],420,340,510,,2025-11-11T15:08:09Z,2008,2008-01-01,2008-12-31
5020490,TB_e_inc_num,COUNTRY,MNG,WPR,Western Pacific,YEAR,2005,,,,,,,,,11 000 [5600-18 000],11000,5600,18000,,2025-11-11T15:08:09Z,2005,2005-01-01,2005-12-31
9926398,TB_e_inc_num,COUNTRY,MUS,AFR,Africa,YEAR,2004,,,,,,,,,300 [250-370],300,250,370,,2025-11-11T15:08:09Z,2004,2004-01-01,2004-12-31
2207387,TB_e_inc_num,COUNTRY,SYC,AFR,Africa,YEAR,2018,,,,,,,,,15 [12-18],15,12,18,,2025-11-11T15:08:09Z,2018,2018-01-01,2018-12-31
8804869,TB_e_inc_num,REGION,EMR,,,YEAR,2002,,,,,,,,,727 000 [547 000-932 000],727000,547000,932000,,2025-11-11T15:08:09Z,2002,2002-01-01,2002-12-31
3963364,TB_e_inc_num,COUNTRY,HKG,,,YEAR,2024,,,,,,,,,4900 [4000-5900],4900,4000,5900,,2025-11-11T15:08:09Z,2024,2024-01-01,2024-12-31
3982426,TB_e_inc_num,COUNTRY,ECU,AMR,Americas,YEAR,2012,,,,,,,,,7900 [6500-9600],7900,6500,9600,,2025-11-11T15:08:09Z,2012,2012-01-01,2012-12-31
5717230,TB_e_inc_num,COUNTRY,UZB,EUR,Europe,YEAR,2003,,,,,,,,,43 000 [35 000-52 000],43000,35000,52000,,2025-11-11T15:08:09Z,2003,2003-01-01,2003-12-31
5723600,TB_e_inc_num,COUNTRY,DZA,AFR,Africa,YEAR,2002,,,,,,,,,35 000 [29 000-43 000],35000,29000,43000,,2025-11-11T15:08:09Z,2002,2002-01-01,2002-12-31
5755222,TB_e_inc_num,COUNTRY,WSM,WPR,Western Pacific,YEAR,2022,,,,,,,,,9 [7-11],9,7,11,,2025-11-11T15:08:09Z,2022,2022-01-01,2022-12-31
7517479,TB_e_inc_num,COUNTRY,DNK,EUR,Europe,YEAR,2014,,,,,,,,,370 [300-440],370,300,440,,2025-11-11T15:08:09Z,2014,2014-01-01,2014-12-31
1087380,TB_e_inc_num,COUNTRY,HKG,,,YEAR,2020,,,,,,,,,5600 [4600-6800],5600,4600,6800,,2025-11-11T15:08:09Z,2020,2020-01-01,2020-12-31
9273779,TB_e_inc_num,COUNTRY,DNK,EUR,Europe,YEAR,2019,,,,,,,,,320 [260-380],320,260,380,,2025-11-11T15:08:09Z,2019,2019-01-01,2019-12-31
9343536,TB_e_inc_num,COUNTRY,MWI,AFR,Africa,YEAR,2011,,,,,,,,,48 000 [9300-119 000],48000,9300,119000,,2025-11-11T15:08:09Z,2011,2011-01-01,2011-12-31
1536419,TB_e_inc_num,COUNTRY,HUN,EUR,Europe,YEAR,2015,,,,,,,,,1100 [920-1400],1100,920,1400,,2025-11-11T15:08:09Z,2015,2015-01-01,2015-12-31
8020858,TB_e_inc_num,COUNTRY,GTM,AMR,Americas,YEAR,2005,,,,,,,,,4300 [3500-5200],4300,3500,5200,,2025-11-11T15:08:09Z,2005,2005-01-01,2005-12-31
1650574,TB_e_inc_num,COUNTRY,POL,EUR,Europe,YEAR,2011,,,,,,,,,11 000 [8700-13 000],11000,8700,13000,,2025-11-11T15:08:09Z,2011,2011-01-01,2011-12-31
1669653,TB_e_inc_num,COUNTRY,MAR,EMR,Eastern Mediterranean,YEAR,2005,,,,,,,,,30 000 [24 000-36 000],30000,24000,36000,,2025-11-11T15:08:09Z,2005,2005-01-01,2005-12-31
8160568,TB_e_inc_num,COUNTRY,SAU,EMR,Eastern Mediterranean,YEAR,2001,,,,,,,,,3700 [3300-4000],3700,3300,4000,,2025-11-11T15:08:09Z,2001,2001-01-01,2001-12-31
1777079,TB_e_inc_num,COUNTRY,BOL,AMR,Americas,YEAR,2009,,,,,,,,,21 000 [17 000-26 000],21000,17000,26000,,2025-11-11T15:08:09Z,2009,2009-01-01,2009-12-31
6712647,TB_e_inc_num,COUNTRY,ERI,AFR,Africa,YEAR,2020,,,,,,,,,3600 [3000-4400],3600,3000,4400,,2025-11-11T15:08:09Z,2020,2020-01-01,2020-12-31
8754401,TB_e_inc_num,COUNTRY,CHN,WPR,Western Pacific,YEAR,2021,,,,,,,,,781 000 [635 000-941 000],781000,635000,941000,,2025-11-11T15:08:09Z,2021,2021-01-01,2021-12-31
2276978,TB_e_inc_num,COUNTRY,TUR,EUR,Europe,YEAR,2018,,,,,,,,,15 000 [12 000-18 000],15000,12000,18000,,2025-11-11T15:08:09Z,2018,2018-01-01,2018-12-31
7232431,TB_e_inc_num,COUNTRY,KHM,WPR,Western Pacific,YEAR,2016,,,,,,,,,52 000 [38 000-69 000],52000,38000,69000,,2025-11-11T15:08:09Z,2016,2016-01-01,2016-12-31
834027,TB_e_inc_num,COUNTRY,LVA,EUR,Europe,YEAR,2014,,,,,,,,,1100 [930-1400],1100,930,1400,,2025-11-11T15:08:09Z,2014,2014-01-01,2014-12-31
9051920,TB_e_inc_num,COUNTRY,IRL,EUR,Europe,YEAR,2020,,,,,,,,,280 [230-340],280,230,340,,2025-11-11T15:08:09Z,2020,2020-01-01,2020-12-31
9051927,TB_e_inc_num,COUNTRY,PHL,WPR,Western Pacific,YEAR,2013,,,,,,,,,554 000 [311 000-866 000],554000,311000,866000,,2025-11-11T15:08:09Z,2013,2013-01-01,2013-12-31
2606578,TB_e_inc_num,COUNTRY,BGR,EUR,Europe,YEAR,2022,,,,,,,,,1000 [830-1200],1000,830,1200,,2025-11-11T15:08:09Z,2022,2022-01-01,2022-12-31
992623,TB_e_inc_num,COUNTRY,GNB,AFR,Africa,YEAR,2007,,,,,,,,,4200 [2300-9300],4200,2300,9300,,2025-11-11T15:08:09Z,2007,2007-01-01,2007-12-31
9109081,TB_e_inc_num,COUNTRY,GUY,AMR,Americas,YEAR,2022,,,,,,,,,510 [410-610],510,410,610,,2025-11-11T15:08:09Z,2022,2022-01-01,2022-12-31
4255311,TB_e_inc_num,COUNTRY,MYS,WPR,Western Pacific,YEAR,2006,,,,,,,,,27 000 [22 000-32 000],27000,22000,32000,,2025-11-11T15:08:09Z,2006,2006-01-01,2006-12-31
2707045,TB_e_inc_num,COUNTRY,MLT,EUR,Europe,YEAR,2012,,,,,,,,,42 [34-51],42,34,51,,2025-11-11T15:08:09Z,2012,2012-01-01,2012-12-31
1131896,TB_e_inc_num,COUNTRY,GNQ,AFR,Africa,YEAR,2024,,,,,,,,,3800 [2300-7300],3800,2300,7300,,2025-11-11T15:08:09Z,2024,2024-01-01,2024-12-31
2840393,TB_e_inc_num,COUNTRY,SGP,WPR,Western Pacific,YEAR,2024,,,,,,,,,2500 [2100-3000],2500,2100,3000,,2025-11-11T15:08:09Z,2024,2024-01-01,2024-12-31
4481486,TB_e_inc_num,COUNTRY,SVN,EUR,Europe,YEAR,2011,,,,,,,,,240 [190-290],240,190,290,,2025-11-11T15:08:09Z,2011,2011-01-01,2011-12-31
7732557,TB_e_inc_num,COUNTRY,ESP,EUR,Europe,YEAR,2020,,,,,,,,,3400 [2800-4100],3400,2800,4100,,2025-11-11T15:08:09Z,2020,2020-01-01,2020-12-31
7795875,TB_e_inc_num,COUNTRY,LAO,WPR,Western Pacific,YEAR,2002,,,,,,,,,17 000 [6600-33 000],17000,6600,33000,,2025-11-11T15:08:09Z,2002,2002-01-01,2002-12-31
1511097,TB_e_inc_num,WORLDBANKINCOMEGROUP,WB_HI,,,YEAR,2001,,,,,,,,,434 000 [341 000-538 000],434000,341000,538000,,2025-11-11T15:08:09Z,2001,2001-01-01,2001-12-31
6414524,TB_e_inc_num,COUNTRY,HRV,EUR,Europe,YEAR,2014,,,,,,,,,650 [530-780],650,530,780,,2025-11-11T15:08:09Z,2014,2014-01-01,2014-12-31
6484331,TB_e_inc_num,COUNTRY,GRC,EUR,Europe,YEAR,2024,,,,,,,,,360 [290-430],360,290,430,,2025-11-11T15:08:09Z,2024,2024-01-01,2024-12-31
12071,TB_e_inc_num,COUNTRY,MWI,AFR,Africa,YEAR,2019,,,,,,,,,28 000 [15 000-45 000],28000,15000,45000,,2025-11-11T15:08:09Z,2019,2019-01-01,2019-12-31
9749417,TB_e_inc_num,COUNTRY,FIN,EUR,Europe,YEAR,2012,,,,,,,,,310 [250-370],310,250,370,,2025-11-11T15:08:09Z,2012,2012-01-01,2012-12-31
8419614,TB_e_inc_num,COUNTRY,CAF,AFR,Africa,YEAR,2017,,,,,,,,,23 000 [14 000-44 000],23000,14000,44000,,2025-11-11T15:08:09Z,2017,2017-01-01,2017-12-31
366273,TB_e_inc_num,COUNTRY,PRI,AMR,Americas,YEAR,2000,,,,,,,,,370 [300-450],370,300,450,,2025-11-11T15:08:09Z,2000,2000-01-01,2000-12-31
5229725,TB_e_inc_num,COUNTRY,THA,SEAR,South-East Asia,YEAR,2008,,,,,,,,,133 000 [55 000-244 000],133000,55000,244000,,2025-11-11T15:08:09Z,2008,2008-01-01,2008-12-31
3722545,TB_e_inc_num,COUNTRY,BRB,AMR,Americas,YEAR,2020,,,,,,,,,6 [5-7],6,5,7,,2025-11-11T15:08:09Z,2020,2020-01-01,2020-12-31
713400,TB_e_inc_num,COUNTRY,NAM,AFR,Africa,YEAR,2021,,,,,,,,,12 000 [8300-17 000],12000,8300,17000,,2025-11-11T15:08:09Z,2021,2021-01-01,2021-12-31
2492251,TB_e_inc_num,COUNTRY,NRU,WPR,Western Pacific,YEAR,2014,,,,,,,,,8 [7-10],8,7,10,,2025-11-11T15:08:09Z,2014,2014-01-01,2014-12-31
1112880,TB_e_inc_num,REGION,WPR,,,YEAR,2019,,,,,,,,,2 690 000 [2 340 000-3 070 000],2690000,2340000,3070000,,2025-11-11T15:08:09Z,2019,2019-01-01,2019-12-31
4431155,TB_e_inc_num,COUNTRY,PRT,EUR,Europe,YEAR,2007,,,,,,,,,3700 [3000-4500],3700,3000,4500,,2025-11-11T15:08:09Z,2007,2007-01-01,2007-12-31
4545002,TB_e_inc_num,COUNTRY,MLI,AFR,Africa,YEAR,2005,,,,,,,,,11 000 [6000-24 000],11000,6000,24000,,2025-11-11T15:08:09Z,2005,2005-01-01,2005-12-31
7960479,TB_e_inc_num,COUNTRY,JPN,WPR,Western Pacific,YEAR,2008,,,,,,,,,31 000 [26 000-38 000],31000,26000,38000,,2025-11-11T15:08:09Z,2008,2008-01-01,2008-12-31
6376453,TB_e_inc_num,REGION,AFR,,,YEAR,2001,,,,,,,,,2 500 000 [2 060 000-2 990 000],2500000,2060000,2990000,,2025-11-11T15:08:09Z,2001,2001-01-01,2001-12-31
4766942,TB_e_inc_num,REGION,WPR,,,YEAR,2021,,,,,,,,,2 740 000 [2 350 000-3 150 000],2740000,2350000,3150000,,2025-11-11T15:08:09Z,2021,2021-01-01,2021-12-31
3203331,TB_e_inc_num,COUNTRY,GAB,AFR,Africa,YEAR,2015,,,,,,,,,10 000 [6000-20 000],10000,6000,20000,,2025-11-11T15:08:09Z,2015,2015-01-01,2015-12-31
3279463,TB_e_inc_num,COUNTRY,NRU,WPR,Western Pacific,YEAR,2004,,,,,,,,,7 [5-8],7,5,8,,2025-11-11T15:08:09Z,2004,2004-01-01,2004-12-31
1745546,TB_e_inc_num,COUNTRY,GNB,AFR,Africa,YEAR,2002,,,,,,,,,3200 [1700-8000],3200,1700,8000,,2025-11-11T15:08:09Z,2002,2002-01-01,2002-12-31
3475634,TB_e_inc_num,COUNTRY,IRN,EMR,Eastern Mediterranean,YEAR,2011,,,,,,,,,22 000 [18 000-26 000],22000,18000,26000,,2025-11-11T15:08:09Z,2011,2011-01-01,2011-12-31
5140919,TB_e_inc_num,COUNTRY,KAZ,EUR,Europe,YEAR,2010,,,,,,,,,24 000 [19 000-28 000],24000,19000,28000,,2025-11-11T15:08:09Z,2010,2010-01-01,2010-12-31
6845626,TB_e_inc_num,COUNTRY,KIR,WPR,Western Pacific,YEAR,2012,,,,,,,,,880 [720-1100],880,720,1100,,2025-11-11T15:08:09Z,2012,2012-01-01,2012-12-31
10116471,TB_e_inc_num,COUNTRY,GNB,AFR,Africa,YEAR,2021,,,,,,,,,3800 [2300-7100],3800,2300,7100,,2025-11-11T15:08:09Z,2021,2021-01-01,2021-12-31
5432256,TB_e_inc_num,COUNTRY,TUR,EUR,Europe,YEAR,2011,,,,,,,,,23 000 [19 000-28 000],23000,19000,28000,,2025-11-11T15:08:09Z,2011,2011-01-01,2011-12-31
7105484,TB_e_inc_num,COUNTRY,MOZ,AFR,Africa,YEAR,2012,,,,,,,,,88 000 [54 000-129 000],88000,54000,129000,,2025-11-11T15:08:09Z,2012,2012-01-01,2012-12-31
8779791,TB_e_inc_num,COUNTRY,NGA,AFR,Africa,YEAR,2023,,,,,,,,,499 000 [326 000-709 000],499000,326000,709000,,2025-11-11T15:08:09Z,2023,2023-01-01,2023-12-31
8988545,TB_e_inc_num,COUNTRY,BGR,EUR,Europe,YEAR,2020,,,,,,,,,1200 [970-1400],1200,970,1400,,2025-11-11T15:08:09Z,2020,2020-01-01,2020-12-31
986321,TB_e_inc_num,COUNTRY,DZA,AFR,Africa,YEAR,2001,,,,,,,,,35 000 [28 000-42 000],35000,28000,42000,,2025-11-11T15:08:09Z,2001,2001-01-01,2001-12-31
4230059,TB_e_inc_num,COUNTRY,KHM,WPR,Western Pacific,YEAR,2002,,,,,,,,,99 000 [70 000-136 000],99000,70000,136000,,2025-11-11T15:08:09Z,2002,2002-01-01,2002-12-31
1106555,TB_e_inc_num,COUNTRY,NIU,WPR,Western Pacific,YEAR,2024,,,,,,,,,1 [1-1],1,1,1,,2025-11-11T15:08:09Z,2024,2024-01-01,2024-12-31
2770574,TB_e_inc_num,COUNTRY,GNB,AFR,Africa,YEAR,2008,,,,,,,,,4200 [2400-9300],4200,2400,9300,,2025-11-11T15:08:09Z,2008,2008-01-01,2008-12-31
4589530,TB_e_inc_num,COUNTRY,BGR,EUR,Europe,YEAR,2017,,,,,,,,,2000 [1600-2400],2000,1600,2400,,2025-11-11T15:08:09Z,2017,2017-01-01,2017-12-31
2979895,TB_e_inc_num,COUNTRY,CMR,AFR,Africa,YEAR,2000,,,,,,,,,13 000 [6400-34 000],13000,6400,34000,,2025-11-11T15:08:09Z,2000,2000-01-01,2000-12-31
3024273,TB_e_inc_num,COUNTRY,LAO,WPR,Western Pacific,YEAR,2024,,,,,,,,,9900 [6000-15 000],9900,6000,15000,,2025-11-11T15:08:09Z,2024,2024-01-01,2024-12-31
3057888,TB_e_inc_num,COUNTRY,GMB,AFR,Africa,YEAR,2021,,,,,,,,,3800 [2800-5100],3800,2800,5100,,2025-11-11T15:08:09Z,2021,2021-01-01,2021-12-31
1460811,TB_e_inc_num,COUNTRY,ATG,AMR,Americas,YEAR,2004,,,,,,,,,4 [3-4],4,3,4,,2025-11-11T15:08:09Z,2004,2004-01-01,2004-12-31
3209702,TB_e_inc_num,COUNTRY,NIU,WPR,Western Pacific,YEAR,2004,,,,,,,,,0 [0-0],0,0,0,,2025-11-11T15:08:09Z,2004,2004-01-01,2004-12-31
5039605,TB_e_inc_num,COUNTRY,SLE,AFR,Africa,YEAR,2006,,,,,,,,,30 000 [18 000-58 000],30000,18000,58000,,2025-11-11T15:08:09Z,2006,2006-01-01,2006-12-31
5071314,TB_e_inc_num,WORLDBANKINCOMEGROUP,WB_LMI,,,YEAR,2021,,,,,,,,,6 330 000 [5 710 000-6 980 000],6330000,5710000,6980000,,2025-11-11T15:08:09Z,2021,2021-01-01,2021-12-31
10135562,TB_e_inc_num,COUNTRY,MLI,AFR,Africa,YEAR,2017,,,,,,,,,12 000 [7100-24 000],12000,7100,24000,,2025-11-11T15:08:09Z,2017,2017-01-01,2017-12-31
5381546,TB_e_inc_num,COUNTRY,BGR,EUR,Europe,YEAR,2019,,,,,,,,,1700 [1400-2100],1700,1400,2100,,2025-11-11T15:08:09Z,2019,2019-01-01,2019-12-31
3767005,TB_e_inc_num,REGION,SEAR,,,YEAR,2008,,,,,,,,,4 480 000 [2 200 000-7 560 000],4480000,2200000,7560000,,2025-11-11T15:08:09Z,2008,2008-01-01,2008-12-31
8716383,TB_e_inc_num,COUNTRY,KOR,WPR,Western Pacific,YEAR,2019,,,,,,,,,30 000 [28 000-32 000],30000,28000,32000,,2025-11-11T15:08:09Z,2019,2019-01-01,2019-12-31
3881175,TB_e_inc_num,COUNTRY,IRN,EMR,Eastern Mediterranean,YEAR,2017,,,,,,,,,13 000 [11 000-16 000],13000,11000,16000,,2025-11-11T15:08:09Z,2017,2017-01-01,2017-12-31
3919063,TB_e_inc_num,COUNTRY,BRN,WPR,Western Pacific,YEAR,2002,,,,,,,,,480 [390-580],480,390,580,,2025-11-11T15:08:09Z,2002,2002-01-01,2002-12-31
7511231,TB_e_inc_num,COUNTRY,LBR,AFR,Africa,YEAR,2024,,,,,,,,,12 000 [7100-23 000],12000,7100,23000,,2025-11-11T15:08:09Z,2024,2024-01-01,2024-12-31
1106574,TB_e_inc_num,COUNTRY,GNB,AFR,Africa,YEAR,2010,,,,,,,,,4200 [2400-9100],4200,2400,9100,,2025-11-11T15:08:09Z,2010,2010-01-01,2010-12-31
1226887,TB_e_inc_num,COUNTRY,BHR,EMR,Eastern Mediterranean,YEAR,2017,,,,,,,,,210 [170-250],210,170,250,,2025-11-11T15:08:09Z,2017,2017-01-01,2017-12-31
4500667,TB_e_inc_num,COUNTRY,AUS,WPR,Western Pacific,YEAR,2014,,,,,,,,,1500 [1300-1900],1500,1300,1900,,2025-11-11T15:08:09Z,2014,2014-01-01,2014-12-31
7865518,TB_e_inc_num,COUNTRY,COL,AMR,Americas,YEAR,2020,,,,,,,,,20 000 [16 000-24 000],20000,16000,24000,,2025-11-11T15:08:09Z,2020,2020-01-01,2020-12-31
3101900,TB_e_inc_num,COUNTRY,TKM,EUR,Europe,YEAR,2023,,,,,,,,,3000 [2400-3600],3000,2400,3600,,2025-11-11T15:08:09Z,2023,2023-01-01,2023-12-31
4728949,TB_e_inc_num,COUNTRY,ESP,EUR,Europe,YEAR,2003,,,,,,,,,14 000 [12 000-17 000],14000,12000,17000,,2025-11-11T15:08:09Z,2003,2003-01-01,2003-12-31
9692459,TB_e_inc_num,COUNTRY,IND,SEAR,South-East Asia,YEAR,2014,,,,,,,,,3 190 000 [2 240 000-4 310 000],3190000,2240000,4310000,,2025-11-11T15:08:09Z,2014,2014-01-01,2014-12-31
8090698,TB_e_inc_num,COUNTRY,KIR,WPR,Western Pacific,YEAR,2009,,,,,,,,,790 [640-950],790,640,950,,2025-11-11T15:08:09Z,2009,2009-01-01,2009-12-31
3317452,TB_e_inc_num,COUNTRY,BRN,WPR,Western Pacific,YEAR,2024,,,,,,,,,300 [240-360],300,240,360,,2025-11-11T15:08:09Z,2024,2024-01-01,2024-12-31
6845674,TB_e_inc_num,COUNTRY,TUN,EMR,Eastern Mediterranean,YEAR,2016,,,,,,,,,5600 [4600-6800],5600,4600,6800,,2025-11-11T15:08:09Z,2016,2016-01-01,2016-12-31
3646427,TB_e_inc_num,COUNTRY,AND,EUR,Europe,YEAR,2000,,,,,,,,,12 [10-14],12,10,14,,2025-11-11T15:08:09Z,2000,2000-01-01,2000-12-31
3773423,TB_e_inc_num,COUNTRY,COM,AFR,Africa,YEAR,2021,,,,,,,,,260 [160-500],260,160,500,,2025-11-11T15:08:09Z,2021,2021-01-01,2021-12-31
5470220,TB_e_inc_num,COUNTRY,ZMB,AFR,Africa,YEAR,2020,,,,,,,,,61 000 [40 000-87 000],61000,40000,87000,,2025-11-11T15:08:09Z,2020,2020-01-01,2020-12-31
745136,TB_e_inc_num,COUNTRY,CPV,AFR,Africa,YEAR,2006,,,,,,,,,520 [420-630],520,420,630,,2025-11-11T15:08:09Z,2006,2006-01-01,2006-12-31
2366160,TB_e_inc_num,COUNTRY,SYR,EMR,Eastern Mediterranean,YEAR,2013,,,,,,,,,4900 [4000-5900],4900,4000,5900,,2025-11-11T15:08:09Z,2013,2013-01-01,2013-12-31
9083805,TB_e_inc_num,COUNTRY,KNA,AMR,Americas,YEAR,2017,,,,,,,,,1 [1-1],1,1,1,,2025-11-11T15:08:09Z,2017,2017-01-01,2017-12-31
4324797,TB_e_inc_num,COUNTRY,JOR,EMR,Eastern Mediterranean,YEAR,2002,,,,,,,,,500 [410-610],500,410,610,,2025-11-11T15:08:09Z,2002,2002-01-01,2002-12-31
9216975,TB_e_inc_num,COUNTRY,KEN,AFR,Africa,YEAR,2007,,,,,,,,,235 000 [60 000-525 000],235000,60000,525000,,2025-11-11T15:08:09Z,2007,2007-01-01,2007-12-31
3005300,TB_e_inc_num,COUNTRY,AFG,EMR,Eastern Mediterranean,YEAR,2017,,,,,,,,,75 000 [46 000-144 000],75000,46000,144000,,2025-11-11T15:08:09Z,2017,2017-01-01,2017-12-31
9540185,TB_e_inc_num,COUNTRY,SWE,EUR,Europe,YEAR,2010,,,,,,,,,770 [620-930],770,620,930,,2025-11-11T15:08:09Z,2010,2010-01-01,2010-12-31
1479441,TB_e_inc_num,COUNTRY,ARM,EUR,Europe,YEAR,2020,,,,,,,,,830 [680-1000],830,680,1000,,2025-11-11T15:08:09Z,2020,2020-01-01,2020-12-31
4887582,TB_e_inc_num,COUNTRY,NZL,WPR,Western Pacific,YEAR,2013,,,,,,,,,330 [270-400],330,270,400,,2025-11-11T15:08:09Z,2013,2013-01-01,2013-12-31
9749517,TB_e_inc_num,COUNTRY,KEN,AFR,Africa,YEAR,2021,,,,,,,,,132 000 [77 000-201 000],132000,77000,201000,,2025-11-11T15:08:09Z,2021,2021-01-01,2021-12-31
3361870,TB_e_inc_num,COUNTRY,EST,EUR,Europe,YEAR,2023,,,,,,,,,120 [100-150],120,100,150,,2025-11-11T15:08:09Z,2023,2023-01-01,2023-12-31
4982777,TB_e_inc_num,COUNTRY,RUS,EUR,Europe,YEAR,2001,,,,,,,,,134 000 [55 000-248 000],134000,55000,248000,,2025-11-11T15:08:09Z,2001,2001-01-01,2001-12-31
6858378,TB_e_inc_num,COUNTRY,PER,AMR,Americas,YEAR,2007,,,,,,,,,55 000 [45 000-67 000],55000,45000,67000,,2025-11-11T15:08:09Z,2007,2007-01-01,2007-12-31
10148354,TB_e_inc_num,COUNTRY,ERI,AFR,Africa,YEAR,2004,,,,,,,,,16 000 [13 000-19 000],16000,13000,19000,,2025-11-11T15:08:09Z,2004,2004-01-01,2004-12-31
2156868,TB_e_inc_num,COUNTRY,SOM,EMR,Eastern Mediterranean,YEAR,2021,,,,,,,,,29 000 [18 000-56 000],29000,18000,56000,,2025-11-11T15:08:09Z,2021,2021-01-01,2021-12-31
8685069,TB_e_inc_num,REGION,AMR,,,YEAR,2002,,,,,,,,,421 000 [393 000-450 000],421000,393000,450000,,2025-11-11T15:08:09Z,2002,2002-01-01,2002-12-31
7131035,TB_e_inc_num,COUNTRY,LKA,SEAR,South-East Asia,YEAR,2010,,,,,,,,,18 000 [11 000-36 000],18000,11000,36000,,2025-11-11T15:08:09Z,2010,2010-01-01,2010-12-31
8824012,TB_e_inc_num,COUNTRY,BGR,EUR,Europe,YEAR,2003,,,,,,,,,6000 [4900-7300],6000,4900,7300,,2025-11-11T15:08:09Z,2003,2003-01-01,2003-12-31
5742737,TB_e_inc_num,COUNTRY,CIV,AFR,Africa,YEAR,2010,,,,,,,,,47 000 [27 000-100 000],47000,27000,100000,,2025-11-11T15:08:09Z,2010,2010-01-01,2010-12-31
2505071,TB_e_inc_num,COUNTRY,GHA,AFR,Africa,YEAR,2024,,,,,,,,,43 000 [19 000-77 000],43000,19000,77000,,2025-11-11T15:08:09Z,2024,2024-01-01,2024-12-31
4179303,TB_e_inc_num,COUNTRY,SUR,AMR,Americas,YEAR,2011,,,,,,,,,200 [160-240],200,160,240,,2025-11-11T15:08:09Z,2011,2011-01-01,2011-12-31
7448006,TB_e_inc_num,COUNTRY,STP,AFR,Africa,YEAR,2003,,,,,,,,,360 [300-440],360,300,440,,2025-11-11T15:08:09Z,2003,2003-01-01,2003-12-31
999092,TB_e_inc_num,COUNTRY,JOR,EMR,Eastern Mediterranean,YEAR,2017,,,,,,,,,770 [620-920],770,620,920,,2025-11-11T15:08:09Z,2017,2017-01-01,2017-12-31
4249108,TB_e_inc_num,COUNTRY,LBR,AFR,Africa,YEAR,2001,,,,,,,,,4600 [2400-12 000],4600,2400,12000,,2025-11-11T15:08:09Z,2001,2001-01-01,2001-12-31
1100240,TB_e_inc_num,COUNTRY,IRL,EUR,Europe,YEAR,2001,,,,,,,,,550 [450-660],550,450,660,,2025-11-11T15:08:09Z,2001,2001-01-01,2001-12-31
1125710,TB_e_inc_num,COUNTRY,DMA,AMR,Americas,YEAR,2012,,,,,,,,,7 [6-8],7,6,8,,2025-11-11T15:08:09Z,2012,2012-01-01,2012-12-31
2840521,TB_e_inc_num,COUNTRY,BGR,EUR,Europe,YEAR,2013,,,,,,,,,2900 [2400-3600],2900,2400,3600,,2025-11-11T15:08:09Z,2013,2013-01-01,2013-12-31
1309517,TB_e_inc_num,COUNTRY,MEX,AMR,Americas,YEAR,2021,,,,,,,,,34 000 [28 000-41 000],34000,28000,41000,,2025-11-11T15:08:09Z,2021,2021-01-01,2021-12-31
2929410,TB_e_inc_num,COUNTRY,THA,SEAR,South-East Asia,YEAR,2000,,,,,,,,,152 000 [49 000-313 000],152000,49000,313000,,2025-11-11T15:08:09Z,2000,2000-01-01,2000-12-31
2954558,TB_e_inc_num,COUNTRY,SMR,EUR,Europe,YEAR,2021,,,,,,,,,0 [0-0],0,0,0,,2025-11-11T15:08:09Z,2021,2021-01-01,2021-12-31
7922565,TB_e_inc_num,COUNTRY,NAM,AFR,Africa,YEAR,2023,,,,,,,,,13 000 [7600-18 000],13000,7600,18000,,2025-11-11T15:08:09Z,2023,2023-01-01,2023-12-31
1441867,TB_e_inc_num,COUNTRY,NGA,AFR,Africa,YEAR,2009,,,,,,,,,355 000 [232 000-504 000],355000,232000,504000,,2025-11-11T15:08:09Z,2009,2009-01-01,2009-12-31
6312991,TB_e_inc_num,COUNTRY,IDN,WPR,Western Pacific,YEAR,2002,,,,,,,,,816 000 [732 000-905 000],816000,732000,905000,,2025-11-11T15:08:09Z,2002,2002-01-01,2002-12-31
9591037,TB_e_inc_num,COUNTRY,BLZ,AMR,Americas,YEAR,2020,,,,,,,,,130 [110-160],130,110,160,,2025-11-11T15:08:09Z,2020,2020-01-01,2020-12-31
9616490,TB_e_inc_num,COUNTRY,LCA,AMR,Americas,YEAR,2007,,,,,,,,,19 [15-23],19,15,23,,2025-11-11T15:08:09Z,2007,2007-01-01,2007-12-31
4855981,TB_e_inc_num,COUNTRY,LTU,EUR,Europe,YEAR,2009,,,,,,,,,3400 [2800-4100],3400,2800,4100,,2025-11-11T15:08:09Z,2009,2009-01-01,2009-12-31
265595,TB_e_inc_num,COUNTRY,MRT,AFR,Africa,YEAR,2012,,,,,,,,,4500 [2600-9800],4500,2600,9800,,2025-11-11T15:08:09Z,2012,2012-01-01,2012-12-31
1967473,TB_e_inc_num,COUNTRY,BRA,AMR,Americas,YEAR,2013,,,,,,,,,84 000 [69 000-102 000],84000,69000,102000,,2025-11-11T15:08:09Z,2013,2013-01-01,2013-12-31
8565700,TB_e_inc_num,COUNTRY,LVA,EUR,Europe,YEAR,2011,,,,,,,,,1400 [1200-1700],1400,1200,1700,,2025-11-11T15:08:09Z,2011,2011-01-01,2011-12-31
8603495,TB_e_inc_num,COUNTRY,LSO,AFR,Africa,YEAR,2021,,,,,,,,,14 000 [8300-20 000],14000,8300,20000,,2025-11-11T15:08:09Z,2021,2021-01-01,2021-12-31
7162793,TB_e_inc_num,COUNTRY,AGO,AFR,Africa,YEAR,2001,,,,,,,,,56 000 [30 000-144 000],56000,30000,144000,,2025-11-11T15:08:09Z,2001,2001-01-01,2001-12-31
8849380,TB_e_inc_num,COUNTRY,MUS,AFR,Africa,YEAR,2023,,,,,,,,,160 [130-190],160,130,190,,2025-11-11T15:08:09Z,2023,2023-01-01,2023-12-31
2511491,TB_e_inc_num,COUNTRY,FRA,EUR,Europe,YEAR,2009,,,,,,,,,6000 [5700-6200],6000,5700,6200,,2025-11-11T15:08:09Z,2009,2009-01-01,2009-12-31
9166116,TB_e_inc_num,COUNTRY,PRY,AMR,Americas,YEAR,2010,,,,,,,,,3600 [2900-4300],3600,2900,4300,,2025-11-11T15:08:09Z,2010,2010-01-01,2010-12-31
6059906,TB_e_inc_num,REGION,EMR,,,YEAR,2014,,,,,,,,,822 000 [604 000-1 070 000],822000,604000,1070000,,2025-11-11T15:08:09Z,2014,2014-01-01,2014-12-31
9362776,TB_e_inc_num,COUNTRY,BHS,AMR,Americas,YEAR,2005,,,,,,,,,71 [58-86],71,58,86,,2025-11-11T15:08:09Z,2005,2005-01-01,2005-12-31
9375484,TB_e_inc_num,COUNTRY,GMB,AFR,Africa,YEAR,2006,,,,,,,,,3200 [1900-4900],3200,1900,4900,,2025-11-11T15:08:09Z,2006,2006-01-01,2006-12-31
1315892,TB_e_inc_num,COUNTRY,SDN,EMR,Eastern Mediterranean,YEAR,2011,,,,,,,,,38 000 [13 000-75 000],38000,13000,75000,,2025-11-11T15:08:09Z,2011,2011-01-01,2011-12-31
1322201,TB_e_inc_num,COUNTRY,RUS,EUR,Europe,YEAR,2013,,,,,,,,,106 000 [54 000-176 000],106000,54000,176000,,2025-11-11T15:08:09Z,2013,2013-01-01,2013-12-31
4608768,TB_e_inc_num,COUNTRY,KGZ,EUR,Europe,YEAR,2013,,,,,,,,,12 000 [9400-14 000],12000,9400,14000,,2025-11-11T15:08:09Z,2013,2013-01-01,2013-12-31
9489673,TB_e_inc_num,COUNTRY,MMR,SEAR,South-East Asia,YEAR,2016,,,,,,,,,192 000 [114 000-290 000],192000,114000,290000,,2025-11-11T15:08:09Z,2016,2016-01-01,2016-12-31
3024375,TB_e_inc_num,COUNTRY,AUT,EUR,Europe,YEAR,2001,,,,,,,,,1500 [1200-1800],1500,1200,1800,,2025-11-11T15:08:09Z,2001,2001-01-01,2001-12-31
3070684,TB_e_inc_num,COUNTRY,ISR,EUR,Europe,YEAR,2018,,,,,,,,,350 [280-420],350,280,420,,2025-11-11T15:08:09Z,2018,2018-01-01,2018-12-31
1504934,TB_e_inc_num,COUNTRY,BRA,AMR,Americas,YEAR,2001,,,,,,,,,81 000 [66 000-98 000],81000,66000,98000,,2025-11-11T15:08:09Z,2001,2001-01-01,2001-12-31
9711554,TB_e_inc_num,COUNTRY,IDN,WPR,Western Pacific,YEAR,2022,,,,,,,,,1 050 000 [884 000-1 210 000],1050000,884000,1210000,,2025-11-11T15:08:09Z,2022,2022-01-01,2022-12-31
9850481,TB_e_inc_num,COUNTRY,BWA,AFR,Africa,YEAR,2004,,,,,,,,,15 000 [8600-33 000],15000,8600,33000,,2025-11-11T15:08:09Z,2004,2004-01-01,2004-12-31
1777267,TB_e_inc_num,REGION,EUR,,,YEAR,2016,,,,,,,,,307 000 [262 000-356 000],307000,262000,356000,,2025-11-11T15:08:09Z,2016,2016-01-01,2016-12-31
9996185,TB_e_inc_num,COUNTRY,DEU,EUR,Europe,YEAR,2007,,,,,,,,,5100 [4600-5600],5100,4600,5600,,2025-11-11T15:08:09Z,2007,2007-01-01,2007-12-31
6826744,TB_e_inc_num,REGION,EUR,,,YEAR,2021,,,,,,,,,234 000 [205 000-265 000],234000,205000,265000,,2025-11-11T15:08:09Z,2021,2021-01-01,2021-12-31
347767,TB_e_inc_num,COUNTRY,VUT,WPR,Western Pacific,YEAR,2013,,,,,,,,,250 [140-540],250,140,540,,2025-11-11T15:08:09Z,2013,2013-01-01,2013-12-31
436215,TB_e_inc_num,COUNTRY,GRD,AMR,Americas,YEAR,2007,,,,,,,,,3 [2-4],3,2,4,,2025-11-11T15:08:09Z,2007,2007-01-01,2007-12-31
3805157,TB_e_inc_num,COUNTRY,SYR,EMR,Eastern Mediterranean,YEAR,2014,,,,,,,,,6200 [5000-7500],6200,5000,7500,,2025-11-11T15:08:09Z,2014,2014-01-01,2014-12-31
7150123,TB_e_inc_num,COUNTRY,KGZ,EUR,Europe,YEAR,2018,,,,,,,,,9200 [7400-11 000],9200,7400,11000,,2025-11-11T15:08:09Z,2018,2018-01-01,2018-12-31
5616211,TB_e_inc_num,COUNTRY,FJI,WPR,Western Pacific,YEAR,2006,,,,,,,,,240 [200-290],240,200,290,,2025-11-11T15:08:09Z,2006,2006-01-01,2006-12-31
7295845,TB_e_inc_num,COUNTRY,CZE,EUR,Europe,YEAR,2007,,,,,,,,,1000 [850-1300],1000,850,1300,,2025-11-11T15:08:09Z,2007,2007-01-01,2007-12-31
5730108,TB_e_inc_num,COUNTRY,BEN,AFR,Africa,YEAR,2003,,,,,,,,,6300 [3400-16 000],6300,3400,16000,,2025-11-11T15:08:09Z,2003,2003-01-01,2003-12-31
2594044,TB_e_inc_num,COUNTRY,NPL,SEAR,South-East Asia,YEAR,2019,,,,,,,,,68 000 [40 000-102 000],68000,40000,102000,,2025-11-11T15:08:09Z,2019,2019-01-01,2019-12-31
5983852,TB_e_inc_num,COUNTRY,LUX,EUR,Europe,YEAR,2014,,,,,,,,,29 [24-35],29,24,35,,2025-11-11T15:08:09Z,2014,2014-01-01,2014-12-31
2840568,TB_e_inc_num,COUNTRY,COM,AFR,Africa,YEAR,2009,,,,,,,,,280 [170-580],280,170,580,,2025-11-11T15:08:09Z,2009,2009-01-01,2009-12-31
4494430,TB_e_inc_num,COUNTRY,KAZ,EUR,Europe,YEAR,2020,,,,,,,,,12 000 [9800-14 000],12000,9800,14000,,2025-11-11T15:08:09Z,2020,2020-01-01,2020-12-31
6236890,TB_e_inc_num,COUNTRY,TUR,EUR,Europe,YEAR,2005,,,,,,,,,33 000 [27 000-40 000],33000,27000,40000,,2025-11-11T15:08:09Z,2005,2005-01-01,2005-12-31
1435553,TB_e_inc_num,COUNTRY,ISR,EUR,Europe,YEAR,2017,,,,,,,,,280 [230-340],280,230,340,,2025-11-11T15:08:09Z,2017,2017-01-01,2017-12-31
1530265,TB_e_inc_num,COUNTRY,CAN,AMR,Americas,YEAR,2020,,,,,,,,,1900 [1600-2300],1900,1600,2300,,2025-11-11T15:08:09Z,2020,2020-01-01,2020-12-31
6421078,TB_e_inc_num,COUNTRY,URY,AMR,Americas,YEAR,2006,,,,,,,,,820 [660-980],820,660,980,,2025-11-11T15:08:09Z,2006,2006-01-01,2006-12-31
4868685,TB_e_inc_num,REGION,WPR,,,YEAR,2011,,,,,,,,,2 840 000 [2 490 000-3 210 000],2840000,2490000,3210000,,2025-11-11T15:08:09Z,2011,2011-01-01,2011-12-31
6630669,TB_e_inc_num,COUNTRY,CHE,EUR,Europe,YEAR,2003,,,,,,,,,760 [610-910],760,610,910,,2025-11-11T15:08:09Z,2003,2003-01-01,2003-12-31
6649608,TB_e_inc_num,COUNTRY,LCA,AMR,Americas,YEAR,2003,,,,,,,,,15 [12-18],15,12,18,,2025-11-11T15:08:09Z,2003,2003-01-01,2003-12-31
9939244,TB_e_inc_num,COUNTRY,LUX,EUR,Europe,YEAR,2010,,,,,,,,,38 [31-46],38,31,46,,2025-11-11T15:08:09Z,2010,2010-01-01,2010-12-31
9939249,TB_e_inc_num,COUNTRY,NIC,AMR,Americas,YEAR,2011,,,,,,,,,4300 [3500-5200],4300,3500,5200,,2025-11-11T15:08:09Z,2011,2011-01-01,2011-12-31
3463127,TB_e_inc_num,COUNTRY,TON,WPR,Western Pacific,YEAR,2001,,,,,,,,,12 [10-14],12,10,14,,2025-11-11T15:08:09Z,2001,2001-01-01,2001-12-31
6731880,TB_e_inc_num,COUNTRY,COD,AFR,Africa,YEAR,2005,,,,,,,,,325 000 [199 000-625 000],325000,199000,625000,,2025-11-11T15:08:09Z,2005,2005-01-01,2005-12-31
5160133,TB_e_inc_num,COUNTRY,STP,AFR,Africa,YEAR,2015,,,,,,,,,350 [290-420],350,290,420,,2025-11-11T15:08:09Z,2015,2015-01-01,2015-12-31
1967540,TB_e_inc_num,COUNTRY,FIN,EUR,Europe,YEAR,2002,,,,,,,,,590 [480-710],590,480,710,,2025-11-11T15:08:09Z,2002,2002-01-01,2002-12-31
3627686,TB_e_inc_num,COUNTRY,SOM,EMR,Eastern Mediterranean,YEAR,2012,,,,,,,,,24 000 [14 000-52 000],24000,14000,52000,,2025-11-11T15:08:09Z,2012,2012-01-01,2012-12-31
5261602,TB_e_inc_num,COUNTRY,ZMB,AFR,Africa,YEAR,2022,,,,,,,,,59 000 [37 000-87 000],59000,37000,87000,,2025-11-11T15:08:09Z,2022,2022-01-01,2022-12-31
2049794,TB_e_inc_num,COUNTRY,CMR,AFR,Africa,YEAR,2019,,,,,,,,,43 000 [26 000-82 000],43000,26000,82000,,2025-11-11T15:08:09Z,2019,2019-01-01,2019-12-31
5533838,TB_e_inc_num,COUNTRY,MLT,EUR,Europe,YEAR,2016,,,,,,,,,50 [41-60],50,41,60,,2025-11-11T15:08:09Z,2016,2016-01-01,2016-12-31
2423360,TB_e_inc_num,COUNTRY,CYP,EUR,Europe,YEAR,2017,,,,,,,,,65 [53-78],65,53,78,,2025-11-11T15:08:09Z,2017,2017-01-01,2017-12-31
8950706,TB_e_inc_num,COUNTRY,ZWE,AFR,Africa,YEAR,2004,,,,,,,,,75 000 [26 000-150 000],75000,26000,150000,,2025-11-11T15:08:09Z,2004,2004-01-01,2004-12-31
4147604,TB_e_inc_num,COUNTRY,TKM,EUR,Europe,YEAR,2005,,,,,,,,,5700 [4600-6900],5700,4600,6900,,2025-11-11T15:08:09Z,2005,2005-01-01,2005-12-31
910496,TB_e_inc_num,COUNTRY,MDV,SEAR,South-East Asia,YEAR,2012,,,,,,,,,190 [160-230],190,160,230,,2025-11-11T15:08:09Z,2012,2012-01-01,2012-12-31
2751710,TB_e_inc_num,COUNTRY,KNA,AMR,Americas,YEAR,2014,,,,,,,,,7 [6-8],7,6,8,,2025-11-11T15:08:09Z,2014,2014-01-01,2014-12-31
9261335,TB_e_inc_num,COUNTRY,MHL,WPR,Western Pacific,YEAR,2018,,,,,,,,,730 [590-880],730,590,880,,2025-11-11T15:08:09Z,2018,2018-01-01,2018-12-31
6161025,TB_e_inc_num,COUNTRY,ARG,AMR,Americas,YEAR,2019,,,,,,,,,15 000 [12 000-18 000],15000,12000,18000,,2025-11-11T15:08:09Z,2019,2019-01-01,2019-12-31
1435569,TB_e_inc_num,COUNTRY,ESP,EUR,Europe,YEAR,2012,,,,,,,,,7100 [5800-8500],7100,5800,8500,,2025-11-11T15:08:09Z,2012,2012-01-01,2012-12-31
4678225,TB_e_inc_num,REGION,AFR,,,YEAR,2007,,,,,,,,,3 010 000 [2 340 000-3 770 000],3010000,2340000,3770000,,2025-11-11T15:08:09Z,2007,2007-01-01,2007-12-31
9692585,TB_e_inc_num,COUNTRY,CPV,AFR,Africa,YEAR,2005,,,,,,,,,610 [500-740],610,500,740,,2025-11-11T15:08:09Z,2005,2005-01-01,2005-12-31
1733066,TB_e_inc_num,COUNTRY,TUR,EUR,Europe,YEAR,2017,,,,,,,,,16 000 [13 000-19 000],16000,13000,19000,,2025-11-11T15:08:09Z,2017,2017-01-01,2017-12-31
9894939,TB_e_inc_num,COUNTRY,ITA,EUR,Europe,YEAR,2002,,,,,,,,,5600 [4600-6700],5600,4600,6700,,2025-11-11T15:08:09Z,2002,2002-01-01,2002-12-31
9894950,TB_e_inc_num,COUNTRY,GRC,EUR,Europe,YEAR,2000,,,,,,,,,1000 [850-1300],1000,850,1300,,2025-11-11T15:08:09Z,2000,2000-01-01,2000-12-31
6712854,TB_e_inc_num,COUNTRY,EST,EUR,Europe,YEAR,2020,,,,,,,,,150 [120-180],150,120,180,,2025-11-11T15:08:09Z,2020,2020-01-01,2020-12-31
9958072,TB_e_inc_num,COUNTRY,KHM,WPR,Western Pacific,YEAR,2023,,,,,,,,,48 000 [36 000-65 000],48000,36000,65000,,2025-11-11T15:08:09Z,2023,2023-01-01,2023-12-31
8369298,TB_e_inc_num,COUNTRY,PSE,EMR,Eastern Mediterranean,YEAR,2014,,,,,,,,,68 [55-82],68,55,82,,2025-11-11T15:08:09Z,2014,2014-01-01,2014-12-31
1929488,TB_e_inc_num,COUNTRY,NLD,EUR,Europe,YEAR,2011,,,,,,,,,1100 [950-1300],1100,950,1300,,2025-11-11T15:08:09Z,2011,2011-01-01,2011-12-31
3722753,TB_e_inc_num,COUNTRY,CAF,AFR,Africa,YEAR,2010,,,,,,,,,25 000 [15 000-47 000],25000,15000,47000,,2025-11-11T15:08:09Z,2010,2010-01-01,2010-12-31
663041,TB_e_inc_num,COUNTRY,AGO,AFR,Africa,YEAR,2016,,,,,,,,,126 000 [75 000-256 000],126000,75000,256000,,2025-11-11T15:08:09Z,2016,2016-01-01,2016-12-31
2423376,TB_e_inc_num,COUNTRY,HND,AMR,Americas,YEAR,2019,,,,,,,,,3800 [3100-4500],3800,3100,4500,,2025-11-11T15:08:09Z,2019,2019-01-01,2019-12-31
7352898,TB_e_inc_num,COUNTRY,DEU,EUR,Europe,YEAR,2019,,,,,,,,,5100 [4600-5600],5100,4600,5600,,2025-11-11T15:08:09Z,2019,2019-01-01,2019-12-31
9128322,TB_e_inc_num,COUNTRY,ATG,AMR,Americas,YEAR,2006,,,,,,,,,4 [3-5],4,3,5,,2025-11-11T15:08:09Z,2006,2006-01-01,2006-12-31
6091673,TB_e_inc_num,COUNTRY,AGO,AFR,Africa,YEAR,2017,,,,,,,,,126 000 [76 000-251 000],126000,76000,251000,,2025-11-11T15:08:09Z,2017,2017-01-01,2017-12-31
6217911,TB_e_inc_num,COUNTRY,MCO,EUR,Europe,YEAR,2012,,,,,,,,,0 [0-0],0,0,0,,2025-11-11T15:08:09Z,2012,2012-01-01,2012-12-31
7840452,TB_e_inc_num,COUNTRY,MAC,,,YEAR,2021,,,,,,,,,520 [420-630],520,420,630,,2025-11-11T15:08:09Z,2021,2021-01-01,2021-12-31
1422902,TB_e_inc_num,COUNTRY,TUV,WPR,Western Pacific,YEAR,2011,,,,,,,,,12 [10-14],12,10,14,,2025-11-11T15:08:09Z,2011,2011-01-01,2011-12-31
4690936,TB_e_inc_num,COUNTRY,NRU,WPR,Western Pacific,YEAR,2016,,,,,,,,,10 [8-12],10,8,12,,2025-11-11T15:08:09Z,2016,2016-01-01,2016-12-31
8141718,TB_e_inc_num,COUNTRY,GHA,AFR,Africa,YEAR,2017,,,,,,,,,46 000 [21 000-79 000],46000,21000,79000,,2025-11-11T15:08:09Z,2017,2017-01-01,2017-12-31
6573493,TB_e_inc_num,COUNTRY,THA,SEAR,South-East Asia,YEAR,2005,,,,,,,,,148 000 [53 000-291 000],148000,53000,291000,,2025-11-11T15:08:09Z,2005,2005-01-01,2005-12-31
4970196,TB_e_inc_num,COUNTRY,BHR,EMR,Eastern Mediterranean,YEAR,2023,,,,,,,,,220 [180-260],220,180,260,,2025-11-11T15:08:09Z,2023,2023-01-01,2023-12-31
5033425,TB_e_inc_num,COUNTRY,SLB,WPR,Western Pacific,YEAR,2000,,,,,,,,,1200 [1000-1500],1200,1000,1500,,2025-11-11T15:08:09Z,2000,2000-01-01,2000-12-31
259365,TB_e_inc_num,COUNTRY,ERI,AFR,Africa,YEAR,2017,,,,,,,,,4600 [3800-5600],4600,3800,5600,,2025-11-11T15:08:09Z,2017,2017-01-01,2017-12-31
5166556,TB_e_inc_num,COUNTRY,MMR,SEAR,South-East Asia,YEAR,2018,,,,,,,,,177 000 [113 000-253 000],177000,113000,253000,,2025-11-11T15:08:09Z,2018,2018-01-01,2018-12-31
3615008,TB_e_inc_num,COUNTRY,WSM,WPR,Western Pacific,YEAR,2000,,,,,,,,,43 [35-52],43,35,52,,2025-11-11T15:08:09Z,2000,2000-01-01,2000-12-31
2150849,TB_e_inc_num,COUNTRY,CZE,EUR,Europe,YEAR,2013,,,,,,,,,600 [480-720],600,480,720,,2025-11-11T15:08:09Z,2013,2013-01-01,2013-12-31
2201343,TB_e_inc_num,COUNTRY,KIR,WPR,Western Pacific,YEAR,2023,,,,,,,,,1200 [980-1500],1200,980,1500,,2025-11-11T15:08:09Z,2023,2023-01-01,2023-12-31
2283586,TB_e_inc_num,COUNTRY,SVN,EUR,Europe,YEAR,2009,,,,,,,,,250 [200-300],250,200,300,,2025-11-11T15:08:09Z,2009,2009-01-01,2009-12-31
7162907,TB_e_inc_num,COUNTRY,GEO,EUR,Europe,YEAR,2014,,,,,,,,,4800 [3900-5800],4800,3900,5800,,2025-11-11T15:08:09Z,2014,2014-01-01,2014-12-31
3969994,TB_e_inc_num,COUNTRY,COG,AFR,Africa,YEAR,2002,,,,,,,,,18 000 [9500-45 000],18000,9500,45000,,2025-11-11T15:08:09Z,2002,2002-01-01,2002-12-31
7213687,TB_e_inc_num,COUNTRY,TUV,WPR,Western Pacific,YEAR,2024,,,,,,,,,22 [18-26],22,18,26,,2025-11-11T15:08:09Z,2024,2024-01-01,2024-12-31
2486097,TB_e_inc_num,COUNTRY,NOR,EUR,Europe,YEAR,2007,,,,,,,,,340 [280-410],340,280,410,,2025-11-11T15:08:09Z,2007,2007-01-01,2007-12-31
5761876,TB_e_inc_num,COUNTRY,BRA,AMR,Americas,YEAR,2017,,,,,,,,,88 000 [72 000-106 000],88000,72000,106000,,2025-11-11T15:08:09Z,2017,2017-01-01,2017-12-31
904146,TB_e_inc_num,COUNTRY,GHA,AFR,Africa,YEAR,2011,,,,,,,,,46 000 [18 000-87 000],46000,18000,87000,,2025-11-11T15:08:09Z,2011,2011-01-01,2011-12-31
5850695,TB_e_inc_num,COUNTRY,MNG,WPR,Western Pacific,YEAR,2024,,,,,,,,,16 000 [8400-25 000],16000,8400,25000,,2025-11-11T15:08:09Z,2024,2024-01-01,2024-12-31
1144647,TB_e_inc_num,COUNTRY,SMR,EUR,Europe,YEAR,2022,,,,,,,,,0 [0-0],0,0,0,,2025-11-11T15:08:09Z,2022,2022-01-01,2022-12-31
2777144,TB_e_inc_num,COUNTRY,CZE,EUR,Europe,YEAR,2018,,,,,,,,,520 [420-630],520,420,630,,2025-11-11T15:08:09Z,2018,2018-01-01,2018-12-31
2802469,TB_e_inc_num,COUNTRY,GBR,EUR,Europe,YEAR,2013,,,,,,,,,8300 [7700-8900],8300,7700,8900,,2025-11-11T15:08:09Z,2013,2013-01-01,2013-12-31
9312062,TB_e_inc_num,COUNTRY,NPL,SEAR,South-East Asia,YEAR,2012,,,,,,,,,81 000 [46 000-125 000],81000,46000,125000,,2025-11-11T15:08:09Z,2012,2012-01-01,2012-12-31
2853399,TB_e_inc_num,COUNTRY,LTU,EUR,Europe,YEAR,2013,,,,,,,,,2500 [2100-3000],2500,2100,3000,,2025-11-11T15:08:09Z,2013,2013-01-01,2013-12-31
7796130,TB_e_inc_num,COUNTRY,JPN,WPR,Western Pacific,YEAR,2016,,,,,,,,,21 000 [17 000-26 000],21000,17000,26000,,2025-11-11T15:08:09Z,2016,2016-01-01,2016-12-31
9591149,TB_e_inc_num,COUNTRY,VNM,WPR,Western Pacific,YEAR,2009,,,,,,,,,206 000 [103 000-344 000],206000,103000,344000,,2025-11-11T15:08:09Z,2009,2009-01-01,2009-12-31
1505032,TB_e_inc_num,COUNTRY,BLR,EUR,Europe,YEAR,2001,,,,,,,,,12 000 [9700-14 000],12000,9700,14000,,2025-11-11T15:08:09Z,2001,2001-01-01,2001-12-31
1543036,TB_e_inc_num,COUNTRY,VCT,AMR,Americas,YEAR,2006,,,,,,,,,13 [11-16],13,11,16,,2025-11-11T15:08:09Z,2006,2006-01-01,2006-12-31
195915,TB_e_inc_num,COUNTRY,LTU,EUR,Europe,YEAR,2016,,,,,,,,,2000 [1600-2400],2000,1600,2400,,2025-11-11T15:08:09Z,2016,2016-01-01,2016-12-31
8305967,TB_e_inc_num,COUNTRY,SYR,EMR,Eastern Mediterranean,YEAR,2002,,,,,,,,,11 000 [9300-14 000],11000,9300,14000,,2025-11-11T15:08:09Z,2002,2002-01-01,2002-12-31
10129428,TB_e_inc_num,COUNTRY,FRA,EUR,Europe,YEAR,2024,,,,,,,,,5200 [5000-5400],5200,5000,5400,,2025-11-11T15:08:09Z,2024,2024-01-01,2024-12-31
5293350,TB_e_inc_num,WORLDBANKINCOMEGROUP,WB_LI,,,YEAR,2009,,,,,,,,,1 060 000 [826 000-1 310 000],1060000,826000,1310000,,2025-11-11T15:08:09Z,2009,2009-01-01,2009-12-31
3684724,TB_e_inc_num,COUNTRY,DJI,EMR,Eastern Mediterranean,YEAR,2012,,,,,,,,,9900 [8000-12 000],9900,8000,12000,,2025-11-11T15:08:09Z,2012,2012-01-01,2012-12-31
5343631,TB_e_inc_num,COUNTRY,MLI,AFR,Africa,YEAR,2009,,,,,,,,,12 000 [6700-24 000],12000,6700,24000,,2025-11-11T15:08:09Z,2009,2009-01-01,2009-12-31
7016874,TB_e_inc_num,COUNTRY,USA,AMR,Americas,YEAR,2011,,,,,,,,,13 000 [10 000-15 000],13000,10000,15000,,2025-11-11T15:08:09Z,2011,2011-01-01,2011-12-31
3792619,TB_e_inc_num,COUNTRY,IND,SEAR,South-East Asia,YEAR,2006,,,,,,,,,3 580 000 [1 310 000-6 960 000],3580000,1310000,6960000,,2025-11-11T15:08:09Z,2006,2006-01-01,2006-12-31
644236,TB_e_inc_num,COUNTRY,CMR,AFR,Africa,YEAR,2014,,,,,,,,,50 000 [29 000-103 000],50000,29000,103000,,2025-11-11T15:08:09Z,2014,2014-01-01,2014-12-31
7264243,TB_e_inc_num,COUNTRY,ZAF,AFR,Africa,YEAR,2018,,,,,,,,,397 000 [266 000-554 000],397000,266000,554000,,2025-11-11T15:08:09Z,2018,2018-01-01,2018-12-31
4052558,TB_e_inc_num,COUNTRY,ZAF,AFR,Africa,YEAR,2007,,,,,,,,,643 000 [208 000-1 310 000],643000,208000,1310000,,2025-11-11T15:08:09Z,2007,2007-01-01,2007-12-31
8925322,TB_e_inc_num,COUNTRY,QAT,EMR,Eastern Mediterranean,YEAR,2010,,,,,,,,,920 [750-1100],920,750,1100,,2025-11-11T15:08:09Z,2010,2010-01-01,2010-12-31
5711191,TB_e_inc_num,COUNTRY,VNM,WPR,Western Pacific,YEAR,2003,,,,,,,,,221 000 [83 000-426 000],221000,83000,426000,,2025-11-11T15:08:09Z,2003,2003-01-01,2003-12-31
878722,TB_e_inc_num,COUNTRY,MDG,AFR,Africa,YEAR,2005,,,,,,,,,45 000 [24 000-107 000],45000,24000,107000,,2025-11-11T15:08:09Z,2005,2005-01-01,2005-12-31
6110377,TB_e_inc_num,COUNTRY,KOR,WPR,Western Pacific,YEAR,2018,,,,,,,,,33 000 [31 000-36 000],33000,31000,36000,,2025-11-11T15:08:09Z,2018,2018-01-01,2018-12-31
4545243,TB_e_inc_num,COUNTRY,ARG,AMR,Americas,YEAR,2018,,,,,,,,,13 000 [11 000-16 000],13000,11000,16000,,2025-11-11T15:08:09Z,2018,2018-01-01,2018-12-31
9667159,TB_e_inc_num,COUNTRY,NOR,EUR,Europe,YEAR,2002,,,,,,,,,330 [270-390],330,270,390,,2025-11-11T15:08:09Z,2002,2002-01-01,2002-12-31
8078398,TB_e_inc_num,COUNTRY,UKR,EUR,Europe,YEAR,2012,,,,,,,,,59 000 [48 000-71 000],59000,48000,71000,,2025-11-11T15:08:09Z,2012,2012-01-01,2012-12-31
1600082,TB_e_inc_num,COUNTRY,SOM,EMR,Eastern Mediterranean,YEAR,2024,,,,,,,,,29 000 [17 000-60 000],29000,17000,60000,,2025-11-11T15:08:09Z,2024,2024-01-01,2024-12-31
9705299,TB_e_inc_num,COUNTRY,MYS,WPR,Western Pacific,YEAR,2007,,,,,,,,,26 000 [21 000-32 000],26000,21000,32000,,2025-11-11T15:08:09Z,2007,2007-01-01,2007-12-31
6522693,TB_e_inc_num,COUNTRY,GMB,AFR,Africa,YEAR,2016,,,,,,,,,3900 [2800-5100],3900,2800,5100,,2025-11-11T15:08:09Z,2016,2016-01-01,2016-12-31
1733117,TB_e_inc_num,COUNTRY,COG,AFR,Africa,YEAR,2024,,,,,,,,,19 000 [12 000-37 000],19000,12000,37000,,2025-11-11T15:08:09Z,2024,2024-01-01,2024-12-31
8337678,TB_e_inc_num,COUNTRY,GUY,AMR,Americas,YEAR,2010,,,,,,,,,1100 [910-1400],1100,910,1400,,2025-11-11T15:08:09Z,2010,2010-01-01,2010-12-31
3589620,TB_e_inc_num,COUNTRY,PNG,WPR,Western Pacific,YEAR,2019,,,,,,,,,59 000 [35 000-120 000],59000,35000,120000,,2025-11-11T15:08:09Z,2019,2019-01-01,2019-12-31
5242677,TB_e_inc_num,COUNTRY,UGA,AFR,Africa,YEAR,2020,,,,,,,,,89 000 [53 000-133 000],89000,53000,133000,,2025-11-11T15:08:09Z,2020,2020-01-01,2020-12-31
430005,TB_e_inc_num,COUNTRY,TON,WPR,Western Pacific,YEAR,2009,,,,,,,,,8 [7-10],8,7,10,,2025-11-11T15:08:09Z,2009,2009-01-01,2009-12-31
473607,TB_e_inc_num,COUNTRY,MNE,EUR,Europe,YEAR,2022,,,,,,,,,100 [83-130],100,83,130,,2025-11-11T15:08:09Z,2022,2022-01-01,2022-12-31
10199118,TB_e_inc_num,COUNTRY,ARM,EUR,Europe,YEAR,2014,,,,,,,,,2100 [1700-2600],2100,1700,2600,,2025-11-11T15:08:09Z,2014,2014-01-01,2014-12-31
2150894,TB_e_inc_num,COUNTRY,AFG,EMR,Eastern Mediterranean,YEAR,2002,,,,,,,,,42 000 [18 000-245 000],42000,18000,245000,,2025-11-11T15:08:09Z,2002,2002-01-01,2002-12-31
7162958,TB_e_inc_num,COUNTRY,IRN,EMR,Eastern Mediterranean,YEAR,2021,,,,,,,,,11 000 [8800-13 000],11000,8800,13000,,2025-11-11T15:08:09Z,2021,2021-01-01,2021-12-31
3982753,TB_e_inc_num,COUNTRY,JOR,EMR,Eastern Mediterranean,YEAR,2005,,,,,,,,,570 [460-680],570,460,680,,2025-11-11T15:08:09Z,2005,2005-01-01,2005-12-31
2366375,TB_e_inc_num,COUNTRY,BRA,AMR,Americas,YEAR,2012,,,,,,,,,83 000 [68 000-100 000],83000,68000,100000,,2025-11-11T15:08:09Z,2012,2012-01-01,2012-12-31
7340283,TB_e_inc_num,COUNTRY,AFG,EMR,Eastern Mediterranean,YEAR,2011,,,,,,,,,60 000 [34 000-131 000],60000,34000,131000,,2025-11-11T15:08:09Z,2011,2011-01-01,2011-12-31
866052,TB_e_inc_num,COUNTRY,GNQ,AFR,Africa,YEAR,2009,,,,,,,,,3100 [1900-5900],3100,1900,5900,,2025-11-11T15:08:09Z,2009,2009-01-01,2009-12-31
7555936,TB_e_inc_num,COUNTRY,MCO,EUR,Europe,YEAR,2005,,,,,,,,,0 [0-0],0,0,0,,2025-11-11T15:08:09Z,2005,2005-01-01,2005-12-31
4344003,TB_e_inc_num,COUNTRY,BDI,AFR,Africa,YEAR,2020,,,,,,,,,12 000 [7500-23 000],12000,7500,23000,,2025-11-11T15:08:09Z,2020,2020-01-01,2020-12-31
1106800,TB_e_inc_num,COUNTRY,MLI,AFR,Africa,YEAR,2010,,,,,,,,,12 000 [6800-24 000],12000,6800,24000,,2025-11-11T15:08:09Z,2010,2010-01-01,2010-12-31
2770833,TB_e_inc_num,COUNTRY,CYP,EUR,Europe,YEAR,2011,,,,,,,,,74 [60-89],74,60,89,,2025-11-11T15:08:09Z,2011,2011-01-01,2011-12-31
6085392,TB_e_inc_num,COUNTRY,KHM,WPR,Western Pacific,YEAR,2009,,,,,,,,,68 000 [50 000-91 000],68000,50000,91000,,2025-11-11T15:08:09Z,2009,2009-01-01,2009-12-31
4519901,TB_e_inc_num,COUNTRY,HUN,EUR,Europe,YEAR,2006,,,,,,,,,2400 [2000-2900],2400,2000,2900,,2025-11-11T15:08:09Z,2006,2006-01-01,2006-12-31
9400990,TB_e_inc_num,COUNTRY,SGP,WPR,Western Pacific,YEAR,2013,,,,,,,,,2600 [2100-3100],2600,2100,3100,,2025-11-11T15:08:09Z,2013,2013-01-01,2013-12-31
1347345,TB_e_inc_num,COUNTRY,LAO,WPR,Western Pacific,YEAR,2012,,,,,,,,,13 000 [7400-21 000],13000,7400,21000,,2025-11-11T15:08:09Z,2012,2012-01-01,2012-12-31
4615260,TB_e_inc_num,COUNTRY,NGA,AFR,Africa,YEAR,2010,,,,,,,,,365 000 [238 000-518 000],365000,238000,518000,,2025-11-11T15:08:09Z,2010,2010-01-01,2010-12-31
8154534,TB_e_inc_num,COUNTRY,JPN,WPR,Western Pacific,YEAR,2000,,,,,,,,,60 000 [49 000-72 000],60000,49000,72000,,2025-11-11T15:08:09Z,2000,2000-01-01,2000-12-31
5014503,TB_e_inc_num,COUNTRY,MMR,SEAR,South-East Asia,YEAR,2011,,,,,,,,,235 000 [104 000-418 000],235000,104000,418000,,2025-11-11T15:08:09Z,2011,2011-01-01,2011-12-31
6700275,TB_e_inc_num,COUNTRY,ATG,AMR,Americas,YEAR,2005,,,,,,,,,6 [5-7],6,5,7,,2025-11-11T15:08:09Z,2005,2005-01-01,2005-12-31
3469586,TB_e_inc_num,COUNTRY,EGY,EMR,Eastern Mediterranean,YEAR,2018,,,,,,,,,12 000 [9800-16 000],12000,9800,16000,,2025-11-11T15:08:09Z,2018,2018-01-01,2018-12-31
8344028,TB_e_inc_num,COUNTRY,VNM,WPR,Western Pacific,YEAR,2019,,,,,,,,,171 000 [109 000-247 000],171000,109000,247000,,2025-11-11T15:08:09Z,2019,2019-01-01,2019-12-31
9983623,TB_e_inc_num,WORLDBANKINCOMEGROUP,WB_UMI,,,YEAR,2017,,,,,,,,,2 710 000 [2 460 000-2 970 000],2710000,2460000,2970000,,2025-11-11T15:08:09Z,2017,2017-01-01,2017-12-31
8521410,TB_e_inc_num,COUNTRY,NAM,AFR,Africa,YEAR,2018,,,,,,,,,14 000 [9400-18 000],14000,9400,18000,,2025-11-11T15:08:09Z,2018,2018-01-01,2018-12-31
5331390,TB_e_inc_num,COUNTRY,MRT,AFR,Africa,YEAR,2000,,,,,,,,,6000 [3100-16 000],6000,3100,16000,,2025-11-11T15:08:09Z,2000,2000-01-01,2000-12-31
6959973,TB_e_inc_num,COUNTRY,ZMB,AFR,Africa,YEAR,2014,,,,,,,,,65 000 [37 000-99 000],65000,37000,99000,,2025-11-11T15:08:09Z,2014,2014-01-01,2014-12-31
7004207,TB_e_inc_num,REGION,SEAR,,,YEAR,2001,,,,,,,,,4 430 000 [2 000 000-7 790 000],4430000,2000000,7790000,,2025-11-11T15:08:09Z,2001,2001-01-01,2001-12-31
3780002,TB_e_inc_num,COUNTRY,USA,AMR,Americas,YEAR,2001,,,,,,,,,21 000 [17 000-25 000],21000,17000,25000,,2025-11-11T15:08:09Z,2001,2001-01-01,2001-12-31
8678953,TB_e_inc_num,COUNTRY,TZA,AFR,Africa,YEAR,2004,,,,,,,,,194 000 [44 000-454 000],194000,44000,454000,,2025-11-11T15:08:09Z,2004,2004-01-01,2004-12-31
5552998,TB_e_inc_num,COUNTRY,LSO,AFR,Africa,YEAR,2011,,,,,,,,,23 000 [9200-42 000],23000,9200,42000,,2025-11-11T15:08:09Z,2011,2011-01-01,2011-12-31
7232758,TB_e_inc_num,COUNTRY,KEN,AFR,Africa,YEAR,2009,,,,,,,,,229 000 [68 000-484 000],229000,68000,484000,,2025-11-11T15:08:09Z,2009,2009-01-01,2009-12-31
4192256,TB_e_inc_num,COUNTRY,BWA,AFR,Africa,YEAR,2010,,,,,,,,,12 000 [7500-24 000],12000,7500,24000,,2025-11-11T15:08:09Z,2010,2010-01-01,2010-12-31
992941,TB_e_inc_num,REGION,WPR,,,YEAR,2020,,,,,,,,,2 670 000 [2 320 000-3 050 000],2670000,2320000,3050000,,2025-11-11T15:08:09Z,2020,2020-01-01,2020-12-31
1024418,TB_e_inc_num,COUNTRY,CHN,WPR,Western Pacific,YEAR,2018,,,,,,,,,861 000 [701 000-1 040 000],861000,701000,1040000,,2025-11-11T15:08:09Z,2018,2018-01-01,2018-12-31
9236037,TB_e_inc_num,WORLDBANKINCOMEGROUP,WB_LI,,,YEAR,2010,,,,,,,,,1 060 000 [831 000-1 320 000],1060000,831000,1320000,,2025-11-11T15:08:09Z,2010,2010-01-01,2010-12-31
1201699,TB_e_inc_num,COUNTRY,MHL,WPR,Western Pacific,YEAR,2017,,,,,,,,,350 [280-420],350,280,420,,2025-11-11T15:08:09Z,2017,2017-01-01,2017-12-31
1239861,TB_e_inc_num,COUNTRY,AGO,AFR,Africa,YEAR,2002,,,,,,,,,68 000 [37 000-166 000],68000,37000,166000,,2025-11-11T15:08:09Z,2002,2002-01-01,2002-12-31
1322372,TB_e_inc_num,COUNTRY,LAO,WPR,Western Pacific,YEAR,2019,,,,,,,,,11 000 [7300-16 000],11000,7300,16000,,2025-11-11T15:08:09Z,2019,2019-01-01,2019-12-31
7865769,TB_e_inc_num,COUNTRY,TGO,AFR,Africa,YEAR,2019,,,,,,,,,4200 [2500-8000],4200,2500,8000,,2025-11-11T15:08:09Z,2019,2019-01-01,2019-12-31
4666097,TB_e_inc_num,COUNTRY,QAT,EMR,Eastern Mediterranean,YEAR,2021,,,,,,,,,1300 [1100-1600],1300,1100,1600,,2025-11-11T15:08:09Z,2021,2021-01-01,2021-12-31
9527731,TB_e_inc_num,COUNTRY,MMR,SEAR,South-East Asia,YEAR,2008,,,,,,,,,256 000 [95 000-495 000],256000,95000,495000,,2025-11-11T15:08:09Z,2008,2008-01-01,2008-12-31
6383096,TB_e_inc_num,GLOBAL,GLOBAL,,,YEAR,2000,,,,,,,,,11 700 000 [8 930 000-14 800 000],11700000,8930000,14800000,,2025-11-11T15:08:09Z,2000,2000-01-01,2000-12-31
4767253,TB_e_inc_num,REGION,EUR,,,YEAR,2013,,,,,,,,,366 000 [306 000-432 000],366000,306000,432000,,2025-11-11T15:08:09Z,2013,2013-01-01,2013-12-31
9673587,TB_e_inc_num,COUNTRY,ARM,EUR,Europe,YEAR,2018,,,,,,,,,1100 [880-1300],1100,880,1300,,2025-11-11T15:08:09Z,2018,2018-01-01,2018-12-31
9907727,TB_e_inc_num,COUNTRY,SOM,EMR,Eastern Mediterranean,YEAR,2000,,,,,,,,,31 000 [8100-1 240 000],31000,8100,1240000,,2025-11-11T15:08:09Z,2000,2000-01-01,2000-12-31
8565901,TB_e_inc_num,COUNTRY,LUX,EUR,Europe,YEAR,2001,,,,,,,,,43 [35-52],43,35,52,,2025-11-11T15:08:09Z,2001,2001-01-01,2001-12-31
2150945,TB_e_inc_num,COUNTRY,AUS,WPR,Western Pacific,YEAR,2011,,,,,,,,,1500 [1200-1800],1500,1200,1800,,2025-11-11T15:08:09Z,2011,2011-01-01,2011-12-31
2232894,TB_e_inc_num,COUNTRY,UGA,AFR,Africa,YEAR,2005,,,,,,,,,65 000 [40 000-96 000],65000,40000,96000,,2025-11-11T15:08:09Z,2005,2005-01-01,2005-12-31
7124878,TB_e_inc_num,COUNTRY,PAN,AMR,Americas,YEAR,2016,,,,,,,,,2500 [2000-3000],2500,2000,3000,,2025-11-11T15:08:09Z,2016,2016-01-01,2016-12-31
7283340,TB_e_inc_num,COUNTRY,LBR,AFR,Africa,YEAR,2019,,,,,,,,,13 000 [7700-24 000],13000,7700,24000,,2025-11-11T15:08:09Z,2019,2019-01-01,2019-12-31
5742963,TB_e_inc_num,COUNTRY,SAU,EMR,Eastern Mediterranean,YEAR,2009,,,,,,,,,4400 [4000-4900],4400,4000,4900,,2025-11-11T15:08:09Z,2009,2009-01-01,2009-12-31
5749258,TB_e_inc_num,COUNTRY,BGD,SEAR,South-East Asia,YEAR,2009,,,,,,,,,334 000 [243 000-439 000],334000,243000,439000,,2025-11-11T15:08:09Z,2009,2009-01-01,2009-12-31
5831757,TB_e_inc_num,COUNTRY,YEM,EMR,Eastern Mediterranean,YEAR,2015,,,,,,,,,10 000 [8700-12 000],10000,8700,12000,,2025-11-11T15:08:09Z,2015,2015-01-01,2015-12-31
7581177,TB_e_inc_num,COUNTRY,KNA,AMR,Americas,YEAR,2009,,,,,,,,,4 [3-5],4,3,5,,2025-11-11T15:08:09Z,2009,2009-01-01,2009-12-31
6034638,TB_e_inc_num,COUNTRY,IRQ,EMR,Eastern Mediterranean,YEAR,2001,,,,,,,,,16 000 [13 000-19 000],16000,13000,19000,,2025-11-11T15:08:09Z,2001,2001-01-01,2001-12-31
2954786,TB_e_inc_num,COUNTRY,WSM,WPR,Western Pacific,YEAR,2019,,,,,,,,,18 [15-22],18,15,22,,2025-11-11T15:08:09Z,2019,2019-01-01,2019-12-31
9470830,TB_e_inc_num,COUNTRY,EGY,EMR,Eastern Mediterranean,YEAR,2005,,,,,,,,,15 000 [12 000-18 000],15000,12000,18000,,2025-11-11T15:08:09Z,2005,2005-01-01,2005-12-31
3011892,TB_e_inc_num,COUNTRY,LBY,EMR,Eastern Mediterranean,YEAR,2011,,,,,,,,,2700 [1700-5000],2700,1700,5000,,2025-11-11T15:08:09Z,2011,2011-01-01,2011-12-31
9540442,TB_e_inc_num,COUNTRY,GNQ,AFR,Africa,YEAR,2020,,,,,,,,,3700 [2300-7200],3700,2300,7200,,2025-11-11T15:08:09Z,2020,2020-01-01,2020-12-31
6522762,TB_e_inc_num,COUNTRY,LUX,EUR,Europe,YEAR,2002,,,,,,,,,43 [35-51],43,35,51,,2025-11-11T15:08:09Z,2002,2002-01-01,2002-12-31
44281,TB_e_inc_num,COUNTRY,OMN,EMR,Eastern Mediterranean,YEAR,2011,,,,,,,,,520 [420-620],520,420,620,,2025-11-11T15:08:09Z,2011,2011-01-01,2011-12-31
9800467,TB_e_inc_num,COUNTRY,RWA,AFR,Africa,YEAR,2015,,,,,,,,,7700 [5400-10 000],7700,5400,10000,,2025-11-11T15:08:09Z,2015,2015-01-01,2015-12-31
1708090,TB_e_inc_num,COUNTRY,KWT,EMR,Eastern Mediterranean,YEAR,2016,,,,,,,,,1100 [890-1300],1100,890,1300,,2025-11-11T15:08:09Z,2016,2016-01-01,2016-12-31
1777461,TB_e_inc_num,COUNTRY,ALB,EUR,Europe,YEAR,2021,,,,,,,,,430 [350-530],430,350,530,,2025-11-11T15:08:09Z,2021,2021-01-01,2021-12-31
164332,TB_e_inc_num,COUNTRY,BTN,SEAR,South-East Asia,YEAR,2014,,,,,,,,,2300 [1800-2700],2300,1800,2700,,2025-11-11T15:08:09Z,2014,2014-01-01,2014-12-31
6751105,TB_e_inc_num,COUNTRY,LAO,WPR,Western Pacific,YEAR,2020,,,,,,,,,11 000 [7100-16 000],11000,7100,16000,,2025-11-11T15:08:09Z,2020,2020-01-01,2020-12-31
10002699,TB_e_inc_num,COUNTRY,NZL,WPR,Western Pacific,YEAR,2014,,,,,,,,,360 [290-430],360,290,430,,2025-11-11T15:08:09Z,2014,2014-01-01,2014-12-31
5211034,TB_e_inc_num,COUNTRY,ARM,EUR,Europe,YEAR,2007,,,,,,,,,3400 [2800-4100],3400,2800,4100,,2025-11-11T15:08:09Z,2007,2007-01-01,2007-12-31
2024815,TB_e_inc_num,COUNTRY,TJK,EUR,Europe,YEAR,2002,,,,,,,,,12 000 [9600-14 000],12000,9600,14000,,2025-11-11T15:08:09Z,2002,2002-01-01,2002-12-31
701050,TB_e_inc_num,COUNTRY,TON,WPR,Western Pacific,YEAR,2012,,,,,,,,,11 [9-13],11,9,13,,2025-11-11T15:08:09Z,2012,2012-01-01,2012-12-31
777201,TB_e_inc_num,REGION,SEAR,,,YEAR,2014,,,,,,,,,4 100 000 [3 120 000-5 220 000],4100000,3120000,5220000,,2025-11-11T15:08:09Z,2014,2014-01-01,2014-12-31
847087,TB_e_inc_num,COUNTRY,PLW,WPR,Western Pacific,YEAR,2006,,,,,,,,,12 [10-14],12,10,14,,2025-11-11T15:08:09Z,2006,2006-01-01,2006-12-31
2739189,TB_e_inc_num,GLOBAL,GLOBAL,,,YEAR,2024,,,,,,,,,10 700 000 [9 920 000-11 500 000],10700000,9920000,11500000,,2025-11-11T15:08:09Z,2024,2024-01-01,2024-12-31
9312193,TB_e_inc_num,COUNTRY,TUV,WPR,Western Pacific,YEAR,2021,,,,,,,,,22 [18-27],22,18,27,,2025-11-11T15:08:09Z,2021,2021-01-01,2021-12-31
4748277,TB_e_inc_num,COUNTRY,CUB,AMR,Americas,YEAR,2023,,,,,,,,,890 [730-1100],890,730,1100,,2025-11-11T15:08:09Z,2023,2023-01-01,2023-12-31
1517798,TB_e_inc_num,GLOBAL,GLOBAL,,,YEAR,2014,,,,,,,,,11 300 000 [10 100 000-12 600 000],11300000,10100000,12600000,,2025-11-11T15:08:09Z,2014,2014-01-01,2014-12-31
8236612,TB_e_inc_num,COUNTRY,MWI,AFR,Africa,YEAR,2014,,,,,,,,,38 000 [13 000-76 000],38000,13000,76000,,2025-11-11T15:08:09Z,2014,2014-01-01,2014-12-31
8293688,TB_e_inc_num,COUNTRY,AUS,WPR,Western Pacific,YEAR,2021,,,,,,,,,1700 [1400-2000],1700,1400,2000,,2025-11-11T15:08:09Z,2021,2021-01-01,2021-12-31
9945774,TB_e_inc_num,COUNTRY,GNB,AFR,Africa,YEAR,2019,,,,,,,,,3700 [2300-7200],3700,2300,7200,,2025-11-11T15:08:09Z,2019,2019-01-01,2019-12-31
9958235,TB_e_inc_num,COUNTRY,FJI,WPR,Western Pacific,YEAR,2011,,,,,,,,,420 [340-500],420,340,500,,2025-11-11T15:08:09Z,2011,2011-01-01,2011-12-31
10084985,TB_e_inc_num,REGION,SEAR,,,YEAR,2017,,,,,,,,,3 820 000 [3 470 000-4 200 000],3820000,3470000,4200000,,2025-11-11T15:08:09Z,2017,2017-01-01,2017-12-31
8673084,TB_e_inc_num,COUNTRY,COM,AFR,Africa,YEAR,2002,,,,,,,,,260 [140-610],260,140,610,,2025-11-11T15:08:09Z,2002,2002-01-01,2002-12-31
8748449,TB_e_inc_num,COUNTRY,HUN,EUR,Europe,YEAR,2017,,,,,,,,,840 [690-1000],840,690,1000,,2025-11-11T15:08:09Z,2017,2017-01-01,2017-12-31
2277376,TB_e_inc_num,COUNTRY,ESP,EUR,Europe,YEAR,2009,,,,,,,,,9400 [7700-11 000],9400,7700,11000,,2025-11-11T15:08:09Z,2009,2009-01-01,2009-12-31
3900402,TB_e_inc_num,COUNTRY,FSM,WPR,Western Pacific,YEAR,2018,,,,,,,,,210 [170-250],210,170,250,,2025-11-11T15:08:09Z,2018,2018-01-01,2018-12-31
707410,TB_e_inc_num,COUNTRY,AUS,WPR,Western Pacific,YEAR,2019,,,,,,,,,1700 [1400-2100],1700,1400,2100,,2025-11-11T15:08:09Z,2019,2019-01-01,2019-12-31
4020971,TB_e_inc_num,REGION,EUR,,,YEAR,2012,,,,,,,,,382 000 [316 000-454 000],382000,316000,454000,,2025-11-11T15:08:09Z,2012,2012-01-01,2012-12-31
828091,TB_e_inc_num,COUNTRY,LKA,SEAR,South-East Asia,YEAR,2006,,,,,,,,,22 000 [12 000-51 000],22000,12000,51000,,2025-11-11T15:08:09Z,2006,2006-01-01,2006-12-31
5831813,TB_e_inc_num,COUNTRY,SWE,EUR,Europe,YEAR,2012,,,,,,,,,720 [590-870],720,590,870,,2025-11-11T15:08:09Z,2012,2012-01-01,2012-12-31
5831825,TB_e_inc_num,COUNTRY,ALB,EUR,Europe,YEAR,2007,,,,,,,,,490 [400-590],490,400,590,,2025-11-11T15:08:09Z,2007,2007-01-01,2007-12-31
5838154,TB_e_inc_num,COUNTRY,PAN,AMR,Americas,YEAR,2005,,,,,,,,,2600 [2100-3200],2600,2100,3200,,2025-11-11T15:08:09Z,2005,2005-01-01,2005-12-31
2802617,TB_e_inc_num,COUNTRY,THA,SEAR,South-East Asia,YEAR,2006,,,,,,,,,143 000 [54 000-275 000],143000,54000,275000,,2025-11-11T15:08:09Z,2006,2006-01-01,2006-12-31
9293234,TB_e_inc_num,COUNTRY,LTU,EUR,Europe,YEAR,2021,,,,,,,,,860 [700-1000],860,700,1000,,2025-11-11T15:08:09Z,2021,2021-01-01,2021-12-31
9324952,TB_e_inc_num,COUNTRY,BRA,AMR,Americas,YEAR,2020,,,,,,,,,93 000 [76 000-112 000],93000,76000,112000,,2025-11-11T15:08:09Z,2020,2020-01-01,2020-12-31
2917024,TB_e_inc_num,COUNTRY,ARM,EUR,Europe,YEAR,2016,,,,,,,,,1600 [1300-1900],1600,1300,1900,,2025-11-11T15:08:09Z,2016,2016-01-01,2016-12-31
9616781,TB_e_inc_num,COUNTRY,ITA,EUR,Europe,YEAR,2003,,,,,,,,,6100 [4900-7300],6100,4900,7300,,2025-11-11T15:08:09Z,2003,2003-01-01,2003-12-31
8078498,TB_e_inc_num,WORLDBANKINCOMEGROUP,WB_LI,,,YEAR,2013,,,,,,,,,1 110 000 [877 000-1 370 000],1110000,877000,1370000,,2025-11-11T15:08:09Z,2013,2013-01-01,2013-12-31
12460,TB_e_inc_num,COUNTRY,SYC,AFR,Africa,YEAR,2022,,,,,,,,,16 [13-19],16,13,19,,2025-11-11T15:08:09Z,2022,2022-01-01,2022-12-31
1670064,TB_e_inc_num,COUNTRY,ALB,EUR,Europe,YEAR,2003,,,,,,,,,620 [510-750],620,510,750,,2025-11-11T15:08:09Z,2003,2003-01-01,2003-12-31
3330440,TB_e_inc_num,COUNTRY,PNG,WPR,Western Pacific,YEAR,2015,,,,,,,,,55 000 [31 000-120 000],55000,31000,120000,,2025-11-11T15:08:09Z,2015,2015-01-01,2015-12-31
6618256,TB_e_inc_num,COUNTRY,SVK,EUR,Europe,YEAR,2021,,,,,,,,,160 [130-200],160,130,200,,2025-11-11T15:08:09Z,2021,2021-01-01,2021-12-31
1790242,TB_e_inc_num,REGION,EMR,,,YEAR,2015,,,,,,,,,830 000 [622 000-1 070 000],830000,622000,1070000,,2025-11-11T15:08:09Z,2015,2015-01-01,2015-12-31
3444294,TB_e_inc_num,COUNTRY,MYS,WPR,Western Pacific,YEAR,2005,,,,,,,,,26 000 [21 000-32 000],26000,21000,32000,,2025-11-11T15:08:09Z,2005,2005-01-01,2005-12-31
1853628,TB_e_inc_num,COUNTRY,WSM,WPR,Western Pacific,YEAR,2001,,,,,,,,,22 [18-27],22,18,27,,2025-11-11T15:08:09Z,2001,2001-01-01,2001-12-31
8458059,TB_e_inc_num,COUNTRY,KGZ,EUR,Europe,YEAR,2015,,,,,,,,,11 000 [8700-13 000],11000,8700,13000,,2025-11-11T15:08:09Z,2015,2015-01-01,2015-12-31
6865032,TB_e_inc_num,COUNTRY,DOM,AMR,Americas,YEAR,2007,,,,,,,,,7300 [6000-8800],7300,6000,8800,,2025-11-11T15:08:09Z,2007,2007-01-01,2007-12-31
8515158,TB_e_inc_num,COUNTRY,MCO,EUR,Europe,YEAR,2024,,,,,,,,,0 [0-0],0,0,0,,2025-11-11T15:08:09Z,2024,2024-01-01,2024-12-31
2106796,TB_e_inc_num,COUNTRY,MYS,WPR,Western Pacific,YEAR,2016,,,,,,,,,34 000 [27 000-41 000],34000,27000,41000,,2025-11-11T15:08:09Z,2016,2016-01-01,2016-12-31
3875161,TB_e_inc_num,COUNTRY,COL,AMR,Americas,YEAR,2021,,,,,,,,,21 000 [17 000-25 000],21000,17000,25000,,2025-11-11T15:08:09Z,2021,2021-01-01,2021-12-31
2302816,TB_e_inc_num,COUNTRY,SMR,EUR,Europe,YEAR,2004,,,,,,,,,0 [0-0],0,0,0,,2025-11-11T15:08:09Z,2004,2004-01-01,2004-12-31
694755,TB_e_inc_num,COUNTRY,MUS,AFR,Africa,YEAR,2019,,,,,,,,,180 [150-220],180,150,220,,2025-11-11T15:08:09Z,2019,2019-01-01,2019-12-31
5559462,TB_e_inc_num,COUNTRY,UGA,AFR,Africa,YEAR,2002,,,,,,,,,65 000 [38 000-100 000],65000,38000,100000,,2025-11-11T15:08:09Z,2002,2002-01-01,2002-12-31
7201164,TB_e_inc_num,COUNTRY,CHE,EUR,Europe,YEAR,2008,,,,,,,,,580 [470-700],580,470,700,,2025-11-11T15:08:09Z,2008,2008-01-01,2008-12-31
5610079,TB_e_inc_num,COUNTRY,JAM,AMR,Americas,YEAR,2020,,,,,,,,,82 [66-98],82,66,98,,2025-11-11T15:08:09Z,2020,2020-01-01,2020-12-31
4033675,TB_e_inc_num,COUNTRY,UGA,AFR,Africa,YEAR,2024,,,,,,,,,99 000 [59 000-148 000],99000,59000,148000,,2025-11-11T15:08:09Z,2024,2024-01-01,2024-12-31
2518137,TB_e_inc_num,REGION,AFR,,,YEAR,2006,,,,,,,,,2 980 000 [2 310 000-3 730 000],2980000,2310000,3730000,,2025-11-11T15:08:09Z,2006,2006-01-01,2006-12-31
4337797,TB_e_inc_num,COUNTRY,MHL,WPR,Western Pacific,YEAR,2013,,,,,,,,,270 [220-330],270,220,330,,2025-11-11T15:08:09Z,2013,2013-01-01,2013-12-31
1353825,TB_e_inc_num,COUNTRY,DOM,AMR,Americas,YEAR,2012,,,,,,,,,6200 [5000-7500],6200,5000,7500,,2025-11-11T15:08:09Z,2012,2012-01-01,2012-12-31
7929211,TB_e_inc_num,COUNTRY,TTO,AMR,Americas,YEAR,2007,,,,,,,,,340 [270-410],340,270,410,,2025-11-11T15:08:09Z,2007,2007-01-01,2007-12-31
3203718,TB_e_inc_num,COUNTRY,ETH,AFR,Africa,YEAR,2002,,,,,,,,,313 000 [177 000-486 000],313000,177000,486000,,2025-11-11T15:08:09Z,2002,2002-01-01,2002-12-31
4919587,TB_e_inc_num,COUNTRY,EST,EUR,Europe,YEAR,2000,,,,,,,,,1500 [1200-1800],1500,1200,1800,,2025-11-11T15:08:09Z,2000,2000-01-01,2000-12-31
76026,TB_e_inc_num,COUNTRY,BIH,EUR,Europe,YEAR,2002,,,,,,,,,3700 [3000-4400],3700,3000,4400,,2025-11-11T15:08:09Z,2002,2002-01-01,2002-12-31
5014650,TB_e_inc_num,COUNTRY,TTO,AMR,Americas,YEAR,2020,,,,,,,,,290 [240-350],290,240,350,,2025-11-11T15:08:09Z,2020,2020-01-01,2020-12-31
1821870,TB_e_inc_num,COUNTRY,SDN,EMR,Eastern Mediterranean,YEAR,2010,,,,,,,,,54 000 [16 000-115 000],54000,16000,115000,,2025-11-11T15:08:09Z,2010,2010-01-01,2010-12-31
8363160,TB_e_inc_num,COUNTRY,VEN,AMR,Americas,YEAR,2011,,,,,,,,,9300 [7600-11 000],9300,7600,11000,,2025-11-11T15:08:09Z,2011,2011-01-01,2011-12-31
6839681,TB_e_inc_num,COUNTRY,BRN,WPR,Western Pacific,YEAR,2020,,,,,,,,,400 [330-490],400,330,490,,2025-11-11T15:08:09Z,2020,2020-01-01,2020-12-31
3602491,TB_e_inc_num,GLOBAL,GLOBAL,,,YEAR,2003,,,,,,,,,12 100 000 [9 220 000-15 300 000],12100000,9220000,15300000,,2025-11-11T15:08:09Z,2003,2003-01-01,2003-12-31
411116,TB_e_inc_num,COUNTRY,BHS,AMR,Americas,YEAR,2002,,,,,,,,,82 [66-98],82,66,98,,2025-11-11T15:08:09Z,2002,2002-01-01,2002-12-31
6896793,TB_e_inc_num,COUNTRY,PAN,AMR,Americas,YEAR,2024,,,,,,,,,2800 [2300-3400],2800,2300,3400,,2025-11-11T15:08:09Z,2024,2024-01-01,2024-12-31
2087767,TB_e_inc_num,COUNTRY,HND,AMR,Americas,YEAR,2001,,,,,,,,,13 000 [11 000-16 000],13000,11000,16000,,2025-11-11T15:08:09Z,2001,2001-01-01,2001-12-31
3710263,TB_e_inc_num,COUNTRY,KOR,WPR,Western Pacific,YEAR,2004,,,,,,,,,37 000 [35 000-40 000],37000,35000,40000,,2025-11-11T15:08:09Z,2004,2004-01-01,2004-12-31
556380,TB_e_inc_num,COUNTRY,ARE,EMR,Eastern Mediterranean,YEAR,2001,,,,,,,,,170 [140-210],170,140,210,,2025-11-11T15:08:09Z,2001,2001-01-01,2001-12-31
5439006,TB_e_inc_num,COUNTRY,GRC,EUR,Europe,YEAR,2009,,,,,,,,,740 [600-890],740,600,890,,2025-11-11T15:08:09Z,2009,2009-01-01,2009-12-31
2372866,TB_e_inc_num,COUNTRY,IND,SEAR,South-East Asia,YEAR,2005,,,,,,,,,3 590 000 [1 280 000-7 040 000],3590000,1280000,7040000,,2025-11-11T15:08:09Z,2005,2005-01-01,2005-12-31
8874736,TB_e_inc_num,COUNTRY,BGD,SEAR,South-East Asia,YEAR,2014,,,,,,,,,349 000 [254 000-459 000],349000,254000,459000,,2025-11-11T15:08:09Z,2014,2014-01-01,2014-12-31
2467434,TB_e_inc_num,COUNTRY,ARM,EUR,Europe,YEAR,2017,,,,,,,,,1300 [1000-1500],1300,1000,1500,,2025-11-11T15:08:09Z,2017,2017-01-01,2017-12-31
1138490,TB_e_inc_num,COUNTRY,ISL,EUR,Europe,YEAR,2013,,,,,,,,,11 [9-13],11,9,13,,2025-11-11T15:08:09Z,2013,2013-01-01,2013-12-31
1151189,TB_e_inc_num,COUNTRY,LUX,EUR,Europe,YEAR,2021,,,,,,,,,41 [33-49],41,33,49,,2025-11-11T15:08:09Z,2021,2021-01-01,2021-12-31
4393704,TB_e_inc_num,COUNTRY,VNM,WPR,Western Pacific,YEAR,2013,,,,,,,,,192 000 [107 000-300 000],192000,107000,300000,,2025-11-11T15:08:09Z,2013,2013-01-01,2013-12-31
4488320,TB_e_inc_num,COUNTRY,MOZ,AFR,Africa,YEAR,2001,,,,,,,,,63 000 [40 000-90 000],63000,40000,90000,,2025-11-11T15:08:09Z,2001,2001-01-01,2001-12-31
3444357,TB_e_inc_num,COUNTRY,MHL,WPR,Western Pacific,YEAR,2019,,,,,,,,,390 [310-460],390,310,460,,2025-11-11T15:08:09Z,2019,2019-01-01,2019-12-31
10047061,TB_e_inc_num,COUNTRY,IDN,WPR,Western Pacific,YEAR,2005,,,,,,,,,832 000 [747 000-921 000],832000,747000,921000,,2025-11-11T15:08:09Z,2005,2005-01-01,2005-12-31
6827040,TB_e_inc_num,COUNTRY,SGP,WPR,Western Pacific,YEAR,2000,,,,,,,,,3100 [2500-3700],3100,2500,3700,,2025-11-11T15:08:09Z,2000,2000-01-01,2000-12-31
8445353,TB_e_inc_num,COUNTRY,SLE,AFR,Africa,YEAR,2019,,,,,,,,,32 000 [19 000-61 000],32000,19000,61000,,2025-11-11T15:08:09Z,2019,2019-01-01,2019-12-31
411143,TB_e_inc_num,COUNTRY,NPL,SEAR,South-East Asia,YEAR,2011,,,,,,,,,83 000 [47 000-129 000],83000,47000,129000,,2025-11-11T15:08:09Z,2011,2011-01-01,2011-12-31
3697579,TB_e_inc_num,COUNTRY,LAO,WPR,Western Pacific,YEAR,2001,,,,,,,,,18 000 [6400-34 000],18000,6400,34000,,2025-11-11T15:08:09Z,2001,2001-01-01,2001-12-31
530999,TB_e_inc_num,COUNTRY,ATG,AMR,Americas,YEAR,2002,,,,,,,,,4 [3-5],4,3,5,,2025-11-11T15:08:09Z,2002,2002-01-01,2002-12-31
5419997,TB_e_inc_num,COUNTRY,SYC,AFR,Africa,YEAR,2000,,,,,,,,,20 [16-24],20,16,24,,2025-11-11T15:08:09Z,2000,2000-01-01,2000-12-31
2454782,TB_e_inc_num,COUNTRY,UKR,EUR,Europe,YEAR,2000,,,,,,,,,96 000 [78 000-115 000],96000,78000,115000,,2025-11-11T15:08:09Z,2000,2000-01-01,2000-12-31
5698681,TB_e_inc_num,COUNTRY,SWE,EUR,Europe,YEAR,2002,,,,,,,,,520 [430-630],520,430,630,,2025-11-11T15:08:09Z,2002,2002-01-01,2002-12-31
2467448,TB_e_inc_num,COUNTRY,PLW,WPR,Western Pacific,YEAR,2000,,,,,,,,,11 [9-13],11,9,13,,2025-11-11T15:08:09Z,2000,2000-01-01,2000-12-31
7694935,TB_e_inc_num,COUNTRY,LVA,EUR,Europe,YEAR,2004,,,,,,,,,3200 [2600-3900],3200,2600,3900,,2025-11-11T15:08:09Z,2004,2004-01-01,2004-12-31
4653566,TB_e_inc_num,COUNTRY,BGD,SEAR,South-East Asia,YEAR,2003,,,,,,,,,312 000 [227 000-410 000],312000,227000,410000,,2025-11-11T15:08:09Z,2003,2003-01-01,2003-12-31
7948198,TB_e_inc_num,COUNTRY,HTI,AMR,Americas,YEAR,2018,,,,,,,,,28 000 [23 000-34 000],28000,23000,34000,,2025-11-11T15:08:09Z,2018,2018-01-01,2018-12-31
7997994,TB_e_inc_num,COUNTRY,BTN,SEAR,South-East Asia,YEAR,2012,,,,,,,,,2600 [2100-3100],2600,2100,3100,,2025-11-11T15:08:09Z,2012,2012-01-01,2012-12-31
9654747,TB_e_inc_num,COUNTRY,KGZ,EUR,Europe,YEAR,2008,,,,,,,,,13 000 [11 000-16 000],13000,11000,16000,,2025-11-11T15:08:09Z,2008,2008-01-01,2008-12-31
25279,TB_e_inc_num,WORLDBANKINCOMEGROUP,WB_UMI,,,YEAR,2010,,,,,,,,,3 150 000 [2 730 000-3 610 000],3150000,2730000,3610000,,2025-11-11T15:08:09Z,2010,2010-01-01,2010-12-31
6522877,TB_e_inc_num,COUNTRY,TZA,AFR,Africa,YEAR,2023,,,,,,,,,122 000 [47 000-232 000],122000,47000,232000,,2025-11-11T15:08:09Z,2023,2023-01-01,2023-12-31
1663822,TB_e_inc_num,COUNTRY,BGD,SEAR,South-East Asia,YEAR,2012,,,,,,,,,343 000 [250 000-451 000],343000,250000,451000,,2025-11-11T15:08:09Z,2012,2012-01-01,2012-12-31
259587,TB_e_inc_num,COUNTRY,UKR,EUR,Europe,YEAR,2020,,,,,,,,,33 000 [27 000-40 000],33000,27000,40000,,2025-11-11T15:08:09Z,2020,2020-01-01,2020-12-31
6744911,TB_e_inc_num,COUNTRY,BWA,AFR,Africa,YEAR,2014,,,,,,,,,10 000 [6200-20 000],10000,6200,20000,,2025-11-11T15:08:09Z,2014,2014-01-01,2014-12-31
10034355,TB_e_inc_num,COUNTRY,GRD,AMR,Americas,YEAR,2016,,,,,,,,,6 [5-7],6,5,7,,2025-11-11T15:08:09Z,2016,2016-01-01,2016-12-31
5185808,TB_e_inc_num,COUNTRY,LBY,EMR,Eastern Mediterranean,YEAR,2006,,,,,,,,,3700 [2300-7400],3700,2300,7400,,2025-11-11T15:08:09Z,2006,2006-01-01,2006-12-31
329247,TB_e_inc_num,COUNTRY,TUR,EUR,Europe,YEAR,2021,,,,,,,,,13 000 [11 000-16 000],13000,11000,16000,,2025-11-11T15:08:09Z,2021,2021-01-01,2021-12-31
341704,TB_e_inc_num,COUNTRY,ARE,EMR,Eastern Mediterranean,YEAR,2020,,,,,,,,,81 [66-97],81,66,97,,2025-11-11T15:08:09Z,2020,2020-01-01,2020-12-31
6839739,TB_e_inc_num,COUNTRY,SEN,AFR,Africa,YEAR,2003,,,,,,,,,20 000 [11 000-47 000],20000,11000,47000,,2025-11-11T15:08:09Z,2003,2003-01-01,2003-12-31
411173,TB_e_inc_num,COUNTRY,GMB,AFR,Africa,YEAR,2001,,,,,,,,,2800 [1900-3900],2800,1900,3900,,2025-11-11T15:08:09Z,2001,2001-01-01,2001-12-31
8540633,TB_e_inc_num,COUNTRY,AUT,EUR,Europe,YEAR,2006,,,,,,,,,1100 [900-1300],1100,900,1300,,2025-11-11T15:08:09Z,2006,2006-01-01,2006-12-31
5388297,TB_e_inc_num,COUNTRY,ALB,EUR,Europe,YEAR,2020,,,,,,,,,450 [360-540],450,360,540,,2025-11-11T15:08:09Z,2020,2020-01-01,2020-12-31
7086888,TB_e_inc_num,COUNTRY,COD,AFR,Africa,YEAR,2013,,,,,,,,,357 000 [219 000-686 000],357000,219000,686000,,2025-11-11T15:08:09Z,2013,2013-01-01,2013-12-31
7150445,TB_e_inc_num,COUNTRY,LUX,EUR,Europe,YEAR,2018,,,,,,,,,49 [40-59],49,40,59,,2025-11-11T15:08:09Z,2018,2018-01-01,2018-12-31
4337853,TB_e_inc_num,COUNTRY,MAR,EMR,Eastern Mediterranean,YEAR,2009,,,,,,,,,31 000 [25 000-37 000],31000,25000,37000,,2025-11-11T15:08:09Z,2009,2009-01-01,2009-12-31
4545480,TB_e_inc_num,COUNTRY,SOM,EMR,Eastern Mediterranean,YEAR,2019,,,,,,,,,28 000 [17 000-54 000],28000,17000,54000,,2025-11-11T15:08:09Z,2019,2019-01-01,2019-12-31
9413882,TB_e_inc_num,COUNTRY,JOR,EMR,Eastern Mediterranean,YEAR,2020,,,,,,,,,580 [470-700],580,470,700,,2025-11-11T15:08:09Z,2020,2020-01-01,2020-12-31
9572368,TB_e_inc_num,COUNTRY,PSE,EMR,Eastern Mediterranean,YEAR,2021,,,,,,,,,36 [29-43],36,29,43,,2025-11-11T15:08:09Z,2021,2021-01-01,2021-12-31
7992700,TB_e_inc_num,COUNTRY,GTM,AMR,Americas,YEAR,2012,,,,,,,,,3900 [3200-4700],3900,3200,4700,,2025-11-11T15:08:09Z,2012,2012-01-01,2012-12-31
3235538,TB_e_inc_num,COUNTRY,SLB,WPR,Western Pacific,YEAR,2002,,,,,,,,,1000 [830-1200],1000,830,1200,,2025-11-11T15:08:09Z,2002,2002-01-01,2002-12-31
10047098,TB_e_inc_num,COUNTRY,LCA,AMR,Americas,YEAR,2023,,,,,,,,,2 [2-2],2,2,2,,2025-11-11T15:08:09Z,2023,2023-01-01,2023-12-31
417545,TB_e_inc_num,COUNTRY,BRB,AMR,Americas,YEAR,2023,,,,,,,,,2 [2-2],2,2,2,,2025-11-11T15:08:09Z,2023,2023-01-01,2023-12-31
3761134,TB_e_inc_num,COUNTRY,ZMB,AFR,Africa,YEAR,2021,,,,,,,,,60 000 [38 000-87 000],60000,38000,87000,,2025-11-11T15:08:09Z,2021,2021-01-01,2021-12-31
2195266,TB_e_inc_num,COUNTRY,FRA,EUR,Europe,YEAR,2002,,,,,,,,,6900 [6600-7200],6900,6600,7200,,2025-11-11T15:08:09Z,2002,2002-01-01,2002-12-31
7220281,TB_e_inc_num,COUNTRY,KWT,EMR,Eastern Mediterranean,YEAR,2014,,,,,,,,,970 [790-1200],970,790,1200,,2025-11-11T15:08:09Z,2014,2014-01-01,2014-12-31
2379276,TB_e_inc_num,COUNTRY,NRU,WPR,Western Pacific,YEAR,2001,,,,,,,,,3 [2-4],3,2,4,,2025-11-11T15:08:09Z,2001,2001-01-01,2001-12-31
5635583,TB_e_inc_num,COUNTRY,URY,AMR,Americas,YEAR,2019,,,,,,,,,1300 [1000-1500],1300,1000,1500,,2025-11-11T15:08:09Z,2019,2019-01-01,2019-12-31
5679640,TB_e_inc_num,COUNTRY,KAZ,EUR,Europe,YEAR,2024,,,,,,,,,9200 [7500-11 000],9200,7500,11000,,2025-11-11T15:08:09Z,2024,2024-01-01,2024-12-31
5800230,TB_e_inc_num,COUNTRY,ROU,EUR,Europe,YEAR,2019,,,,,,,,,14 000 [12 000-17 000],14000,12000,17000,,2025-11-11T15:08:09Z,2019,2019-01-01,2019-12-31
967773,TB_e_inc_num,COUNTRY,SYC,AFR,Africa,YEAR,2001,,,,,,,,,19 [15-23],19,15,23,,2025-11-11T15:08:09Z,2001,2001-01-01,2001-12-31
4306421,TB_e_inc_num,COUNTRY,NAM,AFR,Africa,YEAR,2008,,,,,,,,,22 000 [9600-39 000],22000,9600,39000,,2025-11-11T15:08:09Z,2008,2008-01-01,2008-12-31
1214625,TB_e_inc_num,COUNTRY,AUS,WPR,Western Pacific,YEAR,2018,,,,,,,,,1600 [1300-2000],1600,1300,2000,,2025-11-11T15:08:09Z,2018,2018-01-01,2018-12-31
6237230,TB_e_inc_num,COUNTRY,KGZ,EUR,Europe,YEAR,2019,,,,,,,,,8800 [7200-11 000],8800,7200,11000,,2025-11-11T15:08:09Z,2019,2019-01-01,2019-12-31
1517944,TB_e_inc_num,COUNTRY,BGD,SEAR,South-East Asia,YEAR,2004,,,,,,,,,316 000 [230 000-416 000],316000,230000,416000,,2025-11-11T15:08:09Z,2004,2004-01-01,2004-12-31
1555920,TB_e_inc_num,COUNTRY,SOM,EMR,Eastern Mediterranean,YEAR,2016,,,,,,,,,26 000 [16 000-53 000],26000,16000,53000,,2025-11-11T15:08:09Z,2016,2016-01-01,2016-12-31
9661098,TB_e_inc_num,COUNTRY,IRN,EMR,Eastern Mediterranean,YEAR,2015,,,,,,,,,16 000 [13 000-20 000],16000,13000,20000,,2025-11-11T15:08:09Z,2015,2015-01-01,2015-12-31
4837328,TB_e_inc_num,REGION,AFR,,,YEAR,2000,,,,,,,,,2 400 000 [1 990 000-2 850 000],2400000,1990000,2850000,,2025-11-11T15:08:09Z,2000,2000-01-01,2000-12-31
6503871,TB_e_inc_num,COUNTRY,ETH,AFR,Africa,YEAR,2024,,,,,,,,,186 000 [97 000-302 000],186000,97000,302000,,2025-11-11T15:08:09Z,2024,2024-01-01,2024-12-31
9756289,TB_e_inc_num,COUNTRY,DEU,EUR,Europe,YEAR,2024,,,,,,,,,4600 [4100-5100],4600,4100,5100,,2025-11-11T15:08:09Z,2024,2024-01-01,2024-12-31
4951420,TB_e_inc_num,COUNTRY,CZE,EUR,Europe,YEAR,2021,,,,,,,,,420 [340-500],420,340,500,,2025-11-11T15:08:09Z,2021,2021-01-01,2021-12-31
9869892,TB_e_inc_num,COUNTRY,BTN,SEAR,South-East Asia,YEAR,2013,,,,,,,,,2400 [1900-2900],2400,1900,2900,,2025-11-11T15:08:09Z,2013,2013-01-01,2013-12-31
183513,TB_e_inc_num,COUNTRY,BRN,WPR,Western Pacific,YEAR,2012,,,,,,,,,350 [280-420],350,280,420,,2025-11-11T15:08:09Z,2012,2012-01-01,2012-12-31
8388387,TB_e_inc_num,COUNTRY,ITA,EUR,Europe,YEAR,2018,,,,,,,,,4400 [3600-5400],4400,3600,5400,,2025-11-11T15:08:09Z,2018,2018-01-01,2018-12-31
1967883,TB_e_inc_num,COUNTRY,HTI,AMR,Americas,YEAR,2023,,,,,,,,,22 000 [18 000-26 000],22000,18000,26000,,2025-11-11T15:08:09Z,2023,2023-01-01,2023-12-31
10085143,TB_e_inc_num,REGION,EMR,,,YEAR,2011,,,,,,,,,811 000 [595 000-1 060 000],811000,595000,1060000,,2025-11-11T15:08:09Z,2011,2011-01-01,2011-12-31
10116979,TB_e_inc_num,COUNTRY,MOZ,AFR,Africa,YEAR,2007,,,,,,,,,74 000 [47 000-108 000],74000,47000,108000,,2025-11-11T15:08:09Z,2007,2007-01-01,2007-12-31
8585129,TB_e_inc_num,COUNTRY,FJI,WPR,Western Pacific,YEAR,2000,,,,,,,,,410 [330-490],410,330,490,,2025-11-11T15:08:09Z,2000,2000-01-01,2000-12-31
7086939,TB_e_inc_num,COUNTRY,KAZ,EUR,Europe,YEAR,2004,,,,,,,,,29 000 [23 000-35 000],29000,23000,35000,,2025-11-11T15:08:09Z,2004,2004-01-01,2004-12-31
7163200,TB_e_inc_num,COUNTRY,MOZ,AFR,Africa,YEAR,2017,,,,,,,,,102 000 [63 000-150 000],102000,63000,150000,,2025-11-11T15:08:09Z,2017,2017-01-01,2017-12-31
3989404,TB_e_inc_num,COUNTRY,KIR,WPR,Western Pacific,YEAR,2013,,,,,,,,,1000 [820-1200],1000,820,1200,,2025-11-11T15:08:09Z,2013,2013-01-01,2013-12-31
4027448,TB_e_inc_num,COUNTRY,UGA,AFR,Africa,YEAR,2011,,,,,,,,,69 000 [47 000-96 000],69000,47000,96000,,2025-11-11T15:08:09Z,2011,2011-01-01,2011-12-31
7283536,TB_e_inc_num,COUNTRY,TLS,SEAR,South-East Asia,YEAR,2016,,,,,,,,,5000 [3100-9200],5000,3100,9200,,2025-11-11T15:08:09Z,2016,2016-01-01,2016-12-31
8906524,TB_e_inc_num,COUNTRY,KOR,WPR,Western Pacific,YEAR,2011,,,,,,,,,49 000 [46 000-53 000],49000,46000,53000,,2025-11-11T15:08:09Z,2011,2011-01-01,2011-12-31
8963787,TB_e_inc_num,COUNTRY,TZA,AFR,Africa,YEAR,2024,,,,,,,,,118 000 [46 000-224 000],118000,46000,224000,,2025-11-11T15:08:09Z,2024,2024-01-01,2024-12-31
4122526,TB_e_inc_num,COUNTRY,ISL,EUR,Europe,YEAR,2004,,,,,,,,,11 [9-13],11,9,13,,2025-11-11T15:08:09Z,2004,2004-01-01,2004-12-31
2511877,TB_e_inc_num,REGION,EMR,,,YEAR,2007,,,,,,,,,787 000 [582 000-1 020 000],787000,582000,1020000,,2025-11-11T15:08:09Z,2007,2007-01-01,2007-12-31
5762163,TB_e_inc_num,COUNTRY,SUR,AMR,Americas,YEAR,2007,,,,,,,,,230 [180-270],230,180,270,,2025-11-11T15:08:09Z,2007,2007-01-01,2007-12-31
5768523,TB_e_inc_num,COUNTRY,MNE,EUR,Europe,YEAR,2013,,,,,,,,,180 [150-220],180,150,220,,2025-11-11T15:08:09Z,2013,2013-01-01,2013-12-31
2607111,TB_e_inc_num,COUNTRY,TCD,AFR,Africa,YEAR,2004,,,,,,,,,13 000 [6800-33 000],13000,6800,33000,,2025-11-11T15:08:09Z,2004,2004-01-01,2004-12-31
5984221,TB_e_inc_num,COUNTRY,DNK,EUR,Europe,YEAR,2023,,,,,,,,,210 [170-250],210,170,250,,2025-11-11T15:08:09Z,2023,2023-01-01,2023-12-31
6009507,TB_e_inc_num,COUNTRY,LKA,SEAR,South-East Asia,YEAR,2004,,,,,,,,,24 000 [12 000-82 000],24000,12000,82000,,2025-11-11T15:08:09Z,2004,2004-01-01,2004-12-31
2809126,TB_e_inc_num,COUNTRY,SWZ,AFR,Africa,YEAR,2021,,,,,,,,,4000 [2300-6000],4000,2300,6000,,2025-11-11T15:08:09Z,2021,2021-01-01,2021-12-31
2898102,TB_e_inc_num,WORLDBANKINCOMEGROUP,WB_LMI,,,YEAR,2003,,,,,,,,,6 960 000 [4 290 000-10 300 000],6960000,4290000,10300000,,2025-11-11T15:08:09Z,2003,2003-01-01,2003-12-31
7770945,TB_e_inc_num,COUNTRY,GRC,EUR,Europe,YEAR,2022,,,,,,,,,370 [300-450],370,300,450,,2025-11-11T15:08:09Z,2022,2022-01-01,2022-12-31
9420303,TB_e_inc_num,COUNTRY,CUB,AMR,Americas,YEAR,2004,,,,,,,,,1300 [1000-1500],1300,1000,1500,,2025-11-11T15:08:09Z,2004,2004-01-01,2004-12-31
7840783,TB_e_inc_num,COUNTRY,ITA,EUR,Europe,YEAR,2009,,,,,,,,,5200 [4200-6300],5200,4200,6300,,2025-11-11T15:08:09Z,2009,2009-01-01,2009-12-31
4742116,TB_e_inc_num,COUNTRY,SMR,EUR,Europe,YEAR,2018,,,,,,,,,0 [0-0],0,0,0,,2025-11-11T15:08:09Z,2018,2018-01-01,2018-12-31
7986450,TB_e_inc_num,COUNTRY,DJI,EMR,Eastern Mediterranean,YEAR,2016,,,,,,,,,6200 [5100-7500],6200,5100,7500,,2025-11-11T15:08:09Z,2016,2016-01-01,2016-12-31
9692931,TB_e_inc_num,COUNTRY,BWA,AFR,Africa,YEAR,2003,,,,,,,,,15 000 [8700-34 000],15000,8700,34000,,2025-11-11T15:08:09Z,2003,2003-01-01,2003-12-31
101392,TB_e_inc_num,COUNTRY,KIR,WPR,Western Pacific,YEAR,2022,,,,,,,,,770 [620-920],770,620,920,,2025-11-11T15:08:09Z,2022,2022-01-01,2022-12-31
6732247,TB_e_inc_num,COUNTRY,BRB,AMR,Americas,YEAR,2016,,,,,,,,,3 [2-4],3,2,4,,2025-11-11T15:08:09Z,2016,2016-01-01,2016-12-31
6738629,TB_e_inc_num,COUNTRY,IND,SEAR,South-East Asia,YEAR,2021,,,,,,,,,2 770 000 [2 400 000-3 210 000],2770000,2400000,3210000,,2025-11-11T15:08:09Z,2021,2021-01-01,2021-12-31
6833458,TB_e_inc_num,COUNTRY,POL,EUR,Europe,YEAR,2006,,,,,,,,,12 000 [9400-14 000],12000,9400,14000,,2025-11-11T15:08:09Z,2006,2006-01-01,2006-12-31
10161231,TB_e_inc_num,COUNTRY,ESP,EUR,Europe,YEAR,2004,,,,,,,,,8500 [6900-10 000],8500,6900,10000,,2025-11-11T15:08:09Z,2004,2004-01-01,2004-12-31
2511898,TB_e_inc_num,COUNTRY,MLI,AFR,Africa,YEAR,2016,,,,,,,,,12 000 [7000-24 000],12000,7000,24000,,2025-11-11T15:08:09Z,2016,2016-01-01,2016-12-31
7467494,TB_e_inc_num,COUNTRY,AUS,WPR,Western Pacific,YEAR,2010,,,,,,,,,1500 [1200-1800],1500,1200,1800,,2025-11-11T15:08:09Z,2010,2010-01-01,2010-12-31
4444187,TB_e_inc_num,COUNTRY,POL,EUR,Europe,YEAR,2010,,,,,,,,,9600 [7800-12 000],9600,7800,12000,,2025-11-11T15:08:09Z,2010,2010-01-01,2010-12-31
7847195,TB_e_inc_num,COUNTRY,UKR,EUR,Europe,YEAR,2021,,,,,,,,,36 000 [29 000-43 000],36000,29000,43000,,2025-11-11T15:08:09Z,2021,2021-01-01,2021-12-31
3039342,TB_e_inc_num,COUNTRY,UGA,AFR,Africa,YEAR,2004,,,,,,,,,65 000 [42 000-93 000],65000,42000,93000,,2025-11-11T15:08:09Z,2004,2004-01-01,2004-12-31
8110281,TB_e_inc_num,COUNTRY,EGY,EMR,Eastern Mediterranean,YEAR,2007,,,,,,,,,14 000 [11 000-17 000],14000,11000,17000,,2025-11-11T15:08:09Z,2007,2007-01-01,2007-12-31
6567468,TB_e_inc_num,COUNTRY,SLB,WPR,Western Pacific,YEAR,2011,,,,,,,,,1100 [880-1300],1100,880,1300,,2025-11-11T15:08:09Z,2011,2011-01-01,2011-12-31
5021124,TB_e_inc_num,COUNTRY,SYC,AFR,Africa,YEAR,2013,,,,,,,,,24 [20-29],24,20,29,,2025-11-11T15:08:09Z,2013,2013-01-01,2013-12-31
1790412,TB_e_inc_num,COUNTRY,CHN,WPR,Western Pacific,YEAR,2008,,,,,,,,,1 100 000 [894 000-1 320 000],1100000,894000,1320000,,2025-11-11T15:08:09Z,2008,2008-01-01,2008-12-31
3425625,TB_e_inc_num,COUNTRY,PAK,EMR,Eastern Mediterranean,YEAR,2001,,,,,,,,,439 000 [278 000-636 000],439000,278000,636000,,2025-11-11T15:08:09Z,2001,2001-01-01,2001-12-31
189921,TB_e_inc_num,COUNTRY,MNE,EUR,Europe,YEAR,2008,,,,,,,,,210 [170-250],210,170,250,,2025-11-11T15:08:09Z,2008,2008-01-01,2008-12-31
5097207,TB_e_inc_num,COUNTRY,MLT,EUR,Europe,YEAR,2019,,,,,,,,,98 [80-120],98,80,120,,2025-11-11T15:08:09Z,2019,2019-01-01,2019-12-31
8439150,TB_e_inc_num,COUNTRY,BHS,AMR,Americas,YEAR,2018,,,,,,,,,60 [49-72],60,49,72,,2025-11-11T15:08:09Z,2018,2018-01-01,2018-12-31
3640598,TB_e_inc_num,COUNTRY,PAN,AMR,Americas,YEAR,2011,,,,,,,,,2400 [1900-2800],2400,1900,2800,,2025-11-11T15:08:09Z,2011,2011-01-01,2011-12-31
8528067,TB_e_inc_num,COUNTRY,PSE,EMR,Eastern Mediterranean,YEAR,2001,,,,,,,,,140 [110-170],140,110,170,,2025-11-11T15:08:09Z,2001,2001-01-01,2001-12-31
2113270,TB_e_inc_num,COUNTRY,BWA,AFR,Africa,YEAR,2019,,,,,,,,,7100 [4300-14 000],7100,4300,14000,,2025-11-11T15:08:09Z,2019,2019-01-01,2019-12-31
5413789,TB_e_inc_num,COUNTRY,MAR,EMR,Eastern Mediterranean,YEAR,2001,,,,,,,,,32 000 [26 000-38 000],32000,26000,38000,,2025-11-11T15:08:09Z,2001,2001-01-01,2001-12-31
8792963,TB_e_inc_num,COUNTRY,CHE,EUR,Europe,YEAR,2006,,,,,,,,,600 [490-720],600,490,720,,2025-11-11T15:08:09Z,2006,2006-01-01,2006-12-31
7201325,TB_e_inc_num,COUNTRY,ESP,EUR,Europe,YEAR,2017,,,,,,,,,5100 [4100-6100],5100,4100,6100,,2025-11-11T15:08:09Z,2017,2017-01-01,2017-12-31
5641806,TB_e_inc_num,COUNTRY,RWA,AFR,Africa,YEAR,2020,,,,,,,,,8200 [5800-11 000],8200,5800,11000,,2025-11-11T15:08:09Z,2020,2020-01-01,2020-12-31
2499188,TB_e_inc_num,COUNTRY,BGR,EUR,Europe,YEAR,2000,,,,,,,,,6600 [5400-8000],6600,5400,8000,,2025-11-11T15:08:09Z,2000,2000-01-01,2000-12-31
7391298,TB_e_inc_num,COUNTRY,COG,AFR,Africa,YEAR,2005,,,,,,,,,18 000 [9900-41 000],18000,9900,41000,,2025-11-11T15:08:09Z,2005,2005-01-01,2005-12-31
8021472,TB_e_inc_num,COUNTRY,IDN,WPR,Western Pacific,YEAR,2023,,,,,,,,,1 090 000 [914 000-1 250 000],1090000,914000,1250000,,2025-11-11T15:08:09Z,2023,2023-01-01,2023-12-31
6643710,TB_e_inc_num,COUNTRY,FRA,EUR,Europe,YEAR,2016,,,,,,,,,5700 [5400-5900],5700,5400,5900,,2025-11-11T15:08:09Z,2016,2016-01-01,2016-12-31
3444490,TB_e_inc_num,COUNTRY,CAN,AMR,Americas,YEAR,2001,,,,,,,,,2500 [2000-3000],2500,2000,3000,,2025-11-11T15:08:09Z,2001,2001-01-01,2001-12-31
8394833,TB_e_inc_num,COUNTRY,TUR,EUR,Europe,YEAR,2008,,,,,,,,,29 000 [24 000-35 000],29000,24000,35000,,2025-11-11T15:08:09Z,2008,2008-01-01,2008-12-31
6827181,TB_e_inc_num,COUNTRY,SSD,AFR,Africa,YEAR,2013,,,,,,,,,45 000 [28 000-84 000],45000,28000,84000,,2025-11-11T15:08:09Z,2013,2013-01-01,2013-12-31
348223,TB_e_inc_num,COUNTRY,TCD,AFR,Africa,YEAR,2016,,,,,,,,,23 000 [13 000-48 000],23000,13000,48000,,2025-11-11T15:08:09Z,2016,2016-01-01,2016-12-31
8477282,TB_e_inc_num,COUNTRY,GTM,AMR,Americas,YEAR,2014,,,,,,,,,3600 [2900-4300],3600,2900,4300,,2025-11-11T15:08:09Z,2014,2014-01-01,2014-12-31
3640620,TB_e_inc_num,COUNTRY,PSE,EMR,Eastern Mediterranean,YEAR,2010,,,,,,,,,53 [43-63],53,43,63,,2025-11-11T15:08:09Z,2010,2010-01-01,2010-12-31
2163721,TB_e_inc_num,COUNTRY,TUV,WPR,Western Pacific,YEAR,2016,,,,,,,,,20 [16-24],20,16,24,,2025-11-11T15:08:09Z,2016,2016-01-01,2016-12-31
2188981,TB_e_inc_num,COUNTRY,MAC,,,YEAR,2006,,,,,,,,,850 [690-1000],850,690,1000,,2025-11-11T15:08:09Z,2006,2006-01-01,2006-12-31
3913274,TB_e_inc_num,COUNTRY,UGA,AFR,Africa,YEAR,2008,,,,,,,,,66 000 [43 000-95 000],66000,43000,95000,,2025-11-11T15:08:09Z,2008,2008-01-01,2008-12-31
7296289,TB_e_inc_num,COUNTRY,TZA,AFR,Africa,YEAR,2006,,,,,,,,,203 000 [50 000-462 000],203000,50000,462000,,2025-11-11T15:08:09Z,2006,2006-01-01,2006-12-31
8995458,TB_e_inc_num,COUNTRY,POL,EUR,Europe,YEAR,2012,,,,,,,,,9300 [7600-11 000],9300,7600,11000,,2025-11-11T15:08:09Z,2012,2012-01-01,2012-12-31
9033648,TB_e_inc_num,COUNTRY,GUY,AMR,Americas,YEAR,2009,,,,,,,,,1200 [1000-1500],1200,1000,1500,,2025-11-11T15:08:09Z,2009,2009-01-01,2009-12-31
1037197,TB_e_inc_num,COUNTRY,GMB,AFR,Africa,YEAR,2003,,,,,,,,,3000 [2200-4000],3000,2200,4000,,2025-11-11T15:08:09Z,2003,2003-01-01,2003-12-31
9204724,TB_e_inc_num,COUNTRY,PRT,EUR,Europe,YEAR,2013,,,,,,,,,2800 [2200-3300],2800,2200,3300,,2025-11-11T15:08:09Z,2013,2013-01-01,2013-12-31
2872749,TB_e_inc_num,COUNTRY,ISL,EUR,Europe,YEAR,2012,,,,,,,,,10 [8-12],10,8,12,,2025-11-11T15:08:09Z,2012,2012-01-01,2012-12-31
2993151,TB_e_inc_num,COUNTRY,HRV,EUR,Europe,YEAR,2007,,,,,,,,,1300 [1100-1600],1300,1100,1600,,2025-11-11T15:08:09Z,2007,2007-01-01,2007-12-31
3317980,TB_e_inc_num,COUNTRY,ZMB,AFR,Africa,YEAR,2019,,,,,,,,,62 000 [40 000-88 000],62000,40000,88000,,2025-11-11T15:08:09Z,2019,2019-01-01,2019-12-31
6694305,TB_e_inc_num,COUNTRY,LSO,AFR,Africa,YEAR,2016,,,,,,,,,15 000 [9000-23 000],15000,9000,23000,,2025-11-11T15:08:09Z,2016,2016-01-01,2016-12-31
1834779,TB_e_inc_num,COUNTRY,MDG,AFR,Africa,YEAR,2013,,,,,,,,,54 000 [31 000-119 000],54000,31000,119000,,2025-11-11T15:08:09Z,2013,2013-01-01,2013-12-31
8344345,TB_e_inc_num,COUNTRY,MDG,AFR,Africa,YEAR,2015,,,,,,,,,56 000 [32 000-117 000],56000,32000,117000,,2025-11-11T15:08:09Z,2015,2015-01-01,2015-12-31
6732326,TB_e_inc_num,COUNTRY,MLT,EUR,Europe,YEAR,2003,,,,,,,,,7 [6-8],7,6,8,,2025-11-11T15:08:09Z,2003,2003-01-01,2003-12-31
6738689,TB_e_inc_num,COUNTRY,VCT,AMR,Americas,YEAR,2016,,,,,,,,,6 [5-7],6,5,7,,2025-11-11T15:08:09Z,2016,2016-01-01,2016-12-31
8401195,TB_e_inc_num,REGION,EMR,,,YEAR,2003,,,,,,,,,738 000 [554 000-948 000],738000,554000,948000,,2025-11-11T15:08:09Z,2003,2003-01-01,2003-12-31
3571176,TB_e_inc_num,COUNTRY,PRI,AMR,Americas,YEAR,2014,,,,,,,,,60 [49-73],60,49,73,,2025-11-11T15:08:09Z,2014,2014-01-01,2014-12-31
5249346,TB_e_inc_num,COUNTRY,URY,AMR,Americas,YEAR,2014,,,,,,,,,1100 [890-1300],1100,890,1300,,2025-11-11T15:08:09Z,2014,2014-01-01,2014-12-31
3831034,TB_e_inc_num,COUNTRY,BIH,EUR,Europe,YEAR,2016,,,,,,,,,1300 [1100-1600],1300,1100,1600,,2025-11-11T15:08:09Z,2016,2016-01-01,2016-12-31
657112,TB_e_inc_num,COUNTRY,BOL,AMR,Americas,YEAR,2008,,,,,,,,,23 000 [19 000-28 000],23000,19000,28000,,2025-11-11T15:08:09Z,2008,2008-01-01,2008-12-31
657119,TB_e_inc_num,COUNTRY,TTO,AMR,Americas,YEAR,2012,,,,,,,,,380 [310-460],380,310,460,,2025-11-11T15:08:09Z,2012,2012-01-01,2012-12-31
7359652,TB_e_inc_num,COUNTRY,COK,WPR,Western Pacific,YEAR,2022,,,,,,,,,0 [0-0],0,0,0,,2025-11-11T15:08:09Z,2022,2022-01-01,2022-12-31
4205291,TB_e_inc_num,COUNTRY,CHL,AMR,Americas,YEAR,2002,,,,,,,,,3800 [3100-4600],3800,3100,4600,,2025-11-11T15:08:09Z,2002,2002-01-01,2002-12-31
4344352,TB_e_inc_num,COUNTRY,DNK,EUR,Europe,YEAR,2010,,,,,,,,,430 [350-520],430,350,520,,2025-11-11T15:08:09Z,2010,2010-01-01,2010-12-31
1126216,TB_e_inc_num,COUNTRY,SLV,AMR,Americas,YEAR,2017,,,,,,,,,4800 [3900-5800],4800,3900,5800,,2025-11-11T15:08:09Z,2017,2017-01-01,2017-12-31
1176830,TB_e_inc_num,COUNTRY,NIU,WPR,Western Pacific,YEAR,2013,,,,,,,,,0 [0-0],0,0,0,,2025-11-11T15:08:09Z,2013,2013-01-01,2013-12-31
2841053,TB_e_inc_num,COUNTRY,CRI,AMR,Americas,YEAR,2013,,,,,,,,,550 [440-660],550,440,660,,2025-11-11T15:08:09Z,2013,2013-01-01,2013-12-31
2853777,TB_e_inc_num,COUNTRY,KWT,EMR,Eastern Mediterranean,YEAR,2000,,,,,,,,,700 [570-840],700,570,840,,2025-11-11T15:08:09Z,2000,2000-01-01,2000-12-31
1271902,TB_e_inc_num,COUNTRY,LBN,EMR,Eastern Mediterranean,YEAR,2012,,,,,,,,,950 [770-1100],950,770,1100,,2025-11-11T15:08:09Z,2012,2012-01-01,2012-12-31
4678676,TB_e_inc_num,COUNTRY,LVA,EUR,Europe,YEAR,2005,,,,,,,,,2800 [2300-3400],2800,2300,3400,,2025-11-11T15:08:09Z,2005,2005-01-01,2005-12-31
7941997,TB_e_inc_num,COUNTRY,GRD,AMR,Americas,YEAR,2006,,,,,,,,,1 [1-1],1,1,1,,2025-11-11T15:08:09Z,2006,2006-01-01,2006-12-31
5008504,TB_e_inc_num,COUNTRY,SMR,EUR,Europe,YEAR,2008,,,,,,,,,0 [0-0],0,0,0,,2025-11-11T15:08:09Z,2008,2008-01-01,2008-12-31
1910862,TB_e_inc_num,COUNTRY,KAZ,EUR,Europe,YEAR,2008,,,,,,,,,23 000 [19 000-28 000],23000,19000,28000,,2025-11-11T15:08:09Z,2008,2008-01-01,2008-12-31
3546017,TB_e_inc_num,COUNTRY,SEN,AFR,Africa,YEAR,2008,,,,,,,,,22 000 [13 000-47 000],22000,13000,47000,,2025-11-11T15:08:09Z,2008,2008-01-01,2008-12-31
5179688,TB_e_inc_num,REGION,AFR,,,YEAR,2008,,,,,,,,,3 010 000 [2 440 000-3 640 000],3010000,2440000,3640000,,2025-11-11T15:08:09Z,2008,2008-01-01,2008-12-31
6953972,TB_e_inc_num,COUNTRY,MNG,WPR,Western Pacific,YEAR,2016,,,,,,,,,13 000 [6700-21 000],13000,6700,21000,,2025-11-11T15:08:09Z,2016,2016-01-01,2016-12-31
2157417,TB_e_inc_num,COUNTRY,USA,AMR,Americas,YEAR,2015,,,,,,,,,11 000 [8700-13 000],11000,8700,13000,,2025-11-11T15:08:09Z,2015,2015-01-01,2015-12-31
5641868,TB_e_inc_num,COUNTRY,IRL,EUR,Europe,YEAR,2014,,,,,,,,,370 [300-450],370,300,450,,2025-11-11T15:08:09Z,2014,2014-01-01,2014-12-31
2417470,TB_e_inc_num,COUNTRY,ECU,AMR,Americas,YEAR,2024,,,,,,,,,12 000 [9800-14 000],12000,9800,14000,,2025-11-11T15:08:09Z,2024,2024-01-01,2024-12-31
5768639,TB_e_inc_num,COUNTRY,COL,AMR,Americas,YEAR,2012,,,,,,,,,18 000 [14 000-21 000],18000,14000,21000,,2025-11-11T15:08:09Z,2012,2012-01-01,2012-12-31
4179848,TB_e_inc_num,COUNTRY,AZE,EUR,Europe,YEAR,2009,,,,,,,,,22 000 [18 000-27 000],22000,18000,27000,,2025-11-11T15:08:09Z,2009,2009-01-01,2009-12-31
974270,TB_e_inc_num,COUNTRY,TJK,EUR,Europe,YEAR,2007,,,,,,,,,15 000 [12 000-18 000],15000,12000,18000,,2025-11-11T15:08:09Z,2007,2007-01-01,2007-12-31
9369636,TB_e_inc_num,COUNTRY,AUT,EUR,Europe,YEAR,2014,,,,,,,,,680 [550-820],680,550,820,,2025-11-11T15:08:09Z,2014,2014-01-01,2014-12-31
1278256,TB_e_inc_num,COUNTRY,GMB,AFR,Africa,YEAR,2015,,,,,,,,,3800 [2800-5100],3800,2800,5100,,2025-11-11T15:08:09Z,2015,2015-01-01,2015-12-31
6224720,TB_e_inc_num,WORLDBANKINCOMEGROUP,WB_UMI,,,YEAR,2022,,,,,,,,,2 640 000 [2 400 000-2 900 000],2640000,2400000,2900000,,2025-11-11T15:08:09Z,2022,2022-01-01,2022-12-31
7885174,TB_e_inc_num,COUNTRY,WSM,WPR,Western Pacific,YEAR,2023,,,,,,,,,13 [11-16],13,11,16,,2025-11-11T15:08:09Z,2023,2023-01-01,2023-12-31
4653762,TB_e_inc_num,COUNTRY,TON,WPR,Western Pacific,YEAR,2016,,,,,,,,,8 [7-10],8,7,10,,2025-11-11T15:08:09Z,2016,2016-01-01,2016-12-31
4761239,TB_e_inc_num,COUNTRY,BRB,AMR,Americas,YEAR,2005,,,,,,,,,10 [8-11],10,8,11,,2025-11-11T15:08:09Z,2005,2005-01-01,2005-12-31
9636049,TB_e_inc_num,COUNTRY,COK,WPR,Western Pacific,YEAR,2010,,,,,,,,,0 [0-0],0,0,0,,2025-11-11T15:08:09Z,2010,2010-01-01,2010-12-31
6586711,TB_e_inc_num,WORLDBANKINCOMEGROUP,WB_LMI,,,YEAR,2017,,,,,,,,,6 430 000 [5 880 000-7 000 000],6430000,5880000,7000000,,2025-11-11T15:08:09Z,2017,2017-01-01,2017-12-31
259807,TB_e_inc_num,COUNTRY,NOR,EUR,Europe,YEAR,2017,,,,,,,,,270 [220-330],270,220,330,,2025-11-11T15:08:09Z,2017,2017-01-01,2017-12-31
3653367,TB_e_inc_num,COUNTRY,PRI,AMR,Americas,YEAR,2017,,,,,,,,,52 [42-63],52,42,63,,2025-11-11T15:08:09Z,2017,2017-01-01,2017-12-31
8559867,TB_e_inc_num,COUNTRY,CPV,AFR,Africa,YEAR,2019,,,,,,,,,290 [240-350],290,240,350,,2025-11-11T15:08:09Z,2019,2019-01-01,2019-12-31
10193123,TB_e_inc_num,COUNTRY,LSO,AFR,Africa,YEAR,2012,,,,,,,,,21 000 [9300-38 000],21000,9300,38000,,2025-11-11T15:08:09Z,2012,2012-01-01,2012-12-31
10205827,TB_e_inc_num,COUNTRY,ARM,EUR,Europe,YEAR,2005,,,,,,,,,4800 [3900-5800],4800,3900,5800,,2025-11-11T15:08:09Z,2005,2005-01-01,2005-12-31
3748598,TB_e_inc_num,COUNTRY,POL,EUR,Europe,YEAR,2020,,,,,,,,,3900 [3100-4600],3900,3100,4600,,2025-11-11T15:08:09Z,2020,2020-01-01,2020-12-31
594733,TB_e_inc_num,COUNTRY,TGO,AFR,Africa,YEAR,2024,,,,,,,,,4500 [2800-8800],4500,2800,8800,,2025-11-11T15:08:09Z,2024,2024-01-01,2024-12-31
8830925,TB_e_inc_num,COUNTRY,TGO,AFR,Africa,YEAR,2000,,,,,,,,,2600 [1300-7400],2600,1300,7400,,2025-11-11T15:08:09Z,2000,2000-01-01,2000-12-31
5616730,TB_e_inc_num,COUNTRY,GBR,EUR,Europe,YEAR,2021,,,,,,,,,5400 [5000-5800],5400,5000,5800,,2025-11-11T15:08:09Z,2021,2021-01-01,2021-12-31
5775009,TB_e_inc_num,COUNTRY,SWE,EUR,Europe,YEAR,2006,,,,,,,,,650 [530-780],650,530,780,,2025-11-11T15:08:09Z,2006,2006-01-01,2006-12-31
9236419,TB_e_inc_num,COUNTRY,ITA,EUR,Europe,YEAR,2014,,,,,,,,,4100 [3300-4900],4100,3300,4900,,2025-11-11T15:08:09Z,2014,2014-01-01,2014-12-31
1252965,TB_e_inc_num,COUNTRY,TGO,AFR,Africa,YEAR,2017,,,,,,,,,4400 [2600-8600],4400,2600,8600,,2025-11-11T15:08:09Z,2017,2017-01-01,2017-12-31
9636075,TB_e_inc_num,COUNTRY,NOR,EUR,Europe,YEAR,2004,,,,,,,,,360 [290-430],360,290,430,,2025-11-11T15:08:09Z,2004,2004-01-01,2004-12-31
4812049,TB_e_inc_num,COUNTRY,MWI,AFR,Africa,YEAR,2004,,,,,,,,,50 000 [4800-147 000],50000,4800,147000,,2025-11-11T15:08:09Z,2004,2004-01-01,2004-12-31
1847543,TB_e_inc_num,WORLDBANKINCOMEGROUP,WB_LMI,,,YEAR,2009,,,,,,,,,7 040 000 [4 650 000-9 910 000],7040000,4650000,9910000,,2025-11-11T15:08:09Z,2009,2009-01-01,2009-12-31
259832,TB_e_inc_num,REGION,AMR,,,YEAR,2014,,,,,,,,,293 000 [272 000-314 000],293000,272000,314000,,2025-11-11T15:08:09Z,2014,2014-01-01,2014-12-31
3628206,TB_e_inc_num,COUNTRY,ITA,EUR,Europe,YEAR,2000,,,,,,,,,5200 [4300-6300],5200,4300,6300,,2025-11-11T15:08:09Z,2000,2000-01-01,2000-12-31
2151307,TB_e_inc_num,COUNTRY,GHA,AFR,Africa,YEAR,2001,,,,,,,,,43 000 [13 000-91 000],43000,13000,91000,,2025-11-11T15:08:09Z,2001,2001-01-01,2001-12-31
8679365,TB_e_inc_num,COUNTRY,ZAF,AFR,Africa,YEAR,2023,,,,,,,,,270 000 [168 000-395 000],270000,168000,395000,,2025-11-11T15:08:09Z,2023,2023-01-01,2023-12-31
2303124,TB_e_inc_num,COUNTRY,TUV,WPR,Western Pacific,YEAR,2015,,,,,,,,,20 [16-24],20,16,24,,2025-11-11T15:08:09Z,2015,2015-01-01,2015-12-31
7245611,TB_e_inc_num,COUNTRY,MWI,AFR,Africa,YEAR,2010,,,,,,,,,50 000 [8200-129 000],50000,8200,129000,,2025-11-11T15:08:09Z,2010,2010-01-01,2010-12-31
8938513,TB_e_inc_num,COUNTRY,CPV,AFR,Africa,YEAR,2000,,,,,,,,,800 [650-960],800,650,960,,2025-11-11T15:08:09Z,2000,2000-01-01,2000-12-31
4091111,TB_e_inc_num,COUNTRY,EST,EUR,Europe,YEAR,2017,,,,,,,,,220 [180-270],220,180,270,,2025-11-11T15:08:09Z,2017,2017-01-01,2017-12-31
5787714,TB_e_inc_num,COUNTRY,MDA,EUR,Europe,YEAR,2006,,,,,,,,,5000 [4100-6100],5000,4100,6100,,2025-11-11T15:08:09Z,2006,2006-01-01,2006-12-31
7524575,TB_e_inc_num,COUNTRY,ARE,EMR,Eastern Mediterranean,YEAR,2013,,,,,,,,,130 [100-150],130,100,150,,2025-11-11T15:08:09Z,2013,2013-01-01,2013-12-31
3058550,TB_e_inc_num,COUNTRY,LBY,EMR,Eastern Mediterranean,YEAR,2003,,,,,,,,,3600 [2000-8200],3600,2000,8200,,2025-11-11T15:08:09Z,2003,2003-01-01,2003-12-31
1505508,TB_e_inc_num,COUNTRY,DNK,EUR,Europe,YEAR,2015,,,,,,,,,400 [320-480],400,320,480,,2025-11-11T15:08:09Z,2015,2015-01-01,2015-12-31
8059796,TB_e_inc_num,COUNTRY,BOL,AMR,Americas,YEAR,2003,,,,,,,,,31 000 [25 000-37 000],31000,25000,37000,,2025-11-11T15:08:09Z,2003,2003-01-01,2003-12-31
8198895,TB_e_inc_num,COUNTRY,DMA,AMR,Americas,YEAR,2008,,,,,,,,,13 [11-16],13,11,16,,2025-11-11T15:08:09Z,2008,2008-01-01,2008-12-31
5052956,TB_e_inc_num,COUNTRY,USA,AMR,Americas,YEAR,2000,,,,,,,,,22 000 [18 000-26 000],22000,18000,26000,,2025-11-11T15:08:09Z,2000,2000-01-01,2000-12-31
240872,TB_e_inc_num,COUNTRY,DNK,EUR,Europe,YEAR,2007,,,,,,,,,480 [390-570],480,390,570,,2025-11-11T15:08:09Z,2007,2007-01-01,2007-12-31
10015596,TB_e_inc_num,COUNTRY,SYR,EMR,Eastern Mediterranean,YEAR,2016,,,,,,,,,5300 [4300-6300],5300,4300,6300,,2025-11-11T15:08:09Z,2016,2016-01-01,2016-12-31
6789216,TB_e_inc_num,COUNTRY,KGZ,EUR,Europe,YEAR,2009,,,,,,,,,11 000 [9200-14 000],11000,9200,14000,,2025-11-11T15:08:09Z,2009,2009-01-01,2009-12-31
5369488,TB_e_inc_num,COUNTRY,ZMB,AFR,Africa,YEAR,2009,,,,,,,,,69 000 [34 000-117 000],69000,34000,117000,,2025-11-11T15:08:09Z,2009,2009-01-01,2009-12-31
8685691,TB_e_inc_num,COUNTRY,ZAF,AFR,Africa,YEAR,2001,,,,,,,,,413 000 [204 000-692 000],413000,204000,692000,,2025-11-11T15:08:09Z,2001,2001-01-01,2001-12-31
707749,TB_e_inc_num,COUNTRY,NER,AFR,Africa,YEAR,2006,,,,,,,,,18 000 [10 000-42 000],18000,10000,42000,,2025-11-11T15:08:09Z,2006,2006-01-01,2006-12-31
803023,TB_e_inc_num,COUNTRY,SEN,AFR,Africa,YEAR,2019,,,,,,,,,23 000 [14 000-45 000],23000,14000,45000,,2025-11-11T15:08:09Z,2019,2019-01-01,2019-12-31
4135397,TB_e_inc_num,COUNTRY,AUT,EUR,Europe,YEAR,2022,,,,,,,,,430 [350-520],430,350,520,,2025-11-11T15:08:09Z,2022,2022-01-01,2022-12-31
4141772,TB_e_inc_num,COUNTRY,USA,AMR,Americas,YEAR,2016,,,,,,,,,10 000 [8400-12 000],10000,8400,12000,,2025-11-11T15:08:09Z,2016,2016-01-01,2016-12-31
1018553,TB_e_inc_num,COUNTRY,SWE,EUR,Europe,YEAR,2000,,,,,,,,,590 [480-720],590,480,720,,2025-11-11T15:08:09Z,2000,2000-01-01,2000-12-31
1272001,TB_e_inc_num,COUNTRY,MLI,AFR,Africa,YEAR,2011,,,,,,,,,12 000 [6700-24 000],12000,6700,24000,,2025-11-11T15:08:09Z,2011,2011-01-01,2011-12-31
4729638,TB_e_inc_num,COUNTRY,ISR,EUR,Europe,YEAR,2012,,,,,,,,,630 [520-760],630,520,760,,2025-11-11T15:08:09Z,2012,2012-01-01,2012-12-31
1492804,TB_e_inc_num,COUNTRY,ECU,AMR,Americas,YEAR,2002,,,,,,,,,12 000 [10 000-15 000],12000,10000,15000,,2025-11-11T15:08:09Z,2002,2002-01-01,2002-12-31
9661322,TB_e_inc_num,GLOBAL,GLOBAL,,,YEAR,2016,,,,,,,,,10 900 000 [10 100 000-11 700 000],10900000,10100000,11700000,,2025-11-11T15:08:09Z,2016,2016-01-01,2016-12-31
4862924,TB_e_inc_num,COUNTRY,AUS,WPR,Western Pacific,YEAR,2008,,,,,,,,,1500 [1200-1800],1500,1200,1800,,2025-11-11T15:08:09Z,2008,2008-01-01,2008-12-31
8135881,TB_e_inc_num,COUNTRY,JPN,WPR,Western Pacific,YEAR,2014,,,,,,,,,24 000 [19 000-29 000],24000,19000,29000,,2025-11-11T15:08:09Z,2014,2014-01-01,2014-12-31
6580399,TB_e_inc_num,COUNTRY,LBY,EMR,Eastern Mediterranean,YEAR,2001,,,,,,,,,3300 [1700-8800],3300,1700,8800,,2025-11-11T15:08:09Z,2001,2001-01-01,2001-12-31
1777857,TB_e_inc_num,COUNTRY,GIN,AFR,Africa,YEAR,2023,,,,,,,,,26 000 [16 000-49 000],26000,16000,49000,,2025-11-11T15:08:09Z,2023,2023-01-01,2023-12-31
1917323,TB_e_inc_num,COUNTRY,GTM,AMR,Americas,YEAR,2004,,,,,,,,,3700 [3000-4500],3700,3000,4500,,2025-11-11T15:08:09Z,2004,2004-01-01,2004-12-31
10079008,TB_e_inc_num,COUNTRY,CAN,AMR,Americas,YEAR,2021,,,,,,,,,2100 [1700-2500],2100,1700,2500,,2025-11-11T15:08:09Z,2021,2021-01-01,2021-12-31
512191,TB_e_inc_num,COUNTRY,VCT,AMR,Americas,YEAR,2018,,,,,,,,,6 [5-7],6,5,7,,2025-11-11T15:08:09Z,2018,2018-01-01,2018-12-31
8616642,TB_e_inc_num,COUNTRY,MUS,AFR,Africa,YEAR,2006,,,,,,,,,240 [200-290],240,200,290,,2025-11-11T15:08:09Z,2006,2006-01-01,2006-12-31
607078,TB_e_inc_num,COUNTRY,BIH,EUR,Europe,YEAR,2011,,,,,,,,,2200 [1800-2700],2200,1800,2700,,2025-11-11T15:08:09Z,2011,2011-01-01,2011-12-31
8742490,TB_e_inc_num,COUNTRY,KWT,EMR,Eastern Mediterranean,YEAR,2017,,,,,,,,,1300 [1000-1500],1300,1000,1500,,2025-11-11T15:08:09Z,2017,2017-01-01,2017-12-31
7340748,TB_e_inc_num,COUNTRY,PRY,AMR,Americas,YEAR,2023,,,,,,,,,5200 [4200-6200],5200,4200,6200,,2025-11-11T15:08:09Z,2023,2023-01-01,2023-12-31
7537322,TB_e_inc_num,COUNTRY,PAK,EMR,Eastern Mediterranean,YEAR,2005,,,,,,,,,484 000 [306 000-701 000],484000,306000,701000,,2025-11-11T15:08:09Z,2005,2005-01-01,2005-12-31
4306670,TB_e_inc_num,COUNTRY,SLE,AFR,Africa,YEAR,2000,,,,,,,,,27 000 [16 000-51 000],27000,16000,51000,,2025-11-11T15:08:09Z,2000,2000-01-01,2000-12-31
4319153,TB_e_inc_num,COUNTRY,MWI,AFR,Africa,YEAR,2009,,,,,,,,,51 000 [7300-137 000],51000,7300,137000,,2025-11-11T15:08:09Z,2009,2009-01-01,2009-12-31
9312597,TB_e_inc_num,COUNTRY,PAK,EMR,Eastern Mediterranean,YEAR,2024,,,,,,,,,669 000 [468 000-893 000],669000,468000,893000,,2025-11-11T15:08:09Z,2024,2024-01-01,2024-12-31
2930062,TB_e_inc_num,WORLDBANKINCOMEGROUP,WB_UMI,,,YEAR,2012,,,,,,,,,3 090 000 [2 650 000-3 550 000],3090000,2650000,3550000,,2025-11-11T15:08:09Z,2012,2012-01-01,2012-12-31
6554930,TB_e_inc_num,REGION,SEAR,,,YEAR,2009,,,,,,,,,4 440 000 [2 230 000-7 380 000],4440000,2230000,7380000,,2025-11-11T15:08:09Z,2009,2009-01-01,2009-12-31
9832447,TB_e_inc_num,COUNTRY,DZA,AFR,Africa,YEAR,2004,,,,,,,,,36 000 [29 000-43 000],36000,29000,43000,,2025-11-11T15:08:09Z,2004,2004-01-01,2004-12-31
1733632,TB_e_inc_num,COUNTRY,GRC,EUR,Europe,YEAR,2005,,,,,,,,,970 [790-1200],970,790,1200,,2025-11-11T15:08:09Z,2005,2005-01-01,2005-12-31
126817,TB_e_inc_num,COUNTRY,CAN,AMR,Americas,YEAR,2018,,,,,,,,,2000 [1600-2400],2000,1600,2400,,2025-11-11T15:08:09Z,2018,2018-01-01,2018-12-31
253606,TB_e_inc_num,COUNTRY,GMB,AFR,Africa,YEAR,2008,,,,,,,,,3300 [2400-4400],3300,2400,4400,,2025-11-11T15:08:09Z,2008,2008-01-01,2008-12-31
316867,TB_e_inc_num,COUNTRY,BIH,EUR,Europe,YEAR,2010,,,,,,,,,2200 [1800-2600],2200,1800,2600,,2025-11-11T15:08:09Z,2010,2010-01-01,2010-12-31
6808382,TB_e_inc_num,COUNTRY,SGP,WPR,Western Pacific,YEAR,2010,,,,,,,,,2000 [1600-2400],2000,1600,2400,,2025-11-11T15:08:09Z,2010,2010-01-01,2010-12-31
6833673,TB_e_inc_num,COUNTRY,KGZ,EUR,Europe,YEAR,2002,,,,,,,,,16 000 [13 000-20 000],16000,13000,20000,,2025-11-11T15:08:09Z,2002,2002-01-01,2002-12-31
8471111,TB_e_inc_num,COUNTRY,SGP,WPR,Western Pacific,YEAR,2005,,,,,,,,,2200 [1800-2600],2200,1800,2600,,2025-11-11T15:08:09Z,2005,2005-01-01,2005-12-31
6890784,TB_e_inc_num,COUNTRY,MMR,SEAR,South-East Asia,YEAR,2005,,,,,,,,,258 000 [94 000-504 000],258000,94000,504000,,2025-11-11T15:08:09Z,2005,2005-01-01,2005-12-31
424143,TB_e_inc_num,COUNTRY,HUN,EUR,Europe,YEAR,2007,,,,,,,,,2200 [1800-2700],2200,1800,2700,,2025-11-11T15:08:09Z,2007,2007-01-01,2007-12-31
8597851,TB_e_inc_num,COUNTRY,NOR,EUR,Europe,YEAR,2010,,,,,,,,,350 [280-420],350,280,420,,2025-11-11T15:08:09Z,2010,2010-01-01,2010-12-31
7226915,TB_e_inc_num,COUNTRY,MWI,AFR,Africa,YEAR,2020,,,,,,,,,27 000 [14 000-44 000],27000,14000,44000,,2025-11-11T15:08:09Z,2020,2020-01-01,2020-12-31
745831,TB_e_inc_num,COUNTRY,IDN,WPR,Western Pacific,YEAR,2000,,,,,,,,,799 000 [716 000-887 000],799000,716000,887000,,2025-11-11T15:08:09Z,2000,2000-01-01,2000-12-31
8976563,TB_e_inc_num,COUNTRY,TGO,AFR,Africa,YEAR,2005,,,,,,,,,5100 [2800-12 000],5100,2800,12000,,2025-11-11T15:08:09Z,2005,2005-01-01,2005-12-31
7435980,TB_e_inc_num,COUNTRY,CZE,EUR,Europe,YEAR,2019,,,,,,,,,550 [450-670],550,450,670,,2025-11-11T15:08:09Z,2019,2019-01-01,2019-12-31
4237116,TB_e_inc_num,COUNTRY,KEN,AFR,Africa,YEAR,2017,,,,,,,,,157 000 [86 000-248 000],157000,86000,248000,,2025-11-11T15:08:09Z,2017,2017-01-01,2017-12-31
5901991,TB_e_inc_num,COUNTRY,CAF,AFR,Africa,YEAR,2000,,,,,,,,,26 000 [16 000-49 000],26000,16000,49000,,2025-11-11T15:08:09Z,2000,2000-01-01,2000-12-31
4313048,TB_e_inc_num,REGION,EUR,,,YEAR,2014,,,,,,,,,342 000 [287 000-402 000],342000,287000,402000,,2025-11-11T15:08:09Z,2014,2014-01-01,2014-12-31
9369769,TB_e_inc_num,COUNTRY,EST,EUR,Europe,YEAR,2003,,,,,,,,,1100 [870-1300],1100,870,1300,,2025-11-11T15:08:09Z,2003,2003-01-01,2003-12-31
2942527,TB_e_inc_num,COUNTRY,SRB,EUR,Europe,YEAR,2017,,,,,,,,,2000 [1600-2400],2000,1600,2400,,2025-11-11T15:08:09Z,2017,2017-01-01,2017-12-31
7878920,TB_e_inc_num,COUNTRY,GIN,AFR,Africa,YEAR,2013,,,,,,,,,20 000 [12 000-44 000],20000,12000,44000,,2025-11-11T15:08:09Z,2013,2013-01-01,2013-12-31
7910535,TB_e_inc_num,COUNTRY,CRI,AMR,Americas,YEAR,2008,,,,,,,,,710 [580-850],710,580,850,,2025-11-11T15:08:09Z,2008,2008-01-01,2008-12-31
9528215,TB_e_inc_num,COUNTRY,NOR,EUR,Europe,YEAR,2022,,,,,,,,,170 [140-210],170,140,210,,2025-11-11T15:08:09Z,2022,2022-01-01,2022-12-31
6345424,TB_e_inc_num,COUNTRY,NIU,WPR,Western Pacific,YEAR,2016,,,,,,,,,0 [0-0],0,0,0,,2025-11-11T15:08:09Z,2016,2016-01-01,2016-12-31
9769191,TB_e_inc_num,COUNTRY,ARG,AMR,Americas,YEAR,2006,,,,,,,,,13 000 [11 000-16 000],13000,11000,16000,,2025-11-11T15:08:09Z,2006,2006-01-01,2006-12-31
5008649,TB_e_inc_num,COUNTRY,USA,AMR,Americas,YEAR,2010,,,,,,,,,14 000 [11 000-16 000],14000,11000,16000,,2025-11-11T15:08:09Z,2010,2010-01-01,2010-12-31
177440,TB_e_inc_num,COUNTRY,DZA,AFR,Africa,YEAR,2008,,,,,,,,,33 000 [27 000-40 000],33000,27000,40000,,2025-11-11T15:08:09Z,2008,2008-01-01,2008-12-31
202820,TB_e_inc_num,COUNTRY,PHL,WPR,Western Pacific,YEAR,2019,,,,,,,,,614 000 [345 000-959 000],614000,345000,959000,,2025-11-11T15:08:09Z,2019,2019-01-01,2019-12-31
8407709,TB_e_inc_num,COUNTRY,NIU,WPR,Western Pacific,YEAR,2010,,,,,,,,,0 [0-0],0,0,0,,2025-11-11T15:08:09Z,2010,2010-01-01,2010-12-31
1942803,TB_e_inc_num,COUNTRY,ROU,EUR,Europe,YEAR,2013,,,,,,,,,21 000 [17 000-25 000],21000,17000,25000,,2025-11-11T15:08:09Z,2013,2013-01-01,2013-12-31
10091782,TB_e_inc_num,COUNTRY,BDI,AFR,Africa,YEAR,2014,,,,,,,,,14 000 [8300-29 000],14000,8300,29000,,2025-11-11T15:08:09Z,2014,2014-01-01,2014-12-31
8604167,TB_e_inc_num,COUNTRY,USA,AMR,Americas,YEAR,2020,,,,,,,,,8000 [6500-9600],8000,6500,9600,,2025-11-11T15:08:09Z,2020,2020-01-01,2020-12-31
2157572,TB_e_inc_num,COUNTRY,PSE,EMR,Eastern Mediterranean,YEAR,2000,,,,,,,,,180 [140-210],180,140,210,,2025-11-11T15:08:09Z,2000,2000-01-01,2000-12-31
8786869,TB_e_inc_num,COUNTRY,UZB,EUR,Europe,YEAR,2011,,,,,,,,,27 000 [22 000-33 000],27000,22000,33000,,2025-11-11T15:08:09Z,2011,2011-01-01,2011-12-31
2309540,TB_e_inc_num,COUNTRY,SYC,AFR,Africa,YEAR,2015,,,,,,,,,8 [7-10],8,7,10,,2025-11-11T15:08:09Z,2015,2015-01-01,2015-12-31
7391517,TB_e_inc_num,COUNTRY,COL,AMR,Americas,YEAR,2019,,,,,,,,,18 000 [15 000-22 000],18000,15000,22000,,2025-11-11T15:08:09Z,2019,2019-01-01,2019-12-31
1006157,TB_e_inc_num,COUNTRY,SSD,AFR,Africa,YEAR,2016,,,,,,,,,41 000 [25 000-77 000],41000,25000,77000,,2025-11-11T15:08:09Z,2016,2016-01-01,2016-12-31
9109889,TB_e_inc_num,COUNTRY,VEN,AMR,Americas,YEAR,2010,,,,,,,,,9900 [8000-12 000],9900,8000,12000,,2025-11-11T15:08:09Z,2010,2010-01-01,2010-12-31
1069186,TB_e_inc_num,COUNTRY,FIN,EUR,Europe,YEAR,2019,,,,,,,,,260 [220-320],260,220,320,,2025-11-11T15:08:09Z,2019,2019-01-01,2019-12-31
5952803,TB_e_inc_num,COUNTRY,QAT,EMR,Eastern Mediterranean,YEAR,2020,,,,,,,,,1200 [940-1400],1200,940,1400,,2025-11-11T15:08:09Z,2020,2020-01-01,2020-12-31
9204948,TB_e_inc_num,WORLDBANKINCOMEGROUP,WB_LI,,,YEAR,2019,,,,,,,,,1 170 000 [917 000-1 450 000],1170000,917000,1450000,,2025-11-11T15:08:09Z,2019,2019-01-01,2019-12-31
9357075,TB_e_inc_num,COUNTRY,MRT,AFR,Africa,YEAR,2016,,,,,,,,,4200 [2500-8500],4200,2500,8500,,2025-11-11T15:08:09Z,2016,2016-01-01,2016-12-31
3121774,TB_e_inc_num,COUNTRY,JPN,WPR,Western Pacific,YEAR,2022,,,,,,,,,12 000 [10 000-15 000],12000,10000,15000,,2025-11-11T15:08:09Z,2022,2022-01-01,2022-12-31
3166206,TB_e_inc_num,WORLDBANKINCOMEGROUP,WB_UMI,,,YEAR,2020,,,,,,,,,2 530 000 [2 320 000-2 750 000],2530000,2320000,2750000,,2025-11-11T15:08:09Z,2020,2020-01-01,2020-12-31
4824893,TB_e_inc_num,COUNTRY,MOZ,AFR,Africa,YEAR,2016,,,,,,,,,99 000 [61 000-145 000],99000,61000,145000,,2025-11-11T15:08:09Z,2016,2016-01-01,2016-12-31
6637601,TB_e_inc_num,COUNTRY,COG,AFR,Africa,YEAR,2007,,,,,,,,,18 000 [10 000-41 000],18000,10000,41000,,2025-11-11T15:08:09Z,2007,2007-01-01,2007-12-31
9965047,TB_e_inc_num,COUNTRY,PAK,EMR,Eastern Mediterranean,YEAR,2014,,,,,,,,,579 000 [370 000-833 000],579000,370000,833000,,2025-11-11T15:08:09Z,2014,2014-01-01,2014-12-31
297826,TB_e_inc_num,COUNTRY,DMA,AMR,Americas,YEAR,2015,,,,,,,,,7 [6-8],7,6,8,,2025-11-11T15:08:09Z,2015,2015-01-01,2015-12-31
1942829,TB_e_inc_num,COUNTRY,BOL,AMR,Americas,YEAR,2004,,,,,,,,,30 000 [24 000-36 000],30000,24000,36000,,2025-11-11T15:08:09Z,2004,2004-01-01,2004-12-31
10199678,TB_e_inc_num,COUNTRY,LCA,AMR,Americas,YEAR,2000,,,,,,,,,9 [7-11],9,7,11,,2025-11-11T15:08:09Z,2000,2000-01-01,2000-12-31
480480,TB_e_inc_num,COUNTRY,CHN,WPR,Western Pacific,YEAR,2010,,,,,,,,,1 020 000 [834 000-1 230 000],1020000,834000,1230000,,2025-11-11T15:08:09Z,2010,2010-01-01,2010-12-31
2100875,TB_e_inc_num,COUNTRY,YEM,EMR,Eastern Mediterranean,YEAR,2017,,,,,,,,,13 000 [11 000-15 000],13000,11000,15000,,2025-11-11T15:08:09Z,2017,2017-01-01,2017-12-31
8616735,TB_e_inc_num,COUNTRY,HRV,EUR,Europe,YEAR,2001,,,,,,,,,2000 [1600-2400],2000,1600,2400,,2025-11-11T15:08:09Z,2001,2001-01-01,2001-12-31
2201927,TB_e_inc_num,COUNTRY,ZAF,AFR,Africa,YEAR,2002,,,,,,,,,466 000 [208 000-825 000],466000,208000,825000,,2025-11-11T15:08:09Z,2002,2002-01-01,2002-12-31
625992,TB_e_inc_num,COUNTRY,LVA,EUR,Europe,YEAR,2016,,,,,,,,,920 [750-1100],920,750,1100,,2025-11-11T15:08:09Z,2016,2016-01-01,2016-12-31
2373278,TB_e_inc_num,COUNTRY,TTO,AMR,Americas,YEAR,2008,,,,,,,,,420 [340-510],420,340,510,,2025-11-11T15:08:09Z,2008,2008-01-01,2008-12-31
7347156,TB_e_inc_num,COUNTRY,CZE,EUR,Europe,YEAR,2012,,,,,,,,,720 [580-870],720,580,870,,2025-11-11T15:08:09Z,2012,2012-01-01,2012-12-31
6041476,TB_e_inc_num,COUNTRY,SOM,EMR,Eastern Mediterranean,YEAR,2008,,,,,,,,,30 000 [15 000-48 000],30000,15000,48000,,2025-11-11T15:08:09Z,2008,2008-01-01,2008-12-31
1316573,TB_e_inc_num,COUNTRY,BTN,SEAR,South-East Asia,YEAR,2018,,,,,,,,,1600 [1300-1900],1600,1300,1900,,2025-11-11T15:08:09Z,2018,2018-01-01,2018-12-31
6205899,TB_e_inc_num,COUNTRY,MNG,WPR,Western Pacific,YEAR,2013,,,,,,,,,12 000 [6300-20 000],12000,6300,20000,,2025-11-11T15:08:09Z,2013,2013-01-01,2013-12-31
1372924,TB_e_inc_num,COUNTRY,GRD,AMR,Americas,YEAR,2023,,,,,,,,,5 [4-6],5,4,6,,2025-11-11T15:08:09Z,2023,2023-01-01,2023-12-31
4691560,TB_e_inc_num,COUNTRY,SYC,AFR,Africa,YEAR,2017,,,,,,,,,16 [13-19],16,13,19,,2025-11-11T15:08:09Z,2017,2017-01-01,2017-12-31
6313717,TB_e_inc_num,REGION,AFR,,,YEAR,2011,,,,,,,,,3 040 000 [2 540 000-3 580 000],3040000,2540000,3580000,,2025-11-11T15:08:09Z,2011,2011-01-01,2011-12-31
9844781,TB_e_inc_num,COUNTRY,SLB,WPR,Western Pacific,YEAR,2018,,,,,,,,,880 [720-1100],880,720,1100,,2025-11-11T15:08:09Z,2018,2018-01-01,2018-12-31
5040395,TB_e_inc_num,COUNTRY,BLR,EUR,Europe,YEAR,2018,,,,,,,,,3000 [2400-3600],3000,2400,3600,,2025-11-11T15:08:09Z,2018,2018-01-01,2018-12-31
9933585,TB_e_inc_num,COUNTRY,CAF,AFR,Africa,YEAR,2006,,,,,,,,,26 000 [16 000-50 000],26000,16000,50000,,2025-11-11T15:08:09Z,2006,2006-01-01,2006-12-31
3514571,TB_e_inc_num,COUNTRY,ZWE,AFR,Africa,YEAR,2002,,,,,,,,,75 000 [30 000-139 000],75000,30000,139000,,2025-11-11T15:08:09Z,2002,2002-01-01,2002-12-31
3520876,TB_e_inc_num,COUNTRY,MAC,,,YEAR,2022,,,,,,,,,450 [370-550],450,370,550,,2025-11-11T15:08:09Z,2022,2022-01-01,2022-12-31
10155425,TB_e_inc_num,GLOBAL,GLOBAL,,,YEAR,2005,,,,,,,,,12 200 000 [9 320 000-15 400 000],12200000,9320000,15400000,,2025-11-11T15:08:09Z,2005,2005-01-01,2005-12-31
6973247,TB_e_inc_num,COUNTRY,JPN,WPR,Western Pacific,YEAR,2024,,,,,,,,,12 000 [9800-15 000],12000,9800,15000,,2025-11-11T15:08:09Z,2024,2024-01-01,2024-12-31
3831253,TB_e_inc_num,COUNTRY,ITA,EUR,Europe,YEAR,2013,,,,,,,,,3700 [3000-4500],3700,3000,4500,,2025-11-11T15:08:09Z,2013,2013-01-01,2013-12-31
5528135,TB_e_inc_num,COUNTRY,BRB,AMR,Americas,YEAR,2019,,,,,,,,,0 [0-0],0,0,0,,2025-11-11T15:08:09Z,2019,2019-01-01,2019-12-31
7245759,TB_e_inc_num,COUNTRY,IRL,EUR,Europe,YEAR,2005,,,,,,,,,570 [460-680],570,460,680,,2025-11-11T15:08:09Z,2005,2005-01-01,2005-12-31
2392273,TB_e_inc_num,COUNTRY,BDI,AFR,Africa,YEAR,2024,,,,,,,,,12 000 [7100-22 000],12000,7100,22000,,2025-11-11T15:08:09Z,2024,2024-01-01,2024-12-31
7258485,TB_e_inc_num,COUNTRY,ETH,AFR,Africa,YEAR,2012,,,,,,,,,228 000 [117 000-376 000],228000,117000,376000,,2025-11-11T15:08:09Z,2012,2012-01-01,2012-12-31
7321755,TB_e_inc_num,COUNTRY,GRD,AMR,Americas,YEAR,2019,,,,,,,,,3 [2-4],3,2,4,,2025-11-11T15:08:09Z,2019,2019-01-01,2019-12-31
5851321,TB_e_inc_num,COUNTRY,BDI,AFR,Africa,YEAR,2017,,,,,,,,,13 000 [7800-25 000],13000,7800,25000,,2025-11-11T15:08:09Z,2017,2017-01-01,2017-12-31
2632457,TB_e_inc_num,REGION,AMR,,,YEAR,2017,,,,,,,,,300 000 [279 000-322 000],300000,279000,322000,,2025-11-11T15:08:09Z,2017,2017-01-01,2017-12-31
4300417,TB_e_inc_num,COUNTRY,AUT,EUR,Europe,YEAR,2004,,,,,,,,,1200 [980-1500],1200,980,1500,,2025-11-11T15:08:09Z,2004,2004-01-01,2004-12-31
7657330,TB_e_inc_num,COUNTRY,BRB,AMR,Americas,YEAR,2010,,,,,,,,,6 [5-7],6,5,7,,2025-11-11T15:08:09Z,2010,2010-01-01,2010-12-31
2923832,TB_e_inc_num,WORLDBANKINCOMEGROUP,WB_UMI,,,YEAR,2000,,,,,,,,,3 360 000 [3 000 000-3 730 000],3360000,3000000,3730000,,2025-11-11T15:08:09Z,2000,2000-01-01,2000-12-31
4577655,TB_e_inc_num,COUNTRY,IRL,EUR,Europe,YEAR,2004,,,,,,,,,550 [450-670],550,450,670,,2025-11-11T15:08:09Z,2004,2004-01-01,2004-12-31
4609490,TB_e_inc_num,COUNTRY,LBN,EMR,Eastern Mediterranean,YEAR,2024,,,,,,,,,740 [600-890],740,600,890,,2025-11-11T15:08:09Z,2024,2024-01-01,2024-12-31
3134560,TB_e_inc_num,COUNTRY,BLR,EUR,Europe,YEAR,2021,,,,,,,,,2200 [1800-2700],2200,1800,2700,,2025-11-11T15:08:09Z,2021,2021-01-01,2021-12-31
1670536,TB_e_inc_num,COUNTRY,IND,SEAR,South-East Asia,YEAR,2010,,,,,,,,,3 430 000 [1 410 000-6 320 000],3430000,1410000,6320000,,2025-11-11T15:08:09Z,2010,2010-01-01,2010-12-31
4989873,TB_e_inc_num,COUNTRY,CMR,AFR,Africa,YEAR,2023,,,,,,,,,39 000 [24 000-75 000],39000,24000,75000,,2025-11-11T15:08:09Z,2023,2023-01-01,2023-12-31
6669122,TB_e_inc_num,COUNTRY,PRY,AMR,Americas,YEAR,2018,,,,,,,,,3600 [2900-4300],3600,2900,4300,,2025-11-11T15:08:09Z,2018,2018-01-01,2018-12-31
5065793,TB_e_inc_num,COUNTRY,DMA,AMR,Americas,YEAR,2011,,,,,,,,,2 [2-2],2,2,2,,2025-11-11T15:08:09Z,2011,2011-01-01,2011-12-31
3451131,TB_e_inc_num,COUNTRY,MOZ,AFR,Africa,YEAR,2002,,,,,,,,,64 000 [41 000-93 000],64000,41000,93000,,2025-11-11T15:08:09Z,2002,2002-01-01,2002-12-31
253715,TB_e_inc_num,COUNTRY,SYC,AFR,Africa,YEAR,2010,,,,,,,,,17 [14-20],17,14,20,,2025-11-11T15:08:09Z,2010,2010-01-01,2010-12-31
8458549,TB_e_inc_num,COUNTRY,TCD,AFR,Africa,YEAR,2007,,,,,,,,,16 000 [8700-38 000],16000,8700,38000,,2025-11-11T15:08:09Z,2007,2007-01-01,2007-12-31
2037958,TB_e_inc_num,COUNTRY,DOM,AMR,Americas,YEAR,2018,,,,,,,,,5300 [4300-6400],5300,4300,6400,,2025-11-11T15:08:09Z,2018,2018-01-01,2018-12-31
8553726,TB_e_inc_num,COUNTRY,PSE,EMR,Eastern Mediterranean,YEAR,2007,,,,,,,,,59 [48-72],59,48,72,,2025-11-11T15:08:09Z,2007,2007-01-01,2007-12-31
5344225,TB_e_inc_num,COUNTRY,BFA,AFR,Africa,YEAR,2023,,,,,,,,,13 000 [8200-26 000],13000,8200,26000,,2025-11-11T15:08:09Z,2023,2023-01-01,2023-12-31
8591635,TB_e_inc_num,COUNTRY,BRA,AMR,Americas,YEAR,2021,,,,,,,,,98 000 [80 000-118 000],98000,80000,118000,,2025-11-11T15:08:09Z,2021,2021-01-01,2021-12-31
525039,TB_e_inc_num,COUNTRY,SLV,AMR,Americas,YEAR,2009,,,,,,,,,2400 [2000-2900],2400,2000,2900,,2025-11-11T15:08:09Z,2009,2009-01-01,2009-12-31
550444,TB_e_inc_num,COUNTRY,VNM,WPR,Western Pacific,YEAR,2007,,,,,,,,,212 000 [99 000-366 000],212000,99000,366000,,2025-11-11T15:08:09Z,2007,2007-01-01,2007-12-31
4034155,TB_e_inc_num,COUNTRY,BOL,AMR,Americas,YEAR,2018,,,,,,,,,11 000 [9200-14 000],11000,9200,14000,,2025-11-11T15:08:09Z,2018,2018-01-01,2018-12-31
803170,TB_e_inc_num,COUNTRY,MDA,EUR,Europe,YEAR,2000,,,,,,,,,3000 [2400-3600],3000,2400,3600,,2025-11-11T15:08:09Z,2000,2000-01-01,2000-12-31
7309055,TB_e_inc_num,COUNTRY,TTO,AMR,Americas,YEAR,2017,,,,,,,,,260 [210-320],260,210,320,,2025-11-11T15:08:09Z,2017,2017-01-01,2017-12-31
847618,TB_e_inc_num,COUNTRY,PRT,EUR,Europe,YEAR,2001,,,,,,,,,6100 [5000-7400],6100,5000,7400,,2025-11-11T15:08:09Z,2001,2001-01-01,2001-12-31
4167372,TB_e_inc_num,COUNTRY,CAN,AMR,Americas,YEAR,2009,,,,,,,,,1900 [1600-2300],1900,1600,2300,,2025-11-11T15:08:09Z,2009,2009-01-01,2009-12-31
9071891,TB_e_inc_num,COUNTRY,BIH,EUR,Europe,YEAR,2004,,,,,,,,,4300 [3500-5200],4300,3500,5200,,2025-11-11T15:08:09Z,2004,2004-01-01,2004-12-31
6066942,TB_e_inc_num,COUNTRY,QAT,EMR,Eastern Mediterranean,YEAR,2000,,,,,,,,,640 [520-770],640,520,770,,2025-11-11T15:08:09Z,2000,2000-01-01,2000-12-31
1329287,TB_e_inc_num,COUNTRY,SGP,WPR,Western Pacific,YEAR,2002,,,,,,,,,2600 [2100-3100],2600,2100,3100,,2025-11-11T15:08:09Z,2002,2002-01-01,2002-12-31
4837692,TB_e_inc_num,COUNTRY,SWZ,AFR,Africa,YEAR,2003,,,,,,,,,14 000 [1400-39 000],14000,1400,39000,,2025-11-11T15:08:09Z,2003,2003-01-01,2003-12-31
205,TB_e_inc_num,COUNTRY,LUX,EUR,Europe,YEAR,2005,,,,,,,,,50 [41-60],50,41,60,,2025-11-11T15:08:09Z,2005,2005-01-01,2005-12-31
4869400,TB_e_inc_num,COUNTRY,NLD,EUR,Europe,YEAR,2006,,,,,,,,,1200 [990-1300],1200,990,1300,,2025-11-11T15:08:09Z,2006,2006-01-01,2006-12-31
8148780,TB_e_inc_num,COUNTRY,MAC,,,YEAR,2016,,,,,,,,,570 [460-680],570,460,680,,2025-11-11T15:08:09Z,2016,2016-01-01,2016-12-31
8237140,TB_e_inc_num,WORLDBANKINCOMEGROUP,WB_LI,,,YEAR,2002,,,,,,,,,965 000 [748 000-1 210 000],965000,748000,1210000,,2025-11-11T15:08:09Z,2002,2002-01-01,2002-12-31
9857575,TB_e_inc_num,COUNTRY,MDG,AFR,Africa,YEAR,2006,,,,,,,,,46 000 [26 000-109 000],46000,26000,109000,,2025-11-11T15:08:09Z,2006,2006-01-01,2006-12-31
164900,TB_e_inc_num,COUNTRY,MAR,EMR,Eastern Mediterranean,YEAR,2015,,,,,,,,,34 000 [28 000-42 000],34000,28000,42000,,2025-11-11T15:08:09Z,2015,2015-01-01,2015-12-31
5407774,TB_e_inc_num,COUNTRY,BLR,EUR,Europe,YEAR,2004,,,,,,,,,11 000 [8800-13 000],11000,8800,13000,,2025-11-11T15:08:09Z,2004,2004-01-01,2004-12-31
8692030,TB_e_inc_num,COUNTRY,BGD,SEAR,South-East Asia,YEAR,2016,,,,,,,,,356 000 [259 000-468 000],356000,259000,468000,,2025-11-11T15:08:09Z,2016,2016-01-01,2016-12-31
8780650,TB_e_inc_num,COUNTRY,BWA,AFR,Africa,YEAR,2021,,,,,,,,,5800 [3500-11 000],5800,3500,11000,,2025-11-11T15:08:09Z,2021,2021-01-01,2021-12-31
4002430,TB_e_inc_num,COUNTRY,GBR,EUR,Europe,YEAR,2022,,,,,,,,,5300 [4900-5700],5300,4900,5700,,2025-11-11T15:08:09Z,2022,2022-01-01,2022-12-31
5705480,TB_e_inc_num,COUNTRY,SDN,EMR,Eastern Mediterranean,YEAR,2004,,,,,,,,,54 000 [11 000-129 000],54000,11000,129000,,2025-11-11T15:08:09Z,2004,2004-01-01,2004-12-31
4135563,TB_e_inc_num,COUNTRY,IDN,WPR,Western Pacific,YEAR,2014,,,,,,,,,851 000 [772 000-934 000],851000,772000,934000,,2025-11-11T15:08:09Z,2014,2014-01-01,2014-12-31
7505701,TB_e_inc_num,COUNTRY,HUN,EUR,Europe,YEAR,2011,,,,,,,,,1800 [1500-2200],1800,1500,2200,,2025-11-11T15:08:09Z,2011,2011-01-01,2011-12-31
1246830,TB_e_inc_num,COUNTRY,ERI,AFR,Africa,YEAR,2005,,,,,,,,,13 000 [10 000-15 000],13000,10000,15000,,2025-11-11T15:08:09Z,2005,2005-01-01,2005-12-31
1265840,TB_e_inc_num,COUNTRY,VEN,AMR,Americas,YEAR,2024,,,,,,,,,13 000 [11 000-16 000],13000,11000,16000,,2025-11-11T15:08:09Z,2024,2024-01-01,2024-12-31
2898466,TB_e_inc_num,COUNTRY,FRA,EUR,Europe,YEAR,2021,,,,,,,,,4900 [4700-5100],4900,4700,5100,,2025-11-11T15:08:09Z,2021,2021-01-01,2021-12-31
4558600,TB_e_inc_num,COUNTRY,HKG,,,YEAR,2014,,,,,,,,,7800 [6300-9400],7800,6300,9400,,2025-11-11T15:08:09Z,2014,2014-01-01,2014-12-31
6580563,TB_e_inc_num,COUNTRY,MEX,AMR,Americas,YEAR,2006,,,,,,,,,31 000 [25 000-37 000],31000,25000,37000,,2025-11-11T15:08:09Z,2006,2006-01-01,2006-12-31
3470201,TB_e_inc_num,COUNTRY,MAR,EMR,Eastern Mediterranean,YEAR,2016,,,,,,,,,35 000 [29 000-43 000],35000,29000,43000,,2025-11-11T15:08:09Z,2016,2016-01-01,2016-12-31
336012,TB_e_inc_num,COUNTRY,ARG,AMR,Americas,YEAR,2007,,,,,,,,,14 000 [11 000-17 000],14000,11000,17000,,2025-11-11T15:08:09Z,2007,2007-01-01,2007-12-31
10142799,TB_e_inc_num,COUNTRY,COL,AMR,Americas,YEAR,2015,,,,,,,,,16 000 [13 000-19 000],16000,13000,19000,,2025-11-11T15:08:09Z,2015,2015-01-01,2015-12-31
6909763,TB_e_inc_num,COUNTRY,SWZ,AFR,Africa,YEAR,2022,,,,,,,,,4100 [2300-6200],4100,2300,6200,,2025-11-11T15:08:09Z,2022,2022-01-01,2022-12-31
461503,TB_e_inc_num,COUNTRY,MCO,EUR,Europe,YEAR,2009,,,,,,,,,0 [0-0],0,0,0,,2025-11-11T15:08:09Z,2009,2009-01-01,2009-12-31
6973309,TB_e_inc_num,COUNTRY,CAN,AMR,Americas,YEAR,2013,,,,,,,,,1900 [1500-2300],1900,1500,2300,,2025-11-11T15:08:09Z,2013,2013-01-01,2013-12-31
493292,TB_e_inc_num,COUNTRY,PNG,WPR,Western Pacific,YEAR,2014,,,,,,,,,52 000 [29 000-116 000],52000,29000,116000,,2025-11-11T15:08:09Z,2014,2014-01-01,2014-12-31
2139042,TB_e_inc_num,COUNTRY,AZE,EUR,Europe,YEAR,2015,,,,,,,,,9300 [7500-11 000],9300,7500,11000,,2025-11-11T15:08:09Z,2015,2015-01-01,2015-12-31
5464717,TB_e_inc_num,COUNTRY,HTI,AMR,Americas,YEAR,2005,,,,,,,,,48 000 [39 000-58 000],48000,39000,58000,,2025-11-11T15:08:09Z,2005,2005-01-01,2005-12-31
2233511,TB_e_inc_num,COUNTRY,BGD,SEAR,South-East Asia,YEAR,2024,,,,,,,,,384 000 [279 000-505 000],384000,279000,505000,,2025-11-11T15:08:09Z,2024,2024-01-01,2024-12-31
8729972,TB_e_inc_num,COUNTRY,PRT,EUR,Europe,YEAR,2015,,,,,,,,,2400 [2000-2900],2400,2000,2900,,2025-11-11T15:08:09Z,2015,2015-01-01,2015-12-31
644904,TB_e_inc_num,COUNTRY,BHS,AMR,Americas,YEAR,2023,,,,,,,,,35 [29-42],35,29,42,,2025-11-11T15:08:09Z,2023,2023-01-01,2023-12-31
745990,TB_e_inc_num,COUNTRY,NAM,AFR,Africa,YEAR,2001,,,,,,,,,20 000 [8700-37 000],20000,8700,37000,,2025-11-11T15:08:09Z,2001,2001-01-01,2001-12-31
5616972,TB_e_inc_num,COUNTRY,THA,SEAR,South-East Asia,YEAR,2017,,,,,,,,,111 000 [83 000-143 000],111000,83000,143000,,2025-11-11T15:08:09Z,2017,2017-01-01,2017-12-31
790526,TB_e_inc_num,COUNTRY,LBR,AFR,Africa,YEAR,2015,,,,,,,,,13 000 [8000-28 000],13000,8000,28000,,2025-11-11T15:08:09Z,2015,2015-01-01,2015-12-31
4129271,TB_e_inc_num,REGION,EUR,,,YEAR,2009,,,,,,,,,462 000 [376 000-557 000],462000,376000,557000,,2025-11-11T15:08:09Z,2009,2009-01-01,2009-12-31
911230,TB_e_inc_num,COUNTRY,GBR,EUR,Europe,YEAR,2007,,,,,,,,,9000 [8300-9700],9000,8300,9700,,2025-11-11T15:08:09Z,2007,2007-01-01,2007-12-31
7524800,TB_e_inc_num,COUNTRY,NGA,AFR,Africa,YEAR,2012,,,,,,,,,386 000 [252 000-548 000],386000,252000,548000,,2025-11-11T15:08:09Z,2012,2012-01-01,2012-12-31
2739748,TB_e_inc_num,COUNTRY,CRI,AMR,Americas,YEAR,2003,,,,,,,,,850 [690-1000],850,690,1000,,2025-11-11T15:08:09Z,2003,2003-01-01,2003-12-31
2930237,TB_e_inc_num,COUNTRY,MLI,AFR,Africa,YEAR,2012,,,,,,,,,12 000 [6700-24 000],12000,6700,24000,,2025-11-11T15:08:09Z,2012,2012-01-01,2012-12-31
7847566,TB_e_inc_num,COUNTRY,IRQ,EMR,Eastern Mediterranean,YEAR,2005,,,,,,,,,14 000 [12 000-17 000],14000,12000,17000,,2025-11-11T15:08:09Z,2005,2005-01-01,2005-12-31
4717076,TB_e_inc_num,COUNTRY,LVA,EUR,Europe,YEAR,2024,,,,,,,,,390 [320-470],390,320,470,,2025-11-11T15:08:09Z,2024,2024-01-01,2024-12-31
8047256,TB_e_inc_num,COUNTRY,BEL,EUR,Europe,YEAR,2016,,,,,,,,,1100 [920-1400],1100,920,1400,,2025-11-11T15:08:09Z,2016,2016-01-01,2016-12-31
8053642,TB_e_inc_num,COUNTRY,COK,WPR,Western Pacific,YEAR,2008,,,,,,,,,2 [2-2],2,2,2,,2025-11-11T15:08:09Z,2008,2008-01-01,2008-12-31
9712352,TB_e_inc_num,COUNTRY,CMR,AFR,Africa,YEAR,2016,,,,,,,,,47 000 [28 000-95 000],47000,28000,95000,,2025-11-11T15:08:09Z,2016,2016-01-01,2016-12-31
9813594,TB_e_inc_num,COUNTRY,CHN,WPR,Western Pacific,YEAR,2020,,,,,,,,,834 000 [678 000-1 000 000],834000,678000,1000000,,2025-11-11T15:08:09Z,2020,2020-01-01,2020-12-31
6745362,TB_e_inc_num,COUNTRY,UKR,EUR,Europe,YEAR,2008,,,,,,,,,76 000 [62 000-91 000],76000,62000,91000,,2025-11-11T15:08:09Z,2008,2008-01-01,2008-12-31
5129123,TB_e_inc_num,COUNTRY,HKG,,,YEAR,2010,,,,,,,,,8700 [7100-10 000],8700,7100,10000,,2025-11-11T15:08:09Z,2010,2010-01-01,2010-12-31
10072838,TB_e_inc_num,COUNTRY,LKA,SEAR,South-East Asia,YEAR,2021,,,,,,,,,13 000 [7800-23 000],13000,7800,23000,,2025-11-11T15:08:09Z,2021,2021-01-01,2021-12-31
10142826,TB_e_inc_num,COUNTRY,TZA,AFR,Africa,YEAR,2005,,,,,,,,,200 000 [47 000-461 000],200000,47000,461000,,2025-11-11T15:08:09Z,2005,2005-01-01,2005-12-31
5420504,TB_e_inc_num,COUNTRY,IRN,EMR,Eastern Mediterranean,YEAR,2022,,,,,,,,,10 000 [8500-13 000],10000,8500,13000,,2025-11-11T15:08:09Z,2022,2022-01-01,2022-12-31
7081032,TB_e_inc_num,COUNTRY,KIR,WPR,Western Pacific,YEAR,2010,,,,,,,,,770 [620-920],770,620,920,,2025-11-11T15:08:09Z,2010,2010-01-01,2010-12-31
5490117,TB_e_inc_num,COUNTRY,ISR,EUR,Europe,YEAR,2016,,,,,,,,,300 [250-360],300,250,360,,2025-11-11T15:08:09Z,2016,2016-01-01,2016-12-31
2297013,TB_e_inc_num,COUNTRY,GIN,AFR,Africa,YEAR,2018,,,,,,,,,23 000 [14 000-44 000],23000,14000,44000,,2025-11-11T15:08:09Z,2018,2018-01-01,2018-12-31
701653,TB_e_inc_num,COUNTRY,ROU,EUR,Europe,YEAR,2018,,,,,,,,,15 000 [12 000-18 000],15000,12000,18000,,2025-11-11T15:08:09Z,2018,2018-01-01,2018-12-31
2455284,TB_e_inc_num,COUNTRY,GIN,AFR,Africa,YEAR,2024,,,,,,,,,26 000 [16 000-50 000],26000,16000,50000,,2025-11-11T15:08:09Z,2024,2024-01-01,2024-12-31
5813405,TB_e_inc_num,COUNTRY,EGY,EMR,Eastern Mediterranean,YEAR,2016,,,,,,,,,13 000 [10 000-16 000],13000,10000,16000,,2025-11-11T15:08:09Z,2016,2016-01-01,2016-12-31
1082021,TB_e_inc_num,COUNTRY,IRL,EUR,Europe,YEAR,2015,,,,,,,,,360 [300-440],360,300,440,,2025-11-11T15:08:09Z,2015,2015-01-01,2015-12-31
4413270,TB_e_inc_num,COUNTRY,ETH,AFR,Africa,YEAR,2001,,,,,,,,,321 000 [184 000-496 000],321000,184000,496000,,2025-11-11T15:08:09Z,2001,2001-01-01,2001-12-31
1215077,TB_e_inc_num,COUNTRY,BTN,SEAR,South-East Asia,YEAR,2000,,,,,,,,,4000 [3200-4800],4000,3200,4800,,2025-11-11T15:08:09Z,2000,2000-01-01,2000-12-31
1259571,TB_e_inc_num,COUNTRY,CHL,AMR,Americas,YEAR,2010,,,,,,,,,3200 [2600-3800],3200,2600,3800,,2025-11-11T15:08:09Z,2010,2010-01-01,2010-12-31
4520556,TB_e_inc_num,COUNTRY,THA,SEAR,South-East Asia,YEAR,2011,,,,,,,,,122 000 [68 000-191 000],122000,68000,191000,,2025-11-11T15:08:09Z,2011,2011-01-01,2011-12-31
2930273,TB_e_inc_num,COUNTRY,HRV,EUR,Europe,YEAR,2012,,,,,,,,,710 [580-860],710,580,860,,2025-11-11T15:08:09Z,2012,2012-01-01,2012-12-31
1385736,TB_e_inc_num,COUNTRY,ISL,EUR,Europe,YEAR,2022,,,,,,,,,16 [13-19],16,13,19,,2025-11-11T15:08:09Z,2022,2022-01-01,2022-12-31
1430000,TB_e_inc_num,COUNTRY,DJI,EMR,Eastern Mediterranean,YEAR,2007,,,,,,,,,12 000 [9400-14 000],12000,9400,14000,,2025-11-11T15:08:09Z,2007,2007-01-01,2007-12-31
3109168,TB_e_inc_num,COUNTRY,LSO,AFR,Africa,YEAR,2022,,,,,,,,,14 000 [8300-21 000],14000,8300,21000,,2025-11-11T15:08:09Z,2022,2022-01-01,2022-12-31
6396464,TB_e_inc_num,COUNTRY,COG,AFR,Africa,YEAR,2001,,,,,,,,,18 000 [9500-47 000],18000,9500,47000,,2025-11-11T15:08:09Z,2001,2001-01-01,2001-12-31
3159981,TB_e_inc_num,COUNTRY,ZWE,AFR,Africa,YEAR,2022,,,,,,,,,34 000 [23 000-44 000],34000,23000,44000,,2025-11-11T15:08:09Z,2022,2022-01-01,2022-12-31
3311991,TB_e_inc_num,COUNTRY,DJI,EMR,Eastern Mediterranean,YEAR,2019,,,,,,,,,4200 [3400-5100],4200,3400,5100,,2025-11-11T15:08:09Z,2019,2019-01-01,2019-12-31
8173998,TB_e_inc_num,COUNTRY,BOL,AMR,Americas,YEAR,2019,,,,,,,,,11 000 [9100-13 000],11000,9100,13000,,2025-11-11T15:08:09Z,2019,2019-01-01,2019-12-31
82786,TB_e_inc_num,COUNTRY,SRB,EUR,Europe,YEAR,2013,,,,,,,,,3200 [2600-3800],3200,2600,3800,,2025-11-11T15:08:09Z,2013,2013-01-01,2013-12-31
8363715,TB_e_inc_num,COUNTRY,PAK,EMR,Eastern Mediterranean,YEAR,2004,,,,,,,,,472 000 [299 000-685 000],472000,299000,685000,,2025-11-11T15:08:09Z,2004,2004-01-01,2004-12-31
9996987,TB_e_inc_num,COUNTRY,SGP,WPR,Western Pacific,YEAR,2001,,,,,,,,,2700 [2200-3200],2700,2200,3200,,2025-11-11T15:08:09Z,2001,2001-01-01,2001-12-31
3577851,TB_e_inc_num,COUNTRY,TCD,AFR,Africa,YEAR,2020,,,,,,,,,22 000 [14 000-43 000],22000,14000,43000,,2025-11-11T15:08:09Z,2020,2020-01-01,2020-12-31
6821201,TB_e_inc_num,COUNTRY,EGY,EMR,Eastern Mediterranean,YEAR,2022,,,,,,,,,12 000 [9400-15 000],12000,9400,15000,,2025-11-11T15:08:09Z,2022,2022-01-01,2022-12-31
1993700,TB_e_inc_num,COUNTRY,IRL,EUR,Europe,YEAR,2007,,,,,,,,,580 [470-700],580,470,700,,2025-11-11T15:08:09Z,2007,2007-01-01,2007-12-31
379892,TB_e_inc_num,COUNTRY,MNG,WPR,Western Pacific,YEAR,2004,,,,,,,,,11 000 [5600-18 000],11000,5600,18000,,2025-11-11T15:08:09Z,2004,2004-01-01,2004-12-31
5268723,TB_e_inc_num,COUNTRY,CAN,AMR,Americas,YEAR,2012,,,,,,,,,1900 [1600-2300],1900,1600,2300,,2025-11-11T15:08:09Z,2012,2012-01-01,2012-12-31
430689,TB_e_inc_num,COUNTRY,MKD,EUR,Europe,YEAR,2022,,,,,,,,,190 [160-230],190,160,230,,2025-11-11T15:08:09Z,2022,2022-01-01,2022-12-31
8717322,TB_e_inc_num,COUNTRY,RWA,AFR,Africa,YEAR,2017,,,,,,,,,7900 [5500-11 000],7900,5500,11000,,2025-11-11T15:08:09Z,2017,2017-01-01,2017-12-31
5534635,TB_e_inc_num,REGION,AMR,,,YEAR,2007,,,,,,,,,348 000 [325 000-372 000],348000,325000,372000,,2025-11-11T15:08:09Z,2007,2007-01-01,2007-12-31
752375,TB_e_inc_num,COUNTRY,SYR,EMR,Eastern Mediterranean,YEAR,2024,,,,,,,,,5600 [4600-6800],5600,4600,6800,,2025-11-11T15:08:09Z,2024,2024-01-01,2024-12-31
4332020,TB_e_inc_num,COUNTRY,ATG,AMR,Americas,YEAR,2024,,,,,,,,,1 [1-1],1,1,1,,2025-11-11T15:08:09Z,2024,2024-01-01,2024-12-31
9230520,TB_e_inc_num,COUNTRY,PRI,AMR,Americas,YEAR,2004,,,,,,,,,220 [180-260],220,180,260,,2025-11-11T15:08:09Z,2004,2004-01-01,2004-12-31
7739902,TB_e_inc_num,COUNTRY,CHE,EUR,Europe,YEAR,2018,,,,,,,,,550 [450-660],550,450,660,,2025-11-11T15:08:09Z,2018,2018-01-01,2018-12-31
1265907,TB_e_inc_num,COUNTRY,NRU,WPR,Western Pacific,YEAR,2017,,,,,,,,,9 [7-11],9,7,11,,2025-11-11T15:08:09Z,2017,2017-01-01,2017-12-31
9382678,TB_e_inc_num,COUNTRY,ETH,AFR,Africa,YEAR,2008,,,,,,,,,261 000 [139 000-421 000],261000,139000,421000,,2025-11-11T15:08:09Z,2008,2008-01-01,2008-12-31
9389014,TB_e_inc_num,COUNTRY,PSE,EMR,Eastern Mediterranean,YEAR,2020,,,,,,,,,38 [31-45],38,31,45,,2025-11-11T15:08:09Z,2020,2020-01-01,2020-12-31
1461733,TB_e_inc_num,COUNTRY,COD,AFR,Africa,YEAR,2000,,,,,,,,,309 000 [189 000-594 000],309000,189000,594000,,2025-11-11T15:08:09Z,2000,2000-01-01,2000-12-31
7974148,TB_e_inc_num,COUNTRY,DEU,EUR,Europe,YEAR,2020,,,,,,,,,4400 [4000-4900],4400,4000,4900,,2025-11-11T15:08:09Z,2020,2020-01-01,2020-12-31
4996105,TB_e_inc_num,COUNTRY,MNE,EUR,Europe,YEAR,2017,,,,,,,,,110 [87-130],110,87,130,,2025-11-11T15:08:09Z,2017,2017-01-01,2017-12-31
3394486,TB_e_inc_num,COUNTRY,MWI,AFR,Africa,YEAR,2021,,,,,,,,,26 000 [13 000-44 000],26000,13000,44000,,2025-11-11T15:08:09Z,2021,2021-01-01,2021-12-31
1816067,TB_e_inc_num,COUNTRY,KIR,WPR,Western Pacific,YEAR,2008,,,,,,,,,1000 [830-1200],1000,830,1200,,2025-11-11T15:08:09Z,2008,2008-01-01,2008-12-31
9997008,TB_e_inc_num,COUNTRY,ETH,AFR,Africa,YEAR,2006,,,,,,,,,278 000 [150 000-444 000],278000,150000,444000,,2025-11-11T15:08:09Z,2006,2006-01-01,2006-12-31
5167325,TB_e_inc_num,COUNTRY,ZWE,AFR,Africa,YEAR,2024,,,,,,,,,34 000 [21 000-45 000],34000,21000,45000,,2025-11-11T15:08:09Z,2024,2024-01-01,2024-12-31
5249715,TB_e_inc_num,COUNTRY,OMN,EMR,Eastern Mediterranean,YEAR,2003,,,,,,,,,450 [360-540],450,360,540,,2025-11-11T15:08:09Z,2003,2003-01-01,2003-12-31
6903513,TB_e_inc_num,REGION,SEAR,,,YEAR,2018,,,,,,,,,3 730 000 [3 390 000-4 090 000],3730000,3390000,4090000,,2025-11-11T15:08:09Z,2018,2018-01-01,2018-12-31
6916229,TB_e_inc_num,COUNTRY,SMR,EUR,Europe,YEAR,2009,,,,,,,,,0 [0-0],0,0,0,,2025-11-11T15:08:09Z,2009,2009-01-01,2009-12-31
6992435,TB_e_inc_num,COUNTRY,JAM,AMR,Americas,YEAR,2014,,,,,,,,,120 [100-150],120,100,150,,2025-11-11T15:08:09Z,2014,2014-01-01,2014-12-31
8704616,TB_e_inc_num,COUNTRY,WSM,WPR,Western Pacific,YEAR,2012,,,,,,,,,22 [18-27],22,18,27,,2025-11-11T15:08:09Z,2012,2012-01-01,2012-12-31
7176320,TB_e_inc_num,COUNTRY,BRA,AMR,Americas,YEAR,2022,,,,,,,,,103 000 [83 000-126 000],103000,83000,126000,,2025-11-11T15:08:09Z,2022,2022-01-01,2022-12-31
3977103,TB_e_inc_num,COUNTRY,ATG,AMR,Americas,YEAR,2010,,,,,,,,,7 [6-8],7,6,8,,2025-11-11T15:08:09Z,2010,2010-01-01,2010-12-31
752413,TB_e_inc_num,REGION,WPR,,,YEAR,2015,,,,,,,,,2 770 000 [2 420 000-3 140 000],2770000,2420000,3140000,,2025-11-11T15:08:09Z,2015,2015-01-01,2015-12-31
4148422,TB_e_inc_num,COUNTRY,GNQ,AFR,Africa,YEAR,2021,,,,,,,,,3700 [2300-7200],3700,2300,7200,,2025-11-11T15:08:09Z,2021,2021-01-01,2021-12-31
4186585,TB_e_inc_num,COUNTRY,THA,SEAR,South-East Asia,YEAR,2010,,,,,,,,,124 000 [68 000-198 000],124000,68000,198000,,2025-11-11T15:08:09Z,2010,2010-01-01,2010-12-31
7429883,TB_e_inc_num,COUNTRY,JAM,AMR,Americas,YEAR,2022,,,,,,,,,110 [91-130],110,91,130,,2025-11-11T15:08:09Z,2022,2022-01-01,2022-12-31
7461617,TB_e_inc_num,COUNTRY,COD,AFR,Africa,YEAR,2018,,,,,,,,,383 000 [235 000-736 000],383000,235000,736000,,2025-11-11T15:08:09Z,2018,2018-01-01,2018-12-31
4243701,TB_e_inc_num,COUNTRY,YEM,EMR,Eastern Mediterranean,YEAR,2022,,,,,,,,,14 000 [12 000-16 000],14000,12000,16000,,2025-11-11T15:08:09Z,2022,2022-01-01,2022-12-31
7588221,TB_e_inc_num,COUNTRY,USA,AMR,Americas,YEAR,2013,,,,,,,,,11 000 [8900-13 000],11000,8900,13000,,2025-11-11T15:08:09Z,2013,2013-01-01,2013-12-31
2752541,TB_e_inc_num,COUNTRY,GRD,AMR,Americas,YEAR,2015,,,,,,,,,5 [4-6],5,4,6,,2025-11-11T15:08:09Z,2015,2015-01-01,2015-12-31
4457120,TB_e_inc_num,COUNTRY,KWT,EMR,Eastern Mediterranean,YEAR,2004,,,,,,,,,740 [600-890],740,600,890,,2025-11-11T15:08:09Z,2004,2004-01-01,2004-12-31
6180864,TB_e_inc_num,COUNTRY,DEU,EUR,Europe,YEAR,2008,,,,,,,,,4500 [4100-5000],4500,4100,5000,,2025-11-11T15:08:09Z,2008,2008-01-01,2008-12-31
4565043,TB_e_inc_num,COUNTRY,COL,AMR,Americas,YEAR,2003,,,,,,,,,23 000 [19 000-28 000],23000,19000,28000,,2025-11-11T15:08:09Z,2003,2003-01-01,2003-12-31
4647730,TB_e_inc_num,COUNTRY,MDA,EUR,Europe,YEAR,2005,,,,,,,,,5200 [4200-6300],5200,4200,6300,,2025-11-11T15:08:09Z,2005,2005-01-01,2005-12-31
8047340,TB_e_inc_num,COUNTRY,ISL,EUR,Europe,YEAR,2017,,,,,,,,,13 [11-16],13,11,16,,2025-11-11T15:08:09Z,2017,2017-01-01,2017-12-31
57624,TB_e_inc_num,REGION,EMR,,,YEAR,2018,,,,,,,,,847 000 [665 000-1 050 000],847000,665000,1050000,,2025-11-11T15:08:09Z,2018,2018-01-01,2018-12-31
1683370,TB_e_inc_num,COUNTRY,TKM,EUR,Europe,YEAR,2021,,,,,,,,,2500 [2000-3000],2500,2000,3000,,2025-11-11T15:08:09Z,2021,2021-01-01,2021-12-31
1771771,TB_e_inc_num,COUNTRY,CAN,AMR,Americas,YEAR,2022,,,,,,,,,2200 [1800-2600],2200,1800,2600,,2025-11-11T15:08:09Z,2022,2022-01-01,2022-12-31
3742629,TB_e_inc_num,COUNTRY,GUY,AMR,Americas,YEAR,2012,,,,,,,,,1100 [900-1300],1100,900,1300,,2025-11-11T15:08:09Z,2012,2012-01-01,2012-12-31
7036607,TB_e_inc_num,COUNTRY,PSE,EMR,Eastern Mediterranean,YEAR,2022,,,,,,,,,30 [25-36],30,25,36,,2025-11-11T15:08:09Z,2022,2022-01-01,2022-12-31
2227445,TB_e_inc_num,COUNTRY,ARE,EMR,Eastern Mediterranean,YEAR,2007,,,,,,,,,170 [140-210],170,140,210,,2025-11-11T15:08:09Z,2007,2007-01-01,2007-12-31
3901053,TB_e_inc_num,WORLDBANKINCOMEGROUP,WB_LI,,,YEAR,2003,,,,,,,,,991 000 [771 000-1 240 000],991000,771000,1240000,,2025-11-11T15:08:09Z,2003,2003-01-01,2003-12-31
676348,TB_e_inc_num,COUNTRY,NGA,AFR,Africa,YEAR,2014,,,,,,,,,407 000 [266 000-578 000],407000,266000,578000,,2025-11-11T15:08:09Z,2014,2014-01-01,2014-12-31
8787111,TB_e_inc_num,COUNTRY,PER,AMR,Americas,YEAR,2001,,,,,,,,,88 000 [72 000-106 000],88000,72000,106000,,2025-11-11T15:08:09Z,2001,2001-01-01,2001-12-31
7398068,TB_e_inc_num,COUNTRY,DOM,AMR,Americas,YEAR,2022,,,,,,,,,5500 [4400-6600],5500,4400,6600,,2025-11-11T15:08:09Z,2022,2022-01-01,2022-12-31
955640,TB_e_inc_num,COUNTRY,GAB,AFR,Africa,YEAR,2013,,,,,,,,,9300 [5600-19 000],9300,5600,19000,,2025-11-11T15:08:09Z,2013,2013-01-01,2013-12-31
2613961,TB_e_inc_num,COUNTRY,GIN,AFR,Africa,YEAR,2014,,,,,,,,,21 000 [12 000-44 000],21000,12000,44000,,2025-11-11T15:08:09Z,2014,2014-01-01,2014-12-31
4338414,TB_e_inc_num,COUNTRY,JPN,WPR,Western Pacific,YEAR,2001,,,,,,,,,53 000 [43 000-63 000],53000,43000,63000,,2025-11-11T15:08:09Z,2001,2001-01-01,2001-12-31
4344740,TB_e_inc_num,COUNTRY,ATG,AMR,Americas,YEAR,2023,,,,,,,,,1 [1-1],1,1,1,,2025-11-11T15:08:09Z,2023,2023-01-01,2023-12-31
2771575,TB_e_inc_num,COUNTRY,PAK,EMR,Eastern Mediterranean,YEAR,2010,,,,,,,,,549 000 [347 000-796 000],549000,347000,796000,,2025-11-11T15:08:09Z,2010,2010-01-01,2010-12-31
6060790,TB_e_inc_num,WORLDBANKINCOMEGROUP,WB_LI,,,YEAR,2022,,,,,,,,,1 210 000 [942 000-1 500 000],1210000,942000,1500000,,2025-11-11T15:08:09Z,2022,2022-01-01,2022-12-31
2822341,TB_e_inc_num,COUNTRY,PRI,AMR,Americas,YEAR,2006,,,,,,,,,180 [150-220],180,150,220,,2025-11-11T15:08:09Z,2006,2006-01-01,2006-12-31
7898079,TB_e_inc_num,COUNTRY,ITA,EUR,Europe,YEAR,2007,,,,,,,,,3600 [2900-4300],3600,2900,4300,,2025-11-11T15:08:09Z,2007,2007-01-01,2007-12-31
4755298,TB_e_inc_num,COUNTRY,EST,EUR,Europe,YEAR,2010,,,,,,,,,410 [330-500],410,330,500,,2025-11-11T15:08:09Z,2010,2010-01-01,2010-12-31
9725100,TB_e_inc_num,COUNTRY,SWZ,AFR,Africa,YEAR,2005,,,,,,,,,15 000 [1000-48 000],15000,1000,48000,,2025-11-11T15:08:09Z,2005,2005-01-01,2005-12-31
4882197,TB_e_inc_num,COUNTRY,BEN,AFR,Africa,YEAR,2000,,,,,,,,,5100 [2600-14 000],5100,2600,14000,,2025-11-11T15:08:09Z,2000,2000-01-01,2000-12-31
6555215,TB_e_inc_num,COUNTRY,SWE,EUR,Europe,YEAR,2014,,,,,,,,,760 [620-910],760,620,910,,2025-11-11T15:08:09Z,2014,2014-01-01,2014-12-31
9813703,TB_e_inc_num,COUNTRY,CZE,EUR,Europe,YEAR,2011,,,,,,,,,730 [590-880],730,590,880,,2025-11-11T15:08:09Z,2011,2011-01-01,2011-12-31
8205583,TB_e_inc_num,COUNTRY,PRT,EUR,Europe,YEAR,2014,,,,,,,,,2500 [2100-3100],2500,2100,3100,,2025-11-11T15:08:09Z,2014,2014-01-01,2014-12-31
6840307,TB_e_inc_num,COUNTRY,LAO,WPR,Western Pacific,YEAR,2007,,,,,,,,,15 000 [7100-26 000],15000,7100,26000,,2025-11-11T15:08:09Z,2007,2007-01-01,2007-12-31
5230759,TB_e_inc_num,COUNTRY,USA,AMR,Americas,YEAR,2004,,,,,,,,,18 000 [15 000-22 000],18000,15000,22000,,2025-11-11T15:08:09Z,2004,2004-01-01,2004-12-31
3653741,TB_e_inc_num,COUNTRY,TJK,EUR,Europe,YEAR,2024,,,,,,,,,7900 [6000-9700],7900,6000,9700,,2025-11-11T15:08:09Z,2024,2024-01-01,2024-12-31
2044332,TB_e_inc_num,COUNTRY,FIN,EUR,Europe,YEAR,2013,,,,,,,,,310 [250-380],310,250,380,,2025-11-11T15:08:09Z,2013,2013-01-01,2013-12-31
5502906,TB_e_inc_num,COUNTRY,SOM,EMR,Eastern Mediterranean,YEAR,2004,,,,,,,,,35 000 [14 000-326 000],35000,14000,326000,,2025-11-11T15:08:09Z,2004,2004-01-01,2004-12-31
2297114,TB_e_inc_num,COUNTRY,LBN,EMR,Eastern Mediterranean,YEAR,2018,,,,,,,,,910 [740-1100],910,740,1100,,2025-11-11T15:08:09Z,2018,2018-01-01,2018-12-31
5604398,TB_e_inc_num,COUNTRY,FRA,EUR,Europe,YEAR,2003,,,,,,,,,7300 [7000-7600],7300,7000,7600,,2025-11-11T15:08:09Z,2003,2003-01-01,2003-12-31
5623442,TB_e_inc_num,COUNTRY,COG,AFR,Africa,YEAR,2004,,,,,,,,,18 000 [9800-42 000],18000,9800,42000,,2025-11-11T15:08:09Z,2004,2004-01-01,2004-12-31
2455379,TB_e_inc_num,COUNTRY,RWA,AFR,Africa,YEAR,2019,,,,,,,,,8100 [5700-11 000],8100,5700,11000,,2025-11-11T15:08:09Z,2019,2019-01-01,2019-12-31
4123033,TB_e_inc_num,COUNTRY,MRT,AFR,Africa,YEAR,2006,,,,,,,,,5600 [3200-13 000],5600,3200,13000,,2025-11-11T15:08:09Z,2006,2006-01-01,2006-12-31
7398106,TB_e_inc_num,COUNTRY,PAN,AMR,Americas,YEAR,2022,,,,,,,,,2100 [1700-2600],2100,1700,2600,,2025-11-11T15:08:09Z,2022,2022-01-01,2022-12-31
9014974,TB_e_inc_num,COUNTRY,UZB,EUR,Europe,YEAR,2018,,,,,,,,,23 000 [18 000-27 000],23000,18000,27000,,2025-11-11T15:08:09Z,2018,2018-01-01,2018-12-31
4193008,TB_e_inc_num,COUNTRY,GBR,EUR,Europe,YEAR,2024,,,,,,,,,6700 [6200-7200],6700,6200,7200,,2025-11-11T15:08:09Z,2024,2024-01-01,2024-12-31
5826160,TB_e_inc_num,WORLDBANKINCOMEGROUP,WB_HI,,,YEAR,2008,,,,,,,,,360 000 [274 000-457 000],360000,274000,457000,,2025-11-11T15:08:09Z,2008,2008-01-01,2008-12-31
5864217,TB_e_inc_num,COUNTRY,NPL,SEAR,South-East Asia,YEAR,2022,,,,,,,,,70 000 [40 000-105 000],70000,40000,105000,,2025-11-11T15:08:09Z,2022,2022-01-01,2022-12-31
2771609,TB_e_inc_num,COUNTRY,URY,AMR,Americas,YEAR,2016,,,,,,,,,1100 [890-1300],1100,890,1300,,2025-11-11T15:08:09Z,2016,2016-01-01,2016-12-31
7974207,TB_e_inc_num,COUNTRY,CZE,EUR,Europe,YEAR,2006,,,,,,,,,1300 [1000-1500],1300,1000,1500,,2025-11-11T15:08:09Z,2006,2006-01-01,2006-12-31
8009250,TB_e_inc_num,COUNTRY,NRU,WPR,Western Pacific,YEAR,2000,,,,,,,,,4 [3-5],4,3,5,,2025-11-11T15:08:09Z,2000,2000-01-01,2000-12-31
9706104,TB_e_inc_num,COUNTRY,TTO,AMR,Americas,YEAR,2011,,,,,,,,,320 [260-380],320,260,380,,2025-11-11T15:08:09Z,2011,2011-01-01,2011-12-31
3267791,TB_e_inc_num,COUNTRY,CPV,AFR,Africa,YEAR,2021,,,,,,,,,260 [210-310],260,210,310,,2025-11-11T15:08:09Z,2021,2021-01-01,2021-12-31
4939252,TB_e_inc_num,COUNTRY,CYP,EUR,Europe,YEAR,2006,,,,,,,,,56 [46-68],56,46,68,,2025-11-11T15:08:09Z,2006,2006-01-01,2006-12-31
120751,TB_e_inc_num,COUNTRY,ETH,AFR,Africa,YEAR,2009,,,,,,,,,252 000 [133 000-409 000],252000,133000,409000,,2025-11-11T15:08:09Z,2009,2009-01-01,2009-12-31
9870448,TB_e_inc_num,COUNTRY,VCT,AMR,Americas,YEAR,2003,,,,,,,,,14 [11-17],14,11,17,,2025-11-11T15:08:09Z,2003,2003-01-01,2003-12-31
10041325,TB_e_inc_num,COUNTRY,TCD,AFR,Africa,YEAR,2013,,,,,,,,,23 000 [13 000-51 000],23000,13000,51000,,2025-11-11T15:08:09Z,2013,2013-01-01,2013-12-31
1974769,TB_e_inc_num,COUNTRY,AUT,EUR,Europe,YEAR,2002,,,,,,,,,1500 [1200-1800],1500,1200,1800,,2025-11-11T15:08:09Z,2002,2002-01-01,2002-12-31
373665,TB_e_inc_num,COUNTRY,SLB,WPR,Western Pacific,YEAR,2009,,,,,,,,,1100 [880-1300],1100,880,1300,,2025-11-11T15:08:09Z,2009,2009-01-01,2009-12-31
5294176,TB_e_inc_num,COUNTRY,MRT,AFR,Africa,YEAR,2005,,,,,,,,,5700 [3200-13 000],5700,3200,13000,,2025-11-11T15:08:09Z,2005,2005-01-01,2005-12-31
487098,TB_e_inc_num,COUNTRY,SWZ,AFR,Africa,YEAR,2007,,,,,,,,,16 000 [990-49 000],16000,990,49000,,2025-11-11T15:08:09Z,2007,2007-01-01,2007-12-31
5363497,TB_e_inc_num,COUNTRY,BDI,AFR,Africa,YEAR,2018,,,,,,,,,13 000 [7700-25 000],13000,7700,25000,,2025-11-11T15:08:09Z,2018,2018-01-01,2018-12-31
2227500,TB_e_inc_num,COUNTRY,NIU,WPR,Western Pacific,YEAR,2017,,,,,,,,,0 [0-0],0,0,0,,2025-11-11T15:08:09Z,2017,2017-01-01,2017-12-31
8787161,TB_e_inc_num,REGION,EUR,,,YEAR,2017,,,,,,,,,289 000 [249 000-331 000],289000,249000,331000,,2025-11-11T15:08:09Z,2017,2017-01-01,2017-12-31
5636147,TB_e_inc_num,WORLDBANKINCOMEGROUP,WB_UMI,,,YEAR,2008,,,,,,,,,3 270 000 [2 800 000-3 770 000],3270000,2800000,3770000,,2025-11-11T15:08:09Z,2008,2008-01-01,2008-12-31
1012566,TB_e_inc_num,COUNTRY,TTO,AMR,Americas,YEAR,2002,,,,,,,,,260 [210-320],260,210,320,,2025-11-11T15:08:09Z,2002,2002-01-01,2002-12-31
7708235,TB_e_inc_num,COUNTRY,LTU,EUR,Europe,YEAR,2011,,,,,,,,,3000 [2400-3600],3000,2400,3600,,2025-11-11T15:08:09Z,2011,2011-01-01,2011-12-31
1335399,TB_e_inc_num,COUNTRY,OMN,EMR,Eastern Mediterranean,YEAR,2023,,,,,,,,,700 [570-850],700,570,850,,2025-11-11T15:08:09Z,2023,2023-01-01,2023-12-31
3166455,TB_e_inc_num,COUNTRY,CPV,AFR,Africa,YEAR,2003,,,,,,,,,740 [600-890],740,600,890,,2025-11-11T15:08:09Z,2003,2003-01-01,2003-12-31
9649024,TB_e_inc_num,COUNTRY,PAN,AMR,Americas,YEAR,2002,,,,,,,,,2700 [2200-3300],2700,2200,3300,,2025-11-11T15:08:09Z,2002,2002-01-01,2002-12-31
19573,TB_e_inc_num,COUNTRY,MDV,SEAR,South-East Asia,YEAR,2016,,,,,,,,,250 [210-300],250,210,300,,2025-11-11T15:08:09Z,2016,2016-01-01,2016-12-31
4939282,TB_e_inc_num,COUNTRY,AFG,EMR,Eastern Mediterranean,YEAR,2001,,,,,,,,,35 000 [13 000-267 000],35000,13000,267000,,2025-11-11T15:08:09Z,2001,2001-01-01,2001-12-31
4952012,TB_e_inc_num,COUNTRY,KIR,WPR,Western Pacific,YEAR,2015,,,,,,,,,1200 [960-1400],1200,960,1400,,2025-11-11T15:08:09Z,2015,2015-01-01,2015-12-31
184101,TB_e_inc_num,COUNTRY,MDV,SEAR,South-East Asia,YEAR,2007,,,,,,,,,290 [230-350],290,230,350,,2025-11-11T15:08:09Z,2007,2007-01-01,2007-12-31
5078747,TB_e_inc_num,COUNTRY,SLV,AMR,Americas,YEAR,2006,,,,,,,,,2600 [2100-3200],2600,2100,3200,,2025-11-11T15:08:09Z,2006,2006-01-01,2006-12-31
3508456,TB_e_inc_num,COUNTRY,BRA,AMR,Americas,YEAR,2005,,,,,,,,,88 000 [71 000-106 000],88000,71000,106000,,2025-11-11T15:08:09Z,2005,2005-01-01,2005-12-31
2031813,TB_e_inc_num,COUNTRY,BLZ,AMR,Americas,YEAR,2005,,,,,,,,,190 [160-230],190,160,230,,2025-11-11T15:08:09Z,2005,2005-01-01,2005-12-31
8528587,TB_e_inc_num,COUNTRY,TTO,AMR,Americas,YEAR,2001,,,,,,,,,440 [350-520],440,350,520,,2025-11-11T15:08:09Z,2001,2001-01-01,2001-12-31
5350794,TB_e_inc_num,COUNTRY,NAM,AFR,Africa,YEAR,2014,,,,,,,,,16 000 [9700-23 000],16000,9700,23000,,2025-11-11T15:08:09Z,2014,2014-01-01,2014-12-31
6979805,TB_e_inc_num,COUNTRY,EGY,EMR,Eastern Mediterranean,YEAR,2012,,,,,,,,,13 000 [10 000-16 000],13000,10000,16000,,2025-11-11T15:08:09Z,2012,2012-01-01,2012-12-31
8629661,TB_e_inc_num,COUNTRY,DMA,AMR,Americas,YEAR,2023,,,,,,,,,4 [3-5],4,3,5,,2025-11-11T15:08:09Z,2023,2023-01-01,2023-12-31
5401615,TB_e_inc_num,COUNTRY,SDN,EMR,Eastern Mediterranean,YEAR,2013,,,,,,,,,38 000 [14 000-72 000],38000,14000,72000,,2025-11-11T15:08:09Z,2013,2013-01-01,2013-12-31
2828757,TB_e_inc_num,WORLDBANKINCOMEGROUP,WB_HI,,,YEAR,2019,,,,,,,,,217 000 [189 000-247 000],217000,189000,247000,,2025-11-11T15:08:09Z,2019,2019-01-01,2019-12-31
1323157,TB_e_inc_num,COUNTRY,IDN,WPR,Western Pacific,YEAR,2016,,,,,,,,,852 000 [775 000-934 000],852000,775000,934000,,2025-11-11T15:08:09Z,2016,2016-01-01,2016-12-31
4654214,TB_e_inc_num,COUNTRY,DZA,AFR,Africa,YEAR,2006,,,,,,,,,36 000 [29 000-43 000],36000,29000,43000,,2025-11-11T15:08:09Z,2006,2006-01-01,2006-12-31
1449198,TB_e_inc_num,COUNTRY,BWA,AFR,Africa,YEAR,2023,,,,,,,,,4400 [2600-8500],4400,2600,8500,,2025-11-11T15:08:09Z,2023,2023-01-01,2023-12-31
3115695,TB_e_inc_num,COUNTRY,BRA,AMR,Americas,YEAR,2019,,,,,,,,,94 000 [76 000-113 000],94000,76000,113000,,2025-11-11T15:08:09Z,2019,2019-01-01,2019-12-31
7993306,TB_e_inc_num,COUNTRY,CPV,AFR,Africa,YEAR,2018,,,,,,,,,290 [230-350],290,230,350,,2025-11-11T15:08:09Z,2018,2018-01-01,2018-12-31
4761701,TB_e_inc_num,COUNTRY,QAT,EMR,Eastern Mediterranean,YEAR,2006,,,,,,,,,700 [570-840],700,570,840,,2025-11-11T15:08:09Z,2006,2006-01-01,2006-12-31
1607306,TB_e_inc_num,COUNTRY,CHE,EUR,Europe,YEAR,2017,,,,,,,,,620 [500-740],620,500,740,,2025-11-11T15:08:09Z,2017,2017-01-01,2017-12-31
8136251,TB_e_inc_num,COUNTRY,MWI,AFR,Africa,YEAR,2013,,,,,,,,,42 000 [12 000-92 000],42000,12000,92000,,2025-11-11T15:08:09Z,2013,2013-01-01,2013-12-31
5034321,TB_e_inc_num,COUNTRY,PNG,WPR,Western Pacific,YEAR,2001,,,,,,,,,56 000 [18 000-1 030 000],56000,18000,1030000,,2025-11-11T15:08:09Z,2001,2001-01-01,2001-12-31
10009651,TB_e_inc_num,COUNTRY,CRI,AMR,Americas,YEAR,2006,,,,,,,,,720 [580-860],720,580,860,,2025-11-11T15:08:09Z,2006,2006-01-01,2006-12-31
10111209,TB_e_inc_num,COUNTRY,COM,AFR,Africa,YEAR,2014,,,,,,,,,300 [180-610],300,180,610,,2025-11-11T15:08:09Z,2014,2014-01-01,2014-12-31
3787142,TB_e_inc_num,WORLDBANKINCOMEGROUP,WB_HI,,,YEAR,2023,,,,,,,,,177 000 [149 000-207 000],177000,149000,207000,,2025-11-11T15:08:09Z,2023,2023-01-01,2023-12-31
7246017,TB_e_inc_num,COUNTRY,ZMB,AFR,Africa,YEAR,2003,,,,,,,,,73 000 [43 000-110 000],73000,43000,110000,,2025-11-11T15:08:09Z,2003,2003-01-01,2003-12-31
2582314,TB_e_inc_num,COUNTRY,NPL,SEAR,South-East Asia,YEAR,2009,,,,,,,,,87 000 [49 000-136 000],87000,49000,136000,,2025-11-11T15:08:09Z,2009,2009-01-01,2009-12-31
1000131,TB_e_inc_num,COUNTRY,ERI,AFR,Africa,YEAR,2021,,,,,,,,,3700 [3000-4500],3700,3000,4500,,2025-11-11T15:08:09Z,2021,2021-01-01,2021-12-31
9135587,TB_e_inc_num,COUNTRY,BHS,AMR,Americas,YEAR,2000,,,,,,,,,180 [150-220],180,150,220,,2025-11-11T15:08:09Z,2000,2000-01-01,2000-12-31
1164636,TB_e_inc_num,COUNTRY,TUV,WPR,Western Pacific,YEAR,2017,,,,,,,,,23 [19-28],23,19,28,,2025-11-11T15:08:09Z,2017,2017-01-01,2017-12-31
1171030,TB_e_inc_num,COUNTRY,NOR,EUR,Europe,YEAR,2009,,,,,,,,,390 [320-470],390,320,470,,2025-11-11T15:08:09Z,2009,2009-01-01,2009-12-31
9293990,TB_e_inc_num,COUNTRY,DOM,AMR,Americas,YEAR,2014,,,,,,,,,6200 [5000-7400],6200,5000,7400,,2025-11-11T15:08:09Z,2014,2014-01-01,2014-12-31
6060899,TB_e_inc_num,COUNTRY,VUT,WPR,Western Pacific,YEAR,2012,,,,,,,,,260 [140-590],260,140,590,,2025-11-11T15:08:09Z,2012,2012-01-01,2012-12-31
2873253,TB_e_inc_num,COUNTRY,JOR,EMR,Eastern Mediterranean,YEAR,2011,,,,,,,,,480 [390-570],480,390,570,,2025-11-11T15:08:09Z,2011,2011-01-01,2011-12-31
7740036,TB_e_inc_num,COUNTRY,TKM,EUR,Europe,YEAR,2006,,,,,,,,,5600 [4500-6700],5600,4500,6700,,2025-11-11T15:08:09Z,2006,2006-01-01,2006-12-31
6130284,TB_e_inc_num,COUNTRY,OMN,EMR,Eastern Mediterranean,YEAR,2022,,,,,,,,,530 [430-640],530,430,640,,2025-11-11T15:08:09Z,2022,2022-01-01,2022-12-31
3012688,TB_e_inc_num,COUNTRY,IRN,EMR,Eastern Mediterranean,YEAR,2023,,,,,,,,,10 000 [8200-12 000],10000,8200,12000,,2025-11-11T15:08:09Z,2023,2023-01-01,2023-12-31
6307674,TB_e_inc_num,COUNTRY,AND,EUR,Europe,YEAR,2017,,,,,,,,,1 [1-1],1,1,1,,2025-11-11T15:08:09Z,2017,2017-01-01,2017-12-31
3096812,TB_e_inc_num,COUNTRY,TGO,AFR,Africa,YEAR,2006,,,,,,,,,5400 [3000-12 000],5400,3000,12000,,2025-11-11T15:08:09Z,2006,2006-01-01,2006-12-31
6460077,TB_e_inc_num,COUNTRY,KOR,WPR,Western Pacific,YEAR,2006,,,,,,,,,45 000 [42 000-48 000],45000,42000,48000,,2025-11-11T15:08:09Z,2006,2006-01-01,2006-12-31
6542596,TB_e_inc_num,COUNTRY,PHL,WPR,Western Pacific,YEAR,2018,,,,,,,,,607 000 [340 000-948 000],607000,340000,948000,,2025-11-11T15:08:09Z,2018,2018-01-01,2018-12-31
8161720,TB_e_inc_num,COUNTRY,HKG,,,YEAR,2001,,,,,,,,,16 000 [13 000-19 000],16000,13000,19000,,2025-11-11T15:08:09Z,2001,2001-01-01,2001-12-31
127211,TB_e_inc_num,COUNTRY,CRI,AMR,Americas,YEAR,2012,,,,,,,,,640 [520-770],640,520,770,,2025-11-11T15:08:09Z,2012,2012-01-01,2012-12-31
298140,TB_e_inc_num,COUNTRY,KGZ,EUR,Europe,YEAR,2001,,,,,,,,,15 000 [12 000-18 000],15000,12000,18000,,2025-11-11T15:08:09Z,2001,2001-01-01,2001-12-31
8522282,TB_e_inc_num,COUNTRY,CAN,AMR,Americas,YEAR,2015,,,,,,,,,1800 [1500-2200],1800,1500,2200,,2025-11-11T15:08:09Z,2015,2015-01-01,2015-12-31
2120242,TB_e_inc_num,COUNTRY,SDN,EMR,Eastern Mediterranean,YEAR,2012,,,,,,,,,38 000 [14 000-74 000],38000,14000,74000,,2025-11-11T15:08:09Z,2012,2012-01-01,2012-12-31
2183165,TB_e_inc_num,WORLDBANKINCOMEGROUP,WB_LMI,,,YEAR,2002,,,,,,,,,6 860 000 [4 200 000-10 200 000],6860000,4200000,10200000,,2025-11-11T15:08:09Z,2002,2002-01-01,2002-12-31
739870,TB_e_inc_num,COUNTRY,KEN,AFR,Africa,YEAR,2014,,,,,,,,,195 000 [84 000-351 000],195000,84000,351000,,2025-11-11T15:08:09Z,2014,2014-01-01,2014-12-31
5623551,TB_e_inc_num,COUNTRY,CHE,EUR,Europe,YEAR,2021,,,,,,,,,410 [330-490],410,330,490,,2025-11-11T15:08:09Z,2021,2021-01-01,2021-12-31
1266082,TB_e_inc_num,COUNTRY,NIC,AMR,Americas,YEAR,2020,,,,,,,,,3100 [2500-3800],3100,2500,3800,,2025-11-11T15:08:09Z,2020,2020-01-01,2020-12-31
6396655,TB_e_inc_num,COUNTRY,MCO,EUR,Europe,YEAR,2011,,,,,,,,,0 [0-0],0,0,0,,2025-11-11T15:08:09Z,2011,2011-01-01,2011-12-31
9642696,TB_e_inc_num,COUNTRY,BDI,AFR,Africa,YEAR,2003,,,,,,,,,14 000 [7700-34 000],14000,7700,34000,,2025-11-11T15:08:09Z,2003,2003-01-01,2003-12-31
6434691,TB_e_inc_num,COUNTRY,TLS,SEAR,South-East Asia,YEAR,2013,,,,,,,,,6100 [3600-12 000],6100,3600,12000,,2025-11-11T15:08:09Z,2013,2013-01-01,2013-12-31
6434704,TB_e_inc_num,COUNTRY,MEX,AMR,Americas,YEAR,2018,,,,,,,,,32 000 [26 000-38 000],32000,26000,38000,,2025-11-11T15:08:09Z,2018,2018-01-01,2018-12-31
1600985,TB_e_inc_num,COUNTRY,FIN,EUR,Europe,YEAR,2011,,,,,,,,,370 [300-450],370,300,450,,2025-11-11T15:08:09Z,2011,2011-01-01,2011-12-31
4933006,TB_e_inc_num,COUNTRY,BHR,EMR,Eastern Mediterranean,YEAR,2010,,,,,,,,,380 [310-460],380,310,460,,2025-11-11T15:08:09Z,2010,2010-01-01,2010-12-31
9813828,TB_e_inc_num,COUNTRY,TGO,AFR,Africa,YEAR,2018,,,,,,,,,4200 [2600-8200],4200,2600,8200,,2025-11-11T15:08:09Z,2018,2018-01-01,2018-12-31
3337556,TB_e_inc_num,COUNTRY,CHL,AMR,Americas,YEAR,2005,,,,,,,,,3500 [2900-4300],3500,2900,4300,,2025-11-11T15:08:09Z,2005,2005-01-01,2005-12-31
9876915,TB_e_inc_num,COUNTRY,IRL,EUR,Europe,YEAR,2018,,,,,,,,,360 [290-440],360,290,440,,2025-11-11T15:08:09Z,2018,2018-01-01,2018-12-31
1822628,TB_e_inc_num,COUNTRY,SLB,WPR,Western Pacific,YEAR,2006,,,,,,,,,1300 [1100-1600],1300,1100,1600,,2025-11-11T15:08:09Z,2006,2006-01-01,2006-12-31
6739240,TB_e_inc_num,COUNTRY,SDN,EMR,Eastern Mediterranean,YEAR,2017,,,,,,,,,33 000 [21 000-47 000],33000,21000,47000,,2025-11-11T15:08:09Z,2017,2017-01-01,2017-12-31
4303,TB_e_inc_num,COUNTRY,ATG,AMR,Americas,YEAR,2016,,,,,,,,,3 [2-4],3,2,4,,2025-11-11T15:08:09Z,2016,2016-01-01,2016-12-31
8651,TB_e_inc_num,COUNTRY,GTM,AMR,Americas,YEAR,2011,,,,,,,,,3400 [2800-4100],3400,2800,4100,,2025-11-11T15:08:09Z,2011,2011-01-01,2011-12-31
14043,TB_e_inc_num,COUNTRY,BTN,SEAR,South-East Asia,YEAR,2022,,,,,,,,,1300 [1100-1600],1300,1100,1600,,2025-11-11T15:08:09Z,2022,2022-01-01,2022-12-31
15107,TB_e_inc_num,COUNTRY,PLW,WPR,Western Pacific,YEAR,2018,,,,,,,,,17 [14-20],17,14,20,,2025-11-11T15:08:09Z,2018,2018-01-01,2018-12-31
17090,TB_e_inc_num,COUNTRY,YEM,EMR,Eastern Mediterranean,YEAR,2003,,,,,,,,,14 000 [12 000-16 000],14000,12000,16000,,2025-11-11T15:08:09Z,2003,2003-01-01,2003-12-31
22782,TB_e_inc_num,COUNTRY,COL,AMR,Americas,YEAR,2001,,,,,,,,,25 000 [21 000-30 000],25000,21000,30000,,2025-11-11T15:08:09Z,2001,2001-01-01,2001-12-31
27210,TB_e_inc_num,COUNTRY,TZA,AFR,Africa,YEAR,2009,,,,,,,,,197 000 [54 000-432 000],197000,54000,432000,,2025-11-11T15:08:09Z,2009,2009-01-01,2009-12-31
41445,TB_e_inc_num,COUNTRY,TZA,AFR,Africa,YEAR,2001,,,,,,,,,178 000 [35 000-434 000],178000,35000,434000,,2025-11-11T15:08:09Z,2001,2001-01-01,2001-12-31
46511,TB_e_inc_num,COUNTRY,NER,AFR,Africa,YEAR,2023,,,,,,,,,22 000 [13 000-41 000],22000,13000,41000,,2025-11-11T15:08:09Z,2023,2023-01-01,2023-12-31
47011,TB_e_inc_num,COUNTRY,SLE,AFR,Africa,YEAR,2014,,,,,,,,,31 000 [19 000-60 000],31000,19000,60000,,2025-11-11T15:08:09Z,2014,2014-01-01,2014-12-31
57876,TB_e_inc_num,COUNTRY,TJK,EUR,Europe,YEAR,2018,,,,,,,,,8000 [6500-9700],8000,6500,9700,,2025-11-11T15:08:09Z,2018,2018-01-01,2018-12-31
59346,TB_e_inc_num,COUNTRY,NAM,AFR,Africa,YEAR,2005,,,,,,,,,25 000 [9100-47 000],25000,9100,47000,,2025-11-11T15:08:09Z,2005,2005-01-01,2005-12-31
59527,TB_e_inc_num,REGION,EUR,,,YEAR,2003,,,,,,,,,572 000 [479 000-673 000],572000,479000,673000,,2025-11-11T15:08:09Z,2003,2003-01-01,2003-12-31
65933,TB_e_inc_num,COUNTRY,POL,EUR,Europe,YEAR,2015,,,,,,,,,7800 [6400-9500],7800,6400,9500,,2025-11-11T15:08:09Z,2015,2015-01-01,2015-12-31
67433,TB_e_inc_num,COUNTRY,TON,WPR,Western Pacific,YEAR,2002,,,,,,,,,29 [24-35],29,24,35,,2025-11-11T15:08:09Z,2002,2002-01-01,2002-12-31
67671,TB_e_inc_num,COUNTRY,GNQ,AFR,Africa,YEAR,2019,,,,,,,,,3700 [2200-7100],3700,2200,7100,,2025-11-11T15:08:09Z,2019,2019-01-01,2019-12-31
71075,TB_e_inc_num,COUNTRY,KOR,WPR,Western Pacific,YEAR,2010,,,,,,,,,47 000 [44 000-50 000],47000,44000,50000,,2025-11-11T15:08:09Z,2010,2010-01-01,2010-12-31
72215,TB_e_inc_num,COUNTRY,STP,AFR,Africa,YEAR,2000,,,,,,,,,370 [300-440],370,300,440,,2025-11-11T15:08:09Z,2000,2000-01-01,2000-12-31
77250,TB_e_inc_num,COUNTRY,THA,SEAR,South-East Asia,YEAR,2021,,,,,,,,,102 000 [77 000-128 000],102000,77000,128000,,2025-11-11T15:08:09Z,2021,2021-01-01,2021-12-31
77376,TB_e_inc_num,COUNTRY,LSO,AFR,Africa,YEAR,2000,,,,,,,,,17 000 [8900-27 000],17000,8900,27000,,2025-11-11T15:08:09Z,2000,2000-01-01,2000-12-31
77433,TB_e_inc_num,COUNTRY,BLZ,AMR,Americas,YEAR,2023,,,,,,,,,140 [110-170],140,110,170,,2025-11-11T15:08:09Z,2023,2023-01-01,2023-12-31
84673,TB_e_inc_num,COUNTRY,MMR,SEAR,South-East Asia,YEAR,2007,,,,,,,,,257 000 [95 000-499 000],257000,95000,499000,,2025-11-11T15:08:09Z,2007,2007-01-01,2007-12-31
85598,TB_e_inc_num,COUNTRY,HKG,,,YEAR,2022,,,,,,,,,4900 [4000-5900],4900,4000,5900,,2025-11-11T15:08:09Z,2022,2022-01-01,2022-12-31
86122,TB_e_inc_num,COUNTRY,CHE,EUR,Europe,YEAR,2004,,,,,,,,,720 [580-860],720,580,860,,2025-11-11T15:08:09Z,2004,2004-01-01,2004-12-31
90744,TB_e_inc_num,COUNTRY,GEO,EUR,Europe,YEAR,2018,,,,,,,,,3300 [2700-4000],3300,2700,4000,,2025-11-11T15:08:09Z,2018,2018-01-01,2018-12-31
97768,TB_e_inc_num,COUNTRY,IRQ,EMR,Eastern Mediterranean,YEAR,2017,,,,,,,,,12 000 [9300-14 000],12000,9300,14000,,2025-11-11T15:08:09Z,2017,2017-01-01,2017-12-31
103031,TB_e_inc_num,COUNTRY,SYR,EMR,Eastern Mediterranean,YEAR,2006,,,,,,,,,8200 [6700-9900],8200,6700,9900,,2025-11-11T15:08:09Z,2006,2006-01-01,2006-12-31
108614,TB_e_inc_num,COUNTRY,OMN,EMR,Eastern Mediterranean,YEAR,2005,,,,,,,,,450 [360-540],450,360,540,,2025-11-11T15:08:09Z,2005,2005-01-01,2005-12-31
109328,TB_e_inc_num,COUNTRY,KNA,AMR,Americas,YEAR,2000,,,,,,,,,0 [0-0],0,0,0,,2025-11-11T15:08:09Z,2000,2000-01-01,2000-12-31
114711,TB_e_inc_num,COUNTRY,LTU,EUR,Europe,YEAR,2007,,,,,,,,,4300 [3500-5100],4300,3500,5100,,2025-11-11T15:08:09Z,2007,2007-01-01,2007-12-31
116969,TB_e_inc_num,COUNTRY,GHA,AFR,Africa,YEAR,2008,,,,,,,,,46 000 [17 000-90 000],46000,17000,90000,,2025-11-11T15:08:09Z,2008,2008-01-01,2008-12-31
121977,TB_e_inc_num,COUNTRY,TKM,EUR,Europe,YEAR,2014,,,,,,,,,3700 [3000-4400],3700,3000,4400,,2025-11-11T15:08:09Z,2014,2014-01-01,2014-12-31
123641,TB_e_inc_num,WORLDBANKINCOMEGROUP,WB_UMI,,,YEAR,2005,,,,,,,,,3 380 000 [2 830 000-3 980 000],3380000,2830000,3980000,,2025-11-11T15:08:09Z,2005,2005-01-01,2005-12-31
123662,TB_e_inc_num,COUNTRY,NIC,AMR,Americas,YEAR,2024,,,,,,,,,3000 [2400-3600],3000,2400,3600,,2025-11-11T15:08:09Z,2024,2024-01-01,2024-12-31
130078,TB_e_inc_num,COUNTRY,ZAF,AFR,Africa,YEAR,2011,,,,,,,,,636 000 [354 000-1 000 000],636000,354000,1000000,,2025-11-11T15:08:09Z,2011,2011-01-01,2011-12-31
131034,TB_e_inc_num,COUNTRY,RWA,AFR,Africa,YEAR,2001,,,,,,,,,18 000 [15 000-20 000],18000,15000,20000,,2025-11-11T15:08:09Z,2001,2001-01-01,2001-12-31
133964,TB_e_inc_num,COUNTRY,RWA,AFR,Africa,YEAR,2008,,,,,,,,,9700 [7400-12 000],9700,7400,12000,,2025-11-11T15:08:09Z,2008,2008-01-01,2008-12-31
135174,TB_e_inc_num,COUNTRY,EGY,EMR,Eastern Mediterranean,YEAR,2017,,,,,,,,,13 000 [9900-16 000],13000,9900,16000,,2025-11-11T15:08:09Z,2017,2017-01-01,2017-12-31
136100,TB_e_inc_num,COUNTRY,TZA,AFR,Africa,YEAR,2003,,,,,,,,,189 000 [41 000-448 000],189000,41000,448000,,2025-11-11T15:08:09Z,2003,2003-01-01,2003-12-31
137262,TB_e_inc_num,COUNTRY,LUX,EUR,Europe,YEAR,2008,,,,,,,,,37 [30-45],37,30,45,,2025-11-11T15:08:09Z,2008,2008-01-01,2008-12-31
140379,TB_e_inc_num,REGION,WPR,,,YEAR,2008,,,,,,,,,2 890 000 [2 540 000-3 260 000],2890000,2540000,3260000,,2025-11-11T15:08:09Z,2008,2008-01-01,2008-12-31
141147,TB_e_inc_num,COUNTRY,NPL,SEAR,South-East Asia,YEAR,2020,,,,,,,,,66 000 [39 000-100 000],66000,39000,100000,,2025-11-11T15:08:09Z,2020,2020-01-01,2020-12-31
141715,TB_e_inc_num,COUNTRY,TGO,AFR,Africa,YEAR,2004,,,,,,,,,4700 [2600-11 000],4700,2600,11000,,2025-11-11T15:08:09Z,2004,2004-01-01,2004-12-31
141803,TB_e_inc_num,COUNTRY,HND,AMR,Americas,YEAR,2023,,,,,,,,,4000 [3300-4800],4000,3300,4800,,2025-11-11T15:08:09Z,2023,2023-01-01,2023-12-31
142829,TB_e_inc_num,COUNTRY,BFA,AFR,Africa,YEAR,2009,,,,,,,,,12 000 [7400-23 000],12000,7400,23000,,2025-11-11T15:08:09Z,2009,2009-01-01,2009-12-31
154948,TB_e_inc_num,COUNTRY,TON,WPR,Western Pacific,YEAR,2005,,,,,,,,,18 [15-22],18,15,22,,2025-11-11T15:08:09Z,2005,2005-01-01,2005-12-31
160078,TB_e_inc_num,COUNTRY,BRB,AMR,Americas,YEAR,2011,,,,,,,,,0 [0-0],0,0,0,,2025-11-11T15:08:09Z,2011,2011-01-01,2011-12-31
160284,TB_e_inc_num,COUNTRY,ETH,AFR,Africa,YEAR,2011,,,,,,,,,236 000 [124 000-384 000],236000,124000,384000,,2025-11-11T15:08:09Z,2011,2011-01-01,2011-12-31
165683,TB_e_inc_num,COUNTRY,NER,AFR,Africa,YEAR,2019,,,,,,,,,19 000 [11 000-36 000],19000,11000,36000,,2025-11-11T15:08:09Z,2019,2019-01-01,2019-12-31
172091,TB_e_inc_num,COUNTRY,ITA,EUR,Europe,YEAR,2021,,,,,,,,,2800 [2300-3400],2800,2300,3400,,2025-11-11T15:08:09Z,2021,2021-01-01,2021-12-31
179208,TB_e_inc_num,COUNTRY,TUR,EUR,Europe,YEAR,2024,,,,,,,,,11 000 [9300-14 000],11000,9300,14000,,2025-11-11T15:08:09Z,2024,2024-01-01,2024-12-31
181641,TB_e_inc_num,COUNTRY,CHL,AMR,Americas,YEAR,2017,,,,,,,,,3400 [2700-4100],3400,2700,4100,,2025-11-11T15:08:09Z,2017,2017-01-01,2017-12-31
184556,TB_e_inc_num,COUNTRY,CUB,AMR,Americas,YEAR,2008,,,,,,,,,1100 [930-1400],1100,930,1400,,2025-11-11T15:08:09Z,2008,2008-01-01,2008-12-31
185736,TB_e_inc_num,COUNTRY,SLV,AMR,Americas,YEAR,2014,,,,,,,,,3000 [2400-3600],3000,2400,3600,,2025-11-11T15:08:09Z,2014,2014-01-01,2014-12-31
186216,TB_e_inc_num,COUNTRY,CUB,AMR,Americas,YEAR,2002,,,,,,,,,1700 [1300-2000],1700,1300,2000,,2025-11-11T15:08:09Z,2002,2002-01-01,2002-12-31
187153,TB_e_inc_num,COUNTRY,MAC,,,YEAR,2015,,,,,,,,,600 [480-720],600,480,720,,2025-11-11T15:08:09Z,2015,2015-01-01,2015-12-31
198753,TB_e_inc_num,COUNTRY,GNQ,AFR,Africa,YEAR,2004,,,,,,,,,2700 [1600-5200],2700,1600,5200,,2025-11-11T15:08:09Z,2004,2004-01-01,2004-12-31
199833,TB_e_inc_num,COUNTRY,ERI,AFR,Africa,YEAR,2014,,,,,,,,,5700 [4700-6900],5700,4700,6900,,2025-11-11T15:08:09Z,2014,2014-01-01,2014-12-31
204573,TB_e_inc_num,COUNTRY,BEL,EUR,Europe,YEAR,2017,,,,,,,,,1100 [850-1300],1100,850,1300,,2025-11-11T15:08:09Z,2017,2017-01-01,2017-12-31
205983,TB_e_inc_num,COUNTRY,SDN,EMR,Eastern Mediterranean,YEAR,2009,,,,,,,,,53 000 [15 000-115 000],53000,15000,115000,,2025-11-11T15:08:09Z,2009,2009-01-01,2009-12-31
206881,TB_e_inc_num,COUNTRY,MAC,,,YEAR,2024,,,,,,,,,420 [350-510],420,350,510,,2025-11-11T15:08:09Z,2024,2024-01-01,2024-12-31
211179,TB_e_inc_num,REGION,EMR,,,YEAR,2019,,,,,,,,,853 000 [671 000-1 060 000],853000,671000,1060000,,2025-11-11T15:08:09Z,2019,2019-01-01,2019-12-31
212018,TB_e_inc_num,COUNTRY,MDA,EUR,Europe,YEAR,2017,,,,,,,,,3400 [2800-4100],3400,2800,4100,,2025-11-11T15:08:09Z,2017,2017-01-01,2017-12-31
216530,TB_e_inc_num,COUNTRY,NIU,WPR,Western Pacific,YEAR,2021,,,,,,,,,0 [0-0],0,0,0,,2025-11-11T15:08:09Z,2021,2021-01-01,2021-12-31
218956,TB_e_inc_num,COUNTRY,ISL,EUR,Europe,YEAR,2016,,,,,,,,,6 [5-7],6,5,7,,2025-11-11T15:08:09Z,2016,2016-01-01,2016-12-31
224295,TB_e_inc_num,COUNTRY,TLS,SEAR,South-East Asia,YEAR,2023,,,,,,,,,6300 [3900-12 000],6300,3900,12000,,2025-11-11T15:08:09Z,2023,2023-01-01,2023-12-31
229602,TB_e_inc_num,COUNTRY,MYS,WPR,Western Pacific,YEAR,2003,,,,,,,,,30 000 [24 000-36 000],30000,24000,36000,,2025-11-11T15:08:09Z,2003,2003-01-01,2003-12-31
235022,TB_e_inc_num,COUNTRY,TKM,EUR,Europe,YEAR,2024,,,,,,,,,3000 [2400-3600],3000,2400,3600,,2025-11-11T15:08:09Z,2024,2024-01-01,2024-12-31
235880,TB_e_inc_num,COUNTRY,NER,AFR,Africa,YEAR,2014,,,,,,,,,20 000 [12 000-42 000],20000,12000,42000,,2025-11-11T15:08:09Z,2014,2014-01-01,2014-12-31
236258,TB_e_inc_num,COUNTRY,MNG,WPR,Western Pacific,YEAR,2014,,,,,,,,,12 000 [6400-20 000],12000,6400,20000,,2025-11-11T15:08:09Z,2014,2014-01-01,2014-12-31
237357,TB_e_inc_num,WORLDBANKINCOMEGROUP,WB_UMI,,,YEAR,2007,,,,,,,,,3 310 000 [2 720 000-3 950 000],3310000,2720000,3950000,,2025-11-11T15:08:09Z,2007,2007-01-01,2007-12-31
242393,TB_e_inc_num,COUNTRY,GHA,AFR,Africa,YEAR,2002,,,,,,,,,44 000 [14 000-91 000],44000,14000,91000,,2025-11-11T15:08:09Z,2002,2002-01-01,2002-12-31
250522,TB_e_inc_num,COUNTRY,ERI,AFR,Africa,YEAR,2007,,,,,,,,,11 000 [9300-14 000],11000,9300,14000,,2025-11-11T15:08:09Z,2007,2007-01-01,2007-12-31
254069,TB_e_inc_num,COUNTRY,NIC,AMR,Americas,YEAR,2004,,,,,,,,,5000 [4100-6000],5000,4100,6000,,2025-11-11T15:08:09Z,2004,2004-01-01,2004-12-31
256214,TB_e_inc_num,COUNTRY,ESP,EUR,Europe,YEAR,2001,,,,,,,,,10 000 [8300-12 000],10000,8300,12000,,2025-11-11T15:08:09Z,2001,2001-01-01,2001-12-31
256947,TB_e_inc_num,COUNTRY,SYC,AFR,Africa,YEAR,2005,,,,,,,,,14 [11-17],14,11,17,,2025-11-11T15:08:09Z,2005,2005-01-01,2005-12-31
257496,TB_e_inc_num,COUNTRY,AND,EUR,Europe,YEAR,2011,,,,,,,,,3 [2-4],3,2,4,,2025-11-11T15:08:09Z,2011,2011-01-01,2011-12-31
261004,TB_e_inc_num,COUNTRY,MKD,EUR,Europe,YEAR,2021,,,,,,,,,190 [150-230],190,150,230,,2025-11-11T15:08:09Z,2021,2021-01-01,2021-12-31
263042,TB_e_inc_num,COUNTRY,LUX,EUR,Europe,YEAR,2004,,,,,,,,,42 [34-51],42,34,51,,2025-11-11T15:08:09Z,2004,2004-01-01,2004-12-31
267260,TB_e_inc_num,COUNTRY,GRD,AMR,Americas,YEAR,2000,,,,,,,,,0 [0-0],0,0,0,,2025-11-11T15:08:09Z,2000,2000-01-01,2000-12-31
268358,TB_e_inc_num,COUNTRY,MNG,WPR,Western Pacific,YEAR,2008,,,,,,,,,11 000 [5800-19 000],11000,5800,19000,,2025-11-11T15:08:09Z,2008,2008-01-01,2008-12-31
274655,TB_e_inc_num,COUNTRY,TON,WPR,Western Pacific,YEAR,2010,,,,,,,,,11 [9-13],11,9,13,,2025-11-11T15:08:09Z,2010,2010-01-01,2010-12-31
276619,TB_e_inc_num,COUNTRY,NZL,WPR,Western Pacific,YEAR,2002,,,,,,,,,440 [360-530],440,360,530,,2025-11-11T15:08:09Z,2002,2002-01-01,2002-12-31
276880,TB_e_inc_num,COUNTRY,CMR,AFR,Africa,YEAR,2004,,,,,,,,,39 000 [22 000-86 000],39000,22000,86000,,2025-11-11T15:08:09Z,2004,2004-01-01,2004-12-31
280147,TB_e_inc_num,WORLDBANKINCOMEGROUP,WB_LI,,,YEAR,2017,,,,,,,,,1 140 000 [897 000-1 410 000],1140000,897000,1410000,,2025-11-11T15:08:09Z,2017,2017-01-01,2017-12-31
281054,TB_e_inc_num,COUNTRY,SWE,EUR,Europe,YEAR,2017,,,,,,,,,570 [460-690],570,460,690,,2025-11-11T15:08:09Z,2017,2017-01-01,2017-12-31
285480,TB_e_inc_num,COUNTRY,EGY,EMR,Eastern Mediterranean,YEAR,2002,,,,,,,,,15 000 [12 000-19 000],15000,12000,19000,,2025-11-11T15:08:09Z,2002,2002-01-01,2002-12-31
285502,TB_e_inc_num,COUNTRY,TGO,AFR,Africa,YEAR,2011,,,,,,,,,5600 [3200-12 000],5600,3200,12000,,2025-11-11T15:08:09Z,2011,2011-01-01,2011-12-31
286023,TB_e_inc_num,COUNTRY,MLT,EUR,Europe,YEAR,2023,,,,,,,,,68 [55-82],68,55,82,,2025-11-11T15:08:09Z,2023,2023-01-01,2023-12-31
286186,TB_e_inc_num,COUNTRY,ARE,EMR,Eastern Mediterranean,YEAR,2011,,,,,,,,,170 [140-210],170,140,210,,2025-11-11T15:08:09Z,2011,2011-01-01,2011-12-31
287803,TB_e_inc_num,COUNTRY,MUS,AFR,Africa,YEAR,2011,,,,,,,,,210 [170-250],210,170,250,,2025-11-11T15:08:09Z,2011,2011-01-01,2011-12-31
291975,TB_e_inc_num,COUNTRY,VUT,WPR,Western Pacific,YEAR,2003,,,,,,,,,430 [170-3200],430,170,3200,,2025-11-11T15:08:09Z,2003,2003-01-01,2003-12-31
292222,TB_e_inc_num,COUNTRY,BRB,AMR,Americas,YEAR,2014,,,,,,,,,5 [4-6],5,4,6,,2025-11-11T15:08:09Z,2014,2014-01-01,2014-12-31
299622,TB_e_inc_num,COUNTRY,COD,AFR,Africa,YEAR,2021,,,,,,,,,397 000 [243 000-763 000],397000,243000,763000,,2025-11-11T15:08:09Z,2021,2021-01-01,2021-12-31
300139,TB_e_inc_num,COUNTRY,ISL,EUR,Europe,YEAR,2015,,,,,,,,,7 [6-8],7,6,8,,2025-11-11T15:08:09Z,2015,2015-01-01,2015-12-31
306394,TB_e_inc_num,COUNTRY,SAU,EMR,Eastern Mediterranean,YEAR,2006,,,,,,,,,4200 [3700-4600],4200,3700,4600,,2025-11-11T15:08:09Z,2006,2006-01-01,2006-12-31
307514,TB_e_inc_num,COUNTRY,ATG,AMR,Americas,YEAR,2001,,,,,,,,,1 [1-1],1,1,1,,2025-11-11T15:08:09Z,2001,2001-01-01,2001-12-31
307631,TB_e_inc_num,COUNTRY,SVK,EUR,Europe,YEAR,2010,,,,,,,,,560 [450-670],560,450,670,,2025-11-11T15:08:09Z,2010,2010-01-01,2010-12-31
311006,TB_e_inc_num,COUNTRY,IRN,EMR,Eastern Mediterranean,YEAR,2016,,,,,,,,,14 000 [11 000-17 000],14000,11000,17000,,2025-11-11T15:08:09Z,2016,2016-01-01,2016-12-31
311905,TB_e_inc_num,COUNTRY,STP,AFR,Africa,YEAR,2024,,,,,,,,,210 [170-250],210,170,250,,2025-11-11T15:08:09Z,2024,2024-01-01,2024-12-31
312813,TB_e_inc_num,COUNTRY,JAM,AMR,Americas,YEAR,2004,,,,,,,,,230 [190-280],230,190,280,,2025-11-11T15:08:09Z,2004,2004-01-01,2004-12-31
313622,TB_e_inc_num,REGION,EUR,,,YEAR,2022,,,,,,,,,220 000 [190 000-251 000],220000,190000,251000,,2025-11-11T15:08:09Z,2022,2022-01-01,2022-12-31
319090,TB_e_inc_num,COUNTRY,CHL,AMR,Americas,YEAR,2019,,,,,,,,,3600 [2900-4300],3600,2900,4300,,2025-11-11T15:08:09Z,2019,2019-01-01,2019-12-31
320266,TB_e_inc_num,COUNTRY,HTI,AMR,Americas,YEAR,2014,,,,,,,,,35 000 [28 000-42 000],35000,28000,42000,,2025-11-11T15:08:09Z,2014,2014-01-01,2014-12-31
325888,TB_e_inc_num,COUNTRY,UKR,EUR,Europe,YEAR,2016,,,,,,,,,45 000 [37 000-55 000],45000,37000,55000,,2025-11-11T15:08:09Z,2016,2016-01-01,2016-12-31
326945,TB_e_inc_num,COUNTRY,AGO,AFR,Africa,YEAR,2000,,,,,,,,,44 000 [22 000-119 000],44000,22000,119000,,2025-11-11T15:08:09Z,2000,2000-01-01,2000-12-31
330382,TB_e_inc_num,REGION,WPR,,,YEAR,2022,,,,,,,,,2 900 000 [2 480 000-3 360 000],2900000,2480000,3360000,,2025-11-11T15:08:09Z,2022,2022-01-01,2022-12-31
330887,TB_e_inc_num,COUNTRY,SVN,EUR,Europe,YEAR,2016,,,,,,,,,140 [120-170],140,120,170,,2025-11-11T15:08:09Z,2016,2016-01-01,2016-12-31
331745,TB_e_inc_num,COUNTRY,MKD,EUR,Europe,YEAR,2001,,,,,,,,,1200 [990-1500],1200,990,1500,,2025-11-11T15:08:09Z,2001,2001-01-01,2001-12-31
333494,TB_e_inc_num,COUNTRY,SAU,EMR,Eastern Mediterranean,YEAR,2003,,,,,,,,,3600 [3300-4000],3600,3300,4000,,2025-11-11T15:08:09Z,2003,2003-01-01,2003-12-31
337643,TB_e_inc_num,COUNTRY,EGY,EMR,Eastern Mediterranean,YEAR,2014,,,,,,,,,13 000 [10 000-16 000],13000,10000,16000,,2025-11-11T15:08:09Z,2014,2014-01-01,2014-12-31
342769,TB_e_inc_num,COUNTRY,ZWE,AFR,Africa,YEAR,2012,,,,,,,,,49 000 [26 000-79 000],49000,26000,79000,,2025-11-11T15:08:09Z,2012,2012-01-01,2012-12-31
345197,TB_e_inc_num,COUNTRY,CMR,AFR,Africa,YEAR,2006,,,,,,,,,48 000 [27 000-103 000],48000,27000,103000,,2025-11-11T15:08:09Z,2006,2006-01-01,2006-12-31
349032,TB_e_inc_num,COUNTRY,VNM,WPR,Western Pacific,YEAR,2015,,,,,,,,,185 000 [109 000-281 000],185000,109000,281000,,2025-11-11T15:08:09Z,2015,2015-01-01,2015-12-31
349523,TB_e_inc_num,COUNTRY,COL,AMR,Americas,YEAR,2011,,,,,,,,,18 000 [15 000-22 000],18000,15000,22000,,2025-11-11T15:08:09Z,2011,2011-01-01,2011-12-31
349956,TB_e_inc_num,COUNTRY,CHL,AMR,Americas,YEAR,2021,,,,,,,,,3200 [2600-3900],3200,2600,3900,,2025-11-11T15:08:09Z,2021,2021-01-01,2021-12-31
352093,TB_e_inc_num,COUNTRY,MLT,EUR,Europe,YEAR,2008,,,,,,,,,48 [39-58],48,39,58,,2025-11-11T15:08:09Z,2008,2008-01-01,2008-12-31
356420,TB_e_inc_num,COUNTRY,USA,AMR,Americas,YEAR,2017,,,,,,,,,10 000 [8200-12 000],10000,8200,12000,,2025-11-11T15:08:09Z,2017,2017-01-01,2017-12-31
357462,TB_e_inc_num,COUNTRY,NRU,WPR,Western Pacific,YEAR,2024,,,,,,,,,19 [16-23],19,16,23,,2025-11-11T15:08:09Z,2024,2024-01-01,2024-12-31
358698,TB_e_inc_num,COUNTRY,BFA,AFR,Africa,YEAR,2024,,,,,,,,,13 000 [8200-26 000],13000,8200,26000,,2025-11-11T15:08:09Z,2024,2024-01-01,2024-12-31
364092,TB_e_inc_num,COUNTRY,BRA,AMR,Americas,YEAR,2000,,,,,,,,,85 000 [69 000-102 000],85000,69000,102000,,2025-11-11T15:08:09Z,2000,2000-01-01,2000-12-31
369117,TB_e_inc_num,COUNTRY,GRC,EUR,Europe,YEAR,2006,,,,,,,,,860 [700-1000],860,700,1000,,2025-11-11T15:08:09Z,2006,2006-01-01,2006-12-31
374950,TB_e_inc_num,COUNTRY,PRI,AMR,Americas,YEAR,2024,,,,,,,,,18 [14-21],18,14,21,,2025-11-11T15:08:09Z,2024,2024-01-01,2024-12-31
375225,TB_e_inc_num,COUNTRY,GAB,AFR,Africa,YEAR,2022,,,,,,,,,9500 [5800-18 000],9500,5800,18000,,2025-11-11T15:08:09Z,2022,2022-01-01,2022-12-31
375908,TB_e_inc_num,COUNTRY,MDG,AFR,Africa,YEAR,2016,,,,,,,,,57 000 [33 000-116 000],57000,33000,116000,,2025-11-11T15:08:09Z,2016,2016-01-01,2016-12-31
380380,TB_e_inc_num,COUNTRY,PHL,WPR,Western Pacific,YEAR,2024,,,,,,,,,724 000 [399 000-1 180 000],724000,399000,1180000,,2025-11-11T15:08:09Z,2024,2024-01-01,2024-12-31
380917,TB_e_inc_num,COUNTRY,CUB,AMR,Americas,YEAR,2001,,,,,,,,,1800 [1500-2200],1800,1500,2200,,2025-11-11T15:08:09Z,2001,2001-01-01,2001-12-31
381968,TB_e_inc_num,COUNTRY,CIV,AFR,Africa,YEAR,2000,,,,,,,,,29 000 [15 000-78 000],29000,15000,78000,,2025-11-11T15:08:09Z,2000,2000-01-01,2000-12-31
386688,TB_e_inc_num,COUNTRY,HRV,EUR,Europe,YEAR,2003,,,,,,,,,2000 [1600-2400],2000,1600,2400,,2025-11-11T15:08:09Z,2003,2003-01-01,2003-12-31
388682,TB_e_inc_num,COUNTRY,BOL,AMR,Americas,YEAR,2005,,,,,,,,,28 000 [23 000-34 000],28000,23000,34000,,2025-11-11T15:08:09Z,2005,2005-01-01,2005-12-31
389658,TB_e_inc_num,COUNTRY,MHL,WPR,Western Pacific,YEAR,2004,,,,,,,,,310 [250-370],310,250,370,,2025-11-11T15:08:09Z,2004,2004-01-01,2004-12-31
390106,TB_e_inc_num,COUNTRY,FJI,WPR,Western Pacific,YEAR,2012,,,,,,,,,400 [320-480],400,320,480,,2025-11-11T15:08:09Z,2012,2012-01-01,2012-12-31
393846,TB_e_inc_num,COUNTRY,NLD,EUR,Europe,YEAR,2024,,,,,,,,,860 [740-1000],860,740,1000,,2025-11-11T15:08:09Z,2024,2024-01-01,2024-12-31
394130,TB_e_inc_num,COUNTRY,BGR,EUR,Europe,YEAR,2010,,,,,,,,,3900 [3200-4700],3900,3200,4700,,2025-11-11T15:08:09Z,2010,2010-01-01,2010-12-31
399176,TB_e_inc_num,COUNTRY,AGO,AFR,Africa,YEAR,2023,,,,,,,,,141 000 [92 000-205 000],141000,92000,205000,,2025-11-11T15:08:09Z,2023,2023-01-01,2023-12-31
405841,TB_e_inc_num,COUNTRY,NPL,SEAR,South-East Asia,YEAR,2016,,,,,,,,,73 000 [42 000-111 000],73000,42000,111000,,2025-11-11T15:08:09Z,2016,2016-01-01,2016-12-31
408119,TB_e_inc_num,COUNTRY,BOL,AMR,Americas,YEAR,2012,,,,,,,,,17 000 [14 000-20 000],17000,14000,20000,,2025-11-11T15:08:09Z,2012,2012-01-01,2012-12-31
414753,TB_e_inc_num,COUNTRY,MAR,EMR,Eastern Mediterranean,YEAR,2023,,,,,,,,,36 000 [30 000-44 000],36000,30000,44000,,2025-11-11T15:08:09Z,2023,2023-01-01,2023-12-31
418313,TB_e_inc_num,COUNTRY,MNE,EUR,Europe,YEAR,2018,,,,,,,,,120 [97-140],120,97,140,,2025-11-11T15:08:09Z,2018,2018-01-01,2018-12-31
419883,TB_e_inc_num,COUNTRY,SVN,EUR,Europe,YEAR,2020,,,,,,,,,88 [72-110],88,72,110,,2025-11-11T15:08:09Z,2020,2020-01-01,2020-12-31
420346,TB_e_inc_num,REGION,AMR,,,YEAR,2012,,,,,,,,,307 000 [286 000-329 000],307000,286000,329000,,2025-11-11T15:08:09Z,2012,2012-01-01,2012-12-31
424856,TB_e_inc_num,COUNTRY,AZE,EUR,Europe,YEAR,2004,,,,,,,,,18 000 [14 000-21 000],18000,14000,21000,,2025-11-11T15:08:09Z,2004,2004-01-01,2004-12-31
425968,TB_e_inc_num,COUNTRY,IRN,EMR,Eastern Mediterranean,YEAR,2008,,,,,,,,,21 000 [17 000-25 000],21000,17000,25000,,2025-11-11T15:08:09Z,2008,2008-01-01,2008-12-31
426987,TB_e_inc_num,COUNTRY,PAN,AMR,Americas,YEAR,2003,,,,,,,,,2700 [2200-3300],2700,2200,3300,,2025-11-11T15:08:09Z,2003,2003-01-01,2003-12-31
433043,TB_e_inc_num,COUNTRY,ARG,AMR,Americas,YEAR,2012,,,,,,,,,11 000 [9300-14 000],11000,9300,14000,,2025-11-11T15:08:09Z,2012,2012-01-01,2012-12-31
433215,TB_e_inc_num,COUNTRY,HUN,EUR,Europe,YEAR,2004,,,,,,,,,3300 [2700-4000],3300,2700,4000,,2025-11-11T15:08:09Z,2004,2004-01-01,2004-12-31
433302,TB_e_inc_num,COUNTRY,BDI,AFR,Africa,YEAR,2001,,,,,,,,,14 000 [7300-36 000],14000,7300,36000,,2025-11-11T15:08:09Z,2001,2001-01-01,2001-12-31
437223,TB_e_inc_num,COUNTRY,ARG,AMR,Americas,YEAR,2024,,,,,,,,,20 000 [16 000-24 000],20000,16000,24000,,2025-11-11T15:08:09Z,2024,2024-01-01,2024-12-31
439756,TB_e_inc_num,COUNTRY,DJI,EMR,Eastern Mediterranean,YEAR,2001,,,,,,,,,20 000 [17 000-25 000],20000,17000,25000,,2025-11-11T15:08:09Z,2001,2001-01-01,2001-12-31
440956,TB_e_inc_num,COUNTRY,MDG,AFR,Africa,YEAR,2002,,,,,,,,,39 000 [20 000-102 000],39000,20000,102000,,2025-11-11T15:08:09Z,2002,2002-01-01,2002-12-31
449779,TB_e_inc_num,COUNTRY,ARG,AMR,Americas,YEAR,2011,,,,,,,,,13 000 [10 000-16 000],13000,10000,16000,,2025-11-11T15:08:09Z,2011,2011-01-01,2011-12-31
449915,TB_e_inc_num,COUNTRY,ARE,EMR,Eastern Mediterranean,YEAR,2005,,,,,,,,,190 [150-230],190,150,230,,2025-11-11T15:08:09Z,2005,2005-01-01,2005-12-31
452187,TB_e_inc_num,COUNTRY,ESP,EUR,Europe,YEAR,2024,,,,,,,,,3800 [3100-4600],3800,3100,4600,,2025-11-11T15:08:09Z,2024,2024-01-01,2024-12-31
458183,TB_e_inc_num,COUNTRY,SVK,EUR,Europe,YEAR,2008,,,,,,,,,810 [660-980],810,660,980,,2025-11-11T15:08:09Z,2008,2008-01-01,2008-12-31
459225,TB_e_inc_num,REGION,EUR,,,YEAR,2007,,,,,,,,,502 000 [413 000-600 000],502000,413000,600000,,2025-11-11T15:08:09Z,2007,2007-01-01,2007-12-31
462420,TB_e_inc_num,COUNTRY,SSD,AFR,Africa,YEAR,2014,,,,,,,,,44 000 [27 000-83 000],44000,27000,83000,,2025-11-11T15:08:09Z,2014,2014-01-01,2014-12-31
463069,TB_e_inc_num,COUNTRY,BGD,SEAR,South-East Asia,YEAR,2023,,,,,,,,,379 000 [276 000-499 000],379000,276000,499000,,2025-11-11T15:08:09Z,2023,2023-01-01,2023-12-31
463375,TB_e_inc_num,COUNTRY,VNM,WPR,Western Pacific,YEAR,2012,,,,,,,,,195 000 [107 000-310 000],195000,107000,310000,,2025-11-11T15:08:09Z,2012,2012-01-01,2012-12-31
469290,TB_e_inc_num,COUNTRY,BIH,EUR,Europe,YEAR,2014,,,,,,,,,1800 [1500-2200],1800,1500,2200,,2025-11-11T15:08:09Z,2014,2014-01-01,2014-12-31
470047,TB_e_inc_num,COUNTRY,IND,SEAR,South-East Asia,YEAR,2012,,,,,,,,,3 300 000 [1 800 000-5 240 000],3300000,1800000,5240000,,2025-11-11T15:08:09Z,2012,2012-01-01,2012-12-31
470568,TB_e_inc_num,COUNTRY,KNA,AMR,Americas,YEAR,2024,,,,,,,,,1 [0-1],1,0,1,,2025-11-11T15:08:09Z,2024,2024-01-01,2024-12-31
470976,TB_e_inc_num,COUNTRY,PAN,AMR,Americas,YEAR,2015,,,,,,,,,2300 [1900-2800],2300,1900,2800,,2025-11-11T15:08:09Z,2015,2015-01-01,2015-12-31
471320,TB_e_inc_num,COUNTRY,CAF,AFR,Africa,YEAR,2020,,,,,,,,,23 000 [14 000-43 000],23000,14000,43000,,2025-11-11T15:08:09Z,2020,2020-01-01,2020-12-31
476391,TB_e_inc_num,COUNTRY,HKG,,,YEAR,2002,,,,,,,,,14 000 [12 000-17 000],14000,12000,17000,,2025-11-11T15:08:09Z,2002,2002-01-01,2002-12-31
478086,TB_e_inc_num,COUNTRY,MDA,EUR,Europe,YEAR,2011,,,,,,,,,4300 [3500-5200],4300,3500,5200,,2025-11-11T15:08:09Z,2011,2011-01-01,2011-12-31
481015,TB_e_inc_num,COUNTRY,AUS,WPR,Western Pacific,YEAR,2020,,,,,,,,,1800 [1500-2200],1800,1500,2200,,2025-11-11T15:08:09Z,2020,2020-01-01,2020-12-31
481135,TB_e_inc_num,COUNTRY,MLT,EUR,Europe,YEAR,2013,,,,,,,,,50 [41-60],50,41,60,,2025-11-11T15:08:09Z,2013,2013-01-01,2013-12-31
489235,TB_e_inc_num,COUNTRY,MUS,AFR,Africa,YEAR,2003,,,,,,,,,310 [250-380],310,250,380,,2025-11-11T15:08:09Z,2003,2003-01-01,2003-12-31
494914,TB_e_inc_num,COUNTRY,GNB,AFR,Africa,YEAR,2001,,,,,,,,,2800 [1500-7500],2800,1500,7500,,2025-11-11T15:08:09Z,2001,2001-01-01,2001-12-31
496325,TB_e_inc_num,COUNTRY,BEN,AFR,Africa,YEAR,2024,,,,,,,,,5800 [3500-11 000],5800,3500,11000,,2025-11-11T15:08:09Z,2024,2024-01-01,2024-12-31
500575,TB_e_inc_num,COUNTRY,NAM,AFR,Africa,YEAR,2017,,,,,,,,,14 000 [9600-20 000],14000,9600,20000,,2025-11-11T15:08:09Z,2017,2017-01-01,2017-12-31
501331,TB_e_inc_num,COUNTRY,MEX,AMR,Americas,YEAR,2009,,,,,,,,,31 000 [25 000-37 000],31000,25000,37000,,2025-11-11T15:08:09Z,2009,2009-01-01,2009-12-31
507991,TB_e_inc_num,COUNTRY,COK,WPR,Western Pacific,YEAR,2002,,,,,,,,,1 [1-1],1,1,1,,2025-11-11T15:08:09Z,2002,2002-01-01,2002-12-31
509653,TB_e_inc_num,WORLDBANKINCOMEGROUP,WB_UMI,,,YEAR,2018,,,,,,,,,2 660 000 [2 430 000-2 900 000],2660000,2430000,2900000,,2025-11-11T15:08:09Z,2018,2018-01-01,2018-12-31
510140,TB_e_inc_num,COUNTRY,NLD,EUR,Europe,YEAR,2009,,,,,,,,,1300 [1100-1500],1300,1100,1500,,2025-11-11T15:08:09Z,2009,2009-01-01,2009-12-31
513965,TB_e_inc_num,COUNTRY,AND,EUR,Europe,YEAR,2003,,,,,,,,,11 [9-13],11,9,13,,2025-11-11T15:08:09Z,2003,2003-01-01,2003-12-31
519377,TB_e_inc_num,COUNTRY,COL,AMR,Americas,YEAR,2016,,,,,,,,,16 000 [13 000-20 000],16000,13000,20000,,2025-11-11T15:08:09Z,2016,2016-01-01,2016-12-31
520412,TB_e_inc_num,COUNTRY,SDN,EMR,Eastern Mediterranean,YEAR,2005,,,,,,,,,56 000 [11 000-135 000],56000,11000,135000,,2025-11-11T15:08:09Z,2005,2005-01-01,2005-12-31
520760,TB_e_inc_num,COUNTRY,TUN,EMR,Eastern Mediterranean,YEAR,2019,,,,,,,,,5000 [4100-6000],5000,4100,6000,,2025-11-11T15:08:09Z,2019,2019-01-01,2019-12-31
521947,TB_e_inc_num,COUNTRY,GBR,EUR,Europe,YEAR,2008,,,,,,,,,9300 [8600-10 000],9300,8600,10000,,2025-11-11T15:08:09Z,2008,2008-01-01,2008-12-31
521963,TB_e_inc_num,COUNTRY,MDV,SEAR,South-East Asia,YEAR,2022,,,,,,,,,180 [150-220],180,150,220,,2025-11-11T15:08:09Z,2022,2022-01-01,2022-12-31
528668,TB_e_inc_num,COUNTRY,NIU,WPR,Western Pacific,YEAR,2005,,,,,,,,,0 [0-0],0,0,0,,2025-11-11T15:08:09Z,2005,2005-01-01,2005-12-31
532991,TB_e_inc_num,COUNTRY,BFA,AFR,Africa,YEAR,2006,,,,,,,,,12 000 [7200-23 000],12000,7200,23000,,2025-11-11T15:08:09Z,2006,2006-01-01,2006-12-31
540657,TB_e_inc_num,COUNTRY,EST,EUR,Europe,YEAR,2008,,,,,,,,,630 [510-760],630,510,760,,2025-11-11T15:08:09Z,2008,2008-01-01,2008-12-31
541657,TB_e_inc_num,WORLDBANKINCOMEGROUP,WB_HI,,,YEAR,2005,,,,,,,,,383 000 [300 000-476 000],383000,300000,476000,,2025-11-11T15:08:09Z,2005,2005-01-01,2005-12-31
544443,TB_e_inc_num,COUNTRY,ERI,AFR,Africa,YEAR,2006,,,,,,,,,10 000 [8200-12 000],10000,8200,12000,,2025-11-11T15:08:09Z,2006,2006-01-01,2006-12-31
545320,TB_e_inc_num,COUNTRY,ERI,AFR,Africa,YEAR,2018,,,,,,,,,4200 [3400-5100],4200,3400,5100,,2025-11-11T15:08:09Z,2018,2018-01-01,2018-12-31
547949,TB_e_inc_num,COUNTRY,TUR,EUR,Europe,YEAR,2000,,,,,,,,,35 000 [29 000-42 000],35000,29000,42000,,2025-11-11T15:08:09Z,2000,2000-01-01,2000-12-31
551424,TB_e_inc_num,COUNTRY,MDG,AFR,Africa,YEAR,2021,,,,,,,,,64 000 [39 000-122 000],64000,39000,122000,,2025-11-11T15:08:09Z,2021,2021-01-01,2021-12-31
554069,TB_e_inc_num,COUNTRY,BHR,EMR,Eastern Mediterranean,YEAR,2015,,,,,,,,,250 [210-300],250,210,300,,2025-11-11T15:08:09Z,2015,2015-01-01,2015-12-31
554174,TB_e_inc_num,COUNTRY,AND,EUR,Europe,YEAR,2023,,,,,,,,,4 [3-5],4,3,5,,2025-11-11T15:08:09Z,2023,2023-01-01,2023-12-31
559299,TB_e_inc_num,COUNTRY,GTM,AMR,Americas,YEAR,2021,,,,,,,,,3500 [2800-4200],3500,2800,4200,,2025-11-11T15:08:09Z,2021,2021-01-01,2021-12-31
565782,TB_e_inc_num,COUNTRY,PHL,WPR,Western Pacific,YEAR,2014,,,,,,,,,567 000 [318 000-886 000],567000,318000,886000,,2025-11-11T15:08:09Z,2014,2014-01-01,2014-12-31
566705,TB_e_inc_num,COUNTRY,LBR,AFR,Africa,YEAR,2018,,,,,,,,,13 000 [7700-25 000],13000,7700,25000,,2025-11-11T15:08:09Z,2018,2018-01-01,2018-12-31
570077,TB_e_inc_num,COUNTRY,MOZ,AFR,Africa,YEAR,2003,,,,,,,,,66 000 [42 000-95 000],66000,42000,95000,,2025-11-11T15:08:09Z,2003,2003-01-01,2003-12-31
570717,TB_e_inc_num,COUNTRY,DZA,AFR,Africa,YEAR,2018,,,,,,,,,32 000 [26 000-38 000],32000,26000,38000,,2025-11-11T15:08:09Z,2018,2018-01-01,2018-12-31
570930,TB_e_inc_num,COUNTRY,AFG,EMR,Eastern Mediterranean,YEAR,2021,,,,,,,,,82 000 [49 000-159 000],82000,49000,159000,,2025-11-11T15:08:09Z,2021,2021-01-01,2021-12-31
571355,TB_e_inc_num,COUNTRY,GIN,AFR,Africa,YEAR,2004,,,,,,,,,15 000 [8000-36 000],15000,8000,36000,,2025-11-11T15:08:09Z,2004,2004-01-01,2004-12-31
572312,TB_e_inc_num,COUNTRY,BEN,AFR,Africa,YEAR,2009,,,,,,,,,7700 [4400-17 000],7700,4400,17000,,2025-11-11T15:08:09Z,2009,2009-01-01,2009-12-31
573377,TB_e_inc_num,COUNTRY,GNB,AFR,Africa,YEAR,2009,,,,,,,,,4200 [2400-9300],4200,2400,9300,,2025-11-11T15:08:09Z,2009,2009-01-01,2009-12-31
578348,TB_e_inc_num,COUNTRY,ZAF,AFR,Africa,YEAR,2022,,,,,,,,,292 000 [190 000-415 000],292000,190000,415000,,2025-11-11T15:08:09Z,2022,2022-01-01,2022-12-31
579542,TB_e_inc_num,COUNTRY,GTM,AMR,Americas,YEAR,2001,,,,,,,,,2700 [2200-3300],2700,2200,3300,,2025-11-11T15:08:09Z,2001,2001-01-01,2001-12-31
589763,TB_e_inc_num,COUNTRY,SDN,EMR,Eastern Mediterranean,YEAR,2021,,,,,,,,,28 000 [18 000-39 000],28000,18000,39000,,2025-11-11T15:08:09Z,2021,2021-01-01,2021-12-31
590149,TB_e_inc_num,COUNTRY,STP,AFR,Africa,YEAR,2013,,,,,,,,,310 [250-370],310,250,370,,2025-11-11T15:08:09Z,2013,2013-01-01,2013-12-31
595504,TB_e_inc_num,COUNTRY,ECU,AMR,Americas,YEAR,2004,,,,,,,,,13 000 [10 000-15 000],13000,10000,15000,,2025-11-11T15:08:09Z,2004,2004-01-01,2004-12-31
601871,TB_e_inc_num,COUNTRY,NZL,WPR,Western Pacific,YEAR,2007,,,,,,,,,350 [280-420],350,280,420,,2025-11-11T15:08:09Z,2007,2007-01-01,2007-12-31
603503,TB_e_inc_num,REGION,AMR,,,YEAR,2020,,,,,,,,,295 000 [274 000-318 000],295000,274000,318000,,2025-11-11T15:08:09Z,2020,2020-01-01,2020-12-31
608426,TB_e_inc_num,COUNTRY,GRD,AMR,Americas,YEAR,2018,,,,,,,,,2 [2-2],2,2,2,,2025-11-11T15:08:09Z,2018,2018-01-01,2018-12-31
616052,TB_e_inc_num,COUNTRY,AND,EUR,Europe,YEAR,2019,,,,,,,,,5 [4-6],5,4,6,,2025-11-11T15:08:09Z,2019,2019-01-01,2019-12-31
627159,TB_e_inc_num,COUNTRY,TTO,AMR,Americas,YEAR,2004,,,,,,,,,310 [250-370],310,250,370,,2025-11-11T15:08:09Z,2004,2004-01-01,2004-12-31
628697,TB_e_inc_num,REGION,EUR,,,YEAR,2011,,,,,,,,,416 000 [343 000-495 000],416000,343000,495000,,2025-11-11T15:08:09Z,2011,2011-01-01,2011-12-31
629742,TB_e_inc_num,COUNTRY,KEN,AFR,Africa,YEAR,2000,,,,,,,,,138 000 [56 000-257 000],138000,56000,257000,,2025-11-11T15:08:09Z,2000,2000-01-01,2000-12-31
635793,TB_e_inc_num,COUNTRY,SMR,EUR,Europe,YEAR,2019,,,,,,,,,0 [0-0],0,0,0,,2025-11-11T15:08:09Z,2019,2019-01-01,2019-12-31
636055,TB_e_inc_num,COUNTRY,RWA,AFR,Africa,YEAR,2004,,,,,,,,,14 000 [11 000-16 000],14000,11000,16000,,2025-11-11T15:08:09Z,2004,2004-01-01,2004-12-31
645373,TB_e_inc_num,COUNTRY,ROU,EUR,Europe,YEAR,2021,,,,,,,,,13 000 [10 000-15 000],13000,10000,15000,,2025-11-11T15:08:09Z,2021,2021-01-01,2021-12-31
652458,TB_e_inc_num,COUNTRY,LBY,EMR,Eastern Mediterranean,YEAR,2023,,,,,,,,,4200 [2400-9000],4200,2400,9000,,2025-11-11T15:08:09Z,2023,2023-01-01,2023-12-31
667107,TB_e_inc_num,COUNTRY,KIR,WPR,Western Pacific,YEAR,2019,,,,,,,,,890 [720-1100],890,720,1100,,2025-11-11T15:08:09Z,2019,2019-01-01,2019-12-31
678846,TB_e_inc_num,COUNTRY,VNM,WPR,Western Pacific,YEAR,2006,,,,,,,,,213 000 [95 000-378 000],213000,95000,378000,,2025-11-11T15:08:09Z,2006,2006-01-01,2006-12-31
679637,TB_e_inc_num,COUNTRY,KWT,EMR,Eastern Mediterranean,YEAR,2013,,,,,,,,,940 [770-1100],940,770,1100,,2025-11-11T15:08:09Z,2013,2013-01-01,2013-12-31
680175,TB_e_inc_num,COUNTRY,KAZ,EUR,Europe,YEAR,2022,,,,,,,,,11 000 [8700-13 000],11000,8700,13000,,2025-11-11T15:08:09Z,2022,2022-01-01,2022-12-31
683316,TB_e_inc_num,COUNTRY,SRB,EUR,Europe,YEAR,2024,,,,,,,,,590 [480-710],590,480,710,,2025-11-11T15:08:09Z,2024,2024-01-01,2024-12-31
684160,TB_e_inc_num,COUNTRY,QAT,EMR,Eastern Mediterranean,YEAR,2002,,,,,,,,,630 [510-760],630,510,760,,2025-11-11T15:08:09Z,2002,2002-01-01,2002-12-31
684541,TB_e_inc_num,COUNTRY,MKD,EUR,Europe,YEAR,2004,,,,,,,,,1200 [980-1500],1200,980,1500,,2025-11-11T15:08:09Z,2004,2004-01-01,2004-12-31
689217,TB_e_inc_num,COUNTRY,KEN,AFR,Africa,YEAR,2012,,,,,,,,,207 000 [79 000-394 000],207000,79000,394000,,2025-11-11T15:08:09Z,2012,2012-01-01,2012-12-31
690467,TB_e_inc_num,COUNTRY,EGY,EMR,Eastern Mediterranean,YEAR,2023,,,,,,,,,12 000 [9300-15 000],12000,9300,15000,,2025-11-11T15:08:09Z,2023,2023-01-01,2023-12-31
692767,TB_e_inc_num,COUNTRY,GBR,EUR,Europe,YEAR,2010,,,,,,,,,8800 [8200-9500],8800,8200,9500,,2025-11-11T15:08:09Z,2010,2010-01-01,2010-12-31
697396,TB_e_inc_num,COUNTRY,ISL,EUR,Europe,YEAR,2002,,,,,,,,,8 [7-10],8,7,10,,2025-11-11T15:08:09Z,2002,2002-01-01,2002-12-31
710616,TB_e_inc_num,COUNTRY,BLR,EUR,Europe,YEAR,2006,,,,,,,,,9300 [7600-11 000],9300,7600,11000,,2025-11-11T15:08:09Z,2006,2006-01-01,2006-12-31
714546,TB_e_inc_num,COUNTRY,DZA,AFR,Africa,YEAR,2023,,,,,,,,,25 000 [21 000-30 000],25000,21000,30000,,2025-11-11T15:08:09Z,2023,2023-01-01,2023-12-31
715195,TB_e_inc_num,COUNTRY,GHA,AFR,Africa,YEAR,2010,,,,,,,,,47 000 [18 000-88 000],47000,18000,88000,,2025-11-11T15:08:09Z,2010,2010-01-01,2010-12-31
716480,TB_e_inc_num,COUNTRY,DZA,AFR,Africa,YEAR,2005,,,,,,,,,37 000 [30 000-45 000],37000,30000,45000,,2025-11-11T15:08:09Z,2005,2005-01-01,2005-12-31
717882,TB_e_inc_num,COUNTRY,BWA,AFR,Africa,YEAR,2001,,,,,,,,,16 000 [9000-36 000],16000,9000,36000,,2025-11-11T15:08:09Z,2001,2001-01-01,2001-12-31
721109,TB_e_inc_num,COUNTRY,MAR,EMR,Eastern Mediterranean,YEAR,2011,,,,,,,,,32 000 [26 000-39 000],32000,26000,39000,,2025-11-11T15:08:09Z,2011,2011-01-01,2011-12-31
724700,TB_e_inc_num,COUNTRY,HKG,,,YEAR,2019,,,,,,,,,6300 [5100-7600],6300,5100,7600,,2025-11-11T15:08:09Z,2019,2019-01-01,2019-12-31
727292,TB_e_inc_num,COUNTRY,NGA,AFR,Africa,YEAR,2002,,,,,,,,,292 000 [191 000-415 000],292000,191000,415000,,2025-11-11T15:08:09Z,2002,2002-01-01,2002-12-31
728926,TB_e_inc_num,COUNTRY,IND,SEAR,South-East Asia,YEAR,2003,,,,,,,,,3 550 000 [1 230 000-7 060 000],3550000,1230000,7060000,,2025-11-11T15:08:09Z,2003,2003-01-01,2003-12-31
729526,TB_e_inc_num,COUNTRY,PNG,WPR,Western Pacific,YEAR,2010,,,,,,,,,40 000 [22 000-85 000],40000,22000,85000,,2025-11-11T15:08:09Z,2010,2010-01-01,2010-12-31
729610,TB_e_inc_num,COUNTRY,NOR,EUR,Europe,YEAR,2019,,,,,,,,,180 [140-210],180,140,210,,2025-11-11T15:08:09Z,2019,2019-01-01,2019-12-31
729879,TB_e_inc_num,COUNTRY,GTM,AMR,Americas,YEAR,2009,,,,,,,,,3300 [2700-3900],3300,2700,3900,,2025-11-11T15:08:09Z,2009,2009-01-01,2009-12-31
736660,TB_e_inc_num,COUNTRY,UGA,AFR,Africa,YEAR,2000,,,,,,,,,66 000 [25 000-126 000],66000,25000,126000,,2025-11-11T15:08:09Z,2000,2000-01-01,2000-12-31
740690,TB_e_inc_num,COUNTRY,PHL,WPR,Western Pacific,YEAR,2008,,,,,,,,,486 000 [273 000-759 000],486000,273000,759000,,2025-11-11T15:08:09Z,2008,2008-01-01,2008-12-31
740893,TB_e_inc_num,COUNTRY,LUX,EUR,Europe,YEAR,2015,,,,,,,,,36 [29-43],36,29,43,,2025-11-11T15:08:09Z,2015,2015-01-01,2015-12-31
746474,TB_e_inc_num,COUNTRY,MKD,EUR,Europe,YEAR,2024,,,,,,,,,210 [170-250],210,170,250,,2025-11-11T15:08:09Z,2024,2024-01-01,2024-12-31
747132,TB_e_inc_num,COUNTRY,DEU,EUR,Europe,YEAR,2005,,,,,,,,,6300 [5700-6900],6300,5700,6900,,2025-11-11T15:08:09Z,2005,2005-01-01,2005-12-31
747262,TB_e_inc_num,COUNTRY,KNA,AMR,Americas,YEAR,2019,,,,,,,,,2 [2-2],2,2,2,,2025-11-11T15:08:09Z,2019,2019-01-01,2019-12-31
748044,TB_e_inc_num,COUNTRY,JOR,EMR,Eastern Mediterranean,YEAR,2012,,,,,,,,,480 [390-580],480,390,580,,2025-11-11T15:08:09Z,2012,2012-01-01,2012-12-31
748311,TB_e_inc_num,COUNTRY,HTI,AMR,Americas,YEAR,2015,,,,,,,,,33 000 [27 000-40 000],33000,27000,40000,,2025-11-11T15:08:09Z,2015,2015-01-01,2015-12-31
749458,TB_e_inc_num,COUNTRY,YEM,EMR,Eastern Mediterranean,YEAR,2018,,,,,,,,,13 000 [11 000-15 000],13000,11000,15000,,2025-11-11T15:08:09Z,2018,2018-01-01,2018-12-31
754109,TB_e_inc_num,COUNTRY,CAF,AFR,Africa,YEAR,2007,,,,,,,,,26 000 [16 000-50 000],26000,16000,50000,,2025-11-11T15:08:09Z,2007,2007-01-01,2007-12-31
767577,TB_e_inc_num,COUNTRY,MYS,WPR,Western Pacific,YEAR,2004,,,,,,,,,27 000 [22 000-32 000],27000,22000,32000,,2025-11-11T15:08:09Z,2004,2004-01-01,2004-12-31
773517,TB_e_inc_num,COUNTRY,ECU,AMR,Americas,YEAR,2005,,,,,,,,,8600 [7000-10 000],8600,7000,10000,,2025-11-11T15:08:09Z,2005,2005-01-01,2005-12-31
778211,TB_e_inc_num,COUNTRY,GEO,EUR,Europe,YEAR,2016,,,,,,,,,4000 [3200-4800],4000,3200,4800,,2025-11-11T15:08:09Z,2016,2016-01-01,2016-12-31
779003,TB_e_inc_num,COUNTRY,KWT,EMR,Eastern Mediterranean,YEAR,2020,,,,,,,,,900 [730-1100],900,730,1100,,2025-11-11T15:08:09Z,2020,2020-01-01,2020-12-31
787592,TB_e_inc_num,COUNTRY,KOR,WPR,Western Pacific,YEAR,2015,,,,,,,,,40 000 [37 000-43 000],40000,37000,43000,,2025-11-11T15:08:09Z,2015,2015-01-01,2015-12-31
791401,TB_e_inc_num,COUNTRY,NER,AFR,Africa,YEAR,2016,,,,,,,,,19 000 [11 000-39 000],19000,11000,39000,,2025-11-11T15:08:09Z,2016,2016-01-01,2016-12-31
792323,TB_e_inc_num,COUNTRY,HND,AMR,Americas,YEAR,2008,,,,,,,,,5400 [4400-6500],5400,4400,6500,,2025-11-11T15:08:09Z,2008,2008-01-01,2008-12-31
792547,TB_e_inc_num,COUNTRY,IDN,WPR,Western Pacific,YEAR,2006,,,,,,,,,835 000 [751 000-924 000],835000,751000,924000,,2025-11-11T15:08:09Z,2006,2006-01-01,2006-12-31
799375,TB_e_inc_num,COUNTRY,ISR,EUR,Europe,YEAR,2007,,,,,,,,,520 [420-620],520,420,620,,2025-11-11T15:08:09Z,2007,2007-01-01,2007-12-31
803766,TB_e_inc_num,COUNTRY,POL,EUR,Europe,YEAR,2000,,,,,,,,,18 000 [14 000-21 000],18000,14000,21000,,2025-11-11T15:08:09Z,2000,2000-01-01,2000-12-31
805270,TB_e_inc_num,REGION,SEAR,,,YEAR,2012,,,,,,,,,4 220 000 [2 670 000-6 130 000],4220000,2670000,6130000,,2025-11-11T15:08:09Z,2012,2012-01-01,2012-12-31
813458,TB_e_inc_num,COUNTRY,PAK,EMR,Eastern Mediterranean,YEAR,2011,,,,,,,,,562 000 [355 000-815 000],562000,355000,815000,,2025-11-11T15:08:09Z,2011,2011-01-01,2011-12-31
818536,TB_e_inc_num,COUNTRY,CYP,EUR,Europe,YEAR,2024,,,,,,,,,75 [61-91],75,61,91,,2025-11-11T15:08:09Z,2024,2024-01-01,2024-12-31
818944,TB_e_inc_num,COUNTRY,SUR,AMR,Americas,YEAR,2019,,,,,,,,,190 [150-220],190,150,220,,2025-11-11T15:08:09Z,2019,2019-01-01,2019-12-31
829843,TB_e_inc_num,COUNTRY,NGA,AFR,Africa,YEAR,2011,,,,,,,,,375 000 [245 000-533 000],375000,245000,533000,,2025-11-11T15:08:09Z,2011,2011-01-01,2011-12-31
829862,TB_e_inc_num,COUNTRY,GNB,AFR,Africa,YEAR,2003,,,,,,,,,3400 [1900-8400],3400,1900,8400,,2025-11-11T15:08:09Z,2003,2003-01-01,2003-12-31
831244,TB_e_inc_num,COUNTRY,PHL,WPR,Western Pacific,YEAR,2004,,,,,,,,,474 000 [260 000-752 000],474000,260000,752000,,2025-11-11T15:08:09Z,2004,2004-01-01,2004-12-31
836312,TB_e_inc_num,COUNTRY,KAZ,EUR,Europe,YEAR,2001,,,,,,,,,26 000 [22 000-32 000],26000,22000,32000,,2025-11-11T15:08:09Z,2001,2001-01-01,2001-12-31
837545,TB_e_inc_num,COUNTRY,KIR,WPR,Western Pacific,YEAR,2021,,,,,,,,,700 [570-850],700,570,850,,2025-11-11T15:08:09Z,2021,2021-01-01,2021-12-31
837565,TB_e_inc_num,COUNTRY,KWT,EMR,Eastern Mediterranean,YEAR,2003,,,,,,,,,750 [610-910],750,610,910,,2025-11-11T15:08:09Z,2003,2003-01-01,2003-12-31
838238,TB_e_inc_num,COUNTRY,SLV,AMR,Americas,YEAR,2021,,,,,,,,,2400 [2000-3000],2400,2000,3000,,2025-11-11T15:08:09Z,2021,2021-01-01,2021-12-31
843574,TB_e_inc_num,COUNTRY,TUR,EUR,Europe,YEAR,2003,,,,,,,,,32 000 [26 000-38 000],32000,26000,38000,,2025-11-11T15:08:09Z,2003,2003-01-01,2003-12-31
844479,TB_e_inc_num,COUNTRY,KNA,AMR,Americas,YEAR,2010,,,,,,,,,2 [2-2],2,2,2,,2025-11-11T15:08:09Z,2010,2010-01-01,2010-12-31
845442,TB_e_inc_num,COUNTRY,SGP,WPR,Western Pacific,YEAR,2022,,,,,,,,,3000 [2500-3600],3000,2500,3600,,2025-11-11T15:08:09Z,2022,2022-01-01,2022-12-31
848856,TB_e_inc_num,COUNTRY,BWA,AFR,Africa,YEAR,2011,,,,,,,,,12 000 [7200-23 000],12000,7200,23000,,2025-11-11T15:08:09Z,2011,2011-01-01,2011-12-31
849762,TB_e_inc_num,COUNTRY,POL,EUR,Europe,YEAR,2017,,,,,,,,,6800 [5500-8200],6800,5500,8200,,2025-11-11T15:08:09Z,2017,2017-01-01,2017-12-31
850866,TB_e_inc_num,COUNTRY,AND,EUR,Europe,YEAR,2014,,,,,,,,,6 [5-7],6,5,7,,2025-11-11T15:08:09Z,2014,2014-01-01,2014-12-31
850895,TB_e_inc_num,COUNTRY,MDA,EUR,Europe,YEAR,2018,,,,,,,,,3100 [2500-3700],3100,2500,3700,,2025-11-11T15:08:09Z,2018,2018-01-01,2018-12-31
854715,TB_e_inc_num,COUNTRY,TON,WPR,Western Pacific,YEAR,2006,,,,,,,,,18 [15-22],18,15,22,,2025-11-11T15:08:09Z,2006,2006-01-01,2006-12-31
861001,TB_e_inc_num,GLOBAL,GLOBAL,,,YEAR,2008,,,,,,,,,12 000 000 [9 370 000-15 000 000],12000000,9370000,15000000,,2025-11-11T15:08:09Z,2008,2008-01-01,2008-12-31
861536,TB_e_inc_num,COUNTRY,HTI,AMR,Americas,YEAR,2011,,,,,,,,,39 000 [31 000-47 000],39000,31000,47000,,2025-11-11T15:08:09Z,2011,2011-01-01,2011-12-31
862512,TB_e_inc_num,COUNTRY,CRI,AMR,Americas,YEAR,2022,,,,,,,,,500 [390-610],500,390,610,,2025-11-11T15:08:09Z,2022,2022-01-01,2022-12-31
867327,TB_e_inc_num,COUNTRY,TUV,WPR,Western Pacific,YEAR,2000,,,,,,,,,16 [13-19],16,13,19,,2025-11-11T15:08:09Z,2000,2000-01-01,2000-12-31
868602,TB_e_inc_num,REGION,EUR,,,YEAR,2018,,,,,,,,,272 000 [237 000-309 000],272000,237000,309000,,2025-11-11T15:08:09Z,2018,2018-01-01,2018-12-31
870793,TB_e_inc_num,COUNTRY,LBR,AFR,Africa,YEAR,2005,,,,,,,,,8800 [4900-20 000],8800,4900,20000,,2025-11-11T15:08:09Z,2005,2005-01-01,2005-12-31
873843,TB_e_inc_num,COUNTRY,ARM,EUR,Europe,YEAR,2023,,,,,,,,,620 [510-750],620,510,750,,2025-11-11T15:08:09Z,2023,2023-01-01,2023-12-31
876524,TB_e_inc_num,COUNTRY,MRT,AFR,Africa,YEAR,2003,,,,,,,,,5900 [3200-14 000],5900,3200,14000,,2025-11-11T15:08:09Z,2003,2003-01-01,2003-12-31
880185,TB_e_inc_num,COUNTRY,FJI,WPR,Western Pacific,YEAR,2018,,,,,,,,,670 [540-810],670,540,810,,2025-11-11T15:08:09Z,2018,2018-01-01,2018-12-31
880458,TB_e_inc_num,COUNTRY,SYC,AFR,Africa,YEAR,2002,,,,,,,,,29 [24-35],29,24,35,,2025-11-11T15:08:09Z,2002,2002-01-01,2002-12-31
880737,TB_e_inc_num,COUNTRY,MLI,AFR,Africa,YEAR,2002,,,,,,,,,9600 [5100-24 000],9600,5100,24000,,2025-11-11T15:08:09Z,2002,2002-01-01,2002-12-31
881674,TB_e_inc_num,COUNTRY,GAB,AFR,Africa,YEAR,2021,,,,,,,,,9500 [5800-18 000],9500,5800,18000,,2025-11-11T15:08:09Z,2021,2021-01-01,2021-12-31
887021,TB_e_inc_num,COUNTRY,GBR,EUR,Europe,YEAR,2014,,,,,,,,,7400 [6900-8000],7400,6900,8000,,2025-11-11T15:08:09Z,2014,2014-01-01,2014-12-31
888924,TB_e_inc_num,COUNTRY,ESP,EUR,Europe,YEAR,2010,,,,,,,,,8900 [7300-11 000],8900,7300,11000,,2025-11-11T15:08:09Z,2010,2010-01-01,2010-12-31
893658,TB_e_inc_num,COUNTRY,COL,AMR,Americas,YEAR,2024,,,,,,,,,26 000 [21 000-31 000],26000,21000,31000,,2025-11-11T15:08:09Z,2024,2024-01-01,2024-12-31
894447,TB_e_inc_num,COUNTRY,CHE,EUR,Europe,YEAR,2010,,,,,,,,,620 [510-750],620,510,750,,2025-11-11T15:08:09Z,2010,2010-01-01,2010-12-31
899734,TB_e_inc_num,COUNTRY,GAB,AFR,Africa,YEAR,2017,,,,,,,,,9800 [6000-19 000],9800,6000,19000,,2025-11-11T15:08:09Z,2017,2017-01-01,2017-12-31
899898,TB_e_inc_num,COUNTRY,AFG,EMR,Eastern Mediterranean,YEAR,2008,,,,,,,,,62 000 [34 000-148 000],62000,34000,148000,,2025-11-11T15:08:09Z,2008,2008-01-01,2008-12-31
900491,TB_e_inc_num,COUNTRY,SVN,EUR,Europe,YEAR,2003,,,,,,,,,410 [330-490],410,330,490,,2025-11-11T15:08:09Z,2003,2003-01-01,2003-12-31
902044,TB_e_inc_num,COUNTRY,BLZ,AMR,Americas,YEAR,2022,,,,,,,,,140 [110-170],140,110,170,,2025-11-11T15:08:09Z,2022,2022-01-01,2022-12-31
914914,TB_e_inc_num,COUNTRY,CUB,AMR,Americas,YEAR,2010,,,,,,,,,1100 [900-1300],1100,900,1300,,2025-11-11T15:08:09Z,2010,2010-01-01,2010-12-31
919711,TB_e_inc_num,COUNTRY,LKA,SEAR,South-East Asia,YEAR,2024,,,,,,,,,14 000 [8100-28 000],14000,8100,28000,,2025-11-11T15:08:09Z,2024,2024-01-01,2024-12-31
924625,TB_e_inc_num,COUNTRY,GHA,AFR,Africa,YEAR,2012,,,,,,,,,46 000 [19 000-86 000],46000,19000,86000,,2025-11-11T15:08:09Z,2012,2012-01-01,2012-12-31
925451,TB_e_inc_num,COUNTRY,MWI,AFR,Africa,YEAR,2006,,,,,,,,,52 000 [5400-149 000],52000,5400,149000,,2025-11-11T15:08:09Z,2006,2006-01-01,2006-12-31
926553,TB_e_inc_num,COUNTRY,STP,AFR,Africa,YEAR,2006,,,,,,,,,450 [370-550],450,370,550,,2025-11-11T15:08:09Z,2006,2006-01-01,2006-12-31
926950,TB_e_inc_num,COUNTRY,SVK,EUR,Europe,YEAR,2017,,,,,,,,,270 [220-330],270,220,330,,2025-11-11T15:08:09Z,2017,2017-01-01,2017-12-31
927766,TB_e_inc_num,COUNTRY,CPV,AFR,Africa,YEAR,2023,,,,,,,,,280 [220-330],280,220,330,,2025-11-11T15:08:09Z,2023,2023-01-01,2023-12-31
933365,TB_e_inc_num,COUNTRY,PER,AMR,Americas,YEAR,2016,,,,,,,,,40 000 [32 000-48 000],40000,32000,48000,,2025-11-11T15:08:09Z,2016,2016-01-01,2016-12-31
933586,TB_e_inc_num,COUNTRY,SLB,WPR,Western Pacific,YEAR,2016,,,,,,,,,940 [760-1100],940,760,1100,,2025-11-11T15:08:09Z,2016,2016-01-01,2016-12-31
939681,TB_e_inc_num,COUNTRY,GAB,AFR,Africa,YEAR,2014,,,,,,,,,9700 [5800-19 000],9700,5800,19000,,2025-11-11T15:08:09Z,2014,2014-01-01,2014-12-31
944272,TB_e_inc_num,COUNTRY,ARE,EMR,Eastern Mediterranean,YEAR,2016,,,,,,,,,93 [75-110],93,75,110,,2025-11-11T15:08:09Z,2016,2016-01-01,2016-12-31
945785,TB_e_inc_num,COUNTRY,TJK,EUR,Europe,YEAR,2011,,,,,,,,,12 000 [10 000-15 000],12000,10000,15000,,2025-11-11T15:08:09Z,2011,2011-01-01,2011-12-31
949801,TB_e_inc_num,COUNTRY,TLS,SEAR,South-East Asia,YEAR,2019,,,,,,,,,4900 [3100-8800],4900,3100,8800,,2025-11-11T15:08:09Z,2019,2019-01-01,2019-12-31
950526,TB_e_inc_num,COUNTRY,SLE,AFR,Africa,YEAR,2012,,,,,,,,,31 000 [19 000-60 000],31000,19000,60000,,2025-11-11T15:08:09Z,2012,2012-01-01,2012-12-31
951345,TB_e_inc_num,COUNTRY,MHL,WPR,Western Pacific,YEAR,2006,,,,,,,,,330 [270-400],330,270,400,,2025-11-11T15:08:09Z,2006,2006-01-01,2006-12-31
956715,TB_e_inc_num,COUNTRY,EST,EUR,Europe,YEAR,2004,,,,,,,,,970 [790-1200],970,790,1200,,2025-11-11T15:08:09Z,2004,2004-01-01,2004-12-31
962421,TB_e_inc_num,COUNTRY,CZE,EUR,Europe,YEAR,2023,,,,,,,,,530 [430-640],530,430,640,,2025-11-11T15:08:09Z,2023,2023-01-01,2023-12-31
962704,TB_e_inc_num,COUNTRY,NLD,EUR,Europe,YEAR,2020,,,,,,,,,710 [600-820],710,600,820,,2025-11-11T15:08:09Z,2020,2020-01-01,2020-12-31
963928,TB_e_inc_num,COUNTRY,MYS,WPR,Western Pacific,YEAR,2008,,,,,,,,,27 000 [22 000-33 000],27000,22000,33000,,2025-11-11T15:08:09Z,2008,2008-01-01,2008-12-31
964782,TB_e_inc_num,COUNTRY,MRT,AFR,Africa,YEAR,2002,,,,,,,,,5900 [3200-15 000],5900,3200,15000,,2025-11-11T15:08:09Z,2002,2002-01-01,2002-12-31
971629,TB_e_inc_num,COUNTRY,LAO,WPR,Western Pacific,YEAR,2017,,,,,,,,,12 000 [7300-17 000],12000,7300,17000,,2025-11-11T15:08:09Z,2017,2017-01-01,2017-12-31
975736,TB_e_inc_num,COUNTRY,MDG,AFR,Africa,YEAR,2007,,,,,,,,,48 000 [27 000-111 000],48000,27000,111000,,2025-11-11T15:08:09Z,2007,2007-01-01,2007-12-31
978510,TB_e_inc_num,COUNTRY,KNA,AMR,Americas,YEAR,2011,,,,,,,,,1 [1-1],1,1,1,,2025-11-11T15:08:09Z,2011,2011-01-01,2011-12-31
990938,TB_e_inc_num,COUNTRY,TUR,EUR,Europe,YEAR,2023,,,,,,,,,12 000 [9900-15 000],12000,9900,15000,,2025-11-11T15:08:09Z,2023,2023-01-01,2023-12-31
997051,TB_e_inc_num,COUNTRY,SWZ,AFR,Africa,YEAR,2004,,,,,,,,,14 000 [1300-42 000],14000,1300,42000,,2025-11-11T15:08:09Z,2004,2004-01-01,2004-12-31
1000689,TB_e_inc_num,COUNTRY,COD,AFR,Africa,YEAR,2014,,,,,,,,,362 000 [222 000-695 000],362000,222000,695000,,2025-11-11T15:08:09Z,2014,2014-01-01,2014-12-31
1012768,TB_e_inc_num,COUNTRY,LKA,SEAR,South-East Asia,YEAR,2013,,,,,,,,,17 000 [10 000-32 000],17000,10000,32000,,2025-11-11T15:08:09Z,2013,2013-01-01,2013-12-31
1013573,TB_e_inc_num,COUNTRY,SEN,AFR,Africa,YEAR,2018,,,,,,,,,23 000 [14 000-45 000],23000,14000,45000,,2025-11-11T15:08:09Z,2018,2018-01-01,2018-12-31
1014318,TB_e_inc_num,COUNTRY,POL,EUR,Europe,YEAR,2003,,,,,,,,,15 000 [13 000-19 000],15000,13000,19000,,2025-11-11T15:08:09Z,2003,2003-01-01,2003-12-31
1022303,TB_e_inc_num,COUNTRY,GAB,AFR,Africa,YEAR,2009,,,,,,,,,7400 [4500-15 000],7400,4500,15000,,2025-11-11T15:08:09Z,2009,2009-01-01,2009-12-31
1022409,TB_e_inc_num,COUNTRY,GRD,AMR,Americas,YEAR,2009,,,,,,,,,5 [4-6],5,4,6,,2025-11-11T15:08:09Z,2009,2009-01-01,2009-12-31
1026724,TB_e_inc_num,COUNTRY,BHS,AMR,Americas,YEAR,2007,,,,,,,,,67 [55-81],67,55,81,,2025-11-11T15:08:09Z,2007,2007-01-01,2007-12-31
1027433,TB_e_inc_num,COUNTRY,MMR,SEAR,South-East Asia,YEAR,2002,,,,,,,,,256 000 [91 000-505 000],256000,91000,505000,,2025-11-11T15:08:09Z,2002,2002-01-01,2002-12-31
1027987,TB_e_inc_num,COUNTRY,PNG,WPR,Western Pacific,YEAR,2016,,,,,,,,,56 000 [32 000-120 000],56000,32000,120000,,2025-11-11T15:08:09Z,2016,2016-01-01,2016-12-31
1028382,TB_e_inc_num,COUNTRY,IRQ,EMR,Eastern Mediterranean,YEAR,2007,,,,,,,,,12 000 [9600-14 000],12000,9600,14000,,2025-11-11T15:08:09Z,2007,2007-01-01,2007-12-31
1032668,TB_e_inc_num,COUNTRY,TCD,AFR,Africa,YEAR,2015,,,,,,,,,23 000 [13 000-49 000],23000,13000,49000,,2025-11-11T15:08:09Z,2015,2015-01-01,2015-12-31
1037879,TB_e_inc_num,COUNTRY,MCO,EUR,Europe,YEAR,2021,,,,,,,,,0 [0-0],0,0,0,,2025-11-11T15:08:09Z,2021,2021-01-01,2021-12-31
1039347,TB_e_inc_num,COUNTRY,BHR,EMR,Eastern Mediterranean,YEAR,2001,,,,,,,,,340 [280-410],340,280,410,,2025-11-11T15:08:09Z,2001,2001-01-01,2001-12-31
1041069,TB_e_inc_num,COUNTRY,RUS,EUR,Europe,YEAR,2011,,,,,,,,,117 000 [55 000-202 000],117000,55000,202000,,2025-11-11T15:08:09Z,2011,2011-01-01,2011-12-31
1045890,TB_e_inc_num,COUNTRY,BLR,EUR,Europe,YEAR,2002,,,,,,,,,11 000 [8800-13 000],11000,8800,13000,,2025-11-11T15:08:09Z,2002,2002-01-01,2002-12-31
1046130,TB_e_inc_num,COUNTRY,DJI,EMR,Eastern Mediterranean,YEAR,2015,,,,,,,,,7100 [5700-8500],7100,5700,8500,,2025-11-11T15:08:09Z,2015,2015-01-01,2015-12-31
1051404,TB_e_inc_num,COUNTRY,THA,SEAR,South-East Asia,YEAR,2023,,,,,,,,,107 000 [78 000-132 000],107000,78000,132000,,2025-11-11T15:08:09Z,2023,2023-01-01,2023-12-31
1051901,TB_e_inc_num,COUNTRY,CAN,AMR,Americas,YEAR,2011,,,,,,,,,1700 [1400-2100],1700,1400,2100,,2025-11-11T15:08:09Z,2011,2011-01-01,2011-12-31
1053520,TB_e_inc_num,REGION,WPR,,,YEAR,2003,,,,,,,,,3 080 000 [2 690 000-3 500 000],3080000,2690000,3500000,,2025-11-11T15:08:09Z,2003,2003-01-01,2003-12-31
1053864,TB_e_inc_num,COUNTRY,HKG,,,YEAR,2017,,,,,,,,,6700 [5500-8100],6700,5500,8100,,2025-11-11T15:08:09Z,2017,2017-01-01,2017-12-31
1059817,TB_e_inc_num,COUNTRY,TUN,EMR,Eastern Mediterranean,YEAR,2021,,,,,,,,,4900 [3900-5800],4900,3900,5800,,2025-11-11T15:08:09Z,2021,2021-01-01,2021-12-31
1064002,TB_e_inc_num,REGION,WPR,,,YEAR,2024,,,,,,,,,2 910 000 [2 480 000-3 380 000],2910000,2480000,3380000,,2025-11-11T15:08:09Z,2024,2024-01-01,2024-12-31
1066355,TB_e_inc_num,COUNTRY,SAU,EMR,Eastern Mediterranean,YEAR,2024,,,,,,,,,2900 [2600-3100],2900,2600,3100,,2025-11-11T15:08:09Z,2024,2024-01-01,2024-12-31
1076318,TB_e_inc_num,COUNTRY,COM,AFR,Africa,YEAR,2019,,,,,,,,,290 [180-560],290,180,560,,2025-11-11T15:08:09Z,2019,2019-01-01,2019-12-31
1077309,TB_e_inc_num,COUNTRY,SEN,AFR,Africa,YEAR,2007,,,,,,,,,22 000 [13 000-47 000],22000,13000,47000,,2025-11-11T15:08:09Z,2007,2007-01-01,2007-12-31
1078756,TB_e_inc_num,COUNTRY,LBN,EMR,Eastern Mediterranean,YEAR,2000,,,,,,,,,1200 [1000-1500],1200,1000,1500,,2025-11-11T15:08:09Z,2000,2000-01-01,2000-12-31
1079139,TB_e_inc_num,COUNTRY,HUN,EUR,Europe,YEAR,2021,,,,,,,,,400 [330-480],400,330,480,,2025-11-11T15:08:09Z,2021,2021-01-01,2021-12-31
1083364,TB_e_inc_num,COUNTRY,ROU,EUR,Europe,YEAR,2003,,,,,,,,,44 000 [36 000-53 000],44000,36000,53000,,2025-11-11T15:08:09Z,2003,2003-01-01,2003-12-31
1090157,TB_e_inc_num,COUNTRY,MNG,WPR,Western Pacific,YEAR,2020,,,,,,,,,14 000 [7100-23 000],14000,7100,23000,,2025-11-11T15:08:09Z,2020,2020-01-01,2020-12-31
1091096,TB_e_inc_num,COUNTRY,FSM,WPR,Western Pacific,YEAR,2023,,,,,,,,,450 [360-540],450,360,540,,2025-11-11T15:08:09Z,2023,2023-01-01,2023-12-31
1091241,TB_e_inc_num,COUNTRY,ALB,EUR,Europe,YEAR,2008,,,,,,,,,480 [390-580],480,390,580,,2025-11-11T15:08:09Z,2008,2008-01-01,2008-12-31
1091589,TB_e_inc_num,COUNTRY,MLT,EUR,Europe,YEAR,2006,,,,,,,,,30 [24-36],30,24,36,,2025-11-11T15:08:09Z,2006,2006-01-01,2006-12-31
1097416,TB_e_inc_num,COUNTRY,NGA,AFR,Africa,YEAR,2017,,,,,,,,,439 000 [286 000-623 000],439000,286000,623000,,2025-11-11T15:08:09Z,2017,2017-01-01,2017-12-31
1098783,TB_e_inc_num,COUNTRY,POL,EUR,Europe,YEAR,2021,,,,,,,,,4200 [3400-5100],4200,3400,5100,,2025-11-11T15:08:09Z,2021,2021-01-01,2021-12-31
1104157,TB_e_inc_num,COUNTRY,QAT,EMR,Eastern Mediterranean,YEAR,2024,,,,,,,,,1100 [910-1300],1100,910,1300,,2025-11-11T15:08:09Z,2024,2024-01-01,2024-12-31
1110364,TB_e_inc_num,COUNTRY,SWZ,AFR,Africa,YEAR,2024,,,,,,,,,4000 [2100-6100],4000,2100,6100,,2025-11-11T15:08:09Z,2024,2024-01-01,2024-12-31
1110595,TB_e_inc_num,COUNTRY,EGY,EMR,Eastern Mediterranean,YEAR,2009,,,,,,,,,14 000 [11 000-17 000],14000,11000,17000,,2025-11-11T15:08:09Z,2009,2009-01-01,2009-12-31
1117071,TB_e_inc_num,COUNTRY,QAT,EMR,Eastern Mediterranean,YEAR,2014,,,,,,,,,670 [540-810],670,540,810,,2025-11-11T15:08:09Z,2014,2014-01-01,2014-12-31
1129418,TB_e_inc_num,COUNTRY,PAN,AMR,Americas,YEAR,2009,,,,,,,,,2300 [1900-2800],2300,1900,2800,,2025-11-11T15:08:09Z,2009,2009-01-01,2009-12-31
1129510,TB_e_inc_num,COUNTRY,BTN,SEAR,South-East Asia,YEAR,2002,,,,,,,,,3700 [3000-4500],3700,3000,4500,,2025-11-11T15:08:09Z,2002,2002-01-01,2002-12-31
1136099,TB_e_inc_num,COUNTRY,VNM,WPR,Western Pacific,YEAR,2020,,,,,,,,,168 000 [107 000-244 000],168000,107000,244000,,2025-11-11T15:08:09Z,2020,2020-01-01,2020-12-31
1136557,TB_e_inc_num,COUNTRY,FRA,EUR,Europe,YEAR,2020,,,,,,,,,5300 [5100-5500],5300,5100,5500,,2025-11-11T15:08:09Z,2020,2020-01-01,2020-12-31
1145957,TB_e_inc_num,COUNTRY,KWT,EMR,Eastern Mediterranean,YEAR,2012,,,,,,,,,1000 [810-1200],1000,810,1200,,2025-11-11T15:08:09Z,2012,2012-01-01,2012-12-31
1147067,TB_e_inc_num,COUNTRY,SAU,EMR,Eastern Mediterranean,YEAR,2002,,,,,,,,,3700 [3300-4100],3700,3300,4100,,2025-11-11T15:08:09Z,2002,2002-01-01,2002-12-31
1152566,TB_e_inc_num,COUNTRY,MHL,WPR,Western Pacific,YEAR,2000,,,,,,,,,96 [78-120],96,78,120,,2025-11-11T15:08:09Z,2000,2000-01-01,2000-12-31
1153169,TB_e_inc_num,COUNTRY,AUT,EUR,Europe,YEAR,2016,,,,,,,,,730 [600-890],730,600,890,,2025-11-11T15:08:09Z,2016,2016-01-01,2016-12-31
1153737,TB_e_inc_num,COUNTRY,KNA,AMR,Americas,YEAR,2023,,,,,,,,,1 [1-1],1,1,1,,2025-11-11T15:08:09Z,2023,2023-01-01,2023-12-31
1166030,TB_e_inc_num,COUNTRY,SEN,AFR,Africa,YEAR,2011,,,,,,,,,23 000 [14 000-48 000],23000,14000,48000,,2025-11-11T15:08:09Z,2011,2011-01-01,2011-12-31
1174894,TB_e_inc_num,COUNTRY,BDI,AFR,Africa,YEAR,2005,,,,,,,,,14 000 [8000-33 000],14000,8000,33000,,2025-11-11T15:08:09Z,2005,2005-01-01,2005-12-31
1184749,TB_e_inc_num,COUNTRY,KIR,WPR,Western Pacific,YEAR,2018,,,,,,,,,710 [580-860],710,580,860,,2025-11-11T15:08:09Z,2018,2018-01-01,2018-12-31
1184993,TB_e_inc_num,COUNTRY,SEN,AFR,Africa,YEAR,2002,,,,,,,,,19 000 [10 000-47 000],19000,10000,47000,,2025-11-11T15:08:09Z,2002,2002-01-01,2002-12-31
1185381,TB_e_inc_num,COUNTRY,FRA,EUR,Europe,YEAR,2008,,,,,,,,,6600 [6300-6800],6600,6300,6800,,2025-11-11T15:08:09Z,2008,2008-01-01,2008-12-31
1185615,TB_e_inc_num,COUNTRY,LCA,AMR,Americas,YEAR,2012,,,,,,,,,11 [9-13],11,9,13,,2025-11-11T15:08:09Z,2012,2012-01-01,2012-12-31
1190850,TB_e_inc_num,COUNTRY,GTM,AMR,Americas,YEAR,2016,,,,,,,,,3600 [3000-4400],3600,3000,4400,,2025-11-11T15:08:09Z,2016,2016-01-01,2016-12-31
1191351,TB_e_inc_num,COUNTRY,CHN,WPR,Western Pacific,YEAR,2012,,,,,,,,,1 010 000 [819 000-1 210 000],1010000,819000,1210000,,2025-11-11T15:08:09Z,2012,2012-01-01,2012-12-31
1191685,TB_e_inc_num,COUNTRY,GEO,EUR,Europe,YEAR,2021,,,,,,,,,2400 [2000-2900],2400,2000,2900,,2025-11-11T15:08:09Z,2021,2021-01-01,2021-12-31
1197735,TB_e_inc_num,COUNTRY,BLR,EUR,Europe,YEAR,2024,,,,,,,,,1500 [1200-1800],1500,1200,1800,,2025-11-11T15:08:09Z,2024,2024-01-01,2024-12-31
1198939,TB_e_inc_num,COUNTRY,MDV,SEAR,South-East Asia,YEAR,2005,,,,,,,,,330 [270-400],330,270,400,,2025-11-11T15:08:09Z,2005,2005-01-01,2005-12-31
1199061,TB_e_inc_num,COUNTRY,TKM,EUR,Europe,YEAR,2015,,,,,,,,,3100 [2500-3800],3100,2500,3800,,2025-11-11T15:08:09Z,2015,2015-01-01,2015-12-31
1203163,TB_e_inc_num,WORLDBANKINCOMEGROUP,WB_HI,,,YEAR,2010,,,,,,,,,338 000 [261 000-426 000],338000,261000,426000,,2025-11-11T15:08:09Z,2010,2010-01-01,2010-12-31
1203457,TB_e_inc_num,COUNTRY,LBR,AFR,Africa,YEAR,2014,,,,,,,,,14 000 [8100-29 000],14000,8100,29000,,2025-11-11T15:08:09Z,2014,2014-01-01,2014-12-31
1209116,TB_e_inc_num,COUNTRY,MKD,EUR,Europe,YEAR,2020,,,,,,,,,190 [160-230],190,160,230,,2025-11-11T15:08:09Z,2020,2020-01-01,2020-12-31
1209862,TB_e_inc_num,COUNTRY,PAN,AMR,Americas,YEAR,2008,,,,,,,,,2500 [2000-3000],2500,2000,3000,,2025-11-11T15:08:09Z,2008,2008-01-01,2008-12-31
1210860,TB_e_inc_num,COUNTRY,COK,WPR,Western Pacific,YEAR,2014,,,,,,,,,2 [2-2],2,2,2,,2025-11-11T15:08:09Z,2014,2014-01-01,2014-12-31
1211069,TB_e_inc_num,COUNTRY,SOM,EMR,Eastern Mediterranean,YEAR,2015,,,,,,,,,26 000 [15 000-53 000],26000,15000,53000,,2025-11-11T15:08:09Z,2015,2015-01-01,2015-12-31
1212481,TB_e_inc_num,COUNTRY,SWZ,AFR,Africa,YEAR,2013,,,,,,,,,12 000 [2200-29 000],12000,2200,29000,,2025-11-11T15:08:09Z,2013,2013-01-01,2013-12-31
1228726,TB_e_inc_num,COUNTRY,PLW,WPR,Western Pacific,YEAR,2010,,,,,,,,,19 [15-23],19,15,23,,2025-11-11T15:08:09Z,2010,2010-01-01,2010-12-31
1228985,TB_e_inc_num,COUNTRY,KAZ,EUR,Europe,YEAR,2013,,,,,,,,,19 000 [16 000-23 000],19000,16000,23000,,2025-11-11T15:08:09Z,2013,2013-01-01,2013-12-31
1229319,TB_e_inc_num,COUNTRY,MYS,WPR,Western Pacific,YEAR,2021,,,,,,,,,34 000 [27 000-41 000],34000,27000,41000,,2025-11-11T15:08:09Z,2021,2021-01-01,2021-12-31
1231649,TB_e_inc_num,COUNTRY,ROU,EUR,Europe,YEAR,2004,,,,,,,,,42 000 [34 000-50 000],42000,34000,50000,,2025-11-11T15:08:09Z,2004,2004-01-01,2004-12-31
1236878,TB_e_inc_num,COUNTRY,YEM,EMR,Eastern Mediterranean,YEAR,2013,,,,,,,,,14 000 [12 000-16 000],14000,12000,16000,,2025-11-11T15:08:09Z,2013,2013-01-01,2013-12-31
1240873,TB_e_inc_num,COUNTRY,LVA,EUR,Europe,YEAR,2013,,,,,,,,,1400 [1100-1700],1400,1100,1700,,2025-11-11T15:08:09Z,2013,2013-01-01,2013-12-31
1242331,TB_e_inc_num,COUNTRY,CUB,AMR,Americas,YEAR,2015,,,,,,,,,850 [690-1000],850,690,1000,,2025-11-11T15:08:09Z,2015,2015-01-01,2015-12-31
1242623,TB_e_inc_num,COUNTRY,BEL,EUR,Europe,YEAR,2020,,,,,,,,,900 [730-1100],900,730,1100,,2025-11-11T15:08:09Z,2020,2020-01-01,2020-12-31
1244295,TB_e_inc_num,COUNTRY,ROU,EUR,Europe,YEAR,2016,,,,,,,,,17 000 [14 000-20 000],17000,14000,20000,,2025-11-11T15:08:09Z,2016,2016-01-01,2016-12-31
1248755,TB_e_inc_num,COUNTRY,CMR,AFR,Africa,YEAR,2005,,,,,,,,,44 000 [25 000-95 000],44000,25000,95000,,2025-11-11T15:08:09Z,2005,2005-01-01,2005-12-31
1249437,TB_e_inc_num,COUNTRY,ZWE,AFR,Africa,YEAR,2009,,,,,,,,,59 000 [26 000-105 000],59000,26000,105000,,2025-11-11T15:08:09Z,2009,2009-01-01,2009-12-31
1260820,TB_e_inc_num,COUNTRY,NRU,WPR,Western Pacific,YEAR,2010,,,,,,,,,3 [2-4],3,2,4,,2025-11-11T15:08:09Z,2010,2010-01-01,2010-12-31
1261001,TB_e_inc_num,COUNTRY,VCT,AMR,Americas,YEAR,2004,,,,,,,,,8 [7-10],8,7,10,,2025-11-11T15:08:09Z,2004,2004-01-01,2004-12-31
1261189,TB_e_inc_num,COUNTRY,ISL,EUR,Europe,YEAR,2019,,,,,,,,,13 [11-16],13,11,16,,2025-11-11T15:08:09Z,2019,2019-01-01,2019-12-31
1266801,TB_e_inc_num,COUNTRY,SLB,WPR,Western Pacific,YEAR,2015,,,,,,,,,990 [810-1200],990,810,1200,,2025-11-11T15:08:09Z,2015,2015-01-01,2015-12-31
1267134,TB_e_inc_num,COUNTRY,IRQ,EMR,Eastern Mediterranean,YEAR,2010,,,,,,,,,15 000 [12 000-18 000],15000,12000,18000,,2025-11-11T15:08:09Z,2010,2010-01-01,2010-12-31
1274095,TB_e_inc_num,COUNTRY,NLD,EUR,Europe,YEAR,2010,,,,,,,,,1200 [1000-1400],1200,1000,1400,,2025-11-11T15:08:09Z,2010,2010-01-01,2010-12-31
1274377,TB_e_inc_num,COUNTRY,BHR,EMR,Eastern Mediterranean,YEAR,2000,,,,,,,,,380 [310-460],380,310,460,,2025-11-11T15:08:09Z,2000,2000-01-01,2000-12-31
1295076,TB_e_inc_num,COUNTRY,KHM,WPR,Western Pacific,YEAR,2003,,,,,,,,,95 000 [68 000-130 000],95000,68000,130000,,2025-11-11T15:08:09Z,2003,2003-01-01,2003-12-31
1301627,TB_e_inc_num,COUNTRY,PRY,AMR,Americas,YEAR,2002,,,,,,,,,4800 [3900-5800],4800,3900,5800,,2025-11-11T15:08:09Z,2002,2002-01-01,2002-12-31
1312673,TB_e_inc_num,COUNTRY,SLV,AMR,Americas,YEAR,2024,,,,,,,,,7300 [6000-8800],7300,6000,8800,,2025-11-11T15:08:09Z,2024,2024-01-01,2024-12-31
1317091,TB_e_inc_num,COUNTRY,MEX,AMR,Americas,YEAR,2022,,,,,,,,,35 000 [28 000-42 000],35000,28000,42000,,2025-11-11T15:08:09Z,2022,2022-01-01,2022-12-31
1317464,TB_e_inc_num,COUNTRY,COL,AMR,Americas,YEAR,2009,,,,,,,,,18 000 [15 000-22 000],18000,15000,22000,,2025-11-11T15:08:09Z,2009,2009-01-01,2009-12-31
1319214,TB_e_inc_num,COUNTRY,GRC,EUR,Europe,YEAR,2010,,,,,,,,,600 [490-720],600,490,720,,2025-11-11T15:08:09Z,2010,2010-01-01,2010-12-31
1330407,TB_e_inc_num,COUNTRY,VUT,WPR,Western Pacific,YEAR,2000,,,,,,,,,620 [200-7100],620,200,7100,,2025-11-11T15:08:09Z,2000,2000-01-01,2000-12-31
1335626,TB_e_inc_num,COUNTRY,AUT,EUR,Europe,YEAR,2007,,,,,,,,,1000 [850-1300],1000,850,1300,,2025-11-11T15:08:09Z,2007,2007-01-01,2007-12-31
1335792,TB_e_inc_num,COUNTRY,DNK,EUR,Europe,YEAR,2020,,,,,,,,,250 [200-300],250,200,300,,2025-11-11T15:08:09Z,2020,2020-01-01,2020-12-31
1336153,TB_e_inc_num,COUNTRY,SGP,WPR,Western Pacific,YEAR,2011,,,,,,,,,2000 [1700-2500],2000,1700,2500,,2025-11-11T15:08:09Z,2011,2011-01-01,2011-12-31
1337874,TB_e_inc_num,COUNTRY,ATG,AMR,Americas,YEAR,2014,,,,,,,,,3 [2-4],3,2,4,,2025-11-11T15:08:09Z,2014,2014-01-01,2014-12-31
1342827,TB_e_inc_num,COUNTRY,HRV,EUR,Europe,YEAR,2023,,,,,,,,,330 [270-390],330,270,390,,2025-11-11T15:08:09Z,2023,2023-01-01,2023-12-31
1344444,TB_e_inc_num,COUNTRY,TZA,AFR,Africa,YEAR,2022,,,,,,,,,126 000 [53 000-232 000],126000,53000,232000,,2025-11-11T15:08:09Z,2022,2022-01-01,2022-12-31
1344856,TB_e_inc_num,COUNTRY,TJK,EUR,Europe,YEAR,2019,,,,,,,,,7600 [6200-9200],7600,6200,9200,,2025-11-11T15:08:09Z,2019,2019-01-01,2019-12-31
1348635,TB_e_inc_num,COUNTRY,MLI,AFR,Africa,YEAR,2020,,,,,,,,,12 000 [7400-23 000],12000,7400,23000,,2025-11-11T15:08:09Z,2020,2020-01-01,2020-12-31
1349468,TB_e_inc_num,COUNTRY,IRN,EMR,Eastern Mediterranean,YEAR,2005,,,,,,,,,22 000 [18 000-26 000],22000,18000,26000,,2025-11-11T15:08:09Z,2005,2005-01-01,2005-12-31
1350754,TB_e_inc_num,COUNTRY,COM,AFR,Africa,YEAR,2017,,,,,,,,,310 [190-600],310,190,600,,2025-11-11T15:08:09Z,2017,2017-01-01,2017-12-31
1362252,TB_e_inc_num,COUNTRY,UGA,AFR,Africa,YEAR,2009,,,,,,,,,67 000 [43 000-97 000],67000,43000,97000,,2025-11-11T15:08:09Z,2009,2009-01-01,2009-12-31
1362297,TB_e_inc_num,COUNTRY,CIV,AFR,Africa,YEAR,2017,,,,,,,,,38 000 [23 000-75 000],38000,23000,75000,,2025-11-11T15:08:09Z,2017,2017-01-01,2017-12-31
1363774,TB_e_inc_num,COUNTRY,UGA,AFR,Africa,YEAR,2014,,,,,,,,,74 000 [46 000-108 000],74000,46000,108000,,2025-11-11T15:08:09Z,2014,2014-01-01,2014-12-31
1369121,TB_e_inc_num,COUNTRY,LBY,EMR,Eastern Mediterranean,YEAR,2014,,,,,,,,,2100 [1300-3900],2100,1300,3900,,2025-11-11T15:08:09Z,2014,2014-01-01,2014-12-31
1375325,TB_e_inc_num,COUNTRY,ZWE,AFR,Africa,YEAR,2005,,,,,,,,,73 000 [14 000-180 000],73000,14000,180000,,2025-11-11T15:08:09Z,2005,2005-01-01,2005-12-31
1379641,TB_e_inc_num,COUNTRY,SLB,WPR,Western Pacific,YEAR,2023,,,,,,,,,780 [630-940],780,630,940,,2025-11-11T15:08:09Z,2023,2023-01-01,2023-12-31
1381816,TB_e_inc_num,COUNTRY,TJK,EUR,Europe,YEAR,2016,,,,,,,,,9000 [7400-11 000],9000,7400,11000,,2025-11-11T15:08:09Z,2016,2016-01-01,2016-12-31
1382991,TB_e_inc_num,COUNTRY,TCD,AFR,Africa,YEAR,2023,,,,,,,,,23 000 [14 000-44 000],23000,14000,44000,,2025-11-11T15:08:09Z,2023,2023-01-01,2023-12-31
1386189,TB_e_inc_num,COUNTRY,ISL,EUR,Europe,YEAR,2008,,,,,,,,,6 [5-7],6,5,7,,2025-11-11T15:08:09Z,2008,2008-01-01,2008-12-31
1386594,TB_e_inc_num,COUNTRY,BIH,EUR,Europe,YEAR,2018,,,,,,,,,960 [780-1200],960,780,1200,,2025-11-11T15:08:09Z,2018,2018-01-01,2018-12-31
1387194,TB_e_inc_num,COUNTRY,MMR,SEAR,South-East Asia,YEAR,2019,,,,,,,,,169 000 [111 000-239 000],169000,111000,239000,,2025-11-11T15:08:09Z,2019,2019-01-01,2019-12-31
1393936,TB_e_inc_num,COUNTRY,PSE,EMR,Eastern Mediterranean,YEAR,2012,,,,,,,,,52 [43-63],52,43,63,,2025-11-11T15:08:09Z,2012,2012-01-01,2012-12-31
1394971,TB_e_inc_num,COUNTRY,NLD,EUR,Europe,YEAR,2023,,,,,,,,,820 [700-940],820,700,940,,2025-11-11T15:08:09Z,2023,2023-01-01,2023-12-31
1394981,TB_e_inc_num,COUNTRY,VNM,WPR,Western Pacific,YEAR,2018,,,,,,,,,175 000 [110 000-255 000],175000,110000,255000,,2025-11-11T15:08:09Z,2018,2018-01-01,2018-12-31
1402287,TB_e_inc_num,COUNTRY,KHM,WPR,Western Pacific,YEAR,2022,,,,,,,,,48 000 [36 000-64 000],48000,36000,64000,,2025-11-11T15:08:09Z,2022,2022-01-01,2022-12-31
1406484,TB_e_inc_num,COUNTRY,AZE,EUR,Europe,YEAR,2014,,,,,,,,,10 000 [8400-12 000],10000,8400,12000,,2025-11-11T15:08:09Z,2014,2014-01-01,2014-12-31
1413833,TB_e_inc_num,COUNTRY,SLV,AMR,Americas,YEAR,2000,,,,,,,,,3500 [2800-4200],3500,2800,4200,,2025-11-11T15:08:09Z,2000,2000-01-01,2000-12-31
1417469,TB_e_inc_num,COUNTRY,POL,EUR,Europe,YEAR,2007,,,,,,,,,11 000 [9300-14 000],11000,9300,14000,,2025-11-11T15:08:09Z,2007,2007-01-01,2007-12-31
1418343,TB_e_inc_num,COUNTRY,KGZ,EUR,Europe,YEAR,2016,,,,,,,,,10 000 [8500-13 000],10000,8500,13000,,2025-11-11T15:08:09Z,2016,2016-01-01,2016-12-31
1418908,TB_e_inc_num,COUNTRY,MYS,WPR,Western Pacific,YEAR,2001,,,,,,,,,32 000 [26 000-39 000],32000,26000,39000,,2025-11-11T15:08:09Z,2001,2001-01-01,2001-12-31
1426011,TB_e_inc_num,COUNTRY,UKR,EUR,Europe,YEAR,2011,,,,,,,,,61 000 [50 000-74 000],61000,50000,74000,,2025-11-11T15:08:09Z,2011,2011-01-01,2011-12-31
1426973,TB_e_inc_num,COUNTRY,URY,AMR,Americas,YEAR,2020,,,,,,,,,1200 [960-1400],1200,960,1400,,2025-11-11T15:08:09Z,2020,2020-01-01,2020-12-31
1427184,TB_e_inc_num,COUNTRY,NIU,WPR,Western Pacific,YEAR,2002,,,,,,,,,4 [3-5],4,3,5,,2025-11-11T15:08:09Z,2002,2002-01-01,2002-12-31
1432330,TB_e_inc_num,COUNTRY,COK,WPR,Western Pacific,YEAR,2006,,,,,,,,,1 [1-1],1,1,1,,2025-11-11T15:08:09Z,2006,2006-01-01,2006-12-31
1436714,TB_e_inc_num,COUNTRY,AFG,EMR,Eastern Mediterranean,YEAR,2018,,,,,,,,,78 000 [48 000-150 000],78000,48000,150000,,2025-11-11T15:08:09Z,2018,2018-01-01,2018-12-31
1440353,TB_e_inc_num,COUNTRY,KAZ,EUR,Europe,YEAR,2017,,,,,,,,,13 000 [10 000-15 000],13000,10000,15000,,2025-11-11T15:08:09Z,2017,2017-01-01,2017-12-31
1443010,TB_e_inc_num,COUNTRY,GBR,EUR,Europe,YEAR,2004,,,,,,,,,7900 [7300-8500],7900,7300,8500,,2025-11-11T15:08:09Z,2004,2004-01-01,2004-12-31
1446243,TB_e_inc_num,COUNTRY,MHL,WPR,Western Pacific,YEAR,2009,,,,,,,,,280 [230-340],280,230,340,,2025-11-11T15:08:09Z,2009,2009-01-01,2009-12-31
1449333,TB_e_inc_num,COUNTRY,NLD,EUR,Europe,YEAR,2002,,,,,,,,,1600 [1300-1800],1600,1300,1800,,2025-11-11T15:08:09Z,2002,2002-01-01,2002-12-31
1450490,TB_e_inc_num,COUNTRY,GNB,AFR,Africa,YEAR,2013,,,,,,,,,3900 [2300-8300],3900,2300,8300,,2025-11-11T15:08:09Z,2013,2013-01-01,2013-12-31
1457148,TB_e_inc_num,COUNTRY,NER,AFR,Africa,YEAR,2001,,,,,,,,,11 000 [5700-31 000],11000,5700,31000,,2025-11-11T15:08:09Z,2001,2001-01-01,2001-12-31
1457838,TB_e_inc_num,COUNTRY,LVA,EUR,Europe,YEAR,2006,,,,,,,,,2500 [2000-3000],2500,2000,3000,,2025-11-11T15:08:09Z,2006,2006-01-01,2006-12-31
1459183,TB_e_inc_num,COUNTRY,AND,EUR,Europe,YEAR,2016,,,,,,,,,4 [3-5],4,3,5,,2025-11-11T15:08:09Z,2016,2016-01-01,2016-12-31
1462593,TB_e_inc_num,REGION,AFR,,,YEAR,2002,,,,,,,,,2 620 000 [2 130 000-3 150 000],2620000,2130000,3150000,,2025-11-11T15:08:09Z,2002,2002-01-01,2002-12-31
1462934,TB_e_inc_num,COUNTRY,NAM,AFR,Africa,YEAR,2000,,,,,,,,,18 000 [8500-31 000],18000,8500,31000,,2025-11-11T15:08:09Z,2000,2000-01-01,2000-12-31
1463483,TB_e_inc_num,COUNTRY,TZA,AFR,Africa,YEAR,2020,,,,,,,,,135 000 [64 000-233 000],135000,64000,233000,,2025-11-11T15:08:09Z,2020,2020-01-01,2020-12-31
1468859,TB_e_inc_num,COUNTRY,WSM,WPR,Western Pacific,YEAR,2009,,,,,,,,,16 [13-19],16,13,19,,2025-11-11T15:08:09Z,2009,2009-01-01,2009-12-31
1470240,TB_e_inc_num,COUNTRY,FSM,WPR,Western Pacific,YEAR,2006,,,,,,,,,300 [240-360],300,240,360,,2025-11-11T15:08:09Z,2006,2006-01-01,2006-12-31
1474861,TB_e_inc_num,COUNTRY,MMR,SEAR,South-East Asia,YEAR,2015,,,,,,,,,200 000 [113 000-311 000],200000,113000,311000,,2025-11-11T15:08:09Z,2015,2015-01-01,2015-12-31
1475857,TB_e_inc_num,COUNTRY,VUT,WPR,Western Pacific,YEAR,2008,,,,,,,,,290 [150-630],290,150,630,,2025-11-11T15:08:09Z,2008,2008-01-01,2008-12-31
1475876,TB_e_inc_num,COUNTRY,DMA,AMR,Americas,YEAR,2003,,,,,,,,,5 [4-6],5,4,6,,2025-11-11T15:08:09Z,2003,2003-01-01,2003-12-31
1478135,TB_e_inc_num,COUNTRY,ISR,EUR,Europe,YEAR,2006,,,,,,,,,450 [370-540],450,370,540,,2025-11-11T15:08:09Z,2006,2006-01-01,2006-12-31
1488229,TB_e_inc_num,COUNTRY,NGA,AFR,Africa,YEAR,2013,,,,,,,,,397 000 [259 000-563 000],397000,259000,563000,,2025-11-11T15:08:09Z,2013,2013-01-01,2013-12-31
1489247,TB_e_inc_num,COUNTRY,ARG,AMR,Americas,YEAR,2010,,,,,,,,,9800 [8000-12 000],9800,8000,12000,,2025-11-11T15:08:09Z,2010,2010-01-01,2010-12-31
1489907,TB_e_inc_num,COUNTRY,KAZ,EUR,Europe,YEAR,2002,,,,,,,,,28 000 [23 000-34 000],28000,23000,34000,,2025-11-11T15:08:09Z,2002,2002-01-01,2002-12-31
1490012,TB_e_inc_num,COUNTRY,CPV,AFR,Africa,YEAR,2017,,,,,,,,,360 [290-430],360,290,430,,2025-11-11T15:08:09Z,2017,2017-01-01,2017-12-31
1494516,TB_e_inc_num,COUNTRY,MAC,,,YEAR,2014,,,,,,,,,650 [530-780],650,530,780,,2025-11-11T15:08:09Z,2014,2014-01-01,2014-12-31
1494576,TB_e_inc_num,COUNTRY,KGZ,EUR,Europe,YEAR,2000,,,,,,,,,15 000 [12 000-18 000],15000,12000,18000,,2025-11-11T15:08:09Z,2000,2000-01-01,2000-12-31
1496728,TB_e_inc_num,COUNTRY,THA,SEAR,South-East Asia,YEAR,2003,,,,,,,,,155 000 [51 000-318 000],155000,51000,318000,,2025-11-11T15:08:09Z,2003,2003-01-01,2003-12-31
1496969,TB_e_inc_num,COUNTRY,NOR,EUR,Europe,YEAR,2024,,,,,,,,,180 [150-220],180,150,220,,2025-11-11T15:08:09Z,2024,2024-01-01,2024-12-31
1506233,TB_e_inc_num,COUNTRY,SRB,EUR,Europe,YEAR,2007,,,,,,,,,4700 [3800-5700],4700,3800,5700,,2025-11-11T15:08:09Z,2007,2007-01-01,2007-12-31
1507007,TB_e_inc_num,COUNTRY,LTU,EUR,Europe,YEAR,2001,,,,,,,,,6000 [4900-7200],6000,4900,7200,,2025-11-11T15:08:09Z,2001,2001-01-01,2001-12-31
1507944,TB_e_inc_num,COUNTRY,HTI,AMR,Americas,YEAR,2016,,,,,,,,,32 000 [26 000-38 000],32000,26000,38000,,2025-11-11T15:08:09Z,2016,2016-01-01,2016-12-31
1507983,TB_e_inc_num,COUNTRY,STP,AFR,Africa,YEAR,2023,,,,,,,,,170 [140-200],170,140,200,,2025-11-11T15:08:09Z,2023,2023-01-01,2023-12-31
1508138,TB_e_inc_num,REGION,AFR,,,YEAR,2022,,,,,,,,,2 630 000 [2 250 000-3 030 000],2630000,2250000,3030000,,2025-11-11T15:08:09Z,2022,2022-01-01,2022-12-31
1508681,TB_e_inc_num,COUNTRY,LSO,AFR,Africa,YEAR,2014,,,,,,,,,18 000 [9300-29 000],18000,9300,29000,,2025-11-11T15:08:09Z,2014,2014-01-01,2014-12-31
1509102,TB_e_inc_num,COUNTRY,DMA,AMR,Americas,YEAR,2000,,,,,,,,,3 [2-4],3,2,4,,2025-11-11T15:08:09Z,2000,2000-01-01,2000-12-31
1512917,TB_e_inc_num,COUNTRY,MEX,AMR,Americas,YEAR,2012,,,,,,,,,31 000 [25 000-37 000],31000,25000,37000,,2025-11-11T15:08:09Z,2012,2012-01-01,2012-12-31
1520965,TB_e_inc_num,COUNTRY,CYP,EUR,Europe,YEAR,2005,,,,,,,,,54 [44-65],54,44,65,,2025-11-11T15:08:09Z,2005,2005-01-01,2005-12-31
1525742,TB_e_inc_num,COUNTRY,YEM,EMR,Eastern Mediterranean,YEAR,2011,,,,,,,,,12 000 [9900-14 000],12000,9900,14000,,2025-11-11T15:08:09Z,2011,2011-01-01,2011-12-31
1526897,TB_e_inc_num,COUNTRY,NLD,EUR,Europe,YEAR,2013,,,,,,,,,960 [820-1100],960,820,1100,,2025-11-11T15:08:09Z,2013,2013-01-01,2013-12-31
1527904,TB_e_inc_num,COUNTRY,SWE,EUR,Europe,YEAR,2009,,,,,,,,,720 [590-870],720,590,870,,2025-11-11T15:08:09Z,2009,2009-01-01,2009-12-31
1533910,TB_e_inc_num,COUNTRY,BRA,AMR,Americas,YEAR,2006,,,,,,,,,82 000 [67 000-99 000],82000,67000,99000,,2025-11-11T15:08:09Z,2006,2006-01-01,2006-12-31
1537850,TB_e_inc_num,COUNTRY,GRC,EUR,Europe,YEAR,2019,,,,,,,,,550 [450-660],550,450,660,,2025-11-11T15:08:09Z,2019,2019-01-01,2019-12-31
1539573,TB_e_inc_num,COUNTRY,ARE,EMR,Eastern Mediterranean,YEAR,2014,,,,,,,,,91 [74-110],91,74,110,,2025-11-11T15:08:09Z,2014,2014-01-01,2014-12-31
1539587,TB_e_inc_num,COUNTRY,MCO,EUR,Europe,YEAR,2020,,,,,,,,,0 [0-0],0,0,0,,2025-11-11T15:08:09Z,2020,2020-01-01,2020-12-31
1540581,TB_e_inc_num,COUNTRY,KOR,WPR,Western Pacific,YEAR,2023,,,,,,,,,20 000 [18 000-21 000],20000,18000,21000,,2025-11-11T15:08:09Z,2023,2023-01-01,2023-12-31
1541076,TB_e_inc_num,COUNTRY,KWT,EMR,Eastern Mediterranean,YEAR,2023,,,,,,,,,530 [430-640],530,430,640,,2025-11-11T15:08:09Z,2023,2023-01-01,2023-12-31
1552152,TB_e_inc_num,COUNTRY,HKG,,,YEAR,2004,,,,,,,,,12 000 [10 000-15 000],12000,10000,15000,,2025-11-11T15:08:09Z,2004,2004-01-01,2004-12-31
1565829,TB_e_inc_num,COUNTRY,GRC,EUR,Europe,YEAR,2013,,,,,,,,,650 [530-790],650,530,790,,2025-11-11T15:08:09Z,2013,2013-01-01,2013-12-31
1570116,TB_e_inc_num,REGION,EUR,,,YEAR,2015,,,,,,,,,325 000 [275 000-380 000],325000,275000,380000,,2025-11-11T15:08:09Z,2015,2015-01-01,2015-12-31
1570782,TB_e_inc_num,COUNTRY,USA,AMR,Americas,YEAR,2019,,,,,,,,,9900 [8100-12 000],9900,8100,12000,,2025-11-11T15:08:09Z,2019,2019-01-01,2019-12-31
1570810,TB_e_inc_num,COUNTRY,MDG,AFR,Africa,YEAR,2009,,,,,,,,,51 000 [28 000-114 000],51000,28000,114000,,2025-11-11T15:08:09Z,2009,2009-01-01,2009-12-31
1583418,TB_e_inc_num,REGION,SEAR,,,YEAR,2013,,,,,,,,,4 130 000 [2 690 000-5 880 000],4130000,2690000,5880000,,2025-11-11T15:08:09Z,2013,2013-01-01,2013-12-31
1584280,TB_e_inc_num,COUNTRY,TJK,EUR,Europe,YEAR,2017,,,,,,,,,8500 [6900-10 000],8500,6900,10000,,2025-11-11T15:08:09Z,2017,2017-01-01,2017-12-31
1615201,TB_e_inc_num,COUNTRY,CUB,AMR,Americas,YEAR,2024,,,,,,,,,1300 [1000-1500],1300,1000,1500,,2025-11-11T15:08:09Z,2024,2024-01-01,2024-12-31
1616178,TB_e_inc_num,COUNTRY,SVK,EUR,Europe,YEAR,2007,,,,,,,,,870 [710-1100],870,710,1100,,2025-11-11T15:08:09Z,2007,2007-01-01,2007-12-31
1627664,TB_e_inc_num,COUNTRY,TUN,EMR,Eastern Mediterranean,YEAR,2004,,,,,,,,,4000 [3200-4800],4000,3200,4800,,2025-11-11T15:08:09Z,2004,2004-01-01,2004-12-31
1633386,TB_e_inc_num,COUNTRY,DMA,AMR,Americas,YEAR,2021,,,,,,,,,0 [0-0],0,0,0,,2025-11-11T15:08:09Z,2021,2021-01-01,2021-12-31
1633961,TB_e_inc_num,COUNTRY,MLT,EUR,Europe,YEAR,2024,,,,,,,,,82 [67-99],82,67,99,,2025-11-11T15:08:09Z,2024,2024-01-01,2024-12-31
1635091,TB_e_inc_num,COUNTRY,PAK,EMR,Eastern Mediterranean,YEAR,2012,,,,,,,,,572 000 [362 000-830 000],572000,362000,830000,,2025-11-11T15:08:09Z,2012,2012-01-01,2012-12-31
1635734,TB_e_inc_num,COUNTRY,MUS,AFR,Africa,YEAR,2001,,,,,,,,,290 [240-350],290,240,350,,2025-11-11T15:08:09Z,2001,2001-01-01,2001-12-31
1636182,TB_e_inc_num,COUNTRY,SWE,EUR,Europe,YEAR,2003,,,,,,,,,550 [440-660],550,440,660,,2025-11-11T15:08:09Z,2003,2003-01-01,2003-12-31
1636523,TB_e_inc_num,COUNTRY,GEO,EUR,Europe,YEAR,2024,,,,,,,,,1700 [1400-2100],1700,1400,2100,,2025-11-11T15:08:09Z,2024,2024-01-01,2024-12-31
1639112,TB_e_inc_num,COUNTRY,MKD,EUR,Europe,YEAR,2012,,,,,,,,,530 [430-640],530,430,640,,2025-11-11T15:08:09Z,2012,2012-01-01,2012-12-31
1640457,TB_e_inc_num,GLOBAL,GLOBAL,,,YEAR,2011,,,,,,,,,11 700 000 [9 780 000-13 900 000],11700000,9780000,13900000,,2025-11-11T15:08:09Z,2011,2011-01-01,2011-12-31
1641750,TB_e_inc_num,COUNTRY,FJI,WPR,Western Pacific,YEAR,2004,,,,,,,,,300 [250-370],300,250,370,,2025-11-11T15:08:09Z,2004,2004-01-01,2004-12-31
1641768,TB_e_inc_num,COUNTRY,BEN,AFR,Africa,YEAR,2004,,,,,,,,,6700 [3700-16 000],6700,3700,16000,,2025-11-11T15:08:09Z,2004,2004-01-01,2004-12-31
1653100,TB_e_inc_num,COUNTRY,MKD,EUR,Europe,YEAR,2003,,,,,,,,,1300 [1100-1600],1300,1100,1600,,2025-11-11T15:08:09Z,2003,2003-01-01,2003-12-31
1654557,TB_e_inc_num,COUNTRY,ZMB,AFR,Africa,YEAR,2017,,,,,,,,,63 000 [39 000-92 000],63000,39000,92000,,2025-11-11T15:08:09Z,2017,2017-01-01,2017-12-31
1654594,TB_e_inc_num,COUNTRY,VEN,AMR,Americas,YEAR,2005,,,,,,,,,12 000 [10 000-15 000],12000,10000,15000,,2025-11-11T15:08:09Z,2005,2005-01-01,2005-12-31
1659865,TB_e_inc_num,REGION,AMR,,,YEAR,2001,,,,,,,,,437 000 [409 000-466 000],437000,409000,466000,,2025-11-11T15:08:09Z,2001,2001-01-01,2001-12-31
1665114,TB_e_inc_num,COUNTRY,LBN,EMR,Eastern Mediterranean,YEAR,2004,,,,,,,,,700 [570-840],700,570,840,,2025-11-11T15:08:09Z,2004,2004-01-01,2004-12-31
1666948,TB_e_inc_num,COUNTRY,MDA,EUR,Europe,YEAR,2004,,,,,,,,,4900 [3900-5900],4900,3900,5900,,2025-11-11T15:08:09Z,2004,2004-01-01,2004-12-31
1667525,TB_e_inc_num,COUNTRY,RWA,AFR,Africa,YEAR,2022,,,,,,,,,8500 [6000-11 000],8500,6000,11000,,2025-11-11T15:08:09Z,2022,2022-01-01,2022-12-31
1667558,TB_e_inc_num,COUNTRY,NER,AFR,Africa,YEAR,2008,,,,,,,,,20 000 [11 000-45 000],20000,11000,45000,,2025-11-11T15:08:09Z,2008,2008-01-01,2008-12-31
1679052,TB_e_inc_num,COUNTRY,AGO,AFR,Africa,YEAR,2024,,,,,,,,,141 000 [92 000-207 000],141000,92000,207000,,2025-11-11T15:08:09Z,2024,2024-01-01,2024-12-31
1679269,TB_e_inc_num,COUNTRY,SGP,WPR,Western Pacific,YEAR,2009,,,,,,,,,2000 [1600-2400],2000,1600,2400,,2025-11-11T15:08:09Z,2009,2009-01-01,2009-12-31
1679683,TB_e_inc_num,COUNTRY,GTM,AMR,Americas,YEAR,2020,,,,,,,,,3100 [2500-3700],3100,2500,3700,,2025-11-11T15:08:09Z,2020,2020-01-01,2020-12-31
1680431,TB_e_inc_num,COUNTRY,PRY,AMR,Americas,YEAR,2008,,,,,,,,,3800 [3100-4500],3800,3100,4500,,2025-11-11T15:08:09Z,2008,2008-01-01,2008-12-31
1685056,TB_e_inc_num,COUNTRY,TTO,AMR,Americas,YEAR,2018,,,,,,,,,330 [270-400],330,270,400,,2025-11-11T15:08:09Z,2018,2018-01-01,2018-12-31
1685327,TB_e_inc_num,COUNTRY,TUN,EMR,Eastern Mediterranean,YEAR,2012,,,,,,,,,5600 [4500-6700],5600,4500,6700,,2025-11-11T15:08:09Z,2012,2012-01-01,2012-12-31
1697807,TB_e_inc_num,COUNTRY,CYP,EUR,Europe,YEAR,2007,,,,,,,,,63 [51-76],63,51,76,,2025-11-11T15:08:09Z,2007,2007-01-01,2007-12-31
1703556,TB_e_inc_num,WORLDBANKINCOMEGROUP,WB_LMI,,,YEAR,2012,,,,,,,,,6 850 000 [5 170 000-8 760 000],6850000,5170000,8760000,,2025-11-11T15:08:09Z,2012,2012-01-01,2012-12-31
1706346,TB_e_inc_num,COUNTRY,YEM,EMR,Eastern Mediterranean,YEAR,2005,,,,,,,,,12 000 [10 000-14 000],12000,10000,14000,,2025-11-11T15:08:09Z,2005,2005-01-01,2005-12-31
1709578,TB_e_inc_num,GLOBAL,GLOBAL,,,YEAR,2009,,,,,,,,,11 900 000 [9 400 000-14 800 000],11900000,9400000,14800000,,2025-11-11T15:08:09Z,2009,2009-01-01,2009-12-31
1710582,TB_e_inc_num,COUNTRY,IRQ,EMR,Eastern Mediterranean,YEAR,2015,,,,,,,,,12 000 [10 000-15 000],12000,10000,15000,,2025-11-11T15:08:09Z,2015,2015-01-01,2015-12-31
1711678,TB_e_inc_num,COUNTRY,BTN,SEAR,South-East Asia,YEAR,2021,,,,,,,,,1400 [1200-1700],1400,1200,1700,,2025-11-11T15:08:09Z,2021,2021-01-01,2021-12-31
1715352,TB_e_inc_num,COUNTRY,COM,AFR,Africa,YEAR,2016,,,,,,,,,300 [180-600],300,180,600,,2025-11-11T15:08:09Z,2016,2016-01-01,2016-12-31
1718652,TB_e_inc_num,COUNTRY,JPN,WPR,Western Pacific,YEAR,2020,,,,,,,,,15 000 [12 000-18 000],15000,12000,18000,,2025-11-11T15:08:09Z,2020,2020-01-01,2020-12-31
1721569,TB_e_inc_num,WORLDBANKINCOMEGROUP,WB_LMI,,,YEAR,2024,,,,,,,,,6 490 000 [5 830 000-7 180 000],6490000,5830000,7180000,,2025-11-11T15:08:09Z,2024,2024-01-01,2024-12-31
1722156,TB_e_inc_num,COUNTRY,ZMB,AFR,Africa,YEAR,2008,,,,,,,,,70 000 [33 000-120 000],70000,33000,120000,,2025-11-11T15:08:09Z,2008,2008-01-01,2008-12-31
1723208,TB_e_inc_num,COUNTRY,LKA,SEAR,South-East Asia,YEAR,2019,,,,,,,,,13 000 [8000-23 000],13000,8000,23000,,2025-11-11T15:08:09Z,2019,2019-01-01,2019-12-31
1724031,TB_e_inc_num,COUNTRY,SYR,EMR,Eastern Mediterranean,YEAR,2020,,,,,,,,,4300 [3500-5200],4300,3500,5200,,2025-11-11T15:08:09Z,2020,2020-01-01,2020-12-31
1727860,TB_e_inc_num,COUNTRY,ZMB,AFR,Africa,YEAR,2000,,,,,,,,,76 000 [24 000-158 000],76000,24000,158000,,2025-11-11T15:08:09Z,2000,2000-01-01,2000-12-31
1728707,TB_e_inc_num,COUNTRY,ZWE,AFR,Africa,YEAR,2020,,,,,,,,,29 000 [21 000-39 000],29000,21000,39000,,2025-11-11T15:08:09Z,2020,2020-01-01,2020-12-31
1729037,TB_e_inc_num,COUNTRY,HTI,AMR,Americas,YEAR,2008,,,,,,,,,43 000 [35 000-52 000],43000,35000,52000,,2025-11-11T15:08:09Z,2008,2008-01-01,2008-12-31
1729907,TB_e_inc_num,COUNTRY,SRB,EUR,Europe,YEAR,2009,,,,,,,,,4100 [3300-5000],4100,3300,5000,,2025-11-11T15:08:09Z,2009,2009-01-01,2009-12-31
1735169,TB_e_inc_num,COUNTRY,IRQ,EMR,Eastern Mediterranean,YEAR,2014,,,,,,,,,13 000 [10 000-15 000],13000,10000,15000,,2025-11-11T15:08:09Z,2014,2014-01-01,2014-12-31
1736025,TB_e_inc_num,COUNTRY,WSM,WPR,Western Pacific,YEAR,2018,,,,,,,,,11 [9-13],11,9,13,,2025-11-11T15:08:09Z,2018,2018-01-01,2018-12-31
1741596,TB_e_inc_num,COUNTRY,NER,AFR,Africa,YEAR,2003,,,,,,,,,14 000 [7600-36 000],14000,7600,36000,,2025-11-11T15:08:09Z,2003,2003-01-01,2003-12-31
1746957,TB_e_inc_num,COUNTRY,ATG,AMR,Americas,YEAR,2011,,,,,,,,,6 [5-7],6,5,7,,2025-11-11T15:08:09Z,2011,2011-01-01,2011-12-31
1753631,TB_e_inc_num,COUNTRY,PLW,WPR,Western Pacific,YEAR,2011,,,,,,,,,12 [10-14],12,10,14,,2025-11-11T15:08:09Z,2011,2011-01-01,2011-12-31
1755068,TB_e_inc_num,REGION,WPR,,,YEAR,2016,,,,,,,,,2 750 000 [2 400 000-3 130 000],2750000,2400000,3130000,,2025-11-11T15:08:09Z,2016,2016-01-01,2016-12-31
1755324,TB_e_inc_num,COUNTRY,MDG,AFR,Africa,YEAR,2023,,,,,,,,,69 000 [42 000-130 000],69000,42000,130000,,2025-11-11T15:08:09Z,2023,2023-01-01,2023-12-31
1760631,TB_e_inc_num,COUNTRY,MAC,,,YEAR,2001,,,,,,,,,1100 [890-1300],1100,890,1300,,2025-11-11T15:08:09Z,2001,2001-01-01,2001-12-31
1766423,TB_e_inc_num,COUNTRY,KHM,WPR,Western Pacific,YEAR,2006,,,,,,,,,81 000 [58 000-110 000],81000,58000,110000,,2025-11-11T15:08:09Z,2006,2006-01-01,2006-12-31
1769067,TB_e_inc_num,COUNTRY,VNM,WPR,Western Pacific,YEAR,2017,,,,,,,,,179 000 [110 000-264 000],179000,110000,264000,,2025-11-11T15:08:09Z,2017,2017-01-01,2017-12-31
1774897,TB_e_inc_num,COUNTRY,SYC,AFR,Africa,YEAR,2008,,,,,,,,,6 [5-7],6,5,7,,2025-11-11T15:08:09Z,2008,2008-01-01,2008-12-31
1775532,TB_e_inc_num,COUNTRY,HND,AMR,Americas,YEAR,2005,,,,,,,,,6900 [5600-8300],6900,5600,8300,,2025-11-11T15:08:09Z,2005,2005-01-01,2005-12-31
1781017,TB_e_inc_num,COUNTRY,DJI,EMR,Eastern Mediterranean,YEAR,2000,,,,,,,,,20 000 [16 000-24 000],20000,16000,24000,,2025-11-11T15:08:09Z,2000,2000-01-01,2000-12-31
1787062,TB_e_inc_num,COUNTRY,GUY,AMR,Americas,YEAR,2014,,,,,,,,,760 [620-910],760,620,910,,2025-11-11T15:08:09Z,2014,2014-01-01,2014-12-31
1792517,TB_e_inc_num,COUNTRY,DEU,EUR,Europe,YEAR,2004,,,,,,,,,6800 [6100-7500],6800,6100,7500,,2025-11-11T15:08:09Z,2004,2004-01-01,2004-12-31
1792949,TB_e_inc_num,COUNTRY,JOR,EMR,Eastern Mediterranean,YEAR,2013,,,,,,,,,510 [410-610],510,410,610,,2025-11-11T15:08:09Z,2013,2013-01-01,2013-12-31
1793250,TB_e_inc_num,COUNTRY,GNB,AFR,Africa,YEAR,2011,,,,,,,,,4100 [2300-8900],4100,2300,8900,,2025-11-11T15:08:09Z,2011,2011-01-01,2011-12-31
1794348,TB_e_inc_num,COUNTRY,MWI,AFR,Africa,YEAR,2001,,,,,,,,,46 000 [4700-132 000],46000,4700,132000,,2025-11-11T15:08:09Z,2001,2001-01-01,2001-12-31
1798818,TB_e_inc_num,COUNTRY,AZE,EUR,Europe,YEAR,2011,,,,,,,,,19 000 [16 000-23 000],19000,16000,23000,,2025-11-11T15:08:09Z,2011,2011-01-01,2011-12-31
1800777,TB_e_inc_num,COUNTRY,BLR,EUR,Europe,YEAR,2020,,,,,,,,,2500 [2000-3000],2500,2000,3000,,2025-11-11T15:08:09Z,2020,2020-01-01,2020-12-31
1804962,TB_e_inc_num,COUNTRY,UZB,EUR,Europe,YEAR,2010,,,,,,,,,29 000 [24 000-35 000],29000,24000,35000,,2025-11-11T15:08:09Z,2010,2010-01-01,2010-12-31
1813036,TB_e_inc_num,COUNTRY,BRA,AMR,Americas,YEAR,2016,,,,,,,,,84 000 [68 000-101 000],84000,68000,101000,,2025-11-11T15:08:09Z,2016,2016-01-01,2016-12-31
1817010,TB_e_inc_num,COUNTRY,UKR,EUR,Europe,YEAR,2022,,,,,,,,,36 000 [28 000-43 000],36000,28000,43000,,2025-11-11T15:08:09Z,2022,2022-01-01,2022-12-31
1829731,TB_e_inc_num,COUNTRY,BEL,EUR,Europe,YEAR,2023,,,,,,,,,290 [240-350],290,240,350,,2025-11-11T15:08:09Z,2023,2023-01-01,2023-12-31
1831551,TB_e_inc_num,COUNTRY,FJI,WPR,Western Pacific,YEAR,2015,,,,,,,,,630 [510-760],630,510,760,,2025-11-11T15:08:09Z,2015,2015-01-01,2015-12-31
1832590,TB_e_inc_num,COUNTRY,NIC,AMR,Americas,YEAR,2023,,,,,,,,,3000 [2500-3600],3000,2500,3600,,2025-11-11T15:08:09Z,2023,2023-01-01,2023-12-31
1835890,TB_e_inc_num,COUNTRY,ISR,EUR,Europe,YEAR,2015,,,,,,,,,350 [280-420],350,280,420,,2025-11-11T15:08:09Z,2015,2015-01-01,2015-12-31
1836178,TB_e_inc_num,COUNTRY,IRL,EUR,Europe,YEAR,2012,,,,,,,,,440 [350-530],440,350,530,,2025-11-11T15:08:09Z,2012,2012-01-01,2012-12-31
1837867,TB_e_inc_num,REGION,EMR,,,YEAR,2001,,,,,,,,,713 000 [537 000-913 000],713000,537000,913000,,2025-11-11T15:08:09Z,2001,2001-01-01,2001-12-31
1838107,TB_e_inc_num,COUNTRY,LBR,AFR,Africa,YEAR,2008,,,,,,,,,12 000 [7000-27 000],12000,7000,27000,,2025-11-11T15:08:09Z,2008,2008-01-01,2008-12-31
1838172,TB_e_inc_num,COUNTRY,FSM,WPR,Western Pacific,YEAR,2004,,,,,,,,,370 [300-450],370,300,450,,2025-11-11T15:08:09Z,2004,2004-01-01,2004-12-31
1838810,TB_e_inc_num,COUNTRY,MRT,AFR,Africa,YEAR,2009,,,,,,,,,5100 [2900-11 000],5100,2900,11000,,2025-11-11T15:08:09Z,2009,2009-01-01,2009-12-31
1842817,TB_e_inc_num,COUNTRY,CAF,AFR,Africa,YEAR,2024,,,,,,,,,22 000 [14 000-42 000],22000,14000,42000,,2025-11-11T15:08:09Z,2024,2024-01-01,2024-12-31
1848671,TB_e_inc_num,COUNTRY,LTU,EUR,Europe,YEAR,2003,,,,,,,,,5600 [4600-6800],5600,4600,6800,,2025-11-11T15:08:09Z,2003,2003-01-01,2003-12-31
1854929,TB_e_inc_num,COUNTRY,FIN,EUR,Europe,YEAR,2018,,,,,,,,,270 [220-330],270,220,330,,2025-11-11T15:08:09Z,2018,2018-01-01,2018-12-31
1856909,TB_e_inc_num,COUNTRY,GBR,EUR,Europe,YEAR,2011,,,,,,,,,9500 [8800-10 000],9500,8800,10000,,2025-11-11T15:08:09Z,2011,2011-01-01,2011-12-31
1857407,TB_e_inc_num,COUNTRY,MMR,SEAR,South-East Asia,YEAR,2021,,,,,,,,,188 000 [124 000-275 000],188000,124000,275000,,2025-11-11T15:08:09Z,2021,2021-01-01,2021-12-31
1857710,TB_e_inc_num,COUNTRY,BHS,AMR,Americas,YEAR,2011,,,,,,,,,58 [47-69],58,47,69,,2025-11-11T15:08:09Z,2011,2011-01-01,2011-12-31
1860596,TB_e_inc_num,COUNTRY,COK,WPR,Western Pacific,YEAR,2011,,,,,,,,,1 [1-1],1,1,1,,2025-11-11T15:08:09Z,2011,2011-01-01,2011-12-31
1861175,TB_e_inc_num,COUNTRY,TUV,WPR,Western Pacific,YEAR,2013,,,,,,,,,18 [15-22],18,15,22,,2025-11-11T15:08:09Z,2013,2013-01-01,2013-12-31
1862201,TB_e_inc_num,COUNTRY,LBY,EMR,Eastern Mediterranean,YEAR,2004,,,,,,,,,3700 [2200-8000],3700,2200,8000,,2025-11-11T15:08:09Z,2004,2004-01-01,2004-12-31
1867163,TB_e_inc_num,REGION,WPR,,,YEAR,2005,,,,,,,,,3 000 000 [2 630 000-3 390 000],3000000,2630000,3390000,,2025-11-11T15:08:09Z,2005,2005-01-01,2005-12-31
1868133,TB_e_inc_num,COUNTRY,BDI,AFR,Africa,YEAR,2015,,,,,,,,,14 000 [8100-28 000],14000,8100,28000,,2025-11-11T15:08:09Z,2015,2015-01-01,2015-12-31
1868189,TB_e_inc_num,COUNTRY,SMR,EUR,Europe,YEAR,2016,,,,,,,,,0 [0-0],0,0,0,,2025-11-11T15:08:09Z,2016,2016-01-01,2016-12-31
1869729,TB_e_inc_num,COUNTRY,MWI,AFR,Africa,YEAR,2003,,,,,,,,,49 000 [4700-144 000],49000,4700,144000,,2025-11-11T15:08:09Z,2003,2003-01-01,2003-12-31
1870537,TB_e_inc_num,COUNTRY,KAZ,EUR,Europe,YEAR,2018,,,,,,,,,13 000 [11 000-16 000],13000,11000,16000,,2025-11-11T15:08:09Z,2018,2018-01-01,2018-12-31
1873815,TB_e_inc_num,COUNTRY,MDA,EUR,Europe,YEAR,2003,,,,,,,,,4300 [3500-5200],4300,3500,5200,,2025-11-11T15:08:09Z,2003,2003-01-01,2003-12-31
1874717,TB_e_inc_num,COUNTRY,PRT,EUR,Europe,YEAR,2009,,,,,,,,,3300 [2700-4000],3300,2700,4000,,2025-11-11T15:08:09Z,2009,2009-01-01,2009-12-31
1876224,TB_e_inc_num,COUNTRY,VNM,WPR,Western Pacific,YEAR,2000,,,,,,,,,229 000 [69 000-482 000],229000,69000,482000,,2025-11-11T15:08:09Z,2000,2000-01-01,2000-12-31
1880307,TB_e_inc_num,COUNTRY,MCO,EUR,Europe,YEAR,2018,,,,,,,,,1 [1-1],1,1,1,,2025-11-11T15:08:09Z,2018,2018-01-01,2018-12-31
1887223,TB_e_inc_num,COUNTRY,TLS,SEAR,South-East Asia,YEAR,2014,,,,,,,,,5700 [3400-11 000],5700,3400,11000,,2025-11-11T15:08:09Z,2014,2014-01-01,2014-12-31
1887940,TB_e_inc_num,COUNTRY,TJK,EUR,Europe,YEAR,2022,,,,,,,,,7800 [6000-9600],7800,6000,9600,,2025-11-11T15:08:09Z,2022,2022-01-01,2022-12-31
1888000,TB_e_inc_num,COUNTRY,GTM,AMR,Americas,YEAR,2000,,,,,,,,,3300 [2700-3900],3300,2700,3900,,2025-11-11T15:08:09Z,2000,2000-01-01,2000-12-31
1889362,TB_e_inc_num,COUNTRY,PAN,AMR,Americas,YEAR,2004,,,,,,,,,2800 [2300-3400],2800,2300,3400,,2025-11-11T15:08:09Z,2004,2004-01-01,2004-12-31
1889764,TB_e_inc_num,COUNTRY,SUR,AMR,Americas,YEAR,2004,,,,,,,,,190 [160-230],190,160,230,,2025-11-11T15:08:09Z,2004,2004-01-01,2004-12-31
1892536,TB_e_inc_num,COUNTRY,IRL,EUR,Europe,YEAR,2019,,,,,,,,,300 [250-370],300,250,370,,2025-11-11T15:08:09Z,2019,2019-01-01,2019-12-31
1893423,TB_e_inc_num,COUNTRY,COD,AFR,Africa,YEAR,2024,,,,,,,,,412 000 [252 000-792 000],412000,252000,792000,,2025-11-11T15:08:09Z,2024,2024-01-01,2024-12-31
1893551,TB_e_inc_num,COUNTRY,MDG,AFR,Africa,YEAR,2012,,,,,,,,,53 000 [30 000-119 000],53000,30000,119000,,2025-11-11T15:08:09Z,2012,2012-01-01,2012-12-31
1901390,TB_e_inc_num,COUNTRY,FSM,WPR,Western Pacific,YEAR,2001,,,,,,,,,350 [290-420],350,290,420,,2025-11-11T15:08:09Z,2001,2001-01-01,2001-12-31
1902536,TB_e_inc_num,COUNTRY,MEX,AMR,Americas,YEAR,2005,,,,,,,,,32 000 [26 000-39 000],32000,26000,39000,,2025-11-11T15:08:09Z,2005,2005-01-01,2005-12-31
1907002,TB_e_inc_num,COUNTRY,GNB,AFR,Africa,YEAR,2022,,,,,,,,,3800 [2300-7200],3800,2300,7200,,2025-11-11T15:08:09Z,2022,2022-01-01,2022-12-31
1907697,TB_e_inc_num,WORLDBANKINCOMEGROUP,WB_LI,,,YEAR,2016,,,,,,,,,1 130 000 [890 000-1 400 000],1130000,890000,1400000,,2025-11-11T15:08:09Z,2016,2016-01-01,2016-12-31
1913448,TB_e_inc_num,COUNTRY,SVN,EUR,Europe,YEAR,2008,,,,,,,,,280 [230-340],280,230,340,,2025-11-11T15:08:09Z,2008,2008-01-01,2008-12-31
1914347,TB_e_inc_num,COUNTRY,NGA,AFR,Africa,YEAR,2008,,,,,,,,,345 000 [225 000-490 000],345000,225000,490000,,2025-11-11T15:08:09Z,2008,2008-01-01,2008-12-31
1918160,TB_e_inc_num,COUNTRY,SRB,EUR,Europe,YEAR,2019,,,,,,,,,1500 [1200-1800],1500,1200,1800,,2025-11-11T15:08:09Z,2019,2019-01-01,2019-12-31
1918361,TB_e_inc_num,COUNTRY,FSM,WPR,Western Pacific,YEAR,2020,,,,,,,,,200 [160-240],200,160,240,,2025-11-11T15:08:09Z,2020,2020-01-01,2020-12-31
1927287,TB_e_inc_num,COUNTRY,FIN,EUR,Europe,YEAR,2022,,,,,,,,,220 [180-270],220,180,270,,2025-11-11T15:08:09Z,2022,2022-01-01,2022-12-31
1927625,TB_e_inc_num,COUNTRY,GUY,AMR,Americas,YEAR,2003,,,,,,,,,1300 [1100-1600],1300,1100,1600,,2025-11-11T15:08:09Z,2003,2003-01-01,2003-12-31
1931088,TB_e_inc_num,COUNTRY,GRD,AMR,Americas,YEAR,2003,,,,,,,,,2 [2-2],2,2,2,,2025-11-11T15:08:09Z,2003,2003-01-01,2003-12-31
1931876,TB_e_inc_num,COUNTRY,SOM,EMR,Eastern Mediterranean,YEAR,2017,,,,,,,,,27 000 [16 000-53 000],27000,16000,53000,,2025-11-11T15:08:09Z,2017,2017-01-01,2017-12-31
1933536,TB_e_inc_num,COUNTRY,SGP,WPR,Western Pacific,YEAR,2017,,,,,,,,,2700 [2200-3200],2700,2200,3200,,2025-11-11T15:08:09Z,2017,2017-01-01,2017-12-31
1933769,TB_e_inc_num,GLOBAL,GLOBAL,,,YEAR,2021,,,,,,,,,10 500 000 [9 730 000-11 200 000],10500000,9730000,11200000,,2025-11-11T15:08:09Z,2021,2021-01-01,2021-12-31
1938110,TB_e_inc_num,COUNTRY,KEN,AFR,Africa,YEAR,2003,,,,,,,,,205 000 [54 000-455 000],205000,54000,455000,,2025-11-11T15:08:09Z,2003,2003-01-01,2003-12-31
1939127,TB_e_inc_num,COUNTRY,NIC,AMR,Americas,YEAR,2015,,,,,,,,,3600 [2900-4400],3600,2900,4400,,2025-11-11T15:08:09Z,2015,2015-01-01,2015-12-31
1940175,TB_e_inc_num,COUNTRY,GRD,AMR,Americas,YEAR,2005,,,,,,,,,2 [2-2],2,2,2,,2025-11-11T15:08:09Z,2005,2005-01-01,2005-12-31
1943348,TB_e_inc_num,COUNTRY,BGD,SEAR,South-East Asia,YEAR,2018,,,,,,,,,362 000 [263 000-476 000],362000,263000,476000,,2025-11-11T15:08:09Z,2018,2018-01-01,2018-12-31
1950605,TB_e_inc_num,COUNTRY,MCO,EUR,Europe,YEAR,2001,,,,,,,,,0 [0-0],0,0,0,,2025-11-11T15:08:09Z,2001,2001-01-01,2001-12-31
1951385,TB_e_inc_num,COUNTRY,CMR,AFR,Africa,YEAR,2010,,,,,,,,,53 000 [31 000-113 000],53000,31000,113000,,2025-11-11T15:08:09Z,2010,2010-01-01,2010-12-31
1951704,TB_e_inc_num,COUNTRY,ITA,EUR,Europe,YEAR,2012,,,,,,,,,3800 [3100-4600],3800,3100,4600,,2025-11-11T15:08:09Z,2012,2012-01-01,2012-12-31
1952607,TB_e_inc_num,COUNTRY,IRQ,EMR,Eastern Mediterranean,YEAR,2016,,,,,,,,,11 000 [8800-13 000],11000,8800,13000,,2025-11-11T15:08:09Z,2016,2016-01-01,2016-12-31
1965298,TB_e_inc_num,COUNTRY,NAM,AFR,Africa,YEAR,2020,,,,,,,,,12 000 [8600-17 000],12000,8600,17000,,2025-11-11T15:08:09Z,2020,2020-01-01,2020-12-31
1965809,TB_e_inc_num,COUNTRY,VCT,AMR,Americas,YEAR,2023,,,,,,,,,4 [3-5],4,3,5,,2025-11-11T15:08:09Z,2023,2023-01-01,2023-12-31
1970930,TB_e_inc_num,COUNTRY,KEN,AFR,Africa,YEAR,2024,,,,,,,,,117 000 [61 000-191 000],117000,61000,191000,,2025-11-11T15:08:09Z,2024,2024-01-01,2024-12-31
1971217,TB_e_inc_num,COUNTRY,MDG,AFR,Africa,YEAR,2017,,,,,,,,,57 000 [34 000-116 000],57000,34000,116000,,2025-11-11T15:08:09Z,2017,2017-01-01,2017-12-31
1975264,TB_e_inc_num,COUNTRY,HRV,EUR,Europe,YEAR,2002,,,,,,,,,2100 [1700-2500],2100,1700,2500,,2025-11-11T15:08:09Z,2002,2002-01-01,2002-12-31
1976112,TB_e_inc_num,COUNTRY,JPN,WPR,Western Pacific,YEAR,2004,,,,,,,,,41 000 [34 000-50 000],41000,34000,50000,,2025-11-11T15:08:09Z,2004,2004-01-01,2004-12-31
1981805,TB_e_inc_num,COUNTRY,BHS,AMR,Americas,YEAR,2024,,,,,,,,,73 [59-88],73,59,88,,2025-11-11T15:08:09Z,2024,2024-01-01,2024-12-31
1989846,TB_e_inc_num,COUNTRY,USA,AMR,Americas,YEAR,2012,,,,,,,,,12 000 [9700-14 000],12000,9700,14000,,2025-11-11T15:08:09Z,2012,2012-01-01,2012-12-31
1990359,TB_e_inc_num,COUNTRY,SWZ,AFR,Africa,YEAR,2006,,,,,,,,,16 000 [910-51 000],16000,910,51000,,2025-11-11T15:08:09Z,2006,2006-01-01,2006-12-31
1994593,TB_e_inc_num,COUNTRY,ETH,AFR,Africa,YEAR,2013,,,,,,,,,221 000 [111 000-367 000],221000,111000,367000,,2025-11-11T15:08:09Z,2013,2013-01-01,2013-12-31
1996943,TB_e_inc_num,COUNTRY,YEM,EMR,Eastern Mediterranean,YEAR,2016,,,,,,,,,13 000 [11 000-15 000],13000,11000,15000,,2025-11-11T15:08:09Z,2016,2016-01-01,2016-12-31
1997130,TB_e_inc_num,COUNTRY,IRQ,EMR,Eastern Mediterranean,YEAR,2018,,,,,,,,,11 000 [8700-13 000],11000,8700,13000,,2025-11-11T15:08:09Z,2018,2018-01-01,2018-12-31
1997488,TB_e_inc_num,COUNTRY,LSO,AFR,Africa,YEAR,2005,,,,,,,,,23 000 [8800-45 000],23000,8800,45000,,2025-11-11T15:08:09Z,2005,2005-01-01,2005-12-31
2001595,TB_e_inc_num,COUNTRY,NOR,EUR,Europe,YEAR,2020,,,,,,,,,170 [130-200],170,130,200,,2025-11-11T15:08:09Z,2020,2020-01-01,2020-12-31
2003652,TB_e_inc_num,COUNTRY,SLB,WPR,Western Pacific,YEAR,2022,,,,,,,,,760 [620-920],760,620,920,,2025-11-11T15:08:09Z,2022,2022-01-01,2022-12-31
2006567,TB_e_inc_num,COUNTRY,DMA,AMR,Americas,YEAR,2004,,,,,,,,,6 [5-7],6,5,7,,2025-11-11T15:08:09Z,2004,2004-01-01,2004-12-31
2007123,TB_e_inc_num,COUNTRY,MCO,EUR,Europe,YEAR,2016,,,,,,,,,2 [2-2],2,2,2,,2025-11-11T15:08:09Z,2016,2016-01-01,2016-12-31
2008632,TB_e_inc_num,COUNTRY,CPV,AFR,Africa,YEAR,2013,,,,,,,,,470 [380-570],470,380,570,,2025-11-11T15:08:09Z,2013,2013-01-01,2013-12-31
2010280,TB_e_inc_num,COUNTRY,ITA,EUR,Europe,YEAR,2001,,,,,,,,,6300 [5100-7500],6300,5100,7500,,2025-11-11T15:08:09Z,2001,2001-01-01,2001-12-31
2021988,TB_e_inc_num,COUNTRY,BHS,AMR,Americas,YEAR,2010,,,,,,,,,44 [36-53],44,36,53,,2025-11-11T15:08:09Z,2010,2010-01-01,2010-12-31
2026393,TB_e_inc_num,COUNTRY,MUS,AFR,Africa,YEAR,2012,,,,,,,,,220 [180-270],220,180,270,,2025-11-11T15:08:09Z,2012,2012-01-01,2012-12-31
2027294,TB_e_inc_num,COUNTRY,MMR,SEAR,South-East Asia,YEAR,2012,,,,,,,,,226 000 [107 000-387 000],226000,107000,387000,,2025-11-11T15:08:09Z,2012,2012-01-01,2012-12-31
2032321,TB_e_inc_num,COUNTRY,ECU,AMR,Americas,YEAR,2008,,,,,,,,,8100 [6600-9800],8100,6600,9800,,2025-11-11T15:08:09Z,2008,2008-01-01,2008-12-31
2034278,TB_e_inc_num,COUNTRY,AZE,EUR,Europe,YEAR,2023,,,,,,,,,6800 [5300-8500],6800,5300,8500,,2025-11-11T15:08:09Z,2023,2023-01-01,2023-12-31
2039029,TB_e_inc_num,COUNTRY,PRY,AMR,Americas,YEAR,2000,,,,,,,,,5000 [4100-6000],5000,4100,6000,,2025-11-11T15:08:09Z,2000,2000-01-01,2000-12-31
2040512,TB_e_inc_num,COUNTRY,MDA,EUR,Europe,YEAR,2024,,,,,,,,,2000 [1600-2400],2000,1600,2400,,2025-11-11T15:08:09Z,2024,2024-01-01,2024-12-31
2041292,TB_e_inc_num,COUNTRY,SWE,EUR,Europe,YEAR,2018,,,,,,,,,560 [450-670],560,450,670,,2025-11-11T15:08:09Z,2018,2018-01-01,2018-12-31
2046219,TB_e_inc_num,COUNTRY,DZA,AFR,Africa,YEAR,2007,,,,,,,,,35 000 [29 000-43 000],35000,29000,43000,,2025-11-11T15:08:09Z,2007,2007-01-01,2007-12-31
2051733,TB_e_inc_num,COUNTRY,BFA,AFR,Africa,YEAR,2015,,,,,,,,,13 000 [7900-25 000],13000,7900,25000,,2025-11-11T15:08:09Z,2015,2015-01-01,2015-12-31
2058165,TB_e_inc_num,COUNTRY,KOR,WPR,Western Pacific,YEAR,2021,,,,,,,,,23 000 [21 000-25 000],23000,21000,25000,,2025-11-11T15:08:09Z,2021,2021-01-01,2021-12-31
2058198,TB_e_inc_num,COUNTRY,SWE,EUR,Europe,YEAR,2020,,,,,,,,,370 [300-440],370,300,440,,2025-11-11T15:08:09Z,2020,2020-01-01,2020-12-31
2059348,TB_e_inc_num,COUNTRY,MDV,SEAR,South-East Asia,YEAR,2010,,,,,,,,,180 [140-210],180,140,210,,2025-11-11T15:08:09Z,2010,2010-01-01,2010-12-31
2059620,TB_e_inc_num,COUNTRY,SWE,EUR,Europe,YEAR,2022,,,,,,,,,420 [340-500],420,340,500,,2025-11-11T15:08:09Z,2022,2022-01-01,2022-12-31
2065001,TB_e_inc_num,COUNTRY,BLR,EUR,Europe,YEAR,2000,,,,,,,,,15 000 [12 000-18 000],15000,12000,18000,,2025-11-11T15:08:09Z,2000,2000-01-01,2000-12-31
2076527,TB_e_inc_num,COUNTRY,TON,WPR,Western Pacific,YEAR,2024,,,,,,,,,2 [2-2],2,2,2,,2025-11-11T15:08:09Z,2024,2024-01-01,2024-12-31
2076939,TB_e_inc_num,COUNTRY,BGR,EUR,Europe,YEAR,2021,,,,,,,,,900 [730-1100],900,730,1100,,2025-11-11T15:08:09Z,2021,2021-01-01,2021-12-31
2079917,TB_e_inc_num,COUNTRY,JAM,AMR,Americas,YEAR,2000,,,,,,,,,320 [260-380],320,260,380,,2025-11-11T15:08:09Z,2000,2000-01-01,2000-12-31
2082633,TB_e_inc_num,COUNTRY,AND,EUR,Europe,YEAR,2013,,,,,,,,,5 [4-6],5,4,6,,2025-11-11T15:08:09Z,2013,2013-01-01,2013-12-31
2089216,TB_e_inc_num,COUNTRY,PHL,WPR,Western Pacific,YEAR,2005,,,,,,,,,475 000 [263 000-747 000],475000,263000,747000,,2025-11-11T15:08:09Z,2005,2005-01-01,2005-12-31
2096879,TB_e_inc_num,COUNTRY,BWA,AFR,Africa,YEAR,2000,,,,,,,,,16 000 [9100-37 000],16000,9100,37000,,2025-11-11T15:08:09Z,2000,2000-01-01,2000-12-31
2107564,TB_e_inc_num,COUNTRY,ALB,EUR,Europe,YEAR,2017,,,,,,,,,570 [460-680],570,460,680,,2025-11-11T15:08:09Z,2017,2017-01-01,2017-12-31
2108708,TB_e_inc_num,COUNTRY,AZE,EUR,Europe,YEAR,2002,,,,,,,,,16 000 [13 000-19 000],16000,13000,19000,,2025-11-11T15:08:09Z,2002,2002-01-01,2002-12-31
2113905,TB_e_inc_num,COUNTRY,NIC,AMR,Americas,YEAR,2022,,,,,,,,,3100 [2500-3700],3100,2500,3700,,2025-11-11T15:08:09Z,2022,2022-01-01,2022-12-31
2114151,TB_e_inc_num,COUNTRY,NIC,AMR,Americas,YEAR,2013,,,,,,,,,4200 [3400-5000],4200,3400,5000,,2025-11-11T15:08:09Z,2013,2013-01-01,2013-12-31
2121002,TB_e_inc_num,COUNTRY,HRV,EUR,Europe,YEAR,2000,,,,,,,,,2400 [2000-2900],2400,2000,2900,,2025-11-11T15:08:09Z,2000,2000-01-01,2000-12-31
2121537,TB_e_inc_num,COUNTRY,SGP,WPR,Western Pacific,YEAR,2023,,,,,,,,,2400 [1900-2900],2400,1900,2900,,2025-11-11T15:08:09Z,2023,2023-01-01,2023-12-31
2122713,TB_e_inc_num,COUNTRY,COD,AFR,Africa,YEAR,2022,,,,,,,,,402 000 [246 000-772 000],402000,246000,772000,,2025-11-11T15:08:09Z,2022,2022-01-01,2022-12-31
2123465,TB_e_inc_num,REGION,EMR,,,YEAR,2008,,,,,,,,,791 000 [587 000-1 030 000],791000,587000,1030000,,2025-11-11T15:08:09Z,2008,2008-01-01,2008-12-31
2124080,TB_e_inc_num,COUNTRY,GIN,AFR,Africa,YEAR,2015,,,,,,,,,21 000 [12 000-43 000],21000,12000,43000,,2025-11-11T15:08:09Z,2015,2015-01-01,2015-12-31
2126772,TB_e_inc_num,COUNTRY,SVK,EUR,Europe,YEAR,2023,,,,,,,,,250 [210-300],250,210,300,,2025-11-11T15:08:09Z,2023,2023-01-01,2023-12-31
2128562,TB_e_inc_num,COUNTRY,MRT,AFR,Africa,YEAR,2015,,,,,,,,,4200 [2500-8800],4200,2500,8800,,2025-11-11T15:08:09Z,2015,2015-01-01,2015-12-31
2129298,TB_e_inc_num,COUNTRY,COK,WPR,Western Pacific,YEAR,2003,,,,,,,,,0 [0-0],0,0,0,,2025-11-11T15:08:09Z,2003,2003-01-01,2003-12-31
2129940,TB_e_inc_num,COUNTRY,BGR,EUR,Europe,YEAR,2004,,,,,,,,,5500 [4500-6600],5500,4500,6600,,2025-11-11T15:08:09Z,2004,2004-01-01,2004-12-31
2130460,TB_e_inc_num,COUNTRY,COK,WPR,Western Pacific,YEAR,2013,,,,,,,,,2 [2-2],2,2,2,,2025-11-11T15:08:09Z,2013,2013-01-01,2013-12-31
2136128,TB_e_inc_num,COUNTRY,LBN,EMR,Eastern Mediterranean,YEAR,2003,,,,,,,,,700 [570-850],700,570,850,,2025-11-11T15:08:09Z,2003,2003-01-01,2003-12-31
2141882,TB_e_inc_num,COUNTRY,SSD,AFR,Africa,YEAR,2017,,,,,,,,,38 000 [23 000-71 000],38000,23000,71000,,2025-11-11T15:08:09Z,2017,2017-01-01,2017-12-31
2142845,TB_e_inc_num,WORLDBANKINCOMEGROUP,WB_LMI,,,YEAR,2015,,,,,,,,,6 660 000 [5 770 000-7 610 000],6660000,5770000,7610000,,2025-11-11T15:08:09Z,2015,2015-01-01,2015-12-31
2145650,TB_e_inc_num,COUNTRY,BOL,AMR,Americas,YEAR,2024,,,,,,,,,14 000 [11 000-17 000],14000,11000,17000,,2025-11-11T15:08:09Z,2024,2024-01-01,2024-12-31
2146885,TB_e_inc_num,COUNTRY,MAC,,,YEAR,2002,,,,,,,,,890 [720-1100],890,720,1100,,2025-11-11T15:08:09Z,2002,2002-01-01,2002-12-31
2147156,TB_e_inc_num,COUNTRY,ARM,EUR,Europe,YEAR,2010,,,,,,,,,2500 [2100-3000],2500,2100,3000,,2025-11-11T15:08:09Z,2010,2010-01-01,2010-12-31
2152312,TB_e_inc_num,GLOBAL,GLOBAL,,,YEAR,2017,,,,,,,,,10 700 000 [10 100 000-11 400 000],10700000,10100000,11400000,,2025-11-11T15:08:09Z,2017,2017-01-01,2017-12-31
2153023,TB_e_inc_num,COUNTRY,GHA,AFR,Africa,YEAR,2016,,,,,,,,,46 000 [21 000-81 000],46000,21000,81000,,2025-11-11T15:08:09Z,2016,2016-01-01,2016-12-31
2155082,TB_e_inc_num,COUNTRY,MMR,SEAR,South-East Asia,YEAR,2024,,,,,,,,,263 000 [167 000-404 000],263000,167000,404000,,2025-11-11T15:08:09Z,2024,2024-01-01,2024-12-31
2167486,TB_e_inc_num,COUNTRY,PLW,WPR,Western Pacific,YEAR,2023,,,,,,,,,15 [12-18],15,12,18,,2025-11-11T15:08:09Z,2023,2023-01-01,2023-12-31
2167740,TB_e_inc_num,WORLDBANKINCOMEGROUP,WB_LI,,,YEAR,2008,,,,,,,,,1 040 000 [815 000-1 300 000],1040000,815000,1300000,,2025-11-11T15:08:09Z,2008,2008-01-01,2008-12-31
2172123,TB_e_inc_num,COUNTRY,SLV,AMR,Americas,YEAR,2023,,,,,,,,,5400 [4400-6500],5400,4400,6500,,2025-11-11T15:08:09Z,2023,2023-01-01,2023-12-31
2172192,TB_e_inc_num,COUNTRY,ARE,EMR,Eastern Mediterranean,YEAR,2018,,,,,,,,,120 [94-140],120,94,140,,2025-11-11T15:08:09Z,2018,2018-01-01,2018-12-31
2172342,TB_e_inc_num,COUNTRY,FSM,WPR,Western Pacific,YEAR,2010,,,,,,,,,380 [310-460],380,310,460,,2025-11-11T15:08:09Z,2010,2010-01-01,2010-12-31
2173623,TB_e_inc_num,COUNTRY,ROU,EUR,Europe,YEAR,2007,,,,,,,,,32 000 [26 000-39 000],32000,26000,39000,,2025-11-11T15:08:09Z,2007,2007-01-01,2007-12-31
2180066,TB_e_inc_num,COUNTRY,SMR,EUR,Europe,YEAR,2024,,,,,,,,,0 [0-0],0,0,0,,2025-11-11T15:08:09Z,2024,2024-01-01,2024-12-31
2184957,TB_e_inc_num,COUNTRY,SYC,AFR,Africa,YEAR,2014,,,,,,,,,13 [11-16],13,11,16,,2025-11-11T15:08:09Z,2014,2014-01-01,2014-12-31
2185772,TB_e_inc_num,COUNTRY,MAC,,,YEAR,2007,,,,,,,,,750 [610-910],750,610,910,,2025-11-11T15:08:09Z,2007,2007-01-01,2007-12-31
2186013,TB_e_inc_num,COUNTRY,MLI,AFR,Africa,YEAR,2001,,,,,,,,,9200 [4800-24 000],9200,4800,24000,,2025-11-11T15:08:09Z,2001,2001-01-01,2001-12-31
2203421,TB_e_inc_num,COUNTRY,CYP,EUR,Europe,YEAR,2013,,,,,,,,,56 [46-68],56,46,68,,2025-11-11T15:08:09Z,2013,2013-01-01,2013-12-31
2203611,TB_e_inc_num,COUNTRY,KOR,WPR,Western Pacific,YEAR,2013,,,,,,,,,44 000 [41 000-48 000],44000,41000,48000,,2025-11-11T15:08:09Z,2013,2013-01-01,2013-12-31
2205396,TB_e_inc_num,COUNTRY,NGA,AFR,Africa,YEAR,2007,,,,,,,,,336 000 [219 000-477 000],336000,219000,477000,,2025-11-11T15:08:09Z,2007,2007-01-01,2007-12-31
2208987,TB_e_inc_num,COUNTRY,UZB,EUR,Europe,YEAR,2009,,,,,,,,,32 000 [26 000-38 000],32000,26000,38000,,2025-11-11T15:08:09Z,2009,2009-01-01,2009-12-31
2209867,TB_e_inc_num,COUNTRY,LAO,WPR,Western Pacific,YEAR,2018,,,,,,,,,12 000 [7300-17 000],12000,7300,17000,,2025-11-11T15:08:09Z,2018,2018-01-01,2018-12-31
2210036,TB_e_inc_num,COUNTRY,MDV,SEAR,South-East Asia,YEAR,2008,,,,,,,,,250 [210-310],250,210,310,,2025-11-11T15:08:09Z,2008,2008-01-01,2008-12-31
2211043,TB_e_inc_num,COUNTRY,TUV,WPR,Western Pacific,YEAR,2008,,,,,,,,,17 [14-20],17,14,20,,2025-11-11T15:08:09Z,2008,2008-01-01,2008-12-31
2215517,TB_e_inc_num,COUNTRY,MNE,EUR,Europe,YEAR,2007,,,,,,,,,240 [190-290],240,190,290,,2025-11-11T15:08:09Z,2007,2007-01-01,2007-12-31
2215994,TB_e_inc_num,REGION,WPR,,,YEAR,2002,,,,,,,,,3 120 000 [2 720 000-3 550 000],3120000,2720000,3550000,,2025-11-11T15:08:09Z,2002,2002-01-01,2002-12-31
2221574,TB_e_inc_num,COUNTRY,ARE,EMR,Eastern Mediterranean,YEAR,2003,,,,,,,,,240 [200-290],240,200,290,,2025-11-11T15:08:09Z,2003,2003-01-01,2003-12-31
2223278,TB_e_inc_num,COUNTRY,GEO,EUR,Europe,YEAR,2012,,,,,,,,,6000 [4900-7200],6000,4900,7200,,2025-11-11T15:08:09Z,2012,2012-01-01,2012-12-31
2224301,TB_e_inc_num,COUNTRY,SAU,EMR,Eastern Mediterranean,YEAR,2014,,,,,,,,,3600 [3200-3900],3600,3200,3900,,2025-11-11T15:08:09Z,2014,2014-01-01,2014-12-31
2225002,TB_e_inc_num,COUNTRY,BRN,WPR,Western Pacific,YEAR,2004,,,,,,,,,330 [270-400],330,270,400,,2025-11-11T15:08:09Z,2004,2004-01-01,2004-12-31
2231329,TB_e_inc_num,COUNTRY,SDN,EMR,Eastern Mediterranean,YEAR,2022,,,,,,,,,27 000 [17 000-39 000],27000,17000,39000,,2025-11-11T15:08:09Z,2022,2022-01-01,2022-12-31
2240379,TB_e_inc_num,COUNTRY,ECU,AMR,Americas,YEAR,2018,,,,,,,,,7600 [6200-9200],7600,6200,9200,,2025-11-11T15:08:09Z,2018,2018-01-01,2018-12-31
2241431,TB_e_inc_num,COUNTRY,TCD,AFR,Africa,YEAR,2018,,,,,,,,,23 000 [14 000-45 000],23000,14000,45000,,2025-11-11T15:08:09Z,2018,2018-01-01,2018-12-31
2241812,TB_e_inc_num,COUNTRY,SUR,AMR,Americas,YEAR,2022,,,,,,,,,200 [160-240],200,160,240,,2025-11-11T15:08:09Z,2022,2022-01-01,2022-12-31
2241944,TB_e_inc_num,COUNTRY,AUT,EUR,Europe,YEAR,2021,,,,,,,,,450 [370-550],450,370,550,,2025-11-11T15:08:09Z,2021,2021-01-01,2021-12-31
2243618,TB_e_inc_num,WORLDBANKINCOMEGROUP,WB_HI,,,YEAR,2016,,,,,,,,,261 000 [217 000-309 000],261000,217000,309000,,2025-11-11T15:08:09Z,2016,2016-01-01,2016-12-31
2254947,TB_e_inc_num,COUNTRY,LCA,AMR,Americas,YEAR,2020,,,,,,,,,8 [7-10],8,7,10,,2025-11-11T15:08:09Z,2020,2020-01-01,2020-12-31
2256387,TB_e_inc_num,COUNTRY,SYR,EMR,Eastern Mediterranean,YEAR,2010,,,,,,,,,6800 [5500-8200],6800,5500,8200,,2025-11-11T15:08:09Z,2010,2010-01-01,2010-12-31
2262854,TB_e_inc_num,COUNTRY,KIR,WPR,Western Pacific,YEAR,2000,,,,,,,,,1100 [920-1400],1100,920,1400,,2025-11-11T15:08:09Z,2000,2000-01-01,2000-12-31
2262997,TB_e_inc_num,COUNTRY,DEU,EUR,Europe,YEAR,2016,,,,,,,,,6300 [5700-7000],6300,5700,7000,,2025-11-11T15:08:09Z,2016,2016-01-01,2016-12-31
2271984,TB_e_inc_num,COUNTRY,GBR,EUR,Europe,YEAR,2012,,,,,,,,,9300 [8600-10 000],9300,8600,10000,,2025-11-11T15:08:09Z,2012,2012-01-01,2012-12-31
2272559,TB_e_inc_num,COUNTRY,TCD,AFR,Africa,YEAR,2009,,,,,,,,,19 000 [10 000-43 000],19000,10000,43000,,2025-11-11T15:08:09Z,2009,2009-01-01,2009-12-31
2272928,TB_e_inc_num,COUNTRY,LSO,AFR,Africa,YEAR,2004,,,,,,,,,23 000 [9000-42 000],23000,9000,42000,,2025-11-11T15:08:09Z,2004,2004-01-01,2004-12-31
2275179,TB_e_inc_num,COUNTRY,MYS,WPR,Western Pacific,YEAR,2024,,,,,,,,,34 000 [28 000-41 000],34000,28000,41000,,2025-11-11T15:08:09Z,2024,2024-01-01,2024-12-31
2278712,TB_e_inc_num,COUNTRY,LVA,EUR,Europe,YEAR,2007,,,,,,,,,2300 [1800-2700],2300,1800,2700,,2025-11-11T15:08:09Z,2007,2007-01-01,2007-12-31
2280104,TB_e_inc_num,COUNTRY,GAB,AFR,Africa,YEAR,2012,,,,,,,,,8900 [5300-18 000],8900,5300,18000,,2025-11-11T15:08:09Z,2012,2012-01-01,2012-12-31
2281918,TB_e_inc_num,COUNTRY,MLT,EUR,Europe,YEAR,2015,,,,,,,,,32 [26-39],32,26,39,,2025-11-11T15:08:09Z,2015,2015-01-01,2015-12-31
2285339,TB_e_inc_num,COUNTRY,SGP,WPR,Western Pacific,YEAR,2007,,,,,,,,,2000 [1600-2400],2000,1600,2400,,2025-11-11T15:08:09Z,2007,2007-01-01,2007-12-31
2285364,TB_e_inc_num,COUNTRY,PNG,WPR,Western Pacific,YEAR,2018,,,,,,,,,57 000 [34 000-119 000],57000,34000,119000,,2025-11-11T15:08:09Z,2018,2018-01-01,2018-12-31
2287359,TB_e_inc_num,COUNTRY,YEM,EMR,Eastern Mediterranean,YEAR,2012,,,,,,,,,13 000 [11 000-16 000],13000,11000,16000,,2025-11-11T15:08:09Z,2012,2012-01-01,2012-12-31
2287692,TB_e_inc_num,COUNTRY,SWZ,AFR,Africa,YEAR,2015,,,,,,,,,7400 [3000-14 000],7400,3000,14000,,2025-11-11T15:08:09Z,2015,2015-01-01,2015-12-31
2288038,TB_e_inc_num,COUNTRY,COG,AFR,Africa,YEAR,2010,,,,,,,,,19 000 [11 000-41 000],19000,11000,41000,,2025-11-11T15:08:09Z,2010,2010-01-01,2010-12-31
2313578,TB_e_inc_num,COUNTRY,MOZ,AFR,Africa,YEAR,2006,,,,,,,,,72 000 [45 000-104 000],72000,45000,104000,,2025-11-11T15:08:09Z,2006,2006-01-01,2006-12-31
2324439,TB_e_inc_num,COUNTRY,BGD,SEAR,South-East Asia,YEAR,2007,,,,,,,,,327 000 [238 000-430 000],327000,238000,430000,,2025-11-11T15:08:09Z,2007,2007-01-01,2007-12-31
2330123,TB_e_inc_num,COUNTRY,JOR,EMR,Eastern Mediterranean,YEAR,2004,,,,,,,,,510 [410-610],510,410,610,,2025-11-11T15:08:09Z,2004,2004-01-01,2004-12-31
2332529,TB_e_inc_num,COUNTRY,KNA,AMR,Americas,YEAR,2018,,,,,,,,,0 [0-0],0,0,0,,2025-11-11T15:08:09Z,2018,2018-01-01,2018-12-31
2337462,TB_e_inc_num,COUNTRY,SRB,EUR,Europe,YEAR,2005,,,,,,,,,5200 [4300-6300],5200,4300,6300,,2025-11-11T15:08:09Z,2005,2005-01-01,2005-12-31
2337654,TB_e_inc_num,COUNTRY,CIV,AFR,Africa,YEAR,2002,,,,,,,,,36 000 [19 000-87 000],36000,19000,87000,,2025-11-11T15:08:09Z,2002,2002-01-01,2002-12-31
2338975,TB_e_inc_num,COUNTRY,BEN,AFR,Africa,YEAR,2011,,,,,,,,,7600 [4400-16 000],7600,4400,16000,,2025-11-11T15:08:09Z,2011,2011-01-01,2011-12-31
2349913,TB_e_inc_num,COUNTRY,HTI,AMR,Americas,YEAR,2000,,,,,,,,,48 000 [39 000-58 000],48000,39000,58000,,2025-11-11T15:08:09Z,2000,2000-01-01,2000-12-31
2356921,TB_e_inc_num,COUNTRY,MOZ,AFR,Africa,YEAR,2019,,,,,,,,,108 000 [67 000-159 000],108000,67000,159000,,2025-11-11T15:08:09Z,2019,2019-01-01,2019-12-31
2361911,TB_e_inc_num,COUNTRY,SOM,EMR,Eastern Mediterranean,YEAR,2005,,,,,,,,,34 000 [15 000-186 000],34000,15000,186000,,2025-11-11T15:08:09Z,2005,2005-01-01,2005-12-31
2361942,TB_e_inc_num,COUNTRY,CAF,AFR,Africa,YEAR,2002,,,,,,,,,26 000 [16 000-49 000],26000,16000,49000,,2025-11-11T15:08:09Z,2002,2002-01-01,2002-12-31
2364551,TB_e_inc_num,COUNTRY,GAB,AFR,Africa,YEAR,2023,,,,,,,,,9400 [5800-18 000],9400,5800,18000,,2025-11-11T15:08:09Z,2023,2023-01-01,2023-12-31
2367519,TB_e_inc_num,COUNTRY,ECU,AMR,Americas,YEAR,2001,,,,,,,,,13 000 [11 000-16 000],13000,11000,16000,,2025-11-11T15:08:09Z,2001,2001-01-01,2001-12-31
2368820,TB_e_inc_num,COUNTRY,SMR,EUR,Europe,YEAR,2000,,,,,,,,,1 [1-1],1,1,1,,2025-11-11T15:08:09Z,2000,2000-01-01,2000-12-31
2377241,TB_e_inc_num,COUNTRY,VCT,AMR,Americas,YEAR,2019,,,,,,,,,4 [3-5],4,3,5,,2025-11-11T15:08:09Z,2019,2019-01-01,2019-12-31
2383711,TB_e_inc_num,COUNTRY,CAN,AMR,Americas,YEAR,2005,,,,,,,,,2000 [1700-2400],2000,1700,2400,,2025-11-11T15:08:09Z,2005,2005-01-01,2005-12-31
2386843,TB_e_inc_num,COUNTRY,BGD,SEAR,South-East Asia,YEAR,2000,,,,,,,,,298 000 [217 000-391 000],298000,217000,391000,,2025-11-11T15:08:09Z,2000,2000-01-01,2000-12-31
2389467,TB_e_inc_num,COUNTRY,UGA,AFR,Africa,YEAR,2013,,,,,,,,,72 000 [47 000-102 000],72000,47000,102000,,2025-11-11T15:08:09Z,2013,2013-01-01,2013-12-31
2389726,TB_e_inc_num,COUNTRY,CHE,EUR,Europe,YEAR,2005,,,,,,,,,660 [540-790],660,540,790,,2025-11-11T15:08:09Z,2005,2005-01-01,2005-12-31
2394101,TB_e_inc_num,COUNTRY,SYR,EMR,Eastern Mediterranean,YEAR,2018,,,,,,,,,4400 [3600-5300],4400,3600,5300,,2025-11-11T15:08:09Z,2018,2018-01-01,2018-12-31
2402411,TB_e_inc_num,COUNTRY,NGA,AFR,Africa,YEAR,2016,,,,,,,,,428 000 [279 000-608 000],428000,279000,608000,,2025-11-11T15:08:09Z,2016,2016-01-01,2016-12-31
2406996,TB_e_inc_num,COUNTRY,CHL,AMR,Americas,YEAR,2014,,,,,,,,,3100 [2500-3700],3100,2500,3700,,2025-11-11T15:08:09Z,2014,2014-01-01,2014-12-31
2408124,TB_e_inc_num,COUNTRY,PAK,EMR,Eastern Mediterranean,YEAR,2018,,,,,,,,,601 000 [425 000-807 000],601000,425000,807000,,2025-11-11T15:08:09Z,2018,2018-01-01,2018-12-31
2421505,TB_e_inc_num,COUNTRY,SDN,EMR,Eastern Mediterranean,YEAR,2000,,,,,,,,,50 000 [9400-124 000],50000,9400,124000,,2025-11-11T15:08:09Z,2000,2000-01-01,2000-12-31
2433229,TB_e_inc_num,COUNTRY,SEN,AFR,Africa,YEAR,2010,,,,,,,,,23 000 [13 000-48 000],23000,13000,48000,,2025-11-11T15:08:09Z,2010,2010-01-01,2010-12-31
2439820,TB_e_inc_num,COUNTRY,TCD,AFR,Africa,YEAR,2024,,,,,,,,,24 000 [15 000-45 000],24000,15000,45000,,2025-11-11T15:08:09Z,2024,2024-01-01,2024-12-31
2449640,TB_e_inc_num,COUNTRY,MDV,SEAR,South-East Asia,YEAR,2021,,,,,,,,,140 [110-170],140,110,170,,2025-11-11T15:08:09Z,2021,2021-01-01,2021-12-31
2462371,TB_e_inc_num,COUNTRY,LBR,AFR,Africa,YEAR,2011,,,,,,,,,14 000 [8000-30 000],14000,8000,30000,,2025-11-11T15:08:09Z,2011,2011-01-01,2011-12-31
2463045,TB_e_inc_num,COUNTRY,ALB,EUR,Europe,YEAR,2014,,,,,,,,,460 [370-550],460,370,550,,2025-11-11T15:08:09Z,2014,2014-01-01,2014-12-31
2464827,TB_e_inc_num,COUNTRY,MNG,WPR,Western Pacific,YEAR,2018,,,,,,,,,14 000 [7000-22 000],14000,7000,22000,,2025-11-11T15:08:09Z,2018,2018-01-01,2018-12-31
2468688,TB_e_inc_num,COUNTRY,MYS,WPR,Western Pacific,YEAR,2018,,,,,,,,,33 000 [27 000-40 000],33000,27000,40000,,2025-11-11T15:08:09Z,2018,2018-01-01,2018-12-31
2471022,TB_e_inc_num,COUNTRY,SAU,EMR,Eastern Mediterranean,YEAR,2020,,,,,,,,,2700 [2400-3000],2700,2400,3000,,2025-11-11T15:08:09Z,2020,2020-01-01,2020-12-31
2475166,TB_e_inc_num,COUNTRY,ESP,EUR,Europe,YEAR,2000,,,,,,,,,12 000 [9900-15 000],12000,9900,15000,,2025-11-11T15:08:09Z,2000,2000-01-01,2000-12-31
2478056,TB_e_inc_num,COUNTRY,SVN,EUR,Europe,YEAR,2007,,,,,,,,,300 [240-360],300,240,360,,2025-11-11T15:08:09Z,2007,2007-01-01,2007-12-31
2483192,TB_e_inc_num,REGION,SEAR,,,YEAR,2011,,,,,,,,,4 320 000 [2 610 000-6 450 000],4320000,2610000,6450000,,2025-11-11T15:08:09Z,2011,2011-01-01,2011-12-31
2488385,TB_e_inc_num,COUNTRY,VCT,AMR,Americas,YEAR,2011,,,,,,,,,17 [14-20],17,14,20,,2025-11-11T15:08:09Z,2011,2011-01-01,2011-12-31
2489256,TB_e_inc_num,COUNTRY,LCA,AMR,Americas,YEAR,2008,,,,,,,,,21 [17-25],21,17,25,,2025-11-11T15:08:09Z,2008,2008-01-01,2008-12-31
2489674,TB_e_inc_num,COUNTRY,COG,AFR,Africa,YEAR,2022,,,,,,,,,18 000 [11 000-34 000],18000,11000,34000,,2025-11-11T15:08:09Z,2022,2022-01-01,2022-12-31
2493596,TB_e_inc_num,COUNTRY,RUS,EUR,Europe,YEAR,2020,,,,,,,,,71 000 [45 000-102 000],71000,45000,102000,,2025-11-11T15:08:09Z,2020,2020-01-01,2020-12-31
2502189,TB_e_inc_num,COUNTRY,PER,AMR,Americas,YEAR,2006,,,,,,,,,62 000 [50 000-74 000],62000,50000,74000,,2025-11-11T15:08:09Z,2006,2006-01-01,2006-12-31
2506243,TB_e_inc_num,COUNTRY,PRY,AMR,Americas,YEAR,2020,,,,,,,,,3300 [2700-4000],3300,2700,4000,,2025-11-11T15:08:09Z,2020,2020-01-01,2020-12-31
2507351,TB_e_inc_num,COUNTRY,JAM,AMR,Americas,YEAR,2023,,,,,,,,,120 [98-150],120,98,150,,2025-11-11T15:08:09Z,2023,2023-01-01,2023-12-31
2508046,TB_e_inc_num,REGION,AMR,,,YEAR,2004,,,,,,,,,396 000 [369 000-424 000],396000,369000,424000,,2025-11-11T15:08:09Z,2004,2004-01-01,2004-12-31
2508612,TB_e_inc_num,COUNTRY,MDG,AFR,Africa,YEAR,2022,,,,,,,,,66 000 [41 000-125 000],66000,41000,125000,,2025-11-11T15:08:09Z,2022,2022-01-01,2022-12-31
2525944,TB_e_inc_num,COUNTRY,BEN,AFR,Africa,YEAR,2007,,,,,,,,,7500 [4200-17 000],7500,4200,17000,,2025-11-11T15:08:09Z,2007,2007-01-01,2007-12-31
2528386,TB_e_inc_num,COUNTRY,CPV,AFR,Africa,YEAR,2022,,,,,,,,,200 [170-250],200,170,250,,2025-11-11T15:08:09Z,2022,2022-01-01,2022-12-31
2531798,TB_e_inc_num,COUNTRY,ALB,EUR,Europe,YEAR,2005,,,,,,,,,570 [460-690],570,460,690,,2025-11-11T15:08:09Z,2005,2005-01-01,2005-12-31
2532273,TB_e_inc_num,COUNTRY,MLT,EUR,Europe,YEAR,2009,,,,,,,,,42 [34-51],42,34,51,,2025-11-11T15:08:09Z,2009,2009-01-01,2009-12-31
2532966,TB_e_inc_num,COUNTRY,ITA,EUR,Europe,YEAR,2006,,,,,,,,,5500 [4400-6600],5500,4400,6600,,2025-11-11T15:08:09Z,2006,2006-01-01,2006-12-31
2533566,TB_e_inc_num,COUNTRY,CPV,AFR,Africa,YEAR,2010,,,,,,,,,590 [480-720],590,480,720,,2025-11-11T15:08:09Z,2010,2010-01-01,2010-12-31
2538017,TB_e_inc_num,COUNTRY,FSM,WPR,Western Pacific,YEAR,2002,,,,,,,,,420 [340-500],420,340,500,,2025-11-11T15:08:09Z,2002,2002-01-01,2002-12-31
2538257,TB_e_inc_num,COUNTRY,MNE,EUR,Europe,YEAR,2014,,,,,,,,,170 [140-200],170,140,200,,2025-11-11T15:08:09Z,2014,2014-01-01,2014-12-31
2541266,TB_e_inc_num,COUNTRY,BLR,EUR,Europe,YEAR,2012,,,,,,,,,6900 [5600-8300],6900,5600,8300,,2025-11-11T15:08:09Z,2012,2012-01-01,2012-12-31
2541330,TB_e_inc_num,COUNTRY,HUN,EUR,Europe,YEAR,2023,,,,,,,,,630 [510-760],630,510,760,,2025-11-11T15:08:09Z,2023,2023-01-01,2023-12-31
2544976,TB_e_inc_num,COUNTRY,CAF,AFR,Africa,YEAR,2019,,,,,,,,,23 000 [14 000-43 000],23000,14000,43000,,2025-11-11T15:08:09Z,2019,2019-01-01,2019-12-31
2546644,TB_e_inc_num,COUNTRY,CYP,EUR,Europe,YEAR,2001,,,,,,,,,86 [70-100],86,70,100,,2025-11-11T15:08:09Z,2001,2001-01-01,2001-12-31
2552366,TB_e_inc_num,COUNTRY,RWA,AFR,Africa,YEAR,2009,,,,,,,,,9000 [6700-12 000],9000,6700,12000,,2025-11-11T15:08:09Z,2009,2009-01-01,2009-12-31
2553822,TB_e_inc_num,COUNTRY,LUX,EUR,Europe,YEAR,2000,,,,,,,,,61 [50-74],61,50,74,,2025-11-11T15:08:09Z,2000,2000-01-01,2000-12-31
2553949,TB_e_inc_num,WORLDBANKINCOMEGROUP,WB_LI,,,YEAR,2021,,,,,,,,,1 190 000 [931 000-1 490 000],1190000,931000,1490000,,2025-11-11T15:08:09Z,2021,2021-01-01,2021-12-31
2557765,TB_e_inc_num,COUNTRY,UZB,EUR,Europe,YEAR,2000,,,,,,,,,39 000 [31 000-47 000],39000,31000,47000,,2025-11-11T15:08:09Z,2000,2000-01-01,2000-12-31
2559124,TB_e_inc_num,COUNTRY,SGP,WPR,Western Pacific,YEAR,2014,,,,,,,,,2600 [2100-3100],2600,2100,3100,,2025-11-11T15:08:09Z,2014,2014-01-01,2014-12-31
2566408,TB_e_inc_num,COUNTRY,MNE,EUR,Europe,YEAR,2023,,,,,,,,,110 [84-130],110,84,130,,2025-11-11T15:08:09Z,2023,2023-01-01,2023-12-31
2570281,TB_e_inc_num,COUNTRY,NZL,WPR,Western Pacific,YEAR,2005,,,,,,,,,420 [340-510],420,340,510,,2025-11-11T15:08:09Z,2005,2005-01-01,2005-12-31
2573424,TB_e_inc_num,COUNTRY,LBR,AFR,Africa,YEAR,2016,,,,,,,,,13 000 [7900-27 000],13000,7900,27000,,2025-11-11T15:08:09Z,2016,2016-01-01,2016-12-31
2579560,TB_e_inc_num,COUNTRY,LSO,AFR,Africa,YEAR,2020,,,,,,,,,13 000 [8200-20 000],13000,8200,20000,,2025-11-11T15:08:09Z,2020,2020-01-01,2020-12-31
2583514,TB_e_inc_num,COUNTRY,UZB,EUR,Europe,YEAR,2015,,,,,,,,,24 000 [20 000-29 000],24000,20000,29000,,2025-11-11T15:08:09Z,2015,2015-01-01,2015-12-31
2588805,TB_e_inc_num,COUNTRY,BGR,EUR,Europe,YEAR,2024,,,,,,,,,830 [680-1000],830,680,1000,,2025-11-11T15:08:09Z,2024,2024-01-01,2024-12-31
2591036,TB_e_inc_num,COUNTRY,SLE,AFR,Africa,YEAR,2002,,,,,,,,,29 000 [18 000-56 000],29000,18000,56000,,2025-11-11T15:08:09Z,2002,2002-01-01,2002-12-31
2591841,TB_e_inc_num,COUNTRY,BDI,AFR,Africa,YEAR,2012,,,,,,,,,14 000 [8300-30 000],14000,8300,30000,,2025-11-11T15:08:09Z,2012,2012-01-01,2012-12-31
2592004,TB_e_inc_num,COUNTRY,SGP,WPR,Western Pacific,YEAR,2021,,,,,,,,,2800 [2300-3300],2800,2300,3300,,2025-11-11T15:08:09Z,2021,2021-01-01,2021-12-31
2598105,TB_e_inc_num,COUNTRY,ERI,AFR,Africa,YEAR,2016,,,,,,,,,5100 [4200-6200],5100,4200,6200,,2025-11-11T15:08:09Z,2016,2016-01-01,2016-12-31
2603627,TB_e_inc_num,COUNTRY,STP,AFR,Africa,YEAR,2001,,,,,,,,,350 [290-430],350,290,430,,2025-11-11T15:08:09Z,2001,2001-01-01,2001-12-31
2604126,TB_e_inc_num,COUNTRY,IRL,EUR,Europe,YEAR,2006,,,,,,,,,590 [480-710],590,480,710,,2025-11-11T15:08:09Z,2006,2006-01-01,2006-12-31
2610733,TB_e_inc_num,COUNTRY,ISL,EUR,Europe,YEAR,2023,,,,,,,,,14 [11-17],14,11,17,,2025-11-11T15:08:09Z,2023,2023-01-01,2023-12-31
2615098,TB_e_inc_num,COUNTRY,SMR,EUR,Europe,YEAR,2007,,,,,,,,,0 [0-0],0,0,0,,2025-11-11T15:08:09Z,2007,2007-01-01,2007-12-31
2620638,TB_e_inc_num,COUNTRY,GTM,AMR,Americas,YEAR,2023,,,,,,,,,5300 [4300-6400],5300,4300,6400,,2025-11-11T15:08:09Z,2023,2023-01-01,2023-12-31
2621766,TB_e_inc_num,COUNTRY,CHL,AMR,Americas,YEAR,2004,,,,,,,,,3900 [3200-4700],3900,3200,4700,,2025-11-11T15:08:09Z,2004,2004-01-01,2004-12-31
2623867,TB_e_inc_num,COUNTRY,SLE,AFR,Africa,YEAR,2021,,,,,,,,,32 000 [20 000-62 000],32000,20000,62000,,2025-11-11T15:08:09Z,2021,2021-01-01,2021-12-31
2641373,TB_e_inc_num,COUNTRY,CYP,EUR,Europe,YEAR,2021,,,,,,,,,59 [48-71],59,48,71,,2025-11-11T15:08:09Z,2021,2021-01-01,2021-12-31
2641381,TB_e_inc_num,COUNTRY,HRV,EUR,Europe,YEAR,2024,,,,,,,,,260 [210-310],260,210,310,,2025-11-11T15:08:09Z,2024,2024-01-01,2024-12-31
2645924,TB_e_inc_num,COUNTRY,BGR,EUR,Europe,YEAR,2006,,,,,,,,,5500 [4500-6600],5500,4500,6600,,2025-11-11T15:08:09Z,2006,2006-01-01,2006-12-31
2647546,TB_e_inc_num,COUNTRY,COM,AFR,Africa,YEAR,2004,,,,,,,,,260 [150-560],260,150,560,,2025-11-11T15:08:09Z,2004,2004-01-01,2004-12-31
2654259,TB_e_inc_num,COUNTRY,GEO,EUR,Europe,YEAR,2013,,,,,,,,,5400 [4400-6600],5400,4400,6600,,2025-11-11T15:08:09Z,2013,2013-01-01,2013-12-31
2658399,TB_e_inc_num,COUNTRY,MDA,EUR,Europe,YEAR,2023,,,,,,,,,2100 [1700-2600],2100,1700,2600,,2025-11-11T15:08:09Z,2023,2023-01-01,2023-12-31
2658924,TB_e_inc_num,COUNTRY,ECU,AMR,Americas,YEAR,2015,,,,,,,,,6800 [5500-8200],6800,5500,8200,,2025-11-11T15:08:09Z,2015,2015-01-01,2015-12-31
2665017,TB_e_inc_num,COUNTRY,UZB,EUR,Europe,YEAR,2004,,,,,,,,,43 000 [35 000-52 000],43000,35000,52000,,2025-11-11T15:08:09Z,2004,2004-01-01,2004-12-31
2665950,TB_e_inc_num,COUNTRY,MAR,EMR,Eastern Mediterranean,YEAR,2022,,,,,,,,,34 000 [28 000-41 000],34000,28000,41000,,2025-11-11T15:08:09Z,2022,2022-01-01,2022-12-31
2671840,TB_e_inc_num,COUNTRY,BWA,AFR,Africa,YEAR,2016,,,,,,,,,9000 [5500-18 000],9000,5500,18000,,2025-11-11T15:08:09Z,2016,2016-01-01,2016-12-31
2672424,TB_e_inc_num,COUNTRY,MYS,WPR,Western Pacific,YEAR,2013,,,,,,,,,34 000 [27 000-41 000],34000,27000,41000,,2025-11-11T15:08:09Z,2013,2013-01-01,2013-12-31
2672557,TB_e_inc_num,COUNTRY,BDI,AFR,Africa,YEAR,2016,,,,,,,,,13 000 [7900-26 000],13000,7900,26000,,2025-11-11T15:08:09Z,2016,2016-01-01,2016-12-31
2679848,TB_e_inc_num,COUNTRY,IRL,EUR,Europe,YEAR,2017,,,,,,,,,370 [300-450],370,300,450,,2025-11-11T15:08:09Z,2017,2017-01-01,2017-12-31
2690851,TB_e_inc_num,COUNTRY,ZAF,AFR,Africa,YEAR,2016,,,,,,,,,461 000 [283 000-681 000],461000,283000,681000,,2025-11-11T15:08:09Z,2016,2016-01-01,2016-12-31
2692152,TB_e_inc_num,COUNTRY,EGY,EMR,Eastern Mediterranean,YEAR,2013,,,,,,,,,13 000 [10 000-16 000],13000,10000,16000,,2025-11-11T15:08:09Z,2013,2013-01-01,2013-12-31
2695601,TB_e_inc_num,COUNTRY,ATG,AMR,Americas,YEAR,2015,,,,,,,,,3 [3-4],3,3,4,,2025-11-11T15:08:09Z,2015,2015-01-01,2015-12-31
2696567,TB_e_inc_num,COUNTRY,PRY,AMR,Americas,YEAR,2011,,,,,,,,,3600 [3000-4400],3600,3000,4400,,2025-11-11T15:08:09Z,2011,2011-01-01,2011-12-31
2696628,TB_e_inc_num,COUNTRY,CIV,AFR,Africa,YEAR,2021,,,,,,,,,33 000 [20 000-63 000],33000,20000,63000,,2025-11-11T15:08:09Z,2021,2021-01-01,2021-12-31
2696650,TB_e_inc_num,COUNTRY,NLD,EUR,Europe,YEAR,2004,,,,,,,,,1500 [1300-1700],1500,1300,1700,,2025-11-11T15:08:09Z,2004,2004-01-01,2004-12-31
2703157,TB_e_inc_num,COUNTRY,BGR,EUR,Europe,YEAR,2016,,,,,,,,,2200 [1800-2600],2200,1800,2600,,2025-11-11T15:08:09Z,2016,2016-01-01,2016-12-31
2704229,TB_e_inc_num,COUNTRY,PER,AMR,Americas,YEAR,2010,,,,,,,,,46 000 [38 000-56 000],46000,38000,56000,,2025-11-11T15:08:09Z,2010,2010-01-01,2010-12-31
2704662,TB_e_inc_num,COUNTRY,ARM,EUR,Europe,YEAR,2011,,,,,,,,,2200 [1800-2600],2200,1800,2600,,2025-11-11T15:08:09Z,2011,2011-01-01,2011-12-31
2704722,TB_e_inc_num,COUNTRY,PRI,AMR,Americas,YEAR,2018,,,,,,,,,33 [27-40],33,27,40,,2025-11-11T15:08:09Z,2018,2018-01-01,2018-12-31
2705101,TB_e_inc_num,COUNTRY,TJK,EUR,Europe,YEAR,2009,,,,,,,,,14 000 [11 000-16 000],14000,11000,16000,,2025-11-11T15:08:09Z,2009,2009-01-01,2009-12-31
2705502,TB_e_inc_num,COUNTRY,CUB,AMR,Americas,YEAR,2007,,,,,,,,,1100 [900-1300],1100,900,1300,,2025-11-11T15:08:09Z,2007,2007-01-01,2007-12-31
2708363,TB_e_inc_num,COUNTRY,MLT,EUR,Europe,YEAR,2022,,,,,,,,,60 [49-72],60,49,72,,2025-11-11T15:08:09Z,2022,2022-01-01,2022-12-31
2710860,TB_e_inc_num,COUNTRY,RUS,EUR,Europe,YEAR,2016,,,,,,,,,92 000 [52 000-142 000],92000,52000,142000,,2025-11-11T15:08:09Z,2016,2016-01-01,2016-12-31
2711601,TB_e_inc_num,COUNTRY,IND,SEAR,South-East Asia,YEAR,2018,,,,,,,,,2 860 000 [2 550 000-3 200 000],2860000,2550000,3200000,,2025-11-11T15:08:09Z,2018,2018-01-01,2018-12-31
2718465,TB_e_inc_num,COUNTRY,DEU,EUR,Europe,YEAR,2006,,,,,,,,,5700 [5100-6200],5700,5100,6200,,2025-11-11T15:08:09Z,2006,2006-01-01,2006-12-31
2721060,TB_e_inc_num,COUNTRY,PRY,AMR,Americas,YEAR,2022,,,,,,,,,4500 [3700-5500],4500,3700,5500,,2025-11-11T15:08:09Z,2022,2022-01-01,2022-12-31
2730617,TB_e_inc_num,COUNTRY,MAC,,,YEAR,2020,,,,,,,,,560 [460-680],560,460,680,,2025-11-11T15:08:09Z,2020,2020-01-01,2020-12-31
2740994,TB_e_inc_num,COUNTRY,TKM,EUR,Europe,YEAR,2011,,,,,,,,,4200 [3400-5000],4200,3400,5000,,2025-11-11T15:08:09Z,2011,2011-01-01,2011-12-31
2741046,TB_e_inc_num,COUNTRY,JOR,EMR,Eastern Mediterranean,YEAR,2022,,,,,,,,,480 [390-570],480,390,570,,2025-11-11T15:08:09Z,2022,2022-01-01,2022-12-31
2742270,TB_e_inc_num,COUNTRY,QAT,EMR,Eastern Mediterranean,YEAR,2003,,,,,,,,,620 [510-750],620,510,750,,2025-11-11T15:08:09Z,2003,2003-01-01,2003-12-31
2753804,TB_e_inc_num,COUNTRY,HND,AMR,Americas,YEAR,2009,,,,,,,,,5400 [4400-6500],5400,4400,6500,,2025-11-11T15:08:09Z,2009,2009-01-01,2009-12-31
2753822,TB_e_inc_num,COUNTRY,MUS,AFR,Africa,YEAR,2017,,,,,,,,,180 [150-220],180,150,220,,2025-11-11T15:08:09Z,2017,2017-01-01,2017-12-31
2754701,TB_e_inc_num,COUNTRY,CMR,AFR,Africa,YEAR,2009,,,,,,,,,53 000 [31 000-113 000],53000,31000,113000,,2025-11-11T15:08:09Z,2009,2009-01-01,2009-12-31
2755364,TB_e_inc_num,COUNTRY,HND,AMR,Americas,YEAR,2020,,,,,,,,,3800 [3100-4600],3800,3100,4600,,2025-11-11T15:08:09Z,2020,2020-01-01,2020-12-31
2756442,TB_e_inc_num,COUNTRY,ISL,EUR,Europe,YEAR,2005,,,,,,,,,10 [8-12],10,8,12,,2025-11-11T15:08:09Z,2005,2005-01-01,2005-12-31
2759844,TB_e_inc_num,COUNTRY,WSM,WPR,Western Pacific,YEAR,2021,,,,,,,,,13 [11-16],13,11,16,,2025-11-11T15:08:09Z,2021,2021-01-01,2021-12-31
2767112,TB_e_inc_num,COUNTRY,BIH,EUR,Europe,YEAR,2000,,,,,,,,,6600 [5400-7900],6600,5400,7900,,2025-11-11T15:08:09Z,2000,2000-01-01,2000-12-31
2767924,TB_e_inc_num,COUNTRY,SYC,AFR,Africa,YEAR,2021,,,,,,,,,11 [9-13],11,9,13,,2025-11-11T15:08:09Z,2021,2021-01-01,2021-12-31
2768132,TB_e_inc_num,COUNTRY,IRL,EUR,Europe,YEAR,2003,,,,,,,,,560 [450-670],560,450,670,,2025-11-11T15:08:09Z,2003,2003-01-01,2003-12-31
2768733,TB_e_inc_num,COUNTRY,MAR,EMR,Eastern Mediterranean,YEAR,2020,,,,,,,,,33 000 [27 000-39 000],33000,27000,39000,,2025-11-11T15:08:09Z,2020,2020-01-01,2020-12-31
2779709,TB_e_inc_num,COUNTRY,CRI,AMR,Americas,YEAR,2007,,,,,,,,,790 [640-950],790,640,950,,2025-11-11T15:08:09Z,2007,2007-01-01,2007-12-31
2780430,TB_e_inc_num,COUNTRY,IRN,EMR,Eastern Mediterranean,YEAR,2020,,,,,,,,,11 000 [9100-14 000],11000,9100,14000,,2025-11-11T15:08:09Z,2020,2020-01-01,2020-12-31
2781196,TB_e_inc_num,COUNTRY,LBN,EMR,Eastern Mediterranean,YEAR,2019,,,,,,,,,1000 [840-1300],1000,840,1300,,2025-11-11T15:08:09Z,2019,2019-01-01,2019-12-31
2785184,TB_e_inc_num,COUNTRY,ITA,EUR,Europe,YEAR,2011,,,,,,,,,4300 [3500-5200],4300,3500,5200,,2025-11-11T15:08:09Z,2011,2011-01-01,2011-12-31
2786029,TB_e_inc_num,COUNTRY,BEL,EUR,Europe,YEAR,2007,,,,,,,,,1200 [960-1400],1200,960,1400,,2025-11-11T15:08:09Z,2007,2007-01-01,2007-12-31
2786819,TB_e_inc_num,COUNTRY,NAM,AFR,Africa,YEAR,2011,,,,,,,,,17 000 [9700-28 000],17000,9700,28000,,2025-11-11T15:08:09Z,2011,2011-01-01,2011-12-31
2787781,TB_e_inc_num,COUNTRY,NPL,SEAR,South-East Asia,YEAR,2023,,,,,,,,,69 000 [39 000-105 000],69000,39000,105000,,2025-11-11T15:08:09Z,2023,2023-01-01,2023-12-31
2794544,TB_e_inc_num,COUNTRY,GIN,AFR,Africa,YEAR,2011,,,,,,,,,20 000 [11 000-44 000],20000,11000,44000,,2025-11-11T15:08:09Z,2011,2011-01-01,2011-12-31
2800127,TB_e_inc_num,COUNTRY,IRQ,EMR,Eastern Mediterranean,YEAR,2020,,,,,,,,,7600 [6100-9200],7600,6100,9200,,2025-11-11T15:08:09Z,2020,2020-01-01,2020-12-31
2800206,TB_e_inc_num,COUNTRY,PER,AMR,Americas,YEAR,2022,,,,,,,,,50 000 [38 000-72 000],50000,38000,72000,,2025-11-11T15:08:09Z,2022,2022-01-01,2022-12-31
2804496,TB_e_inc_num,COUNTRY,SRB,EUR,Europe,YEAR,2012,,,,,,,,,2900 [2300-3500],2900,2300,3500,,2025-11-11T15:08:09Z,2012,2012-01-01,2012-12-31
2809799,TB_e_inc_num,COUNTRY,OMN,EMR,Eastern Mediterranean,YEAR,2010,,,,,,,,,480 [390-570],480,390,570,,2025-11-11T15:08:09Z,2010,2010-01-01,2010-12-31
2810668,TB_e_inc_num,COUNTRY,TUN,EMR,Eastern Mediterranean,YEAR,2003,,,,,,,,,4200 [3400-5100],4200,3400,5100,,2025-11-11T15:08:09Z,2003,2003-01-01,2003-12-31
2811323,TB_e_inc_num,COUNTRY,BOL,AMR,Americas,YEAR,2001,,,,,,,,,33 000 [27 000-40 000],33000,27000,40000,,2025-11-11T15:08:09Z,2001,2001-01-01,2001-12-31
2813453,TB_e_inc_num,COUNTRY,KAZ,EUR,Europe,YEAR,2014,,,,,,,,,15 000 [13 000-19 000],15000,13000,19000,,2025-11-11T15:08:09Z,2014,2014-01-01,2014-12-31
2822624,TB_e_inc_num,COUNTRY,EST,EUR,Europe,YEAR,2021,,,,,,,,,140 [110-160],140,110,160,,2025-11-11T15:08:09Z,2021,2021-01-01,2021-12-31
2823029,TB_e_inc_num,WORLDBANKINCOMEGROUP,WB_LI,,,YEAR,2004,,,,,,,,,1 010 000 [784 000-1 260 000],1010000,784000,1260000,,2025-11-11T15:08:09Z,2004,2004-01-01,2004-12-31
2826269,TB_e_inc_num,COUNTRY,BRN,WPR,Western Pacific,YEAR,2022,,,,,,,,,280 [230-340],280,230,340,,2025-11-11T15:08:09Z,2022,2022-01-01,2022-12-31
2848638,TB_e_inc_num,COUNTRY,PLW,WPR,Western Pacific,YEAR,2021,,,,,,,,,8 [7-10],8,7,10,,2025-11-11T15:08:09Z,2021,2021-01-01,2021-12-31
2849279,TB_e_inc_num,COUNTRY,LUX,EUR,Europe,YEAR,2006,,,,,,,,,44 [36-53],44,36,53,,2025-11-11T15:08:09Z,2006,2006-01-01,2006-12-31
2849350,TB_e_inc_num,COUNTRY,PHL,WPR,Western Pacific,YEAR,2011,,,,,,,,,526 000 [295 000-822 000],526000,295000,822000,,2025-11-11T15:08:09Z,2011,2011-01-01,2011-12-31
2854666,TB_e_inc_num,COUNTRY,DZA,AFR,Africa,YEAR,2003,,,,,,,,,36 000 [29 000-43 000],36000,29000,43000,,2025-11-11T15:08:09Z,2003,2003-01-01,2003-12-31
2855771,TB_e_inc_num,COUNTRY,DOM,AMR,Americas,YEAR,2009,,,,,,,,,6800 [5500-8100],6800,5500,8100,,2025-11-11T15:08:09Z,2009,2009-01-01,2009-12-31
2857028,TB_e_inc_num,COUNTRY,AGO,AFR,Africa,YEAR,2013,,,,,,,,,119 000 [69 000-252 000],119000,69000,252000,,2025-11-11T15:08:09Z,2013,2013-01-01,2013-12-31
2861247,TB_e_inc_num,COUNTRY,SVN,EUR,Europe,YEAR,2006,,,,,,,,,290 [240-350],290,240,350,,2025-11-11T15:08:09Z,2006,2006-01-01,2006-12-31
2861836,TB_e_inc_num,COUNTRY,JPN,WPR,Western Pacific,YEAR,2013,,,,,,,,,25 000 [20 000-30 000],25000,20000,30000,,2025-11-11T15:08:09Z,2013,2013-01-01,2013-12-31
2868355,TB_e_inc_num,COUNTRY,COK,WPR,Western Pacific,YEAR,2020,,,,,,,,,1 [1-1],1,1,1,,2025-11-11T15:08:09Z,2020,2020-01-01,2020-12-31
2873559,TB_e_inc_num,COUNTRY,URY,AMR,Americas,YEAR,2008,,,,,,,,,960 [780-1200],960,780,1200,,2025-11-11T15:08:09Z,2008,2008-01-01,2008-12-31
2873797,TB_e_inc_num,COUNTRY,SOM,EMR,Eastern Mediterranean,YEAR,2018,,,,,,,,,28 000 [17 000-54 000],28000,17000,54000,,2025-11-11T15:08:09Z,2018,2018-01-01,2018-12-31
2874836,TB_e_inc_num,COUNTRY,WSM,WPR,Western Pacific,YEAR,2006,,,,,,,,,25 [20-30],25,20,30,,2025-11-11T15:08:09Z,2006,2006-01-01,2006-12-31
2876824,TB_e_inc_num,COUNTRY,MDV,SEAR,South-East Asia,YEAR,2015,,,,,,,,,240 [200-290],240,200,290,,2025-11-11T15:08:09Z,2015,2015-01-01,2015-12-31
2877070,TB_e_inc_num,COUNTRY,SVK,EUR,Europe,YEAR,2013,,,,,,,,,510 [420-620],510,420,620,,2025-11-11T15:08:09Z,2013,2013-01-01,2013-12-31
2881334,TB_e_inc_num,COUNTRY,KNA,AMR,Americas,YEAR,2002,,,,,,,,,3 [2-4],3,2,4,,2025-11-11T15:08:09Z,2002,2002-01-01,2002-12-31
2888588,TB_e_inc_num,COUNTRY,NOR,EUR,Europe,YEAR,2008,,,,,,,,,360 [290-430],360,290,430,,2025-11-11T15:08:09Z,2008,2008-01-01,2008-12-31
2893137,TB_e_inc_num,COUNTRY,URY,AMR,Americas,YEAR,2011,,,,,,,,,1100 [880-1300],1100,880,1300,,2025-11-11T15:08:09Z,2011,2011-01-01,2011-12-31
2893908,TB_e_inc_num,COUNTRY,GIN,AFR,Africa,YEAR,2008,,,,,,,,,18 000 [10 000-42 000],18000,10000,42000,,2025-11-11T15:08:09Z,2008,2008-01-01,2008-12-31
2894366,TB_e_inc_num,COUNTRY,PNG,WPR,Western Pacific,YEAR,2006,,,,,,,,,42 000 [19 000-133 000],42000,19000,133000,,2025-11-11T15:08:09Z,2006,2006-01-01,2006-12-31
2901586,TB_e_inc_num,COUNTRY,SYR,EMR,Eastern Mediterranean,YEAR,2004,,,,,,,,,10 000 [8300-12 000],10000,8300,12000,,2025-11-11T15:08:09Z,2004,2004-01-01,2004-12-31
2906190,TB_e_inc_num,COUNTRY,CMR,AFR,Africa,YEAR,2020,,,,,,,,,41 000 [25 000-79 000],41000,25000,79000,,2025-11-11T15:08:09Z,2020,2020-01-01,2020-12-31
2906572,TB_e_inc_num,COUNTRY,NIC,AMR,Americas,YEAR,2001,,,,,,,,,6100 [5000-7400],6100,5000,7400,,2025-11-11T15:08:09Z,2001,2001-01-01,2001-12-31
2912450,TB_e_inc_num,COUNTRY,TGO,AFR,Africa,YEAR,2021,,,,,,,,,4200 [2600-7900],4200,2600,7900,,2025-11-11T15:08:09Z,2021,2021-01-01,2021-12-31
2912933,TB_e_inc_num,COUNTRY,SUR,AMR,Americas,YEAR,2006,,,,,,,,,230 [190-280],230,190,280,,2025-11-11T15:08:09Z,2006,2006-01-01,2006-12-31
2913804,TB_e_inc_num,COUNTRY,BGD,SEAR,South-East Asia,YEAR,2011,,,,,,,,,340 000 [247 000-447 000],340000,247000,447000,,2025-11-11T15:08:09Z,2011,2011-01-01,2011-12-31
2924336,TB_e_inc_num,COUNTRY,VCT,AMR,Americas,YEAR,2013,,,,,,,,,3 [2-4],3,2,4,,2025-11-11T15:08:09Z,2013,2013-01-01,2013-12-31
2931172,TB_e_inc_num,COUNTRY,MEX,AMR,Americas,YEAR,2004,,,,,,,,,27 000 [22 000-33 000],27000,22000,33000,,2025-11-11T15:08:09Z,2004,2004-01-01,2004-12-31
2932561,TB_e_inc_num,COUNTRY,COM,AFR,Africa,YEAR,2007,,,,,,,,,270 [160-550],270,160,550,,2025-11-11T15:08:09Z,2007,2007-01-01,2007-12-31
2937840,TB_e_inc_num,COUNTRY,GUY,AMR,Americas,YEAR,2023,,,,,,,,,550 [450-660],550,450,660,,2025-11-11T15:08:09Z,2023,2023-01-01,2023-12-31
2939413,TB_e_inc_num,COUNTRY,KEN,AFR,Africa,YEAR,2008,,,,,,,,,221 000 [66 000-467 000],221000,66000,467000,,2025-11-11T15:08:09Z,2008,2008-01-01,2008-12-31
2957608,TB_e_inc_num,COUNTRY,KNA,AMR,Americas,YEAR,2003,,,,,,,,,1 [1-1],1,1,1,,2025-11-11T15:08:09Z,2003,2003-01-01,2003-12-31
2957820,TB_e_inc_num,COUNTRY,BRB,AMR,Americas,YEAR,2004,,,,,,,,,19 [15-23],19,15,23,,2025-11-11T15:08:09Z,2004,2004-01-01,2004-12-31
2964244,TB_e_inc_num,COUNTRY,ARM,EUR,Europe,YEAR,2002,,,,,,,,,3500 [2900-4300],3500,2900,4300,,2025-11-11T15:08:09Z,2002,2002-01-01,2002-12-31
2965028,TB_e_inc_num,COUNTRY,ECU,AMR,Americas,YEAR,2006,,,,,,,,,8500 [6900-10 000],8500,6900,10000,,2025-11-11T15:08:09Z,2006,2006-01-01,2006-12-31
2965751,TB_e_inc_num,COUNTRY,ZAF,AFR,Africa,YEAR,2004,,,,,,,,,564 000 [209 000-1 090 000],564000,209000,1090000,,2025-11-11T15:08:09Z,2004,2004-01-01,2004-12-31
2969030,TB_e_inc_num,COUNTRY,BIH,EUR,Europe,YEAR,2009,,,,,,,,,2900 [2300-3500],2900,2300,3500,,2025-11-11T15:08:09Z,2009,2009-01-01,2009-12-31
2969238,TB_e_inc_num,COUNTRY,IRN,EMR,Eastern Mediterranean,YEAR,2018,,,,,,,,,13 000 [10 000-15 000],13000,10000,15000,,2025-11-11T15:08:09Z,2018,2018-01-01,2018-12-31
2970078,TB_e_inc_num,COUNTRY,PAN,AMR,Americas,YEAR,2001,,,,,,,,,3000 [2500-3700],3000,2500,3700,,2025-11-11T15:08:09Z,2001,2001-01-01,2001-12-31
2977380,TB_e_inc_num,COUNTRY,TON,WPR,Western Pacific,YEAR,2019,,,,,,,,,10 [8-12],10,8,12,,2025-11-11T15:08:09Z,2019,2019-01-01,2019-12-31
2989261,TB_e_inc_num,COUNTRY,BHS,AMR,Americas,YEAR,2020,,,,,,,,,40 [33-48],40,33,48,,2025-11-11T15:08:09Z,2020,2020-01-01,2020-12-31
2994170,TB_e_inc_num,COUNTRY,BLR,EUR,Europe,YEAR,2008,,,,,,,,,8400 [6900-10 000],8400,6900,10000,,2025-11-11T15:08:09Z,2008,2008-01-01,2008-12-31
2997311,TB_e_inc_num,COUNTRY,PRY,AMR,Americas,YEAR,2024,,,,,,,,,5600 [4600-6800],5600,4600,6800,,2025-11-11T15:08:09Z,2024,2024-01-01,2024-12-31
2997414,TB_e_inc_num,COUNTRY,ISR,EUR,Europe,YEAR,2004,,,,,,,,,620 [500-740],620,500,740,,2025-11-11T15:08:09Z,2004,2004-01-01,2004-12-31
3000376,TB_e_inc_num,COUNTRY,LSO,AFR,Africa,YEAR,2024,,,,,,,,,13 000 [7100-20 000],13000,7100,20000,,2025-11-11T15:08:09Z,2024,2024-01-01,2024-12-31
3000645,TB_e_inc_num,COUNTRY,TTO,AMR,Americas,YEAR,2021,,,,,,,,,230 [190-280],230,190,280,,2025-11-11T15:08:09Z,2021,2021-01-01,2021-12-31
3002197,TB_e_inc_num,COUNTRY,GBR,EUR,Europe,YEAR,2019,,,,,,,,,5400 [5000-5800],5400,5000,5800,,2025-11-11T15:08:09Z,2019,2019-01-01,2019-12-31
3002473,TB_e_inc_num,WORLDBANKINCOMEGROUP,WB_UMI,,,YEAR,2002,,,,,,,,,3 380 000 [2 960 000-3 830 000],3380000,2960000,3830000,,2025-11-11T15:08:09Z,2002,2002-01-01,2002-12-31
3002777,TB_e_inc_num,COUNTRY,MNE,EUR,Europe,YEAR,2024,,,,,,,,,100 [83-130],100,83,130,,2025-11-11T15:08:09Z,2024,2024-01-01,2024-12-31
3006831,TB_e_inc_num,COUNTRY,CUB,AMR,Americas,YEAR,2009,,,,,,,,,970 [790-1200],970,790,1200,,2025-11-11T15:08:09Z,2009,2009-01-01,2009-12-31
3007002,TB_e_inc_num,COUNTRY,ROU,EUR,Europe,YEAR,2014,,,,,,,,,20 000 [16 000-24 000],20000,16000,24000,,2025-11-11T15:08:09Z,2014,2014-01-01,2014-12-31
3009025,TB_e_inc_num,COUNTRY,LVA,EUR,Europe,YEAR,2015,,,,,,,,,1100 [860-1300],1100,860,1300,,2025-11-11T15:08:09Z,2015,2015-01-01,2015-12-31
3019324,TB_e_inc_num,COUNTRY,QAT,EMR,Eastern Mediterranean,YEAR,2012,,,,,,,,,1100 [900-1300],1100,900,1300,,2025-11-11T15:08:09Z,2012,2012-01-01,2012-12-31
3025667,TB_e_inc_num,COUNTRY,TON,WPR,Western Pacific,YEAR,2008,,,,,,,,,13 [11-16],13,11,16,,2025-11-11T15:08:09Z,2008,2008-01-01,2008-12-31
3029007,TB_e_inc_num,COUNTRY,COD,AFR,Africa,YEAR,2017,,,,,,,,,378 000 [232 000-727 000],378000,232000,727000,,2025-11-11T15:08:09Z,2017,2017-01-01,2017-12-31
3033149,TB_e_inc_num,COUNTRY,EST,EUR,Europe,YEAR,2013,,,,,,,,,360 [290-430],360,290,430,,2025-11-11T15:08:09Z,2013,2013-01-01,2013-12-31
3041520,TB_e_inc_num,COUNTRY,SYR,EMR,Eastern Mediterranean,YEAR,2003,,,,,,,,,11 000 [9100-13 000],11000,9100,13000,,2025-11-11T15:08:09Z,2003,2003-01-01,2003-12-31
3042050,TB_e_inc_num,COUNTRY,MUS,AFR,Africa,YEAR,2008,,,,,,,,,210 [170-260],210,170,260,,2025-11-11T15:08:09Z,2008,2008-01-01,2008-12-31
3048316,TB_e_inc_num,COUNTRY,IRN,EMR,Eastern Mediterranean,YEAR,2002,,,,,,,,,28 000 [22 000-33 000],28000,22000,33000,,2025-11-11T15:08:09Z,2002,2002-01-01,2002-12-31
3048703,TB_e_inc_num,COUNTRY,JOR,EMR,Eastern Mediterranean,YEAR,2021,,,,,,,,,530 [430-640],530,430,640,,2025-11-11T15:08:09Z,2021,2021-01-01,2021-12-31
3059601,TB_e_inc_num,COUNTRY,BLZ,AMR,Americas,YEAR,2019,,,,,,,,,130 [110-160],130,110,160,,2025-11-11T15:08:09Z,2019,2019-01-01,2019-12-31
3073844,TB_e_inc_num,COUNTRY,EGY,EMR,Eastern Mediterranean,YEAR,2021,,,,,,,,,12 000 [9500-15 000],12000,9500,15000,,2025-11-11T15:08:09Z,2021,2021-01-01,2021-12-31
3075109,TB_e_inc_num,COUNTRY,CPV,AFR,Africa,YEAR,2015,,,,,,,,,400 [330-480],400,330,480,,2025-11-11T15:08:09Z,2015,2015-01-01,2015-12-31
3078234,TB_e_inc_num,COUNTRY,VEN,AMR,Americas,YEAR,2001,,,,,,,,,14 000 [11 000-17 000],14000,11000,17000,,2025-11-11T15:08:09Z,2001,2001-01-01,2001-12-31
3078620,TB_e_inc_num,COUNTRY,MYS,WPR,Western Pacific,YEAR,2015,,,,,,,,,33 000 [26 000-39 000],33000,26000,39000,,2025-11-11T15:08:09Z,2015,2015-01-01,2015-12-31
3079843,TB_e_inc_num,REGION,AMR,,,YEAR,2016,,,,,,,,,293 000 [272 000-314 000],293000,272000,314000,,2025-11-11T15:08:09Z,2016,2016-01-01,2016-12-31
3090649,TB_e_inc_num,COUNTRY,NZL,WPR,Western Pacific,YEAR,2024,,,,,,,,,410 [340-500],410,340,500,,2025-11-11T15:08:09Z,2024,2024-01-01,2024-12-31
3092656,TB_e_inc_num,COUNTRY,PER,AMR,Americas,YEAR,2020,,,,,,,,,42 000 [34 000-50 000],42000,34000,50000,,2025-11-11T15:08:09Z,2020,2020-01-01,2020-12-31
3093285,TB_e_inc_num,COUNTRY,TUR,EUR,Europe,YEAR,2010,,,,,,,,,26 000 [21 000-31 000],26000,21000,31000,,2025-11-11T15:08:09Z,2010,2010-01-01,2010-12-31
3097824,TB_e_inc_num,COUNTRY,MHL,WPR,Western Pacific,YEAR,2023,,,,,,,,,360 [290-430],360,290,430,,2025-11-11T15:08:09Z,2023,2023-01-01,2023-12-31
3100320,TB_e_inc_num,COUNTRY,VEN,AMR,Americas,YEAR,2016,,,,,,,,,11 000 [8900-13 000],11000,8900,13000,,2025-11-11T15:08:09Z,2016,2016-01-01,2016-12-31
3100323,TB_e_inc_num,COUNTRY,HKG,,,YEAR,2018,,,,,,,,,6700 [5400-8000],6700,5400,8000,,2025-11-11T15:08:09Z,2018,2018-01-01,2018-12-31
3103965,TB_e_inc_num,COUNTRY,GNB,AFR,Africa,YEAR,2020,,,,,,,,,3700 [2300-7100],3700,2300,7100,,2025-11-11T15:08:09Z,2020,2020-01-01,2020-12-31
3106127,TB_e_inc_num,COUNTRY,CRI,AMR,Americas,YEAR,2004,,,,,,,,,1100 [880-1300],1100,880,1300,,2025-11-11T15:08:09Z,2004,2004-01-01,2004-12-31
3110690,TB_e_inc_num,COUNTRY,SMR,EUR,Europe,YEAR,2011,,,,,,,,,0 [0-0],0,0,0,,2025-11-11T15:08:09Z,2011,2011-01-01,2011-12-31
3113094,TB_e_inc_num,COUNTRY,NPL,SEAR,South-East Asia,YEAR,2014,,,,,,,,,76 000 [44 000-118 000],76000,44000,118000,,2025-11-11T15:08:09Z,2014,2014-01-01,2014-12-31
3116740,TB_e_inc_num,COUNTRY,KNA,AMR,Americas,YEAR,2006,,,,,,,,,1 [1-1],1,1,1,,2025-11-11T15:08:09Z,2006,2006-01-01,2006-12-31
3116880,TB_e_inc_num,COUNTRY,TTO,AMR,Americas,YEAR,2016,,,,,,,,,280 [230-340],280,230,340,,2025-11-11T15:08:09Z,2016,2016-01-01,2016-12-31
3122278,TB_e_inc_num,COUNTRY,NIU,WPR,Western Pacific,YEAR,2009,,,,,,,,,0 [0-0],0,0,0,,2025-11-11T15:08:09Z,2009,2009-01-01,2009-12-31
3122448,TB_e_inc_num,COUNTRY,GHA,AFR,Africa,YEAR,2000,,,,,,,,,42 000 [13 000-90 000],42000,13000,90000,,2025-11-11T15:08:09Z,2000,2000-01-01,2000-12-31
3123547,TB_e_inc_num,COUNTRY,FIN,EUR,Europe,YEAR,2023,,,,,,,,,210 [170-250],210,170,250,,2025-11-11T15:08:09Z,2023,2023-01-01,2023-12-31
3123830,TB_e_inc_num,COUNTRY,PER,AMR,Americas,YEAR,2023,,,,,,,,,50 000 [39 000-81 000],50000,39000,81000,,2025-11-11T15:08:09Z,2023,2023-01-01,2023-12-31
3123849,TB_e_inc_num,COUNTRY,DOM,AMR,Americas,YEAR,2002,,,,,,,,,8900 [7200-11 000],8900,7200,11000,,2025-11-11T15:08:09Z,2002,2002-01-01,2002-12-31
3124986,TB_e_inc_num,COUNTRY,SUR,AMR,Americas,YEAR,2008,,,,,,,,,190 [150-220],190,150,220,,2025-11-11T15:08:09Z,2008,2008-01-01,2008-12-31
3132081,TB_e_inc_num,COUNTRY,FRA,EUR,Europe,YEAR,2017,,,,,,,,,5900 [5600-6100],5900,5600,6100,,2025-11-11T15:08:09Z,2017,2017-01-01,2017-12-31
3134986,TB_e_inc_num,COUNTRY,WSM,WPR,Western Pacific,YEAR,2002,,,,,,,,,31 [25-37],31,25,37,,2025-11-11T15:08:09Z,2002,2002-01-01,2002-12-31
3135800,TB_e_inc_num,COUNTRY,ROU,EUR,Europe,YEAR,2008,,,,,,,,,31 000 [25 000-37 000],31000,25000,37000,,2025-11-11T15:08:09Z,2008,2008-01-01,2008-12-31
3136143,TB_e_inc_num,COUNTRY,SAU,EMR,Eastern Mediterranean,YEAR,2011,,,,,,,,,4300 [3900-4800],4300,3900,4800,,2025-11-11T15:08:09Z,2011,2011-01-01,2011-12-31
3137542,TB_e_inc_num,COUNTRY,ISL,EUR,Europe,YEAR,2009,,,,,,,,,9 [7-11],9,7,11,,2025-11-11T15:08:09Z,2009,2009-01-01,2009-12-31
3142908,TB_e_inc_num,COUNTRY,DJI,EMR,Eastern Mediterranean,YEAR,2020,,,,,,,,,4000 [3300-4900],4000,3300,4900,,2025-11-11T15:08:09Z,2020,2020-01-01,2020-12-31
3143486,TB_e_inc_num,COUNTRY,GMB,AFR,Africa,YEAR,2020,,,,,,,,,3900 [2800-5000],3900,2800,5000,,2025-11-11T15:08:09Z,2020,2020-01-01,2020-12-31
3144009,TB_e_inc_num,COUNTRY,TTO,AMR,Americas,YEAR,2010,,,,,,,,,310 [260-380],310,260,380,,2025-11-11T15:08:09Z,2010,2010-01-01,2010-12-31
3144247,TB_e_inc_num,COUNTRY,SOM,EMR,Eastern Mediterranean,YEAR,2007,,,,,,,,,33 000 [16 000-61 000],33000,16000,61000,,2025-11-11T15:08:09Z,2007,2007-01-01,2007-12-31
3148907,TB_e_inc_num,COUNTRY,ATG,AMR,Americas,YEAR,2012,,,,,,,,,3 [2-4],3,2,4,,2025-11-11T15:08:09Z,2012,2012-01-01,2012-12-31
3148997,TB_e_inc_num,COUNTRY,CYP,EUR,Europe,YEAR,2012,,,,,,,,,88 [72-110],88,72,110,,2025-11-11T15:08:09Z,2012,2012-01-01,2012-12-31
3149088,TB_e_inc_num,COUNTRY,AND,EUR,Europe,YEAR,2018,,,,,,,,,2 [2-2],2,2,2,,2025-11-11T15:08:09Z,2018,2018-01-01,2018-12-31
3151096,TB_e_inc_num,COUNTRY,DEU,EUR,Europe,YEAR,2011,,,,,,,,,4500 [4000-4900],4500,4000,4900,,2025-11-11T15:08:09Z,2011,2011-01-01,2011-12-31
3154398,TB_e_inc_num,COUNTRY,PAK,EMR,Eastern Mediterranean,YEAR,2023,,,,,,,,,662 000 [465 000-885 000],662000,465000,885000,,2025-11-11T15:08:09Z,2023,2023-01-01,2023-12-31
3154527,TB_e_inc_num,COUNTRY,IRL,EUR,Europe,YEAR,2023,,,,,,,,,250 [200-300],250,200,300,,2025-11-11T15:08:09Z,2023,2023-01-01,2023-12-31
3154663,TB_e_inc_num,COUNTRY,VNM,WPR,Western Pacific,YEAR,2010,,,,,,,,,202 000 [104 000-332 000],202000,104000,332000,,2025-11-11T15:08:09Z,2010,2010-01-01,2010-12-31
3154673,TB_e_inc_num,COUNTRY,HTI,AMR,Americas,YEAR,2022,,,,,,,,,23 000 [18 000-27 000],23000,18000,27000,,2025-11-11T15:08:09Z,2022,2022-01-01,2022-12-31
3155211,TB_e_inc_num,COUNTRY,GHA,AFR,Africa,YEAR,2005,,,,,,,,,46 000 [16 000-91 000],46000,16000,91000,,2025-11-11T15:08:09Z,2005,2005-01-01,2005-12-31
3155530,TB_e_inc_num,COUNTRY,VCT,AMR,Americas,YEAR,2010,,,,,,,,,15 [12-18],15,12,18,,2025-11-11T15:08:09Z,2010,2010-01-01,2010-12-31
3156269,TB_e_inc_num,COUNTRY,BDI,AFR,Africa,YEAR,2013,,,,,,,,,14 000 [8300-30 000],14000,8300,30000,,2025-11-11T15:08:09Z,2013,2013-01-01,2013-12-31
3156588,TB_e_inc_num,COUNTRY,ISL,EUR,Europe,YEAR,2014,,,,,,,,,8 [7-10],8,7,10,,2025-11-11T15:08:09Z,2014,2014-01-01,2014-12-31
3163163,TB_e_inc_num,COUNTRY,ARG,AMR,Americas,YEAR,2005,,,,,,,,,15 000 [12 000-18 000],15000,12000,18000,,2025-11-11T15:08:09Z,2005,2005-01-01,2005-12-31
3167440,TB_e_inc_num,COUNTRY,AUT,EUR,Europe,YEAR,2018,,,,,,,,,560 [450-670],560,450,670,,2025-11-11T15:08:09Z,2018,2018-01-01,2018-12-31
3167890,TB_e_inc_num,COUNTRY,SAU,EMR,Eastern Mediterranean,YEAR,2017,,,,,,,,,3200 [2800-3500],3200,2800,3500,,2025-11-11T15:08:09Z,2017,2017-01-01,2017-12-31
3168593,TB_e_inc_num,COUNTRY,ETH,AFR,Africa,YEAR,2015,,,,,,,,,207 000 [101 000-351 000],207000,101000,351000,,2025-11-11T15:08:09Z,2015,2015-01-01,2015-12-31
3174641,TB_e_inc_num,COUNTRY,PAN,AMR,Americas,YEAR,2017,,,,,,,,,2500 [2000-3000],2500,2000,3000,,2025-11-11T15:08:09Z,2017,2017-01-01,2017-12-31
3179867,TB_e_inc_num,COUNTRY,MCO,EUR,Europe,YEAR,2002,,,,,,,,,0 [0-0],0,0,0,,2025-11-11T15:08:09Z,2002,2002-01-01,2002-12-31
3187959,TB_e_inc_num,COUNTRY,MKD,EUR,Europe,YEAR,2014,,,,,,,,,410 [330-490],410,330,490,,2025-11-11T15:08:09Z,2014,2014-01-01,2014-12-31
3188457,TB_e_inc_num,COUNTRY,ERI,AFR,Africa,YEAR,2015,,,,,,,,,4800 [3900-5800],4800,3900,5800,,2025-11-11T15:08:09Z,2015,2015-01-01,2015-12-31
3188887,TB_e_inc_num,COUNTRY,SDN,EMR,Eastern Mediterranean,YEAR,2006,,,,,,,,,58 000 [11 000-143 000],58000,11000,143000,,2025-11-11T15:08:09Z,2006,2006-01-01,2006-12-31
3199258,TB_e_inc_num,COUNTRY,IRL,EUR,Europe,YEAR,2021,,,,,,,,,250 [210-310],250,210,310,,2025-11-11T15:08:09Z,2021,2021-01-01,2021-12-31
3199704,TB_e_inc_num,COUNTRY,KGZ,EUR,Europe,YEAR,2021,,,,,,,,,9000 [7100-11 000],9000,7100,11000,,2025-11-11T15:08:09Z,2021,2021-01-01,2021-12-31
3200079,TB_e_inc_num,COUNTRY,ESP,EUR,Europe,YEAR,2002,,,,,,,,,11 000 [8700-13 000],11000,8700,13000,,2025-11-11T15:08:09Z,2002,2002-01-01,2002-12-31
3207446,TB_e_inc_num,COUNTRY,MHL,WPR,Western Pacific,YEAR,2012,,,,,,,,,270 [220-320],270,220,320,,2025-11-11T15:08:09Z,2012,2012-01-01,2012-12-31
3212883,TB_e_inc_num,COUNTRY,GBR,EUR,Europe,YEAR,2015,,,,,,,,,6600 [6100-7100],6600,6100,7100,,2025-11-11T15:08:09Z,2015,2015-01-01,2015-12-31
3223639,TB_e_inc_num,COUNTRY,JPN,WPR,Western Pacific,YEAR,2012,,,,,,,,,26 000 [21 000-31 000],26000,21000,31000,,2025-11-11T15:08:09Z,2012,2012-01-01,2012-12-31
3226581,TB_e_inc_num,COUNTRY,SLE,AFR,Africa,YEAR,2007,,,,,,,,,30 000 [18 000-58 000],30000,18000,58000,,2025-11-11T15:08:09Z,2007,2007-01-01,2007-12-31
3238499,TB_e_inc_num,COUNTRY,ZWE,AFR,Africa,YEAR,2017,,,,,,,,,33 000 [23 000-44 000],33000,23000,44000,,2025-11-11T15:08:09Z,2017,2017-01-01,2017-12-31
3239576,TB_e_inc_num,COUNTRY,MDA,EUR,Europe,YEAR,2013,,,,,,,,,4500 [3700-5500],4500,3700,5500,,2025-11-11T15:08:09Z,2013,2013-01-01,2013-12-31
3239867,TB_e_inc_num,COUNTRY,SMR,EUR,Europe,YEAR,2002,,,,,,,,,1 [1-1],1,1,1,,2025-11-11T15:08:09Z,2002,2002-01-01,2002-12-31
3243029,TB_e_inc_num,COUNTRY,SLB,WPR,Western Pacific,YEAR,2010,,,,,,,,,950 [770-1100],950,770,1100,,2025-11-11T15:08:09Z,2010,2010-01-01,2010-12-31
3243876,TB_e_inc_num,COUNTRY,FSM,WPR,Western Pacific,YEAR,2011,,,,,,,,,340 [280-410],340,280,410,,2025-11-11T15:08:09Z,2011,2011-01-01,2011-12-31
3245640,TB_e_inc_num,COUNTRY,DOM,AMR,Americas,YEAR,2013,,,,,,,,,6300 [5200-7600],6300,5200,7600,,2025-11-11T15:08:09Z,2013,2013-01-01,2013-12-31
3249451,TB_e_inc_num,COUNTRY,AUT,EUR,Europe,YEAR,2003,,,,,,,,,1300 [1100-1600],1300,1100,1600,,2025-11-11T15:08:09Z,2003,2003-01-01,2003-12-31
3249500,TB_e_inc_num,COUNTRY,GBR,EUR,Europe,YEAR,2001,,,,,,,,,6800 [6300-7300],6800,6300,7300,,2025-11-11T15:08:09Z,2001,2001-01-01,2001-12-31
3251916,TB_e_inc_num,WORLDBANKINCOMEGROUP,WB_LMI,,,YEAR,2008,,,,,,,,,7 060 000 [4 590 000-10 000 000],7060000,4590000,10000000,,2025-11-11T15:08:09Z,2008,2008-01-01,2008-12-31
3256518,TB_e_inc_num,COUNTRY,BEL,EUR,Europe,YEAR,2009,,,,,,,,,1100 [910-1300],1100,910,1300,,2025-11-11T15:08:09Z,2009,2009-01-01,2009-12-31
3256967,TB_e_inc_num,WORLDBANKINCOMEGROUP,WB_LMI,,,YEAR,2019,,,,,,,,,6 270 000 [5 730 000-6 830 000],6270000,5730000,6830000,,2025-11-11T15:08:09Z,2019,2019-01-01,2019-12-31
3262027,TB_e_inc_num,COUNTRY,TGO,AFR,Africa,YEAR,2015,,,,,,,,,4700 [2800-9700],4700,2800,9700,,2025-11-11T15:08:09Z,2015,2015-01-01,2015-12-31
3263322,TB_e_inc_num,COUNTRY,SLE,AFR,Africa,YEAR,2013,,,,,,,,,31 000 [19 000-60 000],31000,19000,60000,,2025-11-11T15:08:09Z,2013,2013-01-01,2013-12-31
3263922,TB_e_inc_num,COUNTRY,NZL,WPR,Western Pacific,YEAR,2003,,,,,,,,,560 [450-670],560,450,670,,2025-11-11T15:08:09Z,2003,2003-01-01,2003-12-31
3264940,TB_e_inc_num,COUNTRY,COK,WPR,Western Pacific,YEAR,2016,,,,,,,,,2 [2-2],2,2,2,,2025-11-11T15:08:09Z,2016,2016-01-01,2016-12-31
3265358,TB_e_inc_num,COUNTRY,TJK,EUR,Europe,YEAR,2003,,,,,,,,,13 000 [11 000-16 000],13000,11000,16000,,2025-11-11T15:08:09Z,2003,2003-01-01,2003-12-31
3283236,TB_e_inc_num,COUNTRY,VUT,WPR,Western Pacific,YEAR,2010,,,,,,,,,280 [150-600],280,150,600,,2025-11-11T15:08:09Z,2010,2010-01-01,2010-12-31
3284249,TB_e_inc_num,COUNTRY,CIV,AFR,Africa,YEAR,2003,,,,,,,,,38 000 [21 000-91 000],38000,21000,91000,,2025-11-11T15:08:09Z,2003,2003-01-01,2003-12-31
3287180,TB_e_inc_num,COUNTRY,LKA,SEAR,South-East Asia,YEAR,2008,,,,,,,,,20 000 [11 000-41 000],20000,11000,41000,,2025-11-11T15:08:09Z,2008,2008-01-01,2008-12-31
3287804,TB_e_inc_num,COUNTRY,BTN,SEAR,South-East Asia,YEAR,2024,,,,,,,,,1500 [1200-1800],1500,1200,1800,,2025-11-11T15:08:09Z,2024,2024-01-01,2024-12-31
3288646,TB_e_inc_num,REGION,EUR,,,YEAR,2010,,,,,,,,,432 000 [352 000-519 000],432000,352000,519000,,2025-11-11T15:08:09Z,2010,2010-01-01,2010-12-31
3294372,TB_e_inc_num,COUNTRY,BOL,AMR,Americas,YEAR,2000,,,,,,,,,35 000 [28 000-42 000],35000,28000,42000,,2025-11-11T15:08:09Z,2000,2000-01-01,2000-12-31
3305874,TB_e_inc_num,COUNTRY,SYC,AFR,Africa,YEAR,2006,,,,,,,,,17 [14-21],17,14,21,,2025-11-11T15:08:09Z,2006,2006-01-01,2006-12-31
3306244,TB_e_inc_num,COUNTRY,PHL,WPR,Western Pacific,YEAR,2000,,,,,,,,,470 000 [244 000-767 000],470000,244000,767000,,2025-11-11T15:08:09Z,2000,2000-01-01,2000-12-31
3307972,TB_e_inc_num,COUNTRY,FSM,WPR,Western Pacific,YEAR,2024,,,,,,,,,300 [240-360],300,240,360,,2025-11-11T15:08:09Z,2024,2024-01-01,2024-12-31
3312797,TB_e_inc_num,COUNTRY,ECU,AMR,Americas,YEAR,2003,,,,,,,,,14 000 [11 000-17 000],14000,11000,17000,,2025-11-11T15:08:09Z,2003,2003-01-01,2003-12-31
3315132,TB_e_inc_num,COUNTRY,UZB,EUR,Europe,YEAR,2017,,,,,,,,,23 000 [19 000-28 000],23000,19000,28000,,2025-11-11T15:08:09Z,2017,2017-01-01,2017-12-31
3315410,TB_e_inc_num,COUNTRY,TJK,EUR,Europe,YEAR,2020,,,,,,,,,7500 [6000-9000],7500,6000,9000,,2025-11-11T15:08:09Z,2020,2020-01-01,2020-12-31
3316024,TB_e_inc_num,COUNTRY,PAN,AMR,Americas,YEAR,2019,,,,,,,,,1600 [1300-2000],1600,1300,2000,,2025-11-11T15:08:09Z,2019,2019-01-01,2019-12-31
3319305,TB_e_inc_num,COUNTRY,LCA,AMR,Americas,YEAR,2015,,,,,,,,,14 [11-17],14,11,17,,2025-11-11T15:08:09Z,2015,2015-01-01,2015-12-31
3321429,TB_e_inc_num,COUNTRY,EST,EUR,Europe,YEAR,2002,,,,,,,,,1100 [930-1400],1100,930,1400,,2025-11-11T15:08:09Z,2002,2002-01-01,2002-12-31
3326723,TB_e_inc_num,WORLDBANKINCOMEGROUP,WB_LMI,,,YEAR,2013,,,,,,,,,6 750 000 [5 190 000-8 510 000],6750000,5190000,8510000,,2025-11-11T15:08:09Z,2013,2013-01-01,2013-12-31
3327456,TB_e_inc_num,COUNTRY,AUT,EUR,Europe,YEAR,2013,,,,,,,,,760 [610-910],760,610,910,,2025-11-11T15:08:09Z,2013,2013-01-01,2013-12-31
3328031,TB_e_inc_num,COUNTRY,VEN,AMR,Americas,YEAR,2004,,,,,,,,,13 000 [11 000-16 000],13000,11000,16000,,2025-11-11T15:08:09Z,2004,2004-01-01,2004-12-31
3332364,TB_e_inc_num,COUNTRY,TZA,AFR,Africa,YEAR,2016,,,,,,,,,155 000 [60 000-293 000],155000,60000,293000,,2025-11-11T15:08:09Z,2016,2016-01-01,2016-12-31
3333382,TB_e_inc_num,COUNTRY,JAM,AMR,Americas,YEAR,2007,,,,,,,,,180 [150-220],180,150,220,,2025-11-11T15:08:09Z,2007,2007-01-01,2007-12-31
3340514,TB_e_inc_num,COUNTRY,PAN,AMR,Americas,YEAR,2018,,,,,,,,,2300 [1800-2700],2300,1800,2700,,2025-11-11T15:08:09Z,2018,2018-01-01,2018-12-31
3345991,TB_e_inc_num,COUNTRY,MLI,AFR,Africa,YEAR,2007,,,,,,,,,11 000 [6400-24 000],11000,6400,24000,,2025-11-11T15:08:09Z,2007,2007-01-01,2007-12-31
3350385,TB_e_inc_num,COUNTRY,AFG,EMR,Eastern Mediterranean,YEAR,2007,,,,,,,,,63 000 [33 000-155 000],63000,33000,155000,,2025-11-11T15:08:09Z,2007,2007-01-01,2007-12-31
3353266,TB_e_inc_num,COUNTRY,SWE,EUR,Europe,YEAR,2019,,,,,,,,,560 [450-670],560,450,670,,2025-11-11T15:08:09Z,2019,2019-01-01,2019-12-31
3363258,TB_e_inc_num,COUNTRY,UKR,EUR,Europe,YEAR,2002,,,,,,,,,102 000 [83 000-123 000],102000,83000,123000,,2025-11-11T15:08:09Z,2002,2002-01-01,2002-12-31
3366513,TB_e_inc_num,COUNTRY,BOL,AMR,Americas,YEAR,2006,,,,,,,,,27 000 [22 000-32 000],27000,22000,32000,,2025-11-11T15:08:09Z,2006,2006-01-01,2006-12-31
3369407,TB_e_inc_num,COUNTRY,MHL,WPR,Western Pacific,YEAR,2021,,,,,,,,,200 [160-240],200,160,240,,2025-11-11T15:08:09Z,2021,2021-01-01,2021-12-31
3370409,TB_e_inc_num,WORLDBANKINCOMEGROUP,WB_HI,,,YEAR,2007,,,,,,,,,364 000 [278 000-461 000],364000,278000,461000,,2025-11-11T15:08:09Z,2007,2007-01-01,2007-12-31
3375696,TB_e_inc_num,COUNTRY,LBR,AFR,Africa,YEAR,2010,,,,,,,,,13 000 [7700-29 000],13000,7700,29000,,2025-11-11T15:08:09Z,2010,2010-01-01,2010-12-31
3388340,TB_e_inc_num,COUNTRY,ALB,EUR,Europe,YEAR,2018,,,,,,,,,500 [400-600],500,400,600,,2025-11-11T15:08:09Z,2018,2018-01-01,2018-12-31
3392075,TB_e_inc_num,COUNTRY,KHM,WPR,Western Pacific,YEAR,2014,,,,,,,,,55 000 [41 000-74 000],55000,41000,74000,,2025-11-11T15:08:09Z,2014,2014-01-01,2014-12-31
3395393,TB_e_inc_num,COUNTRY,ISR,EUR,Europe,YEAR,2009,,,,,,,,,450 [360-540],450,360,540,,2025-11-11T15:08:09Z,2009,2009-01-01,2009-12-31
3407197,TB_e_inc_num,COUNTRY,CZE,EUR,Europe,YEAR,2000,,,,,,,,,1900 [1500-2300],1900,1500,2300,,2025-11-11T15:08:09Z,2000,2000-01-01,2000-12-31
3407572,TB_e_inc_num,COUNTRY,SSD,AFR,Africa,YEAR,2021,,,,,,,,,37 000 [23 000-70 000],37000,23000,70000,,2025-11-11T15:08:09Z,2021,2021-01-01,2021-12-31
3408191,TB_e_inc_num,REGION,EMR,,,YEAR,2023,,,,,,,,,910 000 [705 000-1 140 000],910000,705000,1140000,,2025-11-11T15:08:09Z,2023,2023-01-01,2023-12-31
3410576,TB_e_inc_num,COUNTRY,FJI,WPR,Western Pacific,YEAR,2007,,,,,,,,,200 [160-240],200,160,240,,2025-11-11T15:08:09Z,2007,2007-01-01,2007-12-31
3414255,TB_e_inc_num,COUNTRY,MOZ,AFR,Africa,YEAR,2009,,,,,,,,,79 000 [49 000-116 000],79000,49000,116000,,2025-11-11T15:08:09Z,2009,2009-01-01,2009-12-31
3415310,TB_e_inc_num,COUNTRY,HUN,EUR,Europe,YEAR,2014,,,,,,,,,1100 [870-1300],1100,870,1300,,2025-11-11T15:08:09Z,2014,2014-01-01,2014-12-31
3422235,TB_e_inc_num,COUNTRY,HRV,EUR,Europe,YEAR,2011,,,,,,,,,820 [670-990],820,670,990,,2025-11-11T15:08:09Z,2011,2011-01-01,2011-12-31
3422297,TB_e_inc_num,COUNTRY,COL,AMR,Americas,YEAR,2022,,,,,,,,,23 000 [18 000-27 000],23000,18000,27000,,2025-11-11T15:08:09Z,2022,2022-01-01,2022-12-31
3423227,TB_e_inc_num,COUNTRY,BLR,EUR,Europe,YEAR,2005,,,,,,,,,10 000 [8300-12 000],10000,8300,12000,,2025-11-11T15:08:09Z,2005,2005-01-01,2005-12-31
3429660,TB_e_inc_num,COUNTRY,CPV,AFR,Africa,YEAR,2009,,,,,,,,,580 [470-700],580,470,700,,2025-11-11T15:08:09Z,2009,2009-01-01,2009-12-31
3434484,TB_e_inc_num,COUNTRY,MWI,AFR,Africa,YEAR,2005,,,,,,,,,51 000 [5100-149 000],51000,5100,149000,,2025-11-11T15:08:09Z,2005,2005-01-01,2005-12-31
3434741,TB_e_inc_num,COUNTRY,LSO,AFR,Africa,YEAR,2009,,,,,,,,,24 000 [8900-47 000],24000,8900,47000,,2025-11-11T15:08:09Z,2009,2009-01-01,2009-12-31
3435088,TB_e_inc_num,COUNTRY,SVN,EUR,Europe,YEAR,2013,,,,,,,,,180 [140-210],180,140,210,,2025-11-11T15:08:09Z,2013,2013-01-01,2013-12-31
3440119,TB_e_inc_num,COUNTRY,TON,WPR,Western Pacific,YEAR,2022,,,,,,,,,2 [2-2],2,2,2,,2025-11-11T15:08:09Z,2022,2022-01-01,2022-12-31
3441950,TB_e_inc_num,COUNTRY,PHL,WPR,Western Pacific,YEAR,2002,,,,,,,,,473 000 [252 000-761 000],473000,252000,761000,,2025-11-11T15:08:09Z,2002,2002-01-01,2002-12-31
3445882,TB_e_inc_num,COUNTRY,MDA,EUR,Europe,YEAR,2022,,,,,,,,,2300 [1900-2700],2300,1900,2700,,2025-11-11T15:08:09Z,2022,2022-01-01,2022-12-31
3446245,TB_e_inc_num,COUNTRY,PRI,AMR,Americas,YEAR,2003,,,,,,,,,210 [170-250],210,170,250,,2025-11-11T15:08:09Z,2003,2003-01-01,2003-12-31
3452269,TB_e_inc_num,COUNTRY,OMN,EMR,Eastern Mediterranean,YEAR,2000,,,,,,,,,570 [470-690],570,470,690,,2025-11-11T15:08:09Z,2000,2000-01-01,2000-12-31
3457883,TB_e_inc_num,COUNTRY,RWA,AFR,Africa,YEAR,2006,,,,,,,,,11 000 [9100-14 000],11000,9100,14000,,2025-11-11T15:08:09Z,2006,2006-01-01,2006-12-31
3461019,TB_e_inc_num,COUNTRY,COM,AFR,Africa,YEAR,2022,,,,,,,,,240 [150-460],240,150,460,,2025-11-11T15:08:09Z,2022,2022-01-01,2022-12-31
3465441,TB_e_inc_num,COUNTRY,TUR,EUR,Europe,YEAR,2014,,,,,,,,,18 000 [15 000-22 000],18000,15000,22000,,2025-11-11T15:08:09Z,2014,2014-01-01,2014-12-31
3467954,TB_e_inc_num,COUNTRY,PAN,AMR,Americas,YEAR,2010,,,,,,,,,2300 [1800-2700],2300,1800,2700,,2025-11-11T15:08:09Z,2010,2010-01-01,2010-12-31
3470488,TB_e_inc_num,COUNTRY,WSM,WPR,Western Pacific,YEAR,2005,,,,,,,,,24 [20-29],24,20,29,,2025-11-11T15:08:09Z,2005,2005-01-01,2005-12-31
3470585,TB_e_inc_num,COUNTRY,RWA,AFR,Africa,YEAR,2002,,,,,,,,,16 000 [14 000-19 000],16000,14000,19000,,2025-11-11T15:08:09Z,2002,2002-01-01,2002-12-31
3471052,TB_e_inc_num,COUNTRY,MAR,EMR,Eastern Mediterranean,YEAR,2014,,,,,,,,,34 000 [27 000-41 000],34000,27000,41000,,2025-11-11T15:08:09Z,2014,2014-01-01,2014-12-31
3471389,TB_e_inc_num,COUNTRY,TUN,EMR,Eastern Mediterranean,YEAR,2018,,,,,,,,,5000 [4100-6000],5000,4100,6000,,2025-11-11T15:08:09Z,2018,2018-01-01,2018-12-31
3471682,TB_e_inc_num,COUNTRY,ERI,AFR,Africa,YEAR,2022,,,,,,,,,4600 [3700-5500],4600,3700,5500,,2025-11-11T15:08:09Z,2022,2022-01-01,2022-12-31
3471978,TB_e_inc_num,COUNTRY,BGD,SEAR,South-East Asia,YEAR,2002,,,,,,,,,307 000 [224 000-404 000],307000,224000,404000,,2025-11-11T15:08:09Z,2002,2002-01-01,2002-12-31
3472349,TB_e_inc_num,COUNTRY,KWT,EMR,Eastern Mediterranean,YEAR,2015,,,,,,,,,980 [800-1200],980,800,1200,,2025-11-11T15:08:09Z,2015,2015-01-01,2015-12-31
3477355,TB_e_inc_num,COUNTRY,EST,EUR,Europe,YEAR,2019,,,,,,,,,190 [150-230],190,150,230,,2025-11-11T15:08:09Z,2019,2019-01-01,2019-12-31
3489537,TB_e_inc_num,REGION,WPR,,,YEAR,2023,,,,,,,,,2 960 000 [2 530 000-3 440 000],2960000,2530000,3440000,,2025-11-11T15:08:09Z,2023,2023-01-01,2023-12-31
3497043,TB_e_inc_num,COUNTRY,GBR,EUR,Europe,YEAR,2020,,,,,,,,,4700 [4400-5100],4700,4400,5100,,2025-11-11T15:08:09Z,2020,2020-01-01,2020-12-31
3503861,TB_e_inc_num,COUNTRY,CHE,EUR,Europe,YEAR,2001,,,,,,,,,750 [610-900],750,610,900,,2025-11-11T15:08:09Z,2001,2001-01-01,2001-12-31
3504829,TB_e_inc_num,GLOBAL,GLOBAL,,,YEAR,2015,,,,,,,,,11 100 000 [10 100 000-12 200 000],11100000,10100000,12200000,,2025-11-11T15:08:09Z,2015,2015-01-01,2015-12-31
3510678,TB_e_inc_num,COUNTRY,MHL,WPR,Western Pacific,YEAR,2016,,,,,,,,,310 [250-370],310,250,370,,2025-11-11T15:08:09Z,2016,2016-01-01,2016-12-31
3510870,TB_e_inc_num,COUNTRY,TLS,SEAR,South-East Asia,YEAR,2018,,,,,,,,,4800 [3000-8600],4800,3000,8600,,2025-11-11T15:08:09Z,2018,2018-01-01,2018-12-31
3512259,TB_e_inc_num,COUNTRY,THA,SEAR,South-East Asia,YEAR,2015,,,,,,,,,115 000 [67 000-176 000],115000,67000,176000,,2025-11-11T15:08:09Z,2015,2015-01-01,2015-12-31
3514932,TB_e_inc_num,COUNTRY,JOR,EMR,Eastern Mediterranean,YEAR,2019,,,,,,,,,670 [550-810],670,550,810,,2025-11-11T15:08:09Z,2019,2019-01-01,2019-12-31
3517312,TB_e_inc_num,COUNTRY,BEL,EUR,Europe,YEAR,2001,,,,,,,,,1800 [1400-2100],1800,1400,2100,,2025-11-11T15:08:09Z,2001,2001-01-01,2001-12-31
3518624,TB_e_inc_num,COUNTRY,QAT,EMR,Eastern Mediterranean,YEAR,2017,,,,,,,,,850 [690-1000],850,690,1000,,2025-11-11T15:08:09Z,2017,2017-01-01,2017-12-31
3522466,TB_e_inc_num,COUNTRY,PRT,EUR,Europe,YEAR,2022,,,,,,,,,1700 [1400-2000],1700,1400,2000,,2025-11-11T15:08:09Z,2022,2022-01-01,2022-12-31
3522509,TB_e_inc_num,COUNTRY,CHL,AMR,Americas,YEAR,2022,,,,,,,,,3500 [2900-4200],3500,2900,4200,,2025-11-11T15:08:09Z,2022,2022-01-01,2022-12-31
3523447,TB_e_inc_num,COUNTRY,SYR,EMR,Eastern Mediterranean,YEAR,2021,,,,,,,,,5300 [4300-6400],5300,4300,6400,,2025-11-11T15:08:09Z,2021,2021-01-01,2021-12-31
3523777,TB_e_inc_num,COUNTRY,ESP,EUR,Europe,YEAR,2008,,,,,,,,,10 000 [8400-12 000],10000,8400,12000,,2025-11-11T15:08:09Z,2008,2008-01-01,2008-12-31
3529017,TB_e_inc_num,COUNTRY,BDI,AFR,Africa,YEAR,2008,,,,,,,,,14 000 [8200-31 000],14000,8200,31000,,2025-11-11T15:08:09Z,2008,2008-01-01,2008-12-31
3534971,TB_e_inc_num,COUNTRY,CIV,AFR,Africa,YEAR,2008,,,,,,,,,47 000 [27 000-101 000],47000,27000,101000,,2025-11-11T15:08:09Z,2008,2008-01-01,2008-12-31
3540480,TB_e_inc_num,COUNTRY,KGZ,EUR,Europe,YEAR,2006,,,,,,,,,13 000 [10 000-15 000],13000,10000,15000,,2025-11-11T15:08:09Z,2006,2006-01-01,2006-12-31
3540687,TB_e_inc_num,COUNTRY,KOR,WPR,Western Pacific,YEAR,2024,,,,,,,,,18 000 [17 000-19 000],18000,17000,19000,,2025-11-11T15:08:09Z,2024,2024-01-01,2024-12-31
3541011,TB_e_inc_num,COUNTRY,KIR,WPR,Western Pacific,YEAR,2016,,,,,,,,,1200 [970-1400],1200,970,1400,,2025-11-11T15:08:09Z,2016,2016-01-01,2016-12-31
3541722,TB_e_inc_num,COUNTRY,HND,AMR,Americas,YEAR,2006,,,,,,,,,6400 [5200-7800],6400,5200,7800,,2025-11-11T15:08:09Z,2006,2006-01-01,2006-12-31
3548851,TB_e_inc_num,COUNTRY,TKM,EUR,Europe,YEAR,2001,,,,,,,,,8300 [6700-10 000],8300,6700,10000,,2025-11-11T15:08:09Z,2001,2001-01-01,2001-12-31
3555070,TB_e_inc_num,COUNTRY,NER,AFR,Africa,YEAR,2015,,,,,,,,,20 000 [11 000-41 000],20000,11000,41000,,2025-11-11T15:08:09Z,2015,2015-01-01,2015-12-31
3559267,TB_e_inc_num,COUNTRY,BFA,AFR,Africa,YEAR,2012,,,,,,,,,12 000 [7700-24 000],12000,7700,24000,,2025-11-11T15:08:09Z,2012,2012-01-01,2012-12-31
3567968,TB_e_inc_num,COUNTRY,MUS,AFR,Africa,YEAR,2002,,,,,,,,,320 [260-390],320,260,390,,2025-11-11T15:08:09Z,2002,2002-01-01,2002-12-31
3573214,TB_e_inc_num,COUNTRY,BFA,AFR,Africa,YEAR,2019,,,,,,,,,13 000 [8100-25 000],13000,8100,25000,,2025-11-11T15:08:09Z,2019,2019-01-01,2019-12-31
3578724,TB_e_inc_num,COUNTRY,CAF,AFR,Africa,YEAR,2003,,,,,,,,,26 000 [16 000-49 000],26000,16000,49000,,2025-11-11T15:08:09Z,2003,2003-01-01,2003-12-31
3579996,TB_e_inc_num,COUNTRY,BFA,AFR,Africa,YEAR,2017,,,,,,,,,13 000 [8000-25 000],13000,8000,25000,,2025-11-11T15:08:09Z,2017,2017-01-01,2017-12-31
3584846,TB_e_inc_num,COUNTRY,GTM,AMR,Americas,YEAR,2015,,,,,,,,,3700 [3000-4500],3700,3000,4500,,2025-11-11T15:08:09Z,2015,2015-01-01,2015-12-31
3585151,TB_e_inc_num,COUNTRY,MLI,AFR,Africa,YEAR,2019,,,,,,,,,12 000 [7300-23 000],12000,7300,23000,,2025-11-11T15:08:09Z,2019,2019-01-01,2019-12-31
3586186,TB_e_inc_num,REGION,AFR,,,YEAR,2016,,,,,,,,,2 780 000 [2 380 000-3 210 000],2780000,2380000,3210000,,2025-11-11T15:08:09Z,2016,2016-01-01,2016-12-31
3586449,TB_e_inc_num,COUNTRY,CMR,AFR,Africa,YEAR,2002,,,,,,,,,27 000 [15 000-63 000],27000,15000,63000,,2025-11-11T15:08:09Z,2002,2002-01-01,2002-12-31
3592440,TB_e_inc_num,COUNTRY,PER,AMR,Americas,YEAR,2008,,,,,,,,,52 000 [43 000-63 000],52000,43000,63000,,2025-11-11T15:08:09Z,2008,2008-01-01,2008-12-31
3597102,TB_e_inc_num,COUNTRY,MDG,AFR,Africa,YEAR,2001,,,,,,,,,37 000 [19 000-100 000],37000,19000,100000,,2025-11-11T15:08:09Z,2001,2001-01-01,2001-12-31
3599049,TB_e_inc_num,COUNTRY,MMR,SEAR,South-East Asia,YEAR,2010,,,,,,,,,245 000 [100 000-453 000],245000,100000,453000,,2025-11-11T15:08:09Z,2010,2010-01-01,2010-12-31
3600132,TB_e_inc_num,COUNTRY,UKR,EUR,Europe,YEAR,2001,,,,,,,,,100 000 [82 000-121 000],100000,82000,121000,,2025-11-11T15:08:09Z,2001,2001-01-01,2001-12-31
3612909,TB_e_inc_num,COUNTRY,BRN,WPR,Western Pacific,YEAR,2016,,,,,,,,,320 [260-390],320,260,390,,2025-11-11T15:08:09Z,2016,2016-01-01,2016-12-31
3616702,TB_e_inc_num,COUNTRY,COM,AFR,Africa,YEAR,2018,,,,,,,,,300 [180-590],300,180,590,,2025-11-11T15:08:09Z,2018,2018-01-01,2018-12-31
3616872,TB_e_inc_num,COUNTRY,AZE,EUR,Europe,YEAR,2007,,,,,,,,,15 000 [13 000-19 000],15000,13000,19000,,2025-11-11T15:08:09Z,2007,2007-01-01,2007-12-31
3622517,TB_e_inc_num,COUNTRY,TCD,AFR,Africa,YEAR,2012,,,,,,,,,22 000 [13 000-50 000],22000,13000,50000,,2025-11-11T15:08:09Z,2012,2012-01-01,2012-12-31
3622697,TB_e_inc_num,COUNTRY,BGR,EUR,Europe,YEAR,2001,,,,,,,,,7500 [6100-9000],7500,6100,9000,,2025-11-11T15:08:09Z,2001,2001-01-01,2001-12-31
3622858,TB_e_inc_num,REGION,AFR,,,YEAR,2021,,,,,,,,,2 630 000 [2 260 000-3 030 000],2630000,2260000,3030000,,2025-11-11T15:08:09Z,2021,2021-01-01,2021-12-31
3624645,TB_e_inc_num,COUNTRY,ERI,AFR,Africa,YEAR,2000,,,,,,,,,32 000 [26 000-39 000],32000,26000,39000,,2025-11-11T15:08:09Z,2000,2000-01-01,2000-12-31
3625693,TB_e_inc_num,COUNTRY,KNA,AMR,Americas,YEAR,2004,,,,,,,,,2 [2-2],2,2,2,,2025-11-11T15:08:09Z,2004,2004-01-01,2004-12-31
3626086,TB_e_inc_num,COUNTRY,HTI,AMR,Americas,YEAR,2010,,,,,,,,,40 000 [32 000-48 000],40000,32000,48000,,2025-11-11T15:08:09Z,2010,2010-01-01,2010-12-31
3629409,TB_e_inc_num,COUNTRY,MOZ,AFR,Africa,YEAR,2021,,,,,,,,,114 000 [70 000-170 000],114000,70000,170000,,2025-11-11T15:08:09Z,2021,2021-01-01,2021-12-31
3636080,TB_e_inc_num,COUNTRY,AUT,EUR,Europe,YEAR,2017,,,,,,,,,670 [540-800],670,540,800,,2025-11-11T15:08:09Z,2017,2017-01-01,2017-12-31
3636171,TB_e_inc_num,COUNTRY,KIR,WPR,Western Pacific,YEAR,2004,,,,,,,,,1200 [980-1500],1200,980,1500,,2025-11-11T15:08:09Z,2004,2004-01-01,2004-12-31
3643401,TB_e_inc_num,COUNTRY,HKG,,,YEAR,2008,,,,,,,,,11 000 [8600-13 000],11000,8600,13000,,2025-11-11T15:08:09Z,2008,2008-01-01,2008-12-31
3653942,TB_e_inc_num,COUNTRY,BRB,AMR,Americas,YEAR,2018,,,,,,,,,1 [1-1],1,1,1,,2025-11-11T15:08:09Z,2018,2018-01-01,2018-12-31
3660210,TB_e_inc_num,COUNTRY,BGR,EUR,Europe,YEAR,2005,,,,,,,,,5700 [4700-6900],5700,4700,6900,,2025-11-11T15:08:09Z,2005,2005-01-01,2005-12-31
3660560,TB_e_inc_num,COUNTRY,IRN,EMR,Eastern Mediterranean,YEAR,2003,,,,,,,,,26 000 [21 000-31 000],26000,21000,31000,,2025-11-11T15:08:09Z,2003,2003-01-01,2003-12-31
3663509,TB_e_inc_num,COUNTRY,GUY,AMR,Americas,YEAR,2019,,,,,,,,,640 [520-780],640,520,780,,2025-11-11T15:08:09Z,2019,2019-01-01,2019-12-31
3663756,TB_e_inc_num,COUNTRY,ESP,EUR,Europe,YEAR,2019,,,,,,,,,4700 [3900-5700],4700,3900,5700,,2025-11-11T15:08:09Z,2019,2019-01-01,2019-12-31
3667053,TB_e_inc_num,COUNTRY,MDG,AFR,Africa,YEAR,2004,,,,,,,,,43 000 [23 000-105 000],43000,23000,105000,,2025-11-11T15:08:09Z,2004,2004-01-01,2004-12-31
3668587,TB_e_inc_num,COUNTRY,COG,AFR,Africa,YEAR,2011,,,,,,,,,19 000 [11 000-42 000],19000,11000,42000,,2025-11-11T15:08:09Z,2011,2011-01-01,2011-12-31
3674013,TB_e_inc_num,COUNTRY,MHL,WPR,Western Pacific,YEAR,2008,,,,,,,,,260 [220-320],260,220,320,,2025-11-11T15:08:09Z,2008,2008-01-01,2008-12-31
3674784,TB_e_inc_num,COUNTRY,IDN,WPR,Western Pacific,YEAR,2007,,,,,,,,,837 000 [754 000-925 000],837000,754000,925000,,2025-11-11T15:08:09Z,2007,2007-01-01,2007-12-31
3679876,TB_e_inc_num,COUNTRY,MKD,EUR,Europe,YEAR,2002,,,,,,,,,1300 [1000-1600],1300,1000,1600,,2025-11-11T15:08:09Z,2002,2002-01-01,2002-12-31
3686065,TB_e_inc_num,COUNTRY,LAO,WPR,Western Pacific,YEAR,2006,,,,,,,,,15 000 [7100-27 000],15000,7100,27000,,2025-11-11T15:08:09Z,2006,2006-01-01,2006-12-31
3686866,TB_e_inc_num,COUNTRY,LVA,EUR,Europe,YEAR,2020,,,,,,,,,450 [360-540],450,360,540,,2025-11-11T15:08:09Z,2020,2020-01-01,2020-12-31
3686926,TB_e_inc_num,WORLDBANKINCOMEGROUP,WB_HI,,,YEAR,2014,,,,,,,,,283 000 [229 000-342 000],283000,229000,342000,,2025-11-11T15:08:09Z,2014,2014-01-01,2014-12-31
3687917,TB_e_inc_num,COUNTRY,LTU,EUR,Europe,YEAR,2010,,,,,,,,,3100 [2500-3700],3100,2500,3700,,2025-11-11T15:08:09Z,2010,2010-01-01,2010-12-31
3687966,TB_e_inc_num,COUNTRY,CAF,AFR,Africa,YEAR,2012,,,,,,,,,25 000 [15 000-46 000],25000,15000,46000,,2025-11-11T15:08:09Z,2012,2012-01-01,2012-12-31
3693044,TB_e_inc_num,COUNTRY,TUV,WPR,Western Pacific,YEAR,2001,,,,,,,,,16 [13-19],16,13,19,,2025-11-11T15:08:09Z,2001,2001-01-01,2001-12-31
3700189,TB_e_inc_num,COUNTRY,MRT,AFR,Africa,YEAR,2004,,,,,,,,,5800 [3200-14 000],5800,3200,14000,,2025-11-11T15:08:09Z,2004,2004-01-01,2004-12-31
3700649,TB_e_inc_num,COUNTRY,TKM,EUR,Europe,YEAR,2018,,,,,,,,,2900 [2400-3500],2900,2400,3500,,2025-11-11T15:08:09Z,2018,2018-01-01,2018-12-31
3701980,TB_e_inc_num,COUNTRY,AFG,EMR,Eastern Mediterranean,YEAR,2020,,,,,,,,,80 000 [48 000-154 000],80000,48000,154000,,2025-11-11T15:08:09Z,2020,2020-01-01,2020-12-31
3712560,TB_e_inc_num,COUNTRY,MNG,WPR,Western Pacific,YEAR,2021,,,,,,,,,14 000 [7300-23 000],14000,7300,23000,,2025-11-11T15:08:09Z,2021,2021-01-01,2021-12-31
3713051,TB_e_inc_num,COUNTRY,DEU,EUR,Europe,YEAR,2014,,,,,,,,,4800 [4300-5200],4800,4300,5200,,2025-11-11T15:08:09Z,2014,2014-01-01,2014-12-31
3714144,TB_e_inc_num,COUNTRY,PRY,AMR,Americas,YEAR,2006,,,,,,,,,4500 [3700-5400],4500,3700,5400,,2025-11-11T15:08:09Z,2006,2006-01-01,2006-12-31
3719437,TB_e_inc_num,COUNTRY,MLI,AFR,Africa,YEAR,2008,,,,,,,,,11 000 [6600-24 000],11000,6600,24000,,2025-11-11T15:08:09Z,2008,2008-01-01,2008-12-31
3720909,TB_e_inc_num,COUNTRY,MUS,AFR,Africa,YEAR,2010,,,,,,,,,230 [190-280],230,190,280,,2025-11-11T15:08:09Z,2010,2010-01-01,2010-12-31
3721085,TB_e_inc_num,COUNTRY,IRL,EUR,Europe,YEAR,2022,,,,,,,,,240 [190-290],240,190,290,,2025-11-11T15:08:09Z,2022,2022-01-01,2022-12-31
3724656,TB_e_inc_num,COUNTRY,ISL,EUR,Europe,YEAR,2010,,,,,,,,,22 [18-27],22,18,27,,2025-11-11T15:08:09Z,2010,2010-01-01,2010-12-31
3730652,TB_e_inc_num,COUNTRY,UKR,EUR,Europe,YEAR,2019,,,,,,,,,34 000 [28 000-41 000],34000,28000,41000,,2025-11-11T15:08:09Z,2019,2019-01-01,2019-12-31
3732126,TB_e_inc_num,COUNTRY,TGO,AFR,Africa,YEAR,2001,,,,,,,,,3200 [1700-8400],3200,1700,8400,,2025-11-11T15:08:09Z,2001,2001-01-01,2001-12-31
3736520,TB_e_inc_num,COUNTRY,MRT,AFR,Africa,YEAR,2007,,,,,,,,,5500 [3100-12 000],5500,3100,12000,,2025-11-11T15:08:09Z,2007,2007-01-01,2007-12-31
3737276,TB_e_inc_num,COUNTRY,ESP,EUR,Europe,YEAR,2014,,,,,,,,,5800 [4700-7000],5800,4700,7000,,2025-11-11T15:08:09Z,2014,2014-01-01,2014-12-31
3737454,TB_e_inc_num,COUNTRY,IDN,WPR,Western Pacific,YEAR,2020,,,,,,,,,840 000 [759 000-924 000],840000,759000,924000,,2025-11-11T15:08:09Z,2020,2020-01-01,2020-12-31
3745057,TB_e_inc_num,COUNTRY,FIN,EUR,Europe,YEAR,2015,,,,,,,,,310 [250-370],310,250,370,,2025-11-11T15:08:09Z,2015,2015-01-01,2015-12-31
3745607,TB_e_inc_num,COUNTRY,MDV,SEAR,South-East Asia,YEAR,2002,,,,,,,,,360 [290-430],360,290,430,,2025-11-11T15:08:09Z,2002,2002-01-01,2002-12-31
3750781,TB_e_inc_num,COUNTRY,NIU,WPR,Western Pacific,YEAR,2001,,,,,,,,,0 [0-0],0,0,0,,2025-11-11T15:08:09Z,2001,2001-01-01,2001-12-31
3751249,TB_e_inc_num,COUNTRY,QAT,EMR,Eastern Mediterranean,YEAR,2018,,,,,,,,,1000 [840-1300],1000,840,1300,,2025-11-11T15:08:09Z,2018,2018-01-01,2018-12-31
3752619,TB_e_inc_num,COUNTRY,DNK,EUR,Europe,YEAR,2013,,,,,,,,,420 [340-500],420,340,500,,2025-11-11T15:08:09Z,2013,2013-01-01,2013-12-31
3762062,TB_e_inc_num,COUNTRY,GTM,AMR,Americas,YEAR,2008,,,,,,,,,3700 [3000-4400],3700,3000,4400,,2025-11-11T15:08:09Z,2008,2008-01-01,2008-12-31
3769263,TB_e_inc_num,COUNTRY,MDV,SEAR,South-East Asia,YEAR,2001,,,,,,,,,400 [330-490],400,330,490,,2025-11-11T15:08:09Z,2001,2001-01-01,2001-12-31
3777024,TB_e_inc_num,COUNTRY,COD,AFR,Africa,YEAR,2019,,,,,,,,,388 000 [237 000-745 000],388000,237000,745000,,2025-11-11T15:08:09Z,2019,2019-01-01,2019-12-31
3782085,TB_e_inc_num,COUNTRY,SEN,AFR,Africa,YEAR,2022,,,,,,,,,24 000 [14 000-45 000],24000,14000,45000,,2025-11-11T15:08:09Z,2022,2022-01-01,2022-12-31
3782412,TB_e_inc_num,COUNTRY,CAF,AFR,Africa,YEAR,2004,,,,,,,,,26 000 [16 000-50 000],26000,16000,50000,,2025-11-11T15:08:09Z,2004,2004-01-01,2004-12-31
3787826,TB_e_inc_num,COUNTRY,KHM,WPR,Western Pacific,YEAR,2011,,,,,,,,,61 000 [45 000-83 000],61000,45000,83000,,2025-11-11T15:08:09Z,2011,2011-01-01,2011-12-31
3788664,TB_e_inc_num,COUNTRY,KNA,AMR,Americas,YEAR,2013,,,,,,,,,0 [0-0],0,0,0,,2025-11-11T15:08:09Z,2013,2013-01-01,2013-12-31
3790678,TB_e_inc_num,COUNTRY,GTM,AMR,Americas,YEAR,2007,,,,,,,,,3500 [2900-4300],3500,2900,4300,,2025-11-11T15:08:09Z,2007,2007-01-01,2007-12-31
3790758,TB_e_inc_num,COUNTRY,DMA,AMR,Americas,YEAR,2019,,,,,,,,,10 [8-12],10,8,12,,2025-11-11T15:08:09Z,2019,2019-01-01,2019-12-31
3800977,TB_e_inc_num,COUNTRY,MAC,,,YEAR,2000,,,,,,,,,1100 [880-1300],1100,880,1300,,2025-11-11T15:08:09Z,2000,2000-01-01,2000-12-31
3807043,TB_e_inc_num,COUNTRY,TON,WPR,Western Pacific,YEAR,2013,,,,,,,,,10 [8-12],10,8,12,,2025-11-11T15:08:09Z,2013,2013-01-01,2013-12-31
3807261,TB_e_inc_num,COUNTRY,GRD,AMR,Americas,YEAR,2022,,,,,,,,,1 [1-1],1,1,1,,2025-11-11T15:08:09Z,2022,2022-01-01,2022-12-31
3808810,TB_e_inc_num,COUNTRY,MWI,AFR,Africa,YEAR,2002,,,,,,,,,48 000 [4600-139 000],48000,4600,139000,,2025-11-11T15:08:09Z,2002,2002-01-01,2002-12-31
3809505,TB_e_inc_num,COUNTRY,QAT,EMR,Eastern Mediterranean,YEAR,2004,,,,,,,,,610 [500-730],610,500,730,,2025-11-11T15:08:09Z,2004,2004-01-01,2004-12-31
3822230,TB_e_inc_num,COUNTRY,UZB,EUR,Europe,YEAR,2013,,,,,,,,,25 000 [20 000-30 000],25000,20000,30000,,2025-11-11T15:08:09Z,2013,2013-01-01,2013-12-31
3825962,TB_e_inc_num,COUNTRY,BDI,AFR,Africa,YEAR,2011,,,,,,,,,14 000 [8400-30 000],14000,8400,30000,,2025-11-11T15:08:09Z,2011,2011-01-01,2011-12-31
3826042,TB_e_inc_num,COUNTRY,ALB,EUR,Europe,YEAR,2001,,,,,,,,,620 [510-750],620,510,750,,2025-11-11T15:08:09Z,2001,2001-01-01,2001-12-31
3826684,TB_e_inc_num,COUNTRY,MLT,EUR,Europe,YEAR,2005,,,,,,,,,22 [18-27],22,18,27,,2025-11-11T15:08:09Z,2005,2005-01-01,2005-12-31
3828532,TB_e_inc_num,COUNTRY,PRY,AMR,Americas,YEAR,2015,,,,,,,,,3400 [2800-4100],3400,2800,4100,,2025-11-11T15:08:09Z,2015,2015-01-01,2015-12-31
3834915,TB_e_inc_num,COUNTRY,PNG,WPR,Western Pacific,YEAR,2013,,,,,,,,,48 000 [27 000-108 000],48000,27000,108000,,2025-11-11T15:08:09Z,2013,2013-01-01,2013-12-31
3834983,TB_e_inc_num,REGION,AMR,,,YEAR,2010,,,,,,,,,315 000 [294 000-338 000],315000,294000,338000,,2025-11-11T15:08:09Z,2010,2010-01-01,2010-12-31
3835138,TB_e_inc_num,COUNTRY,GBR,EUR,Europe,YEAR,2000,,,,,,,,,7000 [6500-7500],7000,6500,7500,,2025-11-11T15:08:09Z,2000,2000-01-01,2000-12-31
3835417,TB_e_inc_num,COUNTRY,TJK,EUR,Europe,YEAR,2010,,,,,,,,,13 000 [11 000-16 000],13000,11000,16000,,2025-11-11T15:08:09Z,2010,2010-01-01,2010-12-31
3838790,TB_e_inc_num,COUNTRY,ERI,AFR,Africa,YEAR,2001,,,,,,,,,12 000 [10 000-15 000],12000,10000,15000,,2025-11-11T15:08:09Z,2001,2001-01-01,2001-12-31
3840352,TB_e_inc_num,COUNTRY,SVN,EUR,Europe,YEAR,2024,,,,,,,,,54 [44-65],54,44,65,,2025-11-11T15:08:09Z,2024,2024-01-01,2024-12-31
3845785,TB_e_inc_num,COUNTRY,KHM,WPR,Western Pacific,YEAR,2004,,,,,,,,,90 000 [64 000-123 000],90000,64000,123000,,2025-11-11T15:08:09Z,2004,2004-01-01,2004-12-31
3847062,TB_e_inc_num,COUNTRY,FSM,WPR,Western Pacific,YEAR,2005,,,,,,,,,300 [250-360],300,250,360,,2025-11-11T15:08:09Z,2005,2005-01-01,2005-12-31
3857957,TB_e_inc_num,COUNTRY,MNG,WPR,Western Pacific,YEAR,2003,,,,,,,,,11 000 [5600-18 000],11000,5600,18000,,2025-11-11T15:08:09Z,2003,2003-01-01,2003-12-31
3860270,TB_e_inc_num,COUNTRY,NER,AFR,Africa,YEAR,2007,,,,,,,,,19 000 [11 000-44 000],19000,11000,44000,,2025-11-11T15:08:09Z,2007,2007-01-01,2007-12-31
3863637,TB_e_inc_num,COUNTRY,DMA,AMR,Americas,YEAR,2016,,,,,,,,,5 [4-6],5,4,6,,2025-11-11T15:08:09Z,2016,2016-01-01,2016-12-31
3866385,TB_e_inc_num,COUNTRY,SEN,AFR,Africa,YEAR,2013,,,,,,,,,24 000 [14 000-49 000],24000,14000,49000,,2025-11-11T15:08:09Z,2013,2013-01-01,2013-12-31
3879634,TB_e_inc_num,COUNTRY,LVA,EUR,Europe,YEAR,2002,,,,,,,,,3900 [3200-4700],3900,3200,4700,,2025-11-11T15:08:09Z,2002,2002-01-01,2002-12-31
3884163,TB_e_inc_num,COUNTRY,LSO,AFR,Africa,YEAR,2023,,,,,,,,,14 000 [7800-20 000],14000,7800,20000,,2025-11-11T15:08:09Z,2023,2023-01-01,2023-12-31
3885722,TB_e_inc_num,COUNTRY,MCO,EUR,Europe,YEAR,2004,,,,,,,,,0 [0-0],0,0,0,,2025-11-11T15:08:09Z,2004,2004-01-01,2004-12-31
3889658,TB_e_inc_num,COUNTRY,IRQ,EMR,Eastern Mediterranean,YEAR,2024,,,,,,,,,9800 [7900-12 000],9800,7900,12000,,2025-11-11T15:08:09Z,2024,2024-01-01,2024-12-31
3891902,TB_e_inc_num,COUNTRY,GUY,AMR,Americas,YEAR,2006,,,,,,,,,1200 [1000-1500],1200,1000,1500,,2025-11-11T15:08:09Z,2006,2006-01-01,2006-12-31
3895159,TB_e_inc_num,COUNTRY,LUX,EUR,Europe,YEAR,2011,,,,,,,,,32 [26-39],32,26,39,,2025-11-11T15:08:09Z,2011,2011-01-01,2011-12-31
3903825,TB_e_inc_num,COUNTRY,MEX,AMR,Americas,YEAR,2019,,,,,,,,,32 000 [26 000-39 000],32000,26000,39000,,2025-11-11T15:08:09Z,2019,2019-01-01,2019-12-31
3904783,TB_e_inc_num,COUNTRY,ARE,EMR,Eastern Mediterranean,YEAR,2022,,,,,,,,,79 [65-96],79,65,96,,2025-11-11T15:08:09Z,2022,2022-01-01,2022-12-31
3908789,TB_e_inc_num,COUNTRY,COD,AFR,Africa,YEAR,2002,,,,,,,,,316 000 [194 000-607 000],316000,194000,607000,,2025-11-11T15:08:09Z,2002,2002-01-01,2002-12-31
3914120,TB_e_inc_num,COUNTRY,LTU,EUR,Europe,YEAR,2000,,,,,,,,,6300 [5100-7600],6300,5100,7600,,2025-11-11T15:08:09Z,2000,2000-01-01,2000-12-31
3915062,TB_e_inc_num,REGION,EUR,,,YEAR,2005,,,,,,,,,541 000 [455 000-635 000],541000,455000,635000,,2025-11-11T15:08:09Z,2005,2005-01-01,2005-12-31
3920294,TB_e_inc_num,COUNTRY,BFA,AFR,Africa,YEAR,2013,,,,,,,,,13 000 [7700-24 000],13000,7700,24000,,2025-11-11T15:08:09Z,2013,2013-01-01,2013-12-31
3920769,TB_e_inc_num,COUNTRY,ROU,EUR,Europe,YEAR,2024,,,,,,,,,11 000 [9300-14 000],11000,9300,14000,,2025-11-11T15:08:09Z,2024,2024-01-01,2024-12-31
3922139,TB_e_inc_num,COUNTRY,SEN,AFR,Africa,YEAR,2009,,,,,,,,,23 000 [13 000-47 000],23000,13000,47000,,2025-11-11T15:08:09Z,2009,2009-01-01,2009-12-31
3922204,TB_e_inc_num,COUNTRY,MNG,WPR,Western Pacific,YEAR,2015,,,,,,,,,13 000 [6600-21 000],13000,6600,21000,,2025-11-11T15:08:09Z,2015,2015-01-01,2015-12-31
3927263,TB_e_inc_num,COUNTRY,ARM,EUR,Europe,YEAR,2008,,,,,,,,,3200 [2600-3900],3200,2600,3900,,2025-11-11T15:08:09Z,2008,2008-01-01,2008-12-31
3928811,TB_e_inc_num,COUNTRY,MEX,AMR,Americas,YEAR,2008,,,,,,,,,31 000 [25 000-37 000],31000,25000,37000,,2025-11-11T15:08:09Z,2008,2008-01-01,2008-12-31
3929096,TB_e_inc_num,COUNTRY,PER,AMR,Americas,YEAR,2014,,,,,,,,,41 000 [33 000-49 000],41000,33000,49000,,2025-11-11T15:08:09Z,2014,2014-01-01,2014-12-31
3929693,TB_e_inc_num,COUNTRY,DZA,AFR,Africa,YEAR,2022,,,,,,,,,25 000 [20 000-30 000],25000,20000,30000,,2025-11-11T15:08:09Z,2022,2022-01-01,2022-12-31
3935192,TB_e_inc_num,COUNTRY,SSD,AFR,Africa,YEAR,2018,,,,,,,,,37 000 [23 000-69 000],37000,23000,69000,,2025-11-11T15:08:09Z,2018,2018-01-01,2018-12-31
3939729,TB_e_inc_num,COUNTRY,PHL,WPR,Western Pacific,YEAR,2015,,,,,,,,,580 000 [325 000-906 000],580000,325000,906000,,2025-11-11T15:08:09Z,2015,2015-01-01,2015-12-31
3952992,TB_e_inc_num,COUNTRY,MUS,AFR,Africa,YEAR,2013,,,,,,,,,220 [180-260],220,180,260,,2025-11-11T15:08:09Z,2013,2013-01-01,2013-12-31
3953279,TB_e_inc_num,COUNTRY,ZWE,AFR,Africa,YEAR,2003,,,,,,,,,75 000 [26 000-150 000],75000,26000,150000,,2025-11-11T15:08:09Z,2003,2003-01-01,2003-12-31
3954909,TB_e_inc_num,COUNTRY,ZMB,AFR,Africa,YEAR,2002,,,,,,,,,74 000 [36 000-126 000],74000,36000,126000,,2025-11-11T15:08:09Z,2002,2002-01-01,2002-12-31
3959390,TB_e_inc_num,COUNTRY,SVN,EUR,Europe,YEAR,2010,,,,,,,,,220 [180-270],220,180,270,,2025-11-11T15:08:09Z,2010,2010-01-01,2010-12-31
3959653,TB_e_inc_num,COUNTRY,HUN,EUR,Europe,YEAR,2020,,,,,,,,,490 [400-600],490,400,600,,2025-11-11T15:08:09Z,2020,2020-01-01,2020-12-31
3960545,TB_e_inc_num,COUNTRY,RWA,AFR,Africa,YEAR,2012,,,,,,,,,7800 [5500-10 000],7800,5500,10000,,2025-11-11T15:08:09Z,2012,2012-01-01,2012-12-31
3960663,TB_e_inc_num,COUNTRY,PHL,WPR,Western Pacific,YEAR,2017,,,,,,,,,599 000 [336 000-936 000],599000,336000,936000,,2025-11-11T15:08:09Z,2017,2017-01-01,2017-12-31
3966355,TB_e_inc_num,COUNTRY,NPL,SEAR,South-East Asia,YEAR,2008,,,,,,,,,89 000 [50 000-139 000],89000,50000,139000,,2025-11-11T15:08:09Z,2008,2008-01-01,2008-12-31
3966749,TB_e_inc_num,COUNTRY,PNG,WPR,Western Pacific,YEAR,2020,,,,,,,,,60 000 [36 000-122 000],60000,36000,122000,,2025-11-11T15:08:09Z,2020,2020-01-01,2020-12-31
3967211,TB_e_inc_num,COUNTRY,BFA,AFR,Africa,YEAR,2002,,,,,,,,,11 000 [6900-22 000],11000,6900,22000,,2025-11-11T15:08:09Z,2002,2002-01-01,2002-12-31
3971379,TB_e_inc_num,COUNTRY,CHL,AMR,Americas,YEAR,2011,,,,,,,,,3300 [2700-3900],3300,2700,3900,,2025-11-11T15:08:09Z,2011,2011-01-01,2011-12-31
3972355,TB_e_inc_num,COUNTRY,PRT,EUR,Europe,YEAR,2018,,,,,,,,,2100 [1700-2500],2100,1700,2500,,2025-11-11T15:08:09Z,2018,2018-01-01,2018-12-31
3972963,TB_e_inc_num,COUNTRY,PRT,EUR,Europe,YEAR,2002,,,,,,,,,6000 [4900-7300],6000,4900,7300,,2025-11-11T15:08:09Z,2002,2002-01-01,2002-12-31
3973628,TB_e_inc_num,COUNTRY,VNM,WPR,Western Pacific,YEAR,2004,,,,,,,,,219 000 [87 000-409 000],219000,87000,409000,,2025-11-11T15:08:09Z,2004,2004-01-01,2004-12-31
3973639,TB_e_inc_num,COUNTRY,LCA,AMR,Americas,YEAR,2014,,,,,,,,,6 [5-7],6,5,7,,2025-11-11T15:08:09Z,2014,2014-01-01,2014-12-31
3973744,TB_e_inc_num,COUNTRY,SAU,EMR,Eastern Mediterranean,YEAR,2018,,,,,,,,,3300 [2900-3600],3300,2900,3600,,2025-11-11T15:08:09Z,2018,2018-01-01,2018-12-31
3973940,TB_e_inc_num,COUNTRY,TZA,AFR,Africa,YEAR,2008,,,,,,,,,202 000 [53 000-448 000],202000,53000,448000,,2025-11-11T15:08:09Z,2008,2008-01-01,2008-12-31
3979767,TB_e_inc_num,COUNTRY,DJI,EMR,Eastern Mediterranean,YEAR,2010,,,,,,,,,13 000 [10 000-15 000],13000,10000,15000,,2025-11-11T15:08:09Z,2010,2010-01-01,2010-12-31
3979813,TB_e_inc_num,COUNTRY,SMR,EUR,Europe,YEAR,2005,,,,,,,,,0 [0-0],0,0,0,,2025-11-11T15:08:09Z,2005,2005-01-01,2005-12-31
3983811,TB_e_inc_num,COUNTRY,VEN,AMR,Americas,YEAR,2008,,,,,,,,,10 000 [8500-13 000],10000,8500,13000,,2025-11-11T15:08:09Z,2008,2008-01-01,2008-12-31
3990922,TB_e_inc_num,COUNTRY,ZWE,AFR,Africa,YEAR,2007,,,,,,,,,67 000 [17 000-153 000],67000,17000,153000,,2025-11-11T15:08:09Z,2007,2007-01-01,2007-12-31
3992313,TB_e_inc_num,COUNTRY,JAM,AMR,Americas,YEAR,2019,,,,,,,,,100 [81-120],100,81,120,,2025-11-11T15:08:09Z,2019,2019-01-01,2019-12-31
3992745,TB_e_inc_num,COUNTRY,BIH,EUR,Europe,YEAR,2022,,,,,,,,,680 [550-820],680,550,820,,2025-11-11T15:08:09Z,2022,2022-01-01,2022-12-31
3992808,TB_e_inc_num,COUNTRY,BLZ,AMR,Americas,YEAR,2010,,,,,,,,,240 [190-290],240,190,290,,2025-11-11T15:08:09Z,2010,2010-01-01,2010-12-31
3998369,TB_e_inc_num,COUNTRY,BEL,EUR,Europe,YEAR,2019,,,,,,,,,1000 [830-1200],1000,830,1200,,2025-11-11T15:08:09Z,2019,2019-01-01,2019-12-31
3999754,TB_e_inc_num,COUNTRY,ETH,AFR,Africa,YEAR,2020,,,,,,,,,186 000 [89 000-318 000],186000,89000,318000,,2025-11-11T15:08:09Z,2020,2020-01-01,2020-12-31
4002756,TB_e_inc_num,COUNTRY,LSO,AFR,Africa,YEAR,2010,,,,,,,,,24 000 [9100-45 000],24000,9100,45000,,2025-11-11T15:08:09Z,2010,2010-01-01,2010-12-31
4004286,TB_e_inc_num,COUNTRY,GRC,EUR,Europe,YEAR,2008,,,,,,,,,810 [660-970],810,660,970,,2025-11-11T15:08:09Z,2008,2008-01-01,2008-12-31
4009553,TB_e_inc_num,COUNTRY,BFA,AFR,Africa,YEAR,2016,,,,,,,,,13 000 [8000-25 000],13000,8000,25000,,2025-11-11T15:08:09Z,2016,2016-01-01,2016-12-31
4010143,TB_e_inc_num,COUNTRY,JAM,AMR,Americas,YEAR,2012,,,,,,,,,140 [110-170],140,110,170,,2025-11-11T15:08:09Z,2012,2012-01-01,2012-12-31
4012288,TB_e_inc_num,COUNTRY,TLS,SEAR,South-East Asia,YEAR,2020,,,,,,,,,5100 [3200-9200],5100,3200,9200,,2025-11-11T15:08:09Z,2020,2020-01-01,2020-12-31
4012878,TB_e_inc_num,COUNTRY,SMR,EUR,Europe,YEAR,2006,,,,,,,,,0 [0-0],0,0,0,,2025-11-11T15:08:09Z,2006,2006-01-01,2006-12-31
4016411,TB_e_inc_num,COUNTRY,TGO,AFR,Africa,YEAR,2010,,,,,,,,,5800 [3300-13 000],5800,3300,13000,,2025-11-11T15:08:09Z,2010,2010-01-01,2010-12-31
4022884,TB_e_inc_num,COUNTRY,NLD,EUR,Europe,YEAR,2005,,,,,,,,,1300 [1100-1500],1300,1100,1500,,2025-11-11T15:08:09Z,2005,2005-01-01,2005-12-31
4035451,TB_e_inc_num,COUNTRY,BWA,AFR,Africa,YEAR,2012,,,,,,,,,11 000 [6900-22 000],11000,6900,22000,,2025-11-11T15:08:09Z,2012,2012-01-01,2012-12-31
4042233,TB_e_inc_num,COUNTRY,TUN,EMR,Eastern Mediterranean,YEAR,2007,,,,,,,,,4200 [3400-5000],4200,3400,5000,,2025-11-11T15:08:09Z,2007,2007-01-01,2007-12-31
4042908,TB_e_inc_num,WORLDBANKINCOMEGROUP,WB_HI,,,YEAR,2003,,,,,,,,,412 000 [327 000-507 000],412000,327000,507000,,2025-11-11T15:08:09Z,2003,2003-01-01,2003-12-31
4048804,TB_e_inc_num,REGION,EUR,,,YEAR,2004,,,,,,,,,544 000 [457 000-639 000],544000,457000,639000,,2025-11-11T15:08:09Z,2004,2004-01-01,2004-12-31
4049248,TB_e_inc_num,WORLDBANKINCOMEGROUP,WB_UMI,,,YEAR,2021,,,,,,,,,2 550 000 [2 330 000-2 770 000],2550000,2330000,2770000,,2025-11-11T15:08:09Z,2021,2021-01-01,2021-12-31
4049530,TB_e_inc_num,COUNTRY,VCT,AMR,Americas,YEAR,2017,,,,,,,,,2 [2-2],2,2,2,,2025-11-11T15:08:09Z,2017,2017-01-01,2017-12-31
4061176,TB_e_inc_num,COUNTRY,OMN,EMR,Eastern Mediterranean,YEAR,2002,,,,,,,,,510 [420-620],510,420,620,,2025-11-11T15:08:09Z,2002,2002-01-01,2002-12-31
4061719,TB_e_inc_num,COUNTRY,CHE,EUR,Europe,YEAR,2022,,,,,,,,,400 [320-480],400,320,480,,2025-11-11T15:08:09Z,2022,2022-01-01,2022-12-31
4062674,TB_e_inc_num,COUNTRY,LVA,EUR,Europe,YEAR,2019,,,,,,,,,540 [440-650],540,440,650,,2025-11-11T15:08:09Z,2019,2019-01-01,2019-12-31
4063562,TB_e_inc_num,COUNTRY,CIV,AFR,Africa,YEAR,2015,,,,,,,,,41 000 [24 000-83 000],41000,24000,83000,,2025-11-11T15:08:09Z,2015,2015-01-01,2015-12-31
4066264,TB_e_inc_num,COUNTRY,TON,WPR,Western Pacific,YEAR,2015,,,,,,,,,14 [11-17],14,11,17,,2025-11-11T15:08:09Z,2015,2015-01-01,2015-12-31
4066608,TB_e_inc_num,COUNTRY,SYR,EMR,Eastern Mediterranean,YEAR,2009,,,,,,,,,7700 [6300-9300],7700,6300,9300,,2025-11-11T15:08:09Z,2009,2009-01-01,2009-12-31
4067464,TB_e_inc_num,COUNTRY,CYP,EUR,Europe,YEAR,2004,,,,,,,,,51 [41-61],51,41,61,,2025-11-11T15:08:09Z,2004,2004-01-01,2004-12-31
4068284,TB_e_inc_num,COUNTRY,BLR,EUR,Europe,YEAR,2003,,,,,,,,,12 000 [9900-15 000],12000,9900,15000,,2025-11-11T15:08:09Z,2003,2003-01-01,2003-12-31
4069503,TB_e_inc_num,COUNTRY,SYC,AFR,Africa,YEAR,2020,,,,,,,,,9 [7-11],9,7,11,,2025-11-11T15:08:09Z,2020,2020-01-01,2020-12-31
4076055,TB_e_inc_num,COUNTRY,COL,AMR,Americas,YEAR,2010,,,,,,,,,18 000 [15 000-22 000],18000,15000,22000,,2025-11-11T15:08:09Z,2010,2010-01-01,2010-12-31
4085483,TB_e_inc_num,COUNTRY,COG,AFR,Africa,YEAR,2023,,,,,,,,,18 000 [11 000-35 000],18000,11000,35000,,2025-11-11T15:08:09Z,2023,2023-01-01,2023-12-31
4086757,TB_e_inc_num,COUNTRY,PSE,EMR,Eastern Mediterranean,YEAR,2024,,,,,,,,,16 [13-19],16,13,19,,2025-11-11T15:08:09Z,2024,2024-01-01,2024-12-31
4087636,TB_e_inc_num,COUNTRY,TZA,AFR,Africa,YEAR,2015,,,,,,,,,159 000 [58 000-312 000],159000,58000,312000,,2025-11-11T15:08:09Z,2015,2015-01-01,2015-12-31
4088322,TB_e_inc_num,WORLDBANKINCOMEGROUP,WB_LMI,,,YEAR,2011,,,,,,,,,6 940 000 [5 100 000-9 060 000],6940000,5100000,9060000,,2025-11-11T15:08:09Z,2011,2011-01-01,2011-12-31
4106977,TB_e_inc_num,COUNTRY,LVA,EUR,Europe,YEAR,2017,,,,,,,,,750 [610-900],750,610,900,,2025-11-11T15:08:09Z,2017,2017-01-01,2017-12-31
4107146,TB_e_inc_num,COUNTRY,JOR,EMR,Eastern Mediterranean,YEAR,2023,,,,,,,,,370 [300-450],370,300,450,,2025-11-11T15:08:09Z,2023,2023-01-01,2023-12-31
4107171,TB_e_inc_num,COUNTRY,ETH,AFR,Africa,YEAR,2010,,,,,,,,,244 000 [128 000-396 000],244000,128000,396000,,2025-11-11T15:08:09Z,2010,2010-01-01,2010-12-31
4107420,TB_e_inc_num,COUNTRY,ARE,EMR,Eastern Mediterranean,YEAR,2023,,,,,,,,,81 [66-97],81,66,97,,2025-11-11T15:08:09Z,2023,2023-01-01,2023-12-31
4112110,TB_e_inc_num,COUNTRY,PRT,EUR,Europe,YEAR,2020,,,,,,,,,1600 [1300-1900],1600,1300,1900,,2025-11-11T15:08:09Z,2020,2020-01-01,2020-12-31
4119653,TB_e_inc_num,COUNTRY,GNQ,AFR,Africa,YEAR,2023,,,,,,,,,3800 [2300-7300],3800,2300,7300,,2025-11-11T15:08:09Z,2023,2023-01-01,2023-12-31
4120059,TB_e_inc_num,COUNTRY,NIU,WPR,Western Pacific,YEAR,2014,,,,,,,,,0 [0-0],0,0,0,,2025-11-11T15:08:09Z,2014,2014-01-01,2014-12-31
4120343,TB_e_inc_num,COUNTRY,POL,EUR,Europe,YEAR,2009,,,,,,,,,11 000 [8600-13 000],11000,8600,13000,,2025-11-11T15:08:09Z,2009,2009-01-01,2009-12-31
4125254,TB_e_inc_num,COUNTRY,NIC,AMR,Americas,YEAR,2010,,,,,,,,,4000 [3300-4800],4000,3300,4800,,2025-11-11T15:08:09Z,2010,2010-01-01,2010-12-31
4130012,TB_e_inc_num,COUNTRY,DZA,AFR,Africa,YEAR,2015,,,,,,,,,32 000 [26 000-39 000],32000,26000,39000,,2025-11-11T15:08:09Z,2015,2015-01-01,2015-12-31
4130174,TB_e_inc_num,COUNTRY,FJI,WPR,Western Pacific,YEAR,2020,,,,,,,,,740 [600-890],740,600,890,,2025-11-11T15:08:09Z,2020,2020-01-01,2020-12-31
4130712,TB_e_inc_num,COUNTRY,BHS,AMR,Americas,YEAR,2008,,,,,,,,,71 [58-85],71,58,85,,2025-11-11T15:08:09Z,2008,2008-01-01,2008-12-31
4131032,TB_e_inc_num,COUNTRY,COM,AFR,Africa,YEAR,2001,,,,,,,,,270 [140-640],270,140,640,,2025-11-11T15:08:09Z,2001,2001-01-01,2001-12-31
4137975,TB_e_inc_num,COUNTRY,DOM,AMR,Americas,YEAR,2024,,,,,,,,,5800 [4700-7000],5800,4700,7000,,2025-11-11T15:08:09Z,2024,2024-01-01,2024-12-31
4138019,TB_e_inc_num,COUNTRY,SEN,AFR,Africa,YEAR,2014,,,,,,,,,24 000 [14 000-49 000],24000,14000,49000,,2025-11-11T15:08:09Z,2014,2014-01-01,2014-12-31
4142708,TB_e_inc_num,COUNTRY,FJI,WPR,Western Pacific,YEAR,2019,,,,,,,,,810 [660-980],810,660,980,,2025-11-11T15:08:09Z,2019,2019-01-01,2019-12-31
4142784,TB_e_inc_num,COUNTRY,GRC,EUR,Europe,YEAR,2017,,,,,,,,,550 [450-670],550,450,670,,2025-11-11T15:08:09Z,2017,2017-01-01,2017-12-31
4143602,TB_e_inc_num,COUNTRY,LAO,WPR,Western Pacific,YEAR,2009,,,,,,,,,14 000 [7300-24 000],14000,7300,24000,,2025-11-11T15:08:09Z,2009,2009-01-01,2009-12-31
4149192,TB_e_inc_num,COUNTRY,STP,AFR,Africa,YEAR,2005,,,,,,,,,430 [350-520],430,350,520,,2025-11-11T15:08:09Z,2005,2005-01-01,2005-12-31
4155176,TB_e_inc_num,WORLDBANKINCOMEGROUP,WB_HI,,,YEAR,2017,,,,,,,,,247 000 [208 000-289 000],247000,208000,289000,,2025-11-11T15:08:09Z,2017,2017-01-01,2017-12-31
4155438,TB_e_inc_num,COUNTRY,PRT,EUR,Europe,YEAR,2017,,,,,,,,,2000 [1600-2400],2000,1600,2400,,2025-11-11T15:08:09Z,2017,2017-01-01,2017-12-31
4156320,TB_e_inc_num,COUNTRY,SYC,AFR,Africa,YEAR,2007,,,,,,,,,17 [14-20],17,14,20,,2025-11-11T15:08:09Z,2007,2007-01-01,2007-12-31
4156531,TB_e_inc_num,COUNTRY,AGO,AFR,Africa,YEAR,2020,,,,,,,,,125 000 [81 000-180 000],125000,81000,180000,,2025-11-11T15:08:09Z,2020,2020-01-01,2020-12-31
4157341,TB_e_inc_num,COUNTRY,SVK,EUR,Europe,YEAR,2022,,,,,,,,,170 [140-210],170,140,210,,2025-11-11T15:08:09Z,2022,2022-01-01,2022-12-31
4157984,TB_e_inc_num,COUNTRY,NER,AFR,Africa,YEAR,2013,,,,,,,,,21 000 [12 000-44 000],21000,12000,44000,,2025-11-11T15:08:09Z,2013,2013-01-01,2013-12-31
4162577,TB_e_inc_num,COUNTRY,SVK,EUR,Europe,YEAR,2014,,,,,,,,,400 [330-490],400,330,490,,2025-11-11T15:08:09Z,2014,2014-01-01,2014-12-31
4163699,TB_e_inc_num,COUNTRY,GAB,AFR,Africa,YEAR,2011,,,,,,,,,8500 [5100-17 000],8500,5100,17000,,2025-11-11T15:08:09Z,2011,2011-01-01,2011-12-31
4169288,TB_e_inc_num,COUNTRY,IRL,EUR,Europe,YEAR,2011,,,,,,,,,500 [410-610],500,410,610,,2025-11-11T15:08:09Z,2011,2011-01-01,2011-12-31
4174194,TB_e_inc_num,COUNTRY,SMR,EUR,Europe,YEAR,2010,,,,,,,,,0 [0-0],0,0,0,,2025-11-11T15:08:09Z,2010,2010-01-01,2010-12-31
4175171,TB_e_inc_num,COUNTRY,SLV,AMR,Americas,YEAR,2015,,,,,,,,,3300 [2700-3900],3300,2700,3900,,2025-11-11T15:08:09Z,2015,2015-01-01,2015-12-31
4175817,TB_e_inc_num,COUNTRY,CAN,AMR,Americas,YEAR,2003,,,,,,,,,2200 [1800-2700],2200,1800,2700,,2025-11-11T15:08:09Z,2003,2003-01-01,2003-12-31
4180408,TB_e_inc_num,COUNTRY,ESP,EUR,Europe,YEAR,2015,,,,,,,,,4700 [3900-5700],4700,3900,5700,,2025-11-11T15:08:09Z,2015,2015-01-01,2015-12-31
4181612,TB_e_inc_num,COUNTRY,ZMB,AFR,Africa,YEAR,2011,,,,,,,,,69 000 [36 000-112 000],69000,36000,112000,,2025-11-11T15:08:09Z,2011,2011-01-01,2011-12-31
4182983,TB_e_inc_num,COUNTRY,GNQ,AFR,Africa,YEAR,2022,,,,,,,,,3700 [2300-7200],3700,2300,7200,,2025-11-11T15:08:09Z,2022,2022-01-01,2022-12-31
4183687,TB_e_inc_num,COUNTRY,BLZ,AMR,Americas,YEAR,2008,,,,,,,,,150 [120-180],150,120,180,,2025-11-11T15:08:09Z,2008,2008-01-01,2008-12-31
4187582,TB_e_inc_num,GLOBAL,GLOBAL,,,YEAR,2010,,,,,,,,,11 800 000 [9 350 000-14 500 000],11800000,9350000,14500000,,2025-11-11T15:08:09Z,2010,2010-01-01,2010-12-31
4188793,TB_e_inc_num,COUNTRY,DOM,AMR,Americas,YEAR,2005,,,,,,,,,10 000 [8100-12 000],10000,8100,12000,,2025-11-11T15:08:09Z,2005,2005-01-01,2005-12-31
4190313,TB_e_inc_num,COUNTRY,TLS,SEAR,South-East Asia,YEAR,2002,,,,,,,,,10 000 [3600-74 000],10000,3600,74000,,2025-11-11T15:08:09Z,2002,2002-01-01,2002-12-31
4195355,TB_e_inc_num,COUNTRY,MAR,EMR,Eastern Mediterranean,YEAR,2000,,,,,,,,,32 000 [26 000-39 000],32000,26000,39000,,2025-11-11T15:08:09Z,2000,2000-01-01,2000-12-31
4199669,TB_e_inc_num,COUNTRY,VUT,WPR,Western Pacific,YEAR,2001,,,,,,,,,550 [190-5600],550,190,5600,,2025-11-11T15:08:09Z,2001,2001-01-01,2001-12-31
4212772,TB_e_inc_num,COUNTRY,CPV,AFR,Africa,YEAR,2008,,,,,,,,,610 [490-730],610,490,730,,2025-11-11T15:08:09Z,2008,2008-01-01,2008-12-31
4213211,TB_e_inc_num,COUNTRY,ECU,AMR,Americas,YEAR,2011,,,,,,,,,7600 [6200-9200],7600,6200,9200,,2025-11-11T15:08:09Z,2011,2011-01-01,2011-12-31
4213776,TB_e_inc_num,GLOBAL,GLOBAL,,,YEAR,2004,,,,,,,,,12 100 000 [9 260 000-15 400 000],12100000,9260000,15400000,,2025-11-11T15:08:09Z,2004,2004-01-01,2004-12-31
4225433,TB_e_inc_num,COUNTRY,ITA,EUR,Europe,YEAR,2020,,,,,,,,,2500 [2100-3100],2500,2100,3100,,2025-11-11T15:08:09Z,2020,2020-01-01,2020-12-31
4227920,TB_e_inc_num,COUNTRY,BRN,WPR,Western Pacific,YEAR,2008,,,,,,,,,350 [280-420],350,280,420,,2025-11-11T15:08:09Z,2008,2008-01-01,2008-12-31
4234302,TB_e_inc_num,COUNTRY,PNG,WPR,Western Pacific,YEAR,2008,,,,,,,,,39 000 [20 000-84 000],39000,20000,84000,,2025-11-11T15:08:09Z,2008,2008-01-01,2008-12-31
4234391,TB_e_inc_num,COUNTRY,PLW,WPR,Western Pacific,YEAR,2002,,,,,,,,,11 [9-13],11,9,13,,2025-11-11T15:08:09Z,2002,2002-01-01,2002-12-31
4238478,TB_e_inc_num,COUNTRY,NOR,EUR,Europe,YEAR,2015,,,,,,,,,330 [270-400],330,270,400,,2025-11-11T15:08:09Z,2015,2015-01-01,2015-12-31
4240031,TB_e_inc_num,COUNTRY,DMA,AMR,Americas,YEAR,2005,,,,,,,,,7 [5-8],7,5,8,,2025-11-11T15:08:09Z,2005,2005-01-01,2005-12-31
4240354,TB_e_inc_num,COUNTRY,TUN,EMR,Eastern Mediterranean,YEAR,2024,,,,,,,,,4700 [3900-5700],4700,3900,5700,,2025-11-11T15:08:09Z,2024,2024-01-01,2024-12-31
4243913,TB_e_inc_num,COUNTRY,ALB,EUR,Europe,YEAR,2002,,,,,,,,,670 [540-810],670,540,810,,2025-11-11T15:08:09Z,2002,2002-01-01,2002-12-31
4244836,TB_e_inc_num,COUNTRY,MAR,EMR,Eastern Mediterranean,YEAR,2017,,,,,,,,,35 000 [28 000-42 000],35000,28000,42000,,2025-11-11T15:08:09Z,2017,2017-01-01,2017-12-31
4250718,TB_e_inc_num,COUNTRY,SVN,EUR,Europe,YEAR,2017,,,,,,,,,130 [110-160],130,110,160,,2025-11-11T15:08:09Z,2017,2017-01-01,2017-12-31
4252087,TB_e_inc_num,COUNTRY,JPN,WPR,Western Pacific,YEAR,2010,,,,,,,,,29 000 [23 000-34 000],29000,23000,34000,,2025-11-11T15:08:09Z,2010,2010-01-01,2010-12-31
4258410,TB_e_inc_num,COUNTRY,ISR,EUR,Europe,YEAR,2000,,,,,,,,,770 [630-930],770,630,930,,2025-11-11T15:08:09Z,2000,2000-01-01,2000-12-31
4259966,TB_e_inc_num,REGION,SEAR,,,YEAR,2015,,,,,,,,,4 040 000 [3 270 000-4 890 000],4040000,3270000,4890000,,2025-11-11T15:08:09Z,2015,2015-01-01,2015-12-31
4265198,TB_e_inc_num,COUNTRY,VUT,WPR,Western Pacific,YEAR,2007,,,,,,,,,290 [150-580],290,150,580,,2025-11-11T15:08:09Z,2007,2007-01-01,2007-12-31
4265427,TB_e_inc_num,COUNTRY,EST,EUR,Europe,YEAR,2006,,,,,,,,,720 [590-870],720,590,870,,2025-11-11T15:08:09Z,2006,2006-01-01,2006-12-31
4265551,TB_e_inc_num,COUNTRY,KWT,EMR,Eastern Mediterranean,YEAR,2018,,,,,,,,,1100 [870-1300],1100,870,1300,,2025-11-11T15:08:09Z,2018,2018-01-01,2018-12-31
4269186,TB_e_inc_num,WORLDBANKINCOMEGROUP,WB_HI,,,YEAR,2024,,,,,,,,,168 000 [140 000-197 000],168000,140000,197000,,2025-11-11T15:08:09Z,2024,2024-01-01,2024-12-31
4270683,TB_e_inc_num,COUNTRY,KAZ,EUR,Europe,YEAR,2009,,,,,,,,,25 000 [20 000-30 000],25000,20000,30000,,2025-11-11T15:08:09Z,2009,2009-01-01,2009-12-31
4277969,TB_e_inc_num,COUNTRY,RWA,AFR,Africa,YEAR,2011,,,,,,,,,8100 [5800-11 000],8100,5800,11000,,2025-11-11T15:08:09Z,2011,2011-01-01,2011-12-31
4278001,TB_e_inc_num,COUNTRY,LBY,EMR,Eastern Mediterranean,YEAR,2018,,,,,,,,,2500 [1600-4700],2500,1600,4700,,2025-11-11T15:08:09Z,2018,2018-01-01,2018-12-31
4278271,TB_e_inc_num,COUNTRY,HRV,EUR,Europe,YEAR,2004,,,,,,,,,1700 [1300-2000],1700,1300,2000,,2025-11-11T15:08:09Z,2004,2004-01-01,2004-12-31
4278641,TB_e_inc_num,COUNTRY,FIN,EUR,Europe,YEAR,2001,,,,,,,,,620 [510-750],620,510,750,,2025-11-11T15:08:09Z,2001,2001-01-01,2001-12-31
4281939,TB_e_inc_num,COUNTRY,LBR,AFR,Africa,YEAR,2022,,,,,,,,,12 000 [7400-23 000],12000,7400,23000,,2025-11-11T15:08:09Z,2022,2022-01-01,2022-12-31
4283945,TB_e_inc_num,COUNTRY,BRN,WPR,Western Pacific,YEAR,2010,,,,,,,,,350 [290-430],350,290,430,,2025-11-11T15:08:09Z,2010,2010-01-01,2010-12-31
4284750,TB_e_inc_num,COUNTRY,ALB,EUR,Europe,YEAR,2010,,,,,,,,,480 [390-580],480,390,580,,2025-11-11T15:08:09Z,2010,2010-01-01,2010-12-31
4285275,TB_e_inc_num,COUNTRY,ATG,AMR,Americas,YEAR,2009,,,,,,,,,3 [2-4],3,2,4,,2025-11-11T15:08:09Z,2009,2009-01-01,2009-12-31
4288125,TB_e_inc_num,COUNTRY,MCO,EUR,Europe,YEAR,2014,,,,,,,,,0 [0-0],0,0,0,,2025-11-11T15:08:09Z,2014,2014-01-01,2014-12-31
4288284,TB_e_inc_num,COUNTRY,COM,AFR,Africa,YEAR,2006,,,,,,,,,260 [150-540],260,150,540,,2025-11-11T15:08:09Z,2006,2006-01-01,2006-12-31
4289102,TB_e_inc_num,COUNTRY,MYS,WPR,Western Pacific,YEAR,2012,,,,,,,,,32 000 [26 000-39 000],32000,26000,39000,,2025-11-11T15:08:09Z,2012,2012-01-01,2012-12-31
4291584,TB_e_inc_num,COUNTRY,SUR,AMR,Americas,YEAR,2015,,,,,,,,,210 [170-250],210,170,250,,2025-11-11T15:08:09Z,2015,2015-01-01,2015-12-31
4296951,TB_e_inc_num,COUNTRY,CMR,AFR,Africa,YEAR,2013,,,,,,,,,51 000 [30 000-106 000],51000,30000,106000,,2025-11-11T15:08:09Z,2013,2013-01-01,2013-12-31
4302715,TB_e_inc_num,COUNTRY,MOZ,AFR,Africa,YEAR,2013,,,,,,,,,90 000 [56 000-133 000],90000,56000,133000,,2025-11-11T15:08:09Z,2013,2013-01-01,2013-12-31
4303306,TB_e_inc_num,COUNTRY,NOR,EUR,Europe,YEAR,2000,,,,,,,,,310 [260-380],310,260,380,,2025-11-11T15:08:09Z,2000,2000-01-01,2000-12-31
4303627,TB_e_inc_num,COUNTRY,URY,AMR,Americas,YEAR,2023,,,,,,,,,1500 [1200-1800],1500,1200,1800,,2025-11-11T15:08:09Z,2023,2023-01-01,2023-12-31
4310095,TB_e_inc_num,COUNTRY,SVK,EUR,Europe,YEAR,2006,,,,,,,,,960 [780-1200],960,780,1200,,2025-11-11T15:08:09Z,2006,2006-01-01,2006-12-31
4315788,TB_e_inc_num,COUNTRY,GMB,AFR,Africa,YEAR,2002,,,,,,,,,2900 [2100-3900],2900,2100,3900,,2025-11-11T15:08:09Z,2002,2002-01-01,2002-12-31
4316933,TB_e_inc_num,COUNTRY,TJK,EUR,Europe,YEAR,2014,,,,,,,,,10 000 [8400-12 000],10000,8400,12000,,2025-11-11T15:08:09Z,2014,2014-01-01,2014-12-31
4319945,TB_e_inc_num,COUNTRY,MEX,AMR,Americas,YEAR,2015,,,,,,,,,30 000 [25 000-36 000],30000,25000,36000,,2025-11-11T15:08:09Z,2015,2015-01-01,2015-12-31
4325912,TB_e_inc_num,COUNTRY,GBR,EUR,Europe,YEAR,2009,,,,,,,,,9100 [8400-9800],9100,8400,9800,,2025-11-11T15:08:09Z,2009,2009-01-01,2009-12-31
4326645,TB_e_inc_num,COUNTRY,CZE,EUR,Europe,YEAR,2024,,,,,,,,,530 [430-640],530,430,640,,2025-11-11T15:08:09Z,2024,2024-01-01,2024-12-31
4333199,TB_e_inc_num,COUNTRY,NRU,WPR,Western Pacific,YEAR,2009,,,,,,,,,4 [3-5],4,3,5,,2025-11-11T15:08:09Z,2009,2009-01-01,2009-12-31
4341743,TB_e_inc_num,COUNTRY,UGA,AFR,Africa,YEAR,2023,,,,,,,,,96 000 [58 000-144 000],96000,58000,144000,,2025-11-11T15:08:09Z,2023,2023-01-01,2023-12-31
4347945,TB_e_inc_num,COUNTRY,BLR,EUR,Europe,YEAR,2010,,,,,,,,,7600 [6200-9200],7600,6200,9200,,2025-11-11T15:08:09Z,2010,2010-01-01,2010-12-31
4352582,TB_e_inc_num,COUNTRY,YEM,EMR,Eastern Mediterranean,YEAR,2024,,,,,,,,,16 000 [14 000-19 000],16000,14000,19000,,2025-11-11T15:08:09Z,2024,2024-01-01,2024-12-31
4366065,TB_e_inc_num,COUNTRY,CRI,AMR,Americas,YEAR,2011,,,,,,,,,690 [570-840],690,570,840,,2025-11-11T15:08:09Z,2011,2011-01-01,2011-12-31
4370906,TB_e_inc_num,COUNTRY,BGD,SEAR,South-East Asia,YEAR,2013,,,,,,,,,346 000 [252 000-455 000],346000,252000,455000,,2025-11-11T15:08:09Z,2013,2013-01-01,2013-12-31
4372178,TB_e_inc_num,COUNTRY,DZA,AFR,Africa,YEAR,2017,,,,,,,,,31 000 [25 000-38 000],31000,25000,38000,,2025-11-11T15:08:09Z,2017,2017-01-01,2017-12-31
4377987,TB_e_inc_num,COUNTRY,NPL,SEAR,South-East Asia,YEAR,2003,,,,,,,,,98 000 [55 000-153 000],98000,55000,153000,,2025-11-11T15:08:09Z,2003,2003-01-01,2003-12-31
4378736,TB_e_inc_num,COUNTRY,IRN,EMR,Eastern Mediterranean,YEAR,2024,,,,,,,,,9600 [7800-12 000],9600,7800,12000,,2025-11-11T15:08:09Z,2024,2024-01-01,2024-12-31
4379379,TB_e_inc_num,COUNTRY,BOL,AMR,Americas,YEAR,2011,,,,,,,,,18 000 [15 000-22 000],18000,15000,22000,,2025-11-11T15:08:09Z,2011,2011-01-01,2011-12-31
4379549,TB_e_inc_num,COUNTRY,BEN,AFR,Africa,YEAR,2016,,,,,,,,,6900 [4100-14 000],6900,4100,14000,,2025-11-11T15:08:09Z,2016,2016-01-01,2016-12-31
4388549,TB_e_inc_num,COUNTRY,PSE,EMR,Eastern Mediterranean,YEAR,2015,,,,,,,,,63 [52-76],63,52,76,,2025-11-11T15:08:09Z,2015,2015-01-01,2015-12-31
4388638,TB_e_inc_num,COUNTRY,PRY,AMR,Americas,YEAR,2001,,,,,,,,,5000 [4100-6000],5000,4100,6000,,2025-11-11T15:08:09Z,2001,2001-01-01,2001-12-31
4394942,TB_e_inc_num,COUNTRY,GTM,AMR,Americas,YEAR,2010,,,,,,,,,3700 [3000-4500],3700,3000,4500,,2025-11-11T15:08:09Z,2010,2010-01-01,2010-12-31
4398118,TB_e_inc_num,COUNTRY,BLZ,AMR,Americas,YEAR,2004,,,,,,,,,170 [140-200],170,140,200,,2025-11-11T15:08:09Z,2004,2004-01-01,2004-12-31
4398158,TB_e_inc_num,COUNTRY,MLT,EUR,Europe,YEAR,2004,,,,,,,,,18 [15-22],18,15,22,,2025-11-11T15:08:09Z,2004,2004-01-01,2004-12-31
4401680,TB_e_inc_num,COUNTRY,KHM,WPR,Western Pacific,YEAR,2008,,,,,,,,,72 000 [53 000-97 000],72000,53000,97000,,2025-11-11T15:08:09Z,2008,2008-01-01,2008-12-31
4402503,TB_e_inc_num,COUNTRY,BHS,AMR,Americas,YEAR,2004,,,,,,,,,84 [68-100],84,68,100,,2025-11-11T15:08:09Z,2004,2004-01-01,2004-12-31
4404594,TB_e_inc_num,COUNTRY,FJI,WPR,Western Pacific,YEAR,2021,,,,,,,,,580 [470-700],580,470,700,,2025-11-11T15:08:09Z,2021,2021-01-01,2021-12-31
4410621,TB_e_inc_num,COUNTRY,IND,SEAR,South-East Asia,YEAR,2023,,,,,,,,,2 760 000 [2 380 000-3 210 000],2760000,2380000,3210000,,2025-11-11T15:08:09Z,2023,2023-01-01,2023-12-31
4414161,TB_e_inc_num,COUNTRY,MNG,WPR,Western Pacific,YEAR,2000,,,,,,,,,11 000 [5400-17 000],11000,5400,17000,,2025-11-11T15:08:09Z,2000,2000-01-01,2000-12-31
4415259,TB_e_inc_num,COUNTRY,JAM,AMR,Americas,YEAR,2015,,,,,,,,,140 [120-170],140,120,170,,2025-11-11T15:08:09Z,2015,2015-01-01,2015-12-31
4415869,TB_e_inc_num,COUNTRY,AZE,EUR,Europe,YEAR,2000,,,,,,,,,15 000 [12 000-18 000],15000,12000,18000,,2025-11-11T15:08:09Z,2000,2000-01-01,2000-12-31
4421141,TB_e_inc_num,COUNTRY,NRU,WPR,Western Pacific,YEAR,2019,,,,,,,,,17 [14-20],17,14,20,,2025-11-11T15:08:09Z,2019,2019-01-01,2019-12-31
4422185,TB_e_inc_num,COUNTRY,ESP,EUR,Europe,YEAR,2013,,,,,,,,,6400 [5200-7700],6400,5200,7700,,2025-11-11T15:08:09Z,2013,2013-01-01,2013-12-31
4422812,TB_e_inc_num,COUNTRY,BRB,AMR,Americas,YEAR,2015,,,,,,,,,0 [0-0],0,0,0,,2025-11-11T15:08:09Z,2015,2015-01-01,2015-12-31
4423525,TB_e_inc_num,COUNTRY,KOR,WPR,Western Pacific,YEAR,2009,,,,,,,,,46 000 [43 000-50 000],46000,43000,50000,,2025-11-11T15:08:09Z,2009,2009-01-01,2009-12-31
4426390,TB_e_inc_num,COUNTRY,BOL,AMR,Americas,YEAR,2020,,,,,,,,,11 000 [9100-13 000],11000,9100,13000,,2025-11-11T15:08:09Z,2020,2020-01-01,2020-12-31
4433103,TB_e_inc_num,COUNTRY,SGP,WPR,Western Pacific,YEAR,2004,,,,,,,,,2300 [1900-2800],2300,1900,2800,,2025-11-11T15:08:09Z,2004,2004-01-01,2004-12-31
4441670,TB_e_inc_num,COUNTRY,MHL,WPR,Western Pacific,YEAR,2024,,,,,,,,,150 [130-190],150,130,190,,2025-11-11T15:08:09Z,2024,2024-01-01,2024-12-31
4445256,TB_e_inc_num,COUNTRY,AZE,EUR,Europe,YEAR,2017,,,,,,,,,8400 [6800-10 000],8400,6800,10000,,2025-11-11T15:08:09Z,2017,2017-01-01,2017-12-31
4445624,TB_e_inc_num,COUNTRY,NER,AFR,Africa,YEAR,2005,,,,,,,,,17 000 [9300-40 000],17000,9300,40000,,2025-11-11T15:08:09Z,2005,2005-01-01,2005-12-31
4446652,TB_e_inc_num,COUNTRY,LSO,AFR,Africa,YEAR,2013,,,,,,,,,19 000 [9400-33 000],19000,9400,33000,,2025-11-11T15:08:09Z,2013,2013-01-01,2013-12-31
4446857,TB_e_inc_num,COUNTRY,CIV,AFR,Africa,YEAR,2011,,,,,,,,,46 000 [27 000-98 000],46000,27000,98000,,2025-11-11T15:08:09Z,2011,2011-01-01,2011-12-31
4447382,TB_e_inc_num,REGION,EMR,,,YEAR,2004,,,,,,,,,749 000 [560 000-966 000],749000,560000,966000,,2025-11-11T15:08:09Z,2004,2004-01-01,2004-12-31
4459838,TB_e_inc_num,COUNTRY,GEO,EUR,Europe,YEAR,2010,,,,,,,,,6800 [5500-8200],6800,5500,8200,,2025-11-11T15:08:09Z,2010,2010-01-01,2010-12-31
4470614,TB_e_inc_num,COUNTRY,NRU,WPR,Western Pacific,YEAR,2013,,,,,,,,,7 [6-9],7,6,9,,2025-11-11T15:08:09Z,2013,2013-01-01,2013-12-31
4472067,TB_e_inc_num,COUNTRY,RUS,EUR,Europe,YEAR,2000,,,,,,,,,139 000 [55 000-262 000],139000,55000,262000,,2025-11-11T15:08:09Z,2000,2000-01-01,2000-12-31
4472509,TB_e_inc_num,COUNTRY,BHR,EMR,Eastern Mediterranean,YEAR,2022,,,,,,,,,250 [200-300],250,200,300,,2025-11-11T15:08:09Z,2022,2022-01-01,2022-12-31
4478333,TB_e_inc_num,COUNTRY,ATG,AMR,Americas,YEAR,2018,,,,,,,,,5 [4-6],5,4,6,,2025-11-11T15:08:09Z,2018,2018-01-01,2018-12-31
4478730,TB_e_inc_num,COUNTRY,COD,AFR,Africa,YEAR,2012,,,,,,,,,352 000 [216 000-676 000],352000,216000,676000,,2025-11-11T15:08:09Z,2012,2012-01-01,2012-12-31
4483614,TB_e_inc_num,COUNTRY,RUS,EUR,Europe,YEAR,2005,,,,,,,,,127 000 [55 000-228 000],127000,55000,228000,,2025-11-11T15:08:09Z,2005,2005-01-01,2005-12-31
4484894,TB_e_inc_num,COUNTRY,GUY,AMR,Americas,YEAR,2013,,,,,,,,,970 [790-1200],970,790,1200,,2025-11-11T15:08:09Z,2013,2013-01-01,2013-12-31
4485562,TB_e_inc_num,COUNTRY,HUN,EUR,Europe,YEAR,2024,,,,,,,,,540 [440-650],540,440,650,,2025-11-11T15:08:09Z,2024,2024-01-01,2024-12-31
4489136,TB_e_inc_num,COUNTRY,KNA,AMR,Americas,YEAR,2007,,,,,,,,,4 [3-5],4,3,5,,2025-11-11T15:08:09Z,2007,2007-01-01,2007-12-31
4490198,TB_e_inc_num,COUNTRY,VCT,AMR,Americas,YEAR,2022,,,,,,,,,5 [4-6],5,4,6,,2025-11-11T15:08:09Z,2022,2022-01-01,2022-12-31
4496077,TB_e_inc_num,COUNTRY,COG,AFR,Africa,YEAR,2015,,,,,,,,,18 000 [10 000-37 000],18000,10000,37000,,2025-11-11T15:08:09Z,2015,2015-01-01,2015-12-31
4496561,TB_e_inc_num,COUNTRY,TGO,AFR,Africa,YEAR,2003,,,,,,,,,4200 [2300-10 000],4200,2300,10000,,2025-11-11T15:08:09Z,2003,2003-01-01,2003-12-31
4496640,TB_e_inc_num,COUNTRY,BRN,WPR,Western Pacific,YEAR,2018,,,,,,,,,330 [270-390],330,270,390,,2025-11-11T15:08:09Z,2018,2018-01-01,2018-12-31
4499012,TB_e_inc_num,COUNTRY,TUN,EMR,Eastern Mediterranean,YEAR,2000,,,,,,,,,5600 [4500-6700],5600,4500,6700,,2025-11-11T15:08:09Z,2000,2000-01-01,2000-12-31
4518158,TB_e_inc_num,COUNTRY,LUX,EUR,Europe,YEAR,2012,,,,,,,,,57 [46-68],57,46,68,,2025-11-11T15:08:09Z,2012,2012-01-01,2012-12-31
4522131,TB_e_inc_num,COUNTRY,VUT,WPR,Western Pacific,YEAR,2011,,,,,,,,,270 [150-600],270,150,600,,2025-11-11T15:08:09Z,2011,2011-01-01,2011-12-31
4527784,TB_e_inc_num,COUNTRY,NAM,AFR,Africa,YEAR,2016,,,,,,,,,15 000 [9600-21 000],15000,9600,21000,,2025-11-11T15:08:09Z,2016,2016-01-01,2016-12-31
4528465,TB_e_inc_num,COUNTRY,ARE,EMR,Eastern Mediterranean,YEAR,2021,,,,,,,,,81 [66-97],81,66,97,,2025-11-11T15:08:09Z,2021,2021-01-01,2021-12-31
4528589,TB_e_inc_num,COUNTRY,BIH,EUR,Europe,YEAR,2023,,,,,,,,,640 [520-770],640,520,770,,2025-11-11T15:08:09Z,2023,2023-01-01,2023-12-31
4529169,TB_e_inc_num,COUNTRY,MWI,AFR,Africa,YEAR,2007,,,,,,,,,52 000 [5900-147 000],52000,5900,147000,,2025-11-11T15:08:09Z,2007,2007-01-01,2007-12-31
4533841,TB_e_inc_num,COUNTRY,PLW,WPR,Western Pacific,YEAR,2019,,,,,,,,,6 [5-7],6,5,7,,2025-11-11T15:08:09Z,2019,2019-01-01,2019-12-31
4534201,TB_e_inc_num,COUNTRY,MLI,AFR,Africa,YEAR,2003,,,,,,,,,10 000 [5400-24 000],10000,5400,24000,,2025-11-11T15:08:09Z,2003,2003-01-01,2003-12-31
4542094,TB_e_inc_num,COUNTRY,MLI,AFR,Africa,YEAR,2015,,,,,,,,,12 000 [6900-24 000],12000,6900,24000,,2025-11-11T15:08:09Z,2015,2015-01-01,2015-12-31
4542496,TB_e_inc_num,COUNTRY,UGA,AFR,Africa,YEAR,2012,,,,,,,,,70 000 [46 000-100 000],70000,46000,100000,,2025-11-11T15:08:09Z,2012,2012-01-01,2012-12-31
4548813,TB_e_inc_num,COUNTRY,ARE,EMR,Eastern Mediterranean,YEAR,2010,,,,,,,,,220 [180-270],220,180,270,,2025-11-11T15:08:09Z,2010,2010-01-01,2010-12-31
4553283,TB_e_inc_num,COUNTRY,KIR,WPR,Western Pacific,YEAR,2007,,,,,,,,,1100 [880-1300],1100,880,1300,,2025-11-11T15:08:09Z,2007,2007-01-01,2007-12-31
4558907,TB_e_inc_num,COUNTRY,HTI,AMR,Americas,YEAR,2021,,,,,,,,,24 000 [19 000-29 000],24000,19000,29000,,2025-11-11T15:08:09Z,2021,2021-01-01,2021-12-31
4560098,TB_e_inc_num,COUNTRY,PLW,WPR,Western Pacific,YEAR,2003,,,,,,,,,9 [7-11],9,7,11,,2025-11-11T15:08:09Z,2003,2003-01-01,2003-12-31
4565911,TB_e_inc_num,COUNTRY,SEN,AFR,Africa,YEAR,2006,,,,,,,,,21 000 [12 000-47 000],21000,12000,47000,,2025-11-11T15:08:09Z,2006,2006-01-01,2006-12-31
4568951,TB_e_inc_num,COUNTRY,HKG,,,YEAR,2016,,,,,,,,,7000 [5700-8400],7000,5700,8400,,2025-11-11T15:08:09Z,2016,2016-01-01,2016-12-31
4574527,TB_e_inc_num,COUNTRY,THA,SEAR,South-East Asia,YEAR,2012,,,,,,,,,120 000 [64 000-193 000],120000,64000,193000,,2025-11-11T15:08:09Z,2012,2012-01-01,2012-12-31
4578657,TB_e_inc_num,COUNTRY,HND,AMR,Americas,YEAR,2021,,,,,,,,,3900 [3200-4700],3900,3200,4700,,2025-11-11T15:08:09Z,2021,2021-01-01,2021-12-31
4581167,TB_e_inc_num,COUNTRY,MDV,SEAR,South-East Asia,YEAR,2004,,,,,,,,,330 [270-390],330,270,390,,2025-11-11T15:08:09Z,2004,2004-01-01,2004-12-31
4585965,TB_e_inc_num,COUNTRY,COK,WPR,Western Pacific,YEAR,2024,,,,,,,,,1 [1-1],1,1,1,,2025-11-11T15:08:09Z,2024,2024-01-01,2024-12-31
4591326,TB_e_inc_num,COUNTRY,BTN,SEAR,South-East Asia,YEAR,2011,,,,,,,,,3000 [2400-3600],3000,2400,3600,,2025-11-11T15:08:09Z,2011,2011-01-01,2011-12-31
4591789,TB_e_inc_num,COUNTRY,CAF,AFR,Africa,YEAR,2005,,,,,,,,,26 000 [16 000-50 000],26000,16000,50000,,2025-11-11T15:08:09Z,2005,2005-01-01,2005-12-31
4592926,TB_e_inc_num,COUNTRY,BHS,AMR,Americas,YEAR,2019,,,,,,,,,65 [53-79],65,53,79,,2025-11-11T15:08:09Z,2019,2019-01-01,2019-12-31
4594483,TB_e_inc_num,COUNTRY,KGZ,EUR,Europe,YEAR,2017,,,,,,,,,9700 [7900-12 000],9700,7900,12000,,2025-11-11T15:08:09Z,2017,2017-01-01,2017-12-31
4597316,TB_e_inc_num,COUNTRY,ROU,EUR,Europe,YEAR,2001,,,,,,,,,43 000 [35 000-52 000],43000,35000,52000,,2025-11-11T15:08:09Z,2001,2001-01-01,2001-12-31
4597544,TB_e_inc_num,COUNTRY,COL,AMR,Americas,YEAR,2007,,,,,,,,,19 000 [15 000-22 000],19000,15000,22000,,2025-11-11T15:08:09Z,2007,2007-01-01,2007-12-31
4598843,TB_e_inc_num,COUNTRY,KAZ,EUR,Europe,YEAR,2005,,,,,,,,,29 000 [24 000-35 000],29000,24000,35000,,2025-11-11T15:08:09Z,2005,2005-01-01,2005-12-31
4600736,TB_e_inc_num,COUNTRY,EST,EUR,Europe,YEAR,2012,,,,,,,,,360 [290-430],360,290,430,,2025-11-11T15:08:09Z,2012,2012-01-01,2012-12-31
4603976,TB_e_inc_num,COUNTRY,DEU,EUR,Europe,YEAR,2013,,,,,,,,,4600 [4200-5100],4600,4200,5100,,2025-11-11T15:08:09Z,2013,2013-01-01,2013-12-31
4605162,TB_e_inc_num,COUNTRY,MAC,,,YEAR,2008,,,,,,,,,750 [610-900],750,610,900,,2025-11-11T15:08:09Z,2008,2008-01-01,2008-12-31
4612226,TB_e_inc_num,COUNTRY,AGO,AFR,Africa,YEAR,2010,,,,,,,,,112 000 [64 000-242 000],112000,64000,242000,,2025-11-11T15:08:09Z,2010,2010-01-01,2010-12-31
4618188,TB_e_inc_num,REGION,EUR,,,YEAR,2008,,,,,,,,,482 000 [394 000-579 000],482000,394000,579000,,2025-11-11T15:08:09Z,2008,2008-01-01,2008-12-31
4623668,TB_e_inc_num,COUNTRY,CRI,AMR,Americas,YEAR,2014,,,,,,,,,610 [500-740],610,500,740,,2025-11-11T15:08:09Z,2014,2014-01-01,2014-12-31
4624506,TB_e_inc_num,COUNTRY,SVN,EUR,Europe,YEAR,2021,,,,,,,,,93 [76-110],93,76,110,,2025-11-11T15:08:09Z,2021,2021-01-01,2021-12-31
4630537,TB_e_inc_num,COUNTRY,MKD,EUR,Europe,YEAR,2016,,,,,,,,,360 [300-440],360,300,440,,2025-11-11T15:08:09Z,2016,2016-01-01,2016-12-31
4632626,TB_e_inc_num,COUNTRY,DZA,AFR,Africa,YEAR,2014,,,,,,,,,31 000 [25 000-38 000],31000,25000,38000,,2025-11-11T15:08:09Z,2014,2014-01-01,2014-12-31
4635501,TB_e_inc_num,COUNTRY,CHN,WPR,Western Pacific,YEAR,2000,,,,,,,,,1 360 000 [1 110 000-1 640 000],1360000,1110000,1640000,,2025-11-11T15:08:09Z,2000,2000-01-01,2000-12-31
4636047,TB_e_inc_num,REGION,SEAR,,,YEAR,2023,,,,,,,,,3 730 000 [3 290 000-4 190 000],3730000,3290000,4190000,,2025-11-11T15:08:09Z,2023,2023-01-01,2023-12-31
4636239,TB_e_inc_num,COUNTRY,ARG,AMR,Americas,YEAR,2015,,,,,,,,,12 000 [9900-15 000],12000,9900,15000,,2025-11-11T15:08:09Z,2015,2015-01-01,2015-12-31
4637718,TB_e_inc_num,COUNTRY,TTO,AMR,Americas,YEAR,2006,,,,,,,,,370 [300-440],370,300,440,,2025-11-11T15:08:09Z,2006,2006-01-01,2006-12-31
4641847,TB_e_inc_num,COUNTRY,BLR,EUR,Europe,YEAR,2015,,,,,,,,,5100 [4200-6200],5100,4200,6200,,2025-11-11T15:08:09Z,2015,2015-01-01,2015-12-31
4643537,TB_e_inc_num,COUNTRY,MYS,WPR,Western Pacific,YEAR,2023,,,,,,,,,34 000 [28 000-41 000],34000,28000,41000,,2025-11-11T15:08:09Z,2023,2023-01-01,2023-12-31
4648750,TB_e_inc_num,COUNTRY,TUN,EMR,Eastern Mediterranean,YEAR,2015,,,,,,,,,5700 [4600-6900],5700,4600,6900,,2025-11-11T15:08:09Z,2015,2015-01-01,2015-12-31
4649093,TB_e_inc_num,COUNTRY,TLS,SEAR,South-East Asia,YEAR,2015,,,,,,,,,5300 [3200-10 000],5300,3200,10000,,2025-11-11T15:08:09Z,2015,2015-01-01,2015-12-31
4649865,TB_e_inc_num,COUNTRY,BGD,SEAR,South-East Asia,YEAR,2001,,,,,,,,,303 000 [220 000-398 000],303000,220000,398000,,2025-11-11T15:08:09Z,2001,2001-01-01,2001-12-31
4650077,TB_e_inc_num,COUNTRY,JOR,EMR,Eastern Mediterranean,YEAR,2003,,,,,,,,,510 [410-610],510,410,610,,2025-11-11T15:08:09Z,2003,2003-01-01,2003-12-31
4664287,TB_e_inc_num,COUNTRY,SLE,AFR,Africa,YEAR,2016,,,,,,,,,32 000 [19 000-61 000],32000,19000,61000,,2025-11-11T15:08:09Z,2016,2016-01-01,2016-12-31
4674303,TB_e_inc_num,COUNTRY,GNB,AFR,Africa,YEAR,2006,,,,,,,,,4000 [2300-9200],4000,2300,9200,,2025-11-11T15:08:09Z,2006,2006-01-01,2006-12-31
4679556,TB_e_inc_num,COUNTRY,IRN,EMR,Eastern Mediterranean,YEAR,2012,,,,,,,,,21 000 [17 000-25 000],21000,17000,25000,,2025-11-11T15:08:09Z,2012,2012-01-01,2012-12-31
4682038,TB_e_inc_num,COUNTRY,FIN,EUR,Europe,YEAR,2021,,,,,,,,,200 [160-240],200,160,240,,2025-11-11T15:08:09Z,2021,2021-01-01,2021-12-31
4682987,TB_e_inc_num,COUNTRY,GTM,AMR,Americas,YEAR,2019,,,,,,,,,4200 [3400-5000],4200,3400,5000,,2025-11-11T15:08:09Z,2019,2019-01-01,2019-12-31
4686589,TB_e_inc_num,COUNTRY,ISR,EUR,Europe,YEAR,2010,,,,,,,,,430 [350-520],430,350,520,,2025-11-11T15:08:09Z,2010,2010-01-01,2010-12-31
4688233,TB_e_inc_num,COUNTRY,TJK,EUR,Europe,YEAR,2012,,,,,,,,,12 000 [9600-14 000],12000,9600,14000,,2025-11-11T15:08:09Z,2012,2012-01-01,2012-12-31
4689311,TB_e_inc_num,WORLDBANKINCOMEGROUP,WB_LI,,,YEAR,2001,,,,,,,,,946 000 [731 000-1 190 000],946000,731000,1190000,,2025-11-11T15:08:09Z,2001,2001-01-01,2001-12-31
4693917,TB_e_inc_num,COUNTRY,URY,AMR,Americas,YEAR,2007,,,,,,,,,870 [710-1000],870,710,1000,,2025-11-11T15:08:09Z,2007,2007-01-01,2007-12-31
4693976,TB_e_inc_num,COUNTRY,THA,SEAR,South-East Asia,YEAR,2016,,,,,,,,,113 000 [74 000-161 000],113000,74000,161000,,2025-11-11T15:08:09Z,2016,2016-01-01,2016-12-31
4695310,TB_e_inc_num,COUNTRY,NLD,EUR,Europe,YEAR,2016,,,,,,,,,1000 [860-1200],1000,860,1200,,2025-11-11T15:08:09Z,2016,2016-01-01,2016-12-31
4698652,TB_e_inc_num,COUNTRY,GIN,AFR,Africa,YEAR,2017,,,,,,,,,22 000 [13 000-44 000],22000,13000,44000,,2025-11-11T15:08:09Z,2017,2017-01-01,2017-12-31
4705038,TB_e_inc_num,COUNTRY,PHL,WPR,Western Pacific,YEAR,2022,,,,,,,,,714 000 [395 000-1 150 000],714000,395000,1150000,,2025-11-11T15:08:09Z,2022,2022-01-01,2022-12-31
4707281,TB_e_inc_num,COUNTRY,YEM,EMR,Eastern Mediterranean,YEAR,2014,,,,,,,,,13 000 [11 000-15 000],13000,11000,15000,,2025-11-11T15:08:09Z,2014,2014-01-01,2014-12-31
4712803,TB_e_inc_num,COUNTRY,NIC,AMR,Americas,YEAR,2003,,,,,,,,,5300 [4300-6400],5300,4300,6400,,2025-11-11T15:08:09Z,2003,2003-01-01,2003-12-31
4717544,TB_e_inc_num,COUNTRY,BDI,AFR,Africa,YEAR,2002,,,,,,,,,14 000 [7500-35 000],14000,7500,35000,,2025-11-11T15:08:09Z,2002,2002-01-01,2002-12-31
4718015,TB_e_inc_num,COUNTRY,TON,WPR,Western Pacific,YEAR,2000,,,,,,,,,24 [20-29],24,20,29,,2025-11-11T15:08:09Z,2000,2000-01-01,2000-12-31
4721064,TB_e_inc_num,COUNTRY,PER,AMR,Americas,YEAR,2015,,,,,,,,,40 000 [33 000-48 000],40000,33000,48000,,2025-11-11T15:08:09Z,2015,2015-01-01,2015-12-31
4724517,TB_e_inc_num,COUNTRY,BRB,AMR,Americas,YEAR,2024,,,,,,,,,3 [2-3],3,2,3,,2025-11-11T15:08:09Z,2024,2024-01-01,2024-12-31
4725081,TB_e_inc_num,COUNTRY,NIC,AMR,Americas,YEAR,2008,,,,,,,,,4200 [3400-5100],4200,3400,5100,,2025-11-11T15:08:09Z,2008,2008-01-01,2008-12-31
4731430,TB_e_inc_num,COUNTRY,DOM,AMR,Americas,YEAR,2000,,,,,,,,,12 000 [10 000-15 000],12000,10000,15000,,2025-11-11T15:08:09Z,2000,2000-01-01,2000-12-31
4739219,TB_e_inc_num,COUNTRY,OMN,EMR,Eastern Mediterranean,YEAR,2021,,,,,,,,,330 [270-400],330,270,400,,2025-11-11T15:08:09Z,2021,2021-01-01,2021-12-31
4743097,TB_e_inc_num,COUNTRY,PER,AMR,Americas,YEAR,2005,,,,,,,,,64 000 [52 000-77 000],64000,52000,77000,,2025-11-11T15:08:09Z,2005,2005-01-01,2005-12-31
4744249,TB_e_inc_num,COUNTRY,TGO,AFR,Africa,YEAR,2014,,,,,,,,,4900 [2900-10 000],4900,2900,10000,,2025-11-11T15:08:09Z,2014,2014-01-01,2014-12-31
4745409,TB_e_inc_num,COUNTRY,USA,AMR,Americas,YEAR,2023,,,,,,,,,11 000 [8700-13 000],11000,8700,13000,,2025-11-11T15:08:09Z,2023,2023-01-01,2023-12-31
4755906,TB_e_inc_num,COUNTRY,TJK,EUR,Europe,YEAR,2000,,,,,,,,,8800 [7100-11 000],8800,7100,11000,,2025-11-11T15:08:09Z,2000,2000-01-01,2000-12-31
4759218,TB_e_inc_num,COUNTRY,BRN,WPR,Western Pacific,YEAR,2014,,,,,,,,,280 [220-330],280,220,330,,2025-11-11T15:08:09Z,2014,2014-01-01,2014-12-31
4761904,TB_e_inc_num,COUNTRY,ALB,EUR,Europe,YEAR,2009,,,,,,,,,500 [410-600],500,410,600,,2025-11-11T15:08:09Z,2009,2009-01-01,2009-12-31
4762575,TB_e_inc_num,WORLDBANKINCOMEGROUP,WB_LI,,,YEAR,2000,,,,,,,,,948 000 [733 000-1 190 000],948000,733000,1190000,,2025-11-11T15:08:09Z,2000,2000-01-01,2000-12-31
4763088,TB_e_inc_num,COUNTRY,CMR,AFR,Africa,YEAR,2001,,,,,,,,,20 000 [11 000-49 000],20000,11000,49000,,2025-11-11T15:08:09Z,2001,2001-01-01,2001-12-31
4769506,TB_e_inc_num,COUNTRY,NOR,EUR,Europe,YEAR,2013,,,,,,,,,420 [340-510],420,340,510,,2025-11-11T15:08:09Z,2013,2013-01-01,2013-12-31
4776582,TB_e_inc_num,COUNTRY,MDA,EUR,Europe,YEAR,2020,,,,,,,,,2600 [2100-3200],2600,2100,3200,,2025-11-11T15:08:09Z,2020,2020-01-01,2020-12-31
4776662,TB_e_inc_num,COUNTRY,MCO,EUR,Europe,YEAR,2019,,,,,,,,,0 [0-0],0,0,0,,2025-11-11T15:08:09Z,2019,2019-01-01,2019-12-31
4777901,TB_e_inc_num,COUNTRY,PRY,AMR,Americas,YEAR,2021,,,,,,,,,3800 [3100-4600],3800,3100,4600,,2025-11-11T15:08:09Z,2021,2021-01-01,2021-12-31
4787933,TB_e_inc_num,COUNTRY,SYC,AFR,Africa,YEAR,2023,,,,,,,,,23 [19-28],23,19,28,,2025-11-11T15:08:09Z,2023,2023-01-01,2023-12-31
4788083,TB_e_inc_num,COUNTRY,MOZ,AFR,Africa,YEAR,2015,,,,,,,,,96 000 [59 000-141 000],96000,59000,141000,,2025-11-11T15:08:09Z,2015,2015-01-01,2015-12-31
4789147,TB_e_inc_num,COUNTRY,FRA,EUR,Europe,YEAR,2022,,,,,,,,,4600 [4500-4800],4600,4500,4800,,2025-11-11T15:08:09Z,2022,2022-01-01,2022-12-31
4790092,TB_e_inc_num,REGION,SEAR,,,YEAR,2021,,,,,,,,,3 650 000 [3 240 000-4 090 000],3650000,3240000,4090000,,2025-11-11T15:08:09Z,2021,2021-01-01,2021-12-31
4793993,TB_e_inc_num,COUNTRY,ZMB,AFR,Africa,YEAR,2016,,,,,,,,,64 000 [39 000-94 000],64000,39000,94000,,2025-11-11T15:08:09Z,2016,2016-01-01,2016-12-31
4794482,TB_e_inc_num,COUNTRY,IRQ,EMR,Eastern Mediterranean,YEAR,2006,,,,,,,,,12 000 [9800-15 000],12000,9800,15000,,2025-11-11T15:08:09Z,2006,2006-01-01,2006-12-31
4796263,TB_e_inc_num,COUNTRY,IDN,WPR,Western Pacific,YEAR,2021,,,,,,,,,915 000 [804 000-1 030 000],915000,804000,1030000,,2025-11-11T15:08:09Z,2021,2021-01-01,2021-12-31
4802386,TB_e_inc_num,COUNTRY,HUN,EUR,Europe,YEAR,2019,,,,,,,,,680 [560-820],680,560,820,,2025-11-11T15:08:09Z,2019,2019-01-01,2019-12-31
4806252,TB_e_inc_num,COUNTRY,AUS,WPR,Western Pacific,YEAR,2007,,,,,,,,,1400 [1100-1600],1400,1100,1600,,2025-11-11T15:08:09Z,2007,2007-01-01,2007-12-31
4814167,TB_e_inc_num,COUNTRY,BOL,AMR,Americas,YEAR,2021,,,,,,,,,11 000 [9300-14 000],11000,9300,14000,,2025-11-11T15:08:09Z,2021,2021-01-01,2021-12-31
4815177,TB_e_inc_num,COUNTRY,DOM,AMR,Americas,YEAR,2008,,,,,,,,,7200 [5800-8600],7200,5800,8600,,2025-11-11T15:08:09Z,2008,2008-01-01,2008-12-31
4816097,TB_e_inc_num,COUNTRY,UKR,EUR,Europe,YEAR,2013,,,,,,,,,55 000 [45 000-67 000],55000,45000,67000,,2025-11-11T15:08:09Z,2013,2013-01-01,2013-12-31
4819461,TB_e_inc_num,COUNTRY,KHM,WPR,Western Pacific,YEAR,2000,,,,,,,,,106 000 [75 000-146 000],106000,75000,146000,,2025-11-11T15:08:09Z,2000,2000-01-01,2000-12-31
4820316,TB_e_inc_num,COUNTRY,MAR,EMR,Eastern Mediterranean,YEAR,2006,,,,,,,,,29 000 [24 000-35 000],29000,24000,35000,,2025-11-11T15:08:09Z,2006,2006-01-01,2006-12-31
4821830,TB_e_inc_num,COUNTRY,KAZ,EUR,Europe,YEAR,2003,,,,,,,,,35 000 [29 000-43 000],35000,29000,43000,,2025-11-11T15:08:09Z,2003,2003-01-01,2003-12-31
4827886,TB_e_inc_num,COUNTRY,AUS,WPR,Western Pacific,YEAR,2005,,,,,,,,,1300 [1000-1500],1300,1000,1500,,2025-11-11T15:08:09Z,2005,2005-01-01,2005-12-31
4833274,TB_e_inc_num,COUNTRY,BEN,AFR,Africa,YEAR,2019,,,,,,,,,6400 [3900-13 000],6400,3900,13000,,2025-11-11T15:08:09Z,2019,2019-01-01,2019-12-31
4833720,TB_e_inc_num,REGION,SEAR,,,YEAR,2016,,,,,,,,,3 920 000 [3 420 000-4 440 000],3920000,3420000,4440000,,2025-11-11T15:08:09Z,2016,2016-01-01,2016-12-31
4835330,TB_e_inc_num,COUNTRY,COK,WPR,Western Pacific,YEAR,2004,,,,,,,,,1 [1-1],1,1,1,,2025-11-11T15:08:09Z,2004,2004-01-01,2004-12-31
4846253,TB_e_inc_num,COUNTRY,IRQ,EMR,Eastern Mediterranean,YEAR,2011,,,,,,,,,13 000 [11 000-16 000],13000,11000,16000,,2025-11-11T15:08:09Z,2011,2011-01-01,2011-12-31
4853975,TB_e_inc_num,COUNTRY,NIU,WPR,Western Pacific,YEAR,2007,,,,,,,,,0 [0-0],0,0,0,,2025-11-11T15:08:09Z,2007,2007-01-01,2007-12-31
4854387,TB_e_inc_num,COUNTRY,IRQ,EMR,Eastern Mediterranean,YEAR,2012,,,,,,,,,13 000 [11 000-16 000],13000,11000,16000,,2025-11-11T15:08:09Z,2012,2012-01-01,2012-12-31
4857119,TB_e_inc_num,COUNTRY,MNE,EUR,Europe,YEAR,2010,,,,,,,,,170 [140-210],170,140,210,,2025-11-11T15:08:09Z,2010,2010-01-01,2010-12-31
4857606,TB_e_inc_num,COUNTRY,DMA,AMR,Americas,YEAR,2020,,,,,,,,,4 [3-4],4,3,4,,2025-11-11T15:08:09Z,2020,2020-01-01,2020-12-31
4860855,TB_e_inc_num,COUNTRY,COL,AMR,Americas,YEAR,2006,,,,,,,,,19 000 [16 000-23 000],19000,16000,23000,,2025-11-11T15:08:09Z,2006,2006-01-01,2006-12-31
4864773,TB_e_inc_num,COUNTRY,MAC,,,YEAR,2018,,,,,,,,,510 [410-610],510,410,610,,2025-11-11T15:08:09Z,2018,2018-01-01,2018-12-31
4879726,TB_e_inc_num,COUNTRY,MAR,EMR,Eastern Mediterranean,YEAR,2021,,,,,,,,,33 000 [27 000-40 000],33000,27000,40000,,2025-11-11T15:08:09Z,2021,2021-01-01,2021-12-31
4883026,TB_e_inc_num,COUNTRY,EST,EUR,Europe,YEAR,2005,,,,,,,,,860 [700-1000],860,700,1000,,2025-11-11T15:08:09Z,2005,2005-01-01,2005-12-31
4889236,TB_e_inc_num,COUNTRY,GRC,EUR,Europe,YEAR,2015,,,,,,,,,570 [460-690],570,460,690,,2025-11-11T15:08:09Z,2015,2015-01-01,2015-12-31
4889381,TB_e_inc_num,COUNTRY,SUR,AMR,Americas,YEAR,2013,,,,,,,,,210 [170-260],210,170,260,,2025-11-11T15:08:09Z,2013,2013-01-01,2013-12-31
4889993,TB_e_inc_num,COUNTRY,NGA,AFR,Africa,YEAR,2021,,,,,,,,,479 000 [312 000-680 000],479000,312000,680000,,2025-11-11T15:08:09Z,2021,2021-01-01,2021-12-31
4897987,TB_e_inc_num,COUNTRY,LBN,EMR,Eastern Mediterranean,YEAR,2006,,,,,,,,,620 [510-750],620,510,750,,2025-11-11T15:08:09Z,2006,2006-01-01,2006-12-31
4903458,TB_e_inc_num,COUNTRY,ARM,EUR,Europe,YEAR,2021,,,,,,,,,750 [610-910],750,610,910,,2025-11-11T15:08:09Z,2021,2021-01-01,2021-12-31
4903779,TB_e_inc_num,COUNTRY,NZL,WPR,Western Pacific,YEAR,2012,,,,,,,,,360 [290-430],360,290,430,,2025-11-11T15:08:09Z,2012,2012-01-01,2012-12-31
4909039,TB_e_inc_num,COUNTRY,CYP,EUR,Europe,YEAR,2022,,,,,,,,,120 [94-140],120,94,140,,2025-11-11T15:08:09Z,2022,2022-01-01,2022-12-31
4909735,TB_e_inc_num,COUNTRY,AUS,WPR,Western Pacific,YEAR,2012,,,,,,,,,1500 [1300-1900],1500,1300,1900,,2025-11-11T15:08:09Z,2012,2012-01-01,2012-12-31
4910106,TB_e_inc_num,COUNTRY,HND,AMR,Americas,YEAR,2002,,,,,,,,,11 000 [9100-13 000],11000,9100,13000,,2025-11-11T15:08:09Z,2002,2002-01-01,2002-12-31
4911020,TB_e_inc_num,COUNTRY,CHN,WPR,Western Pacific,YEAR,2017,,,,,,,,,879 000 [715 000-1 060 000],879000,715000,1060000,,2025-11-11T15:08:09Z,2017,2017-01-01,2017-12-31
4916553,TB_e_inc_num,COUNTRY,SGP,WPR,Western Pacific,YEAR,2012,,,,,,,,,2800 [2300-3400],2800,2300,3400,,2025-11-11T15:08:09Z,2012,2012-01-01,2012-12-31
4917063,TB_e_inc_num,COUNTRY,POL,EUR,Europe,YEAR,2022,,,,,,,,,4900 [4000-5900],4900,4000,5900,,2025-11-11T15:08:09Z,2022,2022-01-01,2022-12-31
4929085,TB_e_inc_num,COUNTRY,ETH,AFR,Africa,YEAR,2003,,,,,,,,,304 000 [170 000-476 000],304000,170000,476000,,2025-11-11T15:08:09Z,2003,2003-01-01,2003-12-31
4929266,TB_e_inc_num,COUNTRY,HND,AMR,Americas,YEAR,2018,,,,,,,,,4400 [3600-5300],4400,3600,5300,,2025-11-11T15:08:09Z,2018,2018-01-01,2018-12-31
4929621,TB_e_inc_num,COUNTRY,ARG,AMR,Americas,YEAR,2003,,,,,,,,,16 000 [13 000-19 000],16000,13000,19000,,2025-11-11T15:08:09Z,2003,2003-01-01,2003-12-31
4942995,TB_e_inc_num,COUNTRY,VUT,WPR,Western Pacific,YEAR,2015,,,,,,,,,220 [130-470],220,130,470,,2025-11-11T15:08:09Z,2015,2015-01-01,2015-12-31
4952655,TB_e_inc_num,COUNTRY,ALB,EUR,Europe,YEAR,2022,,,,,,,,,430 [340-530],430,340,530,,2025-11-11T15:08:09Z,2022,2022-01-01,2022-12-31
4955212,TB_e_inc_num,COUNTRY,CAN,AMR,Americas,YEAR,2016,,,,,,,,,1900 [1600-2300],1900,1600,2300,,2025-11-11T15:08:09Z,2016,2016-01-01,2016-12-31
4960336,TB_e_inc_num,COUNTRY,CMR,AFR,Africa,YEAR,2024,,,,,,,,,38 000 [23 000-75 000],38000,23000,75000,,2025-11-11T15:08:09Z,2024,2024-01-01,2024-12-31
4967769,TB_e_inc_num,COUNTRY,BRB,AMR,Americas,YEAR,2009,,,,,,,,,2 [2-2],2,2,2,,2025-11-11T15:08:09Z,2009,2009-01-01,2009-12-31
4971186,TB_e_inc_num,COUNTRY,TGO,AFR,Africa,YEAR,2007,,,,,,,,,5600 [3200-12 000],5600,3200,12000,,2025-11-11T15:08:09Z,2007,2007-01-01,2007-12-31
4974366,TB_e_inc_num,REGION,EUR,,,YEAR,2002,,,,,,,,,565 000 [474 000-664 000],565000,474000,664000,,2025-11-11T15:08:09Z,2002,2002-01-01,2002-12-31
4977612,TB_e_inc_num,COUNTRY,AUS,WPR,Western Pacific,YEAR,2016,,,,,,,,,1600 [1300-1900],1600,1300,1900,,2025-11-11T15:08:09Z,2016,2016-01-01,2016-12-31
4979474,TB_e_inc_num,COUNTRY,EGY,EMR,Eastern Mediterranean,YEAR,2024,,,,,,,,,12 000 [9300-14 000],12000,9300,14000,,2025-11-11T15:08:09Z,2024,2024-01-01,2024-12-31
4981205,TB_e_inc_num,COUNTRY,MOZ,AFR,Africa,YEAR,2023,,,,,,,,,121 000 [74 000-181 000],121000,74000,181000,,2025-11-11T15:08:09Z,2023,2023-01-01,2023-12-31
4981308,TB_e_inc_num,COUNTRY,NRU,WPR,Western Pacific,YEAR,2012,,,,,,,,,6 [5-7],6,5,7,,2025-11-11T15:08:09Z,2012,2012-01-01,2012-12-31
4985619,TB_e_inc_num,COUNTRY,PER,AMR,Americas,YEAR,2000,,,,,,,,,98 000 [79 000-118 000],98000,79000,118000,,2025-11-11T15:08:09Z,2000,2000-01-01,2000-12-31
4990742,TB_e_inc_num,COUNTRY,BHR,EMR,Eastern Mediterranean,YEAR,2019,,,,,,,,,230 [190-280],230,190,280,,2025-11-11T15:08:09Z,2019,2019-01-01,2019-12-31
4992107,TB_e_inc_num,COUNTRY,ALB,EUR,Europe,YEAR,2013,,,,,,,,,530 [430-640],530,430,640,,2025-11-11T15:08:09Z,2013,2013-01-01,2013-12-31
4993145,TB_e_inc_num,COUNTRY,SOM,EMR,Eastern Mediterranean,YEAR,2006,,,,,,,,,34 000 [16 000-73 000],34000,16000,73000,,2025-11-11T15:08:09Z,2006,2006-01-01,2006-12-31
4997874,TB_e_inc_num,COUNTRY,PRT,EUR,Europe,YEAR,2006,,,,,,,,,4100 [3400-5000],4100,3400,5000,,2025-11-11T15:08:09Z,2006,2006-01-01,2006-12-31
5003065,TB_e_inc_num,COUNTRY,HKG,,,YEAR,2012,,,,,,,,,8200 [6600-9800],8200,6600,9800,,2025-11-11T15:08:09Z,2012,2012-01-01,2012-12-31
5009148,TB_e_inc_num,COUNTRY,BRA,AMR,Americas,YEAR,2003,,,,,,,,,91 000 [74 000-110 000],91000,74000,110000,,2025-11-11T15:08:09Z,2003,2003-01-01,2003-12-31
5011117,TB_e_inc_num,COUNTRY,VEN,AMR,Americas,YEAR,2009,,,,,,,,,10 000 [8300-12 000],10000,8300,12000,,2025-11-11T15:08:09Z,2009,2009-01-01,2009-12-31
5011416,TB_e_inc_num,COUNTRY,ZWE,AFR,Africa,YEAR,2006,,,,,,,,,71 000 [15 000-168 000],71000,15000,168000,,2025-11-11T15:08:09Z,2006,2006-01-01,2006-12-31
5012012,TB_e_inc_num,COUNTRY,TUN,EMR,Eastern Mediterranean,YEAR,2008,,,,,,,,,4100 [3400-5000],4100,3400,5000,,2025-11-11T15:08:09Z,2008,2008-01-01,2008-12-31
5012423,TB_e_inc_num,COUNTRY,PAN,AMR,Americas,YEAR,2012,,,,,,,,,2200 [1800-2600],2200,1800,2600,,2025-11-11T15:08:09Z,2012,2012-01-01,2012-12-31
5015578,TB_e_inc_num,COUNTRY,SLB,WPR,Western Pacific,YEAR,2019,,,,,,,,,800 [650-970],800,650,970,,2025-11-11T15:08:09Z,2019,2019-01-01,2019-12-31
5018208,TB_e_inc_num,COUNTRY,LTU,EUR,Europe,YEAR,2017,,,,,,,,,1900 [1500-2200],1900,1500,2200,,2025-11-11T15:08:09Z,2017,2017-01-01,2017-12-31
5018696,TB_e_inc_num,COUNTRY,NER,AFR,Africa,YEAR,2010,,,,,,,,,21 000 [12 000-46 000],21000,12000,46000,,2025-11-11T15:08:09Z,2010,2010-01-01,2010-12-31
5021958,TB_e_inc_num,COUNTRY,CUB,AMR,Americas,YEAR,2022,,,,,,,,,850 [690-1000],850,690,1000,,2025-11-11T15:08:09Z,2022,2022-01-01,2022-12-31
5021997,TB_e_inc_num,COUNTRY,BHR,EMR,Eastern Mediterranean,YEAR,2003,,,,,,,,,460 [370-550],460,370,550,,2025-11-11T15:08:09Z,2003,2003-01-01,2003-12-31
5023799,TB_e_inc_num,COUNTRY,COD,AFR,Africa,YEAR,2007,,,,,,,,,332 000 [203 000-638 000],332000,203000,638000,,2025-11-11T15:08:09Z,2007,2007-01-01,2007-12-31
5029837,TB_e_inc_num,COUNTRY,LAO,WPR,Western Pacific,YEAR,2000,,,,,,,,,18 000 [6200-36 000],18000,6200,36000,,2025-11-11T15:08:09Z,2000,2000-01-01,2000-12-31
5031802,TB_e_inc_num,COUNTRY,ARG,AMR,Americas,YEAR,2016,,,,,,,,,13 000 [11 000-16 000],13000,11000,16000,,2025-11-11T15:08:09Z,2016,2016-01-01,2016-12-31
5035792,TB_e_inc_num,COUNTRY,GMB,AFR,Africa,YEAR,2017,,,,,,,,,3900 [2800-5100],3900,2800,5100,,2025-11-11T15:08:09Z,2017,2017-01-01,2017-12-31
5037582,TB_e_inc_num,COUNTRY,NGA,AFR,Africa,YEAR,2020,,,,,,,,,469 000 [306 000-666 000],469000,306000,666000,,2025-11-11T15:08:09Z,2020,2020-01-01,2020-12-31
5038081,TB_e_inc_num,COUNTRY,TCD,AFR,Africa,YEAR,2008,,,,,,,,,17 000 [9500-41 000],17000,9500,41000,,2025-11-11T15:08:09Z,2008,2008-01-01,2008-12-31
5041018,TB_e_inc_num,COUNTRY,TLS,SEAR,South-East Asia,YEAR,2007,,,,,,,,,8400 [4300-24 000],8400,4300,24000,,2025-11-11T15:08:09Z,2007,2007-01-01,2007-12-31
5042118,TB_e_inc_num,COUNTRY,RUS,EUR,Europe,YEAR,2009,,,,,,,,,127 000 [55 000-230 000],127000,55000,230000,,2025-11-11T15:08:09Z,2009,2009-01-01,2009-12-31
5043890,TB_e_inc_num,COUNTRY,COG,AFR,Africa,YEAR,2019,,,,,,,,,17 000 [10 000-33 000],17000,10000,33000,,2025-11-11T15:08:09Z,2019,2019-01-01,2019-12-31
5050686,TB_e_inc_num,COUNTRY,CHE,EUR,Europe,YEAR,2014,,,,,,,,,510 [410-610],510,410,610,,2025-11-11T15:08:09Z,2014,2014-01-01,2014-12-31
5053790,TB_e_inc_num,COUNTRY,GRD,AMR,Americas,YEAR,2013,,,,,,,,,2 [2-3],2,2,3,,2025-11-11T15:08:09Z,2013,2013-01-01,2013-12-31
5055260,TB_e_inc_num,COUNTRY,AFG,EMR,Eastern Mediterranean,YEAR,2012,,,,,,,,,59 000 [34 000-128 000],59000,34000,128000,,2025-11-11T15:08:09Z,2012,2012-01-01,2012-12-31
5056990,TB_e_inc_num,COUNTRY,TON,WPR,Western Pacific,YEAR,2003,,,,,,,,,16 [13-19],16,13,19,,2025-11-11T15:08:09Z,2003,2003-01-01,2003-12-31
5060101,TB_e_inc_num,COUNTRY,SEN,AFR,Africa,YEAR,2000,,,,,,,,,17 000 [8900-46 000],17000,8900,46000,,2025-11-11T15:08:09Z,2000,2000-01-01,2000-12-31
5061246,TB_e_inc_num,REGION,WPR,,,YEAR,2014,,,,,,,,,2 780 000 [2 440 000-3 160 000],2780000,2440000,3160000,,2025-11-11T15:08:09Z,2014,2014-01-01,2014-12-31
5062044,TB_e_inc_num,COUNTRY,JOR,EMR,Eastern Mediterranean,YEAR,2001,,,,,,,,,560 [460-680],560,460,680,,2025-11-11T15:08:09Z,2001,2001-01-01,2001-12-31
5073990,TB_e_inc_num,COUNTRY,GAB,AFR,Africa,YEAR,2024,,,,,,,,,9400 [5700-18 000],9400,5700,18000,,2025-11-11T15:08:09Z,2024,2024-01-01,2024-12-31
5074290,TB_e_inc_num,COUNTRY,CAF,AFR,Africa,YEAR,2023,,,,,,,,,22 000 [14 000-41 000],22000,14000,41000,,2025-11-11T15:08:09Z,2023,2023-01-01,2023-12-31
5075401,TB_e_inc_num,COUNTRY,MEX,AMR,Americas,YEAR,2017,,,,,,,,,31 000 [25 000-38 000],31000,25000,38000,,2025-11-11T15:08:09Z,2017,2017-01-01,2017-12-31
5081056,TB_e_inc_num,COUNTRY,URY,AMR,Americas,YEAR,2002,,,,,,,,,850 [690-1000],850,690,1000,,2025-11-11T15:08:09Z,2002,2002-01-01,2002-12-31
5082192,TB_e_inc_num,COUNTRY,URY,AMR,Americas,YEAR,2010,,,,,,,,,930 [760-1100],930,760,1100,,2025-11-11T15:08:09Z,2010,2010-01-01,2010-12-31
5091651,TB_e_inc_num,COUNTRY,ESP,EUR,Europe,YEAR,2016,,,,,,,,,5500 [4500-6700],5500,4500,6700,,2025-11-11T15:08:09Z,2016,2016-01-01,2016-12-31
5106667,TB_e_inc_num,COUNTRY,ZMB,AFR,Africa,YEAR,2005,,,,,,,,,71 000 [37 000-115 000],71000,37000,115000,,2025-11-11T15:08:09Z,2005,2005-01-01,2005-12-31
5108040,TB_e_inc_num,COUNTRY,ITA,EUR,Europe,YEAR,2004,,,,,,,,,5400 [4400-6500],5400,4400,6500,,2025-11-11T15:08:09Z,2004,2004-01-01,2004-12-31
5118789,TB_e_inc_num,COUNTRY,MEX,AMR,Americas,YEAR,2000,,,,,,,,,36 000 [30 000-44 000],36000,30000,44000,,2025-11-11T15:08:09Z,2000,2000-01-01,2000-12-31
5126418,TB_e_inc_num,WORLDBANKINCOMEGROUP,WB_UMI,,,YEAR,2024,,,,,,,,,2 590 000 [2 360 000-2 840 000],2590000,2360000,2840000,,2025-11-11T15:08:09Z,2024,2024-01-01,2024-12-31
5126490,TB_e_inc_num,COUNTRY,MNG,WPR,Western Pacific,YEAR,2012,,,,,,,,,12 000 [6200-20 000],12000,6200,20000,,2025-11-11T15:08:09Z,2012,2012-01-01,2012-12-31
5130990,TB_e_inc_num,COUNTRY,AUS,WPR,Western Pacific,YEAR,2013,,,,,,,,,1500 [1200-1800],1500,1200,1800,,2025-11-11T15:08:09Z,2013,2013-01-01,2013-12-31
5136051,TB_e_inc_num,COUNTRY,COD,AFR,Africa,YEAR,2001,,,,,,,,,313 000 [192 000-601 000],313000,192000,601000,,2025-11-11T15:08:09Z,2001,2001-01-01,2001-12-31
5136120,TB_e_inc_num,COUNTRY,CHN,WPR,Western Pacific,YEAR,2001,,,,,,,,,1 330 000 [1 080 000-1 600 000],1330000,1080000,1600000,,2025-11-11T15:08:09Z,2001,2001-01-01,2001-12-31
5142313,TB_e_inc_num,COUNTRY,MAC,,,YEAR,2012,,,,,,,,,690 [560-830],690,560,830,,2025-11-11T15:08:09Z,2012,2012-01-01,2012-12-31
5142733,TB_e_inc_num,COUNTRY,RUS,EUR,Europe,YEAR,2024,,,,,,,,,49 000 [25 000-81 000],49000,25000,81000,,2025-11-11T15:08:09Z,2024,2024-01-01,2024-12-31
5143106,TB_e_inc_num,COUNTRY,BRN,WPR,Western Pacific,YEAR,2007,,,,,,,,,330 [270-400],330,270,400,,2025-11-11T15:08:09Z,2007,2007-01-01,2007-12-31
5143568,TB_e_inc_num,COUNTRY,FSM,WPR,Western Pacific,YEAR,2000,,,,,,,,,310 [260-380],310,260,380,,2025-11-11T15:08:09Z,2000,2000-01-01,2000-12-31
5144063,TB_e_inc_num,COUNTRY,CUB,AMR,Americas,YEAR,2003,,,,,,,,,1500 [1200-1700],1500,1200,1700,,2025-11-11T15:08:09Z,2003,2003-01-01,2003-12-31
5148786,TB_e_inc_num,COUNTRY,CRI,AMR,Americas,YEAR,2009,,,,,,,,,610 [500-740],610,500,740,,2025-11-11T15:08:09Z,2009,2009-01-01,2009-12-31
5148988,TB_e_inc_num,COUNTRY,CHL,AMR,Americas,YEAR,2023,,,,,,,,,3800 [3100-4600],3800,3100,4600,,2025-11-11T15:08:09Z,2023,2023-01-01,2023-12-31
5150236,TB_e_inc_num,COUNTRY,NRU,WPR,Western Pacific,YEAR,2015,,,,,,,,,10 [8-12],10,8,12,,2025-11-11T15:08:09Z,2015,2015-01-01,2015-12-31
5151481,TB_e_inc_num,COUNTRY,PSE,EMR,Eastern Mediterranean,YEAR,2019,,,,,,,,,31 [25-37],31,25,37,,2025-11-11T15:08:09Z,2019,2019-01-01,2019-12-31
5152163,TB_e_inc_num,COUNTRY,JPN,WPR,Western Pacific,YEAR,2017,,,,,,,,,20 000 [16 000-24 000],20000,16000,24000,,2025-11-11T15:08:09Z,2017,2017-01-01,2017-12-31
5161697,TB_e_inc_num,COUNTRY,POL,EUR,Europe,YEAR,2023,,,,,,,,,5100 [4100-6100],5100,4100,6100,,2025-11-11T15:08:09Z,2023,2023-01-01,2023-12-31
5168279,TB_e_inc_num,COUNTRY,KWT,EMR,Eastern Mediterranean,YEAR,2001,,,,,,,,,670 [540-810],670,540,810,,2025-11-11T15:08:09Z,2001,2001-01-01,2001-12-31
5169533,TB_e_inc_num,COUNTRY,GRD,AMR,Americas,YEAR,2008,,,,,,,,,5 [4-6],5,4,6,,2025-11-11T15:08:09Z,2008,2008-01-01,2008-12-31
5169810,TB_e_inc_num,COUNTRY,MWI,AFR,Africa,YEAR,2017,,,,,,,,,29 000 [14 000-49 000],29000,14000,49000,,2025-11-11T15:08:09Z,2017,2017-01-01,2017-12-31
5170385,TB_e_inc_num,COUNTRY,NPL,SEAR,South-East Asia,YEAR,2021,,,,,,,,,68 000 [40 000-103 000],68000,40000,103000,,2025-11-11T15:08:09Z,2021,2021-01-01,2021-12-31
5170992,TB_e_inc_num,COUNTRY,ZAF,AFR,Africa,YEAR,2003,,,,,,,,,518 000 [210 000-961 000],518000,210000,961000,,2025-11-11T15:08:09Z,2003,2003-01-01,2003-12-31
5171363,TB_e_inc_num,COUNTRY,SSD,AFR,Africa,YEAR,2015,,,,,,,,,43 000 [26 000-81 000],43000,26000,81000,,2025-11-11T15:08:09Z,2015,2015-01-01,2015-12-31
5176643,TB_e_inc_num,COUNTRY,CRI,AMR,Americas,YEAR,2024,,,,,,,,,480 [380-590],480,380,590,,2025-11-11T15:08:09Z,2024,2024-01-01,2024-12-31
5182597,TB_e_inc_num,COUNTRY,GIN,AFR,Africa,YEAR,2022,,,,,,,,,25 000 [15 000-48 000],25000,15000,48000,,2025-11-11T15:08:09Z,2022,2022-01-01,2022-12-31
5182916,TB_e_inc_num,COUNTRY,IRQ,EMR,Eastern Mediterranean,YEAR,2000,,,,,,,,,15 000 [12 000-18 000],15000,12000,18000,,2025-11-11T15:08:09Z,2000,2000-01-01,2000-12-31
5183240,TB_e_inc_num,COUNTRY,LKA,SEAR,South-East Asia,YEAR,2014,,,,,,,,,16 000 [9800-30 000],16000,9800,30000,,2025-11-11T15:08:09Z,2014,2014-01-01,2014-12-31
5188202,TB_e_inc_num,COUNTRY,VEN,AMR,Americas,YEAR,2014,,,,,,,,,8600 [7000-10 000],8600,7000,10000,,2025-11-11T15:08:09Z,2014,2014-01-01,2014-12-31
5189727,TB_e_inc_num,COUNTRY,MEX,AMR,Americas,YEAR,2002,,,,,,,,,33 000 [27 000-40 000],33000,27000,40000,,2025-11-11T15:08:09Z,2002,2002-01-01,2002-12-31
5193889,TB_e_inc_num,COUNTRY,LCA,AMR,Americas,YEAR,2011,,,,,,,,,7 [6-8],7,6,8,,2025-11-11T15:08:09Z,2011,2011-01-01,2011-12-31
5206274,TB_e_inc_num,COUNTRY,TON,WPR,Western Pacific,YEAR,2007,,,,,,,,,23 [19-28],23,19,28,,2025-11-11T15:08:09Z,2007,2007-01-01,2007-12-31
5206546,TB_e_inc_num,COUNTRY,JOR,EMR,Eastern Mediterranean,YEAR,2000,,,,,,,,,510 [420-620],510,420,620,,2025-11-11T15:08:09Z,2000,2000-01-01,2000-12-31
5207363,TB_e_inc_num,COUNTRY,JAM,AMR,Americas,YEAR,2018,,,,,,,,,110 [90-130],110,90,130,,2025-11-11T15:08:09Z,2018,2018-01-01,2018-12-31
5208116,TB_e_inc_num,COUNTRY,BEN,AFR,Africa,YEAR,2017,,,,,,,,,6800 [4100-13 000],6800,4100,13000,,2025-11-11T15:08:09Z,2017,2017-01-01,2017-12-31
5208284,TB_e_inc_num,COUNTRY,BLZ,AMR,Americas,YEAR,2013,,,,,,,,,190 [150-230],190,150,230,,2025-11-11T15:08:09Z,2013,2013-01-01,2013-12-31
5212642,TB_e_inc_num,COUNTRY,BIH,EUR,Europe,YEAR,2021,,,,,,,,,750 [610-900],750,610,900,,2025-11-11T15:08:09Z,2021,2021-01-01,2021-12-31
5212680,TB_e_inc_num,COUNTRY,CPV,AFR,Africa,YEAR,2007,,,,,,,,,520 [420-630],520,420,630,,2025-11-11T15:08:09Z,2007,2007-01-01,2007-12-31
5219609,TB_e_inc_num,COUNTRY,MLT,EUR,Europe,YEAR,2001,,,,,,,,,16 [13-19],16,13,19,,2025-11-11T15:08:09Z,2001,2001-01-01,2001-12-31
5222083,TB_e_inc_num,COUNTRY,MAC,,,YEAR,2003,,,,,,,,,840 [680-1000],840,680,1000,,2025-11-11T15:08:09Z,2003,2003-01-01,2003-12-31
5225506,TB_e_inc_num,COUNTRY,IND,SEAR,South-East Asia,YEAR,2008,,,,,,,,,3 520 000 [1 360 000-6 670 000],3520000,1360000,6670000,,2025-11-11T15:08:09Z,2008,2008-01-01,2008-12-31
5231828,TB_e_inc_num,COUNTRY,IRN,EMR,Eastern Mediterranean,YEAR,2010,,,,,,,,,22 000 [18 000-27 000],22000,18000,27000,,2025-11-11T15:08:09Z,2010,2010-01-01,2010-12-31
5232071,TB_e_inc_num,COUNTRY,DOM,AMR,Americas,YEAR,2010,,,,,,,,,6000 [4900-7200],6000,4900,7200,,2025-11-11T15:08:09Z,2010,2010-01-01,2010-12-31
5232644,TB_e_inc_num,COUNTRY,BRB,AMR,Americas,YEAR,2022,,,,,,,,,5 [4-6],5,4,6,,2025-11-11T15:08:09Z,2022,2022-01-01,2022-12-31
5232856,TB_e_inc_num,COUNTRY,AND,EUR,Europe,YEAR,2022,,,,,,,,,4 [3-5],4,3,5,,2025-11-11T15:08:09Z,2022,2022-01-01,2022-12-31
5233893,TB_e_inc_num,COUNTRY,MUS,AFR,Africa,YEAR,2022,,,,,,,,,190 [150-220],190,150,220,,2025-11-11T15:08:09Z,2022,2022-01-01,2022-12-31
5234616,TB_e_inc_num,COUNTRY,AND,EUR,Europe,YEAR,2021,,,,,,,,,2 [2-2],2,2,2,,2025-11-11T15:08:09Z,2021,2021-01-01,2021-12-31
5240348,TB_e_inc_num,COUNTRY,MDV,SEAR,South-East Asia,YEAR,2011,,,,,,,,,160 [130-190],160,130,190,,2025-11-11T15:08:09Z,2011,2011-01-01,2011-12-31
5241005,TB_e_inc_num,COUNTRY,GRC,EUR,Europe,YEAR,2012,,,,,,,,,690 [560-830],690,560,830,,2025-11-11T15:08:09Z,2012,2012-01-01,2012-12-31
5246652,TB_e_inc_num,COUNTRY,PRI,AMR,Americas,YEAR,2010,,,,,,,,,120 [96-140],120,96,140,,2025-11-11T15:08:09Z,2010,2010-01-01,2010-12-31
5246743,TB_e_inc_num,COUNTRY,DEU,EUR,Europe,YEAR,2015,,,,,,,,,6200 [5600-6900],6200,5600,6900,,2025-11-11T15:08:09Z,2015,2015-01-01,2015-12-31
5251672,TB_e_inc_num,COUNTRY,SLE,AFR,Africa,YEAR,2022,,,,,,,,,32 000 [20 000-62 000],32000,20000,62000,,2025-11-11T15:08:09Z,2022,2022-01-01,2022-12-31
5252655,TB_e_inc_num,COUNTRY,MNE,EUR,Europe,YEAR,2009,,,,,,,,,180 [150-220],180,150,220,,2025-11-11T15:08:09Z,2009,2009-01-01,2009-12-31
5252834,TB_e_inc_num,COUNTRY,CUB,AMR,Americas,YEAR,2014,,,,,,,,,900 [730-1100],900,730,1100,,2025-11-11T15:08:09Z,2014,2014-01-01,2014-12-31
5263972,TB_e_inc_num,COUNTRY,PNG,WPR,Western Pacific,YEAR,2000,,,,,,,,,59 000 [17 000-1 300 000],59000,17000,1300000,,2025-11-11T15:08:09Z,2000,2000-01-01,2000-12-31
5264173,TB_e_inc_num,COUNTRY,BEL,EUR,Europe,YEAR,2005,,,,,,,,,1400 [1100-1600],1400,1100,1600,,2025-11-11T15:08:09Z,2005,2005-01-01,2005-12-31
5269779,TB_e_inc_num,COUNTRY,DNK,EUR,Europe,YEAR,2021,,,,,,,,,230 [190-280],230,190,280,,2025-11-11T15:08:09Z,2021,2021-01-01,2021-12-31
5269872,TB_e_inc_num,WORLDBANKINCOMEGROUP,WB_HI,,,YEAR,2011,,,,,,,,,327 000 [256 000-406 000],327000,256000,406000,,2025-11-11T15:08:09Z,2011,2011-01-01,2011-12-31
5271812,TB_e_inc_num,COUNTRY,EGY,EMR,Eastern Mediterranean,YEAR,2006,,,,,,,,,14 000 [11 000-18 000],14000,11000,18000,,2025-11-11T15:08:09Z,2006,2006-01-01,2006-12-31
5271886,TB_e_inc_num,COUNTRY,DOM,AMR,Americas,YEAR,2004,,,,,,,,,9400 [7600-11 000],9400,7600,11000,,2025-11-11T15:08:09Z,2004,2004-01-01,2004-12-31
5272716,TB_e_inc_num,COUNTRY,SYC,AFR,Africa,YEAR,2024,,,,,,,,,22 [18-27],22,18,27,,2025-11-11T15:08:09Z,2024,2024-01-01,2024-12-31
5283047,TB_e_inc_num,COUNTRY,CAN,AMR,Americas,YEAR,2019,,,,,,,,,2100 [1700-2500],2100,1700,2500,,2025-11-11T15:08:09Z,2019,2019-01-01,2019-12-31
5283879,TB_e_inc_num,COUNTRY,UKR,EUR,Europe,YEAR,2014,,,,,,,,,53 000 [43 000-63 000],53000,43000,63000,,2025-11-11T15:08:09Z,2014,2014-01-01,2014-12-31
5284477,TB_e_inc_num,COUNTRY,PAK,EMR,Eastern Mediterranean,YEAR,2000,,,,,,,,,427 000 [270 000-618 000],427000,270000,618000,,2025-11-11T15:08:09Z,2000,2000-01-01,2000-12-31
5287959,TB_e_inc_num,COUNTRY,MAR,EMR,Eastern Mediterranean,YEAR,2018,,,,,,,,,35 000 [28 000-42 000],35000,28000,42000,,2025-11-11T15:08:09Z,2018,2018-01-01,2018-12-31
5288076,TB_e_inc_num,COUNTRY,HRV,EUR,Europe,YEAR,2008,,,,,,,,,1300 [1100-1600],1300,1100,1600,,2025-11-11T15:08:09Z,2008,2008-01-01,2008-12-31
5289116,TB_e_inc_num,COUNTRY,ZWE,AFR,Africa,YEAR,2013,,,,,,,,,43 000 [27 000-62 000],43000,27000,62000,,2025-11-11T15:08:09Z,2013,2013-01-01,2013-12-31
5303625,TB_e_inc_num,COUNTRY,GNQ,AFR,Africa,YEAR,2006,,,,,,,,,2800 [1700-5500],2800,1700,5500,,2025-11-11T15:08:09Z,2006,2006-01-01,2006-12-31
5303884,TB_e_inc_num,COUNTRY,LVA,EUR,Europe,YEAR,2023,,,,,,,,,410 [330-490],410,330,490,,2025-11-11T15:08:09Z,2023,2023-01-01,2023-12-31
5308478,TB_e_inc_num,COUNTRY,MKD,EUR,Europe,YEAR,2009,,,,,,,,,750 [610-910],750,610,910,,2025-11-11T15:08:09Z,2009,2009-01-01,2009-12-31
5308479,TB_e_inc_num,COUNTRY,LBR,AFR,Africa,YEAR,2007,,,,,,,,,11 000 [6400-25 000],11000,6400,25000,,2025-11-11T15:08:09Z,2007,2007-01-01,2007-12-31
5313715,TB_e_inc_num,COUNTRY,PER,AMR,Americas,YEAR,2004,,,,,,,,,67 000 [54 000-81 000],67000,54000,81000,,2025-11-11T15:08:09Z,2004,2004-01-01,2004-12-31
5315362,TB_e_inc_num,COUNTRY,BLZ,AMR,Americas,YEAR,2000,,,,,,,,,270 [220-330],270,220,330,,2025-11-11T15:08:09Z,2000,2000-01-01,2000-12-31
5321883,TB_e_inc_num,WORLDBANKINCOMEGROUP,WB_LMI,,,YEAR,2007,,,,,,,,,7 090 000 [4 540 000-10 200 000],7090000,4540000,10200000,,2025-11-11T15:08:09Z,2007,2007-01-01,2007-12-31
5322372,TB_e_inc_num,COUNTRY,COD,AFR,Africa,YEAR,2011,,,,,,,,,347 000 [213 000-667 000],347000,213000,667000,,2025-11-11T15:08:09Z,2011,2011-01-01,2011-12-31
5323074,TB_e_inc_num,COUNTRY,TUN,EMR,Eastern Mediterranean,YEAR,2022,,,,,,,,,4800 [3900-5700],4800,3900,5700,,2025-11-11T15:08:09Z,2022,2022-01-01,2022-12-31
5332933,TB_e_inc_num,COUNTRY,SLB,WPR,Western Pacific,YEAR,2014,,,,,,,,,850 [690-1000],850,690,1000,,2025-11-11T15:08:09Z,2014,2014-01-01,2014-12-31
5332982,TB_e_inc_num,COUNTRY,KOR,WPR,Western Pacific,YEAR,2014,,,,,,,,,43 000 [40 000-46 000],43000,40000,46000,,2025-11-11T15:08:09Z,2014,2014-01-01,2014-12-31
5340037,TB_e_inc_num,COUNTRY,TTO,AMR,Americas,YEAR,2019,,,,,,,,,290 [230-350],290,230,350,,2025-11-11T15:08:09Z,2019,2019-01-01,2019-12-31
5340983,TB_e_inc_num,COUNTRY,SWE,EUR,Europe,YEAR,2013,,,,,,,,,740 [600-890],740,600,890,,2025-11-11T15:08:09Z,2013,2013-01-01,2013-12-31
5345396,TB_e_inc_num,COUNTRY,GRD,AMR,Americas,YEAR,2024,,,,,,,,,2 [2-2],2,2,2,,2025-11-11T15:08:09Z,2024,2024-01-01,2024-12-31
5346171,TB_e_inc_num,COUNTRY,FJI,WPR,Western Pacific,YEAR,2003,,,,,,,,,440 [360-530],440,360,530,,2025-11-11T15:08:09Z,2003,2003-01-01,2003-12-31
5348384,TB_e_inc_num,COUNTRY,TGO,AFR,Africa,YEAR,2008,,,,,,,,,5800 [3300-13 000],5800,3300,13000,,2025-11-11T15:08:09Z,2008,2008-01-01,2008-12-31
5351443,TB_e_inc_num,COUNTRY,KGZ,EUR,Europe,YEAR,2010,,,,,,,,,11 000 [8600-13 000],11000,8600,13000,,2025-11-11T15:08:09Z,2010,2010-01-01,2010-12-31
5357831,TB_e_inc_num,COUNTRY,BIH,EUR,Europe,YEAR,2020,,,,,,,,,830 [670-1000],830,670,1000,,2025-11-11T15:08:09Z,2020,2020-01-01,2020-12-31
5365154,TB_e_inc_num,COUNTRY,TGO,AFR,Africa,YEAR,2009,,,,,,,,,5900 [3400-13 000],5900,3400,13000,,2025-11-11T15:08:09Z,2009,2009-01-01,2009-12-31
5365454,TB_e_inc_num,COUNTRY,NRU,WPR,Western Pacific,YEAR,2021,,,,,,,,,21 [17-25],21,17,25,,2025-11-11T15:08:09Z,2021,2021-01-01,2021-12-31
5366666,TB_e_inc_num,COUNTRY,RWA,AFR,Africa,YEAR,2021,,,,,,,,,8400 [5900-11 000],8400,5900,11000,,2025-11-11T15:08:09Z,2021,2021-01-01,2021-12-31
5371372,TB_e_inc_num,COUNTRY,SUR,AMR,Americas,YEAR,2009,,,,,,,,,300 [240-360],300,240,360,,2025-11-11T15:08:09Z,2009,2009-01-01,2009-12-31
5372882,TB_e_inc_num,COUNTRY,ARM,EUR,Europe,YEAR,2004,,,,,,,,,3800 [3100-4600],3800,3100,4600,,2025-11-11T15:08:09Z,2004,2004-01-01,2004-12-31
5376471,TB_e_inc_num,COUNTRY,MMR,SEAR,South-East Asia,YEAR,2004,,,,,,,,,258 000 [93 000-505 000],258000,93000,505000,,2025-11-11T15:08:09Z,2004,2004-01-01,2004-12-31
5378115,TB_e_inc_num,COUNTRY,SLE,AFR,Africa,YEAR,2024,,,,,,,,,32 000 [20 000-62 000],32000,20000,62000,,2025-11-11T15:08:09Z,2024,2024-01-01,2024-12-31
5379449,TB_e_inc_num,COUNTRY,GRC,EUR,Europe,YEAR,2001,,,,,,,,,740 [600-890],740,600,890,,2025-11-11T15:08:09Z,2001,2001-01-01,2001-12-31
5379572,TB_e_inc_num,COUNTRY,MEX,AMR,Americas,YEAR,2016,,,,,,,,,31 000 [25 000-37 000],31000,25000,37000,,2025-11-11T15:08:09Z,2016,2016-01-01,2016-12-31
5379577,TB_e_inc_num,COUNTRY,KGZ,EUR,Europe,YEAR,2005,,,,,,,,,14 000 [11 000-16 000],14000,11000,16000,,2025-11-11T15:08:09Z,2005,2005-01-01,2005-12-31
5383523,TB_e_inc_num,COUNTRY,KAZ,EUR,Europe,YEAR,2019,,,,,,,,,13 000 [10 000-15 000],13000,10000,15000,,2025-11-11T15:08:09Z,2019,2019-01-01,2019-12-31
5386073,TB_e_inc_num,COUNTRY,SAU,EMR,Eastern Mediterranean,YEAR,2021,,,,,,,,,2800 [2600-3100],2800,2600,3100,,2025-11-11T15:08:09Z,2021,2021-01-01,2021-12-31
5389060,TB_e_inc_num,COUNTRY,SLE,AFR,Africa,YEAR,2018,,,,,,,,,32 000 [19 000-61 000],32000,19000,61000,,2025-11-11T15:08:09Z,2018,2018-01-01,2018-12-31
5390255,TB_e_inc_num,COUNTRY,ISL,EUR,Europe,YEAR,2003,,,,,,,,,5 [4-6],5,4,6,,2025-11-11T15:08:09Z,2003,2003-01-01,2003-12-31
5395883,TB_e_inc_num,COUNTRY,BEL,EUR,Europe,YEAR,2010,,,,,,,,,1200 [980-1500],1200,980,1500,,2025-11-11T15:08:09Z,2010,2010-01-01,2010-12-31
5403750,TB_e_inc_num,REGION,SEAR,,,YEAR,2010,,,,,,,,,4 380 000 [2 250 000-7 190 000],4380000,2250000,7190000,,2025-11-11T15:08:09Z,2010,2010-01-01,2010-12-31
5404291,TB_e_inc_num,COUNTRY,BRB,AMR,Americas,YEAR,2008,,,,,,,,,3 [2-4],3,2,4,,2025-11-11T15:08:09Z,2008,2008-01-01,2008-12-31
5414561,TB_e_inc_num,COUNTRY,MDA,EUR,Europe,YEAR,2021,,,,,,,,,2400 [2000-2900],2400,2000,2900,,2025-11-11T15:08:09Z,2021,2021-01-01,2021-12-31
5415752,TB_e_inc_num,COUNTRY,LTU,EUR,Europe,YEAR,2015,,,,,,,,,2100 [1700-2500],2100,1700,2500,,2025-11-11T15:08:09Z,2015,2015-01-01,2015-12-31
5422979,TB_e_inc_num,COUNTRY,PER,AMR,Americas,YEAR,2019,,,,,,,,,43 000 [35 000-51 000],43000,35000,51000,,2025-11-11T15:08:09Z,2019,2019-01-01,2019-12-31
5422992,TB_e_inc_num,COUNTRY,CPV,AFR,Africa,YEAR,2024,,,,,,,,,250 [200-300],250,200,300,,2025-11-11T15:08:09Z,2024,2024-01-01,2024-12-31
5427181,TB_e_inc_num,COUNTRY,ECU,AMR,Americas,YEAR,2020,,,,,,,,,6700 [5400-8100],6700,5400,8100,,2025-11-11T15:08:09Z,2020,2020-01-01,2020-12-31
5427230,TB_e_inc_num,COUNTRY,CUB,AMR,Americas,YEAR,2018,,,,,,,,,850 [690-1000],850,690,1000,,2025-11-11T15:08:09Z,2018,2018-01-01,2018-12-31
5435650,TB_e_inc_num,COUNTRY,TGO,AFR,Africa,YEAR,2020,,,,,,,,,4100 [2500-7900],4100,2500,7900,,2025-11-11T15:08:09Z,2020,2020-01-01,2020-12-31
5441098,TB_e_inc_num,COUNTRY,ERI,AFR,Africa,YEAR,2019,,,,,,,,,4100 [3300-5000],4100,3300,5000,,2025-11-11T15:08:09Z,2019,2019-01-01,2019-12-31
5442127,TB_e_inc_num,COUNTRY,WSM,WPR,Western Pacific,YEAR,2013,,,,,,,,,22 [18-27],22,18,27,,2025-11-11T15:08:09Z,2013,2013-01-01,2013-12-31
5443529,TB_e_inc_num,COUNTRY,PLW,WPR,Western Pacific,YEAR,2016,,,,,,,,,23 [19-28],23,19,28,,2025-11-11T15:08:09Z,2016,2016-01-01,2016-12-31
5452479,TB_e_inc_num,COUNTRY,IND,SEAR,South-East Asia,YEAR,2017,,,,,,,,,2 950 000 [2 620 000-3 290 000],2950000,2620000,3290000,,2025-11-11T15:08:09Z,2017,2017-01-01,2017-12-31
5452690,TB_e_inc_num,COUNTRY,ITA,EUR,Europe,YEAR,2005,,,,,,,,,5100 [4200-6200],5100,4200,6200,,2025-11-11T15:08:09Z,2005,2005-01-01,2005-12-31
5453851,TB_e_inc_num,COUNTRY,AND,EUR,Europe,YEAR,2010,,,,,,,,,7 [6-8],7,6,8,,2025-11-11T15:08:09Z,2010,2010-01-01,2010-12-31
5462481,TB_e_inc_num,COUNTRY,SOM,EMR,Eastern Mediterranean,YEAR,2001,,,,,,,,,33 000 [10 000-965 000],33000,10000,965000,,2025-11-11T15:08:09Z,2001,2001-01-01,2001-12-31
5468148,TB_e_inc_num,COUNTRY,ALB,EUR,Europe,YEAR,2019,,,,,,,,,460 [380-560],460,380,560,,2025-11-11T15:08:09Z,2019,2019-01-01,2019-12-31
5473852,TB_e_inc_num,REGION,AFR,,,YEAR,2012,,,,,,,,,3 020 000 [2 490 000-3 590 000],3020000,2490000,3590000,,2025-11-11T15:08:09Z,2012,2012-01-01,2012-12-31
5479621,TB_e_inc_num,COUNTRY,PNG,WPR,Western Pacific,YEAR,2003,,,,,,,,,50 000 [18 000-575 000],50000,18000,575000,,2025-11-11T15:08:09Z,2003,2003-01-01,2003-12-31
5480868,TB_e_inc_num,COUNTRY,GMB,AFR,Africa,YEAR,2018,,,,,,,,,3900 [2900-5100],3900,2900,5100,,2025-11-11T15:08:09Z,2018,2018-01-01,2018-12-31
5481111,TB_e_inc_num,COUNTRY,AUS,WPR,Western Pacific,YEAR,2009,,,,,,,,,1600 [1300-1900],1600,1300,1900,,2025-11-11T15:08:09Z,2009,2009-01-01,2009-12-31
5484100,TB_e_inc_num,COUNTRY,GRD,AMR,Americas,YEAR,2017,,,,,,,,,3 [2-4],3,2,4,,2025-11-11T15:08:09Z,2017,2017-01-01,2017-12-31
5485842,TB_e_inc_num,COUNTRY,RWA,AFR,Africa,YEAR,2005,,,,,,,,,13 000 [10 000-15 000],13000,10000,15000,,2025-11-11T15:08:09Z,2005,2005-01-01,2005-12-31
5486702,TB_e_inc_num,COUNTRY,BRN,WPR,Western Pacific,YEAR,2009,,,,,,,,,320 [260-390],320,260,390,,2025-11-11T15:08:09Z,2009,2009-01-01,2009-12-31
5487161,TB_e_inc_num,COUNTRY,KEN,AFR,Africa,YEAR,2019,,,,,,,,,137 000 [84 000-203 000],137000,84000,203000,,2025-11-11T15:08:09Z,2019,2019-01-01,2019-12-31
5487385,TB_e_inc_num,COUNTRY,MNE,EUR,Europe,YEAR,2006,,,,,,,,,270 [220-330],270,220,330,,2025-11-11T15:08:09Z,2006,2006-01-01,2006-12-31
5491452,TB_e_inc_num,COUNTRY,SVK,EUR,Europe,YEAR,2016,,,,,,,,,340 [280-410],340,280,410,,2025-11-11T15:08:09Z,2016,2016-01-01,2016-12-31
5492399,TB_e_inc_num,COUNTRY,FRA,EUR,Europe,YEAR,2007,,,,,,,,,6600 [6300-6900],6600,6300,6900,,2025-11-11T15:08:09Z,2007,2007-01-01,2007-12-31
5496968,TB_e_inc_num,COUNTRY,MCO,EUR,Europe,YEAR,2003,,,,,,,,,0 [0-0],0,0,0,,2025-11-11T15:08:09Z,2003,2003-01-01,2003-12-31
5497168,TB_e_inc_num,COUNTRY,DEU,EUR,Europe,YEAR,2017,,,,,,,,,5900 [5300-6500],5900,5300,6500,,2025-11-11T15:08:09Z,2017,2017-01-01,2017-12-31
5503683,TB_e_inc_num,COUNTRY,PRI,AMR,Americas,YEAR,2005,,,,,,,,,190 [150-230],190,150,230,,2025-11-11T15:08:09Z,2005,2005-01-01,2005-12-31
5504007,TB_e_inc_num,COUNTRY,AZE,EUR,Europe,YEAR,2020,,,,,,,,,7000 [5700-8500],7000,5700,8500,,2025-11-11T15:08:09Z,2020,2020-01-01,2020-12-31
5504778,TB_e_inc_num,COUNTRY,BHS,AMR,Americas,YEAR,2012,,,,,,,,,44 [36-53],44,36,53,,2025-11-11T15:08:09Z,2012,2012-01-01,2012-12-31
5510520,TB_e_inc_num,REGION,AMR,,,YEAR,2023,,,,,,,,,343 000 [311 000-376 000],343000,311000,376000,,2025-11-11T15:08:09Z,2023,2023-01-01,2023-12-31
5511362,TB_e_inc_num,COUNTRY,TZA,AFR,Africa,YEAR,2012,,,,,,,,,179 000 [54 000-378 000],179000,54000,378000,,2025-11-11T15:08:09Z,2012,2012-01-01,2012-12-31
5512497,TB_e_inc_num,REGION,AFR,,,YEAR,2018,,,,,,,,,2 700 000 [2 330 000-3 100 000],2700000,2330000,3100000,,2025-11-11T15:08:09Z,2018,2018-01-01,2018-12-31
5516333,TB_e_inc_num,COUNTRY,DMA,AMR,Americas,YEAR,2017,,,,,,,,,1 [1-1],1,1,1,,2025-11-11T15:08:09Z,2017,2017-01-01,2017-12-31
5518502,TB_e_inc_num,COUNTRY,PER,AMR,Americas,YEAR,2017,,,,,,,,,40 000 [33 000-48 000],40000,33000,48000,,2025-11-11T15:08:09Z,2017,2017-01-01,2017-12-31
5519115,TB_e_inc_num,COUNTRY,IDN,WPR,Western Pacific,YEAR,2004,,,,,,,,,828 000 [743 000-917 000],828000,743000,917000,,2025-11-11T15:08:09Z,2004,2004-01-01,2004-12-31
5525790,TB_e_inc_num,COUNTRY,BHR,EMR,Eastern Mediterranean,YEAR,2009,,,,,,,,,520 [420-620],520,420,620,,2025-11-11T15:08:09Z,2009,2009-01-01,2009-12-31
5531300,TB_e_inc_num,COUNTRY,BTN,SEAR,South-East Asia,YEAR,2008,,,,,,,,,2700 [2200-3300],2700,2200,3300,,2025-11-11T15:08:09Z,2008,2008-01-01,2008-12-31
5531552,TB_e_inc_num,COUNTRY,PAN,AMR,Americas,YEAR,2007,,,,,,,,,2500 [2000-3000],2500,2000,3000,,2025-11-11T15:08:09Z,2007,2007-01-01,2007-12-31
5537363,TB_e_inc_num,COUNTRY,NGA,AFR,Africa,YEAR,2019,,,,,,,,,459 000 [299 000-652 000],459000,299000,652000,,2025-11-11T15:08:09Z,2019,2019-01-01,2019-12-31
5537674,TB_e_inc_num,COUNTRY,KAZ,EUR,Europe,YEAR,2006,,,,,,,,,27 000 [22 000-32 000],27000,22000,32000,,2025-11-11T15:08:09Z,2006,2006-01-01,2006-12-31
5543295,TB_e_inc_num,COUNTRY,ARG,AMR,Americas,YEAR,2022,,,,,,,,,16 000 [13 000-19 000],16000,13000,19000,,2025-11-11T15:08:09Z,2022,2022-01-01,2022-12-31
5543858,TB_e_inc_num,COUNTRY,ETH,AFR,Africa,YEAR,2018,,,,,,,,,192 000 [91 000-330 000],192000,91000,330000,,2025-11-11T15:08:09Z,2018,2018-01-01,2018-12-31
5544059,TB_e_inc_num,COUNTRY,BTN,SEAR,South-East Asia,YEAR,2006,,,,,,,,,2900 [2300-3500],2900,2300,3500,,2025-11-11T15:08:09Z,2006,2006-01-01,2006-12-31
5554414,TB_e_inc_num,COUNTRY,SEN,AFR,Africa,YEAR,2004,,,,,,,,,20 000 [11 000-47 000],20000,11000,47000,,2025-11-11T15:08:09Z,2004,2004-01-01,2004-12-31
5562728,TB_e_inc_num,COUNTRY,COG,AFR,Africa,YEAR,2021,,,,,,,,,18 000 [11 000-33 000],18000,11000,33000,,2025-11-11T15:08:09Z,2021,2021-01-01,2021-12-31
5563026,TB_e_inc_num,COUNTRY,MKD,EUR,Europe,YEAR,2018,,,,,,,,,300 [240-360],300,240,360,,2025-11-11T15:08:09Z,2018,2018-01-01,2018-12-31
5567458,TB_e_inc_num,COUNTRY,MMR,SEAR,South-East Asia,YEAR,2003,,,,,,,,,257 000 [92 000-506 000],257000,92000,506000,,2025-11-11T15:08:09Z,2003,2003-01-01,2003-12-31
5569714,TB_e_inc_num,COUNTRY,KAZ,EUR,Europe,YEAR,2011,,,,,,,,,25 000 [21 000-31 000],25000,21000,31000,,2025-11-11T15:08:09Z,2011,2011-01-01,2011-12-31
5574283,TB_e_inc_num,COUNTRY,ITA,EUR,Europe,YEAR,2017,,,,,,,,,4500 [3700-5500],4500,3700,5500,,2025-11-11T15:08:09Z,2017,2017-01-01,2017-12-31
5579756,TB_e_inc_num,COUNTRY,SWZ,AFR,Africa,YEAR,2010,,,,,,,,,18 000 [650-61 000],18000,650,61000,,2025-11-11T15:08:09Z,2010,2010-01-01,2010-12-31
5580544,TB_e_inc_num,REGION,SEAR,,,YEAR,2003,,,,,,,,,4 530 000 [2 070 000-7 950 000],4530000,2070000,7950000,,2025-11-11T15:08:09Z,2003,2003-01-01,2003-12-31
5581279,TB_e_inc_num,COUNTRY,FSM,WPR,Western Pacific,YEAR,2012,,,,,,,,,330 [270-400],330,270,400,,2025-11-11T15:08:09Z,2012,2012-01-01,2012-12-31
5581446,TB_e_inc_num,COUNTRY,BIH,EUR,Europe,YEAR,2017,,,,,,,,,1100 [890-1300],1100,890,1300,,2025-11-11T15:08:09Z,2017,2017-01-01,2017-12-31
5587599,TB_e_inc_num,COUNTRY,SGP,WPR,Western Pacific,YEAR,2008,,,,,,,,,2100 [1700-2600],2100,1700,2600,,2025-11-11T15:08:09Z,2008,2008-01-01,2008-12-31
5592063,TB_e_inc_num,COUNTRY,CZE,EUR,Europe,YEAR,2015,,,,,,,,,630 [520-760],630,520,760,,2025-11-11T15:08:09Z,2015,2015-01-01,2015-12-31
5594909,TB_e_inc_num,COUNTRY,HTI,AMR,Americas,YEAR,2024,,,,,,,,,21 000 [17 000-25 000],21000,17000,25000,,2025-11-11T15:08:09Z,2024,2024-01-01,2024-12-31
5595082,TB_e_inc_num,COUNTRY,CAN,AMR,Americas,YEAR,2008,,,,,,,,,2000 [1600-2400],2000,1600,2400,,2025-11-11T15:08:09Z,2008,2008-01-01,2008-12-31
5599693,TB_e_inc_num,COUNTRY,TUN,EMR,Eastern Mediterranean,YEAR,2010,,,,,,,,,4200 [3400-5000],4200,3400,5000,,2025-11-11T15:08:09Z,2010,2010-01-01,2010-12-31
5600600,TB_e_inc_num,COUNTRY,HND,AMR,Americas,YEAR,2024,,,,,,,,,4100 [3300-4900],4100,3300,4900,,2025-11-11T15:08:09Z,2024,2024-01-01,2024-12-31
5605128,TB_e_inc_num,COUNTRY,ARG,AMR,Americas,YEAR,2014,,,,,,,,,12 000 [9600-14 000],12000,9600,14000,,2025-11-11T15:08:09Z,2014,2014-01-01,2014-12-31
5614398,TB_e_inc_num,COUNTRY,SUR,AMR,Americas,YEAR,2014,,,,,,,,,210 [170-260],210,170,260,,2025-11-11T15:08:09Z,2014,2014-01-01,2014-12-31
5617769,TB_e_inc_num,COUNTRY,NER,AFR,Africa,YEAR,2002,,,,,,,,,13 000 [6700-34 000],13000,6700,34000,,2025-11-11T15:08:09Z,2002,2002-01-01,2002-12-31
5620763,TB_e_inc_num,COUNTRY,GMB,AFR,Africa,YEAR,2009,,,,,,,,,3400 [2400-4500],3400,2400,4500,,2025-11-11T15:08:09Z,2009,2009-01-01,2009-12-31
5626141,TB_e_inc_num,COUNTRY,KIR,WPR,Western Pacific,YEAR,2014,,,,,,,,,1000 [820-1200],1000,820,1200,,2025-11-11T15:08:09Z,2014,2014-01-01,2014-12-31
5627216,TB_e_inc_num,REGION,AFR,,,YEAR,2014,,,,,,,,,2 950 000 [2 470 000-3 480 000],2950000,2470000,3480000,,2025-11-11T15:08:09Z,2014,2014-01-01,2014-12-31
5637417,TB_e_inc_num,WORLDBANKINCOMEGROUP,WB_LMI,,,YEAR,2000,,,,,,,,,6 610 000 [4 020 000-9 830 000],6610000,4020000,9830000,,2025-11-11T15:08:09Z,2000,2000-01-01,2000-12-31
5639238,TB_e_inc_num,COUNTRY,BRA,AMR,Americas,YEAR,2009,,,,,,,,,83 000 [68 000-100 000],83000,68000,100000,,2025-11-11T15:08:09Z,2009,2009-01-01,2009-12-31
5642696,TB_e_inc_num,COUNTRY,TCD,AFR,Africa,YEAR,2017,,,,,,,,,23 000 [13 000-46 000],23000,13000,46000,,2025-11-11T15:08:09Z,2017,2017-01-01,2017-12-31
5642705,TB_e_inc_num,COUNTRY,ZMB,AFR,Africa,YEAR,2023,,,,,,,,,59 000 [36 000-87 000],59000,36000,87000,,2025-11-11T15:08:09Z,2023,2023-01-01,2023-12-31
5644506,TB_e_inc_num,COUNTRY,LKA,SEAR,South-East Asia,YEAR,2018,,,,,,,,,13 000 [8300-23 000],13000,8300,23000,,2025-11-11T15:08:09Z,2018,2018-01-01,2018-12-31
5649817,TB_e_inc_num,COUNTRY,BGR,EUR,Europe,YEAR,2009,,,,,,,,,4400 [3600-5300],4400,3600,5300,,2025-11-11T15:08:09Z,2009,2009-01-01,2009-12-31
5650410,TB_e_inc_num,COUNTRY,CUB,AMR,Americas,YEAR,2016,,,,,,,,,820 [670-990],820,670,990,,2025-11-11T15:08:09Z,2016,2016-01-01,2016-12-31
5651189,TB_e_inc_num,COUNTRY,SLV,AMR,Americas,YEAR,2020,,,,,,,,,2600 [2100-3200],2600,2100,3200,,2025-11-11T15:08:09Z,2020,2020-01-01,2020-12-31
5665249,TB_e_inc_num,COUNTRY,HND,AMR,Americas,YEAR,2022,,,,,,,,,3900 [3200-4800],3900,3200,4800,,2025-11-11T15:08:09Z,2022,2022-01-01,2022-12-31
5667933,TB_e_inc_num,COUNTRY,IDN,WPR,Western Pacific,YEAR,2012,,,,,,,,,847 000 [767 000-931 000],847000,767000,931000,,2025-11-11T15:08:09Z,2012,2012-01-01,2012-12-31
5674500,TB_e_inc_num,COUNTRY,KOR,WPR,Western Pacific,YEAR,2003,,,,,,,,,39 000 [37 000-42 000],39000,37000,42000,,2025-11-11T15:08:09Z,2003,2003-01-01,2003-12-31
5676072,TB_e_inc_num,COUNTRY,FJI,WPR,Western Pacific,YEAR,2014,,,,,,,,,680 [550-810],680,550,810,,2025-11-11T15:08:09Z,2014,2014-01-01,2014-12-31
5680730,TB_e_inc_num,COUNTRY,RUS,EUR,Europe,YEAR,2019,,,,,,,,,73 000 [47 000-104 000],73000,47000,104000,,2025-11-11T15:08:09Z,2019,2019-01-01,2019-12-31
5681739,TB_e_inc_num,COUNTRY,ZWE,AFR,Africa,YEAR,2015,,,,,,,,,35 000 [24 000-48 000],35000,24000,48000,,2025-11-11T15:08:09Z,2015,2015-01-01,2015-12-31
5682060,TB_e_inc_num,COUNTRY,ARE,EMR,Eastern Mediterranean,YEAR,2002,,,,,,,,,200 [160-240],200,160,240,,2025-11-11T15:08:09Z,2002,2002-01-01,2002-12-31
5683537,TB_e_inc_num,COUNTRY,GAB,AFR,Africa,YEAR,2019,,,,,,,,,9700 [5900-19 000],9700,5900,19000,,2025-11-11T15:08:09Z,2019,2019-01-01,2019-12-31
5684011,TB_e_inc_num,COUNTRY,BWA,AFR,Africa,YEAR,2013,,,,,,,,,11 000 [6600-21 000],11000,6600,21000,,2025-11-11T15:08:09Z,2013,2013-01-01,2013-12-31
5686706,TB_e_inc_num,COUNTRY,MAC,,,YEAR,2017,,,,,,,,,590 [480-710],590,480,710,,2025-11-11T15:08:09Z,2017,2017-01-01,2017-12-31
5686790,TB_e_inc_num,COUNTRY,BRA,AMR,Americas,YEAR,2011,,,,,,,,,83 000 [68 000-100 000],83000,68000,100000,,2025-11-11T15:08:09Z,2011,2011-01-01,2011-12-31
5689507,TB_e_inc_num,COUNTRY,BFA,AFR,Africa,YEAR,2003,,,,,,,,,11 000 [7000-22 000],11000,7000,22000,,2025-11-11T15:08:09Z,2003,2003-01-01,2003-12-31
5690264,TB_e_inc_num,COUNTRY,LAO,WPR,Western Pacific,YEAR,2022,,,,,,,,,10 000 [6500-15 000],10000,6500,15000,,2025-11-11T15:08:09Z,2022,2022-01-01,2022-12-31
5690380,TB_e_inc_num,COUNTRY,KNA,AMR,Americas,YEAR,2008,,,,,,,,,5 [4-6],5,4,6,,2025-11-11T15:08:09Z,2008,2008-01-01,2008-12-31
5702605,TB_e_inc_num,COUNTRY,TLS,SEAR,South-East Asia,YEAR,2021,,,,,,,,,5400 [3400-9900],5400,3400,9900,,2025-11-11T15:08:09Z,2021,2021-01-01,2021-12-31
5707893,TB_e_inc_num,COUNTRY,BRB,AMR,Americas,YEAR,2003,,,,,,,,,9 [7-10],9,7,10,,2025-11-11T15:08:09Z,2003,2003-01-01,2003-12-31
5708051,TB_e_inc_num,COUNTRY,ARE,EMR,Eastern Mediterranean,YEAR,2017,,,,,,,,,95 [77-110],95,77,110,,2025-11-11T15:08:09Z,2017,2017-01-01,2017-12-31
5713370,TB_e_inc_num,COUNTRY,LBR,AFR,Africa,YEAR,2004,,,,,,,,,7700 [4300-18 000],7700,4300,18000,,2025-11-11T15:08:09Z,2004,2004-01-01,2004-12-31
5715314,TB_e_inc_num,COUNTRY,AUT,EUR,Europe,YEAR,2019,,,,,,,,,550 [450-670],550,450,670,,2025-11-11T15:08:09Z,2019,2019-01-01,2019-12-31
5715919,TB_e_inc_num,COUNTRY,COM,AFR,Africa,YEAR,2005,,,,,,,,,260 [150-550],260,150,550,,2025-11-11T15:08:09Z,2005,2005-01-01,2005-12-31
5718515,TB_e_inc_num,COUNTRY,PAK,EMR,Eastern Mediterranean,YEAR,2015,,,,,,,,,587 000 [387 000-827 000],587000,387000,827000,,2025-11-11T15:08:09Z,2015,2015-01-01,2015-12-31
5718530,TB_e_inc_num,COUNTRY,MKD,EUR,Europe,YEAR,2015,,,,,,,,,390 [320-480],390,320,480,,2025-11-11T15:08:09Z,2015,2015-01-01,2015-12-31
5728529,TB_e_inc_num,COUNTRY,TJK,EUR,Europe,YEAR,2005,,,,,,,,,14 000 [12 000-17 000],14000,12000,17000,,2025-11-11T15:08:09Z,2005,2005-01-01,2005-12-31
5732914,TB_e_inc_num,COUNTRY,ETH,AFR,Africa,YEAR,2016,,,,,,,,,202 000 [97 000-344 000],202000,97000,344000,,2025-11-11T15:08:09Z,2016,2016-01-01,2016-12-31
5733647,TB_e_inc_num,COUNTRY,YEM,EMR,Eastern Mediterranean,YEAR,2009,,,,,,,,,12 000 [9800-13 000],12000,9800,13000,,2025-11-11T15:08:09Z,2009,2009-01-01,2009-12-31
5733836,TB_e_inc_num,COUNTRY,MAC,,,YEAR,2013,,,,,,,,,720 [590-870],720,590,870,,2025-11-11T15:08:09Z,2013,2013-01-01,2013-12-31
5740832,TB_e_inc_num,COUNTRY,PRY,AMR,Americas,YEAR,2014,,,,,,,,,3300 [2700-4000],3300,2700,4000,,2025-11-11T15:08:09Z,2014,2014-01-01,2014-12-31
5744680,TB_e_inc_num,COUNTRY,ETH,AFR,Africa,YEAR,2005,,,,,,,,,287 000 [157 000-455 000],287000,157000,455000,,2025-11-11T15:08:09Z,2005,2005-01-01,2005-12-31
5745306,TB_e_inc_num,COUNTRY,HUN,EUR,Europe,YEAR,2003,,,,,,,,,4000 [3300-4800],4000,3300,4800,,2025-11-11T15:08:09Z,2003,2003-01-01,2003-12-31
5750586,TB_e_inc_num,COUNTRY,SYR,EMR,Eastern Mediterranean,YEAR,2005,,,,,,,,,9300 [7500-11 000],9300,7500,11000,,2025-11-11T15:08:09Z,2005,2005-01-01,2005-12-31
5757836,TB_e_inc_num,COUNTRY,NPL,SEAR,South-East Asia,YEAR,2002,,,,,,,,,100 000 [56 000-156 000],100000,56000,156000,,2025-11-11T15:08:09Z,2002,2002-01-01,2002-12-31
5764177,TB_e_inc_num,COUNTRY,NAM,AFR,Africa,YEAR,2007,,,,,,,,,23 000 [9500-43 000],23000,9500,43000,,2025-11-11T15:08:09Z,2007,2007-01-01,2007-12-31
5764272,TB_e_inc_num,COUNTRY,GRC,EUR,Europe,YEAR,2023,,,,,,,,,580 [470-690],580,470,690,,2025-11-11T15:08:09Z,2023,2023-01-01,2023-12-31
5764980,TB_e_inc_num,COUNTRY,KAZ,EUR,Europe,YEAR,2007,,,,,,,,,27 000 [22 000-33 000],27000,22000,33000,,2025-11-11T15:08:09Z,2007,2007-01-01,2007-12-31
5772670,TB_e_inc_num,COUNTRY,MLT,EUR,Europe,YEAR,2007,,,,,,,,,38 [31-46],38,31,46,,2025-11-11T15:08:09Z,2007,2007-01-01,2007-12-31
5778374,TB_e_inc_num,COUNTRY,ARM,EUR,Europe,YEAR,2000,,,,,,,,,3600 [2900-4300],3600,2900,4300,,2025-11-11T15:08:09Z,2000,2000-01-01,2000-12-31
5783037,TB_e_inc_num,COUNTRY,ECU,AMR,Americas,YEAR,2021,,,,,,,,,7200 [5800-8600],7200,5800,8600,,2025-11-11T15:08:09Z,2021,2021-01-01,2021-12-31
5785009,TB_e_inc_num,COUNTRY,JAM,AMR,Americas,YEAR,2013,,,,,,,,,140 [120-170],140,120,170,,2025-11-11T15:08:09Z,2013,2013-01-01,2013-12-31
5791423,TB_e_inc_num,COUNTRY,SYR,EMR,Eastern Mediterranean,YEAR,2011,,,,,,,,,6600 [5400-8000],6600,5400,8000,,2025-11-11T15:08:09Z,2011,2011-01-01,2011-12-31
5791605,TB_e_inc_num,COUNTRY,MDG,AFR,Africa,YEAR,2003,,,,,,,,,41 000 [22 000-104 000],41000,22000,104000,,2025-11-11T15:08:09Z,2003,2003-01-01,2003-12-31
5801995,TB_e_inc_num,COUNTRY,KOR,WPR,Western Pacific,YEAR,2002,,,,,,,,,37 000 [35 000-40 000],37000,35000,40000,,2025-11-11T15:08:09Z,2002,2002-01-01,2002-12-31
5802284,TB_e_inc_num,COUNTRY,ATG,AMR,Americas,YEAR,2022,,,,,,,,,1 [1-1],1,1,1,,2025-11-11T15:08:09Z,2022,2022-01-01,2022-12-31
5802790,TB_e_inc_num,COUNTRY,TZA,AFR,Africa,YEAR,2014,,,,,,,,,164 000 [55 000-334 000],164000,55000,334000,,2025-11-11T15:08:09Z,2014,2014-01-01,2014-12-31
5809530,TB_e_inc_num,COUNTRY,BLR,EUR,Europe,YEAR,2016,,,,,,,,,4300 [3500-5100],4300,3500,5100,,2025-11-11T15:08:09Z,2016,2016-01-01,2016-12-31
5815894,TB_e_inc_num,COUNTRY,LCA,AMR,Americas,YEAR,2022,,,,,,,,,2 [2-2],2,2,2,,2025-11-11T15:08:09Z,2022,2022-01-01,2022-12-31
5821469,TB_e_inc_num,COUNTRY,RWA,AFR,Africa,YEAR,2000,,,,,,,,,20 000 [17 000-22 000],20000,17000,22000,,2025-11-11T15:08:09Z,2000,2000-01-01,2000-12-31
5821918,TB_e_inc_num,COUNTRY,NIC,AMR,Americas,YEAR,2012,,,,,,,,,4400 [3500-5300],4400,3500,5300,,2025-11-11T15:08:09Z,2012,2012-01-01,2012-12-31
5834598,TB_e_inc_num,COUNTRY,GTM,AMR,Americas,YEAR,2022,,,,,,,,,4600 [3700-5500],4600,3700,5500,,2025-11-11T15:08:09Z,2022,2022-01-01,2022-12-31
5835270,TB_e_inc_num,COUNTRY,NRU,WPR,Western Pacific,YEAR,2020,,,,,,,,,13 [11-16],13,11,16,,2025-11-11T15:08:09Z,2020,2020-01-01,2020-12-31
5835479,TB_e_inc_num,COUNTRY,MKD,EUR,Europe,YEAR,2019,,,,,,,,,270 [220-330],270,220,330,,2025-11-11T15:08:09Z,2019,2019-01-01,2019-12-31
5842273,TB_e_inc_num,COUNTRY,PAK,EMR,Eastern Mediterranean,YEAR,2007,,,,,,,,,508 000 [322 000-737 000],508000,322000,737000,,2025-11-11T15:08:09Z,2007,2007-01-01,2007-12-31
5845721,TB_e_inc_num,COUNTRY,LBN,EMR,Eastern Mediterranean,YEAR,2005,,,,,,,,,660 [540-800],660,540,800,,2025-11-11T15:08:09Z,2005,2005-01-01,2005-12-31
5847322,TB_e_inc_num,COUNTRY,OMN,EMR,Eastern Mediterranean,YEAR,2004,,,,,,,,,510 [410-610],510,410,610,,2025-11-11T15:08:09Z,2004,2004-01-01,2004-12-31
5848936,TB_e_inc_num,COUNTRY,PRI,AMR,Americas,YEAR,2012,,,,,,,,,100 [82-120],100,82,120,,2025-11-11T15:08:09Z,2012,2012-01-01,2012-12-31
5864337,TB_e_inc_num,COUNTRY,NAM,AFR,Africa,YEAR,2024,,,,,,,,,13 000 [7100-18 000],13000,7100,18000,,2025-11-11T15:08:09Z,2024,2024-01-01,2024-12-31
5865280,TB_e_inc_num,COUNTRY,MAC,,,YEAR,2009,,,,,,,,,630 [510-760],630,510,760,,2025-11-11T15:08:09Z,2009,2009-01-01,2009-12-31
5867873,TB_e_inc_num,COUNTRY,OMN,EMR,Eastern Mediterranean,YEAR,2015,,,,,,,,,490 [400-590],490,400,590,,2025-11-11T15:08:09Z,2015,2015-01-01,2015-12-31
5872088,TB_e_inc_num,COUNTRY,GHA,AFR,Africa,YEAR,2020,,,,,,,,,45 000 [21 000-77 000],45000,21000,77000,,2025-11-11T15:08:09Z,2020,2020-01-01,2020-12-31
5873356,TB_e_inc_num,COUNTRY,CIV,AFR,Africa,YEAR,2018,,,,,,,,,37 000 [22 000-71 000],37000,22000,71000,,2025-11-11T15:08:09Z,2018,2018-01-01,2018-12-31
5878600,TB_e_inc_num,COUNTRY,BLZ,AMR,Americas,YEAR,2006,,,,,,,,,160 [130-190],160,130,190,,2025-11-11T15:08:09Z,2006,2006-01-01,2006-12-31
5880286,TB_e_inc_num,COUNTRY,MRT,AFR,Africa,YEAR,2013,,,,,,,,,4400 [2600-9400],4400,2600,9400,,2025-11-11T15:08:09Z,2013,2013-01-01,2013-12-31
5880725,TB_e_inc_num,COUNTRY,MUS,AFR,Africa,YEAR,2024,,,,,,,,,160 [130-190],160,130,190,,2025-11-11T15:08:09Z,2024,2024-01-01,2024-12-31
5892975,TB_e_inc_num,COUNTRY,BRA,AMR,Americas,YEAR,2014,,,,,,,,,83 000 [67 000-100 000],83000,67000,100000,,2025-11-11T15:08:09Z,2014,2014-01-01,2014-12-31
5896800,TB_e_inc_num,COUNTRY,AFG,EMR,Eastern Mediterranean,YEAR,2003,,,,,,,,,49 000 [22 000-225 000],49000,22000,225000,,2025-11-11T15:08:09Z,2003,2003-01-01,2003-12-31
5902971,TB_e_inc_num,COUNTRY,MLT,EUR,Europe,YEAR,2011,,,,,,,,,30 [24-36],30,24,36,,2025-11-11T15:08:09Z,2011,2011-01-01,2011-12-31
5903872,TB_e_inc_num,COUNTRY,YEM,EMR,Eastern Mediterranean,YEAR,2010,,,,,,,,,12 000 [10 000-14 000],12000,10000,14000,,2025-11-11T15:08:09Z,2010,2010-01-01,2010-12-31
5903881,TB_e_inc_num,COUNTRY,OMN,EMR,Eastern Mediterranean,YEAR,2008,,,,,,,,,560 [460-680],560,460,680,,2025-11-11T15:08:09Z,2008,2008-01-01,2008-12-31
5909901,TB_e_inc_num,COUNTRY,ZAF,AFR,Africa,YEAR,2014,,,,,,,,,594 000 [303 000-980 000],594000,303000,980000,,2025-11-11T15:08:09Z,2014,2014-01-01,2014-12-31
5910963,TB_e_inc_num,COUNTRY,BDI,AFR,Africa,YEAR,2004,,,,,,,,,14 000 [7800-33 000],14000,7800,33000,,2025-11-11T15:08:09Z,2004,2004-01-01,2004-12-31
5922188,TB_e_inc_num,COUNTRY,IND,SEAR,South-East Asia,YEAR,2016,,,,,,,,,3 030 000 [2 560 000-3 530 000],3030000,2560000,3530000,,2025-11-11T15:08:09Z,2016,2016-01-01,2016-12-31
5924583,TB_e_inc_num,COUNTRY,BFA,AFR,Africa,YEAR,2020,,,,,,,,,13 000 [8200-25 000],13000,8200,25000,,2025-11-11T15:08:09Z,2020,2020-01-01,2020-12-31
5927811,TB_e_inc_num,COUNTRY,AUS,WPR,Western Pacific,YEAR,2022,,,,,,,,,1500 [1200-1800],1500,1200,1800,,2025-11-11T15:08:09Z,2022,2022-01-01,2022-12-31
5929312,TB_e_inc_num,COUNTRY,ETH,AFR,Africa,YEAR,2023,,,,,,,,,184 000 [93 000-305 000],184000,93000,305000,,2025-11-11T15:08:09Z,2023,2023-01-01,2023-12-31
5935459,TB_e_inc_num,COUNTRY,NRU,WPR,Western Pacific,YEAR,2018,,,,,,,,,5 [4-6],5,4,6,,2025-11-11T15:08:09Z,2018,2018-01-01,2018-12-31
5942624,TB_e_inc_num,COUNTRY,SLV,AMR,Americas,YEAR,2001,,,,,,,,,3100 [2600-3800],3100,2600,3800,,2025-11-11T15:08:09Z,2001,2001-01-01,2001-12-31
5942845,TB_e_inc_num,COUNTRY,ZAF,AFR,Africa,YEAR,2008,,,,,,,,,651 000 [303 000-1 130 000],651000,303000,1130000,,2025-11-11T15:08:09Z,2008,2008-01-01,2008-12-31
5954579,TB_e_inc_num,COUNTRY,TUV,WPR,Western Pacific,YEAR,2022,,,,,,,,,26 [21-31],26,21,31,,2025-11-11T15:08:09Z,2022,2022-01-01,2022-12-31
5955612,TB_e_inc_num,COUNTRY,URY,AMR,Americas,YEAR,2013,,,,,,,,,1100 [920-1400],1100,920,1400,,2025-11-11T15:08:09Z,2013,2013-01-01,2013-12-31
5955894,TB_e_inc_num,COUNTRY,PRI,AMR,Americas,YEAR,2023,,,,,,,,,26 [21-32],26,21,32,,2025-11-11T15:08:09Z,2023,2023-01-01,2023-12-31
5959541,TB_e_inc_num,COUNTRY,GRC,EUR,Europe,YEAR,2014,,,,,,,,,630 [520-770],630,520,770,,2025-11-11T15:08:09Z,2014,2014-01-01,2014-12-31
5962941,TB_e_inc_num,COUNTRY,UZB,EUR,Europe,YEAR,2007,,,,,,,,,38 000 [31 000-46 000],38000,31000,46000,,2025-11-11T15:08:09Z,2007,2007-01-01,2007-12-31
5967012,TB_e_inc_num,COUNTRY,KEN,AFR,Africa,YEAR,2011,,,,,,,,,217 000 [76 000-429 000],217000,76000,429000,,2025-11-11T15:08:09Z,2011,2011-01-01,2011-12-31
5972226,TB_e_inc_num,COUNTRY,PLW,WPR,Western Pacific,YEAR,2022,,,,,,,,,7 [6-8],7,6,8,,2025-11-11T15:08:09Z,2022,2022-01-01,2022-12-31
5972397,TB_e_inc_num,COUNTRY,MDG,AFR,Africa,YEAR,2019,,,,,,,,,60 000 [37 000-117 000],60000,37000,117000,,2025-11-11T15:08:09Z,2019,2019-01-01,2019-12-31
5978958,TB_e_inc_num,COUNTRY,NRU,WPR,Western Pacific,YEAR,2003,,,,,,,,,3 [2-4],3,2,4,,2025-11-11T15:08:09Z,2003,2003-01-01,2003-12-31
5980030,TB_e_inc_num,COUNTRY,CMR,AFR,Africa,YEAR,2011,,,,,,,,,52 000 [30 000-111 000],52000,30000,111000,,2025-11-11T15:08:09Z,2011,2011-01-01,2011-12-31
5981343,TB_e_inc_num,COUNTRY,TJK,EUR,Europe,YEAR,2023,,,,,,,,,7900 [6000-9700],7900,6000,9700,,2025-11-11T15:08:09Z,2023,2023-01-01,2023-12-31
5981385,TB_e_inc_num,COUNTRY,MDA,EUR,Europe,YEAR,2016,,,,,,,,,3600 [2900-4300],3600,2900,4300,,2025-11-11T15:08:09Z,2016,2016-01-01,2016-12-31
5985121,TB_e_inc_num,COUNTRY,NAM,AFR,Africa,YEAR,2006,,,,,,,,,24 000 [9300-46 000],24000,9300,46000,,2025-11-11T15:08:09Z,2006,2006-01-01,2006-12-31
5986870,TB_e_inc_num,COUNTRY,BIH,EUR,Europe,YEAR,2008,,,,,,,,,2900 [2300-3500],2900,2300,3500,,2025-11-11T15:08:09Z,2008,2008-01-01,2008-12-31
5988071,TB_e_inc_num,COUNTRY,GRD,AMR,Americas,YEAR,2014,,,,,,,,,0 [0-0],0,0,0,,2025-11-11T15:08:09Z,2014,2014-01-01,2014-12-31
5988116,TB_e_inc_num,COUNTRY,SUR,AMR,Americas,YEAR,2017,,,,,,,,,180 [150-220],180,150,220,,2025-11-11T15:08:09Z,2017,2017-01-01,2017-12-31
5997552,TB_e_inc_num,COUNTRY,LUX,EUR,Europe,YEAR,2003,,,,,,,,,74 [60-89],74,60,89,,2025-11-11T15:08:09Z,2003,2003-01-01,2003-12-31
6003849,TB_e_inc_num,COUNTRY,BGR,EUR,Europe,YEAR,2012,,,,,,,,,3200 [2600-3900],3200,2600,3900,,2025-11-11T15:08:09Z,2012,2012-01-01,2012-12-31
6006154,TB_e_inc_num,COUNTRY,CIV,AFR,Africa,YEAR,2004,,,,,,,,,41 000 [23 000-94 000],41000,23000,94000,,2025-11-11T15:08:09Z,2004,2004-01-01,2004-12-31
6007131,TB_e_inc_num,COUNTRY,LSO,AFR,Africa,YEAR,2003,,,,,,,,,22 000 [9100-39 000],22000,9100,39000,,2025-11-11T15:08:09Z,2003,2003-01-01,2003-12-31
6017080,TB_e_inc_num,COUNTRY,BFA,AFR,Africa,YEAR,2014,,,,,,,,,13 000 [7800-24 000],13000,7800,24000,,2025-11-11T15:08:09Z,2014,2014-01-01,2014-12-31
6018727,TB_e_inc_num,COUNTRY,MNG,WPR,Western Pacific,YEAR,2007,,,,,,,,,11 000 [5700-18 000],11000,5700,18000,,2025-11-11T15:08:09Z,2007,2007-01-01,2007-12-31
6025248,TB_e_inc_num,COUNTRY,CZE,EUR,Europe,YEAR,2002,,,,,,,,,1500 [1300-1900],1500,1300,1900,,2025-11-11T15:08:09Z,2002,2002-01-01,2002-12-31
6025301,TB_e_inc_num,COUNTRY,HUN,EUR,Europe,YEAR,2009,,,,,,,,,1800 [1500-2200],1800,1500,2200,,2025-11-11T15:08:09Z,2009,2009-01-01,2009-12-31
6025675,TB_e_inc_num,COUNTRY,STP,AFR,Africa,YEAR,2018,,,,,,,,,260 [210-310],260,210,310,,2025-11-11T15:08:09Z,2018,2018-01-01,2018-12-31
6030755,TB_e_inc_num,COUNTRY,ROU,EUR,Europe,YEAR,2011,,,,,,,,,24 000 [19 000-28 000],24000,19000,28000,,2025-11-11T15:08:09Z,2011,2011-01-01,2011-12-31
6037447,TB_e_inc_num,COUNTRY,MDV,SEAR,South-East Asia,YEAR,2017,,,,,,,,,190 [160-230],190,160,230,,2025-11-11T15:08:09Z,2017,2017-01-01,2017-12-31
6038700,TB_e_inc_num,COUNTRY,BDI,AFR,Africa,YEAR,2022,,,,,,,,,12 000 [7300-23 000],12000,7300,23000,,2025-11-11T15:08:09Z,2022,2022-01-01,2022-12-31
6038886,TB_e_inc_num,COUNTRY,HTI,AMR,Americas,YEAR,2019,,,,,,,,,27 000 [22 000-32 000],27000,22000,32000,,2025-11-11T15:08:09Z,2019,2019-01-01,2019-12-31
6039195,TB_e_inc_num,COUNTRY,BLR,EUR,Europe,YEAR,2007,,,,,,,,,9200 [7500-11 000],9200,7500,11000,,2025-11-11T15:08:09Z,2007,2007-01-01,2007-12-31
6044462,TB_e_inc_num,COUNTRY,ZAF,AFR,Africa,YEAR,2013,,,,,,,,,604 000 [299 000-1 010 000],604000,299000,1010000,,2025-11-11T15:08:09Z,2013,2013-01-01,2013-12-31
6045003,TB_e_inc_num,COUNTRY,ERI,AFR,Africa,YEAR,2003,,,,,,,,,19 000 [15 000-23 000],19000,15000,23000,,2025-11-11T15:08:09Z,2003,2003-01-01,2003-12-31
6048737,TB_e_inc_num,COUNTRY,IND,SEAR,South-East Asia,YEAR,2001,,,,,,,,,3 460 000 [1 190 000-6 920 000],3460000,1190000,6920000,,2025-11-11T15:08:09Z,2001,2001-01-01,2001-12-31
6049581,TB_e_inc_num,COUNTRY,UZB,EUR,Europe,YEAR,2024,,,,,,,,,18 000 [15 000-22 000],18000,15000,22000,,2025-11-11T15:08:09Z,2024,2024-01-01,2024-12-31
6050421,TB_e_inc_num,COUNTRY,FSM,WPR,Western Pacific,YEAR,2015,,,,,,,,,230 [190-280],230,190,280,,2025-11-11T15:08:09Z,2015,2015-01-01,2015-12-31
6055218,TB_e_inc_num,COUNTRY,DJI,EMR,Eastern Mediterranean,YEAR,2022,,,,,,,,,5300 [4300-6300],5300,4300,6300,,2025-11-11T15:08:09Z,2022,2022-01-01,2022-12-31
6060984,TB_e_inc_num,COUNTRY,AGO,AFR,Africa,YEAR,2009,,,,,,,,,110 000 [63 000-238 000],110000,63000,238000,,2025-11-11T15:08:09Z,2009,2009-01-01,2009-12-31
6061640,TB_e_inc_num,COUNTRY,KHM,WPR,Western Pacific,YEAR,2018,,,,,,,,,49 000 [37 000-66 000],49000,37000,66000,,2025-11-11T15:08:09Z,2018,2018-01-01,2018-12-31
6062507,TB_e_inc_num,COUNTRY,LBN,EMR,Eastern Mediterranean,YEAR,2021,,,,,,,,,650 [530-790],650,530,790,,2025-11-11T15:08:09Z,2021,2021-01-01,2021-12-31
6063217,TB_e_inc_num,COUNTRY,PSE,EMR,Eastern Mediterranean,YEAR,2018,,,,,,,,,44 [36-53],44,36,53,,2025-11-11T15:08:09Z,2018,2018-01-01,2018-12-31
6067815,TB_e_inc_num,COUNTRY,TKM,EUR,Europe,YEAR,2020,,,,,,,,,2600 [2100-3100],2600,2100,3100,,2025-11-11T15:08:09Z,2020,2020-01-01,2020-12-31
6073933,TB_e_inc_num,COUNTRY,NAM,AFR,Africa,YEAR,2003,,,,,,,,,24 000 [8900-46 000],24000,8900,46000,,2025-11-11T15:08:09Z,2003,2003-01-01,2003-12-31
6075013,TB_e_inc_num,COUNTRY,RWA,AFR,Africa,YEAR,2018,,,,,,,,,8000 [5600-11 000],8000,5600,11000,,2025-11-11T15:08:09Z,2018,2018-01-01,2018-12-31
6076087,TB_e_inc_num,COUNTRY,MHL,WPR,Western Pacific,YEAR,2014,,,,,,,,,250 [210-310],250,210,310,,2025-11-11T15:08:09Z,2014,2014-01-01,2014-12-31
6076126,TB_e_inc_num,COUNTRY,CIV,AFR,Africa,YEAR,2013,,,,,,,,,44 000 [26 000-92 000],44000,26000,92000,,2025-11-11T15:08:09Z,2013,2013-01-01,2013-12-31
6088410,TB_e_inc_num,COUNTRY,DJI,EMR,Eastern Mediterranean,YEAR,2021,,,,,,,,,4400 [3600-5300],4400,3600,5300,,2025-11-11T15:08:09Z,2021,2021-01-01,2021-12-31
6089092,TB_e_inc_num,COUNTRY,PLW,WPR,Western Pacific,YEAR,2005,,,,,,,,,10 [8-12],10,8,12,,2025-11-11T15:08:09Z,2005,2005-01-01,2005-12-31
6092671,TB_e_inc_num,COUNTRY,NPL,SEAR,South-East Asia,YEAR,2006,,,,,,,,,93 000 [52 000-145 000],93000,52000,145000,,2025-11-11T15:08:09Z,2006,2006-01-01,2006-12-31
6093701,TB_e_inc_num,COUNTRY,VCT,AMR,Americas,YEAR,2009,,,,,,,,,9 [7-11],9,7,11,,2025-11-11T15:08:09Z,2009,2009-01-01,2009-12-31
6093742,TB_e_inc_num,COUNTRY,RUS,EUR,Europe,YEAR,2015,,,,,,,,,97 000 [53 000-154 000],97000,53000,154000,,2025-11-11T15:08:09Z,2015,2015-01-01,2015-12-31
6102151,TB_e_inc_num,COUNTRY,CAN,AMR,Americas,YEAR,2023,,,,,,,,,2400 [2000-2900],2400,2000,2900,,2025-11-11T15:08:09Z,2023,2023-01-01,2023-12-31
6106670,TB_e_inc_num,COUNTRY,MRT,AFR,Africa,YEAR,2022,,,,,,,,,3600 [2200-6900],3600,2200,6900,,2025-11-11T15:08:09Z,2022,2022-01-01,2022-12-31
6107516,TB_e_inc_num,COUNTRY,MLT,EUR,Europe,YEAR,2014,,,,,,,,,45 [37-54],45,37,54,,2025-11-11T15:08:09Z,2014,2014-01-01,2014-12-31
6107671,TB_e_inc_num,COUNTRY,VNM,WPR,Western Pacific,YEAR,2001,,,,,,,,,226 000 [74 000-462 000],226000,74000,462000,,2025-11-11T15:08:09Z,2001,2001-01-01,2001-12-31
6108297,TB_e_inc_num,COUNTRY,TON,WPR,Western Pacific,YEAR,2004,,,,,,,,,12 [10-14],12,10,14,,2025-11-11T15:08:09Z,2004,2004-01-01,2004-12-31
6108756,TB_e_inc_num,COUNTRY,SWE,EUR,Europe,YEAR,2015,,,,,,,,,920 [750-1100],920,750,1100,,2025-11-11T15:08:09Z,2015,2015-01-01,2015-12-31
6113714,TB_e_inc_num,COUNTRY,SUR,AMR,Americas,YEAR,2000,,,,,,,,,240 [190-280],240,190,280,,2025-11-11T15:08:09Z,2000,2000-01-01,2000-12-31
6114622,TB_e_inc_num,COUNTRY,PAK,EMR,Eastern Mediterranean,YEAR,2019,,,,,,,,,608 000 [431 000-814 000],608000,431000,814000,,2025-11-11T15:08:09Z,2019,2019-01-01,2019-12-31
6114955,TB_e_inc_num,COUNTRY,NIC,AMR,Americas,YEAR,2014,,,,,,,,,3900 [3200-4700],3900,3200,4700,,2025-11-11T15:08:09Z,2014,2014-01-01,2014-12-31
6117838,TB_e_inc_num,COUNTRY,LKA,SEAR,South-East Asia,YEAR,2015,,,,,,,,,15 000 [9400-28 000],15000,9400,28000,,2025-11-11T15:08:09Z,2015,2015-01-01,2015-12-31
6118549,TB_e_inc_num,COUNTRY,LBY,EMR,Eastern Mediterranean,YEAR,2010,,,,,,,,,3200 [2000-5800],3200,2000,5800,,2025-11-11T15:08:09Z,2010,2010-01-01,2010-12-31
6118954,TB_e_inc_num,GLOBAL,GLOBAL,,,YEAR,2013,,,,,,,,,11 400 000 [9 730 000-13 200 000],11400000,9730000,13200000,,2025-11-11T15:08:09Z,2013,2013-01-01,2013-12-31
6119186,TB_e_inc_num,COUNTRY,THA,SEAR,South-East Asia,YEAR,2007,,,,,,,,,138 000 [55 000-259 000],138000,55000,259000,,2025-11-11T15:08:09Z,2007,2007-01-01,2007-12-31
6121359,TB_e_inc_num,COUNTRY,AZE,EUR,Europe,YEAR,2022,,,,,,,,,6900 [5500-8500],6900,5500,8500,,2025-11-11T15:08:09Z,2022,2022-01-01,2022-12-31
6124820,TB_e_inc_num,COUNTRY,ISR,EUR,Europe,YEAR,2023,,,,,,,,,260 [210-310],260,210,310,,2025-11-11T15:08:09Z,2023,2023-01-01,2023-12-31
6125947,TB_e_inc_num,COUNTRY,DEU,EUR,Europe,YEAR,2000,,,,,,,,,10 000 [9000-11 000],10000,9000,11000,,2025-11-11T15:08:09Z,2000,2000-01-01,2000-12-31
6131059,TB_e_inc_num,COUNTRY,JAM,AMR,Americas,YEAR,2006,,,,,,,,,170 [140-210],170,140,210,,2025-11-11T15:08:09Z,2006,2006-01-01,2006-12-31
6137163,TB_e_inc_num,COUNTRY,IND,SEAR,South-East Asia,YEAR,2024,,,,,,,,,2 710 000 [2 330 000-3 160 000],2710000,2330000,3160000,,2025-11-11T15:08:09Z,2024,2024-01-01,2024-12-31
6137510,TB_e_inc_num,COUNTRY,NPL,SEAR,South-East Asia,YEAR,2000,,,,,,,,,102 000 [58 000-160 000],102000,58000,160000,,2025-11-11T15:08:09Z,2000,2000-01-01,2000-12-31
6143275,TB_e_inc_num,COUNTRY,BTN,SEAR,South-East Asia,YEAR,2023,,,,,,,,,1400 [1100-1700],1400,1100,1700,,2025-11-11T15:08:09Z,2023,2023-01-01,2023-12-31
6143925,TB_e_inc_num,COUNTRY,LKA,SEAR,South-East Asia,YEAR,2020,,,,,,,,,13 000 [7900-23 000],13000,7900,23000,,2025-11-11T15:08:09Z,2020,2020-01-01,2020-12-31
6152515,TB_e_inc_num,COUNTRY,LVA,EUR,Europe,YEAR,2001,,,,,,,,,4500 [3700-5400],4500,3700,5400,,2025-11-11T15:08:09Z,2001,2001-01-01,2001-12-31
6156891,TB_e_inc_num,COUNTRY,COM,AFR,Africa,YEAR,2012,,,,,,,,,290 [170-600],290,170,600,,2025-11-11T15:08:09Z,2012,2012-01-01,2012-12-31
6157209,TB_e_inc_num,COUNTRY,JAM,AMR,Americas,YEAR,2011,,,,,,,,,160 [130-200],160,130,200,,2025-11-11T15:08:09Z,2011,2011-01-01,2011-12-31
6159484,TB_e_inc_num,COUNTRY,IRQ,EMR,Eastern Mediterranean,YEAR,2019,,,,,,,,,10 000 [8100-12 000],10000,8100,12000,,2025-11-11T15:08:09Z,2019,2019-01-01,2019-12-31
6162150,TB_e_inc_num,COUNTRY,GMB,AFR,Africa,YEAR,2007,,,,,,,,,3300 [1900-5000],3300,1900,5000,,2025-11-11T15:08:09Z,2007,2007-01-01,2007-12-31
6163615,TB_e_inc_num,COUNTRY,LBY,EMR,Eastern Mediterranean,YEAR,2007,,,,,,,,,3700 [2300-7000],3700,2300,7000,,2025-11-11T15:08:09Z,2007,2007-01-01,2007-12-31
6164800,TB_e_inc_num,COUNTRY,ERI,AFR,Africa,YEAR,2024,,,,,,,,,4100 [3300-4900],4100,3300,4900,,2025-11-11T15:08:09Z,2024,2024-01-01,2024-12-31
6164905,TB_e_inc_num,COUNTRY,PRT,EUR,Europe,YEAR,2011,,,,,,,,,3000 [2400-3600],3000,2400,3600,,2025-11-11T15:08:09Z,2011,2011-01-01,2011-12-31
6165100,TB_e_inc_num,COUNTRY,SRB,EUR,Europe,YEAR,2022,,,,,,,,,1200 [960-1400],1200,960,1400,,2025-11-11T15:08:09Z,2022,2022-01-01,2022-12-31
6170354,TB_e_inc_num,COUNTRY,ZMB,AFR,Africa,YEAR,2007,,,,,,,,,70 000 [32 000-122 000],70000,32000,122000,,2025-11-11T15:08:09Z,2007,2007-01-01,2007-12-31
6170935,TB_e_inc_num,COUNTRY,VCT,AMR,Americas,YEAR,2008,,,,,,,,,12 [10-14],12,10,14,,2025-11-11T15:08:09Z,2008,2008-01-01,2008-12-31
6176294,TB_e_inc_num,COUNTRY,COG,AFR,Africa,YEAR,2012,,,,,,,,,19 000 [11 000-41 000],19000,11000,41000,,2025-11-11T15:08:09Z,2012,2012-01-01,2012-12-31
6176436,TB_e_inc_num,COUNTRY,IRN,EMR,Eastern Mediterranean,YEAR,2000,,,,,,,,,29 000 [23 000-34 000],29000,23000,34000,,2025-11-11T15:08:09Z,2000,2000-01-01,2000-12-31
6181359,TB_e_inc_num,COUNTRY,GHA,AFR,Africa,YEAR,2022,,,,,,,,,44 000 [20 000-78 000],44000,20000,78000,,2025-11-11T15:08:09Z,2022,2022-01-01,2022-12-31
6181684,TB_e_inc_num,COUNTRY,ARM,EUR,Europe,YEAR,2024,,,,,,,,,550 [450-670],550,450,670,,2025-11-11T15:08:09Z,2024,2024-01-01,2024-12-31
6181883,TB_e_inc_num,COUNTRY,TLS,SEAR,South-East Asia,YEAR,2010,,,,,,,,,7300 [4200-15 000],7300,4200,15000,,2025-11-11T15:08:09Z,2010,2010-01-01,2010-12-31
6183326,TB_e_inc_num,COUNTRY,VUT,WPR,Western Pacific,YEAR,2024,,,,,,,,,150 [83-320],150,83,320,,2025-11-11T15:08:09Z,2024,2024-01-01,2024-12-31
6190866,TB_e_inc_num,COUNTRY,PAN,AMR,Americas,YEAR,2006,,,,,,,,,2600 [2100-3100],2600,2100,3100,,2025-11-11T15:08:09Z,2006,2006-01-01,2006-12-31
6193882,TB_e_inc_num,COUNTRY,LBY,EMR,Eastern Mediterranean,YEAR,2017,,,,,,,,,2300 [1400-4300],2300,1400,4300,,2025-11-11T15:08:09Z,2017,2017-01-01,2017-12-31
6194265,TB_e_inc_num,COUNTRY,AZE,EUR,Europe,YEAR,2003,,,,,,,,,12 000 [9900-15 000],12000,9900,15000,,2025-11-11T15:08:09Z,2003,2003-01-01,2003-12-31
6195085,TB_e_inc_num,COUNTRY,CHE,EUR,Europe,YEAR,2007,,,,,,,,,530 [430-640],530,430,640,,2025-11-11T15:08:09Z,2007,2007-01-01,2007-12-31
6201889,TB_e_inc_num,COUNTRY,AND,EUR,Europe,YEAR,2007,,,,,,,,,5 [4-6],5,4,6,,2025-11-11T15:08:09Z,2007,2007-01-01,2007-12-31
6207150,TB_e_inc_num,COUNTRY,SMR,EUR,Europe,YEAR,2015,,,,,,,,,0 [0-0],0,0,0,,2025-11-11T15:08:09Z,2015,2015-01-01,2015-12-31
6209580,TB_e_inc_num,COUNTRY,AND,EUR,Europe,YEAR,2009,,,,,,,,,8 [7-10],8,7,10,,2025-11-11T15:08:09Z,2009,2009-01-01,2009-12-31
6215801,TB_e_inc_num,COUNTRY,MUS,AFR,Africa,YEAR,2005,,,,,,,,,270 [220-330],270,220,330,,2025-11-11T15:08:09Z,2005,2005-01-01,2005-12-31
6219255,TB_e_inc_num,COUNTRY,BRN,WPR,Western Pacific,YEAR,2006,,,,,,,,,330 [270-400],330,270,400,,2025-11-11T15:08:09Z,2006,2006-01-01,2006-12-31
6222556,TB_e_inc_num,COUNTRY,COG,AFR,Africa,YEAR,2020,,,,,,,,,17 000 [11 000-33 000],17000,11000,33000,,2025-11-11T15:08:09Z,2020,2020-01-01,2020-12-31
6226184,TB_e_inc_num,COUNTRY,AGO,AFR,Africa,YEAR,2019,,,,,,,,,126 000 [77 000-244 000],126000,77000,244000,,2025-11-11T15:08:09Z,2019,2019-01-01,2019-12-31
6227293,TB_e_inc_num,COUNTRY,WSM,WPR,Western Pacific,YEAR,2020,,,,,,,,,13 [11-16],13,11,16,,2025-11-11T15:08:09Z,2020,2020-01-01,2020-12-31
6239064,TB_e_inc_num,COUNTRY,LVA,EUR,Europe,YEAR,2018,,,,,,,,,640 [520-770],640,520,770,,2025-11-11T15:08:09Z,2018,2018-01-01,2018-12-31
6240465,TB_e_inc_num,COUNTRY,BRN,WPR,Western Pacific,YEAR,2005,,,,,,,,,270 [220-330],270,220,330,,2025-11-11T15:08:09Z,2005,2005-01-01,2005-12-31
6240544,TB_e_inc_num,REGION,WPR,,,YEAR,2018,,,,,,,,,2 730 000 [2 370 000-3 100 000],2730000,2370000,3100000,,2025-11-11T15:08:09Z,2018,2018-01-01,2018-12-31
6241021,TB_e_inc_num,COUNTRY,SEN,AFR,Africa,YEAR,2017,,,,,,,,,24 000 [14 000-46 000],24000,14000,46000,,2025-11-11T15:08:09Z,2017,2017-01-01,2017-12-31
6241032,TB_e_inc_num,COUNTRY,NLD,EUR,Europe,YEAR,2021,,,,,,,,,770 [660-890],770,660,890,,2025-11-11T15:08:09Z,2021,2021-01-01,2021-12-31
6241708,TB_e_inc_num,COUNTRY,NOR,EUR,Europe,YEAR,2023,,,,,,,,,160 [130-190],160,130,190,,2025-11-11T15:08:09Z,2023,2023-01-01,2023-12-31
6251949,TB_e_inc_num,COUNTRY,TJK,EUR,Europe,YEAR,2004,,,,,,,,,14 000 [11 000-17 000],14000,11000,17000,,2025-11-11T15:08:09Z,2004,2004-01-01,2004-12-31
6252523,TB_e_inc_num,COUNTRY,KOR,WPR,Western Pacific,YEAR,2017,,,,,,,,,36 000 [33 000-38 000],36000,33000,38000,,2025-11-11T15:08:09Z,2017,2017-01-01,2017-12-31
6253012,TB_e_inc_num,COUNTRY,SLB,WPR,Western Pacific,YEAR,2021,,,,,,,,,820 [670-990],820,670,990,,2025-11-11T15:08:09Z,2021,2021-01-01,2021-12-31
6258954,TB_e_inc_num,COUNTRY,AUT,EUR,Europe,YEAR,2000,,,,,,,,,1800 [1400-2100],1800,1400,2100,,2025-11-11T15:08:09Z,2000,2000-01-01,2000-12-31
6260229,TB_e_inc_num,COUNTRY,SWZ,AFR,Africa,YEAR,2017,,,,,,,,,5800 [3000-9600],5800,3000,9600,,2025-11-11T15:08:09Z,2017,2017-01-01,2017-12-31
6264650,TB_e_inc_num,COUNTRY,HKG,,,YEAR,2009,,,,,,,,,9400 [7700-11 000],9400,7700,11000,,2025-11-11T15:08:09Z,2009,2009-01-01,2009-12-31
6265470,TB_e_inc_num,COUNTRY,NGA,AFR,Africa,YEAR,2004,,,,,,,,,309 000 [202 000-439 000],309000,202000,439000,,2025-11-11T15:08:09Z,2004,2004-01-01,2004-12-31
6270953,TB_e_inc_num,COUNTRY,TUV,WPR,Western Pacific,YEAR,2009,,,,,,,,,18 [15-22],18,15,22,,2025-11-11T15:08:09Z,2009,2009-01-01,2009-12-31
6276422,TB_e_inc_num,COUNTRY,MEX,AMR,Americas,YEAR,2003,,,,,,,,,35 000 [29 000-42 000],35000,29000,42000,,2025-11-11T15:08:09Z,2003,2003-01-01,2003-12-31
6278659,TB_e_inc_num,COUNTRY,SMR,EUR,Europe,YEAR,2020,,,,,,,,,0 [0-0],0,0,0,,2025-11-11T15:08:09Z,2020,2020-01-01,2020-12-31
6279142,TB_e_inc_num,COUNTRY,MAR,EMR,Eastern Mediterranean,YEAR,2019,,,,,,,,,35 000 [28 000-42 000],35000,28000,42000,,2025-11-11T15:08:09Z,2019,2019-01-01,2019-12-31
6282743,TB_e_inc_num,COUNTRY,MHL,WPR,Western Pacific,YEAR,2015,,,,,,,,,240 [200-290],240,200,290,,2025-11-11T15:08:09Z,2015,2015-01-01,2015-12-31
6284460,TB_e_inc_num,COUNTRY,BEL,EUR,Europe,YEAR,2021,,,,,,,,,950 [770-1100],950,770,1100,,2025-11-11T15:08:09Z,2021,2021-01-01,2021-12-31
6288793,TB_e_inc_num,COUNTRY,CIV,AFR,Africa,YEAR,2020,,,,,,,,,34 000 [21 000-65 000],34000,21000,65000,,2025-11-11T15:08:09Z,2020,2020-01-01,2020-12-31
6290853,TB_e_inc_num,COUNTRY,USA,AMR,Americas,YEAR,2002,,,,,,,,,20 000 [16 000-24 000],20000,16000,24000,,2025-11-11T15:08:09Z,2002,2002-01-01,2002-12-31
6295545,TB_e_inc_num,COUNTRY,BEL,EUR,Europe,YEAR,2011,,,,,,,,,1100 [940-1400],1100,940,1400,,2025-11-11T15:08:09Z,2011,2011-01-01,2011-12-31
6302465,TB_e_inc_num,COUNTRY,AUT,EUR,Europe,YEAR,2024,,,,,,,,,450 [370-540],450,370,540,,2025-11-11T15:08:09Z,2024,2024-01-01,2024-12-31
6303695,TB_e_inc_num,REGION,EMR,,,YEAR,2024,,,,,,,,,920 000 [712 000-1 150 000],920000,712000,1150000,,2025-11-11T15:08:09Z,2024,2024-01-01,2024-12-31
6303732,TB_e_inc_num,COUNTRY,LBN,EMR,Eastern Mediterranean,YEAR,2008,,,,,,,,,840 [680-1000],840,680,1000,,2025-11-11T15:08:09Z,2008,2008-01-01,2008-12-31
6304298,TB_e_inc_num,COUNTRY,GIN,AFR,Africa,YEAR,2019,,,,,,,,,23 000 [14 000-45 000],23000,14000,45000,,2025-11-11T15:08:09Z,2019,2019-01-01,2019-12-31
6308952,TB_e_inc_num,REGION,SEAR,,,YEAR,2000,,,,,,,,,4 360 000 [1 970 000-7 680 000],4360000,1970000,7680000,,2025-11-11T15:08:09Z,2000,2000-01-01,2000-12-31
6309753,TB_e_inc_num,COUNTRY,BOL,AMR,Americas,YEAR,2007,,,,,,,,,25 000 [20 000-30 000],25000,20000,30000,,2025-11-11T15:08:09Z,2007,2007-01-01,2007-12-31
6310847,TB_e_inc_num,COUNTRY,MWI,AFR,Africa,YEAR,2008,,,,,,,,,52 000 [6500-143 000],52000,6500,143000,,2025-11-11T15:08:09Z,2008,2008-01-01,2008-12-31
6311044,TB_e_inc_num,COUNTRY,USA,AMR,Americas,YEAR,2003,,,,,,,,,19 000 [16 000-23 000],19000,16000,23000,,2025-11-11T15:08:09Z,2003,2003-01-01,2003-12-31
6311088,TB_e_inc_num,COUNTRY,FIN,EUR,Europe,YEAR,2020,,,,,,,,,200 [170-250],200,170,250,,2025-11-11T15:08:09Z,2020,2020-01-01,2020-12-31
6315184,TB_e_inc_num,GLOBAL,GLOBAL,,,YEAR,2020,,,,,,,,,10 300 000 [9 610 000-11 000 000],10300000,9610000,11000000,,2025-11-11T15:08:09Z,2020,2020-01-01,2020-12-31
6315482,TB_e_inc_num,COUNTRY,GIN,AFR,Africa,YEAR,2009,,,,,,,,,19 000 [11 000-43 000],19000,11000,43000,,2025-11-11T15:08:09Z,2009,2009-01-01,2009-12-31
6317256,TB_e_inc_num,COUNTRY,GUY,AMR,Americas,YEAR,2002,,,,,,,,,1300 [1100-1600],1300,1100,1600,,2025-11-11T15:08:09Z,2002,2002-01-01,2002-12-31
6320424,TB_e_inc_num,COUNTRY,GTM,AMR,Americas,YEAR,2003,,,,,,,,,3000 [2400-3600],3000,2400,3600,,2025-11-11T15:08:09Z,2003,2003-01-01,2003-12-31
6321769,TB_e_inc_num,COUNTRY,KNA,AMR,Americas,YEAR,2015,,,,,,,,,2 [2-2],2,2,2,,2025-11-11T15:08:09Z,2015,2015-01-01,2015-12-31
6326786,TB_e_inc_num,COUNTRY,UZB,EUR,Europe,YEAR,2023,,,,,,,,,19 000 [16 000-23 000],19000,16000,23000,,2025-11-11T15:08:09Z,2023,2023-01-01,2023-12-31
6336931,TB_e_inc_num,COUNTRY,TCD,AFR,Africa,YEAR,2011,,,,,,,,,21 000 [12 000-48 000],21000,12000,48000,,2025-11-11T15:08:09Z,2011,2011-01-01,2011-12-31
6342264,TB_e_inc_num,COUNTRY,AGO,AFR,Africa,YEAR,2005,,,,,,,,,95 000 [53 000-217 000],95000,53000,217000,,2025-11-11T15:08:09Z,2005,2005-01-01,2005-12-31
6342847,TB_e_inc_num,COUNTRY,PAN,AMR,Americas,YEAR,2021,,,,,,,,,1900 [1500-2300],1900,1500,2300,,2025-11-11T15:08:09Z,2021,2021-01-01,2021-12-31
6343133,TB_e_inc_num,COUNTRY,LUX,EUR,Europe,YEAR,2009,,,,,,,,,36 [29-43],36,29,43,,2025-11-11T15:08:09Z,2009,2009-01-01,2009-12-31
6345941,TB_e_inc_num,COUNTRY,CPV,AFR,Africa,YEAR,2012,,,,,,,,,670 [540-810],670,540,810,,2025-11-11T15:08:09Z,2012,2012-01-01,2012-12-31
6346143,TB_e_inc_num,COUNTRY,FIN,EUR,Europe,YEAR,2004,,,,,,,,,400 [330-480],400,330,480,,2025-11-11T15:08:09Z,2004,2004-01-01,2004-12-31
6346441,TB_e_inc_num,COUNTRY,CHE,EUR,Europe,YEAR,2019,,,,,,,,,460 [380-560],460,380,560,,2025-11-11T15:08:09Z,2019,2019-01-01,2019-12-31
6347653,TB_e_inc_num,COUNTRY,UZB,EUR,Europe,YEAR,2022,,,,,,,,,20 000 [16 000-24 000],20000,16000,24000,,2025-11-11T15:08:09Z,2022,2022-01-01,2022-12-31
6348695,TB_e_inc_num,REGION,WPR,,,YEAR,2007,,,,,,,,,2 910 000 [2 560 000-3 290 000],2910000,2560000,3290000,,2025-11-11T15:08:09Z,2007,2007-01-01,2007-12-31
6349592,TB_e_inc_num,COUNTRY,DMA,AMR,Americas,YEAR,2014,,,,,,,,,1 [1-1],1,1,1,,2025-11-11T15:08:09Z,2014,2014-01-01,2014-12-31
6355403,TB_e_inc_num,COUNTRY,ROU,EUR,Europe,YEAR,2010,,,,,,,,,26 000 [21 000-31 000],26000,21000,31000,,2025-11-11T15:08:09Z,2010,2010-01-01,2010-12-31
6358708,TB_e_inc_num,COUNTRY,GIN,AFR,Africa,YEAR,2016,,,,,,,,,21 000 [13 000-43 000],21000,13000,43000,,2025-11-11T15:08:09Z,2016,2016-01-01,2016-12-31
6361869,TB_e_inc_num,COUNTRY,SLE,AFR,Africa,YEAR,2001,,,,,,,,,28 000 [17 000-53 000],28000,17000,53000,,2025-11-11T15:08:09Z,2001,2001-01-01,2001-12-31
6366464,TB_e_inc_num,COUNTRY,MDV,SEAR,South-East Asia,YEAR,2006,,,,,,,,,240 [200-290],240,200,290,,2025-11-11T15:08:09Z,2006,2006-01-01,2006-12-31
6367855,TB_e_inc_num,COUNTRY,ZMB,AFR,Africa,YEAR,2010,,,,,,,,,69 000 [35 000-115 000],69000,35000,115000,,2025-11-11T15:08:09Z,2010,2010-01-01,2010-12-31
6371403,TB_e_inc_num,COUNTRY,MUS,AFR,Africa,YEAR,2021,,,,,,,,,140 [110-170],140,110,170,,2025-11-11T15:08:09Z,2021,2021-01-01,2021-12-31
6372531,TB_e_inc_num,COUNTRY,CAN,AMR,Americas,YEAR,2014,,,,,,,,,1800 [1400-2100],1800,1400,2100,,2025-11-11T15:08:09Z,2014,2014-01-01,2014-12-31
6374917,TB_e_inc_num,REGION,EUR,,,YEAR,2024,,,,,,,,,204 000 [175 000-235 000],204000,175000,235000,,2025-11-11T15:08:09Z,2024,2024-01-01,2024-12-31
6379041,TB_e_inc_num,COUNTRY,TZA,AFR,Africa,YEAR,2011,,,,,,,,,185 000 [54 000-394 000],185000,54000,394000,,2025-11-11T15:08:09Z,2011,2011-01-01,2011-12-31
6387396,TB_e_inc_num,COUNTRY,PRI,AMR,Americas,YEAR,2019,,,,,,,,,47 [39-57],47,39,57,,2025-11-11T15:08:09Z,2019,2019-01-01,2019-12-31
6390571,TB_e_inc_num,COUNTRY,LSO,AFR,Africa,YEAR,2002,,,,,,,,,20 000 [9100-35 000],20000,9100,35000,,2025-11-11T15:08:09Z,2002,2002-01-01,2002-12-31
6391558,TB_e_inc_num,COUNTRY,NLD,EUR,Europe,YEAR,2015,,,,,,,,,980 [840-1100],980,840,1100,,2025-11-11T15:08:09Z,2015,2015-01-01,2015-12-31
6400058,TB_e_inc_num,COUNTRY,CAF,AFR,Africa,YEAR,2009,,,,,,,,,26 000 [16 000-48 000],26000,16000,48000,,2025-11-11T15:08:09Z,2009,2009-01-01,2009-12-31
6404914,TB_e_inc_num,COUNTRY,BFA,AFR,Africa,YEAR,2000,,,,,,,,,11 000 [6800-21 000],11000,6800,21000,,2025-11-11T15:08:09Z,2000,2000-01-01,2000-12-31
6405906,TB_e_inc_num,WORLDBANKINCOMEGROUP,WB_HI,,,YEAR,2006,,,,,,,,,374 000 [290 000-468 000],374000,290000,468000,,2025-11-11T15:08:09Z,2006,2006-01-01,2006-12-31
6411623,TB_e_inc_num,COUNTRY,JOR,EMR,Eastern Mediterranean,YEAR,2006,,,,,,,,,570 [470-690],570,470,690,,2025-11-11T15:08:09Z,2006,2006-01-01,2006-12-31
6412273,TB_e_inc_num,COUNTRY,BGD,SEAR,South-East Asia,YEAR,2019,,,,,,,,,365 000 [265 000-480 000],365000,265000,480000,,2025-11-11T15:08:09Z,2019,2019-01-01,2019-12-31
6412573,TB_e_inc_num,COUNTRY,SAU,EMR,Eastern Mediterranean,YEAR,2016,,,,,,,,,3200 [2900-3500],3200,2900,3500,,2025-11-11T15:08:09Z,2016,2016-01-01,2016-12-31
6417446,TB_e_inc_num,COUNTRY,IDN,WPR,Western Pacific,YEAR,2018,,,,,,,,,852 000 [776 000-931 000],852000,776000,931000,,2025-11-11T15:08:09Z,2018,2018-01-01,2018-12-31
6418799,TB_e_inc_num,COUNTRY,LKA,SEAR,South-East Asia,YEAR,2009,,,,,,,,,19 000 [11 000-38 000],19000,11000,38000,,2025-11-11T15:08:09Z,2009,2009-01-01,2009-12-31
6419235,TB_e_inc_num,COUNTRY,GEO,EUR,Europe,YEAR,2006,,,,,,,,,7800 [6400-9400],7800,6400,9400,,2025-11-11T15:08:09Z,2006,2006-01-01,2006-12-31
6422967,TB_e_inc_num,COUNTRY,COM,AFR,Africa,YEAR,2011,,,,,,,,,290 [170-600],290,170,600,,2025-11-11T15:08:09Z,2011,2011-01-01,2011-12-31
6423292,TB_e_inc_num,REGION,AMR,,,YEAR,2013,,,,,,,,,301 000 [279 000-323 000],301000,279000,323000,,2025-11-11T15:08:09Z,2013,2013-01-01,2013-12-31
6424692,TB_e_inc_num,WORLDBANKINCOMEGROUP,WB_UMI,,,YEAR,2016,,,,,,,,,2 750 000 [2 480 000-3 040 000],2750000,2480000,3040000,,2025-11-11T15:08:09Z,2016,2016-01-01,2016-12-31
6425432,TB_e_inc_num,COUNTRY,GTM,AMR,Americas,YEAR,2024,,,,,,,,,5200 [4200-6300],5200,4200,6300,,2025-11-11T15:08:09Z,2024,2024-01-01,2024-12-31
6428624,TB_e_inc_num,COUNTRY,CIV,AFR,Africa,YEAR,2005,,,,,,,,,43 000 [24 000-97 000],43000,24000,97000,,2025-11-11T15:08:09Z,2005,2005-01-01,2005-12-31
6430449,TB_e_inc_num,COUNTRY,KHM,WPR,Western Pacific,YEAR,2013,,,,,,,,,57 000 [42 000-76 000],57000,42000,76000,,2025-11-11T15:08:09Z,2013,2013-01-01,2013-12-31
6437745,TB_e_inc_num,COUNTRY,PAK,EMR,Eastern Mediterranean,YEAR,2009,,,,,,,,,536 000 [339 000-777 000],536000,339000,777000,,2025-11-11T15:08:09Z,2009,2009-01-01,2009-12-31
6438297,TB_e_inc_num,COUNTRY,NOR,EUR,Europe,YEAR,2018,,,,,,,,,220 [180-260],220,180,260,,2025-11-11T15:08:09Z,2018,2018-01-01,2018-12-31
6447432,TB_e_inc_num,COUNTRY,MCO,EUR,Europe,YEAR,2023,,,,,,,,,0 [0-0],0,0,0,,2025-11-11T15:08:09Z,2023,2023-01-01,2023-12-31
6448039,TB_e_inc_num,COUNTRY,SEN,AFR,Africa,YEAR,2021,,,,,,,,,23 000 [14 000-45 000],23000,14000,45000,,2025-11-11T15:08:09Z,2021,2021-01-01,2021-12-31
6448155,TB_e_inc_num,COUNTRY,MWI,AFR,Africa,YEAR,2024,,,,,,,,,24 000 [11 000-42 000],24000,11000,42000,,2025-11-11T15:08:09Z,2024,2024-01-01,2024-12-31
6449930,TB_e_inc_num,COUNTRY,SWZ,AFR,Africa,YEAR,2014,,,,,,,,,9700 [2700-21 000],9700,2700,21000,,2025-11-11T15:08:09Z,2014,2014-01-01,2014-12-31
6450205,TB_e_inc_num,COUNTRY,MMR,SEAR,South-East Asia,YEAR,2022,,,,,,,,,233 000 [149 000-358 000],233000,149000,358000,,2025-11-11T15:08:09Z,2022,2022-01-01,2022-12-31
6454691,TB_e_inc_num,COUNTRY,BRA,AMR,Americas,YEAR,2010,,,,,,,,,82 000 [67 000-99 000],82000,67000,99000,,2025-11-11T15:08:09Z,2010,2010-01-01,2010-12-31
6457312,TB_e_inc_num,COUNTRY,MRT,AFR,Africa,YEAR,2020,,,,,,,,,3900 [2400-7400],3900,2400,7400,,2025-11-11T15:08:09Z,2020,2020-01-01,2020-12-31
6460402,TB_e_inc_num,COUNTRY,HTI,AMR,Americas,YEAR,2017,,,,,,,,,30 000 [24 000-36 000],30000,24000,36000,,2025-11-11T15:08:09Z,2017,2017-01-01,2017-12-31
6462218,TB_e_inc_num,COUNTRY,AGO,AFR,Africa,YEAR,2003,,,,,,,,,78 000 [43 000-186 000],78000,43000,186000,,2025-11-11T15:08:09Z,2003,2003-01-01,2003-12-31
6467618,TB_e_inc_num,COUNTRY,ISR,EUR,Europe,YEAR,2014,,,,,,,,,440 [360-540],440,360,540,,2025-11-11T15:08:09Z,2014,2014-01-01,2014-12-31
6469213,TB_e_inc_num,COUNTRY,PSE,EMR,Eastern Mediterranean,YEAR,2011,,,,,,,,,53 [43-64],53,43,64,,2025-11-11T15:08:09Z,2011,2011-01-01,2011-12-31
6480952,TB_e_inc_num,COUNTRY,LCA,AMR,Americas,YEAR,2013,,,,,,,,,9 [7-11],9,7,11,,2025-11-11T15:08:09Z,2013,2013-01-01,2013-12-31
6481279,TB_e_inc_num,COUNTRY,CIV,AFR,Africa,YEAR,2009,,,,,,,,,47 000 [27 000-101 000],47000,27000,101000,,2025-11-11T15:08:09Z,2009,2009-01-01,2009-12-31
6481828,TB_e_inc_num,COUNTRY,GHA,AFR,Africa,YEAR,2006,,,,,,,,,46 000 [16 000-91 000],46000,16000,91000,,2025-11-11T15:08:09Z,2006,2006-01-01,2006-12-31
6489312,TB_e_inc_num,COUNTRY,TKM,EUR,Europe,YEAR,2022,,,,,,,,,3300 [2700-4000],3300,2700,4000,,2025-11-11T15:08:09Z,2022,2022-01-01,2022-12-31
6494138,TB_e_inc_num,COUNTRY,DJI,EMR,Eastern Mediterranean,YEAR,2017,,,,,,,,,4800 [3900-5800],4800,3900,5800,,2025-11-11T15:08:09Z,2017,2017-01-01,2017-12-31
6499339,TB_e_inc_num,COUNTRY,HUN,EUR,Europe,YEAR,2000,,,,,,,,,4600 [3700-5500],4600,3700,5500,,2025-11-11T15:08:09Z,2000,2000-01-01,2000-12-31
6499817,TB_e_inc_num,COUNTRY,SVN,EUR,Europe,YEAR,2000,,,,,,,,,530 [430-640],530,430,640,,2025-11-11T15:08:09Z,2000,2000-01-01,2000-12-31
6499943,TB_e_inc_num,COUNTRY,MOZ,AFR,Africa,YEAR,2010,,,,,,,,,82 000 [51 000-120 000],82000,51000,120000,,2025-11-11T15:08:09Z,2010,2010-01-01,2010-12-31
6511165,TB_e_inc_num,COUNTRY,RWA,AFR,Africa,YEAR,2016,,,,,,,,,7800 [5400-11 000],7800,5400,11000,,2025-11-11T15:08:09Z,2016,2016-01-01,2016-12-31
6512699,TB_e_inc_num,COUNTRY,HUN,EUR,Europe,YEAR,2008,,,,,,,,,2100 [1700-2500],2100,1700,2500,,2025-11-11T15:08:09Z,2008,2008-01-01,2008-12-31
6514590,TB_e_inc_num,COUNTRY,BGD,SEAR,South-East Asia,YEAR,2022,,,,,,,,,375 000 [273 000-493 000],375000,273000,493000,,2025-11-11T15:08:09Z,2022,2022-01-01,2022-12-31
6519649,TB_e_inc_num,COUNTRY,SVN,EUR,Europe,YEAR,2023,,,,,,,,,100 [82-120],100,82,120,,2025-11-11T15:08:09Z,2023,2023-01-01,2023-12-31
6524784,TB_e_inc_num,COUNTRY,LAO,WPR,Western Pacific,YEAR,2014,,,,,,,,,13 000 [7400-19 000],13000,7400,19000,,2025-11-11T15:08:09Z,2014,2014-01-01,2014-12-31
6525869,TB_e_inc_num,COUNTRY,BEN,AFR,Africa,YEAR,2013,,,,,,,,,7400 [4300-16 000],7400,4300,16000,,2025-11-11T15:08:09Z,2013,2013-01-01,2013-12-31
6526497,TB_e_inc_num,COUNTRY,ROU,EUR,Europe,YEAR,2017,,,,,,,,,16 000 [13 000-19 000],16000,13000,19000,,2025-11-11T15:08:09Z,2017,2017-01-01,2017-12-31
6531538,TB_e_inc_num,COUNTRY,TON,WPR,Western Pacific,YEAR,2023,,,,,,,,,8 [7-10],8,7,10,,2025-11-11T15:08:09Z,2023,2023-01-01,2023-12-31
6531588,TB_e_inc_num,COUNTRY,SDN,EMR,Eastern Mediterranean,YEAR,2016,,,,,,,,,34 000 [20 000-51 000],34000,20000,51000,,2025-11-11T15:08:09Z,2016,2016-01-01,2016-12-31
6531665,TB_e_inc_num,COUNTRY,HUN,EUR,Europe,YEAR,2016,,,,,,,,,960 [780-1200],960,780,1200,,2025-11-11T15:08:09Z,2016,2016-01-01,2016-12-31
6537821,TB_e_inc_num,COUNTRY,CZE,EUR,Europe,YEAR,2017,,,,,,,,,600 [480-720],600,480,720,,2025-11-11T15:08:09Z,2017,2017-01-01,2017-12-31
6543186,TB_e_inc_num,COUNTRY,MDG,AFR,Africa,YEAR,2010,,,,,,,,,52 000 [29 000-116 000],52000,29000,116000,,2025-11-11T15:08:09Z,2010,2010-01-01,2010-12-31
6545847,TB_e_inc_num,COUNTRY,MKD,EUR,Europe,YEAR,2008,,,,,,,,,770 [630-930],770,630,930,,2025-11-11T15:08:09Z,2008,2008-01-01,2008-12-31
6550494,TB_e_inc_num,WORLDBANKINCOMEGROUP,WB_UMI,,,YEAR,2019,,,,,,,,,2 590 000 [2 370 000-2 810 000],2590000,2370000,2810000,,2025-11-11T15:08:09Z,2019,2019-01-01,2019-12-31
6551776,TB_e_inc_num,COUNTRY,KGZ,EUR,Europe,YEAR,2020,,,,,,,,,8700 [7000-11 000],8700,7000,11000,,2025-11-11T15:08:09Z,2020,2020-01-01,2020-12-31
6552227,TB_e_inc_num,COUNTRY,SLE,AFR,Africa,YEAR,2010,,,,,,,,,31 000 [19 000-59 000],31000,19000,59000,,2025-11-11T15:08:09Z,2010,2010-01-01,2010-12-31
6552739,TB_e_inc_num,COUNTRY,BEL,EUR,Europe,YEAR,2012,,,,,,,,,1100 [880-1300],1100,880,1300,,2025-11-11T15:08:09Z,2012,2012-01-01,2012-12-31
6563141,TB_e_inc_num,COUNTRY,UKR,EUR,Europe,YEAR,2024,,,,,,,,,33 000 [26 000-40 000],33000,26000,40000,,2025-11-11T15:08:09Z,2024,2024-01-01,2024-12-31
6564896,TB_e_inc_num,COUNTRY,SWZ,AFR,Africa,YEAR,2012,,,,,,,,,13 000 [1900-33 000],13000,1900,33000,,2025-11-11T15:08:09Z,2012,2012-01-01,2012-12-31
6568128,TB_e_inc_num,COUNTRY,NGA,AFR,Africa,YEAR,2000,,,,,,,,,277 000 [181 000-393 000],277000,181000,393000,,2025-11-11T15:08:09Z,2000,2000-01-01,2000-12-31
6574989,TB_e_inc_num,COUNTRY,GTM,AMR,Americas,YEAR,2013,,,,,,,,,3700 [3000-4500],3700,3000,4500,,2025-11-11T15:08:09Z,2013,2013-01-01,2013-12-31
6575579,TB_e_inc_num,COUNTRY,BRA,AMR,Americas,YEAR,2024,,,,,,,,,104 000 [84 000-129 000],104000,84000,129000,,2025-11-11T15:08:09Z,2024,2024-01-01,2024-12-31
6576587,TB_e_inc_num,COUNTRY,ISL,EUR,Europe,YEAR,2007,,,,,,,,,12 [10-14],12,10,14,,2025-11-11T15:08:09Z,2007,2007-01-01,2007-12-31
6581601,TB_e_inc_num,COUNTRY,STP,AFR,Africa,YEAR,2008,,,,,,,,,180 [140-210],180,140,210,,2025-11-11T15:08:09Z,2008,2008-01-01,2008-12-31
6582005,TB_e_inc_num,COUNTRY,NRU,WPR,Western Pacific,YEAR,2005,,,,,,,,,11 [9-13],11,9,13,,2025-11-11T15:08:09Z,2005,2005-01-01,2005-12-31
6582267,TB_e_inc_num,COUNTRY,ROU,EUR,Europe,YEAR,2022,,,,,,,,,12 000 [9900-15 000],12000,9900,15000,,2025-11-11T15:08:09Z,2022,2022-01-01,2022-12-31
6584636,TB_e_inc_num,COUNTRY,FIN,EUR,Europe,YEAR,2016,,,,,,,,,260 [210-320],260,210,320,,2025-11-11T15:08:09Z,2016,2016-01-01,2016-12-31
6590713,TB_e_inc_num,COUNTRY,NIU,WPR,Western Pacific,YEAR,2003,,,,,,,,,0 [0-0],0,0,0,,2025-11-11T15:08:09Z,2003,2003-01-01,2003-12-31
6595087,TB_e_inc_num,COUNTRY,LBY,EMR,Eastern Mediterranean,YEAR,2002,,,,,,,,,3500 [1900-8500],3500,1900,8500,,2025-11-11T15:08:09Z,2002,2002-01-01,2002-12-31
6596435,TB_e_inc_num,COUNTRY,SRB,EUR,Europe,YEAR,2018,,,,,,,,,1800 [1500-2200],1800,1500,2200,,2025-11-11T15:08:09Z,2018,2018-01-01,2018-12-31
6596568,TB_e_inc_num,COUNTRY,PSE,EMR,Eastern Mediterranean,YEAR,2005,,,,,,,,,53 [43-63],53,43,63,,2025-11-11T15:08:09Z,2005,2005-01-01,2005-12-31
6600836,TB_e_inc_num,COUNTRY,TJK,EUR,Europe,YEAR,2001,,,,,,,,,10 000 [8500-13 000],10000,8500,13000,,2025-11-11T15:08:09Z,2001,2001-01-01,2001-12-31
6608336,TB_e_inc_num,COUNTRY,ISR,EUR,Europe,YEAR,2022,,,,,,,,,240 [200-290],240,200,290,,2025-11-11T15:08:09Z,2022,2022-01-01,2022-12-31
6614483,TB_e_inc_num,COUNTRY,TUR,EUR,Europe,YEAR,2002,,,,,,,,,33 000 [27 000-40 000],33000,27000,40000,,2025-11-11T15:08:09Z,2002,2002-01-01,2002-12-31
6614592,TB_e_inc_num,COUNTRY,ARG,AMR,Americas,YEAR,2017,,,,,,,,,13 000 [11 000-16 000],13000,11000,16000,,2025-11-11T15:08:09Z,2017,2017-01-01,2017-12-31
6614646,TB_e_inc_num,COUNTRY,CHN,WPR,Western Pacific,YEAR,2013,,,,,,,,,959 000 [780 000-1 160 000],959000,780000,1160000,,2025-11-11T15:08:09Z,2013,2013-01-01,2013-12-31
6619704,TB_e_inc_num,COUNTRY,DNK,EUR,Europe,YEAR,2005,,,,,,,,,540 [440-650],540,440,650,,2025-11-11T15:08:09Z,2005,2005-01-01,2005-12-31
6633431,TB_e_inc_num,COUNTRY,LCA,AMR,Americas,YEAR,2016,,,,,,,,,3 [2-4],3,2,4,,2025-11-11T15:08:09Z,2016,2016-01-01,2016-12-31
6638240,TB_e_inc_num,COUNTRY,STP,AFR,Africa,YEAR,2017,,,,,,,,,250 [210-300],250,210,300,,2025-11-11T15:08:09Z,2017,2017-01-01,2017-12-31
6639243,TB_e_inc_num,COUNTRY,AFG,EMR,Eastern Mediterranean,YEAR,2000,,,,,,,,,30 000 [9200-305 000],30000,9200,305000,,2025-11-11T15:08:09Z,2000,2000-01-01,2000-12-31
6639475,TB_e_inc_num,COUNTRY,EGY,EMR,Eastern Mediterranean,YEAR,2008,,,,,,,,,14 000 [11 000-17 000],14000,11000,17000,,2025-11-11T15:08:09Z,2008,2008-01-01,2008-12-31
6639489,TB_e_inc_num,COUNTRY,FSM,WPR,Western Pacific,YEAR,2017,,,,,,,,,290 [230-350],290,230,350,,2025-11-11T15:08:09Z,2017,2017-01-01,2017-12-31
6641312,TB_e_inc_num,COUNTRY,COK,WPR,Western Pacific,YEAR,2012,,,,,,,,,1 [1-1],1,1,1,,2025-11-11T15:08:09Z,2012,2012-01-01,2012-12-31
6644879,TB_e_inc_num,COUNTRY,LVA,EUR,Europe,YEAR,2021,,,,,,,,,350 [290-420],350,290,420,,2025-11-11T15:08:09Z,2021,2021-01-01,2021-12-31
6646994,TB_e_inc_num,COUNTRY,BWA,AFR,Africa,YEAR,2017,,,,,,,,,8400 [5100-16 000],8400,5100,16000,,2025-11-11T15:08:09Z,2017,2017-01-01,2017-12-31
6647473,TB_e_inc_num,COUNTRY,ARE,EMR,Eastern Mediterranean,YEAR,2006,,,,,,,,,160 [130-200],160,130,200,,2025-11-11T15:08:09Z,2006,2006-01-01,2006-12-31
6651245,TB_e_inc_num,COUNTRY,SLV,AMR,Americas,YEAR,2012,,,,,,,,,2800 [2300-3400],2800,2300,3400,,2025-11-11T15:08:09Z,2012,2012-01-01,2012-12-31
6652375,TB_e_inc_num,COUNTRY,COK,WPR,Western Pacific,YEAR,2019,,,,,,,,,1 [1-1],1,1,1,,2025-11-11T15:08:09Z,2019,2019-01-01,2019-12-31
6653965,TB_e_inc_num,REGION,EUR,,,YEAR,2001,,,,,,,,,567 000 [471 000-671 000],567000,471000,671000,,2025-11-11T15:08:09Z,2001,2001-01-01,2001-12-31
6657822,TB_e_inc_num,COUNTRY,PNG,WPR,Western Pacific,YEAR,2022,,,,,,,,,65 000 [38 000-131 000],65000,38000,131000,,2025-11-11T15:08:09Z,2022,2022-01-01,2022-12-31
6658715,TB_e_inc_num,COUNTRY,BLZ,AMR,Americas,YEAR,2007,,,,,,,,,110 [92-140],110,92,140,,2025-11-11T15:08:09Z,2007,2007-01-01,2007-12-31
6659538,TB_e_inc_num,COUNTRY,GEO,EUR,Europe,YEAR,2017,,,,,,,,,3600 [2900-4400],3600,2900,4400,,2025-11-11T15:08:09Z,2017,2017-01-01,2017-12-31
6659965,TB_e_inc_num,COUNTRY,BRA,AMR,Americas,YEAR,2008,,,,,,,,,84 000 [68 000-101 000],84000,68000,101000,,2025-11-11T15:08:09Z,2008,2008-01-01,2008-12-31
6665012,TB_e_inc_num,COUNTRY,CMR,AFR,Africa,YEAR,2021,,,,,,,,,40 000 [25 000-77 000],40000,25000,77000,,2025-11-11T15:08:09Z,2021,2021-01-01,2021-12-31
6666718,TB_e_inc_num,COUNTRY,MDA,EUR,Europe,YEAR,2019,,,,,,,,,2800 [2300-3400],2800,2300,3400,,2025-11-11T15:08:09Z,2019,2019-01-01,2019-12-31
6670282,TB_e_inc_num,COUNTRY,SRB,EUR,Europe,YEAR,2021,,,,,,,,,1300 [1100-1600],1300,1100,1600,,2025-11-11T15:08:09Z,2021,2021-01-01,2021-12-31
6672191,TB_e_inc_num,COUNTRY,LAO,WPR,Western Pacific,YEAR,2013,,,,,,,,,13 000 [7400-20 000],13000,7400,20000,,2025-11-11T15:08:09Z,2013,2013-01-01,2013-12-31
6676669,TB_e_inc_num,COUNTRY,AUT,EUR,Europe,YEAR,2020,,,,,,,,,450 [370-540],450,370,540,,2025-11-11T15:08:09Z,2020,2020-01-01,2020-12-31
6676710,TB_e_inc_num,COUNTRY,COL,AMR,Americas,YEAR,2023,,,,,,,,,24 000 [20 000-29 000],24000,20000,29000,,2025-11-11T15:08:09Z,2023,2023-01-01,2023-12-31
6683822,TB_e_inc_num,COUNTRY,DOM,AMR,Americas,YEAR,2011,,,,,,,,,6400 [5200-7700],6400,5200,7700,,2025-11-11T15:08:09Z,2011,2011-01-01,2011-12-31
6685536,TB_e_inc_num,COUNTRY,GNB,AFR,Africa,YEAR,2024,,,,,,,,,3900 [2400-7400],3900,2400,7400,,2025-11-11T15:08:09Z,2024,2024-01-01,2024-12-31
6690041,TB_e_inc_num,COUNTRY,ARM,EUR,Europe,YEAR,2001,,,,,,,,,3600 [2900-4300],3600,2900,4300,,2025-11-11T15:08:09Z,2001,2001-01-01,2001-12-31
6695914,TB_e_inc_num,COUNTRY,TUV,WPR,Western Pacific,YEAR,2019,,,,,,,,,30 [24-36],30,24,36,,2025-11-11T15:08:09Z,2019,2019-01-01,2019-12-31
6711310,TB_e_inc_num,COUNTRY,ISL,EUR,Europe,YEAR,2020,,,,,,,,,12 [10-14],12,10,14,,2025-11-11T15:08:09Z,2020,2020-01-01,2020-12-31
6717574,TB_e_inc_num,COUNTRY,MAR,EMR,Eastern Mediterranean,YEAR,2013,,,,,,,,,33 000 [27 000-39 000],33000,27000,39000,,2025-11-11T15:08:09Z,2013,2013-01-01,2013-12-31
6723151,TB_e_inc_num,COUNTRY,ISL,EUR,Europe,YEAR,2006,,,,,,,,,13 [11-16],13,11,16,,2025-11-11T15:08:09Z,2006,2006-01-01,2006-12-31
6728920,TB_e_inc_num,COUNTRY,CRI,AMR,Americas,YEAR,2000,,,,,,,,,970 [790-1200],970,790,1200,,2025-11-11T15:08:09Z,2000,2000-01-01,2000-12-31
6740588,TB_e_inc_num,COUNTRY,DEU,EUR,Europe,YEAR,2003,,,,,,,,,7700 [7000-8500],7700,7000,8500,,2025-11-11T15:08:09Z,2003,2003-01-01,2003-12-31
6741292,TB_e_inc_num,COUNTRY,SAU,EMR,Eastern Mediterranean,YEAR,2012,,,,,,,,,4100 [3700-4500],4100,3700,4500,,2025-11-11T15:08:09Z,2012,2012-01-01,2012-12-31
6746978,TB_e_inc_num,COUNTRY,LSO,AFR,Africa,YEAR,2001,,,,,,,,,18 000 [9100-31 000],18000,9100,31000,,2025-11-11T15:08:09Z,2001,2001-01-01,2001-12-31
6747677,TB_e_inc_num,COUNTRY,CHE,EUR,Europe,YEAR,2002,,,,,,,,,800 [650-960],800,650,960,,2025-11-11T15:08:09Z,2002,2002-01-01,2002-12-31
6749298,TB_e_inc_num,COUNTRY,BTN,SEAR,South-East Asia,YEAR,2003,,,,,,,,,3500 [2800-4200],3500,2800,4200,,2025-11-11T15:08:09Z,2003,2003-01-01,2003-12-31
6752761,TB_e_inc_num,COUNTRY,UKR,EUR,Europe,YEAR,2015,,,,,,,,,49 000 [40 000-60 000],49000,40000,60000,,2025-11-11T15:08:09Z,2015,2015-01-01,2015-12-31
6753891,TB_e_inc_num,COUNTRY,CHN,WPR,Western Pacific,YEAR,2005,,,,,,,,,1 190 000 [967 000-1 430 000],1190000,967000,1430000,,2025-11-11T15:08:09Z,2005,2005-01-01,2005-12-31
6755012,TB_e_inc_num,COUNTRY,ERI,AFR,Africa,YEAR,2012,,,,,,,,,7900 [6400-9500],7900,6400,9500,,2025-11-11T15:08:09Z,2012,2012-01-01,2012-12-31
6755207,TB_e_inc_num,WORLDBANKINCOMEGROUP,WB_LI,,,YEAR,2018,,,,,,,,,1 150 000 [906 000-1 430 000],1150000,906000,1430000,,2025-11-11T15:08:09Z,2018,2018-01-01,2018-12-31
6759409,TB_e_inc_num,COUNTRY,LSO,AFR,Africa,YEAR,2007,,,,,,,,,24 000 [8800-47 000],24000,8800,47000,,2025-11-11T15:08:09Z,2007,2007-01-01,2007-12-31
6759633,TB_e_inc_num,COUNTRY,GAB,AFR,Africa,YEAR,2016,,,,,,,,,10 000 [6000-20 000],10000,6000,20000,,2025-11-11T15:08:09Z,2016,2016-01-01,2016-12-31
6761874,TB_e_inc_num,COUNTRY,PAK,EMR,Eastern Mediterranean,YEAR,2008,,,,,,,,,522 000 [330 000-757 000],522000,330000,757000,,2025-11-11T15:08:09Z,2008,2008-01-01,2008-12-31
6765763,TB_e_inc_num,COUNTRY,BEN,AFR,Africa,YEAR,2021,,,,,,,,,6200 [3800-12 000],6200,3800,12000,,2025-11-11T15:08:09Z,2021,2021-01-01,2021-12-31
6766479,TB_e_inc_num,COUNTRY,FRA,EUR,Europe,YEAR,2001,,,,,,,,,7000 [6800-7300],7000,6800,7300,,2025-11-11T15:08:09Z,2001,2001-01-01,2001-12-31
6770937,TB_e_inc_num,COUNTRY,FSM,WPR,Western Pacific,YEAR,2016,,,,,,,,,320 [260-390],320,260,390,,2025-11-11T15:08:09Z,2016,2016-01-01,2016-12-31
6772129,TB_e_inc_num,WORLDBANKINCOMEGROUP,WB_HI,,,YEAR,2013,,,,,,,,,296 000 [238 000-361 000],296000,238000,361000,,2025-11-11T15:08:09Z,2013,2013-01-01,2013-12-31
6774202,TB_e_inc_num,COUNTRY,BEL,EUR,Europe,YEAR,2024,,,,,,,,,320 [260-390],320,260,390,,2025-11-11T15:08:09Z,2024,2024-01-01,2024-12-31
6780353,TB_e_inc_num,COUNTRY,NZL,WPR,Western Pacific,YEAR,2011,,,,,,,,,370 [300-450],370,300,450,,2025-11-11T15:08:09Z,2011,2011-01-01,2011-12-31
6784288,TB_e_inc_num,COUNTRY,SSD,AFR,Africa,YEAR,2019,,,,,,,,,37 000 [23 000-70 000],37000,23000,70000,,2025-11-11T15:08:09Z,2019,2019-01-01,2019-12-31
6793224,TB_e_inc_num,COUNTRY,CPV,AFR,Africa,YEAR,2004,,,,,,,,,650 [530-780],650,530,780,,2025-11-11T15:08:09Z,2004,2004-01-01,2004-12-31
6798663,TB_e_inc_num,COUNTRY,KHM,WPR,Western Pacific,YEAR,2024,,,,,,,,,48 000 [36 000-64 000],48000,36000,64000,,2025-11-11T15:08:09Z,2024,2024-01-01,2024-12-31
6799348,TB_e_inc_num,COUNTRY,TUR,EUR,Europe,YEAR,2006,,,,,,,,,33 000 [27 000-39 000],33000,27000,39000,,2025-11-11T15:08:09Z,2006,2006-01-01,2006-12-31
6818455,TB_e_inc_num,COUNTRY,PAK,EMR,Eastern Mediterranean,YEAR,2013,,,,,,,,,581 000 [368 000-841 000],581000,368000,841000,,2025-11-11T15:08:09Z,2013,2013-01-01,2013-12-31
6828853,TB_e_inc_num,COUNTRY,DOM,AMR,Americas,YEAR,2016,,,,,,,,,5800 [4700-7000],5800,4700,7000,,2025-11-11T15:08:09Z,2016,2016-01-01,2016-12-31
6829878,TB_e_inc_num,COUNTRY,BLR,EUR,Europe,YEAR,2019,,,,,,,,,2700 [2200-3300],2700,2200,3300,,2025-11-11T15:08:09Z,2019,2019-01-01,2019-12-31
6830476,TB_e_inc_num,COUNTRY,NIU,WPR,Western Pacific,YEAR,2019,,,,,,,,,0 [0-0],0,0,0,,2025-11-11T15:08:09Z,2019,2019-01-01,2019-12-31
6835955,TB_e_inc_num,COUNTRY,NIC,AMR,Americas,YEAR,2009,,,,,,,,,3900 [3200-4700],3900,3200,4700,,2025-11-11T15:08:09Z,2009,2009-01-01,2009-12-31
6836180,TB_e_inc_num,COUNTRY,ROU,EUR,Europe,YEAR,2000,,,,,,,,,42 000 [34 000-50 000],42000,34000,50000,,2025-11-11T15:08:09Z,2000,2000-01-01,2000-12-31
6841531,TB_e_inc_num,COUNTRY,LVA,EUR,Europe,YEAR,2010,,,,,,,,,1500 [1200-1800],1500,1200,1800,,2025-11-11T15:08:09Z,2010,2010-01-01,2010-12-31
6841614,TB_e_inc_num,COUNTRY,STP,AFR,Africa,YEAR,2020,,,,,,,,,150 [120-180],150,120,180,,2025-11-11T15:08:09Z,2020,2020-01-01,2020-12-31
6843667,TB_e_inc_num,COUNTRY,SMR,EUR,Europe,YEAR,2013,,,,,,,,,0 [0-0],0,0,0,,2025-11-11T15:08:09Z,2013,2013-01-01,2013-12-31
6847341,TB_e_inc_num,COUNTRY,NPL,SEAR,South-East Asia,YEAR,2015,,,,,,,,,75 000 [43 000-114 000],75000,43000,114000,,2025-11-11T15:08:09Z,2015,2015-01-01,2015-12-31
6850116,TB_e_inc_num,COUNTRY,LCA,AMR,Americas,YEAR,2018,,,,,,,,,5 [4-6],5,4,6,,2025-11-11T15:08:09Z,2018,2018-01-01,2018-12-31
6853271,TB_e_inc_num,COUNTRY,SAU,EMR,Eastern Mediterranean,YEAR,2023,,,,,,,,,2800 [2500-3100],2800,2500,3100,,2025-11-11T15:08:09Z,2023,2023-01-01,2023-12-31
6859860,TB_e_inc_num,COUNTRY,FJI,WPR,Western Pacific,YEAR,2008,,,,,,,,,220 [180-260],220,180,260,,2025-11-11T15:08:09Z,2008,2008-01-01,2008-12-31
6860357,TB_e_inc_num,COUNTRY,UGA,AFR,Africa,YEAR,2003,,,,,,,,,65 000 [41 000-95 000],65000,41000,95000,,2025-11-11T15:08:09Z,2003,2003-01-01,2003-12-31
6861160,TB_e_inc_num,COUNTRY,STP,AFR,Africa,YEAR,2016,,,,,,,,,360 [290-430],360,290,430,,2025-11-11T15:08:09Z,2016,2016-01-01,2016-12-31
6863254,TB_e_inc_num,COUNTRY,FJI,WPR,Western Pacific,YEAR,2024,,,,,,,,,960 [780-1200],960,780,1200,,2025-11-11T15:08:09Z,2024,2024-01-01,2024-12-31
6866152,TB_e_inc_num,COUNTRY,HND,AMR,Americas,YEAR,2014,,,,,,,,,4500 [3600-5400],4500,3600,5400,,2025-11-11T15:08:09Z,2014,2014-01-01,2014-12-31
6867354,TB_e_inc_num,COUNTRY,VCT,AMR,Americas,YEAR,2012,,,,,,,,,30 [24-36],30,24,36,,2025-11-11T15:08:09Z,2012,2012-01-01,2012-12-31
6869364,TB_e_inc_num,COUNTRY,SRB,EUR,Europe,YEAR,2008,,,,,,,,,4400 [3600-5300],4400,3600,5300,,2025-11-11T15:08:09Z,2008,2008-01-01,2008-12-31
6875482,TB_e_inc_num,COUNTRY,ZMB,AFR,Africa,YEAR,2013,,,,,,,,,67 000 [37 000-106 000],67000,37000,106000,,2025-11-11T15:08:09Z,2013,2013-01-01,2013-12-31
6878736,TB_e_inc_num,COUNTRY,NIC,AMR,Americas,YEAR,2002,,,,,,,,,5000 [4100-6100],5000,4100,6100,,2025-11-11T15:08:09Z,2002,2002-01-01,2002-12-31
6879130,TB_e_inc_num,COUNTRY,ZWE,AFR,Africa,YEAR,2000,,,,,,,,,72 000 [20 000-157 000],72000,20000,157000,,2025-11-11T15:08:09Z,2000,2000-01-01,2000-12-31
6881207,TB_e_inc_num,COUNTRY,FRA,EUR,Europe,YEAR,2010,,,,,,,,,5800 [5600-6000],5800,5600,6000,,2025-11-11T15:08:09Z,2010,2010-01-01,2010-12-31
6887200,TB_e_inc_num,COUNTRY,SWE,EUR,Europe,YEAR,2021,,,,,,,,,400 [330-480],400,330,480,,2025-11-11T15:08:09Z,2021,2021-01-01,2021-12-31
6891398,TB_e_inc_num,COUNTRY,SVK,EUR,Europe,YEAR,2020,,,,,,,,,190 [150-230],190,150,230,,2025-11-11T15:08:09Z,2020,2020-01-01,2020-12-31
6891875,TB_e_inc_num,COUNTRY,HUN,EUR,Europe,YEAR,2012,,,,,,,,,1600 [1300-1900],1600,1300,1900,,2025-11-11T15:08:09Z,2012,2012-01-01,2012-12-31
6892103,TB_e_inc_num,COUNTRY,JPN,WPR,Western Pacific,YEAR,2019,,,,,,,,,17 000 [14 000-21 000],17000,14000,21000,,2025-11-11T15:08:09Z,2019,2019-01-01,2019-12-31
6898440,TB_e_inc_num,COUNTRY,PLW,WPR,Western Pacific,YEAR,2024,,,,,,,,,5 [4-6],5,4,6,,2025-11-11T15:08:09Z,2024,2024-01-01,2024-12-31
6899201,TB_e_inc_num,COUNTRY,THA,SEAR,South-East Asia,YEAR,2022,,,,,,,,,106 000 [78 000-130 000],106000,78000,130000,,2025-11-11T15:08:09Z,2022,2022-01-01,2022-12-31
6903998,TB_e_inc_num,COUNTRY,THA,SEAR,South-East Asia,YEAR,2014,,,,,,,,,117 000 [67 000-180 000],117000,67000,180000,,2025-11-11T15:08:09Z,2014,2014-01-01,2014-12-31
6904648,TB_e_inc_num,COUNTRY,NGA,AFR,Africa,YEAR,2006,,,,,,,,,327 000 [213 000-464 000],327000,213000,464000,,2025-11-11T15:08:09Z,2006,2006-01-01,2006-12-31
6924024,TB_e_inc_num,COUNTRY,MDA,EUR,Europe,YEAR,2015,,,,,,,,,3600 [3000-4400],3600,3000,4400,,2025-11-11T15:08:09Z,2015,2015-01-01,2015-12-31
6924364,TB_e_inc_num,COUNTRY,PER,AMR,Americas,YEAR,2018,,,,,,,,,42 000 [34 000-51 000],42000,34000,51000,,2025-11-11T15:08:09Z,2018,2018-01-01,2018-12-31
6924675,TB_e_inc_num,COUNTRY,MHL,WPR,Western Pacific,YEAR,2010,,,,,,,,,360 [300-440],360,300,440,,2025-11-11T15:08:09Z,2010,2010-01-01,2010-12-31
6929826,TB_e_inc_num,WORLDBANKINCOMEGROUP,WB_LI,,,YEAR,2005,,,,,,,,,1 020 000 [794 000-1 270 000],1020000,794000,1270000,,2025-11-11T15:08:09Z,2005,2005-01-01,2005-12-31
6929846,TB_e_inc_num,COUNTRY,BHR,EMR,Eastern Mediterranean,YEAR,2005,,,,,,,,,470 [390-570],470,390,570,,2025-11-11T15:08:09Z,2005,2005-01-01,2005-12-31
6937282,TB_e_inc_num,COUNTRY,AZE,EUR,Europe,YEAR,2001,,,,,,,,,15 000 [12 000-18 000],15000,12000,18000,,2025-11-11T15:08:09Z,2001,2001-01-01,2001-12-31
6943020,TB_e_inc_num,COUNTRY,DNK,EUR,Europe,YEAR,2004,,,,,,,,,490 [400-590],490,400,590,,2025-11-11T15:08:09Z,2004,2004-01-01,2004-12-31
6943618,TB_e_inc_num,COUNTRY,TLS,SEAR,South-East Asia,YEAR,2004,,,,,,,,,9400 [4000-50 000],9400,4000,50000,,2025-11-11T15:08:09Z,2004,2004-01-01,2004-12-31
6949785,TB_e_inc_num,COUNTRY,MLI,AFR,Africa,YEAR,2024,,,,,,,,,12 000 [7600-24 000],12000,7600,24000,,2025-11-11T15:08:09Z,2024,2024-01-01,2024-12-31
6950251,TB_e_inc_num,COUNTRY,HND,AMR,Americas,YEAR,2017,,,,,,,,,4400 [3600-5300],4400,3600,5300,,2025-11-11T15:08:09Z,2017,2017-01-01,2017-12-31
6950758,TB_e_inc_num,COUNTRY,CHN,WPR,Western Pacific,YEAR,2007,,,,,,,,,1 120 000 [915 000-1 350 000],1120000,915000,1350000,,2025-11-11T15:08:09Z,2007,2007-01-01,2007-12-31
6954722,TB_e_inc_num,COUNTRY,MWI,AFR,Africa,YEAR,2016,,,,,,,,,31 000 [14 000-54 000],31000,14000,54000,,2025-11-11T15:08:09Z,2016,2016-01-01,2016-12-31
6956428,TB_e_inc_num,COUNTRY,LAO,WPR,Western Pacific,YEAR,2010,,,,,,,,,14 000 [7300-23 000],14000,7300,23000,,2025-11-11T15:08:09Z,2010,2010-01-01,2010-12-31
6961574,TB_e_inc_num,COUNTRY,LVA,EUR,Europe,YEAR,2022,,,,,,,,,420 [340-510],420,340,510,,2025-11-11T15:08:09Z,2022,2022-01-01,2022-12-31
6961588,TB_e_inc_num,WORLDBANKINCOMEGROUP,WB_LI,,,YEAR,2024,,,,,,,,,1 240 000 [970 000-1 550 000],1240000,970000,1550000,,2025-11-11T15:08:09Z,2024,2024-01-01,2024-12-31
6974214,TB_e_inc_num,COUNTRY,LTU,EUR,Europe,YEAR,2024,,,,,,,,,890 [720-1100],890,720,1100,,2025-11-11T15:08:09Z,2024,2024-01-01,2024-12-31
6975282,TB_e_inc_num,COUNTRY,TUR,EUR,Europe,YEAR,2022,,,,,,,,,13 000 [10 000-15 000],13000,10000,15000,,2025-11-11T15:08:09Z,2022,2022-01-01,2022-12-31
6975418,TB_e_inc_num,COUNTRY,BOL,AMR,Americas,YEAR,2015,,,,,,,,,14 000 [11 000-16 000],14000,11000,16000,,2025-11-11T15:08:09Z,2015,2015-01-01,2015-12-31
6981267,TB_e_inc_num,COUNTRY,ESP,EUR,Europe,YEAR,2023,,,,,,,,,4700 [3800-5600],4700,3800,5600,,2025-11-11T15:08:09Z,2023,2023-01-01,2023-12-31
6986868,TB_e_inc_num,COUNTRY,COK,WPR,Western Pacific,YEAR,2017,,,,,,,,,0 [0-0],0,0,0,,2025-11-11T15:08:09Z,2017,2017-01-01,2017-12-31
6986874,TB_e_inc_num,COUNTRY,BHS,AMR,Americas,YEAR,2013,,,,,,,,,45 [37-54],45,37,54,,2025-11-11T15:08:09Z,2013,2013-01-01,2013-12-31
6994030,TB_e_inc_num,COUNTRY,MMR,SEAR,South-East Asia,YEAR,2013,,,,,,,,,217 000 [110 000-359 000],217000,110000,359000,,2025-11-11T15:08:09Z,2013,2013-01-01,2013-12-31
6994702,TB_e_inc_num,COUNTRY,URY,AMR,Americas,YEAR,2022,,,,,,,,,1400 [1100-1700],1400,1100,1700,,2025-11-11T15:08:09Z,2022,2022-01-01,2022-12-31
6994920,TB_e_inc_num,COUNTRY,ROU,EUR,Europe,YEAR,2005,,,,,,,,,38 000 [31 000-45 000],38000,31000,45000,,2025-11-11T15:08:09Z,2005,2005-01-01,2005-12-31
6998977,TB_e_inc_num,COUNTRY,BRN,WPR,Western Pacific,YEAR,2023,,,,,,,,,330 [270-400],330,270,400,,2025-11-11T15:08:09Z,2023,2023-01-01,2023-12-31
7001558,TB_e_inc_num,COUNTRY,BGR,EUR,Europe,YEAR,2002,,,,,,,,,6300 [5100-7600],6300,5100,7600,,2025-11-11T15:08:09Z,2002,2002-01-01,2002-12-31
7007990,TB_e_inc_num,COUNTRY,KNA,AMR,Americas,YEAR,2022,,,,,,,,,1 [1-1],1,1,1,,2025-11-11T15:08:09Z,2022,2022-01-01,2022-12-31
7024093,TB_e_inc_num,COUNTRY,BLR,EUR,Europe,YEAR,2022,,,,,,,,,2000 [1600-2400],2000,1600,2400,,2025-11-11T15:08:09Z,2022,2022-01-01,2022-12-31
7026023,TB_e_inc_num,COUNTRY,BGR,EUR,Europe,YEAR,2015,,,,,,,,,2400 [1900-2900],2400,1900,2900,,2025-11-11T15:08:09Z,2015,2015-01-01,2015-12-31
7026238,TB_e_inc_num,COUNTRY,GEO,EUR,Europe,YEAR,2020,,,,,,,,,2700 [2200-3200],2700,2200,3200,,2025-11-11T15:08:09Z,2020,2020-01-01,2020-12-31
7027512,TB_e_inc_num,COUNTRY,ZWE,AFR,Africa,YEAR,2016,,,,,,,,,34 000 [24 000-46 000],34000,24000,46000,,2025-11-11T15:08:09Z,2016,2016-01-01,2016-12-31
7031004,TB_e_inc_num,COUNTRY,TKM,EUR,Europe,YEAR,2009,,,,,,,,,5100 [4100-6100],5100,4100,6100,,2025-11-11T15:08:09Z,2009,2009-01-01,2009-12-31
7033294,TB_e_inc_num,COUNTRY,MLI,AFR,Africa,YEAR,2018,,,,,,,,,12 000 [7300-23 000],12000,7300,23000,,2025-11-11T15:08:09Z,2018,2018-01-01,2018-12-31
7033861,TB_e_inc_num,COUNTRY,DNK,EUR,Europe,YEAR,2024,,,,,,,,,190 [160-230],190,160,230,,2025-11-11T15:08:09Z,2024,2024-01-01,2024-12-31
7038462,TB_e_inc_num,COUNTRY,CAN,AMR,Americas,YEAR,2017,,,,,,,,,2000 [1600-2400],2000,1600,2400,,2025-11-11T15:08:09Z,2017,2017-01-01,2017-12-31
7038690,TB_e_inc_num,COUNTRY,PHL,WPR,Western Pacific,YEAR,2020,,,,,,,,,610 000 [341 000-967 000],610000,341000,967000,,2025-11-11T15:08:09Z,2020,2020-01-01,2020-12-31
7044486,TB_e_inc_num,COUNTRY,MKD,EUR,Europe,YEAR,2017,,,,,,,,,290 [240-350],290,240,350,,2025-11-11T15:08:09Z,2017,2017-01-01,2017-12-31
7045583,TB_e_inc_num,COUNTRY,BHS,AMR,Americas,YEAR,2001,,,,,,,,,130 [100-150],130,100,150,,2025-11-11T15:08:09Z,2001,2001-01-01,2001-12-31
7049581,TB_e_inc_num,COUNTRY,ALB,EUR,Europe,YEAR,2023,,,,,,,,,420 [330-520],420,330,520,,2025-11-11T15:08:09Z,2023,2023-01-01,2023-12-31
7053098,TB_e_inc_num,WORLDBANKINCOMEGROUP,WB_HI,,,YEAR,2015,,,,,,,,,271 000 [222 000-324 000],271000,222000,324000,,2025-11-11T15:08:09Z,2015,2015-01-01,2015-12-31
7058005,TB_e_inc_num,COUNTRY,UGA,AFR,Africa,YEAR,2019,,,,,,,,,86 000 [50 000-130 000],86000,50000,130000,,2025-11-11T15:08:09Z,2019,2019-01-01,2019-12-31
7058445,TB_e_inc_num,COUNTRY,SWZ,AFR,Africa,YEAR,2018,,,,,,,,,5200 [2900-8100],5200,2900,8100,,2025-11-11T15:08:09Z,2018,2018-01-01,2018-12-31
7059476,TB_e_inc_num,COUNTRY,TUV,WPR,Western Pacific,YEAR,2007,,,,,,,,,18 [15-22],18,15,22,,2025-11-11T15:08:09Z,2007,2007-01-01,2007-12-31
7059689,TB_e_inc_num,COUNTRY,LTU,EUR,Europe,YEAR,2005,,,,,,,,,4300 [3500-5100],4300,3500,5100,,2025-11-11T15:08:09Z,2005,2005-01-01,2005-12-31
7064702,TB_e_inc_num,COUNTRY,SDN,EMR,Eastern Mediterranean,YEAR,2019,,,,,,,,,30 000 [21 000-42 000],30000,21000,42000,,2025-11-11T15:08:09Z,2019,2019-01-01,2019-12-31
7065899,TB_e_inc_num,COUNTRY,ZAF,AFR,Africa,YEAR,2021,,,,,,,,,315 000 [214 000-436 000],315000,214000,436000,,2025-11-11T15:08:09Z,2021,2021-01-01,2021-12-31
7065959,TB_e_inc_num,COUNTRY,ATG,AMR,Americas,YEAR,2003,,,,,,,,,1 [1-1],1,1,1,,2025-11-11T15:08:09Z,2003,2003-01-01,2003-12-31
7071803,TB_e_inc_num,COUNTRY,RUS,EUR,Europe,YEAR,2018,,,,,,,,,80 000 [49 000-117 000],80000,49000,117000,,2025-11-11T15:08:09Z,2018,2018-01-01,2018-12-31
7072338,TB_e_inc_num,COUNTRY,MYS,WPR,Western Pacific,YEAR,2022,,,,,,,,,34 000 [28 000-41 000],34000,28000,41000,,2025-11-11T15:08:09Z,2022,2022-01-01,2022-12-31
7072432,TB_e_inc_num,COUNTRY,SUR,AMR,Americas,YEAR,2018,,,,,,,,,240 [200-290],240,200,290,,2025-11-11T15:08:09Z,2018,2018-01-01,2018-12-31
7075158,TB_e_inc_num,COUNTRY,ECU,AMR,Americas,YEAR,2022,,,,,,,,,8900 [7200-11 000],8900,7200,11000,,2025-11-11T15:08:09Z,2022,2022-01-01,2022-12-31
7075711,TB_e_inc_num,COUNTRY,LKA,SEAR,South-East Asia,YEAR,2016,,,,,,,,,14 000 [9000-26 000],14000,9000,26000,,2025-11-11T15:08:09Z,2016,2016-01-01,2016-12-31
7081596,TB_e_inc_num,COUNTRY,ARG,AMR,Americas,YEAR,2001,,,,,,,,,17 000 [14 000-21 000],17000,14000,21000,,2025-11-11T15:08:09Z,2001,2001-01-01,2001-12-31
7081931,TB_e_inc_num,COUNTRY,KHM,WPR,Western Pacific,YEAR,2007,,,,,,,,,76 000 [55 000-103 000],76000,55000,103000,,2025-11-11T15:08:09Z,2007,2007-01-01,2007-12-31
7083163,TB_e_inc_num,COUNTRY,SUR,AMR,Americas,YEAR,2003,,,,,,,,,220 [180-270],220,180,270,,2025-11-11T15:08:09Z,2003,2003-01-01,2003-12-31
7088581,TB_e_inc_num,COUNTRY,URY,AMR,Americas,YEAR,2000,,,,,,,,,1100 [870-1300],1100,870,1300,,2025-11-11T15:08:09Z,2000,2000-01-01,2000-12-31
7089492,TB_e_inc_num,COUNTRY,LCA,AMR,Americas,YEAR,2019,,,,,,,,,6 [5-7],6,5,7,,2025-11-11T15:08:09Z,2019,2019-01-01,2019-12-31
7095243,TB_e_inc_num,COUNTRY,TKM,EUR,Europe,YEAR,2008,,,,,,,,,6200 [5000-7400],6200,5000,7400,,2025-11-11T15:08:09Z,2008,2008-01-01,2008-12-31
7100431,TB_e_inc_num,COUNTRY,AFG,EMR,Eastern Mediterranean,YEAR,2019,,,,,,,,,80 000 [49 000-155 000],80000,49000,155000,,2025-11-11T15:08:09Z,2019,2019-01-01,2019-12-31
7101725,TB_e_inc_num,COUNTRY,SVN,EUR,Europe,YEAR,2005,,,,,,,,,380 [310-460],380,310,460,,2025-11-11T15:08:09Z,2005,2005-01-01,2005-12-31
7108831,TB_e_inc_num,REGION,EUR,,,YEAR,2019,,,,,,,,,254 000 [225 000-285 000],254000,225000,285000,,2025-11-11T15:08:09Z,2019,2019-01-01,2019-12-31
7109368,TB_e_inc_num,COUNTRY,GUY,AMR,Americas,YEAR,2001,,,,,,,,,1000 [840-1200],1000,840,1200,,2025-11-11T15:08:09Z,2001,2001-01-01,2001-12-31
7115181,TB_e_inc_num,COUNTRY,SEN,AFR,Africa,YEAR,2012,,,,,,,,,24 000 [14 000-49 000],24000,14000,49000,,2025-11-11T15:08:09Z,2012,2012-01-01,2012-12-31
7115638,TB_e_inc_num,COUNTRY,SGP,WPR,Western Pacific,YEAR,2018,,,,,,,,,2700 [2200-3200],2700,2200,3200,,2025-11-11T15:08:09Z,2018,2018-01-01,2018-12-31
7116707,TB_e_inc_num,COUNTRY,BLZ,AMR,Americas,YEAR,2018,,,,,,,,,150 [120-180],150,120,180,,2025-11-11T15:08:09Z,2018,2018-01-01,2018-12-31
7120236,TB_e_inc_num,COUNTRY,NER,AFR,Africa,YEAR,2012,,,,,,,,,21 000 [12 000-45 000],21000,12000,45000,,2025-11-11T15:08:09Z,2012,2012-01-01,2012-12-31
7127901,TB_e_inc_num,COUNTRY,LVA,EUR,Europe,YEAR,2012,,,,,,,,,1500 [1300-1900],1500,1300,1900,,2025-11-11T15:08:09Z,2012,2012-01-01,2012-12-31
7128292,TB_e_inc_num,COUNTRY,ISR,EUR,Europe,YEAR,2021,,,,,,,,,250 [200-300],250,200,300,,2025-11-11T15:08:09Z,2021,2021-01-01,2021-12-31
7133260,TB_e_inc_num,COUNTRY,SOM,EMR,Eastern Mediterranean,YEAR,2010,,,,,,,,,27 000 [15 000-53 000],27000,15000,53000,,2025-11-11T15:08:09Z,2010,2010-01-01,2010-12-31
7133411,TB_e_inc_num,COUNTRY,RUS,EUR,Europe,YEAR,2023,,,,,,,,,55 000 [30 000-87 000],55000,30000,87000,,2025-11-11T15:08:09Z,2023,2023-01-01,2023-12-31
7135476,TB_e_inc_num,COUNTRY,YEM,EMR,Eastern Mediterranean,YEAR,2007,,,,,,,,,11 000 [9600-13 000],11000,9600,13000,,2025-11-11T15:08:09Z,2007,2007-01-01,2007-12-31
7138726,TB_e_inc_num,COUNTRY,TTO,AMR,Americas,YEAR,2005,,,,,,,,,270 [220-330],270,220,330,,2025-11-11T15:08:09Z,2005,2005-01-01,2005-12-31
7140236,TB_e_inc_num,COUNTRY,SUR,AMR,Americas,YEAR,2005,,,,,,,,,220 [180-270],220,180,270,,2025-11-11T15:08:09Z,2005,2005-01-01,2005-12-31
7144762,TB_e_inc_num,COUNTRY,NZL,WPR,Western Pacific,YEAR,2022,,,,,,,,,310 [260-380],310,260,380,,2025-11-11T15:08:09Z,2022,2022-01-01,2022-12-31
7148450,TB_e_inc_num,COUNTRY,SLE,AFR,Africa,YEAR,2017,,,,,,,,,32 000 [19 000-61 000],32000,19000,61000,,2025-11-11T15:08:09Z,2017,2017-01-01,2017-12-31
7148579,TB_e_inc_num,COUNTRY,GUY,AMR,Americas,YEAR,2018,,,,,,,,,670 [550-810],670,550,810,,2025-11-11T15:08:09Z,2018,2018-01-01,2018-12-31
7148669,TB_e_inc_num,COUNTRY,SLV,AMR,Americas,YEAR,2019,,,,,,,,,3900 [3200-4700],3900,3200,4700,,2025-11-11T15:08:09Z,2019,2019-01-01,2019-12-31
7151234,TB_e_inc_num,COUNTRY,IRL,EUR,Europe,YEAR,2024,,,,,,,,,320 [260-390],320,260,390,,2025-11-11T15:08:09Z,2024,2024-01-01,2024-12-31
7152867,TB_e_inc_num,REGION,AFR,,,YEAR,2003,,,,,,,,,2 750 000 [2 210 000-3 350 000],2750000,2210000,3350000,,2025-11-11T15:08:09Z,2003,2003-01-01,2003-12-31
7160831,TB_e_inc_num,COUNTRY,CPV,AFR,Africa,YEAR,2002,,,,,,,,,490 [400-590],490,400,590,,2025-11-11T15:08:09Z,2002,2002-01-01,2002-12-31
7172264,TB_e_inc_num,COUNTRY,SDN,EMR,Eastern Mediterranean,YEAR,2014,,,,,,,,,36 000 [15 000-67 000],36000,15000,67000,,2025-11-11T15:08:09Z,2014,2014-01-01,2014-12-31
7172317,TB_e_inc_num,COUNTRY,UKR,EUR,Europe,YEAR,2007,,,,,,,,,86 000 [70 000-104 000],86000,70000,104000,,2025-11-11T15:08:09Z,2007,2007-01-01,2007-12-31
7176864,TB_e_inc_num,REGION,AFR,,,YEAR,2024,,,,,,,,,2 620 000 [2 240 000-3 030 000],2620000,2240000,3030000,,2025-11-11T15:08:09Z,2024,2024-01-01,2024-12-31
7177915,TB_e_inc_num,COUNTRY,SWZ,AFR,Africa,YEAR,2016,,,,,,,,,6200 [3000-10 000],6200,3000,10000,,2025-11-11T15:08:09Z,2016,2016-01-01,2016-12-31
7178524,TB_e_inc_num,COUNTRY,VCT,AMR,Americas,YEAR,2007,,,,,,,,,12 [10-14],12,10,14,,2025-11-11T15:08:09Z,2007,2007-01-01,2007-12-31
7178575,TB_e_inc_num,COUNTRY,GIN,AFR,Africa,YEAR,2021,,,,,,,,,25 000 [15 000-47 000],25000,15000,47000,,2025-11-11T15:08:09Z,2021,2021-01-01,2021-12-31
7184916,TB_e_inc_num,COUNTRY,CMR,AFR,Africa,YEAR,2003,,,,,,,,,33 000 [19 000-75 000],33000,19000,75000,,2025-11-11T15:08:09Z,2003,2003-01-01,2003-12-31
7185206,TB_e_inc_num,COUNTRY,BIH,EUR,Europe,YEAR,2012,,,,,,,,,2200 [1800-2700],2200,1800,2700,,2025-11-11T15:08:09Z,2012,2012-01-01,2012-12-31
7190337,TB_e_inc_num,COUNTRY,AFG,EMR,Eastern Mediterranean,YEAR,2023,,,,,,,,,84 000 [49 000-166 000],84000,49000,166000,,2025-11-11T15:08:09Z,2023,2023-01-01,2023-12-31
7191593,TB_e_inc_num,COUNTRY,CIV,AFR,Africa,YEAR,2023,,,,,,,,,32 000 [20 000-61 000],32000,20000,61000,,2025-11-11T15:08:09Z,2023,2023-01-01,2023-12-31
7196738,TB_e_inc_num,COUNTRY,LAO,WPR,Western Pacific,YEAR,2003,,,,,,,,,17 000 [6700-31 000],17000,6700,31000,,2025-11-11T15:08:09Z,2003,2003-01-01,2003-12-31
7198185,TB_e_inc_num,COUNTRY,NAM,AFR,Africa,YEAR,2022,,,,,,,,,13 000 [8100-18 000],13000,8100,18000,,2025-11-11T15:08:09Z,2022,2022-01-01,2022-12-31
7198534,TB_e_inc_num,COUNTRY,GNB,AFR,Africa,YEAR,2012,,,,,,,,,4000 [2300-8600],4000,2300,8600,,2025-11-11T15:08:09Z,2012,2012-01-01,2012-12-31
7209187,TB_e_inc_num,REGION,AMR,,,YEAR,2005,,,,,,,,,379 000 [353 000-405 000],379000,353000,405000,,2025-11-11T15:08:09Z,2005,2005-01-01,2005-12-31
7209690,TB_e_inc_num,COUNTRY,CHE,EUR,Europe,YEAR,2015,,,,,,,,,630 [510-760],630,510,760,,2025-11-11T15:08:09Z,2015,2015-01-01,2015-12-31
7211219,TB_e_inc_num,COUNTRY,TUR,EUR,Europe,YEAR,2007,,,,,,,,,31 000 [25 000-38 000],31000,25000,38000,,2025-11-11T15:08:09Z,2007,2007-01-01,2007-12-31
7217205,TB_e_inc_num,COUNTRY,SDN,EMR,Eastern Mediterranean,YEAR,2007,,,,,,,,,59 000 [12 000-144 000],59000,12000,144000,,2025-11-11T15:08:09Z,2007,2007-01-01,2007-12-31
7217722,TB_e_inc_num,COUNTRY,COG,AFR,Africa,YEAR,2018,,,,,,,,,17 000 [10 000-33 000],17000,10000,33000,,2025-11-11T15:08:09Z,2018,2018-01-01,2018-12-31
7227892,TB_e_inc_num,COUNTRY,MNG,WPR,Western Pacific,YEAR,2022,,,,,,,,,15 000 [8000-24 000],15000,8000,24000,,2025-11-11T15:08:09Z,2022,2022-01-01,2022-12-31
7227915,TB_e_inc_num,COUNTRY,NZL,WPR,Western Pacific,YEAR,2008,,,,,,,,,370 [300-440],370,300,440,,2025-11-11T15:08:09Z,2008,2008-01-01,2008-12-31
7228562,TB_e_inc_num,COUNTRY,TLS,SEAR,South-East Asia,YEAR,2005,,,,,,,,,9000 [4100-40 000],9000,4100,40000,,2025-11-11T15:08:09Z,2005,2005-01-01,2005-12-31
7230643,TB_e_inc_num,COUNTRY,BHR,EMR,Eastern Mediterranean,YEAR,2018,,,,,,,,,210 [170-250],210,170,250,,2025-11-11T15:08:09Z,2018,2018-01-01,2018-12-31
7231118,TB_e_inc_num,COUNTRY,TUV,WPR,Western Pacific,YEAR,2005,,,,,,,,,12 [10-14],12,10,14,,2025-11-11T15:08:09Z,2005,2005-01-01,2005-12-31
7233626,TB_e_inc_num,COUNTRY,GBR,EUR,Europe,YEAR,2002,,,,,,,,,7800 [7200-8300],7800,7200,8300,,2025-11-11T15:08:09Z,2002,2002-01-01,2002-12-31
7234672,TB_e_inc_num,COUNTRY,RUS,EUR,Europe,YEAR,2012,,,,,,,,,111 000 [54 000-187 000],111000,54000,187000,,2025-11-11T15:08:09Z,2012,2012-01-01,2012-12-31
7237238,TB_e_inc_num,COUNTRY,CIV,AFR,Africa,YEAR,2024,,,,,,,,,32 000 [19 000-61 000],32000,19000,61000,,2025-11-11T15:08:09Z,2024,2024-01-01,2024-12-31
7242915,TB_e_inc_num,COUNTRY,AND,EUR,Europe,YEAR,2024,,,,,,,,,4 [3-5],4,3,5,,2025-11-11T15:08:09Z,2024,2024-01-01,2024-12-31
7248249,TB_e_inc_num,COUNTRY,PRT,EUR,Europe,YEAR,2005,,,,,,,,,4300 [3500-5200],4300,3500,5200,,2025-11-11T15:08:09Z,2005,2005-01-01,2005-12-31
7248599,TB_e_inc_num,COUNTRY,NER,AFR,Africa,YEAR,2011,,,,,,,,,21 000 [12 000-46 000],21000,12000,46000,,2025-11-11T15:08:09Z,2011,2011-01-01,2011-12-31
7252858,TB_e_inc_num,COUNTRY,JOR,EMR,Eastern Mediterranean,YEAR,2010,,,,,,,,,490 [400-590],490,400,590,,2025-11-11T15:08:09Z,2010,2010-01-01,2010-12-31
7255480,TB_e_inc_num,COUNTRY,SRB,EUR,Europe,YEAR,2016,,,,,,,,,2100 [1700-2500],2100,1700,2500,,2025-11-11T15:08:09Z,2016,2016-01-01,2016-12-31
7255855,TB_e_inc_num,COUNTRY,NLD,EUR,Europe,YEAR,2001,,,,,,,,,1600 [1400-1900],1600,1400,1900,,2025-11-11T15:08:09Z,2001,2001-01-01,2001-12-31
7259870,TB_e_inc_num,COUNTRY,LBY,EMR,Eastern Mediterranean,YEAR,2000,,,,,,,,,3100 [1600-9000],3100,1600,9000,,2025-11-11T15:08:09Z,2000,2000-01-01,2000-12-31
7261526,TB_e_inc_num,REGION,AFR,,,YEAR,2017,,,,,,,,,2 740 000 [2 350 000-3 150 000],2740000,2350000,3150000,,2025-11-11T15:08:09Z,2017,2017-01-01,2017-12-31
7266761,TB_e_inc_num,COUNTRY,BFA,AFR,Africa,YEAR,2004,,,,,,,,,12 000 [7100-22 000],12000,7100,22000,,2025-11-11T15:08:09Z,2004,2004-01-01,2004-12-31
7272770,TB_e_inc_num,GLOBAL,GLOBAL,,,YEAR,2022,,,,,,,,,10 700 000 [9 970 000-11 500 000],10700000,9970000,11500000,,2025-11-11T15:08:09Z,2022,2022-01-01,2022-12-31
7273394,TB_e_inc_num,COUNTRY,JPN,WPR,Western Pacific,YEAR,2005,,,,,,,,,37 000 [30 000-45 000],37000,30000,45000,,2025-11-11T15:08:09Z,2005,2005-01-01,2005-12-31
7279715,TB_e_inc_num,COUNTRY,TTO,AMR,Americas,YEAR,2013,,,,,,,,,340 [280-410],340,280,410,,2025-11-11T15:08:09Z,2013,2013-01-01,2013-12-31
7281017,TB_e_inc_num,COUNTRY,HRV,EUR,Europe,YEAR,2013,,,,,,,,,670 [540-810],670,540,810,,2025-11-11T15:08:09Z,2013,2013-01-01,2013-12-31
7281021,TB_e_inc_num,WORLDBANKINCOMEGROUP,WB_UMI,,,YEAR,2006,,,,,,,,,3 350 000 [2 770 000-3 980 000],3350000,2770000,3980000,,2025-11-11T15:08:09Z,2006,2006-01-01,2006-12-31
7287494,TB_e_inc_num,COUNTRY,GTM,AMR,Americas,YEAR,2017,,,,,,,,,3900 [3200-4700],3900,3200,4700,,2025-11-11T15:08:09Z,2017,2017-01-01,2017-12-31
7291308,TB_e_inc_num,COUNTRY,HKG,,,YEAR,2023,,,,,,,,,5000 [4000-6000],5000,4000,6000,,2025-11-11T15:08:09Z,2023,2023-01-01,2023-12-31
7297868,TB_e_inc_num,COUNTRY,IRL,EUR,Europe,YEAR,2010,,,,,,,,,510 [410-610],510,410,610,,2025-11-11T15:08:09Z,2010,2010-01-01,2010-12-31
7298021,TB_e_inc_num,COUNTRY,HRV,EUR,Europe,YEAR,2019,,,,,,,,,370 [300-450],370,300,450,,2025-11-11T15:08:09Z,2019,2019-01-01,2019-12-31
7305561,TB_e_inc_num,COUNTRY,BGR,EUR,Europe,YEAR,2008,,,,,,,,,4900 [4000-6000],4900,4000,6000,,2025-11-11T15:08:09Z,2008,2008-01-01,2008-12-31
7309610,TB_e_inc_num,COUNTRY,ZAF,AFR,Africa,YEAR,2017,,,,,,,,,426 000 [273 000-611 000],426000,273000,611000,,2025-11-11T15:08:09Z,2017,2017-01-01,2017-12-31
7311627,TB_e_inc_num,COUNTRY,ISR,EUR,Europe,YEAR,2013,,,,,,,,,380 [310-460],380,310,460,,2025-11-11T15:08:09Z,2013,2013-01-01,2013-12-31
7318799,TB_e_inc_num,COUNTRY,UGA,AFR,Africa,YEAR,2001,,,,,,,,,66 000 [34 000-108 000],66000,34000,108000,,2025-11-11T15:08:09Z,2001,2001-01-01,2001-12-31
7318947,TB_e_inc_num,COUNTRY,BWA,AFR,Africa,YEAR,2008,,,,,,,,,13 000 [7800-27 000],13000,7800,27000,,2025-11-11T15:08:09Z,2008,2008-01-01,2008-12-31
7322858,TB_e_inc_num,COUNTRY,TCD,AFR,Africa,YEAR,2014,,,,,,,,,23 000 [13 000-50 000],23000,13000,50000,,2025-11-11T15:08:09Z,2014,2014-01-01,2014-12-31
7323373,TB_e_inc_num,COUNTRY,BGR,EUR,Europe,YEAR,2023,,,,,,,,,1100 [930-1400],1100,930,1400,,2025-11-11T15:08:09Z,2023,2023-01-01,2023-12-31
7325984,TB_e_inc_num,COUNTRY,BRN,WPR,Western Pacific,YEAR,2011,,,,,,,,,340 [270-410],340,270,410,,2025-11-11T15:08:09Z,2011,2011-01-01,2011-12-31
7329553,TB_e_inc_num,COUNTRY,PRY,AMR,Americas,YEAR,2017,,,,,,,,,3600 [2900-4300],3600,2900,4300,,2025-11-11T15:08:09Z,2017,2017-01-01,2017-12-31
7330382,TB_e_inc_num,COUNTRY,TCD,AFR,Africa,YEAR,2002,,,,,,,,,11 000 [5800-31 000],11000,5800,31000,,2025-11-11T15:08:09Z,2002,2002-01-01,2002-12-31
7335414,TB_e_inc_num,COUNTRY,VEN,AMR,Americas,YEAR,2023,,,,,,,,,13 000 [11 000-16 000],13000,11000,16000,,2025-11-11T15:08:09Z,2023,2023-01-01,2023-12-31
7335846,TB_e_inc_num,COUNTRY,ARG,AMR,Americas,YEAR,2009,,,,,,,,,10 000 [8500-13 000],10000,8500,13000,,2025-11-11T15:08:09Z,2009,2009-01-01,2009-12-31
7336088,TB_e_inc_num,COUNTRY,TZA,AFR,Africa,YEAR,2000,,,,,,,,,172 000 [33 000-425 000],172000,33000,425000,,2025-11-11T15:08:09Z,2000,2000-01-01,2000-12-31
7336990,TB_e_inc_num,COUNTRY,AFG,EMR,Eastern Mediterranean,YEAR,2015,,,,,,,,,68 000 [41 000-135 000],68000,41000,135000,,2025-11-11T15:08:09Z,2015,2015-01-01,2015-12-31
7341402,TB_e_inc_num,COUNTRY,CHN,WPR,Western Pacific,YEAR,2024,,,,,,,,,696 000 [567 000-839 000],696000,567000,839000,,2025-11-11T15:08:09Z,2024,2024-01-01,2024-12-31
7351214,TB_e_inc_num,COUNTRY,HND,AMR,Americas,YEAR,2016,,,,,,,,,4500 [3700-5400],4500,3700,5400,,2025-11-11T15:08:09Z,2016,2016-01-01,2016-12-31
7354116,TB_e_inc_num,COUNTRY,TUV,WPR,Western Pacific,YEAR,2010,,,,,,,,,14 [11-17],14,11,17,,2025-11-11T15:08:09Z,2010,2010-01-01,2010-12-31
7360461,TB_e_inc_num,COUNTRY,MOZ,AFR,Africa,YEAR,2020,,,,,,,,,111 000 [68 000-165 000],111000,68000,165000,,2025-11-11T15:08:09Z,2020,2020-01-01,2020-12-31
7367217,TB_e_inc_num,COUNTRY,DNK,EUR,Europe,YEAR,2017,,,,,,,,,310 [250-370],310,250,370,,2025-11-11T15:08:09Z,2017,2017-01-01,2017-12-31
7373289,TB_e_inc_num,COUNTRY,NRU,WPR,Western Pacific,YEAR,2022,,,,,,,,,19 [15-23],19,15,23,,2025-11-11T15:08:09Z,2022,2022-01-01,2022-12-31
7373395,TB_e_inc_num,COUNTRY,LAO,WPR,Western Pacific,YEAR,2004,,,,,,,,,16 000 [6800-30 000],16000,6800,30000,,2025-11-11T15:08:09Z,2004,2004-01-01,2004-12-31
7374441,TB_e_inc_num,COUNTRY,NLD,EUR,Europe,YEAR,2019,,,,,,,,,860 [730-990],860,730,990,,2025-11-11T15:08:09Z,2019,2019-01-01,2019-12-31
7374724,TB_e_inc_num,COUNTRY,ERI,AFR,Africa,YEAR,2023,,,,,,,,,5200 [4200-6200],5200,4200,6200,,2025-11-11T15:08:09Z,2023,2023-01-01,2023-12-31
7395400,TB_e_inc_num,REGION,AFR,,,YEAR,2005,,,,,,,,,2 920 000 [2 280 000-3 630 000],2920000,2280000,3630000,,2025-11-11T15:08:09Z,2005,2005-01-01,2005-12-31
7400761,TB_e_inc_num,COUNTRY,IND,SEAR,South-East Asia,YEAR,2011,,,,,,,,,3 380 000 [1 750 000-5 550 000],3380000,1750000,5550000,,2025-11-11T15:08:09Z,2011,2011-01-01,2011-12-31
7401157,TB_e_inc_num,GLOBAL,GLOBAL,,,YEAR,2006,,,,,,,,,12 100 000 [9 340 000-15 300 000],12100000,9340000,15300000,,2025-11-11T15:08:09Z,2006,2006-01-01,2006-12-31
7401757,TB_e_inc_num,COUNTRY,KAZ,EUR,Europe,YEAR,2021,,,,,,,,,11 000 [9200-14 000],11000,9200,14000,,2025-11-11T15:08:09Z,2021,2021-01-01,2021-12-31
7407304,TB_e_inc_num,COUNTRY,CHN,WPR,Western Pacific,YEAR,2004,,,,,,,,,1 220 000 [994 000-1 470 000],1220000,994000,1470000,,2025-11-11T15:08:09Z,2004,2004-01-01,2004-12-31
7418629,TB_e_inc_num,COUNTRY,GUY,AMR,Americas,YEAR,2020,,,,,,,,,470 [390-570],470,390,570,,2025-11-11T15:08:09Z,2020,2020-01-01,2020-12-31
7419702,TB_e_inc_num,COUNTRY,EGY,EMR,Eastern Mediterranean,YEAR,2011,,,,,,,,,13 000 [11 000-17 000],13000,11000,17000,,2025-11-11T15:08:09Z,2011,2011-01-01,2011-12-31
7424039,TB_e_inc_num,COUNTRY,NER,AFR,Africa,YEAR,2021,,,,,,,,,20 000 [12 000-37 000],20000,12000,37000,,2025-11-11T15:08:09Z,2021,2021-01-01,2021-12-31
7432340,TB_e_inc_num,COUNTRY,SLE,AFR,Africa,YEAR,2015,,,,,,,,,31 000 [19 000-60 000],31000,19000,60000,,2025-11-11T15:08:09Z,2015,2015-01-01,2015-12-31
7438947,TB_e_inc_num,COUNTRY,SRB,EUR,Europe,YEAR,2014,,,,,,,,,2700 [2200-3200],2700,2200,3200,,2025-11-11T15:08:09Z,2014,2014-01-01,2014-12-31
7439922,TB_e_inc_num,COUNTRY,MDA,EUR,Europe,YEAR,2002,,,,,,,,,3800 [3100-4600],3800,3100,4600,,2025-11-11T15:08:09Z,2002,2002-01-01,2002-12-31
7445802,TB_e_inc_num,COUNTRY,GUY,AMR,Americas,YEAR,2000,,,,,,,,,1100 [920-1400],1100,920,1400,,2025-11-11T15:08:09Z,2000,2000-01-01,2000-12-31
7457311,TB_e_inc_num,COUNTRY,UZB,EUR,Europe,YEAR,2020,,,,,,,,,21 000 [17 000-26 000],21000,17000,26000,,2025-11-11T15:08:09Z,2020,2020-01-01,2020-12-31
7457761,TB_e_inc_num,COUNTRY,BIH,EUR,Europe,YEAR,2015,,,,,,,,,1600 [1300-2000],1600,1300,2000,,2025-11-11T15:08:09Z,2015,2015-01-01,2015-12-31
7458250,TB_e_inc_num,COUNTRY,HRV,EUR,Europe,YEAR,2020,,,,,,,,,220 [180-270],220,180,270,,2025-11-11T15:08:09Z,2020,2020-01-01,2020-12-31
7462591,TB_e_inc_num,COUNTRY,GAB,AFR,Africa,YEAR,2004,,,,,,,,,5100 [3000-11 000],5100,3000,11000,,2025-11-11T15:08:09Z,2004,2004-01-01,2004-12-31
7463513,TB_e_inc_num,COUNTRY,VCT,AMR,Americas,YEAR,2015,,,,,,,,,7 [6-8],7,6,8,,2025-11-11T15:08:09Z,2015,2015-01-01,2015-12-31
7468446,TB_e_inc_num,COUNTRY,GRD,AMR,Americas,YEAR,2020,,,,,,,,,1 [1-1],1,1,1,,2025-11-11T15:08:09Z,2020,2020-01-01,2020-12-31
7469807,TB_e_inc_num,COUNTRY,BRA,AMR,Americas,YEAR,2004,,,,,,,,,95 000 [77 000-114 000],95000,77000,114000,,2025-11-11T15:08:09Z,2004,2004-01-01,2004-12-31
7487674,TB_e_inc_num,COUNTRY,PNG,WPR,Western Pacific,YEAR,2021,,,,,,,,,62 000 [37 000-126 000],62000,37000,126000,,2025-11-11T15:08:09Z,2021,2021-01-01,2021-12-31
7494770,TB_e_inc_num,COUNTRY,MDA,EUR,Europe,YEAR,2009,,,,,,,,,4500 [3700-5400],4500,3700,5400,,2025-11-11T15:08:09Z,2009,2009-01-01,2009-12-31
7495414,TB_e_inc_num,COUNTRY,NZL,WPR,Western Pacific,YEAR,2010,,,,,,,,,370 [300-450],370,300,450,,2025-11-11T15:08:09Z,2010,2010-01-01,2010-12-31
7495715,TB_e_inc_num,COUNTRY,NAM,AFR,Africa,YEAR,2004,,,,,,,,,24 000 [9000-47 000],24000,9000,47000,,2025-11-11T15:08:09Z,2004,2004-01-01,2004-12-31
7499863,TB_e_inc_num,COUNTRY,WSM,WPR,Western Pacific,YEAR,2024,,,,,,,,,12 [10-14],12,10,14,,2025-11-11T15:08:09Z,2024,2024-01-01,2024-12-31
7509498,TB_e_inc_num,COUNTRY,UZB,EUR,Europe,YEAR,2005,,,,,,,,,42 000 [34 000-51 000],42000,34000,51000,,2025-11-11T15:08:09Z,2005,2005-01-01,2005-12-31
7513170,TB_e_inc_num,COUNTRY,MOZ,AFR,Africa,YEAR,2014,,,,,,,,,93 000 [57 000-137 000],93000,57000,137000,,2025-11-11T15:08:09Z,2014,2014-01-01,2014-12-31
7513996,TB_e_inc_num,COUNTRY,CYP,EUR,Europe,YEAR,2014,,,,,,,,,52 [42-63],52,42,63,,2025-11-11T15:08:09Z,2014,2014-01-01,2014-12-31
7515466,TB_e_inc_num,COUNTRY,SGP,WPR,Western Pacific,YEAR,2019,,,,,,,,,2400 [1900-2900],2400,1900,2900,,2025-11-11T15:08:09Z,2019,2019-01-01,2019-12-31
7515701,TB_e_inc_num,COUNTRY,KWT,EMR,Eastern Mediterranean,YEAR,2009,,,,,,,,,1300 [1000-1500],1300,1000,1500,,2025-11-11T15:08:09Z,2009,2009-01-01,2009-12-31
7518753,TB_e_inc_num,COUNTRY,NGA,AFR,Africa,YEAR,2003,,,,,,,,,301 000 [196 000-427 000],301000,196000,427000,,2025-11-11T15:08:09Z,2003,2003-01-01,2003-12-31
7518867,TB_e_inc_num,COUNTRY,DOM,AMR,Americas,YEAR,2017,,,,,,,,,5300 [4300-6400],5300,4300,6400,,2025-11-11T15:08:09Z,2017,2017-01-01,2017-12-31
7525041,TB_e_inc_num,COUNTRY,SLB,WPR,Western Pacific,YEAR,2003,,,,,,,,,1200 [940-1400],1200,940,1400,,2025-11-11T15:08:09Z,2003,2003-01-01,2003-12-31
7528026,TB_e_inc_num,COUNTRY,LTU,EUR,Europe,YEAR,2020,,,,,,,,,950 [770-1100],950,770,1100,,2025-11-11T15:08:09Z,2020,2020-01-01,2020-12-31
7532995,TB_e_inc_num,COUNTRY,FJI,WPR,Western Pacific,YEAR,2013,,,,,,,,,470 [380-560],470,380,560,,2025-11-11T15:08:09Z,2013,2013-01-01,2013-12-31
7533543,TB_e_inc_num,COUNTRY,ZMB,AFR,Africa,YEAR,2001,,,,,,,,,75 000 [25 000-152 000],75000,25000,152000,,2025-11-11T15:08:09Z,2001,2001-01-01,2001-12-31
7535021,TB_e_inc_num,COUNTRY,GEO,EUR,Europe,YEAR,2019,,,,,,,,,3000 [2400-3600],3000,2400,3600,,2025-11-11T15:08:09Z,2019,2019-01-01,2019-12-31
7538381,TB_e_inc_num,COUNTRY,PER,AMR,Americas,YEAR,2012,,,,,,,,,42 000 [34 000-51 000],42000,34000,51000,,2025-11-11T15:08:09Z,2012,2012-01-01,2012-12-31
7540461,TB_e_inc_num,COUNTRY,TKM,EUR,Europe,YEAR,2012,,,,,,,,,4400 [3600-5300],4400,3600,5300,,2025-11-11T15:08:09Z,2012,2012-01-01,2012-12-31
7544092,TB_e_inc_num,COUNTRY,BFA,AFR,Africa,YEAR,2010,,,,,,,,,12 000 [7500-23 000],12000,7500,23000,,2025-11-11T15:08:09Z,2010,2010-01-01,2010-12-31
7553720,TB_e_inc_num,COUNTRY,BDI,AFR,Africa,YEAR,2019,,,,,,,,,12 000 [7600-24 000],12000,7600,24000,,2025-11-11T15:08:09Z,2019,2019-01-01,2019-12-31
7558673,TB_e_inc_num,COUNTRY,ITA,EUR,Europe,YEAR,2008,,,,,,,,,5300 [4300-6400],5300,4300,6400,,2025-11-11T15:08:09Z,2008,2008-01-01,2008-12-31
7559826,TB_e_inc_num,COUNTRY,ECU,AMR,Americas,YEAR,2000,,,,,,,,,16 000 [13 000-19 000],16000,13000,19000,,2025-11-11T15:08:09Z,2000,2000-01-01,2000-12-31
7560270,TB_e_inc_num,COUNTRY,NOR,EUR,Europe,YEAR,2014,,,,,,,,,350 [290-420],350,290,420,,2025-11-11T15:08:09Z,2014,2014-01-01,2014-12-31
7560656,TB_e_inc_num,COUNTRY,PHL,WPR,Western Pacific,YEAR,2007,,,,,,,,,474 000 [266 000-741 000],474000,266000,741000,,2025-11-11T15:08:09Z,2007,2007-01-01,2007-12-31
7566104,TB_e_inc_num,COUNTRY,MLT,EUR,Europe,YEAR,2017,,,,,,,,,42 [34-51],42,34,51,,2025-11-11T15:08:09Z,2017,2017-01-01,2017-12-31
7566503,TB_e_inc_num,COUNTRY,MNE,EUR,Europe,YEAR,2005,,,,,,,,,260 [210-310],260,210,310,,2025-11-11T15:08:09Z,2005,2005-01-01,2005-12-31
7570901,TB_e_inc_num,COUNTRY,URY,AMR,Americas,YEAR,2004,,,,,,,,,1100 [910-1300],1100,910,1300,,2025-11-11T15:08:09Z,2004,2004-01-01,2004-12-31
7571700,TB_e_inc_num,COUNTRY,LAO,WPR,Western Pacific,YEAR,2008,,,,,,,,,15 000 [7200-25 000],15000,7200,25000,,2025-11-11T15:08:09Z,2008,2008-01-01,2008-12-31
7576526,TB_e_inc_num,COUNTRY,SLV,AMR,Americas,YEAR,2002,,,,,,,,,3100 [2500-3700],3100,2500,3700,,2025-11-11T15:08:09Z,2002,2002-01-01,2002-12-31
7588981,TB_e_inc_num,COUNTRY,BDI,AFR,Africa,YEAR,2010,,,,,,,,,14 000 [8400-30 000],14000,8400,30000,,2025-11-11T15:08:09Z,2010,2010-01-01,2010-12-31
7602421,TB_e_inc_num,COUNTRY,LBY,EMR,Eastern Mediterranean,YEAR,2008,,,,,,,,,3600 [2200-6700],3600,2200,6700,,2025-11-11T15:08:09Z,2008,2008-01-01,2008-12-31
7607615,TB_e_inc_num,COUNTRY,PRY,AMR,Americas,YEAR,2016,,,,,,,,,3500 [2800-4200],3500,2800,4200,,2025-11-11T15:08:09Z,2016,2016-01-01,2016-12-31
7619973,TB_e_inc_num,COUNTRY,CUB,AMR,Americas,YEAR,2017,,,,,,,,,850 [690-1000],850,690,1000,,2025-11-11T15:08:09Z,2017,2017-01-01,2017-12-31
7621402,TB_e_inc_num,COUNTRY,KEN,AFR,Africa,YEAR,2020,,,,,,,,,129 000 [79 000-197 000],129000,79000,197000,,2025-11-11T15:08:09Z,2020,2020-01-01,2020-12-31
7626797,TB_e_inc_num,COUNTRY,BGD,SEAR,South-East Asia,YEAR,2006,,,,,,,,,324 000 [236 000-426 000],324000,236000,426000,,2025-11-11T15:08:09Z,2006,2006-01-01,2006-12-31
7632348,TB_e_inc_num,COUNTRY,ATG,AMR,Americas,YEAR,2007,,,,,,,,,2 [2-2],2,2,2,,2025-11-11T15:08:09Z,2007,2007-01-01,2007-12-31
7638708,TB_e_inc_num,COUNTRY,COG,AFR,Africa,YEAR,2003,,,,,,,,,18 000 [9600-43 000],18000,9600,43000,,2025-11-11T15:08:09Z,2003,2003-01-01,2003-12-31
7640159,TB_e_inc_num,COUNTRY,SRB,EUR,Europe,YEAR,2006,,,,,,,,,5100 [4200-6200],5100,4200,6200,,2025-11-11T15:08:09Z,2006,2006-01-01,2006-12-31
7646652,TB_e_inc_num,REGION,EMR,,,YEAR,2009,,,,,,,,,809 000 [599 000-1 050 000],809000,599000,1050000,,2025-11-11T15:08:09Z,2009,2009-01-01,2009-12-31
7647921,TB_e_inc_num,COUNTRY,GUY,AMR,Americas,YEAR,2016,,,,,,,,,770 [630-930],770,630,930,,2025-11-11T15:08:09Z,2016,2016-01-01,2016-12-31
7648281,TB_e_inc_num,COUNTRY,ARM,EUR,Europe,YEAR,2003,,,,,,,,,3600 [3000-4400],3600,3000,4400,,2025-11-11T15:08:09Z,2003,2003-01-01,2003-12-31
7654628,TB_e_inc_num,COUNTRY,ETH,AFR,Africa,YEAR,2021,,,,,,,,,184 000 [89 000-313 000],184000,89000,313000,,2025-11-11T15:08:09Z,2021,2021-01-01,2021-12-31
7660707,TB_e_inc_num,COUNTRY,BGD,SEAR,South-East Asia,YEAR,2005,,,,,,,,,320 000 [233 000-421 000],320000,233000,421000,,2025-11-11T15:08:09Z,2005,2005-01-01,2005-12-31
7671902,TB_e_inc_num,COUNTRY,CAF,AFR,Africa,YEAR,2008,,,,,,,,,26 000 [16 000-50 000],26000,16000,50000,,2025-11-11T15:08:09Z,2008,2008-01-01,2008-12-31
7671967,TB_e_inc_num,COUNTRY,JAM,AMR,Americas,YEAR,2010,,,,,,,,,210 [170-250],210,170,250,,2025-11-11T15:08:09Z,2010,2010-01-01,2010-12-31
7679754,TB_e_inc_num,COUNTRY,OMN,EMR,Eastern Mediterranean,YEAR,2014,,,,,,,,,540 [440-650],540,440,650,,2025-11-11T15:08:09Z,2014,2014-01-01,2014-12-31
7691331,TB_e_inc_num,COUNTRY,AGO,AFR,Africa,YEAR,2006,,,,,,,,,101 000 [57 000-229 000],101000,57000,229000,,2025-11-11T15:08:09Z,2006,2006-01-01,2006-12-31
7692062,TB_e_inc_num,COUNTRY,NIC,AMR,Americas,YEAR,2005,,,,,,,,,4100 [3400-5000],4100,3400,5000,,2025-11-11T15:08:09Z,2005,2005-01-01,2005-12-31
7693060,TB_e_inc_num,COUNTRY,MMR,SEAR,South-East Asia,YEAR,2023,,,,,,,,,261 000 [165 000-404 000],261000,165000,404000,,2025-11-11T15:08:09Z,2023,2023-01-01,2023-12-31
7702974,TB_e_inc_num,REGION,AMR,,,YEAR,2024,,,,,,,,,350 000 [319 000-383 000],350000,319000,383000,,2025-11-11T15:08:09Z,2024,2024-01-01,2024-12-31
7705272,TB_e_inc_num,COUNTRY,DEU,EUR,Europe,YEAR,2012,,,,,,,,,4400 [4000-4900],4400,4000,4900,,2025-11-11T15:08:09Z,2012,2012-01-01,2012-12-31
7709213,TB_e_inc_num,COUNTRY,TUN,EMR,Eastern Mediterranean,YEAR,2001,,,,,,,,,4900 [4000-5900],4900,4000,5900,,2025-11-11T15:08:09Z,2001,2001-01-01,2001-12-31
7709392,TB_e_inc_num,COUNTRY,IRL,EUR,Europe,YEAR,2013,,,,,,,,,450 [370-540],450,370,540,,2025-11-11T15:08:09Z,2013,2013-01-01,2013-12-31
7710954,TB_e_inc_num,COUNTRY,SOM,EMR,Eastern Mediterranean,YEAR,2003,,,,,,,,,34 000 [13 000-505 000],34000,13000,505000,,2025-11-11T15:08:09Z,2003,2003-01-01,2003-12-31
7716622,TB_e_inc_num,COUNTRY,ESP,EUR,Europe,YEAR,2022,,,,,,,,,3000 [2400-3600],3000,2400,3600,,2025-11-11T15:08:09Z,2022,2022-01-01,2022-12-31
7727400,TB_e_inc_num,COUNTRY,POL,EUR,Europe,YEAR,2024,,,,,,,,,4400 [3500-5300],4400,3500,5300,,2025-11-11T15:08:09Z,2024,2024-01-01,2024-12-31
7727777,TB_e_inc_num,COUNTRY,CHL,AMR,Americas,YEAR,2013,,,,,,,,,3100 [2600-3800],3100,2600,3800,,2025-11-11T15:08:09Z,2013,2013-01-01,2013-12-31
7729670,TB_e_inc_num,COUNTRY,CHL,AMR,Americas,YEAR,2016,,,,,,,,,3200 [2600-3900],3200,2600,3900,,2025-11-11T15:08:09Z,2016,2016-01-01,2016-12-31
7729807,TB_e_inc_num,COUNTRY,BOL,AMR,Americas,YEAR,2013,,,,,,,,,16 000 [13 000-19 000],16000,13000,19000,,2025-11-11T15:08:09Z,2013,2013-01-01,2013-12-31
7733838,TB_e_inc_num,COUNTRY,JPN,WPR,Western Pacific,YEAR,2015,,,,,,,,,22 000 [18 000-27 000],22000,18000,27000,,2025-11-11T15:08:09Z,2015,2015-01-01,2015-12-31
7734222,TB_e_inc_num,COUNTRY,ALB,EUR,Europe,YEAR,2016,,,,,,,,,470 [380-560],470,380,560,,2025-11-11T15:08:09Z,2016,2016-01-01,2016-12-31
7735564,TB_e_inc_num,WORLDBANKINCOMEGROUP,WB_LMI,,,YEAR,2022,,,,,,,,,6 510 000 [5 860 000-7 190 000],6510000,5860000,7190000,,2025-11-11T15:08:09Z,2022,2022-01-01,2022-12-31
7735733,TB_e_inc_num,COUNTRY,MRT,AFR,Africa,YEAR,2011,,,,,,,,,4700 [2700-10 000],4700,2700,10000,,2025-11-11T15:08:09Z,2011,2011-01-01,2011-12-31
7737016,TB_e_inc_num,WORLDBANKINCOMEGROUP,WB_HI,,,YEAR,2022,,,,,,,,,172 000 [145 000-202 000],172000,145000,202000,,2025-11-11T15:08:09Z,2022,2022-01-01,2022-12-31
7740605,TB_e_inc_num,COUNTRY,MEX,AMR,Americas,YEAR,2013,,,,,,,,,30 000 [25 000-37 000],30000,25000,37000,,2025-11-11T15:08:09Z,2013,2013-01-01,2013-12-31
7741959,TB_e_inc_num,COUNTRY,LUX,EUR,Europe,YEAR,2020,,,,,,,,,38 [31-46],38,31,46,,2025-11-11T15:08:09Z,2020,2020-01-01,2020-12-31
7742465,TB_e_inc_num,COUNTRY,NAM,AFR,Africa,YEAR,2019,,,,,,,,,13 000 [9200-17 000],13000,9200,17000,,2025-11-11T15:08:09Z,2019,2019-01-01,2019-12-31
7755754,TB_e_inc_num,COUNTRY,UKR,EUR,Europe,YEAR,2010,,,,,,,,,63 000 [51 000-76 000],63000,51000,76000,,2025-11-11T15:08:09Z,2010,2010-01-01,2010-12-31
7759756,TB_e_inc_num,COUNTRY,QAT,EMR,Eastern Mediterranean,YEAR,2023,,,,,,,,,1200 [980-1500],1200,980,1500,,2025-11-11T15:08:09Z,2023,2023-01-01,2023-12-31
7762478,TB_e_inc_num,COUNTRY,DJI,EMR,Eastern Mediterranean,YEAR,2024,,,,,,,,,5800 [4700-7000],5800,4700,7000,,2025-11-11T15:08:09Z,2024,2024-01-01,2024-12-31
7765946,TB_e_inc_num,COUNTRY,BHS,AMR,Americas,YEAR,2009,,,,,,,,,65 [53-78],65,53,78,,2025-11-11T15:08:09Z,2009,2009-01-01,2009-12-31
7767294,TB_e_inc_num,COUNTRY,GMB,AFR,Africa,YEAR,2024,,,,,,,,,3800 [2700-5100],3800,2700,5100,,2025-11-11T15:08:09Z,2024,2024-01-01,2024-12-31
7773401,TB_e_inc_num,COUNTRY,BLZ,AMR,Americas,YEAR,2024,,,,,,,,,140 [110-170],140,110,170,,2025-11-11T15:08:09Z,2024,2024-01-01,2024-12-31
7774342,TB_e_inc_num,COUNTRY,MMR,SEAR,South-East Asia,YEAR,2009,,,,,,,,,255 000 [96 000-491 000],255000,96000,491000,,2025-11-11T15:08:09Z,2009,2009-01-01,2009-12-31
7779165,TB_e_inc_num,COUNTRY,MDA,EUR,Europe,YEAR,2007,,,,,,,,,4900 [4000-5900],4900,4000,5900,,2025-11-11T15:08:09Z,2007,2007-01-01,2007-12-31
7784400,TB_e_inc_num,COUNTRY,GAB,AFR,Africa,YEAR,2020,,,,,,,,,9600 [5900-18 000],9600,5900,18000,,2025-11-11T15:08:09Z,2020,2020-01-01,2020-12-31
7784877,TB_e_inc_num,COUNTRY,COK,WPR,Western Pacific,YEAR,2000,,,,,,,,,1 [1-1],1,1,1,,2025-11-11T15:08:09Z,2000,2000-01-01,2000-12-31
7785040,TB_e_inc_num,COUNTRY,ARE,EMR,Eastern Mediterranean,YEAR,2004,,,,,,,,,180 [150-220],180,150,220,,2025-11-11T15:08:09Z,2004,2004-01-01,2004-12-31
7785337,TB_e_inc_num,COUNTRY,NGA,AFR,Africa,YEAR,2018,,,,,,,,,449 000 [293 000-638 000],449000,293000,638000,,2025-11-11T15:08:09Z,2018,2018-01-01,2018-12-31
7786177,TB_e_inc_num,COUNTRY,ETH,AFR,Africa,YEAR,2007,,,,,,,,,269 000 [144 000-433 000],269000,144000,433000,,2025-11-11T15:08:09Z,2007,2007-01-01,2007-12-31
7787257,TB_e_inc_num,COUNTRY,KIR,WPR,Western Pacific,YEAR,2002,,,,,,,,,820 [670-990],820,670,990,,2025-11-11T15:08:09Z,2002,2002-01-01,2002-12-31
7787314,TB_e_inc_num,COUNTRY,TKM,EUR,Europe,YEAR,2019,,,,,,,,,2900 [2300-3400],2900,2300,3400,,2025-11-11T15:08:09Z,2019,2019-01-01,2019-12-31
7787745,TB_e_inc_num,COUNTRY,COM,AFR,Africa,YEAR,2015,,,,,,,,,300 [180-610],300,180,610,,2025-11-11T15:08:09Z,2015,2015-01-01,2015-12-31
7790748,TB_e_inc_num,COUNTRY,ARE,EMR,Eastern Mediterranean,YEAR,2015,,,,,,,,,89 [73-110],89,73,110,,2025-11-11T15:08:09Z,2015,2015-01-01,2015-12-31
7790835,TB_e_inc_num,COUNTRY,ROU,EUR,Europe,YEAR,2012,,,,,,,,,22 000 [18 000-26 000],22000,18000,26000,,2025-11-11T15:08:09Z,2012,2012-01-01,2012-12-31
7799787,TB_e_inc_num,COUNTRY,CHL,AMR,Americas,YEAR,2015,,,,,,,,,3300 [2700-4000],3300,2700,4000,,2025-11-11T15:08:09Z,2015,2015-01-01,2015-12-31
7800635,TB_e_inc_num,COUNTRY,ZMB,AFR,Africa,YEAR,2015,,,,,,,,,64 000 [38 000-97 000],64000,38000,97000,,2025-11-11T15:08:09Z,2015,2015-01-01,2015-12-31
7800674,TB_e_inc_num,COUNTRY,DEU,EUR,Europe,YEAR,2009,,,,,,,,,4600 [4100-5100],4600,4100,5100,,2025-11-11T15:08:09Z,2009,2009-01-01,2009-12-31
7803740,TB_e_inc_num,COUNTRY,UZB,EUR,Europe,YEAR,2002,,,,,,,,,42 000 [34 000-51 000],42000,34000,51000,,2025-11-11T15:08:09Z,2002,2002-01-01,2002-12-31
7807149,TB_e_inc_num,COUNTRY,KOR,WPR,Western Pacific,YEAR,2008,,,,,,,,,43 000 [40 000-46 000],43000,40000,46000,,2025-11-11T15:08:09Z,2008,2008-01-01,2008-12-31
7810279,TB_e_inc_num,COUNTRY,GNQ,AFR,Africa,YEAR,2010,,,,,,,,,3100 [1900-6100],3100,1900,6100,,2025-11-11T15:08:09Z,2010,2010-01-01,2010-12-31
7816932,TB_e_inc_num,COUNTRY,VUT,WPR,Western Pacific,YEAR,2009,,,,,,,,,280 [150-660],280,150,660,,2025-11-11T15:08:09Z,2009,2009-01-01,2009-12-31
7819303,TB_e_inc_num,COUNTRY,IDN,WPR,Western Pacific,YEAR,2015,,,,,,,,,852 000 [774 000-934 000],852000,774000,934000,,2025-11-11T15:08:09Z,2015,2015-01-01,2015-12-31
7825204,TB_e_inc_num,COUNTRY,GRC,EUR,Europe,YEAR,2003,,,,,,,,,850 [690-1000],850,690,1000,,2025-11-11T15:08:09Z,2003,2003-01-01,2003-12-31
7829699,TB_e_inc_num,COUNTRY,SMR,EUR,Europe,YEAR,2001,,,,,,,,,0 [0-0],0,0,0,,2025-11-11T15:08:09Z,2001,2001-01-01,2001-12-31
7835818,TB_e_inc_num,COUNTRY,CZE,EUR,Europe,YEAR,2004,,,,,,,,,1400 [1100-1700],1400,1100,1700,,2025-11-11T15:08:09Z,2004,2004-01-01,2004-12-31
7841724,TB_e_inc_num,COUNTRY,PHL,WPR,Western Pacific,YEAR,2021,,,,,,,,,655 000 [368 000-1 060 000],655000,368000,1060000,,2025-11-11T15:08:09Z,2021,2021-01-01,2021-12-31
7843023,TB_e_inc_num,COUNTRY,NZL,WPR,Western Pacific,YEAR,2017,,,,,,,,,350 [290-420],350,290,420,,2025-11-11T15:08:09Z,2017,2017-01-01,2017-12-31
7860647,TB_e_inc_num,COUNTRY,AZE,EUR,Europe,YEAR,2016,,,,,,,,,8500 [6900-10 000],8500,6900,10000,,2025-11-11T15:08:09Z,2016,2016-01-01,2016-12-31
7861752,TB_e_inc_num,COUNTRY,LAO,WPR,Western Pacific,YEAR,2011,,,,,,,,,14 000 [7300-22 000],14000,7300,22000,,2025-11-11T15:08:09Z,2011,2011-01-01,2011-12-31
7862566,TB_e_inc_num,COUNTRY,KIR,WPR,Western Pacific,YEAR,2024,,,,,,,,,1300 [1000-1500],1300,1000,1500,,2025-11-11T15:08:09Z,2024,2024-01-01,2024-12-31
7866780,TB_e_inc_num,COUNTRY,LAO,WPR,Western Pacific,YEAR,2005,,,,,,,,,16 000 [7000-28 000],16000,7000,28000,,2025-11-11T15:08:09Z,2005,2005-01-01,2005-12-31
7867283,TB_e_inc_num,COUNTRY,SVK,EUR,Europe,YEAR,2002,,,,,,,,,1500 [1300-1900],1500,1300,1900,,2025-11-11T15:08:09Z,2002,2002-01-01,2002-12-31
7868835,TB_e_inc_num,COUNTRY,TTO,AMR,Americas,YEAR,2000,,,,,,,,,450 [370-540],450,370,540,,2025-11-11T15:08:09Z,2000,2000-01-01,2000-12-31
7869745,TB_e_inc_num,COUNTRY,DJI,EMR,Eastern Mediterranean,YEAR,2009,,,,,,,,,12 000 [9800-15 000],12000,9800,15000,,2025-11-11T15:08:09Z,2009,2009-01-01,2009-12-31
7873886,TB_e_inc_num,COUNTRY,AUT,EUR,Europe,YEAR,2010,,,,,,,,,820 [670-990],820,670,990,,2025-11-11T15:08:09Z,2010,2010-01-01,2010-12-31
7879377,TB_e_inc_num,COUNTRY,GIN,AFR,Africa,YEAR,2001,,,,,,,,,11 000 [5800-31 000],11000,5800,31000,,2025-11-11T15:08:09Z,2001,2001-01-01,2001-12-31
7888826,TB_e_inc_num,COUNTRY,BRA,AMR,Americas,YEAR,2015,,,,,,,,,83 000 [68 000-100 000],83000,68000,100000,,2025-11-11T15:08:09Z,2015,2015-01-01,2015-12-31
7892889,TB_e_inc_num,COUNTRY,HRV,EUR,Europe,YEAR,2016,,,,,,,,,580 [470-700],580,470,700,,2025-11-11T15:08:09Z,2016,2016-01-01,2016-12-31
7899677,TB_e_inc_num,COUNTRY,SVK,EUR,Europe,YEAR,2024,,,,,,,,,180 [150-220],180,150,220,,2025-11-11T15:08:09Z,2024,2024-01-01,2024-12-31
7899907,TB_e_inc_num,COUNTRY,VEN,AMR,Americas,YEAR,2021,,,,,,,,,13 000 [11 000-16 000],13000,11000,16000,,2025-11-11T15:08:09Z,2021,2021-01-01,2021-12-31
7904887,TB_e_inc_num,COUNTRY,STP,AFR,Africa,YEAR,2014,,,,,,,,,320 [260-390],320,260,390,,2025-11-11T15:08:09Z,2014,2014-01-01,2014-12-31
7905014,TB_e_inc_num,COUNTRY,HND,AMR,Americas,YEAR,2004,,,,,,,,,7900 [6400-9500],7900,6400,9500,,2025-11-11T15:08:09Z,2004,2004-01-01,2004-12-31
7905145,TB_e_inc_num,COUNTRY,CRI,AMR,Americas,YEAR,2016,,,,,,,,,470 [380-560],470,380,560,,2025-11-11T15:08:09Z,2016,2016-01-01,2016-12-31
7907111,TB_e_inc_num,COUNTRY,NIU,WPR,Western Pacific,YEAR,2020,,,,,,,,,1 [1-1],1,1,1,,2025-11-11T15:08:09Z,2020,2020-01-01,2020-12-31
7907951,TB_e_inc_num,COUNTRY,POL,EUR,Europe,YEAR,2008,,,,,,,,,10 000 [8500-13 000],10000,8500,13000,,2025-11-11T15:08:09Z,2008,2008-01-01,2008-12-31
7910985,TB_e_inc_num,COUNTRY,KNA,AMR,Americas,YEAR,2005,,,,,,,,,0 [0-0],0,0,0,,2025-11-11T15:08:09Z,2005,2005-01-01,2005-12-31
7911536,TB_e_inc_num,COUNTRY,MRT,AFR,Africa,YEAR,2018,,,,,,,,,4100 [2500-8000],4100,2500,8000,,2025-11-11T15:08:09Z,2018,2018-01-01,2018-12-31
7912414,TB_e_inc_num,REGION,AFR,,,YEAR,2015,,,,,,,,,2 900 000 [2 440 000-3 390 000],2900000,2440000,3390000,,2025-11-11T15:08:09Z,2015,2015-01-01,2015-12-31
7918544,TB_e_inc_num,COUNTRY,COG,AFR,Africa,YEAR,2009,,,,,,,,,19 000 [11 000-41 000],19000,11000,41000,,2025-11-11T15:08:09Z,2009,2009-01-01,2009-12-31
7920790,TB_e_inc_num,COUNTRY,QAT,EMR,Eastern Mediterranean,YEAR,2011,,,,,,,,,860 [700-1000],860,700,1000,,2025-11-11T15:08:09Z,2011,2011-01-01,2011-12-31
7932103,TB_e_inc_num,COUNTRY,MDV,SEAR,South-East Asia,YEAR,2013,,,,,,,,,190 [160-230],190,160,230,,2025-11-11T15:08:09Z,2013,2013-01-01,2013-12-31
7936177,TB_e_inc_num,COUNTRY,MOZ,AFR,Africa,YEAR,2011,,,,,,,,,85 000 [53 000-125 000],85000,53000,125000,,2025-11-11T15:08:09Z,2011,2011-01-01,2011-12-31
7937518,TB_e_inc_num,COUNTRY,HTI,AMR,Americas,YEAR,2007,,,,,,,,,46 000 [37 000-55 000],46000,37000,55000,,2025-11-11T15:08:09Z,2007,2007-01-01,2007-12-31
7939777,TB_e_inc_num,COUNTRY,SDN,EMR,Eastern Mediterranean,YEAR,2001,,,,,,,,,49 000 [10 000-115 000],49000,10000,115000,,2025-11-11T15:08:09Z,2001,2001-01-01,2001-12-31
7945006,TB_e_inc_num,COUNTRY,SVN,EUR,Europe,YEAR,2004,,,,,,,,,360 [290-430],360,290,430,,2025-11-11T15:08:09Z,2004,2004-01-01,2004-12-31
7949256,TB_e_inc_num,COUNTRY,ATG,AMR,Americas,YEAR,2021,,,,,,,,,4 [3-5],4,3,5,,2025-11-11T15:08:09Z,2021,2021-01-01,2021-12-31
7955929,TB_e_inc_num,COUNTRY,MNG,WPR,Western Pacific,YEAR,2017,,,,,,,,,13 000 [6800-22 000],13000,6800,22000,,2025-11-11T15:08:09Z,2017,2017-01-01,2017-12-31
7957349,TB_e_inc_num,COUNTRY,GNQ,AFR,Africa,YEAR,2014,,,,,,,,,3400 [2100-6600],3400,2100,6600,,2025-11-11T15:08:09Z,2014,2014-01-01,2014-12-31
7962677,TB_e_inc_num,REGION,AFR,,,YEAR,2023,,,,,,,,,2 620 000 [2 240 000-3 030 000],2620000,2240000,3030000,,2025-11-11T15:08:09Z,2023,2023-01-01,2023-12-31
7962901,TB_e_inc_num,COUNTRY,MOZ,AFR,Africa,YEAR,2022,,,,,,,,,118 000 [72 000-175 000],118000,72000,175000,,2025-11-11T15:08:09Z,2022,2022-01-01,2022-12-31
7962916,TB_e_inc_num,COUNTRY,TGO,AFR,Africa,YEAR,2016,,,,,,,,,4500 [2700-9100],4500,2700,9100,,2025-11-11T15:08:09Z,2016,2016-01-01,2016-12-31
7963802,TB_e_inc_num,COUNTRY,MWI,AFR,Africa,YEAR,2015,,,,,,,,,34 000 [14 000-62 000],34000,14000,62000,,2025-11-11T15:08:09Z,2015,2015-01-01,2015-12-31
7963922,TB_e_inc_num,COUNTRY,BRN,WPR,Western Pacific,YEAR,2019,,,,,,,,,320 [260-380],320,260,380,,2025-11-11T15:08:09Z,2019,2019-01-01,2019-12-31
7964181,TB_e_inc_num,COUNTRY,TTO,AMR,Americas,YEAR,2009,,,,,,,,,400 [330-480],400,330,480,,2025-11-11T15:08:09Z,2009,2009-01-01,2009-12-31
7965217,TB_e_inc_num,COUNTRY,PNG,WPR,Western Pacific,YEAR,2002,,,,,,,,,53 000 [18 000-790 000],53000,18000,790000,,2025-11-11T15:08:09Z,2002,2002-01-01,2002-12-31
7969597,TB_e_inc_num,COUNTRY,BHR,EMR,Eastern Mediterranean,YEAR,2021,,,,,,,,,260 [210-310],260,210,310,,2025-11-11T15:08:09Z,2021,2021-01-01,2021-12-31
7970985,TB_e_inc_num,COUNTRY,ISR,EUR,Europe,YEAR,2020,,,,,,,,,180 [150-220],180,150,220,,2025-11-11T15:08:09Z,2020,2020-01-01,2020-12-31
7976050,TB_e_inc_num,COUNTRY,PSE,EMR,Eastern Mediterranean,YEAR,2008,,,,,,,,,71 [57-85],71,57,85,,2025-11-11T15:08:09Z,2008,2008-01-01,2008-12-31
7977808,TB_e_inc_num,COUNTRY,DMA,AMR,Americas,YEAR,2002,,,,,,,,,2 [2-2],2,2,2,,2025-11-11T15:08:09Z,2002,2002-01-01,2002-12-31
7977876,TB_e_inc_num,COUNTRY,CYP,EUR,Europe,YEAR,2019,,,,,,,,,82 [67-99],82,67,99,,2025-11-11T15:08:09Z,2019,2019-01-01,2019-12-31
7984218,TB_e_inc_num,COUNTRY,BHS,AMR,Americas,YEAR,2016,,,,,,,,,120 [94-140],120,94,140,,2025-11-11T15:08:09Z,2016,2016-01-01,2016-12-31
7988372,TB_e_inc_num,COUNTRY,KWT,EMR,Eastern Mediterranean,YEAR,2019,,,,,,,,,1000 [840-1200],1000,840,1200,,2025-11-11T15:08:09Z,2019,2019-01-01,2019-12-31
7989089,TB_e_inc_num,COUNTRY,FJI,WPR,Western Pacific,YEAR,2009,,,,,,,,,290 [240-350],290,240,350,,2025-11-11T15:08:09Z,2009,2009-01-01,2009-12-31
7994149,TB_e_inc_num,COUNTRY,ZMB,AFR,Africa,YEAR,2004,,,,,,,,,72 000 [40 000-111 000],72000,40000,111000,,2025-11-11T15:08:09Z,2004,2004-01-01,2004-12-31
7998281,TB_e_inc_num,COUNTRY,LTU,EUR,Europe,YEAR,2023,,,,,,,,,970 [790-1200],970,790,1200,,2025-11-11T15:08:09Z,2023,2023-01-01,2023-12-31
7998763,TB_e_inc_num,COUNTRY,STP,AFR,Africa,YEAR,2011,,,,,,,,,300 [250-370],300,250,370,,2025-11-11T15:08:09Z,2011,2011-01-01,2011-12-31
7998816,TB_e_inc_num,COUNTRY,VEN,AMR,Americas,YEAR,2015,,,,,,,,,9400 [7600-11 000],9400,7600,11000,,2025-11-11T15:08:09Z,2015,2015-01-01,2015-12-31
8004519,TB_e_inc_num,COUNTRY,GUY,AMR,Americas,YEAR,2005,,,,,,,,,1100 [930-1400],1100,930,1400,,2025-11-11T15:08:09Z,2005,2005-01-01,2005-12-31
8004891,TB_e_inc_num,COUNTRY,BRN,WPR,Western Pacific,YEAR,2015,,,,,,,,,290 [240-350],290,240,350,,2025-11-11T15:08:09Z,2015,2015-01-01,2015-12-31
8006163,TB_e_inc_num,COUNTRY,NZL,WPR,Western Pacific,YEAR,2018,,,,,,,,,350 [290-430],350,290,430,,2025-11-11T15:08:09Z,2018,2018-01-01,2018-12-31
8006588,TB_e_inc_num,WORLDBANKINCOMEGROUP,WB_HI,,,YEAR,2009,,,,,,,,,352 000 [268 000-446 000],352000,268000,446000,,2025-11-11T15:08:09Z,2009,2009-01-01,2009-12-31
8011497,TB_e_inc_num,COUNTRY,STP,AFR,Africa,YEAR,2009,,,,,,,,,190 [150-230],190,150,230,,2025-11-11T15:08:09Z,2009,2009-01-01,2009-12-31
8012731,TB_e_inc_num,COUNTRY,IDN,WPR,Western Pacific,YEAR,2017,,,,,,,,,852 000 [775 000-933 000],852000,775000,933000,,2025-11-11T15:08:09Z,2017,2017-01-01,2017-12-31
8017277,TB_e_inc_num,COUNTRY,TLS,SEAR,South-East Asia,YEAR,2006,,,,,,,,,8700 [4200-31 000],8700,4200,31000,,2025-11-11T15:08:09Z,2006,2006-01-01,2006-12-31
8018514,TB_e_inc_num,WORLDBANKINCOMEGROUP,WB_UMI,,,YEAR,2001,,,,,,,,,3 360 000 [2 980 000-3 770 000],3360000,2980000,3770000,,2025-11-11T15:08:09Z,2001,2001-01-01,2001-12-31
8019304,TB_e_inc_num,COUNTRY,ROU,EUR,Europe,YEAR,2009,,,,,,,,,29 000 [24 000-35 000],29000,24000,35000,,2025-11-11T15:08:09Z,2009,2009-01-01,2009-12-31
8019385,TB_e_inc_num,COUNTRY,TUR,EUR,Europe,YEAR,2015,,,,,,,,,17 000 [14 000-20 000],17000,14000,20000,,2025-11-11T15:08:09Z,2015,2015-01-01,2015-12-31
8023514,TB_e_inc_num,COUNTRY,GEO,EUR,Europe,YEAR,2001,,,,,,,,,9400 [7600-11 000],9400,7600,11000,,2025-11-11T15:08:09Z,2001,2001-01-01,2001-12-31
8028729,TB_e_inc_num,COUNTRY,MKD,EUR,Europe,YEAR,2023,,,,,,,,,210 [170-250],210,170,250,,2025-11-11T15:08:09Z,2023,2023-01-01,2023-12-31
8028953,TB_e_inc_num,COUNTRY,KGZ,EUR,Europe,YEAR,2004,,,,,,,,,14 000 [12 000-17 000],14000,12000,17000,,2025-11-11T15:08:09Z,2004,2004-01-01,2004-12-31
8035803,TB_e_inc_num,COUNTRY,ZWE,AFR,Africa,YEAR,2010,,,,,,,,,56 000 [32 000-86 000],56000,32000,86000,,2025-11-11T15:08:09Z,2010,2010-01-01,2010-12-31
8037133,TB_e_inc_num,REGION,SEAR,,,YEAR,2007,,,,,,,,,4 530 000 [2 180 000-7 720 000],4530000,2180000,7720000,,2025-11-11T15:08:09Z,2007,2007-01-01,2007-12-31
8037281,TB_e_inc_num,COUNTRY,AUS,WPR,Western Pacific,YEAR,2006,,,,,,,,,1400 [1200-1700],1400,1200,1700,,2025-11-11T15:08:09Z,2006,2006-01-01,2006-12-31
8037443,TB_e_inc_num,COUNTRY,LBN,EMR,Eastern Mediterranean,YEAR,2023,,,,,,,,,700 [570-840],700,570,840,,2025-11-11T15:08:09Z,2023,2023-01-01,2023-12-31
8037772,TB_e_inc_num,COUNTRY,LSO,AFR,Africa,YEAR,2006,,,,,,,,,24 000 [8800-46 000],24000,8800,46000,,2025-11-11T15:08:09Z,2006,2006-01-01,2006-12-31
8044423,TB_e_inc_num,COUNTRY,HRV,EUR,Europe,YEAR,2006,,,,,,,,,1400 [1200-1700],1400,1200,1700,,2025-11-11T15:08:09Z,2006,2006-01-01,2006-12-31
8047736,TB_e_inc_num,COUNTRY,DNK,EUR,Europe,YEAR,2006,,,,,,,,,460 [380-560],460,380,560,,2025-11-11T15:08:09Z,2006,2006-01-01,2006-12-31
8048099,TB_e_inc_num,COUNTRY,DMA,AMR,Americas,YEAR,2006,,,,,,,,,19 [15-23],19,15,23,,2025-11-11T15:08:09Z,2006,2006-01-01,2006-12-31
8054506,TB_e_inc_num,COUNTRY,MDV,SEAR,South-East Asia,YEAR,2014,,,,,,,,,210 [170-250],210,170,250,,2025-11-11T15:08:09Z,2014,2014-01-01,2014-12-31
8060503,TB_e_inc_num,COUNTRY,BDI,AFR,Africa,YEAR,2009,,,,,,,,,14 000 [8300-30 000],14000,8300,30000,,2025-11-11T15:08:09Z,2009,2009-01-01,2009-12-31
8061802,TB_e_inc_num,COUNTRY,MEX,AMR,Americas,YEAR,2010,,,,,,,,,32 000 [26 000-38 000],32000,26000,38000,,2025-11-11T15:08:09Z,2010,2010-01-01,2010-12-31
8067633,TB_e_inc_num,COUNTRY,ERI,AFR,Africa,YEAR,2011,,,,,,,,,7900 [6400-9500],7900,6400,9500,,2025-11-11T15:08:09Z,2011,2011-01-01,2011-12-31
8075599,TB_e_inc_num,COUNTRY,MWI,AFR,Africa,YEAR,2012,,,,,,,,,46 000 [11 000-106 000],46000,11000,106000,,2025-11-11T15:08:09Z,2012,2012-01-01,2012-12-31
8080288,TB_e_inc_num,COUNTRY,LBR,AFR,Africa,YEAR,2009,,,,,,,,,13 000 [7400-28 000],13000,7400,28000,,2025-11-11T15:08:09Z,2009,2009-01-01,2009-12-31
8081440,TB_e_inc_num,COUNTRY,BLZ,AMR,Americas,YEAR,2002,,,,,,,,,300 [250-370],300,250,370,,2025-11-11T15:08:09Z,2002,2002-01-01,2002-12-31
8081632,TB_e_inc_num,COUNTRY,FJI,WPR,Western Pacific,YEAR,2022,,,,,,,,,970 [790-1200],970,790,1200,,2025-11-11T15:08:09Z,2022,2022-01-01,2022-12-31
8081890,TB_e_inc_num,COUNTRY,MHL,WPR,Western Pacific,YEAR,2007,,,,,,,,,360 [290-430],360,290,430,,2025-11-11T15:08:09Z,2007,2007-01-01,2007-12-31
8086201,TB_e_inc_num,COUNTRY,GMB,AFR,Africa,YEAR,2013,,,,,,,,,3700 [2700-4900],3700,2700,4900,,2025-11-11T15:08:09Z,2013,2013-01-01,2013-12-31
8088377,TB_e_inc_num,COUNTRY,TLS,SEAR,South-East Asia,YEAR,2003,,,,,,,,,9800 [3900-62 000],9800,3900,62000,,2025-11-11T15:08:09Z,2003,2003-01-01,2003-12-31
8088452,TB_e_inc_num,COUNTRY,SDN,EMR,Eastern Mediterranean,YEAR,2020,,,,,,,,,29 000 [20 000-40 000],29000,20000,40000,,2025-11-11T15:08:09Z,2020,2020-01-01,2020-12-31
8093035,TB_e_inc_num,COUNTRY,VNM,WPR,Western Pacific,YEAR,2005,,,,,,,,,216 000 [91 000-393 000],216000,91000,393000,,2025-11-11T15:08:09Z,2005,2005-01-01,2005-12-31
8093127,TB_e_inc_num,COUNTRY,AGO,AFR,Africa,YEAR,2012,,,,,,,,,115 000 [66 000-248 000],115000,66000,248000,,2025-11-11T15:08:09Z,2012,2012-01-01,2012-12-31
8095458,TB_e_inc_num,COUNTRY,TLS,SEAR,South-East Asia,YEAR,2017,,,,,,,,,4800 [3000-8800],4800,3000,8800,,2025-11-11T15:08:09Z,2017,2017-01-01,2017-12-31
8098187,TB_e_inc_num,COUNTRY,TUN,EMR,Eastern Mediterranean,YEAR,2006,,,,,,,,,3900 [3200-4800],3900,3200,4800,,2025-11-11T15:08:09Z,2006,2006-01-01,2006-12-31
8101195,TB_e_inc_num,COUNTRY,BDI,AFR,Africa,YEAR,2006,,,,,,,,,14 000 [8100-32 000],14000,8100,32000,,2025-11-11T15:08:09Z,2006,2006-01-01,2006-12-31
8106711,TB_e_inc_num,COUNTRY,OMN,EMR,Eastern Mediterranean,YEAR,2017,,,,,,,,,390 [320-470],390,320,470,,2025-11-11T15:08:09Z,2017,2017-01-01,2017-12-31
8106719,TB_e_inc_num,COUNTRY,MAC,,,YEAR,2023,,,,,,,,,480 [390-580],480,390,580,,2025-11-11T15:08:09Z,2023,2023-01-01,2023-12-31
8106758,TB_e_inc_num,COUNTRY,BEN,AFR,Africa,YEAR,2018,,,,,,,,,6600 [4000-13 000],6600,4000,13000,,2025-11-11T15:08:09Z,2018,2018-01-01,2018-12-31
8111758,TB_e_inc_num,COUNTRY,MNG,WPR,Western Pacific,YEAR,2019,,,,,,,,,14 000 [7100-23 000],14000,7100,23000,,2025-11-11T15:08:09Z,2019,2019-01-01,2019-12-31
8111899,TB_e_inc_num,COUNTRY,BGR,EUR,Europe,YEAR,2014,,,,,,,,,2700 [2200-3300],2700,2200,3300,,2025-11-11T15:08:09Z,2014,2014-01-01,2014-12-31
8118297,TB_e_inc_num,COUNTRY,FIN,EUR,Europe,YEAR,2014,,,,,,,,,290 [240-360],290,240,360,,2025-11-11T15:08:09Z,2014,2014-01-01,2014-12-31
8118627,TB_e_inc_num,COUNTRY,LBN,EMR,Eastern Mediterranean,YEAR,2009,,,,,,,,,790 [640-950],790,640,950,,2025-11-11T15:08:09Z,2009,2009-01-01,2009-12-31
8131246,TB_e_inc_num,COUNTRY,GIN,AFR,Africa,YEAR,2020,,,,,,,,,24 000 [15 000-46 000],24000,15000,46000,,2025-11-11T15:08:09Z,2020,2020-01-01,2020-12-31
8132755,TB_e_inc_num,COUNTRY,VEN,AMR,Americas,YEAR,2007,,,,,,,,,11 000 [8900-13 000],11000,8900,13000,,2025-11-11T15:08:09Z,2007,2007-01-01,2007-12-31
8138781,TB_e_inc_num,COUNTRY,FIN,EUR,Europe,YEAR,2017,,,,,,,,,280 [220-330],280,220,330,,2025-11-11T15:08:09Z,2017,2017-01-01,2017-12-31
8144258,TB_e_inc_num,REGION,EMR,,,YEAR,2006,,,,,,,,,774 000 [574 000-1 000 000],774000,574000,1000000,,2025-11-11T15:08:09Z,2006,2006-01-01,2006-12-31
8145632,TB_e_inc_num,COUNTRY,USA,AMR,Americas,YEAR,2007,,,,,,,,,17 000 [13 000-20 000],17000,13000,20000,,2025-11-11T15:08:09Z,2007,2007-01-01,2007-12-31
8151237,TB_e_inc_num,COUNTRY,ALB,EUR,Europe,YEAR,2004,,,,,,,,,620 [500-740],620,500,740,,2025-11-11T15:08:09Z,2004,2004-01-01,2004-12-31
8151612,TB_e_inc_num,COUNTRY,BGR,EUR,Europe,YEAR,2011,,,,,,,,,3400 [2800-4200],3400,2800,4200,,2025-11-11T15:08:09Z,2011,2011-01-01,2011-12-31
8152232,TB_e_inc_num,COUNTRY,RUS,EUR,Europe,YEAR,2004,,,,,,,,,127 000 [55 000-227 000],127000,55000,227000,,2025-11-11T15:08:09Z,2004,2004-01-01,2004-12-31
8155742,TB_e_inc_num,COUNTRY,VCT,AMR,Americas,YEAR,2002,,,,,,,,,10 [8-12],10,8,12,,2025-11-11T15:08:09Z,2002,2002-01-01,2002-12-31
8156322,TB_e_inc_num,COUNTRY,BLZ,AMR,Americas,YEAR,2012,,,,,,,,,130 [110-160],130,110,160,,2025-11-11T15:08:09Z,2012,2012-01-01,2012-12-31
8157294,TB_e_inc_num,COUNTRY,GAB,AFR,Africa,YEAR,2006,,,,,,,,,5800 [3500-12 000],5800,3500,12000,,2025-11-11T15:08:09Z,2006,2006-01-01,2006-12-31
8159260,TB_e_inc_num,COUNTRY,SWZ,AFR,Africa,YEAR,2009,,,,,,,,,18 000 [640-61 000],18000,640,61000,,2025-11-11T15:08:09Z,2009,2009-01-01,2009-12-31
8161874,TB_e_inc_num,COUNTRY,ZWE,AFR,Africa,YEAR,2018,,,,,,,,,32 000 [23 000-41 000],32000,23000,41000,,2025-11-11T15:08:09Z,2018,2018-01-01,2018-12-31
8162581,TB_e_inc_num,COUNTRY,CUB,AMR,Americas,YEAR,2011,,,,,,,,,1100 [860-1300],1100,860,1300,,2025-11-11T15:08:09Z,2011,2011-01-01,2011-12-31
8162745,TB_e_inc_num,COUNTRY,BGD,SEAR,South-East Asia,YEAR,2010,,,,,,,,,337 000 [245 000-443 000],337000,245000,443000,,2025-11-11T15:08:09Z,2010,2010-01-01,2010-12-31
8168784,TB_e_inc_num,COUNTRY,ETH,AFR,Africa,YEAR,2017,,,,,,,,,196 000 [94 000-337 000],196000,94000,337000,,2025-11-11T15:08:09Z,2017,2017-01-01,2017-12-31
8170766,TB_e_inc_num,COUNTRY,MNE,EUR,Europe,YEAR,2021,,,,,,,,,100 [83-130],100,83,130,,2025-11-11T15:08:09Z,2021,2021-01-01,2021-12-31
8170786,TB_e_inc_num,COUNTRY,BTN,SEAR,South-East Asia,YEAR,2005,,,,,,,,,3400 [2700-4100],3400,2700,4100,,2025-11-11T15:08:09Z,2005,2005-01-01,2005-12-31
8171343,TB_e_inc_num,COUNTRY,SVN,EUR,Europe,YEAR,2014,,,,,,,,,180 [150-220],180,150,220,,2025-11-11T15:08:09Z,2014,2014-01-01,2014-12-31
8177059,TB_e_inc_num,COUNTRY,HND,AMR,Americas,YEAR,2003,,,,,,,,,9500 [7700-11 000],9500,7700,11000,,2025-11-11T15:08:09Z,2003,2003-01-01,2003-12-31
8182192,TB_e_inc_num,COUNTRY,HKG,,,YEAR,2013,,,,,,,,,7900 [6400-9500],7900,6400,9500,,2025-11-11T15:08:09Z,2013,2013-01-01,2013-12-31
8182511,TB_e_inc_num,COUNTRY,GEO,EUR,Europe,YEAR,2008,,,,,,,,,7400 [6000-8900],7400,6000,8900,,2025-11-11T15:08:09Z,2008,2008-01-01,2008-12-31
8187251,TB_e_inc_num,COUNTRY,PHL,WPR,Western Pacific,YEAR,2009,,,,,,,,,498 000 [280 000-778 000],498000,280000,778000,,2025-11-11T15:08:09Z,2009,2009-01-01,2009-12-31
8187717,TB_e_inc_num,COUNTRY,ERI,AFR,Africa,YEAR,2002,,,,,,,,,12 000 [9700-14 000],12000,9700,14000,,2025-11-11T15:08:09Z,2002,2002-01-01,2002-12-31
8188409,TB_e_inc_num,COUNTRY,LBN,EMR,Eastern Mediterranean,YEAR,2014,,,,,,,,,990 [800-1200],990,800,1200,,2025-11-11T15:08:09Z,2014,2014-01-01,2014-12-31
8188772,TB_e_inc_num,COUNTRY,BRB,AMR,Americas,YEAR,2012,,,,,,,,,4 [3-5],4,3,5,,2025-11-11T15:08:09Z,2012,2012-01-01,2012-12-31
8193408,TB_e_inc_num,COUNTRY,AGO,AFR,Africa,YEAR,2007,,,,,,,,,106 000 [60 000-236 000],106000,60000,236000,,2025-11-11T15:08:09Z,2007,2007-01-01,2007-12-31
8193504,TB_e_inc_num,COUNTRY,MUS,AFR,Africa,YEAR,2015,,,,,,,,,200 [160-240],200,160,240,,2025-11-11T15:08:09Z,2015,2015-01-01,2015-12-31
8196046,TB_e_inc_num,COUNTRY,GMB,AFR,Africa,YEAR,2000,,,,,,,,,2700 [1800-3800],2700,1800,3800,,2025-11-11T15:08:09Z,2000,2000-01-01,2000-12-31
8199423,TB_e_inc_num,COUNTRY,HTI,AMR,Americas,YEAR,2020,,,,,,,,,25 000 [20 000-30 000],25000,20000,30000,,2025-11-11T15:08:09Z,2020,2020-01-01,2020-12-31
8205797,TB_e_inc_num,COUNTRY,TUR,EUR,Europe,YEAR,2016,,,,,,,,,16 000 [13 000-19 000],16000,13000,19000,,2025-11-11T15:08:09Z,2016,2016-01-01,2016-12-31
8206075,TB_e_inc_num,COUNTRY,NIU,WPR,Western Pacific,YEAR,2018,,,,,,,,,2 [2-2],2,2,2,,2025-11-11T15:08:09Z,2018,2018-01-01,2018-12-31
8206575,TB_e_inc_num,COUNTRY,IND,SEAR,South-East Asia,YEAR,2004,,,,,,,,,3 580 000 [1 260 000-7 070 000],3580000,1260000,7070000,,2025-11-11T15:08:09Z,2004,2004-01-01,2004-12-31
8208629,TB_e_inc_num,COUNTRY,MNG,WPR,Western Pacific,YEAR,2006,,,,,,,,,11 000 [5700-18 000],11000,5700,18000,,2025-11-11T15:08:09Z,2006,2006-01-01,2006-12-31
8209240,TB_e_inc_num,COUNTRY,NLD,EUR,Europe,YEAR,2003,,,,,,,,,1500 [1300-1700],1500,1300,1700,,2025-11-11T15:08:09Z,2003,2003-01-01,2003-12-31
8218621,TB_e_inc_num,COUNTRY,CRI,AMR,Americas,YEAR,2017,,,,,,,,,470 [380-570],470,380,570,,2025-11-11T15:08:09Z,2017,2017-01-01,2017-12-31
8218815,TB_e_inc_num,COUNTRY,LBN,EMR,Eastern Mediterranean,YEAR,2010,,,,,,,,,800 [650-960],800,650,960,,2025-11-11T15:08:09Z,2010,2010-01-01,2010-12-31
8221148,TB_e_inc_num,COUNTRY,POL,EUR,Europe,YEAR,2001,,,,,,,,,16 000 [13 000-19 000],16000,13000,19000,,2025-11-11T15:08:09Z,2001,2001-01-01,2001-12-31
8227883,TB_e_inc_num,REGION,WPR,,,YEAR,2006,,,,,,,,,2 950 000 [2 600 000-3 340 000],2950000,2600000,3340000,,2025-11-11T15:08:09Z,2006,2006-01-01,2006-12-31
8231371,TB_e_inc_num,COUNTRY,TUV,WPR,Western Pacific,YEAR,2004,,,,,,,,,17 [14-20],17,14,20,,2025-11-11T15:08:09Z,2004,2004-01-01,2004-12-31
8233023,TB_e_inc_num,COUNTRY,COG,AFR,Africa,YEAR,2014,,,,,,,,,18 000 [11 000-38 000],18000,11000,38000,,2025-11-11T15:08:09Z,2014,2014-01-01,2014-12-31
8238056,TB_e_inc_num,COUNTRY,IRN,EMR,Eastern Mediterranean,YEAR,2001,,,,,,,,,28 000 [23 000-34 000],28000,23000,34000,,2025-11-11T15:08:09Z,2001,2001-01-01,2001-12-31
8238221,TB_e_inc_num,COUNTRY,SRB,EUR,Europe,YEAR,2023,,,,,,,,,1300 [1100-1600],1300,1100,1600,,2025-11-11T15:08:09Z,2023,2023-01-01,2023-12-31
8239952,TB_e_inc_num,COUNTRY,UGA,AFR,Africa,YEAR,2007,,,,,,,,,66 000 [41 000-96 000],66000,41000,96000,,2025-11-11T15:08:09Z,2007,2007-01-01,2007-12-31
8250172,TB_e_inc_num,COUNTRY,ARG,AMR,Americas,YEAR,2021,,,,,,,,,15 000 [12 000-18 000],15000,12000,18000,,2025-11-11T15:08:09Z,2021,2021-01-01,2021-12-31
8253707,TB_e_inc_num,COUNTRY,ZWE,AFR,Africa,YEAR,2019,,,,,,,,,30 000 [23 000-39 000],30000,23000,39000,,2025-11-11T15:08:09Z,2019,2019-01-01,2019-12-31
8253774,TB_e_inc_num,COUNTRY,TGO,AFR,Africa,YEAR,2022,,,,,,,,,4200 [2600-8100],4200,2600,8100,,2025-11-11T15:08:09Z,2022,2022-01-01,2022-12-31
8257292,TB_e_inc_num,COUNTRY,CHL,AMR,Americas,YEAR,2018,,,,,,,,,3600 [2900-4400],3600,2900,4400,,2025-11-11T15:08:09Z,2018,2018-01-01,2018-12-31
8260169,TB_e_inc_num,COUNTRY,ERI,AFR,Africa,YEAR,2008,,,,,,,,,8800 [7100-11 000],8800,7100,11000,,2025-11-11T15:08:09Z,2008,2008-01-01,2008-12-31
8272175,TB_e_inc_num,COUNTRY,AUT,EUR,Europe,YEAR,2005,,,,,,,,,1200 [990-1500],1200,990,1500,,2025-11-11T15:08:09Z,2005,2005-01-01,2005-12-31
8272702,TB_e_inc_num,WORLDBANKINCOMEGROUP,WB_LI,,,YEAR,2023,,,,,,,,,1 220 000 [955 000-1 530 000],1220000,955000,1530000,,2025-11-11T15:08:09Z,2023,2023-01-01,2023-12-31
8275515,TB_e_inc_num,COUNTRY,KEN,AFR,Africa,YEAR,2022,,,,,,,,,129 000 [74 000-204 000],129000,74000,204000,,2025-11-11T15:08:09Z,2022,2022-01-01,2022-12-31
8277476,TB_e_inc_num,COUNTRY,UGA,AFR,Africa,YEAR,2006,,,,,,,,,65 000 [41 000-96 000],65000,41000,96000,,2025-11-11T15:08:09Z,2006,2006-01-01,2006-12-31
8278751,TB_e_inc_num,COUNTRY,PLW,WPR,Western Pacific,YEAR,2008,,,,,,,,,15 [12-18],15,12,18,,2025-11-11T15:08:09Z,2008,2008-01-01,2008-12-31
8282295,TB_e_inc_num,COUNTRY,BOL,AMR,Americas,YEAR,2010,,,,,,,,,20 000 [16 000-24 000],20000,16000,24000,,2025-11-11T15:08:09Z,2010,2010-01-01,2010-12-31
8283530,TB_e_inc_num,WORLDBANKINCOMEGROUP,WB_LMI,,,YEAR,2020,,,,,,,,,6 210 000 [5 620 000-6 830 000],6210000,5620000,6830000,,2025-11-11T15:08:09Z,2020,2020-01-01,2020-12-31
8295681,TB_e_inc_num,COUNTRY,SWZ,AFR,Africa,YEAR,2020,,,,,,,,,4000 [2400-6000],4000,2400,6000,,2025-11-11T15:08:09Z,2020,2020-01-01,2020-12-31
8301346,TB_e_inc_num,COUNTRY,AGO,AFR,Africa,YEAR,2021,,,,,,,,,128 000 [83 000-186 000],128000,83000,186000,,2025-11-11T15:08:09Z,2021,2021-01-01,2021-12-31
8303890,TB_e_inc_num,COUNTRY,DOM,AMR,Americas,YEAR,2003,,,,,,,,,10 000 [8300-12 000],10000,8300,12000,,2025-11-11T15:08:09Z,2003,2003-01-01,2003-12-31
8304369,TB_e_inc_num,COUNTRY,NOR,EUR,Europe,YEAR,2016,,,,,,,,,320 [260-390],320,260,390,,2025-11-11T15:08:09Z,2016,2016-01-01,2016-12-31
8307668,TB_e_inc_num,COUNTRY,MDG,AFR,Africa,YEAR,2000,,,,,,,,,34 000 [17 000-98 000],34000,17000,98000,,2025-11-11T15:08:09Z,2000,2000-01-01,2000-12-31
8308090,TB_e_inc_num,COUNTRY,PER,AMR,Americas,YEAR,2013,,,,,,,,,41 000 [34 000-50 000],41000,34000,50000,,2025-11-11T15:08:09Z,2013,2013-01-01,2013-12-31
8308656,TB_e_inc_num,COUNTRY,ITA,EUR,Europe,YEAR,2024,,,,,,,,,3000 [2400-3600],3000,2400,3600,,2025-11-11T15:08:09Z,2024,2024-01-01,2024-12-31
8329315,TB_e_inc_num,COUNTRY,UGA,AFR,Africa,YEAR,2017,,,,,,,,,81 000 [47 000-123 000],81000,47000,123000,,2025-11-11T15:08:09Z,2017,2017-01-01,2017-12-31
8333796,TB_e_inc_num,COUNTRY,DZA,AFR,Africa,YEAR,2010,,,,,,,,,34 000 [28 000-41 000],34000,28000,41000,,2025-11-11T15:08:09Z,2010,2010-01-01,2010-12-31
8335050,TB_e_inc_num,COUNTRY,MEX,AMR,Americas,YEAR,2023,,,,,,,,,36 000 [29 000-43 000],36000,29000,43000,,2025-11-11T15:08:09Z,2023,2023-01-01,2023-12-31
8335607,TB_e_inc_num,COUNTRY,TLS,SEAR,South-East Asia,YEAR,2009,,,,,,,,,7700 [4300-17 000],7700,4300,17000,,2025-11-11T15:08:09Z,2009,2009-01-01,2009-12-31
8339621,TB_e_inc_num,COUNTRY,TZA,AFR,Africa,YEAR,2017,,,,,,,,,150 000 [62 000-275 000],150000,62000,275000,,2025-11-11T15:08:09Z,2017,2017-01-01,2017-12-31
8340836,TB_e_inc_num,COUNTRY,PAN,AMR,Americas,YEAR,2013,,,,,,,,,2100 [1700-2500],2100,1700,2500,,2025-11-11T15:08:09Z,2013,2013-01-01,2013-12-31
8341485,TB_e_inc_num,COUNTRY,NIU,WPR,Western Pacific,YEAR,2023,,,,,,,,,0 [0-0],0,0,0,,2025-11-11T15:08:09Z,2023,2023-01-01,2023-12-31
8342149,TB_e_inc_num,COUNTRY,COM,AFR,Africa,YEAR,2010,,,,,,,,,290 [170-590],290,170,590,,2025-11-11T15:08:09Z,2010,2010-01-01,2010-12-31
8345574,TB_e_inc_num,COUNTRY,GEO,EUR,Europe,YEAR,2002,,,,,,,,,8900 [7300-11 000],8900,7300,11000,,2025-11-11T15:08:09Z,2002,2002-01-01,2002-12-31
8345897,TB_e_inc_num,REGION,AFR,,,YEAR,2004,,,,,,,,,2 840 000 [2 250 000-3 500 000],2840000,2250000,3500000,,2025-11-11T15:08:09Z,2004,2004-01-01,2004-12-31
8345985,TB_e_inc_num,COUNTRY,VNM,WPR,Western Pacific,YEAR,2021,,,,,,,,,169 000 [107 000-244 000],169000,107000,244000,,2025-11-11T15:08:09Z,2021,2021-01-01,2021-12-31
8346603,TB_e_inc_num,COUNTRY,FJI,WPR,Western Pacific,YEAR,2016,,,,,,,,,550 [440-660],550,440,660,,2025-11-11T15:08:09Z,2016,2016-01-01,2016-12-31
8346883,TB_e_inc_num,COUNTRY,UKR,EUR,Europe,YEAR,2017,,,,,,,,,41 000 [33 000-49 000],41000,33000,49000,,2025-11-11T15:08:09Z,2017,2017-01-01,2017-12-31
8348632,TB_e_inc_num,COUNTRY,BWA,AFR,Africa,YEAR,2022,,,,,,,,,5100 [3100-9900],5100,3100,9900,,2025-11-11T15:08:09Z,2022,2022-01-01,2022-12-31
8351762,TB_e_inc_num,COUNTRY,IRN,EMR,Eastern Mediterranean,YEAR,2019,,,,,,,,,12 000 [9600-14 000],12000,9600,14000,,2025-11-11T15:08:09Z,2019,2019-01-01,2019-12-31
8354600,TB_e_inc_num,WORLDBANKINCOMEGROUP,WB_UMI,,,YEAR,2014,,,,,,,,,2 950 000 [2 570 000-3 370 000],2950000,2570000,3370000,,2025-11-11T15:08:09Z,2014,2014-01-01,2014-12-31
8359059,TB_e_inc_num,COUNTRY,SDN,EMR,Eastern Mediterranean,YEAR,2003,,,,,,,,,51 000 [11 000-120 000],51000,11000,120000,,2025-11-11T15:08:09Z,2003,2003-01-01,2003-12-31
8360501,TB_e_inc_num,COUNTRY,MEX,AMR,Americas,YEAR,2020,,,,,,,,,33 000 [27 000-40 000],33000,27000,40000,,2025-11-11T15:08:09Z,2020,2020-01-01,2020-12-31
8361253,TB_e_inc_num,COUNTRY,RUS,EUR,Europe,YEAR,2010,,,,,,,,,123 000 [55 000-217 000],123000,55000,217000,,2025-11-11T15:08:09Z,2010,2010-01-01,2010-12-31
8365058,TB_e_inc_num,COUNTRY,GUY,AMR,Americas,YEAR,2011,,,,,,,,,1100 [880-1300],1100,880,1300,,2025-11-11T15:08:09Z,2011,2011-01-01,2011-12-31
8370984,TB_e_inc_num,COUNTRY,GRD,AMR,Americas,YEAR,2010,,,,,,,,,4 [3-5],4,3,5,,2025-11-11T15:08:09Z,2010,2010-01-01,2010-12-31
8376695,TB_e_inc_num,COUNTRY,PRY,AMR,Americas,YEAR,2019,,,,,,,,,3900 [3200-4700],3900,3200,4700,,2025-11-11T15:08:09Z,2019,2019-01-01,2019-12-31
8377850,TB_e_inc_num,COUNTRY,USA,AMR,Americas,YEAR,2024,,,,,,,,,11 000 [9100-13 000],11000,9100,13000,,2025-11-11T15:08:09Z,2024,2024-01-01,2024-12-31
8378233,TB_e_inc_num,COUNTRY,PLW,WPR,Western Pacific,YEAR,2015,,,,,,,,,14 [11-17],14,11,17,,2025-11-11T15:08:09Z,2015,2015-01-01,2015-12-31
8379164,TB_e_inc_num,REGION,EUR,,,YEAR,2000,,,,,,,,,574 000 [472 000-685 000],574000,472000,685000,,2025-11-11T15:08:09Z,2000,2000-01-01,2000-12-31
8380096,TB_e_inc_num,COUNTRY,VEN,AMR,Americas,YEAR,2017,,,,,,,,,14 000 [12 000-17 000],14000,12000,17000,,2025-11-11T15:08:09Z,2017,2017-01-01,2017-12-31
8390217,TB_e_inc_num,COUNTRY,SAU,EMR,Eastern Mediterranean,YEAR,2008,,,,,,,,,4400 [4000-4900],4400,4000,4900,,2025-11-11T15:08:09Z,2008,2008-01-01,2008-12-31
8390771,TB_e_inc_num,COUNTRY,LBR,AFR,Africa,YEAR,2013,,,,,,,,,14 000 [8200-30 000],14000,8200,30000,,2025-11-11T15:08:09Z,2013,2013-01-01,2013-12-31
8404405,TB_e_inc_num,COUNTRY,MNG,WPR,Western Pacific,YEAR,2010,,,,,,,,,12 000 [6000-19 000],12000,6000,19000,,2025-11-11T15:08:09Z,2010,2010-01-01,2010-12-31
8404455,TB_e_inc_num,COUNTRY,DMA,AMR,Americas,YEAR,2009,,,,,,,,,4 [3-5],4,3,5,,2025-11-11T15:08:09Z,2009,2009-01-01,2009-12-31
8409753,TB_e_inc_num,COUNTRY,NPL,SEAR,South-East Asia,YEAR,2013,,,,,,,,,78 000 [45 000-121 000],78000,45000,121000,,2025-11-11T15:08:09Z,2013,2013-01-01,2013-12-31
8410167,TB_e_inc_num,COUNTRY,SVK,EUR,Europe,YEAR,2000,,,,,,,,,1700 [1400-2100],1700,1400,2100,,2025-11-11T15:08:09Z,2000,2000-01-01,2000-12-31
8414687,TB_e_inc_num,COUNTRY,FRA,EUR,Europe,YEAR,2000,,,,,,,,,7400 [7100-7700],7400,7100,7700,,2025-11-11T15:08:09Z,2000,2000-01-01,2000-12-31
8421020,TB_e_inc_num,COUNTRY,THA,SEAR,South-East Asia,YEAR,2024,,,,,,,,,104 000 [76 000-130 000],104000,76000,130000,,2025-11-11T15:08:09Z,2024,2024-01-01,2024-12-31
8421888,TB_e_inc_num,COUNTRY,VEN,AMR,Americas,YEAR,2020,,,,,,,,,13 000 [11 000-16 000],13000,11000,16000,,2025-11-11T15:08:09Z,2020,2020-01-01,2020-12-31
8428366,TB_e_inc_num,COUNTRY,VUT,WPR,Western Pacific,YEAR,2005,,,,,,,,,340 [160-1500],340,160,1500,,2025-11-11T15:08:09Z,2005,2005-01-01,2005-12-31
8433670,TB_e_inc_num,COUNTRY,GMB,AFR,Africa,YEAR,2022,,,,,,,,,3800 [2800-5100],3800,2800,5100,,2025-11-11T15:08:09Z,2022,2022-01-01,2022-12-31
8443060,TB_e_inc_num,COUNTRY,VCT,AMR,Americas,YEAR,2001,,,,,,,,,10 [8-12],10,8,12,,2025-11-11T15:08:09Z,2001,2001-01-01,2001-12-31
8448810,TB_e_inc_num,COUNTRY,PRI,AMR,Americas,YEAR,2009,,,,,,,,,95 [78-120],95,78,120,,2025-11-11T15:08:09Z,2009,2009-01-01,2009-12-31
8452959,TB_e_inc_num,COUNTRY,CZE,EUR,Europe,YEAR,2009,,,,,,,,,820 [670-990],820,670,990,,2025-11-11T15:08:09Z,2009,2009-01-01,2009-12-31
8453126,TB_e_inc_num,COUNTRY,GNQ,AFR,Africa,YEAR,2018,,,,,,,,,3600 [2200-7000],3600,2200,7000,,2025-11-11T15:08:09Z,2018,2018-01-01,2018-12-31
8454445,TB_e_inc_num,COUNTRY,FRA,EUR,Europe,YEAR,2005,,,,,,,,,6100 [5800-6300],6100,5800,6300,,2025-11-11T15:08:09Z,2005,2005-01-01,2005-12-31
8456036,TB_e_inc_num,COUNTRY,BHR,EMR,Eastern Mediterranean,YEAR,2007,,,,,,,,,490 [390-580],490,390,580,,2025-11-11T15:08:09Z,2007,2007-01-01,2007-12-31
8456056,TB_e_inc_num,COUNTRY,COD,AFR,Africa,YEAR,2003,,,,,,,,,319 000 [195 000-613 000],319000,195000,613000,,2025-11-11T15:08:09Z,2003,2003-01-01,2003-12-31
8460987,TB_e_inc_num,COUNTRY,AND,EUR,Europe,YEAR,2020,,,,,,,,,2 [2-2],2,2,2,,2025-11-11T15:08:09Z,2020,2020-01-01,2020-12-31
8462597,TB_e_inc_num,COUNTRY,GEO,EUR,Europe,YEAR,2022,,,,,,,,,2200 [1800-2600],2200,1800,2600,,2025-11-11T15:08:09Z,2022,2022-01-01,2022-12-31
8465974,TB_e_inc_num,COUNTRY,JPN,WPR,Western Pacific,YEAR,2009,,,,,,,,,30 000 [25 000-36 000],30000,25000,36000,,2025-11-11T15:08:09Z,2009,2009-01-01,2009-12-31
8466047,TB_e_inc_num,COUNTRY,VNM,WPR,Western Pacific,YEAR,2011,,,,,,,,,199 000 [106 000-321 000],199000,106000,321000,,2025-11-11T15:08:09Z,2011,2011-01-01,2011-12-31
8466508,TB_e_inc_num,COUNTRY,GBR,EUR,Europe,YEAR,2006,,,,,,,,,9300 [8600-10 000],9300,8600,10000,,2025-11-11T15:08:09Z,2006,2006-01-01,2006-12-31
8468441,TB_e_inc_num,COUNTRY,FRA,EUR,Europe,YEAR,2004,,,,,,,,,6200 [6000-6500],6200,6000,6500,,2025-11-11T15:08:09Z,2004,2004-01-01,2004-12-31
8468644,TB_e_inc_num,COUNTRY,GMB,AFR,Africa,YEAR,2011,,,,,,,,,3500 [2600-4600],3500,2600,4600,,2025-11-11T15:08:09Z,2011,2011-01-01,2011-12-31
8471605,TB_e_inc_num,COUNTRY,NPL,SEAR,South-East Asia,YEAR,2004,,,,,,,,,96 000 [54 000-151 000],96000,54000,151000,,2025-11-11T15:08:09Z,2004,2004-01-01,2004-12-31
8471879,TB_e_inc_num,COUNTRY,LBR,AFR,Africa,YEAR,2017,,,,,,,,,13 000 [7800-26 000],13000,7800,26000,,2025-11-11T15:08:09Z,2017,2017-01-01,2017-12-31
8475291,TB_e_inc_num,COUNTRY,MLT,EUR,Europe,YEAR,2000,,,,,,,,,16 [13-19],16,13,19,,2025-11-11T15:08:09Z,2000,2000-01-01,2000-12-31
8478193,TB_e_inc_num,COUNTRY,RUS,EUR,Europe,YEAR,2002,,,,,,,,,131 000 [55 000-238 000],131000,55000,238000,,2025-11-11T15:08:09Z,2002,2002-01-01,2002-12-31
8484861,TB_e_inc_num,COUNTRY,SYC,AFR,Africa,YEAR,2012,,,,,,,,,20 [16-24],20,16,24,,2025-11-11T15:08:09Z,2012,2012-01-01,2012-12-31
8485746,TB_e_inc_num,COUNTRY,GNQ,AFR,Africa,YEAR,2017,,,,,,,,,3600 [2200-6900],3600,2200,6900,,2025-11-11T15:08:09Z,2017,2017-01-01,2017-12-31
8485782,TB_e_inc_num,COUNTRY,LBN,EMR,Eastern Mediterranean,YEAR,2002,,,,,,,,,850 [690-1000],850,690,1000,,2025-11-11T15:08:09Z,2002,2002-01-01,2002-12-31
8486468,TB_e_inc_num,GLOBAL,GLOBAL,,,YEAR,2012,,,,,,,,,11 600 000 [9 780 000-13 500 000],11600000,9780000,13500000,,2025-11-11T15:08:09Z,2012,2012-01-01,2012-12-31
8493869,TB_e_inc_num,COUNTRY,SUR,AMR,Americas,YEAR,2010,,,,,,,,,310 [260-380],310,260,380,,2025-11-11T15:08:09Z,2010,2010-01-01,2010-12-31
8497552,TB_e_inc_num,COUNTRY,TUR,EUR,Europe,YEAR,2004,,,,,,,,,30 000 [25 000-36 000],30000,25000,36000,,2025-11-11T15:08:09Z,2004,2004-01-01,2004-12-31
8499560,TB_e_inc_num,COUNTRY,CHL,AMR,Americas,YEAR,2009,,,,,,,,,3300 [2600-3900],3300,2600,3900,,2025-11-11T15:08:09Z,2009,2009-01-01,2009-12-31
8503655,TB_e_inc_num,REGION,AMR,,,YEAR,2019,,,,,,,,,307 000 [284 000-330 000],307000,284000,330000,,2025-11-11T15:08:09Z,2019,2019-01-01,2019-12-31
8505633,TB_e_inc_num,COUNTRY,OMN,EMR,Eastern Mediterranean,YEAR,2006,,,,,,,,,570 [460-690],570,460,690,,2025-11-11T15:08:09Z,2006,2006-01-01,2006-12-31
8510044,TB_e_inc_num,COUNTRY,CMR,AFR,Africa,YEAR,2018,,,,,,,,,44 000 [27 000-85 000],44000,27000,85000,,2025-11-11T15:08:09Z,2018,2018-01-01,2018-12-31
8511229,TB_e_inc_num,COUNTRY,BOL,AMR,Americas,YEAR,2017,,,,,,,,,12 000 [9600-14 000],12000,9600,14000,,2025-11-11T15:08:09Z,2017,2017-01-01,2017-12-31
8517589,TB_e_inc_num,COUNTRY,ISL,EUR,Europe,YEAR,2021,,,,,,,,,7 [6-8],7,6,8,,2025-11-11T15:08:09Z,2021,2021-01-01,2021-12-31
8525967,TB_e_inc_num,COUNTRY,RWA,AFR,Africa,YEAR,2003,,,,,,,,,15 000 [13 000-17 000],15000,13000,17000,,2025-11-11T15:08:09Z,2003,2003-01-01,2003-12-31
8530612,TB_e_inc_num,COUNTRY,MUS,AFR,Africa,YEAR,2014,,,,,,,,,210 [170-250],210,170,250,,2025-11-11T15:08:09Z,2014,2014-01-01,2014-12-31
8537554,TB_e_inc_num,COUNTRY,DJI,EMR,Eastern Mediterranean,YEAR,2008,,,,,,,,,12 000 [10 000-15 000],12000,10000,15000,,2025-11-11T15:08:09Z,2008,2008-01-01,2008-12-31
8544017,TB_e_inc_num,COUNTRY,HTI,AMR,Americas,YEAR,2002,,,,,,,,,49 000 [40 000-59 000],49000,40000,59000,,2025-11-11T15:08:09Z,2002,2002-01-01,2002-12-31
8547708,TB_e_inc_num,COUNTRY,BHR,EMR,Eastern Mediterranean,YEAR,2024,,,,,,,,,190 [160-230],190,160,230,,2025-11-11T15:08:09Z,2024,2024-01-01,2024-12-31
8548069,TB_e_inc_num,COUNTRY,ALB,EUR,Europe,YEAR,2006,,,,,,,,,530 [430-640],530,430,640,,2025-11-11T15:08:09Z,2006,2006-01-01,2006-12-31
8549453,TB_e_inc_num,COUNTRY,FIN,EUR,Europe,YEAR,2005,,,,,,,,,420 [340-500],420,340,500,,2025-11-11T15:08:09Z,2005,2005-01-01,2005-12-31
8550148,TB_e_inc_num,COUNTRY,PRI,AMR,Americas,YEAR,2008,,,,,,,,,150 [120-180],150,120,180,,2025-11-11T15:08:09Z,2008,2008-01-01,2008-12-31
8550560,TB_e_inc_num,COUNTRY,ZMB,AFR,Africa,YEAR,2024,,,,,,,,,58 000 [35 000-86 000],58000,35000,86000,,2025-11-11T15:08:09Z,2024,2024-01-01,2024-12-31
8561021,TB_e_inc_num,COUNTRY,BDI,AFR,Africa,YEAR,2007,,,,,,,,,14 000 [8200-31 000],14000,8200,31000,,2025-11-11T15:08:09Z,2007,2007-01-01,2007-12-31
8567571,TB_e_inc_num,COUNTRY,VEN,AMR,Americas,YEAR,2012,,,,,,,,,9300 [7600-11 000],9300,7600,11000,,2025-11-11T15:08:09Z,2012,2012-01-01,2012-12-31
8567917,TB_e_inc_num,COUNTRY,UKR,EUR,Europe,YEAR,2009,,,,,,,,,67 000 [55 000-81 000],67000,55000,81000,,2025-11-11T15:08:09Z,2009,2009-01-01,2009-12-31
8568738,TB_e_inc_num,COUNTRY,JPN,WPR,Western Pacific,YEAR,2023,,,,,,,,,12 000 [9900-15 000],12000,9900,15000,,2025-11-11T15:08:09Z,2023,2023-01-01,2023-12-31
8573931,TB_e_inc_num,COUNTRY,KHM,WPR,Western Pacific,YEAR,2019,,,,,,,,,48 000 [36 000-65 000],48000,36000,65000,,2025-11-11T15:08:09Z,2019,2019-01-01,2019-12-31
8574560,TB_e_inc_num,COUNTRY,PER,AMR,Americas,YEAR,2021,,,,,,,,,45 000 [36 000-58 000],45000,36000,58000,,2025-11-11T15:08:09Z,2021,2021-01-01,2021-12-31
8575173,TB_e_inc_num,COUNTRY,ARM,EUR,Europe,YEAR,2006,,,,,,,,,3700 [3000-4500],3700,3000,4500,,2025-11-11T15:08:09Z,2006,2006-01-01,2006-12-31
8575345,TB_e_inc_num,COUNTRY,HND,AMR,Americas,YEAR,2011,,,,,,,,,5600 [4600-6800],5600,4600,6800,,2025-11-11T15:08:09Z,2011,2011-01-01,2011-12-31
8575362,TB_e_inc_num,COUNTRY,SWE,EUR,Europe,YEAR,2024,,,,,,,,,350 [290-420],350,290,420,,2025-11-11T15:08:09Z,2024,2024-01-01,2024-12-31
8575666,TB_e_inc_num,COUNTRY,OMN,EMR,Eastern Mediterranean,YEAR,2018,,,,,,,,,360 [290-430],360,290,430,,2025-11-11T15:08:09Z,2018,2018-01-01,2018-12-31
8576327,TB_e_inc_num,COUNTRY,AUS,WPR,Western Pacific,YEAR,2003,,,,,,,,,1200 [960-1400],1200,960,1400,,2025-11-11T15:08:09Z,2003,2003-01-01,2003-12-31
8576475,TB_e_inc_num,COUNTRY,PLW,WPR,Western Pacific,YEAR,2007,,,,,,,,,11 [9-13],11,9,13,,2025-11-11T15:08:09Z,2007,2007-01-01,2007-12-31
8580159,TB_e_inc_num,COUNTRY,DMA,AMR,Americas,YEAR,2013,,,,,,,,,3 [2-4],3,2,4,,2025-11-11T15:08:09Z,2013,2013-01-01,2013-12-31
8581254,TB_e_inc_num,COUNTRY,FJI,WPR,Western Pacific,YEAR,2002,,,,,,,,,370 [300-450],370,300,450,,2025-11-11T15:08:09Z,2002,2002-01-01,2002-12-31
8581583,TB_e_inc_num,COUNTRY,BGD,SEAR,South-East Asia,YEAR,2017,,,,,,,,,359 000 [261 000-472 000],359000,261000,472000,,2025-11-11T15:08:09Z,2017,2017-01-01,2017-12-31
8582222,TB_e_inc_num,REGION,AMR,,,YEAR,2000,,,,,,,,,466 000 [436 000-496 000],466000,436000,496000,,2025-11-11T15:08:09Z,2000,2000-01-01,2000-12-31
8592489,TB_e_inc_num,COUNTRY,ZAF,AFR,Africa,YEAR,2005,,,,,,,,,601 000 [208 000-1 190 000],601000,208000,1190000,,2025-11-11T15:08:09Z,2005,2005-01-01,2005-12-31
8593399,TB_e_inc_num,COUNTRY,DJI,EMR,Eastern Mediterranean,YEAR,2003,,,,,,,,,14 000 [12 000-17 000],14000,12000,17000,,2025-11-11T15:08:09Z,2003,2003-01-01,2003-12-31
8595383,TB_e_inc_num,COUNTRY,BWA,AFR,Africa,YEAR,2009,,,,,,,,,13 000 [7700-25 000],13000,7700,25000,,2025-11-11T15:08:09Z,2009,2009-01-01,2009-12-31
8607511,TB_e_inc_num,COUNTRY,SEN,AFR,Africa,YEAR,2001,,,,,,,,,18 000 [9500-46 000],18000,9500,46000,,2025-11-11T15:08:09Z,2001,2001-01-01,2001-12-31
8607871,TB_e_inc_num,COUNTRY,BFA,AFR,Africa,YEAR,2011,,,,,,,,,12 000 [7600-24 000],12000,7600,24000,,2025-11-11T15:08:09Z,2011,2011-01-01,2011-12-31
8613695,TB_e_inc_num,COUNTRY,URY,AMR,Americas,YEAR,2015,,,,,,,,,1100 [920-1400],1100,920,1400,,2025-11-11T15:08:09Z,2015,2015-01-01,2015-12-31
8617363,TB_e_inc_num,COUNTRY,MYS,WPR,Western Pacific,YEAR,2010,,,,,,,,,29 000 [23 000-34 000],29000,23000,34000,,2025-11-11T15:08:09Z,2010,2010-01-01,2010-12-31
8618375,TB_e_inc_num,COUNTRY,UGA,AFR,Africa,YEAR,2022,,,,,,,,,94 000 [56 000-141 000],94000,56000,141000,,2025-11-11T15:08:09Z,2022,2022-01-01,2022-12-31
8620733,TB_e_inc_num,COUNTRY,NGA,AFR,Africa,YEAR,2015,,,,,,,,,418 000 [273 000-593 000],418000,273000,593000,,2025-11-11T15:08:09Z,2015,2015-01-01,2015-12-31
8623610,TB_e_inc_num,COUNTRY,LBY,EMR,Eastern Mediterranean,YEAR,2013,,,,,,,,,2200 [1400-4100],2200,1400,4100,,2025-11-11T15:08:09Z,2013,2013-01-01,2013-12-31
8623990,TB_e_inc_num,COUNTRY,LUX,EUR,Europe,YEAR,2024,,,,,,,,,50 [41-61],50,41,61,,2025-11-11T15:08:09Z,2024,2024-01-01,2024-12-31
8626315,TB_e_inc_num,COUNTRY,GHA,AFR,Africa,YEAR,2014,,,,,,,,,46 000 [20 000-84 000],46000,20000,84000,,2025-11-11T15:08:09Z,2014,2014-01-01,2014-12-31
8631554,TB_e_inc_num,COUNTRY,MLT,EUR,Europe,YEAR,2021,,,,,,,,,54 [44-65],54,44,65,,2025-11-11T15:08:09Z,2021,2021-01-01,2021-12-31
8631911,TB_e_inc_num,COUNTRY,MHL,WPR,Western Pacific,YEAR,2003,,,,,,,,,160 [130-190],160,130,190,,2025-11-11T15:08:09Z,2003,2003-01-01,2003-12-31
8645958,TB_e_inc_num,COUNTRY,EGY,EMR,Eastern Mediterranean,YEAR,2010,,,,,,,,,14 000 [11 000-17 000],14000,11000,17000,,2025-11-11T15:08:09Z,2010,2010-01-01,2010-12-31
8649116,TB_e_inc_num,COUNTRY,BRB,AMR,Americas,YEAR,2007,,,,,,,,,16 [13-19],16,13,19,,2025-11-11T15:08:09Z,2007,2007-01-01,2007-12-31
8651155,TB_e_inc_num,COUNTRY,PSE,EMR,Eastern Mediterranean,YEAR,2013,,,,,,,,,60 [49-72],60,49,72,,2025-11-11T15:08:09Z,2013,2013-01-01,2013-12-31
8652365,TB_e_inc_num,COUNTRY,SLE,AFR,Africa,YEAR,2003,,,,,,,,,29 000 [18 000-57 000],29000,18000,57000,,2025-11-11T15:08:09Z,2003,2003-01-01,2003-12-31
8657560,TB_e_inc_num,WORLDBANKINCOMEGROUP,WB_LMI,,,YEAR,2001,,,,,,,,,6 740 000 [4 110 000-10 000 000],6740000,4110000,10000000,,2025-11-11T15:08:09Z,2001,2001-01-01,2001-12-31
8658140,TB_e_inc_num,COUNTRY,CHE,EUR,Europe,YEAR,2024,,,,,,,,,480 [390-580],480,390,580,,2025-11-11T15:08:09Z,2024,2024-01-01,2024-12-31
8658712,TB_e_inc_num,COUNTRY,IRL,EUR,Europe,YEAR,2002,,,,,,,,,520 [420-620],520,420,620,,2025-11-11T15:08:09Z,2002,2002-01-01,2002-12-31
8664873,TB_e_inc_num,REGION,AMR,,,YEAR,2018,,,,,,,,,306 000 [284 000-329 000],306000,284000,329000,,2025-11-11T15:08:09Z,2018,2018-01-01,2018-12-31
8667642,TB_e_inc_num,COUNTRY,COD,AFR,Africa,YEAR,2009,,,,,,,,,339 000 [208 000-651 000],339000,208000,651000,,2025-11-11T15:08:09Z,2009,2009-01-01,2009-12-31
8671127,TB_e_inc_num,COUNTRY,TLS,SEAR,South-East Asia,YEAR,2022,,,,,,,,,5800 [3600-11 000],5800,3600,11000,,2025-11-11T15:08:09Z,2022,2022-01-01,2022-12-31
8674283,TB_e_inc_num,COUNTRY,IRQ,EMR,Eastern Mediterranean,YEAR,2009,,,,,,,,,14 000 [11 000-17 000],14000,11000,17000,,2025-11-11T15:08:09Z,2009,2009-01-01,2009-12-31
8677311,TB_e_inc_num,COUNTRY,NZL,WPR,Western Pacific,YEAR,2001,,,,,,,,,510 [410-610],510,410,610,,2025-11-11T15:08:09Z,2001,2001-01-01,2001-12-31
8681982,TB_e_inc_num,COUNTRY,RUS,EUR,Europe,YEAR,2006,,,,,,,,,127 000 [55 000-230 000],127000,55000,230000,,2025-11-11T15:08:09Z,2006,2006-01-01,2006-12-31
8683568,TB_e_inc_num,COUNTRY,AUS,WPR,Western Pacific,YEAR,2015,,,,,,,,,1400 [1200-1700],1400,1200,1700,,2025-11-11T15:08:09Z,2015,2015-01-01,2015-12-31
8687227,TB_e_inc_num,COUNTRY,ARG,AMR,Americas,YEAR,2020,,,,,,,,,12 000 [9700-14 000],12000,9700,14000,,2025-11-11T15:08:09Z,2020,2020-01-01,2020-12-31
8688797,TB_e_inc_num,COUNTRY,IRQ,EMR,Eastern Mediterranean,YEAR,2002,,,,,,,,,18 000 [15 000-22 000],18000,15000,22000,,2025-11-11T15:08:09Z,2002,2002-01-01,2002-12-31
8694727,TB_e_inc_num,COUNTRY,YEM,EMR,Eastern Mediterranean,YEAR,2001,,,,,,,,,18 000 [15 000-21 000],18000,15000,21000,,2025-11-11T15:08:09Z,2001,2001-01-01,2001-12-31
8695903,TB_e_inc_num,COUNTRY,PHL,WPR,Western Pacific,YEAR,2001,,,,,,,,,472 000 [248 000-765 000],472000,248000,765000,,2025-11-11T15:08:09Z,2001,2001-01-01,2001-12-31
8700680,TB_e_inc_num,COUNTRY,BHR,EMR,Eastern Mediterranean,YEAR,2013,,,,,,,,,310 [250-370],310,250,370,,2025-11-11T15:08:09Z,2013,2013-01-01,2013-12-31
8702274,TB_e_inc_num,COUNTRY,AND,EUR,Europe,YEAR,2006,,,,,,,,,12 [10-14],12,10,14,,2025-11-11T15:08:09Z,2006,2006-01-01,2006-12-31
8704820,TB_e_inc_num,COUNTRY,SYR,EMR,Eastern Mediterranean,YEAR,2023,,,,,,,,,5500 [4400-6600],5500,4400,6600,,2025-11-11T15:08:09Z,2023,2023-01-01,2023-12-31
8705214,TB_e_inc_num,COUNTRY,LUX,EUR,Europe,YEAR,2023,,,,,,,,,51 [41-61],51,41,61,,2025-11-11T15:08:09Z,2023,2023-01-01,2023-12-31
8708078,TB_e_inc_num,COUNTRY,COG,AFR,Africa,YEAR,2013,,,,,,,,,19 000 [11 000-40 000],19000,11000,40000,,2025-11-11T15:08:09Z,2013,2013-01-01,2013-12-31
8718752,TB_e_inc_num,COUNTRY,DNK,EUR,Europe,YEAR,2003,,,,,,,,,540 [440-650],540,440,650,,2025-11-11T15:08:09Z,2003,2003-01-01,2003-12-31
8719981,TB_e_inc_num,COUNTRY,PRT,EUR,Europe,YEAR,2019,,,,,,,,,2000 [1600-2400],2000,1600,2400,,2025-11-11T15:08:09Z,2019,2019-01-01,2019-12-31
8720570,TB_e_inc_num,COUNTRY,BTN,SEAR,South-East Asia,YEAR,2001,,,,,,,,,3600 [2900-4300],3600,2900,4300,,2025-11-11T15:08:09Z,2001,2001-01-01,2001-12-31
8725192,TB_e_inc_num,COUNTRY,PRI,AMR,Americas,YEAR,2015,,,,,,,,,70 [57-85],70,57,85,,2025-11-11T15:08:09Z,2015,2015-01-01,2015-12-31
8725609,TB_e_inc_num,COUNTRY,BRB,AMR,Americas,YEAR,2021,,,,,,,,,1 [1-1],1,1,1,,2025-11-11T15:08:09Z,2021,2021-01-01,2021-12-31
8726887,TB_e_inc_num,COUNTRY,TZA,AFR,Africa,YEAR,2010,,,,,,,,,191 000 [54 000-412 000],191000,54000,412000,,2025-11-11T15:08:09Z,2010,2010-01-01,2010-12-31
8737151,TB_e_inc_num,COUNTRY,GAB,AFR,Africa,YEAR,2010,,,,,,,,,7900 [4800-16 000],7900,4800,16000,,2025-11-11T15:08:09Z,2010,2010-01-01,2010-12-31
8737900,TB_e_inc_num,COUNTRY,ATG,AMR,Americas,YEAR,2008,,,,,,,,,1 [1-1],1,1,1,,2025-11-11T15:08:09Z,2008,2008-01-01,2008-12-31
8738909,TB_e_inc_num,COUNTRY,EST,EUR,Europe,YEAR,2024,,,,,,,,,110 [91-130],110,91,130,,2025-11-11T15:08:09Z,2024,2024-01-01,2024-12-31
8739724,TB_e_inc_num,COUNTRY,SVN,EUR,Europe,YEAR,2012,,,,,,,,,170 [140-210],170,140,210,,2025-11-11T15:08:09Z,2012,2012-01-01,2012-12-31
8739986,TB_e_inc_num,COUNTRY,GHA,AFR,Africa,YEAR,2018,,,,,,,,,45 000 [21 000-78 000],45000,21000,78000,,2025-11-11T15:08:09Z,2018,2018-01-01,2018-12-31
8740092,TB_e_inc_num,COUNTRY,GNQ,AFR,Africa,YEAR,2013,,,,,,,,,3300 [2000-6500],3300,2000,6500,,2025-11-11T15:08:09Z,2013,2013-01-01,2013-12-31
8743096,TB_e_inc_num,COUNTRY,NLD,EUR,Europe,YEAR,2000,,,,,,,,,1400 [1200-1700],1400,1200,1700,,2025-11-11T15:08:09Z,2000,2000-01-01,2000-12-31
8750089,TB_e_inc_num,COUNTRY,KNA,AMR,Americas,YEAR,2016,,,,,,,,,0 [0-0],0,0,0,,2025-11-11T15:08:09Z,2016,2016-01-01,2016-12-31
8751813,TB_e_inc_num,COUNTRY,TON,WPR,Western Pacific,YEAR,2018,,,,,,,,,9 [7-11],9,7,11,,2025-11-11T15:08:09Z,2018,2018-01-01,2018-12-31
8756476,TB_e_inc_num,COUNTRY,HTI,AMR,Americas,YEAR,2012,,,,,,,,,37 000 [30 000-45 000],37000,30000,45000,,2025-11-11T15:08:09Z,2012,2012-01-01,2012-12-31
8757187,TB_e_inc_num,COUNTRY,MDA,EUR,Europe,YEAR,2001,,,,,,,,,3600 [3000-4400],3600,3000,4400,,2025-11-11T15:08:09Z,2001,2001-01-01,2001-12-31
8762182,TB_e_inc_num,COUNTRY,HKG,,,YEAR,2011,,,,,,,,,8200 [6700-9900],8200,6700,9900,,2025-11-11T15:08:09Z,2011,2011-01-01,2011-12-31
8762929,TB_e_inc_num,COUNTRY,BLZ,AMR,Americas,YEAR,2017,,,,,,,,,180 [140-210],180,140,210,,2025-11-11T15:08:09Z,2017,2017-01-01,2017-12-31
8764160,TB_e_inc_num,COUNTRY,MOZ,AFR,Africa,YEAR,2024,,,,,,,,,125 000 [76 000-186 000],125000,76000,186000,,2025-11-11T15:08:09Z,2024,2024-01-01,2024-12-31
8764967,TB_e_inc_num,COUNTRY,HND,AMR,Americas,YEAR,2007,,,,,,,,,5400 [4400-6500],5400,4400,6500,,2025-11-11T15:08:09Z,2007,2007-01-01,2007-12-31
8769519,TB_e_inc_num,COUNTRY,DNK,EUR,Europe,YEAR,2001,,,,,,,,,700 [570-840],700,570,840,,2025-11-11T15:08:09Z,2001,2001-01-01,2001-12-31
8770412,TB_e_inc_num,COUNTRY,TGO,AFR,Africa,YEAR,2023,,,,,,,,,4400 [2700-8400],4400,2700,8400,,2025-11-11T15:08:09Z,2023,2023-01-01,2023-12-31
8770439,TB_e_inc_num,COUNTRY,NIU,WPR,Western Pacific,YEAR,2006,,,,,,,,,0 [0-0],0,0,0,,2025-11-11T15:08:09Z,2006,2006-01-01,2006-12-31
8772090,TB_e_inc_num,COUNTRY,UKR,EUR,Europe,YEAR,2006,,,,,,,,,93 000 [76 000-112 000],93000,76000,112000,,2025-11-11T15:08:09Z,2006,2006-01-01,2006-12-31
8776385,TB_e_inc_num,REGION,EMR,,,YEAR,2022,,,,,,,,,916 000 [706 000-1 150 000],916000,706000,1150000,,2025-11-11T15:08:09Z,2022,2022-01-01,2022-12-31
8777677,TB_e_inc_num,COUNTRY,AUS,WPR,Western Pacific,YEAR,2024,,,,,,,,,1900 [1500-2200],1900,1500,2200,,2025-11-11T15:08:09Z,2024,2024-01-01,2024-12-31
8782411,TB_e_inc_num,COUNTRY,AUS,WPR,Western Pacific,YEAR,2023,,,,,,,,,1600 [1300-2000],1600,1300,2000,,2025-11-11T15:08:09Z,2023,2023-01-01,2023-12-31
8795059,TB_e_inc_num,COUNTRY,TUN,EMR,Eastern Mediterranean,YEAR,2011,,,,,,,,,5300 [4300-6300],5300,4300,6300,,2025-11-11T15:08:09Z,2011,2011-01-01,2011-12-31
8795420,TB_e_inc_num,COUNTRY,KHM,WPR,Western Pacific,YEAR,2005,,,,,,,,,86 000 [61 000-116 000],86000,61000,116000,,2025-11-11T15:08:09Z,2005,2005-01-01,2005-12-31
8796387,TB_e_inc_num,COUNTRY,PRY,AMR,Americas,YEAR,2009,,,,,,,,,3800 [3100-4600],3800,3100,4600,,2025-11-11T15:08:09Z,2009,2009-01-01,2009-12-31
8796939,TB_e_inc_num,COUNTRY,OMN,EMR,Eastern Mediterranean,YEAR,2024,,,,,,,,,600 [490-730],600,490,730,,2025-11-11T15:08:09Z,2024,2024-01-01,2024-12-31
8800686,TB_e_inc_num,COUNTRY,LBY,EMR,Eastern Mediterranean,YEAR,2009,,,,,,,,,3400 [2100-6300],3400,2100,6300,,2025-11-11T15:08:09Z,2009,2009-01-01,2009-12-31
8800859,TB_e_inc_num,COUNTRY,IDN,WPR,Western Pacific,YEAR,2013,,,,,,,,,850 000 [770 000-933 000],850000,770000,933000,,2025-11-11T15:08:09Z,2013,2013-01-01,2013-12-31
8801311,TB_e_inc_num,COUNTRY,WSM,WPR,Western Pacific,YEAR,2007,,,,,,,,,21 [17-25],21,17,25,,2025-11-11T15:08:09Z,2007,2007-01-01,2007-12-31
8802214,TB_e_inc_num,COUNTRY,USA,AMR,Americas,YEAR,2014,,,,,,,,,11 000 [8700-13 000],11000,8700,13000,,2025-11-11T15:08:09Z,2014,2014-01-01,2014-12-31
8802801,TB_e_inc_num,COUNTRY,GMB,AFR,Africa,YEAR,2012,,,,,,,,,3600 [2700-4700],3600,2700,4700,,2025-11-11T15:08:09Z,2012,2012-01-01,2012-12-31
8807690,TB_e_inc_num,COUNTRY,AZE,EUR,Europe,YEAR,2021,,,,,,,,,6900 [5500-8400],6900,5500,8400,,2025-11-11T15:08:09Z,2021,2021-01-01,2021-12-31
8807991,TB_e_inc_num,COUNTRY,NER,AFR,Africa,YEAR,2020,,,,,,,,,19 000 [12 000-37 000],19000,12000,37000,,2025-11-11T15:08:09Z,2020,2020-01-01,2020-12-31
8809181,TB_e_inc_num,COUNTRY,NAM,AFR,Africa,YEAR,2009,,,,,,,,,20 000 [9700-34 000],20000,9700,34000,,2025-11-11T15:08:09Z,2009,2009-01-01,2009-12-31
8809950,TB_e_inc_num,COUNTRY,SYC,AFR,Africa,YEAR,2019,,,,,,,,,14 [11-17],14,11,17,,2025-11-11T15:08:09Z,2019,2019-01-01,2019-12-31
8818761,TB_e_inc_num,COUNTRY,GHA,AFR,Africa,YEAR,2003,,,,,,,,,45 000 [14 000-91 000],45000,14000,91000,,2025-11-11T15:08:09Z,2003,2003-01-01,2003-12-31
8821406,TB_e_inc_num,COUNTRY,TCD,AFR,Africa,YEAR,2001,,,,,,,,,11 000 [5500-31 000],11000,5500,31000,,2025-11-11T15:08:09Z,2001,2001-01-01,2001-12-31
8821740,TB_e_inc_num,COUNTRY,IDN,WPR,Western Pacific,YEAR,2001,,,,,,,,,808 000 [724 000-897 000],808000,724000,897000,,2025-11-11T15:08:09Z,2001,2001-01-01,2001-12-31
8835021,TB_e_inc_num,COUNTRY,AFG,EMR,Eastern Mediterranean,YEAR,2013,,,,,,,,,61 000 [36 000-128 000],61000,36000,128000,,2025-11-11T15:08:09Z,2013,2013-01-01,2013-12-31
8838886,TB_e_inc_num,COUNTRY,MUS,AFR,Africa,YEAR,2020,,,,,,,,,160 [130-190],160,130,190,,2025-11-11T15:08:09Z,2020,2020-01-01,2020-12-31
8840092,TB_e_inc_num,COUNTRY,LTU,EUR,Europe,YEAR,2022,,,,,,,,,990 [800-1200],990,800,1200,,2025-11-11T15:08:09Z,2022,2022-01-01,2022-12-31
8840173,TB_e_inc_num,COUNTRY,MRT,AFR,Africa,YEAR,2008,,,,,,,,,5300 [3000-11 000],5300,3000,11000,,2025-11-11T15:08:09Z,2008,2008-01-01,2008-12-31
8840961,TB_e_inc_num,COUNTRY,AUT,EUR,Europe,YEAR,2008,,,,,,,,,960 [780-1200],960,780,1200,,2025-11-11T15:08:09Z,2008,2008-01-01,2008-12-31
8857861,TB_e_inc_num,COUNTRY,WSM,WPR,Western Pacific,YEAR,2014,,,,,,,,,23 [19-28],23,19,28,,2025-11-11T15:08:09Z,2014,2014-01-01,2014-12-31
8858668,TB_e_inc_num,COUNTRY,TUV,WPR,Western Pacific,YEAR,2018,,,,,,,,,27 [22-33],27,22,33,,2025-11-11T15:08:09Z,2018,2018-01-01,2018-12-31
8860040,TB_e_inc_num,COUNTRY,GMB,AFR,Africa,YEAR,2014,,,,,,,,,3800 [2700-5000],3800,2700,5000,,2025-11-11T15:08:09Z,2014,2014-01-01,2014-12-31
8863650,TB_e_inc_num,COUNTRY,MUS,AFR,Africa,YEAR,2016,,,,,,,,,190 [150-230],190,150,230,,2025-11-11T15:08:09Z,2016,2016-01-01,2016-12-31
8863773,TB_e_inc_num,COUNTRY,FSM,WPR,Western Pacific,YEAR,2007,,,,,,,,,380 [310-460],380,310,460,,2025-11-11T15:08:09Z,2007,2007-01-01,2007-12-31
8870398,TB_e_inc_num,COUNTRY,KGZ,EUR,Europe,YEAR,2003,,,,,,,,,15 000 [13 000-19 000],15000,13000,19000,,2025-11-11T15:08:09Z,2003,2003-01-01,2003-12-31
8871344,TB_e_inc_num,COUNTRY,VCT,AMR,Americas,YEAR,2005,,,,,,,,,7 [6-8],7,6,8,,2025-11-11T15:08:09Z,2005,2005-01-01,2005-12-31
8875937,TB_e_inc_num,COUNTRY,LCA,AMR,Americas,YEAR,2009,,,,,,,,,10 [8-12],10,8,12,,2025-11-11T15:08:09Z,2009,2009-01-01,2009-12-31
8876893,TB_e_inc_num,COUNTRY,THA,SEAR,South-East Asia,YEAR,2018,,,,,,,,,109 000 [82 000-140 000],109000,82000,140000,,2025-11-11T15:08:09Z,2018,2018-01-01,2018-12-31
8882973,TB_e_inc_num,COUNTRY,HTI,AMR,Americas,YEAR,2006,,,,,,,,,47 000 [39 000-57 000],47000,39000,57000,,2025-11-11T15:08:09Z,2006,2006-01-01,2006-12-31
8888271,TB_e_inc_num,COUNTRY,ROU,EUR,Europe,YEAR,2015,,,,,,,,,19 000 [15 000-22 000],19000,15000,22000,,2025-11-11T15:08:09Z,2015,2015-01-01,2015-12-31
8889107,TB_e_inc_num,COUNTRY,ARE,EMR,Eastern Mediterranean,YEAR,2024,,,,,,,,,70 [57-84],70,57,84,,2025-11-11T15:08:09Z,2024,2024-01-01,2024-12-31
8895835,TB_e_inc_num,COUNTRY,MYS,WPR,Western Pacific,YEAR,2011,,,,,,,,,30 000 [24 000-36 000],30000,24000,36000,,2025-11-11T15:08:09Z,2011,2011-01-01,2011-12-31
8897789,TB_e_inc_num,COUNTRY,BHR,EMR,Eastern Mediterranean,YEAR,2014,,,,,,,,,280 [230-340],280,230,340,,2025-11-11T15:08:09Z,2014,2014-01-01,2014-12-31
8902595,TB_e_inc_num,COUNTRY,AFG,EMR,Eastern Mediterranean,YEAR,2010,,,,,,,,,62 000 [35 000-136 000],62000,35000,136000,,2025-11-11T15:08:09Z,2010,2010-01-01,2010-12-31
8907624,TB_e_inc_num,COUNTRY,GAB,AFR,Africa,YEAR,2002,,,,,,,,,4600 [2600-10 000],4600,2600,10000,,2025-11-11T15:08:09Z,2002,2002-01-01,2002-12-31
8914094,TB_e_inc_num,COUNTRY,JOR,EMR,Eastern Mediterranean,YEAR,2016,,,,,,,,,610 [490-730],610,490,730,,2025-11-11T15:08:09Z,2016,2016-01-01,2016-12-31
8920298,TB_e_inc_num,COUNTRY,ISR,EUR,Europe,YEAR,2003,,,,,,,,,650 [530-780],650,530,780,,2025-11-11T15:08:09Z,2003,2003-01-01,2003-12-31
8920370,TB_e_inc_num,COUNTRY,LTU,EUR,Europe,YEAR,2004,,,,,,,,,4200 [3400-5100],4200,3400,5100,,2025-11-11T15:08:09Z,2004,2004-01-01,2004-12-31
8920457,TB_e_inc_num,COUNTRY,MLI,AFR,Africa,YEAR,2022,,,,,,,,,12 000 [7500-23 000],12000,7500,23000,,2025-11-11T15:08:09Z,2022,2022-01-01,2022-12-31
8927460,TB_e_inc_num,COUNTRY,YEM,EMR,Eastern Mediterranean,YEAR,2020,,,,,,,,,12 000 [10 000-14 000],12000,10000,14000,,2025-11-11T15:08:09Z,2020,2020-01-01,2020-12-31
8929714,TB_e_inc_num,COUNTRY,SVK,EUR,Europe,YEAR,2019,,,,,,,,,260 [210-320],260,210,320,,2025-11-11T15:08:09Z,2019,2019-01-01,2019-12-31
8934260,TB_e_inc_num,COUNTRY,URY,AMR,Americas,YEAR,2024,,,,,,,,,1600 [1300-1900],1600,1300,1900,,2025-11-11T15:08:09Z,2024,2024-01-01,2024-12-31
8939655,TB_e_inc_num,COUNTRY,TUV,WPR,Western Pacific,YEAR,2012,,,,,,,,,19 [15-23],19,15,23,,2025-11-11T15:08:09Z,2012,2012-01-01,2012-12-31
8939724,TB_e_inc_num,COUNTRY,GUY,AMR,Americas,YEAR,2007,,,,,,,,,1000 [820-1200],1000,820,1200,,2025-11-11T15:08:09Z,2007,2007-01-01,2007-12-31
8940616,TB_e_inc_num,COUNTRY,MNE,EUR,Europe,YEAR,2016,,,,,,,,,130 [100-150],130,100,150,,2025-11-11T15:08:09Z,2016,2016-01-01,2016-12-31
8946914,TB_e_inc_num,COUNTRY,USA,AMR,Americas,YEAR,2008,,,,,,,,,16 000 [13 000-19 000],16000,13000,19000,,2025-11-11T15:08:09Z,2008,2008-01-01,2008-12-31
8948892,TB_e_inc_num,COUNTRY,COG,AFR,Africa,YEAR,2017,,,,,,,,,17 000 [10 000-34 000],17000,10000,34000,,2025-11-11T15:08:09Z,2017,2017-01-01,2017-12-31
8951885,TB_e_inc_num,COUNTRY,TKM,EUR,Europe,YEAR,2000,,,,,,,,,8900 [7200-11 000],8900,7200,11000,,2025-11-11T15:08:09Z,2000,2000-01-01,2000-12-31
8953618,TB_e_inc_num,COUNTRY,COM,AFR,Africa,YEAR,2024,,,,,,,,,190 [110-360],190,110,360,,2025-11-11T15:08:09Z,2024,2024-01-01,2024-12-31
8953932,TB_e_inc_num,COUNTRY,GNQ,AFR,Africa,YEAR,2000,,,,,,,,,2300 [1400-4400],2300,1400,4400,,2025-11-11T15:08:09Z,2000,2000-01-01,2000-12-31
8955310,TB_e_inc_num,COUNTRY,MOZ,AFR,Africa,YEAR,2005,,,,,,,,,70 000 [44 000-101 000],70000,44000,101000,,2025-11-11T15:08:09Z,2005,2005-01-01,2005-12-31
8973204,TB_e_inc_num,COUNTRY,BRN,WPR,Western Pacific,YEAR,2001,,,,,,,,,490 [400-590],490,400,590,,2025-11-11T15:08:09Z,2001,2001-01-01,2001-12-31
8978828,TB_e_inc_num,COUNTRY,BTN,SEAR,South-East Asia,YEAR,2007,,,,,,,,,3000 [2400-3600],3000,2400,3600,,2025-11-11T15:08:09Z,2007,2007-01-01,2007-12-31
8993155,TB_e_inc_num,COUNTRY,GHA,AFR,Africa,YEAR,2023,,,,,,,,,44 000 [19 000-78 000],44000,19000,78000,,2025-11-11T15:08:09Z,2023,2023-01-01,2023-12-31
8996059,TB_e_inc_num,COUNTRY,RWA,AFR,Africa,YEAR,2014,,,,,,,,,7700 [5400-10 000],7700,5400,10000,,2025-11-11T15:08:09Z,2014,2014-01-01,2014-12-31
8997768,TB_e_inc_num,COUNTRY,SMR,EUR,Europe,YEAR,2003,,,,,,,,,1 [1-1],1,1,1,,2025-11-11T15:08:09Z,2003,2003-01-01,2003-12-31
9002528,TB_e_inc_num,COUNTRY,UZB,EUR,Europe,YEAR,2019,,,,,,,,,22 000 [18 000-26 000],22000,18000,26000,,2025-11-11T15:08:09Z,2019,2019-01-01,2019-12-31
9003185,TB_e_inc_num,COUNTRY,UZB,EUR,Europe,YEAR,2001,,,,,,,,,41 000 [33 000-49 000],41000,33000,49000,,2025-11-11T15:08:09Z,2001,2001-01-01,2001-12-31
9003246,TB_e_inc_num,COUNTRY,KAZ,EUR,Europe,YEAR,2012,,,,,,,,,18 000 [15 000-22 000],18000,15000,22000,,2025-11-11T15:08:09Z,2012,2012-01-01,2012-12-31
9003337,TB_e_inc_num,COUNTRY,YEM,EMR,Eastern Mediterranean,YEAR,2019,,,,,,,,,14 000 [12 000-16 000],14000,12000,16000,,2025-11-11T15:08:09Z,2019,2019-01-01,2019-12-31
9010998,TB_e_inc_num,COUNTRY,MAR,EMR,Eastern Mediterranean,YEAR,2004,,,,,,,,,29 000 [24 000-35 000],29000,24000,35000,,2025-11-11T15:08:09Z,2004,2004-01-01,2004-12-31
9016803,TB_e_inc_num,COUNTRY,ISR,EUR,Europe,YEAR,2001,,,,,,,,,720 [590-870],720,590,870,,2025-11-11T15:08:09Z,2001,2001-01-01,2001-12-31
9018414,TB_e_inc_num,COUNTRY,VUT,WPR,Western Pacific,YEAR,2006,,,,,,,,,310 [150-860],310,150,860,,2025-11-11T15:08:09Z,2006,2006-01-01,2006-12-31
9028870,TB_e_inc_num,COUNTRY,LCA,AMR,Americas,YEAR,2001,,,,,,,,,15 [12-18],15,12,18,,2025-11-11T15:08:09Z,2001,2001-01-01,2001-12-31
9029433,TB_e_inc_num,COUNTRY,GAB,AFR,Africa,YEAR,2007,,,,,,,,,6300 [3800-12 000],6300,3800,12000,,2025-11-11T15:08:09Z,2007,2007-01-01,2007-12-31
9030821,TB_e_inc_num,COUNTRY,MDG,AFR,Africa,YEAR,2018,,,,,,,,,59 000 [35 000-116 000],59000,35000,116000,,2025-11-11T15:08:09Z,2018,2018-01-01,2018-12-31
9031594,TB_e_inc_num,COUNTRY,COM,AFR,Africa,YEAR,2013,,,,,,,,,290 [170-600],290,170,600,,2025-11-11T15:08:09Z,2013,2013-01-01,2013-12-31
9034241,TB_e_inc_num,COUNTRY,ALB,EUR,Europe,YEAR,2024,,,,,,,,,410 [320-510],410,320,510,,2025-11-11T15:08:09Z,2024,2024-01-01,2024-12-31
9036002,TB_e_inc_num,COUNTRY,GNB,AFR,Africa,YEAR,2015,,,,,,,,,3700 [2200-7700],3700,2200,7700,,2025-11-11T15:08:09Z,2015,2015-01-01,2015-12-31
9037667,TB_e_inc_num,COUNTRY,FSM,WPR,Western Pacific,YEAR,2022,,,,,,,,,100 [83-120],100,83,120,,2025-11-11T15:08:09Z,2022,2022-01-01,2022-12-31
9040454,TB_e_inc_num,COUNTRY,HRV,EUR,Europe,YEAR,2015,,,,,,,,,630 [510-760],630,510,760,,2025-11-11T15:08:09Z,2015,2015-01-01,2015-12-31
9040627,TB_e_inc_num,COUNTRY,GIN,AFR,Africa,YEAR,2000,,,,,,,,,10 000 [5000-29 000],10000,5000,29000,,2025-11-11T15:08:09Z,2000,2000-01-01,2000-12-31
9046880,TB_e_inc_num,REGION,WPR,,,YEAR,2012,,,,,,,,,2 840 000 [2 490 000-3 210 000],2840000,2490000,3210000,,2025-11-11T15:08:09Z,2012,2012-01-01,2012-12-31
9048052,TB_e_inc_num,COUNTRY,VNM,WPR,Western Pacific,YEAR,2002,,,,,,,,,224 000 [79 000-444 000],224000,79000,444000,,2025-11-11T15:08:09Z,2002,2002-01-01,2002-12-31
9049599,TB_e_inc_num,COUNTRY,URY,AMR,Americas,YEAR,2009,,,,,,,,,960 [780-1200],960,780,1200,,2025-11-11T15:08:09Z,2009,2009-01-01,2009-12-31
9049848,TB_e_inc_num,COUNTRY,NIC,AMR,Americas,YEAR,2019,,,,,,,,,3100 [2600-3800],3100,2600,3800,,2025-11-11T15:08:09Z,2019,2019-01-01,2019-12-31
9053932,TB_e_inc_num,COUNTRY,MUS,AFR,Africa,YEAR,2009,,,,,,,,,220 [180-270],220,180,270,,2025-11-11T15:08:09Z,2009,2009-01-01,2009-12-31
9055349,TB_e_inc_num,COUNTRY,QAT,EMR,Eastern Mediterranean,YEAR,2019,,,,,,,,,1200 [950-1400],1200,950,1400,,2025-11-11T15:08:09Z,2019,2019-01-01,2019-12-31
9055699,TB_e_inc_num,COUNTRY,ISR,EUR,Europe,YEAR,2024,,,,,,,,,230 [190-280],230,190,280,,2025-11-11T15:08:09Z,2024,2024-01-01,2024-12-31
9061039,TB_e_inc_num,COUNTRY,SMR,EUR,Europe,YEAR,2023,,,,,,,,,0 [0-0],0,0,0,,2025-11-11T15:08:09Z,2023,2023-01-01,2023-12-31
9062503,TB_e_inc_num,COUNTRY,ARM,EUR,Europe,YEAR,2019,,,,,,,,,910 [740-1100],910,740,1100,,2025-11-11T15:08:09Z,2019,2019-01-01,2019-12-31
9066284,TB_e_inc_num,COUNTRY,KNA,AMR,Americas,YEAR,2001,,,,,,,,,2 [2-2],2,2,2,,2025-11-11T15:08:09Z,2001,2001-01-01,2001-12-31
9067130,TB_e_inc_num,COUNTRY,PSE,EMR,Eastern Mediterranean,YEAR,2003,,,,,,,,,71 [58-86],71,58,86,,2025-11-11T15:08:09Z,2003,2003-01-01,2003-12-31
9074876,TB_e_inc_num,WORLDBANKINCOMEGROUP,WB_LMI,,,YEAR,2018,,,,,,,,,6 330 000 [5 790 000-6 900 000],6330000,5790000,6900000,,2025-11-11T15:08:09Z,2018,2018-01-01,2018-12-31
9075715,TB_e_inc_num,COUNTRY,SVN,EUR,Europe,YEAR,2001,,,,,,,,,520 [420-620],520,420,620,,2025-11-11T15:08:09Z,2001,2001-01-01,2001-12-31
9079437,TB_e_inc_num,COUNTRY,CAF,AFR,Africa,YEAR,2013,,,,,,,,,24 000 [15 000-46 000],24000,15000,46000,,2025-11-11T15:08:09Z,2013,2013-01-01,2013-12-31
9079772,TB_e_inc_num,COUNTRY,TZA,AFR,Africa,YEAR,2007,,,,,,,,,204 000 [52 000-458 000],204000,52000,458000,,2025-11-11T15:08:09Z,2007,2007-01-01,2007-12-31
9085894,TB_e_inc_num,COUNTRY,ZAF,AFR,Africa,YEAR,2000,,,,,,,,,360 000 [196 000-571 000],360000,196000,571000,,2025-11-11T15:08:09Z,2000,2000-01-01,2000-12-31
9086059,TB_e_inc_num,COUNTRY,AFG,EMR,Eastern Mediterranean,YEAR,2014,,,,,,,,,65 000 [38 000-131 000],65000,38000,131000,,2025-11-11T15:08:09Z,2014,2014-01-01,2014-12-31
9086387,TB_e_inc_num,COUNTRY,CHL,AMR,Americas,YEAR,2003,,,,,,,,,3400 [2800-4100],3400,2800,4100,,2025-11-11T15:08:09Z,2003,2003-01-01,2003-12-31
9091300,TB_e_inc_num,COUNTRY,PER,AMR,Americas,YEAR,2024,,,,,,,,,48 000 [37 000-75 000],48000,37000,75000,,2025-11-11T15:08:09Z,2024,2024-01-01,2024-12-31
9092890,TB_e_inc_num,COUNTRY,MDV,SEAR,South-East Asia,YEAR,2009,,,,,,,,,200 [160-240],200,160,240,,2025-11-11T15:08:09Z,2009,2009-01-01,2009-12-31
9094468,TB_e_inc_num,COUNTRY,CAF,AFR,Africa,YEAR,2018,,,,,,,,,23 000 [14 000-43 000],23000,14000,43000,,2025-11-11T15:08:09Z,2018,2018-01-01,2018-12-31
9104172,TB_e_inc_num,COUNTRY,OMN,EMR,Eastern Mediterranean,YEAR,2019,,,,,,,,,530 [430-640],530,430,640,,2025-11-11T15:08:09Z,2019,2019-01-01,2019-12-31
9104479,TB_e_inc_num,COUNTRY,MDG,AFR,Africa,YEAR,2014,,,,,,,,,55 000 [32 000-118 000],55000,32000,118000,,2025-11-11T15:08:09Z,2014,2014-01-01,2014-12-31
9104670,TB_e_inc_num,REGION,AMR,,,YEAR,2003,,,,,,,,,410 000 [382 000-438 000],410000,382000,438000,,2025-11-11T15:08:09Z,2003,2003-01-01,2003-12-31
9104746,TB_e_inc_num,COUNTRY,ATG,AMR,Americas,YEAR,2000,,,,,,,,,4 [3-5],4,3,5,,2025-11-11T15:08:09Z,2000,2000-01-01,2000-12-31
9112062,TB_e_inc_num,COUNTRY,LTU,EUR,Europe,YEAR,2012,,,,,,,,,2700 [2200-3300],2700,2200,3300,,2025-11-11T15:08:09Z,2012,2012-01-01,2012-12-31
9120435,TB_e_inc_num,COUNTRY,MLI,AFR,Africa,YEAR,2021,,,,,,,,,12 000 [7500-23 000],12000,7500,23000,,2025-11-11T15:08:09Z,2021,2021-01-01,2021-12-31
9123487,TB_e_inc_num,COUNTRY,CMR,AFR,Africa,YEAR,2007,,,,,,,,,50 000 [29 000-108 000],50000,29000,108000,,2025-11-11T15:08:09Z,2007,2007-01-01,2007-12-31
9123997,TB_e_inc_num,COUNTRY,LUX,EUR,Europe,YEAR,2017,,,,,,,,,38 [31-46],38,31,46,,2025-11-11T15:08:09Z,2017,2017-01-01,2017-12-31
9124353,TB_e_inc_num,COUNTRY,PLW,WPR,Western Pacific,YEAR,2017,,,,,,,,,20 [16-24],20,16,24,,2025-11-11T15:08:09Z,2017,2017-01-01,2017-12-31
9125492,TB_e_inc_num,COUNTRY,BLR,EUR,Europe,YEAR,2013,,,,,,,,,6300 [5100-7600],6300,5100,7600,,2025-11-11T15:08:09Z,2013,2013-01-01,2013-12-31
9129993,TB_e_inc_num,COUNTRY,KIR,WPR,Western Pacific,YEAR,2005,,,,,,,,,1300 [1000-1500],1300,1000,1500,,2025-11-11T15:08:09Z,2005,2005-01-01,2005-12-31
9130954,TB_e_inc_num,COUNTRY,SYC,AFR,Africa,YEAR,2004,,,,,,,,,18 [15-22],18,15,22,,2025-11-11T15:08:09Z,2004,2004-01-01,2004-12-31
9131864,TB_e_inc_num,COUNTRY,BTN,SEAR,South-East Asia,YEAR,2009,,,,,,,,,3000 [2400-3600],3000,2400,3600,,2025-11-11T15:08:09Z,2009,2009-01-01,2009-12-31
9132579,TB_e_inc_num,COUNTRY,MHL,WPR,Western Pacific,YEAR,2022,,,,,,,,,170 [140-210],170,140,210,,2025-11-11T15:08:09Z,2022,2022-01-01,2022-12-31
9133161,TB_e_inc_num,COUNTRY,MRT,AFR,Africa,YEAR,2024,,,,,,,,,3400 [2100-6500],3400,2100,6500,,2025-11-11T15:08:09Z,2024,2024-01-01,2024-12-31
9137258,TB_e_inc_num,COUNTRY,KHM,WPR,Western Pacific,YEAR,2001,,,,,,,,,103 000 [73 000-141 000],103000,73000,141000,,2025-11-11T15:08:09Z,2001,2001-01-01,2001-12-31
9138503,TB_e_inc_num,COUNTRY,GHA,AFR,Africa,YEAR,2015,,,,,,,,,46 000 [20 000-82 000],46000,20000,82000,,2025-11-11T15:08:09Z,2015,2015-01-01,2015-12-31
9138668,TB_e_inc_num,COUNTRY,AND,EUR,Europe,YEAR,2012,,,,,,,,,9 [7-11],9,7,11,,2025-11-11T15:08:09Z,2012,2012-01-01,2012-12-31
9149195,TB_e_inc_num,COUNTRY,LUX,EUR,Europe,YEAR,2013,,,,,,,,,47 [38-57],47,38,57,,2025-11-11T15:08:09Z,2013,2013-01-01,2013-12-31
9157196,TB_e_inc_num,COUNTRY,CIV,AFR,Africa,YEAR,2022,,,,,,,,,33 000 [20 000-62 000],33000,20000,62000,,2025-11-11T15:08:09Z,2022,2022-01-01,2022-12-31
9157694,TB_e_inc_num,COUNTRY,LCA,AMR,Americas,YEAR,2021,,,,,,,,,4 [3-5],4,3,5,,2025-11-11T15:08:09Z,2021,2021-01-01,2021-12-31
9161006,TB_e_inc_num,COUNTRY,MWI,AFR,Africa,YEAR,2000,,,,,,,,,44 000 [4800-124 000],44000,4800,124000,,2025-11-11T15:08:09Z,2000,2000-01-01,2000-12-31
9161872,TB_e_inc_num,COUNTRY,SWZ,AFR,Africa,YEAR,2011,,,,,,,,,15 000 [1300-43 000],15000,1300,43000,,2025-11-11T15:08:09Z,2011,2011-01-01,2011-12-31
9167727,TB_e_inc_num,COUNTRY,UZB,EUR,Europe,YEAR,2008,,,,,,,,,35 000 [28 000-42 000],35000,28000,42000,,2025-11-11T15:08:09Z,2008,2008-01-01,2008-12-31
9168948,TB_e_inc_num,COUNTRY,COM,AFR,Africa,YEAR,2003,,,,,,,,,260 [150-580],260,150,580,,2025-11-11T15:08:09Z,2003,2003-01-01,2003-12-31
9169671,TB_e_inc_num,COUNTRY,DMA,AMR,Americas,YEAR,2001,,,,,,,,,4 [3-4],4,3,4,,2025-11-11T15:08:09Z,2001,2001-01-01,2001-12-31
9170122,TB_e_inc_num,COUNTRY,IRL,EUR,Europe,YEAR,2008,,,,,,,,,570 [460-690],570,460,690,,2025-11-11T15:08:09Z,2008,2008-01-01,2008-12-31
9175026,TB_e_inc_num,COUNTRY,YEM,EMR,Eastern Mediterranean,YEAR,2008,,,,,,,,,11 000 [9500-13 000],11000,9500,13000,,2025-11-11T15:08:09Z,2008,2008-01-01,2008-12-31
9176282,TB_e_inc_num,COUNTRY,LVA,EUR,Europe,YEAR,2008,,,,,,,,,1900 [1500-2300],1900,1500,2300,,2025-11-11T15:08:09Z,2008,2008-01-01,2008-12-31
9176622,TB_e_inc_num,COUNTRY,SUR,AMR,Americas,YEAR,2021,,,,,,,,,140 [120-170],140,120,170,,2025-11-11T15:08:09Z,2021,2021-01-01,2021-12-31
9181881,TB_e_inc_num,COUNTRY,GUY,AMR,Americas,YEAR,2015,,,,,,,,,770 [630-930],770,630,930,,2025-11-11T15:08:09Z,2015,2015-01-01,2015-12-31
9183154,TB_e_inc_num,COUNTRY,SAU,EMR,Eastern Mediterranean,YEAR,2005,,,,,,,,,3900 [3500-4300],3900,3500,4300,,2025-11-11T15:08:09Z,2005,2005-01-01,2005-12-31
9189089,TB_e_inc_num,REGION,SEAR,,,YEAR,2022,,,,,,,,,3 730 000 [3 300 000-4 190 000],3730000,3300000,4190000,,2025-11-11T15:08:09Z,2022,2022-01-01,2022-12-31
9193230,TB_e_inc_num,COUNTRY,GUY,AMR,Americas,YEAR,2017,,,,,,,,,690 [560-830],690,560,830,,2025-11-11T15:08:09Z,2017,2017-01-01,2017-12-31
9199346,TB_e_inc_num,COUNTRY,GNB,AFR,Africa,YEAR,2005,,,,,,,,,3900 [2200-9000],3900,2200,9000,,2025-11-11T15:08:09Z,2005,2005-01-01,2005-12-31
9201715,TB_e_inc_num,COUNTRY,KHM,WPR,Western Pacific,YEAR,2015,,,,,,,,,53 000 [39 000-71 000],53000,39000,71000,,2025-11-11T15:08:09Z,2015,2015-01-01,2015-12-31
9202000,TB_e_inc_num,COUNTRY,MDV,SEAR,South-East Asia,YEAR,2023,,,,,,,,,190 [150-230],190,150,230,,2025-11-11T15:08:09Z,2023,2023-01-01,2023-12-31
9205463,TB_e_inc_num,COUNTRY,NZL,WPR,Western Pacific,YEAR,2009,,,,,,,,,370 [300-450],370,300,450,,2025-11-11T15:08:09Z,2009,2009-01-01,2009-12-31
9206078,TB_e_inc_num,COUNTRY,GTM,AMR,Americas,YEAR,2002,,,,,,,,,3300 [2700-3900],3300,2700,3900,,2025-11-11T15:08:09Z,2002,2002-01-01,2002-12-31
9208130,TB_e_inc_num,REGION,AFR,,,YEAR,2019,,,,,,,,,2 660 000 [2 300 000-3 050 000],2660000,2300000,3050000,,2025-11-11T15:08:09Z,2019,2019-01-01,2019-12-31
9212156,TB_e_inc_num,COUNTRY,DNK,EUR,Europe,YEAR,2012,,,,,,,,,440 [360-530],440,360,530,,2025-11-11T15:08:09Z,2012,2012-01-01,2012-12-31
9215461,TB_e_inc_num,WORLDBANKINCOMEGROUP,WB_HI,,,YEAR,2012,,,,,,,,,311 000 [247 000-382 000],311000,247000,382000,,2025-11-11T15:08:09Z,2012,2012-01-01,2012-12-31
9220119,TB_e_inc_num,REGION,AFR,,,YEAR,2009,,,,,,,,,3 030 000 [2 480 000-3 630 000],3030000,2480000,3630000,,2025-11-11T15:08:09Z,2009,2009-01-01,2009-12-31
9221583,TB_e_inc_num,COUNTRY,CRI,AMR,Americas,YEAR,2021,,,,,,,,,500 [400-610],500,400,610,,2025-11-11T15:08:09Z,2021,2021-01-01,2021-12-31
9225097,TB_e_inc_num,COUNTRY,TGO,AFR,Africa,YEAR,2002,,,,,,,,,3700 [2000-9300],3700,2000,9300,,2025-11-11T15:08:09Z,2002,2002-01-01,2002-12-31
9226890,TB_e_inc_num,COUNTRY,BHR,EMR,Eastern Mediterranean,YEAR,2011,,,,,,,,,340 [280-420],340,280,420,,2025-11-11T15:08:09Z,2011,2011-01-01,2011-12-31
9227072,TB_e_inc_num,COUNTRY,GRC,EUR,Europe,YEAR,2004,,,,,,,,,1000 [850-1300],1000,850,1300,,2025-11-11T15:08:09Z,2004,2004-01-01,2004-12-31
9236914,TB_e_inc_num,COUNTRY,SVK,EUR,Europe,YEAR,2001,,,,,,,,,1600 [1300-2000],1600,1300,2000,,2025-11-11T15:08:09Z,2001,2001-01-01,2001-12-31
9238226,TB_e_inc_num,COUNTRY,STP,AFR,Africa,YEAR,2021,,,,,,,,,130 [110-160],130,110,160,,2025-11-11T15:08:09Z,2021,2021-01-01,2021-12-31
9259134,TB_e_inc_num,COUNTRY,LBN,EMR,Eastern Mediterranean,YEAR,2017,,,,,,,,,860 [700-1000],860,700,1000,,2025-11-11T15:08:09Z,2017,2017-01-01,2017-12-31
9259362,TB_e_inc_num,COUNTRY,SLE,AFR,Africa,YEAR,2004,,,,,,,,,30 000 [18 000-57 000],30000,18000,57000,,2025-11-11T15:08:09Z,2004,2004-01-01,2004-12-31
9259597,TB_e_inc_num,COUNTRY,SVK,EUR,Europe,YEAR,2011,,,,,,,,,510 [410-610],510,410,610,,2025-11-11T15:08:09Z,2011,2011-01-01,2011-12-31
9262979,TB_e_inc_num,COUNTRY,MDA,EUR,Europe,YEAR,2010,,,,,,,,,4200 [3400-5000],4200,3400,5000,,2025-11-11T15:08:09Z,2010,2010-01-01,2010-12-31
9263152,TB_e_inc_num,COUNTRY,AUT,EUR,Europe,YEAR,2009,,,,,,,,,830 [680-1000],830,680,1000,,2025-11-11T15:08:09Z,2009,2009-01-01,2009-12-31
9264807,TB_e_inc_num,COUNTRY,NOR,EUR,Europe,YEAR,2006,,,,,,,,,340 [280-410],340,280,410,,2025-11-11T15:08:09Z,2006,2006-01-01,2006-12-31
9275136,TB_e_inc_num,COUNTRY,QAT,EMR,Eastern Mediterranean,YEAR,2016,,,,,,,,,710 [580-860],710,580,860,,2025-11-11T15:08:09Z,2016,2016-01-01,2016-12-31
9276133,TB_e_inc_num,COUNTRY,IRQ,EMR,Eastern Mediterranean,YEAR,2022,,,,,,,,,10 000 [8100-12 000],10000,8100,12000,,2025-11-11T15:08:09Z,2022,2022-01-01,2022-12-31
9276134,TB_e_inc_num,COUNTRY,UZB,EUR,Europe,YEAR,2021,,,,,,,,,21 000 [17 000-25 000],21000,17000,25000,,2025-11-11T15:08:09Z,2021,2021-01-01,2021-12-31
9278360,TB_e_inc_num,COUNTRY,NLD,EUR,Europe,YEAR,2014,,,,,,,,,940 [800-1100],940,800,1100,,2025-11-11T15:08:09Z,2014,2014-01-01,2014-12-31
9278694,TB_e_inc_num,COUNTRY,OMN,EMR,Eastern Mediterranean,YEAR,2009,,,,,,,,,520 [430-630],520,430,630,,2025-11-11T15:08:09Z,2009,2009-01-01,2009-12-31
9282835,TB_e_inc_num,COUNTRY,SLV,AMR,Americas,YEAR,2008,,,,,,,,,2600 [2100-3100],2600,2100,3100,,2025-11-11T15:08:09Z,2008,2008-01-01,2008-12-31
9283561,TB_e_inc_num,COUNTRY,ECU,AMR,Americas,YEAR,2013,,,,,,,,,7500 [6100-9000],7500,6100,9000,,2025-11-11T15:08:09Z,2013,2013-01-01,2013-12-31
9284850,TB_e_inc_num,COUNTRY,ARM,EUR,Europe,YEAR,2013,,,,,,,,,2300 [1900-2800],2300,1900,2800,,2025-11-11T15:08:09Z,2013,2013-01-01,2013-12-31
9290396,TB_e_inc_num,WORLDBANKINCOMEGROUP,WB_LMI,,,YEAR,2006,,,,,,,,,7 110 000 [4 490 000-10 300 000],7110000,4490000,10300000,,2025-11-11T15:08:09Z,2006,2006-01-01,2006-12-31
9294234,TB_e_inc_num,COUNTRY,MNG,WPR,Western Pacific,YEAR,2011,,,,,,,,,12 000 [6000-19 000],12000,6000,19000,,2025-11-11T15:08:09Z,2011,2011-01-01,2011-12-31
9294618,TB_e_inc_num,COUNTRY,AZE,EUR,Europe,YEAR,2008,,,,,,,,,20 000 [16 000-24 000],20000,16000,24000,,2025-11-11T15:08:09Z,2008,2008-01-01,2008-12-31
9295544,TB_e_inc_num,COUNTRY,NZL,WPR,Western Pacific,YEAR,2019,,,,,,,,,370 [300-440],370,300,440,,2025-11-11T15:08:09Z,2019,2019-01-01,2019-12-31
9295754,TB_e_inc_num,COUNTRY,JPN,WPR,Western Pacific,YEAR,2006,,,,,,,,,34 000 [28 000-41 000],34000,28000,41000,,2025-11-11T15:08:09Z,2006,2006-01-01,2006-12-31
9295883,TB_e_inc_num,COUNTRY,LBY,EMR,Eastern Mediterranean,YEAR,2016,,,,,,,,,2200 [1300-4000],2200,1300,4000,,2025-11-11T15:08:09Z,2016,2016-01-01,2016-12-31
9302684,TB_e_inc_num,COUNTRY,ESP,EUR,Europe,YEAR,2011,,,,,,,,,8100 [6600-9800],8100,6600,9800,,2025-11-11T15:08:09Z,2011,2011-01-01,2011-12-31
9303601,TB_e_inc_num,COUNTRY,SLE,AFR,Africa,YEAR,2005,,,,,,,,,30 000 [18 000-58 000],30000,18000,58000,,2025-11-11T15:08:09Z,2005,2005-01-01,2005-12-31
9307135,TB_e_inc_num,COUNTRY,SLV,AMR,Americas,YEAR,2011,,,,,,,,,2600 [2100-3200],2600,2100,3200,,2025-11-11T15:08:09Z,2011,2011-01-01,2011-12-31
9309832,TB_e_inc_num,COUNTRY,ECU,AMR,Americas,YEAR,2007,,,,,,,,,8600 [7000-10 000],8600,7000,10000,,2025-11-11T15:08:09Z,2007,2007-01-01,2007-12-31
9313695,TB_e_inc_num,COUNTRY,ETH,AFR,Africa,YEAR,2004,,,,,,,,,296 000 [163 000-466 000],296000,163000,466000,,2025-11-11T15:08:09Z,2004,2004-01-01,2004-12-31
9316425,TB_e_inc_num,COUNTRY,NLD,EUR,Europe,YEAR,2018,,,,,,,,,910 [780-1100],910,780,1100,,2025-11-11T15:08:09Z,2018,2018-01-01,2018-12-31
9322059,TB_e_inc_num,COUNTRY,MAC,,,YEAR,2019,,,,,,,,,560 [460-680],560,460,680,,2025-11-11T15:08:09Z,2019,2019-01-01,2019-12-31
9329545,TB_e_inc_num,COUNTRY,GNQ,AFR,Africa,YEAR,2012,,,,,,,,,3300 [2000-6400],3300,2000,6400,,2025-11-11T15:08:09Z,2012,2012-01-01,2012-12-31
9332946,TB_e_inc_num,COUNTRY,LKA,SEAR,South-East Asia,YEAR,2012,,,,,,,,,17 000 [10 000-34 000],17000,10000,34000,,2025-11-11T15:08:09Z,2012,2012-01-01,2012-12-31
9334922,TB_e_inc_num,COUNTRY,RUS,EUR,Europe,YEAR,2022,,,,,,,,,56 000 [31 000-88 000],56000,31000,88000,,2025-11-11T15:08:09Z,2022,2022-01-01,2022-12-31
9339537,TB_e_inc_num,COUNTRY,SAU,EMR,Eastern Mediterranean,YEAR,2019,,,,,,,,,3200 [2900-3600],3200,2900,3600,,2025-11-11T15:08:09Z,2019,2019-01-01,2019-12-31
9359956,TB_e_inc_num,COUNTRY,COM,AFR,Africa,YEAR,2000,,,,,,,,,270 [150-690],270,150,690,,2025-11-11T15:08:09Z,2000,2000-01-01,2000-12-31
9361250,TB_e_inc_num,COUNTRY,ETH,AFR,Africa,YEAR,2019,,,,,,,,,188 000 [89 000-324 000],188000,89000,324000,,2025-11-11T15:08:09Z,2019,2019-01-01,2019-12-31
9364661,TB_e_inc_num,COUNTRY,ERI,AFR,Africa,YEAR,2010,,,,,,,,,7600 [6200-9200],7600,6200,9200,,2025-11-11T15:08:09Z,2010,2010-01-01,2010-12-31
9366152,TB_e_inc_num,COUNTRY,BFA,AFR,Africa,YEAR,2021,,,,,,,,,13 000 [8200-26 000],13000,8200,26000,,2025-11-11T15:08:09Z,2021,2021-01-01,2021-12-31
9377255,TB_e_inc_num,COUNTRY,AZE,EUR,Europe,YEAR,2012,,,,,,,,,13 000 [10 000-15 000],13000,10000,15000,,2025-11-11T15:08:09Z,2012,2012-01-01,2012-12-31
9377437,TB_e_inc_num,COUNTRY,PLW,WPR,Western Pacific,YEAR,2012,,,,,,,,,4 [3-5],4,3,5,,2025-11-11T15:08:09Z,2012,2012-01-01,2012-12-31
9379095,TB_e_inc_num,COUNTRY,COK,WPR,Western Pacific,YEAR,2001,,,,,,,,,2 [2-2],2,2,2,,2025-11-11T15:08:09Z,2001,2001-01-01,2001-12-31
9389555,TB_e_inc_num,COUNTRY,PSE,EMR,Eastern Mediterranean,YEAR,2004,,,,,,,,,44 [36-53],44,36,53,,2025-11-11T15:08:09Z,2004,2004-01-01,2004-12-31
9390935,TB_e_inc_num,COUNTRY,SUR,AMR,Americas,YEAR,2020,,,,,,,,,160 [130-190],160,130,190,,2025-11-11T15:08:09Z,2020,2020-01-01,2020-12-31
9392481,TB_e_inc_num,COUNTRY,KWT,EMR,Eastern Mediterranean,YEAR,2024,,,,,,,,,520 [420-620],520,420,620,,2025-11-11T15:08:09Z,2024,2024-01-01,2024-12-31
9396760,TB_e_inc_num,COUNTRY,TUN,EMR,Eastern Mediterranean,YEAR,2009,,,,,,,,,3800 [3100-4600],3800,3100,4600,,2025-11-11T15:08:09Z,2009,2009-01-01,2009-12-31
9396894,TB_e_inc_num,COUNTRY,HRV,EUR,Europe,YEAR,2021,,,,,,,,,190 [160-230],190,160,230,,2025-11-11T15:08:09Z,2021,2021-01-01,2021-12-31
9402410,TB_e_inc_num,COUNTRY,SOM,EMR,Eastern Mediterranean,YEAR,2014,,,,,,,,,25 000 [15 000-52 000],25000,15000,52000,,2025-11-11T15:08:09Z,2014,2014-01-01,2014-12-31
9404834,TB_e_inc_num,COUNTRY,BEN,AFR,Africa,YEAR,2012,,,,,,,,,7500 [4400-16 000],7500,4400,16000,,2025-11-11T15:08:09Z,2012,2012-01-01,2012-12-31
9405335,TB_e_inc_num,COUNTRY,KEN,AFR,Africa,YEAR,2013,,,,,,,,,199 000 [82 000-367 000],199000,82000,367000,,2025-11-11T15:08:09Z,2013,2013-01-01,2013-12-31
9408478,TB_e_inc_num,COUNTRY,JOR,EMR,Eastern Mediterranean,YEAR,2018,,,,,,,,,590 [480-710],590,480,710,,2025-11-11T15:08:09Z,2018,2018-01-01,2018-12-31
9408892,TB_e_inc_num,COUNTRY,LKA,SEAR,South-East Asia,YEAR,2000,,,,,,,,,29 000 [11 000-191 000],29000,11000,191000,,2025-11-11T15:08:09Z,2000,2000-01-01,2000-12-31
9411209,TB_e_inc_num,COUNTRY,YEM,EMR,Eastern Mediterranean,YEAR,2002,,,,,,,,,16 000 [13 000-18 000],16000,13000,18000,,2025-11-11T15:08:09Z,2002,2002-01-01,2002-12-31
9415325,TB_e_inc_num,COUNTRY,KAZ,EUR,Europe,YEAR,2023,,,,,,,,,10 000 [8100-12 000],10000,8100,12000,,2025-11-11T15:08:09Z,2023,2023-01-01,2023-12-31
9416106,TB_e_inc_num,COUNTRY,MLT,EUR,Europe,YEAR,2020,,,,,,,,,140 [110-170],140,110,170,,2025-11-11T15:08:09Z,2020,2020-01-01,2020-12-31
9418315,TB_e_inc_num,COUNTRY,HUN,EUR,Europe,YEAR,2018,,,,,,,,,780 [630-940],780,630,940,,2025-11-11T15:08:09Z,2018,2018-01-01,2018-12-31
9418348,TB_e_inc_num,COUNTRY,SYR,EMR,Eastern Mediterranean,YEAR,2001,,,,,,,,,12 000 [10 000-15 000],12000,10000,15000,,2025-11-11T15:08:09Z,2001,2001-01-01,2001-12-31
9421542,TB_e_inc_num,COUNTRY,NPL,SEAR,South-East Asia,YEAR,2017,,,,,,,,,71 000 [41 000-108 000],71000,41000,108000,,2025-11-11T15:08:09Z,2017,2017-01-01,2017-12-31
9423558,TB_e_inc_num,COUNTRY,ECU,AMR,Americas,YEAR,2016,,,,,,,,,7000 [5700-8400],7000,5700,8400,,2025-11-11T15:08:09Z,2016,2016-01-01,2016-12-31
9424615,TB_e_inc_num,COUNTRY,PAN,AMR,Americas,YEAR,2023,,,,,,,,,2700 [2200-3300],2700,2200,3300,,2025-11-11T15:08:09Z,2023,2023-01-01,2023-12-31
9427591,TB_e_inc_num,COUNTRY,TZA,AFR,Africa,YEAR,2002,,,,,,,,,184 000 [38 000-441 000],184000,38000,441000,,2025-11-11T15:08:09Z,2002,2002-01-01,2002-12-31
9435249,TB_e_inc_num,COUNTRY,RUS,EUR,Europe,YEAR,2014,,,,,,,,,101 000 [53 000-165 000],101000,53000,165000,,2025-11-11T15:08:09Z,2014,2014-01-01,2014-12-31
9436090,TB_e_inc_num,COUNTRY,NIC,AMR,Americas,YEAR,2006,,,,,,,,,4100 [3300-4900],4100,3300,4900,,2025-11-11T15:08:09Z,2006,2006-01-01,2006-12-31
9437119,TB_e_inc_num,COUNTRY,WSM,WPR,Western Pacific,YEAR,2016,,,,,,,,,13 [11-16],13,11,16,,2025-11-11T15:08:09Z,2016,2016-01-01,2016-12-31
9441542,TB_e_inc_num,COUNTRY,GBR,EUR,Europe,YEAR,2003,,,,,,,,,8000 [7400-8600],8000,7400,8600,,2025-11-11T15:08:09Z,2003,2003-01-01,2003-12-31
9442115,TB_e_inc_num,COUNTRY,BLR,EUR,Europe,YEAR,2009,,,,,,,,,8200 [6700-9900],8200,6700,9900,,2025-11-11T15:08:09Z,2009,2009-01-01,2009-12-31
9443449,TB_e_inc_num,COUNTRY,NZL,WPR,Western Pacific,YEAR,2023,,,,,,,,,350 [280-420],350,280,420,,2025-11-11T15:08:09Z,2023,2023-01-01,2023-12-31
9448553,TB_e_inc_num,COUNTRY,NZL,WPR,Western Pacific,YEAR,2006,,,,,,,,,440 [350-530],440,350,530,,2025-11-11T15:08:09Z,2006,2006-01-01,2006-12-31
9448814,TB_e_inc_num,COUNTRY,CYP,EUR,Europe,YEAR,2003,,,,,,,,,64 [52-77],64,52,77,,2025-11-11T15:08:09Z,2003,2003-01-01,2003-12-31
9449040,TB_e_inc_num,COUNTRY,MMR,SEAR,South-East Asia,YEAR,2001,,,,,,,,,254 000 [89 000-503 000],254000,89000,503000,,2025-11-11T15:08:09Z,2001,2001-01-01,2001-12-31
9449148,TB_e_inc_num,COUNTRY,AUS,WPR,Western Pacific,YEAR,2002,,,,,,,,,1300 [1000-1500],1300,1000,1500,,2025-11-11T15:08:09Z,2002,2002-01-01,2002-12-31
9465625,TB_e_inc_num,COUNTRY,CHN,WPR,Western Pacific,YEAR,2002,,,,,,,,,1 290 000 [1 050 000-1 560 000],1290000,1050000,1560000,,2025-11-11T15:08:09Z,2002,2002-01-01,2002-12-31
9468208,TB_e_inc_num,COUNTRY,TJK,EUR,Europe,YEAR,2021,,,,,,,,,7600 [6000-9200],7600,6000,9200,,2025-11-11T15:08:09Z,2021,2021-01-01,2021-12-31
9472638,TB_e_inc_num,COUNTRY,PRT,EUR,Europe,YEAR,2016,,,,,,,,,2100 [1700-2500],2100,1700,2500,,2025-11-11T15:08:09Z,2016,2016-01-01,2016-12-31
9473558,TB_e_inc_num,COUNTRY,SWZ,AFR,Africa,YEAR,2008,,,,,,,,,15 000 [1100-47 000],15000,1100,47000,,2025-11-11T15:08:09Z,2008,2008-01-01,2008-12-31
9473941,TB_e_inc_num,COUNTRY,BLZ,AMR,Americas,YEAR,2011,,,,,,,,,120 [97-140],120,97,140,,2025-11-11T15:08:09Z,2011,2011-01-01,2011-12-31
9474789,TB_e_inc_num,COUNTRY,EST,EUR,Europe,YEAR,2007,,,,,,,,,750 [610-900],750,610,900,,2025-11-11T15:08:09Z,2007,2007-01-01,2007-12-31
9474946,TB_e_inc_num,COUNTRY,MHL,WPR,Western Pacific,YEAR,2020,,,,,,,,,250 [200-300],250,200,300,,2025-11-11T15:08:09Z,2020,2020-01-01,2020-12-31
9475385,TB_e_inc_num,GLOBAL,GLOBAL,,,YEAR,2002,,,,,,,,,11 900 000 [9 100 000-15 200 000],11900000,9100000,15200000,,2025-11-11T15:08:09Z,2002,2002-01-01,2002-12-31
9479377,TB_e_inc_num,COUNTRY,PAK,EMR,Eastern Mediterranean,YEAR,2017,,,,,,,,,595 000 [420 000-801 000],595000,420000,801000,,2025-11-11T15:08:09Z,2017,2017-01-01,2017-12-31
9479681,TB_e_inc_num,COUNTRY,MAC,,,YEAR,2005,,,,,,,,,850 [690-1000],850,690,1000,,2025-11-11T15:08:09Z,2005,2005-01-01,2005-12-31
9484504,TB_e_inc_num,COUNTRY,AUS,WPR,Western Pacific,YEAR,2004,,,,,,,,,1300 [1100-1600],1300,1100,1600,,2025-11-11T15:08:09Z,2004,2004-01-01,2004-12-31
9487901,TB_e_inc_num,COUNTRY,VEN,AMR,Americas,YEAR,2019,,,,,,,,,14 000 [11 000-17 000],14000,11000,17000,,2025-11-11T15:08:09Z,2019,2019-01-01,2019-12-31
9493984,TB_e_inc_num,COUNTRY,SOM,EMR,Eastern Mediterranean,YEAR,2011,,,,,,,,,25 000 [14 000-53 000],25000,14000,53000,,2025-11-11T15:08:09Z,2011,2011-01-01,2011-12-31
9494180,TB_e_inc_num,COUNTRY,VUT,WPR,Western Pacific,YEAR,2004,,,,,,,,,380 [160-2200],380,160,2200,,2025-11-11T15:08:09Z,2004,2004-01-01,2004-12-31
9498237,TB_e_inc_num,COUNTRY,FRA,EUR,Europe,YEAR,2015,,,,,,,,,5400 [5200-5700],5400,5200,5700,,2025-11-11T15:08:09Z,2015,2015-01-01,2015-12-31
9498763,TB_e_inc_num,COUNTRY,AZE,EUR,Europe,YEAR,2018,,,,,,,,,7800 [6400-9500],7800,6400,9500,,2025-11-11T15:08:09Z,2018,2018-01-01,2018-12-31
9500847,TB_e_inc_num,COUNTRY,LVA,EUR,Europe,YEAR,2000,,,,,,,,,4600 [3800-5600],4600,3800,5600,,2025-11-11T15:08:09Z,2000,2000-01-01,2000-12-31
9504501,TB_e_inc_num,COUNTRY,MKD,EUR,Europe,YEAR,2007,,,,,,,,,930 [760-1100],930,760,1100,,2025-11-11T15:08:09Z,2007,2007-01-01,2007-12-31
9512965,TB_e_inc_num,COUNTRY,SDN,EMR,Eastern Mediterranean,YEAR,2008,,,,,,,,,49 000 [15 000-104 000],49000,15000,104000,,2025-11-11T15:08:09Z,2008,2008-01-01,2008-12-31
9513224,TB_e_inc_num,COUNTRY,GAB,AFR,Africa,YEAR,2005,,,,,,,,,5500 [3300-11 000],5500,3300,11000,,2025-11-11T15:08:09Z,2005,2005-01-01,2005-12-31
9516553,TB_e_inc_num,COUNTRY,NER,AFR,Africa,YEAR,2000,,,,,,,,,9500 [4700-28 000],9500,4700,28000,,2025-11-11T15:08:09Z,2000,2000-01-01,2000-12-31
9516666,TB_e_inc_num,COUNTRY,GIN,AFR,Africa,YEAR,2002,,,,,,,,,12 000 [6500-33 000],12000,6500,33000,,2025-11-11T15:08:09Z,2002,2002-01-01,2002-12-31
9517012,TB_e_inc_num,COUNTRY,COL,AMR,Americas,YEAR,2018,,,,,,,,,17 000 [14 000-20 000],17000,14000,20000,,2025-11-11T15:08:09Z,2018,2018-01-01,2018-12-31
9517875,TB_e_inc_num,COUNTRY,DOM,AMR,Americas,YEAR,2006,,,,,,,,,8600 [7000-10 000],8600,7000,10000,,2025-11-11T15:08:09Z,2006,2006-01-01,2006-12-31
9528654,TB_e_inc_num,COUNTRY,DJI,EMR,Eastern Mediterranean,YEAR,2004,,,,,,,,,13 000 [10 000-15 000],13000,10000,15000,,2025-11-11T15:08:09Z,2004,2004-01-01,2004-12-31
9536334,TB_e_inc_num,COUNTRY,BFA,AFR,Africa,YEAR,2008,,,,,,,,,12 000 [7400-23 000],12000,7400,23000,,2025-11-11T15:08:09Z,2008,2008-01-01,2008-12-31
9537830,TB_e_inc_num,COUNTRY,PSE,EMR,Eastern Mediterranean,YEAR,2023,,,,,,,,,22 [18-26],22,18,26,,2025-11-11T15:08:09Z,2023,2023-01-01,2023-12-31
9538174,TB_e_inc_num,WORLDBANKINCOMEGROUP,WB_LI,,,YEAR,2006,,,,,,,,,1 030 000 [805 000-1 290 000],1030000,805000,1290000,,2025-11-11T15:08:09Z,2006,2006-01-01,2006-12-31
9543714,TB_e_inc_num,REGION,AFR,,,YEAR,2013,,,,,,,,,2 970 000 [2 470 000-3 520 000],2970000,2470000,3520000,,2025-11-11T15:08:09Z,2013,2013-01-01,2013-12-31
9548011,TB_e_inc_num,COUNTRY,YEM,EMR,Eastern Mediterranean,YEAR,2000,,,,,,,,,18 000 [16 000-21 000],18000,16000,21000,,2025-11-11T15:08:09Z,2000,2000-01-01,2000-12-31
9554558,TB_e_inc_num,COUNTRY,STP,AFR,Africa,YEAR,2019,,,,,,,,,230 [190-280],230,190,280,,2025-11-11T15:08:09Z,2019,2019-01-01,2019-12-31
9555263,TB_e_inc_num,COUNTRY,PNG,WPR,Western Pacific,YEAR,2023,,,,,,,,,67 000 [40 000-137 000],67000,40000,137000,,2025-11-11T15:08:09Z,2023,2023-01-01,2023-12-31
9557178,TB_e_inc_num,COUNTRY,CMR,AFR,Africa,YEAR,2022,,,,,,,,,40 000 [24 000-75 000],40000,24000,75000,,2025-11-11T15:08:09Z,2022,2022-01-01,2022-12-31
9560775,TB_e_inc_num,REGION,AFR,,,YEAR,2010,,,,,,,,,3 020 000 [2 480 000-3 600 000],3020000,2480000,3600000,,2025-11-11T15:08:09Z,2010,2010-01-01,2010-12-31
9560919,TB_e_inc_num,COUNTRY,CYP,EUR,Europe,YEAR,2010,,,,,,,,,90 [74-110],90,74,110,,2025-11-11T15:08:09Z,2010,2010-01-01,2010-12-31
9563387,TB_e_inc_num,WORLDBANKINCOMEGROUP,WB_LMI,,,YEAR,2023,,,,,,,,,6 520 000 [5 860 000-7 210 000],6520000,5860000,7210000,,2025-11-11T15:08:09Z,2023,2023-01-01,2023-12-31
9568576,TB_e_inc_num,COUNTRY,MEX,AMR,Americas,YEAR,2014,,,,,,,,,30 000 [25 000-36 000],30000,25000,36000,,2025-11-11T15:08:09Z,2014,2014-01-01,2014-12-31
9569399,TB_e_inc_num,COUNTRY,BLR,EUR,Europe,YEAR,2023,,,,,,,,,1700 [1400-2100],1700,1400,2100,,2025-11-11T15:08:09Z,2023,2023-01-01,2023-12-31
9569752,TB_e_inc_num,COUNTRY,LAO,WPR,Western Pacific,YEAR,2023,,,,,,,,,10 000 [6200-15 000],10000,6200,15000,,2025-11-11T15:08:09Z,2023,2023-01-01,2023-12-31
9581447,TB_e_inc_num,COUNTRY,HND,AMR,Americas,YEAR,2012,,,,,,,,,5100 [4200-6200],5100,4200,6200,,2025-11-11T15:08:09Z,2012,2012-01-01,2012-12-31
9581926,TB_e_inc_num,COUNTRY,GUY,AMR,Americas,YEAR,2024,,,,,,,,,550 [450-670],550,450,670,,2025-11-11T15:08:09Z,2024,2024-01-01,2024-12-31
9585953,TB_e_inc_num,COUNTRY,SGP,WPR,Western Pacific,YEAR,2003,,,,,,,,,2600 [2100-3200],2600,2100,3200,,2025-11-11T15:08:09Z,2003,2003-01-01,2003-12-31
9588009,TB_e_inc_num,COUNTRY,KOR,WPR,Western Pacific,YEAR,2005,,,,,,,,,46 000 [43 000-49 000],46000,43000,49000,,2025-11-11T15:08:09Z,2005,2005-01-01,2005-12-31
9588305,TB_e_inc_num,COUNTRY,BFA,AFR,Africa,YEAR,2001,,,,,,,,,11 000 [6900-21 000],11000,6900,21000,,2025-11-11T15:08:09Z,2001,2001-01-01,2001-12-31
9594198,TB_e_inc_num,COUNTRY,BWA,AFR,Africa,YEAR,2006,,,,,,,,,14 000 [8200-30 000],14000,8200,30000,,2025-11-11T15:08:09Z,2006,2006-01-01,2006-12-31
9594984,TB_e_inc_num,COUNTRY,NZL,WPR,Western Pacific,YEAR,2020,,,,,,,,,370 [300-450],370,300,450,,2025-11-11T15:08:09Z,2020,2020-01-01,2020-12-31
9598471,TB_e_inc_num,COUNTRY,EGY,EMR,Eastern Mediterranean,YEAR,2000,,,,,,,,,15 000 [12 000-19 000],15000,12000,19000,,2025-11-11T15:08:09Z,2000,2000-01-01,2000-12-31
9600659,TB_e_inc_num,COUNTRY,EGY,EMR,Eastern Mediterranean,YEAR,2003,,,,,,,,,15 000 [12 000-18 000],15000,12000,18000,,2025-11-11T15:08:09Z,2003,2003-01-01,2003-12-31
9601683,TB_e_inc_num,COUNTRY,NAM,AFR,Africa,YEAR,2002,,,,,,,,,22 000 [8800-42 000],22000,8800,42000,,2025-11-11T15:08:09Z,2002,2002-01-01,2002-12-31
9601943,TB_e_inc_num,COUNTRY,OMN,EMR,Eastern Mediterranean,YEAR,2016,,,,,,,,,510 [410-610],510,410,610,,2025-11-11T15:08:09Z,2016,2016-01-01,2016-12-31
9607098,TB_e_inc_num,COUNTRY,PAK,EMR,Eastern Mediterranean,YEAR,2022,,,,,,,,,671 000 [473 000-904 000],671000,473000,904000,,2025-11-11T15:08:09Z,2022,2022-01-01,2022-12-31
9608184,TB_e_inc_num,COUNTRY,GAB,AFR,Africa,YEAR,2000,,,,,,,,,4200 [2300-10 000],4200,2300,10000,,2025-11-11T15:08:09Z,2000,2000-01-01,2000-12-31
9612597,TB_e_inc_num,COUNTRY,CYP,EUR,Europe,YEAR,2016,,,,,,,,,72 [59-87],72,59,87,,2025-11-11T15:08:09Z,2016,2016-01-01,2016-12-31
9613394,TB_e_inc_num,COUNTRY,TUV,WPR,Western Pacific,YEAR,2006,,,,,,,,,9 [7-11],9,7,11,,2025-11-11T15:08:09Z,2006,2006-01-01,2006-12-31
9618195,TB_e_inc_num,COUNTRY,JOR,EMR,Eastern Mediterranean,YEAR,2024,,,,,,,,,400 [330-490],400,330,490,,2025-11-11T15:08:09Z,2024,2024-01-01,2024-12-31
9618518,TB_e_inc_num,COUNTRY,KOR,WPR,Western Pacific,YEAR,2020,,,,,,,,,25 000 [23 000-26 000],25000,23000,26000,,2025-11-11T15:08:09Z,2020,2020-01-01,2020-12-31
9620729,TB_e_inc_num,COUNTRY,MYS,WPR,Western Pacific,YEAR,2002,,,,,,,,,29 000 [24 000-35 000],29000,24000,35000,,2025-11-11T15:08:09Z,2002,2002-01-01,2002-12-31
9627620,TB_e_inc_num,COUNTRY,WSM,WPR,Western Pacific,YEAR,2008,,,,,,,,,12 [10-14],12,10,14,,2025-11-11T15:08:09Z,2008,2008-01-01,2008-12-31
9633953,TB_e_inc_num,COUNTRY,SMR,EUR,Europe,YEAR,2017,,,,,,,,,0 [0-0],0,0,0,,2025-11-11T15:08:09Z,2017,2017-01-01,2017-12-31
9639331,TB_e_inc_num,COUNTRY,LBN,EMR,Eastern Mediterranean,YEAR,2016,,,,,,,,,920 [750-1100],920,750,1100,,2025-11-11T15:08:09Z,2016,2016-01-01,2016-12-31
9643088,TB_e_inc_num,COUNTRY,MCO,EUR,Europe,YEAR,2017,,,,,,,,,0 [0-0],0,0,0,,2025-11-11T15:08:09Z,2017,2017-01-01,2017-12-31
9643337,TB_e_inc_num,COUNTRY,GMB,AFR,Africa,YEAR,2010,,,,,,,,,3400 [2100-5100],3400,2100,5100,,2025-11-11T15:08:09Z,2010,2010-01-01,2010-12-31
9645438,TB_e_inc_num,COUNTRY,SWE,EUR,Europe,YEAR,2004,,,,,,,,,590 [480-710],590,480,710,,2025-11-11T15:08:09Z,2004,2004-01-01,2004-12-31
9646144,TB_e_inc_num,COUNTRY,SDN,EMR,Eastern Mediterranean,YEAR,2018,,,,,,,,,32 000 [21 000-44 000],32000,21000,44000,,2025-11-11T15:08:09Z,2018,2018-01-01,2018-12-31
9651729,TB_e_inc_num,COUNTRY,PNG,WPR,Western Pacific,YEAR,2011,,,,,,,,,43 000 [23 000-97 000],43000,23000,97000,,2025-11-11T15:08:09Z,2011,2011-01-01,2011-12-31
9652395,TB_e_inc_num,COUNTRY,ZAF,AFR,Africa,YEAR,2015,,,,,,,,,561 000 [303 000-895 000],561000,303000,895000,,2025-11-11T15:08:09Z,2015,2015-01-01,2015-12-31
9656064,TB_e_inc_num,COUNTRY,CAN,AMR,Americas,YEAR,2002,,,,,,,,,2300 [1900-2800],2300,1900,2800,,2025-11-11T15:08:09Z,2002,2002-01-01,2002-12-31
9657518,TB_e_inc_num,COUNTRY,CRI,AMR,Americas,YEAR,2010,,,,,,,,,670 [550-810],670,550,810,,2025-11-11T15:08:09Z,2010,2010-01-01,2010-12-31
9664567,TB_e_inc_num,COUNTRY,BEN,AFR,Africa,YEAR,2023,,,,,,,,,5900 [3600-11 000],5900,3600,11000,,2025-11-11T15:08:09Z,2023,2023-01-01,2023-12-31
9668680,TB_e_inc_num,COUNTRY,NIC,AMR,Americas,YEAR,2021,,,,,,,,,3100 [2500-3700],3100,2500,3700,,2025-11-11T15:08:09Z,2021,2021-01-01,2021-12-31
9671102,TB_e_inc_num,COUNTRY,POL,EUR,Europe,YEAR,2005,,,,,,,,,12 000 [9700-14 000],12000,9700,14000,,2025-11-11T15:08:09Z,2005,2005-01-01,2005-12-31
9671481,TB_e_inc_num,WORLDBANKINCOMEGROUP,WB_HI,,,YEAR,2002,,,,,,,,,415 000 [327 000-514 000],415000,327000,514000,,2025-11-11T15:08:09Z,2002,2002-01-01,2002-12-31
9671524,TB_e_inc_num,COUNTRY,LTU,EUR,Europe,YEAR,2002,,,,,,,,,5400 [4400-6500],5400,4400,6500,,2025-11-11T15:08:09Z,2002,2002-01-01,2002-12-31
9676943,TB_e_inc_num,COUNTRY,GAB,AFR,Africa,YEAR,2001,,,,,,,,,4400 [2400-10 000],4400,2400,10000,,2025-11-11T15:08:09Z,2001,2001-01-01,2001-12-31
9677250,TB_e_inc_num,REGION,EMR,,,YEAR,2021,,,,,,,,,887 000 [683 000-1 120 000],887000,683000,1120000,,2025-11-11T15:08:09Z,2021,2021-01-01,2021-12-31
9677983,TB_e_inc_num,COUNTRY,THA,SEAR,South-East Asia,YEAR,2013,,,,,,,,,119 000 [67 000-184 000],119000,67000,184000,,2025-11-11T15:08:09Z,2013,2013-01-01,2013-12-31
9681775,TB_e_inc_num,COUNTRY,GEO,EUR,Europe,YEAR,2003,,,,,,,,,8600 [7000-10 000],8600,7000,10000,,2025-11-11T15:08:09Z,2003,2003-01-01,2003-12-31
9683877,TB_e_inc_num,COUNTRY,IRL,EUR,Europe,YEAR,2000,,,,,,,,,540 [440-660],540,440,660,,2025-11-11T15:08:09Z,2000,2000-01-01,2000-12-31
9684478,TB_e_inc_num,COUNTRY,SWZ,AFR,Africa,YEAR,2002,,,,,,,,,12 000 [1800-31 000],12000,1800,31000,,2025-11-11T15:08:09Z,2002,2002-01-01,2002-12-31
9687288,TB_e_inc_num,COUNTRY,LSO,AFR,Africa,YEAR,2015,,,,,,,,,16 000 [9200-26 000],16000,9200,26000,,2025-11-11T15:08:09Z,2015,2015-01-01,2015-12-31
9687887,TB_e_inc_num,COUNTRY,TKM,EUR,Europe,YEAR,2003,,,,,,,,,8300 [6800-10 000],8300,6800,10000,,2025-11-11T15:08:09Z,2003,2003-01-01,2003-12-31
9690264,TB_e_inc_num,COUNTRY,LSO,AFR,Africa,YEAR,2017,,,,,,,,,15 000 [8900-22 000],15000,8900,22000,,2025-11-11T15:08:09Z,2017,2017-01-01,2017-12-31
9691042,TB_e_inc_num,COUNTRY,GUY,AMR,Americas,YEAR,2021,,,,,,,,,540 [440-650],540,440,650,,2025-11-11T15:08:09Z,2021,2021-01-01,2021-12-31
9694728,TB_e_inc_num,COUNTRY,ROU,EUR,Europe,YEAR,2002,,,,,,,,,44 000 [36 000-53 000],44000,36000,53000,,2025-11-11T15:08:09Z,2002,2002-01-01,2002-12-31
9700461,TB_e_inc_num,COUNTRY,SEN,AFR,Africa,YEAR,2023,,,,,,,,,24 000 [15 000-46 000],24000,15000,46000,,2025-11-11T15:08:09Z,2023,2023-01-01,2023-12-31
9701361,TB_e_inc_num,COUNTRY,SWE,EUR,Europe,YEAR,2007,,,,,,,,,600 [490-720],600,490,720,,2025-11-11T15:08:09Z,2007,2007-01-01,2007-12-31
9707793,TB_e_inc_num,REGION,EMR,,,YEAR,2010,,,,,,,,,822 000 [607 000-1 070 000],822000,607000,1070000,,2025-11-11T15:08:09Z,2010,2010-01-01,2010-12-31
9713074,TB_e_inc_num,COUNTRY,BLZ,AMR,Americas,YEAR,2016,,,,,,,,,180 [150-220],180,150,220,,2025-11-11T15:08:09Z,2016,2016-01-01,2016-12-31
9713547,TB_e_inc_num,COUNTRY,COD,AFR,Africa,YEAR,2023,,,,,,,,,407 000 [249 000-782 000],407000,249000,782000,,2025-11-11T15:08:09Z,2023,2023-01-01,2023-12-31
9713756,TB_e_inc_num,COUNTRY,ESP,EUR,Europe,YEAR,2006,,,,,,,,,11 000 [8700-13 000],11000,8700,13000,,2025-11-11T15:08:09Z,2006,2006-01-01,2006-12-31
9714816,TB_e_inc_num,COUNTRY,DEU,EUR,Europe,YEAR,2002,,,,,,,,,7600 [6900-8400],7600,6900,8400,,2025-11-11T15:08:09Z,2002,2002-01-01,2002-12-31
9716184,TB_e_inc_num,COUNTRY,ARG,AMR,Americas,YEAR,2013,,,,,,,,,12 000 [9400-14 000],12000,9400,14000,,2025-11-11T15:08:09Z,2013,2013-01-01,2013-12-31
9721041,TB_e_inc_num,COUNTRY,HTI,AMR,Americas,YEAR,2003,,,,,,,,,49 000 [40 000-59 000],49000,40000,59000,,2025-11-11T15:08:09Z,2003,2003-01-01,2003-12-31
9725484,TB_e_inc_num,COUNTRY,TJK,EUR,Europe,YEAR,2013,,,,,,,,,11 000 [9000-13 000],11000,9000,13000,,2025-11-11T15:08:09Z,2013,2013-01-01,2013-12-31
9739023,TB_e_inc_num,COUNTRY,PRI,AMR,Americas,YEAR,2002,,,,,,,,,250 [200-300],250,200,300,,2025-11-11T15:08:09Z,2002,2002-01-01,2002-12-31
9744709,TB_e_inc_num,REGION,EMR,,,YEAR,2020,,,,,,,,,847 000 [657 000-1 060 000],847000,657000,1060000,,2025-11-11T15:08:09Z,2020,2020-01-01,2020-12-31
9747509,TB_e_inc_num,COUNTRY,SLB,WPR,Western Pacific,YEAR,2017,,,,,,,,,850 [690-1000],850,690,1000,,2025-11-11T15:08:09Z,2017,2017-01-01,2017-12-31
9758147,TB_e_inc_num,COUNTRY,MAR,EMR,Eastern Mediterranean,YEAR,2002,,,,,,,,,34 000 [27 000-40 000],34000,27000,40000,,2025-11-11T15:08:09Z,2002,2002-01-01,2002-12-31
9759262,TB_e_inc_num,COUNTRY,TCD,AFR,Africa,YEAR,2010,,,,,,,,,20 000 [11 000-46 000],20000,11000,46000,,2025-11-11T15:08:09Z,2010,2010-01-01,2010-12-31
9760542,TB_e_inc_num,COUNTRY,DEU,EUR,Europe,YEAR,2018,,,,,,,,,5800 [5200-6400],5800,5200,6400,,2025-11-11T15:08:09Z,2018,2018-01-01,2018-12-31
9764289,TB_e_inc_num,COUNTRY,WSM,WPR,Western Pacific,YEAR,2003,,,,,,,,,27 [22-33],27,22,33,,2025-11-11T15:08:09Z,2003,2003-01-01,2003-12-31
9765283,TB_e_inc_num,COUNTRY,EGY,EMR,Eastern Mediterranean,YEAR,2020,,,,,,,,,12 000 [9600-15 000],12000,9600,15000,,2025-11-11T15:08:09Z,2020,2020-01-01,2020-12-31
9770190,TB_e_inc_num,COUNTRY,ALB,EUR,Europe,YEAR,2012,,,,,,,,,460 [370-550],460,370,550,,2025-11-11T15:08:09Z,2012,2012-01-01,2012-12-31
9770418,TB_e_inc_num,COUNTRY,BGD,SEAR,South-East Asia,YEAR,2015,,,,,,,,,353 000 [257 000-464 000],353000,257000,464000,,2025-11-11T15:08:09Z,2015,2015-01-01,2015-12-31
9773196,TB_e_inc_num,COUNTRY,LCA,AMR,Americas,YEAR,2017,,,,,,,,,11 [9-13],11,9,13,,2025-11-11T15:08:09Z,2017,2017-01-01,2017-12-31
9784089,TB_e_inc_num,COUNTRY,NLD,EUR,Europe,YEAR,2007,,,,,,,,,1100 [920-1200],1100,920,1200,,2025-11-11T15:08:09Z,2007,2007-01-01,2007-12-31
9792306,TB_e_inc_num,COUNTRY,NER,AFR,Africa,YEAR,2017,,,,,,,,,19 000 [11 000-38 000],19000,11000,38000,,2025-11-11T15:08:09Z,2017,2017-01-01,2017-12-31
9795173,TB_e_inc_num,COUNTRY,TUR,EUR,Europe,YEAR,2001,,,,,,,,,33 000 [26 000-39 000],33000,26000,39000,,2025-11-11T15:08:09Z,2001,2001-01-01,2001-12-31
9795461,TB_e_inc_num,COUNTRY,QAT,EMR,Eastern Mediterranean,YEAR,2013,,,,,,,,,870 [710-1100],870,710,1100,,2025-11-11T15:08:09Z,2013,2013-01-01,2013-12-31
9797304,TB_e_inc_num,COUNTRY,TON,WPR,Western Pacific,YEAR,2020,,,,,,,,,8 [7-10],8,7,10,,2025-11-11T15:08:09Z,2020,2020-01-01,2020-12-31
9797748,TB_e_inc_num,COUNTRY,LVA,EUR,Europe,YEAR,2003,,,,,,,,,3600 [2900-4300],3600,2900,4300,,2025-11-11T15:08:09Z,2003,2003-01-01,2003-12-31
9798294,TB_e_inc_num,COUNTRY,SAU,EMR,Eastern Mediterranean,YEAR,2022,,,,,,,,,2800 [2600-3100],2800,2600,3100,,2025-11-11T15:08:09Z,2022,2022-01-01,2022-12-31
9798670,TB_e_inc_num,COUNTRY,CMR,AFR,Africa,YEAR,2015,,,,,,,,,49 000 [29 000-99 000],49000,29000,99000,,2025-11-11T15:08:09Z,2015,2015-01-01,2015-12-31
9801440,TB_e_inc_num,COUNTRY,CZE,EUR,Europe,YEAR,2003,,,,,,,,,1500 [1200-1800],1500,1200,1800,,2025-11-11T15:08:09Z,2003,2003-01-01,2003-12-31
9803731,TB_e_inc_num,COUNTRY,AZE,EUR,Europe,YEAR,2019,,,,,,,,,7300 [6000-8800],7300,6000,8800,,2025-11-11T15:08:09Z,2019,2019-01-01,2019-12-31
9809768,TB_e_inc_num,COUNTRY,MNE,EUR,Europe,YEAR,2015,,,,,,,,,120 [97-140],120,97,140,,2025-11-11T15:08:09Z,2015,2015-01-01,2015-12-31
9810953,TB_e_inc_num,COUNTRY,AZE,EUR,Europe,YEAR,2005,,,,,,,,,20 000 [17 000-25 000],20000,17000,25000,,2025-11-11T15:08:09Z,2005,2005-01-01,2005-12-31
9813882,TB_e_inc_num,COUNTRY,MDV,SEAR,South-East Asia,YEAR,2019,,,,,,,,,230 [190-280],230,190,280,,2025-11-11T15:08:09Z,2019,2019-01-01,2019-12-31
9815638,TB_e_inc_num,COUNTRY,NOR,EUR,Europe,YEAR,2003,,,,,,,,,430 [350-520],430,350,520,,2025-11-11T15:08:09Z,2003,2003-01-01,2003-12-31
9816746,TB_e_inc_num,REGION,WPR,,,YEAR,2001,,,,,,,,,3 170 000 [2 760 000-3 610 000],3170000,2760000,3610000,,2025-11-11T15:08:09Z,2001,2001-01-01,2001-12-31
9817239,TB_e_inc_num,COUNTRY,COG,AFR,Africa,YEAR,2008,,,,,,,,,18 000 [10 000-41 000],18000,10000,41000,,2025-11-11T15:08:09Z,2008,2008-01-01,2008-12-31
9821652,TB_e_inc_num,COUNTRY,BRN,WPR,Western Pacific,YEAR,2013,,,,,,,,,300 [240-360],300,240,360,,2025-11-11T15:08:09Z,2013,2013-01-01,2013-12-31
9833408,TB_e_inc_num,COUNTRY,VEN,AMR,Americas,YEAR,2000,,,,,,,,,15 000 [12 000-18 000],15000,12000,18000,,2025-11-11T15:08:09Z,2000,2000-01-01,2000-12-31
9839460,TB_e_inc_num,COUNTRY,LBN,EMR,Eastern Mediterranean,YEAR,2013,,,,,,,,,1000 [830-1200],1000,830,1200,,2025-11-11T15:08:09Z,2013,2013-01-01,2013-12-31
9840525,TB_e_inc_num,COUNTRY,MKD,EUR,Europe,YEAR,2011,,,,,,,,,530 [430-640],530,430,640,,2025-11-11T15:08:09Z,2011,2011-01-01,2011-12-31
9841365,TB_e_inc_num,COUNTRY,KNA,AMR,Americas,YEAR,2020,,,,,,,,,2 [2-2],2,2,2,,2025-11-11T15:08:09Z,2020,2020-01-01,2020-12-31
9842549,TB_e_inc_num,COUNTRY,COL,AMR,Americas,YEAR,2008,,,,,,,,,19 000 [15 000-23 000],19000,15000,23000,,2025-11-11T15:08:09Z,2008,2008-01-01,2008-12-31
9846393,TB_e_inc_num,COUNTRY,AFG,EMR,Eastern Mediterranean,YEAR,2024,,,,,,,,,87 000 [50 000-171 000],87000,50000,171000,,2025-11-11T15:08:09Z,2024,2024-01-01,2024-12-31
9851992,TB_e_inc_num,COUNTRY,BLZ,AMR,Americas,YEAR,2014,,,,,,,,,110 [89-130],110,89,130,,2025-11-11T15:08:09Z,2014,2014-01-01,2014-12-31
9852986,TB_e_inc_num,COUNTRY,STP,AFR,Africa,YEAR,2010,,,,,,,,,280 [230-340],280,230,340,,2025-11-11T15:08:09Z,2010,2010-01-01,2010-12-31
9861511,TB_e_inc_num,COUNTRY,PRY,AMR,Americas,YEAR,2007,,,,,,,,,4000 [3200-4800],4000,3200,4800,,2025-11-11T15:08:09Z,2007,2007-01-01,2007-12-31
9870743,TB_e_inc_num,COUNTRY,NPL,SEAR,South-East Asia,YEAR,2018,,,,,,,,,69 000 [41 000-104 000],69000,41000,104000,,2025-11-11T15:08:09Z,2018,2018-01-01,2018-12-31
9872383,TB_e_inc_num,COUNTRY,ZMB,AFR,Africa,YEAR,2018,,,,,,,,,62 000 [40 000-90 000],62000,40000,90000,,2025-11-11T15:08:09Z,2018,2018-01-01,2018-12-31
9873388,TB_e_inc_num,COUNTRY,AFG,EMR,Eastern Mediterranean,YEAR,2022,,,,,,,,,84 000 [48 000-163 000],84000,48000,163000,,2025-11-11T15:08:09Z,2022,2022-01-01,2022-12-31
9874278,TB_e_inc_num,COUNTRY,VNM,WPR,Western Pacific,YEAR,2024,,,,,,,,,184 000 [113 000-267 000],184000,113000,267000,,2025-11-11T15:08:09Z,2024,2024-01-01,2024-12-31
9877058,TB_e_inc_num,COUNTRY,NAM,AFR,Africa,YEAR,2010,,,,,,,,,19 000 [9700-31 000],19000,9700,31000,,2025-11-11T15:08:09Z,2010,2010-01-01,2010-12-31
9877435,TB_e_inc_num,COUNTRY,SLV,AMR,Americas,YEAR,2004,,,,,,,,,2500 [2000-3000],2500,2000,3000,,2025-11-11T15:08:09Z,2004,2004-01-01,2004-12-31
9879083,TB_e_inc_num,COUNTRY,QAT,EMR,Eastern Mediterranean,YEAR,2015,,,,,,,,,740 [610-900],740,610,900,,2025-11-11T15:08:09Z,2015,2015-01-01,2015-12-31
9883340,TB_e_inc_num,COUNTRY,COG,AFR,Africa,YEAR,2000,,,,,,,,,18 000 [9300-48 000],18000,9300,48000,,2025-11-11T15:08:09Z,2000,2000-01-01,2000-12-31
9892089,TB_e_inc_num,COUNTRY,DEU,EUR,Europe,YEAR,2021,,,,,,,,,4200 [3800-4600],4200,3800,4600,,2025-11-11T15:08:09Z,2021,2021-01-01,2021-12-31
9892244,TB_e_inc_num,COUNTRY,HKG,,,YEAR,2003,,,,,,,,,13 000 [11 000-16 000],13000,11000,16000,,2025-11-11T15:08:09Z,2003,2003-01-01,2003-12-31
9898664,TB_e_inc_num,COUNTRY,SDN,EMR,Eastern Mediterranean,YEAR,2015,,,,,,,,,35 000 [18 000-59 000],35000,18000,59000,,2025-11-11T15:08:09Z,2015,2015-01-01,2015-12-31
9903965,TB_e_inc_num,COUNTRY,FJI,WPR,Western Pacific,YEAR,2010,,,,,,,,,380 [310-460],380,310,460,,2025-11-11T15:08:09Z,2010,2010-01-01,2010-12-31
9905451,TB_e_inc_num,COUNTRY,BIH,EUR,Europe,YEAR,2007,,,,,,,,,4000 [3200-4800],4000,3200,4800,,2025-11-11T15:08:09Z,2007,2007-01-01,2007-12-31
9915497,TB_e_inc_num,COUNTRY,PHL,WPR,Western Pacific,YEAR,2012,,,,,,,,,540 000 [303 000-844 000],540000,303000,844000,,2025-11-11T15:08:09Z,2012,2012-01-01,2012-12-31
9918416,TB_e_inc_num,COUNTRY,SYR,EMR,Eastern Mediterranean,YEAR,2007,,,,,,,,,8500 [6900-10 000],8500,6900,10000,,2025-11-11T15:08:09Z,2007,2007-01-01,2007-12-31
9922743,TB_e_inc_num,COUNTRY,COD,AFR,Africa,YEAR,2008,,,,,,,,,335 000 [205 000-644 000],335000,205000,644000,,2025-11-11T15:08:09Z,2008,2008-01-01,2008-12-31
9922945,TB_e_inc_num,COUNTRY,TLS,SEAR,South-East Asia,YEAR,2011,,,,,,,,,6900 [4000-14 000],6900,4000,14000,,2025-11-11T15:08:09Z,2011,2011-01-01,2011-12-31
9934306,TB_e_inc_num,COUNTRY,CYP,EUR,Europe,YEAR,2008,,,,,,,,,73 [59-88],73,59,88,,2025-11-11T15:08:09Z,2008,2008-01-01,2008-12-31
9937618,TB_e_inc_num,COUNTRY,DEU,EUR,Europe,YEAR,2010,,,,,,,,,4500 [4000-4900],4500,4000,4900,,2025-11-11T15:08:09Z,2010,2010-01-01,2010-12-31
9947562,TB_e_inc_num,COUNTRY,GNB,AFR,Africa,YEAR,2000,,,,,,,,,2500 [1300-7000],2500,1300,7000,,2025-11-11T15:08:09Z,2000,2000-01-01,2000-12-31
9949589,TB_e_inc_num,COUNTRY,MCO,EUR,Europe,YEAR,2022,,,,,,,,,0 [0-0],0,0,0,,2025-11-11T15:08:09Z,2022,2022-01-01,2022-12-31
9954048,TB_e_inc_num,COUNTRY,PHL,WPR,Western Pacific,YEAR,2006,,,,,,,,,474 000 [266 000-741 000],474000,266000,741000,,2025-11-11T15:08:09Z,2006,2006-01-01,2006-12-31
9955045,TB_e_inc_num,COUNTRY,HTI,AMR,Americas,YEAR,2013,,,,,,,,,36 000 [29 000-44 000],36000,29000,44000,,2025-11-11T15:08:09Z,2013,2013-01-01,2013-12-31
9959796,TB_e_inc_num,COUNTRY,CZE,EUR,Europe,YEAR,2010,,,,,,,,,800 [650-960],800,650,960,,2025-11-11T15:08:09Z,2010,2010-01-01,2010-12-31
9961292,TB_e_inc_num,COUNTRY,CAF,AFR,Africa,YEAR,2021,,,,,,,,,23 000 [14 000-43 000],23000,14000,43000,,2025-11-11T15:08:09Z,2021,2021-01-01,2021-12-31
9962285,TB_e_inc_num,COUNTRY,ECU,AMR,Americas,YEAR,2014,,,,,,,,,7100 [5800-8500],7100,5800,8500,,2025-11-11T15:08:09Z,2014,2014-01-01,2014-12-31
9966772,TB_e_inc_num,COUNTRY,SYC,AFR,Africa,YEAR,2016,,,,,,,,,12 [10-14],12,10,14,,2025-11-11T15:08:09Z,2016,2016-01-01,2016-12-31
9967900,TB_e_inc_num,COUNTRY,BRB,AMR,Americas,YEAR,2000,,,,,,,,,3 [2-4],3,2,4,,2025-11-11T15:08:09Z,2000,2000-01-01,2000-12-31
9968074,TB_e_inc_num,COUNTRY,GTM,AMR,Americas,YEAR,2018,,,,,,,,,4000 [3300-4800],4000,3300,4800,,2025-11-11T15:08:09Z,2018,2018-01-01,2018-12-31
9973753,TB_e_inc_num,COUNTRY,PNG,WPR,Western Pacific,YEAR,2017,,,,,,,,,57 000 [33 000-119 000],57000,33000,119000,,2025-11-11T15:08:09Z,2017,2017-01-01,2017-12-31
9979953,TB_e_inc_num,REGION,AFR,,,YEAR,2020,,,,,,,,,2 630 000 [2 260 000-3 030 000],2630000,2260000,3030000,,2025-11-11T15:08:09Z,2020,2020-01-01,2020-12-31
9985404,TB_e_inc_num,COUNTRY,MNG,WPR,Western Pacific,YEAR,2023,,,,,,,,,15 000 [8300-24 000],15000,8300,24000,,2025-11-11T15:08:09Z,2023,2023-01-01,2023-12-31
9985622,TB_e_inc_num,COUNTRY,MNE,EUR,Europe,YEAR,2011,,,,,,,,,170 [140-210],170,140,210,,2025-11-11T15:08:09Z,2011,2011-01-01,2011-12-31
9987074,TB_e_inc_num,COUNTRY,BEL,EUR,Europe,YEAR,2002,,,,,,,,,1600 [1300-1900],1600,1300,1900,,2025-11-11T15:08:09Z,2002,2002-01-01,2002-12-31
9992031,TB_e_inc_num,COUNTRY,TKM,EUR,Europe,YEAR,2010,,,,,,,,,5000 [4100-6100],5000,4100,6100,,2025-11-11T15:08:09Z,2010,2010-01-01,2010-12-31
9992608,TB_e_inc_num,COUNTRY,YEM,EMR,Eastern Mediterranean,YEAR,2004,,,,,,,,,14 000 [11 000-16 000],14000,11000,16000,,2025-11-11T15:08:09Z,2004,2004-01-01,2004-12-31
9993102,TB_e_inc_num,COUNTRY,SAU,EMR,Eastern Mediterranean,YEAR,2013,,,,,,,,,3800 [3400-4200],3800,3400,4200,,2025-11-11T15:08:09Z,2013,2013-01-01,2013-12-31
9994302,TB_e_inc_num,COUNTRY,CMR,AFR,Africa,YEAR,2008,,,,,,,,,52 000 [30 000-111 000],52000,30000,111000,,2025-11-11T15:08:09Z,2008,2008-01-01,2008-12-31
9999255,TB_e_inc_num,COUNTRY,CHE,EUR,Europe,YEAR,2023,,,,,,,,,470 [390-570],470,390,570,,2025-11-11T15:08:09Z,2023,2023-01-01,2023-12-31
10003639,TB_e_inc_num,COUNTRY,KEN,AFR,Africa,YEAR,2001,,,,,,,,,158 000 [56 000-310 000],158000,56000,310000,,2025-11-11T15:08:09Z,2001,2001-01-01,2001-12-31
10004025,TB_e_inc_num,COUNTRY,ATG,AMR,Americas,YEAR,2013,,,,,,,,,10 [8-12],10,8,12,,2025-11-11T15:08:09Z,2013,2013-01-01,2013-12-31
10005728,TB_e_inc_num,COUNTRY,JAM,AMR,Americas,YEAR,2009,,,,,,,,,230 [190-280],230,190,280,,2025-11-11T15:08:09Z,2009,2009-01-01,2009-12-31
10011381,TB_e_inc_num,COUNTRY,PNG,WPR,Western Pacific,YEAR,2009,,,,,,,,,39 000 [20 000-89 000],39000,20000,89000,,2025-11-11T15:08:09Z,2009,2009-01-01,2009-12-31
10016853,TB_e_inc_num,COUNTRY,CUB,AMR,Americas,YEAR,2005,,,,,,,,,1200 [960-1400],1200,960,1400,,2025-11-11T15:08:09Z,2005,2005-01-01,2005-12-31
10018097,TB_e_inc_num,COUNTRY,BTN,SEAR,South-East Asia,YEAR,2015,,,,,,,,,2000 [1600-2400],2000,1600,2400,,2025-11-11T15:08:09Z,2015,2015-01-01,2015-12-31
10023848,TB_e_inc_num,COUNTRY,SRB,EUR,Europe,YEAR,2011,,,,,,,,,3400 [2800-4100],3400,2800,4100,,2025-11-11T15:08:09Z,2011,2011-01-01,2011-12-31
10028994,TB_e_inc_num,COUNTRY,LCA,AMR,Americas,YEAR,2010,,,,,,,,,9 [7-11],9,7,11,,2025-11-11T15:08:09Z,2010,2010-01-01,2010-12-31
10029106,TB_e_inc_num,COUNTRY,AND,EUR,Europe,YEAR,2001,,,,,,,,,10 [8-12],10,8,12,,2025-11-11T15:08:09Z,2001,2001-01-01,2001-12-31
10029156,TB_e_inc_num,COUNTRY,NIC,AMR,Americas,YEAR,2017,,,,,,,,,3200 [2600-3900],3200,2600,3900,,2025-11-11T15:08:09Z,2017,2017-01-01,2017-12-31
10029583,TB_e_inc_num,COUNTRY,VEN,AMR,Americas,YEAR,2013,,,,,,,,,9100 [7400-11 000],9100,7400,11000,,2025-11-11T15:08:09Z,2013,2013-01-01,2013-12-31
10030516,TB_e_inc_num,REGION,SEAR,,,YEAR,2024,,,,,,,,,3 680 000 [3 250 000-4 150 000],3680000,3250000,4150000,,2025-11-11T15:08:09Z,2024,2024-01-01,2024-12-31
10035278,TB_e_inc_num,COUNTRY,IRQ,EMR,Eastern Mediterranean,YEAR,2021,,,,,,,,,8800 [7100-11 000],8800,7100,11000,,2025-11-11T15:08:09Z,2021,2021-01-01,2021-12-31
10035637,TB_e_inc_num,COUNTRY,DZA,AFR,Africa,YEAR,2024,,,,,,,,,25 000 [20 000-30 000],25000,20000,30000,,2025-11-11T15:08:09Z,2024,2024-01-01,2024-12-31
10035731,TB_e_inc_num,COUNTRY,LBY,EMR,Eastern Mediterranean,YEAR,2019,,,,,,,,,2800 [1700-5300],2800,1700,5300,,2025-11-11T15:08:09Z,2019,2019-01-01,2019-12-31
10036572,TB_e_inc_num,COUNTRY,MMR,SEAR,South-East Asia,YEAR,2017,,,,,,,,,184 000 [114 000-271 000],184000,114000,271000,,2025-11-11T15:08:09Z,2017,2017-01-01,2017-12-31
10049292,TB_e_inc_num,COUNTRY,IND,SEAR,South-East Asia,YEAR,2019,,,,,,,,,2 810 000 [2 490 000-3 150 000],2810000,2490000,3150000,,2025-11-11T15:08:09Z,2019,2019-01-01,2019-12-31
10054319,TB_e_inc_num,COUNTRY,JAM,AMR,Americas,YEAR,2003,,,,,,,,,250 [200-300],250,200,300,,2025-11-11T15:08:09Z,2003,2003-01-01,2003-12-31
10063994,TB_e_inc_num,COUNTRY,NLD,EUR,Europe,YEAR,2012,,,,,,,,,1100 [910-1200],1100,910,1200,,2025-11-11T15:08:09Z,2012,2012-01-01,2012-12-31
10067909,TB_e_inc_num,COUNTRY,ALB,EUR,Europe,YEAR,2015,,,,,,,,,470 [380-560],470,380,560,,2025-11-11T15:08:09Z,2015,2015-01-01,2015-12-31
10069584,TB_e_inc_num,COUNTRY,SYR,EMR,Eastern Mediterranean,YEAR,2012,,,,,,,,,5500 [4400-6600],5500,4400,6600,,2025-11-11T15:08:09Z,2012,2012-01-01,2012-12-31
10070241,TB_e_inc_num,COUNTRY,ESP,EUR,Europe,YEAR,2021,,,,,,,,,3900 [3200-4700],3900,3200,4700,,2025-11-11T15:08:09Z,2021,2021-01-01,2021-12-31
10074367,TB_e_inc_num,COUNTRY,CRI,AMR,Americas,YEAR,2018,,,,,,,,,490 [400-600],490,400,600,,2025-11-11T15:08:09Z,2018,2018-01-01,2018-12-31
10076904,TB_e_inc_num,COUNTRY,RWA,AFR,Africa,YEAR,2023,,,,,,,,,8700 [6100-12 000],8700,6100,12000,,2025-11-11T15:08:09Z,2023,2023-01-01,2023-12-31
10080544,TB_e_inc_num,COUNTRY,YEM,EMR,Eastern Mediterranean,YEAR,2006,,,,,,,,,11 000 [9700-13 000],11000,9700,13000,,2025-11-11T15:08:09Z,2006,2006-01-01,2006-12-31
10105047,TB_e_inc_num,COUNTRY,CPV,AFR,Africa,YEAR,2020,,,,,,,,,290 [240-350],290,240,350,,2025-11-11T15:08:09Z,2020,2020-01-01,2020-12-31
10106126,TB_e_inc_num,COUNTRY,UGA,AFR,Africa,YEAR,2016,,,,,,,,,78 000 [46 000-119 000],78000,46000,119000,,2025-11-11T15:08:09Z,2016,2016-01-01,2016-12-31
10107035,TB_e_inc_num,COUNTRY,PNG,WPR,Western Pacific,YEAR,2024,,,,,,,,,70 000 [41 000-145 000],70000,41000,145000,,2025-11-11T15:08:09Z,2024,2024-01-01,2024-12-31
10108608,TB_e_inc_num,COUNTRY,MYS,WPR,Western Pacific,YEAR,2019,,,,,,,,,33 000 [27 000-40 000],33000,27000,40000,,2025-11-11T15:08:09Z,2019,2019-01-01,2019-12-31
10111567,TB_e_inc_num,COUNTRY,PSE,EMR,Eastern Mediterranean,YEAR,2017,,,,,,,,,43 [35-52],43,35,52,,2025-11-11T15:08:09Z,2017,2017-01-01,2017-12-31
10112573,TB_e_inc_num,COUNTRY,KWT,EMR,Eastern Mediterranean,YEAR,2007,,,,,,,,,860 [700-1000],860,700,1000,,2025-11-11T15:08:09Z,2007,2007-01-01,2007-12-31
10114742,TB_e_inc_num,COUNTRY,MDV,SEAR,South-East Asia,YEAR,2018,,,,,,,,,200 [160-240],200,160,240,,2025-11-11T15:08:09Z,2018,2018-01-01,2018-12-31
10114988,TB_e_inc_num,COUNTRY,HUN,EUR,Europe,YEAR,2001,,,,,,,,,4400 [3500-5200],4400,3500,5200,,2025-11-11T15:08:09Z,2001,2001-01-01,2001-12-31
10119709,TB_e_inc_num,COUNTRY,TCD,AFR,Africa,YEAR,2021,,,,,,,,,23 000 [14 000-43 000],23000,14000,43000,,2025-11-11T15:08:09Z,2021,2021-01-01,2021-12-31
10124358,TB_e_inc_num,COUNTRY,BEN,AFR,Africa,YEAR,2006,,,,,,,,,7300 [4100-17 000],7300,4100,17000,,2025-11-11T15:08:09Z,2006,2006-01-01,2006-12-31
10125288,TB_e_inc_num,COUNTRY,RUS,EUR,Europe,YEAR,2003,,,,,,,,,128 000 [55 000-232 000],128000,55000,232000,,2025-11-11T15:08:09Z,2003,2003-01-01,2003-12-31
10127263,TB_e_inc_num,COUNTRY,COK,WPR,Western Pacific,YEAR,2009,,,,,,,,,2 [2-2],2,2,2,,2025-11-11T15:08:09Z,2009,2009-01-01,2009-12-31
10132425,TB_e_inc_num,COUNTRY,CHN,WPR,Western Pacific,YEAR,2019,,,,,,,,,827 000 [673 000-997 000],827000,673000,997000,,2025-11-11T15:08:09Z,2019,2019-01-01,2019-12-31
10137264,TB_e_inc_num,COUNTRY,COK,WPR,Western Pacific,YEAR,2021,,,,,,,,,0 [0-0],0,0,0,,2025-11-11T15:08:09Z,2021,2021-01-01,2021-12-31
10137875,TB_e_inc_num,COUNTRY,ITA,EUR,Europe,YEAR,2022,,,,,,,,,2700 [2200-3300],2700,2200,3300,,2025-11-11T15:08:09Z,2022,2022-01-01,2022-12-31
10138329,TB_e_inc_num,COUNTRY,PRI,AMR,Americas,YEAR,2001,,,,,,,,,250 [200-300],250,200,300,,2025-11-11T15:08:09Z,2001,2001-01-01,2001-12-31
10139112,TB_e_inc_num,COUNTRY,ARE,EMR,Eastern Mediterranean,YEAR,2000,,,,,,,,,280 [230-340],280,230,340,,2025-11-11T15:08:09Z,2000,2000-01-01,2000-12-31
10140315,TB_e_inc_num,COUNTRY,BIH,EUR,Europe,YEAR,2005,,,,,,,,,3600 [2900-4300],3600,2900,4300,,2025-11-11T15:08:09Z,2005,2005-01-01,2005-12-31
10146339,TB_e_inc_num,COUNTRY,AFG,EMR,Eastern Mediterranean,YEAR,2005,,,,,,,,,58 000 [29 000-184 000],58000,29000,184000,,2025-11-11T15:08:09Z,2005,2005-01-01,2005-12-31
10146804,TB_e_inc_num,COUNTRY,STP,AFR,Africa,YEAR,2002,,,,,,,,,330 [270-400],330,270,400,,2025-11-11T15:08:09Z,2002,2002-01-01,2002-12-31
10149620,TB_e_inc_num,COUNTRY,GRD,AMR,Americas,YEAR,2021,,,,,,,,,2 [2-2],2,2,2,,2025-11-11T15:08:09Z,2021,2021-01-01,2021-12-31
10149800,TB_e_inc_num,COUNTRY,CZE,EUR,Europe,YEAR,2022,,,,,,,,,450 [370-540],450,370,540,,2025-11-11T15:08:09Z,2022,2022-01-01,2022-12-31
10151424,TB_e_inc_num,COUNTRY,VCT,AMR,Americas,YEAR,2000,,,,,,,,,16 [13-19],16,13,19,,2025-11-11T15:08:09Z,2000,2000-01-01,2000-12-31
10151854,TB_e_inc_num,COUNTRY,GRC,EUR,Europe,YEAR,2011,,,,,,,,,610 [500-740],610,500,740,,2025-11-11T15:08:09Z,2011,2011-01-01,2011-12-31
10151970,TB_e_inc_num,COUNTRY,PLW,WPR,Western Pacific,YEAR,2009,,,,,,,,,19 [15-23],19,15,23,,2025-11-11T15:08:09Z,2009,2009-01-01,2009-12-31
10153045,TB_e_inc_num,COUNTRY,BLZ,AMR,Americas,YEAR,2001,,,,,,,,,330 [270-390],330,270,390,,2025-11-11T15:08:09Z,2001,2001-01-01,2001-12-31
10158200,TB_e_inc_num,COUNTRY,CHN,WPR,Western Pacific,YEAR,2016,,,,,,,,,884 000 [719 000-1 070 000],884000,719000,1070000,,2025-11-11T15:08:09Z,2016,2016-01-01,2016-12-31
10161901,TB_e_inc_num,WORLDBANKINCOMEGROUP,WB_UMI,,,YEAR,2011,,,,,,,,,3 130 000 [2 750 000-3 540 000],3130000,2750000,3540000,,2025-11-11T15:08:09Z,2011,2011-01-01,2011-12-31
10168805,TB_e_inc_num,COUNTRY,TCD,AFR,Africa,YEAR,2000,,,,,,,,,10 000 [5200-31 000],10000,5200,31000,,2025-11-11T15:08:09Z,2000,2000-01-01,2000-12-31
10169636,TB_e_inc_num,COUNTRY,AFG,EMR,Eastern Mediterranean,YEAR,2004,,,,,,,,,54 000 [26 000-203 000],54000,26000,203000,,2025-11-11T15:08:09Z,2004,2004-01-01,2004-12-31
10170517,TB_e_inc_num,COUNTRY,BFA,AFR,Africa,YEAR,2018,,,,,,,,,13 000 [8100-25 000],13000,8100,25000,,2025-11-11T15:08:09Z,2018,2018-01-01,2018-12-31
10171459,TB_e_inc_num,COUNTRY,LVA,EUR,Europe,YEAR,2009,,,,,,,,,1600 [1300-2000],1600,1300,2000,,2025-11-11T15:08:09Z,2009,2009-01-01,2009-12-31
10174563,TB_e_inc_num,COUNTRY,NOR,EUR,Europe,YEAR,2005,,,,,,,,,340 [280-410],340,280,410,,2025-11-11T15:08:09Z,2005,2005-01-01,2005-12-31
10174749,TB_e_inc_num,COUNTRY,LBR,AFR,Africa,YEAR,2023,,,,,,,,,12 000 [7200-23 000],12000,7200,23000,,2025-11-11T15:08:09Z,2023,2023-01-01,2023-12-31
10176694,TB_e_inc_num,COUNTRY,DOM,AMR,Americas,YEAR,2023,,,,,,,,,5600 [4600-6800],5600,4600,6800,,2025-11-11T15:08:09Z,2023,2023-01-01,2023-12-31
10189035,TB_e_inc_num,COUNTRY,CRI,AMR,Americas,YEAR,2005,,,,,,,,,800 [650-960],800,650,960,,2025-11-11T15:08:09Z,2005,2005-01-01,2005-12-31
10190010,TB_e_inc_num,COUNTRY,RUS,EUR,Europe,YEAR,2007,,,,,,,,,129 000 [55 000-235 000],129000,55000,235000,,2025-11-11T15:08:09Z,2007,2007-01-01,2007-12-31
10190610,TB_e_inc_num,COUNTRY,ZWE,AFR,Africa,YEAR,2011,,,,,,,,,52 000 [27 000-86 000],52000,27000,86000,,2025-11-11T15:08:09Z,2011,2011-01-01,2011-12-31
10195944,TB_e_inc_num,COUNTRY,YEM,EMR,Eastern Mediterranean,YEAR,2021,,,,,,,,,13 000 [11 000-15 000],13000,11000,15000,,2025-11-11T15:08:09Z,2021,2021-01-01,2021-12-31
10197085,TB_e_inc_num,COUNTRY,SVK,EUR,Europe,YEAR,2015,,,,,,,,,380 [310-460],380,310,460,,2025-11-11T15:08:09Z,2015,2015-01-01,2015-12-31
10201019,TB_e_inc_num,COUNTRY,GNQ,AFR,Africa,YEAR,2005,,,,,,,,,2800 [1700-5400],2800,1700,5400,,2025-11-11T15:08:09Z,2005,2005-01-01,2005-12-31
10215490,TB_e_inc_num,COUNTRY,GMB,AFR,Africa,YEAR,2004,,,,,,,,,3100 [2400-3900],3100,2400,3900,,2025-11-11T15:08:09Z,2004,2004-01-01,2004-12-31
10219526,TB_e_inc_num,COUNTRY,SWE,EUR,Europe,YEAR,2023,,,,,,,,,400 [320-480],400,320,480,,2025-11-11T15:08:09Z,2023,2023-01-01,2023-12-31
10222216,TB_e_inc_num,COUNTRY,CYP,EUR,Europe,YEAR,2023,,,,,,,,,96 [78-120],96,78,120,,2025-11-11T15:08:09Z,2023,2023-01-01,2023-12-31
10228764,TB_e_inc_num,COUNTRY,NRU,WPR,Western Pacific,YEAR,2002,,,,,,,,,5 [4-6],5,4,6,,2025-11-11T15:08:09Z,2002,2002-01-01,2002-12-31
